2.96430e+05,3.15945e+05,2.78924e+05,3.20227e+05,2.73098e+05,3.13062e+05,3.22476e+05,3.22481e+05,3.02025e+05,2.96664e+05,3.12191e+05,2.90617e+05,3.03810e+05,3.05388e+05,3.26294e+05,3.18438e+05,3.02269e+05,3.06265e+05,3.02739e+05,3.08554e+05
6.93889e-18,6.93889e-18,6.93889e-18,6.93889e-18,6.93889e-18,6.93889e-18,6.93889e-18,6.93889e-18,6.93889e-18,6.93889e-18,6.93889e-18,6.93889e-18,6.93889e-18,6.93889e-18,6.93889e-18,6.93889e-18,6.93889e-18,6.93889e-18,6.93889e-18,6.93889e-18
2.42861e-17,5.20417e-18,4.85723e-17,3.46945e-17,3.81639e-17,1.73472e-17,3.46945e-17,2.08167e-17,3.12250e-17,1.90820e-17,2.42861e-17,1.90820e-17,2.77556e-17,2.42861e-17,3.46945e-18,4.00000e-09,4.16334e-17,2.25514e-17,6.24500e-17,1.21431e-17
4.16334e-17,1.56125e-17,6.93889e-17,1.95959e-09,4.16334e-17,5.89806e-17,3.46945e-17,2.77556e-17,4.51028e-17,2.60209e-17,5.89806e-17,1.73472e-17,4.85723e-17,1.73472e-17,3.46945e-17,3.46945e-18,1.04083e-17,2.42861e-17,1.38778e-16,3.12250e-17
6.24500e-17,1.21431e-17,1.38778e-17,4.16334e-17,1.38778e-16,6.24500e-17,2.08167e-17,1.38778e-17,1.38778e-17,4.16334e-17,4.16334e-17,0.00000e+00,2.42861e-17,4.85723e-17,2.42861e-17,4.00000e-09,8.32667e-17,2.42861e-17,6.93889e-17,1.38778e-17
1.38778e-17,1.90820e-17,6.93889e-17,3.91918e-09,2.35922e-16,2.77556e-17,4.85723e-17,2.08167e-17,1.38778e-17,8.32667e-17,1.38778e-17,1.90820e-17,4.85723e-17,4.85723e-17,1.73472e-17,4.00000e-09,6.24500e-17,2.42861e-17,1.11022e-16,6.24500e-17
4.16334e-17,1.73472e-17,1.94289e-16,3.91918e-09,2.35922e-16,6.93889e-18,1.24900e-16,6.93889e-18,6.24500e-17,8.32667e-17,2.08167e-17,2.25514e-17,6.93889e-17,2.08167e-17,2.42861e-17,1.60000e-08,6.93889e-18,4.85723e-17,1.94289e-16,2.77556e-17
4.16334e-17,0.00000e+00,1.94289e-16,5.87878e-09,1.94289e-16,8.32667e-17,0.00000e+00,7.63278e-17,1.24900e-16,1.66533e-16,6.24500e-17,1.73472e-17,6.93889e-18,1.38778e-17,0.00000e+00,1.24900e-16,0.00000e+00,1.04083e-16,2.22045e-16,3.46945e-17
1.38778e-17,2.08167e-17,5.55112e-17,2.74319e-08,3.33067e-16,1.24900e-16,1.38778e-16,6.93889e-18,1.66533e-16,1.11022e-16,4.16334e-17,1.04083e-17,8.32667e-17,2.08167e-16,1.04083e-17,8.32667e-17,0.00000e+00,6.93889e-18,8.32667e-17,8.32667e-17
4.16334e-17,4.16334e-17,4.16334e-16,5.89749e-08,1.38778e-16,4.16334e-17,1.52656e-16,4.85723e-17,4.16334e-17,7.77156e-16,2.77556e-17,2.08167e-17,9.71445e-17,1.66533e-16,2.77556e-17,4.00000e-08,4.85723e-17,6.93889e-18,1.66533e-16,4.16334e-17
6.93889e-17,3.46945e-17,1.38778e-16,1.83948e-07,2.77556e-16,1.24900e-16,6.93889e-17,1.11022e-16,1.38778e-17,3.33067e-16,9.71445e-17,3.81639e-17,6.93889e-18,1.38778e-17,2.77556e-17,4.00000e-08,6.24500e-17,9.71445e-17,2.49800e-16,9.71445e-17
4.16334e-17,6.93889e-17,8.32667e-17,4.78928e-07,2.22045e-16,2.22045e-16,1.38778e-17,9.71445e-17,1.24900e-16,6.10623e-16,1.38778e-17,2.77556e-17,2.08167e-17,1.24900e-16,4.16334e-17,4.00000e-08,9.02056e-17,9.71445e-17,6.10623e-16,9.71445e-17
1.66533e-16,9.71445e-17,1.11022e-16,6.51020e-07,3.33067e-16,1.66533e-16,1.38778e-17,1.52656e-16,6.93889e-17,4.48999e-08,1.24900e-16,4.16334e-17,5.55112e-17,8.32667e-17,2.77556e-17,4.00000e-08,5.55112e-17,1.94289e-16,3.33067e-16,1.80411e-16
1.11022e-16,0.00000e+00,1.11022e-16,6.50181e-07,3.33067e-16,3.60822e-16,5.55112e-17,6.93889e-17,8.32667e-17,8.97998e-08,1.80411e-16,4.85723e-17,5.55112e-17,2.77556e-16,6.93889e-17,5.55112e-17,6.24500e-17,1.38778e-17,3.88578e-16,1.94289e-16
8.32667e-17,1.11022e-16,1.66533e-16,6.14767e-07,2.77556e-16,2.22045e-16,1.80411e-16,1.52656e-16,1.38778e-16,2.69399e-07,1.11022e-16,6.93889e-18,1.11022e-16,3.05311e-16,6.24500e-17,5.55112e-17,1.24900e-16,8.32667e-17,6.10623e-16,2.77556e-16
0.00000e+00,1.38778e-16,1.94289e-16,6.84160e-07,4.44089e-16,3.33067e-16,1.38778e-16,0.00000e+00,2.49800e-16,4.93899e-07,6.93889e-17,2.77556e-17,9.71445e-17,1.94289e-16,3.46945e-17,8.32667e-17,0.00000e+00,2.22045e-16,2.22045e-16,1.66533e-16
3.33067e-16,3.60822e-16,2.22045e-16,8.40530e-07,6.10623e-16,3.33067e-16,2.22045e-16,1.11022e-16,8.32667e-17,7.18398e-07,1.38778e-16,2.08167e-17,6.93889e-18,3.05311e-16,1.04083e-16,4.44089e-16,1.11022e-16,2.22045e-16,7.77156e-16,1.38778e-16
4.44089e-16,3.88578e-16,1.38778e-16,8.83054e-07,5.55112e-16,6.10623e-16,3.05311e-16,1.11022e-16,2.77556e-17,9.87798e-07,4.16334e-17,6.24500e-17,4.16334e-17,4.71845e-16,1.11022e-16,5.27356e-16,2.22045e-16,5.55112e-17,7.21645e-16,4.44089e-16
7.77156e-16,2.49800e-16,3.33067e-16,9.65627e-07,3.88578e-16,5.55112e-16,2.77556e-16,2.77556e-17,2.49800e-16,1.21054e-06,1.24900e-16,4.16334e-17,4.16334e-17,2.22045e-16,7.63278e-17,5.55112e-16,1.66533e-16,0.00000e+00,4.44089e-16,2.77556e-17
7.77156e-16,2.77556e-17,1.11022e-16,9.32791e-07,3.88578e-16,5.55112e-17,1.11022e-16,8.32667e-17,4.44089e-16,1.39013e-06,6.93889e-17,4.16334e-17,0.00000e+00,2.77556e-16,8.32667e-17,3.60822e-16,0.00000e+00,8.32667e-17,1.11022e-16,5.55112e-17
7.77156e-16,2.77556e-16,1.52656e-16,8.51469e-07,3.88578e-16,2.77556e-16,1.66533e-16,1.38778e-16,1.11022e-16,1.47696e-06,6.93889e-17,9.71445e-17,1.94289e-16,6.66134e-16,8.32667e-17,6.10623e-16,8.32667e-17,5.55112e-17,5.55112e-17,8.32667e-17
4.44089e-16,2.77556e-16,1.38778e-17,9.82680e-07,5.55112e-16,0.00000e+00,2.22045e-16,1.52656e-16,4.44089e-16,1.48160e-06,1.38778e-17,0.00000e+00,1.94289e-16,0.00000e+00,9.71445e-17,3.88578e-16,4.16334e-17,1.94289e-16,0.00000e+00,3.33067e-16
9.99201e-16,1.38778e-16,2.08167e-16,1.48230e-06,6.10623e-16,5.55112e-17,3.88578e-16,9.71445e-17,3.88578e-16,1.45018e-06,6.93889e-17,3.60822e-16,2.77556e-17,3.33067e-16,4.16334e-17,4.99600e-16,1.66533e-16,1.80411e-16,6.66134e-16,2.22045e-16
0.00000e+00,1.66533e-16,2.08167e-16,2.12372e-06,8.88178e-16,2.77556e-17,2.22045e-16,1.94289e-16,5.55112e-16,1.29028e-06,1.38778e-17,3.33067e-16,8.32667e-17,3.33067e-16,1.24900e-16,9.43690e-16,2.77556e-17,2.08167e-16,9.99201e-16,0.00000e+00
1.22125e-15,1.38778e-16,1.80411e-16,2.42689e-06,5.55112e-16,3.33067e-16,1.38778e-16,4.16334e-17,3.88578e-16,1.09136e-06,2.35922e-16,5.55112e-17,2.49800e-16,4.99600e-16,0.00000e+00,2.77556e-16,0.00000e+00,1.80411e-16,1.11022e-15,6.10623e-16
1.11022e-15,1.66533e-16,4.16334e-17,2.49557e-06,2.77556e-16,4.99600e-16,8.32667e-17,5.55112e-17,3.88578e-16,6.89941e-07,1.11022e-16,4.44089e-16,3.88578e-16,1.11022e-16,1.52656e-16,9.99201e-16,1.94289e-16,2.49800e-16,5.55112e-16,5.55112e-16
1.11022e-16,2.49800e-16,4.16334e-17,2.75001e-06,0.00000e+00,2.77556e-17,3.05311e-16,9.71445e-17,4.44089e-16,5.01297e-07,1.38778e-16,4.44089e-16,0.00000e+00,7.21645e-16,6.93889e-17,3.88578e-16,2.77556e-17,4.16334e-17,6.66134e-16,6.10623e-16
0.00000e+00,1.11022e-16,1.66533e-16,2.92279e-06,4.44089e-16,3.33067e-16,1.66533e-16,1.38778e-16,7.21645e-16,1.34658e-06,1.66533e-16,6.10623e-16,5.55112e-16,7.77156e-16,2.22045e-16,6.66134e-16,3.33067e-16,2.77556e-17,0.00000e+00,3.88578e-16
9.99201e-16,5.55112e-17,9.71445e-17,2.72238e-06,3.33067e-16,2.77556e-17,0.00000e+00,1.66533e-16,5.55112e-16,2.60606e-06,6.93889e-17,6.10623e-16,3.88578e-16,3.33067e-16,6.93889e-17,4.44089e-16,2.77556e-16,1.52656e-16,7.77156e-16,6.10623e-16
6.66134e-16,1.66533e-16,9.71445e-17,2.23255e-06,7.21645e-16,1.38778e-16,2.77556e-16,1.52656e-16,6.66134e-16,4.99576e-06,2.77556e-17,4.44089e-16,7.21645e-16,3.33067e-16,2.49800e-16,4.99600e-16,1.94289e-16,1.38778e-17,1.11022e-15,6.10623e-16
2.22045e-16,4.16334e-16,1.38778e-16,2.34493e-06,5.55112e-17,1.38778e-16,1.11022e-16,1.66533e-16,7.21645e-16,5.16528e-06,4.16334e-17,4.99600e-16,1.66533e-16,5.55112e-16,3.05311e-16,7.77156e-16,1.66533e-16,1.38778e-16,1.22125e-15,8.32667e-16
1.11022e-15,5.55112e-17,1.38778e-16,2.78266e-06,3.88578e-16,1.11022e-16,3.05311e-16,1.24900e-16,4.44089e-16,5.15279e-06,9.71445e-17,1.11022e-16,2.77556e-16,0.00000e+00,2.77556e-16,1.95959e-08,2.22045e-16,3.05311e-16,3.33067e-16,3.88578e-16
1.44329e-15,1.11022e-16,4.16334e-17,3.16782e-06,1.94289e-16,2.22045e-16,4.71845e-16,5.55112e-17,2.22045e-16,5.59761e-06,9.71445e-17,7.77156e-16,2.22045e-16,0.00000e+00,3.88578e-16,2.17945e-08,4.71845e-16,1.66533e-16,7.77156e-16,0.00000e+00
4.44089e-16,3.33067e-16,9.71445e-17,3.90306e-06,3.05311e-16,1.11022e-16,5.55112e-17,1.94289e-16,4.44089e-16,5.10244e-06,1.66533e-16,4.07308e-08,3.33067e-16,6.10623e-16,1.66533e-16,1.70587e-08,8.32667e-17,1.94289e-16,1.22125e-15,4.44089e-16
1.44329e-15,1.94289e-16,6.93889e-17,4.82148e-06,3.33067e-16,3.88578e-16,2.77556e-17,1.66533e-16,1.16573e-15,4.57884e-06,1.11022e-16,1.11022e-15,2.22045e-16,8.32667e-16,3.33067e-16,5.49909e-08,6.10623e-16,2.49800e-16,0.00000e+00,5.55112e-16
7.77156e-16,3.33067e-16,8.32667e-17,5.19540e-06,2.22045e-16,5.55112e-17,1.94289e-16,0.00000e+00,1.11022e-15,4.29693e-06,8.32667e-17,6.66134e-16,1.66533e-16,6.10623e-16,2.77556e-16,3.61392e-07,4.73709e-08,8.32667e-17,1.11022e-16,7.21645e-16
1.22125e-15,2.77556e-17,1.24900e-16,5.52618e-06,2.49800e-16,3.60822e-16,2.77556e-16,2.22045e-16,7.77156e-16,4.68445e-06,1.24900e-16,2.22045e-16,8.32667e-16,6.66134e-16,4.16334e-16,2.24242e-06,2.35550e-07,2.77556e-16,9.99201e-16,1.33227e-15
9.99201e-16,4.71845e-16,1.24900e-16,6.08258e-06,2.77556e-17,4.16334e-16,1.94289e-16,1.66533e-16,7.21645e-16,6.60287e-06,1.66533e-16,1.11022e-16,6.10623e-16,9.99201e-16,3.33067e-16,3.20417e-06,6.69223e-07,3.33067e-16,9.99201e-16,1.11022e-15
3.33067e-16,2.22045e-16,5.55112e-17,6.98922e-06,3.60822e-16,1.11022e-16,3.05311e-16,2.49800e-16,1.22125e-15,9.47866e-06,5.55112e-17,2.22045e-16,1.11022e-15,1.05471e-15,7.21645e-16,3.78345e-06,1.15075e-06,5.55112e-17,0.00000e+00,6.66134e-16
1.44329e-15,2.77556e-17,9.71445e-17,8.39746e-06,4.71845e-16,4.16334e-16,0.00000e+00,3.60822e-16,6.66134e-16,1.33135e-05,1.11022e-16,9.99201e-16,1.11022e-15,5.55112e-16,3.88578e-16,4.82536e-06,1.47291e-06,2.77556e-17,5.55112e-16,1.33227e-15
6.66134e-16,4.99600e-16,1.52656e-16,8.15038e-06,3.33067e-16,2.22045e-16,3.33067e-16,3.60822e-16,8.88178e-16,1.15371e-05,2.22045e-16,4.43959e-08,3.33067e-16,5.55112e-17,9.43690e-16,5.95473e-06,1.46853e-06,3.05311e-16,5.55112e-16,8.88178e-16
1.22125e-15,4.99600e-16,1.38778e-16,8.11569e-06,4.16334e-16,1.66533e-16,2.77556e-17,1.11022e-16,9.99201e-16,1.04420e-05,9.71445e-17,7.77156e-16,8.88178e-16,5.55112e-16,6.10623e-16,6.47803e-06,1.62300e-06,8.32667e-17,8.88178e-16,3.33067e-16
1.22125e-15,3.33067e-16,6.93889e-17,8.29888e-06,1.11022e-16,0.00000e+00,2.77556e-16,8.32667e-17,1.11022e-15,9.03370e-06,8.32667e-17,1.70587e-08,6.66134e-16,2.22045e-16,1.66533e-16,6.28062e-06,1.83423e-06,5.55112e-17,6.66134e-16,8.88178e-16
7.77156e-16,3.33067e-16,9.71445e-17,8.66562e-06,3.05311e-16,6.66134e-16,3.88578e-16,4.99600e-16,4.44089e-16,7.06254e-06,8.32667e-17,1.11022e-15,1.22125e-15,1.11022e-16,8.32667e-16,4.56933e-06,2.33775e-06,5.55112e-17,1.33227e-15,1.22125e-15
5.55112e-16,3.88578e-16,1.38778e-17,8.34427e-06,1.94289e-16,8.32667e-16,2.77556e-16,2.77556e-16,1.11022e-16,8.24497e-06,5.55112e-17,2.66454e-15,5.55112e-16,8.88178e-16,0.00000e+00,5.21022e-06,2.71433e-06,2.22045e-16,1.11022e-16,9.99201e-16
1.22125e-15,2.77556e-16,0.00000e+00,7.96688e-06,8.32667e-17,4.44089e-16,3.88578e-16,4.99600e-16,7.77156e-16,1.17793e-05,1.38778e-16,6.66134e-16,3.33067e-16,6.66134e-16,6.66134e-16,4.94373e-06,4.37663e-06,8.32667e-17,4.44089e-16,2.44249e-15
8.88178e-16,5.55112e-16,1.66533e-16,1.01666e-05,2.22045e-16,4.44089e-16,6.66134e-16,5.55112e-16,4.44089e-16,1.33551e-05,1.66533e-16,1.77636e-15,8.88178e-16,7.77156e-16,4.44089e-16,6.31874e-06,8.82519e-06,3.05311e-16,4.44089e-16,1.11022e-15
6.66134e-16,7.77156e-16,5.55112e-17,1.09821e-05,2.77556e-17,4.99600e-16,4.99600e-16,2.77556e-16,3.33067e-16,1.54012e-05,2.22045e-16,8.88178e-16,7.77156e-16,1.88738e-15,1.22125e-15,6.21207e-06,8.05774e-06,5.55112e-17,2.44249e-15,8.88178e-16
5.55112e-16,8.32667e-16,1.11022e-16,1.01133e-05,2.77556e-17,3.33067e-16,1.66533e-16,3.88578e-16,4.44089e-16,1.62267e-05,0.00000e+00,1.33227e-15,6.66134e-16,3.33067e-16,7.77156e-16,7.28311e-06,1.72485e-05,3.33067e-16,1.55431e-15,1.33227e-15
3.33067e-16,9.94987e-09,6.93889e-17,9.86433e-06,2.77556e-16,2.22045e-16,1.11022e-16,6.10623e-16,1.33227e-15,1.61099e-05,2.49800e-16,1.99840e-15,2.22045e-16,0.00000e+00,8.88178e-16,7.57380e-06,1.40991e-05,2.22045e-16,8.88178e-16,0.00000e+00
1.77636e-15,4.97494e-08,1.11022e-16,1.15381e-05,1.94289e-16,2.22045e-16,9.99201e-16,1.11022e-16,1.11022e-16,1.45047e-05,1.94289e-16,1.40000e-07,1.55431e-15,2.22045e-16,9.99201e-16,9.90606e-06,1.11622e-05,1.11022e-16,0.00000e+00,8.88178e-16
7.77156e-16,2.07123e-07,9.71445e-17,1.28016e-05,1.66533e-16,4.99600e-16,4.99600e-16,4.44089e-16,1.33227e-15,1.44607e-05,3.05311e-16,3.36303e-07,1.55431e-15,0.00000e+00,1.33227e-15,9.64481e-06,1.18421e-05,1.38778e-16,1.33227e-15,1.11022e-15
5.55112e-16,5.92000e-07,4.16334e-17,8.81859e-06,3.05311e-16,8.88178e-16,1.66533e-16,2.77556e-16,1.11022e-16,1.31426e-05,2.22045e-16,2.22045e-15,1.99840e-15,1.11022e-15,1.55431e-15,8.53212e-06,1.37066e-05,2.77556e-16,2.66454e-15,1.55431e-15
2.22045e-16,1.24041e-06,1.38778e-16,8.25433e-06,3.05311e-16,1.11022e-16,9.99201e-16,1.66533e-16,8.88178e-16,1.17601e-05,1.66533e-16,9.94987e-08,1.55431e-15,7.77156e-16,9.99201e-16,1.16469e-05,1.79929e-05,1.94289e-16,1.33227e-15,2.44249e-15
0.00000e+00,1.96690e-06,4.16334e-17,7.30983e-06,1.38778e-16,8.88178e-16,4.99600e-16,4.99600e-16,8.88178e-16,1.62930e-05,2.22045e-16,9.94987e-08,8.88178e-16,9.99201e-16,9.99201e-16,1.47410e-05,2.01306e-05,8.32667e-17,2.22045e-16,4.44089e-16
0.00000e+00,2.59664e-06,1.11022e-16,6.65188e-06,5.55112e-17,9.99201e-16,1.22125e-15,6.66134e-16,1.33227e-15,2.02931e-05,2.22045e-16,2.17945e-07,1.33227e-15,4.44089e-16,4.44089e-16,1.81577e-05,1.89592e-05,3.33067e-16,1.55431e-15,1.99840e-15
1.66533e-15,3.08126e-06,1.24900e-16,7.93463e-06,1.66533e-16,5.55112e-16,5.55112e-16,3.33067e-16,2.33147e-15,1.95531e-05,1.38778e-16,2.86182e-07,1.77636e-15,1.11022e-15,7.77156e-16,1.37225e-05,2.24486e-05,1.66533e-16,6.66134e-16,1.55431e-15
2.22045e-16,5.22072e-06,9.71445e-17,9.89717e-06,8.32667e-17,9.99201e-16,0.00000e+00,2.77556e-16,3.33067e-16,1.69649e-05,1.66533e-16,1.70587e-07,1.33227e-15,3.33067e-16,1.44329e-15,1.28324e-05,1.76496e-05,1.66533e-16,2.22045e-15,2.88658e-15
6.66134e-16,7.62701e-06,9.71445e-17,1.08958e-05,5.55112e-17,0.00000e+00,0.00000e+00,2.22045e-16,1.55431e-15,1.89101e-05,1.11022e-16,2.86182e-07,0.00000e+00,1.22125e-15,3.33067e-16,1.33248e-05,1.58055e-05,3.33067e-16,4.44089e-16,1.99840e-15
1.44329e-15,8.40442e-06,6.93889e-17,1.03513e-05,2.77556e-17,7.77156e-16,7.77156e-16,5.55112e-17,1.55431e-15,2.36662e-05,3.33067e-16,1.40000e-07,2.88658e-15,7.77156e-16,8.88178e-16,1.45456e-05,1.92725e-05,1.66533e-16,2.66454e-15,2.22045e-15
8.88178e-16,8.34913e-06,1.80411e-16,1.12564e-05,2.77556e-17,3.33067e-16,7.77156e-16,1.95959e-08,1.55431e-15,2.06991e-05,3.33067e-16,1.95959e-07,4.44089e-16,1.33227e-15,7.77156e-16,1.54588e-05,2.19034e-05,1.66533e-16,3.33067e-15,2.22045e-15
1.66533e-15,1.28672e-05,1.52656e-16,1.06582e-05,2.77556e-17,4.44089e-16,2.22045e-16,4.20833e-08,1.11022e-15,2.09610e-05,5.55112e-17,1.70587e-07,4.44089e-16,0.00000e+00,1.44329e-15,1.40595e-05,1.85833e-05,8.32667e-17,1.11022e-15,1.55431e-15
6.66134e-16,9.92913e-06,5.55112e-17,1.03891e-05,2.77556e-17,8.88178e-16,1.33227e-15,9.69742e-08,1.77636e-15,1.94671e-05,2.49800e-16,4.99600e-07,2.22045e-16,5.55112e-16,1.11022e-16,1.07660e-05,1.88886e-05,1.94289e-16,1.55431e-15,1.55431e-15
1.11022e-15,8.22138e-06,4.16334e-17,1.07038e-05,1.38778e-16,1.33227e-15,7.77156e-16,3.90482e-07,2.66454e-15,1.60850e-05,1.38778e-16,3.49142e-07,2.88658e-15,2.22045e-16,6.66134e-16,1.17632e-05,1.86131e-05,1.66533e-16,1.99840e-15,1.99840e-15
0.00000e+00,8.55428e-06,6.93889e-17,1.06651e-05,2.49800e-16,8.88178e-16,1.44329e-15,8.38648e-07,0.00000e+00,1.44900e-05,2.22045e-16,5.58211e-07,1.11022e-15,5.55112e-16,4.44089e-16,1.16962e-05,1.81824e-05,8.32667e-17,2.22045e-16,8.88178e-16
4.44089e-16,9.51116e-06,1.11022e-16,1.02852e-05,1.94289e-16,7.77156e-16,0.00000e+00,1.46843e-06,1.11022e-15,1.71091e-05,1.66533e-16,6.32139e-07,1.33227e-15,1.44329e-15,7.77156e-16,1.73957e-05,2.09483e-05,5.55112e-17,6.66134e-16,0.00000e+00
9.99201e-16,1.04171e-05,1.66533e-16,9.35818e-06,5.55112e-17,1.22125e-15,0.00000e+00,1.46291e-06,4.44089e-16,1.79076e-05,5.55112e-16,7.33212e-07,1.11022e-15,0.00000e+00,1.22125e-15,1.93219e-05,1.62281e-05,1.38778e-16,2.66454e-15,1.33227e-15
1.44329e-15,1.23241e-05,9.71445e-17,9.97687e-06,5.55112e-17,0.00000e+00,1.11022e-16,4.92401e-06,1.55431e-15,2.12361e-05,1.66533e-16,8.29699e-07,3.33067e-15,6.66134e-16,1.11022e-16,2.13577e-05,1.57821e-05,2.77556e-17,1.77636e-15,1.11022e-15
2.22045e-16,6.55794e-06,6.93889e-17,1.14936e-05,3.60822e-16,5.55112e-16,5.55112e-16,4.49229e-06,1.55431e-15,2.19456e-05,4.71845e-16,1.06696e-06,1.11022e-15,1.77636e-15,5.55112e-16,2.08959e-05,1.73380e-05,1.38778e-16,2.44249e-15,1.99840e-15
2.22045e-16,1.08642e-05,1.24900e-16,1.52062e-05,2.22045e-16,6.66134e-16,1.11022e-16,1.48245e-06,1.55431e-15,2.13813e-05,3.33067e-16,1.35126e-06,1.55431e-15,1.22125e-15,5.55112e-16,2.36273e-05,2.36387e-05,2.77556e-16,1.77636e-15,1.55431e-15
7.77156e-16,9.75542e-06,6.93889e-17,1.78603e-05,1.94289e-16,5.55112e-16,7.77156e-16,3.17505e-06,2.22045e-15,2.20136e-05,3.33067e-16,1.59609e-06,2.44249e-15,9.99201e-16,7.77156e-16,2.43402e-05,2.04763e-05,1.38778e-16,6.66134e-16,1.55431e-15
5.55112e-16,8.01391e-06,9.71445e-17,1.87339e-05,5.55112e-17,9.99201e-16,7.77156e-16,2.43615e-06,2.88658e-15,2.22340e-05,5.55112e-16,1.88298e-06,1.99840e-15,1.11022e-15,7.77156e-16,2.42508e-05,2.15978e-05,1.94289e-16,2.22045e-15,1.11022e-15
4.44089e-16,6.09737e-06,6.93889e-17,1.82301e-05,2.22045e-16,3.33067e-16,1.11022e-16,3.10591e-06,1.11022e-15,1.95918e-05,6.66134e-16,2.15629e-06,6.66134e-16,1.11022e-15,1.33227e-15,2.13653e-05,1.87555e-05,1.66533e-16,1.99840e-15,1.11022e-15
5.55112e-16,6.24878e-06,1.52656e-16,1.61368e-05,3.33067e-16,7.77156e-16,4.44089e-16,3.75670e-06,1.77636e-15,1.82703e-05,1.66533e-16,2.52982e-06,2.66454e-15,9.99201e-16,1.33227e-15,2.31912e-05,1.84336e-05,2.22045e-16,2.66454e-15,2.44249e-15
9.99201e-16,6.31245e-06,5.55112e-17,1.36345e-05,1.66533e-16,7.77156e-16,5.55112e-16,4.22390e-06,2.22045e-15,2.27782e-05,6.66134e-16,3.09611e-06,3.10862e-15,1.11022e-16,9.99201e-16,2.22990e-05,1.88144e-05,3.05311e-16,1.33227e-15,2.44249e-15
8.88178e-16,6.45500e-06,8.32667e-17,1.27699e-05,2.22045e-16,2.22045e-16,5.55112e-16,4.22460e-06,1.99840e-15,2.69154e-05,6.10623e-16,3.63894e-06,1.77636e-15,0.00000e+00,4.44089e-16,2.33466e-05,2.56641e-05,2.22045e-16,2.44249e-15,1.99840e-15
7.77156e-16,4.69138e-06,5.55112e-17,1.49723e-05,1.11022e-16,1.11022e-15,3.33067e-16,3.83066e-06,1.77636e-15,2.57618e-05,5.55112e-17,4.32688e-06,1.99840e-15,9.99201e-16,5.55112e-16,2.34529e-05,2.67833e-05,1.94289e-16,4.44089e-16,1.55431e-15
5.55112e-16,4.59336e-06,8.32667e-17,1.56282e-05,8.32667e-17,0.00000e+00,7.77156e-16,3.28714e-06,0.00000e+00,2.71777e-05,3.88578e-16,4.87508e-06,1.11022e-15,0.00000e+00,5.55112e-16,2.37774e-05,2.28309e-05,3.05311e-16,8.88178e-16,1.11022e-15
6.66134e-16,4.94727e-06,9.71445e-17,1.67050e-05,3.05311e-16,4.44089e-16,1.11022e-16,3.23660e-06,0.00000e+00,2.60399e-05,8.32667e-16,5.23697e-06,1.55431e-15,6.66134e-16,6.66134e-16,2.93504e-05,1.79017e-05,2.22045e-16,1.77636e-15,1.55431e-15
3.33067e-16,4.38314e-06,2.77556e-17,1.83589e-05,3.33067e-16,7.77156e-16,1.11022e-16,4.00923e-06,2.22045e-15,2.30245e-05,6.66134e-16,5.50886e-06,2.88658e-15,2.22045e-16,8.88178e-16,2.49629e-05,1.79624e-05,0.00000e+00,6.66134e-16,1.77636e-15
1.22125e-15,4.41554e-06,6.93889e-17,1.90807e-05,8.32667e-17,8.88178e-16,1.22125e-15,5.37029e-06,2.66454e-15,2.11146e-05,4.99600e-16,6.01281e-06,1.77636e-15,7.77156e-16,7.77156e-16,2.54584e-05,1.72578e-05,1.38778e-16,1.77636e-15,1.33227e-15
5.55112e-16,6.64829e-06,9.71445e-17,1.84657e-05,1.38778e-16,9.99201e-16,0.00000e+00,6.07533e-06,3.33067e-15,1.98874e-05,7.21645e-16,6.59135e-06,3.77476e-15,3.33067e-16,8.88178e-16,1.49860e-05,1.84292e-05,2.77556e-16,8.88178e-16,0.00000e+00
5.55112e-16,1.39601e-05,4.16334e-17,1.99712e-05,2.77556e-17,4.44089e-16,8.88178e-16,5.24682e-06,3.10862e-15,1.81995e-05,3.33067e-16,7.12014e-06,1.11022e-15,5.55112e-16,7.21645e-16,1.43175e-05,1.30631e-05,3.05311e-16,2.44249e-15,1.99840e-15
1.22125e-15,1.04760e-05,1.11022e-16,2.26853e-05,3.33067e-16,4.44089e-16,0.00000e+00,4.43143e-06,1.33227e-15,1.74817e-05,2.22045e-16,7.02051e-06,3.77476e-15,7.77156e-16,1.66533e-16,1.42558e-05,1.20637e-05,1.38778e-16,1.99840e-15,1.33227e-15
6.66134e-16,1.41479e-05,1.38778e-16,2.27986e-05,1.38778e-16,8.88178e-16,5.55112e-16,3.93542e-06,8.88178e-16,1.98533e-05,2.77556e-16,6.67217e-06,1.11022e-15,1.11022e-15,6.10623e-16,1.65944e-05,1.25752e-05,3.05311e-16,1.77636e-15,1.33227e-15
6.66134e-16,2.50132e-05,1.66533e-16,2.10383e-05,2.77556e-17,1.22125e-15,2.22045e-16,3.69609e-06,1.77636e-15,2.20400e-05,1.11022e-16,6.53277e-06,1.11022e-15,7.77156e-16,2.22045e-16,1.74831e-05,1.30774e-05,1.94289e-16,1.99840e-15,2.44249e-15
6.66134e-16,1.25511e-05,1.11022e-16,1.89187e-05,2.49800e-16,2.22045e-16,3.33067e-16,3.65200e-06,1.77636e-15,2.31528e-05,2.77556e-16,6.58771e-06,2.66454e-15,4.44089e-16,5.55112e-16,1.68440e-05,1.43561e-05,1.11022e-16,1.55431e-15,1.55431e-15
4.44089e-16,2.20202e-05,1.24900e-16,2.03153e-05,1.38778e-16,7.77156e-16,8.88178e-16,4.24569e-06,4.44089e-16,2.32705e-05,6.10623e-16,6.79467e-06,6.66134e-16,1.11022e-16,2.77556e-16,1.64467e-05,1.60923e-05,1.38778e-16,2.66454e-15,1.33227e-15
5.55112e-16,1.49529e-05,0.00000e+00,1.93388e-05,2.77556e-17,6.66134e-16,1.33227e-15,5.04756e-06,3.33067e-15,2.37765e-05,4.44089e-16,7.39730e-06,8.88178e-16,9.99201e-16,4.99600e-16,1.63900e-05,1.68955e-05,0.00000e+00,8.88178e-16,0.00000e+00
1.22125e-15,1.31542e-05,1.24900e-16,2.46417e-05,1.94289e-16,6.66134e-16,1.55431e-15,5.59914e-06,6.66134e-16,2.22566e-05,5.55112e-17,7.94554e-06,1.55431e-15,8.88178e-16,6.66134e-16,1.91352e-05,1.93751e-05,1.38778e-16,1.55431e-15,4.44089e-16
3.33067e-16,1.04782e-05,1.38778e-16,2.26680e-05,1.66533e-16,7.77156e-16,1.55431e-15,7.41552e-06,2.44249e-15,2.35301e-05,5.55112e-16,8.58983e-06,1.11022e-15,8.88178e-16,9.43690e-16,1.98151e-05,2.17831e-05,1.66533e-16,1.11022e-15,4.44089e-16
7.77156e-16,1.36284e-05,1.52656e-16,2.52235e-05,4.16334e-16,1.22125e-15,1.11022e-16,7.73767e-06,3.77476e-15,2.37626e-05,7.21645e-16,9.13855e-06,2.22045e-15,6.66134e-16,1.11022e-16,1.87461e-05,2.14324e-05,8.32667e-17,1.55431e-15,4.44089e-16
9.99201e-16,1.06517e-05,1.24900e-16,2.42176e-05,1.22654e-07,7.77156e-16,4.44089e-16,7.38850e-06,2.22045e-16,2.22394e-05,3.88578e-16,9.82537e-06,1.99840e-15,2.86182e-08,5.55112e-17,1.85511e-05,2.02250e-05,2.49800e-16,1.55431e-15,1.11022e-15
5.19615e-08,1.09494e-05,8.32667e-17,2.39441e-05,8.46841e-07,0.00000e+00,4.44089e-16,7.21024e-06,6.66134e-16,2.11849e-05,0.00000e+00,1.04618e-05,6.66134e-16,5.29721e-07,5.55112e-16,2.07653e-05,2.02127e-05,2.22045e-16,1.55431e-15,2.44249e-15
3.33067e-16,1.07284e-05,6.93889e-17,2.64806e-05,3.93777e-06,1.22125e-15,8.88178e-16,7.05935e-06,2.88658e-15,3.05104e-05,1.66533e-16,1.09231e-05,1.55431e-15,1.85929e-06,7.21645e-16,2.73549e-05,2.00304e-05,2.49800e-16,1.55431e-15,2.66454e-15
5.10368e-07,1.17854e-05,1.94289e-16,3.43535e-05,7.18188e-06,7.77156e-16,1.55431e-15,7.24585e-06,1.99840e-15,3.21318e-05,5.55112e-17,1.12519e-05,1.77636e-15,7.50766e-06,2.22045e-16,2.40851e-05,2.12498e-05,8.32667e-17,2.22045e-15,1.33227e-15
1.36750e-06,1.24291e-05,6.93889e-17,2.65137e-05,1.16886e-05,1.11022e-15,1.55431e-15,6.55381e-06,6.66134e-16,2.78327e-05,1.11022e-16,1.14666e-05,1.11022e-15,1.65301e-05,0.00000e+00,2.53830e-05,2.24430e-05,3.33067e-16,2.22045e-15,1.55431e-15
9.33739e-06,9.34171e-06,9.71445e-17,2.90841e-05,1.47305e-05,1.44329e-15,1.33227e-15,8.09994e-06,2.88658e-15,3.31817e-05,5.55112e-17,1.17421e-05,2.88658e-15,1.63856e-05,4.44089e-16,3.76361e-05,2.57661e-05,2.49800e-16,4.44089e-16,4.98397e-07
1.41507e-05,1.21586e-05,9.71445e-17,2.60059e-05,1.93220e-05,9.99201e-16,2.44249e-15,1.19684e-05,1.55431e-15,3.64759e-05,7.21645e-16,1.19307e-05,9.52050e-07,1.41300e-05,4.99600e-16,2.96003e-05,3.16599e-05,3.60822e-16,1.55431e-15,4.98397e-07
1.39165e-05,1.68530e-05,1.11022e-16,3.35259e-05,1.73935e-05,8.88178e-16,1.11022e-15,1.30083e-05,3.77476e-15,3.66059e-05,0.00000e+00,1.21115e-05,2.02037e-06,2.46455e-05,5.55112e-17,3.07283e-05,3.78448e-05,2.22045e-16,1.55431e-15,4.98397e-07
1.97424e-05,1.39904e-05,1.24900e-16,2.60946e-05,1.92759e-05,9.99201e-16,2.44249e-15,1.34808e-05,2.44249e-15,3.65445e-05,5.55112e-17,1.21418e-05,8.40883e-06,1.82399e-05,9.43690e-16,2.92730e-05,4.54974e-05,1.66533e-16,1.33227e-15,4.55687e-06
1.59839e-05,1.72038e-05,9.71445e-17,2.85053e-05,1.30744e-05,1.11022e-15,2.44249e-15,1.25635e-05,8.88178e-16,4.24784e-05,8.32667e-16,1.22966e-05,9.04646e-06,2.26363e-05,4.44089e-16,2.69909e-05,3.19467e-05,1.11022e-16,1.55431e-15,7.30432e-06
9.80609e-06,1.26936e-05,1.66533e-16,2.86391e-05,1.58719e-05,2.22045e-16,8.88178e-16,1.26990e-05,2.66454e-15,4.26188e-05,4.44089e-16,1.23143e-05,1.58880e-05,2.08128e-05,2.77556e-16,2.78924e-05,2.69824e-05,1.94289e-16,2.66454e-15,5.00500e-06
1.51177e-05,1.44854e-05,4.16334e-17,3.17404e-05,1.69321e-05,1.22125e-15,2.66454e-15,1.45494e-05,2.66454e-15,4.76277e-05,6.10623e-16,1.22079e-05,3.43565e-05,2.01348e-05,1.66533e-16,2.41095e-05,2.75070e-05,1.66533e-16,0.00000e+00,1.36451e-06
2.13519e-05,1.64206e-05,1.38778e-16,3.68262e-05,3.19683e-05,6.66134e-16,1.77636e-15,1.21002e-05,6.66134e-16,4.86587e-05,0.00000e+00,1.22071e-05,2.58269e-05,2.59657e-05,6.10623e-16,2.46344e-05,2.69865e-05,3.33067e-16,1.99840e-15,1.71698e-05
1.91148e-05,2.09953e-05,8.32667e-17,4.20986e-05,4.65909e-05,4.44089e-16,2.22045e-15,1.13839e-05,8.88178e-16,4.75189e-05,3.88578e-16,1.22621e-05,3.45602e-05,2.36879e-05,4.99600e-16,2.31082e-05,2.66533e-05,1.94289e-16,2.44249e-15,1.05819e-05
1.44157e-05,2.18785e-05,2.77556e-17,4.25202e-05,6.92995e-05,3.33067e-16,1.55431e-15,1.24856e-05,6.66134e-16,5.04046e-05,3.88578e-16,1.23162e-05,3.15146e-05,2.82225e-05,2.22045e-16,2.62983e-05,3.10639e-05,2.77556e-16,1.55431e-15,7.13412e-06
2.22824e-05,3.06380e-05,6.93889e-17,4.07565e-05,1.07199e-04,1.11022e-15,2.22045e-16,9.88321e-06,2.22045e-15,5.16749e-05,3.33067e-16,1.23948e-05,3.48446e-05,2.44248e-05,8.88178e-16,2.63796e-05,2.82765e-05,1.38778e-16,2.44249e-15,6.57954e-06
2.14050e-05,2.76333e-05,1.66533e-16,4.18063e-05,1.41439e-04,1.11022e-16,1.99840e-15,1.21925e-05,2.22045e-15,5.79705e-05,6.10623e-16,1.25633e-05,2.34863e-05,2.72131e-05,5.55112e-17,3.20752e-05,2.65374e-05,2.49800e-16,1.99840e-15,1.10538e-05
2.64129e-05,2.98863e-05,1.11022e-16,4.91075e-05,1.66398e-04,1.33227e-15,2.44249e-15,9.48208e-06,0.00000e+00,5.64390e-05,2.77556e-16,1.27056e-05,2.94229e-05,2.95707e-05,6.10623e-16,3.08876e-05,3.26706e-05,1.11022e-16,1.55431e-15,1.56100e-05
1.62601e-05,2.61449e-05,1.11022e-16,3.85290e-05,1.82035e-04,7.77156e-16,8.88178e-16,1.29656e-05,3.33067e-15,5.22579e-05,6.10623e-16,1.30233e-05,3.50331e-05,2.82039e-05,6.66134e-16,2.99871e-05,3.30383e-05,1.94289e-16,2.88658e-15,1.34285e-05
1.72091e-05,2.89815e-05,1.24900e-16,3.42462e-05,1.84152e-04,6.66134e-16,1.77636e-15,1.09435e-05,1.77636e-15,5.15933e-05,0.00000e+00,1.33795e-05,3.35312e-05,2.52717e-05,3.88578e-16,3.10005e-05,3.99325e-05,5.55112e-17,1.55431e-15,1.51509e-05
1.55442e-05,2.25455e-05,0.00000e+00,3.35591e-05,1.82245e-04,9.99201e-16,1.77636e-15,1.14698e-05,1.99840e-15,4.89111e-05,6.66134e-16,1.37310e-05,3.59991e-05,2.07602e-05,4.44089e-16,3.14881e-05,3.32842e-05,2.49800e-16,1.99840e-15,1.51502e-05
2.30696e-05,2.32551e-05,1.24900e-16,3.39962e-05,1.64763e-04,3.33067e-16,1.99840e-15,1.18489e-05,1.11022e-15,4.76358e-05,4.44089e-16,1.42919e-05,3.58959e-05,1.62519e-05,3.88578e-16,3.72564e-05,4.17350e-05,2.77556e-16,1.33227e-15,1.47345e-05
2.50129e-05,2.27420e-05,1.11022e-16,3.32146e-05,1.37525e-04,8.32667e-16,0.00000e+00,1.08525e-05,1.55431e-15,5.02990e-05,2.77556e-16,1.49730e-05,3.80953e-05,2.13535e-05,3.88578e-16,3.73894e-05,4.28409e-05,1.94289e-16,1.33227e-15,1.77308e-05
3.11897e-05,2.70913e-05,8.32667e-17,3.46992e-05,1.14681e-04,9.43690e-16,5.60268e-07,9.52203e-06,2.22045e-16,5.83498e-05,3.88578e-16,1.55393e-05,4.99382e-05,2.86640e-05,4.87750e-08,4.65663e-05,4.56904e-05,1.11022e-16,3.10862e-15,1.86817e-05
3.34334e-05,1.65143e-05,1.24900e-16,3.57532e-05,9.33440e-05,9.99201e-16,6.14085e-07,8.21230e-06,1.99840e-15,5.90299e-05,5.55112e-16,1.59378e-05,3.96107e-05,2.64541e-05,4.38634e-08,4.32374e-05,5.10135e-05,2.49800e-16,1.55431e-15,2.49204e-05
2.57538e-05,1.87755e-05,9.71445e-17,3.53022e-05,6.85192e-05,1.11022e-16,1.03758e-05,8.54173e-06,2.22045e-15,6.22936e-05,6.66134e-16,1.62316e-05,4.62956e-05,2.91842e-05,1.38924e-07,4.68151e-05,5.23030e-05,1.66533e-16,2.88658e-15,2.68441e-05
3.42707e-05,1.85371e-05,6.93889e-17,3.12237e-05,5.33692e-05,1.11022e-15,2.04719e-05,1.08233e-05,1.55431e-15,7.67419e-05,4.44089e-16,1.64723e-05,3.86777e-05,2.49909e-05,6.20000e-08,3.93420e-05,4.54584e-05,2.77556e-16,2.86182e-07,2.63285e-05
3.15974e-05,1.35783e-05,1.24900e-16,2.98770e-05,4.79660e-05,1.16573e-15,2.47463e-05,1.29818e-05,2.66454e-15,6.56652e-05,5.55112e-16,1.67508e-05,4.90822e-05,2.64083e-05,9.19510e-07,4.24516e-05,5.85224e-05,8.32667e-17,6.66134e-16,2.78057e-05
3.67671e-05,1.83785e-05,9.71445e-17,3.35797e-05,5.09220e-05,6.10623e-16,2.73449e-05,1.43535e-05,3.10862e-15,6.11349e-05,6.66134e-16,1.69177e-05,4.94187e-05,2.30415e-05,7.31636e-07,4.43835e-05,5.44768e-05,1.38778e-16,6.19355e-07,3.22795e-05
2.96992e-05,2.23474e-05,9.71445e-17,3.41684e-05,6.01253e-05,1.11022e-16,1.99629e-05,1.55742e-05,2.22045e-15,5.06932e-05,5.55112e-17,1.73363e-05,4.08163e-05,2.28204e-05,3.80883e-06,3.77339e-05,5.15914e-05,2.49800e-16,1.77636e-15,3.36249e-05
2.67005e-05,1.54666e-05,1.11022e-16,3.34916e-05,6.47837e-05,1.22125e-15,1.92377e-05,1.58461e-05,1.99840e-15,4.92929e-05,5.55112e-16,1.82207e-05,4.16041e-05,2.75725e-05,3.62820e-06,3.82687e-05,5.30174e-05,2.22045e-16,4.98397e-07,3.86865e-05
2.61723e-05,1.35824e-05,1.80411e-16,3.03062e-05,6.22614e-05,7.77156e-16,2.58183e-05,1.60485e-05,1.33227e-15,5.81899e-05,3.88578e-16,1.88803e-05,3.59229e-05,2.91655e-05,7.88388e-07,3.98889e-05,5.23978e-05,3.33067e-16,1.01568e-06,4.53714e-05
2.39809e-05,1.49687e-05,1.11022e-16,3.11959e-05,4.83761e-05,4.99600e-16,2.49116e-05,1.51620e-05,0.00000e+00,5.47251e-05,7.21645e-16,1.96285e-05,4.64567e-05,2.85986e-05,6.12944e-06,4.11848e-05,5.21565e-05,1.66533e-16,6.41561e-07,6.13885e-05
2.94913e-05,1.36726e-05,9.71445e-17,3.82119e-05,4.18092e-05,8.32667e-16,2.88958e-05,1.51667e-05,2.66454e-15,5.59845e-05,1.66533e-16,2.03562e-05,4.09217e-05,2.64459e-05,7.75450e-06,4.00252e-05,4.71103e-05,2.77556e-16,2.56874e-06,6.99340e-05
2.86304e-05,1.47405e-05,2.77556e-17,3.98711e-05,3.50375e-05,6.66134e-16,2.75471e-05,1.56885e-05,1.11022e-15,5.85350e-05,3.88578e-16,2.14537e-05,4.90981e-05,2.39950e-05,8.74274e-06,3.81255e-05,5.00328e-05,1.38778e-16,9.76698e-06,8.45830e-05
3.60549e-05,1.55688e-05,1.94289e-16,4.76162e-05,3.19202e-05,1.11022e-15,2.49118e-05,2.56171e-05,2.44249e-15,6.03574e-05,1.66533e-16,2.30666e-05,5.06637e-05,2.28702e-05,8.37370e-06,3.74236e-05,5.62864e-05,1.66533e-16,1.65478e-05,1.05436e-04
4.87395e-05,1.43551e-05,9.71445e-17,4.93154e-05,3.25253e-05,3.88578e-16,2.65097e-05,2.39197e-05,4.48999e-07,6.93664e-05,2.77556e-16,2.52380e-05,4.05955e-05,2.50678e-05,1.64230e-05,3.54414e-05,4.99734e-05,3.33067e-16,2.41743e-05,1.25178e-04
5.58846e-05,1.88909e-05,6.93889e-17,5.20220e-05,2.64230e-05,2.77556e-16,2.78972e-05,3.26917e-05,4.48999e-07,7.90738e-05,4.99600e-16,2.72269e-05,5.64757e-05,2.99688e-05,1.97577e-05,3.88909e-05,5.44380e-05,1.66533e-16,2.03337e-05,1.37266e-04
5.91186e-05,1.80509e-05,8.32667e-17,4.32324e-05,2.45019e-05,6.66134e-16,2.70477e-05,2.83790e-05,8.97998e-07,7.63728e-05,3.33067e-16,2.87251e-05,4.18336e-05,2.94564e-05,1.08163e-05,4.60792e-05,6.00749e-05,1.66533e-16,1.83148e-05,1.42109e-04
7.57742e-05,1.96442e-05,9.71445e-17,4.77481e-05,2.46471e-05,4.99600e-16,3.02150e-05,3.06347e-05,1.77636e-15,6.42258e-05,2.77556e-16,3.02253e-05,4.44994e-05,2.96506e-05,1.41302e-05,5.03040e-05,4.75962e-05,1.38778e-16,1.62445e-05,1.52218e-04
8.28672e-05,2.54041e-05,6.93889e-17,4.23372e-05,2.50361e-05,1.25929e-06,2.79959e-05,2.63422e-05,5.83699e-06,6.08749e-05,1.66533e-16,3.22297e-05,3.52422e-05,2.69542e-05,1.09369e-05,4.31901e-05,5.44604e-05,2.22045e-16,2.62979e-05,1.50617e-04
9.97508e-05,3.80181e-05,1.11022e-16,4.06466e-05,2.69845e-05,1.78692e-07,3.62682e-05,3.45572e-05,1.03270e-05,5.92112e-05,0.00000e+00,3.41614e-05,3.53995e-05,2.94927e-05,7.07968e-06,4.43837e-05,6.34380e-05,2.22045e-16,2.65109e-05,1.46607e-04
1.10888e-04,3.73251e-05,1.11022e-16,3.92788e-05,2.89815e-05,4.31841e-06,3.07756e-05,2.68004e-05,1.97560e-05,6.80311e-05,4.44089e-16,3.54901e-05,4.80722e-05,3.33249e-05,1.59381e-05,4.22278e-05,5.72580e-05,1.94289e-16,2.06617e-05,1.45116e-04
1.16188e-04,4.36006e-05,9.71445e-17,4.92892e-05,2.91526e-05,6.69062e-06,3.19296e-05,2.06897e-05,1.79600e-06,6.79342e-05,6.10623e-16,3.61289e-05,5.83929e-05,3.01595e-05,1.56075e-05,4.40582e-05,5.96306e-05,8.32667e-17,2.76146e-05,1.37895e-04
1.25084e-04,3.94639e-05,3.20649e-07,4.51057e-05,2.53311e-05,3.81549e-06,3.26395e-05,2.40640e-05,1.20878e-05,6.41207e-05,2.77556e-16,3.65514e-05,5.11436e-05,2.83233e-05,1.49462e-05,4.11631e-05,5.64362e-05,4.86391e-07,3.87133e-05,1.29754e-04
1.27604e-04,3.23963e-05,8.59748e-07,4.53159e-05,2.12640e-05,1.32713e-05,3.35309e-05,2.44360e-05,1.62205e-05,6.51078e-05,2.22045e-16,3.73284e-05,6.47656e-05,2.85432e-05,1.33675e-05,4.22510e-05,5.34979e-05,3.88138e-07,3.83275e-05,1.23783e-04
1.29178e-04,3.27775e-05,3.23634e-06,4.40204e-05,2.42284e-05,1.32960e-05,3.74888e-05,2.27236e-05,1.51050e-05,5.90875e-05,1.66533e-16,3.84471e-05,4.69036e-05,2.20788e-05,1.85026e-05,3.95528e-05,5.38904e-05,1.37982e-06,3.06788e-05,1.13743e-04
1.17050e-04,3.98920e-05,4.32421e-06,4.68150e-05,2.45366e-05,1.37707e-05,3.35334e-05,2.39406e-05,1.13173e-05,5.87969e-05,6.10623e-16,4.01580e-05,6.15319e-05,2.17229e-05,2.69895e-05,4.70172e-05,5.02801e-05,1.28892e-06,4.21155e-05,1.07802e-04
1.20235e-04,5.28324e-05,8.66196e-06,4.17800e-05,2.73330e-05,1.47835e-05,3.30217e-05,2.20563e-05,7.70452e-06,6.34554e-05,1.66533e-16,4.26498e-05,6.03097e-05,1.94401e-05,2.29053e-05,4.13788e-05,5.27343e-05,4.56512e-06,3.57031e-05,1.04224e-04
1.11561e-04,4.23315e-05,1.20385e-05,4.11861e-05,1.94634e-05,1.61938e-05,3.07721e-05,1.93562e-05,4.32549e-06,6.50648e-05,2.77556e-16,4.58093e-05,4.62782e-05,1.75992e-05,2.25937e-05,4.34849e-05,4.71068e-05,4.93075e-06,2.49241e-05,1.02681e-04
1.04962e-04,4.03445e-05,1.04911e-05,4.00922e-05,2.72710e-05,2.10698e-05,2.08851e-05,1.83512e-05,6.60862e-06,6.26642e-05,3.33067e-16,5.01982e-05,4.73936e-05,1.68344e-05,2.22425e-05,4.31208e-05,4.49723e-05,7.52252e-06,3.08507e-05,9.82378e-05
1.02641e-04,4.51676e-05,2.04490e-05,3.70757e-05,3.13474e-05,2.06054e-05,2.57643e-05,1.76141e-05,7.48134e-06,7.11893e-05,3.33067e-16,5.55328e-05,5.27353e-05,2.09471e-05,2.17305e-05,4.33706e-05,4.69196e-05,9.24079e-06,3.94393e-05,9.66321e-05
9.36653e-05,5.44426e-05,2.84970e-05,3.55828e-05,3.58080e-05,1.13072e-05,2.42225e-05,1.64463e-05,1.03025e-05,8.46161e-05,6.10623e-16,6.14377e-05,3.12898e-05,2.33507e-05,2.48759e-05,4.58182e-05,5.32790e-05,1.09237e-05,4.04695e-05,9.60207e-05
8.70515e-05,6.93049e-05,3.72464e-05,3.64152e-05,4.51524e-05,1.94549e-05,2.80883e-05,1.90287e-05,1.16932e-05,9.32366e-05,1.66533e-16,6.74337e-05,4.83850e-05,2.01308e-05,2.11261e-05,4.98549e-05,6.04946e-05,1.09606e-05,3.76553e-05,8.89826e-05
8.82511e-05,5.97969e-05,4.48523e-05,3.75924e-05,4.43445e-05,1.73966e-05,3.31410e-05,1.89584e-05,1.24896e-05,9.71936e-05,1.66533e-16,7.27298e-05,4.69008e-05,2.64872e-05,1.65355e-05,4.93375e-05,4.63433e-05,8.78412e-06,4.78835e-05,9.70318e-05
7.86524e-05,6.60408e-05,4.92805e-05,3.98086e-05,4.47413e-05,2.45041e-05,3.68043e-05,2.10287e-05,1.51941e-05,9.61085e-05,6.10623e-16,7.58232e-05,3.89875e-05,3.15634e-05,2.41410e-05,5.12134e-05,4.55270e-05,8.80753e-06,3.74818e-05,9.61027e-05
7.39959e-05,6.98230e-05,5.67717e-05,4.18216e-05,4.39010e-05,2.84545e-05,3.53259e-05,2.25096e-05,1.80849e-05,1.06211e-04,2.77556e-16,7.93294e-05,5.76284e-05,3.22877e-05,2.54022e-05,5.94121e-05,4.38726e-05,1.00375e-05,3.17278e-05,9.83715e-05
7.07532e-05,7.13122e-05,5.59400e-05,4.86204e-05,4.74730e-05,2.51732e-05,3.14300e-05,2.40482e-05,2.63929e-05,9.75167e-05,5.55112e-16,8.30549e-05,5.32598e-05,3.66347e-05,2.35454e-05,7.09321e-05,6.13483e-05,1.42003e-05,3.03517e-05,9.62668e-05
7.07198e-05,7.83445e-05,5.68016e-05,5.08862e-05,5.13033e-05,2.48515e-05,3.25128e-05,2.65524e-05,3.64204e-05,1.03350e-04,5.55112e-17,8.54660e-05,5.86428e-05,3.64657e-05,2.32197e-05,7.24565e-05,5.83336e-05,2.00387e-05,3.73012e-05,9.06188e-05
6.83841e-05,8.73447e-05,7.16381e-05,5.33472e-05,4.60543e-05,1.89230e-05,2.55829e-05,2.81125e-05,3.29345e-05,1.07653e-04,0.00000e+00,8.38209e-05,5.36945e-05,4.04969e-05,2.47925e-05,6.77557e-05,5.56799e-05,2.63934e-05,2.73328e-05,9.33966e-05
6.89330e-05,7.97953e-05,8.50454e-05,5.53017e-05,3.82428e-05,1.89790e-05,2.99471e-05,2.95420e-05,3.81020e-05,1.13343e-04,2.77556e-16,8.00600e-05,4.85877e-05,4.57583e-05,3.00106e-05,6.69110e-05,4.96071e-05,2.77522e-05,3.73664e-05,8.98342e-05
6.73100e-05,8.74283e-05,8.61168e-05,5.87946e-05,4.31015e-05,2.10258e-05,3.02680e-05,3.11473e-05,3.72394e-05,1.12322e-04,2.22045e-16,7.78554e-05,4.80786e-05,4.34308e-05,3.44651e-05,6.66521e-05,5.70163e-05,2.78976e-05,4.59575e-05,7.90184e-05
6.53347e-05,1.11947e-04,8.52154e-05,6.25516e-05,4.63683e-05,2.51130e-05,4.37389e-05,3.13186e-05,4.39606e-05,1.20237e-04,3.33067e-16,7.98331e-05,5.79196e-05,5.28780e-05,3.68258e-05,7.07828e-05,6.31817e-05,2.99003e-05,4.20566e-05,6.89371e-05
6.61293e-05,1.15439e-04,8.52705e-05,6.09625e-05,4.09934e-05,2.88948e-05,4.01784e-05,3.71700e-05,5.85076e-05,1.29376e-04,2.22045e-16,8.31140e-05,6.09592e-05,4.45236e-05,4.68894e-05,7.09589e-05,5.29683e-05,2.65758e-05,4.38104e-05,6.67333e-05
7.50967e-05,1.24957e-04,7.94239e-05,6.68856e-05,4.12957e-05,2.34715e-05,4.21639e-05,3.98117e-05,5.47243e-05,1.44689e-04,6.10623e-16,8.46033e-05,7.75876e-05,4.47120e-05,5.89325e-05,7.49536e-05,5.06062e-05,3.19472e-05,3.33935e-05,6.93342e-05
6.89053e-05,1.18598e-04,7.56291e-05,6.70788e-05,3.84458e-05,2.58092e-05,4.66048e-05,4.63591e-05,5.85017e-05,1.44482e-04,4.99600e-16,8.52660e-05,7.42062e-05,4.48199e-05,7.29256e-05,7.68790e-05,5.42245e-05,3.26052e-05,4.10927e-05,7.06579e-05
6.91382e-05,1.20393e-04,6.96509e-05,7.30654e-05,4.65944e-05,2.84790e-05,3.81290e-05,4.44158e-05,7.54099e-05,1.60106e-04,3.33067e-16,9.23909e-05,6.47803e-05,3.89398e-05,7.88151e-05,7.92220e-05,6.74020e-05,3.32350e-05,4.34514e-05,7.26303e-05
7.98151e-05,1.11129e-04,5.75191e-05,8.96186e-05,5.87685e-05,2.81848e-05,4.06026e-05,4.26929e-05,7.58489e-05,1.77261e-04,3.88578e-16,1.02264e-04,8.95205e-05,4.34780e-05,8.86823e-05,7.91495e-05,7.46140e-05,3.34756e-05,3.97231e-05,8.39179e-05
7.70025e-05,1.02701e-04,7.15083e-05,8.30877e-05,6.03996e-05,2.82648e-05,5.14638e-05,5.17880e-05,7.71054e-05,1.82401e-04,5.55112e-16,1.04884e-04,7.32890e-05,4.80014e-05,1.00563e-04,8.55077e-05,8.04898e-05,3.48969e-05,3.48063e-05,7.70930e-05
7.98235e-05,9.53605e-05,7.65070e-05,6.38806e-05,6.99367e-05,2.89561e-05,3.58037e-05,3.90323e-05,7.91316e-05,1.80941e-04,6.10623e-16,1.09504e-04,8.35900e-05,4.18372e-05,1.05027e-04,7.43215e-05,7.26757e-05,3.57293e-05,3.69050e-05,8.24704e-05
7.63841e-05,8.28657e-05,1.09922e-04,5.90876e-05,7.27925e-05,2.84159e-05,3.33525e-05,4.28873e-05,8.42434e-05,1.79024e-04,3.88578e-16,1.18122e-04,7.47887e-05,4.50619e-05,1.09310e-04,6.65029e-05,7.01432e-05,3.54309e-05,3.51404e-05,8.09395e-05
7.33597e-05,8.19317e-05,2.03157e-04,6.11109e-05,6.15911e-05,2.80131e-05,3.05419e-05,5.17827e-05,8.95866e-05,1.82002e-04,4.99600e-16,1.26688e-04,6.09888e-05,4.95174e-05,1.10260e-04,7.61265e-05,6.54331e-05,3.61858e-05,4.29120e-05,8.37631e-05
6.82023e-05,7.85386e-05,2.05816e-04,5.92223e-05,6.82812e-05,2.54814e-05,3.78468e-05,5.51030e-05,9.43809e-05,1.77737e-04,7.21645e-16,1.34964e-04,6.10317e-05,4.46511e-05,1.05242e-04,7.41150e-05,6.19441e-05,3.50479e-05,4.31289e-05,8.24140e-05
6.18968e-05,8.56545e-05,1.63387e-04,9.33150e-05,5.63786e-05,2.98457e-05,3.51777e-05,5.28641e-05,1.01411e-04,1.91933e-04,3.88578e-16,1.42728e-04,6.21447e-05,4.20103e-05,1.00095e-04,7.65620e-05,5.90824e-05,3.32986e-05,3.81731e-05,8.76236e-05
6.58181e-05,9.77566e-05,1.22796e-04,7.88655e-05,4.95444e-05,2.70200e-05,3.72758e-05,5.87564e-05,1.05273e-04,1.96656e-04,4.44089e-16,1.50769e-04,5.89646e-05,5.23822e-05,9.47981e-05,7.13502e-05,5.66060e-05,3.00115e-05,3.32845e-05,8.59423e-05
6.74088e-05,1.17307e-04,9.95390e-05,1.03793e-04,5.16317e-05,2.75955e-05,4.59022e-05,4.91484e-05,1.10830e-04,2.23434e-04,3.33067e-16,1.59461e-04,5.35894e-05,5.29115e-05,8.66825e-05,6.96408e-05,6.06418e-05,2.94104e-05,3.73593e-05,8.05588e-05
7.51217e-05,1.11558e-04,9.33807e-05,9.43334e-05,4.71123e-05,2.92213e-05,4.18357e-05,6.12113e-05,1.23377e-04,2.44892e-04,4.99600e-16,1.67678e-04,4.86477e-05,6.19897e-05,8.25722e-05,7.44392e-05,5.49330e-05,3.22322e-05,4.98782e-05,8.88614e-05
7.66723e-05,1.35921e-04,9.01492e-05,8.14282e-05,4.90448e-05,2.97178e-05,4.27378e-05,5.59593e-05,1.30204e-04,2.56166e-04,1.11022e-16,1.75834e-04,5.48966e-05,7.37132e-05,7.56688e-05,7.40148e-05,5.87443e-05,3.56998e-05,4.43561e-05,7.62378e-05
8.32975e-05,1.51960e-04,8.28057e-05,1.11073e-04,5.14701e-05,2.27317e-05,4.06433e-05,7.11319e-05,1.29677e-04,2.74260e-04,3.33067e-16,1.83307e-04,6.78232e-05,7.01965e-05,6.29029e-05,6.73807e-05,6.37733e-05,4.14651e-05,4.42620e-05,8.93779e-05
8.76773e-05,1.59095e-04,7.72431e-05,1.15553e-04,6.33897e-05,2.55387e-05,4.29248e-05,5.17738e-05,1.32203e-04,2.85338e-04,0.00000e+00,1.90541e-04,5.48160e-05,7.30345e-05,6.43493e-05,6.63658e-05,5.99559e-05,4.47694e-05,4.14087e-05,8.18038e-05
9.18559e-05,1.64293e-04,6.87500e-05,9.32642e-05,7.24635e-05,2.47266e-05,4.27125e-05,5.20582e-05,1.33431e-04,2.99847e-04,4.99600e-16,1.99271e-04,5.53724e-05,7.39091e-05,6.81969e-05,6.69212e-05,7.04742e-05,4.47642e-05,3.45656e-05,7.70219e-05
9.39033e-05,1.89005e-04,6.50025e-05,1.00578e-04,7.31240e-05,2.23342e-05,3.75458e-05,5.26529e-05,1.28573e-04,3.11868e-04,1.66533e-16,2.13835e-04,5.50911e-05,7.93623e-05,6.65196e-05,7.07140e-05,6.67413e-05,4.47370e-05,3.68633e-05,8.52995e-05
7.92628e-05,1.71784e-04,5.38382e-05,1.01672e-04,6.24415e-05,2.41523e-05,4.67195e-05,5.80045e-05,1.31193e-04,3.40455e-04,3.88578e-16,2.22812e-04,5.45825e-05,8.11250e-05,6.49850e-05,6.67694e-05,7.45304e-05,5.06657e-05,3.61572e-05,8.52168e-05
7.97122e-05,1.61313e-04,5.11284e-05,1.16730e-04,6.74521e-05,2.61584e-05,5.10285e-05,6.68526e-05,1.33595e-04,3.49660e-04,6.10623e-16,2.25164e-04,5.37083e-05,8.02586e-05,6.54377e-05,6.77018e-05,6.57412e-05,6.09213e-05,3.16705e-05,9.06080e-05
8.03696e-05,1.76040e-04,4.92844e-05,9.35926e-05,7.69805e-05,3.01374e-05,5.14508e-05,6.25847e-05,1.37447e-04,3.38513e-04,3.33067e-16,2.32861e-04,5.26560e-05,7.66912e-05,6.26803e-05,6.99935e-05,6.61900e-05,7.42571e-05,4.30535e-05,9.97874e-05
6.45633e-05,1.51804e-04,5.23882e-05,1.10619e-04,8.31062e-05,3.24167e-05,5.04225e-05,6.30040e-05,1.30771e-04,3.40076e-04,2.77556e-16,2.42480e-04,6.14296e-05,7.72799e-05,6.28437e-05,6.44089e-05,7.07504e-05,8.67546e-05,3.60792e-05,1.06603e-04
7.45720e-05,1.33038e-04,5.30998e-05,1.13219e-04,9.17351e-05,3.54315e-05,3.79383e-05,6.28416e-05,1.30596e-04,3.29629e-04,4.99600e-16,2.47142e-04,7.32140e-05,7.67230e-05,5.93880e-05,7.46644e-05,7.33082e-05,9.70376e-05,4.56007e-05,9.76767e-05
7.59314e-05,1.28068e-04,5.16523e-05,1.26508e-04,1.04075e-04,3.77832e-05,4.30546e-05,6.88587e-05,1.16769e-04,3.31770e-04,6.10623e-16,2.56024e-04,7.95116e-05,6.80345e-05,5.26463e-05,6.86959e-05,7.00866e-05,1.08373e-04,4.11268e-05,1.07050e-04
7.83271e-05,1.27198e-04,5.23662e-05,1.11353e-04,1.15786e-04,3.13715e-05,5.19353e-05,7.37483e-05,1.13853e-04,3.31452e-04,3.88578e-16,2.68991e-04,5.11684e-05,6.57004e-05,5.17177e-05,6.73878e-05,7.08271e-05,1.06848e-04,4.20196e-05,9.48644e-05
7.38631e-05,1.26120e-04,4.80650e-05,1.08814e-04,1.24911e-04,3.75319e-05,4.09109e-05,6.05665e-05,1.23767e-04,3.16753e-04,2.22045e-16,2.71042e-04,7.06879e-05,7.28778e-05,5.47935e-05,5.63120e-05,7.27172e-05,9.83148e-05,4.30016e-05,8.90556e-05
7.70539e-05,1.21642e-04,4.91498e-05,9.00058e-05,1.32197e-04,3.69305e-05,4.60245e-05,5.52055e-05,1.25684e-04,3.17398e-04,3.88578e-16,2.76577e-04,6.95340e-05,6.88478e-05,5.37764e-05,5.82984e-05,8.31545e-05,8.99071e-05,3.92255e-05,7.92595e-05
8.11590e-05,1.48732e-04,4.97323e-05,8.68089e-05,1.36946e-04,3.22881e-05,4.40826e-05,6.16494e-05,1.23300e-04,3.10294e-04,3.33067e-16,2.82309e-04,6.30610e-05,8.19789e-05,5.00801e-05,5.90696e-05,9.47638e-05,8.18576e-05,4.01254e-05,7.88250e-05
7.57901e-05,1.70163e-04,5.82232e-05,9.13746e-05,1.49283e-04,3.03651e-05,3.87440e-05,5.39817e-05,1.25345e-04,3.07285e-04,6.10623e-16,2.86960e-04,6.09970e-05,8.93644e-05,4.21357e-05,5.79019e-05,9.54388e-05,7.52762e-05,5.11855e-05,9.98630e-05
7.52319e-05,1.60171e-04,5.59729e-05,1.32099e-04,1.54213e-04,2.66631e-05,4.37176e-05,5.85123e-05,1.16919e-04,3.02233e-04,2.22045e-16,2.89769e-04,7.92593e-05,8.49955e-05,4.21733e-05,5.76141e-05,9.60140e-05,6.83748e-05,5.40235e-05,8.32242e-05
7.97135e-05,1.62705e-04,5.89058e-05,1.24633e-04,1.72561e-04,2.69733e-05,3.83017e-05,5.32972e-05,1.20998e-04,2.97908e-04,4.44089e-16,2.93689e-04,6.28065e-05,7.69700e-05,4.00810e-05,5.62619e-05,9.28613e-05,6.47850e-05,4.95103e-05,8.42760e-05
8.07428e-05,1.58924e-04,1.53622e-04,1.02984e-04,1.45950e-03,3.30249e-05,4.26384e-05,5.24568e-05,1.15102e-04,2.89581e-04,6.66134e-16,2.98921e-04,7.02897e-05,8.05159e-05,3.70981e-05,5.52049e-05,8.76832e-05,6.13819e-05,4.49749e-05,8.50057e-05
7.92671e-05,1.36589e-04,5.68757e-04,9.64564e-05,1.40696e-02,3.04391e-05,3.16937e-05,5.21136e-05,1.06294e-04,2.87994e-04,4.25671e-07,3.07144e-04,7.51788e-05,7.24597e-05,3.44535e-05,5.57799e-05,9.06481e-05,6.06573e-05,4.54714e-05,1.01564e-04
7.98538e-05,1.30078e-04,1.12856e-03,8.71610e-05,3.55401e-02,6.19635e-05,1.59204e-04,6.31098e-05,1.10045e-04,2.92946e-04,5.03952e-06,3.10627e-04,8.25987e-05,6.46112e-05,3.66877e-05,4.92244e-05,8.73760e-05,6.19838e-05,5.19536e-05,9.85923e-05
7.84112e-05,1.41311e-04,1.84789e-03,1.04841e-04,5.23323e-02,1.43313e-04,1.54613e-03,9.13103e-05,1.15350e-04,3.05480e-04,1.38068e-05,3.23756e-04,8.05739e-05,6.23916e-05,3.86850e-05,4.91554e-05,8.46543e-05,6.25735e-05,6.65241e-05,1.02553e-04
8.04440e-05,1.29203e-04,3.08311e-03,1.63489e-04,7.48278e-02,2.87032e-04,2.48197e-03,1.04393e-04,1.23692e-04,3.35180e-04,2.48215e-05,3.37252e-04,8.29821e-05,6.03186e-05,4.11811e-05,5.38293e-05,8.38368e-05,6.14005e-05,9.17864e-05,9.77546e-05
8.29525e-05,1.23727e-04,4.68571e-03,2.12216e-04,1.43041e-01,4.63539e-04,2.72540e-03,1.08453e-04,1.34399e-04,3.53953e-04,3.22430e-05,3.51194e-04,8.52279e-05,5.69310e-05,4.74249e-05,6.13098e-05,8.48271e-05,6.09510e-05,1.12458e-04,9.31961e-05
8.41522e-05,1.63861e-04,5.65630e-03,2.19858e-04,1.87251e-01,5.96312e-04,3.07415e-03,1.08693e-04,1.39072e-04,3.98392e-04,3.59901e-05,3.64079e-04,9.04827e-05,5.50721e-05,5.29262e-05,8.10462e-05,8.58864e-05,6.15484e-05,1.30921e-04,1.14595e-04
8.43983e-05,1.62715e-04,5.70619e-03,2.12703e-04,1.57886e-01,7.40582e-04,3.40251e-03,1.10342e-04,1.48278e-04,4.32317e-04,3.87080e-05,3.76275e-04,9.78664e-05,6.52801e-05,5.74492e-05,1.07724e-04,9.18828e-05,6.07274e-05,1.53291e-04,1.87460e-04
8.23368e-05,1.91499e-04,5.10742e-03,2.42924e-04,1.13229e-01,1.14249e-03,3.76824e-03,1.07495e-04,1.55437e-04,4.59946e-04,4.12405e-05,3.88507e-04,9.84824e-05,6.50116e-05,5.88566e-05,1.86159e-04,1.03047e-04,6.12357e-05,1.67320e-04,2.55088e-04
8.31918e-05,1.65185e-04,4.31722e-03,2.96086e-04,7.67581e-02,2.15834e-03,4.06290e-03,1.00341e-04,1.59876e-04,5.00824e-04,4.69875e-05,4.01614e-04,1.00009e-04,7.05940e-05,6.28808e-05,2.79567e-04,9.59793e-05,8.86440e-05,1.89160e-04,2.93356e-04
9.32248e-05,1.76138e-04,3.63394e-03,3.84699e-04,5.17487e-02,3.79180e-03,4.08063e-03,1.01748e-04,1.69551e-04,5.28940e-04,5.36894e-05,4.17132e-04,1.03908e-04,9.13455e-05,7.13522e-05,4.28776e-04,1.06357e-04,5.33502e-04,2.07243e-04,3.05042e-04
1.11899e-04,1.92105e-04,3.11549e-03,5.20273e-04,3.51949e-02,5.47503e-03,3.91948e-03,1.05782e-04,1.73516e-04,5.43430e-04,7.64338e-05,4.39910e-04,1.36905e-04,1.16432e-04,7.73746e-05,5.65420e-04,1.16238e-04,3.63210e-02,2.41775e-04,3.20554e-04
1.28484e-04,6.09066e-04,2.62754e-03,7.95914e-04,2.44849e-02,6.82283e-03,3.91645e-03,1.18684e-04,1.75871e-04,5.65378e-04,1.52142e-04,4.67473e-04,1.70994e-04,1.48559e-04,8.21333e-05,6.40062e-04,1.25025e-04,1.00243e-01,3.00537e-04,3.29601e-04
1.50443e-04,1.08251e-03,2.12406e-03,1.58168e-03,1.76063e-02,8.49746e-03,4.65096e-03,1.53590e-04,1.80700e-04,6.06438e-04,4.49569e-04,5.03980e-04,2.31956e-04,1.85427e-04,1.09148e-04,6.65987e-04,1.21966e-04,6.11717e-02,4.12306e-04,3.36066e-04
1.82924e-04,3.39770e-03,1.64237e-03,3.59699e-03,1.31887e-02,1.16105e-02,5.99098e-03,2.77395e-04,1.89569e-04,6.98812e-04,1.84034e-03,5.51855e-04,2.68970e-04,2.12738e-04,2.31759e-04,7.06096e-04,1.20091e-04,3.44425e-02,6.66281e-04,3.45260e-04
2.09014e-04,7.27846e-03,1.24731e-03,6.79691e-03,1.02337e-02,1.73925e-02,8.31931e-03,8.12099e-04,2.04372e-04,8.56542e-04,5.74388e-03,5.92316e-04,2.63644e-04,2.28703e-04,3.65874e-04,8.45994e-04,1.11383e-04,2.27431e-02,2.21044e-03,3.77817e-04
2.23966e-04,1.55164e-02,1.01589e-03,9.84668e-03,8.68069e-03,2.94976e-02,1.28352e-02,1.61541e-03,2.29008e-04,1.11942e-03,1.01460e-02,6.45821e-04,2.39671e-04,2.44122e-04,4.49751e-04,1.15996e-03,1.10018e-04,1.64692e-02,1.23244e-02,4.33796e-04
2.33470e-04,3.06268e-02,9.22961e-04,1.16347e-02,8.69082e-03,4.33647e-02,1.94625e-02,1.84398e-03,2.65377e-04,1.46139e-03,1.30172e-02,6.97065e-04,2.27521e-04,2.61296e-04,5.76867e-04,1.70857e-03,1.10837e-04,1.23782e-02,3.28696e-02,4.79046e-04
2.40600e-04,4.75181e-02,9.04604e-04,1.30556e-02,8.85198e-03,4.93489e-02,2.58364e-02,1.85408e-03,3.11914e-04,1.83207e-03,1.38997e-02,7.79548e-04,2.28979e-04,2.85732e-04,7.08513e-04,2.59722e-03,1.15665e-04,9.48143e-03,5.24840e-02,5.24098e-04
2.53071e-04,6.20641e-02,8.79612e-04,1.53725e-02,9.11937e-03,4.55709e-02,2.81440e-02,1.83252e-03,3.56857e-04,2.14346e-03,1.46202e-02,8.71987e-04,2.45628e-04,3.22997e-04,7.91737e-04,3.96079e-03,1.36145e-04,7.37775e-03,6.40578e-02,5.55564e-04
2.66464e-04,7.10117e-02,8.22858e-04,1.94910e-02,9.31073e-03,3.59658e-02,2.76944e-02,1.82826e-03,4.15391e-04,2.40671e-03,1.64940e-02,9.98643e-04,2.59154e-04,3.64428e-04,9.26385e-04,5.37411e-03,1.46415e-04,5.83054e-03,6.49766e-02,5.93147e-04
2.66246e-04,7.56868e-02,7.49061e-04,2.62786e-02,9.21161e-03,2.60075e-02,2.56855e-02,1.84548e-03,4.66644e-04,2.63512e-03,1.82046e-02,1.17523e-03,2.82218e-04,3.87816e-04,1.09497e-03,6.23157e-03,1.65277e-04,4.69353e-03,5.65481e-02,6.09035e-04
2.85717e-04,8.10834e-02,6.90373e-04,3.57459e-02,8.57574e-03,1.85027e-02,2.20393e-02,1.92523e-03,5.05283e-04,2.84466e-03,1.93780e-02,1.37197e-03,3.13387e-04,4.21523e-04,1.31873e-03,6.35161e-03,1.79165e-04,3.86877e-03,4.59417e-02,6.45712e-04
3.07506e-04,9.01085e-02,6.55662e-04,4.58034e-02,7.74197e-03,1.34605e-02,1.78886e-02,2.12903e-03,5.41682e-04,2.94968e-03,2.03181e-02,1.63108e-03,2.92631e-04,4.54335e-04,1.70570e-03,5.99160e-03,1.97319e-04,3.26106e-03,3.75805e-02,6.81277e-04
3.27206e-04,1.06168e-01,6.47840e-04,5.38695e-02,6.80702e-03,1.01352e-02,1.46000e-02,2.66801e-03,5.56845e-04,3.07244e-03,2.18358e-02,1.92471e-03,3.14379e-04,4.94076e-04,2.33013e-03,5.53430e-03,2.12614e-04,2.80455e-03,3.21661e-02,7.07241e-04
3.50492e-04,1.32462e-01,6.50414e-04,5.99349e-02,5.91761e-03,7.97031e-03,1.26662e-02,4.47666e-03,5.61133e-04,3.20153e-03,2.43710e-02,2.23657e-03,3.43751e-04,5.41259e-04,3.64473e-03,5.27437e-03,2.26381e-04,2.45486e-03,2.91943e-02,7.35767e-04
3.67083e-04,1.62575e-01,6.34700e-04,6.58438e-02,5.09901e-03,6.58468e-03,1.20078e-02,9.45648e-03,5.56085e-04,3.35364e-03,2.71089e-02,2.55025e-03,3.47295e-04,6.01686e-04,6.92054e-03,5.28951e-03,2.50577e-04,2.18872e-03,2.75940e-02,7.40140e-04
3.95108e-04,1.78602e-01,5.97091e-04,7.17592e-02,4.37128e-03,5.75143e-03,1.23869e-02,1.92771e-02,5.41158e-04,3.50608e-03,2.82121e-02,2.85619e-03,3.44901e-04,6.71440e-04,1.43615e-02,5.50620e-03,2.55237e-04,1.99902e-03,2.64599e-02,7.25210e-04
4.17544e-04,1.72341e-01,5.37387e-04,7.58808e-02,3.73384e-03,5.38553e-03,1.34404e-02,3.24947e-02,5.28109e-04,3.69513e-03,2.67630e-02,3.15150e-03,3.70779e-04,7.29596e-04,2.61080e-02,5.74309e-03,2.52408e-04,1.88906e-03,2.51139e-02,7.21182e-04
4.56564e-04,1.52325e-01,4.67260e-04,7.72696e-02,3.21224e-03,5.50670e-03,1.48772e-02,4.52083e-02,5.40127e-04,3.87121e-03,2.36280e-02,3.43472e-03,3.84734e-04,7.86270e-04,3.72954e-02,5.84439e-03,2.40487e-04,1.86573e-03,2.31097e-02,6.96184e-04
4.99830e-04,1.30070e-01,3.94610e-04,7.70761e-02,2.75873e-03,6.19928e-03,1.69111e-02,5.50823e-02,6.11270e-04,4.05820e-03,2.02988e-02,3.69735e-03,3.99671e-04,8.22490e-04,4.37074e-02,5.74795e-03,2.46780e-04,1.93526e-03,2.04423e-02,6.84767e-04
5.38908e-04,1.11121e-01,3.34442e-04,7.72522e-02,2.35573e-03,7.50308e-03,2.04554e-02,6.25113e-02,1.16674e-03,4.26354e-03,1.77276e-02,3.95394e-03,4.26065e-04,8.43211e-04,4.60480e-02,5.42697e-03,2.48752e-04,2.10661e-03,1.75158e-02,6.89969e-04
5.56115e-04,9.70457e-02,2.67306e-04,7.92924e-02,2.01557e-03,9.30603e-03,2.64231e-02,7.02936e-02,4.27791e-03,4.48507e-03,1.61300e-02,4.20352e-03,4.27408e-04,8.39397e-04,4.67389e-02,4.99596e-03,2.43737e-04,2.37974e-03,1.47375e-02,7.13020e-04
5.55126e-04,8.73615e-02,2.41681e-04,8.42417e-02,1.71559e-03,1.12957e-02,3.44734e-02,8.06839e-02,1.69382e-02,4.73318e-03,1.52637e-02,4.44719e-03,4.29563e-04,8.14202e-04,4.67122e-02,4.52740e-03,2.59324e-04,2.71585e-03,1.23529e-02,7.27842e-04
5.19531e-04,8.14855e-02,2.24101e-04,9.35742e-02,1.45256e-03,1.30628e-02,4.30061e-02,9.52354e-02,4.44851e-02,5.00001e-03,1.47541e-02,4.70984e-03,4.44656e-04,7.89664e-04,4.61813e-02,4.09554e-03,2.74187e-04,3.02751e-03,1.04437e-02,7.69367e-04
4.96435e-04,7.81310e-02,2.16863e-04,1.10132e-01,1.21658e-03,1.44095e-02,5.07455e-02,1.11655e-01,6.44851e-02,5.28477e-03,1.42147e-02,5.01893e-03,4.68460e-04,7.60557e-04,4.54586e-02,3.74208e-03,2.75728e-04,3.20920e-03,8.84281e-03,8.17534e-04
4.93077e-04,7.65392e-02,1.97290e-04,1.37270e-01,1.02205e-03,1.55120e-02,5.74991e-02,1.25034e-01,5.92118e-02,5.60559e-03,1.34551e-02,5.39462e-03,4.81744e-04,7.24612e-04,4.50390e-02,3.46436e-03,2.83931e-04,3.18475e-03,7.59742e-03,8.82337e-04
4.88965e-04,7.59261e-02,1.69214e-04,1.76465e-01,8.65707e-04,1.68452e-02,6.31833e-02,1.30882e-01,4.26788e-02,5.95587e-03,1.24140e-02,5.87828e-03,5.09098e-04,6.90859e-04,4.51452e-02,3.26796e-03,2.92935e-04,2.96841e-03,6.60869e-03,9.61384e-04
5.05431e-04,7.57215e-02,1.41526e-04,2.23443e-01,7.31429e-04,1.89640e-02,6.72572e-02,1.30118e-01,2.80717e-02,6.26894e-03,1.11503e-02,6.53673e-03,5.02941e-04,6.62899e-04,4.53068e-02,3.11948e-03,2.88026e-04,2.61448e-03,5.82799e-03,1.02565e-03
5.21312e-04,7.60894e-02,1.17407e-04,2.68417e-01,6.37008e-04,2.22513e-02,6.93928e-02,1.25510e-01,1.83300e-02,6.64075e-03,9.82355e-03,7.47400e-03,5.18531e-04,6.43654e-04,4.47851e-02,3.03234e-03,2.88753e-04,2.23447e-03,5.18982e-03,1.09970e-03
5.34088e-04,7.81184e-02,1.00549e-04,3.01781e-01,5.68301e-04,2.63645e-02,7.00552e-02,1.21825e-01,1.24157e-02,7.00777e-03,8.54565e-03,8.87624e-03,5.32105e-04,6.41836e-04,4.28539e-02,3.02609e-03,2.90562e-04,1.86107e-03,4.64750e-03,1.15871e-03
5.34298e-04,8.33072e-02,8.79748e-05,3.20404e-01,5.09753e-04,3.00139e-02,6.94819e-02,1.21532e-01,8.87002e-03,7.37312e-03,7.38819e-03,1.10490e-02,5.15685e-04,6.48710e-04,3.94187e-02,3.16736e-03,2.87815e-04,1.53870e-03,4.20849e-03,1.19827e-03
5.38439e-04,9.39822e-02,8.94297e-05,3.28947e-01,4.69465e-04,3.16392e-02,6.81501e-02,1.24600e-01,6.70560e-03,7.76486e-03,6.40892e-03,1.44872e-02,5.46919e-04,6.59678e-04,3.51180e-02,3.57382e-03,2.81322e-04,1.27508e-03,3.83375e-03,1.24248e-03
5.33642e-04,1.10806e-01,1.04863e-04,3.33555e-01,4.30852e-04,3.06280e-02,6.62879e-02,1.29010e-01,5.35224e-03,8.13809e-03,5.62482e-03,1.98282e-02,5.73384e-04,6.71500e-04,3.03793e-02,4.43620e-03,2.84125e-04,1.06320e-03,3.50425e-03,1.26016e-03
5.39588e-04,1.32974e-01,9.95182e-05,3.38167e-01,3.92714e-04,2.77660e-02,6.38219e-02,1.30709e-01,4.44600e-03,8.51267e-03,4.99741e-03,2.78458e-02,6.06594e-04,6.85170e-04,2.59252e-02,5.88952e-03,2.89370e-04,8.99450e-04,3.23770e-03,1.28681e-03
5.28349e-04,1.55764e-01,9.33651e-05,3.44075e-01,3.67248e-04,2.41520e-02,6.08304e-02,1.26948e-01,3.84642e-03,8.85539e-03,4.52780e-03,3.93507e-02,6.31100e-04,6.88070e-04,2.18981e-02,7.93059e-03,2.89848e-04,7.68370e-04,2.99726e-03,1.30755e-03
5.16128e-04,1.72230e-01,9.05998e-05,3.50670e-01,3.50192e-04,2.06296e-02,5.71234e-02,1.18601e-01,3.45658e-03,9.13521e-03,4.20619e-03,5.49097e-02,6.67588e-04,6.74881e-04,1.85400e-02,1.01654e-02,2.86179e-04,6.63308e-04,2.79977e-03,1.30891e-03
5.07194e-04,1.78417e-01,9.26898e-05,3.56082e-01,3.41923e-04,1.76744e-02,5.28039e-02,1.07044e-01,3.22282e-03,9.32746e-03,4.01241e-03,7.45840e-02,6.92081e-04,6.68286e-04,1.57425e-02,1.19719e-02,2.90650e-04,5.79546e-04,2.63915e-03,1.29586e-03
5.15766e-04,1.73934e-01,9.42103e-05,3.57875e-01,3.38276e-04,1.53523e-02,4.79848e-02,9.50434e-02,3.12703e-03,9.42521e-03,3.92984e-03,9.76877e-02,7.27905e-04,6.54965e-04,1.34526e-02,1.28299e-02,2.89053e-04,5.13999e-04,2.48609e-03,1.27001e-03
5.29128e-04,1.62689e-01,1.01133e-04,3.54102e-01,3.35735e-04,1.35843e-02,4.32225e-02,8.38195e-02,3.15547e-03,9.45529e-03,3.93980e-03,1.22618e-01,7.45861e-04,6.35911e-04,1.15652e-02,1.26417e-02,3.00526e-04,4.62319e-04,2.33488e-03,1.25087e-03
5.54010e-04,1.49375e-01,1.26860e-04,3.45215e-01,3.29354e-04,1.22378e-02,3.89217e-02,7.43068e-02,3.29215e-03,9.35980e-03,4.02526e-03,1.46938e-01,7.75359e-04,6.13797e-04,1.00533e-02,1.16802e-02,3.00231e-04,4.19897e-04,2.19673e-03,1.21285e-03
5.74709e-04,1.37297e-01,1.54265e-04,3.33290e-01,3.15281e-04,1.12107e-02,3.55594e-02,6.65506e-02,3.54470e-03,9.17966e-03,4.15372e-03,1.67715e-01,7.90910e-04,5.81478e-04,8.79503e-03,1.03341e-02,3.17525e-04,3.82580e-04,2.08053e-03,1.17992e-03
5.67579e-04,1.28459e-01,1.67505e-04,3.21005e-01,3.00436e-04,1.04049e-02,3.35386e-02,6.03280e-02,3.89536e-03,8.92883e-03,4.28489e-03,1.82282e-01,7.91559e-04,5.49767e-04,7.74158e-03,8.88285e-03,3.23513e-04,3.49110e-04,1.98008e-03,1.13738e-03
5.61743e-04,1.24393e-01,1.50728e-04,3.09794e-01,2.79830e-04,9.72474e-03,3.36686e-02,5.54445e-02,4.31796e-03,8.62029e-03,4.40087e-03,1.89144e-01,7.86989e-04,5.18035e-04,6.84911e-03,7.56753e-03,3.40351e-04,3.17678e-04,1.89819e-03,1.09846e-03
5.36185e-04,1.26047e-01,1.27465e-04,2.99206e-01,2.65618e-04,9.05461e-03,3.65714e-02,5.15255e-02,4.76847e-03,8.26678e-03,4.47450e-03,1.88178e-01,7.62550e-04,4.85495e-04,6.10478e-03,6.43622e-03,3.75127e-04,2.85869e-04,1.81985e-03,1.06665e-03
5.07768e-04,1.35488e-01,1.11382e-04,2.88221e-01,2.51019e-04,8.42521e-03,4.28952e-02,4.84337e-02,5.20167e-03,7.91891e-03,4.49479e-03,1.80790e-01,7.42712e-04,4.63703e-04,5.47310e-03,5.50705e-03,3.97947e-04,2.60547e-04,1.75216e-03,1.02683e-03
4.67560e-04,1.56111e-01,1.02824e-04,2.75369e-01,2.35480e-04,7.81267e-03,5.23888e-02,4.59794e-02,5.57942e-03,7.65153e-03,4.44275e-03,1.68983e-01,7.15038e-04,4.39343e-04,4.92979e-03,4.74438e-03,4.08698e-04,2.44071e-04,1.69850e-03,9.91568e-04
4.26333e-04,1.91476e-01,9.61097e-05,2.60225e-01,2.20381e-04,7.21263e-03,6.31253e-02,4.39693e-02,5.86836e-03,8.09600e-03,4.33361e-03,1.54898e-01,7.07153e-04,4.17180e-04,4.46007e-03,4.13935e-03,4.31734e-04,2.33210e-04,1.65251e-03,9.70822e-04
3.88144e-04,2.42882e-01,8.83765e-05,2.43008e-01,2.14058e-04,6.62592e-03,7.18687e-02,4.24893e-02,6.04114e-03,1.38661e-02,4.18078e-03,1.40376e-01,6.74153e-04,3.93297e-04,4.04761e-03,3.64882e-03,4.42363e-04,2.27381e-04,1.60166e-03,9.40169e-04
3.44268e-04,3.04859e-01,8.34153e-05,2.24879e-01,2.07921e-04,6.06985e-03,7.58802e-02,4.14866e-02,6.08641e-03,4.69029e-02,3.98689e-03,1.26801e-01,6.76530e-04,3.71187e-04,3.69055e-03,3.28887e-03,4.42403e-04,2.25735e-04,1.54203e-03,9.23076e-04
3.14728e-04,3.62578e-01,8.39519e-05,2.07268e-01,2.02139e-04,5.55347e-03,7.50494e-02,4.11290e-02,6.01158e-03,1.75461e-01,3.77947e-03,1.14968e-01,6.70765e-04,3.52993e-04,3.36458e-03,2.96377e-03,4.36915e-04,2.24163e-04,1.48808e-03,8.99163e-04
2.90240e-04,3.97348e-01,8.86804e-05,1.91065e-01,1.91164e-04,5.07483e-03,7.06874e-02,4.14280e-02,5.83389e-03,4.74429e-01,3.56410e-03,1.05224e-01,6.52831e-04,3.38972e-04,3.07679e-03,2.72334e-03,4.39867e-04,2.20449e-04,1.45045e-03,8.79004e-04
2.70281e-04,4.01713e-01,8.94063e-05,1.77402e-01,1.82921e-04,4.63097e-03,6.51242e-02,4.27238e-02,5.57127e-03,7.70058e-01,3.35755e-03,9.76495e-02,6.44847e-04,3.35949e-04,2.82089e-03,2.53914e-03,4.30957e-04,2.15368e-04,1.39725e-03,8.70533e-04
2.54779e-04,3.79490e-01,9.61782e-05,1.67034e-01,1.82038e-04,4.22130e-03,5.95963e-02,4.49812e-02,5.25269e-03,7.85297e-01,3.15727e-03,9.22431e-02,6.38468e-04,3.19748e-04,2.59673e-03,2.37731e-03,4.31938e-04,2.07227e-04,1.35726e-03,8.58205e-04
2.44497e-04,3.42494e-01,1.01863e-04,1.60280e-01,1.79098e-04,3.85390e-03,5.44279e-02,4.84629e-02,4.89553e-03,6.00223e-01,2.96588e-03,8.90836e-02,6.36498e-04,3.16726e-04,2.39840e-03,2.24884e-03,4.24645e-04,1.94738e-04,1.32523e-03,8.33308e-04
2.40101e-04,3.00076e-01,1.03024e-04,1.57216e-01,1.68918e-04,3.51661e-03,4.97396e-02,5.27816e-02,4.52548e-03,4.02338e-01,2.78177e-03,8.80895e-02,6.53594e-04,3.05768e-04,2.22028e-03,2.14855e-03,4.24032e-04,1.81221e-04,1.28076e-03,8.24633e-04
2.45519e-04,2.60090e-01,1.00051e-04,1.57378e-01,1.61869e-04,3.20741e-03,4.54829e-02,5.77009e-02,4.16777e-03,2.61979e-01,2.60292e-03,8.94266e-02,6.60390e-04,3.03538e-04,2.06297e-03,2.07384e-03,4.32776e-04,1.73111e-04,1.21831e-03,8.08554e-04
2.55409e-04,2.25531e-01,9.49119e-05,1.59445e-01,1.63309e-04,2.92776e-03,4.14801e-02,6.24960e-02,3.80987e-03,1.75883e-01,2.43286e-03,9.32261e-02,6.67496e-04,2.99240e-04,1.91984e-03,2.01711e-03,4.47186e-04,1.71002e-04,1.18797e-03,8.05142e-04
2.63302e-04,1.97308e-01,9.21119e-05,1.61413e-01,1.69671e-04,2.67708e-03,3.76305e-02,6.64255e-02,3.48144e-03,1.25438e-01,2.27309e-03,9.95666e-02,6.91481e-04,2.81023e-04,1.79663e-03,1.99670e-03,4.57913e-04,1.70555e-04,1.15928e-03,7.77199e-04
2.62727e-04,1.72977e-01,9.39380e-05,1.61652e-01,1.69203e-04,2.44978e-03,3.39239e-02,6.90087e-02,3.16937e-03,9.73272e-02,2.12187e-03,1.08445e-01,6.99700e-04,2.80112e-04,1.68704e-03,1.96806e-03,4.72673e-04,1.69621e-04,1.12661e-03,7.78696e-04
2.60808e-04,1.55094e-01,1.03633e-04,1.58979e-01,1.77371e-04,2.25072e-03,3.05240e-02,7.00815e-02,2.87473e-03,8.15223e-02,1.97862e-03,1.19806e-01,7.31507e-04,2.89165e-04,1.58372e-03,1.94833e-03,4.89706e-04,1.65882e-04,1.08443e-03,7.63751e-04
2.60203e-04,1.40829e-01,1.19943e-04,1.53739e-01,1.88694e-04,2.06682e-03,2.73996e-02,6.93711e-02,2.61940e-03,7.42303e-02,1.84023e-03,1.33876e-01,7.62615e-04,2.93361e-04,1.49084e-03,1.93008e-03,5.24632e-04,1.58573e-04,1.04135e-03,7.66047e-04
2.50948e-04,1.29401e-01,1.45659e-04,1.46827e-01,2.00915e-04,1.89756e-03,2.45669e-02,6.72059e-02,2.38452e-03,7.16136e-02,1.70594e-03,1.52019e-01,8.02671e-04,2.92225e-04,1.40355e-03,1.92058e-03,5.61556e-04,1.49958e-04,9.86675e-04,7.40445e-04
2.51391e-04,1.21688e-01,1.63265e-04,1.39147e-01,2.13988e-04,1.75086e-03,2.20748e-02,6.39657e-02,2.18149e-03,7.18818e-02,1.57271e-03,1.77893e-01,8.20149e-04,2.95106e-04,1.32818e-03,1.92069e-03,5.93346e-04,1.42050e-04,9.21321e-04,7.18045e-04
2.43215e-04,1.16375e-01,1.80115e-04,1.32213e-01,2.16461e-04,1.61867e-03,1.99385e-02,6.01892e-02,1.98623e-03,7.33265e-02,1.45845e-03,2.17709e-01,8.51890e-04,2.85638e-04,1.26218e-03,1.90679e-03,6.45120e-04,1.35515e-04,8.59975e-04,7.15335e-04
2.31687e-04,1.13710e-01,2.09236e-04,1.26152e-01,2.28113e-04,1.50760e-03,1.80750e-02,5.60531e-02,1.83316e-03,7.44179e-02,1.34835e-03,2.78956e-01,8.83027e-04,2.80631e-04,1.20082e-03,1.90677e-03,6.93206e-04,1.30253e-04,8.13224e-04,7.16207e-04
2.14532e-04,1.13672e-01,2.31128e-04,1.21390e-01,2.46911e-04,1.40964e-03,1.65012e-02,5.18396e-02,1.69578e-03,7.45521e-02,1.24750e-03,3.66394e-01,9.04998e-04,2.72725e-04,1.14336e-03,1.89848e-03,7.40661e-04,1.28046e-04,7.69045e-04,7.21568e-04
2.04132e-04,1.17136e-01,2.44377e-04,1.17877e-01,2.68779e-04,1.31890e-03,1.50952e-02,4.77335e-02,1.57322e-03,7.31837e-02,1.15816e-03,4.75832e-01,9.20047e-04,2.62749e-04,1.09257e-03,1.88563e-03,7.92202e-04,1.23284e-04,7.31092e-04,7.10627e-04
1.97405e-04,1.24403e-01,2.45981e-04,1.15468e-01,3.12062e-04,1.22954e-03,1.39220e-02,4.39071e-02,1.46364e-03,7.03201e-02,1.07742e-03,5.91236e-01,9.28787e-04,2.60426e-04,1.04797e-03,1.86639e-03,8.42399e-04,1.19373e-04,6.97941e-04,6.95055e-04
1.79178e-04,1.36749e-01,2.38629e-04,1.13910e-01,3.48177e-04,1.15166e-03,1.28903e-02,4.03847e-02,1.36897e-03,6.63804e-02,1.00398e-03,6.89797e-01,9.68601e-04,2.43063e-04,1.00709e-03,1.87202e-03,8.91842e-04,1.15445e-04,6.89645e-04,6.82447e-04
1.56552e-04,1.54950e-01,2.21383e-04,1.12808e-01,3.69934e-04,1.07843e-03,1.19982e-02,3.72307e-02,1.28595e-03,6.19351e-02,9.36245e-04,7.53253e-01,9.89864e-04,2.26538e-04,9.56327e-04,1.84917e-03,9.36488e-04,1.13357e-04,6.67094e-04,6.93633e-04
1.50362e-04,1.80884e-01,2.04525e-04,1.11528e-01,3.73482e-04,1.01525e-03,1.12043e-02,3.44685e-02,1.21314e-03,5.72766e-02,8.75584e-04,7.76247e-01,1.00814e-03,2.25764e-04,9.28898e-04,1.82954e-03,9.78027e-04,1.10692e-04,6.58795e-04,6.85157e-04
1.44030e-04,2.14942e-01,1.89239e-04,1.09862e-01,4.01804e-04,9.59406e-04,1.04952e-02,3.20991e-02,1.14781e-03,5.25897e-02,8.17985e-04,7.64269e-01,1.00826e-03,2.25317e-04,8.88427e-04,1.82029e-03,1.01533e-03,1.10613e-04,6.45400e-04,6.68849e-04
1.38381e-04,2.57238e-01,2.15033e-04,1.07299e-01,4.64468e-04,9.09788e-04,9.82319e-03,3.02317e-02,1.09141e-03,4.82782e-02,7.63546e-04,7.28376e-01,1.02933e-03,2.13610e-04,8.56424e-04,1.80724e-03,1.03577e-03,1.12588e-04,6.29204e-04,6.64017e-04
1.31909e-04,3.06299e-01,3.56434e-04,1.03818e-01,7.22204e-04,8.66309e-04,9.24751e-03,2.88938e-02,1.06514e-03,4.43833e-02,7.12981e-04,6.77673e-01,1.03078e-03,2.03755e-04,8.15160e-04,1.80550e-03,1.05421e-03,1.26181e-04,6.30323e-04,6.52540e-04
1.24483e-04,3.57869e-01,7.79569e-04,9.94677e-02,2.10021e-03,8.30030e-04,8.69335e-03,2.79535e-02,1.07393e-03,4.09034e-02,6.65681e-04,6.19156e-01,1.04152e-03,2.29686e-04,7.86386e-04,1.78223e-03,1.07430e-03,1.53139e-04,6.28726e-04,6.40967e-04
1.34403e-04,4.06369e-01,1.44355e-03,9.44538e-02,5.27606e-03,7.90333e-04,8.17326e-03,2.75249e-02,1.12818e-03,3.78964e-02,6.24374e-04,5.57759e-01,1.04432e-03,3.22704e-04,7.60045e-04,1.76495e-03,1.10547e-03,1.90124e-04,6.37816e-04,6.36246e-04
1.59741e-04,4.45511e-01,3.15990e-03,8.90925e-02,1.58335e-02,7.51249e-04,7.67616e-03,2.76436e-02,1.22342e-03,3.54534e-02,5.87866e-04,4.97288e-01,1.04964e-03,5.07572e-04,7.36291e-04,1.77370e-03,1.13940e-03,2.50338e-04,6.52590e-04,6.77172e-04
1.80780e-04,4.69803e-01,6.46018e-03,8.36180e-02,4.83692e-02,7.12132e-04,7.26338e-03,2.85718e-02,1.34856e-03,3.32046e-02,5.59554e-04,4.40023e-01,1.05880e-03,7.73829e-04,7.12623e-04,1.77355e-03,1.17096e-03,3.31958e-04,6.97095e-04,7.30818e-04
2.61777e-04,4.78964e-01,9.78501e-03,7.82992e-02,8.41513e-02,6.81115e-04,6.82364e-03,3.05165e-02,1.48342e-03,3.13730e-02,5.28870e-04,3.87856e-01,1.11007e-03,1.11519e-03,6.90237e-04,1.74642e-03,1.20114e-03,4.02893e-04,7.29787e-04,8.29544e-04
5.01899e-04,4.73744e-01,1.13052e-02,7.32453e-02,8.75630e-02,6.56345e-04,6.44527e-03,3.41135e-02,1.63601e-03,2.96385e-02,5.00486e-04,3.41952e-01,2.66865e-03,1.54841e-03,6.69996e-04,1.70934e-03,1.21739e-03,4.97147e-04,8.12509e-04,9.65327e-04
9.15059e-04,4.58206e-01,1.13479e-02,6.86125e-02,7.91609e-02,6.33774e-04,6.06931e-03,4.04926e-02,1.82563e-03,2.81838e-02,4.76956e-04,3.02503e-01,8.92958e-03,2.13927e-03,6.65915e-04,1.71940e-03,1.24507e-03,6.20673e-04,8.59307e-04,1.06660e-03
1.64082e-03,4.35545e-01,1.21797e-02,6.44169e-02,7.49048e-02,6.11641e-04,5.73972e-03,5.27124e-02,2.19129e-03,2.68174e-02,4.59661e-04,2.69545e-01,2.28763e-02,3.41069e-03,6.51905e-04,1.71746e-03,1.24475e-03,1.45019e-03,9.60528e-04,1.13191e-03
4.22122e-03,4.09942e-01,1.66569e-02,6.08820e-02,7.67183e-02,5.97294e-04,5.43911e-03,7.58692e-02,3.20760e-03,2.56627e-02,4.43370e-04,2.42457e-01,4.43290e-02,8.42903e-03,6.45028e-04,1.70271e-03,1.32901e-03,3.50891e-03,1.00204e-03,1.19228e-03
1.23015e-02,3.84079e-01,2.41481e-02,5.79207e-02,8.07963e-02,8.45687e-04,5.21157e-03,1.17841e-01,5.59992e-03,2.48132e-02,4.31093e-04,2.20483e-01,7.59954e-02,2.43852e-02,6.51781e-04,1.70769e-03,1.54261e-03,6.79086e-03,1.11753e-03,1.29798e-03
2.32228e-02,3.59205e-01,3.26966e-02,5.56783e-02,8.56525e-02,1.41692e-03,5.11760e-03,1.86672e-01,9.39463e-03,2.46240e-02,4.48263e-04,2.02939e-01,3.29112e-01,5.19927e-02,6.91709e-04,1.69519e-03,1.77085e-03,1.01526e-02,1.28725e-03,1.56796e-03
4.64461e-02,3.36093e-01,3.93674e-02,5.41011e-02,9.05018e-02,2.24787e-03,5.38568e-03,2.79015e-01,1.44393e-02,2.50148e-02,5.13653e-04,1.89343e-01,8.55029e-01,9.19017e-02,7.21075e-04,1.68419e-03,1.94533e-03,1.41260e-02,1.54058e-03,1.99137e-03
1.02738e-01,3.17028e-01,4.02159e-02,5.30090e-02,9.03491e-02,3.00269e-03,5.87460e-03,3.69222e-01,2.17012e-02,2.55360e-02,5.80228e-04,1.79419e-01,1.05746e+00,1.44212e-01,7.78756e-04,1.69306e-03,2.10677e-03,2.75329e-02,1.84946e-03,2.41841e-03
2.06221e-01,3.01549e-01,3.65344e-02,5.25125e-02,8.29596e-02,3.60582e-03,6.23383e-03,4.20582e-01,3.30543e-02,2.57574e-02,6.63879e-04,1.73090e-01,1.35263e+00,1.89635e-01,8.49938e-04,1.71684e-03,2.24808e-03,6.17657e-02,2.12591e-03,2.74964e-03
3.62947e-01,2.89551e-01,3.16980e-02,5.26324e-02,7.15872e-02,4.55341e-03,6.42764e-03,4.17950e-01,5.29268e-02,2.64102e-02,8.10284e-04,1.70718e-01,1.72523e+00,2.30281e-01,9.16048e-04,1.73406e-03,2.39958e-03,8.04173e-02,2.35547e-03,3.00879e-03
4.98615e-01,2.78488e-01,2.76105e-02,5.34581e-02,5.90416e-02,6.50866e-03,6.67264e-03,3.75704e-01,8.32286e-02,2.78504e-02,8.91388e-04,1.72470e-01,2.21080e+00,2.70269e-01,9.76355e-04,1.79199e-03,2.59049e-03,6.89974e-02,2.55388e-03,3.28841e-03
5.52390e-01,2.66184e-01,2.41813e-02,5.55087e-02,4.65696e-02,9.69755e-03,6.98312e-03,3.18505e-01,1.09901e-01,3.02473e-02,8.84859e-04,1.79008e-01,2.49389e+00,3.08705e-01,1.04095e-03,1.83743e-03,2.95651e-03,5.70349e-02,2.73567e-03,3.64764e-03
5.53436e-01,2.52509e-01,2.06116e-02,5.93420e-02,3.55822e-02,1.18889e-02,7.25935e-03,2.63701e-01,1.18592e-01,3.36961e-02,8.63674e-04,1.91029e-01,2.23200e+00,3.58617e-01,1.10153e-03,1.92783e-03,3.64942e-03,5.34226e-02,2.91556e-03,4.10566e-03
5.55449e-01,2.37798e-01,1.68783e-02,6.61569e-02,2.65018e-02,1.14941e-02,7.43121e-03,2.18593e-01,1.16429e-01,3.75645e-02,8.60741e-04,2.09559e-01,1.84481e+00,4.42548e-01,1.17897e-03,2.03612e-03,5.52861e-03,5.31327e-02,3.05401e-03,4.64120e-03
5.79809e-01,2.23222e-01,1.34039e-02,7.85761e-02,1.98174e-02,9.80428e-03,7.42969e-03,1.84009e-01,1.18331e-01,4.13250e-02,8.64425e-04,2.35488e-01,1.57686e+00,5.71876e-01,1.29621e-03,2.12710e-03,1.01021e-02,4.96692e-02,3.14837e-03,5.37687e-03
5.75483e-01,2.09098e-01,1.03894e-02,1.01478e-01,1.48831e-02,8.08280e-03,7.27804e-03,1.58205e-01,1.33119e-01,4.45568e-02,8.48125e-04,2.69423e-01,1.40379e+00,6.56792e-01,1.45391e-03,2.19701e-03,1.70916e-02,4.20393e-02,3.17980e-03,6.22716e-03
4.98913e-01,1.96366e-01,7.96452e-03,1.42179e-01,1.13046e-02,6.72256e-03,7.02429e-03,1.39032e-01,1.58457e-01,4.72828e-02,8.21394e-04,3.09885e-01,1.30884e+00,5.96790e-01,1.63139e-03,2.29025e-03,2.12826e-02,3.33039e-02,3.14033e-03,7.18628e-03
3.84641e-01,1.86449e-01,6.09862e-03,2.08047e-01,8.70354e-03,5.71129e-03,6.70386e-03,1.24173e-01,1.85457e-01,4.94986e-02,8.09323e-04,3.55373e-01,1.23233e+00,4.61235e-01,1.82182e-03,2.36882e-03,2.06152e-02,2.58522e-02,3.06429e-03,8.29052e-03
2.81814e-01,1.77771e-01,4.69477e-03,2.97762e-01,6.81065e-03,4.91566e-03,6.37561e-03,1.12708e-01,2.12566e-01,5.13772e-02,7.99058e-04,4.03192e-01,1.11108e+00,3.40317e-01,2.02718e-03,2.43606e-03,1.82391e-02,2.00767e-02,2.98514e-03,9.54317e-03
2.05380e-01,1.70712e-01,3.67395e-03,3.92072e-01,5.41483e-03,4.33339e-03,6.03451e-03,1.03774e-01,2.44091e-01,5.26504e-02,7.74646e-04,4.49194e-01,9.50084e-01,2.52705e-01,2.24959e-03,2.48498e-03,1.64982e-02,1.58603e-02,2.91173e-03,1.09241e-02
1.52591e-01,1.64897e-01,2.92007e-03,4.57504e-01,4.38526e-03,3.82693e-03,5.77785e-03,9.57628e-02,2.79570e-01,5.33525e-02,7.51986e-04,4.90293e-01,7.84570e-01,1.92788e-01,2.49700e-03,2.50573e-03,1.59472e-02,1.26788e-02,2.85324e-03,1.23325e-02
1.16337e-01,1.59758e-01,2.37068e-03,4.70312e-01,3.61032e-03,3.40657e-03,5.55950e-03,8.90458e-02,3.13690e-01,5.32461e-02,7.37948e-04,5.23754e-01,6.37094e-01,1.50176e-01,2.77773e-03,2.51486e-03,1.65751e-02,1.01760e-02,2.81611e-03,1.36866e-02
9.12911e-02,1.55648e-01,1.96289e-03,4.36223e-01,3.02462e-03,3.07939e-03,5.39941e-03,8.34480e-02,3.43652e-01,5.22181e-02,7.36947e-04,5.46426e-01,5.23795e-01,1.19208e-01,3.12166e-03,2.48882e-03,1.82386e-02,8.28149e-03,2.78298e-03,1.50311e-02
7.29111e-02,1.52230e-01,1.65835e-03,3.77723e-01,2.55763e-03,2.80518e-03,5.25286e-03,7.79443e-02,3.68191e-01,5.05225e-02,7.37663e-04,5.56924e-01,4.38628e-01,9.59833e-02,3.53768e-03,2.46098e-03,2.06297e-02,6.82334e-03,2.74007e-03,1.68409e-02
5.92108e-02,1.49430e-01,1.42863e-03,3.15948e-01,2.21032e-03,2.56379e-03,5.13892e-03,7.37652e-02,3.80823e-01,4.80860e-02,7.46286e-04,5.55712e-01,3.74215e-01,7.83344e-02,4.02769e-03,2.41563e-03,2.35515e-02,5.68300e-03,2.69631e-03,2.08051e-02
4.86930e-02,1.47290e-01,1.24578e-03,2.62488e-01,1.93192e-03,2.35012e-03,5.04434e-03,6.95200e-02,3.73499e-01,4.52362e-02,7.45232e-04,5.44547e-01,3.25565e-01,6.44788e-02,4.56304e-03,2.35708e-03,2.68752e-02,4.78703e-03,2.64408e-03,3.13061e-02
4.05551e-02,1.45418e-01,1.11069e-03,2.20751e-01,1.70966e-03,2.17517e-03,5.01991e-03,6.55009e-02,3.46547e-01,4.20447e-02,7.35454e-04,5.26357e-01,2.86357e-01,5.38110e-02,5.11317e-03,2.30642e-03,3.09896e-02,4.05864e-03,2.58481e-03,5.57737e-02
3.43693e-02,1.44021e-01,9.95871e-04,1.89394e-01,1.53490e-03,2.03946e-03,5.15345e-03,6.16888e-02,3.08756e-01,3.88071e-02,7.19128e-04,5.03691e-01,2.57068e-01,4.52320e-02,5.65590e-03,2.25058e-03,3.72944e-02,3.46920e-03,2.50871e-03,1.03659e-01
2.91893e-02,1.42517e-01,9.02429e-04,1.66485e-01,1.39363e-03,1.93477e-03,5.49127e-03,5.79623e-02,2.70182e-01,3.56429e-02,6.99162e-04,4.79117e-01,2.32178e-01,3.82465e-02,6.18478e-03,2.18560e-03,5.05020e-02,2.98821e-03,2.43622e-03,1.68347e-01
2.51511e-02,1.40293e-01,8.35186e-04,1.49471e-01,1.27406e-03,1.86570e-03,6.09531e-03,5.43981e-02,2.37477e-01,3.27261e-02,6.76820e-04,4.54092e-01,2.11894e-01,3.26841e-02,6.69928e-03,2.12986e-03,8.78731e-02,2.60740e-03,2.34779e-03,2.05186e-01
2.18260e-02,1.37931e-01,7.85319e-04,1.35714e-01,1.18695e-03,1.82813e-03,6.93239e-03,5.13570e-02,2.13204e-01,3.02752e-02,6.58630e-04,4.29749e-01,1.95245e-01,2.81048e-02,7.19806e-03,2.07504e-03,2.21392e-01,2.29889e-03,2.25801e-03,2.02928e-01
1.91834e-02,1.35321e-01,7.70481e-04,1.26004e-01,1.10221e-03,1.82373e-03,7.87449e-03,4.80767e-02,1.97026e-01,2.83071e-02,6.46286e-04,4.06415e-01,1.80007e-01,2.42617e-02,7.67231e-03,2.04653e-03,7.27685e-01,2.06116e-03,2.18041e-03,3.13953e+00
1.70386e-02,1.32619e-01,7.58575e-04,1.17355e-01,1.01804e-03,1.84354e-03,8.77169e-03,4.52221e-02,1.86560e-01,2.68016e-02,6.38330e-04,3.83853e-01,1.67092e-01,2.11984e-02,8.06157e-03,1.98921e-03,1.98811e+00,1.82785e-03,2.08886e-03,1.26289e+01
1.52157e-02,1.30110e-01,7.47556e-04,1.11046e-01,9.51709e-04,1.88320e-03,9.53139e-03,4.24499e-02,1.77088e-01,2.56916e-02,6.29942e-04,3.62564e-01,1.56761e-01,1.86500e-02,8.32918e-03,1.94719e-03,2.68624e+00,1.70346e-03,2.01321e-03,4.34562e+00
1.37070e-02,1.27656e-01,7.48245e-04,1.04862e-01,8.88865e-04,1.95625e-03,1.00574e-02,3.99768e-02,1.66362e-01,2.50118e-02,6.22460e-04,3.42491e-01,1.47352e-01,1.64648e-02,8.45886e-03,1.92428e-03,2.08665e+00,1.55129e-03,1.93544e-03,2.22985e+00
1.24560e-02,1.25596e-01,7.43467e-04,9.95116e-02,8.31415e-04,2.05964e-03,1.03948e-02,3.77907e-02,1.52522e-01,2.47357e-02,6.13974e-04,3.23233e-01,1.42386e-01,1.46052e-02,8.45609e-03,1.91617e-03,1.40335e+00,1.46930e-03,1.86505e-03,1.59397e+00
1.13237e-02,1.23977e-01,7.38140e-04,9.48535e-02,7.84540e-04,2.19290e-03,1.05233e-02,3.58352e-02,1.35889e-01,2.48169e-02,6.15114e-04,3.05504e-01,1.36849e-01,1.30377e-02,8.39512e-03,1.96150e-03,9.85159e-01,1.39916e-03,1.80777e-03,1.28614e+00
1.03936e-02,1.22278e-01,7.35595e-04,9.02250e-02,7.33725e-04,2.37582e-03,1.05207e-02,3.42011e-02,1.18155e-01,2.51602e-02,6.18045e-04,2.88574e-01,1.30939e-01,1.16657e-02,8.34157e-03,2.19208e-03,7.39067e-01,1.33113e-03,1.75782e-03,1.10813e+00
9.53940e-03,1.21041e-01,7.26011e-04,8.59905e-02,6.96579e-04,2.60325e-03,1.03649e-02,3.29302e-02,1.00798e-01,2.56641e-02,6.26651e-04,2.73062e-01,1.23897e-01,1.05381e-02,8.35016e-03,2.96070e-03,5.75701e-01,1.26369e-03,1.70873e-03,9.89206e-01
8.84509e-03,1.19699e-01,7.02435e-04,8.18991e-02,6.65996e-04,2.87711e-03,1.01052e-02,3.19236e-02,8.51016e-02,2.62847e-02,6.35305e-04,2.58764e-01,1.14178e-01,9.53097e-03,8.44159e-03,4.79390e-03,4.56152e-01,1.20222e-03,1.66465e-03,9.00137e-01
8.18100e-03,1.18426e-01,6.74424e-04,7.80823e-02,6.46689e-04,3.20220e-03,9.79401e-03,3.11178e-02,7.15153e-02,2.69025e-02,6.39003e-04,2.45790e-01,1.01666e-01,8.64205e-03,8.58875e-03,7.90925e-03,3.63300e-01,1.15016e-03,1.62824e-03,8.17391e-01
7.60204e-03,1.17059e-01,6.58113e-04,7.49751e-02,6.37658e-04,3.58432e-03,9.41978e-03,3.06334e-02,6.02354e-02,2.74714e-02,6.40528e-04,2.34062e-01,8.93968e-02,7.92222e-03,8.72476e-03,1.14225e-02,2.90664e-01,1.11059e-03,1.61215e-03,7.44919e-01
7.06374e-03,1.15529e-01,6.56583e-04,7.23790e-02,6.34537e-04,4.01149e-03,9.01234e-03,3.03280e-02,5.11666e-02,2.79986e-02,6.39947e-04,2.23392e-01,7.72104e-02,7.30342e-03,8.77821e-03,1.36955e-02,2.35780e-01,1.07699e-03,1.60934e-03,6.67150e-01
6.61315e-03,1.13930e-01,6.61052e-04,7.07194e-02,6.21474e-04,4.45866e-03,8.60987e-03,3.01020e-02,4.37867e-02,2.83497e-02,6.34490e-04,2.13850e-01,6.61513e-02,6.75609e-03,8.67203e-03,1.38272e-02,1.92936e-01,1.03959e-03,1.62890e-03,5.95805e-01
6.17076e-03,1.12577e-01,6.66134e-04,7.01193e-02,6.04265e-04,4.89806e-03,8.26273e-03,3.00173e-02,3.77324e-02,2.86016e-02,6.25802e-04,2.05204e-01,5.53939e-02,6.26044e-03,8.39457e-03,1.22574e-02,1.60276e-01,1.00249e-03,1.67096e-03,5.28893e-01
5.75726e-03,1.11259e-01,6.62442e-04,7.05710e-02,5.94829e-04,5.28082e-03,7.94561e-03,2.99725e-02,3.28729e-02,2.86860e-02,6.14203e-04,1.97558e-01,4.73843e-02,5.83382e-03,7.97175e-03,1.00954e-02,1.34956e-01,9.68895e-04,1.72158e-03,4.67966e-01
5.43426e-03,1.09740e-01,6.58110e-04,7.18522e-02,5.90680e-04,5.48108e-03,7.66326e-03,3.00017e-02,2.88601e-02,2.86432e-02,6.01724e-04,1.90965e-01,4.04304e-02,5.48332e-03,7.42132e-03,8.07418e-03,1.15012e-01,9.34038e-04,1.79423e-03,4.12056e-01
5.04533e-03,1.08022e-01,6.48771e-04,7.34918e-02,5.79024e-04,5.60274e-03,7.37425e-03,3.00785e-02,2.55391e-02,2.84895e-02,5.85940e-04,1.85256e-01,3.47417e-02,5.16975e-03,6.83739e-03,6.53285e-03,9.90519e-02,8.92751e-04,1.88694e-03,3.66113e-01
4.76908e-03,1.05863e-01,6.32833e-04,7.49418e-02,5.70294e-04,5.58122e-03,7.16316e-03,3.03490e-02,2.27613e-02,2.84593e-02,5.71863e-04,1.80339e-01,3.03104e-02,4.90855e-03,6.20462e-03,5.44686e-03,8.62883e-02,8.54777e-04,1.99819e-03,3.26722e-01
4.49398e-03,1.03421e-01,6.06808e-04,7.57964e-02,5.62752e-04,5.42833e-03,6.98101e-03,3.08172e-02,2.04126e-02,2.86840e-02,5.57457e-04,1.76084e-01,2.62447e-02,4.66813e-03,5.64495e-03,4.69332e-03,7.59247e-02,8.23801e-04,2.10895e-03,2.92650e-01
4.23410e-03,1.00578e-01,5.75655e-04,7.56263e-02,5.47909e-04,5.20535e-03,6.84057e-03,3.14206e-02,1.84273e-02,2.94858e-02,5.42581e-04,1.72318e-01,2.31822e-02,4.43143e-03,5.11141e-03,4.15654e-03,6.77677e-02,8.07904e-04,2.23897e-03,2.64448e-01
3.97284e-03,9.81661e-02,5.47411e-04,7.44358e-02,5.34743e-04,4.96125e-03,6.72614e-03,3.21916e-02,1.67033e-02,3.16676e-02,5.33128e-04,1.69019e-01,2.06404e-02,4.22732e-03,4.61388e-03,3.81489e-03,6.04717e-02,8.00512e-04,2.34053e-03,2.39610e-01
3.74508e-03,9.54905e-02,5.28860e-04,7.27155e-02,5.28964e-04,4.70870e-03,6.64993e-03,3.31357e-02,1.52078e-02,3.71449e-02,5.28126e-04,1.66087e-01,1.83572e-02,4.00691e-03,4.19367e-03,3.55833e-03,5.44380e-02,7.81526e-04,2.41331e-03,2.19522e-01
3.51339e-03,9.36556e-02,5.03520e-04,7.03778e-02,5.24041e-04,4.43797e-03,6.62587e-03,3.41052e-02,1.39302e-02,5.07270e-02,5.23360e-04,1.63511e-01,1.65128e-02,3.81047e-03,3.79895e-03,3.45203e-03,4.90369e-02,7.57228e-04,2.47287e-03,2.02676e-01
3.30684e-03,9.25259e-02,4.77859e-04,6.79437e-02,5.07685e-04,4.17627e-03,6.68428e-03,3.51081e-02,1.27951e-02,8.48590e-02,5.21455e-04,1.61168e-01,1.49177e-02,3.59825e-03,3.45764e-03,3.36221e-03,4.45228e-02,7.39072e-04,2.48223e-03,1.88345e-01
3.12396e-03,9.26843e-02,4.59388e-04,6.54728e-02,4.95621e-04,3.93965e-03,6.79092e-03,3.60425e-02,1.17920e-02,1.63185e-01,5.27823e-04,1.58980e-01,1.36287e-02,3.40264e-03,3.15644e-03,9.18497e-03,4.06831e-02,7.22599e-04,2.50301e-03,1.75780e-01
2.94592e-03,9.42772e-02,4.53294e-04,6.32325e-02,4.86827e-04,3.72537e-03,6.98196e-03,3.68231e-02,1.09237e-02,3.09302e-01,5.40389e-04,1.56957e-01,1.25631e-02,3.20890e-03,2.88814e-03,2.14783e+01,3.73467e-02,7.05633e-04,2.47507e-03,1.63581e-01
2.78774e-03,9.81961e-02,4.46041e-04,6.12559e-02,4.84940e-04,3.54206e-03,7.25084e-03,3.74912e-02,1.01494e-02,4.99244e-01,5.56053e-04,1.55063e-01,1.16143e-02,3.03380e-03,2.65135e-03,8.83510e+00,3.39335e-02,6.90382e-04,2.44802e-03,1.55121e-01
2.64885e-03,1.04882e-01,4.44575e-04,5.96782e-02,4.87891e-04,3.37891e-03,7.57692e-03,3.79188e-02,9.46898e-03,6.36118e-01,5.76966e-04,1.53331e-01,1.08856e-02,2.87947e-03,2.45551e-03,1.88773e+00,3.15482e-02,6.76453e-04,2.39859e-03,1.46500e-01
2.50987e-03,1.15247e-01,4.39564e-04,5.85966e-02,4.86170e-04,3.22245e-03,8.02241e-03,3.78635e-02,8.83151e-03,6.46576e-01,6.01833e-04,1.51753e-01,1.01666e-02,2.74716e-03,2.27620e-03,9.10374e-01,2.92157e-02,6.59719e-04,2.32825e-03,1.38339e-01
2.39561e-03,1.30101e-01,4.39117e-04,5.76639e-02,4.79811e-04,3.07383e-03,8.50848e-03,3.74320e-02,8.29103e-03,5.59541e-01,6.34505e-04,1.50296e-01,9.50921e-03,2.60055e-03,2.10530e-03,7.04787e-01,2.69914e-02,6.44735e-04,2.25316e-03,1.31769e-01
2.27976e-03,1.50124e-01,4.38194e-04,5.71645e-02,4.78187e-04,2.93097e-03,9.05532e-03,3.68033e-02,7.79350e-03,4.45731e-01,6.72556e-04,1.48963e-01,8.91431e-03,2.49728e-03,1.95184e-03,6.28916e-01,2.51851e-02,6.35587e-04,2.17137e-03,1.26581e-01
2.16186e-03,1.75944e-01,4.40385e-04,5.69917e-02,4.64824e-04,2.79185e-03,9.62327e-03,3.59354e-02,7.34824e-03,3.49197e-01,7.10509e-04,1.47859e-01,8.57613e-03,2.40081e-03,1.82180e-03,5.70103e-01,2.35331e-02,6.26819e-04,2.08787e-03,1.21602e-01
2.05922e-03,2.06965e-01,4.43947e-04,5.70219e-02,4.52745e-04,2.65933e-03,1.01597e-02,3.47498e-02,6.96142e-03,2.83554e-01,7.49880e-04,1.47087e-01,8.05753e-03,2.29483e-03,1.71338e-03,5.22632e-01,2.20364e-02,6.23088e-04,1.99954e-03,1.15447e-01
1.98374e-03,2.41901e-01,4.44197e-04,5.74135e-02,4.43960e-04,2.52269e-03,1.06398e-02,3.34864e-02,6.59208e-03,2.49877e-01,7.87943e-04,1.47032e-01,7.70090e-03,2.21412e-03,1.62159e-03,4.78216e-01,2.05892e-02,6.23064e-04,1.92223e-03,1.12428e-01
1.90720e-03,2.78157e-01,4.46864e-04,5.79317e-02,4.53680e-04,2.38403e-03,1.10274e-02,3.23367e-02,6.26627e-03,2.48603e-01,8.25643e-04,1.48412e-01,7.37920e-03,2.13587e-03,1.53743e-03,4.37787e-01,1.93229e-02,6.19240e-04,1.86322e-03,1.09030e-01
1.82886e-03,3.11583e-01,4.46436e-04,5.85053e-02,4.52683e-04,2.24827e-03,1.13542e-02,3.11481e-02,5.97661e-03,2.82867e-01,8.58363e-04,1.52821e-01,7.11754e-03,2.06170e-03,1.46175e-03,3.95901e-01,1.81937e-02,6.15112e-04,1.80508e-03,1.06346e-01
1.76724e-03,3.39166e-01,4.43040e-04,5.91757e-02,4.56410e-04,2.12047e-03,1.15523e-02,3.00192e-02,5.71935e-03,3.56072e-01,8.86253e-04,1.62906e-01,6.73244e-03,2.00116e-03,1.39197e-03,3.63551e-01,1.72625e-02,6.08654e-04,1.75026e-03,1.03660e-01
1.69103e-03,3.57036e-01,4.43431e-04,5.97261e-02,4.54461e-04,1.99154e-03,1.16223e-02,2.90666e-02,5.49185e-03,4.61300e-01,9.12042e-04,1.82413e-01,6.45149e-03,1.92670e-03,1.33005e-03,3.30107e-01,1.62747e-02,6.04007e-04,1.72032e-03,1.01341e-01
1.62350e-03,3.63154e-01,4.39041e-04,6.01483e-02,4.57130e-04,1.85968e-03,1.16058e-02,2.81950e-02,5.28561e-03,5.75896e-01,9.27054e-04,2.15498e-01,6.22568e-03,1.86791e-03,1.27688e-03,3.01317e-01,1.54505e-02,6.00161e-04,1.68331e-03,9.92257e-02
1.58297e-03,3.58059e-01,4.33766e-04,6.04221e-02,4.64735e-04,1.75002e-03,1.15212e-02,2.73517e-02,5.09982e-03,6.63202e-01,9.43721e-04,2.65150e-01,5.94634e-03,1.81521e-03,1.23665e-03,2.75913e-01,1.46920e-02,5.92871e-04,1.65078e-03,9.62165e-02
1.52494e-03,3.42718e-01,4.28366e-04,6.03919e-02,4.63161e-04,1.65530e-03,1.13293e-02,2.66977e-02,4.93175e-03,6.98246e-01,9.56440e-04,3.30758e-01,5.68930e-03,1.76173e-03,1.19933e-03,2.53286e-01,1.39523e-02,5.90012e-04,1.61652e-03,9.40428e-02
1.47626e-03,3.20293e-01,4.23529e-04,6.02270e-02,4.58008e-04,1.56038e-03,1.11236e-02,2.60519e-02,4.77307e-03,6.77405e-01,9.67400e-04,4.06321e-01,5.52268e-03,1.70399e-03,1.16570e-03,2.31852e-01,1.32931e-02,5.93559e-04,1.60214e-03,9.06494e-02
1.43514e-03,2.93619e-01,4.12587e-04,5.98257e-02,4.55634e-04,1.47955e-03,1.08962e-02,2.55580e-02,4.63397e-03,6.15268e-01,9.69653e-04,4.80514e-01,5.32270e-03,1.66268e-03,1.13542e-03,2.14993e-01,1.26695e-02,6.01162e-04,1.56877e-03,8.75063e-02
1.40151e-03,2.65464e-01,4.08476e-04,5.90994e-02,4.58306e-04,1.41475e-03,1.06425e-02,2.51832e-02,4.50331e-03,5.35957e-01,9.68001e-04,5.39726e-01,5.12736e-03,1.63092e-03,1.10803e-03,1.98002e-01,1.21714e-02,6.10318e-04,1.52357e-03,8.36244e-02
1.35665e-03,2.38094e-01,4.08356e-04,5.81741e-02,4.51156e-04,1.35358e-03,1.03740e-02,2.48972e-02,4.38812e-03,4.56079e-01,9.60255e-04,5.74484e-01,4.93151e-03,1.59595e-03,1.07989e-03,1.84182e-01,1.16898e-02,6.16384e-04,1.48104e-03,7.89865e-02
1.32161e-03,2.12582e-01,4.04645e-04,5.69723e-02,4.51833e-04,1.29260e-03,1.00887e-02,2.47588e-02,4.29033e-03,3.84247e-01,9.50620e-04,5.84186e-01,4.74923e-03,1.56531e-03,1.05331e-03,1.72226e-01,1.12254e-02,6.18775e-04,1.44121e-03,7.43646e-02
1.30156e-03,1.89703e-01,4.02336e-04,5.57709e-02,4.49364e-04,1.23802e-03,9.75749e-03,2.48222e-02,4.20255e-03,3.24703e-01,9.35438e-04,5.75192e-01,4.59707e-03,1.53471e-03,1.02906e-03,1.61733e-01,1.08333e-02,6.15970e-04,1.40113e-03,6.96104e-02
1.27317e-03,1.69476e-01,3.99937e-04,5.44847e-02,4.49308e-04,1.18901e-03,9.38059e-03,2.51650e-02,4.12643e-03,2.77073e-01,9.16239e-04,5.59335e-01,4.45751e-03,1.48970e-03,1.00247e-03,1.52297e-01,1.03890e-02,6.13342e-04,1.36342e-03,6.46733e-02
1.25008e-03,1.52534e-01,3.97048e-04,5.30778e-02,4.45586e-04,1.14705e-03,8.98816e-03,2.57463e-02,4.05973e-03,2.40207e-01,8.97328e-04,5.48191e-01,4.30685e-03,1.45676e-03,9.83622e-04,1.44040e-01,1.00550e-02,6.12922e-04,1.33010e-03,5.91811e-02
1.22941e-03,1.37984e-01,3.97057e-04,5.17690e-02,4.47989e-04,1.11121e-03,8.53316e-03,2.66482e-02,3.99304e-03,2.15014e-01,8.77389e-04,5.51357e-01,4.15576e-03,1.43340e-03,9.69982e-04,1.37166e-01,9.69887e-03,6.10210e-04,1.28923e-03,5.48158e-02
1.20467e-03,1.25879e-01,4.00033e-04,5.03798e-02,4.51799e-04,1.08633e-03,8.05356e-03,2.79423e-02,3.94117e-03,2.11731e-01,8.57898e-04,5.73543e-01,4.05344e-03,1.41563e-03,9.60782e-04,1.30032e-01,9.40715e-03,6.05908e-04,1.27959e-03,5.00846e-02
1.18167e-03,1.15884e-01,4.07256e-04,4.90519e-02,4.62934e-04,1.06187e-03,7.56949e-03,2.96373e-02,3.90037e-03,2.66270e-01,8.36229e-04,6.12426e-01,3.97687e-03,1.39330e-03,9.47631e-04,1.23151e-01,9.06801e-03,5.97647e-04,1.25117e-03,4.56664e-02
1.15772e-03,1.07310e-01,4.05646e-04,4.76623e-02,4.69475e-04,1.04278e-03,7.10936e-03,3.17004e-02,3.86841e-03,4.74856e-01,8.15284e-04,6.63461e-01,3.88053e-03,1.37577e-03,9.37917e-04,1.18421e-01,8.73940e-03,5.91227e-04,1.21361e-03,4.13412e-02
1.12377e-03,1.00414e-01,4.02008e-04,4.63903e-02,4.70982e-04,1.02462e-03,6.64592e-03,3.40579e-02,3.83094e-03,1.00313e+00,7.87182e-04,7.16713e-01,3.80600e-03,1.35673e-03,9.32526e-04,1.13453e-01,8.48868e-03,5.82267e-04,1.19107e-03,3.77707e-02
1.10650e-03,9.49179e-02,3.98002e-04,4.52533e-02,4.70029e-04,1.00046e-03,6.20408e-03,3.66073e-02,3.79364e-03,1.91477e+00,7.54455e-04,7.63902e-01,3.67128e-03,1.33513e-03,9.27331e-04,1.09207e-01,8.16025e-03,5.76923e-04,1.16106e-03,3.44928e-02
1.08145e-03,9.06702e-02,3.91438e-04,4.42059e-02,4.77979e-04,9.76445e-04,5.77995e-03,3.91915e-02,3.76381e-03,2.78473e+00,7.21290e-04,7.98361e-01,3.60174e-03,1.31709e-03,9.22798e-04,1.04874e-01,7.90070e-03,5.79867e-04,1.12354e-03,3.15040e-02
1.07537e-03,8.70777e-02,3.93579e-04,4.32238e-02,4.82696e-04,9.51183e-04,5.40608e-03,4.15620e-02,3.73437e-03,2.94299e+00,6.85932e-04,8.15705e-01,3.48540e-03,1.29748e-03,9.20467e-04,1.00990e-01,7.62703e-03,5.88526e-04,1.11070e-03,2.90706e-02
1.05057e-03,8.42616e-02,3.95391e-04,4.25978e-02,4.89496e-04,9.34203e-04,5.05671e-03,4.35910e-02,3.70470e-03,2.39198e+00,6.56980e-04,8.15906e-01,3.40268e-03,1.27779e-03,9.16211e-04,9.76190e-02,7.39819e-03,5.95751e-04,1.07629e-03,2.66355e-02
1.05753e-03,8.20464e-02,3.96575e-04,4.65823e-02,4.86284e-04,9.11424e-04,4.72933e-03,4.51138e-02,3.67691e-03,1.64622e+00,6.26411e-04,8.00193e-01,3.33615e-03,1.26201e-03,9.15407e-04,9.45225e-02,7.15367e-03,6.09574e-04,1.05643e-03,2.45370e-02
1.05707e-03,7.99154e-02,4.00557e-04,1.92349e-01,4.83530e-04,8.90418e-04,4.47422e-03,4.58344e-02,3.64301e-03,1.04723e+00,5.99822e-04,7.73359e-01,3.31961e-03,1.25216e-03,9.09837e-04,9.20382e-02,6.91282e-03,6.18478e-04,1.03908e-03,2.27619e-02
1.05749e-03,7.86723e-02,4.07820e-04,2.66357e+00,4.83317e-04,8.73384e-04,4.24918e-03,4.60440e-02,3.61353e-03,6.56623e-01,5.74346e-04,7.42158e-01,3.27576e-03,1.22407e-03,9.06085e-04,8.96501e-02,6.75696e-03,6.24538e-04,1.02663e-03,2.08008e-02
1.05972e-03,7.78725e-02,4.14751e-04,1.16298e+01,4.76001e-04,8.60952e-04,4.04600e-03,4.55284e-02,3.59539e-03,4.24959e-01,5.55130e-04,7.16208e-01,3.20519e-03,1.21306e-03,9.02460e-04,8.78118e-02,6.49993e-03,6.22404e-04,1.00332e-03,1.93569e-02
1.07600e-03,7.76320e-02,4.16578e-04,1.03978e+01,4.72260e-04,8.52945e-04,3.85507e-03,4.46026e-02,3.57232e-03,2.91561e-01,5.33465e-04,7.10552e-01,3.20419e-03,1.22258e-03,9.03661e-04,8.56855e-02,6.32937e-03,6.17687e-04,9.83281e-04,1.78696e-02
1.08129e-03,7.70633e-02,4.20704e-04,5.22417e+00,4.61045e-04,8.40289e-04,3.68769e-03,4.33431e-02,3.55666e-03,2.14546e-01,5.14493e-04,7.50002e-01,3.15327e-03,1.21199e-03,8.96891e-04,8.35022e-02,6.13665e-03,6.12783e-04,9.60444e-04,1.68449e-02
1.07860e-03,7.67074e-02,4.12870e-04,2.39057e+00,4.55638e-04,8.32826e-04,3.51788e-03,4.22085e-02,3.53684e-03,1.68365e-01,4.99708e-04,8.65123e-01,3.10133e-03,1.20909e-03,8.90068e-04,8.22582e-02,5.95606e-03,6.07508e-04,9.38840e-04,1.58851e-02
1.07579e-03,7.63912e-02,4.06565e-04,1.15880e+00,4.49536e-04,8.26835e-04,3.38905e-03,4.15199e-02,3.51329e-03,1.39402e-01,4.87230e-04,1.08192e+00,3.06752e-03,1.19798e-03,8.87459e-04,8.05464e-02,5.77260e-03,6.00773e-04,9.17161e-04,1.49541e-02
1.06110e-03,7.61282e-02,4.00663e-04,6.46255e-01,4.55915e-04,8.16190e-04,3.27907e-03,4.20579e-02,3.49623e-03,1.19660e-01,4.73483e-04,1.39557e+00,3.03930e-03,1.18392e-03,8.80906e-04,7.93012e-02,5.63193e-03,5.96707e-04,8.88180e-04,1.41036e-02
1.04818e-03,7.57302e-02,3.94551e-04,4.37082e-01,4.50819e-04,7.99554e-04,3.20035e-03,4.44815e-02,3.48168e-03,1.05845e-01,4.63121e-04,1.75219e+00,2.97450e-03,1.16307e-03,8.81313e-04,7.73286e-02,5.43287e-03,5.93044e-04,8.68489e-04,1.33160e-02
1.03667e-03,7.49592e-02,3.90321e-04,3.43922e-01,4.38406e-04,7.90153e-04,3.10980e-03,5.02328e-02,3.47118e-03,9.50249e-02,4.52717e-04,2.05027e+00,2.90587e-03,1.16427e-03,8.77372e-04,7.59964e-02,5.29893e-03,5.91354e-04,8.69561e-04,1.26627e-02
1.02242e-03,7.41564e-02,3.85374e-04,3.04954e-01,4.21093e-04,7.79481e-04,3.04448e-03,6.10111e-02,3.46770e-03,8.64651e-02,4.36207e-04,2.18994e+00,2.90987e-03,1.14870e-03,8.77411e-04,7.45266e-02,5.15060e-03,5.94549e-04,8.55515e-04,1.21562e-02
1.00554e-03,7.33474e-02,3.84118e-04,2.78501e-01,4.20826e-04,7.75685e-04,2.99207e-03,7.86406e-02,3.45670e-03,7.98414e-02,4.19535e-04,2.13058e+00,2.85443e-03,1.14777e-03,8.83547e-04,7.32998e-02,5.02464e-03,5.86878e-04,8.67219e-04,1.16428e-02
1.00861e-03,7.20639e-02,3.86288e-04,2.62368e-01,4.26924e-04,7.74675e-04,2.94347e-03,1.03943e-01,3.44941e-03,7.39625e-02,4.01133e-04,1.90957e+00,2.82949e-03,1.13625e-03,8.84425e-04,7.19396e-02,4.89868e-03,5.82621e-04,8.55165e-04,1.10539e-02
1.00042e-03,7.11234e-02,3.91548e-04,2.46913e-01,4.25273e-04,7.76359e-04,2.91145e-03,1.36314e-01,3.44700e-03,6.91751e-02,3.94083e-04,1.60112e+00,2.80723e-03,1.13496e-03,8.87066e-04,7.07089e-02,4.74763e-03,5.79253e-04,8.55664e-04,1.06781e-02
1.00077e-03,7.00614e-02,3.93948e-04,2.33102e-01,4.33313e-04,7.76799e-04,2.86122e-03,1.70512e-01,3.43954e-03,6.47243e-02,3.86472e-04,1.27953e+00,2.77510e-03,1.12566e-03,8.83399e-04,6.87440e-02,4.66451e-03,5.80170e-04,8.44459e-04,1.02533e-02
1.00123e-03,6.87416e-02,3.86840e-04,2.21185e-01,4.35121e-04,7.75589e-04,2.82945e-03,1.98661e-01,3.43575e-03,6.08785e-02,3.74401e-04,9.91598e-01,2.71731e-03,1.11814e-03,8.82051e-04,6.68226e-02,4.56212e-03,5.81233e-04,8.31736e-04,9.82558e-03
1.00797e-03,6.74998e-02,3.78286e-04,2.10919e-01,4.36873e-04,7.73400e-04,2.78932e-03,2.12746e-01,3.42557e-03,5.75519e-02,3.64181e-04,7.57698e-01,2.69021e-03,1.11947e-03,8.75555e-04,6.45838e-02,4.46147e-03,5.85127e-04,8.13615e-04,9.40805e-03
9.95485e-04,6.62552e-02,3.76761e-04,2.01264e-01,4.30105e-04,7.73102e-04,2.73370e-03,2.09346e-01,3.41389e-03,5.44530e-02,3.55508e-04,5.79938e-01,2.66384e-03,1.10561e-03,8.81417e-04,6.24788e-02,4.36985e-03,5.90356e-04,8.17271e-04,9.14572e-03
9.80566e-04,6.52317e-02,3.76374e-04,1.94359e-01,4.28100e-04,7.77661e-04,2.68877e-03,1.92449e-01,3.40886e-03,5.16914e-02,3.47009e-04,4.50274e-01,2.65337e-03,1.10369e-03,8.75456e-04,5.98227e-02,4.29672e-03,5.95510e-04,8.04371e-04,8.75070e-03
9.75127e-04,6.44275e-02,3.76018e-04,1.88851e-01,4.36522e-04,7.82287e-04,2.62969e-03,1.66893e-01,3.40003e-03,4.94763e-02,3.40254e-04,3.57801e-01,2.59971e-03,1.10313e-03,8.69719e-04,5.68926e-02,4.22275e-03,6.00455e-04,8.14215e-04,8.44396e-03
9.76370e-04,6.36539e-02,3.81418e-04,1.85089e-01,4.32190e-04,7.79396e-04,2.59219e-03,1.40102e-01,3.39133e-03,4.71894e-02,3.34986e-04,2.92113e-01,2.55845e-03,1.08430e-03,8.70332e-04,5.43996e-02,4.12550e-03,6.08797e-04,8.16962e-04,8.24549e-03
9.83122e-04,6.28764e-02,3.83887e-04,1.86858e-01,4.33411e-04,7.83014e-04,2.54662e-03,1.15134e-01,3.35108e-03,4.50656e-02,3.31096e-04,2.45160e-01,2.53772e-03,1.08211e-03,8.61775e-04,5.15991e-02,4.03942e-03,6.10418e-04,8.35154e-04,8.03525e-03
9.92749e-04,6.24641e-02,3.95702e-04,1.94021e-01,4.30272e-04,7.95127e-04,2.51151e-03,9.37650e-02,3.34437e-03,4.29929e-02,3.20444e-04,2.13576e-01,2.49189e-03,1.08649e-03,8.66079e-04,4.88723e-02,3.96025e-03,6.03611e-04,8.33942e-04,7.84973e-03
9.76648e-04,6.19637e-02,4.01352e-04,2.08960e-01,4.28392e-04,8.05840e-04,2.48481e-03,7.69810e-02,3.32116e-03,4.12709e-02,3.15546e-04,1.89893e-01,2.46443e-03,1.08816e-03,8.61357e-04,4.60396e-02,3.89071e-03,5.90332e-04,8.50168e-04,7.68506e-03
9.76377e-04,6.16703e-02,4.03989e-04,2.29133e-01,4.34917e-04,8.15937e-04,2.43025e-03,6.36962e-02,3.31797e-03,3.98029e-02,3.13583e-04,1.73328e-01,2.45768e-03,1.10778e-03,8.62016e-04,4.31313e-02,3.83718e-03,5.84458e-04,8.54279e-04,7.53706e-03
9.65926e-04,6.12977e-02,4.03938e-04,2.54382e-01,4.26721e-04,8.17696e-04,2.39709e-03,5.35964e-02,3.31380e-03,3.83068e-02,3.08000e-04,1.60619e-01,2.39317e-03,1.09953e-03,8.68967e-04,4.05671e-02,3.77633e-03,5.72326e-04,8.54162e-04,7.38218e-03
9.44260e-04,6.11432e-02,4.02785e-04,2.79494e-01,4.30072e-04,8.18533e-04,2.36074e-03,4.57224e-02,3.30299e-03,3.71442e-02,3.04056e-04,1.51092e-01,2.38930e-03,1.09088e-03,8.72572e-04,3.82917e-02,3.73076e-03,5.61311e-04,8.55763e-04,7.21063e-03
9.34996e-04,6.10007e-02,4.04815e-04,2.98667e-01,4.31237e-04,8.18980e-04,2.31582e-03,3.97992e-02,3.28973e-03,3.59619e-02,3.03003e-04,1.43648e-01,2.35686e-03,1.08336e-03,8.75221e-04,3.58117e-02,3.66253e-03,5.58396e-04,8.51437e-04,7.10056e-03
9.28876e-04,6.07176e-02,4.03181e-04,3.04231e-01,4.40690e-04,8.23426e-04,2.26992e-03,3.53126e-02,3.27431e-03,3.47683e-02,3.02784e-04,1.37973e-01,2.31555e-03,1.08520e-03,8.72361e-04,3.35844e-02,3.58453e-03,5.53970e-04,8.50962e-04,6.96305e-03
9.22474e-04,6.04664e-02,4.05220e-04,2.96883e-01,4.49264e-04,8.22996e-04,2.22821e-03,3.17765e-02,3.27774e-03,3.38345e-02,3.03261e-04,1.33397e-01,2.28889e-03,1.08915e-03,8.63257e-04,3.12885e-02,3.54853e-03,5.49941e-04,8.50766e-04,6.83379e-03
9.10689e-04,6.04008e-02,4.00711e-04,2.76598e-01,4.50321e-04,8.21458e-04,2.18732e-03,2.87463e-02,3.26782e-03,3.29627e-02,3.03433e-04,1.29443e-01,2.27063e-03,1.09656e-03,8.52224e-04,2.92040e-02,3.49710e-03,5.56114e-04,8.40731e-04,6.61895e-03
9.12886e-04,6.04771e-02,3.92611e-04,2.51200e-01,4.58571e-04,8.20086e-04,2.14311e-03,2.65707e-02,3.28042e-03,3.20056e-02,3.03616e-04,1.25877e-01,2.26258e-03,1.10080e-03,8.46064e-04,2.73364e-02,3.44483e-03,5.66019e-04,8.40521e-04,6.56264e-03
9.13019e-04,6.38126e-02,4.05181e-04,2.23210e-01,4.51455e-04,8.19505e-04,2.10545e-03,2.45175e-02,3.25232e-03,3.12115e-02,3.03865e-04,1.22579e-01,2.33811e-03,1.10667e-03,8.45164e-04,2.55777e-02,3.40590e-03,5.71901e-04,8.24550e-04,6.51171e-03
8.98622e-04,9.19052e-02,4.18017e-04,1.99108e-01,4.47887e-04,8.30049e-04,2.08061e-03,2.29936e-02,3.25875e-03,3.02255e-02,3.02268e-04,1.19448e-01,2.42519e-03,1.10746e-03,8.43703e-04,2.40010e-02,3.35185e-03,5.64252e-04,8.11679e-04,6.41698e-03
8.97640e-04,3.40260e-01,4.29212e-04,1.76639e-01,4.33082e-04,8.33512e-04,2.05118e-03,2.16273e-02,3.27094e-03,2.95607e-02,2.99715e-04,1.16561e-01,2.50267e-03,1.10829e-03,8.42411e-04,2.24686e-02,3.31976e-03,5.62117e-04,7.98909e-04,6.29292e-03
8.89250e-04,2.59173e+00,4.28940e-04,1.58023e-01,4.36460e-04,8.31321e-04,2.03282e-03,2.04886e-02,3.28077e-03,2.88105e-02,2.98112e-04,1.13774e-01,2.61793e-03,1.10900e-03,8.42784e-04,2.11184e-02,3.28955e-03,5.57177e-04,7.95071e-04,6.24452e-03
8.75906e-04,1.07411e+01,4.14680e-04,1.43186e-01,4.33248e-04,8.26143e-04,2.00938e-03,1.94700e-02,3.28815e-03,2.81330e-02,2.94454e-04,1.11116e-01,2.64014e-03,1.09727e-03,8.39132e-04,1.98489e-02,3.25185e-03,5.52409e-04,7.87277e-04,6.16033e-03
8.82182e-04,1.13399e+01,3.99792e-04,1.31056e-01,4.25955e-04,8.16403e-04,1.99112e-03,1.85756e-02,3.28939e-03,2.73586e-02,2.93796e-04,1.08558e-01,2.56470e-03,1.08703e-03,8.35698e-04,1.87343e-02,3.22264e-03,5.50074e-04,7.66670e-04,6.17102e-03
8.71150e-04,6.10069e+00,3.89367e-04,1.21330e-01,4.14344e-04,8.09674e-04,1.96834e-03,1.77484e-02,3.28239e-03,2.68700e-02,2.92063e-04,1.06051e-01,2.46403e-03,1.08065e-03,8.36207e-04,1.76291e-02,3.20921e-03,5.50065e-04,7.70390e-04,6.10971e-03
8.73620e-04,2.90044e+00,3.80156e-04,1.14399e-01,4.21908e-04,8.05275e-04,1.93391e-03,1.70510e-02,3.28580e-03,2.62856e-02,2.92163e-04,1.03856e-01,2.40222e-03,1.07317e-03,8.42158e-04,1.66691e-02,3.17305e-03,5.43163e-04,7.60914e-04,5.98585e-03
8.82852e-04,1.44715e+00,3.74962e-04,1.08212e-01,4.25937e-04,8.09680e-04,1.91433e-03,1.64105e-02,3.28334e-03,2.57639e-02,2.89695e-04,1.01766e-01,2.39789e-03,1.05453e-03,8.39521e-04,1.57587e-02,3.13407e-03,5.40542e-04,7.65345e-04,5.84812e-03
8.82442e-04,7.91215e-01,3.83384e-04,1.02444e-01,4.11216e-04,8.12871e-04,1.89154e-03,1.58400e-02,3.28466e-03,2.53595e-02,2.87731e-04,9.98149e-02,2.34721e-03,1.05250e-03,8.28253e-04,1.49430e-02,3.09988e-03,5.42705e-04,7.64138e-04,5.79974e-03
8.79697e-04,4.83501e-01,3.83691e-04,9.89079e-02,4.25679e-04,8.19698e-04,1.88399e-03,1.53148e-02,3.26592e-03,2.49654e-02,2.85755e-04,9.79162e-02,2.30435e-03,1.05409e-03,8.33439e-04,1.43754e-02,3.08548e-03,5.40779e-04,7.72408e-04,5.69796e-03
8.74962e-04,3.39357e-01,3.83368e-04,9.56500e-02,4.25817e-04,8.28405e-04,1.88252e-03,1.48611e-02,3.26488e-03,2.45514e-02,2.83476e-04,9.63492e-02,2.25459e-03,1.05090e-03,8.44347e-04,1.36440e-02,3.07663e-03,5.45677e-04,7.64439e-04,5.66796e-03
8.81692e-04,2.62657e-01,3.92306e-04,9.20848e-02,4.27806e-04,8.23449e-04,1.87742e-03,1.44328e-02,3.25969e-03,2.41528e-02,2.84006e-04,9.48056e-02,2.30737e-03,1.04496e-03,8.43878e-04,1.28859e-02,3.05017e-03,5.48189e-04,7.59597e-04,5.58461e-03
8.90338e-04,2.24160e-01,3.99081e-04,8.91110e-02,4.27314e-04,8.19266e-04,1.85094e-03,1.40171e-02,3.26931e-03,2.38595e-02,2.84492e-04,9.33939e-02,2.39854e-03,1.04191e-03,8.45113e-04,1.23850e-02,3.03181e-03,5.57248e-04,7.51942e-04,5.52387e-03
8.99979e-04,2.00732e-01,3.93445e-04,8.69571e-02,4.29215e-04,8.11470e-04,1.82907e-03,1.36269e-02,3.27377e-03,2.34819e-02,2.85219e-04,9.21000e-02,2.56073e-03,1.04371e-03,8.44458e-04,1.19795e-02,3.02808e-03,5.60573e-04,7.62009e-04,5.45880e-03
9.00120e-04,1.87124e-01,3.92497e-04,8.50206e-02,4.33910e-04,8.06155e-04,1.81112e-03,1.32312e-02,3.26789e-03,2.33270e-02,2.84559e-04,9.10874e-02,2.78348e-03,1.04386e-03,8.44997e-04,1.15818e-02,3.00716e-03,5.59728e-04,7.53537e-04,5.39266e-03
9.06736e-04,1.77608e-01,3.88938e-04,8.30179e-02,4.28427e-04,8.04545e-04,1.79345e-03,1.29204e-02,3.26104e-03,2.30004e-02,2.80678e-04,9.11109e-02,3.00714e-03,1.04256e-03,8.38126e-04,1.11153e-02,3.01910e-03,5.61132e-04,7.48643e-04,5.37246e-03
9.13079e-04,1.74554e-01,3.85457e-04,8.19021e-02,4.36142e-04,8.01738e-04,1.78687e-03,1.25686e-02,3.27228e-03,2.26141e-02,2.79427e-04,9.72353e-02,3.23784e-03,1.03925e-03,8.30257e-04,1.07609e-02,3.00173e-03,5.49064e-04,7.47763e-04,5.29876e-03
9.19426e-04,1.72826e-01,3.83250e-04,7.99273e-02,4.27169e-04,8.02709e-04,1.77443e-03,1.22839e-02,3.26044e-03,2.24986e-02,2.78840e-04,1.37498e-01,3.48342e-03,1.02704e-03,8.26366e-04,1.03866e-02,2.98858e-03,5.39424e-04,7.35349e-04,5.25504e-03
9.23062e-04,1.70873e-01,3.84294e-04,7.84519e-02,4.17041e-04,8.04431e-04,1.75999e-03,1.20344e-02,3.24362e-03,2.21698e-02,2.80531e-04,3.32773e-01,3.69732e-03,1.01254e-03,8.22203e-04,1.00029e-02,2.98595e-03,5.37392e-04,7.32568e-04,5.19777e-03
9.29536e-04,1.75820e-01,3.83518e-04,7.75139e-02,4.20369e-04,8.06218e-04,1.77034e-03,1.17849e-02,3.22118e-03,2.20649e-02,2.76315e-04,1.04778e+00,3.86415e-03,1.00403e-03,8.14283e-04,9.63661e-03,2.96839e-03,5.31518e-04,7.26579e-04,5.18227e-03
9.11245e-04,1.80744e-01,3.88959e-04,7.57072e-02,4.12700e-04,8.09375e-04,1.76644e-03,1.15213e-02,3.20823e-03,2.17006e-02,2.70759e-04,2.89613e+00,4.03645e-03,1.02568e-03,8.05806e-04,9.35048e-03,2.94848e-03,5.38291e-04,7.16555e-04,5.13483e-03
8.98433e-04,1.86903e-01,3.94303e-04,7.45761e-02,4.11310e-04,8.04955e-04,1.76130e-03,1.13142e-02,3.19774e-03,2.14415e-02,2.69910e-04,5.76528e+00,4.15025e-03,1.01546e-03,8.06531e-04,9.06134e-03,2.94445e-03,5.38508e-04,7.12092e-04,5.11424e-03
8.87607e-04,1.94338e-01,3.90280e-04,7.34603e-02,4.13783e-04,7.99311e-04,1.75930e-03,1.11076e-02,3.19052e-03,2.12717e-02,2.73254e-04,7.73470e+00,4.21943e-03,1.00616e-03,8.05823e-04,8.86450e-03,2.93953e-03,5.35945e-04,7.12594e-04,5.06858e-03
8.71679e-04,2.01509e-01,3.83570e-04,7.22314e-02,4.16682e-04,7.96046e-04,1.76130e-03,1.09297e-02,3.19416e-03,2.11967e-02,2.79988e-04,7.32929e+00,4.34588e-03,9.90632e-04,8.02020e-04,8.57127e-03,2.94952e-03,5.30736e-04,7.08380e-04,4.99839e-03
8.70607e-04,2.10064e-01,3.76638e-04,7.08966e-02,4.11426e-04,7.89577e-04,1.75714e-03,1.07428e-02,3.18740e-03,2.09910e-02,2.88988e-04,5.42015e+00,4.43872e-03,9.86317e-04,7.95561e-04,8.38380e-03,2.93017e-03,5.27757e-04,7.08850e-04,4.96089e-03
8.48989e-04,2.16168e-01,3.73513e-04,6.98629e-02,3.99277e-04,7.86008e-04,1.75422e-03,1.05798e-02,3.17347e-03,2.08077e-02,2.98769e-04,3.44232e+00,4.56048e-03,9.80847e-04,7.92913e-04,8.11195e-03,2.92244e-03,5.24517e-04,7.13331e-04,4.87901e-03
8.33696e-04,2.20337e-01,3.69003e-04,6.83361e-02,4.04109e-04,7.82829e-04,1.73988e-03,1.04225e-02,3.17516e-03,2.06639e-02,3.02207e-04,2.02256e+00,4.69535e-03,9.84879e-04,7.86807e-04,7.91789e-03,2.91985e-03,5.26319e-04,7.06740e-04,4.81613e-03
8.25467e-04,2.22728e-01,3.66326e-04,6.65980e-02,3.98734e-04,7.77578e-04,1.74311e-03,1.02606e-02,3.17114e-03,2.04861e-02,2.98361e-04,1.16267e+00,4.82723e-03,9.93801e-04,7.81258e-04,7.73412e-03,2.92515e-03,5.23510e-04,6.97818e-04,4.75406e-03
8.22686e-04,2.20306e-01,3.65878e-04,6.50687e-02,3.96453e-04,7.70751e-04,1.73354e-03,1.01474e-02,3.16662e-03,2.03718e-02,2.96374e-04,6.88487e-01,4.93088e-03,9.80821e-04,7.79388e-04,7.50564e-03,2.91894e-03,5.15507e-04,7.03271e-04,4.71362e-03
8.21679e-04,2.18229e-01,3.62200e-04,6.33655e-02,4.05388e-04,7.69341e-04,1.72726e-03,1.00428e-02,3.18496e-03,2.02050e-02,3.01825e-04,4.40245e-01,5.02172e-03,9.84746e-04,7.76450e-04,7.37460e-03,2.91034e-03,5.13619e-04,7.00363e-04,4.67231e-03
8.19755e-04,2.10651e-01,3.61189e-04,6.18012e-02,4.07615e-04,7.72247e-04,1.74336e-03,9.92253e-03,3.18745e-03,2.01056e-02,3.00287e-04,3.11982e-01,5.08319e-03,9.78761e-04,7.81580e-04,7.17925e-03,2.91205e-03,5.12540e-04,7.20613e-04,4.64149e-03
8.16274e-04,2.03140e-01,3.73844e-04,6.01805e-02,3.96392e-04,7.78112e-04,1.73013e-03,9.81914e-03,3.20160e-03,2.00143e-02,2.98301e-04,2.49238e-01,5.07709e-03,9.89624e-04,7.81727e-04,6.99883e-03,2.92374e-03,5.10741e-04,7.22191e-04,4.62075e-03
8.16021e-04,1.93538e-01,3.80248e-04,5.86744e-02,3.98436e-04,7.77929e-04,1.72675e-03,9.72589e-03,3.20508e-03,1.99243e-02,2.94816e-04,2.14731e-01,5.05122e-03,9.85884e-04,7.79294e-04,6.93633e-03,2.91214e-03,5.12320e-04,7.27439e-04,4.55940e-03
8.21734e-04,1.81429e-01,3.78413e-04,5.69128e-02,3.95414e-04,7.80275e-04,1.70044e-03,9.65306e-03,3.19580e-03,1.98565e-02,2.94798e-04,1.98179e-01,4.95425e-03,9.87582e-04,7.81224e-04,6.78189e-03,2.90647e-03,5.11976e-04,7.35757e-04,4.54710e-03
8.20533e-04,1.70513e-01,3.75776e-04,5.52236e-02,3.86203e-04,7.78815e-04,1.70917e-03,9.58380e-03,3.18642e-03,1.97452e-02,2.97231e-04,1.93921e-01,4.79574e-03,9.87154e-04,7.79034e-04,6.68593e-03,2.89860e-03,5.07365e-04,7.37421e-04,4.52539e-03
8.23043e-04,1.58524e-01,3.78130e-04,5.35925e-02,3.85226e-04,7.69962e-04,1.67608e-03,9.52669e-03,3.17675e-03,1.96450e-02,2.97364e-04,1.89851e-01,4.60546e-03,9.90718e-04,7.73285e-04,6.62796e-03,2.88219e-03,5.04263e-04,7.39958e-04,4.53966e-03
8.28846e-04,1.47966e-01,3.78586e-04,5.17378e-02,3.84421e-04,7.70161e-04,1.68260e-03,9.47992e-03,3.17785e-03,1.95219e-02,2.99617e-04,1.90603e-01,4.43823e-03,9.82428e-04,7.79604e-04,6.51681e-03,2.88360e-03,4.97547e-04,7.30178e-04,4.51649e-03
8.14843e-04,1.38189e-01,3.79051e-04,5.00120e-02,3.79082e-04,7.77786e-04,1.68404e-03,9.44222e-03,3.14614e-03,1.94617e-02,2.99440e-04,1.90879e-01,4.24029e-03,9.87174e-04,7.86004e-04,6.44110e-03,2.87235e-03,4.93743e-04,7.34971e-04,4.53596e-03
8.10828e-04,1.28149e-01,3.82005e-04,4.85286e-02,3.76216e-04,7.74473e-04,1.67280e-03,9.40986e-03,3.12209e-03,1.93536e-02,2.98760e-04,1.94568e-01,4.03668e-03,9.74063e-04,7.88054e-04,6.28700e-03,2.87675e-03,4.92119e-04,7.38859e-04,4.53876e-03
8.20180e-04,1.20488e-01,3.79695e-04,4.67915e-02,3.71703e-04,7.77479e-04,1.68079e-03,9.40121e-03,3.09841e-03,1.93497e-02,3.04657e-04,2.00350e-01,3.87774e-03,9.89412e-04,7.86821e-04,6.23993e-03,2.88273e-03,4.84547e-04,7.30427e-04,4.51677e-03
8.23523e-04,1.12727e-01,3.79383e-04,4.53617e-02,3.80831e-04,7.78950e-04,1.68443e-03,9.36510e-03,3.07925e-03,1.92678e-02,3.09895e-04,2.03171e-01,3.70627e-03,9.80097e-04,7.82540e-04,6.16233e-03,2.87269e-03,4.81489e-04,7.50272e-04,4.50382e-03
8.07045e-04,1.06647e-01,3.84497e-04,4.37250e-02,3.86458e-04,7.88878e-04,1.67594e-03,9.34570e-03,3.06252e-03,1.92031e-02,3.08189e-04,2.09259e-01,3.50587e-03,9.75699e-04,7.84451e-04,6.08302e-03,2.84884e-03,4.84039e-04,7.47034e-04,4.51791e-03
7.95735e-04,1.01176e-01,3.86553e-04,4.23968e-02,3.81826e-04,7.90652e-04,1.67871e-03,9.32553e-03,3.04095e-03,1.91138e-02,3.06492e-04,2.13096e-01,3.36835e-03,9.74648e-04,7.85075e-04,6.03488e-03,2.84238e-03,4.79230e-04,7.49669e-04,4.48568e-03
7.97177e-04,9.56279e-02,3.81767e-04,4.12062e-02,3.77700e-04,7.91451e-04,1.68301e-03,9.31651e-03,3.02226e-03,1.90675e-02,3.05483e-04,2.16326e-01,3.23778e-03,9.77997e-04,7.89501e-04,5.93518e-03,2.83795e-03,4.77694e-04,7.67730e-04,4.47868e-03
7.88743e-04,9.27153e-02,3.76531e-04,3.95225e-02,3.86613e-04,7.88883e-04,1.68477e-03,9.31257e-03,3.01644e-03,1.90020e-02,3.05954e-04,2.17890e-01,3.12406e-03,9.83596e-04,7.88305e-04,5.88999e-03,2.84055e-03,4.74377e-04,7.57310e-04,4.47187e-03
7.90828e-04,8.93406e-02,3.76171e-04,3.85021e-02,3.87183e-04,7.85905e-04,1.68881e-03,9.28135e-03,3.01365e-03,1.89458e-02,3.07882e-04,2.17950e-01,3.00392e-03,9.77278e-04,7.91891e-04,5.86513e-03,2.83087e-03,4.69317e-04,7.59561e-04,4.47428e-03
7.95827e-04,8.63692e-02,3.71027e-04,3.72444e-02,3.82357e-04,7.74214e-04,1.69510e-03,9.26327e-03,2.99238e-03,1.88744e-02,3.08210e-04,2.15773e-01,2.90513e-03,9.81666e-04,7.93260e-04,5.78175e-03,2.82615e-03,4.72471e-04,7.62208e-04,4.46582e-03
7.89444e-04,8.40542e-02,3.64717e-04,3.62195e-02,3.86063e-04,7.60825e-04,1.68169e-03,9.22421e-03,2.97313e-03,1.88202e-02,3.07035e-04,2.13176e-01,2.79194e-03,9.79432e-04,7.92263e-04,5.71246e-03,2.82573e-03,4.77671e-04,7.47600e-04,4.50599e-03
7.81232e-04,8.15273e-02,3.60376e-04,3.48217e-02,3.85225e-04,7.65390e-04,1.67520e-03,9.20887e-03,2.96737e-03,1.87710e-02,3.05504e-04,2.08226e-01,2.69588e-03,9.82001e-04,7.90692e-04,5.67820e-03,2.83038e-03,4.80314e-04,7.47514e-04,4.50883e-03
7.82390e-04,7.89963e-02,3.57130e-04,3.38142e-02,3.73775e-04,7.65847e-04,1.66341e-03,9.16802e-03,2.96839e-03,1.86653e-02,2.97973e-04,2.02335e-01,2.62205e-03,9.92790e-04,7.91171e-04,5.61037e-03,2.80843e-03,4.73619e-04,7.40614e-04,4.52298e-03
7.81933e-04,7.74340e-02,3.63218e-04,3.29702e-02,3.68737e-04,7.63410e-04,1.64622e-03,9.11011e-03,2.95276e-03,1.86079e-02,2.86946e-04,1.95736e-01,2.57098e-03,9.88832e-04,7.97635e-04,5.61082e-03,2.78379e-03,4.66990e-04,7.18210e-04,4.52022e-03
7.98119e-04,7.65726e-02,3.60740e-04,3.18954e-02,3.64400e-04,7.60360e-04,1.65086e-03,9.08694e-03,2.93068e-03,1.85490e-02,2.80379e-04,1.88087e-01,2.48657e-03,9.79607e-04,8.06994e-04,5.56820e-03,2.77908e-03,4.59173e-04,7.29996e-04,4.54575e-03
7.89594e-04,7.53180e-02,3.53055e-04,3.10207e-02,3.60783e-04,7.52157e-04,1.63727e-03,9.03768e-03,2.93134e-03,1.85541e-02,2.77338e-04,1.79833e-01,2.42417e-03,9.77594e-04,8.04958e-04,5.55175e-03,2.76581e-03,4.51365e-04,7.43431e-04,4.56091e-03
7.86559e-04,7.41937e-02,3.48182e-04,3.00193e-02,3.66973e-04,7.50916e-04,1.62907e-03,8.98850e-03,2.93294e-03,1.85295e-02,2.75277e-04,1.71395e-01,2.37629e-03,9.91764e-04,7.98002e-04,5.51036e-03,2.73597e-03,4.50425e-04,7.37234e-04,4.57738e-03
7.75172e-04,7.18974e-02,3.46830e-04,2.93929e-02,3.71417e-04,7.52901e-04,1.62945e-03,8.92140e-03,2.92221e-03,1.84447e-02,2.77145e-04,1.62984e-01,2.34374e-03,9.78788e-04,8.00107e-04,5.46552e-03,2.74720e-03,4.54442e-04,7.52842e-04,4.61371e-03
7.62619e-04,7.11307e-02,3.53137e-04,2.86887e-02,3.78432e-04,7.58950e-04,1.63480e-03,8.90217e-03,2.90955e-03,1.84141e-02,2.80282e-04,1.54417e-01,2.28995e-03,9.84644e-04,7.94294e-04,5.46664e-03,2.70996e-03,4.56793e-04,7.50863e-04,4.65549e-03
7.63086e-04,6.98198e-02,3.62459e-04,2.80196e-02,3.81388e-04,7.53707e-04,1.62589e-03,8.86251e-03,2.92185e-03,1.83739e-02,2.79294e-04,1.46718e-01,2.25591e-03,9.74898e-04,7.91241e-04,5.46275e-03,2.69552e-03,4.56607e-04,7.54569e-04,4.68121e-03
7.62826e-04,6.85011e-02,3.65143e-04,2.72716e-02,3.90948e-04,7.56431e-04,1.63250e-03,8.80789e-03,2.91675e-03,1.82587e-02,2.78569e-04,1.39722e-01,2.26637e-03,9.67591e-04,7.92578e-04,5.40066e-03,2.68007e-03,4.59765e-04,7.61160e-04,4.71948e-03
7.52978e-04,6.75943e-02,3.64043e-04,2.67414e-02,3.77808e-04,7.65227e-04,1.64213e-03,8.74711e-03,2.93527e-03,1.82593e-02,2.84068e-04,1.33034e-01,2.23429e-03,9.64104e-04,7.84703e-04,5.37324e-03,2.67563e-03,4.60008e-04,7.56668e-04,4.71362e-03
7.55053e-04,6.67367e-02,3.61665e-04,2.62175e-02,3.77538e-04,7.79214e-04,1.66482e-03,8.68273e-03,2.92644e-03,1.82026e-02,2.85939e-04,1.27129e-01,2.19053e-03,9.62863e-04,7.80289e-04,5.32167e-03,2.66619e-03,4.61371e-04,7.58983e-04,4.78202e-03
7.60341e-04,6.56685e-02,3.61085e-04,2.57280e-02,3.77889e-04,7.81935e-04,1.65485e-03,8.59465e-03,2.91954e-03,1.80981e-02,2.88361e-04,1.21715e-01,2.15970e-03,9.58228e-04,7.81571e-04,5.30329e-03,2.65022e-03,4.60821e-04,7.71616e-04,4.80869e-03
7.55765e-04,6.46354e-02,3.60197e-04,2.52495e-02,3.86083e-04,7.91495e-04,1.65903e-03,8.52255e-03,2.90108e-03,1.80644e-02,2.83290e-04,1.16491e-01,2.14930e-03,9.43823e-04,7.81798e-04,5.24338e-03,2.62682e-03,4.66301e-04,7.72535e-04,4.90507e-03
7.53683e-04,6.42328e-02,3.61087e-04,2.46954e-02,3.89739e-04,7.94749e-04,1.65773e-03,8.47560e-03,2.89925e-03,1.80141e-02,2.71966e-04,1.12141e-01,2.13355e-03,9.20078e-04,7.84259e-04,5.20426e-03,2.60138e-03,4.73738e-04,7.67898e-04,4.96425e-03
7.38896e-04,6.28543e-02,3.63757e-04,2.42203e-02,3.84674e-04,7.94780e-04,1.65770e-03,8.41716e-03,2.90468e-03,1.79639e-02,2.66533e-04,1.08383e-01,2.10035e-03,9.42513e-04,7.89627e-04,5.18595e-03,2.62280e-03,4.76879e-04,7.64542e-04,5.02160e-03
7.41652e-04,6.23601e-02,3.65957e-04,2.38770e-02,3.69568e-04,7.88264e-04,1.65062e-03,8.35995e-03,2.89948e-03,1.78660e-02,2.64788e-04,1.04956e-01,2.09324e-03,9.36000e-04,7.96176e-04,5.14540e-03,2.61498e-03,4.77839e-04,7.54172e-04,5.05793e-03
7.45676e-04,6.08627e-02,3.66114e-04,2.34131e-02,3.65384e-04,7.82122e-04,1.65585e-03,8.29413e-03,2.90216e-03,1.78818e-02,2.62246e-04,1.02249e-01,2.09071e-03,9.47284e-04,8.03266e-04,5.09515e-03,2.60277e-03,4.76449e-04,7.46950e-04,5.11557e-03
7.21212e-04,6.03142e-02,3.61232e-04,2.31630e-02,3.52052e-04,7.68902e-04,1.64684e-03,8.25566e-03,2.87115e-03,1.78233e-02,2.55573e-04,9.95971e-02,2.08882e-03,9.50413e-04,8.13665e-04,5.08416e-03,2.59653e-03,4.68678e-04,7.27418e-04,5.18067e-03
7.28998e-04,5.90716e-02,3.52698e-04,2.28243e-02,3.43226e-04,7.57957e-04,1.63885e-03,8.18207e-03,2.87349e-03,1.77736e-02,2.46460e-04,9.71333e-02,2.05958e-03,9.40040e-04,8.16631e-04,5.04286e-03,2.58899e-03,4.67505e-04,7.11680e-04,5.27547e-03
7.22161e-04,5.81886e-02,3.41988e-04,2.24988e-02,3.41461e-04,7.47631e-04,1.62022e-03,8.11913e-03,2.86048e-03,1.76825e-02,2.43311e-04,9.51133e-02,2.04539e-03,9.33708e-04,8.18556e-04,4.99533e-03,2.57740e-03,4.65390e-04,7.01186e-04,5.25502e-03
7.15368e-04,5.71397e-02,3.42236e-04,2.22144e-02,3.43851e-04,7.45849e-04,1.62534e-03,8.05912e-03,2.83950e-03,1.76034e-02,2.47293e-04,9.32967e-02,1.99842e-03,9.31931e-04,8.30147e-04,4.99164e-03,2.56814e-03,4.52011e-04,6.85978e-04,5.31247e-03
7.09454e-04,5.62967e-02,3.43743e-04,2.19053e-02,3.37267e-04,7.44742e-04,1.62924e-03,8.03643e-03,2.81117e-03,1.75288e-02,2.51606e-04,9.19972e-02,2.01892e-03,9.31984e-04,8.36302e-04,4.96782e-03,2.57415e-03,4.40031e-04,6.71889e-04,5.27002e-03
7.07685e-04,5.49937e-02,3.41523e-04,2.14940e-02,3.43824e-04,7.36302e-04,1.62773e-03,7.98159e-03,2.78408e-03,1.75283e-02,2.48386e-04,9.07991e-02,1.97963e-03,9.26188e-04,8.44465e-04,4.91675e-03,2.58443e-03,4.31442e-04,6.71363e-04,5.27923e-03
7.05406e-04,5.39467e-02,3.39232e-04,2.12770e-02,3.46066e-04,7.28067e-04,1.62405e-03,7.95892e-03,2.77868e-03,1.74750e-02,2.46063e-04,8.92410e-02,1.95270e-03,9.25932e-04,8.46643e-04,4.89307e-03,2.57790e-03,4.29063e-04,6.55512e-04,5.26039e-03
7.20344e-04,5.27362e-02,3.36011e-04,2.10586e-02,3.44263e-04,7.21653e-04,1.63675e-03,7.92713e-03,2.78310e-03,1.74485e-02,2.47115e-04,8.79262e-02,1.92247e-03,9.25474e-04,8.42760e-04,4.88254e-03,2.56613e-03,4.28106e-04,6.27402e-04,5.24496e-03
7.18813e-04,5.14116e-02,3.36304e-04,2.08311e-02,3.35447e-04,7.15519e-04,1.64114e-03,7.89139e-03,2.77288e-03,1.73638e-02,2.46809e-04,8.66505e-02,1.92873e-03,9.12934e-04,8.38655e-04,4.88900e-03,2.55395e-03,4.31913e-04,6.26312e-04,5.19776e-03
7.17701e-04,5.03024e-02,3.34853e-04,2.05920e-02,3.35596e-04,7.18785e-04,1.61389e-03,7.85401e-03,2.76615e-03,1.73312e-02,2.47510e-04,8.55847e-02,1.91789e-03,9.15051e-04,8.39131e-04,4.86393e-03,2.55403e-03,4.35731e-04,6.31213e-04,5.25165e-03
7.34655e-04,4.91375e-02,3.34433e-04,2.02856e-02,3.31552e-04,7.23370e-04,1.60518e-03,7.82127e-03,2.74940e-03,1.73084e-02,2.53054e-04,8.45469e-02,1.94588e-03,9.07052e-04,8.35677e-04,4.87307e-03,2.56585e-03,4.38894e-04,6.23931e-04,5.25163e-03
7.33134e-04,4.78596e-02,3.31569e-04,2.00906e-02,3.22880e-04,7.26609e-04,1.58940e-03,7.80701e-03,2.74594e-03,1.72509e-02,2.61673e-04,8.36348e-02,1.97041e-03,9.11619e-04,8.25815e-04,4.87903e-03,2.55203e-03,4.35689e-04,6.25545e-04,5.28239e-03
7.37582e-04,4.67378e-02,3.28706e-04,1.98563e-02,3.18752e-04,7.25392e-04,1.59868e-03,7.77044e-03,2.74400e-03,1.72021e-02,2.69441e-04,8.26381e-02,1.97019e-03,9.08084e-04,8.20025e-04,4.88385e-03,2.55929e-03,4.31862e-04,6.30168e-04,5.33194e-03
7.29262e-04,4.57494e-02,3.29982e-04,1.95932e-02,3.22916e-04,7.26901e-04,1.58470e-03,7.76059e-03,2.75292e-03,1.71659e-02,2.71640e-04,8.14412e-02,1.96238e-03,9.08550e-04,8.16817e-04,4.84915e-03,2.55850e-03,4.30804e-04,6.28834e-04,5.36919e-03
7.37395e-04,4.47802e-02,3.35171e-04,1.94206e-02,3.12501e-04,7.28957e-04,1.58253e-03,7.76290e-03,2.75888e-03,1.71133e-02,2.76060e-04,8.05566e-02,1.97051e-03,9.08191e-04,8.09043e-04,4.83326e-03,2.55557e-03,4.24082e-04,6.40704e-04,5.50965e-03
7.38469e-04,4.38801e-02,3.33216e-04,1.92879e-02,3.14913e-04,7.36659e-04,1.58579e-03,7.74109e-03,2.75734e-03,1.70399e-02,2.76522e-04,7.97857e-02,1.94831e-03,9.05129e-04,8.09092e-04,4.81717e-03,2.52873e-03,4.26528e-04,6.50379e-04,5.59893e-03
7.41199e-04,4.25335e-02,3.33772e-04,1.90597e-02,3.20033e-04,7.38784e-04,1.58105e-03,7.71575e-03,2.76172e-03,1.70071e-02,2.70722e-04,7.89553e-02,1.97309e-03,8.92559e-04,8.06380e-04,4.78981e-03,2.51761e-03,4.32697e-04,6.60619e-04,5.72165e-03
7.37383e-04,4.19776e-02,3.38547e-04,1.89004e-02,3.30258e-04,7.38408e-04,1.56947e-03,7.71902e-03,2.75482e-03,1.69278e-02,2.69621e-04,7.82501e-02,1.96262e-03,8.89173e-04,7.96965e-04,4.76223e-03,2.51704e-03,4.34854e-04,6.52726e-04,5.85379e-03
7.34707e-04,4.11258e-02,3.38668e-04,1.86809e-02,3.26990e-04,7.36937e-04,1.55508e-03,7.69673e-03,2.75488e-03,1.69126e-02,2.68985e-04,7.75478e-02,1.95723e-03,8.82811e-04,7.92200e-04,4.76409e-03,2.52015e-03,4.35052e-04,6.59407e-04,6.00019e-03
7.26134e-04,4.01265e-02,3.32236e-04,1.85029e-02,3.17911e-04,7.31725e-04,1.54781e-03,7.69475e-03,2.75187e-03,1.68499e-02,2.67725e-04,7.66825e-02,1.97468e-03,8.85681e-04,7.89851e-04,4.70748e-03,2.50088e-03,4.31273e-04,6.49349e-04,6.15237e-03
7.26183e-04,3.90255e-02,3.30127e-04,1.83411e-02,3.08985e-04,7.20258e-04,1.55235e-03,7.67586e-03,2.74992e-03,1.67937e-02,2.68029e-04,7.57544e-02,1.93286e-03,8.88159e-04,7.77221e-04,4.70227e-03,2.50236e-03,4.26365e-04,6.41414e-04,6.30271e-03
7.15047e-04,3.82042e-02,3.32397e-04,1.81493e-02,3.13326e-04,7.13727e-04,1.54293e-03,7.66589e-03,2.76203e-03,1.67646e-02,2.70532e-04,7.49122e-02,1.96975e-03,8.77435e-04,7.69753e-04,4.73311e-03,2.51163e-03,4.24761e-04,6.45252e-04,6.44850e-03
7.06646e-04,3.70808e-02,3.28119e-04,1.81127e-02,3.10629e-04,7.15161e-04,1.55148e-03,7.68438e-03,2.75395e-03,1.67098e-02,2.72855e-04,7.39788e-02,1.94857e-03,8.80261e-04,7.56647e-04,4.69304e-03,2.50632e-03,4.25881e-04,6.59406e-04,6.56631e-03
7.07506e-04,3.62940e-02,3.22229e-04,1.80029e-02,3.11076e-04,7.14355e-04,1.54822e-03,7.69625e-03,2.73694e-03,1.67261e-02,2.78800e-04,7.31117e-02,1.94809e-03,8.76624e-04,7.50317e-04,4.68885e-03,2.48820e-03,4.26101e-04,6.52640e-04,6.67482e-03
6.94566e-04,3.56539e-02,3.22234e-04,1.78477e-02,3.10503e-04,7.15809e-04,1.54242e-03,7.67371e-03,2.73179e-03,1.66716e-02,2.82230e-04,7.22969e-02,1.91904e-03,8.68411e-04,7.47643e-04,4.69488e-03,2.49015e-03,4.23241e-04,6.49848e-04,6.72709e-03
6.97518e-04,3.46567e-02,3.22646e-04,1.77183e-02,3.05577e-04,7.13590e-04,1.53882e-03,7.66203e-03,2.72658e-03,1.66060e-02,2.87931e-04,7.13016e-02,1.94900e-03,8.58367e-04,7.50838e-04,4.66865e-03,2.47947e-03,4.21151e-04,6.41155e-04,6.82220e-03
6.94833e-04,3.38824e-02,3.26335e-04,1.76380e-02,3.07461e-04,7.15636e-04,1.52842e-03,7.65382e-03,2.72530e-03,1.65703e-02,2.91162e-04,7.03212e-02,1.91346e-03,8.57151e-04,7.45804e-04,4.67376e-03,2.47514e-03,4.22108e-04,6.47699e-04,6.87663e-03
6.94061e-04,3.31785e-02,3.27386e-04,1.75612e-02,3.09814e-04,7.14368e-04,1.53742e-03,7.66760e-03,2.72645e-03,1.65537e-02,2.89125e-04,6.93219e-02,1.89539e-03,8.29629e-04,7.41957e-04,4.69256e-03,2.45212e-03,4.22477e-04,6.50260e-04,6.86767e-03
6.99747e-04,3.22619e-02,3.22704e-04,1.74791e-02,3.13803e-04,7.13144e-04,1.53751e-03,7.68130e-03,2.72899e-03,1.65065e-02,2.84345e-04,6.82939e-02,1.93071e-03,8.35296e-04,7.29769e-04,4.68146e-03,2.43659e-03,4.20715e-04,6.53298e-04,6.87848e-03
6.90864e-04,3.20103e-02,3.20564e-04,1.73395e-02,3.12019e-04,7.13412e-04,1.54352e-03,7.69558e-03,2.72782e-03,1.65369e-02,2.82359e-04,6.73998e-02,1.91982e-03,8.14150e-04,7.28882e-04,4.67158e-03,2.42652e-03,4.18284e-04,6.62060e-04,6.83935e-03
6.92650e-04,3.12867e-02,3.13685e-04,1.73102e-02,3.07512e-04,7.16589e-04,1.55015e-03,7.67239e-03,2.72985e-03,1.64944e-02,2.76384e-04,6.64025e-02,1.90157e-03,8.04108e-04,7.28383e-04,4.66207e-03,2.43153e-03,4.14395e-04,6.75125e-04,6.77021e-03
6.90034e-04,3.05624e-02,3.11290e-04,1.72249e-02,3.06960e-04,7.24184e-04,1.54441e-03,7.69799e-03,2.71919e-03,1.65235e-02,2.66371e-04,6.53818e-02,1.89288e-03,8.14834e-04,7.32654e-04,4.66970e-03,2.40901e-03,4.10850e-04,6.91270e-04,6.69826e-03
6.99127e-04,3.02974e-02,3.11479e-04,1.71076e-02,3.00801e-04,7.34725e-04,1.54522e-03,7.71044e-03,2.70977e-03,1.64672e-02,2.64577e-04,6.43872e-02,1.89429e-03,8.13145e-04,7.36665e-04,4.71398e-03,2.41881e-03,4.08244e-04,7.08409e-04,6.59902e-03
7.00473e-04,2.92454e-02,3.12853e-04,1.70303e-02,2.88054e-04,7.39944e-04,1.54771e-03,7.70739e-03,2.70144e-03,1.64146e-02,2.65313e-04,6.33652e-02,1.92810e-03,8.08340e-04,7.42072e-04,4.76497e-03,2.41092e-03,4.15283e-04,7.19877e-04,6.48181e-03
7.06333e-04,2.88324e-02,3.14255e-04,1.69915e-02,2.92607e-04,7.51688e-04,1.56551e-03,7.72564e-03,2.69711e-03,1.63770e-02,2.69218e-04,6.23803e-02,1.92071e-03,8.03535e-04,7.38720e-04,4.78856e-03,2.40035e-03,4.24806e-04,7.37015e-04,6.35930e-03
7.15571e-04,2.85943e-02,3.19529e-04,1.69750e-02,2.96899e-04,7.42439e-04,1.54854e-03,7.71716e-03,2.70876e-03,1.63693e-02,2.72635e-04,6.14381e-02,1.94738e-03,8.02813e-04,7.49031e-04,4.81409e-03,2.38627e-03,4.41047e-04,7.56210e-04,6.21936e-03
7.24161e-04,2.80753e-02,3.26113e-04,1.69442e-02,3.05104e-04,7.29877e-04,1.55690e-03,7.70713e-03,2.74624e-03,1.63832e-02,2.76924e-04,6.01906e-02,1.89520e-03,8.01066e-04,7.55071e-04,4.87134e-03,2.39122e-03,4.67663e-04,7.79364e-04,6.03358e-03
7.42946e-04,2.75115e-02,3.34881e-04,1.68537e-02,3.14067e-04,7.26160e-04,1.57836e-03,7.71008e-03,2.80776e-03,1.63271e-02,2.78250e-04,5.98668e-02,1.90874e-03,8.07699e-04,7.60172e-04,4.92169e-03,2.38600e-03,5.06051e-04,8.08181e-04,5.90784e-03
7.64980e-04,2.70051e-02,3.41436e-04,1.68262e-02,3.06652e-04,7.36135e-04,1.57996e-03,7.73785e-03,2.89439e-03,1.63197e-02,2.79133e-04,5.96264e-02,1.87627e-03,8.13152e-04,7.65012e-04,4.95085e-03,2.38827e-03,5.22282e-04,8.43545e-04,5.72003e-03
8.27983e-04,2.62756e-02,3.43376e-04,1.68026e-02,2.98789e-04,7.39260e-04,1.59012e-03,7.74602e-03,3.01281e-03,1.63035e-02,2.85584e-04,5.83846e-02,1.86748e-03,8.27224e-04,7.71622e-04,4.98733e-03,2.38723e-03,5.26441e-04,8.71368e-04,5.56570e-03
9.26731e-04,2.60949e-02,3.35779e-04,1.68067e-02,2.96283e-04,7.27792e-04,1.59012e-03,7.78077e-03,3.16090e-03,1.62935e-02,2.94117e-04,5.76396e-02,1.90169e-03,8.54712e-04,7.83315e-04,5.00230e-03,2.37437e-03,5.18838e-04,9.18639e-04,5.43527e-03
1.05215e-03,2.56370e-02,3.32884e-04,1.68071e-02,2.91983e-04,7.14065e-04,1.60025e-03,7.77561e-03,3.33191e-03,1.63065e-02,2.98610e-04,5.62276e-02,1.83346e-03,8.86578e-04,7.91558e-04,5.00949e-03,2.35936e-03,5.03846e-04,9.51107e-04,5.30546e-03
1.18258e-03,2.55979e-02,3.21097e-04,1.67968e-02,2.95249e-04,7.08093e-04,1.61019e-03,7.78663e-03,3.50302e-03,1.62981e-02,3.05810e-04,5.58292e-02,1.84163e-03,9.30752e-04,7.94814e-04,5.07864e-03,2.35205e-03,4.93623e-04,9.87349e-04,5.14064e-03
1.30177e-03,2.53073e-02,3.07122e-04,1.68342e-02,2.97212e-04,7.07111e-04,1.62236e-03,7.77099e-03,3.65352e-03,1.62666e-02,3.03097e-04,5.46751e-02,1.87345e-03,1.00362e-03,8.00029e-04,5.11685e-03,2.36070e-03,4.83646e-04,1.01678e-03,5.03008e-03
1.38331e-03,2.52685e-02,2.91923e-04,1.67470e-02,3.00667e-04,7.18363e-04,1.63939e-03,7.77371e-03,3.79611e-03,1.62424e-02,3.02968e-04,5.42160e-02,1.85749e-03,1.08850e-03,8.09476e-04,5.18306e-03,2.35702e-03,4.72981e-04,1.03339e-03,4.90468e-03
1.43170e-03,2.50936e-02,2.79103e-04,1.68304e-02,3.06886e-04,7.21845e-04,1.63697e-03,7.78848e-03,3.89466e-03,1.62363e-02,3.07217e-04,5.33327e-02,1.87836e-03,1.16422e-03,8.17882e-04,5.26410e-03,2.34343e-03,4.62889e-04,1.05711e-03,4.77788e-03
1.46724e-03,2.46243e-02,2.67553e-04,1.68790e-02,3.22165e-04,7.18857e-04,1.64410e-03,7.81066e-03,3.96179e-03,1.61921e-02,3.09092e-04,5.25537e-02,1.82959e-03,1.22556e-03,8.28552e-04,5.35366e-03,2.34450e-03,4.54221e-04,1.06142e-03,4.65882e-03
1.50112e-03,2.41337e-02,2.61777e-04,1.70017e-02,3.29809e-04,7.07533e-04,1.64402e-03,7.83764e-03,4.00934e-03,1.61595e-02,3.05324e-04,5.19243e-02,1.85579e-03,1.25875e-03,8.42023e-04,5.42238e-03,2.33577e-03,4.44286e-04,1.07067e-03,4.53413e-03
1.53059e-03,2.38908e-02,2.66123e-04,1.72422e-02,3.45023e-04,6.97053e-04,1.65148e-03,7.83529e-03,4.04931e-03,1.61037e-02,3.01596e-04,5.13567e-02,1.82297e-03,1.27787e-03,8.52398e-04,5.50237e-03,2.32961e-03,4.37828e-04,1.08748e-03,4.45748e-03
1.53949e-03,2.38419e-02,2.73270e-04,1.75430e-02,3.58547e-04,6.93728e-04,1.65221e-03,7.84997e-03,4.08910e-03,1.61409e-02,2.97359e-04,5.07078e-02,1.84653e-03,1.27218e-03,8.69810e-04,5.58281e-03,2.35466e-03,4.23876e-04,1.10358e-03,4.37439e-03
1.53856e-03,2.32068e-02,2.82279e-04,1.79560e-02,3.54714e-04,6.93499e-04,1.64115e-03,7.88211e-03,4.13833e-03,1.60491e-02,2.98817e-04,5.00450e-02,1.86420e-03,1.26845e-03,8.89890e-04,5.65193e-03,2.33159e-03,4.09433e-04,1.12583e-03,4.27538e-03
1.51135e-03,2.30716e-02,2.87318e-04,1.84842e-02,3.48754e-04,6.87709e-04,1.62918e-03,7.89119e-03,4.20002e-03,1.60439e-02,3.01411e-04,4.94105e-02,1.89622e-03,1.25649e-03,9.00588e-04,5.76573e-03,2.32373e-03,4.08083e-04,1.14599e-03,4.15849e-03
1.45684e-03,2.29881e-02,2.83169e-04,1.91293e-02,3.42583e-04,6.85175e-04,1.61175e-03,7.86501e-03,4.27579e-03,1.60507e-02,3.00328e-04,4.90682e-02,1.87753e-03,1.25038e-03,9.12719e-04,5.82191e-03,2.31057e-03,3.92063e-04,1.14232e-03,4.10221e-03
1.39641e-03,2.27289e-02,2.88112e-04,1.99437e-02,3.42803e-04,6.78275e-04,1.60339e-03,7.89234e-03,4.36811e-03,1.60500e-02,2.95398e-04,4.87461e-02,1.84513e-03,1.23365e-03,9.32897e-04,5.89298e-03,2.31057e-03,3.83508e-04,1.16738e-03,4.08882e-03
1.33060e-03,2.23093e-02,2.91131e-04,2.08324e-02,3.39914e-04,6.86497e-04,1.59058e-03,7.93113e-03,4.45550e-03,1.60315e-02,2.98652e-04,4.83187e-02,1.87036e-03,1.22161e-03,9.58762e-04,5.94622e-03,2.32216e-03,3.86394e-04,1.20299e-03,4.08233e-03
1.26493e-03,2.21159e-02,2.93018e-04,2.18757e-02,3.31569e-04,6.80508e-04,1.59500e-03,7.93143e-03,4.53110e-03,1.60327e-02,3.00067e-04,4.77368e-02,1.87940e-03,1.20916e-03,9.87270e-04,5.94238e-03,2.30893e-03,3.79796e-04,1.20800e-03,4.07249e-03
1.20326e-03,2.19835e-02,2.96280e-04,2.31108e-02,3.25236e-04,6.80086e-04,1.59566e-03,7.94025e-03,4.57356e-03,1.60221e-02,2.99696e-04,4.71879e-02,1.87389e-03,1.19223e-03,1.01409e-03,5.96719e-03,2.28651e-03,3.78390e-04,1.23062e-03,4.06813e-03
1.15350e-03,2.18565e-02,2.96659e-04,2.44414e-02,3.20458e-04,6.78851e-04,1.60273e-03,7.93956e-03,4.57944e-03,1.60441e-02,2.97219e-04,4.67207e-02,1.86125e-03,1.17600e-03,1.04316e-03,5.97345e-03,2.25525e-03,3.82586e-04,1.24943e-03,4.10636e-03
1.11861e-03,2.16635e-02,2.98009e-04,2.55840e-02,3.17559e-04,6.80127e-04,1.60454e-03,7.95682e-03,4.55275e-03,1.60568e-02,2.91838e-04,4.62849e-02,1.87307e-03,1.15015e-03,1.07683e-03,5.99496e-03,2.24304e-03,3.84893e-04,1.23337e-03,4.11059e-03
1.08315e-03,2.16613e-02,2.98044e-04,2.66968e-02,3.14171e-04,6.85778e-04,1.59766e-03,7.94736e-03,4.47946e-03,1.61038e-02,2.90106e-04,4.58210e-02,1.89282e-03,1.12242e-03,1.10923e-03,6.04556e-03,2.21328e-03,3.84058e-04,1.22005e-03,4.11220e-03
1.04579e-03,2.14703e-02,2.96530e-04,2.82359e-02,3.08675e-04,6.96777e-04,1.60198e-03,7.97624e-03,4.39562e-03,1.60782e-02,2.86795e-04,4.51483e-02,1.87114e-03,1.08643e-03,1.13299e-03,6.08945e-03,2.20812e-03,3.85549e-04,1.19055e-03,4.13306e-03
1.01043e-03,2.11160e-02,2.91520e-04,2.93214e-02,2.98734e-04,7.08912e-04,1.60346e-03,7.97063e-03,4.29130e-03,1.61221e-02,2.81546e-04,4.45600e-02,1.87920e-03,1.05784e-03,1.16366e-03,6.09504e-03,2.19799e-03,3.85448e-04,1.16968e-03,4.13238e-03
9.68500e-04,2.11157e-02,2.91777e-04,3.01564e-02,2.92365e-04,7.25633e-04,1.59524e-03,7.97429e-03,4.17771e-03,1.62350e-02,2.80206e-04,4.41234e-02,1.89572e-03,1.02825e-03,1.17648e-03,6.14546e-03,2.18241e-03,3.85308e-04,1.15805e-03,4.15094e-03
9.32821e-04,2.10797e-02,2.94558e-04,3.07714e-02,2.88339e-04,7.39444e-04,1.58828e-03,7.98625e-03,4.06718e-03,1.63191e-02,2.82350e-04,4.37355e-02,1.92749e-03,1.00181e-03,1.18970e-03,6.14991e-03,2.18867e-03,3.90568e-04,1.12709e-03,4.14100e-03
8.98085e-04,2.09200e-02,2.93350e-04,3.14039e-02,2.98294e-04,7.51583e-04,1.58937e-03,7.97320e-03,3.96631e-03,1.64312e-02,2.81773e-04,4.30523e-02,1.92460e-03,9.77215e-04,1.18944e-03,6.18344e-03,2.18464e-03,3.85812e-04,1.11496e-03,4.11332e-03
8.60898e-04,2.07693e-02,2.96158e-04,3.16908e-02,2.94070e-04,7.60097e-04,1.61504e-03,7.95262e-03,3.85847e-03,1.65801e-02,2.79009e-04,4.26361e-02,1.94848e-03,9.50786e-04,1.17619e-03,6.17555e-03,2.18103e-03,3.84843e-04,1.11473e-03,4.11622e-03
8.25569e-04,2.07014e-02,2.92720e-04,3.18061e-02,2.82730e-04,7.72657e-04,1.60822e-03,7.96877e-03,3.76140e-03,1.67493e-02,2.73165e-04,4.22370e-02,1.96865e-03,9.28262e-04,1.16100e-03,6.19249e-03,2.17627e-03,3.84221e-04,1.11056e-03,4.11231e-03
7.97207e-04,2.07121e-02,2.92452e-04,3.18774e-02,2.69124e-04,7.79674e-04,1.61997e-03,7.94863e-03,3.67380e-03,1.69435e-02,2.65183e-04,4.19263e-02,1.98530e-03,9.10204e-04,1.14156e-03,6.22349e-03,2.17570e-03,3.82436e-04,1.10259e-03,4.08122e-03
7.77129e-04,2.04331e-02,2.85620e-04,3.18853e-02,2.68419e-04,7.90272e-04,1.61888e-03,7.94590e-03,3.60868e-03,1.71377e-02,2.61060e-04,4.16758e-02,1.97686e-03,8.94960e-04,1.12479e-03,6.25814e-03,2.17843e-03,3.80757e-04,1.09210e-03,4.03741e-03
7.56076e-04,2.03636e-02,2.78206e-04,3.18764e-02,2.70071e-04,7.97081e-04,1.62044e-03,7.91008e-03,3.53458e-03,1.73418e-02,2.59439e-04,4.14114e-02,1.99409e-03,8.89961e-04,1.10748e-03,6.33815e-03,2.16792e-03,3.82068e-04,1.08493e-03,4.00652e-03
7.49543e-04,2.03580e-02,2.74361e-04,3.17478e-02,2.59988e-04,7.96677e-04,1.63046e-03,7.89048e-03,3.48430e-03,1.74822e-02,2.63943e-04,4.12120e-02,2.00685e-03,8.83809e-04,1.08964e-03,6.39371e-03,2.17518e-03,3.85617e-04,1.08327e-03,3.97043e-03
7.36357e-04,2.02877e-02,2.82341e-04,3.16544e-02,2.46859e-04,8.03344e-04,1.64746e-03,7.86175e-03,3.42047e-03,1.76062e-02,2.66430e-04,4.08782e-02,2.00356e-03,8.77801e-04,1.08326e-03,6.51113e-03,2.16346e-03,3.79554e-04,1.06580e-03,3.94465e-03
7.36273e-04,2.01446e-02,3.01451e-04,3.13911e-02,2.44160e-04,8.01810e-04,1.65755e-03,7.84469e-03,3.35934e-03,1.77044e-02,2.68336e-04,4.05784e-02,1.97917e-03,8.67573e-04,1.07991e-03,6.59212e-03,2.17120e-03,3.76022e-04,1.06072e-03,3.89926e-03
7.32610e-04,2.00219e-02,3.20851e-04,3.09538e-02,2.53330e-04,7.98702e-04,1.67138e-03,7.86270e-03,3.29447e-03,1.77262e-02,2.73019e-04,4.03991e-02,1.97628e-03,8.49286e-04,1.07843e-03,6.69782e-03,2.17188e-03,3.73042e-04,1.06610e-03,3.85475e-03
7.44958e-04,2.00813e-02,3.31765e-04,3.03797e-02,2.64623e-04,8.04737e-04,1.68447e-03,7.86766e-03,3.23907e-03,1.78298e-02,2.72462e-04,4.02198e-02,1.95806e-03,8.53259e-04,1.07626e-03,6.84690e-03,2.16580e-03,3.69305e-04,1.06301e-03,3.83315e-03
7.48817e-04,2.01889e-02,3.37510e-04,2.97625e-02,2.65093e-04,8.09226e-04,1.69381e-03,7.85431e-03,3.19300e-03,1.77662e-02,2.72247e-04,4.00429e-02,1.94881e-03,8.60894e-04,1.07581e-03,6.96877e-03,2.16263e-03,3.62639e-04,1.05988e-03,3.81778e-03
7.54746e-04,1.99433e-02,3.36078e-04,2.89526e-02,2.61177e-04,8.11604e-04,1.70674e-03,7.86132e-03,3.13937e-03,1.77319e-02,2.70982e-04,3.98572e-02,1.91729e-03,8.71419e-04,1.07326e-03,7.07978e-03,2.12814e-03,3.54381e-04,1.05678e-03,3.77786e-03
7.60640e-04,1.99334e-02,3.02478e-04,2.80484e-02,2.60933e-04,8.06131e-04,1.70502e-03,7.84860e-03,3.09404e-03,1.76583e-02,2.67768e-04,3.96946e-02,1.88451e-03,8.85171e-04,1.06640e-03,7.18041e-03,2.12006e-03,3.48340e-04,1.04913e-03,3.77141e-03
7.58360e-04,1.98823e-02,2.83977e-04,2.71627e-02,2.77125e-04,8.05414e-04,1.72311e-03,7.85259e-03,3.03978e-03,1.75809e-02,2.65357e-04,3.95807e-02,1.83752e-03,8.89769e-04,1.05890e-03,7.27875e-03,2.10799e-03,3.42015e-04,1.05711e-03,3.80450e-03
7.67316e-04,1.97349e-02,2.76940e-04,2.62822e-02,2.81025e-04,8.16746e-04,1.74819e-03,7.85249e-03,3.02181e-03,1.74796e-02,2.63629e-04,3.94514e-02,1.83770e-03,9.01297e-04,1.05342e-03,7.37788e-03,2.09542e-03,3.42543e-04,1.04962e-03,3.83429e-03
7.77990e-04,1.97577e-02,2.70040e-04,2.54179e-02,2.85429e-04,8.37390e-04,1.77319e-03,7.84395e-03,2.97072e-03,1.73354e-02,2.62456e-04,3.93297e-02,1.80842e-03,8.97470e-04,1.04281e-03,7.45434e-03,2.11989e-03,3.44302e-04,1.03888e-03,3.85492e-03
7.86495e-04,1.97311e-02,2.72810e-04,2.45957e-02,2.80197e-04,8.65934e-04,1.79909e-03,7.85143e-03,2.95024e-03,1.72049e-02,2.63383e-04,3.92383e-02,1.80064e-03,8.95981e-04,1.03358e-03,7.46906e-03,2.11914e-03,3.43298e-04,1.02608e-03,3.84907e-03
7.89038e-04,1.95939e-02,2.70249e-04,2.38836e-02,2.80495e-04,8.92260e-04,1.81079e-03,7.87770e-03,2.92406e-03,1.70756e-02,2.63620e-04,3.91878e-02,1.79940e-03,8.83433e-04,1.01877e-03,7.55025e-03,2.13397e-03,3.45431e-04,1.02599e-03,3.92267e-03
7.95044e-04,1.96560e-02,2.65504e-04,2.30962e-02,2.92123e-04,9.15657e-04,1.83711e-03,7.91534e-03,2.88906e-03,1.69250e-02,2.63157e-04,3.92044e-02,1.78239e-03,8.66275e-04,1.00344e-03,7.54252e-03,2.16008e-03,3.45008e-04,1.01218e-03,3.95189e-03
8.01427e-04,1.97101e-02,2.76814e-04,2.26275e-02,3.16032e-04,9.63003e-04,1.86328e-03,7.96542e-03,2.87784e-03,1.67925e-02,2.65405e-04,3.93114e-02,1.78003e-03,8.62476e-04,9.83884e-04,7.58340e-03,2.19768e-03,3.43848e-04,1.01752e-03,3.93088e-03
8.05588e-04,1.96182e-02,2.81537e-04,2.21163e-02,3.12009e-04,1.03449e-03,1.86651e-03,8.00783e-03,2.84998e-03,1.66313e-02,2.63208e-04,3.92595e-02,1.77197e-03,8.54291e-04,9.64067e-04,7.54952e-03,2.23405e-03,3.39911e-04,1.00950e-03,3.93681e-03
8.01890e-04,1.96227e-02,2.73476e-04,2.17779e-02,3.00816e-04,1.17378e-03,1.87696e-03,8.05684e-03,2.83604e-03,1.65009e-02,2.59710e-04,3.92230e-02,1.75750e-03,8.34562e-04,9.39186e-04,7.51741e-03,2.25718e-03,3.37418e-04,9.99881e-04,3.94108e-03
8.02273e-04,1.95956e-02,2.70780e-04,2.15595e-02,2.89987e-04,1.54573e-03,1.90818e-03,8.09176e-03,2.81189e-03,1.64031e-02,2.59934e-04,3.92559e-02,1.74785e-03,8.36694e-04,9.16016e-04,7.44629e-03,2.31234e-03,3.34425e-04,9.90764e-04,3.92098e-03
7.93668e-04,1.95976e-02,2.68386e-04,2.14823e-02,2.85165e-04,2.24820e-03,1.95574e-03,8.15696e-03,2.81501e-03,1.63201e-02,2.60499e-04,3.92642e-02,1.76222e-03,8.22323e-04,8.95394e-04,7.40412e-03,2.36126e-03,3.30116e-04,9.88183e-04,3.91126e-03
7.85895e-04,1.95955e-02,2.72210e-04,2.14192e-02,2.91842e-04,3.02975e-03,2.00016e-03,8.21597e-03,2.80266e-03,1.62296e-02,2.72127e-04,3.92246e-02,1.75346e-03,8.10902e-04,8.70975e-04,7.28433e-03,2.40572e-03,3.21323e-04,9.68407e-04,3.89536e-03
7.69262e-04,1.95951e-02,2.72387e-04,2.13581e-02,2.89481e-04,3.76612e-03,2.05951e-03,8.26959e-03,2.80685e-03,1.61999e-02,2.85419e-04,3.91866e-02,1.73704e-03,8.09781e-04,8.41415e-04,7.16713e-03,2.43490e-03,3.18561e-04,9.59831e-04,3.91388e-03
7.67132e-04,1.96539e-02,2.70907e-04,2.12373e-02,2.91628e-04,4.56636e-03,2.10493e-03,8.36978e-03,2.79839e-03,1.61757e-02,2.96091e-04,3.91274e-02,1.77990e-03,7.82514e-04,8.20012e-04,7.03079e-03,2.48404e-03,3.12636e-04,9.39720e-04,3.86378e-03
7.64251e-04,1.98518e-02,2.68446e-04,2.11163e-02,2.96862e-04,4.84241e-03,2.13243e-03,8.45666e-03,2.78062e-03,1.60519e-02,3.07281e-04,3.89948e-02,1.76518e-03,7.86038e-04,8.15105e-04,6.88108e-03,2.52966e-03,3.09359e-04,9.11247e-04,3.88413e-03
7.67058e-04,1.98865e-02,2.70304e-04,2.10968e-02,3.02504e-04,4.36678e-03,2.14711e-03,8.56239e-03,2.77928e-03,1.60828e-02,3.13124e-04,3.89074e-02,1.75273e-03,7.79114e-04,8.02941e-04,6.74522e-03,2.60213e-03,3.05262e-04,8.97957e-04,3.79930e-03
7.61883e-04,1.98217e-02,2.72473e-04,2.12055e-02,2.93694e-04,3.63719e-03,2.14966e-03,8.69722e-03,2.77981e-03,1.60001e-02,3.24146e-04,3.88746e-02,1.74059e-03,7.91239e-04,7.99836e-04,6.56358e-03,2.65634e-03,3.04726e-04,8.84203e-04,3.77435e-03
7.62748e-04,2.00493e-02,2.69831e-04,2.15214e-02,2.81501e-04,3.03259e-03,2.14052e-03,8.82776e-03,2.78225e-03,1.59481e-02,3.29443e-04,3.87856e-02,1.72463e-03,7.89732e-04,7.96562e-04,6.41179e-03,2.70398e-03,3.02297e-04,8.57908e-04,3.74977e-03
7.61155e-04,2.00921e-02,2.67271e-04,2.19822e-02,2.77595e-04,2.64662e-03,2.13974e-03,8.96541e-03,2.77541e-03,1.58832e-02,3.34842e-04,3.86804e-02,1.73700e-03,7.92673e-04,7.97637e-04,6.24569e-03,2.76458e-03,3.00796e-04,8.43922e-04,3.72179e-03
7.54584e-04,2.02714e-02,2.66527e-04,2.25860e-02,2.82353e-04,2.44761e-03,2.14041e-03,9.11117e-03,2.77449e-03,1.58373e-02,3.33229e-04,3.85651e-02,1.71492e-03,7.96129e-04,8.04210e-04,6.06243e-03,2.82541e-03,2.98398e-04,8.30895e-04,3.71258e-03
7.50575e-04,2.03880e-02,2.63095e-04,2.32192e-02,2.81471e-04,2.39579e-03,2.13378e-03,9.20332e-03,2.76890e-03,1.58169e-02,3.25684e-04,3.84730e-02,1.73574e-03,8.04632e-04,8.16728e-04,5.93068e-03,2.88874e-03,3.01853e-04,8.26018e-04,3.69982e-03
7.43757e-04,2.06365e-02,2.70553e-04,2.38367e-02,2.75971e-04,2.45081e-03,2.12466e-03,9.26984e-03,2.77373e-03,1.57738e-02,3.22385e-04,3.84061e-02,1.71414e-03,8.12319e-04,8.34425e-04,5.76124e-03,2.94416e-03,3.07294e-04,8.19465e-04,3.70296e-03
7.39154e-04,2.08671e-02,2.73877e-04,2.44314e-02,2.82245e-04,2.56697e-03,2.10071e-03,9.30902e-03,2.77028e-03,1.57264e-02,3.25058e-04,3.81826e-02,1.72362e-03,8.00443e-04,8.62904e-04,5.64318e-03,3.00054e-03,3.07071e-04,8.03597e-04,3.67266e-03
7.24362e-04,2.13404e-02,2.63852e-04,2.48642e-02,2.78782e-04,2.69447e-03,2.08834e-03,9.30689e-03,2.74374e-03,1.56453e-02,3.26111e-04,3.80061e-02,1.74458e-03,8.00725e-04,8.96429e-04,5.49147e-03,3.04462e-03,3.00722e-04,7.93331e-04,3.69468e-03
7.28158e-04,2.16983e-02,2.64484e-04,2.51763e-02,2.70976e-04,2.78153e-03,2.08693e-03,9.25685e-03,2.72622e-03,1.56153e-02,3.24560e-04,3.79819e-02,1.74417e-03,8.05158e-04,9.43454e-04,5.36769e-03,3.10959e-03,2.94248e-04,7.75116e-04,3.68861e-03
7.28444e-04,2.22882e-02,2.66099e-04,2.54345e-02,2.70815e-04,2.80424e-03,2.09595e-03,9.22044e-03,2.72770e-03,1.55558e-02,3.26226e-04,3.78637e-02,1.73165e-03,7.93226e-04,9.96443e-04,5.25393e-03,3.13512e-03,2.91663e-04,7.79282e-04,3.68411e-03
7.32837e-04,2.29366e-02,2.65928e-04,2.55397e-02,2.70026e-04,2.74636e-03,2.08990e-03,9.13350e-03,2.71660e-03,1.54740e-02,3.24129e-04,3.76678e-02,1.71948e-03,8.00077e-04,1.05122e-03,5.13383e-03,3.14487e-03,2.94332e-04,7.92688e-04,3.64437e-03
7.35949e-04,2.34998e-02,2.69646e-04,2.56355e-02,2.65831e-04,2.62019e-03,2.09900e-03,9.02536e-03,2.68544e-03,1.54188e-02,3.24969e-04,3.75915e-02,1.71370e-03,8.00786e-04,1.10752e-03,5.04498e-03,3.15005e-03,2.89758e-04,7.96547e-04,3.65122e-03
7.48540e-04,2.41878e-02,2.73803e-04,2.58035e-02,2.59196e-04,2.45348e-03,2.09623e-03,8.95420e-03,2.67481e-03,1.53845e-02,3.28521e-04,3.74666e-02,1.69968e-03,8.00287e-04,1.16005e-03,4.98106e-03,3.13023e-03,2.85342e-04,7.93820e-04,3.62788e-03
7.57201e-04,2.49189e-02,2.73152e-04,2.59934e-02,2.50201e-04,2.25868e-03,2.10998e-03,8.89183e-03,2.67862e-03,1.53417e-02,3.29853e-04,3.73504e-02,1.69948e-03,7.91016e-04,1.20281e-03,4.91662e-03,3.09433e-03,2.83535e-04,7.83648e-04,3.62406e-03
7.55369e-04,2.57785e-02,2.72072e-04,2.61205e-02,2.40809e-04,2.06311e-03,2.13628e-03,8.84817e-03,2.67960e-03,1.53180e-02,3.28605e-04,3.72307e-02,1.69358e-03,7.89013e-04,1.23576e-03,4.86408e-03,3.06840e-03,2.83445e-04,7.98419e-04,3.64761e-03
7.49354e-04,2.66364e-02,2.72847e-04,2.62954e-02,2.31679e-04,1.88884e-03,2.18849e-03,8.79990e-03,2.68076e-03,1.53035e-02,3.34096e-04,3.70597e-02,1.70708e-03,7.94167e-04,1.25946e-03,4.80855e-03,3.00954e-03,2.84867e-04,7.91688e-04,3.64315e-03
7.40512e-04,2.75081e-02,2.83728e-04,2.63989e-02,2.54753e-04,1.72864e-03,2.27487e-03,8.75973e-03,2.69899e-03,1.53237e-02,3.44408e-04,3.69589e-02,1.70822e-03,7.90064e-04,1.26856e-03,4.71668e-03,2.93639e-03,3.05342e-04,7.89828e-04,3.68958e-03
7.45685e-04,2.82872e-02,3.08935e-04,2.65632e-02,4.31398e-04,1.58890e-03,2.40623e-03,8.75681e-03,2.73892e-03,1.53364e-02,3.41656e-04,3.68932e-02,1.70942e-03,8.09594e-04,1.26792e-03,4.65028e-03,2.89526e-03,3.20976e-04,8.15148e-04,3.68373e-03
7.60678e-04,2.90381e-02,3.75866e-04,2.68797e-02,8.68286e-04,1.47061e-03,2.58028e-03,8.77602e-03,2.77819e-03,1.53791e-02,3.29820e-04,3.68514e-02,1.71668e-03,8.34915e-04,1.26889e-03,4.63190e-03,2.87181e-03,3.50868e-04,8.64396e-04,3.71653e-03
7.63943e-04,2.98385e-02,3.98099e-04,2.71085e-02,1.61118e-03,1.37916e-03,2.77437e-03,8.76923e-03,2.82282e-03,1.54302e-02,3.24817e-04,3.68184e-02,1.72533e-03,8.67886e-04,1.25574e-03,4.66240e-03,2.84245e-03,3.94565e-04,9.23119e-04,3.77709e-03
7.93294e-04,3.06050e-02,4.18225e-04,2.70484e-02,2.76450e-03,1.30483e-03,2.95913e-03,8.75966e-03,2.85353e-03,1.54836e-02,3.27901e-04,3.67868e-02,1.75421e-03,8.85889e-04,1.23845e-03,4.78217e-03,2.79406e-03,4.41874e-04,9.81586e-04,3.91686e-03
8.33118e-04,3.13116e-02,4.49676e-04,2.69038e-02,3.99656e-03,1.25118e-03,3.11724e-03,8.73812e-03,2.88598e-03,1.56033e-02,3.25986e-04,3.67900e-02,1.76279e-03,9.15111e-04,1.22898e-03,4.99378e-03,2.75674e-03,4.87520e-04,1.04965e-03,3.91561e-03
8.54076e-04,3.19509e-02,4.89441e-04,2.68094e-02,4.63732e-03,1.21607e-03,3.25042e-03,8.72144e-03,2.93844e-03,1.56818e-02,3.17618e-04,3.68036e-02,1.75795e-03,9.27804e-04,1.21934e-03,5.31340e-03,2.71131e-03,5.30369e-04,1.11831e-03,3.93737e-03
9.11631e-04,3.25654e-02,5.16803e-04,2.66849e-02,4.88280e-03,1.19664e-03,3.32627e-03,8.70675e-03,3.00106e-03,1.57813e-02,3.13261e-04,3.68215e-02,1.73018e-03,9.29050e-04,1.21203e-03,5.55173e-03,2.67018e-03,5.61650e-04,1.17443e-03,3.95489e-03
9.82358e-04,3.31374e-02,5.22683e-04,2.65644e-02,5.25847e-03,1.18764e-03,3.33579e-03,8.68553e-03,3.07643e-03,1.58474e-02,3.07060e-04,3.68067e-02,1.71134e-03,9.44221e-04,1.20828e-03,5.61060e-03,2.63588e-03,5.86716e-04,1.23768e-03,3.93320e-03
1.06434e-03,3.36915e-02,5.06540e-04,2.66195e-02,5.80098e-03,1.18841e-03,3.27068e-03,8.65747e-03,3.14036e-03,1.59640e-02,3.01422e-04,3.68925e-02,1.72129e-03,9.97563e-04,1.20385e-03,5.55295e-03,2.59254e-03,6.08887e-04,1.27704e-03,3.94812e-03
1.16321e-03,3.41665e-02,4.76436e-04,2.68015e-02,6.01318e-03,1.20092e-03,3.13512e-03,8.65346e-03,3.22267e-03,1.60823e-02,3.01874e-04,3.69732e-02,1.76535e-03,1.05188e-03,1.20495e-03,5.43613e-03,2.58725e-03,6.19098e-04,1.34892e-03,3.95044e-03
1.25112e-03,3.45887e-02,4.41674e-04,2.70618e-02,5.66085e-03,1.21699e-03,2.96882e-03,8.62067e-03,3.34335e-03,1.62453e-02,2.99957e-04,3.69913e-02,1.79658e-03,1.11268e-03,1.21743e-03,5.37209e-03,2.55087e-03,6.15817e-04,1.39889e-03,3.97157e-03
1.32273e-03,3.48669e-02,4.07281e-04,2.72431e-02,5.00710e-03,1.23458e-03,2.77716e-03,8.62036e-03,3.46034e-03,1.63572e-02,2.89775e-04,3.70747e-02,1.87118e-03,1.16825e-03,1.21122e-03,5.41223e-03,2.54889e-03,5.99524e-04,1.47153e-03,3.93424e-03
1.40141e-03,3.49572e-02,3.77508e-04,2.74017e-02,4.35495e-03,1.25830e-03,2.59780e-03,8.61615e-03,3.57116e-03,1.64932e-02,2.86252e-04,3.71889e-02,1.95282e-03,1.21148e-03,1.21010e-03,5.50796e-03,2.55054e-03,5.72311e-04,1.50447e-03,3.91234e-03
1.46287e-03,3.50713e-02,3.57067e-04,2.75409e-02,3.80646e-03,1.28271e-03,2.42869e-03,8.66444e-03,3.68202e-03,1.65807e-02,2.77685e-04,3.73470e-02,1.97634e-03,1.25229e-03,1.21050e-03,5.63353e-03,2.57682e-03,5.42610e-04,1.57279e-03,3.97761e-03
1.51473e-03,3.49492e-02,3.42167e-04,2.76040e-02,3.33341e-03,1.31084e-03,2.27804e-03,8.70771e-03,3.79935e-03,1.66812e-02,2.66578e-04,3.75932e-02,2.05146e-03,1.28398e-03,1.20252e-03,5.69709e-03,2.60687e-03,5.17592e-04,1.59518e-03,4.00276e-03
1.55164e-03,3.48666e-02,3.28656e-04,2.76650e-02,2.90739e-03,1.34046e-03,2.15084e-03,8.76360e-03,3.90741e-03,1.67803e-02,2.57783e-04,3.78653e-02,2.09738e-03,1.29446e-03,1.19036e-03,5.69636e-03,2.65141e-03,5.04688e-04,1.63765e-03,4.07683e-03
1.55630e-03,3.44467e-02,3.17132e-04,2.77628e-02,2.51040e-03,1.36929e-03,2.03851e-03,8.82328e-03,4.00318e-03,1.68370e-02,2.48577e-04,3.82128e-02,2.14637e-03,1.31770e-03,1.17357e-03,5.63352e-03,2.74950e-03,5.15408e-04,1.66811e-03,4.09414e-03
1.54185e-03,3.41649e-02,3.06955e-04,2.79063e-02,2.13031e-03,1.39436e-03,1.95001e-03,8.90693e-03,4.09267e-03,1.68947e-02,2.39814e-04,3.86386e-02,2.16691e-03,1.32683e-03,1.14882e-03,5.54413e-03,2.89692e-03,5.73696e-04,1.70587e-03,4.14550e-03
1.50735e-03,3.35233e-02,3.05215e-04,2.80248e-02,1.79089e-03,1.40005e-03,1.87974e-03,8.99888e-03,4.18111e-03,1.69119e-02,2.29854e-04,3.91768e-02,2.15914e-03,1.34770e-03,1.12318e-03,5.47517e-03,3.02855e-03,7.23252e-04,1.73567e-03,4.20429e-03
1.46817e-03,3.30786e-02,2.97185e-04,2.81808e-02,1.49221e-03,1.39363e-03,1.82524e-03,9.08269e-03,4.26340e-03,1.69765e-02,2.24499e-04,3.97128e-02,2.18304e-03,1.36356e-03,1.09596e-03,5.44218e-03,3.12611e-03,1.03237e-03,1.76210e-03,4.25262e-03
1.44146e-03,3.25027e-02,2.88590e-04,2.83160e-02,1.24145e-03,1.37718e-03,1.79666e-03,9.18243e-03,4.35561e-03,1.69825e-02,2.22558e-04,4.03380e-02,2.18250e-03,1.37640e-03,1.06573e-03,5.41019e-03,3.17634e-03,1.55200e-03,1.79049e-03,4.21134e-03
1.44247e-03,3.20443e-02,2.74574e-04,2.84183e-02,1.03583e-03,1.36220e-03,1.77166e-03,9.31022e-03,4.47755e-03,1.69980e-02,2.16354e-04,4.10408e-02,2.17372e-03,1.37695e-03,1.03298e-03,5.40800e-03,3.16172e-03,2.21160e-03,1.84084e-03,4.26530e-03
1.43421e-03,3.14696e-02,2.72726e-04,2.83881e-02,8.96669e-04,1.33252e-03,1.74713e-03,9.43155e-03,4.63031e-03,1.69732e-02,2.14576e-04,4.18591e-02,2.18466e-03,1.38401e-03,9.99366e-04,5.39200e-03,3.11763e-03,2.77947e-03,1.85741e-03,4.26614e-03
1.45519e-03,3.12161e-02,2.92592e-04,2.83822e-02,8.73022e-04,1.30129e-03,1.72018e-03,9.53446e-03,4.83903e-03,1.69748e-02,2.07004e-04,4.27845e-02,2.18623e-03,1.39169e-03,9.61821e-04,5.42188e-03,3.08417e-03,3.08305e-03,1.87602e-03,4.27173e-03
1.53529e-03,3.10152e-02,3.25342e-04,2.85011e-02,9.88179e-04,1.32948e-03,1.72616e-03,9.72451e-03,5.00058e-03,1.69830e-02,2.18846e-04,4.37395e-02,2.25243e-03,1.40158e-03,9.41580e-04,5.48467e-03,3.07214e-03,2.99065e-03,1.88441e-03,4.29563e-03
1.67325e-03,3.04012e-02,3.49342e-04,2.92977e-02,1.21647e-03,1.32627e-03,2.04837e-03,9.95860e-03,5.17673e-03,1.70232e-02,2.77542e-04,4.47520e-02,2.21959e-03,1.40555e-03,9.19740e-04,5.56215e-03,3.10015e-03,2.71207e-03,1.87608e-03,4.35621e-03
1.83944e-03,2.97863e-02,3.75108e-04,3.02213e-02,1.60279e-03,1.46375e-03,3.24505e-03,1.00672e-02,5.32676e-03,1.70772e-02,3.60026e-04,4.58233e-02,2.22445e-03,1.40766e-03,9.17071e-04,5.65896e-03,3.17190e-03,2.38701e-03,1.87284e-03,4.45274e-03
2.01908e-03,2.95476e-02,4.01870e-04,3.03323e-02,2.21508e-03,1.51374e-03,5.05087e-03,1.01336e-02,5.50591e-03,1.71883e-02,4.14720e-04,4.69885e-02,2.27543e-03,1.41633e-03,1.31815e-03,5.77662e-03,3.30638e-03,2.05219e-03,1.86844e-03,4.55591e-03
2.22609e-03,2.91213e-02,4.49391e-04,3.06937e-02,2.81768e-03,1.61946e-03,6.25412e-03,1.02207e-02,5.80421e-03,1.73424e-02,4.45472e-04,4.83382e-02,2.29201e-03,1.42234e-03,3.01017e-03,5.92446e-03,3.51399e-03,1.78238e-03,1.89517e-03,4.66411e-03
2.40608e-03,2.89620e-02,4.96320e-04,3.13670e-02,3.13387e-03,1.70137e-03,6.88713e-03,1.03266e-02,6.25848e-03,1.75241e-02,4.59294e-04,4.99465e-02,2.37090e-03,1.42514e-03,4.73390e-03,6.04923e-03,3.80922e-03,1.53883e-03,1.92423e-03,4.78351e-03
2.55832e-03,2.88601e-02,5.37019e-04,3.24126e-02,3.27520e-03,1.79682e-03,7.40989e-03,1.04635e-02,6.85417e-03,1.78169e-02,4.59942e-04,5.19401e-02,2.41594e-03,1.44288e-03,5.65588e-03,6.14866e-03,4.22405e-03,1.35404e-03,1.94333e-03,4.92683e-03
2.74165e-03,2.87983e-02,5.46642e-04,3.35243e-02,3.43431e-03,2.21565e-03,7.89454e-03,1.06316e-02,7.49005e-03,1.82063e-02,4.48074e-04,5.44037e-02,2.46918e-03,1.45852e-03,6.01533e-03,6.34212e-03,4.81705e-03,1.21810e-03,1.97584e-03,5.08143e-03
2.92213e-03,2.87410e-02,5.30087e-04,3.47275e-02,3.75754e-03,3.56863e-03,8.34108e-03,1.08307e-02,8.09394e-03,1.86233e-02,4.26378e-04,5.74548e-02,2.56080e-03,1.48598e-03,5.81866e-03,6.50622e-03,5.76327e-03,1.11428e-03,2.03616e-03,5.22424e-03
3.07508e-03,2.87945e-02,5.00800e-04,3.57584e-02,4.23451e-03,5.48904e-03,8.59726e-03,1.10556e-02,8.60706e-03,1.90188e-02,4.01387e-04,6.11393e-02,2.63420e-03,1.53797e-03,5.39345e-03,6.69891e-03,7.29906e-03,1.03312e-03,2.10463e-03,5.37841e-03
3.14317e-03,2.88249e-02,4.68739e-04,3.66953e-02,4.72533e-03,6.45543e-03,8.47258e-03,1.13214e-02,9.04063e-03,1.93926e-02,3.74000e-04,6.60533e-02,2.76897e-03,1.60032e-03,4.94020e-03,6.81499e-03,9.61514e-03,9.67378e-04,2.14619e-03,5.55479e-03
3.13968e-03,2.88899e-02,4.39151e-04,3.75972e-02,4.98825e-03,6.16960e-03,7.91627e-03,1.16387e-02,9.39867e-03,1.96041e-02,3.52556e-04,7.33002e-02,2.81617e-03,1.66032e-03,4.58769e-03,6.92801e-03,1.27331e-02,8.94049e-04,2.21012e-03,5.71574e-03
3.10138e-03,2.89835e-02,4.11721e-04,3.83376e-02,4.96007e-03,5.31470e-03,7.18028e-03,1.19814e-02,9.66324e-03,1.96715e-02,3.34007e-04,8.34494e-02,2.84553e-03,1.70463e-03,4.35381e-03,7.03421e-03,1.68437e-02,8.38887e-04,2.25941e-03,5.86886e-03
3.03703e-03,2.90933e-02,3.91985e-04,3.93348e-02,4.67100e-03,4.41136e-03,6.55098e-03,1.23387e-02,9.82950e-03,1.96141e-02,3.16986e-04,9.48030e-02,2.83640e-03,1.75244e-03,4.18619e-03,7.17619e-03,2.26523e-02,8.03587e-04,2.34046e-03,6.04359e-03
2.92295e-03,2.93858e-02,3.81486e-04,4.01846e-02,4.20020e-03,3.64306e-03,6.26553e-03,1.27053e-02,9.92481e-03,1.95028e-02,2.95247e-04,1.04105e-01,2.82930e-03,1.78769e-03,4.05513e-03,7.22816e-03,3.05047e-02,7.85712e-04,2.40428e-03,6.25996e-03
2.83395e-03,2.95141e-02,3.78925e-04,4.09786e-02,3.63745e-03,3.04791e-03,6.43513e-03,1.30323e-02,1.00173e-02,1.93344e-02,2.77542e-04,1.09154e-01,2.82819e-03,1.80676e-03,3.97133e-03,7.28394e-03,3.84979e-02,7.93646e-04,2.46982e-03,6.53844e-03
2.72117e-03,2.97811e-02,3.79213e-04,4.15647e-02,3.06286e-03,2.59581e-03,7.11865e-03,1.34455e-02,1.01589e-02,1.92003e-02,2.62300e-04,1.10064e-01,2.78231e-03,1.80609e-03,3.91804e-03,7.29978e-03,4.33174e-02,8.28384e-04,2.54384e-03,6.85336e-03
2.59391e-03,3.01178e-02,3.77692e-04,4.20915e-02,2.55618e-03,2.25067e-03,8.20151e-03,1.40765e-02,1.03475e-02,1.91190e-02,2.50568e-04,1.08065e-01,2.75732e-03,1.79285e-03,3.98017e-03,7.28115e-03,4.37303e-02,8.90978e-04,2.61844e-03,7.16371e-03
2.48987e-03,3.04537e-02,3.78559e-04,4.24573e-02,2.21479e-03,1.99149e-03,9.41304e-03,1.48755e-02,1.06665e-02,1.90657e-02,3.07866e-04,1.04525e-01,2.69887e-03,1.76771e-03,4.16080e-03,7.20909e-03,4.14678e-02,9.88822e-04,2.76370e-03,7.50998e-03
2.40937e-03,3.08843e-02,3.82475e-04,4.27606e-02,2.67082e-03,1.79704e-03,1.07977e-02,1.53383e-02,1.09036e-02,1.90072e-02,1.00721e-03,1.00517e-01,2.68714e-03,1.72614e-03,4.88698e-03,7.14357e-03,3.85703e-02,1.16213e-03,3.01369e-03,7.85284e-03
2.32807e-03,3.11348e-02,3.89118e-04,4.32353e-02,7.44767e-03,1.65826e-03,1.18611e-02,1.57003e-02,1.11246e-02,1.89284e-02,2.69473e-03,9.64122e-02,2.65094e-03,1.69542e-03,5.94105e-03,7.04111e-03,3.62747e-02,1.45332e-03,3.27254e-03,8.11385e-03
2.25084e-03,3.15869e-02,3.88567e-04,4.37588e-02,1.37088e-02,1.56787e-03,1.20846e-02,1.60633e-02,1.13329e-02,1.88423e-02,4.63289e-03,9.24423e-02,2.62796e-03,1.65578e-03,6.48422e-03,6.96834e-03,3.49569e-02,1.85512e-03,3.50103e-03,8.34689e-03
2.17461e-03,3.20301e-02,3.81411e-04,4.44234e-02,1.30942e-02,1.50908e-03,1.20058e-02,1.64926e-02,1.15194e-02,1.87533e-02,5.72360e-03,8.88004e-02,2.59514e-03,1.61303e-03,6.71206e-03,6.95160e-03,3.44532e-02,2.28103e-03,3.72987e-03,8.54632e-03
2.11283e-03,3.26655e-02,3.68314e-04,4.52138e-02,9.09649e-03,1.48418e-03,1.20805e-02,1.69342e-02,1.17053e-02,1.86182e-02,5.36398e-03,8.53056e-02,2.65122e-03,1.57182e-03,6.51347e-03,6.97039e-03,3.42845e-02,2.59151e-03,3.91215e-03,8.71098e-03
2.08269e-03,3.30072e-02,3.60702e-04,4.61819e-02,6.09640e-03,1.53704e-03,1.24855e-02,1.73783e-02,1.18992e-02,1.84745e-02,4.47335e-03,8.20692e-02,2.67172e-03,1.55377e-03,5.98824e-03,7.03982e-03,3.38811e-02,2.68284e-03,4.07608e-03,8.80416e-03
2.06840e-03,3.33617e-02,3.56309e-04,4.75540e-02,4.30267e-03,1.77006e-03,1.31198e-02,1.79095e-02,1.20821e-02,1.82338e-02,3.72317e-03,7.90635e-02,2.78800e-03,1.53792e-03,5.35113e-03,7.18285e-03,3.28601e-02,2.55914e-03,4.22133e-03,8.81734e-03
2.06586e-03,3.38238e-02,3.49957e-04,4.93636e-02,3.25428e-03,2.25694e-03,1.36405e-02,1.86014e-02,1.22138e-02,1.79533e-02,3.19870e-03,7.63159e-02,2.89128e-03,1.54945e-03,4.75948e-03,7.49605e-03,3.10890e-02,2.29605e-03,4.32851e-03,8.74231e-03
2.06357e-03,3.43326e-02,3.33161e-04,5.17824e-02,2.54094e-03,2.81743e-03,1.37101e-02,1.93226e-02,1.22493e-02,1.77059e-02,2.78933e-03,7.37140e-02,3.12088e-03,1.57125e-03,4.23928e-03,8.12328e-03,2.87160e-02,1.99505e-03,4.44356e-03,8.61130e-03
2.05793e-03,3.46847e-02,3.25524e-04,5.45441e-02,2.02418e-03,3.12500e-03,1.31852e-02,2.01949e-02,1.21553e-02,1.74282e-02,2.40516e-03,7.14359e-02,3.36046e-03,1.61937e-03,3.80668e-03,9.32989e-03,2.60452e-02,1.69954e-03,4.55050e-03,8.44016e-03
2.03711e-03,3.49677e-02,3.22519e-04,5.73797e-02,1.65210e-03,3.10795e-03,1.22425e-02,2.10113e-02,1.19183e-02,1.71821e-02,2.03447e-03,6.94122e-02,3.70665e-03,1.69608e-03,3.45049e-03,1.17458e-02,2.34087e-02,1.44352e-03,4.61786e-03,8.19549e-03
1.99550e-03,3.51461e-02,3.19605e-04,5.98660e-02,1.35241e-03,2.92374e-03,1.11866e-02,2.18972e-02,1.15514e-02,1.70214e-02,1.69709e-03,6.75320e-02,4.06374e-03,1.78041e-03,3.16827e-03,1.62824e-02,2.10437e-02,1.24940e-03,4.63224e-03,7.96869e-03
1.93824e-03,3.53858e-02,3.25307e-04,6.16099e-02,1.11318e-03,2.70421e-03,1.03228e-02,2.26788e-02,1.10672e-02,1.69102e-02,1.40868e-03,6.58377e-02,4.45925e-03,1.88865e-03,2.95423e-03,2.42319e-02,1.90196e-02,1.13574e-03,4.66474e-03,7.71602e-03
1.87448e-03,3.54894e-02,3.35020e-04,6.25340e-02,9.37257e-04,2.50825e-03,9.81047e-03,2.34046e-02,1.05066e-02,1.67828e-02,1.17328e-03,6.43101e-02,4.86288e-03,1.98744e-03,2.80081e-03,3.72720e-02,1.73496e-02,1.12800e-03,4.70436e-03,7.46370e-03
1.81288e-03,3.55926e-02,3.39798e-04,6.26812e-02,8.15436e-04,2.36483e-03,9.78038e-03,2.39831e-02,9.92784e-03,1.67385e-02,9.93860e-04,6.29557e-02,5.28057e-03,2.07035e-03,2.69186e-03,5.72552e-02,1.59705e-02,1.27355e-03,4.75708e-03,7.21312e-03
1.75827e-03,3.56686e-02,3.42369e-04,6.22872e-02,7.19605e-04,2.29171e-03,1.03479e-02,2.43482e-02,9.35020e-03,1.67738e-02,8.51735e-04,6.17375e-02,5.65433e-03,2.14036e-03,2.61232e-03,8.30993e-02,1.48920e-02,1.61722e-03,4.82199e-03,6.97738e-03
1.68827e-03,3.57241e-02,3.48695e-04,6.15590e-02,6.35952e-04,2.29203e-03,1.14633e-02,2.44249e-02,8.83956e-03,1.68192e-02,7.44654e-04,6.06957e-02,5.95823e-03,2.17970e-03,2.55270e-03,1.06535e-01,1.39898e-02,2.12955e-03,4.89039e-03,6.79523e-03
1.62882e-03,3.59365e-02,3.55194e-04,6.07451e-02,5.69967e-04,2.37857e-03,1.30355e-02,2.44089e-02,8.32696e-03,1.70201e-02,6.76922e-04,5.97793e-02,6.18223e-03,2.20170e-03,2.50423e-03,1.18677e-01,1.31949e-02,2.63465e-03,4.96024e-03,6.59592e-03
1.56623e-03,3.64526e-02,3.60041e-04,5.99444e-02,5.13652e-04,2.55885e-03,1.47330e-02,2.43108e-02,7.88630e-03,1.72116e-02,6.29099e-04,5.89947e-02,6.35865e-03,2.20665e-03,2.45883e-03,1.19036e-01,1.25437e-02,2.91507e-03,5.07497e-03,6.40383e-03
1.51006e-03,3.68945e-02,3.58216e-04,5.91843e-02,4.75052e-04,2.83803e-03,1.60570e-02,2.38862e-02,7.53067e-03,1.74447e-02,5.97426e-04,5.83090e-02,6.46528e-03,2.17965e-03,2.41458e-03,1.11599e-01,1.19731e-02,2.88576e-03,5.19932e-03,6.21614e-03
1.46418e-03,3.75533e-02,3.54927e-04,5.83641e-02,4.42532e-04,3.18241e-03,1.66110e-02,2.33258e-02,7.17646e-03,1.77258e-02,5.81481e-04,5.77077e-02,6.47009e-03,2.13386e-03,2.37086e-03,1.00918e-01,1.14994e-02,2.62402e-03,5.34704e-03,6.01332e-03
1.43222e-03,3.83224e-02,3.55093e-04,5.74819e-02,4.13241e-04,3.53112e-03,1.63434e-02,2.29287e-02,6.89989e-03,1.80592e-02,5.84361e-04,5.71942e-02,6.38862e-03,2.06974e-03,2.32336e-03,9.02314e-02,1.10616e-02,2.26768e-03,5.54547e-03,5.85897e-03
1.39821e-03,3.93405e-02,3.53350e-04,5.66812e-02,3.90352e-04,3.82070e-03,1.54396e-02,2.23761e-02,6.65262e-03,1.84202e-02,6.15099e-04,5.67447e-02,6.24067e-03,2.00356e-03,2.26800e-03,8.17378e-02,1.06589e-02,1.91602e-03,5.73591e-03,5.72737e-03
1.36526e-03,4.04689e-02,3.53900e-04,5.59683e-02,3.75397e-04,3.97494e-03,1.42241e-02,2.18601e-02,6.44573e-03,1.87873e-02,6.74024e-04,5.63577e-02,6.00239e-03,1.93054e-03,2.20378e-03,7.68491e-02,1.02862e-02,1.60986e-03,5.92644e-03,5.56807e-03
1.33287e-03,4.16814e-02,3.50668e-04,5.56627e-02,3.71030e-04,3.98891e-03,1.30619e-02,2.14057e-02,6.28500e-03,1.91996e-02,7.60431e-04,5.60346e-02,5.72810e-03,1.86077e-03,2.14225e-03,7.47713e-02,9.92149e-03,1.36517e-03,6.08540e-03,5.42532e-03
1.29591e-03,4.28092e-02,3.41127e-04,5.55126e-02,3.67923e-04,3.85447e-03,1.22062e-02,2.09655e-02,6.15843e-03,1.96478e-02,8.77161e-04,5.57842e-02,5.41510e-03,1.78984e-03,2.09128e-03,7.30190e-02,9.57765e-03,1.16772e-03,6.20737e-03,5.38574e-03
1.26490e-03,4.40292e-02,3.29337e-04,5.57440e-02,3.66815e-04,3.62928e-03,1.17710e-02,2.05361e-02,6.10160e-03,2.01347e-02,1.01688e-03,5.55619e-02,5.14671e-03,1.72973e-03,2.05878e-03,6.88586e-02,9.24948e-03,1.00937e-03,6.27736e-03,5.30882e-03
1.23077e-03,4.49656e-02,3.27609e-04,5.63881e-02,3.62038e-04,3.37306e-03,1.18276e-02,2.00989e-02,6.09093e-03,2.06999e-02,1.15673e-03,5.54145e-02,4.85322e-03,1.67215e-03,2.05796e-03,6.24602e-02,8.91919e-03,8.84538e-04,6.31212e-03,5.29071e-03
1.20635e-03,4.58174e-02,3.29399e-04,5.73302e-02,3.57371e-04,3.12208e-03,1.22926e-02,1.97100e-02,6.10566e-03,2.12752e-02,1.28020e-03,5.53405e-02,4.58060e-03,1.61177e-03,2.09840e-03,5.45166e-02,8.62624e-03,7.87063e-04,6.23263e-03,5.21073e-03
1.17484e-03,4.63753e-02,3.34519e-04,5.85256e-02,3.62916e-04,2.94453e-03,1.30865e-02,1.93140e-02,6.16593e-03,2.19002e-02,1.37448e-03,5.53327e-02,4.32480e-03,1.55183e-03,2.19365e-03,4.78659e-02,8.37829e-03,7.10758e-04,6.10660e-03,5.19763e-03
1.15289e-03,4.67002e-02,3.31598e-04,5.98923e-02,3.70699e-04,2.90188e-03,1.40547e-02,1.89848e-02,6.24839e-03,2.25508e-02,1.43334e-03,5.53954e-02,4.09506e-03,1.49147e-03,2.34140e-03,4.30890e-02,8.16230e-03,6.63526e-04,5.92944e-03,5.19232e-03
1.14019e-03,4.68522e-02,3.29321e-04,6.09091e-02,3.79839e-04,3.01052e-03,1.50664e-02,1.86338e-02,6.35317e-03,2.33020e-02,1.46098e-03,5.55389e-02,3.88539e-03,1.44163e-03,2.53831e-03,4.13551e-02,7.98184e-03,6.27107e-04,5.74403e-03,5.19946e-03
1.12031e-03,4.68713e-02,3.25215e-04,6.14247e-02,3.79797e-04,3.31553e-03,1.59569e-02,1.84567e-02,6.45396e-03,2.40946e-02,1.45838e-03,5.57102e-02,3.67206e-03,1.40227e-03,2.77344e-03,4.32730e-02,7.82069e-03,5.98364e-04,5.51929e-03,5.19343e-03
1.09568e-03,4.67900e-02,3.20685e-04,6.14775e-02,3.76868e-04,3.76035e-03,1.65824e-02,1.83911e-02,6.54032e-03,2.49016e-02,1.43001e-03,5.59091e-02,3.53473e-03,1.36310e-03,3.01205e-03,4.92725e-02,7.68821e-03,5.73513e-04,5.26992e-03,5.20856e-03
1.07159e-03,4.68103e-02,3.11010e-04,6.08643e-02,3.81492e-04,4.26030e-03,1.68485e-02,1.83838e-02,6.59845e-03,2.57263e-02,1.38992e-03,5.61515e-02,3.36605e-03,1.34431e-03,3.24164e-03,5.93334e-02,7.61058e-03,5.54358e-04,5.01739e-03,5.23690e-03
1.04695e-03,4.67708e-02,3.10632e-04,5.98186e-02,3.85782e-04,4.63584e-03,1.66130e-02,1.85096e-02,6.62537e-03,2.65072e-02,1.35275e-03,5.64715e-02,3.27578e-03,1.33191e-03,3.43663e-03,7.20976e-02,7.56186e-03,5.41407e-04,4.77820e-03,5.25350e-03
1.02924e-03,4.68474e-02,3.19904e-04,5.87113e-02,3.92051e-04,4.78386e-03,1.58964e-02,1.86123e-02,6.61329e-03,2.72230e-02,1.32459e-03,5.69292e-02,3.13631e-03,1.32177e-03,3.58905e-03,8.42860e-02,7.53384e-03,5.33861e-04,4.53972e-03,5.31801e-03
9.97086e-04,4.71010e-02,3.32640e-04,5.75847e-02,3.90297e-04,4.66292e-03,1.48186e-02,1.88247e-02,6.58633e-03,2.79222e-02,1.31620e-03,5.73111e-02,3.06446e-03,1.30570e-03,3.67419e-03,9.19087e-02,7.54119e-03,5.31402e-04,4.31974e-03,5.37900e-03
9.86083e-04,4.73674e-02,3.39289e-04,5.66394e-02,3.97382e-04,4.32301e-03,1.35476e-02,1.89212e-02,6.51575e-03,2.85025e-02,1.33059e-03,5.77572e-02,3.00092e-03,1.29800e-03,3.71969e-03,9.25727e-02,7.57689e-03,5.32588e-04,4.09518e-03,5.43944e-03
9.76645e-04,4.77310e-02,3.43285e-04,5.60403e-02,3.99733e-04,3.88224e-03,1.21750e-02,1.90476e-02,6.45926e-03,2.89739e-02,1.36259e-03,5.81806e-02,2.95746e-03,1.28347e-03,3.71004e-03,8.69913e-02,7.61641e-03,5.35751e-04,3.88614e-03,5.49520e-03
9.80398e-04,4.82140e-02,3.49588e-04,5.58112e-02,3.88724e-04,3.40883e-03,1.08279e-02,1.91556e-02,6.40245e-03,2.94257e-02,1.41979e-03,5.86263e-02,2.90919e-03,1.26556e-03,3.64316e-03,7.75797e-02,7.65584e-03,5.38462e-04,3.69111e-03,5.55430e-03
9.90843e-04,4.86731e-02,3.50896e-04,5.58151e-02,3.84392e-04,2.97543e-03,9.63985e-03,1.92778e-02,6.37491e-03,2.97348e-02,1.49410e-03,5.91984e-02,2.86722e-03,1.25906e-03,3.53743e-03,6.69790e-02,7.70416e-03,5.40259e-04,3.51272e-03,5.59761e-03
1.01324e-03,4.94058e-02,3.44298e-04,5.61372e-02,3.89626e-04,2.60889e-03,8.57546e-03,1.94943e-02,6.39294e-03,2.99911e-02,1.59378e-03,5.97840e-02,2.87601e-03,1.24847e-03,3.39641e-03,5.69704e-02,7.70481e-03,5.42431e-04,3.33784e-03,5.62969e-03
1.02630e-03,5.00575e-02,3.37885e-04,5.65373e-02,3.84881e-04,2.31913e-03,7.66549e-03,1.98685e-02,6.44010e-03,3.01615e-02,1.71759e-03,6.04609e-02,2.87651e-03,1.23538e-03,3.23318e-03,4.84743e-02,7.69639e-03,5.45852e-04,3.18855e-03,5.69332e-03
1.05140e-03,5.08480e-02,3.31229e-04,5.70526e-02,3.85804e-04,2.09542e-03,6.91086e-03,2.04665e-02,6.51949e-03,3.03552e-02,1.86100e-03,6.12311e-02,2.84928e-03,1.21111e-03,3.05968e-03,4.14706e-02,7.64204e-03,5.50467e-04,3.05386e-03,5.70643e-03
1.03148e-03,5.15988e-02,3.24001e-04,5.73447e-02,3.85419e-04,1.92695e-03,6.27936e-03,2.11886e-02,6.59743e-03,3.04866e-02,2.01741e-03,6.22274e-02,2.89272e-03,1.20132e-03,2.87972e-03,3.58469e-02,7.58779e-03,5.56786e-04,2.93751e-03,5.76423e-03
1.05079e-03,5.23582e-02,3.19188e-04,5.73192e-02,3.80710e-04,1.81247e-03,5.73967e-03,2.20255e-02,6.65854e-03,3.06644e-02,2.18588e-03,6.32067e-02,2.91520e-03,1.18903e-03,2.71170e-03,3.14329e-02,7.48275e-03,5.63174e-04,2.82898e-03,5.81833e-03
1.05463e-03,5.29522e-02,3.18613e-04,5.70439e-02,3.68100e-04,1.74877e-03,5.33735e-03,2.27495e-02,6.69877e-03,3.08799e-02,2.35590e-03,6.44227e-02,2.95688e-03,1.16886e-03,2.55314e-03,2.80253e-02,7.37039e-03,5.67043e-04,2.73853e-03,5.80022e-03
1.05633e-03,5.35169e-02,3.21351e-04,5.64297e-02,3.66341e-04,1.71397e-03,4.98260e-03,2.33041e-02,6.64784e-03,3.11480e-02,2.51681e-03,6.57518e-02,2.98221e-03,1.15953e-03,2.40680e-03,2.53310e-02,7.21576e-03,5.66678e-04,2.64670e-03,5.82637e-03
1.04863e-03,5.41241e-02,3.16075e-04,5.54824e-02,3.61352e-04,1.71274e-03,4.73558e-03,2.36382e-02,6.57126e-03,3.14880e-02,2.66273e-03,6.71296e-02,3.01884e-03,1.15822e-03,2.27010e-03,2.32371e-02,7.07421e-03,5.64894e-04,2.56437e-03,5.83351e-03
1.05508e-03,5.46163e-02,3.14177e-04,5.42748e-02,3.55982e-04,1.73226e-03,4.53063e-03,2.37847e-02,6.44623e-03,3.18866e-02,2.78345e-03,6.87951e-02,3.06609e-03,1.14938e-03,2.14745e-03,2.15413e-02,6.93714e-03,5.63730e-04,2.48585e-03,5.81281e-03
1.06505e-03,5.51785e-02,3.17440e-04,5.30141e-02,3.51662e-04,1.77917e-03,4.36649e-03,2.37966e-02,6.27126e-03,3.23628e-02,2.87961e-03,7.03866e-02,3.09161e-03,1.14123e-03,2.03507e-03,2.01776e-02,6.79484e-03,5.62381e-04,2.42819e-03,5.80799e-03
1.06867e-03,5.57773e-02,3.16675e-04,5.17145e-02,3.52984e-04,1.83049e-03,4.25898e-03,2.38385e-02,6.08678e-03,3.29383e-02,2.95112e-03,7.20835e-02,3.09246e-03,1.13429e-03,1.92574e-03,1.91172e-02,6.64987e-03,5.62014e-04,2.37492e-03,5.76335e-03
1.07529e-03,5.64715e-02,3.15262e-04,5.04426e-02,3.50613e-04,1.88561e-03,4.20539e-03,2.40671e-02,5.88045e-03,3.36148e-02,2.99257e-03,7.37310e-02,3.10015e-03,1.12688e-03,1.82978e-03,1.82645e-02,6.53884e-03,5.63879e-04,2.32911e-03,5.75326e-03
1.07956e-03,5.74263e-02,3.14333e-04,4.92424e-02,3.49296e-04,1.94185e-03,4.18019e-03,2.45043e-02,5.68546e-03,3.43637e-02,2.99557e-03,7.52643e-02,3.08199e-03,1.12960e-03,1.74033e-03,1.75625e-02,6.43563e-03,5.69077e-04,2.28929e-03,5.70421e-03
1.07341e-03,5.83484e-02,3.17641e-04,4.82720e-02,3.43936e-04,1.98127e-03,4.18622e-03,2.51277e-02,5.49969e-03,3.51296e-02,2.97268e-03,7.67101e-02,3.08986e-03,1.12597e-03,1.66510e-03,1.69360e-02,6.37561e-03,5.80291e-04,2.26124e-03,5.75217e-03
1.08450e-03,5.95223e-02,3.21292e-04,4.75077e-02,3.36685e-04,2.00697e-03,4.21933e-03,2.59670e-02,5.32962e-03,3.58768e-02,2.92146e-03,7.80324e-02,3.07303e-03,1.11811e-03,1.58925e-03,1.64009e-02,6.30229e-03,5.91045e-04,2.23716e-03,5.75193e-03
1.09110e-03,6.08488e-02,3.23302e-04,4.68371e-02,3.36723e-04,2.02431e-03,4.26805e-03,2.68644e-02,5.17843e-03,3.66322e-02,2.84051e-03,7.92191e-02,3.03393e-03,1.12776e-03,1.52186e-03,1.59384e-02,6.22209e-03,6.00602e-04,2.21712e-03,5.70931e-03
1.06485e-03,6.23196e-02,3.23381e-04,4.65117e-02,3.38941e-04,2.02422e-03,4.35427e-03,2.77028e-02,5.04839e-03,3.72937e-02,2.72703e-03,8.01439e-02,3.03485e-03,1.12050e-03,1.47047e-03,1.55150e-02,6.10893e-03,6.10026e-04,2.19576e-03,5.71848e-03
1.06507e-03,6.37864e-02,3.23945e-04,4.63400e-02,3.37020e-04,2.00247e-03,4.46058e-03,2.83169e-02,4.94755e-03,3.78328e-02,2.59925e-03,8.09420e-02,2.96208e-03,1.11566e-03,1.42902e-03,1.50942e-02,6.00789e-03,6.11908e-04,2.17810e-03,5.69310e-03
1.08802e-03,6.53477e-02,3.25322e-04,4.63145e-02,3.34589e-04,1.95149e-03,4.56159e-03,2.86669e-02,4.84718e-03,3.82146e-02,2.46075e-03,8.16067e-02,2.93485e-03,1.12202e-03,1.37886e-03,1.46750e-02,5.95531e-03,6.12157e-04,2.16204e-03,5.67940e-03
1.09901e-03,6.67650e-02,3.26478e-04,4.62745e-02,3.37089e-04,1.90026e-03,4.65619e-03,2.86999e-02,4.76595e-03,3.85160e-02,2.31463e-03,8.21749e-02,2.88098e-03,1.11484e-03,1.33590e-03,1.42595e-02,5.86694e-03,6.10394e-04,2.14231e-03,5.65865e-03
1.10354e-03,6.80595e-02,3.27266e-04,4.64722e-02,3.47372e-04,1.83626e-03,4.72663e-03,2.84445e-02,4.70473e-03,3.86328e-02,2.16451e-03,8.26541e-02,2.82672e-03,1.11180e-03,1.29824e-03,1.38425e-02,5.77742e-03,6.04875e-04,2.12326e-03,5.62253e-03
1.10280e-03,6.91400e-02,3.26566e-04,4.66033e-02,3.53138e-04,1.76635e-03,4.76889e-03,2.79225e-02,4.65279e-03,3.85883e-02,2.01341e-03,8.31297e-02,2.81890e-03,1.10221e-03,1.26554e-03,1.34186e-02,5.68419e-03,5.98771e-04,2.09644e-03,5.63057e-03
1.11383e-03,6.99430e-02,3.27932e-04,4.67153e-02,3.51305e-04,1.69837e-03,4.82135e-03,2.72439e-02,4.61991e-03,3.83993e-02,1.86870e-03,8.36182e-02,2.78700e-03,1.09774e-03,1.23521e-03,1.30356e-02,5.56726e-03,6.00652e-04,2.07644e-03,5.60228e-03
1.10259e-03,7.05260e-02,3.27124e-04,4.68975e-02,3.53476e-04,1.63065e-03,4.85901e-03,2.64781e-02,4.59668e-03,3.80776e-02,1.73178e-03,8.41549e-02,2.73279e-03,1.09721e-03,1.21870e-03,1.26357e-02,5.45547e-03,6.09251e-04,2.06419e-03,5.57938e-03
1.10971e-03,7.10101e-02,3.21542e-04,4.71589e-02,3.53659e-04,1.56527e-03,4.89941e-03,2.56264e-02,4.59015e-03,3.77338e-02,1.60465e-03,8.47664e-02,2.69499e-03,1.11012e-03,1.20403e-03,1.22248e-02,5.37165e-03,6.13897e-04,2.04386e-03,5.56460e-03
1.11003e-03,7.08903e-02,3.18862e-04,4.76935e-02,3.54645e-04,1.50348e-03,4.96266e-03,2.48281e-02,4.59559e-03,3.73125e-02,1.48618e-03,8.54562e-02,2.68878e-03,1.11340e-03,1.19757e-03,1.18461e-02,5.24261e-03,6.16161e-04,2.03487e-03,5.62618e-03
1.09282e-03,7.05974e-02,3.16496e-04,4.85968e-02,3.49913e-04,1.45373e-03,5.06574e-03,2.41015e-02,4.60099e-03,3.69344e-02,1.37726e-03,8.63066e-02,2.68863e-03,1.11842e-03,1.19096e-03,1.14890e-02,5.11478e-03,6.13122e-04,2.00655e-03,5.67195e-03
1.09270e-03,7.03119e-02,3.08911e-04,5.00638e-02,3.50362e-04,1.40829e-03,5.21343e-03,2.35541e-02,4.61167e-03,3.65678e-02,1.28098e-03,8.72818e-02,2.67325e-03,1.11564e-03,1.19551e-03,1.11410e-02,4.98820e-03,6.10707e-04,1.98781e-03,5.71534e-03
1.07320e-03,6.97904e-02,3.07946e-04,5.23639e-02,3.41582e-04,1.37262e-03,5.38403e-03,2.32117e-02,4.61996e-03,3.63279e-02,1.20307e-03,8.83179e-02,2.66336e-03,1.11565e-03,1.20391e-03,1.08230e-02,4.88912e-03,6.10991e-04,1.98373e-03,5.81729e-03
1.07493e-03,6.92416e-02,3.06308e-04,5.58502e-02,3.41768e-04,1.35289e-03,5.61260e-03,2.31729e-02,4.63715e-03,3.61992e-02,1.14143e-03,8.94949e-02,2.62528e-03,1.12137e-03,1.20988e-03,1.05002e-02,4.79124e-03,6.11579e-04,1.96945e-03,5.93131e-03
1.08212e-03,6.86488e-02,3.08209e-04,6.09970e-02,3.49686e-04,1.32633e-03,5.86726e-03,2.34193e-02,4.65538e-03,3.63149e-02,1.08550e-03,9.06725e-02,2.63157e-03,1.12997e-03,1.21114e-03,1.02152e-02,4.68294e-03,6.06161e-04,1.95638e-03,6.06321e-03
1.07560e-03,6.82649e-02,3.10525e-04,6.82845e-02,3.55237e-04,1.30619e-03,6.13586e-03,2.40815e-02,4.67721e-03,3.67261e-02,1.03134e-03,9.19470e-02,2.65270e-03,1.13590e-03,1.21721e-03,9.91840e-03,4.57095e-03,5.98424e-04,1.94459e-03,6.21593e-03
1.06465e-03,6.78992e-02,3.17828e-04,7.82910e-02,3.48467e-04,1.29150e-03,6.40498e-03,2.51857e-02,4.68141e-03,3.74530e-02,9.84772e-04,9.33340e-02,2.65330e-03,1.14185e-03,1.23178e-03,9.64960e-03,4.48168e-03,5.90274e-04,1.91854e-03,6.39084e-03
1.05165e-03,6.75919e-02,3.15786e-04,9.09002e-02,3.48904e-04,1.26782e-03,6.65987e-03,2.68877e-02,4.71156e-03,3.86431e-02,9.40240e-04,9.45615e-02,2.65818e-03,1.14509e-03,1.24165e-03,9.40945e-03,4.39689e-03,5.86551e-04,1.90222e-03,6.67620e-03
1.05773e-03,6.74906e-02,3.20282e-04,1.05771e-01,3.58374e-04,1.24869e-03,6.87486e-03,2.91959e-02,4.72857e-03,4.03851e-02,9.00315e-04,9.59065e-02,2.64103e-03,1.16113e-03,1.25204e-03,9.16558e-03,4.30841e-03,5.87992e-04,1.89632e-03,6.94587e-03
1.06338e-03,6.74479e-02,3.21839e-04,1.21528e-01,3.62721e-04,1.24447e-03,7.06760e-03,3.21593e-02,4.73621e-03,4.26400e-02,8.67267e-04,9.73809e-02,2.67313e-03,1.15928e-03,1.26108e-03,8.91694e-03,4.21271e-03,5.83139e-04,1.89939e-03,7.24391e-03
1.05711e-03,6.73688e-02,3.21918e-04,1.36348e-01,3.76407e-04,1.23805e-03,7.20201e-03,3.57701e-02,4.75707e-03,4.56687e-02,8.49253e-04,9.86279e-02,2.64002e-03,1.17078e-03,1.26757e-03,8.69490e-03,4.17196e-03,5.85713e-04,1.88865e-03,7.54902e-03
1.06478e-03,6.74534e-02,3.24096e-04,1.47980e-01,4.00187e-04,1.23326e-03,7.26852e-03,3.99664e-02,4.76995e-03,4.93999e-02,8.34551e-04,1.00046e-01,2.65391e-03,1.17004e-03,1.27673e-03,8.50378e-03,4.12637e-03,5.81054e-04,1.88761e-03,7.83949e-03
1.08270e-03,6.77406e-02,3.20029e-04,1.54890e-01,4.40060e-04,1.23209e-03,7.26747e-03,4.46457e-02,4.78748e-03,5.36978e-02,8.17032e-04,1.01444e-01,2.64224e-03,1.17062e-03,1.28147e-03,8.39440e-03,4.05913e-03,5.83189e-04,1.88360e-03,8.16201e-03
1.09220e-03,6.78542e-02,3.17907e-04,1.56703e-01,4.96923e-04,1.23697e-03,7.21215e-03,4.96753e-02,4.80290e-03,5.84927e-02,8.05073e-04,1.02790e-01,2.64306e-03,1.17835e-03,1.28649e-03,8.16094e-03,4.01842e-03,5.84710e-04,1.86709e-03,8.40679e-03
1.09790e-03,6.79881e-02,3.16200e-04,1.53903e-01,5.58230e-04,1.23727e-03,7.11494e-03,5.50470e-02,4.80351e-03,6.33627e-02,7.99570e-04,1.04162e-01,2.66560e-03,1.17883e-03,1.28241e-03,8.06224e-03,3.97805e-03,5.81581e-04,1.86312e-03,8.64671e-03
1.10901e-03,6.82273e-02,3.11813e-04,1.47683e-01,6.14919e-04,1.23352e-03,6.96857e-03,6.09267e-02,4.80880e-03,6.81705e-02,7.94999e-04,1.05485e-01,2.66875e-03,1.17382e-03,1.28025e-03,7.94260e-03,3.93759e-03,5.82706e-04,1.85315e-03,8.86591e-03
1.12590e-03,6.84222e-02,3.04048e-04,1.39748e-01,6.53057e-04,1.22753e-03,6.78013e-03,6.77869e-02,4.82148e-03,7.24121e-02,7.87709e-04,1.06766e-01,2.68372e-03,1.16875e-03,1.27860e-03,7.84190e-03,3.90997e-03,5.82537e-04,1.85870e-03,9.01919e-03
1.13356e-03,6.84592e-02,2.97830e-04,1.31376e-01,6.61896e-04,1.22404e-03,6.55823e-03,7.63069e-02,4.80655e-03,7.58230e-02,7.76050e-04,1.08108e-01,2.70301e-03,1.18862e-03,1.27508e-03,7.78558e-03,3.87306e-03,5.81121e-04,1.83740e-03,9.11881e-03
1.14399e-03,6.83824e-02,2.97216e-04,1.23465e-01,6.43211e-04,1.22557e-03,6.32183e-03,8.75604e-02,4.80989e-03,7.81275e-02,7.64289e-04,1.09408e-01,2.71055e-03,1.17839e-03,1.27951e-03,7.76116e-03,3.86438e-03,5.81426e-04,1.81321e-03,9.11053e-03
1.14756e-03,6.82447e-02,2.96384e-04,1.16977e-01,6.23216e-04,1.23313e-03,6.06351e-03,1.01884e-01,4.83332e-03,7.91922e-02,7.48926e-04,1.10610e-01,2.70119e-03,1.17334e-03,1.28348e-03,7.74429e-03,3.89856e-03,5.79000e-04,1.81115e-03,9.02430e-03
1.15045e-03,6.80101e-02,2.95198e-04,1.12175e-01,6.03256e-04,1.23786e-03,5.79913e-03,1.19758e-01,4.84341e-03,7.91351e-02,7.36460e-04,1.11736e-01,2.72770e-03,1.16909e-03,1.30348e-03,7.77322e-03,3.93931e-03,5.77773e-04,1.79520e-03,8.94084e-03
1.16102e-03,6.79287e-02,2.95736e-04,1.09291e-01,5.74758e-04,1.24194e-03,5.55270e-03,1.39483e-01,4.84196e-03,7.78552e-02,7.23339e-04,1.12873e-01,2.69650e-03,1.15519e-03,1.31362e-03,7.80390e-03,4.01350e-03,5.76783e-04,1.77601e-03,8.79835e-03
1.18011e-03,6.74589e-02,2.95291e-04,1.08308e-01,5.61154e-04,1.24921e-03,5.30497e-03,1.59093e-01,4.84465e-03,7.56278e-02,7.12311e-04,1.14079e-01,2.70970e-03,1.15012e-03,1.32831e-03,7.85800e-03,4.11963e-03,5.70142e-04,1.77247e-03,8.65929e-03
1.18656e-03,6.71321e-02,2.93071e-04,1.09401e-01,5.42628e-04,1.25453e-03,5.07622e-03,1.75843e-01,4.84271e-03,7.27055e-02,7.03157e-04,1.15271e-01,2.70211e-03,1.14568e-03,1.34019e-03,7.96139e-03,4.25015e-03,5.68956e-04,1.76213e-03,8.49018e-03
1.19766e-03,6.67089e-02,2.89272e-04,1.12187e-01,5.26661e-04,1.25785e-03,4.85413e-03,1.86859e-01,4.82787e-03,6.91875e-02,6.94304e-04,1.16569e-01,2.71137e-03,1.13607e-03,1.34395e-03,8.06412e-03,4.37029e-03,5.69373e-04,1.75295e-03,8.26621e-03
1.21749e-03,6.61697e-02,2.88078e-04,1.16742e-01,4.97755e-04,1.25761e-03,4.63120e-03,1.90537e-01,4.82250e-03,6.53806e-02,6.83844e-04,1.18067e-01,2.73615e-03,1.12803e-03,1.34278e-03,8.20213e-03,4.45733e-03,5.68196e-04,1.75120e-03,8.01721e-03
1.22382e-03,6.54749e-02,2.93319e-04,1.22476e-01,4.66161e-04,1.26419e-03,4.42047e-03,1.87544e-01,4.80869e-03,6.14506e-02,6.74322e-04,1.19774e-01,2.77642e-03,1.12315e-03,1.34695e-03,8.33438e-03,4.51255e-03,5.69211e-04,1.74261e-03,7.82033e-03
1.22303e-03,6.49157e-02,2.93624e-04,1.29866e-01,4.44674e-04,1.26652e-03,4.20977e-03,1.79580e-01,4.80281e-03,5.75767e-02,6.60841e-04,1.21779e-01,2.82326e-03,1.11812e-03,1.34265e-03,8.50841e-03,4.53168e-03,5.70877e-04,1.76122e-03,7.62027e-03
1.21554e-03,6.40808e-02,2.92449e-04,1.38275e-01,4.28952e-04,1.27296e-03,4.03792e-03,1.68255e-01,4.81184e-03,5.38524e-02,6.55057e-04,1.24095e-01,2.83679e-03,1.11980e-03,1.34884e-03,8.68945e-03,4.54978e-03,5.71830e-04,1.77158e-03,7.39949e-03
1.19647e-03,6.35803e-02,2.96125e-04,1.48509e-01,3.91395e-04,1.27799e-03,3.85720e-03,1.55505e-01,4.80816e-03,5.03893e-02,6.50431e-04,1.26699e-01,2.91637e-03,1.12259e-03,1.34713e-03,8.92853e-03,4.56497e-03,5.73828e-04,1.78165e-03,7.18653e-03
1.18097e-03,6.28040e-02,2.96289e-04,1.60336e-01,3.60739e-04,1.27689e-03,3.69381e-03,1.42484e-01,4.79365e-03,4.71390e-02,6.47732e-04,1.29572e-01,2.95089e-03,1.13104e-03,1.33544e-03,9.44830e-03,4.58965e-03,5.66578e-04,1.80533e-03,6.99553e-03
1.16378e-03,6.20192e-02,2.93105e-04,1.74667e-01,3.40217e-04,1.28289e-03,3.54036e-03,1.29828e-01,4.79585e-03,4.41261e-02,6.42035e-04,1.32582e-01,3.00124e-03,1.12929e-03,1.34247e-03,1.06090e-02,4.63941e-03,5.71166e-04,1.82013e-03,6.82470e-03
1.14110e-03,6.11827e-02,2.89940e-04,1.91329e-01,3.31194e-04,1.28744e-03,3.41897e-03,1.18162e-01,4.80427e-03,4.14636e-02,6.38599e-04,1.35681e-01,3.03096e-03,1.13516e-03,1.33827e-03,1.23376e-02,4.67389e-03,5.77087e-04,1.84437e-03,6.68218e-03
1.13235e-03,6.02186e-02,2.91269e-04,2.09777e-01,3.25792e-04,1.30541e-03,3.31086e-03,1.07748e-01,4.80030e-03,3.91569e-02,6.35849e-04,1.38726e-01,3.04403e-03,1.11844e-03,1.32859e-03,1.31929e-02,4.72922e-03,5.77518e-04,1.86169e-03,6.56222e-03
1.11121e-03,5.93755e-02,2.86794e-04,2.28669e-01,3.14974e-04,1.31141e-03,3.22129e-03,9.79164e-02,4.79052e-03,3.71346e-02,6.32053e-04,1.41563e-01,3.08960e-03,1.11404e-03,1.33067e-03,1.30445e-02,4.75812e-03,5.74464e-04,1.86409e-03,6.43124e-03
1.10659e-03,5.85510e-02,2.83990e-04,2.45390e-01,3.06094e-04,1.31527e-03,3.12551e-03,8.90850e-02,4.78877e-03,3.52917e-02,6.28055e-04,1.43999e-01,3.08340e-03,1.11962e-03,1.32551e-03,1.25489e-02,4.80637e-03,5.73947e-04,1.85654e-03,6.31389e-03
1.09154e-03,5.76727e-02,2.86632e-04,2.57177e-01,3.07629e-04,1.32145e-03,3.04551e-03,8.12766e-02,4.77062e-03,3.37421e-02,6.22937e-04,1.45954e-01,3.08871e-03,1.11569e-03,1.34165e-03,1.21983e-02,4.85641e-03,5.69753e-04,1.85724e-03,6.25659e-03
1.08984e-03,5.68082e-02,2.90264e-04,2.62273e-01,3.00772e-04,1.33088e-03,2.98969e-03,7.42532e-02,4.76545e-03,3.22455e-02,6.12658e-04,1.47129e-01,3.08149e-03,1.10864e-03,1.34327e-03,1.20740e-02,4.85357e-03,5.58449e-04,1.82531e-03,6.16230e-03
1.08129e-03,5.59164e-02,2.87162e-04,2.59236e-01,2.98982e-04,1.34608e-03,2.94535e-03,6.80001e-02,4.75058e-03,3.10443e-02,6.05657e-04,1.47616e-01,3.07504e-03,1.10168e-03,1.35040e-03,1.22128e-02,4.85755e-03,5.57565e-04,1.80093e-03,6.09690e-03
1.09358e-03,5.51958e-02,2.85905e-04,2.49924e-01,3.12140e-04,1.41818e-03,2.90408e-03,6.22950e-02,4.73880e-03,2.99730e-02,5.94330e-04,1.47504e-01,3.06251e-03,1.08641e-03,1.37947e-03,1.25207e-02,4.83031e-03,5.62266e-04,1.77411e-03,5.99616e-03
1.12088e-03,5.45011e-02,2.80509e-04,2.35781e-01,3.23004e-04,1.59323e-03,2.88994e-03,5.73216e-02,4.72932e-03,2.90818e-02,5.83634e-04,1.46751e-01,3.02633e-03,1.08707e-03,1.41895e-03,1.28350e-02,4.78035e-03,5.57965e-04,1.76603e-03,5.94405e-03
1.10421e-03,5.39708e-02,2.81583e-04,2.18392e-01,3.24231e-04,1.84483e-03,2.88716e-03,5.29405e-02,4.71056e-03,2.83748e-02,5.72040e-04,1.45221e-01,2.97037e-03,1.07023e-03,1.46426e-03,1.30656e-02,4.72703e-03,5.55042e-04,1.74609e-03,5.83943e-03
1.07548e-03,5.34315e-02,2.79443e-04,2.00294e-01,3.24424e-04,2.02730e-03,2.90739e-03,4.88470e-02,4.71004e-03,2.77801e-02,5.53710e-04,1.43295e-01,2.95111e-03,1.05908e-03,1.52507e-03,1.31830e-02,4.66674e-03,5.44817e-04,1.74112e-03,5.78772e-03
1.08700e-03,5.31888e-02,2.74261e-04,1.82968e-01,3.31704e-04,2.04858e-03,2.93059e-03,4.52473e-02,4.69508e-03,2.71570e-02,5.42582e-04,1.40763e-01,2.92123e-03,1.05214e-03,1.58950e-03,1.32085e-02,4.59081e-03,5.46323e-04,1.74799e-03,5.75366e-03
1.09116e-03,5.29109e-02,2.76399e-04,1.66422e-01,3.36705e-04,1.94741e-03,2.96060e-03,4.21622e-02,4.67379e-03,2.66838e-02,5.32049e-04,1.37813e-01,2.87935e-03,1.04838e-03,1.64715e-03,1.32051e-02,4.51910e-03,5.45164e-04,1.75008e-03,5.69352e-03
1.09049e-03,5.28628e-02,2.76637e-04,1.51851e-01,3.42313e-04,1.80723e-03,2.99705e-03,3.94035e-02,4.64818e-03,2.62871e-02,5.24800e-04,1.34750e-01,2.83943e-03,1.05959e-03,1.69688e-03,1.31624e-02,4.46367e-03,5.44572e-04,1.74345e-03,5.66009e-03
1.10111e-03,5.30179e-02,2.77085e-04,1.37984e-01,3.36867e-04,1.67803e-03,3.04985e-03,3.68983e-02,4.64151e-03,2.59402e-02,5.14844e-04,1.31346e-01,2.80927e-03,1.05951e-03,1.72506e-03,1.31019e-02,4.42272e-03,5.47828e-04,1.74052e-03,5.65899e-03
1.09254e-03,5.33556e-02,2.77212e-04,1.26931e-01,3.36018e-04,1.57284e-03,3.10699e-03,3.46565e-02,4.61571e-03,2.55821e-02,5.05593e-04,1.27870e-01,2.79942e-03,1.04459e-03,1.74917e-03,1.29923e-02,4.36650e-03,5.48537e-04,1.73262e-03,5.62959e-03
1.08991e-03,5.42505e-02,2.74503e-04,1.16136e-01,3.33654e-04,1.49003e-03,3.18353e-03,3.26858e-02,4.60356e-03,2.53297e-02,4.98372e-04,1.24425e-01,2.79645e-03,1.04679e-03,1.73888e-03,1.29289e-02,4.31274e-03,5.43513e-04,1.72463e-03,5.62569e-03
1.08770e-03,5.53455e-02,2.76652e-04,1.07595e-01,3.26199e-04,1.42237e-03,3.27506e-03,3.09840e-02,4.57570e-03,2.51316e-02,4.99173e-04,1.20949e-01,2.80336e-03,1.03882e-03,1.70944e-03,1.29772e-02,4.25696e-03,5.37914e-04,1.73483e-03,5.60433e-03
1.06900e-03,5.70109e-02,2.78670e-04,9.92024e-02,3.21616e-04,1.37805e-03,3.38542e-03,2.93186e-02,4.55098e-03,2.49105e-02,5.00244e-04,1.17839e-01,2.79322e-03,1.04834e-03,1.67140e-03,1.32517e-02,4.22061e-03,5.41030e-04,1.71275e-03,5.61805e-03
1.07016e-03,5.94380e-02,2.84267e-04,9.20769e-02,3.20352e-04,1.34641e-03,3.53684e-03,2.79170e-02,4.53526e-03,2.47165e-02,5.09365e-04,1.14582e-01,2.78435e-03,1.05636e-03,1.63516e-03,1.40069e-02,4.16262e-03,5.37895e-04,1.70320e-03,5.57745e-03
1.07510e-03,6.27916e-02,2.89831e-04,8.61256e-02,3.25885e-04,1.32293e-03,3.72456e-03,2.66013e-02,4.52427e-03,2.46003e-02,5.16988e-04,1.11591e-01,2.78391e-03,1.05646e-03,1.59114e-03,1.54800e-02,4.13096e-03,5.29514e-04,1.70412e-03,5.57850e-03
1.06658e-03,6.70248e-02,2.88718e-04,8.05656e-02,3.23370e-04,1.30938e-03,3.94868e-03,2.54097e-02,4.51565e-03,2.45221e-02,5.27158e-04,1.08705e-01,2.78256e-03,1.05086e-03,1.57482e-03,1.76590e-02,4.09918e-03,5.30107e-04,1.70939e-03,5.56773e-03
1.05634e-03,7.25545e-02,2.90614e-04,7.57252e-02,3.22601e-04,1.30750e-03,4.22551e-03,2.43813e-02,4.51424e-03,2.44992e-02,6.31707e-04,1.06160e-01,2.76299e-03,1.05044e-03,1.58779e-03,2.00058e-02,4.07854e-03,5.34919e-04,1.89196e-03,5.56244e-03
1.05062e-03,8.00927e-02,2.98477e-04,7.15291e-02,3.45275e-04,2.22989e-03,4.66500e-03,2.35664e-02,4.51501e-03,2.47189e-02,1.15922e-03,1.03971e-01,2.73371e-03,1.04873e-03,2.03261e-03,2.17967e-02,4.06247e-03,5.37575e-04,2.85744e-03,5.53788e-03
1.04530e-03,8.89333e-02,3.08852e-04,6.79108e-02,4.13818e-04,5.73515e-03,6.25736e-03,2.29962e-02,4.53035e-03,2.53956e-02,1.90549e-03,1.02233e-01,2.72953e-03,1.05028e-03,3.69222e-03,2.26209e-02,4.04341e-03,5.35288e-04,4.54436e-03,5.54944e-03
1.03433e-03,9.79602e-02,3.19032e-04,6.47728e-02,5.30315e-04,1.27548e-02,8.36235e-03,2.25827e-02,4.49217e-03,2.68021e-02,2.34098e-03,1.00862e-01,2.71337e-03,1.05022e-03,5.93868e-03,2.25505e-02,4.03746e-03,5.40963e-04,6.42702e-03,5.55551e-03
1.03279e-03,1.08841e-01,3.21939e-04,6.19841e-02,6.78595e-04,1.88986e-02,1.05972e-02,2.21573e-02,4.50412e-03,2.88948e-02,2.58895e-03,9.98513e-02,2.70779e-03,1.04783e-03,7.79861e-03,2.18689e-02,4.01917e-03,5.28074e-04,9.59928e-03,5.52998e-03
1.02220e-03,1.21116e-01,3.22131e-04,5.95711e-02,7.72752e-04,3.78309e-02,1.34646e-02,2.17258e-02,4.52424e-03,3.11942e-02,2.69729e-03,9.92913e-02,2.67997e-03,1.04505e-03,9.29853e-03,2.10085e-02,4.00600e-03,5.34903e-04,1.60444e-02,5.51224e-03
1.02394e-03,1.33477e-01,3.28348e-04,5.73625e-02,8.33846e-04,7.52589e-02,1.83798e-02,2.13536e-02,4.50739e-03,3.37341e-02,2.61345e-03,9.92491e-02,2.65929e-03,1.03870e-03,9.94715e-03,2.01667e-02,3.98841e-03,5.44455e-04,2.25316e-02,5.49760e-03
1.02542e-03,1.46451e-01,3.35824e-04,5.55364e-02,8.74881e-04,7.19993e-02,2.24974e-02,2.09349e-02,4.48434e-03,3.68640e-02,2.41269e-03,9.98961e-02,2.63724e-03,1.03465e-03,9.51962e-03,1.94065e-02,4.00986e-03,5.55335e-04,2.37509e-02,5.48380e-03
1.02603e-03,1.59074e-01,3.32629e-04,5.41043e-02,8.60369e-04,5.00771e-02,2.34358e-02,2.06267e-02,4.49898e-03,4.12982e-02,2.17630e-03,1.00967e-01,2.62616e-03,1.02791e-03,8.62456e-03,1.87532e-02,4.00185e-03,5.58000e-04,2.07883e-02,5.45563e-03
1.01520e-03,1.70487e-01,3.23535e-04,5.29197e-02,8.27721e-04,3.40171e-02,2.28150e-02,2.04372e-02,4.50434e-03,4.77325e-02,1.95696e-03,1.02185e-01,2.61957e-03,1.04410e-03,7.78719e-03,1.82367e-02,3.99152e-03,5.55956e-04,1.68317e-02,5.46652e-03
1.01944e-03,1.80795e-01,3.12115e-04,5.21850e-02,8.16256e-04,2.49260e-02,2.11364e-02,2.01828e-02,4.50550e-03,5.67751e-02,1.78233e-03,1.03645e-01,2.61283e-03,1.05695e-03,7.15951e-03,1.77639e-02,3.97420e-03,5.51352e-04,1.34930e-02,5.42313e-03
1.02967e-03,1.89748e-01,3.02739e-04,5.20033e-02,8.03193e-04,2.04206e-02,1.94700e-02,1.98764e-02,4.51068e-03,6.84557e-02,1.64636e-03,1.05302e-01,2.63099e-03,1.06646e-03,6.70639e-03,1.73715e-02,3.94471e-03,5.42482e-04,1.11264e-02,5.39238e-03
1.03087e-03,1.97775e-01,2.94068e-04,5.27645e-02,7.82898e-04,1.92965e-02,2.03677e-02,1.97859e-02,4.50579e-03,8.19655e-02,1.54261e-03,1.06572e-01,2.59699e-03,1.07058e-03,6.40565e-03,1.69667e-02,3.92155e-03,5.27655e-04,9.42325e-03,5.38464e-03
1.03069e-03,2.03823e-01,2.84330e-04,5.48445e-02,7.62729e-04,2.18122e-02,3.17298e-02,1.98614e-02,4.51400e-03,9.66025e-02,1.45574e-03,1.07570e-01,2.58179e-03,1.06296e-03,6.37360e-03,1.66232e-02,3.90245e-03,5.09878e-04,8.41015e-03,5.37172e-03
1.02978e-03,2.06672e-01,2.86790e-04,5.82931e-02,7.37968e-04,2.91701e-02,8.96736e-02,2.00715e-02,4.52577e-03,1.12787e-01,1.38253e-03,1.08936e-01,2.58976e-03,1.07042e-03,6.73654e-03,1.62604e-02,3.91249e-03,4.96257e-04,7.69787e-03,5.33849e-03
1.02982e-03,2.05915e-01,2.92124e-04,6.24055e-02,7.14056e-04,4.07510e-02,2.14044e-01,2.04147e-02,4.51559e-03,1.29447e-01,1.33538e-03,1.10701e-01,2.59156e-03,1.05929e-03,7.61418e-03,1.59474e-02,3.87232e-03,4.87175e-04,7.26629e-03,5.31586e-03
1.04795e-03,2.02525e-01,2.98691e-04,6.64271e-02,6.91440e-04,5.11981e-02,2.46405e-01,2.10264e-02,4.50248e-03,1.42112e-01,1.33421e-03,1.12303e-01,2.58124e-03,1.04332e-03,8.97851e-03,1.55645e-02,3.84887e-03,4.88005e-04,7.04660e-03,5.31167e-03
1.05493e-03,1.98666e-01,3.04321e-04,6.93941e-02,6.64189e-04,5.48481e-02,2.08392e-01,2.17562e-02,4.48812e-03,1.46566e-01,1.43466e-03,1.13216e-01,2.60855e-03,1.03862e-03,1.05302e-02,1.53271e-02,3.82706e-03,4.95547e-04,6.89984e-03,5.29072e-03
1.05144e-03,1.95909e-01,3.09984e-04,7.05834e-02,6.29870e-04,5.15530e-02,1.73714e-01,2.25745e-02,4.47434e-03,1.43185e-01,1.72757e-03,1.15470e-01,2.57840e-03,1.03278e-03,1.18483e-02,1.49977e-02,3.83967e-03,5.01777e-04,6.78811e-03,5.25639e-03
1.04215e-03,1.95416e-01,3.11412e-04,7.00362e-02,6.01042e-04,4.47088e-02,1.49486e-01,2.31236e-02,4.46424e-03,1.36463e-01,2.27178e-03,1.18158e-01,2.59479e-03,1.04608e-03,1.26572e-02,1.47312e-02,3.82110e-03,5.00340e-04,6.57837e-03,5.22144e-03
1.03389e-03,1.97071e-01,3.11619e-04,6.87452e-02,5.68300e-04,3.73264e-02,1.31450e-01,2.37494e-02,4.44693e-03,1.30931e-01,3.01863e-03,1.21750e-01,2.59057e-03,1.04336e-03,1.30245e-02,1.44380e-02,3.83930e-03,5.02102e-04,6.28123e-03,5.21102e-03
1.02041e-03,2.01606e-01,3.09667e-04,7.11804e-02,5.39738e-04,3.07110e-02,1.17238e-01,2.43354e-02,4.43707e-03,1.27969e-01,3.75587e-03,1.26718e-01,2.58755e-03,1.03671e-03,1.34733e-02,1.41950e-02,3.85751e-03,5.07096e-04,5.85710e-03,5.19033e-03
1.01388e-03,2.08357e-01,3.06159e-04,9.39956e-02,5.10381e-04,2.52014e-02,1.06077e-01,2.48067e-02,4.42557e-03,1.26099e-01,4.26371e-03,1.33204e-01,2.56906e-03,1.03778e-03,1.50160e-02,1.38876e-02,3.87147e-03,5.14604e-04,5.38571e-03,5.20913e-03
1.00548e-03,2.16831e-01,3.02503e-04,1.67967e-01,4.76976e-04,2.08417e-02,9.73035e-02,2.53481e-02,4.42539e-03,1.22780e-01,4.45206e-03,1.41444e-01,2.54724e-03,1.02101e-03,1.90014e-02,1.36493e-02,3.87375e-03,5.30837e-04,4.90025e-03,5.17603e-03
9.89891e-04,2.26795e-01,2.98640e-04,2.73498e-01,4.56533e-04,1.74259e-02,9.04137e-02,2.60299e-02,4.41696e-03,1.16113e-01,4.40241e-03,1.51629e-01,2.54211e-03,1.00841e-03,2.61060e-02,1.34002e-02,3.87831e-03,5.53393e-04,4.42885e-03,5.15860e-03
9.89086e-04,2.37404e-01,2.97257e-04,3.18064e-01,4.37636e-04,1.47512e-02,8.40982e-02,2.69005e-02,4.41571e-03,1.06088e-01,4.26103e-03,1.63856e-01,2.53446e-03,1.00551e-03,3.43840e-02,1.31101e-02,3.88295e-03,5.71430e-04,4.02755e-03,5.17946e-03
1.00429e-03,2.47948e-01,2.88456e-04,2.85802e-01,4.15410e-04,1.27026e-02,7.79524e-02,2.79442e-02,4.40781e-03,9.43633e-02,4.13430e-03,1.78394e-01,2.52701e-03,9.92389e-04,3.96387e-02,1.28688e-02,3.86472e-03,5.95794e-04,3.70135e-03,5.17338e-03
