2.96430e+05,3.15945e+05,2.78924e+05,3.20227e+05,2.73098e+05,3.13062e+05,3.22476e+05,3.22481e+05,3.02025e+05,2.96664e+05,3.12191e+05,2.90617e+05,3.03810e+05,3.05388e+05,3.26294e+05,3.18438e+05,3.02269e+05,3.06265e+05,3.02739e+05,3.08554e+05
6.93889e-18,6.93889e-18,6.93889e-18,6.93889e-18,6.93889e-18,6.93889e-18,6.93889e-18,6.93889e-18,6.93889e-18,6.93889e-18,6.93889e-18,6.93889e-18,6.93889e-18,6.93889e-18,6.93889e-18,6.93889e-18,6.93889e-18,6.93889e-18,6.93889e-18,6.93889e-18
2.42861e-17,5.20417e-18,4.85723e-17,3.46945e-17,3.81639e-17,1.73472e-17,3.46945e-17,2.08167e-17,3.12250e-17,1.90820e-17,2.42861e-17,1.90820e-17,2.77556e-17,2.42861e-17,3.46945e-18,4.27083e-09,4.16334e-17,2.25514e-17,6.24500e-17,1.21431e-17
4.16334e-17,1.56125e-17,6.93889e-17,3.12250e-17,4.16334e-17,5.89806e-17,3.46945e-17,2.77556e-17,4.51028e-17,2.60209e-17,5.89806e-17,1.73472e-17,4.85723e-17,1.73472e-17,3.46945e-17,3.46945e-18,1.04083e-17,2.42861e-17,1.38778e-16,3.12250e-17
6.24500e-17,1.21431e-17,1.38778e-17,4.16334e-17,1.38778e-16,6.24500e-17,2.08167e-17,1.38778e-17,1.38778e-17,4.16334e-17,4.16334e-17,0.00000e+00,2.42861e-17,4.85723e-17,2.42861e-17,4.27083e-09,8.32667e-17,2.42861e-17,6.93889e-17,1.38778e-17
1.38778e-17,1.90820e-17,6.93889e-17,7.63278e-17,2.35922e-16,2.77556e-17,4.85723e-17,2.08167e-17,1.38778e-17,8.32667e-17,1.38778e-17,1.40000e-09,4.85723e-17,4.85723e-17,1.73472e-17,4.27083e-09,6.24500e-17,2.42861e-17,1.11022e-16,6.24500e-17
4.16334e-17,1.73472e-17,1.94289e-16,6.24500e-17,2.35922e-16,6.93889e-18,1.24900e-16,6.93889e-18,6.24500e-17,8.32667e-17,2.08167e-17,2.25514e-17,6.93889e-17,2.08167e-17,2.42861e-17,1.70833e-08,6.93889e-18,4.85723e-17,1.94289e-16,2.77556e-17
4.16334e-17,0.00000e+00,1.94289e-16,6.93889e-17,1.94289e-16,8.32667e-17,0.00000e+00,7.63278e-17,1.24900e-16,1.66533e-16,6.24500e-17,1.73472e-17,6.93889e-18,1.38778e-17,0.00000e+00,1.24900e-16,0.00000e+00,1.04083e-16,2.22045e-16,3.46945e-17
1.38778e-17,2.08167e-17,5.55112e-17,9.02056e-17,3.33067e-16,1.24900e-16,1.38778e-16,6.93889e-18,1.66533e-16,1.11022e-16,4.16334e-17,1.04083e-17,8.32667e-17,2.08167e-16,1.04083e-17,8.32667e-17,0.00000e+00,6.93889e-18,8.32667e-17,8.32667e-17
4.16334e-17,4.16334e-17,4.16334e-16,1.40000e-09,1.38778e-16,4.16334e-17,1.52656e-16,4.85723e-17,4.16334e-17,7.77156e-16,2.77556e-17,2.08167e-17,9.71445e-17,1.66533e-16,2.77556e-17,4.27083e-08,4.85723e-17,6.93889e-18,1.66533e-16,4.16334e-17
6.93889e-17,3.46945e-17,1.38778e-16,4.90306e-09,2.77556e-16,1.24900e-16,6.93889e-17,1.11022e-16,1.38778e-17,3.33067e-16,9.71445e-17,1.40000e-09,6.93889e-18,1.38778e-17,2.77556e-17,4.27083e-08,6.24500e-17,9.71445e-17,2.49800e-16,9.71445e-17
4.16334e-17,6.93889e-17,8.32667e-17,1.14123e-08,2.22045e-16,2.22045e-16,1.38778e-17,9.71445e-17,1.24900e-16,6.10623e-16,1.38778e-17,2.77556e-17,2.08167e-17,1.24900e-16,4.16334e-17,4.27083e-08,9.02056e-17,9.71445e-17,6.10623e-16,9.71445e-17
1.66533e-16,9.71445e-17,1.11022e-16,2.74875e-08,3.33067e-16,1.66533e-16,1.38778e-17,1.52656e-16,6.93889e-17,4.85386e-08,1.24900e-16,4.16334e-17,5.55112e-17,8.32667e-17,2.77556e-17,4.27083e-08,5.55112e-17,1.94289e-16,3.33067e-16,1.80411e-16
1.11022e-16,0.00000e+00,1.11022e-16,5.59152e-08,3.33067e-16,3.60822e-16,5.55112e-17,6.93889e-17,8.32667e-17,9.70773e-08,1.80411e-16,1.40000e-09,5.55112e-17,2.77556e-16,6.93889e-17,5.55112e-17,6.24500e-17,1.38778e-17,3.88578e-16,1.94289e-16
8.32667e-17,1.11022e-16,1.66533e-16,9.19324e-08,2.77556e-16,2.22045e-16,1.80411e-16,1.52656e-16,1.38778e-16,2.91232e-07,1.11022e-16,1.40000e-09,1.11022e-16,3.05311e-16,6.24500e-17,5.55112e-17,1.24900e-16,8.32667e-17,6.10623e-16,2.77556e-16
0.00000e+00,1.38778e-16,1.94289e-16,1.21244e-07,4.44089e-16,3.33067e-16,1.38778e-16,0.00000e+00,2.49800e-16,5.33925e-07,6.93889e-17,2.77556e-17,9.71445e-17,1.94289e-16,3.46945e-17,8.32667e-17,0.00000e+00,2.22045e-16,2.22045e-16,1.66533e-16
3.33067e-16,3.60822e-16,2.22045e-16,1.58679e-07,6.10623e-16,3.33067e-16,2.22045e-16,1.11022e-16,8.32667e-17,7.76618e-07,1.38778e-16,1.40000e-09,6.93889e-18,3.05311e-16,1.04083e-16,4.44089e-16,1.11022e-16,2.22045e-16,7.77156e-16,1.38778e-16
4.44089e-16,3.88578e-16,1.38778e-16,2.73384e-07,5.55112e-16,6.10623e-16,3.05311e-16,1.11022e-16,2.77556e-17,1.06785e-06,4.16334e-17,1.40000e-09,4.16334e-17,4.71845e-16,1.11022e-16,5.27356e-16,2.22045e-16,5.55112e-17,7.21645e-16,4.44089e-16
7.77156e-16,2.49800e-16,3.33067e-16,5.39128e-07,3.88578e-16,5.55112e-16,2.77556e-16,2.77556e-17,2.49800e-16,1.31054e-06,1.24900e-16,1.40000e-09,4.16334e-17,2.22045e-16,7.63278e-17,5.55112e-16,1.66533e-16,0.00000e+00,4.44089e-16,2.77556e-17
7.77156e-16,2.77556e-17,1.11022e-16,4.90167e-07,3.88578e-16,5.55112e-17,1.11022e-16,8.32667e-17,4.44089e-16,1.50470e-06,6.93889e-17,1.40000e-09,0.00000e+00,2.77556e-16,8.32667e-17,3.60822e-16,0.00000e+00,8.32667e-17,1.11022e-16,5.55112e-17
7.77156e-16,2.77556e-16,1.52656e-16,3.11247e-07,3.88578e-16,2.77556e-16,1.66533e-16,1.38778e-16,1.11022e-16,1.60178e-06,6.93889e-17,9.71445e-17,1.94289e-16,6.66134e-16,8.32667e-17,6.10623e-16,8.32667e-17,5.55112e-17,5.55112e-17,8.32667e-17
4.44089e-16,2.77556e-16,1.38778e-17,5.24309e-07,5.55112e-16,0.00000e+00,2.22045e-16,1.52656e-16,4.44089e-16,1.61307e-06,1.38778e-17,0.00000e+00,1.94289e-16,0.00000e+00,9.71445e-17,3.88578e-16,4.16334e-17,1.94289e-16,0.00000e+00,3.33067e-16
9.99201e-16,1.38778e-16,2.08167e-16,9.32661e-07,6.10623e-16,5.55112e-17,3.88578e-16,9.71445e-17,3.88578e-16,1.57065e-06,6.93889e-17,3.60822e-16,2.77556e-17,3.33067e-16,4.16334e-17,4.99600e-16,1.66533e-16,1.80411e-16,6.66134e-16,2.22045e-16
0.00000e+00,1.66533e-16,2.08167e-16,1.49779e-06,8.88178e-16,2.77556e-17,2.22045e-16,1.94289e-16,5.55112e-16,1.40976e-06,1.38778e-17,3.33067e-16,8.32667e-17,3.33067e-16,1.24900e-16,9.43690e-16,2.77556e-17,2.08167e-16,9.99201e-16,0.00000e+00
1.22125e-15,1.38778e-16,1.80411e-16,1.77960e-06,5.55112e-16,3.33067e-16,1.38778e-16,4.16334e-17,3.88578e-16,1.19636e-06,2.35922e-16,5.55112e-17,2.49800e-16,4.99600e-16,0.00000e+00,2.77556e-16,0.00000e+00,1.80411e-16,1.11022e-15,6.10623e-16
1.11022e-15,1.66533e-16,4.16334e-17,1.87639e-06,2.77556e-16,4.99600e-16,8.32667e-17,5.55112e-17,3.88578e-16,7.64751e-07,1.11022e-16,4.44089e-16,3.88578e-16,1.11022e-16,1.52656e-16,9.99201e-16,1.94289e-16,2.49800e-16,5.55112e-16,5.55112e-16
1.11022e-16,2.49800e-16,4.16334e-17,2.10765e-06,0.00000e+00,2.77556e-17,3.05311e-16,9.71445e-17,4.44089e-16,5.86899e-07,1.38778e-16,4.44089e-16,0.00000e+00,7.21645e-16,6.93889e-17,3.88578e-16,2.77556e-17,4.16334e-17,6.66134e-16,6.10623e-16
0.00000e+00,1.11022e-16,1.66533e-16,2.35391e-06,4.44089e-16,3.33067e-16,1.66533e-16,1.38778e-16,7.21645e-16,1.40200e-06,1.66533e-16,6.10623e-16,5.55112e-16,7.77156e-16,2.22045e-16,6.66134e-16,3.33067e-16,2.77556e-17,0.00000e+00,3.88578e-16
9.99201e-16,5.55112e-17,9.71445e-17,2.33188e-06,3.33067e-16,2.77556e-17,0.00000e+00,1.66533e-16,5.55112e-16,2.81671e-06,6.93889e-17,6.10623e-16,3.88578e-16,3.33067e-16,6.93889e-17,4.44089e-16,2.77556e-16,1.52656e-16,7.77156e-16,6.10623e-16
6.66134e-16,1.66533e-16,9.71445e-17,1.93808e-06,7.21645e-16,1.38778e-16,2.77556e-16,1.52656e-16,6.66134e-16,5.73849e-06,2.77556e-17,4.44089e-16,7.21645e-16,3.33067e-16,2.49800e-16,4.99600e-16,1.94289e-16,1.38778e-17,1.11022e-15,6.10623e-16
2.22045e-16,4.16334e-16,1.38778e-16,1.61490e-06,5.55112e-17,1.38778e-16,1.11022e-16,1.66533e-16,7.21645e-16,6.76912e-06,4.16334e-17,4.99600e-16,1.66533e-16,5.55112e-16,3.05311e-16,7.77156e-16,1.66533e-16,1.38778e-16,1.22125e-15,8.32667e-16
1.11022e-15,5.55112e-17,1.38778e-16,1.56968e-06,3.88578e-16,1.11022e-16,3.05311e-16,1.24900e-16,4.44089e-16,5.83128e-06,9.71445e-17,1.11022e-16,2.77556e-16,0.00000e+00,2.77556e-16,3.12890e-08,2.22045e-16,3.05311e-16,3.33067e-16,3.88578e-16
1.44329e-15,1.11022e-16,4.16334e-17,1.93965e-06,1.94289e-16,2.22045e-16,4.71845e-16,5.55112e-17,2.22045e-16,5.59592e-06,9.71445e-17,7.77156e-16,2.22045e-16,0.00000e+00,3.88578e-16,1.95959e-08,4.71845e-16,1.66533e-16,7.77156e-16,0.00000e+00
4.44089e-16,3.33067e-16,9.71445e-17,3.16716e-06,3.05311e-16,1.11022e-16,5.55112e-17,1.94289e-16,4.44089e-16,4.88674e-06,1.66533e-16,3.84187e-08,3.33067e-16,6.10623e-16,1.66533e-16,1.70587e-08,8.32667e-17,1.94289e-16,1.22125e-15,4.44089e-16
1.44329e-15,1.94289e-16,6.93889e-17,4.68164e-06,3.33067e-16,3.88578e-16,2.77556e-17,1.66533e-16,1.16573e-15,4.21823e-06,1.11022e-16,1.11022e-15,2.22045e-16,8.32667e-16,3.33067e-16,6.06218e-08,6.10623e-16,2.49800e-16,0.00000e+00,5.55112e-16
7.77156e-16,3.33067e-16,8.32667e-17,4.95802e-06,2.22045e-16,5.55112e-17,1.94289e-16,0.00000e+00,1.11022e-15,3.83930e-06,8.32667e-17,6.66134e-16,1.66533e-16,6.10623e-16,2.77556e-16,5.08011e-07,4.82804e-08,8.32667e-17,1.11022e-16,7.21645e-16
1.22125e-15,2.77556e-17,1.24900e-16,4.94521e-06,2.49800e-16,3.60822e-16,2.77556e-16,2.22045e-16,7.77156e-16,4.07528e-06,1.24900e-16,2.22045e-16,8.32667e-16,6.66134e-16,4.16334e-16,2.09582e-06,2.46203e-07,2.77556e-16,9.99201e-16,1.33227e-15
9.99201e-16,4.71845e-16,1.24900e-16,5.17755e-06,2.77556e-17,4.16334e-16,1.94289e-16,1.66533e-16,7.21645e-16,5.96426e-06,1.66533e-16,1.11022e-16,6.10623e-16,9.99201e-16,3.33067e-16,3.69397e-06,6.99740e-07,3.33067e-16,9.99201e-16,1.11022e-15
3.33067e-16,2.22045e-16,5.55112e-17,6.30498e-06,3.60822e-16,1.11022e-16,3.05311e-16,2.49800e-16,1.22125e-15,8.97890e-06,5.55112e-17,2.22045e-16,1.11022e-15,1.05471e-15,7.21645e-16,3.59952e-06,1.20676e-06,5.55112e-17,0.00000e+00,6.66134e-16
1.44329e-15,2.77556e-17,9.71445e-17,7.57864e-06,4.71845e-16,4.16334e-16,0.00000e+00,3.60822e-16,6.66134e-16,1.24130e-05,1.11022e-16,9.99201e-16,1.11022e-15,5.55112e-16,3.88578e-16,4.37212e-06,1.53560e-06,2.77556e-17,5.55112e-16,1.33227e-15
6.66134e-16,4.99600e-16,1.52656e-16,7.48719e-06,3.33067e-16,2.22045e-16,3.33067e-16,3.60822e-16,8.88178e-16,1.08452e-05,2.22045e-16,4.53762e-08,3.33067e-16,5.55112e-17,9.43690e-16,6.12610e-06,1.52977e-06,3.05311e-16,5.55112e-16,8.88178e-16
1.22125e-15,4.99600e-16,1.38778e-16,7.49464e-06,4.16334e-16,1.66533e-16,2.77556e-17,1.11022e-16,9.99201e-16,9.54022e-06,9.71445e-17,7.77156e-16,8.88178e-16,5.55112e-16,6.10623e-16,6.20334e-06,1.67611e-06,8.32667e-17,8.88178e-16,3.33067e-16
1.22125e-15,3.33067e-16,6.93889e-17,7.86441e-06,1.11022e-16,0.00000e+00,2.77556e-16,8.32667e-17,1.11022e-15,8.53599e-06,8.32667e-17,1.40000e-08,6.66134e-16,2.22045e-16,1.66533e-16,6.36249e-06,1.81214e-06,5.55112e-17,6.66134e-16,8.88178e-16
7.77156e-16,3.33067e-16,9.71445e-17,8.81024e-06,3.05311e-16,6.66134e-16,3.88578e-16,4.99600e-16,4.44089e-16,7.00627e-06,8.32667e-17,1.11022e-15,1.22125e-15,1.11022e-16,8.32667e-16,4.96868e-06,2.15789e-06,5.55112e-17,1.33227e-15,1.22125e-15
5.55112e-16,3.88578e-16,1.38778e-17,9.02543e-06,1.94289e-16,8.32667e-16,2.77556e-16,2.77556e-16,1.11022e-16,8.30761e-06,5.55112e-17,2.66454e-15,5.55112e-16,8.88178e-16,0.00000e+00,5.31295e-06,2.30482e-06,2.22045e-16,1.11022e-16,9.99201e-16
1.22125e-15,2.77556e-16,0.00000e+00,7.76648e-06,8.32667e-17,4.44089e-16,3.88578e-16,4.99600e-16,7.77156e-16,1.17570e-05,1.38778e-16,6.66134e-16,3.33067e-16,6.66134e-16,6.66134e-16,4.85970e-06,3.89740e-06,8.32667e-17,4.44089e-16,2.44249e-15
8.88178e-16,5.55112e-16,1.66533e-16,1.00860e-05,2.22045e-16,4.44089e-16,6.66134e-16,5.55112e-16,4.44089e-16,1.39432e-05,1.66533e-16,1.77636e-15,8.88178e-16,7.77156e-16,4.44089e-16,6.34331e-06,8.46530e-06,3.05311e-16,4.44089e-16,1.11022e-15
6.66134e-16,7.77156e-16,5.55112e-17,1.01319e-05,2.77556e-17,4.99600e-16,4.99600e-16,2.77556e-16,3.33067e-16,1.65737e-05,2.22045e-16,8.88178e-16,7.77156e-16,1.88738e-15,1.22125e-15,6.39943e-06,9.25083e-06,5.55112e-17,2.44249e-15,8.88178e-16
5.55112e-16,8.32667e-16,1.11022e-16,9.62020e-06,2.77556e-17,3.33067e-16,1.66533e-16,3.88578e-16,4.44089e-16,1.52722e-05,0.00000e+00,1.33227e-15,6.66134e-16,3.33067e-16,7.77156e-16,6.75416e-06,1.46799e-05,3.33067e-16,1.55431e-15,1.33227e-15
3.33067e-16,9.94987e-09,6.93889e-17,9.01279e-06,2.77556e-16,2.22045e-16,1.11022e-16,6.10623e-16,1.33227e-15,1.46193e-05,2.49800e-16,1.99840e-15,2.22045e-16,0.00000e+00,8.88178e-16,7.85612e-06,1.21170e-05,2.22045e-16,8.88178e-16,0.00000e+00
1.77636e-15,4.93559e-08,1.11022e-16,1.13892e-05,1.94289e-16,2.22045e-16,9.99201e-16,1.11022e-16,1.11022e-16,1.53620e-05,1.94289e-16,2.17945e-07,1.55431e-15,2.22045e-16,9.99201e-16,1.06330e-05,1.12103e-05,1.11022e-16,0.00000e+00,8.88178e-16
7.77156e-16,2.10324e-07,9.71445e-17,1.29269e-05,1.66533e-16,4.99600e-16,4.99600e-16,4.44089e-16,1.33227e-15,1.48199e-05,3.05311e-16,3.75633e-07,1.55431e-15,0.00000e+00,1.33227e-15,9.48647e-06,1.12973e-05,1.38778e-16,1.33227e-15,1.11022e-15
5.55112e-16,6.27614e-07,4.16334e-17,9.59133e-06,3.05311e-16,8.88178e-16,1.66533e-16,2.77556e-16,1.11022e-16,1.52920e-05,2.22045e-16,2.22045e-15,1.99840e-15,1.11022e-15,1.55431e-15,8.08145e-06,1.28969e-05,2.77556e-16,2.66454e-15,1.55431e-15
2.22045e-16,1.34715e-06,1.38778e-16,8.70802e-06,3.05311e-16,1.11022e-16,9.99201e-16,1.66533e-16,8.88178e-16,1.32477e-05,1.66533e-16,1.77636e-15,1.55431e-15,7.77156e-16,9.99201e-16,1.06947e-05,1.59253e-05,1.94289e-16,1.33227e-15,2.44249e-15
0.00000e+00,2.12071e-06,4.16334e-17,7.02631e-06,1.38778e-16,8.88178e-16,4.99600e-16,4.99600e-16,8.88178e-16,1.58648e-05,2.22045e-16,1.99840e-15,8.88178e-16,9.99201e-16,9.99201e-16,1.36832e-05,1.56502e-05,8.32667e-17,2.22045e-16,4.44089e-16
0.00000e+00,2.77209e-06,1.11022e-16,6.00730e-06,5.55112e-17,9.99201e-16,1.22125e-15,6.66134e-16,1.33227e-15,2.18244e-05,2.22045e-16,3.36303e-07,1.33227e-15,4.44089e-16,4.44089e-16,1.82887e-05,1.53414e-05,3.33067e-16,1.55431e-15,1.99840e-15
1.66533e-15,3.13731e-06,1.24900e-16,7.15419e-06,1.66533e-16,5.55112e-16,5.55112e-16,3.33067e-16,2.33147e-15,2.16462e-05,1.38778e-16,3.12890e-07,1.77636e-15,1.11022e-15,7.77156e-16,1.24907e-05,2.03109e-05,1.66533e-16,6.66134e-16,1.55431e-15
2.22045e-16,4.97370e-06,9.71445e-17,8.82983e-06,8.32667e-17,9.99201e-16,0.00000e+00,2.77556e-16,3.33067e-16,1.83059e-05,1.66533e-16,1.70587e-07,1.33227e-15,3.33067e-16,1.44329e-15,1.34696e-05,1.70067e-05,1.66533e-16,2.22045e-15,2.88658e-15
6.66134e-16,7.37925e-06,9.71445e-17,9.21967e-06,5.55112e-17,0.00000e+00,0.00000e+00,2.22045e-16,1.55431e-15,1.68555e-05,1.11022e-16,2.71293e-07,0.00000e+00,1.22125e-15,3.33067e-16,1.27573e-05,1.41299e-05,3.33067e-16,4.44089e-16,1.99840e-15
1.44329e-15,8.30558e-06,6.93889e-17,9.81399e-06,2.77556e-17,7.77156e-16,7.77156e-16,5.55112e-17,1.55431e-15,1.91749e-05,3.33067e-16,9.94987e-08,2.88658e-15,7.77156e-16,8.88178e-16,1.55662e-05,1.66634e-05,1.66533e-16,2.66454e-15,2.22045e-15
8.88178e-16,7.49009e-06,1.80411e-16,1.06807e-05,2.77556e-17,3.33067e-16,7.77156e-16,1.40000e-08,1.55431e-15,2.06881e-05,3.33067e-16,1.95959e-07,4.44089e-16,1.33227e-15,7.77156e-16,1.40153e-05,1.91947e-05,1.66533e-16,3.33067e-15,2.22045e-15
1.66533e-15,1.21603e-05,1.52656e-16,1.04312e-05,2.77556e-17,4.44089e-16,2.22045e-16,4.76970e-08,1.11022e-15,1.94337e-05,5.55112e-17,1.70587e-07,4.44089e-16,0.00000e+00,1.44329e-15,1.44941e-05,1.48926e-05,8.32667e-17,1.11022e-15,1.55431e-15
6.66134e-16,9.69593e-06,5.55112e-17,1.03606e-05,2.77556e-17,8.88178e-16,1.33227e-15,9.57288e-08,1.77636e-15,1.67454e-05,2.49800e-16,4.99600e-07,2.22045e-16,5.55112e-16,1.11022e-16,1.14206e-05,1.69528e-05,1.94289e-16,1.55431e-15,1.55431e-15
1.11022e-15,8.73894e-06,4.16334e-17,9.59818e-06,1.38778e-16,1.33227e-15,7.77156e-16,4.23484e-07,2.66454e-15,1.42078e-05,1.38778e-16,3.84057e-07,2.88658e-15,2.22045e-16,6.66134e-16,1.15578e-05,1.87375e-05,1.66533e-16,1.99840e-15,1.99840e-15
0.00000e+00,9.45363e-06,6.93889e-17,1.00494e-05,2.49800e-16,8.88178e-16,1.44329e-15,8.53149e-07,0.00000e+00,1.30987e-05,2.22045e-16,5.29528e-07,1.11022e-15,5.55112e-16,4.44089e-16,1.21771e-05,1.75709e-05,8.32667e-17,2.22045e-16,8.88178e-16
4.44089e-16,1.12608e-05,1.11022e-16,1.07700e-05,1.94289e-16,7.77156e-16,0.00000e+00,1.46894e-06,1.11022e-15,1.48640e-05,1.66533e-16,5.67362e-07,1.33227e-15,1.44329e-15,7.77156e-16,1.74780e-05,1.91045e-05,5.55112e-17,6.66134e-16,0.00000e+00
9.99201e-16,1.11302e-05,1.66533e-16,1.13140e-05,5.55112e-17,1.22125e-15,0.00000e+00,1.49997e-06,4.44089e-16,1.57658e-05,5.55112e-16,7.30137e-07,1.11022e-15,0.00000e+00,1.22125e-15,1.86108e-05,1.54717e-05,1.38778e-16,2.66454e-15,1.33227e-15
1.44329e-15,1.15314e-05,9.71445e-17,1.31844e-05,5.55112e-17,0.00000e+00,1.11022e-16,4.60938e-06,1.55431e-15,1.93718e-05,1.66533e-16,8.28191e-07,3.33067e-15,6.66134e-16,1.11022e-16,2.07640e-05,1.26951e-05,2.77556e-17,1.77636e-15,1.11022e-15
2.22045e-16,8.23894e-06,6.93889e-17,1.28307e-05,3.60822e-16,5.55112e-16,5.55112e-16,4.31207e-06,1.55431e-15,1.84408e-05,4.71845e-16,1.04957e-06,1.11022e-15,1.77636e-15,5.55112e-16,2.18474e-05,2.15100e-05,1.38778e-16,2.44249e-15,1.99840e-15
2.22045e-16,1.15149e-05,1.24900e-16,1.32795e-05,2.22045e-16,6.66134e-16,1.11022e-16,1.44430e-06,1.55431e-15,1.94014e-05,3.33067e-16,1.19478e-06,1.55431e-15,1.22125e-15,5.55112e-16,2.25893e-05,2.66213e-05,2.77556e-16,1.77636e-15,1.55431e-15
7.77156e-16,9.18140e-06,6.93889e-17,1.44822e-05,1.94289e-16,5.55112e-16,7.77156e-16,3.51145e-06,2.22045e-15,2.00324e-05,3.33067e-16,1.61382e-06,2.44249e-15,9.99201e-16,7.77156e-16,2.52263e-05,1.96911e-05,1.38778e-16,6.66134e-16,1.55431e-15
5.55112e-16,6.89246e-06,9.71445e-17,1.45194e-05,5.55112e-17,9.99201e-16,7.77156e-16,2.76472e-06,2.88658e-15,2.00910e-05,5.55112e-16,1.80555e-06,1.99840e-15,1.11022e-15,7.77156e-16,2.21571e-05,2.27955e-05,1.94289e-16,2.22045e-15,1.11022e-15
4.44089e-16,6.30730e-06,6.93889e-17,1.44410e-05,2.22045e-16,3.33067e-16,1.11022e-16,3.61681e-06,1.11022e-15,1.87918e-05,6.66134e-16,2.02729e-06,6.66134e-16,1.11022e-15,1.33227e-15,2.11064e-05,2.00364e-05,1.66533e-16,1.99840e-15,1.11022e-15
5.55112e-16,6.72442e-06,1.52656e-16,1.41300e-05,3.33067e-16,7.77156e-16,4.44089e-16,4.37281e-06,1.77636e-15,1.84349e-05,1.66533e-16,2.27708e-06,2.66454e-15,9.99201e-16,1.33227e-15,2.53913e-05,1.89157e-05,2.22045e-16,2.66454e-15,2.44249e-15
9.99201e-16,5.84543e-06,5.55112e-17,1.23061e-05,1.66533e-16,7.77156e-16,5.55112e-16,4.81511e-06,2.22045e-15,2.20855e-05,6.66134e-16,2.65471e-06,3.10862e-15,1.11022e-16,9.99201e-16,2.44497e-05,1.89042e-05,3.05311e-16,1.33227e-15,2.44249e-15
8.88178e-16,6.43503e-06,8.32667e-17,1.27093e-05,2.22045e-16,2.22045e-16,5.55112e-16,4.70660e-06,1.99840e-15,2.36372e-05,6.10623e-16,3.16386e-06,1.77636e-15,0.00000e+00,4.44089e-16,2.43632e-05,2.13875e-05,2.22045e-16,2.44249e-15,1.99840e-15
7.77156e-16,4.35807e-06,5.55112e-17,1.35242e-05,1.11022e-16,1.11022e-15,3.33067e-16,4.14717e-06,1.77636e-15,2.35745e-05,5.55112e-17,3.73716e-06,1.99840e-15,9.99201e-16,5.55112e-16,2.33225e-05,2.74100e-05,1.94289e-16,4.44089e-16,1.55431e-15
5.55112e-16,4.30504e-06,8.32667e-17,1.32868e-05,8.32667e-17,0.00000e+00,7.77156e-16,3.38124e-06,0.00000e+00,2.50632e-05,3.88578e-16,4.20005e-06,1.11022e-15,0.00000e+00,5.55112e-16,2.59216e-05,2.25204e-05,3.05311e-16,8.88178e-16,1.11022e-15
6.66134e-16,4.80779e-06,9.71445e-17,1.47545e-05,3.05311e-16,4.44089e-16,1.11022e-16,2.96675e-06,0.00000e+00,2.58701e-05,8.32667e-16,4.48753e-06,1.55431e-15,6.66134e-16,6.66134e-16,2.70508e-05,1.98834e-05,2.22045e-16,1.77636e-15,1.55431e-15
3.33067e-16,4.68168e-06,2.77556e-17,2.07951e-05,3.33067e-16,7.77156e-16,1.11022e-16,3.73786e-06,2.22045e-15,2.40905e-05,6.66134e-16,4.69335e-06,2.88658e-15,2.22045e-16,8.88178e-16,2.25386e-05,1.91241e-05,0.00000e+00,6.66134e-16,1.77636e-15
1.22125e-15,5.01744e-06,6.93889e-17,2.46294e-05,8.32667e-17,8.88178e-16,1.22125e-15,5.28454e-06,2.66454e-15,2.47076e-05,4.99600e-16,5.06126e-06,1.77636e-15,7.77156e-16,7.77156e-16,2.97740e-05,1.65993e-05,1.38778e-16,1.77636e-15,1.33227e-15
5.55112e-16,7.21893e-06,9.71445e-17,2.02841e-05,1.38778e-16,9.99201e-16,0.00000e+00,6.04128e-06,3.33067e-15,2.04961e-05,7.21645e-16,5.60338e-06,3.77476e-15,3.33067e-16,8.88178e-16,2.13625e-05,2.11022e-05,2.77556e-16,8.88178e-16,0.00000e+00
5.55112e-16,1.39051e-05,4.16334e-17,1.95752e-05,2.77556e-17,4.44089e-16,8.88178e-16,5.36045e-06,3.10862e-15,1.86142e-05,3.33067e-16,5.91814e-06,1.11022e-15,5.55112e-16,7.21645e-16,1.65738e-05,1.76944e-05,3.05311e-16,2.44249e-15,1.99840e-15
1.22125e-15,8.81646e-06,1.11022e-16,1.95136e-05,3.33067e-16,4.44089e-16,0.00000e+00,4.32170e-06,1.33227e-15,1.80688e-05,2.22045e-16,5.86047e-06,3.77476e-15,7.77156e-16,1.66533e-16,1.46260e-05,1.64096e-05,1.38778e-16,1.99840e-15,1.33227e-15
6.66134e-16,1.13719e-05,1.38778e-16,2.28004e-05,1.38778e-16,8.88178e-16,5.55112e-16,3.60910e-06,8.88178e-16,1.82943e-05,2.77556e-16,5.53444e-06,1.11022e-15,1.11022e-15,6.10623e-16,1.81427e-05,1.45203e-05,3.05311e-16,1.77636e-15,1.33227e-15
6.66134e-16,2.48397e-05,1.66533e-16,2.32854e-05,2.77556e-17,1.22125e-15,2.22045e-16,3.20381e-06,1.77636e-15,1.88524e-05,1.11022e-16,5.42343e-06,1.11022e-15,7.77156e-16,2.22045e-16,1.93253e-05,1.27450e-05,1.94289e-16,1.99840e-15,2.44249e-15
6.66134e-16,1.19512e-05,1.11022e-16,2.22688e-05,2.49800e-16,2.22045e-16,3.33067e-16,3.23611e-06,1.77636e-15,2.06494e-05,2.77556e-16,5.61330e-06,2.66454e-15,4.44089e-16,5.55112e-16,1.65288e-05,1.41782e-05,1.11022e-16,1.55431e-15,1.55431e-15
4.44089e-16,2.18452e-05,1.24900e-16,2.35709e-05,1.38778e-16,7.77156e-16,8.88178e-16,4.47299e-06,4.44089e-16,1.95486e-05,6.10623e-16,6.00037e-06,6.66134e-16,1.11022e-16,2.77556e-16,1.72327e-05,1.70657e-05,1.38778e-16,2.66454e-15,1.33227e-15
5.55112e-16,1.32571e-05,0.00000e+00,2.52547e-05,2.77556e-17,6.66134e-16,1.33227e-15,5.68000e-06,3.33067e-15,1.96565e-05,4.44089e-16,6.54018e-06,8.88178e-16,9.99201e-16,4.99600e-16,1.68768e-05,1.73042e-05,0.00000e+00,8.88178e-16,0.00000e+00
1.22125e-15,1.40276e-05,1.24900e-16,2.44184e-05,1.94289e-16,6.66134e-16,1.55431e-15,5.45494e-06,6.66134e-16,2.07491e-05,5.55112e-17,7.16489e-06,1.55431e-15,8.88178e-16,6.66134e-16,1.88133e-05,1.82649e-05,1.38778e-16,1.55431e-15,4.44089e-16
3.33067e-16,1.22343e-05,1.38778e-16,2.66306e-05,1.66533e-16,7.77156e-16,1.55431e-15,6.62344e-06,2.44249e-15,2.31840e-05,5.55112e-16,7.89129e-06,1.11022e-15,8.88178e-16,9.43690e-16,1.95241e-05,1.86077e-05,1.66533e-16,1.11022e-15,4.44089e-16
7.77156e-16,1.40131e-05,1.52656e-16,2.52275e-05,4.16334e-16,1.22125e-15,1.11022e-16,7.69545e-06,3.77476e-15,2.25869e-05,7.21645e-16,8.74219e-06,2.22045e-15,6.66134e-16,1.11022e-16,2.00562e-05,1.99452e-05,8.32667e-17,1.55431e-15,4.44089e-16
9.99201e-16,9.78678e-06,1.24900e-16,2.32802e-05,1.12074e-06,7.77156e-16,4.44089e-16,9.05085e-06,2.22045e-16,2.28170e-05,3.88578e-16,9.57068e-06,1.99840e-15,2.62869e-08,5.55112e-17,2.07539e-05,2.09471e-05,2.49800e-16,1.55431e-15,1.11022e-15
5.89491e-08,1.09329e-05,8.32667e-17,2.03180e-05,2.46011e-06,0.00000e+00,4.44089e-16,1.00304e-05,6.66134e-16,2.00636e-05,0.00000e+00,1.02756e-05,6.66134e-16,4.67866e-07,5.55112e-16,2.15893e-05,2.14714e-05,2.22045e-16,1.55431e-15,2.44249e-15
2.91155e-07,1.03853e-05,6.93889e-17,2.64952e-05,3.13176e-05,1.22125e-15,8.88178e-16,9.79659e-06,2.88658e-15,3.49672e-05,1.66533e-16,1.09640e-05,1.55431e-15,1.69412e-06,7.21645e-16,2.59613e-05,2.17072e-05,2.49800e-16,1.55431e-15,2.66454e-15
2.24310e-06,1.00917e-05,1.94289e-16,3.08207e-05,4.37321e-05,7.77156e-16,1.55431e-15,8.41560e-06,1.99840e-15,3.60918e-05,5.55112e-17,1.13632e-05,1.77636e-15,6.42182e-06,2.22045e-16,2.70583e-05,2.33351e-05,8.32667e-17,2.22045e-15,1.33227e-15
3.44064e-06,1.43439e-05,6.93889e-17,2.74624e-05,3.61892e-05,1.11022e-15,1.55431e-15,7.91275e-06,6.66134e-16,3.40795e-05,1.11022e-16,1.16546e-05,1.11022e-15,1.12723e-05,0.00000e+00,3.25350e-05,2.61203e-05,3.33067e-16,2.22045e-15,1.55431e-15
5.89311e-06,9.00897e-06,9.71445e-17,3.19548e-05,2.91990e-05,1.44329e-15,1.33227e-15,1.00191e-05,2.88658e-15,3.33270e-05,5.55112e-17,1.19176e-05,2.88658e-15,1.98633e-05,4.44089e-16,4.07754e-05,2.83749e-05,2.49800e-16,4.44089e-16,4.99900e-07
1.09013e-05,1.31882e-05,9.71445e-17,2.82631e-05,2.91991e-05,9.99201e-16,2.44249e-15,1.17948e-05,1.55431e-15,3.22904e-05,7.21645e-16,1.20196e-05,1.06939e-06,1.91034e-05,4.99600e-16,3.18425e-05,3.70262e-05,3.60822e-16,1.55431e-15,6.19355e-07
1.35552e-05,1.82534e-05,1.11022e-16,2.85872e-05,4.29805e-05,8.88178e-16,1.11022e-15,1.16658e-05,3.77476e-15,3.07690e-05,0.00000e+00,1.19658e-05,2.10891e-06,2.28212e-05,5.55112e-17,2.82991e-05,3.78736e-05,2.22045e-16,1.55431e-15,6.04235e-07
1.88436e-05,1.58300e-05,1.24900e-16,2.78516e-05,3.98698e-05,9.99201e-16,2.44249e-15,1.19979e-05,2.44249e-15,3.61200e-05,5.55112e-17,1.18742e-05,9.46401e-06,2.06278e-05,9.43690e-16,2.83197e-05,4.57221e-05,1.66533e-16,1.33227e-15,5.34041e-06
1.38543e-05,1.93882e-05,9.71445e-17,2.73017e-05,3.74648e-05,1.11022e-15,2.44249e-15,1.13906e-05,8.88178e-16,3.73552e-05,8.32667e-16,1.17263e-05,1.06266e-05,2.22764e-05,4.44089e-16,2.34632e-05,3.60629e-05,1.11022e-16,1.55431e-15,6.71404e-06
1.12673e-05,1.49814e-05,1.66533e-16,2.79379e-05,4.39928e-05,2.22045e-16,8.88178e-16,1.07550e-05,2.66454e-15,3.86416e-05,4.44089e-16,1.15943e-05,1.91755e-05,1.88816e-05,2.77556e-16,2.50735e-05,3.28819e-05,1.94289e-16,2.66454e-15,4.85761e-06
1.85473e-05,1.70459e-05,4.16334e-17,3.27749e-05,5.62905e-05,1.22125e-15,2.66454e-15,1.13953e-05,2.66454e-15,4.12098e-05,6.10623e-16,1.14594e-05,3.20298e-05,1.92338e-05,1.66533e-16,2.24862e-05,3.20447e-05,1.66533e-16,0.00000e+00,2.63960e-06
2.40843e-05,1.77067e-05,1.38778e-16,3.15542e-05,8.94946e-05,6.66134e-16,1.77636e-15,9.06961e-06,6.66134e-16,5.09426e-05,0.00000e+00,1.13464e-05,2.78054e-05,2.78413e-05,6.10623e-16,2.16886e-05,3.14641e-05,3.33067e-16,1.99840e-15,1.71216e-05
2.35932e-05,2.10149e-05,8.32667e-17,3.91773e-05,1.33387e-04,4.44089e-16,2.22045e-15,9.42690e-06,8.88178e-16,5.59961e-05,3.88578e-16,1.13697e-05,3.64222e-05,3.08112e-05,4.99600e-16,2.29451e-05,3.27581e-05,1.94289e-16,2.44249e-15,1.16026e-05
2.57927e-05,1.94404e-05,2.77556e-17,3.90511e-05,1.92973e-04,3.33067e-16,1.55431e-15,1.14954e-05,6.66134e-16,5.52815e-05,3.88578e-16,1.13937e-05,3.18777e-05,2.81601e-05,2.22045e-16,2.34345e-05,3.39827e-05,2.77556e-16,1.55431e-15,9.87990e-06
1.97375e-05,2.52506e-05,6.93889e-17,4.00313e-05,2.47038e-04,1.11022e-15,2.22045e-16,9.14809e-06,2.22045e-15,5.29789e-05,3.33067e-16,1.15410e-05,3.19824e-05,2.83491e-05,8.88178e-16,2.60049e-05,3.36842e-05,1.38778e-16,2.44249e-15,1.10031e-05
2.51577e-05,2.61177e-05,1.66533e-16,4.32912e-05,3.01525e-04,1.11022e-16,1.99840e-15,1.16582e-05,2.22045e-15,5.83384e-05,6.10623e-16,1.18065e-05,3.50346e-05,2.87867e-05,5.55112e-17,2.68662e-05,2.93656e-05,2.49800e-16,1.99840e-15,1.49142e-05
2.75113e-05,3.05589e-05,1.11022e-16,4.57650e-05,3.42693e-04,1.33227e-15,2.44249e-15,1.00434e-05,0.00000e+00,6.23539e-05,2.77556e-16,1.21205e-05,3.04600e-05,2.87055e-05,6.10623e-16,2.74042e-05,3.26627e-05,1.11022e-16,1.55431e-15,2.08139e-05
3.17534e-05,3.32895e-05,1.11022e-16,3.81713e-05,3.69475e-04,7.77156e-16,8.88178e-16,1.05405e-05,3.33067e-15,5.08907e-05,6.10623e-16,1.24986e-05,2.89672e-05,2.66176e-05,6.66134e-16,2.89484e-05,3.46092e-05,1.94289e-16,2.88658e-15,1.77888e-05
4.05005e-05,3.04143e-05,1.24900e-16,3.36774e-05,3.78598e-04,6.66134e-16,1.77636e-15,1.10412e-05,1.77636e-15,4.60937e-05,0.00000e+00,1.28518e-05,2.52453e-05,2.19299e-05,3.88578e-16,3.05955e-05,3.52437e-05,5.55112e-17,1.55431e-15,2.08932e-05
5.54398e-05,2.23049e-05,0.00000e+00,3.06806e-05,3.73021e-04,9.99201e-16,1.77636e-15,1.24336e-05,1.99840e-15,4.08903e-05,6.66134e-16,1.29932e-05,3.63346e-05,1.90440e-05,4.44089e-16,2.90652e-05,3.20432e-05,2.49800e-16,1.99840e-15,3.07310e-05
7.51674e-05,2.33066e-05,1.24900e-16,2.98008e-05,3.53429e-04,3.33067e-16,1.99840e-15,1.30460e-05,1.11022e-15,4.36948e-05,4.44089e-16,1.31109e-05,3.54411e-05,2.36352e-05,3.88578e-16,3.95962e-05,4.18089e-05,2.77556e-16,1.33227e-15,4.69829e-05
1.08055e-04,2.20426e-05,1.11022e-16,2.71911e-05,3.30512e-04,8.32667e-16,0.00000e+00,1.16137e-05,1.55431e-15,5.05893e-05,2.77556e-16,1.36308e-05,3.99466e-05,2.65439e-05,1.70587e-08,5.06659e-05,4.69474e-05,1.94289e-16,1.33227e-15,6.45458e-05
1.68197e-04,2.87109e-05,8.32667e-17,3.25058e-05,2.96643e-04,9.43690e-16,4.44860e-07,9.74671e-06,2.22045e-16,5.22731e-05,3.88578e-16,1.41650e-05,4.67517e-05,3.06468e-05,1.70587e-08,4.77630e-05,4.79799e-05,1.11022e-16,4.87750e-07,9.64327e-05
2.63598e-04,1.72749e-05,1.24900e-16,3.37304e-05,2.65075e-04,9.99201e-16,6.98284e-07,8.53451e-06,1.99840e-15,5.81506e-05,5.55112e-16,1.46338e-05,4.88160e-05,2.50896e-05,6.77938e-08,4.25162e-05,5.19230e-05,2.49800e-16,4.89898e-07,1.30719e-04
4.16863e-04,2.16651e-05,9.71445e-17,3.63020e-05,2.30851e-04,1.11022e-16,1.26812e-05,8.22049e-06,2.22045e-15,6.96181e-05,6.66134e-16,1.52329e-05,4.42889e-05,2.80916e-05,1.20565e-07,5.09440e-05,5.02304e-05,1.66533e-16,4.87750e-07,1.88726e-04
6.55169e-04,1.87035e-05,6.93889e-17,3.88845e-05,2.00495e-04,1.11022e-15,2.04719e-05,9.06494e-06,1.55431e-15,7.06752e-05,4.44089e-16,1.58199e-05,4.55369e-05,2.84466e-05,1.36470e-07,4.19122e-05,5.17894e-05,2.77556e-16,1.88730e-06,2.55589e-04
9.98304e-04,1.61558e-05,1.24900e-16,3.67301e-05,1.71699e-04,1.16573e-15,1.68405e-05,9.80650e-06,2.66454e-15,7.54859e-05,5.55112e-16,1.65471e-05,4.95787e-05,3.26916e-05,2.99827e-07,4.01173e-05,5.30582e-05,8.32667e-17,4.91833e-07,3.38002e-04
1.49487e-03,1.99134e-05,9.71445e-17,3.75061e-05,1.43690e-04,6.10623e-16,2.15001e-05,1.19344e-05,3.10862e-15,6.54514e-05,6.66134e-16,1.73224e-05,5.05955e-05,2.89593e-05,2.75862e-07,4.99639e-05,5.81909e-05,1.38778e-16,3.63124e-06,4.28226e-04
2.19850e-03,1.75920e-05,9.71445e-17,3.76844e-05,1.21795e-04,1.11022e-16,1.89136e-05,1.39733e-05,2.22045e-15,5.98155e-05,5.55112e-17,1.84346e-05,4.26868e-05,2.60913e-05,2.11232e-07,3.96874e-05,5.03746e-05,2.49800e-16,1.02098e-06,5.24381e-04
3.17767e-03,1.31219e-05,1.11022e-16,3.53466e-05,1.05113e-04,1.22125e-15,1.68223e-05,1.32679e-05,1.99840e-15,6.42817e-05,5.55112e-16,1.94772e-05,4.84957e-05,2.75530e-05,6.06969e-07,3.89478e-05,4.92925e-05,2.22045e-16,5.17204e-07,6.20963e-04
4.51114e-03,1.25311e-05,1.80411e-16,3.03859e-05,8.93989e-05,7.77156e-16,1.95537e-05,1.37543e-05,1.33227e-15,6.90666e-05,3.88578e-16,2.01958e-05,4.39066e-05,2.92163e-05,5.85637e-07,3.85083e-05,5.28240e-05,3.33067e-16,1.22087e-05,7.11927e-04
6.28304e-03,1.47398e-05,1.11022e-16,3.12314e-05,7.43427e-05,4.99600e-16,2.19566e-05,1.35561e-05,0.00000e+00,6.84917e-05,7.21645e-16,2.06683e-05,4.70618e-05,2.87972e-05,1.58089e-06,3.81681e-05,5.47040e-05,1.66533e-16,4.55775e-06,7.94550e-04
8.58643e-03,1.29110e-05,9.71445e-17,3.80993e-05,6.09498e-05,8.32667e-16,2.22960e-05,1.33697e-05,2.66454e-15,8.21842e-05,1.66533e-16,2.13028e-05,4.80504e-05,3.16255e-05,1.97863e-06,3.68171e-05,5.37293e-05,2.77556e-16,1.03720e-05,8.66626e-04
1.14844e-02,1.56886e-05,2.77556e-17,3.83418e-05,5.58477e-05,6.66134e-16,2.31753e-05,1.47042e-05,1.11022e-15,7.93536e-05,3.88578e-16,2.21838e-05,4.78784e-05,3.39464e-05,5.89824e-06,3.66007e-05,5.58656e-05,1.38778e-16,1.04116e-05,9.24874e-04
1.49672e-02,1.47015e-05,1.94289e-16,3.94590e-05,4.71981e-05,1.11022e-15,2.52152e-05,2.47772e-05,2.44249e-15,7.33854e-05,1.66533e-16,2.31388e-05,5.71955e-05,2.77730e-05,9.50548e-06,3.92196e-05,5.49932e-05,1.66533e-16,1.78985e-05,9.73678e-04
1.89709e-02,1.66606e-05,9.71445e-17,4.56763e-05,4.81500e-05,3.88578e-16,2.54322e-05,2.14372e-05,3.84187e-07,8.45287e-05,2.77556e-16,2.37870e-05,5.71043e-05,3.05436e-05,9.90810e-06,3.89424e-05,5.76713e-05,3.33067e-16,1.96133e-05,1.01929e-03
2.33481e-02,2.04362e-05,6.93889e-17,4.99191e-05,4.22315e-05,2.77556e-16,2.95720e-05,2.96650e-05,3.84187e-07,8.71786e-05,4.99600e-16,2.44220e-05,5.58793e-05,3.25462e-05,8.93715e-06,4.02596e-05,5.60832e-05,1.66533e-16,3.16820e-05,1.05641e-03
2.78694e-02,1.78752e-05,8.32667e-17,4.29773e-05,4.16166e-05,6.66134e-16,3.10886e-05,2.55651e-05,7.68375e-07,9.44033e-05,3.33067e-16,2.52062e-05,5.11641e-05,2.90334e-05,1.11058e-05,4.71252e-05,5.61719e-05,1.66533e-16,2.36347e-05,1.08482e-03
3.22497e-02,1.96177e-05,9.71445e-17,4.63533e-05,3.67356e-05,4.99600e-16,2.82948e-05,3.20991e-05,1.77636e-15,7.58768e-05,2.77556e-16,2.64591e-05,5.05679e-05,2.94967e-05,1.15109e-05,4.98847e-05,4.53884e-05,1.38778e-16,2.12633e-05,1.10685e-03
3.62371e-02,3.02927e-05,1.52246e-06,4.09910e-05,3.49976e-05,1.22474e-06,3.10817e-05,2.88800e-05,4.99444e-06,7.66030e-05,1.66533e-16,2.77980e-05,4.37583e-05,2.39473e-05,1.44190e-05,4.12343e-05,5.13841e-05,1.10878e-06,2.24044e-05,1.11997e-03
3.95807e-02,3.19684e-05,1.43044e-06,4.16701e-05,3.40015e-05,1.85742e-07,3.18482e-05,3.45509e-05,8.83631e-06,7.37883e-05,0.00000e+00,2.89618e-05,4.39238e-05,3.40176e-05,1.81502e-05,4.04283e-05,5.10790e-05,3.58231e-06,2.82069e-05,1.12354e-03
4.21303e-02,3.89157e-05,7.02423e-07,4.22159e-05,3.31681e-05,4.26396e-06,3.12251e-05,3.07076e-05,1.69042e-05,7.39897e-05,4.44089e-16,2.97339e-05,4.19698e-05,3.12619e-05,2.93698e-05,4.08293e-05,5.24371e-05,3.12128e-06,2.47724e-05,1.11732e-03
4.37907e-02,3.48493e-05,5.02532e-06,4.95517e-05,2.95336e-05,5.51759e-06,2.92673e-05,2.19173e-05,1.53675e-06,7.22048e-05,6.10623e-16,8.58705e-05,4.35283e-05,3.18516e-05,3.40224e-05,3.88452e-05,5.09781e-05,1.79144e-06,2.66031e-05,1.10850e-03
4.45768e-02,3.00817e-05,1.14336e-04,4.86580e-05,1.36352e-04,4.79557e-06,3.07767e-05,2.24507e-05,4.65371e-05,6.84316e-05,2.77556e-16,8.33760e-05,4.98449e-05,3.62322e-05,4.72871e-05,4.12866e-05,5.23195e-05,1.68377e-04,4.81994e-05,1.09881e-03
4.45361e-02,6.82830e-05,3.63206e-04,4.96052e-05,3.23787e-04,1.47517e-05,3.09219e-05,1.86614e-05,1.10890e-04,1.88515e-04,2.22045e-16,1.79654e-04,5.20131e-05,3.69177e-05,5.16219e-05,4.00396e-05,5.15019e-05,2.02025e-04,3.75783e-05,1.07342e-03
4.37783e-02,7.17209e-05,7.68970e-04,4.76912e-05,4.92664e-04,1.26084e-05,3.25423e-05,2.43585e-05,2.94199e-04,6.37238e-04,1.66533e-16,2.08651e-04,5.42278e-05,3.78330e-05,5.39067e-05,3.85965e-05,5.66713e-05,2.55098e-04,3.69416e-05,1.04336e-03
4.24433e-02,5.15245e-05,1.26863e-03,4.99035e-05,7.39025e-04,1.56225e-05,3.99914e-05,2.07146e-05,6.87921e-04,1.25274e-03,6.10623e-16,2.36036e-04,5.34555e-05,2.04322e-04,5.61996e-05,3.98718e-05,5.16151e-05,3.40165e-04,3.88314e-05,1.00772e-03
4.06507e-02,5.20632e-05,1.68674e-03,4.64449e-05,1.03585e-03,1.41653e-05,3.89521e-05,2.28812e-05,1.05258e-03,2.33556e-03,1.66533e-16,2.75084e-04,4.82461e-05,3.28902e-04,6.06690e-05,4.46776e-05,5.22464e-05,4.75320e-04,3.55558e-05,9.68262e-04
3.85391e-02,8.08835e-05,1.99466e-03,4.29217e-05,1.36517e-03,1.25470e-05,3.47192e-05,2.02860e-05,1.41308e-03,3.77950e-03,2.77556e-16,3.52155e-04,4.80436e-05,4.25303e-04,6.69548e-05,4.02129e-05,4.45864e-05,6.67693e-04,2.77671e-05,9.19165e-04
3.62168e-02,1.21896e-04,2.20310e-03,4.26397e-05,1.72168e-03,1.56182e-05,3.08832e-05,1.88545e-05,1.81076e-03,5.26959e-03,3.33067e-16,4.98491e-04,5.79010e-05,5.31591e-04,7.35322e-05,4.23038e-05,4.24909e-05,8.48488e-04,2.77998e-05,8.66278e-04
3.37897e-02,1.95499e-04,2.33821e-03,4.17183e-05,2.11293e-03,1.68829e-05,3.16679e-05,1.75629e-05,2.17110e-03,6.76702e-03,3.33067e-16,7.32914e-04,6.77351e-05,6.60822e-04,7.90191e-05,4.47428e-05,4.66089e-05,1.02384e-03,4.19860e-05,8.15306e-04
3.13394e-02,2.74119e-04,2.43505e-03,3.95933e-05,2.49264e-03,1.62033e-05,3.40582e-05,1.75129e-05,2.47563e-03,8.29995e-03,6.10623e-16,1.09605e-03,9.03221e-05,8.01055e-04,8.46603e-05,4.98393e-05,5.71046e-05,1.19616e-03,3.88362e-05,7.54927e-04
2.89155e-02,3.42626e-04,2.50410e-03,3.78781e-05,2.82837e-03,1.89850e-05,3.49005e-05,2.14632e-05,2.70106e-03,9.88683e-03,1.66533e-16,1.60177e-03,1.21909e-04,9.41017e-04,9.10377e-05,5.15658e-05,5.39615e-05,1.35116e-03,3.60134e-05,6.94657e-04
2.65608e-02,3.94294e-04,2.52539e-03,3.82696e-05,3.17473e-03,1.93566e-05,3.41683e-05,2.24491e-05,3.05866e-03,1.14737e-02,1.66533e-16,2.23412e-03,1.50811e-04,1.05968e-03,1.00342e-04,5.13959e-05,5.00427e-05,1.46739e-03,3.73498e-05,6.39440e-04
2.43077e-02,4.27472e-04,2.50398e-03,3.90193e-05,3.46993e-03,2.20594e-05,2.99112e-05,2.52274e-05,3.53310e-03,1.30330e-02,6.10623e-16,2.96652e-03,1.84051e-04,1.17479e-03,1.09610e-04,5.17498e-05,1.20209e-04,1.68015e-03,4.31128e-05,5.79808e-04
2.21787e-02,4.57747e-04,2.45278e-03,4.45895e-05,3.76458e-03,2.66609e-05,3.12127e-05,2.64112e-05,4.10550e-03,1.44956e-02,2.77556e-16,3.79561e-03,2.08428e-04,1.28397e-03,1.17643e-04,5.05468e-05,1.68945e-04,1.76448e-03,3.64909e-05,5.33899e-04
2.01924e-02,4.56987e-04,2.36975e-03,5.37505e-05,4.09977e-03,2.33381e-05,3.30019e-05,2.81950e-05,4.76646e-03,1.58030e-02,5.55112e-16,4.70583e-03,2.35618e-04,1.39996e-03,1.19313e-04,5.80107e-05,1.99911e-04,1.82908e-03,3.75070e-05,4.90509e-04
1.83449e-02,4.49495e-04,2.26361e-03,4.86284e-05,4.47755e-03,2.15260e-05,3.43026e-05,3.01965e-05,5.45298e-03,1.69575e-02,5.55112e-17,5.68138e-03,2.53616e-04,1.52821e-03,1.25851e-04,5.78069e-05,1.91353e-04,1.88258e-03,4.20955e-05,4.52756e-04
1.66438e-02,4.22607e-04,2.14550e-03,5.19776e-05,4.96284e-03,1.89434e-05,3.15182e-05,3.04447e-05,6.19123e-03,1.79281e-02,0.00000e+00,6.71828e-03,2.80534e-04,1.66738e-03,1.30907e-04,5.09876e-05,2.14109e-04,1.91666e-03,3.24173e-05,4.15575e-04
1.50766e-02,3.93801e-04,2.00249e-03,5.28413e-05,5.55991e-03,1.98775e-05,3.50406e-05,3.16740e-05,6.96264e-03,1.87312e-02,2.77556e-16,7.80833e-03,2.91785e-04,1.80009e-03,1.31279e-04,5.93114e-05,2.27655e-04,1.92326e-03,2.99087e-05,3.81869e-04
1.36529e-02,3.62672e-04,1.84371e-03,5.16143e-05,6.26700e-03,2.30079e-05,3.78026e-05,3.33851e-05,7.80826e-03,1.93555e-02,2.22045e-16,8.94839e-03,2.97765e-04,1.93179e-03,1.31003e-04,6.23253e-05,2.38550e-04,1.90876e-03,3.83917e-05,3.55713e-04
1.23671e-02,3.41148e-04,1.68358e-03,5.33216e-05,7.02201e-03,2.31001e-05,3.74112e-05,3.34793e-05,8.70712e-03,1.98565e-02,3.33067e-16,1.01411e-02,3.09298e-04,2.04576e-03,1.33286e-04,6.76919e-05,2.33872e-04,1.88672e-03,3.81097e-05,3.32178e-04
1.12119e-02,3.12695e-04,1.54938e-03,5.54196e-05,7.68489e-03,2.63429e-05,3.67933e-05,3.40813e-05,9.64624e-03,2.02166e-02,2.22045e-16,1.13853e-02,3.38295e-04,2.15022e-03,1.26789e-04,7.23607e-05,2.22049e-04,1.84476e-03,4.40124e-05,3.15034e-04
1.01844e-02,2.88908e-04,1.42148e-03,6.02159e-05,8.18618e-03,2.48523e-05,3.99882e-05,3.24067e-05,1.05938e-02,2.04955e-02,6.10623e-16,1.26775e-02,3.43222e-04,2.23965e-03,1.18894e-04,7.52454e-05,2.29627e-04,1.80930e-03,4.32601e-05,2.99421e-04
9.28049e-03,2.70728e-04,1.30391e-03,6.82551e-05,8.50700e-03,2.55960e-05,3.96073e-05,4.22016e-05,1.15046e-02,2.06356e-02,4.99600e-16,1.40003e-02,3.45976e-04,2.31426e-03,1.08748e-04,8.66724e-05,2.45099e-04,1.78126e-03,4.06287e-05,2.78675e-04
8.47903e-03,2.54089e-04,1.21317e-03,6.90388e-05,8.65647e-03,2.51237e-05,3.65321e-05,3.73808e-05,1.23407e-02,2.07885e-02,3.33067e-16,1.53610e-02,3.63276e-04,2.37288e-03,9.94252e-05,9.15382e-05,2.51689e-04,1.76429e-03,4.17024e-05,2.61684e-04
7.79247e-03,2.45181e-04,1.13014e-03,8.15448e-05,8.66967e-03,2.29966e-05,3.76875e-05,4.06203e-05,1.30574e-02,2.09050e-02,3.88578e-16,1.67528e-02,3.77953e-04,2.41085e-03,9.38477e-05,9.99966e-05,2.81465e-04,1.75265e-03,4.40011e-05,2.51856e-04
7.20049e-03,2.27723e-04,1.05844e-03,8.72666e-05,8.60119e-03,2.46920e-05,3.70912e-05,5.04245e-05,1.36712e-02,2.10776e-02,5.55112e-16,1.81504e-02,3.82693e-04,2.43428e-03,8.48313e-05,1.03530e-04,3.12528e-04,1.76094e-03,4.17827e-05,2.35880e-04
6.69991e-03,2.30244e-04,1.00274e-03,7.14482e-05,8.48192e-03,2.59842e-05,3.99380e-05,4.21693e-05,1.41689e-02,2.12572e-02,6.10623e-16,1.95064e-02,3.78866e-04,2.42903e-03,7.40508e-05,1.34692e-04,3.49685e-04,1.78507e-03,3.61795e-05,2.27323e-04
6.27827e-03,2.15704e-04,9.50787e-04,5.70798e-05,8.33220e-03,2.37627e-05,3.81469e-05,4.15791e-05,1.45652e-02,2.15324e-02,3.88578e-16,2.08324e-02,3.77299e-04,2.40719e-03,6.51401e-05,1.33049e-04,3.84758e-04,1.81333e-03,3.40442e-05,2.13823e-04
5.92869e-03,2.13281e-04,8.99792e-04,5.77893e-05,8.14644e-03,2.25346e-05,4.24223e-05,4.23811e-05,1.48492e-02,2.18740e-02,4.99600e-16,2.21247e-02,3.82149e-04,2.36224e-03,5.97758e-05,1.60355e-04,4.33165e-04,1.85753e-03,3.79811e-05,2.01325e-04
5.64150e-03,2.03825e-04,8.49799e-04,6.13977e-05,7.93103e-03,2.59857e-05,3.83198e-05,4.83945e-05,1.50519e-02,2.22976e-02,7.21645e-16,2.33751e-02,3.70250e-04,2.30895e-03,5.65328e-05,1.74318e-04,4.82048e-04,1.91409e-03,3.78027e-05,1.84037e-04
5.40948e-03,1.90445e-04,8.01034e-04,8.90079e-05,7.66715e-03,2.63350e-05,4.05992e-05,4.59869e-05,1.51666e-02,2.27899e-02,3.88578e-16,2.45743e-02,3.72444e-04,2.24371e-03,5.18144e-05,1.96615e-04,5.32579e-04,1.97304e-03,3.66611e-05,1.78539e-04
5.21363e-03,1.92971e-04,7.65106e-04,8.32289e-05,7.36594e-03,2.70675e-05,3.95194e-05,4.79295e-05,1.51841e-02,2.33392e-02,4.44089e-16,2.57146e-02,3.68731e-04,2.17169e-03,5.08056e-05,2.03777e-04,5.84863e-04,2.05993e-03,4.10828e-05,1.75546e-04
5.06313e-03,1.93559e-04,7.22461e-04,1.09047e-04,7.02144e-03,2.66651e-05,4.00829e-05,5.55333e-05,1.51282e-02,2.38940e-02,3.33067e-16,2.67923e-02,3.61927e-04,2.09123e-03,4.98048e-05,2.08736e-04,6.38684e-04,2.15786e-03,4.18281e-05,1.58057e-04
4.92617e-03,1.65523e-04,6.70132e-04,9.65998e-05,6.63277e-03,2.71163e-05,4.07650e-05,5.00777e-05,1.49925e-02,2.44819e-02,4.99600e-16,2.78059e-02,3.61524e-04,2.01174e-03,4.60985e-05,2.20760e-04,6.70354e-04,2.27968e-03,4.80300e-05,1.60434e-04
4.81009e-03,1.73419e-04,6.20129e-04,1.13944e-04,6.20215e-03,3.06057e-05,4.44512e-05,5.90817e-05,1.48309e-02,2.50213e-02,1.11022e-16,2.87523e-02,3.61886e-04,1.93104e-03,4.27817e-05,2.15208e-04,7.11470e-04,2.41993e-03,6.72600e-05,1.53639e-04
4.69946e-03,1.73471e-04,5.83387e-04,1.23667e-04,5.76668e-03,2.66965e-05,3.78864e-05,6.51455e-05,1.46067e-02,2.55854e-02,3.33067e-16,2.96146e-02,3.56940e-04,1.84875e-03,4.31433e-05,2.15501e-04,7.33959e-04,2.56540e-03,9.78715e-05,1.48079e-04
4.59714e-03,1.64456e-04,5.44770e-04,1.06282e-04,5.31951e-03,2.53639e-05,3.71637e-05,5.23102e-05,1.43901e-02,2.61161e-02,0.00000e+00,3.03944e-02,3.61723e-04,1.76429e-03,4.26241e-05,2.18788e-04,7.60921e-04,2.73410e-03,1.45790e-04,1.33133e-04
4.49723e-03,1.56303e-04,5.04710e-04,8.80512e-05,4.87397e-03,2.63701e-05,3.83835e-05,5.44987e-05,1.41682e-02,2.65714e-02,4.99600e-16,3.10957e-02,3.54893e-04,1.69070e-03,4.40905e-05,2.18558e-04,7.75042e-04,2.90615e-03,2.17074e-04,1.30478e-04
4.38825e-03,1.70172e-04,4.67461e-04,9.46595e-05,4.45040e-03,2.68596e-05,3.97189e-05,5.31048e-05,1.39550e-02,2.69935e-02,1.66533e-16,3.17181e-02,3.59698e-04,1.62607e-03,4.16218e-05,2.21765e-04,7.87575e-04,3.07500e-03,3.16849e-04,1.30334e-04
4.28567e-03,1.61200e-04,4.34703e-04,9.69782e-05,4.04739e-03,2.92334e-05,3.87068e-05,5.76658e-05,1.37477e-02,2.73904e-02,3.88578e-16,3.22498e-02,3.54585e-04,1.56417e-03,3.95830e-05,2.12025e-04,7.94669e-04,3.24087e-03,4.50817e-04,1.25020e-04
4.17342e-03,1.63999e-04,4.08550e-04,9.44709e-05,3.66505e-03,2.50131e-05,3.68397e-05,6.29091e-05,1.35453e-02,2.77151e-02,6.10623e-16,3.26978e-02,3.51348e-04,1.51046e-03,4.32023e-05,2.01893e-04,7.94913e-04,3.40289e-03,6.00045e-04,1.31480e-04
4.05982e-03,1.62452e-04,3.77556e-04,1.11416e-04,3.30965e-03,2.51445e-05,3.69325e-05,5.57747e-05,1.33513e-02,2.80129e-02,3.33067e-16,3.30700e-02,3.55862e-04,1.46789e-03,4.22434e-05,1.96039e-04,7.91589e-04,3.54969e-03,7.83682e-04,1.30999e-04
3.94460e-03,1.46987e-04,3.44666e-04,1.08018e-04,2.99395e-03,2.75855e-05,4.69071e-05,6.75577e-05,1.31295e-02,2.82261e-02,2.77556e-16,3.33378e-02,3.48319e-04,1.43209e-03,4.60905e-05,1.84115e-04,7.81789e-04,3.67737e-03,9.77573e-04,1.39019e-04
3.82857e-03,1.42345e-04,3.17868e-04,1.19557e-04,2.70680e-03,2.80938e-05,4.67033e-05,7.68567e-05,1.28953e-02,2.83597e-02,4.99600e-16,3.35000e-02,3.49971e-04,1.41392e-03,4.53498e-05,1.78464e-04,7.78486e-04,3.78523e-03,1.18929e-03,1.32082e-04
3.71365e-03,1.47736e-04,2.99767e-04,1.19610e-04,2.44217e-03,3.05062e-05,5.02328e-05,7.72063e-05,1.26289e-02,2.84493e-02,6.10623e-16,3.35846e-02,3.48306e-04,1.40498e-03,4.63111e-05,1.68738e-04,7.68908e-04,3.86764e-03,1.40521e-03,1.42135e-04
3.60123e-03,1.45750e-04,2.78639e-04,1.09539e-04,2.21270e-03,3.09201e-05,5.08081e-05,8.53129e-05,1.23342e-02,2.84946e-02,3.88578e-16,3.36031e-02,3.49059e-04,1.40798e-03,4.68042e-05,1.55448e-04,7.64282e-04,3.92400e-03,1.62551e-03,1.29063e-04
3.49236e-03,1.38388e-04,2.54525e-04,1.07001e-04,2.00236e-03,2.92336e-05,5.02089e-05,6.92071e-05,1.20190e-02,2.84706e-02,2.22045e-16,3.35501e-02,3.48234e-04,1.42408e-03,4.84781e-05,1.42157e-04,7.77662e-04,3.94256e-03,1.84622e-03,1.30073e-04
3.38962e-03,1.46002e-04,2.38194e-04,9.70244e-05,1.80860e-03,2.60192e-05,4.57529e-05,6.38443e-05,1.16835e-02,2.84370e-02,1.70587e-08,3.34229e-02,3.43145e-04,1.45714e-03,5.08915e-05,1.32707e-04,7.94145e-04,3.93218e-03,2.03597e-03,1.37372e-04
3.29012e-03,1.49071e-04,2.26841e-04,8.90971e-05,1.64006e-03,2.57644e-05,5.09430e-05,5.94260e-05,1.13372e-02,2.83488e-02,1.40000e-08,3.32283e-02,3.46526e-04,1.50009e-03,5.63214e-05,1.32025e-04,8.37131e-04,3.88920e-03,2.21969e-03,1.27596e-04
3.19211e-03,1.51079e-04,2.26364e-04,8.87266e-05,1.48605e-03,2.82459e-05,5.05217e-05,5.98525e-05,1.09857e-02,2.82330e-02,7.19653e-08,3.29735e-02,3.55175e-04,1.55501e-03,6.37969e-05,1.29933e-04,9.04281e-04,3.82383e-03,2.40019e-03,1.36983e-04
3.10313e-03,1.43552e-04,2.46540e-04,1.00365e-04,1.56530e-03,2.94774e-05,4.93749e-05,6.09218e-05,1.06147e-02,2.80353e-02,1.51588e-07,3.26782e-02,3.51673e-04,1.61836e-03,7.00383e-05,1.29186e-04,1.00580e-03,3.71244e-03,2.51698e-03,1.30385e-04
3.01792e-03,1.58393e-04,4.56003e-03,1.12726e-04,6.96142e-03,2.95117e-05,5.66159e-05,6.06772e-05,1.02478e-02,2.78140e-02,2.86515e-07,3.23500e-02,3.58438e-04,1.68736e-03,7.15445e-05,1.37522e-04,1.16646e-03,3.59532e-03,2.61510e-03,1.29043e-04
2.94033e-03,1.52383e-04,5.48908e-02,9.22728e-05,9.75075e-02,2.67050e-05,5.25543e-05,6.34964e-05,9.89560e-03,2.75650e-02,2.53478e-07,3.20060e-02,3.67580e-04,1.76789e-03,7.29179e-05,1.43094e-04,1.40781e-03,3.43913e-03,2.67571e-03,1.36410e-04
2.86484e-03,1.03203e-03,2.58165e-01,1.89777e-04,7.77152e-01,1.01169e-03,2.41389e-03,4.70151e-04,9.56187e-03,2.73244e-02,1.19317e-04,3.16840e-02,3.73684e-04,1.85591e-03,7.53108e-04,1.68131e-04,1.74959e-03,3.28201e-03,2.71552e-03,1.42742e-04
2.79862e-03,5.57801e-03,5.53146e-01,3.46856e-03,2.39482e+00,5.92810e-03,5.88220e-02,5.34103e-03,9.34191e-03,2.74374e-02,1.36669e-03,3.14356e-02,3.86493e-04,1.98892e-03,2.28361e-03,1.83816e-04,2.24978e-03,3.12831e-03,6.77943e-03,1.39900e-04
2.85581e-03,1.21053e-02,9.69545e-01,1.83270e-02,4.10817e+00,1.36328e-02,5.48236e-01,1.40680e-02,9.66868e-03,2.88982e-02,3.47674e-03,3.12854e-02,3.79086e-04,3.32307e-03,3.23778e-03,7.00321e-04,3.05321e-03,4.10389e-03,1.62969e-02,1.68456e-03
3.53015e-03,1.11704e-02,1.69386e+00,4.81956e-02,6.10434e+00,2.72183e-02,9.25727e-01,1.82494e-02,1.04547e-02,3.38868e-02,6.09852e-03,3.12393e-02,1.28096e-03,5.52183e-03,4.16398e-03,2.17708e-03,4.10916e-03,4.50257e-03,2.96289e-02,6.11561e-03
4.21160e-03,1.09143e-02,2.42473e+00,6.23546e-02,9.53126e+00,4.28178e-02,1.04739e+00,2.05244e-02,1.15805e-02,4.35124e-02,7.98471e-03,3.13024e-02,2.74389e-03,7.82859e-03,5.60088e-03,4.63795e-03,5.33498e-03,5.12495e-03,4.02464e-02,1.18642e-02
4.72028e-03,1.28099e-02,2.71427e+00,5.41276e-02,1.40227e+01,5.49113e-02,1.15725e+00,2.21468e-02,1.30012e-02,5.67846e-02,9.13229e-03,3.15504e-02,4.32502e-03,1.03414e-02,7.37989e-03,8.65616e-03,6.64794e-03,6.79280e-03,4.84632e-02,2.36985e-02
5.39741e-03,1.58907e-02,2.57215e+00,4.18531e-02,1.65272e+01,6.95530e-02,1.27563e+00,2.25331e-02,1.44612e-02,7.15777e-02,9.91020e-03,3.21411e-02,6.79307e-03,1.30702e-02,9.09201e-03,1.41969e-02,8.05027e-03,1.06537e-02,5.57763e-02,3.96790e-02
6.43209e-03,1.94652e-02,2.17798e+00,3.72865e-02,1.65361e+01,1.09163e-01,1.38732e+00,2.19607e-02,1.58086e-02,8.56002e-02,1.05695e-02,3.32508e-02,9.38446e-03,1.58633e-02,1.06071e-02,2.04749e-02,9.64481e-03,3.07515e-02,6.28032e-02,5.15984e-02
7.96383e-03,2.56125e-02,1.71654e+00,4.59325e-02,1.48987e+01,1.86564e-01,1.43331e+00,2.11156e-02,1.70508e-02,9.66214e-02,1.12817e-02,3.50517e-02,1.10282e-02,1.86115e-02,1.21639e-02,2.82863e-02,1.14311e-02,2.87425e+00,6.96320e-02,5.60673e-02
1.00206e-02,3.13761e-02,1.30417e+00,6.95126e-02,1.25564e+01,2.79571e-01,1.40697e+00,2.01563e-02,1.83480e-02,1.03951e-01,1.27457e-02,3.76150e-02,1.16974e-02,2.12403e-02,1.49608e-02,3.81895e-02,1.33742e-02,1.37937e+01,7.61743e-02,5.56458e-02
1.24956e-02,3.60907e-02,9.80221e-01,1.10898e-01,1.01561e+01,3.84115e-01,1.35331e+00,1.98303e-02,1.99301e-02,1.08305e-01,1.75384e-02,4.10741e-02,1.19412e-02,2.39859e-02,1.78956e-02,4.84545e-02,1.54825e-02,1.89781e+01,8.22670e-02,5.45894e-02
1.52247e-02,1.30475e-01,7.41291e-01,1.88263e-01,8.02605e+00,5.02965e-01,1.36190e+00,2.27355e-02,2.20639e-02,1.13587e-01,3.02979e-02,4.56102e-02,1.23090e-02,2.72079e-02,2.10534e-02,5.82728e-02,1.76949e-02,1.87627e+01,1.01741e-01,5.51749e-02
1.80665e-02,2.31921e-01,5.72465e-01,3.90675e-01,6.27679e+00,6.93465e-01,1.65100e+00,3.12453e-02,2.52866e-02,1.21562e-01,7.95882e-02,5.12564e-02,1.31220e-02,3.11427e-02,3.20129e-02,7.15122e-02,1.99913e-02,1.60330e+01,1.53903e-01,5.77432e-02
2.10802e-02,6.93505e-01,4.52773e-01,8.71389e-01,4.90396e+00,1.04326e+00,2.22263e+00,5.40789e-02,3.04684e-02,1.43994e-01,3.04156e-01,5.86493e-02,1.44415e-02,3.60853e-02,7.93170e-02,9.54164e-02,2.22980e-02,1.28121e+01,2.80677e-01,6.14926e-02
2.46883e-02,1.42217e+00,3.68230e-01,1.56127e+00,3.84717e+00,1.59337e+00,3.24100e+00,1.47618e-01,3.82936e-02,1.84813e-01,9.07412e-01,6.65132e-02,1.63935e-02,4.21400e-02,1.55643e-01,1.36611e-01,2.45686e-02,9.95340e+00,1.02303e+00,6.54303e-02
2.86706e-02,2.96212e+00,3.35410e-01,2.28158e+00,3.07447e+00,2.47902e+00,5.09646e+00,3.20134e-01,4.91873e-02,2.58412e-01,1.56400e+00,7.57487e-02,1.91552e-02,4.96261e-02,2.09498e-01,1.95382e-01,2.67161e-02,7.58326e+00,5.87513e+00,6.97070e-02
3.32091e-02,5.78338e+00,3.38531e-01,2.70005e+00,2.54321e+00,3.47706e+00,7.48327e+00,3.78126e-01,6.16771e-02,3.62512e-01,1.94940e+00,8.65510e-02,2.23265e-02,5.71640e-02,2.83086e-01,2.65305e-01,2.86649e-02,5.77370e+00,1.48074e+01,7.43141e-02
3.82622e-02,8.87677e+00,3.49647e-01,3.12001e+00,2.13990e+00,4.27080e+00,9.65454e+00,3.81324e-01,7.44390e-02,4.73368e-01,2.09993e+00,1.00046e-01,2.58685e-02,6.52402e-02,3.56585e-01,3.40797e-01,3.03614e-02,4.46578e+00,2.26040e+01,7.97418e-02
4.42148e-02,1.13120e+01,3.40338e-01,3.80083e+00,1.85910e+00,4.64798e+00,1.06524e+01,3.74798e-01,8.57816e-02,5.68560e-01,2.24729e+00,1.18045e-01,2.98008e-02,7.42703e-02,4.28647e-01,4.26989e-01,3.17948e-02,3.48039e+00,2.58596e+01,8.62607e-02
5.15725e-02,1.27709e+01,3.17468e-01,4.92958e+00,1.66089e+00,4.49175e+00,1.07065e+01,3.71741e-01,9.42592e-02,6.38139e-01,2.44127e+00,1.43021e-01,3.36626e-02,8.44633e-02,5.55525e-01,5.21138e-01,3.29083e-02,2.73320e+00,2.42056e+01,9.38097e-02
6.02658e-02,1.37337e+01,2.93183e-01,6.62395e+00,1.49913e+00,3.96545e+00,1.00241e+01,3.86819e-01,9.93943e-02,6.83037e-01,2.61167e+00,1.77125e-01,3.69061e-02,9.65805e-02,8.26081e-01,5.99235e-01,3.36849e-02,2.17598e+00,2.08126e+01,1.02295e-01
6.96578e-02,1.48916e+01,2.71736e-01,8.60280e+00,1.34811e+00,3.31306e+00,8.81777e+00,5.22564e-01,1.01414e-01,7.08598e-01,2.75252e+00,2.21399e-01,3.95171e-02,1.12100e-01,1.54260e+00,6.38220e-01,3.41246e-02,1.76055e+00,1.79085e+01,1.11566e-01
7.87126e-02,1.68008e+01,2.51465e-01,1.03553e+01,1.20032e+00,2.69121e+00,7.50386e+00,1.68754e+00,1.00977e-01,7.20718e-01,2.90882e+00,2.74351e-01,4.16843e-02,1.32471e-01,4.08176e+00,6.40186e-01,3.42550e-02,1.44847e+00,1.60763e+01,1.21245e-01
8.65486e-02,1.99903e+01,2.29487e-01,1.17519e+01,1.05885e+00,2.16373e+00,6.42342e+00,5.27963e+00,9.88601e-02,7.24780e-01,3.09060e+00,3.32213e-01,4.36264e-02,1.58085e-01,9.33746e+00,6.32089e-01,3.41123e-02,1.21340e+00,1.50038e+01,1.30668e-01
9.27715e-02,2.42082e+01,2.05194e-01,1.30390e+01,9.28696e-01,1.74198e+00,5.73016e+00,1.04928e+01,9.59571e-02,7.25212e-01,3.24733e+00,3.90848e-01,4.54090e-02,1.87134e-01,1.41120e+01,6.43348e-01,3.37451e-02,1.03738e+00,1.40985e+01,1.39283e-01
9.74355e-02,2.78885e+01,1.80030e-01,1.41296e+01,8.12645e-01,1.41660e+00,5.41433e+00,1.54190e+01,9.62270e-02,7.24874e-01,3.32532e+00,4.47080e-01,4.71267e-02,2.15896e-01,1.68490e+01,6.89225e-01,3.31788e-02,9.09081e-01,1.29744e+01,1.46541e-01
1.00830e-01,2.95465e+01,1.55829e-01,1.46890e+01,7.11169e-01,1.17457e+00,5.34072e+00,1.91818e+01,2.23617e-01,7.25590e-01,3.31641e+00,4.99162e-01,4.88158e-02,2.40295e-01,1.83951e+01,7.64252e-01,3.24489e-02,8.22045e-01,1.15862e+01,1.52306e-01
1.03234e-01,2.89389e+01,1.33917e-01,1.49348e+01,6.23361e-01,1.00760e+00,5.34257e+00,2.19607e+01,1.41616e+00,7.28670e-01,3.24774e+00,5.46710e-01,5.05407e-02,2.57622e-01,1.95633e+01,8.45134e-01,3.16136e-02,7.73787e-01,1.00748e+01,1.56560e-01
1.04843e-01,2.67390e+01,1.14863e-01,1.56449e+01,5.47600e-01,9.15142e-01,5.33817e+00,2.42302e+01,4.49413e+00,7.35892e-01,3.15065e+00,5.90102e-01,5.22814e-02,2.67065e-01,2.06676e+01,9.04247e-01,3.06694e-02,7.64834e-01,8.59631e+00,1.59523e-01
1.05714e-01,2.37909e+01,9.87392e-02,1.71197e+01,4.82119e-01,8.99598e-01,5.53705e+00,2.61832e+01,7.71287e+00,7.49435e-01,3.04041e+00,6.30387e-01,5.40693e-02,2.69368e-01,2.12818e+01,9.23635e-01,2.96470e-02,7.96535e-01,7.25057e+00,1.61567e-01
1.05860e-01,2.07165e+01,8.53078e-02,1.87700e+01,4.25257e-01,9.51130e-01,6.51943e+00,2.76574e+01,9.71087e+00,7.71644e-01,2.91580e+00,6.69932e-01,5.58776e-02,2.66148e-01,2.08098e+01,9.00419e-01,2.85535e-02,8.64412e-01,6.08016e+00,1.63049e-01
1.05330e-01,1.78614e+01,7.42305e-02,2.01300e+01,3.75601e-01,1.04320e+00,7.93387e+00,2.84226e+01,1.05765e+01,8.04291e-01,2.77015e+00,7.12056e-01,5.76469e-02,2.59294e-01,1.92815e+01,8.43075e-01,2.74083e-02,9.50007e-01,5.08984e+00,1.64426e-01
1.04235e-01,1.53730e+01,6.51484e-02,2.13876e+01,3.32052e-01,1.15521e+00,8.97691e+00,2.84154e+01,1.07200e+01,8.48300e-01,2.60168e+00,7.60830e-01,5.94294e-02,2.50658e-01,1.71937e+01,7.65162e-01,2.62426e-02,1.02309e+00,4.26537e+00,1.66097e-01
1.02831e-01,1.33055e+01,5.77265e-02,2.28308e+01,2.93745e-01,1.29026e+00,9.28815e+00,2.77418e+01,1.04150e+01,9.03599e-01,2.41589e+00,8.20736e-01,6.11518e-02,2.41899e-01,1.50091e+01,6.80242e-01,2.50990e-02,1.05759e+00,3.58490e+00,1.68374e-01
1.01838e-01,1.17139e+01,5.16551e-02,2.43593e+01,2.59968e-01,1.45998e+00,9.06053e+00,2.65845e+01,9.82971e+00,9.69496e-01,2.22203e+00,8.95120e-01,6.27090e-02,2.34342e-01,1.29782e+01,5.98720e-01,2.40347e-02,1.04441e+00,3.02506e+00,1.71360e-01
1.01245e-01,1.07002e+01,4.66998e-02,2.58164e+01,2.30216e-01,1.65110e+00,8.64441e+00,2.51344e+01,9.04704e+00,1.04517e+00,2.02924e+00,9.85871e-01,6.41979e-02,2.29070e-01,1.11856e+01,5.26942e-01,2.30890e-02,9.90178e-01,2.56475e+00,1.75109e-01
1.01220e-01,1.03914e+01,4.26088e-02,2.75249e+01,2.03984e-01,1.81746e+00,8.24389e+00,2.35568e+01,8.15780e+00,1.12973e+00,1.84461e+00,1.09390e+00,6.55187e-02,2.26786e-01,9.63560e+00,4.67387e-01,2.22885e-02,9.08893e-01,2.18548e+00,1.79520e-01
1.02602e-01,1.08518e+01,3.92366e-02,2.98864e+01,1.80893e-01,1.91670e+00,7.92498e+00,2.19658e+01,7.25985e+00,1.22156e+00,1.67282e+00,1.22323e+00,6.64229e-02,2.27732e-01,8.30467e+00,4.19723e-01,2.16625e-02,8.14671e-01,1.87194e+00,1.84320e-01
1.06071e-01,1.19700e+01,3.64234e-02,3.24629e+01,1.60593e-01,1.94056e+00,7.70281e+00,2.04174e+01,6.41249e+00,1.31809e+00,1.51654e+00,1.39033e+00,6.68946e-02,2.31610e-01,7.16309e+00,3.82183e-01,2.12213e-02,7.18278e-01,1.61171e+00,1.89183e-01
1.11382e-01,1.34851e+01,3.40710e-02,3.47109e+01,1.42772e-01,1.90796e+00,7.63589e+00,1.89657e+01,5.64392e+00,1.41550e+00,1.37697e+00,1.65067e+00,6.71220e-02,2.37575e-01,6.18300e+00,3.52482e-01,2.09739e-02,6.26584e-01,1.39486e+00,1.93830e-01
1.17308e-01,1.50878e+01,3.20919e-02,3.60502e+01,1.27155e-01,1.84476e+00,7.98388e+00,1.77163e+01,4.96807e+00,1.50861e+00,1.25435e+00,2.14204e+00,6.72333e-02,2.44433e-01,5.34085e+00,3.28632e-01,2.09395e-02,5.43215e-01,1.21344e+00,1.97939e-01
1.22407e-01,1.65073e+01,3.04012e-02,3.60604e+01,1.13480e-01,1.77165e+00,9.41960e+00,1.67034e+01,4.38864e+00,1.59153e+00,1.14843e+00,3.09224e+00,6.73457e-02,2.50895e-01,4.61728e+00,3.09220e-01,2.11201e-02,4.69592e-01,1.06109e+00,2.01311e-01
1.25801e-01,1.75903e+01,2.89594e-02,3.50299e+01,1.01519e-01,1.70062e+00,1.29849e+01,1.58981e+01,3.90003e+00,1.65852e+00,1.05857e+00,4.71233e+00,6.75921e-02,2.55834e-01,3.99676e+00,2.93282e-01,2.15622e-02,4.05803e-01,9.32705e-01,2.03818e-01
1.27311e-01,1.82929e+01,2.77174e-02,3.35019e+01,9.10715e-02,1.63536e+00,1.92664e+01,1.52302e+01,3.49502e+00,1.70460e+00,9.83925e-01,7.06246e+00,6.80913e-02,2.58509e-01,3.46607e+00,2.80273e-01,2.23296e-02,3.51212e-01,8.24206e-01,2.05431e-01
1.27273e-01,1.86146e+01,2.66378e-02,3.18281e+01,8.19456e-02,1.57418e+00,2.46677e+01,1.46054e+01,3.16952e+00,1.72683e+00,9.23307e-01,1.00077e+01,6.89717e-02,2.58610e-01,3.01339e+00,2.69811e-01,2.34895e-02,3.04808e-01,7.32216e-01,2.06222e-01
1.26179e-01,1.85687e+01,2.56915e-02,3.01864e+01,7.39961e-02,1.51386e+00,2.61012e+01,1.39562e+01,2.91909e+00,1.72444e+00,8.75261e-01,1.32673e+01,7.02535e-02,2.56093e-01,2.62821e+00,2.61848e-01,2.51176e-02,2.65566e-01,6.54002e-01,2.06265e-01
1.24663e-01,1.81963e+01,2.48536e-02,2.86710e+01,6.70675e-02,1.45224e+00,2.50936e+01,1.32590e+01,2.73259e+00,1.70233e+00,8.37871e-01,1.65130e+01,7.19230e-02,2.51205e-01,2.30099e+00,2.56297e-01,2.72421e-02,2.32415e-01,5.87388e-01,2.05696e-01
1.23264e-01,1.75632e+01,2.41267e-02,2.73715e+01,6.10300e-02,1.38888e+00,2.32773e+01,1.25261e+01,2.59312e+00,1.69885e+00,8.08911e-01,1.94579e+01,7.38840e-02,2.44349e-01,2.02301e+00,2.53152e-01,2.99207e-02,2.04402e-01,5.30563e-01,2.04645e-01
1.22330e-01,1.67458e+01,2.35019e-02,2.64341e+01,5.57785e-02,1.32448e+00,2.11991e+01,1.17824e+01,2.48361e+00,2.06206e+00,7.86072e-01,2.19017e+01,7.59893e-02,2.35945e-01,1.78664e+00,2.52374e-01,3.31141e-02,1.80698e-01,4.81966e-01,2.03265e-01
1.21653e-01,1.58156e+01,2.29539e-02,2.60617e+01,5.12125e-02,1.26003e+00,1.90644e+01,1.10525e+01,2.39141e+00,4.11597e+00,7.67256e-01,2.37366e+01,7.81022e-02,2.26420e-01,1.58530e+00,2.53691e-01,3.67934e-02,1.60600e-01,4.40324e-01,2.01666e-01
1.20602e-01,1.48329e+01,2.24791e-02,2.64558e+01,4.72392e-02,1.19645e+00,1.70899e+01,1.03579e+01,2.30938e+00,8.19594e+00,7.50780e-01,2.49319e+01,8.00912e-02,2.16190e-01,1.41312e+00,2.56363e-01,4.08153e-02,1.43502e-01,4.04593e-01,1.99896e-01
1.18483e-01,1.38462e+01,2.20688e-02,2.77124e+01,4.37825e-02,1.13442e+00,1.53906e+01,9.72228e+00,2.23423e+00,1.27371e+01,7.35434e-01,2.55139e+01,8.18762e-02,2.05574e-01,1.26550e+00,2.59424e-01,4.50503e-02,1.28909e-01,3.73882e-01,1.98040e-01
1.15033e-01,1.29011e+01,2.17041e-02,2.89100e+01,4.07810e-02,1.07433e+00,1.39399e+01,9.18671e+00,2.16435e+00,1.64273e+01,7.20456e-01,2.55463e+01,8.33316e-02,1.94830e-01,1.13821e+00,2.61969e-01,4.92925e-02,1.16408e-01,3.47436e-01,1.96111e-01
1.10414e-01,1.20591e+01,2.13835e-02,2.87139e+01,3.81731e-02,1.01646e+00,1.26773e+01,8.82424e+00,2.09834e+00,1.88979e+01,7.05369e-01,2.51155e+01,8.44264e-02,1.84176e-01,1.02809e+00,2.63429e-01,5.33786e-02,1.05668e-01,3.24595e-01,1.94105e-01
1.05028e-01,1.14636e+01,2.10966e-02,2.73826e+01,3.58997e-02,9.60884e-01,1.15605e+01,8.69984e+00,2.03454e+00,2.04412e+01,6.89918e-01,2.43194e+01,8.51059e-02,1.73764e-01,9.32292e-01,2.63502e-01,5.71458e-02,9.64048e-02,3.04808e-01,1.92044e-01
9.92709e-02,1.15949e+01,2.08515e-02,2.57612e+01,3.39262e-02,9.07694e-01,1.05649e+01,8.79805e+00,1.97122e+00,2.14835e+01,6.73983e-01,2.32561e+01,8.53749e-02,1.63696e-01,8.48632e-01,2.62318e-01,6.04646e-02,8.83922e-02,2.87616e-01,1.89875e-01
9.34920e-02,1.37258e+01,2.06496e-02,2.41834e+01,3.22083e-02,8.56909e-01,9.67134e+00,9.04698e+00,1.90673e+00,2.21620e+01,6.57516e-01,2.20185e+01,8.52776e-02,1.54022e-01,7.75248e-01,2.60134e-01,6.33331e-02,8.14301e-02,2.72626e-01,1.87579e-01
8.78954e-02,1.84993e+01,2.04724e-02,2.26140e+01,3.07182e-02,8.08534e-01,8.86494e+00,9.38604e+00,1.83992e+00,2.26035e+01,6.40515e-01,2.06898e+01,8.48696e-02,1.44807e-01,7.10542e-01,2.57243e-01,6.57320e-02,7.53570e-02,2.59441e-01,1.85154e-01
8.25987e-02,2.42240e+01,2.03265e-02,2.10404e+01,2.94193e-02,7.62555e-01,8.13100e+00,9.75649e+00,1.77007e+00,2.30734e+01,6.23014e-01,1.93418e+01,8.42616e-02,1.36050e-01,6.53337e-01,2.53966e-01,6.77485e-02,7.00415e-02,2.47810e-01,1.82573e-01
7.76743e-02,2.94613e+01,2.02164e-02,1.95424e+01,2.82849e-02,7.18948e-01,7.45568e+00,1.00880e+01,1.69700e+00,2.37273e+01,6.05031e-01,1.80355e+01,8.35502e-02,1.27756e-01,6.02580e-01,2.50674e-01,6.95129e-02,6.53831e-02,2.37483e-01,1.79849e-01
7.31403e-02,3.33656e+01,2.01281e-02,1.81774e+01,2.73012e-02,6.77692e-01,6.82508e+00,1.03286e+01,1.62099e+00,2.45653e+01,5.86628e-01,1.68221e+01,8.28972e-02,1.19920e-01,5.57325e-01,2.47728e-01,7.11850e-02,6.12944e-02,2.28237e-01,1.76936e-01
6.90093e-02,3.55019e+01,2.00597e-02,1.69405e+01,2.64486e-02,6.38711e-01,6.22783e+00,1.04693e+01,1.54272e+00,2.54918e+01,5.67876e-01,1.57434e+01,8.24753e-02,1.12535e-01,5.16876e-01,2.45400e-01,7.29344e-02,5.76929e-02,2.19901e-01,1.73856e-01
6.52836e-02,3.61381e+01,2.00073e-02,1.58005e+01,2.57142e-02,6.01927e-01,5.65888e+00,1.05337e+01,1.46304e+00,2.63269e+01,5.48849e-01,1.48309e+01,8.25240e-02,1.05597e-01,4.80610e-01,2.43970e-01,7.49199e-02,5.45119e-02,2.12316e-01,1.70599e-01
6.19664e-02,3.57783e+01,1.99649e-02,1.47399e+01,2.50825e-02,5.67244e-01,5.12214e+00,1.05475e+01,1.38290e+00,2.69387e+01,5.29620e-01,1.41150e+01,8.33368e-02,9.90794e-02,4.48016e-01,2.43604e-01,7.73359e-02,5.16969e-02,2.05366e-01,1.67162e-01
5.90433e-02,3.48018e+01,1.99393e-02,1.37751e+01,2.45367e-02,5.34550e-01,4.62573e+00,1.05227e+01,1.30331e+00,2.72544e+01,5.10297e-01,1.36450e+01,8.52794e-02,9.29746e-02,4.18624e-01,2.44436e-01,8.03406e-02,4.92050e-02,1.98951e-01,1.63579e-01
5.65089e-02,3.34182e+01,1.99209e-02,1.29513e+01,2.41775e-02,5.03769e-01,4.17592e+00,1.04612e+01,1.22511e+00,2.72310e+01,4.90957e-01,1.35096e+01,8.88659e-02,8.72667e-02,3.92042e-01,2.46429e-01,8.41416e-02,4.69883e-02,1.92957e-01,1.59817e-01
5.43241e-02,3.17541e+01,2.06797e-02,1.23083e+01,2.45652e-02,4.74794e-01,3.77374e+00,1.03641e+01,1.14905e+00,2.69417e+01,4.71705e-01,1.38133e+01,9.46992e-02,8.19200e-02,3.67957e-01,2.49519e-01,8.89249e-02,4.50407e-02,1.87365e-01,1.55890e-01
5.24767e-02,2.99068e+01,2.29464e-02,1.18501e+01,2.56266e-02,4.47528e-01,3.41621e+00,1.02344e+01,1.07577e+00,2.64485e+01,4.52632e-01,1.45861e+01,1.03356e-01,7.69441e-02,3.46073e-01,2.53519e-01,9.49463e-02,4.33040e-02,1.82109e-01,1.51816e-01
5.09148e-02,2.79652e+01,2.71540e-02,1.15502e+01,2.65617e-02,4.21884e-01,3.09898e+00,1.00776e+01,1.00572e+00,2.57435e+01,4.33818e-01,1.57088e+01,1.15129e-01,7.23080e-02,3.26149e-01,2.58203e-01,1.02412e-01,4.17494e-02,1.77147e-01,1.47607e-01
4.95920e-02,2.60154e+01,3.19065e-02,1.13663e+01,2.78289e-02,3.97781e-01,2.81753e+00,9.90124e+00,9.39231e-01,2.48594e+01,4.15331e-01,1.69569e+01,1.29872e-01,6.79923e-02,3.07968e-01,2.63276e-01,1.11516e-01,4.03770e-02,1.72449e-01,1.43280e-01
4.84653e-02,2.41533e+01,3.55185e-02,1.12486e+01,2.92748e-02,3.75120e-01,2.56775e+00,9.71371e+00,8.76469e-01,2.38765e+01,3.97245e-01,1.81216e+01,1.46860e-01,6.39885e-02,2.91339e-01,2.68457e-01,1.22333e-01,3.91649e-02,1.67990e-01,1.38851e-01
4.74684e-02,2.24883e+01,3.85582e-02,1.11503e+01,3.08136e-02,3.53839e-01,2.34601e+00,9.52441e+00,8.17515e-01,2.28594e+01,3.79609e-01,1.90882e+01,1.64902e-01,6.02888e-02,2.76111e-01,2.73331e-01,1.34778e-01,3.81004e-02,1.63761e-01,1.34355e-01
4.65566e-02,2.11615e+01,4.18466e-02,1.10383e+01,3.24797e-02,3.33864e-01,2.14911e+00,9.34353e+00,7.62365e-01,2.18303e+01,3.62469e-01,1.98442e+01,1.82493e-01,5.68927e-02,2.62116e-01,2.77629e-01,1.48564e-01,3.71981e-02,1.59746e-01,1.29815e-01
4.56907e-02,2.03913e+01,4.54462e-02,1.09025e+01,3.42736e-02,3.15117e-01,1.97426e+00,9.18137e+00,7.10955e-01,2.07872e+01,3.45861e-01,2.04521e+01,1.98178e-01,5.37747e-02,2.49249e-01,2.81048e-01,1.63174e-01,3.64254e-02,1.55938e-01,1.25222e-01
4.48180e-02,2.03974e+01,4.89032e-02,1.07501e+01,3.61191e-02,2.97511e-01,1.81884e+00,9.04605e+00,6.63125e-01,1.97262e+01,3.29808e-01,2.10138e+01,2.10810e-01,5.09183e-02,2.37393e-01,2.83434e-01,1.77935e-01,3.57743e-02,1.52314e-01,1.20676e-01
4.39346e-02,2.11410e+01,5.15709e-02,1.05931e+01,3.81268e-02,2.80995e-01,1.68066e+00,8.93667e+00,6.18750e-01,1.86561e+01,3.14333e-01,2.16300e+01,2.19661e-01,4.83249e-02,2.26455e-01,2.84589e-01,1.92135e-01,3.52126e-02,1.48866e-01,1.16180e-01
4.30211e-02,2.23559e+01,5.29093e-02,1.04406e+01,4.03323e-02,2.65506e-01,1.55770e+00,8.83976e+00,5.77630e-01,1.75989e+01,2.99450e-01,2.23729e+01,2.24509e-01,4.59830e-02,2.16328e-01,2.84480e-01,2.05175e-01,3.47535e-02,1.45654e-01,1.11778e-01
4.20667e-02,2.38465e+01,5.27520e-02,1.02921e+01,4.27003e-02,2.50984e-01,1.44809e+00,8.74525e+00,5.39581e-01,1.65709e+01,2.85167e-01,2.32834e+01,2.25464e-01,4.39116e-02,2.06951e-01,2.83084e-01,2.16572e-01,3.43568e-02,1.42620e-01,1.07488e-01
4.11001e-02,2.55896e+01,5.13404e-02,1.01452e+01,4.52015e-02,2.37362e-01,1.35028e+00,8.67661e+00,5.04394e-01,1.55743e+01,2.71478e-01,2.43798e+01,2.23068e-01,4.20600e-02,1.98243e-01,2.80537e-01,2.26000e-01,3.40058e-02,1.39784e-01,1.03353e-01
4.01138e-02,2.76473e+01,4.90904e-02,9.99621e+00,4.75869e-02,2.24588e-01,1.26283e+00,8.69446e+00,4.71894e-01,1.46059e+01,2.58385e-01,2.56472e+01,2.17915e-01,4.04302e-02,1.90167e-01,2.76964e-01,2.33399e-01,3.36982e-02,1.37156e-01,9.94113e-02
3.90979e-02,2.99218e+01,4.64726e-02,9.84295e+00,4.95929e-02,2.12608e-01,1.18447e+00,8.84157e+00,4.41843e-01,1.36685e+01,2.45887e-01,2.70299e+01,2.10688e-01,3.90012e-02,1.82641e-01,2.72544e-01,2.38838e-01,3.34107e-02,1.34701e-01,9.56972e-02
3.80595e-02,3.20923e+01,4.38789e-02,9.68629e+00,5.27321e-02,2.01373e-01,1.11403e+00,9.06440e+00,4.14064e-01,1.27737e+01,2.33967e-01,2.84484e+01,2.02032e-01,3.77488e-02,1.75635e-01,2.67477e-01,2.42526e-01,3.31732e-02,1.32452e-01,9.22454e-02
3.69965e-02,3.39140e+01,5.75414e-02,9.52699e+00,5.83797e-02,1.90850e-01,1.05050e+00,9.27941e+00,3.88392e-01,1.19353e+01,2.22615e-01,2.98242e+01,1.92484e-01,3.66582e-02,1.69101e-01,2.61967e-01,2.44740e-01,3.42368e-02,1.30357e-01,8.90759e-02
3.59108e-02,3.53343e+01,1.21714e-01,9.36800e+00,7.56301e-02,1.80995e-01,9.93054e-01,9.48054e+00,3.64508e-01,1.11606e+01,2.11820e-01,3.10833e+01,1.82502e-01,3.57156e-02,1.62982e-01,2.56222e-01,2.45801e-01,4.14031e-02,1.28471e-01,8.62037e-02
3.49602e-02,3.63600e+01,3.10211e-01,9.21287e+00,1.50040e-01,1.71758e-01,9.40908e-01,9.78066e+00,3.42164e-01,1.04493e+01,2.01550e-01,3.21716e+01,1.72223e-01,6.08155e-02,1.57263e-01,2.50477e-01,2.46019e-01,5.49171e-02,1.26714e-01,8.37254e-02
3.82314e-02,3.69860e+01,6.96685e-01,9.06725e+00,3.15168e-01,1.63145e-01,8.93420e-01,1.05293e+01,3.24957e-01,9.79162e+00,1.91798e-01,3.30560e+01,1.62129e-01,1.23936e-01,1.51908e-01,2.44883e-01,2.45491e-01,7.17386e-02,1.29130e-01,8.15778e-02
5.06726e-02,3.72386e+01,1.67144e+00,8.93800e+00,8.73908e-01,1.55034e-01,8.50014e-01,1.25624e+01,3.24290e-01,9.18182e+00,1.82558e-01,3.37009e+01,1.52402e-01,2.30891e-01,1.46876e-01,2.39581e-01,2.44536e-01,1.00594e-01,1.33627e-01,8.11416e-02
6.73584e-02,3.71653e+01,3.32083e+00,8.83240e+00,2.74688e+00,1.47452e-01,8.10141e-01,1.66352e+01,3.53770e-01,8.61043e+00,1.73799e-01,3.40655e+01,1.43133e-01,3.94105e-01,1.42171e-01,2.34720e-01,2.43252e-01,1.30548e-01,1.44692e-01,8.29595e-02
9.83539e-02,3.67971e+01,4.62922e+00,8.75258e+00,5.13902e+00,1.40383e-01,7.73447e-01,2.19829e+01,4.19936e-01,8.07549e+00,1.65499e-01,3.41292e+01,1.35091e-01,6.20538e-01,1.37743e-01,2.30361e-01,2.41679e-01,1.64560e-01,1.61401e-01,9.07922e-02
2.08920e-01,3.61414e+01,5.05788e+00,8.69478e+00,6.66067e+00,1.33784e-01,7.39475e-01,2.71546e+01,5.28373e-01,7.58053e+00,1.57642e-01,3.39004e+01,2.60102e-01,9.57407e-01,1.33564e-01,2.26557e-01,2.39823e-01,2.06939e-01,1.79492e-01,1.05373e-01
4.61130e-01,3.51995e+01,4.90638e+00,8.65414e+00,7.05063e+00,1.27637e-01,7.07969e-01,3.12705e+01,6.98195e-01,7.13058e+00,1.50212e-01,3.34089e+01,9.05333e-01,1.50445e+00,1.29643e-01,2.23363e-01,2.37593e-01,2.75420e-01,1.98759e-01,1.16896e-01
9.26199e-01,3.39600e+01,5.15612e+00,8.64860e+00,7.16787e+00,1.21906e-01,6.78602e-01,3.41956e+01,1.03206e+00,6.73061e+00,1.43188e-01,3.26964e+01,2.27246e+00,2.59348e+00,1.25945e-01,2.20740e-01,2.34864e-01,6.94464e-01,2.20925e-01,1.20741e-01
2.25200e+00,3.24070e+01,7.10490e+00,8.73676e+00,7.91933e+00,1.16579e-01,6.51155e-01,3.61190e+01,2.00076e+00,6.38855e+00,1.36564e-01,3.18112e+01,5.11755e+00,5.76876e+00,1.22453e-01,2.18690e-01,2.31528e-01,1.88982e+00,2.46503e-01,1.24163e-01
5.59799e+00,3.05646e+01,9.90606e+00,8.99571e+00,8.93776e+00,1.31773e-01,6.25373e-01,3.70923e+01,4.50164e+00,6.11788e+00,1.30483e-01,3.08137e+01,9.68157e+00,1.40515e+01,1.24142e-01,2.17121e-01,2.27963e-01,3.81376e+00,2.80640e-01,1.36310e-01
1.31226e+01,2.85029e+01,1.24796e+01,9.47778e+00,1.00106e+01,1.69709e-01,6.07094e-01,3.72530e+01,8.18134e+00,5.94929e+00,1.30054e-01,2.97781e+01,2.70528e+01,2.73411e+01,1.38494e-01,2.15998e-01,2.24289e-01,6.72369e+00,3.44772e-01,1.72925e-01
3.55478e+01,2.63715e+01,1.35918e+01,1.03075e+01,1.07217e+01,2.26540e-01,6.43064e-01,3.70544e+01,1.27268e+01,5.89503e+00,1.36416e-01,2.88019e+01,8.43444e+01,4.62872e+01,1.52775e-01,2.15247e-01,2.20472e-01,1.31121e+01,4.46617e-01,2.42300e-01
7.09905e+01,2.42696e+01,1.30592e+01,1.19090e+01,1.08458e+01,2.77916e-01,7.70548e-01,3.65543e+01,2.10756e+01,5.90748e+00,1.43761e-01,2.79974e+01,1.48396e+02,6.57981e+01,1.78772e-01,2.14781e-01,2.16448e-01,1.89994e+01,5.75082e-01,3.10575e-01
1.04698e+02,2.23081e+01,1.17390e+01,1.49131e+01,1.04896e+01,3.19105e-01,8.91400e-01,3.59060e+01,3.41904e+01,5.95811e+00,1.53767e-01,2.74607e+01,2.07579e+02,8.05840e+01,2.14969e-01,2.14563e-01,2.12179e-01,2.09788e+01,6.95999e-01,3.55367e-01
1.25295e+02,2.05764e+01,1.01707e+01,1.93261e+01,9.77335e+00,3.86840e-01,9.91794e-01,3.49857e+01,4.24773e+01,6.08774e+00,1.70911e-01,2.72558e+01,2.72011e+02,9.32806e+01,2.45348e-01,2.14636e-01,2.07739e-01,2.06742e+01,7.99686e-01,3.95278e-01
1.38367e+02,1.90842e+01,8.55099e+00,2.43260e+01,8.82646e+00,5.24465e-01,1.12939e+00,3.37551e+01,4.12053e+01,6.37189e+00,1.80939e-01,2.74535e+01,2.95281e+02,1.10105e+02,2.74786e-01,2.15046e-01,2.03403e-01,1.97869e+01,8.92045e-01,4.53942e-01
1.46823e+02,1.77473e+01,7.01994e+00,2.87686e+01,7.75883e+00,7.03951e-01,1.30255e+00,3.24325e+01,3.51830e+01,6.80970e+00,1.79403e-01,2.81928e+01,2.65683e+02,1.29745e+02,3.09370e-01,2.15705e-01,1.99684e-01,1.91397e+01,9.77575e-01,5.37891e-01
1.46622e+02,1.64895e+01,5.67165e+00,3.19247e+01,6.66336e+00,8.15684e-01,1.46215e+00,3.10648e+01,2.99541e+01,7.24844e+00,1.75078e-01,2.96804e+01,2.54589e+02,1.48239e+02,3.49509e-01,2.16660e-01,1.97609e-01,1.85799e+01,1.05397e+00,6.45546e-01
1.36706e+02,1.52815e+01,4.53317e+00,3.40550e+01,5.61704e+00,8.30000e-01,1.56741e+00,2.95181e+01,3.00141e+01,7.49646e+00,1.71761e-01,3.19946e+01,2.41618e+02,1.60544e+02,4.05185e-01,2.17962e-01,2.00254e-01,1.74719e+01,1.11236e+00,7.77900e-01
1.20289e+02,1.41406e+01,3.59514e+00,3.55227e+01,4.67224e+00,7.81453e-01,1.60599e+00,2.76685e+01,3.48484e+01,7.47332e+00,1.68628e-01,3.48403e+01,2.20573e+02,1.60600e+02,4.83261e-01,2.19710e-01,2.19085e-01,1.56125e+01,1.14587e+00,9.37964e-01
1.01434e+02,1.31082e+01,2.83813e+00,3.63257e+01,3.85332e+00,7.08469e-01,1.59132e+00,2.55984e+01,4.07184e+01,7.22390e+00,1.65333e-01,3.77191e+01,1.93756e+02,1.48784e+02,5.71375e-01,2.21815e-01,2.87485e-01,1.33298e+01,1.15608e+00,1.13556e+00
8.32120e+01,1.22112e+01,2.23964e+00,3.63467e+01,3.16386e+00,6.34005e-01,1.54310e+00,2.36107e+01,4.65388e+01,6.84922e+00,1.61949e-01,4.02847e+01,1.64643e+02,1.30591e+02,6.57092e-01,2.24071e-01,4.36411e-01,1.10430e+01,1.15054e+00,1.39264e+00
6.72895e+01,1.14497e+01,1.77449e+00,3.58265e+01,2.59439e+00,5.66779e-01,1.47732e+00,2.19133e+01,5.28696e+01,6.45157e+00,1.58381e-01,4.23911e+01,1.37300e+02,1.11097e+02,7.37621e-01,2.26202e-01,6.26115e-01,9.00208e+00,1.13738e+00,1.72518e+00
5.41512e+01,1.08120e+01,1.41729e+00,3.50941e+01,2.12971e+00,5.08221e-01,1.40697e+00,2.04834e+01,5.97621e+01,6.10577e+00,1.54529e-01,4.39530e+01,1.13974e+02,9.30377e+01,8.18128e-01,2.27966e-01,7.87852e-01,7.28350e+00,1.12120e+00,2.12620e+00
4.36143e+01,1.02856e+01,1.14454e+00,3.43200e+01,1.75313e+00,4.57567e-01,1.34057e+00,1.92147e+01,6.61396e+01,5.85189e+00,1.50413e-01,4.48801e+01,9.49308e+01,7.73915e+01,9.08398e-01,2.29138e-01,8.90207e-01,5.87708e+00,1.10334e+00,2.69252e+00
3.52689e+01,9.85977e+00,9.36384e-01,3.35181e+01,1.44898e+00,4.13688e-01,1.28091e+00,1.80375e+01,7.08055e+01,5.69717e+00,1.46152e-01,4.51127e+01,7.95525e+01,6.42076e+01,1.01683e+00,2.29711e-01,9.32163e-01,4.74574e+00,1.08380e+00,3.96721e+00
2.86880e+01,9.52560e+00,7.77017e-01,3.25631e+01,1.20346e+00,3.75534e-01,1.22724e+00,1.69376e+01,7.33454e+01,5.61981e+00,1.41889e-01,4.46623e+01,6.71540e+01,5.32181e+01,1.14436e+00,2.29665e-01,9.26492e-01,3.84649e+00,1.06217e+00,6.06094e+00
2.34927e+01,9.27586e+00,6.54298e-01,3.14638e+01,1.00508e+00,3.42246e-01,1.17846e+00,1.59092e+01,7.40682e+01,5.57727e+00,1.37771e-01,4.36090e+01,5.71542e+01,4.41266e+01,1.28530e+00,2.29091e-01,8.91954e-01,3.13581e+00,1.03746e+00,8.86809e+00
1.93752e+01,9.10105e+00,5.59059e-01,3.03315e+01,8.44439e-01,3.13243e-01,1.13660e+00,1.49378e+01,7.35617e+01,5.52159e+00,1.33911e-01,4.20655e+01,4.90718e+01,3.66528e+01,1.43692e+00,2.28065e-01,8.83340e+00,2.57467e+00,1.00808e+00,1.15080e+01
1.60992e+01,8.98717e+00,4.84472e-01,2.91779e+01,7.13963e-01,2.88135e-01,1.10883e+00,1.40200e+01,7.23236e+01,5.41830e+00,1.30367e-01,4.01408e+01,4.24948e+01,3.05318e+01,1.60528e+00,2.26649e-01,6.39609e+01,2.13062e+00,9.72259e-01,1.34542e+01
1.34830e+01,8.91473e+00,4.25466e-01,2.79139e+01,6.07623e-01,2.66648e-01,1.10851e+00,1.31526e+01,7.05756e+01,5.25825e+00,1.27177e-01,3.79308e+01,3.70696e+01,2.55274e+01,1.79478e+00,2.24998e-01,1.18564e+02,1.77775e+00,9.29062e-01,1.48516e+01
1.13870e+01,8.86114e+00,3.78294e-01,2.64345e+01,5.20612e-01,2.48593e-01,1.15442e+00,1.23273e+01,6.82911e+01,5.05329e+00,1.24347e-01,3.55171e+01,3.25229e+01,2.14417e+01,1.99246e+00,2.23144e-01,1.80725e+02,1.49595e+00,8.78812e-01,1.57599e+01
9.70031e+00,8.80758e+00,3.40238e-01,2.47245e+01,4.49147e-01,2.33717e-01,1.26440e+00,1.15361e+01,6.53795e+01,4.82741e+00,1.21873e-01,3.29821e+01,2.86660e+01,1.81068e+01,2.16950e+00,2.21077e-01,2.46061e+02,1.26955e+00,8.23180e-01,1.62889e+01
8.33549e+00,8.74382e+00,3.09189e-01,2.29433e+01,3.90196e-01,2.21816e-01,1.43877e+00,1.07857e+01,6.18439e+01,4.60594e+00,1.19746e-01,3.04112e+01,2.53873e+01,1.53815e+01,2.30559e+00,2.18975e-01,2.91672e+02,1.08660e+00,7.64672e-01,1.66297e+01
7.22364e+00,8.66773e+00,2.86168e-01,2.13189e+01,3.41452e-01,2.12682e-01,1.64441e+00,1.00903e+01,5.78111e+01,4.40935e+00,1.17956e-01,2.78841e+01,2.26348e+01,1.31464e+01,2.40554e+00,2.16800e-01,2.55647e+02,9.40757e-01,7.05794e-01,1.88080e+01
6.30979e+00,8.58595e+00,2.69007e-01,1.99489e+01,3.00926e-01,2.06166e-01,1.82740e+00,9.45497e+00,5.34705e+01,4.25137e+00,1.16492e-01,2.54686e+01,2.03910e+01,1.13046e+01,2.48964e+00,2.14592e-01,2.24183e+02,8.22564e-01,6.48804e-01,3.12384e+01
5.55116e+00,8.50658e+00,2.59940e-01,1.87822e+01,2.67017e-01,2.02205e-01,1.94960e+00,8.87514e+00,4.90118e+01,4.13961e+00,1.15348e-01,2.32102e+01,1.86459e+01,9.77659e+00,2.57121e+00,2.12454e-01,1.70302e+02,7.27780e-01,5.95331e-01,4.43818e+01
4.91428e+00,8.43717e+00,2.54333e-01,1.77307e+01,2.38660e-01,2.00803e-01,2.00487e+00,8.34452e+00,4.45969e+01,4.07787e+00,1.14513e-01,2.11332e+01,1.73744e+01,8.50228e+00,2.64283e+00,2.10456e-01,1.17599e+02,6.53530e-01,5.46378e-01,9.67834e+01
4.37348e+00,8.38267e+00,2.50379e-01,1.67421e+01,2.14906e-01,2.02068e-01,2.00717e+00,7.86029e+00,4.03462e+01,4.06822e+00,1.13972e-01,1.92459e+01,1.64870e+01,7.43412e+00,2.68248e+00,2.08658e-01,9.62103e+01,5.93666e-01,5.02424e-01,2.51819e+02
3.91030e+00,8.34617e+00,2.48155e-01,1.58063e+01,1.94895e-01,2.06266e-01,1.97462e+00,7.42198e+00,3.63419e+01,4.11257e+00,1.13720e-01,1.75455e+01,1.58281e+01,6.53453e+00,2.67072e+00,2.07186e-01,8.43288e+01,5.43113e-01,4.63508e-01,3.74744e+02
3.51185e+00,8.32732e+00,2.46754e-01,1.49233e+01,1.77968e-01,2.13829e-01,1.92218e+00,7.02854e+00,3.26301e+01,4.21065e+00,1.13728e-01,1.60261e+01,1.52042e+01,5.77269e+00,2.60261e+00,2.06189e-01,7.47057e+01,4.99291e-01,4.29336e-01,4.57533e+02
3.16810e+00,8.32630e+00,2.44599e-01,1.40873e+01,1.63640e-01,2.25369e-01,1.86012e+00,6.67735e+00,2.92303e+01,4.35642e+00,1.13977e-01,1.46785e+01,1.44563e+01,5.12423e+00,2.48710e+00,2.05998e-01,6.62688e+01,4.61113e-01,3.99661e-01,5.05436e+02
2.87049e+00,8.34282e+00,2.40427e-01,1.32953e+01,1.51392e-01,2.41486e-01,1.79540e+00,6.36387e+00,2.61435e+01,4.53157e+00,1.14412e-01,1.34944e+01,1.35189e+01,4.56908e+00,2.33973e+00,2.07129e-01,5.88076e+01,4.27584e-01,3.74102e-01,4.94331e+02
2.61152e+00,8.37483e+00,2.34102e-01,1.25480e+01,1.40855e-01,2.62282e-01,1.73277e+00,6.08210e+00,2.33586e+01,4.70571e+00,1.14991e-01,1.24617e+01,1.24159e+01,4.09186e+00,2.17589e+00,2.10347e-01,5.22181e+01,3.97802e-01,3.52326e-01,4.18266e+02
2.38430e+00,8.41748e+00,2.26533e-01,1.18411e+01,1.31748e-01,2.86885e-01,1.67583e+00,5.82829e+00,2.08590e+01,4.84517e+00,1.15619e-01,1.15709e+01,1.12151e+01,3.68004e+00,2.00717e+00,2.16558e-01,4.63804e+01,3.71033e-01,3.34045e-01,2.86993e+02
2.18353e+00,8.46369e+00,2.19208e-01,1.11662e+01,1.23838e-01,3.13208e-01,1.62722e+00,5.60029e+00,1.86261e+01,4.92458e+00,1.16221e-01,1.08095e+01,9.98978e+00,3.32422e+00,1.84113e+00,2.26661e-01,4.11938e+01,3.46890e-01,3.19112e-01,1.48727e+02
2.00484e+00,8.50658e+00,2.13559e-01,1.05225e+01,1.16958e-01,3.38518e-01,1.58909e+00,5.39860e+00,1.66403e+01,4.93482e+00,1.16702e-01,1.01654e+01,8.79676e+00,3.01647e+00,1.68209e+00,2.41085e-01,3.65967e+01,3.25351e-01,3.07519e-01,8.21635e+01
1.84498e+00,8.53966e+00,2.10392e-01,9.92279e+00,1.10972e-01,3.60386e-01,1.56323e+00,5.22576e+00,1.48813e+01,4.88571e+00,1.16984e-01,9.62735e+00,7.67517e+00,2.75064e+00,1.53220e+00,2.59309e-01,3.25482e+01,3.06512e-01,2.99413e-01,6.45255e+01
1.70151e+00,8.56503e+00,2.09374e-01,9.38277e+00,1.05771e-01,3.77336e-01,1.55118e+00,5.08728e+00,1.33276e+01,4.80948e+00,1.17000e-01,9.18335e+00,6.64877e+00,2.52137e+00,1.39235e+00,2.79875e-01,2.90000e+01,2.90419e-01,2.95070e-01,5.53554e+01
1.57253e+00,8.59331e+00,2.09163e-01,8.90774e+00,1.01259e-01,3.89058e-01,1.55450e+00,4.99268e+00,1.19576e+01,4.78278e+00,1.16706e-01,8.82117e+00,5.72906e+00,2.32403e+00,1.26297e+00,3.00792e-01,2.58915e+01,2.77008e-01,2.94822e-01,4.86308e+01
1.45633e+00,8.64858e+00,2.08188e-01,8.49352e+00,9.73599e-02,3.96031e-01,1.57484e+00,4.95511e+00,1.07487e+01,4.99935e+00,1.16110e-01,8.52851e+00,4.91967e+00,2.15416e+00,1.14404e+00,3.20281e-01,2.31592e+01,2.66104e-01,2.98853e-01,4.32274e+01
1.35128e+00,8.77181e+00,2.05443e-01,8.13024e+00,9.40125e-02,3.99107e-01,1.61455e+00,4.98921e+00,9.68137e+00,5.83051e+00,1.15223e-01,8.29398e+00,4.21983e+00,2.00743e+00,1.03552e+00,3.36787e-01,2.07519e+01,2.57428e-01,3.07090e-01,3.87521e+01
1.25588e+00,9.02949e+00,2.00727e-01,7.81054e+00,9.11171e-02,3.99219e-01,1.67637e+00,5.10139e+00,8.73701e+00,7.59762e+00,1.14080e-01,8.10542e+00,3.62356e+00,1.87964e+00,9.37178e-01,3.49019e-01,1.86266e+01,2.50586e-01,3.18888e-01,3.49754e+01
1.16886e+00,9.51512e+00,1.94434e-01,7.52727e+00,8.86264e-02,3.97125e-01,1.76340e+00,5.28238e+00,7.89971e+00,1.03996e+01,1.12764e-01,7.95217e+00,3.12266e+00,1.76655e+00,8.48585e-01,3.56085e-01,1.67489e+01,2.45152e-01,3.33080e-01,3.17377e+01
1.08919e+00,1.03390e+01,1.87240e-01,7.27512e+00,8.64794e-02,3.93445e-01,1.87780e+00,5.50464e+00,7.15594e+00,1.44670e+01,1.11355e-01,7.82499e+00,2.70570e+00,1.66469e+00,7.69287e-01,3.57656e-01,1.50902e+01,2.40709e-01,3.48279e-01,2.89301e+01
1.01604e+00,1.16000e+01,1.79781e-01,7.04900e+00,8.46209e-02,3.88577e-01,2.01884e+00,5.73115e+00,6.49424e+00,2.01990e+01,1.09945e-01,7.71617e+00,2.36127e+00,1.57110e+00,6.98684e-01,3.54592e-01,1.36258e+01,2.36924e-01,3.63093e-01,2.64683e+01
9.48884e-01,1.33465e+01,1.72543e-01,6.84432e+00,8.29943e-02,3.82799e-01,2.18069e+00,5.92824e+00,5.90482e+00,2.76727e+01,1.08646e-01,7.62080e+00,2.07742e+00,1.48382e+00,6.36099e-01,3.49084e-01,1.23316e+01,2.33553e-01,3.76410e-01,2.42952e+01
8.87304e-01,1.55336e+01,1.65846e-01,6.65759e+00,8.15635e-02,3.76288e-01,2.35165e+00,6.07347e+00,5.37904e+00,3.62884e+01,1.07569e-01,7.53558e+00,1.84305e+00,1.40161e+00,5.80818e-01,3.45220e-01,1.11867e+01,2.30452e-01,3.87474e-01,2.23633e+01
8.30943e-01,1.80013e+01,1.59874e-01,6.48713e+00,8.02765e-02,3.69174e-01,2.51636e+00,6.15792e+00,4.90953e+00,4.46737e+01,1.06815e-01,7.45838e+00,1.64900e+00,1.32383e+00,5.32077e-01,3.50231e-01,1.01723e+01,2.27540e-01,3.95917e-01,2.06404e+01
7.79498e-01,2.05123e+01,1.54667e-01,6.33376e+00,7.91170e-02,3.61536e-01,2.66018e+00,6.18263e+00,4.48971e+00,5.12036e+01,1.06485e-01,7.38803e+00,1.48742e+00,1.25030e+00,4.89177e-01,3.77443e-01,9.27300e+00,2.24788e-01,4.01615e-01,1.91010e+01
7.32621e-01,2.28270e+01,1.50220e-01,6.20182e+00,7.80451e-02,3.53443e-01,2.77310e+00,6.15504e+00,4.11357e+00,5.51897e+01,1.06660e-01,7.32306e+00,1.35177e+00,1.18106e+00,4.51435e-01,4.53321e-01,8.47360e+00,2.22135e-01,4.04799e-01,1.77267e+01
6.89962e-01,2.47647e+01,1.46488e-01,6.09796e+00,7.70409e-02,3.44963e-01,2.84948e+00,6.08347e+00,3.77652e+00,5.72850e+01,1.07413e-01,7.26264e+00,1.23745e+00,1.11628e+00,4.18236e-01,1.45229e+01,7.76120e+00,2.19566e-01,4.05670e-01,1.65053e+01
6.51245e-01,2.62578e+01,1.43384e-01,6.03122e+00,7.61077e-02,3.36148e-01,2.88811e+00,5.97704e+00,3.47378e+00,5.81384e+01,1.08778e-01,7.20935e+00,1.13997e+00,1.05604e+00,3.89012e-01,1.79137e+02,7.12612e+00,2.17065e-01,4.04572e-01,1.54242e+01
6.15990e-01,2.73441e+01,1.40816e-01,6.01012e+00,7.52389e-02,3.27080e-01,2.89050e+00,5.84386e+00,3.20150e+00,5.80636e+01,1.10744e-01,7.17340e+00,1.05657e+00,1.00040e+00,3.63258e-01,2.90927e+02,6.55834e+00,2.14594e-01,4.01835e-01,1.44755e+01
5.84015e-01,2.81002e+01,1.38718e-01,6.03943e+00,7.44296e-02,3.17837e-01,2.85989e+00,5.69075e+00,2.95646e+00,5.73857e+01,1.13271e-01,7.19305e+00,9.84399e-01,9.49370e-01,3.40535e-01,3.62684e+02,6.04897e+00,2.12113e-01,3.97776e-01,1.36502e+01
5.54933e-01,2.85807e+01,1.37028e-01,6.11464e+00,7.36676e-02,3.08495e-01,2.80079e+00,5.52308e+00,2.73567e+00,5.62034e+01,1.16282e-01,7.36320e+00,9.21757e-01,9.02782e-01,3.20457e-01,3.97499e+02,5.59167e+00,2.09634e-01,3.92721e-01,1.29391e+01
5.28445e-01,2.88132e+01,1.35660e-01,6.22087e+00,7.29686e-02,2.99124e-01,2.71850e+00,5.34589e+00,2.53659e+00,5.47514e+01,1.19663e-01,7.88689e+00,8.66832e-01,8.60438e-01,3.02675e-01,4.23019e+02,5.17991e+00,2.07186e-01,3.86880e-01,1.23287e+01
5.04337e-01,2.88202e+01,1.34551e-01,6.33459e+00,7.23222e-02,2.89785e-01,2.61858e+00,5.16317e+00,2.35701e+00,5.35917e+01,1.23289e-01,9.07386e+00,8.18511e-01,8.22086e-01,2.86927e-01,4.05951e+02,4.80785e+00,2.04770e-01,3.80457e-01,1.18064e+01
4.82321e-01,2.86339e+01,1.33661e-01,6.43322e+00,7.17328e-02,2.80533e-01,2.50638e+00,4.97882e+00,2.19486e+00,5.29842e+01,1.27028e-01,1.12214e+01,7.75684e-01,7.87389e-01,2.72940e-01,3.69964e+02,4.47124e+00,2.02412e-01,3.73619e-01,1.13581e+01
4.62204e-01,2.82957e+01,1.32968e-01,6.49867e+00,7.12139e-02,2.71432e-01,2.38667e+00,4.79572e+00,2.04858e+00,5.25034e+01,1.30753e-01,1.44649e+01,7.37522e-01,7.56011e-01,2.60521e-01,3.14959e+02,4.16577e+00,2.00177e-01,3.66480e-01,1.09635e+01
4.43790e-01,2.78464e+01,1.32416e-01,6.52262e+00,7.07487e-02,2.62498e-01,2.26333e+00,4.61620e+00,1.91652e+00,5.18310e+01,1.34351e-01,1.87837e+01,7.03273e-01,7.27619e-01,2.49460e-01,2.55845e+02,3.88796e+00,1.98065e-01,3.59166e-01,1.06047e+01
4.26901e-01,2.73145e+01,1.31995e-01,6.50152e+00,7.03281e-02,2.53767e-01,2.13927e+00,4.44191e+00,1.79741e+00,5.08260e+01,1.37720e-01,2.40575e+01,6.72427e-01,7.01886e-01,2.39611e-01,1.63716e+02,3.63481e+00,1.96118e-01,3.51724e-01,1.02636e+01
4.11402e-01,2.67192e+01,1.31674e-01,6.43805e+00,6.99584e-02,2.45261e-01,2.01671e+00,4.27362e+00,1.69002e+00,4.94316e+01,1.40779e-01,3.00101e+01,6.44448e-01,6.78537e-01,2.30801e-01,8.86311e+01,3.40403e+00,1.94345e-01,3.44221e-01,9.92419e+00
3.97118e-01,2.60733e+01,1.31415e-01,6.33775e+00,6.96332e-02,2.37003e-01,1.89724e+00,4.11077e+00,1.59332e+00,4.78384e+01,1.43477e-01,3.61384e+01,6.18843e-01,6.57271e-01,2.22947e-01,4.83695e+01,3.19298e+00,1.92793e-01,3.36714e-01,9.57373e+00
3.83963e-01,2.53850e+01,1.31203e-01,6.20744e+00,6.93419e-02,2.29007e-01,1.78191e+00,3.95490e+00,1.50640e+00,4.67927e+01,1.45756e-01,4.18330e+01,5.95383e-01,6.37833e-01,2.15919e-01,3.04896e+01,2.99980e+00,1.91417e-01,3.29246e-01,9.20583e+00
3.71824e-01,2.46596e+01,1.31072e-01,6.05465e+00,6.90816e-02,2.21284e-01,1.67137e+00,3.81808e+00,1.42829e+00,5.27930e+01,1.47593e-01,4.66160e+01,5.73654e-01,6.19999e-01,2.09630e-01,2.63526e+01,2.82263e+00,1.90232e-01,3.21830e-01,8.81803e+00
3.60619e-01,2.38966e+01,1.30969e-01,5.88603e+00,6.88558e-02,2.13832e-01,1.56604e+00,3.73799e+00,1.35821e+00,7.58293e+01,1.48970e-01,5.02641e+01,5.53495e-01,6.03588e-01,2.03997e-01,2.41209e+01,2.66003e+00,1.89224e-01,3.14537e-01,8.41080e+00
3.50254e-01,2.30935e+01,1.30881e-01,5.70784e+00,6.86581e-02,2.06674e-01,1.46616e+00,3.77248e+00,1.29550e+00,1.05765e+02,1.49899e-01,5.27678e+01,5.34755e-01,5.88431e-01,1.98956e-01,2.23650e+01,2.51058e+00,1.88389e-01,3.07353e-01,7.98903e+00
3.40664e-01,2.22478e+01,1.30816e-01,5.52433e+00,6.84888e-02,1.99809e-01,1.37181e+00,3.94726e+00,1.23950e+00,1.32914e+02,1.50382e-01,5.42420e+01,5.17212e-01,5.74394e-01,1.94445e-01,2.08487e+01,2.37310e+00,1.87701e-01,3.00333e-01,7.55798e+00
3.31792e-01,2.13605e+01,1.30786e-01,5.33948e+00,6.83462e-02,1.93230e-01,1.28304e+00,4.22187e+00,1.18954e+00,1.55566e+02,1.50438e-01,5.48513e+01,5.00809e-01,5.61361e-01,1.90388e-01,1.94991e+01,2.24641e+00,1.87137e-01,2.93480e-01,7.12374e+00
3.23596e-01,2.04396e+01,1.30781e-01,5.15596e+00,6.82242e-02,1.86930e-01,1.19970e+00,4.53599e+00,1.14510e+00,1.71375e+02,1.50102e-01,5.47926e+01,4.85436e-01,5.49219e-01,1.86758e-01,1.82839e+01,2.12943e+00,1.86680e-01,2.86790e-01,6.69162e+00
3.15974e-01,1.95018e+01,1.30783e-01,4.97537e+00,6.81194e-02,1.80915e-01,1.12176e+00,4.85833e+00,1.10571e+00,1.75000e+02,1.49397e-01,5.42937e+01,4.70863e-01,5.37909e-01,1.83494e-01,1.71788e+01,2.02135e+00,1.86299e-01,2.80311e-01,6.26604e+00
3.08915e-01,1.85705e+01,1.30788e-01,4.80003e+00,6.80197e-02,1.75189e-01,1.04890e+00,5.18726e+00,1.07084e+00,1.67836e+02,1.48348e-01,5.36004e+01,4.57310e-01,5.27353e-01,1.80561e-01,1.61733e+01,1.92129e+00,1.86017e-01,2.74012e-01,5.85202e+00
3.02399e-01,1.76722e+01,1.30797e-01,4.63058e+00,6.79322e-02,1.69740e-01,9.80981e-01,5.52952e+00,1.04007e+00,1.55437e+02,1.47003e-01,5.29310e+01,4.44594e-01,5.17512e-01,1.77936e-01,1.52534e+01,1.82854e+00,1.85753e-01,2.67923e-01,5.45198e+00
2.96372e-01,1.68291e+01,1.30816e-01,4.46771e+00,6.78549e-02,1.64560e-01,9.17745e-01,5.88899e+00,1.01304e+00,1.42870e+02,1.45396e-01,5.24885e+01,4.32672e-01,5.08317e-01,1.75568e-01,1.44117e+01,1.74224e+00,1.85558e-01,2.62051e-01,5.06813e+00
2.90784e-01,1.60540e+01,1.30852e-01,4.31226e+00,6.77733e-02,1.59648e-01,8.58975e-01,6.27126e+00,9.89376e-01,1.30002e+02,1.43552e-01,5.26581e+01,4.21486e-01,4.99748e-01,1.73428e-01,1.36428e+01,1.66168e+00,1.85389e-01,2.56398e-01,4.70229e+00
2.85621e-01,1.53496e+01,1.30888e-01,4.16557e+00,6.76961e-02,1.55001e-01,8.04479e-01,6.71129e+00,9.68712e-01,1.17069e+02,1.41506e-01,5.45589e+01,4.11089e-01,4.91778e-01,1.71498e-01,1.29407e+01,1.58641e+00,1.85252e-01,2.50966e-01,4.35532e+00
2.80832e-01,1.47093e+01,1.30915e-01,4.03323e+00,6.76271e-02,1.50609e-01,7.54001e-01,7.34921e+00,9.50760e-01,1.04534e+02,1.39298e-01,6.05084e+01,4.01474e-01,4.84375e-01,1.69755e-01,1.22978e+01,1.51597e+00,1.85158e-01,2.45760e-01,4.02749e+00
2.76385e-01,1.41225e+01,1.30939e-01,3.93308e+00,6.75708e-02,1.46471e-01,7.07409e-01,8.54790e+00,9.35238e-01,9.19473e+01,1.36950e-01,7.23111e+01,3.92473e-01,4.77509e-01,1.68182e-01,1.17122e+01,1.44985e+00,1.85064e-01,2.40773e-01,3.71883e+00
2.72277e-01,1.35762e+01,1.30964e-01,3.90148e+00,6.75121e-02,1.42586e-01,6.64518e-01,1.06684e+01,9.21861e-01,7.94224e+01,1.34486e-01,8.86343e+01,3.84153e-01,4.71157e-01,1.66760e-01,1.11823e+01,1.38750e+00,1.84998e-01,2.36006e-01,3.42953e+00
2.68458e-01,1.30590e+01,1.30983e-01,3.97578e+00,6.74587e-02,1.38920e-01,6.25145e-01,1.34876e+01,9.10331e-01,6.78522e+01,1.31937e-01,1.06103e+02,3.76462e-01,4.65287e-01,1.65476e-01,1.07017e+01,1.32875e+00,1.84932e-01,2.31464e-01,3.15916e+00
2.64898e-01,1.25597e+01,1.30993e-01,4.15952e+00,6.73982e-02,1.35478e-01,5.89130e-01,1.64950e+01,9.00443e-01,5.83401e+01,1.29318e-01,1.21801e+02,3.69381e-01,4.59872e-01,1.64311e-01,1.02700e+01,1.27322e+00,1.84864e-01,2.27133e-01,2.90713e+00
2.61588e-01,1.20692e+01,1.31003e-01,4.41499e+00,6.73375e-02,1.32255e-01,5.56358e-01,1.94742e+01,8.91990e-01,5.00518e+01,1.26651e-01,1.33933e+02,3.62877e-01,4.54879e-01,1.63252e-01,9.87843e+00,1.22068e+00,1.84801e-01,2.23011e-01,2.67319e+00
2.58493e-01,1.15789e+01,1.31003e-01,4.69868e+00,6.72776e-02,1.29243e-01,5.26589e-01,2.23355e+01,8.84715e-01,4.17746e+01,1.23943e-01,1.41318e+02,3.56852e-01,4.50280e-01,1.62289e-01,9.52824e+00,1.17083e+00,1.84722e-01,2.19102e-01,2.45683e+00
2.55624e-01,1.10846e+01,1.30986e-01,4.99421e+00,6.72177e-02,1.26430e-01,4.99712e-01,2.48970e+01,8.78431e-01,3.43160e+01,1.21225e-01,1.43377e+02,3.51295e-01,4.46068e-01,1.61403e-01,9.21267e+00,1.12364e+00,1.84636e-01,2.15389e-01,2.25728e+00
2.52932e-01,1.05846e+01,1.30974e-01,5.68614e+00,6.71456e-02,1.23804e-01,4.75505e-01,2.69693e+01,8.72956e-01,2.88211e+01,1.18509e-01,1.40536e+02,3.46129e-01,4.42216e-01,1.60590e-01,8.92717e+00,1.07882e+00,1.84544e-01,2.11884e-01,2.07400e+00
2.50429e-01,1.00817e+01,1.30973e-01,2.22716e+01,6.70829e-02,1.21359e-01,4.53824e-01,2.82649e+01,8.68150e-01,2.50319e+01,1.15801e-01,1.34109e+02,3.41331e-01,4.38679e-01,1.59834e-01,8.66655e+00,1.03639e+00,1.84444e-01,2.08575e-01,1.90702e+00
2.48081e-01,9.58327e+00,1.30957e-01,7.85034e+01,6.70144e-02,1.19085e-01,4.34437e-01,2.87786e+01,8.63840e-01,2.21105e+01,1.13113e-01,1.25653e+02,3.36822e-01,4.35464e-01,1.59138e-01,8.42747e+00,9.96145e-01,1.84345e-01,2.05441e-01,1.75484e+00
2.45891e-01,9.09920e+00,1.30934e-01,1.38271e+02,6.69414e-02,1.16978e-01,4.17174e-01,2.87353e+01,8.59902e-01,1.96186e+01,1.10452e-01,1.16319e+02,3.32550e-01,4.32526e-01,1.58495e-01,8.20170e+00,9.58040e-01,1.84237e-01,2.02482e-01,1.61666e+00
2.43828e-01,8.64095e+00,1.30924e-01,1.87522e+02,6.68673e-02,1.15026e-01,4.01850e-01,2.82925e+01,8.56170e-01,1.75052e+01,1.07829e-01,1.06718e+02,3.28476e-01,4.29841e-01,1.57901e-01,7.98740e+00,9.21999e-01,1.84122e-01,1.99701e-01,1.49248e+00
2.41884e-01,8.21723e+00,1.30903e-01,2.26750e+02,6.68047e-02,1.13213e-01,3.88246e-01,2.74944e+01,8.52563e-01,1.57927e+01,1.05253e-01,9.71252e+01,3.24528e-01,4.27380e-01,1.57347e-01,7.77846e+00,8.87947e-01,1.84000e-01,1.97079e-01,1.38045e+00
2.40047e-01,7.83363e+00,1.30869e-01,2.46416e+02,6.67325e-02,1.11536e-01,3.76192e-01,2.63936e+01,8.48982e-01,1.44395e+01,1.02732e-01,8.76550e+01,3.20704e-01,4.25119e-01,1.56820e-01,7.57163e+00,8.55804e-01,1.83869e-01,1.94594e-01,1.28049e+00
2.38316e-01,7.49273e+00,1.30836e-01,2.62732e+02,6.66548e-02,1.09989e-01,3.65526e-01,2.51578e+01,8.45383e-01,1.33575e+01,1.00271e-01,7.84256e+01,3.16962e-01,4.23043e-01,1.56341e-01,7.36343e+00,8.25507e-01,1.83724e-01,1.92270e-01,1.19080e+00
2.36682e-01,7.19374e+00,1.30786e-01,2.77424e+02,6.65742e-02,1.08576e-01,3.56046e-01,2.39612e+01,8.41696e-01,1.24622e+01,9.78893e-02,6.96236e+01,3.13270e-01,4.21122e-01,1.55883e-01,7.15222e+00,7.97025e-01,1.83564e-01,1.90078e-01,1.11091e+00
2.35136e-01,6.93542e+00,1.30719e-01,2.78366e+02,6.64906e-02,1.07277e-01,3.47630e-01,2.28728e+01,8.37848e-01,1.16931e+01,9.55750e-02,6.14440e+01,3.09649e-01,4.19365e-01,1.55460e-01,6.93627e+00,7.70190e-01,1.83377e-01,1.87996e-01,1.03959e+00
2.33666e-01,6.71640e+00,1.30643e-01,2.69785e+02,6.63927e-02,1.06082e-01,3.40130e-01,2.18761e+01,8.33890e-01,1.10136e+01,9.33469e-02,5.39825e+01,3.06068e-01,4.17757e-01,1.55064e-01,6.71542e+00,7.45028e-01,1.83182e-01,1.86058e-01,9.76273e-01
2.32282e-01,6.53444e+00,1.30567e-01,2.56532e+02,6.62996e-02,1.04987e-01,3.33420e-01,2.09255e+01,8.29773e-01,1.04009e+01,9.11961e-02,4.72191e+01,3.02560e-01,4.16256e-01,1.54688e-01,6.48971e+00,7.21418e-01,1.82974e-01,1.84226e-01,9.19518e-01
2.30961e-01,6.38807e+00,1.30492e-01,2.35160e+02,6.62143e-02,1.03988e-01,3.27380e-01,1.99915e+01,8.25524e-01,9.83980e+00,8.91276e-02,4.11294e+01,2.99084e-01,4.14865e-01,1.54327e-01,6.25955e+00,6.99353e-01,1.82767e-01,1.82512e-01,8.69383e-01
2.29733e-01,6.27565e+00,1.30415e-01,2.11428e+02,6.61304e-02,1.03068e-01,3.21900e-01,1.90543e+01,8.21211e-01,9.32057e+00,8.71433e-02,3.57704e+01,2.95723e-01,4.13600e-01,1.53998e-01,6.02604e+00,6.78712e-01,1.82544e-01,1.80908e-01,8.24379e-01
2.28561e-01,6.19560e+00,1.30339e-01,1.83814e+02,6.60404e-02,1.02235e-01,3.16921e-01,1.81095e+01,8.16826e-01,8.83727e+00,8.52473e-02,3.12395e+01,2.92411e-01,4.12413e-01,1.53691e-01,5.79123e+00,6.59479e-01,1.82314e-01,1.79400e-01,7.84169e-01
2.27443e-01,6.14554e+00,1.30255e-01,1.47530e+02,6.59527e-02,1.01471e-01,3.12356e-01,1.71752e+01,8.12405e-01,8.38606e+00,8.34353e-02,2.75559e+01,2.89216e-01,4.11307e-01,1.53401e-01,5.55568e+00,6.41504e-01,1.82079e-01,1.77968e-01,7.48160e-01
2.26365e-01,6.12209e+00,1.30164e-01,1.08450e+02,6.58550e-02,1.00784e-01,3.08137e-01,1.62663e+01,8.08045e-01,7.96340e+00,8.17101e-02,2.46285e+01,2.86148e-01,4.10282e-01,1.53126e-01,5.32120e+00,6.24784e-01,1.81830e-01,1.76629e-01,7.15841e-01
2.25344e-01,6.12046e+00,1.30066e-01,7.64118e+01,6.57562e-02,1.00159e-01,3.04242e-01,1.53745e+01,8.03723e-01,7.56750e+00,8.00802e-02,2.23036e+01,2.83189e-01,4.09296e-01,1.52862e-01,5.08854e+00,6.09210e-01,1.81569e-01,1.75379e-01,6.86692e-01
2.24362e-01,6.13387e+00,1.29949e-01,5.45265e+01,6.56548e-02,9.95855e-02,3.00591e-01,1.44900e+01,7.99528e-01,7.19558e+00,7.85420e-02,2.04255e+01,2.80381e-01,4.08371e-01,1.52622e-01,4.85880e+00,5.94720e-01,1.81297e-01,1.74204e-01,6.60443e-01
2.23427e-01,6.15453e+00,1.29811e-01,3.88084e+01,6.55578e-02,9.90623e-02,2.97175e-01,1.36220e+01,7.95495e-01,6.84666e+00,7.70902e-02,1.88814e+01,2.77713e-01,4.07505e-01,1.52394e-01,4.63375e+00,5.81250e-01,1.81002e-01,1.73088e-01,6.36885e-01
2.22530e-01,6.17418e+00,1.29667e-01,2.90471e+01,6.54474e-02,9.85983e-02,2.93957e-01,1.27922e+01,7.91683e-01,6.51859e+00,7.57251e-02,1.75885e+01,2.75222e-01,4.06694e-01,1.52173e-01,4.41402e+00,5.68774e-01,1.80698e-01,1.72060e-01,6.15297e-01
2.21673e-01,6.18458e+00,1.29526e-01,2.46795e+01,6.53321e-02,9.81695e-02,2.90909e-01,1.20189e+01,7.88090e-01,6.20977e+00,7.44392e-02,1.64835e+01,2.72867e-01,4.05914e-01,1.51961e-01,4.19979e+00,5.57203e-01,1.80389e-01,1.71087e-01,5.95791e-01
2.20849e-01,6.17802e+00,1.29390e-01,2.27736e+01,6.52238e-02,9.77819e-02,2.88010e-01,1.13089e+01,7.84751e-01,5.91874e+00,7.32362e-02,1.55219e+01,2.70694e-01,4.05167e-01,1.51763e-01,3.99143e+00,5.46472e-01,1.80078e-01,1.70194e-01,5.78073e-01
2.20075e-01,6.15057e+00,1.29243e-01,2.16283e+01,6.51133e-02,9.74395e-02,2.85252e-01,1.06565e+01,7.81711e-01,5.64487e+00,7.21083e-02,1.46665e+01,2.68674e-01,4.04451e-01,1.51564e-01,3.78960e+00,5.36500e-01,1.79765e-01,1.69341e-01,5.61924e-01
2.19322e-01,6.09865e+00,1.29090e-01,2.06986e+01,6.50030e-02,9.71230e-02,2.82622e-01,1.00519e+01,7.78933e-01,5.38688e+00,7.10589e-02,1.38875e+01,2.66786e-01,4.03767e-01,1.51378e-01,3.59522e+00,5.27258e-01,1.79443e-01,1.68547e-01,5.47123e-01
2.18612e-01,6.02198e+00,1.28938e-01,1.98404e+01,6.48919e-02,9.68335e-02,2.80101e-01,9.48685e+00,7.76464e-01,5.14349e+00,7.00773e-02,1.31669e+01,2.65061e-01,4.03118e-01,1.51205e-01,3.40776e+00,5.18715e-01,1.79112e-01,1.67778e-01,5.33423e-01
2.17914e-01,5.92178e+00,1.28786e-01,1.90152e+01,6.47723e-02,9.65679e-02,2.77692e-01,8.95428e+00,7.74269e-01,4.91453e+00,6.91695e-02,1.24922e+01,2.63436e-01,4.02488e-01,1.51039e-01,3.22711e+00,5.10835e-01,1.78776e-01,1.67066e-01,5.20940e-01
2.17239e-01,5.80026e+00,1.28627e-01,1.82232e+01,6.46535e-02,9.63139e-02,2.75374e-01,8.44920e+00,7.72378e-01,4.69843e+00,6.83282e-02,1.18586e+01,2.62001e-01,4.01864e-01,1.50870e-01,3.05406e+00,5.03484e-01,1.78433e-01,1.66394e-01,5.09521e-01
2.16579e-01,5.66129e+00,1.28454e-01,1.74646e+01,6.45324e-02,9.60964e-02,2.73153e-01,7.96806e+00,7.70700e-01,4.49474e+00,6.75537e-02,1.12612e+01,2.60631e-01,4.01244e-01,1.50705e-01,2.88843e+00,4.96676e-01,1.78085e-01,1.65767e-01,4.98930e-01
2.15949e-01,5.50899e+00,1.28257e-01,1.67271e+01,6.44152e-02,9.58865e-02,2.71030e-01,7.51218e+00,7.69322e-01,4.30236e+00,6.68417e-02,1.07018e+01,2.59380e-01,4.00649e-01,1.50549e-01,2.72942e+00,4.90367e-01,1.77717e-01,1.65182e-01,4.89077e-01
2.15337e-01,5.34851e+00,1.28050e-01,1.60009e+01,6.42823e-02,9.56992e-02,2.68980e-01,7.08401e+00,7.68133e-01,4.12105e+00,6.61907e-02,1.01793e+01,2.58256e-01,4.00077e-01,1.50402e-01,2.57770e+00,4.84558e-01,1.77324e-01,1.64624e-01,4.79971e-01
2.14742e-01,5.19333e+00,1.27851e-01,1.52827e+01,6.41523e-02,9.55194e-02,2.67015e-01,6.68417e+00,7.67155e-01,3.94995e+00,6.55909e-02,9.69625e+00,2.57591e-01,3.99515e-01,1.50248e-01,2.43323e+00,4.79163e-01,1.76931e-01,1.64110e-01,4.71512e-01
2.14162e-01,5.12287e+00,1.27652e-01,1.45845e+01,6.40297e-02,9.53525e-02,2.65130e-01,6.31099e+00,7.66386e-01,3.78822e+00,6.50348e-02,9.25141e+00,2.66792e-01,3.98930e-01,1.50098e-01,2.29525e+00,4.74182e-01,1.76540e-01,1.63608e-01,4.63655e-01
2.13590e-01,6.34634e+00,1.27448e-01,1.39187e+01,6.38948e-02,9.51960e-02,2.63322e-01,5.96102e+00,7.65734e-01,3.63582e+00,6.45214e-02,8.84494e+00,2.76004e-01,3.98357e-01,1.49953e-01,2.16414e+00,4.69602e-01,1.76144e-01,1.63151e-01,4.56406e-01
2.13035e-01,2.00609e+01,1.27245e-01,1.32945e+01,6.37662e-02,9.50457e-02,2.61587e-01,5.63241e+00,7.65246e-01,3.49214e+00,6.40538e-02,8.47817e+00,2.88684e-01,3.97786e-01,1.49801e-01,2.03969e+00,4.65348e-01,1.75740e-01,1.62703e-01,4.49836e-01
2.12488e-01,5.49706e+01,1.27037e-01,1.27138e+01,6.36416e-02,9.49049e-02,2.59917e-01,5.32360e+00,7.64845e-01,3.35629e+00,6.36203e-02,8.14698e+00,3.05421e-01,3.97238e-01,1.49650e-01,1.92131e+00,4.61409e-01,1.75334e-01,1.62265e-01,4.43860e-01
2.11951e-01,9.63717e+01,1.26820e-01,1.21693e+01,6.35166e-02,9.47713e-02,2.58319e-01,5.03519e+00,7.64536e-01,3.22811e+00,6.32360e-02,7.85169e+00,3.11173e-01,3.96692e-01,1.49504e-01,1.80932e+00,4.57833e-01,1.74924e-01,1.61858e-01,4.38246e-01
2.11424e-01,1.30234e+02,1.26605e-01,1.16558e+01,6.33826e-02,9.46398e-02,2.56792e-01,4.76732e+00,7.64292e-01,3.10711e+00,6.28927e-02,7.59101e+00,3.07065e-01,3.96141e-01,1.49360e-01,1.70346e+00,4.54548e-01,1.74511e-01,1.61460e-01,4.32860e-01
2.10902e-01,1.59744e+02,1.26378e-01,1.11657e+01,6.32524e-02,9.45208e-02,2.55317e-01,4.51941e+00,7.64091e-01,2.99289e+00,6.25699e-02,7.36293e+00,2.99301e-01,3.95591e-01,1.49220e-01,1.60359e+00,4.51520e-01,1.74086e-01,1.61081e-01,4.27696e-01
2.10401e-01,1.83873e+02,1.26141e-01,1.06915e+01,6.31203e-02,9.44113e-02,2.53897e-01,4.29079e+00,7.63909e-01,2.88479e+00,6.22860e-02,7.16563e+00,2.91183e-01,3.95038e-01,1.49087e-01,1.50970e+00,4.48714e-01,1.73649e-01,1.60711e-01,4.22694e-01
2.09905e-01,1.99288e+02,1.25886e-01,1.02328e+01,6.29766e-02,9.43015e-02,2.52556e-01,4.07977e+00,7.63753e-01,2.78278e+00,6.20245e-02,6.99557e+00,2.84435e-01,3.94475e-01,1.48956e-01,1.42111e+00,4.46176e-01,1.73198e-01,1.60365e-01,4.17962e-01
2.09411e-01,2.09653e+02,1.25632e-01,9.78971e+00,6.28371e-02,9.41963e-02,2.51262e-01,3.88502e+00,7.63613e-01,2.68655e+00,6.17833e-02,6.85160e+00,2.80080e-01,3.93935e-01,1.48822e-01,1.33841e+00,4.43855e-01,1.72742e-01,1.60035e-01,4.13529e-01
2.08927e-01,2.21796e+02,1.25386e-01,9.36401e+00,6.26974e-02,9.40911e-02,2.50012e-01,3.70535e+00,7.63435e-01,2.59581e+00,6.15598e-02,6.72719e+00,2.78627e-01,3.93376e-01,1.48680e-01,1.26068e+00,4.41736e-01,1.72284e-01,1.59711e-01,4.09367e-01
2.08455e-01,2.30440e+02,1.25142e-01,8.96050e+00,6.25610e-02,9.39883e-02,2.48819e-01,3.53972e+00,7.63245e-01,2.50995e+00,6.13548e-02,6.61969e+00,2.80470e-01,3.92802e-01,1.48543e-01,1.18842e+00,4.39802e-01,1.71830e-01,1.59389e-01,4.05487e-01
2.07986e-01,2.31311e+02,1.24894e-01,8.58293e+00,6.24314e-02,9.38951e-02,2.47676e-01,3.38669e+00,7.63034e-01,2.42911e+00,6.11712e-02,6.52343e+00,2.86241e-01,3.92244e-01,1.48398e-01,1.12104e+00,4.38056e-01,1.71371e-01,1.59072e-01,4.01881e-01
2.07535e-01,2.26824e+02,1.24641e-01,8.23330e+00,6.22948e-02,9.37925e-02,2.46570e-01,3.24505e+00,7.62767e-01,2.35270e+00,6.10024e-02,6.43366e+00,2.96584e-01,3.91690e-01,1.48253e-01,1.05826e+00,4.36458e-01,1.70908e-01,1.58743e-01,3.98487e-01
2.07079e-01,2.20731e+02,1.24379e-01,7.90933e+00,6.21519e-02,9.36859e-02,2.45504e-01,3.11408e+00,7.62476e-01,2.28059e+00,6.08497e-02,6.34648e+00,3.11847e-01,3.91137e-01,1.48103e-01,1.00025e+00,4.35035e-01,1.70438e-01,1.58433e-01,3.95321e-01
2.06643e-01,2.10956e+02,1.24120e-01,7.60733e+00,6.20123e-02,9.35785e-02,2.44496e-01,2.99296e+00,7.62120e-01,2.21246e+00,6.07093e-02,6.26446e+00,3.31175e-01,3.90576e-01,1.47952e-01,9.46571e-01,4.33731e-01,1.69963e-01,1.58121e-01,3.92310e-01
2.06210e-01,1.95100e+02,1.23858e-01,7.32709e+00,6.18690e-02,9.34693e-02,2.43527e-01,2.88041e+00,7.61732e-01,2.14830e+00,6.05770e-02,6.21954e+00,3.52617e-01,3.90000e-01,1.47810e-01,8.96950e-01,4.32545e-01,1.69478e-01,1.57821e-01,3.89520e-01
2.05776e-01,1.79073e+02,1.23582e-01,7.06314e+00,6.17313e-02,9.33669e-02,2.42599e-01,2.77567e+00,7.61285e-01,2.08762e+00,6.04596e-02,6.40987e+00,3.73464e-01,3.89403e-01,1.47656e-01,8.51402e-01,4.31502e-01,1.68986e-01,1.57511e-01,3.86905e-01
2.05351e-01,1.62492e+02,1.23287e-01,6.81449e+00,6.15831e-02,9.32558e-02,2.41699e-01,2.67831e+00,7.60792e-01,2.03055e+00,6.03458e-02,7.92832e+00,3.91823e-01,3.88798e-01,1.47504e-01,8.09097e-01,4.30521e-01,1.68488e-01,1.57209e-01,3.84470e-01
2.04924e-01,1.37953e+02,1.22990e-01,6.58053e+00,6.14322e-02,9.31466e-02,2.40850e-01,2.58713e+00,7.60243e-01,1.97664e+00,6.02372e-02,1.42592e+01,4.07296e-01,3.88194e-01,1.47348e-01,7.70458e-01,4.29638e-01,1.67987e-01,1.56909e-01,3.82182e-01
2.04493e-01,1.05157e+02,1.22699e-01,6.35745e+00,6.12946e-02,9.30375e-02,2.40034e-01,2.50198e+00,7.59634e-01,1.92608e+00,6.01365e-02,2.86582e+01,4.20754e-01,3.87586e-01,1.47194e-01,7.35090e-01,4.28835e-01,1.67490e-01,1.56615e-01,3.80022e-01
2.04065e-01,7.37512e+01,1.22419e-01,6.14518e+00,6.11517e-02,9.29234e-02,2.39249e-01,2.42233e+00,7.58989e-01,1.87837e+00,6.00393e-02,5.04798e+01,4.32787e-01,3.86946e-01,1.47040e-01,7.02520e-01,4.28105e-01,1.66991e-01,1.56312e-01,3.78039e-01
2.03645e-01,5.29082e+01,1.22140e-01,5.94213e+00,6.10130e-02,9.28039e-02,2.38502e-01,2.34751e+00,7.58291e-01,1.83306e+00,5.99434e-02,7.62251e+01,4.43043e-01,3.86310e-01,1.46876e-01,6.72650e-01,4.27414e-01,1.66494e-01,1.56016e-01,3.76229e-01
2.03225e-01,3.85126e+01,1.21852e-01,5.74719e+00,6.08673e-02,9.26867e-02,2.37784e-01,2.27715e+00,7.57548e-01,1.79054e+00,5.98509e-02,1.01914e+02,4.50598e-01,3.85674e-01,1.46705e-01,6.45322e-01,4.26788e-01,1.65992e-01,1.55705e-01,3.74522e-01
2.02824e-01,2.73882e+01,1.21556e-01,5.55915e+00,6.07187e-02,9.25736e-02,2.37118e-01,2.21100e+00,7.56771e-01,1.75047e+00,5.97651e-02,1.25545e+02,4.54905e-01,3.85038e-01,1.46533e-01,6.20172e-01,4.26169e-01,1.65489e-01,1.55416e-01,3.73002e-01
2.02450e-01,2.07091e+01,1.21261e-01,5.37802e+00,6.05692e-02,9.24569e-02,2.36468e-01,2.14862e+00,7.55922e-01,1.71283e+00,5.96848e-02,1.46239e+02,4.56455e-01,3.84371e-01,1.46354e-01,5.97206e-01,4.25609e-01,1.64982e-01,1.55109e-01,3.71620e-01
2.02112e-01,1.74134e+01,1.20963e-01,5.20344e+00,6.04248e-02,9.23356e-02,2.35842e-01,2.08972e+00,7.55045e-01,1.67735e+00,5.96030e-02,1.62819e+02,4.56609e-01,3.83713e-01,1.46172e-01,5.76023e-01,4.25076e-01,1.64471e-01,1.54819e-01,3.70372e-01
2.01828e-01,1.57581e+01,1.20660e-01,5.03450e+00,6.02800e-02,9.22250e-02,2.35253e-01,2.03427e+00,7.54120e-01,1.64406e+00,5.95240e-02,1.75082e+02,4.57014e-01,3.83050e-01,1.45999e-01,5.56552e-01,4.24567e-01,1.63963e-01,1.54512e-01,3.69258e-01
2.01582e-01,1.47772e+01,1.20349e-01,4.87188e+00,6.01301e-02,9.21107e-02,2.34688e-01,1.98132e+00,7.53142e-01,1.61268e+00,5.94441e-02,1.84575e+02,4.59102e-01,3.82380e-01,1.45820e-01,5.38714e-01,4.24050e-01,1.63450e-01,1.54224e-01,3.68264e-01
2.01412e-01,1.40743e+01,1.20027e-01,4.71399e+00,5.99839e-02,9.19908e-02,2.34157e-01,1.93152e+00,7.52150e-01,1.58315e+00,5.93646e-02,1.92449e+02,4.63502e-01,3.81711e-01,1.45635e-01,5.22357e-01,4.23567e-01,1.62931e-01,1.53932e-01,3.67387e-01
2.01327e-01,1.34935e+01,1.19714e-01,4.56167e+00,5.98411e-02,9.18716e-02,2.33641e-01,1.88396e+00,7.51090e-01,1.55540e+00,5.92839e-02,1.97862e+02,4.70064e-01,3.81046e-01,1.45451e-01,5.07232e-01,4.23093e-01,1.62413e-01,1.53640e-01,3.66594e-01
2.01311e-01,1.29794e+01,1.19408e-01,4.41421e+00,5.96902e-02,9.17494e-02,2.33150e-01,1.83881e+00,7.50009e-01,1.52926e+00,5.91993e-02,1.99785e+02,4.77799e-01,3.80378e-01,1.45273e-01,4.93228e-01,4.22627e-01,1.61892e-01,1.53339e-01,3.65941e-01
2.01370e-01,1.24992e+01,1.19103e-01,4.27196e+00,5.95447e-02,9.16285e-02,2.32677e-01,1.79584e+00,7.48885e-01,1.50474e+00,5.91141e-02,1.98514e+02,4.85409e-01,3.79711e-01,1.45087e-01,4.80364e-01,4.22157e-01,1.61374e-01,1.53025e-01,3.65366e-01
2.01500e-01,1.20470e+01,1.18797e-01,4.13424e+00,5.94068e-02,9.15018e-02,2.32230e-01,1.75479e+00,7.47736e-01,1.48160e+00,5.90313e-02,1.94720e+02,4.91503e-01,3.79057e-01,1.44894e-01,4.68543e-01,4.21687e-01,1.60860e-01,1.52697e-01,3.64919e-01
2.01695e-01,1.16183e+01,1.18479e-01,4.00096e+00,5.92608e-02,9.13673e-02,2.31797e-01,1.71547e+00,7.46566e-01,1.45987e+00,5.89493e-02,1.88160e+02,4.95026e-01,3.78419e-01,1.44695e-01,4.57597e-01,4.21208e-01,1.60350e-01,1.52383e-01,3.64514e-01
2.01942e-01,1.12100e+01,1.18157e-01,3.87269e+00,5.91163e-02,9.12336e-02,2.31380e-01,1.67794e+00,7.45346e-01,1.43948e+00,5.88691e-02,1.78536e+02,4.95276e-01,3.77803e-01,1.44487e-01,4.47439e-01,4.20748e-01,1.59836e-01,1.52065e-01,3.64241e-01
2.02233e-01,1.08201e+01,1.17832e-01,3.74745e+00,5.89702e-02,9.11012e-02,2.30985e-01,1.64196e+00,7.44104e-01,1.42028e+00,5.87870e-02,1.66779e+02,4.92025e-01,3.77204e-01,1.44282e-01,4.38040e-01,4.20282e-01,1.59315e-01,1.51745e-01,3.63969e-01
2.02527e-01,1.04484e+01,1.17512e-01,3.62818e+00,5.88293e-02,9.09686e-02,2.30590e-01,1.60747e+00,7.42844e-01,1.40223e+00,5.87041e-02,1.53575e+02,4.85366e-01,3.76613e-01,1.44082e-01,4.29387e-01,4.19812e-01,1.58798e-01,1.51429e-01,3.63850e-01
2.02816e-01,1.00925e+01,1.17183e-01,3.51126e+00,5.86832e-02,9.08317e-02,2.30216e-01,1.57425e+00,7.41549e-01,1.38529e+00,5.86242e-02,1.37890e+02,4.75805e-01,3.76012e-01,1.43874e-01,4.21346e-01,4.19327e-01,1.58277e-01,1.51116e-01,3.63678e-01
2.03056e-01,9.75187e+00,1.16845e-01,3.40017e+00,5.85278e-02,9.06978e-02,2.29859e-01,1.54240e+00,7.40231e-01,1.36929e+00,5.85476e-02,1.18572e+02,4.63925e-01,3.75419e-01,1.43661e-01,4.13881e-01,4.18844e-01,1.57754e-01,1.50798e-01,3.63655e-01
2.03202e-01,9.42523e+00,1.16513e-01,3.29151e+00,5.83728e-02,9.05698e-02,2.29517e-01,1.51165e+00,7.38877e-01,1.35423e+00,5.84650e-02,9.65032e+01,4.50416e-01,3.74825e-01,1.43459e-01,4.06948e-01,4.18372e-01,1.57232e-01,1.50477e-01,3.63625e-01
2.03247e-01,9.10957e+00,1.16184e-01,3.18773e+00,5.82230e-02,9.04381e-02,2.29174e-01,1.48213e+00,7.37484e-01,1.34005e+00,5.83784e-02,7.46298e+01,4.35902e-01,3.74212e-01,1.43248e-01,4.00407e-01,4.17877e-01,1.56706e-01,1.50158e-01,3.63656e-01
2.03157e-01,8.80469e+00,1.15863e-01,3.08734e+00,5.80866e-02,9.03021e-02,2.28842e-01,1.45357e+00,7.36071e-01,1.32666e+00,5.82881e-02,5.59546e+01,4.20966e-01,3.73581e-01,1.43035e-01,3.94429e-01,4.17383e-01,1.56186e-01,1.49830e-01,3.63743e-01
2.02926e-01,8.51118e+00,1.15542e-01,2.99030e+00,5.79474e-02,9.01669e-02,2.28534e-01,1.42607e+00,7.34639e-01,1.31396e+00,5.81986e-02,4.14374e+01,4.06131e-01,3.72919e-01,1.42819e-01,3.88808e-01,4.16889e-01,1.55670e-01,1.49495e-01,3.63902e-01
2.02541e-01,8.22728e+00,1.15207e-01,2.89673e+00,5.78021e-02,9.00276e-02,2.28231e-01,1.39940e+00,7.33183e-01,1.30200e+00,5.81108e-02,3.05223e+01,3.91722e-01,3.72229e-01,1.42596e-01,3.83506e-01,4.16382e-01,1.55157e-01,1.49171e-01,3.64099e-01
2.02003e-01,7.95439e+00,1.14871e-01,2.80716e+00,5.76554e-02,8.98837e-02,2.27918e-01,1.37379e+00,7.31713e-01,1.29066e+00,5.80250e-02,2.27006e+01,3.78081e-01,3.71497e-01,1.42372e-01,3.78575e-01,4.15892e-01,1.54643e-01,1.48837e-01,3.64379e-01
2.01322e-01,7.69013e+00,1.14532e-01,2.72031e+00,5.75014e-02,8.97436e-02,2.27610e-01,1.34903e+00,7.30217e-01,1.27992e+00,5.79402e-02,1.76272e+01,3.65290e-01,3.70728e-01,1.42145e-01,3.74020e-01,4.15395e-01,1.54129e-01,1.48522e-01,3.64767e-01
2.00525e-01,7.43519e+00,1.14202e-01,2.63688e+00,5.73581e-02,8.95995e-02,2.27311e-01,1.32501e+00,7.28702e-01,1.26976e+00,5.78538e-02,1.46771e+01,3.53526e-01,3.69919e-01,1.41918e-01,3.69768e-01,4.14870e-01,1.53619e-01,1.48184e-01,3.65169e-01
1.99616e-01,7.19199e+00,1.13870e-01,2.55669e+00,5.72103e-02,8.94498e-02,2.27027e-01,1.30185e+00,7.27163e-01,1.26014e+00,5.77628e-02,1.30429e+01,3.42803e-01,3.69062e-01,1.41685e-01,3.65827e-01,4.14346e-01,1.53108e-01,1.47860e-01,3.65652e-01
1.98639e-01,6.95835e+00,1.13527e-01,2.47873e+00,5.70651e-02,8.93022e-02,2.26738e-01,1.27951e+00,7.25600e-01,1.25084e+00,5.76774e-02,1.20897e+01,3.33139e-01,3.68180e-01,1.41453e-01,3.62103e-01,4.13827e-01,1.52593e-01,1.47533e-01,3.66193e-01
1.97608e-01,6.73417e+00,1.13179e-01,2.40480e+00,5.69226e-02,8.91515e-02,2.26451e-01,1.25792e+00,7.24029e-01,1.24210e+00,5.75953e-02,1.14535e+01,3.24455e-01,3.67271e-01,1.41220e-01,3.58577e-01,4.13289e-01,1.52080e-01,1.47195e-01,3.66842e-01
1.96555e-01,6.51953e+00,1.12848e-01,2.33297e+00,5.67726e-02,8.90093e-02,2.26170e-01,1.23696e+00,7.22430e-01,1.23376e+00,5.75040e-02,1.09660e+01,3.16729e-01,3.66341e-01,1.40986e-01,3.55305e-01,4.12746e-01,1.51571e-01,1.46872e-01,3.67524e-01
1.95511e-01,6.31473e+00,1.12517e-01,2.26425e+00,5.66271e-02,8.88608e-02,2.25881e-01,1.21676e+00,7.20821e-01,1.22578e+00,5.74070e-02,1.05537e+01,3.09917e-01,3.65411e-01,1.40747e-01,3.52209e-01,4.12193e-01,1.51063e-01,1.46534e-01,3.68372e-01
1.94480e-01,6.12014e+00,1.12192e-01,2.19806e+00,5.64894e-02,8.87136e-02,2.25597e-01,1.19728e+00,7.19187e-01,1.21810e+00,5.73101e-02,1.01825e+01,3.03877e-01,3.64458e-01,1.40506e-01,3.49340e-01,4.11630e-01,1.50560e-01,1.46189e-01,3.69282e-01
1.93475e-01,5.93425e+00,1.11856e-01,2.13428e+00,5.63544e-02,8.85631e-02,2.25307e-01,1.17839e+00,7.17549e-01,1.21075e+00,5.72154e-02,9.83964e+00,2.98572e-01,3.63504e-01,1.40260e-01,3.46671e-01,4.11065e-01,1.50063e-01,1.45860e-01,3.70365e-01
1.92513e-01,5.75713e+00,1.11519e-01,2.07313e+00,5.62157e-02,8.84127e-02,2.25022e-01,1.16016e+00,7.15893e-01,1.20368e+00,5.71229e-02,9.51804e+00,2.93921e-01,3.62568e-01,1.40007e-01,3.44173e-01,4.10498e-01,1.49563e-01,1.45523e-01,3.71577e-01
1.91614e-01,5.58769e+00,1.11182e-01,2.01464e+00,5.60693e-02,8.82575e-02,2.24732e-01,1.14266e+00,7.14237e-01,1.19698e+00,5.70299e-02,9.21190e+00,2.89867e-01,3.61643e-01,1.39763e-01,3.41825e-01,4.09917e-01,1.49056e-01,1.45188e-01,3.73019e-01
1.90753e-01,5.42520e+00,1.10835e-01,1.95785e+00,5.59338e-02,8.81100e-02,2.24443e-01,1.12580e+00,7.12558e-01,1.19053e+00,5.69349e-02,8.92102e+00,2.86284e-01,3.60722e-01,1.39516e-01,3.39612e-01,4.09349e-01,1.48556e-01,1.44849e-01,3.74697e-01
1.89955e-01,5.27035e+00,1.10499e-01,1.90367e+00,5.57929e-02,8.79529e-02,2.24160e-01,1.10968e+00,7.10853e-01,1.18420e+00,5.68371e-02,8.64143e+00,2.83134e-01,3.59782e-01,1.39262e-01,3.37497e-01,4.08746e-01,1.48052e-01,1.44516e-01,3.76720e-01
1.89196e-01,5.12206e+00,1.10161e-01,1.85216e+00,5.56506e-02,8.78015e-02,2.23864e-01,1.09401e+00,7.09149e-01,1.17823e+00,5.67393e-02,8.37448e+00,2.80337e-01,3.58868e-01,1.39014e-01,3.35607e-01,4.08142e-01,1.47546e-01,1.44171e-01,3.79052e-01
1.88505e-01,4.97972e+00,1.09816e-01,1.80190e+00,5.55132e-02,8.76487e-02,2.23561e-01,1.07896e+00,7.07431e-01,1.17246e+00,5.66407e-02,8.11563e+00,2.77834e-01,3.57961e-01,1.38770e-01,3.33799e-01,4.07539e-01,1.47046e-01,1.43830e-01,3.81833e-01
1.87849e-01,4.84225e+00,1.09478e-01,1.75415e+00,5.53763e-02,8.74985e-02,2.23252e-01,1.06465e+00,7.05692e-01,1.16674e+00,5.65462e-02,7.86639e+00,2.75557e-01,3.57072e-01,1.38518e-01,3.32083e-01,4.06932e-01,1.46542e-01,1.43502e-01,3.85026e-01
1.87238e-01,4.70980e+00,1.09147e-01,1.70874e+00,5.52417e-02,8.73388e-02,2.22940e-01,1.05095e+00,7.03946e-01,1.16140e+00,5.64508e-02,7.62561e+00,2.73522e-01,3.56187e-01,1.38261e-01,3.30431e-01,4.06299e-01,1.46038e-01,1.43162e-01,3.88639e-01
1.86662e-01,4.58241e+00,1.08820e-01,1.66502e+00,5.51094e-02,8.71793e-02,2.22624e-01,1.03782e+00,7.02208e-01,1.15621e+00,5.63529e-02,7.39270e+00,2.71647e-01,3.55310e-01,1.38002e-01,3.28929e-01,4.05678e-01,1.45543e-01,1.42814e-01,3.92678e-01
1.86099e-01,4.45857e+00,1.08488e-01,1.62316e+00,5.49706e-02,8.70189e-02,2.22310e-01,1.02523e+00,7.00473e-01,1.15113e+00,5.62561e-02,7.16752e+00,2.69917e-01,3.54436e-01,1.37733e-01,3.27582e-01,4.05037e-01,1.45055e-01,1.42475e-01,3.97111e-01
1.85563e-01,4.33912e+00,1.08147e-01,1.58304e+00,5.48314e-02,8.68581e-02,2.21991e-01,1.01336e+00,6.98718e-01,1.14626e+00,5.61580e-02,6.94939e+00,2.68296e-01,3.53584e-01,1.37467e-01,3.26267e-01,4.04400e-01,1.44570e-01,1.42141e-01,4.01760e-01
1.85043e-01,4.22344e+00,1.07808e-01,1.54496e+00,5.46783e-02,8.67015e-02,2.21670e-01,1.00199e+00,6.96954e-01,1.14162e+00,5.60607e-02,6.73883e+00,2.66791e-01,3.52734e-01,1.37200e-01,3.25067e-01,4.03760e-01,1.44083e-01,1.41809e-01,4.06621e-01
1.84537e-01,4.11148e+00,1.07480e-01,1.50879e+00,5.45429e-02,8.65418e-02,2.21354e-01,9.91115e-01,6.95171e-01,1.13705e+00,5.59637e-02,6.53542e+00,2.65354e-01,3.51881e-01,1.36931e-01,3.23979e-01,4.03135e-01,1.43601e-01,1.41469e-01,4.11476e-01
1.84056e-01,4.00228e+00,1.07156e-01,1.47409e+00,5.44131e-02,8.63874e-02,2.21031e-01,9.80893e-01,6.93372e-01,1.13271e+00,5.58633e-02,6.33943e+00,2.63980e-01,3.51030e-01,1.36662e-01,3.22968e-01,4.02443e-01,1.43125e-01,1.41134e-01,4.16213e-01
1.83581e-01,3.89686e+00,1.06824e-01,1.44079e+00,5.42745e-02,8.62336e-02,2.20705e-01,9.71345e-01,6.91583e-01,1.12851e+00,5.57663e-02,6.15072e+00,2.62663e-01,3.50175e-01,1.36382e-01,3.22031e-01,4.01802e-01,1.42645e-01,1.40803e-01,4.20736e-01
1.83105e-01,3.79429e+00,1.06484e-01,1.40944e+00,5.41345e-02,8.60748e-02,2.20383e-01,9.62269e-01,6.89794e-01,1.12445e+00,5.56676e-02,5.96935e+00,2.61429e-01,3.49328e-01,1.36110e-01,3.21224e-01,4.01144e-01,1.42160e-01,1.40455e-01,4.24873e-01
1.82644e-01,3.69409e+00,1.06145e-01,1.37958e+00,5.39962e-02,8.59125e-02,2.20050e-01,9.53584e-01,6.87985e-01,1.12053e+00,5.55640e-02,5.79566e+00,2.60254e-01,3.48481e-01,1.35841e-01,3.20538e-01,4.00470e-01,1.41675e-01,1.40132e-01,4.28712e-01
1.82177e-01,3.59840e+00,1.05823e-01,1.35123e+00,5.38620e-02,8.57461e-02,2.19706e-01,9.45552e-01,6.86171e-01,1.11681e+00,5.54598e-02,5.62863e+00,2.59137e-01,3.47628e-01,1.35567e-01,3.19885e-01,3.99792e-01,1.41190e-01,1.39801e-01,4.32182e-01
1.81718e-01,3.50396e+00,1.05502e-01,1.32422e+00,5.37324e-02,8.55822e-02,2.19366e-01,9.38046e-01,6.84357e-01,1.11317e+00,5.53580e-02,5.46861e+00,2.58089e-01,3.46772e-01,1.35285e-01,3.19375e-01,3.99119e-01,1.40709e-01,1.39452e-01,4.35500e-01
1.81267e-01,3.41262e+00,1.05181e-01,1.29868e+00,5.35992e-02,8.54212e-02,2.19029e-01,9.31071e-01,6.82538e-01,1.10966e+00,5.52572e-02,5.31562e+00,2.57071e-01,3.45926e-01,1.34999e-01,3.18900e-01,3.98439e-01,1.40239e-01,1.39116e-01,4.38792e-01
1.80808e-01,3.32402e+00,1.04864e-01,1.27450e+00,5.34631e-02,8.52574e-02,2.18690e-01,9.24608e-01,6.80710e-01,1.10636e+00,5.51557e-02,5.16918e+00,2.56101e-01,3.45072e-01,1.34709e-01,3.18597e-01,3.97768e-01,1.39767e-01,1.38780e-01,4.42244e-01
1.80348e-01,3.23732e+00,1.04543e-01,1.25136e+00,5.33251e-02,8.50946e-02,2.18331e-01,9.18590e-01,6.78875e-01,1.10314e+00,5.50496e-02,5.02953e+00,2.55179e-01,3.44225e-01,1.34421e-01,3.18296e-01,3.97110e-01,1.39297e-01,1.38448e-01,4.46114e-01
1.79894e-01,3.15360e+00,1.04234e-01,1.22971e+00,5.31971e-02,8.49350e-02,2.17987e-01,9.12911e-01,6.77047e-01,1.10005e+00,5.49396e-02,4.89547e+00,2.54299e-01,3.43373e-01,1.34138e-01,3.18051e-01,3.96466e-01,1.38832e-01,1.38118e-01,4.50693e-01
1.79445e-01,3.07274e+00,1.03933e-01,1.20936e+00,5.30586e-02,8.47681e-02,2.17637e-01,9.07731e-01,6.75207e-01,1.09704e+00,5.48303e-02,4.76815e+00,2.53471e-01,3.42510e-01,1.33854e-01,3.17932e-01,3.95809e-01,1.38372e-01,1.37782e-01,4.56112e-01
1.78983e-01,2.99363e+00,1.03621e-01,1.19002e+00,5.29214e-02,8.46044e-02,2.17283e-01,9.03021e-01,6.73358e-01,1.09417e+00,5.47299e-02,4.64529e+00,2.52666e-01,3.41649e-01,1.33572e-01,3.17941e-01,3.95154e-01,1.37908e-01,1.37447e-01,4.62633e-01
1.78522e-01,2.91674e+00,1.03295e-01,1.17172e+00,5.27910e-02,8.44445e-02,2.16943e-01,8.98743e-01,6.71512e-01,1.09140e+00,5.46316e-02,4.52827e+00,2.51904e-01,3.40788e-01,1.33290e-01,3.17909e-01,3.94518e-01,1.37442e-01,1.37110e-01,4.70268e-01
1.78065e-01,2.84216e+00,1.02970e-01,1.15442e+00,5.26621e-02,8.42771e-02,2.16577e-01,8.94890e-01,6.69649e-01,1.08877e+00,5.45303e-02,4.41504e+00,2.51181e-01,3.39929e-01,1.33016e-01,3.18041e-01,3.93893e-01,1.36976e-01,1.36787e-01,4.79026e-01
1.77613e-01,2.76989e+00,1.02647e-01,1.13825e+00,5.25383e-02,8.41096e-02,2.16233e-01,8.91408e-01,6.67791e-01,1.08624e+00,5.44233e-02,4.30699e+00,2.50482e-01,3.39067e-01,1.32743e-01,3.18251e-01,3.93256e-01,1.36508e-01,1.36454e-01,4.88704e-01
1.77161e-01,2.69973e+00,1.02327e-01,1.12286e+00,5.24097e-02,8.39442e-02,2.15872e-01,8.88257e-01,6.65942e-01,1.08376e+00,5.43185e-02,4.20293e+00,2.49852e-01,3.38193e-01,1.32470e-01,3.18499e-01,3.92632e-01,1.36050e-01,1.36108e-01,4.98979e-01
1.76706e-01,2.63149e+00,1.02004e-01,1.10852e+00,5.22777e-02,8.37793e-02,2.15511e-01,8.85386e-01,6.64097e-01,1.08144e+00,5.42164e-02,4.10298e+00,2.49228e-01,3.37329e-01,1.32195e-01,3.18814e-01,3.92022e-01,1.35603e-01,1.35785e-01,5.09433e-01
1.76252e-01,2.56554e+00,1.01675e-01,1.09512e+00,5.21417e-02,8.36161e-02,2.15144e-01,8.82911e-01,6.62240e-01,1.07914e+00,5.41144e-02,4.00624e+00,2.48635e-01,3.36466e-01,1.31906e-01,3.19207e-01,3.91426e-01,1.35157e-01,1.35451e-01,5.19585e-01
1.75795e-01,2.50094e+00,1.01342e-01,1.08236e+00,5.20103e-02,8.34496e-02,2.14770e-01,8.80697e-01,6.60382e-01,1.07694e+00,5.40071e-02,3.91297e+00,2.48052e-01,3.35613e-01,1.31619e-01,3.19639e-01,3.90815e-01,1.34706e-01,1.35125e-01,5.28893e-01
1.75342e-01,2.43901e+00,1.01015e-01,1.07049e+00,5.18848e-02,8.32825e-02,2.14397e-01,8.78780e-01,6.58516e-01,1.07479e+00,5.39034e-02,3.82259e+00,2.47487e-01,3.34738e-01,1.31329e-01,3.20165e-01,3.90206e-01,1.34264e-01,1.34800e-01,5.36834e-01
1.74890e-01,2.37831e+00,1.00699e-01,1.05931e+00,5.17520e-02,8.31160e-02,2.14008e-01,8.77179e-01,6.56651e-01,1.07273e+00,5.37986e-02,3.73524e+00,2.46970e-01,3.33869e-01,1.31033e-01,3.20774e-01,3.89598e-01,1.33825e-01,1.34472e-01,5.43095e-01
1.74430e-01,2.31965e+00,1.00378e-01,1.04897e+00,5.16256e-02,8.29572e-02,2.13622e-01,8.75626e-01,6.54779e-01,1.07074e+00,5.36954e-02,3.65045e+00,2.46439e-01,3.32991e-01,1.30735e-01,3.21372e-01,3.88970e-01,1.33379e-01,1.34139e-01,5.47349e-01
1.73985e-01,2.26317e+00,1.00054e-01,1.03943e+00,5.14984e-02,8.27996e-02,2.13239e-01,8.74293e-01,6.52927e-01,1.06884e+00,5.35964e-02,3.56833e+00,2.45919e-01,3.32125e-01,1.30433e-01,3.22071e-01,3.88335e-01,1.32933e-01,1.33806e-01,5.49559e-01
1.73531e-01,2.20840e+00,9.97311e-02,1.03058e+00,5.13679e-02,8.26281e-02,2.12845e-01,8.73238e-01,6.51075e-01,1.06697e+00,5.34956e-02,3.48839e+00,2.45425e-01,3.31263e-01,1.30143e-01,3.22827e-01,3.87672e-01,1.32482e-01,1.33482e-01,5.49783e-01
1.73084e-01,2.15517e+00,9.94250e-02,1.02223e+00,5.12435e-02,8.24632e-02,2.12457e-01,8.72278e-01,6.49218e-01,1.06516e+00,5.36144e-02,3.41101e+00,2.44908e-01,3.30396e-01,1.29854e-01,3.23608e-01,3.86975e-01,1.32033e-01,1.33159e-01,5.48197e-01
1.72628e-01,2.10375e+00,9.91237e-02,1.01448e+00,5.11185e-02,8.22972e-02,2.12066e-01,8.71495e-01,6.47370e-01,1.06339e+00,5.38523e-02,3.33581e+00,2.44411e-01,3.29514e-01,1.29556e-01,3.24474e-01,3.86238e-01,1.31589e-01,1.32823e-01,5.45065e-01
1.72191e-01,2.05414e+00,9.88136e-02,1.00734e+00,5.09932e-02,8.21324e-02,2.11676e-01,8.70803e-01,6.45520e-01,1.06166e+00,5.41130e-02,3.26276e+00,2.43907e-01,3.28648e-01,1.29253e-01,3.25395e-01,3.85479e-01,1.31158e-01,1.33004e-01,5.40598e-01
1.71736e-01,2.00561e+00,9.85043e-02,1.00077e+00,5.08643e-02,8.19696e-02,2.11278e-01,8.70263e-01,6.43851e-01,1.05996e+00,5.42500e-02,3.19176e+00,2.43412e-01,3.27773e-01,1.28944e-01,3.26373e-01,3.84661e-01,1.30736e-01,1.34234e-01,5.35160e-01
1.71285e-01,1.95883e+00,9.81950e-02,9.94734e-01,5.07330e-02,8.17979e-02,2.10886e-01,8.70034e-01,6.42149e-01,1.05843e+00,5.43174e-02,3.12278e+00,2.42932e-01,3.26907e-01,1.28643e-01,3.27399e-01,3.83832e-01,1.30480e-01,1.36054e-01,5.29009e-01
1.70827e-01,1.91358e+00,9.78902e-02,9.89147e-01,5.07765e-02,8.16330e-02,2.10496e-01,8.69948e-01,6.40500e-01,1.05679e+00,5.43641e-02,3.05550e+00,2.42438e-01,3.26039e-01,1.28345e-01,3.28473e-01,3.82960e-01,1.30517e-01,1.40158e-01,5.22376e-01
1.70374e-01,1.86977e+00,9.75873e-02,9.84128e-01,5.08602e-02,8.14713e-02,2.10128e-01,8.69770e-01,6.38933e-01,1.05525e+00,5.43773e-02,2.99005e+00,2.41904e-01,3.25175e-01,1.28046e-01,3.29625e-01,3.82058e-01,1.30321e-01,1.44699e-01,5.15484e-01
1.69928e-01,1.82702e+00,9.73277e-02,9.79590e-01,5.09215e-02,8.20384e-02,2.09867e-01,8.69590e-01,6.37373e-01,1.05372e+00,5.48274e-02,2.92643e+00,2.41421e-01,3.24310e-01,1.27904e-01,3.30840e-01,3.81102e-01,1.30326e-01,1.50449e-01,5.08395e-01
1.69480e-01,1.78613e+00,9.72667e-02,9.75916e-01,5.10175e-02,8.25624e-02,2.09604e-01,8.69426e-01,6.35839e-01,1.05219e+00,5.56769e-02,2.86465e+00,2.40950e-01,3.23466e-01,1.27745e-01,3.32075e-01,3.80104e-01,1.32669e-01,1.56169e-01,5.01249e-01
1.69171e-01,1.74823e+00,9.79260e-02,9.72836e-01,5.10768e-02,8.32143e-02,2.09276e-01,8.69347e-01,6.34631e-01,1.05065e+00,5.66944e-02,2.80455e+00,2.40489e-01,3.22960e-01,1.27654e-01,3.33365e-01,3.79085e-01,1.35530e-01,1.62291e-01,4.94044e-01
1.69708e-01,1.71589e+00,9.92255e-02,9.69550e-01,5.10840e-02,8.36478e-02,2.08875e-01,8.69417e-01,6.34508e-01,1.04913e+00,5.74412e-02,2.74610e+00,2.40044e-01,3.22979e-01,1.27640e-01,3.34711e-01,3.78035e-01,1.39105e-01,1.69071e-01,4.86882e-01
1.70895e-01,1.67934e+00,1.00924e-01,9.66641e-01,5.11001e-02,8.39075e-02,2.08477e-01,8.69546e-01,6.36105e-01,1.04762e+00,5.80076e-02,2.68941e+00,2.39585e-01,3.23699e-01,1.28077e-01,3.36107e-01,3.76988e-01,1.46697e-01,1.77131e-01,4.79696e-01
1.73891e-01,1.64111e+00,1.02823e-01,9.64147e-01,5.11302e-02,8.40626e-02,2.08150e-01,8.69707e-01,6.39877e-01,1.04608e+00,5.84320e-02,2.63443e+00,2.39086e-01,3.25543e-01,1.28476e-01,3.37579e-01,3.75937e-01,1.56727e-01,1.87238e-01,4.72341e-01
1.82903e-01,1.60592e+00,1.05046e-01,9.62053e-01,5.11337e-02,8.41518e-02,2.07903e-01,8.69975e-01,6.47971e-01,1.04465e+00,5.87210e-02,2.58112e+00,2.38617e-01,3.28723e-01,1.29102e-01,3.39087e-01,3.74891e-01,1.65197e-01,1.99915e-01,4.64936e-01
2.03481e-01,1.57202e+00,1.07411e-01,9.60121e-01,5.11006e-02,8.42021e-02,2.07739e-01,8.70371e-01,6.63229e-01,1.04316e+00,5.88576e-02,2.52973e+00,2.38151e-01,3.33220e-01,1.30102e-01,3.40742e-01,3.73859e-01,1.69568e-01,2.15407e-01,4.57308e-01
2.36730e-01,1.53967e+00,1.09242e-01,9.58425e-01,5.10389e-02,8.42099e-02,2.07685e-01,8.70878e-01,6.86819e-01,1.04174e+00,5.89018e-02,2.47971e+00,2.37713e-01,3.39845e-01,1.31351e-01,3.42492e-01,3.72808e-01,1.69716e-01,2.33130e-01,4.49675e-01
2.76047e-01,1.50892e+00,1.09949e-01,9.57057e-01,5.09489e-02,8.41596e-02,2.07817e-01,8.71514e-01,7.17131e-01,1.04032e+00,5.88885e-02,2.43132e+00,2.37301e-01,3.50388e-01,1.32768e-01,3.44347e-01,3.71814e-01,1.67128e-01,2.51590e-01,4.41967e-01
3.11754e-01,1.47891e+00,1.09359e-01,9.55993e-01,5.08205e-02,8.40610e-02,2.08178e-01,8.72168e-01,7.50517e-01,1.03893e+00,5.88484e-02,2.38441e+00,2.36938e-01,3.66334e-01,1.34374e-01,3.46241e-01,3.70786e-01,1.63206e-01,2.68729e-01,4.34293e-01
3.37524e-01,1.45005e+00,1.07705e-01,9.55339e-01,5.06702e-02,8.39052e-02,2.08704e-01,8.72889e-01,7.82993e-01,1.03757e+00,5.87988e-02,2.33901e+00,2.36636e-01,3.87006e-01,1.36227e-01,3.48064e-01,3.69710e-01,1.58740e-01,2.82862e-01,4.26691e-01
3.52240e-01,1.42257e+00,1.05422e-01,9.54946e-01,5.05301e-02,8.37085e-02,2.09256e-01,8.73752e-01,8.11918e-01,1.03624e+00,5.87488e-02,2.29526e+00,2.36401e-01,4.09014e-01,1.38309e-01,3.49912e-01,3.68652e-01,1.54067e-01,2.93053e-01,4.19228e-01
3.58777e-01,1.39579e+00,1.02951e-01,9.54803e-01,5.04175e-02,8.34850e-02,2.09626e-01,8.74781e-01,8.36853e-01,1.03489e+00,5.87094e-02,2.25291e+00,2.36202e-01,4.28035e-01,1.40667e-01,3.51912e-01,3.67610e-01,1.49449e-01,2.99215e-01,4.11914e-01
3.61738e-01,1.37007e+00,1.00594e-01,9.55222e-01,5.03359e-02,8.32509e-02,2.09670e-01,8.75942e-01,8.59209e-01,1.03359e+00,5.87004e-02,2.21212e+00,2.36073e-01,4.41309e-01,1.43318e-01,3.54185e-01,3.66571e-01,1.45113e-01,3.01929e-01,4.04848e-01
3.64467e-01,1.34522e+00,9.85438e-02,9.57623e-01,5.02917e-02,8.30178e-02,2.09320e-01,8.77194e-01,8.81236e-01,1.03227e+00,5.87275e-02,2.17336e+00,2.35966e-01,4.48448e-01,1.46367e-01,3.56821e-01,3.65543e-01,1.41219e-01,3.02057e-01,3.98036e-01
3.66583e-01,1.32143e+00,9.68610e-02,9.66304e-01,5.03046e-02,8.27790e-02,2.08600e-01,8.78548e-01,9.05325e-01,1.03097e+00,5.87916e-02,2.13733e+00,2.35890e-01,4.50828e-01,1.49996e-01,3.59847e-01,3.64543e-01,1.37874e-01,3.00391e-01,3.91607e-01
3.64821e-01,1.29845e+00,9.55643e-02,9.91847e-01,5.03504e-02,8.25560e-02,2.07644e-01,8.79869e-01,9.33357e-01,1.02961e+00,5.88930e-02,2.10560e+00,2.35891e-01,4.50429e-01,1.54357e-01,3.63159e-01,3.63564e-01,1.35122e-01,2.97506e-01,3.85598e-01
3.56814e-01,1.27668e+00,9.45735e-02,1.05502e+00,5.04245e-02,8.23518e-02,2.06603e-01,8.81135e-01,9.66185e-01,1.02842e+00,5.90364e-02,2.07891e+00,2.35922e-01,4.48865e-01,1.59579e-01,3.66720e-01,3.62607e-01,1.32938e-01,2.93722e-01,3.80039e-01
3.43024e-01,1.25571e+00,9.38443e-02,1.18452e+00,5.05270e-02,8.21740e-02,2.05618e-01,8.82320e-01,1.00328e+00,1.02707e+00,5.92053e-02,2.05832e+00,2.35981e-01,4.47130e-01,1.65661e-01,3.70476e-01,3.61677e-01,1.31242e-01,2.89119e-01,3.74992e-01
3.25714e-01,1.23582e+00,9.33004e-02,1.40461e+00,5.06363e-02,8.20375e-02,2.04764e-01,8.83420e-01,1.04258e+00,1.02581e+00,5.93883e-02,2.04155e+00,2.36115e-01,4.45576e-01,1.72547e-01,3.74307e-01,3.60775e-01,1.29963e-01,2.83653e-01,3.70535e-01
3.07217e-01,1.21657e+00,9.28933e-02,1.71829e+00,5.07320e-02,8.19283e-02,2.04074e-01,8.84488e-01,1.08072e+00,1.02457e+00,5.95700e-02,2.02515e+00,2.36313e-01,4.44097e-01,1.80136e-01,3.78114e-01,3.59911e-01,1.29029e-01,2.77379e-01,3.66630e-01
2.89261e-01,1.19865e+00,9.25868e-02,2.10401e+00,5.08048e-02,8.18625e-02,2.03539e-01,8.85490e-01,1.11391e+00,1.02338e+00,5.97282e-02,2.00448e+00,2.36589e-01,4.42307e-01,1.88297e-01,3.81911e-01,3.59130e-01,1.28333e-01,2.70479e-01,3.63371e-01
2.72849e-01,1.18159e+00,9.23514e-02,2.52339e+00,5.08329e-02,8.18507e-02,2.03140e-01,8.86365e-01,1.13867e+00,1.02228e+00,5.98478e-02,1.97750e+00,2.36952e-01,4.39771e-01,1.96827e-01,3.85641e-01,3.58352e-01,1.27804e-01,2.63213e-01,3.60793e-01
2.58299e-01,1.16536e+00,9.21467e-02,2.93242e+00,5.08069e-02,8.18811e-02,2.02848e-01,8.87078e-01,1.15282e+00,1.02130e+00,5.99222e-02,1.94456e+00,2.37394e-01,4.36113e-01,2.05393e-01,3.89377e-01,3.57608e-01,1.27391e-01,2.55968e-01,3.58787e-01
2.45703e-01,1.15011e+00,9.19685e-02,3.29114e+00,5.07153e-02,8.19762e-02,2.02644e-01,8.87608e-01,1.15544e+00,1.02045e+00,5.99311e-02,1.90739e+00,2.37890e-01,4.31057e-01,2.13501e-01,3.93191e-01,3.56897e-01,1.27037e-01,2.49132e-01,3.57448e-01
2.34895e-01,1.13551e+00,9.17989e-02,3.57057e+00,5.05519e-02,8.21405e-02,2.02517e-01,8.87934e-01,1.14703e+00,1.01974e+00,5.98734e-02,1.86742e+00,2.38455e-01,4.24569e-01,2.20631e-01,3.97131e-01,3.56184e-01,1.26731e-01,2.42911e-01,3.56638e-01
2.25663e-01,1.12201e+00,9.16168e-02,3.75568e+00,5.03258e-02,8.23733e-02,2.02479e-01,8.87944e-01,1.12913e+00,1.01921e+00,5.97566e-02,1.82775e+00,2.39112e-01,4.16829e-01,2.26254e-01,4.01327e-01,3.55461e-01,1.26394e-01,2.37521e-01,3.56343e-01
2.17770e-01,1.10926e+00,9.14400e-02,3.84484e+00,5.00378e-02,8.26921e-02,2.02506e-01,8.87700e-01,1.10376e+00,1.01900e+00,5.95885e-02,1.78972e+00,2.39789e-01,4.08146e-01,2.30003e-01,4.05748e-01,3.54727e-01,1.26062e-01,2.32940e-01,3.56526e-01
2.10982e-01,1.09696e+00,9.12584e-02,3.84746e+00,4.97019e-02,8.30874e-02,2.02619e-01,8.87267e-01,1.07312e+00,1.01930e+00,5.93999e-02,1.75389e+00,2.40545e-01,3.98913e-01,2.31766e-01,4.10509e-01,3.53980e-01,1.25679e-01,2.29068e-01,3.56941e-01
2.05111e-01,1.08547e+00,9.10626e-02,3.78019e+00,4.93435e-02,8.35644e-02,2.02818e-01,8.86696e-01,1.03929e+00,1.02028e+00,5.92045e-02,1.72024e+00,2.41331e-01,3.89550e-01,2.31675e-01,4.15590e-01,3.53212e-01,1.25259e-01,2.25737e-01,3.57618e-01
2.00003e-01,1.07466e+00,9.08467e-02,3.66355e+00,4.89646e-02,8.40921e-02,2.03120e-01,8.86101e-01,1.00411e+00,1.02231e+00,5.90203e-02,1.68907e+00,2.42165e-01,3.80411e-01,2.30053e-01,4.21007e-01,3.52428e-01,1.24798e-01,2.22768e-01,3.58303e-01
1.95534e-01,1.06414e+00,9.06307e-02,3.51938e+00,4.85945e-02,8.46736e-02,2.03539e-01,8.85487e-01,9.69081e-01,1.02575e+00,5.88685e-02,1.66007e+00,2.42985e-01,3.71803e-01,2.27297e-01,4.26783e-01,3.51630e-01,1.24301e-01,2.19980e-01,3.58824e-01
1.91623e-01,1.05426e+00,9.04179e-02,3.36890e+00,4.82286e-02,8.52639e-02,2.04115e-01,8.84959e-01,9.35241e-01,1.03089e+00,5.87583e-02,1.63308e+00,2.43743e-01,3.63924e-01,2.23863e-01,4.32935e-01,3.50824e-01,1.23776e-01,2.17283e-01,3.59121e-01
1.88190e-01,1.04513e+00,9.02024e-02,3.23036e+00,4.78757e-02,8.58340e-02,2.04871e-01,8.84583e-01,9.03263e-01,1.03788e+00,5.86893e-02,1.60780e+00,2.44417e-01,3.56909e-01,2.20172e-01,4.39463e-01,3.49999e-01,1.23233e-01,2.14582e-01,3.59065e-01
1.85178e-01,1.03645e+00,8.99867e-02,3.11611e+00,4.75466e-02,8.63599e-02,2.05812e-01,8.84315e-01,8.73545e-01,1.04650e+00,5.86629e-02,1.58403e+00,2.44944e-01,3.50823e-01,2.16540e-01,4.46513e-01,3.49164e-01,1.22669e-01,2.11826e-01,3.58628e-01
1.82556e-01,1.02830e+00,8.97687e-02,3.03231e+00,4.72410e-02,8.68207e-02,2.06942e-01,8.84119e-01,8.46289e-01,1.05625e+00,5.86752e-02,1.56159e+00,2.45292e-01,3.45696e-01,2.13140e-01,4.53918e-01,3.48334e-01,1.22106e-01,2.09055e-01,3.57656e-01
1.80276e-01,1.02075e+00,8.95483e-02,2.97693e+00,4.69641e-02,8.71908e-02,2.08260e-01,8.83956e-01,8.21412e-01,1.06633e+00,5.87174e-02,1.54023e+00,2.45412e-01,3.41468e-01,2.10099e-01,4.61934e-01,3.47492e-01,1.21544e-01,2.06264e-01,3.56303e-01
1.78308e-01,1.01368e+00,8.93191e-02,2.94223e+00,4.67075e-02,8.74782e-02,2.09736e-01,8.83719e-01,7.98782e-01,1.07579e+00,5.87664e-02,1.52000e+00,2.45270e-01,3.38080e-01,2.07375e-01,4.70448e-01,3.46647e-01,1.21004e-01,2.03504e-01,3.54630e-01
1.76619e-01,1.00711e+00,8.90860e-02,2.91737e+00,4.64739e-02,8.76832e-02,2.11326e-01,8.83321e-01,7.78248e-01,1.08381e+00,5.88164e-02,1.50063e+00,2.44871e-01,3.35444e-01,2.04899e-01,4.79457e-01,3.45841e-01,1.20499e-01,2.00812e-01,3.52637e-01
1.75149e-01,1.00100e+00,8.88473e-02,2.89185e+00,4.62594e-02,8.78083e-02,2.12990e-01,8.82666e-01,7.59590e-01,1.08976e+00,5.88531e-02,1.48219e+00,2.44185e-01,3.33432e-01,2.02513e-01,4.88888e-01,3.45031e-01,1.20029e-01,1.98210e-01,3.50435e-01
1.73890e-01,9.95264e-01,8.86058e-02,2.85731e+00,4.60733e-02,8.78777e-02,2.14670e-01,8.81698e-01,7.42611e-01,1.09341e+00,5.88654e-02,1.46440e+00,2.43258e-01,3.31918e-01,2.00069e-01,4.98568e-01,3.44266e-01,1.19581e-01,1.95712e-01,3.48085e-01
1.72811e-01,9.90031e-01,8.83728e-02,2.80917e+00,4.59030e-02,8.79156e-02,2.16326e-01,8.80416e-01,7.27177e-01,1.09459e+00,5.88325e-02,1.44726e+00,2.42096e-01,3.30783e-01,1.97453e-01,5.08395e-01,3.43596e-01,1.19165e-01,1.93355e-01,3.45712e-01
1.71880e-01,9.85351e-01,8.81420e-02,2.74557e+00,4.57518e-02,8.79499e-02,2.17901e-01,8.78728e-01,7.13143e-01,1.09344e+00,5.87603e-02,1.43094e+00,2.40754e-01,3.29902e-01,1.94561e-01,5.18115e-01,3.43107e-01,1.18770e-01,1.91112e-01,3.43388e-01
1.71064e-01,9.80954e-01,8.79101e-02,2.66777e+00,4.56028e-02,8.80008e-02,2.19391e-01,8.76798e-01,7.00408e-01,1.09023e+00,5.86503e-02,1.41511e+00,2.39270e-01,3.29152e-01,1.91348e-01,5.27485e-01,3.42822e-01,1.18391e-01,1.88980e-01,3.41202e-01
1.70359e-01,9.76658e-01,8.76815e-02,2.57745e+00,4.54632e-02,8.80983e-02,2.20778e-01,8.74599e-01,6.88912e-01,1.08531e+00,5.85008e-02,1.39983e+00,2.37692e-01,3.28455e-01,1.87788e-01,5.36256e-01,3.42810e-01,1.18030e-01,1.86961e-01,3.39230e-01
1.69733e-01,9.72785e-01,8.74532e-02,2.47822e+00,4.53417e-02,8.82722e-02,2.22100e-01,8.72313e-01,6.78603e-01,1.07886e+00,5.83134e-02,1.38493e+00,2.36062e-01,3.27721e-01,1.83929e-01,5.44099e-01,3.43272e-01,1.17672e-01,1.85027e-01,3.37575e-01
1.69161e-01,9.69235e-01,8.72215e-02,2.37357e+00,4.52274e-02,8.87552e-02,2.23425e-01,8.69970e-01,6.69496e-01,1.07158e+00,5.80981e-02,1.37069e+00,2.34409e-01,3.26913e-01,1.79801e-01,5.50753e-01,3.44278e-01,1.17333e-01,1.83218e-01,3.36222e-01
1.68664e-01,9.66038e-01,8.69779e-02,2.26668e+00,4.51091e-02,8.98098e-02,2.24704e-01,8.68248e-01,6.61488e-01,1.06367e+00,5.79488e-02,1.35719e+00,2.32807e-01,3.25996e-01,1.75530e-01,5.55958e-01,3.46028e-01,1.16994e-01,1.81601e-01,3.35130e-01
1.68193e-01,9.63031e-01,8.67411e-02,2.16025e+00,4.49906e-02,9.15769e-02,2.26097e-01,8.67769e-01,6.54559e-01,1.05550e+00,5.78448e-02,1.34438e+00,2.31215e-01,3.24969e-01,1.71235e-01,5.59605e-01,3.48669e-01,1.16660e-01,1.80238e-01,3.34372e-01
1.67760e-01,9.60187e-01,8.65084e-02,2.05605e+00,4.48822e-02,9.35330e-02,2.27616e-01,8.68205e-01,6.48693e-01,1.04730e+00,5.78197e-02,1.33217e+00,2.29702e-01,3.23831e-01,1.67013e-01,5.61485e-01,3.52359e-01,1.16329e-01,1.79088e-01,3.33834e-01
1.67354e-01,9.57599e-01,8.62640e-02,1.95616e+00,4.47763e-02,9.55584e-02,2.29376e-01,8.69743e-01,6.43823e-01,1.03931e+00,5.78342e-02,1.32094e+00,2.28269e-01,3.22599e-01,1.62944e-01,5.61749e-01,3.57269e-01,1.16002e-01,1.78287e-01,3.33492e-01
1.66965e-01,9.55365e-01,8.60240e-02,1.86206e+00,4.46710e-02,9.81741e-02,2.31551e-01,8.72837e-01,6.39859e-01,1.03157e+00,5.78448e-02,1.31071e+00,2.26882e-01,3.21306e-01,1.59067e-01,5.60312e-01,3.63422e-01,1.15685e-01,1.77946e-01,3.33280e-01
1.66596e-01,9.53388e-01,8.57880e-02,1.77457e+00,4.45706e-02,1.02592e-01,2.34459e-01,8.77943e-01,6.36766e-01,1.02429e+00,5.78440e-02,1.30122e+00,2.25582e-01,3.19969e-01,1.55412e-01,5.57295e-01,3.70868e-01,1.15372e-01,1.78088e-01,3.33156e-01
1.66252e-01,9.51434e-01,8.55467e-02,1.69449e+00,4.44731e-02,1.13473e-01,2.38450e-01,8.85209e-01,6.34457e-01,1.01755e+00,5.78780e-02,1.29278e+00,2.24351e-01,3.18631e-01,1.52017e-01,5.52854e-01,3.79472e-01,1.15058e-01,1.78602e-01,3.33121e-01
1.65898e-01,9.49901e-01,8.53078e-02,1.62247e+00,4.43767e-02,1.39699e-01,2.44065e-01,8.94605e-01,6.32818e-01,1.01138e+00,5.79920e-02,1.28522e+00,2.23172e-01,3.17320e-01,1.48956e-01,5.47091e-01,3.89050e-01,1.14740e-01,1.79241e-01,3.33123e-01
1.65569e-01,9.48473e-01,8.50765e-02,1.55705e+00,4.42922e-02,1.81192e-01,2.51909e-01,9.05835e-01,6.31853e-01,1.00576e+00,5.82090e-02,1.27849e+00,2.22035e-01,3.16045e-01,1.46304e-01,5.40113e-01,3.99261e-01,1.14415e-01,1.79734e-01,3.33119e-01
1.65240e-01,9.47420e-01,8.48409e-02,1.49747e+00,4.42050e-02,2.29225e-01,2.62277e-01,9.18378e-01,6.31337e-01,1.00075e+00,5.85181e-02,1.27242e+00,2.20943e-01,3.14826e-01,1.44095e-01,5.32353e-01,4.09835e-01,1.14087e-01,1.79917e-01,3.33138e-01
1.64921e-01,9.46421e-01,8.45987e-02,1.44442e+00,4.41236e-02,2.82171e-01,2.74522e-01,9.31909e-01,6.31294e-01,9.96239e-01,5.88972e-02,1.26680e+00,2.19895e-01,3.13682e-01,1.42362e-01,5.23810e-01,4.20442e-01,1.13759e-01,1.79689e-01,3.33143e-01
1.64607e-01,9.45834e-01,8.43600e-02,1.40001e+00,4.40415e-02,3.20349e-01,2.86767e-01,9.46119e-01,6.31596e-01,9.92198e-01,5.93279e-02,1.26154e+00,2.18873e-01,3.12623e-01,1.41122e-01,5.14756e-01,4.30839e-01,1.13426e-01,1.79100e-01,3.33125e-01
1.64287e-01,9.45826e-01,8.41200e-02,1.36872e+00,4.39635e-02,3.31400e-01,2.96848e-01,9.60473e-01,6.32136e-01,9.88664e-01,5.97756e-02,1.25646e+00,2.17875e-01,3.11633e-01,1.40423e-01,5.05412e-01,4.40823e-01,1.13097e-01,1.78284e-01,3.33093e-01
1.63965e-01,9.46402e-01,8.38785e-02,1.36103e+00,4.38899e-02,3.23900e-01,3.03348e-01,9.74122e-01,6.32857e-01,9.85491e-01,6.02217e-02,1.25138e+00,2.16871e-01,3.10716e-01,1.40346e-01,4.95791e-01,4.50256e-01,1.12771e-01,1.77360e-01,3.33016e-01
1.63655e-01,9.47918e-01,8.36453e-02,1.39563e+00,4.38063e-02,3.07818e-01,3.06467e-01,9.86120e-01,6.33654e-01,9.82731e-01,6.06530e-02,1.24622e+00,2.15896e-01,3.09866e-01,1.41066e-01,4.86212e-01,4.59031e-01,1.12438e-01,1.76439e-01,3.32930e-01
1.63346e-01,9.50924e-01,8.34152e-02,1.48558e+00,4.37211e-02,2.89764e-01,3.07435e-01,9.95701e-01,6.34463e-01,9.80243e-01,6.10665e-02,1.24095e+00,2.14939e-01,3.09078e-01,1.42922e-01,4.76620e-01,4.67028e-01,1.12109e-01,1.75601e-01,3.32752e-01
1.63025e-01,9.56495e-01,8.31779e-02,1.61817e+00,4.36244e-02,2.74209e-01,3.07766e-01,1.00240e+00,6.35200e-01,9.78051e-01,6.14721e-02,1.23558e+00,2.14004e-01,3.08350e-01,1.46404e-01,4.67155e-01,4.74107e-01,1.11780e-01,1.74839e-01,3.32522e-01
1.62711e-01,9.66276e-01,8.29401e-02,1.75695e+00,4.35148e-02,2.63834e-01,3.08505e-01,1.00602e+00,6.35795e-01,9.76083e-01,6.18674e-02,1.23012e+00,2.13081e-01,3.07664e-01,1.52115e-01,4.58023e-01,4.80001e-01,1.11447e-01,1.74120e-01,3.32221e-01
1.62395e-01,9.82795e-01,8.27125e-02,1.86554e+00,4.34018e-02,2.59677e-01,3.10076e-01,1.00665e+00,6.36226e-01,9.74343e-01,6.22486e-02,1.22452e+00,2.12197e-01,3.07018e-01,1.60553e-01,4.48962e-01,4.84295e-01,1.11117e-01,1.73444e-01,3.31804e-01
1.62086e-01,1.00973e+00,8.24845e-02,1.92533e+00,4.32878e-02,2.61241e-01,3.12293e-01,1.00453e+00,6.36415e-01,9.72849e-01,6.26180e-02,1.21897e+00,2.11365e-01,3.06404e-01,1.71921e-01,4.40315e-01,4.86623e-01,1.10790e-01,1.72770e-01,3.31286e-01
1.61766e-01,1.05148e+00,8.22529e-02,1.93619e+00,4.31640e-02,2.66691e-01,3.14717e-01,9.99992e-01,6.36365e-01,9.71596e-01,6.29702e-02,1.21341e+00,2.10543e-01,3.05818e-01,1.85858e-01,4.31887e-01,4.86622e-01,1.10462e-01,1.72113e-01,3.30694e-01
1.61444e-01,1.11285e+00,8.20357e-02,1.90983e+00,4.30422e-02,2.73432e-01,3.16980e-01,9.93296e-01,6.36043e-01,9.70584e-01,6.33076e-02,1.20768e+00,2.09780e-01,3.05254e-01,2.01472e-01,4.23920e-01,4.84064e-01,1.10128e-01,1.71480e-01,3.30007e-01
1.61123e-01,1.19778e+00,8.18301e-02,1.86167e+00,4.29165e-02,2.79058e-01,3.19110e-01,9.84928e-01,6.35466e-01,9.69913e-01,6.36298e-02,1.20200e+00,2.09017e-01,3.04703e-01,2.17459e-01,4.16218e-01,4.78908e-01,1.09795e-01,1.70820e-01,3.29240e-01
1.60796e-01,1.30856e+00,8.16434e-02,1.80697e+00,4.27958e-02,2.82040e-01,3.21775e-01,9.75282e-01,6.34644e-01,9.69601e-01,6.39230e-02,1.19661e+00,2.08327e-01,3.04156e-01,2.32468e-01,4.08937e-01,4.71339e-01,1.09462e-01,1.70124e-01,3.28432e-01
1.60462e-01,1.44428e+00,8.14676e-02,1.75754e+00,4.26756e-02,2.81808e-01,3.26281e-01,9.64752e-01,6.33585e-01,9.69794e-01,6.41777e-02,1.19150e+00,2.07643e-01,3.03620e-01,2.45316e-01,4.01970e-01,4.61691e-01,1.09135e-01,1.69343e-01,3.27628e-01
1.60128e-01,1.60134e+00,8.12923e-02,1.72074e+00,4.25668e-02,2.78489e-01,3.34639e-01,9.53774e-01,6.32317e-01,9.70492e-01,6.43858e-02,1.18665e+00,2.06994e-01,3.03070e-01,2.55253e-01,3.95508e-01,4.50539e-01,1.08807e-01,1.68422e-01,3.26811e-01
1.59789e-01,1.77361e+00,8.11139e-02,1.69906e+00,4.24579e-02,2.72555e-01,3.49021e-01,9.42737e-01,6.30898e-01,9.71823e-01,6.45566e-02,1.18202e+00,2.06391e-01,3.02521e-01,2.62008e-01,3.89393e-01,4.38456e-01,1.08479e-01,1.67365e-01,3.26020e-01
1.59454e-01,1.95343e+00,8.09306e-02,1.69124e+00,4.23418e-02,2.64621e-01,3.71000e-01,9.31832e-01,6.29355e-01,9.73939e-01,6.46969e-02,1.17774e+00,2.05796e-01,3.01965e-01,2.65701e-01,3.83670e-01,4.25992e-01,1.08151e-01,1.66133e-01,3.25283e-01
1.59114e-01,2.13248e+00,8.07320e-02,1.69328e+00,4.22363e-02,2.55301e-01,4.00204e-01,9.21332e-01,6.27707e-01,9.76996e-01,6.47999e-02,1.17372e+00,2.05241e-01,3.01405e-01,2.66850e-01,3.78382e-01,4.13600e-01,1.07829e-01,1.64748e-01,3.24604e-01
1.58773e-01,2.30301e+00,8.05189e-02,1.69927e+00,4.21332e-02,2.45154e-01,4.33245e-01,9.11495e-01,6.25977e-01,9.81087e-01,6.48786e-02,1.16999e+00,2.04683e-01,3.00826e-01,2.66129e-01,3.73529e-01,4.01666e-01,1.07511e-01,1.63210e-01,3.24029e-01
1.58432e-01,2.45841e+00,8.48011e-02,1.70361e+00,4.48787e-02,2.34664e-01,4.64244e-01,9.02440e-01,6.25085e-01,9.86911e-01,6.49323e-02,1.16662e+00,2.04151e-01,3.00250e-01,2.64344e-01,3.69104e-01,3.90462e-01,1.15648e-01,1.61590e-01,3.23519e-01
1.58549e-01,2.59405e+00,9.37489e-02,1.70334e+00,5.55120e-02,2.24198e-01,4.87922e-01,8.96656e-01,6.25426e-01,9.94233e-01,6.49860e-02,1.16359e+00,2.04960e-01,3.06860e-01,2.62232e-01,3.65173e-01,3.80072e-01,1.23899e-01,1.69052e-01,3.23309e-01
1.61475e-01,2.70547e+00,1.06453e-01,1.70136e+00,7.66001e-02,2.14088e-01,5.00896e-01,8.93852e-01,6.26281e-01,1.00357e+00,6.50447e-02,1.16092e+00,2.06207e-01,3.15682e-01,2.60370e-01,3.61703e-01,3.70739e-01,1.33997e-01,1.82447e-01,3.23632e-01
1.66235e-01,2.79194e+00,1.18798e-01,1.68913e+00,1.11445e-01,2.04573e-01,5.03933e-01,8.90228e-01,6.27628e-01,1.01464e+00,6.51018e-02,1.15862e+00,2.08164e-01,3.24516e-01,2.59130e-01,3.58517e-01,3.62394e-01,1.49664e-01,1.99257e-01,3.24570e-01
1.72767e-01,2.85308e+00,1.30537e-01,1.65789e+00,1.61731e-01,1.95904e-01,4.96845e-01,8.86420e-01,6.29813e-01,1.02681e+00,6.51602e-02,1.15668e+00,2.10993e-01,3.34205e-01,2.58551e-01,3.55494e-01,3.55084e-01,1.67058e-01,2.17691e-01,3.26834e-01
1.82914e-01,2.89024e+00,1.42671e-01,1.62417e+00,2.17640e-01,1.88126e-01,4.84470e-01,8.83961e-01,6.33204e-01,1.04012e+00,6.52188e-02,1.15520e+00,2.12962e-01,3.44146e-01,2.58436e-01,3.53303e-01,3.48813e-01,1.82011e-01,2.40998e-01,3.29303e-01
1.98106e-01,2.90670e+00,1.54733e-01,1.58832e+00,2.56913e-01,1.81327e-01,4.71106e-01,8.82830e-01,6.38474e-01,1.05431e+00,6.52742e-02,1.15417e+00,2.13676e-01,3.53681e-01,2.58448e-01,3.52780e-01,3.43381e-01,1.93638e-01,2.66385e-01,3.30540e-01
2.18982e-01,2.90579e+00,1.63466e-01,1.55204e+00,2.80307e-01,1.75520e-01,4.57249e-01,8.83037e-01,6.46163e-01,1.06901e+00,6.53176e-02,1.15377e+00,2.13959e-01,3.63095e-01,2.58162e-01,3.53701e-01,3.38729e-01,2.02798e-01,2.90719e-01,3.31077e-01
2.44615e-01,2.89138e+00,1.65876e-01,1.52178e+00,3.01772e-01,1.70728e-01,4.41372e-01,8.84662e-01,6.56442e-01,1.08379e+00,6.53381e-02,1.15389e+00,2.14722e-01,3.74305e-01,2.57191e-01,3.54275e-01,3.34821e-01,2.10250e-01,3.14322e-01,3.31822e-01
2.72449e-01,2.86713e+00,1.61807e-01,1.49867e+00,3.25351e-01,1.66937e-01,4.21948e-01,8.87538e-01,6.69367e-01,1.09803e+00,6.53162e-02,1.15487e+00,2.16480e-01,3.88638e-01,2.55260e-01,3.53942e-01,3.31566e-01,2.15436e-01,3.37975e-01,3.33028e-01
2.99669e-01,2.83577e+00,1.53279e-01,1.47775e+00,3.41628e-01,1.64075e-01,3.99527e-01,8.91689e-01,6.85043e-01,1.11148e+00,6.52358e-02,1.15686e+00,2.19364e-01,4.05308e-01,2.52220e-01,3.54177e-01,3.28967e-01,2.17085e-01,3.60708e-01,3.34559e-01
3.25489e-01,2.79975e+00,1.42815e-01,1.45502e+00,3.43581e-01,1.62024e-01,3.75270e-01,8.97168e-01,7.03422e-01,1.12402e+00,6.50979e-02,1.16021e+00,2.23505e-01,4.22064e-01,2.48063e-01,3.58098e-01,3.26996e-01,2.14522e-01,3.81187e-01,3.36116e-01
3.50977e-01,2.76038e+00,1.32325e-01,1.43207e+00,3.32938e-01,1.60631e-01,3.50289e-01,9.04180e-01,7.24111e-01,1.13532e+00,6.48893e-02,1.16549e+00,2.28806e-01,4.36949e-01,2.42907e-01,3.70090e-01,3.25500e-01,2.08320e-01,3.99135e-01,3.37494e-01
3.76554e-01,2.71892e+00,1.22979e-01,1.41266e+00,3.14655e-01,1.59735e-01,3.25814e-01,9.12957e-01,7.46521e-01,1.14545e+00,6.46143e-02,1.17377e+00,2.35082e-01,4.49306e-01,2.36933e-01,3.92954e-01,3.24379e-01,2.00187e-01,4.15119e-01,3.38768e-01
3.99484e-01,2.67603e+00,1.15323e-01,1.40014e+00,2.92684e-01,1.59173e-01,3.03002e-01,9.23628e-01,7.70331e-01,1.15419e+00,6.42612e-02,1.18622e+00,2.41973e-01,4.59619e-01,2.30350e-01,4.22820e-01,3.23504e-01,1.92548e-01,4.29832e-01,3.40101e-01
4.14922e-01,2.63187e+00,1.09521e-01,1.39630e+00,2.69378e-01,1.58789e-01,2.82689e-01,9.36373e-01,7.96086e-01,1.16150e+00,6.38367e-02,1.20428e+00,2.48971e-01,4.68926e-01,2.23387e-01,4.50170e-01,3.22796e-01,1.89070e-01,4.43129e-01,3.41828e-01
4.19639e-01,2.58674e+00,1.05418e-01,1.40281e+00,2.46120e-01,1.58458e-01,2.65411e-01,9.51145e-01,8.25341e-01,1.16732e+00,6.33534e-02,1.23000e+00,2.55477e-01,4.78233e-01,2.16275e-01,4.67316e-01,3.22248e-01,1.98031e-01,4.54185e-01,3.44254e-01
4.14049e-01,2.54057e+00,1.02740e-01,1.42270e+00,2.23739e-01,1.58076e-01,2.51393e-01,9.67994e-01,8.60009e-01,1.17153e+00,6.28125e-02,1.26553e+00,2.60973e-01,4.88056e-01,2.09195e-01,4.72847e-01,3.21877e-01,2.41966e-01,4.61980e-01,3.47608e-01
4.01152e-01,2.49292e+00,1.01069e-01,1.45955e+00,2.02754e-01,1.57587e-01,2.40618e-01,9.86896e-01,9.01219e-01,1.17418e+00,6.22283e-02,1.31298e+00,2.65099e-01,4.98414e-01,2.02322e-01,4.70803e-01,3.21696e-01,3.58126e-01,4.66037e-01,3.51794e-01
3.84554e-01,2.44367e+00,9.99923e-02,1.51571e+00,1.83478e-01,1.56948e-01,2.32771e-01,1.00771e+00,9.48095e-01,1.17546e+00,6.15919e-02,1.37420e+00,2.67750e-01,5.08949e-01,1.95789e-01,4.66181e-01,3.21757e-01,5.40837e-01,4.66516e-01,3.56666e-01
3.67182e-01,2.39267e+00,9.91473e-02,1.58929e+00,1.66064e-01,1.56148e-01,2.27599e-01,1.03037e+00,9.97386e-01,1.17548e+00,6.09213e-02,1.45014e+00,2.69006e-01,5.18933e-01,1.89679e-01,4.62476e-01,3.22077e-01,7.15563e-01,4.63922e-01,3.61841e-01
3.52409e-01,2.33972e+00,9.82863e-02,1.67273e+00,1.50492e-01,1.55186e-01,2.24769e-01,1.05490e+00,1.04435e+00,1.17450e+00,6.02350e-02,1.54085e+00,2.69156e-01,5.27461e-01,1.84040e-01,4.60367e-01,3.22808e-01,8.23066e-01,4.58557e-01,3.66808e-01
3.46348e-01,2.28454e+00,9.72816e-02,1.75583e+00,1.36670e-01,1.54093e-01,2.24062e-01,1.08159e+00,1.08493e+00,1.17285e+00,5.95434e-02,1.64464e+00,2.68650e-01,5.33595e-01,1.78936e-01,4.59441e-01,3.24143e-01,8.57153e-01,4.50480e-01,3.71373e-01
3.44654e-01,2.22750e+00,9.90309e-02,1.82948e+00,1.26189e-01,1.52883e-01,2.25311e-01,1.11071e+00,1.11755e+00,1.17078e+00,5.88605e-02,1.75971e+00,2.67607e-01,5.37199e-01,1.74375e-01,4.58780e-01,3.26532e-01,8.40011e-01,4.39613e-01,3.75157e-01
3.55056e-01,2.18123e+00,1.06006e-01,1.88854e+00,1.21131e-01,1.51862e-01,2.28477e-01,1.14298e+00,1.14656e+00,1.16905e+00,5.81996e-02,1.88458e+00,2.66411e-01,5.38274e-01,1.70357e-01,4.58216e-01,3.30382e-01,8.15102e-01,4.27378e-01,3.78207e-01
3.89340e-01,2.13666e+00,1.17625e-01,1.93741e+00,1.21517e-01,1.55930e-01,2.36521e-01,1.18551e+00,1.17945e+00,1.16790e+00,6.25576e-02,2.01248e+00,2.65372e-01,5.37141e-01,1.68898e-01,4.58253e-01,3.36068e-01,7.60473e-01,4.13182e-01,3.80999e-01
4.59928e-01,2.07027e+00,1.30577e-01,2.01531e+00,1.26607e-01,1.57396e-01,3.05098e-01,1.23786e+00,1.21659e+00,1.16837e+00,7.39874e-02,2.14021e+00,2.64760e-01,5.33714e-01,1.66992e-01,4.59697e-01,3.43904e-01,7.13716e-01,3.97321e-01,3.83776e-01
5.60993e-01,2.00869e+00,1.42541e-01,2.09365e+00,1.37778e-01,1.68494e-01,6.65404e-01,1.28144e+00,1.25955e+00,1.17131e+00,8.83565e-02,2.26403e+00,2.64600e-01,5.29543e-01,1.69610e-01,4.63420e-01,3.54078e-01,6.69424e-01,3.80748e-01,3.87292e-01
6.74488e-01,1.95119e+00,1.54757e-01,2.11339e+00,1.57365e-01,1.73279e-01,1.22951e+00,1.32664e+00,1.33673e+00,1.17820e+00,9.80763e-02,2.38262e+00,2.65196e-01,5.26065e-01,2.97536e-01,4.70038e-01,3.66482e-01,6.19352e-01,3.69512e-01,3.91477e-01
7.92199e-01,1.89579e+00,1.67948e-01,2.15751e+00,1.79015e-01,1.81313e-01,1.61207e+00,1.37773e+00,1.49742e+00,1.19153e+00,1.03929e-01,2.50432e+00,2.66732e-01,5.24351e-01,7.92072e-01,4.79758e-01,3.80841e-01,5.76417e-01,3.70431e-01,3.96777e-01
9.19411e-01,1.84255e+00,1.79213e-01,2.20042e+00,1.94047e-01,1.88127e-01,1.89027e+00,1.43248e+00,1.76334e+00,1.21653e+00,1.06463e-01,2.66962e+00,2.69381e-01,5.25051e-01,1.32665e+00,4.92604e-01,3.96675e-01,5.26928e-01,3.75361e-01,4.03391e-01
1.04248e+00,1.79162e+00,1.84646e-01,2.22412e+00,2.02733e-01,1.99572e-01,2.17345e+00,1.49140e+00,2.07860e+00,1.26279e+00,1.06410e-01,3.00200e+00,2.73329e-01,5.28992e-01,1.71944e+00,5.08088e-01,4.13608e-01,4.85185e-01,3.80816e-01,4.11377e-01
1.12327e+00,1.74325e+00,1.82882e-01,2.21292e+00,2.11244e-01,2.43537e-01,2.38827e+00,1.55398e+00,2.34205e+00,1.33623e+00,1.04648e-01,3.75389e+00,2.78592e-01,5.36937e-01,1.86276e+00,5.25334e-01,4.31344e-01,4.51630e-01,3.87362e-01,4.21077e-01
1.14077e+00,1.69827e+00,1.75528e-01,2.17702e+00,2.24927e-01,3.34784e-01,2.47549e+00,1.61882e+00,2.49929e+00,1.42542e+00,1.01685e-01,5.34667e+00,2.85018e-01,5.48784e-01,1.84916e+00,5.42906e-01,4.49424e-01,4.21069e-01,3.95354e-01,4.32986e-01
1.10701e+00,1.65755e+00,1.65240e-01,2.15314e+00,2.43195e-01,4.18472e-01,2.42049e+00,1.68504e+00,2.54399e+00,1.50673e+00,9.82411e-02,8.16459e+00,2.92234e-01,5.63332e-01,1.80061e+00,5.59401e-01,4.67333e-01,3.90180e-01,4.04632e-01,4.47742e-01
1.04697e+00,1.62231e+00,1.54334e-01,2.17423e+00,2.59796e-01,4.54424e-01,2.24691e+00,1.75191e+00,2.48202e+00,1.56455e+00,9.47854e-02,1.18308e+01,2.99726e-01,5.78679e-01,1.73816e+00,5.74360e-01,4.85336e-01,3.64488e-01,4.15004e-01,4.66138e-01
9.79138e-01,1.59323e+00,1.44276e-01,2.26035e+00,2.68670e-01,4.50796e-01,2.01838e+00,1.81882e+00,2.34585e+00,1.60046e+00,9.14469e-02,1.52483e+01,3.06790e-01,5.92950e-01,1.66794e+00,5.88087e-01,5.05652e-01,3.34509e-01,4.26062e-01,4.90148e-01
9.10790e-01,1.57120e+00,1.35807e-01,2.41302e+00,2.67831e-01,4.25208e-01,1.81091e+00,1.88495e+00,2.19480e+00,1.62749e+00,8.81662e-02,1.75388e+01,3.12807e-01,6.04749e-01,1.60558e+00,6.01186e-01,5.32638e-01,3.10855e-01,4.37508e-01,5.24171e-01
8.46502e-01,1.55687e+00,1.29119e-01,2.60840e+00,2.58694e-01,3.90453e-01,1.69327e+00,1.95032e+00,2.08450e+00,1.66287e+00,8.48816e-02,1.85026e+01,3.17295e-01,6.13374e-01,1.55592e+00,6.13855e-01,5.71635e-01,2.93522e-01,4.49354e-01,5.74121e-01
7.87653e-01,1.55033e+00,1.24091e-01,2.81014e+00,2.44026e-01,3.54147e-01,1.71787e+00,2.01621e+00,2.04749e+00,1.72166e+00,8.15850e-02,1.84031e+01,3.19988e-01,6.19007e-01,1.51003e+00,6.24797e-01,6.27757e-01,2.82723e-01,4.61842e-01,6.42815e-01
7.35160e-01,1.55154e+00,1.20433e-01,2.99122e+00,2.26477e-01,3.20179e-01,1.88928e+00,2.08504e+00,2.08822e+00,1.81132e+00,7.83461e-02,1.76224e+01,3.20855e-01,6.21815e-01,1.45515e+00,6.31388e-01,7.07108e-01,2.82341e-01,4.75196e-01,7.25850e-01
6.90953e-01,1.56002e+00,1.17773e-01,3.14074e+00,2.08000e-01,2.90084e-01,2.13611e+00,2.16038e+00,2.18623e+00,1.92744e+00,7.52643e-02,1.64722e+01,3.19984e-01,6.22950e-01,1.38240e+00,6.31676e-01,8.31403e-01,3.01347e-01,4.88897e-01,8.13412e-01
6.56133e-01,1.57465e+00,1.15758e-01,3.25755e+00,1.91221e-01,2.64207e-01,2.36478e+00,2.26179e+00,2.30829e+00,2.05294e+00,7.24337e-02,1.51547e+01,3.17792e-01,6.22968e-01,1.31184e+00,6.25169e-01,1.18187e+00,3.54365e-01,5.01901e-01,8.95329e-01
6.30851e-01,1.59441e+00,1.14106e-01,3.34423e+00,1.79547e-01,2.42389e-01,2.57486e+00,2.39195e+00,2.42286e+00,2.16393e+00,8.28414e-02,1.37893e+01,3.14633e-01,6.21897e-01,1.26810e+00,6.13682e-01,2.54348e+00,4.44353e-01,5.37212e-01,9.63892e-01
6.13823e-01,1.61735e+00,1.12589e-01,3.40332e+00,1.93378e-01,2.24225e-01,2.87275e+00,2.47965e+00,2.50924e+00,2.23843e+00,1.97982e-01,1.24460e+01,3.11034e-01,6.19433e-01,1.34949e+00,6.00132e-01,5.00699e+00,5.52022e-01,6.22375e-01,1.01457e+00
6.01966e-01,1.64237e+00,1.11128e-01,3.43941e+00,3.83702e-01,2.09449e-01,3.05999e+00,2.55422e+00,2.55888e+00,2.26331e+00,4.74749e-01,1.11690e+01,3.07570e-01,6.15263e-01,1.49844e+00,5.87440e-01,7.25795e+00,6.45546e-01,7.03957e-01,1.04649e+00
5.92532e-01,1.66797e+00,1.09697e-01,3.46034e+00,7.54416e-01,1.97519e-01,2.98915e+00,2.63880e+00,2.57253e+00,2.23745e+00,7.77864e-01,9.98475e+00,3.05003e-01,6.09626e-01,1.54836e+00,5.77530e-01,8.55480e+00,7.04358e-01,7.75357e-01,1.06132e+00
5.86269e-01,1.69321e+00,1.08314e-01,3.47597e+00,9.66405e-01,1.88026e-01,2.80890e+00,2.73509e+00,2.55558e+00,2.16878e+00,9.20479e-01,8.90932e+00,3.04253e-01,6.03331e-01,1.51821e+00,5.70993e-01,8.94171e+00,7.25716e-01,8.37506e-01,1.06192e+00
5.86096e-01,1.71748e+00,1.07004e-01,3.50059e+00,9.38707e-01,1.81487e-01,2.67852e+00,2.84073e+00,2.51563e+00,2.07065e+00,8.70730e-01,7.94985e+00,3.06563e-01,5.97619e-01,1.41127e+00,5.68748e-01,8.72864e+00,7.18361e-01,8.80161e-01,1.05158e+00
5.91913e-01,1.74061e+00,1.05811e-01,3.55162e+00,8.09847e-01,1.80719e-01,2.65037e+00,2.95248e+00,2.45988e+00,1.95735e+00,7.52701e-01,7.10544e+00,3.13820e-01,5.93929e-01,1.26997e+00,5.72802e-01,8.19894e+00,6.92382e-01,9.10083e-01,1.03314e+00
5.97330e-01,1.76238e+00,1.04728e-01,3.64778e+00,6.67035e-01,1.91153e-01,2.75902e+00,3.06565e+00,2.39457e+00,1.84100e+00,6.40315e-01,6.37144e+00,3.28761e-01,5.93788e-01,1.12887e+00,5.87137e-01,7.53730e+00,6.54571e-01,9.37849e-01,1.00879e+00
5.94013e-01,1.78238e+00,1.03811e-01,3.80542e+00,5.41510e-01,2.14629e-01,3.11285e+00,3.17406e+00,2.32441e+00,1.73050e+00,5.47734e-01,5.73864e+00,3.54819e-01,5.98803e-01,1.00192e+00,6.20675e-01,6.85000e+00,6.09444e-01,9.65120e-01,9.80134e-01
5.78292e-01,1.80021e+00,1.03050e-01,4.03042e+00,4.39936e-01,2.40726e-01,3.82514e+00,3.27114e+00,2.25255e+00,1.63098e+00,4.69954e-01,5.19730e+00,3.95228e-01,6.10252e-01,8.94091e-01,7.01797e-01,6.19411e+00,5.61280e-01,9.89506e-01,9.48385e-01
5.52519e-01,1.81552e+00,1.02456e-01,4.30047e+00,3.60156e-01,2.57223e-01,4.71635e+00,3.35140e+00,2.18093e+00,1.54456e+00,4.02309e-01,4.73644e+00,4.51127e-01,6.28547e-01,8.07785e-01,9.43720e-01,5.59709e+00,5.14700e-01,1.01152e+00,9.14418e-01
5.21661e-01,1.82735e+00,1.02015e-01,4.55922e+00,2.97915e-01,2.61897e-01,5.31539e+00,3.41106e+00,2.11063e+00,1.47131e+00,3.43216e-01,4.34534e+00,5.19834e-01,6.52746e-01,7.42939e-01,1.73917e+00,5.06883e+00,4.74766e-01,1.03389e+00,8.79072e-01
4.90327e-01,1.83500e+00,1.01717e-01,4.74590e+00,2.49227e-01,2.58645e-01,5.39905e+00,3.44834e+00,2.04207e+00,1.41020e+00,2.92407e-01,4.01476e+00,5.95154e-01,6.80386e-01,6.97094e-01,3.84848e+00,4.60946e+00,4.48712e-01,1.05697e+00,8.43022e-01
4.61481e-01,1.83802e+00,1.01533e-01,4.82671e+00,2.10874e-01,2.51942e-01,5.10805e+00,3.46382e+00,1.97529e+00,1.35943e+00,2.49599e-01,3.73631e+00,6.69309e-01,7.07976e-01,6.66158e-01,7.67401e+00,4.21373e+00,4.50012e-01,1.07709e+00,8.06877e-01
4.36487e-01,1.83634e+00,1.01464e-01,4.79446e+00,1.80436e-01,2.45123e-01,4.65912e+00,3.45890e+00,1.91032e+00,1.31749e+00,2.14209e-01,3.50361e+00,7.35226e-01,7.32038e-01,6.45395e-01,1.24168e+01,3.87440e+00,5.00542e-01,1.08867e+00,7.71021e-01
4.15618e-01,1.83000e+00,1.01478e-01,4.67367e+00,1.56098e-01,2.40521e-01,4.19512e+00,3.43717e+00,1.84704e+00,1.28308e+00,1.85412e-01,3.31026e+00,7.87937e-01,7.49954e-01,6.29985e-01,1.66998e+01,3.58308e+00,6.11311e-01,1.08816e+00,7.35974e-01
3.98588e-01,1.81972e+00,1.01545e-01,4.52958e+00,1.36497e-01,2.39785e-01,3.77921e+00,3.40485e+00,1.78556e+00,1.25546e+00,1.62318e-01,3.15218e+00,8.24916e-01,7.60428e-01,6.15644e-01,1.96249e+01,3.33156e+00,7.49850e-01,1.07584e+00,7.02027e-01
3.84794e-01,1.80651e+00,1.01671e-01,4.45420e+00,1.20648e-01,2.43833e-01,3.42580e+00,3.37210e+00,1.72607e+00,1.23444e+00,1.44134e-01,3.02347e+00,8.45653e-01,7.63356e-01,5.99384e-01,2.10294e+01,3.11230e+00,8.60120e-01,1.05555e+00,6.69570e-01
3.73553e-01,1.79137e+00,1.01824e-01,4.52949e+00,1.07780e-01,2.52522e-01,3.12907e+00,3.35254e+00,1.66913e+00,1.22044e+00,1.30248e-01,2.91985e+00,8.51232e-01,7.59457e-01,5.80028e-01,2.12204e+01,2.91864e+00,9.10986e-01,1.03260e+00,6.38817e-01
3.64257e-01,1.77553e+00,1.01998e-01,4.77222e+00,9.73065e-02,2.64292e-01,2.88079e+00,3.35841e+00,1.61552e+00,1.21450e+00,1.20300e-01,2.83535e+00,8.43611e-01,7.49934e-01,5.58177e-01,2.06892e+01,2.74480e+00,9.04151e-01,1.01193e+00,6.09925e-01
3.56319e-01,1.76035e+00,1.02184e-01,5.07831e+00,8.87706e-02,2.76602e-01,2.67745e+00,3.39135e+00,1.56634e+00,1.21849e+00,1.14212e-01,2.76490e+00,8.25278e-01,7.36039e-01,5.35699e-01,1.99648e+01,2.58602e+00,8.56602e-01,9.96597e-01,5.82954e-01
3.49314e-01,1.74727e+00,1.02368e-01,5.28369e+00,8.18091e-02,2.87006e-01,2.52352e+00,3.43893e+00,1.52290e+00,1.23512e+00,1.12166e-01,2.70322e+00,7.98883e-01,7.18960e-01,5.15712e-01,1.95294e+01,2.43854e+00,7.86703e-01,9.87491e-01,5.57946e-01
3.42867e-01,1.73796e+00,1.02548e-01,5.30225e+00,7.61355e-02,2.94071e-01,2.43422e+00,3.48249e+00,1.48661e+00,1.26791e+00,1.14460e-01,2.64662e+00,7.66840e-01,6.99746e-01,5.03045e-01,1.96034e+01,2.29990e+00,7.08547e-01,9.83692e-01,5.34886e-01
3.36727e-01,1.73396e+00,1.02724e-01,5.16406e+00,7.14991e-02,2.97613e-01,2.43527e+00,3.50934e+00,1.45866e+00,1.32095e+00,1.21179e-01,2.59244e+00,7.31393e-01,6.79271e-01,5.05496e-01,1.99221e+01,2.16866e+00,6.31126e-01,9.83034e-01,5.13702e-01
3.30750e-01,1.73643e+00,1.02884e-01,4.94699e+00,6.77079e-02,2.98226e-01,2.55126e+00,3.51658e+00,1.43992e+00,1.39829e+00,1.31822e-01,2.53940e+00,6.94254e-01,6.58219e-01,5.34107e-01,2.07132e+01,2.04467e+00,5.59316e-01,9.83125e-01,4.94410e-01
3.24824e-01,1.74658e+00,1.03031e-01,4.71757e+00,6.46029e-02,2.96901e-01,2.77255e+00,3.50895e+00,1.43053e+00,1.50328e+00,1.45224e-01,2.48738e+00,6.56865e-01,6.37123e-01,5.99539e-01,2.24717e+01,1.92836e+00,4.95354e-01,9.81688e-01,4.77008e-01
3.18932e-01,1.76555e+00,1.03157e-01,4.51041e+00,6.20700e-02,2.94722e-01,3.02991e+00,3.49131e+00,1.42972e+00,1.63766e+00,1.59901e-01,2.43661e+00,6.20239e-01,6.16417e-01,7.04032e-01,2.37582e+01,1.82104e+00,4.39826e-01,9.77081e-01,4.61395e-01
3.13101e-01,1.79324e+00,1.03268e-01,4.33576e+00,5.99925e-02,2.92989e-01,3.22412e+00,3.46584e+00,1.43582e+00,1.80128e+00,1.74496e-01,2.38826e+00,5.85057e-01,5.96424e-01,8.34864e-01,2.37689e+01,1.72408e+00,3.92455e-01,9.68424e-01,4.47632e-01
3.07395e-01,1.82935e+00,1.03361e-01,4.19045e+00,5.82968e-02,2.93324e-01,3.29052e+00,3.43185e+00,1.44646e+00,1.99129e+00,1.88052e-01,2.34284e+00,5.51823e-01,5.77345e-01,9.68955e-01,2.29072e+01,1.63899e+00,3.52523e-01,9.55469e-01,4.35612e-01
3.01893e-01,1.87248e+00,1.03440e-01,4.06814e+00,5.69094e-02,2.97654e-01,3.22645e+00,3.38903e+00,1.45904e+00,2.20223e+00,2.00047e-01,2.30135e+00,5.20806e-01,5.59363e-01,1.08320e+00,2.15319e+01,1.56688e+00,3.19161e-01,9.38493e-01,4.25367e-01
2.96651e-01,1.92082e+00,1.03515e-01,3.96446e+00,5.57722e-02,3.07608e-01,3.06951e+00,3.34304e+00,1.47110e+00,2.42609e+00,2.10297e-01,2.26415e+00,4.92179e-01,5.42554e-01,1.16227e+00,1.98583e+01,1.50832e+00,2.91495e-01,9.18081e-01,4.16863e-01
2.91756e-01,1.97209e+00,1.03587e-01,3.87919e+00,5.48407e-02,3.23258e-01,2.86433e+00,3.31225e+00,1.48079e+00,2.65310e+00,2.18860e-01,2.23107e+00,4.66070e-01,5.26954e-01,1.20055e+00,1.81381e+01,1.46308e+00,2.68688e-01,8.94943e-01,4.10113e-01
2.87238e-01,2.02391e+00,1.03647e-01,3.81643e+00,5.40825e-02,3.42169e-01,2.64370e+00,3.32808e+00,1.48705e+00,2.87308e+00,2.25951e-01,2.20248e+00,4.42527e-01,5.12581e-01,1.20097e+00,1.65338e+01,1.43006e+00,2.50015e-01,8.69819e-01,4.05086e-01
2.83121e-01,2.07380e+00,1.03695e-01,3.78301e+00,5.34582e-02,3.60049e-01,2.42602e+00,3.41882e+00,1.48984e+00,3.07740e+00,2.31934e-01,2.17826e+00,4.21576e-01,4.99384e-01,1.17176e+00,1.50869e+01,1.40716e+00,2.34832e-01,8.43456e-01,4.01726e-01
2.79394e-01,2.11995e+00,1.03725e-01,3.78602e+00,5.29397e-02,3.73068e-01,2.21926e+00,3.58697e+00,1.48987e+00,3.25980e+00,2.37241e-01,2.15832e+00,4.03345e-01,4.87410e-01,1.12266e+00,1.37688e+01,1.39172e+00,2.22615e-01,8.16471e-01,4.00077e-01
2.76066e-01,2.16035e+00,1.03741e-01,3.82489e+00,5.25086e-02,3.79623e-01,2.02651e+00,3.79892e+00,1.48864e+00,3.41741e+00,2.42424e-01,2.14257e+00,3.87808e-01,4.76545e-01,1.06255e+00,1.25519e+01,1.38018e+00,2.12901e-01,7.89376e-01,4.00029e-01
2.73135e-01,2.19390e+00,1.03751e-01,3.88493e+00,5.21489e-02,3.80348e-01,1.84836e+00,4.00889e+00,1.48825e+00,3.55117e+00,2.48152e-01,2.13119e+00,3.75207e-01,4.66787e-01,9.97857e-01,1.14345e+01,1.36891e+00,2.05293e-01,7.62620e-01,4.01497e-01
2.70571e-01,2.21994e+00,1.03744e-01,3.93987e+00,5.18438e-02,3.76894e-01,1.68497e+00,4.18945e+00,1.49083e+00,3.66472e+00,2.55220e-01,2.12399e+00,3.65666e-01,4.58079e-01,9.32726e-01,1.04216e+01,1.35432e+00,1.99447e-01,7.36584e-01,4.04333e-01
2.68330e-01,2.23835e+00,1.03719e-01,3.96551e+00,5.15820e-02,3.70865e-01,1.53655e+00,4.34379e+00,1.49820e+00,3.76355e+00,2.64512e-01,2.12164e+00,3.59375e-01,4.50367e-01,8.69530e-01,9.51058e+00,1.33354e+00,1.95071e-01,7.11530e-01,4.08273e-01
2.66394e-01,2.24984e+00,1.03679e-01,3.95151e+00,5.13599e-02,3.63299e-01,1.40340e+00,4.49823e+00,1.51126e+00,3.85381e+00,2.76860e-01,2.12453e+00,3.56357e-01,4.43595e-01,8.09418e-01,8.69217e+00,1.30486e+00,1.91909e-01,6.87670e-01,4.13130e-01
2.64723e-01,2.25602e+00,1.03633e-01,3.90298e+00,5.11747e-02,3.54665e-01,1.28575e+00,4.68195e+00,1.52967e+00,3.94120e+00,2.92798e-01,2.13363e+00,3.56511e-01,4.37724e-01,7.52871e-01,7.95598e+00,1.26808e+00,1.89740e-01,6.65110e-01,4.18565e-01
2.63299e-01,2.25896e+00,1.03588e-01,3.83340e+00,5.10061e-02,3.45178e-01,1.18355e+00,4.90416e+00,1.55156e+00,4.02971e+00,3.12262e-01,2.15015e+00,3.59320e-01,4.32676e-01,7.00066e-01,7.29288e+00,1.22425e+00,1.88360e-01,6.43918e-01,4.24331e-01
2.62080e-01,2.26219e+00,1.03545e-01,3.75797e+00,5.08609e-02,3.35044e-01,1.09633e+00,5.14464e+00,1.57402e+00,4.12109e+00,3.34407e-01,2.17540e+00,3.63947e-01,4.28422e-01,6.51036e-01,6.69428e+00,1.17536e+00,1.87599e-01,6.24102e-01,4.30078e-01
2.61059e-01,2.26910e+00,1.03493e-01,3.68953e+00,5.07318e-02,3.24537e-01,1.02300e+00,5.36680e+00,1.59375e+00,4.21427e+00,3.57700e-01,2.21117e+00,3.69300e-01,4.24874e-01,6.05738e-01,6.15224e+00,1.12392e+00,1.87309e-01,6.05579e-01,4.35640e-01
2.60203e-01,2.28336e+00,1.03427e-01,3.63842e+00,5.06167e-02,3.14004e-01,9.62213e-01,5.53817e+00,1.60776e+00,4.30581e+00,3.80363e-01,2.25936e+00,3.74219e-01,4.22004e-01,5.64229e-01,5.66064e+00,1.07230e+00,1.87366e-01,5.88270e-01,4.40801e-01
2.59495e-01,2.30879e+00,1.03352e-01,3.61357e+00,5.05067e-02,3.03790e-01,9.12288e-01,5.64103e+00,1.61387e+00,4.39049e+00,4.00778e-01,2.32135e+00,3.77757e-01,4.19713e-01,5.26397e-01,5.21433e+00,1.02267e+00,1.87676e-01,5.72159e-01,4.45460e-01
2.58916e-01,2.34805e+00,1.03265e-01,3.62153e+00,5.04019e-02,2.94154e-01,8.71436e-01,5.67115e+00,1.61098e+00,4.46228e+00,4.17788e-01,2.39848e+00,3.79251e-01,4.17956e-01,4.92195e-01,4.80835e+00,9.76860e-01,1.88147e-01,5.57077e-01,4.49502e-01
2.58463e-01,2.40288e+00,1.03162e-01,3.66462e+00,5.02965e-02,2.85261e-01,8.37978e-01,5.63394e+00,1.59907e+00,4.51573e+00,4.30797e-01,2.49050e+00,3.78434e-01,4.16677e-01,4.61447e-01,4.43888e+00,9.36065e-01,1.88727e-01,5.42996e-01,4.52935e-01
2.58103e-01,2.47367e+00,1.03044e-01,3.74090e+00,5.01967e-02,2.77202e-01,8.10623e-01,5.54018e+00,1.57886e+00,4.54644e+00,4.39692e-01,2.59733e+00,3.75326e-01,4.15802e-01,4.34028e-01,4.10214e+00,9.01011e-01,1.89360e-01,5.29798e-01,4.55736e-01
2.57842e-01,2.55985e+00,1.02912e-01,3.84536e+00,5.01046e-02,2.69963e-01,7.88452e-01,5.40290e+00,1.55160e+00,4.55165e+00,4.44712e-01,2.71660e+00,3.70170e-01,4.15280e-01,4.09725e-01,3.79454e+00,8.71955e-01,1.90015e-01,5.17498e-01,4.57930e-01
2.57652e-01,2.65996e+00,1.02772e-01,3.97321e+00,5.00190e-02,2.63464e-01,7.71077e-01,5.23469e+00,1.51881e+00,4.53044e+00,4.46279e-01,2.84626e+00,3.63375e-01,4.15074e-01,3.88302e-01,3.51329e+00,8.48802e-01,1.90666e-01,5.06038e-01,4.59522e-01
2.57537e-01,2.77288e+00,1.02643e-01,4.12186e+00,4.99298e-02,2.57569e-01,7.58848e-01,5.04677e+00,1.48205e+00,4.48363e+00,4.44896e-01,2.98242e+00,3.55375e-01,4.15111e-01,3.69551e-01,3.25586e+00,8.31010e-01,1.91293e-01,4.95441e-01,4.60537e-01
2.57471e-01,2.89736e+00,1.02516e-01,4.28893e+00,4.98328e-02,2.52133e-01,7.52921e-01,4.84819e+00,1.44284e+00,4.41320e+00,4.41054e-01,3.12222e+00,3.46675e-01,4.15344e-01,3.53214e-01,3.02022e+00,8.17809e-01,1.91865e-01,4.85708e-01,4.60985e-01
2.57467e-01,3.03300e+00,1.02377e-01,4.47009e+00,4.97424e-02,2.46997e-01,7.55257e-01,4.64592e+00,1.40257e+00,4.32246e+00,4.35246e-01,3.26266e+00,3.37663e-01,4.15731e-01,3.39057e-01,2.80442e+00,8.08152e-01,1.92380e-01,4.76802e-01,4.60962e-01
2.57494e-01,3.17968e+00,1.02236e-01,4.65631e+00,4.96559e-02,2.42047e-01,7.68689e-01,4.44490e+00,1.36232e+00,4.21483e+00,4.27865e-01,3.40124e+00,3.28705e-01,4.16224e-01,3.26885e-01,2.60705e+00,8.00868e-01,1.92819e-01,4.68794e-01,4.60451e-01
2.57550e-01,3.33805e+00,1.02093e-01,4.83458e+00,4.95590e-02,2.37192e-01,7.96394e-01,4.24884e+00,1.32306e+00,4.09414e+00,4.19262e-01,3.53644e+00,3.20051e-01,4.16793e-01,3.16465e-01,2.42684e+00,7.94830e-01,1.93212e-01,4.61647e-01,4.59479e-01
2.57629e-01,3.50926e+00,1.01937e-01,4.99097e+00,4.94650e-02,2.32375e-01,8.41268e-01,4.06024e+00,1.28547e+00,3.96411e+00,4.09724e-01,3.66708e+00,3.11917e-01,4.17407e-01,3.07632e-01,2.26242e+00,7.88971e-01,1.93532e-01,4.55332e-01,4.58116e-01
2.57728e-01,3.69398e+00,1.01770e-01,5.11298e+00,4.93704e-02,2.27581e-01,9.03992e-01,3.88113e+00,1.25012e+00,3.82817e+00,3.99505e-01,3.79269e+00,3.04440e-01,4.18039e-01,3.00170e-01,2.11264e+00,7.82479e-01,1.93813e-01,4.49795e-01,4.56456e-01
2.57834e-01,3.89205e+00,1.01596e-01,5.19344e+00,4.92786e-02,2.22818e-01,9.81430e-01,3.71288e+00,1.21737e+00,3.68944e+00,3.88806e-01,3.91312e+00,2.97753e-01,4.18662e-01,2.93948e-01,1.97646e+00,7.74739e-01,1.94034e-01,4.44973e-01,4.54574e-01
2.57941e-01,4.10235e+00,1.01410e-01,5.23000e+00,4.91834e-02,2.18104e-01,1.06571e+00,3.55639e+00,1.18743e+00,3.55065e+00,3.77809e-01,4.02780e+00,2.91863e-01,4.19261e-01,2.88791e-01,1.85276e+00,7.65428e-01,1.94207e-01,4.40775e-01,4.52518e-01
2.58045e-01,4.32205e+00,1.01220e-01,5.22401e+00,4.90853e-02,2.13454e-01,1.14582e+00,3.41248e+00,1.16041e+00,3.41395e+00,3.66661e-01,4.13608e+00,2.86786e-01,4.19828e-01,2.84595e-01,1.74039e+00,7.54404e-01,1.94347e-01,4.37085e-01,4.50387e-01
2.58148e-01,4.54566e+00,1.01035e-01,5.17981e+00,4.89936e-02,2.08878e-01,1.21130e+00,3.28199e+00,1.13632e+00,3.28108e+00,3.55481e-01,4.23639e+00,2.82515e-01,4.20352e-01,2.81223e-01,1.63851e+00,7.41729e-01,1.94454e-01,4.33790e-01,4.48272e-01
2.58239e-01,4.76574e+00,1.00852e-01,5.10363e+00,4.88955e-02,2.04406e-01,1.25542e+00,3.16649e+00,1.11511e+00,3.15333e+00,3.44369e-01,4.32734e+00,2.78991e-01,4.20835e-01,2.78539e-01,1.54605e+00,7.27622e-01,1.94518e-01,4.30759e-01,4.46269e-01
2.58312e-01,4.97234e+00,1.00663e-01,5.00595e+00,4.87997e-02,2.00034e-01,1.27649e+00,3.06943e+00,1.09661e+00,3.03169e+00,3.33425e-01,4.40699e+00,2.76175e-01,4.21252e-01,2.76466e-01,1.46197e+00,7.12377e-01,1.94554e-01,4.27849e-01,4.44452e-01
2.58380e-01,5.15373e+00,1.00465e-01,4.90183e+00,4.87054e-02,1.95777e-01,1.27670e+00,2.99860e+00,1.08069e+00,2.91694e+00,3.22701e-01,4.47316e+00,2.73977e-01,4.21616e-01,2.74926e-01,1.38560e+00,6.96250e-01,1.94555e-01,4.24980e-01,4.42899e-01
2.58423e-01,5.29797e+00,1.00268e-01,4.82723e+00,4.86044e-02,1.91634e-01,1.26059e+00,2.97088e+00,1.06719e+00,2.80955e+00,3.12252e-01,4.52369e+00,2.72374e-01,4.21918e-01,2.73824e-01,1.31597e+00,6.79628e-01,1.94507e-01,4.22056e-01,4.41735e-01
2.58449e-01,5.39469e+00,1.00066e-01,4.86275e+00,4.85127e-02,1.87618e-01,1.23321e+00,3.02073e+00,1.05593e+00,2.71005e+00,3.02129e-01,4.55715e+00,2.71253e-01,4.22160e-01,2.73093e-01,1.25240e+00,6.62819e-01,1.94437e-01,4.19008e-01,4.41066e-01
2.58448e-01,5.43732e+00,9.98566e-02,5.15188e+00,4.84176e-02,1.83719e-01,1.19906e+00,3.20935e+00,1.04668e+00,2.61861e+00,2.92348e-01,4.57264e+00,2.70535e-01,4.22341e-01,2.72649e-01,1.19423e+00,6.46074e-01,1.94340e-01,4.15803e-01,4.41118e-01
2.58420e-01,5.42480e+00,9.96373e-02,5.83883e+00,4.83148e-02,1.79957e-01,1.16158e+00,3.61447e+00,1.03920e+00,2.53532e+00,2.82938e-01,4.57027e+00,2.70158e-01,4.22458e-01,2.72444e-01,1.14085e+00,6.29614e-01,1.94214e-01,4.12416e-01,4.42164e-01
2.58380e-01,5.36181e+00,9.94146e-02,6.94663e+00,4.82173e-02,1.76338e-01,1.12318e+00,4.27671e+00,1.03331e+00,2.46031e+00,2.73913e-01,4.55077e+00,2.70078e-01,4.22533e-01,2.72457e-01,1.09167e+00,6.13692e-01,1.94069e-01,4.08832e-01,4.44567e-01
2.58327e-01,5.25645e+00,9.91871e-02,8.36294e+00,4.81213e-02,1.72860e-01,1.08524e+00,5.14291e+00,1.02886e+00,2.39352e+00,2.65286e-01,4.51592e+00,2.70210e-01,4.22551e-01,2.72627e-01,1.04623e+00,5.98356e-01,1.93918e-01,4.05064e-01,4.48932e-01
2.58241e-01,5.11963e+00,9.89606e-02,9.94956e+00,4.80212e-02,1.69526e-01,1.04855e+00,6.08938e+00,1.02559e+00,2.33479e+00,2.57042e-01,4.46819e+00,2.70532e-01,4.22523e-01,2.72903e-01,1.00419e+00,5.83766e-01,1.93753e-01,4.01148e-01,4.55962e-01
2.58161e-01,4.96311e+00,9.87391e-02,1.16178e+01,4.79844e-02,1.66353e-01,1.01337e+00,6.99773e+00,1.02337e+00,2.28399e+00,2.49182e-01,4.41050e+00,2.70978e-01,4.22443e-01,2.73273e-01,9.65210e-01,5.69999e-01,1.93574e-01,3.97088e-01,4.66546e-01
2.58056e-01,4.79760e+00,9.85151e-02,1.33054e+01,4.80306e-02,1.63336e-01,9.79696e-01,7.79663e+00,1.02207e+00,2.24095e+00,2.41668e-01,4.34630e+00,2.71513e-01,4.23480e-01,2.73695e-01,9.28952e-01,5.57057e-01,1.93381e-01,3.92933e-01,4.81581e-01
2.58034e-01,4.63262e+00,9.82854e-02,1.49339e+01,4.81512e-02,1.60474e-01,9.47415e-01,8.45958e+00,1.02150e+00,2.20588e+00,2.34482e-01,4.27907e+00,2.72108e-01,4.23768e-01,2.74144e-01,8.95125e-01,5.44961e-01,1.93168e-01,3.88679e-01,5.01842e-01
2.58203e-01,4.47528e+00,9.80574e-02,1.64043e+01,4.83357e-02,1.57764e-01,9.16364e-01,9.02165e+00,1.02159e+00,2.17958e+00,2.27605e-01,4.21277e+00,2.72753e-01,4.23817e-01,2.74621e-01,8.63643e-01,5.33750e-01,1.92929e-01,3.84448e-01,5.27493e-01
2.58229e-01,4.33153e+00,9.78485e-02,1.76124e+01,4.86026e-02,1.55191e-01,8.86383e-01,9.65667e+00,1.02204e+00,2.16364e+00,2.20982e-01,4.15083e+00,2.73393e-01,4.23946e-01,2.75100e-01,8.34309e-01,5.23410e-01,1.92672e-01,3.80444e-01,5.58079e-01
2.58243e-01,4.20479e+00,9.76904e-02,1.84774e+01,4.89793e-02,1.52769e-01,8.57356e-01,1.07931e+01,1.02278e+00,2.16128e+00,2.14596e-01,4.09755e+00,2.74055e-01,4.23903e-01,2.75568e-01,8.06905e-01,5.13892e-01,1.92395e-01,3.76877e-01,5.92484e-01
2.58371e-01,4.09701e+00,9.75762e-02,1.89651e+01,4.95267e-02,1.50481e-01,8.29246e-01,1.28485e+01,1.02366e+00,2.17805e+00,2.08429e-01,4.05638e+00,2.74688e-01,4.23650e-01,2.76017e-01,7.81415e-01,5.05146e-01,1.92100e-01,3.73799e-01,6.28754e-01
2.58575e-01,4.00893e+00,9.74758e-02,1.91002e+01,5.03691e-02,1.48327e-01,8.02057e-01,1.58832e+01,1.02466e+00,2.22221e+00,2.02465e-01,4.03100e+00,2.75284e-01,4.23342e-01,2.76431e-01,7.57719e-01,4.97162e-01,1.91793e-01,3.71281e-01,6.64879e-01
2.58892e-01,3.94010e+00,9.73609e-02,1.89584e+01,5.16699e-02,1.46313e-01,7.75771e-01,1.95224e+01,1.02573e+00,2.30358e+00,1.96710e-01,4.02426e+00,2.75873e-01,4.23175e-01,2.76824e-01,7.35745e-01,4.89920e-01,1.91482e-01,3.69460e-01,6.99000e-01
2.59442e-01,3.88833e+00,9.71962e-02,1.86410e+01,5.35599e-02,1.44424e-01,7.50435e-01,2.30283e+01,1.02682e+00,2.43099e+00,1.91168e-01,4.03874e+00,2.76409e-01,4.23268e-01,2.77204e-01,7.15383e-01,4.83369e-01,1.91168e-01,3.68391e-01,7.29073e-01
2.60382e-01,3.85125e+00,9.69636e-02,1.82594e+01,5.59985e-02,1.42654e-01,7.26127e-01,2.58499e+01,1.02792e+00,2.60836e+00,1.85825e-01,4.07589e+00,2.76906e-01,4.23612e-01,2.77563e-01,6.96730e-01,4.77499e-01,1.90846e-01,3.68047e-01,7.53645e-01
2.61866e-01,3.82547e+00,9.66762e-02,1.79209e+01,5.86842e-02,1.41010e-01,7.02868e-01,2.76489e+01,1.02899e+00,2.83216e+00,1.80661e-01,4.13696e+00,2.77374e-01,4.24084e-01,2.77963e-01,6.79570e-01,4.72272e-01,1.90514e-01,3.68248e-01,7.72145e-01
2.64049e-01,3.80679e+00,9.63452e-02,1.76926e+01,6.11815e-02,1.39485e-01,6.80778e-01,2.90408e+01,1.02998e+00,3.09274e+00,1.75654e-01,4.22188e+00,2.77797e-01,4.24549e-01,2.78504e-01,6.63932e-01,4.67599e-01,1.90168e-01,3.68802e-01,7.84227e-01
2.66994e-01,3.79166e+00,9.59919e-02,1.75794e+01,6.30755e-02,1.38077e-01,6.59891e-01,3.02046e+01,1.03089e+00,3.37688e+00,1.70778e-01,4.32976e+00,2.78212e-01,4.24916e-01,2.79321e-01,6.49918e-01,4.63506e-01,1.89806e-01,3.69496e-01,7.89993e-01
2.70682e-01,3.77633e+00,9.56303e-02,1.75540e+01,6.42028e-02,1.36779e-01,6.40267e-01,3.07439e+01,1.03165e+00,3.67022e+00,1.66031e-01,4.45800e+00,2.78582e-01,4.25150e-01,2.80575e-01,6.37399e-01,4.59914e-01,1.89420e-01,3.70238e-01,7.89585e-01
2.74973e-01,3.75797e+00,9.52799e-02,1.76860e+01,6.45664e-02,1.35569e-01,6.21959e-01,3.06133e+01,1.03226e+00,3.95826e+00,1.61396e-01,4.60254e+00,2.78945e-01,4.25249e-01,2.82344e-01,6.26609e-01,4.56854e-01,1.89023e-01,3.71054e-01,7.83469e-01
2.79580e-01,3.73513e+00,9.49565e-02,1.82707e+01,6.42916e-02,1.34446e-01,6.05026e-01,3.00784e+01,1.03264e+00,4.22685e+00,1.56891e-01,4.75662e+00,2.79354e-01,4.25236e-01,2.84569e-01,6.18072e-01,4.54276e-01,1.88611e-01,3.72052e-01,7.72332e-01
2.84151e-01,3.70759e+00,9.46456e-02,1.95150e+01,6.35681e-02,1.33422e-01,5.89514e-01,2.93477e+01,1.03284e+00,4.46343e+00,1.52514e-01,4.91264e+00,2.79815e-01,4.25097e-01,2.87088e-01,6.12346e-01,4.52191e-01,1.88184e-01,3.73340e-01,7.57034e-01
2.88282e-01,3.67666e+00,9.43466e-02,2.12897e+01,6.25446e-02,1.32483e-01,5.75321e-01,2.84466e+01,1.03285e+00,4.65860e+00,1.48287e-01,5.06058e+00,2.80377e-01,4.24792e-01,2.89655e-01,6.09892e-01,4.50591e-01,1.87766e-01,3.74994e-01,7.38440e-01
2.91630e-01,3.64386e+00,9.40693e-02,2.34301e+01,6.13273e-02,1.31616e-01,5.62449e-01,2.73363e+01,1.03268e+00,4.80654e+00,1.44240e-01,5.19086e+00,2.81117e-01,4.24302e-01,2.92031e-01,6.10956e-01,4.49628e-01,1.87344e-01,3.77032e-01,7.17557e-01
2.93943e-01,3.61175e+00,9.38056e-02,2.56286e+01,6.00237e-02,1.30831e-01,5.50742e-01,2.60572e+01,1.03231e+00,4.90507e+00,1.40407e-01,5.29410e+00,2.82060e-01,4.23600e-01,2.94041e-01,6.15338e-01,4.49444e-01,1.86919e-01,3.79423e-01,6.95201e-01
2.95131e-01,3.58388e+00,9.35431e-02,2.74917e+01,5.86870e-02,1.30108e-01,5.40030e-01,2.47544e+01,1.03178e+00,4.95554e+00,1.36815e-01,5.36439e+00,2.83300e-01,4.22688e-01,2.95601e-01,6.22503e-01,4.50479e-01,1.86495e-01,3.82189e-01,6.72234e-01
2.95200e-01,3.56304e+00,9.32839e-02,2.85558e+01,5.73575e-02,1.29454e-01,5.30180e-01,2.35409e+01,1.03112e+00,4.96106e+00,1.33502e-01,5.39816e+00,2.84843e-01,4.21597e-01,2.96659e-01,6.31997e-01,4.53357e-01,1.86074e-01,3.85403e-01,6.49315e-01
2.94306e-01,3.55217e+00,9.30304e-02,2.89185e+01,5.60541e-02,1.28856e-01,5.21096e-01,2.24447e+01,1.03029e+00,4.92648e+00,1.30484e-01,5.39533e+00,2.86766e-01,4.20381e-01,2.97195e-01,6.43618e-01,4.58904e-01,1.85657e-01,3.89098e-01,6.26986e-01
2.92656e-01,3.55357e+00,9.27744e-02,2.91467e+01,5.48015e-02,1.28298e-01,5.12783e-01,2.14457e+01,1.02932e+00,4.85769e+00,1.27758e-01,5.36078e+00,2.89079e-01,4.19082e-01,2.97244e-01,6.56945e-01,4.67858e-01,1.85244e-01,3.93170e-01,6.05701e-01
2.90506e-01,3.56865e+00,9.25221e-02,2.93429e+01,5.36217e-02,1.27807e-01,5.05235e-01,2.04940e+01,1.02825e+00,4.76088e+00,1.25287e-01,5.30225e+00,2.91712e-01,4.17756e-01,2.98196e-01,6.71706e-01,4.80905e-01,1.84840e-01,3.97324e-01,5.85784e-01
2.88095e-01,3.59777e+00,9.22730e-02,2.92532e+01,5.25115e-02,1.27350e-01,4.98490e-01,1.95529e+01,1.02703e+00,4.64237e+00,1.23027e-01,5.22956e+00,2.94634e-01,4.16435e-01,2.98226e-01,6.87530e-01,4.98169e-01,1.84449e-01,4.01085e-01,5.67327e-01
2.85641e-01,3.64074e+00,9.20158e-02,2.88016e+01,5.14919e-02,1.26934e-01,4.92544e-01,1.86228e+01,1.02570e+00,4.50806e+00,1.20916e-01,5.15417e+00,2.97706e-01,4.15166e-01,2.98418e-01,7.04979e-01,5.19206e-01,1.84068e-01,4.03848e-01,5.50560e-01
2.83280e-01,3.69610e+00,9.17580e-02,2.80972e+01,5.05631e-02,1.26554e-01,4.87464e-01,1.77045e+01,1.02428e+00,4.36321e+00,1.18901e-01,5.08673e+00,3.00799e-01,4.13932e-01,3.00105e-01,7.31448e-01,5.42888e-01,1.83701e-01,4.05137e-01,5.35465e-01
2.81177e-01,3.76176e+00,9.15092e-02,2.72855e+01,4.97228e-02,1.26212e-01,4.83289e-01,1.67947e+01,1.02276e+00,4.21234e+00,1.16931e-01,5.03750e+00,3.03731e-01,4.12730e-01,3.04375e-01,7.83522e-01,5.67523e-01,1.83339e-01,4.04647e-01,5.22074e-01
2.79399e-01,3.83447e+00,9.12642e-02,2.64099e+01,4.89704e-02,1.25897e-01,4.80133e-01,1.59048e+01,1.02115e+00,4.05913e+00,1.14966e-01,5.01305e+00,3.06387e-01,4.11555e-01,3.12513e-01,8.51683e-01,5.91126e-01,1.82959e-01,4.02335e-01,5.10302e-01
2.77983e-01,3.91161e+00,9.10169e-02,2.54297e+01,4.83063e-02,1.25614e-01,4.78160e-01,1.50446e+01,1.01946e+00,3.90665e+00,1.12998e-01,5.01756e+00,3.08629e-01,4.10401e-01,3.25621e-01,9.14171e-01,6.11904e-01,1.82559e-01,3.98449e-01,5.00025e-01
2.76930e-01,3.99028e+00,9.07679e-02,2.43361e+01,4.77194e-02,1.25374e-01,4.77539e-01,1.42091e+01,1.01768e+00,3.75714e+00,1.11025e-01,5.05111e+00,3.10358e-01,4.09254e-01,3.43793e-01,9.70095e-01,6.28419e-01,1.82129e-01,3.93237e-01,4.91150e-01
2.76194e-01,4.06769e+00,9.05206e-02,2.32059e+01,4.72093e-02,1.25203e-01,4.78426e-01,1.33900e+01,1.01582e+00,3.61223e+00,1.09055e-01,5.11049e+00,3.11545e-01,4.08087e-01,3.65448e-01,1.01625e+00,6.39877e-01,1.81667e-01,3.87131e-01,4.83495e-01
2.75761e-01,4.14238e+00,9.02730e-02,2.21341e+01,4.67626e-02,1.25389e-01,4.80753e-01,1.25929e+01,1.01390e+00,3.47334e+00,1.07106e-01,5.19034e+00,3.12216e-01,4.06915e-01,3.87499e-01,1.04916e+00,6.46088e-01,1.81152e-01,3.80516e-01,4.76919e-01
2.75521e-01,4.21402e+00,9.00208e-02,2.11581e+01,4.63705e-02,1.27382e-01,4.84369e-01,1.18287e+01,1.01191e+00,3.34147e+00,1.05200e-01,5.28241e+00,3.12369e-01,4.05742e-01,4.06410e-01,1.07353e+00,6.47433e-01,1.80599e-01,3.73723e-01,4.71268e-01
2.75405e-01,4.28419e+00,8.97654e-02,2.02665e+01,4.60321e-02,1.34062e-01,4.88842e-01,1.11036e+01,1.00984e+00,3.21710e+00,1.03355e-01,5.37887e+00,3.12105e-01,4.04573e-01,4.19550e-01,1.09734e+00,6.44627e-01,1.80010e-01,3.66994e-01,4.66391e-01
2.75299e-01,4.35765e+00,8.95134e-02,1.94327e+01,4.57386e-02,1.45459e-01,4.93667e-01,1.04198e+01,1.00773e+00,3.10075e+00,1.01581e-01,5.47159e+00,3.11487e-01,4.03417e-01,4.25931e-01,1.12724e+00,6.38625e-01,1.79399e-01,3.60491e-01,4.62173e-01
2.75106e-01,4.44452e+00,8.92599e-02,1.86247e+01,4.54874e-02,1.56525e-01,4.98523e-01,9.77661e+00,1.00554e+00,2.99247e+00,9.98932e-02,5.55372e+00,3.10573e-01,4.02277e-01,4.26102e-01,1.16728e+00,6.30356e-01,1.78774e-01,3.54330e-01,4.58435e-01
2.74753e-01,4.56307e+00,8.90071e-02,1.78222e+01,4.52703e-02,1.63249e-01,5.03452e-01,9.17197e+00,1.00332e+00,2.89214e+00,9.83113e-02,5.61947e+00,3.09486e-01,4.01149e-01,4.21511e-01,1.21726e+00,6.20695e-01,1.78143e-01,3.48556e-01,4.55099e-01
2.74155e-01,4.74427e+00,8.87653e-02,1.70263e+01,4.50766e-02,1.65437e-01,5.09058e-01,8.60553e+00,1.00105e+00,2.79973e+00,9.68471e-02,5.66525e+00,3.08239e-01,4.00045e-01,4.13850e-01,1.27204e+00,6.10337e-01,1.77516e-01,3.43226e-01,4.52018e-01
2.73303e-01,5.03218e+00,8.85219e-02,1.62434e+01,4.49062e-02,1.64449e-01,5.16621e-01,8.07744e+00,9.98755e-01,2.71454e+00,9.55187e-02,5.68920e+00,3.06853e-01,3.98976e-01,4.04562e-01,1.32286e+00,5.99811e-01,1.76904e-01,3.38286e-01,4.49049e-01
2.72166e-01,5.47565e+00,8.82754e-02,1.54728e+01,4.47653e-02,1.61571e-01,5.28208e-01,7.58773e+00,9.96422e-01,2.63625e+00,9.43547e-02,5.69036e+00,3.05302e-01,3.97926e-01,3.94699e-01,1.36038e+00,5.89493e-01,1.76305e-01,3.33786e-01,4.46114e-01
2.70768e-01,6.10590e+00,8.80270e-02,1.47182e+01,4.46322e-02,1.57742e-01,5.46813e-01,7.13608e+00,9.94032e-01,2.56437e+00,9.33863e-02,5.66995e+00,3.03627e-01,3.96899e-01,3.84899e-01,1.37814e+00,5.79643e-01,1.75713e-01,3.29710e-01,4.43092e-01
2.69127e-01,6.91884e+00,8.77755e-02,1.39862e+01,4.45029e-02,1.53571e-01,5.76642e-01,6.71920e+00,9.91626e-01,2.49843e+00,9.26399e-02,5.62913e+00,3.01797e-01,3.95889e-01,3.75589e-01,1.37410e+00,5.70327e-01,1.75127e-01,3.26020e-01,4.39920e-01
2.67293e-01,7.87594e+00,8.75273e-02,1.32775e+01,4.43847e-02,1.49444e-01,6.22491e-01,6.33455e+00,9.89182e-01,2.43759e+00,9.21287e-02,5.57192e+00,2.99815e-01,3.94891e-01,3.67035e-01,1.35033e+00,5.61664e-01,1.74545e-01,3.22710e-01,4.36500e-01
2.65307e-01,8.92599e+00,8.72821e-02,1.25856e+01,4.42716e-02,1.45566e-01,6.87368e-01,5.98002e+00,9.86717e-01,2.38148e+00,9.18628e-02,5.50083e+00,2.97689e-01,3.93910e-01,3.59363e-01,1.31172e+00,5.53599e-01,1.73967e-01,3.19771e-01,4.32763e-01
2.63254e-01,1.00244e+01,8.70361e-02,1.19065e+01,4.41651e-02,1.42037e-01,7.68331e-01,5.65262e+00,9.84214e-01,2.32953e+00,9.18382e-02,5.42073e+00,2.95442e-01,3.92929e-01,3.52575e-01,1.26435e+00,5.46145e-01,1.73402e-01,3.17176e-01,4.28766e-01
2.61163e-01,1.11368e+01,8.67910e-02,1.12454e+01,4.40661e-02,1.38894e-01,8.53574e-01,5.34961e+00,9.81686e-01,2.28126e+00,9.20347e-02,5.33435e+00,2.93085e-01,3.91948e-01,3.46567e-01,1.21409e+00,5.39214e-01,1.72847e-01,3.14878e-01,4.24448e-01
2.59093e-01,1.22350e+01,8.65468e-02,1.06098e+01,4.39677e-02,1.36127e-01,9.25809e-01,5.06903e+00,9.79154e-01,2.23615e+00,9.24368e-02,5.24625e+00,2.90695e-01,3.90970e-01,3.41108e-01,1.16592e+00,5.32786e-01,1.72304e-01,3.12882e-01,4.19869e-01
2.57100e-01,1.32914e+01,8.63119e-02,1.00059e+01,4.41697e-02,1.34641e-01,9.71384e-01,4.80932e+00,9.76598e-01,2.19586e+00,9.31090e-02,5.16066e+00,2.88292e-01,3.89987e-01,3.42115e-01,1.12378e+00,5.26799e-01,1.71767e-01,3.11162e-01,4.15067e-01
2.55200e-01,1.42799e+01,8.71392e-02,9.43706e+00,4.52628e-02,1.34056e-01,9.86432e-01,4.57162e+00,9.74360e-01,2.16282e+00,1.10088e-01,5.08799e+00,2.85952e-01,3.89232e-01,3.53124e-01,1.09021e+00,5.21257e-01,1.72634e-01,3.68660e-01,4.10190e-01
2.53480e-01,1.52116e+01,8.99624e-02,8.90545e+00,4.77808e-02,2.24047e-01,9.86064e-01,4.35878e+00,9.72260e-01,2.15083e+00,1.91823e-01,5.03151e+00,2.83689e-01,3.88483e-01,4.92687e-01,1.06684e+00,5.16099e-01,1.73160e-01,8.15567e-01,4.05198e-01
2.52001e-01,1.60172e+01,9.37206e-02,8.41391e+00,5.20712e-02,5.38345e-01,1.15312e+00,4.17458e+00,9.70262e-01,2.19924e+00,3.16289e-01,4.99233e+00,2.81580e-01,3.87737e-01,9.04484e-01,1.05422e+00,5.11325e-01,1.73980e-01,1.77348e+00,4.00153e-01
2.50683e-01,1.66984e+01,9.74237e-02,7.95924e+00,5.82914e-02,1.10298e+00,1.65675e+00,4.01398e+00,9.68355e-01,2.39988e+00,3.97251e-01,4.97426e+00,2.79650e-01,3.87069e-01,1.42057e+00,1.05191e+00,5.06949e-01,1.75875e-01,3.22181e+00,3.95219e-01
2.49526e-01,1.73194e+01,1.00126e-01,7.52420e+00,6.44487e-02,1.64393e+00,2.34014e+00,3.86641e+00,9.66492e-01,2.81294e+00,4.44044e-01,4.99924e+00,2.77851e-01,3.86547e-01,2.06066e+00,1.05837e+00,5.02944e-01,1.78430e-01,6.20347e+00,3.90428e-01
2.48570e-01,1.79152e+01,1.02077e-01,7.11285e+00,6.95260e-02,2.99679e+00,3.40510e+00,3.73150e+00,9.64677e-01,3.39752e+00,4.63106e-01,5.10038e+00,2.76273e-01,3.86183e-01,2.51991e+00,1.07134e+00,4.99319e-01,1.80967e-01,9.20238e+00,3.85801e-01
2.47861e-01,1.85367e+01,1.03504e-01,6.73319e+00,7.39317e-02,5.28011e+00,4.94843e+00,3.61227e+00,9.63013e-01,4.15934e+00,4.48252e-01,5.31641e+00,2.74863e-01,3.85942e-01,2.61933e+00,1.08820e+00,4.96066e-01,1.83146e-01,9.71437e+00,3.81437e-01
2.47413e-01,1.92554e+01,1.04690e-01,6.38456e+00,7.72133e-02,6.32775e+00,6.12672e+00,3.50815e+00,9.61489e-01,5.16792e+00,4.14583e-01,5.68065e+00,2.73616e-01,3.85841e-01,2.55863e+00,1.10638e+00,4.93178e-01,1.85093e-01,8.52761e+00,3.77366e-01
2.47178e-01,2.01764e+01,1.05200e-01,6.06722e+00,7.87825e-02,6.01269e+00,6.68577e+00,3.41959e+00,9.60050e-01,6.45365e+00,3.76389e-01,6.19589e+00,2.72496e-01,3.85999e-01,2.47662e+00,1.12370e+00,4.90615e-01,1.86895e-01,6.93385e+00,3.73594e-01
2.47087e-01,2.13968e+01,1.04888e-01,5.78134e+00,7.88749e-02,5.15669e+00,6.73727e+00,3.34722e+00,9.58713e-01,8.02044e+00,3.40669e-01,6.82827e+00,2.71536e-01,3.86437e-01,2.39148e+00,1.13852e+00,4.88381e-01,1.88355e-01,5.54264e+00,3.70204e-01
2.47107e-01,2.29262e+01,1.03822e-01,5.53594e+00,7.81437e-02,4.26683e+00,6.61802e+00,3.29465e+00,9.57481e-01,9.93070e+00,3.10765e-01,7.53919e+00,2.70681e-01,3.87063e-01,2.35268e+00,1.15007e+00,4.86478e-01,1.89198e-01,4.51980e+00,3.67134e-01
2.47236e-01,2.46209e+01,1.02476e-01,5.35640e+00,7.71512e-02,3.56738e+00,7.62284e+00,3.27281e+00,9.56402e-01,1.23486e+01,2.87212e-01,8.29647e+00,2.69907e-01,3.87750e-01,2.48923e+00,1.15779e+00,4.84847e-01,1.89223e-01,3.84756e+00,3.64376e-01
2.47448e-01,2.62084e+01,1.01427e-01,5.29911e+00,7.62279e-02,3.18467e+00,1.60281e+01,3.30533e+00,9.55425e-01,1.53136e+01,2.68920e-01,9.04877e+00,2.69261e-01,3.88402e-01,2.91891e+00,1.16172e+00,4.83421e-01,1.88405e-01,3.43934e+00,3.61971e-01
2.47793e-01,2.74035e+01,1.01165e-01,5.44219e+00,7.54068e-02,3.17233e+00,3.10903e+01,3.42581e+00,9.54473e-01,1.83296e+01,2.55097e-01,9.72374e+00,2.68659e-01,3.88995e-01,3.58075e+00,1.16216e+00,4.82176e-01,1.86906e-01,3.19848e+00,3.59847e-01
2.48216e-01,2.80351e+01,1.01944e-01,5.82690e+00,7.46281e-02,3.36950e+00,3.39447e+01,3.65620e+00,9.53477e-01,2.05735e+01,2.46885e-01,1.02759e+01,2.68099e-01,3.89545e-01,4.29333e+00,1.15959e+00,4.81061e-01,1.85037e-01,3.04750e+00,3.58057e-01
2.48701e-01,2.80989e+01,1.03616e-01,6.39332e+00,7.37910e-02,3.50452e+00,3.29642e+01,3.97701e+00,9.52417e-01,2.15946e+01,2.48731e-01,1.07250e+01,2.67581e-01,3.90148e-01,5.24701e+00,1.15449e+00,4.80053e-01,1.83150e-01,2.92882e+00,3.56628e-01
2.49174e-01,2.77110e+01,1.05632e-01,6.98780e+00,7.27730e-02,3.46919e+00,3.17478e+01,4.33411e+00,9.51338e-01,2.15392e+01,2.68724e-01,1.11490e+01,2.67066e-01,3.90864e-01,7.51471e+00,1.14723e+00,4.79126e-01,1.81593e-01,2.80125e+00,3.55457e-01
2.49572e-01,2.70339e+01,1.07308e-01,7.48906e+00,7.15293e-02,3.30261e+00,2.97500e+01,4.67330e+00,9.50312e-01,2.08590e+01,3.13744e-01,1.16455e+01,2.66589e-01,3.91689e-01,1.14371e+01,1.13816e+00,4.78254e-01,1.80707e-01,2.64380e+00,3.54587e-01
2.49860e-01,2.62325e+01,1.08113e-01,8.28149e+00,7.00821e-02,3.07081e+00,2.68088e+01,4.96405e+00,9.49408e-01,1.99687e+01,3.79280e-01,1.22881e+01,2.66124e-01,3.92612e-01,1.41744e+01,1.12744e+00,4.77397e-01,1.80827e-01,2.45540e+00,3.53931e-01
2.50012e-01,2.54368e+01,1.07857e-01,1.24620e+01,6.84594e-02,2.81631e+00,2.36709e+01,5.20685e+00,9.48667e-01,1.90619e+01,4.49394e-01,1.31074e+01,2.65646e-01,3.93545e-01,1.41430e+01,1.11517e+00,4.76476e-01,1.82306e-01,2.24723e+00,3.53535e-01
2.50023e-01,2.47094e+01,1.06641e-01,2.50779e+01,6.67023e-02,2.56007e+00,2.09446e+01,5.42679e+00,9.48095e-01,1.81284e+01,5.09864e-01,1.40982e+01,2.65185e-01,3.94418e-01,1.25479e+01,1.10143e+00,4.75505e-01,1.85381e-01,2.03363e+00,3.53329e-01
2.49892e-01,2.40453e+01,1.04667e-01,3.63030e+01,6.48788e-02,2.31332e+00,1.85327e+01,5.65588e+00,9.47631e-01,1.70955e+01,5.55403e-01,1.52407e+01,2.64709e-01,3.95161e-01,1.06734e+01,1.08612e+00,4.74407e-01,1.90157e-01,1.82667e+00,3.53272e-01
2.49635e-01,2.34131e+01,1.02235e-01,3.71563e+01,6.30340e-02,2.08335e+00,1.63483e+01,5.90911e+00,9.47228e-01,1.59348e+01,5.87382e-01,1.65198e+01,2.64232e-01,3.95718e-01,9.05568e+00,1.06922e+00,4.73168e-01,1.96459e-01,1.63451e+00,3.53392e-01
2.49269e-01,2.27864e+01,9.96315e-02,3.37280e+01,6.12071e-02,1.87442e+00,1.43809e+01,6.17147e+00,9.46815e-01,1.46730e+01,6.10087e-01,1.79334e+01,2.63735e-01,3.96024e-01,7.76482e+00,1.05082e+00,4.71739e-01,2.03793e-01,1.46172e+00,3.53601e-01
2.48808e-01,2.21531e+01,9.70374e-02,3.01538e+01,5.94306e-02,1.68843e+00,1.26357e+01,6.40674e+00,9.46321e-01,1.33637e+01,6.30209e-01,1.94859e+01,2.63244e-01,3.96028e-01,6.73689e+00,1.03093e+00,4.70103e-01,2.11408e-01,1.31011e+00,3.53928e-01
2.48260e-01,2.15142e+01,9.46167e-02,2.73996e+01,5.77323e-02,1.52550e+00,1.11095e+01,6.58198e+00,9.45646e-01,1.20615e+01,6.63059e-01,2.11679e+01,2.62735e-01,3.95721e-01,5.90471e+00,1.00971e+00,4.68261e-01,2.18495e-01,1.17952e+00,3.54365e-01
2.47635e-01,2.08751e+01,9.24476e-02,2.49514e+01,5.61366e-02,1.38465e+00,9.78933e+00,6.70516e+00,9.44794e-01,1.08082e+01,7.58817e-01,2.29366e+01,2.62214e-01,3.95122e-01,5.21579e+00,9.87352e-01,4.66240e-01,2.24288e-01,1.06868e+00,3.54833e-01
