2.96430e+05,3.15945e+05,2.78924e+05,3.20227e+05,2.73098e+05,3.13062e+05,3.22476e+05,3.22481e+05,3.02025e+05,2.96664e+05,3.12191e+05,2.90617e+05,3.03810e+05,3.05388e+05,3.26294e+05,3.18438e+05,3.02269e+05,3.06265e+05,3.02739e+05,3.08554e+05
6.93889e-18,6.93889e-18,6.93889e-18,6.93889e-18,6.93889e-18,6.93889e-18,6.93889e-18,6.93889e-18,6.93889e-18,6.93889e-18,6.93889e-18,6.93889e-18,6.93889e-18,6.93889e-18,6.93889e-18,6.93889e-18,6.93889e-18,6.93889e-18,6.93889e-18,6.93889e-18
2.42861e-17,5.20417e-18,4.85723e-17,3.46945e-17,3.81639e-17,1.73472e-17,3.46945e-17,2.08167e-17,3.12250e-17,1.90820e-17,2.42861e-17,1.90820e-17,2.77556e-17,2.42861e-17,3.46945e-18,4.07308e-09,4.16334e-17,2.25514e-17,6.24500e-17,1.21431e-17
4.16334e-17,1.56125e-17,6.93889e-17,3.12250e-17,4.16334e-17,5.89806e-17,3.46945e-17,2.77556e-17,4.51028e-17,2.60209e-17,5.89806e-17,1.73472e-17,4.85723e-17,1.73472e-17,3.46945e-17,3.46945e-18,1.04083e-17,2.42861e-17,1.38778e-16,3.12250e-17
6.24500e-17,1.21431e-17,1.38778e-17,4.16334e-17,1.38778e-16,6.24500e-17,2.08167e-17,1.38778e-17,1.38778e-17,4.16334e-17,4.16334e-17,0.00000e+00,2.42861e-17,4.85723e-17,2.42861e-17,4.07308e-09,8.32667e-17,2.42861e-17,6.93889e-17,1.38778e-17
1.38778e-17,1.90820e-17,6.93889e-17,7.63278e-17,2.35922e-16,2.77556e-17,4.85723e-17,2.08167e-17,1.38778e-17,8.32667e-17,1.38778e-17,1.40000e-09,4.85723e-17,4.85723e-17,1.73472e-17,4.07308e-09,6.24500e-17,2.42861e-17,1.11022e-16,6.24500e-17
4.16334e-17,1.73472e-17,1.94289e-16,6.24500e-17,2.35922e-16,6.93889e-18,1.24900e-16,6.93889e-18,6.24500e-17,8.32667e-17,2.08167e-17,2.25514e-17,6.93889e-17,2.08167e-17,2.42861e-17,1.62923e-08,6.93889e-18,4.85723e-17,1.94289e-16,2.77556e-17
4.16334e-17,0.00000e+00,1.94289e-16,6.93889e-17,1.94289e-16,8.32667e-17,0.00000e+00,7.63278e-17,1.24900e-16,1.66533e-16,6.24500e-17,1.73472e-17,6.93889e-18,1.38778e-17,0.00000e+00,1.24900e-16,0.00000e+00,1.04083e-16,2.22045e-16,3.46945e-17
1.38778e-17,2.08167e-17,5.55112e-17,9.02056e-17,3.33067e-16,1.24900e-16,1.38778e-16,6.93889e-18,1.66533e-16,1.11022e-16,4.16334e-17,1.04083e-17,8.32667e-17,2.08167e-16,1.04083e-17,8.32667e-17,0.00000e+00,6.93889e-18,8.32667e-17,8.32667e-17
4.16334e-17,4.16334e-17,4.16334e-16,2.17945e-09,1.38778e-16,4.16334e-17,1.52656e-16,4.85723e-17,4.16334e-17,7.77156e-16,2.77556e-17,2.08167e-17,9.71445e-17,1.66533e-16,2.77556e-17,4.07308e-08,4.85723e-17,6.93889e-18,1.66533e-16,4.16334e-17
6.93889e-17,3.46945e-17,1.38778e-16,6.82569e-09,2.77556e-16,1.24900e-16,6.93889e-17,1.11022e-16,1.38778e-17,3.33067e-16,9.71445e-17,1.40000e-09,6.93889e-18,1.38778e-17,2.77556e-17,4.07308e-08,6.24500e-17,9.71445e-17,2.49800e-16,9.71445e-17
4.16334e-17,6.93889e-17,8.32667e-17,1.74597e-08,2.22045e-16,2.22045e-16,1.38778e-17,9.71445e-17,1.24900e-16,6.10623e-16,1.38778e-17,2.77556e-17,2.08167e-17,1.24900e-16,4.16334e-17,4.07308e-08,9.02056e-17,9.71445e-17,6.10623e-16,9.71445e-17
1.66533e-16,9.71445e-17,1.11022e-16,4.16090e-08,3.33067e-16,1.66533e-16,1.38778e-17,1.52656e-16,6.93889e-17,4.58258e-08,1.24900e-16,4.16334e-17,5.55112e-17,8.32667e-17,2.77556e-17,4.07308e-08,5.55112e-17,1.94289e-16,3.33067e-16,1.80411e-16
1.11022e-16,0.00000e+00,1.11022e-16,8.22179e-08,3.33067e-16,3.60822e-16,5.55112e-17,6.93889e-17,8.32667e-17,9.16515e-08,1.80411e-16,1.40000e-09,5.55112e-17,2.77556e-16,6.93889e-17,5.55112e-17,6.24500e-17,1.38778e-17,3.88578e-16,1.94289e-16
8.32667e-17,1.11022e-16,1.66533e-16,1.34044e-07,2.77556e-16,2.22045e-16,1.80411e-16,1.52656e-16,1.38778e-16,2.74955e-07,1.11022e-16,1.40000e-09,1.11022e-16,3.05311e-16,6.24500e-17,5.55112e-17,1.24900e-16,8.32667e-17,6.10623e-16,2.77556e-16
0.00000e+00,1.38778e-16,1.94289e-16,1.78034e-07,4.44089e-16,3.33067e-16,1.38778e-16,0.00000e+00,2.49800e-16,5.04083e-07,6.93889e-17,2.77556e-17,9.71445e-17,1.94289e-16,3.46945e-17,8.32667e-17,0.00000e+00,2.22045e-16,2.22045e-16,1.66533e-16
3.33067e-16,3.60822e-16,2.22045e-16,2.25335e-07,6.10623e-16,3.33067e-16,2.22045e-16,1.11022e-16,8.32667e-17,7.33212e-07,1.38778e-16,1.40000e-09,6.93889e-18,3.05311e-16,1.04083e-16,4.44089e-16,1.11022e-16,2.22045e-16,7.77156e-16,1.38778e-16
4.44089e-16,3.88578e-16,1.38778e-16,3.58066e-07,5.55112e-16,6.10623e-16,3.05311e-16,1.11022e-16,2.77556e-17,1.00817e-06,4.16334e-17,1.40000e-09,4.16334e-17,4.71845e-16,1.11022e-16,5.27356e-16,2.22045e-16,5.55112e-17,7.21645e-16,4.44089e-16
7.77156e-16,2.49800e-16,3.33067e-16,6.45956e-07,3.88578e-16,5.55112e-16,2.77556e-16,2.77556e-17,2.49800e-16,1.23421e-06,1.24900e-16,1.40000e-09,4.16334e-17,2.22045e-16,7.63278e-17,5.55112e-16,1.66533e-16,0.00000e+00,4.44089e-16,2.77556e-17
7.77156e-16,2.77556e-17,1.11022e-16,6.03311e-07,3.88578e-16,5.55112e-17,1.11022e-16,8.32667e-17,4.44089e-16,1.41749e-06,6.93889e-17,1.40000e-09,0.00000e+00,2.77556e-16,8.32667e-17,3.60822e-16,0.00000e+00,8.32667e-17,1.11022e-16,5.55112e-17
7.77156e-16,2.77556e-16,1.52656e-16,3.29149e-07,3.88578e-16,2.77556e-16,1.66533e-16,1.38778e-16,1.11022e-16,1.50382e-06,6.93889e-17,9.71445e-17,1.94289e-16,6.66134e-16,8.32667e-17,6.10623e-16,8.32667e-17,5.55112e-17,5.55112e-17,8.32667e-17
4.44089e-16,2.77556e-16,1.38778e-17,5.17633e-07,5.55112e-16,0.00000e+00,2.22045e-16,1.52656e-16,4.44089e-16,1.51009e-06,1.38778e-17,0.00000e+00,1.94289e-16,0.00000e+00,9.71445e-17,3.88578e-16,4.16334e-17,1.94289e-16,0.00000e+00,3.33067e-16
9.99201e-16,1.38778e-16,2.08167e-16,1.27164e-06,6.10623e-16,5.55112e-17,3.88578e-16,9.71445e-17,3.88578e-16,1.46828e-06,6.93889e-17,3.60822e-16,2.77556e-17,3.33067e-16,4.16334e-17,4.99600e-16,1.66533e-16,1.80411e-16,6.66134e-16,2.22045e-16
0.00000e+00,1.66533e-16,2.08167e-16,2.01346e-06,8.88178e-16,2.77556e-17,2.22045e-16,1.94289e-16,5.55112e-16,1.31041e-06,1.38778e-17,3.33067e-16,8.32667e-17,3.33067e-16,1.24900e-16,9.43690e-16,2.77556e-17,2.08167e-16,9.99201e-16,0.00000e+00
1.22125e-15,1.38778e-16,1.80411e-16,2.24159e-06,5.55112e-16,3.33067e-16,1.38778e-16,4.16334e-17,3.88578e-16,1.10327e-06,2.35922e-16,5.55112e-17,2.49800e-16,4.99600e-16,0.00000e+00,2.77556e-16,0.00000e+00,1.80411e-16,1.11022e-15,6.10623e-16
1.11022e-15,1.66533e-16,4.16334e-17,2.25375e-06,2.77556e-16,4.99600e-16,8.32667e-17,5.55112e-17,3.88578e-16,6.97925e-07,1.11022e-16,4.44089e-16,3.88578e-16,1.11022e-16,1.52656e-16,9.99201e-16,1.94289e-16,2.49800e-16,5.55112e-16,5.55112e-16
1.11022e-16,2.49800e-16,4.16334e-17,2.43740e-06,0.00000e+00,2.77556e-17,3.05311e-16,9.71445e-17,4.44089e-16,5.27085e-07,1.38778e-16,4.44089e-16,0.00000e+00,7.21645e-16,6.93889e-17,3.88578e-16,2.77556e-17,4.16334e-17,6.66134e-16,6.10623e-16
0.00000e+00,1.11022e-16,1.66533e-16,2.51132e-06,4.44089e-16,3.33067e-16,1.66533e-16,1.38778e-16,7.21645e-16,1.43183e-06,1.66533e-16,6.10623e-16,5.55112e-16,7.77156e-16,2.22045e-16,6.66134e-16,3.33067e-16,2.77556e-17,0.00000e+00,3.88578e-16
9.99201e-16,5.55112e-17,9.71445e-17,2.10827e-06,3.33067e-16,2.77556e-17,0.00000e+00,1.66533e-16,5.55112e-16,2.56427e-06,6.93889e-17,6.10623e-16,3.88578e-16,3.33067e-16,6.93889e-17,4.44089e-16,2.77556e-16,1.52656e-16,7.77156e-16,6.10623e-16
6.66134e-16,1.66533e-16,9.71445e-17,1.27051e-06,7.21645e-16,1.38778e-16,2.77556e-16,1.52656e-16,6.66134e-16,4.83852e-06,2.77556e-17,4.44089e-16,7.21645e-16,3.33067e-16,2.49800e-16,4.99600e-16,1.94289e-16,1.38778e-17,1.11022e-15,6.10623e-16
2.22045e-16,4.16334e-16,1.38778e-16,1.00257e-06,5.55112e-17,1.38778e-16,1.11022e-16,1.66533e-16,7.21645e-16,5.37621e-06,4.16334e-17,4.99600e-16,1.66533e-16,5.55112e-16,3.05311e-16,7.77156e-16,1.66533e-16,1.38778e-16,1.22125e-15,8.32667e-16
1.11022e-15,5.55112e-17,1.38778e-16,1.73591e-06,3.88578e-16,1.11022e-16,3.05311e-16,1.24900e-16,4.44089e-16,5.43679e-06,9.71445e-17,1.11022e-16,2.77556e-16,0.00000e+00,2.77556e-16,2.17945e-08,2.22045e-16,3.05311e-16,3.33067e-16,3.88578e-16
1.44329e-15,1.11022e-16,4.16334e-17,2.21133e-06,1.94289e-16,2.22045e-16,4.71845e-16,5.55112e-17,2.22045e-16,5.93832e-06,9.71445e-17,7.77156e-16,2.22045e-16,0.00000e+00,3.88578e-16,1.95959e-08,4.71845e-16,1.66533e-16,7.77156e-16,0.00000e+00
4.44089e-16,3.33067e-16,9.71445e-17,3.24297e-06,3.05311e-16,1.11022e-16,5.55112e-17,1.94289e-16,4.44089e-16,5.50871e-06,1.66533e-16,3.84187e-08,3.33067e-16,6.10623e-16,1.66533e-16,2.17945e-08,8.32667e-17,1.94289e-16,1.22125e-15,4.44089e-16
1.44329e-15,1.94289e-16,6.93889e-17,4.53129e-06,3.33067e-16,3.88578e-16,2.77556e-17,1.66533e-16,1.16573e-15,4.97955e-06,1.11022e-16,1.11022e-15,2.22045e-16,8.32667e-16,3.33067e-16,5.80603e-08,6.10623e-16,2.49800e-16,0.00000e+00,5.55112e-16
7.77156e-16,3.33067e-16,8.32667e-17,5.15508e-06,2.22045e-16,5.55112e-17,1.94289e-16,0.00000e+00,1.11022e-15,4.59906e-06,8.32667e-17,6.66134e-16,1.66533e-16,6.10623e-16,2.77556e-16,3.60249e-07,4.95076e-08,8.32667e-17,1.11022e-16,7.21645e-16
1.22125e-15,2.77556e-17,1.24900e-16,5.69995e-06,2.49800e-16,3.60822e-16,2.77556e-16,2.22045e-16,7.77156e-16,4.86606e-06,1.24900e-16,2.22045e-16,8.32667e-16,6.66134e-16,4.16334e-16,2.15085e-06,2.42066e-07,2.77556e-16,9.99201e-16,1.33227e-15
9.99201e-16,4.71845e-16,1.24900e-16,6.12268e-06,2.77556e-17,4.16334e-16,1.94289e-16,1.66533e-16,7.21645e-16,6.80217e-06,1.66533e-16,1.11022e-16,6.10623e-16,9.99201e-16,3.33067e-16,3.49307e-06,6.87118e-07,3.33067e-16,9.99201e-16,1.11022e-15
3.33067e-16,2.22045e-16,5.55112e-17,6.77251e-06,3.60822e-16,1.11022e-16,3.05311e-16,2.49800e-16,1.22125e-15,9.88026e-06,5.55112e-17,2.22045e-16,1.11022e-15,1.05471e-15,7.21645e-16,3.31003e-06,1.18384e-06,5.55112e-17,0.00000e+00,6.66134e-16
1.44329e-15,2.77556e-17,9.71445e-17,8.29311e-06,4.71845e-16,4.16334e-16,0.00000e+00,3.60822e-16,6.66134e-16,1.40146e-05,1.11022e-16,9.99201e-16,1.11022e-15,5.55112e-16,3.88578e-16,4.13568e-06,1.51855e-06,2.77556e-17,5.55112e-16,1.33227e-15
6.66134e-16,4.99600e-16,1.52656e-16,8.04128e-06,3.33067e-16,2.22045e-16,3.33067e-16,3.60822e-16,8.88178e-16,1.19753e-05,2.22045e-16,4.43959e-08,3.33067e-16,5.55112e-17,9.43690e-16,5.44326e-06,1.55031e-06,3.05311e-16,5.55112e-16,8.88178e-16
1.22125e-15,4.99600e-16,1.38778e-16,7.68342e-06,4.16334e-16,1.66533e-16,2.77556e-17,1.11022e-16,9.99201e-16,9.84626e-06,9.71445e-17,7.77156e-16,8.88178e-16,5.55112e-16,6.10623e-16,5.79796e-06,1.73386e-06,8.32667e-17,8.88178e-16,3.33067e-16
1.22125e-15,3.33067e-16,6.93889e-17,7.50121e-06,1.11022e-16,0.00000e+00,2.77556e-16,8.32667e-17,1.11022e-15,8.64443e-06,8.32667e-17,2.17945e-08,6.66134e-16,2.22045e-16,1.66533e-16,5.82471e-06,1.94751e-06,5.55112e-17,6.66134e-16,8.88178e-16
7.77156e-16,3.33067e-16,9.71445e-17,8.49887e-06,3.05311e-16,6.66134e-16,3.88578e-16,4.99600e-16,4.44089e-16,7.09660e-06,8.32667e-17,1.11022e-15,1.22125e-15,1.11022e-16,8.32667e-16,4.25158e-06,2.41996e-06,5.55112e-17,1.33227e-15,1.22125e-15
5.55112e-16,3.88578e-16,1.38778e-17,8.88916e-06,1.94289e-16,8.32667e-16,2.77556e-16,2.77556e-16,1.11022e-16,8.88750e-06,5.55112e-17,2.66454e-15,5.55112e-16,8.88178e-16,0.00000e+00,4.61534e-06,2.51966e-06,2.22045e-16,1.11022e-16,9.99201e-16
1.22125e-15,2.77556e-16,0.00000e+00,7.88207e-06,8.32667e-17,4.44089e-16,3.88578e-16,4.99600e-16,7.77156e-16,1.13116e-05,1.38778e-16,6.66134e-16,3.33067e-16,6.66134e-16,6.66134e-16,4.62602e-06,4.42773e-06,8.32667e-17,4.44089e-16,2.44249e-15
8.88178e-16,5.55112e-16,1.66533e-16,8.90767e-06,2.22045e-16,4.44089e-16,6.66134e-16,5.55112e-16,4.44089e-16,1.38009e-05,1.66533e-16,1.77636e-15,8.88178e-16,7.77156e-16,4.44089e-16,5.90766e-06,8.64082e-06,3.05311e-16,4.44089e-16,1.11022e-15
6.66134e-16,7.77156e-16,5.55112e-17,9.53933e-06,2.77556e-17,4.99600e-16,4.99600e-16,2.77556e-16,3.33067e-16,1.64608e-05,2.22045e-16,8.88178e-16,7.77156e-16,1.88738e-15,1.22125e-15,6.27183e-06,9.16057e-06,5.55112e-17,2.44249e-15,8.88178e-16
5.55112e-16,8.32667e-16,1.11022e-16,8.91135e-06,2.77556e-17,3.33067e-16,1.66533e-16,3.88578e-16,4.44089e-16,1.74965e-05,0.00000e+00,1.33227e-15,6.66134e-16,3.33067e-16,7.77156e-16,6.61139e-06,1.26107e-05,3.33067e-16,1.55431e-15,1.33227e-15
3.33067e-16,3.88578e-16,6.93889e-17,8.90098e-06,2.77556e-16,2.22045e-16,1.11022e-16,6.10623e-16,1.33227e-15,1.78477e-05,2.49800e-16,1.99840e-15,2.22045e-16,0.00000e+00,8.88178e-16,8.56570e-06,1.09198e-05,2.22045e-16,8.88178e-16,0.00000e+00
1.77636e-15,5.11762e-08,1.11022e-16,1.17490e-05,1.94289e-16,2.22045e-16,9.99201e-16,1.11022e-16,1.11022e-16,1.72134e-05,1.94289e-16,1.40000e-07,1.55431e-15,2.22045e-16,9.99201e-16,9.80495e-06,1.21673e-05,1.11022e-16,0.00000e+00,8.88178e-16
7.77156e-16,2.03103e-07,9.71445e-17,1.16160e-05,1.66533e-16,4.99600e-16,4.99600e-16,4.44089e-16,1.33227e-15,1.60243e-05,3.05311e-16,3.75633e-07,1.55431e-15,0.00000e+00,1.33227e-15,1.00134e-05,1.30727e-05,1.38778e-16,1.33227e-15,1.11022e-15
5.55112e-16,6.08719e-07,4.16334e-17,9.62951e-06,3.05311e-16,8.88178e-16,1.66533e-16,2.77556e-16,1.11022e-16,1.43175e-05,2.22045e-16,2.22045e-15,1.99840e-15,1.11022e-15,1.55431e-15,8.84386e-06,1.42007e-05,2.77556e-16,2.66454e-15,1.55431e-15
2.22045e-16,1.30461e-06,1.38778e-16,8.88563e-06,3.05311e-16,1.11022e-16,9.99201e-16,1.66533e-16,8.88178e-16,1.23446e-05,1.66533e-16,1.70587e-07,1.55431e-15,7.77156e-16,9.99201e-16,1.30986e-05,1.62307e-05,1.94289e-16,1.33227e-15,2.44249e-15
0.00000e+00,2.07286e-06,4.16334e-17,7.64891e-06,1.38778e-16,8.88178e-16,4.99600e-16,4.99600e-16,8.88178e-16,1.62567e-05,2.22045e-16,1.95959e-07,8.88178e-16,9.99201e-16,9.99201e-16,1.40895e-05,1.69860e-05,8.32667e-17,2.22045e-16,4.44089e-16
0.00000e+00,2.76255e-06,1.11022e-16,7.00008e-06,5.55112e-17,9.99201e-16,1.22125e-15,6.66134e-16,1.33227e-15,2.24938e-05,2.22045e-16,3.00000e-07,1.33227e-15,4.44089e-16,4.44089e-16,1.74993e-05,1.80184e-05,3.33067e-16,1.55431e-15,1.99840e-15
1.66533e-15,3.23967e-06,1.24900e-16,8.24390e-06,1.66533e-16,5.55112e-16,5.55112e-16,3.33067e-16,2.33147e-15,2.19135e-05,1.38778e-16,3.12890e-07,1.77636e-15,1.11022e-15,7.77156e-16,1.35968e-05,1.66043e-05,1.66533e-16,6.66134e-16,1.55431e-15
2.22045e-16,4.20414e-06,9.71445e-17,9.25948e-06,8.32667e-17,9.99201e-16,0.00000e+00,2.77556e-16,3.33067e-16,1.85677e-05,1.66533e-16,2.55147e-07,1.33227e-15,3.33067e-16,1.44329e-15,1.33852e-05,1.72989e-05,1.66533e-16,2.22045e-15,2.88658e-15
6.66134e-16,8.79764e-06,9.71445e-17,1.07976e-05,5.55112e-17,0.00000e+00,0.00000e+00,2.22045e-16,1.55431e-15,2.14612e-05,1.11022e-16,2.37487e-07,0.00000e+00,1.22125e-15,3.33067e-16,1.37114e-05,1.70581e-05,3.33067e-16,4.44089e-16,1.99840e-15
1.44329e-15,9.32483e-06,6.93889e-17,1.16634e-05,2.77556e-17,7.77156e-16,7.77156e-16,5.55112e-17,1.55431e-15,2.59054e-05,3.33067e-16,2.17945e-07,2.88658e-15,7.77156e-16,8.88178e-16,1.55015e-05,1.95563e-05,1.66533e-16,2.66454e-15,2.22045e-15
8.88178e-16,7.23245e-06,1.80411e-16,1.13066e-05,2.77556e-17,3.33067e-16,7.77156e-16,1.70587e-08,1.55431e-15,2.28893e-05,3.33067e-16,2.37487e-07,4.44089e-16,1.33227e-15,7.77156e-16,1.51160e-05,2.30222e-05,1.66533e-16,3.33067e-15,2.22045e-15
1.66533e-15,1.20165e-05,1.52656e-16,1.22749e-05,2.77556e-17,4.44089e-16,2.22045e-16,4.53762e-08,1.11022e-15,2.13318e-05,5.55112e-17,2.37487e-07,4.44089e-16,0.00000e+00,1.44329e-15,1.43264e-05,1.82586e-05,8.32667e-17,1.11022e-15,1.55431e-15
6.66134e-16,1.06386e-05,5.55112e-17,1.19574e-05,2.77556e-17,8.88178e-16,1.33227e-15,1.09545e-07,1.77636e-15,1.72549e-05,2.49800e-16,5.18073e-07,2.22045e-16,5.55112e-16,1.11022e-16,9.98689e-06,1.83436e-05,1.94289e-16,1.55431e-15,1.55431e-15
1.11022e-15,9.93870e-06,4.16334e-17,1.08408e-05,1.38778e-16,1.33227e-15,7.77156e-16,4.51773e-07,2.66454e-15,1.39231e-05,1.38778e-16,4.17612e-07,2.88658e-15,2.22045e-16,6.66134e-16,1.17846e-05,1.91214e-05,1.66533e-16,1.99840e-15,1.99840e-15
0.00000e+00,9.46822e-06,6.93889e-17,9.21230e-06,2.49800e-16,8.88178e-16,1.44329e-15,8.79133e-07,0.00000e+00,1.22820e-05,2.22045e-16,5.97578e-07,1.11022e-15,5.55112e-16,4.44089e-16,1.11364e-05,1.73206e-05,8.32667e-17,2.22045e-16,8.88178e-16
4.44089e-16,1.08819e-05,1.11022e-16,8.56082e-06,1.94289e-16,7.77156e-16,0.00000e+00,1.46133e-06,1.11022e-15,1.50605e-05,1.66533e-16,6.58483e-07,1.33227e-15,1.44329e-15,7.77156e-16,1.58432e-05,1.81076e-05,5.55112e-17,6.66134e-16,0.00000e+00
9.99201e-16,1.18470e-05,1.66533e-16,8.72229e-06,5.55112e-17,1.22125e-15,0.00000e+00,1.37976e-06,4.44089e-16,1.55275e-05,5.55112e-16,7.83837e-07,1.11022e-15,0.00000e+00,1.22125e-15,1.62712e-05,1.82663e-05,1.38778e-16,2.66454e-15,1.33227e-15
1.44329e-15,1.59491e-05,9.71445e-17,1.11833e-05,5.55112e-17,0.00000e+00,1.11022e-16,5.02257e-06,1.55431e-15,1.83852e-05,1.66533e-16,9.18912e-07,3.33067e-15,6.66134e-16,1.11022e-16,1.67032e-05,1.44005e-05,2.77556e-17,1.77636e-15,1.11022e-15
2.22045e-16,7.45490e-06,6.93889e-17,1.27076e-05,3.60822e-16,5.55112e-16,5.55112e-16,4.51134e-06,1.55431e-15,1.69517e-05,4.71845e-16,1.15633e-06,1.11022e-15,1.77636e-15,5.55112e-16,2.07307e-05,1.99245e-05,1.38778e-16,2.44249e-15,1.99840e-15
2.22045e-16,1.21070e-05,1.24900e-16,1.44972e-05,2.22045e-16,6.66134e-16,1.11022e-16,2.07102e-06,1.55431e-15,1.78374e-05,3.33067e-16,1.38072e-06,1.55431e-15,1.22125e-15,5.55112e-16,2.34851e-05,2.48603e-05,2.77556e-16,1.77636e-15,1.55431e-15
7.77156e-16,8.69262e-06,6.93889e-17,1.68336e-05,1.94289e-16,5.55112e-16,7.77156e-16,3.95270e-06,2.22045e-15,1.70400e-05,3.33067e-16,1.72696e-06,2.44249e-15,9.99201e-16,7.77156e-16,2.43189e-05,2.15596e-05,1.38778e-16,6.66134e-16,1.55431e-15
5.55112e-16,8.84194e-06,9.71445e-17,1.82840e-05,5.55112e-17,9.99201e-16,7.77156e-16,3.17695e-06,2.88658e-15,1.85122e-05,5.55112e-16,2.05083e-06,1.99840e-15,1.11022e-15,7.77156e-16,2.33036e-05,2.14819e-05,1.94289e-16,2.22045e-15,1.11022e-15
4.44089e-16,7.10442e-06,6.93889e-17,1.77462e-05,2.22045e-16,3.33067e-16,1.11022e-16,3.61922e-06,1.11022e-15,1.70933e-05,6.66134e-16,2.34521e-06,6.66134e-16,1.11022e-15,1.33227e-15,2.14112e-05,1.98660e-05,1.66533e-16,1.99840e-15,1.11022e-15
5.55112e-16,7.09029e-06,1.52656e-16,1.54941e-05,3.33067e-16,7.77156e-16,4.44089e-16,4.06943e-06,1.77636e-15,1.90319e-05,1.66533e-16,2.72580e-06,2.66454e-15,9.99201e-16,1.33227e-15,2.23118e-05,1.52008e-05,2.22045e-16,2.66454e-15,2.44249e-15
9.99201e-16,4.88941e-06,5.55112e-17,1.36284e-05,1.66533e-16,7.77156e-16,5.55112e-16,4.43610e-06,2.22045e-15,2.48129e-05,6.66134e-16,3.18589e-06,3.10862e-15,1.11022e-16,9.99201e-16,2.36350e-05,1.79771e-05,3.05311e-16,1.33227e-15,2.44249e-15
8.88178e-16,6.37793e-06,8.32667e-17,1.31426e-05,2.22045e-16,2.22045e-16,5.55112e-16,4.42024e-06,1.99840e-15,3.06407e-05,6.10623e-16,3.76695e-06,1.77636e-15,0.00000e+00,4.44089e-16,2.28540e-05,2.37676e-05,2.22045e-16,2.44249e-15,1.99840e-15
7.77156e-16,4.40694e-06,5.55112e-17,1.32748e-05,1.11022e-16,1.11022e-15,3.33067e-16,4.00114e-06,1.77636e-15,2.82170e-05,5.55112e-17,4.37002e-06,1.99840e-15,9.99201e-16,5.55112e-16,2.40289e-05,2.51342e-05,1.94289e-16,4.44089e-16,1.55431e-15
5.55112e-16,4.30873e-06,8.32667e-17,1.39957e-05,8.32667e-17,0.00000e+00,7.77156e-16,3.40236e-06,0.00000e+00,2.46843e-05,3.88578e-16,4.89649e-06,1.11022e-15,0.00000e+00,5.55112e-16,2.70116e-05,1.91190e-05,3.05311e-16,8.88178e-16,1.11022e-15
6.66134e-16,4.76543e-06,9.71445e-17,1.58354e-05,3.05311e-16,4.44089e-16,1.11022e-16,3.25275e-06,0.00000e+00,2.49506e-05,8.32667e-16,5.29339e-06,1.55431e-15,6.66134e-16,6.66134e-16,2.87299e-05,1.84668e-05,2.22045e-16,1.77636e-15,1.55431e-15
3.33067e-16,4.61197e-06,2.77556e-17,1.96476e-05,3.33067e-16,7.77156e-16,1.11022e-16,3.93705e-06,2.22045e-15,2.38475e-05,6.66134e-16,5.61579e-06,2.88658e-15,2.22045e-16,8.88178e-16,2.41186e-05,1.82782e-05,0.00000e+00,6.66134e-16,1.77636e-15
1.22125e-15,4.72837e-06,6.93889e-17,1.97106e-05,8.32667e-17,8.88178e-16,1.22125e-15,5.48506e-06,2.66454e-15,2.41310e-05,4.99600e-16,5.99667e-06,1.77636e-15,7.77156e-16,7.77156e-16,2.96829e-05,1.90932e-05,1.38778e-16,1.77636e-15,1.33227e-15
5.55112e-16,6.56561e-06,9.71445e-17,1.89911e-05,1.38778e-16,9.99201e-16,0.00000e+00,6.30568e-06,3.33067e-15,2.10290e-05,7.21645e-16,6.64334e-06,3.77476e-15,3.33067e-16,8.88178e-16,2.00220e-05,2.15458e-05,2.77556e-16,8.88178e-16,0.00000e+00
5.55112e-16,1.36627e-05,4.16334e-17,2.10312e-05,2.77556e-17,4.44089e-16,8.88178e-16,5.65982e-06,3.10862e-15,1.78311e-05,3.33067e-16,7.12496e-06,1.11022e-15,5.55112e-16,7.21645e-16,1.57919e-05,1.45014e-05,3.05311e-16,2.44249e-15,1.99840e-15
1.22125e-15,1.00108e-05,1.11022e-16,2.25979e-05,3.33067e-16,4.44089e-16,0.00000e+00,4.83399e-06,1.33227e-15,1.71032e-05,2.22045e-16,7.08984e-06,3.77476e-15,7.77156e-16,1.66533e-16,1.45428e-05,1.29824e-05,1.38778e-16,1.99840e-15,1.33227e-15
6.66134e-16,1.30278e-05,1.38778e-16,2.50468e-05,1.38778e-16,8.88178e-16,5.55112e-16,4.15041e-06,8.88178e-16,1.81887e-05,2.77556e-16,6.88241e-06,1.11022e-15,1.11022e-15,6.10623e-16,1.68706e-05,1.30262e-05,3.05311e-16,1.77636e-15,1.33227e-15
6.66134e-16,2.28301e-05,1.66533e-16,2.37657e-05,2.77556e-17,1.22125e-15,2.22045e-16,3.65156e-06,1.77636e-15,1.91109e-05,1.11022e-16,6.64981e-06,1.11022e-15,7.77156e-16,2.22045e-16,1.80742e-05,1.26332e-05,1.94289e-16,1.99840e-15,2.44249e-15
6.66134e-16,1.17977e-05,1.11022e-16,2.08516e-05,2.49800e-16,2.22045e-16,3.33067e-16,3.49312e-06,1.77636e-15,2.20852e-05,2.77556e-16,6.82404e-06,2.66454e-15,4.44089e-16,5.55112e-16,1.60625e-05,1.21388e-05,1.11022e-16,1.55431e-15,1.55431e-15
4.44089e-16,2.12707e-05,1.24900e-16,2.09045e-05,1.38778e-16,7.77156e-16,8.88178e-16,4.40404e-06,4.44089e-16,2.25903e-05,6.10623e-16,7.19507e-06,6.66134e-16,1.11022e-16,2.77556e-16,1.56374e-05,1.47696e-05,1.38778e-16,2.66454e-15,1.33227e-15
5.55112e-16,1.34213e-05,0.00000e+00,2.11944e-05,2.77556e-17,6.66134e-16,1.33227e-15,5.31643e-06,3.33067e-15,2.23849e-05,4.44089e-16,7.72877e-06,8.88178e-16,9.99201e-16,4.99600e-16,1.45581e-05,1.67701e-05,0.00000e+00,8.88178e-16,0.00000e+00
1.22125e-15,1.57167e-05,1.24900e-16,2.64178e-05,1.94289e-16,6.66134e-16,1.55431e-15,5.05026e-06,6.66134e-16,2.52154e-05,5.55112e-17,8.30019e-06,1.55431e-15,8.88178e-16,6.66134e-16,1.92701e-05,1.92328e-05,1.38778e-16,1.55431e-15,4.44089e-16
3.33067e-16,1.20488e-05,1.38778e-16,2.52889e-05,1.66533e-16,7.77156e-16,1.55431e-15,6.16947e-06,2.44249e-15,2.65113e-05,5.55112e-16,9.01556e-06,1.11022e-15,8.88178e-16,9.43690e-16,2.15280e-05,2.18062e-05,1.66533e-16,1.11022e-15,4.44089e-16
7.77156e-16,1.63265e-05,1.52656e-16,2.39437e-05,4.16334e-16,1.22125e-15,1.11022e-16,7.05177e-06,3.77476e-15,2.67876e-05,7.21645e-16,9.63979e-06,2.22045e-15,6.66134e-16,1.11022e-16,2.12493e-05,2.20782e-05,8.32667e-17,1.55431e-15,4.44089e-16
9.99201e-16,1.04974e-05,1.24900e-16,2.46148e-05,1.83797e-06,7.77156e-16,4.44089e-16,8.40000e-06,2.22045e-16,2.75113e-05,3.88578e-16,1.04818e-05,1.99840e-15,9.94987e-09,5.55112e-17,2.29076e-05,2.15225e-05,2.49800e-16,1.55431e-15,1.11022e-15
6.49923e-08,1.08962e-05,8.32667e-17,2.25500e-05,2.37009e-06,0.00000e+00,4.44089e-16,9.84855e-06,6.66134e-16,2.38007e-05,0.00000e+00,1.09594e-05,6.66134e-16,3.65809e-07,5.55112e-16,2.44250e-05,2.01364e-05,2.22045e-16,1.55431e-15,2.44249e-15
3.67423e-07,9.39197e-06,6.93889e-17,2.56226e-05,1.14188e-05,1.22125e-15,8.88178e-16,9.68138e-06,2.88658e-15,3.83149e-05,1.66533e-16,1.14343e-05,1.55431e-15,9.92501e-07,7.21645e-16,2.82806e-05,1.95595e-05,2.49800e-16,1.55431e-15,2.66454e-15
3.08802e-06,1.03825e-05,1.94289e-16,3.14884e-05,1.53118e-05,7.77156e-16,1.55431e-15,8.76727e-06,1.99840e-15,3.92408e-05,5.55112e-17,1.16416e-05,1.77636e-15,5.96190e-06,2.22045e-16,2.91036e-05,2.04330e-05,8.32667e-17,2.22045e-15,1.33227e-15
4.44105e-06,1.44764e-05,6.93889e-17,2.58191e-05,2.26526e-05,1.11022e-15,1.55431e-15,7.84996e-06,6.66134e-16,3.67164e-05,1.11022e-16,1.18570e-05,1.11022e-15,1.07201e-05,0.00000e+00,3.23262e-05,2.09150e-05,3.33067e-16,2.22045e-15,1.55431e-15
7.72643e-06,9.03643e-06,9.71445e-17,3.06845e-05,2.92559e-05,1.44329e-15,1.33227e-15,9.01678e-06,2.88658e-15,3.59741e-05,5.55112e-17,1.20202e-05,2.88658e-15,1.69725e-05,4.44089e-16,3.91841e-05,2.55442e-05,2.49800e-16,4.44089e-16,4.27083e-07
7.63884e-06,1.47505e-05,9.71445e-17,2.88219e-05,2.34272e-05,9.99201e-16,2.44249e-15,1.12177e-05,1.55431e-15,4.05186e-05,7.21645e-16,1.21491e-05,9.67264e-07,1.57990e-05,4.99600e-16,3.32251e-05,3.24674e-05,3.60822e-16,1.55431e-15,4.60000e-07
1.43228e-05,1.93455e-05,1.11022e-16,3.11884e-05,3.43436e-05,8.88178e-16,1.11022e-15,1.06054e-05,3.77476e-15,4.11788e-05,0.00000e+00,1.21096e-05,2.23884e-06,2.22375e-05,5.55112e-17,2.87314e-05,3.87691e-05,2.22045e-16,1.55431e-15,4.60000e-07
1.59317e-05,1.54622e-05,1.24900e-16,2.55310e-05,2.52446e-05,9.99201e-16,2.44249e-15,1.03840e-05,2.44249e-15,4.67340e-05,5.55112e-17,1.20866e-05,9.61904e-06,1.80514e-05,9.43690e-16,2.85496e-05,4.77789e-05,1.66533e-16,1.33227e-15,4.38698e-06
1.31072e-05,1.72563e-05,9.71445e-17,2.65647e-05,3.43145e-05,1.11022e-15,2.44249e-15,1.15028e-05,8.88178e-16,4.67897e-05,8.32667e-16,1.19678e-05,1.20556e-05,2.37793e-05,4.44089e-16,2.38448e-05,3.69446e-05,1.11022e-16,1.55431e-15,6.58805e-06
1.15016e-05,1.24634e-05,1.66533e-16,2.79098e-05,2.94091e-05,2.22045e-16,8.88178e-16,1.24708e-05,2.66454e-15,4.60330e-05,4.44089e-16,1.19574e-05,1.91855e-05,1.77115e-05,2.77556e-16,2.70792e-05,2.98090e-05,1.94289e-16,2.66454e-15,4.83193e-06
1.62480e-05,1.28328e-05,4.16334e-17,2.96753e-05,2.83510e-05,1.22125e-15,2.66454e-15,1.40364e-05,2.66454e-15,5.09428e-05,6.10623e-16,1.18571e-05,3.37307e-05,1.81336e-05,1.66533e-16,2.09251e-05,2.95803e-05,1.66533e-16,0.00000e+00,2.59915e-06
2.64273e-05,1.30839e-05,1.38778e-16,3.45507e-05,3.53980e-05,6.66134e-16,1.77636e-15,1.03414e-05,6.66134e-16,5.63681e-05,0.00000e+00,1.18279e-05,3.01511e-05,3.03715e-05,6.10623e-16,2.18969e-05,2.88017e-05,3.33067e-16,1.99840e-15,1.48136e-05
2.01559e-05,2.22563e-05,8.32667e-17,4.16356e-05,5.09577e-05,4.44089e-16,2.22045e-15,9.52479e-06,8.88178e-16,6.02718e-05,3.88578e-16,1.18346e-05,3.03620e-05,2.86553e-05,4.99600e-16,2.47902e-05,2.88715e-05,1.94289e-16,2.44249e-15,1.08986e-05
2.42082e-05,1.78305e-05,2.77556e-17,4.14984e-05,6.86264e-05,3.33067e-16,1.55431e-15,1.15697e-05,6.66134e-16,5.55928e-05,3.88578e-16,1.20220e-05,3.33655e-05,2.66474e-05,2.22045e-16,2.49040e-05,3.06587e-05,2.77556e-16,1.55431e-15,1.04026e-05
2.24191e-05,2.90979e-05,6.93889e-17,3.78409e-05,8.69597e-05,1.11022e-15,2.22045e-16,8.62554e-06,2.22045e-15,5.26791e-05,3.33067e-16,1.22389e-05,2.95037e-05,3.13397e-05,8.88178e-16,2.46062e-05,3.00285e-05,1.38778e-16,2.44249e-15,1.00894e-05
2.76022e-05,2.81151e-05,1.66533e-16,3.38723e-05,1.01869e-04,1.11022e-16,1.99840e-15,1.17257e-05,2.22045e-15,5.29930e-05,6.10623e-16,1.25603e-05,3.33112e-05,2.46914e-05,5.55112e-17,2.73212e-05,2.74908e-05,2.49800e-16,1.99840e-15,1.42595e-05
3.08151e-05,2.94493e-05,1.11022e-16,5.03826e-05,1.16221e-04,1.33227e-15,2.44249e-15,1.00899e-05,0.00000e+00,5.34082e-05,2.77556e-16,1.28921e-05,3.01541e-05,2.49946e-05,6.10623e-16,2.71238e-05,3.31029e-05,1.11022e-16,1.55431e-15,1.85337e-05
2.48264e-05,3.18726e-05,1.11022e-16,3.94882e-05,1.25382e-04,7.77156e-16,8.88178e-16,1.26490e-05,3.33067e-15,4.99038e-05,6.10623e-16,1.32079e-05,3.25244e-05,2.84597e-05,6.66134e-16,3.11369e-05,3.78073e-05,1.94289e-16,2.88658e-15,1.36817e-05
2.36120e-05,2.71741e-05,1.24900e-16,3.64970e-05,1.26413e-04,6.66134e-16,1.77636e-15,1.11201e-05,1.77636e-15,4.38342e-05,0.00000e+00,1.35521e-05,3.09725e-05,2.57400e-05,3.88578e-16,3.20659e-05,3.72772e-05,5.55112e-17,1.55431e-15,1.38758e-05
2.70096e-05,1.96324e-05,0.00000e+00,3.07871e-05,1.22510e-04,9.99201e-16,1.77636e-15,1.14752e-05,1.99840e-15,4.16093e-05,6.66134e-16,1.36930e-05,3.10107e-05,2.10188e-05,4.44089e-16,3.36196e-05,3.34695e-05,2.49800e-16,1.99840e-15,1.44162e-05
3.24956e-05,1.85144e-05,1.24900e-16,2.83345e-05,1.17400e-04,3.33067e-16,1.99840e-15,1.19231e-05,1.11022e-15,4.80226e-05,4.44089e-16,1.39263e-05,3.87131e-05,2.07677e-05,3.88578e-16,4.02883e-05,4.41880e-05,2.77556e-16,1.33227e-15,1.77817e-05
3.80647e-05,2.13729e-05,1.11022e-16,2.91177e-05,1.11647e-04,8.32667e-16,0.00000e+00,1.06642e-05,1.55431e-15,5.52215e-05,2.77556e-16,1.42838e-05,4.11426e-05,2.56211e-05,1.40000e-08,4.56887e-05,4.59710e-05,1.94289e-16,1.33227e-15,2.17616e-05
4.49075e-05,2.19321e-05,8.32667e-17,3.31256e-05,9.91667e-05,9.43690e-16,4.44860e-07,9.37283e-06,2.22045e-16,5.30267e-05,3.88578e-16,1.46444e-05,4.94555e-05,2.76249e-05,5.55968e-08,5.32600e-05,4.43694e-05,1.11022e-16,3.10862e-15,3.17211e-05
5.96930e-05,1.46897e-05,1.24900e-16,3.26286e-05,9.10347e-05,9.99201e-16,6.67757e-07,8.40783e-06,1.99840e-15,5.11258e-05,5.55112e-16,1.51933e-05,3.87661e-05,2.83878e-05,3.07693e-07,5.35951e-05,4.86691e-05,2.49800e-16,1.55431e-15,4.32279e-05
7.53144e-05,1.63312e-05,9.71445e-17,3.43652e-05,8.42648e-05,1.11022e-16,1.25150e-05,8.97964e-06,2.22045e-15,6.41876e-05,6.66134e-16,1.57368e-05,4.52935e-05,3.11104e-05,6.53663e-07,5.19235e-05,5.16977e-05,1.66533e-16,2.88658e-15,5.71893e-05
1.07084e-04,1.91660e-05,6.93889e-17,3.33202e-05,7.70946e-05,1.11022e-15,1.90872e-05,1.09959e-05,1.55431e-15,6.36375e-05,4.44089e-16,1.63582e-05,4.84248e-05,2.76808e-05,8.20914e-08,4.91278e-05,4.86197e-05,2.77556e-16,3.24191e-07,7.35007e-05
1.43557e-04,1.49239e-05,1.24900e-16,3.40815e-05,7.26418e-05,1.16573e-15,1.81061e-05,1.16270e-05,2.66454e-15,7.00734e-05,5.55112e-16,1.70086e-05,4.92301e-05,2.80824e-05,7.82013e-07,4.80512e-05,5.60265e-05,8.32667e-17,6.66134e-16,9.24840e-05
2.03621e-04,1.96692e-05,9.71445e-17,3.58179e-05,6.60957e-05,6.10623e-16,2.28415e-05,1.28567e-05,3.10862e-15,6.25980e-05,6.66134e-16,1.75366e-05,4.54975e-05,2.73202e-05,1.17581e-06,5.51401e-05,5.92549e-05,1.38778e-16,6.24820e-07,1.11113e-04
2.81589e-04,2.02477e-05,9.71445e-17,3.59420e-05,5.86380e-05,1.11022e-16,1.48428e-05,1.45089e-05,2.22045e-15,5.71588e-05,5.55112e-17,1.82720e-05,4.67153e-05,2.48098e-05,3.19175e-06,4.57027e-05,5.45767e-05,2.49800e-16,1.77636e-15,1.36903e-04
3.83165e-04,1.38240e-05,1.11022e-16,3.27137e-05,5.45091e-05,1.22125e-15,1.73722e-05,1.38244e-05,1.99840e-15,6.01732e-05,5.55112e-16,1.91114e-05,5.01879e-05,2.69109e-05,4.63399e-06,4.22439e-05,5.62013e-05,2.22045e-16,4.82804e-07,1.61916e-04
5.11715e-04,1.30862e-05,1.80411e-16,3.29602e-05,5.49701e-05,7.77156e-16,2.35322e-05,1.52220e-05,1.33227e-15,6.51012e-05,3.88578e-16,2.01086e-05,4.90369e-05,2.94809e-05,8.06608e-06,4.01272e-05,5.66643e-05,3.33067e-16,1.45090e-06,1.83670e-04
6.69158e-04,1.37835e-05,1.11022e-16,3.38052e-05,4.79871e-05,4.99600e-16,2.54193e-05,1.40231e-05,0.00000e+00,6.80306e-05,7.21645e-16,2.15035e-05,4.64667e-05,2.88786e-05,9.63223e-06,3.78638e-05,5.92794e-05,1.66533e-16,9.01332e-07,2.04630e-04
8.66305e-04,1.11768e-05,9.71445e-17,3.71058e-05,5.51602e-05,8.32667e-16,2.12327e-05,1.65688e-05,2.66454e-15,7.90370e-05,1.66533e-16,2.32299e-05,4.97389e-05,3.36658e-05,1.03464e-05,3.58773e-05,5.77423e-05,2.77556e-16,2.42279e-06,2.22383e-04
1.10298e-03,1.35495e-05,2.77556e-17,3.70233e-05,5.73907e-05,6.66134e-16,2.09587e-05,1.47024e-05,1.11022e-15,7.84719e-05,3.88578e-16,2.52688e-05,5.09745e-05,2.98129e-05,1.07671e-05,3.53640e-05,5.32622e-05,1.38778e-16,9.21031e-06,2.43246e-04
1.37712e-03,1.19751e-05,1.94289e-16,4.73192e-05,5.26347e-05,1.11022e-15,2.30409e-05,2.55607e-05,2.44249e-15,7.57635e-05,1.66533e-16,2.75764e-05,5.19174e-05,2.95116e-05,1.73090e-05,3.66713e-05,5.29795e-05,1.66533e-16,1.24217e-05,2.62411e-04
1.69139e-03,1.38935e-05,9.71445e-17,4.53583e-05,5.03703e-05,3.88578e-16,2.53708e-05,2.43760e-05,3.75633e-07,8.13891e-05,2.77556e-16,2.97329e-05,5.18691e-05,3.25870e-05,1.79444e-05,3.68631e-05,5.09892e-05,3.33067e-16,1.99903e-05,2.75870e-04
2.04707e-03,1.80876e-05,6.93889e-17,5.34231e-05,4.24256e-05,2.77556e-16,3.05838e-05,3.02713e-05,3.75633e-07,7.84079e-05,4.99600e-16,3.10942e-05,4.90725e-05,3.34644e-05,1.92861e-05,4.08917e-05,5.14763e-05,1.66533e-16,2.21280e-05,2.94197e-04
2.43657e-03,1.89667e-05,8.32667e-17,4.68942e-05,3.96743e-05,6.66134e-16,2.88487e-05,2.28598e-05,7.51266e-07,8.93444e-05,3.33067e-16,3.18005e-05,5.29984e-05,3.31682e-05,1.59595e-05,5.14609e-05,5.17971e-05,1.66533e-16,1.59844e-05,3.13547e-04
2.85320e-03,1.81643e-05,9.71445e-17,5.02329e-05,4.03626e-05,4.99600e-16,2.56704e-05,3.02549e-05,1.77636e-15,7.38717e-05,2.77556e-16,3.24050e-05,4.30182e-05,3.21735e-05,1.88439e-05,5.75381e-05,4.80779e-05,1.38778e-16,1.30210e-05,3.14386e-04
3.27903e-03,2.64585e-05,8.61836e-07,4.67324e-05,4.07024e-05,1.45869e-06,2.84694e-05,2.54329e-05,4.88323e-06,7.35669e-05,1.66533e-16,3.30810e-05,4.58585e-05,3.12236e-05,1.50293e-05,4.56899e-05,5.90815e-05,2.36514e-06,2.35621e-05,3.24500e-04
3.72166e-03,3.73923e-05,1.21213e-06,4.05387e-05,4.13854e-05,1.23331e-06,3.75481e-05,3.30815e-05,8.63955e-06,7.09510e-05,0.00000e+00,3.40192e-05,5.02135e-05,2.91641e-05,1.49987e-05,4.53301e-05,6.55754e-05,7.73292e-06,2.98637e-05,3.28039e-04
4.13744e-03,3.56010e-05,9.88938e-07,4.22616e-05,4.29648e-05,4.23895e-06,3.52393e-05,2.51773e-05,1.65278e-05,8.05117e-05,4.44089e-16,3.50139e-05,4.52317e-05,3.46157e-05,2.20173e-05,4.62158e-05,5.33547e-05,7.10754e-06,2.27411e-05,3.34862e-04
4.52375e-03,3.68084e-05,2.28731e-06,4.78893e-05,4.03190e-05,6.05212e-06,2.95674e-05,1.98410e-05,1.50253e-06,7.89525e-05,6.10623e-16,3.93275e-05,5.58047e-05,3.04555e-05,2.21673e-05,4.25663e-05,5.61831e-05,2.98565e-06,2.35909e-05,3.34764e-04
4.86658e-03,3.35171e-05,2.45639e-05,4.80852e-05,5.75956e-05,5.28719e-06,3.00531e-05,2.46208e-05,1.69299e-05,7.85915e-05,2.77556e-16,4.08405e-05,5.15330e-05,2.89382e-05,2.97960e-05,4.08517e-05,5.96200e-05,2.48680e-05,3.99616e-05,3.40843e-04
5.15356e-03,3.45572e-05,7.86240e-05,4.58673e-05,1.11097e-04,1.40335e-05,3.39142e-05,2.08679e-05,3.25992e-05,8.35414e-05,2.22045e-16,5.54585e-05,5.06829e-05,3.20871e-05,3.07761e-05,4.07675e-05,5.90108e-05,3.45471e-05,3.26468e-05,3.35020e-04
5.37875e-03,4.09404e-05,1.59550e-04,4.22095e-05,1.65248e-04,1.22631e-05,3.64723e-05,2.06559e-05,7.64358e-05,1.44743e-04,1.66533e-16,6.86486e-05,5.41619e-05,3.25627e-05,3.11267e-05,4.54515e-05,5.28437e-05,4.75822e-05,3.30464e-05,3.28040e-04
5.53118e-03,4.29869e-05,2.51179e-04,4.72848e-05,2.41081e-04,1.45410e-05,3.78288e-05,2.41065e-05,1.62254e-04,2.38301e-04,6.10623e-16,9.13109e-05,5.31558e-05,4.67403e-05,3.35322e-05,4.50355e-05,5.38540e-05,6.54494e-05,3.91951e-05,3.24732e-04
5.61537e-03,3.85745e-05,3.29313e-04,3.91426e-05,3.15005e-04,1.45499e-05,2.99163e-05,2.29271e-05,2.45146e-04,4.29173e-04,1.66533e-16,1.25069e-04,6.09874e-05,6.66809e-05,3.62525e-05,4.57616e-05,5.92804e-05,9.38561e-05,3.32983e-05,3.14717e-04
5.62787e-03,4.91253e-05,3.83898e-04,4.60231e-05,3.99577e-04,1.35392e-05,3.32133e-05,2.07152e-05,3.26125e-04,6.98390e-04,2.77556e-16,1.71662e-04,5.23178e-05,8.40401e-05,3.65524e-05,4.33896e-05,5.30242e-05,1.22756e-04,3.09215e-05,3.01720e-04
5.57472e-03,4.98246e-05,4.18222e-04,4.05602e-05,5.19508e-04,1.63791e-05,3.24775e-05,1.97650e-05,4.21228e-04,9.47828e-04,3.33067e-16,2.39880e-04,5.21290e-05,1.03841e-04,3.76635e-05,4.26292e-05,3.91550e-05,1.46812e-04,3.13994e-05,2.87335e-04
5.46121e-03,7.97708e-05,4.43517e-04,3.72911e-05,6.61035e-04,1.55962e-05,3.94326e-05,1.97449e-05,5.09967e-04,1.20977e-03,3.33067e-16,3.43857e-04,5.24431e-05,1.31104e-04,3.98675e-05,4.87416e-05,4.92577e-05,1.72436e-04,4.09733e-05,2.72515e-04
5.30036e-03,1.05980e-04,4.57190e-04,3.60376e-05,7.72698e-04,1.66963e-05,3.87923e-05,2.00072e-05,6.06473e-04,1.48660e-03,6.10623e-16,4.73629e-04,5.77107e-05,1.58540e-04,4.57978e-05,4.70032e-05,4.84353e-05,1.96348e-04,4.07905e-05,2.58984e-04
5.10146e-03,1.25456e-04,4.68022e-04,3.79697e-05,8.60554e-04,2.12047e-05,3.58177e-05,2.11743e-05,6.94349e-04,1.77192e-03,1.66533e-16,6.23934e-04,7.59759e-05,1.90611e-04,4.85098e-05,4.39099e-05,4.69859e-05,2.22625e-04,4.09236e-05,2.50869e-04
4.86271e-03,1.45527e-04,4.80319e-04,3.98228e-05,9.76129e-04,1.84931e-05,3.48925e-05,2.22391e-05,7.94234e-04,2.05909e-03,1.66533e-16,8.00748e-04,8.42036e-05,2.15911e-04,5.28818e-05,4.64631e-05,4.73210e-05,2.49183e-04,3.38515e-05,2.41297e-04
4.61352e-03,1.55996e-04,4.84058e-04,4.33108e-05,1.08153e-03,2.12575e-05,3.23351e-05,2.43997e-05,9.10380e-04,2.35391e-03,6.10623e-16,1.02365e-03,9.64625e-05,2.46921e-04,5.75925e-05,4.54748e-05,5.59307e-05,2.88041e-04,4.29742e-05,2.25126e-04
4.34745e-03,1.59174e-04,4.84781e-04,4.60210e-05,1.16643e-03,2.31994e-05,3.07893e-05,2.78939e-05,1.05088e-03,2.63881e-03,2.77556e-16,1.30104e-03,1.10345e-04,2.67932e-04,5.95784e-05,5.23432e-05,7.09909e-05,3.08180e-04,4.00547e-05,2.12278e-04
4.06997e-03,1.52781e-04,4.80489e-04,4.84828e-05,1.25834e-03,2.34734e-05,3.90098e-05,2.94623e-05,1.22141e-03,2.95056e-03,5.55112e-16,1.59629e-03,1.22114e-04,2.91040e-04,6.45198e-05,6.19608e-05,7.77502e-05,3.17302e-04,3.74054e-05,1.94723e-04
3.79370e-03,1.50511e-04,4.66141e-04,5.46289e-05,1.38886e-03,2.23856e-05,3.82053e-05,3.10880e-05,1.39526e-03,3.26420e-03,5.55112e-17,1.89913e-03,1.37761e-04,3.22725e-04,6.89021e-05,6.27851e-05,9.04665e-05,3.31944e-04,4.06993e-05,1.79518e-04
3.51830e-03,1.38964e-04,4.50306e-04,4.88818e-05,1.53766e-03,2.38734e-05,3.47140e-05,3.26807e-05,1.59335e-03,3.59048e-03,0.00000e+00,2.23327e-03,1.49186e-04,3.52066e-04,6.85308e-05,4.94196e-05,9.56512e-05,3.51691e-04,3.66546e-05,1.68526e-04
3.25409e-03,1.30406e-04,4.30037e-04,4.75634e-05,1.72572e-03,2.37228e-05,3.60702e-05,3.32777e-05,1.80950e-03,3.91140e-03,2.77556e-16,2.58307e-03,1.65968e-04,3.77897e-04,6.71385e-05,6.22917e-05,9.32438e-05,3.63520e-04,3.35279e-05,1.57189e-04
2.99724e-03,1.18819e-04,4.04281e-04,4.54881e-05,1.95565e-03,2.52804e-05,3.50288e-05,3.36993e-05,2.02496e-03,4.23975e-03,2.22045e-16,2.94838e-03,1.78434e-04,4.00704e-04,6.56748e-05,6.09413e-05,9.25503e-05,3.65219e-04,3.73123e-05,1.45550e-04
2.75395e-03,1.39845e-04,3.77154e-04,4.88799e-05,2.20507e-03,2.12701e-05,3.78013e-05,3.23496e-05,2.26128e-03,4.56954e-03,3.33067e-16,3.33119e-03,1.86020e-04,4.21448e-04,5.98313e-05,7.18954e-05,9.92255e-05,3.64455e-04,4.32745e-05,1.32542e-04
2.52574e-03,1.35345e-04,3.54670e-04,5.48666e-05,2.42064e-03,2.64378e-05,3.71974e-05,3.61959e-05,2.52928e-03,4.90083e-03,2.22045e-16,3.72873e-03,1.98853e-04,4.29267e-04,5.85035e-05,6.47748e-05,1.08870e-04,3.57287e-04,3.99556e-05,1.27313e-04
2.31254e-03,1.27900e-04,3.32887e-04,7.00941e-05,2.56811e-03,2.52386e-05,3.21809e-05,4.08677e-05,2.80860e-03,5.21753e-03,6.10623e-16,4.13492e-03,2.05951e-04,4.41026e-04,5.49530e-05,7.79983e-05,1.12041e-04,3.54687e-04,3.81791e-05,1.22653e-04
2.12179e-03,1.44262e-04,3.12556e-04,7.68078e-05,2.66008e-03,2.46098e-05,3.78174e-05,4.72229e-05,3.10250e-03,5.51048e-03,4.99600e-16,4.54957e-03,2.06120e-04,4.48100e-04,5.27180e-05,8.12523e-05,1.10349e-04,3.53493e-04,3.80461e-05,1.18919e-04
1.94639e-03,1.57152e-04,2.93971e-04,6.78306e-05,2.69432e-03,2.63988e-05,3.61259e-05,4.26275e-05,3.40342e-03,5.80399e-03,3.33067e-16,4.97556e-03,2.18932e-04,4.53949e-04,5.58970e-05,7.44308e-05,1.18653e-04,3.48818e-04,4.29054e-05,1.17534e-04
1.79685e-03,1.42981e-04,2.76992e-04,7.27853e-05,2.69520e-03,2.42687e-05,3.69358e-05,3.99978e-05,3.69468e-03,6.07295e-03,3.88578e-16,5.41144e-03,2.20333e-04,4.60330e-04,5.03967e-05,7.95372e-05,1.34435e-04,3.47767e-04,4.73335e-05,1.13985e-04
1.66273e-03,1.59326e-04,2.57352e-04,9.63456e-05,2.67141e-03,2.41609e-05,3.22841e-05,5.35228e-05,3.96904e-03,6.34371e-03,5.55112e-16,5.85195e-03,2.28603e-04,4.66219e-04,4.51590e-05,7.72705e-05,1.48281e-04,3.50470e-04,4.27452e-05,1.01087e-04
1.54385e-03,1.53878e-04,2.45869e-04,7.14295e-05,2.63878e-03,2.47102e-05,3.62617e-05,4.68633e-05,4.22616e-03,6.59114e-03,6.10623e-16,6.28802e-03,2.23763e-04,4.71324e-04,4.48238e-05,7.02607e-05,1.58745e-04,3.54202e-04,3.79772e-05,1.03157e-04
1.44010e-03,1.39623e-04,2.39421e-04,6.23828e-05,2.59616e-03,2.61304e-05,3.18239e-05,4.71045e-05,4.46031e-03,6.83796e-03,3.88578e-16,6.71814e-03,2.21756e-04,4.77959e-04,4.41747e-05,6.08978e-05,1.68020e-04,3.55619e-04,3.81542e-05,9.99125e-05
1.35077e-03,1.37534e-04,2.32143e-04,5.72768e-05,2.54575e-03,2.76766e-05,3.52014e-05,5.20442e-05,4.65952e-03,7.08438e-03,4.99600e-16,7.14481e-03,2.30185e-04,4.84436e-04,4.67315e-05,7.83998e-05,1.82654e-04,3.61749e-04,4.16671e-05,9.70583e-05
1.27675e-03,1.30858e-04,2.22402e-04,6.05687e-05,2.47952e-03,2.58200e-05,3.56410e-05,5.12824e-05,4.83795e-03,7.31874e-03,7.21645e-16,7.56387e-03,2.32016e-04,4.83302e-04,5.12327e-05,7.65351e-05,2.07257e-04,3.77110e-04,3.82532e-05,1.03145e-04
1.21285e-03,1.25834e-04,2.10169e-04,8.86545e-05,2.40456e-03,2.70992e-05,3.27663e-05,5.80531e-05,4.98716e-03,7.51340e-03,3.88578e-16,7.97070e-03,2.21848e-04,4.83094e-04,5.14269e-05,8.79279e-05,2.35004e-04,3.92684e-04,3.81610e-05,1.06480e-04
1.15437e-03,1.29996e-04,2.01504e-04,7.57989e-05,2.30540e-03,2.70923e-05,3.49021e-05,5.54604e-05,5.11711e-03,7.72809e-03,4.44089e-16,8.36706e-03,2.29218e-04,4.85749e-04,5.04570e-05,8.20763e-05,2.51605e-04,4.10214e-04,4.09187e-05,9.94200e-05
1.12117e-03,1.28321e-04,1.92472e-04,9.47117e-05,2.19584e-03,2.92840e-05,3.59392e-05,5.84584e-05,5.21066e-03,7.91803e-03,3.33067e-16,8.74994e-03,2.22565e-04,4.90739e-04,4.80023e-05,8.03401e-05,2.78651e-04,4.31562e-04,4.22408e-05,1.02787e-04
1.08048e-03,1.15064e-04,1.82577e-04,9.60862e-05,2.07856e-03,3.02199e-05,4.16849e-05,5.53122e-05,5.27887e-03,8.10267e-03,4.99600e-16,9.11884e-03,2.16719e-04,4.85970e-04,5.06576e-05,8.47934e-05,2.94348e-04,4.51248e-04,4.62016e-05,1.09050e-04
1.04595e-03,1.21934e-04,1.76615e-04,1.06232e-04,1.94553e-03,3.09616e-05,4.39462e-05,6.54505e-05,5.32207e-03,8.24750e-03,1.11022e-16,9.47407e-03,2.18407e-04,4.82377e-04,5.10549e-05,8.28754e-05,3.16594e-04,4.78933e-04,4.59820e-05,1.16703e-04
1.01585e-03,1.20076e-04,1.71821e-04,1.01466e-04,1.80691e-03,2.70673e-05,3.87812e-05,6.62262e-05,5.34552e-03,8.40047e-03,3.33067e-16,9.81251e-03,2.13954e-04,4.77588e-04,4.78902e-05,8.50020e-05,3.33069e-04,5.12590e-04,3.77235e-05,1.12994e-04
9.91436e-04,1.07521e-04,1.71436e-04,1.20151e-04,1.67360e-03,2.52782e-05,3.23881e-05,6.06611e-05,5.35219e-03,8.51992e-03,0.00000e+00,1.01339e-02,2.06944e-04,4.65845e-04,4.49668e-05,8.09603e-05,3.54987e-04,5.43687e-04,4.35707e-05,1.17529e-04
9.65785e-04,8.93457e-05,1.69223e-04,9.59541e-05,1.53401e-03,2.86240e-05,3.74436e-05,6.10278e-05,5.33971e-03,8.62076e-03,4.99600e-16,1.04391e-02,2.07980e-04,4.53717e-04,4.61860e-05,7.66970e-05,3.67212e-04,5.75945e-04,5.21952e-05,1.18862e-04
9.47006e-04,1.06650e-04,1.65859e-04,9.36316e-05,1.39804e-03,2.48978e-05,4.20663e-05,5.27321e-05,5.30799e-03,8.71142e-03,1.66533e-16,1.07256e-02,1.98262e-04,4.43646e-04,4.59256e-05,7.78952e-05,3.82936e-04,6.08397e-04,7.03906e-05,1.26676e-04
9.23180e-04,9.31499e-05,1.56734e-04,9.51552e-05,1.27715e-03,2.45462e-05,4.03673e-05,5.70029e-05,5.27256e-03,8.80655e-03,3.88578e-16,1.09905e-02,1.99537e-04,4.32333e-04,4.22652e-05,8.55830e-05,4.03707e-04,6.35575e-04,9.93466e-05,1.25219e-04
9.01288e-04,1.03161e-04,1.48331e-04,1.01388e-04,1.16654e-03,2.42636e-05,4.43943e-05,6.08227e-05,5.22233e-03,8.87178e-03,6.10623e-16,1.12377e-02,1.97832e-04,4.17157e-04,4.42510e-05,8.76340e-05,4.03500e-04,6.62710e-04,1.30390e-04,1.25624e-04
8.76180e-04,1.22140e-04,1.44371e-04,1.05894e-04,1.06195e-03,2.57541e-05,4.79032e-05,5.96568e-05,5.16554e-03,8.93321e-03,3.33067e-16,1.14641e-02,1.96115e-04,4.10968e-04,4.32438e-05,8.60919e-05,4.11240e-04,6.85828e-04,1.67867e-04,1.20538e-04
8.57603e-04,1.33578e-04,1.43871e-04,1.03041e-04,9.66488e-04,2.61191e-05,5.15401e-05,7.19518e-05,5.10245e-03,8.96436e-03,2.77556e-16,1.16660e-02,1.99580e-04,4.07887e-04,4.47796e-05,8.47727e-05,4.14972e-04,7.01400e-04,2.13956e-04,1.27727e-04
8.33102e-04,1.71479e-04,1.42621e-04,1.29719e-04,8.79911e-04,2.82280e-05,5.03666e-05,6.91356e-05,5.03072e-03,8.99848e-03,4.99600e-16,1.18523e-02,1.82547e-04,4.04102e-04,4.72237e-05,8.09986e-05,4.18467e-04,7.18052e-04,2.63476e-04,1.27291e-04
8.01147e-04,2.00019e-04,1.41995e-04,1.13957e-04,7.98143e-04,2.84273e-05,4.42939e-05,6.76285e-05,4.96001e-03,9.01307e-03,6.10623e-16,1.20223e-02,1.87289e-04,4.03810e-04,4.55181e-05,7.26562e-05,4.18934e-04,7.28739e-04,3.15274e-04,1.18606e-04
7.82303e-04,1.97579e-04,1.42741e-04,1.15739e-04,7.26241e-04,2.54438e-05,4.37363e-05,8.27155e-05,4.88934e-03,9.02820e-03,3.88578e-16,1.21683e-02,1.87671e-04,4.07759e-04,4.64073e-05,7.11107e-05,4.31510e-04,7.38474e-04,3.70545e-04,1.14299e-04
7.58726e-04,2.07358e-04,1.43747e-04,1.24932e-04,6.61639e-04,2.96561e-05,4.40006e-05,6.57310e-05,4.82707e-03,9.03404e-03,2.22045e-16,1.23086e-02,1.78891e-04,4.11623e-04,4.43310e-05,7.58913e-05,4.27758e-04,7.43712e-04,4.32506e-04,1.16271e-04
7.35460e-04,1.86712e-04,1.45398e-04,9.88910e-05,6.02699e-04,2.68644e-05,3.69741e-05,6.16813e-05,4.76376e-03,9.05507e-03,3.88578e-16,1.24337e-02,1.81572e-04,4.19196e-04,4.32045e-05,7.07635e-05,4.41467e-04,7.40879e-04,4.93293e-04,1.21735e-04
7.08259e-04,1.86017e-04,1.48119e-04,8.79266e-05,5.52611e-04,2.28577e-05,3.96684e-05,6.28444e-05,4.70810e-03,9.06724e-03,3.33067e-16,1.25445e-02,1.79484e-04,4.21341e-04,3.95294e-05,7.07074e-05,4.58102e-04,7.30709e-04,5.42869e-04,1.10603e-04
6.83006e-04,1.74150e-04,1.50948e-04,8.91240e-05,5.03138e-04,2.49761e-05,4.00871e-05,6.06720e-05,4.66476e-03,9.02679e-03,3.92301e-08,1.26445e-02,1.76178e-04,4.30815e-04,4.08390e-05,6.35011e-05,4.81078e-04,7.19603e-04,6.13427e-04,1.03896e-04
6.58693e-04,1.62421e-04,1.54564e-04,1.22996e-04,5.18417e-04,2.33405e-05,4.42357e-05,6.33785e-05,4.62220e-03,9.03882e-03,7.84602e-08,1.27382e-02,1.81852e-04,4.36653e-04,4.72090e-05,6.68979e-05,5.14770e-04,7.02545e-04,6.53624e-04,9.61808e-05
6.37210e-04,1.69573e-04,7.41162e-04,1.29785e-04,2.01585e-03,2.32775e-05,4.96183e-05,6.37029e-05,4.58722e-03,9.02784e-03,1.67006e-07,1.28244e-02,1.89385e-04,4.51850e-04,4.40882e-05,7.52090e-05,5.41374e-04,6.78068e-04,7.00191e-04,1.01042e-04
6.16328e-04,1.65710e-04,4.38268e-03,9.67003e-05,2.38233e-02,2.09163e-05,4.77528e-05,5.99061e-05,4.55591e-03,9.09435e-03,1.67006e-07,1.29021e-02,1.95166e-04,4.68315e-04,4.44925e-05,7.80749e-05,5.87007e-04,6.50956e-04,7.33676e-04,1.18286e-04
5.91411e-04,3.10258e-04,1.17170e-02,1.24504e-04,1.49106e-01,3.06939e-04,3.30926e-04,1.41339e-04,4.52094e-03,9.25998e-03,2.54799e-05,1.30503e-02,1.96063e-04,4.79595e-04,2.57427e-04,8.42514e-05,6.34577e-04,6.18745e-04,7.51744e-04,1.07657e-04
5.75265e-04,9.70570e-04,2.11787e-02,8.54465e-04,5.85052e-01,1.38066e-03,2.61187e-03,1.33970e-03,4.63495e-03,9.79117e-03,2.98213e-04,1.32544e-02,2.15855e-04,5.01394e-04,6.27529e-04,9.05567e-05,7.69836e-04,5.91513e-04,1.58724e-03,9.23375e-05
7.56346e-04,1.25416e-03,3.09267e-02,2.27671e-03,1.24648e+00,2.89303e-03,3.02051e-02,3.08302e-03,4.99930e-03,1.06943e-02,7.24854e-04,1.34885e-02,2.50780e-04,7.24885e-04,8.58130e-04,2.69736e-04,1.10297e-03,7.56864e-04,2.73466e-03,3.42298e-04
1.00492e-03,1.42145e-03,4.17472e-02,4.19413e-03,1.97424e+00,5.34204e-03,7.99027e-02,3.94329e-03,5.31686e-03,1.20541e-02,1.23833e-03,1.37932e-02,5.49480e-04,1.07766e-03,1.08758e-03,6.76798e-04,1.49288e-03,8.11113e-04,4.27113e-03,1.07015e-03
1.21542e-03,1.92047e-03,5.61505e-02,5.68358e-03,2.69247e+00,8.20601e-03,9.17936e-02,4.45097e-03,5.62340e-03,1.36907e-02,1.61984e-03,1.41459e-02,9.13332e-04,1.42107e-03,1.41231e-03,1.30395e-03,1.86969e-03,8.89647e-04,5.57274e-03,1.86659e-03
1.33802e-03,2.65256e-03,7.24249e-02,6.71591e-03,3.71646e+00,1.07739e-02,8.24247e-02,4.77228e-03,5.95532e-03,1.54811e-02,1.87990e-03,1.45461e-02,1.29347e-03,1.77551e-03,1.79771e-03,2.29383e-03,2.17241e-03,1.07378e-03,6.63519e-03,3.03784e-03
1.45265e-03,3.52633e-03,8.57891e-02,7.75045e-03,5.83605e+00,1.28320e-02,7.32751e-02,4.85983e-03,6.27123e-03,1.73007e-02,2.05731e-03,1.50203e-02,1.86649e-03,2.16967e-03,2.18129e-03,3.60917e-03,2.41441e-03,1.41947e-03,7.53240e-03,4.59973e-03
1.61061e-03,4.38956e-03,9.18599e-02,9.15978e-03,7.33826e+00,1.48006e-02,6.95258e-02,4.76852e-03,6.52710e-03,1.91317e-02,2.21423e-03,1.56112e-02,2.44529e-03,2.58922e-03,2.55581e-03,5.05657e-03,2.66772e-03,1.95729e-03,8.33023e-03,6.28223e-03
1.89369e-03,5.50630e-03,8.98295e-02,1.11452e-02,6.85939e+00,1.74621e-02,6.97643e-02,4.65172e-03,6.74447e-03,2.08302e-02,2.36977e-03,1.64268e-02,2.82714e-03,3.00008e-03,2.89312e-03,6.69148e-03,2.91503e-03,2.74642e-03,9.11659e-03,7.79312e-03
2.28860e-03,6.41939e-03,8.19589e-02,1.40174e-02,5.40111e+00,2.38794e-02,7.16346e-02,4.54053e-03,6.96372e-03,2.23424e-02,2.66887e-03,1.73634e-02,3.04977e-03,3.38556e-03,3.39042e-03,8.59050e-03,3.13888e-03,3.83652e-03,9.95408e-03,9.14311e-03
2.73765e-03,7.25115e-03,7.13149e-02,1.79966e-02,3.95212e+00,3.85983e-02,7.41012e-02,4.58804e-03,7.20548e-03,2.36462e-02,3.52088e-03,1.84960e-02,3.15540e-03,3.77111e-03,3.86088e-03,1.08049e-02,3.35356e-03,5.21472e-03,1.07874e-02,1.02398e-02
3.22280e-03,2.45408e-02,6.02670e-02,2.41753e-02,2.81944e+00,6.46503e-02,8.06773e-02,5.20528e-03,7.51085e-03,2.51567e-02,5.20524e-03,2.00444e-02,3.25078e-03,4.18728e-03,4.35894e-03,1.31604e-02,3.55578e-03,7.10903e-03,1.26871e-02,1.12303e-02
3.72140e-03,5.14481e-02,5.02234e-02,3.51290e-02,2.00788e+00,1.19524e-01,1.12586e-01,6.49972e-03,7.91511e-03,2.69418e-02,1.10294e-02,2.17984e-02,3.48402e-03,4.70507e-03,5.72026e-03,1.57087e-02,3.83085e-03,1.84652e-02,1.59339e-02,1.21963e-02
4.39906e-03,1.08171e-01,4.16240e-02,6.19749e-02,1.44815e+00,2.23007e-01,1.85526e-01,9.60803e-03,8.45566e-03,3.01534e-02,3.49541e-02,2.39518e-02,3.84493e-03,5.35997e-03,8.59551e-03,1.85972e-02,4.14268e-03,2.36281e-01,2.13527e-02,1.31909e-02
5.13490e-03,1.64669e-01,3.45877e-02,1.19129e-01,1.06513e+00,3.70831e-01,2.80470e-01,1.90894e-02,9.15875e-03,3.45883e-02,8.91438e-02,2.61018e-02,4.34515e-03,6.13647e-03,1.07893e-02,2.23495e-02,4.52515e-03,1.14001e+00,4.15678e-02,1.41983e-02
5.98814e-03,2.18848e-01,2.99965e-02,1.79691e-01,8.13203e-01,5.19707e-01,4.02538e-01,3.03368e-02,1.00522e-02,4.08650e-02,1.38935e-01,2.84927e-02,5.00023e-03,7.04381e-03,1.26833e-02,2.75740e-02,4.94221e-03,2.05083e+00,1.16563e-01,1.53076e-02
6.83136e-03,2.86820e-01,2.66979e-02,2.14471e-01,6.57160e-01,6.33895e-01,5.03087e-01,3.42031e-02,1.10439e-02,4.88145e-02,1.60180e-01,3.10737e-02,5.72573e-03,7.90147e-03,1.50164e-02,3.47700e-02,5.38994e-03,2.21524e+00,2.24268e-01,1.64764e-02
7.64692e-03,3.65334e-01,2.43907e-02,2.18592e-01,5.48345e-01,8.18860e-01,6.45969e-01,3.52786e-02,1.21193e-02,5.74258e-02,1.64850e-01,3.39566e-02,6.52481e-03,8.76588e-03,1.75028e-02,4.45126e-02,5.86514e-03,1.83001e+00,3.04760e-01,1.77708e-02
8.53610e-03,4.44315e-01,2.22565e-02,2.25993e-01,4.83151e-01,1.19623e+00,8.23961e-01,3.58364e-02,1.32866e-02,6.60005e-02,1.61275e-01,3.71906e-02,7.39032e-03,9.68471e-03,1.96384e-02,5.87906e-02,6.34311e-03,1.37922e+00,3.67833e-01,1.91763e-02
9.55347e-03,5.20835e-01,2.02627e-02,2.52270e-01,4.43917e-01,1.61696e+00,9.84125e-01,3.64718e-02,1.44420e-02,7.40339e-02,1.53152e-01,4.09118e-02,8.32693e-03,1.06021e-02,2.13837e-02,7.97605e-02,6.78862e-03,1.04041e+00,4.14557e-01,2.05995e-02
1.07310e-02,5.89402e-01,1.85299e-02,2.97673e-01,4.11742e-01,1.78568e+00,1.06407e+00,3.74242e-02,1.55452e-02,8.11704e-02,1.45779e-01,4.54108e-02,9.10719e-03,1.15108e-02,2.31313e-02,1.04469e-01,7.22613e-03,7.98627e-01,4.42973e-01,2.20762e-02
1.20156e-02,6.39596e-01,1.71266e-02,3.65923e-01,3.79282e-01,1.65082e+00,1.05890e+00,3.88621e-02,1.65652e-02,8.72425e-02,1.42091e-01,5.06899e-02,9.77815e-03,1.24023e-02,2.53128e-02,1.26334e-01,7.61408e-03,6.16283e-01,4.51188e-01,2.35245e-02
1.33320e-02,6.69388e-01,1.59481e-02,4.71155e-01,3.45010e-01,1.37104e+00,9.97579e-01,4.06781e-02,1.74510e-02,9.26683e-02,1.41103e-01,5.67113e-02,1.04253e-02,1.33039e-02,2.81799e-02,1.40338e-01,7.97603e-03,4.74734e-01,4.39704e-01,2.49931e-02
1.46363e-02,6.88713e-01,1.49392e-02,6.29554e-01,3.09301e-01,1.08165e+00,8.96927e-01,4.30667e-02,1.82104e-02,9.77135e-02,1.40433e-01,6.34410e-02,1.10572e-02,1.42207e-02,3.18284e-02,1.45328e-01,8.30531e-03,3.66117e-01,4.14085e-01,2.64447e-02
1.58862e-02,7.10681e-01,1.40096e-02,8.39839e-01,2.74236e-01,8.36887e-01,7.72283e-01,4.64584e-02,1.88514e-02,1.02947e-01,1.38770e-01,7.06632e-02,1.17140e-02,1.51648e-02,3.62681e-02,1.44280e-01,8.61665e-03,2.85144e-01,3.82526e-01,2.78147e-02
1.70558e-02,7.46060e-01,1.31048e-02,1.07237e+00,2.41905e-01,6.45777e-01,6.45111e-01,5.17388e-02,1.93671e-02,1.08448e-01,1.36534e-01,7.81388e-02,1.23809e-02,1.61346e-02,4.16318e-02,1.42166e-01,8.93527e-03,2.26007e-01,3.51807e-01,2.91555e-02
1.81126e-02,8.04884e-01,1.21876e-02,1.28299e+00,2.13251e-01,5.01662e-01,5.33733e-01,6.02092e-02,1.97982e-02,1.14442e-01,1.35622e-01,8.57069e-02,1.30811e-02,1.71006e-02,4.83177e-02,1.43178e-01,9.25235e-03,1.82854e-01,3.25765e-01,3.03943e-02
1.90461e-02,8.98965e-01,1.12597e-02,1.44191e+00,1.88267e-01,3.94660e-01,4.47444e-01,7.35303e-02,2.01487e-02,1.20682e-01,1.39369e-01,9.31809e-02,1.38214e-02,1.80643e-02,5.71467e-02,1.49362e-01,9.54362e-03,1.50931e-01,3.05392e-01,3.15222e-02
1.98526e-02,1.03520e+00,1.03292e-02,1.54549e+00,1.66517e-01,3.15728e-01,3.88573e-01,9.32770e-02,2.04329e-02,1.27171e-01,1.52145e-01,1.00604e-01,1.46033e-02,1.89730e-02,6.94004e-02,1.60119e-01,9.81100e-03,1.27000e-01,2.90159e-01,3.25235e-02
2.05284e-02,1.20333e+00,9.43414e-03,1.60757e+00,1.47501e-01,2.57813e-01,3.55773e-01,1.20746e-01,2.06826e-02,1.33796e-01,1.77710e-01,1.07976e-01,1.54183e-02,1.98189e-02,8.66717e-02,1.72615e-01,1.00644e-02,1.08803e-01,2.79045e-01,3.33980e-02
2.10740e-02,1.37151e+00,8.57644e-03,1.64380e+00,1.30808e-01,2.15728e-01,3.45525e-01,1.56161e-01,2.08931e-02,1.40233e-01,2.15467e-01,1.15303e-01,1.62649e-02,2.05946e-02,1.10428e-01,1.83155e-01,1.02945e-02,9.49347e-02,2.71109e-01,3.42314e-02
2.14649e-02,1.49990e+00,7.77793e-03,1.66191e+00,1.16087e-01,1.85949e-01,3.52427e-01,1.98110e-01,2.10784e-02,1.46801e-01,2.57859e-01,1.22682e-01,1.71479e-02,2.12759e-02,1.40950e-01,1.88718e-01,1.05040e-02,8.44515e-02,2.65088e-01,3.50569e-02
2.17086e-02,1.56176e+00,7.04326e-03,1.66158e+00,1.03035e-01,1.66181e-01,3.70325e-01,2.43962e-01,2.12165e-02,1.53227e-01,2.93097e-01,1.30263e-01,1.80580e-02,2.18484e-02,1.76577e-01,1.87986e-01,1.07006e-02,7.68023e-02,2.59317e-01,3.59206e-02
2.18563e-02,1.55285e+00,6.37146e-03,1.64004e+00,9.14285e-02,1.54916e-01,3.94836e-01,2.90640e-01,2.13409e-02,1.59742e-01,3.11892e-01,1.38055e-01,1.90024e-02,2.22823e-02,2.13886e-01,1.81508e-01,1.09042e-02,7.15884e-02,2.52021e-01,3.68925e-02
2.19028e-02,1.48757e+00,5.77559e-03,1.59656e+00,8.10785e-02,1.51034e-01,4.25249e-01,3.35747e-01,2.15409e-02,1.66219e-01,3.11864e-01,1.46135e-01,1.99588e-02,2.25902e-02,2.49047e-01,1.70971e-01,1.11007e-02,6.85373e-02,2.41959e-01,3.79651e-02
2.18523e-02,1.38756e+00,5.24821e-03,1.53477e+00,7.18494e-02,1.53322e-01,4.63718e-01,3.77997e-01,2.22000e-02,1.72759e-01,2.96736e-01,1.54690e-01,2.09221e-02,2.27670e-02,2.79352e-01,1.58491e-01,1.12885e-02,6.74448e-02,2.28789e-01,3.91684e-02
2.17037e-02,1.27360e+00,4.79176e-03,1.46216e+00,6.36239e-02,1.60130e-01,5.12078e-01,4.17747e-01,2.46125e-02,1.79326e-01,2.72863e-01,1.63974e-01,2.19170e-02,2.28610e-02,3.03918e-01,1.45936e-01,1.14839e-02,6.80381e-02,2.12982e-01,4.04757e-02
2.14997e-02,1.16110e+00,4.40660e-03,1.38757e+00,5.63223e-02,1.69406e-01,5.68486e-01,4.56026e-01,3.30934e-02,1.85969e-01,2.46105e-01,1.74201e-01,2.28929e-02,2.29067e-02,3.23281e-01,1.34622e-01,1.16836e-02,6.98755e-02,1.95661e-01,4.18263e-02
2.13090e-02,1.05922e+00,4.07911e-03,1.31925e+00,4.98396e-02,1.79065e-01,6.27019e-01,4.94251e-01,5.91811e-02,1.92655e-01,2.20453e-01,1.85820e-01,2.37629e-02,2.29510e-02,3.38533e-01,1.25238e-01,1.18497e-02,7.23487e-02,1.78033e-01,4.32349e-02
2.11546e-02,9.72078e-01,3.80893e-03,1.26386e+00,4.41605e-02,1.87398e-01,6.80645e-01,5.33591e-01,1.24469e-01,1.99348e-01,1.98005e-01,1.99231e-01,2.46436e-02,2.30481e-02,3.50632e-01,1.17863e-01,1.20102e-02,7.47335e-02,1.61077e-01,4.46199e-02
2.10468e-02,9.00358e-01,3.58029e-03,1.22629e+00,3.91790e-02,1.93402e-01,7.24415e-01,5.74435e-01,2.54891e-01,2.06076e-01,1.79480e-01,2.14762e-01,2.55666e-02,2.32243e-02,3.60026e-01,1.12403e-01,1.21677e-02,7.63095e-02,1.45521e-01,4.59688e-02
2.09705e-02,8.42802e-01,3.39190e-03,1.20989e+00,3.48272e-02,1.96853e-01,7.56552e-01,6.16676e-01,4.58602e-01,2.12818e-01,1.64728e-01,2.33162e-01,2.65196e-02,2.35029e-02,3.66827e-01,1.08570e-01,1.23195e-02,7.65302e-02,1.31663e-01,4.72378e-02
2.09079e-02,7.97295e-01,3.23121e-03,1.21728e+00,3.10535e-02,1.98199e-01,7.77414e-01,6.59817e-01,7.04829e-01,2.19661e-01,1.53161e-01,2.55057e-01,2.75419e-02,2.39028e-02,3.71012e-01,1.06116e-01,1.24877e-02,7.51530e-02,1.19628e-01,4.83636e-02
2.08797e-02,7.61418e-01,3.09777e-03,1.24997e+00,2.77796e-02,1.98349e-01,7.87990e-01,7.03370e-01,9.37751e-01,2.26394e-01,1.44010e-01,2.80952e-01,2.86438e-02,2.44045e-02,3.72689e-01,1.04742e-01,1.26606e-02,7.22286e-02,1.09349e-01,4.93238e-02
2.08736e-02,7.33203e-01,2.98247e-03,1.30827e+00,2.49451e-02,1.98537e-01,7.89084e-01,7.47067e-01,1.10967e+00,2.33055e-01,1.36477e-01,3.11487e-01,2.98216e-02,2.49823e-02,3.72166e-01,1.04238e-01,1.28562e-02,6.80588e-02,1.00598e-01,5.01285e-02
2.08951e-02,7.11256e-01,2.89121e-03,1.39171e+00,2.24967e-02,2.00146e-01,7.81293e-01,7.90891e-01,1.19671e+00,2.39606e-01,1.29909e-01,3.47143e-01,3.10736e-02,2.56055e-02,3.69880e-01,1.04622e-01,1.30743e-02,6.30379e-02,9.32465e-02,5.07296e-02
2.09588e-02,6.95086e-01,2.81416e-03,1.49794e+00,2.03835e-02,2.04594e-01,7.65444e-01,8.34883e-01,1.19818e+00,2.45720e-01,1.23811e-01,3.88133e-01,3.23888e-02,2.62186e-02,3.66272e-01,1.05815e-01,1.33311e-02,5.75634e-02,8.70984e-02,5.11420e-02
2.10848e-02,6.85038e-01,2.75708e-03,1.62430e+00,1.85619e-02,2.13037e-01,7.43100e-01,8.79105e-01,1.13108e+00,2.51364e-01,1.17858e-01,4.34438e-01,3.37540e-02,2.67666e-02,3.61596e-01,1.07852e-01,1.36012e-02,5.19939e-02,8.19626e-02,5.13918e-02
2.12579e-02,6.82357e-01,2.70911e-03,1.76669e+00,1.69839e-02,2.25926e-01,7.16285e-01,9.22971e-01,1.02181e+00,2.56418e-01,1.11932e-01,4.86013e-01,3.51117e-02,2.72199e-02,3.55910e-01,1.10675e-01,1.38943e-02,4.66058e-02,7.76203e-02,5.14193e-02
2.14580e-02,6.88930e-01,2.66994e-03,1.92070e+00,1.56181e-02,2.42692e-01,6.87620e-01,9.65402e-01,8.96486e-01,2.60546e-01,1.06039e-01,5.41779e-01,3.64308e-02,2.75252e-02,3.49043e-01,1.14324e-01,1.41935e-02,4.15492e-02,7.39898e-02,5.12356e-02
2.16747e-02,7.06999e-01,2.64216e-03,2.07990e+00,1.44316e-02,2.61644e-01,6.59704e-01,1.00453e+00,7.73921e-01,2.63862e-01,1.00286e-01,6.01128e-01,3.77007e-02,2.76682e-02,3.40679e-01,1.18610e-01,1.44914e-02,3.69195e-02,7.09228e-02,5.09092e-02
2.18437e-02,7.38640e-01,2.62317e-03,2.23746e+00,1.33970e-02,2.80319e-01,6.35066e-01,1.03783e+00,6.64158e-01,2.66181e-01,9.47920e-02,6.63246e-01,3.88400e-02,2.76329e-02,3.30565e-01,1.23169e-01,1.47921e-02,3.27577e-02,6.83358e-02,5.04682e-02
2.19183e-02,7.85397e-01,2.60349e-03,2.38558e+00,1.24918e-02,2.96236e-01,6.15710e-01,1.06261e+00,5.70371e-01,2.67348e-01,8.97144e-02,7.27089e-01,3.98548e-02,2.74311e-02,3.18538e-01,1.27769e-01,1.50793e-02,2.90714e-02,6.61229e-02,4.98816e-02
2.18665e-02,8.47570e-01,2.58054e-03,2.51744e+00,1.17048e-02,3.07452e-01,6.03110e-01,1.07658e+00,4.91768e-01,2.67689e-01,8.52344e-02,7.92014e-01,4.07127e-02,2.70582e-02,3.04642e-01,1.32111e-01,1.53722e-02,2.58318e-02,6.42333e-02,4.91579e-02
2.16703e-02,9.23965e-01,2.56552e-03,2.62794e+00,1.10204e-02,3.13037e-01,5.97761e-01,1.07848e+00,4.25947e-01,2.67024e-01,8.14583e-02,8.57606e-01,4.14039e-02,2.65399e-02,2.89137e-01,1.35847e-01,1.56563e-02,2.30098e-02,6.25887e-02,4.83884e-02
2.13116e-02,1.01250e+00,2.55517e-03,2.71395e+00,1.04239e-02,3.12902e-01,5.99417e-01,1.06782e+00,3.70416e-01,2.65552e-01,7.85000e-02,9.23835e-01,4.19116e-02,2.58919e-02,2.72362e-01,1.38781e-01,1.59218e-02,2.05556e-02,6.11541e-02,4.75174e-02
2.08049e-02,1.11020e+00,2.53832e-03,2.77496e+00,9.90946e-03,3.07776e-01,6.06525e-01,1.04582e+00,3.23181e-01,2.63250e-01,7.64246e-02,9.91033e-01,4.22362e-02,2.51283e-02,2.54795e-01,1.40671e-01,1.61994e-02,1.84353e-02,5.98436e-02,4.66074e-02
2.01675e-02,1.21434e+00,2.53201e-03,2.81271e+00,9.46430e-03,2.98770e-01,6.16661e-01,1.01436e+00,2.82931e-01,2.60376e-01,7.52245e-02,1.05960e+00,4.24006e-02,2.42715e-02,2.36885e-01,1.41411e-01,1.64626e-02,1.66038e-02,5.87264e-02,4.56278e-02
1.94187e-02,1.32299e+00,2.53150e-03,2.83051e+00,9.06736e-03,2.87094e-01,6.26746e-01,9.75941e-01,2.48811e-01,2.56982e-01,7.48295e-02,1.12974e+00,4.23892e-02,2.33525e-02,2.19077e-01,1.41056e-01,1.67378e-02,1.50207e-02,5.76377e-02,4.46276e-02
1.86230e-02,1.43522e+00,2.53302e-03,2.83281e+00,8.71751e-03,2.73884e-01,6.33756e-01,9.33173e-01,2.20305e-01,2.53189e-01,7.51842e-02,1.20143e+00,4.22318e-02,2.23879e-02,2.01741e-01,1.39589e-01,1.70168e-02,1.36399e-02,5.66583e-02,4.36578e-02
1.77806e-02,1.55085e+00,2.53078e-03,2.82460e+00,8.41439e-03,2.60025e-01,6.35287e-01,8.88440e-01,1.97012e-01,2.49148e-01,7.61184e-02,1.27393e+00,4.19605e-02,2.13887e-02,1.85141e-01,1.37227e-01,1.72885e-02,1.24501e-02,5.57355e-02,4.26840e-02
1.69163e-02,1.67016e+00,2.53132e-03,2.81082e+00,8.15035e-03,2.46127e-01,6.29961e-01,8.43885e-01,1.78565e-01,2.44959e-01,7.74409e-02,1.34576e+00,4.15826e-02,2.03781e-02,1.69490e-01,1.34145e-01,1.75799e-02,1.14229e-02,5.48524e-02,4.17030e-02
1.60680e-02,1.79330e+00,2.53837e-03,2.79590e+00,7.92129e-03,2.32558e-01,6.17654e-01,8.01116e-01,1.64509e-01,2.40730e-01,7.89554e-02,1.41496e+00,4.11143e-02,1.93718e-02,1.54876e-01,1.30516e-01,1.78969e-02,1.05179e-02,5.39677e-02,4.07620e-02
1.52400e-02,1.92010e+00,2.55065e-03,2.78354e+00,7.73105e-03,2.19471e-01,5.99314e-01,7.61289e-01,1.54302e-01,2.36622e-01,8.04544e-02,1.47889e+00,4.06109e-02,1.83699e-02,1.41389e-01,1.26550e-01,1.82372e-02,9.73567e-03,5.31004e-02,3.98207e-02
1.44461e-02,2.04972e+00,2.55740e-03,2.77578e+00,7.56342e-03,2.06909e-01,5.76801e-01,7.25115e-01,1.47299e-01,2.32811e-01,8.17588e-02,1.53493e+00,4.00627e-02,1.73895e-02,1.28996e-01,1.22407e-01,1.86024e-02,9.04942e-03,5.22553e-02,3.89344e-02
1.36906e-02,2.18115e+00,2.55786e-03,2.77331e+00,7.45156e-03,1.94840e-01,5.52266e-01,6.93076e-01,1.42825e-01,2.29345e-01,8.27277e-02,1.58058e+00,3.94928e-02,1.64266e-02,1.17681e-01,1.18222e-01,1.90168e-02,8.44886e-03,5.13836e-02,3.81108e-02
1.29852e-02,2.31334e+00,2.63503e-03,2.77544e+00,7.57096e-03,1.83190e-01,5.28083e-01,6.65351e-01,1.40198e-01,2.26477e-01,8.32563e-02,1.61393e+00,3.89425e-02,1.55072e-02,1.07405e-01,1.14140e-01,1.94425e-02,7.92140e-03,5.04869e-02,3.73254e-02
1.23265e-02,2.44556e+00,2.81865e-03,2.77977e+00,7.90024e-03,1.71941e-01,5.06354e-01,6.42009e-01,1.38767e-01,2.24213e-01,8.32876e-02,1.63392e+00,3.84163e-02,1.46133e-02,9.81031e-02,1.10250e-01,1.99323e-02,7.45727e-03,4.95930e-02,3.66056e-02
1.17235e-02,2.57749e+00,3.10368e-03,2.78348e+00,8.21499e-03,1.61080e-01,4.88790e-01,6.22763e-01,1.38042e-01,2.22791e-01,8.28263e-02,1.64020e+00,3.79647e-02,1.37627e-02,8.96873e-02,1.06567e-01,2.04470e-02,7.05239e-03,4.86393e-02,3.59172e-02
1.11724e-02,2.70900e+00,3.42115e-03,2.78285e+00,8.62257e-03,1.50615e-01,4.76524e-01,6.07718e-01,1.37564e-01,2.22182e-01,8.18931e-02,1.63340e+00,3.75651e-02,1.29481e-02,8.20874e-02,1.03178e-01,2.10097e-02,6.68782e-03,4.76861e-02,3.52540e-02
1.06679e-02,2.83945e+00,3.69042e-03,2.77460e+00,9.08958e-03,1.40553e-01,4.70074e-01,5.96615e-01,1.36989e-01,2.22654e-01,8.05399e-02,1.61492e+00,3.72465e-02,1.21836e-02,7.52414e-02,1.00084e-01,2.16345e-02,6.37258e-03,4.67030e-02,3.46273e-02
1.02037e-02,2.96802e+00,3.89020e-03,2.75599e+00,9.55035e-03,1.30939e-01,4.69239e-01,5.89203e-01,1.36084e-01,2.24560e-01,7.88479e-02,1.58636e+00,3.69877e-02,1.14621e-02,6.90789e-02,9.72979e-02,2.22986e-02,6.09616e-03,4.56884e-02,3.40417e-02
9.78762e-03,3.09287e+00,4.07918e-03,2.72513e+00,1.00593e-02,1.21811e-01,4.73189e-01,5.85333e-01,1.34704e-01,2.28804e-01,7.68609e-02,1.55005e+00,3.67853e-02,1.07856e-02,6.35275e-02,9.47921e-02,2.30100e-02,5.85051e-03,4.46796e-02,3.34941e-02
9.40760e-03,3.21132e+00,4.26401e-03,2.68131e+00,1.05808e-02,1.13235e-01,4.80594e-01,5.84722e-01,1.32758e-01,2.38488e-01,7.46714e-02,1.50810e+00,3.66596e-02,1.01561e-02,5.85310e-02,9.25867e-02,2.37640e-02,5.64591e-03,4.36249e-02,3.29993e-02
9.06407e-03,3.32043e+00,4.44235e-03,2.62491e+00,1.11075e-02,1.05163e-01,4.89837e-01,5.87073e-01,1.30221e-01,2.63131e-01,7.23354e-02,1.46269e+00,3.65940e-02,9.56376e-03,5.40383e-02,9.06071e-02,2.45574e-02,5.47082e-03,4.25630e-02,3.25179e-02
8.73684e-03,3.41666e+00,4.60461e-03,2.55716e+00,1.16865e-02,9.76479e-02,4.99389e-01,5.92001e-01,1.27116e-01,3.30399e-01,6.99131e-02,1.41595e+00,3.65822e-02,9.02241e-03,4.99946e-02,8.88364e-02,2.54070e-02,5.31861e-03,4.15237e-02,3.20646e-02
8.43154e-03,3.49706e+00,4.72995e-03,2.48012e+00,1.23018e-02,9.06770e-02,5.07900e-01,5.99034e-01,1.23497e-01,4.97468e-01,6.74456e-02,1.36974e+00,3.66212e-02,8.51496e-03,4.63504e-02,8.72481e-02,2.62985e-02,5.18779e-03,4.04965e-02,3.16533e-02
8.15621e-03,3.55895e+00,4.80368e-03,2.39656e+00,1.30007e-02,8.42657e-02,5.14359e-01,6.07791e-01,1.19393e-01,8.31896e-01,6.49712e-02,1.32570e+00,3.66907e-02,8.04768e-03,4.30793e-02,8.57618e-02,2.72203e-02,5.08007e-03,3.94588e-02,3.12635e-02
7.90362e-03,3.60092e+00,4.82143e-03,2.30941e+00,1.37485e-02,7.83538e-02,5.18152e-01,6.17651e-01,1.14931e-01,1.37125e+00,6.24996e-02,1.28554e+00,3.67687e-02,7.62083e-03,4.01153e-02,8.44432e-02,2.81911e-02,4.99412e-03,3.84590e-02,3.09039e-02
7.66189e-03,3.62228e+00,4.78314e-03,2.22162e+00,1.45052e-02,7.29233e-02,5.19009e-01,6.28104e-01,1.10196e-01,2.09773e+00,6.00596e-02,1.25038e+00,3.68610e-02,7.23767e-03,3.74639e-02,8.32411e-02,2.91951e-02,4.91124e-03,3.74876e-02,3.05769e-02
7.42596e-03,3.62318e+00,4.69696e-03,2.13584e+00,1.52088e-02,6.79555e-02,5.17001e-01,6.38652e-01,1.05270e-01,2.93838e+00,5.76524e-02,1.22151e+00,3.69634e-02,6.89987e-03,3.50623e-02,8.21008e-02,3.02459e-02,4.84989e-03,3.65359e-02,3.02898e-02
7.21329e-03,3.60447e+00,4.57774e-03,2.05470e+00,1.63121e-02,6.34186e-02,5.12329e-01,6.48859e-01,1.00244e-01,3.79152e+00,5.52997e-02,1.20010e+00,3.70588e-02,6.59557e-03,3.28936e-02,8.10030e-02,3.13160e-02,4.79878e-03,3.56143e-02,3.00388e-02
7.01146e-03,3.56749e+00,5.73325e-03,1.97992e+00,1.80803e-02,5.92873e-02,5.05374e-01,6.58466e-01,9.51820e-02,4.56606e+00,5.29882e-02,1.18737e+00,3.71555e-02,6.32248e-03,3.09474e-02,8.00027e-02,3.24102e-02,4.93911e-03,3.47491e-02,2.98214e-02
6.81998e-03,3.51426e+00,8.41893e-03,1.91292e+00,2.21155e-02,5.55144e-02,4.96468e-01,6.67141e-01,9.10135e-02,5.21095e+00,5.07284e-02,1.18443e+00,3.72353e-02,6.08407e-03,2.91945e-02,7.90527e-02,3.35280e-02,5.73470e-03,3.39412e-02,2.96305e-02
7.05038e-03,3.44691e+00,1.38808e-02,1.85428e+00,3.47492e-02,5.20777e-02,4.86025e-01,6.74762e-01,8.78666e-02,5.71566e+00,4.85220e-02,1.19258e+00,3.77189e-02,8.47310e-03,2.76203e-02,7.81478e-02,3.47032e-02,6.74268e-03,3.31570e-02,2.95968e-02
8.16744e-03,3.36739e+00,2.08535e-02,1.80413e+00,6.00102e-02,4.89541e-02,4.74365e-01,6.81148e-01,8.55073e-02,6.08407e+00,4.63718e-02,1.21274e+00,3.81897e-02,1.15608e-02,2.62066e-02,7.73038e-02,3.64743e-02,7.76044e-03,3.27850e-02,2.96062e-02
9.27711e-03,3.27806e+00,3.37754e-02,1.76209e+00,1.58464e-01,4.60898e-02,4.61781e-01,6.86252e-01,8.40085e-02,6.32415e+00,4.42770e-02,1.24604e+00,3.88153e-02,1.48637e-02,2.49406e-02,7.65496e-02,3.84503e-02,9.37367e-03,3.27317e-02,3.08475e-02
9.92912e-03,3.18119e+00,5.28653e-02,1.72757e+00,5.30735e-01,4.34711e-02,4.48528e-01,6.89642e-01,8.31326e-02,6.43853e+00,4.22501e-02,1.29350e+00,3.97651e-02,1.91728e-02,2.37870e-02,7.58576e-02,4.05179e-02,1.10603e-02,3.31710e-02,3.22483e-02
1.14271e-02,3.07893e+00,7.72876e-02,1.69971e+00,1.10893e+00,4.10933e-02,4.34820e-01,6.91298e-01,8.25146e-02,6.42929e+00,4.02765e-02,1.35607e+00,4.23640e-02,2.42930e-02,2.27838e-02,7.52367e-02,4.25459e-02,1.27311e-02,3.38353e-02,3.41328e-02
1.43683e-02,2.97322e+00,9.86847e-02,1.67714e+00,1.78884e+00,3.89286e-02,4.20808e-01,6.90997e-01,8.20166e-02,6.30187e+00,3.83647e-02,1.43553e+00,6.72140e-02,2.99611e-02,2.18584e-02,7.46919e-02,4.44347e-02,1.43552e-02,3.44676e-02,3.63383e-02
1.84235e-02,2.86623e+00,1.14879e-01,1.65878e+00,2.27655e+00,3.69371e-02,4.06616e-01,6.88374e-01,8.20624e-02,6.06842e+00,3.65159e-02,1.53380e+00,1.15794e-01,3.61600e-02,2.10431e-02,7.42334e-02,4.60579e-02,1.60956e-02,3.49879e-02,3.84642e-02
2.54039e-02,2.75959e+00,1.34656e-01,1.64350e+00,2.52072e+00,3.51154e-02,3.92338e-01,6.83339e-01,8.46338e-02,5.74989e+00,3.47399e-02,1.65476e+00,1.99617e-01,4.84630e-02,2.03171e-02,7.38564e-02,4.74767e-02,2.61927e-02,3.56128e-02,4.01961e-02
4.91526e-02,2.65506e+00,1.59795e-01,1.63021e+00,2.84499e+00,3.34662e-02,3.78063e-01,6.75734e-01,9.27532e-02,5.37496e+00,3.30445e-02,1.80425e+00,4.75468e-01,8.66695e-02,1.96647e-02,7.35529e-02,5.08347e-02,3.54300e-02,3.62886e-02,4.21649e-02
1.11229e-01,2.57073e+00,1.86482e-01,1.61941e+00,3.26422e+00,3.62466e-02,3.65510e-01,6.69253e-01,1.06330e-01,4.97401e+00,3.14522e-02,1.99124e+00,1.01347e+00,1.55401e-01,1.96819e-02,7.33254e-02,5.56431e-02,4.76505e-02,3.76616e-02,4.49821e-02
1.95516e-01,2.50635e+00,2.07465e-01,1.61094e+00,3.78837e+00,4.14239e-02,3.54249e-01,6.65750e-01,1.24122e-01,4.57552e+00,3.07983e-02,2.22610e+00,1.76569e+00,2.59531e-01,2.03714e-02,7.31913e-02,6.04190e-02,6.58693e-02,4.11272e-02,4.98737e-02
3.05644e-01,2.42385e+00,2.29965e-01,1.60470e+00,4.08843e+00,4.79040e-02,3.45432e-01,6.57864e-01,1.45183e-01,4.19814e+00,3.08340e-02,2.52220e+00,2.95178e+00,3.79382e-01,2.06779e-02,7.32448e-02,6.47941e-02,8.15168e-02,4.64016e-02,5.85952e-02
4.64468e-01,2.36003e+00,2.53811e-01,1.59857e+00,4.12389e+00,5.35516e-02,3.39160e-01,6.43628e-01,1.69746e-01,3.85019e+00,3.10916e-02,2.89186e+00,9.71094e+00,4.99988e-01,2.14358e-02,7.35885e-02,6.85392e-02,9.36719e-02,5.26969e-02,6.94064e-02
6.86369e-01,2.32025e+00,2.69508e-01,1.59276e+00,4.03498e+00,5.74892e-02,3.34507e-01,6.26403e-01,1.99290e-01,3.53638e+00,3.17720e-02,3.34351e+00,2.57366e+01,6.29997e-01,2.23153e-02,7.44527e-02,7.17916e-02,1.04459e-01,5.82577e-02,7.93487e-02
9.49222e-01,2.30710e+00,2.71234e-01,1.58766e+00,3.83346e+00,6.12865e-02,3.30784e-01,6.07783e-01,2.35391e-01,3.25817e+00,3.27893e-02,3.87795e+00,3.74069e+01,7.70126e-01,2.32527e-02,7.56548e-02,7.48044e-02,1.16991e-01,6.26792e-02,8.69274e-02
1.21522e+00,2.31909e+00,2.59096e-01,1.58333e+00,3.51860e+00,6.64767e-02,3.27663e-01,5.89032e-01,2.78304e-01,3.01395e+00,3.33802e-02,4.48500e+00,4.41353e+01,9.03125e-01,2.42020e-02,7.71399e-02,7.77440e-02,1.36938e-01,6.60020e-02,9.25668e-02
1.48155e+00,2.34811e+00,2.36929e-01,1.58013e+00,3.12093e+00,7.39284e-02,3.25150e-01,5.70892e-01,3.27703e-01,2.80073e+00,3.28742e-02,5.14461e+00,5.17059e+01,1.01394e+00,2.51898e-02,7.88833e-02,8.07231e-02,1.88717e-01,6.85377e-02,9.76887e-02
1.78076e+00,2.38089e+00,2.10283e-01,1.57879e+00,2.67588e+00,8.43113e-02,3.22301e-01,5.53973e-01,3.83986e-01,2.61497e+00,3.18699e-02,5.82946e+00,6.04889e+01,1.10870e+00,2.59581e-02,8.07882e-02,8.40012e-02,3.58291e-01,7.07550e-02,1.03301e-01
2.11781e+00,2.40887e+00,1.84167e-01,1.57937e+00,2.22290e+00,9.83424e-02,3.17835e-01,5.38407e-01,4.47823e-01,2.45295e+00,3.08993e-02,6.50951e+00,6.89864e+01,1.21010e+00,2.67316e-02,8.28971e-02,8.80668e-02,7.33601e-01,7.28723e-02,1.09758e-01
2.43932e+00,2.43470e+00,1.61666e-01,1.58156e+00,1.80001e+00,1.15220e-01,3.10871e-01,5.24356e-01,5.16376e-01,2.31062e+00,2.99772e-02,7.15593e+00,7.65886e+01,1.34940e+00,2.77827e-02,8.49743e-02,9.45649e-02,1.20875e+00,7.47668e-02,1.17054e-01
2.69443e+00,2.46616e+00,1.43804e-01,1.58450e+00,1.43241e+00,1.31066e-01,3.01324e-01,5.12439e-01,5.81733e-01,2.18351e+00,2.90963e-02,7.74527e+00,8.10437e+01,1.56252e+00,2.91062e-02,8.69378e-02,1.08012e-01,1.59177e+00,7.63591e-02,1.24966e-01
2.87234e+00,2.50849e+00,1.30136e-01,1.58739e+00,1.12944e+00,1.41258e-01,2.89714e-01,5.03392e-01,6.35367e-01,2.06779e+00,2.82826e-02,8.25955e+00,7.99906e+01,1.87020e+00,3.06647e-02,8.87362e-02,1.39320e-01,1.77906e+00,7.74761e-02,1.33308e-01
2.98077e+00,2.56302e+00,1.19292e-01,1.58896e+00,8.88197e-01,1.43856e-01,2.76626e-01,4.97708e-01,6.74795e-01,1.96020e+00,2.75065e-02,8.68651e+00,7.39630e+01,2.23925e+00,3.23819e-02,9.02860e-02,2.02942e-01,1.76955e+00,7.80317e-02,1.42128e-01
3.02924e+00,2.62862e+00,1.09844e-01,1.58805e+00,7.00030e-01,1.39940e-01,2.62613e-01,4.95789e-01,7.05987e-01,1.85862e+00,2.67583e-02,9.01962e+00,6.54432e+01,2.59022e+00,3.41629e-02,9.16055e-02,2.98449e-01,1.62990e+00,7.80220e-02,1.51384e-01
3.03724e+00,2.70330e+00,1.00774e-01,1.58466e+00,5.54830e-01,1.31813e-01,2.48205e-01,4.98047e-01,7.40242e-01,1.76157e+00,2.59881e-02,9.25574e+00,5.67315e+01,2.87050e+00,3.59904e-02,9.27117e-02,3.96640e-01,1.43068e+00,7.76067e-02,1.61211e-01
3.04078e+00,2.78513e+00,9.16324e-02,1.57807e+00,4.43233e-01,1.21691e-01,2.34093e-01,5.04543e-01,7.87920e-01,1.66863e+00,2.52018e-02,9.39506e+00,4.90314e+01,3.10226e+00,3.78464e-02,9.36044e-02,4.60624e-01,1.21826e+00,7.69196e-02,1.71533e-01
3.08302e+00,2.87180e+00,8.24129e-02,1.56833e+00,3.57474e-01,1.11127e-01,2.20779e-01,5.15378e-01,8.52587e-01,1.57984e+00,2.44126e-02,9.44058e+00,4.26775e+01,3.35286e+00,3.97702e-02,9.42971e-02,4.76257e-01,1.01806e+00,7.61198e-02,1.82094e-01
3.18861e+00,2.96049e+00,7.33793e-02,1.55545e+00,2.91397e-01,1.01045e-01,2.08525e-01,5.30312e-01,9.28700e-01,1.49523e+00,2.36460e-02,9.39823e+00,3.76119e+01,3.65776e+00,4.17744e-02,9.47812e-02,4.54268e-01,8.41161e-01,7.52546e-02,1.92584e-01
3.34016e+00,3.04803e+00,6.48359e-02,1.53950e+00,2.40271e-01,9.18797e-02,1.97457e-01,5.49039e-01,1.00536e+00,1.41515e+00,2.29411e-02,9.27685e+00,3.36608e+01,3.97109e+00,4.39112e-02,9.50355e-02,4.13843e-01,6.90338e-01,7.44019e-02,2.02741e-01
3.48316e+00,3.13166e+00,5.70227e-02,1.52063e+00,2.00459e-01,8.37955e-02,1.87558e-01,5.71318e-01,1.07340e+00,1.34005e+00,2.22870e-02,9.08765e+00,3.06106e+01,4.20279e+00,4.62469e-02,9.50438e-02,3.70235e-01,5.64618e-01,7.36096e-02,2.12418e-01
3.55978e+00,3.20903e+00,5.00570e-02,1.49923e+00,1.69257e-01,7.67655e-02,1.78720e-01,5.96958e-01,1.13034e+00,1.27006e+00,2.17039e-02,8.84381e+00,2.82165e+01,4.28937e+00,4.88680e-02,9.48006e-02,3.32040e-01,4.61495e-01,7.28681e-02,2.21542e-01
3.53773e+00,3.27831e+00,4.39969e-02,1.47559e+00,1.44581e-01,7.07406e-02,1.70888e-01,6.25912e-01,1.17974e+00,1.20566e+00,2.11804e-02,8.55851e+00,2.62276e+01,4.21878e+00,5.18484e-02,9.43767e-02,3.02790e-01,3.78119e-01,7.21922e-02,2.30202e-01
3.41505e+00,3.33833e+00,3.87774e-02,1.45012e+00,1.24911e-01,6.56425e-02,1.63940e-01,6.58405e-01,1.22801e+00,1.14725e+00,2.07319e-02,8.24483e+00,2.44304e+01,4.01502e+00,5.52389e-02,9.36998e-02,2.83336e-01,3.11358e-01,7.16174e-02,2.38769e-01
3.20981e+00,3.38849e+00,3.43418e-02,1.42334e+00,1.09096e-01,6.13651e-02,1.57885e-01,6.94762e-01,1.28040e+00,1.09534e+00,2.03209e-02,7.91439e+00,2.26858e+01,3.71731e+00,5.90149e-02,9.28601e-02,2.73436e-01,2.58228e-01,7.10843e-02,2.47873e-01
2.94861e+00,3.42837e+00,3.07115e-02,1.39573e+00,9.62921e-02,5.78016e-02,1.52748e-01,7.35397e-01,1.33952e+00,1.05075e+00,1.99883e-02,7.57780e+00,2.09311e+01,3.36611e+00,6.31380e-02,9.20023e-02,2.72390e-01,2.16109e-01,7.06103e-02,2.58511e-01
2.65828e+00,3.45798e+00,2.77353e-02,1.36801e+00,8.58179e-02,5.48733e-02,1.48610e-01,7.80837e-01,1.40617e+00,1.01405e+00,1.96775e-02,7.24298e+00,1.91628e+01,2.99742e+00,6.75083e-02,9.10550e-02,2.79477e-01,1.82501e-01,7.01438e-02,2.72262e-01
2.36183e+00,3.47775e+00,2.54655e-02,1.34094e+00,7.71135e-02,5.24938e-02,1.45539e-01,8.31363e-01,1.48202e+00,9.85911e-01,1.94240e-02,6.91653e+00,1.74043e+01,2.63795e+00,7.20190e-02,9.00686e-02,2.94010e-01,1.55587e-01,6.96297e-02,2.91106e-01
2.07628e+00,3.48805e+00,2.36312e-02,1.31535e+00,6.98918e-02,5.06051e-02,1.43596e-01,8.87155e-01,1.57245e+00,9.67064e-01,1.91926e-02,6.60307e+00,1.56920e+01,2.30451e+00,7.65707e-02,8.91491e-02,3.15262e-01,1.33992e-01,6.90567e-02,3.17444e-01
1.81247e+00,3.48932e+00,2.20678e-02,1.29209e+00,6.38656e-02,4.91465e-02,1.42835e-01,9.48160e-01,1.68755e+00,9.58087e-01,1.90021e-02,6.30618e+00,1.40710e+01,2.00539e+00,8.11002e-02,8.83352e-02,3.42246e-01,1.16480e-01,6.84113e-02,3.54010e-01
1.57602e+00,3.48236e+00,2.07829e-02,1.27186e+00,5.87662e-02,4.80691e-02,1.43251e-01,1.01384e+00,1.83884e+00,9.59324e-01,1.88422e-02,6.02803e+00,1.25710e+01,1.74288e+00,8.55374e-02,8.76810e-02,3.73325e-01,1.02060e-01,6.76497e-02,4.03826e-01
1.36851e+00,3.46798e+00,1.97506e-02,1.25510e+00,5.44241e-02,4.73439e-02,1.44743e-01,1.08336e+00,2.03132e+00,9.70496e-01,1.87150e-02,5.77007e+00,1.12084e+01,1.51539e+00,8.98624e-02,8.71337e-02,4.06272e-01,9.00706e-02,6.68067e-02,4.69799e-01
1.18910e+00,3.44635e+00,1.89433e-02,1.24256e+00,5.07398e-02,4.69278e-02,1.47150e-01,1.15550e+00,2.25558e+00,9.90990e-01,1.86170e-02,5.53291e+00,9.99347e+00,1.31971e+00,9.40504e-02,8.67606e-02,4.38588e-01,8.00315e-02,6.59123e-02,5.53554e-01
1.03551e+00,3.41797e+00,1.82621e-02,1.23434e+00,4.75537e-02,4.67903e-02,1.50260e-01,1.22884e+00,2.48611e+00,1.01987e+00,1.85400e-02,5.31690e+00,8.92640e+00,1.15203e+00,9.80563e-02,8.66568e-02,4.68196e-01,7.16064e-02,6.49653e-02,6.53609e-01
9.04743e-01,3.38308e+00,1.76643e-02,1.23068e+00,4.47740e-02,4.69484e-02,1.53787e-01,1.30169e+00,2.69064e+00,1.05530e+00,1.84959e-02,5.12138e+00,8.00034e+00,1.00847e+00,1.01824e-01,8.67183e-02,4.94439e-01,6.44950e-02,6.40440e-02,7.64003e-01
7.93790e-01,3.34242e+00,1.71242e-02,1.23169e+00,4.23332e-02,4.73592e-02,1.57456e-01,1.37231e+00,2.84126e+00,1.09525e+00,1.84737e-02,4.94623e+00,7.20503e+00,8.85598e-01,1.05271e-01,8.69526e-02,5.18087e-01,5.84380e-02,6.31505e-02,8.75664e-01
6.99670e-01,3.29656e+00,1.66165e-02,1.23727e+00,4.01563e-02,4.79830e-02,1.61000e-01,1.43911e+00,2.92120e+00,1.13742e+00,1.84813e-02,4.79056e+00,6.52900e+00,7.80364e-01,1.08318e-01,8.74248e-02,5.41435e-01,5.32312e-02,6.23442e-02,1.15910e+00
6.19825e-01,3.24610e+00,1.61464e-02,1.24743e+00,3.82177e-02,4.88241e-02,1.64181e-01,1.50068e+00,2.92549e+00,1.17930e+00,1.85200e-02,4.65379e+00,5.96160e+00,6.90167e-01,1.10861e-01,8.80467e-02,5.68242e-01,4.87252e-02,6.16662e-02,1.40911e+01
5.51912e-01,3.19197e+00,1.57083e-02,1.26236e+00,3.65012e-02,4.98711e-02,1.66864e-01,1.55589e+00,2.85912e+00,1.21850e+00,1.85754e-02,4.53510e+00,5.49405e+00,6.12749e-01,1.12848e-01,8.87537e-02,6.04024e-01,4.48152e-02,6.11262e-02,4.52465e+01
4.94024e-01,3.13492e+00,1.53187e-02,1.28221e+00,3.49762e-02,5.11013e-02,1.68940e-01,1.60390e+00,2.73435e+00,1.25296e+00,1.86533e-02,4.43391e+00,5.11949e+00,5.46217e-01,1.14294e-01,8.96058e-02,6.57443e-01,4.14193e-02,6.07535e-02,7.66493e+01
4.44478e-01,3.07609e+00,1.49645e-02,1.30729e+00,3.36227e-02,5.25071e-02,1.70338e-01,1.64405e+00,2.56804e+00,1.28072e+00,1.87392e-02,4.34992e+00,4.83172e+00,4.88940e-01,1.15234e-01,9.05916e-02,7.43839e-01,3.84737e-02,6.06037e-02,9.42712e+01
4.01895e-01,3.01619e+00,1.46629e-02,1.33788e+00,3.24357e-02,5.40909e-02,1.71079e-01,1.67645e+00,2.37850e+00,1.30061e+00,1.88197e-02,4.28200e+00,4.62293e+00,4.39538e-01,1.15777e-01,9.16651e-02,8.93798e-01,3.59124e-02,6.06760e-02,1.02818e+02
3.65089e-01,2.95601e+00,1.44307e-02,1.37450e+00,3.14038e-02,5.58392e-02,1.71158e-01,1.70075e+00,2.18218e+00,1.31183e+00,1.88967e-02,4.23024e+00,4.48264e+00,3.96838e-01,1.16051e-01,9.29686e-02,1.17082e+00,3.36958e-02,6.09634e-02,1.10409e+02
3.33155e-01,2.89615e+00,1.42728e-02,1.41755e+00,3.04954e-02,5.77490e-02,1.70629e-01,1.71733e+00,1.99208e+00,1.31413e+00,1.89418e-02,4.19395e+00,4.39588e+00,3.59906e-01,1.16182e-01,9.46154e-02,1.68065e+00,3.17761e-02,6.15413e-02,1.13401e+02
3.05255e-01,2.83688e+00,1.41950e-02,1.46712e+00,2.96941e-02,5.98112e-02,1.69540e-01,1.72664e+00,1.81653e+00,1.30796e+00,1.89647e-02,4.17317e+00,4.34393e+00,3.27896e-01,1.16255e-01,9.68112e-02,2.50764e+00,3.01194e-02,6.22686e-02,1.11290e+02
2.80755e-01,2.77887e+00,1.41924e-02,1.52309e+00,2.89910e-02,6.19791e-02,1.67977e-01,1.72900e+00,1.65968e+00,1.29406e+00,1.89605e-02,4.16664e+00,4.30669e+00,3.00062e-01,1.16327e-01,9.98790e-02,3.60171e+00,2.86913e-02,6.32987e-02,1.08018e+02
2.59091e-01,2.72231e+00,1.42335e-02,1.58507e+00,2.83710e-02,6.42322e-02,1.66013e-01,1.72522e+00,1.52262e+00,1.27346e+00,1.89161e-02,4.17390e+00,4.26676e+00,2.75867e-01,1.16384e-01,1.04135e-01,4.79376e+00,2.74712e-02,6.45285e-02,9.99857e+01
2.39866e-01,2.66750e+00,1.42941e-02,1.65232e+00,2.78193e-02,6.65022e-02,1.63721e-01,1.71568e+00,1.40433e+00,1.24754e+00,1.88367e-02,4.19334e+00,4.21060e+00,2.54742e-01,1.16372e-01,1.09732e-01,5.89969e+00,2.64370e-02,6.59090e-02,9.00535e+01
2.22690e-01,2.61500e+00,1.43359e-02,1.72371e+00,2.73339e-02,6.87095e-02,1.61176e-01,1.70111e+00,1.30258e+00,1.21754e+00,1.87341e-02,4.22413e+00,4.13003e+00,2.36239e-01,1.16182e-01,1.16712e-01,6.79735e+00,2.55606e-02,6.74655e-02,8.04953e+01
2.07289e-01,2.56501e+00,1.43391e-02,1.79797e+00,2.68945e-02,7.07863e-02,1.58441e-01,1.68208e+00,1.21468e+00,1.18478e+00,1.86004e-02,4.26481e+00,4.02180e+00,2.19992e-01,1.15696e-01,1.24609e-01,7.45134e+00,2.48077e-02,6.90994e-02,6.90945e+01
1.93434e-01,2.51803e+00,1.42865e-02,1.87353e+00,2.65058e-02,7.26506e-02,1.55568e-01,1.65920e+00,1.13798e+00,1.15047e+00,1.84531e-02,4.31328e+00,3.88595e+00,2.05631e-01,1.14798e-01,1.32800e-01,7.88065e+00,2.41591e-02,7.07576e-02,5.74103e+01
1.80910e-01,2.47444e+00,1.41750e-02,1.94890e+00,2.61414e-02,7.42516e-02,1.52616e-01,1.63324e+00,1.06988e+00,1.11571e+00,1.83027e-02,4.36776e+00,3.72536e+00,1.92847e-01,1.13399e-01,1.40548e-01,8.11688e+00,2.36134e-02,7.23757e-02,4.91231e+01
1.69565e-01,2.43459e+00,1.40114e-02,2.02261e+00,2.58027e-02,7.55398e-02,1.49651e-01,1.60464e+00,1.00847e+00,1.08136e+00,1.81514e-02,4.42619e+00,3.54452e+00,1.81419e-01,1.11451e-01,1.47188e-01,8.18685e+00,2.31460e-02,7.38827e-02,4.32050e+01
1.59287e-01,2.39897e+00,1.38024e-02,2.09315e+00,2.54851e-02,7.64815e-02,1.46725e-01,1.57374e+00,9.51941e-01,1.04817e+00,1.80092e-02,4.48669e+00,3.34832e+00,1.71083e-01,1.08943e-01,1.52325e-01,8.11431e+00,2.27565e-02,7.51989e-02,3.86405e+01
1.49924e-01,2.36739e+00,1.35726e-02,2.15930e+00,2.51841e-02,7.70653e-02,1.43879e-01,1.54142e+00,8.99118e-01,1.01676e+00,1.78891e-02,4.54677e+00,3.14235e+00,1.61692e-01,1.05911e-01,1.55884e-01,7.92219e+00,2.24222e-02,7.63026e-02,3.42452e+01
1.41376e-01,2.33988e+00,1.33265e-02,2.21980e+00,2.48973e-02,7.73157e-02,1.41169e-01,1.50796e+00,8.49123e-01,9.87654e-01,1.78009e-02,4.60474e+00,2.93195e+00,1.53117e-01,1.02431e-01,1.58036e-01,7.63480e+00,2.21377e-02,7.71117e-02,3.01775e+01
1.33592e-01,2.31636e+00,1.30739e-02,2.27364e+00,2.46180e-02,7.72682e-02,1.38637e-01,1.47365e+00,8.01370e-01,9.61315e-01,1.77470e-02,4.65801e+00,2.72217e+00,1.45258e-01,9.85932e-02,1.59123e-01,7.27833e+00,2.19134e-02,7.76238e-02,2.72208e+01
1.26485e-01,2.29641e+00,1.28306e-02,2.31993e+00,2.43448e-02,7.69391e-02,1.36312e-01,1.43907e+00,7.55531e-01,9.37918e-01,1.77342e-02,4.70492e+00,2.51708e+00,1.38028e-01,9.44761e-02,1.59648e-01,6.87914e+00,2.17129e-02,7.77984e-02,2.51686e+01
1.19988e-01,2.27985e+00,1.26082e-02,2.35791e+00,2.41024e-02,7.63730e-02,1.34269e-01,1.40433e+00,7.11464e-01,9.17967e-01,1.77701e-02,4.74416e+00,2.32021e+00,1.31360e-01,9.01940e-02,1.60087e-01,6.46100e+00,2.15383e-02,7.76518e-02,2.35361e+01
1.14062e-01,2.26621e+00,1.24111e-02,2.38702e+00,2.38749e-02,7.56164e-02,1.32532e-01,1.36959e+00,6.69096e-01,9.01582e-01,1.78581e-02,4.77369e+00,2.13396e+00,1.25224e-01,8.58431e-02,1.60813e-01,6.04241e+00,2.13983e-02,7.72054e-02,2.19784e+01
1.08666e-01,2.25507e+00,1.22406e-02,2.40697e+00,2.36686e-02,7.46837e-02,1.31125e-01,1.33525e+00,6.28471e-01,8.89125e-01,1.79951e-02,4.79284e+00,1.96005e+00,1.19582e-01,8.14958e-02,1.62131e-01,5.63648e+00,2.12610e-02,7.64687e-02,2.03557e+01
1.03748e-01,2.24613e+00,1.20790e-02,2.41804e+00,2.34793e-02,7.36117e-02,1.30094e-01,1.30141e+00,5.89658e-01,8.80719e-01,1.81781e-02,4.80089e+00,1.79929e+00,1.14399e-01,7.72341e-02,1.64274e-01,5.25065e+00,2.11398e-02,7.54868e-02,1.88858e+01
9.92836e-02,2.23883e+00,1.19452e-02,2.42018e+00,2.33146e-02,7.24187e-02,1.29459e-01,1.26806e+00,5.52752e-01,8.76705e-01,1.84042e-02,4.79736e+00,1.65192e+00,1.09663e-01,7.31026e-02,1.67233e-01,4.88854e+00,2.10179e-02,7.43051e-02,1.76790e+01
9.52228e-02,2.23296e+00,1.18363e-02,2.41380e+00,2.31670e-02,7.11144e-02,1.29237e-01,1.23540e+00,5.17792e-01,8.77590e-01,1.86726e-02,4.78212e+00,1.51774e+00,1.05344e-01,6.91486e-02,1.71189e-01,4.55074e+00,2.09008e-02,7.29684e-02,1.66613e+01
9.15436e-02,2.22801e+00,1.17473e-02,2.39956e+00,2.30257e-02,6.97249e-02,1.29446e-01,1.20341e+00,4.84890e-01,8.83794e-01,1.89772e-02,4.75566e+00,1.39616e+00,1.01426e-01,6.54025e-02,1.75869e-01,4.23655e+00,2.07749e-02,7.14950e-02,1.57573e+01
8.82156e-02,2.22368e+00,1.16777e-02,2.37821e+00,2.28971e-02,6.82721e-02,1.30080e-01,1.17213e+00,4.54046e-01,8.96541e-01,1.93066e-02,4.71802e+00,1.28634e+00,9.78865e-02,6.18763e-02,1.81173e-01,3.94420e+00,2.06514e-02,6.99396e-02,1.49247e+01
8.52183e-02,2.21946e+00,1.16253e-02,2.35079e+00,2.27925e-02,6.67571e-02,1.31126e-01,1.14162e+00,4.25266e-01,9.18480e-01,1.96524e-02,4.67092e+00,1.18738e+00,9.47028e-02,5.85892e-02,1.86982e-01,3.67164e+00,2.05185e-02,6.83728e-02,1.41382e+01
8.25140e-02,2.21474e+00,1.15891e-02,2.31812e+00,2.26892e-02,6.51975e-02,1.32578e-01,1.11198e+00,3.98503e-01,9.55115e-01,2.00089e-02,4.61475e+00,1.09829e+00,9.18497e-02,5.55326e-02,1.94209e-01,3.41693e+00,2.03939e-02,6.67810e-02,1.33761e+01
8.00710e-02,2.20948e+00,1.15675e-02,2.28115e+00,2.25910e-02,6.36200e-02,1.34401e-01,1.08301e+00,3.73703e-01,1.01780e+00,2.03678e-02,4.55104e+00,1.01808e+00,8.93016e-02,5.27168e-02,1.19782e+00,3.17846e+00,2.02573e-02,6.52178e-02,1.26161e+01
7.78806e-02,2.20295e+00,1.15637e-02,2.24074e+00,2.25083e-02,6.20323e-02,1.36551e-01,1.05467e+00,3.50845e-01,1.12682e+00,2.07151e-02,4.48109e+00,9.45913e-01,8.70387e-02,5.01255e-02,1.80659e+01,2.95484e+00,2.01236e-02,6.37113e-02,1.18460e+01
7.59237e-02,2.19484e+00,1.15712e-02,2.19775e+00,2.24473e-02,6.04457e-02,1.38969e-01,1.02688e+00,3.29787e-01,1.31197e+00,2.10428e-02,4.40599e+00,8.80867e-01,8.50332e-02,4.77480e-02,3.43730e+01,2.74491e+00,1.99857e-02,6.22630e-02,1.10808e+01
7.41636e-02,2.18483e+00,1.15840e-02,2.15304e+00,2.23965e-02,5.88685e-02,1.41594e-01,9.99660e-01,3.10453e-01,1.60372e+00,2.13531e-02,4.32751e+00,8.22199e-01,8.32576e-02,4.55752e-02,5.00223e+01,2.54786e+00,1.98571e-02,6.08820e-02,1.03523e+01
7.26048e-02,2.17243e+00,1.16002e-02,2.10728e+00,2.23502e-02,5.73251e-02,1.44367e-01,9.72949e-01,2.92744e-01,2.01581e+00,2.16349e-02,4.24662e+00,7.69225e-01,8.17075e-02,4.35985e-02,6.36191e+01,2.36319e+00,1.97392e-02,5.95843e-02,9.68080e+00
7.12196e-02,2.15760e+00,1.16127e-02,2.06092e+00,2.23179e-02,5.57923e-02,1.47215e-01,9.46666e-01,2.76548e-01,2.53249e+00,2.18816e-02,4.16476e+00,7.21309e-01,8.03385e-02,4.18074e-02,7.12644e+01,2.19025e+00,1.96302e-02,5.83701e-02,9.06582e+00
6.99880e-02,2.14020e+00,1.16272e-02,2.01458e+00,2.22790e-02,5.43247e-02,1.50072e-01,9.20907e-01,2.61792e-01,3.11183e+00,2.21054e-02,4.08297e+00,6.77934e-01,7.91427e-02,4.01862e-02,7.27364e+01,2.02868e+00,1.95396e-02,5.72011e-02,8.49695e+00
6.89003e-02,2.12027e+00,1.16468e-02,1.96862e+00,2.22484e-02,5.28768e-02,1.52864e-01,8.95494e-01,2.48360e-01,3.70019e+00,2.22947e-02,4.00196e+00,6.38614e-01,7.81010e-02,3.87301e-02,7.44385e+01,1.87814e+00,1.94420e-02,5.61162e-02,7.96478e+00
6.79481e-02,2.09781e+00,1.16620e-02,1.92332e+00,2.22294e-02,5.14776e-02,1.55514e-01,8.70597e-01,2.36132e-01,4.24952e+00,2.24538e-02,3.92347e+00,6.02900e-01,7.71930e-02,3.74130e-02,7.82536e+01,1.73823e+00,1.93807e-02,5.51187e-02,7.46217e+00
6.71155e-02,2.07312e+00,1.16750e-02,1.87887e+00,2.22032e-02,5.01210e-02,1.57940e-01,8.46144e-01,2.25008e-01,4.72803e+00,2.25827e-02,3.84802e+00,5.70409e-01,7.64098e-02,3.62419e-02,8.10138e+01,1.60858e+00,1.93100e-02,5.41562e-02,6.98893e+00
6.63971e-02,2.04630e+00,1.16913e-02,1.83546e+00,2.21753e-02,4.88043e-02,1.60144e-01,8.22304e-01,2.14927e-01,5.12102e+00,2.26798e-02,3.77645e+00,5.40887e-01,7.57350e-02,3.51946e-02,8.31240e+01,1.48875e+00,1.92671e-02,5.32384e-02,6.54571e+00
6.57817e-02,2.01763e+00,1.17113e-02,1.79314e+00,2.21535e-02,4.75431e-02,1.62035e-01,7.99042e-01,2.05791e-01,5.42502e+00,2.27483e-02,3.70985e+00,5.13973e-01,7.51694e-02,3.42619e-02,8.29814e+01,1.37829e+00,1.92222e-02,5.23731e-02,6.13594e+00
6.52539e-02,1.98746e+00,1.17382e-02,1.75199e+00,2.21393e-02,4.63187e-02,1.63600e-01,7.76514e-01,1.97503e-01,5.64124e+00,2.27880e-02,3.64914e+00,4.89432e-01,7.46959e-02,3.34310e-02,8.12063e+01,1.27677e+00,1.91837e-02,5.15401e-02,5.76105e+00
6.48072e-02,1.95633e+00,1.17643e-02,1.71212e+00,2.21191e-02,4.51369e-02,1.64835e-01,7.54540e-01,1.90004e-01,5.77222e+00,2.28021e-02,3.59516e+00,4.67058e-01,7.43097e-02,3.26934e-02,7.93000e+01,1.18354e+00,1.91582e-02,5.07278e-02,5.42082e+00
6.44247e-02,1.92433e+00,1.17933e-02,1.67337e+00,2.20982e-02,4.40026e-02,1.65735e-01,7.33378e-01,1.83226e-01,5.82051e+00,2.27894e-02,3.54978e+00,4.46660e-01,7.40021e-02,3.20400e-02,7.80453e+01,1.09825e+00,1.91373e-02,4.99394e-02,5.11469e+00
6.41139e-02,1.89212e+00,1.18178e-02,1.63590e+00,2.20826e-02,4.29060e-02,1.66302e-01,7.13024e-01,1.77130e-01,5.79026e+00,2.27530e-02,3.51505e+00,4.28017e-01,7.37599e-02,3.14608e-02,7.44322e+01,1.02020e+00,1.91282e-02,4.91717e-02,4.84029e+00
6.38714e-02,1.86002e+00,1.18421e-02,1.59950e+00,2.20559e-02,4.18639e-02,1.66555e-01,6.93687e-01,1.71643e-01,5.68804e+00,2.26845e-02,3.49399e+00,4.10988e-01,7.35709e-02,3.09573e-02,6.97674e+01,9.48901e-01,1.91169e-02,4.84293e-02,4.59590e+00
6.36822e-02,1.82846e+00,1.18640e-02,1.56423e+00,2.20329e-02,4.08497e-02,1.66499e-01,6.75203e-01,1.66686e-01,5.52432e+00,2.25924e-02,3.49058e+00,3.95464e-01,7.34375e-02,3.05191e-02,6.45914e+01,8.83875e-01,1.91108e-02,4.76929e-02,4.37854e+00
6.35380e-02,1.79799e+00,1.18838e-02,1.53004e+00,2.20198e-02,3.99009e-02,1.66170e-01,6.57719e-01,1.62237e-01,5.31332e+00,2.24701e-02,3.51045e+00,3.81286e-01,7.33549e-02,3.01368e-02,5.97652e+01,8.24514e-01,1.91098e-02,4.69682e-02,4.18680e+00
6.34465e-02,1.76897e+00,1.19030e-02,1.49681e+00,2.20128e-02,3.89698e-02,1.65582e-01,6.41399e-01,1.58288e-01,5.07180e+00,2.23107e-02,3.55979e+00,3.68333e-01,7.33152e-02,2.98144e-02,5.57369e+01,7.70388e-01,1.91064e-02,4.62483e-02,4.01789e+00
6.33915e-02,1.74175e+00,1.19249e-02,1.46452e+00,2.19964e-02,3.81000e-02,1.64763e-01,6.26244e-01,1.54753e-01,4.81722e+00,2.21215e-02,3.64605e+00,3.56526e-01,7.33194e-02,2.95406e-02,5.15475e+01,7.20958e-01,1.91188e-02,4.55661e-02,3.86991e+00
6.33847e-02,1.71664e+00,1.19457e-02,1.43314e+00,2.19749e-02,3.72628e-02,1.63725e-01,6.12395e-01,1.51577e-01,4.56540e+00,2.18997e-02,3.77573e+00,3.45732e-01,7.33543e-02,2.93058e-02,4.66402e+01,6.75872e-01,1.91278e-02,4.48876e-02,3.74054e+00
6.34037e-02,1.69422e+00,1.19670e-02,1.40272e+00,2.19509e-02,3.64836e-02,1.62476e-01,5.99910e-01,1.48813e-01,4.32902e+00,2.16549e-02,3.95411e+00,3.35949e-01,7.34293e-02,2.91196e-02,4.04610e+01,6.34672e-01,1.91347e-02,4.42380e-02,3.62758e+00
6.34419e-02,1.67467e+00,1.19801e-02,1.37303e+00,2.19274e-02,3.57440e-02,1.61018e-01,5.88757e-01,1.46347e-01,4.11678e+00,2.13859e-02,4.18214e+00,3.27005e-01,7.35330e-02,2.89661e-02,3.48459e+01,5.97045e-01,1.91440e-02,4.35955e-02,3.52857e+00
6.35012e-02,1.65842e+00,1.19949e-02,1.34410e+00,2.19137e-02,3.50359e-02,1.59360e-01,5.79204e-01,1.44181e-01,3.93368e+00,2.10892e-02,4.45677e+00,3.18888e-01,7.36595e-02,2.88437e-02,3.15048e+01,5.62602e-01,1.91537e-02,4.29736e-02,3.44150e+00
6.35863e-02,1.64589e+00,1.20104e-02,1.31602e+00,2.18940e-02,3.43882e-02,1.57500e-01,5.71245e-01,1.42297e-01,3.78203e+00,2.07728e-02,4.76956e+00,3.11556e-01,7.38026e-02,2.87398e-02,2.87053e+01,5.31105e-01,1.91647e-02,4.23685e-02,3.36404e+00
6.36923e-02,1.63738e+00,1.20253e-02,1.28883e+00,2.18768e-02,3.37598e-02,1.55447e-01,5.64918e-01,1.40646e-01,3.66193e+00,2.04335e-02,5.10863e+00,3.04914e-01,7.39608e-02,2.86647e-02,2.64336e+01,5.02200e-01,1.91791e-02,4.17748e-02,3.29397e+00
6.38021e-02,1.63319e+00,1.20338e-02,1.26239e+00,2.18535e-02,3.31927e-02,1.53193e-01,5.60236e-01,1.39257e-01,3.57195e+00,2.00780e-02,5.45892e+00,2.98950e-01,7.41473e-02,2.86038e-02,2.45625e+01,4.75678e-01,1.91931e-02,4.11958e-02,3.22964e+00
6.39373e-02,1.63370e+00,1.20402e-02,1.23662e+00,2.18291e-02,3.26519e-02,1.50749e-01,5.57284e-01,1.38063e-01,3.50960e+00,1.97192e-02,5.80561e+00,2.93574e-01,7.43386e-02,2.85576e-02,2.30163e+01,4.51349e-01,1.92047e-02,4.06413e-02,3.16928e+00
6.40729e-02,1.63905e+00,1.20490e-02,1.21165e+00,2.18075e-02,3.21498e-02,1.48114e-01,5.56017e-01,1.37039e-01,3.47172e+00,1.93450e-02,6.13495e+00,2.88761e-01,7.45472e-02,2.85273e-02,2.15355e+01,4.28972e-01,1.92119e-02,4.01033e-02,3.11136e+00
6.42178e-02,1.64982e+00,1.20614e-02,1.18759e+00,2.17863e-02,3.16931e-02,1.45326e-01,5.56393e-01,1.36215e-01,3.45447e+00,1.89633e-02,6.43498e+00,2.84473e-01,7.47692e-02,2.85017e-02,1.95530e+01,4.08387e-01,1.92186e-02,3.95747e-02,3.05477e+00
6.43817e-02,1.66585e+00,1.20756e-02,1.16442e+00,2.17642e-02,3.12667e-02,1.42399e-01,5.58238e-01,1.35533e-01,3.45376e+00,1.85774e-02,6.69675e+00,2.80652e-01,7.49879e-02,2.84858e-02,1.76028e+01,3.89417e-01,1.92281e-02,3.90857e-02,2.99842e+00
6.45402e-02,1.68768e+00,1.20851e-02,1.14213e+00,2.17421e-02,3.08910e-02,1.39338e-01,5.61530e-01,1.34983e-01,3.46527e+00,1.81928e-02,6.91371e+00,2.77282e-01,7.52099e-02,2.84773e-02,1.60232e+01,3.71943e-01,1.92371e-02,3.86025e-02,2.94171e+00
6.46985e-02,1.71508e+00,1.20909e-02,1.12064e+00,2.17238e-02,3.05412e-02,1.36179e-01,5.66015e-01,1.34562e-01,3.48449e+00,1.78154e-02,7.08239e+00,2.74276e-01,7.54405e-02,2.84729e-02,1.49753e+01,3.55822e-01,1.92434e-02,3.81266e-02,2.88398e+00
6.48643e-02,1.74821e+00,1.20955e-02,1.10023e+00,2.16999e-02,3.02339e-02,1.32955e-01,5.71450e-01,1.34234e-01,3.50756e+00,1.74450e-02,7.20077e+00,2.71648e-01,7.56751e-02,2.84750e-02,1.42576e+01,3.40951e-01,1.92491e-02,3.76794e-02,2.82477e+00
6.50374e-02,1.78682e+00,1.20982e-02,1.08077e+00,2.16713e-02,2.99405e-02,1.29683e-01,5.77669e-01,1.34021e-01,3.53090e+00,1.70901e-02,7.26904e+00,2.69348e-01,7.59087e-02,2.84826e-02,1.36769e+01,3.27191e-01,1.92572e-02,3.72461e-02,2.76388e+00
6.52057e-02,1.83063e+00,1.20981e-02,1.06250e+00,2.16483e-02,2.96845e-02,1.26406e-01,5.84290e-01,1.33873e-01,3.55155e+00,1.67446e-02,7.28898e+00,2.67315e-01,7.61404e-02,2.84870e-02,1.31550e+01,3.14466e-01,1.92655e-02,3.68229e-02,2.70108e+00
6.53766e-02,1.87922e+00,1.21001e-02,1.04535e+00,2.16287e-02,2.94546e-02,1.23147e-01,5.91000e-01,1.33820e-01,3.56710e+00,1.64050e-02,7.26470e+00,2.65490e-01,7.63683e-02,2.84995e-02,1.26566e+01,3.02703e-01,1.92758e-02,3.64108e-02,2.63650e+00
6.55386e-02,1.93187e+00,1.20982e-02,1.02934e+00,2.16000e-02,2.92438e-02,1.19927e-01,5.97641e-01,1.33821e-01,3.57594e+00,1.60792e-02,7.20054e+00,2.63929e-01,7.66016e-02,2.85154e-02,1.21342e+01,2.91793e-01,1.92785e-02,3.60206e-02,2.57013e+00
6.56976e-02,1.98789e+00,1.20919e-02,1.01471e+00,2.15755e-02,2.90668e-02,1.16758e-01,6.03837e-01,1.33872e-01,3.57709e+00,1.57686e-02,7.10311e+00,2.62551e-01,7.68434e-02,2.85327e-02,1.14919e+01,2.81680e-01,1.92746e-02,3.56362e-02,2.50213e+00
6.58576e-02,2.04640e+00,1.20909e-02,1.00138e+00,2.15492e-02,2.88903e-02,1.13673e-01,6.09302e-01,1.33961e-01,3.57006e+00,1.54741e-02,6.97890e+00,2.61327e-01,7.70902e-02,2.85493e-02,1.07154e+01,2.72295e-01,1.92723e-02,3.52612e-02,2.43266e+00
6.60154e-02,2.10646e+00,1.20964e-02,9.89434e-01,2.15152e-02,2.87552e-02,1.10680e-01,6.13877e-01,1.34088e-01,3.55454e+00,1.51931e-02,6.83517e+00,2.60226e-01,7.73185e-02,2.85671e-02,1.00130e+01,2.63598e-01,1.92671e-02,3.49179e-02,2.36184e+00
6.61676e-02,2.16697e+00,1.20984e-02,9.79194e-01,2.14868e-02,2.86216e-02,1.07816e-01,6.17324e-01,1.34252e-01,3.53061e+00,1.49263e-02,6.67917e+00,2.59226e-01,7.75402e-02,2.85824e-02,9.47954e+00,2.55543e-01,1.92593e-02,3.46002e-02,2.29002e+00
6.63200e-02,2.22692e+00,1.20997e-02,9.72323e-01,2.14551e-02,2.85068e-02,1.05059e-01,6.19621e-01,1.34424e-01,3.49903e+00,1.46732e-02,6.51767e+00,2.58281e-01,7.77635e-02,2.85966e-02,9.05881e+00,2.48046e-01,1.92498e-02,3.42861e-02,2.21744e+00
6.64651e-02,2.28522e+00,1.20958e-02,9.84939e-01,2.14248e-02,2.84023e-02,1.02432e-01,6.20614e-01,1.34606e-01,3.46019e+00,1.44348e-02,6.35645e+00,2.57414e-01,7.79891e-02,2.86118e-02,8.69831e+00,2.41099e-01,1.92386e-02,3.39894e-02,2.14442e+00
6.66123e-02,2.34092e+00,1.20867e-02,1.20121e+00,2.13908e-02,2.83108e-02,9.99331e-02,6.20216e-01,1.34797e-01,3.41477e+00,1.42085e-02,6.20094e+00,2.56608e-01,7.82064e-02,2.86242e-02,8.37119e+00,2.34647e-01,1.92306e-02,3.37118e-02,2.07127e+00
6.67570e-02,2.39304e+00,1.20825e-02,2.95158e+00,2.13608e-02,2.82287e-02,9.75882e-02,6.18571e-01,1.34977e-01,3.36413e+00,1.40008e-02,6.05460e+00,2.55862e-01,7.84209e-02,2.86280e-02,8.06660e+00,2.28655e-01,1.92187e-02,3.34389e-02,1.99836e+00
6.69004e-02,2.44089e+00,1.20757e-02,7.85146e+00,2.13253e-02,2.81596e-02,9.53536e-02,6.15850e-01,1.35157e-01,3.30982e+00,1.38133e-02,5.92109e+00,2.55144e-01,7.86229e-02,2.86338e-02,7.77839e+00,2.23116e-01,1.92068e-02,3.31802e-02,1.92585e+00
6.70329e-02,2.48368e+00,1.20685e-02,1.42950e+01,2.12937e-02,2.80936e-02,9.32504e-02,6.12068e-01,1.35351e-01,3.25403e+00,1.36374e-02,5.80169e+00,2.54450e-01,7.88153e-02,2.86371e-02,7.50424e+00,2.17990e-01,1.92002e-02,3.29439e-02,1.85409e+00
6.71581e-02,2.52082e+00,1.20586e-02,2.08138e+01,2.12594e-02,2.80377e-02,9.12703e-02,6.07373e-01,1.35518e-01,3.20024e+00,1.34784e-02,5.69781e+00,2.54008e-01,7.90091e-02,2.86409e-02,7.24220e+00,2.13243e-01,1.91893e-02,3.27144e-02,1.78338e+00
6.72842e-02,2.55193e+00,1.20526e-02,2.73359e+01,2.12305e-02,2.79834e-02,8.94224e-02,6.02116e-01,1.35682e-01,3.15349e+00,1.33301e-02,5.60911e+00,2.57663e-01,7.91964e-02,2.86487e-02,6.99044e+00,2.08859e-01,1.91753e-02,3.24951e-02,1.71399e+00
6.74033e-02,2.57661e+00,1.20542e-02,3.36298e+01,2.11867e-02,2.79450e-02,8.76967e-02,5.96502e-01,1.35825e-01,3.12112e+00,1.31884e-02,5.53511e+00,2.60411e-01,7.93733e-02,2.86514e-02,6.74702e+00,2.04810e-01,1.91619e-02,3.22850e-02,1.64621e+00
6.75268e-02,2.59486e+00,1.20457e-02,3.95369e+01,2.11444e-02,2.79134e-02,8.60786e-02,5.90712e-01,1.35953e-01,3.11382e+00,1.30561e-02,5.47474e+00,2.64024e-01,7.95336e-02,2.86488e-02,6.50705e+00,2.01065e-01,1.91444e-02,3.21009e-02,1.58031e+00
6.76390e-02,2.60659e+00,1.20339e-02,4.45894e+01,2.11019e-02,2.78809e-02,8.45580e-02,5.85304e-01,1.36077e-01,3.14530e+00,1.29325e-02,5.42623e+00,2.69356e-01,7.96852e-02,2.86491e-02,6.26184e+00,1.97617e-01,1.91285e-02,3.19206e-02,1.51641e+00
6.77421e-02,2.61186e+00,1.20221e-02,4.78550e+01,2.10639e-02,2.78507e-02,8.31337e-02,5.80459e-01,1.36181e-01,3.23037e+00,1.28228e-02,5.38817e+00,2.71951e-01,7.98353e-02,2.86491e-02,5.99800e+00,1.94453e-01,1.91138e-02,3.17630e-02,1.45442e+00
6.78457e-02,2.61077e+00,1.20056e-02,4.95406e+01,2.10185e-02,2.78153e-02,8.18105e-02,5.76646e-01,1.36277e-01,3.38042e+00,1.27248e-02,5.35888e+00,2.71346e-01,7.99776e-02,2.86489e-02,5.70316e+00,1.91537e-01,1.90993e-02,3.16130e-02,1.39461e+00
6.79387e-02,2.60367e+00,1.19938e-02,5.03994e+01,2.09794e-02,2.77871e-02,8.05740e-02,5.74347e-01,1.36342e-01,3.59824e+00,1.26312e-02,5.33655e+00,2.68914e-01,8.01138e-02,2.86491e-02,5.38352e+00,1.88893e-01,1.90810e-02,3.14716e-02,1.33714e+00
6.80417e-02,2.59113e+00,1.19800e-02,5.12317e+01,2.09446e-02,2.77569e-02,7.94171e-02,5.73985e-01,1.36402e-01,3.87603e+00,1.25508e-02,5.32000e+00,2.65867e-01,8.02403e-02,2.86446e-02,5.07204e+00,1.86484e-01,1.90622e-02,3.13265e-02,1.28198e+00
6.81254e-02,2.57334e+00,1.19654e-02,5.24156e+01,2.09067e-02,2.77330e-02,7.83350e-02,5.76038e-01,1.36462e-01,4.19835e+00,1.24787e-02,5.30750e+00,2.63004e-01,8.03537e-02,2.86369e-02,4.79815e+00,1.84290e-01,1.90417e-02,3.12019e-02,1.22922e+00
6.81978e-02,2.55075e+00,1.19509e-02,5.36839e+01,2.08598e-02,2.77049e-02,7.73207e-02,5.81117e-01,1.36521e-01,4.54643e+00,1.24117e-02,5.29809e+00,2.60753e-01,8.04583e-02,2.86302e-02,4.56940e+00,1.82310e-01,1.90166e-02,3.10860e-02,1.17888e+00
6.82740e-02,2.52404e+00,1.19370e-02,5.48841e+01,2.08148e-02,2.76733e-02,7.63656e-02,5.89705e-01,1.36562e-01,4.90104e+00,1.23566e-02,5.29102e+00,2.59340e-01,8.05647e-02,2.86231e-02,4.37845e+00,1.80519e-01,1.89910e-02,3.09789e-02,1.13101e+00
6.83488e-02,2.49371e+00,1.19250e-02,5.59684e+01,2.07824e-02,2.76504e-02,7.54786e-02,6.02253e-01,1.36598e-01,5.24466e+00,1.23036e-02,5.28572e+00,2.58888e-01,8.06552e-02,2.86121e-02,4.21403e+00,1.78908e-01,1.89660e-02,3.08732e-02,1.08547e+00
6.84119e-02,2.46010e+00,1.19138e-02,5.66588e+01,2.07416e-02,2.76213e-02,7.46441e-02,6.19191e-01,1.36636e-01,5.56199e+00,1.22540e-02,5.28201e+00,2.59531e-01,8.07341e-02,2.85989e-02,4.06687e+00,1.77464e-01,1.89412e-02,3.07683e-02,1.04234e+00
6.84682e-02,2.42387e+00,1.19013e-02,5.67979e+01,2.06983e-02,2.75973e-02,7.38526e-02,6.40650e-01,1.36676e-01,5.84121e+00,1.22059e-02,5.28017e+00,2.61347e-01,8.08108e-02,2.85873e-02,3.92944e+00,1.76208e-01,1.89141e-02,3.06695e-02,1.00152e+00
6.85409e-02,2.38544e+00,1.18860e-02,5.64271e+01,2.06521e-02,2.75724e-02,7.31048e-02,6.66660e-01,1.36720e-01,6.07519e+00,1.21609e-02,5.28066e+00,2.64391e-01,8.08889e-02,2.85693e-02,3.79596e+00,1.75082e-01,1.88877e-02,3.05947e-02,9.62736e-01
6.86063e-02,2.34529e+00,1.18681e-02,5.57103e+01,2.06103e-02,2.75470e-02,7.24017e-02,6.96989e-01,1.36763e-01,6.26211e+00,1.21203e-02,5.28469e+00,2.68605e-01,8.09495e-02,2.85500e-02,3.66150e+00,1.74125e-01,1.88616e-02,3.05148e-02,9.26228e-01
6.86590e-02,2.30382e+00,1.18469e-02,5.49895e+01,2.05642e-02,2.75220e-02,7.17479e-02,7.31022e-01,1.36796e-01,6.40451e+00,1.20842e-02,5.29405e+00,2.73818e-01,8.10232e-02,2.85306e-02,3.52287e+00,1.73285e-01,1.88359e-02,3.04241e-02,8.91744e-01
6.87084e-02,2.26146e+00,1.18321e-02,5.44595e+01,2.05242e-02,2.74977e-02,7.11202e-02,7.67773e-01,1.36841e-01,6.50852e+00,1.20520e-02,5.31098e+00,2.79783e-01,8.10826e-02,2.85071e-02,3.37968e+00,1.72565e-01,1.88121e-02,3.03414e-02,8.59172e-01
6.87561e-02,2.21870e+00,1.18137e-02,5.38275e+01,2.04872e-02,2.74708e-02,7.05377e-02,8.06331e-01,1.36888e-01,6.58111e+00,1.20225e-02,5.33878e+00,2.86165e-01,8.11259e-02,2.84851e-02,3.23610e+00,1.71971e-01,1.87876e-02,3.02585e-02,8.28363e-01
6.88013e-02,2.17564e+00,1.17934e-02,5.27345e+01,2.04348e-02,2.74427e-02,6.99938e-02,8.45438e-01,1.36937e-01,6.62813e+00,1.19966e-02,5.38138e+00,2.92679e-01,8.11591e-02,2.84605e-02,3.09899e+00,1.71491e-01,1.87605e-02,3.01761e-02,7.99407e-01
6.88369e-02,2.13274e+00,1.17700e-02,5.11391e+01,2.03875e-02,2.74089e-02,6.94748e-02,8.83865e-01,1.36982e-01,6.65381e+00,1.19729e-02,5.44284e+00,2.99198e-01,8.11997e-02,2.84360e-02,2.97410e+00,1.71117e-01,1.87320e-02,3.01056e-02,7.72057e-01
6.88676e-02,2.09011e+00,1.17510e-02,4.92107e+01,2.03521e-02,2.73805e-02,6.89891e-02,9.20403e-01,1.37029e-01,6.66013e+00,1.19524e-02,5.52754e+00,3.05595e-01,8.12307e-02,2.84123e-02,2.86482e+00,1.70838e-01,1.87012e-02,3.00449e-02,7.46314e-01
6.88966e-02,2.04793e+00,1.17341e-02,4.70914e+01,2.03057e-02,2.73570e-02,6.85290e-02,9.54048e-01,1.37069e-01,6.64750e+00,1.19335e-02,5.63960e+00,3.11810e-01,8.12581e-02,2.83856e-02,2.77097e+00,1.70654e-01,1.86666e-02,2.99751e-02,7.22096e-01
6.89258e-02,2.00644e+00,1.17132e-02,4.49073e+01,2.02595e-02,2.73283e-02,6.81040e-02,9.84010e-01,1.37113e-01,6.61611e+00,1.19155e-02,5.78103e+00,3.17793e-01,8.12850e-02,2.83586e-02,2.69064e+00,1.70546e-01,1.86324e-02,2.99056e-02,6.99263e-01
6.89422e-02,1.96575e+00,1.16885e-02,4.28133e+01,2.02103e-02,2.73011e-02,6.76996e-02,1.00962e+00,1.37153e-01,6.56564e+00,1.18974e-02,5.95254e+00,3.23433e-01,8.13023e-02,2.83316e-02,2.62124e+00,1.70519e-01,1.86003e-02,2.98428e-02,6.77744e-01
6.89538e-02,1.92588e+00,1.16664e-02,4.08623e+01,2.01618e-02,2.72713e-02,6.73217e-02,1.03033e+00,1.37190e-01,6.49613e+00,1.18781e-02,6.15233e+00,3.28608e-01,8.13165e-02,2.83022e-02,2.56035e+00,1.70534e-01,1.85677e-02,2.97796e-02,6.57539e-01
6.89644e-02,1.88700e+00,1.16508e-02,3.89685e+01,2.01125e-02,2.72384e-02,6.69672e-02,1.04595e+00,1.37227e-01,6.40780e+00,1.18587e-02,6.37624e+00,3.33241e-01,8.13282e-02,2.82698e-02,2.50580e+00,1.70616e-01,1.85351e-02,2.97145e-02,6.38468e-01
6.89769e-02,1.84919e+00,1.16316e-02,3.70058e+01,2.00644e-02,2.72143e-02,6.66419e-02,1.05642e+00,1.37257e-01,6.30130e+00,1.18389e-02,6.61823e+00,3.37326e-01,8.13288e-02,2.82366e-02,2.45599e+00,1.70774e-01,1.85038e-02,2.96430e-02,6.20580e-01
6.89890e-02,1.81222e+00,1.16137e-02,3.48722e+01,2.00233e-02,2.71879e-02,6.63285e-02,1.06183e+00,1.37285e-01,6.17698e+00,1.18211e-02,6.87066e+00,3.40963e-01,8.13256e-02,2.82021e-02,2.40945e+00,1.70961e-01,1.84702e-02,2.95727e-02,6.03675e-01
6.89933e-02,1.77635e+00,1.15919e-02,3.25166e+01,1.99798e-02,2.71521e-02,6.60364e-02,1.06236e+00,1.37309e-01,6.03546e+00,1.18070e-02,7.12564e+00,3.44247e-01,8.13107e-02,2.81711e-02,2.36543e+00,1.71193e-01,1.84338e-02,2.95067e-02,5.87753e-01
6.90027e-02,1.74158e+00,1.15726e-02,2.99861e+01,1.99418e-02,2.71153e-02,6.57646e-02,1.05833e+00,1.37320e-01,5.87767e+00,1.17918e-02,7.37516e+00,3.47373e-01,8.12944e-02,2.81435e-02,2.32318e+00,1.71471e-01,1.83976e-02,2.94417e-02,5.72825e-01
6.90066e-02,1.70792e+00,1.15536e-02,2.74802e+01,1.98982e-02,2.70755e-02,6.55118e-02,1.05008e+00,1.37315e-01,5.70479e+00,1.17778e-02,7.61184e+00,3.50399e-01,8.12763e-02,2.81103e-02,2.28210e+00,1.71779e-01,1.83625e-02,2.93769e-02,5.58709e-01
6.90331e-02,1.67524e+00,1.15397e-02,2.52560e+01,1.98505e-02,2.70417e-02,6.52807e-02,1.03794e+00,1.37306e-01,5.51829e+00,1.17661e-02,7.82972e+00,3.53378e-01,8.12470e-02,2.80760e-02,2.24196e+00,1.72119e-01,1.83276e-02,2.93369e-02,5.45481e-01
6.90627e-02,1.64370e+00,1.15212e-02,2.34267e+01,1.98012e-02,2.70068e-02,6.50706e-02,1.02262e+00,1.37293e-01,5.32049e+00,1.17503e-02,8.02418e+00,3.56158e-01,8.12108e-02,2.80449e-02,2.20220e+00,1.72479e-01,1.82932e-02,2.92808e-02,5.32954e-01
6.90894e-02,1.61368e+00,1.14990e-02,2.19201e+01,1.97551e-02,2.69742e-02,6.48662e-02,1.00442e+00,1.37283e-01,5.11382e+00,1.17288e-02,8.19229e+00,3.58626e-01,8.11760e-02,2.80134e-02,2.16262e+00,1.72864e-01,1.82602e-02,2.92271e-02,5.21273e-01
6.91319e-02,1.58604e+00,1.14772e-02,2.06248e+01,1.97199e-02,2.69411e-02,6.46688e-02,9.83742e-01,1.37258e-01,4.90089e+00,1.17051e-02,8.33261e+00,3.60532e-01,8.11413e-02,2.79837e-02,2.12318e+00,1.73244e-01,1.82278e-02,2.91762e-02,5.10171e-01
6.91918e-02,1.56472e+00,1.14534e-02,1.94969e+01,1.96781e-02,2.69060e-02,6.44895e-02,9.61114e-01,1.37225e-01,4.68442e+00,1.16816e-02,8.44508e+00,3.61646e-01,8.10989e-02,2.79486e-02,2.08373e+00,1.73660e-01,1.81959e-02,2.91172e-02,4.99875e-01
6.92457e-02,1.56693e+00,1.14287e-02,1.85096e+01,1.96263e-02,2.68715e-02,6.43262e-02,9.36912e-01,1.37186e-01,4.46757e+00,1.16615e-02,8.53082e+00,3.61846e-01,8.10636e-02,2.79126e-02,2.04425e+00,1.74088e-01,1.81625e-02,2.90561e-02,4.90098e-01
6.93166e-02,1.69171e+00,1.14046e-02,1.76294e+01,1.95829e-02,2.68298e-02,6.41654e-02,9.11546e-01,1.37147e-01,4.25279e+00,1.16419e-02,8.59090e+00,3.61004e-01,8.10188e-02,2.78808e-02,2.00458e+00,1.74504e-01,1.81299e-02,2.89838e-02,4.81017e-01
6.93918e-02,2.49900e+00,1.13848e-02,1.68235e+01,1.95404e-02,2.67926e-02,6.40266e-02,8.85405e-01,1.37100e-01,4.04245e+00,1.16208e-02,8.62758e+00,3.59099e-01,8.09741e-02,2.78478e-02,1.96465e+00,1.74920e-01,1.80928e-02,2.89243e-02,4.72423e-01
6.94637e-02,5.15381e+00,1.13610e-02,1.60474e+01,1.94977e-02,2.67558e-02,6.38899e-02,8.58783e-01,1.37046e-01,3.83856e+00,1.16002e-02,8.64230e+00,3.56211e-01,8.09294e-02,2.78135e-02,1.92447e+00,1.75340e-01,1.80577e-02,2.88571e-02,4.64496e-01
6.95310e-02,9.32623e+00,1.13368e-02,1.52488e+01,1.94548e-02,2.67206e-02,6.37579e-02,8.31979e-01,1.36980e-01,3.64278e+00,1.15831e-02,8.63643e+00,3.52441e-01,8.08916e-02,2.77763e-02,1.88419e+00,1.75770e-01,1.80253e-02,2.87918e-02,4.56999e-01
6.96011e-02,1.36279e+01,1.13104e-02,1.44047e+01,1.94142e-02,2.66892e-02,6.36384e-02,8.05216e-01,1.36903e-01,3.45641e+00,1.15670e-02,8.61111e+00,3.47957e-01,8.08506e-02,2.77356e-02,1.84375e+00,1.76194e-01,1.79890e-02,2.87388e-02,4.50099e-01
6.96756e-02,1.77638e+01,1.12886e-02,1.35442e+01,1.93640e-02,2.66538e-02,6.35333e-02,7.78766e-01,1.36822e-01,3.27987e+00,1.15496e-02,8.56773e+00,3.42932e-01,8.08083e-02,2.76938e-02,1.80318e+00,1.76614e-01,1.79489e-02,2.86835e-02,4.43643e-01
6.97479e-02,2.18701e+01,1.12700e-02,1.27243e+01,1.93160e-02,2.66170e-02,6.34318e-02,7.52731e-01,1.36743e-01,3.11376e+00,1.15313e-02,8.50680e+00,3.37577e-01,8.07654e-02,2.76541e-02,1.76248e+00,1.76999e-01,1.79089e-02,2.86257e-02,4.37741e-01
6.97992e-02,2.59513e+01,1.12466e-02,1.19928e+01,1.92692e-02,2.65774e-02,6.33344e-02,7.27264e-01,1.36643e-01,2.95802e+00,1.15124e-02,8.42890e+00,3.31991e-01,8.07197e-02,2.76130e-02,1.72175e+00,1.77405e-01,1.78702e-02,2.85702e-02,4.32203e-01
6.98303e-02,2.97601e+01,1.12295e-02,1.13769e+01,1.92248e-02,2.65377e-02,6.32405e-02,7.02565e-01,1.36538e-01,2.81249e+00,1.14946e-02,8.33478e+00,3.26318e-01,8.06678e-02,2.75685e-02,1.68103e+00,1.77789e-01,1.78336e-02,2.85096e-02,4.27226e-01
6.98477e-02,3.34026e+01,1.12054e-02,1.08769e+01,1.91801e-02,2.64967e-02,6.31524e-02,6.78557e-01,1.36435e-01,2.67700e+00,1.14765e-02,8.22496e+00,3.20655e-01,8.06174e-02,2.75242e-02,1.64034e+00,1.78170e-01,1.77970e-02,2.84503e-02,4.22631e-01
6.98375e-02,3.66594e+01,1.11772e-02,1.04713e+01,1.91379e-02,2.64563e-02,6.30695e-02,6.55387e-01,1.36325e-01,2.55091e+00,1.14524e-02,8.10027e+00,3.15122e-01,8.05570e-02,2.74810e-02,1.59982e+00,1.78530e-01,1.77584e-02,2.83884e-02,4.18544e-01
6.98056e-02,3.89536e+01,1.11500e-02,1.01317e+01,1.90981e-02,2.64096e-02,6.29914e-02,6.33139e-01,1.36207e-01,2.43354e+00,1.14282e-02,7.96156e+00,3.09766e-01,8.04805e-02,2.74399e-02,1.55952e+00,1.78888e-01,1.77238e-02,2.83241e-02,4.14846e-01
6.97468e-02,4.02684e+01,1.11230e-02,9.83443e+00,1.90576e-02,2.63672e-02,6.29227e-02,6.11787e-01,1.36083e-01,2.32439e+00,1.14081e-02,7.80960e+00,3.04606e-01,8.04017e-02,2.73922e-02,1.51939e+00,1.79233e-01,1.76906e-02,2.82555e-02,4.11533e-01
6.96496e-02,4.09592e+01,1.10993e-02,9.56099e+00,1.90082e-02,2.63207e-02,6.28524e-02,5.91332e-01,1.35956e-01,2.22291e+00,1.13897e-02,7.64518e+00,2.99712e-01,8.03159e-02,2.73504e-02,1.47953e+00,1.79558e-01,1.76513e-02,2.81882e-02,4.08704e-01
6.95186e-02,4.13553e+01,1.10805e-02,9.29673e+00,1.89549e-02,2.62758e-02,6.27814e-02,5.71854e-01,1.35817e-01,2.12850e+00,1.13761e-02,7.46975e+00,2.95079e-01,8.02173e-02,2.73137e-02,1.44024e+00,1.79876e-01,1.76103e-02,2.81349e-02,4.06210e-01
6.93769e-02,4.17830e+01,1.10602e-02,9.02872e+00,1.89122e-02,2.62296e-02,6.27125e-02,5.53230e-01,1.35668e-01,2.04032e+00,1.13604e-02,7.28475e+00,2.90735e-01,8.01018e-02,2.72736e-02,1.40135e+00,1.80176e-01,1.75721e-02,2.80747e-02,4.04085e-01
6.92018e-02,4.24559e+01,1.10407e-02,8.74661e+00,1.88732e-02,2.61830e-02,6.26441e-02,5.35568e-01,1.35523e-01,1.95800e+00,1.13407e-02,7.09142e+00,2.86679e-01,7.99809e-02,2.72339e-02,1.36286e+00,1.80453e-01,1.75332e-02,2.80020e-02,4.02344e-01
6.90234e-02,4.33250e+01,1.10180e-02,8.44264e+00,1.88336e-02,2.61374e-02,6.25720e-02,5.18818e-01,1.35367e-01,1.88102e+00,1.13207e-02,6.89165e+00,2.82906e-01,7.98609e-02,2.71935e-02,1.32509e+00,1.80734e-01,1.74934e-02,2.79294e-02,4.00920e-01
6.88218e-02,4.41703e+01,1.09941e-02,8.11849e+00,1.87870e-02,2.60883e-02,6.25084e-02,5.02911e-01,1.35206e-01,1.80886e+00,1.12992e-02,6.68710e+00,2.79458e-01,7.97202e-02,2.71508e-02,1.28799e+00,1.80991e-01,1.74544e-02,2.78573e-02,3.99866e-01
6.86266e-02,4.49449e+01,1.09709e-02,7.78755e+00,1.87433e-02,2.60405e-02,6.24408e-02,4.87903e-01,1.35038e-01,1.74113e+00,1.12758e-02,6.48089e+00,2.76265e-01,7.95918e-02,2.71050e-02,1.25160e+00,1.81235e-01,1.74181e-02,2.77923e-02,3.99127e-01
6.84099e-02,4.56959e+01,1.09437e-02,7.46867e+00,1.87084e-02,2.59890e-02,6.23774e-02,4.73728e-01,1.34873e-01,1.67738e+00,1.12525e-02,6.27778e+00,2.73379e-01,7.94496e-02,2.70645e-02,1.21580e+00,1.81454e-01,1.73803e-02,2.77251e-02,3.98641e-01
6.81840e-02,4.63237e+01,1.09150e-02,7.17718e+00,1.86585e-02,2.59401e-02,6.23130e-02,4.60414e-01,1.34707e-01,1.61738e+00,1.12299e-02,6.08889e+00,2.70769e-01,7.93070e-02,2.70198e-02,1.18089e+00,1.81663e-01,1.73425e-02,2.76559e-02,3.98564e-01
6.79705e-02,4.66968e+01,1.08877e-02,6.91903e+00,1.86125e-02,2.59010e-02,6.22520e-02,4.47850e-01,1.34527e-01,1.56077e+00,1.12083e-02,5.94274e+00,2.68398e-01,7.91609e-02,2.69739e-02,1.14678e+00,1.81875e-01,1.73044e-02,2.75782e-02,3.98674e-01
6.77713e-02,4.67817e+01,1.08586e-02,6.69262e+00,1.85711e-02,2.58571e-02,6.21915e-02,4.36023e-01,1.34348e-01,1.50726e+00,1.11881e-02,5.91859e+00,2.66260e-01,7.90133e-02,2.69319e-02,1.11349e+00,1.82065e-01,1.72639e-02,2.75072e-02,3.99170e-01
6.75614e-02,4.66126e+01,1.08363e-02,6.49243e+00,1.85281e-02,2.58141e-02,6.21207e-02,4.25055e-01,1.34163e-01,1.45677e+00,1.11692e-02,6.21880e+00,2.64327e-01,7.88698e-02,2.68856e-02,1.08113e+00,1.82241e-01,1.72227e-02,2.74425e-02,3.99930e-01
6.73606e-02,4.62440e+01,1.08149e-02,6.31198e+00,1.84836e-02,2.57641e-02,6.20454e-02,4.14648e-01,1.33968e-01,1.40898e+00,1.11516e-02,7.17667e+00,2.62601e-01,7.87280e-02,2.68405e-02,1.04965e+00,1.82396e-01,1.71836e-02,2.73819e-02,4.00972e-01
6.71867e-02,4.57626e+01,1.07941e-02,6.14692e+00,1.84398e-02,2.57150e-02,6.19770e-02,4.05052e-01,1.33773e-01,1.36378e+00,1.11327e-02,8.98846e+00,2.61032e-01,7.85886e-02,2.67964e-02,1.01908e+00,1.82556e-01,1.71457e-02,2.73180e-02,4.02319e-01
6.70072e-02,4.53200e+01,1.07699e-02,5.99320e+00,1.83948e-02,2.56690e-02,6.19120e-02,3.96106e-01,1.33579e-01,1.32100e+00,1.11118e-02,1.14867e+01,2.59629e-01,7.84469e-02,2.67507e-02,9.89681e-01,1.82689e-01,1.71080e-02,2.72515e-02,4.03986e-01
6.68465e-02,4.49930e+01,1.07462e-02,5.84804e+00,1.83524e-02,2.56217e-02,6.18419e-02,3.87814e-01,1.33380e-01,1.28081e+00,1.10920e-02,1.43657e+01,2.58364e-01,7.83032e-02,2.67069e-02,9.61025e-01,1.82795e-01,1.70725e-02,2.71853e-02,4.05920e-01
6.67005e-02,4.46654e+01,1.07235e-02,5.70993e+00,1.83137e-02,2.55759e-02,6.17769e-02,3.80140e-01,1.33182e-01,1.24268e+00,1.10711e-02,1.74183e+01,2.57212e-01,7.81706e-02,2.66611e-02,9.33382e-01,1.82910e-01,1.70390e-02,2.71235e-02,4.08048e-01
6.65559e-02,4.41506e+01,1.06984e-02,5.57768e+00,1.82763e-02,2.55354e-02,6.16991e-02,3.73044e-01,1.32984e-01,1.20677e+00,1.10453e-02,2.05395e+01,2.56144e-01,7.80385e-02,2.66138e-02,9.06748e-01,1.83021e-01,1.70039e-02,2.70599e-02,4.10388e-01
6.64227e-02,4.33517e+01,1.06712e-02,5.45022e+00,1.82332e-02,2.54913e-02,6.16284e-02,3.66563e-01,1.32776e-01,1.17304e+00,1.10229e-02,2.36524e+01,2.55171e-01,7.79093e-02,2.65688e-02,8.81023e-01,1.83106e-01,1.69657e-02,2.69932e-02,4.12777e-01
6.62885e-02,4.22968e+01,1.06411e-02,5.32654e+00,1.81971e-02,2.54473e-02,6.15499e-02,3.60560e-01,1.32570e-01,1.14107e+00,1.10029e-02,2.66835e+01,2.54247e-01,7.77800e-02,2.65186e-02,8.56298e-01,1.83187e-01,1.69297e-02,2.69232e-02,4.15244e-01
6.61623e-02,4.10713e+01,1.06170e-02,5.20545e+00,1.81550e-02,2.54056e-02,6.14784e-02,3.55142e-01,1.32364e-01,1.11117e+00,1.09826e-02,2.95658e+01,2.53402e-01,7.76548e-02,2.64704e-02,8.32499e-01,1.83253e-01,1.68929e-02,2.68670e-02,4.17688e-01
6.60398e-02,3.97414e+01,1.05994e-02,5.08578e+00,1.81113e-02,2.53643e-02,6.13938e-02,3.50224e-01,1.32149e-01,1.08302e+00,1.09629e-02,3.21899e+01,2.52588e-01,7.75344e-02,2.64210e-02,8.09659e-01,1.83314e-01,1.68518e-02,2.68104e-02,4.19978e-01
6.59231e-02,3.83481e+01,1.05784e-02,4.96600e+00,1.80688e-02,2.53141e-02,6.13124e-02,3.45730e-01,1.31931e-01,1.05656e+00,1.09414e-02,3.43948e+01,2.51814e-01,7.74060e-02,2.63695e-02,7.87620e-01,1.83366e-01,1.68102e-02,2.67493e-02,4.22051e-01
6.58043e-02,3.69418e+01,1.05591e-02,4.84462e+00,1.80205e-02,2.52616e-02,6.12305e-02,3.41742e-01,1.31711e-01,1.03171e+00,1.09178e-02,3.60637e+01,2.51084e-01,7.72789e-02,2.63185e-02,7.66560e-01,1.83402e-01,1.67683e-02,2.66832e-02,4.23856e-01
6.56905e-02,3.55841e+01,1.05369e-02,4.71996e+00,1.79717e-02,2.52120e-02,6.11466e-02,3.38192e-01,1.31488e-01,1.00842e+00,1.08942e-02,3.72043e+01,2.50395e-01,7.71438e-02,2.62709e-02,7.46368e-01,1.83424e-01,1.67270e-02,2.66200e-02,4.25371e-01
6.55799e-02,3.42984e+01,1.05112e-02,4.59031e+00,1.79256e-02,2.51688e-02,6.10591e-02,3.34953e-01,1.31263e-01,9.86723e-01,1.08740e-02,3.79332e+01,2.49736e-01,7.70048e-02,2.62218e-02,7.26906e-01,1.83447e-01,1.66888e-02,2.65490e-02,4.26551e-01
6.54726e-02,3.30548e+01,1.04859e-02,4.45496e+00,1.78825e-02,2.51192e-02,6.09760e-02,3.32124e-01,1.31040e-01,9.66239e-01,1.08529e-02,3.84209e+01,2.49111e-01,7.68672e-02,2.61703e-02,7.08453e-01,1.83463e-01,1.66547e-02,2.64760e-02,4.27423e-01
6.53633e-02,3.18021e+01,1.04632e-02,4.31464e+00,1.78421e-02,2.50689e-02,6.08918e-02,3.29650e-01,1.30822e-01,9.47272e-01,1.08285e-02,3.88383e+01,2.48495e-01,7.67278e-02,2.61222e-02,6.90616e-01,1.83459e-01,1.66191e-02,2.64081e-02,4.28029e-01
6.52576e-02,3.04899e+01,1.04437e-02,4.17180e+00,1.77986e-02,2.50209e-02,6.08086e-02,3.27477e-01,1.30599e-01,9.29387e-01,1.08044e-02,3.93075e+01,2.47919e-01,7.65801e-02,2.60672e-02,6.73682e-01,1.83441e-01,1.65794e-02,2.63402e-02,4.28408e-01
6.51406e-02,2.90835e+01,1.04217e-02,4.03017e+00,1.77522e-02,2.49744e-02,6.07264e-02,3.25623e-01,1.30370e-01,9.12662e-01,1.07823e-02,3.98666e+01,2.47324e-01,7.64392e-02,2.60130e-02,6.57409e-01,1.83421e-01,1.65410e-02,2.62738e-02,4.28601e-01
6.50240e-02,2.75661e+01,1.04004e-02,3.89380e+00,1.77069e-02,2.49294e-02,6.06402e-02,3.23935e-01,1.30135e-01,8.97061e-01,1.07649e-02,4.04843e+01,2.46770e-01,7.62978e-02,2.59626e-02,6.41915e-01,1.83396e-01,1.65050e-02,2.62134e-02,4.28744e-01
6.49116e-02,2.59467e+01,1.03795e-02,3.76607e+00,1.76698e-02,2.48835e-02,6.05511e-02,3.22498e-01,1.29893e-01,8.82413e-01,1.07488e-02,4.11132e+01,2.46217e-01,7.61599e-02,2.59163e-02,6.27111e-01,1.83354e-01,1.64673e-02,2.61556e-02,4.28940e-01
6.47969e-02,2.42798e+01,1.03561e-02,3.64872e+00,1.76269e-02,2.48374e-02,6.04701e-02,3.21243e-01,1.29652e-01,8.68720e-01,1.07291e-02,4.17194e+01,2.45677e-01,7.60141e-02,2.58694e-02,6.12944e-01,1.83316e-01,1.64279e-02,2.60942e-02,4.29290e-01
6.46771e-02,2.26640e+01,1.03332e-02,3.54236e+00,1.75871e-02,2.47901e-02,6.03770e-02,3.20175e-01,1.29411e-01,8.55896e-01,1.07082e-02,4.22656e+01,2.45128e-01,7.58643e-02,2.58201e-02,5.99539e-01,1.83271e-01,1.63885e-02,2.60354e-02,4.29872e-01
6.45636e-02,2.12006e+01,1.03097e-02,3.44641e+00,1.75421e-02,2.47397e-02,6.02866e-02,3.19273e-01,1.29177e-01,8.43888e-01,1.06851e-02,4.27007e+01,2.44599e-01,7.57246e-02,2.57758e-02,5.86624e-01,1.83214e-01,1.63482e-02,2.59742e-02,4.30772e-01
6.44482e-02,1.99403e+01,1.02835e-02,3.35920e+00,1.75019e-02,2.46873e-02,6.01846e-02,3.18395e-01,1.28930e-01,8.32627e-01,1.06597e-02,4.29769e+01,2.44089e-01,7.55835e-02,2.57319e-02,5.74408e-01,1.83150e-01,1.63068e-02,2.59112e-02,4.32085e-01
6.43334e-02,1.88661e+01,1.02593e-02,3.27894e+00,1.74612e-02,2.46389e-02,6.00939e-02,3.17621e-01,1.28686e-01,8.22081e-01,1.06338e-02,4.30712e+01,2.43571e-01,7.54367e-02,2.56864e-02,5.62729e-01,1.83077e-01,1.62671e-02,2.58561e-02,4.33816e-01
6.42223e-02,1.79288e+01,1.02342e-02,3.20366e+00,1.74202e-02,2.45912e-02,5.99969e-02,3.16995e-01,1.28448e-01,8.12173e-01,1.06084e-02,4.29928e+01,2.43046e-01,7.52896e-02,2.56358e-02,5.51561e-01,1.83019e-01,1.62289e-02,2.57985e-02,4.36031e-01
6.41046e-02,1.70905e+01,1.02114e-02,3.13163e+00,1.73788e-02,2.45430e-02,5.99076e-02,3.16395e-01,1.28201e-01,8.02821e-01,1.05831e-02,4.27795e+01,2.42500e-01,7.51373e-02,2.55831e-02,5.41014e-01,1.82925e-01,1.61936e-02,2.57471e-02,4.38714e-01
6.39732e-02,1.63353e+01,1.01885e-02,3.06132e+00,1.73314e-02,2.44937e-02,5.98182e-02,3.15753e-01,1.27957e-01,7.94099e-01,1.05619e-02,4.24890e+01,2.41964e-01,7.49835e-02,2.55346e-02,5.30857e-01,1.82854e-01,1.61604e-02,2.56860e-02,4.41875e-01
6.38469e-02,1.56520e+01,1.01669e-02,2.99135e+00,1.72948e-02,2.44536e-02,5.97280e-02,3.15179e-01,1.27705e-01,7.85816e-01,1.05452e-02,4.21839e+01,2.41430e-01,7.48296e-02,2.54853e-02,5.21317e-01,1.82766e-01,1.61266e-02,2.56258e-02,4.45472e-01
6.37214e-02,1.50266e+01,1.01469e-02,2.92086e+00,1.72566e-02,2.44089e-02,5.96412e-02,3.14644e-01,1.27444e-01,7.78127e-01,1.05758e-02,4.18994e+01,2.40889e-01,7.46780e-02,2.54357e-02,5.12161e-01,1.82693e-01,1.60894e-02,2.55762e-02,4.49466e-01
6.35976e-02,1.44434e+01,1.01258e-02,2.84944e+00,1.72183e-02,2.43602e-02,5.95480e-02,3.14035e-01,1.27188e-01,7.70806e-01,1.06273e-02,4.16189e+01,2.40334e-01,7.45213e-02,2.53877e-02,5.03462e-01,1.82611e-01,1.60505e-02,2.55270e-02,4.53758e-01
6.34668e-02,1.38873e+01,1.01052e-02,2.77727e+00,1.71809e-02,2.43090e-02,5.94487e-02,3.13425e-01,1.26933e-01,7.63940e-01,1.06800e-02,4.12806e+01,2.39778e-01,7.43615e-02,2.53402e-02,4.95222e-01,1.82520e-01,1.60128e-02,2.55626e-02,4.58303e-01
6.33422e-02,1.33404e+01,1.00828e-02,2.70477e+00,1.71407e-02,2.42578e-02,5.93477e-02,3.12784e-01,1.26851e-01,7.57456e-01,1.07020e-02,4.08154e+01,2.39242e-01,7.42084e-02,2.52890e-02,4.87425e-01,1.82595e-01,1.59765e-02,2.57010e-02,4.62932e-01
6.32100e-02,1.27846e+01,1.00624e-02,2.63286e+00,1.70976e-02,2.42122e-02,5.92424e-02,3.12240e-01,1.26781e-01,7.51376e-01,1.07044e-02,4.01838e+01,2.38696e-01,7.40506e-02,2.52357e-02,4.80094e-01,1.82684e-01,1.59702e-02,2.59087e-02,4.67576e-01
6.30860e-02,1.22109e+01,1.00379e-02,2.56263e+00,1.71125e-02,2.41695e-02,5.91465e-02,3.11717e-01,1.26716e-01,7.45617e-01,1.07101e-02,3.93859e+01,2.38169e-01,7.38953e-02,2.51835e-02,4.73222e-01,1.82757e-01,1.59987e-02,2.64630e-02,4.72198e-01
6.29611e-02,1.16271e+01,1.00118e-02,2.49536e+00,1.71415e-02,2.41206e-02,5.90536e-02,3.11142e-01,1.26694e-01,7.40193e-01,1.07171e-02,3.84507e+01,2.37630e-01,7.37496e-02,2.51306e-02,4.66823e-01,1.82804e-01,1.59939e-02,2.70245e-02,4.76618e-01
6.28330e-02,1.10533e+01,9.99122e-03,2.43179e+00,1.71635e-02,2.42768e-02,5.90095e-02,3.10498e-01,1.26688e-01,7.35077e-01,1.08104e-02,3.74171e+01,2.37096e-01,7.35997e-02,2.51122e-02,4.60862e-01,1.83196e-01,1.60037e-02,2.76854e-02,4.80728e-01
6.27049e-02,1.05122e+01,9.99250e-03,2.37327e+00,1.71877e-02,2.44479e-02,5.89740e-02,3.09863e-01,1.26686e-01,7.30178e-01,1.09582e-02,3.63242e+01,2.36593e-01,7.34496e-02,2.50860e-02,4.55365e-01,1.83533e-01,1.63224e-02,2.83150e-02,4.84603e-01
6.27644e-02,1.00241e+01,1.00848e-02,2.31923e+00,1.71843e-02,2.46453e-02,5.89473e-02,3.09176e-01,1.26858e-01,7.25578e-01,1.11368e-02,3.52082e+01,2.36095e-01,7.33562e-02,2.50673e-02,4.50223e-01,1.83698e-01,1.66250e-02,2.89626e-02,4.88112e-01
6.28864e-02,9.59745e+00,1.02378e-02,2.26919e+00,1.71831e-02,2.47726e-02,5.88717e-02,3.08566e-01,1.27383e-01,7.21210e-01,1.12625e-02,3.40982e+01,2.35597e-01,7.33228e-02,2.50637e-02,4.45581e-01,1.83728e-01,1.69299e-02,2.96277e-02,4.91254e-01
6.30073e-02,9.23196e+00,1.04249e-02,2.22324e+00,1.71900e-02,2.48431e-02,5.87928e-02,3.07952e-01,1.28391e-01,7.17053e-01,1.13613e-02,3.30102e+01,2.35094e-01,7.33638e-02,2.51485e-02,4.41315e-01,1.83631e-01,1.74734e-02,3.03930e-02,4.93967e-01
6.31681e-02,8.92065e+00,1.06079e-02,2.18119e+00,1.72092e-02,2.48778e-02,5.87022e-02,3.07301e-01,1.29774e-01,7.13152e-01,1.14411e-02,3.19429e+01,2.34622e-01,7.35256e-02,2.51898e-02,4.37413e-01,1.83510e-01,1.82165e-02,3.12893e-02,4.96110e-01
6.35336e-02,8.65406e+00,1.08007e-02,2.14242e+00,1.72177e-02,2.49087e-02,5.86288e-02,3.06552e-01,1.31510e-01,7.09473e-01,1.15059e-02,3.08797e+01,2.34132e-01,7.38207e-02,2.52310e-02,4.33749e-01,1.83410e-01,1.89693e-02,3.23335e-02,4.97610e-01
6.43205e-02,8.42015e+00,1.10071e-02,2.10650e+00,1.72089e-02,2.49115e-02,5.85795e-02,3.05900e-01,1.33584e-01,7.05956e-01,1.15548e-02,2.97963e+01,2.33660e-01,7.42431e-02,2.53160e-02,4.30430e-01,1.83321e-01,1.95349e-02,3.35111e-02,4.98499e-01
6.57163e-02,8.20852e+00,1.12343e-02,2.07300e+00,1.71957e-02,2.49216e-02,5.85498e-02,3.05201e-01,1.36123e-01,7.02663e-01,1.15819e-02,2.86683e+01,2.33202e-01,7.47720e-02,2.54210e-02,4.27209e-01,1.83247e-01,1.98948e-02,3.48335e-02,4.98705e-01
6.77427e-02,8.01046e+00,1.14544e-02,2.04139e+00,1.71736e-02,2.49023e-02,5.85250e-02,3.04546e-01,1.39067e-01,6.99555e-01,1.16003e-02,2.74802e+01,2.32757e-01,7.54787e-02,2.55457e-02,4.24325e-01,1.83191e-01,2.00195e-02,3.62886e-02,4.98354e-01
7.02611e-02,7.81897e+00,1.16046e-02,2.01146e+00,1.71348e-02,2.48892e-02,5.85697e-02,3.03992e-01,1.42295e-01,6.96679e-01,1.16021e-02,2.62282e+01,2.32344e-01,7.64848e-02,2.57207e-02,4.21553e-01,1.83167e-01,1.99620e-02,3.77563e-02,4.97415e-01
7.30299e-02,7.62815e+00,1.16451e-02,1.98300e+00,1.70726e-02,2.48491e-02,5.86631e-02,3.03363e-01,1.45664e-01,6.93894e-01,1.15973e-02,2.49255e+01,2.31944e-01,7.78271e-02,2.59159e-02,4.19065e-01,1.83148e-01,1.97761e-02,3.91532e-02,4.95880e-01
7.57662e-02,7.43337e+00,1.15943e-02,1.95577e+00,1.70154e-02,2.48230e-02,5.88219e-02,3.02811e-01,1.48927e-01,6.91313e-01,1.15917e-02,2.36027e+01,2.31574e-01,7.94376e-02,2.61437e-02,4.16770e-01,1.83096e-01,1.94670e-02,4.04344e-02,4.93808e-01
7.82389e-02,7.23120e+00,1.14605e-02,1.92973e+00,1.69704e-02,2.47707e-02,5.89738e-02,3.02310e-01,1.52005e-01,6.88854e-01,1.15841e-02,2.23027e+01,2.31230e-01,8.11198e-02,2.64047e-02,4.14816e-01,1.82985e-01,1.91112e-02,4.15157e-02,4.91162e-01
8.04145e-02,7.02081e+00,1.12674e-02,1.90480e+00,1.69317e-02,2.47157e-02,5.91160e-02,3.01841e-01,1.54707e-01,6.86544e-01,1.15796e-02,2.10711e+01,2.30911e-01,8.26476e-02,2.66838e-02,4.13244e-01,1.82861e-01,1.87167e-02,4.23875e-02,4.88057e-01
8.23128e-02,6.80402e+00,1.10363e-02,1.88097e+00,1.69054e-02,2.46582e-02,5.92057e-02,3.01492e-01,1.56981e-01,6.84454e-01,1.15775e-02,1.99416e+01,2.30607e-01,8.38604e-02,2.69977e-02,4.12142e-01,1.82680e-01,1.82920e-02,4.30307e-02,4.84456e-01
8.40195e-02,6.58573e+00,1.07753e-02,1.85829e+00,1.68981e-02,2.45873e-02,5.92170e-02,3.01118e-01,1.58769e-01,6.82464e-01,1.15830e-02,1.89293e+01,2.30311e-01,8.47151e-02,2.73068e-02,4.11397e-01,1.82464e-01,1.78897e-02,4.35118e-02,4.80459e-01
8.55834e-02,6.37254e+00,1.05297e-02,1.83677e+00,1.68964e-02,2.45224e-02,5.91515e-02,3.00931e-01,1.60100e-01,6.80678e-01,1.15959e-02,1.80295e+01,2.30064e-01,8.52354e-02,2.76334e-02,4.11246e-01,1.82191e-01,1.75114e-02,4.38627e-02,4.76160e-01
8.69601e-02,6.17084e+00,1.03006e-02,1.81654e+00,1.69149e-02,2.44500e-02,5.90375e-02,3.00875e-01,1.61093e-01,6.78985e-01,1.16181e-02,1.72279e+01,2.29815e-01,8.54960e-02,2.79914e-02,4.11384e-01,1.81882e-01,1.71492e-02,4.40949e-02,4.71520e-01
8.80183e-02,5.98481e+00,1.01073e-02,1.79771e+00,1.69501e-02,2.43806e-02,5.88740e-02,3.00799e-01,1.61837e-01,6.77385e-01,1.16529e-02,1.65069e+01,2.29572e-01,8.55808e-02,2.83747e-02,4.11967e-01,1.81524e-01,1.68361e-02,4.42794e-02,4.66689e-01
8.85736e-02,5.81623e+00,9.94489e-03,1.78028e+00,1.69901e-02,2.43187e-02,5.86734e-02,3.00825e-01,1.62463e-01,6.75998e-01,1.16926e-02,1.58532e+01,2.29363e-01,8.55584e-02,2.88164e-02,4.12639e-01,1.81117e-01,1.65571e-02,4.44678e-02,4.61746e-01
8.85376e-02,5.66424e+00,9.82238e-03,1.76423e+00,1.70347e-02,2.42646e-02,5.84507e-02,3.00873e-01,1.63097e-01,6.74678e-01,1.17331e-02,1.52548e+01,2.29162e-01,8.54895e-02,2.93062e-02,4.13631e-01,1.80668e-01,1.63174e-02,4.46578e-02,4.56671e-01
8.78774e-02,5.52694e+00,9.72576e-03,1.74949e+00,1.70787e-02,2.42270e-02,5.82447e-02,3.00939e-01,1.63718e-01,6.73547e-01,1.17665e-02,1.47003e+01,2.28985e-01,8.54011e-02,2.98552e-02,4.14618e-01,1.80190e-01,1.61106e-02,4.48766e-02,4.51617e-01
8.66732e-02,5.40194e+00,9.64277e-03,1.73584e+00,1.71098e-02,2.42080e-02,5.80476e-02,3.01057e-01,1.64395e-01,6.72498e-01,1.17917e-02,1.41797e+01,2.28835e-01,8.52650e-02,3.04619e-02,4.15723e-01,1.79682e-01,1.59546e-02,4.51065e-02,4.46605e-01
8.50616e-02,5.28667e+00,9.58002e-03,1.72298e+00,1.71258e-02,2.41991e-02,5.78629e-02,3.01177e-01,1.65105e-01,6.71584e-01,1.18137e-02,1.36812e+01,2.28721e-01,8.50822e-02,3.11174e-02,4.16899e-01,1.79152e-01,1.58308e-02,4.53413e-02,4.41688e-01
8.31812e-02,5.17928e+00,9.52887e-03,1.71074e+00,1.71210e-02,2.42047e-02,5.76995e-02,3.01401e-01,1.65811e-01,6.70833e-01,1.18289e-02,1.31947e+01,2.28627e-01,8.48267e-02,3.18094e-02,4.18172e-01,1.78616e-01,1.57331e-02,4.55713e-02,4.36942e-01
8.11889e-02,5.07830e+00,9.49931e-03,1.69870e+00,1.70871e-02,2.42248e-02,5.75549e-02,3.01593e-01,1.66471e-01,6.70264e-01,1.18319e-02,1.27121e+01,2.28588e-01,8.44774e-02,3.25341e-02,4.19515e-01,1.78078e-01,1.56479e-02,4.57774e-02,4.32388e-01
7.91766e-02,4.98211e+00,9.48285e-03,1.68657e+00,1.70245e-02,2.42546e-02,5.74421e-02,3.01923e-01,1.66986e-01,6.69877e-01,1.18228e-02,1.22279e+01,2.28551e-01,8.40204e-02,3.32811e-02,4.21072e-01,1.77561e-01,1.56028e-02,4.59808e-02,4.28066e-01
7.72268e-02,4.88995e+00,9.46759e-03,1.67427e+00,1.69387e-02,2.43141e-02,5.73596e-02,3.02208e-01,1.67343e-01,6.69736e-01,1.18018e-02,1.17435e+01,2.28548e-01,8.34441e-02,3.40595e-02,4.22789e-01,1.77055e-01,1.55568e-02,4.61628e-02,4.24006e-01
7.53795e-02,4.80084e+00,9.46341e-03,1.66159e+00,1.68397e-02,2.43827e-02,5.73001e-02,3.02562e-01,1.67459e-01,6.69840e-01,1.17690e-02,1.12646e+01,2.28551e-01,8.27698e-02,3.48579e-02,4.24691e-01,1.76575e-01,1.55228e-02,4.63072e-02,4.20176e-01
7.36704e-02,4.71388e+00,9.46129e-03,1.64844e+00,1.67290e-02,2.44886e-02,5.72488e-02,3.02946e-01,1.67301e-01,6.70198e-01,1.17278e-02,1.08002e+01,2.28549e-01,8.20077e-02,3.56704e-02,4.26811e-01,1.76085e-01,1.54827e-02,4.63967e-02,4.16577e-01
7.20837e-02,4.62872e+00,9.45116e-03,1.63476e+00,1.66091e-02,2.46024e-02,5.72104e-02,3.03267e-01,1.66856e-01,6.70848e-01,1.16816e-02,1.03617e+01,2.28579e-01,8.11603e-02,3.64922e-02,4.29116e-01,1.75613e-01,1.54574e-02,4.64434e-02,4.13232e-01
7.06337e-02,4.54448e+00,9.43907e-03,1.62048e+00,1.64834e-02,2.47540e-02,5.71985e-02,3.03668e-01,1.66102e-01,6.71861e-01,1.16320e-02,9.95715e+00,2.28583e-01,8.02524e-02,3.72935e-02,4.31524e-01,1.75145e-01,1.54186e-02,4.64565e-02,4.10106e-01
6.92999e-02,4.46061e+00,9.43465e-03,1.60546e+00,1.63540e-02,2.49228e-02,5.72047e-02,3.04038e-01,1.65060e-01,6.73205e-01,1.15887e-02,9.59234e+00,2.28596e-01,7.93091e-02,3.80448e-02,4.34039e-01,1.74693e-01,1.53792e-02,4.64242e-02,4.07158e-01
6.80818e-02,4.37656e+00,9.42739e-03,1.59003e+00,1.62271e-02,2.51092e-02,5.72152e-02,3.04411e-01,1.63763e-01,6.74864e-01,1.15536e-02,9.26851e+00,2.28587e-01,7.83606e-02,3.87181e-02,4.36569e-01,1.74262e-01,1.53379e-02,4.63552e-02,4.04343e-01
6.69803e-02,4.29136e+00,9.41664e-03,1.57401e+00,1.61063e-02,2.53086e-02,5.72303e-02,3.04778e-01,1.62242e-01,6.76844e-01,1.15277e-02,8.98330e+00,2.28539e-01,7.74234e-02,3.92877e-02,4.39080e-01,1.73819e-01,1.52939e-02,4.62406e-02,4.01668e-01
6.59749e-02,4.20481e+00,9.38810e-03,1.55756e+00,1.59936e-02,2.54932e-02,5.72656e-02,3.05121e-01,1.60555e-01,6.79192e-01,1.15108e-02,8.73222e+00,2.28475e-01,7.65277e-02,3.97118e-02,4.41537e-01,1.73404e-01,1.52450e-02,4.61169e-02,3.99107e-01
6.50588e-02,4.11618e+00,9.36097e-03,1.54061e+00,1.58918e-02,2.56852e-02,5.73216e-02,3.05350e-01,1.58758e-01,6.81857e-01,1.15051e-02,8.50844e+00,2.28332e-01,7.56846e-02,3.99965e-02,4.43793e-01,1.73014e-01,1.51893e-02,4.59706e-02,3.96640e-01
6.42417e-02,4.02533e+00,9.34231e-03,1.52353e+00,1.57951e-02,2.58442e-02,5.73861e-02,3.05629e-01,1.56881e-01,6.84749e-01,1.15017e-02,8.30591e+00,2.28119e-01,7.49208e-02,4.01298e-02,4.45986e-01,1.72630e-01,1.51289e-02,4.58266e-02,3.94277e-01
6.35088e-02,3.93220e+00,9.32566e-03,1.50636e+00,1.57178e-02,2.59754e-02,5.74842e-02,3.05853e-01,1.54980e-01,6.87853e-01,1.15038e-02,8.11820e+00,2.27815e-01,7.42157e-02,4.01078e-02,4.48060e-01,1.72242e-01,1.50639e-02,4.56754e-02,3.91995e-01
6.28407e-02,3.83718e+00,9.30372e-03,1.48915e+00,1.56470e-02,2.60856e-02,5.76099e-02,3.05994e-01,1.53086e-01,6.91093e-01,1.15133e-02,7.93962e+00,2.27398e-01,7.35890e-02,3.99541e-02,4.49892e-01,1.71855e-01,1.49982e-02,4.55450e-02,3.89798e-01
6.22539e-02,3.74126e+00,9.27972e-03,1.47215e+00,1.55795e-02,2.61552e-02,5.77557e-02,3.06121e-01,1.51202e-01,6.94444e-01,1.15263e-02,7.76630e+00,2.26891e-01,7.30266e-02,3.96955e-02,4.51695e-01,1.71481e-01,1.49275e-02,4.54556e-02,3.87721e-01
6.17281e-02,3.64529e+00,9.26306e-03,1.45536e+00,1.55271e-02,2.61977e-02,5.79296e-02,3.06215e-01,1.49364e-01,6.97714e-01,1.15382e-02,7.59394e+00,2.26282e-01,7.25500e-02,3.93575e-02,4.53488e-01,1.71117e-01,1.48604e-02,4.53953e-02,3.85772e-01
6.12550e-02,3.55084e+00,9.24994e-03,1.43903e+00,1.54689e-02,2.62024e-02,5.81337e-02,3.06228e-01,1.47562e-01,7.00883e-01,1.15446e-02,7.42031e+00,2.25559e-01,7.21340e-02,3.89662e-02,4.55109e-01,1.70772e-01,1.47983e-02,4.53464e-02,3.83990e-01
6.08318e-02,3.45894e+00,9.23225e-03,1.42322e+00,1.54222e-02,2.61937e-02,5.83674e-02,3.06209e-01,1.45791e-01,7.03858e-01,1.15477e-02,7.24415e+00,2.24738e-01,7.17683e-02,3.85488e-02,4.56703e-01,1.70419e-01,1.47392e-02,4.53137e-02,3.82329e-01
6.04578e-02,3.37100e+00,9.20883e-03,1.40774e+00,1.53831e-02,2.61579e-02,5.86199e-02,3.06126e-01,1.44067e-01,7.06633e-01,1.15433e-02,7.06552e+00,2.23859e-01,7.14636e-02,3.81273e-02,4.58343e-01,1.70072e-01,1.46842e-02,4.52963e-02,3.80856e-01
6.01190e-02,3.28762e+00,9.18439e-03,1.39267e+00,1.53435e-02,2.61112e-02,5.89027e-02,3.06024e-01,1.42385e-01,7.09102e-01,1.15272e-02,6.88609e+00,2.22883e-01,7.11990e-02,3.77052e-02,4.59998e-01,1.69735e-01,1.46340e-02,4.52764e-02,3.79568e-01
5.98274e-02,3.20915e+00,9.15737e-03,1.37819e+00,1.53000e-02,2.61370e-02,5.92588e-02,3.05856e-01,1.40749e-01,7.11397e-01,1.15042e-02,6.70821e+00,2.21879e-01,7.09684e-02,3.72989e-02,4.61758e-01,1.69438e-01,1.45883e-02,4.52498e-02,3.78498e-01
5.95590e-02,3.13565e+00,9.13551e-03,1.36365e+00,1.52629e-02,2.63044e-02,5.95879e-02,3.05794e-01,1.39153e-01,7.13410e-01,1.14902e-02,6.53490e+00,2.20841e-01,7.07596e-02,3.69183e-02,4.63611e-01,1.69166e-01,1.45442e-02,4.52217e-02,3.77652e-01
5.93220e-02,3.06682e+00,9.11249e-03,1.34922e+00,1.52326e-02,2.66209e-02,5.99634e-02,3.06084e-01,1.37598e-01,7.15204e-01,1.14759e-02,6.36928e+00,2.19813e-01,7.05610e-02,3.65699e-02,4.65584e-01,1.68976e-01,1.44990e-02,4.51798e-02,3.76946e-01
5.91075e-02,3.00194e+00,9.09410e-03,1.33477e+00,1.51975e-02,2.69784e-02,6.03300e-02,3.06598e-01,1.36096e-01,7.16728e-01,1.14701e-02,6.21358e+00,2.18758e-01,7.03815e-02,3.62492e-02,4.67736e-01,1.68811e-01,1.44627e-02,4.51098e-02,3.76421e-01
5.89132e-02,2.94046e+00,9.07659e-03,1.31997e+00,1.51710e-02,2.73348e-02,6.06815e-02,3.07376e-01,1.34660e-01,7.18003e-01,1.14619e-02,6.06907e+00,2.17751e-01,7.01980e-02,3.59350e-02,4.70048e-01,1.68692e-01,1.44302e-02,4.50155e-02,3.76105e-01
5.87346e-02,2.88168e+00,9.05918e-03,1.30502e+00,1.51439e-02,2.77619e-02,6.10436e-02,3.08292e-01,1.33292e-01,7.19001e-01,1.14422e-02,5.93657e+00,2.16763e-01,7.00082e-02,3.56272e-02,4.72507e-01,1.68628e-01,1.43964e-02,4.49020e-02,3.75927e-01
5.85580e-02,2.82478e+00,9.04189e-03,1.28995e+00,1.51099e-02,2.83101e-02,6.14637e-02,3.09161e-01,1.32005e-01,7.19782e-01,1.14138e-02,5.81508e+00,2.15838e-01,6.98033e-02,3.53076e-02,4.75184e-01,1.68636e-01,1.43616e-02,4.47767e-02,3.75881e-01
5.83921e-02,2.76932e+00,9.02236e-03,1.27500e+00,1.50766e-02,2.90413e-02,6.19934e-02,3.10040e-01,1.30798e-01,7.20379e-01,1.13873e-02,5.70361e+00,2.14954e-01,6.95908e-02,3.49605e-02,4.78023e-01,1.68753e-01,1.43273e-02,4.46174e-02,3.75909e-01
5.82499e-02,2.71468e+00,9.00045e-03,1.26025e+00,1.50449e-02,3.00503e-02,6.26693e-02,3.10927e-01,1.29670e-01,7.20790e-01,1.13758e-02,5.60090e+00,2.14103e-01,6.93585e-02,3.45687e-02,4.81012e-01,1.68979e-01,1.42950e-02,4.44000e-02,3.76002e-01
5.81127e-02,2.66059e+00,8.98082e-03,1.24591e+00,1.50200e-02,3.15169e-02,6.35404e-02,3.11836e-01,1.28627e-01,7.21052e-01,1.13893e-02,5.50585e+00,2.13316e-01,6.91308e-02,3.41515e-02,4.84245e-01,1.69290e-01,1.42682e-02,4.41059e-02,3.76148e-01
5.79836e-02,2.60686e+00,8.96136e-03,1.23223e+00,1.49939e-02,3.37473e-02,6.46267e-02,3.12603e-01,1.27684e-01,7.21175e-01,1.14206e-02,5.41695e+00,2.12572e-01,6.88958e-02,3.37114e-02,4.87504e-01,1.69699e-01,1.42387e-02,4.37202e-02,3.76311e-01
5.78572e-02,2.55328e+00,8.93892e-03,1.21932e+00,1.49662e-02,3.70353e-02,6.58626e-02,3.13361e-01,1.26822e-01,7.21178e-01,1.14613e-02,5.33313e+00,2.11845e-01,6.86549e-02,3.32522e-02,4.90917e-01,1.70230e-01,1.42113e-02,4.32295e-02,3.76440e-01
5.77334e-02,2.50015e+00,8.91681e-03,1.20662e+00,1.49430e-02,4.13500e-02,6.71069e-02,3.14155e-01,1.26060e-01,7.21057e-01,1.15117e-02,5.25374e+00,2.11159e-01,6.84118e-02,3.27747e-02,4.94413e-01,1.70898e-01,1.41886e-02,4.26464e-02,3.76529e-01
5.76102e-02,2.44760e+00,8.89629e-03,1.19358e+00,1.49208e-02,4.63612e-02,6.82159e-02,3.15090e-01,1.25373e-01,7.20892e-01,1.15706e-02,5.17732e+00,2.10504e-01,6.81640e-02,3.22815e-02,4.97830e-01,1.71668e-01,1.41608e-02,4.19980e-02,3.76551e-01
5.74915e-02,2.39588e+00,8.87618e-03,1.17980e+00,1.48937e-02,5.17103e-02,6.90369e-02,3.16279e-01,1.24764e-01,7.20652e-01,1.16313e-02,5.10350e+00,2.09870e-01,6.79207e-02,3.17978e-02,5.01206e-01,1.72530e-01,1.41359e-02,4.13016e-02,3.76466e-01
5.73675e-02,2.34550e+00,8.85710e-03,1.16567e+00,1.48715e-02,5.73589e-02,6.94590e-02,3.17791e-01,1.24215e-01,7.20329e-01,1.16873e-02,5.03169e+00,2.09232e-01,6.76896e-02,3.13210e-02,5.04508e-01,1.73460e-01,1.41102e-02,4.05832e-02,3.76294e-01
5.72573e-02,2.29691e+00,8.83815e-03,1.15200e+00,1.48396e-02,6.31611e-02,6.94962e-02,3.19611e-01,1.23749e-01,7.19968e-01,1.17411e-02,4.96120e+00,2.08620e-01,6.74579e-02,3.08614e-02,5.07576e-01,1.74457e-01,1.40809e-02,3.98470e-02,3.76013e-01
5.71473e-02,2.25032e+00,8.82379e-03,1.13907e+00,1.48020e-02,6.83313e-02,6.92380e-02,3.21768e-01,1.23349e-01,7.19561e-01,1.17978e-02,4.89150e+00,2.07995e-01,6.72391e-02,3.04311e-02,5.10436e-01,1.75473e-01,1.40507e-02,3.91206e-02,3.75611e-01
5.70385e-02,2.20606e+00,8.80627e-03,1.12774e+00,1.47740e-02,7.18624e-02,6.87974e-02,3.24191e-01,1.22996e-01,7.19092e-01,1.18631e-02,4.82206e+00,2.07373e-01,6.70165e-02,3.00442e-02,5.12971e-01,1.76498e-01,1.40214e-02,3.83979e-02,3.75070e-01
5.69238e-02,2.16426e+00,8.78876e-03,1.11797e+00,1.47491e-02,7.33030e-02,6.83284e-02,3.26829e-01,1.22693e-01,7.18580e-01,1.19318e-02,4.75248e+00,2.06748e-01,6.68194e-02,2.97194e-02,5.15163e-01,1.77530e-01,1.39930e-02,3.77072e-02,3.74469e-01
5.68087e-02,2.12516e+00,8.76945e-03,1.11008e+00,1.47073e-02,7.30207e-02,6.79499e-02,3.29287e-01,1.22452e-01,7.18030e-01,1.20015e-02,4.68230e+00,2.06134e-01,6.66279e-02,2.94777e-02,5.16983e-01,1.78551e-01,1.39650e-02,3.70430e-02,3.73707e-01
5.66989e-02,2.08882e+00,8.75262e-03,1.10404e+00,1.46663e-02,7.18296e-02,6.77449e-02,3.31795e-01,1.22226e-01,7.17425e-01,1.20705e-02,4.61101e+00,2.05492e-01,6.64383e-02,2.93366e-02,5.18349e-01,1.79580e-01,1.39369e-02,3.64141e-02,3.72822e-01
5.65874e-02,2.05514e+00,8.73233e-03,1.09952e+00,1.46335e-02,7.05731e-02,6.77333e-02,3.33861e-01,1.22046e-01,7.16729e-01,1.21373e-02,4.53864e+00,2.04845e-01,6.62530e-02,2.93129e-02,5.19226e-01,1.80618e-01,1.39080e-02,3.58114e-02,3.71870e-01
5.64791e-02,2.02415e+00,8.71816e-03,1.09617e+00,1.45947e-02,6.98598e-02,6.79164e-02,3.35686e-01,1.21876e-01,7.15950e-01,1.22071e-02,4.46483e+00,2.04199e-01,6.60854e-02,2.94114e-02,5.19613e-01,1.81683e-01,1.38780e-02,3.52318e-02,3.70861e-01
5.63665e-02,1.99566e+00,8.70289e-03,1.09363e+00,1.45523e-02,6.99634e-02,6.82650e-02,3.37032e-01,1.21730e-01,7.15120e-01,1.22762e-02,4.38940e+00,2.03546e-01,6.59201e-02,2.96423e-02,5.19493e-01,1.82744e-01,1.38473e-02,3.46787e-02,3.69756e-01
5.62571e-02,1.96949e+00,8.69151e-03,1.09153e+00,1.45177e-02,7.08338e-02,6.87593e-02,3.37985e-01,1.21582e-01,7.14154e-01,1.23388e-02,4.31291e+00,2.02874e-01,6.57648e-02,2.99980e-02,5.18863e-01,1.83851e-01,1.38154e-02,3.41573e-02,3.68582e-01
5.61404e-02,1.94559e+00,8.68041e-03,1.08951e+00,1.44853e-02,7.22228e-02,6.93610e-02,3.38458e-01,1.21449e-01,7.13133e-01,1.23964e-02,4.23563e+00,2.02209e-01,6.56162e-02,3.04638e-02,5.17719e-01,1.84988e-01,1.37828e-02,3.36689e-02,3.67367e-01
5.60249e-02,1.92356e+00,8.67313e-03,1.08724e+00,1.44474e-02,7.37625e-02,7.00199e-02,3.38637e-01,1.21311e-01,7.12142e-01,1.24523e-02,4.15813e+00,2.01559e-01,6.54702e-02,3.10091e-02,5.16142e-01,1.86166e-01,1.37513e-02,3.32056e-02,3.66146e-01
5.59082e-02,1.90331e+00,8.66093e-03,1.08472e+00,1.44116e-02,7.50796e-02,7.07010e-02,3.38479e-01,1.21161e-01,7.11108e-01,1.25075e-02,4.08109e+00,2.00903e-01,6.53330e-02,3.16105e-02,5.14044e-01,1.87367e-01,1.37196e-02,3.27823e-02,3.64896e-01
5.57922e-02,1.88467e+00,8.65091e-03,1.08184e+00,1.43759e-02,7.58631e-02,7.14189e-02,3.38069e-01,1.21010e-01,7.10006e-01,1.25567e-02,4.00516e+00,2.00261e-01,6.51933e-02,3.22397e-02,5.11533e-01,1.88558e-01,1.36888e-02,3.23831e-02,3.63643e-01
5.56775e-02,1.86749e+00,8.63483e-03,1.07861e+00,1.43374e-02,7.59129e-02,7.21707e-02,3.37518e-01,1.20846e-01,7.08875e-01,1.25988e-02,3.93120e+00,1.99641e-01,6.50589e-02,3.28693e-02,5.08634e-01,1.89697e-01,1.36594e-02,3.20078e-02,3.62438e-01
5.55628e-02,1.85141e+00,9.15469e-03,1.07534e+00,1.51705e-02,7.51555e-02,7.29777e-02,3.36841e-01,1.21309e-01,7.08099e-01,1.26338e-02,3.85967e+00,1.99035e-01,6.49316e-02,3.34766e-02,5.05300e-01,1.90827e-01,1.45883e-02,3.16570e-02,3.61268e-01
5.60151e-02,1.83689e+00,9.99514e-03,1.07340e+00,1.76686e-02,7.36448e-02,7.42791e-02,3.36853e-01,1.22292e-01,7.07500e-01,1.26657e-02,3.79100e+00,1.99055e-01,6.57937e-02,3.40355e-02,5.02057e-01,1.93014e-01,1.52564e-02,3.24695e-02,3.60820e-01
5.68333e-02,1.82281e+00,1.11814e-02,1.07285e+00,2.13615e-02,7.15058e-02,7.57471e-02,3.37173e-01,1.23304e-01,7.07290e-01,1.26941e-02,3.72548e+00,1.99230e-01,6.67398e-02,3.45285e-02,4.98972e-01,1.95277e-01,1.58482e-02,3.35641e-02,3.61121e-01
5.74047e-02,1.80974e+00,1.23836e-02,1.07262e+00,2.66902e-02,6.89006e-02,7.76009e-02,3.37020e-01,1.24320e-01,7.07423e-01,1.27177e-02,3.66323e+00,1.99646e-01,6.75750e-02,3.49505e-02,4.95750e-01,1.97349e-01,1.66858e-02,3.50422e-02,3.61320e-01
5.77535e-02,1.79747e+00,1.34503e-02,1.07167e+00,3.25331e-02,6.60374e-02,7.97488e-02,3.36524e-01,1.25313e-01,7.07609e-01,1.27396e-02,3.60388e+00,2.00427e-01,6.84975e-02,3.52889e-02,4.92556e-01,1.98840e-01,1.76893e-02,3.66458e-02,3.61833e-01
5.83120e-02,1.78559e+00,1.43941e-02,1.07090e+00,3.90424e-02,6.30506e-02,8.22273e-02,3.35760e-01,1.26202e-01,7.07905e-01,1.27635e-02,3.54741e+00,2.00868e-01,6.95288e-02,3.55497e-02,4.89834e-01,1.99794e-01,1.86486e-02,3.83545e-02,3.62492e-01
5.92479e-02,1.77419e+00,1.52854e-02,1.07063e+00,4.64557e-02,6.00812e-02,8.50993e-02,3.34728e-01,1.27019e-01,7.08323e-01,1.27895e-02,3.49355e+00,2.00804e-01,7.05439e-02,3.57309e-02,4.87186e-01,2.00264e-01,1.94781e-02,4.02243e-02,3.62902e-01
6.05191e-02,1.76315e+00,1.60854e-02,1.07077e+00,5.36224e-02,5.72274e-02,8.82000e-02,3.33362e-01,1.27886e-01,7.08920e-01,1.28190e-02,3.44187e+00,2.00603e-01,7.14458e-02,3.58265e-02,4.84380e-01,2.00216e-01,2.01961e-02,4.21162e-02,3.63174e-01
6.20980e-02,1.75242e+00,1.67055e-02,1.07129e+00,5.90579e-02,5.45706e-02,9.14489e-02,3.31783e-01,1.28893e-01,7.09583e-01,1.28500e-02,3.39195e+00,2.00588e-01,7.22473e-02,3.58577e-02,4.81227e-01,1.99785e-01,2.08673e-02,4.39717e-02,3.63259e-01
6.38836e-02,1.74176e+00,1.70462e-02,1.07212e+00,6.27449e-02,5.21651e-02,9.48506e-02,3.30177e-01,1.30058e-01,7.10407e-01,1.28741e-02,3.34358e+00,2.00875e-01,7.31566e-02,3.58291e-02,4.77878e-01,1.99005e-01,2.14881e-02,4.57205e-02,3.63408e-01
6.58118e-02,1.73100e+00,1.70489e-02,1.07318e+00,6.59048e-02,5.00577e-02,9.81028e-02,3.28363e-01,1.31407e-01,7.11237e-01,1.28906e-02,3.29636e+00,2.01524e-01,7.42538e-02,3.57788e-02,4.74273e-01,1.97908e-01,2.20702e-02,4.74039e-02,3.63662e-01
6.77982e-02,1.72032e+00,1.67124e-02,1.07438e+00,6.96016e-02,4.82445e-02,1.00889e-01,3.26487e-01,1.32932e-01,7.12241e-01,1.29030e-02,3.24995e+00,2.02532e-01,7.55153e-02,3.56948e-02,4.70601e-01,1.96642e-01,2.25458e-02,4.89988e-02,3.63996e-01
6.98385e-02,1.70961e+00,1.60921e-02,1.07542e+00,7.37815e-02,4.66993e-02,1.02961e-01,3.24574e-01,1.34700e-01,7.13433e-01,1.29097e-02,3.20439e+00,2.03878e-01,7.67525e-02,3.56129e-02,4.67160e-01,1.95350e-01,2.28343e-02,5.04881e-02,3.64374e-01
7.19214e-02,1.69872e+00,1.52999e-02,1.07597e+00,7.73623e-02,4.54204e-02,1.04132e-01,3.22623e-01,1.36643e-01,7.14882e-01,1.29064e-02,3.15943e+00,2.05464e-01,7.78432e-02,3.55395e-02,4.64124e-01,1.94090e-01,2.28827e-02,5.18359e-02,3.64787e-01
7.40652e-02,1.68801e+00,1.44530e-02,1.07571e+00,7.90701e-02,4.43705e-02,1.04343e-01,3.20773e-01,1.38731e-01,7.16524e-01,1.28880e-02,3.11511e+00,2.07194e-01,7.87175e-02,3.54921e-02,4.61670e-01,1.92844e-01,2.26642e-02,5.30523e-02,3.65230e-01
7.62691e-02,1.67743e+00,1.36299e-02,1.07448e+00,7.82695e-02,4.35296e-02,1.03677e-01,3.19072e-01,1.40896e-01,7.18428e-01,1.28527e-02,3.07166e+00,2.08975e-01,7.93808e-02,3.54749e-02,4.59721e-01,1.91522e-01,2.22250e-02,5.41643e-02,3.65723e-01
7.84635e-02,1.66700e+00,1.28780e-02,1.07254e+00,7.51948e-02,4.28724e-02,1.02240e-01,3.17480e-01,1.43045e-01,7.20549e-01,1.28065e-02,3.02915e+00,2.10702e-01,7.99142e-02,3.54724e-02,4.57991e-01,1.90099e-01,2.16357e-02,5.52361e-02,3.66335e-01
8.05346e-02,1.65664e+00,1.22281e-02,1.07007e+00,7.05846e-02,4.23670e-02,1.00163e-01,3.16065e-01,1.45082e-01,7.22877e-01,1.27467e-02,2.98791e+00,2.12258e-01,8.03733e-02,3.54841e-02,4.56204e-01,1.88643e-01,2.09782e-02,5.62419e-02,3.67076e-01
8.23337e-02,1.64664e+00,1.16886e-02,1.06733e+00,6.52855e-02,4.19891e-02,9.76335e-02,3.14785e-01,1.46961e-01,7.25362e-01,1.26781e-02,2.94803e+00,2.13566e-01,8.08100e-02,3.54974e-02,4.54177e-01,1.87204e-01,2.03297e-02,5.71867e-02,3.67935e-01
8.37219e-02,1.63666e+00,1.12772e-02,1.06500e+00,5.99190e-02,4.17283e-02,9.48164e-02,3.13765e-01,1.48658e-01,7.27998e-01,1.25915e-02,2.90988e+00,2.14619e-01,8.12559e-02,3.55019e-02,4.52006e-01,1.85935e-01,1.97857e-02,5.80542e-02,3.68886e-01
8.46287e-02,1.62691e+00,1.09570e-02,1.06342e+00,5.48929e-02,4.15202e-02,9.18614e-02,3.12881e-01,1.50123e-01,7.30710e-01,1.24919e-02,2.87367e+00,2.15386e-01,8.17162e-02,3.54759e-02,4.49695e-01,1.84912e-01,1.94157e-02,5.88048e-02,3.69875e-01
8.55665e-02,1.61708e+00,1.07268e-02,1.06271e+00,5.03624e-02,4.13822e-02,8.88819e-02,3.12235e-01,1.51397e-01,7.33579e-01,1.23779e-02,2.83957e+00,2.15896e-01,8.21502e-02,3.54026e-02,4.47437e-01,1.84144e-01,1.92851e-02,5.94648e-02,3.70820e-01
8.64558e-02,1.60729e+00,1.05641e-02,1.06307e+00,4.63637e-02,4.12956e-02,8.59575e-02,3.11741e-01,1.52766e-01,7.36385e-01,1.22574e-02,2.80771e+00,2.16214e-01,8.25592e-02,3.52713e-02,4.45295e-01,1.83597e-01,1.94632e-02,6.00308e-02,3.71740e-01
8.68484e-02,1.59730e+00,1.07257e-02,1.06450e+00,4.32726e-02,4.12193e-02,8.31778e-02,3.11475e-01,1.54721e-01,7.39234e-01,1.21345e-02,2.77827e+00,2.16310e-01,8.29627e-02,3.50751e-02,4.43301e-01,1.83617e-01,2.01865e-02,6.04881e-02,3.72514e-01
8.70679e-02,1.59480e+00,1.12803e-02,1.06694e+00,4.13676e-02,4.12528e-02,8.06034e-02,3.11494e-01,1.57770e-01,7.42311e-01,1.20020e-02,2.75246e+00,2.16309e-01,8.33647e-02,3.48139e-02,4.41571e-01,1.84148e-01,2.25488e-02,6.10337e-02,3.73167e-01
8.79305e-02,1.59845e+00,1.21487e-02,1.07374e+00,4.03026e-02,4.23352e-02,7.92216e-02,3.14330e-01,1.61518e-01,7.45564e-01,1.27972e-02,2.72854e+00,2.16283e-01,8.37377e-02,3.49353e-02,4.40018e-01,1.85136e-01,2.45636e-02,6.15599e-02,3.73876e-01
8.93760e-02,1.58271e+00,1.31436e-02,1.08758e+00,3.97981e-02,4.28698e-02,7.97000e-02,3.17442e-01,1.65614e-01,7.49237e-01,1.43254e-02,2.70739e+00,2.16321e-01,8.39951e-02,3.47525e-02,4.38829e-01,1.86464e-01,2.74394e-02,6.20168e-02,3.74727e-01
9.10822e-02,1.56831e+00,1.39983e-02,1.10570e+00,3.97100e-02,4.48317e-02,8.58766e-02,3.18428e-01,1.69675e-01,7.53469e-01,1.60825e-02,2.68877e+00,2.16401e-01,8.41966e-02,3.49426e-02,4.38031e-01,1.88128e-01,3.12594e-02,6.24512e-02,3.75994e-01
9.29617e-02,1.55691e+00,1.46222e-02,1.11877e+00,4.01418e-02,4.54881e-02,9.97636e-02,3.19232e-01,1.73523e-01,7.58183e-01,1.72540e-02,2.67258e+00,2.16591e-01,8.43527e-02,4.10868e-02,4.37655e-01,1.90131e-01,3.55027e-02,6.32511e-02,3.77257e-01
9.49095e-02,1.54653e+00,1.51237e-02,1.12828e+00,4.12309e-02,4.65474e-02,1.17896e-01,3.19993e-01,1.77266e-01,7.63694e-01,1.79224e-02,2.65935e+00,2.16936e-01,8.44820e-02,5.30248e-02,4.37862e-01,1.92422e-01,4.01304e-02,6.46359e-02,3.78703e-01
9.67549e-02,1.53664e+00,1.55598e-02,1.13503e+00,4.26988e-02,4.74029e-02,1.36205e-01,3.20639e-01,1.81351e-01,7.69497e-01,1.82527e-02,2.64944e+00,2.17493e-01,8.45743e-02,6.31421e-02,4.38511e-01,1.94932e-01,4.39946e-02,6.61628e-02,3.80451e-01
9.83916e-02,1.52676e+00,1.59044e-02,1.14159e+00,4.40249e-02,4.80659e-02,1.54852e-01,3.21757e-01,1.86036e-01,7.75626e-01,1.83003e-02,2.64286e+00,2.18294e-01,8.46508e-02,6.93300e-02,4.39660e-01,1.97767e-01,4.72207e-02,6.76369e-02,3.82583e-01
9.98699e-02,1.51675e+00,1.61070e-02,1.15006e+00,4.49630e-02,4.88231e-02,1.71265e-01,3.23342e-01,1.91305e-01,7.81581e-01,1.81369e-02,2.63970e+00,2.19318e-01,8.47752e-02,7.24104e-02,4.41408e-01,2.01553e-01,4.96228e-02,6.90373e-02,3.85081e-01
1.01340e-01,1.50615e+00,1.60976e-02,1.15987e+00,4.56958e-02,5.00436e-02,1.80298e-01,3.25401e-01,1.97047e-01,7.87442e-01,1.78370e-02,2.63963e+00,2.20612e-01,8.50051e-02,7.26921e-02,4.43575e-01,2.07032e-01,5.10403e-02,7.04436e-02,3.87916e-01
1.02946e-01,1.49500e+00,1.58683e-02,1.17029e+00,4.66095e-02,5.23252e-02,1.80334e-01,3.27685e-01,2.03040e-01,7.93173e-01,1.75135e-02,2.64219e+00,2.22148e-01,8.54020e-02,7.08012e-02,4.46158e-01,2.14817e-01,5.13024e-02,7.17351e-02,3.91181e-01
1.04893e-01,1.48348e+00,1.54252e-02,1.18056e+00,4.80383e-02,5.64022e-02,1.74183e-01,3.30244e-01,2.09066e-01,7.98891e-01,1.71861e-02,2.64687e+00,2.23924e-01,8.59884e-02,6.80747e-02,4.49052e-01,2.24856e-01,5.07239e-02,7.29990e-02,3.94738e-01
1.06815e-01,1.47163e+00,1.48398e-02,1.19019e+00,4.99617e-02,6.24754e-02,1.65688e-01,3.33012e-01,2.14985e-01,8.04558e-01,1.68739e-02,2.65309e+00,2.25845e-01,8.67696e-02,6.56726e-02,4.52113e-01,2.36832e-01,4.89505e-02,7.42432e-02,3.98425e-01
1.08472e-01,1.45968e+00,1.41759e-02,1.19896e+00,5.20281e-02,6.94853e-02,1.57352e-01,3.36096e-01,2.20761e-01,8.10033e-01,1.65555e-02,2.66042e+00,2.27849e-01,8.77332e-02,6.40697e-02,4.55352e-01,2.50804e-01,4.65591e-02,7.54897e-02,4.02078e-01
1.09707e-01,1.44786e+00,1.35046e-02,1.20692e+00,5.36953e-02,7.55064e-02,1.49849e-01,3.39224e-01,2.26341e-01,8.15197e-01,1.62046e-02,2.66880e+00,2.29854e-01,8.88455e-02,6.31585e-02,4.58645e-01,2.67367e-01,4.37614e-02,7.66557e-02,4.05538e-01
1.10394e-01,1.43607e+00,1.28620e-02,1.21429e+00,5.46028e-02,7.90778e-02,1.43106e-01,3.42570e-01,2.31559e-01,8.19779e-01,1.57983e-02,2.67874e+00,2.31759e-01,9.01444e-02,6.26295e-02,4.61917e-01,2.87297e-01,4.07779e-02,7.77620e-02,4.08686e-01
1.10511e-01,1.42464e+00,1.22868e-02,1.22143e+00,5.45729e-02,7.98003e-02,1.37208e-01,3.46041e-01,2.36196e-01,8.23609e-01,1.53470e-02,2.69147e+00,2.33438e-01,9.15431e-02,6.22338e-02,4.65154e-01,3.10576e-01,3.78329e-02,7.88876e-02,4.11500e-01
1.10087e-01,1.41362e+00,1.18037e-02,1.22853e+00,5.36647e-02,7.81771e-02,1.33003e-01,3.49942e-01,2.40093e-01,8.26574e-01,1.48806e-02,2.70742e+00,2.34852e-01,9.30696e-02,6.18615e-02,4.68182e-01,3.36129e-01,3.50327e-02,8.00397e-02,4.13892e-01
1.09309e-01,1.40309e+00,1.14061e-02,1.23584e+00,5.23831e-02,7.50137e-02,1.31564e-01,3.57146e-01,2.43214e-01,8.28692e-01,1.44133e-02,2.72724e+00,2.35938e-01,9.46110e-02,6.26292e-02,4.70931e-01,3.62275e-01,3.25595e-02,8.12798e-02,4.15863e-01
1.08321e-01,1.39338e+00,1.10804e-02,1.24367e+00,5.12455e-02,7.10864e-02,1.34608e-01,3.64832e-01,2.45738e-01,8.29937e-01,1.56071e-02,2.75087e+00,2.36647e-01,9.60489e-02,6.39712e-02,4.73371e-01,3.87339e-01,3.03907e-02,8.42655e-02,4.17553e-01
1.07242e-01,1.38440e+00,1.08371e-02,1.25206e+00,5.11561e-02,6.69169e-02,1.45880e-01,3.69385e-01,2.47941e-01,8.30445e-01,2.71689e-02,2.77623e+00,2.36976e-01,9.72898e-02,7.03799e-02,4.75373e-01,4.10061e-01,2.86012e-02,8.85289e-02,4.19008e-01
1.06096e-01,1.37653e+00,1.06591e-02,1.26104e+00,5.89192e-02,6.28552e-02,1.69351e-01,3.73284e-01,2.50115e-01,8.30294e-01,5.31295e-02,2.80093e+00,2.36956e-01,9.82187e-02,7.57664e-02,4.76944e-01,4.29431e-01,2.72481e-02,9.32269e-02,4.20244e-01
1.04842e-01,1.36960e+00,1.05227e-02,1.27012e+00,9.95964e-02,5.90873e-02,1.96232e-01,3.77218e-01,2.52473e-01,8.29672e-01,7.53566e-02,2.82262e+00,2.36627e-01,9.87522e-02,7.93724e-02,4.78102e-01,4.44799e-01,2.63256e-02,9.76685e-02,4.21323e-01
1.03462e-01,1.36380e+00,1.04155e-02,1.27887e+00,1.81248e-01,5.56791e-02,2.16472e-01,3.81201e-01,2.55048e-01,8.28538e-01,8.82533e-02,2.83898e+00,2.36052e-01,9.88626e-02,8.23736e-02,4.78805e-01,4.55732e-01,2.58709e-02,1.01846e-01,4.22203e-01
1.01947e-01,1.35907e+00,1.03246e-02,1.28693e+00,2.68714e-01,5.27022e-02,2.28876e-01,3.85108e-01,2.57775e-01,8.27070e-01,9.25313e-02,2.84850e+00,2.35355e-01,9.85439e-02,8.35417e-02,4.79301e-01,4.62323e-01,2.58787e-02,1.05789e-01,4.22995e-01
1.00316e-01,1.35546e+00,1.02308e-02,1.29439e+00,3.10617e-01,5.02046e-02,2.34761e-01,3.89085e-01,2.60485e-01,8.25201e-01,8.81656e-02,2.85127e+00,2.34618e-01,9.78746e-02,8.24989e-02,4.79766e-01,4.65150e-01,2.63581e-02,1.09385e-01,4.23800e-01
9.86007e-02,1.35280e+00,1.01535e-02,1.30209e+00,2.94868e-01,4.82933e-02,2.36138e-01,3.92903e-01,2.62935e-01,8.22955e-01,7.85052e-02,2.84753e+00,2.33996e-01,9.69378e-02,7.97480e-02,4.80631e-01,4.65153e-01,2.73093e-02,1.12729e-01,4.24600e-01
9.68553e-02,1.35113e+00,1.00703e-02,1.31137e+00,2.49427e-01,4.70896e-02,2.35336e-01,3.96698e-01,2.65009e-01,8.20290e-01,6.77597e-02,2.83862e+00,2.33563e-01,9.58323e-02,7.61275e-02,4.82255e-01,4.63426e-01,2.86900e-02,1.15838e-01,4.25371e-01
9.51228e-02,1.35023e+00,9.98785e-03,1.32422e+00,1.99971e-01,4.67693e-02,2.34185e-01,4.00357e-01,2.66604e-01,8.17134e-01,5.83004e-02,2.82552e+00,2.33505e-01,9.46508e-02,7.23233e-02,4.85359e-01,4.61021e-01,3.04156e-02,1.18717e-01,4.26158e-01
9.34278e-02,1.35011e+00,9.90901e-03,1.34200e+00,1.57154e-01,4.74132e-02,2.34034e-01,4.04108e-01,2.67725e-01,8.13661e-01,5.06729e-02,2.80906e+00,2.33919e-01,9.35017e-02,6.86344e-02,4.90619e-01,4.58693e-01,3.23370e-02,1.21270e-01,4.26893e-01
9.17630e-02,1.35058e+00,9.81706e-03,1.36486e+00,1.24876e-01,4.88593e-02,2.35697e-01,4.07939e-01,2.68406e-01,8.09722e-01,4.45681e-02,2.79077e+00,2.34909e-01,9.24590e-02,6.51797e-02,4.98986e-01,4.56855e-01,3.42552e-02,1.23468e-01,4.27519e-01
9.01205e-02,1.35145e+00,9.74236e-03,1.39132e+00,1.01842e-01,5.06647e-02,2.39354e-01,4.12009e-01,2.68804e-01,8.05515e-01,3.95133e-02,2.77112e+00,2.36604e-01,9.15783e-02,6.19761e-02,5.11552e-01,4.55498e-01,3.59743e-02,1.25216e-01,4.27915e-01
8.84692e-02,1.35260e+00,9.67809e-03,1.41898e+00,8.52760e-02,5.22950e-02,2.44432e-01,4.16443e-01,2.69031e-01,8.01053e-01,3.51771e-02,2.75071e+00,2.39029e-01,9.09229e-02,5.90242e-02,5.29464e-01,4.54314e-01,3.73490e-02,1.26528e-01,4.28047e-01
8.67945e-02,1.35384e+00,9.61725e-03,1.44512e+00,7.21840e-02,5.33656e-02,2.49796e-01,4.21390e-01,2.69189e-01,7.96490e-01,3.13834e-02,2.72987e+00,2.42230e-01,9.04988e-02,5.63434e-02,5.53725e-01,4.52736e-01,3.83061e-02,1.27411e-01,4.27783e-01
8.51116e-02,1.35513e+00,9.56456e-03,1.46860e+00,6.17309e-02,5.37576e-02,2.54028e-01,4.26973e-01,2.69284e-01,7.92013e-01,2.80851e-02,2.70893e+00,2.46156e-01,9.03191e-02,5.39751e-02,5.84949e-01,4.50010e-01,3.88583e-02,1.27956e-01,4.27111e-01
8.34582e-02,1.35620e+00,9.51394e-03,1.48882e+00,5.33893e-02,5.35818e-02,2.55944e-01,4.33239e-01,2.69335e-01,7.87707e-01,2.52239e-02,2.68822e+00,2.50710e-01,9.03677e-02,5.19256e-02,6.22689e-01,4.45516e-01,3.91187e-02,1.28126e-01,4.25905e-01
8.18398e-02,1.35717e+00,9.46536e-03,1.50647e+00,4.66853e-02,5.30431e-02,2.54925e-01,4.40220e-01,2.69256e-01,7.83705e-01,2.28090e-02,2.66748e+00,2.55723e-01,9.06302e-02,5.02098e-02,6.65384e-01,4.38750e-01,3.93371e-02,1.28125e-01,4.24248e-01
8.03010e-02,1.35786e+00,9.42525e-03,1.52181e+00,4.12266e-02,5.23603e-02,2.50966e-01,4.47969e-01,2.68940e-01,7.80040e-01,2.07883e-02,2.64697e+00,2.60996e-01,9.10633e-02,4.87914e-02,7.10656e-01,4.29511e-01,3.98928e-02,1.27891e-01,4.22139e-01
7.88501e-02,1.35842e+00,9.39260e-03,1.53515e+00,3.67708e-02,5.16872e-02,2.44568e-01,4.56388e-01,2.68293e-01,7.76847e-01,1.91305e-02,2.62681e+00,2.66261e-01,9.16039e-02,4.76329e-02,7.56333e-01,4.17936e-01,4.12571e-02,1.27578e-01,4.19554e-01
7.75057e-02,1.35886e+00,9.36281e-03,1.54635e+00,3.31453e-02,5.11389e-02,2.36585e-01,4.65414e-01,2.67211e-01,7.74212e-01,1.77921e-02,2.60677e+00,2.71329e-01,9.22152e-02,4.67054e-02,8.01601e-01,4.04380e-01,4.38860e-02,1.27256e-01,4.16633e-01
7.62642e-02,1.35923e+00,9.33867e-03,1.55514e+00,3.01847e-02,5.08093e-02,2.27982e-01,4.75058e-01,2.65596e-01,7.72051e-01,1.67265e-02,2.58685e+00,2.75944e-01,9.28193e-02,4.59711e-02,8.47527e-01,3.89404e-01,4.80226e-02,1.26981e-01,4.13443e-01
7.51392e-02,1.35993e+00,9.32020e-03,1.56137e+00,2.77787e-02,5.07623e-02,2.19693e-01,4.85148e-01,2.63452e-01,7.70450e-01,1.59021e-02,2.56706e+00,2.79976e-01,9.33525e-02,4.54025e-02,8.96090e-01,3.73647e-01,5.34126e-02,1.26824e-01,4.10047e-01
7.40952e-02,1.36089e+00,9.30506e-03,1.56546e+00,2.58136e-02,5.10695e-02,2.12471e-01,4.95558e-01,2.60746e-01,7.69391e-01,1.52917e-02,2.54752e+00,2.83301e-01,9.37556e-02,4.49817e-02,9.47888e-01,3.57733e-01,5.92628e-02,1.26869e-01,4.06481e-01
7.31275e-02,1.36240e+00,9.28919e-03,1.56779e+00,2.42103e-02,5.17784e-02,2.06865e-01,5.06118e-01,2.57518e-01,7.68855e-01,1.48837e-02,2.52812e+00,2.85864e-01,9.39792e-02,4.46745e-02,1.00118e+00,3.42234e-01,6.45319e-02,1.27152e-01,4.02866e-01
7.22454e-02,1.36488e+00,9.27224e-03,1.56887e+00,2.28874e-02,5.29404e-02,2.03240e-01,5.16720e-01,2.53778e-01,7.68822e-01,1.46827e-02,2.50887e+00,2.87631e-01,9.39941e-02,4.44743e-02,1.05121e+00,3.27593e-01,6.83004e-02,1.27684e-01,3.99133e-01
7.14286e-02,1.36818e+00,9.25719e-03,1.56956e+00,2.18164e-02,5.45736e-02,2.01660e-01,5.26898e-01,2.49635e-01,7.69357e-01,1.47043e-02,2.48977e+00,2.88619e-01,9.37713e-02,4.43247e-02,1.09199e+00,3.14125e-01,7.01189e-02,1.28441e-01,3.95358e-01
7.06764e-02,1.37247e+00,9.25416e-03,1.57022e+00,2.09359e-02,5.66337e-02,2.02004e-01,5.36622e-01,2.45178e-01,7.70305e-01,1.49442e-02,2.47087e+00,2.88850e-01,9.33235e-02,4.42480e-02,1.11871e+00,3.02051e-01,6.99712e-02,1.29464e-01,3.91640e-01
6.99646e-02,1.37800e+00,9.24979e-03,1.57103e+00,2.02114e-02,5.90268e-02,2.03958e-01,5.45630e-01,2.40438e-01,7.71919e-01,1.54490e-02,2.45220e+00,2.88366e-01,9.26275e-02,4.42020e-02,1.12912e+00,2.91411e-01,6.81949e-02,1.30635e-01,3.88045e-01
6.92929e-02,1.38465e+00,9.24200e-03,1.57187e+00,1.96261e-02,6.16056e-02,2.07111e-01,5.53553e-01,2.35570e-01,7.73920e-01,1.62208e-02,2.43393e+00,2.87219e-01,9.17187e-02,4.42052e-02,1.12365e+00,2.82239e-01,6.52339e-02,1.31916e-01,3.84579e-01
6.86507e-02,1.39237e+00,9.22523e-03,1.57259e+00,1.91512e-02,6.41866e-02,2.10961e-01,5.60314e-01,2.30627e-01,7.76626e-01,1.73328e-02,2.41618e+00,2.85492e-01,9.06347e-02,4.42424e-02,1.10481e+00,2.74466e-01,6.15439e-02,1.33200e-01,3.81276e-01
6.80250e-02,1.40088e+00,9.20587e-03,1.57300e+00,1.87569e-02,6.65310e-02,2.15101e-01,5.65672e-01,2.25648e-01,7.79783e-01,1.87860e-02,2.39894e+00,2.83211e-01,8.93919e-02,4.43602e-02,1.07621e+00,2.67981e-01,5.74995e-02,1.34396e-01,3.78222e-01
6.74185e-02,1.41010e+00,9.19595e-03,1.57293e+00,1.84328e-02,6.84467e-02,2.19196e-01,5.69523e-01,2.20760e-01,7.83665e-01,2.06052e-02,2.38229e+00,2.80441e-01,8.80297e-02,4.45712e-02,1.04166e+00,2.62648e-01,5.33689e-02,1.35385e-01,3.75465e-01
6.68221e-02,1.41956e+00,9.18464e-03,1.57239e+00,1.81688e-02,6.98193e-02,2.22965e-01,5.71914e-01,2.15984e-01,7.88121e-01,2.27588e-02,2.36634e+00,2.77294e-01,8.65781e-02,4.49422e-02,1.00466e+00,2.58312e-01,4.93358e-02,1.36092e-01,3.72982e-01
6.62175e-02,1.42899e+00,9.17648e-03,1.57132e+00,1.79471e-02,7.05626e-02,2.26204e-01,5.72876e-01,2.11405e-01,7.93268e-01,2.51813e-02,2.35132e+00,2.73793e-01,8.50708e-02,4.55287e-02,9.68178e-01,2.54759e-01,4.55024e-02,1.36430e-01,3.70833e-01
6.56322e-02,1.43795e+00,9.17062e-03,1.56999e+00,1.77682e-02,7.07012e-02,2.28720e-01,5.72409e-01,2.07041e-01,7.99101e-01,2.77878e-02,2.33727e+00,2.70024e-01,8.35495e-02,4.63710e-02,9.34455e-01,2.51885e-01,4.19401e-02,1.36300e-01,3.69120e-01
6.50570e-02,1.44620e+00,9.16283e-03,1.56881e+00,1.76269e-02,7.03358e-02,2.30321e-01,5.70697e-01,2.02979e-01,8.05651e-01,3.04576e-02,2.32411e+00,2.66082e-01,8.20167e-02,4.75198e-02,9.05022e-01,2.49539e-01,3.86599e-02,1.35711e-01,3.67745e-01
6.44943e-02,1.45350e+00,9.15511e-03,1.56815e+00,1.75050e-02,6.96427e-02,2.30824e-01,5.68074e-01,1.99198e-01,8.12839e-01,3.30335e-02,2.31213e+00,2.62031e-01,8.05192e-02,4.89999e-02,8.80792e-01,2.47621e-01,3.56847e-02,1.34599e-01,3.66671e-01
6.39491e-02,1.45986e+00,9.14284e-03,1.56825e+00,1.74000e-02,6.88667e-02,2.30118e-01,5.64702e-01,1.95768e-01,8.20704e-01,3.53944e-02,2.30123e+00,2.57940e-01,7.90633e-02,5.07793e-02,8.62048e-01,2.46040e-01,3.29976e-02,1.33015e-01,3.65964e-01
6.34264e-02,1.46510e+00,9.12734e-03,1.56943e+00,1.73190e-02,6.82615e-02,2.28207e-01,5.60834e-01,1.92666e-01,8.29149e-01,3.74340e-02,2.29127e+00,2.53886e-01,7.76851e-02,5.28301e-02,8.48507e-01,2.44760e-01,3.06019e-02,1.31001e-01,3.65610e-01
6.29332e-02,1.46929e+00,9.11399e-03,1.57196e+00,1.72385e-02,6.81486e-02,2.25197e-01,5.56646e-01,1.89916e-01,8.38020e-01,3.90756e-02,2.28272e+00,2.49882e-01,7.63805e-02,5.50636e-02,8.39654e-01,2.43777e-01,2.84769e-02,1.28584e-01,3.65543e-01
6.24740e-02,1.47258e+00,9.10451e-03,1.57586e+00,1.71708e-02,6.87975e-02,2.21315e-01,5.52391e-01,1.87533e-01,8.47271e-01,4.03020e-02,2.27530e+00,2.45994e-01,7.51670e-02,5.73708e-02,8.34764e-01,2.43080e-01,2.66020e-02,1.25858e-01,3.65733e-01
6.20471e-02,1.47517e+00,9.09186e-03,1.58095e+00,1.71118e-02,7.04347e-02,2.16797e-01,5.48182e-01,1.85498e-01,8.56717e-01,4.11122e-02,2.26881e+00,2.42254e-01,7.40343e-02,5.96472e-02,8.33201e-01,2.42697e-01,2.49676e-02,1.22855e-01,3.66195e-01
6.16526e-02,1.47724e+00,9.08184e-03,1.58699e+00,1.70592e-02,7.31108e-02,2.11887e-01,5.44148e-01,1.83797e-01,8.66201e-01,4.15619e-02,2.26338e+00,2.38679e-01,7.29952e-02,6.17919e-02,8.34422e-01,2.42609e-01,2.35431e-02,1.19652e-01,3.66882e-01
6.12759e-02,1.47907e+00,9.06791e-03,1.59380e+00,1.70115e-02,7.67327e-02,2.06783e-01,5.40316e-01,1.82401e-01,8.75643e-01,4.17109e-02,2.25894e+00,2.35282e-01,7.20301e-02,6.37341e-02,8.38245e-01,2.42838e-01,2.23241e-02,1.16335e-01,3.67712e-01
6.09507e-02,1.48086e+00,9.05356e-03,1.60101e+00,1.69623e-02,8.09783e-02,2.01584e-01,5.36637e-01,1.81331e-01,8.84778e-01,4.16561e-02,2.25551e+00,2.32103e-01,7.11563e-02,6.54041e-02,8.44585e-01,2.43402e-01,2.12838e-02,1.12902e-01,3.68746e-01
6.06399e-02,1.48269e+00,9.03727e-03,1.60794e+00,1.69257e-02,8.53830e-02,1.96383e-01,5.33108e-01,1.80501e-01,8.93525e-01,4.14618e-02,2.25287e+00,2.29150e-01,7.03772e-02,6.67656e-02,8.53236e-01,2.44275e-01,2.04186e-02,1.09433e-01,3.69922e-01
6.03750e-02,1.48479e+00,9.02037e-03,1.61416e+00,1.68913e-02,8.94270e-02,1.91153e-01,5.29656e-01,1.79967e-01,9.01761e-01,4.12415e-02,2.25114e+00,2.26407e-01,6.96665e-02,6.78020e-02,8.64382e-01,2.45434e-01,1.96955e-02,1.05938e-01,3.71133e-01
6.01261e-02,1.48732e+00,9.00563e-03,1.61943e+00,1.68477e-02,9.26298e-02,1.85874e-01,5.26159e-01,1.79655e-01,9.09350e-01,4.10508e-02,2.25034e+00,2.23911e-01,6.90485e-02,6.84907e-02,8.77599e-01,2.46817e-01,1.90934e-02,1.02476e-01,3.72418e-01
5.99128e-02,1.49024e+00,8.98487e-03,1.62324e+00,1.68132e-02,9.46518e-02,1.80486e-01,5.22572e-01,1.79583e-01,9.16372e-01,4.09643e-02,2.25012e+00,2.21663e-01,6.85015e-02,6.88280e-02,8.92115e-01,2.48361e-01,1.86062e-02,9.90908e-02,3.73708e-01
5.97219e-02,1.49356e+00,8.96709e-03,1.62532e+00,1.67826e-02,9.53360e-02,1.74966e-01,5.18916e-01,1.79756e-01,9.22646e-01,4.10191e-02,2.25079e+00,2.19686e-01,6.80190e-02,6.88025e-02,9.07006e-01,2.50009e-01,1.82137e-02,9.57478e-02,3.74961e-01
5.95481e-02,1.49728e+00,8.95136e-03,1.62545e+00,1.67415e-02,9.46824e-02,1.69302e-01,5.15117e-01,1.80138e-01,9.28290e-01,4.12540e-02,2.25255e+00,2.17962e-01,6.76183e-02,6.84315e-02,9.20878e-01,2.51664e-01,1.79032e-02,9.24969e-02,3.76119e-01
5.94033e-02,1.50129e+00,8.92935e-03,1.62360e+00,1.67077e-02,9.28265e-02,1.63500e-01,5.11161e-01,1.80788e-01,9.33269e-01,4.16885e-02,2.25520e+00,2.16503e-01,6.72717e-02,6.77255e-02,9.32400e-01,2.53240e-01,1.76633e-02,8.93772e-02,3.77172e-01
5.92734e-02,1.50566e+00,8.91270e-03,1.61979e+00,1.66798e-02,9.00016e-02,1.57614e-01,5.07182e-01,1.81656e-01,9.37674e-01,4.23018e-02,2.25882e+00,2.15299e-01,6.69852e-02,6.67206e-02,9.40545e-01,2.54647e-01,1.74794e-02,8.63627e-02,3.78061e-01
5.91544e-02,1.51025e+00,8.89356e-03,1.61411e+00,1.66480e-02,8.64639e-02,1.51682e-01,5.03211e-01,1.82734e-01,9.41501e-01,4.30999e-02,2.26352e+00,2.14301e-01,6.67431e-02,6.54527e-02,9.44281e-01,2.55832e-01,1.73466e-02,8.34702e-02,3.78757e-01
5.90459e-02,1.51486e+00,8.87375e-03,1.60669e+00,1.66208e-02,8.24828e-02,1.45800e-01,4.99369e-01,1.84002e-01,9.44978e-01,4.40432e-02,2.26945e+00,2.13517e-01,6.65539e-02,6.39479e-02,9.43257e-01,2.56731e-01,1.72508e-02,8.07240e-02,3.79273e-01
5.89493e-02,1.51960e+00,8.85728e-03,1.59803e+00,1.65876e-02,7.83106e-02,1.40044e-01,4.95928e-01,1.85392e-01,9.48004e-01,4.51106e-02,2.27645e+00,2.12925e-01,6.64032e-02,6.22533e-02,9.37422e-01,2.57348e-01,1.71825e-02,7.81175e-02,3.79559e-01
5.88639e-02,1.52443e+00,8.84220e-03,1.58814e+00,1.65535e-02,7.41377e-02,1.34485e-01,4.92911e-01,1.86843e-01,9.50933e-01,4.62279e-02,2.28496e+00,2.12497e-01,6.62919e-02,6.04240e-02,9.27027e-01,2.57612e-01,1.71386e-02,7.56413e-02,3.79628e-01
5.87891e-02,1.52926e+00,8.82608e-03,1.57743e+00,1.65167e-02,7.01370e-02,1.29197e-01,4.90530e-01,1.88235e-01,9.53643e-01,4.73594e-02,2.29467e+00,2.12164e-01,6.62053e-02,5.84898e-02,9.12589e-01,2.57561e-01,1.71080e-02,7.33213e-02,3.79493e-01
5.87168e-02,1.53423e+00,8.80324e-03,1.56625e+00,1.64836e-02,6.64249e-02,1.24219e-01,4.88968e-01,1.89512e-01,9.56400e-01,4.84446e-02,2.30530e+00,2.11916e-01,6.61469e-02,5.65031e-02,8.94882e-01,2.57183e-01,1.70917e-02,7.11564e-02,3.79124e-01
5.86493e-02,1.53952e+00,8.78679e-03,1.55479e+00,1.64543e-02,6.30581e-02,1.19623e-01,4.88203e-01,1.90542e-01,9.59180e-01,4.94346e-02,2.31729e+00,2.11708e-01,6.61199e-02,5.44885e-02,8.74692e-01,2.56513e-01,1.70802e-02,6.91548e-02,3.78596e-01
5.85901e-02,1.54508e+00,8.77444e-03,1.54321e+00,1.64294e-02,6.00915e-02,1.15446e-01,4.88322e-01,1.91254e-01,9.62181e-01,5.02988e-02,2.33048e+00,2.11508e-01,6.60977e-02,5.24706e-02,8.52769e-01,2.55572e-01,1.70696e-02,6.73163e-02,3.77902e-01
5.85379e-02,1.55106e+00,8.75815e-03,1.53162e+00,1.64028e-02,5.75406e-02,1.11723e-01,4.89379e-01,1.91576e-01,9.65436e-01,5.09939e-02,2.34432e+00,2.11312e-01,6.60940e-02,5.04873e-02,8.29852e-01,2.54432e-01,1.70671e-02,6.56444e-02,3.77083e-01
5.84804e-02,1.55772e+00,8.73967e-03,1.52010e+00,1.63735e-02,5.53681e-02,1.08471e-01,4.91147e-01,1.91496e-01,9.69037e-01,5.15108e-02,2.35882e+00,2.11089e-01,6.60995e-02,4.85526e-02,8.06604e-01,2.53079e-01,1.70600e-02,6.41155e-02,3.76171e-01
5.84253e-02,1.56506e+00,8.72160e-03,1.50863e+00,1.63449e-02,5.35744e-02,1.05719e-01,4.93612e-01,1.90972e-01,9.72978e-01,5.18277e-02,2.37383e+00,2.10806e-01,6.60994e-02,4.66874e-02,7.83405e-01,2.51580e-01,1.70533e-02,6.27532e-02,3.75267e-01
5.83680e-02,1.57310e+00,8.70416e-03,1.49710e+00,1.63155e-02,5.21125e-02,1.03494e-01,4.96723e-01,1.89994e-01,9.77330e-01,5.19497e-02,2.38896e+00,2.10477e-01,6.61149e-02,4.49019e-02,7.60816e-01,2.49978e-01,1.70492e-02,6.15594e-02,3.74345e-01
5.83204e-02,1.58206e+00,8.68810e-03,1.48563e+00,1.62761e-02,5.09365e-02,1.01783e-01,5.00112e-01,1.88605e-01,9.82134e-01,5.18778e-02,2.40412e+00,2.10081e-01,6.61167e-02,4.32017e-02,7.38993e-01,2.48290e-01,1.70447e-02,6.05300e-02,3.73433e-01
5.82660e-02,1.59184e+00,8.67067e-03,1.47430e+00,1.62438e-02,4.99974e-02,1.00593e-01,5.03766e-01,1.86820e-01,9.87373e-01,5.16385e-02,2.41900e+00,2.09589e-01,6.61243e-02,4.16070e-02,7.18209e-01,2.46530e-01,1.70407e-02,5.96033e-02,3.72624e-01
5.82192e-02,1.60256e+00,8.65553e-03,1.46298e+00,1.62145e-02,4.92557e-02,9.99071e-02,5.07431e-01,1.84723e-01,9.92990e-01,5.12502e-02,2.43349e+00,2.09051e-01,6.61167e-02,4.01175e-02,6.98468e-01,2.44725e-01,1.70318e-02,5.88533e-02,3.71925e-01
5.81574e-02,1.61426e+00,8.63774e-03,1.45177e+00,1.61805e-02,4.86416e-02,9.97074e-02,5.11050e-01,1.82368e-01,9.99005e-01,5.07295e-02,2.44735e+00,2.08456e-01,6.61052e-02,3.87398e-02,6.79970e-01,2.42885e-01,1.70220e-02,5.82298e-02,3.71345e-01
5.80969e-02,1.62658e+00,8.61632e-03,1.44058e+00,1.61573e-02,4.81062e-02,9.99485e-02,5.14559e-01,1.79817e-01,1.00537e+00,5.01045e-02,2.46046e+00,2.07788e-01,6.60961e-02,3.74614e-02,6.62600e-01,2.41000e-01,1.70116e-02,5.76912e-02,3.70887e-01
5.80338e-02,1.63955e+00,8.59642e-03,1.42962e+00,1.61272e-02,4.76339e-02,1.00609e-01,5.17796e-01,1.77148e-01,1.01202e+00,4.93916e-02,2.47285e+00,2.07084e-01,6.60738e-02,3.62922e-02,6.46404e-01,2.39093e-01,1.69980e-02,5.72748e-02,3.70586e-01
5.79670e-02,1.65302e+00,8.57835e-03,1.41912e+00,1.61129e-02,4.71537e-02,1.01633e-01,5.20723e-01,1.74416e-01,1.01885e+00,4.86089e-02,2.48443e+00,2.06357e-01,6.60457e-02,3.52171e-02,6.31316e-01,2.37139e-01,1.69851e-02,5.69435e-02,3.70450e-01
5.79011e-02,1.66678e+00,8.55516e-03,1.40910e+00,1.61264e-02,4.66631e-02,1.02928e-01,5.23326e-01,1.71689e-01,1.02575e+00,4.77664e-02,2.49536e+00,2.05614e-01,6.61688e-02,3.42454e-02,6.17166e-01,2.35138e-01,1.69688e-02,5.66636e-02,3.70433e-01
5.79031e-02,1.68068e+00,8.53217e-03,1.39984e+00,1.61590e-02,4.61320e-02,1.04448e-01,5.25535e-01,1.69005e-01,1.03262e+00,4.68647e-02,2.50556e+00,2.04861e-01,6.61721e-02,3.33702e-02,6.04068e-01,2.33093e-01,1.69500e-02,5.64544e-02,3.70525e-01
5.78807e-02,1.69437e+00,8.51324e-03,1.39136e+00,1.62136e-02,4.55519e-02,1.06118e-01,5.27456e-01,1.66411e-01,1.03938e+00,4.59263e-02,2.51497e+00,2.04110e-01,6.61553e-02,3.25909e-02,5.91805e-01,2.31000e-01,1.69318e-02,5.62830e-02,3.70746e-01
5.78214e-02,1.70770e+00,8.49608e-03,1.38395e+00,1.62795e-02,4.49068e-02,1.07876e-01,5.28938e-01,1.63919e-01,1.04590e+00,4.49347e-02,2.52372e+00,2.03401e-01,6.61438e-02,3.18968e-02,5.80365e-01,2.28837e-01,1.69133e-02,5.61493e-02,3.71104e-01
5.77547e-02,1.72045e+00,8.48031e-03,1.37776e+00,1.63758e-02,4.42092e-02,1.09657e-01,5.30125e-01,1.61562e-01,1.05202e+00,4.39154e-02,2.53202e+00,2.02679e-01,6.61132e-02,3.12770e-02,5.69647e-01,2.26620e-01,1.68939e-02,5.60665e-02,3.71976e-01
5.76991e-02,1.73245e+00,8.47146e-03,1.37288e+00,1.65173e-02,4.34730e-02,1.11436e-01,5.30915e-01,1.59353e-01,1.05765e+00,4.28455e-02,2.54002e+00,2.01984e-01,6.60447e-02,3.07390e-02,5.59578e-01,2.24347e-01,1.68738e-02,5.60338e-02,3.73108e-01
5.76507e-02,1.74372e+00,8.46678e-03,1.36947e+00,1.67077e-02,4.26883e-02,1.13189e-01,5.31462e-01,1.57287e-01,1.06275e+00,4.17503e-02,2.54778e+00,2.01315e-01,6.59574e-02,3.02727e-02,5.50114e-01,2.21973e-01,1.68502e-02,5.60048e-02,3.74347e-01
5.76053e-02,1.75396e+00,8.46662e-03,1.36765e+00,1.69714e-02,4.18844e-02,1.14895e-01,5.31716e-01,1.55364e-01,1.06719e+00,4.06231e-02,2.55549e+00,2.00695e-01,6.58669e-02,2.98724e-02,5.41171e-01,2.19521e-01,1.68258e-02,5.59962e-02,3.75738e-01
5.75571e-02,1.76329e+00,8.46408e-03,1.36764e+00,1.73070e-02,4.10577e-02,1.16581e-01,5.31703e-01,1.53617e-01,1.07096e+00,3.94803e-02,2.56342e+00,2.00100e-01,6.57912e-02,2.95292e-02,5.32766e-01,2.17017e-01,1.68015e-02,5.59855e-02,3.77201e-01
5.75247e-02,1.77160e+00,8.45804e-03,1.36972e+00,1.77091e-02,4.02292e-02,1.18235e-01,5.31463e-01,1.52014e-01,1.07404e+00,3.83288e-02,2.57173e+00,1.99554e-01,6.57380e-02,2.92395e-02,5.24795e-01,2.14511e-01,1.67790e-02,5.59898e-02,3.78706e-01
5.75164e-02,1.77896e+00,8.44407e-03,1.37371e+00,1.81715e-02,3.94091e-02,1.19933e-01,5.31083e-01,1.50550e-01,1.07644e+00,3.71668e-02,2.58041e+00,1.99050e-01,6.57061e-02,2.89931e-02,5.17131e-01,2.11995e-01,1.67539e-02,5.59954e-02,3.80210e-01
5.75409e-02,1.78552e+00,8.42649e-03,1.37995e+00,1.86673e-02,3.85983e-02,1.21627e-01,5.30552e-01,1.49232e-01,1.07816e+00,3.60066e-02,2.58953e+00,1.98597e-01,6.56741e-02,2.87878e-02,5.10005e-01,2.09525e-01,1.67240e-02,5.59805e-02,3.81917e-01
5.76010e-02,1.79108e+00,8.40429e-03,1.38871e+00,1.91433e-02,3.78090e-02,1.23390e-01,5.29983e-01,1.48045e-01,1.07923e+00,3.48507e-02,2.59930e+00,1.98165e-01,6.56566e-02,2.86298e-02,5.03161e-01,2.07087e-01,1.66945e-02,5.59528e-02,3.83781e-01
5.77188e-02,1.79595e+00,8.37780e-03,1.39990e+00,1.95444e-02,3.70453e-02,1.25204e-01,5.29473e-01,1.47001e-01,1.07968e+00,3.37025e-02,2.60958e+00,1.97822e-01,6.56281e-02,2.85028e-02,4.96682e-01,2.04689e-01,1.66624e-02,5.58992e-02,3.85827e-01
5.79001e-02,1.80012e+00,8.34832e-03,1.41397e+00,1.98485e-02,3.63149e-02,1.27096e-01,5.29012e-01,1.46070e-01,1.07975e+00,3.25748e-02,2.62034e+00,1.97499e-01,6.56013e-02,2.84152e-02,4.90646e-01,2.02353e-01,1.66328e-02,5.57953e-02,3.88073e-01
5.81447e-02,1.80375e+00,8.32060e-03,1.43099e+00,2.00409e-02,3.56219e-02,1.29021e-01,5.28768e-01,1.45262e-01,1.07933e+00,3.14706e-02,2.63181e+00,1.97227e-01,6.55566e-02,2.83636e-02,4.84873e-01,2.00102e-01,1.66054e-02,5.56618e-02,3.90499e-01
5.84436e-02,1.80695e+00,8.29484e-03,1.45107e+00,2.00988e-02,3.49728e-02,1.30980e-01,5.28876e-01,1.44546e-01,1.07876e+00,3.03956e-02,2.64382e+00,1.97012e-01,6.55118e-02,2.83529e-02,4.79616e-01,1.97975e-01,1.65761e-02,5.55221e-02,3.93113e-01
5.88095e-02,1.80987e+00,8.27548e-03,1.47433e+00,2.00452e-02,3.43673e-02,1.32910e-01,5.29399e-01,1.43935e-01,1.07800e+00,2.93537e-02,2.65620e+00,1.96887e-01,6.54551e-02,2.83792e-02,4.74737e-01,1.96001e-01,1.65430e-02,5.53823e-02,3.95920e-01
5.91834e-02,1.81245e+00,8.25395e-03,1.50073e+00,1.98950e-02,3.38002e-02,1.34797e-01,5.30550e-01,1.43395e-01,1.07734e+00,2.83454e-02,2.66908e+00,1.96828e-01,6.53934e-02,2.84454e-02,4.70328e-01,1.94245e-01,1.65083e-02,5.52559e-02,3.98865e-01
5.95650e-02,1.81483e+00,8.23353e-03,1.53017e+00,1.96654e-02,3.32807e-02,1.36562e-01,5.32422e-01,1.42938e-01,1.07679e+00,2.73791e-02,2.68236e+00,1.96875e-01,6.53127e-02,2.85411e-02,4.66386e-01,1.92769e-01,1.64723e-02,5.51477e-02,4.01921e-01
5.99156e-02,1.81725e+00,8.21121e-03,1.56232e+00,1.93853e-02,3.28007e-02,1.38155e-01,5.35128e-01,1.42544e-01,1.07656e+00,2.64545e-02,2.69587e+00,1.97044e-01,6.52155e-02,2.86633e-02,4.62877e-01,1.91616e-01,1.64367e-02,5.50635e-02,4.05002e-01
6.02086e-02,1.81974e+00,8.18893e-03,1.59677e+00,1.90593e-02,3.23582e-02,1.39527e-01,5.38775e-01,1.42201e-01,1.07681e+00,2.55773e-02,2.70963e+00,1.97348e-01,6.50999e-02,2.88082e-02,4.59816e-01,1.90834e-01,1.64010e-02,5.49955e-02,4.08097e-01
6.04296e-02,1.82214e+00,8.16981e-03,1.63303e+00,1.87031e-02,3.19688e-02,1.40648e-01,5.43529e-01,1.41908e-01,1.07754e+00,2.47542e-02,2.72366e+00,1.97819e-01,6.49627e-02,2.89626e-02,4.57162e-01,1.90403e-01,1.63664e-02,5.49606e-02,4.11059e-01
6.05726e-02,1.82480e+00,8.15507e-03,1.67019e+00,1.83379e-02,3.15992e-02,1.41456e-01,5.49346e-01,1.41666e-01,1.07907e+00,2.39786e-02,2.73793e+00,1.98474e-01,6.48144e-02,2.91108e-02,4.55012e-01,1.90281e-01,1.63330e-02,5.49491e-02,4.13817e-01
6.06169e-02,1.82776e+00,8.13756e-03,1.70751e+00,1.79770e-02,3.12872e-02,1.41933e-01,5.56265e-01,1.41438e-01,1.08134e+00,2.32626e-02,2.75233e+00,1.99266e-01,6.46481e-02,2.94635e-02,4.53553e-01,1.90419e-01,1.63008e-02,5.49510e-02,4.16273e-01
6.05773e-02,1.83096e+00,8.11790e-03,1.74407e+00,1.76232e-02,3.09836e-02,1.42052e-01,5.64218e-01,1.41255e-01,1.08449e+00,2.25987e-02,2.76686e+00,2.00237e-01,6.44744e-02,2.96801e-02,4.53255e-01,1.90767e-01,1.62670e-02,5.49752e-02,4.18373e-01
6.04558e-02,1.83441e+00,8.10421e-03,1.77898e+00,1.72737e-02,3.07338e-02,1.41800e-01,5.73118e-01,1.41070e-01,1.08858e+00,2.19882e-02,2.78170e+00,2.01353e-01,6.42921e-02,2.98284e-02,4.54704e-01,1.91251e-01,1.62326e-02,5.50171e-02,4.20063e-01
6.02608e-02,1.83810e+00,8.09000e-03,1.81147e+00,1.69541e-02,3.04951e-02,1.41190e-01,5.82778e-01,1.40922e-01,1.09360e+00,2.14257e-02,2.79671e+00,2.02585e-01,6.41104e-02,2.99392e-02,4.59475e-01,1.91792e-01,1.62029e-02,5.50711e-02,4.21353e-01
6.00169e-02,1.84208e+00,8.07515e-03,1.84081e+00,1.66674e-02,3.02968e-02,1.40234e-01,5.93012e-01,1.40770e-01,1.09966e+00,2.09008e-02,2.81170e+00,2.03860e-01,6.39326e-02,2.99951e-02,4.69721e-01,1.92335e-01,1.61730e-02,5.51226e-02,4.22145e-01
5.97397e-02,1.84630e+00,8.05331e-03,1.86628e+00,1.64058e-02,3.01143e-02,1.38954e-01,6.03492e-01,1.40641e-01,1.10663e+00,2.04141e-02,2.82663e+00,2.05184e-01,6.37552e-02,3.00145e-02,4.84316e-01,1.92845e-01,1.61430e-02,5.51641e-02,4.22439e-01
5.94311e-02,1.85058e+00,8.03263e-03,1.88782e+00,1.61767e-02,2.99582e-02,1.37383e-01,6.13972e-01,1.40500e-01,1.11445e+00,1.99578e-02,2.84149e+00,2.06470e-01,6.35835e-02,2.99869e-02,4.97268e-01,1.93284e-01,1.61140e-02,5.51520e-02,4.22309e-01
5.91279e-02,1.85480e+00,8.01169e-03,1.90499e+00,1.59768e-02,2.98269e-02,1.35555e-01,6.24215e-01,1.40353e-01,1.12310e+00,1.95284e-02,2.85621e+00,2.07665e-01,6.34095e-02,2.99251e-02,5.03980e-01,1.93631e-01,1.60847e-02,5.50877e-02,4.21698e-01
5.88217e-02,1.85906e+00,7.99172e-03,1.91762e+00,1.57935e-02,2.97201e-02,1.33515e-01,6.33880e-01,1.40204e-01,1.13233e+00,1.91162e-02,2.87053e+00,2.08705e-01,6.32421e-02,2.98384e-02,5.04555e-01,1.93856e-01,1.60551e-02,5.49585e-02,4.20610e-01
5.85433e-02,1.86292e+00,7.97495e-03,1.92609e+00,1.56271e-02,2.96276e-02,1.31301e-01,6.42709e-01,1.40058e-01,1.14215e+00,1.87255e-02,2.88438e+00,2.09567e-01,6.30722e-02,2.97482e-02,5.02208e-01,1.93926e-01,1.60335e-02,5.47549e-02,4.19127e-01
5.82819e-02,1.86635e+00,7.95650e-03,1.93062e+00,1.54866e-02,2.95838e-02,1.28954e-01,6.50580e-01,1.39912e-01,1.15219e+00,1.83514e-02,2.89779e+00,2.10209e-01,6.29052e-02,2.96740e-02,5.00350e-01,1.93847e-01,1.60143e-02,5.44866e-02,4.17260e-01
5.80710e-02,1.86911e+00,7.93867e-03,1.93163e+00,1.53614e-02,2.95627e-02,1.26520e-01,6.57442e-01,1.39746e-01,1.16246e+00,1.79848e-02,2.91061e+00,2.10615e-01,6.27340e-02,2.96376e-02,5.00993e-01,1.93615e-01,1.59904e-02,5.41354e-02,4.14968e-01
5.78895e-02,1.87114e+00,7.92318e-03,1.92975e+00,1.52569e-02,2.96495e-02,1.24019e-01,6.63122e-01,1.39582e-01,1.17256e+00,1.76366e-02,2.92266e+00,2.10770e-01,6.25683e-02,2.96412e-02,5.04788e-01,1.93253e-01,1.59695e-02,5.37110e-02,4.12345e-01
5.77418e-02,1.87225e+00,7.91150e-03,1.92563e+00,1.51698e-02,2.98697e-02,1.21483e-01,6.67744e-01,1.39402e-01,1.18235e+00,1.73025e-02,2.93390e+00,2.10692e-01,6.24052e-02,2.96980e-02,5.10712e-01,1.92758e-01,1.59463e-02,5.32398e-02,4.09434e-01
5.76256e-02,1.87219e+00,7.89548e-03,1.91984e+00,1.50958e-02,3.03432e-02,1.18966e-01,6.71390e-01,1.39213e-01,1.19159e+00,1.69776e-02,2.94435e+00,2.10343e-01,6.22380e-02,2.98406e-02,5.17060e-01,1.92156e-01,1.59189e-02,5.27579e-02,4.06193e-01
5.75492e-02,1.87094e+00,7.87643e-03,1.91304e+00,1.50338e-02,3.11619e-02,1.16491e-01,6.74251e-01,1.39023e-01,1.19998e+00,1.66664e-02,2.95415e+00,2.09816e-01,6.20711e-02,3.00786e-02,5.22135e-01,1.91465e-01,1.58885e-02,5.22367e-02,4.02694e-01
5.74882e-02,1.86841e+00,7.85480e-03,1.90587e+00,1.49819e-02,3.23258e-02,1.14086e-01,6.76717e-01,1.38821e-01,1.20746e+00,1.63665e-02,2.96343e+00,2.09103e-01,6.19019e-02,3.04215e-02,5.25462e-01,1.90681e-01,1.58545e-02,5.17253e-02,3.98987e-01
5.74344e-02,1.86459e+00,7.82949e-03,1.89890e+00,1.49404e-02,3.37022e-02,1.11779e-01,6.79039e-01,1.38604e-01,1.21375e+00,1.60851e-02,2.97213e+00,2.08238e-01,6.17364e-02,3.08803e-02,5.27058e-01,1.89828e-01,1.58147e-02,5.12005e-02,3.95065e-01
5.73954e-02,1.85928e+00,7.81087e-03,1.89264e+00,1.48984e-02,3.50620e-02,1.09611e-01,6.81540e-01,1.38377e-01,1.21868e+00,1.58172e-02,2.98035e+00,2.07279e-01,6.15611e-02,3.14754e-02,5.27317e-01,1.88901e-01,1.57701e-02,5.06953e-02,3.91022e-01
5.73466e-02,1.85262e+00,7.79525e-03,1.88734e+00,1.48570e-02,3.61271e-02,1.07597e-01,6.84799e-01,1.38148e-01,1.22204e+00,1.55656e-02,2.98806e+00,2.06238e-01,6.13984e-02,3.21922e-02,5.26985e-01,1.87911e-01,1.57250e-02,5.02381e-02,3.86872e-01
5.72934e-02,1.84466e+00,7.78283e-03,1.88325e+00,1.48293e-02,3.67510e-02,1.05775e-01,6.89079e-01,1.37908e-01,1.22377e+00,1.53333e-02,2.99544e+00,2.05134e-01,6.12395e-02,3.30174e-02,5.26471e-01,1.86873e-01,1.56785e-02,4.98172e-02,3.82621e-01
5.72262e-02,1.83561e+00,7.77203e-03,1.88052e+00,1.48029e-02,3.68932e-02,1.04137e-01,6.94971e-01,1.37654e-01,1.22376e+00,1.51272e-02,3.00285e+00,2.04008e-01,6.10759e-02,3.39198e-02,5.26037e-01,1.85785e-01,1.56327e-02,4.94427e-02,3.78326e-01
5.71187e-02,1.82528e+00,7.75984e-03,1.87907e+00,1.47737e-02,3.66116e-02,1.02726e-01,7.02772e-01,1.37401e-01,1.22189e+00,1.49416e-02,3.01027e+00,2.02886e-01,6.09146e-02,3.48637e-02,5.25698e-01,1.84689e-01,1.55835e-02,4.91077e-02,3.74080e-01
5.69711e-02,1.81405e+00,7.74698e-03,1.87886e+00,1.47431e-02,3.60359e-02,1.01539e-01,7.12898e-01,1.37144e-01,1.21816e+00,1.47767e-02,3.01780e+00,2.01762e-01,6.07632e-02,3.57897e-02,5.25498e-01,1.83581e-01,1.55429e-02,4.88198e-02,3.69889e-01
5.67792e-02,1.80191e+00,7.73175e-03,1.87976e+00,1.47151e-02,3.52926e-02,1.00596e-01,7.25652e-01,1.36883e-01,1.21260e+00,1.46333e-02,3.02560e+00,2.00666e-01,6.06092e-02,3.66531e-02,5.25441e-01,1.82467e-01,1.55037e-02,4.85728e-02,3.65760e-01
5.65600e-02,1.78935e+00,7.71416e-03,1.88144e+00,1.47821e-02,3.47470e-02,9.99823e-02,7.41190e-01,1.36618e-01,1.20625e+00,1.45316e-02,3.03450e+00,1.99583e-01,6.04688e-02,3.81820e-02,5.25514e-01,1.81407e-01,1.54587e-02,4.83699e-02,3.61745e-01
5.63051e-02,1.77799e+00,7.80675e-03,1.88384e+00,1.51339e-02,3.43610e-02,1.00035e-01,7.60078e-01,1.36475e-01,1.19934e+00,1.64968e-02,3.04608e+00,1.98543e-01,6.03673e-02,4.00690e-02,5.25766e-01,1.80466e-01,1.55750e-02,5.22842e-02,3.57877e-01
5.60497e-02,1.79135e+00,8.07689e-03,1.88707e+00,1.58811e-02,5.83598e-02,1.01912e-01,7.83197e-01,1.36370e-01,1.19414e+00,2.35743e-02,3.05862e+00,1.97515e-01,6.02590e-02,4.68040e-02,5.26513e-01,1.79672e-01,1.56280e-02,6.23138e-02,3.54197e-01
5.57767e-02,1.80464e+00,8.40499e-03,1.89109e+00,1.69181e-02,1.31058e-01,1.20868e-01,8.10916e-01,1.36272e-01,1.19163e+00,3.79503e-02,3.07331e+00,1.96542e-01,6.01539e-02,6.13666e-02,5.27879e-01,1.78941e-01,1.56678e-02,7.68348e-02,3.50721e-01
5.54750e-02,1.78515e+00,8.77044e-03,1.89515e+00,1.82299e-02,2.49247e-01,1.75651e-01,8.41319e-01,1.36190e-01,1.19273e+00,5.09148e-02,3.08931e+00,1.95580e-01,6.00654e-02,8.07603e-02,5.30183e-01,1.78269e-01,1.57563e-02,8.96012e-02,3.47398e-01
5.51338e-02,1.76451e+00,9.07409e-03,1.89818e+00,1.94992e-02,3.65074e-01,2.33437e-01,8.72326e-01,1.36114e-01,1.19739e+00,5.84588e-02,3.10630e+00,1.94634e-01,5.99877e-02,9.46275e-02,5.33771e-01,1.77624e-01,1.59054e-02,1.01198e-01,3.44310e-01
5.48064e-02,1.75282e+00,9.29346e-03,1.90034e+00,2.05099e-02,4.49911e-01,2.69342e-01,9.03554e-01,1.36051e-01,1.20409e+00,6.10379e-02,3.12472e+00,1.93749e-01,5.99227e-02,1.01969e-01,5.38734e-01,1.77052e-01,1.60516e-02,1.15586e-01,3.41449e-01
5.44787e-02,1.74808e+00,9.44851e-03,1.90210e+00,2.13311e-02,6.09066e-01,3.02558e-01,9.34493e-01,1.35974e-01,1.20994e+00,5.93807e-02,3.14528e+00,1.92852e-01,5.98685e-02,1.06616e-01,5.45116e-01,1.76550e-01,1.62005e-02,1.35355e-01,3.38816e-01
5.41598e-02,1.74866e+00,9.62111e-03,1.90359e+00,2.20837e-02,1.16384e+00,3.51283e-01,9.64928e-01,1.35879e-01,1.21295e+00,5.52579e-02,3.16815e+00,1.91950e-01,5.98163e-02,1.07451e-01,5.52594e-01,1.76086e-01,1.63553e-02,1.59290e-01,3.36377e-01
5.38628e-02,1.75354e+00,9.75865e-03,1.90515e+00,2.26684e-02,2.05789e+00,4.26087e-01,9.94613e-01,1.35824e-01,1.21401e+00,5.04590e-02,3.19362e+00,1.91034e-01,5.97824e-02,1.04290e-01,5.60646e-01,1.75669e-01,1.65173e-02,1.81113e-01,3.34140e-01
5.35867e-02,1.76199e+00,9.85539e-03,1.90712e+00,2.31216e-02,2.39993e+00,5.15418e-01,1.02304e+00,1.35802e-01,1.21536e+00,4.58210e-02,3.22081e+00,1.90145e-01,5.97680e-02,9.89006e-02,5.68552e-01,1.75283e-01,1.66727e-02,1.94012e-01,3.32135e-01
5.33343e-02,1.77350e+00,9.88870e-03,1.90981e+00,2.33645e-02,2.11469e+00,5.86123e-01,1.04975e+00,1.35799e-01,1.22012e+00,4.16258e-02,3.24831e+00,1.89262e-01,5.97726e-02,9.33439e-02,5.75687e-01,1.74946e-01,1.68094e-02,1.95487e-01,3.30309e-01
5.31091e-02,1.78768e+00,9.86168e-03,1.91361e+00,2.34296e-02,1.64628e+00,6.21261e-01,1.07432e+00,1.35818e-01,1.23015e+00,3.80068e-02,3.27553e+00,1.88413e-01,5.97943e-02,8.88132e-02,5.81512e-01,1.74669e-01,1.69198e-02,1.87705e-01,3.28671e-01
5.28991e-02,1.80359e+00,9.78854e-03,1.91897e+00,2.34109e-02,1.23056e+00,6.21230e-01,1.09649e+00,1.35870e-01,1.24621e+00,3.50215e-02,3.30180e+00,1.87608e-01,5.98172e-02,8.55084e-02,5.85763e-01,1.74431e-01,1.70086e-02,1.74787e-01,3.27207e-01
5.27292e-02,1.82115e+00,9.68496e-03,1.92710e+00,2.33158e-02,9.16600e-01,5.93130e-01,1.11617e+00,1.35962e-01,1.26791e+00,3.26289e-02,3.32652e+00,1.86821e-01,5.98343e-02,8.31887e-02,5.88313e-01,1.74229e-01,1.70542e-02,1.60413e-01,3.25874e-01
5.25822e-02,1.84100e+00,9.54770e-03,1.94035e+00,2.32149e-02,6.92334e-01,5.51368e-01,1.13346e+00,1.36062e-01,1.29405e+00,3.07040e-02,3.34969e+00,1.86066e-01,5.98524e-02,8.15378e-02,5.89273e-01,1.74044e-01,1.70610e-02,1.46914e-01,3.24695e-01
5.24633e-02,1.86365e+00,9.42255e-03,1.96163e+00,2.31089e-02,5.35562e-01,5.15950e-01,1.14839e+00,1.36174e-01,1.32304e+00,2.91604e-02,3.37102e+00,1.85360e-01,5.98697e-02,8.04380e-02,5.88879e-01,1.73876e-01,1.70136e-02,1.35433e-01,3.23615e-01
5.23851e-02,1.88884e+00,9.30643e-03,1.99319e+00,2.29109e-02,4.27303e-01,5.10593e-01,1.16108e+00,1.36285e-01,1.35276e+00,2.79270e-02,3.39097e+00,1.84688e-01,5.98878e-02,7.99736e-02,5.87286e-01,1.73668e-01,1.69301e-02,1.26203e-01,3.22602e-01
5.23284e-02,1.91436e+00,9.22394e-03,2.03590e+00,2.26666e-02,3.54067e-01,5.75692e-01,1.17152e+00,1.36370e-01,1.38105e+00,2.69970e-02,3.40978e+00,1.84047e-01,5.99098e-02,8.03277e-02,5.84790e-01,1.73459e-01,1.68044e-02,1.19066e-01,3.21678e-01
5.22845e-02,1.93762e+00,9.17827e-03,2.08923e+00,2.23453e-02,3.07536e-01,8.11447e-01,1.17960e+00,1.36410e-01,1.40643e+00,2.64181e-02,3.42734e+00,1.83441e-01,5.99460e-02,8.17273e-02,5.81641e-01,1.73240e-01,1.66765e-02,1.13758e-01,3.20828e-01
5.22604e-02,1.95622e+00,9.16961e-03,2.15155e+00,2.19381e-02,2.83484e-01,1.38003e+00,1.18520e+00,1.36413e-01,1.42836e+00,2.62675e-02,3.44405e+00,1.82870e-01,5.99831e-02,8.43614e-02,5.77955e-01,1.73032e-01,1.65437e-02,1.10050e-01,3.20036e-01
5.22402e-02,1.96884e+00,9.17678e-03,2.22100e+00,2.14856e-02,2.80113e-01,2.24441e+00,1.18830e+00,1.36370e-01,1.44770e+00,2.67157e-02,3.46027e+00,1.82341e-01,6.00168e-02,8.82633e-02,5.73969e-01,1.72840e-01,1.64262e-02,1.07814e-01,3.19267e-01
5.22221e-02,1.97561e+00,9.20106e-03,2.29534e+00,2.10063e-02,2.95281e-01,3.03196e+00,1.18849e+00,1.36280e-01,1.46621e+00,2.80163e-02,3.47626e+00,1.81827e-01,6.00507e-02,9.33084e-02,5.69776e-01,1.72663e-01,1.63304e-02,1.06902e-01,3.18518e-01
5.22015e-02,1.97801e+00,9.21944e-03,2.37060e+00,2.04821e-02,3.23702e-01,3.43168e+00,1.18567e+00,1.36155e-01,1.48605e+00,3.04480e-02,3.49258e+00,1.81341e-01,6.00662e-02,9.91556e-02,5.65534e-01,1.72492e-01,1.62715e-02,1.06953e-01,3.17799e-01
5.21667e-02,1.97819e+00,9.21811e-03,2.44059e+00,1.99325e-02,3.56446e-01,3.41980e+00,1.17985e+00,1.35986e-01,1.50891e+00,3.42177e-02,3.50939e+00,1.80905e-01,6.00899e-02,1.05360e-01,5.61170e-01,1.72342e-01,1.62598e-02,1.07341e-01,3.17073e-01
5.21133e-02,1.97832e+00,9.19766e-03,2.49888e+00,1.93900e-02,3.83954e-01,3.15437e+00,1.17104e+00,1.35798e-01,1.53525e+00,3.93213e-02,3.52631e+00,1.80486e-01,6.01111e-02,1.11347e-01,5.56937e-01,1.72196e-01,1.62866e-02,1.07428e-01,3.16363e-01
5.20553e-02,1.98021e+00,9.13998e-03,2.54111e+00,1.88856e-02,3.99394e-01,2.80202e+00,1.15961e+00,1.35592e-01,1.56406e+00,4.54305e-02,3.54336e+00,1.80080e-01,6.01148e-02,1.16683e-01,5.52823e-01,1.72042e-01,1.63513e-02,1.06590e-01,3.15653e-01
5.19825e-02,1.98519e+00,9.04432e-03,2.56809e+00,1.84021e-02,4.00400e-01,2.45645e+00,1.14578e+00,1.35381e-01,1.59326e+00,5.19788e-02,3.56065e+00,1.79704e-01,6.01160e-02,1.21161e-01,5.48819e-01,1.71887e-01,1.64563e-02,1.04530e-01,3.14945e-01
