2.96430e+05,3.15945e+05,2.78924e+05,3.20227e+05,2.73098e+05,3.13062e+05,3.22476e+05,3.22481e+05,3.02025e+05,2.96664e+05,3.12191e+05,2.90617e+05,3.03810e+05,3.05388e+05,3.26294e+05,3.18438e+05,3.02269e+05,3.06265e+05,3.02739e+05,3.08554e+05
1.00000e-02,1.00000e-02,1.00000e-02,1.00000e-02,1.00000e-02,1.00000e-02,1.00000e-02,1.00000e-02,1.00000e-02,1.00000e-02,1.00000e-02,1.00000e-02,1.00000e-02,1.00000e-02,1.00000e-02,1.00000e-02,1.00000e-02,1.00000e-02,1.00000e-02,1.00000e-02
1.67941e-02,1.23627e-02,2.69490e-02,1.64498e-02,2.57088e-02,1.64428e-02,1.72080e-02,2.63908e-02,1.47127e-02,1.22841e-02,1.69377e-02,1.09982e-02,1.72262e-02,1.71587e-02,1.33004e-02,1.57540e-02,1.76177e-02,1.25068e-02,3.24072e-02,1.47495e-02
2.68424e-02,1.35828e-02,4.71623e-02,2.88751e-02,4.23690e-02,2.47423e-02,3.07614e-02,4.02063e-02,2.22897e-02,1.53537e-02,2.85819e-02,1.20175e-02,2.38031e-02,2.43268e-02,1.49567e-02,2.43127e-02,2.57944e-02,1.44404e-02,7.08737e-02,2.02718e-02
3.33910e-02,1.43095e-02,6.86130e-02,4.09944e-02,6.33813e-02,3.45250e-02,4.57306e-02,4.78960e-02,3.27881e-02,2.11193e-02,3.99142e-02,1.30743e-02,2.84180e-02,3.43823e-02,1.59694e-02,3.73679e-02,3.26107e-02,1.87997e-02,9.89491e-02,2.65846e-02
3.68010e-02,1.51084e-02,8.87460e-02,4.84113e-02,8.78377e-02,4.47237e-02,5.75836e-02,5.02391e-02,4.37717e-02,3.24616e-02,4.81792e-02,1.42056e-02,3.31280e-02,4.69216e-02,1.71753e-02,5.20860e-02,3.84326e-02,2.57940e-02,1.19728e-01,3.31018e-02
3.98057e-02,1.65396e-02,1.08017e-01,5.23299e-02,1.12477e-01,5.50096e-02,6.53920e-02,5.09398e-02,5.41910e-02,5.63953e-02,5.36291e-02,1.54561e-02,4.00921e-02,5.95234e-02,1.89447e-02,6.76484e-02,4.44963e-02,3.36597e-02,1.39715e-01,4.03255e-02
4.45066e-02,1.92730e-02,1.27737e-01,5.49782e-02,1.36150e-01,6.64821e-02,7.07144e-02,5.22990e-02,6.37913e-02,1.06433e-01,5.73147e-02,1.68788e-02,4.87469e-02,7.07154e-02,2.14683e-02,8.43344e-02,5.02487e-02,4.09412e-02,1.61054e-01,4.93091e-02
5.23075e-02,2.40773e-02,1.47660e-01,5.79153e-02,1.58840e-01,8.09804e-02,7.54061e-02,5.50179e-02,7.26370e-02,1.88730e-01,5.99023e-02,1.85358e-02,5.63107e-02,8.07502e-02,2.46891e-02,1.01749e-01,5.44612e-02,4.71450e-02,1.83505e-01,6.05511e-02
6.42436e-02,3.16290e-02,1.65485e-01,6.19699e-02,1.80984e-01,9.98464e-02,8.08216e-02,5.86173e-02,8.09666e-02,2.87376e-01,6.15729e-02,2.04984e-02,6.07042e-02,9.10720e-02,2.82955e-02,1.19151e-01,5.67421e-02,5.25695e-02,2.07090e-01,7.40058e-02
8.09231e-02,4.25110e-02,1.78274e-01,6.74051e-02,2.03644e-01,1.23230e-01,8.75985e-02,6.23087e-02,8.92696e-02,3.75823e-01,6.25994e-02,2.28474e-02,6.17120e-02,1.03191e-01,3.19626e-02,1.35886e-01,5.76999e-02,5.78806e-02,2.32234e-01,8.89384e-02
1.02968e-01,5.67043e-02,1.84377e-01,7.39958e-02,2.27853e-01,1.50127e-01,9.54435e-02,6.54032e-02,9.80167e-02,4.37954e-01,6.34296e-02,2.56737e-02,6.03055e-02,1.17974e-01,3.54023e-02,1.50985e-01,5.82568e-02,6.40409e-02,2.59014e-01,1.04315e-01
1.30652e-01,7.33333e-02,1.84051e-01,8.12333e-02,2.53686e-01,1.78476e-01,1.03244e-01,6.77403e-02,1.07768e-01,4.72739e-01,6.45146e-02,2.91036e-02,5.78728e-02,1.35674e-01,3.85739e-02,1.63972e-01,5.91650e-02,7.21268e-02,2.86842e-01,1.18929e-01
1.63637e-01,9.10123e-02,1.78637e-01,8.88001e-02,2.80373e-01,2.05705e-01,1.10265e-01,6.93238e-02,1.19174e-01,4.87565e-01,6.61503e-02,3.33086e-02,5.54137e-02,1.55666e-01,4.15986e-02,1.74708e-01,6.08852e-02,8.26328e-02,3.15042e-01,1.32144e-01
2.01563e-01,1.08194e-01,1.70025e-01,9.65890e-02,3.06250e-01,2.29122e-01,1.16275e-01,7.04237e-02,1.32946e-01,4.91404e-01,6.83812e-02,3.84742e-02,5.36940e-02,1.76599e-01,4.46766e-02,1.83582e-01,6.37272e-02,9.49003e-02,3.42817e-01,1.43712e-01
2.44453e-01,1.23660e-01,1.59955e-01,1.04767e-01,3.29130e-01,2.46784e-01,1.21735e-01,7.12506e-02,1.49880e-01,4.91484e-01,7.10250e-02,4.48022e-02,5.34005e-02,1.97122e-01,4.79978e-02,1.91564e-01,6.79041e-02,1.07267e-01,3.69936e-01,1.53827e-01
2.92899e-01,1.36755e-01,1.49608e-01,1.13710e-01,3.47066e-01,2.57785e-01,1.27348e-01,7.19789e-02,1.70730e-01,4.92379e-01,7.37805e-02,5.24886e-02,5.51659e-02,2.16261e-01,5.17048e-02,1.99952e-01,7.35045e-02,1.17731e-01,3.96246e-01,1.62802e-01
3.47157e-01,1.47219e-01,1.39835e-01,1.23734e-01,3.59306e-01,2.62370e-01,1.33625e-01,7.27862e-02,1.95949e-01,4.96330e-01,7.63397e-02,6.17243e-02,6.00027e-02,2.33688e-01,5.58601e-02,2.09894e-01,8.03625e-02,1.25018e-01,4.21747e-01,1.71494e-01
4.05964e-01,1.55167e-01,1.30981e-01,1.35169e-01,3.66002e-01,2.61422e-01,1.40554e-01,7.37267e-02,2.25505e-01,5.03834e-01,7.84626e-02,7.26961e-02,6.92941e-02,2.49553e-01,6.04235e-02,2.22298e-01,8.80834e-02,1.28743e-01,4.46339e-01,1.80670e-01
4.65887e-01,1.60918e-01,1.23352e-01,1.48208e-01,3.68001e-01,2.56243e-01,1.47703e-01,7.48156e-02,2.58408e-01,5.14360e-01,8.00953e-02,8.55961e-02,8.45788e-02,2.64072e-01,6.52982e-02,2.37728e-01,9.61156e-02,1.29267e-01,4.69967e-01,1.90772e-01
5.21887e-01,1.64924e-01,1.16850e-01,1.62996e-01,3.66274e-01,2.48202e-01,1.54332e-01,7.61385e-02,2.93017e-01,5.26817e-01,8.12664e-02,1.00631e-01,1.06762e-01,2.77421e-01,7.03909e-02,2.56369e-01,1.03896e-01,1.27395e-01,4.92467e-01,2.01995e-01
5.69444e-01,1.67691e-01,1.11501e-01,1.79647e-01,3.61648e-01,2.38505e-01,1.59870e-01,7.77103e-02,3.27171e-01,5.39965e-01,8.20410e-02,1.18032e-01,1.35330e-01,2.89494e-01,7.55482e-02,2.78197e-01,1.11072e-01,1.23997e-01,5.13784e-01,2.14320e-01
6.05853e-01,1.69699e-01,1.07088e-01,1.98126e-01,3.54739e-01,2.28191e-01,1.64110e-01,7.94970e-02,3.58852e-01,5.52675e-01,8.25789e-02,1.38066e-01,1.67862e-01,3.00267e-01,8.06816e-02,3.02908e-01,1.17575e-01,1.19865e-01,5.33993e-01,2.27322e-01
6.30911e-01,1.71381e-01,1.03425e-01,2.18404e-01,3.46020e-01,2.17962e-01,1.67115e-01,8.16353e-02,3.86472e-01,5.64140e-01,8.29718e-02,1.61040e-01,2.01155e-01,3.09571e-01,8.57847e-02,3.29947e-01,1.23480e-01,1.15625e-01,5.53388e-01,2.40717e-01
6.46417e-01,1.73007e-01,1.00306e-01,2.40424e-01,3.35863e-01,2.08374e-01,1.69156e-01,8.42389e-02,4.09108e-01,5.73918e-01,8.33117e-02,1.87271e-01,2.32330e-01,3.17433e-01,9.09221e-02,3.58350e-01,1.29175e-01,1.11795e-01,5.72430e-01,2.54257e-01
6.55033e-01,1.74816e-01,9.76064e-02,2.63977e-01,3.24629e-01,1.99789e-01,1.70526e-01,8.74363e-02,4.26592e-01,5.81871e-01,8.36869e-02,2.17064e-01,2.59677e-01,3.24171e-01,9.62236e-02,3.86893e-01,1.35120e-01,1.08774e-01,5.91093e-01,2.67676e-01
6.59196e-01,1.76897e-01,9.51143e-02,2.88933e-01,3.12743e-01,1.92380e-01,1.71667e-01,9.13352e-02,4.39246e-01,5.88249e-01,8.41406e-02,2.50649e-01,2.82728e-01,3.30173e-01,1.01915e-01,4.14284e-01,1.41868e-01,1.06911e-01,6.09128e-01,2.80974e-01
6.60925e-01,1.79195e-01,9.27914e-02,3.15032e-01,3.00580e-01,1.86239e-01,1.72882e-01,9.61235e-02,4.47813e-01,5.93465e-01,8.47160e-02,2.88057e-01,3.02029e-01,3.36061e-01,1.08289e-01,4.39591e-01,1.49924e-01,1.06522e-01,6.26166e-01,2.94333e-01
6.61468e-01,1.81703e-01,9.05535e-02,3.42141e-01,2.88522e-01,1.81491e-01,1.74471e-01,1.01875e-01,4.53275e-01,5.98138e-01,8.54322e-02,3.29124e-01,3.18445e-01,3.42361e-01,1.15691e-01,4.62234e-01,1.59664e-01,1.07827e-01,6.41559e-01,3.08130e-01
6.61499e-01,1.84372e-01,8.83683e-02,3.70050e-01,2.76730e-01,1.78107e-01,1.76630e-01,1.08543e-01,4.56651e-01,6.02947e-01,8.62914e-02,3.73463e-01,3.33038e-01,3.49475e-01,1.24448e-01,4.82200e-01,1.71326e-01,1.11103e-01,6.55153e-01,3.22887e-01
6.61128e-01,1.87192e-01,8.62965e-02,3.98588e-01,2.65512e-01,1.76131e-01,1.79476e-01,1.16223e-01,4.58899e-01,6.08584e-01,8.73048e-02,4.20482e-01,3.46787e-01,3.57568e-01,1.34954e-01,4.99950e-01,1.84814e-01,1.16454e-01,6.67015e-01,3.39382e-01
6.60223e-01,1.90197e-01,8.43142e-02,4.27624e-01,2.54982e-01,1.75602e-01,1.83057e-01,1.24735e-01,4.60934e-01,6.15757e-01,8.84716e-02,4.69416e-01,3.60507e-01,3.66710e-01,1.47466e-01,5.16288e-01,1.99766e-01,1.23767e-01,6.77438e-01,3.58443e-01
6.58571e-01,1.93440e-01,8.24337e-02,4.56980e-01,2.45172e-01,1.76527e-01,1.87464e-01,1.33941e-01,4.63530e-01,6.25125e-01,8.97621e-02,5.19407e-01,3.74722e-01,3.76689e-01,1.62113e-01,5.32339e-01,2.15600e-01,1.32756e-01,6.87290e-01,3.81047e-01
6.56056e-01,1.97083e-01,8.06645e-02,4.86607e-01,2.36184e-01,1.79058e-01,1.92667e-01,1.43745e-01,4.67310e-01,6.37286e-01,9.12123e-02,5.69639e-01,3.89781e-01,3.87253e-01,1.78911e-01,5.49334e-01,2.31601e-01,1.42943e-01,6.97340e-01,4.08201e-01
6.52634e-01,2.01343e-01,7.90324e-02,5.16370e-01,2.28121e-01,1.83290e-01,1.98541e-01,1.53969e-01,4.72637e-01,6.52744e-01,9.28699e-02,6.19380e-01,4.05838e-01,3.97962e-01,1.97718e-01,5.68620e-01,2.47054e-01,1.53644e-01,7.08704e-01,4.40818e-01
6.48542e-01,2.06486e-01,7.75058e-02,5.46369e-01,2.20882e-01,1.89433e-01,2.04964e-01,1.64532e-01,4.79718e-01,6.71906e-01,9.46866e-02,6.68056e-01,4.22929e-01,4.08592e-01,2.18261e-01,5.91506e-01,2.61495e-01,1.64115e-01,7.22204e-01,4.79348e-01
6.43986e-01,2.12711e-01,7.61396e-02,5.76626e-01,2.14489e-01,1.97681e-01,2.11685e-01,1.75230e-01,4.88445e-01,6.94999e-01,9.67430e-02,7.15275e-01,4.41090e-01,4.18934e-01,2.40349e-01,6.18991e-01,2.74583e-01,1.73645e-01,7.38719e-01,5.23626e-01
6.39459e-01,2.20329e-01,7.49531e-02,6.07303e-01,2.08846e-01,2.08169e-01,2.18598e-01,1.86051e-01,4.98612e-01,7.22233e-01,9.91074e-02,7.60834e-01,4.60137e-01,4.29018e-01,2.63807e-01,6.51442e-01,2.86153e-01,1.81761e-01,7.58599e-01,5.73052e-01
6.35424e-01,2.29469e-01,7.38542e-02,6.38439e-01,2.03977e-01,2.21007e-01,2.25630e-01,1.96923e-01,5.09960e-01,7.53534e-01,1.01857e-01,8.04733e-01,4.80056e-01,4.39201e-01,2.88552e-01,6.88678e-01,2.96177e-01,1.88081e-01,7.82143e-01,6.26446e-01
6.32360e-01,2.40271e-01,7.28868e-02,6.70136e-01,1.99710e-01,2.36190e-01,2.32738e-01,2.07842e-01,5.22205e-01,7.88853e-01,1.05165e-01,8.47082e-01,5.00960e-01,4.50335e-01,3.14558e-01,7.29508e-01,3.04772e-01,1.92440e-01,8.09241e-01,6.82283e-01
6.30777e-01,2.52670e-01,7.20832e-02,7.02451e-01,1.96075e-01,2.53449e-01,2.40048e-01,2.18784e-01,5.35323e-01,8.27843e-01,1.09123e-01,8.88121e-01,5.23011e-01,4.63590e-01,3.41769e-01,7.72081e-01,3.12059e-01,1.94892e-01,8.39639e-01,7.38959e-01
6.31044e-01,2.66514e-01,7.13914e-02,7.35395e-01,1.93042e-01,2.72302e-01,2.47772e-01,2.29693e-01,5.49393e-01,8.70261e-01,1.13888e-01,9.28208e-01,5.46556e-01,4.80466e-01,3.70052e-01,8.14204e-01,3.18143e-01,1.95644e-01,8.72636e-01,7.94868e-01
6.33399e-01,2.81451e-01,7.07998e-02,7.68854e-01,1.90529e-01,2.92139e-01,2.56221e-01,2.40641e-01,5.64830e-01,9.15551e-01,1.19562e-01,9.67734e-01,5.72185e-01,5.02627e-01,3.99039e-01,8.53794e-01,3.23257e-01,1.94942e-01,9.07480e-01,8.48797e-01
6.38019e-01,2.97074e-01,7.03210e-02,8.02792e-01,1.88451e-01,3.12343e-01,2.65693e-01,2.51649e-01,5.82084e-01,9.63356e-01,1.26183e-01,1.00707e+00,6.00868e-01,5.31468e-01,4.28284e-01,8.89212e-01,3.27508e-01,1.93076e-01,9.43601e-01,8.99543e-01
6.44698e-01,3.12876e-01,6.99353e-02,8.37003e-01,1.86792e-01,3.32303e-01,2.76554e-01,2.62707e-01,6.01674e-01,1.01304e+00,1.33684e-01,1.04662e+00,6.33666e-01,5.67318e-01,4.57232e-01,9.19462e-01,3.31079e-01,1.90338e-01,9.80251e-01,9.46141e-01
6.53011e-01,3.28416e-01,6.96423e-02,8.71284e-01,1.85530e-01,3.51595e-01,2.89130e-01,2.73769e-01,6.23971e-01,1.06415e+00,1.41873e-01,1.08673e+00,6.71660e-01,6.09149e-01,4.85238e-01,9.44270e-01,3.34046e-01,1.86924e-01,1.01680e+00,9.87990e-01
6.62408e-01,3.43281e-01,6.94133e-02,9.05315e-01,1.84526e-01,3.69998e-01,3.03639e-01,2.84867e-01,6.49336e-01,1.11610e+00,1.50475e-01,1.12775e+00,7.15970e-01,6.54210e-01,5.11997e-01,9.63771e-01,3.36542e-01,1.83124e-01,1.05258e+00,1.02468e+00
6.72203e-01,3.57149e-01,6.92676e-02,9.38841e-01,1.83807e-01,3.87527e-01,3.20237e-01,2.96060e-01,6.77584e-01,1.16850e+00,1.59059e-01,1.16997e+00,7.66983e-01,6.98867e-01,5.37080e-01,9.78637e-01,3.38681e-01,1.79081e-01,1.08749e+00,1.05596e+00
6.81626e-01,3.69827e-01,6.91721e-02,9.71525e-01,1.83319e-01,4.04260e-01,3.38918e-01,3.07393e-01,7.08399e-01,1.22088e+00,1.67286e-01,1.21363e+00,8.24703e-01,7.39470e-01,5.60363e-01,9.89476e-01,3.40465e-01,1.74947e-01,1.12112e+00,1.08185e+00
6.89971e-01,3.81212e-01,6.91475e-02,1.00309e+00,1.83085e-01,4.20435e-01,3.59592e-01,3.18985e-01,7.41199e-01,1.27285e+00,1.74836e-01,1.25890e+00,8.87893e-01,7.73164e-01,5.81824e-01,9.97013e-01,3.42065e-01,1.70823e-01,1.15327e+00,1.10242e+00
6.96743e-01,3.91345e-01,6.91279e-02,1.03323e+00,1.83003e-01,4.36191e-01,3.81923e-01,3.30858e-01,7.75165e-01,1.32413e+00,1.81467e-01,1.30591e+00,9.54700e-01,7.98487e-01,6.01288e-01,1.00206e+00,3.43503e-01,1.66791e-01,1.18413e+00,1.11804e+00
7.01498e-01,4.00287e-01,6.90836e-02,1.06166e+00,1.83053e-01,4.51505e-01,4.05556e-01,3.43377e-01,8.09458e-01,1.37449e+00,1.87065e-01,1.35471e+00,1.02261e+00,8.15152e-01,6.18790e-01,1.00520e+00,3.44910e-01,1.62917e-01,1.21328e+00,1.12899e+00
7.04104e-01,4.08196e-01,6.91096e-02,1.08837e+00,1.83229e-01,4.66392e-01,4.29880e-01,3.56407e-01,8.43272e-01,1.42382e+00,1.91589e-01,1.40529e+00,1.08900e+00,8.23945e-01,6.34220e-01,1.00705e+00,3.46331e-01,1.59234e-01,1.24086e+00,1.13588e+00
7.04477e-01,4.15222e-01,6.91610e-02,1.11325e+00,1.83533e-01,4.80627e-01,4.54330e-01,3.70141e-01,8.75961e-01,1.47203e+00,1.95110e-01,1.45755e+00,1.15140e+00,8.25961e-01,6.47481e-01,1.00803e+00,3.47871e-01,1.55755e-01,1.26657e+00,1.13916e+00
7.02821e-01,4.21529e-01,6.92335e-02,1.13634e+00,1.83877e-01,4.93948e-01,4.78131e-01,3.84646e-01,9.07047e-01,1.51923e+00,1.97733e-01,1.51132e+00,1.20798e+00,8.22552e-01,6.58375e-01,1.00868e+00,3.49616e-01,1.52530e-01,1.29015e+00,1.13943e+00
6.99235e-01,4.27350e-01,6.93101e-02,1.15782e+00,1.84311e-01,5.06103e-01,5.00810e-01,3.99976e-01,9.36196e-01,1.56544e+00,1.99637e-01,1.56631e+00,1.25755e+00,8.15033e-01,6.66902e-01,1.00942e+00,3.51664e-01,1.49515e-01,1.31156e+00,1.13738e+00
6.94086e-01,4.32799e-01,6.93872e-02,1.17799e+00,1.84784e-01,5.16912e-01,5.21772e-01,4.16075e-01,9.63196e-01,1.61079e+00,2.00998e-01,1.62226e+00,1.29976e+00,8.04487e-01,6.72890e-01,1.01062e+00,3.54075e-01,1.46782e-01,1.33048e+00,1.13353e+00
6.87689e-01,4.38091e-01,6.94691e-02,1.19714e+00,1.85287e-01,5.26262e-01,5.40767e-01,4.32880e-01,9.88074e-01,1.65545e+00,2.02048e-01,1.67884e+00,1.33435e+00,7.91908e-01,6.76383e-01,1.01249e+00,3.56964e-01,1.44256e-01,1.34689e+00,1.12844e+00
6.80280e-01,4.43344e-01,6.95713e-02,1.21569e+00,1.85848e-01,5.34250e-01,5.57680e-01,4.50320e-01,1.01080e+00,1.69932e+00,2.02975e-01,1.73564e+00,1.36174e+00,7.77952e-01,6.77522e-01,1.01527e+00,3.60409e-01,1.42017e-01,1.36043e+00,1.12269e+00
6.72088e-01,4.48686e-01,6.97057e-02,1.23407e+00,1.86392e-01,5.41063e-01,5.72496e-01,4.68160e-01,1.03140e+00,1.74237e+00,2.04009e-01,1.79218e+00,1.38263e+00,7.63231e-01,6.76414e-01,1.01907e+00,3.64436e-01,1.39954e-01,1.37110e+00,1.11679e+00
6.63477e-01,4.54211e-01,6.98617e-02,1.25275e+00,1.86932e-01,5.46963e-01,5.85354e-01,4.86310e-01,1.05008e+00,1.78422e+00,2.05326e-01,1.84811e+00,1.39772e+00,7.48207e-01,6.73224e-01,1.02396e+00,3.69096e-01,1.38106e-01,1.37879e+00,1.11111e+00
6.54657e-01,4.60028e-01,7.00100e-02,1.27222e+00,1.87530e-01,5.52113e-01,5.96529e-01,5.04650e-01,1.06682e+00,1.82464e+00,2.07081e-01,1.90303e+00,1.40783e+00,7.33254e-01,6.68211e-01,1.02992e+00,3.74417e-01,1.36423e-01,1.38347e+00,1.10596e+00
6.45746e-01,4.66223e-01,7.01890e-02,1.29294e+00,1.88114e-01,5.56863e-01,6.06507e-01,5.23078e-01,1.08198e+00,1.86314e+00,2.09457e-01,1.95660e+00,1.41369e+00,7.18569e-01,6.61632e-01,1.03670e+00,3.80421e-01,1.34920e-01,1.38535e+00,1.10144e+00
6.36915e-01,4.72872e-01,7.03492e-02,1.31545e+00,1.88666e-01,5.61422e-01,6.15537e-01,5.41577e-01,1.09558e+00,1.89923e+00,2.12696e-01,2.00852e+00,1.41620e+00,7.04320e-01,6.53765e-01,1.04428e+00,3.87122e-01,1.33621e-01,1.38459e+00,1.09771e+00
6.28259e-01,4.80139e-01,7.05121e-02,1.34029e+00,1.89157e-01,5.65896e-01,6.24074e-01,5.60216e-01,1.10789e+00,1.93253e+00,2.16827e-01,2.05854e+00,1.41608e+00,6.90618e-01,6.44842e-01,1.05238e+00,3.94488e-01,1.32463e-01,1.38131e+00,1.09480e+00
6.19911e-01,4.88013e-01,7.06319e-02,1.36792e+00,1.89611e-01,5.70435e-01,6.32411e-01,5.79071e-01,1.11901e+00,1.96258e+00,2.22010e-01,2.10652e+00,1.41376e+00,6.77490e-01,6.35185e-01,1.06086e+00,4.02507e-01,1.31495e-01,1.37578e+00,1.09251e+00
6.11941e-01,4.96656e-01,7.07618e-02,1.39889e+00,1.90107e-01,5.74976e-01,6.40799e-01,5.98294e-01,1.12928e+00,1.98917e+00,2.28175e-01,2.15239e+00,1.41012e+00,6.65063e-01,6.24867e-01,1.06945e+00,4.11021e-01,1.30653e-01,1.36834e+00,1.09079e+00
6.04300e-01,5.06270e-01,7.09117e-02,1.43365e+00,1.90600e-01,5.79512e-01,6.49459e-01,6.18201e-01,1.13885e+00,2.01209e+00,2.35329e-01,2.19611e+00,1.40548e+00,6.53318e-01,6.14223e-01,1.07794e+00,4.19992e-01,1.29967e-01,1.35933e+00,1.08937e+00
5.97128e-01,5.17068e-01,7.10531e-02,1.47257e+00,1.91110e-01,5.83750e-01,6.58609e-01,6.39320e-01,1.14802e+00,2.03143e+00,2.43304e-01,2.23775e+00,1.40020e+00,6.42346e-01,6.03398e-01,1.08624e+00,4.29360e-01,1.29395e-01,1.34914e+00,1.08807e+00
5.90448e-01,5.29221e-01,7.12161e-02,1.51584e+00,1.91620e-01,5.87726e-01,6.68248e-01,6.61931e-01,1.15694e+00,2.04731e+00,2.51954e-01,2.27754e+00,1.39482e+00,6.32126e-01,5.92491e-01,1.09429e+00,4.39048e-01,1.28949e-01,1.33796e+00,1.08672e+00
5.84232e-01,5.42945e-01,7.13938e-02,1.56363e+00,1.92018e-01,5.91185e-01,6.78384e-01,6.86701e-01,1.16578e+00,2.05988e+00,2.61019e-01,2.31564e+00,1.38948e+00,6.22604e-01,5.81635e-01,1.10203e+00,4.49030e-01,1.28598e-01,1.32616e+00,1.08504e+00
5.78499e-01,5.58551e-01,7.16005e-02,1.61587e+00,1.92426e-01,5.94006e-01,6.89057e-01,7.14234e-01,1.17488e+00,2.06964e+00,2.70229e-01,2.35233e+00,1.38446e+00,6.13804e-01,5.71034e-01,1.10945e+00,4.59278e-01,1.28336e-01,1.31408e+00,1.08288e+00
5.73241e-01,5.76280e-01,7.18128e-02,1.67230e+00,1.92840e-01,5.96140e-01,7.00151e-01,7.44960e-01,1.18439e+00,2.07698e+00,2.79335e-01,2.38796e+00,1.37978e+00,6.05703e-01,5.60716e-01,1.11677e+00,4.69793e-01,1.28155e-01,1.30191e+00,1.08038e+00
5.68442e-01,5.96471e-01,7.20127e-02,1.73235e+00,1.93256e-01,5.97515e-01,7.11473e-01,7.79531e-01,1.19444e+00,2.08232e+00,2.88121e-01,2.42286e+00,1.37563e+00,5.98326e-01,5.50725e-01,1.12406e+00,4.80747e-01,1.28032e-01,1.28979e+00,1.07734e+00
5.64123e-01,6.19225e-01,7.22444e-02,1.79541e+00,1.93624e-01,5.98097e-01,7.22886e-01,8.18166e-01,1.20519e+00,2.08630e+00,2.96411e-01,2.45740e+00,1.37200e+00,5.91544e-01,5.41112e-01,1.13155e+00,4.92325e-01,1.27969e-01,1.27793e+00,1.07383e+00
5.60271e-01,6.44814e-01,7.24087e-02,1.86060e+00,1.94007e-01,5.97935e-01,7.34393e-01,8.61218e-01,1.21665e+00,2.08930e+00,3.04030e-01,2.49195e+00,1.36892e+00,5.85430e-01,5.31971e-01,1.13955e+00,5.04732e-01,1.27951e-01,1.26667e+00,1.06982e+00
5.56788e-01,6.73263e-01,7.25520e-02,1.92700e+00,1.94364e-01,5.97073e-01,7.45704e-01,9.08389e-01,1.22895e+00,2.09200e+00,3.10917e-01,2.52692e+00,1.36629e+00,5.79924e-01,5.23250e-01,1.14829e+00,5.18203e-01,1.27963e-01,1.25601e+00,1.06536e+00
5.53679e-01,7.04544e-01,7.26716e-02,1.99376e+00,1.94682e-01,5.95561e-01,7.56987e-01,9.59139e-01,1.24180e+00,2.09489e+00,3.17043e-01,2.56264e+00,1.36418e+00,5.74988e-01,5.15040e-01,1.15812e+00,5.33092e-01,1.28063e-01,1.24604e+00,1.06056e+00
5.51042e-01,7.38578e-01,7.27652e-02,2.06035e+00,1.94983e-01,5.93450e-01,7.68065e-01,1.01259e+00,1.25532e+00,2.09857e+00,3.22401e-01,2.59951e+00,1.36254e+00,5.70525e-01,5.07292e-01,1.16940e+00,5.49762e-01,1.28163e-01,1.23698e+00,1.05554e+00
5.48689e-01,7.74995e-01,7.28583e-02,2.12622e+00,1.95225e-01,5.90888e-01,7.79031e-01,1.06747e+00,1.26921e+00,2.10364e+00,3.26986e-01,2.63782e+00,1.36102e+00,5.66696e-01,5.00057e-01,1.18253e+00,5.68531e-01,1.28323e-01,1.22895e+00,1.05042e+00
5.46667e-01,8.13507e-01,7.29323e-02,2.19125e+00,1.95477e-01,5.87931e-01,7.90084e-01,1.12237e+00,1.28323e+00,2.11060e+00,3.30864e-01,2.67780e+00,1.35981e+00,5.63336e-01,4.93321e-01,1.19784e+00,5.89702e-01,1.28511e-01,1.22189e+00,1.04516e+00
5.44994e-01,8.53461e-01,7.30289e-02,2.25544e+00,1.95712e-01,5.84630e-01,8.01359e-01,1.17582e+00,1.29704e+00,2.12018e+00,3.34064e-01,2.71962e+00,1.35871e+00,5.60405e-01,4.87071e-01,1.21572e+00,6.13572e-01,1.28663e-01,1.21592e+00,1.03996e+00
5.43504e-01,8.94265e-01,7.31200e-02,2.31918e+00,1.95973e-01,5.81123e-01,8.13098e-01,1.22652e+00,1.31036e+00,2.13276e+00,3.36675e-01,2.76347e+00,1.35773e+00,5.57907e-01,4.81291e-01,1.23649e+00,6.40318e-01,1.28840e-01,1.21097e+00,1.03482e+00
5.42338e-01,9.35320e-01,7.32077e-02,2.38286e+00,1.96248e-01,5.77393e-01,8.25641e-01,1.27339e+00,1.32286e+00,2.14915e+00,3.38728e-01,2.80942e+00,1.35674e+00,5.55809e-01,4.75988e-01,1.26068e+00,6.70156e-01,1.29023e-01,1.20715e+00,1.03001e+00
5.41389e-01,9.75826e-01,7.32904e-02,2.44712e+00,1.96486e-01,5.73611e-01,8.39394e-01,1.31569e+00,1.33425e+00,2.16962e+00,3.40314e-01,2.85752e+00,1.35590e+00,5.54085e-01,4.71157e-01,1.28858e+00,7.03089e-01,1.29204e-01,1.20424e+00,1.02536e+00
5.40663e-01,1.01510e+00,7.33829e-02,2.51246e+00,1.96685e-01,5.69701e-01,8.54711e-01,1.35293e+00,1.34434e+00,2.19486e+00,3.41381e-01,2.90769e+00,1.35506e+00,5.52671e-01,4.66748e-01,1.32051e+00,7.39156e-01,1.29401e-01,1.20242e+00,1.02101e+00
5.40100e-01,1.05260e+00,7.34550e-02,2.57953e+00,1.96855e-01,5.65741e-01,8.71942e-01,1.38484e+00,1.35293e+00,2.22506e+00,3.42080e-01,2.95980e+00,1.35420e+00,5.51584e-01,4.62762e-01,1.35677e+00,7.78391e-01,1.29603e-01,1.20149e+00,1.01706e+00
5.39724e-01,1.08775e+00,7.35121e-02,2.64883e+00,1.97031e-01,5.61793e-01,8.91436e-01,1.41161e+00,1.35978e+00,2.26060e+00,3.42309e-01,3.01378e+00,1.35342e+00,5.50753e-01,4.59196e-01,1.39734e+00,8.20946e-01,1.29799e-01,1.20129e+00,1.01354e+00
5.39544e-01,1.12021e+00,7.35255e-02,2.72066e+00,1.97184e-01,5.57901e-01,9.13445e-01,1.43331e+00,1.36508e+00,2.30159e+00,3.42187e-01,3.06936e+00,1.35279e+00,5.50147e-01,4.55985e-01,1.44247e+00,8.67177e-01,1.30017e-01,1.20186e+00,1.01050e+00
5.39454e-01,1.14958e+00,7.35964e-02,2.79517e+00,1.97299e-01,5.54036e-01,9.38134e-01,1.45039e+00,1.36866e+00,2.34792e+00,3.41680e-01,3.12617e+00,1.35227e+00,5.49708e-01,4.53155e-01,1.49200e+00,9.17525e-01,1.30207e-01,1.20313e+00,1.00798e+00
5.39535e-01,1.17574e+00,7.36687e-02,2.87248e+00,1.97433e-01,5.50291e-01,9.65508e-01,1.46324e+00,1.37059e+00,2.39950e+00,3.40870e-01,3.18391e+00,1.35196e+00,5.49562e-01,4.50678e-01,1.54552e+00,9.72568e-01,1.30372e-01,1.20479e+00,1.00601e+00
5.39707e-01,1.19857e+00,7.37313e-02,2.95257e+00,1.97490e-01,5.46652e-01,9.95318e-01,1.47228e+00,1.37098e+00,2.45579e+00,3.39744e-01,3.24229e+00,1.35176e+00,5.49519e-01,4.48501e-01,1.60260e+00,1.03279e+00,1.30532e-01,1.20692e+00,1.00466e+00
5.39907e-01,1.21811e+00,7.37884e-02,3.03508e+00,1.97540e-01,5.43111e-01,1.02718e+00,1.47808e+00,1.37000e+00,2.51629e+00,3.38336e-01,3.30092e+00,1.35176e+00,5.49621e-01,4.46618e-01,1.66239e+00,1.09846e+00,1.30704e-01,1.20920e+00,1.00401e+00
5.40169e-01,1.23447e+00,7.38238e-02,3.11985e+00,1.97639e-01,5.39699e-01,1.06052e+00,1.48107e+00,1.36780e+00,2.58039e+00,3.36688e-01,3.35945e+00,1.35214e+00,5.49910e-01,4.45034e-01,1.72402e+00,1.16950e+00,1.30875e-01,1.21160e+00,1.00413e+00
5.40568e-01,1.24781e+00,7.38452e-02,3.20674e+00,1.98026e-01,5.36375e-01,1.09465e+00,1.48170e+00,1.36457e+00,2.64733e+00,3.34849e-01,3.41751e+00,1.35266e+00,5.50301e-01,4.43669e-01,1.78641e+00,1.24509e+00,1.31057e-01,1.21408e+00,1.00515e+00
5.41039e-01,1.25838e+00,7.38805e-02,3.29554e+00,1.98164e-01,5.33172e-01,1.12879e+00,1.48028e+00,1.36042e+00,2.71655e+00,3.32794e-01,3.47475e+00,1.35347e+00,5.50795e-01,4.42538e-01,1.84823e+00,1.32392e+00,1.31237e-01,1.21638e+00,1.00705e+00
5.41630e-01,1.26632e+00,7.39220e-02,3.38591e+00,1.98132e-01,5.30139e-01,1.16213e+00,1.47725e+00,1.35558e+00,2.78726e+00,3.30597e-01,3.53085e+00,1.35444e+00,5.51309e-01,4.41660e-01,1.90839e+00,1.40427e+00,1.31412e-01,1.21844e+00,1.01000e+00
5.42181e-01,1.27199e+00,7.39536e-02,3.47795e+00,1.98051e-01,5.27219e-01,1.19410e+00,1.47305e+00,1.35022e+00,2.85897e+00,3.28270e-01,3.58553e+00,1.35568e+00,5.51866e-01,4.40922e-01,1.96576e+00,1.48410e+00,1.31583e-01,1.22016e+00,1.01408e+00
5.42762e-01,1.27565e+00,7.39525e-02,3.57180e+00,1.98030e-01,5.24456e-01,1.22420e+00,1.46780e+00,1.34439e+00,2.93122e+00,3.25809e-01,3.63858e+00,1.35704e+00,5.52527e-01,4.40365e-01,2.01938e+00,1.56150e+00,1.31716e-01,1.22169e+00,1.01952e+00
5.43424e-01,1.27761e+00,7.39790e-02,3.66729e+00,1.98036e-01,5.21842e-01,1.25204e+00,1.46194e+00,1.33836e+00,3.00374e+00,3.23328e-01,3.68969e+00,1.35858e+00,5.53231e-01,4.39950e-01,2.06871e+00,1.63481e+00,1.31861e-01,1.22290e+00,1.02646e+00
5.44062e-01,1.27809e+00,7.40368e-02,3.76430e+00,1.98028e-01,5.19411e-01,1.27741e+00,1.45571e+00,1.33215e+00,3.07632e+00,3.20782e-01,3.73865e+00,1.36012e+00,5.53947e-01,4.39667e-01,2.11318e+00,1.70263e+00,1.32015e-01,1.22378e+00,1.03505e+00
5.44682e-01,1.27736e+00,7.40404e-02,3.86281e+00,1.98021e-01,5.17121e-01,1.30015e+00,1.44931e+00,1.32587e+00,3.14894e+00,3.18202e-01,3.78546e+00,1.36183e+00,5.54681e-01,4.39557e-01,2.15271e+00,1.76394e+00,1.32161e-01,1.22416e+00,1.04546e+00
5.45288e-01,1.27565e+00,7.40626e-02,3.96240e+00,1.98055e-01,5.14979e-01,1.32040e+00,1.44306e+00,1.31966e+00,3.22160e+00,3.15591e-01,3.83010e+00,1.36335e+00,5.55420e-01,4.39521e-01,2.18735e+00,1.81820e+00,1.32301e-01,1.22423e+00,1.05781e+00
5.45912e-01,1.27324e+00,7.40846e-02,4.06261e+00,1.98139e-01,5.13030e-01,1.33818e+00,1.43715e+00,1.31352e+00,3.29444e+00,3.13025e-01,3.87254e+00,1.36475e+00,5.56206e-01,4.39578e-01,2.21701e+00,1.86507e+00,1.32426e-01,1.22389e+00,1.07232e+00
5.46498e-01,1.27032e+00,7.40815e-02,4.16276e+00,1.98288e-01,5.11229e-01,1.35365e+00,1.43169e+00,1.30755e+00,3.36763e+00,3.10507e-01,3.91273e+00,1.36613e+00,5.56985e-01,4.39705e-01,2.24225e+00,1.90465e+00,1.32530e-01,1.22311e+00,1.08919e+00
5.47118e-01,1.26710e+00,7.41230e-02,4.26187e+00,1.98506e-01,5.09537e-01,1.36703e+00,1.42700e+00,1.30182e+00,3.44124e+00,3.08041e-01,3.95081e+00,1.36730e+00,5.57768e-01,4.39918e-01,2.26325e+00,1.93712e+00,1.32629e-01,1.22211e+00,1.10863e+00
5.47733e-01,1.26377e+00,7.41629e-02,4.35914e+00,1.98767e-01,5.07976e-01,1.37850e+00,1.42320e+00,1.29635e+00,3.51545e+00,3.05646e-01,3.98696e+00,1.36825e+00,5.58580e-01,4.40188e-01,2.28070e+00,1.96295e+00,1.32742e-01,1.22084e+00,1.13072e+00
5.48313e-01,1.26060e+00,7.41860e-02,4.45360e+00,1.99038e-01,5.06563e-01,1.38822e+00,1.42049e+00,1.29112e+00,3.59027e+00,3.03343e-01,4.02125e+00,1.36907e+00,5.59356e-01,4.40456e-01,2.29487e+00,1.98275e+00,1.32818e-01,1.21940e+00,1.15559e+00
5.48837e-01,1.25771e+00,7.41861e-02,4.54439e+00,1.99284e-01,5.05306e-01,1.39636e+00,1.41899e+00,1.28613e+00,3.66578e+00,3.01124e-01,4.05389e+00,1.36970e+00,5.60115e-01,4.40772e-01,2.30630e+00,1.99727e+00,1.32861e-01,1.21774e+00,1.18346e+00
5.49390e-01,1.25532e+00,7.41733e-02,4.63078e+00,1.99479e-01,5.04130e-01,1.40305e+00,1.41890e+00,1.28155e+00,3.74186e+00,2.98979e-01,4.08524e+00,1.37012e+00,5.60849e-01,4.41084e-01,2.31552e+00,2.00725e+00,1.32944e-01,1.21593e+00,1.21429e+00
5.49923e-01,1.25366e+00,7.41728e-02,4.71209e+00,1.99568e-01,5.03123e-01,1.40846e+00,1.42026e+00,1.27723e+00,3.81841e+00,2.96938e-01,4.11559e+00,1.37025e+00,5.61543e-01,4.41450e-01,2.32284e+00,2.01336e+00,1.33046e-01,1.21403e+00,1.24799e+00
5.50400e-01,1.25291e+00,7.41532e-02,4.78800e+00,1.99576e-01,5.02168e-01,1.41259e+00,1.42321e+00,1.27322e+00,3.89521e+00,2.94928e-01,4.14523e+00,1.37017e+00,5.62212e-01,4.41845e-01,2.32879e+00,2.01625e+00,1.33122e-01,1.21206e+00,1.28451e+00
5.50921e-01,1.25328e+00,7.41531e-02,4.85797e+00,1.99510e-01,5.01313e-01,1.41557e+00,1.42778e+00,1.26954e+00,3.97197e+00,2.92990e-01,4.17453e+00,1.36990e+00,5.62853e-01,4.42210e-01,2.33389e+00,2.01655e+00,1.33167e-01,1.21008e+00,1.32349e+00
5.51501e-01,1.25510e+00,7.41431e-02,4.92163e+00,1.99348e-01,5.00586e-01,1.41745e+00,1.43402e+00,1.26619e+00,4.04845e+00,2.91145e-01,4.20387e+00,1.36941e+00,5.63464e-01,4.42582e-01,2.33845e+00,2.01479e+00,1.33194e-01,1.20808e+00,1.36460e+00
5.52071e-01,1.25864e+00,7.41037e-02,4.97866e+00,1.99115e-01,4.99953e-01,1.41824e+00,1.44184e+00,1.26316e+00,4.12437e+00,2.89414e-01,4.23363e+00,1.36878e+00,5.64066e-01,4.42953e-01,2.34298e+00,2.01148e+00,1.33218e-01,1.20594e+00,1.40738e+00
5.52702e-01,1.26429e+00,7.40843e-02,5.02922e+00,1.98843e-01,4.99449e-01,1.41808e+00,1.45119e+00,1.26043e+00,4.19952e+00,2.87793e-01,4.26427e+00,1.36797e+00,5.64624e-01,4.43337e-01,2.34797e+00,2.00709e+00,1.33240e-01,1.20381e+00,1.45118e+00
5.53374e-01,1.27237e+00,7.40810e-02,5.07322e+00,1.98570e-01,4.98975e-01,1.41700e+00,1.46183e+00,1.25801e+00,4.27370e+00,2.86292e-01,4.29619e+00,1.36701e+00,5.65186e-01,4.43711e-01,2.35384e+00,2.00181e+00,1.33254e-01,1.20182e+00,1.49549e+00
5.54165e-01,1.28333e+00,7.40571e-02,5.11086e+00,1.98299e-01,4.98609e-01,1.41515e+00,1.47354e+00,1.25583e+00,4.34671e+00,2.84914e-01,4.32980e+00,1.36597e+00,5.65693e-01,4.44102e-01,2.36100e+00,1.99579e+00,1.33252e-01,1.19992e+00,1.53951e+00
5.55090e-01,1.29766e+00,7.40625e-02,5.14233e+00,1.98002e-01,4.98233e-01,1.41252e+00,1.48618e+00,1.25395e+00,4.41858e+00,2.83664e-01,4.36557e+00,1.36487e+00,5.66143e-01,4.44573e-01,2.36995e+00,1.98924e+00,1.33238e-01,1.19808e+00,1.58268e+00
5.56212e-01,1.31583e+00,7.40337e-02,5.16802e+00,1.97746e-01,4.97935e-01,1.40919e+00,1.49959e+00,1.25234e+00,4.48930e+00,2.82487e-01,4.40393e+00,1.36371e+00,5.66566e-01,4.45042e-01,2.38121e+00,1.98229e+00,1.33253e-01,1.19628e+00,1.62448e+00
5.57580e-01,1.33839e+00,7.39860e-02,5.18835e+00,1.97493e-01,4.97656e-01,1.40522e+00,1.51355e+00,1.25094e+00,4.55905e+00,2.81422e-01,4.44519e+00,1.36252e+00,5.66982e-01,4.45461e-01,2.39512e+00,1.97495e+00,1.33278e-01,1.19452e+00,1.66453e+00
5.59245e-01,1.36582e+00,7.39375e-02,5.20382e+00,1.97220e-01,4.97466e-01,1.40068e+00,1.52779e+00,1.24984e+00,4.62814e+00,2.80470e-01,4.48980e+00,1.36130e+00,5.67338e-01,4.45881e-01,2.41215e+00,1.96723e+00,1.33300e-01,1.19302e+00,1.70243e+00
5.61267e-01,1.39852e+00,7.39119e-02,5.21509e+00,1.96949e-01,4.97306e-01,1.39571e+00,1.54202e+00,1.24888e+00,4.69692e+00,2.79543e-01,4.53812e+00,1.36011e+00,5.67621e-01,4.46318e-01,2.43251e+00,1.95925e+00,1.33309e-01,1.19159e+00,1.73805e+00
5.63692e-01,1.43693e+00,7.38974e-02,5.22274e+00,1.96660e-01,4.97261e-01,1.39034e+00,1.55624e+00,1.24808e+00,4.76590e+00,2.78696e-01,4.59041e+00,1.35895e+00,5.67853e-01,4.46729e-01,2.45664e+00,1.95093e+00,1.33296e-01,1.19026e+00,1.77116e+00
5.66700e-01,1.48116e+00,7.38585e-02,5.22716e+00,1.96384e-01,4.97231e-01,1.38463e+00,1.57018e+00,1.24747e+00,4.83563e+00,2.77935e-01,4.64702e+00,1.35782e+00,5.68106e-01,4.47121e-01,2.48437e+00,1.94238e+00,1.33256e-01,1.18889e+00,1.80198e+00
5.70287e-01,1.53133e+00,7.37971e-02,5.22908e+00,1.96139e-01,4.97268e-01,1.37867e+00,1.58391e+00,1.24698e+00,4.90671e+00,2.77281e-01,4.70815e+00,1.35675e+00,5.68379e-01,4.47518e-01,2.51571e+00,1.93357e+00,1.33201e-01,1.18762e+00,1.83057e+00
5.74548e-01,1.58725e+00,7.37676e-02,5.22905e+00,1.95939e-01,4.97272e-01,1.37248e+00,1.59728e+00,1.24669e+00,4.97972e+00,2.76737e-01,4.77401e+00,1.35570e+00,5.68689e-01,4.47869e-01,2.55029e+00,1.92451e+00,1.33159e-01,1.18646e+00,1.85706e+00
5.79524e-01,1.64860e+00,7.37398e-02,5.22768e+00,1.95745e-01,4.97264e-01,1.36616e+00,1.61033e+00,1.24644e+00,5.05534e+00,2.76239e-01,4.84485e+00,1.35469e+00,5.68985e-01,4.48210e-01,2.58749e+00,1.91515e+00,1.33127e-01,1.18545e+00,1.88181e+00
5.85195e-01,1.71461e+00,7.37188e-02,5.22527e+00,1.95512e-01,4.97291e-01,1.35982e+00,1.62323e+00,1.24636e+00,5.13410e+00,2.75837e-01,4.92063e+00,1.35376e+00,5.69261e-01,4.48562e-01,2.62681e+00,1.90556e+00,1.33095e-01,1.18450e+00,1.90527e+00
5.91499e-01,1.78457e+00,7.37066e-02,5.22221e+00,1.95286e-01,4.97350e-01,1.35342e+00,1.63607e+00,1.24638e+00,5.21653e+00,2.75444e-01,5.00130e+00,1.35291e+00,5.69515e-01,4.48920e-01,2.66726e+00,1.89589e+00,1.33034e-01,1.18369e+00,1.92776e+00
5.98353e-01,1.85760e+00,7.36621e-02,5.21914e+00,1.95098e-01,4.97385e-01,1.34693e+00,1.64887e+00,1.24647e+00,5.30301e+00,2.75069e-01,5.08706e+00,1.35216e+00,5.69760e-01,4.49252e-01,2.70810e+00,1.88613e+00,1.32960e-01,1.18297e+00,1.94963e+00
6.05528e-01,1.93259e+00,7.35937e-02,5.21646e+00,1.94947e-01,4.97443e-01,1.34051e+00,1.66191e+00,1.24662e+00,5.39376e+00,2.74738e-01,5.17769e+00,1.35144e+00,5.69970e-01,4.49566e-01,2.74822e+00,1.87632e+00,1.32915e-01,1.18231e+00,1.97141e+00
6.12827e-01,2.00857e+00,7.35500e-02,5.21451e+00,1.94794e-01,4.97489e-01,1.33418e+00,1.67535e+00,1.24685e+00,5.48879e+00,2.74477e-01,5.27295e+00,1.35082e+00,5.70158e-01,4.49883e-01,2.78693e+00,1.86647e+00,1.32879e-01,1.18168e+00,1.99364e+00
6.19959e-01,2.08475e+00,7.34853e-02,5.21370e+00,1.94627e-01,4.97577e-01,1.32790e+00,1.68949e+00,1.24708e+00,5.58811e+00,2.74293e-01,5.37264e+00,1.35028e+00,5.70322e-01,4.50201e-01,2.82342e+00,1.85671e+00,1.32839e-01,1.18113e+00,2.01671e+00
6.26667e-01,2.16031e+00,7.34098e-02,5.21445e+00,1.94432e-01,4.97662e-01,1.32176e+00,1.70451e+00,1.24732e+00,5.69116e+00,2.74158e-01,5.47650e+00,1.34984e+00,5.70461e-01,4.50519e-01,2.85716e+00,1.84710e+00,1.32773e-01,1.18059e+00,2.04118e+00
6.32712e-01,2.23457e+00,7.33443e-02,5.21720e+00,1.94216e-01,4.97734e-01,1.31577e+00,1.72076e+00,1.24767e+00,5.79780e+00,2.74069e-01,5.58457e+00,1.34945e+00,5.70596e-01,4.50791e-01,2.88791e+00,1.83768e+00,1.32675e-01,1.18007e+00,2.06771e+00
6.37879e-01,2.30725e+00,7.39503e-02,5.22218e+00,1.95053e-01,4.97816e-01,1.30996e+00,1.73853e+00,1.24846e+00,5.90685e+00,2.74028e-01,5.69545e+00,1.34914e+00,5.70719e-01,4.51053e-01,2.91515e+00,1.82851e+00,1.33234e-01,1.17958e+00,2.09672e+00
6.42003e-01,2.37860e+00,7.51240e-02,5.22983e+00,1.96057e-01,4.97848e-01,1.30431e+00,1.75818e+00,1.24932e+00,6.01879e+00,2.74015e-01,5.80970e+00,1.34887e+00,5.70789e-01,4.51313e-01,2.93911e+00,1.81954e+00,1.33372e-01,1.17911e+00,2.12857e+00
6.44974e-01,2.44704e+00,7.66839e-02,5.24058e+00,1.96920e-01,4.97885e-01,1.29885e+00,1.77996e+00,1.25088e+00,6.13260e+00,2.74020e-01,5.92575e+00,1.34866e+00,5.70821e-01,4.51545e-01,2.95958e+00,1.81085e+00,1.33511e-01,1.17874e+00,2.16379e+00
6.46806e-01,2.51347e+00,7.84488e-02,5.25480e+00,1.98327e-01,4.97964e-01,1.29364e+00,1.80436e+00,1.25333e+00,6.24631e+00,2.74032e-01,6.04352e+00,1.34853e+00,5.71642e-01,4.51761e-01,2.97681e+00,1.80253e+00,1.33808e-01,1.17842e+00,2.20257e+00
6.47459e-01,2.57808e+00,7.99209e-02,5.27279e+00,1.99933e-01,4.98038e-01,1.28862e+00,1.83154e+00,1.25575e+00,6.36019e+00,2.74042e-01,6.16241e+00,1.34847e+00,5.72139e-01,4.51954e-01,2.99116e+00,1.79456e+00,1.34225e-01,1.17813e+00,2.24488e+00
6.47033e-01,2.64101e+00,8.10341e-02,5.29496e+00,2.01542e-01,4.98100e-01,1.28384e+00,1.86185e+00,1.25812e+00,6.47281e+00,2.74064e-01,6.28183e+00,1.34845e+00,5.72478e-01,4.52132e-01,3.00270e+00,1.78695e+00,1.34724e-01,1.17779e+00,2.29080e+00
6.45693e-01,2.70247e+00,8.18565e-02,5.32159e+00,2.03262e-01,4.98149e-01,1.27930e+00,1.89552e+00,1.26047e+00,6.58258e+00,2.74092e-01,6.40128e+00,1.34851e+00,5.72910e-01,4.52311e-01,3.01190e+00,1.77972e+00,1.35231e-01,1.17744e+00,2.33974e+00
6.43459e-01,2.76247e+00,8.24172e-02,5.35314e+00,2.05010e-01,4.98205e-01,1.27496e+00,1.93294e+00,1.26268e+00,6.68842e+00,2.74134e-01,6.52036e+00,1.34866e+00,5.73429e-01,4.52490e-01,3.01906e+00,1.77303e+00,1.35703e-01,1.17713e+00,2.39126e+00
6.40538e-01,2.82108e+00,8.27477e-02,5.38987e+00,2.06551e-01,4.98264e-01,1.27081e+00,1.97383e+00,1.26479e+00,6.78984e+00,2.74205e-01,6.63852e+00,1.34886e+00,5.73951e-01,4.52661e-01,3.02426e+00,1.76672e+00,1.36113e-01,1.17686e+00,2.44441e+00
6.37089e-01,2.87834e+00,8.29573e-02,5.43184e+00,2.07873e-01,4.98308e-01,1.26694e+00,2.01835e+00,1.26658e+00,6.88637e+00,2.74272e-01,6.75538e+00,1.34919e+00,5.74437e-01,4.52825e-01,3.02791e+00,1.76086e+00,1.36481e-01,1.17659e+00,2.49825e+00
6.33213e-01,2.93431e+00,8.30287e-02,5.47926e+00,2.09740e-01,4.98337e-01,1.26324e+00,2.06615e+00,1.26896e+00,6.97758e+00,2.74333e-01,6.87070e+00,1.34959e+00,5.74865e-01,4.52976e-01,3.03041e+00,1.75550e+00,1.36798e-01,1.17628e+00,2.55183e+00
6.28990e-01,2.98919e+00,8.29647e-02,5.53214e+00,2.11262e-01,4.98336e-01,1.25976e+00,2.11700e+00,1.27175e+00,7.06352e+00,2.74409e-01,6.98438e+00,1.35001e+00,5.75250e-01,4.53119e-01,3.03177e+00,1.75141e+00,1.37581e-01,1.17594e+00,2.60389e+00
6.24604e-01,3.04304e+00,8.28166e-02,5.59008e+00,2.12786e-01,4.98304e-01,1.25650e+00,2.17032e+00,1.27513e+00,7.14370e+00,2.74504e-01,7.09626e+00,1.35037e+00,5.75623e-01,4.53246e-01,3.03211e+00,1.74729e+00,1.37941e-01,1.17563e+00,2.65370e+00
6.20124e-01,3.09602e+00,8.25421e-02,5.65281e+00,2.14607e-01,4.98277e-01,1.25349e+00,2.22572e+00,1.27900e+00,7.21855e+00,2.74587e-01,7.20612e+00,1.35067e+00,5.76018e-01,4.53343e-01,3.03167e+00,1.74339e+00,1.38194e-01,1.17540e+00,2.70045e+00
6.15612e-01,3.14818e+00,8.21355e-02,5.72003e+00,2.16717e-01,4.98249e-01,1.25069e+00,2.28269e+00,1.28309e+00,7.28800e+00,2.74657e-01,7.31406e+00,1.35091e+00,5.76390e-01,4.53409e-01,3.03066e+00,1.73972e+00,1.38435e-01,1.17508e+00,2.74341e+00
6.11172e-01,3.19965e+00,8.16395e-02,5.79096e+00,2.19305e-01,4.98213e-01,1.24812e+00,2.34034e+00,1.28734e+00,7.35240e+00,2.74711e-01,7.42036e+00,1.35104e+00,5.76696e-01,4.53447e-01,3.02918e+00,1.73635e+00,1.38635e-01,1.17471e+00,2.78224e+00
6.06856e-01,3.25065e+00,8.10955e-02,5.86485e+00,2.22485e-01,4.98159e-01,1.24576e+00,2.39816e+00,1.29156e+00,7.41222e+00,2.74753e-01,7.52525e+00,1.35114e+00,5.76935e-01,4.53450e-01,3.02738e+00,1.73343e+00,1.38778e-01,1.17435e+00,2.81682e+00
6.02701e-01,3.30134e+00,8.04658e-02,5.94110e+00,2.26142e-01,4.98115e-01,1.24355e+00,2.45566e+00,1.29586e+00,7.46774e+00,2.74807e-01,7.62911e+00,1.35120e+00,5.77130e-01,4.53436e-01,3.02527e+00,1.73078e+00,1.38812e-01,1.17394e+00,2.84705e+00
5.98758e-01,3.35188e+00,7.98073e-02,6.01898e+00,2.29920e-01,4.98081e-01,1.24152e+00,2.51246e+00,1.30044e+00,7.51902e+00,2.74907e-01,7.73228e+00,1.35126e+00,5.77262e-01,4.53380e-01,3.02291e+00,1.72846e+00,1.38771e-01,1.17351e+00,2.87307e+00
5.95073e-01,3.40249e+00,7.91694e-02,6.09761e+00,2.33203e-01,4.98048e-01,1.23965e+00,2.56823e+00,1.30531e+00,7.56682e+00,2.74977e-01,7.83526e+00,1.35127e+00,5.77344e-01,4.53285e-01,3.02034e+00,1.72652e+00,1.38681e-01,1.17312e+00,2.89521e+00
5.91626e-01,3.45332e+00,7.85488e-02,6.17646e+00,2.35675e-01,4.98000e-01,1.23792e+00,2.62281e+00,1.31038e+00,7.61105e+00,2.75018e-01,7.93854e+00,1.35129e+00,5.77384e-01,4.53179e-01,3.01757e+00,1.72495e+00,1.38539e-01,1.17273e+00,2.91354e+00
5.88427e-01,3.50462e+00,7.79648e-02,6.25454e+00,2.37132e-01,4.97929e-01,1.23635e+00,2.67614e+00,1.31552e+00,7.65226e+00,2.75064e-01,8.04260e+00,1.35127e+00,5.77366e-01,4.53076e-01,3.01463e+00,1.72370e+00,1.38419e-01,1.17234e+00,2.92864e+00
5.85547e-01,3.55662e+00,7.74468e-02,6.33175e+00,2.37661e-01,4.97862e-01,1.23493e+00,2.72823e+00,1.32063e+00,7.69074e+00,2.75105e-01,8.14796e+00,1.35121e+00,5.77272e-01,4.52942e-01,3.01153e+00,1.72272e+00,1.38298e-01,1.17199e+00,2.94082e+00
5.82923e-01,3.60950e+00,7.69844e-02,6.40770e+00,2.37511e-01,4.97783e-01,1.23367e+00,2.77926e+00,1.32550e+00,7.72657e+00,2.75146e-01,8.25499e+00,1.35109e+00,5.77108e-01,4.52786e-01,3.00831e+00,1.72200e+00,1.38202e-01,1.17169e+00,2.95040e+00
5.80559e-01,3.66351e+00,7.65932e-02,6.48210e+00,2.36934e-01,4.97673e-01,1.23255e+00,2.82956e+00,1.33003e+00,7.76037e+00,2.75155e-01,8.36396e+00,1.35094e+00,5.76880e-01,4.52623e-01,3.00497e+00,1.72153e+00,1.38147e-01,1.17130e+00,2.95794e+00
5.78452e-01,3.71891e+00,7.62517e-02,6.55520e+00,2.36091e-01,4.97541e-01,1.23154e+00,2.87934e+00,1.33415e+00,7.79202e+00,2.75163e-01,8.47529e+00,1.35069e+00,5.76589e-01,4.52430e-01,3.00161e+00,1.72128e+00,1.38128e-01,1.17088e+00,2.96353e+00
5.76543e-01,3.77586e+00,7.59174e-02,6.62710e+00,2.35066e-01,4.97393e-01,1.23065e+00,2.92910e+00,1.33776e+00,7.82215e+00,2.75184e-01,8.58922e+00,1.35040e+00,5.76227e-01,4.52249e-01,2.99822e+00,1.72122e+00,1.38115e-01,1.17042e+00,2.96769e+00
5.74832e-01,3.83473e+00,7.55970e-02,6.69805e+00,2.33865e-01,4.97234e-01,1.22985e+00,2.97919e+00,1.34073e+00,7.85070e+00,2.75194e-01,8.70590e+00,1.35006e+00,5.75806e-01,4.52074e-01,2.99486e+00,1.72132e+00,1.38147e-01,1.16993e+00,2.97055e+00
5.73304e-01,3.89571e+00,7.53063e-02,6.76838e+00,2.32401e-01,4.97063e-01,1.22914e+00,3.02984e+00,1.34325e+00,7.87824e+00,2.75207e-01,8.82558e+00,1.34966e+00,5.75320e-01,4.51903e-01,2.99148e+00,1.72161e+00,1.38202e-01,1.16938e+00,2.97238e+00
5.72000e-01,3.95912e+00,7.50233e-02,6.83801e+00,2.30673e-01,4.96891e-01,1.22853e+00,3.08155e+00,1.34514e+00,7.90450e+00,2.75227e-01,8.94820e+00,1.34925e+00,5.74787e-01,4.51726e-01,2.98814e+00,1.72206e+00,1.38237e-01,1.16882e+00,2.97338e+00
5.70813e-01,4.02515e+00,7.47514e-02,6.90766e+00,2.28696e-01,4.96711e-01,1.22801e+00,3.13457e+00,1.34659e+00,7.93026e+00,2.75260e-01,9.07382e+00,1.34885e+00,5.74216e-01,4.51567e-01,2.98491e+00,1.72265e+00,1.38316e-01,1.16831e+00,2.97379e+00
5.69765e-01,4.09403e+00,7.44764e-02,6.97740e+00,2.26483e-01,4.96546e-01,1.22755e+00,3.18893e+00,1.34746e+00,7.95527e+00,2.75305e-01,9.20247e+00,1.34842e+00,5.73610e-01,4.51404e-01,2.98183e+00,1.72331e+00,1.38427e-01,1.16778e+00,2.97371e+00
5.68851e-01,4.16599e+00,7.42151e-02,7.04732e+00,2.24045e-01,4.96401e-01,1.22717e+00,3.24493e+00,1.34794e+00,7.97998e+00,2.75351e-01,9.33390e+00,1.34790e+00,5.72968e-01,4.51226e-01,2.97893e+00,1.72399e+00,1.38571e-01,1.16724e+00,2.97328e+00
5.67975e-01,4.24117e+00,7.39709e-02,7.11752e+00,2.21458e-01,4.96271e-01,1.22688e+00,3.30260e+00,1.34799e+00,8.00440e+00,2.75393e-01,9.46779e+00,1.34740e+00,5.72299e-01,4.51059e-01,2.97626e+00,1.72476e+00,1.38794e-01,1.16673e+00,2.97249e+00
5.67163e-01,4.31965e+00,7.37270e-02,7.18790e+00,2.18823e-01,4.96127e-01,1.22662e+00,3.36175e+00,1.34771e+00,8.02873e+00,2.75407e-01,9.60418e+00,1.34690e+00,5.71627e-01,4.50871e-01,2.97388e+00,1.72555e+00,1.39055e-01,1.16623e+00,2.97154e+00
5.66374e-01,4.40164e+00,7.34870e-02,7.25832e+00,2.16158e-01,4.95947e-01,1.22644e+00,3.42225e+00,1.34708e+00,8.05316e+00,2.75393e-01,9.74273e+00,1.34636e+00,5.70944e-01,4.50683e-01,2.97187e+00,1.72632e+00,1.39364e-01,1.16576e+00,2.97045e+00
5.65575e-01,4.48710e+00,7.32620e-02,7.32861e+00,2.13521e-01,4.95745e-01,1.22629e+00,3.48363e+00,1.34622e+00,8.07777e+00,2.75368e-01,9.88301e+00,1.34575e+00,5.70262e-01,4.50499e-01,2.97024e+00,1.72707e+00,1.39710e-01,1.16543e+00,2.96935e+00
5.64769e-01,4.57631e+00,7.30687e-02,7.39861e+00,2.11003e-01,4.95530e-01,1.22616e+00,3.54571e+00,1.34508e+00,8.10260e+00,2.75345e-01,1.00247e+01,1.34512e+00,5.69607e-01,4.50314e-01,2.96917e+00,1.72780e+00,1.40076e-01,1.16511e+00,2.96821e+00
5.63955e-01,4.66909e+00,7.28831e-02,7.46815e+00,2.08577e-01,4.95300e-01,1.22607e+00,3.60812e+00,1.34377e+00,8.12770e+00,2.75318e-01,1.01676e+01,1.34447e+00,5.68962e-01,4.50124e-01,2.96869e+00,1.72849e+00,1.40431e-01,1.16491e+00,2.96712e+00
5.63109e-01,4.76552e+00,7.27008e-02,7.53705e+00,2.06273e-01,4.95050e-01,1.22601e+00,3.66990e+00,1.34225e+00,8.15308e+00,2.75289e-01,1.03112e+01,1.34382e+00,5.68335e-01,4.49912e-01,2.96890e+00,1.72917e+00,1.40767e-01,1.16485e+00,2.96612e+00
5.62213e-01,4.86561e+00,7.24984e-02,7.60524e+00,2.04118e-01,4.94777e-01,1.22597e+00,3.73085e+00,1.34065e+00,8.17876e+00,2.75248e-01,1.04551e+01,1.34310e+00,5.67755e-01,4.49684e-01,2.96998e+00,1.72981e+00,1.41079e-01,1.16487e+00,2.96515e+00
5.61335e-01,4.96913e+00,7.23038e-02,7.67277e+00,2.02164e-01,4.94511e-01,1.22595e+00,3.79042e+00,1.33897e+00,8.20463e+00,2.75215e-01,1.05988e+01,1.34239e+00,5.67239e-01,4.49472e-01,2.97198e+00,1.73039e+00,1.41348e-01,1.16497e+00,2.96421e+00
5.60419e-01,5.07591e+00,7.21217e-02,7.73948e+00,2.00379e-01,4.94240e-01,1.22592e+00,3.84802e+00,1.33724e+00,8.23065e+00,2.75193e-01,1.07419e+01,1.34165e+00,5.66786e-01,4.49260e-01,2.97494e+00,1.73093e+00,1.41548e-01,1.16516e+00,2.96336e+00
5.59496e-01,5.18568e+00,7.19449e-02,7.80588e+00,1.98716e-01,4.93988e-01,1.22593e+00,3.90328e+00,1.33548e+00,8.25670e+00,2.75153e-01,1.08840e+01,1.34091e+00,5.66394e-01,4.49046e-01,2.97913e+00,1.73147e+00,1.41687e-01,1.16541e+00,2.96262e+00
5.58581e-01,5.29819e+00,7.17666e-02,7.87225e+00,1.97197e-01,4.93739e-01,1.22598e+00,3.95580e+00,1.33374e+00,8.28268e+00,2.75083e-01,1.10244e+01,1.34016e+00,5.66063e-01,4.48819e-01,2.98478e+00,1.73201e+00,1.41731e-01,1.16567e+00,2.96191e+00
5.57662e-01,5.41290e+00,7.16082e-02,7.93894e+00,1.95847e-01,4.93469e-01,1.22598e+00,4.00517e+00,1.33203e+00,8.30843e+00,2.75000e-01,1.11628e+01,1.33935e+00,5.65778e-01,4.48592e-01,2.99198e+00,1.73255e+00,1.41691e-01,1.16595e+00,2.96133e+00
5.56760e-01,5.52936e+00,7.14636e-02,8.00656e+00,1.94609e-01,4.93172e-01,1.22597e+00,4.05151e+00,1.33031e+00,8.33381e+00,2.74904e-01,1.12987e+01,1.33855e+00,5.65549e-01,4.48375e-01,3.00082e+00,1.73313e+00,1.41593e-01,1.16621e+00,2.96079e+00
5.55879e-01,5.64700e+00,7.13299e-02,8.07554e+00,1.93515e-01,4.92870e-01,1.22597e+00,4.09428e+00,1.32861e+00,8.35862e+00,2.74813e-01,1.14319e+01,1.33775e+00,5.65370e-01,4.48168e-01,3.01157e+00,1.73379e+00,1.41399e-01,1.16638e+00,2.96036e+00
5.55008e-01,5.76519e+00,7.12220e-02,8.14639e+00,1.92518e-01,4.92597e-01,1.22598e+00,4.13347e+00,1.32693e+00,8.38275e+00,2.74723e-01,1.15619e+01,1.33691e+00,5.65225e-01,4.47961e-01,3.02447e+00,1.73453e+00,1.41115e-01,1.16640e+00,2.95999e+00
5.54181e-01,5.88321e+00,7.12128e-02,8.21973e+00,1.93021e-01,4.92361e-01,1.22602e+00,4.16923e+00,1.32523e+00,8.40597e+00,2.74636e-01,1.16884e+01,1.33612e+00,5.65108e-01,4.47744e-01,3.03979e+00,1.73536e+00,1.40725e-01,1.16632e+00,2.95967e+00
5.53360e-01,6.00028e+00,8.17289e-02,8.29611e+00,2.22821e-01,4.92118e-01,1.22602e+00,4.20157e+00,1.32353e+00,8.42812e+00,2.74573e-01,1.18113e+01,1.33537e+00,5.64998e-01,4.47506e-01,3.05748e+00,1.73626e+00,1.40252e-01,1.16613e+00,2.95941e+00
5.52566e-01,6.11565e+00,1.46812e-01,8.37573e+00,7.15379e-01,4.91858e-01,1.22602e+00,4.23054e+00,1.32180e+00,8.45108e+00,2.74517e-01,1.19306e+01,1.33463e+00,5.64910e-01,4.47262e-01,3.07782e+00,1.73728e+00,1.39716e-01,1.16581e+00,2.95921e+00
5.51812e-01,6.23332e+00,3.01354e-01,8.46060e+00,4.27794e+00,4.96991e-01,1.23141e+00,4.25878e+00,1.32003e+00,8.47460e+00,2.75037e-01,1.20478e+01,1.33388e+00,5.64897e-01,4.51000e-01,3.10097e+00,1.73841e+00,1.39124e-01,1.16533e+00,2.95903e+00
5.51038e-01,6.35580e+00,5.05770e-01,8.56002e+00,1.34197e+01,5.18464e-01,1.28557e+00,4.30092e+00,1.32064e+00,8.50334e+00,2.79438e-01,1.21624e+01,1.33317e+00,5.65062e-01,4.56785e-01,3.12682e+00,1.74116e+00,1.38582e-01,1.17829e+00,2.95888e+00
5.53720e-01,6.47175e+00,7.34047e-01,8.67675e+00,2.27008e+01,5.49725e-01,1.85283e+00,4.34928e+00,1.32532e+00,8.53664e+00,2.86454e-01,1.22737e+01,1.33328e+00,5.68727e-01,4.60327e-01,3.15894e+00,1.74727e+00,1.41126e-01,1.19654e+00,2.96376e+00
5.57556e-01,6.57544e+00,1.05255e+00,8.80813e+00,3.27533e+01,6.01709e-01,2.49239e+00,4.38043e+00,1.32970e+00,8.57616e+00,2.94877e-01,1.23830e+01,1.33749e+00,5.74592e-01,4.63694e-01,3.19744e+00,1.75411e+00,1.42180e-01,1.22038e+00,2.97567e+00
5.60867e-01,6.67924e+00,1.48341e+00,8.93300e+00,5.07401e+01,6.62134e-01,2.61158e+00,4.40309e+00,1.33390e+00,8.62020e+00,3.01028e-01,1.24900e+01,1.34263e+00,5.80149e-01,4.68500e-01,3.24218e+00,1.76067e+00,1.43528e-01,1.24053e+00,2.98959e+00
5.62614e-01,6.78259e+00,1.84165e+00,9.04848e+00,7.83663e+01,7.12707e-01,2.60417e+00,4.42024e+00,1.33858e+00,8.66593e+00,3.04892e-01,1.25950e+01,1.34776e+00,5.85944e-01,4.74338e-01,3.29538e+00,1.76609e+00,1.46658e-01,1.25667e+00,3.01381e+00
5.64014e-01,6.88266e+00,1.99859e+00,9.16490e+00,9.02763e+01,7.57648e-01,2.61096e+00,4.43122e+00,1.34295e+00,8.71141e+00,3.07604e-01,1.26987e+01,1.35600e+00,5.92415e-01,4.80273e-01,3.35682e+00,1.77058e+00,1.52590e-01,1.27042e+00,3.04772e+00
5.66637e-01,6.97729e+00,1.95628e+00,9.29006e+00,8.38925e+01,8.31306e-01,2.65701e+00,4.43773e+00,1.34636e+00,8.75494e+00,3.09887e-01,1.28019e+01,1.36453e+00,5.99196e-01,4.85732e-01,3.42389e+00,1.77454e+00,1.62409e-01,1.28326e+00,3.08164e+00
5.71133e-01,7.07213e+00,1.77936e+00,9.42772e+00,6.94965e+01,9.92970e-01,2.72500e+00,4.44179e+00,1.34914e+00,8.79375e+00,3.12341e-01,1.29078e+01,1.36966e+00,6.05835e-01,4.90773e-01,3.49965e+00,1.77813e+00,1.77711e-01,1.29557e+00,3.10807e+00
5.77366e-01,7.15710e+00,1.54290e+00,9.58103e+00,5.43524e+01,1.33621e+00,2.76752e+00,4.44450e+00,1.35184e+00,8.82660e+00,3.17287e-01,1.30141e+01,1.37161e+00,6.11958e-01,4.98736e-01,3.58672e+00,1.78166e+00,2.13331e-01,1.30773e+00,3.12656e+00
5.84832e-01,7.23588e+00,1.30218e+00,9.75434e+00,4.14837e+01,1.89310e+00,2.77772e+00,4.44847e+00,1.35502e+00,8.85565e+00,3.31955e-01,1.31227e+01,1.37216e+00,6.17987e-01,5.06428e-01,3.68060e+00,1.78521e+00,1.78328e+00,1.31963e+00,3.14177e+00
5.92950e-01,7.55412e+00,1.08620e+00,9.97275e+00,3.14879e+01,2.57196e+00,2.85272e+00,4.46137e+00,1.35925e+00,8.88819e+00,3.65929e-01,1.32374e+01,1.37327e+00,6.24644e-01,5.14579e-01,3.77130e+00,1.78878e+00,1.33324e+01,1.35097e+00,3.15522e+00
6.01449e-01,7.93228e+00,9.07535e-01,1.03307e+01,2.40313e+01,3.57454e+00,3.31608e+00,4.48635e+00,1.36537e+00,8.92572e+00,4.88706e-01,1.33555e+01,1.37576e+00,6.33167e-01,5.37525e-01,3.85829e+00,1.79341e+00,2.16274e+01,1.40976e+00,3.16898e+00
6.13003e-01,9.06960e+00,7.63470e-01,1.10866e+01,1.85790e+01,5.20891e+00,4.26189e+00,4.54449e+00,1.37428e+00,8.98915e+00,9.93213e-01,1.34807e+01,1.37990e+00,6.43896e-01,5.92978e-01,3.95032e+00,1.79904e+00,2.22960e+01,1.51674e+00,3.18376e+00
6.25534e-01,1.05255e+01,6.50380e-01,1.23534e+01,1.45814e+01,7.42171e+00,5.65037e+00,4.74963e+00,1.38647e+00,9.07786e+00,2.24957e+00,1.36060e+01,1.38658e+00,6.56709e-01,6.40320e-01,4.06669e+00,1.80643e+00,2.03026e+01,2.01184e+00,3.19867e+00
6.39736e-01,1.25987e+01,5.84052e-01,1.35691e+01,1.18522e+01,1.08092e+01,7.80411e+00,5.02582e+00,1.40240e+00,9.20513e+00,3.50197e+00,1.37364e+01,1.39618e+00,6.71933e-01,6.78836e-01,4.22819e+00,1.81411e+00,1.77342e+01,4.59009e+00,3.21581e+00
6.53097e-01,1.60697e+01,5.43465e-01,1.43583e+01,1.02303e+01,1.54894e+01,1.02169e+01,5.11892e+00,1.42013e+00,9.36620e+00,4.19198e+00,1.38718e+01,1.40724e+00,6.86322e-01,7.26951e-01,4.45283e+00,1.82203e+00,1.52042e+01,9.19348e+00,3.23417e+00
6.66054e-01,1.98670e+01,5.17873e-01,1.48084e+01,9.01433e+00,2.02697e+01,1.30565e+01,5.12359e+00,1.43943e+00,9.53874e+00,4.38375e+00,1.40137e+01,1.41943e+00,7.00764e-01,7.77117e-01,4.76812e+00,1.82996e+00,1.29171e+01,1.34728e+01,3.25508e+00
6.80333e-01,2.33195e+01,4.86822e-01,1.54164e+01,8.24041e+00,2.31887e+01,1.51169e+01,5.11577e+00,1.45965e+00,9.70482e+00,4.38323e+00,1.41646e+01,1.43302e+00,7.16181e-01,8.18986e-01,5.23318e+00,1.83763e+00,1.09281e+01,1.62411e+01,3.27789e+00
6.97300e-01,2.60800e+01,4.52613e-01,1.64454e+01,7.70992e+00,2.29490e+01,1.59338e+01,5.11402e+00,1.47938e+00,9.85500e+00,4.49349e+00,1.43288e+01,1.44648e+00,7.31764e-01,8.54929e-01,5.81127e+00,1.84509e+00,9.23742e+00,1.73118e+01,3.30164e+00
7.16796e-01,2.79468e+01,4.21179e-01,1.80772e+01,7.21154e+00,2.02795e+01,1.58132e+01,5.12731e+00,1.49746e+00,9.98735e+00,4.73725e+00,1.45097e+01,1.45836e+00,7.47623e-01,8.97113e-01,6.33365e+00,1.85192e+00,7.82095e+00,1.66680e+01,3.32550e+00
7.38086e-01,2.93459e+01,3.94333e-01,2.05179e+01,6.64591e+00,1.67693e+01,1.49155e+01,5.15722e+00,1.51335e+00,1.01057e+01,4.96622e+00,1.47100e+01,1.46854e+00,7.63757e-01,9.58207e-01,6.65064e+00,1.85781e+00,6.64424e+00,1.50158e+01,3.34877e+00
7.60238e-01,3.09385e+01,3.71610e-01,2.37198e+01,6.00520e+00,1.34630e+01,1.34482e+01,5.20607e+00,1.52663e+00,1.02167e+01,5.11692e+00,1.49299e+01,1.47797e+00,7.81207e-01,1.04668e+00,6.74040e+00,1.86290e+00,5.67039e+00,1.31944e+01,3.37174e+00
7.82059e-01,3.33426e+01,3.51486e-01,2.72087e+01,5.34588e+00,1.07346e+01,1.17936e+01,5.29611e+00,1.53761e+00,1.03281e+01,5.26317e+00,1.51667e+01,1.48733e+00,8.00673e-01,1.17178e+00,6.69980e+00,1.86751e+00,4.86571e+00,1.16601e+01,3.39382e+00
8.02624e-01,3.73087e+01,3.32380e-01,3.04631e+01,4.72126e+00,8.60990e+00,1.02886e+01,5.50292e+00,1.54648e+00,1.04464e+01,5.52886e+00,1.54156e+01,1.49693e+00,8.22492e-01,1.36252e+00,6.64777e+00,1.87184e+00,4.20153e+00,1.05336e+01,3.41463e+00
8.21343e-01,4.31433e+01,3.13251e-01,3.33282e+01,4.15705e+00,6.99925e+00,9.11797e+00,5.99854e+00,1.55356e+00,1.05751e+01,5.97908e+00,1.56712e+01,1.50696e+00,8.46599e-01,1.71050e+00,6.66043e+00,1.87609e+00,3.65451e+00,9.76771e+00,3.43363e+00
8.38018e-01,4.94957e+01,2.93699e-01,3.58521e+01,3.66001e+00,5.79586e+00,8.33975e+00,7.02088e+00,1.55935e+00,1.07144e+01,6.52924e+00,1.59292e+01,1.51760e+00,8.72026e-01,2.41248e+00,6.76154e+00,1.88024e+00,3.20522e+00,9.25049e+00,3.45055e+00
8.52541e-01,5.40117e+01,2.74025e-01,3.79478e+01,3.22761e+00,4.91192e+00,7.93070e+00,8.67028e+00,1.56429e+00,1.08629e+01,6.97720e+00,1.61865e+01,1.52893e+00,8.97147e-01,3.66548e+00,6.92980e+00,1.88424e+00,2.83854e+00,8.86110e+00,3.46568e+00
8.64910e-01,5.54652e+01,2.54777e-01,3.94110e+01,2.85337e+00,4.28695e+00,7.81888e+00,1.07486e+01,1.56900e+00,1.10172e+01,7.16449e+00,1.64426e+01,1.54100e+00,9.20245e-01,5.35665e+00,7.11534e+00,1.88803e+00,2.54299e+00,8.49600e+00,3.47926e+00
8.75159e-01,5.42560e+01,2.36502e-01,4.01588e+01,2.52939e+00,3.88530e+00,7.94316e+00,1.29171e+01,1.57635e+00,1.11756e+01,7.07554e+00,1.66981e+01,1.55375e+00,9.39767e-01,7.05638e+00,7.26368e+00,1.89144e+00,2.31066e+00,8.08802e+00,3.49167e+00
8.83105e-01,5.14430e+01,2.19585e-01,4.03218e+01,2.24762e+00,3.68741e+00,8.32183e+00,1.49484e+01,1.60272e+00,1.13378e+01,6.79725e+00,1.69541e+01,1.56710e+00,9.54573e-01,8.43352e+00,7.33889e+00,1.89443e+00,2.13672e+00,7.61618e+00,3.50371e+00
8.88665e-01,4.79863e+01,2.04319e-01,4.01597e+01,2.00118e+00,3.67417e+00,9.05990e+00,1.68217e+01,1.73299e+00,1.15039e+01,6.43512e+00,1.72125e+01,1.58084e+00,9.64235e-01,9.43330e+00,7.33199e+00,1.89713e+00,2.01775e+00,7.09651e+00,3.51623e+00
8.91756e-01,4.45209e+01,1.90705e-01,3.99499e+01,1.78457e+00,3.80984e+00,1.02383e+01,1.86904e+01,2.31289e+00,1.16757e+01,6.06567e+00,1.74750e+01,1.59558e+00,9.68964e-01,1.01344e+01,7.25729e+00,1.89966e+00,1.94846e+00,6.56050e+00,3.52980e+00
8.93610e-01,4.13959e+01,1.78752e-01,3.99578e+01,1.59383e+00,4.03759e+00,1.17723e+01,2.07782e+01,4.14039e+00,1.18537e+01,5.72549e+00,1.77440e+01,1.61090e+00,9.69550e-01,1.06142e+01,7.13969e+00,1.90216e+00,1.91824e+00,6.03805e+00,3.54510e+00
8.94185e-01,3.87587e+01,1.68302e-01,4.04836e+01,1.42586e+00,4.29563e+00,1.34343e+01,2.32022e+01,7.44094e+00,1.20380e+01,5.41938e+00,1.80229e+01,1.62618e+00,9.67118e-01,1.09253e+01,7.00583e+00,1.90475e+00,1.90868e+00,5.55006e+00,3.56222e+00
8.93157e-01,3.66308e+01,1.59248e-01,4.19018e+01,1.27827e+00,4.54233e+00,1.50196e+01,2.58251e+01,1.07773e+01,1.22280e+01,5.13602e+00,1.83172e+01,1.64194e+00,9.62989e-01,1.11167e+01,6.87670e+00,1.90741e+00,1.89742e+00,5.10768e+00,3.58121e+00
8.90652e-01,3.49510e+01,1.51469e-01,4.45959e+01,1.14900e+00,4.77065e+00,1.64167e+01,2.83005e+01,1.28771e+01,1.24220e+01,4.86002e+00,1.86348e+01,1.65783e+00,9.58461e-01,1.12395e+01,6.76496e+00,1.91011e+00,1.86596e+00,4.71368e+00,3.60194e+00
8.87725e-01,3.36352e+01,1.44811e-01,4.87736e+01,1.03615e+00,5.00827e+00,1.75670e+01,3.03018e+01,1.36791e+01,1.26194e+01,4.58107e+00,1.89866e+01,1.67325e+00,9.54739e-01,1.13284e+01,6.67674e+00,1.91276e+00,1.80575e+00,4.36696e+00,3.62369e+00
8.85309e-01,3.26078e+01,1.39116e-01,5.42489e+01,9.37885e-01,5.30365e+00,1.84384e+01,3.17107e+01,1.36260e+01,1.28180e+01,4.29632e+00,1.93886e+01,1.68823e+00,9.52743e-01,1.13829e+01,6.61298e+00,1.91527e+00,1.71834e+00,4.06352e+00,3.64566e+00
8.83629e-01,3.18457e+01,1.34247e-01,6.04259e+01,8.52501e-01,5.69839e+00,1.90288e+01,3.26372e+01,1.31187e+01,1.30172e+01,4.00894e+00,1.98651e+01,1.70335e+00,9.53105e-01,1.13712e+01,6.57331e+00,1.91755e+00,1.61143e+00,3.79913e+00,3.66720e+00
8.82531e-01,3.13999e+01,1.30165e-01,6.65831e+01,7.78416e-01,6.18879e+00,1.93690e+01,3.33162e+01,1.24068e+01,1.32164e+01,3.72519e+00,2.04523e+01,1.71896e+00,9.56089e-01,1.12522e+01,6.55894e+00,1.91956e+00,1.49407e+00,3.56851e+00,3.68757e+00
8.81658e-01,3.13966e+01,1.26654e-01,7.22260e+01,7.14160e-01,6.70700e+00,1.95081e+01,3.39808e+01,1.16263e+01,1.34149e+01,3.45180e+00,2.12030e+01,1.73534e+00,9.61516e-01,1.10024e+01,6.57563e+00,1.92134e+00,1.37422e+00,3.36774e+00,3.70607e+00
8.80784e-01,3.20100e+01,1.23690e-01,7.71963e+01,6.58430e-01,7.15030e+00,1.94960e+01,3.47414e+01,1.08465e+01,1.36111e+01,3.19478e+00,2.21871e+01,1.75280e+00,9.68834e-01,1.06240e+01,6.63536e+00,1.92302e+00,1.25751e+00,3.19289e+00,3.72221e+00
8.79754e-01,3.33821e+01,1.21141e-01,8.15298e+01,6.10083e-01,7.43770e+00,1.93731e+01,3.55282e+01,1.01012e+01,1.38026e+01,2.95863e+00,2.34910e+01,1.77147e+00,9.77216e-01,1.01418e+01,6.75420e+00,1.92472e+00,1.14739e+00,3.04070e+00,3.73543e+00
8.78867e-01,3.55013e+01,1.18959e-01,8.53023e+01,5.68051e-01,7.54390e+00,1.91645e+01,3.61451e+01,9.40543e+00,1.39860e+01,2.74631e+00,2.52060e+01,1.79135e+00,9.85697e-01,9.58935e+00,6.94366e+00,1.92654e+00,1.04564e+00,2.90813e+00,3.74569e+00
8.78432e-01,3.81213e+01,1.17089e-01,8.85572e+01,5.31615e-01,7.48999e+00,1.88789e+01,3.63897e+01,8.76590e+00,1.41565e+01,2.55971e+00,2.74143e+01,1.81225e+00,9.93359e-01,8.99999e+00,7.19924e+00,1.92863e+00,9.53001e-01,2.79297e+00,3.75287e+00
8.78786e-01,4.08073e+01,1.15497e-01,9.13125e+01,4.99913e-01,7.31928e+00,1.85150e+01,3.61637e+01,8.18445e+00,1.43092e+01,2.39971e+00,3.01697e+01,1.83384e+00,9.99384e-01,8.40103e+00,7.49300e+00,1.93106e+00,8.69432e-01,2.69279e+00,3.75674e+00
8.80131e-01,4.31304e+01,1.14085e-01,9.35507e+01,4.72225e-01,7.07586e+00,1.80695e+01,3.54839e+01,7.66073e+00,1.44391e+01,2.26646e+00,3.34799e+01,1.85568e+00,1.00320e+00,7.81253e+00,7.77686e+00,1.93386e+00,7.94564e-01,2.60566e+00,3.75777e+00
8.82340e-01,4.48376e+01,1.12892e-01,9.52148e+01,4.48104e-01,6.79476e+00,1.75457e+01,3.44465e+01,7.19373e+00,1.45423e+01,2.15931e+00,3.72911e+01,1.87714e+00,1.00449e+00,7.24733e+00,8.00655e+00,1.93705e+00,7.27748e-01,2.53009e+00,3.75612e+00
8.85047e-01,4.58930e+01,1.11873e-01,9.62662e+01,4.27043e-01,6.50004e+00,1.69581e+01,3.31712e+01,6.78201e+00,1.46158e+01,2.07689e+00,4.14820e+01,1.89759e+00,1.00311e+00,6.71318e+00,8.15575e+00,1.94063e+00,6.68225e-01,2.46419e+00,3.75185e+00
8.87462e-01,4.64237e+01,1.10991e-01,9.67282e+01,4.08563e-01,6.20639e+00,1.63325e+01,3.17683e+01,6.42368e+00,1.46589e+01,2.01703e+00,4.58600e+01,1.91646e+00,9.99132e-01,6.21406e+00,8.21980e+00,1.94451e+00,6.15249e-01,2.40691e+00,3.74552e+00
8.88778e-01,4.66378e+01,1.10261e-01,9.67019e+01,3.92349e-01,5.92147e+00,1.57068e+01,3.03254e+01,6.11651e+00,1.46724e+01,1.97666e+00,5.01763e+01,1.93326e+00,9.92745e-01,5.75138e+00,8.20963e+00,1.94864e+00,5.68124e-01,2.35674e+00,3.73710e+00
8.88211e-01,4.67680e+01,1.09623e-01,9.63256e+01,3.78131e-01,5.64835e+00,1.51302e+01,2.89038e+01,5.85757e+00,1.46583e+01,1.95183e+00,5.41647e+01,1.94762e+00,9.84224e-01,5.32478e+00,8.14234e+00,1.95289e+00,5.26225e-01,2.31272e+00,3.72685e+00
8.85202e-01,4.70506e+01,1.09089e-01,9.57204e+01,3.65676e-01,5.38778e+00,1.46652e+01,2.75428e+01,5.64251e+00,1.46198e+01,1.93807e+00,5.75855e+01,1.95922e+00,9.73865e-01,4.93296e+00,8.03629e+00,1.95713e+00,4.88962e-01,2.27403e+00,3.71508e+00
8.79572e-01,4.77332e+01,1.08610e-01,9.49466e+01,3.54729e-01,5.13899e+00,1.43834e+01,2.62650e+01,5.46620e+00,1.45612e+01,1.93080e+00,6.02752e+01,1.96799e+00,9.62003e-01,4.57391e+00,7.90694e+00,1.96122e+00,4.55793e-01,2.23943e+00,3.70199e+00
8.71411e-01,4.91077e+01,1.08227e-01,9.39955e+01,3.45132e-01,4.90097e+00,1.43528e+01,2.50827e+01,5.32249e+00,1.44872e+01,1.92588e+00,6.21602e+01,1.97386e+00,9.48958e-01,4.24549e+00,7.76567e+00,1.96507e+00,4.26222e-01,2.20851e+00,3.68780e+00
8.61149e-01,5.15238e+01,1.07872e-01,9.28195e+01,3.36705e-01,4.67277e+00,1.46023e+01,2.40039e+01,5.20428e+00,1.44086e+01,1.91990e+00,6.32550e+01,1.97695e+00,9.34969e-01,3.94536e+00,7.62044e+00,1.96864e+00,3.99826e-01,2.18046e+00,3.67259e+00
8.49196e-01,5.53471e+01,1.07555e-01,9.13716e+01,3.29264e-01,4.45337e+00,1.50874e+01,2.30285e+01,5.10470e+00,1.43840e+01,1.91042e+00,6.36452e+01,1.97734e+00,9.20299e-01,3.67130e+00,7.47720e+00,1.97193e+00,3.76239e-01,2.15484e+00,3.65667e+00
8.36136e-01,6.07935e+01,1.07275e-01,8.96255e+01,3.22687e-01,4.24218e+00,1.56871e+01,2.21611e+01,5.01683e+00,1.47337e+01,1.89613e+00,6.34537e+01,1.97543e+00,9.05151e-01,3.42104e+00,7.33906e+00,1.97499e+00,3.55164e-01,2.13123e+00,3.64021e+00
8.22366e-01,6.76698e+01,1.07054e-01,8.75962e+01,3.16893e-01,4.03888e+00,1.62505e+01,2.14021e+01,4.93472e+00,1.67906e+01,1.87652e+00,6.28169e+01,1.97145e+00,8.89693e-01,3.19254e+00,7.20861e+00,1.97795e+00,3.36301e-01,2.10908e+00,3.62345e+00
8.08329e-01,7.52391e+01,1.06872e-01,8.53375e+01,3.11766e-01,3.84341e+00,1.66671e+01,2.07600e+01,4.85352e+00,2.40788e+01,1.85176e+00,6.18666e+01,1.96570e+00,8.74093e-01,2.98386e+00,7.08703e+00,1.98093e+00,3.19417e-01,2.08817e+00,3.60661e+00
7.94331e-01,8.24378e+01,1.06714e-01,8.29279e+01,3.07275e-01,3.65586e+00,1.68942e+01,2.02416e+01,4.76966e+00,4.00532e+01,1.82238e+00,6.07221e+01,1.95856e+00,8.58477e-01,2.79311e+00,6.97502e+00,1.98406e+00,3.04286e-01,2.06810e+00,3.58980e+00
7.80629e-01,8.83427e+01,1.06604e-01,8.04517e+01,3.03323e-01,3.47628e+00,1.69418e+01,1.98603e+01,4.68085e+00,6.07798e+01,1.78912e+00,5.94841e+01,1.95049e+00,8.42980e-01,2.61881e+00,6.87304e+00,1.98754e+00,2.90722e-01,2.04855e+00,3.57317e+00
7.67375e-01,9.24689e+01,1.06542e-01,7.80093e+01,2.99851e-01,3.30484e+00,1.68431e+01,1.96273e+01,4.58588e+00,7.79346e+01,1.75276e+00,5.82348e+01,1.94183e+00,8.27678e-01,2.45930e+00,6.78121e+00,1.99152e+00,2.78586e-01,2.02948e+00,3.55691e+00
7.54703e-01,9.47848e+01,1.06485e-01,7.56820e+01,2.96784e-01,3.14143e+00,1.66340e+01,1.95507e+01,4.48463e+00,8.80543e+01,1.71415e+00,5.70460e+01,1.93303e+00,8.12612e-01,2.31330e+00,6.69878e+00,1.99615e+00,2.67714e-01,2.01048e+00,3.54097e+00
7.42702e-01,9.55246e+01,1.06441e-01,7.35464e+01,2.95013e-01,2.98615e+00,1.63420e+01,1.96295e+01,4.37733e+00,9.23038e+01,1.67389e+00,5.59738e+01,1.92445e+00,7.97924e-01,2.17959e+00,6.62560e+00,2.00158e+00,2.57982e-01,1.99147e+00,3.52550e+00
7.31411e-01,9.50412e+01,1.07945e-01,7.16422e+01,2.97762e-01,2.83905e+00,1.59873e+01,1.98468e+01,4.26468e+00,9.28853e+01,1.63247e+00,5.50734e+01,1.91635e+00,7.83586e-01,2.05699e+00,6.56111e+00,2.00789e+00,2.49305e-01,1.97237e+00,3.51062e+00
7.20876e-01,9.36737e+01,1.11726e-01,6.99749e+01,3.04549e-01,2.69994e+00,1.55835e+01,2.01711e+01,4.14808e+00,9.14781e+01,1.59039e+00,5.43901e+01,1.90906e+00,7.69657e-01,1.94461e+00,6.50416e+00,2.01518e+00,2.41539e-01,1.95309e+00,3.49618e+00
7.11112e-01,9.17132e+01,1.17469e-01,6.85012e+01,3.09972e-01,2.56868e+00,1.51413e+01,2.05548e+01,4.02872e+00,8.91052e+01,1.54786e+00,5.39656e+01,1.90286e+00,7.56207e-01,1.84138e+00,6.45450e+00,2.02357e+00,2.34620e-01,1.93361e+00,3.48235e+00
7.02075e-01,8.93851e+01,1.23786e-01,6.71503e+01,3.17287e-01,2.44506e+00,1.46699e+01,2.09465e+01,3.90782e+00,8.63498e+01,1.50515e+00,5.38361e+01,1.89784e+00,7.43259e-01,1.74665e+00,6.41141e+00,2.03315e+00,2.28499e-01,1.91396e+00,3.46904e+00
6.93732e-01,8.68617e+01,1.28766e-01,6.58554e+01,3.25874e-01,2.32881e+00,1.41786e+01,2.12997e+01,3.78667e+00,8.35302e+01,1.46242e+00,5.40307e+01,1.89410e+00,7.30839e-01,1.65952e+00,6.37374e+00,2.04399e+00,2.23025e-01,1.89409e+00,3.45633e+00
6.86047e-01,8.42683e+01,1.32817e-01,6.45592e+01,3.35095e-01,2.21965e+00,1.36756e+01,2.15788e+01,3.66642e+00,8.08195e+01,1.41985e+00,5.45957e+01,1.89166e+00,7.18981e-01,1.57950e+00,6.34118e+00,2.05613e+00,2.18234e-01,1.87417e+00,3.44409e+00
6.78922e-01,8.16938e+01,1.36747e-01,6.32420e+01,3.45149e-01,2.11727e+00,1.31689e+01,2.17634e+01,3.54799e+00,7.82929e+01,1.37755e+00,5.56221e+01,1.89054e+00,7.07694e-01,1.50586e+00,6.31271e+00,2.06958e+00,2.14094e-01,1.85426e+00,3.43236e+00
6.72318e-01,7.92035e+01,1.40751e-01,6.19054e+01,3.55873e-01,2.02138e+00,1.26657e+01,2.18441e+01,3.43217e+00,7.59708e+01,1.33566e+00,5.73017e+01,1.89066e+00,6.96996e-01,1.43812e+00,6.28771e+00,2.08440e+00,2.10525e-01,1.83432e+00,3.42112e+00
6.66139e-01,7.68460e+01,1.44616e-01,6.05724e+01,3.66847e-01,1.93159e+00,1.21713e+01,2.18228e+01,3.31944e+00,7.38265e+01,1.29427e+00,5.99784e+01,1.89181e+00,6.86857e-01,1.37566e+00,6.26516e+00,2.10052e+00,2.07483e-01,1.81454e+00,3.41031e+00
6.60329e-01,7.46665e+01,1.48030e-01,5.92682e+01,3.78582e-01,1.84760e+00,1.16901e+01,2.17078e+01,3.21032e+00,7.18153e+01,1.25353e+00,6.41396e+01,1.89386e+00,6.77369e-01,1.31815e+00,6.24460e+00,2.11790e+00,2.04880e-01,1.79492e+00,3.40000e+00
6.54837e-01,7.27084e+01,1.50537e-01,5.80186e+01,3.91508e-01,1.76911e+00,1.12252e+01,2.15086e+01,3.10525e+00,6.98839e+01,1.21357e+00,7.03001e+01,1.89658e+00,6.68493e-01,1.26513e+00,6.22571e+00,2.13633e+00,2.02693e-01,1.77562e+00,3.39020e+00
6.49645e-01,7.10208e+01,1.51741e-01,5.68480e+01,4.05549e-01,1.69578e+00,1.07789e+01,2.12376e+01,3.00446e+00,6.79850e+01,1.17450e+00,7.87630e+01,1.89974e+00,6.60245e-01,1.21628e+00,6.20753e+00,2.15562e+00,2.00813e-01,1.75669e+00,3.38082e+00
6.44762e-01,6.96601e+01,1.51621e-01,5.57664e+01,4.19962e-01,1.62730e+00,1.03522e+01,2.09085e+01,2.90789e+00,6.60869e+01,1.13646e+00,8.93795e+01,1.90320e+00,6.52647e-01,1.17126e+00,6.18991e+00,2.17551e+00,1.99243e-01,1.73825e+00,3.37200e+00
6.40111e-01,6.87007e+01,1.50218e-01,5.47811e+01,4.33381e-01,1.56334e+00,9.94564e+00,2.05341e+01,2.81572e+00,6.41736e+01,1.09946e+00,1.01493e+02,1.90675e+00,6.45724e-01,1.12972e+00,6.17274e+00,2.19571e+00,1.97889e-01,1.72031e+00,3.36376e+00
6.35682e-01,6.82284e+01,1.47850e-01,5.38821e+01,4.44496e-01,1.50363e+00,9.55884e+00,2.01269e+01,2.72795e+00,6.22446e+01,1.06359e+00,1.14138e+02,1.91019e+00,6.39414e-01,1.09138e+00,6.15566e+00,2.21592e+00,1.96752e-01,1.70293e+00,3.35620e+00
6.31469e-01,6.83446e+01,1.44863e-01,5.30558e+01,4.61877e-01,1.44790e+00,9.19124e+00,1.96998e+01,2.64443e+00,6.03084e+01,1.02894e+00,1.26351e+02,1.91330e+00,6.33685e-01,1.05607e+00,6.13861e+00,2.23586e+00,1.95752e-01,1.68629e+00,3.34934e+00
6.27438e-01,6.91494e+01,1.64529e-01,5.22775e+01,4.93279e-01,1.39589e+00,8.84187e+00,1.92635e+01,2.56506e+00,5.83789e+01,9.95489e-01,1.37391e+02,1.91595e+00,6.28515e-01,1.02356e+00,6.12178e+00,2.25529e+00,1.97896e-01,1.67025e+00,3.34324e+00
6.23534e-01,7.07241e+01,2.21603e-01,5.15227e+01,5.90600e-01,1.34739e+00,8.50974e+00,1.88286e+01,2.50308e+00,5.64720e+01,9.63353e-01,1.46800e+02,1.91797e+00,6.23925e-01,9.93579e-01,6.10535e+00,2.27406e+00,2.10781e-01,1.65500e+00,3.33800e+00
6.26887e-01,7.30947e+01,3.52062e-01,5.07685e+01,1.00219e+00,1.30212e+00,8.19364e+00,1.84061e+01,2.46223e+00,5.46237e+01,9.32464e-01,1.54368e+02,1.92573e+00,6.62829e-01,9.65943e-01,6.08921e+00,2.29338e+00,2.28761e-01,1.64045e+00,3.33555e+00
6.45138e-01,7.62025e+01,5.40294e-01,4.99988e+01,1.87247e+00,1.26025e+00,7.89264e+00,1.80044e+01,2.43950e+00,5.28201e+01,9.02862e-01,1.60046e+02,1.93307e+00,7.21513e-01,9.40498e-01,6.07366e+00,2.32127e+00,2.47706e-01,1.63425e+00,3.33373e+00
6.64757e-01,7.98823e+01,9.48317e-01,4.92065e+01,4.81033e+00,1.22073e+00,7.60584e+00,1.76342e+01,2.43539e+00,5.11016e+01,8.74614e-01,1.63912e+02,1.94287e+00,7.92267e-01,9.17118e-01,6.05876e+00,2.35241e+00,2.78507e-01,1.63317e+00,3.35229e+00
6.77405e-01,8.38783e+01,1.68391e+00,4.83880e+01,1.48811e+01,1.18396e+00,7.33218e+00,1.73041e+01,2.44366e+00,4.94517e+01,8.47594e-01,1.66130e+02,1.95778e+00,8.87258e-01,8.95537e-01,6.04469e+00,2.38428e+00,3.10436e-01,1.64135e+00,3.37605e+00
7.10440e-01,8.78900e+01,2.52755e+00,4.75474e+01,2.84972e+01,1.14969e+00,7.07116e+00,1.70268e+01,2.45776e+00,4.78609e+01,8.21840e-01,1.66920e+02,1.99858e+00,1.00240e+00,8.75731e-01,6.03165e+00,2.41517e+00,3.43186e-01,1.65583e+00,3.41581e+00
7.87162e-01,9.16444e+01,3.05489e+00,4.66931e+01,3.74907e+01,1.11783e+00,6.82191e+00,1.68201e+01,2.47593e+00,4.63341e+01,7.97303e-01,1.66522e+02,2.56787e+00,1.13721e+00,8.57573e-01,6.01954e+00,2.44203e+00,3.76796e-01,1.67018e+00,3.46587e+00
9.04431e-01,9.49338e+01,3.25666e+00,4.58343e+01,3.88296e+01,1.08822e+00,6.58407e+00,1.67129e+01,2.50711e+00,4.48732e+01,7.73924e-01,1.65174e+02,4.30624e+00,1.29902e+00,8.40839e-01,6.00855e+00,2.46459e+00,4.16328e-01,1.68389e+00,3.50783e+00
1.10345e+00,9.76395e+01,3.60049e+00,4.49839e+01,3.89606e+01,1.06068e+00,6.35691e+00,1.67572e+01,2.59667e+00,4.34757e+01,7.51735e-01,1.63108e+02,7.83006e+00,1.63381e+00,8.25537e-01,5.99871e+00,2.48309e+00,6.71037e-01,1.69890e+00,3.53547e+00
1.79514e+00,9.97168e+01,4.55633e+00,4.41498e+01,4.29013e+01,1.03505e+00,6.14008e+00,1.70520e+01,2.85124e+00,4.21635e+01,7.30612e-01,1.60518e+02,1.57101e+01,2.87423e+00,8.11545e-01,5.98992e+00,2.53591e+00,1.08375e+00,1.71696e+00,3.56401e+00
3.89299e+00,1.01507e+02,6.01525e+00,4.33617e+01,4.78374e+01,1.11258e+00,5.96341e+00,1.78398e+01,3.36641e+00,4.09696e+01,7.11251e-01,1.57582e+02,2.78509e+01,6.30251e+00,8.09328e-01,5.98226e+00,2.62416e+00,1.68229e+00,1.74737e+00,3.61331e+00
6.68361e+00,1.02875e+02,7.64695e+00,4.26485e+01,5.23452e+01,1.28765e+00,5.83091e+00,1.94643e+01,4.11545e+00,3.99697e+01,7.08878e-01,1.54419e+02,6.70291e+01,1.21248e+01,8.21118e-01,5.97620e+00,2.71651e+00,2.39455e+00,1.81696e+00,3.72057e+00
1.11703e+01,1.03650e+02,9.23558e+00,4.20245e+01,5.50940e+01,1.51647e+00,5.79317e+00,2.21194e+01,5.06762e+00,3.91433e+01,7.23492e-01,1.51145e+02,2.22557e+02,1.97418e+01,8.26008e-01,5.97319e+00,2.80230e+00,3.04020e+00,1.92511e+00,3.91020e+00
2.03503e+01,1.04530e+02,1.00906e+01,4.14527e+01,5.52706e+01,1.71883e+00,5.83297e+00,2.59274e+01,6.33007e+00,3.83558e+01,7.40423e-01,1.47853e+02,3.89445e+02,2.96668e+01,8.41026e-01,5.97596e+00,2.87402e+00,4.21900e+00,2.06046e+00,4.11505e+00
3.61457e+01,1.05629e+02,9.90017e+00,4.09551e+01,5.29675e+01,1.86241e+00,5.87299e+00,3.06999e+01,8.10729e+00,3.75740e+01,7.65000e-01,1.44636e+02,5.30553e+02,3.98042e+01,8.60457e-01,5.98773e+00,2.93472e+00,7.75094e+00,2.18191e+00,4.27465e+00
5.98947e+01,1.06978e+02,9.03983e+00,4.05375e+01,4.86345e+01,2.04156e+00,5.89913e+00,3.57446e+01,1.07517e+01,3.68391e+01,8.04175e-01,1.41582e+02,6.78745e+02,4.84471e+01,8.80035e-01,6.00553e+00,2.99296e+00,1.36303e+01,2.28050e+00,4.39009e+00
8.89737e+01,1.08256e+02,7.99081e+00,4.02057e+01,4.30621e+01,2.36925e+00,5.93943e+00,4.02732e+01,1.47109e+01,3.62201e+01,8.28673e-01,1.38760e+02,8.43748e+02,5.63755e+01,8.99361e-01,6.02841e+00,3.05718e+00,1.80411e+01,2.35740e+00,4.48986e+00
1.13216e+02,1.08862e+02,7.02789e+00,3.99869e+01,3.69348e+01,2.95345e+00,5.99046e+00,4.37965e+01,1.94691e+01,3.57763e+01,8.25067e-01,1.36231e+02,1.01377e+03,6.46352e+01,9.19885e-01,6.05735e+00,3.13902e+00,1.99671e+01,2.42100e+00,4.59925e+00
1.28269e+02,1.08483e+02,6.19548e+00,3.99041e+01,3.08339e+01,3.64996e+00,6.02571e+00,4.62282e+01,2.33216e+01,3.55191e+01,8.11665e-01,1.34060e+02,1.10870e+03,7.45308e+01,9.37039e-01,6.09198e+00,3.26569e+00,2.08922e+01,2.47794e+00,4.73149e+00
1.36363e+02,1.07291e+02,5.44367e+00,3.99630e+01,2.52357e+01,4.06396e+00,6.02333e+00,4.77230e+01,2.54178e+01,3.53957e+01,7.99972e-01,1.32333e+02,1.10146e+03,8.77244e+01,9.57133e-01,6.13134e+00,3.52990e+00,2.17550e+01,2.52814e+00,4.89177e+00
1.42519e+02,1.05540e+02,4.73982e+00,4.01821e+01,2.04163e+01,4.07917e+00,5.96770e+00,4.85103e+01,2.64759e+01,3.53223e+01,7.89223e-01,1.31149e+02,1.03619e+03,1.06675e+02,9.86307e-01,6.17311e+00,4.18802e+00,2.23108e+01,2.56672e+00,5.07999e+00
1.48644e+02,1.03439e+02,4.08157e+00,4.06172e+01,1.64422e+01,3.85281e+00,5.86174e+00,4.88139e+01,2.78183e+01,3.52305e+01,7.78282e-01,1.30601e+02,9.52524e+02,1.30859e+02,1.02474e+00,6.21385e+00,5.52685e+00,2.19531e+01,2.58953e+00,5.29309e+00
1.50981e+02,1.01167e+02,3.47987e+00,4.13935e+01,1.32508e+01,3.54418e+00,5.71656e+00,4.87895e+01,3.03498e+01,3.50937e+01,7.67265e-01,1.30742e+02,8.70562e+02,1.49984e+02,1.06960e+00,6.25061e+00,7.22208e+00,2.05924e+01,2.59616e+00,5.52886e+00
1.46093e+02,9.88515e+01,2.94674e+00,4.27239e+01,1.07234e+01,3.23487e+00,5.54167e+00,4.85384e+01,3.40314e+01,3.49226e+01,7.55868e-01,1.31543e+02,7.97118e+02,1.55177e+02,1.11838e+00,6.28185e+00,8.45958e+00,1.86044e+01,2.59042e+00,5.78754e+00
1.34936e+02,9.65750e+01,2.48818e+00,4.48792e+01,8.73477e+00,2.95234e+00,5.34864e+00,4.81117e+01,3.83554e+01,3.47451e+01,7.43839e-01,1.32912e+02,7.30521e+02,1.48337e+02,1.16981e+00,6.30643e+00,8.94003e+00,1.64036e+01,2.57717e+00,6.07096e+00
1.20590e+02,9.43742e+01,2.10285e+00,4.80584e+01,7.17183e+00,2.70226e+00,5.15123e+00,4.75473e+01,4.31200e+01,3.45889e+01,7.31042e-01,1.34757e+02,6.66198e+02,1.35238e+02,1.22375e+00,6.32412e+00,8.89099e+00,1.42569e+01,2.56083e+00,6.37829e+00
1.05655e+02,9.22678e+01,1.78450e+00,5.21766e+01,5.94092e+00,2.48334e+00,4.96134e+00,4.68782e+01,4.83677e+01,3.44642e+01,7.17663e-01,1.36999e+02,6.02056e+02,1.20140e+02,1.28138e+00,6.33528e+00,8.61495e+00,1.22936e+01,2.54384e+00,6.70174e+00
9.15877e+01,9.02671e+01,1.52411e+00,5.67573e+01,4.96768e+00,2.29250e+00,4.78661e+00,4.61331e+01,5.39763e+01,3.43654e+01,7.04089e-01,1.39539e+02,5.39271e+02,1.05288e+02,1.34476e+00,6.33963e+00,8.31906e+00,1.05599e+01,2.52704e+00,7.02786e+00
7.89989e+01,8.83795e+01,1.31223e+00,6.11149e+01,4.19385e+00,2.12617e+00,4.62975e+00,4.53368e+01,5.96866e+01,3.42731e+01,6.90775e-01,1.42257e+02,4.80015e+02,9.16473e+01,1.41716e+00,6.33777e+00,8.11874e+00,9.06068e+00,2.51085e+00,7.34632e+00
6.80357e+01,8.66085e+01,1.13996e+00,6.47063e+01,3.57469e+00,1.98125e+00,4.49086e+00,4.45126e+01,6.53461e+01,3.41602e+01,6.78044e-01,1.44997e+02,4.25929e+02,7.95443e+01,1.50253e+00,6.33045e+00,8.07122e+00,7.78001e+00,2.49527e+00,7.66669e+00
5.86246e+01,8.49555e+01,9.99689e-01,6.73075e+01,3.07605e+00,1.85564e+00,4.36851e+00,4.36683e+01,7.07888e+01,3.40030e+01,6.66126e-01,1.47596e+02,3.77722e+02,6.90019e+01,1.60395e+00,6.31808e+00,8.19556e+00,6.69413e+00,2.48062e+00,8.05829e+00
5.06077e+01,8.34195e+01,8.85026e-01,6.89705e+01,2.67141e+00,1.74753e+00,4.26233e+00,4.28107e+01,7.55477e+01,3.37845e+01,6.55171e-01,1.49924e+02,3.35382e+02,5.99075e+01,1.72168e+00,6.30208e+00,8.48929e+00,5.77672e+00,2.46668e+00,8.72254e+00
4.38036e+01,8.19988e+01,7.90866e-01,6.98701e+01,2.34088e+00,1.65551e+00,4.17355e+00,4.19363e+01,7.89661e+01,3.34961e+01,6.45252e-01,1.51890e+02,2.98524e+02,5.21037e+01,1.85287e+00,6.28311e+00,8.94837e+00,5.00306e+00,2.45300e+00,1.00829e+01
3.80387e+01,8.06820e+01,7.13082e-01,7.02050e+01,2.06899e+00,1.57811e+00,4.10641e+00,4.10465e+01,8.06143e+01,3.31394e+01,6.36335e-01,1.53467e+02,2.66585e+02,4.54252e+01,1.99245e+00,6.26200e+00,9.60626e+00,4.35047e+00,2.43873e+00,1.28389e+01
3.31563e+01,7.94516e+01,6.48518e-01,7.01396e+01,1.84385e+00,1.51400e+00,4.06665e+00,4.01400e+01,8.05125e+01,3.27249e+01,6.28394e-01,1.54654e+02,2.38966e+02,3.97140e+01,2.13539e+00,6.23959e+00,1.06094e+01,3.79952e+00,2.42281e+00,1.77194e+01
2.90192e+01,7.82801e+01,5.97774e-01,6.97945e+01,1.65667e+00,1.46184e+00,4.06132e+00,3.92187e+01,7.90181e+01,3.22679e+01,6.21299e-01,1.55479e+02,2.15096e+02,3.48268e+01,2.27825e+00,6.21706e+00,1.24266e+01,3.33737e+00,2.40455e+00,2.41641e+01
2.55090e+01,7.71421e+01,5.56919e-01,6.92565e+01,1.49968e+00,1.42064e+00,4.09616e+00,3.82878e+01,7.66165e+01,3.17875e+01,6.14994e-01,1.55966e+02,1.94514e+02,3.06402e+01,2.41899e+00,6.19494e+00,1.66747e+01,2.94544e+00,2.38359e+00,2.99874e+01
2.25255e+01,7.60185e+01,5.28473e-01,6.85862e+01,1.36678e+00,1.38952e+00,4.17307e+00,3.73550e+01,7.37520e+01,3.13033e+01,6.09480e-01,1.56123e+02,1.76747e+02,2.70448e+01,2.55579e+00,6.17440e+00,2.95125e+01,2.61455e+00,2.36006e+00,5.50371e+01
1.99834e+01,7.49024e+01,5.06544e-01,6.78219e+01,1.25465e+00,1.36781e+00,4.28833e+00,3.64257e+01,7.07468e+01,3.08349e+01,6.04670e-01,1.55954e+02,1.61416e+02,2.39515e+01,2.68536e+00,6.15614e+00,6.98846e+01,2.33687e+00,2.33461e+00,6.76309e+02
1.78112e+01,7.37984e+01,4.87993e-01,6.69971e+01,1.15965e+00,1.35500e+00,4.43166e+00,3.55079e+01,6.77727e+01,3.03969e+01,6.00625e-01,1.55454e+02,1.48258e+02,2.12853e+01,2.80276e+00,6.14102e+00,1.50227e+02,2.10127e+00,2.30781e+00,1.12733e+03
1.59484e+01,7.27200e+01,4.72982e-01,6.61265e+01,1.07867e+00,1.35077e+00,4.58770e+00,3.46080e+01,6.48526e+01,3.00020e+01,5.97252e-01,1.54614e+02,1.37003e+02,1.89819e+01,2.90262e+00,6.12973e+00,2.24697e+02,1.89830e+00,2.28062e+00,1.19025e+03
1.43463e+01,7.16821e+01,4.60941e-01,6.52254e+01,1.00936e+00,1.35485e+00,4.73975e+00,3.37317e+01,6.19266e+01,2.96584e+01,5.94530e-01,1.53453e+02,1.27425e+02,1.69869e+01,2.98150e+00,6.12270e+00,2.62812e+02,1.72151e+00,2.25390e+00,1.16179e+03
1.29643e+01,7.07014e+01,4.50523e-01,6.42986e+01,9.49782e-01,1.36708e+00,4.87341e+00,3.28863e+01,5.89236e+01,2.93705e+01,5.92578e-01,1.51983e+02,1.19322e+02,1.52545e+01,3.03907e+00,6.12164e+00,2.74297e+02,1.56766e+00,2.22823e+00,1.10750e+03
1.17672e+01,6.97876e+01,4.40236e-01,6.33493e+01,8.98003e-01,1.38735e+00,4.97868e+00,3.20785e+01,5.58054e+01,2.91378e+01,5.91249e-01,1.50241e+02,1.12424e+02,1.37445e+01,3.07904e+00,6.13034e+00,2.72012e+02,1.43374e+00,2.20437e+00,1.04525e+03
1.07244e+01,6.89441e+01,4.29234e-01,6.23802e+01,8.52738e-01,1.41580e+00,5.05012e+00,3.13152e+01,5.25833e+01,2.89554e+01,5.90590e-01,1.48274e+02,1.06387e+02,1.24250e+01,3.10722e+00,6.16296e+00,2.62964e+02,1.31684e+00,2.18279e+00,9.82092e+02
9.81062e+00,6.81664e+01,4.17333e-01,6.13965e+01,8.12980e-01,1.45280e+00,5.08714e+00,3.06016e+01,4.93098e+01,2.88157e+01,5.90443e-01,1.46124e+02,1.00847e+02,1.12684e+01,3.13002e+00,6.25123e+00,2.50463e+02,1.21421e+00,2.16416e+00,9.20857e+02
9.00502e+00,6.74449e+01,4.05144e-01,6.04069e+01,7.78026e-01,1.49903e+00,5.09224e+00,2.99403e+01,4.60534e+01,2.87072e+01,5.90756e-01,1.43842e+02,9.55021e+01,1.02520e+01,3.15213e+00,6.43975e+00,2.36203e+02,1.12362e+00,2.14891e+00,8.62640e+02
8.29043e+00,6.67705e+01,3.93494e-01,5.94262e+01,7.47203e-01,1.55516e+00,5.06980e+00,2.93333e+01,4.28762e+01,2.86176e+01,5.91281e-01,1.41471e+02,9.01586e+01,9.35728e+00,3.17494e+00,6.75131e+00,2.21191e+02,1.04339e+00,2.13736e+00,8.07632e+02
7.65347e+00,6.61349e+01,3.83315e-01,5.84739e+01,7.20161e-01,1.62141e+00,5.02553e+00,2.87792e+01,3.98294e+01,2.85337e+01,5.91892e-01,1.39052e+02,8.47596e+01,8.56843e+00,3.19625e+00,7.14635e+00,2.06101e+02,9.72344e-01,2.13016e+00,7.55730e+02
7.08305e+00,6.55335e+01,3.75589e-01,5.75780e+01,6.96526e-01,1.69682e+00,4.96473e+00,2.82733e+01,3.69468e+01,2.84431e+01,5.92309e-01,1.36619e+02,7.93325e+01,7.87236e+00,3.21149e+00,7.53222e+00,1.91382e+02,9.09653e-01,2.12771e+00,7.06729e+02
6.57054e+00,6.49645e+01,3.70658e-01,5.67684e+01,6.75926e-01,1.77886e+00,4.89248e+00,2.78103e+01,3.42482e+01,2.83374e+01,5.92350e-01,1.34204e+02,7.39569e+01,7.25758e+00,3.21532e+00,7.82417e+00,1.77308e+02,8.54632e-01,2.13033e+00,6.60465e+02
6.10819e+00,6.44265e+01,3.68152e-01,5.60693e+01,6.58031e-01,1.86330e+00,4.81299e+00,2.73847e+01,3.17404e+01,2.82095e+01,5.91872e-01,1.31827e+02,6.87162e+01,6.71419e+00,3.20332e+00,7.98855e+00,1.64041e+02,8.06510e-01,2.13832e+00,6.16824e+02
5.69004e+00,6.39164e+01,3.67086e-01,5.55004e+01,6.42573e-01,1.94491e+00,4.72957e+00,2.69934e+01,2.94248e+01,2.80561e+01,5.90740e-01,1.29509e+02,6.36868e+01,6.23343e+00,3.17271e+00,8.03772e+00,1.51666e+02,7.64673e-01,2.15185e+00,5.75778e+02
5.31079e+00,6.34275e+01,3.66000e-01,5.50544e+01,6.29182e-01,2.01842e+00,4.64462e+00,2.66337e+01,2.72929e+01,2.78772e+01,5.88905e-01,1.27264e+02,5.89232e+01,5.80785e+00,3.12328e+00,8.00396e+00,1.40202e+02,7.28429e-01,2.17084e+00,5.37262e+02
4.96625e+00,6.29476e+01,3.63905e-01,5.47131e+01,6.17591e-01,2.07968e+00,4.56041e+00,2.63045e+01,2.53372e+01,2.76763e+01,5.86400e-01,1.25105e+02,5.44605e+01,5.42963e+00,3.05654e+00,7.91885e+00,1.29630e+02,6.97101e-01,2.19479e+00,5.01274e+02
4.65259e+00,6.24652e+01,3.60175e-01,5.44343e+01,6.07571e-01,2.12601e+00,4.47835e+00,2.60047e+01,2.35451e+01,2.74646e+01,5.83237e-01,1.23034e+02,5.03141e+01,5.09236e+00,2.97532e+00,7.80628e+00,1.19911e+02,6.69993e-01,2.22303e+00,4.67748e+02
4.36667e+00,6.19708e+01,3.54930e-01,5.41784e+01,5.98888e-01,2.15674e+00,4.39954e+00,2.57364e+01,2.19047e+01,2.72596e+01,5.79624e-01,1.21063e+02,4.64857e+01,4.78967e+00,2.88299e+00,7.68212e+00,1.10994e+02,6.46464e-01,2.25417e+00,4.36597e+02
4.10551e+00,6.14605e+01,3.48298e-01,5.39025e+01,5.91231e-01,2.17255e+00,4.32519e+00,2.54992e+01,2.04044e+01,2.70914e+01,5.75681e-01,1.19183e+02,4.29675e+01,4.51600e+00,2.78297e+00,7.55630e+00,1.02822e+02,6.25918e-01,2.28700e+00,4.07714e+02
3.86687e+00,6.09353e+01,3.40895e-01,5.35794e+01,5.84368e-01,2.17514e+00,4.25641e+00,2.52901e+01,1.90313e+01,2.70165e+01,5.71656e-01,1.17401e+02,3.97447e+01,4.26680e+00,2.67843e+00,7.43535e+00,9.53371e+01,6.07842e-01,2.31961e+00,3.80994e+02
3.64858e+00,6.04032e+01,3.33123e-01,5.31947e+01,5.78108e-01,2.16653e+00,4.19441e+00,2.51052e+01,1.77751e+01,2.71570e+01,5.67759e-01,1.15705e+02,3.67997e+01,4.03806e+00,2.57199e+00,7.32368e+00,8.84821e+01,5.91812e-01,2.35029e+00,3.56296e+02
3.44875e+00,5.98770e+01,3.25471e-01,5.27477e+01,5.72327e-01,2.14894e+00,4.14041e+00,2.49402e+01,1.66249e+01,2.78036e+01,5.64218e-01,1.14094e+02,3.41131e+01,3.82710e+00,2.46571e+00,7.22495e+00,8.22041e+01,5.77466e-01,2.37753e+00,3.33495e+02
3.26576e+00,5.93725e+01,3.18164e-01,5.22473e+01,5.66892e-01,2.12460e+00,4.09551e+00,2.47866e+01,1.55704e+01,2.96267e+01,5.61216e-01,1.12562e+02,3.16632e+01,3.63162e+00,2.36131e+00,7.14712e+00,7.64508e+01,5.64620e-01,2.39992e+00,3.12447e+02
3.09819e+00,5.89066e+01,3.11379e-01,5.17031e+01,5.61783e-01,2.09533e+00,4.06129e+00,2.46397e+01,1.46042e+01,3.38845e+01,5.59003e-01,1.11102e+02,2.94311e+01,3.45042e+00,2.25991e+00,6.41386e+01,7.11775e+01,5.53076e-01,2.41638e+00,2.93038e+02
2.94476e+00,5.84999e+01,3.05211e-01,5.11321e+01,5.56945e-01,2.06259e+00,4.03904e+00,2.44915e+01,1.37173e+01,4.20318e+01,5.57701e-01,1.09711e+02,2.73981e+01,3.28194e+00,2.16233e+00,8.10989e+02,6.63397e+01,5.42714e-01,2.42651e+00,2.75142e+02
2.80433e+00,5.81742e+01,2.99621e-01,5.05479e+01,5.52341e-01,2.02757e+00,4.02999e+00,2.43358e+01,1.29025e+01,5.41515e+01,5.57496e-01,1.08385e+02,2.55452e+01,3.12577e+00,2.06916e+00,9.53400e+02,6.19005e+01,5.33335e-01,2.42998e+00,2.58630e+02
2.67571e+00,5.79541e+01,2.94717e-01,4.99639e+01,5.48042e-01,1.99110e+00,4.03534e+00,2.41646e+01,1.21534e+01,6.78207e+01,5.58444e-01,1.07118e+02,2.38560e+01,2.98112e+00,1.98066e+00,9.33765e+02,5.78222e+01,5.24802e-01,2.42711e+00,2.43399e+02
2.55801e+00,5.78686e+01,2.90454e-01,4.93909e+01,5.44049e-01,1.95379e+00,4.05558e+00,2.39708e+01,1.14643e+01,7.97666e+01,5.60619e-01,1.05905e+02,2.23157e+01,2.84746e+00,1.89703e+00,8.93678e+02,5.40724e+01,5.17007e-01,2.41852e+00,2.29344e+02
2.45021e+00,5.79503e+01,2.86732e-01,4.88356e+01,5.40338e-01,1.91600e+00,4.09104e+00,2.37481e+01,1.08296e+01,8.82144e+01,5.63999e-01,1.04747e+02,2.09099e+01,2.72421e+00,1.81827e+00,8.51661e+02,5.06226e+01,5.09851e-01,2.40494e+00,2.16381e+02
2.35166e+00,5.82350e+01,2.83568e-01,4.83050e+01,5.36912e-01,1.87793e+00,4.14080e+00,2.34939e+01,1.02449e+01,9.31784e+01,5.68507e-01,1.03639e+02,1.96260e+01,2.61101e+00,1.74435e+00,8.10696e+02,4.74461e+01,5.03181e-01,2.38695e+00,2.04420e+02
2.26144e+00,5.87591e+01,2.80893e-01,4.78029e+01,5.33811e-01,1.83966e+00,4.20342e+00,2.32085e+01,9.70561e+00,9.55274e+01,5.74070e-01,1.02588e+02,1.84525e+01,2.50725e+00,1.67514e+00,7.71335e+02,4.45182e+01,4.96972e-01,2.36555e+00,1.93391e+02
2.17893e+00,5.95531e+01,2.78631e-01,4.73314e+01,5.31037e-01,1.80134e+00,4.27614e+00,2.28938e+01,9.20786e+00,9.62528e+01,5.80484e-01,1.01591e+02,1.73788e+01,2.41235e+00,1.61052e+00,7.33705e+02,4.18172e+01,4.91205e-01,2.34162e+00,1.83215e+02
2.10342e+00,6.06305e+01,2.76732e-01,4.68886e+01,5.28567e-01,1.76298e+00,4.35527e+00,2.25566e+01,8.74829e+00,9.62220e+01,5.87547e-01,1.00670e+02,1.63954e+01,2.32566e+00,1.55023e+00,6.97780e+02,3.93225e+01,4.85781e-01,2.31593e+00,1.73830e+02
2.03445e+00,6.19876e+01,2.75178e-01,4.64743e+01,5.26356e-01,1.72462e+00,4.43707e+00,2.22003e+01,8.32379e+00,9.61834e+01,5.95000e-01,9.98644e+01,1.54940e+01,2.24669e+00,1.49412e+00,6.63541e+02,3.70172e+01,4.80710e-01,2.28902e+00,1.65178e+02
1.97143e+00,6.35812e+01,2.73936e-01,4.60839e+01,5.24360e-01,1.68638e+00,4.51708e+00,2.18327e+01,7.93143e+00,9.68299e+01,6.02688e-01,9.92530e+01,1.46668e+01,2.17476e+00,1.44192e+00,6.30923e+02,3.48851e+01,4.76013e-01,2.26146e+00,1.57207e+02
1.91378e+00,6.53418e+01,2.72920e-01,4.57134e+01,5.22547e-01,1.64836e+00,4.59177e+00,2.14593e+01,7.56872e+00,9.87636e+01,6.10328e-01,9.89739e+01,1.39072e+01,2.10944e+00,1.39350e+00,5.99891e+02,3.29113e+01,4.71673e-01,2.23392e+00,1.49851e+02
1.86120e+00,6.71717e+01,2.72127e-01,4.53563e+01,5.20928e-01,1.61072e+00,4.65830e+00,2.10846e+01,7.23343e+00,1.02318e+02,6.17739e-01,9.92390e+01,1.32084e+01,2.05005e+00,1.34860e+00,5.70398e+02,3.10821e+01,4.67661e-01,2.20665e+00,1.43060e+02
1.81329e+00,6.89619e+01,2.71513e-01,4.50059e+01,5.19528e-01,1.57355e+00,4.71482e+00,2.07123e+01,6.92331e+00,1.07344e+02,6.24790e-01,1.00331e+02,1.25651e+01,1.99615e+00,1.30693e+00,5.42390e+02,2.93857e+01,4.64040e-01,2.17997e+00,1.36784e+02
1.76956e+00,7.06130e+01,2.71028e-01,4.46562e+01,5.18325e-01,1.53703e+00,4.76043e+00,2.03459e+01,6.63642e+00,1.13152e+02,6.31312e-01,1.02552e+02,1.19720e+01,1.94717e+00,1.26843e+00,5.15821e+02,2.78112e+01,4.60724e-01,2.15386e+00,1.30965e+02
1.72971e+00,7.20440e+01,2.70642e-01,4.43016e+01,5.17239e-01,1.50129e+00,4.79515e+00,1.99880e+01,6.37109e+00,1.18779e+02,6.37243e-01,1.06131e+02,1.14244e+01,1.90276e+00,1.23285e+00,4.90641e+02,2.63488e+01,4.57753e-01,2.12857e+00,1.25548e+02
1.69345e+00,7.32019e+01,2.70385e-01,4.39385e+01,5.16270e-01,1.46647e+00,4.81939e+00,1.96401e+01,6.12569e+00,1.23393e+02,6.42481e-01,1.11101e+02,1.09182e+01,1.86248e+00,1.20003e+00,4.66796e+02,2.49893e+01,4.55126e-01,2.10416e+00,1.20479e+02
1.66047e+00,7.40633e+01,2.70249e-01,4.35622e+01,5.15403e-01,1.43267e+00,4.83390e+00,1.93054e+01,5.89867e+00,1.26526e+02,6.46993e-01,1.17235e+02,1.04499e+01,1.82594e+00,1.16972e+00,4.44240e+02,2.37246e+01,4.52772e-01,2.08042e+00,1.15710e+02
1.63047e+00,7.46306e+01,2.70179e-01,4.31716e+01,5.14621e-01,1.39991e+00,4.83940e+00,1.89846e+01,5.68862e+00,1.28106e+02,6.50735e-01,1.24045e+02,1.00158e+01,1.79274e+00,1.14180e+00,4.22900e+02,2.25462e+01,4.50719e-01,2.05743e+00,1.11188e+02
1.60322e+00,7.49234e+01,2.70156e-01,4.27655e+01,5.13919e-01,1.36829e+00,4.83611e+00,1.86814e+01,5.49446e+00,1.28296e+02,6.53654e-01,1.30935e+02,9.61309e+00,1.76270e+00,1.11610e+00,4.02742e+02,2.14487e+01,4.48942e-01,2.03506e+00,1.06882e+02
1.57852e+00,7.49704e+01,2.70196e-01,4.23445e+01,5.13249e-01,1.33790e+00,4.82458e+00,1.83992e+01,5.31482e+00,1.27371e+02,6.55754e-01,1.37359e+02,9.23888e+00,1.73546e+00,1.09254e+00,3.83700e+02,2.04253e+01,4.47404e-01,2.01343e+00,1.02755e+02
1.55613e+00,7.48104e+01,2.70251e-01,4.19085e+01,5.12612e-01,1.30881e+00,4.80474e+00,1.81406e+01,5.14880e+00,1.25609e+02,6.56986e-01,1.42987e+02,8.89105e+00,1.71073e+00,1.07083e+00,3.65720e+02,1.94698e+01,4.46057e-01,1.99228e+00,9.87806e+01
1.53590e+00,7.44778e+01,2.70327e-01,4.14600e+01,5.11999e-01,1.28095e+00,4.77659e+00,1.79111e+01,4.99535e+00,1.23259e+02,6.57408e-01,1.47743e+02,8.56739e+00,1.68836e+00,1.05098e+00,3.48741e+02,1.85768e+01,4.44912e-01,1.97167e+00,9.49384e+01
1.51766e+00,7.40078e+01,2.70415e-01,4.10005e+01,5.11449e-01,1.25435e+00,4.74019e+00,1.77160e+01,4.85360e+00,1.20523e+02,6.56976e-01,1.51766e+02,8.26586e+00,1.66813e+00,1.03283e+00,3.32708e+02,1.77417e+01,4.43900e-01,1.95168e+00,9.12191e+01
1.50126e+00,7.34306e+01,2.70527e-01,4.05325e+01,5.10924e-01,1.22905e+00,4.69571e+00,1.75606e+01,4.72272e+00,1.17628e+02,6.55686e-01,1.55337e+02,7.98494e+00,1.64985e+00,1.01618e+00,3.17575e+02,1.69603e+01,4.43071e-01,1.93213e+00,8.76158e+01
1.48651e+00,7.27729e+01,2.70661e-01,4.00588e+01,5.10387e-01,1.20507e+00,4.64363e+00,1.74502e+01,4.60195e+00,1.14976e+02,6.53585e-01,1.58767e+02,7.72290e+00,1.63341e+00,1.00102e+00,3.03294e+02,1.62280e+01,4.42325e-01,1.91308e+00,8.41211e+01
1.47327e+00,7.20581e+01,2.70801e-01,3.95821e+01,5.09884e-01,1.18239e+00,4.58448e+00,1.73893e+01,4.49052e+00,1.13576e+02,6.50683e-01,1.62309e+02,7.47848e+00,1.61864e+00,9.87243e-01,2.89808e+02,1.55408e+01,4.41733e-01,1.89461e+00,8.07382e+01
1.46142e+00,7.13053e+01,2.70959e-01,3.91044e+01,5.09410e-01,1.16091e+00,4.51910e+00,1.73810e+01,4.38782e+00,1.15918e+02,6.47052e-01,1.66105e+02,7.25052e+00,1.60544e+00,9.74692e-01,2.77079e+02,1.48960e+01,4.41227e-01,1.87663e+00,7.74670e+01
1.45085e+00,7.05316e+01,2.71115e-01,3.86294e+01,5.08957e-01,1.14064e+00,4.44858e+00,1.74256e+01,4.29305e+00,1.26667e+02,6.42772e-01,1.70148e+02,7.03785e+00,1.59361e+00,9.63277e-01,2.65051e+02,1.42893e+01,4.40823e-01,1.85915e+00,7.43050e+01
1.44140e+00,6.97492e+01,2.71273e-01,3.81594e+01,5.08485e-01,1.12153e+00,4.37384e+00,1.75210e+01,4.20584e+00,1.50351e+02,6.37843e-01,1.74321e+02,6.83947e+00,1.58305e+00,9.52946e-01,2.53700e+02,1.37189e+01,4.40474e-01,1.84216e+00,7.12613e+01
1.43302e+00,6.89715e+01,2.71428e-01,3.76970e+01,5.07993e-01,1.10358e+00,4.29586e+00,1.76603e+01,4.12571e+00,1.84447e+02,6.32380e-01,1.78423e+02,6.65459e+00,1.57375e+00,9.43603e-01,2.42974e+02,1.31810e+01,4.40217e-01,1.82587e+00,6.83295e+01
1.42562e+00,6.82082e+01,2.71603e-01,3.72459e+01,5.07503e-01,1.08672e+00,4.21588e+00,1.78323e+01,4.05201e+00,2.17943e+02,6.26387e-01,1.82234e+02,6.48238e+00,1.56552e+00,9.35185e-01,2.32846e+02,1.26742e+01,4.39978e-01,1.81002e+00,6.55144e+01
1.41904e+00,6.74665e+01,2.71751e-01,3.68205e+01,5.07029e-01,1.07089e+00,4.13474e+00,1.80240e+01,3.98424e+00,2.41360e+02,6.20041e-01,1.85567e+02,6.32210e+00,1.55830e+00,9.27582e-01,2.23273e+02,1.21956e+01,4.39811e-01,1.79470e+00,6.28139e+01
1.41326e+00,6.67530e+01,2.71863e-01,3.67982e+01,5.06534e-01,1.05607e+00,4.05340e+00,1.82204e+01,3.92205e+00,2.52916e+02,6.13348e-01,1.88290e+02,6.17312e+00,1.55204e+00,9.20707e-01,2.14230e+02,1.17432e+01,4.39633e-01,1.78004e+00,6.02272e+01
1.40818e+00,6.60724e+01,2.71969e-01,4.59607e+01,5.06045e-01,1.04225e+00,3.97272e+00,1.84056e+01,3.86501e+00,2.55479e+02,6.06408e-01,1.90351e+02,6.03453e+00,1.54662e+00,9.14546e-01,2.05689e+02,1.13152e+01,4.39481e-01,1.76597e+00,5.77550e+01
1.40377e+00,6.54276e+01,2.72053e-01,1.49333e+02,5.05519e-01,1.02936e+00,3.89327e+00,1.85668e+01,3.81278e+00,2.52524e+02,5.99245e-01,1.91788e+02,5.90590e+00,1.54202e+00,9.08975e-01,1.97611e+02,1.09101e+01,4.39335e-01,1.75241e+00,5.53909e+01
1.39992e+00,6.48197e+01,2.72125e-01,4.07708e+02,5.05004e-01,1.01729e+00,3.81546e+00,1.86943e+01,3.76491e+00,2.46582e+02,5.91975e-01,1.92782e+02,5.78657e+00,1.53816e+00,9.04042e-01,1.89980e+02,1.05264e+01,4.39205e-01,1.73942e+00,5.31365e+01
1.39657e+00,6.42484e+01,2.72204e-01,5.93048e+02,5.04488e-01,1.00611e+00,3.73980e+00,1.87822e+01,3.72109e+00,2.39182e+02,5.84632e-01,1.93708e+02,5.67592e+00,1.53495e+00,8.99599e-01,1.82769e+02,1.01627e+01,4.39085e-01,1.72698e+00,5.09857e+01
1.39366e+00,6.37113e+01,2.72303e-01,6.65540e+02,5.03970e-01,9.95681e-01,3.66645e+00,1.88319e+01,3.68098e+00,2.31177e+02,5.77290e-01,1.95234e+02,5.57340e+00,1.53228e+00,8.95604e-01,1.75949e+02,9.81769e+00,4.38970e-01,1.71494e+00,4.89348e+01
1.39115e+00,6.32047e+01,2.72395e-01,6.80546e+02,5.03435e-01,9.86001e-01,3.59574e+00,1.88478e+01,3.64431e+00,2.23015e+02,5.69972e-01,1.98378e+02,5.47849e+00,1.53011e+00,8.92094e-01,1.69501e+02,9.49044e+00,4.38859e-01,1.70337e+00,4.69829e+01
1.38899e+00,6.27245e+01,2.72472e-01,6.71835e+02,5.02854e-01,9.76991e-01,3.52778e+00,1.88431e+01,3.61068e+00,2.14932e+02,5.62714e-01,2.04388e+02,5.39057e+00,1.52837e+00,8.88902e-01,1.63403e+02,9.17972e+00,4.38735e-01,1.69233e+00,4.51239e+01
1.38713e+00,6.22641e+01,2.72528e-01,6.54207e+02,5.02272e-01,9.68716e-01,3.46261e+00,1.88412e+01,3.58005e+00,2.07039e+02,5.55562e-01,2.14332e+02,5.30910e+00,1.52701e+00,8.86084e-01,1.57636e+02,8.88478e+00,4.38603e-01,1.68168e+00,4.33561e+01
1.38557e+00,6.18176e+01,2.72556e-01,6.33667e+02,5.01700e-01,9.61041e-01,3.40024e+00,1.88759e+01,3.55192e+00,1.99400e+02,5.48549e-01,2.28477e+02,5.23370e+00,1.52607e+00,8.83519e-01,1.52178e+02,8.60476e+00,4.38463e-01,1.67141e+00,4.16725e+01
1.38421e+00,6.13803e+01,2.72549e-01,6.12567e+02,5.01101e-01,9.53925e-01,3.34065e+00,1.89984e+01,3.52607e+00,1.92041e+02,5.41685e-01,2.45780e+02,5.16373e+00,1.52544e+00,8.81260e-01,1.47007e+02,8.33867e+00,4.38299e-01,1.66149e+00,4.00713e+01
1.38310e+00,6.09470e+01,2.72538e-01,5.91795e+02,5.00509e-01,9.47391e-01,3.28380e+00,1.92808e+01,3.50241e+00,1.84973e+02,5.35010e-01,2.64040e+02,5.09883e+00,1.52504e+00,8.79214e-01,1.42105e+02,8.08596e+00,4.38127e-01,1.65202e+00,3.85488e+01
1.38217e+00,6.05124e+01,2.72539e-01,5.71646e+02,4.99908e-01,9.41399e-01,3.22954e+00,1.98140e+01,3.48062e+00,1.78197e+02,5.28504e-01,2.80716e+02,5.03852e+00,1.52487e+00,8.77390e-01,1.37451e+02,7.84596e+00,4.37942e-01,1.64287e+00,3.70997e+01
1.38137e+00,6.00739e+01,2.72524e-01,5.52209e+02,4.99292e-01,9.35859e-01,3.17782e+00,2.06926e+01,3.46035e+00,1.71707e+02,5.22202e-01,2.93870e+02,4.98239e+00,1.52493e+00,8.75721e-01,1.33027e+02,7.61805e+00,4.37736e-01,1.63395e+00,3.57225e+01
1.38070e+00,5.96299e+01,2.72487e-01,5.33514e+02,4.98664e-01,9.30784e-01,3.12839e+00,2.19827e+01,3.44161e+00,1.65497e+02,5.16101e-01,3.02611e+02,4.93008e+00,1.52516e+00,8.74252e-01,1.28815e+02,7.40169e+00,4.37530e-01,1.62542e+00,3.44128e+01
1.38012e+00,5.91793e+01,2.72452e-01,5.15526e+02,4.98004e-01,9.26085e-01,3.08117e+00,2.36680e+01,3.42405e+00,1.59555e+02,5.10214e-01,3.07015e+02,4.88120e+00,1.52551e+00,8.72920e-01,1.24794e+02,7.19615e+00,4.37320e-01,1.61709e+00,3.31658e+01
1.37962e+00,5.87220e+01,2.72410e-01,4.98235e+02,4.97329e-01,9.21811e-01,3.03605e+00,2.56222e+01,3.40769e+00,1.53873e+02,5.04542e-01,3.07722e+02,4.83563e+00,1.52595e+00,8.71713e-01,1.20949e+02,7.00127e+00,4.37098e-01,1.60910e+00,3.19802e+01
1.37924e+00,5.82596e+01,2.72371e-01,4.81622e+02,4.96658e-01,9.17901e-01,2.99291e+00,2.76258e+01,3.39233e+00,1.48439e+02,4.99125e-01,3.05581e+02,4.79287e+00,1.52645e+00,8.70636e-01,1.17265e+02,6.81616e+00,4.36859e-01,1.60135e+00,3.08522e+01
1.37892e+00,5.77933e+01,2.72329e-01,4.65663e+02,4.95955e-01,9.14262e-01,2.95161e+00,2.94451e+01,3.37787e+00,1.43244e+02,4.93929e-01,3.01417e+02,4.75275e+00,1.52702e+00,8.69634e-01,1.13728e+02,6.64064e+00,4.36609e-01,1.59395e+00,2.97790e+01
1.37863e+00,5.73248e+01,2.72249e-01,4.50340e+02,4.95231e-01,9.10926e-01,2.91201e+00,3.09090e+01,3.36423e+00,1.38277e+02,4.88993e-01,2.95908e+02,4.71503e+00,1.52762e+00,8.68731e-01,1.10325e+02,6.47417e+00,4.36348e-01,1.58675e+00,2.87582e+01
1.37838e+00,5.68562e+01,2.72133e-01,4.35660e+02,4.94499e-01,9.07901e-01,2.87401e+00,3.19427e+01,3.35126e+00,1.33527e+02,4.84270e-01,2.89574e+02,4.67951e+00,1.52825e+00,8.67874e-01,1.07041e+02,6.31625e+00,4.36048e-01,1.57981e+00,2.77861e+01
1.37821e+00,5.63897e+01,2.72011e-01,4.21627e+02,4.93806e-01,9.05082e-01,2.83751e+00,3.25567e+01,3.33903e+00,1.28986e+02,4.79783e-01,2.82786e+02,4.64612e+00,1.52888e+00,8.67094e-01,1.03866e+02,6.16659e+00,4.35730e-01,1.57312e+00,2.68602e+01
1.37805e+00,5.59273e+01,2.71894e-01,4.08268e+02,4.93101e-01,9.02525e-01,2.80246e+00,3.28064e+01,3.32742e+00,1.24642e+02,4.75511e-01,2.75798e+02,4.61462e+00,1.52952e+00,8.66365e-01,1.00795e+02,6.02473e+00,4.35395e-01,1.56673e+00,2.59787e+01
1.37795e+00,5.54697e+01,2.71775e-01,3.95624e+02,4.92380e-01,9.00166e-01,2.76870e+00,3.27670e+01,3.31636e+00,1.20485e+02,4.71460e-01,2.68781e+02,4.58486e+00,1.53019e+00,8.65663e-01,9.78195e+01,5.89034e+00,4.35040e-01,1.56056e+00,2.51392e+01
1.37781e+00,5.50187e+01,2.71642e-01,3.83746e+02,4.91636e-01,8.97991e-01,2.73620e+00,3.25111e+01,3.30604e+00,1.16508e+02,4.67651e-01,2.61842e+02,4.55675e+00,1.53082e+00,8.65018e-01,9.49324e+01,5.76309e+00,4.34654e-01,1.55466e+00,2.43401e+01
1.37767e+00,5.45750e+01,2.71498e-01,3.72667e+02,4.90885e-01,8.95972e-01,2.70486e+00,3.21007e+01,3.29621e+00,1.12701e+02,4.64035e-01,2.55048e+02,4.53029e+00,1.53144e+00,8.64414e-01,9.21288e+01,5.64263e+00,4.34270e-01,1.54887e+00,2.35776e+01
1.37753e+00,5.41387e+01,2.71335e-01,3.62409e+02,4.90125e-01,8.94111e-01,2.67466e+00,3.15836e+01,3.28700e+00,1.09057e+02,4.60634e-01,2.48439e+02,4.50527e+00,1.53207e+00,8.63842e-01,8.94076e+01,5.52874e+00,4.33878e-01,1.54339e+00,2.28512e+01
1.37738e+00,5.37096e+01,2.71172e-01,3.52915e+02,4.89337e-01,8.92355e-01,2.64549e+00,3.09964e+01,3.27843e+00,1.05569e+02,4.57432e-01,2.42038e+02,4.48176e+00,1.53264e+00,8.63299e-01,8.67633e+01,5.42099e+00,4.33470e-01,1.53807e+00,2.21588e+01
1.37725e+00,5.32874e+01,2.71004e-01,3.44047e+02,4.88524e-01,8.90749e-01,2.61736e+00,3.03656e+01,3.27044e+00,1.02229e+02,4.54427e-01,2.35854e+02,4.45956e+00,1.53316e+00,8.62763e-01,8.41946e+01,5.31920e+00,4.33045e-01,1.53307e+00,2.14988e+01
1.37709e+00,5.28715e+01,2.70814e-01,3.35613e+02,4.87705e-01,8.89232e-01,2.59017e+00,2.97102e+01,3.26312e+00,9.90294e+01,4.51612e-01,2.29897e+02,4.43869e+00,1.53368e+00,8.62236e-01,8.17009e+01,5.22308e+00,4.32605e-01,1.52820e+00,2.08689e+01
1.37691e+00,5.24606e+01,2.70588e-01,3.27433e+02,4.86879e-01,8.87814e-01,2.56398e+00,2.90445e+01,3.25632e+00,9.59645e+01,4.48992e-01,2.24154e+02,4.41909e+00,1.53416e+00,8.61723e-01,7.92780e+01,5.13234e+00,4.32148e-01,1.52367e+00,2.02679e+01
1.37672e+00,5.20557e+01,2.70347e-01,3.19347e+02,4.86088e-01,8.86488e-01,2.53876e+00,2.83759e+01,3.25012e+00,9.30281e+01,4.46535e-01,2.18632e+02,4.40380e+00,1.53459e+00,8.61218e-01,7.69286e+01,5.04670e+00,4.31690e-01,1.51921e+00,1.96945e+01
1.37653e+00,5.16658e+01,2.70101e-01,3.11289e+02,4.85294e-01,8.85214e-01,2.51443e+00,2.77137e+01,3.24453e+00,9.02156e+01,4.44239e-01,2.13310e+02,4.44946e+00,1.53497e+00,8.60705e-01,7.46468e+01,4.96597e+00,4.31212e-01,1.51500e+00,1.91471e+01
1.37630e+00,5.13726e+01,2.69856e-01,3.03242e+02,4.84460e-01,8.84021e-01,2.49101e+00,2.70616e+01,3.23943e+00,8.75189e+01,4.42096e-01,2.08189e+02,4.48786e+00,1.53524e+00,8.60175e-01,7.24363e+01,4.88991e+00,4.30707e-01,1.51089e+00,1.86255e+01
1.37603e+00,5.18226e+01,2.69604e-01,2.95234e+02,4.83628e-01,8.82866e-01,2.46850e+00,2.64215e+01,3.23485e+00,8.49345e+01,4.40116e-01,2.03258e+02,4.53812e+00,1.53546e+00,8.59653e-01,7.02928e+01,4.81834e+00,4.30167e-01,1.50706e+00,1.81294e+01
1.37573e+00,5.88217e+01,2.69343e-01,2.87301e+02,4.82807e-01,8.81758e-01,2.44684e+00,2.57961e+01,3.23073e+00,8.24555e+01,4.38253e-01,1.98504e+02,4.60555e+00,1.53565e+00,8.59147e-01,6.82156e+01,4.75094e+00,4.29617e-01,1.50330e+00,1.76563e+01
1.37542e+00,1.16124e+02,2.69070e-01,2.79484e+02,4.81993e-01,8.80697e-01,2.42602e+00,2.51862e+01,3.22702e+00,8.00786e+01,4.36538e-01,1.93923e+02,4.62406e+00,1.53578e+00,8.58639e-01,6.62056e+01,4.68784e+00,4.29053e-01,1.49979e+00,1.72043e+01
1.37507e+00,2.92201e+02,2.68799e-01,2.71826e+02,4.81162e-01,8.79688e-01,2.40610e+00,2.45945e+01,3.22371e+00,7.77984e+01,4.34959e-01,1.89503e+02,4.59949e+00,1.53587e+00,8.58125e-01,6.42592e+01,4.62864e+00,4.28475e-01,1.49635e+00,1.67708e+01
1.37469e+00,4.57434e+02,2.68539e-01,2.64357e+02,4.80293e-01,8.78715e-01,2.38701e+00,2.40191e+01,3.22082e+00,7.56116e+01,4.33466e-01,1.85244e+02,4.55758e+00,1.53587e+00,8.57600e-01,6.23774e+01,4.57305e+00,4.27904e-01,1.49312e+00,1.63558e+01
1.37427e+00,5.36132e+02,2.68284e-01,2.57087e+02,4.79435e-01,8.77770e-01,2.36870e+00,2.34612e+01,3.21819e+00,7.35128e+01,4.32098e-01,1.81126e+02,4.51262e+00,1.53578e+00,8.57079e-01,6.05571e+01,4.52105e+00,4.27315e-01,1.48995e+00,1.59585e+01
1.37380e+00,5.62812e+02,2.67999e-01,2.50037e+02,4.78558e-01,8.76839e-01,2.35122e+00,2.29214e+01,3.21590e+00,7.14990e+01,4.30806e-01,1.77151e+02,4.47279e+00,1.53566e+00,8.56568e-01,5.87982e+01,4.47247e+00,4.26716e-01,1.48693e+00,1.55783e+01
1.37331e+00,5.66204e+02,2.67689e-01,2.43216e+02,4.77676e-01,8.75926e-01,2.33453e+00,2.23980e+01,3.21382e+00,6.95660e+01,4.29604e-01,1.73315e+02,4.44326e+00,1.53550e+00,8.56029e-01,5.70979e+01,4.42716e+00,4.26114e-01,1.48409e+00,1.52144e+01
1.37279e+00,5.59493e+02,2.67367e-01,2.36618e+02,4.76821e-01,8.75029e-01,2.31860e+00,2.18916e+01,3.21199e+00,6.77111e+01,4.28492e-01,1.69607e+02,4.42685e+00,1.53530e+00,8.55477e-01,5.54554e+01,4.38488e+00,4.25499e-01,1.48131e+00,1.48661e+01
1.37225e+00,5.48428e+02,2.67041e-01,2.30247e+02,4.75949e-01,8.74153e-01,2.30341e+00,2.14021e+01,3.21032e+00,6.59303e+01,4.27452e-01,1.66024e+02,4.42570e+00,1.53496e+00,8.54916e-01,5.38700e+01,4.34556e+00,4.24865e-01,1.47870e+00,1.45330e+01
1.37164e+00,5.35570e+02,2.66708e-01,2.24107e+02,4.75089e-01,8.73294e-01,2.28898e+00,2.09287e+01,3.20880e+00,6.42211e+01,4.26493e-01,1.62562e+02,4.44157e+00,1.53457e+00,8.54346e-01,5.23386e+01,4.30904e+00,4.24197e-01,1.47612e+00,1.42145e+01
1.37100e+00,5.22108e+02,2.66366e-01,2.18179e+02,4.74217e-01,8.72445e-01,2.27528e+00,2.04705e+01,3.20731e+00,6.25784e+01,4.25599e-01,1.59215e+02,4.47600e+00,1.53415e+00,8.53769e-01,5.08598e+01,4.27521e+00,4.23523e-01,1.47356e+00,1.39092e+01
1.37040e+00,5.08579e+02,2.66000e-01,2.12468e+02,4.73338e-01,8.71600e-01,2.26222e+00,2.00279e+01,3.20593e+00,6.10006e+01,4.24763e-01,1.55981e+02,4.52955e+00,1.53368e+00,8.53189e-01,4.94326e+01,4.24396e+00,4.22841e-01,1.47117e+00,1.36168e+01
1.36980e+00,4.95246e+02,2.65635e-01,2.06960e+02,4.72430e-01,8.70743e-01,2.24984e+00,1.96012e+01,3.20454e+00,5.94852e+01,4.23976e-01,1.52855e+02,4.60065e+00,1.53316e+00,8.52577e-01,4.80561e+01,4.21500e+00,4.22145e-01,1.46882e+00,1.33365e+01
1.36921e+00,4.82229e+02,2.65284e-01,2.01659e+02,4.71525e-01,8.69886e-01,2.23808e+00,1.91874e+01,3.20325e+00,5.80295e+01,4.23236e-01,1.49840e+02,4.68610e+00,1.53259e+00,8.51952e-01,4.67264e+01,4.18833e+00,4.21445e-01,1.46659e+00,1.30679e+01
1.36862e+00,4.69588e+02,2.64932e-01,1.96549e+02,4.70629e-01,8.69032e-01,2.22693e+00,1.87884e+01,3.20196e+00,5.66311e+01,4.22555e-01,1.46942e+02,4.78111e+00,1.53194e+00,8.51337e-01,4.54444e+01,4.16390e+00,4.20738e-01,1.46440e+00,1.28104e+01
1.36796e+00,4.57355e+02,2.64571e-01,1.91622e+02,4.69705e-01,8.68184e-01,2.21639e+00,1.84027e+01,3.20064e+00,5.52867e+01,4.21902e-01,1.44283e+02,4.88127e+00,1.53123e+00,8.50701e-01,4.42076e+01,4.14154e+00,4.20026e-01,1.46224e+00,1.25628e+01
1.36727e+00,4.45547e+02,2.64181e-01,1.86879e+02,4.68799e-01,8.67331e-01,2.20641e+00,1.80299e+01,3.19931e+00,5.39946e+01,4.21273e-01,1.42467e+02,4.98312e+00,1.53048e+00,8.50075e-01,4.30130e+01,4.12105e+00,4.19319e-01,1.46017e+00,1.23250e+01
1.36656e+00,4.34173e+02,2.63774e-01,1.82303e+02,4.67886e-01,8.66484e-01,2.19695e+00,1.76698e+01,3.19795e+00,5.27526e+01,4.20671e-01,1.44092e+02,5.08457e+00,1.52967e+00,8.49418e-01,4.18613e+01,4.10235e+00,4.18609e-01,1.45807e+00,1.20968e+01
1.36574e+00,4.23239e+02,2.63371e-01,1.77892e+02,4.66987e-01,8.65643e-01,2.18800e+00,1.73220e+01,3.19655e+00,5.15590e+01,4.20095e-01,1.57235e+02,5.18348e+00,1.52877e+00,8.48743e-01,4.07504e+01,4.08530e+00,4.17884e-01,1.45608e+00,1.18779e+01
1.36482e+00,4.12751e+02,2.62978e-01,1.73641e+02,4.66090e-01,8.64788e-01,2.17955e+00,1.69863e+01,3.19510e+00,5.04106e+01,4.19551e-01,1.97737e+02,5.27769e+00,1.52779e+00,8.48060e-01,3.96781e+01,4.06985e+00,4.17142e-01,1.45407e+00,1.16677e+01
1.36384e+00,4.02699e+02,2.62574e-01,1.69535e+02,4.65199e-01,8.63921e-01,2.17155e+00,1.66614e+01,3.19353e+00,4.93061e+01,4.19029e-01,2.76998e+02,5.36472e+00,1.52676e+00,8.47386e-01,3.86430e+01,4.05583e+00,4.16405e-01,1.45206e+00,1.14659e+01
1.36286e+00,3.93083e+02,2.62141e-01,1.65571e+02,4.64295e-01,8.63045e-01,2.16396e+00,1.63483e+01,3.19192e+00,4.82436e+01,4.18525e-01,3.79333e+02,5.44301e+00,1.52569e+00,8.46703e-01,3.76445e+01,4.04319e+00,4.15660e-01,1.45017e+00,1.12725e+01
1.36186e+00,3.83887e+02,2.61709e-01,1.61746e+02,4.63383e-01,8.62158e-01,2.15677e+00,1.60455e+01,3.19023e+00,4.72222e+01,4.18040e-01,4.71439e+02,5.51241e+00,1.52461e+00,8.46002e-01,3.66810e+01,4.03178e+00,4.14904e-01,1.44821e+00,1.10872e+01
1.36085e+00,3.75085e+02,2.61299e-01,1.58046e+02,4.62478e-01,8.61291e-01,2.14997e+00,1.57541e+01,3.18846e+00,4.62394e+01,4.17564e-01,5.33640e+02,5.57441e+00,1.52346e+00,8.45287e-01,3.57517e+01,4.02152e+00,4.14139e-01,1.44634e+00,1.09095e+01
1.35987e+00,3.66649e+02,2.60890e-01,1.54470e+02,4.61578e-01,8.60420e-01,2.14356e+00,1.54717e+01,3.18662e+00,4.52940e+01,4.17099e-01,5.66224e+02,5.63167e+00,1.52228e+00,8.44567e-01,3.48545e+01,4.01239e+00,4.13372e-01,1.44447e+00,1.07392e+01
1.35894e+00,3.58545e+02,2.60483e-01,1.51010e+02,4.60634e-01,8.59533e-01,2.13753e+00,1.52002e+01,3.18466e+00,4.43834e+01,4.16637e-01,5.77978e+02,5.68653e+00,1.52103e+00,8.43837e-01,3.39882e+01,4.00425e+00,4.12612e-01,1.44254e+00,1.05762e+01
1.35808e+00,3.50733e+02,2.60064e-01,1.47658e+02,4.59705e-01,8.58654e-01,2.13182e+00,1.49375e+01,3.18266e+00,4.35070e+01,4.16178e-01,5.77436e+02,5.74004e+00,1.51972e+00,8.43087e-01,3.31521e+01,3.99700e+00,4.11855e-01,1.44072e+00,1.04199e+01
1.35732e+00,3.43175e+02,2.59613e-01,1.44412e+02,4.58794e-01,8.57769e-01,2.12639e+00,1.46848e+01,3.18054e+00,4.26630e+01,4.15725e-01,5.70376e+02,5.79150e+00,1.51842e+00,8.42321e-01,3.23449e+01,3.99052e+00,4.11089e-01,1.43886e+00,1.02703e+01
1.35665e+00,3.35834e+02,2.59161e-01,1.41261e+02,4.57881e-01,8.56888e-01,2.12123e+00,1.44405e+01,3.17835e+00,4.18509e+01,4.15284e-01,5.60143e+02,5.83844e+00,1.51707e+00,8.41528e-01,3.15658e+01,3.98477e+00,4.10292e-01,1.43703e+00,1.01274e+01
1.35613e+00,3.28677e+02,2.58705e-01,1.38208e+02,4.56974e-01,8.55992e-01,2.11637e+00,1.42060e+01,3.17602e+00,4.10692e+01,4.14843e-01,5.48521e+02,5.87753e+00,1.51568e+00,8.40725e-01,3.08136e+01,3.97968e+00,4.09490e-01,1.43521e+00,9.99049e+00
1.35573e+00,3.21680e+02,2.58250e-01,1.35239e+02,4.56077e-01,8.55089e-01,2.11177e+00,1.39791e+01,3.17358e+00,4.03151e+01,4.14409e-01,5.36425e+02,5.90538e+00,1.51425e+00,8.39938e-01,3.00867e+01,3.97516e+00,4.08691e-01,1.43332e+00,9.85955e+00
1.35547e+00,3.14820e+02,2.57780e-01,1.32355e+02,4.55181e-01,8.54173e-01,2.10738e+00,1.37607e+01,3.17106e+00,3.95891e+01,4.13978e-01,5.24288e+02,5.91908e+00,1.51281e+00,8.39142e-01,2.93849e+01,3.97110e+00,4.07892e-01,1.43153e+00,9.73481e+00
1.35536e+00,3.08088e+02,2.57304e-01,1.29552e+02,4.54267e-01,8.53248e-01,2.10324e+00,1.35507e+01,3.16840e+00,3.88902e+01,4.13550e-01,5.12336e+02,5.91699e+00,1.51136e+00,8.38326e-01,2.87069e+01,3.96755e+00,4.07085e-01,1.42968e+00,9.61552e+00
1.35536e+00,3.01473e+02,2.56829e-01,1.26826e+02,4.53355e-01,8.52333e-01,2.09932e+00,1.33482e+01,3.16568e+00,3.82159e+01,4.13125e-01,5.00687e+02,5.89888e+00,1.50994e+00,8.37498e-01,2.80520e+01,3.96435e+00,4.06272e-01,1.42786e+00,9.50181e+00
1.35548e+00,2.94974e+02,2.56367e-01,1.24170e+02,4.52450e-01,8.51407e-01,2.09558e+00,1.31535e+01,3.16287e+00,3.75659e+01,4.12709e-01,4.89365e+02,5.86575e+00,1.50855e+00,8.36661e-01,2.74197e+01,3.96159e+00,4.05469e-01,1.42606e+00,9.39364e+00
1.35573e+00,2.88589e+02,2.55918e-01,1.21587e+02,4.51484e-01,8.50474e-01,2.09205e+00,1.29661e+01,3.15999e+00,3.69394e+01,4.12285e-01,4.78407e+02,5.81931e+00,1.50713e+00,8.35825e-01,2.68087e+01,3.95916e+00,4.04668e-01,1.42419e+00,9.29034e+00
1.35597e+00,2.82323e+02,2.55462e-01,1.19067e+02,4.50535e-01,8.49516e-01,2.08867e+00,1.27860e+01,3.15703e+00,3.63352e+01,4.11852e-01,4.67827e+02,5.76195e+00,1.50574e+00,8.34980e-01,2.62181e+01,3.95699e+00,4.03862e-01,1.42238e+00,9.19260e+00
1.35625e+00,2.76179e+02,2.54977e-01,1.16616e+02,4.49614e-01,8.48574e-01,2.08537e+00,1.26129e+01,3.15397e+00,3.57523e+01,4.11422e-01,4.57611e+02,5.69598e+00,1.50436e+00,8.34114e-01,2.56475e+01,3.95502e+00,4.03050e-01,1.42060e+00,9.09948e+00
1.35644e+00,2.70161e+02,2.54486e-01,1.14222e+02,4.48706e-01,8.47632e-01,2.08224e+00,1.24466e+01,3.15087e+00,3.51898e+01,4.10989e-01,4.47773e+02,5.62378e+00,1.50297e+00,8.33241e-01,2.50958e+01,3.95325e+00,4.02229e-01,1.41877e+00,9.01133e+00
1.35650e+00,2.64277e+02,2.54017e-01,1.11892e+02,4.47815e-01,8.46666e-01,2.07927e+00,1.22867e+01,3.14768e+00,3.46470e+01,4.10556e-01,4.38287e+02,5.54736e+00,1.50155e+00,8.32350e-01,2.45627e+01,3.95167e+00,4.01412e-01,1.41698e+00,8.92797e+00
1.35636e+00,2.58526e+02,2.53547e-01,1.09617e+02,4.46930e-01,8.45699e-01,2.07642e+00,1.21330e+01,3.14438e+00,3.41227e+01,4.10127e-01,4.29135e+02,5.46865e+00,1.50008e+00,8.31484e-01,2.40473e+01,3.95019e+00,4.00597e-01,1.41515e+00,8.84907e+00
1.35603e+00,2.52916e+02,2.53060e-01,1.07400e+02,4.46030e-01,8.44721e-01,2.07368e+00,1.19852e+01,3.14104e+00,3.36168e+01,4.09691e-01,4.20315e+02,5.38894e+00,1.49855e+00,8.30622e-01,2.35489e+01,3.94880e+00,3.99779e-01,1.41334e+00,8.77496e+00
1.35544e+00,2.47447e+02,2.52553e-01,1.05235e+02,4.45120e-01,8.43748e-01,2.07098e+00,1.18433e+01,3.13757e+00,3.31282e+01,4.09252e-01,4.11793e+02,5.30960e+00,1.49697e+00,8.29734e-01,2.30673e+01,3.94747e+00,3.98956e-01,1.41154e+00,8.70516e+00
1.35456e+00,2.42116e+02,2.52062e-01,1.03127e+02,4.44219e-01,8.42774e-01,2.06844e+00,1.17074e+01,3.13407e+00,3.26558e+01,4.08814e-01,4.03558e+02,5.23156e+00,1.49531e+00,8.28826e-01,2.26013e+01,3.94617e+00,3.98136e-01,1.40969e+00,8.63985e+00
1.35336e+00,2.36928e+02,2.51578e-01,1.01069e+02,4.43318e-01,8.41797e-01,2.06599e+00,1.15767e+01,3.13046e+00,3.21998e+01,4.08384e-01,3.95576e+02,5.15565e+00,1.49358e+00,8.27926e-01,2.21509e+01,3.94494e+00,3.97329e-01,1.40788e+00,8.57865e+00
1.35182e+00,2.31879e+02,2.51109e-01,9.90615e+01,4.42394e-01,8.40815e-01,2.06360e+00,1.14512e+01,3.12681e+00,3.17596e+01,4.07950e-01,3.87824e+02,5.08235e+00,1.49176e+00,8.27026e-01,2.17152e+01,3.94378e+00,3.96532e-01,1.40607e+00,8.52157e+00
1.34999e+00,2.26970e+02,2.50633e-01,9.71058e+01,4.41478e-01,8.39825e-01,2.06126e+00,1.13304e+01,3.12306e+00,3.13333e+01,4.07522e-01,3.80300e+02,5.01220e+00,1.48986e+00,8.26103e-01,2.12940e+01,3.94259e+00,3.95729e-01,1.40423e+00,8.46866e+00
1.34785e+00,2.22199e+02,2.50129e-01,9.51962e+01,4.40583e-01,8.38832e-01,2.05897e+00,1.12148e+01,3.11927e+00,3.09213e+01,4.07092e-01,3.72953e+02,4.94544e+00,1.48785e+00,8.25167e-01,2.08863e+01,3.94138e+00,3.94923e-01,1.40240e+00,8.41943e+00
1.34543e+00,2.17561e+02,2.49622e-01,9.33356e+01,4.39689e-01,8.37835e-01,2.05674e+00,1.11035e+01,3.11545e+00,3.05231e+01,4.06651e-01,3.65786e+02,4.88240e+00,1.48580e+00,8.24208e-01,2.04918e+01,3.94015e+00,3.94101e-01,1.40059e+00,8.37423e+00
1.34279e+00,2.13056e+02,2.49130e-01,9.15227e+01,4.38817e-01,8.36843e-01,2.05455e+00,1.09964e+01,3.11155e+00,3.01382e+01,4.06205e-01,3.58777e+02,4.82318e+00,1.48367e+00,8.23251e-01,2.01104e+01,3.93890e+00,3.93261e-01,1.39876e+00,8.33260e+00
1.33998e+00,2.08676e+02,2.48637e-01,8.97528e+01,4.37942e-01,8.35853e-01,2.05243e+00,1.08934e+01,3.10756e+00,2.97652e+01,4.05761e-01,3.51911e+02,4.76789e+00,1.48149e+00,8.22305e-01,1.97410e+01,3.93761e+00,3.92425e-01,1.39693e+00,8.29444e+00
1.33710e+00,2.04425e+02,2.48151e-01,8.80303e+01,4.37051e-01,8.34856e-01,2.05032e+00,1.07941e+01,3.10355e+00,2.94044e+01,4.05312e-01,3.45187e+02,4.71654e+00,1.47924e+00,8.21367e-01,1.93833e+01,3.93622e+00,3.91591e-01,1.39515e+00,8.26019e+00
1.33408e+00,2.00294e+02,2.47656e-01,8.63488e+01,4.36169e-01,8.33852e-01,2.04822e+00,1.06991e+01,3.09943e+00,2.90549e+01,4.04868e-01,3.38592e+02,4.66892e+00,1.47692e+00,8.20413e-01,1.90374e+01,3.93479e+00,3.90761e-01,1.39335e+00,8.22926e+00
1.33105e+00,1.96282e+02,2.47160e-01,8.47116e+01,4.35291e-01,8.32837e-01,2.04619e+00,1.06071e+01,3.09528e+00,2.87169e+01,4.04419e-01,3.32131e+02,4.62506e+00,1.47459e+00,8.19450e-01,1.87026e+01,3.93329e+00,3.89931e-01,1.39152e+00,8.20238e+00
1.32802e+00,1.92385e+02,2.46665e-01,8.31178e+01,4.34401e-01,8.31829e-01,2.04416e+00,1.05183e+01,3.09109e+00,2.83898e+01,4.03966e-01,3.25787e+02,4.58475e+00,1.47224e+00,8.18495e-01,1.83785e+01,3.93173e+00,3.89120e-01,1.38970e+00,8.17909e+00
1.32501e+00,1.88597e+02,2.46188e-01,8.15628e+01,4.33504e-01,8.30806e-01,2.04216e+00,1.04329e+01,3.08683e+00,2.80725e+01,4.03513e-01,3.19579e+02,4.54775e+00,1.46987e+00,8.17537e-01,1.80645e+01,3.93014e+00,3.88322e-01,1.38790e+00,8.16002e+00
1.32203e+00,1.84918e+02,2.45712e-01,8.00484e+01,4.32603e-01,8.29794e-01,2.04018e+00,1.03507e+01,3.08254e+00,2.77652e+01,4.03058e-01,3.13490e+02,4.51385e+00,1.46748e+00,8.16564e-01,1.77604e+01,3.92849e+00,3.87519e-01,1.38607e+00,8.14476e+00
1.31911e+00,1.81341e+02,2.45210e-01,7.85748e+01,4.31707e-01,8.28774e-01,2.03817e+00,1.02714e+01,3.07823e+00,2.74677e+01,4.02609e-01,3.07533e+02,4.48269e+00,1.46508e+00,8.15578e-01,1.74656e+01,3.92672e+00,3.86700e-01,1.38425e+00,8.13391e+00
1.31626e+00,1.77864e+02,2.44692e-01,7.71381e+01,4.30845e-01,8.27733e-01,2.03615e+00,1.01943e+01,3.07387e+00,2.71787e+01,4.02157e-01,3.01697e+02,4.45419e+00,1.46270e+00,8.14583e-01,1.71800e+01,3.92483e+00,3.85874e-01,1.38247e+00,8.12682e+00
1.31347e+00,1.74483e+02,2.44187e-01,7.57395e+01,4.29983e-01,8.26692e-01,2.03417e+00,1.01201e+01,3.06947e+00,2.68989e+01,4.01692e-01,2.95993e+02,4.42792e+00,1.46031e+00,8.13587e-01,1.69036e+01,3.92293e+00,3.85046e-01,1.38065e+00,8.12390e+00
1.31073e+00,1.71194e+02,2.43688e-01,7.43760e+01,4.29110e-01,8.25660e-01,2.03220e+00,1.00481e+01,3.06501e+00,2.66273e+01,4.01230e-01,2.90410e+02,4.40383e+00,1.45792e+00,8.12603e-01,1.66352e+01,3.92093e+00,3.84215e-01,1.37883e+00,8.12412e+00
1.30809e+00,1.67995e+02,2.43191e-01,7.30502e+01,4.28231e-01,8.24624e-01,2.03024e+00,9.97877e+00,3.06052e+00,2.63637e+01,4.00769e-01,2.84959e+02,4.38147e+00,1.45551e+00,8.11626e-01,1.63755e+01,3.91882e+00,3.83390e-01,1.37705e+00,8.12744e+00
1.30555e+00,1.64881e+02,2.42687e-01,7.17580e+01,4.27367e-01,8.23582e-01,2.02825e+00,9.91180e+00,3.05594e+00,2.61080e+01,4.00307e-01,2.79632e+02,4.36085e+00,1.45313e+00,8.10637e-01,1.61238e+01,3.91661e+00,3.82569e-01,1.37528e+00,8.13256e+00
1.30307e+00,1.61851e+02,2.42189e-01,7.04985e+01,4.26523e-01,8.22527e-01,2.02627e+00,9.84681e+00,3.05134e+00,2.58603e+01,3.99841e-01,2.74439e+02,4.34162e+00,1.45072e+00,8.09642e-01,1.58801e+01,3.91430e+00,3.81752e-01,1.37347e+00,8.13920e+00
1.30065e+00,1.58900e+02,2.41687e-01,6.92737e+01,4.25659e-01,8.21458e-01,2.02433e+00,9.78403e+00,3.04671e+00,2.56193e+01,3.99382e-01,2.69366e+02,4.32363e+00,1.44834e+00,8.08634e-01,1.56434e+01,3.91195e+00,3.80954e-01,1.37170e+00,8.14578e+00
1.29829e+00,1.56027e+02,2.41199e-01,6.80817e+01,4.24785e-01,8.20393e-01,2.02237e+00,9.72308e+00,3.04206e+00,2.53854e+01,3.98928e-01,2.64427e+02,4.30693e+00,1.44596e+00,8.07636e-01,1.54140e+01,3.90954e+00,3.80162e-01,1.36992e+00,8.15164e+00
1.29598e+00,1.53225e+02,2.40712e-01,6.69191e+01,4.23930e-01,8.19350e-01,2.02039e+00,9.66393e+00,3.03736e+00,2.51586e+01,3.98475e-01,2.59605e+02,4.29121e+00,1.44356e+00,8.06628e-01,1.51919e+01,3.90703e+00,3.79365e-01,1.36812e+00,8.15606e+00
1.29370e+00,1.50494e+02,2.40205e-01,6.57873e+01,4.23039e-01,8.18309e-01,2.01836e+00,9.60691e+00,3.03264e+00,2.49379e+01,3.98019e-01,2.54912e+02,4.27639e+00,1.44116e+00,8.05609e-01,1.49766e+01,3.90445e+00,3.78566e-01,1.36632e+00,8.15831e+00
1.29146e+00,1.47830e+02,2.39683e-01,6.46859e+01,4.22201e-01,8.17251e-01,2.01635e+00,9.55183e+00,3.02790e+00,2.47237e+01,3.97554e-01,2.50333e+02,4.26242e+00,1.43878e+00,8.04576e-01,1.47675e+01,3.90173e+00,3.77759e-01,1.36456e+00,8.15829e+00
1.28924e+00,1.45232e+02,2.39159e-01,6.36137e+01,4.21362e-01,8.16196e-01,2.01438e+00,9.49868e+00,3.02311e+00,2.45158e+01,3.97081e-01,2.45875e+02,4.24918e+00,1.43642e+00,8.03550e-01,1.45650e+01,3.89896e+00,3.76947e-01,1.36278e+00,8.15572e+00
1.28705e+00,1.42695e+02,2.38653e-01,6.25675e+01,4.20514e-01,8.15145e-01,2.01238e+00,9.44676e+00,3.01828e+00,2.43136e+01,3.96604e-01,2.41529e+02,4.23664e+00,1.43405e+00,8.02536e-01,1.43684e+01,3.89612e+00,3.76135e-01,1.36099e+00,8.15131e+00
1.28490e+00,1.40220e+02,2.38154e-01,6.15497e+01,4.19666e-01,8.14095e-01,2.01036e+00,9.39694e+00,3.01344e+00,2.41169e+01,3.96131e-01,2.37296e+02,4.22463e+00,1.43166e+00,8.01532e-01,1.41781e+01,3.89319e+00,3.75322e-01,1.35919e+00,8.14549e+00
1.28275e+00,1.37801e+02,2.37655e-01,6.05594e+01,4.18835e-01,8.13048e-01,2.00833e+00,9.34861e+00,3.00855e+00,2.39262e+01,3.95660e-01,2.33170e+02,4.21319e+00,1.42926e+00,8.00530e-01,1.39935e+01,3.89018e+00,3.74508e-01,1.35745e+00,8.13879e+00
1.28064e+00,1.35439e+02,2.37168e-01,5.95930e+01,4.18017e-01,8.11999e-01,2.00626e+00,9.30205e+00,3.00365e+00,2.37406e+01,3.95186e-01,2.29155e+02,4.20225e+00,1.42686e+00,7.99502e-01,1.38145e+01,3.88708e+00,3.73694e-01,1.35568e+00,8.13277e+00
1.27854e+00,1.33130e+02,2.36687e-01,5.86517e+01,4.17160e-01,8.10935e-01,2.00420e+00,9.25718e+00,2.99872e+00,2.35603e+01,3.94713e-01,2.25238e+02,4.19174e+00,1.42444e+00,7.98492e-01,1.36409e+01,3.88395e+00,3.72903e-01,1.35395e+00,8.12846e+00
1.27645e+00,1.30873e+02,2.36214e-01,5.77356e+01,4.16308e-01,8.09873e-01,2.00213e+00,9.21377e+00,2.99378e+00,2.33852e+01,3.94236e-01,2.21429e+02,4.18160e+00,1.42204e+00,7.97471e-01,1.34730e+01,3.88077e+00,3.72122e-01,1.35221e+00,8.12694e+00
1.27438e+00,1.28666e+02,2.35743e-01,5.68434e+01,4.15497e-01,8.08812e-01,2.00005e+00,9.17172e+00,2.98878e+00,2.32148e+01,3.93769e-01,2.17711e+02,4.17175e+00,1.41962e+00,7.96453e-01,1.33101e+01,3.87757e+00,3.71339e-01,1.35048e+00,8.12930e+00
1.27231e+00,1.26508e+02,2.35249e-01,5.59741e+01,4.14682e-01,8.07752e-01,1.99790e+00,9.13124e+00,2.98378e+00,2.30493e+01,3.93312e-01,2.14097e+02,4.16218e+00,1.41720e+00,7.95421e-01,1.31522e+01,3.87427e+00,3.70547e-01,1.34872e+00,8.13672e+00
1.27023e+00,1.24396e+02,2.34736e-01,5.51265e+01,4.13862e-01,8.06673e-01,1.99575e+00,9.09217e+00,2.97880e+00,2.28885e+01,3.92855e-01,2.10566e+02,4.15279e+00,1.41478e+00,7.94375e-01,1.29995e+01,3.87091e+00,3.69754e-01,1.34700e+00,8.14979e+00
1.26814e+00,1.22331e+02,2.34251e-01,5.43011e+01,4.13038e-01,8.05603e-01,1.99363e+00,9.05458e+00,2.97378e+00,2.27322e+01,3.92397e-01,2.07129e+02,4.14353e+00,1.41237e+00,7.93331e-01,1.28515e+01,3.86757e+00,3.68958e-01,1.34525e+00,8.16945e+00
1.26607e+00,1.20309e+02,2.33775e-01,5.34958e+01,4.12202e-01,8.04538e-01,1.99150e+00,9.01819e+00,2.96871e+00,2.25801e+01,3.91940e-01,2.03775e+02,4.13452e+00,1.40994e+00,7.92302e-01,1.27080e+01,3.86421e+00,3.68165e-01,1.34348e+00,8.19557e+00
1.26399e+00,1.18329e+02,2.33298e-01,5.27114e+01,4.11372e-01,8.03475e-01,1.98934e+00,8.98331e+00,2.96364e+00,2.24324e+01,3.91478e-01,2.00505e+02,4.12558e+00,1.40753e+00,7.91281e-01,1.25695e+01,3.86078e+00,3.67379e-01,1.34178e+00,8.22835e+00
1.26191e+00,1.16393e+02,2.32807e-01,5.19479e+01,4.10559e-01,8.02416e-01,1.98718e+00,8.94970e+00,2.95855e+00,2.22890e+01,3.91012e-01,1.97315e+02,4.11679e+00,1.40507e+00,7.90267e-01,1.24354e+01,3.85731e+00,3.66591e-01,1.34007e+00,8.26737e+00
1.25986e+00,1.14496e+02,2.32335e-01,5.12036e+01,4.09723e-01,8.01363e-01,1.98500e+00,8.91737e+00,2.95342e+00,2.21493e+01,3.90540e-01,1.94205e+02,4.10816e+00,1.40262e+00,7.89239e-01,1.23054e+01,3.85383e+00,3.65806e-01,1.33834e+00,8.31217e+00
1.25780e+00,1.12639e+02,2.31860e-01,5.04780e+01,4.08903e-01,8.00310e-01,1.98285e+00,8.88636e+00,2.94829e+00,2.20139e+01,3.90066e-01,1.91168e+02,4.09959e+00,1.40016e+00,7.88206e-01,1.21802e+01,3.85035e+00,3.65042e-01,1.33663e+00,8.36144e+00
1.25573e+00,1.10820e+02,2.31385e-01,4.97703e+01,4.08094e-01,7.99241e-01,1.98069e+00,8.85665e+00,2.94315e+00,2.18822e+01,3.89595e-01,1.88207e+02,4.09119e+00,1.39773e+00,7.87175e-01,1.20589e+01,3.84690e+00,3.64285e-01,1.33494e+00,8.41460e+00
1.25367e+00,1.09040e+02,2.30910e-01,4.90804e+01,4.07275e-01,7.98173e-01,1.97849e+00,8.82808e+00,2.93800e+00,2.17540e+01,3.89134e-01,1.85315e+02,4.08285e+00,1.39525e+00,7.86126e-01,1.19417e+01,3.84346e+00,3.63526e-01,1.33322e+00,8.46968e+00
1.25162e+00,1.07297e+02,2.30416e-01,4.84081e+01,4.06464e-01,7.97125e-01,1.97626e+00,8.80066e+00,2.93288e+00,2.16300e+01,3.88684e-01,1.82490e+02,4.07454e+00,1.39280e+00,7.85068e-01,1.18288e+01,3.84001e+00,3.62757e-01,1.33150e+00,8.52583e+00
1.24953e+00,1.05590e+02,2.29907e-01,4.77532e+01,4.05684e-01,7.96058e-01,1.97402e+00,8.77436e+00,2.92776e+00,2.15091e+01,3.88231e-01,1.79733e+02,4.06630e+00,1.39036e+00,7.84015e-01,1.17196e+01,3.83655e+00,3.61985e-01,1.32983e+00,8.58139e+00
1.24746e+00,1.03922e+02,2.29412e-01,4.71153e+01,4.04898e-01,7.95000e-01,1.97182e+00,8.74914e+00,2.92261e+00,2.13919e+01,3.88666e-01,1.77039e+02,4.05815e+00,1.38791e+00,7.82958e-01,1.16146e+01,3.83311e+00,3.61215e-01,1.32814e+00,8.63497e+00
1.24539e+00,1.02290e+02,2.28939e-01,4.64924e+01,4.04095e-01,7.93943e-01,1.96962e+00,8.72469e+00,2.91745e+00,2.12779e+01,3.89413e-01,1.74405e+02,4.05007e+00,1.38545e+00,7.81911e-01,1.15131e+01,3.82968e+00,3.60448e-01,1.32643e+00,8.68567e+00
1.24332e+00,1.00688e+02,2.28476e-01,4.58861e+01,4.03293e-01,7.92885e-01,1.96741e+00,8.70137e+00,2.91228e+00,2.11681e+01,3.90214e-01,1.71829e+02,4.04204e+00,1.38300e+00,7.80880e-01,1.14159e+01,3.82622e+00,3.59681e-01,1.32663e+00,8.73194e+00
1.24125e+00,9.91192e+01,2.28005e-01,4.52944e+01,4.02517e-01,7.91826e-01,1.96517e+00,8.67921e+00,2.90999e+00,2.10607e+01,3.90615e-01,1.69311e+02,4.03410e+00,1.38053e+00,7.79840e-01,1.13234e+01,3.82579e+00,3.58916e-01,1.32862e+00,8.77333e+00
1.23916e+00,9.75817e+01,2.27539e-01,4.47175e+01,4.01737e-01,7.90767e-01,1.96295e+00,8.66037e+00,2.90825e+00,2.09573e+01,3.90752e-01,1.66849e+02,4.02624e+00,1.37805e+00,7.78789e-01,1.12357e+01,3.82553e+00,3.58751e-01,1.33165e+00,8.80832e+00
1.23708e+00,9.60759e+01,2.27070e-01,4.41552e+01,4.02142e-01,7.89710e-01,1.96081e+00,8.64340e+00,2.90673e+00,2.08566e+01,3.90824e-01,1.64440e+02,4.01843e+00,1.37557e+00,7.77739e-01,1.11526e+01,3.82490e+00,3.59293e-01,1.34064e+00,8.83659e+00
1.23500e+00,9.46006e+01,2.26598e-01,4.36080e+01,4.02621e-01,7.88656e-01,1.95874e+00,8.62663e+00,2.90596e+00,2.07591e+01,3.90761e-01,1.62084e+02,4.01061e+00,1.37311e+00,7.76701e-01,1.10748e+01,3.82364e+00,3.59181e-01,1.35012e+00,8.85776e+00
1.23290e+00,9.31552e+01,2.26226e-01,4.30769e+01,4.03008e-01,7.91613e-01,1.95798e+00,8.61038e+00,2.90560e+00,2.06641e+01,3.92300e-01,1.59777e+02,4.00292e+00,1.37068e+00,7.76348e-01,1.10015e+01,3.82837e+00,3.59331e-01,1.36214e+00,8.87100e+00
1.23083e+00,9.17400e+01,2.26274e-01,4.25718e+01,4.03587e-01,7.94274e-01,1.95722e+00,8.59533e+00,2.90540e+00,2.05718e+01,3.94926e-01,1.57519e+02,3.99561e+00,1.36826e+00,7.75852e-01,1.09331e+01,3.83212e+00,3.64553e-01,1.37326e+00,8.87805e+00
1.23196e+00,9.03947e+01,2.28122e-01,4.20798e+01,4.04003e-01,7.97631e-01,1.95617e+00,8.58106e+00,2.90863e+00,2.04824e+01,3.98078e-01,1.55312e+02,3.98837e+00,1.36695e+00,7.75341e-01,1.08696e+01,3.83289e+00,3.70006e-01,1.38442e+00,8.87723e+00
1.23395e+00,8.91269e+01,2.31177e-01,4.15936e+01,4.04276e-01,7.99909e-01,1.95455e+00,8.56883e+00,2.91828e+00,2.03954e+01,4.00433e-01,1.53158e+02,3.98118e+00,1.36655e+00,7.74921e-01,1.08105e+01,3.83108e+00,3.75576e-01,1.39619e+00,8.87079e+00
1.23597e+00,8.78241e+01,2.34909e-01,4.11164e+01,4.04484e-01,8.01387e-01,1.95267e+00,8.55768e+00,2.93718e+00,2.03105e+01,4.02224e-01,1.51048e+02,3.97399e+00,1.36752e+00,7.76337e-01,1.07559e+01,3.82760e+00,3.86072e-01,1.40961e+00,8.85797e+00
1.23926e+00,8.64955e+01,2.38595e-01,4.06519e+01,4.04647e-01,8.02287e-01,1.95045e+00,8.54678e+00,2.96407e+00,2.02283e+01,4.03570e-01,1.48983e+02,3.96664e+00,1.37058e+00,7.77246e-01,1.07056e+01,3.82378e+00,4.00526e-01,1.42551e+00,8.83774e+00
1.24806e+00,8.52148e+01,2.42425e-01,4.02005e+01,4.04670e-01,8.02787e-01,1.94862e+00,8.53605e+00,2.99884e+00,2.01483e+01,4.04498e-01,1.46961e+02,3.95935e+00,1.37604e+00,7.78240e-01,1.06580e+01,3.81994e+00,4.14377e-01,1.44426e+00,8.80969e+00
1.26851e+00,8.39692e+01,2.46465e-01,3.97612e+01,4.04519e-01,8.03129e-01,1.94725e+00,8.52602e+00,3.04309e+00,2.00713e+01,4.04953e-01,1.44987e+02,3.95226e+00,1.38354e+00,7.79828e-01,1.06132e+01,3.81630e+00,4.23944e-01,1.46620e+00,8.77535e+00
1.30462e+00,8.27519e+01,2.50232e-01,3.93332e+01,4.04169e-01,8.03235e-01,1.94645e+00,8.51666e+00,3.09796e+00,1.99965e+01,4.05130e-01,1.43052e+02,3.94535e+00,1.39344e+00,7.82095e-01,1.05703e+01,3.81308e+00,4.28183e-01,1.49061e+00,8.73525e+00
1.35462e+00,8.15613e+01,2.52987e-01,3.89169e+01,4.03665e-01,8.03101e-01,1.94645e+00,8.50809e+00,3.16178e+00,1.99242e+01,4.05097e-01,1.41162e+02,3.93873e+00,1.40738e+00,7.84919e-01,1.05291e+01,3.81026e+00,4.28014e-01,1.51656e+00,8.69065e+00
1.41139e+00,8.03955e+01,2.54098e-01,3.85137e+01,4.02971e-01,8.02669e-01,1.94750e+00,8.50006e+00,3.23086e+00,1.98542e+01,4.04983e-01,1.39308e+02,3.93245e+00,1.42720e+00,7.88247e-01,1.04891e+01,3.80761e+00,4.24922e-01,1.54199e+00,8.64290e+00
1.46649e+00,7.92534e+01,2.53423e-01,3.81247e+01,4.02164e-01,8.01912e-01,1.94962e+00,8.49247e+00,3.30032e+00,1.97862e+01,4.04812e-01,1.37492e+02,3.92658e+00,1.45294e+00,7.92114e-01,1.04506e+01,3.80483e+00,4.19993e-01,1.56527e+00,8.59214e+00
1.51409e+00,7.81341e+01,2.51143e-01,3.77513e+01,4.01355e-01,8.00971e-01,1.95243e+00,8.48527e+00,3.36540e+00,1.97205e+01,4.04549e-01,1.35712e+02,3.92110e+00,1.48195e+00,7.96589e-01,1.04138e+01,3.80166e+00,4.13936e-01,1.58507e+00,8.53946e+00
1.55259e+00,7.70373e+01,2.47768e-01,3.73953e+01,4.00694e-01,7.99847e-01,1.95527e+00,8.47884e+00,3.42207e+00,1.96570e+01,4.04255e-01,1.33966e+02,3.91604e+00,1.51002e+00,8.01656e-01,1.03805e+01,3.79808e+00,4.07212e-01,1.60088e+00,8.48494e+00
1.58410e+00,7.59618e+01,2.43867e-01,3.70588e+01,4.00277e-01,7.98676e-01,1.95732e+00,8.47332e+00,3.46798e+00,1.95956e+01,4.04030e-01,1.32254e+02,3.91132e+00,1.53354e+00,8.07229e-01,1.03514e+01,3.79400e+00,4.00159e-01,1.61288e+00,8.42926e+00
1.61170e+00,7.49084e+01,2.39804e-01,3.67454e+01,4.00145e-01,7.97450e-01,1.95809e+00,8.46915e+00,3.50305e+00,1.95365e+01,4.03919e-01,1.30574e+02,3.90685e+00,1.55067e+00,8.13275e-01,1.03281e+01,3.78939e+00,3.93156e-01,1.62153e+00,8.37270e+00
1.63695e+00,7.38766e+01,2.35926e-01,3.64595e+01,4.00294e-01,7.96169e-01,1.95729e+00,8.46613e+00,3.52931e+00,1.94796e+01,4.03921e-01,1.28931e+02,3.90258e+00,1.56147e+00,8.19804e-01,1.03106e+01,3.78406e+00,3.86571e-01,1.62780e+00,8.31570e+00
1.65843e+00,7.28657e+01,2.32455e-01,3.62064e+01,4.00628e-01,7.94875e-01,1.95503e+00,8.46428e+00,3.55002e+00,1.94248e+01,4.04077e-01,1.27323e+02,3.89871e+00,1.56726e+00,8.26916e-01,1.02990e+01,3.77805e+00,3.80520e-01,1.63251e+00,8.25906e+00
1.67301e+00,7.18756e+01,2.29442e-01,3.59899e+01,4.01134e-01,7.93607e-01,1.95160e+00,8.46312e+00,3.56815e+00,1.93721e+01,4.04340e-01,1.25756e+02,3.89516e+00,1.56974e+00,8.34794e-01,1.02915e+01,3.77137e+00,3.75130e-01,1.63636e+00,8.20314e+00
1.67783e+00,7.09067e+01,2.26904e-01,3.58131e+01,4.01799e-01,7.92430e-01,1.94744e+00,8.46262e+00,3.58602e+00,1.93212e+01,4.04684e-01,1.24226e+02,3.89191e+00,1.57027e+00,8.43594e-01,1.02873e+01,3.76412e+00,3.70483e-01,1.64003e+00,8.14849e+00
1.67181e+00,6.99589e+01,2.24810e-01,3.56789e+01,4.02381e-01,7.91384e-01,1.94294e+00,8.46231e+00,3.60503e+00,1.92724e+01,4.05098e-01,1.22741e+02,3.88919e+00,1.56974e+00,8.53518e-01,1.02848e+01,3.75634e+00,3.66570e-01,1.64363e+00,8.09531e+00
1.65604e+00,6.90322e+01,2.23096e-01,3.55877e+01,4.02796e-01,7.90505e-01,1.93848e+00,8.46218e+00,3.62515e+00,1.92254e+01,4.05503e-01,1.21294e+02,3.88696e+00,1.56848e+00,8.64565e-01,1.02826e+01,3.74818e+00,3.63259e-01,1.64749e+00,8.04398e+00
1.63270e+00,6.81264e+01,2.21680e-01,3.55361e+01,4.02996e-01,7.89808e-01,1.93436e+00,8.46222e+00,3.64579e+00,1.91807e+01,4.05865e-01,1.19885e+02,3.88530e+00,1.56637e+00,8.76660e-01,1.02796e+01,3.73982e+00,3.60542e-01,1.65128e+00,7.99489e+00
1.60444e+00,6.72416e+01,2.20530e-01,3.55203e+01,4.02900e-01,7.89379e-01,1.93061e+00,8.46261e+00,3.66520e+00,1.91384e+01,4.06144e-01,1.18506e+02,3.88423e+00,1.56318e+00,8.89678e-01,1.02759e+01,3.73137e+00,3.58336e-01,1.65489e+00,7.94832e+00
1.57366e+00,6.63766e+01,2.19574e-01,3.55347e+01,4.02462e-01,7.89153e-01,1.92729e+00,8.46318e+00,3.68155e+00,1.90988e+01,4.06308e-01,1.17146e+02,3.88367e+00,1.55861e+00,9.03419e-01,1.02713e+01,3.72294e+00,3.56509e-01,1.65811e+00,7.90418e+00
1.54203e+00,6.55327e+01,2.18776e-01,3.55742e+01,4.01612e-01,7.89204e-01,1.92446e+00,8.46437e+00,3.69300e+00,1.90626e+01,4.06287e-01,1.15802e+02,3.88358e+00,1.55247e+00,9.17805e-01,1.02665e+01,3.71456e+00,3.55004e-01,1.66076e+00,7.86301e+00
1.51086e+00,6.47085e+01,2.18120e-01,3.56315e+01,4.00400e-01,7.89537e-01,1.92204e+00,8.46603e+00,3.69796e+00,1.90302e+01,4.06079e-01,1.14470e+02,3.88387e+00,1.54462e+00,9.32712e-01,1.02620e+01,3.70625e+00,3.53752e-01,1.66278e+00,7.82453e+00
1.48100e+00,6.39031e+01,2.17563e-01,3.56984e+01,3.98796e-01,7.90170e-01,1.92007e+00,8.46795e+00,3.69556e+00,1.90024e+01,4.05688e-01,1.13146e+02,3.88457e+00,1.53504e+00,9.47950e-01,1.02583e+01,3.69806e+00,3.52650e-01,1.66419e+00,7.78885e+00
1.45284e+00,6.31160e+01,2.17049e-01,3.57654e+01,3.96876e-01,7.91241e-01,1.91851e+00,8.47006e+00,3.68557e+00,1.89805e+01,4.05128e-01,1.11831e+02,3.88552e+00,1.52384e+00,9.63266e-01,1.02559e+01,3.69001e+00,3.51679e-01,1.66472e+00,7.75560e+00
1.42658e+00,6.23461e+01,2.16579e-01,3.58226e+01,3.94785e-01,7.92707e-01,1.91725e+00,8.47218e+00,3.66859e+00,1.89650e+01,4.04487e-01,1.10529e+02,3.88665e+00,1.51130e+00,9.78249e-01,1.02546e+01,3.68217e+00,3.50750e-01,1.66466e+00,7.72444e+00
1.40229e+00,6.15932e+01,2.16118e-01,3.58599e+01,3.92531e-01,7.94615e-01,1.91634e+00,8.47433e+00,3.64538e+00,1.89569e+01,4.03786e-01,1.09238e+02,3.88788e+00,1.49773e+00,9.92395e-01,1.02544e+01,3.67443e+00,3.49886e-01,1.66382e+00,7.69533e+00
1.37987e+00,6.08565e+01,2.15664e-01,3.58678e+01,3.90222e-01,7.96942e-01,1.91571e+00,8.47630e+00,3.61715e+00,1.89570e+01,4.03097e-01,1.07966e+02,3.88911e+00,1.48355e+00,1.00520e+00,1.02551e+01,3.66683e+00,3.48981e-01,1.66217e+00,7.66717e+00
1.35927e+00,6.01354e+01,2.15221e-01,3.58406e+01,3.87945e-01,7.99581e-01,1.91537e+00,8.47789e+00,3.58516e+00,1.89654e+01,4.02483e-01,1.06714e+02,3.89021e+00,1.46918e+00,1.01616e+00,1.02563e+01,3.65947e+00,3.48019e-01,1.65997e+00,7.63999e+00
1.34038e+00,5.94301e+01,2.14795e-01,3.57771e+01,3.85763e-01,8.02460e-01,1.91531e+00,8.47923e+00,3.55066e+00,1.89828e+01,4.01973e-01,1.05484e+02,3.89092e+00,1.45498e+00,1.02485e+00,1.02582e+01,3.65223e+00,3.47045e-01,1.65712e+00,7.61335e+00
1.32308e+00,5.87395e+01,2.14385e-01,3.56805e+01,3.83726e-01,8.05375e-01,1.91553e+00,8.47979e+00,3.51492e+00,1.90080e+01,4.01565e-01,1.04277e+02,3.89115e+00,1.44130e+00,1.03110e+00,1.02605e+01,3.64514e+00,3.46057e-01,1.65398e+00,7.58657e+00
1.30734e+00,5.80642e+01,2.13968e-01,3.55556e+01,3.81856e-01,8.08193e-01,1.91610e+00,8.47973e+00,3.47875e+00,1.90402e+01,4.01274e-01,1.03094e+02,3.89055e+00,1.42837e+00,1.03486e+00,1.02640e+01,3.63812e+00,3.45037e-01,1.65056e+00,7.55965e+00
1.29298e+00,5.74041e+01,2.13548e-01,3.54115e+01,3.80128e-01,8.10757e-01,1.91710e+00,8.47903e+00,3.44257e+00,1.90776e+01,4.01117e-01,1.01938e+02,3.88896e+00,1.41635e+00,1.03622e+00,1.02688e+01,3.63119e+00,3.43985e-01,1.64700e+00,7.53244e+00
1.27995e+00,5.67580e+01,2.13140e-01,3.52537e+01,3.78471e-01,8.12962e-01,1.91853e+00,8.47731e+00,3.40718e+00,1.91189e+01,4.01089e-01,1.00806e+02,3.88620e+00,1.40535e+00,1.03556e+00,1.02758e+01,3.62430e+00,3.42881e-01,1.64366e+00,7.50509e+00
1.26813e+00,5.61265e+01,2.12742e-01,3.50880e+01,3.76941e-01,8.14711e-01,1.92041e+00,8.47497e+00,3.37256e+00,1.91608e+01,4.01120e-01,9.97012e+01,3.88207e+00,1.39542e+00,1.03326e+00,1.02853e+01,3.61754e+00,3.41760e-01,1.64059e+00,7.47774e+00
1.25750e+00,5.55088e+01,2.12350e-01,3.49153e+01,3.75592e-01,8.16000e-01,1.92269e+00,8.47210e+00,3.33896e+00,1.92014e+01,4.01183e-01,9.86190e+01,3.87647e+00,1.38665e+00,1.02963e+00,1.02980e+01,3.61086e+00,3.40642e-01,1.63798e+00,7.45065e+00
1.24794e+00,5.49049e+01,2.11948e-01,3.47346e+01,3.74340e-01,8.16784e-01,1.92543e+00,8.46853e+00,3.30624e+00,1.92384e+01,4.01244e-01,9.75619e+01,3.86943e+00,1.37898e+00,1.02512e+00,1.03138e+01,3.60425e+00,3.39525e-01,1.63586e+00,7.42415e+00
1.23929e+00,5.43140e+01,2.11536e-01,3.45425e+01,3.73177e-01,8.17170e-01,1.92864e+00,8.46435e+00,3.27466e+00,1.92702e+01,4.01274e-01,9.65305e+01,3.86092e+00,1.37231e+00,1.02014e+00,1.03333e+01,3.59778e+00,3.38436e-01,1.63423e+00,7.39863e+00
1.23151e+00,5.37358e+01,2.11135e-01,3.43349e+01,3.72102e-01,8.17229e-01,1.93224e+00,8.45964e+00,3.24393e+00,1.92951e+01,4.01215e-01,9.55214e+01,3.85110e+00,1.36651e+00,1.01488e+00,1.03563e+01,3.59145e+00,3.37387e-01,1.63309e+00,7.37462e+00
1.22450e+00,5.31698e+01,2.10752e-01,3.41075e+01,3.71126e-01,8.17044e-01,1.93627e+00,8.45420e+00,3.21433e+00,1.93125e+01,4.01035e-01,9.45370e+01,3.84012e+00,1.36147e+00,1.00951e+00,1.03827e+01,3.58535e+00,3.36390e-01,1.63216e+00,7.35246e+00
1.21818e+00,5.26153e+01,2.10335e-01,3.38594e+01,3.70207e-01,8.16800e-01,1.94063e+00,8.44861e+00,3.18563e+00,1.93219e+01,4.00743e-01,9.35753e+01,3.82818e+00,1.35700e+00,1.00411e+00,1.04120e+01,3.57952e+00,3.35440e-01,1.63137e+00,7.33234e+00
1.21251e+00,5.20719e+01,2.09924e-01,3.35891e+01,3.69369e-01,8.16583e-01,1.94524e+00,8.44260e+00,3.15795e+00,1.93233e+01,4.00325e-01,9.26362e+01,3.81555e+00,1.35303e+00,9.98660e-01,1.04437e+01,3.57398e+00,3.34535e-01,1.63043e+00,7.31454e+00
1.20736e+00,5.15399e+01,2.09517e-01,3.32968e+01,3.68548e-01,8.16549e-01,1.95006e+00,8.43647e+00,3.13147e+00,1.93168e+01,3.99780e-01,9.17220e+01,3.80239e+00,1.34942e+00,9.93118e-01,1.04776e+01,3.56891e+00,3.33655e-01,1.62922e+00,7.29971e+00
1.20266e+00,5.10177e+01,2.09118e-01,3.29933e+01,3.67744e-01,8.18309e-01,1.95618e+00,8.43036e+00,3.10599e+00,1.93053e+01,3.99117e-01,9.08322e+01,3.78890e+00,1.34601e+00,9.87364e-01,1.05124e+01,3.56446e+00,3.32805e-01,1.62778e+00,7.28732e+00
1.19840e+00,5.05054e+01,2.08723e-01,3.26768e+01,3.66961e-01,8.22919e-01,1.96156e+00,8.42719e+00,3.08178e+00,1.92877e+01,3.98787e-01,8.99646e+01,3.77537e+00,1.34272e+00,9.81408e-01,1.05477e+01,3.56088e+00,3.31977e-01,1.62610e+00,7.27752e+00
1.19453e+00,5.00026e+01,2.08322e-01,3.23585e+01,3.66222e-01,8.30591e-01,1.96760e+00,8.43067e+00,3.05894e+00,1.92667e+01,3.98496e-01,8.91217e+01,3.76194e+00,1.33941e+00,9.75348e-01,1.05822e+01,3.55952e+00,3.31163e-01,1.62415e+00,7.26991e+00
1.19093e+00,4.95102e+01,2.07914e-01,3.20376e+01,3.65480e-01,8.39197e-01,1.97318e+00,8.43872e+00,3.03732e+00,1.92420e+01,3.98379e-01,8.83010e+01,3.74873e+00,1.33605e+00,9.69004e-01,1.06152e+01,3.55902e+00,3.30400e-01,1.62175e+00,7.26396e+00
1.18760e+00,4.90269e+01,2.07492e-01,3.17200e+01,3.64758e-01,8.47852e-01,1.97850e+00,8.45182e+00,3.01715e+00,1.92151e+01,3.98336e-01,8.75036e+01,3.73589e+00,1.33257e+00,9.62325e-01,1.06460e+01,3.56007e+00,3.29628e-01,1.61912e+00,7.25951e+00
1.18450e+00,4.85524e+01,2.07070e-01,3.14147e+01,3.64048e-01,8.58267e-01,1.98412e+00,8.46836e+00,2.99838e+00,1.91858e+01,3.98253e-01,8.67303e+01,3.72347e+00,1.32900e+00,9.55221e-01,1.06739e+01,3.56271e+00,3.28877e-01,1.61632e+00,7.25567e+00
1.18160e+00,4.80871e+01,2.06663e-01,3.11288e+01,3.63378e-01,8.72893e-01,1.99094e+00,8.48587e+00,2.98101e+00,1.91551e+01,3.98084e-01,8.59768e+01,3.71142e+00,1.32530e+00,9.47527e-01,1.06981e+01,3.56715e+00,3.28141e-01,1.61340e+00,7.25222e+00
1.17884e+00,4.76310e+01,2.06257e-01,3.08674e+01,3.62727e-01,8.98660e-01,2.00039e+00,8.50430e+00,2.96501e+00,1.91238e+01,3.97952e-01,8.52438e+01,3.69982e+00,1.32150e+00,9.39272e-01,1.07184e+01,3.57362e+00,3.27421e-01,1.61014e+00,7.24858e+00
1.17626e+00,4.71843e+01,2.05862e-01,3.06386e+01,3.62114e-01,9.56820e-01,2.01380e+00,8.52295e+00,2.95044e+00,1.90920e+01,3.97965e-01,8.45290e+01,3.68859e+00,1.31764e+00,9.30546e-01,1.07343e+01,3.58189e+00,3.26726e-01,1.60607e+00,7.24447e+00
1.17380e+00,4.67476e+01,2.05468e-01,3.04461e+01,3.61524e-01,1.07566e+00,2.03232e+00,8.54079e+00,2.93711e+00,1.90601e+01,3.98218e-01,8.38329e+01,3.67774e+00,1.31378e+00,9.21501e-01,1.07449e+01,3.59180e+00,3.26053e-01,1.60080e+00,7.23959e+00
1.17143e+00,4.63206e+01,2.05094e-01,3.02781e+01,3.60932e-01,1.24845e+00,2.05603e+00,8.55789e+00,2.92492e+00,1.90284e+01,3.98745e-01,8.31526e+01,3.66719e+00,1.30991e+00,9.12353e-01,1.07508e+01,3.60325e+00,3.25386e-01,1.59415e+00,7.23382e+00
1.16912e+00,4.59041e+01,2.04709e-01,3.01146e+01,3.60366e-01,1.43945e+00,2.08306e+00,8.57526e+00,2.91386e+00,1.89971e+01,3.99546e-01,8.24857e+01,3.65690e+00,1.30606e+00,9.03251e-01,1.07514e+01,3.61605e+00,3.24729e-01,1.58597e+00,7.22709e+00
1.16696e+00,4.54982e+01,2.04301e-01,2.99432e+01,3.59867e-01,1.64302e+00,2.10966e+00,8.59582e+00,2.90381e+00,1.89666e+01,4.00521e-01,8.18337e+01,3.64688e+00,1.30232e+00,8.94375e-01,1.07466e+01,3.63002e+00,3.24070e-01,1.57655e+00,7.21929e+00
1.16486e+00,4.51037e+01,2.03893e-01,2.97646e+01,3.59366e-01,1.82811e+00,2.13190e+00,8.62092e+00,2.89469e+00,1.89368e+01,4.01586e-01,8.11908e+01,3.63702e+00,1.29866e+00,8.85827e-01,1.07370e+01,3.64506e+00,3.23408e-01,1.56617e+00,7.21035e+00
1.16277e+00,4.47211e+01,2.03482e-01,2.95908e+01,3.58857e-01,1.92349e+00,2.14684e+00,8.65196e+00,2.88640e+00,1.89077e+01,4.02658e-01,8.05582e+01,3.62732e+00,1.29508e+00,8.77773e-01,1.07222e+01,3.66103e+00,3.22733e-01,1.55519e+00,7.20036e+00
1.16072e+00,4.43510e+01,2.03068e-01,2.94351e+01,3.58284e-01,1.91535e+00,2.15350e+00,8.68984e+00,2.87875e+00,1.88793e+01,4.03725e-01,7.99359e+01,3.61775e+00,1.29161e+00,8.70354e-01,1.07024e+01,3.67787e+00,3.22054e-01,1.54397e+00,7.18925e+00
1.15872e+00,4.39940e+01,2.02666e-01,2.93117e+01,3.57722e-01,1.84441e+00,2.15308e+00,8.73374e+00,2.87182e+00,1.88516e+01,4.04780e-01,7.93219e+01,3.60821e+00,1.28826e+00,8.63773e-01,1.06783e+01,3.69555e+00,3.21394e-01,1.53267e+00,7.17689e+00
1.15677e+00,4.36511e+01,2.02265e-01,2.92271e+01,3.57140e-01,1.75480e+00,2.14813e+00,8.78106e+00,2.86540e+00,1.88244e+01,4.05833e-01,7.87160e+01,3.59874e+00,1.28499e+00,8.58229e-01,1.06499e+01,3.71409e+00,3.20745e-01,1.52155e+00,7.16359e+00
1.15481e+00,4.33232e+01,2.01869e-01,2.91818e+01,3.56528e-01,1.67473e+00,2.14135e+00,8.82941e+00,2.85946e+00,1.87975e+01,4.06886e-01,7.81174e+01,3.58933e+00,1.28185e+00,8.54044e-01,1.06179e+01,3.73364e+00,3.20102e-01,1.51067e+00,7.14907e+00
1.15289e+00,4.30118e+01,2.01476e-01,2.91711e+01,3.55883e-01,1.61828e+00,2.13536e+00,8.87505e+00,2.85383e+00,1.87707e+01,4.07945e-01,7.75266e+01,3.57991e+00,1.27880e+00,8.51659e-01,1.05820e+01,3.75411e+00,3.19461e-01,1.50000e+00,7.13359e+00
1.15095e+00,4.27180e+01,2.01102e-01,2.91837e+01,3.55193e-01,1.59049e+00,2.13177e+00,8.91495e+00,2.84853e+00,1.87441e+01,4.09019e-01,7.69442e+01,3.57049e+00,1.27591e+00,8.51417e-01,1.05433e+01,3.77546e+00,3.18822e-01,1.48964e+00,7.11742e+00
1.14904e+00,4.24429e+01,2.00729e-01,2.92073e+01,3.54483e-01,1.59020e+00,2.13149e+00,8.94686e+00,2.84332e+00,1.87175e+01,4.10091e-01,7.63677e+01,3.56114e+00,1.27308e+00,8.53663e-01,1.05017e+01,3.79751e+00,3.18191e-01,1.47968e+00,7.10032e+00
1.14718e+00,4.21875e+01,2.00348e-01,2.92303e+01,3.53757e-01,1.61150e+00,2.13452e+00,8.96939e+00,2.83827e+00,1.86907e+01,4.11156e-01,7.57999e+01,3.55185e+00,1.27037e+00,8.58685e-01,1.04580e+01,3.81981e+00,3.17573e-01,1.47009e+00,7.08261e+00
1.14532e+00,4.19531e+01,1.99981e-01,2.92458e+01,3.53027e-01,1.64465e+00,2.14041e+00,8.98205e+00,2.83320e+00,1.86638e+01,4.12202e-01,7.52400e+01,3.54257e+00,1.26775e+00,8.66397e-01,1.04124e+01,3.84181e+00,3.16954e-01,1.46090e+00,7.06461e+00
1.14349e+00,4.17404e+01,1.99643e-01,2.92496e+01,3.52291e-01,1.67871e+00,2.14845e+00,8.98546e+00,2.82810e+00,1.86368e+01,4.13204e-01,7.46860e+01,3.53341e+00,1.26519e+00,8.76516e-01,1.03653e+01,3.86282e+00,3.16334e-01,1.45212e+00,7.04629e+00
1.14164e+00,4.15496e+01,1.99325e-01,2.92416e+01,3.51520e-01,1.70418e+00,2.15794e+00,8.98160e+00,2.82290e+00,1.86097e+01,4.14124e-01,7.41408e+01,3.52435e+00,1.26271e+00,8.88563e-01,1.03170e+01,3.88207e+00,3.15709e-01,1.44383e+00,7.02789e+00
1.13978e+00,4.13811e+01,1.99047e-01,2.92237e+01,3.50773e-01,1.71501e+00,2.16833e+00,8.97164e+00,2.81756e+00,1.85829e+01,4.14938e-01,7.36036e+01,3.51537e+00,1.26027e+00,9.01820e-01,1.02681e+01,3.89883e+00,3.15079e-01,1.43592e+00,7.00975e+00
1.13794e+00,4.12331e+01,1.98780e-01,2.92002e+01,3.50088e-01,1.70913e+00,2.17945e+00,8.95777e+00,2.81210e+00,1.85564e+01,4.15646e-01,7.30736e+01,3.50655e+00,1.25787e+00,9.15545e-01,1.02188e+01,3.91245e+00,3.14457e-01,1.42831e+00,6.99196e+00
1.13609e+00,4.11056e+01,1.98506e-01,2.91738e+01,3.49433e-01,1.68747e+00,2.19164e+00,8.94145e+00,2.80652e+00,1.85305e+01,4.16244e-01,7.25515e+01,3.49789e+00,1.25554e+00,9.29030e-01,1.01695e+01,3.92220e+00,3.13836e-01,1.42108e+00,6.97471e+00
1.13425e+00,4.09965e+01,1.98220e-01,2.91469e+01,3.48758e-01,1.65291e+00,2.20561e+00,8.92379e+00,2.80081e+00,1.85055e+01,4.16714e-01,7.20376e+01,3.48934e+00,1.25322e+00,9.41642e-01,1.01204e+01,3.92780e+00,3.13224e-01,1.41405e+00,6.95798e+00
1.13242e+00,4.09039e+01,1.97934e-01,2.91198e+01,3.48039e-01,1.60912e+00,2.22253e+00,8.90582e+00,2.79492e+00,1.84818e+01,4.17106e-01,7.15328e+01,3.48098e+00,1.25095e+00,9.52865e-01,1.00717e+01,3.92889e+00,3.12614e-01,1.40741e+00,6.94196e+00
1.13057e+00,4.08246e+01,2.06572e-01,2.90917e+01,3.63087e-01,1.55965e+00,2.24392e+00,8.88759e+00,2.79943e+00,1.84666e+01,4.17416e-01,7.10377e+01,3.47272e+00,1.24876e+00,9.62348e-01,1.00237e+01,3.92703e+00,3.27703e-01,1.40110e+00,6.92681e+00
1.13836e+00,4.07656e+01,2.21408e-01,2.90836e+01,4.24031e-01,1.50755e+00,2.27855e+00,8.88237e+00,2.81396e+00,1.84558e+01,4.17695e-01,7.05521e+01,3.47429e+00,1.26210e+00,9.69915e-01,9.98307e+00,3.93971e+00,3.39448e-01,1.41403e+00,6.92314e+00
1.15164e+00,4.07081e+01,2.42581e-01,2.91122e+01,5.43967e-01,1.45547e+00,2.32259e+00,8.88508e+00,2.83061e+00,1.84533e+01,4.17966e-01,7.00768e+01,3.47849e+00,1.27757e+00,9.75472e-01,9.95131e+00,3.95318e+00,3.51319e-01,1.43268e+00,6.93235e+00
1.16108e+00,4.06619e+01,2.63341e-01,2.91487e+01,7.28330e-01,1.40534e+00,2.37981e+00,8.87964e+00,2.84812e+00,1.84590e+01,4.18243e-01,6.96133e+01,3.48588e+00,1.29153e+00,9.79091e-01,9.92486e+00,3.96346e+00,3.68837e-01,1.45782e+00,6.94319e+00
1.16816e+00,4.06233e+01,2.81891e-01,2.91301e+01,9.76252e-01,1.35899e+00,2.44466e+00,8.86857e+00,2.86570e+00,1.84673e+01,4.18520e-01,6.91568e+01,3.49824e+00,1.30739e+00,9.81020e-01,9.91769e+00,3.96497e+00,3.89366e-01,1.48519e+00,6.96444e+00
1.17985e+00,4.05840e+01,2.98686e-01,2.90970e+01,1.26943e+00,1.31650e+00,2.51574e+00,8.85428e+00,2.88253e+00,1.84797e+01,4.18798e-01,6.87113e+01,3.50580e+00,1.32445e+00,9.81523e-01,9.94341e+00,3.95920e+00,4.08419e-01,1.51580e+00,6.98233e+00
1.19880e+00,4.05449e+01,3.14559e-01,2.90638e+01,1.49850e+00,1.27858e+00,2.58971e+00,8.83486e+00,2.89993e+00,1.84964e+01,4.19077e-01,6.82768e+01,3.50568e+00,1.34115e+00,9.81009e-01,9.98564e+00,3.94831e+00,4.24351e-01,1.54933e+00,6.99075e+00
1.22503e+00,4.05065e+01,3.28211e-01,2.90232e+01,1.62760e+00,1.24526e+00,2.65835e+00,8.81076e+00,2.91994e+00,1.85170e+01,4.19321e-01,6.78539e+01,3.50284e+00,1.35666e+00,9.79830e-01,1.00196e+01,3.93330e+00,4.37753e-01,1.58313e+00,6.99157e+00
1.25755e+00,4.04665e+01,3.36982e-01,2.89898e+01,1.72430e+00,1.21669e+00,2.71471e+00,8.78368e+00,2.94380e+00,1.85414e+01,4.19504e-01,6.74415e+01,3.50259e+00,1.37229e+00,9.78423e-01,1.00274e+01,3.91571e+00,4.49583e-01,1.61619e+00,6.98985e+00
1.29465e+00,4.04241e+01,3.39077e-01,2.89729e+01,1.84561e+00,1.19283e+00,2.75259e+00,8.75446e+00,2.97213e+00,1.85677e+01,4.19577e-01,6.70420e+01,3.50744e+00,1.39040e+00,9.77019e-01,1.00046e+01,3.89679e+00,4.60068e-01,1.64847e+00,6.98874e+00
1.33433e+00,4.03787e+01,3.34550e-01,2.89746e+01,1.96496e+00,1.17341e+00,2.76822e+00,8.72404e+00,3.00508e+00,1.85968e+01,4.19515e-01,6.66524e+01,3.51823e+00,1.41154e+00,9.75871e-01,9.96352e+00,3.87850e+00,4.68259e-01,1.67976e+00,6.98896e+00
1.37503e+00,4.03299e+01,3.25002e-01,2.89855e+01,2.01709e+00,1.15802e+00,2.76099e+00,8.69369e+00,3.04258e+00,1.86283e+01,4.19264e-01,6.62748e+01,3.53489e+00,1.43408e+00,9.75049e-01,9.92515e+00,3.86330e+00,4.72879e-01,1.70941e+00,6.99053e+00
1.41623e+00,4.02758e+01,3.12506e-01,2.89927e+01,1.97929e+00,1.14624e+00,2.73350e+00,8.66524e+00,3.08388e+00,1.86625e+01,4.18827e-01,6.59096e+01,3.55676e+00,1.45544e+00,9.74492e-01,9.90545e+00,3.85207e+00,4.73026e-01,1.73634e+00,6.99342e+00
1.45800e+00,4.02151e+01,2.98970e-01,2.89862e+01,1.87708e+00,1.13756e+00,2.69034e+00,8.63989e+00,3.12774e+00,1.86994e+01,4.18187e-01,6.55563e+01,3.58256e+00,1.47395e+00,9.74065e-01,9.90887e+00,3.84371e+00,4.68816e-01,1.76035e+00,6.99724e+00
1.50030e+00,4.01450e+01,2.85785e-01,2.89644e+01,1.74549e+00,1.13151e+00,2.63718e+00,8.61876e+00,3.17272e+00,1.87388e+01,4.17316e-01,6.52194e+01,3.61061e+00,1.48922e+00,9.73542e-01,9.92660e+00,3.83671e+00,4.61266e-01,1.78222e+00,7.00253e+00
1.54140e+00,4.00624e+01,2.73823e-01,2.89325e+01,1.60866e+00,1.12760e+00,2.57885e+00,8.60278e+00,3.21732e+00,1.87804e+01,4.16208e-01,6.48992e+01,3.63899e+00,1.50187e+00,9.72660e-01,9.94359e+00,3.83142e+00,4.52035e-01,1.80236e+00,7.00995e+00
1.57840e+00,3.99651e+01,2.63537e-01,2.88989e+01,1.47751e+00,1.12528e+00,2.51933e+00,8.59208e+00,3.26042e+00,1.88230e+01,4.14885e-01,6.45964e+01,3.66571e+00,1.51301e+00,9.71199e-01,9.94771e+00,3.82994e+00,4.43108e-01,1.82123e+00,7.01961e+00
1.60801e+00,3.98503e+01,2.55051e-01,2.88709e+01,1.35522e+00,1.12400e+00,2.46121e+00,8.58677e+00,3.30155e+00,1.88659e+01,4.13350e-01,6.43145e+01,3.68937e+00,1.52351e+00,9.68914e-01,9.93519e+00,3.83439e+00,4.36891e-01,1.83913e+00,7.03199e+00
1.62806e+00,3.97177e+01,2.48386e-01,2.88530e+01,1.24165e+00,1.12330e+00,2.40618e+00,8.58673e+00,3.34076e+00,1.89083e+01,4.11630e-01,6.40539e+01,3.70892e+00,1.53383e+00,9.65712e-01,9.90945e+00,3.84566e+00,4.36764e-01,1.85513e+00,7.04647e+00
1.63810e+00,3.95666e+01,2.43226e-01,2.88474e+01,1.13628e+00,1.12265e+00,2.35531e+00,8.59124e+00,3.37853e+00,1.89494e+01,4.09682e-01,6.38176e+01,3.72411e+00,1.54388e+00,9.61441e-01,9.87761e+00,3.86210e+00,4.48032e-01,1.86940e+00,7.06202e+00
1.63896e+00,3.93987e+01,2.39292e-01,2.88523e+01,1.03907e+00,1.12166e+00,2.30908e+00,8.59921e+00,3.41525e+00,1.89884e+01,4.07619e-01,6.36057e+01,3.73516e+00,1.55330e+00,9.56122e-01,9.84630e+00,3.87972e+00,4.78807e-01,1.88180e+00,7.07785e+00
1.64238e+00,3.92153e+01,2.36202e-01,2.88633e+01,9.50070e-01,1.12005e+00,2.26756e+00,8.61037e+00,3.45097e+00,1.90248e+01,4.05419e-01,6.34188e+01,3.74272e+00,1.56157e+00,9.49807e-01,9.81932e+00,3.89402e+00,5.38564e-01,1.89290e+00,7.09271e+00
1.64757e+00,3.90182e+01,2.33603e-01,2.88757e+01,8.69701e-01,1.11762e+00,2.23059e+00,8.62390e+00,3.48904e+00,1.90582e+01,4.03150e-01,6.32583e+01,3.74835e+00,1.56822e+00,9.42539e-01,9.79746e+00,3.90204e+00,6.31215e-01,1.90295e+00,7.10833e+00
1.64666e+00,3.88100e+01,2.36300e-01,2.88839e+01,8.08076e-01,1.11429e+00,2.19797e+00,8.63945e+00,3.53669e+00,1.90901e+01,4.00861e-01,6.31247e+01,3.75128e+00,1.57429e+00,9.34468e-01,9.77976e+00,3.91022e+00,7.48913e-01,1.91226e+00,7.12223e+00
1.65011e+00,3.87454e+01,2.46324e-01,2.88840e+01,7.78467e-01,1.11184e+00,2.16944e+00,8.65852e+00,3.60515e+00,1.91242e+01,3.98571e-01,6.30366e+01,3.75323e+00,1.57972e+00,9.25735e-01,9.76636e+00,3.92064e+00,8.88767e-01,1.92354e+00,7.13556e+00
1.67194e+00,3.87203e+01,2.62376e-01,2.89495e+01,7.82190e-01,1.13078e+00,2.16181e+00,8.72766e+00,3.68916e+00,1.91598e+01,4.11779e-01,6.29655e+01,3.75540e+00,1.58433e+00,9.23881e-01,9.75680e+00,3.93567e+00,9.84117e-01,1.93405e+00,7.15198e+00
1.70984e+00,3.84226e+01,2.80168e-01,2.92198e+01,8.12849e-01,1.13680e+00,2.23383e+00,8.80860e+00,3.77789e+00,1.92035e+01,4.41416e-01,6.29289e+01,3.75950e+00,1.58644e+00,9.17889e-01,9.75396e+00,3.95684e+00,1.04960e+00,1.94210e+00,7.17272e+00
1.75620e+00,3.81614e+01,2.95616e-01,2.95709e+01,8.74435e-01,1.18502e+00,2.53597e+00,8.83642e+00,3.86156e+00,1.92583e+01,4.78447e-01,6.29217e+01,3.76468e+00,1.58754e+00,9.19550e-01,9.75861e+00,3.98775e+00,1.08353e+00,1.94797e+00,7.20268e+00
1.80927e+00,3.79479e+01,3.08525e-01,2.96466e+01,9.78100e-01,1.19854e+00,3.07678e+00,8.85829e+00,3.94248e+00,1.93269e+01,5.03549e-01,6.29513e+01,3.77271e+00,1.58858e+00,1.05934e+00,9.77144e+00,4.03129e+00,1.08284e+00,1.95984e+00,7.23518e+00
1.86443e+00,3.77531e+01,3.20796e-01,2.96920e+01,1.09895e+00,1.22435e+00,3.58055e+00,8.88181e+00,4.03339e+00,1.94093e+01,5.18310e-01,6.30342e+01,3.78431e+00,1.58966e+00,1.49459e+00,9.79306e+00,4.08889e+00,1.06431e+00,1.98201e+00,7.27208e+00
1.91704e+00,3.75696e+01,3.32337e-01,2.97839e+01,1.19021e+00,1.24404e+00,3.91832e+00,8.90341e+00,4.14773e+00,1.95022e+01,5.25683e-01,6.31904e+01,3.79984e+00,1.59143e+00,1.91494e+00,9.82310e+00,4.16202e+00,1.02156e+00,2.00684e+00,7.31522e+00
1.96720e+00,3.73944e+01,3.40941e-01,2.99274e+01,1.24252e+00,1.26102e+00,4.18014e+00,8.93354e+00,4.28998e+00,1.96041e+01,5.27048e-01,6.34352e+01,3.82033e+00,1.59446e+00,2.11428e+00,9.86107e+00,4.25897e+00,9.73900e-01,2.03015e+00,7.36393e+00
2.01792e+00,3.72243e+01,3.44209e-01,3.01317e+01,1.28208e+00,1.30971e+00,4.36281e+00,8.97496e+00,4.45040e+00,1.97156e+01,5.24091e-01,6.37831e+01,3.84514e+00,1.59999e+00,2.19248e+00,9.90613e+00,4.39965e+00,9.27553e-01,2.05317e+00,7.41882e+00
2.07044e+00,3.70579e+01,3.41316e-01,3.03780e+01,1.33832e+00,1.47117e+00,4.45105e+00,9.02535e+00,4.61337e+00,1.98357e+01,5.17708e-01,6.42385e+01,3.87372e+00,1.60902e+00,2.15890e+00,9.95670e+00,4.60874e+00,8.82685e-01,2.07636e+00,7.47937e+00
2.12102e+00,3.68970e+01,3.33264e-01,3.06305e+01,1.42079e+00,1.78712e+00,4.46670e+00,9.08427e+00,4.76839e+00,1.99594e+01,5.09648e-01,6.48004e+01,3.90525e+00,1.62188e+00,2.05733e+00,1.00101e+01,4.91324e+00,8.37660e-01,2.10025e+00,7.54476e+00
2.16693e+00,3.67436e+01,3.21893e-01,3.08698e+01,1.51045e+00,2.11988e+00,4.41788e+00,9.15205e+00,4.91168e+00,2.00761e+01,5.01315e-01,6.54871e+01,3.93828e+00,1.63811e+00,1.94902e+00,1.00643e+01,5.34387e+00,7.97303e-01,2.12513e+00,7.61308e+00
2.19779e+00,3.65992e+01,3.09105e-01,3.11019e+01,1.57773e+00,2.30685e+00,4.29750e+00,9.22736e+00,5.04308e+00,2.01771e+01,4.93113e-01,6.63852e+01,3.97114e+00,1.65678e+00,1.86506e+00,1.01178e+01,5.92602e+00,7.51840e-01,2.15046e+00,7.68108e+00
2.20990e+00,3.64647e+01,2.96318e-01,3.13417e+01,1.60346e+00,2.32583e+00,4.11830e+00,9.30864e+00,5.16118e+00,2.02568e+01,4.84847e-01,6.76199e+01,4.00208e+00,1.67683e+00,1.80694e+00,1.01710e+01,6.67120e+00,7.10350e-01,2.17623e+00,7.74705e+00
2.20685e+00,3.63408e+01,2.84452e-01,3.15967e+01,1.58418e+00,2.23685e+00,3.91937e+00,9.39365e+00,5.26271e+00,2.03135e+01,4.76327e-01,6.92132e+01,4.02953e+00,1.69711e+00,1.76628e+00,1.02237e+01,7.60647e+00,6.73171e-01,2.20176e+00,7.81017e+00
2.19209e+00,3.62276e+01,2.74021e-01,3.18616e+01,1.52676e+00,2.10010e+00,3.75000e+00,9.48154e+00,5.34637e+00,2.03482e+01,4.67520e-01,7.09810e+01,4.05222e+00,1.71732e+00,1.73693e+00,1.02747e+01,8.77824e+00,6.40373e-01,2.22775e+00,7.87373e+00
2.16925e+00,3.61259e+01,2.65122e-01,3.21216e+01,1.44238e+00,1.95270e+00,3.65621e+00,9.57298e+00,5.41612e+00,2.03653e+01,4.58522e-01,7.26129e+01,4.06932e+00,1.73563e+00,1.71625e+00,1.03205e+01,1.01403e+01,6.12871e-01,2.25471e+00,7.93987e+00
2.14160e+00,3.60373e+01,2.57804e-01,3.23637e+01,1.34259e+00,1.81290e+00,3.67928e+00,9.67445e+00,5.47977e+00,2.03688e+01,4.49668e-01,7.38588e+01,4.08048e+00,1.75244e+00,1.70225e+00,1.03594e+01,1.14608e+01,5.91593e-01,2.28366e+00,8.00748e+00
2.11225e+00,3.59632e+01,2.51872e-01,3.25745e+01,1.24512e+00,1.68778e+00,3.83612e+00,9.85322e+00,5.54480e+00,2.03622e+01,4.41264e-01,7.46176e+01,4.08592e+00,1.76717e+00,1.72484e+00,1.03876e+01,1.24625e+01,5.78974e-01,2.31476e+00,8.07698e+00
2.08324e+00,3.59048e+01,2.47129e-01,3.27499e+01,1.17180e+00,1.57972e+00,4.12458e+00,1.00680e+01,5.61457e+00,2.03491e+01,4.66452e-01,7.49185e+01,4.08618e+00,1.77871e+00,1.77506e+00,1.04065e+01,1.30269e+01,5.74984e-01,2.37917e+00,8.14644e+00
2.05528e+00,3.58628e+01,2.43288e-01,3.28878e+01,1.22957e+00,1.48744e+00,4.57625e+00,1.01860e+01,5.68789e+00,2.03323e+01,7.20642e-01,7.48538e+01,4.08231e+00,1.78615e+00,1.98618e+00,1.04172e+01,1.32177e+01,5.83737e-01,2.47656e+00,8.21326e+00
2.02798e+00,3.58374e+01,2.40100e-01,3.29989e+01,2.23644e+00,1.41056e+00,5.09910e+00,1.02767e+01,5.76036e+00,2.03113e+01,1.26445e+00,7.45286e+01,4.07548e+00,1.78887e+00,2.23956e+00,1.04210e+01,1.31782e+01,6.10444e-01,2.57914e+00,8.27607e+00
2.00042e+00,3.58277e+01,2.37339e-01,3.30989e+01,4.43495e+00,1.34663e+00,5.43766e+00,1.03713e+01,5.82789e+00,2.02856e+01,1.77401e+00,7.40341e+01,4.06732e+00,1.78683e+00,2.38211e+00,1.04206e+01,1.30424e+01,6.58556e-01,2.67125e+00,8.33452e+00
1.97197e+00,3.58328e+01,2.34883e-01,3.32041e+01,5.85006e+00,1.29355e+00,5.57736e+00,1.04721e+01,5.88790e+00,2.02530e+01,2.10309e+00,7.34335e+01,4.05963e+00,1.78057e+00,2.48088e+00,1.04185e+01,1.29001e+01,7.25754e-01,2.75531e+00,8.38816e+00
1.94296e+00,3.58519e+01,2.32641e-01,3.33326e+01,5.56312e+00,1.25150e+00,5.62252e+00,1.05784e+01,5.94047e+00,2.02113e+01,2.11828e+00,7.27762e+01,4.05442e+00,1.77129e+00,2.48442e+00,1.04197e+01,1.27915e+01,8.02130e-01,2.83066e+00,8.43752e+00
1.91445e+00,3.58831e+01,2.30531e-01,3.35051e+01,4.59561e+00,1.22652e+00,5.66583e+00,1.06901e+01,5.98740e+00,2.01587e+01,1.92272e+00,7.20909e+01,4.05406e+00,1.76031e+00,2.39266e+00,1.04297e+01,1.27124e+01,8.73396e-01,2.89742e+00,8.48062e+00
1.88782e+00,3.59244e+01,2.28514e-01,3.37522e+01,3.64868e+00,1.23302e+00,5.75519e+00,1.08101e+01,6.03057e+00,2.00946e+01,1.68384e+00,7.13985e+01,4.06137e+00,1.74917e+00,2.25076e+00,1.04585e+01,1.26296e+01,9.26568e-01,2.95730e+00,8.51533e+00
1.86366e+00,3.59730e+01,2.26608e-01,3.41073e+01,2.90024e+00,1.28892e+00,5.88893e+00,1.09416e+01,6.07040e+00,2.00206e+01,1.47795e+00,7.07107e+01,4.07916e+00,1.73930e+00,2.09842e+00,1.05227e+01,1.25027e+01,9.54556e-01,3.01273e+00,8.53877e+00
1.84147e+00,3.60264e+01,2.24858e-01,3.45999e+01,2.34009e+00,1.38904e+00,6.02671e+00,1.10892e+01,6.10501e+00,1.99383e+01,1.31326e+00,7.00358e+01,4.11013e+00,1.73202e+00,1.95550e+00,1.06493e+01,1.23023e+01,9.57358e-01,3.06218e+00,8.54785e+00
1.81984e+00,3.60811e+01,2.23263e-01,3.52229e+01,1.92169e+00,1.48990e+00,6.11569e+00,1.12542e+01,6.13086e+00,1.98511e+01,1.17726e+00,6.93809e+01,4.15639e+00,1.72848e+00,1.82835e+00,1.08830e+01,1.20197e+01,9.39958e-01,3.10416e+00,8.54153e+00
1.79739e+00,3.61332e+01,2.21865e-01,3.59305e+01,1.60456e+00,1.54981e+00,6.12289e+00,1.14393e+01,6.14304e+00,1.97631e+01,1.05935e+00,6.87481e+01,4.21910e+00,1.72961e+00,1.71825e+00,1.13001e+01,1.16656e+01,9.09489e-01,3.13715e+00,8.52052e+00
1.77323e+00,3.61795e+01,2.20624e-01,3.66441e+01,1.36016e+00,1.56143e+00,6.04789e+00,1.16420e+01,6.13728e+00,1.96775e+01,9.54959e-01,6.81386e+01,4.29801e+00,1.73579e+00,1.62530e+00,1.20170e+01,1.12612e+01,8.73389e-01,3.16140e+00,8.48647e+00
1.74735e+00,3.62179e+01,2.19537e-01,3.72903e+01,1.16909e+00,1.54051e+00,5.91309e+00,1.18591e+01,6.11101e+00,1.95975e+01,8.63030e-01,6.75540e+01,4.39110e+00,1.74678e+00,1.54893e+00,1.31830e+01,1.08303e+01,8.38812e-01,3.17838e+00,8.44166e+00
1.72030e+00,3.62467e+01,2.18634e-01,3.78171e+01,1.01831e+00,1.50494e+00,5.74893e+00,1.20844e+01,6.06369e+00,1.95260e+01,7.83405e-01,6.69947e+01,4.49494e+00,1.76176e+00,1.48790e+00,1.49513e+01,1.03930e+01,8.13820e-01,3.18992e+00,8.38808e+00
1.69278e+00,3.62666e+01,2.17909e-01,3.82028e+01,8.98485e-01,1.46699e+00,5.58666e+00,1.23113e+01,5.99669e+00,1.94654e+01,7.15734e-01,6.64630e+01,4.60520e+00,1.77923e+00,1.43982e+00,1.74552e+01,9.96365e+00,8.09380e-01,3.19738e+00,8.32837e+00
1.66563e+00,3.62792e+01,2.17273e-01,3.84497e+01,8.02832e-01,1.43358e+00,5.45423e+00,1.25319e+01,5.91297e+00,1.94169e+01,6.59188e-01,6.59556e+01,4.71682e+00,1.79711e+00,1.40202e+00,2.07323e+01,9.55084e+00,8.39093e-01,3.20265e+00,8.26407e+00
1.63949e+00,3.62890e+01,2.16742e-01,3.85774e+01,7.26125e-01,1.40858e+00,5.37444e+00,1.27389e+01,5.81609e+00,1.93819e+01,6.12676e-01,6.54729e+01,4.82519e+00,1.81349e+00,1.37182e+00,2.44951e+01,9.15979e+00,9.12572e-01,3.20764e+00,8.19653e+00
1.61470e+00,3.63014e+01,2.16291e-01,3.86163e+01,6.64417e-01,1.39484e+00,5.36097e+00,1.29258e+01,5.70998e+00,1.93613e+01,5.74995e-01,6.50146e+01,4.92586e+00,1.82667e+00,1.34714e+00,2.80665e+01,8.79305e+00,1.02276e+00,3.21448e+00,8.12715e+00
1.59149e+00,3.63235e+01,2.15905e-01,3.85950e+01,6.14625e-01,1.39492e+00,5.41315e+00,1.30867e+01,5.59810e+00,1.93548e+01,5.45043e-01,6.45766e+01,5.01519e+00,1.83554e+00,1.32664e+00,3.07994e+01,8.45199e+00,1.14139e+00,3.22481e+00,8.05673e+00
1.56985e+00,3.63629e+01,2.15605e-01,3.85357e+01,5.74255e-01,1.41105e+00,5.51267e+00,1.32199e+01,5.48312e+00,1.93620e+01,5.21940e-01,6.41615e+01,5.09013e+00,1.83953e+00,1.30941e+00,3.24305e+01,8.13695e+00,1.23475e+00,3.24057e+00,7.98574e+00
1.54971e+00,3.64282e+01,2.15399e-01,3.84528e+01,5.41562e-01,1.44400e+00,5.62708e+00,1.33241e+01,5.36788e+00,1.93829e+01,5.05148e-01,6.37658e+01,5.14863e+00,1.83855e+00,1.29470e+00,3.30309e+01,7.84781e+00,1.28346e+00,3.26278e+00,7.91506e+00
1.53092e+00,3.65265e+01,2.15249e-01,3.83499e+01,5.14976e-01,1.49193e+00,5.72159e+00,1.33995e+01,5.25427e+00,1.94168e+01,4.94502e-01,6.33891e+01,5.18924e+00,1.83284e+00,1.28166e+00,3.28327e+01,7.58365e+00,1.28656e+00,3.29159e+00,7.84517e+00
1.51335e+00,3.66624e+01,2.15094e-01,3.82325e+01,4.93274e-01,1.54984e+00,5.77243e+00,1.34496e+01,5.14373e+00,1.94623e+01,4.90257e-01,6.30334e+01,5.21159e+00,1.82295e+00,1.26966e+00,3.21189e+01,7.34306e+00,1.25408e+00,3.32611e+00,7.77652e+00
1.49686e+00,3.68386e+01,2.14979e-01,3.81050e+01,4.75496e-01,1.61038e+00,5.77264e+00,1.34767e+01,5.03761e+00,1.95192e+01,4.93013e-01,6.26949e+01,5.21578e+00,1.80932e+00,1.25822e+00,3.11690e+01,7.12433e+00,1.19829e+00,3.36458e+00,7.70971e+00
1.48121e+00,3.70526e+01,2.14886e-01,3.79769e+01,4.60897e-01,1.66540e+00,5.73147e+00,1.34841e+01,4.93700e+00,1.95871e+01,5.03540e-01,6.23746e+01,5.20306e+00,1.79266e+00,1.24728e+00,3.02084e+01,6.92492e+00,1.12987e+00,3.40518e+00,7.64567e+00
1.46642e+00,3.72972e+01,2.14791e-01,3.78600e+01,4.48884e-01,1.70841e+00,5.66823e+00,1.34731e+01,4.84291e+00,1.96652e+01,5.22553e-01,6.20718e+01,5.17492e+00,1.77357e+00,1.23708e+00,2.93362e+01,6.74272e+00,1.05654e+00,3.44437e+00,7.58463e+00
1.45225e+00,3.75612e+01,2.14700e-01,3.77672e+01,4.38951e-01,1.73581e+00,5.60569e+00,1.34459e+01,4.75599e+00,1.97545e+01,5.50181e-01,6.17863e+01,5.13354e+00,1.75257e+00,1.22844e+00,2.85163e+01,6.57570e+00,9.83361e-01,3.47920e+00,7.52772e+00
1.43860e+00,3.78306e+01,2.14586e-01,3.77108e+01,4.30733e-01,1.74744e+00,5.56326e+00,1.34024e+01,4.67744e+00,1.98557e+01,5.85551e-01,6.15203e+01,5.08135e+00,1.73020e+00,1.22254e+00,2.76512e+01,6.42190e+00,9.13359e-01,3.50674e+00,7.47502e+00
1.42544e+00,3.80908e+01,2.14444e-01,3.76999e+01,4.23946e-01,1.74603e+00,5.55385e+00,1.33436e+01,4.60793e+00,1.99692e+01,6.26617e-01,6.12734e+01,5.02062e+00,1.70695e+00,1.22099e+00,2.66874e+01,6.28034e+00,8.48236e-01,3.52457e+00,7.42736e+00
1.41270e+00,3.83291e+01,2.14305e-01,3.77362e+01,4.18346e-01,1.73661e+00,5.58213e+00,1.32722e+01,4.54791e+00,2.00966e+01,6.70345e-01,6.10454e+01,4.95384e+00,1.68319e+00,1.22569e+00,2.56429e+01,6.15025e+00,7.88793e-01,3.53098e+00,7.38489e+00
1.40039e+00,3.85355e+01,2.14175e-01,3.78165e+01,4.13677e-01,1.72615e+00,5.64485e+00,1.31913e+01,4.49763e+00,2.02390e+01,7.13386e-01,6.08387e+01,4.88302e+00,1.65934e+00,1.23845e+00,2.45918e+01,6.03107e+00,7.35146e-01,3.52526e+00,7.34813e+00
1.38849e+00,3.87035e+01,2.14062e-01,3.79309e+01,4.09836e-01,1.72308e+00,5.73280e+00,1.31058e+01,4.45677e+00,2.03967e+01,7.52743e-01,6.06519e+01,4.81011e+00,1.63569e+00,1.26054e+00,2.36257e+01,5.92290e+00,6.87291e-01,3.50735e+00,7.31707e+00
1.37700e+00,3.88318e+01,2.13937e-01,3.80610e+01,4.06613e-01,1.73565e+00,5.83350e+00,1.30209e+01,4.42444e+00,2.05696e+01,7.86384e-01,6.04851e+01,4.73673e+00,1.61244e+00,1.29215e+00,2.28392e+01,5.82559e+00,6.44891e-01,3.47813e+00,7.29149e+00
1.36600e+00,3.89211e+01,2.13810e-01,3.81876e+01,4.03895e-01,1.77025e+00,5.93297e+00,1.29415e+01,4.39944e+00,2.07565e+01,8.13317e-01,6.03394e+01,4.66422e+00,1.58983e+00,1.33225e+00,2.23280e+01,5.73947e+00,6.07545e-01,3.43878e+00,7.27181e+00
1.35542e+00,3.89767e+01,2.13696e-01,3.82930e+01,4.01604e-01,1.82778e+00,6.01647e+00,1.28718e+01,4.38012e+00,2.09559e+01,8.33622e-01,6.02137e+01,4.59357e+00,1.56795e+00,1.37875e+00,2.21781e+01,5.66464e+00,5.74813e-01,3.39099e+00,7.25727e+00
1.34541e+00,3.90058e+01,2.13567e-01,3.83656e+01,3.99629e-01,1.90213e+00,6.06995e+00,1.28148e+01,4.36471e+00,2.11635e+01,8.48095e-01,6.01080e+01,4.52553e+00,1.54695e+00,1.42869e+00,2.24415e+01,5.60113e+00,5.46242e-01,3.33616e+00,7.24819e+00
1.33596e+00,3.90172e+01,2.13407e-01,3.84011e+01,3.97911e-01,1.98065e+00,6.08254e+00,1.27707e+01,4.35137e+00,2.13757e+01,8.57988e-01,6.00234e+01,4.46077e+00,1.52692e+00,1.47907e+00,2.30911e+01,5.54881e+00,5.21407e-01,3.27597e+00,7.24357e+00
1.32709e+00,3.90195e+01,2.13210e-01,3.84026e+01,3.96434e-01,2.04879e+00,6.04818e+00,1.27387e+01,4.33885e+00,2.15882e+01,8.64784e-01,5.99551e+01,4.39974e+00,1.50792e+00,1.52708e+00,2.39904e+01,5.50718e+00,4.99944e-01,3.21189e+00,7.24340e+00
1.31879e+00,3.90208e+01,2.12997e-01,3.83804e+01,3.95122e-01,2.09510e+00,5.96661e+00,1.27159e+01,4.32668e+00,2.17956e+01,8.70015e-01,5.99050e+01,4.34275e+00,1.48999e+00,1.57038e+00,2.49203e+01,5.47574e+00,4.81488e-01,3.14529e+00,7.24663e+00
1.31102e+00,3.90285e+01,2.12768e-01,3.83460e+01,3.93995e-01,2.11425e+00,5.84282e+00,1.26986e+01,4.31470e+00,2.19945e+01,8.75078e-01,5.98719e+01,4.28990e+00,1.47316e+00,1.60715e+00,2.56671e+01,5.45366e+00,4.65733e-01,3.07706e+00,7.25338e+00
1.30382e+00,3.90477e+01,2.12522e-01,3.83096e+01,3.92978e-01,2.10687e+00,5.68497e+00,1.26843e+01,4.30371e+00,2.21813e+01,8.81222e-01,5.98552e+01,4.24125e+00,1.45746e+00,1.63602e+00,2.60973e+01,5.43963e+00,4.52352e-01,3.00813e+00,7.26233e+00
1.29716e+00,3.90823e+01,2.12279e-01,3.82814e+01,3.92100e-01,2.07716e+00,5.50230e+00,1.26707e+01,4.29504e+00,2.23536e+01,8.89475e-01,5.98560e+01,4.19678e+00,1.44289e+00,1.65614e+00,2.61769e+01,5.43207e+00,4.41083e-01,2.93939e+00,7.27345e+00
1.29093e+00,3.91344e+01,2.12044e-01,3.82635e+01,3.91283e-01,2.03109e+00,5.30420e+00,1.26583e+01,4.28963e+00,2.25105e+01,9.00651e-01,5.98729e+01,4.15657e+00,1.42940e+00,1.66725e+00,2.59445e+01,5.42923e+00,4.31633e-01,2.87125e+00,7.28569e+00
1.28519e+00,3.92034e+01,2.11802e-01,3.82573e+01,3.90583e-01,1.97432e+00,5.09842e+00,1.26506e+01,4.28872e+00,2.26516e+01,9.15284e-01,5.99087e+01,4.12038e+00,1.41703e+00,1.66953e+00,2.54704e+01,5.42933e+00,4.23783e-01,2.80412e+00,7.29897e+00
1.27987e+00,3.92882e+01,2.11569e-01,3.82594e+01,3.89919e-01,1.91184e+00,4.89165e+00,1.26513e+01,4.29257e+00,2.27769e+01,9.33590e-01,5.99657e+01,4.08834e+00,1.40573e+00,1.66354e+00,2.48303e+01,5.43042e+00,4.17335e-01,2.73846e+00,7.31264e+00
1.27498e+00,3.93864e+01,2.11328e-01,3.82619e+01,3.89241e-01,1.84744e+00,4.68882e+00,1.26660e+01,4.30070e+00,2.28892e+01,9.55535e-01,6.00454e+01,4.06015e+00,1.39544e+00,1.65028e+00,2.40884e+01,5.43095e+00,4.12064e-01,2.67445e+00,7.32613e+00
1.27047e+00,3.94943e+01,2.11067e-01,3.82548e+01,3.88587e-01,1.78393e+00,4.49334e+00,1.26961e+01,4.31177e+00,2.29904e+01,9.80610e-01,6.01527e+01,4.03575e+00,1.38611e+00,1.63083e+00,2.32960e+01,5.42961e+00,4.07733e-01,2.61268e+00,7.33914e+00
1.26634e+00,3.96085e+01,2.10793e-01,3.82301e+01,3.87967e-01,1.72325e+00,4.30771e+00,1.27408e+01,4.32366e+00,2.30827e+01,1.00807e+00,6.02873e+01,4.01512e+00,1.37772e+00,1.60638e+00,2.24893e+01,5.42546e+00,4.04258e-01,2.55301e+00,7.35124e+00
1.26254e+00,3.97259e+01,2.10501e-01,3.81790e+01,3.87357e-01,1.66662e+00,4.13361e+00,1.27944e+01,4.33371e+00,2.31696e+01,1.03698e+00,6.04552e+01,3.99786e+00,1.37023e+00,1.57799e+00,2.16953e+01,5.41804e+00,4.01482e-01,2.49593e+00,7.36218e+00
1.25905e+00,3.98448e+01,2.10190e-01,3.80966e+01,3.86763e-01,1.61496e+00,3.97202e+00,1.28513e+01,4.33965e+00,2.32545e+01,1.06616e+00,6.06559e+01,3.98350e+00,1.36353e+00,1.54677e+00,2.09289e+01,5.40718e+00,3.99260e-01,2.44157e+00,7.37165e+00
1.25586e+00,3.99640e+01,2.09873e-01,3.79812e+01,3.86189e-01,1.56878e+00,3.82363e+00,1.29050e+01,4.33924e+00,2.33402e+01,1.09448e+00,6.08900e+01,3.97154e+00,1.35760e+00,1.51346e+00,2.02002e+01,5.39302e+00,3.97546e-01,2.39009e+00,7.37938e+00
1.25293e+00,4.00841e+01,2.09561e-01,3.78326e+01,3.85614e-01,1.52838e+00,3.68855e+00,1.29533e+01,4.33109e+00,2.34303e+01,1.12093e+00,6.11583e+01,3.96139e+00,1.35235e+00,1.47876e+00,1.95159e+01,5.37592e+00,3.96193e-01,2.34180e+00,7.38513e+00
1.25022e+00,4.02074e+01,2.09257e-01,3.76548e+01,3.85057e-01,1.49364e+00,3.56682e+00,1.29964e+01,4.31468e+00,2.35267e+01,1.14468e+00,6.14540e+01,3.95245e+00,1.34771e+00,1.44343e+00,1.88775e+01,5.35644e+00,3.95127e-01,2.29640e+00,7.38916e+00
1.24769e+00,4.03365e+01,2.08946e-01,3.74520e+01,3.84516e-01,1.46438e+00,3.45837e+00,1.30384e+01,4.29025e+00,2.36319e+01,1.16499e+00,6.17753e+01,3.94407e+00,1.34365e+00,1.40786e+00,1.82865e+01,5.33513e+00,3.94307e-01,2.25430e+00,7.39090e+00
1.24535e+00,4.04754e+01,2.08643e-01,3.72293e+01,3.83962e-01,1.44008e+00,3.36324e+00,1.30856e+01,4.25822e+00,2.37476e+01,1.18137e+00,6.21139e+01,3.93574e+00,1.34004e+00,1.37253e+00,1.77408e+01,5.31254e+00,3.93663e-01,2.21542e+00,7.39074e+00
1.24318e+00,4.06278e+01,2.08341e-01,3.69928e+01,3.83387e-01,1.42001e+00,3.28097e+00,1.31428e+01,4.21998e+00,2.38742e+01,1.19355e+00,6.24636e+01,3.92673e+00,1.33690e+00,1.33775e+00,1.72382e+01,5.28913e+00,3.93184e-01,2.17953e+00,7.38883e+00
1.24116e+00,4.07972e+01,2.08016e-01,3.67498e+01,3.82805e-01,1.40331e+00,3.21139e+00,1.32147e+01,4.17682e+00,2.40117e+01,1.20139e+00,6.28161e+01,3.91689e+00,1.33409e+00,1.30381e+00,1.67759e+01,5.26521e+00,3.92757e-01,2.14682e+00,7.38505e+00
1.23929e+00,4.09868e+01,2.07673e-01,3.65060e+01,3.82193e-01,1.38902e+00,3.15401e+00,1.33019e+01,4.13025e+00,2.41594e+01,1.20479e+00,6.31627e+01,3.90601e+00,1.33160e+00,1.27090e+00,1.63509e+01,5.24078e+00,3.92390e-01,2.11699e+00,7.38008e+00
1.23750e+00,4.11981e+01,2.07330e-01,3.62681e+01,3.81620e-01,1.37616e+00,3.10820e+00,1.34024e+01,4.08152e+00,2.43142e+01,1.20385e+00,6.34963e+01,3.89396e+00,1.32938e+00,1.23922e+00,1.59596e+01,5.21596e+00,3.92088e-01,2.08983e+00,7.37374e+00
1.23580e+00,4.14312e+01,2.06966e-01,3.60402e+01,3.81040e-01,1.36383e+00,3.07323e+00,1.35104e+01,4.03174e+00,2.44738e+01,1.19883e+00,6.38122e+01,3.88074e+00,1.32738e+00,1.20890e+00,1.55985e+01,5.19055e+00,3.91814e-01,2.06532e+00,7.36654e+00
1.23417e+00,4.16842e+01,2.06596e-01,3.58258e+01,3.80418e-01,1.35136e+00,3.04790e+00,1.36183e+01,3.98211e+00,2.46349e+01,1.19000e+00,6.41062e+01,3.86647e+00,1.32558e+00,1.18006e+00,1.52642e+01,5.16433e+00,3.91555e-01,2.04294e+00,7.35888e+00
1.23256e+00,4.19530e+01,2.06239e-01,3.56274e+01,3.79830e-01,1.33820e+00,3.03107e+00,1.37186e+01,3.93334e+00,2.47925e+01,1.17770e+00,6.43748e+01,3.85128e+00,1.32393e+00,1.15279e+00,1.49536e+01,5.13704e+00,3.91312e-01,2.02276e+00,7.35078e+00
1.23101e+00,4.22334e+01,2.05891e-01,3.54446e+01,3.79231e-01,1.32411e+00,3.02114e+00,1.38038e+01,3.88598e+00,2.49439e+01,1.16238e+00,6.46199e+01,3.83535e+00,1.32237e+00,1.12706e+00,1.46639e+01,5.10854e+00,3.91056e-01,2.00421e+00,7.34270e+00
1.22954e+00,4.25167e+01,2.05536e-01,3.52780e+01,3.78662e-01,1.30894e+00,3.01678e+00,1.38682e+01,3.84053e+00,2.50849e+01,1.14449e+00,6.48444e+01,3.81903e+00,1.32091e+00,1.10291e+00,1.43922e+01,5.07847e+00,3.90795e-01,1.98727e+00,7.33489e+00
1.22811e+00,4.27935e+01,2.05187e-01,3.51275e+01,3.78095e-01,1.29276e+00,3.01674e+00,1.39096e+01,3.79730e+00,2.52131e+01,1.12451e+00,6.50472e+01,3.80254e+00,1.31953e+00,1.08038e+00,1.41366e+01,5.04672e+00,3.90529e-01,1.97156e+00,7.32763e+00
1.22668e+00,4.30562e+01,2.04842e-01,3.49931e+01,3.77497e-01,1.27560e+00,3.02003e+00,1.39269e+01,3.75656e+00,2.53269e+01,1.10284e+00,6.52357e+01,3.78599e+00,1.31816e+00,1.05933e+00,1.38947e+01,5.01330e+00,3.90246e-01,1.95694e+00,7.32118e+00
1.22528e+00,4.32981e+01,2.04497e-01,3.48769e+01,3.76891e-01,1.25776e+00,3.02604e+00,1.39212e+01,3.71840e+00,2.54246e+01,1.07996e+00,6.54124e+01,3.76966e+00,1.31680e+00,1.03993e+00,1.36653e+01,4.97812e+00,3.89952e-01,1.94329e+00,7.31575e+00
1.22389e+00,4.35141e+01,2.04128e-01,3.47827e+01,3.76272e-01,1.23946e+00,3.03451e+00,1.38966e+01,3.68277e+00,2.55051e+01,1.05627e+00,6.55829e+01,3.75375e+00,1.31545e+00,1.02195e+00,1.34468e+01,4.94120e+00,3.89625e-01,1.93049e+00,7.31158e+00
1.22252e+00,4.37002e+01,2.03753e-01,3.47169e+01,3.75654e-01,1.22096e+00,3.04571e+00,1.38566e+01,3.64987e+00,2.55695e+01,1.03208e+00,6.57521e+01,3.73838e+00,1.31412e+00,1.00538e+00,1.32382e+01,4.90272e+00,3.89278e-01,1.91844e+00,7.30925e+00
1.22114e+00,4.38545e+01,2.03380e-01,3.46895e+01,3.75025e-01,1.20243e+00,3.06023e+00,1.38071e+01,3.61952e+00,2.56194e+01,1.00778e+00,6.59261e+01,3.72366e+00,1.31279e+00,9.90192e-01,1.30383e+01,4.86289e+00,3.88912e-01,1.90690e+00,7.30911e+00
1.21974e+00,4.39769e+01,2.03003e-01,3.47167e+01,3.74422e-01,1.18414e+00,3.07872e+00,1.37539e+01,3.59173e+00,2.56569e+01,9.83562e-01,6.61086e+01,3.70960e+00,1.31146e+00,9.76312e-01,1.28464e+01,4.82198e+00,3.88550e-01,1.89596e+00,7.31171e+00
1.21833e+00,4.40684e+01,2.02626e-01,3.48198e+01,3.74207e-01,1.16619e+00,3.10185e+00,1.37040e+01,3.56654e+00,2.56855e+01,9.59646e-01,6.63017e+01,3.69631e+00,1.31010e+00,9.63687e-01,1.26624e+01,4.78023e+00,3.88174e-01,1.88565e+00,7.31790e+00
1.21691e+00,4.41341e+01,2.02248e-01,3.50247e+01,3.74568e-01,1.14871e+00,3.12996e+00,1.36639e+01,3.54379e+00,2.57106e+01,9.36166e-01,6.65050e+01,3.68387e+00,1.31139e+00,9.52215e-01,1.24851e+01,4.73807e+00,3.87762e-01,1.87566e+00,7.32801e+00
1.21693e+00,4.41761e+01,2.01869e-01,3.53693e+01,3.75384e-01,1.13186e+00,3.16327e+00,1.36417e+01,3.52348e+00,2.57374e+01,9.13260e-01,6.67207e+01,3.67222e+00,1.31100e+00,9.41838e-01,1.23151e+01,4.69618e+00,3.87345e-01,1.86603e+00,7.34336e+00
1.21643e+00,4.41986e+01,2.01504e-01,3.58933e+01,3.76594e-01,1.11567e+00,3.20163e+00,1.36455e+01,3.50547e+00,2.57725e+01,8.91056e-01,6.69494e+01,3.66132e+00,1.31007e+00,9.32460e-01,1.21519e+01,4.65467e+00,3.86912e-01,1.85693e+00,7.36382e+00
1.21542e+00,4.42064e+01,2.01167e-01,3.66412e+01,3.78194e-01,1.10019e+00,3.24428e+00,1.36846e+01,3.48910e+00,2.58233e+01,8.69598e-01,6.71896e+01,3.65111e+00,1.30947e+00,9.24062e-01,1.19948e+01,4.61363e+00,3.86455e-01,1.84861e+00,7.39081e+00
1.21421e+00,4.42047e+01,2.00886e-01,3.76430e+01,3.80396e-01,1.08553e+00,3.28961e+00,1.37687e+01,3.47439e+00,2.58992e+01,8.48991e-01,6.74445e+01,3.64163e+00,1.30867e+00,9.16543e-01,1.18442e+01,4.57356e+00,3.85983e-01,1.84132e+00,7.43096e+00
1.21328e+00,4.41982e+01,2.00663e-01,3.89034e+01,3.83511e-01,1.07165e+00,3.33630e+00,1.39074e+01,3.46121e+00,2.60098e+01,8.29150e-01,6.77117e+01,3.63284e+00,1.30745e+00,9.09808e-01,1.17011e+01,4.53442e+00,3.85481e-01,1.83511e+00,7.48057e+00
1.21265e+00,4.41910e+01,2.00500e-01,4.03916e+01,3.88206e-01,1.05854e+00,3.38245e+00,1.41094e+01,3.44917e+00,2.61655e+01,8.10245e-01,6.79901e+01,3.62469e+00,1.30597e+00,9.03838e-01,1.15639e+01,4.49582e+00,3.84966e-01,1.82972e+00,7.53721e+00
1.21219e+00,4.41856e+01,2.00379e-01,4.20310e+01,3.95368e-01,1.04621e+00,3.42626e+00,1.43809e+01,3.43819e+00,2.63763e+01,7.92266e-01,6.82831e+01,3.61705e+00,1.30447e+00,8.98500e-01,1.14321e+01,4.45778e+00,3.84437e-01,1.82512e+00,7.60040e+00
1.21191e+00,4.41848e+01,2.00242e-01,4.37160e+01,4.05772e-01,1.03467e+00,3.46612e+00,1.47240e+01,3.42820e+00,2.66504e+01,7.75280e-01,6.85880e+01,3.60995e+00,1.30320e+00,8.93807e-01,1.13071e+01,4.42081e+00,3.83892e-01,1.82118e+00,7.66712e+00
1.21189e+00,4.41898e+01,2.00049e-01,4.53294e+01,4.19370e-01,1.02388e+00,3.50046e+00,1.51368e+01,3.41895e+00,2.69932e+01,7.59223e-01,6.89056e+01,3.60341e+00,1.30237e+00,8.89677e-01,1.11888e+01,4.38535e+00,3.83327e-01,1.81799e+00,7.73409e+00
1.21233e+00,4.42017e+01,1.99771e-01,4.67745e+01,4.34725e-01,1.01379e+00,3.52828e+00,1.56132e+01,3.41031e+00,2.74043e+01,7.44019e-01,6.92344e+01,3.59730e+00,1.30188e+00,8.86037e-01,1.10763e+01,4.35179e+00,3.82756e-01,1.81513e+00,7.80003e+00
1.21344e+00,4.42201e+01,1.99395e-01,4.79803e+01,4.49551e-01,1.00441e+00,3.54875e+00,1.61482e+01,3.40227e+00,2.78790e+01,7.29592e-01,6.95737e+01,3.59162e+00,1.30159e+00,8.82917e-01,1.09706e+01,4.32031e+00,3.82184e-01,1.81246e+00,7.86515e+00
1.21541e+00,4.42445e+01,1.98958e-01,4.89201e+01,4.61379e-01,9.95700e-01,3.56151e+00,1.67389e+01,3.39472e+00,2.84059e+01,7.15829e-01,6.99192e+01,3.58646e+00,1.30129e+00,8.80224e-01,1.08719e+01,4.29090e+00,3.81599e-01,1.80982e+00,7.92756e+00
1.21849e+00,4.42733e+01,1.98473e-01,4.95957e+01,4.68741e-01,9.87688e-01,3.56681e+00,1.73909e+01,3.38770e+00,2.89675e+01,7.02658e-01,7.02678e+01,3.58181e+00,1.30090e+00,8.78092e-01,1.07800e+01,4.26367e+00,3.81005e-01,1.80676e+00,7.98607e+00
1.22273e+00,4.43050e+01,1.97952e-01,5.00365e+01,4.71361e-01,9.80229e-01,3.56481e+00,1.81212e+01,3.38112e+00,2.95425e+01,6.89968e-01,7.06172e+01,3.57764e+00,1.30038e+00,8.76546e-01,1.06956e+01,4.23906e+00,3.80398e-01,1.80343e+00,8.03873e+00
1.22808e+00,4.43374e+01,1.97440e-01,5.02868e+01,4.69830e-01,9.73307e-01,3.55610e+00,1.89589e+01,3.37498e+00,3.01086e+01,6.77689e-01,7.09617e+01,3.57418e+00,1.29971e+00,8.75687e-01,1.06195e+01,4.21814e+00,3.79780e-01,1.79986e+00,8.08470e+00
1.23429e+00,4.43688e+01,1.96919e-01,5.03958e+01,4.65218e-01,9.66945e-01,3.54141e+00,1.99384e+01,3.36919e+00,3.06431e+01,6.65801e-01,7.12989e+01,3.57157e+00,1.29891e+00,8.75550e-01,1.05526e+01,4.20264e+00,3.79144e-01,1.79629e+00,8.12267e+00
1.24095e+00,4.43966e+01,1.96415e-01,5.04114e+01,4.58582e-01,9.61108e-01,3.52124e+00,2.10903e+01,3.36371e+00,3.11267e+01,6.54285e-01,7.16252e+01,3.56994e+00,1.29797e+00,8.76139e-01,1.04955e+01,4.19468e+00,3.78490e-01,1.79311e+00,8.15260e+00
1.24758e+00,4.44192e+01,1.95930e-01,5.03812e+01,4.50753e-01,9.55689e-01,3.49633e+00,2.24221e+01,3.35854e+00,3.15437e+01,6.43146e-01,7.19410e+01,3.56971e+00,1.29680e+00,8.77421e-01,1.04487e+01,4.19568e+00,3.77822e-01,1.79036e+00,8.17450e+00
1.25376e+00,4.44349e+01,1.95464e-01,5.03450e+01,4.42378e-01,9.50726e-01,3.46736e+00,2.39102e+01,3.35353e+00,3.18825e+01,6.32408e-01,7.22472e+01,3.57117e+00,1.29535e+00,8.79209e-01,1.04120e+01,4.20518e+00,3.77145e-01,1.78838e+00,8.18796e+00
1.25906e+00,4.44418e+01,1.95026e-01,5.03372e+01,4.33935e-01,9.46106e-01,3.43482e+00,2.54926e+01,3.34863e+00,3.21382e+01,6.22068e-01,7.25451e+01,3.57471e+00,1.29360e+00,8.81321e-01,1.03840e+01,4.22052e+00,3.76466e-01,1.78714e+00,8.19382e+00
1.26305e+00,4.44386e+01,1.94598e-01,5.03850e+01,4.25678e-01,9.41893e-01,3.39920e+00,2.70804e+01,3.34385e+00,3.23084e+01,6.12213e-01,7.28368e+01,3.58076e+00,1.29157e+00,8.83608e-01,1.03651e+01,4.23816e+00,3.75790e-01,1.78673e+00,8.19185e+00
1.26559e+00,4.44238e+01,1.94183e-01,5.05096e+01,4.17758e-01,9.38051e-01,3.36092e+00,2.85818e+01,3.33923e+00,3.23948e+01,6.02886e-01,7.31268e+01,3.58949e+00,1.28926e+00,8.85895e-01,1.03543e+01,4.25451e+00,3.75114e-01,1.78739e+00,8.18246e+00
1.26660e+00,4.43963e+01,1.93795e-01,5.07234e+01,4.10294e-01,9.34465e-01,3.32045e+00,2.99186e+01,3.33464e+00,3.24019e+01,5.94180e-01,7.34205e+01,3.60094e+00,1.28673e+00,8.88013e-01,1.03529e+01,4.26806e+00,3.74443e-01,1.78887e+00,8.16666e+00
1.26609e+00,4.43556e+01,1.93401e-01,5.10383e+01,4.03402e-01,9.31189e-01,3.27833e+00,3.10418e+01,3.33011e+00,3.23362e+01,5.85990e-01,7.37244e+01,3.61508e+00,1.28401e+00,8.93613e-01,1.03625e+01,4.27882e+00,3.73796e-01,1.79122e+00,8.14449e+00
1.26426e+00,4.43005e+01,1.93003e-01,5.14584e+01,3.97077e-01,9.28193e-01,3.23506e+00,3.19311e+01,3.32561e+00,3.22056e+01,5.78352e-01,7.40421e+01,3.63161e+00,1.28119e+00,8.96669e-01,1.03949e+01,4.28805e+00,3.73159e-01,1.79428e+00,8.11737e+00
1.26134e+00,4.42309e+01,1.92608e-01,5.19945e+01,3.91334e-01,9.25385e-01,3.19112e+00,3.25895e+01,3.32107e+00,3.20182e+01,5.71089e-01,7.43770e+01,3.64990e+00,1.27833e+00,8.98078e-01,1.04929e+01,4.29731e+00,3.72528e-01,1.79782e+00,8.08580e+00
1.25761e+00,4.41464e+01,1.92224e-01,5.26541e+01,3.86157e-01,9.22851e-01,3.14694e+00,3.30335e+01,3.31650e+00,3.17823e+01,5.64179e-01,7.47343e+01,3.66913e+00,1.27549e+00,8.99175e-01,1.07646e+01,4.30766e+00,3.71897e-01,1.80127e+00,8.05082e+00
1.25335e+00,4.40470e+01,1.91845e-01,5.34541e+01,3.81540e-01,9.20506e-01,3.10307e+00,3.32885e+01,3.31190e+00,3.15063e+01,5.57495e-01,7.51147e+01,3.68846e+00,1.27269e+00,8.99492e-01,1.12271e+01,4.31937e+00,3.71290e-01,1.80419e+00,8.01320e+00
1.24880e+00,4.39323e+01,1.91480e-01,5.44060e+01,3.77483e-01,9.18375e-01,3.05977e+00,3.33792e+01,3.30722e+00,3.11973e+01,5.50989e-01,7.55180e+01,3.70705e+00,1.26992e+00,8.99002e-01,1.16202e+01,4.33191e+00,3.70700e-01,1.80598e+00,7.97360e+00
1.24422e+00,4.38038e+01,1.91111e-01,5.55136e+01,3.73907e-01,9.16403e-01,3.01727e+00,3.33319e+01,3.30248e+00,3.08637e+01,5.44553e-01,7.59400e+01,3.72402e+00,1.26720e+00,8.97889e-01,1.17504e+01,4.34421e+00,3.70116e-01,1.80633e+00,7.93274e+00
1.23975e+00,4.36612e+01,1.90738e-01,5.67636e+01,3.70792e-01,9.14636e-01,2.97577e+00,3.31681e+01,3.29765e+00,3.05112e+01,5.38152e-01,7.63764e+01,3.73871e+00,1.26455e+00,8.96470e-01,1.16864e+01,4.35499e+00,3.69552e-01,1.80486e+00,7.89102e+00
1.23561e+00,4.35063e+01,1.90368e-01,5.81112e+01,3.68081e-01,9.13111e-01,2.93547e+00,3.29096e+01,3.29278e+00,3.01451e+01,5.31793e-01,7.68184e+01,3.75048e+00,1.26192e+00,8.95142e-01,1.15660e+01,4.36303e+00,3.68991e-01,1.80158e+00,7.84828e+00
1.23183e+00,4.33400e+01,1.90021e-01,5.94839e+01,3.65692e-01,9.12076e-01,2.89657e+00,3.25714e+01,3.28783e+00,2.97700e+01,5.25494e-01,7.72587e+01,3.75896e+00,1.25930e+00,8.94541e-01,1.14766e+01,4.36733e+00,3.68408e-01,1.79651e+00,7.80524e+00
1.22851e+00,4.31638e+01,1.89668e-01,6.07944e+01,3.63622e-01,9.12666e-01,2.85919e+00,3.21709e+01,3.28281e+00,2.93908e+01,5.19295e-01,7.76868e+01,3.76394e+00,1.25668e+00,8.95221e-01,1.14543e+01,4.36709e+00,3.67826e-01,1.78995e+00,7.76188e+00
1.22563e+00,4.29796e+01,1.89302e-01,6.19608e+01,3.61816e-01,9.18829e-01,2.82362e+00,3.17198e+01,3.27772e+00,2.90105e+01,5.13230e-01,7.80916e+01,3.76550e+00,1.25407e+00,8.97644e-01,1.14967e+01,4.36186e+00,3.67240e-01,1.78208e+00,7.71813e+00
1.22317e+00,4.27893e+01,1.88923e-01,6.29153e+01,3.60227e-01,9.38418e-01,2.79003e+00,3.12286e+01,3.27257e+00,2.86320e+01,5.07317e-01,7.84632e+01,3.76382e+00,1.25147e+00,9.02234e-01,1.15761e+01,4.35159e+00,3.66600e-01,1.77340e+00,7.67400e+00
1.22109e+00,4.25953e+01,1.88560e-01,6.36227e+01,3.58812e-01,9.76344e-01,2.75874e+00,3.07074e+01,3.26736e+00,2.82576e+01,5.01586e-01,7.87945e+01,3.75918e+00,1.24886e+00,9.09341e-01,1.16579e+01,4.33660e+00,3.65917e-01,1.76437e+00,7.62966e+00
1.21929e+00,4.23993e+01,1.88211e-01,6.40717e+01,3.57548e-01,1.02406e+00,2.73013e+00,3.01646e+01,3.26207e+00,2.78891e+01,4.96067e-01,7.90762e+01,3.75208e+00,1.24624e+00,9.19102e-01,1.17196e+01,4.31737e+00,3.65172e-01,1.75509e+00,7.58514e+00
1.21768e+00,4.22042e+01,1.87856e-01,6.42715e+01,3.56453e-01,1.06426e+00,2.70457e+00,2.96061e+01,3.25670e+00,2.75282e+01,4.90810e-01,7.93047e+01,3.74287e+00,1.24362e+00,9.31299e-01,1.17555e+01,4.29463e+00,3.64386e-01,1.74605e+00,7.54060e+00
1.21610e+00,4.20126e+01,1.87504e-01,6.42491e+01,3.55428e-01,1.08595e+00,2.68229e+00,2.90389e+01,3.25125e+00,2.71756e+01,4.85810e-01,7.94764e+01,3.73206e+00,1.24103e+00,9.45502e-01,1.17707e+01,4.26918e+00,3.63589e-01,1.73736e+00,7.49622e+00
1.21450e+00,4.18268e+01,1.87147e-01,6.40310e+01,3.54544e-01,1.08893e+00,2.66364e+00,2.84652e+01,3.24574e+00,2.68325e+01,4.81112e-01,7.95881e+01,3.72000e+00,1.23848e+00,9.61045e-01,1.17723e+01,4.24160e+00,3.62793e-01,1.72921e+00,7.45224e+00
1.21274e+00,4.16503e+01,1.86794e-01,6.36490e+01,3.53728e-01,1.07876e+00,2.64889e+00,2.78917e+01,3.24017e+00,2.64994e+01,4.76766e-01,7.96414e+01,3.70700e+00,1.23595e+00,9.77047e-01,1.17664e+01,4.21277e+00,3.61976e-01,1.72167e+00,7.40886e+00
1.21070e+00,4.14864e+01,1.86464e-01,6.31346e+01,3.52936e-01,1.06142e+00,2.63821e+00,2.73210e+01,3.23455e+00,2.61773e+01,4.72807e-01,7.96343e+01,3.69327e+00,1.23345e+00,9.92575e-01,1.17560e+01,4.18338e+00,3.61134e-01,1.71489e+00,7.36631e+00
1.20838e+00,4.13395e+01,1.86132e-01,6.25106e+01,3.52180e-01,1.04134e+00,2.63188e+00,2.67559e+01,3.22889e+00,2.58666e+01,4.69305e-01,7.95736e+01,3.67911e+00,1.23096e+00,1.00670e+00,1.17447e+01,4.15391e+00,3.60314e-01,1.70876e+00,7.32472e+00
1.20566e+00,4.12152e+01,1.85782e-01,6.18042e+01,3.51472e-01,1.02109e+00,2.63040e+00,2.61986e+01,3.22320e+00,2.55667e+01,4.66276e-01,7.94567e+01,3.66467e+00,1.22852e+00,1.01864e+00,1.17371e+01,4.12489e+00,3.59514e-01,1.70345e+00,7.28427e+00
1.20259e+00,4.11202e+01,1.85437e-01,6.10301e+01,3.50794e-01,1.00216e+00,2.63454e+00,2.56523e+01,3.21745e+00,2.52783e+01,4.63785e-01,7.92929e+01,3.65007e+00,1.22613e+00,1.02782e+00,1.17434e+01,4.09669e+00,3.58703e-01,1.69884e+00,7.24503e+00
1.19915e+00,4.10632e+01,1.85092e-01,6.02083e+01,3.50164e-01,9.85045e-01,2.64554e+00,2.51179e+01,3.21166e+00,2.50017e+01,4.61813e-01,7.90830e+01,3.63528e+00,1.22377e+00,1.03408e+00,1.17836e+01,4.06961e+00,3.57888e-01,1.69479e+00,7.20721e+00
1.19531e+00,4.10539e+01,1.84753e-01,5.93510e+01,3.49484e-01,9.69926e-01,2.66480e+00,2.45975e+01,3.20586e+00,2.47361e+01,4.60388e-01,7.88323e+01,3.62033e+00,1.22142e+00,1.03741e+00,1.18863e+01,4.04380e+00,3.57072e-01,1.69141e+00,7.17079e+00
1.19122e+00,4.11087e+01,1.84410e-01,5.84717e+01,3.50807e-01,9.61661e-01,2.69497e+00,2.40934e+01,3.20003e+00,2.44986e+01,4.59903e-01,7.85572e+01,3.60532e+00,1.21907e+00,1.05241e+00,1.20749e+01,4.01939e+00,3.56263e-01,1.68841e+00,7.13579e+00
1.18688e+00,4.12720e+01,1.86323e-01,5.75837e+01,3.57057e-01,9.57817e-01,2.74167e+00,2.36148e+01,3.19662e+00,2.42964e+01,5.00512e-01,7.82975e+01,3.59019e+00,1.21751e+00,1.07606e+00,1.23486e+01,3.99787e+00,3.58232e-01,1.76311e+00,7.10202e+00
1.18313e+00,4.18922e+01,1.91558e-01,5.67036e+01,3.71327e-01,1.37784e+00,2.84063e+00,2.31827e+01,3.19412e+00,2.41768e+01,6.69550e-01,7.80407e+01,3.57502e+00,1.21582e+00,1.23165e+00,1.26718e+01,3.97927e+00,3.59483e-01,2.03820e+00,7.06964e+00
1.17911e+00,4.25623e+01,1.97839e-01,5.58467e+01,3.96188e-01,2.71966e+00,3.36246e+00,2.28169e+01,3.19192e+00,2.41854e+01,9.50480e-01,7.78224e+01,3.56068e+00,1.21414e+00,1.70960e+00,1.29875e+01,3.96187e+00,3.60494e-01,2.47467e+00,7.03889e+00
1.17488e+00,4.29721e+01,2.04428e-01,5.50102e+01,4.32752e-01,5.16794e+00,4.31554e+00,2.24829e+01,3.19047e+00,2.43706e+01,1.15098e+00,7.76273e+01,3.54589e+00,1.21261e+00,2.41254e+00,1.32488e+01,3.94556e+00,3.62621e-01,2.89954e+00,7.00916e+00
1.17058e+00,4.35566e+01,2.09586e-01,5.41726e+01,4.68233e-01,7.22642e+00,5.27860e+00,2.21308e+01,3.18909e+00,2.47186e+01,1.26009e+00,7.74541e+01,3.53136e+00,1.21139e+00,2.94470e+00,1.34332e+01,3.93033e+00,3.65681e-01,3.42748e+00,6.98051e+00
1.16644e+00,4.44266e+01,2.13480e-01,5.33471e+01,4.96555e-01,1.07833e+01,6.22627e+00,2.17651e+01,3.18752e+00,2.51481e+01,1.29960e+00,7.73254e+01,3.51804e+00,1.21053e+00,3.24874e+00,1.35413e+01,3.91617e+00,3.68954e-01,4.40673e+00,6.95312e+00
1.16261e+00,4.55733e+01,2.16449e-01,5.25513e+01,5.21372e-01,2.12802e+01,7.58862e+00,2.13978e+01,3.18601e+00,2.55965e+01,1.27232e+00,7.72676e+01,3.50423e+00,1.20995e+00,3.40205e+00,1.35870e+01,3.90307e+00,3.72090e-01,5.69878e+00,6.92644e+00
1.15922e+00,4.69929e+01,2.19616e-01,5.17938e+01,5.40761e-01,3.04652e+01,9.32542e+00,2.10336e+01,3.18489e+00,2.60897e+01,1.20854e+00,7.72944e+01,3.49064e+00,1.20958e+00,3.34857e+00,1.35873e+01,3.89047e+00,3.75057e-01,6.56080e+00,6.90065e+00
1.15626e+00,4.86773e+01,2.21825e-01,5.10852e+01,5.50994e-01,3.03387e+01,1.06273e+01,2.06750e+01,3.18429e+00,2.67266e+01,1.13126e+00,7.73947e+01,3.47742e+00,1.20944e+00,3.14992e+00,1.35561e+01,3.87837e+00,3.78003e-01,6.66779e+00,6.87585e+00
1.15370e+00,5.05990e+01,2.22989e-01,5.04360e+01,5.51884e-01,2.56350e+01,1.12567e+01,2.03234e+01,3.18432e+00,2.76393e+01,1.05244e+00,7.75459e+01,3.46425e+00,1.20964e+00,2.91785e+00,1.35040e+01,3.86694e+00,3.80746e-01,6.26133e+00,6.85183e+00
1.15142e+00,5.27051e+01,2.22935e-01,4.98533e+01,5.47011e-01,2.04544e+01,1.13090e+01,1.99824e+01,3.18477e+00,2.89475e+01,9.80987e-01,7.77097e+01,3.45165e+00,1.21021e+00,2.71703e+00,1.34391e+01,3.85644e+00,3.83081e-01,5.66502e+00,6.82817e+00
1.14935e+00,5.49698e+01,2.21823e-01,4.93712e+01,5.40143e-01,1.61942e+01,1.09344e+01,1.96567e+01,3.18568e+00,3.07098e+01,9.21398e-01,7.78632e+01,3.43960e+00,1.21100e+00,2.56260e+00,1.33652e+01,3.84708e+00,3.84723e-01,5.07512e+00,6.80496e+00
1.14756e+00,5.73934e+01,2.20121e-01,4.90476e+01,5.33552e-01,1.30682e+01,1.05073e+01,1.93517e+01,3.18696e+00,3.28748e+01,8.73398e-01,7.79991e+01,3.42811e+00,1.21180e+00,2.45175e+00,1.32852e+01,3.83889e+00,3.85528e-01,4.57446e+00,6.78196e+00
1.14601e+00,5.98934e+01,2.18234e-01,4.89699e+01,5.27950e-01,1.09974e+01,1.07950e+01,1.90767e+01,3.18860e+00,3.53174e+01,8.34410e-01,7.81203e+01,3.41723e+00,1.21259e+00,2.38489e+00,1.32011e+01,3.83168e+00,3.85458e-01,4.18172e+00,6.75926e+00
1.14481e+00,6.22480e+01,2.16615e-01,4.92000e+01,5.22962e-01,9.93279e+00,1.43840e+01,1.88405e+01,3.19023e+00,3.79529e+01,8.02152e-01,7.82379e+01,3.40701e+00,1.21329e+00,2.37284e+00,1.31135e+01,3.82522e+00,3.84542e-01,3.88707e+00,6.73699e+00
1.14394e+00,6.41912e+01,2.15480e-01,4.97366e+01,5.17806e-01,9.85260e+00,2.73415e+01,1.86488e+01,3.19170e+00,4.07415e+01,7.76328e-01,7.83552e+01,3.39737e+00,1.21394e+00,2.43195e+00,1.30238e+01,3.81922e+00,3.82939e-01,3.67167e+00,6.71500e+00
1.14329e+00,6.55583e+01,2.14993e-01,5.05047e+01,5.11905e-01,1.05318e+01,4.54642e+01,1.85021e+01,3.19271e+00,4.35117e+01,7.59384e-01,7.84720e+01,3.38828e+00,1.21461e+00,2.57282e+00,1.29327e+01,3.81360e+00,3.80902e-01,3.51742e+00,6.69340e+00
1.14288e+00,6.63501e+01,2.15019e-01,5.13661e+01,5.04845e-01,1.14371e+01,5.67128e+01,1.83937e+01,3.19308e+00,4.58880e+01,7.57483e-01,7.85919e+01,3.37971e+00,1.21537e+00,2.78650e+00,1.28409e+01,3.80839e+00,3.78748e-01,3.41032e+00,6.67230e+00
1.14254e+00,6.66947e+01,2.15358e-01,5.21386e+01,4.96679e-01,1.20435e+01,6.06437e+01,1.83110e+01,3.19266e+00,4.75266e+01,7.81235e-01,7.87313e+01,3.37158e+00,1.21629e+00,3.03962e+00,1.27497e+01,3.80364e+00,3.76740e-01,3.33728e+00,6.65174e+00
1.14217e+00,6.67629e+01,2.15625e-01,5.26504e+01,4.87573e-01,1.21382e+01,6.03937e+01,1.82410e+01,3.19141e+00,4.83758e+01,8.43593e-01,7.89252e+01,3.36381e+00,1.21729e+00,3.28637e+00,1.26597e+01,3.79938e+00,3.75159e-01,3.28405e+00,6.63164e+00
1.14173e+00,6.67143e+01,2.15524e-01,5.28225e+01,4.77824e-01,1.17765e+01,5.79948e+01,1.81711e+01,3.18947e+00,4.86754e+01,9.51987e-01,7.92140e+01,3.35637e+00,1.21826e+00,3.49230e+00,1.25712e+01,3.79552e+00,3.74240e-01,3.23467e+00,6.61197e+00
1.14111e+00,6.66630e+01,2.14912e-01,5.28030e+01,4.67702e-01,1.11103e+01,5.45577e+01,1.80974e+01,3.18673e+00,4.87371e+01,1.09800e+00,7.96381e+01,3.34922e+00,1.21916e+00,3.65443e+00,1.24847e+01,3.79193e+00,3.74115e-01,3.17645e+00,6.59295e+00
1.14029e+00,6.66759e+01,2.13680e-01,5.34221e+01,4.57520e-01,1.02849e+01,5.07321e+01,1.80219e+01,3.18356e+00,4.87399e+01,1.25568e+00,8.02275e+01,3.34240e+00,1.21991e+00,3.81374e+00,1.23999e+01,3.78848e+00,3.74895e-01,3.10275e+00,6.57457e+00
1.13927e+00,6.67852e+01,2.11897e-01,5.71088e+01,4.47448e-01,9.40654e+00,4.69065e+01,1.79508e+01,3.17989e+00,4.86540e+01,1.39488e+00,8.10009e+01,3.33575e+00,1.22046e+00,4.05984e+00,1.23175e+01,3.78515e+00,3.76577e-01,3.01381e+00,6.55687e+00
1.13803e+00,6.70018e+01,2.09674e-01,6.66479e+01,4.37692e-01,8.54288e+00,4.32883e+01,1.78922e+01,3.17594e+00,4.83218e+01,1.49749e+00,8.19711e+01,3.32935e+00,1.22080e+00,4.50892e+00,1.22367e+01,3.78184e+00,3.79127e-01,2.91406e+00,6.53980e+00
1.13660e+00,6.73266e+01,2.07138e-01,7.97861e+01,4.28371e-01,7.73189e+00,3.99585e+01,1.78544e+01,3.17179e+00,4.75888e+01,1.56170e+00,8.31465e+01,3.32315e+00,1.22085e+00,5.21995e+00,1.21579e+01,3.77841e+00,3.82430e-01,2.80929e+00,6.52330e+00
1.13495e+00,6.77579e+01,2.04429e-01,9.02409e+01,4.19575e-01,6.99249e+00,3.69218e+01,1.78424e+01,3.16748e+00,4.63959e+01,1.59680e+00,8.45467e+01,3.31709e+00,1.22063e+00,6.09006e+00,1.20809e+01,3.77481e+00,3.86196e-01,2.70526e+00,6.50756e+00
