2.96430e+05,3.15945e+05,2.78924e+05,3.20227e+05,2.73098e+05,3.13062e+05,3.22476e+05,3.22481e+05,3.02025e+05,2.96664e+05,3.12191e+05,2.90617e+05,3.03810e+05,3.05388e+05,3.26294e+05,3.18438e+05,3.02269e+05,3.06265e+05,3.02739e+05,3.08554e+05
1.00000e-02,1.00000e-02,1.00000e-02,1.00000e-02,1.00000e-02,1.00000e-02,1.00000e-02,1.00000e-02,1.00000e-02,1.00000e-02,1.00000e-02,1.00000e-02,1.00000e-02,1.00000e-02,1.00000e-02,1.00000e-02,1.00000e-02,1.00000e-02,1.00000e-02,1.00000e-02
1.67941e-02,1.23627e-02,2.69490e-02,1.64498e-02,2.57088e-02,1.64428e-02,1.72080e-02,2.63908e-02,1.47127e-02,1.22841e-02,1.69377e-02,1.09982e-02,1.72262e-02,1.71587e-02,1.33004e-02,1.57540e-02,1.76177e-02,1.25068e-02,3.24072e-02,1.47495e-02
2.68424e-02,1.35828e-02,4.71623e-02,2.88751e-02,4.23690e-02,2.47423e-02,3.07614e-02,4.02063e-02,2.22897e-02,1.53537e-02,2.85819e-02,1.20175e-02,2.38031e-02,2.43268e-02,1.49567e-02,2.43127e-02,2.57944e-02,1.44404e-02,7.08737e-02,2.02718e-02
3.33910e-02,1.43095e-02,6.86130e-02,4.09944e-02,6.33813e-02,3.45250e-02,4.57306e-02,4.78960e-02,3.27881e-02,2.11193e-02,3.99142e-02,1.30743e-02,2.84180e-02,3.43823e-02,1.59694e-02,3.73679e-02,3.26107e-02,1.87997e-02,9.89491e-02,2.65846e-02
3.68010e-02,1.51084e-02,8.87460e-02,4.84113e-02,8.78377e-02,4.47237e-02,5.75836e-02,5.02391e-02,4.37717e-02,3.24616e-02,4.81792e-02,1.42056e-02,3.31280e-02,4.69216e-02,1.71753e-02,5.20860e-02,3.84326e-02,2.57940e-02,1.19728e-01,3.31018e-02
3.98057e-02,1.65396e-02,1.08017e-01,5.23299e-02,1.12477e-01,5.50096e-02,6.53920e-02,5.09398e-02,5.41910e-02,5.63953e-02,5.36291e-02,1.54561e-02,4.00921e-02,5.95234e-02,1.89447e-02,6.76484e-02,4.44963e-02,3.36597e-02,1.39715e-01,4.03255e-02
4.45066e-02,1.92730e-02,1.27737e-01,5.49782e-02,1.36150e-01,6.64821e-02,7.07144e-02,5.22990e-02,6.37913e-02,1.06433e-01,5.73147e-02,1.68788e-02,4.87469e-02,7.07154e-02,2.14683e-02,8.43344e-02,5.02487e-02,4.09412e-02,1.61054e-01,4.93091e-02
5.23075e-02,2.40773e-02,1.47660e-01,5.79153e-02,1.58840e-01,8.09804e-02,7.54061e-02,5.50179e-02,7.26370e-02,1.88730e-01,5.99023e-02,1.85358e-02,5.63107e-02,8.07502e-02,2.46891e-02,1.01749e-01,5.44612e-02,4.71450e-02,1.83505e-01,6.05511e-02
6.42436e-02,3.16290e-02,1.65485e-01,6.19699e-02,1.80984e-01,9.98464e-02,8.08216e-02,5.86173e-02,8.09666e-02,2.87376e-01,6.15729e-02,2.04984e-02,6.07042e-02,9.10720e-02,2.82955e-02,1.19151e-01,5.67421e-02,5.25695e-02,2.07090e-01,7.40058e-02
8.09231e-02,4.25110e-02,1.78274e-01,6.74051e-02,2.03644e-01,1.23230e-01,8.75985e-02,6.23087e-02,8.92696e-02,3.75823e-01,6.25994e-02,2.28474e-02,6.17120e-02,1.03191e-01,3.19626e-02,1.35886e-01,5.76999e-02,5.78806e-02,2.32234e-01,8.89384e-02
1.02968e-01,5.67043e-02,1.84377e-01,7.39958e-02,2.27853e-01,1.50127e-01,9.54435e-02,6.54032e-02,9.80167e-02,4.37954e-01,6.34296e-02,2.56737e-02,6.03055e-02,1.17974e-01,3.54023e-02,1.50985e-01,5.82568e-02,6.40409e-02,2.59014e-01,1.04315e-01
1.30652e-01,7.33333e-02,1.84051e-01,8.12333e-02,2.53686e-01,1.78476e-01,1.03244e-01,6.77403e-02,1.07768e-01,4.72739e-01,6.45146e-02,2.91036e-02,5.78728e-02,1.35674e-01,3.85739e-02,1.63972e-01,5.91650e-02,7.21268e-02,2.86842e-01,1.18929e-01
1.63637e-01,9.10123e-02,1.78637e-01,8.88001e-02,2.80373e-01,2.05705e-01,1.10265e-01,6.93238e-02,1.19174e-01,4.87565e-01,6.61503e-02,3.33086e-02,5.54137e-02,1.55666e-01,4.15986e-02,1.74708e-01,6.08852e-02,8.26328e-02,3.15042e-01,1.32144e-01
2.01563e-01,1.08194e-01,1.70025e-01,9.65890e-02,3.06250e-01,2.29122e-01,1.16275e-01,7.04237e-02,1.32946e-01,4.91404e-01,6.83812e-02,3.84742e-02,5.36940e-02,1.76599e-01,4.46766e-02,1.83582e-01,6.37272e-02,9.49003e-02,3.42817e-01,1.43712e-01
2.44453e-01,1.23660e-01,1.59955e-01,1.04767e-01,3.29130e-01,2.46784e-01,1.21735e-01,7.12506e-02,1.49880e-01,4.91484e-01,7.10250e-02,4.48022e-02,5.34005e-02,1.97122e-01,4.79978e-02,1.91564e-01,6.79041e-02,1.07267e-01,3.69936e-01,1.53827e-01
2.92899e-01,1.36755e-01,1.49608e-01,1.13710e-01,3.47066e-01,2.57785e-01,1.27348e-01,7.19789e-02,1.70730e-01,4.92379e-01,7.37805e-02,5.24886e-02,5.51659e-02,2.16261e-01,5.17048e-02,1.99952e-01,7.35045e-02,1.17731e-01,3.96246e-01,1.62802e-01
3.47157e-01,1.47219e-01,1.39835e-01,1.23734e-01,3.59306e-01,2.62370e-01,1.33625e-01,7.27862e-02,1.95949e-01,4.96330e-01,7.63397e-02,6.17243e-02,6.00027e-02,2.33688e-01,5.58601e-02,2.09894e-01,8.03625e-02,1.25018e-01,4.21747e-01,1.71494e-01
4.05964e-01,1.55167e-01,1.30981e-01,1.35169e-01,3.66002e-01,2.61422e-01,1.40554e-01,7.37267e-02,2.25505e-01,5.03834e-01,7.84626e-02,7.26961e-02,6.92941e-02,2.49553e-01,6.04235e-02,2.22298e-01,8.80834e-02,1.28743e-01,4.46339e-01,1.80670e-01
4.65887e-01,1.60918e-01,1.23352e-01,1.48208e-01,3.68001e-01,2.56243e-01,1.47703e-01,7.48156e-02,2.58408e-01,5.14360e-01,8.00953e-02,8.55961e-02,8.45788e-02,2.64072e-01,6.52982e-02,2.37728e-01,9.61156e-02,1.29267e-01,4.69967e-01,1.90772e-01
5.21887e-01,1.64924e-01,1.16850e-01,1.62996e-01,3.66274e-01,2.48202e-01,1.54332e-01,7.61385e-02,2.93017e-01,5.26817e-01,8.12664e-02,1.00631e-01,1.06762e-01,2.77421e-01,7.03909e-02,2.56369e-01,1.03896e-01,1.27395e-01,4.92467e-01,2.01995e-01
5.69444e-01,1.67691e-01,1.11501e-01,1.79647e-01,3.61648e-01,2.38505e-01,1.59870e-01,7.77103e-02,3.27171e-01,5.39965e-01,8.20410e-02,1.18032e-01,1.35330e-01,2.89494e-01,7.55482e-02,2.78197e-01,1.11072e-01,1.23997e-01,5.13784e-01,2.14320e-01
6.05853e-01,1.69699e-01,1.07088e-01,1.98126e-01,3.54739e-01,2.28191e-01,1.64110e-01,7.94970e-02,3.58852e-01,5.52675e-01,8.25789e-02,1.38066e-01,1.67862e-01,3.00267e-01,8.06816e-02,3.02908e-01,1.17575e-01,1.19865e-01,5.33993e-01,2.27322e-01
6.30911e-01,1.71381e-01,1.03425e-01,2.18404e-01,3.46020e-01,2.17962e-01,1.67115e-01,8.16353e-02,3.86472e-01,5.64140e-01,8.29718e-02,1.61040e-01,2.01155e-01,3.09571e-01,8.57847e-02,3.29947e-01,1.23480e-01,1.15625e-01,5.53388e-01,2.40717e-01
6.46417e-01,1.73007e-01,1.00306e-01,2.40424e-01,3.35863e-01,2.08374e-01,1.69156e-01,8.42389e-02,4.09108e-01,5.73918e-01,8.33117e-02,1.87271e-01,2.32330e-01,3.17433e-01,9.09221e-02,3.58350e-01,1.29175e-01,1.11795e-01,5.72430e-01,2.54257e-01
6.55033e-01,1.74816e-01,9.76064e-02,2.63977e-01,3.24629e-01,1.99789e-01,1.70526e-01,8.74363e-02,4.26592e-01,5.81871e-01,8.36869e-02,2.17064e-01,2.59677e-01,3.24171e-01,9.62236e-02,3.86893e-01,1.35120e-01,1.08774e-01,5.91093e-01,2.67676e-01
6.59196e-01,1.76897e-01,9.51143e-02,2.88933e-01,3.12743e-01,1.92380e-01,1.71667e-01,9.13352e-02,4.39246e-01,5.88249e-01,8.41406e-02,2.50649e-01,2.82728e-01,3.30173e-01,1.01915e-01,4.14284e-01,1.41868e-01,1.06911e-01,6.09128e-01,2.80974e-01
6.60925e-01,1.79195e-01,9.27914e-02,3.15031e-01,3.00580e-01,1.86239e-01,1.72882e-01,9.61235e-02,4.47813e-01,5.93465e-01,8.47160e-02,2.88057e-01,3.02029e-01,3.36061e-01,1.08289e-01,4.39591e-01,1.49924e-01,1.06522e-01,6.26166e-01,2.94333e-01
6.61468e-01,1.81703e-01,9.05535e-02,3.42141e-01,2.88522e-01,1.81491e-01,1.74471e-01,1.01875e-01,4.53275e-01,5.98138e-01,8.54322e-02,3.29124e-01,3.18445e-01,3.42361e-01,1.15691e-01,4.62234e-01,1.59664e-01,1.07827e-01,6.41559e-01,3.08130e-01
6.61499e-01,1.84372e-01,8.83683e-02,3.70050e-01,2.76730e-01,1.78107e-01,1.76630e-01,1.08543e-01,4.56651e-01,6.02947e-01,8.62914e-02,3.73463e-01,3.33038e-01,3.49475e-01,1.24448e-01,4.82200e-01,1.71326e-01,1.11103e-01,6.55153e-01,3.22887e-01
6.61128e-01,1.87192e-01,8.62965e-02,3.98588e-01,2.65512e-01,1.76131e-01,1.79476e-01,1.16223e-01,4.58899e-01,6.08584e-01,8.73048e-02,4.20482e-01,3.46787e-01,3.57568e-01,1.34954e-01,4.99950e-01,1.84814e-01,1.16454e-01,6.67015e-01,3.39382e-01
6.60223e-01,1.90197e-01,8.43142e-02,4.27624e-01,2.54982e-01,1.75602e-01,1.83057e-01,1.24735e-01,4.60934e-01,6.15757e-01,8.84716e-02,4.69416e-01,3.60507e-01,3.66710e-01,1.47466e-01,5.16288e-01,1.99766e-01,1.23767e-01,6.77438e-01,3.58443e-01
6.58571e-01,1.93440e-01,8.24337e-02,4.56980e-01,2.45172e-01,1.76527e-01,1.87464e-01,1.33941e-01,4.63530e-01,6.25125e-01,8.97621e-02,5.19407e-01,3.74722e-01,3.76689e-01,1.62113e-01,5.32339e-01,2.15600e-01,1.32756e-01,6.87290e-01,3.81047e-01
6.56056e-01,1.97083e-01,8.06645e-02,4.86607e-01,2.36184e-01,1.79058e-01,1.92667e-01,1.43745e-01,4.67310e-01,6.37286e-01,9.12123e-02,5.69639e-01,3.89781e-01,3.87253e-01,1.78911e-01,5.49334e-01,2.31601e-01,1.42943e-01,6.97340e-01,4.08201e-01
6.52634e-01,2.01343e-01,7.90324e-02,5.16371e-01,2.28121e-01,1.83290e-01,1.98541e-01,1.53969e-01,4.72637e-01,6.52744e-01,9.28699e-02,6.19380e-01,4.05838e-01,3.97962e-01,1.97718e-01,5.68620e-01,2.47054e-01,1.53644e-01,7.08704e-01,4.40818e-01
6.48542e-01,2.06486e-01,7.75058e-02,5.46370e-01,2.20882e-01,1.89433e-01,2.04964e-01,1.64532e-01,4.79718e-01,6.71906e-01,9.46866e-02,6.68056e-01,4.22929e-01,4.08592e-01,2.18261e-01,5.91506e-01,2.61495e-01,1.64115e-01,7.22204e-01,4.79348e-01
6.43986e-01,2.12711e-01,7.61396e-02,5.76628e-01,2.14489e-01,1.97681e-01,2.11685e-01,1.75230e-01,4.88445e-01,6.95000e-01,9.67430e-02,7.15275e-01,4.41090e-01,4.18934e-01,2.40349e-01,6.18991e-01,2.74583e-01,1.73645e-01,7.38719e-01,5.23626e-01
6.39459e-01,2.20329e-01,7.49531e-02,6.07304e-01,2.08846e-01,2.08169e-01,2.18598e-01,1.86051e-01,4.98612e-01,7.22233e-01,9.91074e-02,7.60834e-01,4.60137e-01,4.29018e-01,2.63807e-01,6.51442e-01,2.86153e-01,1.81761e-01,7.58599e-01,5.73052e-01
6.35424e-01,2.29469e-01,7.38542e-02,6.38440e-01,2.03977e-01,2.21007e-01,2.25630e-01,1.96923e-01,5.09960e-01,7.53535e-01,1.01857e-01,8.04733e-01,4.80056e-01,4.39201e-01,2.88552e-01,6.88679e-01,2.96176e-01,1.88081e-01,7.82143e-01,6.26446e-01
6.32360e-01,2.40271e-01,7.28868e-02,6.70137e-01,1.99710e-01,2.36190e-01,2.32738e-01,2.07842e-01,5.22205e-01,7.88855e-01,1.05165e-01,8.47082e-01,5.00960e-01,4.50335e-01,3.14558e-01,7.29507e-01,3.04772e-01,1.92440e-01,8.09241e-01,6.82283e-01
6.30777e-01,2.52670e-01,7.20832e-02,7.02452e-01,1.96075e-01,2.53449e-01,2.40048e-01,2.18784e-01,5.35323e-01,8.27845e-01,1.09123e-01,8.88121e-01,5.23011e-01,4.63590e-01,3.41769e-01,7.72081e-01,3.12059e-01,1.94892e-01,8.39639e-01,7.38959e-01
6.31044e-01,2.66514e-01,7.13914e-02,7.35397e-01,1.93042e-01,2.72302e-01,2.47772e-01,2.29693e-01,5.49393e-01,8.70262e-01,1.13888e-01,9.28208e-01,5.46556e-01,4.80466e-01,3.70052e-01,8.14203e-01,3.18143e-01,1.95644e-01,8.72636e-01,7.94868e-01
6.33399e-01,2.81451e-01,7.07998e-02,7.68855e-01,1.90529e-01,2.92139e-01,2.56221e-01,2.40641e-01,5.64830e-01,9.15553e-01,1.19562e-01,9.67734e-01,5.72185e-01,5.02627e-01,3.99039e-01,8.53793e-01,3.23257e-01,1.94942e-01,9.07480e-01,8.48797e-01
6.38019e-01,2.97074e-01,7.03210e-02,8.02792e-01,1.88451e-01,3.12343e-01,2.65693e-01,2.51649e-01,5.82084e-01,9.63357e-01,1.26183e-01,1.00707e+00,6.00868e-01,5.31468e-01,4.28284e-01,8.89212e-01,3.27507e-01,1.93076e-01,9.43601e-01,8.99543e-01
6.44698e-01,3.12876e-01,6.99353e-02,8.37002e-01,1.86792e-01,3.32303e-01,2.76554e-01,2.62707e-01,6.01674e-01,1.01304e+00,1.33684e-01,1.04662e+00,6.33666e-01,5.67318e-01,4.57232e-01,9.19461e-01,3.31078e-01,1.90338e-01,9.80251e-01,9.46141e-01
6.53011e-01,3.28416e-01,6.96423e-02,8.71284e-01,1.85530e-01,3.51595e-01,2.89130e-01,2.73769e-01,6.23971e-01,1.06415e+00,1.41873e-01,1.08673e+00,6.71660e-01,6.09149e-01,4.85238e-01,9.44270e-01,3.34046e-01,1.86924e-01,1.01680e+00,9.87990e-01
6.62408e-01,3.43281e-01,6.94133e-02,9.05315e-01,1.84526e-01,3.69998e-01,3.03639e-01,2.84867e-01,6.49336e-01,1.11610e+00,1.50475e-01,1.12775e+00,7.15970e-01,6.54210e-01,5.11997e-01,9.63771e-01,3.36541e-01,1.83124e-01,1.05258e+00,1.02468e+00
6.72203e-01,3.57149e-01,6.92676e-02,9.38841e-01,1.83807e-01,3.87527e-01,3.20237e-01,2.96060e-01,6.77584e-01,1.16850e+00,1.59059e-01,1.16997e+00,7.66983e-01,6.98867e-01,5.37080e-01,9.78637e-01,3.38679e-01,1.79081e-01,1.08749e+00,1.05596e+00
6.81626e-01,3.69827e-01,6.91721e-02,9.71525e-01,1.83319e-01,4.04260e-01,3.38918e-01,3.07393e-01,7.08399e-01,1.22087e+00,1.67286e-01,1.21363e+00,8.24703e-01,7.39470e-01,5.60363e-01,9.89477e-01,3.40466e-01,1.74947e-01,1.12112e+00,1.08185e+00
6.89971e-01,3.81212e-01,6.91475e-02,1.00309e+00,1.83085e-01,4.20435e-01,3.59592e-01,3.18985e-01,7.41199e-01,1.27284e+00,1.74836e-01,1.25890e+00,8.87893e-01,7.73164e-01,5.81824e-01,9.97013e-01,3.42066e-01,1.70823e-01,1.15327e+00,1.10242e+00
6.96743e-01,3.91345e-01,6.91279e-02,1.03322e+00,1.83003e-01,4.36191e-01,3.81923e-01,3.30858e-01,7.75165e-01,1.32412e+00,1.81467e-01,1.30591e+00,9.54700e-01,7.98487e-01,6.01288e-01,1.00206e+00,3.43504e-01,1.66791e-01,1.18413e+00,1.11804e+00
7.01498e-01,4.00287e-01,6.90836e-02,1.06165e+00,1.83053e-01,4.51505e-01,4.05556e-01,3.43377e-01,8.09458e-01,1.37449e+00,1.87065e-01,1.35471e+00,1.02261e+00,8.15152e-01,6.18790e-01,1.00520e+00,3.44910e-01,1.62917e-01,1.21328e+00,1.12899e+00
7.04104e-01,4.08196e-01,6.91096e-02,1.08837e+00,1.83229e-01,4.66392e-01,4.29880e-01,3.56407e-01,8.43272e-01,1.42382e+00,1.91589e-01,1.40529e+00,1.08900e+00,8.23945e-01,6.34220e-01,1.00705e+00,3.46333e-01,1.59234e-01,1.24086e+00,1.13588e+00
7.04477e-01,4.15222e-01,6.91610e-02,1.11325e+00,1.83533e-01,4.80627e-01,4.54330e-01,3.70141e-01,8.75961e-01,1.47202e+00,1.95110e-01,1.45755e+00,1.15140e+00,8.25961e-01,6.47481e-01,1.00803e+00,3.47873e-01,1.55755e-01,1.26657e+00,1.13916e+00
7.02821e-01,4.21529e-01,6.92335e-02,1.13634e+00,1.83877e-01,4.93948e-01,4.78131e-01,3.84646e-01,9.07047e-01,1.51923e+00,1.97733e-01,1.51132e+00,1.20798e+00,8.22552e-01,6.58375e-01,1.00868e+00,3.49618e-01,1.52530e-01,1.29015e+00,1.13943e+00
6.99235e-01,4.27350e-01,6.93101e-02,1.15782e+00,1.84311e-01,5.06103e-01,5.00810e-01,3.99976e-01,9.36196e-01,1.56543e+00,1.99637e-01,1.56631e+00,1.25755e+00,8.15033e-01,6.66902e-01,1.00942e+00,3.51664e-01,1.49515e-01,1.31156e+00,1.13738e+00
6.94086e-01,4.32799e-01,6.93872e-02,1.17800e+00,1.84784e-01,5.16912e-01,5.21772e-01,4.16075e-01,9.63196e-01,1.61079e+00,2.00998e-01,1.62226e+00,1.29976e+00,8.04487e-01,6.72890e-01,1.01062e+00,3.54075e-01,1.46782e-01,1.33048e+00,1.13353e+00
6.87689e-01,4.38091e-01,6.94691e-02,1.19714e+00,1.85287e-01,5.26262e-01,5.40767e-01,4.32880e-01,9.88074e-01,1.65545e+00,2.02048e-01,1.67884e+00,1.33435e+00,7.91908e-01,6.76383e-01,1.01249e+00,3.56961e-01,1.44256e-01,1.34689e+00,1.12844e+00
6.80280e-01,4.43342e-01,6.95713e-02,1.21569e+00,1.85848e-01,5.34250e-01,5.57680e-01,4.50320e-01,1.01080e+00,1.69932e+00,2.02975e-01,1.73564e+00,1.36174e+00,7.77952e-01,6.77522e-01,1.01527e+00,3.60407e-01,1.42017e-01,1.36043e+00,1.12269e+00
6.72088e-01,4.48684e-01,6.97057e-02,1.23407e+00,1.86392e-01,5.41063e-01,5.72496e-01,4.68160e-01,1.03140e+00,1.74237e+00,2.04009e-01,1.79218e+00,1.38263e+00,7.63231e-01,6.76414e-01,1.01908e+00,3.64438e-01,1.39954e-01,1.37110e+00,1.11679e+00
6.63477e-01,4.54211e-01,6.98617e-02,1.25275e+00,1.86932e-01,5.46963e-01,5.85354e-01,4.86310e-01,1.05008e+00,1.78422e+00,2.05326e-01,1.84811e+00,1.39772e+00,7.48207e-01,6.73224e-01,1.02396e+00,3.69095e-01,1.38106e-01,1.37879e+00,1.11111e+00
6.54657e-01,4.60028e-01,7.00100e-02,1.27222e+00,1.87530e-01,5.52113e-01,5.96529e-01,5.04650e-01,1.06682e+00,1.82464e+00,2.07081e-01,1.90303e+00,1.40783e+00,7.33254e-01,6.68211e-01,1.02992e+00,3.74418e-01,1.36423e-01,1.38347e+00,1.10596e+00
6.45746e-01,4.66222e-01,7.01890e-02,1.29294e+00,1.88114e-01,5.56863e-01,6.06507e-01,5.23078e-01,1.08198e+00,1.86314e+00,2.09457e-01,1.95660e+00,1.41369e+00,7.18569e-01,6.61632e-01,1.03670e+00,3.80422e-01,1.34920e-01,1.38535e+00,1.10144e+00
6.36915e-01,4.72870e-01,7.03492e-02,1.31545e+00,1.88666e-01,5.61422e-01,6.15537e-01,5.41577e-01,1.09558e+00,1.89923e+00,2.12696e-01,2.00852e+00,1.41620e+00,7.04320e-01,6.53765e-01,1.04428e+00,3.87121e-01,1.33621e-01,1.38459e+00,1.09771e+00
6.28259e-01,4.80139e-01,7.05121e-02,1.34029e+00,1.89157e-01,5.65896e-01,6.24074e-01,5.60215e-01,1.10789e+00,1.93253e+00,2.16827e-01,2.05854e+00,1.41608e+00,6.90618e-01,6.44842e-01,1.05238e+00,3.94486e-01,1.32463e-01,1.38131e+00,1.09480e+00
6.19911e-01,4.88013e-01,7.06319e-02,1.36792e+00,1.89611e-01,5.70435e-01,6.32411e-01,5.79071e-01,1.11901e+00,1.96258e+00,2.22010e-01,2.10652e+00,1.41376e+00,6.77490e-01,6.35185e-01,1.06086e+00,4.02502e-01,1.31495e-01,1.37578e+00,1.09251e+00
6.11941e-01,4.96657e-01,7.07618e-02,1.39889e+00,1.90107e-01,5.74976e-01,6.40799e-01,5.98294e-01,1.12928e+00,1.98917e+00,2.28175e-01,2.15239e+00,1.41012e+00,6.65063e-01,6.24867e-01,1.06945e+00,4.11018e-01,1.30653e-01,1.36834e+00,1.09079e+00
6.04300e-01,5.06271e-01,7.09117e-02,1.43365e+00,1.90600e-01,5.79512e-01,6.49459e-01,6.18201e-01,1.13885e+00,2.01209e+00,2.35329e-01,2.19611e+00,1.40548e+00,6.53318e-01,6.14223e-01,1.07794e+00,4.19989e-01,1.29967e-01,1.35933e+00,1.08937e+00
5.97128e-01,5.17067e-01,7.10531e-02,1.47256e+00,1.91110e-01,5.83750e-01,6.58609e-01,6.39319e-01,1.14802e+00,2.03144e+00,2.43304e-01,2.23775e+00,1.40020e+00,6.42346e-01,6.03398e-01,1.08624e+00,4.29362e-01,1.29395e-01,1.34914e+00,1.08807e+00
5.90448e-01,5.29218e-01,7.12161e-02,1.51584e+00,1.91620e-01,5.87726e-01,6.68248e-01,6.61931e-01,1.15694e+00,2.04731e+00,2.51954e-01,2.27754e+00,1.39482e+00,6.32126e-01,5.92491e-01,1.09430e+00,4.39047e-01,1.28949e-01,1.33796e+00,1.08672e+00
5.84232e-01,5.42945e-01,7.13938e-02,1.56362e+00,1.92018e-01,5.91185e-01,6.78384e-01,6.86702e-01,1.16578e+00,2.05988e+00,2.61019e-01,2.31564e+00,1.38948e+00,6.22604e-01,5.81635e-01,1.10203e+00,4.49029e-01,1.28598e-01,1.32616e+00,1.08504e+00
5.78499e-01,5.58551e-01,7.16005e-02,1.61587e+00,1.92426e-01,5.94006e-01,6.89057e-01,7.14234e-01,1.17488e+00,2.06964e+00,2.70229e-01,2.35233e+00,1.38446e+00,6.13804e-01,5.71034e-01,1.10945e+00,4.59278e-01,1.28336e-01,1.31408e+00,1.08288e+00
5.73241e-01,5.76278e-01,7.18128e-02,1.67230e+00,1.92840e-01,5.96140e-01,7.00151e-01,7.44961e-01,1.18439e+00,2.07699e+00,2.79335e-01,2.38796e+00,1.37978e+00,6.05703e-01,5.60716e-01,1.11677e+00,4.69793e-01,1.28155e-01,1.30191e+00,1.08038e+00
5.68442e-01,5.96469e-01,7.20127e-02,1.73235e+00,1.93256e-01,5.97515e-01,7.11473e-01,7.79532e-01,1.19444e+00,2.08232e+00,2.88121e-01,2.42286e+00,1.37563e+00,5.98326e-01,5.50725e-01,1.12406e+00,4.80746e-01,1.28032e-01,1.28979e+00,1.07734e+00
5.64123e-01,6.19225e-01,7.22444e-02,1.79541e+00,1.93624e-01,5.98097e-01,7.22886e-01,8.18167e-01,1.20519e+00,2.08630e+00,2.96411e-01,2.45740e+00,1.37200e+00,5.91544e-01,5.41112e-01,1.13155e+00,4.92324e-01,1.27969e-01,1.27793e+00,1.07383e+00
5.60271e-01,6.44812e-01,7.24087e-02,1.86060e+00,1.94007e-01,5.97935e-01,7.34393e-01,8.61219e-01,1.21665e+00,2.08930e+00,3.04030e-01,2.49195e+00,1.36892e+00,5.85430e-01,5.31971e-01,1.13956e+00,5.04730e-01,1.27951e-01,1.26667e+00,1.06982e+00
5.56788e-01,6.73262e-01,7.25520e-02,1.92700e+00,1.94364e-01,5.97073e-01,7.45704e-01,9.08389e-01,1.22895e+00,2.09200e+00,3.10917e-01,2.52692e+00,1.36629e+00,5.79924e-01,5.23250e-01,1.14830e+00,5.18202e-01,1.27963e-01,1.25601e+00,1.06536e+00
5.53679e-01,7.04543e-01,7.26716e-02,1.99376e+00,1.94682e-01,5.95561e-01,7.56987e-01,9.59139e-01,1.24180e+00,2.09489e+00,3.17043e-01,2.56264e+00,1.36418e+00,5.74988e-01,5.15040e-01,1.15812e+00,5.33094e-01,1.28063e-01,1.24604e+00,1.06056e+00
5.51042e-01,7.38577e-01,7.27652e-02,2.06035e+00,1.94983e-01,5.93450e-01,7.68065e-01,1.01259e+00,1.25532e+00,2.09857e+00,3.22401e-01,2.59951e+00,1.36254e+00,5.70525e-01,5.07292e-01,1.16941e+00,5.49765e-01,1.28163e-01,1.23698e+00,1.05554e+00
5.48689e-01,7.74996e-01,7.28583e-02,2.12622e+00,1.95225e-01,5.90888e-01,7.79031e-01,1.06747e+00,1.26921e+00,2.10364e+00,3.26986e-01,2.63782e+00,1.36102e+00,5.66696e-01,5.00057e-01,1.18253e+00,5.68531e-01,1.28323e-01,1.22895e+00,1.05042e+00
5.46667e-01,8.13507e-01,7.29323e-02,2.19125e+00,1.95477e-01,5.87931e-01,7.90084e-01,1.12237e+00,1.28323e+00,2.11061e+00,3.30864e-01,2.67780e+00,1.35981e+00,5.63336e-01,4.93321e-01,1.19784e+00,5.89703e-01,1.28511e-01,1.22189e+00,1.04516e+00
5.44994e-01,8.53463e-01,7.30289e-02,2.25544e+00,1.95712e-01,5.84630e-01,8.01359e-01,1.17582e+00,1.29704e+00,2.12018e+00,3.34064e-01,2.71962e+00,1.35871e+00,5.60405e-01,4.87071e-01,1.21572e+00,6.13571e-01,1.28663e-01,1.21592e+00,1.03996e+00
5.43504e-01,8.94265e-01,7.31200e-02,2.31918e+00,1.95973e-01,5.81123e-01,8.13098e-01,1.22652e+00,1.31036e+00,2.13277e+00,3.36675e-01,2.76347e+00,1.35773e+00,5.57907e-01,4.81291e-01,1.23649e+00,6.40316e-01,1.28840e-01,1.21097e+00,1.03482e+00
5.42338e-01,9.35320e-01,7.32077e-02,2.38286e+00,1.96248e-01,5.77393e-01,8.25641e-01,1.27339e+00,1.32286e+00,2.14915e+00,3.38728e-01,2.80942e+00,1.35674e+00,5.55809e-01,4.75988e-01,1.26069e+00,6.70153e-01,1.29023e-01,1.20715e+00,1.03001e+00
5.41389e-01,9.75825e-01,7.32904e-02,2.44712e+00,1.96486e-01,5.73611e-01,8.39394e-01,1.31568e+00,1.33425e+00,2.16963e+00,3.40314e-01,2.85752e+00,1.35590e+00,5.54085e-01,4.71157e-01,1.28859e+00,7.03087e-01,1.29204e-01,1.20424e+00,1.02536e+00
5.40663e-01,1.01510e+00,7.33829e-02,2.51246e+00,1.96685e-01,5.69701e-01,8.54711e-01,1.35293e+00,1.34434e+00,2.19487e+00,3.41381e-01,2.90769e+00,1.35506e+00,5.52671e-01,4.66748e-01,1.32051e+00,7.39156e-01,1.29401e-01,1.20242e+00,1.02101e+00
5.40100e-01,1.05260e+00,7.34550e-02,2.57953e+00,1.96855e-01,5.65741e-01,8.71942e-01,1.38484e+00,1.35293e+00,2.22506e+00,3.42080e-01,2.95980e+00,1.35420e+00,5.51584e-01,4.62762e-01,1.35677e+00,7.78391e-01,1.29603e-01,1.20149e+00,1.01706e+00
5.39724e-01,1.08775e+00,7.35121e-02,2.64883e+00,1.97031e-01,5.61793e-01,8.91436e-01,1.41161e+00,1.35978e+00,2.26060e+00,3.42309e-01,3.01378e+00,1.35342e+00,5.50753e-01,4.59196e-01,1.39734e+00,8.20947e-01,1.29799e-01,1.20129e+00,1.01354e+00
5.39544e-01,1.12021e+00,7.35255e-02,2.72066e+00,1.97184e-01,5.57901e-01,9.13445e-01,1.43331e+00,1.36508e+00,2.30160e+00,3.42187e-01,3.06936e+00,1.35279e+00,5.50147e-01,4.55985e-01,1.44247e+00,8.67179e-01,1.30017e-01,1.20186e+00,1.01050e+00
5.39454e-01,1.14957e+00,7.35964e-02,2.79517e+00,1.97299e-01,5.54036e-01,9.38134e-01,1.45039e+00,1.36866e+00,2.34792e+00,3.41680e-01,3.12616e+00,1.35227e+00,5.49708e-01,4.53155e-01,1.49200e+00,9.17526e-01,1.30207e-01,1.20313e+00,1.00798e+00
5.39535e-01,1.17574e+00,7.36687e-02,2.87247e+00,1.97433e-01,5.50291e-01,9.65508e-01,1.46324e+00,1.37059e+00,2.39950e+00,3.40870e-01,3.18391e+00,1.35196e+00,5.49562e-01,4.50678e-01,1.54552e+00,9.72569e-01,1.30372e-01,1.20479e+00,1.00601e+00
5.39707e-01,1.19857e+00,7.37313e-02,2.95257e+00,1.97490e-01,5.46652e-01,9.95318e-01,1.47228e+00,1.37098e+00,2.45579e+00,3.39744e-01,3.24229e+00,1.35176e+00,5.49519e-01,4.48501e-01,1.60260e+00,1.03279e+00,1.30532e-01,1.20692e+00,1.00466e+00
5.39907e-01,1.21812e+00,7.37884e-02,3.03508e+00,1.97540e-01,5.43111e-01,1.02718e+00,1.47808e+00,1.37000e+00,2.51629e+00,3.38336e-01,3.30092e+00,1.35176e+00,5.49621e-01,4.46618e-01,1.66239e+00,1.09846e+00,1.30704e-01,1.20920e+00,1.00401e+00
5.40169e-01,1.23447e+00,7.38238e-02,3.11985e+00,1.97640e-01,5.39699e-01,1.06052e+00,1.48107e+00,1.36780e+00,2.58039e+00,3.36688e-01,3.35946e+00,1.35214e+00,5.49910e-01,4.45034e-01,1.72402e+00,1.16951e+00,1.30875e-01,1.21160e+00,1.00413e+00
5.40568e-01,1.24782e+00,7.38452e-02,3.20673e+00,1.98026e-01,5.36375e-01,1.09465e+00,1.48170e+00,1.36457e+00,2.64733e+00,3.34849e-01,3.41751e+00,1.35266e+00,5.50301e-01,4.43669e-01,1.78641e+00,1.24509e+00,1.31057e-01,1.21408e+00,1.00515e+00
5.41039e-01,1.25839e+00,7.38805e-02,3.29553e+00,1.98154e-01,5.33172e-01,1.12879e+00,1.48028e+00,1.36042e+00,2.71655e+00,3.32794e-01,3.47475e+00,1.35347e+00,5.50795e-01,4.42538e-01,1.84823e+00,1.32392e+00,1.31237e-01,1.21638e+00,1.00705e+00
5.41630e-01,1.26632e+00,7.39220e-02,3.38591e+00,1.98127e-01,5.30139e-01,1.16213e+00,1.47726e+00,1.35558e+00,2.78726e+00,3.30597e-01,3.53085e+00,1.35444e+00,5.51307e-01,4.41660e-01,1.90839e+00,1.40427e+00,1.31412e-01,1.21844e+00,1.01000e+00
5.42176e-01,1.27199e+00,7.39536e-02,3.47795e+00,1.98055e-01,5.27219e-01,1.19410e+00,1.47305e+00,1.35022e+00,2.85897e+00,3.28270e-01,3.58553e+00,1.35568e+00,5.51864e-01,4.40922e-01,1.96576e+00,1.48410e+00,1.31583e-01,1.22016e+00,1.01408e+00
5.42760e-01,1.27565e+00,7.39525e-02,3.57180e+00,1.98039e-01,5.24456e-01,1.22420e+00,1.46780e+00,1.34439e+00,2.93122e+00,3.25809e-01,3.63858e+00,1.35704e+00,5.52525e-01,4.40365e-01,2.01938e+00,1.56150e+00,1.31716e-01,1.22169e+00,1.01952e+00
5.43421e-01,1.27761e+00,7.39790e-02,3.66729e+00,1.98037e-01,5.21842e-01,1.25204e+00,1.46195e+00,1.33836e+00,3.00374e+00,3.23328e-01,3.68969e+00,1.35858e+00,5.53233e-01,4.39950e-01,2.06872e+00,1.63481e+00,1.31861e-01,1.22290e+00,1.02646e+00
5.44067e-01,1.27809e+00,7.40368e-02,3.76430e+00,1.98026e-01,5.19411e-01,1.27741e+00,1.45571e+00,1.33215e+00,3.07631e+00,3.20782e-01,3.73865e+00,1.36012e+00,5.53941e-01,4.39667e-01,2.11318e+00,1.70263e+00,1.32015e-01,1.22378e+00,1.03505e+00
5.44684e-01,1.27736e+00,7.40404e-02,3.86281e+00,1.98024e-01,5.17121e-01,1.30015e+00,1.44931e+00,1.32587e+00,3.14894e+00,3.18202e-01,3.78546e+00,1.36183e+00,5.54684e-01,4.39557e-01,2.15272e+00,1.76393e+00,1.32161e-01,1.22416e+00,1.04546e+00
5.45284e-01,1.27564e+00,7.40626e-02,3.96239e+00,1.98060e-01,5.14979e-01,1.32040e+00,1.44306e+00,1.31966e+00,3.22159e+00,3.15591e-01,3.83011e+00,1.36335e+00,5.55421e-01,4.39521e-01,2.18736e+00,1.81820e+00,1.32301e-01,1.22423e+00,1.05781e+00
5.45902e-01,1.27324e+00,7.40846e-02,4.06260e+00,1.98136e-01,5.13030e-01,1.33818e+00,1.43715e+00,1.31352e+00,3.29443e+00,3.13025e-01,3.87254e+00,1.36476e+00,5.56207e-01,4.39578e-01,2.21702e+00,1.86507e+00,1.32426e-01,1.22389e+00,1.07232e+00
5.46492e-01,1.27032e+00,7.40815e-02,4.16276e+00,1.98272e-01,5.11229e-01,1.35365e+00,1.43169e+00,1.30755e+00,3.36762e+00,3.10507e-01,3.91273e+00,1.36613e+00,5.56982e-01,4.39705e-01,2.24225e+00,1.90464e+00,1.32530e-01,1.22311e+00,1.08919e+00
5.47111e-01,1.26709e+00,7.41230e-02,4.26186e+00,1.98473e-01,5.09537e-01,1.36703e+00,1.42700e+00,1.30182e+00,3.44124e+00,3.08041e-01,3.95081e+00,1.36731e+00,5.57773e-01,4.39918e-01,2.26325e+00,1.93711e+00,1.32629e-01,1.22211e+00,1.10863e+00
5.47723e-01,1.26377e+00,7.41629e-02,4.35914e+00,1.98722e-01,5.07976e-01,1.37850e+00,1.42320e+00,1.29635e+00,3.51545e+00,3.05646e-01,3.98696e+00,1.36826e+00,5.58574e-01,4.40188e-01,2.28071e+00,1.96295e+00,1.32742e-01,1.22084e+00,1.13072e+00
5.48307e-01,1.26060e+00,7.41860e-02,4.45359e+00,1.98969e-01,5.06563e-01,1.38822e+00,1.42049e+00,1.29112e+00,3.59027e+00,3.03343e-01,4.02125e+00,1.36906e+00,5.59356e-01,4.40456e-01,2.29488e+00,1.98275e+00,1.32818e-01,1.21940e+00,1.15559e+00
5.48828e-01,1.25771e+00,7.41861e-02,4.54438e+00,1.99209e-01,5.05306e-01,1.39636e+00,1.41899e+00,1.28613e+00,3.66577e+00,3.01124e-01,4.05389e+00,1.36969e+00,5.60108e-01,4.40772e-01,2.30631e+00,1.99727e+00,1.32861e-01,1.21774e+00,1.18346e+00
5.49384e-01,1.25532e+00,7.41733e-02,4.63076e+00,1.99394e-01,5.04130e-01,1.40305e+00,1.41890e+00,1.28155e+00,3.74185e+00,2.98979e-01,4.08524e+00,1.37012e+00,5.60841e-01,4.41084e-01,2.31552e+00,2.00725e+00,1.32944e-01,1.21593e+00,1.21429e+00
5.49925e-01,1.25366e+00,7.41728e-02,4.71208e+00,1.99488e-01,5.03123e-01,1.40846e+00,1.42026e+00,1.27723e+00,3.81840e+00,2.96938e-01,4.11559e+00,1.37026e+00,5.61533e-01,4.41450e-01,2.32285e+00,2.01336e+00,1.33046e-01,1.21403e+00,1.24799e+00
5.50407e-01,1.25290e+00,7.41532e-02,4.78799e+00,1.99499e-01,5.02168e-01,1.41259e+00,1.42321e+00,1.27322e+00,3.89522e+00,2.94928e-01,4.14523e+00,1.37018e+00,5.62207e-01,4.41845e-01,2.32879e+00,2.01625e+00,1.33122e-01,1.21206e+00,1.28451e+00
5.50926e-01,1.25327e+00,7.41531e-02,4.85797e+00,1.99436e-01,5.01313e-01,1.41557e+00,1.42778e+00,1.26954e+00,3.97198e+00,2.92990e-01,4.17454e+00,1.36990e+00,5.62850e-01,4.42210e-01,2.33389e+00,2.01655e+00,1.33167e-01,1.21008e+00,1.32349e+00
5.51496e-01,1.25510e+00,7.41431e-02,4.92163e+00,1.99281e-01,5.00586e-01,1.41745e+00,1.43402e+00,1.26619e+00,4.04845e+00,2.91145e-01,4.20388e+00,1.36941e+00,5.63459e-01,4.42582e-01,2.33846e+00,2.01480e+00,1.33194e-01,1.20808e+00,1.36460e+00
5.52064e-01,1.25863e+00,7.41037e-02,4.97866e+00,1.99049e-01,4.99953e-01,1.41824e+00,1.44184e+00,1.26316e+00,4.12438e+00,2.89414e-01,4.23364e+00,1.36877e+00,5.64061e-01,4.42953e-01,2.34299e+00,2.01148e+00,1.33218e-01,1.20594e+00,1.40738e+00
5.52690e-01,1.26429e+00,7.40843e-02,5.02922e+00,1.98788e-01,4.99449e-01,1.41808e+00,1.45119e+00,1.26043e+00,4.19953e+00,2.87793e-01,4.26427e+00,1.36797e+00,5.64631e-01,4.43337e-01,2.34796e+00,2.00708e+00,1.33240e-01,1.20381e+00,1.45118e+00
5.53359e-01,1.27237e+00,7.40810e-02,5.07322e+00,1.98525e-01,4.98975e-01,1.41700e+00,1.46183e+00,1.25801e+00,4.27370e+00,2.86292e-01,4.29620e+00,1.36700e+00,5.65179e-01,4.43711e-01,2.35383e+00,2.00181e+00,1.33254e-01,1.20182e+00,1.49549e+00
5.54151e-01,1.28333e+00,7.40571e-02,5.11086e+00,1.98247e-01,4.98609e-01,1.41515e+00,1.47354e+00,1.25583e+00,4.34672e+00,2.84914e-01,4.32981e+00,1.36596e+00,5.65688e-01,4.44102e-01,2.36100e+00,1.99579e+00,1.33252e-01,1.19992e+00,1.53951e+00
5.55075e-01,1.29766e+00,7.40625e-02,5.14233e+00,1.97955e-01,4.98233e-01,1.41252e+00,1.48618e+00,1.25395e+00,4.41857e+00,2.83664e-01,4.36557e+00,1.36485e+00,5.66139e-01,4.44573e-01,2.36995e+00,1.98925e+00,1.33238e-01,1.19808e+00,1.58268e+00
5.56200e-01,1.31583e+00,7.40337e-02,5.16802e+00,1.97709e-01,4.97935e-01,1.40918e+00,1.49959e+00,1.25234e+00,4.48931e+00,2.82487e-01,4.40394e+00,1.36369e+00,5.66565e-01,4.45042e-01,2.38121e+00,1.98229e+00,1.33253e-01,1.19628e+00,1.62448e+00
5.57572e-01,1.33839e+00,7.39860e-02,5.18835e+00,1.97465e-01,4.97656e-01,1.40523e+00,1.51355e+00,1.25094e+00,4.55905e+00,2.81422e-01,4.44519e+00,1.36250e+00,5.66981e-01,4.45461e-01,2.39511e+00,1.97494e+00,1.33278e-01,1.19452e+00,1.66453e+00
5.59239e-01,1.36582e+00,7.39375e-02,5.20382e+00,1.97195e-01,4.97466e-01,1.40068e+00,1.52779e+00,1.24984e+00,4.62815e+00,2.80470e-01,4.48981e+00,1.36130e+00,5.67331e-01,4.45881e-01,2.41214e+00,1.96723e+00,1.33300e-01,1.19302e+00,1.70243e+00
5.61267e-01,1.39852e+00,7.39119e-02,5.21510e+00,1.96927e-01,4.97306e-01,1.39571e+00,1.54202e+00,1.24888e+00,4.69693e+00,2.79543e-01,4.53812e+00,1.36012e+00,5.67618e-01,4.46317e-01,2.43251e+00,1.95925e+00,1.33309e-01,1.19159e+00,1.73805e+00
5.63700e-01,1.43693e+00,7.38974e-02,5.22275e+00,1.96643e-01,4.97261e-01,1.39034e+00,1.55624e+00,1.24808e+00,4.76590e+00,2.78696e-01,4.59041e+00,1.35896e+00,5.67860e-01,4.46729e-01,2.45663e+00,1.95093e+00,1.33296e-01,1.19026e+00,1.77117e+00
5.66707e-01,1.48116e+00,7.38585e-02,5.22717e+00,1.96378e-01,4.97231e-01,1.38463e+00,1.57019e+00,1.24747e+00,4.83563e+00,2.77935e-01,4.64702e+00,1.35782e+00,5.68105e-01,4.47118e-01,2.48437e+00,1.94237e+00,1.33256e-01,1.18889e+00,1.80199e+00
5.70300e-01,1.53133e+00,7.37971e-02,5.22908e+00,1.96137e-01,4.97268e-01,1.37867e+00,1.58390e+00,1.24698e+00,4.90671e+00,2.77281e-01,4.70815e+00,1.35676e+00,5.68383e-01,4.47517e-01,2.51571e+00,1.93357e+00,1.33201e-01,1.18762e+00,1.83058e+00
5.74580e-01,1.58725e+00,7.37676e-02,5.22907e+00,1.95937e-01,4.97272e-01,1.37248e+00,1.59728e+00,1.24669e+00,4.97972e+00,2.76737e-01,4.77402e+00,1.35571e+00,5.68688e-01,4.47867e-01,2.55029e+00,1.92452e+00,1.33159e-01,1.18646e+00,1.85708e+00
5.79571e-01,1.64860e+00,7.37398e-02,5.22768e+00,1.95739e-01,4.97264e-01,1.36615e+00,1.61033e+00,1.24644e+00,5.05534e+00,2.76239e-01,4.84485e+00,1.35469e+00,5.68990e-01,4.48209e-01,2.58748e+00,1.91515e+00,1.33127e-01,1.18545e+00,1.88183e+00
5.85271e-01,1.71461e+00,7.37188e-02,5.22527e+00,1.95505e-01,4.97291e-01,1.35982e+00,1.62324e+00,1.24636e+00,5.13410e+00,2.75837e-01,4.92063e+00,1.35376e+00,5.69271e-01,4.48565e-01,2.62680e+00,1.90557e+00,1.33095e-01,1.18450e+00,1.90530e+00
5.91595e-01,1.78458e+00,7.37066e-02,5.22221e+00,1.95283e-01,4.97350e-01,1.35341e+00,1.63607e+00,1.24638e+00,5.21656e+00,2.75444e-01,5.00131e+00,1.35291e+00,5.69520e-01,4.48917e-01,2.66726e+00,1.89589e+00,1.33034e-01,1.18369e+00,1.92780e+00
5.98470e-01,1.85761e+00,7.36621e-02,5.21913e+00,1.95093e-01,4.97385e-01,1.34693e+00,1.64887e+00,1.24647e+00,5.30300e+00,2.75069e-01,5.08707e+00,1.35215e+00,5.69764e-01,4.49245e-01,2.70808e+00,1.88614e+00,1.32960e-01,1.18296e+00,1.94967e+00
6.05682e-01,1.93260e+00,7.35937e-02,5.21645e+00,1.94945e-01,4.97443e-01,1.34051e+00,1.66191e+00,1.24662e+00,5.39377e+00,2.74738e-01,5.17770e+00,1.35143e+00,5.69978e-01,4.49559e-01,2.74821e+00,1.87633e+00,1.32915e-01,1.18232e+00,1.97146e+00
6.13000e-01,2.00857e+00,7.35500e-02,5.21450e+00,1.94798e-01,4.97489e-01,1.33416e+00,1.67535e+00,1.24684e+00,5.48880e+00,2.74477e-01,5.27295e+00,1.35081e+00,5.70170e-01,4.49880e-01,2.78692e+00,1.86648e+00,1.32879e-01,1.18168e+00,1.99370e+00
6.20159e-01,2.08476e+00,7.34853e-02,5.21370e+00,1.94631e-01,4.97577e-01,1.32791e+00,1.68949e+00,1.24707e+00,5.58811e+00,2.74293e-01,5.37264e+00,1.35028e+00,5.70330e-01,4.50198e-01,2.82341e+00,1.85670e+00,1.32839e-01,1.18114e+00,2.01677e+00
6.26889e-01,2.16033e+00,7.34098e-02,5.21445e+00,1.94430e-01,4.97661e-01,1.32176e+00,1.70451e+00,1.24734e+00,5.69115e+00,2.74158e-01,5.47650e+00,1.34982e+00,5.70467e-01,4.50509e-01,2.85714e+00,1.84710e+00,1.32773e-01,1.18060e+00,2.04125e+00
6.32945e-01,2.23458e+00,7.33443e-02,5.21720e+00,1.94213e-01,4.97733e-01,1.31577e+00,1.72075e+00,1.24767e+00,5.79779e+00,2.74069e-01,5.58457e+00,1.34944e+00,5.70603e-01,4.50787e-01,2.88790e+00,1.83768e+00,1.32675e-01,1.18006e+00,2.06777e+00
6.38121e-01,2.30725e+00,7.39512e-02,5.22219e+00,1.95058e-01,4.97817e-01,1.30996e+00,1.73853e+00,1.24845e+00,5.90685e+00,2.74028e-01,5.69545e+00,1.34914e+00,5.70725e-01,4.51052e-01,2.91514e+00,1.82851e+00,1.33235e-01,1.17957e+00,2.09679e+00
6.42262e-01,2.37861e+00,7.51265e-02,5.22984e+00,1.96058e-01,4.97850e-01,1.30432e+00,1.75818e+00,1.24930e+00,6.01879e+00,2.74015e-01,5.80970e+00,1.34886e+00,5.70793e-01,4.51310e-01,2.93910e+00,1.81955e+00,1.33373e-01,1.17911e+00,2.12865e+00
6.45235e-01,2.44706e+00,7.66884e-02,5.24058e+00,1.96927e-01,4.97885e-01,1.29886e+00,1.77996e+00,1.25086e+00,6.13260e+00,2.74020e-01,5.92575e+00,1.34864e+00,5.70825e-01,4.51547e-01,2.95957e+00,1.81087e+00,1.33515e-01,1.17875e+00,2.16387e+00
6.47074e-01,2.51347e+00,7.84519e-02,5.25479e+00,1.98327e-01,4.97960e-01,1.29363e+00,1.80436e+00,1.25333e+00,6.24632e+00,2.74032e-01,6.04352e+00,1.34853e+00,5.71645e-01,4.51757e-01,2.97680e+00,1.80255e+00,1.33814e-01,1.17842e+00,2.20266e+00
6.47726e-01,2.57808e+00,7.99324e-02,5.27280e+00,1.99913e-01,4.98037e-01,1.28862e+00,1.83154e+00,1.25575e+00,6.36021e+00,2.74042e-01,6.16241e+00,1.34847e+00,5.72146e-01,4.51947e-01,2.99115e+00,1.79457e+00,1.34234e-01,1.17814e+00,2.24498e+00
6.47298e-01,2.64101e+00,8.10265e-02,5.29496e+00,2.01531e-01,4.98095e-01,1.28384e+00,1.86185e+00,1.25813e+00,6.47282e+00,2.74064e-01,6.28184e+00,1.34844e+00,5.72490e-01,4.52127e-01,3.00269e+00,1.78696e+00,1.34737e-01,1.17779e+00,2.29090e+00
6.45949e-01,2.70247e+00,8.18272e-02,5.32159e+00,2.03275e-01,4.98147e-01,1.27930e+00,1.89551e+00,1.26052e+00,6.58260e+00,2.74092e-01,6.40130e+00,1.34850e+00,5.72919e-01,4.52307e-01,3.01188e+00,1.77973e+00,1.35254e-01,1.17745e+00,2.33984e+00
6.43705e-01,2.76247e+00,8.23906e-02,5.35314e+00,2.05026e-01,4.98205e-01,1.27496e+00,1.93293e+00,1.26272e+00,6.68845e+00,2.74134e-01,6.52038e+00,1.34865e+00,5.73440e-01,4.52490e-01,3.01904e+00,1.77303e+00,1.35734e-01,1.17714e+00,2.39136e+00
6.40761e-01,2.82108e+00,8.27383e-02,5.38988e+00,2.06596e-01,4.98259e-01,1.27082e+00,1.97382e+00,1.26485e+00,6.78989e+00,2.74205e-01,6.63855e+00,1.34887e+00,5.73962e-01,4.52667e-01,3.02425e+00,1.76673e+00,1.36153e-01,1.17686e+00,2.44450e+00
6.37296e-01,2.87834e+00,8.29522e-02,5.43185e+00,2.07924e-01,4.98303e-01,1.26694e+00,2.01834e+00,1.26667e+00,6.88642e+00,2.74272e-01,6.75542e+00,1.34920e+00,5.74449e-01,4.52828e-01,3.02791e+00,1.76088e+00,1.36531e-01,1.17658e+00,2.49835e+00
6.33409e-01,2.93433e+00,8.30190e-02,5.47926e+00,2.09783e-01,4.98334e-01,1.26324e+00,2.06614e+00,1.26905e+00,6.97765e+00,2.74333e-01,6.87075e+00,1.34961e+00,5.74877e-01,4.52981e-01,3.03041e+00,1.75551e+00,1.36851e-01,1.17628e+00,2.55194e+00
6.29177e-01,2.98920e+00,8.29449e-02,5.53214e+00,2.11290e-01,4.98337e-01,1.25976e+00,2.11699e+00,1.27183e+00,7.06361e+00,2.74409e-01,6.98444e+00,1.35000e+00,5.75256e-01,4.53131e-01,3.03177e+00,1.75142e+00,1.37633e-01,1.17594e+00,2.60398e+00
6.24783e-01,3.04305e+00,8.27728e-02,5.59008e+00,2.12802e-01,4.98311e-01,1.25651e+00,2.17031e+00,1.27520e+00,7.14382e+00,2.74504e-01,7.09634e+00,1.35036e+00,5.75635e-01,4.53263e-01,3.03211e+00,1.74728e+00,1.37990e-01,1.17564e+00,2.65377e+00
6.20295e-01,3.09603e+00,8.24823e-02,5.65281e+00,2.14621e-01,4.98284e-01,1.25350e+00,2.22571e+00,1.27909e+00,7.21868e+00,2.74587e-01,7.20621e+00,1.35066e+00,5.76029e-01,4.53359e-01,3.03167e+00,1.74339e+00,1.38236e-01,1.17539e+00,2.70051e+00
6.15765e-01,3.14818e+00,8.20726e-02,5.72002e+00,2.16762e-01,4.98259e-01,1.25069e+00,2.28268e+00,1.28317e+00,7.28815e+00,2.74657e-01,7.31416e+00,1.35091e+00,5.76404e-01,4.53427e-01,3.03066e+00,1.73973e+00,1.38471e-01,1.17507e+00,2.74347e+00
6.11310e-01,3.19966e+00,8.15672e-02,5.79095e+00,2.19353e-01,4.98219e-01,1.24812e+00,2.34034e+00,1.28740e+00,7.35256e+00,2.74711e-01,7.42047e+00,1.35106e+00,5.76710e-01,4.53463e-01,3.02917e+00,1.73637e+00,1.38673e-01,1.17472e+00,2.78229e+00
6.06978e-01,3.25066e+00,8.10170e-02,5.86485e+00,2.22547e-01,4.98160e-01,1.24576e+00,2.39816e+00,1.29164e+00,7.41239e+00,2.74753e-01,7.52537e+00,1.35114e+00,5.76959e-01,4.53468e-01,3.02738e+00,1.73342e+00,1.38814e-01,1.17435e+00,2.81686e+00
6.02808e-01,3.30134e+00,8.03954e-02,5.94110e+00,2.26205e-01,4.98114e-01,1.24356e+00,2.45566e+00,1.29596e+00,7.46794e+00,2.74807e-01,7.62922e+00,1.35124e+00,5.77173e-01,4.53453e-01,3.02526e+00,1.73075e+00,1.38840e-01,1.17393e+00,2.84708e+00
5.98863e-01,3.35188e+00,7.97612e-02,6.01899e+00,2.29983e-01,4.98086e-01,1.24152e+00,2.51245e+00,1.30055e+00,7.51925e+00,2.74907e-01,7.73239e+00,1.35128e+00,5.77322e-01,4.53393e-01,3.02290e+00,1.72843e+00,1.38790e-01,1.17351e+00,2.87309e+00
5.95169e-01,3.40249e+00,7.91432e-02,6.09760e+00,2.33267e-01,4.98054e-01,1.23965e+00,2.56823e+00,1.30541e+00,7.56705e+00,2.74977e-01,7.83539e+00,1.35130e+00,5.77408e-01,4.53296e-01,3.02034e+00,1.72650e+00,1.38686e-01,1.17312e+00,2.89521e+00
5.91711e-01,3.45332e+00,7.85398e-02,6.17645e+00,2.35747e-01,4.98004e-01,1.23793e+00,2.62281e+00,1.31052e+00,7.61131e+00,2.75018e-01,7.93868e+00,1.35130e+00,5.77455e-01,4.53189e-01,3.01756e+00,1.72495e+00,1.38541e-01,1.17274e+00,2.91355e+00
5.88506e-01,3.50463e+00,7.79821e-02,6.25453e+00,2.37223e-01,4.97931e-01,1.23634e+00,2.67614e+00,1.31569e+00,7.65255e+00,2.75064e-01,8.04276e+00,1.35128e+00,5.77443e-01,4.53085e-01,3.01462e+00,1.72371e+00,1.38413e-01,1.17235e+00,2.92864e+00
5.85617e-01,3.55661e+00,7.74825e-02,6.33176e+00,2.37764e-01,4.97857e-01,1.23494e+00,2.72824e+00,1.32078e+00,7.69105e+00,2.75105e-01,8.14814e+00,1.35121e+00,5.77363e-01,4.52952e-01,3.01153e+00,1.72274e+00,1.38288e-01,1.17200e+00,2.94082e+00
5.82978e-01,3.60950e+00,7.70282e-02,6.40772e+00,2.37624e-01,4.97774e-01,1.23368e+00,2.77926e+00,1.32564e+00,7.72687e+00,2.75146e-01,8.25518e+00,1.35110e+00,5.77218e-01,4.52793e-01,3.00832e+00,1.72203e+00,1.38189e-01,1.17169e+00,2.95040e+00
5.80596e-01,3.66350e+00,7.66298e-02,6.48211e+00,2.37057e-01,4.97665e-01,1.23256e+00,2.82956e+00,1.33018e+00,7.76066e+00,2.75155e-01,8.36416e+00,1.35094e+00,5.77009e-01,4.52625e-01,3.00499e+00,1.72157e+00,1.38132e-01,1.17130e+00,2.95792e+00
5.78482e-01,3.71890e+00,7.62825e-02,6.55521e+00,2.36218e-01,4.97530e-01,1.23155e+00,2.87935e+00,1.33431e+00,7.79231e+00,2.75163e-01,8.47548e+00,1.35069e+00,5.76726e-01,4.52432e-01,3.00162e+00,1.72132e+00,1.38112e-01,1.17088e+00,2.96350e+00
5.76570e-01,3.77587e+00,7.59547e-02,6.62711e+00,2.35181e-01,4.97384e-01,1.23066e+00,2.92912e+00,1.33793e+00,7.82245e+00,2.75184e-01,8.58942e+00,1.35039e+00,5.76364e-01,4.52245e-01,2.99822e+00,1.72125e+00,1.38101e-01,1.17042e+00,2.96766e+00
5.74860e-01,3.83474e+00,7.56386e-02,6.69804e+00,2.33959e-01,4.97224e-01,1.22985e+00,2.97920e+00,1.34091e+00,7.85098e+00,2.75194e-01,8.70610e+00,1.35005e+00,5.75939e-01,4.52066e-01,2.99485e+00,1.72136e+00,1.38137e-01,1.16993e+00,2.97051e+00
5.73328e-01,3.89573e+00,7.53569e-02,6.76837e+00,2.32479e-01,4.97054e-01,1.22913e+00,3.02984e+00,1.34340e+00,7.87851e+00,2.75207e-01,8.82579e+00,1.34967e+00,5.75442e-01,4.51889e-01,2.99147e+00,1.72164e+00,1.38198e-01,1.16937e+00,2.97234e+00
5.72023e-01,3.95915e+00,7.50880e-02,6.83803e+00,2.30740e-01,4.96885e-01,1.22853e+00,3.08156e+00,1.34529e+00,7.90479e+00,2.75227e-01,8.94842e+00,1.34926e+00,5.74899e-01,4.51714e-01,2.98815e+00,1.72209e+00,1.38243e-01,1.16882e+00,2.97334e+00
5.70835e-01,4.02519e+00,7.48191e-02,6.90765e+00,2.28755e-01,4.96706e-01,1.22800e+00,3.13457e+00,1.34672e+00,7.93054e+00,2.75260e-01,9.07405e+00,1.34885e+00,5.74295e-01,4.51552e-01,2.98491e+00,1.72269e+00,1.38334e-01,1.16830e+00,2.97374e+00
5.69793e-01,4.09406e+00,7.45389e-02,6.97739e+00,2.26527e-01,4.96544e-01,1.22755e+00,3.18893e+00,1.34760e+00,7.95553e+00,2.75305e-01,9.20271e+00,1.34843e+00,5.73672e-01,4.51387e-01,2.98183e+00,1.72333e+00,1.38458e-01,1.16777e+00,2.97366e+00
5.68872e-01,4.16601e+00,7.42681e-02,7.04734e+00,2.24080e-01,4.96390e-01,1.22717e+00,3.24494e+00,1.34809e+00,7.98023e+00,2.75351e-01,9.33415e+00,1.34792e+00,5.73021e-01,4.51211e-01,2.97893e+00,1.72401e+00,1.38614e-01,1.16723e+00,2.97323e+00
5.67994e-01,4.24118e+00,7.40170e-02,7.11752e+00,2.21495e-01,4.96262e-01,1.22687e+00,3.30261e+00,1.34816e+00,8.00464e+00,2.75393e-01,9.46806e+00,1.34742e+00,5.72344e-01,4.51043e-01,2.97625e+00,1.72478e+00,1.38846e-01,1.16671e+00,2.97244e+00
5.67194e-01,4.31964e+00,7.37678e-02,7.18789e+00,2.18846e-01,4.96121e-01,1.22662e+00,3.36176e+00,1.34789e+00,8.02899e+00,2.75407e-01,9.60446e+00,1.34692e+00,5.71663e-01,4.50859e-01,2.97387e+00,1.72556e+00,1.39114e-01,1.16623e+00,2.97150e+00
5.66402e-01,4.40163e+00,7.35229e-02,7.25833e+00,2.16151e-01,4.95935e-01,1.22644e+00,3.42225e+00,1.34728e+00,8.05343e+00,2.75393e-01,9.74304e+00,1.34636e+00,5.70978e-01,4.50670e-01,2.97188e+00,1.72633e+00,1.39430e-01,1.16577e+00,2.97041e+00
5.65605e-01,4.48708e+00,7.32905e-02,7.32859e+00,2.13489e-01,4.95737e-01,1.22628e+00,3.48363e+00,1.34643e+00,8.07805e+00,2.75368e-01,9.88333e+00,1.34577e+00,5.70296e-01,4.50485e-01,2.97025e+00,1.72709e+00,1.39775e-01,1.16543e+00,2.96932e+00
5.64806e-01,4.57630e+00,7.30885e-02,7.39859e+00,2.10950e-01,4.95522e-01,1.22615e+00,3.54571e+00,1.34530e+00,8.10290e+00,2.75345e-01,1.00250e+01,1.34516e+00,5.69631e-01,4.50301e-01,2.96918e+00,1.72782e+00,1.40134e-01,1.16511e+00,2.96818e+00
5.64003e-01,4.66907e+00,7.28966e-02,7.46813e+00,2.08512e-01,4.95292e-01,1.22607e+00,3.60812e+00,1.34396e+00,8.12800e+00,2.75318e-01,1.01679e+01,1.34450e+00,5.68981e-01,4.50112e-01,2.96870e+00,1.72851e+00,1.40486e-01,1.16490e+00,2.96708e+00
5.63165e-01,4.76552e+00,7.27084e-02,7.53703e+00,2.06192e-01,4.95048e-01,1.22600e+00,3.66991e+00,1.34243e+00,8.15338e+00,2.75289e-01,1.03116e+01,1.34382e+00,5.68347e-01,4.49902e-01,2.96890e+00,1.72919e+00,1.40823e-01,1.16485e+00,2.96607e+00
5.62280e-01,4.86560e+00,7.25006e-02,7.60527e+00,2.04031e-01,4.94771e-01,1.22597e+00,3.73086e+00,1.34080e+00,8.17904e+00,2.75248e-01,1.04555e+01,1.34313e+00,5.67766e-01,4.49675e-01,2.96997e+00,1.72984e+00,1.41130e-01,1.16487e+00,2.96511e+00
5.61398e-01,4.96914e+00,7.23034e-02,7.67275e+00,2.02066e-01,4.94509e-01,1.22595e+00,3.79043e+00,1.33908e+00,8.20490e+00,2.75215e-01,1.05992e+01,1.34241e+00,5.67259e-01,4.49461e-01,2.97196e+00,1.73041e+00,1.41389e-01,1.16498e+00,2.96418e+00
5.60496e-01,5.07591e+00,7.21256e-02,7.73946e+00,2.00279e-01,4.94235e-01,1.22591e+00,3.84802e+00,1.33732e+00,8.23092e+00,2.75193e-01,1.07424e+01,1.34167e+00,5.66803e-01,4.49256e-01,2.97494e+00,1.73094e+00,1.41587e-01,1.16517e+00,2.96334e+00
5.59569e-01,5.18568e+00,7.19540e-02,7.80588e+00,1.98638e-01,4.93979e-01,1.22594e+00,3.90329e+00,1.33553e+00,8.25697e+00,2.75153e-01,1.08844e+01,1.34093e+00,5.66405e-01,4.49042e-01,2.97913e+00,1.73147e+00,1.41726e-01,1.16541e+00,2.96259e+00
5.58656e-01,5.29818e+00,7.17749e-02,7.87225e+00,1.97140e-01,4.93730e-01,1.22598e+00,3.95582e+00,1.33377e+00,8.28297e+00,2.75083e-01,1.10248e+01,1.34019e+00,5.66070e-01,4.48822e-01,2.98477e+00,1.73200e+00,1.41774e-01,1.16567e+00,2.96190e+00
5.57737e-01,5.41290e+00,7.16173e-02,7.93894e+00,1.95804e-01,4.93462e-01,1.22599e+00,4.00517e+00,1.33204e+00,8.30875e+00,2.75000e-01,1.11632e+01,1.33939e+00,5.65792e-01,4.48595e-01,2.99197e+00,1.73255e+00,1.41731e-01,1.16596e+00,2.96131e+00
5.56834e-01,5.52938e+00,7.14682e-02,8.00656e+00,1.94579e-01,4.93167e-01,1.22597e+00,4.05152e+00,1.33031e+00,8.33413e+00,2.74904e-01,1.12991e+01,1.33858e+00,5.65560e-01,4.48375e-01,3.00082e+00,1.73313e+00,1.41626e-01,1.16622e+00,2.96076e+00
5.55954e-01,5.64703e+00,7.13324e-02,8.07554e+00,1.93488e-01,4.92866e-01,1.22597e+00,4.09429e+00,1.32860e+00,8.35894e+00,2.74813e-01,1.14324e+01,1.33777e+00,5.65373e-01,4.48165e-01,3.01156e+00,1.73379e+00,1.41425e-01,1.16639e+00,2.96033e+00
5.55087e-01,5.76523e+00,7.12270e-02,8.14638e+00,1.92486e-01,4.92597e-01,1.22598e+00,4.13348e+00,1.32692e+00,8.38310e+00,2.74723e-01,1.15623e+01,1.33694e+00,5.65226e-01,4.47955e-01,3.02447e+00,1.73454e+00,1.41137e-01,1.16641e+00,2.95994e+00
5.54261e-01,5.88324e+00,7.12171e-02,8.21974e+00,1.92991e-01,4.92362e-01,1.22602e+00,4.16925e+00,1.32521e+00,8.40630e+00,2.74636e-01,1.16888e+01,1.33615e+00,5.65097e-01,4.47736e-01,3.03979e+00,1.73535e+00,1.40746e-01,1.16633e+00,2.95964e+00
5.53442e-01,6.00029e+00,8.17673e-02,8.29613e+00,2.22959e-01,4.92116e-01,1.22603e+00,4.20159e+00,1.32351e+00,8.42846e+00,2.74573e-01,1.18118e+01,1.33540e+00,5.64985e-01,4.47503e-01,3.05748e+00,1.73626e+00,1.40268e-01,1.16615e+00,2.95939e+00
5.52638e-01,6.11569e+00,1.47192e-01,8.37573e+00,7.19205e-01,4.91857e-01,1.22602e+00,4.23056e+00,1.32179e+00,8.45143e+00,2.74517e-01,1.19310e+01,1.33465e+00,5.64892e-01,4.47260e-01,3.07783e+00,1.73727e+00,1.39738e-01,1.16583e+00,2.95918e+00
5.51876e-01,6.23338e+00,3.02897e-01,8.46061e+00,4.31667e+00,4.97008e-01,1.23142e+00,4.25881e+00,1.32002e+00,8.47498e+00,2.75038e-01,1.20482e+01,1.33390e+00,5.64873e-01,4.51007e-01,3.10097e+00,1.73840e+00,1.39142e-01,1.16536e+00,2.95902e+00
5.51108e-01,6.35591e+00,5.08913e-01,8.56006e+00,1.35140e+01,5.18634e-01,1.28597e+00,4.30100e+00,1.32066e+00,8.50376e+00,2.79450e-01,1.21628e+01,1.33317e+00,5.65031e-01,4.56828e-01,3.12682e+00,1.74115e+00,1.38591e-01,1.17836e+00,2.95887e+00
5.53796e-01,6.47196e+00,7.39265e-01,8.67692e+00,2.28380e+01,5.50108e-01,1.85688e+00,4.34946e+00,1.32536e+00,8.53712e+00,2.86492e-01,1.22741e+01,1.33328e+00,5.68696e-01,4.60358e-01,3.15895e+00,1.74727e+00,1.41140e-01,1.19667e+00,2.96377e+00
5.57644e-01,6.57562e+00,1.06134e+00,8.80853e+00,3.29534e+01,6.02525e-01,2.49879e+00,4.38065e+00,1.32978e+00,8.57673e+00,2.94943e-01,1.23834e+01,1.33750e+00,5.74565e-01,4.63746e-01,3.19747e+00,1.75414e+00,1.42203e-01,1.22060e+00,2.97571e+00
5.60964e-01,6.67941e+00,1.49667e+00,8.93354e+00,5.11269e+01,6.63423e-01,2.61869e+00,4.40334e+00,1.33401e+00,8.62082e+00,3.01113e-01,1.24904e+01,1.34265e+00,5.80127e-01,4.68573e-01,3.24224e+00,1.76071e+00,1.43562e-01,1.24081e+00,2.98968e+00
5.62713e-01,6.78277e+00,1.85747e+00,9.04903e+00,7.88496e+01,7.14347e-01,2.61231e+00,4.42049e+00,1.33870e+00,8.66672e+00,3.04989e-01,1.25955e+01,1.34779e+00,5.85928e-01,4.74421e-01,3.29553e+00,1.76615e+00,1.46713e-01,1.25701e+00,3.01406e+00
5.64117e-01,6.88287e+00,2.01442e+00,9.16545e+00,9.06751e+01,7.59707e-01,2.62010e+00,4.43147e+00,1.34310e+00,8.71237e+00,3.07707e-01,1.26992e+01,1.35604e+00,5.92412e-01,4.80371e-01,3.35705e+00,1.77061e+00,1.52670e-01,1.27081e+00,3.04823e+00
5.66743e-01,6.97753e+00,1.97044e+00,9.29066e+00,8.41773e+01,8.34645e-01,2.66722e+00,4.43793e+00,1.34659e+00,8.75604e+00,3.09997e-01,1.28025e+01,1.36462e+00,5.99212e-01,4.85839e-01,3.42428e+00,1.77455e+00,1.62524e-01,1.28367e+00,3.08234e+00
5.71235e-01,7.07241e+00,1.79098e+00,9.42852e+00,6.96893e+01,9.99485e-01,2.73597e+00,4.44197e+00,1.34942e+00,8.79497e+00,3.12450e-01,1.29084e+01,1.36980e+00,6.05860e-01,4.90886e-01,3.50036e+00,1.77821e+00,1.77937e-01,1.29603e+00,3.10892e+00
5.77511e-01,7.15744e+00,1.55186e+00,9.58208e+00,5.44823e+01,1.34733e+00,2.77843e+00,4.44469e+00,1.35220e+00,8.82788e+00,3.17401e-01,1.30147e+01,1.37170e+00,6.12014e-01,4.98886e-01,3.58790e+00,1.78178e+00,2.15720e-01,1.30823e+00,3.12753e+00
5.85017e-01,7.23627e+00,1.30891e+00,9.75576e+00,4.15726e+01,1.90841e+00,2.78813e+00,4.44864e+00,1.35539e+00,8.85697e+00,3.32123e-01,1.31234e+01,1.37226e+00,6.18074e-01,5.06611e-01,3.68220e+00,1.78529e+00,1.92500e+00,1.32018e+00,3.14273e+00
5.93141e-01,7.55563e+00,1.09131e+00,9.97490e+00,3.15500e+01,2.59043e+00,2.86311e+00,4.46157e+00,1.35963e+00,8.88955e+00,3.66298e-01,1.32381e+01,1.37333e+00,6.24754e-01,5.14794e-01,3.77313e+00,1.78888e+00,1.35919e+01,1.35166e+00,3.15615e+00
6.01650e-01,7.93513e+00,9.11471e-01,1.03350e+01,2.40760e+01,3.59711e+00,3.32833e+00,4.48664e+00,1.36577e+00,8.92719e+00,4.89879e-01,1.33564e+01,1.37583e+00,6.33287e-01,5.37858e-01,3.86025e+00,1.79356e+00,2.17668e+01,1.41076e+00,3.16989e+00
6.13235e-01,9.07854e+00,7.66560e-01,1.10965e+01,1.86124e+01,5.23964e+00,4.27760e+00,4.54513e+00,1.37470e+00,8.99084e+00,9.98204e-01,1.34817e+01,1.37999e+00,6.44035e-01,5.93683e-01,3.95246e+00,1.79919e+00,2.23768e+01,1.51842e+00,3.18464e+00
6.25804e-01,1.05449e+01,6.52912e-01,1.23719e+01,1.46073e+01,7.46849e+00,5.67228e+00,4.75177e+00,1.38692e+00,9.07995e+00,2.26534e+00,1.36073e+01,1.38669e+00,6.56889e-01,6.41418e-01,4.06928e+00,1.80658e+00,2.03577e+01,2.01775e+00,3.19957e+00
6.40038e-01,1.26409e+01,5.86390e-01,1.35959e+01,1.18742e+01,1.08893e+01,7.83819e+00,5.03016e+00,1.40291e+00,9.20792e+00,3.53015e+00,1.37378e+01,1.39635e+00,6.72180e-01,6.80203e-01,4.23169e+00,1.81425e+00,1.77747e+01,4.62438e+00,3.21673e+00
6.53446e-01,1.61539e+01,5.45818e-01,1.43900e+01,1.02524e+01,1.56048e+01,1.02686e+01,5.12400e+00,1.42071e+00,9.36985e+00,4.22831e+00,1.38735e+01,1.40746e+00,6.86645e-01,7.28677e-01,4.45782e+00,1.82220e+00,1.52348e+01,9.28570e+00,3.23514e+00
6.66450e-01,1.99990e+01,5.20289e-01,1.48441e+01,9.03705e+00,2.03978e+01,1.31247e+01,5.12871e+00,1.44010e+00,9.54349e+00,4.42274e+00,1.40155e+01,1.41971e+00,7.01190e-01,7.79189e-01,4.77548e+00,1.83017e+00,1.29406e+01,1.36194e+01,3.25610e+00
6.80773e-01,2.34919e+01,4.89185e-01,1.54588e+01,8.26387e+00,2.33054e+01,1.51906e+01,5.12079e+00,1.46037e+00,9.71043e+00,4.42495e+00,1.41667e+01,1.43333e+00,7.16687e-01,8.21311e-01,5.24413e+00,1.83792e+00,1.09464e+01,1.64196e+01,3.27898e+00
6.97775e-01,2.62755e+01,4.54819e-01,1.64998e+01,7.73399e+00,2.30405e+01,1.60061e+01,5.11896e+00,1.48018e+00,9.86135e+00,4.54064e+00,1.43314e+01,1.44687e+00,7.32364e-01,8.57540e-01,5.82577e+00,1.84544e+00,9.25193e+00,1.74904e+01,3.30282e+00
7.17337e-01,2.81544e+01,4.23190e-01,1.81510e+01,7.23526e+00,2.03458e+01,1.58796e+01,5.13238e+00,1.49831e+00,9.99439e+00,4.78974e+00,1.45127e+01,1.45877e+00,7.48301e-01,9.00169e-01,6.35014e+00,1.85233e+00,7.83267e+00,1.68211e+01,3.32669e+00
7.38657e-01,2.95693e+01,3.96183e-01,2.06180e+01,6.66792e+00,1.68165e+01,1.49719e+01,5.16257e+00,1.51424e+00,1.01131e+01,5.02181e+00,1.47134e+01,1.46901e+00,7.64525e-01,9.61987e-01,6.66727e+00,1.85828e+00,6.65392e+00,1.51394e+01,3.35003e+00
7.60850e-01,3.11891e+01,3.73341e-01,2.38467e+01,6.02472e+00,1.34976e+01,1.34939e+01,5.21202e+00,1.52754e+00,1.02245e+01,5.17505e+00,1.49341e+01,1.47848e+00,7.82095e-01,1.05161e+00,6.75608e+00,1.86346e+00,5.67854e+00,1.32960e+01,3.37303e+00
7.82699e-01,3.36418e+01,3.53124e-01,2.73564e+01,5.36279e+00,1.07606e+01,1.18313e+01,5.30402e+00,1.53852e+00,1.03363e+01,5.32598e+00,1.51716e+01,1.48791e+00,8.01702e-01,1.17873e+00,6.71443e+00,1.86807e+00,4.87271e+00,1.17479e+01,3.39522e+00
8.03318e-01,3.76845e+01,3.33892e-01,3.06273e+01,4.73578e+00,8.63052e+00,1.03219e+01,5.51715e+00,1.54738e+00,1.04550e+01,5.59903e+00,1.54214e+01,1.49759e+00,8.23713e-01,1.37391e+00,6.66190e+00,1.87239e+00,4.20769e+00,1.06144e+01,3.41617e+00
8.22099e-01,4.35983e+01,3.14604e-01,3.35096e+01,4.16958e+00,7.01638e+00,9.15027e+00,6.02998e+00,1.55446e+00,1.05841e+01,6.05592e+00,1.56779e+01,1.50763e+00,8.48037e-01,1.73329e+00,6.67467e+00,1.87662e+00,3.66010e+00,9.84478e+00,3.43528e+00
8.38835e-01,4.99797e+01,2.94879e-01,3.60501e+01,3.67083e+00,5.81098e+00,8.37368e+00,7.08453e+00,1.56027e+00,1.07239e+01,6.60686e+00,1.59367e+01,1.51832e+00,8.73658e-01,2.46079e+00,6.77627e+00,1.88076e+00,3.21046e+00,9.32452e+00,3.45228e+00
8.53443e-01,5.44643e+01,2.75031e-01,3.81564e+01,3.23694e+00,4.92633e+00,7.96781e+00,8.77383e+00,1.56522e+00,1.08729e+01,7.04855e+00,1.61948e+01,1.52972e+00,8.98980e-01,3.75074e+00,6.94505e+00,1.88476e+00,2.84359e+00,8.93098e+00,3.46748e+00
8.65876e-01,5.58580e+01,2.55629e-01,3.96226e+01,2.86144e+00,4.30204e+00,7.86018e+00,1.08871e+01,1.57001e+00,1.10278e+01,7.22634e+00,1.64517e+01,1.54185e+00,9.22245e-01,5.47212e+00,7.13075e+00,1.88853e+00,2.54808e+00,8.55937e+00,3.48110e+00
8.76168e-01,5.45889e+01,2.37236e-01,4.03705e+01,2.53635e+00,3.90269e+00,7.99068e+00,1.30807e+01,1.57778e+00,1.11867e+01,7.12880e+00,1.67079e+01,1.55469e+00,9.41852e-01,7.18579e+00,7.27870e+00,1.89196e+00,2.31597e+00,8.14316e+00,3.49356e+00
8.84153e-01,5.17283e+01,2.20232e-01,4.05364e+01,2.25359e+00,3.70891e+00,8.38051e+00,1.51319e+01,1.60674e+00,1.13493e+01,6.84456e+00,1.69647e+01,1.56810e+00,9.56682e-01,8.56677e+00,7.35310e+00,1.89500e+00,2.14251e+00,7.66287e+00,3.50568e+00
8.89748e-01,4.82373e+01,2.04881e-01,4.03840e+01,2.00627e+00,3.70118e+00,9.13705e+00,1.70276e+01,1.75067e+00,1.15160e+01,6.47922e+00,1.72237e+01,1.58187e+00,9.66308e-01,9.56710e+00,7.34514e+00,1.89769e+00,2.02429e+00,7.13539e+00,3.51826e+00
8.92876e-01,4.47497e+01,1.91199e-01,4.01932e+01,1.78892e+00,3.84271e+00,1.03395e+01,1.89303e+01,2.38138e+00,1.16884e+01,6.10821e+00,1.74870e+01,1.59666e+00,9.70970e-01,1.02674e+01,7.26931e+00,1.90025e+00,1.95586e+00,6.59263e+00,3.53188e+00
8.94762e-01,4.16122e+01,1.79187e-01,4.02356e+01,1.59755e+00,4.07553e+00,1.18982e+01,2.10643e+01,4.29547e+00,1.18671e+01,5.76685e+00,1.77567e+01,1.61202e+00,9.71461e-01,1.07450e+01,7.15070e+00,1.90278e+00,1.92638e+00,6.06498e+00,3.54723e+00
8.95359e-01,3.89690e+01,1.68695e-01,4.08207e+01,1.42908e+00,4.33751e+00,1.35830e+01,2.35355e+01,7.62346e+00,1.20522e+01,5.45903e+00,1.80363e+01,1.62732e+00,9.68940e-01,1.10542e+01,7.01604e+00,1.90537e+00,1.91716e+00,5.57279e+00,3.56442e+00
8.94330e-01,3.68389e+01,1.59610e-01,4.23330e+01,1.28107e+00,4.58780e+00,1.51885e+01,2.61891e+01,1.09168e+01,1.22430e+01,5.17299e+00,1.83317e+01,1.64310e+00,9.64705e-01,1.12454e+01,6.88628e+00,1.90804e+00,1.90571e+00,5.12713e+00,3.58352e+00
8.91841e-01,3.51587e+01,1.51808e-01,4.51559e+01,1.15145e+00,4.82097e+00,1.66021e+01,2.86702e+01,1.29666e+01,1.24379e+01,4.89348e+00,1.86506e+01,1.65905e+00,9.60098e-01,1.13694e+01,6.77410e+00,1.91075e+00,1.87353e+00,4.73058e+00,3.60436e+00
8.88947e-01,3.38434e+01,1.45125e-01,4.94744e+01,1.03831e+00,5.06652e+00,1.77630e+01,3.06592e+01,1.37351e+01,1.26362e+01,4.61059e+00,1.90043e+01,1.67447e+00,9.56319e-01,1.14588e+01,6.68548e+00,1.91341e+00,1.81231e+00,4.38182e+00,3.62624e+00
8.86541e-01,3.28191e+01,1.39405e-01,5.50660e+01,9.39800e-01,5.37348e+00,1.86388e+01,3.20523e+01,1.36625e+01,1.28357e+01,4.32191e+00,1.94090e+01,1.68946e+00,9.54280e-01,1.15101e+01,6.62148e+00,1.91592e+00,1.72386e+00,4.07676e+00,3.64833e+00
8.84885e-01,3.20667e+01,1.34512e-01,6.13118e+01,8.54195e-01,5.78093e+00,1.92289e+01,3.29703e+01,1.31440e+01,1.30360e+01,4.03094e+00,1.98897e+01,1.70456e+00,9.54625e-01,1.14898e+01,6.58182e+00,1.91822e+00,1.61598e+00,3.81085e+00,3.67001e+00
8.83804e-01,3.16427e+01,1.30406e-01,6.74948e+01,7.79921e-01,6.27979e+00,1.95654e+01,3.36549e+01,1.24256e+01,1.32363e+01,3.74410e+00,2.04836e+01,1.72020e+00,9.57602e-01,1.13583e+01,6.56794e+00,1.92023e+00,1.49781e+00,3.57912e+00,3.69047e+00
8.82947e-01,3.16792e+01,1.26877e-01,7.31451e+01,7.15505e-01,6.79813e+00,1.96986e+01,3.43346e+01,1.16410e+01,1.34358e+01,3.46819e+00,2.12451e+01,1.73662e+00,9.63030e-01,1.10939e+01,6.58608e+00,1.92202e+00,1.37730e+00,3.37734e+00,3.70903e+00
8.82064e-01,3.23523e+01,1.23903e-01,7.81235e+01,6.59644e-01,7.23371e+00,1.96790e+01,3.51078e+01,1.08586e+01,1.36331e+01,3.20916e+00,2.22465e+01,1.75412e+00,9.70348e-01,1.07015e+01,6.64886e+00,1.92370e+00,1.26007e+00,3.20159e+00,3.72518e+00
8.81031e-01,3.37947e+01,1.21350e-01,8.24744e+01,6.11183e-01,7.50965e+00,1.95470e+01,3.58934e+01,1.01115e+01,1.38256e+01,2.97151e+00,2.35764e+01,1.77281e+00,9.78733e-01,1.02067e+01,6.77278e+00,1.92540e+00,1.14955e+00,3.04869e+00,3.73839e+00
8.80118e-01,3.59751e+01,1.19163e-01,8.62705e+01,5.69058e-01,7.60435e+00,1.93275e+01,3.64910e+01,9.41458e+00,1.40099e+01,2.75812e+00,2.53288e+01,1.79273e+00,9.87205e-01,9.64381e+00,6.96898e+00,1.92724e+00,1.04748e+00,2.91547e+00,3.74864e+00
8.79652e-01,3.86261e+01,1.17288e-01,8.95499e+01,5.32536e-01,7.54089e+00,1.90292e+01,3.67036e+01,8.77433e+00,1.41811e+01,2.57085e+00,2.75874e+01,1.81372e+00,9.94843e-01,9.04589e+00,7.23125e+00,1.92935e+00,9.54593e-01,2.79975e+00,3.75578e+00
8.79962e-01,4.13066e+01,1.15694e-01,9.23209e+01,5.00757e-01,7.36297e+00,1.86513e+01,3.64406e+01,8.19252e+00,1.43343e+01,2.41051e+00,3.04055e+01,1.83542e+00,1.00083e+00,8.44005e+00,7.52944e+00,1.93176e+00,8.70832e-01,2.69907e+00,3.75961e+00
8.81281e-01,4.35973e+01,1.14291e-01,9.45565e+01,4.73012e-01,7.11423e+00,1.81917e+01,3.57263e+01,7.66881e+00,1.44646e+01,2.27721e+00,3.37868e+01,1.85735e+00,1.00460e+00,7.84593e+00,7.81428e+00,1.93454e+00,7.95805e-01,2.61154e+00,3.76059e+00
8.83483e-01,4.52612e+01,1.13103e-01,9.61968e+01,4.48835e-01,6.82926e+00,1.76550e+01,3.46592e+01,7.20214e+00,1.45677e+01,2.17024e+00,3.76716e+01,1.87890e+00,1.00582e+00,7.27619e+00,8.04177e+00,1.93776e+00,7.28856e-01,2.53558e+00,3.75889e+00
8.86182e-01,4.62751e+01,1.12088e-01,9.72106e+01,4.27724e-01,6.53162e+00,1.70569e+01,3.33601e+01,6.79107e+00,1.46408e+01,2.08815e+00,4.19294e+01,1.89946e+00,1.00438e+00,6.73835e+00,8.18684e+00,1.94135e+00,6.69224e-01,2.46938e+00,3.75455e+00
8.88609e-01,4.67740e+01,1.11206e-01,9.76314e+01,4.09202e-01,6.23567e+00,1.64246e+01,3.19388e+01,6.43368e+00,1.46834e+01,2.02869e+00,4.63577e+01,1.91841e+00,1.00033e+00,6.23619e+00,8.24639e+00,1.94529e+00,6.16165e-01,2.41178e+00,3.74816e+00
8.89909e-01,4.69695e+01,1.10469e-01,9.75681e+01,3.92949e-01,5.94875e+00,1.57977e+01,3.04814e+01,6.12769e+00,1.46961e+01,1.98869e+00,5.07017e+01,1.93528e+00,9.93896e-01,5.77093e+00,8.23187e+00,1.94946e+00,5.68979e-01,2.36137e+00,3.73969e+00
8.89311e-01,4.70966e+01,1.09828e-01,9.71605e+01,3.78692e-01,5.67386e+00,1.52278e+01,2.90484e+01,5.87001e+00,1.46812e+01,1.96412e+00,5.46925e+01,1.94968e+00,9.85338e-01,5.34214e+00,8.16103e+00,1.95374e+00,5.27028e-01,2.31711e+00,3.72939e+00
8.86249e-01,4.73956e+01,1.09280e-01,9.65248e+01,3.66204e-01,5.41160e+00,1.47798e+01,2.76784e+01,5.65623e+00,1.46417e+01,1.95046e+00,5.80948e+01,1.96128e+00,9.74946e-01,4.94845e+00,8.05205e+00,1.95801e+00,4.89708e-01,2.27817e+00,3.71755e+00
8.80556e-01,4.81221e+01,1.08799e-01,9.57170e+01,3.55220e-01,5.16114e+00,1.45265e+01,2.63934e+01,5.48106e+00,1.45820e+01,1.94311e+00,6.07504e+01,1.97005e+00,9.63048e-01,4.58780e+00,7.92037e+00,1.96215e+00,4.56474e-01,2.24338e+00,3.70443e+00
8.72326e-01,4.95809e+01,1.08409e-01,9.47248e+01,3.45599e-01,4.92148e+00,1.45315e+01,2.52055e+01,5.33823e+00,1.45077e+01,1.93792e+00,6.25935e+01,1.97592e+00,9.49970e-01,4.25800e+00,7.77727e+00,1.96602e+00,4.26847e-01,2.21229e+00,3.69018e+00
8.61999e-01,5.21312e+01,1.08051e-01,9.35007e+01,3.37135e-01,4.69168e+00,1.48134e+01,2.41221e+01,5.22058e+00,1.44349e+01,1.93152e+00,6.36448e+01,1.97898e+00,9.35955e-01,3.95667e+00,7.63065e+00,1.96960e+00,4.00409e-01,2.18411e+00,3.67492e+00
8.50009e-01,5.61360e+01,1.07736e-01,9.20000e+01,3.29667e-01,4.47073e+00,1.53158e+01,2.31440e+01,5.12119e+00,1.44548e+01,1.92153e+00,6.39943e+01,1.97938e+00,9.21249e-01,3.68158e+00,7.48621e+00,1.97291e+00,3.76785e-01,2.15836e+00,3.65897e+00
8.36903e-01,6.17760e+01,1.07461e-01,9.02022e+01,3.23075e-01,4.25806e+00,1.59127e+01,2.22747e+01,5.03315e+00,1.50255e+01,1.90665e+00,6.37675e+01,1.97743e+00,9.06052e-01,3.43040e+00,7.34721e+00,1.97598e+00,3.55680e-01,2.13466e+00,3.64247e+00
8.23094e-01,6.87937e+01,1.07238e-01,8.81263e+01,3.17260e-01,4.05336e+00,1.64596e+01,2.15166e+01,4.95054e+00,1.78091e+01,1.88640e+00,6.31020e+01,1.97342e+00,8.90565e-01,3.20111e+00,7.21609e+00,1.97897e+00,3.36795e-01,2.11242e+00,3.62567e+00
8.09033e-01,7.63996e+01,1.07051e-01,8.58282e+01,3.12115e-01,3.85660e+00,1.68552e+01,2.08771e+01,4.86862e+00,2.63215e+01,1.86100e+00,6.21298e+01,1.96763e+00,8.74921e-01,2.99171e+00,7.09388e+00,1.98196e+00,3.19884e-01,2.09144e+00,3.60875e+00
7.95007e-01,8.35346e+01,1.06888e-01,8.33885e+01,3.07610e-01,3.66785e+00,1.70628e+01,2.03653e+01,4.78387e+00,4.27356e+01,1.83100e+00,6.09699e+01,1.96047e+00,8.59285e-01,2.80034e+00,6.98147e+00,1.98511e+00,3.04731e-01,2.07128e+00,3.59189e+00
7.81277e-01,8.93162e+01,1.06770e-01,8.08946e+01,3.03644e-01,3.48716e+00,1.70941e+01,1.99934e+01,4.69408e+00,6.26697e+01,1.79718e+00,5.97230e+01,1.95239e+00,8.43765e-01,2.62547e+00,6.87928e+00,1.98859e+00,2.91163e-01,2.05169e+00,3.57523e+00
7.68000e-01,9.33048e+01,1.06688e-01,7.84448e+01,3.00170e-01,3.31469e+00,1.69819e+01,1.97736e+01,4.59810e+00,7.89421e+01,1.76030e+00,5.84713e+01,1.94372e+00,8.28437e-01,2.46547e+00,6.78715e+00,1.99259e+00,2.79020e-01,2.03252e+00,3.55887e+00
7.55309e-01,9.54930e+01,1.06612e-01,7.61223e+01,2.97100e-01,3.15037e+00,1.67605e+01,1.97120e+01,4.49583e+00,8.85836e+01,1.72121e+00,5.72866e+01,1.93493e+00,8.13342e-01,2.31903e+00,6.70455e+00,1.99724e+00,2.68136e-01,2.01344e+00,3.54288e+00
7.43290e-01,9.61280e+01,1.06555e-01,7.39976e+01,2.95314e-01,2.99427e+00,1.64569e+01,1.98065e+01,4.38754e+00,9.26268e+01,1.68051e+00,5.62254e+01,1.92637e+00,7.98614e-01,2.18493e+00,6.63123e+00,2.00270e+00,2.58390e-01,1.99432e+00,3.52736e+00
7.31985e-01,9.55600e+01,1.08063e-01,7.21045e+01,2.98061e-01,2.84645e+00,1.60909e+01,2.00373e+01,4.27397e+00,9.31188e+01,1.63866e+00,5.53435e+01,1.91831e+00,7.84246e-01,2.06200e+00,6.56662e+00,2.00905e+00,2.49699e-01,1.97516e+00,3.51240e+00
7.21430e-01,9.41274e+01,1.11846e-01,7.04409e+01,3.04881e-01,2.70670e+00,1.56763e+01,2.03705e+01,4.15650e+00,9.16696e+01,1.59617e+00,5.46859e+01,1.91108e+00,7.70291e-01,1.94929e+00,6.50956e+00,2.01638e+00,2.41919e-01,1.95579e+00,3.49791e+00
7.11648e-01,9.21163e+01,1.17620e-01,6.89598e+01,3.10318e-01,2.57487e+00,1.52240e+01,2.07575e+01,4.03636e+00,8.92786e+01,1.55326e+00,5.42944e+01,1.90492e+00,7.56800e-01,1.84578e+00,6.45981e+00,2.02481e+00,2.34987e-01,1.93622e+00,3.48401e+00
7.02604e-01,8.97516e+01,1.23990e-01,6.75913e+01,3.17657e-01,2.45074e+00,1.47435e+01,2.11466e+01,3.91477e+00,8.65174e+01,1.51019e+00,5.42050e+01,1.89994e+00,7.43823e-01,1.75079e+00,6.41663e+00,2.03445e+00,2.28852e-01,1.91648e+00,3.47065e+00
6.94245e-01,8.72005e+01,1.29004e-01,6.62711e+01,3.26293e-01,2.33402e+00,1.42440e+01,2.14923e+01,3.79301e+00,8.37019e+01,1.46710e+00,5.44495e+01,1.89628e+00,7.31374e-01,1.66344e+00,6.37889e+00,2.04536e+00,2.23367e-01,1.89655e+00,3.45787e+00
6.86538e-01,8.45879e+01,1.33083e-01,6.49492e+01,3.35566e-01,2.22446e+00,1.37340e+01,2.17609e+01,3.67222e+00,8.09991e+01,1.42419e+00,5.50829e+01,1.89393e+00,7.19479e-01,1.58319e+00,6.34626e+00,2.05759e+00,2.18568e-01,1.87654e+00,3.44558e+00
6.79410e-01,8.20010e+01,1.37032e-01,6.36085e+01,3.45678e-01,2.12172e+00,1.32214e+01,2.19325e+01,3.55330e+00,7.84840e+01,1.38157e+00,5.62144e+01,1.89289e+00,7.08164e-01,1.50937e+00,6.31771e+00,2.07115e+00,2.14423e-01,1.85654e+00,3.43382e+00
6.72791e-01,7.95056e+01,1.41086e-01,6.22531e+01,3.56417e-01,2.02551e+00,1.27132e+01,2.20001e+01,3.43707e+00,7.61702e+01,1.33937e+00,5.80610e+01,1.89305e+00,6.97447e-01,1.44146e+00,6.29266e+00,2.08607e+00,2.10847e-01,1.83655e+00,3.42256e+00
6.66601e-01,7.71506e+01,1.44994e-01,6.09060e+01,3.67451e-01,1.93544e+00,1.22144e+01,2.19658e+01,3.32395e+00,7.40303e+01,1.29769e+00,6.09873e+01,1.89428e+00,6.87279e-01,1.37884e+00,6.27004e+00,2.10231e+00,2.07801e-01,1.81671e+00,3.41175e+00
6.60786e-01,7.49829e+01,1.48444e-01,5.95919e+01,3.79272e-01,1.85118e+00,1.17297e+01,2.18384e+01,3.21451e+00,7.20176e+01,1.25669e+00,6.54767e+01,1.89641e+00,6.77775e-01,1.32119e+00,6.24941e+00,2.11981e+00,2.05201e-01,1.79702e+00,3.40142e+00
6.55295e-01,7.30484e+01,1.50976e-01,5.83366e+01,3.92282e-01,1.77247e+00,1.12618e+01,2.16275e+01,3.10915e+00,7.00789e+01,1.21650e+00,7.19948e+01,1.89919e+00,6.68876e-01,1.26803e+00,6.23050e+00,2.13837e+00,2.03015e-01,1.77764e+00,3.39159e+00
6.50102e-01,7.13986e+01,1.52205e-01,5.71626e+01,4.06410e-01,1.69893e+00,1.08130e+01,2.13463e+01,3.00810e+00,6.81685e+01,1.17721e+00,8.07618e+01,1.90243e+00,6.60604e-01,1.21906e+00,6.21229e+00,2.15777e+00,2.01136e-01,1.75864e+00,3.38222e+00
6.45209e-01,7.00950e+01,1.52089e-01,5.60795e+01,4.20888e-01,1.63024e+00,1.03841e+01,2.10082e+01,2.91130e+00,6.62568e+01,1.13896e+00,9.15551e+01,1.90597e+00,6.52994e-01,1.17394e+00,6.19465e+00,2.17776e+00,1.99564e-01,1.74014e+00,3.37340e+00
6.40543e-01,6.92151e+01,1.50674e-01,5.50920e+01,4.34362e-01,1.56610e+00,9.97552e+00,2.06261e+01,2.81891e+00,6.43293e+01,1.10177e+00,1.03698e+02,1.90959e+00,6.46057e-01,1.13230e+00,6.17741e+00,2.19806e+00,1.98202e-01,1.72216e+00,3.36516e+00
6.36118e-01,6.88490e+01,1.48285e-01,5.41891e+01,4.45508e-01,1.50623e+00,9.58699e+00,2.02126e+01,2.73094e+00,6.23862e+01,1.06573e+00,1.16258e+02,1.91308e+00,6.39734e-01,1.09388e+00,6.16029e+00,2.21837e+00,1.97061e-01,1.70474e+00,3.35763e+00
6.31911e-01,6.90984e+01,1.45276e-01,5.33558e+01,4.62958e-01,1.45036e+00,9.21771e+00,1.97803e+01,2.64727e+00,6.04370e+01,1.03094e+00,1.28323e+02,1.91624e+00,6.33991e-01,1.05850e+00,6.14320e+00,2.23840e+00,1.96065e-01,1.68806e+00,3.35078e+00
6.27876e-01,7.00597e+01,1.65032e-01,5.25672e+01,4.94528e-01,1.39825e+00,8.86679e+00,1.93405e+01,2.56776e+00,5.84965e+01,9.97358e-01,1.39191e+02,1.91892e+00,6.28800e-01,1.02591e+00,6.12635e+00,2.25789e+00,1.98210e-01,1.67198e+00,3.34469e+00
6.23965e-01,7.18002e+01,2.22514e-01,5.17988e+01,5.92705e-01,1.34966e+00,8.53321e+00,1.89036e+01,2.50570e+00,5.65795e+01,9.65094e-01,1.48421e+02,1.92098e+00,6.24193e-01,9.95850e-01,6.10986e+00,2.27673e+00,2.11132e-01,1.65669e+00,3.33950e+00
6.27330e-01,7.43252e+01,3.54194e-01,5.10288e+01,1.00840e+00,1.30428e+00,8.21572e+00,1.84803e+01,2.46485e+00,5.47228e+01,9.34093e-01,1.55812e+02,1.92874e+00,6.63258e-01,9.68151e-01,6.09369e+00,2.29611e+00,2.29187e-01,1.64208e+00,3.33706e+00
6.45660e-01,7.75521e+01,5.44239e-01,5.02423e+01,1.88768e+00,1.26233e+00,7.91340e+00,1.80796e+01,2.44230e+00,5.29123e+01,9.04388e-01,1.61319e+02,1.93607e+00,7.22333e-01,9.42646e-01,6.07810e+00,2.32405e+00,2.48228e-01,1.63586e+00,3.33527e+00
6.65387e-01,8.12969e+01,9.57091e-01,4.94329e+01,4.85465e+00,1.22273e+00,7.62537e+00,1.77123e+01,2.43844e+00,5.11881e+01,8.76041e-01,1.65028e+02,1.94589e+00,7.93591e-01,9.19208e-01,6.06317e+00,2.35526e+00,2.79234e-01,1.63479e+00,3.35392e+00
6.78110e-01,8.52971e+01,1.70216e+00,4.85983e+01,1.50132e+01,1.18588e+00,7.35062e+00,1.73882e+01,2.44702e+00,4.95332e+01,8.48933e-01,1.67106e+02,1.96082e+00,8.89321e-01,8.97570e-01,6.04909e+00,2.38718e+00,3.11339e-01,1.64304e+00,3.37783e+00
7.11381e-01,8.92650e+01,2.55516e+00,4.77426e+01,2.87207e+01,1.15155e+00,7.08851e+00,1.71217e+01,2.46152e+00,4.79384e+01,8.23099e-01,1.67774e+02,2.00175e+00,1.00548e+00,8.77704e-01,6.03602e+00,2.41816e+00,3.44271e-01,1.65760e+00,3.41784e+00
7.88800e-01,9.29426e+01,3.08666e+00,4.68748e+01,3.77176e+01,1.11963e+00,6.83829e+00,1.69345e+01,2.48014e+00,4.64077e+01,7.98490e-01,1.67275e+02,2.57530e+00,1.14145e+00,8.59493e-01,6.02386e+00,2.44507e+00,3.78113e-01,1.67208e+00,3.46831e+00
9.07256e-01,9.61404e+01,3.28849e+00,4.60046e+01,3.90350e+01,1.08996e+00,6.59952e+00,1.68640e+01,2.51191e+00,4.49434e+01,7.75051e-01,1.65846e+02,4.33074e+00,1.30497e+00,8.42701e-01,6.01282e+00,2.46766e+00,4.17962e-01,1.68586e+00,3.51060e+00
1.10832e+00,9.87511e+01,3.63457e+00,4.51437e+01,3.91533e+01,1.06238e+00,6.37150e+00,1.69796e+01,2.60252e+00,4.35429e+01,7.52813e-01,1.63713e+02,7.89313e+00,1.64347e+00,8.27344e-01,6.00296e+00,2.48617e+00,6.74974e-01,1.70105e+00,3.53841e+00
1.80739e+00,1.00739e+02,4.60330e+00,4.43017e+01,4.30959e+01,1.03671e+00,6.15386e+00,1.74081e+01,2.85998e+00,4.22279e+01,7.31645e-01,1.61070e+02,1.58281e+01,2.89832e+00,8.13306e-01,5.99416e+00,2.53912e+00,1.09365e+00,1.71917e+00,3.56709e+00
3.92738e+00,1.02450e+02,6.08378e+00,4.35073e+01,4.80425e+01,1.11491e+00,5.97662e+00,1.84255e+01,3.38207e+00,4.10321e+01,7.12246e-01,1.58093e+02,2.80553e+01,6.37235e+00,8.11103e-01,5.98651e+00,2.62795e+00,1.70173e+00,1.74987e+00,3.61662e+00
6.74851e+00,1.03749e+02,7.73957e+00,4.27899e+01,5.25648e+01,1.29152e+00,5.84392e+00,2.03816e+01,4.14270e+00,4.00322e+01,7.09919e-01,1.54900e+02,6.79912e+01,1.22727e+01,8.23007e-01,5.98042e+00,2.72088e+00,2.42361e+00,1.81992e+00,3.72458e+00
1.13039e+01,1.04463e+02,9.34556e+00,4.21633e+01,5.53272e+01,1.52261e+00,5.80701e+00,2.33862e+01,5.11021e+00,3.92076e+01,7.24742e-01,1.51605e+02,2.24805e+02,2.00041e+01,8.27972e-01,5.97741e+00,2.80725e+00,3.08211e+00,1.92876e+00,3.91542e+00
2.06545e+01,1.05294e+02,1.02007e+01,4.15904e+01,5.55027e+01,1.72702e+00,5.84820e+00,2.73908e+01,6.39487e+00,3.84220e+01,7.41853e-01,1.48301e+02,3.92212e+02,3.00761e+01,8.43148e-01,5.98015e+00,2.87940e+00,4.30760e+00,2.06499e+00,4.12142e+00
3.67645e+01,1.06357e+02,9.99920e+00,4.10935e+01,5.31803e+01,1.87221e+00,5.88919e+00,3.20936e+01,8.20778e+00,3.76418e+01,7.66662e-01,1.45083e+02,5.34134e+02,4.03395e+01,8.62766e-01,5.99195e+00,2.94046e+00,7.93967e+00,2.18727e+00,4.28193e+00
6.09685e+01,1.07680e+02,9.12570e+00,4.06787e+01,4.88176e+01,2.05402e+00,5.91588e+00,3.68722e+01,1.09159e+01,3.69097e+01,8.06238e-01,1.42040e+02,6.83314e+02,4.90993e+01,8.82528e-01,6.00979e+00,2.99918e+00,1.38446e+01,2.28657e+00,4.39813e+00
9.03842e+01,1.08933e+02,8.06564e+00,4.03527e+01,4.32124e+01,2.38750e+00,5.95685e+00,4.10998e+01,1.49685e+01,3.62959e+01,8.30942e-01,1.39243e+02,8.49640e+02,5.71347e+01,9.02027e-01,6.03285e+00,3.06404e+00,1.82140e+01,2.36412e+00,4.49873e+00
1.14724e+02,1.09511e+02,7.09283e+00,4.01452e+01,3.70529e+01,2.98074e+00,6.00872e+00,4.43913e+01,1.97971e+01,3.58605e+01,8.27321e-01,1.36756e+02,1.02019e+03,6.54956e+01,9.22737e-01,6.06187e+00,3.14705e+00,2.01129e+01,2.42827e+00,4.60925e+00
1.29756e+02,1.09100e+02,6.24981e+00,4.00833e+01,3.09234e+01,3.68237e+00,6.04472e+00,4.66773e+01,2.36631e+01,3.56146e+01,8.13866e-01,1.34647e+02,1.11428e+03,7.55390e+01,9.40079e-01,6.09675e+00,3.27600e+00,2.10329e+01,2.48568e+00,4.74289e+00
1.37867e+02,1.07875e+02,5.48735e+00,4.01818e+01,2.53025e+01,4.09434e+00,6.04279e+00,4.80886e+01,2.57499e+01,3.55035e+01,8.02156e-01,1.33004e+02,1.10610e+03,8.89980e+01,9.60395e-01,6.13636e+00,3.54604e+00,2.18955e+01,2.53617e+00,4.90482e+00
1.44089e+02,1.06091e+02,4.77389e+00,4.04762e+01,2.04659e+01,4.10468e+00,5.98719e+00,4.88286e+01,2.68203e+01,3.54416e+01,7.91391e-01,1.31930e+02,1.04017e+03,1.08313e+02,9.89906e-01,6.17846e+00,4.21812e+00,2.24397e+01,2.57491e+00,5.09508e+00
1.50134e+02,1.03960e+02,4.10766e+00,4.10499e+01,1.64793e+01,3.87375e+00,5.88084e+00,4.91035e+01,2.82169e+01,3.53594e+01,7.80407e-01,1.31517e+02,9.56128e+02,1.32615e+02,1.02878e+00,6.21953e+00,5.57637e+00,2.20599e+01,2.59773e+00,5.31065e+00
1.52195e+02,1.01660e+02,3.49975e+00,4.20609e+01,1.32791e+01,3.56161e+00,5.73497e+00,4.90598e+01,3.08267e+01,3.52301e+01,7.69331e-01,1.31810e+02,8.73940e+02,1.51451e+02,1.07416e+00,6.25661e+00,7.28072e+00,2.06760e+01,2.60428e+00,5.54926e+00
1.46988e+02,9.93249e+01,2.96188e+00,4.37270e+01,1.07452e+01,3.24965e+00,5.55920e+00,4.87917e+01,3.45847e+01,3.50642e+01,7.57912e-01,1.32768e+02,8.00265e+02,1.56261e+02,1.12347e+00,6.28803e+00,8.51477e+00,1.86690e+01,2.59842e+00,5.81115e+00
1.35578e+02,9.70309e+01,2.49978e+00,4.62494e+01,8.75185e+00,2.96506e+00,5.36528e+00,4.83516e+01,3.89881e+01,3.48904e+01,7.45869e-01,1.34287e+02,7.33307e+02,1.49128e+02,1.17544e+00,6.31278e+00,8.98910e+00,1.64539e+01,2.58509e+00,6.09824e+00
1.21059e+02,9.48162e+01,2.11193e+00,4.96756e+01,7.18550e+00,2.71340e+00,5.16710e+00,4.77751e+01,4.38485e+01,3.47352e+01,7.33014e-01,1.36259e+02,6.68533e+02,1.35827e+02,1.23003e+00,6.33057e+00,8.93651e+00,1.42966e+01,2.56870e+00,6.40959e+00
1.06006e+02,9.26986e+01,1.79172e+00,5.37866e+01,5.95210e+00,2.49322e+00,4.97659e+00,4.70931e+01,4.91991e+01,3.46095e+01,7.19578e-01,1.38590e+02,6.03959e+02,1.20592e+02,1.28837e+00,6.34174e+00,8.66043e+00,1.23251e+01,2.55168e+00,6.73715e+00
9.18580e+01,9.06881e+01,1.52998e+00,5.81174e+01,4.97693e+00,2.30136e+00,4.80132e+00,4.63358e+01,5.48998e+01,3.45074e+01,7.05954e-01,1.41179e+02,5.40816e+02,1.05642e+02,1.35257e+00,6.34605e+00,8.36759e+00,1.05853e+01,2.53484e+00,7.06726e+00
7.92125e+01,8.87930e+01,1.31710e+00,6.21306e+01,4.20163e+00,2.13417e+00,4.64408e+00,4.55296e+01,6.06869e+01,3.44090e+01,6.92598e-01,1.43899e+02,4.81284e+02,9.19289e+01,1.42597e+00,6.34408e+00,8.17302e+00,9.08140e+00,2.51860e+00,7.38981e+00
6.82071e+01,8.70151e+01,1.14411e+00,6.54228e+01,3.58133e+00,1.98856e+00,4.50485e+00,4.46945e+01,6.64002e+01,3.42889e+01,6.79848e-01,1.46601e+02,4.26995e+02,7.97716e+01,1.51254e+00,6.33666e+00,8.13296e+00,7.79712e+00,2.50297e+00,7.71665e+00
5.87647e+01,8.53565e+01,1.00331e+00,6.78259e+01,3.08176e+00,1.86234e+00,4.38232e+00,4.38407e+01,7.18461e+01,3.41231e+01,6.67920e-01,1.49131e+02,3.78635e+02,6.91878e+01,1.61534e+00,6.32418e+00,8.26608e+00,6.70831e+00,2.48822e+00,8.12448e+00
5.07236e+01,8.38159e+01,8.88204e-01,6.93777e+01,2.67639e+00,1.75373e+00,4.27602e+00,4.29741e+01,7.65434e+01,3.38954e+01,6.56950e-01,1.51371e+02,3.36178e+02,6.00612e+01,1.73459e+00,6.30803e+00,8.56958e+00,5.78863e+00,2.47420e+00,8.83217e+00
4.39007e+01,8.23910e+01,7.93719e-01,7.02214e+01,2.34527e+00,1.66132e+00,4.18735e+00,4.20911e+01,7.98547e+01,3.35979e+01,6.47003e-01,1.53242e+02,2.99230e+02,5.22320e+01,1.86730e+00,6.28892e+00,9.04159e+00,5.01314e+00,2.46039e+00,1.02908e+01
3.81209e+01,8.10700e+01,7.15657e-01,7.05277e+01,2.07291e+00,1.58362e+00,4.12060e+00,4.11924e+01,8.13865e+01,3.32327e+01,6.38042e-01,1.54724e+02,2.67220e+02,4.55331e+01,2.00837e+00,6.26766e+00,9.72252e+00,4.35908e+00,2.44592e+00,1.32259e+01
3.32266e+01,7.98345e+01,6.50861e-01,7.04456e+01,1.84735e+00,1.51927e+00,4.08167e+00,4.02775e+01,8.11838e+01,3.28104e+01,6.30050e-01,1.55827e+02,2.39545e+02,3.98056e+01,2.15276e+00,6.24515e+00,1.07818e+01,3.80693e+00,2.42982e+00,1.82974e+01
2.90800e+01,7.86567e+01,5.99948e-01,7.00891e+01,1.65984e+00,1.46696e+00,4.07772e+00,3.93477e+01,7.96152e+01,3.23465e+01,6.22907e-01,1.56574e+02,2.15624e+02,3.49052e+01,2.29703e+00,6.22246e+00,1.27817e+01,3.34383e+00,2.41130e+00,2.47708e+01
2.55622e+01,7.75114e+01,5.58963e-01,6.95411e+01,1.50256e+00,1.42569e+00,4.11452e+00,3.84093e+01,7.71656e+01,3.18605e+01,6.16561e-01,1.56994e+02,1.94998e+02,3.07078e+01,2.43915e+00,6.20022e+00,1.77478e+01,2.95113e+00,2.39006e+00,3.06076e+01
2.25725e+01,7.63798e+01,5.30454e-01,6.88599e+01,1.36942e+00,1.39458e+00,4.19385e+00,3.74688e+01,7.42713e+01,3.13721e+01,6.11019e-01,1.57093e+02,1.77193e+02,2.71035e+01,2.57721e+00,6.17958e+00,3.32078e+01,2.61961e+00,2.36626e+00,7.89627e+01
2.00253e+01,7.52554e+01,5.08493e-01,6.80867e+01,1.25709e+00,1.37294e+00,4.31169e+00,3.65327e+01,7.12447e+01,3.09005e+01,6.06191e-01,1.56871e+02,1.61829e+02,2.40029e+01,2.70777e+00,6.16120e+00,7.81380e+01,2.34144e+00,2.34048e+00,6.98012e+02
1.78487e+01,7.41437e+01,4.89926e-01,6.72510e+01,1.16192e+00,1.36028e+00,4.45739e+00,3.56082e+01,6.82442e+01,3.04606e+01,6.02130e-01,1.56322e+02,1.48645e+02,2.13304e+01,2.82575e+00,6.14607e+00,1.57550e+02,2.10547e+00,2.31343e+00,1.13217e+03
1.59823e+01,7.30586e+01,4.74884e-01,6.63714e+01,1.08081e+00,1.35626e+00,4.61531e+00,3.47025e+01,6.52868e+01,3.00650e+01,5.98755e-01,1.55437e+02,1.37369e+02,1.90220e+01,2.92579e+00,6.13474e+00,2.28627e+02,1.90218e+00,2.28596e+00,1.19451e+03
1.43772e+01,7.20154e+01,4.62844e-01,6.54610e+01,1.01135e+00,1.36063e+00,4.76851e+00,3.38211e+01,6.23131e+01,2.97214e+01,5.96048e-01,1.54232e+02,1.27775e+02,1.70227e+01,3.00454e+00,6.12777e+00,2.65253e+02,1.72510e+00,2.25899e+00,1.16535e+03
1.29925e+01,7.10304e+01,4.52411e-01,6.45248e+01,9.51652e-01,1.37326e+00,4.90258e+00,3.29714e+01,5.92562e+01,2.94344e+01,5.94111e-01,1.52724e+02,1.19658e+02,1.52866e+01,3.06189e+00,6.12698e+00,2.76130e+02,1.57098e+00,2.23310e+00,1.11053e+03
1.17930e+01,7.01127e+01,4.42096e-01,6.35660e+01,8.99784e-01,1.39406e+00,5.00758e+00,3.21603e+01,5.60844e+01,2.92030e+01,5.92813e-01,1.50945e+02,1.12744e+02,1.37736e+01,3.10172e+00,6.13678e+00,2.73472e+02,1.43685e+00,2.20906e+00,1.04796e+03
1.07481e+01,6.92655e+01,4.31066e-01,6.25876e+01,8.54446e-01,1.42318e+00,5.07831e+00,3.13943e+01,5.28150e+01,2.90224e+01,5.92187e-01,1.48943e+02,1.06686e+02,1.24513e+01,3.13001e+00,6.17270e+00,2.64131e+02,1.31975e+00,2.18733e+00,9.84525e+02
9.83255e+00,6.84839e+01,4.19119e-01,6.15950e+01,8.14615e-01,1.46104e+00,5.11429e+00,3.06785e+01,4.95019e+01,2.88846e+01,5.92073e-01,1.46761e+02,1.01120e+02,1.12923e+01,3.15315e+00,6.26811e+00,2.51389e+02,1.21696e+00,2.16856e+00,9.23083e+02
9.02531e+00,6.77580e+01,4.06882e-01,6.05974e+01,7.79609e-01,1.50832e+00,5.11823e+00,3.00161e+01,4.62132e+01,2.87780e+01,5.92427e-01,1.44451e+02,9.57428e+01,1.02738e+01,3.17569e+00,6.46709e+00,2.36941e+02,1.12620e+00,2.15319e+00,8.64658e+02
8.30925e+00,6.70788e+01,3.95200e-01,5.96096e+01,7.48750e-01,1.56568e+00,5.09462e+00,2.94087e+01,4.30108e+01,2.86900e+01,5.92992e-01,1.42054e+02,9.03686e+01,9.37721e+00,3.19874e+00,6.78787e+00,2.21785e+02,1.04582e+00,2.14160e+00,8.09451e+02
7.67095e+00,6.64384e+01,3.85003e-01,5.86530e+01,7.21680e-01,1.63327e+00,5.04917e+00,2.88541e+01,3.99439e+01,2.86075e+01,5.93626e-01,1.39612e+02,8.49392e+01,8.58678e+00,3.21995e+00,7.18588e+00,2.06588e+02,9.74650e-01,2.13439e+00,7.57349e+02
7.09936e+00,6.58322e+01,3.77259e-01,5.77555e+01,6.98021e-01,1.71001e+00,4.98734e+00,2.83484e+01,3.70455e+01,2.85180e+01,5.94058e-01,1.37159e+02,7.94855e+01,7.88925e+00,3.23466e+00,7.56805e+00,1.91785e+02,9.11853e-01,2.13199e+00,7.08158e+02
6.58572e+00,6.52585e+01,3.72319e-01,5.69472e+01,6.77380e-01,1.79323e+00,4.91413e+00,2.78860e+01,3.43341e+01,2.84129e+01,5.94102e-01,1.34725e+02,7.40862e+01,7.27322e+00,3.23749e+00,7.85308e+00,1.77647e+02,8.56742e-01,2.13475e+00,6.61723e+02
6.12239e+00,6.47162e+01,3.69799e-01,5.62522e+01,6.59455e-01,1.87852e+00,4.83382e+00,2.74608e+01,3.18158e+01,2.82853e+01,5.93609e-01,1.32332e+02,6.88264e+01,6.72877e+00,3.22409e+00,8.01086e+00,1.64332e+02,8.08544e-01,2.14289e+00,6.17930e+02
5.70328e+00,6.42010e+01,3.68705e-01,5.56890e+01,6.43979e-01,1.96056e+00,4.74966e+00,2.70703e+01,2.94917e+01,2.81320e+01,5.92451e-01,1.30000e+02,6.37810e+01,6.24719e+00,3.19187e+00,8.05508e+00,1.51918e+02,7.66641e-01,2.15665e+00,5.76753e+02
5.32315e+00,6.37062e+01,3.67584e-01,5.52486e+01,6.30572e-01,2.03409e+00,4.66412e+00,2.67114e+01,2.73526e+01,2.79531e+01,5.90574e-01,1.27743e+02,5.90045e+01,5.82082e+00,3.14073e+00,8.01801e+00,1.40422e+02,7.30340e-01,2.17591e+00,5.38128e+02
4.97785e+00,6.32196e+01,3.65426e-01,5.49109e+01,6.18971e-01,2.09497e+00,4.57939e+00,2.63836e+01,2.53908e+01,2.77527e+01,5.88016e-01,1.25574e+02,5.45312e+01,5.44196e+00,3.07230e+00,7.93075e+00,1.29825e+02,6.98970e-01,2.20020e+00,5.02046e+02
4.66348e+00,6.27298e+01,3.61626e-01,5.46333e+01,6.08935e-01,2.14068e+00,4.49688e+00,2.60859e+01,2.35934e+01,2.75425e+01,5.84817e-01,1.23494e+02,5.03760e+01,5.10406e+00,2.98951e+00,7.81677e+00,1.20084e+02,6.71828e-01,2.22875e+00,4.68443e+02
4.37686e+00,6.22281e+01,3.56286e-01,5.43751e+01,6.00222e-01,2.17066e+00,4.41776e+00,2.58202e+01,2.19485e+01,2.73420e+01,5.81159e-01,1.21515e+02,4.65405e+01,4.80073e+00,2.89578e+00,7.69156e+00,1.11149e+02,6.48268e-01,2.26026e+00,4.37224e+02
4.11509e+00,6.17112e+01,3.49593e-01,5.40941e+01,5.92536e-01,2.18564e+00,4.34318e+00,2.55859e+01,2.04442e+01,2.71850e+01,5.77191e-01,1.19628e+02,4.30161e+01,4.52648e+00,2.79451e+00,7.56509e+00,1.02962e+02,6.27699e-01,2.29338e+00,4.08289e+02
3.87591e+00,6.11811e+01,3.42127e-01,5.37651e+01,5.85653e-01,2.18738e+00,4.27433e+00,2.53800e+01,1.90677e+01,2.71385e+01,5.73141e-01,1.17839e+02,3.97883e+01,4.27670e+00,2.68884e+00,7.44369e+00,9.54631e+01,6.09605e-01,2.32624e+00,3.81521e+02
3.65706e+00,6.06472e+01,3.34312e-01,5.33731e+01,5.79385e-01,2.17800e+00,4.21240e+00,2.51985e+01,1.78085e+01,2.73523e+01,5.69226e-01,1.16136e+02,3.68392e+01,4.04744e+00,2.58141e+00,7.33173e+00,8.85968e+01,5.93568e-01,2.35707e+00,3.56783e+02
3.45676e+00,6.01234e+01,3.26622e-01,5.29187e+01,5.73602e-01,2.15973e+00,4.15863e+00,2.50365e+01,1.66557e+01,2.81808e+01,5.65671e-01,1.14520e+02,3.41488e+01,3.83596e+00,2.47432e+00,7.23307e+00,8.23088e+01,5.79227e-01,2.38438e+00,3.33950e+02
3.27332e+00,5.96277e+01,3.19281e-01,5.24120e+01,5.68151e-01,2.13476e+00,4.11423e+00,2.48859e+01,1.55989e+01,3.03923e+01,5.62662e-01,1.12982e+02,3.16965e+01,3.63998e+00,2.36918e+00,9.06478e+00,7.65470e+01,5.66381e-01,2.40677e+00,3.12875e+02
3.10536e+00,5.91787e+01,3.12471e-01,5.18626e+01,5.63008e-01,2.10491e+00,4.08070e+00,2.47413e+01,1.46306e+01,3.52654e+01,5.60442e-01,1.11517e+02,2.94618e+01,3.45831e+00,2.26713e+00,1.93499e+02,7.12660e+01,5.54817e-01,2.42316e+00,2.93441e+02
2.95152e+00,5.88003e+01,3.06288e-01,5.12872e+01,5.58152e-01,2.07168e+00,4.05937e+00,2.45949e+01,1.37419e+01,4.39820e+01,5.59142e-01,1.10122e+02,2.74258e+01,3.28941e+00,2.16899e+00,7.87988e+02,6.64212e+01,5.44426e-01,2.43314e+00,2.75521e+02
2.81075e+00,5.85175e+01,3.00691e-01,5.06999e+01,5.53536e-01,2.03622e+00,4.05145e+00,2.44398e+01,1.29254e+01,5.62006e+01,5.58956e-01,1.08791e+02,2.55715e+01,3.13284e+00,2.07531e+00,9.50660e+02,6.19757e+01,5.35022e-01,2.43642e+00,2.58991e+02
2.68181e+00,5.83583e+01,2.95771e-01,5.01141e+01,5.49228e-01,1.99934e+00,4.05812e+00,2.42683e+01,1.21749e+01,6.94947e+01,5.59939e-01,1.07520e+02,2.38805e+01,2.98780e+00,1.98638e+00,9.34929e+02,5.78923e+01,5.26468e-01,2.43334e+00,2.43742e+02
2.56383e+00,5.83534e+01,2.91496e-01,4.95399e+01,5.45226e-01,1.96167e+00,4.07986e+00,2.40726e+01,1.14844e+01,8.09600e+01,5.62171e-01,1.06303e+02,2.23388e+01,2.85382e+00,1.90236e+00,8.95209e+02,5.41375e+01,5.18661e-01,2.42451e+00,2.29671e+02
2.45577e+00,5.85368e+01,2.87772e-01,4.89846e+01,5.41511e-01,1.92353e+00,4.11691e+00,2.38474e+01,1.08486e+01,8.90619e+01,5.65626e-01,1.05142e+02,2.09317e+01,2.73031e+00,1.82326e+00,8.53131e+02,5.06834e+01,5.11509e-01,2.41067e+00,2.16696e+02
2.35697e+00,5.89418e+01,2.84598e-01,4.84548e+01,5.38086e-01,1.88509e+00,4.16833e+00,2.35901e+01,1.02629e+01,9.38390e+01,5.70218e-01,1.04032e+02,1.96466e+01,2.61686e+00,1.74903e+00,8.12054e+02,4.75030e+01,5.04845e-01,2.39243e+00,2.04722e+02
2.26654e+00,5.95971e+01,2.81915e-01,4.79547e+01,5.34982e-01,1.84649e+00,4.23244e+00,2.33011e+01,9.72255e+00,9.61188e+01,5.75871e-01,1.02979e+02,1.84720e+01,2.51287e+00,1.67957e+00,7.72577e+02,4.45716e+01,4.98642e-01,2.37080e+00,1.93681e+02
2.18383e+00,6.05208e+01,2.79668e-01,4.74852e+01,5.32221e-01,1.80781e+00,4.30646e+00,2.29829e+01,9.22399e+00,9.68710e+01,5.82373e-01,1.01985e+02,1.73973e+01,2.41779e+00,1.61473e+00,7.34831e+02,4.18675e+01,4.92882e-01,2.34665e+00,1.83495e+02
2.10814e+00,6.17102e+01,2.77775e-01,4.70447e+01,5.29745e-01,1.76909e+00,4.38657e+00,2.26424e+01,8.76365e+00,9.69726e+01,5.89520e-01,1.01075e+02,1.64129e+01,2.33092e+00,1.55423e+00,6.98802e+02,3.93699e+01,4.87452e-01,2.32075e+00,1.74102e+02
2.03901e+00,6.31412e+01,2.76224e-01,4.66328e+01,5.27522e-01,1.73040e+00,4.46893e+00,2.22830e+01,8.33845e+00,9.71938e+01,5.97056e-01,1.00294e+02,1.55108e+01,2.25178e+00,1.49793e+00,6.64471e+02,3.70620e+01,4.82362e-01,2.29368e+00,1.65442e+02
1.97583e+00,6.47611e+01,2.74983e-01,4.62448e+01,5.25536e-01,1.69183e+00,4.54918e+00,2.19127e+01,7.94545e+00,9.82213e+01,6.04818e-01,9.97349e+01,1.46830e+01,2.17973e+00,1.44558e+00,6.31768e+02,3.49275e+01,4.77637e-01,2.26598e+00,1.57464e+02
1.91807e+00,6.64938e+01,2.73968e-01,4.58763e+01,5.23739e-01,1.65351e+00,4.62375e+00,2.15368e+01,7.58215e+00,1.00580e+02,6.12525e-01,9.95488e+01,1.39227e+01,2.11426e+00,1.39701e+00,6.00662e+02,3.29515e+01,4.73265e-01,2.23832e+00,1.50100e+02
1.86538e+00,6.82476e+01,2.73173e-01,4.55204e+01,5.22144e-01,1.61557e+00,4.68989e+00,2.11601e+01,7.24636e+00,1.04462e+02,6.19990e-01,9.99597e+01,1.32233e+01,2.05474e+00,1.35198e+00,5.71098e+02,3.11203e+01,4.69219e-01,2.21095e+00,1.43304e+02
1.81734e+00,6.99295e+01,2.72554e-01,4.51707e+01,5.20756e-01,1.57814e+00,4.74587e+00,2.07857e+01,6.93577e+00,1.09581e+02,6.27085e-01,1.01252e+02,1.25795e+01,2.00070e+00,1.31020e+00,5.43033e+02,2.94221e+01,4.65559e-01,2.18418e+00,1.37021e+02
1.77352e+00,7.14549e+01,2.72059e-01,4.48206e+01,5.19531e-01,1.54137e+00,4.79084e+00,2.04177e+01,6.64849e+00,1.15228e+02,6.33638e-01,1.03710e+02,1.19859e+01,1.95161e+00,1.27158e+00,5.16410e+02,2.78460e+01,4.62205e-01,2.15800e+00,1.31194e+02
1.73358e+00,7.27598e+01,2.71678e-01,4.44652e+01,5.18439e-01,1.50540e+00,4.82486e+00,2.00582e+01,6.38281e+00,1.20535e+02,6.39587e-01,1.07525e+02,1.14378e+01,1.90707e+00,1.23590e+00,4.91185e+02,2.63820e+01,4.59200e-01,2.13262e+00,1.25768e+02
1.69722e+00,7.38028e+01,2.71425e-01,4.41001e+01,5.17452e-01,1.47036e+00,4.84840e+00,1.97092e+01,6.13709e+00,1.24792e+02,6.44840e-01,1.12681e+02,1.09312e+01,1.86666e+00,1.20299e+00,4.67300e+02,2.50211e+01,4.56547e-01,2.10810e+00,1.20689e+02
1.66416e+00,7.45664e+01,2.71288e-01,4.37213e+01,5.16582e-01,1.43635e+00,4.86212e+00,1.93735e+01,5.90980e+00,1.27620e+02,6.49352e-01,1.18912e+02,1.04625e+01,1.83002e+00,1.17260e+00,4.44709e+02,2.37550e+01,4.54190e-01,2.08428e+00,1.15909e+02
1.63408e+00,7.50557e+01,2.71222e-01,4.33277e+01,5.15792e-01,1.40340e+00,4.86675e+00,1.90522e+01,5.69949e+00,1.28971e+02,6.53084e-01,1.25726e+02,1.00281e+01,1.79671e+00,1.14460e+00,4.23338e+02,2.25754e+01,4.52125e-01,2.06120e+00,1.11376e+02
1.60675e+00,7.52875e+01,2.71203e-01,4.29182e+01,5.15084e-01,1.37160e+00,4.86259e+00,1.87490e+01,5.50511e+00,1.29000e+02,6.55977e-01,1.32556e+02,9.62491e+00,1.76658e+00,1.11884e+00,4.03152e+02,2.14768e+01,4.50339e-01,2.03873e+00,1.07057e+02
1.58197e+00,7.52898e+01,2.71239e-01,4.24935e+01,5.14419e-01,1.34106e+00,4.84999e+00,1.84676e+01,5.32528e+00,1.27965e+02,6.58043e-01,1.38907e+02,9.25030e+00,1.73924e+00,1.09521e+00,3.84086e+02,2.04522e+01,4.48799e-01,2.01700e+00,1.02917e+02
1.55952e+00,7.50961e+01,2.71296e-01,4.20537e+01,5.13792e-01,1.31183e+00,4.82895e+00,1.82106e+01,5.15907e+00,1.26129e+02,6.59233e-01,1.44496e+02,8.90209e+00,1.71444e+00,1.07345e+00,3.66084e+02,1.94957e+01,4.47460e-01,1.99575e+00,9.89298e+01
1.53920e+00,7.47394e+01,2.71356e-01,4.16011e+01,5.13180e-01,1.28386e+00,4.79949e+00,1.79838e+01,5.00545e+00,1.23732e+02,6.59596e-01,1.49277e+02,8.57815e+00,1.69200e+00,1.05354e+00,3.49087e+02,1.86018e+01,4.46328e-01,1.97502e+00,9.50757e+01
1.52088e+00,7.42514e+01,2.71435e-01,4.11378e+01,5.12631e-01,1.25717e+00,4.76175e+00,1.77925e+01,4.86356e+00,1.21010e+02,6.59093e-01,1.53405e+02,8.27634e+00,1.67171e+00,1.03534e+00,3.33038e+02,1.77657e+01,4.45327e-01,1.95496e+00,9.13446e+01
1.50440e+00,7.36609e+01,2.71551e-01,4.06660e+01,5.12098e-01,1.23178e+00,4.71590e+00,1.76420e+01,4.73258e+00,1.18294e+02,6.57727e-01,1.57147e+02,7.99511e+00,1.65337e+00,1.01865e+00,3.17889e+02,1.69835e+01,4.44509e-01,1.93530e+00,8.77301e+01
1.48959e+00,7.29936e+01,2.71689e-01,4.01887e+01,5.11555e-01,1.20772e+00,4.66246e+00,1.75377e+01,4.61169e+00,1.16290e+02,6.55561e-01,1.60784e+02,7.73281e+00,1.63686e+00,1.00346e+00,3.03595e+02,1.62504e+01,4.43783e-01,1.91617e+00,8.42255e+01
1.47628e+00,7.22711e+01,2.71838e-01,3.97083e+01,5.11054e-01,1.18495e+00,4.60202e+00,1.74839e+01,4.50013e+00,1.16602e+02,6.52593e-01,1.64536e+02,7.48818e+00,1.62203e+00,9.89638e-01,2.90097e+02,1.55626e+01,4.43195e-01,1.89760e+00,8.08335e+01
1.46439e+00,7.15123e+01,2.72010e-01,3.92274e+01,5.10580e-01,1.16340e+00,4.53539e+00,1.74836e+01,4.39733e+00,1.22220e+02,6.48888e-01,1.68500e+02,7.25992e+00,1.60876e+00,9.77067e-01,2.77355e+02,1.49169e+01,4.42698e-01,1.87953e+00,7.75534e+01
1.45375e+00,7.07340e+01,2.72171e-01,3.87493e+01,5.10122e-01,1.14305e+00,4.46369e+00,1.75361e+01,4.30250e+00,1.36768e+02,6.44526e-01,1.72648e+02,7.04702e+00,1.59688e+00,9.65638e-01,2.65318e+02,1.43096e+01,4.42291e-01,1.86196e+00,7.43844e+01
1.44426e+00,6.99489e+01,2.72329e-01,3.82766e+01,5.09655e-01,1.12390e+00,4.38790e+00,1.76389e+01,4.21524e+00,1.61497e+02,6.39514e-01,1.76849e+02,6.84841e+00,1.58628e+00,9.55295e-01,2.53958e+02,1.37386e+01,4.41943e-01,1.84489e+00,7.13337e+01
1.43583e+00,6.91688e+01,2.72487e-01,3.78121e+01,5.09173e-01,1.10592e+00,4.30898e+00,1.77843e+01,4.13506e+00,1.92285e+02,6.33963e-01,1.80907e+02,6.66335e+00,1.57693e+00,9.45936e-01,2.43223e+02,1.32001e+01,4.41686e-01,1.82854e+00,6.83964e+01
1.42838e+00,6.84036e+01,2.72659e-01,3.73634e+01,5.08681e-01,1.08902e+00,4.22813e+00,1.79609e+01,4.06132e+00,2.21179e+02,6.27920e-01,1.84619e+02,6.49096e+00,1.56866e+00,9.37504e-01,2.33088e+02,1.26927e+01,4.41444e-01,1.81261e+00,6.55759e+01
1.42177e+00,6.76610e+01,2.72804e-01,3.70806e+01,5.08189e-01,1.07315e+00,4.14630e+00,1.81550e+01,3.99353e+00,2.41789e+02,6.21503e-01,1.87814e+02,6.33053e+00,1.56139e+00,9.29887e-01,2.23508e+02,1.22134e+01,4.41276e-01,1.79727e+00,6.28707e+01
1.41596e+00,6.69471e+01,2.72919e-01,3.99330e+01,5.07689e-01,1.05831e+00,4.06434e+00,1.83510e+01,3.93130e+00,2.52468e+02,6.14742e-01,1.90389e+02,6.18137e+00,1.55511e+00,9.23008e-01,2.14458e+02,1.17604e+01,4.41096e-01,1.78258e+00,6.02796e+01
1.41086e+00,6.62664e+01,2.73029e-01,7.20081e+01,5.07192e-01,1.04447e+00,3.98308e+00,1.85340e+01,3.87424e+00,2.55052e+02,6.07729e-01,1.92326e+02,6.04272e+00,1.54967e+00,9.16848e-01,2.05911e+02,1.13320e+01,4.40945e-01,1.76846e+00,5.78036e+01
1.40640e+00,6.56219e+01,2.73118e-01,2.03684e+02,5.06671e-01,1.03155e+00,3.90311e+00,1.86915e+01,3.82199e+00,2.52323e+02,6.00517e-01,1.93722e+02,5.91400e+00,1.54504e+00,9.11281e-01,1.97827e+02,1.09263e+01,4.40800e-01,1.75484e+00,5.54362e+01
1.40252e+00,6.50146e+01,2.73202e-01,4.22070e+02,5.06145e-01,1.01947e+00,3.82491e+00,1.88145e+01,3.77412e+00,2.46571e+02,5.93198e-01,1.94843e+02,5.79458e+00,1.54114e+00,9.06345e-01,1.90192e+02,1.05421e+01,4.40668e-01,1.74180e+00,5.31788e+01
1.39917e+00,6.44440e+01,2.73291e-01,5.89344e+02,5.05622e-01,1.00828e+00,3.74887e+00,1.88987e+01,3.73030e+00,2.39287e+02,5.85814e-01,1.96183e+02,5.68383e+00,1.53792e+00,9.01897e-01,1.82977e+02,1.01779e+01,4.40551e-01,1.72931e+00,5.10253e+01
1.39624e+00,6.39072e+01,2.73391e-01,6.62649e+02,5.05103e-01,9.97841e-01,3.67522e+00,1.89464e+01,3.69019e+00,2.31341e+02,5.78432e-01,1.98511e+02,5.58122e+00,1.53524e+00,8.97894e-01,1.76153e+02,9.83244e+00,4.40434e-01,1.71724e+00,4.89721e+01
1.39370e+00,6.34004e+01,2.73475e-01,6.79566e+02,5.04571e-01,9.88157e-01,3.60424e+00,1.89640e+01,3.65351e+00,2.23204e+02,5.71077e-01,2.02835e+02,5.48621e+00,1.53307e+00,8.94374e-01,1.69700e+02,9.50475e+00,4.40318e-01,1.70563e+00,4.70185e+01
1.39155e+00,6.29195e+01,2.73547e-01,6.71843e+02,5.04003e-01,9.79139e-01,3.53607e+00,1.89681e+01,3.61986e+00,2.15124e+02,5.63781e-01,2.10178e+02,5.39822e+00,1.53133e+00,8.91176e-01,1.63599e+02,9.19361e+00,4.40196e-01,1.69456e+00,4.51576e+01
1.38966e+00,6.24576e+01,2.73600e-01,6.54636e+02,5.03419e-01,9.70852e-01,3.47069e+00,1.89858e+01,3.58920e+00,2.07230e+02,5.56593e-01,2.21165e+02,5.31663e+00,1.52996e+00,8.88343e-01,1.57828e+02,8.89825e+00,4.40070e-01,1.68387e+00,4.33877e+01
1.38810e+00,6.20097e+01,2.73623e-01,6.34257e+02,5.02841e-01,9.63172e-01,3.40814e+00,1.90575e+01,3.56101e+00,1.99583e+02,5.49542e-01,2.35588e+02,5.24113e+00,1.52899e+00,8.85773e-01,1.52367e+02,8.61785e+00,4.39931e-01,1.67357e+00,4.17025e+01
1.38673e+00,6.15701e+01,2.73614e-01,6.13204e+02,5.02237e-01,9.56055e-01,3.34840e+00,1.92410e+01,3.53511e+00,1.92216e+02,5.42651e-01,2.52228e+02,5.17108e+00,1.52834e+00,8.83503e-01,1.47193e+02,8.35142e+00,4.39774e-01,1.66362e+00,4.00999e+01
1.38559e+00,6.11335e+01,2.73602e-01,5.92427e+02,5.01649e-01,9.49520e-01,3.29141e+00,1.96129e+01,3.51140e+00,1.85140e+02,5.35939e-01,2.69137e+02,5.10608e+00,1.52792e+00,8.81458e-01,1.42286e+02,8.09840e+00,4.39607e-01,1.65412e+00,3.85760e+01
1.38464e+00,6.06959e+01,2.73595e-01,5.72255e+02,5.01039e-01,9.43522e-01,3.23704e+00,2.02610e+01,3.48953e+00,1.78355e+02,5.29404e-01,2.84266e+02,5.04570e+00,1.52773e+00,8.79632e-01,1.37627e+02,7.85810e+00,4.39421e-01,1.64494e+00,3.71260e+01
1.38382e+00,6.02544e+01,2.73571e-01,5.52795e+02,5.00406e-01,9.37972e-01,3.18516e+00,2.12618e+01,3.46919e+00,1.71858e+02,5.23083e-01,2.96086e+02,4.98953e+00,1.52776e+00,8.77973e-01,1.33198e+02,7.62992e+00,4.39221e-01,1.63600e+00,3.57479e+01
1.38315e+00,5.98070e+01,2.73545e-01,5.34074e+02,4.99769e-01,9.32889e-01,3.13560e+00,2.26465e+01,3.45039e+00,1.65640e+02,5.16969e-01,3.03889e+02,4.93713e+00,1.52798e+00,8.76505e-01,1.28981e+02,7.41326e+00,4.39014e-01,1.62744e+00,3.44372e+01
1.38256e+00,5.93535e+01,2.73520e-01,5.16058e+02,4.99119e-01,9.28187e-01,3.08827e+00,2.43633e+01,3.43278e+00,1.59692e+02,5.11070e-01,3.07733e+02,4.88812e+00,1.52831e+00,8.75174e-01,1.24954e+02,7.20747e+00,4.38808e-01,1.61910e+00,3.31894e+01
1.38205e+00,5.88933e+01,2.73477e-01,4.98744e+02,4.98454e-01,9.23904e-01,3.04304e+00,2.62716e+01,3.41636e+00,1.54004e+02,5.05386e-01,3.08153e+02,4.84242e+00,1.52874e+00,8.73967e-01,1.21103e+02,7.01237e+00,4.38588e-01,1.61108e+00,3.20032e+01
1.38163e+00,5.84283e+01,2.73433e-01,4.82113e+02,4.97776e-01,9.19992e-01,2.99979e+00,2.81709e+01,3.40095e+00,1.48564e+02,4.99960e-01,3.05892e+02,4.79958e+00,1.52925e+00,8.72890e-01,1.17413e+02,6.82703e+00,4.38350e-01,1.60331e+00,3.08744e+01
1.38131e+00,5.79599e+01,2.73383e-01,4.66142e+02,4.97075e-01,9.16349e-01,2.95838e+00,2.98658e+01,3.38640e+00,1.43364e+02,4.94761e-01,3.01692e+02,4.75931e+00,1.52978e+00,8.71888e-01,1.13869e+02,6.65125e+00,4.38098e-01,1.59586e+00,2.98006e+01
1.38101e+00,5.74897e+01,2.73298e-01,4.50819e+02,4.96348e-01,9.13019e-01,2.91867e+00,3.12173e+01,3.37268e+00,1.38392e+02,4.89813e-01,2.96185e+02,4.72147e+00,1.53037e+00,8.70974e-01,1.10459e+02,6.48453e+00,4.37830e-01,1.58866e+00,2.87791e+01
1.38074e+00,5.70199e+01,2.73182e-01,4.36152e+02,4.95627e-01,9.09990e-01,2.88056e+00,3.21659e+01,3.35964e+00,1.33637e+02,4.85093e-01,2.89866e+02,4.68586e+00,1.53100e+00,8.70106e-01,1.07167e+02,6.32641e+00,4.37529e-01,1.58172e+00,2.78065e+01
1.38054e+00,5.65523e+01,2.73060e-01,4.22153e+02,4.94915e-01,9.07164e-01,2.84395e+00,3.27211e+01,3.34733e+00,1.29092e+02,4.80599e-01,2.83091e+02,4.65240e+00,1.53163e+00,8.69316e-01,1.03985e+02,6.17655e+00,4.37207e-01,1.57502e+00,2.68801e+01
1.38038e+00,5.60892e+01,2.72931e-01,4.08853e+02,4.94191e-01,9.04609e-01,2.80877e+00,3.29336e+01,3.33566e+00,1.24743e+02,4.76325e-01,2.76114e+02,4.62083e+00,1.53226e+00,8.68581e-01,1.00907e+02,6.03454e+00,4.36857e-01,1.56862e+00,2.59981e+01
1.38025e+00,5.56315e+01,2.72799e-01,3.96290e+02,4.93463e-01,9.02249e-01,2.77489e+00,3.28712e+01,3.32457e+00,1.20583e+02,4.72265e-01,2.69103e+02,4.59103e+00,1.53291e+00,8.67887e-01,9.79258e+01,5.90000e+00,4.36495e-01,1.56244e+00,2.51583e+01
1.38011e+00,5.51803e+01,2.72670e-01,3.84511e+02,4.92734e-01,9.00079e-01,2.74226e+00,3.26005e+01,3.31418e+00,1.16603e+02,4.68438e-01,2.62168e+02,4.56283e+00,1.53356e+00,8.67241e-01,9.50317e+01,5.77261e+00,4.36101e-01,1.55652e+00,2.43586e+01
1.37994e+00,5.47366e+01,2.72528e-01,3.73525e+02,4.91975e-01,8.98054e-01,2.71082e+00,3.21806e+01,3.30432e+00,1.12793e+02,4.64812e-01,2.55373e+02,4.53629e+00,1.53418e+00,8.66634e-01,9.22214e+01,5.65202e+00,4.35702e-01,1.55073e+00,2.35957e+01
1.37980e+00,5.43005e+01,2.72372e-01,3.63323e+02,4.91217e-01,8.96189e-01,2.68051e+00,3.16567e+01,3.29509e+00,1.09146e+02,4.61405e-01,2.48762e+02,4.51117e+00,1.53479e+00,8.66051e-01,8.94943e+01,5.53798e+00,4.35297e-01,1.54524e+00,2.28690e+01
1.37965e+00,5.38715e+01,2.72215e-01,3.53829e+02,4.90436e-01,8.94437e-01,2.65123e+00,3.10644e+01,3.28649e+00,1.05655e+02,4.58196e-01,2.42358e+02,4.48758e+00,1.53535e+00,8.65488e-01,8.68443e+01,5.43011e+00,4.34883e-01,1.53992e+00,2.21762e+01
1.37950e+00,5.34492e+01,2.72050e-01,3.44897e+02,4.89629e-01,8.92828e-01,2.62301e+00,3.04293e+01,3.27849e+00,1.02313e+02,4.55188e-01,2.36170e+02,4.46529e+00,1.53587e+00,8.64948e-01,8.42704e+01,5.32824e+00,4.34463e-01,1.53490e+00,2.15157e+01
1.37935e+00,5.30329e+01,2.71849e-01,3.36357e+02,4.88809e-01,8.91302e-01,2.59575e+00,2.97706e+01,3.27116e+00,9.91112e+01,4.52368e-01,2.30209e+02,4.44436e+00,1.53636e+00,8.64417e-01,8.17718e+01,5.23201e+00,4.34032e-01,1.53002e+00,2.08854e+01
1.37915e+00,5.26228e+01,2.71609e-01,3.28051e+02,4.87991e-01,8.89876e-01,2.56949e+00,2.91016e+01,3.26434e+00,9.60441e+01,4.49747e-01,2.24460e+02,4.42469e+00,1.53681e+00,8.63891e-01,7.93443e+01,5.14114e+00,4.33575e-01,1.52546e+00,2.02841e+01
1.37894e+00,5.22255e+01,2.71356e-01,3.19858e+02,4.87186e-01,8.88554e-01,2.54417e+00,2.84311e+01,3.25814e+00,9.31057e+01,4.47282e-01,2.18933e+02,4.40938e+00,1.53725e+00,8.63370e-01,7.69906e+01,5.05541e+00,4.33105e-01,1.52099e+00,1.97105e+01
1.37872e+00,5.19052e+01,2.71115e-01,3.11715e+02,4.86376e-01,8.87273e-01,2.51974e+00,2.77665e+01,3.25251e+00,9.02911e+01,4.44977e-01,2.13606e+02,4.45527e+00,1.53762e+00,8.62851e-01,7.47049e+01,4.97456e+00,4.32615e-01,1.51678e+00,1.91629e+01
1.37847e+00,5.22370e+01,2.70883e-01,3.03607e+02,4.85553e-01,8.86091e-01,2.49623e+00,2.71117e+01,3.24741e+00,8.75924e+01,4.42823e-01,2.08479e+02,4.49394e+00,1.53790e+00,8.62332e-01,7.24909e+01,4.89844e+00,4.32101e-01,1.51267e+00,1.86410e+01
1.37819e+00,5.76310e+01,2.70642e-01,2.95558e+02,4.84722e-01,8.84935e-01,2.47364e+00,2.64699e+01,3.24285e+00,8.50064e+01,4.40828e-01,2.03542e+02,4.54449e+00,1.53811e+00,8.61818e-01,7.03442e+01,4.82680e+00,4.31557e-01,1.50883e+00,1.81447e+01
1.37787e+00,8.66525e+01,2.70386e-01,2.87597e+02,4.83895e-01,8.83834e-01,2.45190e+00,2.58424e+01,3.23873e+00,8.25258e+01,4.38949e-01,1.98783e+02,4.61216e+00,1.53828e+00,8.61312e-01,6.82639e+01,4.75933e+00,4.31004e-01,1.50506e+00,1.76715e+01
1.37755e+00,1.73532e+02,2.70111e-01,2.79762e+02,4.83077e-01,8.82780e-01,2.43099e+00,2.52309e+01,3.23504e+00,8.01474e+01,4.37221e-01,1.94197e+02,4.63065e+00,1.53840e+00,8.60807e-01,6.62512e+01,4.69615e+00,4.30440e-01,1.50153e+00,1.72193e+01
1.37720e+00,3.16413e+02,2.69837e-01,2.72090e+02,4.82236e-01,8.81772e-01,2.41098e+00,2.46377e+01,3.23172e+00,7.78658e+01,4.35635e-01,1.89771e+02,4.60589e+00,1.53846e+00,8.60297e-01,6.43022e+01,4.63687e+00,4.29860e-01,1.49812e+00,1.67857e+01
1.37681e+00,4.50803e+02,2.69578e-01,2.64609e+02,4.81378e-01,8.80802e-01,2.39182e+00,2.40608e+01,3.22882e+00,7.56778e+01,4.34138e-01,1.85507e+02,4.56383e+00,1.53845e+00,8.59771e-01,6.24182e+01,4.58124e+00,4.29289e-01,1.49489e+00,1.63705e+01
1.37637e+00,5.28703e+02,2.69306e-01,2.57334e+02,4.80515e-01,8.79859e-01,2.37346e+00,2.35015e+01,3.22619e+00,7.35781e+01,4.32772e-01,1.81384e+02,4.51863e+00,1.53837e+00,8.59254e-01,6.05956e+01,4.52918e+00,4.28705e-01,1.49174e+00,1.59730e+01
1.37591e+00,5.59366e+02,2.69002e-01,2.50278e+02,4.79621e-01,8.78922e-01,2.35593e+00,2.29603e+01,3.22393e+00,7.15630e+01,4.31483e-01,1.77405e+02,4.47864e+00,1.53823e+00,8.58721e-01,5.88347e+01,4.48055e+00,4.28106e-01,1.48874e+00,1.55926e+01
1.37540e+00,5.64941e+02,2.68673e-01,2.43448e+02,4.78742e-01,8.78010e-01,2.33920e+00,2.24358e+01,3.22186e+00,6.96290e+01,4.30286e-01,1.73564e+02,4.44895e+00,1.53807e+00,8.58176e-01,5.71328e+01,4.43513e+00,4.27497e-01,1.48592e+00,1.52286e+01
1.37491e+00,5.59189e+02,2.68340e-01,2.36847e+02,4.77868e-01,8.77106e-01,2.32325e+00,2.19285e+01,3.22001e+00,6.77731e+01,4.29172e-01,1.69852e+02,4.43248e+00,1.53784e+00,8.57624e-01,5.54888e+01,4.39281e+00,4.26873e-01,1.48316e+00,1.48802e+01
1.37436e+00,5.48537e+02,2.68015e-01,2.30472e+02,4.76988e-01,8.76224e-01,2.30805e+00,2.14380e+01,3.21835e+00,6.59914e+01,4.28127e-01,1.66265e+02,4.43133e+00,1.53753e+00,8.57060e-01,5.39020e+01,4.35342e+00,4.26234e-01,1.48055e+00,1.45469e+01
1.37375e+00,5.35861e+02,2.67694e-01,2.24325e+02,4.76116e-01,8.75352e-01,2.29360e+00,2.09637e+01,3.21682e+00,6.42814e+01,4.27161e-01,1.62800e+02,4.44732e+00,1.53712e+00,8.56493e-01,5.23692e+01,4.31688e+00,4.25564e-01,1.47797e+00,1.42282e+01
1.37312e+00,5.22476e+02,2.67362e-01,2.18394e+02,4.75242e-01,8.74489e-01,2.27987e+00,2.05046e+01,3.21535e+00,6.26379e+01,4.26257e-01,1.59450e+02,4.48199e+00,1.53669e+00,8.55923e-01,5.08891e+01,4.28300e+00,4.24894e-01,1.47542e+00,1.39228e+01
1.37249e+00,5.08984e+02,2.67000e-01,2.12679e+02,4.74362e-01,8.73632e-01,2.26680e+00,2.00611e+01,3.21398e+00,6.10594e+01,4.25416e-01,1.56215e+02,4.53590e+00,1.53621e+00,8.55349e-01,4.94608e+01,4.25168e+00,4.24213e-01,1.47304e+00,1.36303e+01
1.37187e+00,4.95666e+02,2.66639e-01,2.07167e+02,4.73468e-01,8.72774e-01,2.25440e+00,1.96336e+01,3.21260e+00,5.95432e+01,4.24636e-01,1.53090e+02,4.60752e+00,1.53569e+00,8.54747e-01,4.80832e+01,4.22270e+00,4.23520e-01,1.47068e+00,1.33499e+01
1.37128e+00,4.82657e+02,2.66290e-01,2.01863e+02,4.72569e-01,8.71924e-01,2.24264e+00,1.92191e+01,3.21131e+00,5.80869e+01,4.23900e-01,1.50093e+02,4.69352e+00,1.53510e+00,8.54123e-01,4.67526e+01,4.19601e+00,4.22821e-01,1.46844e+00,1.30811e+01
1.37067e+00,4.70028e+02,2.65940e-01,1.96749e+02,4.71672e-01,8.71086e-01,2.23148e+00,1.88193e+01,3.21000e+00,5.66878e+01,4.23218e-01,1.47318e+02,4.78912e+00,1.53444e+00,8.53506e-01,4.54696e+01,4.17155e+00,4.22119e-01,1.46625e+00,1.28234e+01
1.37000e+00,4.57811e+02,2.65567e-01,1.91819e+02,4.70742e-01,8.70235e-01,2.22092e+00,1.84330e+01,3.20869e+00,5.53430e+01,4.22565e-01,1.45241e+02,4.88979e+00,1.53372e+00,8.52876e-01,4.42320e+01,4.14913e+00,4.21416e-01,1.46407e+00,1.25757e+01
1.36930e+00,4.46023e+02,2.65170e-01,1.87073e+02,4.69821e-01,8.69381e-01,2.21092e+00,1.80596e+01,3.20736e+00,5.40503e+01,4.21941e-01,1.45608e+02,4.99224e+00,1.53294e+00,8.52229e-01,4.30367e+01,4.12862e+00,4.20704e-01,1.46202e+00,1.23378e+01
1.36858e+00,4.34676e+02,2.64756e-01,1.82494e+02,4.68912e-01,8.68519e-01,2.20144e+00,1.76990e+01,3.20599e+00,5.28078e+01,4.21349e-01,1.53241e+02,5.09421e+00,1.53214e+00,8.51564e-01,4.18842e+01,4.10990e+00,4.19984e-01,1.45993e+00,1.21096e+01
1.36775e+00,4.23771e+02,2.64351e-01,1.78078e+02,4.68002e-01,8.67661e-01,2.19248e+00,1.73505e+01,3.20458e+00,5.16136e+01,4.20777e-01,1.77284e+02,5.19364e+00,1.53124e+00,8.50882e-01,4.07725e+01,4.09284e+00,4.19251e-01,1.45792e+00,1.18906e+01
1.36685e+00,4.13313e+02,2.63969e-01,1.73824e+02,4.67111e-01,8.66795e-01,2.18401e+00,1.70145e+01,3.20311e+00,5.04647e+01,4.20234e-01,2.27605e+02,5.28819e+00,1.53026e+00,8.50198e-01,3.96998e+01,4.07736e+00,4.18500e-01,1.45593e+00,1.16803e+01
1.36588e+00,4.03289e+02,2.63568e-01,1.69714e+02,4.66211e-01,8.65926e-01,2.17601e+00,1.66891e+01,3.20155e+00,4.93598e+01,4.19714e-01,3.04887e+02,5.37554e+00,1.52923e+00,8.49519e-01,3.86640e+01,4.06331e+00,4.17750e-01,1.45391e+00,1.14784e+01
1.36490e+00,3.93698e+02,2.63140e-01,1.65748e+02,4.65306e-01,8.65051e-01,2.16841e+00,1.63756e+01,3.19995e+00,4.82969e+01,4.19208e-01,3.94505e+02,5.45415e+00,1.52817e+00,8.48829e-01,3.76649e+01,4.05066e+00,4.16997e-01,1.45200e+00,1.12850e+01
1.36392e+00,3.84518e+02,2.62709e-01,1.61918e+02,4.64391e-01,8.64178e-01,2.16122e+00,1.60724e+01,3.19825e+00,4.72751e+01,4.18721e-01,4.74761e+02,5.52381e+00,1.52706e+00,8.48122e-01,3.67010e+01,4.03919e+00,4.16235e-01,1.45004e+00,1.10996e+01
1.36291e+00,3.75720e+02,2.62289e-01,1.58215e+02,4.63478e-01,8.63317e-01,2.15444e+00,1.57806e+01,3.19645e+00,4.62921e+01,4.18249e-01,5.31570e+02,5.58609e+00,1.52592e+00,8.47404e-01,3.57712e+01,4.02890e+00,4.15462e-01,1.44815e+00,1.09217e+01
1.36194e+00,3.67278e+02,2.61873e-01,1.54634e+02,4.62564e-01,8.62449e-01,2.14805e+00,1.54980e+01,3.19458e+00,4.53463e+01,4.17788e-01,5.63365e+02,5.64367e+00,1.52473e+00,8.46677e-01,3.48736e+01,4.01975e+00,4.14690e-01,1.44627e+00,1.07513e+01
1.36101e+00,3.59157e+02,2.61453e-01,1.51170e+02,4.61625e-01,8.61562e-01,2.14201e+00,1.52261e+01,3.19263e+00,4.44356e+01,4.17332e-01,5.75960e+02,5.69886e+00,1.52345e+00,8.45932e-01,3.40069e+01,4.01157e+00,4.13921e-01,1.44436e+00,1.05883e+01
1.36013e+00,3.51319e+02,2.61022e-01,1.47814e+02,4.60699e-01,8.60662e-01,2.13629e+00,1.49632e+01,3.19060e+00,4.35589e+01,4.16878e-01,5.76383e+02,5.75266e+00,1.52214e+00,8.45178e-01,3.31704e+01,4.00429e+00,4.13150e-01,1.44253e+00,1.04319e+01
1.35938e+00,3.43727e+02,2.60569e-01,1.44564e+02,4.59783e-01,8.59768e-01,2.13085e+00,1.47102e+01,3.18846e+00,4.27146e+01,4.16429e-01,5.70002e+02,5.80440e+00,1.52082e+00,8.44411e-01,3.23628e+01,3.99779e+00,4.12375e-01,1.44068e+00,1.02823e+01
1.35872e+00,3.36347e+02,2.60116e-01,1.41409e+02,4.58868e-01,8.58865e-01,2.12570e+00,1.44658e+01,3.18625e+00,4.19023e+01,4.15984e-01,5.60172e+02,5.85156e+00,1.51948e+00,8.43621e-01,3.15834e+01,3.99201e+00,4.11588e-01,1.43883e+00,1.01393e+01
1.35821e+00,3.29150e+02,2.59675e-01,1.38351e+02,4.57959e-01,8.57949e-01,2.12082e+00,1.42310e+01,3.18391e+00,4.11203e+01,4.15540e-01,5.48770e+02,5.89064e+00,1.51809e+00,8.42830e-01,3.08309e+01,3.98689e+00,4.10785e-01,1.43699e+00,1.00024e+01
1.35781e+00,3.22111e+02,2.59224e-01,1.35379e+02,4.57055e-01,8.57032e-01,2.11620e+00,1.40041e+01,3.18147e+00,4.03661e+01,4.15099e-01,5.36790e+02,5.91836e+00,1.51666e+00,8.42041e-01,3.01038e+01,3.98233e+00,4.09983e-01,1.43512e+00,9.87136e+00
1.35755e+00,3.15213e+02,2.58756e-01,1.32490e+02,4.56149e-01,8.56110e-01,2.11182e+00,1.37855e+01,3.17893e+00,3.96399e+01,4.14661e-01,5.24718e+02,5.93176e+00,1.51522e+00,8.41239e-01,2.94017e+01,3.97825e+00,4.09178e-01,1.43331e+00,9.74658e+00
1.35744e+00,3.08445e+02,2.58279e-01,1.29683e+02,4.55237e-01,8.55189e-01,2.10765e+00,1.35753e+01,3.17629e+00,3.89407e+01,4.14231e-01,5.12809e+02,5.92932e+00,1.51378e+00,8.40425e-01,2.87234e+01,3.97469e+00,4.08364e-01,1.43146e+00,9.62728e+00
1.35746e+00,3.01799e+02,2.57808e-01,1.26952e+02,4.54316e-01,8.54275e-01,2.10372e+00,1.33728e+01,3.17357e+00,3.82662e+01,4.13808e-01,5.01177e+02,5.91077e+00,1.51237e+00,8.39602e-01,2.80683e+01,3.97150e+00,4.07547e-01,1.42963e+00,9.51356e+00
1.35758e+00,2.95273e+02,2.57349e-01,1.24293e+02,4.53393e-01,8.53358e-01,2.09998e+00,1.31780e+01,3.17075e+00,3.76160e+01,4.13384e-01,4.89884e+02,5.87716e+00,1.51096e+00,8.38782e-01,2.74356e+01,3.96871e+00,4.06734e-01,1.42782e+00,9.40536e+00
1.35781e+00,2.88866e+02,2.56894e-01,1.21705e+02,4.52433e-01,8.52425e-01,2.09643e+00,1.29906e+01,3.16785e+00,3.69893e+01,4.12962e-01,4.78949e+02,5.83025e+00,1.50953e+00,8.37939e-01,2.68244e+01,3.96626e+00,4.05932e-01,1.42595e+00,9.30206e+00
1.35804e+00,2.82582e+02,2.56424e-01,1.19181e+02,4.51483e-01,8.51484e-01,2.09303e+00,1.28104e+01,3.16488e+00,3.63849e+01,4.12540e-01,4.68386e+02,5.77237e+00,1.50812e+00,8.37089e-01,2.62336e+01,3.96406e+00,4.05128e-01,1.42414e+00,9.20427e+00
1.35830e+00,2.76424e+02,2.55932e-01,1.16726e+02,4.50567e-01,8.50550e-01,2.08974e+00,1.26373e+01,3.16180e+00,3.58017e+01,4.12116e-01,4.58195e+02,5.70588e+00,1.50671e+00,8.36225e-01,2.56627e+01,3.96208e+00,4.04316e-01,1.42233e+00,9.11111e+00
1.35848e+00,2.70395e+02,2.55439e-01,1.14330e+02,4.49654e-01,8.49597e-01,2.08663e+00,1.24709e+01,3.15866e+00,3.52390e+01,4.11688e-01,4.48366e+02,5.63321e+00,1.50532e+00,8.35346e-01,2.51110e+01,3.96027e+00,4.03493e-01,1.42049e+00,9.02295e+00
1.35853e+00,2.64501e+02,2.54965e-01,1.11995e+02,4.48757e-01,8.48637e-01,2.08365e+00,1.23109e+01,3.15543e+00,3.46961e+01,4.11255e-01,4.38892e+02,5.55634e+00,1.50390e+00,8.34459e-01,2.45777e+01,3.95866e+00,4.02668e-01,1.41869e+00,8.93957e+00
1.35838e+00,2.58742e+02,2.54490e-01,1.09717e+02,4.47862e-01,8.47669e-01,2.08078e+00,1.21572e+01,3.15209e+00,3.41716e+01,4.10819e-01,4.29745e+02,5.47727e+00,1.50242e+00,8.33589e-01,2.40621e+01,3.95716e+00,4.01849e-01,1.41685e+00,8.86066e+00
1.35805e+00,2.53126e+02,2.54003e-01,1.07496e+02,4.46956e-01,8.46697e-01,2.07802e+00,1.20093e+01,3.14873e+00,3.36656e+01,4.10374e-01,4.20923e+02,5.39726e+00,1.50088e+00,8.32727e-01,2.35636e+01,3.95574e+00,4.01030e-01,1.41502e+00,8.78656e+00
1.35743e+00,2.47651e+02,2.53502e-01,1.05329e+02,4.46024e-01,8.45720e-01,2.07535e+00,1.18673e+01,3.14523e+00,3.31768e+01,4.09932e-01,4.12394e+02,5.31764e+00,1.49929e+00,8.31834e-01,2.30818e+01,3.95436e+00,4.00201e-01,1.41321e+00,8.71672e+00
1.35655e+00,2.42316e+02,2.53007e-01,1.03218e+02,4.45089e-01,8.44754e-01,2.07279e+00,1.17314e+01,3.14170e+00,3.27042e+01,4.09500e-01,4.04145e+02,5.23936e+00,1.49763e+00,8.30921e-01,2.26157e+01,3.95304e+00,3.99366e-01,1.41137e+00,8.65138e+00
1.35532e+00,2.37123e+02,2.52518e-01,1.01157e+02,4.44180e-01,8.43785e-01,2.07033e+00,1.16006e+01,3.13809e+00,3.22481e+01,4.09065e-01,3.96143e+02,5.16316e+00,1.49590e+00,8.30026e-01,2.21651e+01,3.95179e+00,3.98546e-01,1.40957e+00,8.59022e+00
1.35380e+00,2.32073e+02,2.52038e-01,9.91468e+01,4.43289e-01,8.42802e-01,2.06793e+00,1.14750e+01,3.13440e+00,3.18078e+01,4.08626e-01,3.88368e+02,5.08964e+00,1.49406e+00,8.29115e-01,2.17294e+01,3.95060e+00,3.97741e-01,1.40776e+00,8.53314e+00
1.35195e+00,2.27160e+02,2.51550e-01,9.71887e+01,4.42446e-01,8.41813e-01,2.06559e+00,1.13541e+01,3.13064e+00,3.13814e+01,4.08192e-01,3.80816e+02,5.01927e+00,1.49214e+00,8.28191e-01,2.13079e+01,3.94938e+00,3.96932e-01,1.40593e+00,8.48024e+00
1.34979e+00,2.22386e+02,2.51046e-01,9.52769e+01,4.41693e-01,8.40818e-01,2.06330e+00,1.12383e+01,3.12683e+00,3.09694e+01,4.07757e-01,3.73440e+02,4.95234e+00,1.49014e+00,8.27256e-01,2.09001e+01,3.94816e+00,3.96116e-01,1.40413e+00,8.43098e+00
1.34738e+00,2.17746e+02,2.50531e-01,9.34141e+01,4.40975e-01,8.39823e-01,2.06105e+00,1.11269e+01,3.12299e+00,3.05710e+01,4.07312e-01,3.66244e+02,4.88917e+00,1.48807e+00,8.26309e-01,2.05054e+01,3.94689e+00,3.95289e-01,1.40232e+00,8.38577e+00
1.34474e+00,2.13238e+02,2.50034e-01,9.15993e+01,4.40251e-01,8.38824e-01,2.05887e+00,1.10197e+01,3.11908e+00,3.01860e+01,4.06856e-01,3.59206e+02,4.82981e+00,1.48595e+00,8.25361e-01,2.01239e+01,3.94561e+00,3.94448e-01,1.40049e+00,8.34415e+00
1.34191e+00,2.08856e+02,2.49542e-01,8.98274e+01,4.39469e-01,8.37822e-01,2.05674e+00,1.09165e+01,3.11508e+00,2.98129e+01,4.06402e-01,3.52312e+02,4.77434e+00,1.48377e+00,8.24422e-01,1.97544e+01,3.94430e+00,3.93608e-01,1.39865e+00,8.30599e+00
1.33904e+00,2.04604e+02,2.49054e-01,8.81031e+01,4.38621e-01,8.36813e-01,2.05462e+00,1.08171e+01,3.11105e+00,2.94519e+01,4.05948e-01,3.45562e+02,4.72289e+00,1.48150e+00,8.23486e-01,1.93967e+01,3.94290e+00,3.92773e-01,1.39683e+00,8.27176e+00
1.33600e+00,2.00470e+02,2.48558e-01,8.64201e+01,4.37704e-01,8.35804e-01,2.05254e+00,1.07219e+01,3.10691e+00,2.91022e+01,4.05499e-01,3.38944e+02,4.67517e+00,1.47920e+00,8.22530e-01,1.90506e+01,3.94144e+00,3.91939e-01,1.39503e+00,8.24087e+00
1.33297e+00,1.96456e+02,2.48064e-01,8.47813e+01,4.36746e-01,8.34795e-01,2.05050e+00,1.06298e+01,3.10275e+00,2.87641e+01,4.05052e-01,3.32462e+02,4.63122e+00,1.47687e+00,8.21562e-01,1.87157e+01,3.93992e+00,3.91105e-01,1.39319e+00,8.21400e+00
1.32994e+00,1.92556e+02,2.47567e-01,8.31860e+01,4.35769e-01,8.33781e-01,2.04849e+00,1.05408e+01,3.09853e+00,2.84368e+01,4.04599e-01,3.26101e+02,4.59080e+00,1.47453e+00,8.20599e-01,1.83915e+01,3.93836e+00,3.90292e-01,1.39137e+00,8.19077e+00
1.32690e+00,1.88766e+02,2.47074e-01,8.16296e+01,4.34777e-01,8.32753e-01,2.04650e+00,1.04552e+01,3.09427e+00,2.81193e+01,4.04145e-01,3.19877e+02,4.55370e+00,1.47214e+00,8.19634e-01,1.80775e+01,3.93674e+00,3.89487e-01,1.38955e+00,8.17175e+00
1.32393e+00,1.85083e+02,2.46580e-01,8.01140e+01,4.33798e-01,8.31729e-01,2.04450e+00,1.03729e+01,3.08996e+00,2.78119e+01,4.03697e-01,3.13775e+02,4.51972e+00,1.46973e+00,8.18654e-01,1.77733e+01,3.93505e+00,3.88673e-01,1.38771e+00,8.15657e+00
1.32099e+00,1.81504e+02,2.46074e-01,7.86391e+01,4.32839e-01,8.30702e-01,2.04248e+00,1.02934e+01,3.08560e+00,2.75143e+01,4.03251e-01,3.07806e+02,4.48847e+00,1.46733e+00,8.17661e-01,1.74785e+01,3.93327e+00,3.87852e-01,1.38589e+00,8.14581e+00
1.31812e+00,1.78025e+02,2.45560e-01,7.72011e+01,4.31903e-01,8.29656e-01,2.04047e+00,1.02161e+01,3.08122e+00,2.72251e+01,4.02797e-01,3.01962e+02,4.45982e+00,1.46492e+00,8.16657e-01,1.71928e+01,3.93138e+00,3.87031e-01,1.38408e+00,8.13883e+00
1.31532e+00,1.74642e+02,2.45061e-01,7.58016e+01,4.30984e-01,8.28606e-01,2.03849e+00,1.01417e+01,3.07680e+00,2.69451e+01,4.02338e-01,2.96249e+02,4.43351e+00,1.46253e+00,8.15659e-01,1.69163e+01,3.92943e+00,3.86206e-01,1.38226e+00,8.13602e+00
1.31258e+00,1.71350e+02,2.44561e-01,7.44370e+01,4.30077e-01,8.27566e-01,2.03652e+00,1.00696e+01,3.07231e+00,2.66733e+01,4.01879e-01,2.90660e+02,4.40929e+00,1.46012e+00,8.14672e-01,1.66479e+01,3.92743e+00,3.85375e-01,1.38045e+00,8.13637e+00
1.30994e+00,1.68149e+02,2.44059e-01,7.31102e+01,4.29174e-01,8.26529e-01,2.03453e+00,1.00000e+01,3.06779e+00,2.64095e+01,4.01414e-01,2.85203e+02,4.38691e+00,1.45770e+00,8.13698e-01,1.63881e+01,3.92530e+00,3.84548e-01,1.37865e+00,8.13979e+00
1.30739e+00,1.65033e+02,2.43556e-01,7.18170e+01,4.28277e-01,8.25487e-01,2.03254e+00,9.93290e+00,3.06320e+00,2.61537e+01,4.00951e-01,2.79872e+02,4.36625e+00,1.45531e+00,8.12714e-01,1.61364e+01,3.92306e+00,3.83719e-01,1.37689e+00,8.14508e+00
1.30491e+00,1.62000e+02,2.43060e-01,7.05568e+01,4.27394e-01,8.24436e-01,2.03058e+00,9.86772e+00,3.05861e+00,2.59058e+01,4.00489e-01,2.74675e+02,4.34698e+00,1.45291e+00,8.11716e-01,1.58926e+01,3.92072e+00,3.82895e-01,1.37510e+00,8.15176e+00
1.30248e+00,1.59047e+02,2.42553e-01,6.93312e+01,4.26512e-01,8.23378e-01,2.02860e+00,9.80482e+00,3.05397e+00,2.56646e+01,4.00023e-01,2.69598e+02,4.32900e+00,1.45052e+00,8.10712e-01,1.56559e+01,3.91832e+00,3.82090e-01,1.37332e+00,8.15843e+00
1.30012e+00,1.56169e+02,2.42055e-01,6.81384e+01,4.25648e-01,8.22321e-01,2.02663e+00,9.74370e+00,3.04930e+00,2.54307e+01,3.99553e-01,2.64655e+02,4.31226e+00,1.44813e+00,8.09712e-01,1.54265e+01,3.91588e+00,3.81292e-01,1.37154e+00,8.16432e+00
1.29780e+00,1.53365e+02,2.41561e-01,6.69751e+01,4.24783e-01,8.21278e-01,2.02464e+00,9.68442e+00,3.04457e+00,2.52037e+01,3.99088e-01,2.59831e+02,4.29649e+00,1.44573e+00,8.08694e-01,1.52044e+01,3.91334e+00,3.80489e-01,1.36976e+00,8.16870e+00
1.29553e+00,1.50631e+02,2.41050e-01,6.58423e+01,4.23906e-01,8.20224e-01,2.02260e+00,9.62729e+00,3.03982e+00,2.49828e+01,3.98634e-01,2.55136e+02,4.28162e+00,1.44334e+00,8.07662e-01,1.49890e+01,3.91072e+00,3.79680e-01,1.36798e+00,8.17100e+00
1.29328e+00,1.47965e+02,2.40530e-01,6.47405e+01,4.23061e-01,8.19163e-01,2.02058e+00,9.57212e+00,3.03506e+00,2.47685e+01,3.98174e-01,2.50555e+02,4.26759e+00,1.44095e+00,8.06629e-01,1.47800e+01,3.90798e+00,3.78866e-01,1.36622e+00,8.17087e+00
1.29106e+00,1.45363e+02,2.40019e-01,6.36675e+01,4.22212e-01,8.18112e-01,2.01856e+00,9.51883e+00,3.03027e+00,2.45604e+01,3.97698e-01,2.46094e+02,4.25434e+00,1.43858e+00,8.05597e-01,1.45774e+01,3.90520e+00,3.78049e-01,1.36444e+00,8.16830e+00
1.28887e+00,1.42824e+02,2.39523e-01,6.26207e+01,4.21354e-01,8.17055e-01,2.01655e+00,9.46682e+00,3.02544e+00,2.43581e+01,3.97228e-01,2.41746e+02,4.24174e+00,1.43620e+00,8.04578e-01,1.43807e+01,3.90235e+00,3.77237e-01,1.36266e+00,8.16386e+00
1.28671e+00,1.40345e+02,2.39026e-01,6.16022e+01,4.20505e-01,8.16001e-01,2.01451e+00,9.41692e+00,3.02058e+00,2.41613e+01,3.96761e-01,2.37510e+02,4.22970e+00,1.43380e+00,8.03571e-01,1.41904e+01,3.89941e+00,3.76430e-01,1.36089e+00,8.15800e+00
1.28456e+00,1.37924e+02,2.38527e-01,6.06112e+01,4.19673e-01,8.14952e-01,2.01244e+00,9.36852e+00,3.01568e+00,2.39704e+01,3.96296e-01,2.33382e+02,4.21824e+00,1.43139e+00,8.02558e-01,1.40058e+01,3.89639e+00,3.75617e-01,1.35914e+00,8.15127e+00
1.28245e+00,1.35559e+02,2.38043e-01,5.96442e+01,4.18841e-01,8.13901e-01,2.01038e+00,9.32188e+00,3.01074e+00,2.37847e+01,3.95827e-01,2.29366e+02,4.20729e+00,1.42898e+00,8.01530e-01,1.38267e+01,3.89328e+00,3.74804e-01,1.35736e+00,8.14538e+00
1.28034e+00,1.33248e+02,2.37555e-01,5.87024e+01,4.17985e-01,8.12842e-01,2.00833e+00,9.27698e+00,3.00579e+00,2.36042e+01,3.95352e-01,2.25447e+02,4.19672e+00,1.42657e+00,8.00507e-01,1.36531e+01,3.89013e+00,3.74011e-01,1.35561e+00,8.14111e+00
1.27825e+00,1.30988e+02,2.37074e-01,5.77856e+01,4.17135e-01,8.11775e-01,2.00626e+00,9.23355e+00,3.00080e+00,2.34289e+01,3.94879e-01,2.21635e+02,4.18655e+00,1.42416e+00,7.99486e-01,1.34851e+01,3.88696e+00,3.73231e-01,1.35387e+00,8.13973e+00
1.27617e+00,1.28779e+02,2.36594e-01,5.68929e+01,4.16305e-01,8.10713e-01,2.00418e+00,9.19147e+00,2.99578e+00,2.32583e+01,3.94418e-01,2.17915e+02,4.17670e+00,1.42173e+00,7.98452e-01,1.33222e+01,3.88373e+00,3.72446e-01,1.35210e+00,8.14231e+00
1.27409e+00,1.26617e+02,2.36095e-01,5.60229e+01,4.15490e-01,8.09648e-01,2.00203e+00,9.15094e+00,2.99074e+00,2.30928e+01,3.93965e-01,2.14299e+02,4.16706e+00,1.41932e+00,7.97409e-01,1.31643e+01,3.88043e+00,3.71658e-01,1.35035e+00,8.14999e+00
1.27201e+00,1.24503e+02,2.35580e-01,5.51748e+01,4.14673e-01,8.08575e-01,1.99990e+00,9.11189e+00,2.98570e+00,2.29319e+01,3.93507e-01,2.10766e+02,4.15764e+00,1.41689e+00,7.96363e-01,1.30116e+01,3.87707e+00,3.70857e-01,1.34861e+00,8.16343e+00
1.26993e+00,1.22434e+02,2.35085e-01,5.43490e+01,4.13843e-01,8.07502e-01,1.99776e+00,9.07428e+00,2.98065e+00,2.27755e+01,3.93044e-01,2.07327e+02,4.14840e+00,1.41448e+00,7.95313e-01,1.28635e+01,3.87373e+00,3.70058e-01,1.34687e+00,8.18344e+00
1.26785e+00,1.20410e+02,2.34605e-01,5.35433e+01,4.13014e-01,8.06431e-01,1.99563e+00,9.03789e+00,2.97558e+00,2.26232e+01,3.92581e-01,2.03971e+02,4.13936e+00,1.41205e+00,7.94280e-01,1.27200e+01,3.87033e+00,3.69266e-01,1.34512e+00,8.20998e+00
1.26577e+00,1.18428e+02,2.34122e-01,5.27585e+01,4.12189e-01,8.05368e-01,1.99349e+00,9.00300e+00,2.97051e+00,2.24754e+01,3.92118e-01,2.00699e+02,4.13043e+00,1.40962e+00,7.93261e-01,1.25815e+01,3.86693e+00,3.68477e-01,1.34342e+00,8.24319e+00
1.26369e+00,1.16489e+02,2.33634e-01,5.19946e+01,4.11373e-01,8.04311e-01,1.99131e+00,8.96940e+00,2.96542e+00,2.23320e+01,3.91657e-01,1.97506e+02,4.12167e+00,1.40716e+00,7.92227e-01,1.24474e+01,3.86345e+00,3.67688e-01,1.34171e+00,8.28266e+00
1.26162e+00,1.14590e+02,2.33159e-01,5.12499e+01,4.10544e-01,8.03248e-01,1.98914e+00,8.93706e+00,2.96029e+00,2.21922e+01,3.91194e-01,1.94394e+02,4.11305e+00,1.40471e+00,7.91187e-01,1.23174e+01,3.85992e+00,3.66900e-01,1.33998e+00,8.32793e+00
1.25955e+00,1.12731e+02,2.32675e-01,5.05240e+01,4.09717e-01,8.02180e-01,1.98697e+00,8.90606e+00,2.95516e+00,2.20567e+01,3.90727e-01,1.91355e+02,4.10448e+00,1.40226e+00,7.90147e-01,1.21921e+01,3.85646e+00,3.66134e-01,1.33826e+00,8.37764e+00
1.25749e+00,1.10910e+02,2.32192e-01,4.98159e+01,4.08896e-01,8.01098e-01,1.98481e+00,8.87636e+00,2.95003e+00,2.19248e+01,3.90262e-01,1.88390e+02,4.09603e+00,1.39981e+00,7.89111e-01,1.20709e+01,3.85300e+00,3.65380e-01,1.33657e+00,8.43115e+00
1.25541e+00,1.09127e+02,2.31713e-01,4.91257e+01,4.08072e-01,8.00024e-01,1.98262e+00,8.84778e+00,2.94487e+00,2.17967e+01,3.89806e-01,1.85496e+02,4.08766e+00,1.39735e+00,7.88060e-01,1.19537e+01,3.84953e+00,3.64618e-01,1.33485e+00,8.48659e+00
1.25336e+00,1.07383e+02,2.31224e-01,4.84532e+01,4.07259e-01,7.98956e-01,1.98037e+00,8.82035e+00,2.93970e+00,2.16726e+01,3.89353e-01,1.82669e+02,4.07934e+00,1.39488e+00,7.87001e-01,1.18408e+01,3.84607e+00,3.63848e-01,1.33312e+00,8.54306e+00
1.25128e+00,1.05674e+02,2.30721e-01,4.77982e+01,4.06464e-01,7.97884e-01,1.97813e+00,8.79405e+00,2.93455e+00,2.15516e+01,3.88889e-01,1.79909e+02,4.07109e+00,1.39244e+00,7.85945e-01,1.17316e+01,3.84262e+00,3.63071e-01,1.33145e+00,8.59885e+00
1.24919e+00,1.04004e+02,2.30225e-01,4.71600e+01,4.05659e-01,7.96811e-01,1.97591e+00,8.76882e+00,2.92940e+00,2.14343e+01,3.89320e-01,1.77212e+02,4.06293e+00,1.38999e+00,7.84887e-01,1.16266e+01,3.83919e+00,3.62287e-01,1.32976e+00,8.65263e+00
1.24712e+00,1.02370e+02,2.29747e-01,4.65368e+01,4.04854e-01,7.95742e-01,1.97369e+00,8.74438e+00,2.92423e+00,2.13203e+01,3.90064e-01,1.74576e+02,4.05483e+00,1.38754e+00,7.83838e-01,1.15251e+01,3.83572e+00,3.61509e-01,1.32805e+00,8.70345e+00
1.24503e+00,1.00767e+02,2.29275e-01,4.59302e+01,4.04056e-01,7.94681e-01,1.97146e+00,8.72108e+00,2.91905e+00,2.12104e+01,3.90867e-01,1.71998e+02,4.04680e+00,1.38507e+00,7.82801e-01,1.14280e+01,3.83225e+00,3.60732e-01,1.32825e+00,8.74976e+00
1.24296e+00,9.91967e+01,2.28799e-01,4.53383e+01,4.03269e-01,7.93623e-01,1.96922e+00,8.69891e+00,2.91676e+00,2.11029e+01,3.91267e-01,1.69477e+02,4.03884e+00,1.38260e+00,7.81764e-01,1.13355e+01,3.83181e+00,3.59959e-01,1.33025e+00,8.79110e+00
1.24088e+00,9.76578e+01,2.28335e-01,4.47612e+01,4.02470e-01,7.92560e-01,1.96699e+00,8.68008e+00,2.91501e+00,2.09997e+01,3.91403e-01,1.67012e+02,4.03099e+00,1.38012e+00,7.80713e-01,1.12478e+01,3.83155e+00,3.59791e-01,1.33333e+00,8.82599e+00
1.23879e+00,9.61506e+01,2.27861e-01,4.41989e+01,4.02874e-01,7.91507e-01,1.96484e+00,8.66309e+00,2.91350e+00,2.08988e+01,3.91473e-01,1.64602e+02,4.02317e+00,1.37764e+00,7.79668e-01,1.11647e+01,3.83093e+00,3.60333e-01,1.34234e+00,8.85407e+00
1.23672e+00,9.46742e+01,2.27384e-01,4.36515e+01,4.03362e-01,7.90453e-01,1.96278e+00,8.64635e+00,2.91271e+00,2.08013e+01,3.91412e-01,1.62243e+02,4.01536e+00,1.37517e+00,7.78630e-01,1.10870e+01,3.82968e+00,3.60217e-01,1.35186e+00,8.87498e+00
1.23463e+00,9.32279e+01,2.27007e-01,4.31202e+01,4.03752e-01,7.93421e-01,1.96203e+00,8.63015e+00,2.91233e+00,2.07062e+01,3.92964e-01,1.59933e+02,4.00763e+00,1.37272e+00,7.78281e-01,1.10137e+01,3.83444e+00,3.60367e-01,1.36393e+00,8.88791e+00
1.23257e+00,9.18114e+01,2.27054e-01,4.26150e+01,4.04343e-01,7.96093e-01,1.96129e+00,8.61511e+00,2.91210e+00,2.06139e+01,3.95598e-01,1.57673e+02,4.00030e+00,1.37030e+00,7.77788e-01,1.09454e+01,3.83817e+00,3.65605e-01,1.37509e+00,8.89457e+00
1.23371e+00,9.04651e+01,2.28909e-01,4.21229e+01,4.04758e-01,7.99471e-01,1.96026e+00,8.60089e+00,2.91532e+00,2.05244e+01,3.98756e-01,1.55464e+02,3.99306e+00,1.36898e+00,7.77286e-01,1.08818e+01,3.83894e+00,3.71079e-01,1.38629e+00,8.89337e+00
1.23571e+00,8.91967e+01,2.31973e-01,4.16368e+01,4.05065e-01,8.01744e-01,1.95867e+00,8.58870e+00,2.92500e+00,2.04373e+01,4.01109e-01,1.53307e+02,3.98589e+00,1.36858e+00,7.76880e-01,1.08228e+01,3.83711e+00,3.76689e-01,1.39810e+00,8.88657e+00
1.23774e+00,8.78930e+01,2.35719e-01,4.11594e+01,4.05303e-01,8.03203e-01,1.95677e+00,8.57761e+00,2.94399e+00,2.03523e+01,4.02896e-01,1.51195e+02,3.97861e+00,1.36956e+00,7.78300e-01,1.07683e+01,3.83354e+00,3.87246e-01,1.41158e+00,8.87332e+00
1.24104e+00,8.65632e+01,2.39425e-01,4.06948e+01,4.05442e-01,8.04108e-01,1.95455e+00,8.56668e+00,2.97103e+00,2.02701e+01,4.04243e-01,1.49128e+02,3.97123e+00,1.37264e+00,7.79218e-01,1.07181e+01,3.82966e+00,4.01785e-01,1.42754e+00,8.85262e+00
1.24992e+00,8.52815e+01,2.43262e-01,4.02433e+01,4.05458e-01,8.04625e-01,1.95270e+00,8.55601e+00,3.00601e+00,2.01901e+01,4.05171e-01,1.47105e+02,3.96398e+00,1.37812e+00,7.80230e-01,1.06706e+01,3.82580e+00,4.15688e-01,1.44637e+00,8.82421e+00
1.27053e+00,8.40346e+01,2.47306e-01,3.98040e+01,4.05295e-01,8.04980e-01,1.95134e+00,8.54599e+00,3.05057e+00,2.01130e+01,4.05631e-01,1.45127e+02,3.95686e+00,1.38567e+00,7.81838e-01,1.06260e+01,3.82215e+00,4.25277e-01,1.46839e+00,8.78933e+00
1.30693e+00,8.28166e+01,2.51091e-01,3.93758e+01,4.04922e-01,8.05088e-01,1.95055e+00,8.53662e+00,3.10582e+00,2.00383e+01,4.05826e-01,1.43192e+02,3.94997e+00,1.39561e+00,7.84108e-01,1.05831e+01,3.81895e+00,4.29491e-01,1.49292e+00,8.74889e+00
1.35732e+00,8.16254e+01,2.53847e-01,3.89595e+01,4.04390e-01,8.04958e-01,1.95057e+00,8.52808e+00,3.17010e+00,1.99659e+01,4.05805e-01,1.41298e+02,3.94333e+00,1.40964e+00,7.86954e-01,1.05420e+01,3.81609e+00,4.29271e-01,1.51899e+00,8.70400e+00
1.41446e+00,8.04587e+01,2.54940e-01,3.85562e+01,4.03678e-01,8.04525e-01,1.95164e+00,8.52003e+00,3.23968e+00,1.98958e+01,4.05686e-01,1.39443e+02,3.93708e+00,1.42958e+00,7.90298e-01,1.05021e+01,3.81344e+00,4.26133e-01,1.54456e+00,8.65584e+00
1.46987e+00,7.93157e+01,2.54238e-01,3.81672e+01,4.02872e-01,8.03771e-01,1.95378e+00,8.51237e+00,3.30961e+00,1.98278e+01,4.05496e-01,1.37625e+02,3.93121e+00,1.45547e+00,7.94191e-01,1.04637e+01,3.81064e+00,4.21183e-01,1.56792e+00,8.60479e+00
1.51770e+00,7.81956e+01,2.51946e-01,3.77940e+01,4.02088e-01,8.02827e-01,1.95660e+00,8.50514e+00,3.37511e+00,1.97620e+01,4.05235e-01,1.35844e+02,3.92573e+00,1.48465e+00,7.98675e-01,1.04269e+01,3.80749e+00,4.15114e-01,1.58781e+00,8.55173e+00
1.55638e+00,7.70982e+01,2.48552e-01,3.74382e+01,4.01453e-01,8.01681e-01,1.95942e+00,8.49871e+00,3.43207e+00,1.96984e+01,4.04965e-01,1.34096e+02,3.92063e+00,1.51289e+00,8.03748e-01,1.03937e+01,3.80387e+00,4.08384e-01,1.60368e+00,8.49689e+00
1.58800e+00,7.60220e+01,2.44634e-01,3.71018e+01,4.01033e-01,8.00477e-01,1.96147e+00,8.49320e+00,3.47817e+00,1.96370e+01,4.04755e-01,1.32382e+02,3.91592e+00,1.53653e+00,8.09336e-01,1.03648e+01,3.79977e+00,4.01343e-01,1.61571e+00,8.44094e+00
1.61567e+00,7.49684e+01,2.40557e-01,3.67887e+01,4.00881e-01,7.99206e-01,1.96225e+00,8.48908e+00,3.51336e+00,1.95779e+01,4.04644e-01,1.30701e+02,3.91143e+00,1.55373e+00,8.15409e-01,1.03415e+01,3.79515e+00,3.94347e-01,1.62438e+00,8.38410e+00
1.64095e+00,7.39360e+01,2.36687e-01,3.65035e+01,4.01022e-01,7.97886e-01,1.96145e+00,8.48609e+00,3.53971e+00,1.95209e+01,4.04640e-01,1.29057e+02,3.90719e+00,1.56459e+00,8.21968e-01,1.03241e+01,3.78981e+00,3.87747e-01,1.63066e+00,8.32683e+00
1.66244e+00,7.29244e+01,2.33222e-01,3.62511e+01,4.01360e-01,7.96567e-01,1.95917e+00,8.48427e+00,3.56051e+00,1.94660e+01,4.04772e-01,1.27447e+02,3.90328e+00,1.57042e+00,8.29129e-01,1.03127e+01,3.78378e+00,3.81665e-01,1.63539e+00,8.27000e+00
1.67697e+00,7.19337e+01,2.30222e-01,3.60359e+01,4.01862e-01,7.95277e-01,1.95573e+00,8.48316e+00,3.57875e+00,1.94133e+01,4.05033e-01,1.25879e+02,3.89970e+00,1.57293e+00,8.37068e-01,1.03054e+01,3.77707e+00,3.76251e-01,1.63926e+00,8.21394e+00
1.68166e+00,7.09645e+01,2.27680e-01,3.58604e+01,4.02504e-01,7.94086e-01,1.95155e+00,8.48271e+00,3.59676e+00,1.93624e+01,4.05380e-01,1.24348e+02,3.89647e+00,1.57350e+00,8.45921e-01,1.03014e+01,3.76978e+00,3.71597e-01,1.64296e+00,8.15912e+00
1.67548e+00,7.00160e+01,2.25570e-01,3.57280e+01,4.03063e-01,7.93044e-01,1.94701e+00,8.48242e+00,3.61593e+00,1.93135e+01,4.05790e-01,1.22862e+02,3.89374e+00,1.57299e+00,8.55918e-01,1.02990e+01,3.76194e+00,3.67660e-01,1.64660e+00,8.10586e+00
1.65950e+00,6.90889e+01,2.23843e-01,3.56390e+01,4.03477e-01,7.92145e-01,1.94253e+00,8.48233e+00,3.63622e+00,1.92665e+01,4.06198e-01,1.21414e+02,3.89154e+00,1.57171e+00,8.67034e-01,1.02970e+01,3.75375e+00,3.64346e-01,1.65046e+00,8.05446e+00
1.63596e+00,6.81825e+01,2.22431e-01,3.55899e+01,4.03665e-01,7.91440e-01,1.93836e+00,8.48246e+00,3.65703e+00,1.92217e+01,4.06565e-01,1.20005e+02,3.88989e+00,1.56958e+00,8.79202e-01,1.02942e+01,3.74538e+00,3.61625e-01,1.65426e+00,8.00535e+00
1.60749e+00,6.72973e+01,2.21285e-01,3.55772e+01,4.03546e-01,7.90997e-01,1.93457e+00,8.48289e+00,3.67656e+00,1.91794e+01,4.06840e-01,1.18625e+02,3.88881e+00,1.56636e+00,8.92302e-01,1.02905e+01,3.73689e+00,3.59397e-01,1.65790e+00,7.95874e+00
1.57652e+00,6.64321e+01,2.20327e-01,3.55950e+01,4.03097e-01,7.90778e-01,1.93123e+00,8.48351e+00,3.69299e+00,1.91398e+01,4.06999e-01,1.17265e+02,3.88829e+00,1.56173e+00,9.06121e-01,1.02861e+01,3.72842e+00,3.57565e-01,1.66113e+00,7.91456e+00
1.54473e+00,6.55876e+01,2.19527e-01,3.56381e+01,4.02256e-01,7.90840e-01,1.92840e+00,8.48472e+00,3.70444e+00,1.91036e+01,4.06971e-01,1.15919e+02,3.88822e+00,1.55552e+00,9.20585e-01,1.02813e+01,3.72001e+00,3.56046e-01,1.66379e+00,7.87339e+00
1.51343e+00,6.47632e+01,2.18864e-01,3.56987e+01,4.01049e-01,7.91185e-01,1.92601e+00,8.48640e+00,3.70933e+00,1.90712e+01,4.06752e-01,1.14587e+02,3.88857e+00,1.54757e+00,9.35569e-01,1.02768e+01,3.71168e+00,3.54774e-01,1.66580e+00,7.83484e+00
1.48343e+00,6.39574e+01,2.18294e-01,3.57693e+01,3.99462e-01,7.91838e-01,1.92407e+00,8.48832e+00,3.70677e+00,1.90435e+01,4.06357e-01,1.13261e+02,3.88932e+00,1.53788e+00,9.50879e-01,1.02733e+01,3.70348e+00,3.53654e-01,1.66721e+00,7.79921e+00
1.45517e+00,6.31696e+01,2.17786e-01,3.58403e+01,3.97556e-01,7.92934e-01,1.92251e+00,8.49045e+00,3.69657e+00,1.90216e+01,4.05792e-01,1.11945e+02,3.89031e+00,1.52657e+00,9.66251e-01,1.02709e+01,3.69546e+00,3.52667e-01,1.66772e+00,7.76598e+00
1.42884e+00,6.23995e+01,2.17315e-01,3.59005e+01,3.95464e-01,7.94431e-01,1.92126e+00,8.49259e+00,3.67934e+00,1.90063e+01,4.05143e-01,1.10641e+02,3.89146e+00,1.51391e+00,9.81284e-01,1.02697e+01,3.68762e+00,3.51731e-01,1.66764e+00,7.73484e+00
1.40447e+00,6.16462e+01,2.16844e-01,3.59402e+01,3.93237e-01,7.96358e-01,1.92035e+00,8.49471e+00,3.65583e+00,1.89984e+01,4.04437e-01,1.09349e+02,3.89271e+00,1.50025e+00,9.95467e-01,1.02696e+01,3.67989e+00,3.50861e-01,1.66677e+00,7.70569e+00
1.38199e+00,6.09093e+01,2.16382e-01,3.59501e+01,3.90950e-01,7.98714e-01,1.91972e+00,8.49674e+00,3.62731e+00,1.89988e+01,4.03748e-01,1.08076e+02,3.89398e+00,1.48599e+00,1.00831e+00,1.02703e+01,3.67231e+00,3.49953e-01,1.66509e+00,7.67752e+00
1.36132e+00,6.01879e+01,2.15933e-01,3.59242e+01,3.88696e-01,8.01363e-01,1.91937e+00,8.49836e+00,3.59504e+00,1.90076e+01,4.03138e-01,1.06823e+02,3.89509e+00,1.47155e+00,1.01928e+00,1.02716e+01,3.66490e+00,3.48996e-01,1.66285e+00,7.65036e+00
1.34239e+00,5.94821e+01,2.15511e-01,3.58613e+01,3.86519e-01,8.04251e-01,1.91932e+00,8.49967e+00,3.56026e+00,1.90254e+01,4.02633e-01,1.05592e+02,3.89580e+00,1.45731e+00,1.02797e+00,1.02734e+01,3.65765e+00,3.48021e-01,1.65998e+00,7.62368e+00
1.32504e+00,5.87913e+01,2.15110e-01,3.57649e+01,3.84466e-01,8.07180e-01,1.91956e+00,8.50021e+00,3.52425e+00,1.90511e+01,4.02236e-01,1.04384e+02,3.89600e+00,1.44358e+00,1.03419e+00,1.02758e+01,3.65052e+00,3.47019e-01,1.65679e+00,7.59690e+00
1.30924e+00,5.81159e+01,2.14705e-01,3.56401e+01,3.82577e-01,8.10013e-01,1.92017e+00,8.50018e+00,3.48780e+00,1.90837e+01,4.01965e-01,1.03200e+02,3.89541e+00,1.43061e+00,1.03792e+00,1.02794e+01,3.64348e+00,3.45979e-01,1.65334e+00,7.56995e+00
1.29485e+00,5.74555e+01,2.14290e-01,3.54959e+01,3.80828e-01,8.12588e-01,1.92118e+00,8.49948e+00,3.45146e+00,1.91217e+01,4.01827e-01,1.02044e+02,3.89379e+00,1.41857e+00,1.03926e+00,1.02844e+01,3.63651e+00,3.44914e-01,1.64975e+00,7.54269e+00
1.28177e+00,5.68094e+01,2.13883e-01,3.53378e+01,3.79168e-01,8.14794e-01,1.92260e+00,8.49779e+00,3.41580e+00,1.91634e+01,4.01818e-01,1.00911e+02,3.89098e+00,1.40756e+00,1.03858e+00,1.02916e+01,3.62963e+00,3.43811e-01,1.64639e+00,7.51527e+00
1.26993e+00,5.61776e+01,2.13487e-01,3.51718e+01,3.77643e-01,8.16547e-01,1.92446e+00,8.49547e+00,3.38101e+00,1.92057e+01,4.01877e-01,9.98054e+01,3.88681e+00,1.39764e+00,1.03623e+00,1.03014e+01,3.62285e+00,3.42694e-01,1.64330e+00,7.48781e+00
1.25928e+00,5.55600e+01,2.13089e-01,3.49983e+01,3.76267e-01,8.17834e-01,1.92677e+00,8.49262e+00,3.34720e+00,1.92466e+01,4.01964e-01,9.87226e+01,3.88120e+00,1.38886e+00,1.03258e+00,1.03143e+01,3.61619e+00,3.41592e-01,1.64067e+00,7.46066e+00
1.24970e+00,5.49559e+01,2.12677e-01,3.48167e+01,3.75005e-01,8.18620e-01,1.92956e+00,8.48907e+00,3.31436e+00,1.92838e+01,4.02050e-01,9.76649e+01,3.87412e+00,1.38118e+00,1.02805e+00,1.03305e+01,3.60959e+00,3.40485e-01,1.63856e+00,7.43410e+00
1.24103e+00,5.43649e+01,2.12260e-01,3.46233e+01,3.73847e-01,8.19016e-01,1.93277e+00,8.48494e+00,3.28260e+00,1.93157e+01,4.02096e-01,9.66330e+01,3.86555e+00,1.37449e+00,1.02306e+00,1.03504e+01,3.60311e+00,3.39405e-01,1.63692e+00,7.40859e+00
1.23325e+00,5.37866e+01,2.11857e-01,3.44140e+01,3.72782e-01,8.19083e-01,1.93638e+00,8.48020e+00,3.25180e+00,1.93406e+01,4.02052e-01,9.56233e+01,3.85571e+00,1.36869e+00,1.01778e+00,1.03737e+01,3.59680e+00,3.38358e-01,1.63577e+00,7.38454e+00
1.22623e+00,5.32205e+01,2.11468e-01,3.41846e+01,3.71807e-01,8.18914e-01,1.94043e+00,8.47476e+00,3.22208e+00,1.93579e+01,4.01885e-01,9.46385e+01,3.84467e+00,1.36364e+00,1.01240e+00,1.04005e+01,3.59067e+00,3.37357e-01,1.63486e+00,7.36237e+00
1.21991e+00,5.26657e+01,2.11052e-01,3.39342e+01,3.70883e-01,8.18685e-01,1.94480e+00,8.46911e+00,3.19329e+00,1.93672e+01,4.01602e-01,9.36762e+01,3.83267e+00,1.35917e+00,1.00699e+00,1.04302e+01,3.58483e+00,3.36405e-01,1.63407e+00,7.34225e+00
1.21423e+00,5.21226e+01,2.10638e-01,3.36615e+01,3.70040e-01,8.18502e-01,1.94945e+00,8.46309e+00,3.16552e+00,1.93683e+01,4.01186e-01,9.27367e+01,3.81998e+00,1.35520e+00,1.00152e+00,1.04622e+01,3.57930e+00,3.35498e-01,1.63315e+00,7.32448e+00
1.20909e+00,5.15904e+01,2.10223e-01,3.33667e+01,3.69220e-01,8.18509e-01,1.95429e+00,8.45700e+00,3.13894e+00,1.93615e+01,4.00632e-01,9.18223e+01,3.80676e+00,1.35157e+00,9.95942e-01,1.04966e+01,3.57424e+00,3.34617e-01,1.63193e+00,7.30967e+00
1.20438e+00,5.10682e+01,2.09831e-01,3.30607e+01,3.68404e-01,8.20304e-01,1.96045e+00,8.45088e+00,3.11342e+00,1.93496e+01,3.99961e-01,9.09323e+01,3.79326e+00,1.34814e+00,9.90156e-01,1.05316e+01,3.56979e+00,3.33767e-01,1.63049e+00,7.29733e+00
1.20010e+00,5.05557e+01,2.09439e-01,3.27419e+01,3.67610e-01,8.24963e-01,1.96588e+00,8.44771e+00,3.08914e+00,1.93317e+01,3.99616e-01,9.00645e+01,3.77971e+00,1.34480e+00,9.84157e-01,1.05672e+01,3.56621e+00,3.32937e-01,1.62880e+00,7.28754e+00
1.19623e+00,5.00530e+01,2.09034e-01,3.24215e+01,3.66855e-01,8.32703e-01,1.97197e+00,8.45120e+00,3.06625e+00,1.93103e+01,3.99312e-01,8.92212e+01,3.76623e+00,1.34146e+00,9.78049e-01,1.06018e+01,3.56487e+00,3.32114e-01,1.62685e+00,7.27999e+00
1.19262e+00,4.95602e+01,2.08618e-01,3.20989e+01,3.66111e-01,8.41382e-01,1.97758e+00,8.45931e+00,3.04456e+00,1.92855e+01,3.99185e-01,8.84004e+01,3.75304e+00,1.33808e+00,9.71656e-01,1.06350e+01,3.56441e+00,3.31351e-01,1.62444e+00,7.27405e+00
1.18928e+00,4.90768e+01,2.08206e-01,3.17796e+01,3.65389e-01,8.50111e-01,1.98294e+00,8.47252e+00,3.02437e+00,1.92582e+01,3.99135e-01,8.76029e+01,3.74016e+00,1.33460e+00,9.64906e-01,1.06658e+01,3.56548e+00,3.30581e-01,1.62177e+00,7.26961e+00
1.18616e+00,4.86024e+01,2.07793e-01,3.14729e+01,3.64685e-01,8.60624e-01,1.98858e+00,8.48920e+00,3.00558e+00,1.92285e+01,3.99037e-01,8.68297e+01,3.72770e+00,1.33100e+00,9.57720e-01,1.06936e+01,3.56821e+00,3.29826e-01,1.61896e+00,7.26581e+00
1.18323e+00,4.81370e+01,2.07377e-01,3.11857e+01,3.64004e-01,8.75409e-01,1.99550e+00,8.50681e+00,2.98820e+00,1.91976e+01,3.98858e-01,8.60765e+01,3.71566e+00,1.32729e+00,9.49958e-01,1.07177e+01,3.57276e+00,3.29079e-01,1.61602e+00,7.26235e+00
1.18047e+00,4.76807e+01,2.06962e-01,3.09234e+01,3.63344e-01,9.01589e-01,2.00503e+00,8.52534e+00,2.97217e+00,1.91660e+01,3.98705e-01,8.53435e+01,3.70404e+00,1.32347e+00,9.41652e-01,1.07379e+01,3.57933e+00,3.28355e-01,1.61275e+00,7.25868e+00
1.17789e+00,4.72339e+01,2.06553e-01,3.06942e+01,3.62724e-01,9.60924e-01,2.01853e+00,8.54413e+00,2.95757e+00,1.91339e+01,3.98704e-01,8.46287e+01,3.69282e+00,1.31961e+00,9.32885e-01,1.07536e+01,3.58771e+00,3.27651e-01,1.60866e+00,7.25455e+00
1.17541e+00,4.67970e+01,2.06149e-01,3.05015e+01,3.62129e-01,1.08182e+00,2.03716e+00,8.56217e+00,2.94423e+00,1.91018e+01,3.98954e-01,8.39328e+01,3.68196e+00,1.31572e+00,9.23800e-01,1.07639e+01,3.59773e+00,3.26966e-01,1.60337e+00,7.24962e+00
1.17303e+00,4.63703e+01,2.05767e-01,3.03335e+01,3.61539e-01,1.25665e+00,2.06104e+00,8.57945e+00,2.93203e+00,1.90699e+01,3.99486e-01,8.32524e+01,3.67140e+00,1.31184e+00,9.14614e-01,1.07695e+01,3.60928e+00,3.26280e-01,1.59668e+00,7.24383e+00
1.17073e+00,4.59537e+01,2.05377e-01,3.01698e+01,3.60977e-01,1.44958e+00,2.08822e+00,8.59702e+00,2.92099e+00,1.90386e+01,4.00296e-01,8.25855e+01,3.66113e+00,1.30799e+00,9.05470e-01,1.07698e+01,3.62218e+00,3.25604e-01,1.58846e+00,7.23708e+00
1.16857e+00,4.55480e+01,2.04974e-01,2.99982e+01,3.60472e-01,1.65519e+00,2.11497e+00,8.61780e+00,2.91091e+00,1.90079e+01,4.01279e-01,8.19333e+01,3.65111e+00,1.30423e+00,8.96550e-01,1.07646e+01,3.63629e+00,3.24928e-01,1.57901e+00,7.22925e+00
1.16647e+00,4.51537e+01,2.04565e-01,2.98193e+01,3.59960e-01,1.84055e+00,2.13734e+00,8.64313e+00,2.90179e+00,1.89778e+01,4.02349e-01,8.12904e+01,3.64129e+00,1.30057e+00,8.87977e-01,1.07545e+01,3.65147e+00,3.24256e-01,1.56860e+00,7.22025e+00
1.16439e+00,4.47713e+01,2.04152e-01,2.96455e+01,3.59443e-01,1.93428e+00,2.15234e+00,8.67455e+00,2.89350e+00,1.89486e+01,4.03429e-01,8.06577e+01,3.63159e+00,1.29700e+00,8.79890e-01,1.07393e+01,3.66758e+00,3.23585e-01,1.55757e+00,7.21018e+00
1.16232e+00,4.44012e+01,2.03742e-01,2.94903e+01,3.58886e-01,1.92413e+00,2.15904e+00,8.71284e+00,2.88586e+00,1.89200e+01,4.04501e-01,8.00353e+01,3.62200e+00,1.29355e+00,8.72453e-01,1.07192e+01,3.68458e+00,3.22909e-01,1.54630e+00,7.19897e+00
1.16031e+00,4.40445e+01,2.03342e-01,2.93677e+01,3.58328e-01,1.85166e+00,2.15859e+00,8.75710e+00,2.87892e+00,1.88921e+01,4.05558e-01,7.94211e+01,3.61245e+00,1.29020e+00,8.65856e-01,1.06946e+01,3.70244e+00,3.22241e-01,1.53494e+00,7.18653e+00
1.15836e+00,4.37019e+01,2.02940e-01,2.92846e+01,3.57752e-01,1.76117e+00,2.15361e+00,8.80474e+00,2.87250e+00,1.88647e+01,4.06610e-01,7.88148e+01,3.60301e+00,1.28694e+00,8.60309e-01,1.06658e+01,3.72115e+00,3.21586e-01,1.52379e+00,7.17322e+00
1.15640e+00,4.33746e+01,2.02545e-01,2.92411e+01,3.57147e-01,1.68074e+00,2.14679e+00,8.85339e+00,2.86655e+00,1.88376e+01,4.07667e-01,7.82159e+01,3.59356e+00,1.28380e+00,8.56141e-01,1.06334e+01,3.74092e+00,3.20938e-01,1.51286e+00,7.15864e+00
1.15447e+00,4.30637e+01,2.02150e-01,2.92321e+01,3.56507e-01,1.62430e+00,2.14083e+00,8.89926e+00,2.86091e+00,1.88108e+01,4.08736e-01,7.76247e+01,3.58414e+00,1.28075e+00,8.53787e-01,1.05971e+01,3.76159e+00,3.20297e-01,1.50216e+00,7.14310e+00
1.15255e+00,4.27707e+01,2.01775e-01,2.92465e+01,3.55811e-01,1.59683e+00,2.13729e+00,8.93932e+00,2.85558e+00,1.87840e+01,4.09819e-01,7.70420e+01,3.57474e+00,1.27784e+00,8.53587e-01,1.05579e+01,3.78313e+00,3.19657e-01,1.49179e+00,7.12685e+00
1.15064e+00,4.24964e+01,2.01396e-01,2.92716e+01,3.55093e-01,1.59701e+00,2.13704e+00,8.97123e+00,2.85034e+00,1.87572e+01,4.10905e-01,7.64651e+01,3.56538e+00,1.27501e+00,8.55904e-01,1.05160e+01,3.80536e+00,3.19025e-01,1.48180e+00,7.10972e+00
1.14877e+00,4.22423e+01,2.01013e-01,2.92956e+01,3.54370e-01,1.61876e+00,2.14010e+00,8.99365e+00,2.84526e+00,1.87303e+01,4.11976e-01,7.58967e+01,3.55606e+00,1.27229e+00,8.61021e-01,1.04720e+01,3.82783e+00,3.18407e-01,1.47217e+00,7.09196e+00
1.14691e+00,4.20091e+01,2.00641e-01,2.93118e+01,3.53643e-01,1.65221e+00,2.14603e+00,9.00618e+00,2.84016e+00,1.87033e+01,4.13018e-01,7.53365e+01,3.54678e+00,1.26965e+00,8.68851e-01,1.04260e+01,3.84994e+00,3.17789e-01,1.46297e+00,7.07390e+00
1.14508e+00,4.17978e+01,2.00298e-01,2.93162e+01,3.52910e-01,1.68633e+00,2.15410e+00,9.00950e+00,2.83503e+00,1.86761e+01,4.14010e-01,7.47823e+01,3.53758e+00,1.26710e+00,8.79097e-01,1.03786e+01,3.87101e+00,3.17162e-01,1.45415e+00,7.05558e+00
1.14323e+00,4.16089e+01,1.99981e-01,2.93085e+01,3.52154e-01,1.71163e+00,2.16358e+00,9.00536e+00,2.82979e+00,1.86489e+01,4.14920e-01,7.42367e+01,3.52850e+00,1.26460e+00,8.91280e-01,1.03301e+01,3.89028e+00,3.16528e-01,1.44581e+00,7.03717e+00
1.14138e+00,4.14423e+01,1.99707e-01,2.92910e+01,3.51423e-01,1.72206e+00,2.17398e+00,8.99516e+00,2.82440e+00,1.86219e+01,4.15720e-01,7.36994e+01,3.51949e+00,1.26215e+00,9.04674e-01,1.02809e+01,3.90701e+00,3.15895e-01,1.43787e+00,7.01900e+00
1.13956e+00,4.12965e+01,1.99437e-01,2.92678e+01,3.50730e-01,1.71566e+00,2.18511e+00,8.98111e+00,2.81891e+00,1.85954e+01,4.16409e-01,7.31690e+01,3.51066e+00,1.25975e+00,9.18525e-01,1.02314e+01,3.92053e+00,3.15272e-01,1.43024e+00,7.00120e+00
1.13772e+00,4.11711e+01,1.99156e-01,2.92418e+01,3.50055e-01,1.69343e+00,2.19734e+00,8.96465e+00,2.81330e+00,1.85694e+01,4.16991e-01,7.26467e+01,3.50198e+00,1.25741e+00,9.32111e-01,1.01819e+01,3.93016e+00,3.14650e-01,1.42298e+00,6.98391e+00
1.13589e+00,4.10645e+01,1.98866e-01,2.92154e+01,3.49370e-01,1.65837e+00,2.21141e+00,8.94690e+00,2.80757e+00,1.85443e+01,4.17452e-01,7.21326e+01,3.49343e+00,1.25509e+00,9.44809e-01,1.01325e+01,3.93561e+00,3.14029e-01,1.41595e+00,6.96722e+00
1.13406e+00,4.09743e+01,1.98578e-01,2.91888e+01,3.48658e-01,1.61411e+00,2.22849e+00,8.92882e+00,2.80166e+00,1.85205e+01,4.17837e-01,7.16274e+01,3.48503e+00,1.25281e+00,9.56095e-01,1.00837e+01,3.93652e+00,3.13407e-01,1.40931e+00,6.95123e+00
1.13223e+00,4.08975e+01,2.07253e-01,2.91609e+01,3.63774e-01,1.56420e+00,2.25010e+00,8.91046e+00,2.80618e+00,1.85053e+01,4.18136e-01,7.11321e+01,3.47676e+00,1.25062e+00,9.65608e-01,1.00356e+01,3.93443e+00,3.28548e-01,1.40296e+00,6.93608e+00
1.14006e+00,4.08409e+01,2.22167e-01,2.91533e+01,4.25211e-01,1.51175e+00,2.28508e+00,8.90524e+00,2.82078e+00,1.84946e+01,4.18408e-01,7.06463e+01,3.47835e+00,1.26401e+00,9.73184e-01,9.99488e+00,3.94697e+00,3.40353e-01,1.41595e+00,6.93242e+00
1.15340e+00,4.07858e+01,2.43444e-01,2.91828e+01,5.46382e-01,1.45939e+00,2.32958e+00,8.90798e+00,2.83751e+00,1.84922e+01,4.18673e-01,7.01707e+01,3.48258e+00,1.27953e+00,9.78727e-01,9.96305e+00,3.96034e+00,3.52285e-01,1.43473e+00,6.94168e+00
1.16288e+00,4.07419e+01,2.64300e-01,2.92196e+01,7.32865e-01,1.40902e+00,2.38736e+00,8.90248e+00,2.85514e+00,1.84980e+01,4.18938e-01,6.97071e+01,3.49001e+00,1.29356e+00,9.82331e-01,9.93663e+00,3.97051e+00,3.69890e-01,1.46001e+00,6.95268e+00
1.17003e+00,4.07054e+01,2.82939e-01,2.92008e+01,9.84097e-01,1.36250e+00,2.45270e+00,8.89140e+00,2.87279e+00,1.85065e+01,4.19207e-01,6.92504e+01,3.50246e+00,1.30950e+00,9.84237e-01,9.92977e+00,3.97187e+00,3.90551e-01,1.48753e+00,6.97418e+00
1.18180e+00,4.06680e+01,2.99828e-01,2.91672e+01,1.28065e+00,1.31988e+00,2.52419e+00,8.87700e+00,2.88975e+00,1.85192e+01,4.19475e-01,6.88048e+01,3.51004e+00,1.32665e+00,9.84709e-01,9.95611e+00,3.96595e+00,4.09727e-01,1.51831e+00,6.99227e+00
1.20087e+00,4.06306e+01,3.15786e-01,2.91336e+01,1.51137e+00,1.28189e+00,2.59849e+00,8.85752e+00,2.90729e+00,1.85362e+01,4.19742e-01,6.83703e+01,3.50991e+00,1.34343e+00,9.84177e-01,9.99920e+00,3.95499e+00,4.25769e-01,1.55203e+00,7.00072e+00
1.22728e+00,4.05937e+01,3.29479e-01,2.90928e+01,1.64113e+00,1.24853e+00,2.66733e+00,8.83332e+00,2.92746e+00,1.85571e+01,4.19977e-01,6.79474e+01,3.50711e+00,1.35901e+00,9.82999e-01,1.00338e+01,3.93984e+00,4.39257e-01,1.58600e+00,7.00157e+00
1.26004e+00,4.05552e+01,3.38242e-01,2.90595e+01,1.73906e+00,1.21995e+00,2.72364e+00,8.80612e+00,2.95154e+00,1.85817e+01,4.20157e-01,6.75351e+01,3.50686e+00,1.37470e+00,9.81592e-01,1.00418e+01,3.92213e+00,4.51153e-01,1.61922e+00,6.99977e+00
1.29741e+00,4.05140e+01,3.40289e-01,2.90427e+01,1.86191e+00,1.19611e+00,2.76134e+00,8.77673e+00,2.98013e+00,1.86085e+01,4.20226e-01,6.71354e+01,3.51177e+00,1.39291e+00,9.80198e-01,1.00187e+01,3.90313e+00,4.61684e-01,1.65166e+00,6.99858e+00
1.33735e+00,4.04697e+01,3.35676e-01,2.90452e+01,1.98167e+00,1.17673e+00,2.77661e+00,8.74626e+00,3.01329e+00,1.86380e+01,4.20156e-01,6.67460e+01,3.52263e+00,1.41418e+00,9.79063e-01,9.97728e+00,3.88480e+00,4.69893e-01,1.68310e+00,6.99884e+00
1.37831e+00,4.04216e+01,3.26044e-01,2.90569e+01,2.03257e+00,1.16139e+00,2.76894e+00,8.71591e+00,3.05104e+00,1.86697e+01,4.19902e-01,6.63687e+01,3.53937e+00,1.43686e+00,9.78259e-01,9.93868e+00,3.86958e+00,4.74498e-01,1.71292e+00,7.00047e+00
1.41972e+00,4.03682e+01,3.13477e-01,2.90647e+01,1.99293e+00,1.14968e+00,2.74094e+00,8.68751e+00,3.09263e+00,1.87042e+01,4.19457e-01,6.60039e+01,3.56131e+00,1.45835e+00,9.77708e-01,9.91910e+00,3.85832e+00,4.74599e-01,1.73996e+00,7.00332e+00
1.46174e+00,4.03078e+01,2.99856e-01,2.90587e+01,1.88892e+00,1.14109e+00,2.69729e+00,8.66220e+00,3.13678e+00,1.87415e+01,4.18801e-01,6.56511e+01,3.58725e+00,1.47695e+00,9.77280e-01,9.92285e+00,3.84998e+00,4.70320e-01,1.76408e+00,7.00724e+00
1.50426e+00,4.02374e+01,2.86615e-01,2.90372e+01,1.75578e+00,1.13513e+00,2.64361e+00,8.64114e+00,3.18205e+00,1.87813e+01,4.17911e-01,6.53147e+01,3.61547e+00,1.49230e+00,9.76743e-01,9.94090e+00,3.84302e+00,4.62697e-01,1.78605e+00,7.01261e+00
1.54556e+00,4.01544e+01,2.74610e-01,2.90054e+01,1.61766e+00,1.13131e+00,2.58484e+00,8.62531e+00,3.22698e+00,1.88230e+01,4.16793e-01,6.49951e+01,3.64396e+00,1.50504e+00,9.75828e-01,9.95809e+00,3.83784e+00,4.53408e-01,1.80626e+00,7.02009e+00
1.58265e+00,4.00562e+01,2.64302e-01,2.89722e+01,1.48531e+00,1.12905e+00,2.52490e+00,8.61474e+00,3.27037e+00,1.88659e+01,4.15463e-01,6.46932e+01,3.67079e+00,1.51627e+00,9.74320e-01,9.96230e+00,3.83649e+00,4.44468e-01,1.82521e+00,7.02986e+00
1.61226e+00,3.99405e+01,2.55810e-01,2.89444e+01,1.36188e+00,1.12783e+00,2.46643e+00,8.60960e+00,3.31177e+00,1.89090e+01,4.13921e-01,6.44123e+01,3.69454e+00,1.52686e+00,9.71978e-01,9.94968e+00,3.84126e+00,4.38322e-01,1.84317e+00,7.04228e+00
1.63225e+00,3.98065e+01,2.49144e-01,2.89269e+01,1.24725e+00,1.12717e+00,2.41112e+00,8.60985e+00,3.35126e+00,1.89517e+01,4.12188e-01,6.41529e+01,3.71411e+00,1.53726e+00,9.68703e-01,9.92373e+00,3.85296e+00,4.38420e-01,1.85923e+00,7.05689e+00
1.64219e+00,3.96540e+01,2.43976e-01,2.89217e+01,1.14093e+00,1.12652e+00,2.36003e+00,8.61459e+00,3.38931e+00,1.89929e+01,4.10238e-01,6.39181e+01,3.72933e+00,1.54737e+00,9.64361e-01,9.89170e+00,3.86975e+00,4.50213e-01,1.87356e+00,7.07249e+00
1.64290e+00,3.94844e+01,2.40033e-01,2.89268e+01,1.04287e+00,1.12549e+00,2.31365e+00,8.62292e+00,3.42634e+00,1.90320e+01,4.08166e-01,6.37080e+01,3.74038e+00,1.55685e+00,9.58965e-01,9.86029e+00,3.88758e+00,4.82027e-01,1.88602e+00,7.08842e+00
1.64621e+00,3.92995e+01,2.36934e-01,2.89382e+01,9.53177e-01,1.12384e+00,2.27203e+00,8.63444e+00,3.46238e+00,1.90684e+01,4.05962e-01,6.35229e+01,3.74795e+00,1.56516e+00,9.52562e-01,9.83321e+00,3.90201e+00,5.43431e-01,1.89713e+00,7.10331e+00
1.65134e+00,3.91009e+01,2.34329e-01,2.89507e+01,8.72265e-01,1.12135e+00,2.23499e+00,8.64837e+00,3.50077e+00,1.91019e+01,4.03684e-01,6.33645e+01,3.75358e+00,1.57184e+00,9.45216e-01,9.81135e+00,3.91000e+00,6.37982e-01,1.90732e+00,7.11900e+00
1.65036e+00,3.88910e+01,2.37045e-01,2.89589e+01,8.10289e-01,1.11794e+00,2.20232e+00,8.66418e+00,3.54872e+00,1.91338e+01,4.01389e-01,6.32332e+01,3.75653e+00,1.57790e+00,9.37070e-01,9.79363e+00,3.91808e+00,7.57043e-01,1.91665e+00,7.13295e+00
1.65381e+00,3.88258e+01,2.47116e-01,2.89589e+01,7.80635e-01,1.11541e+00,2.17375e+00,8.68355e+00,3.61763e+00,1.91679e+01,3.99095e-01,6.31477e+01,3.75852e+00,1.58331e+00,9.28256e-01,9.78022e+00,3.92838e+00,8.97319e-01,1.92799e+00,7.14637e+00
1.67584e+00,3.88001e+01,2.63244e-01,2.90248e+01,7.84730e-01,1.13443e+00,2.16620e+00,8.75325e+00,3.70220e+00,1.92035e+01,4.12359e-01,6.30794e+01,3.76077e+00,1.58787e+00,9.26356e-01,9.77076e+00,3.94337e+00,9.92027e-01,1.93852e+00,7.16289e+00
1.71412e+00,3.85007e+01,2.81129e-01,2.92971e+01,8.16098e-01,1.14043e+00,2.23920e+00,8.83484e+00,3.79151e+00,1.92472e+01,4.42189e-01,6.30457e+01,3.76490e+00,1.58995e+00,9.20311e-01,9.76810e+00,3.96459e+00,1.05653e+00,1.94659e+00,7.18378e+00
1.76091e+00,3.82382e+01,2.96630e-01,2.96507e+01,8.78864e-01,1.18902e+00,2.54463e+00,8.86299e+00,3.87581e+00,1.93023e+01,4.79470e-01,6.30417e+01,3.77015e+00,1.59098e+00,9.21957e-01,9.77298e+00,3.99566e+00,1.08951e+00,1.95245e+00,7.21397e+00
1.81449e+00,3.80235e+01,3.09594e-01,2.97265e+01,9.84330e-01,1.20271e+00,3.09025e+00,8.88505e+00,3.95733e+00,1.93712e+01,5.04750e-01,6.30748e+01,3.77830e+00,1.59192e+00,1.06284e+00,9.78611e+00,4.03965e+00,1.08793e+00,1.96433e+00,7.24674e+00
1.87022e+00,3.78282e+01,3.21959e-01,2.97731e+01,1.10685e+00,1.22880e+00,3.59712e+00,8.90876e+00,4.04905e+00,1.94539e+01,5.19629e-01,6.31615e+01,3.79005e+00,1.59305e+00,1.50279e+00,9.80806e+00,4.09792e+00,1.06875e+00,1.98658e+00,7.28397e+00
1.92337e+00,3.76443e+01,3.33601e-01,2.98670e+01,1.19896e+00,1.24874e+00,3.93658e+00,8.93062e+00,4.16470e+00,1.95475e+01,5.27049e-01,6.33224e+01,3.80577e+00,1.59482e+00,1.92791e+00,9.83847e+00,4.17191e+00,1.02543e+00,2.01152e+00,7.32741e+00
1.97411e+00,3.74691e+01,3.42266e-01,3.00130e+01,1.25167e+00,1.26608e+00,4.19994e+00,8.96108e+00,4.30861e+00,1.96502e+01,5.28414e-01,6.35730e+01,3.82646e+00,1.59789e+00,2.12992e+00,9.87689e+00,4.27007e+00,9.77384e-01,2.03494e+00,7.37658e+00
2.02546e+00,3.72987e+01,3.45534e-01,3.02209e+01,1.29183e+00,1.31623e+00,4.38408e+00,9.00299e+00,4.47082e+00,1.97628e+01,5.25417e-01,6.39282e+01,3.85152e+00,1.60345e+00,2.20914e+00,9.92236e+00,4.41248e+00,9.30733e-01,2.05809e+00,7.43190e+00
2.07852e+00,3.71322e+01,3.42603e-01,3.04706e+01,1.34917e+00,1.48191e+00,4.47361e+00,9.05397e+00,4.63538e+00,1.98841e+01,5.18984e-01,6.43927e+01,3.88033e+00,1.61253e+00,2.17499e+00,9.97333e+00,4.62445e+00,8.85626e-01,2.08147e+00,7.49290e+00
2.12947e+00,3.69714e+01,3.34469e-01,3.07260e+01,1.43309e+00,1.80313e+00,4.48984e+00,9.11349e+00,4.79177e+00,2.00090e+01,5.10876e-01,6.49657e+01,3.91203e+00,1.62549e+00,2.07214e+00,1.00271e+01,4.93342e+00,8.40409e-01,2.10549e+00,7.55873e+00
2.17554e+00,3.68184e+01,3.23014e-01,3.09676e+01,1.52386e+00,2.13787e+00,4.44039e+00,9.18205e+00,4.93618e+00,2.01266e+01,5.02478e-01,6.56676e+01,3.94529e+00,1.64185e+00,1.96267e+00,1.00815e+01,5.37080e+00,7.99854e-01,2.13050e+00,7.62758e+00
2.20630e+00,3.66744e+01,3.10163e-01,3.12018e+01,1.59138e+00,2.32345e+00,4.31826e+00,9.25827e+00,5.06848e+00,2.02282e+01,4.94201e-01,6.65886e+01,3.97829e+00,1.66066e+00,1.87780e+00,1.01353e+01,5.96211e+00,7.54168e-01,2.15606e+00,7.69600e+00
2.21822e+00,3.65404e+01,2.97332e-01,3.14440e+01,1.61640e+00,2.33991e+00,4.13696e+00,9.34054e+00,5.18720e+00,2.03080e+01,4.85861e-01,6.78544e+01,4.00934e+00,1.68084e+00,1.81896e+00,1.01887e+01,6.71973e+00,7.12507e-01,2.18201e+00,7.76237e+00
2.21485e+00,3.64168e+01,2.85428e-01,3.17014e+01,1.59571e+00,2.24854e+00,3.93644e+00,9.42660e+00,5.28909e+00,2.03645e+01,4.77269e-01,6.94800e+01,4.03687e+00,1.70123e+00,1.77774e+00,1.02417e+01,7.67314e+00,6.75200e-01,2.20779e+00,7.82599e+00
2.19985e+00,3.63042e+01,2.74970e-01,3.19685e+01,1.53660e+00,2.10988e+00,3.76646e+00,9.51560e+00,5.37293e+00,2.03990e+01,4.68389e-01,7.12712e+01,4.05956e+00,1.72151e+00,1.74799e+00,1.02928e+01,8.86885e+00,6.42329e-01,2.23401e+00,7.89022e+00
2.17672e+00,3.62033e+01,2.66055e-01,3.22306e+01,1.45052e+00,1.96102e+00,3.67341e+00,9.60819e+00,5.44287e+00,2.04156e+01,4.59336e-01,7.29134e+01,4.07657e+00,1.73987e+00,1.72704e+00,1.03388e+01,1.02527e+01,6.14780e-01,2.26123e+00,7.95717e+00
2.14881e+00,3.61155e+01,2.58736e-01,3.24744e+01,1.34922e+00,1.82011e+00,3.69863e+00,9.71085e+00,5.50696e+00,2.04187e+01,4.50433e-01,7.41578e+01,4.08763e+00,1.75673e+00,1.71288e+00,1.03777e+01,1.15828e+01,5.93518e-01,2.29038e+00,8.02570e+00
2.11920e+00,3.60423e+01,2.52800e-01,3.26864e+01,1.25056e+00,1.69411e+00,3.85856e+00,9.89143e+00,5.57257e+00,2.04118e+01,4.41994e-01,7.49081e+01,4.09297e+00,1.77147e+00,1.73558e+00,1.04059e+01,1.25814e+01,5.81024e-01,2.32174e+00,8.09610e+00
2.08992e+00,3.59848e+01,2.48056e-01,3.28628e+01,1.17651e+00,1.58532e+00,4.15023e+00,1.01084e+01,5.64304e+00,2.03985e+01,4.67360e-01,7.51975e+01,4.09310e+00,1.78300e+00,1.78624e+00,1.04247e+01,1.31369e+01,5.77353e-01,2.38657e+00,8.16660e+00
2.06173e+00,3.59439e+01,2.44212e-01,3.30017e+01,1.23582e+00,1.49250e+00,4.60549e+00,1.02277e+01,5.71711e+00,2.03815e+01,7.23534e-01,7.51207e+01,4.08909e+00,1.79042e+00,1.99920e+00,1.04353e+01,1.33193e+01,5.86710e-01,2.48473e+00,8.23434e+00
2.03418e+00,3.59196e+01,2.41014e-01,3.31138e+01,2.25586e+00,1.41519e+00,5.13098e+00,1.03193e+01,5.79025e+00,2.03604e+01,1.27204e+00,7.47837e+01,4.08218e+00,1.79310e+00,2.25533e+00,1.04390e+01,1.32744e+01,6.14386e-01,2.58806e+00,8.29793e+00
2.00640e+00,3.59111e+01,2.38242e-01,3.32153e+01,4.47016e+00,1.35096e+00,5.47009e+00,1.04149e+01,5.85835e+00,2.03344e+01,1.78713e+00,7.42779e+01,4.07392e+00,1.79097e+00,2.39933e+00,1.04385e+01,1.31363e+01,6.63742e-01,2.68084e+00,8.35705e+00
1.97772e+00,3.59174e+01,2.35775e-01,3.33223e+01,5.88252e+00,1.29766e+00,5.60961e+00,1.05168e+01,5.91890e+00,2.03013e+01,2.11917e+00,7.36672e+01,4.06618e+00,1.78461e+00,2.49866e+00,1.04364e+01,1.29938e+01,7.32118e-01,2.76550e+00,8.41130e+00
1.94850e+00,3.59377e+01,2.33520e-01,3.34531e+01,5.58533e+00,1.25552e+00,5.65515e+00,1.06244e+01,5.97199e+00,2.02591e+01,2.13309e+00,7.30000e+01,4.06100e+00,1.77523e+00,2.50162e+00,1.04376e+01,1.28851e+01,8.09199e-01,2.84137e+00,8.46107e+00
1.91983e+00,3.59700e+01,2.31403e-01,3.36287e+01,4.61048e+00,1.23070e+00,5.69966e+00,1.07374e+01,6.01942e+00,2.02059e+01,1.93493e+00,7.23056e+01,4.06080e+00,1.76419e+00,2.40845e+00,1.04477e+01,1.28045e+01,8.80508e-01,2.90855e+00,8.50443e+00
1.89312e+00,3.60123e+01,2.29394e-01,3.38797e+01,3.65930e+00,1.23790e+00,5.79064e+00,1.08590e+01,6.06300e+00,2.01411e+01,1.69397e+00,7.16048e+01,4.06836e+00,1.75303e+00,2.26488e+00,1.04769e+01,1.27179e+01,9.33167e-01,2.96885e+00,8.53915e+00
1.86888e+00,3.60622e+01,2.27494e-01,3.42405e+01,2.90829e+00,1.29518e+00,5.92540e+00,1.09925e+01,6.10301e+00,2.00664e+01,1.48658e+00,7.09093e+01,4.08655e+00,1.74318e+00,2.11095e+00,1.05418e+01,1.25849e+01,9.60394e-01,3.02449e+00,8.56222e+00
1.84662e+00,3.61168e+01,2.25739e-01,3.47401e+01,2.34638e+00,1.39676e+00,6.06278e+00,1.11421e+01,6.13751e+00,1.99834e+01,1.32070e+00,7.02276e+01,4.11808e+00,1.73597e+00,1.96664e+00,1.06701e+01,1.23769e+01,9.62396e-01,3.07426e+00,8.57080e+00
1.82491e+00,3.61724e+01,2.24133e-01,3.53715e+01,1.92669e+00,1.49828e+00,6.14982e+00,1.13099e+01,6.16284e+00,1.98956e+01,1.18362e+00,6.95665e+01,4.16510e+00,1.73256e+00,1.83829e+00,1.09075e+01,1.20864e+01,9.44256e-01,3.11641e+00,8.56390e+00
1.80235e+00,3.62253e+01,2.22726e-01,3.60872e+01,1.60860e+00,1.55797e+00,6.15427e+00,1.14971e+01,6.17413e+00,1.98070e+01,1.06475e+00,6.89277e+01,4.22878e+00,1.73385e+00,1.72725e+00,1.13320e+01,1.17249e+01,9.13214e-01,3.14957e+00,8.54223e+00
1.77807e+00,3.62724e+01,2.21488e-01,3.68075e+01,1.36345e+00,1.56902e+00,6.07670e+00,1.17022e+01,6.16717e+00,1.97210e+01,9.59501e-01,6.83133e+01,4.30880e+00,1.74024e+00,1.63356e+00,1.20632e+01,1.13143e+01,8.76707e-01,3.17385e+00,8.50743e+00
1.75204e+00,3.63111e+01,2.20400e-01,3.74583e+01,1.17185e+00,1.54752e+00,5.94011e+00,1.19212e+01,6.13947e+00,1.96407e+01,8.66822e-01,6.77244e+01,4.40303e+00,1.75146e+00,1.55667e+00,1.32546e+01,1.08783e+01,8.41935e-01,3.19091e+00,8.46196e+00
1.72481e+00,3.63405e+01,2.19488e-01,3.79871e+01,1.02067e+00,1.51149e+00,5.77538e+00,1.21483e+01,6.09056e+00,1.95691e+01,7.86574e-01,6.71611e+01,4.50813e+00,1.76667e+00,1.49527e+00,1.50657e+01,1.04369e+01,8.17039e-01,3.20252e+00,8.40770e+00
1.69715e+00,3.63606e+01,2.18749e-01,3.83724e+01,9.00577e-01,1.47324e+00,5.61406e+00,1.23763e+01,6.02199e+00,1.95085e+01,7.18407e-01,6.66259e+01,4.61953e+00,1.78430e+00,1.44694e+00,1.76360e+01,1.00043e+01,8.13127e-01,3.21007e+00,8.34730e+00
1.66985e+00,3.63736e+01,2.18112e-01,3.86178e+01,8.04702e-01,1.43971e+00,5.48431e+00,1.25975e+01,5.93681e+00,1.94602e+01,6.61457e-01,6.61154e+01,4.73220e+00,1.80231e+00,1.40894e+00,2.09942e+01,9.58889e+00,8.43913e-01,3.21548e+00,8.28240e+00
1.64355e+00,3.63838e+01,2.17583e-01,3.87431e+01,7.27805e-01,1.41479e+00,5.40882e+00,1.28044e+01,5.83862e+00,1.94255e+01,6.14627e-01,6.56301e+01,4.84141e+00,1.81873e+00,1.37858e+00,2.48190e+01,9.19570e+00,9.18856e-01,3.22061e+00,8.21427e+00
1.61864e+00,3.63970e+01,2.17128e-01,3.87797e+01,6.65954e-01,1.40135e+00,5.40059e+00,1.29906e+01,5.73129e+00,1.94053e+01,5.76722e-01,6.51694e+01,4.94270e+00,1.83190e+00,1.35376e+00,2.84109e+01,8.82714e+00,1.03031e+00,3.22768e+00,8.14441e+00
1.59530e+00,3.64200e+01,2.16745e-01,3.87559e+01,6.16049e-01,1.40203e+00,5.45760e+00,1.31509e+01,5.61828e+00,1.93995e+01,5.46620e-01,6.47294e+01,5.03241e+00,1.84072e+00,1.33313e+00,3.11306e+01,8.48451e+00,1.14943e+00,3.23837e+00,8.07348e+00
1.57355e+00,3.64610e+01,2.16447e-01,3.86944e+01,5.75588e-01,1.41901e+00,5.56000e+00,1.32828e+01,5.50242e+00,1.94075e+01,5.23420e-01,6.43125e+01,5.10755e+00,1.84459e+00,1.31576e+00,3.27320e+01,8.16814e+00,1.24244e+00,3.25457e+00,8.00196e+00
1.55331e+00,3.65283e+01,2.16225e-01,3.86088e+01,5.42816e-01,1.45295e+00,5.67449e+00,1.33854e+01,5.38636e+00,1.94291e+01,5.06582e-01,6.39152e+01,5.16594e+00,1.84349e+00,1.30089e+00,3.32989e+01,7.87777e+00,1.29026e+00,3.27731e+00,7.93080e+00
1.53445e+00,3.66290e+01,2.16076e-01,3.85035e+01,5.16139e-01,1.50183e+00,5.76663e+00,1.34594e+01,5.27206e+00,1.94640e+01,4.95952e-01,6.35372e+01,5.20624e+00,1.83765e+00,1.28767e+00,3.30710e+01,7.61253e+00,1.29232e+00,3.30672e+00,7.86046e+00
1.51680e+00,3.67677e+01,2.15926e-01,3.83839e+01,4.94368e-01,1.56045e+00,5.81360e+00,1.35083e+01,5.16093e+00,1.95105e+01,4.91798e-01,6.31803e+01,5.22807e+00,1.82763e+00,1.27549e+00,3.23374e+01,7.37090e+00,1.25885e+00,3.34187e+00,7.79139e+00
1.50023e+00,3.69472e+01,2.15809e-01,3.82547e+01,4.76548e-01,1.62123e+00,5.80974e+00,1.35340e+01,5.05430e+00,1.95685e+01,4.94745e-01,6.28407e+01,5.23160e+00,1.81387e+00,1.26387e+00,3.13794e+01,7.15115e+00,1.20224e+00,3.38095e+00,7.72422e+00
1.48454e+00,3.71645e+01,2.15713e-01,3.81258e+01,4.61917e-01,1.67608e+00,5.76520e+00,1.35402e+01,4.95329e+00,1.96376e+01,5.05574e-01,6.25196e+01,5.21808e+00,1.79709e+00,1.25275e+00,3.04159e+01,6.95077e+00,1.13317e+00,3.42206e+00,7.65983e+00
1.46968e+00,3.74126e+01,2.15623e-01,3.80095e+01,4.49880e-01,1.71856e+00,5.69992e+00,1.35285e+01,4.85893e+00,1.97170e+01,5.24978e-01,6.22163e+01,5.18911e+00,1.77785e+00,1.24243e+00,2.95365e+01,6.76760e+00,1.05934e+00,3.46162e+00,7.59855e+00
1.45543e+00,3.76796e+01,2.15525e-01,3.79183e+01,4.39936e-01,1.74524e+00,5.63671e+00,1.35000e+01,4.77188e+00,1.98079e+01,5.53057e-01,6.19305e+01,5.14693e+00,1.75673e+00,1.23369e+00,2.86983e+01,6.59965e+00,9.85758e-01,3.49661e+00,7.54140e+00
1.44176e+00,3.79514e+01,2.15410e-01,3.78646e+01,4.31709e-01,1.75611e+00,5.59507e+00,1.34556e+01,4.69330e+00,1.99106e+01,5.88894e-01,6.16643e+01,5.09390e+00,1.73423e+00,1.22777e+00,2.78096e+01,6.44499e+00,9.15462e-01,3.52413e+00,7.48856e+00
1.42854e+00,3.82135e+01,2.15270e-01,3.78569e+01,4.24899e-01,1.75405e+00,5.58767e+00,1.33958e+01,4.62387e+00,2.00258e+01,6.30365e-01,6.14173e+01,5.03246e+00,1.71085e+00,1.22633e+00,2.68226e+01,6.30264e+00,8.50111e-01,3.54174e+00,7.44078e+00
1.41578e+00,3.84530e+01,2.15122e-01,3.78971e+01,4.19281e-01,1.74428e+00,5.61874e+00,1.33236e+01,4.56404e+00,2.01550e+01,6.74395e-01,6.11893e+01,4.96495e+00,1.68697e+00,1.23127e+00,2.57618e+01,6.17181e+00,7.90480e-01,3.54776e+00,7.39827e+00
1.40343e+00,3.86599e+01,2.14992e-01,3.79809e+01,4.14599e-01,1.73391e+00,5.68459e+00,1.32417e+01,4.51402e+00,2.02994e+01,7.17603e-01,6.09830e+01,4.89357e+00,1.66301e+00,1.24442e+00,2.47028e+01,6.05200e+00,7.36711e-01,3.54151e+00,7.36142e+00
1.39151e+00,3.88280e+01,2.14889e-01,3.80974e+01,4.10743e-01,1.73144e+00,5.77561e+00,1.31556e+01,4.47348e+00,2.04594e+01,7.56990e-01,6.07967e+01,4.82009e+00,1.63924e+00,1.26703e+00,2.37392e+01,5.94328e+00,6.88757e-01,3.52298e+00,7.33037e+00
1.38000e+00,3.89560e+01,2.14772e-01,3.82276e+01,4.07498e-01,1.74513e+00,5.87875e+00,1.30704e+01,4.44144e+00,2.06345e+01,7.90567e-01,6.06306e+01,4.74626e+00,1.61589e+00,1.29925e+00,2.29673e+01,5.84553e+00,6.46286e-01,3.49308e+00,7.30482e+00
1.36896e+00,3.90450e+01,2.14647e-01,3.83528e+01,4.04767e-01,1.78117e+00,5.97950e+00,1.29909e+01,4.41665e+00,2.08237e+01,8.17390e-01,6.04856e+01,4.67329e+00,1.59319e+00,1.33998e+00,2.24838e+01,5.75909e+00,6.08891e-01,3.45300e+00,7.28522e+00
1.35837e+00,3.91005e+01,2.14528e-01,3.84552e+01,4.02469e-01,1.84015e+00,6.06279e+00,1.29215e+01,4.39749e+00,2.10254e+01,8.37555e-01,6.03607e+01,4.60225e+00,1.57123e+00,1.38709e+00,2.23729e+01,5.68402e+00,5.76125e-01,3.40447e+00,7.27077e+00
1.34832e+00,3.91296e+01,2.14393e-01,3.85239e+01,4.00498e-01,1.91539e+00,6.11464e+00,1.28648e+01,4.38209e+00,2.12352e+01,8.51896e-01,6.02560e+01,4.53389e+00,1.55014e+00,1.43755e+00,2.26782e+01,5.62040e+00,5.47530e-01,3.34894e+00,7.26179e+00
1.33882e+00,3.91412e+01,2.14222e-01,3.85554e+01,3.98805e-01,1.99402e+00,6.12425e+00,1.28213e+01,4.36872e+00,2.14494e+01,8.61710e-01,6.01724e+01,4.46887e+00,1.53004e+00,1.48835e+00,2.33582e+01,5.56805e+00,5.22683e-01,3.28808e+00,7.25724e+00
1.32990e+00,3.91442e+01,2.14029e-01,3.85541e+01,3.97349e-01,2.06149e+00,6.08614e+00,1.27897e+01,4.35607e+00,2.16636e+01,8.68486e-01,6.01053e+01,4.40765e+00,1.51098e+00,1.53665e+00,2.42643e+01,5.52650e+00,5.01220e-01,3.22336e+00,7.25719e+00
1.32155e+00,3.91464e+01,2.13817e-01,3.85300e+01,3.96051e-01,2.10666e+00,6.00059e+00,1.27672e+01,4.34369e+00,2.18725e+01,8.73759e-01,6.00567e+01,4.35047e+00,1.49301e+00,1.58006e+00,2.51770e+01,5.49520e+00,4.82770e-01,3.15614e+00,7.26054e+00
1.31378e+00,3.91555e+01,2.13584e-01,3.84944e+01,3.94922e-01,2.12447e+00,5.87297e+00,1.27504e+01,4.33161e+00,2.20726e+01,8.78916e-01,6.00249e+01,4.29748e+00,1.47615e+00,1.61679e+00,2.58918e+01,5.47332e+00,4.67024e-01,3.08736e+00,7.26735e+00
1.30655e+00,3.91761e+01,2.13343e-01,3.84582e+01,3.93909e-01,2.11575e+00,5.71156e+00,1.27364e+01,4.32056e+00,2.22603e+01,8.85243e-01,6.00097e+01,4.24877e+00,1.46043e+00,1.64547e+00,2.62864e+01,5.45942e+00,4.53652e-01,3.01789e+00,7.27642e+00
1.29989e+00,3.92127e+01,2.13107e-01,3.84308e+01,3.93022e-01,2.08493e+00,5.52578e+00,1.27233e+01,4.31190e+00,2.24333e+01,8.93745e-01,6.00122e+01,4.20426e+00,1.44584e+00,1.66528e+00,2.63335e+01,5.45198e+00,4.42391e-01,2.94863e+00,7.28764e+00
1.29367e+00,3.92665e+01,2.12878e-01,3.84147e+01,3.92198e-01,2.03796e+00,5.32503e+00,1.27120e+01,4.30660e+00,2.25908e+01,9.05250e-01,6.00310e+01,4.16398e+00,1.43234e+00,1.67599e+00,2.60748e+01,5.44919e+00,4.32948e-01,2.88003e+00,7.29998e+00
1.28792e+00,3.93376e+01,2.12636e-01,3.84103e+01,3.91483e-01,1.98051e+00,5.11710e+00,1.27057e+01,4.30584e+00,2.27323e+01,9.20287e-01,6.00690e+01,4.12784e+00,1.41995e+00,1.67777e+00,2.55803e+01,5.44925e+00,4.25106e-01,2.81247e+00,7.31334e+00
1.28260e+00,3.94245e+01,2.12399e-01,3.84140e+01,3.90815e-01,1.91752e+00,4.90852e+00,1.27089e+01,4.30994e+00,2.28579e+01,9.39058e-01,6.01281e+01,4.09585e+00,1.40865e+00,1.67130e+00,2.49244e+01,5.45023e+00,4.18666e-01,2.74644e+00,7.32708e+00
1.27770e+00,3.95246e+01,2.12152e-01,3.84167e+01,3.90138e-01,1.85276e+00,4.70422e+00,1.27260e+01,4.31824e+00,2.29707e+01,9.61502e-01,6.02106e+01,4.06770e+00,1.39835e+00,1.65754e+00,2.41710e+01,5.45057e+00,4.13404e-01,2.68209e+00,7.34066e+00
1.27319e+00,3.96342e+01,2.11885e-01,3.84090e+01,3.89480e-01,1.78901e+00,4.50756e+00,1.27587e+01,4.32940e+00,2.30725e+01,9.87085e-01,6.03208e+01,4.04343e+00,1.38901e+00,1.63763e+00,2.33694e+01,5.44894e+00,4.09086e-01,2.61997e+00,7.35370e+00
1.26904e+00,3.97500e+01,2.11599e-01,3.83826e+01,3.88864e-01,1.72816e+00,4.32099e+00,1.28050e+01,4.34128e+00,2.31654e+01,1.01505e+00,6.04592e+01,4.02288e+00,1.38061e+00,1.61273e+00,2.25562e+01,5.44444e+00,4.05626e-01,2.56006e+00,7.36590e+00
1.26525e+00,3.98689e+01,2.11306e-01,3.83290e+01,3.88257e-01,1.67148e+00,4.14613e+00,1.28599e+01,4.35113e+00,2.32532e+01,1.04439e+00,6.06313e+01,4.00570e+00,1.37312e+00,1.58395e+00,2.17565e+01,5.43667e+00,4.02865e-01,2.50276e+00,7.37687e+00
1.26175e+00,3.99890e+01,2.11001e-01,3.82436e+01,3.87658e-01,1.61983e+00,3.98400e+00,1.29170e+01,4.35672e+00,2.33392e+01,1.07395e+00,6.08361e+01,3.99144e+00,1.36643e+00,1.55230e+00,2.09858e+01,5.42542e+00,4.00658e-01,2.44821e+00,7.38637e+00
1.25854e+00,4.01096e+01,2.10686e-01,3.81243e+01,3.87071e-01,1.57374e+00,3.83516e+00,1.29706e+01,4.35589e+00,2.34262e+01,1.10255e+00,6.10751e+01,3.97956e+00,1.36049e+00,1.51865e+00,2.02539e+01,5.41090e+00,3.98962e-01,2.39656e+00,7.39414e+00
1.25561e+00,4.02315e+01,2.10365e-01,3.79718e+01,3.86487e-01,1.53345e+00,3.69979e+00,1.30187e+01,4.34722e+00,2.35178e+01,1.12919e+00,6.13477e+01,3.96946e+00,1.35526e+00,1.48366e+00,1.95669e+01,5.39344e+00,3.97630e-01,2.34811e+00,7.39991e+00
1.25290e+00,4.03569e+01,2.10052e-01,3.77903e+01,3.85916e-01,1.49886e+00,3.57790e+00,1.30621e+01,4.33028e+00,2.36162e+01,1.15304e+00,6.16482e+01,3.96050e+00,1.35060e+00,1.44808e+00,1.89262e+01,5.37363e+00,3.96582e-01,2.30262e+00,7.40389e+00
1.25036e+00,4.04883e+01,2.09738e-01,3.75841e+01,3.85372e-01,1.46976e+00,3.46937e+00,1.31053e+01,4.30527e+00,2.37234e+01,1.17337e+00,6.19740e+01,3.95207e+00,1.34654e+00,1.41228e+00,1.83333e+01,5.35200e+00,3.95774e-01,2.26044e+00,7.40565e+00
1.24802e+00,4.06300e+01,2.09431e-01,3.73586e+01,3.84805e-01,1.44562e+00,3.37426e+00,1.31542e+01,4.27272e+00,2.38414e+01,1.18966e+00,6.23167e+01,3.94365e+00,1.34297e+00,1.37673e+00,1.77862e+01,5.32914e+00,3.95138e-01,2.22150e+00,7.40549e+00
1.24583e+00,4.07857e+01,2.09128e-01,3.71199e+01,3.84221e-01,1.42568e+00,3.29208e+00,1.32141e+01,4.23399e+00,2.39703e+01,1.20167e+00,6.26701e+01,3.93460e+00,1.33981e+00,1.34177e+00,1.72822e+01,5.30549e+00,3.94668e-01,2.18561e+00,7.40354e+00
1.24380e+00,4.09586e+01,2.08810e-01,3.68752e+01,3.83636e-01,1.40905e+00,3.22268e+00,1.32887e+01,4.19041e+00,2.41099e+01,1.20925e+00,6.30258e+01,3.92468e+00,1.33701e+00,1.30766e+00,1.68188e+01,5.28131e+00,3.94249e-01,2.15289e+00,7.39974e+00
1.24192e+00,4.11523e+01,2.08483e-01,3.66306e+01,3.83047e-01,1.39477e+00,3.16552e+00,1.33788e+01,4.14343e+00,2.42596e+01,1.21234e+00,6.33753e+01,3.91371e+00,1.33453e+00,1.27461e+00,1.63927e+01,5.25666e+00,3.93895e-01,2.12306e+00,7.39473e+00
1.24011e+00,4.13679e+01,2.08137e-01,3.63922e+01,3.82476e-01,1.38185e+00,3.11999e+00,1.34812e+01,4.09436e+00,2.44162e+01,1.21104e+00,6.37112e+01,3.90152e+00,1.33231e+00,1.24280e+00,1.60003e+01,5.23156e+00,3.93597e-01,2.09592e+00,7.38845e+00
1.23841e+00,4.16055e+01,2.07782e-01,3.61643e+01,3.81903e-01,1.36943e+00,3.08531e+00,1.35905e+01,4.04435e+00,2.45770e+01,1.20560e+00,6.40290e+01,3.88816e+00,1.33031e+00,1.21238e+00,1.56381e+01,5.20590e+00,3.93334e-01,2.07139e+00,7.38121e+00
1.23679e+00,4.18625e+01,2.07420e-01,3.59502e+01,3.81285e-01,1.35679e+00,3.06026e+00,1.36985e+01,3.99450e+00,2.47387e+01,1.19633e+00,6.43246e+01,3.87375e+00,1.32851e+00,1.18346e+00,1.53028e+01,5.17941e+00,3.93070e-01,2.04900e+00,7.37354e+00
1.23522e+00,4.21351e+01,2.07064e-01,3.57522e+01,3.80690e-01,1.34345e+00,3.04364e+00,1.37978e+01,3.94556e+00,2.48967e+01,1.18357e+00,6.45945e+01,3.85844e+00,1.32686e+00,1.15611e+00,1.49912e+01,5.15187e+00,3.92825e-01,2.02877e+00,7.36545e+00
1.23370e+00,4.24186e+01,2.06708e-01,3.55699e+01,3.80097e-01,1.32916e+00,3.03391e+00,1.38812e+01,3.89810e+00,2.50480e+01,1.16781e+00,6.48406e+01,3.84240e+00,1.32530e+00,1.13031e+00,1.47003e+01,5.12306e+00,3.92565e-01,2.01017e+00,7.35739e+00
1.23224e+00,4.27045e+01,2.06349e-01,3.54035e+01,3.79531e-01,1.31379e+00,3.02969e+00,1.39432e+01,3.85257e+00,2.51884e+01,1.14950e+00,6.50664e+01,3.82599e+00,1.32383e+00,1.10610e+00,1.44276e+01,5.09266e+00,3.92309e-01,1.99318e+00,7.34958e+00
1.23080e+00,4.29831e+01,2.05992e-01,3.52534e+01,3.78954e-01,1.29740e+00,3.02978e+00,1.39819e+01,3.80925e+00,2.53156e+01,1.12913e+00,6.52705e+01,3.80942e+00,1.32245e+00,1.08354e+00,1.41709e+01,5.06062e+00,3.92050e-01,1.97742e+00,7.34228e+00
1.22940e+00,4.32468e+01,2.05644e-01,3.51195e+01,3.78360e-01,1.28006e+00,3.03321e+00,1.39964e+01,3.76849e+00,2.54283e+01,1.10711e+00,6.54607e+01,3.79277e+00,1.32109e+00,1.06247e+00,1.39280e+01,5.02687e+00,3.91782e-01,1.96274e+00,7.33582e+00
1.22799e+00,4.34888e+01,2.05290e-01,3.50045e+01,3.77766e-01,1.26205e+00,3.03934e+00,1.39881e+01,3.73029e+00,2.55247e+01,1.08390e+00,6.56393e+01,3.77636e+00,1.31973e+00,1.04304e+00,1.36974e+01,4.99134e+00,3.91500e-01,1.94904e+00,7.33039e+00
1.22660e+00,4.37044e+01,2.04926e-01,3.49124e+01,3.77150e-01,1.24360e+00,3.04803e+00,1.39610e+01,3.69465e+00,2.56039e+01,1.05993e+00,6.58120e+01,3.76042e+00,1.31840e+00,1.02505e+00,1.34779e+01,4.95410e+00,3.91178e-01,1.93617e+00,7.32627e+00
1.22523e+00,4.38896e+01,2.04549e-01,3.48502e+01,3.76540e-01,1.22495e+00,3.05956e+00,1.39192e+01,3.66176e+00,2.56672e+01,1.03549e+00,6.59838e+01,3.74503e+00,1.31708e+00,1.00846e+00,1.32683e+01,4.91534e+00,3.90826e-01,1.92407e+00,7.32401e+00
1.22385e+00,4.40427e+01,2.04165e-01,3.48289e+01,3.75912e-01,1.20630e+00,3.07451e+00,1.38685e+01,3.63142e+00,2.57162e+01,1.01097e+00,6.61607e+01,3.73026e+00,1.31575e+00,9.93266e-01,1.30675e+01,4.87525e+00,3.90450e-01,1.91247e+00,7.32403e+00
1.22244e+00,4.41633e+01,2.03779e-01,3.48656e+01,3.75303e-01,1.18790e+00,3.09355e+00,1.38150e+01,3.60365e+00,2.57532e+01,9.86549e-01,6.63464e+01,3.71625e+00,1.31441e+00,9.79383e-01,1.28746e+01,4.83405e+00,3.90073e-01,1.90148e+00,7.32687e+00
1.22103e+00,4.42533e+01,2.03402e-01,3.49825e+01,3.75080e-01,1.16987e+00,3.11733e+00,1.37658e+01,3.57849e+00,2.57820e+01,9.62466e-01,6.65428e+01,3.70297e+00,1.31304e+00,9.66768e-01,1.26898e+01,4.79205e+00,3.89682e-01,1.89112e+00,7.33336e+00
1.21961e+00,4.43173e+01,2.03024e-01,3.52078e+01,3.75431e-01,1.15233e+00,3.14618e+00,1.37274e+01,3.55578e+00,2.58081e+01,9.38844e-01,6.67496e+01,3.69052e+00,1.31434e+00,9.55317e-01,1.25117e+01,4.74964e+00,3.89270e-01,1.88108e+00,7.34384e+00
1.21963e+00,4.43581e+01,2.02644e-01,3.55805e+01,3.76249e-01,1.13543e+00,3.18029e+00,1.37083e+01,3.53554e+00,2.58369e+01,9.15823e-01,6.69690e+01,3.67885e+00,1.31394e+00,9.44958e-01,1.23409e+01,4.70755e+00,3.88849e-01,1.87136e+00,7.35963e+00
1.21912e+00,4.43795e+01,2.02281e-01,3.61425e+01,3.77455e-01,1.11921e+00,3.21944e+00,1.37169e+01,3.51756e+00,2.58751e+01,8.93526e-01,6.72016e+01,3.66794e+00,1.31302e+00,9.35602e-01,1.21770e+01,4.66581e+00,3.88405e-01,1.86219e+00,7.38064e+00
1.21809e+00,4.43868e+01,2.01945e-01,3.69358e+01,3.79057e-01,1.10369e+00,3.26281e+00,1.37627e+01,3.50127e+00,2.59309e+01,8.71983e-01,6.74456e+01,3.65776e+00,1.31243e+00,9.27219e-01,1.20191e+01,4.62455e+00,3.87943e-01,1.85382e+00,7.40828e+00
1.21687e+00,4.43850e+01,2.01653e-01,3.79879e+01,3.81268e-01,1.08901e+00,3.30874e+00,1.38555e+01,3.48661e+00,2.60135e+01,8.51303e-01,6.77042e+01,3.64828e+00,1.31161e+00,9.19707e-01,1.18680e+01,4.58432e+00,3.87468e-01,1.84645e+00,7.44922e+00
1.21593e+00,4.43787e+01,2.01419e-01,3.92963e+01,3.84422e-01,1.07510e+00,3.35587e+00,1.40051e+01,3.47345e+00,2.61331e+01,8.31415e-01,6.79751e+01,3.63952e+00,1.31041e+00,9.12982e-01,1.17243e+01,4.54501e+00,3.86961e-01,1.84021e+00,7.49970e+00
1.21530e+00,4.43717e+01,2.01256e-01,4.08226e+01,3.89161e-01,1.06197e+00,3.40227e+00,1.42198e+01,3.46143e+00,2.63001e+01,8.12472e-01,6.82572e+01,3.63136e+00,1.30892e+00,9.07023e-01,1.15866e+01,4.50625e+00,3.86441e-01,1.83477e+00,7.55726e+00
1.21485e+00,4.43671e+01,2.01140e-01,4.24831e+01,3.96382e-01,1.04964e+00,3.44613e+00,1.45055e+01,3.45048e+00,2.65240e+01,7.94460e-01,6.85539e+01,3.62373e+00,1.30740e+00,9.01697e-01,1.14544e+01,4.46813e+00,3.85900e-01,1.83012e+00,7.62135e+00
1.21456e+00,4.43668e+01,2.01007e-01,4.41702e+01,4.06904e-01,1.03809e+00,3.48584e+00,1.48641e+01,3.44050e+00,2.68126e+01,7.77430e-01,6.88624e+01,3.61670e+00,1.30613e+00,8.97024e-01,1.13291e+01,4.43107e+00,3.85352e-01,1.82618e+00,7.68900e+00
1.21458e+00,4.43728e+01,2.00816e-01,4.57704e+01,4.20660e-01,1.02729e+00,3.51986e+00,1.52935e+01,3.43127e+00,2.71703e+01,7.61339e-01,6.91838e+01,3.61013e+00,1.30529e+00,8.92903e-01,1.12103e+01,4.39554e+00,3.84787e-01,1.82294e+00,7.75668e+00
1.21503e+00,4.43851e+01,2.00536e-01,4.71905e+01,4.36205e-01,1.01719e+00,3.54720e+00,1.57882e+01,3.42267e+00,2.75958e+01,7.46104e-01,6.95164e+01,3.60403e+00,1.30479e+00,8.89272e-01,1.10977e+01,4.36192e+00,3.84212e-01,1.82006e+00,7.82333e+00
1.21616e+00,4.44040e+01,2.00155e-01,4.83664e+01,4.51172e-01,1.00782e+00,3.56709e+00,1.63446e+01,3.41467e+00,2.80831e+01,7.31643e-01,6.98594e+01,3.59839e+00,1.30448e+00,8.86163e-01,1.09917e+01,4.33040e+00,3.83635e-01,1.81737e+00,7.88893e+00
1.21818e+00,4.44285e+01,1.99713e-01,4.92759e+01,4.63069e-01,9.99098e-01,3.57920e+00,1.69627e+01,3.40716e+00,2.86196e+01,7.17842e-01,7.02086e+01,3.59327e+00,1.30418e+00,8.83478e-01,1.08928e+01,4.30093e+00,3.83046e-01,1.81474e+00,7.95175e+00
1.22129e+00,4.44572e+01,1.99227e-01,4.99253e+01,4.70391e-01,9.91081e-01,3.58379e+00,1.76515e+01,3.40017e+00,2.91870e+01,7.04631e-01,7.05607e+01,3.58860e+00,1.30381e+00,8.81364e-01,1.08008e+01,4.27364e+00,3.82445e-01,1.81167e+00,8.01040e+00
1.22560e+00,4.44883e+01,1.98700e-01,5.03454e+01,4.72905e-01,9.83615e-01,3.58107e+00,1.84309e+01,3.39362e+00,2.97636e+01,6.91903e-01,7.09136e+01,3.58449e+00,1.30331e+00,8.79837e-01,1.07162e+01,4.24903e+00,3.81840e-01,1.80831e+00,8.06310e+00
1.23099e+00,4.45205e+01,1.98185e-01,5.05819e+01,4.71280e-01,9.76691e-01,3.57163e+00,1.93298e+01,3.38749e+00,3.03273e+01,6.79588e-01,7.12615e+01,3.58102e+00,1.30265e+00,8.79005e-01,1.06401e+01,4.22813e+00,3.81220e-01,1.80470e+00,8.10872e+00
1.23725e+00,4.45506e+01,1.97664e-01,5.06837e+01,4.66565e-01,9.70335e-01,3.55616e+00,2.03786e+01,3.38168e+00,3.08559e+01,6.67664e-01,7.16020e+01,3.57841e+00,1.30186e+00,8.78888e-01,1.05732e+01,4.21279e+00,3.80579e-01,1.80110e+00,8.14644e+00
1.24396e+00,4.45774e+01,1.97160e-01,5.06991e+01,4.59817e-01,9.64496e-01,3.53529e+00,2.15976e+01,3.37620e+00,3.13307e+01,6.56111e-01,7.19317e+01,3.57684e+00,1.30088e+00,8.79509e-01,1.05162e+01,4.20513e+00,3.79926e-01,1.79785e+00,8.17591e+00
1.25065e+00,4.45989e+01,1.96676e-01,5.06748e+01,4.51879e-01,9.59073e-01,3.50972e+00,2.29828e+01,3.37101e+00,3.17371e+01,6.44939e-01,7.22510e+01,3.57663e+00,1.29969e+00,8.80809e-01,1.04695e+01,4.20651e+00,3.79259e-01,1.79503e+00,8.19714e+00
1.25686e+00,4.46130e+01,1.96215e-01,5.06504e+01,4.43426e-01,9.54109e-01,3.48008e+00,2.44988e+01,3.36599e+00,3.20644e+01,6.34171e-01,7.25610e+01,3.57815e+00,1.29824e+00,8.82627e-01,1.04330e+01,4.21642e+00,3.78583e-01,1.79298e+00,8.21010e+00
1.26217e+00,4.46183e+01,1.95768e-01,5.06590e+01,4.34920e-01,9.49493e-01,3.44691e+00,2.60785e+01,3.36109e+00,3.23082e+01,6.23804e-01,7.28632e+01,3.58178e+00,1.29649e+00,8.84762e-01,1.04054e+01,4.23213e+00,3.77912e-01,1.79169e+00,8.21529e+00
1.26618e+00,4.46135e+01,1.95336e-01,5.07277e+01,4.26629e-01,9.45283e-01,3.41070e+00,2.76376e+01,3.35632e+00,3.24665e+01,6.13922e-01,7.31604e+01,3.58787e+00,1.29446e+00,8.87065e-01,1.03868e+01,4.25004e+00,3.77243e-01,1.79126e+00,8.21263e+00
1.26870e+00,4.45971e+01,1.94926e-01,5.08767e+01,4.18696e-01,9.41441e-01,3.37186e+00,2.90926e+01,3.35168e+00,3.25416e+01,6.04568e-01,7.34566e+01,3.59670e+00,1.29216e+00,8.89364e-01,1.03763e+01,4.26652e+00,3.76566e-01,1.79192e+00,8.20265e+00
1.26966e+00,4.45678e+01,1.94536e-01,5.11195e+01,4.11213e-01,9.37851e-01,3.33089e+00,3.03767e+01,3.34709e+00,3.25383e+01,5.95836e-01,7.37576e+01,3.60824e+00,1.28962e+00,8.91483e-01,1.03753e+01,4.28009e+00,3.75885e-01,1.79345e+00,8.18622e+00
1.26912e+00,4.45251e+01,1.94147e-01,5.14677e+01,4.04296e-01,9.34571e-01,3.28831e+00,3.14485e+01,3.34256e+00,3.24630e+01,5.87616e-01,7.40689e+01,3.62249e+00,1.28690e+00,8.97097e-01,1.03852e+01,4.29087e+00,3.75223e-01,1.79586e+00,8.16349e+00
1.26724e+00,4.44680e+01,1.93746e-01,5.19285e+01,3.97954e-01,9.31572e-01,3.24462e+00,3.22912e+01,3.33805e+00,3.23238e+01,5.79950e-01,7.43947e+01,3.63910e+00,1.28408e+00,9.00146e-01,1.04183e+01,4.30012e+00,3.74578e-01,1.79906e+00,8.13584e+00
1.26426e+00,4.43962e+01,1.93344e-01,5.25126e+01,3.92207e-01,9.28769e-01,3.20027e+00,3.29095e+01,3.33350e+00,3.21287e+01,5.72660e-01,7.47389e+01,3.65750e+00,1.28123e+00,9.01551e-01,1.05176e+01,4.30943e+00,3.73938e-01,1.80264e+00,8.10380e+00
1.26048e+00,4.43094e+01,1.92953e-01,5.32304e+01,3.87051e-01,9.26245e-01,3.15579e+00,3.33196e+01,3.32892e+00,3.18861e+01,5.65727e-01,7.51055e+01,3.67685e+00,1.27837e+00,9.02610e-01,1.07926e+01,4.31988e+00,3.73316e-01,1.80617e+00,8.06843e+00
1.25616e+00,4.42075e+01,1.92570e-01,5.40950e+01,3.82454e-01,9.23903e-01,3.11165e+00,3.35453e+01,3.32431e+00,3.16042e+01,5.59023e-01,7.54949e+01,3.69631e+00,1.27557e+00,9.02905e-01,1.12596e+01,4.33171e+00,3.72713e-01,1.80911e+00,8.03039e+00
1.25157e+00,4.40905e+01,1.92200e-01,5.51129e+01,3.78392e-01,9.21763e-01,3.06810e+00,3.36107e+01,3.31963e+00,3.12902e+01,5.52493e-01,7.59065e+01,3.71497e+00,1.27279e+00,9.02406e-01,1.16549e+01,4.34441e+00,3.72126e-01,1.81094e+00,7.99049e+00
1.24695e+00,4.39594e+01,1.91833e-01,5.62762e+01,3.74807e-01,9.19787e-01,3.02540e+00,3.35417e+01,3.31486e+00,3.09522e+01,5.46030e-01,7.63351e+01,3.73200e+00,1.27005e+00,9.01279e-01,1.17845e+01,4.35685e+00,3.71551e-01,1.81128e+00,7.94935e+00
1.24248e+00,4.38146e+01,1.91464e-01,5.75593e+01,3.71672e-01,9.18019e-01,2.98374e+00,3.33588e+01,3.31002e+00,3.05959e+01,5.39605e-01,7.67763e+01,3.74673e+00,1.26736e+00,8.99856e-01,1.17192e+01,4.36776e+00,3.70995e-01,1.80978e+00,7.90736e+00
1.23832e+00,4.36571e+01,1.91100e-01,5.89082e+01,3.68944e-01,9.16499e-01,2.94333e+00,3.30832e+01,3.30512e+00,3.02266e+01,5.33223e-01,7.72211e+01,3.75854e+00,1.26469e+00,8.98556e-01,1.15979e+01,4.37587e+00,3.70437e-01,1.80647e+00,7.86445e+00
1.23453e+00,4.34885e+01,1.90751e-01,6.02506e+01,3.66541e-01,9.15475e-01,2.90433e+00,3.27303e+01,3.30015e+00,2.98487e+01,5.26899e-01,7.76613e+01,3.76700e+00,1.26205e+00,8.97984e-01,1.15082e+01,4.38020e+00,3.69848e-01,1.80133e+00,7.82119e+00
1.23119e+00,4.33104e+01,1.90400e-01,6.15058e+01,3.64456e-01,9.16118e-01,2.86688e+00,3.23166e+01,3.29511e+00,2.94671e+01,5.20675e-01,7.80871e+01,3.77194e+00,1.25941e+00,8.98717e-01,1.14864e+01,4.37991e+00,3.69252e-01,1.79471e+00,7.77764e+00
1.22831e+00,4.31244e+01,1.90027e-01,6.26014e+01,3.62646e-01,9.22507e-01,2.83125e+00,3.18539e+01,3.28999e+00,2.90848e+01,5.14587e-01,7.84878e+01,3.77344e+00,1.25677e+00,9.01234e-01,1.15295e+01,4.37461e+00,3.68652e-01,1.78681e+00,7.73371e+00
1.22586e+00,4.29326e+01,1.89648e-01,6.34836e+01,3.61055e-01,9.42632e-01,2.79766e+00,3.13527e+01,3.28480e+00,2.87045e+01,5.08652e-01,7.88537e+01,3.77171e+00,1.25414e+00,9.05947e-01,1.16096e+01,4.36421e+00,3.67996e-01,1.77810e+00,7.68941e+00
1.22379e+00,4.27371e+01,1.89281e-01,6.41227e+01,3.59637e-01,9.81263e-01,2.76637e+00,3.08227e+01,3.27954e+00,2.83285e+01,5.02910e-01,7.91773e+01,3.76703e+00,1.25152e+00,9.13211e-01,1.16918e+01,4.34908e+00,3.67291e-01,1.76902e+00,7.64496e+00
1.22199e+00,4.25408e+01,1.88917e-01,6.45120e+01,3.58363e-01,1.02941e+00,2.73779e+00,3.02720e+01,3.27421e+00,2.79587e+01,4.97386e-01,7.94508e+01,3.75984e+00,1.24890e+00,9.23128e-01,1.17539e+01,4.32969e+00,3.66538e-01,1.75972e+00,7.60035e+00
1.22037e+00,4.23452e+01,1.88557e-01,6.46627e+01,3.57248e-01,1.06960e+00,2.71229e+00,2.97061e+01,3.26881e+00,2.75966e+01,4.92115e-01,7.96696e+01,3.75058e+00,1.24627e+00,9.35490e-01,1.17899e+01,4.30679e+00,3.65750e-01,1.75064e+00,7.55570e+00
1.21879e+00,4.21538e+01,1.88198e-01,6.45994e+01,3.56227e-01,1.09098e+00,2.69012e+00,2.91326e+01,3.26334e+00,2.72431e+01,4.87098e-01,7.98311e+01,3.73966e+00,1.24366e+00,9.49832e-01,1.18050e+01,4.28117e+00,3.64952e-01,1.74192e+00,7.51126e+00
1.21720e+00,4.19687e+01,1.87838e-01,6.43476e+01,3.55337e-01,1.09361e+00,2.67161e+00,2.85534e+01,3.25781e+00,2.68991e+01,4.82382e-01,7.99327e+01,3.72752e+00,1.24109e+00,9.65485e-01,1.18066e+01,4.25340e+00,3.64151e-01,1.73374e+00,7.46723e+00
1.21544e+00,4.17935e+01,1.87490e-01,6.39383e+01,3.54511e-01,1.08312e+00,2.65702e+00,2.79751e+01,3.25222e+00,2.65654e+01,4.78026e-01,7.99758e+01,3.71447e+00,1.23856e+00,9.81559e-01,1.18006e+01,4.22441e+00,3.63329e-01,1.72620e+00,7.42386e+00
1.21343e+00,4.16322e+01,1.87156e-01,6.33997e+01,3.53719e-01,1.06553e+00,2.64652e+00,2.73996e+01,3.24657e+00,2.62427e+01,4.74063e-01,7.99587e+01,3.70071e+00,1.23605e+00,9.97111e-01,1.17901e+01,4.19485e+00,3.62489e-01,1.71943e+00,7.38128e+00
1.21108e+00,4.14890e+01,1.86819e-01,6.27567e+01,3.52968e-01,1.04526e+00,2.64041e+00,2.68303e+01,3.24087e+00,2.59315e+01,4.70564e-01,7.98878e+01,3.68647e+00,1.23357e+00,1.01121e+00,1.17788e+01,4.16523e+00,3.61661e-01,1.71331e+00,7.33964e+00
1.20838e+00,4.13700e+01,1.86468e-01,6.20321e+01,3.52256e-01,1.02490e+00,2.63918e+00,2.62698e+01,3.23513e+00,2.56313e+01,4.67550e-01,7.97629e+01,3.67196e+00,1.23113e+00,1.02310e+00,1.17714e+01,4.13607e+00,3.60854e-01,1.70800e+00,7.29917e+00
1.20529e+00,4.12828e+01,1.86115e-01,6.12439e+01,3.51565e-01,1.00587e+00,2.64363e+00,2.57201e+01,3.22935e+00,2.53426e+01,4.65070e-01,7.95906e+01,3.65728e+00,1.22874e+00,1.03221e+00,1.17789e+01,4.10773e+00,3.60042e-01,1.70340e+00,7.25997e+00
1.20183e+00,4.12359e+01,1.85770e-01,6.04090e+01,3.50916e-01,9.88676e-01,2.65508e+00,2.51830e+01,3.22353e+00,2.50657e+01,4.63119e-01,7.93726e+01,3.64242e+00,1.22635e+00,1.03838e+00,1.18222e+01,4.08051e+00,3.59221e-01,1.69939e+00,7.22205e+00
1.19799e+00,4.12402e+01,1.85427e-01,5.95398e+01,3.50253e-01,9.73520e-01,2.67486e+00,2.46599e+01,3.21770e+00,2.47998e+01,4.61714e-01,7.91142e+01,3.62743e+00,1.22400e+00,1.04162e+00,1.19302e+01,4.05460e+00,3.58404e-01,1.69600e+00,7.18567e+00
1.19388e+00,4.13125e+01,1.85082e-01,5.86507e+01,3.51575e-01,9.65234e-01,2.70571e+00,2.41537e+01,3.21185e+00,2.45623e+01,4.61257e-01,7.88324e+01,3.61232e+00,1.22166e+00,1.05660e+00,1.21260e+01,4.03010e+00,3.57597e-01,1.69300e+00,7.15061e+00
1.18953e+00,4.14975e+01,1.87004e-01,5.77539e+01,3.57846e-01,9.61392e-01,2.75317e+00,2.36730e+01,3.20842e+00,2.43601e+01,5.02152e-01,7.85667e+01,3.59715e+00,1.22011e+00,1.08032e+00,1.24064e+01,4.00850e+00,3.59580e-01,1.76816e+00,7.11680e+00
1.18578e+00,4.21457e+01,1.92265e-01,5.68661e+01,3.72194e-01,1.38365e+00,2.85332e+00,2.32395e+01,3.20592e+00,2.42412e+01,6.72654e-01,7.83048e+01,3.58194e+00,1.21843e+00,1.23714e+00,1.27337e+01,3.98983e+00,3.60837e-01,2.04594e+00,7.08438e+00
1.18177e+00,4.28472e+01,1.98579e-01,5.60026e+01,3.97264e-01,2.73515e+00,3.37943e+00,2.28727e+01,3.20375e+00,2.42517e+01,9.55590e-01,7.80826e+01,3.56755e+00,1.21673e+00,1.71964e+00,1.30504e+01,3.97234e+00,3.61861e-01,2.48721e+00,7.05355e+00
1.17753e+00,4.32906e+01,2.05200e-01,5.51605e+01,4.34155e-01,5.20157e+00,4.33800e+00,2.25381e+01,3.20224e+00,2.44410e+01,1.15726e+00,7.78847e+01,3.55274e+00,1.21522e+00,2.42855e+00,1.33101e+01,3.95598e+00,3.64027e-01,2.91756e+00,7.02372e+00
1.17324e+00,4.39111e+01,2.10401e-01,5.43179e+01,4.69944e-01,7.27644e+00,5.30679e+00,2.21854e+01,3.20085e+00,2.47950e+01,1.26711e+00,7.77098e+01,3.53812e+00,1.21400e+00,2.96581e+00,1.34918e+01,3.94067e+00,3.67098e-01,3.45521e+00,6.99498e+00
1.16910e+00,4.48183e+01,2.14325e-01,5.34876e+01,4.98579e-01,1.08890e+01,6.26221e+00,2.18190e+01,3.19925e+00,2.52311e+01,1.30698e+00,7.75805e+01,3.52477e+00,1.21312e+00,3.27415e+00,1.35970e+01,3.92653e+00,3.70390e-01,4.45411e+00,6.96750e+00
1.16529e+00,4.60007e+01,2.17304e-01,5.26879e+01,5.23596e-01,2.14827e+01,7.63776e+00,2.14511e+01,3.19774e+00,2.56870e+01,1.27940e+00,7.75238e+01,3.51093e+00,1.21252e+00,3.42923e+00,1.36402e+01,3.91337e+00,3.73547e-01,5.76396e+00,6.94074e+00
1.16190e+00,4.74531e+01,2.20465e-01,5.19269e+01,5.43106e-01,3.06496e+01,9.38451e+00,2.10864e+01,3.19663e+00,2.61896e+01,1.21500e+00,7.75532e+01,3.49728e+00,1.21213e+00,3.37444e+00,1.36384e+01,3.90075e+00,3.76505e-01,6.62737e+00,6.91481e+00
1.15894e+00,4.91666e+01,2.22657e-01,5.12162e+01,5.53313e-01,3.04656e+01,1.06882e+01,2.07273e+01,3.19607e+00,2.68401e+01,1.13704e+00,7.76576e+01,3.48404e+00,1.21199e+00,3.17330e+00,1.36056e+01,3.88860e+00,3.79409e-01,6.72478e+00,6.88994e+00
1.15637e+00,5.11117e+01,2.23794e-01,5.05648e+01,5.54098e-01,2.57220e+01,1.13157e+01,2.03751e+01,3.19609e+00,2.77725e+01,1.05761e+00,7.78126e+01,3.47089e+00,1.21221e+00,2.93902e+00,1.35521e+01,3.87711e+00,3.82122e-01,6.30701e+00,6.86582e+00
1.15408e+00,5.32352e+01,2.23717e-01,4.99814e+01,5.49088e-01,2.05195e+01,1.13634e+01,2.00337e+01,3.19655e+00,2.91083e+01,9.85651e-01,7.79811e+01,3.45825e+00,1.21279e+00,2.73652e+00,1.34860e+01,3.86657e+00,3.84450e-01,5.70139e+00,6.84207e+00
1.15200e+00,5.55141e+01,2.22592e-01,4.95001e+01,5.42095e-01,1.62493e+01,1.09852e+01,1.97077e+01,3.19747e+00,3.09053e+01,9.25708e-01,7.81395e+01,3.44615e+00,1.21360e+00,2.58089e+00,1.34111e+01,3.85712e+00,3.86095e-01,5.10499e+00,6.81873e+00
1.15018e+00,5.79504e+01,2.20890e-01,4.91801e+01,5.35438e-01,1.31228e+01,1.05631e+01,1.94030e+01,3.19876e+00,3.31098e+01,8.77457e-01,7.82801e+01,3.43464e+00,1.21443e+00,2.46930e+00,1.33301e+01,3.84883e+00,3.86903e-01,4.60002e+00,6.79568e+00
1.14863e+00,6.04588e+01,2.19003e-01,4.91095e+01,5.29809e-01,1.10630e+01,1.08932e+01,1.91284e+01,3.20040e+00,3.55959e+01,8.38261e-01,7.84061e+01,3.42373e+00,1.21521e+00,2.40251e+00,1.32451e+01,3.84156e+00,3.86831e-01,4.20460e+00,6.77292e+00
1.14742e+00,6.28150e+01,2.17389e-01,4.93498e+01,5.24806e-01,1.00248e+01,1.46893e+01,1.88931e+01,3.20204e+00,3.82796e+01,8.05841e-01,7.85291e+01,3.41348e+00,1.21592e+00,2.39177e+00,1.31566e+01,3.83506e+00,3.85913e-01,3.90831e+00,6.75053e+00
1.14652e+00,6.47539e+01,2.16259e-01,4.98984e+01,5.19619e-01,9.98085e+00,2.79893e+01,1.87029e+01,3.20349e+00,4.11151e+01,7.79930e-01,7.86516e+01,3.40383e+00,1.21658e+00,2.45377e+00,1.30660e+01,3.82905e+00,3.84313e-01,3.69186e+00,6.72848e+00
1.14588e+00,6.61148e+01,2.15781e-01,5.06773e+01,5.13646e-01,1.06858e+01,4.61076e+01,1.85581e+01,3.20450e+00,4.39144e+01,7.63072e-01,7.87732e+01,3.39473e+00,1.21726e+00,2.59882e+00,1.29740e+01,3.82344e+00,3.82286e-01,3.53705e+00,6.70683e+00
1.14544e+00,6.69035e+01,2.15812e-01,5.15461e+01,5.06506e-01,1.15928e+01,5.72376e+01,1.84522e+01,3.20485e+00,4.62925e+01,7.61597e-01,7.88980e+01,3.38612e+00,1.21803e+00,2.81697e+00,1.28813e+01,3.81824e+00,3.80137e-01,3.42945e+00,6.68569e+00
1.14508e+00,6.72514e+01,2.16164e-01,5.23211e+01,4.98247e-01,1.21831e+01,6.10857e+01,1.83718e+01,3.20442e+00,4.79130e+01,7.86343e-01,7.90444e+01,3.37798e+00,1.21894e+00,3.07353e+00,1.27891e+01,3.81350e+00,3.78145e-01,3.35608e+00,6.66507e+00
1.14470e+00,6.73320e+01,2.16450e-01,5.28306e+01,4.89060e-01,1.22556e+01,6.07786e+01,1.83037e+01,3.20315e+00,4.87405e+01,8.50399e-01,7.92477e+01,3.37023e+00,1.21994e+00,3.32209e+00,1.26983e+01,3.80922e+00,3.76575e-01,3.30214e+00,6.64492e+00
1.14423e+00,6.73047e+01,2.16368e-01,5.30002e+01,4.79247e-01,1.18727e+01,5.83357e+01,1.82355e+01,3.20117e+00,4.90263e+01,9.60970e-01,7.95498e+01,3.36279e+00,1.22092e+00,3.52886e+00,1.26091e+01,3.80536e+00,3.75650e-01,3.25176e+00,6.62527e+00
1.14359e+00,6.72827e+01,2.15768e-01,5.29958e+01,4.69062e-01,1.11886e+01,5.48635e+01,1.81635e+01,3.19841e+00,4.90823e+01,1.10896e+00,7.99921e+01,3.35564e+00,1.22181e+00,3.69296e+00,1.25218e+01,3.80176e+00,3.75520e-01,3.19224e+00,6.60626e+00
1.14277e+00,6.73306e+01,2.14530e-01,5.37118e+01,4.58856e-01,1.03490e+01,5.10108e+01,1.80895e+01,3.19518e+00,4.90801e+01,1.26778e+00,8.06048e+01,3.34879e+00,1.22256e+00,3.85918e+00,1.24364e+01,3.79830e+00,3.76309e-01,3.11717e+00,6.58784e+00
1.14173e+00,6.74781e+01,2.12734e-01,5.76616e+01,4.48752e-01,9.45952e+00,4.71643e+01,1.80203e+01,3.19148e+00,4.89819e+01,1.40720e+00,8.14076e+01,3.34217e+00,1.22312e+00,4.12141e+00,1.23532e+01,3.79496e+00,3.78018e-01,3.02686e+00,6.57009e+00
1.14048e+00,6.77330e+01,2.10485e-01,6.74824e+01,4.38959e-01,8.58716e+00,4.35280e+01,1.79640e+01,3.18749e+00,4.86266e+01,1.50944e+00,8.24136e+01,3.33576e+00,1.22344e+00,4.59583e+00,1.22717e+01,3.79165e+00,3.80609e-01,2.92583e+00,6.55306e+00
1.13905e+00,6.80925e+01,2.07924e-01,8.06430e+01,4.29607e-01,7.76949e+00,4.01813e+01,1.79290e+01,3.18330e+00,4.78622e+01,1.57317e+00,8.36320e+01,3.32955e+00,1.22350e+00,5.33091e+00,1.21921e+01,3.78821e+00,3.83960e-01,2.82006e+00,6.53663e+00
1.13740e+00,6.85527e+01,2.05185e-01,9.09501e+01,4.20772e-01,7.02512e+00,3.71265e+01,1.79204e+01,3.17897e+00,4.66350e+01,1.60792e+00,8.50825e+01,3.32350e+00,1.22325e+00,6.20902e+00,1.21143e+01,3.78461e+00,3.87779e-01,2.71518e+00,6.52081e+00
