2.96430e+05,3.15945e+05,2.78924e+05,3.20227e+05,2.73098e+05,3.13062e+05,3.22476e+05,3.22481e+05,3.02025e+05,2.96664e+05,3.12191e+05,2.90617e+05,3.03810e+05,3.05388e+05,3.26294e+05,3.18438e+05,3.02269e+05,3.06265e+05,3.02739e+05,3.08554e+05
1.00000e-02,1.00000e-02,1.00000e-02,1.00000e-02,1.00000e-02,1.00000e-02,1.00000e-02,1.00000e-02,1.00000e-02,1.00000e-02,1.00000e-02,1.00000e-02,1.00000e-02,1.00000e-02,1.00000e-02,1.00000e-02,1.00000e-02,1.00000e-02,1.00000e-02,1.00000e-02
1.67941e-02,1.23627e-02,2.69490e-02,1.64498e-02,2.57088e-02,1.64428e-02,1.72080e-02,2.63908e-02,1.47127e-02,1.22841e-02,1.69377e-02,1.09982e-02,1.72262e-02,1.71587e-02,1.33004e-02,1.57540e-02,1.76177e-02,1.25068e-02,3.24072e-02,1.47495e-02
2.68424e-02,1.35828e-02,4.71623e-02,2.88751e-02,4.23690e-02,2.47423e-02,3.07614e-02,4.02063e-02,2.22897e-02,1.53537e-02,2.85819e-02,1.20175e-02,2.38031e-02,2.43268e-02,1.49567e-02,2.43127e-02,2.57944e-02,1.44404e-02,7.08737e-02,2.02718e-02
3.33910e-02,1.43095e-02,6.86130e-02,4.09944e-02,6.33813e-02,3.45250e-02,4.57306e-02,4.78960e-02,3.27881e-02,2.11193e-02,3.99142e-02,1.30743e-02,2.84180e-02,3.43823e-02,1.59694e-02,3.73679e-02,3.26107e-02,1.87997e-02,9.89491e-02,2.65846e-02
3.68010e-02,1.51084e-02,8.87460e-02,4.84113e-02,8.78377e-02,4.47237e-02,5.75836e-02,5.02391e-02,4.37717e-02,3.24616e-02,4.81792e-02,1.42056e-02,3.31280e-02,4.69216e-02,1.71753e-02,5.20860e-02,3.84326e-02,2.57940e-02,1.19728e-01,3.31018e-02
3.98057e-02,1.65396e-02,1.08017e-01,5.23299e-02,1.12477e-01,5.50096e-02,6.53920e-02,5.09398e-02,5.41910e-02,5.63953e-02,5.36291e-02,1.54561e-02,4.00921e-02,5.95234e-02,1.89447e-02,6.76484e-02,4.44963e-02,3.36597e-02,1.39715e-01,4.03255e-02
4.45066e-02,1.92730e-02,1.27737e-01,5.49782e-02,1.36150e-01,6.64821e-02,7.07144e-02,5.22990e-02,6.37913e-02,1.06433e-01,5.73147e-02,1.68788e-02,4.87469e-02,7.07154e-02,2.14683e-02,8.43344e-02,5.02487e-02,4.09412e-02,1.61054e-01,4.93091e-02
5.23075e-02,2.40773e-02,1.47660e-01,5.79153e-02,1.58840e-01,8.09804e-02,7.54061e-02,5.50179e-02,7.26370e-02,1.88730e-01,5.99023e-02,1.85358e-02,5.63107e-02,8.07502e-02,2.46891e-02,1.01749e-01,5.44612e-02,4.71450e-02,1.83505e-01,6.05511e-02
6.42436e-02,3.16290e-02,1.65485e-01,6.19699e-02,1.80984e-01,9.98464e-02,8.08216e-02,5.86173e-02,8.09666e-02,2.87376e-01,6.15729e-02,2.04984e-02,6.07042e-02,9.10720e-02,2.82955e-02,1.19151e-01,5.67421e-02,5.25695e-02,2.07090e-01,7.40058e-02
8.09231e-02,4.25110e-02,1.78274e-01,6.74051e-02,2.03644e-01,1.23230e-01,8.75985e-02,6.23087e-02,8.92696e-02,3.75823e-01,6.25994e-02,2.28474e-02,6.17120e-02,1.03191e-01,3.19626e-02,1.35886e-01,5.76999e-02,5.78806e-02,2.32234e-01,8.89384e-02
1.02968e-01,5.67043e-02,1.84377e-01,7.39958e-02,2.27853e-01,1.50127e-01,9.54435e-02,6.54032e-02,9.80167e-02,4.37954e-01,6.34296e-02,2.56737e-02,6.03055e-02,1.17974e-01,3.54023e-02,1.50985e-01,5.82568e-02,6.40409e-02,2.59014e-01,1.04315e-01
1.30652e-01,7.33333e-02,1.84051e-01,8.12332e-02,2.53686e-01,1.78476e-01,1.03244e-01,6.77403e-02,1.07768e-01,4.72739e-01,6.45146e-02,2.91036e-02,5.78728e-02,1.35674e-01,3.85739e-02,1.63972e-01,5.91650e-02,7.21268e-02,2.86842e-01,1.18929e-01
1.63637e-01,9.10123e-02,1.78637e-01,8.88001e-02,2.80373e-01,2.05705e-01,1.10265e-01,6.93238e-02,1.19174e-01,4.87565e-01,6.61503e-02,3.33086e-02,5.54137e-02,1.55666e-01,4.15986e-02,1.74708e-01,6.08852e-02,8.26328e-02,3.15042e-01,1.32144e-01
2.01563e-01,1.08194e-01,1.70025e-01,9.65890e-02,3.06250e-01,2.29122e-01,1.16275e-01,7.04237e-02,1.32946e-01,4.91404e-01,6.83812e-02,3.84742e-02,5.36940e-02,1.76599e-01,4.46766e-02,1.83582e-01,6.37272e-02,9.49003e-02,3.42817e-01,1.43712e-01
2.44453e-01,1.23660e-01,1.59955e-01,1.04767e-01,3.29130e-01,2.46784e-01,1.21735e-01,7.12506e-02,1.49880e-01,4.91484e-01,7.10250e-02,4.48022e-02,5.34005e-02,1.97122e-01,4.79978e-02,1.91564e-01,6.79041e-02,1.07267e-01,3.69936e-01,1.53827e-01
2.92899e-01,1.36755e-01,1.49608e-01,1.13710e-01,3.47066e-01,2.57785e-01,1.27348e-01,7.19789e-02,1.70730e-01,4.92379e-01,7.37805e-02,5.24886e-02,5.51659e-02,2.16261e-01,5.17048e-02,1.99952e-01,7.35045e-02,1.17731e-01,3.96246e-01,1.62802e-01
3.47157e-01,1.47219e-01,1.39835e-01,1.23734e-01,3.59306e-01,2.62370e-01,1.33625e-01,7.27862e-02,1.95949e-01,4.96330e-01,7.63397e-02,6.17243e-02,6.00027e-02,2.33688e-01,5.58601e-02,2.09894e-01,8.03625e-02,1.25018e-01,4.21747e-01,1.71494e-01
4.05964e-01,1.55167e-01,1.30981e-01,1.35169e-01,3.66002e-01,2.61422e-01,1.40554e-01,7.37267e-02,2.25505e-01,5.03834e-01,7.84626e-02,7.26961e-02,6.92941e-02,2.49553e-01,6.04235e-02,2.22298e-01,8.80834e-02,1.28743e-01,4.46339e-01,1.80670e-01
4.65887e-01,1.60918e-01,1.23352e-01,1.48208e-01,3.68001e-01,2.56243e-01,1.47703e-01,7.48156e-02,2.58408e-01,5.14360e-01,8.00953e-02,8.55961e-02,8.45788e-02,2.64072e-01,6.52982e-02,2.37728e-01,9.61156e-02,1.29267e-01,4.69967e-01,1.90772e-01
5.21887e-01,1.64924e-01,1.16850e-01,1.62996e-01,3.66274e-01,2.48202e-01,1.54332e-01,7.61385e-02,2.93017e-01,5.26818e-01,8.12664e-02,1.00631e-01,1.06762e-01,2.77421e-01,7.03909e-02,2.56369e-01,1.03896e-01,1.27395e-01,4.92467e-01,2.01995e-01
5.69444e-01,1.67691e-01,1.11501e-01,1.79647e-01,3.61648e-01,2.38505e-01,1.59870e-01,7.77103e-02,3.27171e-01,5.39966e-01,8.20410e-02,1.18032e-01,1.35330e-01,2.89494e-01,7.55482e-02,2.78197e-01,1.11072e-01,1.23997e-01,5.13784e-01,2.14320e-01
6.05853e-01,1.69699e-01,1.07088e-01,1.98126e-01,3.54739e-01,2.28191e-01,1.64110e-01,7.94970e-02,3.58852e-01,5.52676e-01,8.25789e-02,1.38066e-01,1.67862e-01,3.00267e-01,8.06816e-02,3.02908e-01,1.17575e-01,1.19865e-01,5.33993e-01,2.27322e-01
6.30911e-01,1.71381e-01,1.03425e-01,2.18404e-01,3.46020e-01,2.17962e-01,1.67115e-01,8.16353e-02,3.86472e-01,5.64140e-01,8.29718e-02,1.61040e-01,2.01155e-01,3.09571e-01,8.57847e-02,3.29947e-01,1.23480e-01,1.15625e-01,5.53388e-01,2.40717e-01
6.46417e-01,1.73007e-01,1.00306e-01,2.40424e-01,3.35863e-01,2.08374e-01,1.69156e-01,8.42389e-02,4.09108e-01,5.73918e-01,8.33117e-02,1.87271e-01,2.32330e-01,3.17433e-01,9.09221e-02,3.58350e-01,1.29175e-01,1.11795e-01,5.72430e-01,2.54257e-01
6.55033e-01,1.74816e-01,9.76064e-02,2.63977e-01,3.24629e-01,1.99789e-01,1.70526e-01,8.74363e-02,4.26592e-01,5.81871e-01,8.36869e-02,2.17064e-01,2.59677e-01,3.24171e-01,9.62236e-02,3.86893e-01,1.35120e-01,1.08774e-01,5.91093e-01,2.67676e-01
6.59196e-01,1.76897e-01,9.51143e-02,2.88933e-01,3.12743e-01,1.92380e-01,1.71667e-01,9.13352e-02,4.39246e-01,5.88249e-01,8.41406e-02,2.50649e-01,2.82728e-01,3.30173e-01,1.01915e-01,4.14284e-01,1.41868e-01,1.06911e-01,6.09128e-01,2.80974e-01
6.60925e-01,1.79195e-01,9.27914e-02,3.15031e-01,3.00580e-01,1.86239e-01,1.72882e-01,9.61235e-02,4.47813e-01,5.93464e-01,8.47160e-02,2.88057e-01,3.02029e-01,3.36061e-01,1.08289e-01,4.39591e-01,1.49924e-01,1.06522e-01,6.26166e-01,2.94333e-01
6.61468e-01,1.81703e-01,9.05535e-02,3.42141e-01,2.88522e-01,1.81491e-01,1.74471e-01,1.01875e-01,4.53275e-01,5.98137e-01,8.54322e-02,3.29124e-01,3.18445e-01,3.42361e-01,1.15691e-01,4.62234e-01,1.59664e-01,1.07827e-01,6.41559e-01,3.08130e-01
6.61499e-01,1.84372e-01,8.83683e-02,3.70049e-01,2.76730e-01,1.78107e-01,1.76630e-01,1.08543e-01,4.56651e-01,6.02946e-01,8.62914e-02,3.73463e-01,3.33038e-01,3.49475e-01,1.24448e-01,4.82200e-01,1.71326e-01,1.11103e-01,6.55153e-01,3.22887e-01
6.61128e-01,1.87192e-01,8.62965e-02,3.98588e-01,2.65512e-01,1.76131e-01,1.79476e-01,1.16223e-01,4.58899e-01,6.08582e-01,8.73048e-02,4.20482e-01,3.46787e-01,3.57568e-01,1.34954e-01,4.99950e-01,1.84814e-01,1.16454e-01,6.67015e-01,3.39382e-01
6.60223e-01,1.90197e-01,8.43142e-02,4.27624e-01,2.54982e-01,1.75602e-01,1.83057e-01,1.24735e-01,4.60934e-01,6.15755e-01,8.84716e-02,4.69416e-01,3.60507e-01,3.66710e-01,1.47466e-01,5.16288e-01,1.99766e-01,1.23767e-01,6.77438e-01,3.58443e-01
6.58571e-01,1.93440e-01,8.24337e-02,4.56980e-01,2.45172e-01,1.76527e-01,1.87464e-01,1.33941e-01,4.63530e-01,6.25123e-01,8.97621e-02,5.19407e-01,3.74722e-01,3.76689e-01,1.62113e-01,5.32339e-01,2.15600e-01,1.32756e-01,6.87290e-01,3.81047e-01
6.56056e-01,1.97083e-01,8.06645e-02,4.86607e-01,2.36184e-01,1.79058e-01,1.92667e-01,1.43745e-01,4.67310e-01,6.37284e-01,9.12123e-02,5.69639e-01,3.89781e-01,3.87253e-01,1.78911e-01,5.49334e-01,2.31601e-01,1.42943e-01,6.97340e-01,4.08201e-01
6.52634e-01,2.01343e-01,7.90324e-02,5.16371e-01,2.28121e-01,1.83290e-01,1.98541e-01,1.53969e-01,4.72637e-01,6.52743e-01,9.28699e-02,6.19380e-01,4.05838e-01,3.97962e-01,1.97718e-01,5.68620e-01,2.47054e-01,1.53644e-01,7.08704e-01,4.40818e-01
6.48542e-01,2.06486e-01,7.75058e-02,5.46370e-01,2.20882e-01,1.89433e-01,2.04964e-01,1.64532e-01,4.79718e-01,6.71905e-01,9.46866e-02,6.68056e-01,4.22929e-01,4.08592e-01,2.18261e-01,5.91506e-01,2.61495e-01,1.64115e-01,7.22204e-01,4.79348e-01
6.43986e-01,2.12711e-01,7.61396e-02,5.76628e-01,2.14489e-01,1.97681e-01,2.11685e-01,1.75230e-01,4.88445e-01,6.94999e-01,9.67430e-02,7.15275e-01,4.41090e-01,4.18934e-01,2.40349e-01,6.18991e-01,2.74583e-01,1.73645e-01,7.38719e-01,5.23626e-01
6.39459e-01,2.20329e-01,7.49531e-02,6.07305e-01,2.08846e-01,2.08169e-01,2.18598e-01,1.86051e-01,4.98612e-01,7.22232e-01,9.91074e-02,7.60834e-01,4.60137e-01,4.29018e-01,2.63807e-01,6.51442e-01,2.86153e-01,1.81761e-01,7.58599e-01,5.73052e-01
6.35424e-01,2.29469e-01,7.38542e-02,6.38440e-01,2.03977e-01,2.21007e-01,2.25630e-01,1.96923e-01,5.09960e-01,7.53533e-01,1.01857e-01,8.04733e-01,4.80056e-01,4.39201e-01,2.88552e-01,6.88678e-01,2.96177e-01,1.88081e-01,7.82143e-01,6.26446e-01
6.32360e-01,2.40271e-01,7.28868e-02,6.70136e-01,1.99710e-01,2.36190e-01,2.32738e-01,2.07842e-01,5.22205e-01,7.88852e-01,1.05165e-01,8.47082e-01,5.00960e-01,4.50335e-01,3.14558e-01,7.29508e-01,3.04772e-01,1.92440e-01,8.09241e-01,6.82283e-01
6.30777e-01,2.52670e-01,7.20832e-02,7.02450e-01,1.96075e-01,2.53449e-01,2.40048e-01,2.18784e-01,5.35323e-01,8.27843e-01,1.09123e-01,8.88121e-01,5.23011e-01,4.63590e-01,3.41769e-01,7.72081e-01,3.12059e-01,1.94892e-01,8.39639e-01,7.38959e-01
6.31044e-01,2.66514e-01,7.13914e-02,7.35394e-01,1.93042e-01,2.72302e-01,2.47772e-01,2.29693e-01,5.49393e-01,8.70261e-01,1.13888e-01,9.28208e-01,5.46556e-01,4.80466e-01,3.70052e-01,8.14203e-01,3.18143e-01,1.95644e-01,8.72636e-01,7.94868e-01
6.33399e-01,2.81451e-01,7.07998e-02,7.68854e-01,1.90529e-01,2.92139e-01,2.56221e-01,2.40641e-01,5.64830e-01,9.15552e-01,1.19562e-01,9.67734e-01,5.72185e-01,5.02627e-01,3.99039e-01,8.53793e-01,3.23257e-01,1.94942e-01,9.07480e-01,8.48797e-01
6.38019e-01,2.97074e-01,7.03210e-02,8.02793e-01,1.88451e-01,3.12343e-01,2.65693e-01,2.51649e-01,5.82084e-01,9.63358e-01,1.26183e-01,1.00707e+00,6.00868e-01,5.31468e-01,4.28284e-01,8.89212e-01,3.27508e-01,1.93076e-01,9.43601e-01,8.99543e-01
6.44698e-01,3.12876e-01,6.99353e-02,8.37003e-01,1.86792e-01,3.32303e-01,2.76554e-01,2.62707e-01,6.01674e-01,1.01304e+00,1.33684e-01,1.04662e+00,6.33666e-01,5.67318e-01,4.57232e-01,9.19462e-01,3.31079e-01,1.90338e-01,9.80251e-01,9.46141e-01
6.53011e-01,3.28416e-01,6.96423e-02,8.71284e-01,1.85530e-01,3.51595e-01,2.89130e-01,2.73769e-01,6.23971e-01,1.06415e+00,1.41873e-01,1.08673e+00,6.71660e-01,6.09149e-01,4.85238e-01,9.44270e-01,3.34047e-01,1.86924e-01,1.01680e+00,9.87990e-01
6.62408e-01,3.43281e-01,6.94133e-02,9.05315e-01,1.84526e-01,3.69998e-01,3.03639e-01,2.84867e-01,6.49336e-01,1.11610e+00,1.50475e-01,1.12775e+00,7.15970e-01,6.54210e-01,5.11997e-01,9.63770e-01,3.36542e-01,1.83124e-01,1.05258e+00,1.02468e+00
6.72203e-01,3.57149e-01,6.92676e-02,9.38841e-01,1.83807e-01,3.87527e-01,3.20237e-01,2.96060e-01,6.77584e-01,1.16850e+00,1.59059e-01,1.16997e+00,7.66983e-01,6.98867e-01,5.37080e-01,9.78636e-01,3.38680e-01,1.79081e-01,1.08749e+00,1.05596e+00
6.81626e-01,3.69827e-01,6.91721e-02,9.71525e-01,1.83319e-01,4.04260e-01,3.38918e-01,3.07393e-01,7.08399e-01,1.22087e+00,1.67286e-01,1.21363e+00,8.24703e-01,7.39470e-01,5.60363e-01,9.89476e-01,3.40465e-01,1.74947e-01,1.12112e+00,1.08185e+00
6.89971e-01,3.81212e-01,6.91475e-02,1.00309e+00,1.83085e-01,4.20435e-01,3.59592e-01,3.18985e-01,7.41199e-01,1.27285e+00,1.74836e-01,1.25890e+00,8.87893e-01,7.73164e-01,5.81824e-01,9.97012e-01,3.42065e-01,1.70823e-01,1.15327e+00,1.10242e+00
6.96743e-01,3.91345e-01,6.91279e-02,1.03323e+00,1.83003e-01,4.36191e-01,3.81923e-01,3.30858e-01,7.75165e-01,1.32412e+00,1.81467e-01,1.30591e+00,9.54700e-01,7.98487e-01,6.01288e-01,1.00206e+00,3.43500e-01,1.66791e-01,1.18413e+00,1.11804e+00
7.01498e-01,4.00287e-01,6.90836e-02,1.06165e+00,1.83053e-01,4.51505e-01,4.05556e-01,3.43377e-01,8.09458e-01,1.37449e+00,1.87065e-01,1.35471e+00,1.02261e+00,8.15152e-01,6.18790e-01,1.00520e+00,3.44907e-01,1.62917e-01,1.21328e+00,1.12899e+00
7.04104e-01,4.08196e-01,6.91096e-02,1.08837e+00,1.83229e-01,4.66392e-01,4.29880e-01,3.56407e-01,8.43272e-01,1.42382e+00,1.91589e-01,1.40529e+00,1.08900e+00,8.23945e-01,6.34220e-01,1.00705e+00,3.46329e-01,1.59234e-01,1.24086e+00,1.13588e+00
7.04477e-01,4.15222e-01,6.91610e-02,1.11325e+00,1.83533e-01,4.80627e-01,4.54330e-01,3.70141e-01,8.75961e-01,1.47202e+00,1.95110e-01,1.45755e+00,1.15140e+00,8.25961e-01,6.47481e-01,1.00803e+00,3.47870e-01,1.55755e-01,1.26657e+00,1.13916e+00
7.02821e-01,4.21528e-01,6.92335e-02,1.13635e+00,1.83877e-01,4.93948e-01,4.78131e-01,3.84646e-01,9.07047e-01,1.51923e+00,1.97733e-01,1.51132e+00,1.20798e+00,8.22552e-01,6.58375e-01,1.00868e+00,3.49616e-01,1.52530e-01,1.29015e+00,1.13943e+00
6.99235e-01,4.27349e-01,6.93101e-02,1.15782e+00,1.84311e-01,5.06103e-01,5.00810e-01,3.99976e-01,9.36196e-01,1.56544e+00,1.99637e-01,1.56631e+00,1.25755e+00,8.15033e-01,6.66902e-01,1.00942e+00,3.51663e-01,1.49515e-01,1.31156e+00,1.13738e+00
6.94086e-01,4.32799e-01,6.93872e-02,1.17800e+00,1.84784e-01,5.16912e-01,5.21772e-01,4.16075e-01,9.63196e-01,1.61080e+00,2.00998e-01,1.62226e+00,1.29976e+00,8.04487e-01,6.72890e-01,1.01062e+00,3.54076e-01,1.46782e-01,1.33048e+00,1.13353e+00
6.87689e-01,4.38091e-01,6.94691e-02,1.19714e+00,1.85287e-01,5.26262e-01,5.40767e-01,4.32880e-01,9.88074e-01,1.65545e+00,2.02048e-01,1.67884e+00,1.33435e+00,7.91908e-01,6.76383e-01,1.01249e+00,3.56962e-01,1.44256e-01,1.34689e+00,1.12844e+00
6.80280e-01,4.43342e-01,6.95713e-02,1.21568e+00,1.85848e-01,5.34250e-01,5.57680e-01,4.50320e-01,1.01080e+00,1.69932e+00,2.02975e-01,1.73564e+00,1.36174e+00,7.77952e-01,6.77522e-01,1.01527e+00,3.60408e-01,1.42017e-01,1.36043e+00,1.12269e+00
6.72088e-01,4.48685e-01,6.97057e-02,1.23407e+00,1.86392e-01,5.41063e-01,5.72496e-01,4.68160e-01,1.03140e+00,1.74237e+00,2.04009e-01,1.79218e+00,1.38263e+00,7.63231e-01,6.76414e-01,1.01907e+00,3.64435e-01,1.39954e-01,1.37110e+00,1.11679e+00
6.63477e-01,4.54213e-01,6.98617e-02,1.25275e+00,1.86932e-01,5.46963e-01,5.85354e-01,4.86310e-01,1.05008e+00,1.78422e+00,2.05326e-01,1.84811e+00,1.39772e+00,7.48207e-01,6.73224e-01,1.02396e+00,3.69096e-01,1.38106e-01,1.37879e+00,1.11111e+00
6.54657e-01,4.60031e-01,7.00100e-02,1.27222e+00,1.87530e-01,5.52113e-01,5.96529e-01,5.04650e-01,1.06682e+00,1.82463e+00,2.07081e-01,1.90303e+00,1.40783e+00,7.33254e-01,6.68211e-01,1.02992e+00,3.74418e-01,1.36423e-01,1.38347e+00,1.10596e+00
6.45746e-01,4.66223e-01,7.01890e-02,1.29294e+00,1.88114e-01,5.56863e-01,6.06507e-01,5.23078e-01,1.08198e+00,1.86313e+00,2.09457e-01,1.95660e+00,1.41369e+00,7.18569e-01,6.61632e-01,1.03671e+00,3.80421e-01,1.34920e-01,1.38535e+00,1.10144e+00
6.36915e-01,4.72872e-01,7.03492e-02,1.31546e+00,1.88666e-01,5.61422e-01,6.15537e-01,5.41577e-01,1.09558e+00,1.89923e+00,2.12696e-01,2.00852e+00,1.41620e+00,7.04320e-01,6.53765e-01,1.04428e+00,3.87120e-01,1.33621e-01,1.38459e+00,1.09771e+00
6.28259e-01,4.80140e-01,7.05121e-02,1.34029e+00,1.89157e-01,5.65896e-01,6.24074e-01,5.60216e-01,1.10789e+00,1.93252e+00,2.16827e-01,2.05854e+00,1.41608e+00,6.90618e-01,6.44842e-01,1.05238e+00,3.94487e-01,1.32463e-01,1.38131e+00,1.09480e+00
6.19911e-01,4.88014e-01,7.06319e-02,1.36792e+00,1.89611e-01,5.70435e-01,6.32411e-01,5.79071e-01,1.11901e+00,1.96258e+00,2.22010e-01,2.10652e+00,1.41376e+00,6.77490e-01,6.35185e-01,1.06086e+00,4.02505e-01,1.31495e-01,1.37578e+00,1.09251e+00
6.11941e-01,4.96660e-01,7.07618e-02,1.39889e+00,1.90107e-01,5.74976e-01,6.40799e-01,5.98294e-01,1.12928e+00,1.98917e+00,2.28175e-01,2.15239e+00,1.41012e+00,6.65063e-01,6.24867e-01,1.06944e+00,4.11019e-01,1.30653e-01,1.36834e+00,1.09079e+00
6.04300e-01,5.06274e-01,7.09117e-02,1.43365e+00,1.90600e-01,5.79512e-01,6.49459e-01,6.18200e-01,1.13885e+00,2.01209e+00,2.35329e-01,2.19611e+00,1.40548e+00,6.53318e-01,6.14223e-01,1.07794e+00,4.19991e-01,1.29967e-01,1.35933e+00,1.08937e+00
5.97128e-01,5.17067e-01,7.10531e-02,1.47256e+00,1.91110e-01,5.83750e-01,6.58609e-01,6.39320e-01,1.14802e+00,2.03143e+00,2.43304e-01,2.23775e+00,1.40020e+00,6.42346e-01,6.03398e-01,1.08624e+00,4.29366e-01,1.29395e-01,1.34914e+00,1.08807e+00
5.90448e-01,5.29218e-01,7.12161e-02,1.51584e+00,1.91620e-01,5.87726e-01,6.68248e-01,6.61931e-01,1.15694e+00,2.04731e+00,2.51954e-01,2.27754e+00,1.39482e+00,6.32126e-01,5.92491e-01,1.09429e+00,4.39050e-01,1.28949e-01,1.33796e+00,1.08672e+00
5.84232e-01,5.42946e-01,7.13938e-02,1.56362e+00,1.92018e-01,5.91185e-01,6.78384e-01,6.86702e-01,1.16578e+00,2.05988e+00,2.61019e-01,2.31564e+00,1.38948e+00,6.22604e-01,5.81635e-01,1.10203e+00,4.49030e-01,1.28598e-01,1.32616e+00,1.08504e+00
5.78499e-01,5.58552e-01,7.16005e-02,1.61587e+00,1.92426e-01,5.94006e-01,6.89057e-01,7.14234e-01,1.17488e+00,2.06964e+00,2.70229e-01,2.35233e+00,1.38446e+00,6.13804e-01,5.71034e-01,1.10945e+00,4.59281e-01,1.28336e-01,1.31408e+00,1.08288e+00
5.73241e-01,5.76279e-01,7.18128e-02,1.67230e+00,1.92840e-01,5.96140e-01,7.00151e-01,7.44960e-01,1.18439e+00,2.07699e+00,2.79335e-01,2.38795e+00,1.37978e+00,6.05703e-01,5.60716e-01,1.11677e+00,4.69793e-01,1.28155e-01,1.30191e+00,1.08038e+00
5.68442e-01,5.96470e-01,7.20127e-02,1.73235e+00,1.93256e-01,5.97515e-01,7.11473e-01,7.79531e-01,1.19444e+00,2.08233e+00,2.88121e-01,2.42286e+00,1.37563e+00,5.98326e-01,5.50725e-01,1.12406e+00,4.80745e-01,1.28032e-01,1.28979e+00,1.07734e+00
5.64123e-01,6.19225e-01,7.22444e-02,1.79541e+00,1.93624e-01,5.98097e-01,7.22886e-01,8.18166e-01,1.20519e+00,2.08630e+00,2.96411e-01,2.45740e+00,1.37200e+00,5.91544e-01,5.41112e-01,1.13155e+00,4.92323e-01,1.27969e-01,1.27793e+00,1.07383e+00
5.60271e-01,6.44813e-01,7.24087e-02,1.86060e+00,1.94007e-01,5.97935e-01,7.34393e-01,8.61218e-01,1.21665e+00,2.08930e+00,3.04030e-01,2.49195e+00,1.36892e+00,5.85430e-01,5.31971e-01,1.13955e+00,5.04731e-01,1.27951e-01,1.26667e+00,1.06982e+00
5.56788e-01,6.73262e-01,7.25520e-02,1.92700e+00,1.94364e-01,5.97073e-01,7.45704e-01,9.08389e-01,1.22895e+00,2.09200e+00,3.10917e-01,2.52692e+00,1.36629e+00,5.79924e-01,5.23250e-01,1.14829e+00,5.18202e-01,1.27963e-01,1.25601e+00,1.06536e+00
5.53679e-01,7.04544e-01,7.26716e-02,1.99376e+00,1.94682e-01,5.95561e-01,7.56987e-01,9.59139e-01,1.24180e+00,2.09489e+00,3.17043e-01,2.56264e+00,1.36418e+00,5.74988e-01,5.15040e-01,1.15812e+00,5.33091e-01,1.28063e-01,1.24604e+00,1.06056e+00
5.51042e-01,7.38578e-01,7.27652e-02,2.06035e+00,1.94983e-01,5.93450e-01,7.68065e-01,1.01259e+00,1.25532e+00,2.09857e+00,3.22401e-01,2.59951e+00,1.36254e+00,5.70525e-01,5.07292e-01,1.16941e+00,5.49763e-01,1.28163e-01,1.23698e+00,1.05554e+00
5.48689e-01,7.74995e-01,7.28583e-02,2.12622e+00,1.95225e-01,5.90888e-01,7.79031e-01,1.06747e+00,1.26921e+00,2.10364e+00,3.26986e-01,2.63782e+00,1.36102e+00,5.66696e-01,5.00057e-01,1.18253e+00,5.68529e-01,1.28323e-01,1.22895e+00,1.05042e+00
5.46667e-01,8.13507e-01,7.29323e-02,2.19125e+00,1.95477e-01,5.87931e-01,7.90084e-01,1.12237e+00,1.28323e+00,2.11061e+00,3.30864e-01,2.67780e+00,1.35981e+00,5.63336e-01,4.93321e-01,1.19784e+00,5.89700e-01,1.28511e-01,1.22189e+00,1.04516e+00
5.44994e-01,8.53463e-01,7.30289e-02,2.25544e+00,1.95712e-01,5.84630e-01,8.01359e-01,1.17581e+00,1.29704e+00,2.12018e+00,3.34064e-01,2.71962e+00,1.35871e+00,5.60405e-01,4.87071e-01,1.21572e+00,6.13572e-01,1.28663e-01,1.21592e+00,1.03996e+00
5.43504e-01,8.94268e-01,7.31200e-02,2.31917e+00,1.95973e-01,5.81123e-01,8.13098e-01,1.22652e+00,1.31036e+00,2.13276e+00,3.36675e-01,2.76347e+00,1.35773e+00,5.57907e-01,4.81291e-01,1.23649e+00,6.40316e-01,1.28840e-01,1.21097e+00,1.03482e+00
5.42338e-01,9.35321e-01,7.32077e-02,2.38286e+00,1.96248e-01,5.77393e-01,8.25641e-01,1.27339e+00,1.32286e+00,2.14915e+00,3.38728e-01,2.80942e+00,1.35674e+00,5.55809e-01,4.75988e-01,1.26069e+00,6.70154e-01,1.29023e-01,1.20715e+00,1.03001e+00
5.41389e-01,9.75826e-01,7.32904e-02,2.44711e+00,1.96486e-01,5.73611e-01,8.39394e-01,1.31568e+00,1.33425e+00,2.16963e+00,3.40314e-01,2.85752e+00,1.35590e+00,5.54085e-01,4.71157e-01,1.28859e+00,7.03086e-01,1.29204e-01,1.20424e+00,1.02536e+00
5.40663e-01,1.01510e+00,7.33829e-02,2.51245e+00,1.96685e-01,5.69701e-01,8.54711e-01,1.35293e+00,1.34434e+00,2.19487e+00,3.41381e-01,2.90769e+00,1.35506e+00,5.52671e-01,4.66748e-01,1.32052e+00,7.39155e-01,1.29401e-01,1.20242e+00,1.02101e+00
5.40100e-01,1.05260e+00,7.34550e-02,2.57953e+00,1.96855e-01,5.65741e-01,8.71942e-01,1.38484e+00,1.35293e+00,2.22507e+00,3.42080e-01,2.95980e+00,1.35420e+00,5.51584e-01,4.62762e-01,1.35678e+00,7.78389e-01,1.29603e-01,1.20149e+00,1.01706e+00
5.39724e-01,1.08775e+00,7.35121e-02,2.64883e+00,1.97031e-01,5.61793e-01,8.91436e-01,1.41161e+00,1.35978e+00,2.26060e+00,3.42309e-01,3.01378e+00,1.35342e+00,5.50753e-01,4.59196e-01,1.39734e+00,8.20945e-01,1.29799e-01,1.20129e+00,1.01354e+00
5.39544e-01,1.12021e+00,7.35255e-02,2.72066e+00,1.97184e-01,5.57901e-01,9.13445e-01,1.43331e+00,1.36508e+00,2.30160e+00,3.42187e-01,3.06936e+00,1.35279e+00,5.50147e-01,4.55985e-01,1.44248e+00,8.67177e-01,1.30017e-01,1.20186e+00,1.01050e+00
5.39454e-01,1.14957e+00,7.35964e-02,2.79517e+00,1.97299e-01,5.54036e-01,9.38134e-01,1.45039e+00,1.36866e+00,2.34792e+00,3.41680e-01,3.12616e+00,1.35227e+00,5.49708e-01,4.53155e-01,1.49200e+00,9.17523e-01,1.30207e-01,1.20313e+00,1.00798e+00
5.39535e-01,1.17574e+00,7.36687e-02,2.87248e+00,1.97433e-01,5.50291e-01,9.65508e-01,1.46324e+00,1.37059e+00,2.39951e+00,3.40870e-01,3.18391e+00,1.35196e+00,5.49562e-01,4.50678e-01,1.54552e+00,9.72566e-01,1.30372e-01,1.20479e+00,1.00601e+00
5.39707e-01,1.19856e+00,7.37313e-02,2.95257e+00,1.97490e-01,5.46652e-01,9.95318e-01,1.47228e+00,1.37098e+00,2.45580e+00,3.39744e-01,3.24229e+00,1.35176e+00,5.49519e-01,4.48501e-01,1.60261e+00,1.03279e+00,1.30532e-01,1.20692e+00,1.00466e+00
5.39907e-01,1.21811e+00,7.37884e-02,3.03508e+00,1.97539e-01,5.43111e-01,1.02718e+00,1.47808e+00,1.37000e+00,2.51630e+00,3.38336e-01,3.30092e+00,1.35176e+00,5.49621e-01,4.46618e-01,1.66239e+00,1.09846e+00,1.30704e-01,1.20920e+00,1.00401e+00
5.40169e-01,1.23447e+00,7.38238e-02,3.11986e+00,1.97640e-01,5.39699e-01,1.06052e+00,1.48107e+00,1.36780e+00,2.58039e+00,3.36688e-01,3.35945e+00,1.35214e+00,5.49910e-01,4.45034e-01,1.72402e+00,1.16951e+00,1.30875e-01,1.21160e+00,1.00413e+00
5.40568e-01,1.24782e+00,7.38452e-02,3.20673e+00,1.98028e-01,5.36375e-01,1.09465e+00,1.48170e+00,1.36457e+00,2.64734e+00,3.34849e-01,3.41751e+00,1.35266e+00,5.50301e-01,4.43669e-01,1.78641e+00,1.24509e+00,1.31057e-01,1.21408e+00,1.00515e+00
5.41039e-01,1.25839e+00,7.38805e-02,3.29554e+00,1.98155e-01,5.33172e-01,1.12879e+00,1.48028e+00,1.36042e+00,2.71656e+00,3.32794e-01,3.47475e+00,1.35347e+00,5.50795e-01,4.42538e-01,1.84823e+00,1.32392e+00,1.31237e-01,1.21638e+00,1.00705e+00
5.41631e-01,1.26632e+00,7.39220e-02,3.38592e+00,1.98127e-01,5.30139e-01,1.16213e+00,1.47725e+00,1.35558e+00,2.78727e+00,3.30597e-01,3.53085e+00,1.35444e+00,5.51305e-01,4.41660e-01,1.90839e+00,1.40427e+00,1.31412e-01,1.21844e+00,1.01000e+00
5.42177e-01,1.27199e+00,7.39536e-02,3.47796e+00,1.98060e-01,5.27219e-01,1.19410e+00,1.47305e+00,1.35022e+00,2.85898e+00,3.28270e-01,3.58553e+00,1.35568e+00,5.51864e-01,4.40922e-01,1.96577e+00,1.48410e+00,1.31583e-01,1.22016e+00,1.01408e+00
5.42762e-01,1.27565e+00,7.39525e-02,3.57180e+00,1.98036e-01,5.24456e-01,1.22420e+00,1.46780e+00,1.34439e+00,2.93122e+00,3.25809e-01,3.63858e+00,1.35704e+00,5.52523e-01,4.40365e-01,2.01938e+00,1.56150e+00,1.31716e-01,1.22169e+00,1.01952e+00
5.43423e-01,1.27761e+00,7.39790e-02,3.66729e+00,1.98034e-01,5.21842e-01,1.25204e+00,1.46195e+00,1.33836e+00,3.00374e+00,3.23328e-01,3.68969e+00,1.35858e+00,5.53235e-01,4.39950e-01,2.06872e+00,1.63480e+00,1.31861e-01,1.22290e+00,1.02646e+00
5.44065e-01,1.27808e+00,7.40368e-02,3.76430e+00,1.98027e-01,5.19411e-01,1.27741e+00,1.45571e+00,1.33215e+00,3.07632e+00,3.20782e-01,3.73865e+00,1.36012e+00,5.53945e-01,4.39667e-01,2.11319e+00,1.70263e+00,1.32015e-01,1.22378e+00,1.03505e+00
5.44680e-01,1.27736e+00,7.40404e-02,3.86281e+00,1.98022e-01,5.17121e-01,1.30015e+00,1.44931e+00,1.32587e+00,3.14894e+00,3.18202e-01,3.78546e+00,1.36183e+00,5.54682e-01,4.39557e-01,2.15272e+00,1.76393e+00,1.32161e-01,1.22416e+00,1.04546e+00
5.45284e-01,1.27564e+00,7.40626e-02,3.96240e+00,1.98055e-01,5.14979e-01,1.32040e+00,1.44306e+00,1.31966e+00,3.22159e+00,3.15591e-01,3.83011e+00,1.36335e+00,5.55418e-01,4.39521e-01,2.18736e+00,1.81820e+00,1.32301e-01,1.22423e+00,1.05781e+00
5.45909e-01,1.27324e+00,7.40846e-02,4.06261e+00,1.98138e-01,5.13030e-01,1.33818e+00,1.43715e+00,1.31352e+00,3.29443e+00,3.13025e-01,3.87254e+00,1.36477e+00,5.56208e-01,4.39578e-01,2.21701e+00,1.86507e+00,1.32426e-01,1.22389e+00,1.07232e+00
5.46492e-01,1.27032e+00,7.40815e-02,4.16277e+00,1.98270e-01,5.11229e-01,1.35365e+00,1.43169e+00,1.30755e+00,3.36763e+00,3.10507e-01,3.91273e+00,1.36614e+00,5.56987e-01,4.39705e-01,2.24225e+00,1.90464e+00,1.32530e-01,1.22311e+00,1.08919e+00
5.47112e-01,1.26709e+00,7.41230e-02,4.26187e+00,1.98472e-01,5.09537e-01,1.36703e+00,1.42700e+00,1.30182e+00,3.44124e+00,3.08041e-01,3.95081e+00,1.36732e+00,5.57772e-01,4.39918e-01,2.26325e+00,1.93712e+00,1.32629e-01,1.22211e+00,1.10863e+00
5.47728e-01,1.26377e+00,7.41629e-02,4.35913e+00,1.98717e-01,5.07976e-01,1.37850e+00,1.42320e+00,1.29635e+00,3.51546e+00,3.05646e-01,3.98696e+00,1.36826e+00,5.58575e-01,4.40188e-01,2.28070e+00,1.96294e+00,1.32742e-01,1.22084e+00,1.13072e+00
5.48313e-01,1.26061e+00,7.41860e-02,4.45359e+00,1.98955e-01,5.06563e-01,1.38822e+00,1.42049e+00,1.29112e+00,3.59026e+00,3.03343e-01,4.02125e+00,1.36906e+00,5.59356e-01,4.40456e-01,2.29487e+00,1.98274e+00,1.32818e-01,1.21940e+00,1.15559e+00
5.48839e-01,1.25772e+00,7.41861e-02,4.54438e+00,1.99181e-01,5.05306e-01,1.39636e+00,1.41899e+00,1.28613e+00,3.66578e+00,3.01124e-01,4.05389e+00,1.36969e+00,5.60114e-01,4.40772e-01,2.30630e+00,1.99727e+00,1.32861e-01,1.21774e+00,1.18345e+00
5.49387e-01,1.25532e+00,7.41733e-02,4.63076e+00,1.99358e-01,5.04130e-01,1.40305e+00,1.41890e+00,1.28155e+00,3.74186e+00,2.98979e-01,4.08524e+00,1.37011e+00,5.60837e-01,4.41084e-01,2.31552e+00,2.00724e+00,1.32944e-01,1.21593e+00,1.21429e+00
5.49929e-01,1.25366e+00,7.41728e-02,4.71208e+00,1.99438e-01,5.03123e-01,1.40846e+00,1.42026e+00,1.27723e+00,3.81840e+00,2.96938e-01,4.11559e+00,1.37026e+00,5.61532e-01,4.41450e-01,2.32284e+00,2.01335e+00,1.33046e-01,1.21403e+00,1.24799e+00
5.50407e-01,1.25291e+00,7.41532e-02,4.78799e+00,1.99450e-01,5.02168e-01,1.41259e+00,1.42321e+00,1.27322e+00,3.89522e+00,2.94928e-01,4.14523e+00,1.37017e+00,5.62202e-01,4.41845e-01,2.32879e+00,2.01625e+00,1.33122e-01,1.21206e+00,1.28451e+00
5.50924e-01,1.25328e+00,7.41531e-02,4.85797e+00,1.99388e-01,5.01313e-01,1.41557e+00,1.42778e+00,1.26954e+00,3.97198e+00,2.92990e-01,4.17453e+00,1.36991e+00,5.62846e-01,4.42210e-01,2.33389e+00,2.01655e+00,1.33167e-01,1.21008e+00,1.32349e+00
5.51494e-01,1.25511e+00,7.41431e-02,4.92163e+00,1.99241e-01,5.00586e-01,1.41745e+00,1.43402e+00,1.26619e+00,4.04845e+00,2.91145e-01,4.20387e+00,1.36940e+00,5.63459e-01,4.42582e-01,2.33845e+00,2.01479e+00,1.33194e-01,1.20808e+00,1.36460e+00
5.52065e-01,1.25864e+00,7.41037e-02,4.97865e+00,1.99017e-01,4.99953e-01,1.41824e+00,1.44184e+00,1.26316e+00,4.12437e+00,2.89414e-01,4.23363e+00,1.36876e+00,5.64058e-01,4.42953e-01,2.34298e+00,2.01148e+00,1.33218e-01,1.20594e+00,1.40738e+00
5.52687e-01,1.26429e+00,7.40843e-02,5.02922e+00,1.98762e-01,4.99449e-01,1.41808e+00,1.45120e+00,1.26043e+00,4.19952e+00,2.87793e-01,4.26427e+00,1.36797e+00,5.64635e-01,4.43337e-01,2.34797e+00,2.00708e+00,1.33240e-01,1.20381e+00,1.45118e+00
5.53360e-01,1.27237e+00,7.40810e-02,5.07322e+00,1.98502e-01,4.98975e-01,1.41700e+00,1.46183e+00,1.25801e+00,4.27370e+00,2.86292e-01,4.29620e+00,1.36701e+00,5.65178e-01,4.43711e-01,2.35384e+00,2.00181e+00,1.33254e-01,1.20182e+00,1.49549e+00
5.54148e-01,1.28333e+00,7.40571e-02,5.11085e+00,1.98232e-01,4.98609e-01,1.41515e+00,1.47354e+00,1.25583e+00,4.34671e+00,2.84914e-01,4.32981e+00,1.36597e+00,5.65690e-01,4.44102e-01,2.36101e+00,1.99579e+00,1.33252e-01,1.19992e+00,1.53951e+00
5.55076e-01,1.29767e+00,7.40625e-02,5.14233e+00,1.97940e-01,4.98233e-01,1.41252e+00,1.48618e+00,1.25395e+00,4.41858e+00,2.83664e-01,4.36557e+00,1.36485e+00,5.66146e-01,4.44573e-01,2.36995e+00,1.98925e+00,1.33238e-01,1.19808e+00,1.58268e+00
5.56201e-01,1.31583e+00,7.40337e-02,5.16802e+00,1.97698e-01,4.97935e-01,1.40919e+00,1.49959e+00,1.25234e+00,4.48929e+00,2.82487e-01,4.40394e+00,1.36370e+00,5.66573e-01,4.45042e-01,2.38122e+00,1.98230e+00,1.33253e-01,1.19628e+00,1.62449e+00
5.57573e-01,1.33839e+00,7.39860e-02,5.18835e+00,1.97453e-01,4.97656e-01,1.40522e+00,1.51355e+00,1.25094e+00,4.55906e+00,2.81422e-01,4.44519e+00,1.36250e+00,5.66988e-01,4.45461e-01,2.39513e+00,1.97494e+00,1.33278e-01,1.19452e+00,1.66453e+00
5.59243e-01,1.36582e+00,7.39375e-02,5.20382e+00,1.97182e-01,4.97466e-01,1.40068e+00,1.52779e+00,1.24984e+00,4.62814e+00,2.80470e-01,4.48981e+00,1.36130e+00,5.67337e-01,4.45881e-01,2.41215e+00,1.96722e+00,1.33300e-01,1.19302e+00,1.70244e+00
5.61271e-01,1.39852e+00,7.39119e-02,5.21509e+00,1.96916e-01,4.97306e-01,1.39571e+00,1.54202e+00,1.24888e+00,4.69692e+00,2.79543e-01,4.53813e+00,1.36010e+00,5.67624e-01,4.46317e-01,2.43252e+00,1.95924e+00,1.33309e-01,1.19159e+00,1.73806e+00
5.63707e-01,1.43693e+00,7.38974e-02,5.22275e+00,1.96635e-01,4.97261e-01,1.39034e+00,1.55624e+00,1.24808e+00,4.76588e+00,2.78696e-01,4.59041e+00,1.35896e+00,5.67859e-01,4.46730e-01,2.45664e+00,1.95093e+00,1.33296e-01,1.19026e+00,1.77117e+00
5.66722e-01,1.48116e+00,7.38585e-02,5.22717e+00,1.96372e-01,4.97231e-01,1.38464e+00,1.57019e+00,1.24747e+00,4.83561e+00,2.77935e-01,4.64702e+00,1.35783e+00,5.68110e-01,4.47120e-01,2.48437e+00,1.94238e+00,1.33256e-01,1.18889e+00,1.80199e+00
5.70321e-01,1.53133e+00,7.37971e-02,5.22908e+00,1.96138e-01,4.97268e-01,1.37866e+00,1.58391e+00,1.24698e+00,4.90669e+00,2.77281e-01,4.70816e+00,1.35676e+00,5.68385e-01,4.47516e-01,2.51571e+00,1.93358e+00,1.33201e-01,1.18762e+00,1.83059e+00
5.74607e-01,1.58725e+00,7.37676e-02,5.22906e+00,1.95937e-01,4.97272e-01,1.37248e+00,1.59728e+00,1.24669e+00,4.97969e+00,2.76737e-01,4.77402e+00,1.35570e+00,5.68693e-01,4.47866e-01,2.55029e+00,1.92451e+00,1.33159e-01,1.18645e+00,1.85708e+00
5.79609e-01,1.64860e+00,7.37398e-02,5.22768e+00,1.95744e-01,4.97264e-01,1.36616e+00,1.61033e+00,1.24644e+00,5.05533e+00,2.76239e-01,4.84486e+00,1.35469e+00,5.68989e-01,4.48209e-01,2.58749e+00,1.91515e+00,1.33127e-01,1.18545e+00,1.88184e+00
5.85321e-01,1.71461e+00,7.37188e-02,5.22527e+00,1.95511e-01,4.97291e-01,1.35981e+00,1.62324e+00,1.24636e+00,5.13409e+00,2.75837e-01,4.92063e+00,1.35376e+00,5.69263e-01,4.48565e-01,2.62681e+00,1.90557e+00,1.33095e-01,1.18450e+00,1.90530e+00
5.91656e-01,1.78457e+00,7.37066e-02,5.22222e+00,1.95288e-01,4.97350e-01,1.35341e+00,1.63607e+00,1.24638e+00,5.21653e+00,2.75444e-01,5.00131e+00,1.35290e+00,5.69518e-01,4.48920e-01,2.66726e+00,1.89589e+00,1.33034e-01,1.18369e+00,1.92779e+00
5.98542e-01,1.85760e+00,7.36621e-02,5.21914e+00,1.95099e-01,4.97385e-01,1.34694e+00,1.64888e+00,1.24647e+00,5.30299e+00,2.75069e-01,5.08707e+00,1.35216e+00,5.69763e-01,4.49250e-01,2.70809e+00,1.88614e+00,1.32960e-01,1.18296e+00,1.94966e+00
6.05764e-01,1.93259e+00,7.35937e-02,5.21646e+00,1.94949e-01,4.97443e-01,1.34050e+00,1.66191e+00,1.24662e+00,5.39376e+00,2.74738e-01,5.17770e+00,1.35144e+00,5.69978e-01,4.49564e-01,2.74822e+00,1.87632e+00,1.32915e-01,1.18231e+00,1.97144e+00
6.13096e-01,2.00857e+00,7.35500e-02,5.21451e+00,1.94802e-01,4.97489e-01,1.33416e+00,1.67535e+00,1.24684e+00,5.48879e+00,2.74477e-01,5.27296e+00,1.35081e+00,5.70168e-01,4.49884e-01,2.78693e+00,1.86646e+00,1.32879e-01,1.18168e+00,1.99368e+00
6.20270e-01,2.08476e+00,7.34853e-02,5.21371e+00,1.94634e-01,4.97577e-01,1.32791e+00,1.68949e+00,1.24707e+00,5.58810e+00,2.74293e-01,5.37265e+00,1.35028e+00,5.70327e-01,4.50201e-01,2.82342e+00,1.85670e+00,1.32839e-01,1.18114e+00,2.01675e+00
6.27006e-01,2.16032e+00,7.34098e-02,5.21445e+00,1.94434e-01,4.97662e-01,1.32176e+00,1.70451e+00,1.24734e+00,5.69115e+00,2.74158e-01,5.47651e+00,1.34982e+00,5.70460e-01,4.50513e-01,2.85715e+00,1.84709e+00,1.32773e-01,1.18060e+00,2.04124e+00
6.33073e-01,2.23458e+00,7.33443e-02,5.21722e+00,1.94217e-01,4.97733e-01,1.31577e+00,1.72075e+00,1.24767e+00,5.79779e+00,2.74069e-01,5.58458e+00,1.34944e+00,5.70597e-01,4.50790e-01,2.88790e+00,1.83768e+00,1.32675e-01,1.18007e+00,2.06776e+00
6.38260e-01,2.30726e+00,7.39514e-02,5.22219e+00,1.95059e-01,4.97816e-01,1.30996e+00,1.73852e+00,1.24845e+00,5.90684e+00,2.74028e-01,5.69545e+00,1.34913e+00,5.70716e-01,4.51052e-01,2.91515e+00,1.82851e+00,1.33236e-01,1.17957e+00,2.09678e+00
6.42397e-01,2.37861e+00,7.51264e-02,5.22984e+00,1.96058e-01,4.97852e-01,1.30432e+00,1.75818e+00,1.24930e+00,6.01879e+00,2.74015e-01,5.80970e+00,1.34884e+00,5.70791e-01,4.51310e-01,2.93911e+00,1.81954e+00,1.33374e-01,1.17911e+00,2.12864e+00
6.45374e-01,2.44705e+00,7.66903e-02,5.24059e+00,1.96927e-01,4.97887e-01,1.29887e+00,1.77996e+00,1.25087e+00,6.13261e+00,2.74020e-01,5.92576e+00,1.34863e+00,5.70818e-01,4.51547e-01,2.95957e+00,1.81086e+00,1.33516e-01,1.17875e+00,2.16386e+00
6.47209e-01,2.51347e+00,7.84555e-02,5.25480e+00,1.98332e-01,4.97960e-01,1.29363e+00,1.80436e+00,1.25333e+00,6.24632e+00,2.74032e-01,6.04353e+00,1.34853e+00,5.71642e-01,4.51760e-01,2.97681e+00,1.80254e+00,1.33815e-01,1.17843e+00,2.20265e+00
6.47859e-01,2.57807e+00,7.99394e-02,5.27281e+00,1.99928e-01,4.98040e-01,1.28863e+00,1.83154e+00,1.25576e+00,6.36021e+00,2.74042e-01,6.16242e+00,1.34846e+00,5.72142e-01,4.51948e-01,2.99115e+00,1.79456e+00,1.34233e-01,1.17814e+00,2.24496e+00
6.47427e-01,2.64101e+00,8.10369e-02,5.29496e+00,2.01546e-01,4.98099e-01,1.28385e+00,1.86185e+00,1.25813e+00,6.47283e+00,2.74064e-01,6.28185e+00,1.34844e+00,5.72488e-01,4.52125e-01,3.00270e+00,1.78695e+00,1.34737e-01,1.17779e+00,2.29088e+00
6.46068e-01,2.70247e+00,8.18394e-02,5.32159e+00,2.03293e-01,4.98149e-01,1.27931e+00,1.89552e+00,1.26052e+00,6.58261e+00,2.74092e-01,6.40131e+00,1.34850e+00,5.72920e-01,4.52306e-01,3.01190e+00,1.77973e+00,1.35256e-01,1.17745e+00,2.33982e+00
6.43811e-01,2.76247e+00,8.24017e-02,5.35314e+00,2.05051e-01,4.98206e-01,1.27496e+00,1.93294e+00,1.26272e+00,6.68847e+00,2.74134e-01,6.52039e+00,1.34864e+00,5.73437e-01,4.52489e-01,3.01905e+00,1.77303e+00,1.35735e-01,1.17713e+00,2.39134e+00
6.40862e-01,2.82109e+00,8.27483e-02,5.38987e+00,2.06623e-01,4.98259e-01,1.27082e+00,1.97382e+00,1.26485e+00,6.78991e+00,2.74205e-01,6.63856e+00,1.34885e+00,5.73963e-01,4.52663e-01,3.02427e+00,1.76672e+00,1.36154e-01,1.17686e+00,2.44449e+00
6.37392e-01,2.87834e+00,8.29609e-02,5.43185e+00,2.07948e-01,4.98305e-01,1.26694e+00,2.01834e+00,1.26667e+00,6.88644e+00,2.74272e-01,6.75542e+00,1.34920e+00,5.74446e-01,4.52829e-01,3.02792e+00,1.76087e+00,1.36532e-01,1.17658e+00,2.49833e+00
6.33492e-01,2.93433e+00,8.30234e-02,5.47927e+00,2.09805e-01,4.98335e-01,1.26324e+00,2.06614e+00,1.26905e+00,6.97768e+00,2.74333e-01,6.87075e+00,1.34960e+00,5.74876e-01,4.52985e-01,3.03041e+00,1.75551e+00,1.36848e-01,1.17628e+00,2.55192e+00
6.29255e-01,2.98921e+00,8.29477e-02,5.53214e+00,2.11310e-01,4.98335e-01,1.25976e+00,2.11699e+00,1.27184e+00,7.06365e+00,2.74409e-01,6.98445e+00,1.35001e+00,5.75262e-01,4.53131e-01,3.03178e+00,1.75142e+00,1.37627e-01,1.17594e+00,2.60397e+00
6.24852e-01,3.04306e+00,8.27784e-02,5.59008e+00,2.12821e-01,4.98308e-01,1.25650e+00,2.17031e+00,1.27522e+00,7.14386e+00,2.74504e-01,7.09635e+00,1.35036e+00,5.75635e-01,4.53256e-01,3.03212e+00,1.74729e+00,1.37983e-01,1.17564e+00,2.65376e+00
6.20354e-01,3.09604e+00,8.24928e-02,5.65281e+00,2.14636e-01,4.98280e-01,1.25349e+00,2.22571e+00,1.27911e+00,7.21874e+00,2.74587e-01,7.20623e+00,1.35067e+00,5.76023e-01,4.53352e-01,3.03168e+00,1.74340e+00,1.38226e-01,1.17539e+00,2.70050e+00
6.15819e-01,3.14820e+00,8.20855e-02,5.72002e+00,2.16772e-01,4.98257e-01,1.25069e+00,2.28269e+00,1.28321e+00,7.28821e+00,2.74657e-01,7.31419e+00,1.35092e+00,5.76395e-01,4.53424e-01,3.03067e+00,1.73975e+00,1.38462e-01,1.17508e+00,2.74346e+00
6.11359e-01,3.19968e+00,8.15784e-02,5.79096e+00,2.19369e-01,4.98218e-01,1.24812e+00,2.34034e+00,1.28744e+00,7.35263e+00,2.74711e-01,7.42051e+00,1.35105e+00,5.76708e-01,4.53461e-01,3.02917e+00,1.73638e+00,1.38665e-01,1.17472e+00,2.78228e+00
6.07020e-01,3.25068e+00,8.10244e-02,5.86486e+00,2.22569e-01,4.98164e-01,1.24576e+00,2.39816e+00,1.29167e+00,7.41249e+00,2.74753e-01,7.52541e+00,1.35115e+00,5.76959e-01,4.53464e-01,3.02737e+00,1.73344e+00,1.38807e-01,1.17435e+00,2.81685e+00
6.02850e-01,3.30136e+00,8.04012e-02,5.94111e+00,2.26237e-01,4.98120e-01,1.24356e+00,2.45566e+00,1.29600e+00,7.46803e+00,2.74807e-01,7.62926e+00,1.35123e+00,5.77162e-01,4.53449e-01,3.02526e+00,1.73076e+00,1.38833e-01,1.17393e+00,2.84706e+00
5.98901e-01,3.35189e+00,7.97663e-02,6.01900e+00,2.30022e-01,4.98090e-01,1.24152e+00,2.51246e+00,1.30058e+00,7.51934e+00,2.74907e-01,7.73244e+00,1.35129e+00,5.77318e-01,4.53391e-01,3.02290e+00,1.72843e+00,1.38786e-01,1.17351e+00,2.87307e+00
5.95204e-01,3.40250e+00,7.91484e-02,6.09762e+00,2.33313e-01,4.98061e-01,1.23966e+00,2.56823e+00,1.30544e+00,7.56717e+00,2.74977e-01,7.83544e+00,1.35131e+00,5.77416e-01,4.53294e-01,3.02033e+00,1.72650e+00,1.38686e-01,1.17312e+00,2.89519e+00
5.91746e-01,3.45334e+00,7.85458e-02,6.17646e+00,2.35801e-01,4.98003e-01,1.23793e+00,2.62282e+00,1.31056e+00,7.61144e+00,2.75018e-01,7.93874e+00,1.35131e+00,5.77467e-01,4.53186e-01,3.01756e+00,1.72496e+00,1.38546e-01,1.17274e+00,2.91353e+00
5.88535e-01,3.50464e+00,7.79917e-02,6.25455e+00,2.37281e-01,4.97930e-01,1.23635e+00,2.67615e+00,1.31573e+00,7.65266e+00,2.75064e-01,8.04282e+00,1.35129e+00,5.77460e-01,4.53083e-01,3.01462e+00,1.72371e+00,1.38421e-01,1.17235e+00,2.92862e+00
5.85642e-01,3.55662e+00,7.74952e-02,6.33176e+00,2.37823e-01,4.97855e-01,1.23495e+00,2.72824e+00,1.32082e+00,7.69116e+00,2.75105e-01,8.14820e+00,1.35122e+00,5.77370e-01,4.52948e-01,3.01152e+00,1.72273e+00,1.38297e-01,1.17199e+00,2.94080e+00
5.82995e-01,3.60951e+00,7.70412e-02,6.40771e+00,2.37681e-01,4.97771e-01,1.23368e+00,2.77927e+00,1.32569e+00,7.72699e+00,2.75146e-01,8.25524e+00,1.35110e+00,5.77217e-01,4.52789e-01,3.00831e+00,1.72204e+00,1.38200e-01,1.17168e+00,2.95038e+00
5.80615e-01,3.66353e+00,7.66367e-02,6.48211e+00,2.37111e-01,4.97663e-01,1.23256e+00,2.82957e+00,1.33024e+00,7.76078e+00,2.75155e-01,8.36423e+00,1.35093e+00,5.77008e-01,4.52618e-01,3.00497e+00,1.72158e+00,1.38144e-01,1.17130e+00,2.95790e+00
5.78496e-01,3.71891e+00,7.62826e-02,6.55520e+00,2.36272e-01,4.97534e-01,1.23154e+00,2.87935e+00,1.33437e+00,7.79241e+00,2.75163e-01,8.47557e+00,1.35069e+00,5.76727e-01,4.52427e-01,3.00160e+00,1.72132e+00,1.38122e-01,1.17087e+00,2.96348e+00
5.76578e-01,3.77588e+00,7.59493e-02,6.62710e+00,2.35239e-01,4.97391e-01,1.23065e+00,2.92911e+00,1.33800e+00,7.82255e+00,2.75184e-01,8.58951e+00,1.35040e+00,5.76366e-01,4.52240e-01,2.99821e+00,1.72126e+00,1.38110e-01,1.17042e+00,2.96764e+00
5.74869e-01,3.83475e+00,7.56322e-02,6.69805e+00,2.34018e-01,4.97232e-01,1.22985e+00,2.97920e+00,1.34098e+00,7.85108e+00,2.75194e-01,8.70620e+00,1.35006e+00,5.75942e-01,4.52062e-01,2.99486e+00,1.72136e+00,1.38144e-01,1.16992e+00,2.97051e+00
5.73334e-01,3.89575e+00,7.53482e-02,6.76838e+00,2.32533e-01,4.97058e-01,1.22913e+00,3.02985e+00,1.34348e+00,7.87862e+00,2.75207e-01,8.82590e+00,1.34967e+00,5.75443e-01,4.51884e-01,2.99146e+00,1.72164e+00,1.38203e-01,1.16938e+00,2.97233e+00
5.72029e-01,3.95915e+00,7.50783e-02,6.83802e+00,2.30794e-01,4.96888e-01,1.22853e+00,3.08156e+00,1.34537e+00,7.90490e+00,2.75227e-01,8.94854e+00,1.34926e+00,5.74901e-01,4.51712e-01,2.98814e+00,1.72210e+00,1.38244e-01,1.16882e+00,2.97334e+00
5.70838e-01,4.02521e+00,7.48111e-02,6.90766e+00,2.28806e-01,4.96712e-01,1.22800e+00,3.13458e+00,1.34679e+00,7.93066e+00,2.75260e-01,9.07417e+00,1.34887e+00,5.74305e-01,4.51553e-01,2.98491e+00,1.72268e+00,1.38333e-01,1.16831e+00,2.97375e+00
5.69790e-01,4.09408e+00,7.45290e-02,6.97738e+00,2.26568e-01,4.96544e-01,1.22755e+00,3.18894e+00,1.34768e+00,7.95567e+00,2.75305e-01,9.20284e+00,1.34843e+00,5.73679e-01,4.51389e-01,2.98182e+00,1.72333e+00,1.38457e-01,1.16777e+00,2.97365e+00
5.68870e-01,4.16604e+00,7.42548e-02,7.04733e+00,2.24121e-01,4.96391e-01,1.22718e+00,3.24494e+00,1.34817e+00,7.98036e+00,2.75351e-01,9.33427e+00,1.34792e+00,5.73031e-01,4.51214e-01,2.97893e+00,1.72403e+00,1.38615e-01,1.16723e+00,2.97323e+00
5.67994e-01,4.24122e+00,7.39982e-02,7.11752e+00,2.21542e-01,4.96261e-01,1.22687e+00,3.30261e+00,1.34823e+00,8.00477e+00,2.75393e-01,9.46818e+00,1.34743e+00,5.72352e-01,4.51046e-01,2.97626e+00,1.72478e+00,1.38844e-01,1.16671e+00,2.97246e+00
5.67185e-01,4.31968e+00,7.37467e-02,7.18788e+00,2.18891e-01,4.96121e-01,1.22663e+00,3.36176e+00,1.34796e+00,8.02912e+00,2.75407e-01,9.60458e+00,1.34694e+00,5.71668e-01,4.50861e-01,2.97386e+00,1.72556e+00,1.39112e-01,1.16623e+00,2.97151e+00
5.66398e-01,4.40166e+00,7.35070e-02,7.25832e+00,2.16200e-01,4.95940e-01,1.22645e+00,3.42226e+00,1.34735e+00,8.05358e+00,2.75393e-01,9.74315e+00,1.34638e+00,5.70980e-01,4.50670e-01,2.97186e+00,1.72634e+00,1.39429e-01,1.16578e+00,2.97041e+00
5.65599e-01,4.48711e+00,7.32788e-02,7.32859e+00,2.13539e-01,4.95742e-01,1.22629e+00,3.48364e+00,1.34650e+00,8.07821e+00,2.75368e-01,9.88345e+00,1.34578e+00,5.70294e-01,4.50483e-01,2.97024e+00,1.72708e+00,1.39775e-01,1.16543e+00,2.96932e+00
5.64794e-01,4.57631e+00,7.30813e-02,7.39859e+00,2.10998e-01,4.95526e-01,1.22617e+00,3.54573e+00,1.34537e+00,8.10307e+00,2.75345e-01,1.00251e+01,1.34516e+00,5.69627e-01,4.50297e-01,2.96918e+00,1.72782e+00,1.40138e-01,1.16512e+00,2.96820e+00
5.63992e-01,4.66908e+00,7.28958e-02,7.46815e+00,2.08557e-01,4.95296e-01,1.22607e+00,3.60812e+00,1.34403e+00,8.12818e+00,2.75318e-01,1.01681e+01,1.34451e+00,5.68981e-01,4.50110e-01,2.96869e+00,1.72852e+00,1.40495e-01,1.16491e+00,2.96710e+00
5.63159e-01,4.76552e+00,7.27093e-02,7.53705e+00,2.06243e-01,4.95050e-01,1.22601e+00,3.66991e+00,1.34250e+00,8.15358e+00,2.75289e-01,1.03118e+01,1.34384e+00,5.68342e-01,4.49904e-01,2.96890e+00,1.72919e+00,1.40837e-01,1.16486e+00,2.96611e+00
5.62264e-01,4.86559e+00,7.25031e-02,7.60525e+00,2.04078e-01,4.94772e-01,1.22597e+00,3.73086e+00,1.34085e+00,8.17926e+00,2.75248e-01,1.04557e+01,1.34316e+00,5.67763e-01,4.49678e-01,2.96998e+00,1.72985e+00,1.41150e-01,1.16488e+00,2.96514e+00
5.61390e-01,4.96914e+00,7.23069e-02,7.67276e+00,2.02112e-01,4.94509e-01,1.22595e+00,3.79043e+00,1.33913e+00,8.20509e+00,2.75215e-01,1.05994e+01,1.34243e+00,5.67255e-01,4.49468e-01,2.97198e+00,1.73043e+00,1.41413e-01,1.16499e+00,2.96419e+00
5.60484e-01,5.07590e+00,7.21277e-02,7.73947e+00,2.00321e-01,4.94235e-01,1.22592e+00,3.84804e+00,1.33737e+00,8.23109e+00,2.75193e-01,1.07426e+01,1.34170e+00,5.66796e-01,4.49259e-01,2.97495e+00,1.73096e+00,1.41613e-01,1.16518e+00,2.96335e+00
5.59552e-01,5.18568e+00,7.19536e-02,7.80589e+00,1.98671e-01,4.93980e-01,1.22594e+00,3.90329e+00,1.33558e+00,8.25716e+00,2.75153e-01,1.08846e+01,1.34095e+00,5.66399e-01,4.49043e-01,2.97913e+00,1.73149e+00,1.41749e-01,1.16542e+00,2.96259e+00
5.58643e-01,5.29820e+00,7.17704e-02,7.87225e+00,1.97165e-01,4.93734e-01,1.22599e+00,3.95581e+00,1.33382e+00,8.28317e+00,2.75083e-01,1.10250e+01,1.34021e+00,5.66062e-01,4.48819e-01,2.98478e+00,1.73201e+00,1.41794e-01,1.16568e+00,2.96189e+00
5.57726e-01,5.41292e+00,7.16111e-02,7.93895e+00,1.95824e-01,4.93466e-01,1.22598e+00,4.00517e+00,1.33209e+00,8.30891e+00,2.75000e-01,1.11634e+01,1.33941e+00,5.65778e-01,4.48595e-01,2.99198e+00,1.73256e+00,1.41753e-01,1.16598e+00,2.96131e+00
5.56829e-01,5.52942e+00,7.14624e-02,8.00657e+00,1.94593e-01,4.93170e-01,1.22597e+00,4.05152e+00,1.33036e+00,8.33428e+00,2.74904e-01,1.12993e+01,1.33860e+00,5.65544e-01,4.48376e-01,3.00082e+00,1.73314e+00,1.41649e-01,1.16623e+00,2.96077e+00
5.55948e-01,5.64702e+00,7.13271e-02,8.07555e+00,1.93502e-01,4.92867e-01,1.22597e+00,4.09429e+00,1.32866e+00,8.35910e+00,2.74813e-01,1.14326e+01,1.33779e+00,5.65361e-01,4.48165e-01,3.01156e+00,1.73381e+00,1.41450e-01,1.16640e+00,2.96033e+00
5.55082e-01,5.76522e+00,7.12259e-02,8.14639e+00,1.92502e-01,4.92594e-01,1.22598e+00,4.13348e+00,1.32698e+00,8.38324e+00,2.74723e-01,1.15625e+01,1.33696e+00,5.65203e-01,4.47954e-01,3.02446e+00,1.73456e+00,1.41164e-01,1.16643e+00,2.95993e+00
5.54251e-01,5.88322e+00,7.12154e-02,8.21974e+00,1.93007e-01,4.92358e-01,1.22602e+00,4.16924e+00,1.32527e+00,8.40644e+00,2.74636e-01,1.16890e+01,1.33617e+00,5.65076e-01,4.47734e-01,3.03979e+00,1.73536e+00,1.40772e-01,1.16635e+00,2.95963e+00
5.53429e-01,6.00028e+00,8.17769e-02,8.29614e+00,2.23036e-01,4.92115e-01,1.22603e+00,4.20159e+00,1.32357e+00,8.42858e+00,2.74573e-01,1.18119e+01,1.33542e+00,5.64961e-01,4.47504e-01,3.05748e+00,1.73627e+00,1.40296e-01,1.16616e+00,2.95938e+00
5.52627e-01,6.11568e+00,1.47316e-01,8.37575e+00,7.20558e-01,4.91859e-01,1.22601e+00,4.23056e+00,1.32185e+00,8.45155e+00,2.74517e-01,1.19312e+01,1.33467e+00,5.64871e-01,4.47259e-01,3.07782e+00,1.73730e+00,1.39763e-01,1.16584e+00,2.95918e+00
5.51863e-01,6.23337e+00,3.03387e-01,8.46064e+00,4.32924e+00,4.97017e-01,1.23142e+00,4.25880e+00,1.32008e+00,8.47511e+00,2.75039e-01,1.20484e+01,1.33392e+00,5.64848e-01,4.51008e-01,3.10098e+00,1.73842e+00,1.39166e-01,1.16537e+00,2.95902e+00
5.51093e-01,6.35592e+00,5.09911e-01,8.56010e+00,1.35475e+01,5.18686e-01,1.28611e+00,4.30102e+00,1.32072e+00,8.50390e+00,2.79455e-01,1.21630e+01,1.33318e+00,5.65006e-01,4.56834e-01,3.12683e+00,1.74118e+00,1.38617e-01,1.17838e+00,2.95886e+00
5.53781e-01,6.47199e+00,7.40879e-01,8.67699e+00,2.28881e+01,5.50233e-01,1.85834e+00,4.34952e+00,1.32543e+00,8.53727e+00,2.86505e-01,1.22744e+01,1.33329e+00,5.68672e-01,4.60370e-01,3.15896e+00,1.74730e+00,1.41169e-01,1.19671e+00,2.96376e+00
5.57633e-01,6.57565e+00,1.06399e+00,8.80867e+00,3.30229e+01,6.02774e-01,2.50120e+00,4.38073e+00,1.32984e+00,8.57692e+00,2.94968e-01,1.23836e+01,1.33751e+00,5.74544e-01,4.63761e-01,3.19748e+00,1.75418e+00,1.42230e-01,1.22067e+00,2.97572e+00
5.60957e-01,6.67944e+00,1.50069e+00,8.93371e+00,5.12574e+01,6.63820e-01,2.62130e+00,4.40342e+00,1.33408e+00,8.62104e+00,3.01146e-01,1.24907e+01,1.34268e+00,5.80110e-01,4.68601e-01,3.24226e+00,1.76076e+00,1.43590e-01,1.24091e+00,2.98971e+00
5.62708e-01,6.78283e+00,1.86238e+00,9.04920e+00,7.90319e+01,7.14855e-01,2.61521e+00,4.42058e+00,1.33878e+00,8.66699e+00,3.05026e-01,1.25957e+01,1.34782e+00,5.85916e-01,4.74456e-01,3.29558e+00,1.76620e+00,1.46742e-01,1.25713e+00,3.01414e+00
5.64118e-01,6.88296e+00,2.01944e+00,9.16563e+00,9.08332e+01,7.60324e-01,2.62329e+00,4.43156e+00,1.34318e+00,8.71269e+00,3.07745e-01,1.26995e+01,1.35608e+00,5.92401e-01,4.80414e-01,3.35712e+00,1.77068e+00,1.52707e-01,1.27095e+00,3.04839e+00
5.66745e-01,6.97762e+00,1.97499e+00,9.29086e+00,8.42915e+01,8.35553e-01,2.67073e+00,4.43802e+00,1.34668e+00,8.75639e+00,3.10038e-01,1.28027e+01,1.36467e+00,5.99206e-01,4.85889e-01,3.42441e+00,1.77462e+00,1.62579e-01,1.28383e+00,3.08258e+00
5.71243e-01,7.07251e+00,1.79480e+00,9.42876e+00,6.97670e+01,1.00117e+00,2.73975e+00,4.44206e+00,1.34951e+00,8.79533e+00,3.12495e-01,1.29086e+01,1.36985e+00,6.05862e-01,4.90941e-01,3.50059e+00,1.77827e+00,1.78016e-01,1.29620e+00,3.10921e+00
5.77525e-01,7.15756e+00,1.55495e+00,9.58239e+00,5.45345e+01,1.35046e+00,2.78226e+00,4.44477e+00,1.35228e+00,8.82827e+00,3.17452e-01,1.30150e+01,1.37176e+00,6.12032e-01,4.98955e-01,3.58824e+00,1.78183e+00,2.15798e-01,1.30842e+00,3.12783e+00
5.85038e-01,7.23642e+00,1.31135e+00,9.75621e+00,4.16081e+01,1.91324e+00,2.79185e+00,4.44873e+00,1.35548e+00,8.85738e+00,3.32196e-01,1.31237e+01,1.37231e+00,6.18093e-01,5.06697e-01,3.68266e+00,1.78532e+00,1.93671e+00,1.32038e+00,3.14303e+00
5.93169e-01,7.55620e+00,1.09319e+00,9.97559e+00,3.15748e+01,2.59672e+00,2.86685e+00,4.46167e+00,1.35973e+00,8.88999e+00,3.66444e-01,1.32385e+01,1.37338e+00,6.24787e-01,5.14894e-01,3.77368e+00,1.78891e+00,1.36891e+01,1.35189e+00,3.15646e+00
6.01693e-01,7.93612e+00,9.12937e-01,1.03364e+01,2.40938e+01,3.60508e+00,3.33284e+00,4.48679e+00,1.36587e+00,8.92766e+00,4.90307e-01,1.33568e+01,1.37589e+00,6.33336e-01,5.37996e-01,3.86085e+00,1.79359e+00,2.18361e+01,1.41109e+00,3.17021e+00
6.13298e-01,9.08175e+00,7.67839e-01,1.10996e+01,1.86256e+01,5.25051e+00,4.28341e+00,4.54538e+00,1.37482e+00,8.99141e+00,9.99910e-01,1.34822e+01,1.38006e+00,6.44103e-01,5.93936e-01,3.95314e+00,1.79924e+00,2.24147e+01,1.51898e+00,3.18499e+00
6.25893e-01,1.05517e+01,6.54251e-01,1.23780e+01,1.46175e+01,7.48441e+00,5.68031e+00,4.75251e+00,1.38707e+00,9.08066e+00,2.27056e+00,1.36077e+01,1.38676e+00,6.56975e-01,6.41785e-01,4.07010e+00,1.80666e+00,2.03818e+01,2.01965e+00,3.19992e+00
6.40157e-01,1.26548e+01,5.87949e-01,1.36048e+01,1.18829e+01,1.09160e+01,7.85041e+00,5.03164e+00,1.40309e+00,9.20887e+00,3.53916e+00,1.37384e+01,1.39642e+00,6.72287e-01,6.80661e-01,4.23279e+00,1.81436e+00,1.77918e+01,4.63504e+00,3.21711e+00
6.53589e-01,1.61809e+01,5.47541e-01,1.44007e+01,1.02610e+01,1.56453e+01,1.02869e+01,5.12573e+00,1.42092e+00,9.37113e+00,4.23971e+00,1.38741e+01,1.40753e+00,6.86771e-01,7.29238e-01,4.45941e+00,1.82232e+00,1.52476e+01,9.31389e+00,3.23553e+00
6.66616e-01,2.00405e+01,5.22026e-01,1.48560e+01,9.04569e+00,2.04456e+01,1.31493e+01,5.13043e+00,1.44035e+00,9.54514e+00,4.43482e+00,1.40162e+01,1.41979e+00,7.01335e-01,7.79861e-01,4.77784e+00,1.83031e+00,1.29504e+01,1.36646e+01,3.25654e+00
6.80963e-01,2.35466e+01,4.90771e-01,1.54727e+01,8.27271e+00,2.33505e+01,1.52177e+01,5.12245e+00,1.46065e+00,9.71237e+00,4.43741e+00,1.41675e+01,1.43341e+00,7.16861e-01,8.22075e-01,5.24771e+00,1.83808e+00,1.09541e+01,1.64751e+01,3.27944e+00
6.97996e-01,2.63391e+01,4.56177e-01,1.65170e+01,7.74299e+00,2.30764e+01,1.60327e+01,5.12060e+00,1.48048e+00,9.86357e+00,4.55437e+00,1.43323e+01,1.44695e+00,7.32560e-01,8.58381e-01,5.83067e+00,1.84561e+00,9.25800e+00,1.75480e+01,3.30331e+00
7.17587e-01,2.82228e+01,4.24332e-01,1.81738e+01,7.24419e+00,2.03718e+01,1.59044e+01,5.13406e+00,1.49864e+00,9.99680e+00,4.80516e+00,1.45137e+01,1.45886e+00,7.48522e-01,9.01133e-01,6.35592e+00,1.85249e+00,7.83755e+00,1.68725e+01,3.32723e+00
7.38937e-01,2.96421e+01,3.97135e-01,2.06490e+01,6.67641e+00,1.68350e+01,1.49933e+01,5.16431e+00,1.51458e+00,1.01157e+01,5.03837e+00,1.47147e+01,1.46912e+00,7.64787e-01,9.63143e-01,6.67324e+00,1.85845e+00,6.65790e+00,1.51815e+01,3.35059e+00
7.61164e-01,3.12693e+01,3.74147e-01,2.38870e+01,6.03252e+00,1.35108e+01,1.35113e+01,5.21392e+00,1.52789e+00,1.02272e+01,5.19228e+00,1.49356e+01,1.47860e+00,7.82401e-01,1.05306e+00,6.76174e+00,1.86361e+00,5.68185e+00,1.33302e+01,3.37362e+00
7.83045e-01,3.37344e+01,3.53811e-01,2.74045e+01,5.36978e+00,1.07705e+01,1.18453e+01,5.30626e+00,1.53888e+00,1.03391e+01,5.34416e+00,1.51734e+01,1.48805e+00,8.02064e-01,1.18064e+00,6.71969e+00,1.86824e+00,4.87551e+00,1.17767e+01,3.39581e+00
8.03690e-01,3.77984e+01,3.34494e-01,3.06811e+01,4.74195e+00,8.63819e+00,1.03339e+01,5.52039e+00,1.54775e+00,1.04581e+01,5.61917e+00,1.54234e+01,1.49773e+00,8.24141e-01,1.37660e+00,6.66688e+00,1.87258e+00,4.21011e+00,1.06400e+01,3.41676e+00
8.22482e-01,4.37409e+01,3.15142e-01,3.35684e+01,4.17491e+00,7.02262e+00,9.16135e+00,6.03597e+00,1.55484e+00,1.05873e+01,6.07886e+00,1.56802e+01,1.50781e+00,8.48539e-01,1.73768e+00,6.67964e+00,1.87681e+00,3.66224e+00,9.86863e+00,3.43588e+00
8.39230e-01,5.01439e+01,2.95362e-01,3.61140e+01,3.67537e+00,5.81631e+00,8.38495e+00,7.09668e+00,1.56065e+00,1.07274e+01,6.63195e+00,1.59393e+01,1.51851e+00,8.74238e-01,2.46922e+00,6.78141e+00,1.88095e+00,3.21240e+00,9.34738e+00,3.45289e+00
8.53852e-01,5.46298e+01,2.75460e-01,3.82244e+01,3.24077e+00,4.93117e+00,7.97994e+00,8.79595e+00,1.56561e+00,1.08765e+01,7.07351e+00,1.61977e+01,1.52992e+00,8.99636e-01,3.76720e+00,6.95042e+00,1.88497e+00,2.84542e+00,8.95289e+00,3.46810e+00
8.66300e-01,5.60082e+01,2.56005e-01,3.96922e+01,2.86469e+00,4.30676e+00,7.87347e+00,1.09204e+01,1.57042e+00,1.10316e+01,7.24899e+00,1.64548e+01,1.54208e+00,9.22949e-01,5.49872e+00,7.13627e+00,1.88876e+00,2.54988e+00,8.57993e+00,3.48176e+00
8.76598e-01,5.47183e+01,2.37555e-01,4.04394e+01,2.53912e+00,3.90773e+00,8.00548e+00,1.31238e+01,1.57820e+00,1.11906e+01,7.14827e+00,1.67112e+01,1.55496e+00,9.42595e-01,7.21992e+00,7.28418e+00,1.89220e+00,2.31781e+00,8.16178e+00,3.49425e+00
8.84589e-01,5.18385e+01,2.20498e-01,4.06040e+01,2.25595e+00,3.71475e+00,8.39770e+00,1.51822e+01,1.60722e+00,1.13535e+01,6.86121e+00,1.69682e+01,1.56840e+00,9.57439e-01,8.60440e+00,7.35834e+00,1.89522e+00,2.14448e+00,7.67913e+00,3.50639e+00
8.90180e-01,4.83324e+01,2.05095e-01,4.04513e+01,2.00829e+00,3.70827e+00,9.15848e+00,1.70838e+01,1.75153e+00,1.15204e+01,6.49389e+00,1.72274e+01,1.58221e+00,9.67060e-01,9.60596e+00,7.35002e+00,1.89791e+00,2.02648e+00,7.14925e+00,3.51899e+00
8.93307e-01,4.48340e+01,1.91373e-01,4.02621e+01,1.79064e+00,3.85132e+00,1.03671e+01,1.89932e+01,2.38577e+00,1.16929e+01,6.12171e+00,1.74909e+01,1.59703e+00,9.71696e-01,1.03066e+01,7.27378e+00,1.90046e+00,1.95836e+00,6.60434e+00,3.53265e+00
8.95202e-01,4.16891e+01,1.79317e-01,4.03086e+01,1.59903e+00,4.08562e+00,1.19328e+01,2.11370e+01,4.31880e+00,1.18718e+01,5.77975e+00,1.77608e+01,1.61241e+00,9.72157e-01,1.07842e+01,7.15481e+00,1.90300e+00,1.92919e+00,6.07483e+00,3.54802e+00
8.95803e-01,3.90414e+01,1.68796e-01,4.09016e+01,1.43034e+00,4.34879e+00,1.36237e+01,2.36219e+01,7.67794e+00,1.20571e+01,5.47156e+00,1.80407e+01,1.62774e+00,9.69596e-01,1.10928e+01,7.01983e+00,1.90559e+00,1.92020e+00,5.58112e+00,3.56525e+00
8.94776e-01,3.69088e+01,1.59690e-01,4.24284e+01,1.28215e+00,4.59993e+00,1.52345e+01,2.62902e+01,1.09810e+01,1.22482e+01,5.18507e+00,1.83364e+01,1.64354e+00,9.65326e-01,1.12831e+01,6.88983e+00,1.90827e+00,1.90881e+00,5.13427e+00,3.58436e+00
8.92271e-01,3.52273e+01,1.51873e-01,4.52758e+01,1.15239e+00,4.83378e+00,1.66527e+01,2.87821e+01,1.30185e+01,1.24433e+01,4.90487e+00,1.86558e+01,1.65950e+00,9.60703e-01,1.14067e+01,6.77745e+00,1.91099e+00,1.87649e+00,4.73676e+00,3.60523e+00
8.89363e-01,3.39110e+01,1.45181e-01,4.96303e+01,1.03912e+00,5.08028e+00,1.78175e+01,3.07751e+01,1.37706e+01,1.26419e+01,4.62107e+00,1.90099e+01,1.67493e+00,9.56916e-01,1.14963e+01,6.68870e+00,1.91368e+00,1.81498e+00,4.38723e+00,3.62715e+00
8.86954e-01,3.28859e+01,1.39457e-01,5.52655e+01,9.40511e-01,5.38900e+00,1.86960e+01,3.21664e+01,1.36857e+01,1.28417e+01,4.33133e+00,1.94153e+01,1.68994e+00,9.54874e-01,1.15480e+01,6.62461e+00,1.91620e+00,1.72617e+00,4.08152e+00,3.64927e+00
8.85295e-01,3.21331e+01,1.34559e-01,6.15525e+01,8.54826e-01,5.79948e+00,1.92878e+01,3.30801e+01,1.31593e+01,1.30423e+01,4.03924e+00,1.98970e+01,1.70509e+00,9.55220e-01,1.15275e+01,6.58489e+00,1.91848e+00,1.61792e+00,3.81513e+00,3.67097e+00
8.84217e-01,3.17101e+01,1.30454e-01,6.77650e+01,7.80484e-01,6.30234e+00,1.96249e+01,3.37614e+01,1.24363e+01,1.32428e+01,3.75134e+00,2.04925e+01,1.72075e+00,9.58214e-01,1.13947e+01,6.57103e+00,1.92049e+00,1.49943e+00,3.58294e+00,3.69145e+00
8.83374e-01,3.17504e+01,1.26919e-01,7.34310e+01,7.16016e-01,6.82427e+00,1.97580e+01,3.44410e+01,1.16487e+01,1.34427e+01,3.47446e+00,2.12564e+01,1.73719e+00,9.63661e-01,1.11277e+01,6.58932e+00,1.92230e+00,1.37863e+00,3.38081e+00,3.71003e+00
8.82488e-01,3.24319e+01,1.23944e-01,7.84158e+01,6.60109e-01,7.26149e+00,1.97379e+01,3.52177e+01,1.08646e+01,1.36403e+01,3.21463e+00,2.22612e+01,1.75470e+00,9.70999e-01,1.07317e+01,6.65247e+00,1.92398e+00,1.26118e+00,3.20475e+00,3.72620e+00
8.81465e-01,3.38892e+01,1.21390e-01,8.27685e+01,6.11610e-01,7.53661e+00,1.96050e+01,3.60075e+01,1.01163e+01,1.38331e+01,2.97632e+00,2.35964e+01,1.77343e+00,9.79404e-01,1.02329e+01,6.77710e+00,1.92567e+00,1.15047e+00,3.05158e+00,3.73943e+00
8.80554e-01,3.60901e+01,1.19204e-01,8.65658e+01,5.69450e-01,7.62876e+00,1.93840e+01,3.66068e+01,9.41860e+00,1.40177e+01,2.76241e+00,2.53562e+01,1.79338e+00,9.87897e-01,9.66629e+00,6.97449e+00,1.92752e+00,1.04826e+00,2.91813e+00,3.74968e+00
8.80098e-01,3.87629e+01,1.17331e-01,8.98477e+01,5.32898e-01,7.56211e+00,1.90835e+01,3.68162e+01,8.77783e+00,1.41893e+01,2.57477e+00,2.76251e+01,1.81441e+00,9.95550e-01,9.06500e+00,7.23842e+00,1.92962e+00,9.55253e-01,2.80223e+00,3.75682e+00
8.80425e-01,4.14594e+01,1.15739e-01,9.26230e+01,5.01095e-01,7.38111e+00,1.87027e+01,3.65456e+01,8.19568e+00,1.43427e+01,2.41418e+00,3.04567e+01,1.83613e+00,1.00154e+00,8.45626e+00,7.53843e+00,1.93204e+00,8.71398e-01,2.70139e+00,3.76065e+00
8.81758e-01,4.37565e+01,1.14335e-01,9.48636e+01,4.73328e-01,7.12979e+00,1.82395e+01,3.58213e+01,7.67176e+00,1.44731e+01,2.28074e+00,3.38550e+01,1.85810e+00,1.00531e+00,7.85979e+00,7.82474e+00,1.93484e+00,7.96295e-01,2.61371e+00,3.76164e+00
8.83974e-01,4.54172e+01,1.13140e-01,9.65072e+01,4.49135e-01,6.84274e+00,1.76985e+01,3.47436e+01,7.20501e+00,1.45762e+01,2.17372e+00,3.77598e+01,1.87970e+00,1.00652e+00,7.28808e+00,8.05298e+00,1.93805e+00,7.29285e-01,2.53764e+00,3.75995e+00
8.86690e-01,4.64222e+01,1.12114e-01,9.75199e+01,4.28004e-01,6.54356e+00,1.70959e+01,3.34347e+01,6.79396e+00,1.46494e+01,2.09165e+00,4.20394e+01,1.90028e+00,1.00505e+00,6.74860e+00,8.19796e+00,1.94164e+00,6.69604e-01,2.47132e+00,3.75561e+00
8.89117e-01,4.69097e+01,1.11222e-01,9.79348e+01,4.09463e-01,6.24643e+00,1.64593e+01,3.20049e+01,6.43669e+00,1.46918e+01,2.03227e+00,4.64897e+01,1.91926e+00,1.00098e+00,6.24509e+00,8.25680e+00,1.94558e+00,6.16502e-01,2.41364e+00,3.74921e+00
8.90414e-01,4.70950e+01,1.10482e-01,9.78626e+01,3.93188e-01,5.95857e+00,1.58286e+01,3.05406e+01,6.13092e+00,1.47045e+01,1.99238e+00,5.08530e+01,1.93615e+00,9.94509e-01,5.77871e+00,8.24122e+00,1.94975e+00,5.69282e-01,2.36314e+00,3.74074e+00
8.89797e-01,4.72143e+01,1.09852e-01,9.74455e+01,3.78911e-01,5.68291e+00,1.52556e+01,2.91021e+01,5.87355e+00,1.46893e+01,1.96793e+00,5.48581e+01,1.95057e+00,9.85919e-01,5.34899e+00,8.16921e+00,1.95404e+00,5.27304e-01,2.31880e+00,3.73042e+00
8.86713e-01,4.75090e+01,1.09319e-01,9.68012e+01,3.66405e-01,5.42000e+00,1.48058e+01,2.77277e+01,5.66015e+00,1.46495e+01,1.95438e+00,5.82676e+01,1.96220e+00,9.75500e-01,4.95451e+00,8.05914e+00,1.95832e+00,4.89958e-01,2.27980e+00,3.71856e+00
8.81002e-01,4.82353e+01,1.08843e-01,9.59856e+01,3.55411e-01,5.16896e+00,1.45527e+01,2.64392e+01,5.48538e+00,1.45896e+01,1.94709e+00,6.09234e+01,1.97096e+00,9.63574e-01,4.59319e+00,7.92651e+00,1.96246e+00,4.56704e-01,2.24494e+00,3.70541e+00
8.72752e-01,4.96994e+01,1.08454e-01,9.49852e+01,3.45790e-01,4.92875e+00,1.45614e+01,2.52484e+01,5.34296e+00,1.45148e+01,1.94191e+00,6.27606e+01,1.97682e+00,9.50467e-01,4.26283e+00,7.78257e+00,1.96634e+00,4.27059e-01,2.21379e+00,3.69114e+00
8.62410e-01,5.22627e+01,1.08096e-01,9.37507e+01,3.37328e-01,4.69844e+00,1.48512e+01,2.41628e+01,5.22566e+00,1.44403e+01,1.93546e+00,6.38018e+01,1.97985e+00,9.36417e-01,3.96101e+00,7.63526e+00,1.96993e+00,4.00605e-01,2.18555e+00,3.67586e+00
8.50401e-01,5.62935e+01,1.07778e-01,9.22376e+01,3.29858e-01,4.47700e+00,1.53646e+01,2.31828e+01,5.12655e+00,1.44520e+01,1.92536e+00,6.41387e+01,1.98022e+00,9.21680e-01,3.68551e+00,7.49027e+00,1.97323e+00,3.76965e-01,2.15976e+00,3.65988e+00
8.37272e-01,6.19772e+01,1.07501e-01,9.04250e+01,3.23262e-01,4.26386e+00,1.59718e+01,2.23121e+01,5.03870e+00,1.49905e+01,1.91034e+00,6.38987e+01,1.97826e+00,9.06457e-01,3.43397e+00,7.35080e+00,1.97632e+00,3.55844e-01,2.13600e+00,3.64335e+00
8.23451e-01,6.90539e+01,1.07273e-01,8.83324e+01,3.17442e-01,4.05871e+00,1.65248e+01,2.15528e+01,4.95616e+00,1.77100e+01,1.88993e+00,6.32206e+01,1.97422e+00,8.90947e-01,3.20437e+00,7.21935e+00,1.97930e+00,3.36945e-01,2.11373e+00,3.62653e+00
8.09365e-01,7.67197e+01,1.07083e-01,8.60175e+01,3.12292e-01,3.86151e+00,1.69213e+01,2.09127e+01,4.87420e+00,2.62856e+01,1.86435e+00,6.22370e+01,1.96842e+00,8.75281e-01,2.99469e+00,7.09682e+00,1.98228e+00,3.20023e-01,2.09270e+00,3.60959e+00
7.95321e-01,8.38954e+01,1.06919e-01,8.35619e+01,3.07776e-01,3.67236e+00,1.71259e+01,2.04007e+01,4.78932e+00,4.31234e+01,1.83418e+00,6.10676e+01,1.96126e+00,8.59627e-01,2.80307e+00,6.98417e+00,1.98545e+00,3.04863e-01,2.07251e+00,3.59271e+00
7.81575e-01,8.96887e+01,1.06794e-01,8.10534e+01,3.03806e-01,3.49129e+00,1.71527e+01,2.00292e+01,4.69933e+00,6.34828e+01,1.80018e+00,5.98128e+01,1.95315e+00,8.44088e-01,2.62799e+00,6.88179e+00,1.98892e+00,2.91292e-01,2.05288e+00,3.57600e+00
7.68274e-01,9.36623e+01,1.06716e-01,7.85918e+01,3.00332e-01,3.31847e+00,1.70357e+01,1.98106e+01,4.60307e+00,7.97939e+01,1.76312e+00,5.85552e+01,1.94447e+00,8.28742e-01,2.46780e+00,6.78951e+00,1.99294e+00,2.79148e-01,2.03369e+00,3.55965e+00
7.55564e-01,9.58194e+01,1.06648e-01,7.62604e+01,2.97258e-01,3.15383e+00,1.68099e+01,1.97513e+01,4.50051e+00,8.92365e+01,1.72387e+00,5.73662e+01,1.93567e+00,8.13632e-01,2.32119e+00,6.70677e+00,1.99759e+00,2.68261e-01,2.01457e+00,3.54366e+00
7.43528e-01,9.64172e+01,1.06601e-01,7.41307e+01,2.95470e-01,2.99744e+00,1.65025e+01,1.98490e+01,4.39190e+00,9.30659e+01,1.68301e+00,5.63026e+01,1.92709e+00,7.98891e-01,2.18694e+00,6.63334e+00,2.00305e+00,2.58512e-01,1.99541e+00,3.52813e+00
7.32202e-01,9.58126e+01,1.08117e-01,7.22365e+01,2.98222e-01,2.84934e+00,1.61331e+01,2.00840e+01,4.27802e+00,9.34055e+01,1.64101e+00,5.54199e+01,1.91903e+00,7.84513e-01,2.06387e+00,6.56862e+00,2.00940e+00,2.49819e-01,1.97622e+00,3.51315e+00
7.21639e-01,9.43474e+01,1.11906e-01,7.05752e+01,3.05053e-01,2.70935e+00,1.57151e+01,2.04217e+01,4.16023e+00,9.18616e+01,1.59838e+00,5.47636e+01,1.91179e+00,7.70552e-01,1.95105e+00,6.51151e+00,2.01674e+00,2.42037e-01,1.95682e+00,3.49864e+00
7.11842e-01,9.23084e+01,1.17693e-01,6.90979e+01,3.10501e-01,2.57730e+00,1.52596e+01,2.08129e+01,4.03979e+00,8.94142e+01,1.55534e+00,5.43754e+01,1.90562e+00,7.57047e-01,1.84743e+00,6.46170e+00,2.02518e+00,2.35102e-01,1.93722e+00,3.48471e+00
7.02788e-01,8.99205e+01,1.24080e-01,6.77321e+01,3.17848e-01,2.45296e+00,1.47759e+01,2.12054e+01,3.91793e+00,8.66199e+01,1.51214e+00,5.42913e+01,1.90066e+00,7.44056e-01,1.75235e+00,6.41849e+00,2.03483e+00,2.28965e-01,1.91745e+00,3.47135e+00
6.94418e-01,8.73507e+01,1.29109e-01,6.64123e+01,3.26492e-01,2.33607e+00,1.42734e+01,2.15529e+01,3.79590e+00,8.37851e+01,1.46892e+00,5.45425e+01,1.89700e+00,7.31597e-01,1.66491e+00,6.38072e+00,2.04578e+00,2.23477e-01,1.89747e+00,3.45856e+00
6.86707e-01,8.47232e+01,1.33196e-01,6.50874e+01,3.35773e-01,2.22635e+00,1.37604e+01,2.18219e+01,3.67488e+00,8.10721e+01,1.42590e+00,5.51830e+01,1.89467e+00,7.19696e-01,1.58459e+00,6.34807e+00,2.05804e+00,2.18675e-01,1.87744e+00,3.44626e+00
6.79579e-01,8.21245e+01,1.37152e-01,6.37414e+01,3.45910e-01,2.12347e+00,1.32452e+01,2.19926e+01,3.55575e+00,7.85516e+01,1.38316e+00,5.63212e+01,1.89362e+00,7.08374e-01,1.51069e+00,6.31950e+00,2.07162e+00,2.14526e-01,1.85739e+00,3.43450e+00
6.72963e-01,7.96194e+01,1.41220e-01,6.23798e+01,3.56683e-01,2.02713e+00,1.27346e+01,2.20581e+01,3.43934e+00,7.62365e+01,1.34086e+00,5.81755e+01,1.89382e+00,6.97644e-01,1.44271e+00,6.29444e+00,2.08658e+00,2.10946e-01,1.83736e+00,3.42323e+00
6.66771e-01,7.72571e+01,1.45140e-01,6.10261e+01,3.67735e-01,1.93694e+00,1.22338e+01,2.20211e+01,3.32605e+00,7.40968e+01,1.29907e+00,6.11168e+01,1.89505e+00,6.87467e-01,1.38004e+00,6.27181e+00,2.10288e+00,2.07895e-01,1.81748e+00,3.41240e+00
6.60949e-01,7.50836e+01,1.48596e-01,5.97060e+01,3.79571e-01,1.85257e+00,1.17472e+01,2.18904e+01,3.21646e+00,7.20849e+01,1.25797e+00,6.56406e+01,1.89720e+00,6.77955e-01,1.32233e+00,6.25118e+00,2.12043e+00,2.05288e-01,1.79777e+00,3.40205e+00
6.55449e-01,7.31452e+01,1.51127e-01,5.84454e+01,3.92605e-01,1.77376e+00,1.12778e+01,2.16760e+01,3.11097e+00,7.01465e+01,1.21770e+00,7.22270e+01,1.90000e+00,6.69051e-01,1.26912e+00,6.23225e+00,2.13905e+00,2.03095e-01,1.77835e+00,3.39220e+00
6.50249e-01,7.14929e+01,1.52353e-01,5.72678e+01,4.06761e-01,1.70013e+00,1.08276e+01,2.13911e+01,3.00981e+00,6.82354e+01,1.17832e+00,8.11011e+01,1.90326e+00,6.60778e-01,1.22010e+00,6.21403e+00,2.15849e+00,2.01211e-01,1.75932e+00,3.38281e+00
6.45352e-01,7.01888e+01,1.52232e-01,5.61817e+01,4.21279e-01,1.63137e+00,1.03975e+01,2.10495e+01,2.91290e+00,6.63216e+01,1.13999e+00,9.20266e+01,1.90682e+00,6.53159e-01,1.17494e+00,6.19638e+00,2.17855e+00,1.99637e-01,1.74080e+00,3.37396e+00
6.40679e-01,6.93109e+01,1.50806e-01,5.51927e+01,4.34770e-01,1.56716e+00,9.98789e+00,2.06641e+01,2.82040e+00,6.43909e+01,1.10272e+00,1.04297e+02,1.91046e+00,6.46213e-01,1.13326e+00,6.17918e+00,2.19890e+00,1.98275e-01,1.72279e+00,3.36571e+00
6.36244e-01,6.89502e+01,1.48407e-01,5.42889e+01,4.45935e-01,1.50723e+00,9.59847e+00,2.02476e+01,2.73234e+00,6.24441e+01,1.06662e+00,1.16952e+02,1.91398e+00,6.39890e-01,1.09480e+00,6.16203e+00,2.21926e+00,1.97134e-01,1.70537e+00,3.35816e+00
6.32019e-01,6.92100e+01,1.45394e-01,5.34551e+01,4.63420e-01,1.45131e+00,9.22840e+00,1.98126e+01,2.64858e+00,6.04911e+01,1.03176e+00,1.29066e+02,1.91715e+00,6.34141e-01,1.05938e+00,6.14495e+00,2.23934e+00,1.96137e-01,1.68866e+00,3.35130e+00
6.27983e-01,7.01891e+01,1.65183e-01,5.26658e+01,4.95052e-01,1.39914e+00,8.87679e+00,1.93702e+01,2.56899e+00,5.85464e+01,9.98124e-01,1.39940e+02,1.91985e+00,6.28946e-01,1.02675e+00,6.12808e+00,2.25886e+00,1.98287e-01,1.67257e+00,3.34521e+00
6.24075e-01,7.19572e+01,2.22798e-01,5.18963e+01,5.93510e-01,1.35050e+00,8.54256e+00,1.89314e+01,2.50688e+00,5.66254e+01,9.65813e-01,1.49146e+02,1.92191e+00,6.24336e-01,9.96663e-01,6.11159e+00,2.27773e+00,2.11231e-01,1.65726e+00,3.34001e+00
6.27444e-01,7.45213e+01,3.54817e-01,5.11242e+01,1.01053e+00,1.30508e+00,8.22448e+00,1.85063e+01,2.46601e+00,5.47652e+01,9.34765e-01,1.56494e+02,1.92970e+00,6.63462e-01,9.68940e-01,6.09538e+00,2.29713e+00,2.29324e-01,1.64265e+00,3.33758e+00
6.45807e-01,7.77976e+01,5.45441e-01,5.03348e+01,1.89263e+00,1.26308e+00,7.92162e+00,1.81043e+01,2.44347e+00,5.29515e+01,9.05018e-01,1.61947e+02,1.93705e+00,7.22646e-01,9.43410e-01,6.07977e+00,2.32510e+00,2.48398e-01,1.63643e+00,3.33579e+00
6.65575e-01,8.15973e+01,9.59673e-01,4.95218e+01,4.86887e+00,1.22344e+00,7.63308e+00,1.77360e+01,2.43968e+00,5.12243e+01,8.76637e-01,1.65598e+02,1.94688e+00,7.94090e-01,9.19947e-01,6.06484e+00,2.35635e+00,2.79462e-01,1.63537e+00,3.35448e+00
6.78325e-01,8.56499e+01,1.70747e+00,4.86829e+01,1.50571e+01,1.18656e+00,7.35786e+00,1.74111e+01,2.44836e+00,4.95671e+01,8.49499e-01,1.67616e+02,1.96184e+00,8.90065e-01,8.98289e-01,6.05073e+00,2.38832e+00,3.11649e-01,1.64365e+00,3.37844e+00
7.11677e-01,8.96597e+01,2.56340e+00,4.78227e+01,2.87999e+01,1.15221e+00,7.09534e+00,1.71437e+01,2.46296e+00,4.79701e+01,8.23634e-01,1.68227e+02,2.00283e+00,1.00653e+00,8.78405e-01,6.03763e+00,2.41933e+00,3.44654e-01,1.65825e+00,3.41857e+00
7.89320e-01,9.33643e+01,3.09632e+00,4.69501e+01,3.78028e+01,1.12026e+00,6.84473e+00,1.69550e+01,2.48170e+00,4.64377e+01,7.98995e-01,1.67675e+02,2.57784e+00,1.14288e+00,8.60174e-01,6.02548e+00,2.44627e+00,3.78574e-01,1.67278e+00,3.46918e+00
9.08144e-01,9.65727e+01,3.29829e+00,4.60753e+01,3.91115e+01,1.09057e+00,6.60561e+00,1.68813e+01,2.51362e+00,4.49717e+01,7.75525e-01,1.66198e+02,4.33897e+00,1.30689e+00,8.43366e-01,6.01443e+00,2.46889e+00,4.18526e-01,1.68662e+00,3.51155e+00
1.10984e+00,9.91806e+01,3.64513e+00,4.52103e+01,3.92263e+01,1.06298e+00,6.37724e+00,1.69900e+01,2.60455e+00,4.35697e+01,7.53258e-01,1.64024e+02,7.91379e+00,1.64643e+00,8.27993e-01,6.00454e+00,2.48743e+00,6.76265e-01,1.70185e+00,3.53942e+00
1.81113e+00,1.01155e+02,4.61757e+00,4.43642e+01,4.31721e+01,1.03730e+00,6.15929e+00,1.74057e+01,2.86287e+00,4.22535e+01,7.32066e-01,1.61346e+02,1.58698e+01,2.90547e+00,8.13938e-01,5.99575e+00,2.54047e+00,1.09660e+00,1.72003e+00,3.56813e+00
3.93819e+00,1.02848e+02,6.10437e+00,4.35663e+01,4.81226e+01,1.11573e+00,5.98183e+00,1.84057e+01,3.38692e+00,4.10568e+01,7.12649e-01,1.58339e+02,2.81254e+01,6.39311e+00,8.11738e-01,5.98807e+00,2.62946e+00,1.70724e+00,1.75083e+00,3.61774e+00
6.76873e+00,1.04125e+02,7.76755e+00,4.28459e+01,5.26490e+01,1.29288e+00,5.84905e+00,2.03538e+01,4.15053e+00,4.00566e+01,7.10339e-01,1.55121e+02,6.82560e+01,1.23171e+01,8.23675e-01,5.98196e+00,2.72261e+00,2.43182e+00,1.82104e+00,3.72592e+00
1.13422e+01,1.04818e+02,9.37983e+00,4.22169e+01,5.54156e+01,1.52474e+00,5.81235e+00,2.33910e+01,5.12201e+00,3.92320e+01,7.25224e-01,1.51806e+02,2.25620e+02,2.00814e+01,8.28661e-01,5.97894e+00,2.80917e+00,3.09291e+00,1.93013e+00,3.91715e+00
2.07350e+01,1.05631e+02,1.02366e+01,4.16420e+01,5.55910e+01,1.72983e+00,5.85396e+00,2.74940e+01,6.41220e+00,3.84466e+01,7.42402e-01,1.48485e+02,3.93228e+02,3.01985e+01,8.43883e-01,5.98170e+00,2.88148e+00,4.32537e+00,2.06669e+00,4.12356e+00
3.69226e+01,1.06677e+02,1.00323e+01,4.11436e+01,5.32619e+01,1.87555e+00,5.89527e+00,3.23390e+01,8.23339e+00,3.76664e+01,7.67289e-01,1.45253e+02,5.35412e+02,4.05023e+01,8.63565e-01,5.99352e+00,2.94265e+00,7.98459e+00,2.18926e+00,4.28434e+00
6.12546e+01,1.07986e+02,9.15436e+00,4.07277e+01,4.88886e+01,2.05811e+00,5.92216e+00,3.72411e+01,1.09550e+01,3.69344e+01,8.06996e-01,1.42199e+02,6.84939e+02,4.92960e+01,8.83385e-01,6.01139e+00,3.00150e+00,1.39191e+01,2.28881e+00,4.40077e+00
9.08082e+01,1.09227e+02,8.09043e+00,4.04008e+01,4.32712e+01,2.39309e+00,5.96337e+00,4.15269e+01,1.50300e+01,3.63214e+01,8.31777e-01,1.39393e+02,8.51708e+02,5.73675e+01,9.02937e-01,6.03447e+00,3.06654e+00,1.82837e+01,2.36655e+00,4.50161e+00
1.15221e+02,1.09790e+02,7.11467e+00,4.01923e+01,3.70996e+01,2.98907e+00,6.01550e+00,4.48103e+01,1.98841e+01,3.58873e+01,8.28153e-01,1.36900e+02,1.02262e+03,6.57647e+01,9.23703e-01,6.06356e+00,3.14981e+00,2.01692e+01,2.43088e+00,4.61243e+00
1.30266e+02,1.09365e+02,6.26895e+00,4.01287e+01,3.09593e+01,3.69314e+00,6.05176e+00,4.70492e+01,2.37633e+01,3.56435e+01,8.14683e-01,1.34788e+02,1.11655e+03,7.58481e+01,9.41096e-01,6.09852e+00,3.27926e+00,2.10837e+01,2.48846e+00,4.74645e+00
1.38372e+02,1.08123e+02,5.50350e+00,4.02235e+01,2.53295e+01,4.10525e+00,6.04997e+00,4.84019e+01,2.58501e+01,3.55350e+01,8.02963e-01,1.33145e+02,1.10798e+03,8.93651e+01,9.61482e-01,6.13821e+00,3.55061e+00,2.19459e+01,2.53912e+00,4.90885e+00
1.44617e+02,1.06322e+02,4.78701e+00,4.05095e+01,2.04862e+01,4.11420e+00,5.99438e+00,4.90875e+01,2.69186e+01,3.54757e+01,7.92190e-01,1.32075e+02,1.04176e+03,1.08791e+02,9.91093e-01,6.18041e+00,4.22618e+00,2.24882e+01,2.57792e+00,5.09970e+00
1.50693e+02,1.04175e+02,4.11802e+00,4.10678e+01,1.64947e+01,3.88167e+00,5.88789e+00,4.93180e+01,2.83217e+01,3.53960e+01,7.81196e-01,1.31672e+02,9.57525e+02,1.33226e+02,1.03010e+00,6.22158e+00,5.59071e+00,2.21021e+01,2.60074e+00,5.31590e+00
1.52719e+02,1.01861e+02,3.50778e+00,4.20568e+01,1.32908e+01,3.56821e+00,5.74178e+00,4.92403e+01,3.09497e+01,3.52690e+01,7.70114e-01,1.31981e+02,8.75226e+02,1.52070e+02,1.07563e+00,6.25875e+00,7.30002e+00,2.07099e+01,2.60723e+00,5.55523e+00
1.47414e+02,9.95131e+01,2.96809e+00,4.37068e+01,1.07542e+01,3.25526e+00,5.56571e+00,4.89464e+01,3.47306e+01,3.51052e+01,7.58670e-01,1.32964e+02,8.01478e+02,1.56767e+02,1.12510e+00,6.29026e+00,8.53422e+00,1.86956e+01,2.60129e+00,5.81796e+00
1.35896e+02,9.72080e+01,2.50461e+00,4.62482e+01,8.75892e+00,2.96990e+00,5.37145e+00,4.84870e+01,3.91554e+01,3.49337e+01,7.46593e-01,1.34516e+02,7.34434e+02,1.49505e+02,1.17724e+00,6.31505e+00,9.00621e+00,1.64746e+01,2.58787e+00,6.10600e+00
1.21290e+02,9.49838e+01,2.11573e+00,4.97573e+01,7.19112e+00,2.71764e+00,5.17294e+00,4.78956e+01,4.40386e+01,3.47807e+01,7.33721e-01,1.36528e+02,6.69523e+02,1.36107e+02,1.23202e+00,6.33287e+00,8.95142e+00,1.43129e+01,2.57141e+00,6.41841e+00
1.06177e+02,9.28580e+01,1.79476e+00,5.40089e+01,5.95663e+00,2.49698e+00,4.98215e+00,4.72020e+01,4.94172e+01,3.46567e+01,7.20269e-01,1.38906e+02,6.04788e+02,1.20803e+02,1.29056e+00,6.34406e+00,8.67417e+00,1.23381e+01,2.55434e+00,6.74709e+00
9.19868e+01,9.08411e+01,1.53245e+00,5.84869e+01,4.98065e+00,2.30474e+00,4.80665e+00,4.64352e+01,5.51483e+01,3.45560e+01,7.06622e-01,1.41546e+02,5.41493e+02,1.05805e+02,1.35498e+00,6.34837e+00,8.38124e+00,1.05958e+01,2.53745e+00,7.07832e+00
7.93123e+01,8.89399e+01,1.31916e+00,6.25962e+01,4.20474e+00,2.13722e+00,4.64924e+00,4.56214e+01,6.09644e+01,3.44583e+01,6.93244e-01,1.44314e+02,4.81840e+02,9.20580e+01,1.42866e+00,6.34639e+00,8.18750e+00,9.08995e+00,2.52118e+00,7.40192e+00
6.82861e+01,8.71579e+01,1.14586e+00,6.59110e+01,3.58397e+00,1.99133e+00,4.50988e+00,4.47798e+01,6.67063e+01,3.43378e+01,6.80475e-01,1.47058e+02,4.27458e+02,7.98755e+01,1.51557e+00,6.33893e+00,8.14915e+00,7.80414e+00,2.50551e+00,7.72974e+00
5.88283e+01,8.54959e+01,1.00482e+00,6.82799e+01,3.08403e+00,1.86487e+00,4.38724e+00,4.39205e+01,7.21789e+01,3.41707e+01,6.68539e-01,1.49620e+02,3.79026e+02,6.92724e+01,1.61880e+00,6.32639e+00,8.28468e+00,6.71413e+00,2.49075e+00,8.13866e+00
5.07758e+01,8.39526e+01,8.89527e-01,6.97703e+01,2.67837e+00,1.75606e+00,4.28088e+00,4.30492e+01,7.68908e+01,3.39410e+01,6.57566e-01,1.51878e+02,3.36515e+02,6.01306e+01,1.73853e+00,6.31020e+00,8.59097e+00,5.79349e+00,2.47670e+00,8.84868e+00
4.39439e+01,8.25258e+01,7.94896e-01,7.05490e+01,2.34702e+00,1.66347e+00,4.19219e+00,4.21615e+01,8.01952e+01,3.36410e+01,6.47616e-01,1.53756e+02,2.99526e+02,5.22898e+01,1.87175e+00,6.29105e+00,9.06592e+00,5.01726e+00,2.46287e+00,1.03141e+01
3.81572e+01,8.12035e+01,7.16719e-01,7.07989e+01,2.07446e+00,1.58562e+00,4.12550e+00,4.12590e+01,8.17001e+01,3.32728e+01,6.38652e-01,1.55235e+02,2.67483e+02,4.55816e+01,2.01330e+00,6.26974e+00,9.74988e+00,4.36259e+00,2.44836e+00,1.32685e+01
3.32574e+01,7.99662e+01,6.51826e-01,7.06722e+01,1.84876e+00,1.52115e+00,4.08672e+00,4.03400e+01,8.14608e+01,3.28474e+01,6.30655e-01,1.56325e+02,2.39781e+02,3.98466e+01,2.15816e+00,6.24720e+00,1.08117e+01,3.80996e+00,2.43220e+00,1.83904e+01
2.91065e+01,7.87871e+01,6.00837e-01,7.02820e+01,1.66112e+00,1.46876e+00,4.08308e+00,3.94066e+01,7.98554e+01,3.23808e+01,6.23506e-01,1.57055e+02,2.15841e+02,3.49401e+01,2.30287e+00,6.22447e+00,1.28069e+01,3.34647e+00,2.41362e+00,2.49318e+01
2.55852e+01,7.76403e+01,5.59796e-01,6.97087e+01,1.50374e+00,1.42742e+00,4.12034e+00,3.84646e+01,7.73750e+01,3.18921e+01,6.17152e-01,1.57454e+02,1.95197e+02,3.07378e+01,2.44542e+00,6.20218e+00,1.77248e+01,2.95345e+00,2.39231e+00,3.07609e+01
2.25928e+01,7.65067e+01,5.31256e-01,6.90086e+01,1.37052e+00,1.39629e+00,4.20030e+00,3.75209e+01,7.44586e+01,3.14013e+01,6.11605e-01,1.57530e+02,1.77378e+02,2.71294e+01,2.58389e+00,6.18150e+00,3.30449e+01,2.62167e+00,2.36843e+00,7.46311e+01
2.00432e+01,7.53802e+01,5.09277e-01,6.82213e+01,1.25811e+00,1.37465e+00,4.31886e+00,3.65817e+01,7.14179e+01,3.09279e+01,6.06781e-01,1.57284e+02,1.62001e+02,2.40254e+01,2.71482e+00,6.16311e+00,7.85202e+01,2.34330e+00,2.34257e+00,7.15102e+02
1.78647e+01,7.42662e+01,4.90695e-01,6.73747e+01,1.16288e+00,1.36201e+00,4.46534e+00,3.56544e+01,6.84091e+01,3.04865e+01,6.02723e-01,1.56711e+02,1.48807e+02,2.13502e+01,2.83310e+00,6.14796e+00,1.59898e+02,2.10715e+00,2.31543e+00,1.13980e+03
1.59967e+01,7.31788e+01,4.75642e-01,6.64862e+01,1.08172e+00,1.35804e+00,4.62397e+00,3.47461e+01,6.54463e+01,3.00898e+01,5.99346e-01,1.55804e+02,1.37522e+02,1.90394e+01,2.93332e+00,6.13663e+00,2.31383e+02,1.90372e+00,2.28788e+00,1.19749e+03
1.43902e+01,7.21335e+01,4.63595e-01,6.55685e+01,1.01222e+00,1.36248e+00,4.77775e+00,3.38624e+01,6.24654e+01,2.97455e+01,5.96637e-01,1.54577e+02,1.27922e+02,1.70381e+01,3.01212e+00,6.12966e+00,2.67233e+02,1.72652e+00,2.26084e+00,1.16720e+03
1.30043e+01,7.11466e+01,4.53154e-01,6.46263e+01,9.52480e-01,1.37520e+00,4.91221e+00,3.30105e+01,5.93981e+01,2.94581e+01,5.94699e-01,1.53048e+02,1.19800e+02,1.53004e+01,3.06943e+00,6.12889e+00,2.77459e+02,1.57230e+00,2.23488e+00,1.11193e+03
1.18038e+01,7.02279e+01,4.42823e-01,6.36621e+01,9.00568e-01,1.39613e+00,5.01739e+00,3.21972e+01,5.62127e+01,2.92267e+01,5.93402e-01,1.51249e+02,1.12881e+02,1.37859e+01,3.10918e+00,6.13871e+00,2.74423e+02,1.43807e+00,2.21078e+00,1.04913e+03
1.07581e+01,6.93797e+01,4.31771e-01,6.26789e+01,8.55191e-01,1.42541e+00,5.08810e+00,3.14296e+01,5.29277e+01,2.90463e+01,5.92775e-01,1.49229e+02,1.06817e+02,1.24624e+01,3.13741e+00,6.17477e+00,2.64857e+02,1.32090e+00,2.18900e+00,9.85558e+02
9.84173e+00,6.85971e+01,4.19792e-01,6.16818e+01,8.15332e-01,1.46346e+00,5.12389e+00,3.07124e+01,4.95989e+01,2.89088e+01,5.92660e-01,1.47031e+02,1.01241e+02,1.13024e+01,3.16056e+00,6.27080e+00,2.51962e+02,1.21803e+00,2.17018e+00,9.24013e+02
9.03379e+00,6.78703e+01,4.07523e-01,6.06799e+01,7.80304e-01,1.51096e+00,5.12754e+00,3.00489e+01,4.62955e+01,2.88026e+01,5.93016e-01,1.44705e+02,9.58528e+01,1.02830e+01,3.18319e+00,6.47160e+00,2.37397e+02,1.12721e+00,2.15479e+00,8.65507e+02
8.31710e+00,6.71902e+01,3.95819e-01,5.96887e+01,7.49419e-01,1.56861e+00,5.10358e+00,2.94406e+01,4.30804e+01,2.87151e+01,5.93578e-01,1.42294e+02,9.04658e+01,9.38556e+00,3.20639e+00,6.79565e+00,2.22151e+02,1.04676e+00,2.14316e+00,8.10228e+02
7.67825e+00,6.65486e+01,3.85602e-01,5.87287e+01,7.22327e-01,1.63653e+00,5.05774e+00,2.88854e+01,4.00027e+01,2.86329e+01,5.94211e-01,1.39839e+02,8.50235e+01,8.59442e+00,3.22773e+00,7.19727e+00,2.06882e+02,9.75529e-01,2.13594e+00,7.58059e+02
7.10614e+00,6.59413e+01,3.77853e-01,5.78286e+01,6.98648e-01,1.71364e+00,4.99554e+00,2.83791e+01,3.70956e+01,2.85437e+01,5.94643e-01,1.37374e+02,7.95577e+01,7.89628e+00,3.24248e+00,7.58156e+00,1.92023e+02,9.12687e-01,2.13354e+00,7.08799e+02
6.59202e+00,6.53668e+01,3.72909e-01,5.70185e+01,6.77989e-01,1.79726e+00,4.92197e+00,2.79163e+01,3.43769e+01,2.84389e+01,5.94681e-01,1.34930e+02,7.41479e+01,7.27974e+00,3.24522e+00,7.86648e+00,1.77842e+02,8.57538e-01,2.13633e+00,6.62298e+02
6.12825e+00,6.48233e+01,3.70399e-01,5.63227e+01,6.60054e-01,1.88292e+00,4.84133e+00,2.74908e+01,3.18528e+01,2.83114e+01,5.94187e-01,1.32528e+02,6.88787e+01,6.73485e+00,3.23159e+00,8.02263e+00,1.64493e+02,8.09311e-01,2.14452e+00,6.18443e+02
5.70876e+00,6.43074e+01,3.69315e-01,5.57598e+01,6.44567e-01,1.96529e+00,4.75688e+00,2.71000e+01,2.95238e+01,2.81581e+01,5.93024e-01,1.30188e+02,6.38255e+01,6.25287e+00,3.19901e+00,8.06472e+00,1.52053e+02,7.67387e-01,2.15833e+00,5.77205e+02
5.32824e+00,6.38114e+01,3.68194e-01,5.53202e+01,6.31148e-01,2.03903e+00,4.67106e+00,2.67411e+01,2.73808e+01,2.79792e+01,5.91139e-01,1.27924e+02,5.90426e+01,5.82617e+00,3.14741e+00,8.02575e+00,1.40537e+02,7.31072e-01,2.17766e+00,5.38531e+02
4.98262e+00,6.33234e+01,3.66029e-01,5.49838e+01,6.19535e-01,2.10001e+00,4.58612e+00,2.64132e+01,2.54158e+01,2.77786e+01,5.88573e-01,1.25749e+02,5.45640e+01,5.44701e+00,3.07845e+00,7.93702e+00,1.29923e+02,6.99691e-01,2.20204e+00,5.02405e+02
4.66794e+00,6.28319e+01,3.62210e-01,5.47073e+01,6.09487e-01,2.14572e+00,4.50339e+00,2.61155e+01,2.36157e+01,2.75683e+01,5.85360e-01,1.23664e+02,5.04045e+01,5.10886e+00,2.99514e+00,7.82198e+00,1.20170e+02,6.72543e-01,2.23068e+00,4.68763e+02
4.38104e+00,6.23280e+01,3.56849e-01,5.44496e+01,6.00770e-01,2.17558e+00,4.42408e+00,2.58499e+01,2.19685e+01,2.73675e+01,5.81685e-01,1.21681e+02,4.65654e+01,4.80528e+00,2.90090e+00,7.69606e+00,1.11224e+02,6.48980e-01,2.26228e+00,4.37512e+02
4.11901e+00,6.18082e+01,3.50128e-01,5.41684e+01,5.93076e-01,2.19039e+00,4.34939e+00,2.56158e+01,2.04623e+01,2.72099e+01,5.77697e-01,1.19790e+02,4.30382e+01,4.53080e+00,2.79914e+00,7.56907e+00,1.03029e+02,6.28410e-01,2.29550e+00,4.08549e+02
3.87958e+00,6.12751e+01,3.42634e-01,5.38381e+01,5.86189e-01,2.19191e+00,4.28042e+00,2.54105e+01,1.90841e+01,2.71618e+01,5.73628e-01,1.17998e+02,3.98079e+01,4.28080e+00,2.69304e+00,7.44734e+00,9.55233e+01,6.10310e-01,2.32844e+00,3.81755e+02
3.66053e+00,6.07377e+01,3.34791e-01,5.34442e+01,5.79915e-01,2.18229e+00,4.21842e+00,2.52294e+01,1.78235e+01,2.73705e+01,5.69698e-01,1.16292e+02,3.68569e+01,4.05133e+00,2.58522e+00,7.33511e+00,8.86506e+01,5.94262e-01,2.35935e+00,3.56997e+02
3.46002e+00,6.02104e+01,3.27081e-01,5.29877e+01,5.74121e-01,2.16378e+00,4.16464e+00,2.50681e+01,1.66694e+01,2.81870e+01,5.66136e-01,1.14673e+02,3.41650e+01,3.83965e+00,2.47778e+00,7.23627e+00,8.23572e+01,5.79911e-01,2.38672e+00,3.34148e+02
3.27638e+00,5.97104e+01,3.19721e-01,5.24784e+01,5.68662e-01,2.13858e+00,4.12025e+00,2.49180e+01,1.56115e+01,3.03843e+01,5.63127e-01,1.13133e+02,3.17109e+01,3.64347e+00,2.37233e+00,8.20812e+00,7.65909e+01,5.67052e-01,2.40914e+00,3.13059e+02
3.10824e+00,5.92572e+01,3.12897e-01,5.19264e+01,5.63511e-01,2.10853e+00,4.08681e+00,2.47740e+01,1.46422e+01,3.52811e+01,5.60911e-01,1.11666e+02,2.94751e+01,3.46161e+00,2.27002e+00,1.79132e+02,7.13060e+01,5.55476e-01,2.42554e+00,2.93612e+02
2.95426e+00,5.88738e+01,3.06706e-01,5.13488e+01,5.58653e-01,2.07510e+00,4.06563e+00,2.46282e+01,1.37526e+01,4.41365e+01,5.59620e-01,1.10268e+02,2.74381e+01,3.29253e+00,2.17164e+00,8.19687e+02,6.64578e+01,5.45076e-01,2.43551e+00,2.75681e+02
2.81335e+00,5.85854e+01,3.01097e-01,5.07594e+01,5.54041e-01,2.03947e+00,4.05792e+00,2.44736e+01,1.29354e+01,5.66052e+01,5.59445e-01,1.08935e+02,2.55829e+01,3.13578e+00,2.07776e+00,9.56892e+02,6.20097e+01,5.35666e-01,2.43876e+00,2.59141e+02
2.68427e+00,5.84200e+01,2.96176e-01,5.01718e+01,5.49733e-01,2.00244e+00,4.06486e+00,2.43022e+01,1.21842e+01,7.01087e+01,5.60446e-01,1.07663e+02,2.38912e+01,2.99059e+00,1.98865e+00,9.36512e+02,5.79234e+01,5.27104e-01,2.43564e+00,2.43884e+02
2.56617e+00,5.84094e+01,2.91896e-01,4.95962e+01,5.45732e-01,1.96463e+00,4.08695e+00,2.41067e+01,1.14931e+01,8.16245e+01,5.62695e-01,1.06445e+02,2.23488e+01,2.85645e+00,1.90447e+00,8.96074e+02,5.41664e+01,5.19291e-01,2.42674e+00,2.29807e+02
2.45800e+00,5.85883e+01,2.88167e-01,4.90397e+01,5.42022e-01,1.92635e+00,4.12440e+00,2.38813e+01,1.08568e+01,8.96481e+01,5.66174e-01,1.05283e+02,2.09410e+01,2.73280e+00,1.82524e+00,8.53825e+02,5.07102e+01,5.12132e-01,2.41281e+00,2.16826e+02
2.35911e+00,5.89921e+01,2.84993e-01,4.85092e+01,5.38606e-01,1.88778e+00,4.17625e+00,2.36234e+01,1.02705e+01,9.43032e+01,5.70793e-01,1.04171e+02,1.96554e+01,2.61923e+00,1.75089e+00,8.12670e+02,4.75282e+01,5.05459e-01,2.39450e+00,2.04847e+02
2.26860e+00,5.96524e+01,2.82314e-01,4.80084e+01,5.35489e-01,1.84905e+00,4.24087e+00,2.33336e+01,9.72975e+00,9.64702e+01,5.76478e-01,1.03117e+02,1.84803e+01,2.51514e+00,1.68132e+00,7.73141e+02,4.45950e+01,4.99248e-01,2.37279e+00,1.93800e+02
2.18581e+00,6.05895e+01,2.80063e-01,4.75387e+01,5.32719e-01,1.81026e+00,4.31538e+00,2.30145e+01,9.23080e+00,9.71336e+01,5.83017e-01,1.02122e+02,1.74052e+01,2.41997e+00,1.61638e+00,7.35354e+02,4.18894e+01,4.93481e-01,2.34857e+00,1.83611e+02
2.11004e+00,6.18038e+01,2.78170e-01,4.70981e+01,5.30237e-01,1.77143e+00,4.39598e+00,2.26729e+01,8.77010e+00,9.71671e+01,5.90198e-01,1.01209e+02,1.64204e+01,2.33302e+00,1.55580e+00,6.99283e+02,3.93905e+01,4.88043e-01,2.32262e+00,1.74214e+02
2.04084e+00,6.32718e+01,2.76620e-01,4.66863e+01,5.28018e-01,1.73262e+00,4.47876e+00,2.23125e+01,8.34458e+00,9.73386e+01,5.97764e-01,1.00427e+02,1.55179e+01,2.25380e+00,1.49943e+00,6.64912e+02,3.70814e+01,4.82950e-01,2.29548e+00,1.65552e+02
1.97760e+00,6.49383e+01,2.75379e-01,4.62986e+01,5.26029e-01,1.69394e+00,4.55932e+00,2.19411e+01,7.95128e+00,9.83430e+01,6.05553e-01,9.98645e+01,1.46898e+01,2.18168e+00,1.44700e+00,6.32172e+02,3.49457e+01,4.78222e-01,2.26772e+00,1.57570e+02
1.91979e+00,6.67226e+01,2.74368e-01,4.59303e+01,5.24236e-01,1.65552e+00,4.63411e+00,2.15643e+01,7.58774e+00,1.00727e+02,6.13286e-01,9.96764e+01,1.39293e+01,2.11615e+00,1.39838e+00,6.01031e+02,3.29688e+01,4.73850e-01,2.24000e+00,1.50204e+02
1.86703e+00,6.85260e+01,2.73576e-01,4.55749e+01,5.22638e-01,1.61749e+00,4.70037e+00,2.11866e+01,7.25171e+00,1.04698e+02,6.20769e-01,1.00090e+02,1.32296e+01,2.05657e+00,1.35329e+00,5.71436e+02,3.11367e+01,4.69800e-01,2.21258e+00,1.43406e+02
1.81894e+00,7.02488e+01,2.72953e-01,4.52253e+01,5.21245e-01,1.57997e+00,4.75632e+00,2.08114e+01,6.94092e+00,1.09962e+02,6.27877e-01,1.01394e+02,1.25856e+01,2.00249e+00,1.31146e+00,5.43341e+02,2.94376e+01,4.66137e-01,2.18577e+00,1.37121e+02
1.77507e+00,7.18032e+01,2.72458e-01,4.48754e+01,5.20022e-01,1.54311e+00,4.80122e+00,2.04427e+01,6.65344e+00,1.15763e+02,6.34435e-01,1.03882e+02,1.19917e+01,1.95337e+00,1.27280e+00,5.16692e+02,2.78607e+01,4.62780e-01,2.15955e+00,1.31293e+02
1.73509e+00,7.31213e+01,2.72068e-01,4.45200e+01,5.18926e-01,1.50707e+00,4.83510e+00,2.00826e+01,6.38759e+00,1.21181e+02,6.40396e-01,1.07748e+02,1.14435e+01,1.90879e+00,1.23708e+00,4.91441e+02,2.63960e+01,4.59770e-01,2.13411e+00,1.25864e+02
1.69869e+00,7.41631e+01,2.71809e-01,4.41547e+01,5.17939e-01,1.47195e+00,4.85849e+00,1.97331e+01,6.14171e+00,1.25478e+02,6.45658e-01,1.12978e+02,1.09367e+01,1.86836e+00,1.20413e+00,4.67538e+02,2.50344e+01,4.57115e-01,2.10958e+00,1.20782e+02
1.66559e+00,7.49138e+01,2.71674e-01,4.37756e+01,5.17068e-01,1.43787e+00,4.87204e+00,1.93969e+01,5.91428e+00,1.28284e+02,6.50177e-01,1.19293e+02,1.04678e+01,1.83167e+00,1.17371e+00,4.44927e+02,2.37677e+01,4.54753e-01,2.08571e+00,1.15998e+02
1.63547e+00,7.53815e+01,2.71606e-01,4.33815e+01,5.16278e-01,1.40485e+00,4.87649e+00,1.90751e+01,5.70386e+00,1.29571e+02,6.53912e-01,1.26184e+02,1.00332e+01,1.79833e+00,1.14568e+00,4.23540e+02,2.25876e+01,4.52685e-01,2.06260e+00,1.11461e+02
1.60811e+00,7.55870e+01,2.71585e-01,4.29713e+01,5.15559e-01,1.37298e+00,4.87212e+00,1.87716e+01,5.50938e+00,1.29521e+02,6.56807e-01,1.33066e+02,9.62985e+00,1.76817e+00,1.11989e+00,4.03339e+02,2.14884e+01,4.50896e-01,2.04010e+00,1.07138e+02
1.58332e+00,7.55608e+01,2.71620e-01,4.25458e+01,5.14886e-01,1.34238e+00,4.85930e+00,1.84900e+01,5.32945e+00,1.28408e+02,6.58872e-01,1.39435e+02,9.25510e+00,1.74080e+00,1.09624e+00,3.84260e+02,2.04635e+01,4.49354e-01,2.01834e+00,1.02993e+02
1.56083e+00,7.53393e+01,2.71678e-01,4.21049e+01,5.14246e-01,1.31310e+00,4.83802e+00,1.82329e+01,5.16317e+00,1.26501e+02,6.60058e-01,1.45011e+02,8.90672e+00,1.71597e+00,1.07445e+00,3.66247e+02,1.95066e+01,4.48012e-01,1.99705e+00,9.90009e+01
1.54049e+00,7.49560e+01,2.71740e-01,4.16513e+01,5.13630e-01,1.28508e+00,4.80828e+00,1.80061e+01,5.00949e+00,1.24043e+02,6.60413e-01,1.49757e+02,8.58263e+00,1.69350e+00,1.05453e+00,3.49240e+02,1.86122e+01,4.46878e-01,1.97629e+00,9.51418e+01
1.52216e+00,7.44443e+01,2.71822e-01,4.11869e+01,5.13078e-01,1.25835e+00,4.77022e+00,1.78150e+01,4.86754e+00,1.21258e+02,6.59897e-01,1.53842e+02,8.28068e+00,1.67318e+00,1.03631e+00,3.33182e+02,1.77758e+01,4.45876e-01,1.95618e+00,9.14056e+01
1.50566e+00,7.38330e+01,2.71942e-01,4.07139e+01,5.12551e-01,1.23292e+00,4.72400e+00,1.76650e+01,4.73650e+00,1.18450e+02,6.58512e-01,1.57549e+02,7.99934e+00,1.65481e+00,1.01960e+00,3.18025e+02,1.69932e+01,4.45058e-01,1.93650e+00,8.77863e+01
1.49083e+00,7.31480e+01,2.72085e-01,4.02353e+01,5.12012e-01,1.20882e+00,4.67017e+00,1.75615e+01,4.61556e+00,1.16262e+02,6.56324e-01,1.61172e+02,7.73690e+00,1.63828e+00,1.00440e+00,3.03724e+02,1.62598e+01,4.44335e-01,1.91733e+00,8.42773e+01
1.47752e+00,7.24106e+01,2.72234e-01,3.97537e+01,5.11515e-01,1.18603e+00,4.60930e+00,1.75088e+01,4.50397e+00,1.16226e+02,6.53334e-01,1.64933e+02,7.49214e+00,1.62344e+00,9.90562e-01,2.90220e+02,1.55716e+01,4.43749e-01,1.89872e+00,8.08803e+01
1.46561e+00,7.16391e+01,2.72408e-01,3.92718e+01,5.11052e-01,1.16445e+00,4.54222e+00,1.75099e+01,4.40114e+00,1.21448e+02,6.49608e-01,1.68931e+02,7.26381e+00,1.61016e+00,9.77981e-01,2.77473e+02,1.49257e+01,4.43255e-01,1.88062e+00,7.75965e+01
1.45497e+00,7.08501e+01,2.72572e-01,3.87925e+01,5.10597e-01,1.14408e+00,4.47010e+00,1.75643e+01,4.30626e+00,1.36141e+02,6.45224e-01,1.73132e+02,7.05082e+00,1.59826e+00,9.66541e-01,2.65430e+02,1.43181e+01,4.42850e-01,1.86303e+00,7.44235e+01
1.44546e+00,7.00564e+01,2.72728e-01,3.83187e+01,5.10122e-01,1.12489e+00,4.39389e+00,1.76693e+01,4.21897e+00,1.62156e+02,6.40194e-01,1.77394e+02,6.85213e+00,1.58765e+00,9.56188e-01,2.54066e+02,1.37467e+01,4.42501e-01,1.84594e+00,7.13694e+01
1.43703e+00,6.92694e+01,2.72887e-01,3.78530e+01,5.09629e-01,1.10688e+00,4.31456e+00,1.78170e+01,4.13876e+00,1.94806e+02,6.34619e-01,1.81512e+02,6.66695e+00,1.57829e+00,9.46822e-01,2.43328e+02,1.32080e+01,4.42245e-01,1.82956e+00,6.84287e+01
1.42955e+00,6.84985e+01,2.73060e-01,3.74017e+01,5.09143e-01,1.08996e+00,4.23336e+00,1.79961e+01,4.06500e+00,2.24799e+02,6.28554e-01,1.85272e+02,6.49447e+00,1.57000e+00,9.38386e-01,2.33188e+02,1.27003e+01,4.42008e-01,1.81362e+00,6.56053e+01
1.42295e+00,6.77514e+01,2.73203e-01,3.70601e+01,5.08641e-01,1.07408e+00,4.15117e+00,1.81924e+01,3.99719e+00,2.45273e+02,6.22104e-01,1.88501e+02,6.33398e+00,1.56275e+00,9.30766e-01,2.23606e+02,1.22208e+01,4.41834e-01,1.79826e+00,6.28977e+01
1.41712e+00,6.70339e+01,2.73314e-01,3.88913e+01,5.08135e-01,1.05922e+00,4.06893e+00,1.83903e+01,3.93495e+00,2.55123e+02,6.15317e-01,1.91091e+02,6.18479e+00,1.55644e+00,9.23882e-01,2.14553e+02,1.17676e+01,4.41654e-01,1.78355e+00,6.03043e+01
1.41201e+00,6.63502e+01,2.73418e-01,6.58233e+01,5.07641e-01,1.04537e+00,3.98738e+00,1.85747e+01,3.87788e+00,2.56826e+02,6.08280e-01,1.93020e+02,6.04602e+00,1.55099e+00,9.17711e-01,2.06003e+02,1.13389e+01,4.41503e-01,1.76941e+00,5.78265e+01
1.40755e+00,6.57034e+01,2.73508e-01,2.02620e+02,5.07119e-01,1.03244e+00,3.90718e+00,1.87329e+01,3.82562e+00,2.53441e+02,6.01043e-01,1.94380e+02,5.91724e+00,1.54635e+00,9.12141e-01,1.97917e+02,1.09330e+01,4.41356e-01,1.75578e+00,5.54573e+01
1.40366e+00,6.50945e+01,2.73590e-01,4.36909e+02,5.06600e-01,1.02035e+00,3.82877e+00,1.88559e+01,3.77773e+00,2.47272e+02,5.93699e-01,1.95431e+02,5.79779e+00,1.54244e+00,9.07199e-01,1.90280e+02,1.05486e+01,4.41225e-01,1.74270e+00,5.31984e+01
1.40030e+00,6.45225e+01,2.73680e-01,6.03244e+02,5.06076e-01,1.00914e+00,3.75255e+00,1.89394e+01,3.73389e+00,2.39741e+02,5.86292e-01,1.96662e+02,5.68698e+00,1.53920e+00,9.02748e-01,1.83063e+02,1.01842e+01,4.41110e-01,1.73021e+00,5.10435e+01
1.39736e+00,6.39850e+01,2.73779e-01,6.69895e+02,5.05556e-01,9.98687e-01,3.67874e+00,1.89856e+01,3.69375e+00,2.31653e+02,5.78891e-01,1.98862e+02,5.58435e+00,1.53648e+00,8.98742e-01,1.76236e+02,9.83851e+00,4.40990e-01,1.71812e+00,4.89891e+01
1.39481e+00,6.34774e+01,2.73864e-01,6.82879e+02,5.05019e-01,9.88993e-01,3.60764e+00,1.90009e+01,3.65705e+00,2.23433e+02,5.71519e-01,2.03095e+02,5.48929e+00,1.53429e+00,8.95222e-01,1.69783e+02,9.51060e+00,4.40872e-01,1.70650e+00,4.70345e+01
1.39264e+00,6.29959e+01,2.73931e-01,6.73397e+02,5.04449e-01,9.79968e-01,3.53936e+00,1.90020e+01,3.62340e+00,2.15303e+02,5.64212e-01,2.10477e+02,5.40123e+00,1.53254e+00,8.92014e-01,1.63679e+02,9.19931e+00,4.40747e-01,1.69540e+00,4.51725e+01
1.39074e+00,6.25336e+01,2.73986e-01,6.55450e+02,5.03868e-01,9.71677e-01,3.47388e+00,1.90158e+01,3.59273e+00,2.07376e+02,5.57007e-01,2.21726e+02,5.31960e+00,1.53116e+00,8.89185e-01,1.57908e+02,8.90377e+00,4.40619e-01,1.68470e+00,4.34019e+01
1.38916e+00,6.20850e+01,2.74013e-01,6.34765e+02,5.03286e-01,9.63992e-01,3.41125e+00,1.90825e+01,3.56454e+00,1.99708e+02,5.49945e-01,2.36646e+02,5.24403e+00,1.53018e+00,8.86611e-01,1.52445e+02,8.62322e+00,4.40478e-01,1.67438e+00,4.17160e+01
1.38780e+00,6.16446e+01,2.74005e-01,6.13582e+02,5.02688e-01,9.56871e-01,3.35143e+00,1.92604e+01,3.53864e+00,1.92326e+02,5.43042e-01,2.53898e+02,5.17398e+00,1.52952e+00,8.84342e-01,1.47270e+02,8.35663e+00,4.40317e-01,1.66443e+00,4.01128e+01
1.38665e+00,6.12071e+01,2.73996e-01,5.92745e+02,5.02102e-01,9.50328e-01,3.29437e+00,1.96278e+01,3.51492e+00,1.85238e+02,5.36319e-01,2.71338e+02,5.10895e+00,1.52910e+00,8.82294e-01,1.42362e+02,8.10346e+00,4.40146e-01,1.65491e+00,3.85885e+01
1.38569e+00,6.07686e+01,2.73984e-01,5.72543e+02,5.01489e-01,9.44325e-01,3.23992e+00,2.02763e+01,3.49304e+00,1.78445e+02,5.29781e-01,2.86755e+02,5.04853e+00,1.52891e+00,8.80473e-01,1.37702e+02,7.86302e+00,4.39961e-01,1.64572e+00,3.71379e+01
1.38486e+00,6.03258e+01,2.73964e-01,5.53064e+02,5.00849e-01,9.38779e-01,3.18799e+00,2.12889e+01,3.47269e+00,1.71939e+02,5.23443e-01,2.98575e+02,4.99231e+00,1.52893e+00,8.78810e-01,1.33272e+02,7.63468e+00,4.39762e-01,1.63676e+00,3.57591e+01
1.38419e+00,5.98771e+01,2.73940e-01,5.34327e+02,5.00215e-01,9.33699e-01,3.13838e+00,2.27020e+01,3.45388e+00,1.65716e+02,5.17322e-01,3.06149e+02,4.93988e+00,1.52913e+00,8.77340e-01,1.29053e+02,7.41792e+00,4.39557e-01,1.62821e+00,3.44480e+01
1.38359e+00,5.94223e+01,2.73911e-01,5.16299e+02,4.99560e-01,9.29002e-01,3.09100e+00,2.44640e+01,3.43626e+00,1.59762e+02,5.11420e-01,3.09642e+02,4.89088e+00,1.52946e+00,8.76004e-01,1.25024e+02,7.21202e+00,4.39350e-01,1.61986e+00,3.31999e+01
1.38307e+00,5.89608e+01,2.73877e-01,4.98972e+02,4.98892e-01,9.24722e-01,3.04573e+00,2.64244e+01,3.41982e+00,1.54069e+02,5.05733e-01,3.09686e+02,4.84512e+00,1.52990e+00,8.74794e-01,1.21172e+02,7.01680e+00,4.39127e-01,1.61184e+00,3.20132e+01
1.38266e+00,5.84944e+01,2.73833e-01,4.82331e+02,4.98214e-01,9.20812e-01,3.00244e+00,2.83677e+01,3.40440e+00,1.48626e+02,5.00301e-01,3.07082e+02,4.80222e+00,1.53039e+00,8.73713e-01,1.17479e+02,6.83135e+00,4.38881e-01,1.60407e+00,3.08842e+01
1.38232e+00,5.80247e+01,2.73780e-01,4.66346e+02,4.97515e-01,9.17166e-01,2.96098e+00,3.00865e+01,3.38983e+00,1.43422e+02,4.95095e-01,3.02601e+02,4.76194e+00,1.53094e+00,8.72707e-01,1.13934e+02,6.65551e+00,4.38621e-01,1.59663e+00,2.98099e+01
1.38202e+00,5.75533e+01,2.73700e-01,4.51011e+02,4.96797e-01,9.13834e-01,2.92124e+00,3.14392e+01,3.37608e+00,1.38447e+02,4.90138e-01,2.96877e+02,4.72403e+00,1.53154e+00,8.71793e-01,1.10521e+02,6.48872e+00,4.38348e-01,1.58942e+00,2.87881e+01
1.38174e+00,5.70820e+01,2.73588e-01,4.36331e+02,4.96068e-01,9.10805e-01,2.88309e+00,3.23713e+01,3.36302e+00,1.33690e+02,4.85407e-01,2.90397e+02,4.68841e+00,1.53217e+00,8.70932e-01,1.07227e+02,6.33052e+00,4.38045e-01,1.58248e+00,2.78152e+01
1.38154e+00,5.66137e+01,2.73455e-01,4.22318e+02,4.95354e-01,9.07973e-01,2.84644e+00,3.29005e+01,3.35069e+00,1.29142e+02,4.80906e-01,2.83507e+02,4.65487e+00,1.53280e+00,8.70140e-01,1.04042e+02,6.18058e+00,4.37736e-01,1.57577e+00,2.68885e+01
1.38137e+00,5.61494e+01,2.73315e-01,4.09005e+02,4.94632e-01,9.05413e-01,2.81123e+00,3.30845e+01,3.33901e+00,1.24791e+02,4.76624e-01,2.76449e+02,4.62325e+00,1.53344e+00,8.69404e-01,1.00962e+02,6.03851e+00,4.37396e-01,1.56938e+00,2.60063e+01
1.38122e+00,5.56909e+01,2.73184e-01,3.96435e+02,4.93898e-01,9.03048e-01,2.77731e+00,3.29954e+01,3.32789e+00,1.20628e+02,4.72565e-01,2.69380e+02,4.59344e+00,1.53409e+00,8.68717e-01,9.79773e+01,5.90389e+00,4.37039e-01,1.56319e+00,2.51663e+01
1.38107e+00,5.52390e+01,2.73057e-01,3.84652e+02,4.93164e-01,9.00874e-01,2.74466e+00,3.27020e+01,3.31749e+00,1.16646e+02,4.68741e-01,2.62403e+02,4.56519e+00,1.53473e+00,8.68076e-01,9.50805e+01,5.77645e+00,4.36655e-01,1.55728e+00,2.43663e+01
1.38090e+00,5.47945e+01,2.72918e-01,3.73676e+02,4.92410e-01,8.98845e-01,2.71316e+00,3.22635e+01,3.30762e+00,1.12834e+02,4.65120e-01,2.55579e+02,4.53863e+00,1.53535e+00,8.67473e-01,9.22674e+01,5.65581e+00,4.36262e-01,1.55149e+00,2.36033e+01
1.38075e+00,5.43578e+01,2.72763e-01,3.63501e+02,4.91657e-01,8.96979e-01,2.68281e+00,3.17252e+01,3.29837e+00,1.09186e+02,4.61715e-01,2.48947e+02,4.51348e+00,1.53596e+00,8.66896e-01,8.95376e+01,5.54174e+00,4.35858e-01,1.54601e+00,2.28764e+01
1.38058e+00,5.39284e+01,2.72611e-01,3.54045e+02,4.90880e-01,8.95231e-01,2.65349e+00,3.11217e+01,3.28976e+00,1.05693e+02,4.58508e-01,2.42528e+02,4.48986e+00,1.53652e+00,8.66343e-01,8.68850e+01,5.43382e+00,4.35447e-01,1.54068e+00,2.21834e+01
1.38045e+00,5.35059e+01,2.72444e-01,3.45156e+02,4.90077e-01,8.93620e-01,2.62522e+00,3.04780e+01,3.28175e+00,1.02350e+02,4.55495e-01,2.36328e+02,4.46756e+00,1.53703e+00,8.65797e-01,8.43088e+01,5.33189e+00,4.35022e-01,1.53566e+00,2.15228e+01
1.38029e+00,5.30894e+01,2.72241e-01,3.36651e+02,4.89258e-01,8.92096e-01,2.59792e+00,2.98127e+01,3.27442e+00,9.91468e+01,4.52670e-01,2.30358e+02,4.44655e+00,1.53751e+00,8.65265e-01,8.18077e+01,5.23563e+00,4.34587e-01,1.53077e+00,2.08925e+01
1.38009e+00,5.26786e+01,2.72005e-01,3.28364e+02,4.88428e-01,8.90666e-01,2.57161e+00,2.91384e+01,3.26760e+00,9.60786e+01,4.50044e-01,2.24602e+02,4.42687e+00,1.53797e+00,8.64739e-01,7.93779e+01,5.14472e+00,4.34131e-01,1.52620e+00,2.02910e+01
1.37988e+00,5.22781e+01,2.71760e-01,3.20168e+02,4.87613e-01,8.89345e-01,2.54625e+00,2.84640e+01,3.26139e+00,9.31392e+01,4.47574e-01,2.19069e+02,4.41153e+00,1.53840e+00,8.64221e-01,7.70216e+01,5.05892e+00,4.33661e-01,1.52172e+00,1.97173e+01
1.37967e+00,5.19327e+01,2.71518e-01,3.12008e+02,4.86802e-01,8.88068e-01,2.52180e+00,2.77962e+01,3.25578e+00,9.03236e+01,4.45262e-01,2.13737e+02,4.45750e+00,1.53876e+00,8.63703e-01,7.47345e+01,4.97806e+00,4.33171e-01,1.51751e+00,1.91695e+01
1.37943e+00,5.20357e+01,2.71277e-01,3.03876e+02,4.85974e-01,8.86877e-01,2.49825e+00,2.71388e+01,3.25067e+00,8.76241e+01,4.43100e-01,2.08606e+02,4.49626e+00,1.53904e+00,8.63173e-01,7.25182e+01,4.90189e+00,4.32660e-01,1.51340e+00,1.86476e+01
1.37915e+00,5.56515e+01,2.71036e-01,2.95797e+02,4.85139e-01,8.85726e-01,2.47562e+00,2.64951e+01,3.24609e+00,8.50372e+01,4.41103e-01,2.03665e+02,4.54692e+00,1.53926e+00,8.62654e-01,7.03698e+01,4.83020e+00,4.32116e-01,1.50956e+00,1.81512e+01
1.37884e+00,7.96156e+01,2.70777e-01,2.87808e+02,4.84319e-01,8.84626e-01,2.45385e+00,2.58659e+01,3.24198e+00,8.25558e+01,4.39224e-01,1.98903e+02,4.61471e+00,1.53941e+00,8.62146e-01,6.82880e+01,4.76270e+00,4.31560e-01,1.50578e+00,1.76779e+01
1.37851e+00,1.69504e+02,2.70500e-01,2.79949e+02,4.83493e-01,8.83572e-01,2.43291e+00,2.52528e+01,3.23828e+00,8.01766e+01,4.37497e-01,1.94313e+02,4.63323e+00,1.53952e+00,8.61639e-01,6.62737e+01,4.69949e+00,4.30994e-01,1.50226e+00,1.72255e+01
1.37815e+00,3.27741e+02,2.70231e-01,2.72257e+02,4.82654e-01,8.82567e-01,2.41288e+00,2.46583e+01,3.23496e+00,7.78943e+01,4.35909e-01,1.89885e+02,4.60842e+00,1.53959e+00,8.61122e-01,6.43234e+01,4.64021e+00,4.30415e-01,1.49883e+00,1.67918e+01
1.37776e+00,4.67232e+02,2.69969e-01,2.64759e+02,4.81794e-01,8.81594e-01,2.39371e+00,2.40803e+01,3.23206e+00,7.57055e+01,4.34410e-01,1.85617e+02,4.56626e+00,1.53957e+00,8.60597e-01,6.24381e+01,4.58456e+00,4.29842e-01,1.49560e+00,1.63765e+01
1.37731e+00,5.39636e+02,2.69693e-01,2.57470e+02,4.80929e-01,8.80648e-01,2.37532e+00,2.35201e+01,3.22943e+00,7.36050e+01,4.33044e-01,1.81492e+02,4.52103e+00,1.53950e+00,8.60073e-01,6.06143e+01,4.53246e+00,4.29252e-01,1.49245e+00,1.59789e+01
1.37684e+00,5.64826e+02,2.69387e-01,2.50402e+02,4.80036e-01,8.79710e-01,2.35776e+00,2.29781e+01,3.22714e+00,7.15895e+01,4.31755e-01,1.77510e+02,4.48096e+00,1.53937e+00,8.59540e-01,5.88525e+01,4.48381e+00,4.28646e-01,1.48944e+00,1.55986e+01
1.37632e+00,5.67580e+02,2.69062e-01,2.43566e+02,4.79147e-01,8.78799e-01,2.34102e+00,2.24529e+01,3.22507e+00,6.96548e+01,4.30558e-01,1.73667e+02,4.45126e+00,1.53920e+00,8.58999e-01,5.71494e+01,4.43839e+00,4.28027e-01,1.48662e+00,1.52345e+01
1.37582e+00,5.60539e+02,2.68732e-01,2.36957e+02,4.78276e-01,8.77896e-01,2.32505e+00,2.19449e+01,3.22322e+00,6.77985e+01,4.29449e-01,1.69952e+02,4.43481e+00,1.53897e+00,8.58439e-01,5.55044e+01,4.39606e+00,4.27396e-01,1.48385e+00,1.48859e+01
1.37526e+00,5.49293e+02,2.68406e-01,2.30576e+02,4.77404e-01,8.77011e-01,2.30982e+00,2.14538e+01,3.22156e+00,6.60164e+01,4.28407e-01,1.66363e+02,4.43369e+00,1.53863e+00,8.57879e-01,5.39168e+01,4.35667e+00,4.26750e-01,1.48124e+00,1.45526e+01
1.37465e+00,5.36335e+02,2.68082e-01,2.24425e+02,4.76537e-01,8.76135e-01,2.29536e+00,2.09789e+01,3.22003e+00,6.43058e+01,4.27444e-01,1.62896e+02,4.44974e+00,1.53824e+00,8.57308e-01,5.23832e+01,4.32010e+00,4.26085e-01,1.47866e+00,1.42338e+01
1.37402e+00,5.22810e+02,2.67745e-01,2.18489e+02,4.75670e-01,8.75266e-01,2.28161e+00,2.05193e+01,3.21856e+00,6.26619e+01,4.26547e-01,1.59544e+02,4.48448e+00,1.53781e+00,8.56735e-01,5.09025e+01,4.28620e+00,4.25415e-01,1.47611e+00,1.39284e+01
1.37339e+00,5.09244e+02,2.67377e-01,2.12771e+02,4.74788e-01,8.74403e-01,2.26852e+00,2.00753e+01,3.21719e+00,6.10830e+01,4.25708e-01,1.56307e+02,4.53851e+00,1.53733e+00,8.56156e-01,4.94736e+01,4.25487e+00,4.24732e-01,1.47374e+00,1.36358e+01
1.37277e+00,4.95885e+02,2.67014e-01,2.07256e+02,4.73892e-01,8.73539e-01,2.25611e+00,1.96474e+01,3.21580e+00,5.95664e+01,4.24929e-01,1.53179e+02,4.61029e+00,1.53680e+00,8.55551e-01,4.80953e+01,4.22589e+00,4.24034e-01,1.47139e+00,1.33554e+01
1.37218e+00,4.82852e+02,2.66661e-01,2.01950e+02,4.72993e-01,8.72686e-01,2.24434e+00,1.92325e+01,3.21451e+00,5.81098e+01,4.24191e-01,1.50173e+02,4.69645e+00,1.53621e+00,8.54926e-01,4.67642e+01,4.19918e+00,4.23330e-01,1.46915e+00,1.30866e+01
1.37157e+00,4.70206e+02,2.66309e-01,1.96834e+02,4.72091e-01,8.71845e-01,2.23318e+00,1.88324e+01,3.21321e+00,5.67104e+01,4.23505e-01,1.47355e+02,4.79221e+00,1.53554e+00,8.54308e-01,4.54809e+01,4.17471e+00,4.22623e-01,1.46696e+00,1.28289e+01
1.37091e+00,4.57979e+02,2.65942e-01,1.91902e+02,4.71157e-01,8.70993e-01,2.22262e+00,1.84457e+01,3.21191e+00,5.53652e+01,4.22855e-01,1.45095e+02,4.89306e+00,1.53481e+00,8.53675e-01,4.42429e+01,4.15229e+00,4.21916e-01,1.46479e+00,1.25811e+01
1.37021e+00,4.46181e+02,2.65549e-01,1.87154e+02,4.70236e-01,8.70141e-01,2.21262e+00,1.80720e+01,3.21056e+00,5.40723e+01,4.22231e-01,1.44874e+02,4.99569e+00,1.53405e+00,8.53031e-01,4.30470e+01,4.13176e+00,4.21206e-01,1.46273e+00,1.23431e+01
1.36949e+00,4.34828e+02,2.65136e-01,1.82574e+02,4.69327e-01,8.69285e-01,2.20314e+00,1.77110e+01,3.20920e+00,5.28297e+01,4.21639e-01,1.51267e+02,5.09786e+00,1.53323e+00,8.52363e-01,4.18943e+01,4.11302e+00,4.20489e-01,1.46063e+00,1.21148e+01
1.36865e+00,4.23920e+02,2.64728e-01,1.78157e+02,4.68415e-01,8.68423e-01,2.19418e+00,1.73623e+01,3.20779e+00,5.16353e+01,4.21070e-01,1.74191e+02,5.19748e+00,1.53233e+00,8.51685e-01,4.07823e+01,4.09594e+00,4.19756e-01,1.45861e+00,1.18958e+01
1.36775e+00,4.13459e+02,2.64338e-01,1.73901e+02,4.67518e-01,8.67559e-01,2.18571e+00,1.70259e+01,3.20631e+00,5.04862e+01,4.20526e-01,2.25881e+02,5.29218e+00,1.53134e+00,8.51001e-01,3.97092e+01,4.08045e+00,4.19010e-01,1.45662e+00,1.16855e+01
1.36678e+00,4.03439e+02,2.63939e-01,1.69791e+02,4.66614e-01,8.66693e-01,2.17770e+00,1.67003e+01,3.20475e+00,4.93811e+01,4.20004e-01,3.07996e+02,5.37967e+00,1.53030e+00,8.50323e-01,3.86733e+01,4.06640e+00,4.18257e-01,1.45460e+00,1.14835e+01
1.36580e+00,3.93852e+02,2.63511e-01,1.65823e+02,4.65710e-01,8.65824e-01,2.17009e+00,1.63865e+01,3.20314e+00,4.83180e+01,4.19496e-01,4.02777e+02,5.45837e+00,1.52925e+00,8.49633e-01,3.76739e+01,4.05375e+00,4.17502e-01,1.45271e+00,1.12900e+01
1.36480e+00,3.84678e+02,2.63080e-01,1.61992e+02,4.64788e-01,8.64954e-01,2.16291e+00,1.60831e+01,3.20143e+00,4.72960e+01,4.19005e-01,4.84998e+02,5.52810e+00,1.52814e+00,8.48929e-01,3.67097e+01,4.04227e+00,4.16735e-01,1.45074e+00,1.11046e+01
1.36379e+00,3.75894e+02,2.62663e-01,1.58287e+02,4.63870e-01,8.64099e-01,2.15612e+00,1.57912e+01,3.19966e+00,4.63129e+01,4.18527e-01,5.40468e+02,5.59050e+00,1.52700e+00,8.48217e-01,3.57798e+01,4.03196e+00,4.15957e-01,1.44886e+00,1.09267e+01
1.36282e+00,3.67463e+02,2.62251e-01,1.54706e+02,4.62960e-01,8.63236e-01,2.14972e+00,1.55084e+01,3.19780e+00,4.53669e+01,4.18060e-01,5.69619e+02,5.64815e+00,1.52579e+00,8.47488e-01,3.48819e+01,4.02278e+00,4.15181e-01,1.44698e+00,1.07562e+01
1.36189e+00,3.59353e+02,2.61832e-01,1.51240e+02,4.62013e-01,8.62350e-01,2.14369e+00,1.52363e+01,3.19584e+00,4.44560e+01,4.17602e-01,5.79832e+02,5.70347e+00,1.52452e+00,8.46752e-01,3.40150e+01,4.01462e+00,4.14417e-01,1.44505e+00,1.05932e+01
1.36102e+00,3.51523e+02,2.61403e-01,1.47882e+02,4.61080e-01,8.61456e-01,2.13797e+00,1.49732e+01,3.19382e+00,4.35791e+01,4.17150e-01,5.78628e+02,5.75734e+00,1.52321e+00,8.45999e-01,3.31782e+01,4.00733e+00,4.13655e-01,1.44322e+00,1.04368e+01
1.36025e+00,3.43939e+02,2.60946e-01,1.44631e+02,4.60160e-01,8.60559e-01,2.13254e+00,1.47201e+01,3.19167e+00,4.27348e+01,4.16703e-01,5.71281e+02,5.80920e+00,1.52190e+00,8.45228e-01,3.23706e+01,4.00082e+00,4.12880e-01,1.44136e+00,1.02871e+01
1.35959e+00,3.36564e+02,2.60485e-01,1.41475e+02,4.59255e-01,8.59663e-01,2.12739e+00,1.44755e+01,3.18944e+00,4.19223e+01,4.16259e-01,5.60920e+02,5.85641e+00,1.52055e+00,8.44439e-01,3.15911e+01,3.99506e+00,4.12086e-01,1.43950e+00,1.01441e+01
1.35907e+00,3.29368e+02,2.60040e-01,1.38416e+02,4.58348e-01,8.58754e-01,2.12252e+00,1.42407e+01,3.18709e+00,4.11403e+01,4.15814e-01,5.49239e+02,5.89558e+00,1.51915e+00,8.43643e-01,3.08384e+01,3.98993e+00,4.11279e-01,1.43768e+00,1.00072e+01
1.35867e+00,3.22329e+02,2.59595e-01,1.35441e+02,4.57442e-01,8.57838e-01,2.11790e+00,1.40136e+01,3.18463e+00,4.03859e+01,4.15374e-01,5.37115e+02,5.92327e+00,1.51772e+00,8.42856e-01,3.01112e+01,3.98538e+00,4.10473e-01,1.43579e+00,9.87613e+00
1.35842e+00,3.15425e+02,2.59125e-01,1.32551e+02,4.56535e-01,8.56910e-01,2.11352e+00,1.37949e+01,3.18208e+00,3.96595e+01,4.14940e-01,5.24968e+02,5.93665e+00,1.51627e+00,8.42060e-01,2.94089e+01,3.98130e+00,4.09668e-01,1.43398e+00,9.75135e+00
1.35831e+00,3.08650e+02,2.58647e-01,1.29742e+02,4.55618e-01,8.55977e-01,2.10935e+00,1.35847e+01,3.17942e+00,3.89603e+01,4.14514e-01,5.13018e+02,5.93412e+00,1.51482e+00,8.41242e-01,2.87304e+01,3.97773e+00,4.08857e-01,1.43213e+00,9.63200e+00
1.35833e+00,3.01994e+02,2.58173e-01,1.27010e+02,4.54698e-01,8.55060e-01,2.10541e+00,1.33820e+01,3.17670e+00,3.82856e+01,4.14088e-01,5.01364e+02,5.91541e+00,1.51340e+00,8.40415e-01,2.80751e+01,3.97452e+00,4.08036e-01,1.43030e+00,9.51825e+00
1.35845e+00,2.95456e+02,2.57709e-01,1.24348e+02,4.53778e-01,8.54135e-01,2.10168e+00,1.31872e+01,3.17386e+00,3.76353e+01,4.13663e-01,4.90057e+02,5.88164e+00,1.51200e+00,8.39588e-01,2.74424e+01,3.97175e+00,4.07229e-01,1.42849e+00,9.41004e+00
1.35868e+00,2.89039e+02,2.57256e-01,1.21760e+02,4.52820e-01,8.53190e-01,2.09813e+00,1.29998e+01,3.17097e+00,3.70086e+01,4.13233e-01,4.79116e+02,5.83458e+00,1.51059e+00,8.38740e-01,2.68310e+01,3.96929e+00,4.06430e-01,1.42661e+00,9.30669e+00
1.35891e+00,2.82743e+02,2.56790e-01,1.19234e+02,4.51867e-01,8.52243e-01,2.09472e+00,1.28195e+01,3.16799e+00,3.64041e+01,4.12803e-01,4.68551e+02,5.77649e+00,1.50917e+00,8.37885e-01,2.62401e+01,3.96708e+00,4.05624e-01,1.42479e+00,9.20886e+00
1.35917e+00,2.76574e+02,2.56292e-01,1.16777e+02,4.50947e-01,8.51302e-01,2.09144e+00,1.26464e+01,3.16491e+00,3.58210e+01,4.12376e-01,4.58360e+02,5.70986e+00,1.50777e+00,8.37021e-01,2.56691e+01,3.96508e+00,4.04807e-01,1.42298e+00,9.11572e+00
1.35936e+00,2.70535e+02,2.55794e-01,1.14379e+02,4.50038e-01,8.50356e-01,2.08832e+00,1.24799e+01,3.16177e+00,3.52582e+01,4.11950e-01,4.48534e+02,5.63697e+00,1.50638e+00,8.36135e-01,2.51172e+01,3.96326e+00,4.03979e-01,1.42114e+00,9.02756e+00
1.35940e+00,2.64632e+02,2.55327e-01,1.12043e+02,4.49140e-01,8.49392e-01,2.08534e+00,1.23199e+01,3.15855e+00,3.47152e+01,4.11518e-01,4.39063e+02,5.55997e+00,1.50495e+00,8.35245e-01,2.45838e+01,3.96164e+00,4.03149e-01,1.41934e+00,8.94418e+00
1.35925e+00,2.58865e+02,2.54854e-01,1.09763e+02,4.48243e-01,8.48420e-01,2.08246e+00,1.21662e+01,3.15521e+00,3.41907e+01,4.11080e-01,4.29922e+02,5.48072e+00,1.50347e+00,8.34373e-01,2.40682e+01,3.96012e+00,4.02329e-01,1.41750e+00,8.86528e+00
1.35891e+00,2.53240e+02,2.54365e-01,1.07541e+02,4.47337e-01,8.47441e-01,2.07970e+00,1.20183e+01,3.15184e+00,3.36845e+01,4.10634e-01,4.21107e+02,5.40054e+00,1.50192e+00,8.33508e-01,2.35697e+01,3.95869e+00,4.01509e-01,1.41567e+00,8.79118e+00
1.35830e+00,2.47760e+02,2.53862e-01,1.05372e+02,4.46418e-01,8.46461e-01,2.07702e+00,1.18763e+01,3.14834e+00,3.31957e+01,4.10191e-01,4.12584e+02,5.32077e+00,1.50032e+00,8.32615e-01,2.30879e+01,3.95729e+00,4.00685e-01,1.41387e+00,8.72135e+00
1.35742e+00,2.42420e+02,2.53365e-01,1.03259e+02,4.45505e-01,8.45493e-01,2.07446e+00,1.17404e+01,3.14480e+00,3.27230e+01,4.09755e-01,4.04342e+02,5.24235e+00,1.49866e+00,8.31708e-01,2.26217e+01,3.95596e+00,3.99853e-01,1.41204e+00,8.65602e+00
1.35620e+00,2.37222e+02,2.52878e-01,1.01197e+02,4.44602e-01,8.44516e-01,2.07201e+00,1.16096e+01,3.14118e+00,3.22669e+01,4.09321e-01,3.96346e+02,5.16607e+00,1.49692e+00,8.30806e-01,2.21710e+01,3.95470e+00,3.99036e-01,1.41023e+00,8.59486e+00
1.35466e+00,2.32166e+02,2.52397e-01,9.91859e+01,4.43674e-01,8.43522e-01,2.06961e+00,1.14840e+01,3.13750e+00,3.18265e+01,4.08885e-01,3.88575e+02,5.09248e+00,1.49508e+00,8.29901e-01,2.17353e+01,3.95349e+00,3.98231e-01,1.40842e+00,8.53777e+00
1.35280e+00,2.27250e+02,2.51903e-01,9.72264e+01,4.42750e-01,8.42522e-01,2.06726e+00,1.13630e+01,3.13373e+00,3.14001e+01,4.08451e-01,3.81026e+02,5.02199e+00,1.49316e+00,8.28977e-01,2.13138e+01,3.95228e+00,3.97423e-01,1.40659e+00,8.48487e+00
1.35063e+00,2.22472e+02,2.51392e-01,9.53134e+01,4.41852e-01,8.41533e-01,2.06497e+00,1.12473e+01,3.12991e+00,3.09878e+01,4.08014e-01,3.73652e+02,4.95500e+00,1.49116e+00,8.28038e-01,2.09059e+01,3.95102e+00,3.96611e-01,1.40478e+00,8.43561e+00
1.34823e+00,2.17830e+02,2.50872e-01,9.34494e+01,4.40957e-01,8.40530e-01,2.06272e+00,1.11358e+01,3.12605e+00,3.05894e+01,4.07567e-01,3.66454e+02,4.89174e+00,1.48910e+00,8.27091e-01,2.05112e+01,3.94975e+00,3.95787e-01,1.40297e+00,8.39042e+00
1.34558e+00,2.13319e+02,2.50378e-01,9.16335e+01,4.40062e-01,8.39533e-01,2.06053e+00,1.10286e+01,3.12212e+00,3.02044e+01,4.07111e-01,3.59414e+02,4.83231e+00,1.48697e+00,8.26145e-01,2.01296e+01,3.94846e+00,3.94946e-01,1.40113e+00,8.34881e+00
1.34275e+00,2.08936e+02,2.49886e-01,8.98606e+01,4.39173e-01,8.38534e-01,2.05839e+00,1.09254e+01,3.11811e+00,2.98312e+01,4.06659e-01,3.52517e+02,4.77681e+00,1.48479e+00,8.25205e-01,1.97600e+01,3.94714e+00,3.94104e-01,1.39929e+00,8.31067e+00
1.33986e+00,2.04680e+02,2.49397e-01,8.81354e+01,4.38286e-01,8.37531e-01,2.05627e+00,1.08259e+01,3.11407e+00,2.94701e+01,4.06208e-01,3.45761e+02,4.72532e+00,1.48251e+00,8.24268e-01,1.94022e+01,3.94574e+00,3.93267e-01,1.39746e+00,8.27643e+00
1.33683e+00,2.00546e+02,2.48900e-01,8.64514e+01,4.37397e-01,8.36517e-01,2.05418e+00,1.07307e+01,3.10992e+00,2.91205e+01,4.05759e-01,3.39135e+02,4.67756e+00,1.48020e+00,8.23311e-01,1.90562e+01,3.94427e+00,3.92428e-01,1.39567e+00,8.24555e+00
1.33379e+00,1.96530e+02,2.48403e-01,8.48120e+01,4.36511e-01,8.35505e-01,2.05215e+00,1.06385e+01,3.10576e+00,2.87822e+01,4.05306e-01,3.32646e+02,4.63355e+00,1.47787e+00,8.22342e-01,1.87212e+01,3.94272e+00,3.91587e-01,1.39384e+00,8.21867e+00
1.33076e+00,1.92628e+02,2.47908e-01,8.32158e+01,4.35624e-01,8.34491e-01,2.05012e+00,1.05495e+01,3.10155e+00,2.84549e+01,4.04851e-01,3.26277e+02,4.59311e+00,1.47553e+00,8.21383e-01,1.83970e+01,3.94114e+00,3.90767e-01,1.39203e+00,8.19544e+00
1.32773e+00,1.88838e+02,2.47422e-01,8.16586e+01,4.34719e-01,8.33467e-01,2.04813e+00,1.04639e+01,3.09729e+00,2.81373e+01,4.04398e-01,3.20044e+02,4.55600e+00,1.47314e+00,8.20424e-01,1.80829e+01,3.93954e+00,3.89958e-01,1.39022e+00,8.17643e+00
1.32474e+00,1.85154e+02,2.46934e-01,8.01421e+01,4.33830e-01,8.32448e-01,2.04614e+00,1.03816e+01,3.09298e+00,2.78298e+01,4.03952e-01,3.13935e+02,4.52197e+00,1.47074e+00,8.19446e-01,1.77786e+01,3.93785e+00,3.89146e-01,1.38838e+00,8.16128e+00
1.32180e+00,1.81574e+02,2.46424e-01,7.86668e+01,4.32955e-01,8.31419e-01,2.04412e+00,1.03020e+01,3.08863e+00,2.75321e+01,4.03504e-01,3.07958e+02,4.49071e+00,1.46834e+00,8.18456e-01,1.74838e+01,3.93606e+00,3.88326e-01,1.38656e+00,8.15057e+00
1.31893e+00,1.78093e+02,2.45911e-01,7.72283e+01,4.32086e-01,8.30373e-01,2.04211e+00,1.02246e+01,3.08423e+00,2.72429e+01,4.03046e-01,3.02106e+02,4.46205e+00,1.46594e+00,8.17458e-01,1.71981e+01,3.93416e+00,3.87499e-01,1.38476e+00,8.14361e+00
1.31613e+00,1.74710e+02,2.45410e-01,7.58279e+01,4.31213e-01,8.29323e-01,2.04013e+00,1.01503e+01,3.07980e+00,2.69629e+01,4.02588e-01,2.96386e+02,4.43570e+00,1.46354e+00,8.16452e-01,1.69215e+01,3.93220e+00,3.86666e-01,1.38294e+00,8.14083e+00
1.31339e+00,1.71417e+02,2.44907e-01,7.44629e+01,4.30342e-01,8.28279e-01,2.03817e+00,1.00781e+01,3.07530e+00,2.66910e+01,4.02131e-01,2.90791e+02,4.41148e+00,1.46114e+00,8.15465e-01,1.66531e+01,3.93019e+00,3.85833e-01,1.38112e+00,8.14121e+00
1.31075e+00,1.68215e+02,2.44404e-01,7.31355e+01,4.29471e-01,8.27238e-01,2.03618e+00,1.00085e+01,3.07078e+00,2.64272e+01,4.01669e-01,2.85328e+02,4.38908e+00,1.45871e+00,8.14488e-01,1.63933e+01,3.92806e+00,3.85004e-01,1.37933e+00,8.14465e+00
1.30819e+00,1.65098e+02,2.43898e-01,7.18418e+01,4.28605e-01,8.26197e-01,2.03418e+00,9.94130e+00,3.06619e+00,2.61713e+01,4.01206e-01,2.79992e+02,4.36838e+00,1.45630e+00,8.13500e-01,1.61416e+01,3.92582e+00,3.84176e-01,1.37756e+00,8.14997e+00
1.30570e+00,1.62064e+02,2.43402e-01,7.05809e+01,4.27736e-01,8.25151e-01,2.03220e+00,9.87609e+00,3.06157e+00,2.59234e+01,4.00741e-01,2.74790e+02,4.34908e+00,1.45389e+00,8.12498e-01,1.58977e+01,3.92348e+00,3.83348e-01,1.37575e+00,8.15665e+00
1.30327e+00,1.59110e+02,2.42894e-01,6.93550e+01,4.26854e-01,8.24093e-01,2.03024e+00,9.81310e+00,3.05694e+00,2.56821e+01,4.00276e-01,2.69708e+02,4.33109e+00,1.45149e+00,8.11492e-01,1.56611e+01,3.92110e+00,3.82535e-01,1.37397e+00,8.16339e+00
1.30092e+00,1.56232e+02,2.42397e-01,6.81617e+01,4.25990e-01,8.23035e-01,2.02827e+00,9.75192e+00,3.05226e+00,2.54482e+01,3.99809e-01,2.64762e+02,4.31436e+00,1.44910e+00,8.10484e-01,1.54316e+01,3.91864e+00,3.81734e-01,1.37221e+00,8.16926e+00
1.29860e+00,1.53427e+02,2.41907e-01,6.69981e+01,4.25123e-01,8.21987e-01,2.02627e+00,9.69256e+00,3.04755e+00,2.52211e+01,3.99346e-01,2.59934e+02,4.29862e+00,1.44669e+00,8.09457e-01,1.52094e+01,3.91612e+00,3.80931e-01,1.37041e+00,8.17368e+00
1.29631e+00,1.50691e+02,2.41400e-01,6.58651e+01,4.24252e-01,8.20927e-01,2.02423e+00,9.63537e+00,3.04278e+00,2.50002e+01,3.98889e-01,2.55237e+02,4.28375e+00,1.44429e+00,8.08428e-01,1.49941e+01,3.91347e+00,3.80124e-01,1.36861e+00,8.17593e+00
1.29407e+00,1.48023e+02,2.40875e-01,6.47628e+01,4.23408e-01,8.19866e-01,2.02220e+00,9.58013e+00,3.03803e+00,2.47859e+01,3.98425e-01,2.50653e+02,4.26973e+00,1.44192e+00,8.07398e-01,1.47849e+01,3.91072e+00,3.79310e-01,1.36685e+00,8.17585e+00
1.29185e+00,1.45421e+02,2.40358e-01,6.36895e+01,4.22559e-01,8.18811e-01,2.02018e+00,9.52680e+00,3.03323e+00,2.45777e+01,3.97952e-01,2.46190e+02,4.25646e+00,1.43955e+00,8.06365e-01,1.45824e+01,3.90794e+00,3.78493e-01,1.36508e+00,8.17323e+00
1.28966e+00,1.42881e+02,2.39856e-01,6.26423e+01,4.21697e-01,8.17759e-01,2.01816e+00,9.47472e+00,3.02838e+00,2.43753e+01,3.97482e-01,2.41839e+02,4.24387e+00,1.43717e+00,8.05343e-01,1.43857e+01,3.90508e+00,3.77681e-01,1.36328e+00,8.16878e+00
1.28748e+00,1.40401e+02,2.39355e-01,6.16236e+01,4.20850e-01,8.16708e-01,2.01612e+00,9.42476e+00,3.02352e+00,2.41784e+01,3.97015e-01,2.37602e+02,4.23184e+00,1.43477e+00,8.04330e-01,1.41953e+01,3.90211e+00,3.76873e-01,1.36151e+00,8.16291e+00
1.28533e+00,1.37979e+02,2.38856e-01,6.06322e+01,4.20013e-01,8.15654e-01,2.01406e+00,9.37630e+00,3.01861e+00,2.39876e+01,3.96547e-01,2.33472e+02,4.22035e+00,1.43236e+00,8.03309e-01,1.40107e+01,3.89906e+00,3.76061e-01,1.35976e+00,8.15621e+00
1.28322e+00,1.35612e+02,2.38365e-01,5.96651e+01,4.19183e-01,8.14598e-01,2.01200e+00,9.32962e+00,3.01365e+00,2.38017e+01,3.96073e-01,2.29454e+02,4.20938e+00,1.42995e+00,8.02278e-01,1.38316e+01,3.89596e+00,3.75250e-01,1.35796e+00,8.15028e+00
1.28111e+00,1.33300e+02,2.37878e-01,5.87230e+01,4.18325e-01,8.13534e-01,2.00994e+00,9.28467e+00,3.00868e+00,2.36213e+01,3.95597e-01,2.25534e+02,4.19882e+00,1.42754e+00,8.01252e-01,1.36580e+01,3.89279e+00,3.74456e-01,1.35621e+00,8.14607e+00
1.27902e+00,1.31040e+02,2.37397e-01,5.78060e+01,4.17470e-01,8.12456e-01,2.00786e+00,9.24116e+00,3.00369e+00,2.34459e+01,3.95120e-01,2.21722e+02,4.18863e+00,1.42512e+00,8.00228e-01,1.34900e+01,3.88960e+00,3.73669e-01,1.35447e+00,8.14473e+00
1.27695e+00,1.28829e+02,2.36916e-01,5.69132e+01,4.16639e-01,8.11390e-01,2.00577e+00,9.19905e+00,2.99868e+00,2.32752e+01,3.94655e-01,2.18001e+02,4.17874e+00,1.42269e+00,7.99197e-01,1.33271e+01,3.88637e+00,3.72880e-01,1.35271e+00,8.14735e+00
1.27486e+00,1.26667e+02,2.36417e-01,5.60431e+01,4.15822e-01,8.10329e-01,2.00363e+00,9.15852e+00,2.99363e+00,2.31096e+01,3.94199e-01,2.14383e+02,4.16911e+00,1.42027e+00,7.98156e-01,1.31691e+01,3.88305e+00,3.72083e-01,1.35095e+00,8.15516e+00
1.27277e+00,1.24552e+02,2.35905e-01,5.51947e+01,4.15000e-01,8.09263e-01,2.00148e+00,9.11944e+00,2.98859e+00,2.29487e+01,3.93742e-01,2.10850e+02,4.15969e+00,1.41785e+00,7.97108e-01,1.30164e+01,3.87971e+00,3.71280e-01,1.34923e+00,8.16866e+00
1.27068e+00,1.22482e+02,2.35412e-01,5.43687e+01,4.14175e-01,8.08186e-01,1.99935e+00,9.08183e+00,2.98353e+00,2.27923e+01,3.93278e-01,2.07410e+02,4.15044e+00,1.41543e+00,7.96057e-01,1.28684e+01,3.87636e+00,3.70479e-01,1.34748e+00,8.18879e+00
1.26860e+00,1.20456e+02,2.34930e-01,5.35628e+01,4.13343e-01,8.07112e-01,1.99721e+00,9.04542e+00,2.97844e+00,2.26400e+01,3.92815e-01,2.04053e+02,4.14136e+00,1.41300e+00,7.95023e-01,1.27249e+01,3.87298e+00,3.69684e-01,1.34572e+00,8.21542e+00
1.26652e+00,1.18474e+02,2.34444e-01,5.27777e+01,4.12518e-01,8.06045e-01,1.99507e+00,9.01050e+00,2.97336e+00,2.24921e+01,3.92351e-01,2.00779e+02,4.13244e+00,1.41056e+00,7.94003e-01,1.25863e+01,3.86955e+00,3.68895e-01,1.34403e+00,8.24878e+00
1.26443e+00,1.16534e+02,2.33951e-01,5.20136e+01,4.11699e-01,8.04984e-01,1.99289e+00,8.97687e+00,2.96825e+00,2.23486e+01,3.91887e-01,1.97586e+02,4.12369e+00,1.40810e+00,7.92977e-01,1.24522e+01,3.86607e+00,3.68105e-01,1.34232e+00,8.28839e+00
1.26236e+00,1.14634e+02,2.33473e-01,5.12687e+01,4.10871e-01,8.03924e-01,1.99070e+00,8.94451e+00,2.96311e+00,2.22088e+01,3.91417e-01,1.94473e+02,4.11507e+00,1.40564e+00,7.91937e-01,1.23221e+01,3.86257e+00,3.67317e-01,1.34057e+00,8.33382e+00
1.26029e+00,1.12773e+02,2.32989e-01,5.05425e+01,4.10043e-01,8.02857e-01,1.98854e+00,8.91350e+00,2.95797e+00,2.20733e+01,3.90943e-01,1.91433e+02,4.10649e+00,1.40318e+00,7.90893e-01,1.21969e+01,3.85909e+00,3.66550e-01,1.33886e+00,8.38367e+00
1.25822e+00,1.10952e+02,2.32502e-01,4.98343e+01,4.09225e-01,8.01773e-01,1.98636e+00,8.88380e+00,2.95282e+00,2.19414e+01,3.90475e-01,1.88468e+02,4.09804e+00,1.40073e+00,7.89861e-01,1.20756e+01,3.85563e+00,3.65790e-01,1.33717e+00,8.43736e+00
1.25615e+00,1.09168e+02,2.32020e-01,4.91439e+01,4.08399e-01,8.00700e-01,1.98417e+00,8.85522e+00,2.94765e+00,2.18133e+01,3.90016e-01,1.85573e+02,4.08966e+00,1.39825e+00,7.88805e-01,1.19584e+01,3.85217e+00,3.65024e-01,1.33545e+00,8.49296e+00
1.25409e+00,1.07422e+02,2.31527e-01,4.84713e+01,4.07593e-01,7.99635e-01,1.98193e+00,8.82784e+00,2.94248e+00,2.16891e+01,3.89568e-01,1.82745e+02,4.08134e+00,1.39578e+00,7.87736e-01,1.18456e+01,3.84870e+00,3.64249e-01,1.33371e+00,8.54960e+00
1.25202e+00,1.05713e+02,2.31020e-01,4.78161e+01,4.06799e-01,7.98564e-01,1.97970e+00,8.80153e+00,2.93731e+00,2.15681e+01,3.89112e-01,1.79984e+02,4.07309e+00,1.39333e+00,7.86679e-01,1.17364e+01,3.84526e+00,3.63472e-01,1.33204e+00,8.60546e+00
1.24994e+00,1.04041e+02,2.30523e-01,4.71778e+01,4.05997e-01,7.97487e-01,1.97749e+00,8.77629e+00,2.93216e+00,2.14508e+01,3.89546e-01,1.77286e+02,4.06490e+00,1.39088e+00,7.85621e-01,1.16314e+01,3.84178e+00,3.62693e-01,1.33034e+00,8.65935e+00
1.24787e+00,1.02407e+02,2.30052e-01,4.65545e+01,4.05189e-01,7.96414e-01,1.97528e+00,8.75186e+00,2.92699e+00,2.13368e+01,3.90292e-01,1.74649e+02,4.05678e+00,1.38843e+00,7.84570e-01,1.15299e+01,3.83833e+00,3.61913e-01,1.32864e+00,8.71023e+00
1.24578e+00,1.00802e+02,2.29581e-01,4.59478e+01,4.04385e-01,7.95350e-01,1.97306e+00,8.72856e+00,2.92181e+00,2.12268e+01,3.91100e-01,1.72070e+02,4.04876e+00,1.38596e+00,7.83529e-01,1.14327e+01,3.83485e+00,3.61132e-01,1.32884e+00,8.75657e+00
1.24371e+00,9.92307e+01,2.29110e-01,4.53558e+01,4.03598e-01,7.94286e-01,1.97080e+00,8.70643e+00,2.91952e+00,2.11194e+01,3.91502e-01,1.69548e+02,4.04079e+00,1.38348e+00,7.82486e-01,1.13403e+01,3.83441e+00,3.60355e-01,1.33083e+00,8.79794e+00
1.24163e+00,9.76916e+01,2.28652e-01,4.47786e+01,4.02802e-01,7.93221e-01,1.96856e+00,8.68758e+00,2.91776e+00,2.10161e+01,3.91638e-01,1.67082e+02,4.03292e+00,1.38098e+00,7.81430e-01,1.12526e+01,3.83415e+00,3.60186e-01,1.33392e+00,8.83280e+00
1.23954e+00,9.61836e+01,2.28180e-01,4.42161e+01,4.03205e-01,7.92170e-01,1.96642e+00,8.67060e+00,2.91625e+00,2.09152e+01,3.91708e-01,1.64671e+02,4.02508e+00,1.37850e+00,7.80383e-01,1.11696e+01,3.83352e+00,3.60730e-01,1.34293e+00,8.86084e+00
1.23746e+00,9.47063e+01,2.27701e-01,4.36686e+01,4.03687e-01,7.91116e-01,1.96435e+00,8.65386e+00,2.91546e+00,2.08176e+01,3.91642e-01,1.62311e+02,4.01730e+00,1.37604e+00,7.79345e-01,1.10918e+01,3.83227e+00,3.60617e-01,1.35246e+00,8.88174e+00
1.23538e+00,9.32591e+01,2.27323e-01,4.31373e+01,4.04073e-01,7.94087e-01,1.96361e+00,8.63769e+00,2.91510e+00,2.07225e+01,3.93194e-01,1.60000e+02,4.00955e+00,1.37358e+00,7.78993e-01,1.10186e+01,3.83702e+00,3.60769e-01,1.36454e+00,8.89459e+00
1.23331e+00,9.18424e+01,2.27369e-01,4.26321e+01,4.04656e-01,7.96760e-01,1.96286e+00,8.62267e+00,2.91488e+00,2.06302e+01,3.95835e-01,1.57739e+02,4.00222e+00,1.37116e+00,7.78498e-01,1.09503e+01,3.84075e+00,3.66017e-01,1.37572e+00,8.90116e+00
1.23446e+00,9.04954e+01,2.29224e-01,4.21399e+01,4.05072e-01,8.00133e-01,1.96184e+00,8.60846e+00,2.91810e+00,2.05407e+01,3.98999e-01,1.55530e+02,3.99499e+00,1.36984e+00,7.77992e-01,1.08868e+01,3.84152e+00,3.71499e-01,1.38694e+00,8.89984e+00
1.23647e+00,8.92268e+01,2.32294e-01,4.16537e+01,4.05371e-01,8.02402e-01,1.96025e+00,8.59628e+00,2.92779e+00,2.04535e+01,4.01357e-01,1.53372e+02,3.98781e+00,1.36944e+00,7.77575e-01,1.08278e+01,3.83968e+00,3.77125e-01,1.39877e+00,8.89293e+00
1.23850e+00,8.79225e+01,2.36045e-01,4.11763e+01,4.05609e-01,8.03860e-01,1.95835e+00,8.58520e+00,2.94681e+00,2.03686e+01,4.03147e-01,1.51259e+02,3.98051e+00,1.37042e+00,7.78993e-01,1.07734e+01,3.83612e+00,3.87703e-01,1.41229e+00,8.87955e+00
1.24182e+00,8.65920e+01,2.39755e-01,4.07115e+01,4.05757e-01,8.04768e-01,1.95613e+00,8.57432e+00,2.97391e+00,2.02863e+01,4.04494e-01,1.49191e+02,3.97315e+00,1.37351e+00,7.79905e-01,1.07232e+01,3.83223e+00,4.02268e-01,1.42829e+00,8.85874e+00
1.25072e+00,8.53102e+01,2.43601e-01,4.02601e+01,4.05771e-01,8.05290e-01,1.95427e+00,8.56364e+00,3.00896e+00,2.02062e+01,4.05420e-01,1.47167e+02,3.96587e+00,1.37901e+00,7.80911e-01,1.06758e+01,3.82836e+00,4.16194e-01,1.44715e+00,8.83014e+00
1.27138e+00,8.40629e+01,2.47659e-01,3.98207e+01,4.05615e-01,8.05646e-01,1.95291e+00,8.55365e+00,3.05363e+00,2.01292e+01,4.05880e-01,1.45189e+02,3.95878e+00,1.38657e+00,7.82514e-01,1.06312e+01,3.82470e+00,4.25794e-01,1.46924e+00,8.79510e+00
1.30788e+00,8.28444e+01,2.51452e-01,3.93925e+01,4.05243e-01,8.05753e-01,1.95212e+00,8.54432e+00,3.10900e+00,2.00544e+01,4.06080e-01,1.43252e+02,3.95188e+00,1.39654e+00,7.84791e-01,1.05884e+01,3.82149e+00,4.30007e-01,1.49382e+00,8.75453e+00
1.35839e+00,8.16524e+01,2.54208e-01,3.89762e+01,4.04709e-01,8.05630e-01,1.95215e+00,8.53576e+00,3.17344e+00,1.99820e+01,4.06064e-01,1.41357e+02,3.94525e+00,1.41059e+00,7.87644e-01,1.05473e+01,3.81865e+00,4.29777e-01,1.51994e+00,8.70946e+00
1.41566e+00,8.04858e+01,2.55302e-01,3.85729e+01,4.04005e-01,8.05195e-01,1.95322e+00,8.52772e+00,3.24318e+00,1.99119e+01,4.05945e-01,1.39502e+02,3.93898e+00,1.43057e+00,7.90995e-01,1.05074e+01,3.81599e+00,4.26626e-01,1.54556e+00,8.66118e+00
1.47118e+00,7.93427e+01,2.54585e-01,3.81840e+01,4.03197e-01,8.04435e-01,1.95536e+00,8.52009e+00,3.31327e+00,1.98439e+01,4.05753e-01,1.37683e+02,3.93310e+00,1.45651e+00,7.94897e-01,1.04690e+01,3.81321e+00,4.21661e-01,1.56898e+00,8.60996e+00
1.51909e+00,7.82221e+01,2.52281e-01,3.78108e+01,4.02410e-01,8.03488e-01,1.95819e+00,8.51289e+00,3.37890e+00,1.97781e+01,4.05489e-01,1.35901e+02,3.92762e+00,1.48575e+00,7.99389e-01,1.04323e+01,3.81004e+00,4.15577e-01,1.58889e+00,8.55680e+00
1.55781e+00,7.71240e+01,2.48874e-01,3.74549e+01,4.01768e-01,8.02338e-01,1.96103e+00,8.50647e+00,3.43597e+00,1.97145e+01,4.05219e-01,1.34153e+02,3.92253e+00,1.51403e+00,8.04482e-01,1.03991e+01,3.80645e+00,4.08833e-01,1.60478e+00,8.50182e+00
1.58947e+00,7.60475e+01,2.44944e-01,3.71186e+01,4.01348e-01,8.01136e-01,1.96309e+00,8.50095e+00,3.48214e+00,1.96531e+01,4.05008e-01,1.32438e+02,3.91781e+00,1.53769e+00,8.10093e-01,1.03702e+01,3.80233e+00,4.01778e-01,1.61682e+00,8.44575e+00
1.61716e+00,7.49935e+01,2.40858e-01,3.68057e+01,4.01197e-01,7.99872e-01,1.96386e+00,8.49686e+00,3.51737e+00,1.95940e+01,4.04900e-01,1.30756e+02,3.91332e+00,1.55489e+00,8.16190e-01,1.03470e+01,3.79771e+00,3.94771e-01,1.62549e+00,8.38878e+00
1.64247e+00,7.39609e+01,2.36982e-01,3.65206e+01,4.01341e-01,7.98561e-01,1.96306e+00,8.49391e+00,3.54374e+00,1.95369e+01,4.04904e-01,1.29110e+02,3.90909e+00,1.56574e+00,8.22778e-01,1.03296e+01,3.79235e+00,3.88163e-01,1.63176e+00,8.33142e+00
1.66396e+00,7.29487e+01,2.33514e-01,3.62685e+01,4.01682e-01,7.97252e-01,1.96076e+00,8.49210e+00,3.56455e+00,1.94820e+01,4.05045e-01,1.27500e+02,3.90519e+00,1.57153e+00,8.29963e-01,1.03182e+01,3.78633e+00,3.82075e-01,1.63649e+00,8.27449e+00
1.67846e+00,7.19579e+01,2.30509e-01,3.60536e+01,4.02193e-01,7.95975e-01,1.95730e+00,8.49100e+00,3.58281e+00,1.94293e+01,4.05314e-01,1.25931e+02,3.90162e+00,1.57401e+00,8.37914e-01,1.03110e+01,3.77961e+00,3.76657e-01,1.64036e+00,8.21836e+00
1.68313e+00,7.09881e+01,2.27966e-01,3.58787e+01,4.02837e-01,7.94793e-01,1.95310e+00,8.49054e+00,3.60086e+00,1.93783e+01,4.05670e-01,1.24399e+02,3.89841e+00,1.57452e+00,8.46790e-01,1.03070e+01,3.77229e+00,3.71994e-01,1.64406e+00,8.16349e+00
1.67690e+00,7.00397e+01,2.25854e-01,3.57468e+01,4.03414e-01,7.93748e-01,1.94856e+00,8.49026e+00,3.62008e+00,1.93294e+01,4.06083e-01,1.22914e+02,3.89568e+00,1.57398e+00,8.56810e-01,1.03047e+01,3.76443e+00,3.68060e-01,1.64770e+00,8.11019e+00
1.66086e+00,6.91118e+01,2.24132e-01,3.56584e+01,4.03834e-01,7.92856e-01,1.94406e+00,8.49018e+00,3.64043e+00,1.92823e+01,4.06493e-01,1.21465e+02,3.89345e+00,1.57267e+00,8.67944e-01,1.03026e+01,3.75621e+00,3.64746e-01,1.65159e+00,8.05872e+00
1.63724e+00,6.82057e+01,2.22718e-01,3.56101e+01,4.04036e-01,7.92154e-01,1.93987e+00,8.49029e+00,3.66130e+00,1.92376e+01,4.06861e-01,1.20055e+02,3.89179e+00,1.57052e+00,8.80145e-01,1.02999e+01,3.74784e+00,3.62023e-01,1.65539e+00,8.00955e+00
1.60871e+00,6.73202e+01,2.21572e-01,3.55981e+01,4.03932e-01,7.91715e-01,1.93606e+00,8.49073e+00,3.68089e+00,1.91953e+01,4.07140e-01,1.18674e+02,3.89075e+00,1.56730e+00,8.93277e-01,1.02962e+01,3.73933e+00,3.59799e-01,1.65904e+00,7.96289e+00
1.57767e+00,6.64544e+01,2.20618e-01,3.56168e+01,4.03496e-01,7.91499e-01,1.93270e+00,8.49137e+00,3.69735e+00,1.91557e+01,4.07305e-01,1.17313e+02,3.89024e+00,1.56267e+00,9.07128e-01,1.02918e+01,3.73084e+00,3.57965e-01,1.66227e+00,7.91869e+00
1.54583e+00,6.56098e+01,2.19819e-01,3.56609e+01,4.02659e-01,7.91559e-01,1.92986e+00,8.49258e+00,3.70880e+00,1.91194e+01,4.07283e-01,1.15968e+02,3.89017e+00,1.55646e+00,9.21626e-01,1.02871e+01,3.72242e+00,3.56441e-01,1.66495e+00,7.87749e+00
1.51448e+00,6.47852e+01,2.19156e-01,3.57226e+01,4.01446e-01,7.91905e-01,1.92746e+00,8.49427e+00,3.71367e+00,1.90871e+01,4.07071e-01,1.14635e+02,3.89053e+00,1.54853e+00,9.36641e-01,1.02825e+01,3.71408e+00,3.55165e-01,1.66697e+00,7.83893e+00
1.48444e+00,6.39793e+01,2.18589e-01,3.57943e+01,3.99849e-01,7.92561e-01,1.92550e+00,8.49619e+00,3.71107e+00,1.90593e+01,4.06675e-01,1.13308e+02,3.89127e+00,1.53885e+00,9.51984e-01,1.02790e+01,3.70586e+00,3.54043e-01,1.66837e+00,7.80325e+00
1.45615e+00,6.31917e+01,2.18077e-01,3.58663e+01,3.97937e-01,7.93653e-01,1.92393e+00,8.49832e+00,3.70080e+00,1.90376e+01,4.06109e-01,1.11992e+02,3.89227e+00,1.52754e+00,9.67390e-01,1.02766e+01,3.69783e+00,3.53057e-01,1.66888e+00,7.77004e+00
1.42978e+00,6.24214e+01,2.17607e-01,3.59275e+01,3.95825e-01,7.95152e-01,1.92269e+00,8.50045e+00,3.68349e+00,1.90223e+01,4.05457e-01,1.10688e+02,3.89342e+00,1.51489e+00,9.82450e-01,1.02755e+01,3.68998e+00,3.52122e-01,1.66879e+00,7.73888e+00
1.40538e+00,6.16679e+01,2.17138e-01,3.59681e+01,3.93583e-01,7.97083e-01,1.92177e+00,8.50258e+00,3.65988e+00,1.90144e+01,4.04750e-01,1.09395e+02,3.89467e+00,1.50123e+00,9.96647e-01,1.02754e+01,3.68223e+00,3.51258e-01,1.66792e+00,7.70974e+00
1.38287e+00,6.09306e+01,2.16675e-01,3.59787e+01,3.91280e-01,7.99437e-01,1.92115e+00,8.50459e+00,3.63126e+00,1.90150e+01,4.04061e-01,1.08121e+02,3.89592e+00,1.48697e+00,1.00950e+00,1.02761e+01,3.67464e+00,3.50354e-01,1.66623e+00,7.68158e+00
1.36218e+00,6.02094e+01,2.16225e-01,3.59533e+01,3.89016e-01,8.02093e-01,1.92082e+00,8.50617e+00,3.59888e+00,1.90239e+01,4.03444e-01,1.06868e+02,3.89705e+00,1.47252e+00,1.02047e+00,1.02774e+01,3.66723e+00,3.49394e-01,1.66398e+00,7.65443e+00
1.34323e+00,5.95037e+01,2.15795e-01,3.58908e+01,3.86830e-01,8.04984e-01,1.92077e+00,8.50748e+00,3.56400e+00,1.90418e+01,4.02929e-01,1.05636e+02,3.89775e+00,1.45827e+00,1.02916e+00,1.02793e+01,3.65996e+00,3.48423e-01,1.66110e+00,7.62771e+00
1.32586e+00,5.88127e+01,2.15387e-01,3.57946e+01,3.84770e-01,8.07912e-01,1.92101e+00,8.50801e+00,3.52788e+00,1.90677e+01,4.02529e-01,1.04428e+02,3.89796e+00,1.44452e+00,1.03538e+00,1.02817e+01,3.65284e+00,3.47420e-01,1.65790e+00,7.60087e+00
1.31004e+00,5.81369e+01,2.14968e-01,3.56699e+01,3.82865e-01,8.10745e-01,1.92163e+00,8.50796e+00,3.49135e+00,1.91005e+01,4.02255e-01,1.03244e+02,3.89738e+00,1.43155e+00,1.03909e+00,1.02854e+01,3.64578e+00,3.46377e-01,1.65445e+00,7.57390e+00
1.29563e+00,5.74765e+01,2.14542e-01,3.55257e+01,3.81107e-01,8.13316e-01,1.92264e+00,8.50727e+00,3.45490e+00,1.91387e+01,4.02116e-01,1.02087e+02,3.89578e+00,1.41950e+00,1.04041e+00,1.02905e+01,3.63879e+00,3.45311e-01,1.65084e+00,7.54664e+00
1.28254e+00,5.68302e+01,2.14125e-01,3.53677e+01,3.79442e-01,8.15515e-01,1.92408e+00,8.50556e+00,3.41917e+00,1.91805e+01,4.02101e-01,1.00954e+02,3.89297e+00,1.40848e+00,1.03969e+00,1.02977e+01,3.63189e+00,3.44205e-01,1.64747e+00,7.51925e+00
1.27069e+00,5.61983e+01,2.13731e-01,3.52015e+01,3.77908e-01,8.17261e-01,1.92594e+00,8.50322e+00,3.38431e+00,1.92230e+01,4.02152e-01,9.98477e+01,3.88879e+00,1.39855e+00,1.03733e+00,1.03076e+01,3.62511e+00,3.43087e-01,1.64436e+00,7.49177e+00
1.26004e+00,5.55803e+01,2.13336e-01,3.50281e+01,3.76534e-01,8.18544e-01,1.92825e+00,8.50036e+00,3.35045e+00,1.92640e+01,4.02234e-01,9.87645e+01,3.88315e+00,1.38977e+00,1.03365e+00,1.03206e+01,3.61844e+00,3.41981e-01,1.64173e+00,7.46459e+00
1.25045e+00,5.49760e+01,2.12934e-01,3.48464e+01,3.75279e-01,8.19323e-01,1.93105e+00,8.49676e+00,3.31754e+00,1.93014e+01,4.02313e-01,9.77064e+01,3.87607e+00,1.38209e+00,1.02911e+00,1.03369e+01,3.61183e+00,3.40873e-01,1.63961e+00,7.43806e+00
1.24178e+00,5.43851e+01,2.12524e-01,3.46527e+01,3.74117e-01,8.19716e-01,1.93427e+00,8.49258e+00,3.28572e+00,1.93333e+01,4.02357e-01,9.66742e+01,3.86751e+00,1.37540e+00,1.02410e+00,1.03569e+01,3.60535e+00,3.39793e-01,1.63797e+00,7.41253e+00
1.23399e+00,5.38067e+01,2.12119e-01,3.44431e+01,3.73050e-01,8.19788e-01,1.93789e+00,8.48786e+00,3.25485e+00,1.93583e+01,4.02312e-01,9.56642e+01,3.85764e+00,1.36959e+00,1.01881e+00,1.03804e+01,3.59902e+00,3.38743e-01,1.63681e+00,7.38846e+00
1.22698e+00,5.32406e+01,2.11729e-01,3.42132e+01,3.72075e-01,8.19616e-01,1.94193e+00,8.48244e+00,3.22509e+00,1.93756e+01,4.02146e-01,9.46792e+01,3.84658e+00,1.36454e+00,1.01342e+00,1.04073e+01,3.59290e+00,3.37740e-01,1.63589e+00,7.36628e+00
1.22065e+00,5.26858e+01,2.11317e-01,3.39622e+01,3.71155e-01,8.19390e-01,1.94632e+00,8.47677e+00,3.19624e+00,1.93849e+01,4.01861e-01,9.37168e+01,3.83457e+00,1.36006e+00,1.00799e+00,1.04371e+01,3.58704e+00,3.36784e-01,1.63511e+00,7.34617e+00
1.21497e+00,5.21425e+01,2.10909e-01,3.36887e+01,3.70317e-01,8.19210e-01,1.95097e+00,8.47078e+00,3.16842e+00,1.93860e+01,4.01444e-01,9.27772e+01,3.82187e+00,1.35609e+00,1.00252e+00,1.04693e+01,3.58151e+00,3.35875e-01,1.63415e+00,7.32841e+00
1.20983e+00,5.16102e+01,2.10497e-01,3.33932e+01,3.69502e-01,8.19220e-01,1.95582e+00,8.46464e+00,3.14181e+00,1.93791e+01,4.00889e-01,9.18624e+01,3.80864e+00,1.35247e+00,9.96936e-01,1.05037e+01,3.57644e+00,3.34989e-01,1.63293e+00,7.31360e+00
1.20512e+00,5.10880e+01,2.10105e-01,3.30865e+01,3.68697e-01,8.21022e-01,1.96200e+00,8.45848e+00,3.11625e+00,1.93672e+01,4.00214e-01,9.09722e+01,3.79512e+00,1.34903e+00,9.91144e-01,1.05389e+01,3.57201e+00,3.34140e-01,1.63148e+00,7.30130e+00
1.20085e+00,5.05756e+01,2.09712e-01,3.27669e+01,3.67906e-01,8.25694e-01,1.96744e+00,8.45531e+00,3.09195e+00,1.93492e+01,3.99864e-01,9.01041e+01,3.78154e+00,1.34570e+00,9.85137e-01,1.05745e+01,3.56844e+00,3.33307e-01,1.62978e+00,7.29152e+00
1.19698e+00,5.00726e+01,2.09309e-01,3.24457e+01,3.67150e-01,8.33454e-01,1.97354e+00,8.45880e+00,3.06903e+00,1.93276e+01,3.99554e-01,8.92608e+01,3.76806e+00,1.34236e+00,9.79017e-01,1.06093e+01,3.56711e+00,3.32483e-01,1.62783e+00,7.28397e+00
1.19337e+00,4.95799e+01,2.08893e-01,3.21225e+01,3.66405e-01,8.42154e-01,1.97916e+00,8.46694e+00,3.04733e+00,1.93027e+01,3.99423e-01,8.84400e+01,3.75485e+00,1.33899e+00,9.72612e-01,1.06425e+01,3.56667e+00,3.31712e-01,1.62540e+00,7.27806e+00
1.19004e+00,4.90965e+01,2.08474e-01,3.18026e+01,3.65682e-01,8.50903e-01,1.98455e+00,8.48016e+00,3.02713e+00,1.92752e+01,3.99371e-01,8.76424e+01,3.74196e+00,1.33550e+00,9.65848e-01,1.06734e+01,3.56775e+00,3.30939e-01,1.62273e+00,7.27364e+00
1.18690e+00,4.86219e+01,2.08061e-01,3.14954e+01,3.64983e-01,8.61441e-01,1.99021e+00,8.49689e+00,3.00833e+00,1.92455e+01,3.99274e-01,8.68691e+01,3.72950e+00,1.33190e+00,9.58658e-01,1.07012e+01,3.57051e+00,3.30190e-01,1.61991e+00,7.26983e+00
1.18397e+00,4.81566e+01,2.07650e-01,3.12077e+01,3.64305e-01,8.76272e-01,1.99714e+00,8.51454e+00,2.99094e+00,1.92144e+01,3.99093e-01,8.61158e+01,3.71744e+00,1.32819e+00,9.50882e-01,1.07253e+01,3.57508e+00,3.29445e-01,1.61698e+00,7.26637e+00
1.18120e+00,4.77003e+01,2.07235e-01,3.09451e+01,3.63641e-01,9.02559e-01,2.00670e+00,8.53312e+00,2.97493e+00,1.91827e+01,3.98938e-01,8.53828e+01,3.70582e+00,1.32438e+00,9.42557e-01,1.07454e+01,3.58166e+00,3.28723e-01,1.61370e+00,7.26271e+00
1.17861e+00,4.72535e+01,2.06825e-01,3.07157e+01,3.63023e-01,9.62179e-01,2.02023e+00,8.55197e+00,2.96032e+00,1.91505e+01,3.98940e-01,8.46680e+01,3.69457e+00,1.32052e+00,9.33767e-01,1.07611e+01,3.59006e+00,3.28019e-01,1.60961e+00,7.25857e+00
1.17614e+00,4.68166e+01,2.06424e-01,3.05229e+01,3.62432e-01,1.08365e+00,2.03892e+00,8.57006e+00,2.94699e+00,1.91183e+01,3.99195e-01,8.39721e+01,3.68370e+00,1.31664e+00,9.24662e-01,1.07713e+01,3.60015e+00,3.27337e-01,1.60431e+00,7.25364e+00
1.17376e+00,4.63897e+01,2.06044e-01,3.03548e+01,3.61837e-01,1.25921e+00,2.06286e+00,8.58738e+00,2.93480e+00,1.90863e+01,3.99733e-01,8.32918e+01,3.67312e+00,1.31275e+00,9.15457e-01,1.07768e+01,3.61174e+00,3.26655e-01,1.59761e+00,7.24783e+00
1.17146e+00,4.59730e+01,2.05648e-01,3.01909e+01,3.61278e-01,1.45278e+00,2.09013e+00,8.60503e+00,2.92377e+00,1.90547e+01,4.00549e-01,8.26248e+01,3.66286e+00,1.30891e+00,9.06298e-01,1.07770e+01,3.62468e+00,3.25981e-01,1.58939e+00,7.24106e+00
1.16929e+00,4.55674e+01,2.05240e-01,3.00191e+01,3.60770e-01,1.65914e+00,2.11694e+00,8.62587e+00,2.91371e+00,1.90240e+01,4.01537e-01,8.19726e+01,3.65284e+00,1.30514e+00,8.97362e-01,1.07717e+01,3.63881e+00,3.25308e-01,1.57993e+00,7.23318e+00
1.16717e+00,4.51729e+01,2.04830e-01,2.98401e+01,3.60260e-01,1.84498e+00,2.13937e+00,8.65131e+00,2.90459e+00,1.89939e+01,4.02611e-01,8.13296e+01,3.64299e+00,1.30148e+00,8.88766e-01,1.07615e+01,3.65401e+00,3.24638e-01,1.56950e+00,7.22420e+00
1.16509e+00,4.47905e+01,2.04418e-01,2.96662e+01,3.59738e-01,1.93848e+00,2.15440e+00,8.68282e+00,2.89633e+00,1.89646e+01,4.03690e-01,8.06969e+01,3.63330e+00,1.29790e+00,8.80663e-01,1.07462e+01,3.67015e+00,3.23965e-01,1.55846e+00,7.21407e+00
1.16303e+00,4.44208e+01,2.04008e-01,2.95110e+01,3.59183e-01,1.92768e+00,2.16110e+00,8.72124e+00,2.88869e+00,1.89360e+01,4.04766e-01,8.00745e+01,3.62371e+00,1.29444e+00,8.73216e-01,1.07258e+01,3.68718e+00,3.23287e-01,1.54718e+00,7.20282e+00
1.16102e+00,4.40642e+01,2.03602e-01,2.93886e+01,3.58626e-01,1.85460e+00,2.16065e+00,8.76564e+00,2.88175e+00,1.89080e+01,4.05823e-01,7.94601e+01,3.61417e+00,1.29108e+00,8.66611e-01,1.07011e+01,3.70507e+00,3.22613e-01,1.53581e+00,7.19039e+00
1.15907e+00,4.37217e+01,2.03201e-01,2.93058e+01,3.58046e-01,1.76367e+00,2.15566e+00,8.81345e+00,2.87533e+00,1.88805e+01,4.06873e-01,7.88537e+01,3.60470e+00,1.28781e+00,8.61058e-01,1.06722e+01,3.72381e+00,3.21951e-01,1.52464e+00,7.17706e+00
1.15711e+00,4.33945e+01,2.02803e-01,2.92627e+01,3.57433e-01,1.68299e+00,2.14884e+00,8.86223e+00,2.86939e+00,1.88534e+01,4.07930e-01,7.82547e+01,3.59524e+00,1.28466e+00,8.56887e-01,1.06396e+01,3.74361e+00,3.21299e-01,1.51370e+00,7.16247e+00
1.15517e+00,4.30839e+01,2.02415e-01,2.92543e+01,3.56787e-01,1.62647e+00,2.14288e+00,8.90822e+00,2.86374e+00,1.88264e+01,4.08999e-01,7.76634e+01,3.58584e+00,1.28162e+00,8.54539e-01,1.06032e+01,3.76429e+00,3.20655e-01,1.50299e+00,7.14690e+00
1.15326e+00,4.27910e+01,2.02044e-01,2.92693e+01,3.56085e-01,1.59904e+00,2.13935e+00,8.94833e+00,2.85841e+00,1.87996e+01,4.10086e-01,7.70806e+01,3.57641e+00,1.27869e+00,8.54353e-01,1.05639e+01,3.78590e+00,3.20008e-01,1.49260e+00,7.13064e+00
1.15135e+00,4.25171e+01,2.01671e-01,2.92949e+01,3.55365e-01,1.59933e+00,2.13912e+00,8.98030e+00,2.85316e+00,1.87727e+01,4.11176e-01,7.65035e+01,3.56702e+00,1.27586e+00,8.56691e-01,1.05218e+01,3.80817e+00,3.19376e-01,1.48261e+00,7.11349e+00
1.14948e+00,4.22632e+01,2.01289e-01,2.93193e+01,3.54637e-01,1.62123e+00,2.14220e+00,9.00277e+00,2.84805e+00,1.87458e+01,4.12252e-01,7.59350e+01,3.55769e+00,1.27314e+00,8.61839e-01,1.04776e+01,3.83068e+00,3.18757e-01,1.47298e+00,7.09571e+00
1.14762e+00,4.20304e+01,2.00916e-01,2.93359e+01,3.53905e-01,1.65482e+00,2.14816e+00,9.01528e+00,2.84295e+00,1.87188e+01,4.13300e-01,7.53748e+01,3.54840e+00,1.27051e+00,8.69708e-01,1.04315e+01,3.85283e+00,3.18136e-01,1.46376e+00,7.07764e+00
1.14579e+00,4.18194e+01,2.00568e-01,2.93405e+01,3.53169e-01,1.68903e+00,2.15624e+00,9.01857e+00,2.83780e+00,1.86916e+01,4.14294e-01,7.48204e+01,3.53921e+00,1.26794e+00,8.80001e-01,1.03840e+01,3.87394e+00,3.17512e-01,1.45495e+00,7.05931e+00
1.14393e+00,4.16311e+01,2.00250e-01,2.93329e+01,3.52411e-01,1.71432e+00,2.16575e+00,9.01443e+00,2.83254e+00,1.86644e+01,4.15211e-01,7.42746e+01,3.53013e+00,1.26544e+00,8.92233e-01,1.03354e+01,3.89325e+00,3.16874e-01,1.44661e+00,7.04091e+00
1.14209e+00,4.14648e+01,1.99972e-01,2.93156e+01,3.51683e-01,1.72468e+00,2.17615e+00,9.00416e+00,2.82713e+00,1.86373e+01,4.16014e-01,7.37371e+01,3.52112e+00,1.26300e+00,9.05676e-01,1.02861e+01,3.91000e+00,3.16239e-01,1.43867e+00,7.02273e+00
1.14026e+00,4.13197e+01,1.99696e-01,2.92926e+01,3.50989e-01,1.71814e+00,2.18730e+00,8.99005e+00,2.82162e+00,1.86107e+01,4.16707e-01,7.32066e+01,3.51228e+00,1.26059e+00,9.19573e-01,1.02366e+01,3.92352e+00,3.15615e-01,1.43104e+00,7.00492e+00
1.13843e+00,4.11949e+01,1.99411e-01,2.92667e+01,3.50309e-01,1.69574e+00,2.19954e+00,8.97354e+00,2.81599e+00,1.85847e+01,4.17290e-01,7.26841e+01,3.50360e+00,1.25824e+00,9.33203e-01,1.01869e+01,3.93314e+00,3.14990e-01,1.42377e+00,6.98762e+00
1.13659e+00,4.10888e+01,1.99123e-01,2.92404e+01,3.49624e-01,1.66049e+00,2.21363e+00,8.95575e+00,2.81023e+00,1.85595e+01,4.17750e-01,7.21698e+01,3.49506e+00,1.25591e+00,9.45933e-01,1.01375e+01,3.93857e+00,3.14366e-01,1.41673e+00,6.97094e+00
1.13477e+00,4.09995e+01,1.98835e-01,2.92140e+01,3.48911e-01,1.61605e+00,2.23075e+00,8.93763e+00,2.80432e+00,1.85358e+01,4.18132e-01,7.16646e+01,3.48665e+00,1.25363e+00,9.57242e-01,1.00886e+01,3.93944e+00,3.13743e-01,1.41008e+00,6.95497e+00
1.13294e+00,4.09233e+01,2.07520e-01,2.91864e+01,3.64057e-01,1.56598e+00,2.25241e+00,8.91922e+00,2.80884e+00,1.85206e+01,4.18432e-01,7.11691e+01,3.47837e+00,1.25144e+00,9.66771e-01,1.00404e+01,3.93731e+00,3.28903e-01,1.40373e+00,6.93980e+00
1.14077e+00,4.08673e+01,2.22454e-01,2.91789e+01,4.25662e-01,1.51338e+00,2.28748e+00,8.91396e+00,2.82347e+00,1.85099e+01,4.18702e-01,7.06832e+01,3.47998e+00,1.26484e+00,9.74355e-01,9.99967e+00,3.94982e+00,3.40722e-01,1.41674e+00,6.93616e+00
1.15413e+00,4.08129e+01,2.43770e-01,2.92088e+01,5.47221e-01,1.46090e+00,2.33211e+00,8.91667e+00,2.84023e+00,1.85075e+01,4.18966e-01,7.02075e+01,3.48422e+00,1.28038e+00,9.79894e-01,9.96784e+00,3.96317e+00,3.52680e-01,1.43555e+00,6.94546e+00
1.16361e+00,4.07697e+01,2.64655e-01,2.92460e+01,7.34312e-01,1.41043e+00,2.39006e+00,8.91114e+00,2.85791e+00,1.85134e+01,4.19232e-01,6.97438e+01,3.49167e+00,1.29442e+00,9.83490e-01,9.94140e+00,3.97332e+00,3.70328e-01,1.46088e+00,6.95650e+00
1.17078e+00,4.07338e+01,2.83322e-01,2.92272e+01,9.86479e-01,1.36381e+00,2.45559e+00,8.90002e+00,2.87558e+00,1.85220e+01,4.19501e-01,6.92870e+01,3.50415e+00,1.31039e+00,9.85383e-01,9.93458e+00,3.97465e+00,3.91038e-01,1.48844e+00,6.97809e+00
1.18259e+00,4.06970e+01,3.00250e-01,2.91936e+01,1.28411e+00,1.32113e+00,2.52725e+00,8.88560e+00,2.89260e+00,1.85348e+01,4.19770e-01,6.88413e+01,3.51174e+00,1.32756e+00,9.85844e-01,9.96112e+00,3.96869e+00,4.10257e-01,1.51927e+00,6.99622e+00
1.20169e+00,4.06603e+01,3.16246e-01,2.91599e+01,1.51546e+00,1.28309e+00,2.60170e+00,8.86606e+00,2.91019e+00,1.85519e+01,4.20036e-01,6.84068e+01,3.51160e+00,1.34436e+00,9.85295e-01,1.00045e+01,3.95769e+00,4.26333e-01,1.55305e+00,7.00471e+00
1.22815e+00,4.06240e+01,3.29965e-01,2.91191e+01,1.64544e+00,1.24969e+00,2.67064e+00,8.84182e+00,2.93042e+00,1.85729e+01,4.20271e-01,6.79838e+01,3.50879e+00,1.35997e+00,9.84101e-01,1.00393e+01,3.94250e+00,4.39850e-01,1.58708e+00,7.00558e+00
1.26098e+00,4.05859e+01,3.38734e-01,2.90857e+01,1.74368e+00,1.22109e+00,2.72699e+00,8.81458e+00,2.95457e+00,1.85976e+01,4.20450e-01,6.75715e+01,3.50855e+00,1.37569e+00,9.82679e-01,1.00473e+01,3.92476e+00,4.51772e-01,1.62037e+00,7.00378e+00
1.29843e+00,4.05453e+01,3.40768e-01,2.90690e+01,1.86701e+00,1.19724e+00,2.76463e+00,8.78514e+00,2.98324e+00,1.86245e+01,4.20517e-01,6.71719e+01,3.51348e+00,1.39394e+00,9.81277e-01,1.00243e+01,3.90573e+00,4.62324e-01,1.65289e+00,7.00260e+00
1.33844e+00,4.05015e+01,3.36131e-01,2.90716e+01,1.98709e+00,1.17786e+00,2.77980e+00,8.75464e+00,3.01649e+00,1.86541e+01,4.20446e-01,6.67825e+01,3.52434e+00,1.41527e+00,9.80134e-01,9.98266e+00,3.88736e+00,4.70544e-01,1.68438e+00,7.00286e+00
1.37949e+00,4.04537e+01,3.26468e-01,2.90834e+01,2.03781e+00,1.16253e+00,2.77197e+00,8.72425e+00,3.05434e+00,1.86860e+01,4.20194e-01,6.64053e+01,3.54113e+00,1.43799e+00,9.79316e-01,9.94398e+00,3.87212e+00,4.75146e-01,1.71426e+00,7.00448e+00
1.42099e+00,4.04007e+01,3.13865e-01,2.90914e+01,1.99762e+00,1.15084e+00,2.74379e+00,8.69583e+00,3.09603e+00,1.87206e+01,4.19745e-01,6.60404e+01,3.56315e+00,1.45953e+00,9.78768e-01,9.92442e+00,3.86085e+00,4.75229e-01,1.74135e+00,7.00735e+00
1.46309e+00,4.03404e+01,3.00220e-01,2.90855e+01,1.89301e+00,1.14227e+00,2.69994e+00,8.67056e+00,3.14029e+00,1.87580e+01,4.19091e-01,6.56877e+01,3.58913e+00,1.47817e+00,9.78337e-01,9.92823e+00,3.85252e+00,4.70925e-01,1.76551e+00,7.01125e+00
1.50569e+00,4.02703e+01,2.86962e-01,2.90641e+01,1.75934e+00,1.13634e+00,2.64608e+00,8.64952e+00,3.18568e+00,1.87978e+01,4.18199e-01,6.53515e+01,3.61739e+00,1.49355e+00,9.77796e-01,9.94643e+00,3.84559e+00,4.63277e-01,1.78751e+00,7.01663e+00
1.54708e+00,4.01874e+01,2.74940e-01,2.90324e+01,1.62080e+00,1.13254e+00,2.58716e+00,8.63372e+00,3.23070e+00,1.88397e+01,4.17076e-01,6.50321e+01,3.64593e+00,1.50630e+00,9.76879e-01,9.96370e+00,3.84046e+00,4.53970e-01,1.80776e+00,7.02412e+00
1.58423e+00,4.00893e+01,2.64619e-01,2.89991e+01,1.48807e+00,1.13031e+00,2.52708e+00,8.62321e+00,3.27417e+00,1.88827e+01,4.15741e-01,6.47305e+01,3.67282e+00,1.51755e+00,9.75368e-01,9.96794e+00,3.83918e+00,4.45021e-01,1.82675e+00,7.03391e+00
1.61389e+00,3.99735e+01,2.56116e-01,2.89714e+01,1.36430e+00,1.12911e+00,2.46849e+00,8.61815e+00,3.31566e+00,1.89260e+01,4.14194e-01,6.44498e+01,3.69659e+00,1.52815e+00,9.73020e-01,9.95529e+00,3.84401e+00,4.38884e-01,1.84474e+00,7.04635e+00
1.63389e+00,3.98392e+01,2.49443e-01,2.89540e+01,1.24934e+00,1.12848e+00,2.41308e+00,8.61851e+00,3.35523e+00,1.89687e+01,4.12460e-01,6.41908e+01,3.71620e+00,1.53856e+00,9.69739e-01,9.92928e+00,3.85581e+00,4.39023e-01,1.86083e+00,7.06096e+00
1.64380e+00,3.96864e+01,2.44273e-01,2.89489e+01,1.14270e+00,1.12783e+00,2.36193e+00,8.62335e+00,3.39339e+00,1.90099e+01,4.10506e-01,6.39564e+01,3.73143e+00,1.54871e+00,9.65385e-01,9.89719e+00,3.87272e+00,4.50919e-01,1.87521e+00,7.07657e+00
1.64447e+00,3.95165e+01,2.40326e-01,2.89542e+01,1.04437e+00,1.12681e+00,2.31548e+00,8.63178e+00,3.43051e+00,1.90491e+01,4.08433e-01,6.37467e+01,3.74251e+00,1.55821e+00,9.59973e-01,9.86571e+00,3.89066e+00,4.82946e-01,1.88769e+00,7.09255e+00
1.64776e+00,3.93312e+01,2.37226e-01,2.89656e+01,9.54431e-01,1.12516e+00,2.27382e+00,8.64339e+00,3.46665e+00,1.90856e+01,4.06228e-01,6.35622e+01,3.75005e+00,1.56655e+00,9.53550e-01,9.83861e+00,3.90516e+00,5.44729e-01,1.89883e+00,7.10750e+00
1.65287e+00,3.91320e+01,2.34618e-01,2.89781e+01,8.73314e-01,1.12267e+00,2.23674e+00,8.65742e+00,3.50513e+00,1.91191e+01,4.03950e-01,6.34043e+01,3.75570e+00,1.57325e+00,9.46181e-01,9.81670e+00,3.91318e+00,6.39834e-01,1.90906e+00,7.12319e+00
1.65186e+00,3.89217e+01,2.37340e-01,2.89863e+01,8.11188e-01,1.11924e+00,2.20405e+00,8.67332e+00,3.55320e+00,1.91510e+01,4.01654e-01,6.32737e+01,3.75865e+00,1.57933e+00,9.38010e-01,9.79902e+00,3.92125e+00,7.59491e-01,1.91840e+00,7.13716e+00
1.65532e+00,3.88563e+01,2.47441e-01,2.89863e+01,7.81496e-01,1.11669e+00,2.17547e+00,8.69278e+00,3.62224e+00,1.91851e+01,3.99356e-01,6.31890e+01,3.76062e+00,1.58475e+00,9.29170e-01,9.78559e+00,3.93154e+00,9.00223e-01,1.92975e+00,7.15061e+00
1.67740e+00,3.88305e+01,2.63604e-01,2.90523e+01,7.85679e-01,1.13574e+00,2.16792e+00,8.76267e+00,3.70702e+00,1.92207e+01,4.12639e-01,6.31214e+01,3.76290e+00,1.58931e+00,9.27255e-01,9.77617e+00,3.94652e+00,9.95016e-01,1.94029e+00,7.16717e+00
1.71578e+00,3.85305e+01,2.81525e-01,2.93253e+01,8.17237e-01,1.14174e+00,2.24122e+00,8.84450e+00,3.79653e+00,1.92645e+01,4.42529e-01,6.30885e+01,3.76706e+00,1.59140e+00,9.21191e-01,9.77354e+00,3.96777e+00,1.05936e+00,1.94837e+00,7.18811e+00
1.76271e+00,3.82674e+01,2.97057e-01,2.96798e+01,8.80332e-01,1.19045e+00,2.54773e+00,8.87272e+00,3.88101e+00,1.93196e+01,4.79891e-01,6.30854e+01,3.77235e+00,1.59243e+00,9.22835e-01,9.77846e+00,3.99890e+00,1.09204e+00,1.95423e+00,7.21836e+00
1.81644e+00,3.80525e+01,3.10050e-01,2.97557e+01,9.86327e-01,1.20419e+00,3.09503e+00,8.89484e+00,3.96272e+00,1.93886e+01,5.05228e-01,6.31195e+01,3.78054e+00,1.59339e+00,1.06408e+00,9.79167e+00,4.04300e+00,1.09012e+00,1.96611e+00,7.25122e+00
1.87230e+00,3.78568e+01,3.22436e-01,2.98025e+01,1.10939e+00,1.23036e+00,3.60308e+00,8.91862e+00,4.05470e+00,1.94714e+01,5.20135e-01,6.32074e+01,3.79233e+00,1.59451e+00,1.50551e+00,9.81369e+00,4.10144e+00,1.07064e+00,1.98839e+00,7.28854e+00
1.92560e+00,3.76729e+01,3.34101e-01,2.98969e+01,1.20185e+00,1.25035e+00,3.94310e+00,8.94055e+00,4.17071e+00,1.95652e+01,5.27565e-01,6.33697e+01,3.80811e+00,1.59628e+00,1.93214e+00,9.84420e+00,4.17566e+00,1.02705e+00,2.01337e+00,7.33209e+00
1.97649e+00,3.74974e+01,3.42784e-01,3.00437e+01,1.25474e+00,1.26775e+00,4.20691e+00,8.97111e+00,4.31510e+00,1.96681e+01,5.28925e-01,6.36220e+01,3.82887e+00,1.59934e+00,2.13489e+00,9.88279e+00,4.27417e+00,9.78789e-01,2.03682e+00,7.38136e+00
2.02799e+00,3.73268e+01,3.46056e-01,3.02526e+01,1.29504e+00,1.31815e+00,4.39142e+00,9.01311e+00,4.47784e+00,1.97809e+01,5.25913e-01,6.39794e+01,3.85397e+00,1.60491e+00,2.21440e+00,9.92839e+00,4.41708e+00,9.31989e-01,2.06001e+00,7.43682e+00
2.08122e+00,3.71604e+01,3.43114e-01,3.05033e+01,1.35265e+00,1.48476e+00,4.48129e+00,9.06427e+00,4.64289e+00,1.99025e+01,5.19456e-01,6.44463e+01,3.88288e+00,1.61402e+00,2.18007e+00,9.97946e+00,4.62982e+00,8.86770e-01,2.08342e+00,7.49793e+00
2.13230e+00,3.69995e+01,3.34957e-01,3.07597e+01,1.43696e+00,1.80764e+00,4.49781e+00,9.12399e+00,4.79971e+00,2.00278e+01,5.11318e-01,6.50223e+01,3.91467e+00,1.62701e+00,2.07681e+00,1.00334e+01,4.93999e+00,8.41457e-01,2.10747e+00,7.56391e+00
2.17843e+00,3.68465e+01,3.23477e-01,3.10021e+01,1.52813e+00,2.14355e+00,4.44836e+00,9.19273e+00,4.94449e+00,2.01457e+01,5.02890e-01,6.57278e+01,3.94798e+00,1.64341e+00,1.96696e+00,1.00879e+01,5.37915e+00,8.00835e-01,2.13254e+00,7.63293e+00
2.20919e+00,3.67024e+01,3.10597e-01,3.12372e+01,1.59587e+00,2.32917e+00,4.32582e+00,9.26919e+00,5.07709e+00,2.02475e+01,4.94589e-01,6.66538e+01,3.98107e+00,1.66225e+00,1.88179e+00,1.01417e+01,5.97292e+00,7.55076e-01,2.15815e+00,7.70150e+00
2.22106e+00,3.65684e+01,2.97741e-01,3.14801e+01,1.62086e+00,2.34498e+00,4.14388e+00,9.35173e+00,5.19606e+00,2.03273e+01,4.86225e-01,6.79271e+01,4.01215e+00,1.68245e+00,1.82274e+00,1.01953e+01,6.73363e+00,7.13355e-01,2.18418e+00,7.76801e+00
2.21761e+00,3.64450e+01,2.85814e-01,3.17384e+01,1.59992e+00,2.25282e+00,3.94272e+00,9.43806e+00,5.29812e+00,2.03838e+01,4.77608e-01,6.95621e+01,4.03971e+00,1.70286e+00,1.78136e+00,1.02483e+01,7.69110e+00,6.76004e-01,2.21000e+00,7.83178e+00
2.20249e+00,3.63325e+01,2.75342e-01,3.20065e+01,1.54038e+00,2.11346e+00,3.77236e+00,9.52733e+00,5.38205e+00,2.04183e+01,4.68712e-01,7.13628e+01,4.06242e+00,1.72317e+00,1.75148e+00,1.02995e+01,8.89253e+00,6.43096e-01,2.23629e+00,7.89615e+00
2.17924e+00,3.62319e+01,2.66419e-01,3.22693e+01,1.45379e+00,1.96405e+00,3.67933e+00,9.62018e+00,5.45208e+00,2.04347e+01,4.59638e-01,7.30114e+01,4.07943e+00,1.74154e+00,1.73045e+00,1.03456e+01,1.02834e+01,6.15532e-01,2.26357e+00,7.96326e+00
2.15120e+00,3.61442e+01,2.59102e-01,3.25138e+01,1.35199e+00,1.82271e+00,3.70506e+00,9.72318e+00,5.51627e+00,2.04377e+01,4.50721e-01,7.42587e+01,4.09048e+00,1.75840e+00,1.71624e+00,1.03846e+01,1.16195e+01,5.94267e-01,2.29282e+00,8.03201e+00
2.12149e+00,3.60713e+01,2.53166e-01,3.27263e+01,1.25287e+00,1.69637e+00,3.86591e+00,9.90430e+00,5.58202e+00,2.04307e+01,4.42276e-01,7.50086e+01,4.09578e+00,1.77314e+00,1.73901e+00,1.04128e+01,1.26206e+01,5.81798e-01,2.32427e+00,8.10266e+00
2.09212e+00,3.60141e+01,2.48417e-01,3.29031e+01,1.17851e+00,1.58733e+00,4.15872e+00,1.01220e+01,5.65270e+00,2.04173e+01,4.67713e-01,7.52956e+01,4.09590e+00,1.78467e+00,1.78983e+00,1.04316e+01,1.31754e+01,5.78181e-01,2.38926e+00,8.17343e+00
2.06387e+00,3.59734e+01,2.44567e-01,3.30422e+01,1.23815e+00,1.49432e+00,4.61529e+00,1.02417e+01,5.72697e+00,2.04002e+01,7.24553e-01,7.52158e+01,4.09185e+00,1.79208e+00,2.00344e+00,1.04421e+01,1.33556e+01,5.87654e-01,2.48768e+00,8.24143e+00
2.03627e+00,3.59494e+01,2.41358e-01,3.31545e+01,2.26247e+00,1.41686e+00,5.14183e+00,1.03335e+01,5.80031e+00,2.03790e+01,1.27454e+00,7.48753e+01,4.08491e+00,1.79473e+00,2.26052e+00,1.04458e+01,1.33082e+01,6.15541e-01,2.59125e+00,8.30528e+00
2.00846e+00,3.59413e+01,2.38573e-01,3.32564e+01,4.48315e+00,1.35251e+00,5.48118e+00,1.04294e+01,5.86859e+00,2.03530e+01,1.79123e+00,7.43662e+01,4.07662e+00,1.79257e+00,2.40501e+00,1.04453e+01,1.31684e+01,6.65219e-01,2.68423e+00,8.36463e+00
1.97974e+00,3.59480e+01,2.36093e-01,3.33639e+01,5.89571e+00,1.29913e+00,5.62054e+00,1.05317e+01,5.92929e+00,2.03199e+01,2.12424e+00,7.37523e+01,4.06887e+00,1.78618e+00,2.50462e+00,1.04431e+01,1.30251e+01,7.33996e-01,2.76909e+00,8.41906e+00
1.95049e+00,3.59687e+01,2.33831e-01,3.34952e+01,5.59467e+00,1.25694e+00,5.66601e+00,1.06396e+01,5.98253e+00,2.02776e+01,2.13792e+00,7.30821e+01,4.06369e+00,1.77677e+00,2.50748e+00,1.04444e+01,1.29161e+01,8.11455e-01,2.84511e+00,8.46901e+00
1.92179e+00,3.60015e+01,2.31706e-01,3.36716e+01,4.61672e+00,1.23214e+00,5.71079e+00,1.07531e+01,6.03014e+00,2.02242e+01,1.93898e+00,7.23849e+01,4.06351e+00,1.76573e+00,2.41390e+00,1.04545e+01,1.28355e+01,8.82997e-01,2.91245e+00,8.51251e+00
1.89506e+00,3.60444e+01,2.29690e-01,3.39238e+01,3.66367e+00,1.23952e+00,5.80236e+00,1.08751e+01,6.07391e+00,2.01593e+01,1.69732e+00,7.16815e+01,4.07112e+00,1.75456e+00,2.26980e+00,1.04839e+01,1.27486e+01,9.35693e-01,2.97285e+00,8.54731e+00
1.87082e+00,3.60947e+01,2.27783e-01,3.42860e+01,2.91156e+00,1.29720e+00,5.93777e+00,1.10091e+01,6.11411e+00,2.00844e+01,1.48943e+00,7.09835e+01,4.08940e+00,1.74470e+00,2.11533e+00,1.05491e+01,1.26146e+01,9.62774e-01,3.02862e+00,8.57040e+00
1.84854e+00,3.61498e+01,2.26026e-01,3.47876e+01,2.34892e+00,1.39931e+00,6.07550e+00,1.11594e+01,6.14876e+00,2.00011e+01,1.32316e+00,7.02994e+01,4.12107e+00,1.73750e+00,1.97054e+00,1.06779e+01,1.24049e+01,9.64535e-01,3.07848e+00,8.57893e+00
1.82681e+00,3.62056e+01,2.24425e-01,3.54214e+01,1.92872e+00,1.50119e+00,6.16234e+00,1.13277e+01,6.17415e+00,1.99131e+01,1.18575e+00,6.96362e+01,4.16831e+00,1.73411e+00,1.84180e+00,1.09162e+01,1.21123e+01,9.46132e-01,3.12070e+00,8.57191e+00
1.80422e+00,3.62590e+01,2.23016e-01,3.61396e+01,1.61024e+00,1.56093e+00,6.16612e+00,1.15157e+01,6.18537e+00,1.98242e+01,1.06657e+00,6.89955e+01,4.23224e+00,1.73543e+00,1.73042e+00,1.13425e+01,1.17485e+01,9.14839e-01,3.15389e+00,8.55003e+00
1.77989e+00,3.63064e+01,2.21780e-01,3.68622e+01,1.36480e+00,1.57182e+00,6.08760e+00,1.17216e+01,6.17820e+00,1.97380e+01,9.61046e-01,6.83793e+01,4.31255e+00,1.74187e+00,1.63647e+00,1.20769e+01,1.13356e+01,8.78137e-01,3.17818e+00,8.51504e+00
1.75379e+00,3.63454e+01,2.20691e-01,3.75147e+01,1.17297e+00,1.55010e+00,5.95006e+00,1.19415e+01,6.15017e+00,1.96577e+01,8.68125e-01,6.77887e+01,4.40713e+00,1.75315e+00,1.55937e+00,1.32738e+01,1.08975e+01,8.43235e-01,3.19524e+00,8.46936e+00
1.72652e+00,3.63751e+01,2.19782e-01,3.80447e+01,1.02162e+00,1.51388e+00,5.78460e+00,1.21694e+01,6.10083e+00,1.95860e+01,7.87670e-01,6.72240e+01,4.51257e+00,1.76844e+00,1.49783e+00,1.50932e+01,1.04545e+01,8.18296e-01,3.20685e+00,8.41489e+00
1.69878e+00,3.63951e+01,2.19048e-01,3.84305e+01,9.01391e-01,1.47549e+00,5.62287e+00,1.23981e+01,6.03178e+00,1.95253e+01,7.19334e-01,6.66875e+01,4.62434e+00,1.78615e+00,1.44939e+00,1.76759e+01,1.00204e+01,8.14468e-01,3.21441e+00,8.35429e+00
1.67143e+00,3.64084e+01,2.18413e-01,3.86757e+01,8.05420e-01,1.44187e+00,5.49310e+00,1.26199e+01,5.94609e+00,1.94770e+01,6.62256e-01,6.61758e+01,4.73734e+00,1.80423e+00,1.41130e+00,2.10523e+01,9.60375e+00,8.45511e-01,3.21982e+00,8.28919e+00
1.64508e+00,3.64188e+01,2.17886e-01,3.88006e+01,7.28454e-01,1.41690e+00,5.41804e+00,1.28272e+01,5.84740e+00,1.94424e+01,6.15325e-01,6.56894e+01,4.84682e+00,1.82071e+00,1.38088e+00,2.48992e+01,9.20957e+00,9.20885e-01,3.22499e+00,8.22086e+00
1.62012e+00,3.64321e+01,2.17429e-01,3.88365e+01,6.66549e-01,1.40349e+00,5.41075e+00,1.30136e+01,5.73962e+00,1.94223e+01,5.77341e-01,6.52277e+01,4.94836e+00,1.83391e+00,1.35601e+00,2.85085e+01,8.84023e+00,1.03282e+00,3.23212e+00,8.15079e+00
1.59673e+00,3.64554e+01,2.17042e-01,3.88120e+01,6.16601e-01,1.40427e+00,5.46912e+00,1.31739e+01,5.62619e+00,1.94165e+01,5.47180e-01,6.47869e+01,5.03828e+00,1.84271e+00,1.33533e+00,3.12353e+01,8.49695e+00,1.15227e+00,3.24289e+00,8.07966e+00
1.57496e+00,3.64970e+01,2.16742e-01,3.87498e+01,5.76102e-01,1.42142e+00,5.57301e+00,1.33056e+01,5.50996e+00,1.94247e+01,5.23944e-01,6.43692e+01,5.11351e+00,1.84658e+00,1.31792e+00,3.28348e+01,8.17998e+00,1.24534e+00,3.25923e+00,8.00793e+00
1.55468e+00,3.65647e+01,2.16524e-01,3.86637e+01,5.43297e-01,1.45561e+00,5.68870e+00,1.34079e+01,5.39358e+00,1.94465e+01,5.07090e-01,6.39712e+01,5.17198e+00,1.84543e+00,1.30302e+00,3.33943e+01,7.88914e+00,1.29298e+00,3.28213e+00,7.93657e+00
1.53579e+00,3.66660e+01,2.16380e-01,3.85576e+01,5.16597e-01,1.50479e+00,5.78140e+00,1.34816e+01,5.27900e+00,1.94816e+01,4.96466e-01,6.35926e+01,5.21225e+00,1.83955e+00,1.28976e+00,3.31569e+01,7.62344e+00,1.29473e+00,3.31172e+00,7.86608e+00
1.51811e+00,3.68057e+01,2.16235e-01,3.84373e+01,4.94803e-01,1.56371e+00,5.82818e+00,1.35300e+01,5.16762e+00,1.95285e+01,4.92339e-01,6.32353e+01,5.23398e+00,1.82947e+00,1.27754e+00,3.24138e+01,7.38144e+00,1.26092e+00,3.34707e+00,7.79688e+00
1.50151e+00,3.69861e+01,2.16123e-01,3.83074e+01,4.76960e-01,1.62474e+00,5.82359e+00,1.35552e+01,5.06080e+00,1.95867e+01,4.95339e-01,6.28954e+01,5.23738e+00,1.81566e+00,1.26587e+00,3.14487e+01,7.16135e+00,1.20400e+00,3.38635e+00,7.72956e+00
1.48580e+00,3.72045e+01,2.16037e-01,3.81780e+01,4.62311e-01,1.67972e+00,5.77805e+00,1.35610e+01,4.95961e+00,1.96562e+01,5.06251e-01,6.25740e+01,5.22367e+00,1.79881e+00,1.25470e+00,3.04816e+01,6.96064e+00,1.13466e+00,3.42764e+00,7.66509e+00
1.47090e+00,3.74536e+01,2.15952e-01,3.80611e+01,4.50259e-01,1.72220e+00,5.71179e+00,1.35488e+01,4.86510e+00,1.97360e+01,5.25769e-01,6.22704e+01,5.19444e+00,1.77951e+00,1.24433e+00,2.96018e+01,6.77716e+00,1.06061e+00,3.46734e+00,7.60372e+00
1.45664e+00,3.77217e+01,2.15859e-01,3.79698e+01,4.40303e-01,1.74876e+00,5.64785e+00,1.35199e+01,4.77794e+00,1.98272e+01,5.53990e-01,6.19843e+01,5.15200e+00,1.75833e+00,1.23555e+00,2.87631e+01,6.60891e+00,9.86849e-01,3.50242e+00,7.54646e+00
1.44295e+00,3.79944e+01,2.15737e-01,3.79164e+01,4.32061e-01,1.75945e+00,5.60583e+00,1.34750e+01,4.69928e+00,1.99303e+01,5.89980e-01,6.17180e+01,5.09873e+00,1.73577e+00,1.22961e+00,2.78713e+01,6.45393e+00,9.16409e-01,3.52998e+00,7.49355e+00
1.42972e+00,3.82573e+01,2.15592e-01,3.79091e+01,4.25248e-01,1.75718e+00,5.59840e+00,1.34148e+01,4.62981e+00,2.00460e+01,6.31605e-01,6.14709e+01,5.03703e+00,1.71234e+00,1.22816e+00,2.68784e+01,6.31129e+00,8.50947e-01,3.54756e+00,7.44575e+00
1.41694e+00,3.84973e+01,2.15441e-01,3.79500e+01,4.19632e-01,1.74721e+00,5.62976e+00,1.33421e+01,4.56999e+00,2.01757e+01,6.75770e-01,6.12429e+01,4.96929e+00,1.68841e+00,1.23313e+00,2.58105e+01,6.18020e+00,7.91230e-01,3.55350e+00,7.40322e+00
1.40457e+00,3.87044e+01,2.15308e-01,3.80351e+01,4.14952e-01,1.73672e+00,5.69617e+00,1.32599e+01,4.52000e+00,2.03207e+01,7.19073e-01,6.10366e+01,4.89764e+00,1.66441e+00,1.24636e+00,2.47449e+01,6.06017e+00,7.37401e-01,3.54710e+00,7.36633e+00
1.39264e+00,3.88728e+01,2.15203e-01,3.81528e+01,4.11100e-01,1.73425e+00,5.78790e+00,1.31734e+01,4.47953e+00,2.04812e+01,7.58511e-01,6.08504e+01,4.82394e+00,1.64059e+00,1.26909e+00,2.37760e+01,5.95123e+00,6.89398e-01,3.52838e+00,7.33530e+00
1.38113e+00,3.90009e+01,2.15080e-01,3.82841e+01,4.07858e-01,1.74811e+00,5.89179e+00,1.30879e+01,4.44758e+00,2.06570e+01,7.92093e-01,6.06844e+01,4.74990e+00,1.61722e+00,1.30146e+00,2.30010e+01,5.85328e+00,6.46889e-01,3.49826e+00,7.30977e+00
1.37007e+00,3.90898e+01,2.14951e-01,3.84100e+01,4.05128e-01,1.78448e+00,5.99327e+00,1.30082e+01,4.42290e+00,2.08468e+01,8.18879e-01,6.05396e+01,4.67678e+00,1.59449e+00,1.34238e+00,2.25171e+01,5.76668e+00,6.09464e-01,3.45797e+00,7.29017e+00
1.35949e+00,3.91451e+01,2.14829e-01,3.85126e+01,4.02826e-01,1.84392e+00,6.07716e+00,1.29387e+01,4.40382e+00,2.10492e+01,8.38989e-01,6.04150e+01,4.60558e+00,1.57250e+00,1.38968e+00,2.24094e+01,5.69148e+00,5.76675e-01,3.40922e+00,7.27574e+00
1.34943e+00,3.91741e+01,2.14696e-01,3.85811e+01,4.00860e-01,1.91964e+00,6.12925e+00,1.28820e+01,4.38850e+00,2.12597e+01,8.53270e-01,6.03106e+01,4.53710e+00,1.55140e+00,1.44032e+00,2.27225e+01,5.62776e+00,5.48065e-01,3.35348e+00,7.26678e+00
1.33994e+00,3.91857e+01,2.14528e-01,3.86118e+01,3.99169e-01,1.99861e+00,6.13875e+00,1.28385e+01,4.37516e+00,2.14746e+01,8.63023e-01,6.02274e+01,4.47196e+00,1.53127e+00,1.49128e+00,2.34146e+01,5.57535e+00,5.23210e-01,3.29239e+00,7.26229e+00
1.33102e+00,3.91886e+01,2.14331e-01,3.86093e+01,3.97709e-01,2.06619e+00,6.10014e+00,1.28070e+01,4.36254e+00,2.16894e+01,8.69749e-01,6.01606e+01,4.41063e+00,1.51220e+00,1.53970e+00,2.43341e+01,5.53376e+00,5.01742e-01,3.22747e+00,7.26228e+00
1.32268e+00,3.91910e+01,2.14113e-01,3.85842e+01,3.96409e-01,2.11121e+00,6.01377e+00,1.27846e+01,4.35016e+00,2.18989e+01,8.74988e-01,6.01124e+01,4.35336e+00,1.49422e+00,1.58320e+00,2.52567e+01,5.50246e+00,4.83291e-01,3.16006e+00,7.26567e+00
1.31491e+00,3.92001e+01,2.13882e-01,3.85477e+01,3.95284e-01,2.12868e+00,5.88510e+00,1.27680e+01,4.33806e+00,2.20995e+01,8.80135e-01,6.00810e+01,4.30034e+00,1.47735e+00,1.61998e+00,2.59747e+01,5.48058e+00,4.67547e-01,3.09108e+00,7.27253e+00
1.30766e+00,3.92212e+01,2.13646e-01,3.85109e+01,3.94276e-01,2.11952e+00,5.72255e+00,1.27540e+01,4.32698e+00,2.22876e+01,8.86479e-01,6.00662e+01,4.25154e+00,1.46161e+00,1.64865e+00,2.63660e+01,5.46671e+00,4.54179e-01,3.02143e+00,7.28167e+00
1.30099e+00,3.92582e+01,2.13411e-01,3.84830e+01,3.93395e-01,2.08826e+00,5.53567e+00,1.27409e+01,4.31830e+00,2.24610e+01,8.95016e-01,6.00692e+01,4.20702e+00,1.44700e+00,1.66843e+00,2.64058e+01,5.45928e+00,4.42923e-01,2.95201e+00,7.29293e+00
1.29476e+00,3.93126e+01,2.13185e-01,3.84668e+01,3.92571e-01,2.04087e+00,5.33389e+00,1.27296e+01,4.31302e+00,2.26187e+01,9.06579e-01,6.00886e+01,4.16669e+00,1.43350e+00,1.67906e+00,2.61380e+01,5.45648e+00,4.33483e-01,2.88325e+00,7.30529e+00
1.28900e+00,3.93844e+01,2.12948e-01,3.84625e+01,3.91863e-01,1.98308e+00,5.12502e+00,1.27234e+01,4.31230e+00,2.27604e+01,9.21696e-01,6.01272e+01,4.13054e+00,1.42110e+00,1.68074e+00,2.56344e+01,5.45653e+00,4.25639e-01,2.81555e+00,7.31872e+00
1.28368e+00,3.94719e+01,2.12711e-01,3.84663e+01,3.91187e-01,1.91981e+00,4.91565e+00,1.27267e+01,4.31646e+00,2.28862e+01,9.40566e-01,6.01870e+01,4.09853e+00,1.40979e+00,1.67414e+00,2.49706e+01,5.45747e+00,4.19196e-01,2.74939e+00,7.33252e+00
1.27877e+00,3.95726e+01,2.12467e-01,3.84695e+01,3.90505e-01,1.85484e+00,4.71069e+00,1.27443e+01,4.32483e+00,2.29992e+01,9.63124e-01,6.02704e+01,4.07043e+00,1.39948e+00,1.66024e+00,2.42105e+01,5.45775e+00,4.13934e-01,2.68490e+00,7.34611e+00
1.27425e+00,3.96829e+01,2.12202e-01,3.84622e+01,3.89846e-01,1.79094e+00,4.51345e+00,1.27776e+01,4.33605e+00,2.31011e+01,9.88831e-01,6.03814e+01,4.04615e+00,1.39014e+00,1.64018e+00,2.34036e+01,5.45606e+00,4.09616e-01,2.62267e+00,7.35918e+00
1.27011e+00,3.97992e+01,2.11916e-01,3.84358e+01,3.89223e-01,1.72998e+00,4.32640e+00,1.28247e+01,4.34797e+00,2.31941e+01,1.01692e+00,6.05206e+01,4.02562e+00,1.38174e+00,1.61514e+00,2.25861e+01,5.45148e+00,4.06158e-01,2.56267e+00,7.37141e+00
1.26632e+00,3.99187e+01,2.11623e-01,3.83820e+01,3.88612e-01,1.67323e+00,4.15115e+00,1.28802e+01,4.35783e+00,2.32819e+01,1.04638e+00,6.06938e+01,4.00845e+00,1.37425e+00,1.58621e+00,2.17831e+01,5.44357e+00,4.03402e-01,2.50527e+00,7.38241e+00
1.26282e+00,4.00393e+01,2.11314e-01,3.82959e+01,3.88006e-01,1.62153e+00,3.98869e+00,1.29379e+01,4.36338e+00,2.33681e+01,1.07605e+00,6.08997e+01,3.99422e+00,1.36754e+00,1.55445e+00,2.10098e+01,5.43222e+00,4.01200e-01,2.45064e+00,7.39195e+00
1.25961e+00,4.01605e+01,2.10993e-01,3.81761e+01,3.87410e-01,1.57542e+00,3.83959e+00,1.29919e+01,4.36246e+00,2.34554e+01,1.10474e+00,6.11402e+01,3.98240e+00,1.36161e+00,1.52069e+00,2.02759e+01,5.41755e+00,3.99508e-01,2.39892e+00,7.39973e+00
1.25668e+00,4.02829e+01,2.10675e-01,3.80226e+01,3.86830e-01,1.53513e+00,3.70404e+00,1.30402e+01,4.35366e+00,2.35474e+01,1.13146e+00,6.14142e+01,3.97230e+00,1.35638e+00,1.48558e+00,1.95872e+01,5.39996e+00,3.98177e-01,2.35042e+00,7.40552e+00
1.25396e+00,4.04088e+01,2.10367e-01,3.78399e+01,3.86258e-01,1.50055e+00,3.58199e+00,1.30836e+01,4.33654e+00,2.36461e+01,1.15538e+00,6.17161e+01,3.96339e+00,1.35173e+00,1.44988e+00,1.89452e+01,5.38002e+00,3.97130e-01,2.30489e+00,7.40950e+00
1.25141e+00,4.05409e+01,2.10050e-01,3.76326e+01,3.85708e-01,1.47148e+00,3.47336e+00,1.31267e+01,4.31134e+00,2.37538e+01,1.17575e+00,6.20434e+01,3.95499e+00,1.34767e+00,1.41399e+00,1.83513e+01,5.35828e+00,3.96324e-01,2.26268e+00,7.41125e+00
1.24907e+00,4.06831e+01,2.09742e-01,3.74059e+01,3.85143e-01,1.44739e+00,3.37819e+00,1.31757e+01,4.27858e+00,2.38723e+01,1.19208e+00,6.23875e+01,3.94655e+00,1.34409e+00,1.37836e+00,1.78033e+01,5.33532e+00,3.95692e-01,2.22372e+00,7.41110e+00
1.24688e+00,4.08393e+01,2.09435e-01,3.71662e+01,3.84551e-01,1.42749e+00,3.29599e+00,1.32358e+01,4.23965e+00,2.40018e+01,1.20410e+00,6.27423e+01,3.93751e+00,1.34094e+00,1.34332e+00,1.72986e+01,5.31155e+00,3.95227e-01,2.18781e+00,7.40914e+00
1.24484e+00,4.10131e+01,2.09115e-01,3.69205e+01,3.83972e-01,1.41090e+00,3.22660e+00,1.33109e+01,4.19588e+00,2.41421e+01,1.21167e+00,6.30992e+01,3.92758e+00,1.33814e+00,1.30913e+00,1.68346e+01,5.28727e+00,3.94810e-01,2.15507e+00,7.40533e+00
1.24297e+00,4.12078e+01,2.08782e-01,3.66750e+01,3.83379e-01,1.39666e+00,3.16948e+00,1.34016e+01,4.14872e+00,2.42926e+01,1.21473e+00,6.34497e+01,3.91659e+00,1.33566e+00,1.27602e+00,1.64080e+01,5.26257e+00,3.94455e-01,2.12522e+00,7.40035e+00
1.24118e+00,4.14245e+01,2.08437e-01,3.64360e+01,3.82808e-01,1.38377e+00,3.12401e+00,1.35049e+01,4.09950e+00,2.44499e+01,1.21339e+00,6.37866e+01,3.90438e+00,1.33345e+00,1.24416e+00,1.60151e+01,5.23742e+00,3.94161e-01,2.09807e+00,7.39406e+00
1.23948e+00,4.16632e+01,2.08084e-01,3.62076e+01,3.82234e-01,1.37135e+00,3.08942e+00,1.36149e+01,4.04936e+00,2.46114e+01,1.20788e+00,6.41051e+01,3.89101e+00,1.33146e+00,1.21368e+00,1.56525e+01,5.21168e+00,3.93902e-01,2.07352e+00,7.38683e+00
1.23786e+00,4.19214e+01,2.07724e-01,3.59932e+01,3.81613e-01,1.35871e+00,3.06446e+00,1.37236e+01,3.99941e+00,2.47739e+01,1.19853e+00,6.44013e+01,3.87655e+00,1.32964e+00,1.18471e+00,1.53168e+01,5.18512e+00,3.93642e-01,2.05112e+00,7.37917e+00
1.23627e+00,4.21953e+01,2.07360e-01,3.57951e+01,3.81022e-01,1.34533e+00,3.04792e+00,1.38234e+01,3.95038e+00,2.49324e+01,1.18568e+00,6.46717e+01,3.86121e+00,1.32800e+00,1.15732e+00,1.50048e+01,5.15748e+00,3.93400e-01,2.03087e+00,7.37108e+00
1.23474e+00,4.24801e+01,2.07005e-01,3.56128e+01,3.80427e-01,1.33100e+00,3.03828e+00,1.39072e+01,3.90282e+00,2.50841e+01,1.16982e+00,6.49183e+01,3.84512e+00,1.32644e+00,1.13149e+00,1.47137e+01,5.12860e+00,3.93145e-01,2.01226e+00,7.36301e+00
1.23328e+00,4.27672e+01,2.06646e-01,3.54464e+01,3.79860e-01,1.31557e+00,3.03412e+00,1.39691e+01,3.85723e+00,2.52247e+01,1.15140e+00,6.51444e+01,3.82870e+00,1.32497e+00,1.10726e+00,1.44406e+01,5.09813e+00,3.92890e-01,1.99525e+00,7.35522e+00
1.23183e+00,4.30468e+01,2.06289e-01,3.52963e+01,3.79279e-01,1.29912e+00,3.03424e+00,1.40076e+01,3.81387e+00,2.53521e+01,1.13092e+00,6.53489e+01,3.81210e+00,1.32358e+00,1.08468e+00,1.41835e+01,5.06599e+00,3.92629e-01,1.97947e+00,7.34791e+00
1.23043e+00,4.33112e+01,2.05938e-01,3.51626e+01,3.78685e-01,1.28171e+00,3.03770e+00,1.40217e+01,3.77308e+00,2.54647e+01,1.10878e+00,6.55394e+01,3.79542e+00,1.32221e+00,1.06359e+00,1.39403e+01,5.03213e+00,3.92358e-01,1.96477e+00,7.34144e+00
1.22903e+00,4.35540e+01,2.05582e-01,3.50477e+01,3.78091e-01,1.26364e+00,3.04386e+00,1.40126e+01,3.73486e+00,2.55610e+01,1.08546e+00,6.57185e+01,3.77899e+00,1.32086e+00,1.04414e+00,1.37094e+01,4.99653e+00,3.92072e-01,1.95106e+00,7.33604e+00
1.22764e+00,4.37697e+01,2.05213e-01,3.49557e+01,3.77480e-01,1.24513e+00,3.05258e+00,1.39850e+01,3.69920e+00,2.56399e+01,1.06139e+00,6.58917e+01,3.76304e+00,1.31952e+00,1.02615e+00,1.34896e+01,4.95918e+00,3.91742e-01,1.93817e+00,7.33196e+00
1.22627e+00,4.39553e+01,2.04836e-01,3.48937e+01,3.76869e-01,1.22644e+00,3.06413e+00,1.39424e+01,3.66631e+00,2.57028e+01,1.03686e+00,6.60639e+01,3.74759e+00,1.31820e+00,1.00954e+00,1.32797e+01,4.92029e+00,3.91388e-01,1.92604e+00,7.32972e+00
1.22490e+00,4.41081e+01,2.04454e-01,3.48727e+01,3.76239e-01,1.20773e+00,3.07910e+00,1.38911e+01,3.63596e+00,2.57514e+01,1.01225e+00,6.62414e+01,3.73282e+00,1.31687e+00,9.94328e-01,1.30785e+01,4.88008e+00,3.91007e-01,1.91441e+00,7.32976e+00
1.22349e+00,4.42285e+01,2.04072e-01,3.49100e+01,3.75639e-01,1.18928e+00,3.09822e+00,1.38369e+01,3.60820e+00,2.57880e+01,9.87749e-01,6.64278e+01,3.71878e+00,1.31553e+00,9.80441e-01,1.28853e+01,4.83879e+00,3.90630e-01,1.90339e+00,7.33262e+00
1.22209e+00,4.43181e+01,2.03702e-01,3.50279e+01,3.75418e-01,1.17120e+00,3.12210e+00,1.37872e+01,3.58305e+00,2.58165e+01,9.63595e-01,6.66252e+01,3.70549e+00,1.31417e+00,9.67824e-01,1.27002e+01,4.79668e+00,3.90242e-01,1.89300e+00,7.33917e+00
1.22068e+00,4.43818e+01,2.03319e-01,3.52547e+01,3.75768e-01,1.15363e+00,3.15110e+00,1.37485e+01,3.56035e+00,2.58423e+01,9.39912e-01,6.68330e+01,3.69303e+00,1.31548e+00,9.56381e-01,1.25218e+01,4.75417e+00,3.89829e-01,1.88294e+00,7.34974e+00
1.22070e+00,4.44220e+01,2.02935e-01,3.56299e+01,3.76586e-01,1.13669e+00,3.18539e+00,1.37294e+01,3.54011e+00,2.58709e+01,9.16835e-01,6.70535e+01,3.68137e+00,1.31509e+00,9.46032e-01,1.23507e+01,4.71199e+00,3.89409e-01,1.87321e+00,7.36564e+00
1.22020e+00,4.44430e+01,2.02566e-01,3.61956e+01,3.77798e-01,1.12043e+00,3.22473e+00,1.37381e+01,3.52214e+00,2.59092e+01,8.94486e-01,6.72873e+01,3.67048e+00,1.31417e+00,9.36684e-01,1.21865e+01,4.67016e+00,3.88967e-01,1.86402e+00,7.38679e+00
1.21916e+00,4.44497e+01,2.02232e-01,3.69946e+01,3.79405e-01,1.10489e+00,3.26832e+00,1.37844e+01,3.50585e+00,2.59651e+01,8.72898e-01,6.75325e+01,3.66031e+00,1.31358e+00,9.28309e-01,1.20284e+01,4.62883e+00,3.88503e-01,1.85563e+00,7.41458e+00
1.21795e+00,4.44476e+01,2.01941e-01,3.80553e+01,3.81618e-01,1.09018e+00,3.31447e+00,1.38781e+01,3.49120e+00,2.60481e+01,8.52179e-01,6.77924e+01,3.65085e+00,1.31276e+00,9.20806e-01,1.18770e+01,4.58854e+00,3.88029e-01,1.84826e+00,7.45571e+00
1.21702e+00,4.44412e+01,2.01709e-01,3.93752e+01,3.84782e-01,1.07625e+00,3.36181e+00,1.40289e+01,3.47806e+00,2.61684e+01,8.32253e-01,6.80645e+01,3.64206e+00,1.31156e+00,9.14089e-01,1.17331e+01,4.54916e+00,3.87520e-01,1.84199e+00,7.50642e+00
1.21639e+00,4.44341e+01,2.01545e-01,4.09157e+01,3.89541e-01,1.06311e+00,3.40836e+00,1.42455e+01,3.46603e+00,2.63366e+01,8.13282e-01,6.83480e+01,3.63391e+00,1.31007e+00,9.08137e-01,1.15951e+01,4.51034e+00,3.86996e-01,1.83654e+00,7.56421e+00
1.21594e+00,4.44293e+01,2.01427e-01,4.25916e+01,3.96792e-01,1.05076e+00,3.45237e+00,1.45336e+01,3.45510e+00,2.65622e+01,7.95249e-01,6.86459e+01,3.62631e+00,1.30856e+00,9.02816e-01,1.14627e+01,4.47218e+00,3.86457e-01,1.83188e+00,7.62857e+00
1.21566e+00,4.44293e+01,2.01297e-01,4.42929e+01,4.07360e-01,1.03919e+00,3.49216e+00,1.48950e+01,3.44512e+00,2.68533e+01,7.78203e-01,6.89558e+01,3.61927e+00,1.30731e+00,8.98151e-01,1.13372e+01,4.43506e+00,3.85901e-01,1.82791e+00,7.69648e+00
1.21567e+00,4.44352e+01,2.01105e-01,4.59038e+01,4.21171e-01,1.02840e+00,3.52620e+00,1.53274e+01,3.43590e+00,2.72141e+01,7.62096e-01,6.92784e+01,3.61268e+00,1.30649e+00,8.94038e-01,1.12183e+01,4.39949e+00,3.85332e-01,1.82467e+00,7.76444e+00
1.21614e+00,4.44479e+01,2.00825e-01,4.73300e+01,4.36766e-01,1.01830e+00,3.55354e+00,1.58252e+01,3.42731e+00,2.76435e+01,7.46844e-01,6.96121e+01,3.60661e+00,1.30601e+00,8.90412e-01,1.11055e+01,4.36582e+00,3.84758e-01,1.82177e+00,7.83132e+00
1.21727e+00,4.44672e+01,2.00442e-01,4.85070e+01,4.51772e-01,1.00892e+00,3.57336e+00,1.63842e+01,3.41932e+00,2.81353e+01,7.32367e-01,6.99563e+01,3.60096e+00,1.30572e+00,8.87302e-01,1.09994e+01,4.33424e+00,3.84181e-01,1.81908e+00,7.89718e+00
1.21930e+00,4.44918e+01,1.99998e-01,4.94137e+01,4.63695e-01,1.00020e+00,3.58535e+00,1.70042e+01,3.41182e+00,2.86766e+01,7.18551e-01,7.03067e+01,3.59584e+00,1.30542e+00,8.84621e-01,1.09004e+01,4.30475e+00,3.83590e-01,1.81643e+00,7.96016e+00
1.22243e+00,4.45208e+01,1.99510e-01,5.00573e+01,4.71031e-01,9.92187e-01,3.58981e+00,1.76942e+01,3.40483e+00,2.92488e+01,7.05329e-01,7.06601e+01,3.59119e+00,1.30505e+00,8.82508e-01,1.08083e+01,4.27744e+00,3.82986e-01,1.81335e+00,8.01895e+00
1.22675e+00,4.45522e+01,1.98980e-01,5.04701e+01,4.73531e-01,9.84725e-01,3.58692e+00,1.84747e+01,3.39829e+00,2.98299e+01,6.92588e-01,7.10142e+01,3.58707e+00,1.30452e+00,8.80984e-01,1.07237e+01,4.25280e+00,3.82379e-01,1.80998e+00,8.07174e+00
1.23216e+00,4.45843e+01,1.98464e-01,5.06987e+01,4.71872e-01,9.77804e-01,3.57729e+00,1.93759e+01,3.39216e+00,3.03972e+01,6.80257e-01,7.13632e+01,3.58362e+00,1.30386e+00,8.80158e-01,1.06475e+01,4.23191e+00,3.81760e-01,1.80637e+00,8.11740e+00
1.23842e+00,4.46147e+01,1.97944e-01,5.07933e+01,4.67131e-01,9.71448e-01,3.56166e+00,2.04303e+01,3.38635e+00,3.09284e+01,6.68321e-01,7.17046e+01,3.58103e+00,1.30305e+00,8.80040e-01,1.05806e+01,4.21661e+00,3.81120e-01,1.80274e+00,8.15511e+00
1.24514e+00,4.46415e+01,1.97439e-01,5.08024e+01,4.60352e-01,9.65613e-01,3.54058e+00,2.16601e+01,3.38087e+00,3.14048e+01,6.56759e-01,7.20350e+01,3.57944e+00,1.30208e+00,8.80663e-01,1.05236e+01,4.20904e+00,3.80467e-01,1.79951e+00,8.18453e+00
1.25184e+00,4.46627e+01,1.96955e-01,5.07728e+01,4.52378e-01,9.60195e-01,3.51482e+00,2.30627e+01,3.37567e+00,3.18115e+01,6.45576e-01,7.23551e+01,3.57926e+00,1.30090e+00,8.81968e-01,1.04770e+01,4.21052e+00,3.79796e-01,1.79670e+00,8.20568e+00
1.25805e+00,4.46767e+01,1.96495e-01,5.07450e+01,4.43893e-01,9.55235e-01,3.48500e+00,2.46016e+01,3.37065e+00,3.21381e+01,6.34792e-01,7.26658e+01,3.58078e+00,1.29944e+00,8.83798e-01,1.04406e+01,4.22054e+00,3.79116e-01,1.79464e+00,8.21853e+00
1.26337e+00,4.46818e+01,1.96050e-01,5.07517e+01,4.35368e-01,9.50622e-01,3.45164e+00,2.62064e+01,3.36577e+00,3.23800e+01,6.24407e-01,7.29689e+01,3.58443e+00,1.29769e+00,8.85946e-01,1.04130e+01,4.23638e+00,3.78439e-01,1.79336e+00,8.22356e+00
1.26737e+00,4.46767e+01,1.95618e-01,5.08200e+01,4.27059e-01,9.46413e-01,3.41523e+00,2.77882e+01,3.36100e+00,3.25358e+01,6.14510e-01,7.32668e+01,3.59054e+00,1.29566e+00,8.88262e-01,1.03945e+01,4.25439e+00,3.77763e-01,1.79294e+00,8.22073e+00
1.26988e+00,4.46598e+01,1.95207e-01,5.09700e+01,4.19103e-01,9.42575e-01,3.37622e+00,2.92598e+01,3.35636e+00,3.26079e+01,6.05144e-01,7.35638e+01,3.59937e+00,1.29334e+00,8.90575e-01,1.03841e+01,4.27092e+00,3.77086e-01,1.79361e+00,8.21056e+00
1.27084e+00,4.46300e+01,1.94820e-01,5.12146e+01,4.11604e-01,9.38989e-01,3.33507e+00,3.05527e+01,3.35177e+00,3.26011e+01,5.96406e-01,7.38657e+01,3.61096e+00,1.29079e+00,8.92705e-01,1.03832e+01,4.28455e+00,3.76408e-01,1.79515e+00,8.19391e+00
1.27029e+00,4.45866e+01,1.94429e-01,5.15655e+01,4.04670e-01,9.35709e-01,3.29230e+00,3.16252e+01,3.34723e+00,3.25222e+01,5.88179e-01,7.41783e+01,3.62524e+00,1.28806e+00,8.98332e-01,1.03932e+01,4.29536e+00,3.75745e-01,1.79759e+00,8.17097e+00
1.26841e+00,4.45290e+01,1.94029e-01,5.20289e+01,3.98315e-01,9.32710e-01,3.24844e+00,3.24630e+01,3.34271e+00,3.23794e+01,5.80510e-01,7.45055e+01,3.64191e+00,1.28523e+00,9.01388e-01,1.04265e+01,4.30462e+00,3.75098e-01,1.80076e+00,8.14313e+00
1.26544e+00,4.44565e+01,1.93621e-01,5.26160e+01,3.92554e-01,9.29912e-01,3.20394e+00,3.30723e+01,3.33815e+00,3.21809e+01,5.73216e-01,7.48517e+01,3.66033e+00,1.28237e+00,9.02795e-01,1.05262e+01,4.31395e+00,3.74462e-01,1.80439e+00,8.11093e+00
1.26164e+00,4.43690e+01,1.93225e-01,5.33374e+01,3.87388e-01,9.27398e-01,3.15932e+00,3.34715e+01,3.33356e+00,3.19349e+01,5.66278e-01,7.52205e+01,3.67972e+00,1.27951e+00,9.03860e-01,1.08022e+01,4.32445e+00,3.73839e-01,1.80795e+00,8.07533e+00
1.25733e+00,4.42662e+01,1.92839e-01,5.42073e+01,3.82779e-01,9.25054e-01,3.11506e+00,3.36856e+01,3.32894e+00,3.16500e+01,5.59571e-01,7.56124e+01,3.69921e+00,1.27670e+00,9.04150e-01,1.12708e+01,4.33632e+00,3.73234e-01,1.81091e+00,8.03716e+00
1.25274e+00,4.41485e+01,1.92469e-01,5.52343e+01,3.78712e-01,9.22917e-01,3.07141e+00,3.37395e+01,3.32424e+00,3.13332e+01,5.53035e-01,7.60267e+01,3.71792e+00,1.27393e+00,9.03643e-01,1.16670e+01,4.34904e+00,3.72648e-01,1.81274e+00,7.99710e+00
1.24812e+00,4.40167e+01,1.92102e-01,5.64121e+01,3.75127e-01,9.20942e-01,3.02858e+00,3.36595e+01,3.31947e+00,3.09926e+01,5.46565e-01,7.64584e+01,3.73498e+00,1.27118e+00,9.02507e-01,1.17967e+01,4.36153e+00,3.72072e-01,1.81310e+00,7.95582e+00
1.24364e+00,4.38710e+01,1.91733e-01,5.77157e+01,3.71995e-01,9.19170e-01,2.98683e+00,3.34664e+01,3.31462e+00,3.06341e+01,5.40135e-01,7.69026e+01,3.74971e+00,1.26850e+00,9.01075e-01,1.17309e+01,4.37247e+00,3.71519e-01,1.81159e+00,7.91367e+00
1.23948e+00,4.37127e+01,1.91371e-01,5.90896e+01,3.69274e-01,9.17650e-01,2.94633e+00,3.31815e+01,3.30971e+00,3.02628e+01,5.33749e-01,7.73504e+01,3.76154e+00,1.26582e+00,8.99774e-01,1.16092e+01,4.38064e+00,3.70960e-01,1.80826e+00,7.87067e+00
1.23568e+00,4.35434e+01,1.91018e-01,6.04571e+01,3.66877e-01,9.16629e-01,2.90725e+00,3.28201e+01,3.30475e+00,2.98832e+01,5.27421e-01,7.77935e+01,3.76999e+00,1.26317e+00,8.99213e-01,1.15194e+01,4.38498e+00,3.70373e-01,1.80311e+00,7.82732e+00
1.23234e+00,4.33643e+01,1.90663e-01,6.17337e+01,3.64791e-01,9.17285e-01,2.86973e+00,3.23987e+01,3.29969e+00,2.95000e+01,5.21197e-01,7.82216e+01,3.77492e+00,1.26053e+00,8.99954e-01,1.14977e+01,4.38470e+00,3.69780e-01,1.79647e+00,7.78366e+00
1.22945e+00,4.31776e+01,1.90287e-01,6.28432e+01,3.62987e-01,9.23724e-01,2.83405e+00,3.19291e+01,3.29456e+00,2.91163e+01,5.15102e-01,7.86242e+01,3.77644e+00,1.25789e+00,9.02499e-01,1.15411e+01,4.37937e+00,3.69178e-01,1.78853e+00,7.73964e+00
1.22700e+00,4.29849e+01,1.89916e-01,6.37300e+01,3.61398e-01,9.43970e-01,2.80041e+00,3.14216e+01,3.28934e+00,2.87348e+01,5.09163e-01,7.89912e+01,3.77468e+00,1.25526e+00,9.07246e-01,1.16214e+01,4.36896e+00,3.68524e-01,1.77979e+00,7.69526e+00
1.22493e+00,4.27888e+01,1.89548e-01,6.43655e+01,3.59979e-01,9.82812e-01,2.76910e+00,3.08861e+01,3.28407e+00,2.83578e+01,5.03410e-01,7.93155e+01,3.76998e+00,1.25264e+00,9.14552e-01,1.17038e+01,4.35379e+00,3.67822e-01,1.77068e+00,7.65071e+00
1.22312e+00,4.25916e+01,1.89189e-01,6.47447e+01,3.58688e-01,1.03117e+00,2.74051e+00,3.03303e+01,3.27873e+00,2.79872e+01,4.97878e-01,7.95887e+01,3.76278e+00,1.25003e+00,9.24521e-01,1.17660e+01,4.33436e+00,3.67065e-01,1.76136e+00,7.60606e+00
1.22150e+00,4.23956e+01,1.88832e-01,6.48811e+01,3.57561e-01,1.07144e+00,2.71502e+00,2.97599e+01,3.27332e+00,2.76243e+01,4.92604e-01,7.98067e+01,3.75348e+00,1.24739e+00,9.36940e-01,1.18020e+01,4.31140e+00,3.66272e-01,1.75226e+00,7.56134e+00
1.21992e+00,4.22035e+01,1.88475e-01,6.48017e+01,3.56549e-01,1.09277e+00,2.69285e+00,2.91823e+01,3.26784e+00,2.72701e+01,4.87581e-01,7.99668e+01,3.74256e+00,1.24478e+00,9.51338e-01,1.18172e+01,4.28572e+00,3.65472e-01,1.74353e+00,7.51682e+00
1.21832e+00,4.20181e+01,1.88114e-01,6.45333e+01,3.55676e-01,1.09526e+00,2.67437e+00,2.85996e+01,3.26231e+00,2.69256e+01,4.82861e-01,8.00664e+01,3.73041e+00,1.24221e+00,9.67040e-01,1.18188e+01,4.25788e+00,3.64673e-01,1.73535e+00,7.47273e+00
1.21656e+00,4.18425e+01,1.87761e-01,6.41081e+01,3.54859e-01,1.08462e+00,2.65980e+00,2.80179e+01,3.25671e+00,2.65913e+01,4.78501e-01,8.01072e+01,3.71734e+00,1.23967e+00,9.83152e-01,1.18128e+01,4.22883e+00,3.63854e-01,1.72781e+00,7.42929e+00
1.21453e+00,4.16808e+01,1.87428e-01,6.35548e+01,3.54066e-01,1.06690e+00,2.64934e+00,2.74397e+01,3.25105e+00,2.62683e+01,4.74532e-01,8.00872e+01,3.70353e+00,1.23715e+00,9.98734e-01,1.18024e+01,4.19919e+00,3.63013e-01,1.72103e+00,7.38668e+00
1.21218e+00,4.15374e+01,1.87091e-01,6.28982e+01,3.53310e-01,1.04652e+00,2.64328e+00,2.68679e+01,3.24534e+00,2.59567e+01,4.71029e-01,8.00135e+01,3.68931e+00,1.23467e+00,1.01285e+00,1.17910e+01,4.16952e+00,3.62185e-01,1.71491e+00,7.34501e+00
1.20946e+00,4.14185e+01,1.86741e-01,6.21616e+01,3.52596e-01,1.02607e+00,2.64212e+00,2.63050e+01,3.23959e+00,2.56562e+01,4.68017e-01,7.98853e+01,3.67479e+00,1.23222e+00,1.02473e+00,1.17836e+01,4.14032e+00,3.61377e-01,1.70960e+00,7.30451e+00
1.20635e+00,4.13313e+01,1.86391e-01,6.13628e+01,3.51902e-01,1.00699e+00,2.64665e+00,2.57531e+01,3.23378e+00,2.53671e+01,4.65537e-01,7.97098e+01,3.66009e+00,1.22981e+00,1.03383e+00,1.17912e+01,4.11193e+00,3.60562e-01,1.70501e+00,7.26528e+00
1.20289e+00,4.12848e+01,1.86046e-01,6.05184e+01,3.51249e-01,9.89780e-01,2.65821e+00,2.52141e+01,3.22796e+00,2.50901e+01,4.63593e-01,7.94888e+01,3.64525e+00,1.22744e+00,1.03997e+00,1.18348e+01,4.08468e+00,3.59741e-01,1.70098e+00,7.22737e+00
1.19903e+00,4.12896e+01,1.85704e-01,5.96412e+01,3.50583e-01,9.74607e-01,2.67816e+00,2.46893e+01,3.22210e+00,2.48241e+01,4.62190e-01,7.92273e+01,3.63021e+00,1.22508e+00,1.04318e+00,1.19436e+01,4.05871e+00,3.58922e-01,1.69760e+00,7.19096e+00
1.19491e+00,4.13628e+01,1.85354e-01,5.87447e+01,3.51907e-01,9.66327e-01,2.70918e+00,2.41816e+01,3.21625e+00,2.45864e+01,4.61736e-01,7.89425e+01,3.61508e+00,1.22273e+00,1.05814e+00,1.21409e+01,4.03418e+00,3.58108e-01,1.69460e+00,7.15589e+00
1.19056e+00,4.15495e+01,1.87276e-01,5.78415e+01,3.58182e-01,9.62504e-01,2.75688e+00,2.36997e+01,3.21282e+00,2.43841e+01,5.02723e-01,7.86740e+01,3.59987e+00,1.22118e+00,1.08188e+00,1.24233e+01,4.01256e+00,3.60086e-01,1.76992e+00,7.12207e+00
1.18680e+00,4.22007e+01,1.92543e-01,5.69480e+01,3.72550e-01,1.38560e+00,2.85741e+00,2.32650e+01,3.21031e+00,2.42653e+01,6.73691e-01,7.84097e+01,3.58464e+00,1.21949e+00,1.23911e+00,1.27527e+01,3.99387e+00,3.61339e-01,2.04853e+00,7.08962e+00
1.18277e+00,4.29060e+01,1.98867e-01,5.60795e+01,3.97687e-01,2.74028e+00,3.38500e+00,2.28973e+01,3.20813e+00,2.42764e+01,9.57300e-01,7.81853e+01,3.57023e+00,1.21778e+00,1.72311e+00,1.30707e+01,3.97636e+00,3.62363e-01,2.49120e+00,7.05879e+00
1.17853e+00,4.33540e+01,2.05495e-01,5.52331e+01,4.34679e-01,5.21283e+00,4.34562e+00,2.25620e+01,3.20661e+00,2.44668e+01,1.15937e+00,7.79856e+01,3.55540e+00,1.21627e+00,2.43416e+00,1.33310e+01,3.96000e+00,3.64532e-01,2.92305e+00,7.02897e+00
1.17425e+00,4.39807e+01,2.10698e-01,5.43867e+01,4.70573e-01,7.29291e+00,5.31651e+00,2.22086e+01,3.20521e+00,2.48225e+01,1.26945e+00,7.78092e+01,3.54075e+00,1.21504e+00,2.97309e+00,1.35126e+01,3.94467e+00,3.67617e-01,3.46298e+00,7.00020e+00
1.17011e+00,4.48961e+01,2.14624e-01,5.35530e+01,4.99289e-01,1.09209e+01,6.27454e+00,2.18416e+01,3.20363e+00,2.52607e+01,1.30942e+00,7.76789e+01,3.52739e+00,1.21417e+00,3.28267e+00,1.36172e+01,3.93048e+00,3.70921e-01,4.46668e+00,6.97269e+00
1.16628e+00,4.60890e+01,2.17609e-01,5.27504e+01,5.24386e-01,2.15519e+01,7.65464e+00,2.14731e+01,3.20210e+00,2.57185e+01,1.28175e+00,7.76216e+01,3.51352e+00,1.21357e+00,3.43832e+00,1.36597e+01,3.91733e+00,3.74090e-01,5.78235e+00,6.94593e+00
1.16290e+00,4.75536e+01,2.20772e-01,5.19869e+01,5.43951e-01,3.07208e+01,9.40575e+00,2.11077e+01,3.20098e+00,2.62236e+01,1.21717e+00,7.76508e+01,3.49986e+00,1.21320e+00,3.38319e+00,1.36571e+01,3.90468e+00,3.77057e-01,6.64797e+00,6.92002e+00
1.15994e+00,4.92810e+01,2.22965e-01,5.12739e+01,5.54172e-01,3.05158e+01,1.07107e+01,2.07481e+01,3.20041e+00,2.68775e+01,1.13903e+00,7.77556e+01,3.48661e+00,1.21306e+00,3.18125e+00,1.36236e+01,3.89249e+00,3.79970e-01,6.74363e+00,6.89513e+00
1.15736e+00,5.12405e+01,2.24103e-01,5.06209e+01,5.54934e-01,2.57556e+01,1.13377e+01,2.03956e+01,3.20043e+00,2.78146e+01,1.05941e+00,7.79114e+01,3.47345e+00,1.21328e+00,2.94618e+00,1.35696e+01,3.88101e+00,3.82687e-01,6.32268e+00,6.87096e+00
1.15507e+00,5.33783e+01,2.24025e-01,5.00360e+01,5.49894e-01,2.05434e+01,1.13839e+01,2.00538e+01,3.20088e+00,2.91572e+01,9.87290e-01,7.80805e+01,3.46079e+00,1.21387e+00,2.74307e+00,1.35030e+01,3.87044e+00,3.85011e-01,5.71406e+00,6.84720e+00
1.15299e+00,5.56706e+01,2.22897e-01,4.95539e+01,5.42867e-01,1.62680e+01,1.10038e+01,1.97274e+01,3.20179e+00,3.09633e+01,9.27221e-01,7.82395e+01,3.44865e+00,1.21468e+00,2.58698e+00,1.34276e+01,3.86101e+00,3.86650e-01,5.11539e+00,6.82386e+00
1.15118e+00,5.81188e+01,2.21189e-01,4.92337e+01,5.36181e-01,1.31392e+01,1.05813e+01,1.94224e+01,3.20308e+00,3.31784e+01,8.78869e-01,7.83809e+01,3.43715e+00,1.21551e+00,2.47509e+00,1.33463e+01,3.85271e+00,3.87450e-01,4.60881e+00,6.80078e+00
1.14962e+00,6.06367e+01,2.19301e-01,4.91643e+01,5.30526e-01,1.10797e+01,1.09160e+01,1.91476e+01,3.20472e+00,3.56761e+01,8.39586e-01,7.85076e+01,3.42626e+00,1.21629e+00,2.40816e+00,1.32609e+01,3.84544e+00,3.87372e-01,4.21231e+00,6.77800e+00
1.14842e+00,6.29984e+01,2.17689e-01,4.94070e+01,5.25511e-01,1.00450e+01,1.47398e+01,1.89124e+01,3.20637e+00,3.83725e+01,8.07087e-01,7.86314e+01,3.41599e+00,1.21699e+00,2.39757e+00,1.31721e+01,3.83892e+00,3.86449e-01,3.91533e+00,6.75559e+00
1.14753e+00,6.49377e+01,2.16564e-01,4.99590e+01,5.20318e-01,1.00093e+01,2.81490e+01,1.87224e+01,3.20781e+00,4.12223e+01,7.81111e-01,7.87548e+01,3.40632e+00,1.21765e+00,2.46010e+00,1.30812e+01,3.83291e+00,3.84846e-01,3.69844e+00,6.73351e+00
1.14689e+00,6.62945e+01,2.16087e-01,5.07415e+01,5.14329e-01,1.07248e+01,4.63432e+01,1.85780e+01,3.20883e+00,4.40357e+01,7.64222e-01,7.88774e+01,3.39722e+00,1.21834e+00,2.60613e+00,1.29889e+01,3.82728e+00,3.82817e-01,3.54337e+00,6.71186e+00
1.14645e+00,6.70763e+01,2.16126e-01,5.16134e+01,5.07166e-01,1.16392e+01,5.74468e+01,1.84725e+01,3.20920e+00,4.64228e+01,7.62798e-01,7.90032e+01,3.38862e+00,1.21911e+00,2.82555e+00,1.28960e+01,3.82209e+00,3.80668e-01,3.43561e+00,6.69066e+00
1.14610e+00,6.74163e+01,2.16480e-01,5.23900e+01,4.98874e-01,1.22300e+01,6.12582e+01,1.83925e+01,3.20876e+00,4.80447e+01,7.87735e-01,7.91503e+01,3.38046e+00,1.22004e+00,3.08338e+00,1.28035e+01,3.81735e+00,3.78674e-01,3.36215e+00,6.67000e+00
1.14572e+00,6.74896e+01,2.16765e-01,5.28994e+01,4.89651e-01,1.22983e+01,6.09250e+01,1.83249e+01,3.20748e+00,4.88679e+01,8.52182e-01,7.93546e+01,3.37270e+00,1.22103e+00,3.33287e+00,1.27125e+01,3.81306e+00,3.77105e-01,3.30810e+00,6.64989e+00
1.14526e+00,6.74558e+01,2.16677e-01,5.30673e+01,4.79803e-01,1.19092e+01,5.84630e+01,1.82572e+01,3.20551e+00,4.91480e+01,9.63346e-01,7.96583e+01,3.36527e+00,1.22200e+00,3.54007e+00,1.26230e+01,3.80919e+00,3.76184e-01,3.25752e+00,6.63018e+00
1.14461e+00,6.74297e+01,2.16069e-01,5.30610e+01,4.69584e-01,1.12191e+01,5.49762e+01,1.81855e+01,3.20274e+00,4.92001e+01,1.11202e+00,8.01028e+01,3.35811e+00,1.22289e+00,3.70421e+00,1.25356e+01,3.80559e+00,3.76058e-01,3.19769e+00,6.61115e+00
1.14378e+00,6.74753e+01,2.14827e-01,5.37805e+01,4.59345e-01,1.03741e+01,5.11119e+01,1.81119e+01,3.19952e+00,4.91962e+01,1.27141e+00,8.07187e+01,3.35127e+00,1.22364e+00,3.87051e+00,1.24499e+01,3.80216e+00,3.76851e-01,3.12222e+00,6.59272e+00
1.14276e+00,6.76234e+01,2.13019e-01,5.77661e+01,4.49208e-01,9.48023e+00,4.72562e+01,1.80431e+01,3.19580e+00,4.90964e+01,1.41113e+00,8.15255e+01,3.34465e+00,1.22418e+00,4.13373e+00,1.23665e+01,3.79884e+00,3.78564e-01,3.03147e+00,6.57500e+00
1.14150e+00,6.78811e+01,2.10762e-01,6.76837e+01,4.39391e-01,8.60439e+00,4.36129e+01,1.79873e+01,3.19181e+00,4.87374e+01,1.51342e+00,8.25367e+01,3.33826e+00,1.22451e+00,4.61153e+00,1.22847e+01,3.79552e+00,3.81160e-01,2.93003e+00,6.55797e+00
1.14007e+00,6.82468e+01,2.08194e-01,8.09334e+01,4.30015e-01,7.78397e+00,4.02606e+01,1.79528e+01,3.18761e+00,4.79661e+01,1.57706e+00,8.37613e+01,3.33202e+00,1.22456e+00,5.35328e+00,1.22050e+01,3.79207e+00,3.84517e-01,2.82386e+00,6.54148e+00
1.13841e+00,6.87157e+01,2.05447e-01,9.12426e+01,4.21163e-01,7.03746e+00,3.72008e+01,1.79450e+01,3.18327e+00,4.67294e+01,1.61169e+00,8.52194e+01,3.32597e+00,1.22431e+00,6.23919e+00,1.21270e+01,3.78845e+00,3.88343e-01,2.71867e+00,6.52569e+00
