2.96430e+05,3.15945e+05,2.78924e+05,3.20227e+05,2.73098e+05,3.13062e+05,3.22476e+05,3.22481e+05,3.02025e+05,2.96664e+05,3.12191e+05,2.90617e+05,3.03810e+05,3.05388e+05,3.26294e+05,3.18438e+05,3.02269e+05,3.06265e+05,3.02739e+05,3.08554e+05
1.00000e-02,1.00000e-02,1.00000e-02,1.00000e-02,1.00000e-02,1.00000e-02,1.00000e-02,1.00000e-02,1.00000e-02,1.00000e-02,1.00000e-02,1.00000e-02,1.00000e-02,1.00000e-02,1.00000e-02,1.00000e-02,1.00000e-02,1.00000e-02,1.00000e-02,1.00000e-02
1.67941e-02,1.23627e-02,2.69490e-02,1.64498e-02,2.57088e-02,1.64428e-02,1.72080e-02,2.63908e-02,1.47126e-02,1.22841e-02,1.69377e-02,1.09981e-02,1.72262e-02,1.71587e-02,1.33004e-02,1.57540e-02,1.76177e-02,1.25067e-02,3.24072e-02,1.47495e-02
2.68424e-02,1.35828e-02,4.71623e-02,2.88751e-02,4.23690e-02,2.47423e-02,3.07614e-02,4.02063e-02,2.22898e-02,1.53537e-02,2.85819e-02,1.20175e-02,2.38031e-02,2.43268e-02,1.49567e-02,2.43128e-02,2.57944e-02,1.44403e-02,7.08737e-02,2.02718e-02
3.33910e-02,1.43095e-02,6.86130e-02,4.09943e-02,6.33813e-02,3.45251e-02,4.57306e-02,4.78959e-02,3.27880e-02,2.11193e-02,3.99142e-02,1.30743e-02,2.84181e-02,3.43823e-02,1.59694e-02,3.73679e-02,3.26107e-02,1.87996e-02,9.89491e-02,2.65846e-02
3.68010e-02,1.51084e-02,8.87460e-02,4.84113e-02,8.78377e-02,4.47237e-02,5.75837e-02,5.02391e-02,4.37717e-02,3.24616e-02,4.81792e-02,1.42057e-02,3.31280e-02,4.69215e-02,1.71753e-02,5.20859e-02,3.84326e-02,2.57939e-02,1.19728e-01,3.31018e-02
3.98057e-02,1.65396e-02,1.08017e-01,5.23299e-02,1.12477e-01,5.50097e-02,6.53929e-02,5.09398e-02,5.41909e-02,5.63953e-02,5.36291e-02,1.54561e-02,4.00920e-02,5.95234e-02,1.89447e-02,6.76484e-02,4.44963e-02,3.36595e-02,1.39715e-01,4.03255e-02
4.45066e-02,1.92730e-02,1.27737e-01,5.49782e-02,1.36150e-01,6.64820e-02,7.07171e-02,5.22990e-02,6.37914e-02,1.06433e-01,5.73147e-02,1.68788e-02,4.87469e-02,7.07154e-02,2.14683e-02,8.43344e-02,5.02487e-02,4.09411e-02,1.61054e-01,4.93091e-02
5.23076e-02,2.40773e-02,1.47660e-01,5.79153e-02,1.58840e-01,8.09804e-02,7.54130e-02,5.50188e-02,7.26372e-02,1.88730e-01,5.99023e-02,1.85358e-02,5.63107e-02,8.07502e-02,2.46891e-02,1.01749e-01,5.44612e-02,4.71449e-02,1.83505e-01,6.05511e-02
6.42438e-02,3.16290e-02,1.65485e-01,6.19699e-02,1.80984e-01,9.98464e-02,8.08284e-02,5.86155e-02,8.09665e-02,2.87376e-01,6.15729e-02,2.04984e-02,6.07042e-02,9.10720e-02,2.82955e-02,1.19151e-01,5.67421e-02,5.25693e-02,2.07090e-01,7.40058e-02
8.09234e-02,4.25110e-02,1.78274e-01,6.74051e-02,2.03643e-01,1.23230e-01,8.75982e-02,6.23096e-02,8.92694e-02,3.75823e-01,6.25993e-02,2.28474e-02,6.17120e-02,1.03191e-01,3.19626e-02,1.35886e-01,5.76999e-02,5.78804e-02,2.32234e-01,8.89384e-02
1.02968e-01,5.67043e-02,1.84377e-01,7.39958e-02,2.27852e-01,1.50128e-01,9.54427e-02,6.54079e-02,9.80166e-02,4.37954e-01,6.34296e-02,2.56737e-02,6.03055e-02,1.17974e-01,3.54023e-02,1.50985e-01,5.82568e-02,6.40407e-02,2.59014e-01,1.04315e-01
1.30652e-01,7.33333e-02,1.84051e-01,8.12333e-02,2.53692e-01,1.78477e-01,1.03250e-01,6.77437e-02,1.07768e-01,4.72739e-01,6.45146e-02,2.91036e-02,5.78728e-02,1.35674e-01,3.85740e-02,1.63972e-01,5.91650e-02,7.21267e-02,2.86842e-01,1.18929e-01
1.63638e-01,9.10123e-02,1.78637e-01,8.88001e-02,2.80385e-01,2.05705e-01,1.10273e-01,6.93262e-02,1.19174e-01,4.87564e-01,6.61503e-02,3.33086e-02,5.54137e-02,1.55666e-01,4.15986e-02,1.74708e-01,6.08852e-02,8.26328e-02,3.15042e-01,1.32144e-01
2.01563e-01,1.08194e-01,1.70025e-01,9.65890e-02,3.06248e-01,2.29123e-01,1.16284e-01,7.04264e-02,1.32946e-01,4.91404e-01,6.83812e-02,3.84742e-02,5.36940e-02,1.76600e-01,4.46766e-02,1.83582e-01,6.37272e-02,9.49004e-02,3.42817e-01,1.43712e-01
2.44451e-01,1.23660e-01,1.59955e-01,1.04767e-01,3.29114e-01,2.46784e-01,1.21748e-01,7.12559e-02,1.49880e-01,4.91483e-01,7.10250e-02,4.48022e-02,5.34005e-02,1.97123e-01,4.79977e-02,1.91564e-01,6.79041e-02,1.07267e-01,3.69937e-01,1.53828e-01
2.92896e-01,1.36755e-01,1.49608e-01,1.13709e-01,3.47059e-01,2.57785e-01,1.27354e-01,7.19916e-02,1.70730e-01,4.92378e-01,7.37805e-02,5.24886e-02,5.51659e-02,2.16254e-01,5.17048e-02,1.99952e-01,7.35045e-02,1.17731e-01,3.96245e-01,1.62804e-01
3.47153e-01,1.47219e-01,1.39835e-01,1.23732e-01,3.59311e-01,2.62370e-01,1.33623e-01,7.27952e-02,1.95949e-01,4.96329e-01,7.63397e-02,6.17243e-02,6.00027e-02,2.33684e-01,5.58601e-02,2.09894e-01,8.03625e-02,1.25019e-01,4.21740e-01,1.71497e-01
4.05962e-01,1.55167e-01,1.30981e-01,1.35167e-01,3.66022e-01,2.61422e-01,1.40554e-01,7.37273e-02,2.25505e-01,5.03832e-01,7.84626e-02,7.26961e-02,6.92940e-02,2.49550e-01,6.04235e-02,2.22298e-01,8.80834e-02,1.28743e-01,4.46336e-01,1.80673e-01
4.65885e-01,1.60917e-01,1.23352e-01,1.48207e-01,3.68039e-01,2.56243e-01,1.47715e-01,7.48161e-02,2.58407e-01,5.14358e-01,8.00953e-02,8.55961e-02,8.45788e-02,2.64053e-01,6.52982e-02,2.37728e-01,9.61156e-02,1.29267e-01,4.69956e-01,1.90775e-01
5.21887e-01,1.64924e-01,1.16849e-01,1.62996e-01,3.66302e-01,2.48201e-01,1.54342e-01,7.61380e-02,2.93017e-01,5.26815e-01,8.12664e-02,1.00631e-01,1.06762e-01,2.77404e-01,7.03909e-02,2.56369e-01,1.03896e-01,1.27395e-01,4.92486e-01,2.01998e-01
5.69444e-01,1.67691e-01,1.11501e-01,1.79647e-01,3.61644e-01,2.38504e-01,1.59884e-01,7.77022e-02,3.27170e-01,5.39962e-01,8.20411e-02,1.18032e-01,1.35330e-01,2.89497e-01,7.55483e-02,2.78197e-01,1.11072e-01,1.23997e-01,5.13772e-01,2.14321e-01
6.05851e-01,1.69699e-01,1.07088e-01,1.98125e-01,3.54732e-01,2.28190e-01,1.64111e-01,7.94913e-02,3.58852e-01,5.52671e-01,8.25789e-02,1.38066e-01,1.67862e-01,3.00271e-01,8.06817e-02,3.02908e-01,1.17575e-01,1.19865e-01,5.33982e-01,2.27324e-01
6.30908e-01,1.71381e-01,1.03425e-01,2.18401e-01,3.46012e-01,2.17961e-01,1.67115e-01,8.16366e-02,3.86472e-01,5.64135e-01,8.29718e-02,1.61040e-01,2.01154e-01,3.09570e-01,8.57848e-02,3.29947e-01,1.23480e-01,1.15625e-01,5.53392e-01,2.40718e-01
6.46413e-01,1.73007e-01,1.00306e-01,2.40421e-01,3.35854e-01,2.08372e-01,1.69159e-01,8.42372e-02,4.09108e-01,5.73912e-01,8.33117e-02,1.87270e-01,2.32331e-01,3.17437e-01,9.09222e-02,3.58350e-01,1.29175e-01,1.11795e-01,5.72430e-01,2.54257e-01
6.55027e-01,1.74816e-01,9.76064e-02,2.63976e-01,3.24626e-01,1.99787e-01,1.70534e-01,8.74366e-02,4.26591e-01,5.81864e-01,8.36868e-02,2.17063e-01,2.59674e-01,3.24151e-01,9.62236e-02,3.86893e-01,1.35121e-01,1.08774e-01,5.91093e-01,2.67676e-01
6.59190e-01,1.76897e-01,9.51144e-02,2.88933e-01,3.12743e-01,1.92378e-01,1.71665e-01,9.13341e-02,4.39246e-01,5.88242e-01,8.41406e-02,2.50648e-01,2.82729e-01,3.30182e-01,1.01915e-01,4.14284e-01,1.41868e-01,1.06911e-01,6.09124e-01,2.80975e-01
6.60919e-01,1.79195e-01,9.27914e-02,3.15034e-01,3.00578e-01,1.86238e-01,1.72880e-01,9.61184e-02,4.47813e-01,5.93460e-01,8.47160e-02,2.88055e-01,3.02037e-01,3.36056e-01,1.08289e-01,4.39591e-01,1.49924e-01,1.06522e-01,6.26165e-01,2.94337e-01
6.61449e-01,1.81703e-01,9.05535e-02,3.42145e-01,2.88509e-01,1.81495e-01,1.74459e-01,1.01893e-01,4.53275e-01,5.98136e-01,8.54322e-02,3.29121e-01,3.18449e-01,3.42391e-01,1.15691e-01,4.62234e-01,1.59664e-01,1.07827e-01,6.41559e-01,3.08146e-01
6.61492e-01,1.84372e-01,8.83683e-02,3.70055e-01,2.76744e-01,1.78112e-01,1.76599e-01,1.08562e-01,4.56650e-01,6.02949e-01,8.62915e-02,3.73459e-01,3.33048e-01,3.49467e-01,1.24448e-01,4.82200e-01,1.71326e-01,1.11103e-01,6.55154e-01,3.22915e-01
6.61111e-01,1.87192e-01,8.62965e-02,3.98597e-01,2.65517e-01,1.76134e-01,1.79428e-01,1.16228e-01,4.58898e-01,6.08585e-01,8.73048e-02,4.20478e-01,3.46780e-01,3.57575e-01,1.34954e-01,4.99950e-01,1.84814e-01,1.16454e-01,6.67016e-01,3.39407e-01
6.60210e-01,1.90197e-01,8.43142e-02,4.27635e-01,2.54988e-01,1.75605e-01,1.83019e-01,1.24750e-01,4.60935e-01,6.15756e-01,8.84716e-02,4.69414e-01,3.60507e-01,3.66696e-01,1.47465e-01,5.16288e-01,1.99766e-01,1.23767e-01,6.77439e-01,3.58464e-01
6.58572e-01,1.93440e-01,8.24337e-02,4.56989e-01,2.45169e-01,1.76528e-01,1.87434e-01,1.33956e-01,4.63533e-01,6.25125e-01,8.97621e-02,5.19406e-01,3.74704e-01,3.76683e-01,1.62112e-01,5.32339e-01,2.15600e-01,1.32756e-01,6.87293e-01,3.81068e-01
6.56049e-01,1.97083e-01,8.06645e-02,4.86613e-01,2.36172e-01,1.79061e-01,1.92631e-01,1.43758e-01,4.67314e-01,6.37286e-01,9.12123e-02,5.69640e-01,3.89767e-01,3.87246e-01,1.78908e-01,5.49334e-01,2.31601e-01,1.42944e-01,6.97345e-01,4.08220e-01
6.52636e-01,2.01343e-01,7.90324e-02,5.16377e-01,2.28124e-01,1.83293e-01,1.98521e-01,1.53982e-01,4.72641e-01,6.52744e-01,9.28699e-02,6.19383e-01,4.05838e-01,3.97988e-01,1.97714e-01,5.68620e-01,2.47054e-01,1.53644e-01,7.08712e-01,4.40831e-01
6.48525e-01,2.06486e-01,7.75058e-02,5.46381e-01,2.20890e-01,1.89437e-01,2.04932e-01,1.64536e-01,4.79722e-01,6.71904e-01,9.46866e-02,6.68062e-01,4.22973e-01,4.08618e-01,2.18256e-01,5.91506e-01,2.61495e-01,1.64115e-01,7.22215e-01,4.79355e-01
6.43963e-01,2.12711e-01,7.61396e-02,5.76644e-01,2.14484e-01,1.97687e-01,2.11670e-01,1.75228e-01,4.88449e-01,6.94997e-01,9.67430e-02,7.15283e-01,4.41084e-01,4.18932e-01,2.40344e-01,6.18988e-01,2.74583e-01,1.73646e-01,7.38734e-01,5.23629e-01
6.39473e-01,2.20329e-01,7.49531e-02,6.07324e-01,2.08838e-01,2.08173e-01,2.18606e-01,1.86038e-01,4.98618e-01,7.22228e-01,9.91074e-02,7.60844e-01,4.60125e-01,4.29022e-01,2.63802e-01,6.51438e-01,2.86152e-01,1.81761e-01,7.58615e-01,5.73054e-01
6.35419e-01,2.29469e-01,7.38542e-02,6.38462e-01,2.03970e-01,2.21012e-01,2.25631e-01,1.96909e-01,5.09967e-01,7.53532e-01,1.01857e-01,8.04744e-01,4.80063e-01,4.39197e-01,2.88546e-01,6.88676e-01,2.96176e-01,1.88081e-01,7.82161e-01,6.26449e-01
6.32370e-01,2.40271e-01,7.28869e-02,6.70159e-01,1.99715e-01,2.36197e-01,2.32743e-01,2.07831e-01,5.22210e-01,7.88857e-01,1.05165e-01,8.47094e-01,5.00943e-01,4.50331e-01,3.14554e-01,7.29510e-01,3.04771e-01,1.92439e-01,8.09261e-01,6.82285e-01
6.30789e-01,2.52670e-01,7.20832e-02,7.02475e-01,1.96083e-01,2.53458e-01,2.40042e-01,2.18767e-01,5.35325e-01,8.27846e-01,1.09123e-01,8.88133e-01,5.23001e-01,4.63549e-01,3.41766e-01,7.72076e-01,3.12059e-01,1.94890e-01,8.39660e-01,7.38954e-01
6.31057e-01,2.66514e-01,7.13914e-02,7.35421e-01,1.93054e-01,2.72313e-01,2.47742e-01,2.29699e-01,5.49394e-01,8.70259e-01,1.13888e-01,9.28220e-01,5.46544e-01,4.80440e-01,3.70052e-01,8.14200e-01,3.18144e-01,1.95641e-01,8.72653e-01,7.94865e-01
6.33417e-01,2.81451e-01,7.07998e-02,7.68881e-01,1.90541e-01,2.92152e-01,2.56188e-01,2.40652e-01,5.64833e-01,9.15552e-01,1.19562e-01,9.67745e-01,5.72193e-01,5.02604e-01,3.99041e-01,8.53777e-01,3.23258e-01,1.94940e-01,9.07494e-01,8.48806e-01
6.38020e-01,2.97074e-01,7.03210e-02,8.02822e-01,1.88460e-01,3.12356e-01,2.65661e-01,2.51657e-01,5.82087e-01,9.63361e-01,1.26183e-01,1.00708e+00,6.00889e-01,5.31459e-01,4.28288e-01,8.89204e-01,3.27509e-01,1.93074e-01,9.43608e-01,8.99559e-01
6.44687e-01,3.12875e-01,6.99353e-02,8.37029e-01,1.86805e-01,3.32313e-01,2.76545e-01,2.62671e-01,6.01678e-01,1.01305e+00,1.33684e-01,1.04663e+00,6.33700e-01,5.67316e-01,4.57238e-01,9.19456e-01,3.31081e-01,1.90336e-01,9.80249e-01,9.46155e-01
6.52980e-01,3.28416e-01,6.96423e-02,8.71296e-01,1.85540e-01,3.51602e-01,2.89117e-01,2.73751e-01,6.23973e-01,1.06417e+00,1.41873e-01,1.08674e+00,6.71676e-01,6.09145e-01,4.85247e-01,9.44268e-01,3.34045e-01,1.86920e-01,1.01678e+00,9.88000e-01
6.62429e-01,3.43281e-01,6.94133e-02,9.05304e-01,1.84530e-01,3.70002e-01,3.03640e-01,2.84891e-01,6.49333e-01,1.11613e+00,1.50475e-01,1.12776e+00,7.15975e-01,6.54208e-01,5.12007e-01,9.63780e-01,3.36537e-01,1.83117e-01,1.05256e+00,1.02468e+00
6.72241e-01,3.57150e-01,6.92676e-02,9.38819e-01,1.83804e-01,3.87535e-01,3.20243e-01,2.96081e-01,6.77576e-01,1.16852e+00,1.59059e-01,1.16998e+00,7.67011e-01,6.98878e-01,5.37097e-01,9.78639e-01,3.38680e-01,1.79070e-01,1.08746e+00,1.05596e+00
6.81643e-01,3.69827e-01,6.91721e-02,9.71510e-01,1.83318e-01,4.04277e-01,3.38908e-01,3.07410e-01,7.08388e-01,1.22087e+00,1.67286e-01,1.21364e+00,8.24733e-01,7.39471e-01,5.60386e-01,9.89476e-01,3.40464e-01,1.74930e-01,1.12110e+00,1.08185e+00
6.89996e-01,3.81212e-01,6.91475e-02,1.00308e+00,1.83089e-01,4.20435e-01,3.59602e-01,3.18991e-01,7.41191e-01,1.27283e+00,1.74836e-01,1.25891e+00,8.87869e-01,7.73166e-01,5.81851e-01,9.97007e-01,3.42073e-01,1.70802e-01,1.15325e+00,1.10241e+00
6.96723e-01,3.91345e-01,6.91279e-02,1.03321e+00,1.83006e-01,4.36193e-01,3.81922e-01,3.30895e-01,7.75160e-01,1.32411e+00,1.81467e-01,1.30592e+00,9.54693e-01,7.98481e-01,6.01312e-01,1.00206e+00,3.43512e-01,1.66770e-01,1.18409e+00,1.11803e+00
7.01512e-01,4.00286e-01,6.90836e-02,1.06163e+00,1.83067e-01,4.51515e-01,4.05568e-01,3.43378e-01,8.09455e-01,1.37448e+00,1.87065e-01,1.35473e+00,1.02261e+00,8.15166e-01,6.18812e-01,1.00519e+00,3.44905e-01,1.62897e-01,1.21324e+00,1.12898e+00
7.04117e-01,4.08195e-01,6.91096e-02,1.08835e+00,1.83247e-01,4.66398e-01,4.29885e-01,3.56399e-01,8.43270e-01,1.42381e+00,1.91589e-01,1.40531e+00,1.08899e+00,8.23953e-01,6.34245e-01,1.00705e+00,3.46320e-01,1.59218e-01,1.24082e+00,1.13587e+00
7.04485e-01,4.15220e-01,6.91610e-02,1.11323e+00,1.83525e-01,4.80637e-01,4.54341e-01,3.70123e-01,8.75960e-01,1.47202e+00,1.95110e-01,1.45756e+00,1.15143e+00,8.25971e-01,6.47506e-01,1.00803e+00,3.47856e-01,1.55742e-01,1.26654e+00,1.13916e+00
7.02826e-01,4.21525e-01,6.92335e-02,1.13633e+00,1.83884e-01,4.93966e-01,4.78144e-01,3.84627e-01,9.07046e-01,1.51926e+00,1.97733e-01,1.51134e+00,1.20799e+00,8.22556e-01,6.58403e-01,1.00868e+00,3.49590e-01,1.52521e-01,1.29013e+00,1.13943e+00
6.99242e-01,4.27345e-01,6.93101e-02,1.15781e+00,1.84307e-01,5.06133e-01,5.00829e-01,3.99976e-01,9.36201e-01,1.56549e+00,1.99637e-01,1.56633e+00,1.25758e+00,8.15040e-01,6.66921e-01,1.00941e+00,3.51606e-01,1.49496e-01,1.31155e+00,1.13737e+00
6.94083e-01,4.32795e-01,6.93872e-02,1.17798e+00,1.84772e-01,5.16934e-01,5.21802e-01,4.16081e-01,9.63205e-01,1.61085e+00,2.00998e-01,1.62228e+00,1.29970e+00,8.04496e-01,6.72906e-01,1.01060e+00,3.54057e-01,1.46784e-01,1.33048e+00,1.13353e+00
6.87685e-01,4.38090e-01,6.94691e-02,1.19712e+00,1.85278e-01,5.26288e-01,5.40787e-01,4.32881e-01,9.88081e-01,1.65548e+00,2.02048e-01,1.67886e+00,1.33432e+00,7.91914e-01,6.76400e-01,1.01248e+00,3.56952e-01,1.44258e-01,1.34689e+00,1.12845e+00
6.80263e-01,4.43344e-01,6.95713e-02,1.21567e+00,1.85840e-01,5.34277e-01,5.57665e-01,4.50298e-01,1.01080e+00,1.69932e+00,2.02975e-01,1.73566e+00,1.36179e+00,7.77959e-01,6.77531e-01,1.01527e+00,3.60408e-01,1.42008e-01,1.36042e+00,1.12270e+00
6.72082e-01,4.48687e-01,6.97057e-02,1.23406e+00,1.86379e-01,5.41088e-01,5.72493e-01,4.68162e-01,1.03140e+00,1.74238e+00,2.04009e-01,1.79221e+00,1.38266e+00,7.63280e-01,6.76414e-01,1.01907e+00,3.64434e-01,1.39945e-01,1.37109e+00,1.11679e+00
6.63525e-01,4.54214e-01,6.98617e-02,1.25274e+00,1.86982e-01,5.46981e-01,5.85350e-01,4.86330e-01,1.05006e+00,1.78422e+00,2.05326e-01,1.84814e+00,1.39776e+00,7.48253e-01,6.73229e-01,1.02399e+00,3.69084e-01,1.38103e-01,1.37879e+00,1.11111e+00
6.54666e-01,4.60044e-01,7.00100e-02,1.27220e+00,1.87520e-01,5.52133e-01,5.96535e-01,5.04665e-01,1.06682e+00,1.82465e+00,2.07081e-01,1.90305e+00,1.40788e+00,7.33299e-01,6.68187e-01,1.02993e+00,3.74397e-01,1.36419e-01,1.38348e+00,1.10598e+00
6.45748e-01,4.66233e-01,7.01890e-02,1.29293e+00,1.88116e-01,5.56880e-01,6.06507e-01,5.23078e-01,1.08198e+00,1.86314e+00,2.09457e-01,1.95662e+00,1.41372e+00,7.18571e-01,6.61606e-01,1.03672e+00,3.80410e-01,1.34917e-01,1.38536e+00,1.10145e+00
6.36902e-01,4.72881e-01,7.03492e-02,1.31545e+00,1.88647e-01,5.61442e-01,6.15536e-01,5.41570e-01,1.09558e+00,1.89924e+00,2.12697e-01,2.00854e+00,1.41623e+00,7.04321e-01,6.53737e-01,1.04431e+00,3.87109e-01,1.33618e-01,1.38461e+00,1.09771e+00
6.28239e-01,4.80140e-01,7.05121e-02,1.34028e+00,1.89129e-01,5.65943e-01,6.24090e-01,5.60213e-01,1.10789e+00,1.93254e+00,2.16827e-01,2.05856e+00,1.41607e+00,6.90565e-01,6.44829e-01,1.05241e+00,3.94483e-01,1.32462e-01,1.38133e+00,1.09482e+00
6.19924e-01,4.88015e-01,7.06319e-02,1.36791e+00,1.89598e-01,5.70507e-01,6.32436e-01,5.79045e-01,1.11903e+00,1.96260e+00,2.22010e-01,2.10653e+00,1.41384e+00,6.77499e-01,6.35157e-01,1.06087e+00,4.02482e-01,1.31496e-01,1.37581e+00,1.09251e+00
6.11927e-01,4.96665e-01,7.07618e-02,1.39887e+00,1.90090e-01,5.75009e-01,6.40820e-01,5.98267e-01,1.12931e+00,1.98918e+00,2.28175e-01,2.15241e+00,1.41013e+00,6.65075e-01,6.24878e-01,1.06945e+00,4.11009e-01,1.30650e-01,1.36836e+00,1.09075e+00
6.04302e-01,5.06264e-01,7.09117e-02,1.43364e+00,1.90588e-01,5.79480e-01,6.49499e-01,6.18198e-01,1.13888e+00,2.01210e+00,2.35329e-01,2.19612e+00,1.40548e+00,6.53357e-01,6.14201e-01,1.07797e+00,4.19980e-01,1.29962e-01,1.35935e+00,1.08938e+00
5.97129e-01,5.17041e-01,7.10531e-02,1.47255e+00,1.91130e-01,5.83731e-01,6.58625e-01,6.39272e-01,1.14806e+00,2.03143e+00,2.43304e-01,2.23777e+00,1.40030e+00,6.42378e-01,6.03370e-01,1.08626e+00,4.29370e-01,1.29393e-01,1.34915e+00,1.08805e+00
5.90446e-01,5.29180e-01,7.12161e-02,1.51583e+00,1.91587e-01,5.87716e-01,6.68227e-01,6.61908e-01,1.15695e+00,2.04731e+00,2.51954e-01,2.27755e+00,1.39495e+00,6.32135e-01,5.92471e-01,1.09430e+00,4.39050e-01,1.28951e-01,1.33796e+00,1.08670e+00
5.84255e-01,5.42939e-01,7.13938e-02,1.56361e+00,1.92010e-01,5.91186e-01,6.78392e-01,6.86669e-01,1.16583e+00,2.05990e+00,2.61019e-01,2.31565e+00,1.38952e+00,6.22606e-01,5.81647e-01,1.10201e+00,4.49021e-01,1.28597e-01,1.32616e+00,1.08498e+00
5.78496e-01,5.58556e-01,7.16005e-02,1.61587e+00,1.92415e-01,5.93990e-01,6.89093e-01,7.14235e-01,1.17493e+00,2.06966e+00,2.70230e-01,2.35235e+00,1.38444e+00,6.13828e-01,5.71053e-01,1.10944e+00,4.59278e-01,1.28328e-01,1.31408e+00,1.08289e+00
5.73260e-01,5.76278e-01,7.18128e-02,1.67229e+00,1.92847e-01,5.96132e-01,7.00143e-01,7.44970e-01,1.18443e+00,2.07700e+00,2.79335e-01,2.38798e+00,1.37978e+00,6.05749e-01,5.60725e-01,1.11676e+00,4.69805e-01,1.28138e-01,1.30190e+00,1.08036e+00
5.68488e-01,5.96469e-01,7.20127e-02,1.73234e+00,1.93254e-01,5.97521e-01,7.11489e-01,7.79510e-01,1.19446e+00,2.08235e+00,2.88121e-01,2.42289e+00,1.37554e+00,5.98315e-01,5.50731e-01,1.12398e+00,4.80760e-01,1.28004e-01,1.28978e+00,1.07734e+00
5.64142e-01,6.19223e-01,7.22443e-02,1.79540e+00,1.93665e-01,5.98109e-01,7.22924e-01,8.18175e-01,1.20521e+00,2.08635e+00,2.96411e-01,2.45743e+00,1.37196e+00,5.91589e-01,5.41122e-01,1.13155e+00,4.92332e-01,1.27942e-01,1.27794e+00,1.07383e+00
5.60225e-01,6.44820e-01,7.24087e-02,1.86057e+00,1.94018e-01,5.97943e-01,7.34398e-01,8.61208e-01,1.21665e+00,2.08932e+00,3.04030e-01,2.49198e+00,1.36881e+00,5.85488e-01,5.31975e-01,1.13955e+00,5.04711e-01,1.27924e-01,1.26664e+00,1.06984e+00
5.56770e-01,6.73273e-01,7.25520e-02,1.92698e+00,1.94363e-01,5.97082e-01,7.45728e-01,9.08409e-01,1.22893e+00,2.09202e+00,3.10917e-01,2.52695e+00,1.36624e+00,5.79948e-01,5.23253e-01,1.14832e+00,5.18220e-01,1.27941e-01,1.25592e+00,1.06538e+00
5.53713e-01,7.04557e-01,7.26716e-02,1.99377e+00,1.94678e-01,5.95570e-01,7.56986e-01,9.59086e-01,1.24179e+00,2.09489e+00,3.17043e-01,2.56267e+00,1.36417e+00,5.75009e-01,5.15031e-01,1.15810e+00,5.33119e-01,1.28048e-01,1.24597e+00,1.06059e+00
5.51014e-01,7.38593e-01,7.27652e-02,2.06034e+00,1.94960e-01,5.93441e-01,7.68003e-01,1.01257e+00,1.25531e+00,2.09857e+00,3.22401e-01,2.59954e+00,1.36245e+00,5.70554e-01,5.07285e-01,1.16938e+00,5.49783e-01,1.28148e-01,1.23697e+00,1.05558e+00
5.48687e-01,7.75010e-01,7.28583e-02,2.12619e+00,1.95230e-01,5.90859e-01,7.79038e-01,1.06746e+00,1.26918e+00,2.10364e+00,3.26986e-01,2.63785e+00,1.36113e+00,5.66700e-01,5.00040e-01,1.18249e+00,5.68547e-01,1.28304e-01,1.22890e+00,1.05039e+00
5.46731e-01,8.13520e-01,7.29323e-02,2.19122e+00,1.95474e-01,5.87904e-01,7.90039e-01,1.12239e+00,1.28324e+00,2.11060e+00,3.30864e-01,2.67783e+00,1.35979e+00,5.63322e-01,4.93332e-01,1.19783e+00,5.89714e-01,1.28496e-01,1.22180e+00,1.04520e+00
5.44998e-01,8.53470e-01,7.30289e-02,2.25542e+00,1.95708e-01,5.84603e-01,8.01353e-01,1.17584e+00,1.29703e+00,2.12016e+00,3.34064e-01,2.71965e+00,1.35876e+00,5.60404e-01,4.87084e-01,1.21572e+00,6.13575e-01,1.28645e-01,1.21592e+00,1.04001e+00
5.43526e-01,8.94276e-01,7.31200e-02,2.31916e+00,1.95987e-01,5.81088e-01,8.13047e-01,1.22653e+00,1.31033e+00,2.13276e+00,3.36675e-01,2.76350e+00,1.35772e+00,5.57926e-01,4.81307e-01,1.23650e+00,6.40322e-01,1.28822e-01,1.21098e+00,1.03485e+00
5.42345e-01,9.35318e-01,7.32077e-02,2.38285e+00,1.96234e-01,5.77357e-01,8.25618e-01,1.27344e+00,1.32284e+00,2.14916e+00,3.38728e-01,2.80945e+00,1.35673e+00,5.55846e-01,4.76014e-01,1.26069e+00,6.70160e-01,1.29008e-01,1.20717e+00,1.03000e+00
5.41428e-01,9.75822e-01,7.32904e-02,2.44710e+00,1.96474e-01,5.73568e-01,8.39365e-01,1.31573e+00,1.33424e+00,2.16964e+00,3.40314e-01,2.85755e+00,1.35594e+00,5.54072e-01,4.71177e-01,1.28857e+00,7.03090e-01,1.29197e-01,1.20427e+00,1.02533e+00
5.40693e-01,1.01510e+00,7.33829e-02,2.51246e+00,1.96687e-01,5.69679e-01,8.54648e-01,1.35293e+00,1.34433e+00,2.19489e+00,3.41381e-01,2.90770e+00,1.35507e+00,5.52691e-01,4.66783e-01,1.32050e+00,7.39154e-01,1.29406e-01,1.20242e+00,1.02105e+00
5.40142e-01,1.05260e+00,7.34550e-02,2.57953e+00,1.96848e-01,5.65765e-01,8.71878e-01,1.38486e+00,1.35290e+00,2.22506e+00,3.42080e-01,2.95981e+00,1.35422e+00,5.51609e-01,4.62782e-01,1.35675e+00,7.78389e-01,1.29618e-01,1.20144e+00,1.01715e+00
5.39771e-01,1.08774e+00,7.35121e-02,2.64882e+00,1.97050e-01,5.61782e-01,8.91410e-01,1.41163e+00,1.35978e+00,2.26058e+00,3.42309e-01,3.01378e+00,1.35344e+00,5.50727e-01,4.59230e-01,1.39731e+00,8.20939e-01,1.29796e-01,1.20124e+00,1.01364e+00
5.39531e-01,1.12020e+00,7.35255e-02,2.72061e+00,1.97178e-01,5.57848e-01,9.13412e-01,1.43333e+00,1.36504e+00,2.30159e+00,3.42187e-01,3.06937e+00,1.35283e+00,5.50140e-01,4.56014e-01,1.44245e+00,8.67168e-01,1.29991e-01,1.20186e+00,1.01059e+00
5.39509e-01,1.14955e+00,7.35964e-02,2.79511e+00,1.97307e-01,5.54014e-01,9.38122e-01,1.45041e+00,1.36866e+00,2.34791e+00,3.41680e-01,3.12617e+00,1.35226e+00,5.49770e-01,4.53185e-01,1.49196e+00,9.17495e-01,1.30200e-01,1.20311e+00,1.00808e+00
5.39536e-01,1.17573e+00,7.36687e-02,2.87245e+00,1.97430e-01,5.50264e-01,9.65498e-01,1.46321e+00,1.37055e+00,2.39948e+00,3.40870e-01,3.18391e+00,1.35181e+00,5.49524e-01,4.50694e-01,1.54548e+00,9.72511e-01,1.30385e-01,1.20483e+00,1.00611e+00
5.39683e-01,1.19853e+00,7.37313e-02,2.95254e+00,1.97466e-01,5.46656e-01,9.95342e-01,1.47228e+00,1.37097e+00,2.45578e+00,3.39744e-01,3.24229e+00,1.35167e+00,5.49535e-01,4.48533e-01,1.60257e+00,1.03273e+00,1.30550e-01,1.20691e+00,1.00475e+00
5.39897e-01,1.21809e+00,7.37884e-02,3.03505e+00,1.97538e-01,5.43104e-01,1.02719e+00,1.47809e+00,1.36998e+00,2.51628e+00,3.38336e-01,3.30092e+00,1.35182e+00,5.49637e-01,4.46632e-01,1.66237e+00,1.09838e+00,1.30712e-01,1.20923e+00,1.00408e+00
5.40178e-01,1.23444e+00,7.38238e-02,3.11983e+00,1.97634e-01,5.39683e-01,1.06055e+00,1.48105e+00,1.36779e+00,2.58037e+00,3.36688e-01,3.35945e+00,1.35208e+00,5.49956e-01,4.45034e-01,1.72403e+00,1.16943e+00,1.30875e-01,1.21159e+00,1.00418e+00
5.40570e-01,1.24779e+00,7.38453e-02,3.20671e+00,1.98004e-01,5.36397e-01,1.09466e+00,1.48167e+00,1.36458e+00,2.64731e+00,3.34849e-01,3.41751e+00,1.35265e+00,5.50323e-01,4.43679e-01,1.78643e+00,1.24502e+00,1.31046e-01,1.21400e+00,1.00518e+00
5.41099e-01,1.25836e+00,7.38805e-02,3.29556e+00,1.98148e-01,5.33207e-01,1.12882e+00,1.48025e+00,1.36044e+00,2.71650e+00,3.32794e-01,3.47475e+00,1.35335e+00,5.50776e-01,4.42559e-01,1.84822e+00,1.32387e+00,1.31230e-01,1.21634e+00,1.00708e+00
5.41608e-01,1.26630e+00,7.39220e-02,3.38592e+00,1.98133e-01,5.30184e-01,1.16212e+00,1.47725e+00,1.35560e+00,2.78721e+00,3.30597e-01,3.53085e+00,1.35438e+00,5.51332e-01,4.41653e-01,1.90838e+00,1.40420e+00,1.31422e-01,1.21843e+00,1.01001e+00
5.42184e-01,1.27196e+00,7.39536e-02,3.47793e+00,1.98055e-01,5.27283e-01,1.19410e+00,1.47301e+00,1.35023e+00,2.85890e+00,3.28270e-01,3.58553e+00,1.35561e+00,5.51907e-01,4.40927e-01,1.96578e+00,1.48406e+00,1.31606e-01,1.22012e+00,1.01414e+00
5.42774e-01,1.27563e+00,7.39525e-02,3.57176e+00,1.98032e-01,5.24500e-01,1.22419e+00,1.46779e+00,1.34441e+00,2.93112e+00,3.25809e-01,3.63858e+00,1.35689e+00,5.52591e-01,4.40387e-01,2.01942e+00,1.56147e+00,1.31750e-01,1.22167e+00,1.01957e+00
5.43449e-01,1.27760e+00,7.39790e-02,3.66723e+00,1.98007e-01,5.21910e-01,1.25203e+00,1.46194e+00,1.33837e+00,3.00367e+00,3.23328e-01,3.68970e+00,1.35842e+00,5.53248e-01,4.39989e-01,2.06874e+00,1.63480e+00,1.31878e-01,1.22281e+00,1.02649e+00
5.44089e-01,1.27807e+00,7.40367e-02,3.76426e+00,1.98012e-01,5.19457e-01,1.27736e+00,1.45573e+00,1.33211e+00,3.07628e+00,3.20782e-01,3.73865e+00,1.36003e+00,5.53977e-01,4.39703e-01,2.11320e+00,1.70265e+00,1.32015e-01,1.22368e+00,1.03509e+00
5.44670e-01,1.27736e+00,7.40404e-02,3.86278e+00,1.97993e-01,5.17143e-01,1.30014e+00,1.44937e+00,1.32585e+00,3.14886e+00,3.18202e-01,3.78546e+00,1.36177e+00,5.54710e-01,4.39543e-01,2.15275e+00,1.76388e+00,1.32162e-01,1.22411e+00,1.04546e+00
5.45281e-01,1.27564e+00,7.40626e-02,3.96235e+00,1.98050e-01,5.14994e-01,1.32035e+00,1.44309e+00,1.31965e+00,3.22148e+00,3.15591e-01,3.83010e+00,1.36334e+00,5.55437e-01,4.39508e-01,2.18739e+00,1.81814e+00,1.32299e-01,1.22415e+00,1.05779e+00
5.45909e-01,1.27323e+00,7.40846e-02,4.06255e+00,1.98098e-01,5.13055e-01,1.33814e+00,1.43713e+00,1.31352e+00,3.29434e+00,3.13025e-01,3.87253e+00,1.36479e+00,5.56256e-01,4.39575e-01,2.21705e+00,1.86501e+00,1.32420e-01,1.22376e+00,1.07229e+00
5.46487e-01,1.27031e+00,7.40815e-02,4.16272e+00,1.98185e-01,5.11244e-01,1.35363e+00,1.43167e+00,1.30754e+00,3.36760e+00,3.10507e-01,3.91271e+00,1.36620e+00,5.57020e-01,4.39711e-01,2.24228e+00,1.90459e+00,1.32532e-01,1.22300e+00,1.08915e+00
5.47104e-01,1.26707e+00,7.41230e-02,4.26185e+00,1.98395e-01,5.09576e-01,1.36702e+00,1.42698e+00,1.30181e+00,3.44117e+00,3.08041e-01,3.95078e+00,1.36728e+00,5.57818e-01,4.39928e-01,2.26328e+00,1.93706e+00,1.32633e-01,1.22198e+00,1.10859e+00
5.47699e-01,1.26376e+00,7.41629e-02,4.35914e+00,1.98607e-01,5.08022e-01,1.37850e+00,1.42319e+00,1.29634e+00,3.51534e+00,3.05646e-01,3.98693e+00,1.36824e+00,5.58614e-01,4.40207e-01,2.28070e+00,1.96289e+00,1.32740e-01,1.22072e+00,1.13070e+00
5.48286e-01,1.26061e+00,7.41860e-02,4.45357e+00,1.98825e-01,5.06605e-01,1.38818e+00,1.42051e+00,1.29109e+00,3.59017e+00,3.03343e-01,4.02122e+00,1.36907e+00,5.59397e-01,4.40481e-01,2.29490e+00,1.98271e+00,1.32838e-01,1.21924e+00,1.15557e+00
5.48845e-01,1.25774e+00,7.41861e-02,4.54439e+00,1.99019e-01,5.05329e-01,1.39640e+00,1.41893e+00,1.28611e+00,3.66568e+00,3.01124e-01,4.05386e+00,1.36964e+00,5.60158e-01,4.40777e-01,2.30632e+00,1.99724e+00,1.32896e-01,1.21762e+00,1.18345e+00
5.49372e-01,1.25535e+00,7.41732e-02,4.63076e+00,1.99181e-01,5.04150e-01,1.40307e+00,1.41891e+00,1.28150e+00,3.74183e+00,2.98979e-01,4.08523e+00,1.37013e+00,5.60802e-01,4.41103e-01,2.31550e+00,2.00724e+00,1.32978e-01,1.21583e+00,1.21429e+00
5.49904e-01,1.25370e+00,7.41728e-02,4.71209e+00,1.99243e-01,5.03138e-01,1.40846e+00,1.42030e+00,1.27721e+00,3.81839e+00,2.96938e-01,4.11559e+00,1.37032e+00,5.61537e-01,4.41451e-01,2.32279e+00,2.01330e+00,1.33062e-01,1.21396e+00,1.24800e+00
5.50379e-01,1.25292e+00,7.41532e-02,4.78802e+00,1.99253e-01,5.02180e-01,1.41258e+00,1.42327e+00,1.27319e+00,3.89523e+00,2.94928e-01,4.14525e+00,1.37018e+00,5.62211e-01,4.41828e-01,2.32876e+00,2.01618e+00,1.33117e-01,1.21203e+00,1.28450e+00
5.50879e-01,1.25328e+00,7.41531e-02,4.85800e+00,1.99180e-01,5.01322e-01,1.41557e+00,1.42782e+00,1.26949e+00,3.97198e+00,2.92990e-01,4.17456e+00,1.36989e+00,5.62892e-01,4.42200e-01,2.33387e+00,2.01646e+00,1.33162e-01,1.21001e+00,1.32349e+00
5.51434e-01,1.25514e+00,7.41431e-02,4.92168e+00,1.99051e-01,5.00584e-01,1.41743e+00,1.43407e+00,1.26616e+00,4.04846e+00,2.91145e-01,4.20391e+00,1.36941e+00,5.63502e-01,4.42584e-01,2.33843e+00,2.01468e+00,1.33193e-01,1.20795e+00,1.36460e+00
5.51941e-01,1.25870e+00,7.41037e-02,4.97869e+00,1.98817e-01,4.99930e-01,1.41826e+00,1.44191e+00,1.26309e+00,4.12439e+00,2.89414e-01,4.23368e+00,1.36877e+00,5.64048e-01,4.42961e-01,2.34298e+00,2.01140e+00,1.33207e-01,1.20587e+00,1.40734e+00
5.52544e-01,1.26430e+00,7.40843e-02,5.02923e+00,1.98584e-01,4.99416e-01,1.41807e+00,1.45125e+00,1.26043e+00,4.19956e+00,2.87793e-01,4.26432e+00,1.36799e+00,5.64655e-01,4.43334e-01,2.34795e+00,2.00699e+00,1.33217e-01,1.20383e+00,1.45115e+00
5.53122e-01,1.27241e+00,7.40810e-02,5.07323e+00,1.98344e-01,4.98929e-01,1.41701e+00,1.46183e+00,1.25798e+00,4.27371e+00,2.86292e-01,4.29625e+00,1.36698e+00,5.65203e-01,4.43734e-01,2.35386e+00,2.00170e+00,1.33235e-01,1.20182e+00,1.49544e+00
5.53830e-01,1.28337e+00,7.40571e-02,5.11087e+00,1.98085e-01,4.98564e-01,1.41515e+00,1.47356e+00,1.25581e+00,4.34674e+00,2.84914e-01,4.32986e+00,1.36598e+00,5.65709e-01,4.44164e-01,2.36102e+00,1.99568e+00,1.33246e-01,1.19984e+00,1.53944e+00
5.54606e-01,1.29772e+00,7.40625e-02,5.14232e+00,1.97848e-01,4.98165e-01,1.41251e+00,1.48621e+00,1.25392e+00,4.41854e+00,2.83664e-01,4.36562e+00,1.36484e+00,5.66187e-01,4.44584e-01,2.36996e+00,1.98916e+00,1.33253e-01,1.19794e+00,1.58254e+00
5.55470e-01,1.31587e+00,7.40337e-02,5.16797e+00,1.97630e-01,4.97881e-01,1.40919e+00,1.49961e+00,1.25232e+00,4.48930e+00,2.82488e-01,4.40398e+00,1.36371e+00,5.66595e-01,4.44997e-01,2.38120e+00,1.98223e+00,1.33257e-01,1.19616e+00,1.62431e+00
5.56574e-01,1.33839e+00,7.39860e-02,5.18829e+00,1.97372e-01,4.97627e-01,1.40519e+00,1.51353e+00,1.25095e+00,4.55898e+00,2.81422e-01,4.44523e+00,1.36246e+00,5.67010e-01,4.45444e-01,2.39515e+00,1.97490e+00,1.33264e-01,1.19448e+00,1.66426e+00
5.57898e-01,1.36585e+00,7.39375e-02,5.20375e+00,1.97141e-01,4.97437e-01,1.40068e+00,1.52781e+00,1.24984e+00,4.62814e+00,2.80470e-01,4.48984e+00,1.36130e+00,5.67344e-01,4.45906e-01,2.41216e+00,1.96725e+00,1.33293e-01,1.19300e+00,1.70210e+00
5.59537e-01,1.39853e+00,7.39119e-02,5.21500e+00,1.96907e-01,4.97295e-01,1.39572e+00,1.54208e+00,1.24886e+00,4.69693e+00,2.79543e-01,4.53815e+00,1.36015e+00,5.67591e-01,4.46353e-01,2.43253e+00,1.95919e+00,1.33312e-01,1.19156e+00,1.73766e+00
5.61510e-01,1.43692e+00,7.38975e-02,5.22266e+00,1.96623e-01,4.97245e-01,1.39030e+00,1.55630e+00,1.24806e+00,4.76591e+00,2.78697e-01,4.59043e+00,1.35893e+00,5.67838e-01,4.46783e-01,2.45665e+00,1.95087e+00,1.33301e-01,1.19015e+00,1.77075e+00
5.63858e-01,1.48114e+00,7.38585e-02,5.22716e+00,1.96377e-01,4.97229e-01,1.38463e+00,1.57030e+00,1.24742e+00,4.83555e+00,2.77935e-01,4.64702e+00,1.35783e+00,5.68063e-01,4.47185e-01,2.48439e+00,1.94229e+00,1.33272e-01,1.18880e+00,1.80156e+00
5.66632e-01,1.53132e+00,7.37971e-02,5.22907e+00,1.96151e-01,4.97257e-01,1.37871e+00,1.58395e+00,1.24696e+00,4.90665e+00,2.77281e-01,4.70815e+00,1.35665e+00,5.68371e-01,4.47551e-01,2.51572e+00,1.93360e+00,1.33222e-01,1.18760e+00,1.83012e+00
5.69898e-01,1.58728e+00,7.37676e-02,5.22899e+00,1.95932e-01,4.97242e-01,1.37244e+00,1.59731e+00,1.24666e+00,4.97977e+00,2.76738e-01,4.77400e+00,1.35563e+00,5.68661e-01,4.47897e-01,2.55032e+00,1.92455e+00,1.33162e-01,1.18652e+00,1.85658e+00
5.73674e-01,1.64860e+00,7.37398e-02,5.22765e+00,1.95747e-01,4.97256e-01,1.36616e+00,1.61039e+00,1.24642e+00,5.05534e+00,2.76240e-01,4.84483e+00,1.35465e+00,5.68959e-01,4.48235e-01,2.58750e+00,1.91516e+00,1.33131e-01,1.18544e+00,1.88129e+00
5.77966e-01,1.71464e+00,7.37188e-02,5.22524e+00,1.95533e-01,4.97281e-01,1.35981e+00,1.62325e+00,1.24632e+00,5.13412e+00,2.75837e-01,4.92060e+00,1.35385e+00,5.69266e-01,4.48569e-01,2.62682e+00,1.90561e+00,1.33093e-01,1.18448e+00,1.90473e+00
5.82703e-01,1.78456e+00,7.37066e-02,5.22208e+00,1.95315e-01,4.97356e-01,1.35346e+00,1.63613e+00,1.24632e+00,5.21656e+00,2.75444e-01,5.00128e+00,1.35298e+00,5.69538e-01,4.48905e-01,2.66728e+00,1.89592e+00,1.33037e-01,1.18365e+00,1.92717e+00
5.87830e-01,1.85761e+00,7.36621e-02,5.21900e+00,1.95132e-01,4.97404e-01,1.34693e+00,1.64892e+00,1.24640e+00,5.30299e+00,2.75069e-01,5.08704e+00,1.35209e+00,5.69786e-01,4.49235e-01,2.70812e+00,1.88615e+00,1.32969e-01,1.18298e+00,1.94902e+00
5.93268e-01,1.93260e+00,7.35936e-02,5.21635e+00,1.94968e-01,4.97443e-01,1.34049e+00,1.66196e+00,1.24657e+00,5.39380e+00,2.74738e-01,5.17767e+00,1.35137e+00,5.69994e-01,4.49549e-01,2.74822e+00,1.87628e+00,1.32920e-01,1.18232e+00,1.97074e+00
5.98835e-01,2.00859e+00,7.35487e-02,5.21441e+00,1.94818e-01,4.97494e-01,1.33414e+00,1.67542e+00,1.24681e+00,5.48884e+00,2.74477e-01,5.27291e+00,1.35073e+00,5.70169e-01,4.49857e-01,2.78693e+00,1.86637e+00,1.32875e-01,1.18163e+00,1.99293e+00
6.04355e-01,2.08476e+00,7.34860e-02,5.21363e+00,1.94637e-01,4.97578e-01,1.32792e+00,1.68952e+00,1.24708e+00,5.58822e+00,2.74293e-01,5.37260e+00,1.35029e+00,5.70326e-01,4.50179e-01,2.82339e+00,1.85670e+00,1.32823e-01,1.18107e+00,2.01601e+00
6.09625e-01,2.16037e+00,7.34108e-02,5.21438e+00,1.94443e-01,4.97659e-01,1.32179e+00,1.70452e+00,1.24740e+00,5.69131e+00,2.74158e-01,5.47645e+00,1.34976e+00,5.70429e-01,4.50472e-01,2.85713e+00,1.84700e+00,1.32755e-01,1.18053e+00,2.04048e+00
6.14504e-01,2.23461e+00,7.33521e-02,5.21713e+00,1.94209e-01,4.97735e-01,1.31577e+00,1.72077e+00,1.24773e+00,5.79793e+00,2.74069e-01,5.58448e+00,1.34941e+00,5.70608e-01,4.50755e-01,2.88791e+00,1.83769e+00,1.32671e-01,1.18005e+00,2.06701e+00
6.18775e-01,2.30727e+00,7.39077e-02,5.22213e+00,1.94947e-01,4.97794e-01,1.30998e+00,1.73859e+00,1.24843e+00,5.90698e+00,2.74028e-01,5.69536e+00,1.34918e+00,5.70655e-01,4.51026e-01,2.91515e+00,1.82838e+00,1.33151e-01,1.17961e+00,2.09606e+00
6.22391e-01,2.37858e+00,7.49635e-02,5.22979e+00,1.95796e-01,4.97847e-01,1.30431e+00,1.75825e+00,1.24924e+00,6.01885e+00,2.74015e-01,5.80956e+00,1.34881e+00,5.70751e-01,4.51284e-01,2.93912e+00,1.81942e+00,1.33279e-01,1.17920e+00,2.12795e+00
6.25170e-01,2.44706e+00,7.63219e-02,5.24056e+00,1.96553e-01,4.97889e-01,1.29884e+00,1.78003e+00,1.25070e+00,6.13245e+00,2.74020e-01,5.92558e+00,1.34866e+00,5.70755e-01,4.51498e-01,2.95957e+00,1.81078e+00,1.33389e-01,1.17877e+00,2.16321e+00
6.27104e-01,2.51344e+00,7.78443e-02,5.25478e+00,1.97706e-01,4.97955e-01,1.29361e+00,1.80442e+00,1.25293e+00,6.24585e+00,2.74032e-01,6.04329e+00,1.34851e+00,5.71531e-01,4.51685e-01,2.97687e+00,1.80251e+00,1.33637e-01,1.17842e+00,2.20203e+00
6.28163e-01,2.57809e+00,7.91374e-02,5.27284e+00,1.98948e-01,4.98026e-01,1.28863e+00,1.83156e+00,1.25512e+00,6.35920e+00,2.74042e-01,6.16208e+00,1.34843e+00,5.71998e-01,4.51872e-01,2.99119e+00,1.79443e+00,1.34053e-01,1.17813e+00,2.24439e+00
6.28393e-01,2.64100e+00,8.00708e-02,5.29504e+00,2.00254e-01,4.98082e-01,1.28385e+00,1.86190e+00,1.25730e+00,6.47117e+00,2.74064e-01,6.28139e+00,1.34840e+00,5.72291e-01,4.52038e-01,3.00273e+00,1.78696e+00,1.34504e-01,1.17782e+00,2.29034e+00
6.27828e-01,2.70245e+00,8.07299e-02,5.32168e+00,2.01660e-01,4.98141e-01,1.27926e+00,1.89559e+00,1.25948e+00,6.58021e+00,2.74092e-01,6.40066e+00,1.34845e+00,5.72656e-01,4.52202e-01,3.01194e+00,1.77971e+00,1.34938e-01,1.17747e+00,2.33931e+00
6.26562e-01,2.76237e+00,8.12109e-02,5.35321e+00,2.03095e-01,4.98218e-01,1.27496e+00,1.93301e+00,1.26141e+00,6.68521e+00,2.74134e-01,6.51951e+00,1.34857e+00,5.73134e-01,4.52366e-01,3.01902e+00,1.77295e+00,1.35328e-01,1.17710e+00,2.39084e+00
6.24646e-01,2.82096e+00,8.14841e-02,5.38997e+00,2.04424e-01,4.98276e-01,1.27084e+00,1.97389e+00,1.26327e+00,6.78581e+00,2.74205e-01,6.63735e+00,1.34881e+00,5.73576e-01,4.52537e-01,3.02430e+00,1.76660e+00,1.35660e-01,1.17679e+00,2.44404e+00
6.22247e-01,2.87822e+00,8.16469e-02,5.43198e+00,2.05537e-01,4.98317e-01,1.26699e+00,2.01841e+00,1.26496e+00,6.88159e+00,2.74272e-01,6.75379e+00,1.34900e+00,5.73955e-01,4.52697e-01,3.02793e+00,1.76075e+00,1.35956e-01,1.17654e+00,2.49793e+00
6.19445e-01,2.93408e+00,8.17328e-02,5.47934e+00,2.07195e-01,4.98307e-01,1.26327e+00,2.06624e+00,1.26709e+00,6.97202e+00,2.74333e-01,6.86859e+00,1.34931e+00,5.74359e-01,4.52835e-01,3.03037e+00,1.75543e+00,1.36211e-01,1.17628e+00,2.55152e+00
6.16350e-01,2.98898e+00,8.16980e-02,5.53220e+00,2.08500e-01,4.98339e-01,1.25980e+00,2.11710e+00,1.26954e+00,7.05704e+00,2.74409e-01,6.98166e+00,1.34971e+00,5.74694e-01,4.53004e-01,3.03176e+00,1.75124e+00,1.36899e-01,1.17596e+00,2.60361e+00
6.13037e-01,3.04268e+00,8.15399e-02,5.59014e+00,2.09825e-01,4.98319e-01,1.25653e+00,2.17044e+00,1.27245e+00,7.13633e+00,2.74504e-01,7.09279e+00,1.35006e+00,5.75004e-01,4.53128e-01,3.03206e+00,1.74706e+00,1.37202e-01,1.17565e+00,2.65349e+00
6.09566e-01,3.09573e+00,8.12753e-02,5.65288e+00,2.11388e-01,4.98298e-01,1.25353e+00,2.22580e+00,1.27583e+00,7.21028e+00,2.74587e-01,7.20181e+00,1.35025e+00,5.75306e-01,4.53186e-01,3.03162e+00,1.74322e+00,1.37390e-01,1.17536e+00,2.70018e+00
6.06030e-01,3.14781e+00,8.08565e-02,5.72005e+00,2.13128e-01,4.98301e-01,1.25073e+00,2.28273e+00,1.27938e+00,7.27875e+00,2.74657e-01,7.30884e+00,1.35055e+00,5.75613e-01,4.53235e-01,3.03062e+00,1.73955e+00,1.37607e-01,1.17499e+00,2.74311e+00
6.02503e-01,3.19942e+00,8.03510e-02,5.79098e+00,2.15263e-01,4.98275e-01,1.24812e+00,2.34041e+00,1.28301e+00,7.34230e+00,2.74711e-01,7.41416e+00,1.35060e+00,5.75891e-01,4.53268e-01,3.02910e+00,1.73615e+00,1.37834e-01,1.17465e+00,2.78199e+00
5.98999e-01,3.25050e+00,7.98685e-02,5.86487e+00,2.17862e-01,4.98228e-01,1.24581e+00,2.39828e+00,1.28661e+00,7.40120e+00,2.74753e-01,7.51801e+00,1.35068e+00,5.76185e-01,4.53268e-01,3.02733e+00,1.73318e+00,1.37919e-01,1.17436e+00,2.81658e+00
5.95593e-01,3.30128e+00,7.93683e-02,5.94114e+00,2.20779e-01,4.98196e-01,1.24357e+00,2.45577e+00,1.29028e+00,7.45578e+00,2.74807e-01,7.62078e+00,1.35072e+00,5.76296e-01,4.53251e-01,3.02519e+00,1.73054e+00,1.37901e-01,1.17390e+00,2.84678e+00
5.92346e-01,3.35175e+00,7.88364e-02,6.01906e+00,2.23809e-01,4.98181e-01,1.24152e+00,2.51255e+00,1.29411e+00,7.50601e+00,2.74907e-01,7.72283e+00,1.35083e+00,5.76392e-01,4.53201e-01,3.02288e+00,1.72826e+00,1.37836e-01,1.17346e+00,2.87275e+00
5.89324e-01,3.40232e+00,7.82963e-02,6.09764e+00,2.26516e-01,4.98125e-01,1.23961e+00,2.56832e+00,1.29810e+00,7.55290e+00,2.74977e-01,7.82469e+00,1.35084e+00,5.76509e-01,4.53109e-01,3.02029e+00,1.72635e+00,1.37750e-01,1.17306e+00,2.89481e+00
5.86361e-01,3.45323e+00,7.77529e-02,6.17644e+00,2.28557e-01,4.98040e-01,1.23795e+00,2.62285e+00,1.30224e+00,7.59614e+00,2.75018e-01,7.92683e+00,1.35077e+00,5.76454e-01,4.53026e-01,3.01747e+00,1.72479e+00,1.37627e-01,1.17271e+00,2.91310e+00
5.83637e-01,3.50457e+00,7.72214e-02,6.25451e+00,2.29801e-01,4.97937e-01,1.23629e+00,2.67623e+00,1.30647e+00,7.63655e+00,2.75064e-01,8.02971e+00,1.35085e+00,5.76422e-01,4.52929e-01,3.01458e+00,1.72347e+00,1.37517e-01,1.17232e+00,2.92819e+00
5.81209e-01,3.55654e+00,7.67582e-02,6.33177e+00,2.30256e-01,4.97855e-01,1.23489e+00,2.72836e+00,1.31059e+00,7.67414e+00,2.75105e-01,8.13386e+00,1.35063e+00,5.76345e-01,4.52773e-01,3.01145e+00,1.72247e+00,1.37387e-01,1.17206e+00,2.94035e+00
5.78997e-01,3.60951e+00,7.63385e-02,6.40769e+00,2.30098e-01,4.97791e-01,1.23361e+00,2.77937e+00,1.31452e+00,7.70918e+00,2.75146e-01,8.23965e+00,1.35061e+00,5.76106e-01,4.52627e-01,3.00825e+00,1.72177e+00,1.37294e-01,1.17170e+00,2.94994e+00
5.76959e-01,3.66350e+00,7.59447e-02,6.48209e+00,2.29594e-01,4.97692e-01,1.23250e+00,2.82966e+00,1.31829e+00,7.74214e+00,2.75155e-01,8.34740e+00,1.35032e+00,5.75899e-01,4.52484e-01,3.00491e+00,1.72121e+00,1.37224e-01,1.17127e+00,2.95745e+00
5.75117e-01,3.71896e+00,7.56026e-02,6.55520e+00,2.28884e-01,4.97546e-01,1.23147e+00,2.87941e+00,1.32161e+00,7.77308e+00,2.75163e-01,8.45754e+00,1.35011e+00,5.75626e-01,4.52308e-01,3.00147e+00,1.72094e+00,1.37176e-01,1.17092e+00,2.96309e+00
5.73450e-01,3.77588e+00,7.52992e-02,6.62712e+00,2.27926e-01,4.97393e-01,1.23059e+00,2.92920e+00,1.32461e+00,7.80258e+00,2.75184e-01,8.57029e+00,1.34993e+00,5.75307e-01,4.52118e-01,2.99810e+00,1.72084e+00,1.37163e-01,1.17043e+00,2.96732e+00
5.71921e-01,3.83481e+00,7.50251e-02,6.69812e+00,2.26843e-01,4.97231e-01,1.22980e+00,2.97926e+00,1.32711e+00,7.83042e+00,2.75194e-01,8.68581e+00,1.34953e+00,5.74788e-01,4.51933e-01,2.99472e+00,1.72094e+00,1.37187e-01,1.16991e+00,2.97021e+00
5.70565e-01,3.89578e+00,7.47989e-02,6.76844e+00,2.25595e-01,4.97090e-01,1.22905e+00,3.02995e+00,1.32920e+00,7.85731e+00,2.75207e-01,8.80436e+00,1.34912e+00,5.74342e-01,4.51756e-01,2.99137e+00,1.72125e+00,1.37217e-01,1.16936e+00,2.97205e+00
5.69403e-01,3.95924e+00,7.46074e-02,6.83803e+00,2.24177e-01,4.96920e-01,1.22848e+00,3.08174e+00,1.33071e+00,7.88312e+00,2.75227e-01,8.92590e+00,1.34870e+00,5.73765e-01,4.51573e-01,2.98807e+00,1.72160e+00,1.37230e-01,1.16881e+00,2.97303e+00
5.68343e-01,4.02542e+00,7.43872e-02,6.90772e+00,2.22589e-01,4.96732e-01,1.22793e+00,3.13462e+00,1.33192e+00,7.90839e+00,2.75259e-01,9.05047e+00,1.34833e+00,5.73094e-01,4.51426e-01,2.98473e+00,1.72206e+00,1.37287e-01,1.16831e+00,2.97348e+00
5.67413e-01,4.09437e+00,7.41482e-02,6.97744e+00,2.20834e-01,4.96568e-01,1.22748e+00,3.18904e+00,1.33266e+00,7.93290e+00,2.75305e-01,9.17813e+00,1.34787e+00,5.72506e-01,4.51310e-01,2.98166e+00,1.72274e+00,1.37370e-01,1.16778e+00,2.97343e+00
5.66558e-01,4.16624e+00,7.38990e-02,7.04737e+00,2.18879e-01,4.96405e-01,1.22708e+00,3.24497e+00,1.33309e+00,7.95724e+00,2.75352e-01,9.30859e+00,1.34749e+00,5.71883e-01,4.51165e-01,2.97887e+00,1.72335e+00,1.37475e-01,1.16720e+00,2.97309e+00
5.65753e-01,4.24137e+00,7.36886e-02,7.11752e+00,2.16726e-01,4.96326e-01,1.22685e+00,3.30266e+00,1.33311e+00,7.98138e+00,2.75394e-01,9.44154e+00,1.34692e+00,5.71277e-01,4.51000e-01,2.97620e+00,1.72396e+00,1.37634e-01,1.16665e+00,2.97235e+00
5.65006e-01,4.31980e+00,7.34910e-02,7.18797e+00,2.14502e-01,4.96170e-01,1.22656e+00,3.36173e+00,1.33287e+00,8.00554e+00,2.75407e-01,9.57704e+00,1.34657e+00,5.70648e-01,4.50804e-01,2.97374e+00,1.72466e+00,1.37818e-01,1.16623e+00,2.97142e+00
5.64265e-01,4.40189e+00,7.32873e-02,7.25844e+00,2.12235e-01,4.95948e-01,1.22637e+00,3.42229e+00,1.33234e+00,8.02971e+00,2.75393e-01,9.71481e+00,1.34597e+00,5.70007e-01,4.50617e-01,2.97182e+00,1.72544e+00,1.38058e-01,1.16576e+00,2.97031e+00
5.63524e-01,4.48736e+00,7.30854e-02,7.32877e+00,2.09980e-01,4.95719e-01,1.22626e+00,3.48366e+00,1.33157e+00,8.05402e+00,2.75367e-01,9.85435e+00,1.34533e+00,5.69361e-01,4.50431e-01,2.97019e+00,1.72615e+00,1.38321e-01,1.16533e+00,2.96926e+00
5.62774e-01,4.57654e+00,7.29210e-02,7.39873e+00,2.07802e-01,4.95509e-01,1.22613e+00,3.54574e+00,1.33060e+00,8.07869e+00,2.75345e-01,9.99538e+00,1.34469e+00,5.68702e-01,4.50244e-01,2.96920e+00,1.72691e+00,1.38593e-01,1.16498e+00,2.96821e+00
5.62010e-01,4.66937e+00,7.27428e-02,7.46828e+00,2.05683e-01,4.95292e-01,1.22605e+00,3.60808e+00,1.32941e+00,8.10392e+00,2.75318e-01,1.01376e+01,1.34406e+00,5.68063e-01,4.50082e-01,2.96868e+00,1.72750e+00,1.38851e-01,1.16466e+00,2.96709e+00
5.61257e-01,4.76580e+00,7.25547e-02,7.53704e+00,2.03708e-01,4.95053e-01,1.22599e+00,3.66995e+00,1.32799e+00,8.12910e+00,2.75289e-01,1.02806e+01,1.34339e+00,5.67483e-01,4.49885e-01,2.96887e+00,1.72819e+00,1.39123e-01,1.16455e+00,2.96612e+00
5.60420e-01,4.86587e+00,7.23456e-02,7.60524e+00,2.01830e-01,4.94731e-01,1.22590e+00,3.73090e+00,1.32647e+00,8.15455e+00,2.75248e-01,1.04239e+01,1.34273e+00,5.66992e-01,4.49677e-01,2.97000e+00,1.72887e+00,1.39410e-01,1.16440e+00,2.96516e+00
5.59603e-01,4.96946e+00,7.21267e-02,7.67289e+00,2.00035e-01,4.94487e-01,1.22586e+00,3.79043e+00,1.32489e+00,8.18045e+00,2.75215e-01,1.05672e+01,1.34195e+00,5.66571e-01,4.49498e-01,2.97201e+00,1.72939e+00,1.39665e-01,1.16437e+00,2.96416e+00
5.58734e-01,5.07622e+00,7.19369e-02,7.73943e+00,1.98438e-01,4.94250e-01,1.22585e+00,3.84810e+00,1.32328e+00,8.20641e+00,2.75193e-01,1.07099e+01,1.34124e+00,5.66088e-01,4.49311e-01,2.97499e+00,1.72985e+00,1.39832e-01,1.16433e+00,2.96347e+00
5.57899e-01,5.18590e+00,7.17573e-02,7.80590e+00,1.96983e-01,4.93983e-01,1.22588e+00,3.90331e+00,1.32156e+00,8.23249e+00,2.75153e-01,1.08515e+01,1.34044e+00,5.65701e-01,4.49087e-01,2.97911e+00,1.73040e+00,1.39926e-01,1.16442e+00,2.96264e+00
5.56993e-01,5.29838e+00,7.15878e-02,7.87237e+00,1.95647e-01,4.93749e-01,1.22594e+00,3.95592e+00,1.31981e+00,8.25862e+00,2.75083e-01,1.09916e+01,1.33974e+00,5.65442e-01,4.48878e-01,2.98487e+00,1.73094e+00,1.39959e-01,1.16455e+00,2.96190e+00
5.56154e-01,5.41324e+00,7.14498e-02,7.93902e+00,1.94488e-01,4.93467e-01,1.22591e+00,4.00518e+00,1.31821e+00,8.28419e+00,2.75000e-01,1.11296e+01,1.33898e+00,5.65176e-01,4.48668e-01,2.99199e+00,1.73144e+00,1.39929e-01,1.16470e+00,2.96141e+00
5.55282e-01,5.52977e+00,7.13266e-02,8.00660e+00,1.93399e-01,4.93176e-01,1.22592e+00,4.05158e+00,1.31673e+00,8.30942e+00,2.74904e-01,1.12653e+01,1.33816e+00,5.65005e-01,4.48446e-01,3.00077e+00,1.73197e+00,1.39826e-01,1.16481e+00,2.96077e+00
5.54416e-01,5.64718e+00,7.12154e-02,8.07550e+00,1.92452e-01,4.92872e-01,1.22590e+00,4.09437e+00,1.31526e+00,8.33414e+00,2.74813e-01,1.13982e+01,1.33731e+00,5.64757e-01,4.48225e-01,3.01151e+00,1.73253e+00,1.39631e-01,1.16479e+00,2.96029e+00
5.53604e-01,5.76523e+00,7.11123e-02,8.14641e+00,1.91592e-01,4.92594e-01,1.22590e+00,4.13357e+00,1.31375e+00,8.35836e+00,2.74723e-01,1.15279e+01,1.33648e+00,5.64644e-01,4.48025e-01,3.02440e+00,1.73322e+00,1.39360e-01,1.16468e+00,2.95991e+00
5.52807e-01,5.88344e+00,7.10810e-02,8.21967e+00,1.92038e-01,4.92348e-01,1.22592e+00,4.16934e+00,1.31218e+00,8.38163e+00,2.74637e-01,1.16541e+01,1.33561e+00,5.64544e-01,4.47828e-01,3.03975e+00,1.73392e+00,1.38996e-01,1.16446e+00,2.95955e+00
5.52037e-01,6.00045e+00,7.95322e-02,8.29612e+00,2.11946e-01,4.92122e-01,1.22595e+00,4.20164e+00,1.31060e+00,8.40395e+00,2.74573e-01,1.17769e+01,1.33483e+00,5.64427e-01,4.47562e-01,3.05738e+00,1.73459e+00,1.38569e-01,1.16411e+00,2.95929e+00
5.51250e-01,6.11577e+00,1.25123e-01,8.37565e+00,4.95626e-01,4.91874e-01,1.22597e+00,4.23067e+00,1.30899e+00,8.42676e+00,2.74518e-01,1.18960e+01,1.33407e+00,5.64306e-01,4.47294e-01,3.07769e+00,1.73547e+00,1.38107e-01,1.16367e+00,2.95900e+00
5.50534e-01,6.23263e+00,2.20557e-01,8.46034e+00,2.28287e+00,4.95835e-01,1.23038e+00,4.25854e+00,1.30734e+00,8.44979e+00,2.74956e-01,1.20129e+01,1.33332e+00,5.64225e-01,4.50279e-01,3.10091e+00,1.73641e+00,1.37587e-01,1.16313e+00,2.95885e+00
5.49797e-01,6.35160e+00,3.44761e-01,8.55729e+00,7.78264e+00,5.09919e-01,1.26308e+00,4.29675e+00,1.30769e+00,8.47665e+00,2.78549e-01,1.21270e+01,1.33262e+00,5.64310e-01,4.54766e-01,3.12673e+00,1.73871e+00,1.37098e-01,1.17337e+00,2.95865e+00
5.51947e-01,6.46280e+00,4.76218e-01,8.66710e+00,1.41355e+01,5.29870e-01,1.60361e+00,4.33853e+00,1.31125e+00,8.50677e+00,2.84033e-01,1.22377e+01,1.33264e+00,5.67318e-01,4.57490e-01,3.15827e+00,1.74371e+00,1.39156e-01,1.18756e+00,2.96270e+00
5.54985e-01,6.56699e+00,6.36705e-01,8.78685e+00,2.09815e+01,5.61934e-01,2.06854e+00,4.36651e+00,1.31462e+00,8.54099e+00,2.90508e-01,1.23460e+01,1.33597e+00,5.72097e-01,4.60072e-01,3.19546e+00,1.74931e+00,1.40007e-01,1.20586e+00,2.97207e+00
5.57585e-01,6.67071e+00,8.54195e-01,8.90428e+00,2.96237e+01,5.99254e-01,2.15831e+00,4.38770e+00,1.31782e+00,8.57777e+00,2.95343e-01,1.24519e+01,1.33999e+00,5.76568e-01,4.63669e-01,3.23780e+00,1.75461e+00,1.41066e-01,1.22161e+00,2.98233e+00
5.58956e-01,6.77241e+00,1.06616e+00,9.01763e+00,4.70444e+01,6.31868e-01,2.11332e+00,4.40416e+00,1.32143e+00,8.61550e+00,2.98487e-01,1.25557e+01,1.34390e+00,5.81108e-01,4.68120e-01,3.28691e+00,1.75895e+00,1.43461e-01,1.23429e+00,2.99813e+00
5.60039e-01,6.87003e+00,1.19658e+00,9.13311e+00,6.17950e+01,6.58828e-01,2.07925e+00,4.41535e+00,1.32489e+00,8.65230e+00,3.00731e-01,1.26579e+01,1.35014e+00,5.86225e-01,4.72668e-01,3.34199e+00,1.76254e+00,1.47869e-01,1.24512e+00,3.01974e+00
5.61998e-01,6.96161e+00,1.22074e+00,9.25402e+00,6.29999e+01,6.89834e-01,2.07996e+00,4.42236e+00,1.32761e+00,8.68729e+00,3.02598e-01,1.27592e+01,1.35674e+00,5.91660e-01,4.76957e-01,3.40057e+00,1.76567e+00,1.54817e-01,1.25494e+00,3.04242e+00
5.65505e-01,7.05169e+00,1.15799e+00,9.38312e+00,5.52373e+01,7.42431e-01,2.10629e+00,4.42725e+00,1.32971e+00,8.71958e+00,3.04601e-01,1.28621e+01,1.36063e+00,5.96940e-01,4.80863e-01,3.46321e+00,1.76858e+00,1.65143e-01,1.26437e+00,3.06159e+00
5.70395e-01,7.13233e+00,1.04459e+00,9.52229e+00,4.47671e+01,8.72845e-01,2.13686e+00,4.43065e+00,1.33179e+00,8.74778e+00,3.08527e-01,1.29652e+01,1.36210e+00,6.01891e-01,4.86869e-01,3.53203e+00,1.77143e+00,1.79391e-01,1.27381e+00,3.07676e+00
5.76243e-01,7.20720e+00,9.13109e-01,9.67412e+00,3.49650e+01,1.14589e+00,2.16136e+00,4.43463e+00,1.33415e+00,8.77352e+00,3.19421e-01,1.30697e+01,1.36248e+00,6.06604e-01,4.92570e-01,3.60634e+00,1.77409e+00,2.10978e-01,1.28324e+00,3.08999e+00
5.82633e-01,7.45039e+00,7.84949e-01,9.85241e+00,2.69472e+01,1.55161e+00,2.22862e+00,4.44475e+00,1.33729e+00,8.80169e+00,3.41616e-01,1.31786e+01,1.36329e+00,6.11719e-01,4.98640e-01,3.68196e+00,1.77682e+00,1.11028e+00,1.30701e+00,3.10175e+00
5.89303e-01,7.75352e+00,6.72246e-01,1.01010e+01,2.07735e+01,2.22960e+00,2.55755e+00,4.46263e+00,1.34189e+00,8.83282e+00,4.17635e-01,1.32899e+01,1.36513e+00,6.18331e-01,5.15165e-01,3.75838e+00,1.78038e+00,7.90457e+00,1.34817e+00,3.11351e+00
5.98305e-01,8.52085e+00,5.76677e-01,1.05661e+01,1.61541e+01,3.34813e+00,3.26243e+00,4.50220e+00,1.34848e+00,8.88159e+00,7.14178e-01,1.34064e+01,1.36830e+00,6.26722e-01,5.51356e-01,3.83825e+00,1.78477e+00,1.42128e+01,1.41814e+00,3.12567e+00
6.07944e-01,9.39192e+00,4.98508e-01,1.13524e+01,1.27129e+01,4.75630e+00,4.26585e+00,4.62660e+00,1.35746e+00,8.94622e+00,1.41010e+00,1.35230e+01,1.37342e+00,6.36788e-01,5.80074e-01,3.93078e+00,1.79060e+00,1.54432e+01,1.69760e+00,3.13772e+00
6.19008e-01,1.03515e+01,4.48465e-01,1.21113e+01,1.02863e+01,6.46796e+00,5.71722e+00,4.78329e+00,1.36918e+00,9.03422e+00,2.07423e+00,1.36434e+01,1.38083e+00,6.48682e-01,6.04440e-01,4.04607e+00,1.79659e+00,1.44170e+01,2.91525e+00,3.15121e+00
6.29374e-01,1.17955e+01,4.13281e-01,1.26180e+01,8.70273e+00,8.79971e+00,7.11705e+00,4.83541e+00,1.38216e+00,9.14286e+00,2.40278e+00,1.37674e+01,1.38941e+00,6.59798e-01,6.34429e-01,4.19312e+00,1.80289e+00,1.27695e+01,4.85164e+00,3.16533e+00
6.39517e-01,1.33616e+01,3.88586e-01,1.28668e+01,7.50156e+00,1.20282e+01,8.85111e+00,4.84213e+00,1.39626e+00,9.25970e+00,2.49102e+00,1.38963e+01,1.39881e+00,6.70888e-01,6.65993e-01,4.38312e+00,1.80924e+00,1.10669e+01,6.53843e+00,3.18120e+00
6.50512e-01,1.48135e+01,3.63192e-01,1.31696e+01,6.70220e+00,1.51241e+01,1.04364e+01,4.84332e+00,1.41108e+00,9.37512e+00,2.45035e+00,1.40317e+01,1.40929e+00,6.82577e-01,6.93089e-01,4.64940e+00,1.81556e+00,9.49345e+00,7.73687e+00,3.19836e+00
6.63517e-01,1.61308e+01,3.38022e-01,1.36809e+01,6.14513e+00,1.63824e+01,1.13134e+01,4.84672e+00,1.42577e+00,9.48379e+00,2.39840e+00,1.41759e+01,1.41983e+00,6.94239e-01,7.16071e-01,4.99853e+00,1.82163e+00,8.10659e+00,8.41262e+00,3.21609e+00
6.78347e-01,1.71763e+01,3.15536e-01,1.44601e+01,5.66212e+00,1.54807e+01,1.15004e+01,4.85666e+00,1.43953e+00,9.58385e+00,2.40585e+00,1.43315e+01,1.42912e+00,7.05764e-01,7.40350e-01,5.35751e+00,1.82717e+00,6.91475e+00,8.56341e+00,3.23367e+00
6.94471e-01,1.78936e+01,2.96432e-01,1.56281e+01,5.18129e+00,1.33786e+01,1.11528e+01,4.87383e+00,1.45209e+00,9.67594e+00,2.45554e+00,1.44995e+01,1.43718e+00,7.17154e-01,7.71844e-01,5.62572e+00,1.83210e+00,5.90555e+00,8.23855e+00,3.25109e+00
7.11065e-01,1.84556e+01,2.80288e-01,1.73084e+01,4.68234e+00,1.10390e+01,1.03621e+01,4.89814e+00,1.46289e+00,9.76380e+00,2.49902e+00,1.46804e+01,1.44481e+00,7.28729e-01,8.14474e-01,5.75806e+00,1.83642e+00,5.05750e+00,7.64083e+00,3.26845e+00
7.27526e-01,1.91131e+01,2.66124e-01,1.94299e+01,4.18301e+00,8.94465e+00,9.29897e+00,4.93374e+00,1.47212e+00,9.85223e+00,2.51863e+00,1.48732e+01,1.45224e+00,7.41070e-01,8.70223e-01,5.78822e+00,1.84048e+00,4.34804e+00,6.98878e+00,3.28533e+00
7.43390e-01,2.01193e+01,2.53054e-01,2.16776e+01,3.71159e+00,7.23501e+00,8.18951e+00,4.99335e+00,1.47982e+00,9.94557e+00,2.53833e+00,1.50747e+01,1.45986e+00,7.54100e-01,9.41934e-01,5.78526e+00,1.84413e+00,3.75554e+00,6.41603e+00,3.30162e+00
7.58181e-01,2.17783e+01,2.40458e-01,2.37294e+01,3.28578e+00,5.89662e+00,7.20638e+00,5.10464e+00,1.48598e+00,1.00464e+01,2.60819e+00,1.52822e+01,1.46775e+00,7.67961e-01,1.03905e+00,5.80664e+00,1.84770e+00,3.26168e+00,5.96978e+00,3.31684e+00
7.71545e-01,2.43011e+01,2.27987e-01,2.54640e+01,2.91013e+00,4.86883e+00,6.43954e+00,5.31233e+00,1.49110e+00,1.01556e+01,2.78227e+00,1.54935e+01,1.47583e+00,7.82300e-01,1.18513e+00,5.88135e+00,1.85116e+00,2.85037e+00,5.64478e+00,3.33065e+00
7.83407e-01,2.73866e+01,2.15555e-01,2.68997e+01,2.58220e+00,4.08767e+00,5.91637e+00,5.67242e+00,1.49537e+00,1.02726e+01,3.07828e+00,1.57067e+01,1.48442e+00,7.96495e-01,1.42366e+00,6.00869e+00,1.85459e+00,2.50836e+00,5.41379e+00,3.34289e+00
7.93727e-01,3.01550e+01,2.03310e-01,2.80352e+01,2.29708e+00,3.50068e+00,5.62316e+00,6.22045e+00,1.49898e+00,1.03953e+01,3.43840e+00,1.59214e+01,1.49346e+00,8.10248e-01,1.80719e+00,6.16438e+00,1.85789e+00,2.22475e+00,5.24339e+00,3.35405e+00
8.02395e-01,3.17872e+01,1.91491e-01,2.88120e+01,2.04904e+00,3.06962e+00,5.51767e+00,6.94161e+00,1.50211e+00,1.05226e+01,3.74932e+00,1.61379e+01,1.50303e+00,8.22594e-01,2.35419e+00,6.31199e+00,1.86084e+00,1.99142e+00,5.10082e+00,3.36419e+00
8.09442e-01,3.20647e+01,1.80311e-01,2.91860e+01,1.83262e+00,2.76907e+00,5.55294e+00,7.76861e+00,1.50506e+00,1.06534e+01,3.92102e+00,1.63566e+01,1.51306e+00,8.33132e-01,3.00642e+00,6.41974e+00,1.86338e+00,1.80241e+00,4.95624e+00,3.37378e+00
8.14640e-01,3.12725e+01,1.69897e-01,2.91830e+01,1.64283e+00,2.58277e+00,5.71020e+00,8.61873e+00,1.50940e+00,1.07874e+01,3.93492e+00,1.65781e+01,1.52351e+00,8.41409e-01,3.65490e+00,6.47072e+00,1.86563e+00,1.65357e+00,4.78976e+00,3.38329e+00
8.17893e-01,2.98525e+01,1.60442e-01,2.88988e+01,1.47573e+00,2.49789e+00,6.01371e+00,9.43531e+00,1.52254e+00,1.09253e+01,3.82697e+00,1.68036e+01,1.53487e+00,8.47247e-01,4.21376e+00,6.46545e+00,1.86762e+00,1.54182e+00,4.59367e+00,3.39330e+00
8.20291e-01,2.81829e+01,1.51958e-01,2.84607e+01,1.32804e+00,2.49830e+00,6.50121e+00,1.02053e+01,1.57544e+00,1.10663e+01,3.64989e+00,1.70334e+01,1.54672e+00,8.50776e-01,4.65609e+00,6.41732e+00,1.86944e+00,1.46367e+00,4.37286e+00,3.40464e+00
8.21567e-01,2.65176e+01,1.44407e-01,2.79917e+01,1.19716e+00,2.56056e+00,7.16355e+00,1.09547e+01,1.77606e+00,1.12107e+01,3.44790e+00,1.72689e+01,1.55838e+00,8.52274e-01,4.99542e+00,6.34494e+00,1.87125e+00,1.41375e+00,4.13832e+00,3.41712e+00
8.21393e-01,2.50004e+01,1.37786e-01,2.75976e+01,1.08129e+00,2.65625e+00,7.91703e+00,1.17299e+01,2.40473e+00,1.13576e+01,3.24905e+00,1.75121e+01,1.57035e+00,8.52185e-01,5.25352e+00,6.26579e+00,1.87289e+00,1.38366e+00,3.90193e+00,3.43087e+00
8.19882e-01,2.36964e+01,1.31999e-01,2.73719e+01,9.78852e-01,2.75873e+00,8.64835e+00,1.25742e+01,3.82354e+00,1.15066e+01,3.06670e+00,1.77663e+01,1.58232e+00,8.51209e-01,5.44578e+00,6.19264e+00,1.87468e+00,1.36230e+00,3.67373e+00,3.44606e+00
8.17730e-01,2.26181e+01,1.26998e-01,2.74062e+01,8.88375e-01,2.85050e+00,9.28037e+00,1.34988e+01,5.89052e+00,1.16560e+01,2.90357e+00,1.80354e+01,1.59376e+00,8.49989e-01,5.58136e+00,6.13292e+00,1.87616e+00,1.33827e+00,3.46018e+00,3.46212e+00
8.15569e-01,2.17490e+01,1.22665e-01,2.77966e+01,8.08723e-01,2.92629e+00,9.78530e+00,1.44695e+01,7.84302e+00,1.18053e+01,2.75658e+00,1.83252e+01,1.60479e+00,8.49227e-01,5.66995e+00,6.08909e+00,1.87746e+00,1.30355e+00,3.26463e+00,3.47860e+00
8.13636e-01,2.10553e+01,1.18961e-01,2.86272e+01,7.38929e-01,2.99220e+00,1.01625e+01,1.54187e+01,9.11704e+00,1.19535e+01,2.62034e+00,1.86425e+01,1.61602e+00,8.49468e-01,5.72402e+00,6.06090e+00,1.87872e+00,1.25490e+00,3.08818e+00,3.49504e+00
8.11936e-01,2.05023e+01,1.15790e-01,2.99489e+01,6.77741e-01,3.06285e+00,1.04180e+01,1.62768e+01,9.67155e+00,1.20999e+01,2.49007e+00,1.89975e+01,1.62749e+00,8.51060e-01,5.75588e+00,6.04655e+00,1.87967e+00,1.19344e+00,2.93053e+00,3.51062e+00
8.10518e-01,2.00648e+01,1.13063e-01,3.17529e+01,6.24273e-01,3.15722e+00,1.05624e+01,1.70033e+01,9.71137e+00,1.22441e+01,2.36260e+00,1.94025e+01,1.63937e+00,8.54215e-01,5.77260e+00,6.04450e+00,1.88064e+00,1.12281e+00,2.79071e+00,3.52527e+00
8.09183e-01,1.97356e+01,1.10739e-01,3.39649e+01,5.77564e-01,3.29249e+00,1.06126e+01,1.76011e+01,9.44834e+00,1.23852e+01,2.23672e+00,1.98735e+01,1.65199e+00,8.58771e-01,5.77311e+00,6.05422e+00,1.88161e+00,1.04733e+00,2.66726e+00,3.53829e+00
8.07964e-01,1.95299e+01,1.08765e-01,3.64556e+01,5.36861e-01,3.47506e+00,1.05916e+01,1.81079e+01,9.03039e+00,1.25217e+01,2.11302e+00,2.04277e+01,1.66560e+00,8.64425e-01,5.74997e+00,6.07609e+00,1.88263e+00,9.70875e-01,2.55877e+00,3.54932e+00
8.06804e-01,1.94826e+01,1.07087e-01,3.90682e+01,5.01332e-01,3.69240e+00,1.05253e+01,1.85694e+01,8.54685e+00,1.26526e+01,1.99286e+00,2.10837e+01,1.68010e+00,8.70776e-01,5.69272e+00,6.11242e+00,1.88392e+00,8.96303e-01,2.46339e+00,3.55830e+00
8.05968e-01,1.96458e+01,1.05664e-01,4.16469e+01,4.70425e-01,3.91480e+00,1.04365e+01,1.90160e+01,8.04756e+00,1.27758e+01,1.87808e+00,2.18586e+01,1.69551e+00,8.77225e-01,5.59393e+00,6.16568e+00,1.88545e+00,8.25476e-01,2.37983e+00,3.56512e+00
8.05702e-01,2.00713e+01,1.04442e-01,4.40451e+01,4.43445e-01,4.10628e+00,1.03456e+01,1.94443e+01,7.55963e+00,1.28889e+01,1.77059e+00,2.27651e+01,1.71155e+00,8.83089e-01,5.45165e+00,6.23854e+00,1.88722e+00,7.59482e-01,2.30698e+00,3.56945e+00
8.06174e-01,2.07871e+01,1.03374e-01,4.61491e+01,4.19850e-01,4.23970e+00,1.02638e+01,1.98138e+01,7.09640e+00,1.29898e+01,1.67199e+00,2.38094e+01,1.72802e+00,8.88049e-01,5.26971e+00,6.32831e+00,1.88911e+00,6.98824e-01,2.24338e+00,3.57147e+00
8.07314e-01,2.17735e+01,1.02475e-01,4.78895e+01,3.99259e-01,4.30417e+00,1.01942e+01,2.00692e+01,6.66484e+00,1.30759e+01,1.58370e+00,2.49913e+01,1.74437e+00,8.91554e-01,5.05635e+00,6.43003e+00,1.89125e+00,6.43572e-01,2.18807e+00,3.57160e+00
8.08881e-01,2.29536e+01,1.01730e-01,4.92560e+01,3.81317e-01,4.30339e+00,1.01315e+01,2.01639e+01,6.26758e+00,1.31458e+01,1.50664e+00,2.63042e+01,1.76026e+00,8.93357e-01,4.82129e+00,6.53571e+00,1.89368e+00,5.93582e-01,2.13999e+00,3.56959e+00
8.10472e-01,2.42097e+01,1.01066e-01,5.02839e+01,3.65680e-01,4.24972e+00,1.00623e+01,2.00767e+01,5.90555e+00,1.31985e+01,1.44146e+00,2.77397e+01,1.77514e+00,8.93304e-01,4.57381e+00,6.63463e+00,1.89620e+00,5.48556e-01,2.09813e+00,3.56567e+00
8.11463e-01,2.54209e+01,1.00475e-01,5.10356e+01,3.52031e-01,4.15816e+00,9.97221e+00,1.98156e+01,5.57827e+00,1.32332e+01,1.38834e+00,2.92848e+01,1.78865e+00,8.91456e-01,4.32226e+00,6.71742e+00,1.89883e+00,5.08124e-01,2.06160e+00,3.56005e+00
8.11346e-01,2.65051e+01,9.99565e-02,5.15740e+01,3.40147e-01,4.04211e+00,9.84803e+00,1.94103e+01,5.28514e+00,1.32508e+01,1.34709e+00,3.09259e+01,1.80061e+00,8.87785e-01,4.07282e+00,6.77729e+00,1.90155e+00,4.71876e-01,2.02965e+00,3.55302e+00
8.09723e-01,2.74333e+01,9.95320e-02,5.19486e+01,3.29698e-01,3.91237e+00,9.68202e+00,1.88972e+01,5.02499e+00,1.32522e+01,1.31705e+00,3.26384e+01,1.81069e+00,8.82464e-01,3.83015e+00,6.81113e+00,1.90408e+00,4.39396e-01,2.00174e+00,3.54429e+00
8.06267e-01,2.82301e+01,9.91378e-02,5.22016e+01,3.20518e-01,3.77655e+00,9.47533e+00,1.83165e+01,4.79623e+00,1.32389e+01,1.29700e+00,3.43857e+01,1.81881e+00,8.75681e-01,3.59723e+00,6.81954e+00,1.90659e+00,4.10309e-01,1.97686e+00,3.53442e+00
8.00969e-01,2.89525e+01,9.87867e-02,5.23612e+01,3.12543e-01,3.63938e+00,9.23678e+00,1.77015e+01,4.59740e+00,1.32128e+01,1.28538e+00,3.61152e+01,1.82474e+00,8.67641e-01,3.37601e+00,6.80509e+00,1.90899e+00,3.84261e-01,1.95480e+00,3.52358e+00
7.94042e-01,2.96779e+01,9.84682e-02,5.24584e+01,3.05578e-01,3.50363e+00,8.98111e+00,1.70789e+01,4.42613e+00,1.31757e+01,1.28018e+00,3.77602e+01,1.82851e+00,8.58515e-01,3.16753e+00,6.77216e+00,1.91128e+00,3.60953e-01,1.93487e+00,3.51188e+00
7.85676e-01,3.04862e+01,9.82072e-02,5.25109e+01,2.99431e-01,3.37053e+00,8.72816e+00,1.64700e+01,4.28019e+00,1.31301e+01,1.27915e+00,3.92498e+01,1.83026e+00,8.48489e-01,2.97214e+00,6.72511e+00,1.91349e+00,3.40062e-01,1.91677e+00,3.49964e+00
7.76298e-01,3.14540e+01,9.79949e-02,5.25259e+01,2.94056e-01,3.24072e+00,8.49968e+00,1.58891e+01,4.15663e+00,1.30785e+01,1.28018e+00,4.05197e+01,1.83014e+00,8.37800e-01,2.78981e+00,6.66851e+00,1.91561e+00,3.21371e-01,1.90011e+00,3.48664e+00
7.66158e-01,3.26574e+01,9.77934e-02,5.24988e+01,2.89329e-01,3.11439e+00,8.31813e+00,1.53451e+01,4.05202e+00,1.30216e+01,1.28137e+00,4.15240e+01,1.82828e+00,8.26527e-01,2.62031e+00,6.60589e+00,1.91776e+00,3.04635e-01,1.88473e+00,3.47348e+00
7.55622e-01,3.41636e+01,9.76662e-02,5.24040e+01,2.85197e-01,2.99146e+00,8.20410e+00,1.48438e+01,3.96297e+00,1.29629e+01,1.28129e+00,4.22381e+01,1.82487e+00,8.14902e-01,2.46294e+00,6.54058e+00,1.92008e+00,2.89615e-01,1.87015e+00,3.46017e+00
7.44845e-01,3.60278e+01,9.75199e-02,5.22083e+01,2.81560e-01,2.87199e+00,8.17184e+00,1.43892e+01,3.88573e+00,1.29051e+01,1.27895e+00,4.26640e+01,1.82026e+00,8.03011e-01,2.31719e+00,6.47496e+00,1.92242e+00,2.76128e-01,1.85632e+00,3.44672e+00
7.34218e-01,3.82760e+01,9.73978e-02,5.18851e+01,2.78397e-01,2.75597e+00,8.22373e+00,1.39833e+01,3.81675e+00,1.28570e+01,1.27373e+00,4.28240e+01,1.81452e+00,7.91007e-01,2.18234e+00,6.41129e+00,1.92502e+00,2.64060e-01,1.84288e+00,3.43344e+00
7.23716e-01,4.08817e+01,9.73224e-02,5.14078e+01,2.75633e-01,2.64351e+00,8.34663e+00,1.36277e+01,3.75272e+00,1.28574e+01,1.26539e+00,4.27524e+01,1.80824e+00,7.79019e-01,2.05759e+00,6.35034e+00,1.92818e+00,2.53269e-01,1.82969e+00,3.42044e+00
7.13574e-01,4.37416e+01,9.72405e-02,5.07755e+01,2.73210e-01,2.53471e+00,8.51274e+00,1.33234e+01,3.69081e+00,1.30632e+01,1.25405e+00,4.24949e+01,1.80130e+00,7.67035e-01,1.94235e+00,6.29306e+00,1.93161e+00,2.43564e-01,1.81656e+00,3.40777e+00
7.03806e-01,4.66851e+01,9.71793e-02,4.99915e+01,2.71907e-01,2.42964e+00,8.68670e+00,1.30726e+01,3.62886e+00,1.39729e+01,1.23998e+00,4.20949e+01,1.79443e+00,7.55266e-01,1.83591e+00,6.24024e+00,1.93546e+00,2.34874e-01,1.80327e+00,3.39545e+00
6.94574e-01,4.94982e+01,9.83157e-02,4.90827e+01,2.73900e-01,2.32848e+00,8.83703e+00,1.28769e+01,3.56541e+00,1.67351e+01,1.22350e+00,4.15963e+01,1.78757e+00,7.43621e-01,1.73757e+00,6.19163e+00,1.94002e+00,2.27113e-01,1.79009e+00,3.38345e+00
6.85849e-01,5.19823e+01,1.01032e-01,4.80761e+01,2.78756e-01,2.23131e+00,8.94290e+00,1.27380e+01,3.49923e+00,2.28383e+01,1.20508e+00,4.10371e+01,1.78104e+00,7.32206e-01,1.64680e+00,6.14755e+00,1.94503e+00,2.20168e-01,1.77651e+00,3.37190e+00
6.77655e-01,5.39940e+01,1.04979e-01,4.70089e+01,2.82944e-01,2.13818e+00,8.99628e+00,1.26570e+01,3.43005e+00,3.23018e+01,1.18507e+00,4.04525e+01,1.77507e+00,7.21063e-01,1.56293e+00,6.10790e+00,1.95069e+00,2.13971e-01,1.76276e+00,3.36092e+00
6.70061e-01,5.54583e+01,1.09322e-01,4.59158e+01,2.88502e-01,2.04913e+00,8.99819e+00,1.26334e+01,3.35777e+00,4.25955e+01,1.16373e+00,3.98713e+01,1.76976e+00,7.10315e-01,1.48556e+00,6.07226e+00,1.95697e+00,2.08461e-01,1.74881e+00,3.35026e+00
6.63016e-01,5.63762e+01,1.12817e-01,4.48338e+01,2.94742e-01,1.96414e+00,8.95548e+00,1.26649e+01,3.28254e+00,5.08988e+01,1.14148e+00,3.93186e+01,1.76513e+00,6.99855e-01,1.41409e+00,6.04095e+00,1.96394e+00,2.03546e-01,1.73456e+00,3.33996e+00
6.56416e-01,5.67919e+01,1.15605e-01,4.37907e+01,3.01028e-01,1.88326e+00,8.87616e+00,1.27446e+01,3.20501e+00,5.61808e+01,1.11847e+00,3.88173e+01,1.76135e+00,6.89866e-01,1.34811e+00,6.01286e+00,1.97157e+00,1.99256e-01,1.72012e+00,3.33001e+00
6.50319e-01,5.67810e+01,1.18114e-01,4.28139e+01,3.07725e-01,1.80643e+00,8.76764e+00,1.28634e+01,3.12593e+00,5.88490e+01,1.09491e+00,3.83865e+01,1.75821e+00,6.80320e-01,1.28716e+00,5.98813e+00,1.97988e+00,1.95501e-01,1.70535e+00,3.32067e+00
6.44643e-01,5.64240e+01,1.20601e-01,4.19154e+01,3.14716e-01,1.73354e+00,8.63597e+00,1.30095e+01,3.04575e+00,5.97229e+01,1.07094e+00,3.80456e+01,1.75596e+00,6.71115e-01,1.23084e+00,5.96612e+00,1.98902e+00,1.92298e-01,1.69055e+00,3.31181e+00
6.39308e-01,5.58037e+01,1.23003e-01,4.11029e+01,3.21993e-01,1.66447e+00,8.48580e+00,1.31692e+01,2.96529e+00,5.95081e+01,1.04672e+00,3.78106e+01,1.75435e+00,6.62447e-01,1.17879e+00,5.94639e+00,1.99873e+00,1.89535e-01,1.67569e+00,3.30311e+00
6.34284e-01,5.49891e+01,1.25128e-01,4.03745e+01,3.29709e-01,1.59914e+00,8.32050e+00,1.33293e+01,2.88514e+00,5.86814e+01,1.02233e+00,3.76970e+01,1.75344e+00,6.54242e-01,1.13073e+00,5.92860e+00,2.00910e+00,1.87170e-01,1.66081e+00,3.29475e+00
6.29525e-01,5.40391e+01,1.26724e-01,3.97154e+01,3.38097e-01,1.53750e+00,8.14300e+00,1.34777e+01,2.80590e+00,5.75333e+01,9.97860e-01,3.77200e+01,1.75280e+00,6.46473e-01,1.08635e+00,5.91219e+00,2.02017e+00,1.85167e-01,1.64600e+00,3.28680e+00
6.25067e-01,5.30020e+01,1.27622e-01,3.91119e+01,3.47133e-01,1.47936e+00,7.95533e+00,1.36052e+01,2.72808e+00,5.62309e+01,9.73445e-01,3.78935e+01,1.75263e+00,6.39258e-01,1.04539e+00,5.89670e+00,2.03183e+00,1.83459e-01,1.63133e+00,3.27914e+00
6.20790e-01,5.19180e+01,1.27705e-01,3.85442e+01,3.56528e-01,1.42454e+00,7.76004e+00,1.37045e+01,2.65208e+00,5.48661e+01,9.49126e-01,3.82425e+01,1.75274e+00,6.32591e-01,1.00756e+00,5.88179e+00,2.04398e+00,1.82024e-01,1.61677e+00,3.27192e+00
6.16822e-01,5.08129e+01,1.26996e-01,3.80027e+01,3.65537e-01,1.37289e+00,7.55944e+00,1.37714e+01,2.57806e+00,5.34880e+01,9.24922e-01,3.88064e+01,1.75271e+00,6.26476e-01,9.72600e-01,5.86774e+00,2.05656e+00,1.80780e-01,1.60253e+00,3.26518e+00
6.13030e-01,4.97128e+01,1.25625e-01,3.74786e+01,3.73642e-01,1.32433e+00,7.35568e+00,1.38032e+01,2.50658e+00,5.21170e+01,9.00969e-01,3.96663e+01,1.75291e+00,6.20839e-01,9.40375e-01,5.85402e+00,2.06959e+00,1.79775e-01,1.58856e+00,3.25889e+00
6.09410e-01,4.86382e+01,1.23758e-01,3.69705e+01,3.86572e-01,1.27866e+00,7.15090e+00,1.37988e+01,2.43761e+00,5.07657e+01,8.77345e-01,4.09575e+01,1.75287e+00,6.15746e-01,9.10616e-01,5.84025e+00,2.08276e+00,1.78885e-01,1.57507e+00,3.25309e+00
6.05964e-01,4.76053e+01,1.37840e-01,3.64799e+01,4.08188e-01,1.23576e+00,6.94656e+00,1.37582e+01,2.37133e+00,4.94312e+01,8.54167e-01,4.28796e+01,1.75279e+00,6.11121e-01,8.83185e-01,5.82687e+00,2.09595e+00,1.80510e-01,1.56195e+00,3.24781e+00
6.02675e-01,4.66287e+01,1.72848e-01,3.60110e+01,4.63757e-01,1.19550e+00,6.74514e+00,1.36829e+01,2.31811e+00,4.81122e+01,8.31402e-01,4.56784e+01,1.75252e+00,6.06973e-01,8.57918e-01,5.81381e+00,2.10918e+00,1.90206e-01,1.54949e+00,3.24309e+00
6.05031e-01,4.57265e+01,2.47053e-01,3.55681e+01,6.67893e-01,1.15768e+00,6.54663e+00,1.35764e+01,2.27940e+00,4.68279e+01,8.09132e-01,4.95878e+01,1.75716e+00,6.35332e-01,8.34612e-01,5.80086e+00,2.12340e+00,2.02730e-01,1.53742e+00,3.24041e+00
6.18023e-01,4.49149e+01,3.46151e-01,3.51548e+01,1.08708e+00,1.12255e+00,6.35231e+00,1.34410e+01,2.25226e+00,4.55564e+01,7.87418e-01,5.47199e+01,1.76171e+00,6.73518e-01,8.13165e-01,5.78865e+00,2.14475e+00,2.15399e-01,1.53120e+00,3.23823e+00
6.31170e-01,4.42140e+01,5.41540e-01,3.47710e+01,2.53996e+00,1.08917e+00,6.16292e+00,1.32813e+01,2.23730e+00,4.43192e+01,7.66320e-01,6.09858e+01,1.76804e+00,7.15686e-01,7.93467e-01,5.77682e+00,2.16860e+00,2.35867e-01,1.52896e+00,3.25157e+00
6.39334e-01,4.36477e+01,8.62071e-01,3.44172e+01,7.81247e+00,1.05797e+00,5.97906e+00,1.31031e+01,2.23040e+00,4.31069e+01,7.45846e-01,6.80583e+01,1.77840e+00,7.71648e-01,7.75330e-01,5.76537e+00,2.19305e+00,2.57120e-01,1.53237e+00,3.26743e+00
6.59249e-01,4.32393e+01,1.25780e+00,3.40894e+01,1.54691e+01,1.02880e+00,5.80043e+00,1.29098e+01,2.22728e+00,4.19113e+01,7.26073e-01,7.54438e+01,1.80837e+00,8.39095e-01,7.58765e-01,5.75464e+00,2.21689e+00,2.78616e-01,1.53935e+00,3.29133e+00
7.00863e-01,4.30181e+01,1.55262e+00,3.37823e+01,2.27003e+01,1.00156e+00,5.62757e+00,1.27080e+01,2.22627e+00,4.07407e+01,7.06904e-01,8.26162e+01,2.13977e+00,9.15651e-01,7.43583e-01,5.74449e+00,2.23809e+00,3.00025e-01,1.54593e+00,3.32022e+00
7.60877e-01,4.30112e+01,1.71597e+00,3.34898e+01,2.53926e+01,9.76161e-01,5.46027e+00,1.25024e+01,2.23248e+00,3.95984e+01,6.88461e-01,8.91394e+01,2.96964e+00,1.00244e+00,7.29646e-01,5.73547e+00,2.25629e+00,3.23847e-01,1.55188e+00,3.34616e+00
8.61639e-01,4.32444e+01,1.93029e+00,3.32071e+01,2.61243e+01,9.52400e-01,5.29852e+00,1.22980e+01,2.27204e+00,3.84876e+01,6.70682e-01,9.47311e+01,4.53446e+00,1.17655e+00,7.16989e-01,5.72699e+00,2.27164e+00,4.64134e-01,1.55859e+00,3.36552e+00
1.20561e+00,4.37360e+01,2.32901e+00,3.29291e+01,2.92560e+01,9.30185e-01,5.14242e+00,1.20999e+01,2.39336e+00,3.74256e+01,6.53644e-01,9.92644e+01,8.81264e+00,1.76745e+00,7.05415e-01,5.71940e+00,2.31094e+00,6.29705e-01,1.56704e+00,3.38746e+00
2.19478e+00,4.46811e+01,2.86979e+00,3.26667e+01,3.33742e+01,9.69464e-01,5.01211e+00,1.19560e+01,2.61550e+00,3.64294e+01,6.37851e-01,1.02741e+02,1.60605e+01,3.13793e+00,7.02363e-01,5.71281e+00,2.37020e+00,8.55609e-01,1.58420e+00,3.42134e+00
3.51976e+00,4.59862e+01,3.42486e+00,3.24258e+01,3.73084e+01,1.05638e+00,4.90473e+00,1.18971e+01,2.91904e+00,3.55351e+01,6.33544e-01,1.05221e+02,2.83612e+01,5.38371e+00,7.08202e-01,5.70736e+00,2.43017e+00,1.16119e+00,1.62733e+00,3.48746e+00
5.32878e+00,4.73330e+01,4.03452e+00,3.22104e+01,3.95183e+01,1.16460e+00,4.84263e+00,1.18330e+01,3.28758e+00,3.47323e+01,6.38421e-01,1.06822e+02,8.90425e+01,8.11194e+00,7.09299e-01,5.70428e+00,2.48575e+00,1.41498e+00,1.69398e+00,3.60554e+00
8.42739e+00,4.90593e+01,4.53482e+00,3.19965e+01,3.97778e+01,1.25820e+00,4.82185e+00,1.17340e+01,3.74429e+00,3.39603e+01,6.45188e-01,1.07673e+02,2.13058e+02,1.13805e+01,7.16407e-01,5.70546e+00,2.53277e+00,1.65007e+00,1.77609e+00,3.73959e+00
1.32897e+01,5.11399e+01,4.68400e+00,3.17915e+01,3.85473e+01,1.32075e+00,4.81329e+00,1.16406e+01,4.33316e+00,3.32042e+01,6.57243e-01,1.07912e+02,3.12975e+02,1.51309e+01,7.25736e-01,5.71327e+00,2.57324e+00,2.06734e+00,1.84936e+00,3.84971e+00
1.97167e+01,5.35176e+01,4.47841e+00,3.15998e+01,3.60116e+01,1.38797e+00,4.80810e+00,1.15707e+01,5.09644e+00,3.24784e+01,6.75501e-01,1.07665e+02,4.02988e+02,1.85878e+01,7.35749e-01,5.72516e+00,2.61123e+00,3.28421e+00,1.90849e+00,3.92880e+00
2.81940e+01,5.60228e+01,4.06793e+00,3.14232e+01,3.25357e+01,1.49611e+00,4.81121e+00,1.15410e+01,6.09252e+00,3.18016e+01,6.86763e-01,1.07044e+02,4.98292e+02,2.14219e+01,7.46149e-01,5.74032e+00,2.64921e+00,6.16567e+00,1.95367e+00,3.99139e+00
3.85568e+01,5.83441e+01,3.60365e+00,3.12721e+01,2.85263e+01,1.68143e+00,4.81989e+00,1.15653e+01,7.39883e+00,3.11937e+01,6.82408e-01,1.06141e+02,5.99887e+02,2.41098e+01,7.57401e-01,5.75875e+00,2.69137e+00,9.62449e+00,1.98968e+00,4.05471e+00
4.81658e+01,6.01673e+01,3.18478e+00,3.11566e+01,2.43465e+01,1.96982e+00,4.81890e+00,1.16599e+01,8.95005e+00,3.06641e+01,6.71418e-01,1.05031e+02,6.99437e+02,2.73458e+01,7.66321e-01,5.78087e+00,2.74323e+00,1.19178e+01,2.02139e+00,4.12844e+00
5.52995e+01,6.14328e+01,2.84276e+00,3.10747e+01,2.03330e+01,2.27709e+00,4.79518e+00,1.18427e+01,1.04155e+01,3.02041e+01,6.61232e-01,1.03778e+02,7.53621e+02,3.16926e+01,7.76031e-01,5.80523e+00,2.82531e+00,1.31823e+01,2.05037e+00,4.21520e+00
5.97737e+01,6.22480e+01,2.56032e+00,3.10205e+01,1.67333e+01,2.46048e+00,4.74112e+00,1.21426e+01,1.14706e+01,2.97899e+01,6.51684e-01,1.02440e+02,7.46302e+02,3.72264e+01,7.90027e-01,5.83069e+00,3.00467e+00,1.40310e+01,2.07520e+00,4.31452e+00
6.23748e+01,6.27193e+01,2.30834e+00,3.09813e+01,1.36631e+01,2.48326e+00,4.65850e+00,1.26079e+01,1.21037e+01,2.93918e+01,6.42152e-01,1.01069e+02,7.01523e+02,4.38306e+01,8.08421e-01,5.85534e+00,3.43220e+00,1.45301e+01,2.09320e+00,4.42423e+00
6.47715e+01,6.29155e+01,2.06857e+00,3.09468e+01,1.11313e+01,2.39773e+00,4.55290e+00,1.32975e+01,1.25827e+01,2.89881e+01,6.32919e-01,9.97119e+01,6.43316e+02,5.23635e+01,8.30206e-01,5.87775e+00,4.23736e+00,1.44485e+01,2.10266e+00,4.54307e+00
6.79740e+01,6.28979e+01,1.83642e+00,3.09060e+01,9.08487e+00,2.26340e+00,4.42941e+00,1.42666e+01,1.32487e+01,2.85724e+01,6.23787e-01,9.84001e+01,5.84921e+02,6.32028e+01,8.54047e-01,5.89704e+00,5.23389e+00,1.37383e+01,2.10416e+00,4.67123e+00
7.08732e+01,6.27154e+01,1.61606e+00,3.08539e+01,7.44837e+00,2.11595e+00,4.29288e+00,1.55451e+01,1.43051e+01,2.81499e+01,6.14536e-01,9.71394e+01,5.32095e+02,7.29678e+01,8.79058e-01,5.91293e+00,5.99914e+00,1.25922e+01,2.09943e+00,4.80922e+00
7.14374e+01,6.24117e+01,1.41312e+00,3.07842e+01,6.14556e+00,1.97198e+00,4.15055e+00,1.71044e+01,1.57101e+01,2.77367e+01,6.04844e-01,9.59199e+01,4.86292e+02,7.75135e+01,9.05049e-01,5.92518e+00,6.33338e+00,1.12545e+01,2.09078e+00,4.95688e+00
6.89204e+01,6.20143e+01,1.23189e+00,3.06953e+01,5.10887e+00,1.83839e+00,4.00983e+00,1.88469e+01,1.72777e+01,2.73478e+01,5.94767e-01,9.47303e+01,4.45900e+02,7.64498e+01,9.32226e-01,5.93394e+00,6.32220e+00,9.90323e+00,2.08050e+00,5.11220e+00
6.40514e+01,6.15414e+01,1.07389e+00,3.05877e+01,4.28217e+00,1.71766e+00,3.87640e+00,2.06225e+01,1.88811e+01,2.69995e+01,5.84639e-01,9.35700e+01,4.08276e+02,7.17664e+01,9.61062e-01,5.93937e+00,6.12825e+00,8.63638e+00,2.06960e+00,5.27064e+00
5.79983e+01,6.10069e+01,9.38686e-01,3.04682e+01,3.62031e+00,1.60990e+00,3.75335e+00,2.22837e+01,2.05206e+01,2.67016e+01,5.74630e-01,9.24525e+01,3.71711e+02,6.54228e+01,9.92569e-01,5.94089e+00,5.87813e+00,7.49642e+00,2.05897e+00,5.42694e+00
5.16737e+01,6.04241e+01,8.24380e-01,3.03476e+01,3.08797e+00,1.51452e+00,3.64188e+00,2.37201e+01,2.22363e+01,2.64596e+01,5.65031e-01,9.13940e+01,3.36118e+02,5.86532e+01,1.02806e+00,5.93929e+00,5.64869e+00,6.49527e+00,2.04874e+00,5.57687e+00
4.56164e+01,5.98015e+01,7.28432e-01,3.02398e+01,2.65719e+00,1.43066e+00,3.54187e+00,2.48799e+01,2.40365e+01,2.62719e+01,5.55995e-01,9.04280e+01,3.02274e+02,5.21077e+01,1.06913e+00,5.93413e+00,5.48111e+00,5.62867e+00,2.03909e+00,5.71981e+00
4.00812e+01,5.91500e+01,6.48116e-01,3.01602e+01,2.30639e+00,1.35747e+00,3.45227e+00,2.57573e+01,2.59207e+01,2.61319e+01,5.47573e-01,8.95748e+01,2.70922e+02,4.60701e+01,1.11713e+00,5.92641e+00,5.39556e+00,4.88485e+00,2.03025e+00,5.86194e+00
3.51537e+01,5.84741e+01,5.81012e-01,3.01299e+01,2.01904e+00,1.29425e+00,3.37286e+00,2.63748e+01,2.79473e+01,2.60292e+01,5.39871e-01,8.88591e+01,2.42504e+02,4.06468e+01,1.17258e+00,5.91607e+00,5.39986e+00,4.24960e+00,2.02225e+00,6.02079e+00
3.08341e+01,5.77840e+01,5.24849e-01,3.01777e+01,1.78217e+00,1.24013e+00,3.30385e+00,2.67686e+01,3.02140e+01,2.59511e+01,5.32884e-01,8.83035e+01,2.17146e+02,3.58497e+01,1.23470e+00,5.90385e+00,5.49371e+00,3.70822e+00,2.01507e+00,6.23347e+00
2.70797e+01,5.70865e+01,4.77762e-01,3.03394e+01,1.58566e+00,1.19442e+00,3.24655e+00,2.69754e+01,3.27274e+01,2.58845e+01,5.26628e-01,8.79283e+01,1.94728e+02,3.16423e+01,1.30179e+00,5.89038e+00,5.67422e+00,3.24733e+00,2.00817e+00,6.56650e+00
2.38333e+01,5.63864e+01,4.40167e-01,3.06657e+01,1.42202e+00,1.15625e+00,3.20281e+00,2.70304e+01,3.52764e+01,2.58168e+01,5.20926e-01,8.77541e+01,1.75037e+02,2.79683e+01,1.37160e+00,5.87580e+00,5.94027e+00,2.85704e+00,2.00098e+00,7.12554e+00
2.10338e+01,5.56850e+01,4.09388e-01,3.12137e+01,1.28467e+00,1.12487e+00,3.17521e+00,2.69647e+01,3.74817e+01,2.57383e+01,5.15772e-01,8.77982e+01,1.57847e+02,2.47698e+01,1.44217e+00,5.86102e+00,6.29695e+00,2.52404e+00,1.99298e+00,8.07246e+00
1.86225e+01,5.49841e+01,3.86640e-01,3.20361e+01,1.16842e+00,1.09963e+00,3.16546e+00,2.68014e+01,3.89924e+01,2.56448e+01,5.11091e-01,8.80660e+01,1.42868e+02,2.19851e+01,1.51201e+00,5.84673e+00,6.76003e+00,2.24056e+00,1.98407e+00,9.59659e+00
1.65458e+01,5.42875e+01,3.68425e-01,3.31555e+01,1.07045e+00,1.07999e+00,3.17485e+00,2.65635e+01,3.96525e+01,2.55334e+01,5.06937e-01,8.85548e+01,1.29842e+02,1.95614e+01,1.58031e+00,5.83345e+00,7.36270e+00,2.00030e+00,1.97373e+00,1.17372e+01
1.47568e+01,5.35907e+01,3.52807e-01,3.45394e+01,9.87356e-01,1.06553e+00,3.20277e+00,2.62672e+01,3.95128e+01,2.54054e+01,5.03219e-01,8.92327e+01,1.18553e+02,1.74506e+01,1.64636e+00,5.82165e+00,8.17478e+00,1.79507e+00,1.96195e+00,1.41722e+01
1.32128e+01,5.28917e+01,3.39802e-01,3.60951e+01,9.16503e-01,1.05587e+00,3.24679e+00,2.59271e+01,3.87453e+01,2.52655e+01,4.99984e-01,9.00577e+01,1.08768e+02,1.56116e+01,1.70921e+00,5.81162e+00,9.36519e+00,1.61780e+00,1.94923e+00,2.03077e+01
1.18788e+01,5.21979e+01,3.29142e-01,3.76835e+01,8.55797e-01,1.05075e+00,3.30228e+00,2.55574e+01,3.75572e+01,2.51194e+01,4.97161e-01,9.09657e+01,1.00314e+02,1.40065e+01,1.76756e+00,5.80389e+00,1.14066e+01,1.46350e+00,1.93581e+00,3.02284e+02
1.07241e+01,5.15150e+01,3.20129e-01,3.91659e+01,8.03730e-01,1.04993e+00,3.36365e+00,2.51656e+01,3.61340e+01,2.49706e+01,4.94835e-01,9.18871e+01,9.30602e+01,1.26040e+01,1.81953e+00,5.79899e+00,1.58128e+01,1.32927e+00,1.92216e+00,7.04165e+02
9.72183e+00,5.08461e+01,3.11974e-01,4.04376e+01,7.58655e-01,1.05308e+00,3.42523e+00,2.47620e+01,3.46184e+01,2.48266e+01,4.92936e-01,9.27531e+01,8.69180e+01,1.13753e+01,1.86361e+00,5.79645e+00,2.74896e+01,1.21253e+00,1.90870e+00,7.83657e+02
8.84847e+00,5.02027e+01,3.04113e-01,4.14438e+01,7.19369e-01,1.06002e+00,3.48107e+00,2.43523e+01,3.31070e+01,2.46893e+01,4.91517e-01,9.35058e+01,8.17699e+01,1.02969e+01,1.89879e+00,5.79683e+00,5.40885e+01,1.11071e+00,1.89594e+00,7.73943e+02
8.08362e+00,4.95898e+01,2.96223e-01,4.21754e+01,6.84939e-01,1.07056e+00,3.52732e+00,2.39442e+01,3.16474e+01,2.45608e+01,4.90465e-01,9.41018e+01,7.74588e+01,9.34814e+00,1.92533e+00,5.80014e+00,8.79438e+01,1.02151e+00,1.88425e+00,7.41614e+02
7.41074e+00,4.90145e+01,2.88383e-01,4.26548e+01,6.54735e-01,1.08458e+00,3.56100e+00,2.35429e+01,3.02536e+01,2.44397e+01,4.89831e-01,9.45149e+01,7.37675e+01,8.51182e+00,1.94449e+00,5.80761e+00,1.12390e+02,9.42978e-01,1.87419e+00,7.02542e+02
6.81557e+00,4.84795e+01,2.80736e-01,4.29178e+01,6.28238e-01,1.10201e+00,3.58095e+00,2.31511e+01,2.89157e+01,2.43237e+01,4.89524e-01,9.47382e+01,7.04697e+01,7.77329e+00,1.95832e+00,5.82176e+00,1.24679e+02,8.73565e-01,1.86584e+00,6.62035e+02
6.28625e+00,4.79823e+01,2.73708e-01,4.30035e+01,6.04956e-01,1.12282e+00,3.58710e+00,2.27733e+01,2.76144e+01,2.42089e+01,4.89499e-01,9.47735e+01,6.73362e+01,7.11980e+00,1.96917e+00,5.84950e+00,1.28935e+02,8.12113e-01,1.85978e+00,6.22469e+02
5.81391e+00,4.75217e+01,2.67580e-01,4.29515e+01,5.84538e-01,1.14718e+00,3.58044e+00,2.24130e+01,2.63298e+01,2.40912e+01,4.89637e-01,9.46390e+01,6.41990e+01,6.54106e+00,1.97893e+00,5.90177e+00,1.28715e+02,7.57748e-01,1.85607e+00,5.84773e+02
5.39032e+00,4.70918e+01,2.62723e-01,4.27948e+01,5.66696e-01,1.17506e+00,3.56238e+00,2.20714e+01,2.50510e+01,2.39660e+01,4.89756e-01,9.43497e+01,6.09786e+01,6.02809e+00,1.98853e+00,5.99085e+00,1.26018e+02,7.09745e-01,1.85510e+00,5.49305e+02
5.00946e+00,4.66902e+01,2.59286e-01,4.25677e+01,5.51126e-01,1.20623e+00,3.53513e+00,2.17482e+01,2.37761e+01,2.38292e+01,4.89805e-01,9.39323e+01,5.76650e+01,5.57259e+00,1.99784e+00,6.12061e+00,1.21868e+02,6.67431e-01,1.85699e+00,5.16089e+02
4.66576e+00,4.63134e+01,2.57318e-01,4.22946e+01,5.37700e-01,1.24030e+00,3.50052e+00,2.14441e+01,2.25118e+01,2.36783e+01,4.89669e-01,9.34053e+01,5.42912e+01,5.16776e+00,2.00561e+00,6.27988e+00,1.16812e+02,6.30246e-01,1.86190e+00,4.85012e+02
4.35497e+00,4.59597e+01,2.56330e-01,4.19987e+01,5.26059e-01,1.27650e+00,3.46043e+00,2.11555e+01,2.12683e+01,2.35123e+01,4.89243e-01,9.27896e+01,5.09186e+01,4.80783e+00,2.01004e+00,6.44302e+00,1.11197e+02,5.97653e-01,1.87001e+00,4.55845e+02
4.07324e+00,4.56285e+01,2.55931e-01,4.17029e+01,5.15925e-01,1.31351e+00,3.41686e+00,2.08820e+01,2.00567e+01,2.33312e+01,4.88475e-01,9.21008e+01,4.76036e+01,4.48719e+00,2.00912e+00,6.58243e+00,1.05282e+02,5.69140e-01,1.88110e+00,4.28415e+02
3.81714e+00,4.53225e+01,2.55353e-01,4.14222e+01,5.07157e-01,1.34966e+00,3.37080e+00,2.06219e+01,1.88881e+01,2.31369e+01,4.87288e-01,9.13576e+01,4.44005e+01,4.20113e+00,2.00118e+00,6.67962e+00,9.92667e+01,5.44210e-01,1.89491e+00,4.02564e+02
3.58411e+00,4.50374e+01,2.54287e-01,4.11661e+01,4.99549e-01,1.38336e+00,3.32374e+00,2.03742e+01,1.77708e+01,2.29310e+01,4.85735e-01,9.05696e+01,4.13427e+01,3.94510e+00,1.98515e+00,6.73019e+00,9.33097e+01,5.22428e-01,1.91126e+00,3.78191e+02
3.37186e+00,4.47742e+01,2.52465e-01,4.09411e+01,4.92921e-01,1.41305e+00,3.27638e+00,2.01370e+01,1.67102e+01,2.27172e+01,4.83796e-01,8.97501e+01,3.84582e+01,3.71476e+00,1.96080e+00,6.73958e+00,8.75164e+01,5.03364e-01,1.92938e+00,3.55206e+02
3.17813e+00,4.45327e+01,2.49808e-01,4.07450e+01,4.87052e-01,1.43769e+00,3.22994e+00,1.99092e+01,1.57103e+01,2.25004e+01,4.81582e-01,8.89060e+01,3.57567e+01,3.50669e+00,1.92846e+00,6.71841e+00,8.19575e+01,4.86616e-01,1.94887e+00,3.33572e+02
3.00114e+00,4.43043e+01,2.46514e-01,4.05695e+01,4.81824e-01,1.45656e+00,3.18469e+00,1.96904e+01,1.47722e+01,2.22862e+01,4.79297e-01,8.80485e+01,3.32456e+01,3.31769e+00,1.88917e+00,6.67770e+00,7.66800e+01,4.71838e-01,1.96853e+00,3.13231e+02
2.83935e+00,4.40867e+01,2.42673e-01,4.04041e+01,4.77164e-01,1.46937e+00,3.14116e+00,1.94801e+01,1.38956e+01,2.20809e+01,4.76961e-01,8.71809e+01,3.09194e+01,3.14500e+00,1.84411e+00,6.62651e+00,7.17145e+01,4.58821e-01,1.98751e+00,2.94163e+02
2.69130e+00,4.38766e+01,2.38605e-01,4.02364e+01,4.72794e-01,1.47639e+00,3.09997e+00,1.92767e+01,1.30780e+01,2.18926e+01,4.74713e-01,8.63094e+01,2.87732e+01,2.98618e+00,1.79470e+00,6.57254e+00,6.70575e+01,4.47252e-01,2.00504e+00,2.76310e+02
2.55575e+00,4.36697e+01,2.34484e-01,4.00563e+01,4.68730e-01,1.47800e+00,3.06163e+00,1.90790e+01,1.23176e+01,2.17312e+01,4.72696e-01,8.54381e+01,2.67984e+01,2.83993e+00,1.74230e+00,6.52134e+00,6.27135e+01,4.36926e-01,2.02020e+00,2.59624e+02
2.43153e+00,4.34667e+01,2.30486e-01,3.98571e+01,4.64946e-01,1.47482e+00,3.02688e+00,1.88873e+01,1.16113e+01,2.16093e+01,4.70970e-01,8.45692e+01,2.49850e+01,2.70451e+00,1.68800e+00,6.47658e+00,5.86721e+01,4.27721e-01,2.03238e+00,2.44060e+02
2.31783e+00,4.32646e+01,2.26712e-01,3.96325e+01,4.61427e-01,1.46761e+00,2.99604e+00,1.86984e+01,1.09559e+01,2.15465e+01,4.69650e-01,8.37043e+01,2.33207e+01,2.57920e+00,1.63291e+00,6.44187e+00,5.49156e+01,4.19474e-01,2.04099e+00,2.29560e+02
2.21359e+00,4.30655e+01,2.23192e-01,3.93822e+01,4.58017e-01,1.45699e+00,2.96970e+00,1.85111e+01,1.03479e+01,2.15780e+01,4.68824e-01,8.28460e+01,2.17946e+01,2.46299e+00,1.57802e+00,6.41979e+00,5.14322e+01,4.12065e-01,2.04581e+00,2.16074e+02
2.11809e+00,4.28704e+01,2.19970e-01,3.91073e+01,4.54859e-01,1.44369e+00,2.94843e+00,1.83265e+01,9.78404e+00,2.17773e+01,4.68589e-01,8.19963e+01,2.03963e+01,2.35550e+00,1.52396e+00,6.41194e+00,4.82012e+01,4.05436e-01,2.04691e+00,2.03518e+02
2.03062e+00,4.26786e+01,2.17140e-01,3.88103e+01,4.51908e-01,1.42825e+00,2.93284e+00,1.81405e+01,9.26117e+00,2.23085e+01,4.68960e-01,8.11549e+01,1.91154e+01,2.25608e+00,1.47121e+00,6.65069e+00,4.52081e+01,3.99477e-01,2.04417e+00,1.91863e+02
1.95067e+00,4.24916e+01,2.14619e-01,3.84971e+01,4.49128e-01,1.41122e+00,2.92336e+00,1.79556e+01,8.77629e+00,2.34966e+01,4.70012e-01,8.03257e+01,1.79401e+01,2.16440e+00,1.42017e+00,1.85425e+02,4.24354e+01,3.94048e-01,2.03796e+00,1.81029e+02
1.87738e+00,4.23093e+01,2.12421e-01,3.81702e+01,4.46622e-01,1.39300e+00,2.92035e+00,1.77679e+01,8.32645e+00,2.58559e+01,4.71733e-01,7.95106e+01,1.68640e+01,2.07999e+00,1.37117e+00,5.63479e+02,3.98656e+01,3.89123e-01,2.02862e+00,1.70980e+02
1.81031e+00,4.21291e+01,2.10492e-01,3.78339e+01,4.44397e-01,1.37388e+00,2.92404e+00,1.75771e+01,7.90931e+00,2.98981e+01,4.74075e-01,7.87095e+01,1.58758e+01,2.00247e+00,1.32433e+00,6.14219e+02,3.74846e+01,3.84598e-01,2.01626e+00,1.61648e+02
1.74893e+00,4.19465e+01,2.08831e-01,3.74929e+01,4.42314e-01,1.35410e+00,2.93439e+00,1.73821e+01,7.52200e+00,3.56594e+01,4.76958e-01,7.79246e+01,1.49695e+01,1.93137e+00,1.27978e+00,6.00044e+02,3.52764e+01,3.80418e-01,2.00184e+00,1.52990e+02
1.69290e+00,4.17604e+01,2.07433e-01,3.71499e+01,4.40432e-01,1.33385e+00,2.95132e+00,1.71803e+01,7.16255e+00,4.23489e+01,4.80366e-01,7.71572e+01,1.41371e+01,1.86639e+00,1.23759e+00,5.75726e+02,3.32289e+01,3.76511e-01,1.98541e+00,1.44958e+02
1.64171e+00,4.15678e+01,2.06311e-01,3.68085e+01,4.38788e-01,1.31330e+00,2.97417e+00,1.69710e+01,6.82864e+00,4.87037e+01,4.84111e-01,7.64120e+01,1.33719e+01,1.80707e+00,1.19781e+00,5.50349e+02,3.13279e+01,3.72900e-01,1.96782e+00,1.37512e+02
1.59502e+00,4.13671e+01,2.05366e-01,3.64687e+01,4.37287e-01,1.29247e+00,3.00236e+00,1.67542e+01,6.51847e+00,5.37550e+01,4.88138e-01,7.56882e+01,1.26688e+01,1.75311e+00,1.16031e+00,5.25623e+02,2.95633e+01,3.69522e-01,1.94920e+00,1.30608e+02
1.55246e+00,4.11570e+01,2.04625e-01,3.61338e+01,4.35903e-01,1.27155e+00,3.03463e+00,1.65301e+01,6.23033e+00,5.71817e+01,4.92315e-01,7.49904e+01,1.20210e+01,1.70405e+00,1.12509e+00,5.01908e+02,2.79237e+01,3.66412e-01,1.93003e+00,1.24211e+02
1.51366e+00,4.09364e+01,2.04037e-01,3.58047e+01,4.34684e-01,1.25060e+00,3.06963e+00,1.62989e+01,5.96267e+00,5.91583e+01,4.96528e-01,7.43207e+01,1.14249e+01,1.65955e+00,1.09219e+00,4.79235e+02,2.63996e+01,3.63512e-01,1.91060e+00,1.18289e+02
1.47840e+00,4.07091e+01,2.03575e-01,3.54808e+01,4.33613e-01,1.22959e+00,3.10621e+00,1.60637e+01,5.71390e+00,6.00525e+01,5.00664e-01,7.36835e+01,1.08750e+01,1.61929e+00,1.06138e+00,4.57647e+02,2.49821e+01,3.60810e-01,1.89128e+00,1.12808e+02
1.44636e+00,4.04749e+01,2.03210e-01,3.51636e+01,4.32693e-01,1.20866e+00,3.14254e+00,1.58249e+01,5.48270e+00,6.02382e+01,5.04628e-01,7.30916e+01,1.03677e+01,1.58287e+00,1.03264e+00,4.37068e+02,2.36631e+01,3.58353e-01,1.87219e+00,1.07738e+02
1.41724e+00,4.02404e+01,2.02940e-01,3.48521e+01,4.31801e-01,1.18782e+00,3.17742e+00,1.55847e+01,5.26782e+00,6.00112e+01,5.08375e-01,7.25542e+01,9.89876e+00,1.54998e+00,1.00589e+00,4.17424e+02,2.24341e+01,3.56070e-01,1.85345e+00,1.03054e+02
1.39087e+00,4.00141e+01,2.02782e-01,3.45452e+01,4.31063e-01,1.16724e+00,3.20961e+00,1.53446e+01,5.06822e+00,5.95936e+01,5.11842e-01,7.21001e+01,9.46561e+00,1.52036e+00,9.81048e-01,3.98707e+02,2.12897e+01,3.54043e-01,1.83523e+00,9.87204e+01
1.36703e+00,3.98009e+01,2.02682e-01,3.42433e+01,4.30332e-01,1.14684e+00,3.23828e+00,1.51063e+01,4.88263e+00,5.91477e+01,5.15000e-01,7.17684e+01,9.06441e+00,1.49358e+00,9.57935e-01,3.80855e+02,2.02211e+01,3.52191e-01,1.81758e+00,9.47088e+01
1.34556e+00,3.96115e+01,2.02610e-01,3.39447e+01,4.29688e-01,1.12675e+00,3.26282e+00,1.48710e+01,4.71028e+00,5.87955e+01,5.17795e-01,7.16274e+01,8.69309e+00,1.46954e+00,9.36548e-01,3.63839e+02,1.92254e+01,3.50560e-01,1.80043e+00,9.09890e+01
1.32617e+00,3.94583e+01,2.02612e-01,3.36484e+01,4.29147e-01,1.10702e+00,3.28289e+00,1.46392e+01,4.55011e+00,5.86358e+01,5.20218e-01,7.17648e+01,8.34841e+00,1.44796e+00,9.16789e-01,3.47607e+02,1.82952e+01,3.49092e-01,1.78405e+00,8.75300e+01
1.30875e+00,3.93534e+01,2.02656e-01,3.33537e+01,4.28587e-01,1.08774e+00,3.29850e+00,1.44135e+01,4.40141e+00,5.87463e+01,5.22211e-01,7.22931e+01,8.02876e+00,1.42855e+00,8.98514e-01,3.32144e+02,1.74265e+01,3.47848e-01,1.76805e+00,8.42982e+01
1.29311e+00,3.93105e+01,2.02701e-01,3.30598e+01,4.28074e-01,1.06897e+00,3.30961e+00,1.41932e+01,4.26332e+00,5.91844e+01,5.23849e-01,7.33277e+01,7.73186e+00,1.41117e+00,8.81756e-01,3.17421e+02,1.66135e+01,3.46735e-01,1.75258e+00,8.12653e+01
1.27917e+00,3.93413e+01,2.02752e-01,3.27668e+01,4.27652e-01,1.05075e+00,3.31647e+00,1.39808e+01,4.13517e+00,5.99678e+01,5.24976e-01,7.49569e+01,7.45570e+00,1.39566e+00,8.66286e-01,3.03395e+02,1.58534e+01,3.45787e-01,1.73777e+00,7.83991e+01
1.26675e+00,3.94610e+01,2.02803e-01,3.24729e+01,4.27230e-01,1.03306e+00,3.31943e+00,1.37763e+01,4.01635e+00,6.10647e+01,5.25730e-01,7.72116e+01,7.19865e+00,1.38184e+00,8.52091e-01,2.90058e+02,1.51417e+01,3.44994e-01,1.72326e+00,7.56719e+01
1.25569e+00,3.96790e+01,2.02882e-01,3.21768e+01,4.26756e-01,1.01594e+00,3.31870e+00,1.35815e+01,3.90610e+00,6.23898e+01,5.26050e-01,8.00353e+01,6.95905e+00,1.36956e+00,8.39138e-01,2.77368e+02,1.44745e+01,3.44282e-01,1.70927e+00,7.30588e+01
1.24585e+00,3.99982e+01,2.02984e-01,3.18794e+01,4.26319e-01,9.99471e-01,3.31452e+00,1.33976e+01,3.80382e+00,6.38114e+01,5.25987e-01,8.32742e+01,6.73625e+00,1.35868e+00,8.27291e-01,2.65308e+02,1.38495e+01,3.43718e-01,1.69555e+00,7.05430e+01
1.23721e+00,4.04202e+01,2.03104e-01,3.15808e+01,4.25932e-01,9.83644e-01,3.30656e+00,1.32261e+01,3.70912e+00,6.51764e+01,5.25438e-01,8.67054e+01,6.52823e+00,1.34917e+00,8.16501e-01,2.53854e+02,1.32622e+01,3.43208e-01,1.68233e+00,6.81068e+01
1.22954e+00,4.09379e+01,2.03209e-01,3.12814e+01,4.25487e-01,9.68487e-01,3.29515e+00,1.30683e+01,3.62137e+00,6.63466e+01,5.24487e-01,9.00844e+01,6.33468e+00,1.34079e+00,8.06671e-01,2.42960e+02,1.27111e+01,3.42764e-01,1.66942e+00,6.57384e+01
1.22286e+00,4.15352e+01,2.03312e-01,3.09821e+01,4.25084e-01,9.54013e-01,3.28027e+00,1.29263e+01,3.54020e+00,6.72111e+01,5.23085e-01,9.31914e+01,6.15391e+00,1.33346e+00,7.97746e-01,2.32616e+02,1.21935e+01,3.42363e-01,1.65679e+00,6.34334e+01
1.21704e+00,4.21928e+01,2.03420e-01,3.06824e+01,4.24755e-01,9.40207e-01,3.26196e+00,1.28011e+01,3.46536e+00,6.77132e+01,5.21244e-01,9.58731e+01,5.98535e+00,1.32710e+00,7.89691e-01,2.22802e+02,1.17058e+01,3.42052e-01,1.64463e+00,6.11870e+01
1.21199e+00,4.28800e+01,2.03462e-01,3.03838e+01,4.24332e-01,9.27040e-01,3.24001e+00,1.26961e+01,3.39615e+00,6.78419e+01,5.18983e-01,9.80558e+01,5.82836e+00,1.32166e+00,7.82386e-01,2.13480e+02,1.12467e+01,3.41755e-01,1.63276e+00,5.89939e+01
1.20769e+00,4.35708e+01,2.03553e-01,3.00863e+01,4.23928e-01,9.14545e-01,3.21479e+00,1.26109e+01,3.33220e+00,6.76179e+01,5.16339e-01,9.97343e+01,5.68220e+00,1.31694e+00,7.75869e-01,2.04641e+02,1.08140e+01,3.41544e-01,1.62136e+00,5.68579e+01
1.20399e+00,4.42327e+01,2.03627e-01,2.97918e+01,4.23522e-01,9.02731e-01,3.18623e+00,1.25478e+01,3.27326e+00,6.70862e+01,5.13371e-01,1.00968e+02,5.54595e+00,1.31295e+00,7.69961e-01,1.96243e+02,1.04060e+01,3.41356e-01,1.61010e+00,5.47787e+01
1.20085e+00,4.48456e+01,2.03704e-01,2.95006e+01,4.23119e-01,8.91524e-01,3.15476e+00,1.25073e+01,3.21904e+00,6.63028e+01,5.10033e-01,1.01844e+02,5.41912e+00,1.30965e+00,7.64675e-01,1.88279e+02,1.00207e+01,3.41191e-01,1.59937e+00,5.27582e+01
1.19829e+00,4.53920e+01,2.03754e-01,2.92124e+01,4.22626e-01,8.80980e-01,3.12064e+00,1.24889e+01,3.16922e+00,6.53281e+01,5.06425e-01,1.02462e+02,5.30149e+00,1.30696e+00,7.59922e-01,1.80724e+02,9.65698e+00,3.41033e-01,1.58886e+00,5.08016e+01
1.19608e+00,4.58566e+01,2.03809e-01,2.89305e+01,4.22077e-01,8.71087e-01,3.08432e+00,1.24917e+01,3.12339e+00,6.42205e+01,5.02569e-01,1.02928e+02,5.19218e+00,1.30481e+00,7.55690e-01,1.73555e+02,9.31237e+00,3.40881e-01,1.57875e+00,4.89065e+01
1.19442e+00,4.62353e+01,2.03892e-01,2.86551e+01,4.21586e-01,8.61701e-01,3.04609e+00,1.25136e+01,3.08129e+00,6.30535e+01,4.98480e-01,1.03330e+02,5.09070e+00,1.30316e+00,7.51921e-01,1.66752e+02,8.98687e+00,3.40792e-01,1.56892e+00,4.70742e+01
1.19307e+00,4.65278e+01,2.03969e-01,2.83859e+01,4.21154e-01,8.52878e-01,3.00668e+00,1.25509e+01,3.04271e+00,6.19346e+01,4.94219e-01,1.03736e+02,4.99647e+00,1.30195e+00,7.48540e-01,1.60302e+02,8.67822e+00,3.40676e-01,1.55940e+00,4.53077e+01
1.19203e+00,4.67389e+01,2.04006e-01,2.81252e+01,4.20753e-01,8.44605e-01,2.96616e+00,1.26003e+01,3.00743e+00,6.10736e+01,4.89793e-01,1.04194e+02,4.90923e+00,1.30119e+00,7.45594e-01,1.54175e+02,8.38570e+00,3.40572e-01,1.55021e+00,4.36087e+01
1.19119e+00,4.68763e+01,2.04031e-01,2.78746e+01,4.20312e-01,8.36825e-01,2.92505e+00,1.26574e+01,2.97514e+00,6.09058e+01,4.85252e-01,1.04723e+02,4.82880e+00,1.30075e+00,7.42915e-01,1.48368e+02,8.10839e+00,3.40466e-01,1.54126e+00,4.19758e+01
1.19063e+00,4.69454e+01,2.04050e-01,2.76487e+01,4.19904e-01,8.29613e-01,2.88386e+00,1.27160e+01,2.94581e+00,6.22599e+01,4.80667e-01,1.05316e+02,4.75427e+00,1.30059e+00,7.40571e-01,1.42855e+02,7.84495e+00,3.40314e-01,1.53274e+00,4.04051e+01
1.19032e+00,4.69597e+01,2.04043e-01,2.77066e+01,4.19504e-01,8.22833e-01,2.84262e+00,1.27708e+01,2.91904e+00,6.64025e+01,4.76049e-01,1.05949e+02,4.68562e+00,1.30060e+00,7.38462e-01,1.37627e+02,7.59528e+00,3.40182e-01,1.52436e+00,3.89003e+01
1.19017e+00,4.69266e+01,2.04037e-01,3.18888e+01,4.19081e-01,8.16514e-01,2.80165e+00,1.28185e+01,2.89459e+00,7.45242e+01,4.71410e-01,1.06584e+02,4.62215e+00,1.30100e+00,7.36630e-01,1.32667e+02,7.35808e+00,3.40074e-01,1.51634e+00,3.74596e+01
1.19009e+00,4.68550e+01,2.04052e-01,7.20747e+01,4.18654e-01,8.10649e-01,2.76145e+00,1.28544e+01,2.87230e+00,8.64943e+01,4.66756e-01,1.07177e+02,4.56356e+00,1.30153e+00,7.34977e-01,1.27962e+02,7.13271e+00,3.39964e-01,1.50844e+00,3.60789e+01
1.19019e+00,4.67516e+01,2.04089e-01,2.02876e+02,4.18119e-01,8.05194e-01,2.72202e+00,1.28765e+01,2.85216e+00,1.00091e+02,4.62152e-01,1.07686e+02,4.50958e+00,1.30219e+00,7.33564e-01,1.23502e+02,6.91870e+00,3.39903e-01,1.50089e+00,3.47584e+01
1.19040e+00,4.66245e+01,2.04119e-01,3.37878e+02,4.17546e-01,8.00165e-01,2.68357e+00,1.28826e+01,2.83377e+00,1.12218e+02,4.57616e-01,1.08077e+02,4.45980e+00,1.30302e+00,7.32242e-01,1.19270e+02,6.71506e+00,3.39812e-01,1.49349e+00,3.34971e+01
1.19072e+00,4.64777e+01,2.04101e-01,4.09464e+02,4.17025e-01,7.95538e-01,2.64608e+00,1.28726e+01,2.81709e+00,1.20891e+02,4.53164e-01,1.08328e+02,4.41380e+00,1.30388e+00,7.31102e-01,1.15258e+02,6.52170e+00,3.39723e-01,1.48640e+00,3.22911e+01
1.19103e+00,4.63145e+01,2.04045e-01,4.35537e+02,4.16517e-01,7.91161e-01,2.60960e+00,1.28473e+01,2.80194e+00,1.25788e+02,4.48767e-01,1.08436e+02,4.37127e+00,1.30490e+00,7.30075e-01,1.11452e+02,6.33789e+00,3.39599e-01,1.47943e+00,3.11388e+01
1.19142e+00,4.61393e+01,2.03974e-01,4.39080e+02,4.16076e-01,7.87129e-01,2.57425e+00,1.28088e+01,2.78820e+00,1.27586e+02,4.44468e-01,1.08411e+02,4.33199e+00,1.30602e+00,7.29155e-01,1.07843e+02,6.16339e+00,3.39458e-01,1.47275e+00,3.00380e+01
1.19187e+00,4.59507e+01,2.03909e-01,4.32664e+02,4.15594e-01,7.83377e-01,2.54011e+00,1.27599e+01,2.77573e+00,1.27215e+02,4.40293e-01,1.08288e+02,4.29588e+00,1.30712e+00,7.28298e-01,1.04420e+02,5.99732e+00,3.39302e-01,1.46619e+00,2.89874e+01
1.19237e+00,4.57502e+01,2.03849e-01,4.22172e+02,4.15083e-01,7.79940e-01,2.50719e+00,1.27059e+01,2.76430e+00,1.25464e+02,4.36225e-01,1.08128e+02,4.26222e+00,1.30831e+00,7.27530e-01,1.01169e+02,5.83987e+00,3.39098e-01,1.45983e+00,2.79838e+01
1.19291e+00,4.55377e+01,2.03812e-01,4.10196e+02,4.14558e-01,7.76852e-01,2.47540e+00,1.26526e+01,2.75383e+00,1.22901e+02,4.32270e-01,1.08040e+02,4.23076e+00,1.30943e+00,7.26824e-01,9.80847e+01,5.69005e+00,3.38939e-01,1.45364e+00,2.70268e+01
1.19341e+00,4.53157e+01,2.03719e-01,3.97886e+02,4.14001e-01,7.73919e-01,2.44470e+00,1.26096e+01,2.74413e+00,1.19886e+02,4.28478e-01,1.08192e+02,4.20199e+00,1.31054e+00,7.26162e-01,9.51490e+01,5.54787e+00,3.38762e-01,1.44764e+00,2.61139e+01
1.19393e+00,4.50820e+01,2.03613e-01,3.85689e+02,4.13421e-01,7.71217e-01,2.41526e+00,1.25877e+01,2.73529e+00,1.16648e+02,4.24886e-01,1.08830e+02,4.17501e+00,1.31169e+00,7.25612e-01,9.23528e+01,5.41281e+00,3.38557e-01,1.44196e+00,2.52428e+01
1.19439e+00,4.48393e+01,2.03528e-01,3.73799e+02,4.12812e-01,7.68812e-01,2.38691e+00,1.26011e+01,2.72701e+00,1.13323e+02,4.21395e-01,1.10273e+02,4.14971e+00,1.31297e+00,7.25040e-01,8.96875e+01,5.28474e+00,3.38301e-01,1.43633e+00,2.44113e+01
1.19488e+00,4.45856e+01,2.03458e-01,3.62265e+02,4.12204e-01,7.66527e-01,2.35963e+00,1.26682e+01,2.71935e+00,1.09993e+02,4.18051e-01,1.12873e+02,4.12643e+00,1.31402e+00,7.24503e-01,8.71445e+01,5.16333e+00,3.38072e-01,1.43088e+00,2.36179e+01
1.19533e+00,4.43238e+01,2.03321e-01,3.51125e+02,4.11629e-01,7.64457e-01,2.33336e+00,1.28101e+01,2.71216e+00,1.06707e+02,4.14865e-01,1.16920e+02,4.10451e+00,1.31515e+00,7.24046e-01,8.47100e+01,5.04803e+00,3.37824e-01,1.42567e+00,2.28607e+01
1.19573e+00,4.40536e+01,2.03198e-01,3.40369e+02,4.11043e-01,7.62506e-01,2.30807e+00,1.30485e+01,2.70541e+00,1.03489e+02,4.11847e-01,1.22503e+02,4.08379e+00,1.31627e+00,7.23573e-01,8.23704e+01,4.93888e+00,3.37558e-01,1.42058e+00,2.21371e+01
1.19602e+00,4.37766e+01,2.03095e-01,3.29997e+02,4.10450e-01,7.60717e-01,2.28369e+00,1.34023e+01,2.69914e+00,1.00358e+02,4.08986e-01,1.29411e+02,4.06451e+00,1.31732e+00,7.23129e-01,8.01252e+01,4.83544e+00,3.37300e-01,1.41573e+00,2.14466e+01
1.19637e+00,4.34925e+01,2.03040e-01,3.19981e+02,4.09885e-01,7.59069e-01,2.26036e+00,1.38826e+01,2.69316e+00,9.73188e+01,4.06259e-01,1.37116e+02,4.04650e+00,1.31835e+00,7.22703e-01,7.79611e+01,4.73765e+00,3.37017e-01,1.41092e+00,2.07876e+01
1.19661e+00,4.32017e+01,2.02919e-01,3.10325e+02,4.09291e-01,7.57508e-01,2.23781e+00,1.44825e+01,2.68744e+00,9.43817e+01,4.03660e-01,1.44885e+02,4.02957e+00,1.31922e+00,7.22249e-01,7.58701e+01,4.64486e+00,3.36716e-01,1.40638e+00,2.01583e+01
1.19695e+00,4.29074e+01,2.02734e-01,3.01006e+02,4.08646e-01,7.56095e-01,2.21614e+00,1.51763e+01,2.68214e+00,9.15397e+01,4.01207e-01,1.51985e+02,4.01379e+00,1.32004e+00,7.21889e-01,7.38491e+01,4.55723e+00,3.36445e-01,1.40216e+00,1.95573e+01
1.19725e+00,4.26082e+01,2.02558e-01,2.92010e+02,4.08010e-01,7.54716e-01,2.19531e+00,1.59191e+01,2.67714e+00,8.87994e+01,3.98908e-01,1.57869e+02,3.99908e+00,1.32080e+00,7.21494e-01,7.18881e+01,4.47466e+00,3.36139e-01,1.39784e+00,1.89836e+01
1.19752e+00,4.23079e+01,2.02363e-01,2.83349e+02,4.07379e-01,7.53508e-01,2.17532e+00,1.66543e+01,2.67235e+00,8.61556e+01,3.96753e-01,1.62245e+02,3.98765e+00,1.32157e+00,7.21062e-01,6.99860e+01,4.39636e+00,3.35782e-01,1.39381e+00,1.84357e+01
1.19774e+00,4.20041e+01,2.02179e-01,2.75009e+02,4.06688e-01,7.52298e-01,2.15599e+00,1.73292e+01,2.66791e+00,8.36096e+01,3.94723e-01,1.65063e+02,4.02121e+00,1.32222e+00,7.20650e-01,6.81318e+01,4.32276e+00,3.35424e-01,1.38993e+00,1.79116e+01
1.19797e+00,4.16998e+01,2.02038e-01,2.66973e+02,4.05995e-01,7.51202e-01,2.13741e+00,1.79021e+01,2.66373e+00,8.11562e+01,3.92817e-01,1.66454e+02,4.04646e+00,1.32277e+00,7.20193e-01,6.63291e+01,4.25319e+00,3.35064e-01,1.38615e+00,1.74113e+01
1.19818e+00,4.13954e+01,2.01911e-01,2.59262e+02,4.05365e-01,7.50147e-01,2.11955e+00,1.83481e+01,2.65985e+00,7.87945e+01,3.91010e-01,1.66641e+02,4.08045e+00,1.32332e+00,7.19740e-01,6.45739e+01,4.18769e+00,3.34696e-01,1.38255e+00,1.69359e+01
1.19829e+00,4.10918e+01,2.01703e-01,2.51854e+02,4.04741e-01,7.49168e-01,2.10229e+00,1.86619e+01,2.65623e+00,7.65211e+01,3.89281e-01,1.65876e+02,4.12925e+00,1.32382e+00,7.19287e-01,6.28599e+01,4.12608e+00,3.34327e-01,1.37905e+00,1.64814e+01
1.19842e+00,4.07879e+01,2.01488e-01,2.44776e+02,4.04129e-01,7.48245e-01,2.08570e+00,1.88496e+01,2.65291e+00,7.43340e+01,3.87688e-01,1.64391e+02,4.14641e+00,1.32427e+00,7.18831e-01,6.11905e+01,4.06817e+00,3.33944e-01,1.37572e+00,1.60468e+01
1.19846e+00,4.04865e+01,2.01303e-01,2.38017e+02,4.03493e-01,7.47362e-01,2.06975e+00,1.89247e+01,2.64977e+00,7.22296e+01,3.86256e-01,1.62388e+02,4.13191e+00,1.32476e+00,7.18372e-01,5.95642e+01,4.01375e+00,3.33558e-01,1.37261e+00,1.56301e+01
1.19850e+00,4.01833e+01,2.01120e-01,2.31589e+02,4.02807e-01,7.46516e-01,2.05446e+00,1.89057e+01,2.64698e+00,7.02041e+01,3.84848e-01,1.60030e+02,4.10274e+00,1.32503e+00,7.17943e-01,5.79739e+01,3.96264e+00,3.33142e-01,1.36949e+00,1.52312e+01
1.19854e+00,3.98837e+01,2.00960e-01,2.25501e+02,4.02213e-01,7.45710e-01,2.03978e+00,1.88097e+01,2.64437e+00,6.82555e+01,3.83554e-01,1.57439e+02,4.06941e+00,1.32539e+00,7.17441e-01,5.64270e+01,3.91481e+00,3.32736e-01,1.36656e+00,1.48489e+01
1.19845e+00,3.95861e+01,2.00747e-01,2.19755e+02,4.01564e-01,7.44932e-01,2.02572e+00,1.86538e+01,2.64204e+00,6.63789e+01,3.82376e-01,1.54706e+02,4.03905e+00,1.32560e+00,7.17017e-01,5.49186e+01,3.87020e+00,3.32359e-01,1.36369e+00,1.44831e+01
1.19836e+00,3.92899e+01,2.00536e-01,2.14329e+02,4.00929e-01,7.44097e-01,2.01225e+00,1.84522e+01,2.63981e+00,6.45762e+01,3.81281e-01,1.51901e+02,4.01553e+00,1.32582e+00,7.16484e-01,5.34483e+01,3.82869e+00,3.31969e-01,1.36090e+00,1.41331e+01
1.19815e+00,3.89929e+01,2.00337e-01,2.09201e+02,4.00185e-01,7.43339e-01,1.99929e+00,1.82171e+01,2.63777e+00,6.28410e+01,3.80246e-01,1.49067e+02,4.00100e+00,1.32594e+00,7.15978e-01,5.20185e+01,3.78989e+00,3.31535e-01,1.35824e+00,1.37982e+01
1.19794e+00,3.87004e+01,2.00132e-01,2.04333e+02,3.99522e-01,7.42612e-01,1.98691e+00,1.79582e+01,2.63593e+00,6.11709e+01,3.79265e-01,1.46240e+02,3.99681e+00,1.32600e+00,7.15444e-01,5.06271e+01,3.75375e+00,3.31118e-01,1.35574e+00,1.34781e+01
1.19768e+00,3.84189e+01,1.99870e-01,1.99681e+02,3.98895e-01,7.41846e-01,1.97500e+00,1.76817e+01,2.63432e+00,5.95650e+01,3.78358e-01,1.43440e+02,4.00467e+00,1.32591e+00,7.14928e-01,4.92730e+01,3.72023e+00,3.30703e-01,1.35343e+00,1.31714e+01
1.19738e+00,3.81879e+01,1.99573e-01,1.95181e+02,3.98278e-01,7.41114e-01,1.96368e+00,1.73950e+01,2.63270e+00,5.80175e+01,3.77521e-01,1.40683e+02,4.02500e+00,1.32586e+00,7.14431e-01,4.79582e+01,3.68910e+00,3.30282e-01,1.35105e+00,1.28775e+01
1.19694e+00,3.82424e+01,1.99341e-01,1.90800e+02,3.97671e-01,7.40395e-01,1.95277e+00,1.71015e+01,2.63127e+00,5.65288e+01,3.76748e-01,1.37980e+02,4.05817e+00,1.32581e+00,7.13915e-01,4.66808e+01,3.66039e+00,3.29846e-01,1.34871e+00,1.25963e+01
1.19673e+00,4.00259e+01,1.99081e-01,1.86506e+02,3.97015e-01,7.39641e-01,1.94250e+00,1.68053e+01,2.62996e+00,5.50960e+01,3.76022e-01,1.35334e+02,4.10367e+00,1.32559e+00,7.13349e-01,4.54410e+01,3.63376e+00,3.29376e-01,1.34647e+00,1.23264e+01
1.19634e+00,5.27145e+01,1.98852e-01,1.82274e+02,3.96322e-01,7.38929e-01,1.93263e+00,1.65094e+01,2.62877e+00,5.37183e+01,3.75336e-01,1.32753e+02,4.15994e+00,1.32548e+00,7.12800e-01,4.42375e+01,3.60942e+00,3.28909e-01,1.34438e+00,1.20683e+01
1.19604e+00,1.11055e+02,1.98602e-01,1.78104e+02,3.95635e-01,7.38230e-01,1.92317e+00,1.62146e+01,2.62757e+00,5.23914e+01,3.74688e-01,1.30232e+02,4.22309e+00,1.32524e+00,7.12231e-01,4.30697e+01,3.58699e+00,3.28417e-01,1.34227e+00,1.18210e+01
1.19575e+00,2.19405e+02,1.98334e-01,1.73984e+02,3.94949e-01,7.37557e-01,1.91423e+00,1.59223e+01,2.62633e+00,5.11147e+01,3.74068e-01,1.27780e+02,4.29091e+00,1.32480e+00,7.11708e-01,4.19384e+01,3.56658e+00,3.27891e-01,1.34024e+00,1.15831e+01
1.19542e+00,3.05248e+02,1.98075e-01,1.69939e+02,3.94267e-01,7.36856e-01,1.90568e+00,1.56350e+01,2.62532e+00,4.98852e+01,3.73467e-01,1.25389e+02,4.36064e+00,1.32425e+00,7.11156e-01,4.08416e+01,3.54785e+00,3.27408e-01,1.33830e+00,1.13547e+01
1.19503e+00,3.48280e+02,1.97781e-01,1.65962e+02,3.93568e-01,7.36201e-01,1.89748e+00,1.53524e+01,2.62423e+00,4.87020e+01,3.72915e-01,1.23066e+02,4.43042e+00,1.32379e+00,7.10555e-01,3.97788e+01,3.53087e+00,3.26876e-01,1.33631e+00,1.11358e+01
1.19453e+00,3.64930e+02,1.97493e-01,1.62065e+02,3.92846e-01,7.35536e-01,1.88983e+00,1.50750e+01,2.62314e+00,4.75625e+01,3.72427e-01,1.20805e+02,4.49964e+00,1.32332e+00,7.10004e-01,3.87489e+01,3.51543e+00,3.26391e-01,1.33437e+00,1.09256e+01
1.19400e+00,3.68472e+02,1.97238e-01,1.58260e+02,3.92171e-01,7.34761e-01,1.88255e+00,1.48044e+01,2.62205e+00,4.64646e+01,3.71947e-01,1.18607e+02,4.56681e+00,1.32278e+00,7.09492e-01,3.77532e+01,3.50160e+00,3.25907e-01,1.33256e+00,1.07240e+01
1.19337e+00,3.65735e+02,1.96967e-01,1.54546e+02,3.91489e-01,7.34078e-01,1.87564e+00,1.45394e+01,2.62090e+00,4.54074e+01,3.71458e-01,1.16469e+02,4.63053e+00,1.32213e+00,7.08932e-01,3.67879e+01,3.48913e+00,3.25417e-01,1.33074e+00,1.05305e+01
1.19276e+00,3.59980e+02,1.96686e-01,1.50929e+02,3.90790e-01,7.33356e-01,1.86902e+00,1.42807e+01,2.61958e+00,4.43892e+01,3.70978e-01,1.14391e+02,4.68906e+00,1.32140e+00,7.08388e-01,3.58543e+01,3.47791e+00,3.24917e-01,1.32897e+00,1.03448e+01
1.19214e+00,3.52841e+02,1.96389e-01,1.47420e+02,3.90149e-01,7.32619e-01,1.86275e+00,1.40288e+01,2.61826e+00,4.34078e+01,3.70531e-01,1.12371e+02,4.74226e+00,1.32066e+00,7.07795e-01,3.49493e+01,3.46795e+00,3.24401e-01,1.32726e+00,1.01673e+01
1.19144e+00,3.45093e+02,1.96060e-01,1.44010e+02,3.89495e-01,7.31890e-01,1.85674e+00,1.37835e+01,2.61700e+00,4.24638e+01,3.70105e-01,1.10410e+02,4.78945e+00,1.31984e+00,7.07153e-01,3.40752e+01,3.45904e+00,3.23896e-01,1.32543e+00,9.99653e+00
1.19073e+00,3.37168e+02,1.95753e-01,1.40709e+02,3.88802e-01,7.31165e-01,1.85107e+00,1.35449e+01,2.61570e+00,4.15539e+01,3.69671e-01,1.08502e+02,4.83183e+00,1.31902e+00,7.06535e-01,3.32293e+01,3.45128e+00,3.23356e-01,1.32377e+00,9.83296e+00
1.19010e+00,3.29234e+02,1.95486e-01,1.37505e+02,3.88139e-01,7.30428e-01,1.84572e+00,1.33125e+01,2.61443e+00,4.06775e+01,3.69261e-01,1.06650e+02,4.87101e+00,1.31812e+00,7.05923e-01,3.24100e+01,3.44441e+00,3.22793e-01,1.32216e+00,9.67658e+00
1.18946e+00,3.21410e+02,1.95199e-01,1.34409e+02,3.87424e-01,7.29701e-01,1.84070e+00,1.30868e+01,2.61297e+00,3.98323e+01,3.68876e-01,1.04851e+02,4.90799e+00,1.31721e+00,7.05263e-01,3.16174e+01,3.43853e+00,3.22295e-01,1.32040e+00,9.52611e+00
1.18885e+00,3.13762e+02,1.94925e-01,1.31409e+02,3.86726e-01,7.28915e-01,1.83582e+00,1.28680e+01,2.61148e+00,3.90176e+01,3.68474e-01,1.03109e+02,4.94369e+00,1.31626e+00,7.04605e-01,3.08512e+01,3.43356e+00,3.21751e-01,1.31875e+00,9.38219e+00
1.18822e+00,3.06293e+02,1.94628e-01,1.28511e+02,3.86019e-01,7.28121e-01,1.83126e+00,1.26552e+01,2.60982e+00,3.82337e+01,3.68068e-01,1.01435e+02,4.97761e+00,1.31531e+00,7.03956e-01,3.01099e+01,3.42908e+00,3.21189e-01,1.31716e+00,9.24444e+00
1.18779e+00,2.99025e+02,1.94344e-01,1.25703e+02,3.85268e-01,7.27346e-01,1.82691e+00,1.24488e+01,2.60806e+00,3.74778e+01,3.67679e-01,9.99110e+01,5.00886e+00,1.31435e+00,7.03296e-01,2.93929e+01,3.42528e+00,3.20633e-01,1.31545e+00,9.11263e+00
1.18745e+00,2.91963e+02,1.94014e-01,1.22986e+02,3.84621e-01,7.26606e-01,1.82272e+00,1.22482e+01,2.60626e+00,3.67486e+01,3.67328e-01,9.88786e+01,5.03539e+00,1.31336e+00,7.02663e-01,2.86997e+01,3.42208e+00,3.20078e-01,1.31380e+00,8.98627e+00
1.18716e+00,2.85119e+02,1.93671e-01,1.20358e+02,3.83949e-01,7.25888e-01,1.81879e+00,1.20534e+01,2.60436e+00,3.60447e+01,3.66982e-01,9.95520e+01,5.05530e+00,1.31238e+00,7.02006e-01,2.80290e+01,3.41936e+00,3.19534e-01,1.31218e+00,8.86582e+00
1.18697e+00,2.78483e+02,1.93331e-01,1.17818e+02,3.83266e-01,7.25126e-01,1.81503e+00,1.18648e+01,2.60243e+00,3.53679e+01,3.66631e-01,1.05331e+02,5.06629e+00,1.31133e+00,7.01356e-01,2.73790e+01,3.41692e+00,3.18997e-01,1.31049e+00,8.75026e+00
1.18698e+00,2.72044e+02,1.93003e-01,1.15359e+02,3.82576e-01,7.24341e-01,1.81150e+00,1.16823e+01,2.60060e+00,3.47134e+01,3.66247e-01,1.22980e+02,5.06782e+00,1.31025e+00,7.00751e-01,2.67511e+01,3.41508e+00,3.18478e-01,1.30873e+00,8.64025e+00
1.18701e+00,2.65823e+02,1.92669e-01,1.12975e+02,3.81856e-01,7.23609e-01,1.80806e+00,1.15054e+01,2.59858e+00,3.40823e+01,3.65885e-01,1.59727e+02,5.05864e+00,1.30914e+00,7.00156e-01,2.61441e+01,3.41352e+00,3.17927e-01,1.30693e+00,8.53479e+00
1.18710e+00,2.59809e+02,1.92385e-01,1.10668e+02,3.81098e-01,7.22860e-01,1.80484e+00,1.13337e+01,2.59652e+00,3.34749e+01,3.65551e-01,2.14170e+02,5.03974e+00,1.30806e+00,6.99490e-01,2.55567e+01,3.41255e+00,3.17368e-01,1.30522e+00,8.43457e+00
1.18715e+00,2.54004e+02,1.92048e-01,1.08430e+02,3.80406e-01,7.22100e-01,1.80188e+00,1.11677e+01,2.59440e+00,3.28884e+01,3.65177e-01,2.72999e+02,5.01128e+00,1.30694e+00,6.98772e-01,2.49885e+01,3.41175e+00,3.16823e-01,1.30346e+00,8.33920e+00
1.18740e+00,2.48391e+02,1.91680e-01,1.06265e+02,3.79724e-01,7.21310e-01,1.79888e+00,1.10072e+01,2.59220e+00,3.23224e+01,3.64777e-01,3.21707e+02,4.97508e+00,1.30584e+00,6.98025e-01,2.44385e+01,3.41107e+00,3.16274e-01,1.30180e+00,8.24803e+00
1.18747e+00,2.42986e+02,1.91358e-01,1.04160e+02,3.78981e-01,7.20517e-01,1.79605e+00,1.08513e+01,2.59013e+00,3.17761e+01,3.64405e-01,3.54162e+02,4.93209e+00,1.30475e+00,6.97284e-01,2.39065e+01,3.41081e+00,3.15723e-01,1.30022e+00,8.16216e+00
1.18760e+00,2.37781e+02,1.91041e-01,1.02117e+02,3.78335e-01,7.19710e-01,1.79337e+00,1.07014e+01,2.58779e+00,3.12484e+01,3.64009e-01,3.71748e+02,4.88398e+00,1.30366e+00,6.96497e-01,2.33922e+01,3.41068e+00,3.15161e-01,1.29865e+00,8.07995e+00
1.18762e+00,2.32755e+02,1.90725e-01,1.00132e+02,3.77652e-01,7.18938e-01,1.79079e+00,1.05561e+01,2.58531e+00,3.07390e+01,3.63607e-01,3.78688e+02,4.83221e+00,1.30254e+00,6.95721e-01,2.28939e+01,3.41046e+00,3.14597e-01,1.29715e+00,8.00229e+00
1.18750e+00,2.27921e+02,1.90400e-01,9.82033e+01,3.76995e-01,7.18177e-01,1.78824e+00,1.04157e+01,2.58281e+00,3.02474e+01,3.63204e-01,3.78971e+02,4.77781e+00,1.30136e+00,6.94975e-01,2.24122e+01,3.41041e+00,3.14019e-01,1.29571e+00,7.92896e+00
1.18725e+00,2.23255e+02,1.90071e-01,9.63227e+01,3.76343e-01,7.17376e-01,1.78581e+00,1.02802e+01,2.58031e+00,2.97725e+01,3.62822e-01,3.75445e+02,4.72231e+00,1.30019e+00,6.94217e-01,2.19458e+01,3.41041e+00,3.13441e-01,1.29430e+00,7.85942e+00
1.18682e+00,2.18767e+02,1.89745e-01,9.44953e+01,3.75683e-01,7.16576e-01,1.78336e+00,1.01498e+01,2.57773e+00,2.93136e+01,3.62452e-01,3.69883e+02,4.66610e+00,1.29900e+00,6.93446e-01,2.14943e+01,3.41038e+00,3.12880e-01,1.29286e+00,7.79451e+00
1.18621e+00,2.14411e+02,1.89398e-01,9.27144e+01,3.74993e-01,7.15799e-01,1.78117e+00,1.00237e+01,2.57514e+00,2.88705e+01,3.62063e-01,3.63310e+02,4.61034e+00,1.29780e+00,6.92737e-01,2.10574e+01,3.41039e+00,3.12332e-01,1.29136e+00,7.73318e+00
1.18529e+00,2.10213e+02,1.89096e-01,9.09766e+01,3.74276e-01,7.15011e-01,1.77898e+00,9.90254e+00,2.57247e+00,2.84424e+01,3.61655e-01,3.56292e+02,4.55563e+00,1.29649e+00,6.91992e-01,2.06341e+01,3.41061e+00,3.11758e-01,1.28964e+00,7.67606e+00
1.18415e+00,2.06131e+02,1.88811e-01,8.92824e+01,3.73605e-01,7.14183e-01,1.77686e+00,9.78553e+00,2.56973e+00,2.80291e+01,3.61250e-01,3.49132e+02,4.50206e+00,1.29498e+00,6.91258e-01,2.02251e+01,3.41077e+00,3.11221e-01,1.28820e+00,7.62239e+00
1.18272e+00,2.02167e+02,1.88508e-01,8.76328e+01,3.72953e-01,7.13387e-01,1.77473e+00,9.67253e+00,2.56688e+00,2.76289e+01,3.60896e-01,3.41994e+02,4.45050e+00,1.29359e+00,6.90493e-01,1.98287e+01,3.41086e+00,3.10681e-01,1.28662e+00,7.57255e+00
1.18104e+00,1.98317e+02,1.88153e-01,8.60169e+01,3.72273e-01,7.12600e-01,1.77276e+00,9.56425e+00,2.56407e+00,2.72420e+01,3.60566e-01,3.34955e+02,4.40093e+00,1.29205e+00,6.89759e-01,1.94455e+01,3.41088e+00,3.10136e-01,1.28503e+00,7.52618e+00
1.17916e+00,1.94554e+02,1.87841e-01,8.44418e+01,3.71554e-01,7.11789e-01,1.77078e+00,9.46043e+00,2.56121e+00,2.68690e+01,3.60173e-01,3.28059e+02,4.35381e+00,1.29040e+00,6.88991e-01,1.90742e+01,3.41094e+00,3.09584e-01,1.28353e+00,7.48350e+00
1.17710e+00,1.90876e+02,1.87536e-01,8.29007e+01,3.70890e-01,7.10948e-01,1.76888e+00,9.36018e+00,2.55825e+00,2.65068e+01,3.59762e-01,3.21327e+02,4.30918e+00,1.28873e+00,6.88215e-01,1.87146e+01,3.41090e+00,3.09010e-01,1.28195e+00,7.44381e+00
1.17492e+00,1.87281e+02,1.87201e-01,8.13968e+01,3.70250e-01,7.10103e-01,1.76708e+00,9.26395e+00,2.55527e+00,2.61572e+01,3.59360e-01,3.14774e+02,4.26692e+00,1.28698e+00,6.87441e-01,1.83661e+01,3.41086e+00,3.08423e-01,1.28037e+00,7.40758e+00
1.17265e+00,1.83758e+02,1.86823e-01,7.99242e+01,3.69580e-01,7.09278e-01,1.76522e+00,9.17182e+00,2.55226e+00,2.58184e+01,3.58964e-01,3.08402e+02,4.22759e+00,1.28521e+00,6.86647e-01,1.80291e+01,3.41068e+00,3.07847e-01,1.27880e+00,7.37449e+00
1.17030e+00,1.80301e+02,1.86508e-01,7.84852e+01,3.68827e-01,7.08471e-01,1.76328e+00,9.08369e+00,2.54919e+00,2.54906e+01,3.58577e-01,3.02213e+02,4.19050e+00,1.28343e+00,6.85882e-01,1.77023e+01,3.41038e+00,3.07289e-01,1.27720e+00,7.34488e+00
1.16789e+00,1.76913e+02,1.86176e-01,7.70816e+01,3.68165e-01,7.07701e-01,1.76143e+00,8.99859e+00,2.54601e+00,2.51743e+01,3.58195e-01,2.96200e+02,4.15647e+00,1.28157e+00,6.85173e-01,1.73857e+01,3.41002e+00,3.06757e-01,1.27557e+00,7.31814e+00
1.16546e+00,1.73589e+02,1.85794e-01,7.57064e+01,3.67470e-01,7.06898e-01,1.75966e+00,8.91714e+00,2.54275e+00,2.48673e+01,3.57809e-01,2.90368e+02,4.12475e+00,1.27967e+00,6.84422e-01,1.70789e+01,3.40960e+00,3.06241e-01,1.27398e+00,7.29470e+00
1.16303e+00,1.70330e+02,1.85483e-01,7.43606e+01,3.66801e-01,7.06057e-01,1.75792e+00,8.83956e+00,2.53953e+00,2.45704e+01,3.57409e-01,2.84721e+02,4.09552e+00,1.27771e+00,6.83666e-01,1.67821e+01,3.40904e+00,3.05694e-01,1.27244e+00,7.27453e+00
1.16064e+00,1.67133e+02,1.85177e-01,7.30461e+01,3.66116e-01,7.05220e-01,1.75616e+00,8.76512e+00,2.53625e+00,2.42833e+01,3.56988e-01,2.79243e+02,4.06861e+00,1.27575e+00,6.82912e-01,1.64938e+01,3.40851e+00,3.05123e-01,1.27085e+00,7.25784e+00
1.15830e+00,1.64001e+02,1.84776e-01,7.17622e+01,3.65400e-01,7.04418e-01,1.75444e+00,8.69357e+00,2.53298e+00,2.40046e+01,3.56565e-01,2.73940e+02,4.04369e+00,1.27376e+00,6.82154e-01,1.62149e+01,3.40763e+00,3.04564e-01,1.26930e+00,7.24445e+00
1.15601e+00,1.60937e+02,1.84391e-01,7.05056e+01,3.64732e-01,7.03656e-01,1.75275e+00,8.62547e+00,2.52972e+00,2.37347e+01,3.56180e-01,2.68801e+02,4.02078e+00,1.27178e+00,6.81370e-01,1.59446e+01,3.40686e+00,3.04006e-01,1.26773e+00,7.23425e+00
1.15369e+00,1.57935e+02,1.84071e-01,6.92760e+01,3.64074e-01,7.02848e-01,1.75107e+00,8.56001e+00,2.52639e+00,2.34736e+01,3.55824e-01,2.63822e+02,3.99966e+00,1.26984e+00,6.80632e-01,1.56825e+01,3.40597e+00,3.03431e-01,1.26622e+00,7.22712e+00
1.15152e+00,1.55003e+02,1.83732e-01,6.80744e+01,3.63425e-01,7.02037e-01,1.74934e+00,8.49734e+00,2.52306e+00,2.32202e+01,3.55453e-01,2.59002e+02,3.98019e+00,1.26787e+00,6.79888e-01,1.54281e+01,3.40502e+00,3.02858e-01,1.26461e+00,7.22308e+00
1.14938e+00,1.52132e+02,1.83410e-01,6.69006e+01,3.62801e-01,7.01205e-01,1.74762e+00,8.43762e+00,2.51961e+00,2.29747e+01,3.55093e-01,2.54326e+02,3.96193e+00,1.26596e+00,6.79152e-01,1.51821e+01,3.40405e+00,3.02294e-01,1.26308e+00,7.22129e+00
1.14731e+00,1.49328e+02,1.83090e-01,6.57529e+01,3.62085e-01,7.00419e-01,1.74594e+00,8.38005e+00,2.51622e+00,2.27373e+01,3.54683e-01,2.49800e+02,3.94516e+00,1.26403e+00,6.78376e-01,1.49435e+01,3.40279e+00,3.01726e-01,1.26158e+00,7.22166e+00
1.14528e+00,1.46595e+02,1.82763e-01,6.46310e+01,3.61442e-01,6.99551e-01,1.74415e+00,8.32497e+00,2.51281e+00,2.25063e+01,3.54288e-01,2.45396e+02,3.92926e+00,1.26216e+00,6.77583e-01,1.47119e+01,3.40158e+00,3.01149e-01,1.26007e+00,7.22352e+00
1.14331e+00,1.43922e+02,1.82455e-01,6.35349e+01,3.60803e-01,6.98677e-01,1.74250e+00,8.27189e+00,2.50924e+00,2.22830e+01,3.53932e-01,2.41120e+02,3.91462e+00,1.26021e+00,6.76836e-01,1.44873e+01,3.40011e+00,3.00605e-01,1.25846e+00,7.22581e+00
1.14131e+00,1.41317e+02,1.82136e-01,6.24661e+01,3.60182e-01,6.97834e-01,1.74082e+00,8.22091e+00,2.50575e+00,2.20664e+01,3.53583e-01,2.36962e+02,3.90087e+00,1.25832e+00,6.76047e-01,1.42698e+01,3.39879e+00,3.00066e-01,1.25689e+00,7.22860e+00
1.13948e+00,1.38775e+02,1.81784e-01,6.14205e+01,3.59514e-01,6.96987e-01,1.73902e+00,8.17207e+00,2.50224e+00,2.18561e+01,3.53214e-01,2.32919e+02,3.88784e+00,1.25631e+00,6.75254e-01,1.40594e+01,3.39713e+00,2.99521e-01,1.25542e+00,7.23075e+00
1.13754e+00,1.36298e+02,1.81431e-01,6.03998e+01,3.58849e-01,6.96150e-01,1.73737e+00,8.12493e+00,2.49869e+00,2.16516e+01,3.52823e-01,2.28973e+02,3.87541e+00,1.25443e+00,6.74437e-01,1.38547e+01,3.39562e+00,2.98957e-01,1.25384e+00,7.23181e+00
1.13579e+00,1.33876e+02,1.81123e-01,5.94055e+01,3.58167e-01,6.95327e-01,1.73559e+00,8.07989e+00,2.49515e+00,2.14539e+01,3.52447e-01,2.25126e+02,3.86393e+00,1.25242e+00,6.73622e-01,1.36567e+01,3.39395e+00,2.98421e-01,1.25227e+00,7.23167e+00
1.13397e+00,1.31522e+02,1.80790e-01,5.84315e+01,3.57571e-01,6.94454e-01,1.73390e+00,8.03605e+00,2.49155e+00,2.12612e+01,3.52079e-01,2.21366e+02,3.85280e+00,1.25047e+00,6.72836e-01,1.34642e+01,3.39213e+00,2.97856e-01,1.25066e+00,7.22991e+00
1.13221e+00,1.29225e+02,1.80480e-01,5.74827e+01,3.56965e-01,6.93590e-01,1.73224e+00,7.99413e+00,2.48792e+00,2.10743e+01,3.51692e-01,2.17687e+02,3.84233e+00,1.24858e+00,6.72042e-01,1.32775e+01,3.39029e+00,2.97283e-01,1.24903e+00,7.22636e+00
1.13041e+00,1.26988e+02,1.80140e-01,5.65558e+01,3.56357e-01,6.92764e-01,1.73057e+00,7.95348e+00,2.48432e+00,2.08930e+01,3.51312e-01,2.14086e+02,3.83222e+00,1.24673e+00,6.71273e-01,1.30969e+01,3.38833e+00,2.96706e-01,1.24748e+00,7.22143e+00
1.12861e+00,1.24811e+02,1.79742e-01,5.56507e+01,3.55634e-01,6.91941e-01,1.72899e+00,7.91429e+00,2.48075e+00,2.07169e+01,3.50926e-01,2.10561e+02,3.82273e+00,1.24477e+00,6.70507e-01,1.29212e+01,3.38628e+00,2.96115e-01,1.24591e+00,7.21580e+00
1.12688e+00,1.22688e+02,1.79481e-01,5.47676e+01,3.55069e-01,6.91123e-01,1.72731e+00,7.87635e+00,2.47708e+00,2.05456e+01,3.50518e-01,2.07105e+02,3.81337e+00,1.24284e+00,6.69709e-01,1.27514e+01,3.38420e+00,2.95528e-01,1.24433e+00,7.20980e+00
1.12514e+00,1.20612e+02,1.79165e-01,5.39056e+01,3.54442e-01,6.90267e-01,1.72560e+00,7.83971e+00,2.47331e+00,2.03799e+01,3.50116e-01,2.03723e+02,3.80426e+00,1.24093e+00,6.68960e-01,1.25869e+01,3.38208e+00,2.94989e-01,1.24279e+00,7.20383e+00
1.12349e+00,1.18592e+02,1.78845e-01,5.30664e+01,3.53837e-01,6.89457e-01,1.72393e+00,7.80419e+00,2.46964e+00,2.02180e+01,3.49730e-01,2.00403e+02,3.79553e+00,1.23906e+00,6.68231e-01,1.24268e+01,3.37985e+00,2.94481e-01,1.24132e+00,7.19930e+00
1.12184e+00,1.16622e+02,1.78509e-01,5.22474e+01,3.53135e-01,6.88604e-01,1.72233e+00,7.76997e+00,2.46599e+00,2.00607e+01,3.49382e-01,1.97151e+02,3.78703e+00,1.23704e+00,6.67470e-01,1.22719e+01,3.37759e+00,2.93948e-01,1.23988e+00,7.19647e+00
1.12012e+00,1.14702e+02,1.78168e-01,5.14480e+01,3.52482e-01,6.87783e-01,1.72053e+00,7.73642e+00,2.46226e+00,1.99081e+01,3.49013e-01,1.93961e+02,3.77890e+00,1.23507e+00,6.66658e-01,1.21216e+01,3.37520e+00,2.93419e-01,1.23827e+00,7.19647e+00
1.11841e+00,1.12827e+02,1.77854e-01,5.06685e+01,3.51861e-01,6.86904e-01,1.71875e+00,7.70395e+00,2.45848e+00,1.97600e+01,3.48616e-01,1.90836e+02,3.77060e+00,1.23305e+00,6.65844e-01,1.19759e+01,3.37292e+00,2.92868e-01,1.23682e+00,7.19921e+00
1.11669e+00,1.10995e+02,1.77521e-01,4.99066e+01,3.51297e-01,6.86056e-01,1.71701e+00,7.67227e+00,2.45472e+00,1.96157e+01,3.48225e-01,1.87772e+02,3.76275e+00,1.23105e+00,6.65067e-01,1.18346e+01,3.37047e+00,2.92305e-01,1.23541e+00,7.20574e+00
1.11493e+00,1.09209e+02,1.77185e-01,4.91642e+01,3.50742e-01,6.85229e-01,1.71527e+00,7.64185e+00,2.45092e+00,1.94756e+01,3.47831e-01,1.84769e+02,3.75503e+00,1.22908e+00,6.64348e-01,1.16982e+01,3.36792e+00,2.91749e-01,1.23395e+00,7.21673e+00
1.11332e+00,1.07468e+02,1.76868e-01,4.84406e+01,3.50149e-01,6.84408e-01,1.71341e+00,7.61219e+00,2.44712e+00,1.93395e+01,3.47437e-01,1.81829e+02,3.74737e+00,1.22719e+00,6.63515e-01,1.15656e+01,3.36549e+00,2.91183e-01,1.23251e+00,7.23175e+00
1.11159e+00,1.05766e+02,1.76567e-01,4.77338e+01,3.49466e-01,6.83602e-01,1.71168e+00,7.58375e+00,2.44336e+00,1.92066e+01,3.47027e-01,1.78952e+02,3.73967e+00,1.22516e+00,6.62714e-01,1.14372e+01,3.36288e+00,2.90627e-01,1.23112e+00,7.25147e+00
1.10998e+00,1.04102e+02,1.76252e-01,4.70453e+01,3.48812e-01,6.82787e-01,1.70993e+00,7.55598e+00,2.43959e+00,1.90782e+01,3.46635e-01,1.76133e+02,3.73220e+00,1.22320e+00,6.61984e-01,1.13132e+01,3.36041e+00,2.90079e-01,1.22965e+00,7.27536e+00
1.10832e+00,1.02475e+02,1.75916e-01,4.63736e+01,3.48228e-01,6.81944e-01,1.70813e+00,7.52884e+00,2.43578e+00,1.89532e+01,3.46252e-01,1.73376e+02,3.72461e+00,1.22125e+00,6.61168e-01,1.11930e+01,3.35769e+00,2.89524e-01,1.22827e+00,7.30306e+00
1.10663e+00,1.00882e+02,1.75596e-01,4.57165e+01,3.47584e-01,6.81097e-01,1.70639e+00,7.50265e+00,2.43198e+00,1.88313e+01,3.45829e-01,1.70679e+02,3.71721e+00,1.21927e+00,6.60422e-01,1.10770e+01,3.35510e+00,2.88978e-01,1.22684e+00,7.33430e+00
1.10494e+00,9.93279e+01,1.75272e-01,4.50765e+01,3.46960e-01,6.80273e-01,1.70463e+00,7.47748e+00,2.42806e+00,1.87135e+01,3.45446e-01,1.68040e+02,3.70973e+00,1.21721e+00,6.59640e-01,1.09647e+01,3.35247e+00,2.88482e-01,1.22537e+00,7.36816e+00
1.10319e+00,9.78072e+01,1.74953e-01,4.44512e+01,3.46286e-01,6.79424e-01,1.70287e+00,7.45283e+00,2.42407e+00,1.85977e+01,3.45069e-01,1.65460e+02,3.70253e+00,1.21513e+00,6.58837e-01,1.08557e+01,3.34980e+00,2.87949e-01,1.22409e+00,7.40405e+00
1.10144e+00,9.63221e+01,1.74626e-01,4.38421e+01,3.45637e-01,6.78621e-01,1.70103e+00,7.42914e+00,2.42019e+00,1.84863e+01,3.45451e-01,1.62940e+02,3.69521e+00,1.21319e+00,6.58034e-01,1.07511e+01,3.34722e+00,2.87369e-01,1.22267e+00,7.44144e+00
1.09974e+00,9.48681e+01,1.74308e-01,4.32469e+01,3.44983e-01,6.77765e-01,1.69917e+00,7.40599e+00,2.41633e+00,1.83776e+01,3.46040e-01,1.60474e+02,3.68801e+00,1.21125e+00,6.57249e-01,1.06495e+01,3.34455e+00,2.86799e-01,1.22119e+00,7.47883e+00
1.09799e+00,9.34392e+01,1.74000e-01,4.26668e+01,3.44361e-01,6.76913e-01,1.69738e+00,7.38392e+00,2.41244e+00,1.82728e+01,3.46656e-01,1.58063e+02,3.68096e+00,1.20925e+00,6.56482e-01,1.05521e+01,3.34188e+00,2.86239e-01,1.22138e+00,7.51548e+00
1.09632e+00,9.20422e+01,1.73677e-01,4.20999e+01,3.43800e-01,6.76068e-01,1.69554e+00,7.36247e+00,2.41081e+00,1.81703e+01,3.46907e-01,1.55708e+02,3.67384e+00,1.20729e+00,6.55710e-01,1.04591e+01,3.34165e+00,2.85698e-01,1.22273e+00,7.55100e+00
1.09455e+00,9.06689e+01,1.73365e-01,4.15472e+01,3.43164e-01,6.75231e-01,1.69376e+00,7.34354e+00,2.40962e+00,1.80716e+01,3.46963e-01,1.53409e+02,3.66669e+00,1.20535e+00,6.54899e-01,1.03704e+01,3.34154e+00,2.85675e-01,1.22505e+00,7.58439e+00
1.09278e+00,8.93235e+01,1.73075e-01,4.10079e+01,3.43626e-01,6.74376e-01,1.69204e+00,7.32595e+00,2.40855e+00,1.79756e+01,3.46958e-01,1.51162e+02,3.65968e+00,1.20335e+00,6.54079e-01,1.02858e+01,3.34108e+00,2.86217e-01,1.23209e+00,7.61507e+00
1.09101e+00,8.80049e+01,1.72790e-01,4.04810e+01,3.44095e-01,6.73497e-01,1.69026e+00,7.30874e+00,2.40793e+00,1.78817e+01,3.46879e-01,1.48967e+02,3.65277e+00,1.20141e+00,6.53263e-01,1.02059e+01,3.34013e+00,2.86229e-01,1.23938e+00,7.64276e+00
1.08936e+00,8.67141e+01,1.72510e-01,3.99690e+01,3.44418e-01,6.75714e-01,1.68963e+00,7.29205e+00,2.40773e+00,1.77904e+01,3.48096e-01,1.46821e+02,3.64594e+00,1.19946e+00,6.52997e-01,1.01297e+01,3.34394e+00,2.86482e-01,1.24868e+00,7.66610e+00
1.08760e+00,8.54440e+01,1.72543e-01,3.94789e+01,3.45046e-01,6.77717e-01,1.68899e+00,7.27649e+00,2.40769e+00,1.77021e+01,3.50034e-01,1.44725e+02,3.63970e+00,1.19753e+00,6.52601e-01,1.00580e+01,3.34685e+00,2.90531e-01,1.25720e+00,7.68664e+00
1.08839e+00,8.42285e+01,1.74035e-01,3.90002e+01,3.45537e-01,6.80276e-01,1.68809e+00,7.26143e+00,2.41002e+00,1.76167e+01,3.52350e-01,1.42681e+02,3.63326e+00,1.19648e+00,6.52207e-01,9.98955e+00,3.34760e+00,2.94597e-01,1.26550e+00,7.70247e+00
1.08982e+00,8.30612e+01,1.76393e-01,3.85285e+01,3.45869e-01,6.82009e-01,1.68681e+00,7.24817e+00,2.41662e+00,1.75332e+01,3.54050e-01,1.40688e+02,3.62683e+00,1.19609e+00,6.51864e-01,9.92566e+00,3.34651e+00,2.98525e-01,1.27416e+00,7.71518e+00
1.09133e+00,8.18833e+01,1.79275e-01,3.80659e+01,3.46060e-01,6.83184e-01,1.68535e+00,7.23546e+00,2.42934e+00,1.74517e+01,3.55349e-01,1.38740e+02,3.62049e+00,1.19661e+00,6.52887e-01,9.86565e+00,3.34401e+00,3.05607e-01,1.28386e+00,7.72319e+00
1.09336e+00,8.06946e+01,1.82058e-01,3.76144e+01,3.46244e-01,6.83959e-01,1.68354e+00,7.22345e+00,2.44711e+00,1.73730e+01,3.56354e-01,1.36836e+02,3.61378e+00,1.19879e+00,6.53473e-01,9.80959e+00,3.34145e+00,3.15337e-01,1.29524e+00,7.72553e+00
1.09848e+00,7.95396e+01,1.84795e-01,3.71755e+01,3.46362e-01,6.84482e-01,1.68196e+00,7.21108e+00,2.46944e+00,1.72959e+01,3.57076e-01,1.34978e+02,3.60726e+00,1.20272e+00,6.54130e-01,9.75609e+00,3.33873e+00,3.25058e-01,1.30846e+00,7.72196e+00
1.10991e+00,7.84104e+01,1.87651e-01,3.67468e+01,3.46440e-01,6.84852e-01,1.68072e+00,7.19944e+00,2.49699e+00,1.72225e+01,3.57488e-01,1.33163e+02,3.60094e+00,1.20814e+00,6.55201e-01,9.70532e+00,3.33599e+00,3.32236e-01,1.32380e+00,7.71295e+00
1.13017e+00,7.73032e+01,1.90417e-01,3.63288e+01,3.46224e-01,6.85055e-01,1.67973e+00,7.18851e+00,2.53031e+00,1.71505e+01,3.57703e-01,1.31390e+02,3.59479e+00,1.21494e+00,6.56597e-01,9.65630e+00,3.33367e+00,3.36146e-01,1.34087e+00,7.69874e+00
1.15878e+00,7.62188e+01,1.92733e-01,3.59220e+01,3.45853e-01,6.85143e-01,1.67933e+00,7.17800e+00,2.56896e+00,1.70809e+01,3.57712e-01,1.29659e+02,3.58874e+00,1.22408e+00,6.58561e-01,9.60917e+00,3.33179e+00,3.37089e-01,1.35918e+00,7.67965e+00
1.19305e+00,7.51509e+01,1.94071e-01,3.55269e+01,3.45371e-01,6.84998e-01,1.67952e+00,7.16862e+00,2.61121e+00,1.70134e+01,3.57661e-01,1.27962e+02,3.58307e+00,1.23682e+00,6.60803e-01,9.56325e+00,3.32988e+00,3.35796e-01,1.37744e+00,7.65695e+00
1.22863e+00,7.41053e+01,1.94184e-01,3.51427e+01,3.44807e-01,6.84698e-01,1.68044e+00,7.15963e+00,2.65458e+00,1.69483e+01,3.57561e-01,1.26306e+02,3.57794e+00,1.25352e+00,6.63416e-01,9.51885e+00,3.32789e+00,3.33024e-01,1.39465e+00,7.63030e+00
1.26175e+00,7.30745e+01,1.93141e-01,3.47716e+01,3.44185e-01,6.84103e-01,1.68183e+00,7.15102e+00,2.69649e+00,1.68848e+01,3.57396e-01,1.24683e+02,3.57280e+00,1.27290e+00,6.66517e-01,9.47653e+00,3.32582e+00,3.29313e-01,1.40978e+00,7.60091e+00
1.29074e+00,7.20664e+01,1.91115e-01,3.44143e+01,3.43696e-01,6.83398e-01,1.68343e+00,7.14302e+00,2.73487e+00,1.68235e+01,3.57216e-01,1.23095e+02,3.56813e+00,1.29244e+00,6.69933e-01,9.43728e+00,3.32336e+00,3.24879e-01,1.42234e+00,7.56837e+00
1.31561e+00,7.10744e+01,1.88503e-01,3.40727e+01,3.43296e-01,6.82566e-01,1.68466e+00,7.13572e+00,2.76793e+00,1.67643e+01,3.57072e-01,1.21537e+02,3.56369e+00,1.30960e+00,6.73648e-01,9.40107e+00,3.32050e+00,3.20053e-01,1.43229e+00,7.53343e+00
1.33752e+00,7.00990e+01,1.85541e-01,3.37460e+01,3.43068e-01,6.81659e-01,1.68523e+00,7.12977e+00,2.79486e+00,1.67065e+01,3.57000e-01,1.20010e+02,3.55958e+00,1.32297e+00,6.77689e-01,9.36958e+00,3.31724e+00,3.15115e-01,1.43979e+00,7.49641e+00
1.35760e+00,6.91418e+01,1.82528e-01,3.34370e+01,3.42986e-01,6.80654e-01,1.68496e+00,7.12480e+00,2.81598e+00,1.66518e+01,3.57018e-01,1.18517e+02,3.55525e+00,1.33221e+00,6.82022e-01,9.34261e+00,3.31342e+00,3.10275e-01,1.44535e+00,7.45741e+00
1.37566e+00,6.82055e+01,1.79733e-01,3.31500e+01,3.42985e-01,6.79596e-01,1.68369e+00,7.12085e+00,2.83236e+00,1.65990e+01,3.57038e-01,1.17054e+02,3.55168e+00,1.33781e+00,6.86693e-01,9.32067e+00,3.30913e+00,3.05673e-01,1.44937e+00,7.41766e+00
1.39023e+00,6.72822e+01,1.77234e-01,3.28851e+01,3.43136e-01,6.78554e-01,1.68160e+00,7.11764e+00,2.84549e+00,1.65478e+01,3.57137e-01,1.15625e+02,3.54816e+00,1.34073e+00,6.91773e-01,9.30267e+00,3.30441e+00,3.01484e-01,1.45260e+00,7.37692e+00
1.39937e+00,6.63759e+01,1.75065e-01,3.26445e+01,3.43432e-01,6.77470e-01,1.67891e+00,7.11478e+00,2.85692e+00,1.64988e+01,3.57347e-01,1.14225e+02,3.54463e+00,1.34192e+00,6.97383e-01,9.28753e+00,3.29885e+00,2.97704e-01,1.45520e+00,7.33581e+00
1.40168e+00,6.54905e+01,1.73218e-01,3.24292e+01,3.43761e-01,6.76509e-01,1.67583e+00,7.11266e+00,2.86779e+00,1.64518e+01,3.57575e-01,1.12860e+02,3.54163e+00,1.34210e+00,7.03659e-01,9.27496e+00,3.29290e+00,2.94398e-01,1.45763e+00,7.29500e+00
1.39691e+00,6.46231e+01,1.71660e-01,3.22382e+01,3.44009e-01,6.75695e-01,1.67277e+00,7.11074e+00,2.87860e+00,1.64065e+01,3.57846e-01,1.11526e+02,3.53900e+00,1.34153e+00,7.10705e-01,9.26338e+00,3.28667e+00,2.91594e-01,1.46021e+00,7.25442e+00
1.38594e+00,6.37721e+01,1.70391e-01,3.20707e+01,3.44211e-01,6.75004e-01,1.66982e+00,7.10937e+00,2.88964e+00,1.63630e+01,3.58110e-01,1.10225e+02,3.53667e+00,1.34045e+00,7.18447e-01,9.25246e+00,3.27996e+00,2.89204e-01,1.46266e+00,7.21501e+00
1.37012e+00,6.29380e+01,1.69421e-01,3.19244e+01,3.44246e-01,6.74536e-01,1.66700e+00,7.10803e+00,2.90055e+00,1.63215e+01,3.58327e-01,1.08956e+02,3.53480e+00,1.33855e+00,7.26797e-01,9.24224e+00,3.27339e+00,2.87308e-01,1.46526e+00,7.17666e+00
1.35105e+00,6.21226e+01,1.68569e-01,3.17956e+01,3.44047e-01,6.74179e-01,1.66454e+00,7.10712e+00,2.91075e+00,1.62821e+01,3.58482e-01,1.07707e+02,3.53308e+00,1.33590e+00,7.35704e-01,9.23174e+00,3.26666e+00,2.85738e-01,1.46773e+00,7.13924e+00
1.33018e+00,6.13249e+01,1.67841e-01,3.16815e+01,3.43630e-01,6.73999e-01,1.66214e+00,7.10668e+00,2.91948e+00,1.62449e+01,3.58532e-01,1.06477e+02,3.53184e+00,1.33215e+00,7.45047e-01,9.22147e+00,3.25994e+00,2.84415e-01,1.46993e+00,7.10342e+00
1.30860e+00,6.05431e+01,1.67255e-01,3.15783e+01,3.42920e-01,6.74015e-01,1.66022e+00,7.10652e+00,2.92584e+00,1.62102e+01,3.58457e-01,1.05266e+02,3.53086e+00,1.32732e+00,7.54727e-01,9.21199e+00,3.25305e+00,2.83291e-01,1.47194e+00,7.06961e+00
1.28705e+00,5.97797e+01,1.66759e-01,3.14813e+01,3.41932e-01,6.74258e-01,1.65864e+00,7.10634e+00,2.92915e+00,1.61788e+01,3.58267e-01,1.04066e+02,3.53007e+00,1.32124e+00,7.64745e-01,9.20339e+00,3.24629e+00,2.82348e-01,1.47345e+00,7.03722e+00
1.26611e+00,5.90311e+01,1.66279e-01,3.13891e+01,3.40625e-01,6.74745e-01,1.65726e+00,7.10673e+00,2.92888e+00,1.61506e+01,3.57920e-01,1.02880e+02,3.52956e+00,1.31406e+00,7.74969e-01,9.19554e+00,3.23988e+00,2.81508e-01,1.47464e+00,7.00674e+00
1.24615e+00,5.82981e+01,1.65901e-01,3.12963e+01,3.39137e-01,6.75488e-01,1.65607e+00,7.10723e+00,2.92455e+00,1.61265e+01,3.57468e-01,1.01706e+02,3.52922e+00,1.30581e+00,7.85285e-01,9.18977e+00,3.23339e+00,2.80778e-01,1.47526e+00,6.97792e+00
1.22737e+00,5.75798e+01,1.65557e-01,3.11997e+01,3.37491e-01,6.76627e-01,1.65517e+00,7.10753e+00,2.91632e+00,1.61071e+01,3.56941e-01,1.00541e+02,3.52880e+00,1.29669e+00,7.95462e-01,9.18521e+00,3.22703e+00,2.80128e-01,1.47532e+00,6.95026e+00
1.20977e+00,5.68757e+01,1.65208e-01,3.10969e+01,3.35763e-01,6.78064e-01,1.65454e+00,7.10783e+00,2.90447e+00,1.60917e+01,3.56418e-01,9.93915e+01,3.52846e+00,1.28688e+00,8.05274e-01,9.18204e+00,3.22080e+00,2.79485e-01,1.47496e+00,6.92401e+00
1.19332e+00,5.61882e+01,1.64909e-01,3.09846e+01,3.34020e-01,6.79776e-01,1.65395e+00,7.10836e+00,2.88935e+00,1.60815e+01,3.55909e-01,9.82581e+01,3.52827e+00,1.27671e+00,8.14376e-01,9.17951e+00,3.21468e+00,2.78825e-01,1.47400e+00,6.89872e+00
1.17798e+00,5.55103e+01,1.64632e-01,3.08617e+01,3.32334e-01,6.81786e-01,1.65365e+00,7.10891e+00,2.87148e+00,1.60768e+01,3.55429e-01,9.71400e+01,3.52772e+00,1.26636e+00,8.22489e-01,9.17746e+00,3.20875e+00,2.78140e-01,1.47259e+00,6.87387e+00
1.16377e+00,5.48490e+01,1.64319e-01,3.07269e+01,3.30719e-01,6.83875e-01,1.65354e+00,7.10889e+00,2.85181e+00,1.60772e+01,3.55010e-01,9.60392e+01,3.52688e+00,1.25608e+00,8.29294e-01,9.17591e+00,3.20287e+00,2.77452e-01,1.47071e+00,6.84935e+00
1.15063e+00,5.42017e+01,1.64020e-01,3.05811e+01,3.29205e-01,6.86056e-01,1.65360e+00,7.10866e+00,2.83061e+00,1.60826e+01,3.54678e-01,9.49564e+01,3.52573e+00,1.24616e+00,8.34602e-01,9.17462e+00,3.19705e+00,2.76752e-01,1.46873e+00,6.82521e+00
1.13856e+00,5.35657e+01,1.63717e-01,3.04251e+01,3.27801e-01,6.88220e-01,1.65387e+00,7.10782e+00,2.80862e+00,1.60922e+01,3.54441e-01,9.38949e+01,3.52386e+00,1.23659e+00,8.38299e-01,9.17273e+00,3.19137e+00,2.76020e-01,1.46643e+00,6.80092e+00
1.12743e+00,5.29438e+01,1.63424e-01,3.02616e+01,3.26386e-01,6.90215e-01,1.65438e+00,7.10647e+00,2.78621e+00,1.61062e+01,3.54330e-01,9.28516e+01,3.52148e+00,1.22769e+00,8.40421e-01,9.17198e+00,3.18558e+00,2.75242e-01,1.46419e+00,6.77686e+00
1.11723e+00,5.23346e+01,1.63152e-01,3.00938e+01,3.25122e-01,6.91966e-01,1.65518e+00,7.10484e+00,2.76347e+00,1.61225e+01,3.54293e-01,9.18292e+01,3.51820e+00,1.21946e+00,8.41053e-01,9.17202e+00,3.18005e+00,2.74443e-01,1.46192e+00,6.75277e+00
1.10795e+00,5.17402e+01,1.62861e-01,2.99243e+01,3.24028e-01,6.93415e-01,1.65620e+00,7.10283e+00,2.74092e+00,1.61409e+01,3.54327e-01,9.08260e+01,3.51393e+00,1.21195e+00,8.40387e-01,9.17244e+00,3.17453e+00,2.73648e-01,1.45980e+00,6.72868e+00
1.09949e+00,5.11567e+01,1.62567e-01,2.97557e+01,3.22972e-01,6.94470e-01,1.65753e+00,7.10017e+00,2.71875e+00,1.61593e+01,3.54389e-01,8.98426e+01,3.50858e+00,1.20520e+00,8.38620e-01,9.17443e+00,3.16903e+00,2.72833e-01,1.45811e+00,6.70513e+00
1.09178e+00,5.05853e+01,1.62273e-01,2.95889e+01,3.21925e-01,6.95185e-01,1.65922e+00,7.09715e+00,2.69687e+00,1.61769e+01,3.54457e-01,8.88813e+01,3.50232e+00,1.19914e+00,8.36055e-01,9.17764e+00,3.16365e+00,2.72040e-01,1.45669e+00,6.68190e+00
1.08473e+00,5.00259e+01,1.62001e-01,2.94219e+01,3.21007e-01,6.95535e-01,1.66123e+00,7.09382e+00,2.67547e+00,1.61932e+01,3.54506e-01,8.79365e+01,3.49519e+00,1.19380e+00,8.32893e-01,9.18270e+00,3.15826e+00,2.71228e-01,1.45539e+00,6.65957e+00
1.07839e+00,4.94783e+01,1.61713e-01,2.92541e+01,3.20170e-01,6.95585e-01,1.66358e+00,7.08968e+00,2.65438e+00,1.62065e+01,3.54469e-01,8.70115e+01,3.48693e+00,1.18902e+00,8.29338e-01,9.18973e+00,3.15315e+00,2.70423e-01,1.45464e+00,6.63861e+00
1.07262e+00,4.89391e+01,1.61452e-01,2.90825e+01,3.19350e-01,6.95438e-01,1.66619e+00,7.08535e+00,2.63372e+00,1.62170e+01,3.54340e-01,8.61057e+01,3.47798e+00,1.18478e+00,8.25568e-01,9.19848e+00,3.14812e+00,2.69637e-01,1.45395e+00,6.61858e+00
1.06741e+00,4.84121e+01,1.61153e-01,2.89046e+01,3.18638e-01,6.95140e-01,1.66901e+00,7.08077e+00,2.61348e+00,1.62239e+01,3.54114e-01,8.52186e+01,3.46810e+00,1.18101e+00,8.21645e-01,9.20970e+00,3.14330e+00,2.68866e-01,1.45320e+00,6.60023e+00
1.06262e+00,4.78965e+01,1.60915e-01,2.87186e+01,3.17941e-01,6.94819e-01,1.67224e+00,7.07561e+00,2.59376e+00,1.62268e+01,3.53785e-01,8.43514e+01,3.45810e+00,1.17756e+00,8.17680e-01,9.22251e+00,3.13858e+00,2.68131e-01,1.45244e+00,6.58369e+00
1.05845e+00,4.73910e+01,1.60643e-01,2.85276e+01,3.17260e-01,6.95801e-01,1.67654e+00,7.07043e+00,2.57442e+00,1.62276e+01,3.53357e-01,8.35038e+01,3.44735e+00,1.17434e+00,8.13672e-01,9.23781e+00,3.13430e+00,2.67431e-01,1.45167e+00,6.56909e+00
1.05458e+00,4.68929e+01,1.60388e-01,2.83267e+01,3.16640e-01,6.98738e-01,1.68028e+00,7.06725e+00,2.55568e+00,1.62248e+01,3.53187e-01,8.26734e+01,3.43649e+00,1.17135e+00,8.09673e-01,9.25438e+00,3.13039e+00,2.66785e-01,1.45094e+00,6.55603e+00
1.05108e+00,4.64048e+01,1.60121e-01,2.81201e+01,3.15988e-01,7.03519e-01,1.68471e+00,7.06886e+00,2.53746e+00,1.62194e+01,3.52999e-01,8.18628e+01,3.42545e+00,1.16852e+00,8.05779e-01,9.27224e+00,3.12805e+00,2.66136e-01,1.45004e+00,6.54489e+00
1.04784e+00,4.59271e+01,1.59810e-01,2.79077e+01,3.15406e-01,7.08915e-01,1.68880e+00,7.07309e+00,2.52010e+00,1.62117e+01,3.52905e-01,8.10708e+01,3.41454e+00,1.16567e+00,8.01898e-01,9.29132e+00,3.12601e+00,2.65528e-01,1.44899e+00,6.53516e+00
1.04481e+00,4.54570e+01,1.59544e-01,2.76903e+01,3.14798e-01,7.14163e-01,1.69273e+00,7.08051e+00,2.50337e+00,1.62021e+01,3.52818e-01,8.02971e+01,3.40372e+00,1.16273e+00,7.97834e-01,9.31129e+00,3.12492e+00,2.64964e-01,1.44772e+00,6.52718e+00
1.04206e+00,4.49964e+01,1.59277e-01,2.74738e+01,3.14169e-01,7.20238e-01,1.69686e+00,7.08996e+00,2.48756e+00,1.61902e+01,3.52689e-01,7.95431e+01,3.39316e+00,1.15988e+00,7.93509e-01,9.33156e+00,3.12466e+00,2.64415e-01,1.44637e+00,6.52067e+00
1.03947e+00,4.45439e+01,1.59000e-01,2.72645e+01,3.13576e-01,7.28203e-01,1.70168e+00,7.09952e+00,2.47257e+00,1.61766e+01,3.52479e-01,7.88062e+01,3.38268e+00,1.15699e+00,7.88890e-01,9.35197e+00,3.12516e+00,2.63877e-01,1.44497e+00,6.51513e+00
1.03703e+00,4.40990e+01,1.58708e-01,2.70635e+01,3.13050e-01,7.39540e-01,1.70788e+00,7.10904e+00,2.45845e+00,1.61617e+01,3.52272e-01,7.80870e+01,3.37279e+00,1.15398e+00,7.83851e-01,9.37173e+00,3.12703e+00,2.63333e-01,1.44321e+00,6.51021e+00
1.03469e+00,4.36626e+01,1.58413e-01,2.68754e+01,3.12577e-01,7.58613e-01,1.71632e+00,7.11878e+00,2.44528e+00,1.61458e+01,3.52131e-01,7.73842e+01,3.36316e+00,1.15072e+00,7.78404e-01,9.39069e+00,3.13030e+00,2.62806e-01,1.44092e+00,6.50549e+00
1.03259e+00,4.32346e+01,1.58121e-01,2.67041e+01,3.12174e-01,7.95216e-01,1.72759e+00,7.12794e+00,2.43297e+00,1.61290e+01,3.52135e-01,7.66994e+01,3.35365e+00,1.14762e+00,7.72647e-01,9.40811e+00,3.13460e+00,2.62273e-01,1.43761e+00,6.50090e+00
1.03048e+00,4.28152e+01,1.57835e-01,2.65487e+01,3.11641e-01,8.58018e-01,1.74204e+00,7.13630e+00,2.42159e+00,1.61118e+01,3.52314e-01,7.60295e+01,3.34436e+00,1.14438e+00,7.66518e-01,9.42420e+00,3.13997e+00,2.61734e-01,1.43316e+00,6.49610e+00
1.02846e+00,4.24048e+01,1.57583e-01,2.64012e+01,3.11170e-01,9.41918e-01,1.75843e+00,7.14436e+00,2.41105e+00,1.60945e+01,3.52638e-01,7.53735e+01,3.33546e+00,1.14122e+00,7.60320e-01,9.43798e+00,3.14642e+00,2.61201e-01,1.42755e+00,6.49099e+00
1.02655e+00,4.20057e+01,1.57311e-01,2.62527e+01,3.10783e-01,1.03415e+00,1.77500e+00,7.15352e+00,2.40123e+00,1.60769e+01,3.53143e-01,7.47338e+01,3.32680e+00,1.13801e+00,7.54002e-01,9.44978e+00,3.15403e+00,2.60684e-01,1.42079e+00,6.48533e+00
1.02480e+00,4.16155e+01,1.57016e-01,2.60983e+01,3.10449e-01,1.13130e+00,1.78932e+00,7.16529e+00,2.39231e+00,1.60598e+01,3.53748e-01,7.41039e+01,3.31826e+00,1.13490e+00,7.47714e-01,9.45850e+00,3.16253e+00,2.60214e-01,1.41310e+00,6.47885e+00
1.02304e+00,4.12345e+01,1.56738e-01,2.59398e+01,3.10076e-01,1.22598e+00,1.79952e+00,7.18024e+00,2.38400e+00,1.60421e+01,3.54430e-01,7.34859e+01,3.30978e+00,1.13179e+00,7.41563e-01,9.46481e+00,3.17184e+00,2.59735e-01,1.40486e+00,6.47155e+00
1.02134e+00,4.08623e+01,1.56470e-01,2.57843e+01,3.09661e-01,1.29337e+00,1.80462e+00,7.19930e+00,2.37644e+00,1.60241e+01,3.55103e-01,7.28797e+01,3.30147e+00,1.12876e+00,7.35660e-01,9.46766e+00,3.18167e+00,2.59250e-01,1.39625e+00,6.46347e+00
1.01969e+00,4.04990e+01,1.56253e-01,2.56389e+01,3.09281e-01,1.31740e+00,1.80491e+00,7.22252e+00,2.36944e+00,1.60068e+01,3.55762e-01,7.22841e+01,3.29331e+00,1.12581e+00,7.30146e-01,9.46746e+00,3.19217e+00,2.58759e-01,1.38735e+00,6.45454e+00
1.01800e+00,4.01481e+01,1.56012e-01,2.55093e+01,3.08836e-01,1.30496e+00,1.80175e+00,7.24907e+00,2.36300e+00,1.59893e+01,3.56417e-01,7.16986e+01,3.28523e+00,1.12295e+00,7.25061e-01,9.46424e+00,3.20287e+00,2.58264e-01,1.37853e+00,6.44477e+00
1.01636e+00,3.98055e+01,1.55763e-01,2.53997e+01,3.08405e-01,1.27367e+00,1.79691e+00,7.27801e+00,2.35706e+00,1.59719e+01,3.57085e-01,7.11224e+01,3.27697e+00,1.12013e+00,7.20639e-01,9.45705e+00,3.21407e+00,2.57795e-01,1.36973e+00,6.43404e+00
1.01471e+00,3.94761e+01,1.55495e-01,2.53115e+01,3.07948e-01,1.23952e+00,1.79199e+00,7.30783e+00,2.35152e+00,1.59547e+01,3.57771e-01,7.05558e+01,3.26892e+00,1.11742e+00,7.17135e-01,9.44717e+00,3.22575e+00,2.57338e-01,1.36099e+00,6.42245e+00
1.01309e+00,3.91560e+01,1.55238e-01,2.52428e+01,3.07447e-01,1.21285e+00,1.78835e+00,7.33619e+00,2.34645e+00,1.59369e+01,3.58504e-01,6.99988e+01,3.26082e+00,1.11488e+00,7.14720e-01,9.43352e+00,3.23786e+00,2.56894e-01,1.35253e+00,6.40981e+00
1.01155e+00,3.88496e+01,1.54970e-01,2.51895e+01,3.06899e-01,1.19878e+00,1.78686e+00,7.36101e+00,2.34162e+00,1.59194e+01,3.59293e-01,6.94491e+01,3.25285e+00,1.11249e+00,7.13688e-01,9.41700e+00,3.25045e+00,2.56439e-01,1.34417e+00,6.39668e+00
1.00998e+00,3.85548e+01,1.54684e-01,2.51464e+01,3.06414e-01,1.19857e+00,1.78777e+00,7.38169e+00,2.33709e+00,1.59016e+01,3.60106e-01,6.89087e+01,3.24474e+00,1.11001e+00,7.14244e-01,9.39734e+00,3.26352e+00,2.55979e-01,1.33612e+00,6.38292e+00
1.00844e+00,3.82713e+01,1.54396e-01,2.51080e+01,3.05848e-01,1.21029e+00,1.79086e+00,7.39705e+00,2.33267e+00,1.58829e+01,3.60951e-01,6.83751e+01,3.23667e+00,1.10769e+00,7.16411e-01,9.37527e+00,3.27696e+00,2.55524e-01,1.32839e+00,6.36839e+00
1.00693e+00,3.80025e+01,1.54141e-01,2.50705e+01,3.05352e-01,1.22975e+00,1.79582e+00,7.40670e+00,2.32841e+00,1.58640e+01,3.61804e-01,6.78485e+01,3.22851e+00,1.10543e+00,7.20195e-01,9.35024e+00,3.29078e+00,2.55065e-01,1.32101e+00,6.35347e+00
1.00535e+00,3.77458e+01,1.53928e-01,2.50308e+01,3.04741e-01,1.25175e+00,1.80228e+00,7.41114e+00,2.32425e+00,1.58451e+01,3.62603e-01,6.73314e+01,3.22067e+00,1.10332e+00,7.25456e-01,9.32301e+00,3.30464e+00,2.54645e-01,1.31378e+00,6.33856e+00
1.00380e+00,3.75020e+01,1.53754e-01,2.49872e+01,3.04144e-01,1.27096e+00,1.80967e+00,7.41092e+00,2.32017e+00,1.58257e+01,3.63312e-01,6.68220e+01,3.21275e+00,1.10122e+00,7.31858e-01,9.29388e+00,3.31807e+00,2.54195e-01,1.30691e+00,6.32318e+00
1.00232e+00,3.72723e+01,1.53591e-01,2.49398e+01,3.03566e-01,1.28347e+00,1.81775e+00,7.40712e+00,2.31604e+00,1.58063e+01,3.63950e-01,6.63199e+01,3.20493e+00,1.09913e+00,7.39031e-01,9.26304e+00,3.33070e+00,2.53757e-01,1.30030e+00,6.30792e+00
1.00080e+00,3.70548e+01,1.53429e-01,2.48889e+01,3.03045e-01,1.28699e+00,1.82632e+00,7.40012e+00,2.31184e+00,1.57871e+01,3.64534e-01,6.58249e+01,3.19721e+00,1.09700e+00,7.46620e-01,9.23091e+00,3.34208e+00,2.53317e-01,1.29394e+00,6.29294e+00
9.99330e-01,3.68496e+01,1.53229e-01,2.48352e+01,3.02559e-01,1.28091e+00,1.83545e+00,7.39131e+00,2.30759e+00,1.57676e+01,3.65051e-01,6.53373e+01,3.18953e+00,1.09503e+00,7.54195e-01,9.19758e+00,3.35186e+00,2.52887e-01,1.28784e+00,6.27820e+00
9.97825e-01,3.66545e+01,1.53024e-01,2.47816e+01,3.01967e-01,1.26613e+00,1.84528e+00,7.38096e+00,2.30329e+00,1.57485e+01,3.65485e-01,6.48582e+01,3.18209e+00,1.09308e+00,7.61459e-01,9.16305e+00,3.35952e+00,2.52459e-01,1.28205e+00,6.26393e+00
9.96269e-01,3.64705e+01,1.59595e-01,2.47281e+01,3.12608e-01,1.24424e+00,1.85637e+00,7.36949e+00,2.30682e+00,1.57350e+01,3.65823e-01,6.43873e+01,3.17475e+00,1.09118e+00,7.68127e-01,9.12797e+00,3.36598e+00,2.63833e-01,1.27647e+00,6.24986e+00
1.00200e+00,3.63037e+01,1.70142e-01,2.46909e+01,3.47510e-01,1.21723e+00,1.87523e+00,7.36762e+00,2.31711e+00,1.57239e+01,3.66142e-01,6.39243e+01,3.17522e+00,1.10127e+00,7.73997e-01,9.09766e+00,3.38393e+00,2.72128e-01,1.28578e+00,6.24499e+00
1.01180e+00,3.61398e+01,1.85316e-01,2.46736e+01,4.07343e-01,1.18713e+00,1.89769e+00,7.37066e+00,2.32826e+00,1.57175e+01,3.66434e-01,6.34700e+01,3.17739e+00,1.11246e+00,7.78861e-01,9.07294e+00,3.40193e+00,2.79820e-01,1.29804e+00,6.24900e+00
1.01874e+00,3.59876e+01,2.00254e-01,2.46623e+01,4.95857e-01,1.15559e+00,1.92668e+00,7.36759e+00,2.33988e+00,1.57166e+01,3.66711e-01,6.30256e+01,3.18152e+00,1.12237e+00,7.82659e-01,9.04959e+00,3.41744e+00,2.90882e-01,1.31552e+00,6.25209e+00
1.02341e+00,3.58450e+01,2.13529e-01,2.46323e+01,6.01840e-01,1.12463e+00,1.96152e+00,7.36056e+00,2.35148e+00,1.57165e+01,3.66997e-01,6.25869e+01,3.18941e+00,1.13369e+00,7.85444e-01,9.03322e+00,3.42610e+00,3.04127e-01,1.33470e+00,6.26003e+00
1.03059e+00,3.57075e+01,2.25179e-01,2.45986e+01,7.28599e-01,1.09451e+00,2.00155e+00,7.35104e+00,2.36217e+00,1.57187e+01,3.67300e-01,6.21572e+01,3.19394e+00,1.14611e+00,7.87157e-01,9.03058e+00,3.42879e+00,3.16736e-01,1.35544e+00,6.26835e+00
1.04236e+00,3.55747e+01,2.36013e-01,2.45672e+01,8.52669e-01,1.06618e+00,2.04628e+00,7.33743e+00,2.37254e+00,1.57231e+01,3.67541e-01,6.17364e+01,3.19277e+00,1.15841e+00,7.87956e-01,9.03475e+00,3.42702e+00,3.27608e-01,1.37806e+00,6.27296e+00
1.05881e+00,3.54481e+01,2.45683e-01,2.45339e+01,9.40045e-01,1.03994e+00,2.09235e+00,7.32028e+00,2.38394e+00,1.57294e+01,3.67763e-01,6.13242e+01,3.18987e+00,1.16973e+00,7.88004e-01,9.03688e+00,3.42125e+00,3.36956e-01,1.40123e+00,6.27382e+00
1.07916e+00,3.53241e+01,2.52851e-01,2.45028e+01,9.94687e-01,1.01614e+00,2.13592e+00,7.30076e+00,2.39733e+00,1.57379e+01,3.67973e-01,6.09204e+01,3.18861e+00,1.18063e+00,7.87476e-01,9.03101e+00,3.41232e+00,3.45320e-01,1.42364e+00,6.27310e+00
1.10248e+00,3.52022e+01,2.56239e-01,2.44766e+01,1.04509e+00,9.95085e-01,2.17378e+00,7.27954e+00,2.41317e+00,1.57479e+01,3.68134e-01,6.05266e+01,3.19123e+00,1.19266e+00,7.86561e-01,9.01455e+00,3.40105e+00,3.52935e-01,1.44527e+00,6.27224e+00
1.12772e+00,3.50805e+01,2.55324e-01,2.44555e+01,1.10736e+00,9.76775e-01,2.20209e+00,7.25715e+00,2.43169e+00,1.57593e+01,3.68208e-01,6.01397e+01,3.19802e+00,1.20666e+00,7.85519e-01,8.98998e+00,3.38866e+00,3.59454e-01,1.46650e+00,6.27221e+00
1.15394e+00,3.49637e+01,2.50616e-01,2.44379e+01,1.16804e+00,9.61071e-01,2.21766e+00,7.23388e+00,2.45305e+00,1.57723e+01,3.68136e-01,5.97618e+01,3.20877e+00,1.22203e+00,7.84445e-01,8.96363e+00,3.37673e+00,3.64132e-01,1.48643e+00,6.27302e+00
1.18080e+00,3.48474e+01,2.43207e-01,2.44196e+01,1.20050e+00,9.47818e-01,2.21944e+00,7.21073e+00,2.47707e+00,1.57877e+01,3.67909e-01,5.93946e+01,3.22311e+00,1.23696e+00,7.83505e-01,8.94365e+00,3.36643e+00,3.66279e-01,1.50496e+00,6.27449e+00
1.20818e+00,3.47337e+01,2.34345e-01,2.43952e+01,1.19206e+00,9.36752e-01,2.20854e+00,7.18878e+00,2.50350e+00,1.58053e+01,3.67605e-01,5.90341e+01,3.24030e+00,1.25024e+00,7.82800e-01,8.93377e+00,3.35760e+00,3.65575e-01,1.52200e+00,6.27643e+00
1.23617e+00,3.46207e+01,2.25028e-01,2.43615e+01,1.14922e+00,9.27641e-01,2.18753e+00,7.16827e+00,2.53140e+00,1.58257e+01,3.67207e-01,5.86835e+01,3.25966e+00,1.26125e+00,7.82241e-01,8.93326e+00,3.34952e+00,3.62268e-01,1.53737e+00,6.27927e+00
1.26430e+00,3.45102e+01,2.16091e-01,2.43199e+01,1.08641e+00,9.20315e-01,2.15937e+00,7.14956e+00,2.55973e+00,1.58483e+01,3.66609e-01,5.83436e+01,3.27936e+00,1.27021e+00,7.81799e-01,8.93616e+00,3.34146e+00,3.56939e-01,1.55174e+00,6.28326e+00
1.29111e+00,3.43966e+01,2.07964e-01,2.42744e+01,1.01678e+00,9.14478e-01,2.12681e+00,7.13334e+00,2.58746e+00,1.58728e+01,3.65787e-01,5.80143e+01,3.29837e+00,1.27783e+00,7.81322e-01,8.93597e+00,3.33381e+00,3.50521e-01,1.56512e+00,6.28844e+00
1.31483e+00,3.42831e+01,2.00937e-01,2.42291e+01,9.48276e-01,9.09898e-01,2.09194e+00,7.11983e+00,2.61388e+00,1.58989e+01,3.64818e-01,5.76980e+01,3.31563e+00,1.28472e+00,7.80711e-01,8.92845e+00,3.32763e+00,3.44083e-01,1.57788e+00,6.29538e+00
1.33388e+00,3.41669e+01,1.95060e-01,2.41893e+01,8.84350e-01,9.06274e-01,2.05657e+00,7.10883e+00,2.63847e+00,1.59259e+01,3.63715e-01,5.73944e+01,3.33025e+00,1.29134e+00,7.79798e-01,8.91359e+00,3.32359e+00,3.38847e-01,1.58971e+00,6.30395e+00
1.34702e+00,3.40477e+01,1.90331e-01,2.41576e+01,8.25767e-01,9.03331e-01,2.02218e+00,7.10057e+00,2.66114e+00,1.59537e+01,3.62436e-01,5.71058e+01,3.34219e+00,1.29774e+00,7.78459e-01,8.89358e+00,3.32245e+00,3.36264e-01,1.60059e+00,6.31324e+00
1.35423e+00,3.39230e+01,1.86610e-01,2.41349e+01,7.71868e-01,9.00850e-01,1.98932e+00,7.09484e+00,2.68219e+00,1.59816e+01,3.61013e-01,5.68311e+01,3.35102e+00,1.30375e+00,7.76635e-01,8.87158e+00,3.32381e+00,3.38251e-01,1.61009e+00,6.32287e+00
1.36288e+00,3.37922e+01,1.83654e-01,2.41212e+01,7.22001e-01,8.98587e-01,1.95859e+00,7.09114e+00,2.70183e+00,1.60087e+01,3.59467e-01,5.65716e+01,3.35718e+00,1.30919e+00,7.74192e-01,8.85071e+00,3.32662e+00,3.47300e-01,1.61855e+00,6.33234e+00
1.37144e+00,3.36538e+01,1.81314e-01,2.41139e+01,6.75644e-01,8.96427e-01,1.93009e+00,7.08974e+00,2.72330e+00,1.60354e+01,3.57834e-01,5.63276e+01,3.36191e+00,1.31354e+00,7.71007e-01,8.83201e+00,3.32911e+00,3.66335e-01,1.62600e+00,6.34237e+00
1.37518e+00,3.35108e+01,1.82989e-01,2.41106e+01,6.39007e-01,8.94154e-01,1.90417e+00,7.09038e+00,2.75210e+00,1.60623e+01,3.56145e-01,5.61002e+01,3.36412e+00,1.31781e+00,7.67143e-01,8.81615e+00,3.33562e+00,3.99901e-01,1.63270e+00,6.35124e+00
1.37901e+00,3.34588e+01,1.89708e-01,2.41081e+01,6.18000e-01,8.93137e-01,1.88071e+00,7.09416e+00,2.79475e+00,1.60918e+01,3.54404e-01,5.59038e+01,3.36540e+00,1.32204e+00,7.62669e-01,8.80249e+00,3.34586e+00,4.61462e-01,1.64114e+00,6.35935e+00
1.39235e+00,3.34433e+01,2.00415e-01,2.41508e+01,6.10854e-01,9.05583e-01,1.87206e+00,7.13242e+00,2.84627e+00,1.61223e+01,3.64229e-01,5.57171e+01,3.36596e+00,1.32598e+00,7.63247e-01,8.79092e+00,3.35955e+00,5.20873e-01,1.64943e+00,6.36933e+00
1.41389e+00,3.32344e+01,2.12468e-01,2.43001e+01,6.14379e-01,9.10586e-01,1.89856e+00,7.17523e+00,2.90152e+00,1.61583e+01,3.83308e-01,5.55523e+01,3.36784e+00,1.32843e+00,7.60371e-01,8.78379e+00,3.37607e+00,5.85343e-01,1.65623e+00,6.38186e+00
1.43940e+00,3.30461e+01,2.22790e-01,2.45075e+01,6.28735e-01,9.37560e-01,2.03262e+00,7.18782e+00,2.95493e+00,1.62012e+01,4.06423e-01,5.54068e+01,3.36987e+00,1.33039e+00,7.62449e-01,8.78123e+00,3.39643e+00,6.45912e-01,1.66190e+00,6.40007e+00
1.46825e+00,3.28877e+01,2.30858e-01,2.45781e+01,6.57300e-01,9.44982e-01,2.29848e+00,7.19772e+00,3.00509e+00,1.62521e+01,4.22237e-01,5.52823e+01,3.37340e+00,1.33221e+00,8.44329e-01,8.78314e+00,3.42203e+00,6.89875e-01,1.67244e+00,6.41899e+00
1.49832e+00,3.27411e+01,2.37820e-01,2.46024e+01,6.97412e-01,9.58705e-01,2.58839e+00,7.20733e+00,3.05634e+00,1.63105e+01,4.31611e-01,5.51871e+01,3.37866e+00,1.33414e+00,1.04710e+00,8.79035e+00,3.45276e+00,7.18139e-01,1.68929e+00,6.44010e+00
1.52700e+00,3.25958e+01,2.44196e-01,2.46262e+01,7.35747e-01,9.69259e-01,2.81292e+00,7.21544e+00,3.11484e+00,1.63754e+01,4.36540e-01,5.51310e+01,3.38620e+00,1.33596e+00,1.23330e+00,8.80213e+00,3.48884e+00,7.22329e-01,1.70786e+00,6.46477e+00
1.55337e+00,3.24544e+01,2.49274e-01,2.46692e+01,7.61789e-01,9.77241e-01,2.99434e+00,7.22872e+00,3.18446e+00,1.64420e+01,4.37777e-01,5.51158e+01,3.39684e+00,1.33815e+00,1.32419e+00,8.81981e+00,3.53321e+00,7.13455e-01,1.72536e+00,6.49347e+00
1.57875e+00,3.23104e+01,2.51836e-01,2.47417e+01,7.78740e-01,9.90333e-01,3.12036e+00,7.24827e+00,3.26358e+00,1.65101e+01,4.36267e-01,5.51474e+01,3.41023e+00,1.34121e+00,1.36166e+00,8.84245e+00,3.59481e+00,6.96974e-01,1.74233e+00,6.52604e+00
1.60491e+00,3.21637e+01,2.51182e-01,2.48378e+01,7.96480e-01,1.02546e+00,3.16781e+00,7.27330e+00,3.34761e+00,1.65795e+01,4.32646e-01,5.52228e+01,3.42640e+00,1.34608e+00,1.35335e+00,8.86989e+00,3.68460e+00,6.75440e-01,1.75902e+00,6.56294e+00
1.63202e+00,3.20155e+01,2.47381e-01,2.49456e+01,8.21944e-01,1.10889e+00,3.15359e+00,7.30258e+00,3.43227e+00,1.66500e+01,4.28064e-01,5.53413e+01,3.44510e+00,1.35311e+00,1.31388e+00,8.90094e+00,3.81056e+00,6.49939e-01,1.77535e+00,6.60334e+00
1.66079e+00,3.18683e+01,2.41182e-01,2.50542e+01,8.54696e-01,1.24357e+00,3.10756e+00,7.33585e+00,3.51453e+00,1.67202e+01,4.23312e-01,5.54939e+01,3.46560e+00,1.36227e+00,1.26711e+00,8.93446e+00,3.97932e+00,6.24857e-01,1.79190e+00,6.64659e+00
1.68482e+00,3.17227e+01,2.33578e-01,2.51604e+01,8.86964e-01,1.38247e+00,3.04266e+00,7.37236e+00,3.59341e+00,1.67875e+01,4.18633e-01,5.56794e+01,3.48733e+00,1.37328e+00,1.22937e+00,8.96886e+00,4.20060e+00,5.94670e-01,1.80818e+00,6.69074e+00
1.70076e+00,3.15803e+01,2.25393e-01,2.52661e+01,9.09768e-01,1.47194e+00,2.95895e+00,7.41204e+00,3.66870e+00,1.68483e+01,4.13870e-01,5.59141e+01,3.50913e+00,1.38582e+00,1.20434e+00,9.00408e+00,4.48335e+00,5.65292e-01,1.82428e+00,6.73378e+00
1.70830e+00,3.14437e+01,2.17347e-01,2.53784e+01,9.18054e-01,1.49649e+00,2.86030e+00,7.45351e+00,3.73897e+00,1.69010e+01,4.08766e-01,5.62300e+01,3.53000e+00,1.39935e+00,1.18859e+00,9.03995e+00,4.82524e+00,5.37424e-01,1.84007e+00,6.77420e+00
1.70828e+00,3.13104e+01,2.09858e-01,2.54964e+01,9.11544e-01,1.47106e+00,2.76071e+00,7.49671e+00,3.80187e+00,1.69431e+01,4.03222e-01,5.66593e+01,3.54875e+00,1.41399e+00,1.17783e+00,9.07512e+00,5.21676e+00,5.11378e-01,1.85538e+00,6.81297e+00
1.70202e+00,3.11846e+01,2.03155e-01,2.56192e+01,8.92256e-01,1.41743e+00,2.68031e+00,7.54197e+00,3.85593e+00,1.69743e+01,3.97334e-01,5.71946e+01,3.56464e+00,1.42829e+00,1.16966e+00,9.10786e+00,5.65133e+00,4.87775e-01,1.87070e+00,6.85010e+00
1.69119e+00,3.10664e+01,1.97386e-01,2.57394e+01,8.63123e-01,1.35230e+00,2.64375e+00,7.59286e+00,3.90205e+00,1.69947e+01,3.91299e-01,5.77849e+01,3.57712e+00,1.44270e+00,1.16342e+00,9.13787e+00,6.12267e+00,4.67244e-01,1.88684e+00,6.88466e+00
1.67778e+00,3.09573e+01,1.92565e-01,2.58539e+01,8.31622e-01,1.28569e+00,2.66971e+00,7.68828e+00,3.94317e+00,1.70065e+01,3.85337e-01,5.83420e+01,3.58588e+00,1.45648e+00,1.17566e+00,9.16226e+00,6.60471e+00,4.51103e-01,1.90401e+00,6.91741e+00
1.66329e+00,3.08575e+01,1.88504e-01,2.59590e+01,8.05784e-01,1.22316e+00,2.77559e+00,7.79633e+00,3.98292e+00,1.70103e+01,4.00705e-01,5.87888e+01,3.59092e+00,1.46860e+00,1.19992e+00,9.18153e+00,7.04705e+00,4.38443e-01,1.94377e+00,6.94841e+00
1.64820e+00,3.07685e+01,1.85272e-01,2.60474e+01,8.17374e-01,1.16617e+00,2.99622e+00,7.85572e+00,4.02342e+00,1.70081e+01,5.46933e-01,5.90827e+01,3.59253e+00,1.47828e+00,1.30559e+00,9.19563e+00,7.39595e+00,4.30301e-01,2.00098e+00,6.97811e+00
1.63261e+00,3.06910e+01,1.82634e-01,2.61173e+01,1.15939e+00,1.11619e+00,3.31767e+00,7.90332e+00,4.06481e+00,1.70009e+01,8.53868e-01,5.92154e+01,3.59120e+00,1.48446e+00,1.41302e+00,9.20375e+00,7.62300e+00,4.27984e-01,2.06298e+00,7.00547e+00
1.61596e+00,3.06231e+01,1.80390e-01,2.61709e+01,2.23609e+00,1.07262e+00,3.58994e+00,7.95277e+00,4.10554e+00,1.69891e+01,1.11844e+00,5.92074e+01,3.58788e+00,1.48699e+00,1.47785e+00,9.20777e+00,7.73561e+00,4.32718e-01,2.12002e+00,7.03010e+00
1.59815e+00,3.05674e+01,1.78442e-01,2.62137e+01,3.43871e+00,1.03488e+00,3.74671e+00,8.00413e+00,4.14326e+00,1.69730e+01,1.29246e+00,5.90879e+01,3.58318e+00,1.48583e+00,1.52997e+00,9.20854e+00,7.76427e+00,4.45388e-01,2.17316e+00,7.05290e+00
1.57926e+00,3.05218e+01,1.76691e-01,2.62562e+01,3.77574e+00,1.00286e+00,3.81278e+00,8.05676e+00,4.17596e+00,1.69517e+01,1.33522e+00,5.88861e+01,3.57864e+00,1.48151e+00,1.54355e+00,9.20884e+00,7.74586e+00,4.66313e-01,2.22251e+00,7.07439e+00
1.55962e+00,3.04859e+01,1.75125e-01,2.63109e+01,3.38731e+00,9.78026e-01,3.83126e+00,8.11019e+00,4.20277e+00,1.69251e+01,1.25798e+00,5.86303e+01,3.57518e+00,1.47494e+00,1.51328e+00,9.21193e+00,7.71159e+00,4.94683e-01,2.26732e+00,7.09488e+00
1.54006e+00,3.04583e+01,1.73638e-01,2.63941e+01,2.80431e+00,9.63799e-01,3.84291e+00,8.16466e+00,4.22420e+00,1.68921e+01,1.13171e+00,5.83387e+01,3.57431e+00,1.46698e+00,1.45532e+00,9.22322e+00,7.68133e+00,5.27772e-01,2.30811e+00,7.11465e+00
1.52122e+00,3.04384e+01,1.72202e-01,2.65252e+01,2.27580e+00,9.65889e-01,3.87433e+00,8.22094e+00,4.24155e+00,1.68533e+01,1.00905e+00,5.80271e+01,3.57756e+00,1.45863e+00,1.38751e+00,9.25003e+00,7.66120e+00,5.60844e-01,2.34589e+00,7.13257e+00
1.50336e+00,3.04255e+01,1.70905e-01,2.67219e+01,1.85681e+00,9.88591e-01,3.93375e+00,8.28111e+00,4.25662e+00,1.68090e+01,9.07353e-01,5.77030e+01,3.58657e+00,1.45072e+00,1.32062e+00,9.30272e+00,7.64563e+00,5.88516e-01,2.38015e+00,7.14734e+00
1.48613e+00,3.04181e+01,1.69658e-01,2.69889e+01,1.53692e+00,1.02671e+00,4.01207e+00,8.34681e+00,4.27090e+00,1.67591e+01,8.25225e-01,5.73738e+01,3.60238e+00,1.44411e+00,1.25896e+00,9.39593e+00,7.62261e+00,6.06803e-01,2.41066e+00,7.15680e+00
1.46916e+00,3.04129e+01,1.68504e-01,2.73153e+01,1.29274e+00,1.06500e+00,4.08794e+00,8.41977e+00,4.28461e+00,1.67062e+01,7.56652e-01,5.70408e+01,3.62672e+00,1.43946e+00,1.20356e+00,9.55054e+00,7.57829e+00,6.14271e-01,2.43580e+00,7.16033e+00
1.45192e+00,3.04098e+01,1.67442e-01,2.76702e+01,1.10403e+00,1.08984e+00,4.13854e+00,8.50215e+00,4.29694e+00,1.66509e+01,6.97058e-01,5.67093e+01,3.65959e+00,1.43725e+00,1.15440e+00,9.79580e+00,7.50256e+00,6.12085e-01,2.45548e+00,7.15630e+00
1.43396e+00,3.04049e+01,1.66429e-01,2.80194e+01,9.55905e-01,1.09734e+00,4.14926e+00,8.59453e+00,4.30654e+00,1.65961e+01,6.44254e-01,5.63806e+01,3.70122e+00,1.43766e+00,1.11149e+00,1.01669e+01,7.39144e+00,6.03070e-01,2.46984e+00,7.14521e+00
1.41537e+00,3.03984e+01,1.65525e-01,2.83372e+01,8.38146e-01,1.09139e+00,4.11716e+00,8.69740e+00,4.31093e+00,1.65431e+01,5.97512e-01,5.60561e+01,3.75073e+00,1.44071e+00,1.07493e+00,1.06986e+01,7.24598e+00,5.91094e-01,2.47980e+00,7.12703e+00
1.39642e+00,3.03880e+01,1.64750e-01,2.86090e+01,7.43589e-01,1.07790e+00,4.04895e+00,8.81004e+00,4.30803e+00,1.64934e+01,5.56695e-01,5.57371e+01,3.80650e+00,1.44602e+00,1.04433e+00,1.14080e+01,7.07241e+00,5.80880e-01,2.48592e+00,7.10275e+00
1.37753e+00,3.03727e+01,1.64069e-01,2.88303e+01,6.67214e-01,1.06184e+00,3.95678e+00,8.93123e+00,4.29605e+00,1.64488e+01,5.21632e-01,5.54239e+01,3.86631e+00,1.45314e+00,1.01916e+00,1.22848e+01,6.87868e+00,5.78485e-01,2.48954e+00,7.07326e+00
1.35898e+00,3.03555e+01,1.63475e-01,2.89981e+01,6.05298e-01,1.04639e+00,3.85445e+00,9.05836e+00,4.27433e+00,1.64097e+01,4.91874e-01,5.51170e+01,3.92793e+00,1.46100e+00,9.98526e-01,1.33028e+01,6.67264e+00,5.91029e-01,2.49130e+00,7.03939e+00
1.34108e+00,3.03349e+01,1.62942e-01,2.91143e+01,5.54854e-01,1.03351e+00,3.75508e+00,9.18841e+00,4.24279e+00,1.63772e+01,4.67048e-01,5.48171e+01,3.98862e+00,1.46876e+00,9.81533e-01,1.44404e+01,6.46157e+00,6.24415e-01,2.49205e+00,7.00242e+00
1.32407e+00,3.03143e+01,1.62448e-01,2.91854e+01,5.13761e-01,1.02448e+00,3.66968e+00,9.31801e+00,4.20222e+00,1.63516e+01,4.46706e-01,5.45245e+01,4.04633e+00,1.47571e+00,9.67398e-01,1.56623e+01,6.25198e+00,6.78537e-01,2.49300e+00,6.96259e+00
1.30804e+00,3.02959e+01,1.62030e-01,2.92204e+01,4.80186e-01,1.02033e+00,3.60641e+00,9.44427e+00,4.15378e+00,1.63333e+01,4.30345e-01,5.42375e+01,4.09898e+00,1.48093e+00,9.55750e-01,1.68803e+01,6.04796e+00,7.43924e-01,2.49501e+00,6.92109e+00
1.29289e+00,3.02841e+01,1.61705e-01,2.92294e+01,4.52728e-01,1.02205e+00,3.57023e+00,9.56411e+00,4.09906e+00,1.63219e+01,4.17481e-01,5.39571e+01,4.14523e+00,1.48408e+00,9.46207e-01,1.79572e+01,5.85345e+00,8.05069e-01,2.49885e+00,6.87812e+00
1.27883e+00,3.02826e+01,1.61448e-01,2.92232e+01,4.30261e-01,1.03050e+00,3.56213e+00,9.67495e+00,4.03964e+00,1.63184e+01,4.07805e-01,5.36833e+01,4.18397e+00,1.48480e+00,9.38389e-01,1.87692e+01,5.67066e+00,8.48567e-01,2.50555e+00,6.83372e+00
1.26552e+00,3.02947e+01,1.61205e-01,2.92082e+01,4.11814e-01,1.04617e+00,3.57798e+00,9.77451e+00,3.97707e+00,1.63215e+01,4.01250e-01,5.34171e+01,4.21420e+00,1.48300e+00,9.31995e-01,1.92581e+01,5.50102e+00,8.68464e-01,2.51474e+00,6.78916e+00
1.25291e+00,3.03236e+01,1.60987e-01,2.91863e+01,3.96703e-01,1.06883e+00,3.61029e+00,9.86124e+00,3.91265e+00,1.63315e+01,3.97906e-01,5.31568e+01,4.23543e+00,1.47869e+00,9.26672e-01,1.94322e+01,5.34542e+00,8.65896e-01,2.52714e+00,6.74425e+00
1.24093e+00,3.03711e+01,1.60785e-01,2.91576e+01,3.84294e-01,1.09723e+00,3.64897e+00,9.93333e+00,3.84763e+00,1.63479e+01,3.97969e-01,5.29035e+01,4.24784e+00,1.47199e+00,9.22146e-01,1.93405e+01,5.20376e+00,8.45664e-01,2.54188e+00,6.69953e+00
1.22961e+00,3.04384e+01,1.60611e-01,2.91222e+01,3.74097e-01,1.12901e+00,3.68500e+00,9.99085e+00,3.78303e+00,1.63709e+01,4.01837e-01,5.26572e+01,4.25087e+00,1.46310e+00,9.18119e-01,1.90524e+01,5.07579e+00,8.13419e-01,2.55845e+00,6.65560e+00
1.21884e+00,3.05244e+01,1.60475e-01,2.90792e+01,3.65698e-01,1.16105e+00,3.71295e+00,1.00331e+01,3.71989e+00,1.63997e+01,4.09933e-01,5.24180e+01,4.24534e+00,1.45229e+00,9.14612e-01,1.86416e+01,4.96025e+00,7.74101e-01,2.57575e+00,6.61299e+00
1.20848e+00,3.06247e+01,1.60331e-01,2.90320e+01,3.58705e-01,1.19029e+00,3.73208e+00,1.00608e+01,3.65877e+00,1.64352e+01,4.22571e-01,5.21871e+01,4.23137e+00,1.43977e+00,9.11735e-01,1.81785e+01,4.85615e+00,7.31453e-01,2.59259e+00,6.57209e+00
1.19841e+00,3.07368e+01,1.60200e-01,2.89845e+01,3.52949e-01,1.21414e+00,3.74476e+00,1.00743e+01,3.60041e+00,1.64770e+01,4.39854e-01,5.19656e+01,4.21003e+00,1.42586e+00,9.09810e-01,1.77227e+01,4.76245e+00,6.88131e-01,2.60731e+00,6.53361e+00
1.18880e+00,3.08542e+01,1.60043e-01,2.89417e+01,3.48202e-01,1.23107e+00,3.75541e+00,1.00743e+01,3.54541e+00,1.65253e+01,4.61553e-01,5.17526e+01,4.18201e+00,1.41097e+00,9.09461e-01,1.73117e+01,4.67775e+00,6.45858e-01,2.61909e+00,6.49786e+00
1.17952e+00,3.09689e+01,1.59944e-01,2.89084e+01,3.44278e-01,1.24088e+00,3.76768e+00,1.00622e+01,3.49421e+00,1.65822e+01,4.86842e-01,5.15498e+01,4.14874e+00,1.39526e+00,9.11386e-01,1.69528e+01,4.60104e+00,6.05720e-01,2.62654e+00,6.46492e+00
1.17044e+00,3.10759e+01,1.59793e-01,2.88901e+01,3.41099e-01,1.24461e+00,3.78342e+00,1.00394e+01,3.44730e+00,1.66465e+01,5.14358e-01,5.13581e+01,4.11072e+00,1.37900e+00,9.16467e-01,1.66318e+01,4.53168e+00,5.68370e-01,2.62870e+00,6.43571e+00
1.16160e+00,3.11699e+01,1.59606e-01,2.88896e+01,3.38453e-01,1.24466e+00,3.80188e+00,1.00082e+01,3.40489e+00,1.67194e+01,5.42466e-01,5.11766e+01,4.06972e+00,1.36254e+00,9.25462e-01,1.63255e+01,4.46880e+00,5.34090e-01,2.62522e+00,6.40976e+00
1.15305e+00,3.12464e+01,1.59429e-01,2.89077e+01,3.36214e-01,1.24431e+00,3.82132e+00,9.97074e+00,3.36726e+00,1.68011e+01,5.69473e-01,5.10073e+01,4.02628e+00,1.34603e+00,9.38950e-01,1.60183e+01,4.41237e+00,5.02973e-01,2.61563e+00,6.38758e+00
1.14472e+00,3.13041e+01,1.59259e-01,2.89447e+01,3.34321e-01,1.24751e+00,3.83927e+00,9.92954e+00,3.33433e+00,1.68916e+01,5.93921e-01,5.08507e+01,3.98141e+00,1.32964e+00,9.57068e-01,1.57130e+01,4.36196e+00,4.74981e-01,2.60019e+00,6.36911e+00
1.13670e+00,3.13424e+01,1.59122e-01,2.89982e+01,3.32691e-01,1.25820e+00,3.85398e+00,9.88718e+00,3.30612e+00,1.69899e+01,6.14875e-01,5.07052e+01,3.93644e+00,1.31352e+00,9.79352e-01,1.54231e+01,4.31754e+00,4.49944e-01,2.57910e+00,6.35415e+00
1.12899e+00,3.13633e+01,1.58968e-01,2.90635e+01,3.31220e-01,1.27919e+00,3.86358e+00,9.84661e+00,3.28232e+00,1.70952e+01,6.31912e-01,5.05736e+01,3.89161e+00,1.29779e+00,1.00500e+00,1.51722e+01,4.27900e+00,4.27710e-01,2.55307e+00,6.34265e+00
1.12169e+00,3.13690e+01,1.58787e-01,2.91344e+01,3.30048e-01,1.31120e+00,3.86658e+00,9.80893e+00,3.26241e+00,1.72065e+01,6.45044e-01,5.04544e+01,3.84798e+00,1.28262e+00,1.03273e+00,1.49854e+01,4.24643e+00,4.08075e-01,2.52271e+00,6.33411e+00
1.11481e+00,3.13629e+01,1.58580e-01,2.92059e+01,3.28967e-01,1.35179e+00,3.86154e+00,9.77608e+00,3.24575e+00,1.73212e+01,6.54770e-01,5.03464e+01,3.80553e+00,1.26798e+00,1.06119e+00,1.48885e+01,4.21987e+00,3.90835e-01,2.48878e+00,6.32889e+00
1.10823e+00,3.13494e+01,1.58382e-01,2.92716e+01,3.28033e-01,1.39571e+00,3.84691e+00,9.74787e+00,3.23182e+00,1.74377e+01,6.61697e-01,5.02519e+01,3.76482e+00,1.25403e+00,1.08902e+00,1.49001e+01,4.19911e+00,3.75757e-01,2.45199e+00,6.32606e+00
1.10203e+00,3.13301e+01,1.58191e-01,2.93280e+01,3.27193e-01,1.43634e+00,3.82078e+00,9.72402e+00,3.22018e+00,1.75537e+01,6.66578e-01,5.01679e+01,3.72594e+00,1.24073e+00,1.11500e+00,1.50270e+01,4.18388e+00,3.62662e-01,2.41291e+00,6.32592e+00
1.09626e+00,3.13117e+01,1.57999e-01,2.93723e+01,3.26474e-01,1.46774e+00,3.78206e+00,9.70363e+00,3.21047e+00,1.76667e+01,6.70251e-01,5.00947e+01,3.68930e+00,1.22832e+00,1.13827e+00,1.52567e+01,4.17421e+00,3.51376e-01,2.37233e+00,6.32758e+00
1.09080e+00,3.12968e+01,1.57822e-01,2.94057e+01,3.25773e-01,1.48605e+00,3.73031e+00,9.68449e+00,3.20247e+00,1.77750e+01,6.73478e-01,5.00319e+01,3.65475e+00,1.21660e+00,1.15810e+00,1.55554e+01,4.16909e+00,3.41688e-01,2.33071e+00,6.33102e+00
1.08570e+00,3.12873e+01,1.57619e-01,2.94285e+01,3.25203e-01,1.48992e+00,3.66576e+00,9.66563e+00,3.19622e+00,1.78771e+01,6.76897e-01,4.99789e+01,3.62257e+00,1.20563e+00,1.17388e+00,1.58734e+01,4.16831e+00,3.33415e-01,2.28829e+00,6.33599e+00
1.08089e+00,3.12851e+01,1.57461e-01,2.94407e+01,3.24646e-01,1.48033e+00,3.59006e+00,9.64550e+00,3.19185e+00,1.79722e+01,6.81057e-01,4.99368e+01,3.59262e+00,1.19543e+00,1.18525e+00,1.61562e+01,4.17096e+00,3.26398e-01,2.24579e+00,6.34216e+00
1.07645e+00,3.12914e+01,1.57259e-01,2.94435e+01,3.24015e-01,1.45961e+00,3.50536e+00,9.62363e+00,3.18954e+00,1.80598e+01,6.86349e-01,4.99041e+01,3.56482e+00,1.18596e+00,1.19206e+00,1.63609e+01,4.17605e+00,3.20435e-01,2.20338e+00,6.34917e+00
1.07232e+00,3.13081e+01,1.57087e-01,2.94382e+01,3.23359e-01,1.43056e+00,3.41380e+00,9.60010e+00,3.18973e+00,1.81391e+01,6.93054e-01,4.98835e+01,3.53977e+00,1.17736e+00,1.19434e+00,1.64610e+01,4.18281e+00,3.15426e-01,2.16135e+00,6.35662e+00
1.06844e+00,3.13303e+01,1.56894e-01,2.94244e+01,3.22682e-01,1.39601e+00,3.31806e+00,9.57605e+00,3.19210e+00,1.82103e+01,7.01264e-01,4.98760e+01,3.51709e+00,1.16942e+00,1.19231e+00,1.64511e+01,4.19004e+00,3.11295e-01,2.12009e+00,6.36404e+00
1.06495e+00,3.13597e+01,1.56656e-01,2.94039e+01,3.22091e-01,1.35838e+00,3.22051e+00,9.55319e+00,3.19667e+00,1.82746e+01,7.11049e-01,4.98802e+01,3.49656e+00,1.16214e+00,1.18624e+00,1.63397e+01,4.19693e+00,3.07836e-01,2.07953e+00,6.37152e+00
1.06161e+00,3.13960e+01,1.56397e-01,2.93756e+01,3.21586e-01,1.31960e+00,3.12324e+00,9.53378e+00,3.20296e+00,1.83317e+01,7.22136e-01,4.98997e+01,3.47849e+00,1.15550e+00,1.17656e+00,1.61450e+01,4.20282e+00,3.04980e-01,2.04010e+00,6.37834e+00
1.05865e+00,3.14342e+01,1.56171e-01,2.93384e+01,3.21078e-01,1.28117e+00,3.02789e+00,9.51979e+00,3.20979e+00,1.83834e+01,7.34318e-01,4.99361e+01,3.46280e+00,1.14955e+00,1.16376e+00,1.58870e+01,4.20708e+00,3.02668e-01,2.00195e+00,6.38423e+00
1.05580e+00,3.14760e+01,1.55960e-01,2.92920e+01,3.20670e-01,1.24419e+00,2.93586e+00,9.51309e+00,3.21606e+00,1.84312e+01,7.47181e-01,4.99888e+01,3.44912e+00,1.14410e+00,1.14843e+00,1.55859e+01,4.20948e+00,3.00769e-01,1.96506e+00,6.38906e+00
1.05322e+00,3.15174e+01,1.55734e-01,2.92376e+01,3.20298e-01,1.20937e+00,2.84824e+00,9.51352e+00,3.22061e+00,1.84762e+01,7.60256e-01,5.00592e+01,3.43700e+00,1.13923e+00,1.13103e+00,1.52595e+01,4.20965e+00,2.99254e-01,1.92972e+00,6.39297e+00
1.05067e+00,3.15598e+01,1.55540e-01,2.91741e+01,3.19933e-01,1.17721e+00,2.76570e+00,9.52059e+00,3.22225e+00,1.85193e+01,7.73077e-01,5.01471e+01,3.42655e+00,1.13493e+00,1.11201e+00,1.49214e+01,4.20754e+00,2.98041e-01,1.89598e+00,6.39554e+00
1.04834e+00,3.16047e+01,1.55297e-01,2.90993e+01,3.19493e-01,1.14809e+00,2.68877e+00,9.53324e+00,3.22004e+00,1.85629e+01,7.85218e-01,5.02525e+01,3.41703e+00,1.13102e+00,1.09177e+00,1.45819e+01,4.20345e+00,2.97091e-01,1.86370e+00,6.39613e+00
1.04621e+00,3.16505e+01,1.55017e-01,2.90139e+01,3.19017e-01,1.12216e+00,2.61797e+00,9.54983e+00,3.21347e+00,1.86066e+01,7.96282e-01,5.03740e+01,3.40818e+00,1.12757e+00,1.07069e+00,1.42492e+01,4.19733e+00,2.96330e-01,1.83333e+00,6.39545e+00
1.04422e+00,3.16971e+01,1.54737e-01,2.89180e+01,3.18496e-01,1.09940e+00,2.55362e+00,9.56846e+00,3.20224e+00,1.86534e+01,8.05957e-01,5.05107e+01,3.39967e+00,1.12440e+00,1.04909e+00,1.39275e+01,4.18924e+00,2.95716e-01,1.80482e+00,6.39346e+00
1.04240e+00,3.17480e+01,1.54508e-01,2.88123e+01,3.18139e-01,1.07970e+00,2.49594e+00,9.58856e+00,3.18635e+00,1.87039e+01,8.13991e-01,5.06581e+01,3.39124e+00,1.12156e+00,1.02728e+00,1.36203e+01,4.17961e+00,2.95180e-01,1.77813e+00,6.38995e+00
1.04066e+00,3.18034e+01,1.54265e-01,2.86967e+01,3.17658e-01,1.06287e+00,2.44497e+00,9.61041e+00,3.16624e+00,1.87584e+01,8.20232e-01,5.08133e+01,3.38255e+00,1.11903e+00,1.00548e+00,1.33294e+01,4.16874e+00,2.94781e-01,1.75317e+00,6.38550e+00
1.03895e+00,3.18666e+01,1.54029e-01,2.85731e+01,3.17123e-01,1.04853e+00,2.40074e+00,9.63415e+00,3.14257e+00,1.88173e+01,8.24643e-01,5.09736e+01,3.37345e+00,1.11675e+00,9.83889e-01,1.30553e+01,4.15679e+00,2.94416e-01,1.73024e+00,6.37973e+00
1.03743e+00,3.19379e+01,1.53761e-01,2.84422e+01,3.16663e-01,1.03628e+00,2.36345e+00,9.66068e+00,3.11583e+00,1.88814e+01,8.27303e-01,5.11341e+01,3.36409e+00,1.11469e+00,9.62738e-01,1.27984e+01,4.14398e+00,2.94102e-01,1.70913e+00,6.37320e+00
1.03594e+00,3.20178e+01,1.53527e-01,2.83066e+01,3.16223e-01,1.02572e+00,2.33286e+00,9.69068e+00,3.08678e+00,1.89507e+01,8.28148e-01,5.12916e+01,3.35394e+00,1.11277e+00,9.42136e-01,1.25587e+01,4.13014e+00,2.93791e-01,1.68986e+00,6.36618e+00
1.03452e+00,3.21105e+01,1.53304e-01,2.81681e+01,3.15757e-01,1.01630e+00,2.30872e+00,9.72395e+00,3.05625e+00,1.90250e+01,8.27296e-01,5.14428e+01,3.34337e+00,1.11093e+00,9.22165e-01,1.23339e+01,4.11545e+00,2.93484e-01,1.67218e+00,6.35893e+00
1.03312e+00,3.22140e+01,1.53053e-01,2.80295e+01,3.15327e-01,1.00760e+00,2.29068e+00,9.76057e+00,3.02486e+00,1.91036e+01,8.24804e-01,5.15875e+01,3.33221e+00,1.10936e+00,9.02932e-01,1.21244e+01,4.10015e+00,2.93192e-01,1.65608e+00,6.35168e+00
1.03169e+00,3.23260e+01,1.52814e-01,2.78923e+01,3.14922e-01,9.99237e-01,2.27834e+00,9.79956e+00,2.99294e+00,1.91860e+01,8.20772e-01,5.17208e+01,3.32069e+00,1.10786e+00,8.84544e-01,1.19282e+01,4.08371e+00,2.92923e-01,1.64153e+00,6.34406e+00
1.03037e+00,3.24467e+01,1.52574e-01,2.77608e+01,3.14456e-01,9.90814e-01,2.27103e+00,9.83953e+00,2.96134e+00,1.92704e+01,8.15364e-01,5.18445e+01,3.30880e+00,1.10638e+00,8.67016e-01,1.17445e+01,4.06653e+00,2.92668e-01,1.62839e+00,6.33676e+00
1.02906e+00,3.25735e+01,1.52324e-01,2.76350e+01,3.13993e-01,9.82072e-01,2.26812e+00,9.87814e+00,2.93035e+00,1.93559e+01,8.08590e-01,5.19563e+01,3.29689e+00,1.10502e+00,8.50437e-01,1.15719e+01,4.04823e+00,2.92401e-01,1.61641e+00,6.33032e+00
1.02776e+00,3.27049e+01,1.52072e-01,2.75176e+01,3.13589e-01,9.72970e-01,2.26872e+00,9.91381e+00,2.90017e+00,1.94408e+01,8.00617e-01,5.20572e+01,3.28469e+00,1.10363e+00,8.34765e-01,1.14088e+01,4.02860e+00,2.92110e-01,1.60549e+00,6.32444e+00
1.02651e+00,3.28355e+01,1.51811e-01,2.74095e+01,3.13109e-01,9.63370e-01,2.27210e+00,9.94497e+00,2.87109e+00,1.95229e+01,7.91508e-01,5.21494e+01,3.27264e+00,1.10228e+00,8.20098e-01,1.12542e+01,4.00783e+00,2.91809e-01,1.59580e+00,6.31908e+00
1.02526e+00,3.29629e+01,1.51563e-01,2.73107e+01,3.12646e-01,9.53316e-01,2.27763e+00,9.96991e+00,2.84351e+00,1.96005e+01,7.81412e-01,5.22336e+01,3.26099e+00,1.10089e+00,8.06369e-01,1.11079e+01,3.98579e+00,2.91511e-01,1.58677e+00,6.31451e+00
1.02401e+00,3.30854e+01,1.51310e-01,2.72231e+01,3.12165e-01,9.42860e-01,2.28487e+00,9.98756e+00,2.81720e+00,1.96726e+01,7.70563e-01,5.23110e+01,3.24936e+00,1.09955e+00,7.93528e-01,1.09685e+01,3.96278e+00,2.91222e-01,1.57845e+00,6.31109e+00
1.02273e+00,3.31995e+01,1.51048e-01,2.71485e+01,3.11960e-01,9.32019e-01,2.29335e+00,9.99749e+00,2.79262e+00,1.97377e+01,7.58959e-01,5.23852e+01,3.23799e+00,1.09815e+00,7.81653e-01,1.08352e+01,3.93852e+00,2.90922e-01,1.57078e+00,6.30863e+00
1.02146e+00,3.33033e+01,1.50792e-01,2.70873e+01,3.12247e-01,9.20961e-01,2.30299e+00,1.00009e+01,2.76969e+00,1.97958e+01,7.46751e-01,5.24578e+01,3.22717e+00,1.09895e+00,7.70632e-01,1.07073e+01,3.91326e+00,2.90612e-01,1.56350e+00,6.30731e+00
1.02134e+00,3.33969e+01,1.50543e-01,2.70424e+01,3.12873e-01,9.09770e-01,2.31384e+00,9.99790e+00,2.74849e+00,1.98462e+01,7.34085e-01,5.25300e+01,3.21677e+00,1.09846e+00,7.60471e-01,1.05847e+01,3.88765e+00,2.90298e-01,1.55665e+00,6.30763e+00
1.02081e+00,3.34767e+01,1.50311e-01,2.70164e+01,3.13730e-01,8.98553e-01,2.32606e+00,9.98990e+00,2.72896e+00,1.98875e+01,7.21082e-01,5.26033e+01,3.20666e+00,1.09756e+00,7.51128e-01,1.04670e+01,3.86136e+00,2.89967e-01,1.55014e+00,6.30989e+00
1.01992e+00,3.35421e+01,1.50064e-01,2.70139e+01,3.14781e-01,8.87403e-01,2.34012e+00,9.97836e+00,2.71101e+00,1.99218e+01,7.07845e-01,5.26793e+01,3.19714e+00,1.09693e+00,7.42587e-01,1.03531e+01,3.83454e+00,2.89635e-01,1.54428e+00,6.31414e+00
1.01886e+00,3.35954e+01,1.49878e-01,2.70421e+01,3.16175e-01,8.76396e-01,2.35569e+00,9.96498e+00,2.69438e+00,1.99489e+01,6.94514e-01,5.27595e+01,3.18793e+00,1.09627e+00,7.34778e-01,1.02438e+01,3.80753e+00,2.89283e-01,1.53915e+00,6.32606e+00
1.01787e+00,3.36351e+01,1.49676e-01,2.71058e+01,3.18119e-01,8.65654e-01,2.37325e+00,9.95199e+00,2.67918e+00,1.99691e+01,6.81158e-01,5.28448e+01,3.17926e+00,1.09518e+00,7.27679e-01,1.01392e+01,3.78047e+00,2.88890e-01,1.53473e+00,6.34265e+00
1.01721e+00,3.36647e+01,1.49560e-01,2.72134e+01,3.20852e-01,8.55217e-01,2.39284e+00,9.94169e+00,2.66511e+00,1.99857e+01,6.67871e-01,5.29367e+01,3.17102e+00,1.09383e+00,7.21257e-01,1.00379e+01,3.75296e+00,2.88502e-01,1.53116e+00,6.36240e+00
1.01669e+00,3.36842e+01,1.49520e-01,2.73746e+01,3.24640e-01,8.45109e-01,2.41427e+00,9.93658e+00,2.65211e+00,1.99996e+01,6.54858e-01,5.30356e+01,3.16321e+00,1.09254e+00,7.15408e-01,9.93969e+00,3.72523e+00,2.88114e-01,1.52797e+00,6.38570e+00
1.01630e+00,3.36958e+01,1.49529e-01,2.75981e+01,3.29755e-01,8.35472e-01,2.43739e+00,9.93947e+00,2.64018e+00,2.00134e+01,6.42162e-01,5.31434e+01,3.15580e+00,1.09137e+00,7.10158e-01,9.84503e+00,3.69760e+00,2.87718e-01,1.52531e+00,6.41193e+00
1.01597e+00,3.37020e+01,1.49456e-01,2.78918e+01,3.36236e-01,8.26156e-01,2.46171e+00,9.95353e+00,2.62910e+00,2.00292e+01,6.29757e-01,5.32608e+01,3.14872e+00,1.09052e+00,7.05393e-01,9.75413e+00,3.67043e+00,2.87363e-01,1.52320e+00,6.43910e+00
1.01596e+00,3.37046e+01,1.49333e-01,2.82606e+01,3.43669e-01,8.17280e-01,2.48618e+00,9.98137e+00,2.61892e+00,2.00501e+01,6.17758e-01,5.33865e+01,3.14209e+00,1.08990e+00,7.01132e-01,9.66639e+00,3.64406e+00,2.86984e-01,1.52138e+00,6.46720e+00
1.01631e+00,3.37058e+01,1.49150e-01,2.87064e+01,3.51353e-01,8.08859e-01,2.51043e+00,1.00259e+01,2.60939e+00,2.00787e+01,6.06165e-01,5.35211e+01,3.13591e+00,1.08947e+00,6.97343e-01,9.58295e+00,3.61862e+00,2.86584e-01,1.51984e+00,6.49712e+00
1.01719e+00,3.37044e+01,1.48907e-01,2.92223e+01,3.58294e-01,8.00870e-01,2.53367e+00,1.00902e+01,2.60066e+00,2.01186e+01,5.94938e-01,5.36639e+01,3.13017e+00,1.08901e+00,6.93992e-01,9.50310e+00,3.59435e+00,2.86143e-01,1.51829e+00,6.52910e+00
1.01877e+00,3.37064e+01,1.48663e-01,2.97967e+01,3.63728e-01,7.93444e-01,2.55511e+00,1.01755e+01,2.59258e+00,2.01728e+01,5.84174e-01,5.38138e+01,3.12496e+00,1.08865e+00,6.91151e-01,9.42748e+00,3.57116e+00,2.85695e-01,1.51672e+00,6.56226e+00
1.02128e+00,3.37106e+01,1.48366e-01,3.04110e+01,3.67171e-01,7.86399e-01,2.57428e+00,1.02833e+01,2.58507e+00,2.02443e+01,5.73726e-01,5.39704e+01,3.12004e+00,1.08811e+00,6.88757e-01,9.35604e+00,3.54893e+00,2.85230e-01,1.51494e+00,6.59595e+00
1.02437e+00,3.37175e+01,1.47967e-01,3.10398e+01,3.68596e-01,7.79788e-01,2.59055e+00,1.04128e+01,2.57818e+00,2.03352e+01,5.63715e-01,5.41310e+01,3.11586e+00,1.08754e+00,6.86901e-01,9.28877e+00,3.52804e+00,2.84762e-01,1.51291e+00,6.62918e+00
1.02829e+00,3.37291e+01,1.47621e-01,3.16574e+01,3.68157e-01,7.73599e-01,2.60358e+00,1.05625e+01,2.57180e+00,2.04476e+01,5.53991e-01,5.42936e+01,3.11221e+00,1.08685e+00,6.85576e-01,9.22726e+00,3.50915e+00,2.84312e-01,1.51090e+00,6.66172e+00
1.03261e+00,3.37444e+01,1.47203e-01,3.22405e+01,3.66211e-01,7.67736e-01,2.61311e+00,1.07289e+01,2.56580e+00,2.05826e+01,5.44623e-01,5.44576e+01,3.10912e+00,1.08601e+00,6.84813e-01,9.17072e+00,3.49315e+00,2.83866e-01,1.50879e+00,6.69259e+00
1.03721e+00,3.37643e+01,1.46757e-01,3.27660e+01,3.63124e-01,7.62233e-01,2.61886e+00,1.09081e+01,2.56029e+00,2.07406e+01,5.35543e-01,5.46206e+01,3.10698e+00,1.08506e+00,6.84611e-01,9.12025e+00,3.48075e+00,2.83420e-01,1.50691e+00,6.72195e+00
1.04164e+00,3.37882e+01,1.46402e-01,3.32210e+01,3.59266e-01,7.57147e-01,2.62109e+00,1.10944e+01,2.55515e+00,2.09196e+01,5.26809e-01,5.47808e+01,3.10623e+00,1.08404e+00,6.84820e-01,9.07616e+00,3.47270e+00,2.82961e-01,1.50529e+00,6.74846e+00
1.04571e+00,3.38160e+01,1.46098e-01,3.35974e+01,3.54942e-01,7.52421e-01,2.61980e+00,1.12830e+01,2.55030e+00,2.11176e+01,5.18426e-01,5.49379e+01,3.10676e+00,1.08276e+00,6.85430e-01,9.03737e+00,3.46905e+00,2.82496e-01,1.50402e+00,6.77224e+00
1.04910e+00,3.38458e+01,1.45828e-01,3.38918e+01,3.50258e-01,7.48055e-01,2.61501e+00,1.14706e+01,2.54567e+00,2.13302e+01,5.10392e-01,5.50910e+01,3.10909e+00,1.08124e+00,6.86329e-01,9.00454e+00,3.46936e+00,2.82030e-01,1.50314e+00,6.79200e+00
1.05153e+00,3.38780e+01,1.45573e-01,3.41109e+01,3.45537e-01,7.43981e-01,2.60697e+00,1.16544e+01,2.54140e+00,2.15529e+01,5.02745e-01,5.52388e+01,3.11317e+00,1.07955e+00,6.87369e-01,8.97683e+00,3.47230e+00,2.81571e-01,1.50263e+00,6.80789e+00
1.05302e+00,3.39085e+01,1.45296e-01,3.42621e+01,3.40764e-01,7.40200e-01,2.59585e+00,1.18353e+01,2.53720e+00,2.17798e+01,4.95517e-01,5.53815e+01,3.11923e+00,1.07769e+00,6.88463e-01,8.95605e+00,3.47666e+00,2.81136e-01,1.50268e+00,6.81936e+00
1.05350e+00,3.39376e+01,1.45024e-01,3.43565e+01,3.36166e-01,7.36728e-01,2.58197e+00,1.20165e+01,2.53324e+00,2.20029e+01,4.88649e-01,5.55196e+01,3.12728e+00,1.07571e+00,6.92093e-01,8.94310e+00,3.48141e+00,2.80695e-01,1.50302e+00,6.82580e+00
1.05298e+00,3.39620e+01,1.44739e-01,3.44074e+01,3.31803e-01,7.33471e-01,2.56562e+00,1.22031e+01,2.52935e+00,2.22168e+01,4.82234e-01,5.56515e+01,3.13700e+00,1.07357e+00,6.94073e-01,8.94515e+00,3.48603e+00,2.80224e-01,1.50379e+00,6.82759e+00
1.05159e+00,3.39824e+01,1.44466e-01,3.44284e+01,3.27653e-01,7.30452e-01,2.54713e+00,1.24038e+01,2.52566e+00,2.24145e+01,4.76127e-01,5.57785e+01,3.14836e+00,1.07142e+00,6.94988e-01,8.97737e+00,3.49048e+00,2.79783e-01,1.50473e+00,6.82492e+00
1.04947e+00,3.39956e+01,1.44202e-01,3.44306e+01,3.23790e-01,7.27703e-01,2.52676e+00,1.26274e+01,2.52202e+00,2.25905e+01,4.70308e-01,5.59017e+01,3.16071e+00,1.06919e+00,6.95740e-01,9.08544e+00,3.49493e+00,2.79352e-01,1.50596e+00,6.81785e+00
1.04674e+00,3.40034e+01,1.43996e-01,3.44259e+01,3.20281e-01,7.25102e-01,2.50493e+00,1.28837e+01,2.51840e+00,2.27399e+01,4.64750e-01,5.60200e+01,3.17371e+00,1.06699e+00,6.96011e-01,9.29862e+00,3.49940e+00,2.78914e-01,1.50705e+00,6.80702e+00
1.04368e+00,3.40011e+01,1.43753e-01,3.44254e+01,3.17038e-01,7.22773e-01,2.48186e+00,1.31828e+01,2.51482e+00,2.28578e+01,4.59388e-01,5.61348e+01,3.18691e+00,1.06485e+00,6.95644e-01,9.52516e+00,3.50380e+00,2.78478e-01,1.50772e+00,6.79246e+00
1.04045e+00,3.39915e+01,1.43523e-01,3.44351e+01,3.14105e-01,7.20579e-01,2.45791e+00,1.35295e+01,2.51125e+00,2.29430e+01,4.54141e-01,5.62478e+01,3.19940e+00,1.06265e+00,6.94852e-01,9.64535e+00,3.50778e+00,2.78073e-01,1.50778e+00,6.77497e+00
1.03716e+00,3.39717e+01,1.43253e-01,3.44597e+01,3.11515e-01,7.18592e-01,2.43331e+00,1.39259e+01,2.50762e+00,2.29936e+01,4.48989e-01,5.63607e+01,3.21082e+00,1.06058e+00,6.93752e-01,9.64652e+00,3.51085e+00,2.77664e-01,1.50694e+00,6.75467e+00
1.03391e+00,3.39406e+01,1.43019e-01,3.45040e+01,3.09218e-01,7.16868e-01,2.40819e+00,1.43677e+01,2.50397e+00,2.30093e+01,4.43926e-01,5.64737e+01,3.22066e+00,1.05844e+00,6.92433e-01,9.58815e+00,3.51265e+00,2.77278e-01,1.50519e+00,6.73202e+00
1.03088e+00,3.39002e+01,1.42835e-01,3.45676e+01,3.07195e-01,7.15422e-01,2.38286e+00,1.48441e+01,2.50034e+00,2.29903e+01,4.38938e-01,5.65883e+01,3.22847e+00,1.05639e+00,6.91234e-01,9.52721e+00,3.51268e+00,2.76939e-01,1.50228e+00,6.70706e+00
1.02803e+00,3.38509e+01,1.42644e-01,3.46494e+01,3.05372e-01,7.14510e-01,2.35738e+00,1.53399e+01,2.49674e+00,2.29399e+01,4.34040e-01,5.67070e+01,3.23404e+00,1.05429e+00,6.90399e-01,9.49630e+00,3.51053e+00,2.76535e-01,1.49840e+00,6.68082e+00
1.02554e+00,3.37920e+01,1.42431e-01,3.47490e+01,3.03735e-01,7.14829e-01,2.33204e+00,1.58356e+01,2.49315e+00,2.28588e+01,4.29306e-01,5.68326e+01,3.23712e+00,1.05217e+00,6.90191e-01,9.50550e+00,3.50600e+00,2.76128e-01,1.49362e+00,6.65238e+00
1.02334e+00,3.37238e+01,1.42173e-01,3.48639e+01,3.02281e-01,7.18103e-01,2.30689e+00,1.63134e+01,2.48937e+00,2.27517e+01,4.24659e-01,5.69660e+01,3.23778e+00,1.05019e+00,6.90840e-01,9.54623e+00,3.49909e+00,2.75697e-01,1.48794e+00,6.62255e+00
1.02147e+00,3.36456e+01,1.41929e-01,3.49919e+01,3.00969e-01,7.27040e-01,2.28244e+00,1.67569e+01,2.48572e+00,2.26210e+01,4.20084e-01,5.71080e+01,3.23623e+00,1.04815e+00,6.92542e-01,9.59933e+00,3.48985e+00,2.75254e-01,1.48186e+00,6.59151e+00
1.01985e+00,3.35603e+01,1.41677e-01,3.51317e+01,2.99833e-01,7.43446e-01,2.25872e+00,1.71530e+01,2.48183e+00,2.24698e+01,4.15656e-01,5.72584e+01,3.23244e+00,1.04607e+00,6.95573e-01,9.64670e+00,3.47838e+00,2.74796e-01,1.47519e+00,6.55911e+00
1.01840e+00,3.34680e+01,1.41440e-01,3.52821e+01,2.98793e-01,7.65182e-01,2.23607e+00,1.74929e+01,2.47806e+00,2.23010e+01,4.11362e-01,5.74179e+01,3.22654e+00,1.04409e+00,7.00070e-01,9.67851e+00,3.46488e+00,2.74295e-01,1.46841e+00,6.52590e+00
1.01721e+00,3.33675e+01,1.41219e-01,3.54458e+01,2.97874e-01,7.86459e-01,2.21465e+00,1.77737e+01,2.47428e+00,2.21189e+01,4.07245e-01,5.75851e+01,3.21935e+00,1.04197e+00,7.06091e-01,9.69407e+00,3.44944e+00,2.73794e-01,1.46164e+00,6.49207e+00
1.01606e+00,3.32621e+01,1.41026e-01,3.56251e+01,2.97134e-01,8.01754e-01,2.19484e+00,1.79939e+01,2.47045e+00,2.19256e+01,4.03346e-01,5.77586e+01,3.21097e+00,1.04001e+00,7.13607e-01,9.69726e+00,3.43259e+00,2.73290e-01,1.45485e+00,6.45745e+00
1.01490e+00,3.31500e+01,1.40760e-01,3.58237e+01,2.96414e-01,8.08741e-01,2.17688e+00,1.81551e+01,2.46659e+00,2.17234e+01,3.99647e-01,5.79368e+01,3.20148e+00,1.03794e+00,7.22490e-01,9.69307e+00,3.41465e+00,2.72796e-01,1.44843e+00,6.42263e+00
1.01373e+00,3.30357e+01,1.40455e-01,3.60468e+01,2.95686e-01,8.08142e-01,2.16106e+00,1.82612e+01,2.46265e+00,2.15153e+01,3.96193e-01,5.81159e+01,3.19119e+00,1.03592e+00,7.32380e-01,9.68512e+00,3.39585e+00,2.72308e-01,1.44242e+00,6.38768e+00
1.01228e+00,3.29181e+01,1.40238e-01,3.62960e+01,2.95049e-01,8.02138e-01,2.14768e+00,1.83164e+01,2.45877e+00,2.13036e+01,3.92991e-01,5.82938e+01,3.18032e+00,1.03399e+00,7.42848e-01,9.67666e+00,3.37656e+00,2.71809e-01,1.43667e+00,6.35294e+00
1.01072e+00,3.27964e+01,1.40035e-01,3.65712e+01,2.94446e-01,7.92945e-01,2.13688e+00,1.83258e+01,2.45479e+00,2.10896e+01,3.90098e-01,5.84669e+01,3.16916e+00,1.03204e+00,7.53321e-01,9.66797e+00,3.35713e+00,2.71292e-01,1.43153e+00,6.31796e+00
1.00878e+00,3.26752e+01,1.39816e-01,3.68678e+01,2.93851e-01,7.82375e-01,2.12888e+00,1.82944e+01,2.45082e+00,2.08750e+01,3.87504e-01,5.86302e+01,3.15781e+00,1.03010e+00,7.63219e-01,9.66036e+00,3.33776e+00,2.70749e-01,1.42692e+00,6.28402e+00
1.00662e+00,3.25550e+01,1.39562e-01,3.71813e+01,2.93241e-01,7.71596e-01,2.12392e+00,1.82271e+01,2.44674e+00,2.06623e+01,3.85288e-01,5.87807e+01,3.14624e+00,1.02821e+00,7.72007e-01,9.65569e+00,3.31887e+00,2.70245e-01,1.42268e+00,6.25050e+00
1.00407e+00,3.24353e+01,1.39339e-01,3.74989e+01,2.92702e-01,7.61243e-01,2.12260e+00,1.81299e+01,2.44262e+00,2.04519e+01,3.83379e-01,5.89143e+01,3.13448e+00,1.02630e+00,7.79350e-01,9.65753e+00,3.30057e+00,2.69702e-01,1.41892e+00,6.21765e+00
1.00130e+00,3.23227e+01,1.39113e-01,3.78079e+01,2.93802e-01,7.55340e-01,2.12664e+00,1.80083e+01,2.43854e+00,2.02571e+01,3.82133e-01,5.90385e+01,3.12265e+00,1.02445e+00,7.94765e-01,9.67108e+00,3.28297e+00,2.69152e-01,1.41569e+00,6.18568e+00
9.98313e-01,3.22370e+01,1.40641e-01,3.80965e+01,2.98597e-01,7.52149e-01,2.14023e+00,1.78716e+01,2.43637e+00,2.00814e+01,4.07405e-01,5.91696e+01,3.11081e+00,1.02330e+00,8.14873e-01,9.70429e+00,3.26745e+00,2.70760e-01,1.46415e+00,6.15465e+00
9.95788e-01,3.24141e+01,1.44529e-01,3.83565e+01,3.08558e-01,1.02354e+00,2.18168e+00,1.77369e+01,2.43485e+00,1.99531e+01,5.01352e-01,5.92873e+01,3.09898e+00,1.02198e+00,9.04915e-01,9.76458e+00,3.25408e+00,2.71776e-01,1.60932e+00,6.12476e+00
9.92922e-01,3.25868e+01,1.49048e-01,3.85814e+01,3.23436e-01,1.83666e+00,2.45978e+00,1.76167e+01,2.43348e+00,1.98902e+01,6.70929e-01,5.94073e+01,3.08788e+00,1.02061e+00,1.14130e+00,9.85549e+00,3.24131e+00,2.72498e-01,1.82704e+00,6.09614e+00
9.89837e-01,3.24680e+01,1.53872e-01,3.87575e+01,3.43593e-01,3.26851e+00,3.06250e+00,1.74918e+01,2.43254e+00,1.99096e+01,8.04328e-01,5.95175e+01,3.07636e+00,1.01950e+00,1.49180e+00,9.97306e+00,3.22930e+00,2.73878e-01,2.02473e+00,6.06880e+00
9.86465e-01,3.23657e+01,1.57729e-01,3.88683e+01,3.63112e-01,4.49822e+00,3.67467e+00,1.73378e+01,2.43183e+00,2.00056e+01,8.76849e-01,5.96142e+01,3.06488e+00,1.01862e+00,1.75118e+00,1.01051e+01,3.21808e+00,2.75883e-01,2.22304e+00,6.04252e+00
9.83281e-01,3.23746e+01,1.60613e-01,3.89154e+01,3.78334e-01,5.82727e+00,4.19235e+00,1.71600e+01,2.43082e+00,2.01453e+01,9.01949e-01,5.97054e+01,3.05450e+00,1.01791e+00,1.87306e+00,1.02350e+01,3.20761e+00,2.78093e-01,2.52690e+00,6.01724e+00
9.80208e-01,3.24780e+01,1.62916e-01,3.89125e+01,3.91140e-01,1.02527e+01,4.82613e+00,1.69649e+01,2.42977e+00,2.02903e+01,8.86738e-01,5.98034e+01,3.04358e+00,1.01745e+00,1.94217e+00,1.03489e+01,3.19796e+00,2.80310e-01,2.97724e+00,5.99320e+00
9.77354e-01,3.26670e+01,1.65478e-01,3.88646e+01,4.01877e-01,1.79499e+01,5.77345e+00,1.67578e+01,2.42886e+00,2.04311e+01,8.48439e-01,5.99160e+01,3.03260e+00,1.01712e+00,1.93774e+00,1.04386e+01,3.18869e+00,2.82384e-01,3.43597e+00,5.97015e+00
9.74668e-01,3.29387e+01,1.67376e-01,3.87805e+01,4.09613e-01,2.11779e+01,6.77089e+00,1.65434e+01,2.42831e+00,2.05945e+01,8.01283e-01,6.00429e+01,3.02181e+00,1.01697e+00,1.86244e+00,1.05005e+01,3.17978e+00,2.84372e-01,3.70580e+00,5.94822e+00
9.72293e-01,3.32955e+01,1.68620e-01,3.86710e+01,4.13660e-01,1.95074e+01,7.43737e+00,1.63233e+01,2.42817e+00,2.08236e+01,7.52598e-01,6.01739e+01,3.01107e+00,1.01703e+00,1.75731e+00,1.05364e+01,3.17133e+00,2.86345e-01,3.73077e+00,5.92738e+00
9.70089e-01,3.37361e+01,1.69044e-01,3.85447e+01,4.14440e-01,1.61817e+01,7.72353e+00,1.61008e+01,2.42836e+00,2.11632e+01,7.07226e-01,6.02974e+01,3.00049e+00,1.01736e+00,1.65803e+00,1.05502e+01,3.16341e+00,2.88146e-01,3.58264e+00,5.90740e+00
9.68100e-01,3.42562e+01,1.68680e-01,3.84129e+01,4.13278e-01,1.29475e+01,7.67451e+00,1.58788e+01,2.42885e+00,2.16441e+01,6.68244e-01,6.04034e+01,2.99015e+00,1.01777e+00,1.57911e+00,1.05479e+01,3.15620e+00,2.89581e-01,3.35741e+00,5.88794e+00
9.66239e-01,3.48650e+01,1.67747e-01,3.83000e+01,4.11460e-01,1.03190e+01,7.38854e+00,1.56607e+01,2.42971e+00,2.22728e+01,6.36463e-01,6.04857e+01,2.98019e+00,1.01828e+00,1.52105e+00,1.05323e+01,3.14982e+00,2.90559e-01,3.12205e+00,5.86911e+00
9.64548e-01,3.55815e+01,1.66491e-01,3.82393e+01,4.09515e-01,8.32904e+00,7.06795e+00,1.54517e+01,2.43075e+00,2.30250e+01,6.10938e-01,6.05438e+01,2.97097e+00,1.01886e+00,1.48022e+00,1.05075e+01,3.14415e+00,2.90989e-01,2.91100e+00,5.85051e+00
9.63233e-01,3.64066e+01,1.65123e-01,3.82757e+01,4.07723e-01,6.88469e+00,7.02631e+00,1.52562e+01,2.43195e+00,2.38512e+01,5.90144e-01,6.05836e+01,2.96196e+00,1.01931e+00,1.45510e+00,1.04749e+01,3.13909e+00,2.90798e-01,2.73676e+00,5.83230e+00
9.62046e-01,3.72970e+01,1.63839e-01,3.84423e+01,4.05623e-01,5.89674e+00,8.00724e+00,1.50769e+01,2.43317e+00,2.47010e+01,5.73097e-01,6.06123e+01,2.95326e+00,1.01968e+00,1.44786e+00,1.04368e+01,3.13423e+00,2.90151e-01,2.59947e+00,5.81459e+00
9.61151e-01,3.81686e+01,1.62863e-01,3.87464e+01,4.03102e-01,5.31399e+00,1.21270e+01,1.49162e+01,2.43417e+00,2.55514e+01,5.59725e-01,6.06335e+01,2.94521e+00,1.02007e+00,1.46295e+00,1.03946e+01,3.12968e+00,2.89091e-01,2.49451e+00,5.79701e+00
9.60376e-01,3.89377e+01,1.62241e-01,3.91681e+01,3.99806e-01,5.10824e+00,2.09082e+01,1.47736e+01,2.43491e+00,2.64122e+01,5.51126e-01,6.06548e+01,2.93745e+00,1.02054e+00,1.50465e+00,1.03485e+01,3.12536e+00,2.87769e-01,2.41640e+00,5.77996e+00
9.59798e-01,3.95529e+01,1.61959e-01,3.96585e+01,3.95695e-01,5.21831e+00,2.96411e+01,1.46457e+01,2.43518e+00,2.72849e+01,5.49789e-01,6.06806e+01,2.92991e+00,1.02105e+00,1.57409e+00,1.03008e+01,3.12117e+00,2.86346e-01,2.36104e+00,5.76301e+00
9.59232e-01,4.00100e+01,1.61903e-01,4.01437e+01,3.90850e-01,5.50588e+00,3.43760e+01,1.45292e+01,2.43494e+00,2.81256e+01,5.59864e-01,6.07162e+01,2.92277e+00,1.02161e+00,1.66680e+00,1.02508e+01,3.11708e+00,2.84986e-01,2.32460e+00,5.74664e+00
9.58653e-01,4.03406e+01,1.61837e-01,4.05331e+01,3.85346e-01,5.79363e+00,3.57104e+01,1.44179e+01,2.43416e+00,2.88559e+01,5.86511e-01,6.07691e+01,2.91624e+00,1.02217e+00,1.77231e+00,1.02003e+01,3.11341e+00,2.83849e-01,2.30140e+00,5.73039e+00
9.58122e-01,4.05876e+01,1.61660e-01,4.07471e+01,3.79345e-01,5.95246e+00,3.50862e+01,1.43085e+01,2.43283e+00,2.94154e+01,6.33676e-01,6.08484e+01,2.90982e+00,1.02269e+00,1.87713e+00,1.01497e+01,3.11000e+00,2.83054e-01,2.28467e+00,5.71432e+00
9.57563e-01,4.07882e+01,1.61247e-01,4.07626e+01,3.73144e-01,5.94023e+00,3.34572e+01,1.41989e+01,2.43111e+00,2.98016e+01,7.00773e-01,6.09647e+01,2.90347e+00,1.02313e+00,1.96978e+00,1.00996e+01,3.10657e+00,2.82677e-01,2.26689e+00,5.69854e+00
9.56893e-01,4.09638e+01,1.60523e-01,4.06561e+01,3.66759e-01,5.77775e+00,3.13584e+01,1.40891e+01,2.42895e+00,3.00569e+01,7.80378e-01,6.11241e+01,2.89763e+00,1.02358e+00,2.04548e+00,1.00505e+01,3.10349e+00,2.82786e-01,2.24210e+00,5.68299e+00
9.56070e-01,4.11320e+01,1.59454e-01,4.07445e+01,3.60321e-01,5.50972e+00,2.90990e+01,1.39802e+01,2.42654e+00,3.02247e+01,8.60280e-01,6.13312e+01,2.89188e+00,1.02386e+00,2.10926e+00,1.00022e+01,3.10040e+00,2.83429e-01,2.20773e+00,5.66791e+00
9.55055e-01,4.12939e+01,1.58081e-01,4.18818e+01,3.54045e-01,5.18055e+00,2.68570e+01,1.38744e+01,2.42398e+00,3.03146e+01,9.28858e-01,6.15872e+01,2.88626e+00,1.02405e+00,2.17672e+00,9.95627e+00,3.09737e+00,2.84540e-01,2.16379e+00,5.65341e+00
9.53895e-01,4.14493e+01,1.56515e-01,4.53543e+01,3.47907e-01,4.82522e+00,2.47344e+01,1.37744e+01,2.42126e+00,3.02991e+01,9.79805e-01,6.18887e+01,2.88074e+00,1.02419e+00,2.27309e+00,9.91108e+00,3.09437e+00,2.86052e-01,2.11253e+00,5.63912e+00
