2.96430e+05,3.15945e+05,2.78924e+05,3.20227e+05,2.73098e+05,3.13062e+05,3.22476e+05,3.22481e+05,3.02025e+05,2.96664e+05,3.12191e+05,2.90617e+05,3.03810e+05,3.05388e+05,3.26294e+05,3.18438e+05,3.02269e+05,3.06265e+05,3.02739e+05,3.08554e+05
6.93889e-18,6.93889e-18,6.93889e-18,6.93889e-18,6.93889e-18,6.93889e-18,6.93889e-18,6.93889e-18,6.93889e-18,6.93889e-18,6.93889e-18,6.93889e-18,6.93889e-18,6.93889e-18,6.93889e-18,6.93889e-18,6.93889e-18,6.93889e-18,6.93889e-18,6.93889e-18
2.08167e-17,5.20417e-18,4.85723e-17,3.46945e-17,3.81639e-17,2.77556e-17,6.93889e-18,4.16334e-17,3.12250e-17,1.90820e-17,3.12250e-17,3.46945e-18,2.77556e-17,2.42861e-17,3.46945e-18,2.08167e-17,4.16334e-17,2.25514e-17,6.24500e-17,1.21431e-17
2.77556e-17,1.56125e-17,6.93889e-17,9.94987e-10,8.32667e-17,5.89806e-17,3.46945e-17,4.85723e-17,4.51028e-17,8.67362e-18,6.93889e-18,6.93889e-18,4.85723e-17,1.04083e-17,3.46945e-17,1.38778e-17,1.04083e-17,2.42861e-17,1.11022e-16,3.12250e-17
4.16334e-17,1.21431e-17,1.24900e-16,9.94987e-10,1.38778e-16,6.24500e-17,2.08167e-17,1.38778e-17,1.38778e-17,1.73472e-17,7.63278e-17,0.00000e+00,2.42861e-17,6.24500e-17,2.42861e-17,4.14246e-09,8.32667e-17,2.42861e-17,1.38778e-17,1.38778e-17
1.38778e-17,1.90820e-17,9.71445e-17,2.98496e-09,1.52656e-16,2.77556e-17,0.00000e+00,8.32667e-17,4.85723e-17,6.24500e-17,4.85723e-17,1.56125e-17,8.32667e-17,6.93889e-18,3.46945e-18,4.14246e-09,6.24500e-17,2.42861e-17,1.11022e-16,6.24500e-17
8.32667e-17,6.93889e-18,5.55112e-17,1.98997e-09,2.35922e-16,5.55112e-17,1.24900e-16,3.46945e-17,6.24500e-17,8.32667e-17,1.24900e-16,2.25514e-17,6.93889e-17,1.38778e-16,2.42861e-17,2.07123e-08,6.93889e-18,6.24500e-17,1.94289e-16,6.93889e-17
4.16334e-17,0.00000e+00,2.49800e-16,3.97995e-09,1.94289e-16,5.55112e-17,1.94289e-16,8.32667e-17,8.32667e-17,1.94289e-16,1.04083e-16,3.12250e-17,3.46945e-17,1.66533e-16,1.73472e-17,4.14246e-09,0.00000e+00,1.04083e-16,2.22045e-16,3.46945e-17
1.38778e-17,2.08167e-17,1.66533e-16,1.39553e-08,3.33067e-16,0.00000e+00,1.94289e-16,8.32667e-17,1.11022e-16,2.22045e-16,6.93889e-18,2.77556e-17,8.32667e-17,1.11022e-16,3.46945e-18,2.49800e-16,0.00000e+00,6.93889e-18,8.32667e-17,4.16334e-17
1.11022e-16,4.16334e-17,4.71845e-16,3.00791e-08,1.38778e-16,4.16334e-17,1.24900e-16,4.85723e-17,6.93889e-17,3.33067e-16,1.17961e-16,1.73472e-17,8.32667e-17,4.16334e-17,2.08167e-17,1.94289e-16,6.93889e-17,6.93889e-18,1.66533e-16,1.11022e-16
1.24900e-16,3.46945e-17,2.77556e-16,9.50955e-08,3.60822e-16,2.08167e-16,1.52656e-16,7.63278e-17,1.38778e-17,1.11022e-16,1.24900e-16,6.93889e-18,4.85723e-17,8.32667e-17,2.08167e-17,4.14246e-08,6.24500e-17,9.71445e-17,2.49800e-16,1.66533e-16
4.16334e-17,6.93889e-17,0.00000e+00,2.43298e-07,1.11022e-16,8.32667e-17,1.38778e-16,8.32667e-17,0.00000e+00,4.48999e-08,1.24900e-16,1.73472e-17,1.11022e-16,2.63678e-16,5.55112e-17,4.14246e-08,6.93889e-17,1.38778e-16,4.99600e-16,2.08167e-16
2.77556e-16,9.71445e-17,3.33067e-16,3.31929e-07,2.77556e-16,4.44089e-16,1.52656e-16,1.66533e-16,6.93889e-17,4.48999e-08,1.11022e-16,1.73472e-17,5.55112e-17,2.49800e-16,6.24500e-17,4.14246e-08,6.93889e-17,1.52656e-16,3.88578e-16,2.49800e-16
2.77556e-16,0.00000e+00,1.94289e-16,3.47754e-07,2.22045e-16,4.16334e-16,1.11022e-16,6.93889e-17,2.77556e-16,8.97998e-08,8.32667e-17,3.46945e-17,5.55112e-17,2.77556e-16,3.46945e-17,2.22045e-16,6.93889e-18,2.77556e-17,3.33067e-16,1.94289e-16
8.32667e-17,1.11022e-16,1.66533e-16,3.58928e-07,4.99600e-16,3.88578e-16,1.52656e-16,1.11022e-16,1.38778e-16,2.24499e-07,1.52656e-16,4.85723e-17,1.11022e-16,3.05311e-16,3.46945e-17,0.00000e+00,1.38778e-16,0.00000e+00,2.22045e-16,1.94289e-16
2.22045e-16,1.38778e-16,3.05311e-16,3.87298e-07,2.22045e-16,2.49800e-16,5.55112e-17,1.24900e-16,2.22045e-16,4.04099e-07,1.52656e-16,2.08167e-17,9.71445e-17,1.94289e-16,6.93889e-17,1.94289e-16,2.77556e-17,2.22045e-16,1.66533e-16,1.66533e-16
3.88578e-16,3.60822e-16,2.22045e-16,4.28304e-07,1.66533e-16,3.88578e-16,5.55112e-17,8.32667e-17,8.32667e-17,5.38799e-07,1.38778e-16,9.94987e-10,1.11022e-16,2.77556e-16,6.93889e-18,2.49800e-16,1.11022e-16,2.22045e-16,1.11022e-16,1.38778e-16
5.55112e-17,3.88578e-16,1.11022e-16,5.09403e-07,2.22045e-16,2.22045e-16,3.60822e-16,1.52656e-16,2.77556e-17,6.73498e-07,1.38778e-16,1.38778e-16,9.71445e-17,5.55112e-16,4.16334e-17,1.94289e-16,1.80411e-16,5.55112e-17,5.55112e-16,8.32667e-17
3.88578e-16,2.49800e-16,2.22045e-16,7.16694e-07,8.32667e-16,4.44089e-16,3.05311e-16,2.77556e-17,2.77556e-16,4.93899e-07,1.52656e-16,9.71445e-17,1.66533e-16,1.66533e-16,8.32667e-17,1.94289e-16,1.24900e-16,0.00000e+00,1.66533e-16,0.00000e+00
5.55112e-17,2.77556e-17,2.49800e-16,8.41947e-07,3.33067e-16,3.88578e-16,3.88578e-16,1.11022e-16,4.99600e-16,3.14299e-07,6.93889e-17,9.94987e-10,9.71445e-17,6.10623e-16,6.93889e-17,5.55112e-16,2.49800e-16,8.32667e-17,5.55112e-16,5.55112e-17
6.66134e-16,2.77556e-16,0.00000e+00,7.87154e-07,4.44089e-16,4.44089e-16,1.66533e-16,1.24900e-16,6.10623e-16,1.79600e-07,2.77556e-17,9.71445e-17,1.24900e-16,6.66134e-16,1.11022e-16,4.44089e-16,4.16334e-17,5.55112e-17,8.32667e-16,1.66533e-16
2.22045e-16,2.77556e-16,1.66533e-16,5.95651e-07,2.22045e-16,4.44089e-16,1.66533e-16,0.00000e+00,0.00000e+00,2.64909e-06,8.32667e-17,0.00000e+00,3.05311e-16,4.99600e-16,8.32667e-17,3.88578e-16,1.38778e-17,1.94289e-16,5.55112e-16,3.05311e-16
1.33227e-15,1.38778e-16,2.22045e-16,5.36410e-07,5.55112e-16,1.94289e-16,3.88578e-16,2.77556e-17,3.88578e-16,5.05291e-06,1.11022e-16,3.60822e-16,2.77556e-17,1.66533e-16,1.38778e-16,4.99600e-16,1.24900e-16,1.80411e-16,0.00000e+00,2.49800e-16
6.66134e-16,1.66533e-16,1.52656e-16,6.65721e-07,6.10623e-16,4.71845e-16,1.11022e-16,1.38778e-17,0.00000e+00,4.79528e-06,9.71445e-17,3.05311e-16,2.77556e-17,3.33067e-16,1.94289e-16,1.66533e-16,8.32667e-17,2.08167e-16,1.11022e-15,2.77556e-16
1.11022e-15,1.38778e-16,1.66533e-16,8.36100e-07,8.88178e-16,3.05311e-16,3.88578e-16,4.16334e-17,2.77556e-16,4.03572e-06,6.93889e-17,2.22045e-16,1.66533e-16,2.77556e-16,9.71445e-17,8.88178e-16,1.94289e-16,1.52656e-16,0.00000e+00,6.10623e-16
5.55112e-16,1.66533e-16,6.93889e-17,9.27524e-07,6.66134e-16,3.60822e-16,5.55112e-17,0.00000e+00,6.10623e-16,5.88268e-07,1.38778e-16,3.88578e-16,0.00000e+00,3.33067e-16,1.52656e-16,5.55112e-17,2.22045e-16,1.38778e-16,7.77156e-16,5.55112e-17
1.22125e-15,2.49800e-16,1.11022e-16,7.68505e-07,1.11022e-16,3.05311e-16,1.11022e-16,1.38778e-17,3.33067e-16,5.98670e-06,0.00000e+00,6.10623e-16,6.10623e-16,5.55112e-16,6.93889e-17,0.00000e+00,0.00000e+00,4.16334e-17,9.99201e-16,6.10623e-16
8.88178e-16,1.11022e-16,6.93889e-17,8.58035e-07,3.88578e-16,8.32667e-17,0.00000e+00,2.77556e-17,1.11022e-15,8.03842e-06,1.52656e-16,7.77156e-16,6.66134e-16,7.21645e-16,2.22045e-16,5.55112e-16,2.77556e-16,9.71445e-17,6.66134e-16,4.44089e-16
3.33067e-16,5.55112e-17,2.77556e-17,8.81596e-07,6.10623e-16,3.05311e-16,5.55112e-17,1.52656e-16,7.21645e-16,4.04332e-06,1.38778e-17,5.55112e-17,6.10623e-16,3.88578e-16,6.93889e-17,4.99600e-16,1.94289e-16,1.52656e-16,4.44089e-16,5.55112e-16
7.77156e-16,1.94289e-16,1.38778e-16,1.21091e-06,1.11022e-16,8.32667e-17,8.32667e-17,0.00000e+00,1.66533e-16,5.43468e-06,1.38778e-17,8.88178e-16,3.33067e-16,3.88578e-16,1.66533e-16,8.88178e-16,1.94289e-16,1.38778e-16,8.88178e-16,4.44089e-16
3.33067e-16,3.05311e-16,5.55112e-17,1.74917e-06,1.11022e-16,0.00000e+00,3.05311e-16,2.35922e-16,2.77556e-16,6.10705e-06,1.66533e-16,3.75633e-08,2.77556e-16,6.66134e-16,1.11022e-16,8.32667e-16,2.22045e-16,2.63678e-16,1.22125e-15,1.66533e-16
2.22045e-16,2.77556e-17,1.52656e-16,3.23716e-06,3.88578e-16,0.00000e+00,2.49800e-16,1.24900e-16,8.88178e-16,5.62497e-06,1.11022e-16,3.75633e-08,2.22045e-16,4.99600e-16,1.94289e-16,1.22125e-15,3.33067e-16,2.63678e-16,6.66134e-16,5.55112e-17
9.99201e-16,2.77556e-17,1.11022e-16,4.24687e-06,1.11022e-16,3.05311e-16,5.55112e-17,8.32667e-17,6.10623e-16,4.77955e-06,1.11022e-16,0.00000e+00,7.77156e-16,4.44089e-16,5.55112e-17,3.33067e-16,8.32667e-17,5.55112e-17,7.77156e-16,1.11022e-16
5.55112e-16,1.94289e-16,5.55112e-17,5.08766e-06,4.16334e-16,8.32667e-17,8.32667e-17,1.94289e-16,7.77156e-16,3.81081e-06,1.11022e-16,4.44089e-16,3.33067e-16,0.00000e+00,0.00000e+00,8.88178e-16,4.14246e-08,2.49800e-16,1.22125e-15,3.33067e-16
7.77156e-16,1.94289e-16,1.94289e-16,5.46892e-06,2.77556e-17,1.38778e-16,1.66533e-16,4.16334e-16,6.66134e-16,3.16750e-06,0.00000e+00,3.75633e-08,8.88178e-16,5.55112e-17,1.38778e-16,1.33227e-15,8.28493e-08,2.49800e-16,4.44089e-16,6.66134e-16
8.88178e-16,3.60822e-16,1.38778e-16,5.42889e-06,2.22045e-16,0.00000e+00,2.49800e-16,0.00000e+00,6.10623e-16,3.26897e-06,2.77556e-17,3.75633e-08,4.99600e-16,5.55112e-16,1.38778e-16,1.55431e-15,1.11517e-07,3.33067e-16,4.44089e-16,3.88578e-16
5.55112e-16,1.38778e-16,1.80411e-16,4.75185e-06,4.71845e-16,2.49800e-16,3.88578e-16,1.66533e-16,3.88578e-16,3.67264e-06,8.32667e-17,1.11022e-16,2.77556e-16,5.55112e-17,2.22045e-16,9.99201e-16,1.64694e-07,8.32667e-17,1.55431e-15,7.77156e-16
7.77156e-16,3.05311e-16,1.38778e-17,6.67622e-06,1.38778e-16,3.05311e-16,3.05311e-16,4.99600e-16,6.66134e-16,4.84499e-06,1.94289e-16,4.44089e-16,6.10623e-16,6.10623e-16,6.10623e-16,9.99201e-16,2.44694e-07,1.94289e-16,2.22045e-16,1.11022e-16
1.11022e-15,4.16334e-16,6.93889e-17,6.21473e-06,4.99600e-16,1.38778e-16,4.71845e-16,2.22045e-16,5.55112e-16,5.75997e-06,1.24900e-16,1.22125e-15,1.11022e-15,1.66533e-16,3.33067e-16,4.44089e-16,3.79742e-07,1.94289e-16,9.99201e-16,7.77156e-16
1.22125e-15,2.22045e-16,1.11022e-16,7.29671e-06,3.05311e-16,1.94289e-16,2.22045e-16,5.55112e-17,8.88178e-16,9.44420e-06,1.24900e-16,1.22125e-15,0.00000e+00,7.77156e-16,8.32667e-16,1.95959e-08,5.53696e-07,2.22045e-16,7.77156e-16,3.33067e-16
1.44329e-15,2.77556e-16,5.55112e-17,9.05754e-06,2.77556e-17,4.44089e-16,3.88578e-16,3.05311e-16,1.22125e-15,7.97466e-06,1.80411e-16,1.11022e-15,1.22125e-15,9.43690e-16,6.66134e-16,1.21536e-07,7.97223e-07,1.38778e-16,7.77156e-16,4.44089e-16
9.99201e-16,7.21645e-16,6.93889e-17,8.09807e-06,3.05311e-16,3.33067e-16,3.33067e-16,3.05311e-16,9.99201e-16,7.90345e-06,1.80411e-16,2.17945e-08,1.11022e-16,6.10623e-16,1.66533e-16,8.00806e-07,1.11772e-06,1.66533e-16,1.44329e-15,1.22125e-15
7.77156e-16,5.55112e-16,8.32667e-17,8.30239e-06,1.11022e-16,7.77156e-16,5.55112e-17,4.99600e-16,4.44089e-16,7.39965e-06,1.24900e-16,1.95959e-08,1.33227e-15,5.55112e-16,4.99600e-16,6.21932e-07,1.74644e-06,2.77556e-17,1.11022e-16,1.11022e-16
0.00000e+00,3.88578e-16,8.32667e-17,9.05220e-06,2.49800e-16,1.11022e-16,4.44089e-16,3.33067e-16,0.00000e+00,6.43175e-06,1.66533e-16,1.77636e-15,2.22045e-16,2.22045e-16,6.66134e-16,4.45568e-07,2.83063e-06,8.32667e-17,1.11022e-15,2.22045e-16
1.33227e-15,6.66134e-16,8.32667e-17,8.95095e-06,3.05311e-16,3.88578e-16,2.77556e-16,3.88578e-16,6.66134e-16,7.65853e-06,0.00000e+00,1.33227e-15,2.22045e-16,7.77156e-16,5.55112e-16,7.51973e-07,4.33963e-06,1.66533e-16,2.33147e-15,1.11022e-16
5.55112e-16,2.22045e-16,9.71445e-17,8.63426e-06,1.94289e-16,4.99600e-16,0.00000e+00,5.55112e-17,1.33227e-15,1.07840e-05,2.49800e-16,6.66134e-16,1.11022e-16,1.22125e-15,9.99201e-16,1.56448e-06,5.74461e-06,5.55112e-17,1.55431e-15,1.99840e-15
1.11022e-15,7.21645e-16,5.55112e-17,9.21022e-06,3.05311e-16,2.77556e-16,0.00000e+00,5.55112e-16,4.44089e-16,1.36235e-05,2.22045e-16,1.99840e-15,7.77156e-16,1.11022e-15,5.55112e-16,4.32319e-06,7.16653e-06,3.33067e-16,1.55431e-15,1.77636e-15
9.99201e-16,1.66533e-16,8.32667e-17,8.70502e-06,5.55112e-17,9.99201e-16,4.99600e-16,1.11022e-16,6.66134e-16,1.63393e-05,2.77556e-16,1.77636e-15,1.11022e-16,1.11022e-16,7.77156e-16,5.72097e-06,1.04090e-05,1.38778e-16,1.99840e-15,1.11022e-15
9.99201e-16,3.66606e-08,0.00000e+00,8.21542e-06,2.22045e-16,0.00000e+00,1.66533e-16,3.88578e-16,1.44329e-15,1.60653e-05,1.66533e-16,3.75633e-07,7.77156e-16,7.77156e-16,7.77156e-16,6.00271e-06,1.05822e-05,0.00000e+00,1.11022e-15,1.33227e-15
5.55112e-16,6.66134e-16,6.93889e-17,8.41537e-06,1.94289e-16,5.55112e-17,4.99600e-16,6.66134e-16,6.66134e-16,1.50943e-05,1.11022e-16,1.33227e-15,0.00000e+00,7.77156e-16,7.77156e-16,5.87256e-06,1.06445e-05,2.77556e-17,3.10862e-15,2.22045e-15
7.77156e-16,3.75633e-08,1.66533e-16,9.24824e-06,2.77556e-17,9.43690e-16,3.33067e-16,5.55112e-16,3.33067e-16,1.58165e-05,2.77556e-17,2.55147e-07,7.77156e-16,3.33067e-16,7.77156e-16,7.25410e-06,1.39523e-05,1.66533e-16,2.22045e-15,1.77636e-15
2.22045e-16,4.49889e-08,4.16334e-17,1.08128e-05,1.94289e-16,7.21645e-16,6.66134e-16,1.11022e-16,0.00000e+00,1.54449e-05,0.00000e+00,4.14246e-07,2.44249e-15,2.10942e-15,9.99201e-16,6.62646e-06,1.39347e-05,2.77556e-16,1.77636e-15,1.77636e-15
1.22125e-15,4.09268e-08,8.32667e-17,9.39082e-06,1.11022e-16,4.99600e-16,0.00000e+00,3.88578e-16,7.77156e-16,1.43293e-05,1.94289e-16,1.77636e-15,1.55431e-15,1.22125e-15,1.33227e-15,6.82773e-06,1.31447e-05,0.00000e+00,2.66454e-15,1.33227e-15
5.55112e-16,1.37608e-07,1.52656e-16,1.00497e-05,0.00000e+00,7.21645e-16,6.66134e-16,5.55112e-17,9.99201e-16,1.15434e-05,2.22045e-16,2.22045e-16,1.99840e-15,4.44089e-16,4.44089e-16,1.44641e-05,1.65988e-05,1.38778e-16,1.55431e-15,1.55431e-15
9.99201e-16,4.37926e-07,1.24900e-16,1.07272e-05,1.94289e-16,3.33067e-16,0.00000e+00,5.55112e-17,1.11022e-15,1.37446e-05,0.00000e+00,6.66134e-16,1.33227e-15,5.55112e-16,7.77156e-16,1.10019e-05,1.68769e-05,2.77556e-17,2.22045e-15,1.11022e-15
3.33067e-16,9.13969e-07,8.32667e-17,1.04616e-05,1.11022e-16,7.77156e-16,5.55112e-16,2.22045e-16,6.66134e-16,1.82317e-05,1.38778e-16,4.33013e-07,1.55431e-15,4.44089e-16,7.77156e-16,1.21182e-05,1.60120e-05,2.49800e-16,1.99840e-15,1.77636e-15
1.11022e-16,3.15626e-06,4.16334e-17,9.44921e-06,2.77556e-17,1.33227e-15,6.66134e-16,9.99201e-16,2.22045e-15,1.80786e-05,5.27356e-16,1.55431e-15,8.88178e-16,3.33067e-16,1.22125e-15,1.41075e-05,1.94559e-05,0.00000e+00,3.77476e-15,1.33227e-15
7.77156e-16,8.36096e-06,1.52656e-16,9.44593e-06,1.66533e-16,3.33067e-16,3.33067e-16,1.66533e-16,1.88738e-15,1.77217e-05,2.22045e-16,3.24962e-07,1.33227e-15,9.99201e-16,1.44329e-15,1.19563e-05,2.90168e-05,3.05311e-16,1.11022e-15,1.11022e-15
1.88738e-15,9.14356e-06,8.32667e-17,9.13706e-06,3.33067e-16,9.99201e-16,1.44329e-15,5.55112e-16,1.99840e-15,1.71899e-05,1.94289e-16,9.94987e-08,3.77476e-15,6.66134e-16,5.55112e-16,1.22752e-05,2.43220e-05,1.94289e-16,1.55431e-15,0.00000e+00
9.99201e-16,9.54348e-06,5.55112e-17,8.65953e-06,1.94289e-16,5.55112e-16,8.88178e-16,3.10483e-08,1.11022e-15,2.09241e-05,4.71845e-16,3.71349e-07,2.22045e-15,4.44089e-16,1.11022e-16,1.00141e-05,2.06087e-05,1.11022e-16,6.66134e-16,6.66134e-16
8.88178e-16,7.39498e-06,1.80411e-16,1.01541e-05,5.55112e-17,4.44089e-16,5.55112e-16,4.07308e-08,4.44089e-16,1.86318e-05,0.00000e+00,4.95076e-07,1.11022e-15,2.22045e-16,1.11022e-15,1.07300e-05,1.85340e-05,5.55112e-17,2.22045e-16,1.33227e-15
3.33067e-16,1.21066e-05,9.71445e-17,1.12381e-05,1.38778e-16,0.00000e+00,1.22125e-15,4.20833e-08,2.22045e-15,1.74277e-05,3.05311e-16,4.82804e-07,2.22045e-16,2.22045e-16,9.99201e-16,1.27621e-05,1.88596e-05,2.77556e-17,6.66134e-16,2.22045e-15
1.33227e-15,9.31241e-06,9.71445e-17,1.21864e-05,1.38778e-16,8.88178e-16,1.11022e-15,1.39323e-07,8.88178e-16,1.61811e-05,2.49800e-16,4.91833e-07,3.33067e-15,3.33067e-16,0.00000e+00,1.08197e-05,1.82366e-05,5.55112e-17,1.33227e-15,1.55431e-15
7.77156e-16,8.21285e-06,1.80411e-16,1.22362e-05,3.60822e-16,3.33067e-16,1.33227e-15,4.83052e-07,1.55431e-15,1.45680e-05,5.27356e-16,7.12390e-07,3.55271e-15,2.22045e-16,1.33227e-15,9.23957e-06,1.74597e-05,2.77556e-17,3.33067e-15,1.55431e-15
1.66533e-15,9.46003e-06,8.32667e-17,1.10825e-05,4.16334e-16,6.66134e-16,9.99201e-16,1.16454e-06,2.44249e-15,1.29841e-05,1.11022e-16,7.11266e-07,4.44089e-16,9.99201e-16,7.77156e-16,1.23735e-05,1.71715e-05,2.49800e-16,1.11022e-15,1.55431e-15
8.88178e-16,1.12885e-05,1.52656e-16,1.02840e-05,3.05311e-16,6.66134e-16,1.11022e-16,2.45457e-06,1.55431e-15,1.47858e-05,3.33067e-16,7.92149e-07,8.88178e-16,6.66134e-16,1.11022e-15,1.77398e-05,2.42217e-05,2.22045e-16,1.77636e-15,1.33227e-15
9.99201e-16,8.41151e-06,6.93889e-17,1.03071e-05,1.94289e-16,4.44089e-16,1.55431e-15,3.04504e-06,1.33227e-15,1.59407e-05,3.05311e-16,8.97274e-07,4.44089e-16,1.11022e-16,0.00000e+00,1.56885e-05,1.94763e-05,1.11022e-16,4.44089e-16,1.33227e-15
1.11022e-16,9.56501e-06,6.93889e-17,1.32521e-05,1.94289e-16,6.66134e-16,1.66533e-15,2.79419e-06,2.22045e-15,1.96728e-05,1.11022e-16,1.02470e-06,1.11022e-15,1.33227e-15,1.11022e-15,2.13215e-05,1.81988e-05,0.00000e+00,2.44249e-15,1.33227e-15
1.22125e-15,9.62022e-06,8.32667e-17,1.63178e-05,3.05311e-16,4.44089e-16,8.88178e-16,3.50784e-06,1.55431e-15,2.04424e-05,1.66533e-16,1.10526e-06,1.33227e-15,2.22045e-16,6.66134e-16,2.67144e-05,1.69735e-05,3.33067e-16,1.77636e-15,2.22045e-16
0.00000e+00,1.47773e-05,1.66533e-16,1.95599e-05,2.77556e-17,4.44089e-16,1.11022e-15,4.30722e-06,2.66454e-15,1.94374e-05,0.00000e+00,1.26317e-06,4.44089e-16,1.22125e-15,8.88178e-16,2.48938e-05,1.82693e-05,8.32667e-17,1.55431e-15,6.66134e-16
1.11022e-15,9.83907e-06,8.32667e-17,2.30872e-05,5.55112e-17,8.88178e-16,1.11022e-16,4.89897e-06,1.55431e-15,1.87997e-05,4.99600e-16,1.45117e-06,2.22045e-16,0.00000e+00,4.44089e-16,2.90542e-05,2.13347e-05,1.94289e-16,8.88178e-16,2.22045e-15
6.66134e-16,8.03331e-06,1.66533e-16,2.54036e-05,1.94289e-16,8.88178e-16,1.33227e-15,5.48309e-06,3.10862e-15,1.94427e-05,0.00000e+00,1.52561e-06,8.88178e-16,1.22125e-15,8.88178e-16,2.04472e-05,1.85719e-05,2.22045e-16,1.11022e-15,2.44249e-15
6.66134e-16,6.67643e-06,1.11022e-16,2.45986e-05,1.94289e-16,7.77156e-16,1.77636e-15,5.25568e-06,1.77636e-15,1.77659e-05,3.88578e-16,1.73491e-06,2.22045e-15,1.22125e-15,0.00000e+00,1.75733e-05,1.90570e-05,1.66533e-16,1.55431e-15,1.77636e-15
1.33227e-15,7.07392e-06,1.11022e-16,2.11793e-05,3.33067e-16,1.22125e-15,5.55112e-16,4.46371e-06,1.11022e-15,1.72017e-05,3.33067e-16,1.78426e-06,1.99840e-15,1.33227e-15,8.88178e-16,2.18823e-05,2.10877e-05,0.00000e+00,1.11022e-15,1.33227e-15
1.11022e-15,5.83351e-06,9.71445e-17,1.75123e-05,1.66533e-16,1.11022e-16,3.33067e-16,3.90912e-06,2.22045e-16,2.42530e-05,3.88578e-16,1.95272e-06,2.22045e-16,7.77156e-16,6.66134e-16,2.11264e-05,2.10745e-05,1.11022e-16,2.88658e-15,1.33227e-15
1.11022e-15,7.29972e-06,1.24900e-16,1.61407e-05,2.22045e-16,4.44089e-16,1.44329e-15,3.49881e-06,1.55431e-15,2.97182e-05,5.55112e-16,2.16968e-06,2.44249e-15,7.77156e-16,1.22125e-15,2.33191e-05,2.67960e-05,2.22045e-16,2.22045e-16,1.33227e-15
8.88178e-16,6.62396e-06,1.38778e-16,1.62303e-05,2.77556e-17,8.88178e-16,8.88178e-16,3.09585e-06,2.22045e-15,2.73704e-05,5.55112e-16,2.28945e-06,2.22045e-15,1.22125e-15,2.22045e-16,2.67612e-05,2.25696e-05,1.66533e-16,1.77636e-15,2.66454e-15
1.44329e-15,7.27123e-06,1.24900e-16,1.71831e-05,5.55112e-17,3.33067e-16,3.33067e-16,2.48331e-06,2.66454e-15,2.53297e-05,6.66134e-16,2.56351e-06,1.77636e-15,7.77156e-16,7.77156e-16,2.26627e-05,2.12311e-05,2.49800e-16,4.44089e-16,1.55431e-15
1.22125e-15,7.91500e-06,1.80411e-16,1.90224e-05,1.66533e-16,9.99201e-16,1.77636e-15,2.36852e-06,1.99840e-15,2.41272e-05,6.10623e-16,2.75238e-06,8.88178e-16,7.77156e-16,6.66134e-16,2.89577e-05,2.09486e-05,3.33067e-16,2.22045e-15,2.22045e-16
3.33067e-16,6.78725e-06,9.71445e-17,2.13084e-05,3.88578e-16,1.11022e-15,5.55112e-16,2.68274e-06,1.33227e-15,2.39638e-05,5.55112e-16,3.06098e-06,1.55431e-15,6.66134e-16,6.66134e-16,2.50081e-05,2.06891e-05,3.05311e-16,0.00000e+00,1.11022e-15
4.44089e-16,6.43400e-06,1.38778e-16,2.16570e-05,1.94289e-16,0.00000e+00,1.11022e-16,3.33675e-06,2.22045e-15,2.34350e-05,5.55112e-17,3.25077e-06,1.33227e-15,4.44089e-16,1.66533e-16,2.38286e-05,1.65903e-05,1.94289e-16,1.99840e-15,0.00000e+00
3.33067e-16,7.82605e-06,4.16334e-17,1.81256e-05,2.77556e-16,1.11022e-15,1.11022e-16,4.34355e-06,2.44249e-15,2.08638e-05,5.55112e-17,3.67710e-06,6.66134e-16,1.11022e-15,7.21645e-16,1.53454e-05,1.49475e-05,5.55112e-17,1.99840e-15,1.99840e-15
0.00000e+00,1.54007e-05,1.24900e-16,1.91298e-05,4.44089e-16,6.66134e-16,4.44089e-16,5.13552e-06,1.99840e-15,1.79632e-05,3.33067e-16,4.04301e-06,1.33227e-15,7.77156e-16,0.00000e+00,1.45062e-05,1.38798e-05,1.66533e-16,2.22045e-15,6.66134e-16
1.11022e-15,1.23784e-05,1.38778e-16,2.16839e-05,3.05311e-16,7.77156e-16,1.55431e-15,5.19303e-06,0.00000e+00,1.68628e-05,4.99600e-16,4.46278e-06,1.99840e-15,0.00000e+00,5.55112e-16,1.55696e-05,1.45391e-05,8.32667e-17,1.99840e-15,2.22045e-16
3.33067e-16,1.56279e-05,6.93889e-17,2.36679e-05,2.77556e-17,3.33067e-16,3.33067e-16,4.83457e-06,3.77476e-15,1.92169e-05,1.66533e-16,4.95051e-06,2.22045e-16,7.77156e-16,9.43690e-16,1.42018e-05,1.57302e-05,1.38778e-16,1.55431e-15,1.33227e-15
6.66134e-16,2.50378e-05,1.11022e-16,2.35993e-05,5.27356e-16,9.99201e-16,1.77636e-15,4.48075e-06,1.33227e-15,2.12763e-05,0.00000e+00,5.39758e-06,1.33227e-15,9.99201e-16,3.33067e-16,1.15882e-05,1.69912e-05,2.77556e-17,2.44249e-15,1.11022e-15
6.66134e-16,1.23064e-05,1.38778e-16,2.24372e-05,8.32667e-17,1.33227e-15,1.33227e-15,3.65409e-06,1.77636e-15,2.32646e-05,2.22045e-16,5.90487e-06,3.77476e-15,7.77156e-16,3.33067e-16,1.39609e-05,1.68446e-05,3.05311e-16,1.33227e-15,1.11022e-15
2.22045e-16,2.24989e-05,8.32667e-17,2.16106e-05,2.77556e-17,7.77156e-16,1.11022e-16,4.02224e-06,4.44089e-16,2.23801e-05,0.00000e+00,6.55289e-06,1.33227e-15,1.11022e-15,7.21645e-16,1.35069e-05,1.58766e-05,1.38778e-16,1.77636e-15,1.77636e-15
5.55112e-16,1.65786e-05,1.38778e-16,2.44980e-05,1.66533e-16,1.22125e-15,1.11022e-16,4.48476e-06,4.44089e-16,2.41207e-05,1.66533e-16,7.03807e-06,1.55431e-15,5.55112e-16,8.88178e-16,1.13402e-05,1.77799e-05,3.33067e-16,1.55431e-15,2.44249e-15
7.77156e-16,1.29489e-05,5.55112e-17,2.47558e-05,2.22045e-16,5.55112e-16,6.66134e-16,4.62484e-06,2.66454e-15,2.22684e-05,3.33067e-16,7.58575e-06,0.00000e+00,5.55112e-16,4.44089e-16,1.32441e-05,2.10954e-05,2.49800e-16,1.11022e-15,4.44089e-16
1.22125e-15,1.14747e-05,9.71445e-17,2.48745e-05,8.32667e-17,1.22125e-15,8.88178e-16,6.24637e-06,6.66134e-16,2.17906e-05,8.32667e-16,8.07636e-06,1.33227e-15,8.88178e-16,7.21645e-16,1.52551e-05,2.11403e-05,3.05311e-16,1.11022e-15,2.22045e-15
3.33067e-16,1.33616e-05,1.11022e-16,2.31788e-05,3.05311e-16,7.77156e-16,1.88738e-15,7.41374e-06,1.55431e-15,2.17649e-05,4.44089e-16,8.61670e-06,0.00000e+00,0.00000e+00,3.88578e-16,1.53631e-05,1.92545e-05,1.94289e-16,0.00000e+00,0.00000e+00
1.15758e-07,9.28299e-06,8.32667e-17,2.11085e-05,4.91833e-08,6.66134e-16,6.66134e-16,9.39733e-06,8.88178e-16,2.29997e-05,1.11022e-16,9.09072e-06,8.88178e-16,8.88178e-16,7.77156e-16,1.72616e-05,1.82261e-05,1.94289e-16,1.11022e-15,1.77636e-15
1.24623e-07,9.46573e-06,9.71445e-17,1.94955e-05,4.13865e-07,0.00000e+00,1.55431e-15,1.01908e-05,2.66454e-15,2.04307e-05,2.77556e-16,9.52711e-06,2.22045e-15,6.66134e-16,6.10623e-16,2.03790e-05,1.76803e-05,8.32667e-17,1.99840e-15,1.33227e-15
3.36480e-07,1.00642e-05,4.16334e-17,2.94441e-05,6.57722e-06,7.77156e-16,1.99840e-15,9.68923e-06,1.33227e-15,3.28129e-05,4.44089e-16,9.87621e-06,1.55431e-15,1.40000e-08,3.33067e-16,2.54424e-05,1.69097e-05,1.11022e-16,8.88178e-16,1.11022e-15
1.68621e-05,9.23135e-06,1.11022e-16,3.00425e-05,1.25212e-05,1.33227e-15,2.66454e-15,8.15919e-06,2.44249e-15,3.37107e-05,3.88578e-16,1.02476e-05,2.22045e-15,6.01332e-08,1.11022e-16,2.37870e-05,1.73258e-05,3.33067e-16,2.88658e-15,2.22045e-16
3.80853e-06,1.29672e-05,1.38778e-16,2.55352e-05,1.46342e-05,2.22045e-16,3.10862e-15,8.72592e-06,1.11022e-15,3.45414e-05,6.66134e-16,1.04627e-05,1.70587e-07,7.27447e-07,7.21645e-16,2.51076e-05,2.11295e-05,3.05311e-16,1.33227e-15,8.56680e-07
1.03275e-05,8.55268e-06,1.52656e-16,2.79454e-05,1.17724e-05,9.99201e-16,1.11022e-15,8.76481e-06,6.66134e-16,3.56806e-05,4.44089e-16,1.07606e-05,8.44355e-06,1.01211e-05,5.55112e-17,3.71253e-05,2.45669e-05,2.49800e-16,1.55431e-15,9.01332e-07
1.34923e-05,1.10949e-05,6.93889e-17,2.45007e-05,1.57993e-05,3.33067e-16,2.66454e-15,8.56539e-06,1.33227e-15,3.43301e-05,7.77156e-16,1.09386e-05,4.15080e-06,4.57672e-06,4.99600e-16,3.50498e-05,3.60260e-05,5.55112e-17,3.10862e-15,6.94190e-07
1.31516e-05,1.56052e-05,1.38778e-16,3.14051e-05,1.65258e-05,8.88178e-16,2.66454e-15,1.05696e-05,2.22045e-15,3.52237e-05,7.77156e-16,1.10706e-05,2.20303e-05,1.24963e-05,2.22045e-16,2.91503e-05,3.76546e-05,2.22045e-16,2.44249e-15,3.46000e-06
2.09012e-05,1.38608e-05,8.32667e-17,3.06344e-05,1.74378e-05,4.44089e-16,4.44089e-16,1.29845e-05,1.55431e-15,4.03617e-05,6.66134e-16,1.12217e-05,2.55656e-05,2.24601e-05,4.44089e-16,3.60350e-05,4.01867e-05,2.49800e-16,1.55431e-15,4.53766e-06
1.75063e-05,1.51259e-05,5.55112e-17,3.07373e-05,2.15174e-05,8.88178e-16,1.55431e-15,1.25689e-05,2.44249e-15,4.05969e-05,8.32667e-16,1.12886e-05,2.52577e-05,2.37453e-05,3.88578e-16,2.71361e-05,3.67669e-05,3.05311e-16,8.88178e-16,3.12632e-06
1.26379e-05,1.30777e-05,1.11022e-16,2.91748e-05,2.41321e-05,8.88178e-16,1.99840e-15,1.09060e-05,8.88178e-16,3.87749e-05,3.33067e-16,1.12883e-05,2.01261e-05,1.59480e-05,6.10623e-16,3.03193e-05,3.16531e-05,2.77556e-16,1.33227e-15,4.03430e-06
1.97001e-05,1.44703e-05,0.00000e+00,3.08236e-05,2.66705e-05,8.88178e-16,2.88658e-15,1.18333e-05,1.55431e-15,4.18767e-05,0.00000e+00,1.14304e-05,2.89608e-05,1.72729e-05,0.00000e+00,2.68140e-05,3.12547e-05,5.55112e-17,2.66454e-15,5.04233e-06
2.60584e-05,1.50767e-05,8.32667e-17,3.51914e-05,3.85385e-05,1.11022e-15,1.33227e-15,1.28555e-05,1.33227e-15,4.99297e-05,3.88578e-16,1.15212e-05,3.30978e-05,2.36628e-05,4.44089e-16,2.57035e-05,2.95414e-05,2.22045e-16,2.22045e-15,5.90000e-06
2.24814e-05,1.89338e-05,0.00000e+00,4.36538e-05,4.94275e-05,6.66134e-16,2.88658e-15,1.24427e-05,2.22045e-15,5.48900e-05,6.10623e-16,1.16757e-05,2.90695e-05,2.22367e-05,4.44089e-16,2.51113e-05,3.16338e-05,1.66533e-16,3.10862e-15,7.01526e-06
2.34129e-05,1.98283e-05,1.11022e-16,4.13132e-05,6.81884e-05,7.77156e-16,4.44089e-16,1.50566e-05,1.55431e-15,5.13497e-05,4.99600e-16,1.17974e-05,2.77107e-05,2.33618e-05,4.99600e-16,2.55435e-05,3.27519e-05,2.49800e-16,1.33227e-15,7.30038e-06
3.42513e-05,2.77682e-05,1.24900e-16,3.94426e-05,9.41507e-05,3.33067e-16,2.22045e-15,1.20278e-05,1.99840e-15,5.29204e-05,1.66533e-16,1.19030e-05,2.86387e-05,2.54697e-05,7.21645e-16,2.45668e-05,2.91290e-05,1.66533e-16,2.44249e-15,9.61126e-06
3.14731e-05,2.40010e-05,5.55112e-17,4.17110e-05,1.21760e-04,8.88178e-16,4.44089e-16,1.31159e-05,2.66454e-15,4.61620e-05,3.88578e-16,1.20786e-05,2.79257e-05,2.68616e-05,0.00000e+00,2.57595e-05,3.24994e-05,0.00000e+00,1.11022e-15,1.36250e-05
3.67932e-05,3.21060e-05,1.38778e-17,5.33470e-05,1.46280e-04,5.55112e-16,6.66134e-16,1.69424e-05,0.00000e+00,5.58927e-05,4.99600e-16,1.22567e-05,3.27622e-05,2.85840e-05,5.55112e-16,2.70516e-05,3.07392e-05,8.32667e-17,1.55431e-15,1.65242e-05
3.27401e-05,3.07808e-05,6.93889e-17,3.38195e-05,1.57444e-04,2.22045e-16,6.66134e-16,2.02637e-05,1.99840e-15,5.10430e-05,2.22045e-16,1.23946e-05,3.02598e-05,2.35870e-05,2.22045e-16,2.79994e-05,3.51591e-05,0.00000e+00,4.44089e-16,1.93636e-05
3.35015e-05,2.45518e-05,0.00000e+00,3.06788e-05,1.63200e-04,7.77156e-16,2.22045e-16,1.97430e-05,3.10862e-15,6.00933e-05,0.00000e+00,1.26342e-05,3.04844e-05,1.73513e-05,4.44089e-16,2.93250e-05,3.63840e-05,1.66533e-16,1.55431e-15,2.08100e-05
3.17184e-05,1.87702e-05,1.52656e-16,3.08909e-05,1.63090e-04,6.66134e-16,1.77636e-15,1.93458e-05,2.22045e-15,4.85649e-05,5.55112e-16,1.29388e-05,2.48889e-05,1.70977e-05,3.88578e-16,2.89672e-05,3.16838e-05,3.33067e-16,1.55431e-15,1.84032e-05
3.40031e-05,2.01578e-05,5.55112e-17,3.02547e-05,1.53098e-04,5.55112e-16,1.55431e-15,1.69713e-05,1.55431e-15,4.68464e-05,1.66533e-16,1.31450e-05,3.43885e-05,1.78192e-05,9.43690e-16,3.40513e-05,3.93373e-05,2.77556e-16,3.33067e-15,1.82165e-05
4.36881e-05,1.94174e-05,8.32667e-17,2.97311e-05,1.39283e-04,9.94987e-09,4.44089e-16,1.53366e-05,1.33227e-15,5.19395e-05,4.99600e-16,1.33579e-05,3.85959e-05,2.27034e-05,4.44089e-16,4.45254e-05,4.69010e-05,2.77556e-17,1.33227e-15,1.98048e-05
5.37120e-05,2.63697e-05,1.52656e-16,3.10066e-05,1.28315e-04,4.97494e-08,1.11022e-15,1.41640e-05,3.33067e-15,5.01074e-05,1.11022e-16,1.35808e-05,3.65372e-05,2.60812e-05,4.00000e-08,4.04572e-05,4.72918e-05,1.66533e-16,2.66454e-15,2.31525e-05
7.16780e-05,1.49599e-05,1.52656e-16,3.63091e-05,1.10513e-04,8.95489e-08,2.71293e-07,1.34345e-05,1.11022e-15,5.70560e-05,4.99600e-16,1.37874e-05,4.19567e-05,2.86407e-05,4.00000e-08,3.64512e-05,5.08862e-05,1.94289e-16,1.33227e-15,2.74018e-05
1.02862e-04,1.88924e-05,2.77556e-17,3.81021e-05,9.65138e-05,5.96992e-08,3.95520e-06,1.47970e-05,1.77636e-15,6.19976e-05,1.66533e-16,1.38566e-05,4.09622e-05,2.49093e-05,4.00000e-08,4.16282e-05,5.52579e-05,2.77556e-17,1.33227e-15,3.08413e-05
1.54824e-04,1.78126e-05,1.24900e-16,3.31613e-05,8.70540e-05,1.59198e-06,1.07163e-05,1.72138e-05,2.88658e-15,6.34575e-05,3.33067e-16,1.45302e-05,4.02970e-05,2.77174e-05,4.96185e-07,3.84424e-05,5.35803e-05,3.05311e-16,1.33227e-15,2.85665e-05
2.23758e-04,1.47298e-05,9.71445e-17,3.44847e-05,8.15395e-05,3.36306e-06,1.48423e-05,1.73114e-05,1.99840e-15,6.31500e-05,2.77556e-16,1.63020e-05,4.26075e-05,2.72862e-05,2.35327e-07,4.14979e-05,4.67881e-05,1.66533e-16,1.33227e-15,3.05926e-05
3.32376e-04,1.94194e-05,1.11022e-16,3.41791e-05,7.20615e-05,1.89048e-07,1.69008e-05,1.71090e-05,2.66454e-15,5.96847e-05,3.33067e-16,1.87601e-05,4.80081e-05,2.47816e-05,3.94323e-07,3.83277e-05,5.55428e-05,3.75633e-08,2.66454e-15,3.86042e-05
4.79686e-04,1.99339e-05,0.00000e+00,3.65396e-05,6.34980e-05,2.91531e-06,1.42327e-05,1.62809e-05,2.44249e-15,6.07629e-05,5.55112e-16,2.09930e-05,5.16593e-05,2.54396e-05,8.25772e-08,2.93235e-05,4.86723e-05,3.75633e-08,3.10862e-15,3.91761e-05
6.88984e-04,1.50042e-05,5.55112e-17,3.53232e-05,6.17211e-05,2.67652e-06,8.75132e-06,1.61412e-05,3.75633e-07,6.26009e-05,4.44089e-16,2.22818e-05,4.49185e-05,2.77848e-05,7.57034e-08,2.95014e-05,5.28973e-05,8.32667e-17,1.33227e-15,4.15582e-05
9.71182e-04,1.32717e-05,1.11022e-16,3.36904e-05,5.62165e-05,1.19398e-06,1.84820e-05,1.65693e-05,7.51266e-07,6.53520e-05,3.88578e-16,2.25329e-05,4.17208e-05,2.72142e-05,3.69924e-07,3.03447e-05,5.53533e-05,3.33067e-16,3.10862e-15,4.26206e-05
1.33645e-03,1.49924e-05,2.77556e-17,3.43594e-05,5.30668e-05,6.26842e-07,2.42092e-05,1.77503e-05,3.75633e-07,6.19933e-05,2.77556e-16,2.25366e-05,3.61387e-05,2.78875e-05,3.66928e-07,3.32598e-05,4.91461e-05,3.75633e-08,1.33227e-15,4.59389e-05
1.81538e-03,1.29193e-05,1.52656e-16,3.86687e-05,5.11494e-05,7.86040e-07,2.33734e-05,1.98098e-05,1.55431e-15,6.76543e-05,5.55112e-16,2.28232e-05,4.06738e-05,2.95266e-05,1.30209e-06,2.91423e-05,5.42342e-05,7.51266e-08,1.11022e-15,4.73950e-05
2.41849e-03,1.54552e-05,1.24900e-16,4.02754e-05,4.95352e-05,3.07451e-06,2.70029e-05,2.02936e-05,3.75633e-07,7.60369e-05,3.88578e-16,2.34296e-05,5.01243e-05,2.88111e-05,4.56285e-06,3.49129e-05,5.51030e-05,1.50253e-07,3.10862e-15,5.22528e-05
3.15524e-03,1.61988e-05,8.32667e-17,4.36971e-05,4.65083e-05,2.54717e-06,2.47623e-05,2.20241e-05,2.22045e-15,7.32246e-05,0.00000e+00,2.43158e-05,4.31968e-05,2.83448e-05,4.66948e-06,3.62548e-05,4.78297e-05,9.01519e-07,1.33227e-15,5.83790e-05
3.99880e-03,1.62624e-05,1.80411e-16,4.35836e-05,4.38371e-05,1.93028e-06,3.42054e-05,2.84937e-05,3.75633e-07,6.26774e-05,1.66533e-16,2.56650e-05,4.30256e-05,3.06809e-05,4.65114e-06,3.46137e-05,5.22211e-05,1.08934e-06,2.44249e-15,5.95783e-05
4.93957e-03,1.89131e-05,1.66533e-16,5.18871e-05,3.97210e-05,6.67637e-06,3.22686e-05,2.51637e-05,3.75633e-07,7.92904e-05,3.88578e-16,2.71956e-05,5.51330e-05,3.11464e-05,4.89953e-06,4.14417e-05,4.93391e-05,1.12690e-07,4.73709e-07,6.31936e-05
5.92122e-03,1.98241e-05,1.38778e-16,4.59439e-05,3.64261e-05,3.15411e-06,3.48810e-05,2.71641e-05,9.01519e-06,7.37875e-05,5.55112e-16,2.82785e-05,4.94582e-05,2.69005e-05,6.20055e-06,4.93944e-05,5.36689e-05,1.54009e-06,5.73062e-07,6.88404e-05
6.89633e-03,2.07918e-05,1.24900e-16,5.15925e-05,3.82191e-05,3.37301e-06,3.22965e-05,2.76103e-05,3.75633e-06,6.67181e-05,4.44089e-16,2.92070e-05,5.20264e-05,2.27308e-05,1.01934e-05,5.53050e-05,4.87565e-05,2.25380e-06,1.67332e-06,7.24633e-05
7.80685e-03,2.72394e-05,3.67801e-07,4.33006e-05,3.91907e-05,2.32334e-07,3.41229e-05,2.84900e-05,8.63955e-06,5.99952e-05,4.99600e-16,3.03671e-05,4.41476e-05,2.60195e-05,1.08480e-05,4.66083e-05,4.97413e-05,1.51913e-06,6.77920e-06,7.66667e-05
8.58955e-03,3.63646e-05,1.88964e-06,3.92415e-05,3.58296e-05,9.04756e-07,3.75144e-05,2.97594e-05,1.01421e-05,5.93060e-05,0.00000e+00,3.19109e-05,4.79377e-05,2.70310e-05,1.27558e-05,4.27351e-05,5.59433e-05,7.11635e-07,5.23721e-06,8.51945e-05
9.21573e-03,3.42855e-05,3.08697e-06,3.98050e-05,3.76208e-05,1.53890e-06,3.07044e-05,2.78893e-05,1.12477e-06,6.28752e-05,5.55112e-16,3.32677e-05,5.30423e-05,3.18366e-05,1.74517e-05,4.49274e-05,6.29206e-05,1.23186e-06,9.36600e-06,8.28007e-05
9.63776e-03,3.99474e-05,8.72078e-07,5.07625e-05,3.46451e-05,1.96430e-06,3.21165e-05,2.62413e-05,4.13196e-06,6.13215e-05,1.11022e-16,3.41596e-05,4.68359e-05,3.16433e-05,1.97590e-05,4.49146e-05,5.01159e-05,2.30363e-06,8.93781e-06,8.61564e-05
9.85988e-03,3.43158e-05,5.97374e-05,5.07717e-05,5.70718e-05,3.74058e-06,3.09892e-05,2.68155e-05,3.10775e-05,6.26093e-05,3.33067e-16,3.45194e-05,5.11231e-05,3.11935e-05,2.63742e-05,4.51733e-05,5.49429e-05,7.31217e-05,1.15349e-05,9.00105e-05
9.88472e-03,2.84524e-05,1.88728e-04,4.55396e-05,1.13414e-04,1.04606e-05,3.09280e-05,2.76942e-05,7.28748e-05,6.58514e-05,2.77556e-16,3.50069e-05,4.84754e-05,3.15834e-05,2.55951e-05,4.30674e-05,4.57704e-05,9.42738e-05,9.15895e-06,9.26036e-05
9.73643e-03,2.91034e-05,3.83659e-04,4.85166e-05,1.57614e-04,1.27681e-05,2.92257e-05,2.67732e-05,1.88833e-04,6.49217e-05,1.11022e-16,3.56137e-05,4.87030e-05,2.95511e-05,2.81997e-05,4.43813e-05,5.68484e-05,1.18603e-04,1.08026e-05,9.08851e-05
9.44119e-03,4.28280e-05,6.15596e-04,5.06316e-05,2.65992e-04,1.41331e-05,3.38573e-05,2.49997e-05,4.09971e-04,7.36743e-05,3.88578e-16,3.69754e-05,4.94306e-05,4.58651e-05,2.38284e-05,4.64766e-05,5.62593e-05,1.62745e-04,2.12208e-05,9.29293e-05
9.04037e-03,3.57778e-05,8.05668e-04,4.86246e-05,3.95788e-04,1.72511e-05,3.40871e-05,2.61923e-05,6.26371e-04,1.06158e-04,6.10623e-16,3.89867e-05,5.37375e-05,6.69724e-05,2.34928e-05,4.26745e-05,5.19165e-05,2.32376e-04,2.28253e-05,9.17438e-05
8.55100e-03,3.51271e-05,9.47581e-04,4.93826e-05,5.28413e-04,2.26487e-05,2.70359e-05,2.54251e-05,8.43107e-04,1.45948e-04,6.10623e-16,4.13651e-05,5.07665e-05,8.62978e-05,2.26685e-05,4.33064e-05,4.94956e-05,3.10953e-04,2.22212e-05,9.19871e-05
8.01524e-03,3.95092e-05,1.04377e-03,4.43609e-05,6.72860e-04,2.26635e-05,2.66648e-05,2.48999e-05,1.07233e-03,1.92819e-04,4.44089e-16,4.79786e-05,4.63832e-05,1.06377e-04,2.26074e-05,4.00884e-05,4.87535e-05,3.88990e-04,2.40162e-05,8.79715e-05
7.45505e-03,5.15626e-05,1.11395e-03,4.37716e-05,7.94787e-04,2.01636e-05,3.21217e-05,2.52754e-05,1.28990e-03,2.40740e-04,6.10623e-16,5.74314e-05,4.82521e-05,1.36122e-04,2.24317e-05,4.65344e-05,5.06683e-05,4.67455e-04,2.52844e-05,8.94130e-05
6.88739e-03,5.21854e-05,1.15277e-03,4.67933e-05,9.10764e-04,1.58369e-05,3.56808e-05,2.49400e-05,1.50998e-03,2.87620e-04,4.99600e-16,6.99342e-05,5.29750e-05,1.64424e-04,2.59107e-05,4.20333e-05,6.16394e-05,5.39435e-04,3.34887e-05,9.29167e-05
6.32118e-03,6.59494e-05,1.17840e-03,4.72102e-05,1.01237e-03,2.12024e-05,3.01796e-05,2.64094e-05,1.70654e-03,3.50885e-04,1.11022e-16,8.79580e-05,5.05657e-05,1.95009e-04,2.78494e-05,4.73757e-05,5.70965e-05,6.09528e-04,3.57159e-05,9.82057e-05
5.78809e-03,6.52234e-05,1.19297e-03,4.54638e-05,1.11814e-03,2.04763e-05,3.41991e-05,2.80406e-05,1.95756e-03,4.18221e-04,5.55112e-17,1.11664e-04,6.22923e-05,2.16160e-04,2.60852e-05,4.40391e-05,4.71878e-05,6.70212e-04,3.01907e-05,1.14600e-04
5.27583e-03,7.65277e-05,1.19238e-03,4.58123e-05,1.20782e-03,1.92674e-05,3.34052e-05,3.00771e-05,2.27139e-03,4.95922e-04,3.88578e-16,1.37840e-04,5.66495e-05,2.31558e-04,3.01573e-05,4.61533e-05,5.47231e-05,7.67581e-04,3.83961e-05,1.10105e-04
4.79918e-03,8.44283e-05,1.17885e-03,5.00622e-05,1.29560e-03,1.99735e-05,3.63782e-05,3.21219e-05,2.65439e-03,5.72472e-04,2.22045e-16,1.63541e-04,5.65360e-05,2.54038e-04,2.80872e-05,5.22951e-05,7.25558e-05,8.05733e-04,3.93970e-05,1.14357e-04
4.34832e-03,8.20062e-05,1.14723e-03,5.26136e-05,1.40686e-03,2.00683e-05,3.28058e-05,3.31898e-05,3.11079e-03,6.52388e-04,4.44089e-16,1.95005e-04,6.16875e-05,2.88203e-04,2.99863e-05,4.98070e-05,8.56056e-05,8.30904e-04,4.62812e-05,1.16874e-04
3.93169e-03,7.91827e-05,1.10194e-03,5.88586e-05,1.55254e-03,2.14686e-05,3.34176e-05,3.45220e-05,3.57145e-03,7.48134e-04,3.33067e-16,2.38606e-04,6.02213e-05,3.31581e-04,3.00769e-05,5.60167e-05,9.08337e-05,8.58046e-04,3.64569e-05,1.29115e-04
3.54511e-03,7.66778e-05,1.04384e-03,5.65057e-05,1.73510e-03,2.15625e-05,3.22350e-05,3.60090e-05,4.07691e-03,8.75244e-04,4.44089e-16,2.90200e-04,6.89626e-05,3.65287e-04,2.97506e-05,5.14597e-05,8.36606e-05,8.78755e-04,3.46845e-05,1.20822e-04
3.19568e-03,8.15209e-05,9.82522e-04,5.69808e-05,1.98218e-03,2.35206e-05,3.12859e-05,3.59654e-05,4.63963e-03,1.02953e-03,3.88578e-16,3.26006e-04,6.64561e-05,3.89632e-04,3.13075e-05,5.26248e-05,1.01685e-04,8.82057e-04,3.40677e-05,1.18910e-04
2.87943e-03,9.36109e-05,9.16070e-04,5.72837e-05,2.28262e-03,2.33736e-05,3.48469e-05,3.64083e-05,5.22180e-03,1.21041e-03,2.77556e-16,3.64643e-04,7.92728e-05,4.18216e-04,3.29195e-05,5.40132e-05,9.99098e-05,8.76625e-04,4.33762e-05,1.13873e-04
2.59945e-03,1.07000e-04,8.60977e-04,6.30926e-05,2.57609e-03,1.82795e-05,3.15351e-05,3.62318e-05,5.85613e-03,1.41423e-03,4.99600e-16,4.06648e-04,7.00586e-05,4.30658e-04,3.31648e-05,6.53244e-05,9.71821e-05,8.71789e-04,3.71945e-05,1.09314e-04
2.35123e-03,9.41154e-05,8.05667e-04,6.48197e-05,2.82339e-03,2.27827e-05,4.02442e-05,4.35156e-05,6.56651e-03,1.67135e-03,6.10623e-16,4.50855e-04,7.64363e-05,4.50209e-04,3.84820e-05,6.60153e-05,1.00134e-04,8.57891e-04,3.77608e-05,1.08077e-04
2.12355e-03,1.01307e-04,7.48955e-04,6.78783e-05,2.99895e-03,2.39385e-05,3.79307e-05,4.07101e-05,7.33529e-03,1.95386e-03,2.22045e-16,4.95065e-04,7.89698e-05,4.62163e-04,3.84339e-05,7.37826e-05,9.93797e-05,8.48236e-04,3.33521e-05,1.06090e-04
1.93526e-03,9.97823e-05,6.94028e-04,9.05969e-05,3.09181e-03,2.43276e-05,3.53988e-05,3.97483e-05,8.13020e-03,2.26834e-03,3.88578e-16,5.39697e-04,7.74784e-05,4.77775e-04,3.77673e-05,6.69863e-05,9.46216e-05,8.40326e-04,4.09843e-05,1.08072e-04
1.76467e-03,1.03378e-04,6.49695e-04,7.29994e-05,3.11106e-03,2.64271e-05,3.94901e-05,4.16545e-05,8.93642e-03,2.61232e-03,1.66533e-16,5.83467e-04,8.45620e-05,4.98053e-04,4.22086e-05,7.45204e-05,1.05257e-04,8.32157e-04,4.09204e-05,1.13455e-04
1.61241e-03,1.01355e-04,6.03407e-04,8.09849e-05,3.09411e-03,2.23639e-05,3.40720e-05,4.60353e-05,9.73083e-03,2.96374e-03,5.55112e-16,6.24732e-04,8.64547e-05,5.07033e-04,3.87647e-05,7.79500e-05,1.23491e-04,8.29679e-04,4.13819e-05,1.06889e-04
1.49318e-03,1.18896e-04,5.61196e-04,9.42930e-05,3.05427e-03,2.14009e-05,3.49981e-05,4.90123e-05,1.04774e-02,3.31859e-03,2.77556e-16,6.63605e-04,9.10566e-05,5.14559e-04,3.93564e-05,8.43800e-05,1.36941e-04,8.35813e-04,3.87603e-05,1.01547e-04
1.38385e-03,1.06813e-04,5.30292e-04,7.40194e-05,3.00539e-03,2.27074e-05,3.44923e-05,4.61832e-05,1.11623e-02,3.66527e-03,3.33067e-16,7.00509e-04,9.28711e-05,5.14413e-04,3.97466e-05,7.51597e-05,1.55861e-04,8.48521e-04,3.52129e-05,9.84205e-05
1.29913e-03,9.94695e-05,5.04793e-04,7.10176e-05,2.94504e-03,2.36035e-05,3.11892e-05,5.05113e-05,1.17626e-02,4.01998e-03,3.88578e-16,7.32057e-04,8.67064e-05,5.07455e-04,3.94166e-05,6.87695e-05,1.74134e-04,8.57295e-04,3.87242e-05,9.56147e-05
1.22671e-03,1.02330e-04,4.77949e-04,7.47564e-05,2.86916e-03,2.68469e-05,3.42460e-05,5.98785e-05,1.22724e-02,4.38488e-03,6.10623e-16,7.59590e-04,9.47903e-05,4.96252e-04,4.07303e-05,7.55621e-05,1.93877e-04,8.72171e-04,3.80962e-05,9.09120e-05
1.16784e-03,1.04678e-04,4.55672e-04,7.64836e-05,2.77519e-03,2.44879e-05,4.03921e-05,4.74557e-05,1.27216e-02,4.74376e-03,5.55112e-17,7.84686e-04,9.08325e-05,4.80617e-04,4.04848e-05,7.22735e-05,2.21145e-04,8.98003e-04,3.39906e-05,8.88455e-05
1.13092e-03,1.29024e-04,4.36090e-04,9.92432e-05,2.65373e-03,2.43248e-05,4.26522e-05,5.04957e-05,1.30472e-02,5.08713e-03,5.55112e-16,8.08697e-04,8.82313e-05,4.64641e-04,4.22279e-05,8.08086e-05,2.50170e-04,9.24528e-04,3.55803e-05,9.34677e-05
1.09235e-03,1.18401e-04,4.18502e-04,8.04284e-05,2.51828e-03,2.77183e-05,3.99240e-05,5.59125e-05,1.33374e-02,5.41698e-03,3.33067e-16,8.30090e-04,9.02320e-05,4.54575e-04,4.61758e-05,8.64880e-05,2.67422e-04,9.63514e-04,3.80090e-05,9.64975e-05
1.06146e-03,1.16930e-04,3.95567e-04,9.40651e-05,2.36502e-03,2.73417e-05,3.56698e-05,5.19058e-05,1.35238e-02,5.73886e-03,0.00000e+00,8.50617e-04,8.64138e-05,4.40560e-04,4.91116e-05,7.70205e-05,2.94797e-04,1.01247e-03,3.71707e-05,9.42901e-05
1.03577e-03,1.21271e-04,3.70521e-04,9.65113e-05,2.20018e-03,2.73631e-05,4.00826e-05,5.86316e-05,1.36561e-02,6.03382e-03,4.99600e-16,8.72603e-04,9.28592e-05,4.34447e-04,4.92666e-05,8.25949e-05,3.21059e-04,1.06609e-03,4.21981e-05,9.55481e-05
1.01246e-03,1.09931e-04,3.47532e-04,1.04028e-04,2.03130e-03,2.55387e-05,4.27204e-05,6.28237e-05,1.37086e-02,6.28793e-03,1.11022e-16,8.96571e-04,8.77802e-05,4.22203e-04,4.80018e-05,8.43923e-05,3.44462e-04,1.13569e-03,4.14183e-05,1.02950e-04
9.96385e-04,1.12874e-04,3.29911e-04,1.20065e-04,1.86112e-03,2.52213e-05,4.14363e-05,7.10977e-05,1.37269e-02,6.53881e-03,6.10623e-16,9.19381e-04,1.00364e-04,4.14870e-04,4.58194e-05,8.50508e-05,3.69370e-04,1.20862e-03,4.26917e-05,9.70140e-05
9.73276e-04,1.13638e-04,3.12241e-04,9.52674e-05,1.69359e-03,2.86389e-05,4.21162e-05,5.59104e-05,1.36952e-02,6.74600e-03,4.99600e-16,9.41387e-04,1.01147e-04,4.08589e-04,4.77819e-05,7.05727e-05,3.84777e-04,1.28773e-03,4.32030e-05,1.00361e-04
9.52977e-04,1.12360e-04,2.94551e-04,8.36491e-05,1.53333e-03,2.83826e-05,3.95610e-05,5.53024e-05,1.36261e-02,6.94219e-03,3.88578e-16,9.64998e-04,9.20701e-05,3.97404e-04,4.77672e-05,6.73022e-05,4.03494e-04,1.36887e-03,3.76305e-05,1.06292e-04
9.29826e-04,1.31419e-04,2.77748e-04,8.72300e-05,1.38773e-03,2.66517e-05,3.79626e-05,6.07774e-05,1.35331e-02,7.12068e-03,0.00000e+00,9.87436e-04,9.12605e-05,3.82410e-04,4.69230e-05,6.69104e-05,4.19592e-04,1.44665e-03,3.61866e-05,1.00693e-04
9.15289e-04,1.22054e-04,2.58025e-04,9.22608e-05,1.25340e-03,2.64303e-05,3.92664e-05,5.71486e-05,1.34180e-02,7.27136e-03,4.99600e-16,1.01750e-03,8.23953e-05,3.69695e-04,4.73511e-05,6.21952e-05,4.22487e-04,1.51424e-03,3.93773e-05,9.72174e-05
8.91963e-04,1.36248e-04,2.41118e-04,1.08034e-04,1.12154e-03,2.57222e-05,4.06586e-05,5.82730e-05,1.32583e-02,7.38884e-03,3.88578e-16,1.06010e-03,9.71430e-05,3.57639e-04,4.99574e-05,6.83757e-05,4.23009e-04,1.58200e-03,4.83738e-05,1.01943e-04
8.72873e-04,1.31010e-04,2.28351e-04,1.07259e-04,1.00127e-03,2.62588e-05,4.41812e-05,5.95468e-05,1.30998e-02,7.50860e-03,4.99600e-16,1.11669e-03,7.81885e-05,3.41707e-04,4.53656e-05,7.28030e-05,4.28894e-04,1.64201e-03,5.29517e-05,1.03330e-04
8.51851e-04,1.17650e-04,2.16538e-04,1.10295e-04,8.99230e-04,2.56321e-05,4.75162e-05,6.31677e-05,1.29287e-02,7.57373e-03,1.11022e-16,1.18934e-03,9.47241e-05,3.32783e-04,4.83175e-05,7.33226e-05,4.32476e-04,1.68981e-03,5.86771e-05,1.01705e-04
8.27882e-04,1.16718e-04,2.05175e-04,1.21154e-04,8.08114e-04,2.35938e-05,4.71179e-05,6.21385e-05,1.27549e-02,7.59128e-03,1.66533e-16,1.28140e-03,9.34882e-05,3.15072e-04,4.80795e-05,7.17128e-05,4.39234e-04,1.72809e-03,6.73629e-05,9.63934e-05
8.04122e-04,1.38361e-04,1.91811e-04,1.09231e-04,7.28545e-04,2.36814e-05,4.15187e-05,6.42654e-05,1.25864e-02,7.61876e-03,6.66134e-16,1.39585e-03,8.16386e-05,3.08187e-04,4.86773e-05,7.06303e-05,4.42266e-04,1.76161e-03,8.40592e-05,1.04815e-04
7.82685e-04,1.23337e-04,1.84125e-04,1.04925e-04,6.58248e-04,2.63396e-05,4.45241e-05,8.08239e-05,1.24280e-02,7.61738e-03,6.66134e-16,1.52393e-03,9.07652e-05,2.99762e-04,5.13680e-05,6.86457e-05,4.45204e-04,1.78527e-03,9.04232e-05,1.11598e-04
7.61320e-04,1.36615e-04,1.80651e-04,9.80167e-05,5.95211e-04,2.92823e-05,3.47058e-05,5.50940e-05,1.22816e-02,7.59251e-03,1.11022e-16,1.67453e-03,8.23816e-05,2.93198e-04,5.14935e-05,6.71319e-05,4.56938e-04,1.79154e-03,1.03843e-04,1.15553e-04
7.42679e-04,1.23802e-04,1.73846e-04,9.42319e-05,5.41551e-04,2.53384e-05,3.91944e-05,5.85601e-05,1.21403e-02,7.55903e-03,3.00000e-08,1.85610e-03,8.63225e-05,2.91962e-04,5.34136e-05,6.16075e-05,4.78658e-04,1.78605e-03,1.12179e-04,1.14814e-04
7.25819e-04,1.50472e-04,1.70521e-04,8.63571e-05,4.89748e-04,2.16018e-05,4.47194e-05,6.08372e-05,1.20180e-02,7.49979e-03,6.10623e-16,2.06210e-03,8.53502e-05,3.01050e-04,5.40289e-05,6.20295e-05,5.06694e-04,1.76548e-03,1.30723e-04,1.15715e-04
7.05979e-04,1.42779e-04,1.68967e-04,9.56464e-05,4.44655e-04,2.29341e-05,4.01286e-05,5.96293e-05,1.19046e-02,7.44962e-03,3.00000e-08,2.29311e-03,7.88127e-05,3.09473e-04,5.61308e-05,5.97392e-05,5.41427e-04,1.73882e-03,1.46606e-04,1.00312e-04
6.90286e-04,1.46466e-04,1.75445e-04,1.22815e-04,4.70627e-04,2.52781e-05,4.31341e-05,6.65830e-05,1.17877e-02,7.37474e-03,3.12890e-08,2.54549e-03,8.53220e-05,3.19404e-04,5.58509e-05,6.41234e-05,5.90590e-04,1.69177e-03,1.63658e-04,1.14434e-04
6.74020e-04,1.58292e-04,1.88759e-03,1.14557e-04,4.87428e-03,2.43245e-05,4.65612e-05,6.54930e-05,1.16846e-02,7.27753e-03,6.77052e-08,2.81433e-03,8.93150e-05,3.34991e-04,5.67556e-05,6.20755e-05,6.56091e-04,1.63545e-03,1.71815e-04,1.23336e-04
6.62442e-04,1.43359e-04,1.31786e-02,9.78465e-05,9.86565e-02,2.63135e-05,4.40721e-05,6.01708e-05,1.15887e-02,7.18907e-03,1.58430e-07,3.09962e-03,9.16814e-05,3.53834e-04,5.48632e-05,6.34612e-05,7.54540e-04,1.56773e-03,1.73388e-04,1.14560e-04
6.55473e-04,1.25704e-04,3.93036e-02,8.54287e-05,9.14071e-01,6.87342e-05,1.49356e-04,5.86092e-05,1.14809e-02,7.10447e-03,8.92921e-06,3.40100e-03,9.55525e-05,3.70243e-04,1.11349e-04,5.96333e-05,8.65374e-04,1.48991e-03,1.74031e-04,1.13286e-04
6.41977e-04,2.16731e-04,7.36756e-02,1.65065e-04,2.48238e+00,3.80382e-04,7.25532e-03,2.15947e-04,1.17591e-02,7.05028e-03,1.15953e-04,3.71264e-03,1.02483e-04,3.95811e-04,3.20459e-04,5.62744e-05,1.08313e-03,1.42548e-03,3.99026e-04,1.23009e-04
8.87285e-04,3.52520e-04,1.10890e-01,4.79342e-04,3.74211e+00,8.61563e-04,4.45331e-02,5.98162e-04,1.27115e-02,7.05041e-03,4.07958e-04,4.02991e-03,9.76729e-05,6.60455e-04,4.52345e-04,7.07005e-05,1.60118e-03,1.85470e-03,8.51638e-04,1.36199e-04
1.25282e-03,3.58745e-04,1.60094e-01,9.50286e-04,5.22983e+00,1.62740e-03,6.20373e-02,8.04399e-04,1.35684e-02,7.16252e-03,8.66948e-04,4.35111e-03,1.30683e-04,1.11762e-03,5.80643e-04,1.38557e-04,2.19766e-03,2.01162e-03,1.44627e-03,2.64449e-04
1.57903e-03,4.09921e-04,2.29961e-01,1.21558e-03,9.50665e+00,2.52845e-03,8.40660e-02,8.83429e-04,1.43796e-02,7.48775e-03,1.19328e-03,4.67222e-03,1.94646e-04,1.62141e-03,7.88586e-04,2.92321e-04,2.80926e-03,2.22975e-03,1.85691e-03,4.81165e-04
1.74029e-03,5.35965e-04,2.96484e-01,1.25833e-03,1.35271e+01,3.25975e-03,1.07495e-01,9.06850e-04,1.52601e-02,8.00247e-03,1.31935e-03,4.98865e-03,2.68808e-04,2.17115e-03,1.05716e-03,5.44688e-04,3.33711e-03,2.75265e-03,2.16896e-03,9.78134e-04
1.89080e-03,6.65411e-04,3.33037e-01,1.36852e-03,1.21939e+01,3.92332e-03,1.26977e-01,8.77166e-04,1.60837e-02,8.61789e-03,1.34629e-03,5.30066e-03,3.97556e-04,2.76765e-03,1.31441e-03,9.55864e-04,3.77831e-03,3.74979e-03,2.48082e-03,1.70932e-03
2.18152e-03,7.89932e-04,3.33080e-01,1.91219e-03,8.95583e+00,5.04867e-03,1.30396e-01,8.16662e-04,1.67440e-02,9.18877e-03,1.34345e-03,5.61162e-03,5.40915e-04,3.36783e-03,1.54790e-03,1.44221e-03,4.23470e-03,5.38338e-03,2.74023e-03,2.38645e-03
2.67237e-03,1.04697e-03,3.05527e-01,3.28086e-03,6.11656e+00,7.63117e-03,1.21323e-01,7.59681e-04,1.73400e-02,9.66202e-03,1.36768e-03,5.93008e-03,6.05990e-04,3.95676e-03,1.79029e-03,2.18381e-03,4.73114e-03,7.93678e-03,2.99165e-03,2.82922e-03
3.36519e-03,1.27479e-03,2.64199e-01,6.14385e-03,4.11304e+00,1.40735e-02,1.11161e-01,7.23852e-04,1.79194e-02,1.00789e-02,1.51076e-03,6.25063e-03,6.59337e-04,4.52097e-03,2.24037e-03,3.21031e-03,5.19692e-03,1.17481e-02,3.22443e-03,3.07435e-03
4.17720e-03,1.48046e-03,2.20292e-01,1.26999e-02,2.79808e+00,2.62760e-02,1.00983e-01,6.97640e-04,1.85706e-02,1.05015e-02,2.46046e-03,6.57800e-03,6.77580e-04,5.12275e-03,2.72497e-03,4.39743e-03,5.73398e-03,3.83519e-02,3.39008e-03,3.23089e-03
5.05339e-03,5.56051e-03,1.80182e-01,2.81569e-02,1.94943e+00,4.16552e-02,9.58689e-02,8.92186e-04,1.94028e-02,1.11441e-02,6.07855e-03,6.95014e-03,6.95519e-04,5.85498e-03,3.24034e-03,5.37356e-03,6.26724e-03,8.85001e-01,4.39453e-03,3.36599e-03
5.97768e-03,9.78669e-03,1.46678e-01,5.86366e-02,1.39893e+00,6.19155e-02,1.12873e-01,1.63216e-03,2.05102e-02,1.22587e-02,2.07110e-02,7.38115e-03,7.44889e-04,6.73684e-03,5.16044e-03,6.11345e-03,6.83746e-03,3.37920e+00,8.89385e-03,3.51009e-03
7.19251e-03,2.67710e-02,1.19729e-01,1.03385e-01,1.04150e+00,9.09309e-02,1.57183e-01,3.95954e-03,2.20395e-02,1.47443e-02,1.03344e-01,7.94581e-03,8.14742e-04,7.84081e-03,1.44151e-02,6.94215e-03,7.46825e-03,5.23624e+00,2.23195e-02,3.68440e-03
8.52857e-03,5.13450e-02,9.86833e-02,1.49984e-01,8.03017e-01,1.25018e-01,2.73618e-01,1.32529e-02,2.40856e-02,2.01224e-02,3.28585e-01,8.52386e-03,9.03144e-04,9.20449e-03,3.11767e-02,8.42013e-03,8.21336e-03,5.79675e+00,9.69132e-02,3.88342e-03
9.97172e-03,9.32620e-02,8.62165e-02,1.83679e-01,6.73737e-01,1.84297e-01,4.91736e-01,2.97792e-02,2.67338e-02,3.20347e-02,5.58701e-01,9.29943e-03,1.03694e-03,1.08966e-02,4.37777e-02,1.12237e-02,8.98765e-03,5.33777e+00,5.12534e-01,4.12450e-03
1.14456e-02,1.65640e-01,7.83722e-02,2.12840e-01,6.59199e-01,2.91072e-01,7.14384e-01,3.98989e-02,2.96942e-02,5.14193e-02,6.81604e-01,1.03510e-02,1.18840e-03,1.26114e-02,6.12250e-02,1.59035e-02,9.75127e-03,4.36593e+00,1.13231e+00,4.36676e-03
1.29027e-02,2.41439e-01,7.34793e-02,2.79589e-01,6.55590e-01,4.06673e-01,8.02510e-01,4.48211e-02,3.29388e-02,7.24298e-02,8.23099e-01,1.18217e-02,1.35227e-03,1.44935e-02,7.86225e-02,2.34349e-02,1.04621e-02,3.35156e+00,1.56977e+00,4.67676e-03
1.47097e-02,3.08897e-01,6.80556e-02,4.51574e-01,6.67898e-01,4.44976e-01,8.06676e-01,4.56055e-02,3.63626e-02,8.90841e-02,9.30758e-01,1.40725e-02,1.55924e-03,1.65947e-02,9.78632e-02,3.55756e-02,1.11061e-02,2.53653e+00,1.50156e+00,5.01501e-03
1.69753e-02,3.66084e-01,6.23987e-02,7.40019e-01,6.79428e-01,3.87848e-01,7.59947e-01,4.64483e-02,3.97744e-02,9.98680e-02,9.76818e-01,1.77627e-02,1.71985e-03,1.90482e-02,1.35680e-01,5.01930e-02,1.16612e-02,1.93721e+00,1.30131e+00,5.38177e-03
1.96924e-02,4.05191e-01,5.73406e-02,1.00413e+00,6.71957e-01,2.92341e-01,6.53923e-01,5.42435e-02,4.29297e-02,1.06179e-01,1.03988e+00,2.36419e-02,1.87352e-03,2.19761e-02,2.17517e-01,6.13213e-02,1.21132e-02,1.50764e+00,1.22158e+00,5.79328e-03
2.26559e-02,4.30262e-01,5.31087e-02,1.10653e+00,6.33665e-01,2.07491e-01,5.60011e-01,1.18415e-01,4.57395e-02,1.09880e-01,1.12191e+00,3.21433e-02,2.01220e-03,2.58290e-02,4.53394e-01,6.51381e-02,1.24579e-02,1.19481e+00,1.24966e+00,6.14689e-03
2.55426e-02,4.56817e-01,4.95536e-02,1.08905e+00,5.71326e-01,1.46631e-01,5.27868e-01,3.76516e-01,4.80736e-02,1.12307e-01,1.13953e+00,4.29178e-02,2.12761e-03,3.09947e-02,1.30422e+00,6.27768e-02,1.27260e-02,9.57502e-01,1.28287e+00,6.54056e-03
2.80933e-02,4.98115e-01,4.64007e-02,1.05879e+00,5.01834e-01,1.05993e-01,5.63060e-01,7.13573e-01,4.99654e-02,1.14259e-01,1.06335e+00,5.50019e-02,2.23553e-03,3.77291e-02,2.72203e+00,5.81718e-02,1.29462e-02,7.71144e-01,1.21828e+00,6.89071e-03
3.01853e-02,5.67273e-01,4.34049e-02,1.03963e+00,4.35438e-01,7.92723e-02,6.46865e-01,9.06077e-01,5.14594e-02,1.16029e-01,9.73573e-01,6.70568e-02,2.36966e-03,4.56902e-02,3.48400e+00,5.47685e-02,1.31295e-02,6.23973e-01,1.05113e+00,7.19341e-03
3.18012e-02,6.83465e-01,4.04007e-02,9.94325e-01,3.75578e-01,6.15843e-02,7.71282e-01,1.00269e+00,5.26025e-02,1.17924e-01,9.49740e-01,7.78096e-02,2.50644e-03,5.39192e-02,3.68100e+00,5.39220e-02,1.33140e-02,5.09373e-01,8.50755e-01,7.47565e-03
3.30180e-02,8.50119e-01,3.73155e-02,9.10134e-01,3.23136e-01,4.97771e-02,1.02353e+00,1.14785e+00,5.35154e-02,1.20192e-01,9.89695e-01,8.62566e-02,2.64690e-03,6.10720e-02,3.77502e+00,5.54177e-02,1.34756e-02,4.21578e-01,6.73070e-01,7.70263e-03
3.39069e-02,1.01903e+00,3.41624e-02,8.02451e-01,2.77993e-01,4.19827e-02,1.63605e+00,1.46202e+00,5.42816e-02,1.23485e-01,1.02231e+00,9.18353e-02,2.80589e-03,6.60881e-02,3.96580e+00,5.80214e-02,1.36351e-02,3.55212e-01,5.35811e-01,7.88549e-03
3.45120e-02,1.11043e+00,3.10269e-02,6.94481e-01,2.39512e-01,3.72085e-02,2.77423e+00,1.85407e+00,5.49252e-02,1.28591e-01,9.83220e-01,9.46139e-02,2.98022e-03,6.84856e-02,4.22234e+00,6.02489e-02,1.37864e-02,3.05662e-01,4.34837e-01,8.04787e-03
3.48368e-02,1.09124e+00,2.80008e-02,6.07423e-01,2.06655e-01,3.50257e-02,4.00185e+00,2.00687e+00,5.55532e-02,1.36253e-01,8.72473e-01,9.51318e-02,3.17888e-03,6.84303e-02,4.22465e+00,6.06486e-02,1.39520e-02,2.69452e-01,3.59856e-01,8.18252e-03
3.48869e-02,9.94495e-01,2.51547e-02,5.57002e-01,1.78333e-01,3.53897e-02,4.58572e+00,1.89858e+00,5.63207e-02,1.47141e-01,7.33084e-01,9.48419e-02,3.40309e-03,6.65236e-02,3.79078e+00,5.89131e-02,1.41494e-02,2.44335e-01,3.02203e-01,8.32796e-03
3.46636e-02,8.70946e-01,2.25511e-02,5.51294e-01,1.53742e-01,3.83697e-02,4.48666e+00,1.78320e+00,5.83443e-02,1.61615e-01,6.02889e-01,9.52671e-02,3.61736e-03,6.35217e-02,3.10920e+00,5.54569e-02,1.44290e-02,2.28986e-01,2.56762e-01,8.49579e-03
3.42011e-02,7.54442e-01,2.02013e-02,5.98246e-01,1.32330e-01,4.38175e-02,4.10396e+00,1.85161e+00,6.78783e-02,1.79755e-01,4.98525e-01,9.81048e-02,3.84964e-03,6.01354e-02,2.44272e+00,5.11232e-02,1.48277e-02,2.22660e-01,2.19796e-01,8.71882e-03
3.36325e-02,6.58644e-01,1.81184e-02,7.52244e-01,1.13774e-01,5.09761e-02,3.70618e+00,2.09799e+00,1.18708e-01,2.01159e-01,4.21901e-01,1.04609e-01,4.08158e-03,5.69380e-02,1.90831e+00,4.66007e-02,1.53440e-02,2.24523e-01,1.89242e-01,8.96408e-03
3.31464e-02,5.85279e-01,1.62968e-02,1.26046e+00,9.78218e-02,5.85277e-02,3.36458e+00,2.29530e+00,3.09217e-01,2.24239e-01,3.69795e-01,1.15634e-01,4.31779e-03,5.43503e-02,1.51005e+00,4.25297e-02,1.60134e-02,2.32886e-01,1.63823e-01,9.26641e-03
3.26305e-02,5.31778e-01,1.47305e-02,2.40255e+00,8.42465e-02,6.51007e-02,3.07119e+00,2.24740e+00,7.38050e-01,2.45593e-01,3.38241e-01,1.32301e-01,4.56233e-03,5.26303e-02,1.21659e+00,3.91336e-02,1.67855e-02,2.44857e-01,1.42636e-01,9.59630e-03
3.21943e-02,4.94156e-01,1.33944e-02,4.12440e+00,7.28001e-02,6.98913e-02,2.80941e+00,2.00929e+00,1.35139e+00,2.61115e-01,3.24396e-01,1.55670e-01,4.82325e-03,5.19237e-02,9.96912e-01,3.65043e-02,1.76118e-02,2.56653e-01,1.24849e-01,9.96098e-03
3.21037e-02,4.68076e-01,1.22615e-02,5.39176e+00,6.32440e-02,7.29977e-02,2.59478e+00,1.74312e+00,1.98581e+00,2.68247e-01,3.26049e-01,1.85414e-01,5.06696e-03,5.22774e-02,8.29033e-01,3.45202e-02,1.83992e-02,2.64625e-01,1.10041e-01,1.03425e-02
3.25524e-02,4.49686e-01,1.13058e-02,5.40424e+00,5.52894e-02,7.52564e-02,2.50554e+00,1.52612e+00,2.50580e+00,2.67295e-01,3.40336e-01,2.19067e-01,5.31007e-03,5.35358e-02,6.97954e-01,3.30881e-02,1.90877e-02,2.66454e-01,9.75588e-02,1.07068e-02
3.34700e-02,4.35906e-01,1.05023e-02,4.77805e+00,4.86475e-02,7.80114e-02,2.74383e+00,1.36633e+00,2.85632e+00,2.61050e-01,3.62884e-01,2.52280e-01,5.56480e-03,5.54576e-02,5.93835e-01,3.21580e-02,1.96332e-02,2.61447e-01,8.71201e-02,1.10549e-02
3.46158e-02,4.24566e-01,9.84674e-03,4.18390e+00,4.31323e-02,8.27494e-02,3.68874e+00,1.24565e+00,3.05374e+00,2.52923e-01,3.87632e-01,2.80555e-01,5.81959e-03,5.76564e-02,5.09786e-01,3.18072e-02,2.00175e-02,2.50284e-01,7.83078e-02,1.13932e-02
3.56235e-02,4.15366e-01,9.30016e-03,3.78018e+00,3.85389e-02,9.09056e-02,5.48945e+00,1.15019e+00,3.12502e+00,2.45537e-01,4.07056e-01,3.00568e-01,6.08244e-03,5.97132e-02,4.41041e-01,3.22291e-02,2.02516e-02,2.34453e-01,7.09217e-02,1.16587e-02
3.62604e-02,4.09882e-01,8.84534e-03,3.48918e+00,3.46792e-02,1.03146e-01,7.19020e+00,1.07101e+00,3.08280e+00,2.40211e-01,4.14863e-01,3.11143e-01,6.35549e-03,6.12368e-02,3.84248e-01,3.37984e-02,2.03886e-02,2.15677e-01,6.44625e-02,1.18849e-02
3.65457e-02,4.11289e-01,8.47840e-03,3.23045e+00,3.14240e-02,1.18591e-01,7.47330e+00,1.00984e+00,2.94231e+00,2.37184e-01,4.08893e-01,3.12643e-01,6.64942e-03,6.19808e-02,3.36795e-01,3.71403e-02,2.04570e-02,1.95555e-01,5.89750e-02,1.20636e-02
3.66191e-02,4.24320e-01,8.16926e-03,3.01439e+00,2.86637e-02,1.34202e-01,6.60085e+00,9.69264e-01,2.72967e+00,2.36102e-01,3.91013e-01,3.07630e-01,6.97862e-03,6.18509e-02,2.96940e-01,4.29933e-02,2.05473e-02,1.75382e-01,5.42158e-02,1.21716e-02
3.66720e-02,4.54162e-01,7.91808e-03,2.95571e+00,2.63106e-02,1.45849e-01,5.49212e+00,9.61634e-01,2.47342e+00,2.36399e-01,3.65626e-01,2.99742e-01,7.33309e-03,6.08757e-02,2.63146e-01,5.16730e-02,2.06889e-02,1.56057e-01,5.00702e-02,1.22106e-02
3.69018e-02,5.04299e-01,7.71595e-03,3.29563e+00,2.42723e-02,1.50338e-01,4.51979e+00,1.00431e+00,2.19856e+00,2.37524e-01,3.37246e-01,2.93743e-01,7.69066e-03,5.91420e-02,2.34300e-01,6.26365e-02,2.09516e-02,1.38149e-01,4.64187e-02,1.21910e-02
3.73725e-02,5.74483e-01,7.53928e-03,4.28300e+00,2.24977e-02,1.47001e-01,3.70810e+00,1.11600e+00,1.92556e+00,2.38904e-01,3.09241e-01,2.95001e-01,8.07446e-03,5.68428e-02,2.09577e-01,7.44618e-02,2.13534e-02,1.21958e-01,4.32789e-02,1.21582e-02
3.80229e-02,6.58342e-01,7.40031e-03,5.73708e+00,2.09540e-02,1.37711e-01,3.03521e+00,1.29558e+00,1.67034e+00,2.40051e-01,2.83136e-01,3.08193e-01,8.44031e-03,5.41526e-02,1.88230e-01,8.47948e-02,2.19152e-02,1.07564e-01,4.04312e-02,1.20703e-02
3.86347e-02,7.43738e-01,7.29338e-03,6.85920e+00,1.95968e-02,1.25172e-01,2.48942e+00,1.50273e+00,1.44285e+00,2.40465e-01,2.59246e-01,3.36213e-01,8.77716e-03,5.12261e-02,1.69735e-01,9.18066e-02,2.26356e-02,9.49202e-02,3.80001e-02,1.19372e-02
3.89276e-02,8.15698e-01,7.20522e-03,6.97894e+00,1.83826e-02,1.11935e-01,2.06081e+00,1.66043e+00,1.24694e+00,2.39765e-01,2.37160e-01,3.79560e-01,9.05513e-03,4.82107e-02,1.53610e-01,9.43217e-02,2.35222e-02,8.39011e-02,3.57456e-02,1.17915e-02
3.86682e-02,8.63952e-01,7.14334e-03,6.24216e+00,1.73002e-02,9.95900e-02,1.73400e+00,1.70023e+00,1.08206e+00,2.37609e-01,2.16497e-01,4.36604e-01,9.29886e-03,4.52082e-02,1.39521e-01,9.25770e-02,2.44954e-02,7.43601e-02,3.37770e-02,1.16178e-02
3.77789e-02,8.85669e-01,7.09840e-03,5.19719e+00,1.63418e-02,8.88014e-02,1.48475e+00,1.61702e+00,9.45573e-01,2.34009e-01,1.96866e-01,5.04878e-01,9.47853e-03,4.22855e-02,1.27120e-01,8.75628e-02,2.54888e-02,6.61233e-02,3.20203e-02,1.14130e-02
3.63375e-02,8.85993e-01,7.05791e-03,4.22029e+00,1.54892e-02,7.97672e-02,1.29655e+00,1.46119e+00,8.34170e-01,2.29519e-01,1.78099e-01,5.79182e-01,9.61700e-03,3.94853e-02,1.16189e-01,8.04855e-02,2.64426e-02,5.90306e-02,3.04498e-02,1.12041e-02
3.44923e-02,8.74422e-01,7.02622e-03,3.42683e+00,1.47204e-02,7.22757e-02,1.15464e+00,1.28669e+00,7.44330e-01,2.28925e-01,1.60262e-01,6.54147e-01,9.70706e-03,3.68355e-02,1.06506e-01,7.26061e-02,2.72894e-02,5.29185e-02,2.90057e-02,1.10011e-02
3.24341e-02,8.61565e-01,7.00266e-03,2.81514e+00,1.40251e-02,6.60041e-02,1.04719e+00,1.12564e+00,6.72809e-01,2.85034e-01,1.43585e-01,7.22518e-01,9.73634e-03,3.43607e-02,9.79077e-02,6.47672e-02,2.79788e-02,4.76478e-02,2.76725e-02,1.07834e-02
3.02836e-02,8.57934e-01,6.98101e-03,2.35958e+00,1.34013e-02,6.06720e-02,9.64402e-01,9.89191e-01,6.16536e-01,8.59061e-01,1.28207e-01,7.77149e-01,9.72910e-03,3.20485e-02,9.02465e-02,5.74958e-02,2.85374e-02,4.31035e-02,2.64283e-02,1.05579e-02
2.81775e-02,8.73247e-01,6.96356e-03,2.05042e+00,1.28309e-02,5.59792e-02,8.97772e-01,8.77935e-01,5.73048e-01,3.53303e+00,1.14198e-01,8.12117e-01,9.66355e-03,2.98989e-02,8.33988e-02,5.10539e-02,2.89325e-02,3.91639e-02,2.52180e-02,1.03074e-02
2.61815e-02,9.20976e-01,6.96230e-03,1.86701e+00,1.23075e-02,5.17458e-02,8.41952e-01,7.88520e-01,5.40197e-01,1.05566e+01,1.01646e-01,8.24786e-01,9.57085e-03,2.79054e-02,7.72626e-02,4.54473e-02,2.91898e-02,3.57605e-02,2.40485e-02,1.00684e-02
2.43410e-02,1.02227e+00,6.97457e-03,1.76376e+00,1.18388e-02,4.78651e-02,7.92456e-01,7.20306e-01,5.16115e-01,2.15450e+01,9.05062e-02,8.15212e-01,9.44456e-03,2.60606e-02,7.17394e-02,4.07609e-02,2.93771e-02,3.27966e-02,2.29994e-02,9.82479e-03
2.26638e-02,1.21299e+00,6.98868e-03,1.67880e+00,1.14065e-02,4.42681e-02,7.45964e-01,6.69077e-01,4.99127e-01,3.14850e+01,8.07474e-02,7.86633e-01,9.29775e-03,2.43473e-02,6.67473e-02,3.68365e-02,2.95536e-02,3.02079e-02,2.18874e-02,9.56572e-03
2.11526e-02,1.54420e+00,6.99556e-03,1.57228e+00,1.10062e-02,4.09064e-02,7.01134e-01,6.38263e-01,4.87582e-01,3.60382e+01,7.22599e-02,7.43720e-01,9.14745e-03,2.27681e-02,6.22431e-02,3.35097e-02,2.97807e-02,2.79431e-02,2.08566e-02,9.30746e-03
1.97899e-02,2.05926e+00,7.00621e-03,1.44215e+00,1.06547e-02,3.77765e-02,6.57048e-01,6.25214e-01,4.79853e-01,3.56908e+01,6.48862e-02,6.92019e-01,8.97354e-03,2.12992e-02,5.81504e-02,3.07981e-02,3.01518e-02,2.59658e-02,1.97688e-02,9.05379e-03
1.85850e-02,2.72237e+00,7.02750e-03,1.30427e+00,1.03604e-02,3.48632e-02,6.13808e-01,6.42699e-01,4.74436e-01,3.26795e+01,5.84659e-02,6.36879e-01,8.81349e-03,1.99449e-02,5.44337e-02,2.85687e-02,3.07075e-02,2.42288e-02,1.87274e-02,8.80244e-03
1.75221e-02,3.34877e+00,7.04898e-03,1.17591e+00,1.00909e-02,3.21756e-02,5.71835e-01,7.19484e-01,4.70010e-01,2.85237e+01,5.28978e-02,5.82381e-01,8.67703e-03,1.86788e-02,5.10482e-02,2.67437e-02,3.15182e-02,2.26975e-02,1.77257e-02,8.56526e-03
1.66003e-02,3.68106e+00,7.06146e-03,1.06602e+00,9.89539e-03,2.96955e-02,5.31805e-01,9.69586e-01,4.65524e-01,2.40674e+01,4.80529e-02,5.31742e-01,8.54819e-03,1.75040e-02,4.79554e-02,2.52457e-02,3.26459e-02,2.13483e-02,1.67393e-02,8.32893e-03
1.57976e-02,3.60795e+00,7.28574e-03,9.75000e-01,1.02191e-02,2.74189e-02,4.93964e-01,1.79097e+00,4.60102e-01,1.98758e+01,4.38292e-02,4.86784e-01,8.45044e-03,1.64059e-02,4.51298e-02,2.40968e-02,3.41804e-02,2.01642e-02,1.58239e-02,8.10807e-03
1.51049e-02,3.24399e+00,7.85742e-03,9.00517e-01,1.10572e-02,2.53224e-02,4.58672e-01,4.19922e+00,4.53247e-01,1.63125e+01,4.01299e-02,4.48237e-01,8.39439e-03,1.54090e-02,4.25446e-02,2.31325e-02,3.61752e-02,1.91056e-02,1.49156e-02,7.90277e-03
1.45106e-02,2.80216e+00,8.79371e-03,8.39385e-01,1.15871e-02,2.34001e-02,4.25941e-01,8.65392e+00,4.44664e-01,1.34779e+01,3.68747e-02,4.16843e-01,8.35576e-03,1.44814e-02,4.01738e-02,2.23969e-02,3.86848e-02,1.81744e-02,1.41063e-02,7.71231e-03
1.39921e-02,2.48947e+00,9.84281e-03,7.88951e-01,1.23569e-02,2.16378e-02,3.95628e-01,1.13692e+01,4.34250e-01,1.12648e+01,3.39985e-02,4.05005e-01,8.36037e-03,1.36224e-02,3.80023e-02,2.18356e-02,4.17609e-02,1.73564e-02,1.33238e-02,7.52313e-03
1.35443e-02,2.52416e+00,1.06861e-02,7.47695e-01,1.34312e-02,2.00281e-02,3.67625e-01,9.81822e+00,4.22066e-01,9.50379e+00,3.14482e-02,5.20715e-01,8.39754e-03,1.28411e-02,3.60028e-02,2.13334e-02,4.54271e-02,1.66233e-02,1.26221e-02,7.34708e-03
1.31428e-02,3.21528e+00,1.13728e-02,7.17965e-01,1.47270e-02,1.85621e-02,3.41705e-01,6.97878e+00,4.08280e-01,8.05482e+00,2.91699e-02,1.08766e+00,8.46409e-03,1.21138e-02,3.41616e-02,2.10125e-02,4.96381e-02,1.60017e-02,1.19129e-02,7.18818e-03
1.27793e-02,4.79826e+00,1.20495e-02,7.14534e-01,1.61967e-02,1.72252e-02,3.17717e-01,4.86815e+00,3.93156e-01,6.81820e+00,2.71338e-02,2.52099e+00,8.57002e-03,1.14485e-02,3.24539e-02,2.06740e-02,5.43292e-02,1.54456e-02,1.12765e-02,7.02580e-03
1.24379e-02,6.81684e+00,1.27390e-02,8.08031e-01,1.77830e-02,1.59932e-02,2.95464e-01,3.59655e+00,3.77003e-01,5.72901e+00,2.53127e-02,5.28488e+00,8.68303e-03,1.08520e-02,3.08786e-02,2.04597e-02,5.93577e-02,1.49889e-02,1.07047e-02,6.88170e-03
1.21148e-02,8.02827e+00,1.34061e-02,1.32049e+00,1.94260e-02,1.48734e-02,2.74748e-01,2.84037e+00,3.60128e-01,4.76190e+00,2.36616e-02,9.63667e+00,8.83851e-03,1.03107e-02,2.94239e-02,2.02531e-02,6.45073e-02,1.45988e-02,1.01798e-02,6.76152e-03
1.18015e-02,7.84250e+00,1.40042e-02,3.18857e+00,2.12253e-02,1.38521e-02,2.55515e-01,2.35579e+00,3.42796e-01,3.92871e+00,2.21610e-02,1.51944e+01,9.01059e-03,9.81650e-03,2.80763e-02,2.00656e-02,6.95237e-02,1.42552e-02,9.67656e-03,6.64900e-03
1.14885e-02,6.88721e+00,1.44560e-02,7.41419e+00,2.32505e-02,1.29164e-02,2.37689e-01,2.02661e+00,3.25314e-01,3.24635e+00,2.07948e-02,2.08670e+01,9.18388e-03,9.37678e-03,2.68197e-02,1.98814e-02,7.42388e-02,1.39801e-02,9.23826e-03,6.54050e-03
1.11893e-02,5.91741e+00,1.47096e-02,1.15654e+01,2.54562e-02,1.20622e-02,2.21188e-01,1.77439e+00,3.07860e-01,2.71251e+00,1.95469e-02,2.53538e+01,9.37541e-03,8.98893e-03,2.56486e-02,1.97057e-02,7.84669e-02,1.37411e-02,8.82791e-03,6.42493e-03
1.08954e-02,5.24289e+00,1.47249e-02,1.12310e+01,2.76400e-02,1.12774e-02,2.05960e-01,1.57191e+00,2.90690e-01,2.30650e+00,1.84059e-02,2.77887e+01,9.56672e-03,8.65273e-03,2.45565e-02,1.95375e-02,8.20747e-02,1.35526e-02,8.46127e-03,6.32495e-03
1.06070e-02,4.86747e+00,1.45267e-02,8.07263e+00,2.95237e-02,1.05611e-02,1.91942e-01,1.39889e+00,2.73983e-01,1.99948e+00,1.73593e-02,2.80190e+01,9.76412e-03,8.35403e-03,2.35374e-02,1.93588e-02,8.50593e-02,1.33704e-02,8.13773e-03,6.24619e-03
1.03193e-02,4.69299e+00,1.41641e-02,5.31389e+00,3.08318e-02,9.91533e-03,1.79003e-01,1.25853e+00,2.57829e-01,1.76480e+00,1.64005e-02,2.64630e+01,9.93460e-03,8.09190e-03,2.25842e-02,1.91626e-02,8.74520e-02,1.32420e-02,7.81898e-03,6.18828e-03
1.00324e-02,4.61257e+00,1.36919e-02,3.63978e+00,3.27421e-02,9.33344e-03,1.67172e-01,1.13107e+00,2.42343e-01,1.58239e+00,1.55259e-02,2.37918e+01,1.01097e-02,7.86624e-03,2.16885e-02,1.89259e-02,8.93203e-02,1.31192e-02,7.55137e-03,6.13684e-03
9.75311e-03,4.54208e+00,1.71381e-02,2.70026e+00,3.70111e-02,8.80414e-03,1.56342e-01,1.02216e+00,2.27598e-01,1.43775e+00,1.47247e-02,2.06502e+01,1.02736e-02,7.67049e-03,2.08530e-02,1.86904e-02,9.08449e-02,1.35105e-02,7.27792e-03,6.09504e-03
9.47979e-03,4.42968e+00,2.68715e-02,2.15124e+00,5.59972e-02,8.31813e-03,1.46438e-01,9.23361e-01,2.15922e-01,1.32111e+00,1.39799e-02,1.75085e+01,1.04104e-02,7.50021e-03,2.00677e-02,1.84910e-02,9.21225e-02,1.57572e-02,7.05700e-03,6.06088e-03
9.99204e-03,4.25207e+00,4.85365e-02,1.80143e+00,1.50675e-01,7.87582e-03,1.37389e-01,8.36405e-01,2.07993e-01,1.22555e+00,1.32917e-02,1.46368e+01,1.06045e-02,1.35741e-02,1.93313e-02,1.82867e-02,9.33562e-02,1.89131e-02,6.93198e-03,6.07654e-03
1.31314e-02,4.01057e+00,7.83664e-02,1.55639e+00,3.58955e-01,7.47403e-03,1.29106e-01,7.59066e-01,2.03205e-01,1.14658e+00,1.26547e-02,1.21491e+01,1.07778e-02,2.96965e-02,1.86427e-02,1.80906e-02,9.55344e-02,2.22158e-02,7.13060e-03,6.10829e-03
1.80569e-02,3.71764e+00,1.40525e-01,1.37001e+00,1.03893e+00,7.10662e-03,1.21541e-01,6.91951e-01,2.01743e-01,1.08149e+00,1.20642e-02,1.00688e+01,1.10029e-02,5.65084e-02,1.79916e-02,1.79046e-02,9.84674e-02,2.76095e-02,7.41448e-03,6.45188e-03
2.13499e-02,3.39904e+00,2.49839e-01,1.21892e+00,3.19720e+00,6.77758e-03,1.14619e-01,6.31477e-01,2.02488e-01,1.02629e+00,1.15144e-02,8.37644e+00,1.13075e-02,9.65051e-02,1.73802e-02,1.77337e-02,1.01770e-01,3.31285e-02,7.77642e-03,6.91870e-03
3.12225e-02,3.07165e+00,3.84838e-01,1.09356e+00,5.75124e+00,6.47784e-03,1.08282e-01,5.78187e-01,2.04333e-01,9.78724e-01,1.10045e-02,7.04388e+00,1.20120e-02,1.50284e-01,1.68085e-02,1.76158e-02,1.04916e-01,3.86769e-02,8.23127e-03,7.90965e-03
6.43344e-02,2.75661e+00,4.80864e-01,9.83821e-01,6.39203e+00,6.20847e-03,1.02434e-01,5.32823e-01,2.06919e-01,9.37166e-01,1.05319e-02,6.08662e+00,2.65086e-02,2.25703e-01,1.62586e-02,1.74834e-02,1.07253e-01,4.42682e-02,8.77735e-03,9.22324e-03
1.22100e-01,2.46518e+00,5.28303e-01,8.90016e-01,5.83356e+00,5.95852e-03,9.71259e-02,4.90980e-01,2.11704e-01,9.00610e-01,1.00908e-02,5.63725e+00,8.08539e-02,3.42277e-01,1.57426e-02,1.73736e-02,1.08686e-01,5.06527e-02,9.59643e-03,1.02231e-02
2.21125e-01,2.20671e+00,5.91340e-01,8.05346e-01,5.54503e+00,5.73670e-03,9.22648e-02,4.53677e-01,2.26156e-01,8.68289e-01,9.68416e-03,5.89888e+00,1.96600e-01,5.86996e-01,1.52552e-02,1.73043e-02,1.09219e-01,9.28334e-02,1.07217e-02,1.07357e-02
5.80705e-01,1.98215e+00,7.26265e-01,7.30212e-01,5.83745e+00,5.53702e-03,8.77298e-02,4.22460e-01,2.65924e-01,8.40424e-01,9.30863e-03,6.76236e+00,4.27539e-01,1.38572e+00,1.47896e-02,1.71985e-02,1.16379e-01,1.49352e-01,1.21784e-02,1.11743e-02
1.55222e+00,1.79400e+00,9.19512e-01,6.64306e-01,6.19980e+00,7.23980e-03,8.56043e-02,3.96199e-01,3.40538e-01,8.20688e-01,8.97631e-03,7.66294e+00,7.35078e-01,3.64386e+00,1.51425e-02,1.71383e-02,1.38142e-01,2.29278e-01,1.40812e-02,1.21403e-02
3.19973e+00,1.63715e+00,1.12845e+00,6.05589e-01,6.48994e+00,1.10887e-02,9.19692e-02,3.81213e-01,4.44697e-01,8.17830e-01,9.51503e-03,8.05833e+00,2.07731e+00,7.34203e+00,1.79357e-02,1.71217e-02,1.66277e-01,3.34549e-01,1.74838e-02,1.47541e-02
8.36671e+00,1.50689e+00,1.35969e+00,5.54817e-01,6.74564e+00,1.58500e-02,1.17740e-01,3.71145e-01,5.73284e-01,8.29611e-01,1.23045e-02,7.80782e+00,8.28160e+00,1.27995e+01,2.11614e-02,1.71323e-02,1.93679e-01,4.20935e-01,2.32882e-02,1.93113e-02
2.00773e+01,1.40060e+00,1.53725e+00,5.11969e-01,6.69891e+00,2.00535e-02,1.44004e-01,3.57661e-01,7.36710e-01,8.50220e-01,1.49055e-02,7.12130e+00,1.13037e+01,1.87354e+01,2.65573e-02,1.72485e-02,2.16415e-01,5.11759e-01,3.02961e-02,2.38378e-02
3.60705e+01,1.31457e+00,1.57372e+00,4.76603e-01,6.21616e+00,2.29628e-02,1.54431e-01,3.42065e-01,9.53883e-01,9.07641e-01,1.76939e-02,6.29561e+00,1.37215e+01,2.35709e+01,3.43521e-02,1.75120e-02,2.36833e-01,7.29921e-01,3.72677e-02,2.69358e-02
4.77294e+01,1.24406e+00,1.48114e+00,4.49023e-01,5.42990e+00,2.64047e-02,1.64382e-01,3.27181e-01,1.24592e+00,1.04988e+00,2.36583e-02,5.53618e+00,1.73622e+01,2.66620e+01,4.05272e-02,1.78678e-02,2.64341e-01,1.37246e+00,4.37006e-02,2.90457e-02
5.09705e+01,1.18069e+00,1.32238e+00,4.30013e-01,4.51963e+00,3.23481e-02,1.85926e-01,3.14456e-01,1.64638e+00,1.23634e+00,2.55045e-02,4.92808e+00,2.15203e+01,3.02513e+01,4.67300e-02,1.83458e-02,3.14019e-01,2.47861e+00,5.02553e-02,3.10903e-02
5.10109e+01,1.11747e+00,1.15383e+00,4.18168e-01,3.60319e+00,4.34067e-02,2.07467e-01,3.03596e-01,2.18199e+00,1.33539e+00,2.40417e-02,4.48496e+00,2.63588e+01,3.72410e+01,5.44287e-02,1.90147e-02,4.13411e-01,3.55496e+00,5.67320e-02,3.36344e-02
5.09302e+01,1.05470e+00,1.00772e+00,4.11072e-01,2.77522e+00,6.03080e-02,2.15945e-01,2.96732e-01,2.78090e+00,1.29685e+00,2.32118e-02,4.18377e+00,2.71718e+01,4.55624e+01,6.40436e-02,1.98058e-02,6.42783e-01,4.31244e+00,6.23518e-02,3.68670e-02
4.84825e+01,9.97573e-01,8.90655e-01,4.05242e-01,2.09492e+00,7.38721e-02,2.13840e-01,2.95626e-01,3.28593e+00,1.17903e+00,2.29473e-02,3.96499e+00,2.33449e+01,5.06150e+01,7.72316e-02,2.07484e-02,1.16899e+00,4.80567e+00,6.61891e-02,4.09731e-02
4.20204e+01,9.54248e-01,7.94528e-01,3.97962e-01,1.57248e+00,7.54345e-02,2.05824e-01,2.98954e-01,3.61021e+00,1.05269e+00,2.25542e-02,3.76779e+00,1.92875e+01,4.84125e+01,9.49865e-02,2.16821e-02,1.89381e+00,5.08642e+00,6.84104e-02,4.59496e-02
3.36130e+01,9.40036e-01,7.09139e-01,3.87065e-01,1.18590e+00,6.81530e-02,1.96048e-01,3.04279e-01,3.80006e+00,9.54934e-01,2.20142e-02,3.56973e+00,1.65006e+01,4.05566e+01,1.13570e-01,2.26394e-02,2.29798e+00,5.13721e+00,6.95073e-02,5.16958e-02
2.56675e+01,9.86513e-01,6.28558e-01,3.73008e-01,9.04071e-01,5.85380e-02,1.87621e-01,3.09302e-01,3.97965e+00,8.94301e-01,2.14402e-02,3.35564e+00,1.47755e+01,3.15593e+01,1.30096e-01,2.35085e-02,2.32549e+00,4.92265e+00,7.00985e-02,5.82471e-02
1.91657e+01,1.16049e+00,5.51290e-01,3.58273e-01,6.98630e-01,4.99058e-02,1.82307e-01,3.13240e-01,4.26963e+00,8.66072e-01,2.08291e-02,3.11172e+00,1.37409e+01,2.37420e+01,1.44481e-01,2.42502e-02,2.28020e+00,4.47182e+00,7.03277e-02,6.55310e-02
1.42494e+01,1.57177e+00,4.78449e-01,3.45067e-01,5.48367e-01,4.29062e-02,1.80041e-01,3.14983e-01,4.71578e+00,8.62426e-01,2.02065e-02,2.83906e+00,1.29966e+01,1.77657e+01,1.58734e-01,2.48245e-02,2.33050e+00,3.88750e+00,7.04569e-02,7.35712e-02
1.07127e+01,2.35650e+00,4.11704e-01,3.34965e-01,4.37388e-01,3.73269e-02,1.79773e-01,3.15977e-01,5.27977e+00,8.76704e-01,1.95847e-02,2.55902e+00,1.20468e+01,1.34756e+01,1.75716e-01,2.52056e-02,2.47823e+00,3.27706e+00,7.04389e-02,8.24292e-02
8.21332e+00,3.61240e+00,3.52318e-01,3.28010e-01,3.54611e-01,3.28188e-02,1.80355e-01,3.15961e-01,5.90250e+00,9.05522e-01,1.89898e-02,2.29928e+00,1.06693e+01,1.04285e+01,1.96800e-01,2.54183e-02,2.67456e+00,2.71116e+00,7.04041e-02,9.17900e-02
6.43104e+00,5.26284e+00,3.00825e-01,3.23131e-01,2.92156e-01,2.91289e-02,1.82130e-01,3.15157e-01,6.55447e+00,9.46016e-01,1.84587e-02,2.07824e+00,9.04670e+00,8.22499e+00,2.20897e-01,2.54244e-02,2.91550e+00,2.22348e+00,7.01024e-02,1.01167e-01
5.13131e+00,6.89722e+00,2.57069e-01,3.18903e-01,2.44453e-01,2.60519e-02,1.87852e-01,3.12363e-01,7.23054e+00,9.96564e-01,1.79866e-02,1.89911e+00,7.49708e+00,6.59150e+00,2.46155e-01,2.52993e-02,3.26793e+00,1.82084e+00,6.93543e-02,1.10139e-01
4.16029e+00,7.88253e+00,2.20462e-01,3.14484e-01,2.07528e-01,2.34768e-02,2.02933e-01,3.07312e-01,7.92954e+00,1.05545e+00,1.75919e-02,1.75519e+00,6.19848e+00,5.35296e+00,2.73465e-01,2.49975e-02,3.95262e+00,1.49518e+00,6.76513e-02,1.18849e-01
3.42004e+00,7.84660e+00,1.90155e-01,3.10216e-01,1.78605e-01,2.13037e-02,2.34134e-01,3.00105e-01,8.65415e+00,1.12070e+00,1.72874e-02,1.63430e+00,5.18296e+00,4.39747e+00,3.06503e-01,2.46449e-02,6.34616e+00,1.23340e+00,6.51780e-02,1.28408e-01
2.84710e+00,6.97064e+00,1.65203e-01,3.06141e-01,1.55658e-01,1.94782e-02,2.86025e-01,2.90927e-01,9.41672e+00,1.19025e+00,1.70722e-02,1.52573e+00,4.40739e+00,3.64947e+00,3.45666e-01,2.41907e-02,1.95912e+01,1.02252e+00,6.22011e-02,1.43070e-01
2.39853e+00,5.71694e+00,1.44730e-01,3.02883e-01,1.37277e-01,1.79547e-02,3.54559e-01,2.80340e-01,1.02265e+01,1.26333e+00,1.69664e-02,1.42157e+00,3.80902e+00,3.05739e+00,3.83856e-01,2.37051e-02,6.41633e+01,8.52108e-01,5.90435e-02,1.72787e-01
2.04443e+00,4.47771e+00,1.27934e-01,3.00490e-01,1.22372e-01,1.66881e-02,4.23557e-01,2.69568e-01,1.10599e+01,1.34018e+00,1.69822e-02,1.31915e+00,3.34551e+00,2.58411e+00,4.11661e-01,2.31961e-02,1.33936e+02,7.14050e-01,5.58785e-02,2.37136e-01
1.76262e+00,3.44364e+00,1.14137e-01,2.98798e-01,1.10161e-01,1.56398e-02,4.73179e-01,2.59295e-01,1.18557e+01,1.42265e+00,1.71373e-02,1.22103e+00,2.97897e+00,2.20331e+00,4.27405e-01,2.27010e-02,1.74694e+02,6.02103e-01,5.28339e-02,3.69074e-01
1.53652e+00,2.65377e+00,1.03263e-01,2.97448e-01,1.00104e-01,1.48017e-02,4.94270e-01,2.51332e-01,1.25364e+01,1.51407e+00,1.74291e-02,1.13046e+00,2.68780e+00,1.89401e+00,4.39115e-01,2.22269e-02,1.63409e+02,5.11771e-01,4.99632e-02,6.14840e-01
1.35320e+00,2.07896e+00,9.46063e-02,2.96975e-01,9.16783e-02,1.41457e-02,4.91223e-01,2.47108e-01,1.30377e+01,1.61792e+00,1.78274e-02,1.05291e+00,2.45514e+00,1.64088e+00,4.54577e-01,2.17969e-02,1.33959e+02,4.38278e-01,4.72832e-02,9.87643e-01
1.20263e+00,1.66939e+00,8.85203e-02,2.96832e-01,8.45603e-02,1.36646e-02,4.73687e-01,2.48776e-01,1.33245e+01,1.73619e+00,1.83082e-02,9.93976e-01,2.26787e+00,1.43190e+00,4.73533e-01,2.14152e-02,1.06637e+02,3.78651e-01,4.47887e-02,1.35688e+00
1.07697e+00,1.37740e+00,8.38604e-02,2.98343e-01,7.85874e-02,1.33425e-02,4.51030e-01,2.56812e-01,1.33968e+01,1.86753e+00,1.88220e-02,9.60475e-01,2.11580e+00,1.25798e+00,4.86654e-01,2.11133e-02,8.43849e+01,3.30561e-01,4.25666e-02,1.58678e+00
9.70319e-01,1.16868e+00,7.99568e-02,3.03159e-01,7.35486e-02,1.31711e-02,4.28998e-01,2.70248e-01,1.32807e+01,2.00620e+00,1.93314e-02,9.67172e-01,1.99400e+00,1.11239e+00,4.83465e-01,2.08799e-02,6.92254e+01,2.91299e-01,4.07145e-02,2.32350e+01
8.79066e-01,1.01702e+00,7.67846e-02,3.15604e-01,6.92563e-02,1.31431e-02,4.10212e-01,2.85604e-01,1.30126e+01,2.14110e+00,1.98237e-02,1.04016e+00,1.89693e+00,9.89815e-01,4.60670e-01,2.07632e-02,5.87880e+01,2.58676e-01,3.93912e-02,1.53231e+02
8.00208e-01,9.03454e-01,7.42595e-02,3.40954e-01,6.55730e-02,1.32643e-02,3.95320e-01,2.99356e-01,1.26271e+01,2.25774e+00,2.02645e-02,1.22393e+00,1.82422e+00,8.85623e-01,4.22327e-01,2.07530e-02,5.00050e+01,2.31156e-01,3.88570e-02,6.62688e+01
7.31979e-01,8.18974e-01,7.21560e-02,3.81512e-01,6.23713e-02,1.35314e-02,3.83634e-01,3.08405e-01,1.21511e+01,2.34106e+00,2.05958e-02,1.57875e+00,1.77160e+00,7.96394e-01,3.76076e-01,2.08487e-02,4.06778e+01,2.07935e-01,3.94784e-02,2.82290e+01
6.72441e-01,7.50013e-01,7.02131e-02,4.30846e-01,5.95198e-02,1.39325e-02,3.74259e-01,3.14955e-01,1.16074e+01,2.37945e+00,2.07691e-02,2.16468e+00,1.72958e+00,7.19455e-01,3.28883e-01,2.11206e-02,3.14672e+01,1.88331e-01,4.17566e-02,1.83379e+01
6.20113e-01,6.92113e-01,6.82611e-02,4.74605e-01,5.69767e-02,1.44697e-02,3.66829e-01,3.22346e-01,1.10158e+01,2.36797e+00,2.07549e-02,3.00957e+00,1.68378e+00,6.52606e-01,2.85054e-01,2.17319e-02,2.43294e+01,1.71680e-01,4.62298e-02,1.43640e+01
5.73683e-01,6.44085e-01,6.62055e-02,5.00974e-01,5.47007e-02,1.51381e-02,3.61153e-01,3.36300e-01,1.03944e+01,2.31030e+00,2.05343e-02,4.06817e+00,1.61755e+00,5.94367e-01,2.46490e-01,2.32778e-02,1.92856e+01,1.57414e-01,5.35570e-02,1.21958e+01
5.32124e-01,6.04343e-01,6.40751e-02,5.05511e-01,5.26710e-02,1.59432e-02,3.57727e-01,3.62559e-01,9.75907e+00,2.21674e+00,2.01200e-02,5.19123e+00,1.52073e+00,5.43690e-01,2.13471e-01,2.72639e-02,1.56501e+01,1.45075e-01,6.39300e-02,1.08260e+01
4.94774e-01,5.70430e-01,6.19706e-02,4.93476e-01,5.08550e-02,1.68917e-02,3.57006e-01,4.05572e-01,9.12290e+00,2.10047e+00,1.95496e-02,6.14644e+00,1.39204e+00,4.99560e-01,1.85651e-01,3.66670e-02,1.29158e+01,1.34313e-01,7.67983e-02,9.84555e+00
4.60901e-01,5.43434e-01,6.00249e-02,4.73455e-01,4.92834e-02,1.79810e-02,3.59586e-01,4.64989e-01,8.49631e+00,1.97552e+00,1.88900e-02,6.70315e+00,1.24145e+00,4.61454e-01,1.62242e-01,5.40673e-02,1.07958e+01,1.24908e-01,9.06292e-02,9.06700e+00
4.29983e-01,5.21866e-01,5.83613e-02,4.52824e-01,4.79139e-02,1.92281e-02,3.65955e-01,5.32295e-01,7.88823e+00,1.85389e+00,1.82231e-02,6.74957e+00,1.08359e+00,4.28699e-01,1.42579e-01,7.85617e-02,9.12379e+00,1.16712e-01,1.03239e-01,8.37337e+00
4.01653e-01,5.05172e-01,5.71183e-02,4.35581e-01,4.67202e-02,2.06560e-02,3.76447e-01,5.86954e-01,7.30574e+00,1.74459e+00,1.76422e-02,6.33628e+00,9.31590e-01,4.00694e-01,1.25990e-01,1.03594e-01,7.79314e+00,1.09610e-01,1.12038e-01,7.71085e+00
3.75552e-01,4.93427e-01,5.63393e-02,4.23430e-01,4.57090e-02,2.22401e-02,3.91297e-01,6.12779e-01,6.75440e+00,1.65447e+00,1.72526e-02,5.63020e+00,7.93791e-01,3.76800e-01,1.11958e-01,1.20107e-01,6.72523e+00,1.03499e-01,1.16077e-01,7.04876e+00
3.51410e-01,4.84998e-01,5.60214e-02,4.16432e-01,4.48515e-02,2.39324e-02,4.10758e-01,6.04373e-01,6.23824e+00,1.58781e+00,1.71510e-02,4.82286e+00,6.74187e-01,3.56221e-01,1.00064e-01,1.23103e-01,5.86187e+00,9.82920e-02,1.15147e-01,6.39612e+00
3.29012e-01,4.79302e-01,5.59876e-02,4.14535e-01,4.41097e-02,2.56583e-02,4.35154e-01,5.71099e-01,5.75899e+00,1.54854e+00,1.74297e-02,4.06524e+00,5.73089e-01,3.38155e-01,8.99377e-02,1.14252e-01,5.15570e+00,9.38843e-02,1.10398e-01,5.76337e+00
3.08236e-01,4.74884e-01,5.60816e-02,4.17897e-01,4.34863e-02,2.73046e-02,4.64348e-01,5.25852e-01,5.31657e+00,1.54001e+00,1.82049e-02,3.44695e+00,4.89490e-01,3.21739e-01,8.12223e-02,9.92481e-02,4.57214e+00,9.01890e-02,1.03428e-01,5.16825e+00
2.88928e-01,4.70397e-01,5.60742e-02,4.26961e-01,4.29488e-02,2.87458e-02,4.97375e-01,4.80820e-01,4.90952e+00,1.56843e+00,1.95811e-02,2.99128e+00,4.20728e-01,3.06231e-01,7.36893e-02,8.32156e-02,4.08447e+00,8.70966e-02,9.55578e-02,4.62168e+00
2.71023e-01,4.64540e-01,5.58219e-02,4.43322e-01,4.24787e-02,2.98994e-02,5.31954e-01,4.42928e-01,4.53570e+00,1.65444e+00,2.16455e-02,2.68263e+00,3.64616e-01,2.91130e-01,6.72194e-02,6.91624e-02,3.67260e+00,8.45184e-02,8.78874e-02,4.13264e+00
2.54449e-01,4.57772e-01,5.52618e-02,4.67931e-01,4.20324e-02,3.06814e-02,5.64482e-01,4.13131e-01,4.19258e+00,1.88625e+00,2.44230e-02,2.48300e+00,3.18577e-01,2.76305e-01,6.16187e-02,5.80847e-02,3.32142e+00,8.23683e-02,8.08661e-02,3.70383e+00
2.39126e-01,4.49415e-01,5.43812e-02,5.00121e-01,4.15863e-02,3.10758e-02,5.90985e-01,3.90824e-01,3.87750e+00,2.57123e+00,2.78482e-02,2.35243e+00,2.80703e-01,2.61685e-01,5.67117e-02,4.99022e-02,3.01895e+00,8.05649e-02,7.49325e-02,3.33142e+00
2.25025e-01,4.39515e-01,5.32381e-02,5.36934e-01,4.11392e-02,3.10846e-02,6.08071e-01,3.72683e-01,3.58797e+00,4.29481e+00,3.17730e-02,2.25747e+00,2.49330e-01,2.47358e-01,5.24360e-02,4.40801e-02,2.75665e+00,7.90127e-02,6.97720e-02,3.01083e+00
2.12135e-01,4.28018e-01,5.19128e-02,5.71052e-01,4.06804e-02,3.07686e-02,6.14972e-01,3.56208e-01,3.32170e+00,7.46869e+00,3.59464e-02,2.17703e+00,2.23323e-01,2.33564e-01,4.86644e-02,4.01664e-02,2.52813e+00,7.76676e-02,6.55658e-02,2.73524e+00
2.00352e-01,4.16243e-01,5.05049e-02,5.94811e-01,4.02129e-02,3.01906e-02,6.11514e-01,3.40677e-01,3.07634e+00,1.18932e+01,4.00860e-02,2.10028e+00,2.01502e-01,2.20437e-01,4.53675e-02,3.75882e-02,2.32723e+00,7.64882e-02,6.19207e-02,2.50273e+00
1.89604e-01,4.04654e-01,4.90763e-02,6.04109e-01,3.97490e-02,2.94234e-02,5.98372e-01,3.27005e-01,2.85023e+00,1.68104e+01,4.38795e-02,2.02155e+00,1.82956e-01,2.08148e-01,4.24731e-02,3.61221e-02,2.15004e+00,7.54382e-02,5.87007e-02,2.30301e+00
1.79831e-01,3.92081e-01,4.76863e-02,6.02135e-01,3.92909e-02,2.85196e-02,5.76230e-01,3.19602e-01,2.64165e+00,2.12759e+01,4.70486e-02,1.94089e+00,1.67176e-01,1.96810e-01,3.99177e-02,3.58006e-02,1.99341e+00,7.45081e-02,5.56593e-02,2.13351e+00
1.70876e-01,3.79715e-01,4.63837e-02,5.96739e-01,3.88483e-02,2.75387e-02,5.46045e-01,3.22612e-01,2.44912e+00,2.46021e+01,4.94231e-02,1.86189e+00,1.53716e-01,1.86443e-01,3.76570e-02,3.93763e-02,1.85377e+00,7.36630e-02,5.26860e-02,1.98746e+00
1.62738e-01,3.68013e-01,4.51829e-02,5.95142e-01,3.84432e-02,2.65096e-02,5.09295e-01,3.43895e-01,2.27144e+00,2.65465e+01,5.09369e-02,1.78677e+00,1.42072e-01,1.77104e-01,3.56603e-02,1.89017e+01,1.72905e+00,7.28837e-02,4.97284e-02,1.86106e+00
1.55289e-01,3.57187e-01,4.41112e-02,6.00306e-01,3.80749e-02,2.54817e-02,4.68118e-01,3.91451e-01,2.10748e+00,2.71725e+01,5.15373e-02,1.72235e+00,1.32004e-01,1.68684e-01,3.38876e-02,1.94845e+02,1.61724e+00,7.21695e-02,4.67359e-02,1.75380e+00
1.48499e-01,3.47144e-01,4.31692e-02,6.10776e-01,3.77448e-02,2.44752e-02,4.24905e-01,4.76422e-01,1.95631e+00,2.66520e+01,5.12787e-02,1.67500e+00,1.23203e-01,1.61153e-01,3.23015e-02,1.15461e+02,1.51653e+00,7.15019e-02,4.37225e-02,1.65946e+00
1.42264e-01,3.37452e-01,4.23526e-02,6.21624e-01,3.74555e-02,2.35054e-02,3.82047e-01,6.05586e-01,1.81702e+00,2.51982e+01,5.02677e-02,1.66849e+00,1.15432e-01,1.54394e-01,3.08966e-02,2.56040e+01,1.42548e+00,7.08418e-02,4.07221e-02,1.57938e+00
1.36581e-01,3.29319e-01,4.16499e-02,6.28304e-01,3.72065e-02,2.25816e-02,3.41442e-01,7.73019e-01,1.68884e+00,2.30780e+01,4.86138e-02,1.75318e+00,1.08568e-01,1.48347e-01,2.96397e-02,1.06484e+01,1.34307e+00,7.02196e-02,3.78666e-02,1.51037e+00
1.31358e-01,3.21370e-01,4.10599e-02,6.27913e-01,3.70026e-02,2.17031e-02,3.04308e-01,9.52006e-01,1.57108e+00,2.06049e+01,4.64652e-02,2.04764e+00,1.02525e-01,1.42896e-01,2.85221e-02,7.68987e+00,1.26797e+00,6.95957e-02,3.50733e-02,1.45105e+00
1.26573e-01,3.14881e-01,4.05600e-02,6.18862e-01,3.68405e-02,2.08614e-02,2.71109e-01,1.09754e+00,1.46296e+00,1.80893e+01,4.39450e-02,2.72588e+00,9.70726e-02,1.37981e-01,2.75242e-02,6.71367e+00,1.19962e+00,6.89820e-02,3.24772e-02,1.39991e+00
1.22162e-01,3.08832e-01,4.01541e-02,6.01565e-01,3.66963e-02,2.00545e-02,2.42115e-01,1.16863e+00,1.36392e+00,1.57637e+01,4.11931e-02,3.92762e+00,9.22631e-02,1.33504e-01,2.66263e-02,6.13647e+00,1.13726e+00,6.83539e-02,3.01123e-02,1.35698e+00
1.18109e-01,3.03804e-01,3.98428e-02,5.77785e-01,3.65689e-02,1.92786e-02,2.16979e-01,1.15655e+00,1.27320e+00,1.37382e+01,3.83510e-02,5.69646e+00,8.79453e-02,1.29425e-01,2.58202e-02,5.67767e+00,1.07989e+00,6.77439e-02,2.79197e-02,1.32089e+00
1.14358e-01,2.99313e-01,3.95888e-02,5.49925e-01,3.64430e-02,1.85251e-02,1.95719e-01,1.08159e+00,1.19030e+00,1.20117e+01,3.55217e-02,7.96362e+00,8.40289e-02,1.25663e-01,2.51010e-02,5.26491e+00,1.02736e+00,6.71264e-02,2.59815e-02,1.29110e+00
1.10889e-01,2.96411e-01,3.93959e-02,5.23644e-01,3.63460e-02,1.77939e-02,1.77516e-01,9.83636e-01,1.11467e+00,1.04921e+01,3.27774e-02,1.05673e+01,8.04277e-02,1.22185e-01,2.44452e-02,4.87795e+00,9.79036e-01,6.65273e-02,2.42738e-02,1.26638e+00
1.07668e-01,2.94385e-01,3.92422e-02,5.07310e-01,3.62674e-02,1.70798e-02,1.61999e-01,9.04770e-01,1.04573e+00,9.95916e+00,3.01726e-02,1.32717e+01,7.72014e-02,1.18931e-01,2.38553e-02,4.51001e+00,9.34625e-01,6.59467e-02,2.27713e-02,1.24571e+00
1.04675e-01,2.93961e-01,3.91306e-02,5.15731e-01,3.61928e-02,1.63862e-02,1.48826e-01,8.93997e-01,9.82939e-01,2.42609e+01,2.77393e-02,1.58178e+01,7.42175e-02,1.15887e-01,2.33255e-02,4.16331e+00,8.93764e-01,6.53763e-02,2.14388e-02,1.22692e+00
1.01892e-01,2.95257e-01,3.90547e-02,5.66505e-01,3.61308e-02,1.57200e-02,1.37765e-01,1.01791e+00,9.25785e-01,5.98564e+01,2.55059e-02,1.79835e+01,7.14504e-02,1.13020e-01,2.28497e-02,3.83870e+00,8.55982e-01,6.48519e-02,2.02310e-02,1.20899e+00
9.92897e-02,2.98578e-01,3.90075e-02,6.67801e-01,3.60858e-02,1.50818e-02,1.28598e-01,1.36554e+00,8.73852e-01,1.08099e+02,2.34837e-02,1.96123e+01,6.88979e-02,1.10307e-01,2.24150e-02,3.53493e+00,8.21098e-01,6.43507e-02,1.92397e-02,1.19021e+00
9.68656e-02,3.02879e-01,3.89826e-02,8.05825e-01,3.60469e-02,1.44549e-02,1.21035e-01,1.98700e+00,8.26706e-01,1.49105e+02,2.16529e-02,2.06275e+01,6.65049e-02,1.07746e-01,2.20093e-02,3.25632e+00,7.88801e-01,6.39038e-02,1.83636e-02,1.16894e+00
9.46009e-02,3.09324e-01,3.89767e-02,9.44249e-01,3.60158e-02,1.38472e-02,1.14958e-01,2.73120e+00,7.83916e-01,1.65529e+02,2.00130e-02,2.10295e+01,6.42475e-02,1.05317e-01,2.16522e-02,3.00122e+00,7.58717e-01,6.34985e-02,1.76057e-02,1.14331e+00
9.24811e-02,3.18210e-01,3.89851e-02,1.04283e+00,3.59790e-02,1.32689e-02,1.10228e-01,3.19489e+00,7.45139e-01,1.58376e+02,1.85480e-02,2.08664e+01,6.21399e-02,1.03035e-01,2.13318e-02,2.76859e+00,7.30725e-01,6.31472e-02,1.69263e-02,1.11198e+00
9.04883e-02,3.28495e-01,3.90040e-02,1.07824e+00,3.59397e-02,1.27159e-02,1.06653e-01,3.08650e+00,7.09971e-01,1.35443e+02,1.72300e-02,2.02232e+01,6.01491e-02,1.00869e-01,2.10329e-02,2.56055e+00,7.04487e-01,6.28361e-02,1.63553e-02,1.07393e+00
8.86362e-02,3.40439e-01,3.90309e-02,1.05713e+00,3.59021e-02,1.21868e-02,1.04070e-01,2.54957e+00,6.78163e-01,1.09531e+02,1.60619e-02,1.92028e+01,5.82409e-02,9.88252e-02,2.07757e-02,2.37408e+00,6.79878e-01,6.25704e-02,1.58032e-02,1.02977e+00
8.68978e-02,3.53083e-01,3.90573e-02,1.01426e+00,3.58620e-02,1.17043e-02,1.02400e-01,1.91206e+00,6.49402e-01,8.86568e+01,1.49966e-02,1.78987e+01,5.64309e-02,9.68901e-02,2.05444e-02,2.20456e+00,6.56700e-01,6.23399e-02,1.53619e-02,9.79163e-01
8.52616e-02,3.65243e-01,3.90882e-02,1.00339e+00,3.58253e-02,1.12546e-02,1.01393e-01,1.37810e+00,6.23431e-01,7.41705e+01,1.40467e-02,1.64348e+01,5.47574e-02,9.50766e-02,2.03246e-02,2.05541e+00,6.34529e-01,6.21546e-02,1.48977e-02,9.23725e-01
8.37378e-02,3.77203e-01,3.91244e-02,1.09520e+00,3.57910e-02,1.08202e-02,1.00856e-01,9.95298e-01,6.00013e-01,6.49694e+01,1.31930e-02,1.56323e+01,5.31091e-02,9.33747e-02,2.01272e-02,1.92336e+00,6.13481e-01,6.19929e-02,1.44662e-02,8.64810e-01
8.22958e-02,3.87830e-01,3.91676e-02,1.36965e+00,3.57566e-02,1.04302e-02,1.00645e-01,7.40822e-01,5.78885e-01,5.88883e+01,1.24332e-02,1.92697e+01,5.15568e-02,9.17852e-02,1.99647e-02,1.80236e+00,5.93269e-01,6.18612e-02,1.41225e-02,8.04149e-01
8.09477e-02,3.97732e-01,3.92201e-02,1.87894e+00,3.57270e-02,1.00712e-02,1.00475e-01,5.74745e-01,5.59835e-01,5.25450e+01,1.17479e-02,3.19273e+01,5.00599e-02,9.03125e-02,1.98130e-02,1.69949e+00,5.73887e-01,6.17485e-02,1.37372e-02,7.43084e-01
7.96748e-02,4.05773e-01,3.92770e-02,2.52985e+00,3.56929e-02,9.73843e-03,1.00237e-01,4.64924e-01,5.42711e-01,4.40138e+01,1.11337e-02,5.25033e+01,4.86840e-02,8.89169e-02,1.96730e-02,1.60488e+00,5.55162e-01,6.16635e-02,1.33727e-02,6.83297e-01
7.84845e-02,4.13280e-01,3.93329e-02,3.02702e+00,3.56583e-02,9.43436e-03,9.96944e-02,3.91254e-01,5.27340e-01,3.60828e+01,1.05837e-02,7.64407e+01,4.74007e-02,8.76320e-02,1.95507e-02,1.52104e+00,5.37146e-01,6.15962e-02,1.30525e-02,6.25822e-01
7.73614e-02,4.19834e-01,3.93927e-02,3.07372e+00,3.56276e-02,9.15187e-03,9.87926e-02,3.40863e-01,5.13568e-01,3.12569e+01,1.00864e-02,9.79315e+01,4.61857e-02,8.64494e-02,1.94393e-02,1.44653e+00,5.19662e-01,6.15408e-02,1.27298e-02,5.71790e-01
7.63006e-02,4.27029e-01,3.94452e-02,2.67736e+00,3.55846e-02,8.89332e-03,9.74661e-02,3.03181e-01,5.01308e-01,2.86450e+01,9.63875e-03,1.12034e+02,4.50742e-02,8.53325e-02,1.93276e-02,1.37966e+00,5.02737e-01,6.15091e-02,1.24288e-02,5.21124e-01
7.52982e-02,4.35134e-01,3.94995e-02,2.08703e+00,3.55375e-02,8.64584e-03,9.56667e-02,2.73286e-01,4.90383e-01,2.69402e+01,9.23350e-03,1.16600e+02,4.40040e-02,8.42914e-02,1.92290e-02,1.32023e+00,4.86319e-01,6.14679e-02,1.21424e-02,4.75254e-01
7.43474e-02,4.44962e-01,3.95462e-02,1.52934e+00,3.54881e-02,8.42641e-03,9.34668e-02,2.50522e-01,4.80645e-01,2.55589e+01,8.86208e-03,1.12496e+02,4.30658e-02,8.33424e-02,1.91369e-02,1.26675e+00,4.70539e-01,6.14546e-02,1.18764e-02,4.32633e-01
7.34361e-02,4.56955e-01,3.95862e-02,1.09862e+00,3.54397e-02,8.23613e-03,9.08775e-02,2.32049e-01,4.72016e-01,2.43078e+01,8.52832e-03,1.02598e+02,4.21515e-02,8.24669e-02,1.90553e-02,1.21964e+00,4.55289e-01,6.14411e-02,1.16232e-02,3.95122e-01
7.25705e-02,4.72596e-01,3.96288e-02,7.97392e-01,3.53973e-02,8.05885e-03,8.79658e-02,2.15759e-01,4.64432e-01,2.31122e+01,8.22328e-03,9.03585e+01,4.13523e-02,8.16438e-02,1.89695e-02,1.17802e+00,4.40647e-01,6.14384e-02,1.13845e-02,3.60829e-01
7.17605e-02,4.90900e-01,3.96690e-02,5.95791e-01,3.53494e-02,7.89499e-03,8.48657e-02,2.03207e-01,4.57797e-01,2.19060e+01,7.94935e-03,7.85085e+01,4.06164e-02,8.08838e-02,1.88890e-02,1.14032e+00,4.26619e-01,6.14425e-02,1.11575e-02,3.30720e-01
7.09772e-02,5.11929e-01,3.97127e-02,4.63632e-01,3.53163e-02,7.76330e-03,8.16772e-02,1.91034e-01,4.51944e-01,2.05599e+01,7.70856e-03,6.84777e+01,3.99409e-02,8.01742e-02,1.88104e-02,1.10649e+00,4.13159e-01,6.14448e-02,1.09596e-02,3.03905e-01
7.02191e-02,5.34256e-01,3.97549e-02,3.72414e-01,3.52700e-02,7.63498e-03,7.84163e-02,1.81011e-01,4.46850e-01,1.88315e+01,7.48989e-03,6.04885e+01,3.93008e-02,7.94985e-02,1.87404e-02,1.07713e+00,4.00357e-01,6.14549e-02,1.07857e-02,2.79939e-01
6.95012e-02,5.57422e-01,3.98030e-02,9.96306e-01,3.52263e-02,7.51776e-03,7.51734e-02,1.72088e-01,4.42437e-01,1.64643e+01,7.29096e-03,5.39729e+01,3.87315e-02,7.88587e-02,1.86761e-02,1.05156e+00,3.88151e-01,6.14666e-02,1.06291e-02,2.58744e-01
6.88155e-02,5.77980e-01,3.98463e-02,9.72355e+00,3.51881e-02,7.41328e-03,7.20263e-02,1.64042e-01,4.38643e-01,1.35461e+01,7.11281e-03,4.81445e+01,3.81585e-02,7.82649e-02,1.86185e-02,1.02884e+00,3.76568e-01,6.14807e-02,1.04759e-02,2.40093e-01
6.81645e-02,5.94760e-01,3.98883e-02,4.23522e+01,3.51381e-02,7.31481e-03,6.90118e-02,1.56634e-01,4.35409e-01,1.06680e+01,6.95133e-03,4.25718e+01,3.76840e-02,7.77027e-02,1.85740e-02,1.00866e+00,3.65613e-01,6.14947e-02,1.03499e-02,2.23357e-01
6.75442e-02,6.07706e-01,3.99246e-02,8.89191e+01,3.50831e-02,7.22727e-03,6.61551e-02,1.50172e-01,4.32670e-01,8.42195e+00,6.79998e-03,3.73687e+01,3.71745e-02,7.71648e-02,1.85247e-02,9.91494e-01,3.55296e-01,6.15053e-02,1.02287e-02,2.08690e-01
6.69433e-02,6.15881e-01,3.99593e-02,1.02428e+02,3.50198e-02,7.15114e-03,6.34876e-02,1.44008e-01,4.30377e-01,6.94797e+00,6.66565e-03,3.29236e+01,3.67420e-02,7.66537e-02,1.84740e-02,9.76693e-01,3.45520e-01,6.15141e-02,1.01151e-02,1.95347e-01
6.63650e-02,6.19214e-01,3.99824e-02,7.45738e+01,3.49682e-02,7.08190e-03,6.10113e-02,1.38589e-01,4.28479e-01,6.04916e+00,6.54329e-03,2.94781e+01,3.63179e-02,7.61730e-02,1.84286e-02,9.63791e-01,3.36316e-01,6.15251e-02,1.00270e-02,1.83393e-01
6.58143e-02,6.18047e-01,4.00019e-02,4.12958e+01,3.49184e-02,7.02598e-03,5.87288e-02,1.33596e-01,4.26905e-01,5.48296e+00,6.43453e-03,2.69631e+01,3.58963e-02,7.57107e-02,1.83964e-02,9.52147e-01,3.27645e-01,6.15339e-02,9.95036e-03,1.73043e-01
6.52933e-02,6.13838e-01,4.00238e-02,2.08357e+01,3.48713e-02,6.97473e-03,5.66415e-02,1.29034e-01,4.25656e-01,5.08847e+00,6.33808e-03,2.51242e+01,3.54740e-02,7.52666e-02,1.83616e-02,9.41521e-01,3.19501e-01,6.15403e-02,9.87695e-03,1.63517e-01
6.47926e-02,6.07149e-01,4.00477e-02,1.07911e+01,3.48195e-02,6.91889e-03,5.47254e-02,1.24805e-01,4.24646e-01,4.78035e+00,6.24624e-03,2.36915e+01,3.50551e-02,7.48547e-02,1.83277e-02,9.31414e-01,3.11850e-01,6.15470e-02,9.82053e-03,1.54914e-01
6.43003e-02,5.99008e-01,4.00709e-02,6.22487e+00,3.47635e-02,6.88447e-03,5.29771e-02,1.20901e-01,4.23819e-01,4.51853e+00,6.16378e-03,2.24626e+01,3.46552e-02,7.44504e-02,1.82987e-02,9.21643e-01,3.04667e-01,6.15476e-02,9.77404e-03,1.47543e-01
6.38300e-02,5.90383e-01,4.00919e-02,4.18418e+00,3.47050e-02,6.85176e-03,5.13899e-02,1.17409e-01,4.23168e-01,4.28414e+00,6.09181e-03,2.12955e+01,3.42217e-02,7.40669e-02,1.82670e-02,9.11531e-01,2.97920e-01,6.15445e-02,9.71213e-03,1.40643e-01
6.33775e-02,5.80781e-01,4.01154e-02,3.24671e+00,3.46352e-02,6.81630e-03,4.99333e-02,1.14215e-01,4.22676e-01,4.06796e+00,6.02938e-03,2.00840e+01,3.38060e-02,7.37052e-02,1.82352e-02,9.00179e-01,2.91643e-01,6.15409e-02,9.67195e-03,1.34495e-01
6.29440e-02,5.72407e-01,4.01339e-02,2.77622e+00,3.45737e-02,6.79948e-03,4.86256e-02,1.11242e-01,4.22284e-01,3.86507e+00,5.97250e-03,1.87403e+01,3.33984e-02,7.33561e-02,1.82104e-02,8.87405e-01,2.85694e-01,6.15397e-02,9.64134e-03,1.28857e-01
6.25245e-02,5.64202e-01,4.01500e-02,2.49973e+00,3.45064e-02,6.77363e-03,4.74284e-02,1.08486e-01,4.21973e-01,3.67364e+00,5.91894e-03,1.72017e+01,3.29774e-02,7.30057e-02,1.81887e-02,8.73039e-01,2.80132e-01,6.15342e-02,9.61791e-03,1.23752e-01
6.21221e-02,5.59133e-01,4.01666e-02,2.30514e+00,3.44317e-02,6.75801e-03,4.63790e-02,1.05946e-01,4.21717e-01,3.49234e+00,5.86605e-03,1.54588e+01,3.25536e-02,7.26824e-02,1.81632e-02,8.56672e-01,2.74938e-01,6.15255e-02,9.59040e-03,1.19150e-01
6.17346e-02,5.57208e-01,4.01691e-02,2.15493e+00,3.43619e-02,6.74427e-03,4.54198e-02,1.03666e-01,4.21479e-01,3.32020e+00,5.82061e-03,1.35686e+01,3.21109e-02,7.23537e-02,1.81403e-02,8.37589e-01,2.70013e-01,6.15127e-02,9.56778e-03,1.14887e-01
6.13634e-02,5.61125e-01,4.01664e-02,2.02524e+00,3.43072e-02,6.72401e-03,4.45471e-02,1.01537e-01,4.21278e-01,3.15670e+00,5.77841e-03,1.16501e+01,3.17051e-02,7.20345e-02,1.81168e-02,8.16107e-01,2.65385e-01,6.14963e-02,9.54704e-03,1.10904e-01
6.10055e-02,5.73739e-01,4.01649e-02,1.91019e+00,3.42473e-02,6.71938e-03,4.37786e-02,9.95872e-02,4.21067e-01,3.00184e+00,5.73881e-03,9.84874e+00,3.12913e-02,7.17260e-02,1.80869e-02,7.92320e-01,2.61070e-01,6.14769e-02,9.51621e-03,1.07261e-01
6.06579e-02,5.97749e-01,4.01615e-02,1.80620e+00,3.41790e-02,6.70264e-03,4.30636e-02,9.77557e-02,4.20819e-01,2.85490e+00,5.70140e-03,8.28405e+00,3.08619e-02,7.14307e-02,1.80570e-02,7.66040e-01,2.56959e-01,6.14485e-02,9.50678e-03,1.04033e-01
6.03136e-02,6.36563e-01,4.01541e-02,1.71119e+00,3.40942e-02,6.69404e-03,4.24212e-02,9.60355e-02,4.20562e-01,2.71574e+00,5.67083e-03,7.01731e+00,3.04886e-02,7.11419e-02,1.80290e-02,7.37350e-01,2.53090e-01,6.14118e-02,9.51155e-03,1.00961e-01
5.99787e-02,6.94118e-01,4.01464e-02,1.62219e+00,3.40087e-02,6.68564e-03,4.18538e-02,9.44676e-02,4.20270e-01,2.58401e+00,5.63962e-03,6.04983e+00,3.00873e-02,7.08546e-02,1.80019e-02,7.07110e-01,2.49453e-01,6.13742e-02,9.50242e-03,9.81222e-02
5.96685e-02,7.73983e-01,4.01371e-02,1.54134e+00,3.39204e-02,6.68004e-03,4.13330e-02,9.29715e-02,4.19939e-01,2.45989e+00,5.61071e-03,5.33814e+00,2.96869e-02,7.05829e-02,1.79745e-02,6.75213e-01,2.46024e-01,6.13374e-02,9.50482e-03,9.54548e-02
5.93453e-02,8.81867e-01,4.01294e-02,1.46759e+00,3.38434e-02,6.67085e-03,4.08546e-02,9.15380e-02,4.19585e-01,2.34255e+00,5.58447e-03,4.82033e+00,2.93470e-02,7.03267e-02,1.79580e-02,6.42451e-01,2.42804e-01,6.13051e-02,9.49842e-03,9.30217e-02
5.90460e-02,1.02543e+00,4.01220e-02,1.39865e+00,3.37621e-02,6.66315e-03,4.04462e-02,9.01349e-02,4.19200e-01,2.23193e+00,5.56048e-03,4.43592e+00,2.89843e-02,7.00605e-02,1.79424e-02,6.09054e-01,2.39761e-01,6.12655e-02,9.49299e-03,9.08349e-02
5.87403e-02,1.21218e+00,4.01165e-02,1.33592e+00,3.36750e-02,6.65648e-03,4.00600e-02,8.87929e-02,4.18818e-01,2.12765e+00,5.53759e-03,4.13856e+00,2.87184e-02,6.97925e-02,1.79308e-02,5.75895e-01,2.36860e-01,6.12216e-02,9.48182e-03,8.87935e-02
5.84530e-02,1.44620e+00,4.00960e-02,1.27832e+00,3.35841e-02,6.65044e-03,3.97190e-02,8.74278e-02,4.18405e-01,2.02957e+00,5.51407e-03,3.89610e+00,2.83909e-02,6.95320e-02,1.79059e-02,5.42599e-01,2.34147e-01,6.11777e-02,9.49380e-03,8.68972e-02
5.81730e-02,1.71987e+00,4.00705e-02,1.22643e+00,3.35033e-02,6.64521e-03,3.94066e-02,8.62188e-02,4.17993e-01,1.93724e+00,5.49116e-03,3.68909e+00,2.81253e-02,6.92789e-02,1.78802e-02,5.10509e-01,2.31574e-01,6.11269e-02,9.51879e-03,8.50900e-02
5.79079e-02,2.00614e+00,4.00467e-02,1.17784e+00,3.34332e-02,6.64249e-03,3.91319e-02,8.48927e-02,4.17580e-01,1.85028e+00,5.46783e-03,3.50474e+00,2.88822e-02,6.90271e-02,1.78547e-02,4.78687e-01,2.29180e-01,6.10707e-02,9.51762e-03,8.33932e-02
5.76535e-02,2.25582e+00,4.00255e-02,1.13368e+00,3.33681e-02,6.63681e-03,3.88915e-02,8.36091e-02,4.17198e-01,1.76883e+00,5.45063e-03,3.33688e+00,2.96892e-02,6.87861e-02,1.78292e-02,4.48842e-01,2.26891e-01,6.10129e-02,9.49465e-03,8.18812e-02
5.73904e-02,2.40205e+00,4.00031e-02,1.09177e+00,3.32903e-02,6.63815e-03,3.86856e-02,8.22683e-02,4.16805e-01,1.69202e+00,5.43133e-03,3.18111e+00,3.06925e-02,6.85393e-02,1.78048e-02,4.19954e-01,2.24718e-01,6.09507e-02,9.48002e-03,8.04181e-02
5.71436e-02,2.41026e+00,3.99782e-02,1.05398e+00,3.32026e-02,6.64141e-03,3.84879e-02,8.09654e-02,4.16431e-01,1.61981e+00,5.41231e-03,3.03481e+00,3.18703e-02,6.83106e-02,1.77794e-02,3.92918e-01,2.22695e-01,6.08807e-02,9.47089e-03,7.91229e-02
5.68949e-02,2.78636e+00,3.99476e-02,1.01987e+00,3.31086e-02,6.64475e-03,3.82994e-02,7.96393e-02,4.16085e-01,1.55199e+00,5.39481e-03,2.89711e+00,3.19609e-02,6.80766e-02,1.77561e-02,3.67289e-01,2.20778e-01,6.08092e-02,9.46998e-03,7.78517e-02
5.66584e-02,6.18581e+00,3.99168e-02,9.88618e-01,3.30163e-02,6.64082e-03,3.81366e-02,7.82646e-02,4.15777e-01,1.48826e+00,5.37940e-03,2.76716e+00,3.12734e-02,6.78626e-02,1.77345e-02,3.43569e-01,2.19001e-01,6.07377e-02,9.47896e-03,7.67096e-02
5.64189e-02,1.61950e+01,3.98840e-02,9.59201e-01,3.29291e-02,6.62928e-03,3.79681e-02,7.69203e-02,4.15500e-01,1.42837e+00,5.36672e-03,2.64575e+00,3.04667e-02,6.76451e-02,1.77207e-02,3.21371e-01,2.17310e-01,6.06651e-02,9.48664e-03,7.55592e-02
5.61914e-02,3.46435e+01,3.98542e-02,9.32995e-01,3.28273e-02,6.62700e-03,3.78196e-02,7.55664e-02,4.15276e-01,1.37188e+00,5.34747e-03,2.53121e+00,2.97103e-02,6.74196e-02,1.76972e-02,3.00892e-01,2.15689e-01,6.05904e-02,9.47802e-03,7.44785e-02
5.59738e-02,5.63069e+01,3.98169e-02,9.08332e-01,3.27315e-02,6.62644e-03,3.76740e-02,7.41867e-02,4.15095e-01,1.31892e+00,5.33401e-03,2.42615e+00,2.90657e-02,6.72213e-02,1.76793e-02,2.81700e-01,2.14158e-01,6.05076e-02,9.47380e-03,7.34584e-02
5.57676e-02,6.94264e+01,3.97702e-02,8.85922e-01,3.26347e-02,6.62399e-03,3.75483e-02,7.28336e-02,4.14952e-01,1.26931e+00,5.31595e-03,2.32751e+00,2.86400e-02,6.70011e-02,1.76531e-02,2.64507e-01,2.12717e-01,6.04217e-02,9.48437e-03,7.24657e-02
5.55569e-02,6.69451e+01,3.97223e-02,8.66164e-01,3.25483e-02,6.61141e-03,3.74597e-02,7.14556e-02,4.14850e-01,1.22274e+00,5.30248e-03,2.23948e+00,2.84886e-02,6.67964e-02,1.76316e-02,2.48308e-01,2.11361e-01,6.03360e-02,9.48433e-03,7.15530e-02
5.53514e-02,5.30744e+01,3.96816e-02,8.47260e-01,3.24622e-02,6.60297e-03,3.73513e-02,7.00434e-02,4.14777e-01,1.17888e+00,5.29104e-03,2.15911e+00,2.86532e-02,6.65964e-02,1.76118e-02,2.33737e-01,2.10068e-01,6.02485e-02,9.46300e-03,7.07168e-02
5.51606e-02,3.68254e+01,3.96362e-02,8.30060e-01,3.23638e-02,6.60035e-03,3.72633e-02,6.86820e-02,4.14731e-01,1.13778e+00,5.27067e-03,2.09082e+00,2.91278e-02,6.63873e-02,1.75901e-02,2.20340e-01,2.08816e-01,6.01560e-02,9.44992e-03,6.99242e-02
5.49719e-02,2.37760e+01,3.95885e-02,8.14598e-01,3.22631e-02,6.59683e-03,3.71730e-02,6.73538e-02,4.14702e-01,1.09926e+00,5.25034e-03,2.03458e+00,2.99741e-02,6.61938e-02,1.75662e-02,2.07985e-01,2.07635e-01,6.00623e-02,9.44223e-03,6.91872e-02
5.47909e-02,1.49751e+01,3.95380e-02,8.00656e-01,3.21670e-02,6.58941e-03,3.70948e-02,6.60556e-02,4.14713e-01,1.06328e+00,5.23316e-03,1.99472e+00,3.12396e-02,6.60046e-02,1.75463e-02,1.96697e-01,2.06518e-01,5.99687e-02,9.42331e-03,6.84342e-02
5.46044e-02,9.50841e+00,3.94882e-02,7.88335e-01,3.20727e-02,6.58640e-03,3.70079e-02,6.47132e-02,4.14737e-01,1.02943e+00,5.21623e-03,1.97538e+00,3.28074e-02,6.58084e-02,1.75194e-02,1.86431e-01,2.05464e-01,5.98744e-02,9.42034e-03,6.77308e-02
5.44327e-02,6.23802e+00,3.94435e-02,7.76927e-01,3.19865e-02,6.58229e-03,3.69290e-02,6.34667e-02,4.14779e-01,9.97860e-01,5.19928e-03,1.98200e+00,3.46501e-02,6.56127e-02,1.75016e-02,1.76954e-01,2.04453e-01,5.97813e-02,9.43544e-03,6.70274e-02
5.42632e-02,4.30956e+00,3.93921e-02,7.66906e-01,3.18954e-02,6.57324e-03,3.68643e-02,6.21857e-02,4.14835e-01,9.68198e-01,5.18078e-03,2.01989e+00,3.66370e-02,6.54311e-02,1.74730e-02,1.68319e-01,2.03451e-01,5.96809e-02,9.44095e-03,6.63062e-02
5.41080e-02,3.17248e+00,3.93374e-02,7.57290e-01,3.17990e-02,6.56508e-03,3.67870e-02,6.09811e-02,4.14923e-01,9.40739e-01,5.16572e-03,2.08589e+00,3.86072e-02,6.52474e-02,1.74489e-02,1.60628e-01,2.02478e-01,5.95767e-02,9.41424e-03,6.56155e-02
5.39366e-02,2.49817e+00,3.92798e-02,7.49108e-01,3.17039e-02,6.55903e-03,3.67446e-02,5.98258e-02,4.15014e-01,9.15049e-01,5.15362e-03,2.16004e+00,4.06157e-02,6.50525e-02,1.74146e-02,1.53192e-01,2.01549e-01,5.94682e-02,9.40920e-03,6.50144e-02
5.37821e-02,2.08822e+00,3.92206e-02,7.41504e-01,3.16165e-02,6.55398e-03,3.66878e-02,5.87919e-02,4.15089e-01,8.91382e-01,5.13929e-03,2.21918e+00,4.25798e-02,6.48503e-02,1.73876e-02,1.46530e-01,2.00614e-01,5.93615e-02,9.41255e-03,6.44147e-02
5.36131e-02,1.82558e+00,3.91616e-02,7.34793e-01,3.15355e-02,6.54914e-03,3.66304e-02,5.77181e-02,4.15157e-01,8.69287e-01,5.12511e-03,2.54893e+00,4.44826e-02,6.46588e-02,1.73635e-02,1.40444e-01,1.99721e-01,5.92547e-02,9.39327e-03,6.38273e-02
5.34471e-02,1.64850e+00,3.90955e-02,7.28792e-01,3.14399e-02,6.55098e-03,3.65865e-02,5.67259e-02,4.15217e-01,8.48826e-01,5.10855e-03,4.80189e+00,4.62375e-02,6.44536e-02,1.73321e-02,1.34736e-01,1.98840e-01,5.91457e-02,9.35559e-03,6.32748e-02
5.32694e-02,1.51962e+00,3.90310e-02,7.22762e-01,3.13396e-02,6.54860e-03,3.65343e-02,5.57136e-02,4.15262e-01,8.29878e-01,5.09665e-03,1.11100e+01,4.77730e-02,6.42731e-02,1.73033e-02,1.29678e-01,1.97983e-01,5.90362e-02,9.33636e-03,6.27330e-02
5.30862e-02,1.42408e+00,3.89653e-02,7.17260e-01,3.12441e-02,6.54286e-03,3.64857e-02,5.47670e-02,4.15302e-01,8.12379e-01,5.08560e-03,2.23399e+01,4.90584e-02,6.40878e-02,1.72794e-02,1.24824e-01,1.97131e-01,5.89251e-02,9.32468e-03,6.22014e-02
5.29148e-02,1.34666e+00,3.88985e-02,7.11802e-01,3.11475e-02,6.53392e-03,3.64365e-02,5.38455e-02,4.15325e-01,7.96391e-01,5.07620e-03,3.69048e+01,5.00995e-02,6.39101e-02,1.72492e-02,1.20353e-01,1.96294e-01,5.88148e-02,9.30264e-03,6.16909e-02
5.27569e-02,1.28243e+00,3.88323e-02,7.06485e-01,3.10544e-02,6.52908e-03,3.63866e-02,5.30057e-02,4.15329e-01,7.81603e-01,5.06901e-03,5.01471e+01,5.10553e-02,6.37292e-02,1.72192e-02,1.16256e-01,1.95476e-01,5.87068e-02,9.28675e-03,6.12016e-02
5.26173e-02,1.22631e+00,3.87662e-02,7.00958e-01,3.09612e-02,6.51968e-03,3.63244e-02,5.22309e-02,4.15319e-01,7.68083e-01,5.06137e-03,5.69078e+01,5.19492e-02,6.35503e-02,1.71872e-02,1.12549e-01,1.94644e-01,5.85925e-02,9.29004e-03,6.07322e-02
5.24899e-02,1.17662e+00,3.87000e-02,6.95138e-01,3.08576e-02,6.51380e-03,3.62585e-02,5.14633e-02,4.15286e-01,7.55579e-01,5.04865e-03,5.51568e+01,5.28878e-02,6.33711e-02,1.71667e-02,1.09189e-01,1.93807e-01,5.84727e-02,9.27920e-03,6.02883e-02
5.23938e-02,1.13058e+00,3.86336e-02,6.88695e-01,3.07678e-02,6.50220e-03,3.62261e-02,5.07072e-02,4.15237e-01,7.44126e-01,5.03600e-03,4.68883e+01,5.39327e-02,6.31976e-02,1.71430e-02,1.05877e-01,1.92973e-01,5.83519e-02,9.26813e-03,5.98516e-02
5.23257e-02,1.09015e+00,3.85656e-02,6.82289e-01,3.06803e-02,6.49084e-03,3.61689e-02,4.99898e-02,4.15166e-01,7.33790e-01,5.03033e-03,3.59715e+01,5.49468e-02,6.30179e-02,1.71159e-02,1.02803e-01,1.92128e-01,5.82269e-02,9.26368e-03,5.94414e-02
5.22835e-02,1.05108e+00,3.84912e-02,6.75004e-01,3.05969e-02,6.47982e-03,3.61266e-02,4.93527e-02,4.15077e-01,7.24282e-01,5.02622e-03,2.56180e+01,5.58119e-02,6.28428e-02,1.70840e-02,1.00019e-01,1.91319e-01,5.81044e-02,9.26467e-03,5.90822e-02
5.22407e-02,1.01691e+00,3.84226e-02,6.66778e-01,3.05102e-02,6.46640e-03,3.60815e-02,4.87536e-02,4.14956e-01,7.15562e-01,5.02169e-03,1.73927e+01,5.63991e-02,6.26620e-02,1.70548e-02,9.74790e-02,1.90514e-01,5.79856e-02,9.25365e-03,5.87187e-02
5.22269e-02,9.83678e-01,3.83504e-02,6.57674e-01,3.04089e-02,6.45647e-03,3.60266e-02,4.81283e-02,4.14811e-01,7.07669e-01,5.01618e-03,1.15274e+01,5.65602e-02,6.24967e-02,1.70280e-02,9.50566e-02,1.89717e-01,5.78658e-02,9.23560e-03,5.84015e-02
5.22337e-02,9.52841e-01,3.82777e-02,6.47848e-01,3.03019e-02,6.44595e-03,3.59726e-02,4.76111e-02,4.14644e-01,7.00400e-01,5.00956e-03,7.62333e+00,5.63255e-02,6.23373e-02,1.70039e-02,9.27927e-02,1.88888e-01,5.77476e-02,9.21459e-03,5.81172e-02
5.22428e-02,9.24489e-01,3.82054e-02,6.37148e-01,3.01992e-02,6.43405e-03,3.59237e-02,4.71089e-02,4.14454e-01,6.93888e-01,4.99941e-03,5.13436e+00,5.56452e-02,6.21797e-02,1.69713e-02,9.06712e-02,1.88121e-01,5.76281e-02,9.20341e-03,5.78580e-02
5.22615e-02,8.98276e-01,3.81313e-02,6.25649e-01,3.00976e-02,6.42017e-03,3.58582e-02,4.66331e-02,4.14259e-01,6.87962e-01,4.98866e-03,3.59023e+00,5.45328e-02,6.20319e-02,1.69403e-02,8.87634e-02,1.87340e-01,5.75070e-02,9.18352e-03,5.75753e-02
5.22901e-02,8.74228e-01,3.80551e-02,6.13152e-01,2.99983e-02,6.41428e-03,3.57879e-02,4.61910e-02,4.14041e-01,6.82492e-01,4.98024e-03,2.64493e+00,5.31038e-02,6.18883e-02,1.69168e-02,8.68913e-02,1.86533e-01,5.73837e-02,9.16363e-03,5.73940e-02
5.23245e-02,8.49803e-01,3.79784e-02,5.99984e-01,2.98878e-02,6.40714e-03,3.57269e-02,4.58034e-02,4.13805e-01,6.77588e-01,4.97307e-03,2.06905e+00,5.14630e-02,6.17462e-02,1.68873e-02,8.51564e-02,1.85731e-01,5.72548e-02,9.14173e-03,5.71705e-02
5.23461e-02,8.28312e-01,3.79033e-02,5.85197e-01,2.97855e-02,6.39559e-03,3.56643e-02,4.53707e-02,4.13551e-01,6.73153e-01,4.96370e-03,1.71283e+00,4.96982e-02,6.16049e-02,1.68621e-02,8.35301e-02,1.84948e-01,5.71274e-02,9.12919e-03,5.70027e-02
5.23322e-02,8.08420e-01,3.78242e-02,5.70259e-01,2.96945e-02,6.38029e-03,3.55948e-02,4.49734e-02,4.13272e-01,6.69060e-01,4.95851e-03,1.48793e+00,4.78339e-02,6.14375e-02,1.68307e-02,8.20556e-02,1.84173e-01,5.69963e-02,9.13745e-03,5.68358e-02
5.23015e-02,7.88874e-01,3.77451e-02,5.54366e-01,2.96098e-02,6.37314e-03,3.55416e-02,4.46812e-02,4.12966e-01,6.65325e-01,4.95725e-03,1.33620e+00,4.59874e-02,6.12746e-02,1.68074e-02,8.06165e-02,1.83404e-01,5.68656e-02,9.12587e-03,5.67348e-02
5.22380e-02,7.71298e-01,3.76676e-02,5.37795e-01,2.95134e-02,6.36638e-03,3.54874e-02,4.44020e-02,4.12630e-01,6.61850e-01,4.95381e-03,1.23285e+00,4.41821e-02,6.11105e-02,1.67743e-02,7.92441e-02,1.82627e-01,5.67361e-02,9.10549e-03,5.66461e-02
5.21261e-02,7.55616e-01,3.75913e-02,5.20734e-01,2.94162e-02,6.36183e-03,3.54337e-02,4.41259e-02,4.12279e-01,6.58610e-01,4.94800e-03,1.15654e+00,4.24884e-02,6.09413e-02,1.67492e-02,7.79553e-02,1.81892e-01,5.66030e-02,9.07625e-03,5.65451e-02
5.19667e-02,7.40513e-01,3.75170e-02,5.03584e-01,2.93152e-02,6.35502e-03,3.53898e-02,4.38270e-02,4.11920e-01,6.55680e-01,4.94100e-03,1.09861e+00,4.08619e-02,6.07757e-02,1.67249e-02,7.67325e-02,1.81160e-01,5.64695e-02,9.05683e-03,5.64937e-02
5.17723e-02,7.26620e-01,3.74399e-02,4.86181e-01,2.92140e-02,6.34091e-03,3.53554e-02,4.35877e-02,4.11535e-01,6.53020e-01,4.93211e-03,1.05206e+00,3.93283e-02,6.06072e-02,1.66898e-02,7.56029e-02,1.80451e-01,5.63382e-02,9.04390e-03,5.64220e-02
5.15404e-02,7.14389e-01,3.73574e-02,4.68687e-01,2.91157e-02,6.33116e-03,3.53029e-02,4.33363e-02,4.11144e-01,6.50617e-01,4.92373e-03,1.01256e+00,3.79009e-02,6.04252e-02,1.66528e-02,7.45601e-02,1.79734e-01,5.62096e-02,9.02604e-03,5.63744e-02
5.12692e-02,7.01557e-01,3.72768e-02,4.50900e-01,2.90231e-02,6.32486e-03,3.52264e-02,4.31741e-02,4.10748e-01,6.48357e-01,4.91661e-03,9.78391e-01,3.65436e-02,6.02396e-02,1.66302e-02,7.35764e-02,1.79020e-01,5.60811e-02,9.02299e-03,5.64106e-02
5.09732e-02,6.91116e-01,3.72005e-02,4.33245e-01,2.89164e-02,6.31642e-03,3.51704e-02,4.29925e-02,4.10324e-01,6.46256e-01,4.91088e-03,9.48715e-01,3.52994e-02,6.00470e-02,1.65943e-02,7.26478e-02,1.78328e-01,5.59485e-02,9.00948e-03,5.64169e-02
5.06776e-02,6.81253e-01,3.71232e-02,4.16066e-01,2.88073e-02,6.29894e-03,3.51012e-02,4.28221e-02,4.09877e-01,6.44409e-01,4.90646e-03,9.22680e-01,3.41898e-02,5.98582e-02,1.65627e-02,7.17595e-02,1.77627e-01,5.58154e-02,9.00044e-03,5.64890e-02
5.03793e-02,6.71430e-01,3.70411e-02,3.98881e-01,2.87152e-02,6.28017e-03,3.50403e-02,4.26697e-02,4.09424e-01,6.42680e-01,4.90760e-03,8.99480e-01,3.31760e-02,5.96608e-02,1.65267e-02,7.09529e-02,1.76970e-01,5.56840e-02,8.99523e-03,5.65094e-02
5.00782e-02,6.62823e-01,3.69577e-02,3.82286e-01,2.86361e-02,6.27218e-03,3.49700e-02,4.25538e-02,4.08949e-01,6.41106e-01,4.90232e-03,8.76884e-01,3.22902e-02,5.94492e-02,1.64924e-02,7.01728e-02,1.76280e-01,5.55506e-02,8.98019e-03,5.66109e-02
4.97842e-02,6.54583e-01,3.68771e-02,3.65985e-01,2.85497e-02,6.27180e-03,3.49042e-02,4.24861e-02,4.08447e-01,6.39668e-01,4.89576e-03,8.57708e-01,3.14757e-02,5.92444e-02,1.64520e-02,6.94299e-02,1.75608e-01,5.54177e-02,8.96733e-03,5.66781e-02
4.94897e-02,6.47781e-01,3.67911e-02,3.50345e-01,2.84554e-02,6.26311e-03,3.48668e-02,4.23859e-02,4.07937e-01,6.38300e-01,4.89167e-03,8.39742e-01,3.07516e-02,5.90412e-02,1.64166e-02,6.87442e-02,1.74940e-01,5.52840e-02,8.94227e-03,5.67772e-02
4.92095e-02,6.41158e-01,3.67083e-02,3.35066e-01,2.83463e-02,6.25252e-03,3.48149e-02,4.23026e-02,4.07425e-01,6.37113e-01,4.88726e-03,8.23509e-01,3.01208e-02,5.88472e-02,1.63820e-02,6.81280e-02,1.74299e-01,5.51510e-02,8.94359e-03,5.68815e-02
4.89474e-02,6.35159e-01,3.66246e-02,3.20489e-01,2.82448e-02,6.24135e-03,3.47404e-02,4.22519e-02,4.06884e-01,6.36050e-01,4.88479e-03,8.08399e-01,2.95800e-02,5.86605e-02,1.63486e-02,6.74983e-02,1.73678e-01,5.50196e-02,8.90107e-03,5.70314e-02
4.86926e-02,6.29535e-01,3.65379e-02,3.06496e-01,2.81577e-02,6.23017e-03,3.46716e-02,4.22022e-02,4.06345e-01,6.35098e-01,4.88059e-03,7.94368e-01,2.90747e-02,5.84624e-02,1.63139e-02,6.68917e-02,1.73047e-01,5.48910e-02,8.88941e-03,5.71857e-02
4.84635e-02,6.24302e-01,3.64595e-02,2.93049e-01,2.80721e-02,6.21858e-03,3.46128e-02,4.21697e-02,4.05806e-01,6.34211e-01,4.87600e-03,7.81218e-01,2.86562e-02,5.82717e-02,1.62774e-02,6.63263e-02,1.72429e-01,5.47627e-02,8.87686e-03,5.73945e-02
4.82512e-02,6.18821e-01,3.63793e-02,2.80181e-01,2.79809e-02,6.20994e-03,3.45199e-02,4.21453e-02,4.05252e-01,6.33407e-01,4.87262e-03,7.69293e-01,2.83096e-02,5.81016e-02,1.62361e-02,6.57891e-02,1.71816e-01,5.46317e-02,8.85027e-03,5.76702e-02
4.80643e-02,6.14598e-01,3.62987e-02,2.68254e-01,2.78899e-02,6.19757e-03,3.44639e-02,4.20972e-02,4.04690e-01,6.32725e-01,4.86710e-03,7.58140e-01,2.79843e-02,5.79109e-02,1.62060e-02,6.52655e-02,1.71223e-01,5.45002e-02,8.83470e-03,5.79818e-02
4.78862e-02,6.10285e-01,3.62153e-02,2.57054e-01,2.78053e-02,6.18809e-03,3.44092e-02,4.21139e-02,4.04114e-01,6.32168e-01,4.86079e-03,7.47686e-01,2.77124e-02,5.77378e-02,1.61669e-02,6.47836e-02,1.70615e-01,5.43664e-02,8.82049e-03,5.83412e-02
4.77199e-02,6.06309e-01,3.61311e-02,2.45877e-01,2.77226e-02,6.18457e-03,3.43263e-02,4.21112e-02,4.03525e-01,6.31582e-01,4.85351e-03,7.38119e-01,2.74654e-02,5.75498e-02,1.61276e-02,6.43184e-02,1.70031e-01,5.42312e-02,8.79253e-03,5.87470e-02
4.75659e-02,6.02415e-01,3.60453e-02,2.35734e-01,2.76335e-02,6.18100e-03,3.42527e-02,4.21091e-02,4.02916e-01,6.31120e-01,4.84400e-03,7.29360e-01,2.72452e-02,5.73617e-02,1.60873e-02,6.38667e-02,1.69448e-01,5.40973e-02,8.78369e-03,5.91986e-02
4.74096e-02,5.98756e-01,3.59625e-02,2.26258e-01,2.75437e-02,6.17951e-03,3.41938e-02,4.20990e-02,4.02293e-01,6.30727e-01,4.83629e-03,7.21400e-01,2.70465e-02,5.71846e-02,1.60489e-02,6.34855e-02,1.68878e-01,5.39618e-02,8.76607e-03,5.96744e-02
4.72606e-02,5.94709e-01,3.58816e-02,2.17240e-01,2.74501e-02,6.17487e-03,3.41350e-02,4.21233e-02,4.01668e-01,6.30331e-01,4.82838e-03,7.13903e-01,2.68642e-02,5.70083e-02,1.60103e-02,6.30995e-02,1.68315e-01,5.38246e-02,8.73504e-03,6.01581e-02
4.71069e-02,5.90989e-01,3.57999e-02,2.08694e-01,2.73581e-02,6.16547e-03,3.40806e-02,4.21605e-02,4.01037e-01,6.30111e-01,4.81913e-03,7.07178e-01,2.66930e-02,5.68496e-02,1.59746e-02,6.27151e-02,1.67762e-01,5.36893e-02,8.70763e-03,6.06143e-02
4.69590e-02,5.87541e-01,3.57167e-02,2.00573e-01,2.72747e-02,6.15172e-03,3.40088e-02,4.21191e-02,4.00391e-01,6.29926e-01,4.81044e-03,7.00704e-01,2.65131e-02,5.66850e-02,1.59358e-02,6.23530e-02,1.67225e-01,5.35577e-02,8.69936e-03,6.10587e-02
4.68123e-02,5.83778e-01,3.56313e-02,1.93204e-01,2.71903e-02,6.14131e-03,3.39400e-02,4.21418e-02,3.99745e-01,6.29730e-01,4.79999e-03,6.95205e-01,2.63849e-02,5.65181e-02,1.58981e-02,6.20487e-02,1.66674e-01,5.34259e-02,8.68118e-03,6.13950e-02
4.66799e-02,5.79306e-01,3.55468e-02,1.86338e-01,2.70968e-02,6.13277e-03,3.38708e-02,4.21039e-02,3.99090e-01,6.29576e-01,4.79219e-03,6.89983e-01,2.62643e-02,5.63501e-02,1.58653e-02,6.17203e-02,1.66151e-01,5.32955e-02,8.66135e-03,6.16110e-02
4.65294e-02,5.74808e-01,3.54699e-02,1.79608e-01,2.69999e-02,6.12567e-03,3.38132e-02,4.22008e-02,3.98408e-01,6.29448e-01,4.78312e-03,6.85368e-01,2.61277e-02,5.61812e-02,1.58337e-02,6.13600e-02,1.65634e-01,5.31639e-02,8.66034e-03,6.17577e-02
4.63944e-02,5.69920e-01,3.53919e-02,1.73270e-01,2.69130e-02,6.11497e-03,3.37463e-02,4.21935e-02,3.97738e-01,6.29357e-01,4.77227e-03,6.81168e-01,2.60229e-02,5.60096e-02,1.57944e-02,6.11062e-02,1.65114e-01,5.30317e-02,8.63389e-03,6.18194e-02
4.62608e-02,5.64644e-01,3.53054e-02,1.67851e-01,2.68350e-02,6.09664e-03,3.36955e-02,4.22013e-02,3.97063e-01,6.29286e-01,4.76352e-03,6.77560e-01,2.58928e-02,5.58379e-02,1.57628e-02,6.07897e-02,1.64605e-01,5.28990e-02,8.61269e-03,6.17490e-02
4.61273e-02,5.58687e-01,3.52200e-02,1.62294e-01,2.67506e-02,6.08659e-03,3.36211e-02,4.22073e-02,3.96365e-01,6.29218e-01,4.75814e-03,6.73909e-01,2.57869e-02,5.56561e-02,1.57208e-02,6.05065e-02,1.64099e-01,5.27650e-02,8.61833e-03,6.16112e-02
4.59867e-02,5.52490e-01,3.51349e-02,1.57257e-01,2.66569e-02,6.07371e-03,3.35566e-02,4.22317e-02,3.95660e-01,6.29172e-01,4.75346e-03,6.70645e-01,2.56791e-02,5.54785e-02,1.56820e-02,6.02254e-02,1.63583e-01,5.26303e-02,8.60319e-03,6.13944e-02
4.58615e-02,5.45681e-01,3.50554e-02,1.52587e-01,2.65587e-02,6.06329e-03,3.34923e-02,4.22344e-02,3.94949e-01,6.29164e-01,4.74685e-03,6.67712e-01,2.55857e-02,5.53146e-02,1.56462e-02,5.99420e-02,1.63098e-01,5.24968e-02,8.56882e-03,6.12425e-02
4.57200e-02,5.38579e-01,3.49767e-02,1.48214e-01,2.64687e-02,6.05157e-03,3.34179e-02,4.22121e-02,3.94226e-01,6.29157e-01,4.73775e-03,6.65151e-01,2.54580e-02,5.51484e-02,1.56127e-02,5.97044e-02,1.62625e-01,5.23672e-02,8.55054e-03,6.10671e-02
4.55926e-02,5.31242e-01,3.48959e-02,1.44051e-01,2.63850e-02,6.03740e-03,3.33476e-02,4.22286e-02,3.93495e-01,6.29022e-01,4.73022e-03,6.62935e-01,2.53749e-02,5.49925e-02,1.55745e-02,5.94829e-02,1.62155e-01,5.22426e-02,8.54649e-03,6.09407e-02
4.54645e-02,5.23355e-01,3.48108e-02,1.40279e-01,2.62973e-02,6.02941e-03,3.32685e-02,4.22341e-02,3.92765e-01,6.29054e-01,4.72164e-03,6.60845e-01,2.53382e-02,5.48366e-02,1.55390e-02,5.92524e-02,1.61686e-01,5.21170e-02,8.52235e-03,6.09925e-02
4.53304e-02,5.14677e-01,3.47260e-02,1.36608e-01,2.62095e-02,6.01819e-03,3.32098e-02,4.22824e-02,3.92030e-01,6.28982e-01,4.71264e-03,6.58849e-01,2.52685e-02,5.46721e-02,1.55083e-02,5.90389e-02,1.61240e-01,5.19891e-02,8.51721e-03,6.11785e-02
4.52022e-02,5.05922e-01,3.46412e-02,1.33291e-01,2.61270e-02,6.01010e-03,3.31565e-02,4.22136e-02,3.91276e-01,6.28959e-01,4.70849e-03,6.57140e-01,2.52055e-02,5.45131e-02,1.54754e-02,5.88537e-02,1.60775e-01,5.18605e-02,8.50460e-03,6.15334e-02
4.50684e-02,4.97034e-01,3.45592e-02,1.30131e-01,2.60520e-02,6.00120e-03,3.30905e-02,4.22138e-02,3.90523e-01,6.28860e-01,4.70199e-03,6.55179e-01,2.51301e-02,5.43393e-02,1.54364e-02,5.86220e-02,1.60321e-01,5.17290e-02,8.45951e-03,6.20196e-02
4.49337e-02,4.87254e-01,3.44734e-02,1.26975e-01,2.59753e-02,5.98962e-03,3.30388e-02,4.21997e-02,3.89770e-01,6.28766e-01,4.69659e-03,6.53705e-01,2.50551e-02,5.41711e-02,1.53956e-02,5.84420e-02,1.59895e-01,5.15961e-02,8.46136e-03,6.27559e-02
4.48013e-02,4.76928e-01,3.43893e-02,1.24387e-01,2.58801e-02,5.97799e-03,3.29560e-02,4.21522e-02,3.88994e-01,6.28686e-01,4.68938e-03,6.52270e-01,2.49747e-02,5.39986e-02,1.53603e-02,5.82496e-02,1.59473e-01,5.14633e-02,8.43360e-03,6.36700e-02
4.46721e-02,4.66534e-01,3.43045e-02,1.21718e-01,2.57862e-02,5.96765e-03,3.28943e-02,4.21396e-02,3.88225e-01,6.28524e-01,4.68006e-03,6.50877e-01,2.49053e-02,5.38174e-02,1.53250e-02,5.80834e-02,1.59066e-01,5.13317e-02,8.40835e-03,6.47703e-02
4.45431e-02,4.55884e-01,3.42231e-02,1.19254e-01,2.56932e-02,5.95501e-03,3.28273e-02,4.21189e-02,3.87457e-01,6.28387e-01,4.66909e-03,6.49558e-01,2.48255e-02,5.36592e-02,1.52835e-02,5.79414e-02,1.58686e-01,5.12012e-02,8.38972e-03,6.60852e-02
4.44039e-02,4.44788e-01,3.41442e-02,1.17034e-01,2.56100e-02,5.93818e-03,3.27611e-02,4.20745e-02,3.86676e-01,6.28136e-01,4.66056e-03,6.48200e-01,2.47475e-02,5.34905e-02,1.52419e-02,5.77898e-02,1.58323e-01,5.10729e-02,8.35329e-03,6.74908e-02
4.42712e-02,4.33254e-01,3.40683e-02,1.14862e-01,2.55282e-02,5.92673e-03,3.27068e-02,4.19752e-02,3.85895e-01,6.28002e-01,4.65445e-03,6.46881e-01,2.47077e-02,5.33456e-02,1.52087e-02,5.76720e-02,1.57968e-01,5.09454e-02,8.34213e-03,6.90225e-02
4.41424e-02,4.21721e-01,3.39882e-02,1.12811e-01,2.54475e-02,5.91753e-03,3.26334e-02,4.19259e-02,3.85114e-01,6.27791e-01,4.64361e-03,6.45749e-01,2.46368e-02,5.31737e-02,1.51759e-02,5.75836e-02,1.57619e-01,5.08165e-02,8.32578e-03,7.06005e-02
4.40011e-02,4.10006e-01,3.39041e-02,1.10915e-01,2.53655e-02,5.90829e-03,3.25712e-02,4.18753e-02,3.84335e-01,6.27540e-01,4.63276e-03,6.44306e-01,2.45827e-02,5.30152e-02,1.51404e-02,5.74671e-02,1.57267e-01,5.06887e-02,8.30627e-03,7.22036e-02
4.38727e-02,3.98122e-01,3.38231e-02,1.09052e-01,2.52800e-02,5.89648e-03,3.24965e-02,4.18208e-02,3.83554e-01,6.27268e-01,4.62764e-03,6.42671e-01,2.45163e-02,5.28569e-02,1.51003e-02,5.73938e-02,1.56941e-01,5.05623e-02,8.28379e-03,7.37226e-02
4.37364e-02,3.86529e-01,3.37449e-02,1.07397e-01,2.52071e-02,5.87965e-03,3.24320e-02,4.17990e-02,3.82764e-01,6.26968e-01,4.62248e-03,6.41000e-01,2.44685e-02,5.26942e-02,1.50579e-02,5.73516e-02,1.56613e-01,5.04351e-02,8.25996e-03,7.52092e-02
4.36073e-02,3.74925e-01,3.36606e-02,1.05858e-01,2.51434e-02,5.86504e-03,3.23602e-02,4.17243e-02,3.81963e-01,6.26653e-01,4.61493e-03,6.39219e-01,2.43836e-02,5.25306e-02,1.50151e-02,5.73116e-02,1.56277e-01,5.03065e-02,8.26561e-03,7.65416e-02
4.34787e-02,3.63388e-01,3.35792e-02,1.04296e-01,2.50657e-02,5.85663e-03,3.23010e-02,4.16751e-02,3.81161e-01,6.26361e-01,4.62557e-03,6.37220e-01,2.43354e-02,5.23568e-02,1.49728e-02,5.72878e-02,1.55946e-01,5.01795e-02,8.25394e-03,7.76739e-02
4.33458e-02,3.51941e-01,3.34959e-02,1.02925e-01,2.49837e-02,5.85264e-03,3.22442e-02,4.16012e-02,3.80354e-01,6.25985e-01,4.65175e-03,6.35057e-01,2.42606e-02,5.22038e-02,1.49325e-02,5.72832e-02,1.55615e-01,5.00518e-02,8.23789e-03,7.86405e-02
4.32249e-02,3.40330e-01,3.34157e-02,1.01625e-01,2.48966e-02,5.84573e-03,3.21729e-02,4.15552e-02,3.79544e-01,6.25594e-01,4.67835e-03,6.32699e-01,2.42128e-02,5.20352e-02,1.48883e-02,5.72914e-02,1.55275e-01,4.99245e-02,8.23992e-03,7.93574e-02
4.30953e-02,3.29417e-01,3.33386e-02,1.00330e-01,2.48168e-02,5.83194e-03,3.20922e-02,4.14521e-02,3.79216e-01,6.25214e-01,4.68706e-03,6.30305e-01,2.41520e-02,5.18885e-02,1.48512e-02,5.73365e-02,1.55195e-01,4.97984e-02,8.28972e-03,7.98945e-02
4.29560e-02,3.18382e-01,3.32636e-02,9.90610e-02,2.47384e-02,5.81601e-03,3.20211e-02,4.13721e-02,3.78946e-01,6.24723e-01,4.69417e-03,6.27737e-01,2.40953e-02,5.17327e-02,1.48071e-02,5.74064e-02,1.55131e-01,4.97501e-02,8.36394e-03,8.01520e-02
4.28384e-02,3.07770e-01,3.31847e-02,9.79284e-02,2.47191e-02,5.79764e-03,3.19530e-02,4.13458e-02,3.78715e-01,6.24342e-01,4.70029e-03,6.25110e-01,2.40530e-02,5.15789e-02,1.47658e-02,5.74964e-02,1.55063e-01,4.98068e-02,8.53952e-03,8.01778e-02
4.27138e-02,2.97409e-01,3.31065e-02,9.67864e-02,2.47227e-02,5.78535e-03,3.18786e-02,4.12211e-02,3.78594e-01,6.23846e-01,4.70409e-03,6.22357e-01,2.39946e-02,5.14295e-02,1.47278e-02,5.76194e-02,1.54908e-01,4.97608e-02,8.72085e-03,7.99113e-02
4.25896e-02,2.87206e-01,3.30381e-02,9.57602e-02,2.47332e-02,5.82125e-03,3.18623e-02,4.11754e-02,3.78549e-01,6.23379e-01,4.75461e-03,6.19321e-01,2.39366e-02,5.12789e-02,1.47096e-02,5.78360e-02,1.55329e-01,4.97823e-02,8.95555e-03,7.94614e-02
4.24782e-02,2.77343e-01,3.30354e-02,9.48192e-02,2.47676e-02,5.85214e-03,3.18484e-02,4.11294e-02,3.78545e-01,6.22865e-01,4.89655e-03,6.16199e-01,2.38795e-02,5.11300e-02,1.46894e-02,5.79957e-02,1.55745e-01,5.06460e-02,9.22767e-03,7.87383e-02
4.26370e-02,2.68043e-01,3.32919e-02,9.39413e-02,2.47626e-02,5.89203e-03,3.18233e-02,4.10924e-02,3.79060e-01,6.22315e-01,5.06516e-03,6.12960e-01,2.38387e-02,5.10441e-02,1.46822e-02,5.83264e-02,1.55760e-01,5.15433e-02,9.55914e-03,7.78387e-02
4.29120e-02,2.59321e-01,3.37400e-02,9.31003e-02,2.47736e-02,5.92358e-03,3.17279e-02,4.10895e-02,3.80758e-01,6.21736e-01,5.18643e-03,6.09603e-01,2.37945e-02,5.10722e-02,1.46809e-02,5.86052e-02,1.55372e-01,5.25091e-02,9.92699e-03,7.67953e-02
4.32234e-02,2.50488e-01,3.43023e-02,9.23734e-02,2.47760e-02,5.94400e-03,3.16897e-02,4.10946e-02,3.84104e-01,6.21150e-01,5.27566e-03,6.06132e-01,2.37383e-02,5.12574e-02,1.47390e-02,5.89389e-02,1.54856e-01,5.43763e-02,1.04343e-02,7.55756e-02
4.40511e-02,2.42019e-01,3.48678e-02,9.16124e-02,2.47582e-02,5.95158e-03,3.16617e-02,4.10683e-02,3.88845e-01,6.20600e-01,5.32910e-03,6.02573e-01,2.36706e-02,5.17137e-02,1.48072e-02,5.92885e-02,1.54316e-01,5.69298e-02,1.11673e-02,7.42201e-02
4.67033e-02,2.33816e-01,3.54823e-02,9.09590e-02,2.47112e-02,5.94907e-03,3.16604e-02,4.10558e-02,3.94928e-01,6.20031e-01,5.34547e-03,5.99071e-01,2.36096e-02,5.24748e-02,1.49103e-02,5.96862e-02,1.53813e-01,5.94245e-02,1.21948e-02,7.28074e-02
5.29261e-02,2.26342e-01,3.61841e-02,9.04182e-02,2.46380e-02,5.95360e-03,3.17030e-02,4.10543e-02,4.02667e-01,6.19392e-01,5.34163e-03,5.95453e-01,2.35646e-02,5.35746e-02,1.50656e-02,6.00856e-02,1.53401e-01,6.11561e-02,1.34573e-02,7.11783e-02
6.32388e-02,2.19036e-01,3.68956e-02,8.98994e-02,2.45483e-02,5.96105e-03,3.17907e-02,4.10361e-02,4.12231e-01,6.18849e-01,5.32795e-03,5.91713e-01,2.35233e-02,5.52671e-02,1.52562e-02,6.04344e-02,1.53041e-01,6.19658e-02,1.48328e-02,6.95275e-02
7.60108e-02,2.11892e-01,3.74674e-02,8.94484e-02,2.44567e-02,5.97694e-03,3.19784e-02,4.10745e-02,4.23400e-01,6.18172e-01,5.31213e-03,5.87931e-01,2.34495e-02,5.80124e-02,1.54630e-02,6.08190e-02,1.52704e-01,6.19441e-02,1.61103e-02,6.78662e-02
8.83949e-02,2.05294e-01,3.77381e-02,8.89787e-02,2.43532e-02,5.97496e-03,3.22449e-02,4.10655e-02,4.35558e-01,6.17524e-01,5.30580e-03,5.84405e-01,2.34107e-02,6.22044e-02,1.57147e-02,6.12368e-02,1.52370e-01,6.13657e-02,1.71041e-02,6.62570e-02
9.80741e-02,1.98955e-01,3.76453e-02,8.86558e-02,2.42671e-02,5.96128e-03,3.25889e-02,4.10266e-02,4.47864e-01,6.16782e-01,5.30185e-03,5.80915e-01,2.33801e-02,6.75745e-02,1.59975e-02,6.16036e-02,1.51986e-01,6.04470e-02,1.78119e-02,6.46901e-02
1.04383e-01,1.92875e-01,3.72333e-02,8.85353e-02,2.41967e-02,5.94465e-03,3.28993e-02,4.10635e-02,4.59548e-01,6.16030e-01,5.31095e-03,5.77538e-01,2.33688e-02,7.31631e-02,1.62964e-02,6.19893e-02,1.51615e-01,5.93130e-02,1.81910e-02,6.31690e-02
1.08237e-01,1.87309e-01,3.65936e-02,8.85115e-02,2.41561e-02,5.91996e-03,3.30947e-02,4.11088e-02,4.69917e-01,6.15328e-01,5.33041e-03,5.74127e-01,2.33367e-02,7.78260e-02,1.66477e-02,6.23617e-02,1.51204e-01,5.80504e-02,1.83662e-02,6.16779e-02
1.11157e-01,1.81843e-01,3.58354e-02,8.87357e-02,2.41562e-02,5.89588e-03,3.31375e-02,4.12001e-02,4.78501e-01,6.14564e-01,5.35656e-03,5.70881e-01,2.33277e-02,8.08969e-02,1.70656e-02,6.27939e-02,1.50768e-01,5.67148e-02,1.84742e-02,6.02957e-02
1.13825e-01,1.76716e-01,3.50313e-02,8.93199e-02,2.42048e-02,5.87369e-03,3.30479e-02,4.13005e-02,4.85120e-01,6.13822e-01,5.39041e-03,5.67741e-01,2.33013e-02,8.23677e-02,1.75658e-02,6.32979e-02,1.50277e-01,5.53869e-02,1.85673e-02,5.89904e-02
1.15719e-01,1.72059e-01,3.42513e-02,9.03480e-02,2.43001e-02,5.85863e-03,3.28455e-02,4.14157e-02,4.89959e-01,6.13064e-01,5.42720e-03,5.64825e-01,2.32948e-02,8.26450e-02,1.81908e-02,6.39136e-02,1.49719e-01,5.41271e-02,1.86573e-02,5.77902e-02
1.15674e-01,1.67171e-01,3.35772e-02,9.19992e-02,2.44288e-02,5.84157e-03,3.25807e-02,4.14942e-02,4.93489e-01,6.12247e-01,5.47631e-03,5.62141e-01,2.32638e-02,8.23056e-02,1.89577e-02,6.45786e-02,1.49133e-01,5.30021e-02,1.88025e-02,5.66617e-02
1.13013e-01,1.62774e-01,3.30045e-02,9.43632e-02,2.45762e-02,5.82964e-03,3.23052e-02,4.15758e-02,4.96280e-01,6.11481e-01,5.53046e-03,5.59699e-01,2.32728e-02,8.17507e-02,1.98864e-02,6.52731e-02,1.48476e-01,5.20221e-02,1.89602e-02,5.56133e-02
1.08011e-01,1.58641e-01,3.25385e-02,9.75594e-02,2.47250e-02,5.82420e-03,3.20499e-02,4.16249e-02,4.98818e-01,6.10710e-01,5.59883e-03,5.57277e-01,2.32733e-02,8.12280e-02,2.09587e-02,6.59426e-02,1.47781e-01,5.11954e-02,1.91043e-02,5.46443e-02
1.01583e-01,1.54762e-01,3.21756e-02,1.01604e-01,2.48381e-02,5.81507e-03,3.18185e-02,4.16968e-02,5.01514e-01,6.09983e-01,5.66232e-03,5.54868e-01,2.32964e-02,8.08063e-02,2.21729e-02,6.66097e-02,1.47076e-01,5.05121e-02,1.92169e-02,5.37589e-02
9.46680e-02,1.51329e-01,3.18882e-02,1.06758e-01,2.48979e-02,5.80219e-03,3.16279e-02,4.17822e-02,5.04476e-01,6.09303e-01,5.72669e-03,5.52427e-01,2.33166e-02,8.04377e-02,2.35016e-02,6.71827e-02,1.46354e-01,4.99605e-02,1.92973e-02,5.29975e-02
8.79557e-02,1.47899e-01,3.16791e-02,1.12814e-01,2.49063e-02,5.78607e-03,3.14735e-02,4.18587e-02,5.07732e-01,6.08741e-01,5.79275e-03,5.50045e-01,2.33580e-02,8.00166e-02,2.49214e-02,6.77431e-02,1.45640e-01,4.95172e-02,1.93641e-02,5.23210e-02
8.18308e-02,1.44830e-01,3.15286e-02,1.19615e-01,2.48602e-02,5.77756e-03,3.13461e-02,4.19557e-02,5.11105e-01,6.08361e-01,5.84165e-03,5.47860e-01,2.33890e-02,7.94118e-02,2.63798e-02,6.82082e-02,1.44963e-01,4.91756e-02,1.94272e-02,5.17322e-02
7.64291e-02,1.41912e-01,3.14178e-02,1.27021e-01,2.47545e-02,5.77300e-03,3.12608e-02,4.21171e-02,5.14305e-01,6.08292e-01,5.87366e-03,5.45952e-01,2.34539e-02,7.85264e-02,2.77814e-02,6.86001e-02,1.44336e-01,4.89091e-02,1.94426e-02,5.12670e-02
7.17766e-02,1.38870e-01,3.13286e-02,1.35100e-01,2.45834e-02,5.77041e-03,3.12037e-02,4.22427e-02,5.17037e-01,6.08585e-01,5.88061e-03,5.44182e-01,2.35492e-02,7.72634e-02,2.89857e-02,6.90329e-02,1.43738e-01,4.86992e-02,1.94217e-02,5.08684e-02
6.78092e-02,1.36232e-01,3.12639e-02,1.43486e-01,2.43754e-02,5.77679e-03,3.11676e-02,4.23479e-02,5.18940e-01,6.09439e-01,5.87016e-03,5.42683e-01,2.36417e-02,7.56302e-02,2.99177e-02,6.93590e-02,1.43158e-01,4.85287e-02,1.93240e-02,5.05482e-02
6.44229e-02,1.33895e-01,3.12122e-02,1.52191e-01,2.41391e-02,5.79258e-03,3.11531e-02,4.24689e-02,5.19768e-01,6.10933e-01,5.83646e-03,5.41406e-01,2.37203e-02,7.36641e-02,3.04719e-02,6.96966e-02,1.42622e-01,4.83889e-02,1.91985e-02,5.02876e-02
6.15462e-02,1.31548e-01,3.11657e-02,1.60628e-01,2.38793e-02,5.81842e-03,3.11689e-02,4.25592e-02,5.19337e-01,6.13026e-01,5.80454e-03,5.40179e-01,2.38136e-02,7.14678e-02,3.06200e-02,7.00329e-02,1.42100e-01,4.82600e-02,1.89793e-02,5.00887e-02
5.90930e-02,1.29301e-01,3.11353e-02,1.68719e-01,2.36041e-02,5.85799e-03,3.12064e-02,4.26122e-02,5.17524e-01,6.15862e-01,5.76812e-03,5.39201e-01,2.39149e-02,6.91635e-02,3.04203e-02,7.03383e-02,1.41587e-01,4.81342e-02,1.87194e-02,4.98957e-02
5.69922e-02,1.27061e-01,3.10989e-02,1.76200e-01,2.33363e-02,5.90139e-03,3.12822e-02,4.27146e-02,5.14390e-01,6.19265e-01,5.73384e-03,5.38325e-01,2.40116e-02,6.68640e-02,2.99761e-02,7.06354e-02,1.41089e-01,4.80151e-02,1.84656e-02,4.97323e-02
5.51855e-02,1.25271e-01,3.10561e-02,1.82421e-01,2.30875e-02,5.95730e-03,3.14011e-02,4.28379e-02,5.10025e-01,6.22959e-01,5.70319e-03,5.37637e-01,2.40867e-02,6.46838e-02,2.93776e-02,7.08580e-02,1.40609e-01,4.78885e-02,1.82116e-02,4.95842e-02
5.36222e-02,1.23508e-01,3.10167e-02,1.87455e-01,2.28652e-02,6.01377e-03,3.15593e-02,4.30202e-02,5.04651e-01,6.26542e-01,5.67434e-03,5.36917e-01,2.41772e-02,6.26869e-02,2.87165e-02,7.11470e-02,1.40145e-01,4.77476e-02,1.80149e-02,4.94078e-02
5.22883e-02,1.21685e-01,3.09763e-02,1.91125e-01,2.26729e-02,6.07758e-03,3.17437e-02,4.31263e-02,4.98500e-01,6.29679e-01,5.65564e-03,5.36465e-01,2.42500e-02,6.09146e-02,2.80787e-02,7.13422e-02,1.39668e-01,4.76006e-02,1.78600e-02,4.92471e-02
5.11421e-02,1.20110e-01,3.09273e-02,1.93532e-01,2.24965e-02,6.13658e-03,3.19752e-02,4.32519e-02,4.91842e-01,6.32029e-01,5.63855e-03,5.36019e-01,2.43084e-02,5.93894e-02,2.75032e-02,7.15785e-02,1.39206e-01,4.74396e-02,1.77627e-02,4.90592e-02
5.01531e-02,1.18490e-01,3.08700e-02,1.94924e-01,2.23425e-02,6.18895e-03,3.22395e-02,4.33668e-02,4.84872e-01,6.33320e-01,5.62306e-03,5.35614e-01,2.43138e-02,5.81329e-02,2.70229e-02,7.17954e-02,1.38775e-01,4.72681e-02,1.77226e-02,4.88708e-02
4.93172e-02,1.16935e-01,3.08073e-02,1.95893e-01,2.22091e-02,6.23111e-03,3.25356e-02,4.34577e-02,4.77754e-01,6.33356e-01,5.60630e-03,5.35386e-01,2.43242e-02,5.71062e-02,2.66213e-02,7.21343e-02,1.38319e-01,4.70856e-02,1.77172e-02,4.86563e-02
4.86150e-02,1.15568e-01,3.07447e-02,1.96348e-01,2.20975e-02,6.24119e-03,3.28699e-02,4.35561e-02,4.70720e-01,6.32305e-01,5.58374e-03,5.35182e-01,2.42844e-02,5.63223e-02,2.62936e-02,7.25093e-02,1.37888e-01,4.68940e-02,1.77762e-02,4.84436e-02
4.80244e-02,1.14346e-01,3.06902e-02,1.96645e-01,2.19899e-02,6.25365e-03,3.32196e-02,4.36009e-02,4.63800e-01,6.30366e-01,5.56276e-03,5.35088e-01,2.42159e-02,5.57392e-02,2.59850e-02,7.29984e-02,1.37475e-01,4.66943e-02,1.78391e-02,4.81949e-02
4.75215e-02,1.13312e-01,3.06385e-02,1.96577e-01,2.19061e-02,6.25380e-03,3.35706e-02,4.35959e-02,4.57119e-01,6.27680e-01,5.53590e-03,5.35267e-01,2.41398e-02,5.53126e-02,2.56805e-02,7.35905e-02,1.37063e-01,4.64966e-02,1.78624e-02,4.79979e-02
4.70985e-02,1.12184e-01,3.05760e-02,1.96476e-01,2.18277e-02,6.24294e-03,3.39261e-02,4.36046e-02,4.50671e-01,6.24584e-01,5.50060e-03,5.35589e-01,2.40154e-02,5.50161e-02,2.53244e-02,7.44178e-02,1.36669e-01,4.63016e-02,1.78813e-02,4.78144e-02
4.67544e-02,1.11288e-01,3.05102e-02,1.95659e-01,2.17499e-02,6.22627e-03,3.42535e-02,4.36804e-02,4.44485e-01,6.21415e-01,5.45862e-03,5.36318e-01,2.38865e-02,5.48116e-02,2.49139e-02,7.52455e-02,1.36309e-01,4.61098e-02,1.78514e-02,4.76522e-02
4.64606e-02,1.10309e-01,3.04475e-02,1.94023e-01,2.16836e-02,6.20282e-03,3.45825e-02,4.36586e-02,4.38535e-01,6.18324e-01,5.42326e-03,5.37353e-01,2.37284e-02,5.46740e-02,2.44243e-02,7.62716e-02,1.36001e-01,4.59267e-02,1.77533e-02,4.75338e-02
4.62084e-02,1.09567e-01,3.03854e-02,1.91372e-01,2.16170e-02,6.17027e-03,3.49149e-02,4.36544e-02,4.32829e-01,6.15520e-01,5.38514e-03,5.38736e-01,2.35361e-02,5.45633e-02,2.38637e-02,7.73703e-02,1.35761e-01,4.57542e-02,1.75726e-02,4.74317e-02
4.59956e-02,1.08701e-01,3.03247e-02,1.87591e-01,2.15545e-02,6.14117e-03,3.52284e-02,4.37041e-02,4.27320e-01,6.13034e-01,5.34913e-03,5.40574e-01,2.33596e-02,5.44672e-02,2.32456e-02,7.85784e-02,1.35617e-01,4.55921e-02,1.73230e-02,4.74197e-02
4.58133e-02,1.07865e-01,3.02595e-02,1.82821e-01,2.14922e-02,6.11572e-03,3.55403e-02,4.37630e-02,4.22031e-01,6.10873e-01,5.31554e-03,5.42852e-01,2.31785e-02,5.43533e-02,2.25718e-02,7.98446e-02,1.35610e-01,4.54415e-02,1.70191e-02,4.74272e-02
4.56467e-02,1.07031e-01,3.01956e-02,1.77122e-01,2.14321e-02,6.09678e-03,3.58647e-02,4.39265e-02,4.16964e-01,6.09096e-01,5.29416e-03,5.45421e-01,2.30039e-02,5.42107e-02,2.18709e-02,8.11196e-02,1.35774e-01,4.53014e-02,1.66488e-02,4.75252e-02
4.55060e-02,1.06261e-01,3.01296e-02,1.70762e-01,2.13718e-02,6.10408e-03,3.62523e-02,4.41520e-02,4.12102e-01,6.07605e-01,5.27733e-03,5.48322e-01,2.28171e-02,5.40498e-02,2.11808e-02,8.24248e-02,1.36191e-01,4.51727e-02,1.62393e-02,4.76589e-02
4.53687e-02,1.05627e-01,3.00629e-02,1.64062e-01,2.13106e-02,6.15067e-03,3.66814e-02,4.45279e-02,4.07477e-01,6.06321e-01,5.27697e-03,5.51369e-01,2.26438e-02,5.38507e-02,2.04887e-02,8.36369e-02,1.36897e-01,4.50524e-02,1.58166e-02,4.78394e-02
4.52480e-02,1.04960e-01,2.99952e-02,1.57238e-01,2.12520e-02,6.25610e-03,3.71917e-02,4.51214e-02,4.03095e-01,6.05285e-01,5.30299e-03,5.54355e-01,2.24854e-02,5.36219e-02,1.98355e-02,8.47777e-02,1.38011e-01,4.49281e-02,1.53756e-02,4.80489e-02
4.51381e-02,1.04044e-01,2.99228e-02,1.51061e-01,2.11880e-02,6.38544e-03,3.77725e-02,4.61059e-02,3.98991e-01,6.04306e-01,5.35444e-03,5.57260e-01,2.23279e-02,5.33832e-02,1.92364e-02,8.57650e-02,1.39530e-01,4.48154e-02,1.49932e-02,4.82753e-02
4.50420e-02,1.03329e-01,2.98560e-02,1.44876e-01,2.11300e-02,6.51502e-03,3.84486e-02,4.73696e-02,3.95167e-01,6.03454e-01,5.40294e-03,5.60071e-01,2.21905e-02,5.31238e-02,1.87009e-02,8.66297e-02,1.41481e-01,4.47076e-02,1.46419e-02,4.85304e-02
4.49331e-02,1.02762e-01,2.97880e-02,1.39586e-01,2.10744e-02,6.67681e-03,3.92183e-02,4.89887e-02,3.91653e-01,6.02621e-01,5.48293e-03,5.62521e-01,2.20650e-02,5.28561e-02,1.82246e-02,8.73306e-02,1.43882e-01,4.46048e-02,1.43558e-02,4.87313e-02
4.48332e-02,1.02050e-01,2.97201e-02,1.34891e-01,2.10185e-02,6.91749e-03,4.02940e-02,5.10597e-02,3.88447e-01,6.01749e-01,5.56790e-03,5.64429e-01,2.19357e-02,5.25976e-02,1.77942e-02,8.77808e-02,1.46688e-01,4.45047e-02,1.41248e-02,4.88749e-02
4.47476e-02,1.01609e-01,2.96504e-02,1.31197e-01,2.09576e-02,7.32547e-03,4.18009e-02,5.31400e-02,3.85537e-01,6.00820e-01,5.65434e-03,5.65736e-01,2.18328e-02,5.23479e-02,1.74281e-02,8.80411e-02,1.49815e-01,4.44068e-02,1.39179e-02,4.89822e-02
4.46437e-02,1.01187e-01,2.95771e-02,1.28500e-01,2.08980e-02,8.23427e-03,4.39510e-02,5.52100e-02,3.82957e-01,5.99883e-01,5.74821e-03,5.66475e-01,2.17141e-02,5.21332e-02,1.71251e-02,8.81145e-02,1.53194e-01,4.43119e-02,1.37236e-02,4.90503e-02
4.45577e-02,1.00782e-01,2.95062e-02,1.26608e-01,2.08465e-02,1.03398e-02,4.68035e-02,5.70069e-02,3.80671e-01,5.98850e-01,5.85665e-03,5.66608e-01,2.16068e-02,5.19187e-02,1.68944e-02,8.78931e-02,1.56728e-01,4.42198e-02,1.34990e-02,4.90400e-02
4.44604e-02,1.00691e-01,2.94393e-02,1.25366e-01,2.07921e-02,1.39912e-02,5.00426e-02,5.86908e-02,3.78662e-01,5.97833e-01,5.96807e-03,5.66015e-01,2.15405e-02,5.17188e-02,1.67295e-02,8.75079e-02,1.60385e-01,4.41214e-02,1.32630e-02,4.90291e-02
4.43768e-02,1.00326e-01,2.93706e-02,1.24442e-01,2.07460e-02,1.83556e-02,5.30906e-02,6.01811e-02,3.76947e-01,5.96711e-01,6.07675e-03,5.64972e-01,2.14507e-02,5.15311e-02,1.66351e-02,8.68120e-02,1.64215e-01,4.40238e-02,1.30293e-02,4.89515e-02
4.42807e-02,1.00160e-01,2.93060e-02,1.23434e-01,2.06951e-02,2.25950e-02,5.53935e-02,6.17077e-02,3.75440e-01,5.95550e-01,6.16813e-03,5.63447e-01,2.13541e-02,5.13695e-02,1.66087e-02,8.60498e-02,1.68227e-01,4.39262e-02,1.27886e-02,4.88162e-02
4.42036e-02,1.00079e-01,2.92384e-02,1.22718e-01,2.06415e-02,2.69914e-02,5.66928e-02,6.32429e-02,3.74182e-01,5.94412e-01,6.23970e-03,5.61494e-01,2.12841e-02,5.12317e-02,1.66663e-02,8.50193e-02,1.72510e-01,4.38284e-02,1.25777e-02,4.86818e-02
4.41113e-02,1.00235e-01,2.91708e-02,1.22329e-01,2.05872e-02,3.06784e-02,5.71757e-02,6.48720e-02,3.73099e-01,5.93135e-01,6.29875e-03,5.59500e-01,2.11990e-02,5.11031e-02,1.68254e-02,8.38008e-02,1.77134e-01,4.37321e-02,1.23795e-02,4.85428e-02
4.40211e-02,1.00601e-01,2.91008e-02,1.22407e-01,2.05279e-02,3.13225e-02,5.70795e-02,6.65390e-02,3.72192e-01,5.91875e-01,6.33510e-03,5.57496e-01,2.11181e-02,5.09998e-02,1.71313e-02,8.25655e-02,1.82181e-01,4.36321e-02,1.22164e-02,4.83267e-02
4.39230e-02,1.00923e-01,2.90357e-02,1.23399e-01,2.04662e-02,2.88975e-02,5.67271e-02,6.80239e-02,3.71427e-01,5.90500e-01,6.36122e-03,5.55416e-01,2.10338e-02,5.08896e-02,1.76773e-02,8.10737e-02,1.87586e-01,4.35289e-02,1.20863e-02,4.81185e-02
4.38339e-02,1.01542e-01,2.89721e-02,1.25381e-01,2.04034e-02,2.52664e-02,5.63363e-02,6.91927e-02,3.70786e-01,5.89156e-01,6.38313e-03,5.53360e-01,2.09638e-02,5.08000e-02,1.85927e-02,7.95650e-02,1.93318e-01,4.34274e-02,1.19646e-02,4.79005e-02
4.37511e-02,1.02413e-01,2.89062e-02,1.28391e-01,2.03329e-02,2.20208e-02,5.59365e-02,6.98271e-02,3.70249e-01,5.87781e-01,6.40515e-03,5.51426e-01,2.08768e-02,5.07239e-02,2.00030e-02,7.80093e-02,1.99093e-01,4.33293e-02,1.18705e-02,4.76395e-02
4.36601e-02,1.03629e-01,2.88414e-02,1.32107e-01,2.02657e-02,1.98309e-02,5.55730e-02,6.98616e-02,3.69801e-01,5.86373e-01,6.43191e-03,5.49648e-01,2.07924e-02,5.06433e-02,2.20026e-02,7.64520e-02,2.04664e-01,4.32337e-02,1.17759e-02,4.74038e-02
4.35705e-02,1.05114e-01,2.87735e-02,1.36282e-01,2.01950e-02,1.87229e-02,5.51356e-02,6.92652e-02,3.69408e-01,5.84954e-01,6.46603e-03,5.48037e-01,2.07138e-02,5.05702e-02,2.45797e-02,7.48104e-02,2.09667e-01,4.31342e-02,1.17189e-02,4.71568e-02
4.34744e-02,1.07018e-01,2.87057e-02,1.40257e-01,2.01260e-02,1.85279e-02,5.46206e-02,6.81170e-02,3.69045e-01,5.83494e-01,6.50233e-03,5.46571e-01,2.06243e-02,5.05019e-02,2.75936e-02,7.31790e-02,2.13752e-01,4.30320e-02,1.16711e-02,4.68888e-02
4.33911e-02,1.09217e-01,2.86390e-02,1.43893e-01,2.00510e-02,1.90150e-02,5.41323e-02,6.66554e-02,3.68715e-01,5.81995e-01,6.53971e-03,5.45235e-01,2.05383e-02,5.04298e-02,3.07860e-02,7.15925e-02,2.16586e-01,4.29300e-02,1.16345e-02,4.66482e-02
4.33039e-02,1.11898e-01,2.85779e-02,1.46777e-01,1.99765e-02,1.98703e-02,5.38708e-02,6.50460e-02,3.68369e-01,5.80543e-01,6.57274e-03,5.44116e-01,2.04714e-02,5.03534e-02,3.38117e-02,7.00161e-02,2.17987e-01,4.28280e-02,1.15877e-02,4.64426e-02
4.32184e-02,1.14813e-01,2.85215e-02,1.48902e-01,1.99091e-02,2.07755e-02,5.42090e-02,6.34642e-02,3.68014e-01,5.79035e-01,6.59896e-03,5.43282e-01,2.03952e-02,5.02765e-02,3.64133e-02,6.85411e-02,2.17815e-01,4.27270e-02,1.15298e-02,4.61746e-02
4.31304e-02,1.18176e-01,2.84742e-02,1.50190e-01,1.98427e-02,2.14473e-02,5.56282e-02,6.22653e-02,3.67620e-01,5.77571e-01,6.61226e-03,5.42241e-01,2.03030e-02,5.02056e-02,3.83523e-02,6.71051e-02,2.16098e-01,4.26257e-02,1.14721e-02,4.59557e-02
4.30356e-02,1.22012e-01,2.84330e-02,1.51069e-01,1.97906e-02,2.17090e-02,5.86634e-02,6.12183e-02,3.67164e-01,5.76153e-01,6.62144e-03,5.41264e-01,2.02469e-02,5.01326e-02,3.95493e-02,6.57631e-02,2.13021e-01,4.25222e-02,1.14138e-02,4.57601e-02
4.29437e-02,1.26268e-01,2.83897e-02,1.51599e-01,1.97268e-02,2.14811e-02,6.35540e-02,6.04583e-02,3.66665e-01,5.74808e-01,6.62159e-03,5.40565e-01,2.01804e-02,5.00480e-02,4.00503e-02,6.45028e-02,2.08774e-01,4.24188e-02,1.13659e-02,4.55889e-02
4.28524e-02,1.30681e-01,2.83388e-02,1.52030e-01,1.96649e-02,2.08062e-02,7.00266e-02,5.99855e-02,3.66101e-01,5.73507e-01,6.61264e-03,5.39875e-01,2.01086e-02,4.99717e-02,3.99811e-02,6.32945e-02,2.03616e-01,4.23164e-02,1.13373e-02,4.54513e-02
4.27630e-02,1.35473e-01,2.82878e-02,1.52379e-01,1.96052e-02,1.98073e-02,7.69144e-02,5.96750e-02,3.65481e-01,5.72293e-01,6.60346e-03,5.39130e-01,2.00405e-02,4.98809e-02,3.95345e-02,6.22055e-02,1.97836e-01,4.22196e-02,1.13250e-02,4.53371e-02
4.26668e-02,1.40492e-01,2.82445e-02,1.52688e-01,1.95479e-02,1.86068e-02,8.24693e-02,5.94892e-02,3.64782e-01,5.71131e-01,6.58505e-03,5.38363e-01,2.00038e-02,4.97784e-02,3.89261e-02,6.11972e-02,1.91717e-01,4.21206e-02,1.13356e-02,4.52102e-02
4.25668e-02,1.45664e-01,2.97548e-02,1.52992e-01,2.14836e-02,1.73304e-02,8.50494e-02,5.93185e-02,3.65845e-01,5.70203e-01,6.56040e-03,5.37583e-01,1.99247e-02,4.96807e-02,3.83454e-02,6.02122e-02,1.85574e-01,4.47655e-02,1.13764e-02,4.51395e-02
4.35138e-02,1.50864e-01,3.23840e-02,1.53214e-01,3.33868e-02,1.60698e-02,8.43955e-02,5.94356e-02,3.68593e-01,5.69553e-01,6.54136e-03,5.36853e-01,1.99964e-02,5.11870e-02,3.79406e-02,5.94507e-02,1.81872e-01,4.68376e-02,1.19481e-02,4.52225e-02
4.53272e-02,1.56016e-01,3.61744e-02,1.53427e-01,6.13101e-02,1.48872e-02,8.23859e-02,5.98957e-02,3.71659e-01,5.69222e-01,6.52464e-03,5.36129e-01,2.01213e-02,5.32875e-02,3.77696e-02,5.88981e-02,1.79860e-01,4.88616e-02,1.29669e-02,4.55587e-02
4.67381e-02,1.60796e-01,3.98991e-02,1.53497e-01,1.06811e-01,1.38181e-02,8.10551e-02,6.05230e-02,3.74828e-01,5.69089e-01,6.50560e-03,5.35374e-01,2.03453e-02,5.54691e-02,3.78102e-02,5.86059e-02,1.78380e-01,5.18975e-02,1.42404e-02,4.60123e-02
4.84195e-02,1.65439e-01,4.32109e-02,1.53344e-01,1.76079e-01,1.29000e-02,7.76197e-02,6.13776e-02,3.77935e-01,5.69195e-01,6.48409e-03,5.34571e-01,2.06054e-02,5.78412e-02,3.79779e-02,5.90010e-02,1.76066e-01,5.54707e-02,1.59484e-02,4.68039e-02
5.16771e-02,1.69728e-01,4.61873e-02,1.53299e-01,2.53173e-01,1.21248e-02,7.44223e-02,6.24902e-02,3.80873e-01,5.69671e-01,6.46104e-03,5.33708e-01,2.08082e-02,6.02275e-02,3.81128e-02,6.05289e-02,1.73374e-01,5.87915e-02,1.81963e-02,4.73218e-02
5.69548e-02,1.73667e-01,4.89781e-02,1.53724e-01,2.97921e-01,1.14809e-02,7.23879e-02,6.39417e-02,3.83867e-01,5.70366e-01,6.43200e-03,5.32767e-01,2.08735e-02,6.25033e-02,3.81243e-02,6.26561e-02,1.70795e-01,6.16089e-02,2.03696e-02,4.75769e-02
6.42672e-02,1.77277e-01,5.13995e-02,1.54860e-01,3.16343e-01,1.09589e-02,7.05746e-02,6.59062e-02,3.87282e-01,5.71366e-01,6.38683e-03,5.31787e-01,2.09062e-02,6.48236e-02,3.78750e-02,6.45139e-02,1.68461e-01,6.40234e-02,2.23915e-02,4.75951e-02
7.32944e-02,1.80515e-01,5.30049e-02,1.56936e-01,3.38675e-01,1.05479e-02,6.79551e-02,6.82103e-02,3.91335e-01,5.72582e-01,6.32999e-03,5.30759e-01,2.09492e-02,6.77230e-02,3.73262e-02,6.54827e-02,1.66437e-01,6.62061e-02,2.44849e-02,4.75486e-02
8.30516e-02,1.83122e-01,5.34214e-02,1.59706e-01,3.72104e-01,1.02398e-02,6.46494e-02,7.11176e-02,3.96102e-01,5.74170e-01,6.26066e-03,5.29685e-01,2.10809e-02,7.14450e-02,3.64656e-02,6.52142e-02,1.65054e-01,6.82095e-02,2.66301e-02,4.75906e-02
9.25655e-02,1.85367e-01,5.25650e-02,1.63138e-01,3.92415e-01,1.00283e-02,6.13390e-02,7.46336e-02,4.01662e-01,5.76215e-01,6.17627e-03,5.28725e-01,2.13390e-02,7.57240e-02,3.53370e-02,6.41884e-02,1.64796e-01,6.98747e-02,2.86721e-02,4.76671e-02
1.01481e-01,1.87337e-01,5.06671e-02,1.66725e-01,3.81262e-01,9.89830e-03,5.82616e-02,7.86043e-02,4.07994e-01,5.78716e-01,6.08057e-03,5.27477e-01,2.17159e-02,7.99247e-02,3.39886e-02,6.34686e-02,1.65878e-01,7.09312e-02,3.05776e-02,4.77002e-02
1.10088e-01,1.88426e-01,4.81410e-02,1.70309e-01,3.46370e-01,9.83232e-03,5.53901e-02,8.33454e-02,4.15079e-01,5.81708e-01,5.97975e-03,5.26409e-01,2.21946e-02,8.36014e-02,3.25181e-02,6.33749e-02,1.68048e-01,7.11519e-02,3.24286e-02,4.77865e-02
1.18541e-01,1.89290e-01,4.53893e-02,1.73298e-01,3.04392e-01,9.81455e-03,5.26412e-02,8.88435e-02,4.22761e-01,5.85057e-01,5.86216e-03,5.25691e-01,2.27287e-02,8.66187e-02,3.10084e-02,6.40769e-02,1.71190e-01,7.04705e-02,3.43468e-02,4.78954e-02
1.26185e-01,1.89615e-01,4.27225e-02,1.75146e-01,2.65541e-01,9.83797e-03,5.00601e-02,9.48536e-02,4.30776e-01,5.88754e-01,5.75019e-03,5.24668e-01,2.33053e-02,8.91628e-02,2.95092e-02,6.51961e-02,1.76282e-01,6.90018e-02,3.61704e-02,4.80522e-02
1.31766e-01,1.89612e-01,4.03390e-02,1.75587e-01,2.32516e-01,9.89662e-03,4.76913e-02,1.01047e-01,4.38810e-01,5.92708e-01,5.63605e-03,5.23764e-01,2.38533e-02,9.15169e-02,2.80770e-02,6.61557e-02,1.84988e-01,6.70322e-02,3.76927e-02,4.82717e-02
1.34209e-01,1.89021e-01,3.83221e-02,1.74800e-01,2.04132e-01,9.98332e-03,4.57034e-02,1.07063e-01,4.46550e-01,5.96832e-01,5.52919e-03,5.22930e-01,2.43538e-02,9.39373e-02,2.67540e-02,6.64914e-02,1.97886e-01,6.48980e-02,3.89320e-02,4.85588e-02
1.33318e-01,1.87854e-01,3.67153e-02,1.73193e-01,1.78726e-01,1.00866e-02,4.41780e-02,1.12855e-01,4.53805e-01,6.00938e-01,5.43336e-03,5.22182e-01,2.47795e-02,9.65104e-02,2.55514e-02,6.62852e-02,2.13015e-01,6.29761e-02,3.99322e-02,4.88955e-02
1.29708e-01,1.86276e-01,3.55110e-02,1.71225e-01,1.55314e-01,1.01832e-02,4.31386e-02,1.18300e-01,4.60523e-01,6.05197e-01,5.34430e-03,5.21508e-01,2.50852e-02,9.92689e-02,2.44982e-02,6.56562e-02,2.26232e-01,6.16774e-02,4.07663e-02,4.92604e-02
1.24430e-01,1.84076e-01,3.46537e-02,1.69229e-01,1.33745e-01,1.02711e-02,4.25948e-02,1.23100e-01,4.66717e-01,6.09567e-01,5.26662e-03,5.20932e-01,2.52989e-02,1.02090e-01,2.35813e-02,6.48011e-02,2.34225e-01,6.15043e-02,4.14676e-02,4.96284e-02
1.18446e-01,1.81435e-01,3.40736e-02,1.67361e-01,1.14270e-01,1.03481e-02,4.24949e-02,1.27645e-01,4.72510e-01,6.13654e-01,5.19599e-03,5.20400e-01,2.54491e-02,1.04830e-01,2.27927e-02,6.41787e-02,2.35877e-01,6.31660e-02,4.18657e-02,5.00109e-02
1.14055e-01,1.78535e-01,3.36915e-02,1.65890e-01,9.71633e-02,1.04034e-02,4.28573e-02,1.31254e-01,4.78057e-01,6.17761e-01,5.13731e-03,5.19973e-01,2.55285e-02,1.07245e-01,2.21252e-02,6.37313e-02,2.32278e-01,6.76706e-02,4.18269e-02,5.03384e-02
1.12023e-01,1.75379e-01,3.34243e-02,1.64885e-01,8.25535e-02,1.04357e-02,4.36676e-02,1.34265e-01,4.84129e-01,6.21819e-01,5.09594e-03,5.19644e-01,2.55854e-02,1.09069e-01,2.15772e-02,6.33986e-02,2.25587e-01,7.62388e-02,4.13982e-02,5.06611e-02
1.09891e-01,1.71931e-01,3.40622e-02,1.64178e-01,7.20110e-02,1.04440e-02,4.49142e-02,1.36222e-01,4.92191e-01,6.25637e-01,5.06800e-03,5.19452e-01,2.56330e-02,1.10183e-01,2.11327e-02,6.33045e-02,2.18930e-01,9.01722e-02,4.07101e-02,5.09781e-02
1.12026e-01,1.70025e-01,3.59892e-02,1.63899e-01,6.87778e-02,1.04368e-02,4.66021e-02,1.36978e-01,5.04230e-01,6.29437e-01,5.05438e-03,5.19579e-01,2.56971e-02,1.10539e-01,2.07789e-02,6.32342e-02,2.14854e-01,1.12538e-01,4.00461e-02,5.13166e-02
1.22023e-01,1.68422e-01,3.89739e-02,1.64312e-01,7.44457e-02,1.07716e-02,5.00258e-02,1.38442e-01,5.19118e-01,6.33347e-01,5.86020e-03,5.20046e-01,2.57899e-02,1.10173e-01,2.07922e-02,6.33660e-02,2.14895e-01,1.34044e-01,3.95118e-02,5.17127e-02
1.40024e-01,1.64835e-01,4.23009e-02,1.66252e-01,8.77604e-02,1.08628e-02,7.21395e-02,1.40568e-01,5.35049e-01,6.37566e-01,9.55345e-03,5.21038e-01,2.59088e-02,1.09136e-01,2.07499e-02,6.35821e-02,2.20013e-01,1.55814e-01,3.91592e-02,5.22002e-02
1.62302e-01,1.61681e-01,4.51294e-02,1.69639e-01,1.10926e-01,1.17620e-02,1.31094e-01,1.38256e-01,5.50299e-01,6.42346e-01,1.32934e-02,5.22755e-01,2.60864e-02,1.07832e-01,2.14646e-02,6.40106e-02,2.31618e-01,1.74815e-01,3.91206e-02,5.28774e-02
1.86822e-01,1.59158e-01,4.73678e-02,1.73599e-01,1.47409e-01,1.19285e-02,1.83681e-01,1.34496e-01,5.64734e-01,6.48459e-01,1.59123e-02,5.26216e-01,2.63624e-02,1.06659e-01,4.42424e-02,6.46414e-02,2.52078e-01,1.87465e-01,3.97997e-02,5.36693e-02
2.11191e-01,1.56901e-01,4.93692e-02,1.79780e-01,1.84476e-01,1.23497e-02,2.12305e-01,1.31049e-01,5.79872e-01,6.56826e-01,1.80763e-02,5.34502e-01,2.67331e-02,1.06019e-01,1.24921e-01,6.55434e-02,2.84780e-01,1.94520e-01,4.19700e-02,5.46072e-02
2.35849e-01,1.55204e-01,5.12169e-02,1.88211e-01,2.06965e-01,1.26648e-02,2.56986e-01,1.27994e-01,5.97800e-01,6.68364e-01,1.84591e-02,5.57443e-01,2.71679e-02,1.06090e-01,2.15963e-01,6.66012e-02,3.34171e-01,1.93920e-01,4.49566e-02,5.57088e-02
2.62396e-01,1.53810e-01,5.26424e-02,1.98421e-01,2.17832e-01,1.28791e-02,2.96214e-01,1.26487e-01,6.19551e-01,6.81109e-01,1.76375e-02,6.21905e-01,2.77676e-02,1.07124e-01,2.86805e-01,6.78352e-02,4.09557e-01,1.89144e-01,4.86040e-02,5.69129e-02
2.88169e-01,1.52836e-01,5.32575e-02,2.10020e-01,2.28965e-01,1.34579e-02,3.03512e-01,1.27858e-01,6.44409e-01,6.88725e-01,1.64393e-02,7.93436e-01,2.84581e-02,1.09334e-01,3.12463e-01,6.92108e-02,5.31580e-01,1.81831e-01,5.28980e-02,5.82552e-02
3.06679e-01,1.52265e-01,5.28395e-02,2.23512e-01,2.49482e-01,1.56678e-02,2.82899e-01,1.32969e-01,6.70587e-01,6.87934e-01,1.52041e-02,1.12243e+00,2.92030e-02,1.12663e-01,3.18948e-01,7.06637e-02,7.36265e-01,1.72739e-01,5.77688e-02,5.96760e-02
3.13472e-01,1.52013e-01,5.14628e-02,2.39756e-01,2.78428e-01,2.12511e-02,2.47991e-01,1.44449e-01,6.96467e-01,6.81955e-01,1.40802e-02,1.46196e+00,3.00298e-02,1.16707e-01,3.20936e-01,7.20561e-02,1.06393e+00,1.62243e-01,6.31954e-02,6.12390e-02
3.10199e-01,1.52209e-01,4.94132e-02,2.59463e-01,3.04778e-01,2.93674e-02,2.15511e-01,1.63467e-01,7.21122e-01,6.75503e-01,1.30690e-02,1.62515e+00,3.08377e-02,1.20868e-01,3.14998e-01,7.33946e-02,1.55501e+00,1.51722e-01,6.92796e-02,6.27428e-02
3.00117e-01,1.52825e-01,4.70421e-02,2.81478e-01,3.17819e-01,3.56401e-02,1.98226e-01,1.91428e-01,7.44325e-01,6.71578e-01,1.21117e-02,1.61132e+00,3.15948e-02,1.24545e-01,3.04808e-01,7.46295e-02,2.31196e+00,1.39864e-01,7.57351e-02,6.42115e-02
2.85710e-01,1.53659e-01,4.46240e-02,3.04670e-01,3.13957e-01,3.72400e-02,2.05123e-01,2.29010e-01,7.66060e-01,6.70718e-01,1.12013e-02,1.51153e+00,3.22181e-02,1.27293e-01,2.95639e-01,7.58104e-02,3.36754e+00,1.28588e-01,8.23887e-02,6.56026e-02
2.70197e-01,1.55016e-01,4.23794e-02,3.28050e-01,2.95651e-01,3.50831e-02,2.43306e-01,2.74350e-01,7.85859e-01,6.72418e-01,1.03540e-02,1.38857e+00,3.26861e-02,1.28905e-01,2.87702e-01,7.69406e-02,4.30010e+00,1.18159e-01,8.89482e-02,6.69524e-02
2.54722e-01,1.56651e-01,4.04049e-02,3.49126e-01,2.67795e-01,3.13045e-02,3.07673e-01,3.22600e-01,8.03031e-01,6.75906e-01,9.58405e-03,1.26516e+00,3.30116e-02,1.29444e-01,2.77949e-01,7.79922e-02,4.63781e+00,1.08812e-01,9.50872e-02,6.83211e-02
2.39795e-01,1.58470e-01,3.87683e-02,3.63946e-01,2.35439e-01,2.73770e-02,3.70724e-01,3.65761e-01,8.17228e-01,6.80467e-01,8.89743e-03,1.14655e+00,3.31627e-02,1.29078e-01,2.63639e-01,7.88439e-02,4.46578e+00,1.00690e-01,1.00284e-01,6.98930e-02
2.26155e-01,1.60324e-01,3.74622e-02,3.68790e-01,2.02605e-01,2.38901e-02,4.09535e-01,3.96737e-01,8.28989e-01,6.85887e-01,8.30605e-03,1.03611e+00,3.31405e-02,1.28206e-01,2.43658e-01,7.94720e-02,4.11665e+00,9.40024e-02,1.04028e-01,7.16759e-02
2.14415e-01,1.62691e-01,3.64584e-02,3.61694e-01,1.73403e-01,2.10144e-02,4.34369e-01,4.15536e-01,8.39531e-01,6.91875e-01,7.81050e-03,9.38206e-01,3.29681e-02,1.27146e-01,2.22058e-01,7.97850e-02,3.80818e+00,8.90062e-02,1.06124e-01,7.36433e-02
2.04955e-01,1.64949e-01,3.57004e-02,3.44476e-01,1.53321e-01,1.86880e-02,4.77580e-01,4.20773e-01,8.50169e-01,6.98257e-01,1.19958e-02,8.56110e-01,3.27128e-02,1.26040e-01,2.05499e-01,7.99067e-02,3.61407e+00,8.55334e-02,1.09116e-01,7.57478e-02
1.97755e-01,1.67410e-01,3.51501e-02,3.22903e-01,1.77948e-01,1.68283e-02,5.48776e-01,4.04386e-01,8.61663e-01,7.04627e-01,6.26094e-02,7.91083e-01,3.24005e-02,1.24865e-01,2.09309e-01,7.97759e-02,3.52029e+00,8.38770e-02,1.18732e-01,7.78457e-02
1.92090e-01,1.69883e-01,3.47428e-02,3.04542e-01,4.81000e-01,1.53676e-02,5.92049e-01,3.77363e-01,8.73951e-01,7.10272e-01,2.23845e-01,7.42812e-01,3.20846e-02,1.23560e-01,2.23516e-01,7.94577e-02,3.46570e+00,8.44783e-02,1.28572e-01,7.97520e-02
1.87101e-01,1.72417e-01,3.44142e-02,2.95992e-01,9.50371e-01,1.41945e-02,6.01396e-01,3.49450e-01,8.86370e-01,7.14398e-01,3.62129e-01,7.08629e-01,3.17780e-02,1.22133e-01,2.25410e-01,7.91915e-02,3.38086e+00,8.78269e-02,1.37940e-01,8.15946e-02
1.82626e-01,1.74542e-01,3.41356e-02,3.02395e-01,1.01532e+00,1.32507e-02,5.92373e-01,3.24034e-01,8.98067e-01,7.16401e-01,3.44703e-01,6.85447e-01,3.15655e-02,1.20860e-01,2.16146e-01,7.90223e-02,3.22335e+00,9.42507e-02,1.44125e-01,8.33066e-02
1.79290e-01,1.76915e-01,3.38784e-02,3.28344e-01,7.55254e-01,1.25261e-02,5.82079e-01,3.02359e-01,9.08211e-01,7.15669e-01,2.94670e-01,6.70029e-01,3.14967e-02,1.20218e-01,1.97714e-01,7.90097e-02,2.99217e+00,1.03717e-01,1.47614e-01,8.49916e-02
1.77594e-01,1.78925e-01,3.36172e-02,3.78016e-01,5.14531e-01,1.21090e-02,5.99238e-01,2.84603e-01,9.16487e-01,7.12041e-01,2.56452e-01,6.59493e-01,3.16437e-02,1.20249e-01,1.76822e-01,7.93406e-02,2.71497e+00,1.15579e-01,1.52462e-01,8.65011e-02
1.77198e-01,1.80809e-01,3.33617e-02,4.50741e-01,3.61042e-01,1.22334e-02,6.85961e-01,2.69508e-01,9.22949e-01,7.05749e-01,2.19028e-01,6.51644e-01,3.20597e-02,1.21022e-01,1.57003e-01,8.02991e-02,2.42651e+00,1.28399e-01,1.60152e-01,8.76175e-02
1.76692e-01,1.82635e-01,3.30863e-02,5.32899e-01,2.67339e-01,1.32870e-02,8.82488e-01,2.56610e-01,9.28072e-01,6.97558e-01,1.79149e-01,6.44902e-01,3.28383e-02,1.23162e-01,1.39546e-01,8.23598e-02,2.15431e+00,1.40264e-01,1.71288e-01,8.83792e-02
1.74565e-01,1.83996e-01,3.28246e-02,6.03615e-01,2.06771e-01,1.54898e-02,1.15793e+00,2.46484e-01,9.32400e-01,6.88445e-01,1.42013e-01,6.38455e-01,3.40291e-02,1.27214e-01,1.25008e-01,8.63785e-02,1.91480e+00,1.49457e-01,1.86940e-01,8.84170e-02
1.70175e-01,1.85297e-01,3.25667e-02,6.51942e-01,1.64446e-01,1.82283e-02,1.34593e+00,2.38823e-01,9.36331e-01,6.79213e-01,1.11474e-01,6.32004e-01,3.56896e-02,1.33243e-01,1.13902e-01,9.38582e-02,1.71394e+00,1.54979e-01,2.07443e-01,8.79281e-02
1.63797e-01,1.86496e-01,3.23273e-02,6.78022e-01,1.33113e-01,2.02837e-02,1.30866e+00,2.32956e-01,9.39983e-01,6.70824e-01,8.79543e-02,6.25658e-01,3.78436e-02,1.40948e-01,1.06170e-01,1.07467e-01,1.55138e+00,1.56729e-01,2.30648e-01,8.68488e-02
1.56326e-01,1.87541e-01,3.21261e-02,6.86206e-01,1.09235e-01,2.10156e-02,1.11110e+00,2.28805e-01,9.43059e-01,6.64148e-01,7.04819e-02,6.19733e-01,4.04647e-02,1.49579e-01,1.01138e-01,1.31250e-01,1.42282e+00,1.55310e-01,2.53765e-01,8.52148e-02
1.48650e-01,1.88595e-01,3.19487e-02,6.83279e-01,9.08854e-02,2.06177e-02,8.89702e-01,2.26348e-01,9.45029e-01,6.59642e-01,5.77845e-02,6.14566e-01,4.33857e-02,1.58042e-01,9.81122e-02,1.70468e-01,1.32137e+00,1.51761e-01,2.75707e-01,8.33248e-02
1.41402e-01,1.89623e-01,3.17941e-02,6.81908e-01,7.67925e-02,1.96520e-02,7.13380e-01,2.25227e-01,9.45194e-01,6.57683e-01,4.90687e-02,6.10429e-01,4.65202e-02,1.65211e-01,9.61812e-02,2.30163e-01,1.23964e+00,1.47386e-01,2.96275e-01,8.13624e-02
1.34900e-01,1.90571e-01,3.16701e-02,7.02647e-01,6.60249e-02,1.85696e-02,5.90490e-01,2.26905e-01,9.42919e-01,6.58407e-01,4.40493e-02,6.07549e-01,4.97346e-02,1.70226e-01,9.44202e-02,3.13491e-01,1.17130e+00,1.43856e-01,3.16007e-01,7.92406e-02
1.29225e-01,1.91894e-01,3.15739e-02,7.72961e-01,5.78206e-02,1.76145e-02,5.09791e-01,2.34098e-01,9.37731e-01,6.61734e-01,4.29790e-02,6.06003e-01,5.28005e-02,1.72678e-01,9.20321e-02,4.23138e-01,1.11165e+00,1.43350e-01,3.34551e-01,7.71430e-02
1.24333e-01,1.93274e-01,3.15027e-02,9.06672e-01,5.15410e-02,1.68800e-02,4.59143e-01,2.51048e-01,9.29406e-01,6.67567e-01,4.63487e-02,6.05638e-01,5.56062e-02,1.72581e-01,8.86216e-02,5.59865e-01,1.05764e+00,1.48509e-01,3.51076e-01,7.51093e-02
1.20139e-01,1.95164e-01,3.14433e-02,1.07546e+00,4.67415e-02,1.64068e-02,4.34247e-01,2.75282e-01,9.18006e-01,6.75828e-01,5.43427e-02,6.06303e-01,5.80674e-02,1.70315e-01,8.43701e-02,7.09208e-01,1.00796e+00,1.61444e-01,3.63720e-01,7.31380e-02
1.16505e-01,1.97430e-01,3.13883e-02,1.20130e+00,4.30442e-02,1.61929e-02,4.41446e-01,2.97925e-01,9.03771e-01,6.86694e-01,6.58624e-02,6.07701e-01,6.00883e-02,1.66378e-01,7.98049e-02,8.35079e-01,9.61981e-01,1.81718e-01,3.70103e-01,7.12292e-02
1.13325e-01,2.00256e-01,3.13495e-02,1.21641e+00,4.01612e-02,1.62880e-02,4.95683e-01,3.11579e-01,8.87117e-01,7.00665e-01,7.78604e-02,6.09471e-01,6.16309e-02,1.61285e-01,7.57306e-02,9.04225e-01,9.18904e-01,2.05327e-01,3.68422e-01,6.94704e-02
1.10519e-01,2.03533e-01,3.13342e-02,1.11887e+00,3.79280e-02,1.67066e-02,6.08772e-01,3.15138e-01,8.68500e-01,7.18529e-01,8.64783e-02,6.11300e-01,6.26156e-02,1.55478e-01,7.32453e-02,9.10767e-01,8.78560e-01,2.26606e-01,3.58267e-01,6.77082e-02
1.07985e-01,2.07143e-01,3.13335e-02,9.61177e-01,3.61578e-02,1.74832e-02,7.63941e-01,3.13405e-01,8.48451e-01,7.41131e-01,8.92817e-02,6.12846e-01,6.30642e-02,1.49307e-01,7.41535e-02,8.70867e-01,8.40615e-01,2.41160e-01,3.41288e-01,6.61069e-02
1.05659e-01,2.11398e-01,3.13428e-02,7.99032e-01,3.47471e-02,1.86194e-02,9.03708e-01,3.11165e-01,8.27484e-01,7.68706e-01,8.65640e-02,6.13924e-01,6.29324e-02,1.43043e-01,8.12886e-02,8.05530e-01,8.04890e-01,2.47242e-01,3.20021e-01,6.46168e-02
1.03479e-01,2.16062e-01,3.13549e-02,6.65991e-01,3.36010e-02,2.00250e-02,9.68280e-01,3.11338e-01,8.06053e-01,8.00503e-01,8.04574e-02,6.14383e-01,6.22794e-02,1.36872e-01,9.80627e-02,7.31917e-01,7.71446e-01,2.45287e-01,2.97061e-01,6.32656e-02
1.01429e-01,2.20725e-01,3.13622e-02,5.69680e-01,3.26707e-02,2.15603e-02,9.46324e-01,3.13969e-01,7.84607e-01,8.34348e-01,7.33460e-02,6.14155e-01,6.11198e-02,1.30936e-01,1.26372e-01,6.63589e-01,7.40360e-01,2.36955e-01,2.74298e-01,6.20310e-02
9.94348e-02,2.25291e-01,3.13682e-02,5.08547e-01,3.18894e-02,2.29979e-02,8.64871e-01,3.18503e-01,7.63487e-01,8.67089e-01,6.69464e-02,6.13240e-01,5.95102e-02,1.25324e-01,1.64011e-01,6.10665e-01,7.12192e-01,2.24278e-01,2.53077e-01,6.09418e-02
9.75303e-02,2.29524e-01,3.13780e-02,4.76960e-01,3.12433e-02,2.41275e-02,7.56619e-01,3.24384e-01,7.43050e-01,8.95941e-01,6.21967e-02,6.11862e-01,5.75735e-02,1.20110e-01,2.04075e-01,5.78857e-01,6.87175e-01,2.09119e-01,2.34068e-01,5.99671e-02
9.56996e-02,2.33316e-01,3.13873e-02,4.75960e-01,3.07005e-02,2.47779e-02,6.45274e-01,3.34617e-01,7.23547e-01,9.17909e-01,5.96603e-02,6.10265e-01,5.53796e-02,1.15328e-01,2.37944e-01,5.64188e-01,6.65948e-01,1.92957e-01,2.17373e-01,5.91849e-02
9.39489e-02,2.36812e-01,3.13917e-02,5.09034e-01,3.02397e-02,2.48941e-02,5.43766e-01,3.54002e-01,7.05231e-01,9.31547e-01,6.00152e-02,6.08695e-01,5.30721e-02,1.10960e-01,2.59147e-01,5.55111e-01,6.48700e-01,1.76834e-01,2.03014e-01,5.85462e-02
9.22997e-02,2.40271e-01,3.13864e-02,5.80499e-01,2.98646e-02,2.45138e-02,4.57626e-01,3.89593e-01,6.88303e-01,9.36168e-01,6.45432e-02,6.07429e-01,5.06923e-02,1.07018e-01,2.65186e-01,5.37836e-01,6.35858e-01,1.61416e-01,1.90631e-01,5.81165e-02
9.07671e-02,2.43731e-01,3.13835e-02,6.85541e-01,2.95593e-02,2.37902e-02,3.87806e-01,4.44532e-01,6.72896e-01,9.32451e-01,7.59784e-02,6.06812e-01,4.84004e-02,1.03469e-01,2.57182e-01,5.06051e-01,6.27453e-01,1.47092e-01,1.80272e-01,5.78110e-02
8.93690e-02,2.47410e-01,3.13752e-02,7.99879e-01,2.92985e-02,2.29344e-02,3.32893e-01,5.04813e-01,6.59189e-01,9.21407e-01,9.92549e-02,6.07288e-01,4.61986e-02,1.00285e-01,2.39087e-01,4.63777e-01,6.23457e-01,1.34059e-01,1.71162e-01,5.76525e-02
8.80975e-02,2.51983e-01,3.13685e-02,8.85069e-01,2.90681e-02,2.22221e-02,2.90227e-01,5.44431e-01,6.47227e-01,9.04635e-01,1.41442e-01,6.09038e-01,4.41302e-02,9.74104e-02,2.15707e-01,4.20113e-01,6.23563e-01,1.22362e-01,1.63263e-01,5.76541e-02
8.69531e-02,2.57598e-01,3.13635e-02,9.10497e-01,2.88735e-02,2.19179e-02,2.56979e-01,5.48711e-01,6.37086e-01,8.83978e-01,2.08305e-01,6.12369e-01,4.22347e-02,9.48949e-02,1.91258e-01,3.84057e-01,6.27180e-01,1.11989e-01,1.56040e-01,5.77731e-02
8.59519e-02,2.64668e-01,3.13500e-02,8.74023e-01,2.87100e-02,2.22925e-02,2.31361e-01,5.27636e-01,6.28719e-01,8.61133e-01,2.95485e-01,6.17622e-01,4.05401e-02,9.26557e-02,1.68578e-01,3.62054e-01,6.33374e-01,1.02887e-01,1.49059e-01,5.79910e-02
8.50778e-02,2.73761e-01,3.13353e-02,7.94797e-01,2.85699e-02,2.35278e-02,2.11940e-01,5.05825e-01,6.22088e-01,8.38133e-01,3.82283e-01,6.25110e-01,3.89775e-02,9.06989e-02,1.48848e-01,3.59224e-01,6.41021e-01,9.49466e-02,1.42057e-01,5.83090e-02
8.43286e-02,2.84789e-01,3.13226e-02,6.98775e-01,2.84530e-02,2.56244e-02,1.97503e-01,5.07864e-01,6.17008e-01,8.16191e-01,4.40402e-01,6.35026e-01,3.76342e-02,8.89788e-02,1.32195e-01,3.78204e-01,6.48702e-01,8.80776e-02,1.34816e-01,5.87112e-02
8.36781e-02,2.97707e-01,3.12975e-02,6.07261e-01,2.83570e-02,2.83256e-02,1.87196e-01,5.43055e-01,6.13327e-01,7.96735e-01,4.54175e-01,6.48078e-01,3.64530e-02,8.74932e-02,1.18285e-01,4.20164e-01,6.54962e-01,8.21814e-02,1.27242e-01,5.92027e-02
8.31275e-02,3.12374e-01,3.12604e-02,5.32620e-01,2.82569e-02,3.10941e-02,1.80537e-01,5.96769e-01,6.10794e-01,7.80500e-01,4.28416e-01,6.64271e-01,3.54456e-02,8.62388e-02,1.06615e-01,4.81356e-01,6.58692e-01,7.71723e-02,1.19464e-01,5.96891e-02
8.26578e-02,3.28102e-01,3.12198e-02,4.81828e-01,2.81899e-02,3.32747e-02,1.77149e-01,6.41229e-01,6.09197e-01,7.67901e-01,3.79266e-01,6.84059e-01,3.45999e-02,8.51818e-02,9.66862e-02,5.51863e-01,6.59027e-01,7.29357e-02,1.11623e-01,6.02686e-02
8.22717e-02,3.44245e-01,3.11814e-02,4.55412e-01,2.81168e-02,3.43153e-02,1.76740e-01,6.58027e-01,6.08387e-01,7.59164e-01,3.22454e-01,7.06838e-01,3.38795e-02,8.43018e-02,8.80857e-02,6.15999e-01,6.55614e-01,6.93939e-02,1.03785e-01,6.08163e-02
8.19342e-02,3.59851e-01,3.11424e-02,4.53395e-01,2.80496e-02,3.39957e-02,1.78911e-01,6.47208e-01,6.08222e-01,7.54159e-01,2.68192e-01,7.32464e-01,3.33151e-02,8.35973e-02,8.06588e-02,6.57620e-01,6.48595e-01,6.64634e-02,9.62474e-02,6.13916e-02
8.16630e-02,3.73822e-01,3.11059e-02,4.66849e-01,2.79995e-02,3.24281e-02,1.83080e-01,6.18560e-01,6.08640e-01,7.52387e-01,2.21098e-01,7.59335e-01,3.28881e-02,8.30509e-02,7.41993e-02,6.67738e-01,6.38489e-01,6.40578e-02,8.93202e-02,6.19482e-02
8.14360e-02,3.86324e-01,3.10668e-02,4.83215e-01,2.79546e-02,2.99924e-02,1.88569e-01,5.80967e-01,6.09657e-01,7.53377e-01,1.82330e-01,7.86117e-01,3.25541e-02,8.26484e-02,6.85983e-02,6.46408e-01,6.25964e-01,6.21186e-02,8.30816e-02,6.24290e-02
8.12571e-02,3.97441e-01,3.10288e-02,4.94210e-01,2.79156e-02,2.71488e-02,1.94398e-01,5.38054e-01,6.11345e-01,7.57145e-01,1.51329e-01,8.10573e-01,3.23217e-02,8.23448e-02,6.37782e-02,6.01750e-01,6.11935e-01,6.05897e-02,7.77365e-02,6.29117e-02
8.11148e-02,4.08346e-01,3.09880e-02,4.98050e-01,2.78691e-02,2.42771e-02,1.99544e-01,4.93011e-01,6.13719e-01,7.62730e-01,1.26841e-01,8.31582e-01,3.22226e-02,8.21518e-02,5.96549e-02,5.44527e-01,5.97279e-01,5.93844e-02,7.35092e-02,6.33421e-02
8.10149e-02,4.21061e-01,3.09460e-02,5.00220e-01,2.78281e-02,2.16282e-02,2.03154e-01,4.48413e-01,6.16870e-01,7.70407e-01,1.07605e-01,8.47324e-01,3.22151e-02,8.20584e-02,5.61454e-02,4.84197e-01,5.82797e-01,5.84563e-02,7.01740e-02,6.37251e-02
8.09380e-02,4.36942e-01,3.08967e-02,5.09393e-01,2.77919e-02,1.93354e-02,2.04926e-01,4.07179e-01,6.20749e-01,7.80101e-01,9.25346e-02,8.56952e-01,3.22849e-02,8.20449e-02,5.31847e-02,4.26929e-01,5.69161e-01,5.77755e-02,6.80807e-02,6.40715e-02
8.08718e-02,4.58029e-01,3.08477e-02,5.27250e-01,2.77396e-02,1.74505e-02,2.05179e-01,3.71011e-01,6.25201e-01,7.91726e-01,8.05353e-02,8.60469e-01,3.24283e-02,8.20895e-02,5.06885e-02,3.76214e-01,5.56766e-01,5.72750e-02,6.69996e-02,6.43095e-02
8.08297e-02,4.86444e-01,3.07993e-02,5.49981e-01,2.76838e-02,1.59574e-02,2.05125e-01,3.40877e-01,6.30025e-01,8.05713e-01,7.09837e-02,8.57448e-01,3.26154e-02,8.21913e-02,4.86200e-02,3.32974e-01,5.45811e-01,5.69349e-02,6.69019e-02,6.45290e-02
8.08083e-02,5.23467e-01,3.07425e-02,5.70808e-01,2.76363e-02,1.48049e-02,2.06776e-01,3.17678e-01,6.34855e-01,8.22099e-01,6.33088e-02,8.48861e-01,3.28293e-02,8.23350e-02,4.68910e-02,2.97095e-01,5.36303e-01,5.67275e-02,6.74175e-02,6.46752e-02
8.07923e-02,5.68329e-01,3.06823e-02,5.80057e-01,2.75939e-02,1.39866e-02,2.13203e-01,3.01600e-01,6.39317e-01,8.41245e-01,5.71240e-02,8.35112e-01,3.30518e-02,8.24850e-02,4.54569e-02,2.67716e-01,5.28067e-01,5.66056e-02,6.83947e-02,6.47771e-02
8.07858e-02,6.19497e-01,3.06249e-02,5.74753e-01,2.75537e-02,1.33989e-02,2.28619e-01,2.93235e-01,6.43053e-01,8.63161e-01,5.21254e-02,8.18067e-01,3.32593e-02,8.26575e-02,4.42859e-02,2.43984e-01,5.20725e-01,5.65582e-02,6.95430e-02,6.48331e-02
8.08115e-02,6.73772e-01,3.05653e-02,5.55058e-01,2.75090e-02,1.30313e-02,2.58957e-01,2.94355e-01,6.45673e-01,8.87919e-01,4.80733e-02,7.98441e-01,3.34070e-02,8.28278e-02,4.33426e-02,2.24667e-01,5.13936e-01,5.65526e-02,7.05488e-02,6.48399e-02
8.08383e-02,7.27664e-01,3.05100e-02,5.24527e-01,2.74643e-02,1.28505e-02,3.11446e-01,3.10878e-01,6.46906e-01,9.15433e-01,4.48137e-02,7.78090e-01,3.35217e-02,8.30097e-02,4.25858e-02,2.08875e-01,5.07353e-01,5.65928e-02,7.11328e-02,6.48120e-02
8.08714e-02,7.78004e-01,3.04543e-02,4.88747e-01,2.74198e-02,1.28193e-02,3.92527e-01,3.54073e-01,6.46555e-01,9.45039e-01,4.22348e-02,7.57768e-01,3.35611e-02,8.31956e-02,4.19824e-02,1.95952e-01,5.00545e-01,5.66459e-02,7.11235e-02,6.47288e-02
8.09175e-02,8.22840e-01,3.03973e-02,4.52007e-01,2.73692e-02,1.29125e-02,5.01882e-01,4.45052e-01,6.44550e-01,9.76029e-01,4.02449e-02,7.38722e-01,3.35239e-02,8.33835e-02,4.15055e-02,1.85421e-01,4.93280e-01,5.67132e-02,7.03770e-02,6.46429e-02
8.09515e-02,8.60860e-01,3.03410e-02,4.17420e-01,2.73193e-02,1.30975e-02,6.24549e-01,6.22064e-01,6.40871e-01,1.00763e+00,3.87754e-02,7.21674e-01,3.34213e-02,8.35678e-02,4.11364e-02,1.76728e-01,4.85321e-01,5.67705e-02,6.90007e-02,6.45592e-02
8.09975e-02,8.91207e-01,3.02819e-02,3.86861e-01,2.72723e-02,1.33397e-02,7.29632e-01,9.50767e-01,6.35641e-01,1.03897e+00,3.77883e-02,7.07222e-01,3.32683e-02,8.37358e-02,4.08564e-02,1.69390e-01,4.76652e-01,5.68428e-02,6.69452e-02,6.44604e-02
8.10394e-02,9.13354e-01,3.02221e-02,3.62011e-01,2.72229e-02,1.36142e-02,7.85007e-01,1.54691e+00,6.29050e-01,1.06915e+00,3.72640e-02,6.96019e-01,3.30670e-02,8.38881e-02,4.06506e-02,1.63179e-01,4.67245e-01,5.68964e-02,6.45074e-02,6.43652e-02
8.10793e-02,9.26726e-01,3.01594e-02,3.43073e-01,2.71617e-02,1.38800e-02,7.78137e-01,2.58083e+00,6.21281e-01,1.09741e+00,3.71756e-02,6.87881e-01,3.28324e-02,8.40191e-02,4.05088e-02,1.57830e-01,4.57170e-01,5.69476e-02,6.17909e-02,6.43230e-02
8.11024e-02,9.30768e-01,3.00944e-02,3.31094e-01,2.71031e-02,1.40905e-02,7.20313e-01,4.07191e+00,6.12564e-01,1.12343e+00,3.75159e-02,6.82887e-01,3.25323e-02,8.41399e-02,4.04166e-02,1.53143e-01,4.46549e-01,5.69843e-02,5.89355e-02,6.42515e-02
8.11166e-02,9.24296e-01,3.00298e-02,3.27555e-01,2.70460e-02,1.42345e-02,6.34960e-01,5.43719e+00,6.03219e-01,1.14767e+00,3.82525e-02,6.81154e-01,3.22341e-02,8.42437e-02,4.03580e-02,1.48866e-01,4.35548e-01,5.70114e-02,5.60978e-02,6.42397e-02
8.11189e-02,9.08210e-01,2.99638e-02,3.35446e-01,2.69906e-02,1.42890e-02,5.43676e-01,5.82434e+00,5.93446e-01,1.17320e+00,3.93231e-02,6.82587e-01,3.19119e-02,8.43320e-02,4.03444e-02,1.44924e-01,4.24388e-01,5.70325e-02,5.33756e-02,6.42231e-02
8.11266e-02,8.83836e-01,2.98994e-02,3.61440e-01,2.69345e-02,1.42649e-02,4.59654e-01,5.19461e+00,5.83427e-01,1.20850e+00,4.06349e-02,6.87062e-01,3.16336e-02,8.44261e-02,4.03545e-02,1.41205e-01,4.13218e-01,5.70439e-02,5.08788e-02,6.42213e-02
8.11287e-02,8.52319e-01,2.98373e-02,4.13915e-01,2.68791e-02,1.41462e-02,3.88527e-01,4.16179e+00,5.73434e-01,1.27275e+00,4.20355e-02,6.94495e-01,3.13285e-02,8.44838e-02,4.03889e-02,1.37659e-01,4.02208e-01,5.70590e-02,4.86019e-02,6.42780e-02
8.11373e-02,8.17763e-01,2.97787e-02,5.07277e-01,2.68286e-02,1.39320e-02,3.30856e-01,3.19852e+00,5.63584e-01,1.39848e+00,4.33591e-02,7.04798e-01,3.10661e-02,8.45487e-02,4.04323e-02,1.34182e-01,3.91477e-01,5.70571e-02,4.67078e-02,6.43494e-02
8.11360e-02,7.82710e-01,2.97157e-02,6.75530e-01,2.67835e-02,1.36513e-02,2.85026e-01,2.45651e+00,5.54050e-01,1.62125e+00,4.44217e-02,7.17924e-01,3.08409e-02,8.45875e-02,4.04733e-02,1.30848e-01,3.81199e-01,5.70332e-02,4.49177e-02,6.44338e-02
8.11287e-02,7.50207e-01,2.96530e-02,1.04903e+00,2.67277e-02,1.33257e-02,2.48818e-01,1.92105e+00,5.44945e-01,1.95553e+00,4.50576e-02,7.33885e-01,3.06153e-02,8.46100e-02,4.05391e-02,1.27635e-01,3.71468e-01,5.70096e-02,4.34413e-02,6.45738e-02
8.11118e-02,7.23152e-01,2.95869e-02,1.99532e+00,2.66589e-02,1.29630e-02,2.20153e-01,1.53961e+00,5.36366e-01,2.37765e+00,4.51426e-02,7.52561e-01,3.04173e-02,8.46313e-02,4.05922e-02,1.24424e-01,3.62321e-01,5.69772e-02,4.21744e-02,6.47612e-02
8.10929e-02,7.03402e-01,2.95217e-02,3.89207e+00,2.65898e-02,1.25858e-02,1.97320e-01,1.26642e+00,5.28359e-01,2.83249e+00,4.46329e-02,7.74199e-01,3.02459e-02,8.46521e-02,4.06396e-02,1.21232e-01,3.53764e-01,5.69360e-02,4.11090e-02,6.50608e-02
8.10567e-02,6.91305e-01,2.94564e-02,6.04015e+00,2.65616e-02,1.22080e-02,1.79092e-01,1.06552e+00,5.21004e-01,3.25381e+00,4.35682e-02,7.98726e-01,3.01136e-02,8.46693e-02,4.06936e-02,1.18168e-01,3.45864e-01,5.68898e-02,4.02470e-02,6.54687e-02
8.10240e-02,6.85816e-01,2.93899e-02,6.74261e+00,2.65892e-02,1.18366e-02,1.64147e-01,9.15089e-01,5.14317e-01,3.58543e+00,4.20189e-02,8.26312e-01,2.99972e-02,8.49121e-02,4.07375e-02,1.15137e-01,3.38579e-01,5.68404e-02,3.95120e-02,6.59833e-02
8.11538e-02,6.86328e-01,2.93227e-02,5.78027e+00,2.66734e-02,1.14826e-02,1.51741e-01,7.99727e-01,5.08317e-01,3.79398e+00,4.00839e-02,8.57002e-01,2.99065e-02,8.49968e-02,4.07762e-02,1.12224e-01,3.31965e-01,5.67881e-02,3.89175e-02,6.66945e-02
8.12397e-02,6.90905e-01,2.92571e-02,4.30783e+00,2.68211e-02,1.11473e-02,1.41481e-01,7.08686e-01,5.02987e-01,3.87224e+00,3.78965e-02,8.90614e-01,2.98503e-02,8.50357e-02,4.08132e-02,1.09392e-01,3.26011e-01,5.67320e-02,3.84607e-02,6.76313e-02
8.12175e-02,6.96446e-01,2.91959e-02,3.07964e+00,2.70472e-02,1.08489e-02,1.32937e-01,6.36130e-01,4.98257e-01,3.83492e+00,3.55872e-02,9.26864e-01,2.97859e-02,8.50912e-02,4.08506e-02,1.06690e-01,3.20702e-01,5.66691e-02,3.81306e-02,6.87604e-02
8.12059e-02,7.00467e-01,2.91439e-02,2.22662e+00,2.73791e-02,1.05804e-02,1.25812e-01,5.75087e-01,4.94081e-01,3.70924e+00,3.32867e-02,9.65231e-01,2.97749e-02,8.51065e-02,4.08690e-02,1.04104e-01,3.16048e-01,5.66023e-02,3.79368e-02,7.02254e-02
8.12629e-02,7.00458e-01,2.91040e-02,1.66265e+00,2.79085e-02,1.03313e-02,1.19786e-01,5.24729e-01,4.90454e-01,3.52465e+00,3.10538e-02,1.00486e+00,2.97562e-02,8.50747e-02,4.09000e-02,1.01675e-01,3.11900e-01,5.65246e-02,3.78626e-02,7.20008e-02
8.13524e-02,6.95219e-01,2.90786e-02,1.29210e+00,2.88387e-02,1.01082e-02,1.14837e-01,4.81274e-01,4.87262e-01,3.30776e+00,2.89620e-02,1.04629e+00,2.97400e-02,8.50430e-02,4.09196e-02,9.93982e-02,3.08107e-01,5.64460e-02,3.79155e-02,7.39739e-02
8.14589e-02,6.82987e-01,2.90582e-02,1.05193e+00,3.04583e-02,9.91022e-03,1.10658e-01,4.44397e-01,4.84507e-01,3.07942e+00,2.70671e-02,1.09127e+00,2.97386e-02,8.50516e-02,4.09290e-02,9.72781e-02,3.04704e-01,5.63644e-02,3.81053e-02,7.61701e-02
8.16306e-02,6.65109e-01,2.90369e-02,9.06052e-01,3.30135e-02,9.74503e-03,1.07249e-01,4.11932e-01,4.82150e-01,2.85439e+00,2.53682e-02,1.14623e+00,2.97568e-02,8.51206e-02,4.09464e-02,9.52387e-02,3.01688e-01,5.62759e-02,3.84564e-02,7.84942e-02
8.18922e-02,6.42207e-01,2.89991e-02,8.32090e-01,3.64313e-02,9.59466e-03,1.04486e-01,3.83686e-01,4.80111e-01,2.64211e+00,2.38971e-02,1.22237e+00,2.97767e-02,8.52659e-02,4.09657e-02,9.34314e-02,2.99152e-01,5.61893e-02,3.88441e-02,8.08075e-02
8.23041e-02,6.16998e-01,2.89421e-02,8.09068e-01,4.01497e-02,9.46958e-03,1.02305e-01,3.58257e-01,4.78356e-01,2.44772e+00,2.26141e-02,1.33411e+00,2.97904e-02,8.54280e-02,4.09963e-02,9.17598e-02,2.97126e-01,5.60985e-02,3.92580e-02,8.30853e-02
8.29229e-02,5.90907e-01,2.88651e-02,8.14850e-01,4.33151e-02,9.35990e-03,1.00675e-01,3.35939e-01,4.76880e-01,2.27357e+00,2.14976e-02,1.49348e+00,2.98011e-02,8.55876e-02,4.10798e-02,9.02776e-02,2.95680e-01,5.60056e-02,3.97234e-02,8.53493e-02
8.37817e-02,5.66938e-01,2.87831e-02,8.30398e-01,4.53096e-02,9.26534e-03,9.95323e-02,3.15986e-01,4.75641e-01,2.12018e+00,2.05335e-02,1.70263e+00,2.98312e-02,8.57050e-02,4.12158e-02,8.89889e-02,2.95000e-01,5.59085e-02,4.02039e-02,8.74292e-02
8.48708e-02,5.46000e-01,2.86988e-02,8.42794e-01,4.58695e-02,9.19457e-03,9.89211e-02,2.98429e-01,4.74616e-01,1.98698e+00,1.97088e-02,1.95098e+00,2.98675e-02,8.58010e-02,4.14446e-02,8.78499e-02,2.95739e-01,5.58104e-02,4.07344e-02,8.92701e-02
8.61453e-02,5.30170e-01,2.85959e-02,8.42677e-01,4.52030e-02,9.14044e-03,9.87745e-02,2.82215e-01,4.73790e-01,1.87234e+00,1.89932e-02,2.22042e+00,2.98941e-02,8.58568e-02,4.17858e-02,8.68993e-02,2.99094e-01,5.57120e-02,4.13237e-02,9.07645e-02
8.75268e-02,5.19744e-01,2.84982e-02,8.31287e-01,4.36954e-02,9.08482e-03,9.91251e-02,2.68100e-01,4.73116e-01,1.77441e+00,1.83808e-02,2.48460e+00,2.99425e-02,8.59051e-02,4.22071e-02,8.62179e-02,3.06552e-01,5.56085e-02,4.20317e-02,9.19242e-02
8.89325e-02,5.15241e-01,2.84115e-02,8.07209e-01,4.17239e-02,9.04540e-03,9.98270e-02,2.55324e-01,4.72577e-01,1.69107e+00,1.79097e-02,2.72259e+00,2.99984e-02,8.58984e-02,4.26578e-02,8.56918e-02,3.18702e-01,5.54999e-02,4.27393e-02,9.27086e-02
9.02316e-02,5.15333e-01,2.83249e-02,7.75140e-01,3.95783e-02,9.01008e-03,1.00916e-01,2.43853e-01,4.72134e-01,1.61952e+00,1.75621e-02,2.91412e+00,3.00893e-02,8.58534e-02,4.30714e-02,8.54898e-02,3.33946e-01,5.53883e-02,4.35855e-02,9.30779e-02
9.13040e-02,5.18788e-01,2.82450e-02,7.36242e-01,3.74590e-02,8.97650e-03,1.02142e-01,2.34136e-01,4.71775e-01,1.55731e+00,1.73729e-02,3.04897e+00,3.01818e-02,8.57562e-02,4.34135e-02,8.56151e-02,3.48652e-01,5.52753e-02,4.46556e-02,9.31139e-02
9.20639e-02,5.24489e-01,2.81647e-02,6.96769e-01,3.54914e-02,8.96105e-03,1.03491e-01,2.25289e-01,4.71462e-01,1.50214e+00,1.73964e-02,3.12232e+00,3.02986e-02,8.55977e-02,4.36569e-02,8.58920e-02,3.59213e-01,5.51604e-02,4.58960e-02,9.27279e-02
9.24718e-02,5.30283e-01,2.80878e-02,6.57531e-01,3.37114e-02,8.94397e-03,1.04741e-01,2.17710e-01,4.71193e-01,1.45174e+00,1.75963e-02,3.13642e+00,3.04726e-02,8.53855e-02,4.37997e-02,8.64397e-02,3.64388e-01,5.50443e-02,4.73014e-02,9.19966e-02
9.25017e-02,5.34705e-01,2.80172e-02,6.21510e-01,3.21385e-02,8.93193e-03,1.05801e-01,2.11011e-01,4.70949e-01,1.40438e+00,1.79504e-02,3.09748e+00,3.07114e-02,8.51335e-02,4.38386e-02,8.71799e-02,3.64870e-01,5.49280e-02,4.88320e-02,9.09772e-02
9.22222e-02,5.36435e-01,2.79477e-02,5.89122e-01,3.07803e-02,8.91458e-03,1.06656e-01,2.05292e-01,4.70741e-01,1.35853e+00,1.83798e-02,3.01497e+00,3.09860e-02,8.48530e-02,4.37880e-02,8.81427e-02,3.63080e-01,5.48118e-02,5.02297e-02,8.96988e-02
9.16604e-02,5.34556e-01,2.78800e-02,5.62465e-01,2.96148e-02,8.90625e-03,1.07246e-01,2.00449e-01,4.70511e-01,1.31349e+00,1.87862e-02,2.90083e+00,3.13022e-02,8.45693e-02,4.36467e-02,8.92970e-02,3.61075e-01,5.46965e-02,5.13266e-02,8.81908e-02
9.09243e-02,5.29008e-01,2.78163e-02,5.40490e-01,2.86311e-02,8.90078e-03,1.07604e-01,1.96251e-01,4.70271e-01,1.26849e+00,1.90843e-02,2.76374e+00,3.16674e-02,8.42851e-02,4.36684e-02,9.06217e-02,3.60464e-01,5.45823e-02,5.19870e-02,8.65729e-02
9.00853e-02,5.19710e-01,2.77582e-02,5.24282e-01,2.78080e-02,8.89827e-03,1.07713e-01,1.92779e-01,4.70043e-01,1.22370e+00,1.92221e-02,2.61445e+00,3.20821e-02,8.40143e-02,4.36720e-02,9.24718e-02,3.61799e-01,5.44666e-02,5.21315e-02,8.48741e-02
8.92252e-02,5.07339e-01,2.76983e-02,5.14113e-01,2.71341e-02,8.90316e-03,1.07552e-01,1.89869e-01,4.69776e-01,1.17941e+00,1.91678e-02,2.46070e+00,3.25030e-02,8.37585e-02,4.39348e-02,9.63064e-02,3.65041e-01,5.43508e-02,5.18144e-02,8.31471e-02
8.84139e-02,4.92305e-01,2.76364e-02,5.07522e-01,2.65831e-02,8.90677e-03,1.07215e-01,1.87631e-01,4.69472e-01,1.13593e+00,1.89388e-02,2.30849e+00,3.29445e-02,8.35040e-02,4.48387e-02,1.05938e-01,3.69582e-01,5.42419e-02,5.12215e-02,8.14087e-02
8.76707e-02,4.76567e-01,2.75773e-02,5.06191e-01,2.61416e-02,8.91502e-03,1.06754e-01,1.85859e-01,4.69142e-01,1.09368e+00,1.85909e-02,2.16266e+00,3.33429e-02,8.32652e-02,4.67331e-02,1.21192e-01,3.74706e-01,5.41381e-02,5.05132e-02,7.97004e-02
8.70436e-02,4.63407e-01,2.75141e-02,5.07863e-01,2.57906e-02,8.92392e-03,1.06283e-01,1.84173e-01,4.68764e-01,1.05298e+00,1.81493e-02,2.02624e+00,3.36993e-02,8.30309e-02,4.99235e-02,1.32189e-01,3.79509e-01,5.40412e-02,4.98555e-02,7.80274e-02
8.65373e-02,4.58704e-01,2.74532e-02,5.12176e-01,2.55124e-02,8.92968e-03,1.05885e-01,1.82868e-01,4.68337e-01,1.01448e+00,1.76935e-02,1.90179e+00,3.40148e-02,8.27961e-02,5.45270e-02,1.33581e-01,3.83331e-01,5.39467e-02,4.92878e-02,7.64634e-02
8.61550e-02,4.71699e-01,2.73911e-02,5.17847e-01,2.52960e-02,8.93233e-03,1.05653e-01,1.81956e-01,4.67868e-01,9.78444e-01,1.72373e-02,1.78946e+00,3.42437e-02,8.25641e-02,6.01829e-02,1.29680e-01,3.85632e-01,5.38552e-02,4.88601e-02,7.49667e-02
8.58658e-02,5.22324e-01,2.73315e-02,5.23635e-01,2.51225e-02,8.93866e-03,1.05613e-01,1.81083e-01,4.67363e-01,9.45013e-01,1.68136e-02,1.68950e+00,3.44013e-02,8.23251e-02,6.59599e-02,1.25550e-01,3.86109e-01,5.37678e-02,4.86314e-02,7.35881e-02
8.56872e-02,6.50680e-01,2.72696e-02,5.28510e-01,2.49881e-02,8.95239e-03,1.05635e-01,1.80183e-01,4.66828e-01,9.14186e-01,1.64421e-02,1.60210e+00,3.44969e-02,8.20877e-02,7.06530e-02,1.23423e-01,3.84732e-01,5.36826e-02,4.85844e-02,7.22822e-02
8.55713e-02,9.33442e-01,2.72128e-02,5.31885e-01,2.48833e-02,8.98180e-03,1.05686e-01,1.79280e-01,4.66248e-01,8.86271e-01,1.61099e-02,1.52568e+00,3.44955e-02,8.18491e-02,7.32824e-02,1.23591e-01,3.81697e-01,5.35924e-02,4.87179e-02,7.10488e-02
8.55105e-02,1.49408e+00,2.71582e-02,5.32162e-01,2.48073e-02,9.08725e-03,1.05613e-01,1.78645e-01,4.65637e-01,8.60975e-01,1.58477e-02,1.46006e+00,3.44078e-02,8.16206e-02,7.35005e-02,1.25383e-01,3.77310e-01,5.34976e-02,4.89327e-02,6.99319e-02
8.54654e-02,2.46509e+00,2.70977e-02,5.29102e-01,2.47465e-02,9.39028e-03,1.05408e-01,1.77790e-01,4.64975e-01,8.38278e-01,1.56457e-02,1.40388e+00,3.42959e-02,8.13967e-02,7.15997e-02,1.27750e-01,3.72039e-01,5.33963e-02,4.92772e-02,6.88638e-02
8.53958e-02,3.82028e+00,2.70370e-02,5.22868e-01,2.46884e-02,1.00679e-02,1.05136e-01,1.76767e-01,4.64280e-01,8.18080e-01,1.55096e-02,1.35571e+00,3.41252e-02,8.11768e-02,6.83703e-02,1.29655e-01,3.66224e-01,5.32819e-02,4.96532e-02,6.78769e-02
8.52852e-02,5.15001e+00,2.69737e-02,5.12559e-01,2.46377e-02,1.11563e-02,1.05079e-01,1.75454e-01,4.63554e-01,8.00180e-01,1.54774e-02,1.31388e+00,3.39383e-02,8.09633e-02,6.45768e-02,1.30693e-01,3.60256e-01,5.31563e-02,4.99789e-02,6.69954e-02
8.51241e-02,5.81809e+00,2.69093e-02,4.99146e-01,2.45945e-02,1.23374e-02,1.05710e-01,1.74139e-01,4.62792e-01,7.84535e-01,1.55663e-02,1.27750e+00,3.37277e-02,8.07402e-02,6.08690e-02,1.30944e-01,3.54380e-01,5.30235e-02,5.02617e-02,6.61643e-02
8.48957e-02,5.57148e+00,2.68474e-02,4.83188e-01,2.45578e-02,1.31403e-02,1.07638e-01,1.72656e-01,4.61989e-01,7.70794e-01,1.58273e-02,1.24501e+00,3.35137e-02,8.05238e-02,5.75899e-02,1.30899e-01,3.48794e-01,5.28847e-02,5.04295e-02,6.53926e-02
8.45640e-02,4.71416e+00,2.67858e-02,4.64925e-01,2.45274e-02,1.33311e-02,1.11791e-01,1.71113e-01,4.61167e-01,7.58891e-01,1.63019e-02,1.21547e+00,3.32907e-02,8.03115e-02,5.49277e-02,1.30830e-01,3.43646e-01,5.27351e-02,5.04033e-02,6.46834e-02
8.41625e-02,3.69244e+00,2.67255e-02,4.45136e-01,2.44928e-02,1.30052e-02,1.19472e-01,1.69578e-01,4.60323e-01,7.48731e-01,1.69842e-02,1.18770e+00,3.30625e-02,8.01109e-02,5.28683e-02,1.30735e-01,3.38972e-01,5.25736e-02,5.02538e-02,6.40495e-02
8.36839e-02,2.77941e+00,2.66608e-02,4.24749e-01,2.44532e-02,1.24069e-02,1.32114e-01,1.68119e-01,4.59472e-01,7.39977e-01,1.78815e-02,1.16126e+00,3.28435e-02,7.99070e-02,5.13748e-02,1.30661e-01,3.34763e-01,5.24146e-02,4.99284e-02,6.34732e-02
8.31434e-02,2.07093e+00,2.66027e-02,4.04182e-01,2.44030e-02,1.17528e-02,1.50385e-01,1.67005e-01,4.58594e-01,7.32693e-01,1.89499e-02,1.13551e+00,3.26370e-02,7.97009e-02,5.03522e-02,1.30577e-01,3.30938e-01,5.22580e-02,4.94148e-02,6.30065e-02
8.25556e-02,1.55888e+00,2.65437e-02,3.83625e-01,2.43622e-02,1.11453e-02,1.72771e-01,1.65946e-01,4.57693e-01,7.26789e-01,2.01353e-02,1.10947e+00,3.24389e-02,7.95132e-02,4.96681e-02,1.30476e-01,3.27511e-01,5.21003e-02,4.87836e-02,6.25516e-02
8.19296e-02,1.20875e+00,2.64864e-02,3.64288e-01,2.43159e-02,1.06413e-02,1.94613e-01,1.65187e-01,4.56786e-01,7.22044e-01,2.14001e-02,1.08329e+00,3.22323e-02,7.93091e-02,4.92553e-02,1.30771e-01,3.24383e-01,5.19475e-02,4.80440e-02,6.21551e-02
8.13152e-02,9.79447e-01,2.64329e-02,3.45980e-01,2.42733e-02,1.02374e-02,2.09568e-01,1.64607e-01,4.55865e-01,7.18255e-01,2.27111e-02,1.05657e+00,3.20383e-02,7.90989e-02,4.89668e-02,1.31945e-01,3.21538e-01,5.17969e-02,4.72285e-02,6.18301e-02
8.07024e-02,8.36229e-01,2.63770e-02,3.29119e-01,2.42223e-02,9.92582e-03,2.13834e-01,1.64174e-01,4.54932e-01,7.15563e-01,2.40407e-02,1.03006e+00,3.18385e-02,7.88939e-02,4.86764e-02,1.35216e-01,3.18919e-01,5.16448e-02,4.63656e-02,6.15713e-02
8.01143e-02,7.49471e-01,2.63187e-02,3.13720e-01,2.43232e-02,9.74621e-03,2.07788e-01,1.63533e-01,4.53983e-01,7.13916e-01,2.53989e-02,1.00512e+00,3.16364e-02,7.86895e-02,4.92470e-02,1.41845e-01,3.16455e-01,5.14977e-02,4.54828e-02,6.13542e-02
7.95620e-02,6.98473e-01,2.66077e-02,3.00154e-01,2.49615e-02,9.65321e-03,1.95388e-01,1.63035e-01,4.53423e-01,7.13992e-01,3.20919e-02,9.84102e-01,3.14105e-02,7.85279e-02,5.15865e-02,1.52714e-01,3.14243e-01,5.18191e-02,5.07211e-02,6.11717e-02
7.91076e-02,6.69399e-01,2.74513e-02,2.88549e-01,2.68730e-02,1.69034e-02,1.90696e-01,1.63313e-01,4.52980e-01,7.18311e-01,7.09982e-02,9.72766e-01,3.12004e-02,7.83715e-02,7.56874e-02,1.67090e-01,3.12323e-01,5.19897e-02,1.05289e-01,6.10389e-02
7.86906e-02,6.49413e-01,2.85053e-02,2.79244e-01,3.14091e-02,4.05802e-02,2.21534e-01,1.66515e-01,4.52597e-01,7.32483e-01,1.15659e-01,9.81672e-01,3.09867e-02,7.82182e-02,1.37689e-01,1.82262e-01,3.10587e-01,5.21301e-02,2.30875e-01,6.09054e-02
7.83042e-02,6.32790e-01,2.96435e-02,2.72614e-01,3.89131e-02,8.64896e-02,2.67589e-01,1.73142e-01,4.52293e-01,7.64700e-01,1.36472e-01,1.03269e+00,3.07596e-02,7.80898e-02,2.17841e-01,1.94984e-01,3.08974e-01,5.24684e-02,4.82421e-01,6.07753e-02
7.79739e-02,6.18676e-01,3.05364e-02,2.69227e-01,4.62342e-02,1.21709e-01,3.45075e-01,1.78681e-01,4.52038e-01,8.22989e-01,1.49317e-01,1.17125e+00,3.05753e-02,7.79939e-02,3.31111e-01,2.02550e-01,3.07495e-01,5.29717e-02,8.33031e-01,6.06411e-02
7.77106e-02,6.05901e-01,3.11856e-02,2.70102e-01,5.23644e-02,1.84193e-01,5.07410e-01,1.82936e-01,4.51757e-01,9.22615e-01,1.54241e-01,1.47276e+00,3.03780e-02,7.79307e-02,3.99563e-01,2.04870e-01,3.06146e-01,5.35123e-02,8.11993e-01,6.05558e-02
7.75393e-02,5.94444e-01,3.16908e-02,2.75758e-01,5.79380e-02,4.30823e-01,6.24730e-01,1.87287e-01,4.51455e-01,1.07692e+00,1.46310e-01,2.01498e+00,3.01639e-02,7.79222e-02,4.12735e-01,2.02981e-01,3.04891e-01,5.40642e-02,6.04079e-01,6.04301e-02
7.74508e-02,5.85095e-01,3.21851e-02,2.85808e-01,6.16464e-02,6.54141e-01,6.63383e-01,1.91195e-01,4.51232e-01,1.26375e+00,1.32735e-01,2.81062e+00,2.99984e-02,7.79382e-02,4.17432e-01,1.98621e-01,3.03626e-01,5.45944e-02,4.35680e-01,6.02846e-02
7.74300e-02,5.77403e-01,3.25349e-02,2.99172e-01,6.23513e-02,5.42426e-01,6.64114e-01,1.94302e-01,4.51113e-01,1.44599e+00,1.21540e-01,3.74964e+00,2.98266e-02,7.80020e-02,4.20735e-01,1.93290e-01,3.02422e-01,5.51045e-02,3.36825e-01,6.01347e-02
7.74499e-02,5.71892e-01,3.27034e-02,3.20385e-01,6.06555e-02,3.67276e-01,6.84797e-01,1.98687e-01,4.51102e-01,1.65132e+00,1.16106e-01,4.60005e+00,2.96613e-02,7.81465e-02,4.18182e-01,1.87850e-01,3.01401e-01,5.56003e-02,2.93652e-01,5.99553e-02
7.74899e-02,5.69205e-01,3.26542e-02,3.62024e-01,5.80257e-02,2.46304e-01,1.18406e+00,2.07555e-01,4.51157e-01,1.97242e+00,1.16432e-01,5.10701e+00,2.94961e-02,7.83295e-02,4.29856e-01,1.82757e-01,3.00576e-01,5.60382e-02,2.84921e-01,5.97727e-02
7.75587e-02,5.70665e-01,3.24066e-02,4.34285e-01,5.55047e-02,1.74290e-01,4.80132e+00,2.26854e-01,4.51284e-01,2.32323e+00,1.21837e-01,5.13585e+00,2.93691e-02,7.85243e-02,4.94751e-01,1.78196e-01,3.00012e-01,5.63603e-02,2.88121e-01,5.95838e-02
7.76614e-02,5.74622e-01,3.20416e-02,5.29107e-01,5.34907e-02,1.32659e-01,8.18153e+00,2.63015e-01,4.51487e-01,2.38690e+00,1.33515e-01,4.73584e+00,2.92680e-02,7.87040e-02,6.30786e-01,1.74044e-01,2.99629e-01,5.65440e-02,2.91470e-01,5.93485e-02
7.77911e-02,5.76534e-01,3.16268e-02,6.29104e-01,5.19454e-02,1.09518e-01,6.81446e+00,3.14413e-01,4.51759e-01,2.10126e+00,1.55911e-01,4.07840e+00,2.91562e-02,7.88764e-02,7.96539e-01,1.70270e-01,2.99370e-01,5.65497e-02,2.90703e-01,5.91100e-02
7.79602e-02,5.73814e-01,3.12170e-02,7.14293e-01,5.05965e-02,9.91165e-02,5.73415e+00,3.70571e-01,4.52058e-01,1.69727e+00,1.92347e-01,3.34396e+00,2.90516e-02,7.90275e-02,9.53310e-01,1.66786e-01,2.99184e-01,5.63758e-02,2.79430e-01,5.88426e-02
7.81624e-02,5.66198e-01,3.09043e-02,7.65032e-01,4.92126e-02,1.00571e-01,5.04446e+00,4.19500e-01,4.52337e-01,1.35533e+00,2.33323e-01,2.67151e+00,2.89515e-02,7.92271e-02,1.25222e+00,1.63530e-01,2.99085e-01,5.60645e-02,2.54683e-01,5.85835e-02
7.83434e-02,5.54404e-01,3.07212e-02,8.54655e-01,4.76620e-02,1.15802e-01,4.46809e+00,4.56988e-01,4.52540e-01,1.12058e+00,2.56209e-01,2.15177e+00,2.88644e-02,7.94496e-02,2.11934e+00,1.60508e-01,2.99077e-01,5.56441e-02,2.21924e-01,5.83365e-02
7.84999e-02,5.41584e-01,3.06892e-02,1.75432e+00,4.59125e-02,1.45978e-01,3.99563e+00,4.86498e-01,4.52626e-01,9.74060e-01,2.52074e-01,1.84323e+00,2.87846e-02,7.96923e-02,3.33907e+00,1.57669e-01,2.99197e-01,5.51854e-02,1.89104e-01,5.80866e-02
7.86027e-02,5.28818e-01,3.07837e-02,5.59569e+00,4.40210e-02,1.85574e-01,3.60457e+00,5.17661e-01,4.52560e-01,8.85345e-01,2.36781e-01,1.74960e+00,2.87350e-02,7.99483e-02,3.53094e+00,1.55004e-01,2.99426e-01,5.47410e-02,1.61354e-01,5.78471e-02
7.86427e-02,5.18317e-01,3.09360e-02,9.44053e+00,4.20609e-02,2.20305e-01,3.23302e+00,5.59794e-01,4.52335e-01,8.31490e-01,2.31043e-01,1.81245e+00,2.86823e-02,8.01976e-02,2.72150e+00,1.52609e-01,2.99685e-01,5.43636e-02,1.39653e-01,5.76223e-02
7.86210e-02,5.08695e-01,3.10659e-02,8.33977e+00,4.01310e-02,2.36284e-01,2.85299e+00,6.09908e-01,4.51966e-01,7.98240e-01,2.47721e-01,1.95512e+00,2.86153e-02,8.04356e-02,1.86947e+00,1.50345e-01,2.99933e-01,5.40936e-02,1.23106e-01,5.74067e-02
7.85380e-02,5.01158e-01,3.11237e-02,6.08883e+00,3.82629e-02,2.30723e-01,2.48088e+00,6.54809e-01,4.51458e-01,7.77442e-01,3.09789e-01,2.12130e+00,2.85679e-02,8.06354e-02,1.30781e+00,1.48266e-01,3.00095e-01,5.39618e-02,1.10658e-01,5.71906e-02
7.84073e-02,4.95297e-01,3.10755e-02,4.71518e+00,3.65251e-02,2.10517e-01,2.14619e+00,6.77649e-01,4.50851e-01,7.64447e-01,5.45355e-01,2.26770e+00,2.85226e-02,8.07764e-02,9.80360e-01,1.46309e-01,3.00127e-01,5.39935e-02,1.01143e-01,5.69864e-02
7.82400e-02,4.90768e-01,3.09019e-02,3.94545e+00,3.49055e-02,1.84302e-01,1.86673e+00,6.72785e-01,4.50160e-01,7.57021e-01,1.40516e+00,2.35755e+00,2.84529e-02,8.08369e-02,7.90600e-01,1.44456e-01,2.99962e-01,5.41962e-02,9.38324e-02,5.68241e-02
7.80432e-02,4.86368e-01,3.06084e-02,3.43977e+00,3.34375e-02,1.57882e-01,1.64879e+00,6.52578e-01,4.49433e-01,7.53987e-01,3.08518e+00,2.36279e+00,2.84224e-02,8.08224e-02,6.77233e-01,1.42706e-01,2.99603e-01,5.45763e-02,8.79124e-02,5.66773e-02
7.78085e-02,4.82743e-01,3.02032e-02,3.04163e+00,3.21175e-02,1.34075e-01,1.49258e+00,6.45416e-01,4.48672e-01,7.54575e-01,3.99922e+00,2.27693e+00,2.83830e-02,8.07337e-02,6.06328e-01,1.40952e-01,2.99063e-01,5.50854e-02,8.31457e-02,5.65588e-02
7.75600e-02,4.79488e-01,2.97330e-02,2.69048e+00,3.09366e-02,1.13763e-01,1.39550e+00,7.04169e-01,4.47913e-01,7.57768e-01,3.52799e+00,2.11411e+00,2.83571e-02,8.05556e-02,5.57993e-01,1.39219e-01,2.98296e-01,5.57072e-02,7.92944e-02,5.64468e-02
