{
"type": "FeatureCollection",
"name": "05583000",
"crs": { "type": "name", "properties": { "name": "urn:ogc:def:crs:OGC:1.3:CRS84" } },
"features": [
{ "type": "Feature", "properties": { "usgs_id": "05583000", "area": 22495418483.80901 }, "geometry": { "type": "Polygon", "coordinates": [ [ [ -89.9942, 39.79695 ], [ -89.99618, 39.80063 ], [ -89.99033, 39.8117 ], [ -89.99827, 39.8173 ], [ -89.99655, 39.81948 ], [ -89.98936, 39.8222 ], [ -89.98901, 39.83172 ], [ -89.98266, 39.8398 ], [ -89.98097, 39.85649 ], [ -89.97868, 39.86195 ], [ -89.98293, 39.86418 ], [ -89.9832, 39.86688 ], [ -89.98565, 39.8694 ], [ -89.98639, 39.87777 ], [ -89.98887, 39.87968 ], [ -89.9902, 39.88717 ], [ -89.99766, 39.90058 ], [ -89.99118, 39.90344 ], [ -89.98057, 39.91326 ], [ -89.97107, 39.91092 ], [ -89.95837, 39.9131 ], [ -89.94648, 39.91148 ], [ -89.93183, 39.92242 ], [ -89.93014, 39.92748 ], [ -89.9155, 39.92773 ], [ -89.90961, 39.92996 ], [ -89.88855, 39.93135 ], [ -89.88472, 39.94077 ], [ -89.87853, 39.94779 ], [ -89.87493, 39.96002 ], [ -89.87642, 39.96168 ], [ -89.87524, 39.96837 ], [ -89.87655, 39.97498 ], [ -89.8829, 39.9834 ], [ -89.88944, 39.98344 ], [ -89.87674, 39.9949 ], [ -89.87744, 40.00244 ], [ -89.88125, 40.00542 ], [ -89.89603, 40.01033 ], [ -89.9062, 40.01755 ], [ -89.90533, 40.02208 ], [ -89.9102, 40.03167 ], [ -89.91645, 40.0369 ], [ -89.92084, 40.03785 ], [ -89.92695, 40.04547 ], [ -89.92577, 40.04934 ], [ -89.91497, 40.05589 ], [ -89.90933, 40.0567 ], [ -89.91184, 40.06022 ], [ -89.91102, 40.06836 ], [ -89.90744, 40.0683 ], [ -89.90799, 40.0713 ], [ -89.90591, 40.07215 ], [ -89.90629, 40.07509 ], [ -89.90386, 40.07703 ], [ -89.90284, 40.0808 ], [ -89.90119, 40.081 ], [ -89.8953, 40.08796 ], [ -89.89471, 40.09063 ], [ -89.89241, 40.09171 ], [ -89.89213, 40.09358 ], [ -89.8975, 40.09639 ], [ -89.90287, 40.10363 ], [ -89.89379, 40.10541 ], [ -89.89295, 40.10733 ], [ -89.89643, 40.11127 ], [ -89.89721, 40.11449 ], [ -89.8961, 40.11587 ], [ -89.90271, 40.12186 ], [ -89.90131, 40.12354 ], [ -89.90361, 40.12757 ], [ -89.91256, 40.12817 ], [ -89.91776, 40.12501 ], [ -89.92185, 40.1248 ], [ -89.92575, 40.12782 ], [ -89.92554, 40.12979 ], [ -89.92882, 40.13047 ], [ -89.93823, 40.12615 ], [ -89.94703, 40.12644 ], [ -89.94855, 40.1277 ], [ -89.9586, 40.12458 ], [ -89.96801, 40.12398 ], [ -89.97752, 40.12055 ], [ -89.97725, 40.11864 ], [ -89.98048, 40.11829 ], [ -89.98464, 40.1144 ], [ -89.99095, 40.11351 ], [ -89.99481, 40.11054 ], [ -89.99733, 40.11152 ], [ -89.98571, 40.12418 ], [ -89.98651, 40.12603 ], [ -89.97544, 40.13489 ], [ -89.97548, 40.13948 ], [ -89.9768, 40.13995 ], [ -89.97579, 40.14262 ], [ -89.98029, 40.14497 ], [ -89.97919, 40.14633 ], [ -89.9804, 40.14885 ], [ -89.97825, 40.15203 ], [ -89.97502, 40.15197 ], [ -89.97141, 40.14879 ], [ -89.97044, 40.14956 ], [ -89.97093, 40.15246 ], [ -89.96525, 40.15555 ], [ -89.96368, 40.16019 ], [ -89.96452, 40.16233 ], [ -89.96136, 40.16492 ], [ -89.96348, 40.16705 ], [ -89.96202, 40.17005 ], [ -89.95933, 40.17087 ], [ -89.95959, 40.17273 ], [ -89.96264, 40.17453 ], [ -89.96243, 40.1762 ], [ -89.96632, 40.17873 ], [ -89.96166, 40.18088 ], [ -89.96145, 40.18393 ], [ -89.96511, 40.18889 ], [ -89.96253, 40.19089 ], [ -89.96231, 40.19402 ], [ -89.96037, 40.19473 ], [ -89.96266, 40.1961 ], [ -89.96118, 40.20115 ], [ -89.95773, 40.202 ], [ -89.95772, 40.20399 ], [ -89.96267, 40.20742 ], [ -89.9708, 40.20869 ], [ -89.97348, 40.21229 ], [ -89.97405, 40.21781 ], [ -89.98286, 40.22316 ], [ -89.98325, 40.22568 ], [ -89.98006, 40.23031 ], [ -89.98366, 40.23188 ], [ -89.98484, 40.23677 ], [ -89.97809, 40.23737 ], [ -89.97436, 40.23263 ], [ -89.97047, 40.23381 ], [ -89.96704, 40.23658 ], [ -89.96513, 40.24249 ], [ -89.9668, 40.24583 ], [ -89.96457, 40.24475 ], [ -89.95907, 40.24719 ], [ -89.95657, 40.24906 ], [ -89.95766, 40.25148 ], [ -89.95554, 40.25253 ], [ -89.94459, 40.25208 ], [ -89.94051, 40.259 ], [ -89.9299, 40.26242 ], [ -89.93309, 40.26617 ], [ -89.93079, 40.26688 ], [ -89.92927, 40.2722 ], [ -89.92584, 40.2735 ], [ -89.91411, 40.27361 ], [ -89.91342, 40.27592 ], [ -89.90211, 40.27506 ], [ -89.90051, 40.27257 ], [ -89.89582, 40.27139 ], [ -89.89159, 40.27591 ], [ -89.88163, 40.27425 ], [ -89.87675, 40.27891 ], [ -89.8725, 40.27724 ], [ -89.8695, 40.28066 ], [ -89.86346, 40.28092 ], [ -89.86514, 40.28592 ], [ -89.86425, 40.28894 ], [ -89.85835, 40.29178 ], [ -89.85699, 40.29386 ], [ -89.8579, 40.29658 ], [ -89.85215, 40.2973 ], [ -89.84113, 40.28955 ], [ -89.83863, 40.28931 ], [ -89.83545, 40.29059 ], [ -89.83495, 40.29299 ], [ -89.83102, 40.29362 ], [ -89.82906, 40.29239 ], [ -89.82915, 40.29007 ], [ -89.82494, 40.28788 ], [ -89.82528, 40.28586 ], [ -89.82159, 40.28298 ], [ -89.81669, 40.28239 ], [ -89.81592, 40.27972 ], [ -89.80873, 40.276 ], [ -89.79701, 40.27769 ], [ -89.79487, 40.27988 ], [ -89.78351, 40.27747 ], [ -89.78281, 40.27097 ], [ -89.77907, 40.26905 ], [ -89.76716, 40.26866 ], [ -89.77149, 40.26464 ], [ -89.77097, 40.26094 ], [ -89.76375, 40.25645 ], [ -89.75502, 40.25632 ], [ -89.75116, 40.25191 ], [ -89.75224, 40.24949 ], [ -89.75017, 40.24749 ], [ -89.74656, 40.24878 ], [ -89.73466, 40.24398 ], [ -89.73048, 40.2438 ], [ -89.72895, 40.24579 ], [ -89.72345, 40.24343 ], [ -89.70523, 40.24294 ], [ -89.69634, 40.24009 ], [ -89.69086, 40.24157 ], [ -89.6843, 40.23911 ], [ -89.68035, 40.23951 ], [ -89.67679, 40.23591 ], [ -89.67428, 40.23605 ], [ -89.67277, 40.23822 ], [ -89.66559, 40.24044 ], [ -89.66458, 40.24496 ], [ -89.65669, 40.24889 ], [ -89.65009, 40.25477 ], [ -89.64522, 40.25627 ], [ -89.64627, 40.258 ], [ -89.63131, 40.27068 ], [ -89.61998, 40.26928 ], [ -89.61891, 40.27097 ], [ -89.62104, 40.27608 ], [ -89.62132, 40.28801 ], [ -89.62254, 40.28846 ], [ -89.61774, 40.29037 ], [ -89.61949, 40.29219 ], [ -89.61888, 40.29369 ], [ -89.62245, 40.29632 ], [ -89.62122, 40.29746 ], [ -89.6216, 40.30095 ], [ -89.6181, 40.30027 ], [ -89.61439, 40.3019 ], [ -89.61099, 40.30037 ], [ -89.60489, 40.30636 ], [ -89.59795, 40.3036 ], [ -89.59579, 40.30789 ], [ -89.58911, 40.30717 ], [ -89.589, 40.30861 ], [ -89.58378, 40.31092 ], [ -89.57456, 40.31293 ], [ -89.57429, 40.31675 ], [ -89.5721, 40.31978 ], [ -89.56402, 40.3208 ], [ -89.5607, 40.32369 ], [ -89.562, 40.32874 ], [ -89.56558, 40.32976 ], [ -89.56532, 40.33128 ], [ -89.56052, 40.33346 ], [ -89.56245, 40.33621 ], [ -89.55779, 40.3418 ], [ -89.54888, 40.34367 ], [ -89.5456, 40.34127 ], [ -89.53927, 40.34066 ], [ -89.53265, 40.34282 ], [ -89.52917, 40.34112 ], [ -89.52732, 40.3374 ], [ -89.51748, 40.33317 ], [ -89.50604, 40.33631 ], [ -89.5029, 40.33902 ], [ -89.4996, 40.33909 ], [ -89.49615, 40.34254 ], [ -89.48995, 40.34417 ], [ -89.48939, 40.34796 ], [ -89.47461, 40.34912 ], [ -89.46398, 40.35885 ], [ -89.46549, 40.36337 ], [ -89.45548, 40.36338 ], [ -89.45161, 40.36711 ], [ -89.4384, 40.37214 ], [ -89.4337, 40.38088 ], [ -89.42199, 40.3841 ], [ -89.41537, 40.39352 ], [ -89.41251, 40.39483 ], [ -89.3999, 40.39295 ], [ -89.39391, 40.39964 ], [ -89.39838, 40.40548 ], [ -89.40123, 40.40662 ], [ -89.40147, 40.40877 ], [ -89.39432, 40.40949 ], [ -89.38751, 40.41454 ], [ -89.38496, 40.41437 ], [ -89.38169, 40.41676 ], [ -89.38004, 40.422 ], [ -89.36012, 40.42541 ], [ -89.35548, 40.42803 ], [ -89.35015, 40.43478 ], [ -89.3415, 40.43736 ], [ -89.33535, 40.43432 ], [ -89.32355, 40.43639 ], [ -89.32095, 40.4377 ], [ -89.31616, 40.44862 ], [ -89.29187, 40.46159 ], [ -89.28805, 40.46447 ], [ -89.28856, 40.46856 ], [ -89.2821, 40.4713 ], [ -89.268, 40.48369 ], [ -89.263, 40.48619 ], [ -89.25429, 40.4861 ], [ -89.25027, 40.48832 ], [ -89.24218, 40.4887 ], [ -89.23644, 40.49129 ], [ -89.23261, 40.4965 ], [ -89.23062, 40.50449 ], [ -89.22682, 40.50792 ], [ -89.22265, 40.51827 ], [ -89.22262, 40.51976 ], [ -89.22932, 40.52161 ], [ -89.22923, 40.52678 ], [ -89.23182, 40.5296 ], [ -89.23119, 40.54004 ], [ -89.22019, 40.53891 ], [ -89.20823, 40.54329 ], [ -89.20472, 40.54766 ], [ -89.20089, 40.54943 ], [ -89.20186, 40.55458 ], [ -89.20068, 40.55544 ], [ -89.18626, 40.55422 ], [ -89.17934, 40.56047 ], [ -89.14816, 40.55437 ], [ -89.14802, 40.54352 ], [ -89.14984, 40.53999 ], [ -89.155, 40.53685 ], [ -89.15718, 40.52636 ], [ -89.15317, 40.52125 ], [ -89.13916, 40.5215 ], [ -89.13657, 40.51987 ], [ -89.13064, 40.52345 ], [ -89.12651, 40.52968 ], [ -89.12459, 40.52931 ], [ -89.12382, 40.53161 ], [ -89.12015, 40.53214 ], [ -89.11962, 40.53519 ], [ -89.11649, 40.53531 ], [ -89.11502, 40.53777 ], [ -89.11679, 40.53969 ], [ -89.11232, 40.54083 ], [ -89.11206, 40.54425 ], [ -89.10698, 40.55052 ], [ -89.09619, 40.54917 ], [ -89.09519, 40.55242 ], [ -89.08986, 40.55283 ], [ -89.08416, 40.54861 ], [ -89.07712, 40.55184 ], [ -89.07225, 40.57079 ], [ -89.06898, 40.57062 ], [ -89.06655, 40.56989 ], [ -89.06299, 40.56524 ], [ -89.05978, 40.56607 ], [ -89.05821, 40.5638 ], [ -89.05127, 40.56216 ], [ -89.04775, 40.55909 ], [ -89.04237, 40.56084 ], [ -89.03928, 40.55803 ], [ -89.02872, 40.55351 ], [ -89.02213, 40.55366 ], [ -89.01924, 40.55008 ], [ -89.00295, 40.54797 ], [ -88.99907, 40.54406 ], [ -88.99183, 40.54449 ], [ -88.9899, 40.54184 ], [ -88.98538, 40.54097 ], [ -88.97282, 40.53428 ], [ -88.95983, 40.53688 ], [ -88.95771, 40.53899 ], [ -88.93818, 40.5404 ], [ -88.9354, 40.53304 ], [ -88.93585, 40.53053 ], [ -88.93209, 40.52849 ], [ -88.93394, 40.52413 ], [ -88.93698, 40.52217 ], [ -88.93496, 40.51874 ], [ -88.93043, 40.51756 ], [ -88.92689, 40.5207 ], [ -88.91961, 40.51963 ], [ -88.91604, 40.51786 ], [ -88.91276, 40.51159 ], [ -88.90752, 40.50956 ], [ -88.90397, 40.51012 ], [ -88.89066, 40.5046 ], [ -88.8864, 40.50483 ], [ -88.88118, 40.50149 ], [ -88.87333, 40.50481 ], [ -88.86175, 40.4992 ], [ -88.85506, 40.50136 ], [ -88.84446, 40.49937 ], [ -88.83117, 40.49021 ], [ -88.82445, 40.49064 ], [ -88.81977, 40.48365 ], [ -88.82303, 40.48109 ], [ -88.81645, 40.47825 ], [ -88.80547, 40.4784 ], [ -88.79584, 40.47568 ], [ -88.78184, 40.47668 ], [ -88.77123, 40.47327 ], [ -88.76755, 40.47409 ], [ -88.76233, 40.47325 ], [ -88.7617, 40.47176 ], [ -88.75778, 40.47219 ], [ -88.75389, 40.4696 ], [ -88.7503, 40.47012 ], [ -88.74352, 40.46759 ], [ -88.73208, 40.46704 ], [ -88.7124, 40.46084 ], [ -88.6853, 40.45962 ], [ -88.67109, 40.45388 ], [ -88.65387, 40.45598 ], [ -88.64923, 40.45364 ], [ -88.64269, 40.4535 ], [ -88.62615, 40.45661 ], [ -88.6206, 40.45592 ], [ -88.61795, 40.45838 ], [ -88.61764, 40.46116 ], [ -88.61081, 40.46048 ], [ -88.60906, 40.4629 ], [ -88.6064, 40.46328 ], [ -88.60301, 40.46877 ], [ -88.60378, 40.47109 ], [ -88.60213, 40.47177 ], [ -88.59734, 40.47029 ], [ -88.58687, 40.47281 ], [ -88.58493, 40.47095 ], [ -88.57951, 40.47055 ], [ -88.56152, 40.47488 ], [ -88.55661, 40.47778 ], [ -88.54375, 40.4721 ], [ -88.53871, 40.4725 ], [ -88.53398, 40.46964 ], [ -88.53132, 40.47109 ], [ -88.52162, 40.47105 ], [ -88.51238, 40.46744 ], [ -88.50944, 40.46819 ], [ -88.50886, 40.47144 ], [ -88.50427, 40.47259 ], [ -88.50415, 40.4757 ], [ -88.499, 40.47957 ], [ -88.49908, 40.48289 ], [ -88.4969, 40.48373 ], [ -88.49498, 40.48729 ], [ -88.49153, 40.48861 ], [ -88.48881, 40.48762 ], [ -88.48429, 40.48977 ], [ -88.47974, 40.49542 ], [ -88.47756, 40.49427 ], [ -88.47128, 40.49817 ], [ -88.46761, 40.49774 ], [ -88.46235, 40.50245 ], [ -88.46262, 40.50516 ], [ -88.45744, 40.5062 ], [ -88.45802, 40.50763 ], [ -88.45065, 40.51057 ], [ -88.44601, 40.51525 ], [ -88.44133, 40.51625 ], [ -88.44045, 40.52192 ], [ -88.43762, 40.52506 ], [ -88.434, 40.52629 ], [ -88.43298, 40.52964 ], [ -88.41983, 40.5347 ], [ -88.41753, 40.53639 ], [ -88.41773, 40.53819 ], [ -88.41223, 40.54065 ], [ -88.41224, 40.54233 ], [ -88.40612, 40.54308 ], [ -88.40542, 40.54552 ], [ -88.39831, 40.54925 ], [ -88.39439, 40.54969 ], [ -88.39162, 40.54777 ], [ -88.38685, 40.54748 ], [ -88.38552, 40.54568 ], [ -88.38246, 40.55235 ], [ -88.38216, 40.55913 ], [ -88.37152, 40.56275 ], [ -88.36652, 40.56696 ], [ -88.35733, 40.56118 ], [ -88.35595, 40.55548 ], [ -88.35427, 40.5542 ], [ -88.35644, 40.5505 ], [ -88.35345, 40.54711 ], [ -88.35378, 40.54398 ], [ -88.35169, 40.54364 ], [ -88.34997, 40.54068 ], [ -88.34943, 40.53341 ], [ -88.34735, 40.53239 ], [ -88.34644, 40.52708 ], [ -88.335, 40.51899 ], [ -88.33558, 40.51495 ], [ -88.33795, 40.51368 ], [ -88.33509, 40.51006 ], [ -88.33604, 40.5079 ], [ -88.33371, 40.50289 ], [ -88.33521, 40.50046 ], [ -88.33033, 40.48592 ], [ -88.31506, 40.48473 ], [ -88.30823, 40.47988 ], [ -88.3086, 40.47667 ], [ -88.30557, 40.47365 ], [ -88.30915, 40.46892 ], [ -88.30673, 40.4611 ], [ -88.30911, 40.46074 ], [ -88.31003, 40.45836 ], [ -88.30575, 40.45805 ], [ -88.30275, 40.45578 ], [ -88.29706, 40.45569 ], [ -88.29455, 40.45258 ], [ -88.29376, 40.44662 ], [ -88.29116, 40.44525 ], [ -88.28264, 40.44548 ], [ -88.26631, 40.43989 ], [ -88.26364, 40.43661 ], [ -88.25264, 40.43511 ], [ -88.24968, 40.43228 ], [ -88.24789, 40.42742 ], [ -88.22836, 40.41294 ], [ -88.22186, 40.41346 ], [ -88.21866, 40.41098 ], [ -88.2171, 40.41258 ], [ -88.21155, 40.41282 ], [ -88.2067, 40.41072 ], [ -88.2054, 40.40794 ], [ -88.2003, 40.40723 ], [ -88.20107, 40.40528 ], [ -88.19896, 40.40372 ], [ -88.19463, 40.40399 ], [ -88.1907, 40.39924 ], [ -88.19334, 40.39866 ], [ -88.19066, 40.39588 ], [ -88.19374, 40.39408 ], [ -88.19348, 40.39279 ], [ -88.18938, 40.38996 ], [ -88.18512, 40.39035 ], [ -88.17588, 40.3854 ], [ -88.17267, 40.38247 ], [ -88.17261, 40.37656 ], [ -88.1706, 40.37417 ], [ -88.16753, 40.37491 ], [ -88.16018, 40.36926 ], [ -88.15945, 40.37046 ], [ -88.15788, 40.36936 ], [ -88.15188, 40.37004 ], [ -88.15272, 40.36607 ], [ -88.15117, 40.36548 ], [ -88.15161, 40.36374 ], [ -88.14567, 40.35439 ], [ -88.14677, 40.3509 ], [ -88.14434, 40.34922 ], [ -88.14604, 40.34714 ], [ -88.14315, 40.34343 ], [ -88.14237, 40.3385 ], [ -88.14671, 40.33136 ], [ -88.14399, 40.32983 ], [ -88.14522, 40.3227 ], [ -88.1544, 40.31526 ], [ -88.15715, 40.3156 ], [ -88.15897, 40.31404 ], [ -88.16044, 40.30836 ], [ -88.17266, 40.30777 ], [ -88.17484, 40.30246 ], [ -88.18133, 40.29899 ], [ -88.18427, 40.30285 ], [ -88.1873, 40.30159 ], [ -88.18858, 40.3009 ], [ -88.18749, 40.2982 ], [ -88.19184, 40.29252 ], [ -88.19535, 40.29286 ], [ -88.20171, 40.28888 ], [ -88.20894, 40.28778 ], [ -88.21498, 40.27971 ], [ -88.22442, 40.27924 ], [ -88.22399, 40.27602 ], [ -88.22717, 40.27548 ], [ -88.2293, 40.27134 ], [ -88.2382, 40.2734 ], [ -88.23961, 40.27054 ], [ -88.23797, 40.26792 ], [ -88.23416, 40.267 ], [ -88.23341, 40.26404 ], [ -88.23649, 40.26282 ], [ -88.23992, 40.26388 ], [ -88.24952, 40.25987 ], [ -88.25253, 40.26031 ], [ -88.25922, 40.25225 ], [ -88.26278, 40.25109 ], [ -88.26252, 40.24875 ], [ -88.26665, 40.24704 ], [ -88.26734, 40.24414 ], [ -88.27635, 40.23613 ], [ -88.28201, 40.22783 ], [ -88.28839, 40.22419 ], [ -88.29553, 40.21499 ], [ -88.29889, 40.21463 ], [ -88.30189, 40.20962 ], [ -88.30096, 40.20794 ], [ -88.30792, 40.20299 ], [ -88.31126, 40.19183 ], [ -88.31653, 40.18676 ], [ -88.31677, 40.18452 ], [ -88.31863, 40.18296 ], [ -88.32543, 40.18606 ], [ -88.33158, 40.18491 ], [ -88.33682, 40.18622 ], [ -88.34147, 40.18433 ], [ -88.34243, 40.17923 ], [ -88.34609, 40.17482 ], [ -88.34417, 40.17139 ], [ -88.35181, 40.16783 ], [ -88.36605, 40.1505 ], [ -88.37293, 40.13697 ], [ -88.37967, 40.11867 ], [ -88.3844, 40.11756 ], [ -88.39043, 40.11299 ], [ -88.38802, 40.10923 ], [ -88.38965, 40.10485 ], [ -88.39735, 40.09916 ], [ -88.39735, 40.09747 ], [ -88.40798, 40.08523 ], [ -88.41189, 40.07742 ], [ -88.4343, 40.06392 ], [ -88.44393, 40.06301 ], [ -88.44683, 40.06087 ], [ -88.44858, 40.05327 ], [ -88.45457, 40.05043 ], [ -88.45939, 40.0429 ], [ -88.46113, 40.03581 ], [ -88.45965, 40.03128 ], [ -88.46434, 40.03048 ], [ -88.46637, 40.02818 ], [ -88.46847, 40.02027 ], [ -88.46701, 40.01919 ], [ -88.47939, 40.01261 ], [ -88.48837, 40.01572 ], [ -88.49095, 40.0143 ], [ -88.49479, 40.0159 ], [ -88.51194, 40.00825 ], [ -88.52134, 40.00609 ], [ -88.52513, 40.00222 ], [ -88.52682, 40.00264 ], [ -88.53429, 39.99834 ], [ -88.53551, 39.99848 ], [ -88.5362, 40.00209 ], [ -88.5402, 40.00224 ], [ -88.55715, 39.99881 ], [ -88.55731, 39.99339 ], [ -88.55948, 39.98954 ], [ -88.56342, 39.98905 ], [ -88.57624, 39.97917 ], [ -88.57996, 39.97178 ], [ -88.57923, 39.96636 ], [ -88.57328, 39.96208 ], [ -88.57284, 39.9591 ], [ -88.57508, 39.9572 ], [ -88.57355, 39.95331 ], [ -88.58672, 39.94785 ], [ -88.58682, 39.95022 ], [ -88.59042, 39.95378 ], [ -88.60259, 39.95488 ], [ -88.60081, 39.95304 ], [ -88.59924, 39.9432 ], [ -88.60399, 39.93969 ], [ -88.61444, 39.94162 ], [ -88.62363, 39.93588 ], [ -88.63822, 39.93099 ], [ -88.6436, 39.92587 ], [ -88.65127, 39.9258 ], [ -88.6631, 39.92993 ], [ -88.67069, 39.93008 ], [ -88.68358, 39.92631 ], [ -88.68952, 39.9198 ], [ -88.69252, 39.9104 ], [ -88.69587, 39.90817 ], [ -88.69721, 39.90445 ], [ -88.70226, 39.90241 ], [ -88.71145, 39.90387 ], [ -88.72373, 39.8985 ], [ -88.73183, 39.88923 ], [ -88.73199, 39.88713 ], [ -88.73826, 39.88281 ], [ -88.7393, 39.87544 ], [ -88.7409, 39.87581 ], [ -88.75004, 39.86845 ], [ -88.75125, 39.86673 ], [ -88.75099, 39.85883 ], [ -88.75566, 39.85299 ], [ -88.7568, 39.84745 ], [ -88.76557, 39.84009 ], [ -88.76898, 39.83337 ], [ -88.76788, 39.82342 ], [ -88.76953, 39.81761 ], [ -88.76402, 39.81018 ], [ -88.76305, 39.80314 ], [ -88.76315, 39.80125 ], [ -88.76694, 39.79915 ], [ -88.76387, 39.79634 ], [ -88.76709, 39.78698 ], [ -88.77065, 39.78216 ], [ -88.76844, 39.77316 ], [ -88.76953, 39.76472 ], [ -88.77793, 39.76125 ], [ -88.78085, 39.75633 ], [ -88.7866, 39.7529 ], [ -88.79108, 39.75251 ], [ -88.79511, 39.74921 ], [ -88.79566, 39.74619 ], [ -88.80479, 39.74178 ], [ -88.80846, 39.74288 ], [ -88.81327, 39.74018 ], [ -88.81262, 39.73612 ], [ -88.81629, 39.73403 ], [ -88.81588, 39.73192 ], [ -88.82424, 39.72989 ], [ -88.82744, 39.72648 ], [ -88.83535, 39.7242 ], [ -88.83703, 39.7223 ], [ -88.8519, 39.72268 ], [ -88.85505, 39.72077 ], [ -88.85509, 39.71452 ], [ -88.86066, 39.71008 ], [ -88.87158, 39.71124 ], [ -88.87447, 39.70856 ], [ -88.87291, 39.69912 ], [ -88.87517, 39.6978 ], [ -88.87826, 39.69198 ], [ -88.87421, 39.68779 ], [ -88.87078, 39.68005 ], [ -88.87031, 39.67138 ], [ -88.87609, 39.6638 ], [ -88.88034, 39.65317 ], [ -88.88242, 39.64624 ], [ -88.87979, 39.6419 ], [ -88.88756, 39.63277 ], [ -88.8857, 39.62722 ], [ -88.88665, 39.61975 ], [ -88.89241, 39.61379 ], [ -88.89651, 39.60665 ], [ -88.89501, 39.59997 ], [ -88.89944, 39.59176 ], [ -88.88961, 39.58506 ], [ -88.88847, 39.57706 ], [ -88.88367, 39.57326 ], [ -88.88375, 39.56863 ], [ -88.87895, 39.56546 ], [ -88.87919, 39.56084 ], [ -88.874, 39.54935 ], [ -88.87464, 39.54617 ], [ -88.87966, 39.54316 ], [ -88.88158, 39.53995 ], [ -88.88062, 39.53404 ], [ -88.88487, 39.52327 ], [ -88.88484, 39.52057 ], [ -88.87923, 39.51597 ], [ -88.88155, 39.51301 ], [ -88.88216, 39.50057 ], [ -88.8916, 39.49706 ], [ -88.90059, 39.49831 ], [ -88.90249, 39.50044 ], [ -88.90765, 39.50123 ], [ -88.91905, 39.49924 ], [ -88.92232, 39.5019 ], [ -88.92496, 39.49942 ], [ -88.92838, 39.49902 ], [ -88.94425, 39.50093 ], [ -88.94692, 39.50263 ], [ -88.95092, 39.49874 ], [ -88.95353, 39.49829 ], [ -88.95906, 39.50083 ], [ -88.96458, 39.49762 ], [ -88.97761, 39.4939 ], [ -88.99499, 39.49112 ], [ -88.99274, 39.48198 ], [ -88.99673, 39.47605 ], [ -89.00205, 39.47299 ], [ -89.00147, 39.47012 ], [ -89.00657, 39.46446 ], [ -89.01224, 39.4604 ], [ -89.01051, 39.45779 ], [ -89.01315, 39.45389 ], [ -89.01294, 39.45159 ], [ -89.01892, 39.44817 ], [ -89.01265, 39.4422 ], [ -89.0163, 39.43678 ], [ -89.01612, 39.43474 ], [ -89.01247, 39.43265 ], [ -89.01336, 39.42907 ], [ -89.02065, 39.42462 ], [ -89.01834, 39.4232 ], [ -89.02472, 39.41736 ], [ -89.027, 39.41201 ], [ -89.034, 39.41078 ], [ -89.03655, 39.406 ], [ -89.03183, 39.39843 ], [ -89.0364, 39.39493 ], [ -89.04264, 39.39783 ], [ -89.04522, 39.39632 ], [ -89.04941, 39.40182 ], [ -89.06125, 39.40664 ], [ -89.06699, 39.40402 ], [ -89.06817, 39.40864 ], [ -89.07148, 39.40817 ], [ -89.07766, 39.40003 ], [ -89.08176, 39.39878 ], [ -89.08493, 39.38877 ], [ -89.09667, 39.38823 ], [ -89.10272, 39.39069 ], [ -89.11993, 39.38779 ], [ -89.12488, 39.38374 ], [ -89.13262, 39.3839 ], [ -89.13371, 39.38016 ], [ -89.13808, 39.38081 ], [ -89.14313, 39.37646 ], [ -89.14337, 39.37341 ], [ -89.15048, 39.37388 ], [ -89.15833, 39.37085 ], [ -89.16433, 39.36516 ], [ -89.16626, 39.36454 ], [ -89.17171, 39.36768 ], [ -89.17402, 39.3646 ], [ -89.17696, 39.36376 ], [ -89.17504, 39.3621 ], [ -89.1754, 39.35723 ], [ -89.17411, 39.35653 ], [ -89.17726, 39.34955 ], [ -89.17657, 39.3482 ], [ -89.18126, 39.34531 ], [ -89.18123, 39.3428 ], [ -89.18361, 39.34027 ], [ -89.1875, 39.34055 ], [ -89.19474, 39.33285 ], [ -89.19857, 39.33144 ], [ -89.19949, 39.33037 ], [ -89.19763, 39.32601 ], [ -89.20214, 39.32174 ], [ -89.20835, 39.32219 ], [ -89.21097, 39.32391 ], [ -89.21008, 39.3202 ], [ -89.21358, 39.31666 ], [ -89.21094, 39.31265 ], [ -89.21331, 39.31061 ], [ -89.22072, 39.30863 ], [ -89.22448, 39.31003 ], [ -89.2245, 39.31352 ], [ -89.2328, 39.31385 ], [ -89.2401, 39.30865 ], [ -89.25265, 39.30821 ], [ -89.25732, 39.317 ], [ -89.26446, 39.31918 ], [ -89.26119, 39.32227 ], [ -89.26085, 39.32556 ], [ -89.26578, 39.32584 ], [ -89.27003, 39.32938 ], [ -89.27055, 39.34071 ], [ -89.28737, 39.33452 ], [ -89.30018, 39.334 ], [ -89.301, 39.33135 ], [ -89.30468, 39.33294 ], [ -89.30796, 39.33226 ], [ -89.3108, 39.33011 ], [ -89.30728, 39.32641 ], [ -89.30791, 39.32393 ], [ -89.31598, 39.31793 ], [ -89.31769, 39.31233 ], [ -89.32229, 39.30673 ], [ -89.32448, 39.30646 ], [ -89.32845, 39.31227 ], [ -89.33206, 39.3142 ], [ -89.33536, 39.31387 ], [ -89.33957, 39.31763 ], [ -89.34076, 39.3235 ], [ -89.33802, 39.32875 ], [ -89.33872, 39.33646 ], [ -89.34674, 39.34504 ], [ -89.34532, 39.34916 ], [ -89.33968, 39.35489 ], [ -89.35232, 39.35732 ], [ -89.35908, 39.34941 ], [ -89.37129, 39.34494 ], [ -89.37846, 39.34489 ], [ -89.39297, 39.35582 ], [ -89.39764, 39.35264 ], [ -89.39908, 39.34884 ], [ -89.40858, 39.34863 ], [ -89.4225, 39.33656 ], [ -89.42273, 39.33285 ], [ -89.41903, 39.3268 ], [ -89.41681, 39.32618 ], [ -89.42302, 39.3242 ], [ -89.42674, 39.31977 ], [ -89.4311, 39.32164 ], [ -89.43361, 39.32976 ], [ -89.43672, 39.33198 ], [ -89.44498, 39.33119 ], [ -89.45155, 39.32865 ], [ -89.45654, 39.32459 ], [ -89.46493, 39.3135 ], [ -89.47411, 39.31518 ], [ -89.48139, 39.31838 ], [ -89.48863, 39.32996 ], [ -89.49117, 39.33123 ], [ -89.49519, 39.3293 ], [ -89.4981, 39.33115 ], [ -89.50725, 39.33203 ], [ -89.51534, 39.32445 ], [ -89.51542, 39.32983 ], [ -89.52104, 39.33444 ], [ -89.5204, 39.34042 ], [ -89.52257, 39.34304 ], [ -89.52249, 39.34632 ], [ -89.52716, 39.34975 ], [ -89.5377, 39.35013 ], [ -89.54891, 39.355 ], [ -89.54843, 39.36207 ], [ -89.55072, 39.36385 ], [ -89.55079, 39.36694 ], [ -89.55768, 39.37257 ], [ -89.55339, 39.37747 ], [ -89.55103, 39.38424 ], [ -89.56125, 39.39215 ], [ -89.56188, 39.39437 ], [ -89.55959, 39.39543 ], [ -89.55835, 39.40061 ], [ -89.56105, 39.40394 ], [ -89.56565, 39.40033 ], [ -89.56901, 39.40182 ], [ -89.57002, 39.40718 ], [ -89.57477, 39.40829 ], [ -89.58231, 39.4225 ], [ -89.59228, 39.4291 ], [ -89.59162, 39.43499 ], [ -89.59457, 39.44772 ], [ -89.60199, 39.46308 ], [ -89.60693, 39.46147 ], [ -89.60964, 39.45759 ], [ -89.61547, 39.45582 ], [ -89.62386, 39.45508 ], [ -89.62581, 39.45682 ], [ -89.62517, 39.46609 ], [ -89.62253, 39.46779 ], [ -89.62169, 39.47189 ], [ -89.62206, 39.47459 ], [ -89.6248, 39.47632 ], [ -89.62841, 39.47543 ], [ -89.6313, 39.47175 ], [ -89.64759, 39.46312 ], [ -89.65273, 39.46296 ], [ -89.65517, 39.46693 ], [ -89.66271, 39.47047 ], [ -89.66605, 39.46891 ], [ -89.67226, 39.47015 ], [ -89.68059, 39.46158 ], [ -89.6947, 39.45546 ], [ -89.70065, 39.45603 ], [ -89.70302, 39.46754 ], [ -89.70175, 39.47044 ], [ -89.70311, 39.47208 ], [ -89.71219, 39.47151 ], [ -89.72067, 39.46911 ], [ -89.72246, 39.46617 ], [ -89.72554, 39.46562 ], [ -89.72726, 39.46408 ], [ -89.726, 39.46159 ], [ -89.72761, 39.45819 ], [ -89.7323, 39.45749 ], [ -89.73595, 39.46143 ], [ -89.73993, 39.46056 ], [ -89.74093, 39.45839 ], [ -89.74706, 39.45547 ], [ -89.74624, 39.45323 ], [ -89.74853, 39.4528 ], [ -89.75487, 39.45919 ], [ -89.74516, 39.46719 ], [ -89.74878, 39.47025 ], [ -89.74929, 39.47446 ], [ -89.74613, 39.47474 ], [ -89.73733, 39.48215 ], [ -89.73862, 39.48556 ], [ -89.74214, 39.48828 ], [ -89.74925, 39.48333 ], [ -89.75587, 39.49145 ], [ -89.75773, 39.49634 ], [ -89.76523, 39.49629 ], [ -89.77205, 39.48791 ], [ -89.78212, 39.48583 ], [ -89.78209, 39.48299 ], [ -89.78605, 39.48128 ], [ -89.79072, 39.48514 ], [ -89.79858, 39.48588 ], [ -89.79985, 39.481 ], [ -89.79638, 39.478 ], [ -89.79735, 39.47664 ], [ -89.82004, 39.47005 ], [ -89.82913, 39.46997 ], [ -89.83705, 39.46499 ], [ -89.84046, 39.46787 ], [ -89.85207, 39.46988 ], [ -89.85323, 39.47375 ], [ -89.85205, 39.47741 ], [ -89.8551, 39.48022 ], [ -89.86061, 39.47857 ], [ -89.86699, 39.48357 ], [ -89.86885, 39.49103 ], [ -89.86771, 39.49257 ], [ -89.87335, 39.49843 ], [ -89.87431, 39.50194 ], [ -89.87855, 39.50394 ], [ -89.88182, 39.50886 ], [ -89.88077, 39.51316 ], [ -89.87729, 39.51673 ], [ -89.88027, 39.5182 ], [ -89.88364, 39.51737 ], [ -89.89102, 39.52432 ], [ -89.88957, 39.52987 ], [ -89.92015, 39.52714 ], [ -89.92225, 39.5266 ], [ -89.92496, 39.52241 ], [ -89.932, 39.52348 ], [ -89.93727, 39.52188 ], [ -89.93752, 39.51807 ], [ -89.94132, 39.51756 ], [ -89.94637, 39.52372 ], [ -89.94185, 39.52731 ], [ -89.94266, 39.53427 ], [ -89.9388, 39.54067 ], [ -89.93401, 39.54133 ], [ -89.93177, 39.5436 ], [ -89.93205, 39.54678 ], [ -89.92734, 39.54806 ], [ -89.92122, 39.55525 ], [ -89.9188, 39.55418 ], [ -89.91031, 39.55561 ], [ -89.89989, 39.56008 ], [ -89.90014, 39.56717 ], [ -89.89817, 39.5694 ], [ -89.89875, 39.57658 ], [ -89.9367, 39.59474 ], [ -89.9413, 39.59501 ], [ -89.94611, 39.59828 ], [ -89.94745, 39.60209 ], [ -89.95554, 39.60206 ], [ -89.95904, 39.60427 ], [ -89.96937, 39.60644 ], [ -89.97773, 39.61566 ], [ -89.98138, 39.6171 ], [ -89.98194, 39.6212 ], [ -89.98881, 39.62421 ], [ -89.99028, 39.62699 ], [ -89.98818, 39.62985 ], [ -90.00244, 39.63668 ], [ -90.00765, 39.64618 ], [ -90.01256, 39.64895 ], [ -90.01298, 39.65103 ], [ -90.01571, 39.6509 ], [ -90.02023, 39.65906 ], [ -90.02282, 39.66152 ], [ -90.0278, 39.66276 ], [ -90.03176, 39.66892 ], [ -90.0259, 39.67561 ], [ -90.02864, 39.68044 ], [ -90.02804, 39.68563 ], [ -90.02146, 39.6886 ], [ -90.02382, 39.691 ], [ -90.02209, 39.69691 ], [ -90.02245, 39.70363 ], [ -90.0202, 39.70656 ], [ -90.02358, 39.7104 ], [ -90.02334, 39.71215 ], [ -90.01941, 39.71301 ], [ -90.01681, 39.71598 ], [ -90.02001, 39.71778 ], [ -90.01754, 39.72081 ], [ -90.02113, 39.72447 ], [ -90.01712, 39.73462 ], [ -90.01159, 39.73908 ], [ -90.01033, 39.74227 ], [ -90.00197, 39.74636 ], [ -89.99918, 39.75114 ], [ -89.99858, 39.75925 ], [ -89.98594, 39.77349 ], [ -89.98733, 39.77716 ], [ -89.99411, 39.78273 ], [ -90.01716, 39.78537 ], [ -90.02331, 39.79191 ], [ -90.01101, 39.79507 ], [ -90.00356, 39.79538 ], [ -89.99991, 39.79388 ], [ -89.99828, 39.7965 ], [ -89.9942, 39.79695 ] ] ] } },
{ "type": "Feature", "properties": { "usgs_id": "05578000", "area": 13461166308.924278 }, "geometry": { "type": "Polygon", "coordinates": [ [ [ -89.9942, 39.79695 ], [ -89.99618, 39.80063 ], [ -89.99033, 39.8117 ], [ -89.99827, 39.8173 ], [ -89.99655, 39.81948 ], [ -89.98936, 39.8222 ], [ -89.98901, 39.83172 ], [ -89.98266, 39.8398 ], [ -89.98097, 39.85649 ], [ -89.97868, 39.86195 ], [ -89.98293, 39.86418 ], [ -89.9832, 39.86688 ], [ -89.98565, 39.8694 ], [ -89.98639, 39.87777 ], [ -89.98887, 39.87968 ], [ -89.9902, 39.88717 ], [ -89.99766, 39.90058 ], [ -89.99118, 39.90344 ], [ -89.98057, 39.91326 ], [ -89.97107, 39.91092 ], [ -89.95837, 39.9131 ], [ -89.94648, 39.91148 ], [ -89.93183, 39.92242 ], [ -89.93014, 39.92748 ], [ -89.9155, 39.92773 ], [ -89.90961, 39.92996 ], [ -89.88855, 39.93135 ], [ -89.88472, 39.94077 ], [ -89.87853, 39.94779 ], [ -89.87493, 39.96002 ], [ -89.87642, 39.96168 ], [ -89.87524, 39.96837 ], [ -89.87655, 39.97498 ], [ -89.8829, 39.9834 ], [ -89.88944, 39.98344 ], [ -89.87648, 39.99532 ], [ -89.87669, 40.00069 ], [ -89.87846, 40.00384 ], [ -89.87423, 40.00913 ], [ -89.87197, 40.00916 ], [ -89.87136, 40.01086 ], [ -89.86628, 40.01329 ], [ -89.86551, 40.01086 ], [ -89.86411, 40.01115 ], [ -89.85698, 40.01592 ], [ -89.85293, 40.015 ], [ -89.85047, 40.01703 ], [ -89.84672, 40.01532 ], [ -89.84367, 40.01578 ], [ -89.84263, 40.01783 ], [ -89.83719, 40.01806 ], [ -89.83382, 40.01641 ], [ -89.83358, 40.01345 ], [ -89.83001, 40.01376 ], [ -89.82932, 40.01236 ], [ -89.8075, 40.01349 ], [ -89.80719, 40.0096 ], [ -89.80319, 40.00739 ], [ -89.79787, 40.00826 ], [ -89.79146, 40.00333 ], [ -89.79358, 39.99941 ], [ -89.79063, 39.99874 ], [ -89.78641, 39.98778 ], [ -89.78166, 39.98711 ], [ -89.77793, 39.98914 ], [ -89.77294, 39.98673 ], [ -89.76939, 39.98742 ], [ -89.76595, 39.98472 ], [ -89.74692, 39.98851 ], [ -89.7356, 39.98662 ], [ -89.72718, 39.99091 ], [ -89.71859, 39.99258 ], [ -89.71486, 39.99251 ], [ -89.71379, 39.99023 ], [ -89.70856, 39.98754 ], [ -89.69807, 39.98979 ], [ -89.68626, 39.98609 ], [ -89.68567, 39.98793 ], [ -89.67786, 39.99015 ], [ -89.67457, 39.99709 ], [ -89.67462, 40.00145 ], [ -89.66707, 40.00842 ], [ -89.66493, 40.01235 ], [ -89.66543, 40.01724 ], [ -89.66956, 40.0251 ], [ -89.65947, 40.02642 ], [ -89.64655, 40.02478 ], [ -89.63916, 40.02799 ], [ -89.62858, 40.02898 ], [ -89.6161, 40.0254 ], [ -89.61683, 40.01859 ], [ -89.61118, 40.00486 ], [ -89.57818, 40.00964 ], [ -89.57423, 40.00699 ], [ -89.57365, 40.00338 ], [ -89.563, 40.01374 ], [ -89.55196, 40.01739 ], [ -89.5465, 40.01675 ], [ -89.5388, 40.00551 ], [ -89.5328, 40.0052 ], [ -89.52237, 40.001 ], [ -89.52107, 39.99785 ], [ -89.51145, 39.99562 ], [ -89.50675, 39.99485 ], [ -89.49457, 39.99723 ], [ -89.48216, 40.0051 ], [ -89.47356, 40.00176 ], [ -89.47031, 39.99483 ], [ -89.46623, 39.99274 ], [ -89.46841, 39.99016 ], [ -89.46713, 39.98802 ], [ -89.46774, 39.98341 ], [ -89.46566, 39.98131 ], [ -89.46276, 39.97243 ], [ -89.45096, 39.96833 ], [ -89.44773, 39.96411 ], [ -89.44923, 39.96229 ], [ -89.44792, 39.95962 ], [ -89.4491, 39.95857 ], [ -89.44611, 39.95581 ], [ -89.44562, 39.95006 ], [ -89.441, 39.94783 ], [ -89.43872, 39.94251 ], [ -89.43665, 39.94125 ], [ -89.43432, 39.92923 ], [ -89.43689, 39.92519 ], [ -89.43644, 39.92118 ], [ -89.42937, 39.91808 ], [ -89.42784, 39.91389 ], [ -89.42214, 39.9118 ], [ -89.42757, 39.90465 ], [ -89.42565, 39.90183 ], [ -89.41432, 39.90414 ], [ -89.41294, 39.90305 ], [ -89.4133, 39.89705 ], [ -89.40937, 39.89467 ], [ -89.40431, 39.89342 ], [ -89.39519, 39.89414 ], [ -89.39367, 39.89567 ], [ -89.3888, 39.89514 ], [ -89.38678, 39.8913 ], [ -89.37849, 39.89058 ], [ -89.37646, 39.88835 ], [ -89.3679, 39.88872 ], [ -89.36404, 39.88426 ], [ -89.3594, 39.88236 ], [ -89.36025, 39.87571 ], [ -89.3589, 39.87378 ], [ -89.32131, 39.87413 ], [ -89.30253, 39.86525 ], [ -89.30237, 39.86293 ], [ -89.30073, 39.86248 ], [ -89.29589, 39.86383 ], [ -89.29364, 39.86172 ], [ -89.29021, 39.86509 ], [ -89.27871, 39.86576 ], [ -89.27783, 39.87048 ], [ -89.27067, 39.87388 ], [ -89.26601, 39.8697 ], [ -89.25954, 39.87093 ], [ -89.25924, 39.87652 ], [ -89.25418, 39.87957 ], [ -89.25046, 39.88416 ], [ -89.2592, 39.89418 ], [ -89.25967, 39.89633 ], [ -89.25798, 39.89838 ], [ -89.26604, 39.90518 ], [ -89.27105, 39.90674 ], [ -89.27194, 39.91242 ], [ -89.26656, 39.91266 ], [ -89.26429, 39.91395 ], [ -89.26428, 39.91605 ], [ -89.25738, 39.91398 ], [ -89.25228, 39.90722 ], [ -89.25005, 39.90703 ], [ -89.24528, 39.91087 ], [ -89.24096, 39.90969 ], [ -89.2369, 39.91157 ], [ -89.23927, 39.91418 ], [ -89.23777, 39.91541 ], [ -89.23864, 39.91803 ], [ -89.23086, 39.92499 ], [ -89.22373, 39.92295 ], [ -89.22595, 39.91998 ], [ -89.22556, 39.91816 ], [ -89.22226, 39.91788 ], [ -89.21403, 39.91905 ], [ -89.21652, 39.9221 ], [ -89.21335, 39.92398 ], [ -89.20301, 39.9214 ], [ -89.1935, 39.92514 ], [ -89.18855, 39.92418 ], [ -89.1848, 39.92544 ], [ -89.18254, 39.92275 ], [ -89.18419, 39.9194 ], [ -89.18276, 39.91609 ], [ -89.17494, 39.91609 ], [ -89.1717, 39.9132 ], [ -89.16646, 39.91203 ], [ -89.16586, 39.91113 ], [ -89.16833, 39.90984 ], [ -89.16763, 39.90855 ], [ -89.15958, 39.91065 ], [ -89.15371, 39.90514 ], [ -89.14446, 39.89049 ], [ -89.13962, 39.8907 ], [ -89.13428, 39.89382 ], [ -89.13216, 39.8925 ], [ -89.12645, 39.89326 ], [ -89.11449, 39.89998 ], [ -89.10512, 39.89696 ], [ -89.10033, 39.89947 ], [ -89.09183, 39.89712 ], [ -89.07526, 39.90145 ], [ -89.06873, 39.90861 ], [ -89.06885, 39.91257 ], [ -89.06492, 39.91723 ], [ -89.06345, 39.92818 ], [ -89.05273, 39.92427 ], [ -89.04511, 39.92488 ], [ -89.04044, 39.92756 ], [ -89.03932, 39.92614 ], [ -89.03485, 39.93316 ], [ -89.02909, 39.93318 ], [ -89.02624, 39.93471 ], [ -89.02549, 39.93669 ], [ -89.0283, 39.94064 ], [ -89.02619, 39.94249 ], [ -89.03075, 39.94677 ], [ -89.02834, 39.94992 ], [ -89.02912, 39.95259 ], [ -89.02798, 39.95344 ], [ -89.02546, 39.95201 ], [ -89.02282, 39.95507 ], [ -89.01674, 39.95711 ], [ -89.01622, 39.961 ], [ -89.01034, 39.96279 ], [ -89.00089, 39.97024 ], [ -89.00379, 39.97185 ], [ -89.00476, 39.97647 ], [ -89.0103, 39.98161 ], [ -89.00841, 39.98479 ], [ -89.01595, 39.99221 ], [ -89.00872, 39.9987 ], [ -89.00693, 40.00217 ], [ -89.00817, 40.00499 ], [ -89.00493, 40.00639 ], [ -89.00265, 40.00993 ], [ -88.99617, 40.01068 ], [ -88.98943, 40.01514 ], [ -88.99685, 40.01617 ], [ -89.0002, 40.01842 ], [ -88.99986, 40.0218 ], [ -89.00697, 40.02326 ], [ -89.01131, 40.02687 ], [ -89.01449, 40.03339 ], [ -89.00663, 40.03376 ], [ -89.00462, 40.03107 ], [ -88.9954, 40.02965 ], [ -88.98814, 40.03075 ], [ -88.98567, 40.03316 ], [ -88.9845, 40.03267 ], [ -88.98491, 40.03035 ], [ -88.98059, 40.02967 ], [ -88.97637, 40.03086 ], [ -88.97318, 40.03474 ], [ -88.97323, 40.03902 ], [ -88.96246, 40.04014 ], [ -88.95863, 40.03726 ], [ -88.9516, 40.03536 ], [ -88.94866, 40.03841 ], [ -88.94558, 40.03742 ], [ -88.92897, 40.04113 ], [ -88.92055, 40.0458 ], [ -88.9172, 40.04913 ], [ -88.91682, 40.0517 ], [ -88.92327, 40.05844 ], [ -88.91634, 40.05844 ], [ -88.91233, 40.06095 ], [ -88.91211, 40.06302 ], [ -88.90844, 40.06363 ], [ -88.90901, 40.06628 ], [ -88.90302, 40.0724 ], [ -88.90424, 40.07558 ], [ -88.90837, 40.07698 ], [ -88.90842, 40.07888 ], [ -88.91607, 40.08501 ], [ -88.91463, 40.09167 ], [ -88.91159, 40.09409 ], [ -88.91714, 40.10071 ], [ -88.91463, 40.10286 ], [ -88.9002, 40.1071 ], [ -88.89322, 40.11259 ], [ -88.8908, 40.11677 ], [ -88.88642, 40.11527 ], [ -88.8858, 40.11329 ], [ -88.87837, 40.11237 ], [ -88.86962, 40.11557 ], [ -88.86802, 40.1221 ], [ -88.85837, 40.12783 ], [ -88.85509, 40.12344 ], [ -88.85209, 40.12326 ], [ -88.84853, 40.1201 ], [ -88.84281, 40.12096 ], [ -88.84138, 40.12318 ], [ -88.83382, 40.12331 ], [ -88.82931, 40.12751 ], [ -88.8245, 40.1283 ], [ -88.81974, 40.12767 ], [ -88.81878, 40.12614 ], [ -88.81982, 40.12496 ], [ -88.81699, 40.12417 ], [ -88.81371, 40.12582 ], [ -88.80695, 40.12564 ], [ -88.8063, 40.12775 ], [ -88.78983, 40.13172 ], [ -88.78239, 40.12889 ], [ -88.77733, 40.13048 ], [ -88.77357, 40.12809 ], [ -88.77055, 40.13162 ], [ -88.76703, 40.133 ], [ -88.76926, 40.13606 ], [ -88.77688, 40.14081 ], [ -88.78204, 40.14017 ], [ -88.78296, 40.14193 ], [ -88.78622, 40.14214 ], [ -88.7844, 40.14684 ], [ -88.77069, 40.15192 ], [ -88.77122, 40.15334 ], [ -88.76718, 40.15702 ], [ -88.76317, 40.15743 ], [ -88.76467, 40.15976 ], [ -88.76393, 40.16307 ], [ -88.75492, 40.16858 ], [ -88.74496, 40.17188 ], [ -88.74498, 40.17692 ], [ -88.73615, 40.18287 ], [ -88.73557, 40.18488 ], [ -88.71932, 40.18265 ], [ -88.7138, 40.1875 ], [ -88.70603, 40.18709 ], [ -88.69825, 40.19318 ], [ -88.6944, 40.19303 ], [ -88.69159, 40.19507 ], [ -88.6951, 40.19871 ], [ -88.68942, 40.20329 ], [ -88.68496, 40.20357 ], [ -88.68154, 40.20186 ], [ -88.68135, 40.19912 ], [ -88.67129, 40.19741 ], [ -88.66686, 40.19282 ], [ -88.66086, 40.18957 ], [ -88.64671, 40.19109 ], [ -88.64123, 40.18974 ], [ -88.63328, 40.19437 ], [ -88.62808, 40.19018 ], [ -88.61978, 40.19008 ], [ -88.6145, 40.19246 ], [ -88.60217, 40.19066 ], [ -88.59991, 40.19319 ], [ -88.59539, 40.1916 ], [ -88.5864, 40.19272 ], [ -88.58528, 40.19591 ], [ -88.57931, 40.19342 ], [ -88.57451, 40.1979 ], [ -88.57147, 40.19505 ], [ -88.5697, 40.19525 ], [ -88.56875, 40.19701 ], [ -88.56457, 40.19745 ], [ -88.56315, 40.19921 ], [ -88.55389, 40.20038 ], [ -88.5452, 40.20379 ], [ -88.54242, 40.20623 ], [ -88.54317, 40.20944 ], [ -88.54195, 40.21038 ], [ -88.53846, 40.21161 ], [ -88.5368, 40.20911 ], [ -88.53392, 40.20891 ], [ -88.52739, 40.21067 ], [ -88.5289, 40.21441 ], [ -88.52858, 40.21643 ], [ -88.52646, 40.21749 ], [ -88.52853, 40.21815 ], [ -88.52875, 40.22096 ], [ -88.52531, 40.22692 ], [ -88.52608, 40.22882 ], [ -88.52921, 40.22983 ], [ -88.53111, 40.23442 ], [ -88.525, 40.23633 ], [ -88.5245, 40.23781 ], [ -88.51394, 40.23824 ], [ -88.51217, 40.24485 ], [ -88.51365, 40.25063 ], [ -88.50638, 40.2606 ], [ -88.50534, 40.26557 ], [ -88.51132, 40.26706 ], [ -88.5138, 40.26989 ], [ -88.51439, 40.2713 ], [ -88.51078, 40.27624 ], [ -88.51237, 40.278 ], [ -88.51338, 40.28538 ], [ -88.51791, 40.29033 ], [ -88.51631, 40.29383 ], [ -88.51983, 40.29874 ], [ -88.52844, 40.30635 ], [ -88.52736, 40.31452 ], [ -88.53156, 40.31811 ], [ -88.53838, 40.32002 ], [ -88.54099, 40.32419 ], [ -88.53538, 40.3289 ], [ -88.53545, 40.33125 ], [ -88.53157, 40.33572 ], [ -88.53294, 40.33778 ], [ -88.5318, 40.3403 ], [ -88.53429, 40.34044 ], [ -88.53754, 40.34404 ], [ -88.53625, 40.35038 ], [ -88.53762, 40.35376 ], [ -88.53639, 40.35754 ], [ -88.53776, 40.35844 ], [ -88.53332, 40.3702 ], [ -88.53415, 40.3759 ], [ -88.53048, 40.38024 ], [ -88.53179, 40.38689 ], [ -88.52628, 40.39638 ], [ -88.52907, 40.4058 ], [ -88.52841, 40.41136 ], [ -88.54219, 40.41988 ], [ -88.5492, 40.42003 ], [ -88.55096, 40.4225 ], [ -88.55431, 40.42248 ], [ -88.55613, 40.41828 ], [ -88.5602, 40.41746 ], [ -88.56681, 40.42268 ], [ -88.57499, 40.41967 ], [ -88.57625, 40.41787 ], [ -88.59619, 40.41176 ], [ -88.59786, 40.40939 ], [ -88.60301, 40.40763 ], [ -88.6145, 40.40775 ], [ -88.61917, 40.40528 ], [ -88.62486, 40.40692 ], [ -88.63151, 40.40579 ], [ -88.63914, 40.40812 ], [ -88.64481, 40.40554 ], [ -88.65562, 40.4084 ], [ -88.6566, 40.40708 ], [ -88.6606, 40.40896 ], [ -88.66676, 40.40796 ], [ -88.66738, 40.41 ], [ -88.67644, 40.41055 ], [ -88.68105, 40.40855 ], [ -88.69097, 40.4096 ], [ -88.69282, 40.40774 ], [ -88.69641, 40.41172 ], [ -88.70119, 40.41216 ], [ -88.70368, 40.42544 ], [ -88.70856, 40.42486 ], [ -88.71721, 40.42795 ], [ -88.71802, 40.43228 ], [ -88.71484, 40.43558 ], [ -88.72646, 40.44151 ], [ -88.72874, 40.44084 ], [ -88.72937, 40.44289 ], [ -88.73348, 40.44464 ], [ -88.73505, 40.44469 ], [ -88.73562, 40.44285 ], [ -88.74244, 40.44364 ], [ -88.74284, 40.45223 ], [ -88.75666, 40.45779 ], [ -88.7575, 40.45901 ], [ -88.75035, 40.46337 ], [ -88.7503, 40.4661 ], [ -88.74702, 40.46888 ], [ -88.73208, 40.46704 ], [ -88.70819, 40.4602 ], [ -88.6853, 40.45962 ], [ -88.67109, 40.45388 ], [ -88.65387, 40.45598 ], [ -88.64923, 40.45364 ], [ -88.64269, 40.4535 ], [ -88.62615, 40.45661 ], [ -88.6206, 40.45592 ], [ -88.61795, 40.45838 ], [ -88.61764, 40.46116 ], [ -88.61081, 40.46048 ], [ -88.60906, 40.4629 ], [ -88.6064, 40.46328 ], [ -88.60301, 40.46877 ], [ -88.60378, 40.47109 ], [ -88.60213, 40.47177 ], [ -88.59734, 40.47029 ], [ -88.58687, 40.47281 ], [ -88.58493, 40.47095 ], [ -88.57951, 40.47055 ], [ -88.56152, 40.47488 ], [ -88.55661, 40.47778 ], [ -88.54375, 40.4721 ], [ -88.53871, 40.4725 ], [ -88.53398, 40.46964 ], [ -88.53132, 40.47109 ], [ -88.52162, 40.47105 ], [ -88.51238, 40.46744 ], [ -88.50944, 40.46819 ], [ -88.50886, 40.47144 ], [ -88.50427, 40.47259 ], [ -88.50415, 40.4757 ], [ -88.499, 40.47957 ], [ -88.49908, 40.48289 ], [ -88.4969, 40.48373 ], [ -88.49498, 40.48729 ], [ -88.49153, 40.48861 ], [ -88.48881, 40.48762 ], [ -88.48429, 40.48977 ], [ -88.47974, 40.49542 ], [ -88.47756, 40.49427 ], [ -88.47128, 40.49817 ], [ -88.46761, 40.49774 ], [ -88.46235, 40.50245 ], [ -88.46262, 40.50516 ], [ -88.45744, 40.5062 ], [ -88.45802, 40.50763 ], [ -88.45065, 40.51057 ], [ -88.44601, 40.51525 ], [ -88.44133, 40.51625 ], [ -88.44045, 40.52192 ], [ -88.43762, 40.52506 ], [ -88.434, 40.52629 ], [ -88.43298, 40.52964 ], [ -88.41983, 40.5347 ], [ -88.41753, 40.53639 ], [ -88.41773, 40.53819 ], [ -88.41223, 40.54065 ], [ -88.41224, 40.54233 ], [ -88.40612, 40.54308 ], [ -88.40542, 40.54552 ], [ -88.39831, 40.54925 ], [ -88.39439, 40.54969 ], [ -88.39162, 40.54777 ], [ -88.38685, 40.54748 ], [ -88.38552, 40.54568 ], [ -88.38246, 40.55235 ], [ -88.38216, 40.55913 ], [ -88.37152, 40.56275 ], [ -88.36652, 40.56696 ], [ -88.35733, 40.56118 ], [ -88.35595, 40.55548 ], [ -88.35427, 40.5542 ], [ -88.35644, 40.5505 ], [ -88.35345, 40.54711 ], [ -88.35378, 40.54398 ], [ -88.35169, 40.54364 ], [ -88.34997, 40.54068 ], [ -88.34943, 40.53341 ], [ -88.34735, 40.53239 ], [ -88.34644, 40.52708 ], [ -88.335, 40.51899 ], [ -88.33558, 40.51495 ], [ -88.33795, 40.51368 ], [ -88.33509, 40.51006 ], [ -88.33604, 40.5079 ], [ -88.33371, 40.50289 ], [ -88.33521, 40.50046 ], [ -88.33033, 40.48592 ], [ -88.31506, 40.48473 ], [ -88.30823, 40.47988 ], [ -88.3086, 40.47667 ], [ -88.30557, 40.47365 ], [ -88.30915, 40.46892 ], [ -88.30673, 40.4611 ], [ -88.30911, 40.46074 ], [ -88.31003, 40.45836 ], [ -88.30575, 40.45805 ], [ -88.30275, 40.45578 ], [ -88.29706, 40.45569 ], [ -88.29455, 40.45258 ], [ -88.29376, 40.44662 ], [ -88.29116, 40.44525 ], [ -88.28264, 40.44548 ], [ -88.26631, 40.43989 ], [ -88.26364, 40.43661 ], [ -88.25264, 40.43511 ], [ -88.24968, 40.43228 ], [ -88.24789, 40.42742 ], [ -88.22836, 40.41294 ], [ -88.22186, 40.41346 ], [ -88.21866, 40.41098 ], [ -88.2171, 40.41258 ], [ -88.21155, 40.41282 ], [ -88.2067, 40.41072 ], [ -88.2054, 40.40794 ], [ -88.2003, 40.40723 ], [ -88.20107, 40.40528 ], [ -88.19896, 40.40372 ], [ -88.19463, 40.40399 ], [ -88.1907, 40.39924 ], [ -88.19334, 40.39866 ], [ -88.19066, 40.39588 ], [ -88.19374, 40.39408 ], [ -88.19348, 40.39279 ], [ -88.18938, 40.38996 ], [ -88.18512, 40.39035 ], [ -88.17588, 40.3854 ], [ -88.17267, 40.38247 ], [ -88.17261, 40.37656 ], [ -88.1706, 40.37417 ], [ -88.16753, 40.37491 ], [ -88.16018, 40.36926 ], [ -88.15945, 40.37046 ], [ -88.15788, 40.36936 ], [ -88.15188, 40.37004 ], [ -88.15272, 40.36607 ], [ -88.15117, 40.36548 ], [ -88.15161, 40.36374 ], [ -88.14567, 40.35439 ], [ -88.14677, 40.3509 ], [ -88.14434, 40.34922 ], [ -88.14604, 40.34714 ], [ -88.14315, 40.34343 ], [ -88.14237, 40.3385 ], [ -88.14671, 40.33136 ], [ -88.14399, 40.32983 ], [ -88.14522, 40.3227 ], [ -88.1544, 40.31526 ], [ -88.15715, 40.3156 ], [ -88.15897, 40.31404 ], [ -88.16044, 40.30836 ], [ -88.17266, 40.30777 ], [ -88.17484, 40.30246 ], [ -88.18133, 40.29899 ], [ -88.18427, 40.30285 ], [ -88.1873, 40.30159 ], [ -88.18858, 40.3009 ], [ -88.18749, 40.2982 ], [ -88.19184, 40.29252 ], [ -88.19535, 40.29286 ], [ -88.20171, 40.28888 ], [ -88.20894, 40.28778 ], [ -88.21498, 40.27971 ], [ -88.22442, 40.27924 ], [ -88.22399, 40.27602 ], [ -88.22717, 40.27548 ], [ -88.2293, 40.27134 ], [ -88.2382, 40.2734 ], [ -88.23961, 40.27054 ], [ -88.23797, 40.26792 ], [ -88.23416, 40.267 ], [ -88.23341, 40.26404 ], [ -88.23649, 40.26282 ], [ -88.23992, 40.26388 ], [ -88.24952, 40.25987 ], [ -88.25253, 40.26031 ], [ -88.25922, 40.25225 ], [ -88.26278, 40.25109 ], [ -88.26252, 40.24875 ], [ -88.26665, 40.24704 ], [ -88.26734, 40.24414 ], [ -88.27635, 40.23613 ], [ -88.28201, 40.22783 ], [ -88.28839, 40.22419 ], [ -88.29553, 40.21499 ], [ -88.29889, 40.21463 ], [ -88.30189, 40.20962 ], [ -88.30096, 40.20794 ], [ -88.30792, 40.20299 ], [ -88.31126, 40.19183 ], [ -88.31653, 40.18676 ], [ -88.31677, 40.18452 ], [ -88.31863, 40.18296 ], [ -88.32543, 40.18606 ], [ -88.33158, 40.18491 ], [ -88.33682, 40.18622 ], [ -88.34147, 40.18433 ], [ -88.34243, 40.17923 ], [ -88.34609, 40.17482 ], [ -88.34417, 40.17139 ], [ -88.35181, 40.16783 ], [ -88.36605, 40.1505 ], [ -88.37293, 40.13697 ], [ -88.37967, 40.11867 ], [ -88.3844, 40.11756 ], [ -88.39043, 40.11299 ], [ -88.38802, 40.10923 ], [ -88.38965, 40.10485 ], [ -88.39735, 40.09916 ], [ -88.39735, 40.09747 ], [ -88.40798, 40.08523 ], [ -88.41189, 40.07742 ], [ -88.4343, 40.06392 ], [ -88.44393, 40.06301 ], [ -88.44683, 40.06087 ], [ -88.44858, 40.05327 ], [ -88.45457, 40.05043 ], [ -88.45939, 40.0429 ], [ -88.46113, 40.03581 ], [ -88.45965, 40.03128 ], [ -88.46434, 40.03048 ], [ -88.46637, 40.02818 ], [ -88.46847, 40.02027 ], [ -88.46701, 40.01919 ], [ -88.47939, 40.01261 ], [ -88.48837, 40.01572 ], [ -88.49095, 40.0143 ], [ -88.49479, 40.0159 ], [ -88.51194, 40.00825 ], [ -88.52134, 40.00609 ], [ -88.52513, 40.00222 ], [ -88.52682, 40.00264 ], [ -88.53429, 39.99834 ], [ -88.53551, 39.99848 ], [ -88.5362, 40.00209 ], [ -88.5402, 40.00224 ], [ -88.55715, 39.99881 ], [ -88.55731, 39.99339 ], [ -88.55948, 39.98954 ], [ -88.56342, 39.98905 ], [ -88.57624, 39.97917 ], [ -88.57996, 39.97178 ], [ -88.57923, 39.96636 ], [ -88.57328, 39.96208 ], [ -88.57284, 39.9591 ], [ -88.57508, 39.9572 ], [ -88.57355, 39.95331 ], [ -88.58672, 39.94785 ], [ -88.58682, 39.95022 ], [ -88.59042, 39.95378 ], [ -88.60259, 39.95488 ], [ -88.60081, 39.95304 ], [ -88.59924, 39.9432 ], [ -88.60399, 39.93969 ], [ -88.61444, 39.94162 ], [ -88.62363, 39.93588 ], [ -88.63822, 39.93099 ], [ -88.6436, 39.92587 ], [ -88.65127, 39.9258 ], [ -88.6631, 39.92993 ], [ -88.67069, 39.93008 ], [ -88.68358, 39.92631 ], [ -88.68952, 39.9198 ], [ -88.69252, 39.9104 ], [ -88.69587, 39.90817 ], [ -88.69721, 39.90445 ], [ -88.70226, 39.90241 ], [ -88.71145, 39.90387 ], [ -88.72373, 39.8985 ], [ -88.73183, 39.88923 ], [ -88.73199, 39.88713 ], [ -88.73826, 39.88281 ], [ -88.7393, 39.87544 ], [ -88.7409, 39.87581 ], [ -88.75004, 39.86845 ], [ -88.75125, 39.86673 ], [ -88.75099, 39.85883 ], [ -88.75566, 39.85299 ], [ -88.7568, 39.84745 ], [ -88.76557, 39.84009 ], [ -88.76898, 39.83337 ], [ -88.76788, 39.82342 ], [ -88.76953, 39.81761 ], [ -88.76402, 39.81018 ], [ -88.76305, 39.80314 ], [ -88.76315, 39.80125 ], [ -88.76694, 39.79915 ], [ -88.76387, 39.79634 ], [ -88.76709, 39.78698 ], [ -88.77065, 39.78216 ], [ -88.76844, 39.77316 ], [ -88.76953, 39.76472 ], [ -88.77793, 39.76125 ], [ -88.78085, 39.75633 ], [ -88.7866, 39.7529 ], [ -88.79108, 39.75251 ], [ -88.79511, 39.74921 ], [ -88.79566, 39.74619 ], [ -88.80479, 39.74178 ], [ -88.80846, 39.74288 ], [ -88.81327, 39.74018 ], [ -88.81262, 39.73612 ], [ -88.81629, 39.73403 ], [ -88.81588, 39.73192 ], [ -88.82424, 39.72989 ], [ -88.82744, 39.72648 ], [ -88.83535, 39.7242 ], [ -88.83703, 39.7223 ], [ -88.8519, 39.72268 ], [ -88.85505, 39.72077 ], [ -88.85509, 39.71452 ], [ -88.86066, 39.71008 ], [ -88.87158, 39.71124 ], [ -88.87447, 39.70856 ], [ -88.87291, 39.69912 ], [ -88.87517, 39.6978 ], [ -88.87826, 39.69198 ], [ -88.87421, 39.68779 ], [ -88.87078, 39.68005 ], [ -88.87031, 39.67138 ], [ -88.87609, 39.6638 ], [ -88.88034, 39.65317 ], [ -88.88242, 39.64624 ], [ -88.87979, 39.6419 ], [ -88.88756, 39.63277 ], [ -88.8857, 39.62722 ], [ -88.88665, 39.61975 ], [ -88.89241, 39.61379 ], [ -88.89651, 39.60665 ], [ -88.89501, 39.59997 ], [ -88.89944, 39.59176 ], [ -88.88961, 39.58506 ], [ -88.88847, 39.57706 ], [ -88.88367, 39.57326 ], [ -88.88375, 39.56863 ], [ -88.87895, 39.56546 ], [ -88.87919, 39.56084 ], [ -88.874, 39.54935 ], [ -88.87464, 39.54617 ], [ -88.87966, 39.54316 ], [ -88.88158, 39.53995 ], [ -88.88062, 39.53404 ], [ -88.88487, 39.52327 ], [ -88.88484, 39.52057 ], [ -88.87923, 39.51597 ], [ -88.88155, 39.51301 ], [ -88.88216, 39.50057 ], [ -88.8916, 39.49706 ], [ -88.90059, 39.49831 ], [ -88.90249, 39.50044 ], [ -88.90765, 39.50123 ], [ -88.91905, 39.49924 ], [ -88.92232, 39.5019 ], [ -88.92496, 39.49942 ], [ -88.92838, 39.49902 ], [ -88.94425, 39.50093 ], [ -88.94692, 39.50263 ], [ -88.95092, 39.49874 ], [ -88.95353, 39.49829 ], [ -88.95906, 39.50083 ], [ -88.96458, 39.49762 ], [ -88.97761, 39.4939 ], [ -88.99499, 39.49112 ], [ -88.99274, 39.48198 ], [ -88.99673, 39.47605 ], [ -89.00205, 39.47299 ], [ -89.00147, 39.47012 ], [ -89.00657, 39.46446 ], [ -89.01224, 39.4604 ], [ -89.01051, 39.45779 ], [ -89.01315, 39.45389 ], [ -89.01294, 39.45159 ], [ -89.01892, 39.44817 ], [ -89.01265, 39.4422 ], [ -89.0163, 39.43678 ], [ -89.01612, 39.43474 ], [ -89.01247, 39.43265 ], [ -89.01336, 39.42907 ], [ -89.02065, 39.42462 ], [ -89.01834, 39.4232 ], [ -89.02472, 39.41736 ], [ -89.027, 39.41201 ], [ -89.034, 39.41078 ], [ -89.03655, 39.406 ], [ -89.03183, 39.39843 ], [ -89.0364, 39.39493 ], [ -89.04264, 39.39783 ], [ -89.04522, 39.39632 ], [ -89.04941, 39.40182 ], [ -89.06125, 39.40664 ], [ -89.06699, 39.40402 ], [ -89.06817, 39.40864 ], [ -89.07148, 39.40817 ], [ -89.07766, 39.40003 ], [ -89.08176, 39.39878 ], [ -89.08493, 39.38877 ], [ -89.09667, 39.38823 ], [ -89.10272, 39.39069 ], [ -89.11993, 39.38779 ], [ -89.12488, 39.38374 ], [ -89.13262, 39.3839 ], [ -89.13371, 39.38016 ], [ -89.13808, 39.38081 ], [ -89.14313, 39.37646 ], [ -89.14337, 39.37341 ], [ -89.15048, 39.37388 ], [ -89.15833, 39.37085 ], [ -89.16433, 39.36516 ], [ -89.16626, 39.36454 ], [ -89.17171, 39.36768 ], [ -89.17402, 39.3646 ], [ -89.17696, 39.36376 ], [ -89.17504, 39.3621 ], [ -89.1754, 39.35723 ], [ -89.17411, 39.35653 ], [ -89.17726, 39.34955 ], [ -89.17657, 39.3482 ], [ -89.18126, 39.34531 ], [ -89.18123, 39.3428 ], [ -89.18361, 39.34027 ], [ -89.1875, 39.34055 ], [ -89.19474, 39.33285 ], [ -89.19857, 39.33144 ], [ -89.19949, 39.33037 ], [ -89.19763, 39.32601 ], [ -89.20214, 39.32174 ], [ -89.20835, 39.32219 ], [ -89.21097, 39.32391 ], [ -89.21008, 39.3202 ], [ -89.21358, 39.31666 ], [ -89.21094, 39.31265 ], [ -89.21331, 39.31061 ], [ -89.22072, 39.30863 ], [ -89.22448, 39.31003 ], [ -89.2245, 39.31352 ], [ -89.2328, 39.31385 ], [ -89.2401, 39.30865 ], [ -89.25265, 39.30821 ], [ -89.25732, 39.317 ], [ -89.26446, 39.31918 ], [ -89.26119, 39.32227 ], [ -89.26085, 39.32556 ], [ -89.26578, 39.32584 ], [ -89.27003, 39.32938 ], [ -89.27055, 39.34071 ], [ -89.28737, 39.33452 ], [ -89.30018, 39.334 ], [ -89.301, 39.33135 ], [ -89.30468, 39.33294 ], [ -89.30796, 39.33226 ], [ -89.3108, 39.33011 ], [ -89.30728, 39.32641 ], [ -89.30791, 39.32393 ], [ -89.31598, 39.31793 ], [ -89.31769, 39.31233 ], [ -89.32229, 39.30673 ], [ -89.32448, 39.30646 ], [ -89.32845, 39.31227 ], [ -89.33206, 39.3142 ], [ -89.33536, 39.31387 ], [ -89.33957, 39.31763 ], [ -89.34076, 39.3235 ], [ -89.33802, 39.32875 ], [ -89.33872, 39.33646 ], [ -89.34674, 39.34504 ], [ -89.34532, 39.34916 ], [ -89.33968, 39.35489 ], [ -89.35232, 39.35732 ], [ -89.35908, 39.34941 ], [ -89.37129, 39.34494 ], [ -89.37846, 39.34489 ], [ -89.39297, 39.35582 ], [ -89.39764, 39.35264 ], [ -89.39908, 39.34884 ], [ -89.40858, 39.34863 ], [ -89.4225, 39.33656 ], [ -89.42273, 39.33285 ], [ -89.41903, 39.3268 ], [ -89.41681, 39.32618 ], [ -89.42302, 39.3242 ], [ -89.42674, 39.31977 ], [ -89.4311, 39.32164 ], [ -89.43361, 39.32976 ], [ -89.43672, 39.33198 ], [ -89.44498, 39.33119 ], [ -89.45155, 39.32865 ], [ -89.45654, 39.32459 ], [ -89.46493, 39.3135 ], [ -89.47411, 39.31518 ], [ -89.48139, 39.31838 ], [ -89.48863, 39.32996 ], [ -89.49117, 39.33123 ], [ -89.49519, 39.3293 ], [ -89.4981, 39.33115 ], [ -89.50725, 39.33203 ], [ -89.51534, 39.32445 ], [ -89.51542, 39.32983 ], [ -89.52104, 39.33444 ], [ -89.5204, 39.34042 ], [ -89.52257, 39.34304 ], [ -89.52249, 39.34632 ], [ -89.52716, 39.34975 ], [ -89.5377, 39.35013 ], [ -89.54891, 39.355 ], [ -89.54843, 39.36207 ], [ -89.55072, 39.36385 ], [ -89.55079, 39.36694 ], [ -89.55768, 39.37257 ], [ -89.55339, 39.37747 ], [ -89.55103, 39.38424 ], [ -89.56125, 39.39215 ], [ -89.56188, 39.39437 ], [ -89.55959, 39.39543 ], [ -89.55835, 39.40061 ], [ -89.56105, 39.40394 ], [ -89.56565, 39.40033 ], [ -89.56901, 39.40182 ], [ -89.57002, 39.40718 ], [ -89.57477, 39.40829 ], [ -89.58231, 39.4225 ], [ -89.59228, 39.4291 ], [ -89.59162, 39.43499 ], [ -89.59457, 39.44772 ], [ -89.60199, 39.46308 ], [ -89.60693, 39.46147 ], [ -89.60964, 39.45759 ], [ -89.61547, 39.45582 ], [ -89.62386, 39.45508 ], [ -89.62581, 39.45682 ], [ -89.62517, 39.46609 ], [ -89.62253, 39.46779 ], [ -89.62169, 39.47189 ], [ -89.62206, 39.47459 ], [ -89.6248, 39.47632 ], [ -89.62841, 39.47543 ], [ -89.6313, 39.47175 ], [ -89.64759, 39.46312 ], [ -89.65273, 39.46296 ], [ -89.65517, 39.46693 ], [ -89.66271, 39.47047 ], [ -89.66605, 39.46891 ], [ -89.67226, 39.47015 ], [ -89.68059, 39.46158 ], [ -89.6947, 39.45546 ], [ -89.70065, 39.45603 ], [ -89.70302, 39.46754 ], [ -89.70175, 39.47044 ], [ -89.70311, 39.47208 ], [ -89.71219, 39.47151 ], [ -89.72067, 39.46911 ], [ -89.72246, 39.46617 ], [ -89.72554, 39.46562 ], [ -89.72726, 39.46408 ], [ -89.726, 39.46159 ], [ -89.72761, 39.45819 ], [ -89.7323, 39.45749 ], [ -89.73595, 39.46143 ], [ -89.73993, 39.46056 ], [ -89.74093, 39.45839 ], [ -89.74706, 39.45547 ], [ -89.74624, 39.45323 ], [ -89.74853, 39.4528 ], [ -89.75487, 39.45919 ], [ -89.74516, 39.46719 ], [ -89.74878, 39.47025 ], [ -89.74929, 39.47446 ], [ -89.74613, 39.47474 ], [ -89.73733, 39.48215 ], [ -89.73862, 39.48556 ], [ -89.74214, 39.48828 ], [ -89.74925, 39.48333 ], [ -89.75587, 39.49145 ], [ -89.75773, 39.49634 ], [ -89.76523, 39.49629 ], [ -89.77205, 39.48791 ], [ -89.78212, 39.48583 ], [ -89.78209, 39.48299 ], [ -89.78605, 39.48128 ], [ -89.79072, 39.48514 ], [ -89.79858, 39.48588 ], [ -89.79985, 39.481 ], [ -89.79638, 39.478 ], [ -89.79735, 39.47664 ], [ -89.82004, 39.47005 ], [ -89.82913, 39.46997 ], [ -89.83705, 39.46499 ], [ -89.84046, 39.46787 ], [ -89.85207, 39.46988 ], [ -89.85323, 39.47375 ], [ -89.85205, 39.47741 ], [ -89.8551, 39.48022 ], [ -89.86061, 39.47857 ], [ -89.86699, 39.48357 ], [ -89.86885, 39.49103 ], [ -89.86771, 39.49257 ], [ -89.87335, 39.49843 ], [ -89.87431, 39.50194 ], [ -89.87855, 39.50394 ], [ -89.88182, 39.50886 ], [ -89.88077, 39.51316 ], [ -89.87729, 39.51673 ], [ -89.88027, 39.5182 ], [ -89.88364, 39.51737 ], [ -89.89102, 39.52432 ], [ -89.88957, 39.52987 ], [ -89.92015, 39.52714 ], [ -89.92225, 39.5266 ], [ -89.92496, 39.52241 ], [ -89.932, 39.52348 ], [ -89.93727, 39.52188 ], [ -89.93752, 39.51807 ], [ -89.94132, 39.51756 ], [ -89.94637, 39.52372 ], [ -89.94185, 39.52731 ], [ -89.94266, 39.53427 ], [ -89.9388, 39.54067 ], [ -89.93401, 39.54133 ], [ -89.93177, 39.5436 ], [ -89.93205, 39.54678 ], [ -89.92734, 39.54806 ], [ -89.92122, 39.55525 ], [ -89.9188, 39.55418 ], [ -89.91031, 39.55561 ], [ -89.89989, 39.56008 ], [ -89.90014, 39.56717 ], [ -89.89817, 39.5694 ], [ -89.89875, 39.57658 ], [ -89.9367, 39.59474 ], [ -89.9413, 39.59501 ], [ -89.94611, 39.59828 ], [ -89.94745, 39.60209 ], [ -89.95554, 39.60206 ], [ -89.95904, 39.60427 ], [ -89.96937, 39.60644 ], [ -89.97773, 39.61566 ], [ -89.98138, 39.6171 ], [ -89.98194, 39.6212 ], [ -89.98881, 39.62421 ], [ -89.99028, 39.62699 ], [ -89.98818, 39.62985 ], [ -90.00244, 39.63668 ], [ -90.00765, 39.64618 ], [ -90.01256, 39.64895 ], [ -90.01298, 39.65103 ], [ -90.01571, 39.6509 ], [ -90.02023, 39.65906 ], [ -90.02282, 39.66152 ], [ -90.0278, 39.66276 ], [ -90.03176, 39.66892 ], [ -90.0259, 39.67561 ], [ -90.02864, 39.68044 ], [ -90.02804, 39.68563 ], [ -90.02146, 39.6886 ], [ -90.02382, 39.691 ], [ -90.02209, 39.69691 ], [ -90.02245, 39.70363 ], [ -90.0202, 39.70656 ], [ -90.02358, 39.7104 ], [ -90.02334, 39.71215 ], [ -90.01941, 39.71301 ], [ -90.01681, 39.71598 ], [ -90.02001, 39.71778 ], [ -90.01754, 39.72081 ], [ -90.02113, 39.72447 ], [ -90.01712, 39.73462 ], [ -90.01159, 39.73908 ], [ -90.01033, 39.74227 ], [ -90.00197, 39.74636 ], [ -89.99918, 39.75114 ], [ -89.99858, 39.75925 ], [ -89.98594, 39.77349 ], [ -89.98733, 39.77716 ], [ -89.99411, 39.78273 ], [ -90.01716, 39.78537 ], [ -90.02331, 39.79191 ], [ -90.01101, 39.79507 ], [ -90.00356, 39.79538 ], [ -89.99991, 39.79388 ], [ -89.99828, 39.7965 ], [ -89.9942, 39.79695 ] ] ] } },
{ "type": "Feature", "properties": { "usgs_id": "05576500", "area": 11506072348.283003 }, "geometry": { "type": "Polygon", "coordinates": [ [ [ -89.6947, 39.45546 ], [ -89.70065, 39.45603 ], [ -89.70302, 39.46754 ], [ -89.70175, 39.47044 ], [ -89.70429, 39.47289 ], [ -89.72067, 39.46911 ], [ -89.72246, 39.46617 ], [ -89.72726, 39.46408 ], [ -89.726, 39.46159 ], [ -89.72761, 39.45819 ], [ -89.7323, 39.45749 ], [ -89.73595, 39.46143 ], [ -89.73993, 39.46056 ], [ -89.74093, 39.45839 ], [ -89.74706, 39.45547 ], [ -89.74624, 39.45323 ], [ -89.74853, 39.4528 ], [ -89.75487, 39.45919 ], [ -89.74516, 39.46719 ], [ -89.74878, 39.47025 ], [ -89.74929, 39.47446 ], [ -89.74613, 39.47474 ], [ -89.73733, 39.48215 ], [ -89.73862, 39.48556 ], [ -89.74214, 39.48828 ], [ -89.74925, 39.48333 ], [ -89.75587, 39.49145 ], [ -89.75697, 39.49575 ], [ -89.76232, 39.49722 ], [ -89.7684, 39.49383 ], [ -89.77205, 39.48791 ], [ -89.78212, 39.48583 ], [ -89.78209, 39.48299 ], [ -89.78492, 39.4816 ], [ -89.79072, 39.48514 ], [ -89.79858, 39.48588 ], [ -89.79985, 39.481 ], [ -89.79638, 39.478 ], [ -89.79735, 39.47664 ], [ -89.82004, 39.47005 ], [ -89.82913, 39.46997 ], [ -89.83705, 39.46499 ], [ -89.84046, 39.46787 ], [ -89.85207, 39.46988 ], [ -89.85323, 39.47375 ], [ -89.85205, 39.47741 ], [ -89.8551, 39.48022 ], [ -89.86061, 39.47857 ], [ -89.86699, 39.48357 ], [ -89.86885, 39.49103 ], [ -89.86771, 39.49257 ], [ -89.87335, 39.49843 ], [ -89.87431, 39.50194 ], [ -89.87855, 39.50394 ], [ -89.88182, 39.50886 ], [ -89.88077, 39.51316 ], [ -89.87729, 39.51673 ], [ -89.88027, 39.5182 ], [ -89.88364, 39.51737 ], [ -89.89102, 39.52432 ], [ -89.88957, 39.52987 ], [ -89.92015, 39.52714 ], [ -89.92225, 39.5266 ], [ -89.92496, 39.52241 ], [ -89.932, 39.52348 ], [ -89.93727, 39.52188 ], [ -89.93752, 39.51807 ], [ -89.94132, 39.51756 ], [ -89.94637, 39.52372 ], [ -89.94185, 39.52731 ], [ -89.94266, 39.53427 ], [ -89.9388, 39.54067 ], [ -89.93401, 39.54133 ], [ -89.93177, 39.5436 ], [ -89.93205, 39.54678 ], [ -89.92734, 39.54806 ], [ -89.92122, 39.55525 ], [ -89.9188, 39.55418 ], [ -89.91031, 39.55561 ], [ -89.89989, 39.56008 ], [ -89.90014, 39.56717 ], [ -89.89817, 39.5694 ], [ -89.89875, 39.57658 ], [ -89.9367, 39.59474 ], [ -89.9413, 39.59501 ], [ -89.94611, 39.59828 ], [ -89.94745, 39.60209 ], [ -89.95554, 39.60206 ], [ -89.95904, 39.60427 ], [ -89.96937, 39.60644 ], [ -89.97773, 39.61566 ], [ -89.98138, 39.6171 ], [ -89.98194, 39.6212 ], [ -89.98881, 39.62421 ], [ -89.99028, 39.62699 ], [ -89.98818, 39.62985 ], [ -90.00244, 39.63668 ], [ -90.00765, 39.64618 ], [ -90.01256, 39.64895 ], [ -90.01298, 39.65103 ], [ -90.01571, 39.6509 ], [ -90.02023, 39.65906 ], [ -90.02282, 39.66152 ], [ -90.0278, 39.66276 ], [ -90.03176, 39.66892 ], [ -90.0259, 39.67561 ], [ -90.0219, 39.67759 ], [ -90.02072, 39.68135 ], [ -90.00135, 39.68615 ], [ -89.9934, 39.69126 ], [ -89.98497, 39.70002 ], [ -89.97552, 39.70368 ], [ -89.96886, 39.70356 ], [ -89.96415, 39.70812 ], [ -89.95211, 39.70975 ], [ -89.94985, 39.7116 ], [ -89.93639, 39.71436 ], [ -89.93333, 39.71878 ], [ -89.93137, 39.71881 ], [ -89.92962, 39.71597 ], [ -89.92237, 39.71555 ], [ -89.91967, 39.7125 ], [ -89.92126, 39.71058 ], [ -89.90885, 39.70686 ], [ -89.90621, 39.70257 ], [ -89.89908, 39.70116 ], [ -89.88533, 39.70549 ], [ -89.88181, 39.70891 ], [ -89.8714, 39.70838 ], [ -89.84008, 39.7145 ], [ -89.83758, 39.7171 ], [ -89.83894, 39.72168 ], [ -89.84212, 39.72468 ], [ -89.8359, 39.72721 ], [ -89.81819, 39.73026 ], [ -89.81339, 39.73289 ], [ -89.8062, 39.72202 ], [ -89.80102, 39.72029 ], [ -89.79538, 39.72193 ], [ -89.7915, 39.72401 ], [ -89.79328, 39.7259 ], [ -89.78968, 39.72965 ], [ -89.78693, 39.72823 ], [ -89.78153, 39.73331 ], [ -89.77785, 39.73231 ], [ -89.7582, 39.74664 ], [ -89.75797, 39.75444 ], [ -89.75428, 39.7569 ], [ -89.75285, 39.76557 ], [ -89.74953, 39.76734 ], [ -89.73648, 39.76702 ], [ -89.7381, 39.75732 ], [ -89.72613, 39.75232 ], [ -89.71472, 39.75212 ], [ -89.70944, 39.75596 ], [ -89.70325, 39.75602 ], [ -89.69628, 39.75287 ], [ -89.69278, 39.75463 ], [ -89.68569, 39.75292 ], [ -89.65222, 39.75331 ], [ -89.65285, 39.76048 ], [ -89.65602, 39.76229 ], [ -89.65276, 39.7714 ], [ -89.65363, 39.77363 ], [ -89.65191, 39.78398 ], [ -89.63725, 39.78665 ], [ -89.63431, 39.78782 ], [ -89.63338, 39.79094 ], [ -89.6342, 39.79555 ], [ -89.6329, 39.79856 ], [ -89.63533, 39.80102 ], [ -89.6378, 39.80874 ], [ -89.63543, 39.8161 ], [ -89.62141, 39.81998 ], [ -89.61577, 39.82574 ], [ -89.60538, 39.82522 ], [ -89.60342, 39.83115 ], [ -89.58652, 39.83165 ], [ -89.58495, 39.82953 ], [ -89.57463, 39.83261 ], [ -89.57212, 39.83085 ], [ -89.56041, 39.82875 ], [ -89.55601, 39.83431 ], [ -89.55766, 39.84185 ], [ -89.54939, 39.84649 ], [ -89.54672, 39.84556 ], [ -89.54418, 39.84139 ], [ -89.54153, 39.84142 ], [ -89.53875, 39.84474 ], [ -89.531, 39.84402 ], [ -89.53032, 39.84536 ], [ -89.52659, 39.84252 ], [ -89.52357, 39.84518 ], [ -89.5205, 39.84263 ], [ -89.52043, 39.83949 ], [ -89.51808, 39.83871 ], [ -89.51813, 39.84086 ], [ -89.51525, 39.84269 ], [ -89.51237, 39.84199 ], [ -89.50935, 39.8446 ], [ -89.51279, 39.85063 ], [ -89.51049, 39.85162 ], [ -89.49552, 39.84601 ], [ -89.47353, 39.84632 ], [ -89.46912, 39.849 ], [ -89.46869, 39.85501 ], [ -89.4656, 39.85731 ], [ -89.46702, 39.86112 ], [ -89.46494, 39.86278 ], [ -89.46629, 39.86686 ], [ -89.46019, 39.87291 ], [ -89.45676, 39.87409 ], [ -89.4551, 39.87729 ], [ -89.45165, 39.87881 ], [ -89.45057, 39.8816 ], [ -89.43821, 39.88343 ], [ -89.42065, 39.89118 ], [ -89.41254, 39.89654 ], [ -89.40431, 39.89342 ], [ -89.39519, 39.89414 ], [ -89.39367, 39.89567 ], [ -89.3888, 39.89514 ], [ -89.38678, 39.8913 ], [ -89.37849, 39.89058 ], [ -89.37646, 39.88835 ], [ -89.3679, 39.88872 ], [ -89.36404, 39.88426 ], [ -89.3594, 39.88236 ], [ -89.36025, 39.87571 ], [ -89.3589, 39.87378 ], [ -89.32131, 39.87413 ], [ -89.30253, 39.86525 ], [ -89.30237, 39.86293 ], [ -89.29589, 39.86383 ], [ -89.29364, 39.86172 ], [ -89.29021, 39.86509 ], [ -89.27871, 39.86576 ], [ -89.27783, 39.87048 ], [ -89.27213, 39.87356 ], [ -89.27067, 39.87388 ], [ -89.26601, 39.8697 ], [ -89.25954, 39.87093 ], [ -89.25924, 39.87652 ], [ -89.25418, 39.87957 ], [ -89.25046, 39.88416 ], [ -89.2592, 39.89418 ], [ -89.25967, 39.89633 ], [ -89.25798, 39.89838 ], [ -89.26604, 39.90518 ], [ -89.27105, 39.90674 ], [ -89.27194, 39.91242 ], [ -89.26656, 39.91266 ], [ -89.26429, 39.91395 ], [ -89.26428, 39.91605 ], [ -89.25738, 39.91398 ], [ -89.25228, 39.90722 ], [ -89.25005, 39.90703 ], [ -89.24528, 39.91087 ], [ -89.24096, 39.90969 ], [ -89.2369, 39.91157 ], [ -89.23927, 39.91418 ], [ -89.23777, 39.91541 ], [ -89.23864, 39.91803 ], [ -89.23086, 39.92499 ], [ -89.22373, 39.92295 ], [ -89.22595, 39.91998 ], [ -89.22556, 39.91816 ], [ -89.22226, 39.91788 ], [ -89.21403, 39.91905 ], [ -89.21652, 39.9221 ], [ -89.21335, 39.92398 ], [ -89.20301, 39.9214 ], [ -89.1935, 39.92514 ], [ -89.18855, 39.92418 ], [ -89.1848, 39.92544 ], [ -89.18254, 39.92275 ], [ -89.18419, 39.9194 ], [ -89.18276, 39.91609 ], [ -89.17494, 39.91609 ], [ -89.1717, 39.9132 ], [ -89.16646, 39.91203 ], [ -89.16586, 39.91113 ], [ -89.16833, 39.90984 ], [ -89.16763, 39.90855 ], [ -89.15958, 39.91065 ], [ -89.15371, 39.90514 ], [ -89.14446, 39.89049 ], [ -89.13962, 39.8907 ], [ -89.13428, 39.89382 ], [ -89.13216, 39.8925 ], [ -89.12645, 39.89326 ], [ -89.11449, 39.89998 ], [ -89.10512, 39.89696 ], [ -89.10033, 39.89947 ], [ -89.09183, 39.89712 ], [ -89.07526, 39.90145 ], [ -89.06873, 39.90861 ], [ -89.06885, 39.91257 ], [ -89.06492, 39.91723 ], [ -89.06345, 39.92818 ], [ -89.05273, 39.92427 ], [ -89.04511, 39.92488 ], [ -89.04044, 39.92756 ], [ -89.03932, 39.92614 ], [ -89.03485, 39.93316 ], [ -89.02909, 39.93318 ], [ -89.02624, 39.93471 ], [ -89.02549, 39.93669 ], [ -89.0283, 39.94064 ], [ -89.02619, 39.94249 ], [ -89.03075, 39.94677 ], [ -89.02834, 39.94992 ], [ -89.02912, 39.95259 ], [ -89.02798, 39.95344 ], [ -89.02546, 39.95201 ], [ -89.02282, 39.95507 ], [ -89.01674, 39.95711 ], [ -89.01622, 39.961 ], [ -89.01034, 39.96279 ], [ -89.00089, 39.97024 ], [ -89.00379, 39.97185 ], [ -89.00476, 39.97647 ], [ -89.0103, 39.98161 ], [ -89.00841, 39.98479 ], [ -89.01595, 39.99221 ], [ -89.00872, 39.9987 ], [ -89.00693, 40.00217 ], [ -89.00817, 40.00499 ], [ -89.00493, 40.00639 ], [ -89.00265, 40.00993 ], [ -88.99617, 40.01068 ], [ -88.98943, 40.01514 ], [ -88.99685, 40.01617 ], [ -89.0002, 40.01842 ], [ -88.99986, 40.0218 ], [ -89.00697, 40.02326 ], [ -89.01131, 40.02687 ], [ -89.01449, 40.03339 ], [ -89.00663, 40.03376 ], [ -89.00462, 40.03107 ], [ -88.9954, 40.02965 ], [ -88.98814, 40.03075 ], [ -88.98567, 40.03316 ], [ -88.9845, 40.03267 ], [ -88.98491, 40.03035 ], [ -88.98059, 40.02967 ], [ -88.97637, 40.03086 ], [ -88.97318, 40.03474 ], [ -88.97323, 40.03902 ], [ -88.96246, 40.04014 ], [ -88.95863, 40.03726 ], [ -88.9516, 40.03536 ], [ -88.94866, 40.03841 ], [ -88.94558, 40.03742 ], [ -88.92897, 40.04113 ], [ -88.92055, 40.0458 ], [ -88.9172, 40.04913 ], [ -88.91682, 40.0517 ], [ -88.92327, 40.05844 ], [ -88.91634, 40.05844 ], [ -88.91233, 40.06095 ], [ -88.91211, 40.06302 ], [ -88.90844, 40.06363 ], [ -88.90901, 40.06628 ], [ -88.90302, 40.0724 ], [ -88.90424, 40.07558 ], [ -88.90837, 40.07698 ], [ -88.90842, 40.07888 ], [ -88.91607, 40.08501 ], [ -88.91463, 40.09167 ], [ -88.91159, 40.09409 ], [ -88.91714, 40.10071 ], [ -88.91463, 40.10286 ], [ -88.9002, 40.1071 ], [ -88.89322, 40.11259 ], [ -88.8908, 40.11677 ], [ -88.88642, 40.11527 ], [ -88.8858, 40.11329 ], [ -88.87837, 40.11237 ], [ -88.86962, 40.11557 ], [ -88.86802, 40.1221 ], [ -88.85837, 40.12783 ], [ -88.85509, 40.12344 ], [ -88.85209, 40.12326 ], [ -88.84853, 40.1201 ], [ -88.84281, 40.12096 ], [ -88.84138, 40.12318 ], [ -88.83382, 40.12331 ], [ -88.82931, 40.12751 ], [ -88.8245, 40.1283 ], [ -88.81974, 40.12767 ], [ -88.81878, 40.12614 ], [ -88.81982, 40.12496 ], [ -88.81699, 40.12417 ], [ -88.81371, 40.12582 ], [ -88.80695, 40.12564 ], [ -88.8063, 40.12775 ], [ -88.78983, 40.13172 ], [ -88.78239, 40.12889 ], [ -88.77733, 40.13048 ], [ -88.77357, 40.12809 ], [ -88.77055, 40.13162 ], [ -88.76703, 40.133 ], [ -88.76926, 40.13606 ], [ -88.77688, 40.14081 ], [ -88.78204, 40.14017 ], [ -88.78296, 40.14193 ], [ -88.78622, 40.14214 ], [ -88.7844, 40.14684 ], [ -88.77069, 40.15192 ], [ -88.77122, 40.15334 ], [ -88.76718, 40.15702 ], [ -88.76317, 40.15743 ], [ -88.76467, 40.15976 ], [ -88.76393, 40.16307 ], [ -88.75492, 40.16858 ], [ -88.74496, 40.17188 ], [ -88.74498, 40.17692 ], [ -88.73615, 40.18287 ], [ -88.73557, 40.18488 ], [ -88.71932, 40.18265 ], [ -88.7138, 40.1875 ], [ -88.70603, 40.18709 ], [ -88.69825, 40.19318 ], [ -88.6944, 40.19303 ], [ -88.69159, 40.19507 ], [ -88.6951, 40.19871 ], [ -88.68942, 40.20329 ], [ -88.68496, 40.20357 ], [ -88.68154, 40.20186 ], [ -88.68135, 40.19912 ], [ -88.67129, 40.19741 ], [ -88.66686, 40.19282 ], [ -88.66086, 40.18957 ], [ -88.64671, 40.19109 ], [ -88.64123, 40.18974 ], [ -88.63328, 40.19437 ], [ -88.62808, 40.19018 ], [ -88.61978, 40.19008 ], [ -88.6145, 40.19246 ], [ -88.60217, 40.19066 ], [ -88.59991, 40.19319 ], [ -88.59539, 40.1916 ], [ -88.5864, 40.19272 ], [ -88.58528, 40.19591 ], [ -88.57931, 40.19342 ], [ -88.57451, 40.1979 ], [ -88.57147, 40.19505 ], [ -88.5697, 40.19525 ], [ -88.56875, 40.19701 ], [ -88.56457, 40.19745 ], [ -88.56315, 40.19921 ], [ -88.55389, 40.20038 ], [ -88.5452, 40.20379 ], [ -88.54242, 40.20623 ], [ -88.54317, 40.20944 ], [ -88.54195, 40.21038 ], [ -88.53846, 40.21161 ], [ -88.5368, 40.20911 ], [ -88.53392, 40.20891 ], [ -88.52739, 40.21067 ], [ -88.5289, 40.21441 ], [ -88.52858, 40.21643 ], [ -88.52646, 40.21749 ], [ -88.52853, 40.21815 ], [ -88.52875, 40.22096 ], [ -88.52531, 40.22692 ], [ -88.52608, 40.22882 ], [ -88.52921, 40.22983 ], [ -88.53111, 40.23442 ], [ -88.525, 40.23633 ], [ -88.5245, 40.23781 ], [ -88.51394, 40.23824 ], [ -88.51217, 40.24485 ], [ -88.51365, 40.25063 ], [ -88.50638, 40.2606 ], [ -88.50534, 40.26557 ], [ -88.51132, 40.26706 ], [ -88.5138, 40.26989 ], [ -88.51439, 40.2713 ], [ -88.51078, 40.27624 ], [ -88.51237, 40.278 ], [ -88.51338, 40.28538 ], [ -88.51791, 40.29033 ], [ -88.51631, 40.29383 ], [ -88.51983, 40.29874 ], [ -88.52844, 40.30635 ], [ -88.52736, 40.31452 ], [ -88.53156, 40.31811 ], [ -88.53838, 40.32002 ], [ -88.54099, 40.32419 ], [ -88.53538, 40.3289 ], [ -88.53545, 40.33125 ], [ -88.53157, 40.33572 ], [ -88.53294, 40.33778 ], [ -88.5318, 40.3403 ], [ -88.53429, 40.34044 ], [ -88.53754, 40.34404 ], [ -88.53625, 40.35038 ], [ -88.53762, 40.35376 ], [ -88.53639, 40.35754 ], [ -88.53776, 40.35844 ], [ -88.53332, 40.3702 ], [ -88.53415, 40.3759 ], [ -88.53048, 40.38024 ], [ -88.53179, 40.38689 ], [ -88.52628, 40.39638 ], [ -88.52907, 40.4058 ], [ -88.52841, 40.41136 ], [ -88.54219, 40.41988 ], [ -88.5492, 40.42003 ], [ -88.55096, 40.4225 ], [ -88.55431, 40.42248 ], [ -88.55613, 40.41828 ], [ -88.5602, 40.41746 ], [ -88.56681, 40.42268 ], [ -88.57499, 40.41967 ], [ -88.57625, 40.41787 ], [ -88.59619, 40.41176 ], [ -88.59786, 40.40939 ], [ -88.60301, 40.40763 ], [ -88.6145, 40.40775 ], [ -88.61917, 40.40528 ], [ -88.62486, 40.40692 ], [ -88.63151, 40.40579 ], [ -88.63914, 40.40812 ], [ -88.64481, 40.40554 ], [ -88.65562, 40.4084 ], [ -88.6566, 40.40708 ], [ -88.6606, 40.40896 ], [ -88.66676, 40.40796 ], [ -88.66738, 40.41 ], [ -88.67644, 40.41055 ], [ -88.68105, 40.40855 ], [ -88.69097, 40.4096 ], [ -88.69282, 40.40774 ], [ -88.69641, 40.41172 ], [ -88.70119, 40.41216 ], [ -88.70368, 40.42544 ], [ -88.70856, 40.42486 ], [ -88.71721, 40.42795 ], [ -88.71802, 40.43228 ], [ -88.71484, 40.43558 ], [ -88.72646, 40.44151 ], [ -88.72874, 40.44084 ], [ -88.72937, 40.44289 ], [ -88.73348, 40.44464 ], [ -88.73505, 40.44469 ], [ -88.73562, 40.44285 ], [ -88.74244, 40.44364 ], [ -88.74284, 40.45223 ], [ -88.75666, 40.45779 ], [ -88.7575, 40.45901 ], [ -88.75035, 40.46337 ], [ -88.7503, 40.4661 ], [ -88.74702, 40.46888 ], [ -88.73208, 40.46704 ], [ -88.70819, 40.4602 ], [ -88.6853, 40.45962 ], [ -88.67109, 40.45388 ], [ -88.65387, 40.45598 ], [ -88.64923, 40.45364 ], [ -88.64269, 40.4535 ], [ -88.62615, 40.45661 ], [ -88.6206, 40.45592 ], [ -88.61795, 40.45838 ], [ -88.61764, 40.46116 ], [ -88.61081, 40.46048 ], [ -88.60906, 40.4629 ], [ -88.6064, 40.46328 ], [ -88.60301, 40.46877 ], [ -88.60378, 40.47109 ], [ -88.60213, 40.47177 ], [ -88.59734, 40.47029 ], [ -88.58687, 40.47281 ], [ -88.58493, 40.47095 ], [ -88.57951, 40.47055 ], [ -88.56152, 40.47488 ], [ -88.55661, 40.47778 ], [ -88.54375, 40.4721 ], [ -88.53871, 40.4725 ], [ -88.53398, 40.46964 ], [ -88.53132, 40.47109 ], [ -88.52162, 40.47105 ], [ -88.51238, 40.46744 ], [ -88.50944, 40.46819 ], [ -88.50886, 40.47144 ], [ -88.50427, 40.47259 ], [ -88.50415, 40.4757 ], [ -88.499, 40.47957 ], [ -88.49908, 40.48289 ], [ -88.4969, 40.48373 ], [ -88.49498, 40.48729 ], [ -88.49153, 40.48861 ], [ -88.48881, 40.48762 ], [ -88.48429, 40.48977 ], [ -88.47974, 40.49542 ], [ -88.47756, 40.49427 ], [ -88.47128, 40.49817 ], [ -88.46761, 40.49774 ], [ -88.46235, 40.50245 ], [ -88.46262, 40.50516 ], [ -88.45744, 40.5062 ], [ -88.45802, 40.50763 ], [ -88.45065, 40.51057 ], [ -88.44601, 40.51525 ], [ -88.44133, 40.51625 ], [ -88.44045, 40.52192 ], [ -88.43762, 40.52506 ], [ -88.434, 40.52629 ], [ -88.43298, 40.52964 ], [ -88.41983, 40.5347 ], [ -88.41753, 40.53639 ], [ -88.41773, 40.53819 ], [ -88.41223, 40.54065 ], [ -88.41224, 40.54233 ], [ -88.40612, 40.54308 ], [ -88.40542, 40.54552 ], [ -88.39831, 40.54925 ], [ -88.39439, 40.54969 ], [ -88.39162, 40.54777 ], [ -88.38685, 40.54748 ], [ -88.38552, 40.54568 ], [ -88.38246, 40.55235 ], [ -88.38216, 40.55913 ], [ -88.37152, 40.56275 ], [ -88.36652, 40.56696 ], [ -88.35733, 40.56118 ], [ -88.35595, 40.55548 ], [ -88.35427, 40.5542 ], [ -88.35644, 40.5505 ], [ -88.35345, 40.54711 ], [ -88.35378, 40.54398 ], [ -88.35169, 40.54364 ], [ -88.34997, 40.54068 ], [ -88.34943, 40.53341 ], [ -88.34735, 40.53239 ], [ -88.34644, 40.52708 ], [ -88.335, 40.51899 ], [ -88.33558, 40.51495 ], [ -88.33795, 40.51368 ], [ -88.33509, 40.51006 ], [ -88.33604, 40.5079 ], [ -88.33371, 40.50289 ], [ -88.33521, 40.50046 ], [ -88.33033, 40.48592 ], [ -88.31506, 40.48473 ], [ -88.30823, 40.47988 ], [ -88.3086, 40.47667 ], [ -88.30557, 40.47365 ], [ -88.30915, 40.46892 ], [ -88.30673, 40.4611 ], [ -88.30911, 40.46074 ], [ -88.31003, 40.45836 ], [ -88.30575, 40.45805 ], [ -88.30275, 40.45578 ], [ -88.29706, 40.45569 ], [ -88.29455, 40.45258 ], [ -88.29376, 40.44662 ], [ -88.29116, 40.44525 ], [ -88.28264, 40.44548 ], [ -88.26631, 40.43989 ], [ -88.26364, 40.43661 ], [ -88.25264, 40.43511 ], [ -88.24968, 40.43228 ], [ -88.24789, 40.42742 ], [ -88.22836, 40.41294 ], [ -88.22186, 40.41346 ], [ -88.21866, 40.41098 ], [ -88.2171, 40.41258 ], [ -88.21155, 40.41282 ], [ -88.2067, 40.41072 ], [ -88.2054, 40.40794 ], [ -88.2003, 40.40723 ], [ -88.20107, 40.40528 ], [ -88.19896, 40.40372 ], [ -88.19463, 40.40399 ], [ -88.1907, 40.39924 ], [ -88.19334, 40.39866 ], [ -88.19066, 40.39588 ], [ -88.19374, 40.39408 ], [ -88.19348, 40.39279 ], [ -88.18938, 40.38996 ], [ -88.18512, 40.39035 ], [ -88.17588, 40.3854 ], [ -88.17267, 40.38247 ], [ -88.17261, 40.37656 ], [ -88.1706, 40.37417 ], [ -88.16753, 40.37491 ], [ -88.16018, 40.36926 ], [ -88.15945, 40.37046 ], [ -88.15156, 40.36961 ], [ -88.15272, 40.36607 ], [ -88.14616, 40.35578 ], [ -88.14677, 40.3509 ], [ -88.14434, 40.34922 ], [ -88.14604, 40.34714 ], [ -88.14257, 40.34109 ], [ -88.14284, 40.33697 ], [ -88.14576, 40.33459 ], [ -88.14671, 40.33136 ], [ -88.14399, 40.32983 ], [ -88.14522, 40.3227 ], [ -88.1544, 40.31526 ], [ -88.15715, 40.3156 ], [ -88.15897, 40.31404 ], [ -88.16044, 40.30836 ], [ -88.17266, 40.30777 ], [ -88.17484, 40.30246 ], [ -88.18133, 40.29899 ], [ -88.18427, 40.30285 ], [ -88.1873, 40.30159 ], [ -88.18858, 40.3009 ], [ -88.18749, 40.2982 ], [ -88.19184, 40.29252 ], [ -88.19535, 40.29286 ], [ -88.20171, 40.28888 ], [ -88.20894, 40.28778 ], [ -88.21498, 40.27971 ], [ -88.22442, 40.27924 ], [ -88.22399, 40.27602 ], [ -88.22717, 40.27548 ], [ -88.2293, 40.27134 ], [ -88.2382, 40.2734 ], [ -88.23961, 40.27054 ], [ -88.23797, 40.26792 ], [ -88.23416, 40.267 ], [ -88.23341, 40.26404 ], [ -88.23649, 40.26282 ], [ -88.23992, 40.26388 ], [ -88.24952, 40.25987 ], [ -88.25253, 40.26031 ], [ -88.25922, 40.25225 ], [ -88.26278, 40.25109 ], [ -88.26252, 40.24875 ], [ -88.26665, 40.24704 ], [ -88.26734, 40.24414 ], [ -88.27635, 40.23613 ], [ -88.28201, 40.22783 ], [ -88.28839, 40.22419 ], [ -88.29553, 40.21499 ], [ -88.29889, 40.21463 ], [ -88.30189, 40.20962 ], [ -88.30096, 40.20794 ], [ -88.3073, 40.20391 ], [ -88.31126, 40.19183 ], [ -88.31863, 40.18296 ], [ -88.32543, 40.18606 ], [ -88.33158, 40.18491 ], [ -88.33682, 40.18622 ], [ -88.34147, 40.18433 ], [ -88.34243, 40.17923 ], [ -88.34609, 40.17482 ], [ -88.34417, 40.17139 ], [ -88.35181, 40.16783 ], [ -88.36605, 40.1505 ], [ -88.37293, 40.13697 ], [ -88.37967, 40.11867 ], [ -88.3844, 40.11756 ], [ -88.39043, 40.11299 ], [ -88.38802, 40.10923 ], [ -88.38965, 40.10485 ], [ -88.39735, 40.09916 ], [ -88.39735, 40.09747 ], [ -88.40798, 40.08523 ], [ -88.41189, 40.07742 ], [ -88.4343, 40.06392 ], [ -88.44393, 40.06301 ], [ -88.44683, 40.06087 ], [ -88.44858, 40.05327 ], [ -88.45457, 40.05043 ], [ -88.45939, 40.0429 ], [ -88.46113, 40.03581 ], [ -88.45965, 40.03128 ], [ -88.46434, 40.03048 ], [ -88.46637, 40.02818 ], [ -88.46847, 40.02027 ], [ -88.46701, 40.01919 ], [ -88.47939, 40.01261 ], [ -88.48837, 40.01572 ], [ -88.49095, 40.0143 ], [ -88.49479, 40.0159 ], [ -88.51194, 40.00825 ], [ -88.52134, 40.00609 ], [ -88.52513, 40.00222 ], [ -88.52682, 40.00264 ], [ -88.53429, 39.99834 ], [ -88.53551, 39.99848 ], [ -88.5362, 40.00209 ], [ -88.5402, 40.00224 ], [ -88.55715, 39.99881 ], [ -88.55731, 39.99339 ], [ -88.55948, 39.98954 ], [ -88.56342, 39.98905 ], [ -88.57624, 39.97917 ], [ -88.57996, 39.97178 ], [ -88.57923, 39.96636 ], [ -88.57328, 39.96208 ], [ -88.57284, 39.9591 ], [ -88.57508, 39.9572 ], [ -88.57355, 39.95331 ], [ -88.58672, 39.94785 ], [ -88.58682, 39.95022 ], [ -88.59042, 39.95378 ], [ -88.60259, 39.95488 ], [ -88.60081, 39.95304 ], [ -88.59924, 39.9432 ], [ -88.60399, 39.93969 ], [ -88.61444, 39.94162 ], [ -88.62363, 39.93588 ], [ -88.63822, 39.93099 ], [ -88.6436, 39.92587 ], [ -88.65127, 39.9258 ], [ -88.6631, 39.92993 ], [ -88.67069, 39.93008 ], [ -88.68358, 39.92631 ], [ -88.68952, 39.9198 ], [ -88.69252, 39.9104 ], [ -88.69587, 39.90817 ], [ -88.69721, 39.90445 ], [ -88.70226, 39.90241 ], [ -88.71145, 39.90387 ], [ -88.72373, 39.8985 ], [ -88.72687, 39.89567 ], [ -88.73199, 39.88713 ], [ -88.73826, 39.88281 ], [ -88.7393, 39.87544 ], [ -88.7409, 39.87581 ], [ -88.74626, 39.87195 ], [ -88.75125, 39.86673 ], [ -88.75099, 39.85883 ], [ -88.75566, 39.85299 ], [ -88.7568, 39.84745 ], [ -88.76557, 39.84009 ], [ -88.76898, 39.83337 ], [ -88.76788, 39.82342 ], [ -88.76953, 39.81761 ], [ -88.76402, 39.81018 ], [ -88.76305, 39.80314 ], [ -88.76315, 39.80125 ], [ -88.76694, 39.79915 ], [ -88.76387, 39.79634 ], [ -88.76709, 39.78698 ], [ -88.77065, 39.78216 ], [ -88.76844, 39.77316 ], [ -88.76953, 39.76472 ], [ -88.77793, 39.76125 ], [ -88.78085, 39.75633 ], [ -88.7866, 39.7529 ], [ -88.79108, 39.75251 ], [ -88.79511, 39.74921 ], [ -88.79566, 39.74619 ], [ -88.80479, 39.74178 ], [ -88.80846, 39.74288 ], [ -88.81327, 39.74018 ], [ -88.81262, 39.73612 ], [ -88.81629, 39.73403 ], [ -88.81588, 39.73192 ], [ -88.82424, 39.72989 ], [ -88.82744, 39.72648 ], [ -88.83535, 39.7242 ], [ -88.83703, 39.7223 ], [ -88.8519, 39.72268 ], [ -88.85505, 39.72077 ], [ -88.85509, 39.71452 ], [ -88.86066, 39.71008 ], [ -88.87158, 39.71124 ], [ -88.87447, 39.70856 ], [ -88.87291, 39.69912 ], [ -88.87517, 39.6978 ], [ -88.87826, 39.69198 ], [ -88.87421, 39.68779 ], [ -88.87078, 39.68005 ], [ -88.87031, 39.67138 ], [ -88.87609, 39.6638 ], [ -88.88034, 39.65317 ], [ -88.88242, 39.64624 ], [ -88.87979, 39.6419 ], [ -88.88756, 39.63277 ], [ -88.8857, 39.62722 ], [ -88.88665, 39.61975 ], [ -88.89241, 39.61379 ], [ -88.89651, 39.60665 ], [ -88.89501, 39.59997 ], [ -88.89944, 39.59176 ], [ -88.88961, 39.58506 ], [ -88.88847, 39.57706 ], [ -88.88367, 39.57326 ], [ -88.88375, 39.56863 ], [ -88.87895, 39.56546 ], [ -88.87919, 39.56084 ], [ -88.874, 39.54935 ], [ -88.87464, 39.54617 ], [ -88.87966, 39.54316 ], [ -88.88158, 39.53995 ], [ -88.88062, 39.53404 ], [ -88.88487, 39.52327 ], [ -88.88484, 39.52057 ], [ -88.87923, 39.51597 ], [ -88.88155, 39.51301 ], [ -88.88115, 39.502 ], [ -88.8916, 39.49706 ], [ -88.90059, 39.49831 ], [ -88.90249, 39.50044 ], [ -88.90765, 39.50123 ], [ -88.91905, 39.49924 ], [ -88.92232, 39.5019 ], [ -88.92496, 39.49942 ], [ -88.92838, 39.49902 ], [ -88.94425, 39.50093 ], [ -88.94692, 39.50263 ], [ -88.95092, 39.49874 ], [ -88.95353, 39.49829 ], [ -88.95906, 39.50083 ], [ -88.96458, 39.49762 ], [ -88.97761, 39.4939 ], [ -88.99499, 39.49112 ], [ -88.99274, 39.48198 ], [ -88.99673, 39.47605 ], [ -89.00205, 39.47299 ], [ -89.00147, 39.47012 ], [ -89.00657, 39.46446 ], [ -89.01224, 39.4604 ], [ -89.01051, 39.45779 ], [ -89.01315, 39.45389 ], [ -89.01294, 39.45159 ], [ -89.01892, 39.44817 ], [ -89.01265, 39.4422 ], [ -89.0163, 39.43678 ], [ -89.01612, 39.43474 ], [ -89.01247, 39.43265 ], [ -89.01336, 39.42907 ], [ -89.02065, 39.42462 ], [ -89.01834, 39.4232 ], [ -89.02472, 39.41736 ], [ -89.027, 39.41201 ], [ -89.034, 39.41078 ], [ -89.03655, 39.406 ], [ -89.03183, 39.39843 ], [ -89.03619, 39.39503 ], [ -89.04264, 39.39783 ], [ -89.04522, 39.39632 ], [ -89.04941, 39.40182 ], [ -89.06125, 39.40664 ], [ -89.06699, 39.40402 ], [ -89.06817, 39.40864 ], [ -89.07148, 39.40817 ], [ -89.07766, 39.40003 ], [ -89.08176, 39.39878 ], [ -89.08493, 39.38877 ], [ -89.09667, 39.38823 ], [ -89.10272, 39.39069 ], [ -89.11993, 39.38779 ], [ -89.12488, 39.38374 ], [ -89.13262, 39.3839 ], [ -89.13371, 39.38016 ], [ -89.13808, 39.38081 ], [ -89.14313, 39.37646 ], [ -89.14337, 39.37341 ], [ -89.15048, 39.37388 ], [ -89.15833, 39.37085 ], [ -89.16433, 39.36516 ], [ -89.16626, 39.36454 ], [ -89.17171, 39.36768 ], [ -89.17402, 39.3646 ], [ -89.17696, 39.36376 ], [ -89.17504, 39.3621 ], [ -89.1754, 39.35723 ], [ -89.17411, 39.35653 ], [ -89.17726, 39.34955 ], [ -89.17657, 39.3482 ], [ -89.18126, 39.34531 ], [ -89.18123, 39.3428 ], [ -89.18361, 39.34027 ], [ -89.1875, 39.34055 ], [ -89.19474, 39.33285 ], [ -89.19857, 39.33144 ], [ -89.19949, 39.33037 ], [ -89.19763, 39.32601 ], [ -89.20214, 39.32174 ], [ -89.20835, 39.32219 ], [ -89.21097, 39.32391 ], [ -89.21008, 39.3202 ], [ -89.21358, 39.31666 ], [ -89.21094, 39.31265 ], [ -89.21227, 39.31102 ], [ -89.22072, 39.30863 ], [ -89.22448, 39.31003 ], [ -89.2245, 39.31352 ], [ -89.2328, 39.31385 ], [ -89.2401, 39.30865 ], [ -89.25265, 39.30821 ], [ -89.25732, 39.317 ], [ -89.26446, 39.31918 ], [ -89.26119, 39.32227 ], [ -89.26085, 39.32556 ], [ -89.26578, 39.32584 ], [ -89.27003, 39.32938 ], [ -89.27055, 39.34071 ], [ -89.28737, 39.33452 ], [ -89.30018, 39.334 ], [ -89.301, 39.33135 ], [ -89.30468, 39.33294 ], [ -89.30796, 39.33226 ], [ -89.3108, 39.33011 ], [ -89.30728, 39.32641 ], [ -89.30791, 39.32393 ], [ -89.31598, 39.31793 ], [ -89.31769, 39.31233 ], [ -89.32229, 39.30673 ], [ -89.32448, 39.30646 ], [ -89.32845, 39.31227 ], [ -89.33206, 39.3142 ], [ -89.33536, 39.31387 ], [ -89.33957, 39.31763 ], [ -89.34076, 39.3235 ], [ -89.33802, 39.32875 ], [ -89.33872, 39.33646 ], [ -89.34674, 39.34504 ], [ -89.34532, 39.34916 ], [ -89.33968, 39.35489 ], [ -89.35232, 39.35732 ], [ -89.35908, 39.34941 ], [ -89.37389, 39.34476 ], [ -89.37846, 39.34489 ], [ -89.39297, 39.35582 ], [ -89.39764, 39.35264 ], [ -89.39908, 39.34884 ], [ -89.40908, 39.34832 ], [ -89.4225, 39.33656 ], [ -89.42273, 39.33285 ], [ -89.41903, 39.3268 ], [ -89.41681, 39.32618 ], [ -89.42302, 39.3242 ], [ -89.42674, 39.31977 ], [ -89.4311, 39.32164 ], [ -89.43448, 39.33094 ], [ -89.44498, 39.33119 ], [ -89.45155, 39.32865 ], [ -89.45654, 39.32459 ], [ -89.46493, 39.3135 ], [ -89.47411, 39.31518 ], [ -89.48139, 39.31838 ], [ -89.48863, 39.32996 ], [ -89.49117, 39.33123 ], [ -89.49519, 39.3293 ], [ -89.4981, 39.33115 ], [ -89.50725, 39.33203 ], [ -89.51534, 39.32445 ], [ -89.51542, 39.32983 ], [ -89.52104, 39.33444 ], [ -89.5204, 39.34042 ], [ -89.52257, 39.34304 ], [ -89.52249, 39.34632 ], [ -89.52716, 39.34975 ], [ -89.53456, 39.3494 ], [ -89.54801, 39.35402 ], [ -89.54934, 39.35761 ], [ -89.54843, 39.36207 ], [ -89.55072, 39.36385 ], [ -89.55079, 39.36694 ], [ -89.55768, 39.37257 ], [ -89.55339, 39.37747 ], [ -89.55103, 39.38424 ], [ -89.56125, 39.39215 ], [ -89.56188, 39.39437 ], [ -89.55959, 39.39543 ], [ -89.55835, 39.40061 ], [ -89.56105, 39.40394 ], [ -89.56565, 39.40033 ], [ -89.56901, 39.40182 ], [ -89.57002, 39.40718 ], [ -89.57477, 39.40829 ], [ -89.58231, 39.4225 ], [ -89.59228, 39.4291 ], [ -89.59162, 39.43499 ], [ -89.59457, 39.44772 ], [ -89.60199, 39.46308 ], [ -89.60693, 39.46147 ], [ -89.60964, 39.45759 ], [ -89.62438, 39.45523 ], [ -89.62623, 39.45875 ], [ -89.62442, 39.46288 ], [ -89.62517, 39.46609 ], [ -89.62253, 39.46779 ], [ -89.62169, 39.47189 ], [ -89.62206, 39.47459 ], [ -89.62595, 39.4766 ], [ -89.6313, 39.47175 ], [ -89.64759, 39.46312 ], [ -89.65273, 39.46296 ], [ -89.65517, 39.46693 ], [ -89.66271, 39.47047 ], [ -89.66605, 39.46891 ], [ -89.67226, 39.47015 ], [ -89.68059, 39.46158 ], [ -89.6947, 39.45546 ] ] ] } },
{ "type": "Feature", "properties": { "usgs_id": "05582000", "area": 8031945101.9760332 }, "geometry": { "type": "Polygon", "coordinates": [ [ [ -89.61244, 40.0067 ], [ -89.61683, 40.01859 ], [ -89.6161, 40.0254 ], [ -89.62858, 40.02898 ], [ -89.6347, 40.04405 ], [ -89.64032, 40.0489 ], [ -89.64119, 40.05285 ], [ -89.6453, 40.05708 ], [ -89.64682, 40.06775 ], [ -89.64556, 40.07294 ], [ -89.64626, 40.08311 ], [ -89.65247, 40.08321 ], [ -89.65306, 40.08446 ], [ -89.65241, 40.08896 ], [ -89.6498, 40.09245 ], [ -89.66005, 40.10038 ], [ -89.66706, 40.10225 ], [ -89.66582, 40.1103 ], [ -89.67298, 40.11388 ], [ -89.68094, 40.12045 ], [ -89.69289, 40.1181 ], [ -89.69344, 40.12073 ], [ -89.69199, 40.12195 ], [ -89.6944, 40.1234 ], [ -89.69214, 40.12665 ], [ -89.69413, 40.12723 ], [ -89.70667, 40.1231 ], [ -89.71317, 40.12835 ], [ -89.7209, 40.12909 ], [ -89.72301, 40.12695 ], [ -89.72544, 40.1277 ], [ -89.73737, 40.1222 ], [ -89.74271, 40.1222 ], [ -89.74272, 40.12416 ], [ -89.74676, 40.12624 ], [ -89.74975, 40.12305 ], [ -89.76116, 40.12284 ], [ -89.75963, 40.12813 ], [ -89.755, 40.13301 ], [ -89.74983, 40.13546 ], [ -89.75304, 40.1403 ], [ -89.75326, 40.14557 ], [ -89.75139, 40.14919 ], [ -89.75272, 40.15057 ], [ -89.75081, 40.15214 ], [ -89.75366, 40.15575 ], [ -89.75995, 40.15499 ], [ -89.76816, 40.16103 ], [ -89.77586, 40.16153 ], [ -89.78561, 40.15688 ], [ -89.79142, 40.15627 ], [ -89.79243, 40.15378 ], [ -89.79565, 40.1537 ], [ -89.79697, 40.14903 ], [ -89.80158, 40.14963 ], [ -89.80237, 40.14789 ], [ -89.80639, 40.14708 ], [ -89.81281, 40.15308 ], [ -89.8129, 40.15739 ], [ -89.82024, 40.15948 ], [ -89.824, 40.16539 ], [ -89.82815, 40.1672 ], [ -89.82824, 40.16917 ], [ -89.82378, 40.17348 ], [ -89.81449, 40.18001 ], [ -89.81133, 40.1806 ], [ -89.81298, 40.18618 ], [ -89.81719, 40.18765 ], [ -89.81738, 40.19297 ], [ -89.81282, 40.19147 ], [ -89.80262, 40.1935 ], [ -89.80275, 40.19529 ], [ -89.79945, 40.19609 ], [ -89.79045, 40.19393 ], [ -89.78975, 40.19622 ], [ -89.7851, 40.19757 ], [ -89.78504, 40.20023 ], [ -89.77942, 40.20115 ], [ -89.77519, 40.20435 ], [ -89.76743, 40.20207 ], [ -89.76168, 40.20483 ], [ -89.75233, 40.20313 ], [ -89.75405, 40.20625 ], [ -89.75206, 40.20875 ], [ -89.75328, 40.2108 ], [ -89.7515, 40.21113 ], [ -89.73714, 40.20766 ], [ -89.72959, 40.20889 ], [ -89.72705, 40.21363 ], [ -89.73096, 40.21591 ], [ -89.73132, 40.21766 ], [ -89.72726, 40.21873 ], [ -89.72634, 40.22178 ], [ -89.72376, 40.22239 ], [ -89.72369, 40.22437 ], [ -89.72036, 40.22516 ], [ -89.71962, 40.22918 ], [ -89.72515, 40.2339 ], [ -89.72544, 40.2359 ], [ -89.72447, 40.23852 ], [ -89.71935, 40.24028 ], [ -89.71768, 40.24396 ], [ -89.69875, 40.2418 ], [ -89.69634, 40.24009 ], [ -89.6886, 40.24121 ], [ -89.6843, 40.23911 ], [ -89.68035, 40.23951 ], [ -89.67679, 40.23591 ], [ -89.67428, 40.23605 ], [ -89.67027, 40.23935 ], [ -89.66706, 40.23918 ], [ -89.66434, 40.24182 ], [ -89.66458, 40.24496 ], [ -89.65669, 40.24889 ], [ -89.65009, 40.25477 ], [ -89.64625, 40.25546 ], [ -89.64522, 40.25627 ], [ -89.64627, 40.258 ], [ -89.63131, 40.27068 ], [ -89.61998, 40.26928 ], [ -89.61891, 40.27097 ], [ -89.62104, 40.27608 ], [ -89.62132, 40.28801 ], [ -89.62254, 40.28846 ], [ -89.61774, 40.29037 ], [ -89.61949, 40.29219 ], [ -89.61888, 40.29369 ], [ -89.62245, 40.29632 ], [ -89.62122, 40.29746 ], [ -89.6216, 40.30095 ], [ -89.6181, 40.30027 ], [ -89.61439, 40.3019 ], [ -89.61099, 40.30037 ], [ -89.60489, 40.30636 ], [ -89.59795, 40.3036 ], [ -89.59579, 40.30789 ], [ -89.58911, 40.30717 ], [ -89.589, 40.30861 ], [ -89.58378, 40.31092 ], [ -89.57456, 40.31293 ], [ -89.57429, 40.31675 ], [ -89.5721, 40.31978 ], [ -89.56402, 40.3208 ], [ -89.5607, 40.32369 ], [ -89.562, 40.32874 ], [ -89.56558, 40.32976 ], [ -89.56532, 40.33128 ], [ -89.56052, 40.33346 ], [ -89.56245, 40.33621 ], [ -89.55779, 40.3418 ], [ -89.54888, 40.34367 ], [ -89.5456, 40.34127 ], [ -89.53927, 40.34066 ], [ -89.53265, 40.34282 ], [ -89.52917, 40.34112 ], [ -89.52732, 40.3374 ], [ -89.51748, 40.33317 ], [ -89.50604, 40.33631 ], [ -89.5029, 40.33902 ], [ -89.4996, 40.33909 ], [ -89.49615, 40.34254 ], [ -89.48995, 40.34417 ], [ -89.48939, 40.34796 ], [ -89.47461, 40.34912 ], [ -89.46398, 40.35885 ], [ -89.46549, 40.36337 ], [ -89.45548, 40.36338 ], [ -89.45161, 40.36711 ], [ -89.4384, 40.37214 ], [ -89.4337, 40.38088 ], [ -89.42199, 40.3841 ], [ -89.41537, 40.39352 ], [ -89.41251, 40.39483 ], [ -89.3999, 40.39295 ], [ -89.39391, 40.39964 ], [ -89.39838, 40.40548 ], [ -89.40123, 40.40662 ], [ -89.40147, 40.40877 ], [ -89.39432, 40.40949 ], [ -89.38751, 40.41454 ], [ -89.38496, 40.41437 ], [ -89.38169, 40.41676 ], [ -89.38004, 40.422 ], [ -89.36012, 40.42541 ], [ -89.35548, 40.42803 ], [ -89.34915, 40.43536 ], [ -89.3415, 40.43736 ], [ -89.33535, 40.43432 ], [ -89.32095, 40.4377 ], [ -89.31616, 40.44862 ], [ -89.29187, 40.46159 ], [ -89.28805, 40.46447 ], [ -89.28856, 40.46856 ], [ -89.2821, 40.4713 ], [ -89.268, 40.48369 ], [ -89.263, 40.48619 ], [ -89.25429, 40.4861 ], [ -89.25027, 40.48832 ], [ -89.24218, 40.4887 ], [ -89.23644, 40.49129 ], [ -89.23261, 40.4965 ], [ -89.23062, 40.50449 ], [ -89.22682, 40.50792 ], [ -89.22265, 40.51827 ], [ -89.22262, 40.51976 ], [ -89.22932, 40.52161 ], [ -89.22923, 40.52678 ], [ -89.23182, 40.5296 ], [ -89.23119, 40.54004 ], [ -89.22019, 40.53891 ], [ -89.20823, 40.54329 ], [ -89.20472, 40.54766 ], [ -89.20089, 40.54943 ], [ -89.20186, 40.55458 ], [ -89.20068, 40.55544 ], [ -89.18626, 40.55422 ], [ -89.17934, 40.56047 ], [ -89.14816, 40.55437 ], [ -89.14802, 40.54352 ], [ -89.14984, 40.53999 ], [ -89.155, 40.53685 ], [ -89.15718, 40.52636 ], [ -89.15317, 40.52125 ], [ -89.13916, 40.5215 ], [ -89.13657, 40.51987 ], [ -89.13064, 40.52345 ], [ -89.12651, 40.52968 ], [ -89.12459, 40.52931 ], [ -89.12382, 40.53161 ], [ -89.12015, 40.53214 ], [ -89.11962, 40.53519 ], [ -89.11649, 40.53531 ], [ -89.11502, 40.53777 ], [ -89.11679, 40.53969 ], [ -89.11232, 40.54083 ], [ -89.11206, 40.54425 ], [ -89.10698, 40.55052 ], [ -89.09619, 40.54917 ], [ -89.09519, 40.55242 ], [ -89.08986, 40.55283 ], [ -89.08416, 40.54861 ], [ -89.07712, 40.55184 ], [ -89.07225, 40.57079 ], [ -89.06898, 40.57062 ], [ -89.06655, 40.56989 ], [ -89.06299, 40.56524 ], [ -89.05978, 40.56607 ], [ -89.05821, 40.5638 ], [ -89.05127, 40.56216 ], [ -89.04775, 40.55909 ], [ -89.04237, 40.56084 ], [ -89.03928, 40.55803 ], [ -89.02872, 40.55351 ], [ -89.02213, 40.55366 ], [ -89.01924, 40.55008 ], [ -89.00295, 40.54797 ], [ -88.99907, 40.54406 ], [ -88.99183, 40.54449 ], [ -88.9899, 40.54184 ], [ -88.98538, 40.54097 ], [ -88.97282, 40.53428 ], [ -88.95983, 40.53688 ], [ -88.95771, 40.53899 ], [ -88.93818, 40.5404 ], [ -88.9354, 40.53304 ], [ -88.93585, 40.53053 ], [ -88.93209, 40.52849 ], [ -88.93394, 40.52413 ], [ -88.93698, 40.52217 ], [ -88.93496, 40.51874 ], [ -88.93043, 40.51756 ], [ -88.92689, 40.5207 ], [ -88.91961, 40.51963 ], [ -88.91604, 40.51786 ], [ -88.91276, 40.51159 ], [ -88.90752, 40.50956 ], [ -88.90397, 40.51012 ], [ -88.89066, 40.5046 ], [ -88.8864, 40.50483 ], [ -88.88118, 40.50149 ], [ -88.87333, 40.50481 ], [ -88.86175, 40.4992 ], [ -88.85506, 40.50136 ], [ -88.84446, 40.49937 ], [ -88.83117, 40.49021 ], [ -88.82869, 40.49107 ], [ -88.82315, 40.48958 ], [ -88.81977, 40.48365 ], [ -88.82303, 40.48109 ], [ -88.82111, 40.47965 ], [ -88.81083, 40.47758 ], [ -88.80547, 40.4784 ], [ -88.79584, 40.47568 ], [ -88.78184, 40.47668 ], [ -88.77123, 40.47327 ], [ -88.76755, 40.47409 ], [ -88.76233, 40.47325 ], [ -88.7617, 40.47176 ], [ -88.75778, 40.47219 ], [ -88.75389, 40.4696 ], [ -88.74763, 40.4695 ], [ -88.7503, 40.4661 ], [ -88.75035, 40.46337 ], [ -88.75651, 40.46003 ], [ -88.75666, 40.45779 ], [ -88.74284, 40.45223 ], [ -88.74244, 40.44364 ], [ -88.73562, 40.44285 ], [ -88.73505, 40.44469 ], [ -88.73348, 40.44464 ], [ -88.72937, 40.44289 ], [ -88.72874, 40.44084 ], [ -88.72646, 40.44151 ], [ -88.71484, 40.43558 ], [ -88.71802, 40.43228 ], [ -88.71721, 40.42795 ], [ -88.70856, 40.42486 ], [ -88.70368, 40.42544 ], [ -88.70119, 40.41216 ], [ -88.69641, 40.41172 ], [ -88.69282, 40.40774 ], [ -88.69097, 40.4096 ], [ -88.68105, 40.40855 ], [ -88.67644, 40.41055 ], [ -88.66738, 40.41 ], [ -88.66676, 40.40796 ], [ -88.6606, 40.40896 ], [ -88.6566, 40.40708 ], [ -88.65562, 40.4084 ], [ -88.64481, 40.40554 ], [ -88.63914, 40.40812 ], [ -88.63151, 40.40579 ], [ -88.62486, 40.40692 ], [ -88.61917, 40.40528 ], [ -88.6145, 40.40775 ], [ -88.60301, 40.40763 ], [ -88.59786, 40.40939 ], [ -88.59619, 40.41176 ], [ -88.57625, 40.41787 ], [ -88.57499, 40.41967 ], [ -88.56681, 40.42268 ], [ -88.5602, 40.41746 ], [ -88.55613, 40.41828 ], [ -88.55431, 40.42248 ], [ -88.55096, 40.4225 ], [ -88.5492, 40.42003 ], [ -88.54219, 40.41988 ], [ -88.52841, 40.41136 ], [ -88.52907, 40.4058 ], [ -88.52628, 40.39638 ], [ -88.53179, 40.38689 ], [ -88.53048, 40.38024 ], [ -88.53415, 40.3759 ], [ -88.53332, 40.3702 ], [ -88.53776, 40.35844 ], [ -88.53639, 40.35754 ], [ -88.53762, 40.35376 ], [ -88.53625, 40.35038 ], [ -88.53754, 40.34404 ], [ -88.53429, 40.34044 ], [ -88.5318, 40.3403 ], [ -88.53294, 40.33778 ], [ -88.53157, 40.33572 ], [ -88.53545, 40.33125 ], [ -88.53538, 40.3289 ], [ -88.54099, 40.32419 ], [ -88.53838, 40.32002 ], [ -88.53156, 40.31811 ], [ -88.52736, 40.31452 ], [ -88.52844, 40.30635 ], [ -88.51983, 40.29874 ], [ -88.51631, 40.29383 ], [ -88.51791, 40.29033 ], [ -88.51338, 40.28538 ], [ -88.51237, 40.278 ], [ -88.51078, 40.27624 ], [ -88.51439, 40.2713 ], [ -88.5138, 40.26989 ], [ -88.51132, 40.26706 ], [ -88.50534, 40.26557 ], [ -88.50638, 40.2606 ], [ -88.51365, 40.25063 ], [ -88.51217, 40.24485 ], [ -88.51394, 40.23824 ], [ -88.5245, 40.23781 ], [ -88.525, 40.23633 ], [ -88.53111, 40.23442 ], [ -88.52921, 40.22983 ], [ -88.52608, 40.22882 ], [ -88.52531, 40.22692 ], [ -88.52875, 40.22096 ], [ -88.52853, 40.21815 ], [ -88.52646, 40.21749 ], [ -88.52858, 40.21643 ], [ -88.5289, 40.21441 ], [ -88.52739, 40.21067 ], [ -88.53392, 40.20891 ], [ -88.5368, 40.20911 ], [ -88.53846, 40.21161 ], [ -88.54195, 40.21038 ], [ -88.54317, 40.20944 ], [ -88.54242, 40.20623 ], [ -88.5452, 40.20379 ], [ -88.55389, 40.20038 ], [ -88.56315, 40.19921 ], [ -88.56457, 40.19745 ], [ -88.56875, 40.19701 ], [ -88.5697, 40.19525 ], [ -88.57147, 40.19505 ], [ -88.57451, 40.1979 ], [ -88.57931, 40.19342 ], [ -88.58528, 40.19591 ], [ -88.5864, 40.19272 ], [ -88.59539, 40.1916 ], [ -88.59991, 40.19319 ], [ -88.60217, 40.19066 ], [ -88.6145, 40.19246 ], [ -88.61978, 40.19008 ], [ -88.62808, 40.19018 ], [ -88.63328, 40.19437 ], [ -88.64123, 40.18974 ], [ -88.64671, 40.19109 ], [ -88.66086, 40.18957 ], [ -88.66686, 40.19282 ], [ -88.67129, 40.19741 ], [ -88.68135, 40.19912 ], [ -88.68154, 40.20186 ], [ -88.68496, 40.20357 ], [ -88.68942, 40.20329 ], [ -88.6951, 40.19871 ], [ -88.69159, 40.19507 ], [ -88.6944, 40.19303 ], [ -88.69825, 40.19318 ], [ -88.70603, 40.18709 ], [ -88.7138, 40.1875 ], [ -88.71932, 40.18265 ], [ -88.73557, 40.18488 ], [ -88.73615, 40.18287 ], [ -88.74498, 40.17692 ], [ -88.74496, 40.17188 ], [ -88.75492, 40.16858 ], [ -88.76393, 40.16307 ], [ -88.76467, 40.15976 ], [ -88.76317, 40.15743 ], [ -88.76718, 40.15702 ], [ -88.77122, 40.15334 ], [ -88.77069, 40.15192 ], [ -88.7844, 40.14684 ], [ -88.78622, 40.14214 ], [ -88.78296, 40.14193 ], [ -88.78204, 40.14017 ], [ -88.77688, 40.14081 ], [ -88.76926, 40.13606 ], [ -88.76703, 40.133 ], [ -88.77055, 40.13162 ], [ -88.77357, 40.12809 ], [ -88.77733, 40.13048 ], [ -88.78239, 40.12889 ], [ -88.78983, 40.13172 ], [ -88.8063, 40.12775 ], [ -88.80695, 40.12564 ], [ -88.81371, 40.12582 ], [ -88.81699, 40.12417 ], [ -88.81982, 40.12496 ], [ -88.81878, 40.12614 ], [ -88.81974, 40.12767 ], [ -88.8245, 40.1283 ], [ -88.82931, 40.12751 ], [ -88.83382, 40.12331 ], [ -88.84138, 40.12318 ], [ -88.84281, 40.12096 ], [ -88.84853, 40.1201 ], [ -88.85209, 40.12326 ], [ -88.85509, 40.12344 ], [ -88.85837, 40.12783 ], [ -88.86802, 40.1221 ], [ -88.86962, 40.11557 ], [ -88.87837, 40.11237 ], [ -88.8858, 40.11329 ], [ -88.88642, 40.11527 ], [ -88.8908, 40.11677 ], [ -88.89322, 40.11259 ], [ -88.9002, 40.1071 ], [ -88.91463, 40.10286 ], [ -88.91714, 40.10071 ], [ -88.91159, 40.09409 ], [ -88.91463, 40.09167 ], [ -88.91607, 40.08501 ], [ -88.90842, 40.07888 ], [ -88.90837, 40.07698 ], [ -88.90424, 40.07558 ], [ -88.90302, 40.0724 ], [ -88.90901, 40.06628 ], [ -88.90844, 40.06363 ], [ -88.91211, 40.06302 ], [ -88.91233, 40.06095 ], [ -88.91634, 40.05844 ], [ -88.92327, 40.05844 ], [ -88.91682, 40.0517 ], [ -88.9172, 40.04913 ], [ -88.92055, 40.0458 ], [ -88.92897, 40.04113 ], [ -88.94558, 40.03742 ], [ -88.94866, 40.03841 ], [ -88.9516, 40.03536 ], [ -88.95863, 40.03726 ], [ -88.96246, 40.04014 ], [ -88.97323, 40.03902 ], [ -88.97318, 40.03474 ], [ -88.97637, 40.03086 ], [ -88.98059, 40.02967 ], [ -88.98491, 40.03035 ], [ -88.9845, 40.03267 ], [ -88.98567, 40.03316 ], [ -88.98814, 40.03075 ], [ -88.9954, 40.02965 ], [ -89.00462, 40.03107 ], [ -89.00663, 40.03376 ], [ -89.01449, 40.03339 ], [ -89.01131, 40.02687 ], [ -89.00697, 40.02326 ], [ -88.99986, 40.0218 ], [ -89.0002, 40.01842 ], [ -88.99685, 40.01617 ], [ -88.98943, 40.01514 ], [ -88.99617, 40.01068 ], [ -89.00265, 40.00993 ], [ -89.00493, 40.00639 ], [ -89.00817, 40.00499 ], [ -89.00693, 40.00217 ], [ -89.00872, 39.9987 ], [ -89.01595, 39.99221 ], [ -89.00841, 39.98479 ], [ -89.0103, 39.98161 ], [ -89.00476, 39.97647 ], [ -89.00379, 39.97185 ], [ -89.00089, 39.97024 ], [ -89.01034, 39.96279 ], [ -89.01622, 39.961 ], [ -89.01674, 39.95711 ], [ -89.02282, 39.95507 ], [ -89.02546, 39.95201 ], [ -89.02798, 39.95344 ], [ -89.02912, 39.95259 ], [ -89.02834, 39.94992 ], [ -89.03075, 39.94677 ], [ -89.02619, 39.94249 ], [ -89.0283, 39.94064 ], [ -89.02549, 39.93669 ], [ -89.02624, 39.93471 ], [ -89.02909, 39.93318 ], [ -89.03485, 39.93316 ], [ -89.03932, 39.92614 ], [ -89.04044, 39.92756 ], [ -89.04511, 39.92488 ], [ -89.05273, 39.92427 ], [ -89.06345, 39.92818 ], [ -89.06492, 39.91723 ], [ -89.06885, 39.91257 ], [ -89.06873, 39.90861 ], [ -89.07526, 39.90145 ], [ -89.09183, 39.89712 ], [ -89.10033, 39.89947 ], [ -89.10512, 39.89696 ], [ -89.11449, 39.89998 ], [ -89.12645, 39.89326 ], [ -89.13216, 39.8925 ], [ -89.13428, 39.89382 ], [ -89.13962, 39.8907 ], [ -89.14446, 39.89049 ], [ -89.15371, 39.90514 ], [ -89.15958, 39.91065 ], [ -89.16763, 39.90855 ], [ -89.16833, 39.90984 ], [ -89.16586, 39.91113 ], [ -89.16646, 39.91203 ], [ -89.1717, 39.9132 ], [ -89.17494, 39.91609 ], [ -89.18276, 39.91609 ], [ -89.18419, 39.9194 ], [ -89.18254, 39.92275 ], [ -89.1848, 39.92544 ], [ -89.18855, 39.92418 ], [ -89.1935, 39.92514 ], [ -89.20301, 39.9214 ], [ -89.21335, 39.92398 ], [ -89.21652, 39.9221 ], [ -89.21403, 39.91905 ], [ -89.22226, 39.91788 ], [ -89.22556, 39.91816 ], [ -89.22595, 39.91998 ], [ -89.22373, 39.92295 ], [ -89.23086, 39.92499 ], [ -89.23864, 39.91803 ], [ -89.23777, 39.91541 ], [ -89.23927, 39.91418 ], [ -89.2369, 39.91157 ], [ -89.24096, 39.90969 ], [ -89.24528, 39.91087 ], [ -89.25005, 39.90703 ], [ -89.25228, 39.90722 ], [ -89.25738, 39.91398 ], [ -89.26428, 39.91605 ], [ -89.26429, 39.91395 ], [ -89.26656, 39.91266 ], [ -89.27194, 39.91242 ], [ -89.27105, 39.90674 ], [ -89.26604, 39.90518 ], [ -89.25798, 39.89838 ], [ -89.25967, 39.89633 ], [ -89.2592, 39.89418 ], [ -89.25046, 39.88416 ], [ -89.25418, 39.87957 ], [ -89.25924, 39.87652 ], [ -89.25954, 39.87093 ], [ -89.26204, 39.86977 ], [ -89.26601, 39.8697 ], [ -89.27067, 39.87388 ], [ -89.27213, 39.87356 ], [ -89.27783, 39.87048 ], [ -89.27871, 39.86576 ], [ -89.29021, 39.86509 ], [ -89.29364, 39.86172 ], [ -89.29589, 39.86383 ], [ -89.30237, 39.86293 ], [ -89.30253, 39.86525 ], [ -89.32131, 39.87413 ], [ -89.3589, 39.87378 ], [ -89.36025, 39.87571 ], [ -89.3594, 39.88236 ], [ -89.36404, 39.88426 ], [ -89.3679, 39.88872 ], [ -89.37646, 39.88835 ], [ -89.37849, 39.89058 ], [ -89.38678, 39.8913 ], [ -89.3888, 39.89514 ], [ -89.39367, 39.89567 ], [ -89.39519, 39.89414 ], [ -89.40431, 39.89342 ], [ -89.40937, 39.89467 ], [ -89.4133, 39.89705 ], [ -89.41294, 39.90305 ], [ -89.41432, 39.90414 ], [ -89.42565, 39.90183 ], [ -89.42757, 39.90465 ], [ -89.42214, 39.9118 ], [ -89.42784, 39.91389 ], [ -89.42937, 39.91808 ], [ -89.43644, 39.92118 ], [ -89.43689, 39.92519 ], [ -89.43432, 39.92923 ], [ -89.43665, 39.94125 ], [ -89.43872, 39.94251 ], [ -89.441, 39.94783 ], [ -89.44562, 39.95006 ], [ -89.44611, 39.95581 ], [ -89.4491, 39.95857 ], [ -89.44792, 39.95962 ], [ -89.44923, 39.96229 ], [ -89.44773, 39.96411 ], [ -89.45096, 39.96833 ], [ -89.46276, 39.97243 ], [ -89.46566, 39.98131 ], [ -89.46774, 39.98341 ], [ -89.46713, 39.98802 ], [ -89.46841, 39.99016 ], [ -89.46623, 39.99274 ], [ -89.47031, 39.99483 ], [ -89.47356, 40.00176 ], [ -89.48216, 40.0051 ], [ -89.49457, 39.99723 ], [ -89.50675, 39.99485 ], [ -89.51145, 39.99562 ], [ -89.52107, 39.99785 ], [ -89.52237, 40.001 ], [ -89.5328, 40.0052 ], [ -89.5388, 40.00551 ], [ -89.54472, 40.01501 ], [ -89.55043, 40.01738 ], [ -89.563, 40.01374 ], [ -89.57365, 40.00338 ], [ -89.57423, 40.00699 ], [ -89.57818, 40.00964 ], [ -89.60782, 40.00454 ], [ -89.61118, 40.00486 ], [ -89.61244, 40.0067 ] ] ] } },
{ "type": "Feature", "properties": { "usgs_id": "05573540", "area": 4180969712.4650216 }, "geometry": { "type": "Polygon", "coordinates": [ [ [ -88.99952, 39.73913 ], [ -88.998, 39.7457 ], [ -89.0044, 39.75175 ], [ -89.00836, 39.7611 ], [ -89.00611, 39.77332 ], [ -89.003, 39.77408 ], [ -89.00106, 39.7777 ], [ -88.99631, 39.78096 ], [ -89.0039, 39.78877 ], [ -88.99968, 39.79202 ], [ -89.00295, 39.79489 ], [ -89.006, 39.80153 ], [ -89.00362, 39.80418 ], [ -89.00272, 39.80864 ], [ -89.00518, 39.81461 ], [ -88.99932, 39.81573 ], [ -88.98724, 39.8214 ], [ -88.99376, 39.82845 ], [ -88.99555, 39.83324 ], [ -89.00086, 39.83451 ], [ -89.00062, 39.83691 ], [ -88.99103, 39.83684 ], [ -88.98818, 39.839 ], [ -88.99009, 39.84088 ], [ -88.98894, 39.8456 ], [ -88.98725, 39.84658 ], [ -88.98881, 39.8521 ], [ -88.98462, 39.85388 ], [ -88.97544, 39.8563 ], [ -88.9727, 39.8543 ], [ -88.96961, 39.85463 ], [ -88.96891, 39.85721 ], [ -88.96605, 39.85769 ], [ -88.9533, 39.85506 ], [ -88.95011, 39.85287 ], [ -88.94411, 39.85605 ], [ -88.92648, 39.85676 ], [ -88.91745, 39.86282 ], [ -88.91617, 39.87133 ], [ -88.90252, 39.86415 ], [ -88.89921, 39.86462 ], [ -88.89796, 39.8829 ], [ -88.89746, 39.88412 ], [ -88.89396, 39.88397 ], [ -88.89276, 39.89396 ], [ -88.88744, 39.89819 ], [ -88.88565, 39.90185 ], [ -88.88647, 39.90634 ], [ -88.88427, 39.90931 ], [ -88.88547, 39.91104 ], [ -88.8855, 39.9158 ], [ -88.88417, 39.9168 ], [ -88.88501, 39.92145 ], [ -88.88894, 39.92244 ], [ -88.88861, 39.925 ], [ -88.89317, 39.92774 ], [ -88.89612, 39.93405 ], [ -88.89223, 39.93479 ], [ -88.89003, 39.93763 ], [ -88.89579, 39.94099 ], [ -88.89058, 39.94311 ], [ -88.87687, 39.94028 ], [ -88.866, 39.94832 ], [ -88.86571, 39.94994 ], [ -88.86894, 39.95315 ], [ -88.86825, 39.96262 ], [ -88.86986, 39.96573 ], [ -88.87037, 39.98042 ], [ -88.87344, 39.97885 ], [ -88.89047, 39.98123 ], [ -88.89603, 39.99226 ], [ -88.9012, 39.9959 ], [ -88.89994, 39.99822 ], [ -88.9021, 40.00042 ], [ -88.90024, 40.00313 ], [ -88.89722, 40.00373 ], [ -88.89727, 40.00843 ], [ -88.89909, 40.0103 ], [ -88.89459, 40.01308 ], [ -88.89494, 40.01748 ], [ -88.89134, 40.01775 ], [ -88.8903, 40.02123 ], [ -88.89226, 40.02369 ], [ -88.90275, 40.02686 ], [ -88.90052, 40.0284 ], [ -88.90255, 40.03047 ], [ -88.90141, 40.03323 ], [ -88.90665, 40.03294 ], [ -88.91002, 40.0352 ], [ -88.911, 40.03967 ], [ -88.90696, 40.04248 ], [ -88.90927, 40.04522 ], [ -88.90655, 40.0484 ], [ -88.91683, 40.04994 ], [ -88.91751, 40.05299 ], [ -88.92327, 40.05844 ], [ -88.91634, 40.05844 ], [ -88.91233, 40.06095 ], [ -88.91211, 40.06302 ], [ -88.90844, 40.06363 ], [ -88.90901, 40.06628 ], [ -88.90302, 40.0724 ], [ -88.90424, 40.07558 ], [ -88.90837, 40.07698 ], [ -88.90842, 40.07888 ], [ -88.91607, 40.08501 ], [ -88.91463, 40.09167 ], [ -88.91159, 40.09409 ], [ -88.91714, 40.10071 ], [ -88.91463, 40.10286 ], [ -88.9002, 40.1071 ], [ -88.88987, 40.11715 ], [ -88.88642, 40.11527 ], [ -88.8858, 40.11329 ], [ -88.88106, 40.11194 ], [ -88.86962, 40.11557 ], [ -88.86802, 40.1221 ], [ -88.85837, 40.12783 ], [ -88.85509, 40.12344 ], [ -88.85209, 40.12326 ], [ -88.84853, 40.1201 ], [ -88.84281, 40.12096 ], [ -88.84138, 40.12318 ], [ -88.83382, 40.12331 ], [ -88.82931, 40.12751 ], [ -88.8245, 40.1283 ], [ -88.81974, 40.12767 ], [ -88.81878, 40.12614 ], [ -88.81982, 40.12496 ], [ -88.81699, 40.12417 ], [ -88.81371, 40.12582 ], [ -88.80695, 40.12564 ], [ -88.8063, 40.12775 ], [ -88.78983, 40.13172 ], [ -88.78239, 40.12889 ], [ -88.77733, 40.13048 ], [ -88.77357, 40.12809 ], [ -88.77055, 40.13162 ], [ -88.76703, 40.133 ], [ -88.76926, 40.13606 ], [ -88.77688, 40.14081 ], [ -88.78204, 40.14017 ], [ -88.78296, 40.14193 ], [ -88.78622, 40.14214 ], [ -88.7844, 40.14684 ], [ -88.77069, 40.15192 ], [ -88.77122, 40.15334 ], [ -88.76718, 40.15702 ], [ -88.76317, 40.15743 ], [ -88.76467, 40.15976 ], [ -88.76393, 40.16307 ], [ -88.75492, 40.16858 ], [ -88.74496, 40.17188 ], [ -88.74498, 40.17692 ], [ -88.73615, 40.18287 ], [ -88.73557, 40.18488 ], [ -88.71932, 40.18265 ], [ -88.7138, 40.1875 ], [ -88.70603, 40.18709 ], [ -88.69825, 40.19318 ], [ -88.6944, 40.19303 ], [ -88.69159, 40.19507 ], [ -88.6951, 40.19871 ], [ -88.68942, 40.20329 ], [ -88.68496, 40.20357 ], [ -88.68154, 40.20186 ], [ -88.68135, 40.19912 ], [ -88.67129, 40.19741 ], [ -88.66686, 40.19282 ], [ -88.65871, 40.18938 ], [ -88.64671, 40.19109 ], [ -88.64123, 40.18974 ], [ -88.63328, 40.19437 ], [ -88.62808, 40.19018 ], [ -88.61978, 40.19008 ], [ -88.6145, 40.19246 ], [ -88.60217, 40.19066 ], [ -88.59991, 40.19319 ], [ -88.59539, 40.1916 ], [ -88.5864, 40.19272 ], [ -88.58528, 40.19591 ], [ -88.57931, 40.19342 ], [ -88.57451, 40.1979 ], [ -88.57147, 40.19505 ], [ -88.5697, 40.19525 ], [ -88.56875, 40.19701 ], [ -88.56457, 40.19745 ], [ -88.56315, 40.19921 ], [ -88.55181, 40.20091 ], [ -88.54242, 40.20623 ], [ -88.54317, 40.20944 ], [ -88.54195, 40.21038 ], [ -88.53846, 40.21161 ], [ -88.5368, 40.20911 ], [ -88.53392, 40.20891 ], [ -88.52739, 40.21067 ], [ -88.5289, 40.21441 ], [ -88.52858, 40.21643 ], [ -88.52646, 40.21749 ], [ -88.52853, 40.21815 ], [ -88.52875, 40.22096 ], [ -88.52531, 40.22692 ], [ -88.52608, 40.22882 ], [ -88.52921, 40.22983 ], [ -88.53111, 40.23442 ], [ -88.525, 40.23633 ], [ -88.5245, 40.23781 ], [ -88.51394, 40.23824 ], [ -88.5131, 40.24006 ], [ -88.51217, 40.24485 ], [ -88.51365, 40.25063 ], [ -88.50638, 40.2606 ], [ -88.50534, 40.26557 ], [ -88.51132, 40.26706 ], [ -88.5138, 40.26989 ], [ -88.51439, 40.2713 ], [ -88.51078, 40.27624 ], [ -88.51237, 40.278 ], [ -88.51338, 40.28538 ], [ -88.51791, 40.29033 ], [ -88.51631, 40.29383 ], [ -88.51983, 40.29874 ], [ -88.52844, 40.30635 ], [ -88.52736, 40.31452 ], [ -88.53156, 40.31811 ], [ -88.53838, 40.32002 ], [ -88.54099, 40.32419 ], [ -88.53538, 40.3289 ], [ -88.53545, 40.33125 ], [ -88.53157, 40.33572 ], [ -88.53294, 40.33778 ], [ -88.5318, 40.3403 ], [ -88.53429, 40.34044 ], [ -88.53754, 40.34404 ], [ -88.53625, 40.35038 ], [ -88.53762, 40.35376 ], [ -88.53639, 40.35754 ], [ -88.53776, 40.35844 ], [ -88.53332, 40.3702 ], [ -88.53415, 40.3759 ], [ -88.53048, 40.38024 ], [ -88.53179, 40.38689 ], [ -88.52628, 40.39638 ], [ -88.52907, 40.4058 ], [ -88.52841, 40.41136 ], [ -88.54219, 40.41988 ], [ -88.5492, 40.42003 ], [ -88.55096, 40.4225 ], [ -88.55431, 40.42248 ], [ -88.55613, 40.41828 ], [ -88.5602, 40.41746 ], [ -88.56681, 40.42268 ], [ -88.57499, 40.41967 ], [ -88.57625, 40.41787 ], [ -88.59619, 40.41176 ], [ -88.59786, 40.40939 ], [ -88.60301, 40.40763 ], [ -88.6145, 40.40775 ], [ -88.61917, 40.40528 ], [ -88.62486, 40.40692 ], [ -88.63151, 40.40579 ], [ -88.63914, 40.40812 ], [ -88.64481, 40.40554 ], [ -88.65562, 40.4084 ], [ -88.6566, 40.40708 ], [ -88.6606, 40.40896 ], [ -88.66676, 40.40796 ], [ -88.66738, 40.41 ], [ -88.67644, 40.41055 ], [ -88.68105, 40.40855 ], [ -88.69097, 40.4096 ], [ -88.69282, 40.40774 ], [ -88.69641, 40.41172 ], [ -88.70119, 40.41216 ], [ -88.70368, 40.42544 ], [ -88.70856, 40.42486 ], [ -88.71721, 40.42795 ], [ -88.71802, 40.43228 ], [ -88.71484, 40.43558 ], [ -88.72646, 40.44151 ], [ -88.72874, 40.44084 ], [ -88.72937, 40.44289 ], [ -88.73348, 40.44464 ], [ -88.73505, 40.44469 ], [ -88.73562, 40.44285 ], [ -88.74244, 40.44364 ], [ -88.74284, 40.45223 ], [ -88.75666, 40.45779 ], [ -88.7575, 40.45901 ], [ -88.75035, 40.46337 ], [ -88.7503, 40.4661 ], [ -88.74702, 40.46888 ], [ -88.73208, 40.46704 ], [ -88.70819, 40.4602 ], [ -88.6853, 40.45962 ], [ -88.67109, 40.45388 ], [ -88.65387, 40.45598 ], [ -88.64923, 40.45364 ], [ -88.64269, 40.4535 ], [ -88.62615, 40.45661 ], [ -88.6206, 40.45592 ], [ -88.61795, 40.45838 ], [ -88.61764, 40.46116 ], [ -88.61081, 40.46048 ], [ -88.60906, 40.4629 ], [ -88.6064, 40.46328 ], [ -88.60301, 40.46877 ], [ -88.60378, 40.47109 ], [ -88.60213, 40.47177 ], [ -88.59734, 40.47029 ], [ -88.58687, 40.47281 ], [ -88.58493, 40.47095 ], [ -88.57951, 40.47055 ], [ -88.56152, 40.47488 ], [ -88.55661, 40.47778 ], [ -88.54375, 40.4721 ], [ -88.53871, 40.4725 ], [ -88.53398, 40.46964 ], [ -88.53132, 40.47109 ], [ -88.52162, 40.47105 ], [ -88.51238, 40.46744 ], [ -88.50944, 40.46819 ], [ -88.50886, 40.47144 ], [ -88.50427, 40.47259 ], [ -88.50415, 40.4757 ], [ -88.499, 40.47957 ], [ -88.49908, 40.48289 ], [ -88.4969, 40.48373 ], [ -88.49498, 40.48729 ], [ -88.49153, 40.48861 ], [ -88.48881, 40.48762 ], [ -88.48429, 40.48977 ], [ -88.47974, 40.49542 ], [ -88.47756, 40.49427 ], [ -88.47128, 40.49817 ], [ -88.46761, 40.49774 ], [ -88.46235, 40.50245 ], [ -88.46262, 40.50516 ], [ -88.45744, 40.5062 ], [ -88.45802, 40.50763 ], [ -88.45065, 40.51057 ], [ -88.44601, 40.51525 ], [ -88.44133, 40.51625 ], [ -88.44045, 40.52192 ], [ -88.43762, 40.52506 ], [ -88.434, 40.52629 ], [ -88.43298, 40.52964 ], [ -88.41983, 40.5347 ], [ -88.41753, 40.53639 ], [ -88.41773, 40.53819 ], [ -88.41223, 40.54065 ], [ -88.41224, 40.54233 ], [ -88.40612, 40.54308 ], [ -88.40542, 40.54552 ], [ -88.39831, 40.54925 ], [ -88.39439, 40.54969 ], [ -88.39162, 40.54777 ], [ -88.38685, 40.54748 ], [ -88.38552, 40.54568 ], [ -88.38246, 40.55235 ], [ -88.38216, 40.55913 ], [ -88.37152, 40.56275 ], [ -88.36652, 40.56696 ], [ -88.35733, 40.56118 ], [ -88.35595, 40.55548 ], [ -88.35427, 40.5542 ], [ -88.35644, 40.5505 ], [ -88.35345, 40.54711 ], [ -88.35378, 40.54398 ], [ -88.35169, 40.54364 ], [ -88.34997, 40.54068 ], [ -88.34943, 40.53341 ], [ -88.34735, 40.53239 ], [ -88.34644, 40.52708 ], [ -88.335, 40.51899 ], [ -88.33558, 40.51495 ], [ -88.33795, 40.51368 ], [ -88.33509, 40.51006 ], [ -88.33604, 40.5079 ], [ -88.33371, 40.50289 ], [ -88.33521, 40.50046 ], [ -88.33033, 40.48592 ], [ -88.31506, 40.48473 ], [ -88.30823, 40.47988 ], [ -88.3086, 40.47667 ], [ -88.30557, 40.47365 ], [ -88.30915, 40.46892 ], [ -88.30673, 40.4611 ], [ -88.30911, 40.46074 ], [ -88.31003, 40.45836 ], [ -88.30575, 40.45805 ], [ -88.30275, 40.45578 ], [ -88.29706, 40.45569 ], [ -88.29455, 40.45258 ], [ -88.29376, 40.44662 ], [ -88.29116, 40.44525 ], [ -88.28264, 40.44548 ], [ -88.26631, 40.43989 ], [ -88.26364, 40.43661 ], [ -88.25264, 40.43511 ], [ -88.24968, 40.43228 ], [ -88.24789, 40.42742 ], [ -88.22836, 40.41294 ], [ -88.22186, 40.41346 ], [ -88.21866, 40.41098 ], [ -88.2171, 40.41258 ], [ -88.21155, 40.41282 ], [ -88.2067, 40.41072 ], [ -88.2054, 40.40794 ], [ -88.2003, 40.40723 ], [ -88.20107, 40.40528 ], [ -88.19896, 40.40372 ], [ -88.19463, 40.40399 ], [ -88.1907, 40.39924 ], [ -88.19334, 40.39866 ], [ -88.19066, 40.39588 ], [ -88.19374, 40.39408 ], [ -88.19348, 40.39279 ], [ -88.18938, 40.38996 ], [ -88.18512, 40.39035 ], [ -88.17588, 40.3854 ], [ -88.17267, 40.38247 ], [ -88.17261, 40.37656 ], [ -88.1706, 40.37417 ], [ -88.16753, 40.37491 ], [ -88.16018, 40.36926 ], [ -88.15945, 40.37046 ], [ -88.15788, 40.36936 ], [ -88.15188, 40.37004 ], [ -88.15272, 40.36607 ], [ -88.14616, 40.35578 ], [ -88.14677, 40.3509 ], [ -88.14434, 40.34922 ], [ -88.14604, 40.34714 ], [ -88.14257, 40.34109 ], [ -88.14284, 40.33697 ], [ -88.14576, 40.33459 ], [ -88.14671, 40.33136 ], [ -88.14399, 40.32983 ], [ -88.14522, 40.3227 ], [ -88.1544, 40.31526 ], [ -88.15715, 40.3156 ], [ -88.15897, 40.31404 ], [ -88.16044, 40.30836 ], [ -88.17266, 40.30777 ], [ -88.17484, 40.30246 ], [ -88.18133, 40.29899 ], [ -88.18427, 40.30285 ], [ -88.1873, 40.30159 ], [ -88.18858, 40.3009 ], [ -88.18749, 40.2982 ], [ -88.19184, 40.29252 ], [ -88.19535, 40.29286 ], [ -88.20171, 40.28888 ], [ -88.20894, 40.28778 ], [ -88.21498, 40.27971 ], [ -88.22442, 40.27924 ], [ -88.22399, 40.27602 ], [ -88.22717, 40.27548 ], [ -88.2293, 40.27134 ], [ -88.2382, 40.2734 ], [ -88.23961, 40.27054 ], [ -88.23797, 40.26792 ], [ -88.23416, 40.267 ], [ -88.23341, 40.26404 ], [ -88.23649, 40.26282 ], [ -88.23992, 40.26388 ], [ -88.24952, 40.25987 ], [ -88.25253, 40.26031 ], [ -88.25922, 40.25225 ], [ -88.26278, 40.25109 ], [ -88.26252, 40.24875 ], [ -88.26665, 40.24704 ], [ -88.26734, 40.24414 ], [ -88.27635, 40.23613 ], [ -88.28201, 40.22783 ], [ -88.28839, 40.22419 ], [ -88.29553, 40.21499 ], [ -88.29889, 40.21463 ], [ -88.30189, 40.20962 ], [ -88.30096, 40.20794 ], [ -88.3073, 40.20391 ], [ -88.31126, 40.19183 ], [ -88.31863, 40.18296 ], [ -88.32543, 40.18606 ], [ -88.33158, 40.18491 ], [ -88.33682, 40.18622 ], [ -88.34147, 40.18433 ], [ -88.34243, 40.17923 ], [ -88.34609, 40.17482 ], [ -88.34417, 40.17139 ], [ -88.35181, 40.16783 ], [ -88.36605, 40.1505 ], [ -88.37293, 40.13697 ], [ -88.37967, 40.11867 ], [ -88.3844, 40.11756 ], [ -88.39043, 40.11299 ], [ -88.38802, 40.10923 ], [ -88.38965, 40.10485 ], [ -88.39735, 40.09916 ], [ -88.39735, 40.09747 ], [ -88.40798, 40.08523 ], [ -88.41189, 40.07742 ], [ -88.4343, 40.06392 ], [ -88.44393, 40.06301 ], [ -88.44683, 40.06087 ], [ -88.44858, 40.05327 ], [ -88.45457, 40.05043 ], [ -88.45939, 40.0429 ], [ -88.46113, 40.03581 ], [ -88.45965, 40.03128 ], [ -88.46434, 40.03048 ], [ -88.46637, 40.02818 ], [ -88.46847, 40.02027 ], [ -88.46701, 40.01919 ], [ -88.47939, 40.01261 ], [ -88.48837, 40.01572 ], [ -88.49095, 40.0143 ], [ -88.49479, 40.0159 ], [ -88.51194, 40.00825 ], [ -88.52134, 40.00609 ], [ -88.52513, 40.00222 ], [ -88.52682, 40.00264 ], [ -88.53429, 39.99834 ], [ -88.53551, 39.99848 ], [ -88.5362, 40.00209 ], [ -88.5402, 40.00224 ], [ -88.55715, 39.99881 ], [ -88.55731, 39.99339 ], [ -88.55948, 39.98954 ], [ -88.56342, 39.98905 ], [ -88.57624, 39.97917 ], [ -88.57996, 39.97178 ], [ -88.57923, 39.96636 ], [ -88.57328, 39.96208 ], [ -88.57284, 39.9591 ], [ -88.57508, 39.9572 ], [ -88.57355, 39.95331 ], [ -88.58672, 39.94785 ], [ -88.58682, 39.95022 ], [ -88.59042, 39.95378 ], [ -88.60259, 39.95488 ], [ -88.60081, 39.95304 ], [ -88.59924, 39.9432 ], [ -88.60399, 39.93969 ], [ -88.61444, 39.94162 ], [ -88.62363, 39.93588 ], [ -88.63822, 39.93099 ], [ -88.6436, 39.92587 ], [ -88.65127, 39.9258 ], [ -88.6631, 39.92993 ], [ -88.67069, 39.93008 ], [ -88.68358, 39.92631 ], [ -88.68952, 39.9198 ], [ -88.69252, 39.9104 ], [ -88.69587, 39.90817 ], [ -88.69721, 39.90445 ], [ -88.70226, 39.90241 ], [ -88.71145, 39.90387 ], [ -88.72373, 39.8985 ], [ -88.72687, 39.89567 ], [ -88.73199, 39.88713 ], [ -88.73826, 39.88281 ], [ -88.7393, 39.87544 ], [ -88.7409, 39.87581 ], [ -88.74626, 39.87195 ], [ -88.75125, 39.86673 ], [ -88.75099, 39.85883 ], [ -88.75566, 39.85299 ], [ -88.7568, 39.84745 ], [ -88.76557, 39.84009 ], [ -88.76898, 39.83337 ], [ -88.76788, 39.82342 ], [ -88.76953, 39.81761 ], [ -88.76402, 39.81018 ], [ -88.76305, 39.80314 ], [ -88.76315, 39.80125 ], [ -88.76694, 39.79915 ], [ -88.76387, 39.79634 ], [ -88.76709, 39.78698 ], [ -88.77065, 39.78216 ], [ -88.76844, 39.77316 ], [ -88.76953, 39.76472 ], [ -88.77793, 39.76125 ], [ -88.78085, 39.75633 ], [ -88.7866, 39.7529 ], [ -88.79108, 39.75251 ], [ -88.79511, 39.74921 ], [ -88.79566, 39.74619 ], [ -88.80479, 39.74178 ], [ -88.80846, 39.74288 ], [ -88.81327, 39.74018 ], [ -88.81262, 39.73612 ], [ -88.81629, 39.73403 ], [ -88.81588, 39.73192 ], [ -88.82424, 39.72989 ], [ -88.82744, 39.72648 ], [ -88.83535, 39.7242 ], [ -88.83703, 39.7223 ], [ -88.8519, 39.72268 ], [ -88.85505, 39.72077 ], [ -88.85509, 39.71452 ], [ -88.86066, 39.71008 ], [ -88.87158, 39.71124 ], [ -88.87447, 39.70856 ], [ -88.87291, 39.69912 ], [ -88.87517, 39.6978 ], [ -88.87826, 39.69198 ], [ -88.87421, 39.68779 ], [ -88.87078, 39.68005 ], [ -88.87031, 39.67138 ], [ -88.87609, 39.6638 ], [ -88.88034, 39.65317 ], [ -88.88242, 39.64624 ], [ -88.87979, 39.6419 ], [ -88.88756, 39.63277 ], [ -88.88562, 39.62466 ], [ -88.8873, 39.62032 ], [ -88.89512, 39.61998 ], [ -88.90943, 39.62384 ], [ -88.9119, 39.62747 ], [ -88.91214, 39.63381 ], [ -88.90642, 39.63805 ], [ -88.89757, 39.63963 ], [ -88.89044, 39.64727 ], [ -88.89011, 39.65444 ], [ -88.89217, 39.6609 ], [ -88.8973, 39.66424 ], [ -88.89929, 39.66882 ], [ -88.89826, 39.67106 ], [ -88.90068, 39.67296 ], [ -88.90162, 39.67765 ], [ -88.91036, 39.68086 ], [ -88.92759, 39.67955 ], [ -88.93439, 39.67686 ], [ -88.94105, 39.67088 ], [ -88.94609, 39.67361 ], [ -88.94678, 39.67565 ], [ -88.94281, 39.68298 ], [ -88.94581, 39.68526 ], [ -88.94561, 39.69359 ], [ -88.9416, 39.69906 ], [ -88.94381, 39.70363 ], [ -88.94292, 39.70589 ], [ -88.94456, 39.71081 ], [ -88.9505, 39.71224 ], [ -88.95069, 39.71677 ], [ -88.95474, 39.72257 ], [ -88.97499, 39.73092 ], [ -88.98326, 39.73151 ], [ -88.98492, 39.73993 ], [ -88.9931, 39.73598 ], [ -88.99952, 39.73913 ] ] ] } },
{ "type": "Feature", "properties": { "usgs_id": "05576000", "area": 3790327068.9609408 }, "geometry": { "type": "Polygon", "coordinates": [ [ [ -89.6947, 39.45546 ], [ -89.70065, 39.45603 ], [ -89.70302, 39.46754 ], [ -89.70175, 39.47044 ], [ -89.70429, 39.47289 ], [ -89.72067, 39.46911 ], [ -89.72246, 39.46617 ], [ -89.72726, 39.46408 ], [ -89.726, 39.46159 ], [ -89.72761, 39.45819 ], [ -89.7323, 39.45749 ], [ -89.7364, 39.46144 ], [ -89.74706, 39.45547 ], [ -89.74624, 39.45323 ], [ -89.74853, 39.4528 ], [ -89.75227, 39.45623 ], [ -89.75478, 39.45984 ], [ -89.74516, 39.46719 ], [ -89.74878, 39.47025 ], [ -89.74929, 39.47446 ], [ -89.74613, 39.47474 ], [ -89.73733, 39.48215 ], [ -89.73862, 39.48556 ], [ -89.74214, 39.48828 ], [ -89.74925, 39.48333 ], [ -89.75587, 39.49145 ], [ -89.75697, 39.49575 ], [ -89.76232, 39.49722 ], [ -89.76523, 39.49629 ], [ -89.76617, 39.49768 ], [ -89.76706, 39.5006 ], [ -89.76425, 39.50353 ], [ -89.76299, 39.50814 ], [ -89.75689, 39.51118 ], [ -89.75952, 39.51882 ], [ -89.75739, 39.51968 ], [ -89.75517, 39.52611 ], [ -89.74455, 39.52848 ], [ -89.74309, 39.53042 ], [ -89.73438, 39.53077 ], [ -89.71146, 39.53976 ], [ -89.70993, 39.54298 ], [ -89.70328, 39.54308 ], [ -89.70213, 39.54492 ], [ -89.7055, 39.54952 ], [ -89.70146, 39.55184 ], [ -89.69645, 39.55832 ], [ -89.68803, 39.56287 ], [ -89.69625, 39.57543 ], [ -89.69678, 39.579 ], [ -89.69439, 39.58422 ], [ -89.68908, 39.58833 ], [ -89.67164, 39.58863 ], [ -89.67039, 39.59115 ], [ -89.66677, 39.59295 ], [ -89.66577, 39.59999 ], [ -89.65712, 39.60163 ], [ -89.65631, 39.61321 ], [ -89.65284, 39.61255 ], [ -89.64561, 39.61566 ], [ -89.64173, 39.62549 ], [ -89.63335, 39.62954 ], [ -89.63466, 39.63226 ], [ -89.64397, 39.63391 ], [ -89.63907, 39.64284 ], [ -89.64128, 39.64565 ], [ -89.64675, 39.64781 ], [ -89.64817, 39.65969 ], [ -89.63768, 39.66453 ], [ -89.63649, 39.6674 ], [ -89.63031, 39.67117 ], [ -89.60581, 39.68134 ], [ -89.60003, 39.68702 ], [ -89.5938, 39.68718 ], [ -89.59144, 39.68926 ], [ -89.59209, 39.69569 ], [ -89.58462, 39.70047 ], [ -89.58732, 39.70553 ], [ -89.58048, 39.71899 ], [ -89.58391, 39.72779 ], [ -89.57734, 39.73436 ], [ -89.58284, 39.74193 ], [ -89.58049, 39.74451 ], [ -89.58383, 39.74984 ], [ -89.58155, 39.7523 ], [ -89.58372, 39.75997 ], [ -89.57853, 39.76467 ], [ -89.57557, 39.76336 ], [ -89.5709, 39.76407 ], [ -89.56898, 39.76684 ], [ -89.56382, 39.76835 ], [ -89.55153, 39.76805 ], [ -89.54905, 39.7653 ], [ -89.54876, 39.76215 ], [ -89.54258, 39.75853 ], [ -89.54352, 39.75672 ], [ -89.54076, 39.7532 ], [ -89.54384, 39.74923 ], [ -89.54573, 39.74902 ], [ -89.546, 39.74585 ], [ -89.53959, 39.73333 ], [ -89.53983, 39.72821 ], [ -89.53109, 39.72291 ], [ -89.51979, 39.72109 ], [ -89.51605, 39.72247 ], [ -89.51344, 39.72024 ], [ -89.50086, 39.72323 ], [ -89.49843, 39.72891 ], [ -89.48931, 39.73094 ], [ -89.47931, 39.7162 ], [ -89.43479, 39.69128 ], [ -89.42233, 39.69266 ], [ -89.40662, 39.69059 ], [ -89.39873, 39.68685 ], [ -89.39217, 39.6785 ], [ -89.3864, 39.67836 ], [ -89.37683, 39.67518 ], [ -89.36852, 39.67526 ], [ -89.35553, 39.67089 ], [ -89.341, 39.66369 ], [ -89.33009, 39.6611 ], [ -89.32071, 39.65486 ], [ -89.30469, 39.65123 ], [ -89.29562, 39.64725 ], [ -89.28715, 39.63599 ], [ -89.27645, 39.63315 ], [ -89.26644, 39.63281 ], [ -89.26297, 39.62235 ], [ -89.25606, 39.62398 ], [ -89.25338, 39.62139 ], [ -89.24801, 39.62189 ], [ -89.24296, 39.62574 ], [ -89.23084, 39.62195 ], [ -89.22286, 39.61656 ], [ -89.22099, 39.61684 ], [ -89.21711, 39.62453 ], [ -89.2089, 39.62276 ], [ -89.20152, 39.61795 ], [ -89.19032, 39.62545 ], [ -89.18809, 39.62553 ], [ -89.18395, 39.62424 ], [ -89.18552, 39.61651 ], [ -89.1825, 39.61166 ], [ -89.17859, 39.61219 ], [ -89.178, 39.61439 ], [ -89.16627, 39.61885 ], [ -89.15743, 39.62022 ], [ -89.15365, 39.62312 ], [ -89.14789, 39.63166 ], [ -89.12918, 39.64557 ], [ -89.12892, 39.64733 ], [ -89.11632, 39.65741 ], [ -89.11654, 39.65977 ], [ -89.1103, 39.66809 ], [ -89.11594, 39.6699 ], [ -89.11092, 39.67492 ], [ -89.11309, 39.68329 ], [ -89.11185, 39.68433 ], [ -89.10772, 39.68555 ], [ -89.10341, 39.68173 ], [ -89.09503, 39.68045 ], [ -89.08943, 39.67327 ], [ -89.08266, 39.67395 ], [ -89.07682, 39.68022 ], [ -89.07799, 39.68552 ], [ -89.07272, 39.68693 ], [ -89.07147, 39.69005 ], [ -89.06678, 39.69155 ], [ -89.06557, 39.69565 ], [ -89.06198, 39.69697 ], [ -89.0613, 39.69968 ], [ -89.05859, 39.7018 ], [ -89.05308, 39.70369 ], [ -89.04977, 39.70852 ], [ -89.04677, 39.70887 ], [ -89.04572, 39.71148 ], [ -89.03765, 39.71614 ], [ -89.02963, 39.71719 ], [ -89.02557, 39.72106 ], [ -89.02362, 39.72578 ], [ -89.01636, 39.72747 ], [ -89.01449, 39.73084 ], [ -88.99834, 39.72725 ], [ -88.98492, 39.73993 ], [ -88.98326, 39.73151 ], [ -88.97499, 39.73092 ], [ -88.95474, 39.72257 ], [ -88.95069, 39.71677 ], [ -88.9505, 39.71224 ], [ -88.94456, 39.71081 ], [ -88.94292, 39.70589 ], [ -88.94381, 39.70363 ], [ -88.9416, 39.69906 ], [ -88.94561, 39.69359 ], [ -88.94581, 39.68526 ], [ -88.94281, 39.68298 ], [ -88.94678, 39.67565 ], [ -88.94609, 39.67361 ], [ -88.94105, 39.67088 ], [ -88.93014, 39.67892 ], [ -88.90807, 39.68043 ], [ -88.90162, 39.67765 ], [ -88.90068, 39.67296 ], [ -88.89826, 39.67106 ], [ -88.89929, 39.66882 ], [ -88.8973, 39.66424 ], [ -88.89217, 39.6609 ], [ -88.89011, 39.65444 ], [ -88.89044, 39.64727 ], [ -88.8945, 39.64235 ], [ -88.89757, 39.63963 ], [ -88.90642, 39.63805 ], [ -88.91214, 39.63381 ], [ -88.91257, 39.63155 ], [ -88.91064, 39.62429 ], [ -88.89512, 39.61998 ], [ -88.88665, 39.61975 ], [ -88.89241, 39.61379 ], [ -88.89651, 39.60665 ], [ -88.89501, 39.59997 ], [ -88.89944, 39.59176 ], [ -88.88961, 39.58506 ], [ -88.88847, 39.57706 ], [ -88.88367, 39.57326 ], [ -88.88375, 39.56863 ], [ -88.87895, 39.56546 ], [ -88.87919, 39.56084 ], [ -88.874, 39.54935 ], [ -88.87464, 39.54617 ], [ -88.87966, 39.54316 ], [ -88.88158, 39.53995 ], [ -88.88062, 39.53404 ], [ -88.88487, 39.52327 ], [ -88.88484, 39.52057 ], [ -88.87923, 39.51597 ], [ -88.88155, 39.51301 ], [ -88.88216, 39.50057 ], [ -88.8916, 39.49706 ], [ -88.90059, 39.49831 ], [ -88.90249, 39.50044 ], [ -88.90765, 39.50123 ], [ -88.91905, 39.49924 ], [ -88.92232, 39.5019 ], [ -88.92496, 39.49942 ], [ -88.92838, 39.49902 ], [ -88.94425, 39.50093 ], [ -88.94692, 39.50263 ], [ -88.95092, 39.49874 ], [ -88.95353, 39.49829 ], [ -88.95906, 39.50083 ], [ -88.96458, 39.49762 ], [ -88.97761, 39.4939 ], [ -88.99499, 39.49112 ], [ -88.99274, 39.48198 ], [ -88.99673, 39.47605 ], [ -89.00205, 39.47299 ], [ -89.00147, 39.47012 ], [ -89.00657, 39.46446 ], [ -89.01224, 39.4604 ], [ -89.01051, 39.45779 ], [ -89.01315, 39.45389 ], [ -89.01294, 39.45159 ], [ -89.01892, 39.44817 ], [ -89.01265, 39.4422 ], [ -89.0163, 39.43678 ], [ -89.01612, 39.43474 ], [ -89.01247, 39.43265 ], [ -89.01336, 39.42907 ], [ -89.02065, 39.42462 ], [ -89.01834, 39.4232 ], [ -89.02472, 39.41736 ], [ -89.027, 39.41201 ], [ -89.034, 39.41078 ], [ -89.03655, 39.406 ], [ -89.03183, 39.39843 ], [ -89.0364, 39.39493 ], [ -89.04264, 39.39783 ], [ -89.04522, 39.39632 ], [ -89.04941, 39.40182 ], [ -89.06125, 39.40664 ], [ -89.06699, 39.40402 ], [ -89.06817, 39.40864 ], [ -89.07148, 39.40817 ], [ -89.07766, 39.40003 ], [ -89.08176, 39.39878 ], [ -89.08493, 39.38877 ], [ -89.09667, 39.38823 ], [ -89.10272, 39.39069 ], [ -89.11993, 39.38779 ], [ -89.12488, 39.38374 ], [ -89.13262, 39.3839 ], [ -89.13371, 39.38016 ], [ -89.13808, 39.38081 ], [ -89.14313, 39.37646 ], [ -89.14337, 39.37341 ], [ -89.15048, 39.37388 ], [ -89.15833, 39.37085 ], [ -89.16433, 39.36516 ], [ -89.16626, 39.36454 ], [ -89.17171, 39.36768 ], [ -89.17402, 39.3646 ], [ -89.17696, 39.36376 ], [ -89.17504, 39.3621 ], [ -89.1754, 39.35723 ], [ -89.17411, 39.35653 ], [ -89.17726, 39.34955 ], [ -89.17657, 39.3482 ], [ -89.18126, 39.34531 ], [ -89.18123, 39.3428 ], [ -89.18361, 39.34027 ], [ -89.1875, 39.34055 ], [ -89.19474, 39.33285 ], [ -89.19857, 39.33144 ], [ -89.19949, 39.33037 ], [ -89.19763, 39.32601 ], [ -89.20214, 39.32174 ], [ -89.20835, 39.32219 ], [ -89.21097, 39.32391 ], [ -89.21008, 39.3202 ], [ -89.21358, 39.31666 ], [ -89.21094, 39.31265 ], [ -89.21227, 39.31102 ], [ -89.22072, 39.30863 ], [ -89.22448, 39.31003 ], [ -89.2245, 39.31352 ], [ -89.2328, 39.31385 ], [ -89.2401, 39.30865 ], [ -89.25265, 39.30821 ], [ -89.25732, 39.317 ], [ -89.26446, 39.31918 ], [ -89.26119, 39.32227 ], [ -89.26085, 39.32556 ], [ -89.26578, 39.32584 ], [ -89.27003, 39.32938 ], [ -89.27055, 39.34071 ], [ -89.28737, 39.33452 ], [ -89.30018, 39.334 ], [ -89.301, 39.33135 ], [ -89.30468, 39.33294 ], [ -89.30796, 39.33226 ], [ -89.3108, 39.33011 ], [ -89.30728, 39.32641 ], [ -89.30791, 39.32393 ], [ -89.31598, 39.31793 ], [ -89.31769, 39.31233 ], [ -89.32229, 39.30673 ], [ -89.32448, 39.30646 ], [ -89.32845, 39.31227 ], [ -89.33206, 39.3142 ], [ -89.33536, 39.31387 ], [ -89.33957, 39.31763 ], [ -89.34076, 39.3235 ], [ -89.33802, 39.32875 ], [ -89.33872, 39.33646 ], [ -89.34674, 39.34504 ], [ -89.34532, 39.34916 ], [ -89.33968, 39.35489 ], [ -89.35232, 39.35732 ], [ -89.35908, 39.34941 ], [ -89.37129, 39.34494 ], [ -89.37846, 39.34489 ], [ -89.39297, 39.35582 ], [ -89.39764, 39.35264 ], [ -89.39908, 39.34884 ], [ -89.40858, 39.34863 ], [ -89.4225, 39.33656 ], [ -89.42273, 39.33285 ], [ -89.41903, 39.3268 ], [ -89.41681, 39.32618 ], [ -89.42302, 39.3242 ], [ -89.42674, 39.31977 ], [ -89.4311, 39.32164 ], [ -89.43361, 39.32976 ], [ -89.43672, 39.33198 ], [ -89.44498, 39.33119 ], [ -89.45155, 39.32865 ], [ -89.45654, 39.32459 ], [ -89.46493, 39.3135 ], [ -89.47411, 39.31518 ], [ -89.48139, 39.31838 ], [ -89.48863, 39.32996 ], [ -89.49117, 39.33123 ], [ -89.49519, 39.3293 ], [ -89.4981, 39.33115 ], [ -89.50725, 39.33203 ], [ -89.51534, 39.32445 ], [ -89.51542, 39.32983 ], [ -89.52104, 39.33444 ], [ -89.5204, 39.34042 ], [ -89.52257, 39.34304 ], [ -89.52249, 39.34632 ], [ -89.52716, 39.34975 ], [ -89.5377, 39.35013 ], [ -89.54891, 39.355 ], [ -89.54843, 39.36207 ], [ -89.55072, 39.36385 ], [ -89.55079, 39.36694 ], [ -89.55768, 39.37257 ], [ -89.55339, 39.37747 ], [ -89.55103, 39.38424 ], [ -89.56125, 39.39215 ], [ -89.56188, 39.39437 ], [ -89.55959, 39.39543 ], [ -89.55835, 39.40061 ], [ -89.56105, 39.40394 ], [ -89.56565, 39.40033 ], [ -89.56901, 39.40182 ], [ -89.57002, 39.40718 ], [ -89.57477, 39.40829 ], [ -89.58231, 39.4225 ], [ -89.59228, 39.4291 ], [ -89.59162, 39.43499 ], [ -89.59457, 39.44772 ], [ -89.60199, 39.46308 ], [ -89.60693, 39.46147 ], [ -89.60964, 39.45759 ], [ -89.62438, 39.45523 ], [ -89.62623, 39.45875 ], [ -89.62442, 39.46288 ], [ -89.62517, 39.46609 ], [ -89.62253, 39.46779 ], [ -89.62169, 39.47189 ], [ -89.62206, 39.47459 ], [ -89.62595, 39.4766 ], [ -89.6313, 39.47175 ], [ -89.64759, 39.46312 ], [ -89.65273, 39.46296 ], [ -89.65517, 39.46693 ], [ -89.66271, 39.47047 ], [ -89.66605, 39.46891 ], [ -89.67226, 39.47015 ], [ -89.68059, 39.46158 ], [ -89.6947, 39.45546 ] ] ] } },
{ "type": "Feature", "properties": { "usgs_id": "05572000", "area": 2490271280.8921418 }, "geometry": { "type": "Polygon", "coordinates": [ [ [ -88.62898, 40.00519 ], [ -88.63381, 40.01004 ], [ -88.62744, 40.01665 ], [ -88.62229, 40.01659 ], [ -88.61084, 40.02646 ], [ -88.61413, 40.02764 ], [ -88.61313, 40.032 ], [ -88.61539, 40.03189 ], [ -88.61756, 40.03818 ], [ -88.6146, 40.03932 ], [ -88.61284, 40.04375 ], [ -88.61579, 40.05034 ], [ -88.61369, 40.05578 ], [ -88.62669, 40.0585 ], [ -88.62974, 40.06052 ], [ -88.62888, 40.06393 ], [ -88.63542, 40.06427 ], [ -88.6395, 40.06985 ], [ -88.63867, 40.07432 ], [ -88.63977, 40.07633 ], [ -88.6379, 40.08155 ], [ -88.64112, 40.08306 ], [ -88.64281, 40.0902 ], [ -88.66248, 40.08945 ], [ -88.66697, 40.09403 ], [ -88.66896, 40.094 ], [ -88.66925, 40.09689 ], [ -88.67126, 40.09776 ], [ -88.6699, 40.09993 ], [ -88.67056, 40.10249 ], [ -88.66889, 40.10349 ], [ -88.67071, 40.10548 ], [ -88.6835, 40.10684 ], [ -88.68469, 40.10997 ], [ -88.68364, 40.1115 ], [ -88.68564, 40.11509 ], [ -88.68466, 40.11814 ], [ -88.69663, 40.11695 ], [ -88.69902, 40.11876 ], [ -88.7034, 40.11804 ], [ -88.70535, 40.11982 ], [ -88.70245, 40.11993 ], [ -88.69953, 40.12636 ], [ -88.70015, 40.13058 ], [ -88.70213, 40.13198 ], [ -88.70683, 40.14265 ], [ -88.70686, 40.1483 ], [ -88.69974, 40.15098 ], [ -88.70088, 40.15437 ], [ -88.69181, 40.15623 ], [ -88.69615, 40.16061 ], [ -88.69295, 40.16301 ], [ -88.6961, 40.16822 ], [ -88.69557, 40.16992 ], [ -88.70242, 40.17375 ], [ -88.70132, 40.17542 ], [ -88.70425, 40.17917 ], [ -88.70396, 40.18227 ], [ -88.70681, 40.18335 ], [ -88.70927, 40.18241 ], [ -88.711, 40.18399 ], [ -88.71008, 40.18663 ], [ -88.70603, 40.18709 ], [ -88.69825, 40.19318 ], [ -88.6944, 40.19303 ], [ -88.69159, 40.19507 ], [ -88.6951, 40.19871 ], [ -88.69454, 40.19991 ], [ -88.68622, 40.20377 ], [ -88.68154, 40.20186 ], [ -88.68135, 40.19912 ], [ -88.67129, 40.19741 ], [ -88.66686, 40.19282 ], [ -88.66086, 40.18957 ], [ -88.64671, 40.19109 ], [ -88.64123, 40.18974 ], [ -88.63328, 40.19437 ], [ -88.62808, 40.19018 ], [ -88.61978, 40.19008 ], [ -88.6145, 40.19246 ], [ -88.60217, 40.19066 ], [ -88.59991, 40.19319 ], [ -88.59539, 40.1916 ], [ -88.5864, 40.19272 ], [ -88.58528, 40.19591 ], [ -88.57931, 40.19342 ], [ -88.57451, 40.1979 ], [ -88.57147, 40.19505 ], [ -88.5697, 40.19525 ], [ -88.56875, 40.19701 ], [ -88.56457, 40.19745 ], [ -88.56315, 40.19921 ], [ -88.55389, 40.20038 ], [ -88.5452, 40.20379 ], [ -88.54242, 40.20623 ], [ -88.54317, 40.20944 ], [ -88.54195, 40.21038 ], [ -88.53846, 40.21161 ], [ -88.5368, 40.20911 ], [ -88.53392, 40.20891 ], [ -88.52739, 40.21067 ], [ -88.5289, 40.21441 ], [ -88.52858, 40.21643 ], [ -88.52646, 40.21749 ], [ -88.52853, 40.21815 ], [ -88.52875, 40.22096 ], [ -88.52531, 40.22692 ], [ -88.52608, 40.22882 ], [ -88.52921, 40.22983 ], [ -88.53111, 40.23442 ], [ -88.525, 40.23633 ], [ -88.5245, 40.23781 ], [ -88.51394, 40.23824 ], [ -88.51217, 40.24485 ], [ -88.51365, 40.25063 ], [ -88.50638, 40.2606 ], [ -88.50534, 40.26557 ], [ -88.51132, 40.26706 ], [ -88.5138, 40.26989 ], [ -88.51439, 40.2713 ], [ -88.51078, 40.27624 ], [ -88.51237, 40.278 ], [ -88.51338, 40.28538 ], [ -88.51791, 40.29033 ], [ -88.51631, 40.29383 ], [ -88.51983, 40.29874 ], [ -88.52844, 40.30635 ], [ -88.52736, 40.31452 ], [ -88.53156, 40.31811 ], [ -88.53838, 40.32002 ], [ -88.54099, 40.32419 ], [ -88.53538, 40.3289 ], [ -88.53545, 40.33125 ], [ -88.53157, 40.33572 ], [ -88.53294, 40.33778 ], [ -88.5318, 40.3403 ], [ -88.53429, 40.34044 ], [ -88.53754, 40.34404 ], [ -88.53625, 40.35038 ], [ -88.53762, 40.35376 ], [ -88.53639, 40.35754 ], [ -88.53776, 40.35844 ], [ -88.53332, 40.3702 ], [ -88.53415, 40.3759 ], [ -88.53048, 40.38024 ], [ -88.53179, 40.38689 ], [ -88.52628, 40.39638 ], [ -88.52907, 40.4058 ], [ -88.52841, 40.41136 ], [ -88.54219, 40.41988 ], [ -88.5492, 40.42003 ], [ -88.55096, 40.4225 ], [ -88.55431, 40.42248 ], [ -88.55613, 40.41828 ], [ -88.5602, 40.41746 ], [ -88.56681, 40.42268 ], [ -88.57499, 40.41967 ], [ -88.57625, 40.41787 ], [ -88.59619, 40.41176 ], [ -88.59786, 40.40939 ], [ -88.60301, 40.40763 ], [ -88.6145, 40.40775 ], [ -88.61917, 40.40528 ], [ -88.62486, 40.40692 ], [ -88.63151, 40.40579 ], [ -88.63914, 40.40812 ], [ -88.64481, 40.40554 ], [ -88.65562, 40.4084 ], [ -88.6566, 40.40708 ], [ -88.6606, 40.40896 ], [ -88.66676, 40.40796 ], [ -88.66738, 40.41 ], [ -88.67644, 40.41055 ], [ -88.68105, 40.40855 ], [ -88.69097, 40.4096 ], [ -88.69282, 40.40774 ], [ -88.69641, 40.41172 ], [ -88.70119, 40.41216 ], [ -88.70368, 40.42544 ], [ -88.70856, 40.42486 ], [ -88.71721, 40.42795 ], [ -88.71802, 40.43228 ], [ -88.71484, 40.43558 ], [ -88.72646, 40.44151 ], [ -88.72874, 40.44084 ], [ -88.72937, 40.44289 ], [ -88.73348, 40.44464 ], [ -88.73505, 40.44469 ], [ -88.73562, 40.44285 ], [ -88.74244, 40.44364 ], [ -88.74284, 40.45223 ], [ -88.7575, 40.45901 ], [ -88.75035, 40.46337 ], [ -88.7503, 40.4661 ], [ -88.74702, 40.46888 ], [ -88.73208, 40.46704 ], [ -88.70819, 40.4602 ], [ -88.6853, 40.45962 ], [ -88.67109, 40.45388 ], [ -88.65387, 40.45598 ], [ -88.64923, 40.45364 ], [ -88.64269, 40.4535 ], [ -88.62615, 40.45661 ], [ -88.6206, 40.45592 ], [ -88.61795, 40.45838 ], [ -88.61764, 40.46116 ], [ -88.61081, 40.46048 ], [ -88.60906, 40.4629 ], [ -88.6064, 40.46328 ], [ -88.60301, 40.46877 ], [ -88.60378, 40.47109 ], [ -88.60213, 40.47177 ], [ -88.59734, 40.47029 ], [ -88.58687, 40.47281 ], [ -88.58493, 40.47095 ], [ -88.57951, 40.47055 ], [ -88.5667, 40.4733 ], [ -88.55531, 40.47788 ], [ -88.55148, 40.47493 ], [ -88.54375, 40.4721 ], [ -88.53871, 40.4725 ], [ -88.53398, 40.46964 ], [ -88.53132, 40.47109 ], [ -88.52162, 40.47105 ], [ -88.51238, 40.46744 ], [ -88.50944, 40.46819 ], [ -88.50886, 40.47144 ], [ -88.50427, 40.47259 ], [ -88.50415, 40.4757 ], [ -88.499, 40.47957 ], [ -88.49908, 40.48289 ], [ -88.4969, 40.48373 ], [ -88.49498, 40.48729 ], [ -88.49153, 40.48861 ], [ -88.48881, 40.48762 ], [ -88.48429, 40.48977 ], [ -88.47974, 40.49542 ], [ -88.47756, 40.49427 ], [ -88.47128, 40.49817 ], [ -88.46761, 40.49774 ], [ -88.46235, 40.50245 ], [ -88.46262, 40.50516 ], [ -88.45744, 40.5062 ], [ -88.45802, 40.50763 ], [ -88.45065, 40.51057 ], [ -88.44601, 40.51525 ], [ -88.44133, 40.51625 ], [ -88.44045, 40.52192 ], [ -88.43762, 40.52506 ], [ -88.434, 40.52629 ], [ -88.43298, 40.52964 ], [ -88.41983, 40.5347 ], [ -88.41753, 40.53639 ], [ -88.41773, 40.53819 ], [ -88.41223, 40.54065 ], [ -88.41224, 40.54233 ], [ -88.40612, 40.54308 ], [ -88.40542, 40.54552 ], [ -88.39831, 40.54925 ], [ -88.39439, 40.54969 ], [ -88.39162, 40.54777 ], [ -88.38685, 40.54748 ], [ -88.38552, 40.54568 ], [ -88.38246, 40.55235 ], [ -88.38216, 40.55913 ], [ -88.37152, 40.56275 ], [ -88.36652, 40.56696 ], [ -88.35733, 40.56118 ], [ -88.35595, 40.55548 ], [ -88.35427, 40.5542 ], [ -88.35644, 40.5505 ], [ -88.35345, 40.54711 ], [ -88.35378, 40.54398 ], [ -88.35169, 40.54364 ], [ -88.34997, 40.54068 ], [ -88.34943, 40.53341 ], [ -88.34735, 40.53239 ], [ -88.34644, 40.52708 ], [ -88.335, 40.51899 ], [ -88.33558, 40.51495 ], [ -88.33795, 40.51368 ], [ -88.33509, 40.51006 ], [ -88.33604, 40.5079 ], [ -88.33371, 40.50289 ], [ -88.33521, 40.50046 ], [ -88.33033, 40.48592 ], [ -88.31506, 40.48473 ], [ -88.30823, 40.47988 ], [ -88.3086, 40.47667 ], [ -88.30557, 40.47365 ], [ -88.30915, 40.46892 ], [ -88.30673, 40.4611 ], [ -88.30911, 40.46074 ], [ -88.31003, 40.45836 ], [ -88.30575, 40.45805 ], [ -88.30275, 40.45578 ], [ -88.29706, 40.45569 ], [ -88.29455, 40.45258 ], [ -88.29376, 40.44662 ], [ -88.29116, 40.44525 ], [ -88.28264, 40.44548 ], [ -88.26631, 40.43989 ], [ -88.26364, 40.43661 ], [ -88.25264, 40.43511 ], [ -88.24968, 40.43228 ], [ -88.24789, 40.42742 ], [ -88.22836, 40.41294 ], [ -88.22186, 40.41346 ], [ -88.21866, 40.41098 ], [ -88.2171, 40.41258 ], [ -88.21155, 40.41282 ], [ -88.2067, 40.41072 ], [ -88.2054, 40.40794 ], [ -88.2003, 40.40723 ], [ -88.20107, 40.40528 ], [ -88.19896, 40.40372 ], [ -88.19463, 40.40399 ], [ -88.1907, 40.39924 ], [ -88.19334, 40.39866 ], [ -88.19066, 40.39588 ], [ -88.19374, 40.39408 ], [ -88.19348, 40.39279 ], [ -88.18938, 40.38996 ], [ -88.18512, 40.39035 ], [ -88.17588, 40.3854 ], [ -88.17267, 40.38247 ], [ -88.17261, 40.37656 ], [ -88.1706, 40.37417 ], [ -88.16753, 40.37491 ], [ -88.16018, 40.36926 ], [ -88.15945, 40.37046 ], [ -88.15788, 40.36936 ], [ -88.15188, 40.37004 ], [ -88.15272, 40.36607 ], [ -88.14616, 40.35578 ], [ -88.14677, 40.3509 ], [ -88.14434, 40.34922 ], [ -88.14604, 40.34714 ], [ -88.14257, 40.34109 ], [ -88.14284, 40.33697 ], [ -88.14576, 40.33459 ], [ -88.14671, 40.33136 ], [ -88.14399, 40.32983 ], [ -88.14522, 40.3227 ], [ -88.1544, 40.31526 ], [ -88.15715, 40.3156 ], [ -88.15897, 40.31404 ], [ -88.16044, 40.30836 ], [ -88.17266, 40.30777 ], [ -88.17484, 40.30246 ], [ -88.18133, 40.29899 ], [ -88.18427, 40.30285 ], [ -88.1873, 40.30159 ], [ -88.18858, 40.3009 ], [ -88.18749, 40.2982 ], [ -88.19184, 40.29252 ], [ -88.19535, 40.29286 ], [ -88.20171, 40.28888 ], [ -88.20894, 40.28778 ], [ -88.21498, 40.27971 ], [ -88.22442, 40.27924 ], [ -88.22399, 40.27602 ], [ -88.22717, 40.27548 ], [ -88.2293, 40.27134 ], [ -88.2382, 40.2734 ], [ -88.23961, 40.27054 ], [ -88.23797, 40.26792 ], [ -88.23416, 40.267 ], [ -88.23341, 40.26404 ], [ -88.23649, 40.26282 ], [ -88.23992, 40.26388 ], [ -88.24952, 40.25987 ], [ -88.25253, 40.26031 ], [ -88.25922, 40.25225 ], [ -88.26278, 40.25109 ], [ -88.26252, 40.24875 ], [ -88.26665, 40.24704 ], [ -88.26734, 40.24414 ], [ -88.27635, 40.23613 ], [ -88.28201, 40.22783 ], [ -88.28839, 40.22419 ], [ -88.29553, 40.21499 ], [ -88.29889, 40.21463 ], [ -88.30189, 40.20962 ], [ -88.30096, 40.20794 ], [ -88.3073, 40.20391 ], [ -88.31126, 40.19183 ], [ -88.31863, 40.18296 ], [ -88.32543, 40.18606 ], [ -88.33158, 40.18491 ], [ -88.33682, 40.18622 ], [ -88.34147, 40.18433 ], [ -88.34243, 40.17923 ], [ -88.34609, 40.17482 ], [ -88.34417, 40.17139 ], [ -88.35181, 40.16783 ], [ -88.36605, 40.1505 ], [ -88.37293, 40.13697 ], [ -88.37967, 40.11867 ], [ -88.3844, 40.11756 ], [ -88.39043, 40.11299 ], [ -88.38802, 40.10923 ], [ -88.38965, 40.10485 ], [ -88.39735, 40.09916 ], [ -88.39735, 40.09747 ], [ -88.40798, 40.08523 ], [ -88.41189, 40.07742 ], [ -88.4343, 40.06392 ], [ -88.44393, 40.06301 ], [ -88.44683, 40.06087 ], [ -88.44858, 40.05327 ], [ -88.45457, 40.05043 ], [ -88.45939, 40.0429 ], [ -88.46113, 40.03581 ], [ -88.45965, 40.03128 ], [ -88.46434, 40.03048 ], [ -88.46637, 40.02818 ], [ -88.46847, 40.02027 ], [ -88.46701, 40.01919 ], [ -88.47019, 40.01699 ], [ -88.47939, 40.01261 ], [ -88.48837, 40.01572 ], [ -88.49095, 40.0143 ], [ -88.49479, 40.0159 ], [ -88.51194, 40.00825 ], [ -88.52134, 40.00609 ], [ -88.52513, 40.00222 ], [ -88.52682, 40.00264 ], [ -88.53429, 39.99834 ], [ -88.53551, 39.99848 ], [ -88.5362, 40.00209 ], [ -88.5402, 40.00224 ], [ -88.55381, 39.99875 ], [ -88.5569, 40.00583 ], [ -88.55688, 40.01114 ], [ -88.5682, 40.00752 ], [ -88.58856, 40.00692 ], [ -88.59493, 40.00414 ], [ -88.60317, 40.00548 ], [ -88.60823, 40.00331 ], [ -88.61275, 40.00575 ], [ -88.62114, 40.00568 ], [ -88.62338, 40.00694 ], [ -88.62898, 40.00519 ] ] ] } },
{ "type": "Feature", "properties": { "usgs_id": "05578500", "area": 1483382507.4486041 }, "geometry": { "type": "Polygon", "coordinates": [ [ [ -88.99759, 40.07165 ], [ -89.00117, 40.07313 ], [ -89.00263, 40.07837 ], [ -89.0082, 40.08148 ], [ -89.02496, 40.0866 ], [ -89.02601, 40.09041 ], [ -89.02335, 40.09437 ], [ -89.02331, 40.09886 ], [ -89.0321, 40.10111 ], [ -89.04072, 40.10024 ], [ -89.04998, 40.10382 ], [ -89.0516, 40.10965 ], [ -89.06214, 40.11486 ], [ -89.06025, 40.11692 ], [ -89.05701, 40.11636 ], [ -89.0509, 40.11953 ], [ -89.03746, 40.12288 ], [ -89.02596, 40.12756 ], [ -89.02233, 40.13089 ], [ -89.00802, 40.13439 ], [ -88.99057, 40.14475 ], [ -88.96953, 40.14661 ], [ -88.96772, 40.14951 ], [ -88.96848, 40.15265 ], [ -88.96633, 40.15404 ], [ -88.95309, 40.15602 ], [ -88.9503, 40.16026 ], [ -88.94547, 40.16176 ], [ -88.94353, 40.16524 ], [ -88.93485, 40.16788 ], [ -88.93065, 40.17389 ], [ -88.93169, 40.17821 ], [ -88.92934, 40.18276 ], [ -88.92283, 40.18439 ], [ -88.91508, 40.18942 ], [ -88.91487, 40.19331 ], [ -88.91136, 40.19395 ], [ -88.90848, 40.19228 ], [ -88.90303, 40.19452 ], [ -88.90236, 40.19667 ], [ -88.89907, 40.19602 ], [ -88.89823, 40.19816 ], [ -88.89211, 40.19896 ], [ -88.88846, 40.203 ], [ -88.88528, 40.20272 ], [ -88.87885, 40.20998 ], [ -88.85731, 40.22211 ], [ -88.85566, 40.22458 ], [ -88.85047, 40.22546 ], [ -88.8468, 40.22896 ], [ -88.84684, 40.2305 ], [ -88.85082, 40.23188 ], [ -88.85397, 40.23609 ], [ -88.85009, 40.23834 ], [ -88.84799, 40.24196 ], [ -88.84947, 40.24203 ], [ -88.85031, 40.24513 ], [ -88.85592, 40.24745 ], [ -88.85786, 40.25325 ], [ -88.85477, 40.2594 ], [ -88.85606, 40.2644 ], [ -88.85339, 40.26493 ], [ -88.85507, 40.26908 ], [ -88.8586, 40.26983 ], [ -88.8593, 40.27174 ], [ -88.85425, 40.27373 ], [ -88.85066, 40.27793 ], [ -88.85706, 40.28346 ], [ -88.85411, 40.28451 ], [ -88.85948, 40.28783 ], [ -88.85372, 40.29194 ], [ -88.84499, 40.29121 ], [ -88.83925, 40.3033 ], [ -88.84275, 40.30703 ], [ -88.85034, 40.30946 ], [ -88.85125, 40.30649 ], [ -88.85465, 40.30506 ], [ -88.86208, 40.3059 ], [ -88.86148, 40.30842 ], [ -88.86451, 40.31108 ], [ -88.86791, 40.31156 ], [ -88.8681, 40.3141 ], [ -88.87289, 40.31561 ], [ -88.87731, 40.32234 ], [ -88.88378, 40.31902 ], [ -88.89029, 40.32153 ], [ -88.89043, 40.32748 ], [ -88.90223, 40.33162 ], [ -88.89175, 40.34 ], [ -88.89164, 40.34309 ], [ -88.88769, 40.34538 ], [ -88.87317, 40.34757 ], [ -88.87186, 40.34526 ], [ -88.86489, 40.34585 ], [ -88.86468, 40.34794 ], [ -88.86192, 40.34935 ], [ -88.8623, 40.35227 ], [ -88.85778, 40.36085 ], [ -88.8591, 40.36283 ], [ -88.8539, 40.36522 ], [ -88.85453, 40.36758 ], [ -88.84358, 40.36717 ], [ -88.84372, 40.36943 ], [ -88.83548, 40.37327 ], [ -88.82929, 40.36991 ], [ -88.82846, 40.37362 ], [ -88.83176, 40.3773 ], [ -88.82346, 40.37784 ], [ -88.82272, 40.37933 ], [ -88.81325, 40.38151 ], [ -88.80786, 40.37873 ], [ -88.79989, 40.3779 ], [ -88.79682, 40.37999 ], [ -88.79391, 40.37965 ], [ -88.79337, 40.38165 ], [ -88.78035, 40.38483 ], [ -88.78368, 40.38726 ], [ -88.78414, 40.39664 ], [ -88.78026, 40.40244 ], [ -88.78303, 40.41024 ], [ -88.7802, 40.41313 ], [ -88.77387, 40.41241 ], [ -88.77188, 40.41444 ], [ -88.76922, 40.41043 ], [ -88.75445, 40.40995 ], [ -88.74994, 40.41356 ], [ -88.74768, 40.42178 ], [ -88.74862, 40.42535 ], [ -88.74542, 40.43384 ], [ -88.74927, 40.43624 ], [ -88.74948, 40.4382 ], [ -88.74716, 40.44166 ], [ -88.74244, 40.44364 ], [ -88.73562, 40.44285 ], [ -88.73505, 40.44469 ], [ -88.73348, 40.44464 ], [ -88.72937, 40.44289 ], [ -88.72874, 40.44084 ], [ -88.72646, 40.44151 ], [ -88.71484, 40.43558 ], [ -88.71802, 40.43228 ], [ -88.71721, 40.42795 ], [ -88.70856, 40.42486 ], [ -88.70368, 40.42544 ], [ -88.70119, 40.41216 ], [ -88.69641, 40.41172 ], [ -88.69282, 40.40774 ], [ -88.69097, 40.4096 ], [ -88.68105, 40.40855 ], [ -88.67644, 40.41055 ], [ -88.66738, 40.41 ], [ -88.66676, 40.40796 ], [ -88.6606, 40.40896 ], [ -88.6566, 40.40708 ], [ -88.65562, 40.4084 ], [ -88.64481, 40.40554 ], [ -88.63914, 40.40812 ], [ -88.63151, 40.40579 ], [ -88.62486, 40.40692 ], [ -88.61917, 40.40528 ], [ -88.6145, 40.40775 ], [ -88.60301, 40.40763 ], [ -88.59786, 40.40939 ], [ -88.59619, 40.41176 ], [ -88.57625, 40.41787 ], [ -88.57499, 40.41967 ], [ -88.56681, 40.42268 ], [ -88.5602, 40.41746 ], [ -88.55613, 40.41828 ], [ -88.55431, 40.42248 ], [ -88.55096, 40.4225 ], [ -88.5492, 40.42003 ], [ -88.54219, 40.41988 ], [ -88.52841, 40.41136 ], [ -88.52907, 40.4058 ], [ -88.52628, 40.39638 ], [ -88.53179, 40.38689 ], [ -88.53048, 40.38024 ], [ -88.53415, 40.3759 ], [ -88.53332, 40.3702 ], [ -88.53776, 40.35844 ], [ -88.53639, 40.35754 ], [ -88.53762, 40.35376 ], [ -88.53625, 40.35038 ], [ -88.53754, 40.34404 ], [ -88.53429, 40.34044 ], [ -88.5318, 40.3403 ], [ -88.53294, 40.33778 ], [ -88.53157, 40.33572 ], [ -88.53545, 40.33125 ], [ -88.53538, 40.3289 ], [ -88.54099, 40.32419 ], [ -88.53838, 40.32002 ], [ -88.53156, 40.31811 ], [ -88.52736, 40.31452 ], [ -88.52844, 40.30635 ], [ -88.51983, 40.29874 ], [ -88.51631, 40.29383 ], [ -88.51791, 40.29033 ], [ -88.51338, 40.28538 ], [ -88.51237, 40.278 ], [ -88.51078, 40.27624 ], [ -88.51439, 40.2713 ], [ -88.5138, 40.26989 ], [ -88.51132, 40.26706 ], [ -88.50534, 40.26557 ], [ -88.50638, 40.2606 ], [ -88.51365, 40.25063 ], [ -88.51217, 40.24485 ], [ -88.51394, 40.23824 ], [ -88.5245, 40.23781 ], [ -88.525, 40.23633 ], [ -88.53111, 40.23442 ], [ -88.52921, 40.22983 ], [ -88.52608, 40.22882 ], [ -88.52531, 40.22692 ], [ -88.52875, 40.22096 ], [ -88.52853, 40.21815 ], [ -88.52646, 40.21749 ], [ -88.52858, 40.21643 ], [ -88.5289, 40.21441 ], [ -88.52739, 40.21067 ], [ -88.53392, 40.20891 ], [ -88.5368, 40.20911 ], [ -88.53846, 40.21161 ], [ -88.54195, 40.21038 ], [ -88.54317, 40.20944 ], [ -88.54242, 40.20623 ], [ -88.5452, 40.20379 ], [ -88.55389, 40.20038 ], [ -88.56315, 40.19921 ], [ -88.56457, 40.19745 ], [ -88.56875, 40.19701 ], [ -88.5697, 40.19525 ], [ -88.57147, 40.19505 ], [ -88.57451, 40.1979 ], [ -88.57931, 40.19342 ], [ -88.58528, 40.19591 ], [ -88.5864, 40.19272 ], [ -88.59539, 40.1916 ], [ -88.59991, 40.19319 ], [ -88.60217, 40.19066 ], [ -88.6145, 40.19246 ], [ -88.61978, 40.19008 ], [ -88.62808, 40.19018 ], [ -88.63328, 40.19437 ], [ -88.64123, 40.18974 ], [ -88.64671, 40.19109 ], [ -88.66086, 40.18957 ], [ -88.66686, 40.19282 ], [ -88.67129, 40.19741 ], [ -88.68135, 40.19912 ], [ -88.68154, 40.20186 ], [ -88.68496, 40.20357 ], [ -88.68942, 40.20329 ], [ -88.6951, 40.19871 ], [ -88.69159, 40.19507 ], [ -88.6944, 40.19303 ], [ -88.69825, 40.19318 ], [ -88.70603, 40.18709 ], [ -88.7138, 40.1875 ], [ -88.71932, 40.18265 ], [ -88.73557, 40.18488 ], [ -88.73615, 40.18287 ], [ -88.74498, 40.17692 ], [ -88.74496, 40.17188 ], [ -88.75492, 40.16858 ], [ -88.76393, 40.16307 ], [ -88.76467, 40.15976 ], [ -88.76317, 40.15743 ], [ -88.76718, 40.15702 ], [ -88.77122, 40.15334 ], [ -88.77069, 40.15192 ], [ -88.7844, 40.14684 ], [ -88.78622, 40.14214 ], [ -88.78296, 40.14193 ], [ -88.78204, 40.14017 ], [ -88.77688, 40.14081 ], [ -88.76926, 40.13606 ], [ -88.76703, 40.133 ], [ -88.77055, 40.13162 ], [ -88.77357, 40.12809 ], [ -88.77733, 40.13048 ], [ -88.78239, 40.12889 ], [ -88.78983, 40.13172 ], [ -88.8063, 40.12775 ], [ -88.80695, 40.12564 ], [ -88.81371, 40.12582 ], [ -88.81699, 40.12417 ], [ -88.81982, 40.12496 ], [ -88.81878, 40.12614 ], [ -88.81974, 40.12767 ], [ -88.8245, 40.1283 ], [ -88.82931, 40.12751 ], [ -88.83382, 40.12331 ], [ -88.84138, 40.12318 ], [ -88.84281, 40.12096 ], [ -88.84853, 40.1201 ], [ -88.85209, 40.12326 ], [ -88.85509, 40.12344 ], [ -88.85837, 40.12783 ], [ -88.86802, 40.1221 ], [ -88.86962, 40.11557 ], [ -88.88106, 40.11194 ], [ -88.8858, 40.11329 ], [ -88.88642, 40.11527 ], [ -88.88987, 40.11715 ], [ -88.9002, 40.1071 ], [ -88.91463, 40.10286 ], [ -88.91714, 40.10071 ], [ -88.9198, 40.10138 ], [ -88.93073, 40.09761 ], [ -88.93203, 40.09501 ], [ -88.93007, 40.09333 ], [ -88.9335, 40.09015 ], [ -88.94175, 40.08828 ], [ -88.94205, 40.09231 ], [ -88.94392, 40.0943 ], [ -88.94913, 40.09388 ], [ -88.95412, 40.09595 ], [ -88.95432, 40.09025 ], [ -88.95803, 40.09038 ], [ -88.95781, 40.0883 ], [ -88.96285, 40.08474 ], [ -88.96282, 40.08054 ], [ -88.96899, 40.07474 ], [ -88.97363, 40.07303 ], [ -88.97975, 40.07314 ], [ -88.98216, 40.07494 ], [ -88.99376, 40.07296 ], [ -88.99565, 40.07101 ], [ -88.99759, 40.07165 ] ] ] } },
{ "type": "Feature", "properties": { "usgs_id": "05576250", "area": 1220366644.8991642 }, "geometry": { "type": "Polygon", "coordinates": [ [ [ -89.79995, 39.48219 ], [ -89.79907, 39.47944 ], [ -89.79638, 39.478 ], [ -89.79735, 39.47664 ], [ -89.82004, 39.47005 ], [ -89.82913, 39.46997 ], [ -89.83705, 39.46499 ], [ -89.84046, 39.46787 ], [ -89.85207, 39.46988 ], [ -89.85323, 39.47375 ], [ -89.85205, 39.47741 ], [ -89.8551, 39.48022 ], [ -89.86061, 39.47857 ], [ -89.86699, 39.48357 ], [ -89.86885, 39.49103 ], [ -89.86771, 39.49257 ], [ -89.87335, 39.49843 ], [ -89.87431, 39.50194 ], [ -89.87855, 39.50394 ], [ -89.88182, 39.50886 ], [ -89.88077, 39.51316 ], [ -89.87729, 39.51673 ], [ -89.88027, 39.5182 ], [ -89.88364, 39.51737 ], [ -89.89102, 39.52432 ], [ -89.88957, 39.52987 ], [ -89.92015, 39.52714 ], [ -89.92225, 39.5266 ], [ -89.92496, 39.52241 ], [ -89.932, 39.52348 ], [ -89.93727, 39.52188 ], [ -89.93752, 39.51807 ], [ -89.94132, 39.51756 ], [ -89.94637, 39.52372 ], [ -89.94185, 39.52731 ], [ -89.94266, 39.53427 ], [ -89.9388, 39.54067 ], [ -89.93401, 39.54133 ], [ -89.93177, 39.5436 ], [ -89.93205, 39.54678 ], [ -89.92734, 39.54806 ], [ -89.92122, 39.55525 ], [ -89.9188, 39.55418 ], [ -89.91031, 39.55561 ], [ -89.89989, 39.56008 ], [ -89.90014, 39.56717 ], [ -89.89817, 39.5694 ], [ -89.89875, 39.57658 ], [ -89.9367, 39.59474 ], [ -89.9413, 39.59501 ], [ -89.94611, 39.59828 ], [ -89.94745, 39.60209 ], [ -89.95554, 39.60206 ], [ -89.95904, 39.60427 ], [ -89.96937, 39.60644 ], [ -89.97773, 39.61566 ], [ -89.98138, 39.6171 ], [ -89.98194, 39.6212 ], [ -89.98881, 39.62421 ], [ -89.99028, 39.62699 ], [ -89.98818, 39.62985 ], [ -90.00244, 39.63668 ], [ -90.00765, 39.64618 ], [ -90.01256, 39.64895 ], [ -90.01298, 39.65103 ], [ -90.01571, 39.6509 ], [ -90.02023, 39.65906 ], [ -90.02282, 39.66152 ], [ -90.0278, 39.66276 ], [ -90.03176, 39.66892 ], [ -90.0259, 39.67561 ], [ -90.0219, 39.67759 ], [ -90.02072, 39.68135 ], [ -90.00135, 39.68615 ], [ -89.9934, 39.69126 ], [ -89.98497, 39.70002 ], [ -89.97552, 39.70368 ], [ -89.96886, 39.70356 ], [ -89.96415, 39.70812 ], [ -89.95211, 39.70975 ], [ -89.94985, 39.7116 ], [ -89.93639, 39.71436 ], [ -89.93333, 39.71878 ], [ -89.93137, 39.71881 ], [ -89.92962, 39.71597 ], [ -89.92237, 39.71555 ], [ -89.91967, 39.7125 ], [ -89.92126, 39.71058 ], [ -89.90885, 39.70686 ], [ -89.90621, 39.70257 ], [ -89.89908, 39.70116 ], [ -89.88533, 39.70549 ], [ -89.88181, 39.70891 ], [ -89.8714, 39.70838 ], [ -89.84008, 39.7145 ], [ -89.83758, 39.7171 ], [ -89.83894, 39.72168 ], [ -89.84212, 39.72468 ], [ -89.8359, 39.72721 ], [ -89.81819, 39.73026 ], [ -89.81339, 39.73289 ], [ -89.8062, 39.72202 ], [ -89.80102, 39.72029 ], [ -89.79538, 39.72193 ], [ -89.7915, 39.72401 ], [ -89.79328, 39.7259 ], [ -89.78968, 39.72965 ], [ -89.78693, 39.72823 ], [ -89.78153, 39.73331 ], [ -89.77785, 39.73231 ], [ -89.7582, 39.74664 ], [ -89.75797, 39.75444 ], [ -89.75428, 39.7569 ], [ -89.75285, 39.76557 ], [ -89.74953, 39.76734 ], [ -89.73648, 39.76702 ], [ -89.7381, 39.75732 ], [ -89.72613, 39.75232 ], [ -89.71472, 39.75212 ], [ -89.70944, 39.75596 ], [ -89.70325, 39.75602 ], [ -89.69628, 39.75287 ], [ -89.69278, 39.75463 ], [ -89.68569, 39.75292 ], [ -89.65222, 39.75331 ], [ -89.65285, 39.76048 ], [ -89.65602, 39.76229 ], [ -89.65276, 39.7714 ], [ -89.65363, 39.77363 ], [ -89.65191, 39.78398 ], [ -89.64496, 39.78429 ], [ -89.6432, 39.78622 ], [ -89.63431, 39.78782 ], [ -89.6329, 39.79856 ], [ -89.63533, 39.80102 ], [ -89.6378, 39.80874 ], [ -89.63268, 39.81305 ], [ -89.61566, 39.81363 ], [ -89.61546, 39.81136 ], [ -89.61171, 39.80746 ], [ -89.59349, 39.80552 ], [ -89.58749, 39.80055 ], [ -89.58074, 39.80098 ], [ -89.57664, 39.79379 ], [ -89.57126, 39.79055 ], [ -89.5741, 39.78907 ], [ -89.57301, 39.78464 ], [ -89.58224, 39.77653 ], [ -89.57993, 39.77177 ], [ -89.57569, 39.76877 ], [ -89.57703, 39.76574 ], [ -89.58372, 39.75997 ], [ -89.58155, 39.7523 ], [ -89.58383, 39.74984 ], [ -89.58049, 39.74451 ], [ -89.58284, 39.74193 ], [ -89.57734, 39.73436 ], [ -89.58391, 39.72779 ], [ -89.58048, 39.71899 ], [ -89.58732, 39.70553 ], [ -89.58462, 39.70047 ], [ -89.59209, 39.69569 ], [ -89.59144, 39.68926 ], [ -89.5938, 39.68718 ], [ -89.60003, 39.68702 ], [ -89.60581, 39.68134 ], [ -89.63031, 39.67117 ], [ -89.63649, 39.6674 ], [ -89.63768, 39.66453 ], [ -89.64817, 39.65969 ], [ -89.64675, 39.64781 ], [ -89.64128, 39.64565 ], [ -89.63907, 39.64284 ], [ -89.64397, 39.63391 ], [ -89.63466, 39.63226 ], [ -89.63335, 39.62954 ], [ -89.64173, 39.62549 ], [ -89.64561, 39.61566 ], [ -89.65284, 39.61255 ], [ -89.65631, 39.61321 ], [ -89.65712, 39.60163 ], [ -89.66577, 39.59999 ], [ -89.66677, 39.59295 ], [ -89.67039, 39.59115 ], [ -89.67164, 39.58863 ], [ -89.68908, 39.58833 ], [ -89.69439, 39.58422 ], [ -89.69678, 39.579 ], [ -89.69625, 39.57543 ], [ -89.68803, 39.56287 ], [ -89.69645, 39.55832 ], [ -89.70146, 39.55184 ], [ -89.7055, 39.54952 ], [ -89.70213, 39.54492 ], [ -89.70328, 39.54308 ], [ -89.70993, 39.54298 ], [ -89.71146, 39.53976 ], [ -89.73438, 39.53077 ], [ -89.74309, 39.53042 ], [ -89.74455, 39.52848 ], [ -89.75517, 39.52611 ], [ -89.75739, 39.51968 ], [ -89.75952, 39.51882 ], [ -89.75689, 39.51118 ], [ -89.76299, 39.50814 ], [ -89.76425, 39.50353 ], [ -89.76706, 39.5006 ], [ -89.76523, 39.49629 ], [ -89.77096, 39.48893 ], [ -89.77405, 39.48676 ], [ -89.78212, 39.48583 ], [ -89.78209, 39.48299 ], [ -89.78605, 39.48128 ], [ -89.79072, 39.48514 ], [ -89.79858, 39.48588 ], [ -89.79995, 39.48219 ] ] ] } },
{ "type": "Feature", "properties": { "usgs_id": "05570910", "area": 1073192300.3354111 }, "geometry": { "type": "Polygon", "coordinates": [ [ [ -88.33335, 40.2983 ], [ -88.33511, 40.29894 ], [ -88.33443, 40.30115 ], [ -88.34069, 40.30506 ], [ -88.33507, 40.31205 ], [ -88.33427, 40.3155 ], [ -88.32938, 40.31928 ], [ -88.32937, 40.32124 ], [ -88.34203, 40.32198 ], [ -88.34321, 40.32483 ], [ -88.34231, 40.32851 ], [ -88.34704, 40.33203 ], [ -88.34906, 40.32868 ], [ -88.34978, 40.33225 ], [ -88.35323, 40.33456 ], [ -88.35248, 40.33976 ], [ -88.36107, 40.34146 ], [ -88.36558, 40.33961 ], [ -88.3665, 40.33724 ], [ -88.37001, 40.33675 ], [ -88.37314, 40.33401 ], [ -88.37522, 40.32917 ], [ -88.38322, 40.32377 ], [ -88.39105, 40.32599 ], [ -88.39266, 40.32822 ], [ -88.39632, 40.3275 ], [ -88.39735, 40.32447 ], [ -88.40142, 40.3249 ], [ -88.40038, 40.32152 ], [ -88.40657, 40.32198 ], [ -88.4084, 40.32365 ], [ -88.41054, 40.32114 ], [ -88.41015, 40.31817 ], [ -88.42218, 40.31761 ], [ -88.42026, 40.3131 ], [ -88.42802, 40.30745 ], [ -88.43796, 40.30816 ], [ -88.43652, 40.30405 ], [ -88.44441, 40.29201 ], [ -88.43986, 40.28405 ], [ -88.44168, 40.2804 ], [ -88.44138, 40.27217 ], [ -88.45488, 40.26519 ], [ -88.46432, 40.26295 ], [ -88.47129, 40.25663 ], [ -88.4776, 40.25432 ], [ -88.47996, 40.25159 ], [ -88.48533, 40.25238 ], [ -88.49062, 40.25743 ], [ -88.4927, 40.26347 ], [ -88.49566, 40.26654 ], [ -88.50038, 40.26691 ], [ -88.50554, 40.26379 ], [ -88.50534, 40.26557 ], [ -88.51132, 40.26706 ], [ -88.5138, 40.26989 ], [ -88.51439, 40.2713 ], [ -88.51078, 40.27624 ], [ -88.51237, 40.278 ], [ -88.51338, 40.28538 ], [ -88.51791, 40.29033 ], [ -88.51631, 40.29383 ], [ -88.5249, 40.30389 ], [ -88.52777, 40.30504 ], [ -88.52888, 40.30767 ], [ -88.52736, 40.31452 ], [ -88.53156, 40.31811 ], [ -88.53838, 40.32002 ], [ -88.54088, 40.32376 ], [ -88.53538, 40.3289 ], [ -88.53545, 40.33125 ], [ -88.53157, 40.33572 ], [ -88.53294, 40.33778 ], [ -88.5318, 40.3403 ], [ -88.53429, 40.34044 ], [ -88.53754, 40.34404 ], [ -88.53625, 40.35038 ], [ -88.53762, 40.35376 ], [ -88.53639, 40.35754 ], [ -88.53776, 40.35844 ], [ -88.53332, 40.3702 ], [ -88.53415, 40.3759 ], [ -88.53048, 40.38024 ], [ -88.53179, 40.38689 ], [ -88.52628, 40.39638 ], [ -88.52907, 40.4058 ], [ -88.52841, 40.41136 ], [ -88.54219, 40.41988 ], [ -88.5492, 40.42003 ], [ -88.55096, 40.4225 ], [ -88.55431, 40.42248 ], [ -88.55613, 40.41828 ], [ -88.5602, 40.41746 ], [ -88.56681, 40.42268 ], [ -88.57499, 40.41967 ], [ -88.57625, 40.41787 ], [ -88.59619, 40.41176 ], [ -88.59786, 40.40939 ], [ -88.60301, 40.40763 ], [ -88.6145, 40.40775 ], [ -88.61917, 40.40528 ], [ -88.62486, 40.40692 ], [ -88.63151, 40.40579 ], [ -88.63914, 40.40812 ], [ -88.64481, 40.40554 ], [ -88.65562, 40.4084 ], [ -88.6566, 40.40708 ], [ -88.6606, 40.40896 ], [ -88.66676, 40.40796 ], [ -88.66738, 40.41 ], [ -88.67644, 40.41055 ], [ -88.68105, 40.40855 ], [ -88.69097, 40.4096 ], [ -88.69282, 40.40774 ], [ -88.69641, 40.41172 ], [ -88.70119, 40.41216 ], [ -88.70368, 40.42544 ], [ -88.70856, 40.42486 ], [ -88.71721, 40.42795 ], [ -88.71802, 40.43228 ], [ -88.71484, 40.43558 ], [ -88.72646, 40.44151 ], [ -88.72874, 40.44084 ], [ -88.72937, 40.44289 ], [ -88.73348, 40.44464 ], [ -88.73505, 40.44469 ], [ -88.73562, 40.44285 ], [ -88.74244, 40.44364 ], [ -88.74284, 40.45223 ], [ -88.7575, 40.45901 ], [ -88.75035, 40.46337 ], [ -88.7503, 40.4661 ], [ -88.74702, 40.46888 ], [ -88.73208, 40.46704 ], [ -88.70819, 40.4602 ], [ -88.6853, 40.45962 ], [ -88.67109, 40.45388 ], [ -88.65387, 40.45598 ], [ -88.64923, 40.45364 ], [ -88.64269, 40.4535 ], [ -88.62615, 40.45661 ], [ -88.6206, 40.45592 ], [ -88.61795, 40.45838 ], [ -88.61764, 40.46116 ], [ -88.61081, 40.46048 ], [ -88.60906, 40.4629 ], [ -88.6064, 40.46328 ], [ -88.60301, 40.46877 ], [ -88.60378, 40.47109 ], [ -88.60213, 40.47177 ], [ -88.59734, 40.47029 ], [ -88.58687, 40.47281 ], [ -88.58493, 40.47095 ], [ -88.57951, 40.47055 ], [ -88.5667, 40.4733 ], [ -88.55531, 40.47788 ], [ -88.55148, 40.47493 ], [ -88.54375, 40.4721 ], [ -88.53871, 40.4725 ], [ -88.53398, 40.46964 ], [ -88.53132, 40.47109 ], [ -88.52162, 40.47105 ], [ -88.51238, 40.46744 ], [ -88.50944, 40.46819 ], [ -88.50886, 40.47144 ], [ -88.50427, 40.47259 ], [ -88.50415, 40.4757 ], [ -88.499, 40.47957 ], [ -88.49908, 40.48289 ], [ -88.4969, 40.48373 ], [ -88.49498, 40.48729 ], [ -88.49153, 40.48861 ], [ -88.48881, 40.48762 ], [ -88.48429, 40.48977 ], [ -88.47974, 40.49542 ], [ -88.47756, 40.49427 ], [ -88.47128, 40.49817 ], [ -88.46761, 40.49774 ], [ -88.46235, 40.50245 ], [ -88.46262, 40.50516 ], [ -88.45744, 40.5062 ], [ -88.45802, 40.50763 ], [ -88.45065, 40.51057 ], [ -88.44601, 40.51525 ], [ -88.44133, 40.51625 ], [ -88.44045, 40.52192 ], [ -88.43762, 40.52506 ], [ -88.434, 40.52629 ], [ -88.43298, 40.52964 ], [ -88.41983, 40.5347 ], [ -88.41753, 40.53639 ], [ -88.41773, 40.53819 ], [ -88.41223, 40.54065 ], [ -88.41224, 40.54233 ], [ -88.40612, 40.54308 ], [ -88.40542, 40.54552 ], [ -88.39831, 40.54925 ], [ -88.39439, 40.54969 ], [ -88.39162, 40.54777 ], [ -88.38685, 40.54748 ], [ -88.38552, 40.54568 ], [ -88.38246, 40.55235 ], [ -88.38216, 40.55913 ], [ -88.37152, 40.56275 ], [ -88.36652, 40.56696 ], [ -88.35733, 40.56118 ], [ -88.35595, 40.55548 ], [ -88.35427, 40.5542 ], [ -88.35644, 40.5505 ], [ -88.35345, 40.54711 ], [ -88.35378, 40.54398 ], [ -88.35169, 40.54364 ], [ -88.34997, 40.54068 ], [ -88.34943, 40.53341 ], [ -88.34735, 40.53239 ], [ -88.34644, 40.52708 ], [ -88.335, 40.51899 ], [ -88.33558, 40.51495 ], [ -88.33795, 40.51368 ], [ -88.33509, 40.51006 ], [ -88.33604, 40.5079 ], [ -88.33371, 40.50289 ], [ -88.33521, 40.50046 ], [ -88.33033, 40.48592 ], [ -88.31506, 40.48473 ], [ -88.30823, 40.47988 ], [ -88.3086, 40.47667 ], [ -88.30557, 40.47365 ], [ -88.30915, 40.46892 ], [ -88.30673, 40.4611 ], [ -88.30911, 40.46074 ], [ -88.31003, 40.45836 ], [ -88.30575, 40.45805 ], [ -88.30275, 40.45578 ], [ -88.29706, 40.45569 ], [ -88.29455, 40.45258 ], [ -88.29376, 40.44662 ], [ -88.29116, 40.44525 ], [ -88.28264, 40.44548 ], [ -88.26631, 40.43989 ], [ -88.26364, 40.43661 ], [ -88.25264, 40.43511 ], [ -88.24968, 40.43228 ], [ -88.24789, 40.42742 ], [ -88.22836, 40.41294 ], [ -88.22186, 40.41346 ], [ -88.21866, 40.41098 ], [ -88.2171, 40.41258 ], [ -88.21155, 40.41282 ], [ -88.2067, 40.41072 ], [ -88.2054, 40.40794 ], [ -88.2003, 40.40723 ], [ -88.20107, 40.40528 ], [ -88.19896, 40.40372 ], [ -88.19463, 40.40399 ], [ -88.1907, 40.39924 ], [ -88.19334, 40.39866 ], [ -88.19066, 40.39588 ], [ -88.19374, 40.39408 ], [ -88.18935, 40.39022 ], [ -88.20219, 40.38287 ], [ -88.20569, 40.3849 ], [ -88.21376, 40.38609 ], [ -88.21536, 40.38457 ], [ -88.2142, 40.38051 ], [ -88.22289, 40.37687 ], [ -88.23405, 40.37713 ], [ -88.24646, 40.37414 ], [ -88.24864, 40.37226 ], [ -88.25291, 40.37357 ], [ -88.26091, 40.37194 ], [ -88.26041, 40.3705 ], [ -88.26414, 40.36651 ], [ -88.26265, 40.36593 ], [ -88.2602, 40.35786 ], [ -88.26297, 40.35123 ], [ -88.27521, 40.34891 ], [ -88.27755, 40.34749 ], [ -88.27818, 40.34473 ], [ -88.28212, 40.34356 ], [ -88.28346, 40.33904 ], [ -88.28638, 40.33692 ], [ -88.2881, 40.33823 ], [ -88.29172, 40.33737 ], [ -88.29135, 40.3346 ], [ -88.29824, 40.32678 ], [ -88.30328, 40.31703 ], [ -88.31156, 40.31531 ], [ -88.33335, 40.2983 ] ] ] } },
{ "type": "Feature", "properties": { "usgs_id": "05580000", "area": 1018455346.6439513 }, "geometry": { "type": "Polygon", "coordinates": [ [ [ -89.09125, 40.20355 ], [ -89.09303, 40.20365 ], [ -89.09479, 40.20899 ], [ -89.09876, 40.21067 ], [ -89.10139, 40.21673 ], [ -89.09816, 40.21916 ], [ -89.09606, 40.22655 ], [ -89.09715, 40.2372 ], [ -89.09989, 40.24154 ], [ -89.11, 40.24361 ], [ -89.11386, 40.2464 ], [ -89.115, 40.25188 ], [ -89.11681, 40.25274 ], [ -89.1245, 40.25107 ], [ -89.12704, 40.25297 ], [ -89.12979, 40.252 ], [ -89.1323, 40.25493 ], [ -89.12973, 40.25684 ], [ -89.12945, 40.26404 ], [ -89.13207, 40.2654 ], [ -89.1321, 40.26807 ], [ -89.12839, 40.27302 ], [ -89.12898, 40.27664 ], [ -89.1248, 40.28256 ], [ -89.12405, 40.28862 ], [ -89.11812, 40.28977 ], [ -89.11735, 40.29135 ], [ -89.12288, 40.29658 ], [ -89.12422, 40.30356 ], [ -89.13147, 40.30428 ], [ -89.13095, 40.30833 ], [ -89.13902, 40.31262 ], [ -89.13585, 40.32064 ], [ -89.13234, 40.32365 ], [ -89.13382, 40.3249 ], [ -89.13094, 40.32842 ], [ -89.12568, 40.33109 ], [ -89.12395, 40.33472 ], [ -89.12585, 40.33846 ], [ -89.12327, 40.34043 ], [ -89.12581, 40.34586 ], [ -89.12274, 40.34662 ], [ -89.1156, 40.34486 ], [ -89.11205, 40.34645 ], [ -89.11072, 40.34826 ], [ -89.11312, 40.35187 ], [ -89.10458, 40.35551 ], [ -89.09047, 40.35722 ], [ -89.08596, 40.35992 ], [ -89.08159, 40.35652 ], [ -89.0753, 40.35605 ], [ -89.07043, 40.35948 ], [ -89.06506, 40.3592 ], [ -89.06156, 40.36299 ], [ -89.05413, 40.3618 ], [ -89.05052, 40.35799 ], [ -89.03457, 40.35348 ], [ -89.02285, 40.35197 ], [ -89.00969, 40.35512 ], [ -89.009, 40.35264 ], [ -89.0044, 40.35201 ], [ -89.00139, 40.35472 ], [ -89.00271, 40.36254 ], [ -89.0005, 40.36618 ], [ -88.99628, 40.36805 ], [ -88.99697, 40.37332 ], [ -88.98629, 40.37402 ], [ -88.98053, 40.37626 ], [ -88.97962, 40.37827 ], [ -88.97932, 40.40172 ], [ -88.97783, 40.41672 ], [ -88.97612, 40.41933 ], [ -88.97773, 40.42117 ], [ -88.97759, 40.42626 ], [ -88.97944, 40.42722 ], [ -88.97851, 40.43135 ], [ -88.9797, 40.43447 ], [ -88.98496, 40.43548 ], [ -88.98345, 40.43738 ], [ -88.98403, 40.44144 ], [ -88.99132, 40.44829 ], [ -88.98983, 40.45001 ], [ -88.98339, 40.45064 ], [ -88.97995, 40.45639 ], [ -88.982, 40.45932 ], [ -88.9647, 40.4601 ], [ -88.96168, 40.46422 ], [ -88.96319, 40.46646 ], [ -88.96246, 40.47264 ], [ -88.96359, 40.47374 ], [ -88.96134, 40.48153 ], [ -88.95695, 40.48197 ], [ -88.95126, 40.48796 ], [ -88.94686, 40.48906 ], [ -88.94049, 40.48525 ], [ -88.93013, 40.48287 ], [ -88.93117, 40.4812 ], [ -88.92842, 40.4793 ], [ -88.91993, 40.48022 ], [ -88.91053, 40.47801 ], [ -88.90588, 40.48157 ], [ -88.90692, 40.48566 ], [ -88.8952, 40.49224 ], [ -88.89226, 40.4959 ], [ -88.89247, 40.49772 ], [ -88.89734, 40.49899 ], [ -88.89365, 40.50568 ], [ -88.8864, 40.50483 ], [ -88.88118, 40.50149 ], [ -88.87333, 40.50481 ], [ -88.86175, 40.4992 ], [ -88.85506, 40.50136 ], [ -88.84446, 40.49937 ], [ -88.83117, 40.49021 ], [ -88.82445, 40.49064 ], [ -88.81977, 40.48365 ], [ -88.82303, 40.48109 ], [ -88.81645, 40.47825 ], [ -88.80547, 40.4784 ], [ -88.79584, 40.47568 ], [ -88.78184, 40.47668 ], [ -88.77123, 40.47327 ], [ -88.76233, 40.47325 ], [ -88.7617, 40.47176 ], [ -88.75778, 40.47219 ], [ -88.75389, 40.4696 ], [ -88.74702, 40.46888 ], [ -88.7503, 40.4661 ], [ -88.75035, 40.46337 ], [ -88.7575, 40.45901 ], [ -88.74492, 40.45355 ], [ -88.74174, 40.44904 ], [ -88.74244, 40.44364 ], [ -88.74716, 40.44166 ], [ -88.74948, 40.4382 ], [ -88.74927, 40.43624 ], [ -88.74542, 40.43384 ], [ -88.74862, 40.42535 ], [ -88.74768, 40.42178 ], [ -88.74934, 40.41449 ], [ -88.75445, 40.40995 ], [ -88.76922, 40.41043 ], [ -88.77188, 40.41444 ], [ -88.77387, 40.41241 ], [ -88.7802, 40.41313 ], [ -88.78303, 40.41024 ], [ -88.78026, 40.40244 ], [ -88.78414, 40.39664 ], [ -88.78368, 40.38726 ], [ -88.78035, 40.38483 ], [ -88.79337, 40.38165 ], [ -88.79391, 40.37965 ], [ -88.79682, 40.37999 ], [ -88.79989, 40.3779 ], [ -88.81635, 40.38126 ], [ -88.82272, 40.37933 ], [ -88.82346, 40.37784 ], [ -88.83176, 40.3773 ], [ -88.82846, 40.37362 ], [ -88.82929, 40.36991 ], [ -88.83548, 40.37327 ], [ -88.84372, 40.36943 ], [ -88.84358, 40.36717 ], [ -88.85453, 40.36758 ], [ -88.8539, 40.36522 ], [ -88.8591, 40.36283 ], [ -88.85778, 40.36085 ], [ -88.8623, 40.35227 ], [ -88.86192, 40.34935 ], [ -88.86468, 40.34794 ], [ -88.86489, 40.34585 ], [ -88.87186, 40.34526 ], [ -88.87317, 40.34757 ], [ -88.88769, 40.34538 ], [ -88.89164, 40.34309 ], [ -88.89175, 40.34 ], [ -88.90223, 40.33162 ], [ -88.89043, 40.32748 ], [ -88.89029, 40.32153 ], [ -88.8874, 40.31994 ], [ -88.88378, 40.31902 ], [ -88.87731, 40.32234 ], [ -88.87289, 40.31561 ], [ -88.8681, 40.3141 ], [ -88.86791, 40.31156 ], [ -88.86451, 40.31108 ], [ -88.86148, 40.30842 ], [ -88.86208, 40.3059 ], [ -88.85465, 40.30506 ], [ -88.85125, 40.30649 ], [ -88.85034, 40.30946 ], [ -88.83979, 40.30461 ], [ -88.83975, 40.3004 ], [ -88.84261, 40.29777 ], [ -88.84204, 40.29549 ], [ -88.84499, 40.29121 ], [ -88.85372, 40.29194 ], [ -88.85948, 40.28783 ], [ -88.85411, 40.28451 ], [ -88.85706, 40.28346 ], [ -88.85066, 40.27793 ], [ -88.85425, 40.27373 ], [ -88.8593, 40.27174 ], [ -88.85407, 40.26699 ], [ -88.85339, 40.26493 ], [ -88.85606, 40.2644 ], [ -88.85611, 40.26267 ], [ -88.85897, 40.26208 ], [ -88.86242, 40.25831 ], [ -88.87093, 40.25533 ], [ -88.87946, 40.25754 ], [ -88.88901, 40.25671 ], [ -88.8902, 40.25581 ], [ -88.88998, 40.25081 ], [ -88.89439, 40.25042 ], [ -88.89766, 40.24777 ], [ -88.89945, 40.24865 ], [ -88.90137, 40.247 ], [ -88.89975, 40.24558 ], [ -88.90279, 40.24044 ], [ -88.90504, 40.24073 ], [ -88.91587, 40.23483 ], [ -88.91736, 40.22853 ], [ -88.91965, 40.22624 ], [ -88.91862, 40.22457 ], [ -88.92436, 40.22432 ], [ -88.93139, 40.22796 ], [ -88.93326, 40.22598 ], [ -88.93546, 40.22624 ], [ -88.93967, 40.2291 ], [ -88.94201, 40.22845 ], [ -88.94614, 40.23043 ], [ -88.94959, 40.2295 ], [ -88.95359, 40.23126 ], [ -88.95779, 40.22645 ], [ -88.96248, 40.22603 ], [ -88.96178, 40.21658 ], [ -88.96314, 40.21458 ], [ -88.96819, 40.21324 ], [ -88.9797, 40.21465 ], [ -88.98536, 40.21248 ], [ -88.98635, 40.20805 ], [ -88.9909, 40.20518 ], [ -88.98954, 40.20443 ], [ -88.98997, 40.20237 ], [ -88.99452, 40.20072 ], [ -89.00046, 40.20177 ], [ -89.00701, 40.20007 ], [ -89.00667, 40.19827 ], [ -89.01309, 40.19637 ], [ -89.01437, 40.19457 ], [ -89.02178, 40.19815 ], [ -89.03121, 40.19495 ], [ -89.03456, 40.19589 ], [ -89.04715, 40.18926 ], [ -89.05708, 40.18756 ], [ -89.06371, 40.17882 ], [ -89.07813, 40.18207 ], [ -89.07766, 40.18335 ], [ -89.08309, 40.19026 ], [ -89.08141, 40.19299 ], [ -89.08518, 40.19822 ], [ -89.0902, 40.19973 ], [ -89.08965, 40.20179 ], [ -89.09125, 40.20355 ] ] ] } },
{ "type": "Feature", "properties": { "usgs_id": "05579500", "area": 945349031.60503864 }, "geometry": { "type": "Polygon", "coordinates": [ [ [ -89.25207, 39.88586 ], [ -89.25046, 39.88416 ], [ -89.25253, 39.88128 ], [ -89.25924, 39.87652 ], [ -89.25954, 39.87093 ], [ -89.26601, 39.8697 ], [ -89.27067, 39.87388 ], [ -89.27213, 39.87356 ], [ -89.27783, 39.87048 ], [ -89.27871, 39.86576 ], [ -89.29021, 39.86509 ], [ -89.29364, 39.86172 ], [ -89.29589, 39.86383 ], [ -89.30237, 39.86293 ], [ -89.30253, 39.86525 ], [ -89.32131, 39.87413 ], [ -89.3589, 39.87378 ], [ -89.36025, 39.87571 ], [ -89.3594, 39.88236 ], [ -89.36404, 39.88426 ], [ -89.3679, 39.88872 ], [ -89.37646, 39.88835 ], [ -89.37849, 39.89058 ], [ -89.38678, 39.8913 ], [ -89.3888, 39.89514 ], [ -89.39367, 39.89567 ], [ -89.39519, 39.89414 ], [ -89.40431, 39.89342 ], [ -89.40937, 39.89467 ], [ -89.4133, 39.89705 ], [ -89.41294, 39.90305 ], [ -89.41432, 39.90414 ], [ -89.42521, 39.90149 ], [ -89.42757, 39.90465 ], [ -89.42214, 39.9118 ], [ -89.42784, 39.91389 ], [ -89.42937, 39.91808 ], [ -89.43644, 39.92118 ], [ -89.43689, 39.92519 ], [ -89.43524, 39.92605 ], [ -89.43451, 39.93177 ], [ -89.42184, 39.93509 ], [ -89.41941, 39.93769 ], [ -89.41574, 39.93807 ], [ -89.41162, 39.93528 ], [ -89.40769, 39.93827 ], [ -89.40312, 39.93943 ], [ -89.40129, 39.93796 ], [ -89.39745, 39.94486 ], [ -89.39323, 39.94209 ], [ -89.38701, 39.95021 ], [ -89.40414, 39.96102 ], [ -89.40495, 39.96753 ], [ -89.40234, 39.96755 ], [ -89.40209, 39.96589 ], [ -89.39589, 39.96273 ], [ -89.39204, 39.96497 ], [ -89.38855, 39.96384 ], [ -89.38554, 39.96045 ], [ -89.37628, 39.96111 ], [ -89.37678, 39.95719 ], [ -89.37433, 39.95719 ], [ -89.34981, 39.97138 ], [ -89.3506, 39.97274 ], [ -89.34768, 39.97605 ], [ -89.34372, 39.97523 ], [ -89.32335, 39.98549 ], [ -89.32182, 39.99422 ], [ -89.31687, 39.9955 ], [ -89.30957, 40.00162 ], [ -89.30322, 40.00153 ], [ -89.30055, 40.00728 ], [ -89.2953, 40.01096 ], [ -89.27603, 40.00929 ], [ -89.26634, 40.01425 ], [ -89.26488, 40.00466 ], [ -89.24475, 40.00058 ], [ -89.24116, 40.00552 ], [ -89.24284, 40.009 ], [ -89.23448, 40.01487 ], [ -89.2316, 40.02206 ], [ -89.22468, 40.02332 ], [ -89.21913, 40.02796 ], [ -89.21758, 40.03254 ], [ -89.20875, 40.0324 ], [ -89.20189, 40.03723 ], [ -89.19662, 40.03602 ], [ -89.18377, 40.04457 ], [ -89.18078, 40.0432 ], [ -89.17861, 40.04474 ], [ -89.1783, 40.0479 ], [ -89.16713, 40.04776 ], [ -89.16334, 40.04577 ], [ -89.16152, 40.04856 ], [ -89.16246, 40.04999 ], [ -89.1569, 40.05251 ], [ -89.15348, 40.05841 ], [ -89.15428, 40.05983 ], [ -89.15148, 40.06669 ], [ -89.10471, 40.08818 ], [ -89.09916, 40.08932 ], [ -89.08556, 40.09665 ], [ -89.07454, 40.09362 ], [ -89.06179, 40.09302 ], [ -89.05083, 40.09501 ], [ -89.04746, 40.09844 ], [ -89.04652, 40.10282 ], [ -89.04072, 40.10024 ], [ -89.0321, 40.10111 ], [ -89.02331, 40.09886 ], [ -89.02335, 40.09437 ], [ -89.02601, 40.09041 ], [ -89.02496, 40.0866 ], [ -89.0082, 40.08148 ], [ -89.00181, 40.07741 ], [ -89.00117, 40.07313 ], [ -88.99565, 40.07101 ], [ -88.99376, 40.07296 ], [ -88.98216, 40.07494 ], [ -88.97975, 40.07314 ], [ -88.97363, 40.07303 ], [ -88.966, 40.07619 ], [ -88.96282, 40.08054 ], [ -88.96285, 40.08474 ], [ -88.95781, 40.0883 ], [ -88.95803, 40.09038 ], [ -88.95432, 40.09025 ], [ -88.95412, 40.09595 ], [ -88.94913, 40.09388 ], [ -88.94392, 40.0943 ], [ -88.94205, 40.09231 ], [ -88.94175, 40.08828 ], [ -88.94028, 40.0881 ], [ -88.93109, 40.0915 ], [ -88.93007, 40.09333 ], [ -88.93203, 40.09501 ], [ -88.93073, 40.09761 ], [ -88.9198, 40.10138 ], [ -88.91558, 40.09957 ], [ -88.91159, 40.09409 ], [ -88.91463, 40.09167 ], [ -88.91607, 40.08501 ], [ -88.90842, 40.07888 ], [ -88.90837, 40.07698 ], [ -88.90424, 40.07558 ], [ -88.90302, 40.0724 ], [ -88.90901, 40.06628 ], [ -88.90844, 40.06363 ], [ -88.91211, 40.06302 ], [ -88.91233, 40.06095 ], [ -88.91634, 40.05844 ], [ -88.92327, 40.05844 ], [ -88.91751, 40.05299 ], [ -88.91683, 40.04994 ], [ -88.92375, 40.04378 ], [ -88.92897, 40.04113 ], [ -88.94558, 40.03742 ], [ -88.94866, 40.03841 ], [ -88.9516, 40.03536 ], [ -88.95863, 40.03726 ], [ -88.96246, 40.04014 ], [ -88.97323, 40.03902 ], [ -88.97318, 40.03474 ], [ -88.97637, 40.03086 ], [ -88.98059, 40.02967 ], [ -88.98491, 40.03035 ], [ -88.9845, 40.03267 ], [ -88.98567, 40.03316 ], [ -88.98814, 40.03075 ], [ -88.9954, 40.02965 ], [ -89.00462, 40.03107 ], [ -89.00663, 40.03376 ], [ -89.01449, 40.03339 ], [ -89.01131, 40.02687 ], [ -89.00697, 40.02326 ], [ -88.99986, 40.0218 ], [ -89.0002, 40.01842 ], [ -88.99685, 40.01617 ], [ -88.98943, 40.01514 ], [ -88.99617, 40.01068 ], [ -89.00265, 40.00993 ], [ -89.00493, 40.00639 ], [ -89.00817, 40.00499 ], [ -89.00693, 40.00217 ], [ -89.00872, 39.9987 ], [ -89.01595, 39.99221 ], [ -89.00841, 39.98479 ], [ -89.0103, 39.98161 ], [ -89.00476, 39.97647 ], [ -89.00379, 39.97185 ], [ -89.00089, 39.97024 ], [ -89.01034, 39.96279 ], [ -89.01622, 39.961 ], [ -89.01674, 39.95711 ], [ -89.02282, 39.95507 ], [ -89.02546, 39.95201 ], [ -89.02798, 39.95344 ], [ -89.02912, 39.95259 ], [ -89.02834, 39.94992 ], [ -89.03075, 39.94677 ], [ -89.02619, 39.94249 ], [ -89.0283, 39.94064 ], [ -89.02549, 39.93669 ], [ -89.02624, 39.93471 ], [ -89.02909, 39.93318 ], [ -89.03485, 39.93316 ], [ -89.03932, 39.92614 ], [ -89.04044, 39.92756 ], [ -89.04511, 39.92488 ], [ -89.05273, 39.92427 ], [ -89.06345, 39.92818 ], [ -89.06492, 39.91723 ], [ -89.06885, 39.91257 ], [ -89.06873, 39.90861 ], [ -89.07526, 39.90145 ], [ -89.09183, 39.89712 ], [ -89.10033, 39.89947 ], [ -89.10512, 39.89696 ], [ -89.11449, 39.89998 ], [ -89.12645, 39.89326 ], [ -89.13216, 39.8925 ], [ -89.13428, 39.89382 ], [ -89.13962, 39.8907 ], [ -89.14446, 39.89049 ], [ -89.15371, 39.90514 ], [ -89.15958, 39.91065 ], [ -89.16763, 39.90855 ], [ -89.16833, 39.90984 ], [ -89.16586, 39.91113 ], [ -89.16646, 39.91203 ], [ -89.1717, 39.9132 ], [ -89.17494, 39.91609 ], [ -89.18276, 39.91609 ], [ -89.18419, 39.9194 ], [ -89.18254, 39.92275 ], [ -89.1848, 39.92544 ], [ -89.18855, 39.92418 ], [ -89.1935, 39.92514 ], [ -89.20301, 39.9214 ], [ -89.21335, 39.92398 ], [ -89.21652, 39.9221 ], [ -89.21403, 39.91905 ], [ -89.22226, 39.91788 ], [ -89.22556, 39.91816 ], [ -89.22595, 39.91998 ], [ -89.22373, 39.92295 ], [ -89.23086, 39.92499 ], [ -89.23864, 39.91803 ], [ -89.23777, 39.91541 ], [ -89.23927, 39.91418 ], [ -89.2369, 39.91157 ], [ -89.24096, 39.90969 ], [ -89.24528, 39.91087 ], [ -89.25005, 39.90703 ], [ -89.25228, 39.90722 ], [ -89.25738, 39.91398 ], [ -89.26428, 39.91605 ], [ -89.26429, 39.91395 ], [ -89.26656, 39.91266 ], [ -89.27194, 39.91242 ], [ -89.27105, 39.90674 ], [ -89.26604, 39.90518 ], [ -89.25798, 39.89838 ], [ -89.25967, 39.89633 ], [ -89.2592, 39.89418 ], [ -89.25237, 39.88785 ], [ -89.25207, 39.88586 ] ] ] } },
{ "type": "Feature", "properties": { "usgs_id": "05577500", "area": 453919233.43415362 }, "geometry": { "type": "Polygon", "coordinates": [ [ [ -89.8714, 39.70838 ], [ -89.88181, 39.70891 ], [ -89.88533, 39.70549 ], [ -89.8927, 39.70263 ], [ -89.89908, 39.70116 ], [ -89.90448, 39.70183 ], [ -89.90885, 39.70686 ], [ -89.92126, 39.71058 ], [ -89.91967, 39.7125 ], [ -89.92237, 39.71555 ], [ -89.92962, 39.71597 ], [ -89.93137, 39.71881 ], [ -89.93333, 39.71878 ], [ -89.93639, 39.71436 ], [ -89.94985, 39.7116 ], [ -89.95211, 39.70975 ], [ -89.96415, 39.70812 ], [ -89.96886, 39.70356 ], [ -89.97552, 39.70368 ], [ -89.98497, 39.70002 ], [ -89.9934, 39.69126 ], [ -90.00135, 39.68615 ], [ -90.02072, 39.68135 ], [ -90.0219, 39.67759 ], [ -90.0259, 39.67561 ], [ -90.02904, 39.68247 ], [ -90.02804, 39.68563 ], [ -90.02146, 39.6886 ], [ -90.02382, 39.691 ], [ -90.02209, 39.69691 ], [ -90.02245, 39.70363 ], [ -90.0202, 39.70656 ], [ -90.02358, 39.7104 ], [ -90.02334, 39.71215 ], [ -90.01941, 39.71301 ], [ -90.01681, 39.71598 ], [ -90.02001, 39.71778 ], [ -90.01754, 39.72081 ], [ -90.02113, 39.72447 ], [ -90.01712, 39.73462 ], [ -90.01159, 39.73908 ], [ -90.01033, 39.74227 ], [ -90.00197, 39.74636 ], [ -89.99918, 39.75114 ], [ -89.99858, 39.75925 ], [ -89.98594, 39.77349 ], [ -89.98733, 39.77716 ], [ -89.99411, 39.78273 ], [ -90.01716, 39.78537 ], [ -90.02331, 39.79191 ], [ -90.01101, 39.79507 ], [ -90.00356, 39.79538 ], [ -89.99991, 39.79388 ], [ -89.99828, 39.7965 ], [ -89.97613, 39.79672 ], [ -89.95985, 39.80004 ], [ -89.95573, 39.79686 ], [ -89.94474, 39.79795 ], [ -89.94128, 39.79349 ], [ -89.93246, 39.79286 ], [ -89.92257, 39.78948 ], [ -89.91888, 39.79049 ], [ -89.91243, 39.78791 ], [ -89.90969, 39.7902 ], [ -89.89042, 39.79213 ], [ -89.88304, 39.79694 ], [ -89.88317, 39.79883 ], [ -89.87262, 39.79792 ], [ -89.8551, 39.80531 ], [ -89.84979, 39.80413 ], [ -89.83602, 39.80642 ], [ -89.82705, 39.80299 ], [ -89.82084, 39.80293 ], [ -89.80756, 39.8081 ], [ -89.80015, 39.8089 ], [ -89.79779, 39.81134 ], [ -89.79812, 39.81557 ], [ -89.7929, 39.81853 ], [ -89.78551, 39.81529 ], [ -89.77325, 39.81746 ], [ -89.76003, 39.82265 ], [ -89.75423, 39.81903 ], [ -89.75139, 39.82181 ], [ -89.75128, 39.82395 ], [ -89.74229, 39.82797 ], [ -89.72779, 39.82549 ], [ -89.724, 39.82247 ], [ -89.72005, 39.82257 ], [ -89.71528, 39.8195 ], [ -89.70449, 39.81946 ], [ -89.70213, 39.81765 ], [ -89.6984, 39.81854 ], [ -89.69678, 39.81541 ], [ -89.69735, 39.81296 ], [ -89.68941, 39.80873 ], [ -89.68701, 39.8043 ], [ -89.67794, 39.79997 ], [ -89.67688, 39.79463 ], [ -89.66006, 39.79525 ], [ -89.65826, 39.79445 ], [ -89.65502, 39.78791 ], [ -89.65244, 39.78648 ], [ -89.65276, 39.7714 ], [ -89.65602, 39.76229 ], [ -89.65285, 39.76048 ], [ -89.65222, 39.75331 ], [ -89.68569, 39.75292 ], [ -89.69278, 39.75463 ], [ -89.69628, 39.75287 ], [ -89.70325, 39.75602 ], [ -89.70944, 39.75596 ], [ -89.71472, 39.75212 ], [ -89.72613, 39.75232 ], [ -89.7381, 39.75732 ], [ -89.73648, 39.76702 ], [ -89.74953, 39.76734 ], [ -89.75285, 39.76557 ], [ -89.75428, 39.7569 ], [ -89.75797, 39.75444 ], [ -89.7582, 39.74664 ], [ -89.77785, 39.73231 ], [ -89.78153, 39.73331 ], [ -89.78693, 39.72823 ], [ -89.78968, 39.72965 ], [ -89.79328, 39.7259 ], [ -89.7915, 39.72401 ], [ -89.793, 39.72303 ], [ -89.80382, 39.72061 ], [ -89.80869, 39.72426 ], [ -89.81339, 39.73289 ], [ -89.81819, 39.73026 ], [ -89.8359, 39.72721 ], [ -89.84212, 39.72468 ], [ -89.83894, 39.72168 ], [ -89.83758, 39.7171 ], [ -89.84008, 39.7145 ], [ -89.8714, 39.70838 ] ] ] } },
{ "type": "Feature", "properties": { "usgs_id": "05580950", "area": 158998754.87827089 }, "geometry": { "type": "Polygon", "coordinates": [ [ [ -88.93117, 40.4812 ], [ -88.92972, 40.4826 ], [ -88.94049, 40.48525 ], [ -88.94444, 40.48837 ], [ -88.95126, 40.48796 ], [ -88.95695, 40.48197 ], [ -88.96134, 40.48153 ], [ -88.96359, 40.47374 ], [ -88.96246, 40.47264 ], [ -88.96319, 40.46646 ], [ -88.96168, 40.46422 ], [ -88.9647, 40.4601 ], [ -88.982, 40.45932 ], [ -88.97995, 40.45639 ], [ -88.98339, 40.45064 ], [ -88.98983, 40.45001 ], [ -88.99132, 40.44829 ], [ -88.99729, 40.44998 ], [ -89.00588, 40.44937 ], [ -89.00854, 40.45603 ], [ -89.0131, 40.46136 ], [ -89.01937, 40.4631 ], [ -89.02316, 40.46821 ], [ -89.02953, 40.46719 ], [ -89.04039, 40.46228 ], [ -89.05425, 40.47056 ], [ -89.05072, 40.47494 ], [ -89.05244, 40.48263 ], [ -89.04749, 40.48845 ], [ -89.04906, 40.48987 ], [ -89.04865, 40.49405 ], [ -89.06244, 40.50355 ], [ -89.05247, 40.51047 ], [ -89.04639, 40.51006 ], [ -89.04234, 40.51155 ], [ -89.03856, 40.51587 ], [ -89.041, 40.52193 ], [ -89.03981, 40.52351 ], [ -89.03985, 40.53368 ], [ -89.03621, 40.53429 ], [ -89.03328, 40.53749 ], [ -89.02921, 40.53836 ], [ -89.0166, 40.54577 ], [ -89.01505, 40.54791 ], [ -89.01573, 40.54954 ], [ -89.00295, 40.54797 ], [ -88.99907, 40.54406 ], [ -88.99183, 40.54449 ], [ -88.9899, 40.54184 ], [ -88.98538, 40.54097 ], [ -88.97282, 40.53428 ], [ -88.95983, 40.53688 ], [ -88.95771, 40.53899 ], [ -88.93818, 40.5404 ], [ -88.9354, 40.53304 ], [ -88.93585, 40.53053 ], [ -88.93209, 40.52849 ], [ -88.93394, 40.52413 ], [ -88.93698, 40.52217 ], [ -88.93678, 40.52024 ], [ -88.93043, 40.51756 ], [ -88.92689, 40.5207 ], [ -88.91604, 40.51786 ], [ -88.91276, 40.51159 ], [ -88.90752, 40.50956 ], [ -88.90397, 40.51012 ], [ -88.89365, 40.50568 ], [ -88.89734, 40.49899 ], [ -88.89237, 40.49702 ], [ -88.8952, 40.49224 ], [ -88.90692, 40.48566 ], [ -88.90588, 40.48157 ], [ -88.91053, 40.47801 ], [ -88.91993, 40.48022 ], [ -88.92842, 40.4793 ], [ -88.93117, 40.4812 ] ] ] } },
{ "type": "Feature", "properties": { "usgs_id": "05579725", "area": 112150591.46155684 }, "geometry": { "type": "Polygon", "coordinates": [ [ [ -88.9655, 40.362 ], [ -88.96651, 40.36555 ], [ -88.96235, 40.3706 ], [ -88.96304, 40.37567 ], [ -88.95851, 40.37549 ], [ -88.95681, 40.37763 ], [ -88.96347, 40.38528 ], [ -88.97283, 40.38374 ], [ -88.97996, 40.38764 ], [ -88.97783, 40.41672 ], [ -88.97612, 40.41933 ], [ -88.97773, 40.42117 ], [ -88.97759, 40.42626 ], [ -88.97944, 40.42722 ], [ -88.97851, 40.43135 ], [ -88.9797, 40.43447 ], [ -88.98496, 40.43548 ], [ -88.98345, 40.43738 ], [ -88.98403, 40.44144 ], [ -88.99132, 40.44829 ], [ -88.98983, 40.45001 ], [ -88.98339, 40.45064 ], [ -88.97995, 40.45639 ], [ -88.982, 40.45932 ], [ -88.9647, 40.4601 ], [ -88.96168, 40.46422 ], [ -88.96319, 40.46646 ], [ -88.96246, 40.47264 ], [ -88.96359, 40.47374 ], [ -88.96134, 40.48153 ], [ -88.95695, 40.48197 ], [ -88.95126, 40.48796 ], [ -88.94686, 40.48906 ], [ -88.94049, 40.48525 ], [ -88.93013, 40.48287 ], [ -88.93117, 40.4812 ], [ -88.92842, 40.4793 ], [ -88.91993, 40.48022 ], [ -88.91146, 40.47794 ], [ -88.91231, 40.47579 ], [ -88.91015, 40.47304 ], [ -88.8984, 40.46783 ], [ -88.89594, 40.46123 ], [ -88.90159, 40.45813 ], [ -88.9009, 40.44218 ], [ -88.91231, 40.42755 ], [ -88.90921, 40.42236 ], [ -88.91154, 40.42113 ], [ -88.91381, 40.41656 ], [ -88.91601, 40.40837 ], [ -88.92786, 40.40429 ], [ -88.92944, 40.40134 ], [ -88.92762, 40.39294 ], [ -88.93179, 40.38809 ], [ -88.93086, 40.38343 ], [ -88.93571, 40.37779 ], [ -88.93563, 40.37534 ], [ -88.94602, 40.36387 ], [ -88.95255, 40.36382 ], [ -88.95733, 40.36154 ], [ -88.96004, 40.36304 ], [ -88.95989, 40.36157 ], [ -88.9655, 40.362 ] ] ] } },
{ "type": "Feature", "properties": { "usgs_id": "05579630", "area": 44883217.970968917 }, "geometry": { "type": "Polygon", "coordinates": [ [ [ -88.87629, 40.45744 ], [ -88.87758, 40.45885 ], [ -88.87278, 40.46744 ], [ -88.87488, 40.46963 ], [ -88.87379, 40.47357 ], [ -88.87649, 40.47498 ], [ -88.8746, 40.47909 ], [ -88.87183, 40.48026 ], [ -88.87281, 40.48302 ], [ -88.86806, 40.48487 ], [ -88.86464, 40.49338 ], [ -88.86623, 40.49519 ], [ -88.86311, 40.49966 ], [ -88.85506, 40.50136 ], [ -88.83996, 40.49744 ], [ -88.83117, 40.49021 ], [ -88.82445, 40.49064 ], [ -88.8206, 40.48664 ], [ -88.81977, 40.48365 ], [ -88.82303, 40.48109 ], [ -88.82111, 40.47965 ], [ -88.81083, 40.47758 ], [ -88.80547, 40.4784 ], [ -88.79584, 40.47568 ], [ -88.78184, 40.47668 ], [ -88.77123, 40.47327 ], [ -88.76233, 40.47325 ], [ -88.7617, 40.47176 ], [ -88.75778, 40.47219 ], [ -88.75389, 40.4696 ], [ -88.74702, 40.46888 ], [ -88.75268, 40.46119 ], [ -88.75651, 40.46003 ], [ -88.76099, 40.46248 ], [ -88.76261, 40.46094 ], [ -88.76698, 40.46179 ], [ -88.77129, 40.45962 ], [ -88.79255, 40.46524 ], [ -88.80044, 40.46266 ], [ -88.80627, 40.4669 ], [ -88.81467, 40.46868 ], [ -88.82438, 40.45772 ], [ -88.83194, 40.46084 ], [ -88.83277, 40.45902 ], [ -88.83866, 40.45799 ], [ -88.84336, 40.46118 ], [ -88.85007, 40.45837 ], [ -88.85628, 40.4589 ], [ -88.85911, 40.45766 ], [ -88.86824, 40.45911 ], [ -88.87629, 40.45744 ] ] ] } }
]
}
