2.96430e+05,3.15945e+05,2.78924e+05,3.20227e+05,2.73098e+05,3.13062e+05,3.22476e+05,3.22481e+05,3.02025e+05,2.96664e+05,3.12191e+05,2.90617e+05,3.03810e+05,3.05388e+05,3.26294e+05,3.18438e+05,3.02269e+05,3.06265e+05,3.02739e+05,3.08554e+05
1.00000e-02,1.00000e-02,1.00000e-02,1.00000e-02,1.00000e-02,1.00000e-02,1.00000e-02,1.00000e-02,1.00000e-02,1.00000e-02,1.00000e-02,1.00000e-02,1.00000e-02,1.00000e-02,1.00000e-02,1.00000e-02,1.00000e-02,1.00000e-02,1.00000e-02,1.00000e-02
1.67941e-02,1.23627e-02,2.69490e-02,1.64498e-02,2.57088e-02,1.64428e-02,1.72080e-02,2.63908e-02,1.47127e-02,1.22841e-02,1.69377e-02,1.09982e-02,1.72262e-02,1.71587e-02,1.33004e-02,1.57540e-02,1.76177e-02,1.25068e-02,3.24072e-02,1.47495e-02
2.68424e-02,1.35828e-02,4.71623e-02,2.88751e-02,4.23690e-02,2.47423e-02,3.07614e-02,4.02063e-02,2.22897e-02,1.53537e-02,2.85819e-02,1.20175e-02,2.38031e-02,2.43268e-02,1.49567e-02,2.43127e-02,2.57944e-02,1.44404e-02,7.08737e-02,2.02718e-02
3.33910e-02,1.43095e-02,6.86130e-02,4.09944e-02,6.33813e-02,3.45250e-02,4.57306e-02,4.78960e-02,3.27881e-02,2.11193e-02,3.99142e-02,1.30743e-02,2.84180e-02,3.43823e-02,1.59694e-02,3.73679e-02,3.26107e-02,1.87997e-02,9.89491e-02,2.65846e-02
3.68010e-02,1.51084e-02,8.87460e-02,4.84113e-02,8.78377e-02,4.47237e-02,5.75836e-02,5.02391e-02,4.37717e-02,3.24616e-02,4.81792e-02,1.42056e-02,3.31280e-02,4.69216e-02,1.71753e-02,5.20860e-02,3.84326e-02,2.57940e-02,1.19728e-01,3.31018e-02
3.98057e-02,1.65396e-02,1.08017e-01,5.23299e-02,1.12477e-01,5.50096e-02,6.53920e-02,5.09398e-02,5.41910e-02,5.63953e-02,5.36291e-02,1.54561e-02,4.00921e-02,5.95234e-02,1.89447e-02,6.76484e-02,4.44963e-02,3.36597e-02,1.39715e-01,4.03255e-02
4.45066e-02,1.92730e-02,1.27737e-01,5.49782e-02,1.36150e-01,6.64821e-02,7.07144e-02,5.22990e-02,6.37913e-02,1.06433e-01,5.73147e-02,1.68788e-02,4.87469e-02,7.07154e-02,2.14683e-02,8.43344e-02,5.02487e-02,4.09412e-02,1.61054e-01,4.93091e-02
5.23075e-02,2.40773e-02,1.47660e-01,5.79153e-02,1.58840e-01,8.09804e-02,7.54061e-02,5.50179e-02,7.26370e-02,1.88730e-01,5.99023e-02,1.85358e-02,5.63107e-02,8.07502e-02,2.46891e-02,1.01749e-01,5.44612e-02,4.71450e-02,1.83505e-01,6.05511e-02
6.42436e-02,3.16290e-02,1.65485e-01,6.19699e-02,1.80984e-01,9.98464e-02,8.08216e-02,5.86173e-02,8.09666e-02,2.87376e-01,6.15729e-02,2.04984e-02,6.07042e-02,9.10720e-02,2.82955e-02,1.19151e-01,5.67421e-02,5.25695e-02,2.07090e-01,7.40058e-02
8.09231e-02,4.25110e-02,1.78274e-01,6.74051e-02,2.03644e-01,1.23230e-01,8.75985e-02,6.23087e-02,8.92696e-02,3.75823e-01,6.25994e-02,2.28474e-02,6.17120e-02,1.03191e-01,3.19626e-02,1.35886e-01,5.76999e-02,5.78806e-02,2.32234e-01,8.89384e-02
1.02968e-01,5.67043e-02,1.84377e-01,7.39958e-02,2.27853e-01,1.50127e-01,9.54435e-02,6.54032e-02,9.80167e-02,4.37954e-01,6.34296e-02,2.56737e-02,6.03055e-02,1.17974e-01,3.54023e-02,1.50985e-01,5.82568e-02,6.40409e-02,2.59014e-01,1.04315e-01
1.30652e-01,7.33333e-02,1.84051e-01,8.12333e-02,2.53686e-01,1.78476e-01,1.03244e-01,6.77403e-02,1.07768e-01,4.72739e-01,6.45146e-02,2.91036e-02,5.78728e-02,1.35674e-01,3.85739e-02,1.63972e-01,5.91650e-02,7.21268e-02,2.86842e-01,1.18929e-01
1.63637e-01,9.10123e-02,1.78637e-01,8.88001e-02,2.80373e-01,2.05705e-01,1.10265e-01,6.93238e-02,1.19174e-01,4.87565e-01,6.61503e-02,3.33086e-02,5.54137e-02,1.55666e-01,4.15986e-02,1.74708e-01,6.08852e-02,8.26328e-02,3.15042e-01,1.32144e-01
2.01563e-01,1.08194e-01,1.70025e-01,9.65891e-02,3.06250e-01,2.29122e-01,1.16275e-01,7.04237e-02,1.32946e-01,4.91404e-01,6.83812e-02,3.84742e-02,5.36940e-02,1.76599e-01,4.46766e-02,1.83582e-01,6.37272e-02,9.49003e-02,3.42817e-01,1.43712e-01
2.44453e-01,1.23660e-01,1.59955e-01,1.04767e-01,3.29130e-01,2.46784e-01,1.21735e-01,7.12506e-02,1.49880e-01,4.91484e-01,7.10250e-02,4.48022e-02,5.34005e-02,1.97122e-01,4.79978e-02,1.91564e-01,6.79041e-02,1.07267e-01,3.69936e-01,1.53827e-01
2.92899e-01,1.36755e-01,1.49608e-01,1.13710e-01,3.47066e-01,2.57785e-01,1.27348e-01,7.19789e-02,1.70730e-01,4.92379e-01,7.37805e-02,5.24886e-02,5.51659e-02,2.16261e-01,5.17048e-02,1.99952e-01,7.35045e-02,1.17731e-01,3.96246e-01,1.62802e-01
3.47157e-01,1.47219e-01,1.39835e-01,1.23735e-01,3.59306e-01,2.62370e-01,1.33625e-01,7.27862e-02,1.95949e-01,4.96330e-01,7.63397e-02,6.17243e-02,6.00027e-02,2.33688e-01,5.58601e-02,2.09894e-01,8.03625e-02,1.25018e-01,4.21747e-01,1.71494e-01
4.05964e-01,1.55167e-01,1.30981e-01,1.35169e-01,3.66002e-01,2.61422e-01,1.40554e-01,7.37267e-02,2.25505e-01,5.03834e-01,7.84626e-02,7.26961e-02,6.92941e-02,2.49553e-01,6.04235e-02,2.22298e-01,8.80834e-02,1.28743e-01,4.46339e-01,1.80670e-01
4.65887e-01,1.60918e-01,1.23352e-01,1.48208e-01,3.68001e-01,2.56243e-01,1.47703e-01,7.48156e-02,2.58408e-01,5.14360e-01,8.00953e-02,8.55961e-02,8.45788e-02,2.64072e-01,6.52982e-02,2.37728e-01,9.61156e-02,1.29267e-01,4.69967e-01,1.90772e-01
5.21887e-01,1.64924e-01,1.16850e-01,1.62996e-01,3.66274e-01,2.48202e-01,1.54332e-01,7.61385e-02,2.93017e-01,5.26817e-01,8.12664e-02,1.00631e-01,1.06762e-01,2.77421e-01,7.03909e-02,2.56369e-01,1.03896e-01,1.27395e-01,4.92467e-01,2.01995e-01
5.69444e-01,1.67691e-01,1.11501e-01,1.79647e-01,3.61648e-01,2.38505e-01,1.59870e-01,7.77103e-02,3.27171e-01,5.39966e-01,8.20410e-02,1.18032e-01,1.35330e-01,2.89494e-01,7.55482e-02,2.78197e-01,1.11072e-01,1.23997e-01,5.13784e-01,2.14320e-01
6.05853e-01,1.69699e-01,1.07088e-01,1.98126e-01,3.54739e-01,2.28191e-01,1.64110e-01,7.94970e-02,3.58852e-01,5.52675e-01,8.25789e-02,1.38066e-01,1.67862e-01,3.00267e-01,8.06816e-02,3.02908e-01,1.17575e-01,1.19865e-01,5.33993e-01,2.27322e-01
6.30911e-01,1.71381e-01,1.03425e-01,2.18404e-01,3.46020e-01,2.17962e-01,1.67115e-01,8.16353e-02,3.86472e-01,5.64140e-01,8.29718e-02,1.61040e-01,2.01155e-01,3.09571e-01,8.57847e-02,3.29947e-01,1.23480e-01,1.15625e-01,5.53388e-01,2.40717e-01
6.46417e-01,1.73007e-01,1.00306e-01,2.40424e-01,3.35863e-01,2.08374e-01,1.69156e-01,8.42389e-02,4.09108e-01,5.73918e-01,8.33117e-02,1.87271e-01,2.32330e-01,3.17433e-01,9.09221e-02,3.58350e-01,1.29175e-01,1.11795e-01,5.72430e-01,2.54257e-01
6.55033e-01,1.74816e-01,9.76064e-02,2.63978e-01,3.24629e-01,1.99789e-01,1.70526e-01,8.74363e-02,4.26592e-01,5.81871e-01,8.36869e-02,2.17064e-01,2.59677e-01,3.24171e-01,9.62236e-02,3.86893e-01,1.35120e-01,1.08774e-01,5.91093e-01,2.67676e-01
6.59196e-01,1.76897e-01,9.51143e-02,2.88933e-01,3.12743e-01,1.92380e-01,1.71667e-01,9.13352e-02,4.39246e-01,5.88249e-01,8.41406e-02,2.50649e-01,2.82728e-01,3.30173e-01,1.01915e-01,4.14284e-01,1.41868e-01,1.06911e-01,6.09128e-01,2.80974e-01
6.60925e-01,1.79195e-01,9.27914e-02,3.15032e-01,3.00580e-01,1.86239e-01,1.72882e-01,9.61235e-02,4.47813e-01,5.93464e-01,8.47160e-02,2.88057e-01,3.02029e-01,3.36061e-01,1.08289e-01,4.39591e-01,1.49924e-01,1.06522e-01,6.26166e-01,2.94333e-01
6.61468e-01,1.81703e-01,9.05535e-02,3.42141e-01,2.88522e-01,1.81491e-01,1.74471e-01,1.01875e-01,4.53275e-01,5.98138e-01,8.54322e-02,3.29124e-01,3.18445e-01,3.42361e-01,1.15691e-01,4.62234e-01,1.59664e-01,1.07827e-01,6.41559e-01,3.08130e-01
6.61499e-01,1.84372e-01,8.83683e-02,3.70049e-01,2.76730e-01,1.78107e-01,1.76630e-01,1.08543e-01,4.56651e-01,6.02947e-01,8.62914e-02,3.73463e-01,3.33038e-01,3.49475e-01,1.24448e-01,4.82200e-01,1.71326e-01,1.11103e-01,6.55153e-01,3.22887e-01
6.61128e-01,1.87192e-01,8.62965e-02,3.98588e-01,2.65512e-01,1.76131e-01,1.79476e-01,1.16223e-01,4.58899e-01,6.08583e-01,8.73048e-02,4.20482e-01,3.46787e-01,3.57568e-01,1.34954e-01,4.99950e-01,1.84814e-01,1.16454e-01,6.67015e-01,3.39382e-01
6.60223e-01,1.90197e-01,8.43142e-02,4.27625e-01,2.54982e-01,1.75602e-01,1.83057e-01,1.24735e-01,4.60934e-01,6.15756e-01,8.84716e-02,4.69416e-01,3.60507e-01,3.66710e-01,1.47466e-01,5.16288e-01,1.99766e-01,1.23767e-01,6.77438e-01,3.58443e-01
6.58571e-01,1.93440e-01,8.24337e-02,4.56980e-01,2.45172e-01,1.76527e-01,1.87464e-01,1.33941e-01,4.63530e-01,6.25123e-01,8.97621e-02,5.19407e-01,3.74722e-01,3.76689e-01,1.62113e-01,5.32339e-01,2.15600e-01,1.32756e-01,6.87290e-01,3.81047e-01
6.56056e-01,1.97083e-01,8.06645e-02,4.86608e-01,2.36184e-01,1.79058e-01,1.92667e-01,1.43745e-01,4.67310e-01,6.37284e-01,9.12123e-02,5.69639e-01,3.89781e-01,3.87253e-01,1.78911e-01,5.49334e-01,2.31601e-01,1.42943e-01,6.97340e-01,4.08201e-01
6.52634e-01,2.01343e-01,7.90324e-02,5.16371e-01,2.28121e-01,1.83290e-01,1.98541e-01,1.53969e-01,4.72637e-01,6.52742e-01,9.28699e-02,6.19380e-01,4.05838e-01,3.97962e-01,1.97718e-01,5.68620e-01,2.47054e-01,1.53644e-01,7.08704e-01,4.40818e-01
6.48542e-01,2.06486e-01,7.75058e-02,5.46370e-01,2.20882e-01,1.89433e-01,2.04964e-01,1.64532e-01,4.79718e-01,6.71904e-01,9.46866e-02,6.68056e-01,4.22929e-01,4.08592e-01,2.18261e-01,5.91506e-01,2.61495e-01,1.64115e-01,7.22204e-01,4.79348e-01
6.43986e-01,2.12711e-01,7.61396e-02,5.76627e-01,2.14489e-01,1.97681e-01,2.11685e-01,1.75230e-01,4.88445e-01,6.94998e-01,9.67430e-02,7.15275e-01,4.41090e-01,4.18934e-01,2.40349e-01,6.18991e-01,2.74583e-01,1.73645e-01,7.38719e-01,5.23626e-01
6.39459e-01,2.20329e-01,7.49531e-02,6.07304e-01,2.08846e-01,2.08169e-01,2.18598e-01,1.86051e-01,4.98612e-01,7.22231e-01,9.91074e-02,7.60834e-01,4.60137e-01,4.29018e-01,2.63807e-01,6.51442e-01,2.86153e-01,1.81761e-01,7.58599e-01,5.73052e-01
6.35424e-01,2.29469e-01,7.38542e-02,6.38440e-01,2.03977e-01,2.21007e-01,2.25630e-01,1.96923e-01,5.09960e-01,7.53532e-01,1.01857e-01,8.04733e-01,4.80056e-01,4.39201e-01,2.88552e-01,6.88678e-01,2.96176e-01,1.88081e-01,7.82143e-01,6.26446e-01
6.32360e-01,2.40271e-01,7.28868e-02,6.70137e-01,1.99710e-01,2.36190e-01,2.32738e-01,2.07842e-01,5.22205e-01,7.88851e-01,1.05165e-01,8.47082e-01,5.00960e-01,4.50335e-01,3.14558e-01,7.29508e-01,3.04772e-01,1.92440e-01,8.09241e-01,6.82283e-01
6.30777e-01,2.52670e-01,7.20832e-02,7.02452e-01,1.96075e-01,2.53449e-01,2.40048e-01,2.18784e-01,5.35323e-01,8.27842e-01,1.09123e-01,8.88121e-01,5.23011e-01,4.63590e-01,3.41769e-01,7.72082e-01,3.12059e-01,1.94892e-01,8.39639e-01,7.38959e-01
6.31044e-01,2.66514e-01,7.13914e-02,7.35396e-01,1.93042e-01,2.72302e-01,2.47772e-01,2.29693e-01,5.49393e-01,8.70259e-01,1.13888e-01,9.28208e-01,5.46556e-01,4.80466e-01,3.70052e-01,8.14203e-01,3.18143e-01,1.95644e-01,8.72636e-01,7.94868e-01
6.33399e-01,2.81451e-01,7.07998e-02,7.68855e-01,1.90529e-01,2.92139e-01,2.56221e-01,2.40641e-01,5.64830e-01,9.15551e-01,1.19562e-01,9.67734e-01,5.72185e-01,5.02627e-01,3.99039e-01,8.53793e-01,3.23257e-01,1.94942e-01,9.07480e-01,8.48797e-01
6.38019e-01,2.97074e-01,7.03210e-02,8.02792e-01,1.88451e-01,3.12343e-01,2.65693e-01,2.51649e-01,5.82084e-01,9.63357e-01,1.26183e-01,1.00707e+00,6.00868e-01,5.31468e-01,4.28284e-01,8.89211e-01,3.27508e-01,1.93076e-01,9.43601e-01,8.99543e-01
6.44698e-01,3.12876e-01,6.99353e-02,8.37002e-01,1.86792e-01,3.32303e-01,2.76554e-01,2.62707e-01,6.01674e-01,1.01304e+00,1.33684e-01,1.04662e+00,6.33666e-01,5.67318e-01,4.57232e-01,9.19461e-01,3.31079e-01,1.90338e-01,9.80251e-01,9.46141e-01
6.53011e-01,3.28416e-01,6.96423e-02,8.71283e-01,1.85530e-01,3.51595e-01,2.89130e-01,2.73769e-01,6.23971e-01,1.06415e+00,1.41873e-01,1.08673e+00,6.71660e-01,6.09149e-01,4.85238e-01,9.44269e-01,3.34047e-01,1.86924e-01,1.01680e+00,9.87990e-01
6.62408e-01,3.43281e-01,6.94133e-02,9.05315e-01,1.84526e-01,3.69998e-01,3.03639e-01,2.84867e-01,6.49336e-01,1.11610e+00,1.50475e-01,1.12775e+00,7.15970e-01,6.54210e-01,5.11997e-01,9.63770e-01,3.36543e-01,1.83124e-01,1.05258e+00,1.02468e+00
6.72203e-01,3.57149e-01,6.92676e-02,9.38841e-01,1.83807e-01,3.87527e-01,3.20237e-01,2.96060e-01,6.77584e-01,1.16850e+00,1.59059e-01,1.16997e+00,7.66983e-01,6.98867e-01,5.37080e-01,9.78635e-01,3.38679e-01,1.79081e-01,1.08749e+00,1.05596e+00
6.81626e-01,3.69827e-01,6.91721e-02,9.71525e-01,1.83319e-01,4.04260e-01,3.38918e-01,3.07393e-01,7.08399e-01,1.22087e+00,1.67286e-01,1.21363e+00,8.24703e-01,7.39470e-01,5.60363e-01,9.89474e-01,3.40468e-01,1.74947e-01,1.12112e+00,1.08185e+00
6.89971e-01,3.81212e-01,6.91475e-02,1.00309e+00,1.83085e-01,4.20435e-01,3.59592e-01,3.18985e-01,7.41199e-01,1.27284e+00,1.74836e-01,1.25890e+00,8.87893e-01,7.73164e-01,5.81824e-01,9.97011e-01,3.42067e-01,1.70823e-01,1.15327e+00,1.10242e+00
6.96743e-01,3.91345e-01,6.91279e-02,1.03323e+00,1.83003e-01,4.36191e-01,3.81923e-01,3.30858e-01,7.75165e-01,1.32412e+00,1.81467e-01,1.30591e+00,9.54700e-01,7.98487e-01,6.01288e-01,1.00206e+00,3.43503e-01,1.66791e-01,1.18413e+00,1.11804e+00
7.01498e-01,4.00287e-01,6.90836e-02,1.06166e+00,1.83053e-01,4.51505e-01,4.05556e-01,3.43377e-01,8.09458e-01,1.37449e+00,1.87065e-01,1.35471e+00,1.02261e+00,8.15152e-01,6.18790e-01,1.00520e+00,3.44908e-01,1.62917e-01,1.21328e+00,1.12899e+00
7.04104e-01,4.08196e-01,6.91096e-02,1.08837e+00,1.83229e-01,4.66392e-01,4.29880e-01,3.56407e-01,8.43272e-01,1.42382e+00,1.91589e-01,1.40529e+00,1.08900e+00,8.23945e-01,6.34220e-01,1.00705e+00,3.46331e-01,1.59234e-01,1.24086e+00,1.13588e+00
7.04477e-01,4.15222e-01,6.91610e-02,1.11325e+00,1.83533e-01,4.80627e-01,4.54330e-01,3.70141e-01,8.75961e-01,1.47202e+00,1.95110e-01,1.45755e+00,1.15140e+00,8.25961e-01,6.47481e-01,1.00803e+00,3.47871e-01,1.55755e-01,1.26657e+00,1.13916e+00
7.02821e-01,4.21528e-01,6.92335e-02,1.13634e+00,1.83877e-01,4.93948e-01,4.78131e-01,3.84646e-01,9.07047e-01,1.51923e+00,1.97733e-01,1.51132e+00,1.20798e+00,8.22552e-01,6.58375e-01,1.00869e+00,3.49617e-01,1.52530e-01,1.29015e+00,1.13943e+00
6.99235e-01,4.27350e-01,6.93101e-02,1.15782e+00,1.84311e-01,5.06103e-01,5.00810e-01,3.99976e-01,9.36196e-01,1.56543e+00,1.99637e-01,1.56631e+00,1.25755e+00,8.15033e-01,6.66902e-01,1.00942e+00,3.51666e-01,1.49515e-01,1.31156e+00,1.13738e+00
6.94086e-01,4.32799e-01,6.93872e-02,1.17799e+00,1.84784e-01,5.16912e-01,5.21772e-01,4.16075e-01,9.63196e-01,1.61080e+00,2.00998e-01,1.62226e+00,1.29976e+00,8.04487e-01,6.72890e-01,1.01062e+00,3.54076e-01,1.46782e-01,1.33048e+00,1.13353e+00
6.87689e-01,4.38092e-01,6.94691e-02,1.19714e+00,1.85287e-01,5.26262e-01,5.40767e-01,4.32880e-01,9.88074e-01,1.65545e+00,2.02048e-01,1.67884e+00,1.33435e+00,7.91908e-01,6.76383e-01,1.01249e+00,3.56965e-01,1.44256e-01,1.34689e+00,1.12844e+00
6.80280e-01,4.43342e-01,6.95713e-02,1.21569e+00,1.85848e-01,5.34250e-01,5.57680e-01,4.50320e-01,1.01080e+00,1.69932e+00,2.02975e-01,1.73564e+00,1.36174e+00,7.77952e-01,6.77522e-01,1.01527e+00,3.60407e-01,1.42017e-01,1.36043e+00,1.12269e+00
6.72088e-01,4.48684e-01,6.97057e-02,1.23407e+00,1.86392e-01,5.41063e-01,5.72496e-01,4.68160e-01,1.03140e+00,1.74237e+00,2.04009e-01,1.79218e+00,1.38263e+00,7.63231e-01,6.76414e-01,1.01908e+00,3.64435e-01,1.39954e-01,1.37110e+00,1.11679e+00
6.63477e-01,4.54212e-01,6.98617e-02,1.25275e+00,1.86932e-01,5.46963e-01,5.85354e-01,4.86310e-01,1.05008e+00,1.78422e+00,2.05326e-01,1.84811e+00,1.39772e+00,7.48207e-01,6.73224e-01,1.02396e+00,3.69094e-01,1.38106e-01,1.37879e+00,1.11111e+00
6.54657e-01,4.60029e-01,7.00100e-02,1.27222e+00,1.87530e-01,5.52113e-01,5.96529e-01,5.04650e-01,1.06682e+00,1.82464e+00,2.07081e-01,1.90303e+00,1.40783e+00,7.33254e-01,6.68211e-01,1.02992e+00,3.74416e-01,1.36423e-01,1.38347e+00,1.10596e+00
6.45746e-01,4.66222e-01,7.01890e-02,1.29294e+00,1.88114e-01,5.56863e-01,6.06507e-01,5.23078e-01,1.08198e+00,1.86314e+00,2.09457e-01,1.95660e+00,1.41369e+00,7.18569e-01,6.61632e-01,1.03671e+00,3.80421e-01,1.34920e-01,1.38535e+00,1.10144e+00
6.36915e-01,4.72871e-01,7.03492e-02,1.31545e+00,1.88666e-01,5.61422e-01,6.15537e-01,5.41577e-01,1.09558e+00,1.89923e+00,2.12696e-01,2.00852e+00,1.41620e+00,7.04320e-01,6.53765e-01,1.04428e+00,3.87121e-01,1.33621e-01,1.38459e+00,1.09771e+00
6.28259e-01,4.80140e-01,7.05121e-02,1.34029e+00,1.89157e-01,5.65896e-01,6.24074e-01,5.60216e-01,1.10789e+00,1.93252e+00,2.16827e-01,2.05854e+00,1.41608e+00,6.90618e-01,6.44842e-01,1.05238e+00,3.94486e-01,1.32463e-01,1.38131e+00,1.09480e+00
6.19911e-01,4.88015e-01,7.06319e-02,1.36792e+00,1.89611e-01,5.70435e-01,6.32411e-01,5.79071e-01,1.11901e+00,1.96258e+00,2.22010e-01,2.10652e+00,1.41376e+00,6.77490e-01,6.35185e-01,1.06086e+00,4.02505e-01,1.31495e-01,1.37578e+00,1.09251e+00
6.11941e-01,4.96660e-01,7.07618e-02,1.39889e+00,1.90107e-01,5.74976e-01,6.40799e-01,5.98294e-01,1.12928e+00,1.98917e+00,2.28175e-01,2.15239e+00,1.41012e+00,6.65063e-01,6.24867e-01,1.06944e+00,4.11017e-01,1.30653e-01,1.36834e+00,1.09079e+00
6.04300e-01,5.06274e-01,7.09117e-02,1.43365e+00,1.90600e-01,5.79512e-01,6.49459e-01,6.18200e-01,1.13885e+00,2.01209e+00,2.35329e-01,2.19611e+00,1.40548e+00,6.53318e-01,6.14223e-01,1.07794e+00,4.19990e-01,1.29967e-01,1.35933e+00,1.08937e+00
5.97128e-01,5.17068e-01,7.10531e-02,1.47257e+00,1.91110e-01,5.83750e-01,6.58609e-01,6.39320e-01,1.14802e+00,2.03143e+00,2.43304e-01,2.23775e+00,1.40020e+00,6.42346e-01,6.03398e-01,1.08624e+00,4.29361e-01,1.29395e-01,1.34914e+00,1.08807e+00
5.90448e-01,5.29217e-01,7.12161e-02,1.51584e+00,1.91620e-01,5.87726e-01,6.68248e-01,6.61931e-01,1.15694e+00,2.04730e+00,2.51954e-01,2.27754e+00,1.39482e+00,6.32126e-01,5.92491e-01,1.09429e+00,4.39046e-01,1.28949e-01,1.33796e+00,1.08672e+00
5.84232e-01,5.42947e-01,7.13938e-02,1.56363e+00,1.92018e-01,5.91185e-01,6.78384e-01,6.86702e-01,1.16578e+00,2.05988e+00,2.61019e-01,2.31564e+00,1.38948e+00,6.22604e-01,5.81635e-01,1.10203e+00,4.49030e-01,1.28598e-01,1.32616e+00,1.08504e+00
5.78499e-01,5.58552e-01,7.16005e-02,1.61587e+00,1.92426e-01,5.94006e-01,6.89057e-01,7.14234e-01,1.17488e+00,2.06964e+00,2.70229e-01,2.35233e+00,1.38446e+00,6.13804e-01,5.71034e-01,1.10945e+00,4.59278e-01,1.28336e-01,1.31408e+00,1.08288e+00
5.73241e-01,5.76279e-01,7.18128e-02,1.67230e+00,1.92840e-01,5.96140e-01,7.00151e-01,7.44960e-01,1.18439e+00,2.07699e+00,2.79335e-01,2.38795e+00,1.37978e+00,6.05703e-01,5.60716e-01,1.11677e+00,4.69791e-01,1.28155e-01,1.30191e+00,1.08038e+00
5.68442e-01,5.96470e-01,7.20127e-02,1.73235e+00,1.93256e-01,5.97515e-01,7.11473e-01,7.79531e-01,1.19444e+00,2.08233e+00,2.88121e-01,2.42286e+00,1.37563e+00,5.98326e-01,5.50725e-01,1.12406e+00,4.80744e-01,1.28032e-01,1.28979e+00,1.07734e+00
5.64123e-01,6.19225e-01,7.22444e-02,1.79541e+00,1.93624e-01,5.98097e-01,7.22886e-01,8.18166e-01,1.20519e+00,2.08630e+00,2.96411e-01,2.45740e+00,1.37200e+00,5.91544e-01,5.41112e-01,1.13155e+00,4.92321e-01,1.27969e-01,1.27793e+00,1.07383e+00
5.60271e-01,6.44813e-01,7.24087e-02,1.86060e+00,1.94007e-01,5.97935e-01,7.34393e-01,8.61218e-01,1.21665e+00,2.08930e+00,3.04030e-01,2.49195e+00,1.36892e+00,5.85430e-01,5.31971e-01,1.13956e+00,5.04727e-01,1.27951e-01,1.26667e+00,1.06982e+00
5.56788e-01,6.73262e-01,7.25520e-02,1.92700e+00,1.94364e-01,5.97073e-01,7.45704e-01,9.08388e-01,1.22895e+00,2.09200e+00,3.10917e-01,2.52692e+00,1.36629e+00,5.79924e-01,5.23250e-01,1.14829e+00,5.18197e-01,1.27963e-01,1.25601e+00,1.06536e+00
5.53679e-01,7.04544e-01,7.26716e-02,1.99376e+00,1.94682e-01,5.95561e-01,7.56987e-01,9.59138e-01,1.24180e+00,2.09489e+00,3.17043e-01,2.56264e+00,1.36418e+00,5.74988e-01,5.15040e-01,1.15812e+00,5.33087e-01,1.28063e-01,1.24604e+00,1.06056e+00
5.51042e-01,7.38578e-01,7.27652e-02,2.06035e+00,1.94983e-01,5.93450e-01,7.68065e-01,1.01259e+00,1.25532e+00,2.09857e+00,3.22401e-01,2.59951e+00,1.36254e+00,5.70525e-01,5.07292e-01,1.16940e+00,5.49763e-01,1.28163e-01,1.23698e+00,1.05554e+00
5.48689e-01,7.74996e-01,7.28583e-02,2.12622e+00,1.95225e-01,5.90888e-01,7.79031e-01,1.06747e+00,1.26921e+00,2.10364e+00,3.26986e-01,2.63782e+00,1.36102e+00,5.66696e-01,5.00057e-01,1.18253e+00,5.68530e-01,1.28323e-01,1.22895e+00,1.05042e+00
5.46667e-01,8.13508e-01,7.29323e-02,2.19125e+00,1.95477e-01,5.87931e-01,7.90084e-01,1.12237e+00,1.28323e+00,2.11061e+00,3.30864e-01,2.67780e+00,1.35981e+00,5.63336e-01,4.93321e-01,1.19784e+00,5.89699e-01,1.28511e-01,1.22189e+00,1.04516e+00
5.44994e-01,8.53463e-01,7.30289e-02,2.25544e+00,1.95712e-01,5.84630e-01,8.01359e-01,1.17581e+00,1.29704e+00,2.12018e+00,3.34064e-01,2.71962e+00,1.35871e+00,5.60405e-01,4.87071e-01,1.21572e+00,6.13574e-01,1.28663e-01,1.21592e+00,1.03996e+00
5.43504e-01,8.94267e-01,7.31200e-02,2.31918e+00,1.95973e-01,5.81123e-01,8.13098e-01,1.22652e+00,1.31036e+00,2.13276e+00,3.36675e-01,2.76347e+00,1.35773e+00,5.57907e-01,4.81291e-01,1.23649e+00,6.40317e-01,1.28840e-01,1.21097e+00,1.03482e+00
5.42338e-01,9.35321e-01,7.32077e-02,2.38286e+00,1.96248e-01,5.77393e-01,8.25641e-01,1.27339e+00,1.32286e+00,2.14915e+00,3.38728e-01,2.80942e+00,1.35674e+00,5.55809e-01,4.75988e-01,1.26069e+00,6.70154e-01,1.29023e-01,1.20715e+00,1.03001e+00
5.41389e-01,9.75826e-01,7.32904e-02,2.44712e+00,1.96486e-01,5.73611e-01,8.39394e-01,1.31569e+00,1.33425e+00,2.16963e+00,3.40314e-01,2.85752e+00,1.35590e+00,5.54085e-01,4.71157e-01,1.28859e+00,7.03087e-01,1.29204e-01,1.20424e+00,1.02536e+00
5.40663e-01,1.01510e+00,7.33829e-02,2.51246e+00,1.96685e-01,5.69701e-01,8.54711e-01,1.35293e+00,1.34434e+00,2.19487e+00,3.41381e-01,2.90769e+00,1.35506e+00,5.52671e-01,4.66748e-01,1.32052e+00,7.39155e-01,1.29401e-01,1.20242e+00,1.02101e+00
5.40100e-01,1.05260e+00,7.34550e-02,2.57953e+00,1.96855e-01,5.65741e-01,8.71942e-01,1.38484e+00,1.35293e+00,2.22506e+00,3.42080e-01,2.95980e+00,1.35420e+00,5.51584e-01,4.62762e-01,1.35677e+00,7.78390e-01,1.29603e-01,1.20149e+00,1.01706e+00
5.39724e-01,1.08775e+00,7.35121e-02,2.64883e+00,1.97031e-01,5.61793e-01,8.91436e-01,1.41161e+00,1.35978e+00,2.26060e+00,3.42309e-01,3.01378e+00,1.35342e+00,5.50753e-01,4.59196e-01,1.39734e+00,8.20947e-01,1.29799e-01,1.20129e+00,1.01354e+00
5.39544e-01,1.12021e+00,7.35255e-02,2.72066e+00,1.97184e-01,5.57901e-01,9.13445e-01,1.43331e+00,1.36508e+00,2.30160e+00,3.42187e-01,3.06936e+00,1.35279e+00,5.50147e-01,4.55985e-01,1.44247e+00,8.67178e-01,1.30017e-01,1.20186e+00,1.01050e+00
5.39454e-01,1.14958e+00,7.35964e-02,2.79517e+00,1.97299e-01,5.54036e-01,9.38134e-01,1.45039e+00,1.36866e+00,2.34792e+00,3.41680e-01,3.12616e+00,1.35227e+00,5.49708e-01,4.53155e-01,1.49200e+00,9.17525e-01,1.30207e-01,1.20313e+00,1.00798e+00
5.39535e-01,1.17574e+00,7.36687e-02,2.87248e+00,1.97433e-01,5.50291e-01,9.65508e-01,1.46324e+00,1.37059e+00,2.39951e+00,3.40870e-01,3.18391e+00,1.35196e+00,5.49562e-01,4.50678e-01,1.54552e+00,9.72568e-01,1.30372e-01,1.20479e+00,1.00601e+00
5.39707e-01,1.19857e+00,7.37313e-02,2.95257e+00,1.97490e-01,5.46652e-01,9.95318e-01,1.47228e+00,1.37098e+00,2.45579e+00,3.39744e-01,3.24229e+00,1.35176e+00,5.49519e-01,4.48501e-01,1.60260e+00,1.03279e+00,1.30532e-01,1.20692e+00,1.00466e+00
5.39907e-01,1.21811e+00,7.37884e-02,3.03508e+00,1.97540e-01,5.43111e-01,1.02718e+00,1.47808e+00,1.37000e+00,2.51629e+00,3.38336e-01,3.30092e+00,1.35176e+00,5.49621e-01,4.46618e-01,1.66239e+00,1.09846e+00,1.30704e-01,1.20920e+00,1.00401e+00
5.40169e-01,1.23447e+00,7.38238e-02,3.11986e+00,1.97642e-01,5.39699e-01,1.06052e+00,1.48107e+00,1.36780e+00,2.58039e+00,3.36688e-01,3.35945e+00,1.35214e+00,5.49910e-01,4.45034e-01,1.72402e+00,1.16951e+00,1.30875e-01,1.21160e+00,1.00413e+00
5.40568e-01,1.24782e+00,7.38452e-02,3.20673e+00,1.97989e-01,5.36375e-01,1.09465e+00,1.48170e+00,1.36457e+00,2.64733e+00,3.34849e-01,3.41751e+00,1.35266e+00,5.50301e-01,4.43669e-01,1.78640e+00,1.24509e+00,1.31057e-01,1.21408e+00,1.00515e+00
5.41035e-01,1.25839e+00,7.38805e-02,3.29553e+00,1.98088e-01,5.33172e-01,1.12879e+00,1.48028e+00,1.36042e+00,2.71655e+00,3.32794e-01,3.47475e+00,1.35347e+00,5.50793e-01,4.42538e-01,1.84822e+00,1.32392e+00,1.31237e-01,1.21638e+00,1.00705e+00
5.41635e-01,1.26632e+00,7.39220e-02,3.38591e+00,1.98109e-01,5.30139e-01,1.16213e+00,1.47725e+00,1.35558e+00,2.78725e+00,3.30597e-01,3.53085e+00,1.35444e+00,5.51306e-01,4.41660e-01,1.90839e+00,1.40427e+00,1.31412e-01,1.21844e+00,1.01000e+00
5.42174e-01,1.27199e+00,7.39536e-02,3.47796e+00,1.98077e-01,5.27219e-01,1.19410e+00,1.47305e+00,1.35022e+00,2.85897e+00,3.28270e-01,3.58553e+00,1.35568e+00,5.51871e-01,4.40922e-01,1.96576e+00,1.48410e+00,1.31583e-01,1.22016e+00,1.01408e+00
5.42763e-01,1.27565e+00,7.39525e-02,3.57179e+00,1.98051e-01,5.24456e-01,1.22420e+00,1.46780e+00,1.34439e+00,2.93121e+00,3.25809e-01,3.63858e+00,1.35704e+00,5.52522e-01,4.40365e-01,2.01938e+00,1.56150e+00,1.31716e-01,1.22169e+00,1.01952e+00
5.43423e-01,1.27761e+00,7.39790e-02,3.66729e+00,1.98029e-01,5.21842e-01,1.25204e+00,1.46195e+00,1.33836e+00,3.00373e+00,3.23328e-01,3.68969e+00,1.35858e+00,5.53227e-01,4.39950e-01,2.06871e+00,1.63480e+00,1.31861e-01,1.22290e+00,1.02645e+00
5.44050e-01,1.27809e+00,7.40368e-02,3.76430e+00,1.98033e-01,5.19411e-01,1.27741e+00,1.45571e+00,1.33215e+00,3.07632e+00,3.20782e-01,3.73865e+00,1.36012e+00,5.53942e-01,4.39667e-01,2.11317e+00,1.70263e+00,1.32015e-01,1.22378e+00,1.03505e+00
5.44679e-01,1.27736e+00,7.40404e-02,3.86281e+00,1.98040e-01,5.17121e-01,1.30015e+00,1.44931e+00,1.32587e+00,3.14894e+00,3.18202e-01,3.78546e+00,1.36183e+00,5.54684e-01,4.39557e-01,2.15271e+00,1.76393e+00,1.32161e-01,1.22416e+00,1.04546e+00
5.45303e-01,1.27565e+00,7.40626e-02,3.96239e+00,1.98042e-01,5.14979e-01,1.32040e+00,1.44306e+00,1.31966e+00,3.22159e+00,3.15591e-01,3.83010e+00,1.36335e+00,5.55422e-01,4.39521e-01,2.18735e+00,1.81820e+00,1.32301e-01,1.22423e+00,1.05782e+00
5.45920e-01,1.27324e+00,7.40846e-02,4.06260e+00,1.98061e-01,5.13030e-01,1.33818e+00,1.43715e+00,1.31352e+00,3.29444e+00,3.13025e-01,3.87254e+00,1.36476e+00,5.56208e-01,4.39578e-01,2.21700e+00,1.86507e+00,1.32426e-01,1.22389e+00,1.07232e+00
5.46507e-01,1.27032e+00,7.40815e-02,4.16276e+00,1.98137e-01,5.11229e-01,1.35365e+00,1.43169e+00,1.30755e+00,3.36762e+00,3.10507e-01,3.91273e+00,1.36614e+00,5.56995e-01,4.39705e-01,2.24225e+00,1.90464e+00,1.32530e-01,1.22311e+00,1.08918e+00
5.47120e-01,1.26709e+00,7.41230e-02,4.26186e+00,1.98244e-01,5.09537e-01,1.36703e+00,1.42700e+00,1.30182e+00,3.44124e+00,3.08041e-01,3.95081e+00,1.36730e+00,5.57773e-01,4.39918e-01,2.26324e+00,1.93711e+00,1.32629e-01,1.22211e+00,1.10862e+00
5.47717e-01,1.26377e+00,7.41629e-02,4.35914e+00,1.98432e-01,5.07976e-01,1.37850e+00,1.42320e+00,1.29635e+00,3.51546e+00,3.05646e-01,3.98696e+00,1.36826e+00,5.58576e-01,4.40188e-01,2.28070e+00,1.96294e+00,1.32742e-01,1.22084e+00,1.13071e+00
5.48295e-01,1.26060e+00,7.41860e-02,4.45360e+00,1.98652e-01,5.06563e-01,1.38822e+00,1.42049e+00,1.29112e+00,3.59027e+00,3.03343e-01,4.02125e+00,1.36906e+00,5.59357e-01,4.40456e-01,2.29487e+00,1.98275e+00,1.32818e-01,1.21940e+00,1.15558e+00
5.48822e-01,1.25772e+00,7.41861e-02,4.54438e+00,1.98793e-01,5.05306e-01,1.39636e+00,1.41899e+00,1.28613e+00,3.66578e+00,3.01124e-01,4.05389e+00,1.36971e+00,5.60112e-01,4.40772e-01,2.30630e+00,1.99727e+00,1.32861e-01,1.21774e+00,1.18345e+00
5.49363e-01,1.25533e+00,7.41733e-02,4.63076e+00,1.98862e-01,5.04130e-01,1.40305e+00,1.41890e+00,1.28155e+00,3.74186e+00,2.98979e-01,4.08524e+00,1.37011e+00,5.60844e-01,4.41084e-01,2.31551e+00,2.00725e+00,1.32944e-01,1.21593e+00,1.21427e+00
5.49893e-01,1.25366e+00,7.41728e-02,4.71208e+00,1.98863e-01,5.03123e-01,1.40846e+00,1.42026e+00,1.27723e+00,3.81840e+00,2.96938e-01,4.11559e+00,1.37025e+00,5.61542e-01,4.41450e-01,2.32284e+00,2.01336e+00,1.33046e-01,1.21403e+00,1.24798e+00
5.50380e-01,1.25291e+00,7.41532e-02,4.78799e+00,1.98846e-01,5.02168e-01,1.41259e+00,1.42321e+00,1.27322e+00,3.89522e+00,2.94928e-01,4.14523e+00,1.37018e+00,5.62215e-01,4.41845e-01,2.32879e+00,2.01625e+00,1.33122e-01,1.21206e+00,1.28449e+00
5.50881e-01,1.25328e+00,7.41531e-02,4.85797e+00,1.98774e-01,5.01313e-01,1.41557e+00,1.42777e+00,1.26954e+00,3.97198e+00,2.92990e-01,4.17453e+00,1.36991e+00,5.62859e-01,4.42210e-01,2.33389e+00,2.01656e+00,1.33167e-01,1.21008e+00,1.32346e+00
5.51413e-01,1.25510e+00,7.41431e-02,4.92163e+00,1.98642e-01,5.00586e-01,1.41745e+00,1.43402e+00,1.26619e+00,4.04845e+00,2.91145e-01,4.20387e+00,1.36941e+00,5.63465e-01,4.42582e-01,2.33845e+00,2.01479e+00,1.33194e-01,1.20808e+00,1.36455e+00
5.51925e-01,1.25864e+00,7.41037e-02,4.97865e+00,1.98462e-01,4.99953e-01,1.41824e+00,1.44183e+00,1.26316e+00,4.12438e+00,2.89414e-01,4.23363e+00,1.36876e+00,5.64062e-01,4.42953e-01,2.34298e+00,2.01148e+00,1.33218e-01,1.20594e+00,1.40730e+00
5.52471e-01,1.26429e+00,7.40843e-02,5.02921e+00,1.98270e-01,4.99449e-01,1.41808e+00,1.45119e+00,1.26043e+00,4.19952e+00,2.87793e-01,4.26427e+00,1.36797e+00,5.64634e-01,4.43337e-01,2.34796e+00,2.00708e+00,1.33240e-01,1.20381e+00,1.45105e+00
5.53043e-01,1.27237e+00,7.40810e-02,5.07322e+00,1.98088e-01,4.98975e-01,1.41700e+00,1.46183e+00,1.25801e+00,4.27370e+00,2.86292e-01,4.29620e+00,1.36701e+00,5.65178e-01,4.43711e-01,2.35383e+00,2.00181e+00,1.33254e-01,1.20182e+00,1.49531e+00
5.53675e-01,1.28333e+00,7.40571e-02,5.11086e+00,1.97862e-01,4.98609e-01,1.41516e+00,1.47354e+00,1.25583e+00,4.34671e+00,2.84914e-01,4.32981e+00,1.36596e+00,5.65692e-01,4.44102e-01,2.36100e+00,1.99579e+00,1.33252e-01,1.19992e+00,1.53925e+00
5.54361e-01,1.29767e+00,7.40625e-02,5.14233e+00,1.97609e-01,4.98233e-01,1.41252e+00,1.48618e+00,1.25395e+00,4.41857e+00,2.83664e-01,4.36558e+00,1.36483e+00,5.66137e-01,4.44573e-01,2.36994e+00,1.98925e+00,1.33238e-01,1.19808e+00,1.58234e+00
5.55168e-01,1.31583e+00,7.40337e-02,5.16802e+00,1.97404e-01,4.97935e-01,1.40918e+00,1.49959e+00,1.25234e+00,4.48930e+00,2.82487e-01,4.40394e+00,1.36369e+00,5.66568e-01,4.45043e-01,2.38120e+00,1.98229e+00,1.33253e-01,1.19628e+00,1.62404e+00
5.56096e-01,1.33839e+00,7.39860e-02,5.18835e+00,1.97212e-01,4.97656e-01,1.40522e+00,1.51354e+00,1.25094e+00,4.55903e+00,2.81422e-01,4.44519e+00,1.36250e+00,5.66984e-01,4.45456e-01,2.39512e+00,1.97495e+00,1.33278e-01,1.19452e+00,1.66396e+00
5.57179e-01,1.36582e+00,7.39375e-02,5.20382e+00,1.96962e-01,4.97466e-01,1.40068e+00,1.52779e+00,1.24984e+00,4.62813e+00,2.80470e-01,4.48981e+00,1.36131e+00,5.67331e-01,4.45871e-01,2.41214e+00,1.96723e+00,1.33300e-01,1.19302e+00,1.70174e+00
5.58425e-01,1.39852e+00,7.39119e-02,5.21510e+00,1.96722e-01,4.97306e-01,1.39572e+00,1.54201e+00,1.24888e+00,4.69691e+00,2.79543e-01,4.53813e+00,1.36012e+00,5.67618e-01,4.46303e-01,2.43251e+00,1.95924e+00,1.33309e-01,1.19159e+00,1.73723e+00
5.59872e-01,1.43693e+00,7.38974e-02,5.22275e+00,1.96495e-01,4.97261e-01,1.39033e+00,1.55624e+00,1.24808e+00,4.76589e+00,2.78696e-01,4.59042e+00,1.35897e+00,5.67856e-01,4.46722e-01,2.45663e+00,1.95092e+00,1.33296e-01,1.19026e+00,1.77022e+00
5.61601e-01,1.48116e+00,7.38585e-02,5.22717e+00,1.96256e-01,4.97231e-01,1.38464e+00,1.57018e+00,1.24747e+00,4.83561e+00,2.77935e-01,4.64702e+00,1.35783e+00,5.68100e-01,4.47096e-01,2.48437e+00,1.94237e+00,1.33256e-01,1.18889e+00,1.80092e+00
5.63585e-01,1.53133e+00,7.37971e-02,5.22908e+00,1.96037e-01,4.97268e-01,1.37867e+00,1.58390e+00,1.24698e+00,4.90669e+00,2.77281e-01,4.70816e+00,1.35676e+00,5.68383e-01,4.47501e-01,2.51571e+00,1.93357e+00,1.33201e-01,1.18762e+00,1.82942e+00
5.65916e-01,1.58726e+00,7.37676e-02,5.22906e+00,1.95860e-01,4.97272e-01,1.37248e+00,1.59728e+00,1.24669e+00,4.97971e+00,2.76737e-01,4.77402e+00,1.35570e+00,5.68682e-01,4.47839e-01,2.55029e+00,1.92452e+00,1.33159e-01,1.18645e+00,1.85583e+00
5.68573e-01,1.64860e+00,7.37398e-02,5.22768e+00,1.95678e-01,4.97264e-01,1.36616e+00,1.61033e+00,1.24644e+00,5.05533e+00,2.76239e-01,4.84485e+00,1.35469e+00,5.68984e-01,4.48181e-01,2.58748e+00,1.91514e+00,1.33127e-01,1.18545e+00,1.88053e+00
5.71570e-01,1.71461e+00,7.37188e-02,5.22527e+00,1.95443e-01,4.97291e-01,1.35981e+00,1.62324e+00,1.24636e+00,5.13410e+00,2.75837e-01,4.92063e+00,1.35375e+00,5.69258e-01,4.48553e-01,2.62680e+00,1.90556e+00,1.33095e-01,1.18450e+00,1.90394e+00
5.74857e-01,1.78458e+00,7.37066e-02,5.22222e+00,1.95221e-01,4.97350e-01,1.35340e+00,1.63607e+00,1.24638e+00,5.21653e+00,2.75444e-01,5.00131e+00,1.35291e+00,5.69512e-01,4.48907e-01,2.66726e+00,1.89588e+00,1.33034e-01,1.18369e+00,1.92639e+00
5.78440e-01,1.85761e+00,7.36621e-02,5.21913e+00,1.95049e-01,4.97385e-01,1.34695e+00,1.64887e+00,1.24647e+00,5.30301e+00,2.75069e-01,5.08707e+00,1.35217e+00,5.69762e-01,4.49227e-01,2.70809e+00,1.88613e+00,1.32960e-01,1.18296e+00,1.94823e+00
5.82211e-01,1.93260e+00,7.35937e-02,5.21645e+00,1.94902e-01,4.97443e-01,1.34051e+00,1.66190e+00,1.24662e+00,5.39376e+00,2.74738e-01,5.17770e+00,1.35143e+00,5.69969e-01,4.49535e-01,2.74822e+00,1.87631e+00,1.32915e-01,1.18231e+00,1.97001e+00
5.86074e-01,2.00858e+00,7.35549e-02,5.21450e+00,1.94762e-01,4.97489e-01,1.33417e+00,1.67535e+00,1.24684e+00,5.48880e+00,2.74477e-01,5.27296e+00,1.35080e+00,5.70154e-01,4.49839e-01,2.78693e+00,1.86646e+00,1.32878e-01,1.18168e+00,1.99224e+00
5.89991e-01,2.08475e+00,7.34774e-02,5.21370e+00,1.94596e-01,4.97577e-01,1.32791e+00,1.68948e+00,1.24707e+00,5.58811e+00,2.74293e-01,5.37265e+00,1.35028e+00,5.70317e-01,4.50156e-01,2.82341e+00,1.85669e+00,1.32838e-01,1.18113e+00,2.01533e+00
5.93759e-01,2.16033e+00,7.34040e-02,5.21445e+00,1.94401e-01,4.97662e-01,1.32176e+00,1.70451e+00,1.24735e+00,5.69116e+00,2.74158e-01,5.47651e+00,1.34981e+00,5.70452e-01,4.50469e-01,2.85714e+00,1.84708e+00,1.32772e-01,1.18060e+00,2.03982e+00
5.97318e-01,2.23458e+00,7.33369e-02,5.21721e+00,1.94187e-01,4.97734e-01,1.31576e+00,1.72075e+00,1.24767e+00,5.79780e+00,2.74069e-01,5.58450e+00,1.34945e+00,5.70571e-01,4.50718e-01,2.88790e+00,1.83767e+00,1.32676e-01,1.18006e+00,2.06639e+00
6.00551e-01,2.30726e+00,7.38430e-02,5.22219e+00,1.94839e-01,4.97815e-01,1.30995e+00,1.73853e+00,1.24838e+00,5.90686e+00,2.74028e-01,5.69537e+00,1.34913e+00,5.70682e-01,4.50958e-01,2.91514e+00,1.82850e+00,1.33063e-01,1.17956e+00,2.09546e+00
6.03338e-01,2.37851e+00,7.47451e-02,5.22983e+00,1.95531e-01,4.97853e-01,1.30432e+00,1.75817e+00,1.24914e+00,6.01863e+00,2.74015e-01,5.80950e+00,1.34884e+00,5.70757e-01,4.51204e-01,2.93909e+00,1.81953e+00,1.33166e-01,1.17910e+00,2.12737e+00
6.05622e-01,2.44699e+00,7.58935e-02,5.24058e+00,1.96174e-01,4.97887e-01,1.29887e+00,1.77996e+00,1.25045e+00,6.13197e+00,2.74020e-01,5.92547e+00,1.34863e+00,5.70790e-01,4.51428e-01,2.95956e+00,1.81085e+00,1.33269e-01,1.17875e+00,2.16266e+00
6.07360e-01,2.51344e+00,7.71550e-02,5.25479e+00,1.97066e-01,4.97959e-01,1.29363e+00,1.80436e+00,1.25242e+00,6.24502e+00,2.74032e-01,6.04310e+00,1.34852e+00,5.71420e-01,4.51617e-01,2.97680e+00,1.80253e+00,1.33481e-01,1.17842e+00,2.20151e+00
6.08483e-01,2.57803e+00,7.82218e-02,5.27280e+00,1.98010e-01,4.98040e-01,1.28862e+00,1.83154e+00,1.25433e+00,6.35779e+00,2.74042e-01,6.16179e+00,1.34843e+00,5.71806e-01,4.51796e-01,2.99114e+00,1.79456e+00,1.33786e-01,1.17815e+00,2.24389e+00
6.09005e-01,2.64090e+00,7.89938e-02,5.29496e+00,1.98974e-01,4.98098e-01,1.28384e+00,1.86185e+00,1.25622e+00,6.46889e+00,2.74064e-01,6.28095e+00,1.34840e+00,5.72027e-01,4.51963e-01,3.00269e+00,1.78696e+00,1.34109e-01,1.17779e+00,2.28988e+00
6.08970e-01,2.70230e+00,7.95338e-02,5.32159e+00,2.00052e-01,4.98150e-01,1.27930e+00,1.89551e+00,1.25812e+00,6.57711e+00,2.74092e-01,6.40003e+00,1.34843e+00,5.72374e-01,4.52121e-01,3.01189e+00,1.77974e+00,1.34416e-01,1.17744e+00,2.33888e+00
6.08381e-01,2.76216e+00,7.99111e-02,5.35314e+00,2.01110e-01,4.98208e-01,1.27496e+00,1.93293e+00,1.25982e+00,6.68131e+00,2.74134e-01,6.51863e+00,1.34851e+00,5.72746e-01,4.52281e-01,3.01904e+00,1.77304e+00,1.34699e-01,1.17713e+00,2.39047e+00
6.07305e-01,2.82064e+00,8.01207e-02,5.38987e+00,2.02049e-01,4.98257e-01,1.27082e+00,1.97382e+00,1.26142e+00,6.78111e+00,2.74205e-01,6.63610e+00,1.34867e+00,5.73117e-01,4.52436e-01,3.02426e+00,1.76672e+00,1.34946e-01,1.17686e+00,2.44370e+00
6.05828e-01,2.87782e+00,8.02148e-02,5.43184e+00,2.02805e-01,4.98305e-01,1.26695e+00,2.01834e+00,1.26285e+00,6.87581e+00,2.74272e-01,6.75204e+00,1.34890e+00,5.73466e-01,4.52573e-01,3.02790e+00,1.76085e+00,1.35172e-01,1.17659e+00,2.49761e+00
6.04018e-01,2.93372e+00,8.02376e-02,5.47925e+00,2.04083e-01,4.98335e-01,1.26325e+00,2.06614e+00,1.26469e+00,6.96524e+00,2.74333e-01,6.86622e+00,1.34921e+00,5.73776e-01,4.52706e-01,3.03041e+00,1.75547e+00,1.35394e-01,1.17627e+00,2.55126e+00
6.01891e-01,2.98856e+00,8.01666e-02,5.53213e+00,2.05112e-01,4.98330e-01,1.25977e+00,2.11699e+00,1.26675e+00,7.04933e+00,2.74409e-01,6.97857e+00,1.34953e+00,5.74050e-01,4.52832e-01,3.03177e+00,1.75123e+00,1.35977e-01,1.17593e+00,2.60338e+00
5.99566e-01,3.04240e+00,8.00119e-02,5.59008e+00,2.06199e-01,4.98307e-01,1.25651e+00,2.17031e+00,1.26924e+00,7.12759e+00,2.74504e-01,7.08896e+00,1.34979e+00,5.74313e-01,4.52948e-01,3.03210e+00,1.74699e+00,1.36276e-01,1.17563e+00,2.65323e+00
5.97095e-01,3.09539e+00,7.97850e-02,5.65281e+00,2.07455e-01,4.98279e-01,1.25348e+00,2.22571e+00,1.27207e+00,7.20054e+00,2.74587e-01,7.19715e+00,1.35004e+00,5.74571e-01,4.53029e-01,3.03165e+00,1.74302e+00,1.36498e-01,1.17539e+00,2.70003e+00
5.94494e-01,3.14758e+00,7.94792e-02,5.72002e+00,2.08868e-01,4.98249e-01,1.25068e+00,2.28268e+00,1.27501e+00,7.26808e+00,2.74657e-01,7.30325e+00,1.35021e+00,5.74808e-01,4.53094e-01,3.03065e+00,1.73937e+00,1.36697e-01,1.17507e+00,2.74302e+00
5.91856e-01,3.19910e+00,7.90926e-02,5.79096e+00,2.10508e-01,4.98212e-01,1.24812e+00,2.34034e+00,1.27805e+00,7.33053e+00,2.74711e-01,7.40761e+00,1.35029e+00,5.75003e-01,4.53128e-01,3.02915e+00,1.73606e+00,1.36859e-01,1.17471e+00,2.78189e+00
5.89217e-01,3.25016e+00,7.87018e-02,5.86486e+00,2.12481e-01,4.98161e-01,1.24575e+00,2.39816e+00,1.28096e+00,7.38842e+00,2.74753e-01,7.51046e+00,1.35035e+00,5.75143e-01,4.53138e-01,3.02737e+00,1.73302e+00,1.36986e-01,1.17434e+00,2.81650e+00
5.86688e-01,3.30090e+00,7.82868e-02,5.94111e+00,2.14709e-01,4.98122e-01,1.24357e+00,2.45566e+00,1.28383e+00,7.44199e+00,2.74807e-01,7.61221e+00,1.35041e+00,5.75225e-01,4.53130e-01,3.02525e+00,1.73032e+00,1.37012e-01,1.17393e+00,2.84675e+00
5.84207e-01,3.35149e+00,7.78575e-02,6.01899e+00,2.17051e-01,4.98091e-01,1.24152e+00,2.51246e+00,1.28688e+00,7.49141e+00,2.74907e-01,7.71316e+00,1.35046e+00,5.75251e-01,4.53074e-01,3.02289e+00,1.72801e+00,1.36951e-01,1.17351e+00,2.87278e+00
5.81841e-01,3.40211e+00,7.74039e-02,6.09761e+00,2.19138e-01,4.98054e-01,1.23965e+00,2.56823e+00,1.29006e+00,7.53740e+00,2.74977e-01,7.81374e+00,1.35046e+00,5.75234e-01,4.52993e-01,3.02031e+00,1.72608e+00,1.36861e-01,1.17312e+00,2.89493e+00
5.79595e-01,3.45295e+00,7.69524e-02,6.17646e+00,2.20730e-01,4.98002e-01,1.23792e+00,2.62281e+00,1.29318e+00,7.57990e+00,2.75018e-01,7.91454e+00,1.35045e+00,5.75180e-01,4.52911e-01,3.01753e+00,1.72449e+00,1.36695e-01,1.17275e+00,2.91328e+00
5.77472e-01,3.50427e+00,7.65279e-02,6.25454e+00,2.21725e-01,4.97929e-01,1.23634e+00,2.67614e+00,1.29631e+00,7.61939e+00,2.75064e-01,8.01602e+00,1.35043e+00,5.75095e-01,4.52832e-01,3.01458e+00,1.72324e+00,1.36552e-01,1.17235e+00,2.92840e+00
5.75524e-01,3.55624e+00,7.60993e-02,6.33177e+00,2.22122e-01,4.97857e-01,1.23495e+00,2.72824e+00,1.29944e+00,7.65620e+00,2.75105e-01,8.11876e+00,1.35035e+00,5.74939e-01,4.52720e-01,3.01149e+00,1.72221e+00,1.36435e-01,1.17200e+00,2.94058e+00
5.73756e-01,3.60916e+00,7.56852e-02,6.40772e+00,2.22027e-01,4.97775e-01,1.23368e+00,2.77926e+00,1.30242e+00,7.69041e+00,2.75146e-01,8.22315e+00,1.35022e+00,5.74751e-01,4.52585e-01,3.00826e+00,1.72141e+00,1.36345e-01,1.17170e+00,2.95019e+00
5.72106e-01,3.66318e+00,7.53646e-02,6.48210e+00,2.21608e-01,4.97664e-01,1.23256e+00,2.82956e+00,1.30519e+00,7.72261e+00,2.75155e-01,8.32954e+00,1.35007e+00,5.74527e-01,4.52437e-01,3.00493e+00,1.72083e+00,1.36269e-01,1.17130e+00,2.95771e+00
5.70608e-01,3.71857e+00,7.50857e-02,6.55521e+00,2.20969e-01,4.97527e-01,1.23155e+00,2.87935e+00,1.30767e+00,7.75276e+00,2.75163e-01,8.43828e+00,1.34982e+00,5.74262e-01,4.52269e-01,3.00153e+00,1.72050e+00,1.36206e-01,1.17087e+00,2.96332e+00
5.69255e-01,3.77554e+00,7.48291e-02,6.62712e+00,2.20191e-01,4.97378e-01,1.23066e+00,2.92912e+00,1.30985e+00,7.78143e+00,2.75184e-01,8.54966e+00,1.34953e+00,5.73930e-01,4.52100e-01,2.99812e+00,1.72034e+00,1.36152e-01,1.17042e+00,2.96750e+00
5.68005e-01,3.83443e+00,7.45896e-02,6.69805e+00,2.19300e-01,4.97222e-01,1.22985e+00,2.97920e+00,1.31168e+00,7.80866e+00,2.75194e-01,8.66383e+00,1.34919e+00,5.73552e-01,4.51941e-01,2.99474e+00,1.72036e+00,1.36130e-01,1.16993e+00,2.97038e+00
5.66849e-01,3.89545e+00,7.43702e-02,6.76838e+00,2.18291e-01,4.97058e-01,1.22913e+00,3.02985e+00,1.31319e+00,7.83499e+00,2.75207e-01,8.78108e+00,1.34883e+00,5.73098e-01,4.51793e-01,2.99134e+00,1.72054e+00,1.36135e-01,1.16938e+00,2.97221e+00
5.65869e-01,3.95888e+00,7.41512e-02,6.83803e+00,2.17151e-01,4.96888e-01,1.22853e+00,3.08156e+00,1.31436e+00,7.86016e+00,2.75227e-01,8.90134e+00,1.34844e+00,5.72617e-01,4.51634e-01,2.98800e+00,1.72088e+00,1.36110e-01,1.16882e+00,2.97321e+00
5.64937e-01,4.02496e+00,7.39142e-02,6.90766e+00,2.15843e-01,4.96713e-01,1.22800e+00,3.13458e+00,1.31522e+00,7.88489e+00,2.75260e-01,9.02466e+00,1.34805e+00,5.72071e-01,4.51479e-01,2.98476e+00,1.72134e+00,1.36108e-01,1.16830e+00,2.97362e+00
5.64114e-01,4.09386e+00,7.36973e-02,6.97737e+00,2.14407e-01,4.96542e-01,1.22755e+00,3.18894e+00,1.31576e+00,7.90899e+00,2.75305e-01,9.15112e+00,1.34760e+00,5.71509e-01,4.51319e-01,2.98167e+00,1.72186e+00,1.36143e-01,1.16776e+00,2.97354e+00
5.63398e-01,4.16585e+00,7.35045e-02,7.04731e+00,2.12819e-01,4.96394e-01,1.22717e+00,3.24494e+00,1.31603e+00,7.93284e+00,2.75351e-01,9.28043e+00,1.34710e+00,5.70959e-01,4.51158e-01,2.97878e+00,1.72245e+00,1.36183e-01,1.16721e+00,2.97311e+00
5.62671e-01,4.24105e+00,7.33287e-02,7.11750e+00,2.11118e-01,4.96267e-01,1.22686e+00,3.30261e+00,1.31601e+00,7.95657e+00,2.75393e-01,9.41232e+00,1.34659e+00,5.70386e-01,4.51003e-01,2.97609e+00,1.72305e+00,1.36277e-01,1.16666e+00,2.97238e+00
5.62002e-01,4.31953e+00,7.31485e-02,7.18786e+00,2.09355e-01,4.96125e-01,1.22661e+00,3.36176e+00,1.31577e+00,7.98030e+00,2.75407e-01,9.54682e+00,1.34611e+00,5.69812e-01,4.50831e-01,2.97370e+00,1.72370e+00,1.36408e-01,1.16613e+00,2.97142e+00
5.61345e-01,4.40155e+00,7.29899e-02,7.25832e+00,2.07512e-01,4.95938e-01,1.22643e+00,3.42226e+00,1.31530e+00,8.00422e+00,2.75393e-01,9.68359e+00,1.34556e+00,5.69220e-01,4.50646e-01,2.97170e+00,1.72440e+00,1.36559e-01,1.16561e+00,2.97032e+00
5.60672e-01,4.48702e+00,7.28321e-02,7.32860e+00,2.05685e-01,4.95737e-01,1.22627e+00,3.48364e+00,1.31468e+00,8.02839e+00,2.75368e-01,9.82220e+00,1.34495e+00,5.68643e-01,4.50460e-01,2.97007e+00,1.72511e+00,1.36729e-01,1.16517e+00,2.96923e+00
5.59995e-01,4.57622e+00,7.26787e-02,7.39858e+00,2.03937e-01,4.95521e-01,1.22615e+00,3.54572e+00,1.31383e+00,8.05285e+00,2.75345e-01,9.96232e+00,1.34432e+00,5.68065e-01,4.50276e-01,2.96900e+00,1.72579e+00,1.36919e-01,1.16475e+00,2.96808e+00
5.59297e-01,4.66899e+00,7.25011e-02,7.46814e+00,2.02213e-01,4.95287e-01,1.22607e+00,3.60812e+00,1.31286e+00,8.07758e+00,2.75318e-01,1.01038e+01,1.34366e+00,5.67494e-01,4.50094e-01,2.96852e+00,1.72644e+00,1.37117e-01,1.16439e+00,2.96700e+00
5.58564e-01,4.76544e+00,7.23096e-02,7.53703e+00,2.00559e-01,4.95041e-01,1.22599e+00,3.66991e+00,1.31176e+00,8.10266e+00,2.75289e-01,1.02461e+01,1.34298e+00,5.66953e-01,4.49894e-01,2.96874e+00,1.72705e+00,1.37308e-01,1.16413e+00,2.96599e+00
5.57792e-01,4.86554e+00,7.21223e-02,7.60523e+00,1.98983e-01,4.94769e-01,1.22596e+00,3.73086e+00,1.31051e+00,8.12807e+00,2.75248e-01,1.03887e+01,1.34230e+00,5.66449e-01,4.49675e-01,2.96982e+00,1.72764e+00,1.37492e-01,1.16391e+00,2.96504e+00
5.57031e-01,4.96909e+00,7.19336e-02,7.67274e+00,1.97544e-01,4.94507e-01,1.22595e+00,3.79044e+00,1.30921e+00,8.15368e+00,2.75215e-01,1.05312e+01,1.34157e+00,5.65984e-01,4.49471e-01,2.97182e+00,1.72820e+00,1.37659e-01,1.16371e+00,2.96406e+00
5.56244e-01,5.07588e+00,7.17544e-02,7.73947e+00,1.96228e-01,4.94237e-01,1.22591e+00,3.84803e+00,1.30783e+00,8.17946e+00,2.75193e-01,1.06733e+01,1.34084e+00,5.65542e-01,4.49264e-01,2.97479e+00,1.72873e+00,1.37789e-01,1.16359e+00,2.96322e+00
5.55433e-01,5.18567e+00,7.15891e-02,7.80589e+00,1.94987e-01,4.93974e-01,1.22593e+00,3.90330e+00,1.30644e+00,8.20532e+00,2.75153e-01,1.08144e+01,1.34009e+00,5.65137e-01,4.49049e-01,2.97899e+00,1.72922e+00,1.37865e-01,1.16351e+00,2.96247e+00
5.54627e-01,5.29817e+00,7.14401e-02,7.87227e+00,1.93843e-01,4.93729e-01,1.22595e+00,3.95581e+00,1.30502e+00,8.23114e+00,2.75083e-01,1.09540e+01,1.33936e+00,5.64807e-01,4.48832e-01,2.98463e+00,1.72971e+00,1.37888e-01,1.16342e+00,2.96175e+00
5.53820e-01,5.41291e+00,7.13205e-02,7.93894e+00,1.92814e-01,4.93456e-01,1.22593e+00,4.00517e+00,1.30356e+00,8.25672e+00,2.75000e-01,1.10916e+01,1.33855e+00,5.64489e-01,4.48614e-01,2.99184e+00,1.73022e+00,1.37847e-01,1.16335e+00,2.96118e+00
5.53026e-01,5.52940e+00,7.11866e-02,8.00657e+00,1.91847e-01,4.93156e-01,1.22592e+00,4.05151e+00,1.30210e+00,8.28193e+00,2.74904e-01,1.12268e+01,1.33773e+00,5.64195e-01,4.48403e-01,3.00067e+00,1.73073e+00,1.37754e-01,1.16325e+00,2.96065e+00
5.52247e-01,5.64701e+00,7.10571e-02,8.07555e+00,1.90992e-01,4.92858e-01,1.22592e+00,4.09428e+00,1.30062e+00,8.30665e+00,2.74813e-01,1.13594e+01,1.33688e+00,5.63947e-01,4.48195e-01,3.01140e+00,1.73126e+00,1.37589e-01,1.16304e+00,2.96021e+00
5.51484e-01,5.76520e+00,7.09326e-02,8.14639e+00,1.90210e-01,4.92586e-01,1.22591e+00,4.13347e+00,1.29912e+00,8.33075e+00,2.74723e-01,1.14889e+01,1.33602e+00,5.63736e-01,4.47984e-01,3.02429e+00,1.73183e+00,1.37359e-01,1.16278e+00,2.95982e+00
5.50737e-01,5.88320e+00,7.08970e-02,8.21973e+00,1.90573e-01,4.92354e-01,1.22596e+00,4.16927e+00,1.29761e+00,8.35392e+00,2.74636e-01,1.16149e+01,1.33520e+00,5.63549e-01,4.47767e-01,3.03960e+00,1.73244e+00,1.37073e-01,1.16243e+00,2.95953e+00
5.50009e-01,6.00027e+00,7.71606e-02,8.29612e+00,2.02792e-01,4.92108e-01,1.22595e+00,4.20159e+00,1.29612e+00,8.37612e+00,2.74573e-01,1.17375e+01,1.33441e+00,5.63352e-01,4.47538e-01,3.05727e+00,1.73308e+00,1.36718e-01,1.16205e+00,2.95926e+00
5.49292e-01,6.11563e+00,1.06309e-01,8.37573e+00,3.31987e-01,4.91855e-01,1.22592e+00,4.23055e+00,1.29463e+00,8.39879e+00,2.74518e-01,1.18564e+01,1.33365e+00,5.63196e-01,4.47293e-01,3.07758e+00,1.73374e+00,1.36331e-01,1.16156e+00,2.95907e+00
5.48601e-01,6.23168e+00,1.60231e-01,8.46022e+00,1.00508e+00,4.94670e-01,1.22929e+00,4.25805e+00,1.29310e+00,8.42139e+00,2.74883e-01,1.19729e+01,1.33285e+00,5.63095e-01,4.49462e-01,3.10069e+00,1.73445e+00,1.35880e-01,1.16093e+00,2.95891e+00
5.47901e-01,6.34799e+00,2.29308e-01,8.55456e+00,3.22075e+00,5.03287e-01,1.24693e+00,4.29220e+00,1.29308e+00,8.44648e+00,2.77596e-01,1.20864e+01,1.33207e+00,5.63127e-01,4.52666e-01,3.12650e+00,1.73633e+00,1.35477e-01,1.16832e+00,2.95874e+00
5.49447e-01,6.45696e+00,2.99892e-01,8.65842e+00,6.60207e+00,5.15520e-01,1.39488e+00,4.32753e+00,1.29542e+00,8.47348e+00,2.81564e-01,1.21964e+01,1.33195e+00,5.65400e-01,4.54527e-01,3.15742e+00,1.74019e+00,1.37016e-01,1.17846e+00,2.96175e+00
5.51632e-01,6.56088e+00,3.73971e-01,8.76938e+00,1.05152e+01,5.34314e-01,1.65710e+00,4.35242e+00,1.29767e+00,8.50273e+00,2.86173e-01,1.23037e+01,1.33429e+00,5.69004e-01,4.56381e-01,3.19324e+00,1.74450e+00,1.37652e-01,1.19128e+00,2.96849e+00
5.53501e-01,6.66342e+00,4.66079e-01,8.88074e+00,1.45535e+01,5.56326e-01,1.73549e+00,4.37204e+00,1.29983e+00,8.53320e+00,2.89667e-01,1.24085e+01,1.33712e+00,5.72283e-01,4.58867e-01,3.23331e+00,1.74850e+00,1.38435e-01,1.20245e+00,2.97550e+00
5.54455e-01,6.76296e+00,5.65706e-01,8.99133e+00,2.07332e+01,5.76268e-01,1.70439e+00,4.38755e+00,1.30238e+00,8.56322e+00,2.92004e-01,1.25109e+01,1.33976e+00,5.75654e-01,4.61891e-01,3.27857e+00,1.75176e+00,1.40138e-01,1.21157e+00,2.98539e+00
5.55188e-01,6.85776e+00,6.47153e-01,9.10372e+00,3.09832e+01,5.92310e-01,1.66838e+00,4.39867e+00,1.30473e+00,8.59201e+00,2.93693e-01,1.26116e+01,1.34405e+00,5.79413e-01,4.65005e-01,3.32833e+00,1.75435e+00,1.43187e-01,1.21928e+00,2.99862e+00
5.56621e-01,6.94653e+00,6.88754e-01,9.21962e+00,3.79047e+01,6.06930e-01,1.65516e+00,4.40633e+00,1.30661e+00,8.61915e+00,2.95132e-01,1.27109e+01,1.34842e+00,5.83387e-01,4.68008e-01,3.38062e+00,1.75670e+00,1.47791e-01,1.22620e+00,3.01324e+00
5.59106e-01,7.03194e+00,6.85991e-01,9.34021e+00,3.75999e+01,6.24721e-01,1.65982e+00,4.41172e+00,1.30807e+00,8.64432e+00,2.96567e-01,1.28110e+01,1.35102e+00,5.87181e-01,4.70815e-01,3.43540e+00,1.75879e+00,1.54170e-01,1.23282e+00,3.02618e+00
5.62583e-01,7.10883e+00,6.48851e-01,9.46597e+00,3.28723e+01,6.65814e-01,1.67252e+00,4.41572e+00,1.30946e+00,8.66729e+00,2.99362e-01,1.29108e+01,1.35197e+00,5.90673e-01,4.75012e-01,3.49324e+00,1.76086e+00,1.62568e-01,1.23960e+00,3.03700e+00
5.66711e-01,7.18019e+00,5.92084e-01,9.59870e+00,2.69164e+01,7.53731e-01,1.68967e+00,4.41971e+00,1.31101e+00,8.68912e+00,3.06762e-01,1.30113e+01,1.35224e+00,5.94056e-01,4.78927e-01,3.55459e+00,1.76268e+00,1.72940e-01,1.24642e+00,3.04671e+00
5.71226e-01,7.34640e+00,5.28294e-01,9.74540e+00,2.13849e+01,9.02901e-01,1.73296e+00,4.42750e+00,1.31300e+00,8.71262e+00,3.19785e-01,1.31146e+01,1.35280e+00,5.97637e-01,4.83030e-01,3.61760e+00,1.76454e+00,1.87434e-01,1.26285e+00,3.05536e+00
5.75932e-01,7.56653e+00,4.66881e-01,9.92044e+00,1.68183e+01,1.20417e+00,1.91681e+00,4.43949e+00,1.31607e+00,8.73766e+00,3.59182e-01,1.32195e+01,1.35403e+00,6.02339e-01,4.93867e-01,3.68234e+00,1.76728e+00,2.90010e-01,1.28931e+00,3.06401e+00
5.82598e-01,8.04076e+00,4.11016e-01,1.01834e+01,1.32469e+01,1.75621e+00,2.35190e+00,4.46395e+00,1.32056e+00,8.77355e+00,5.03076e-01,1.33277e+01,1.35610e+00,6.08344e-01,5.15238e-01,3.74924e+00,1.77054e+00,1.79406e+00,1.33131e+00,3.07287e+00
5.89663e-01,8.51758e+00,3.62834e-01,1.06094e+01,1.05076e+01,2.52586e+00,2.98342e+00,4.53065e+00,1.32670e+00,8.81830e+00,8.25154e-01,1.34362e+01,1.35971e+00,6.15519e-01,5.31467e-01,3.82221e+00,1.77479e+00,5.95842e+00,1.46857e+00,3.08173e+00
5.97715e-01,8.81741e+00,3.29211e-01,1.10587e+01,8.49556e+00,3.34858e+00,3.85174e+00,4.60431e+00,1.33470e+00,8.87550e+00,1.14410e+00,1.35473e+01,1.36501e+00,6.23947e-01,5.45740e-01,3.90486e+00,1.77906e+00,8.63292e+00,1.91440e+00,3.09148e+00
6.05176e-01,9.18698e+00,3.03072e-01,1.13725e+01,7.07376e+00,4.06821e+00,4.49422e+00,4.63118e+00,1.34349e+00,8.94423e+00,1.30110e+00,1.36610e+01,1.37115e+00,6.31763e-01,5.62664e-01,3.99992e+00,1.78356e+00,9.04414e+00,2.53979e+00,3.10150e+00
6.12403e-01,9.63912e+00,2.83256e-01,1.15081e+01,5.98119e+00,5.10452e+00,5.18833e+00,4.64067e+00,1.35301e+00,9.01850e+00,1.34320e+00,1.37782e+01,1.37774e+00,6.39559e-01,5.80664e-01,4.10877e+00,1.78818e+00,8.44316e+00,3.02487e+00,3.11255e+00
6.20147e-01,1.01095e+01,2.64585e-01,1.16440e+01,5.20192e+00,6.85664e+00,6.01994e+00,4.64606e+00,1.36298e+00,9.09381e+00,1.32454e+00,1.38999e+01,1.38510e+00,6.47753e-01,5.96885e-01,4.24178e+00,1.79280e+00,7.53750e+00,3.40862e+00,3.12447e+00
6.29160e-01,1.05729e+01,2.47012e-01,1.18748e+01,4.63605e+00,8.62295e+00,6.75488e+00,4.65094e+00,1.37296e+00,9.16798e+00,1.27672e+00,1.40273e+01,1.39256e+00,6.55828e-01,6.10634e-01,4.40786e+00,1.79724e+00,6.60000e+00,3.69633e+00,3.13655e+00
6.39521e-01,1.09928e+01,2.31704e-01,1.22100e+01,4.17198e+00,9.35749e+00,7.15840e+00,4.65764e+00,1.38246e+00,9.23923e+00,1.23200e+00,1.41621e+01,1.39917e+00,6.63744e-01,6.24112e-01,4.59034e+00,1.80138e+00,5.72877e+00,3.88021e+00,3.14852e+00
6.50695e-01,1.13116e+01,2.18785e-01,1.26693e+01,3.75810e+00,8.93703e+00,7.21699e+00,4.66697e+00,1.39129e+00,9.30735e+00,1.20643e+00,1.43049e+01,1.40501e+00,6.71362e-01,6.39982e-01,4.75494e+00,1.80505e+00,4.95537e+00,3.95181e+00,3.16037e+00
6.62261e-01,1.15205e+01,2.07981e-01,1.33183e+01,3.37489e+00,7.88351e+00,6.99914e+00,4.67875e+00,1.39927e+00,9.37355e+00,1.19531e+00,1.44559e+01,1.41051e+00,6.78850e-01,6.60071e-01,4.87744e+00,1.80826e+00,4.28414e+00,3.91611e+00,3.17232e+00
6.73865e-01,1.16739e+01,1.98601e-01,1.42246e+01,3.01650e+00,6.67451e+00,6.55792e+00,4.69407e+00,1.40626e+00,9.44089e+00,1.18697e+00,1.46148e+01,1.41593e+00,6.86397e-01,6.85040e-01,4.95509e+00,1.81121e+00,3.70864e+00,3.80349e+00,3.18408e+00
6.85151e-01,1.18434e+01,1.90117e-01,1.53718e+01,2.68718e+00,5.55616e+00,5.97443e+00,4.71607e+00,1.41233e+00,9.51185e+00,1.17492e+00,1.47802e+01,1.42137e+00,6.94042e-01,7.14961e-01,5.00505e+00,1.81402e+00,3.21854e+00,3.65583e+00,3.19551e+00
6.95786e-01,1.20899e+01,1.82145e-01,1.66263e+01,2.39209e+00,4.61254e+00,5.35340e+00,4.75015e+00,1.41748e+00,9.58842e+00,1.16143e+00,1.49507e+01,1.42689e+00,7.01720e-01,7.50539e-01,5.05201e+00,1.81686e+00,2.80296e+00,3.50695e+00,3.20646e+00
7.05500e-01,1.24734e+01,1.74401e-01,1.78073e+01,2.13244e+00,3.85057e+00,4.78104e+00,4.80396e+00,1.42185e+00,9.67141e+00,1.15687e+00,1.51254e+01,1.43260e+00,7.09257e-01,7.94086e-01,5.11570e+00,1.81962e+00,2.45126e+00,3.37670e+00,3.21663e+00
7.14236e-01,1.30527e+01,1.66759e-01,1.87967e+01,1.90588e+00,3.24871e+00,4.30773e+00,4.88700e+00,1.42545e+00,9.76047e+00,1.17840e+00,1.53033e+01,1.43852e+00,7.16499e-01,8.50330e-01,5.20482e+00,1.82234e+00,2.15373e+00,3.27108e+00,3.22584e+00
7.21940e-01,1.38450e+01,1.59298e-01,1.95655e+01,1.70834e+00,2.77900e+00,3.95485e+00,5.00840e+00,1.42847e+00,9.85516e+00,1.24679e+00,1.54838e+01,1.44468e+00,7.23251e-01,9.26666e-01,5.31511e+00,1.82495e+00,1.90217e+00,3.18878e+00,3.23406e+00
7.28579e-01,1.47646e+01,1.52115e-01,2.01363e+01,1.53582e+00,2.41577e+00,3.72460e+00,5.17555e+00,1.43098e+00,9.95459e+00,1.37540e+00,1.56674e+01,1.45113e+00,7.29425e-01,1.03217e+00,5.43245e+00,1.82728e+00,1.68967e+00,3.12611e+00,3.24145e+00
7.34117e-01,1.56279e+01,1.45270e-01,2.05338e+01,1.38462e+00,2.13860e+00,3.60522e+00,5.38815e+00,1.43298e+00,1.00578e+01,1.55349e+00,1.58540e+01,1.45787e+00,7.34880e-01,1.17406e+00,5.53836e+00,1.82927e+00,1.51050e+00,3.07785e+00,3.24828e+00
7.38468e-01,1.62461e+01,1.38886e-01,2.07676e+01,1.25158e+00,1.93230e+00,3.57497e+00,5.63826e+00,1.43454e+00,1.01648e+01,1.74165e+00,1.60436e+01,1.46489e+00,7.39582e-01,1.35236e+00,5.61833e+00,1.83094e+00,1.36035e+00,3.03730e+00,3.25495e+00
7.41517e-01,1.65195e+01,1.32979e-01,2.08426e+01,1.13406e+00,1.78593e+00,3.61052e+00,5.91138e+00,1.43556e+00,1.02747e+01,1.89200e+00,1.62366e+01,1.47265e+00,7.43501e-01,1.55646e+00,5.66554e+00,1.83236e+00,1.23566e+00,2.99662e+00,3.26181e+00
7.44050e-01,1.64635e+01,1.27611e-01,2.07718e+01,1.02984e+00,1.69161e+00,3.69817e+00,6.19131e+00,1.43640e+00,1.03875e+01,1.97542e+00,1.64330e+01,1.48083e+00,7.46552e-01,1.76762e+00,5.68179e+00,1.83353e+00,1.13365e+00,2.94831e+00,3.26933e+00
7.45562e-01,1.61634e+01,1.22708e-01,2.05833e+01,9.36987e-01,1.64209e+00,3.83790e+00,6.46531e+00,1.43804e+00,1.05023e+01,1.98964e+00,1.66328e+01,1.48886e+00,7.48779e-01,1.96708e+00,5.67526e+00,1.83456e+00,1.05186e+00,2.88772e+00,3.27755e+00
7.46017e-01,1.57219e+01,1.18285e-01,2.03151e+01,8.54357e-01,1.62949e+00,4.03600e+00,6.72790e+00,1.44415e+00,1.06185e+01,1.94984e+00,1.68366e+01,1.49699e+00,7.50249e-01,2.14307e+00,5.65581e+00,1.83547e+00,9.88003e-01,2.81384e+00,3.28671e+00
7.45423e-01,1.52278e+01,1.14349e-01,2.00118e+01,7.80699e-01,1.64402e+00,4.28901e+00,6.97970e+00,1.46578e+00,1.07353e+01,1.87638e+00,1.70455e+01,1.50527e+00,7.51150e-01,2.29236e+00,5.63239e+00,1.83627e+00,9.39371e-01,2.72890e+00,3.29670e+00
7.44140e-01,1.47444e+01,1.10862e-01,1.97129e+01,7.15088e-01,1.67459e+00,4.57538e+00,7.22605e+00,1.53340e+00,1.08515e+01,1.78702e+00,1.72605e+01,1.51318e+00,7.51698e-01,2.41718e+00,5.61191e+00,1.83693e+00,9.02574e-01,2.63688e+00,3.30726e+00
7.42593e-01,1.43090e+01,1.07848e-01,1.94509e+01,6.56735e-01,1.71078e+00,4.86170e+00,7.47278e+00,1.71661e+00,1.09661e+01,1.69433e+00,1.74834e+01,1.52059e+00,7.52189e-01,2.52153e+00,5.59768e+00,1.83745e+00,8.73594e-01,2.54223e+00,3.31828e+00
7.41019e-01,1.39391e+01,1.05199e-01,1.92519e+01,6.04983e-01,1.74453e+00,5.11885e+00,7.72462e+00,2.13294e+00,1.10785e+01,1.60586e+00,1.77164e+01,1.52802e+00,7.52929e-01,2.60822e+00,5.59088e+00,1.83784e+00,8.48176e-01,2.44889e+00,3.32939e+00
7.39547e-01,1.36392e+01,1.02879e-01,1.91376e+01,5.59159e-01,1.77127e+00,5.33067e+00,7.98328e+00,2.87841e+00,1.11880e+01,1.52509e+00,1.79616e+01,1.53561e+00,7.54162e-01,2.67861e+00,5.59101e+00,1.83816e+00,8.22580e-01,2.35953e+00,3.34023e+00
7.38122e-01,1.34051e+01,1.00870e-01,1.91240e+01,5.18710e-01,1.79001e+00,5.49274e+00,8.24756e+00,3.87704e+00,1.12938e+01,1.45290e+00,1.82226e+01,1.54353e+00,7.56065e-01,2.73342e+00,5.59726e+00,1.83847e+00,7.94270e-01,2.27600e+00,3.35047e+00
7.36686e-01,1.32286e+01,9.91062e-02,1.92261e+01,4.83051e-01,1.80271e+00,5.60618e+00,8.51450e+00,4.87142e+00,1.13955e+01,1.38852e+00,1.85025e+01,1.55187e+00,7.58738e-01,2.77352e+00,5.60781e+00,1.83881e+00,7.62113e-01,2.19924e+00,3.35980e+00
7.35315e-01,1.31008e+01,9.75822e-02,1.94524e+01,4.51763e-01,1.81347e+00,5.67341e+00,8.78149e+00,5.62654e+00,1.14921e+01,1.33048e+00,1.88045e+01,1.56078e+00,7.62149e-01,2.80059e+00,5.62221e+00,1.83923e+00,7.26246e-01,2.12967e+00,3.36793e+00
7.34174e-01,1.30140e+01,9.62629e-02,1.98069e+01,4.24273e-01,1.82789e+00,5.69731e+00,9.04625e+00,6.06368e+00,1.15836e+01,1.27704e+00,1.91320e+01,1.57038e+00,7.66158e-01,2.81687e+00,5.63929e+00,1.83978e+00,6.87704e-01,2.06714e+00,3.37486e+00
7.33232e-01,1.29635e+01,9.51474e-02,2.02882e+01,4.00214e-01,1.85205e+00,5.68179e+00,9.30749e+00,6.22385e+00,1.16688e+01,1.22678e+00,1.94871e+01,1.58058e+00,7.70539e-01,2.82429e+00,5.65911e+00,1.84053e+00,6.47711e-01,2.01153e+00,3.38027e+00
7.32598e-01,1.29492e+01,9.42275e-02,2.08875e+01,3.79150e-01,1.89136e+00,5.63344e+00,9.56509e+00,6.18817e+00,1.17468e+01,1.17879e+00,1.98712e+01,1.59134e+00,7.74995e-01,2.82392e+00,5.68275e+00,1.84144e+00,6.07548e-01,1.96229e+00,3.38425e+00
7.32418e-01,1.29751e+01,9.34393e-02,2.15917e+01,3.60724e-01,1.94863e+00,5.56113e+00,9.81882e+00,6.03098e+00,1.18171e+01,1.13249e+00,2.02839e+01,1.60253e+00,7.79226e-01,2.81563e+00,5.70880e+00,1.84250e+00,5.68275e-01,1.91885e+00,3.38677e+00
7.32685e-01,1.30488e+01,9.27293e-02,2.23790e+01,3.44603e-01,2.02217e+00,5.47452e+00,1.00670e+01,5.80657e+00,1.18789e+01,1.08783e+00,2.07231e+01,1.61377e+00,7.82938e-01,2.79841e+00,5.73746e+00,1.84369e+00,5.30628e-01,1.88078e+00,3.38761e+00
7.33248e-01,1.31801e+01,9.21093e-02,2.32205e+01,3.30515e-01,2.10555e+00,5.38391e+00,1.03051e+01,5.55032e+00,1.19311e+01,1.04513e+00,2.11843e+01,1.62488e+00,7.85846e-01,2.77080e+00,5.76817e+00,1.84499e+00,4.95139e-01,1.84753e+00,3.38701e+00
7.33925e-01,1.33795e+01,9.15664e-02,2.40773e+01,3.18208e-01,2.18884e+00,5.29904e+00,1.05232e+01,5.28434e+00,1.19738e+01,1.00481e+00,2.16636e+01,1.63553e+00,7.87749e-01,2.73134e+00,5.80053e+00,1.84633e+00,4.62078e-01,1.81844e+00,3.38514e+00
7.34404e-01,1.36546e+01,9.10808e-02,2.49074e+01,3.07469e-01,2.26162e+00,5.22765e+00,1.07101e+01,5.02160e+00,1.20068e+01,9.67349e-01,2.21543e+01,1.64545e+00,7.88543e-01,2.67960e+00,5.83292e+00,1.84767e+00,4.31523e-01,1.79310e+00,3.38195e+00
7.34344e-01,1.40085e+01,9.06726e-02,2.56707e+01,2.98124e-01,2.31613e+00,5.17566e+00,1.08529e+01,4.76956e+00,1.20298e+01,9.33376e-01,2.26524e+01,1.65448e+00,7.88156e-01,2.61590e+00,5.86375e+00,1.84896e+00,4.03509e-01,1.77102e+00,3.37750e+00
7.33403e-01,1.44371e+01,9.03125e-02,2.63367e+01,2.90002e-01,2.34833e+00,5.14598e+00,1.09412e+01,4.53233e+00,1.20438e+01,9.03390e-01,2.31539e+01,1.66232e+00,7.86556e-01,2.54156e+00,5.89152e+00,1.85019e+00,3.77981e-01,1.75165e+00,3.37193e+00
7.31449e-01,1.49298e+01,8.99672e-02,2.68890e+01,2.82879e-01,2.35833e+00,5.13779e+00,1.09701e+01,4.31182e+00,1.20490e+01,8.77712e-01,2.36565e+01,1.66889e+00,7.83820e-01,2.45866e+00,5.91485e+00,1.85139e+00,3.54767e-01,1.73459e+00,3.36554e+00
7.28361e-01,1.54732e+01,8.96579e-02,2.73241e+01,2.76673e-01,2.34864e+00,5.14645e+00,1.09391e+01,4.10908e+00,1.20465e+01,8.56670e-01,2.41605e+01,1.67408e+00,7.80000e-01,2.36930e+00,5.93211e+00,1.85253e+00,3.33711e-01,1.71952e+00,3.35817e+00
7.24156e-01,1.60539e+01,8.93702e-02,2.76497e+01,2.71273e-01,2.32328e+00,5.16349e+00,1.08536e+01,3.92409e+00,1.20365e+01,8.40367e-01,2.46677e+01,1.67779e+00,7.75209e-01,2.27582e+00,5.94308e+00,1.85368e+00,3.14698e-01,1.70590e+00,3.35007e+00
7.18948e-01,1.66611e+01,8.91139e-02,2.78842e+01,2.66570e-01,2.28635e+00,5.17837e+00,1.07222e+01,3.75662e+00,1.20208e+01,8.28641e-01,2.51787e+01,1.68006e+00,7.69561e-01,2.18024e+00,5.94694e+00,1.85479e+00,2.97532e-01,1.69373e+00,3.34138e+00
7.12889e-01,1.72908e+01,8.88881e-02,2.80469e+01,2.62464e-01,2.24137e+00,5.18173e+00,1.05551e+01,3.60611e+00,1.19998e+01,8.21125e-01,2.56926e+01,1.68096e+00,7.63173e-01,2.08441e+00,5.94407e+00,1.85595e+00,2.82078e-01,1.68251e+00,3.33220e+00
7.06129e-01,1.79447e+01,8.86909e-02,2.81611e+01,2.58867e-01,2.19115e+00,5.16666e+00,1.03640e+01,3.47175e+00,1.19745e+01,8.17283e-01,2.62068e+01,1.68057e+00,7.56150e-01,1.98975e+00,5.93519e+00,1.85719e+00,2.68130e-01,1.67204e+00,3.32276e+00
6.98930e-01,1.86268e+01,8.85026e-02,2.82476e+01,2.55750e-01,2.13773e+00,5.12998e+00,1.01585e+01,3.35238e+00,1.19463e+01,8.16421e-01,2.67150e+01,1.67903e+00,7.48604e-01,1.89736e+00,5.92081e+00,1.85852e+00,2.55564e-01,1.66240e+00,3.31304e+00
6.91414e-01,1.93423e+01,8.83230e-02,2.83238e+01,2.53032e-01,2.08249e+00,5.07288e+00,9.94758e+00,3.24694e+00,1.19155e+01,8.17724e-01,2.72077e+01,1.67644e+00,7.40643e-01,1.80805e+00,5.90261e+00,1.86001e+00,2.44271e-01,1.65306e+00,3.30322e+00
6.83777e-01,2.00942e+01,8.81585e-02,2.84031e+01,2.50649e-01,2.02622e+00,4.99940e+00,9.73861e+00,3.15416e+00,1.18838e+01,8.20252e-01,2.76728e+01,1.67302e+00,7.32382e-01,1.72232e+00,5.88115e+00,1.86167e+00,2.34113e-01,1.64411e+00,3.29340e+00
6.76154e-01,2.08826e+01,8.80380e-02,2.84931e+01,2.48607e-01,1.96938e+00,4.91601e+00,9.53802e+00,3.07252e+00,1.18516e+01,8.23234e-01,2.80967e+01,1.66899e+00,7.23888e-01,1.64053e+00,5.85785e+00,1.86352e+00,2.24987e-01,1.63539e+00,3.28364e+00
6.68667e-01,2.17046e+01,8.79285e-02,2.85929e+01,2.46815e-01,1.91241e+00,4.83018e+00,9.34910e+00,3.00043e+00,1.18212e+01,8.25943e-01,2.84678e+01,1.66444e+00,7.15249e-01,1.56284e+00,5.83331e+00,1.86562e+00,2.16777e-01,1.62669e+00,3.27404e+00
6.61377e-01,2.25554e+01,8.78435e-02,2.86974e+01,2.45941e-01,1.85543e+00,4.74909e+00,9.17512e+00,2.93638e+00,1.17918e+01,8.27829e-01,2.87748e+01,1.65961e+00,7.06550e-01,1.48938e+00,5.80835e+00,1.86803e+00,2.09405e-01,1.61798e+00,3.26469e+00
6.54343e-01,2.34291e+01,8.87007e-02,2.87950e+01,2.47252e-01,1.79868e+00,4.67927e+00,9.01905e+00,2.87881e+00,1.17653e+01,8.28506e-01,2.90117e+01,1.65459e+00,6.97867e-01,1.42008e+00,5.78363e+00,1.87074e+00,2.02785e-01,1.60912e+00,3.25560e+00
6.47627e-01,2.43199e+01,9.06247e-02,2.88726e+01,2.50393e-01,1.74234e+00,4.62580e+00,8.88152e+00,2.82605e+00,1.17424e+01,8.27720e-01,2.91767e+01,1.64955e+00,6.89223e-01,1.35497e+00,5.75969e+00,1.87376e+00,1.96875e-01,1.60013e+00,3.24680e+00
6.41244e-01,2.52207e+01,9.31553e-02,2.89160e+01,2.53547e-01,1.68666e+00,4.59175e+00,8.76396e+00,2.77688e+00,1.17236e+01,8.25326e-01,2.92708e+01,1.64470e+00,6.80674e-01,1.29385e+00,5.73691e+00,1.87706e+00,1.91612e-01,1.59086e+00,3.23828e+00
6.35250e-01,2.61232e+01,9.59489e-02,2.89107e+01,2.57473e-01,1.63189e+00,4.57795e+00,8.66655e+00,2.72997e+00,1.17106e+01,8.21411e-01,2.93010e+01,1.64016e+00,6.72283e-01,1.23652e+00,5.71543e+00,1.88070e+00,1.86902e-01,1.58138e+00,3.23002e+00
6.29634e-01,2.70159e+01,9.81797e-02,2.88475e+01,2.61516e-01,1.57819e+00,4.58257e+00,8.58989e+00,2.68434e+00,1.17055e+01,8.16032e-01,2.92741e+01,1.63596e+00,6.64106e-01,1.18291e+00,5.69547e+00,1.88471e+00,1.82746e-01,1.57166e+00,3.22205e+00
6.24362e-01,2.78848e+01,9.99049e-02,2.87218e+01,2.65394e-01,1.52582e+00,4.60164e+00,8.53332e+00,2.63919e+00,1.17155e+01,8.09312e-01,2.92013e+01,1.63215e+00,6.56152e-01,1.13283e+00,5.67703e+00,1.88908e+00,1.79083e-01,1.56170e+00,3.21440e+00
6.19423e-01,2.87132e+01,1.01439e-01,2.85320e+01,2.69436e-01,1.47493e+00,4.62944e+00,8.49666e+00,2.59400e+00,1.17626e+01,8.01443e-01,2.90919e+01,1.62876e+00,6.48467e-01,1.08608e+00,5.66003e+00,1.89377e+00,1.75885e-01,1.55155e+00,3.20702e+00
6.14787e-01,2.94828e+01,1.02884e-01,2.82827e+01,2.73490e-01,1.42572e+00,4.65989e+00,8.47904e+00,2.54833e+00,1.19078e+01,7.92537e-01,2.89576e+01,1.62576e+00,6.41070e-01,1.04248e+00,5.64449e+00,1.89881e+00,1.73153e-01,1.54114e+00,3.19994e+00
6.10405e-01,3.01778e+01,1.04273e-01,2.79829e+01,2.77571e-01,1.37823e+00,4.68730e+00,8.47878e+00,2.50201e+00,1.22935e+01,7.82806e-01,2.88083e+01,1.62317e+00,6.33997e-01,1.00184e+00,5.63008e+00,1.90417e+00,1.70789e-01,1.53058e+00,3.19305e+00
6.06268e-01,3.07837e+01,1.05508e-01,2.76416e+01,2.81859e-01,1.33257e+00,4.70763e+00,8.49402e+00,2.45506e+00,1.31852e+01,7.72408e-01,2.86537e+01,1.62095e+00,6.27259e-01,9.63998e-01,5.61671e+00,1.90987e+00,1.68789e-01,1.51992e+00,3.18644e+00
6.02374e-01,3.12910e+01,1.06451e-01,2.72718e+01,2.86428e-01,1.28881e+00,4.71817e+00,8.52291e+00,2.40757e+00,1.49349e+01,7.61399e-01,2.85023e+01,1.61893e+00,6.20905e-01,9.28802e-01,5.60423e+00,1.91591e+00,1.67060e-01,1.50918e+00,3.18007e+00
5.98677e-01,3.16944e+01,1.06988e-01,2.68858e+01,2.91294e-01,1.24704e+00,4.71787e+00,8.56251e+00,2.35956e+00,1.77750e+01,7.49923e-01,2.83627e+01,1.61715e+00,6.14909e-01,8.96079e-01,5.59254e+00,1.92221e+00,1.65601e-01,1.49838e+00,3.17394e+00
5.95171e-01,3.19942e+01,1.07044e-01,2.64953e+01,2.96409e-01,1.20718e+00,4.70651e+00,8.60965e+00,2.31141e+00,2.15138e+01,7.38056e-01,2.82424e+01,1.61556e+00,6.09320e-01,8.65656e-01,5.58137e+00,1.92881e+00,1.64361e-01,1.48763e+00,3.16810e+00
5.91834e-01,3.21939e+01,1.06643e-01,2.61121e+01,3.01535e-01,1.16922e+00,4.68490e+00,8.66165e+00,2.26319e+00,2.55074e+01,7.25848e-01,2.81472e+01,1.61400e+00,6.04184e-01,8.37422e-01,5.57043e+00,1.93569e+00,1.63297e-01,1.47692e+00,3.16247e+00
5.88675e-01,3.22996e+01,1.05847e-01,2.57428e+01,3.06365e-01,1.13313e+00,4.65406e+00,8.71550e+00,2.21528e+00,2.90370e+01,7.13431e-01,2.80849e+01,1.61244e+00,5.99418e-01,8.11237e-01,5.55986e+00,1.94282e+00,1.62399e-01,1.46637e+00,3.15715e+00
5.85694e-01,3.23188e+01,1.04766e-01,2.53952e+01,3.14578e-01,1.09883e+00,4.61534e+00,8.76901e+00,2.16789e+00,3.16877e+01,7.00822e-01,2.80613e+01,1.61079e+00,5.95057e-01,7.86946e-01,5.54959e+00,1.95023e+00,1.61639e-01,1.45603e+00,3.15214e+00
5.82838e-01,3.22608e+01,1.13932e-01,2.50738e+01,3.27682e-01,1.06630e+00,4.56987e+00,8.81998e+00,2.12120e+00,3.34038e+01,6.88061e-01,2.80834e+01,1.60910e+00,5.91056e-01,7.64473e-01,5.53948e+00,1.95780e+00,1.62765e-01,1.44590e+00,3.14747e+00
5.80092e-01,3.21347e+01,1.33268e-01,2.47815e+01,3.55547e-01,1.03553e+00,4.51856e+00,8.86656e+00,2.08271e+00,3.43401e+01,6.75182e-01,2.81566e+01,1.60725e+00,5.87468e-01,7.43716e-01,5.52952e+00,1.96554e+00,1.69458e-01,1.43606e+00,3.14323e+00
5.81421e-01,3.19500e+01,1.71195e-01,2.45181e+01,4.33415e-01,1.00638e+00,4.46241e+00,8.90774e+00,2.05257e+00,3.47196e+01,6.62279e-01,2.82892e+01,1.60912e+00,6.06083e-01,7.24517e-01,5.51971e+00,1.97432e+00,1.77365e-01,1.42651e+00,3.14061e+00
5.89828e-01,3.17156e+01,2.18809e-01,2.42824e+01,5.78886e-01,9.79125e-01,4.40211e+00,8.94219e+00,2.02850e+00,3.47136e+01,6.49389e-01,2.84837e+01,1.61095e+00,6.28328e-01,7.06810e-01,5.51019e+00,1.98841e+00,1.85100e-01,1.42063e+00,3.13820e+00
5.97926e-01,3.14395e+01,3.03396e-01,2.40725e+01,1.12043e+00,9.52932e-01,4.33822e+00,8.96832e+00,2.01103e+00,3.44731e+01,6.36553e-01,2.87474e+01,1.61369e+00,6.50852e-01,6.90522e-01,5.50090e+00,2.00428e+00,1.97264e-01,1.41733e+00,3.14657e+00
6.02910e-01,3.11299e+01,4.20493e-01,2.38852e+01,3.13539e+00,9.28271e-01,4.27129e+00,8.98498e+00,1.99827e+00,3.40840e+01,6.23824e-01,2.90868e+01,1.61924e+00,6.80824e-01,6.75485e-01,5.49196e+00,2.02066e+00,2.10211e-01,1.41674e+00,3.15608e+00
6.13529e-01,3.07948e+01,5.66160e-01,2.37179e+01,6.17907e+00,9.05092e-01,4.20197e+00,8.99112e+00,1.98741e+00,3.35997e+01,6.11224e-01,2.95124e+01,1.63817e+00,7.17129e-01,6.61740e-01,5.48339e+00,2.03662e+00,2.23209e-01,1.41765e+00,3.16852e+00
6.33713e-01,3.04420e+01,6.92346e-01,2.35675e+01,9.66274e+00,8.83270e-01,4.13058e+00,8.98618e+00,1.97732e+00,3.30562e+01,5.98761e-01,3.00400e+01,1.79986e+00,7.57636e-01,6.49106e-01,5.47525e+00,2.05117e+00,2.35863e-01,1.41845e+00,3.18338e+00
6.61053e-01,3.00783e+01,7.86944e-01,2.34320e+01,1.21437e+01,8.62734e-01,4.05767e+00,8.96920e+00,1.97073e+00,3.24753e+01,5.86492e-01,3.06967e+01,2.08696e+00,8.01440e-01,6.37530e-01,5.46763e+00,2.06394e+00,2.49371e-01,1.41911e+00,3.19815e+00
7.05469e-01,2.97110e+01,9.06686e-01,2.33090e+01,1.34651e+01,8.43434e-01,3.98365e+00,8.93977e+00,1.98130e+00,3.18708e+01,5.74448e-01,3.15237e+01,2.56884e+00,8.85336e-01,6.26997e-01,5.46057e+00,2.07496e+00,3.17342e-01,1.42013e+00,3.21066e+00
8.51197e-01,2.93473e+01,1.05883e+00,2.31971e+01,1.54177e+01,8.25317e-01,3.90881e+00,8.89843e+00,2.02785e+00,3.12606e+01,5.62656e-01,3.25762e+01,4.08387e+00,1.12299e+00,6.17370e-01,5.45404e+00,2.10122e+00,3.75538e-01,1.42223e+00,3.22523e+00
1.20371e+00,2.90971e+01,1.22510e+00,2.31045e+01,1.80078e+01,8.36752e-01,3.84592e+00,8.87185e+00,2.10754e+00,3.06548e+01,5.51521e-01,3.39238e+01,6.88209e+00,1.52771e+00,6.13433e-01,5.44811e+00,2.13717e+00,4.50241e-01,1.42963e+00,3.24542e+00
1.67170e+00,2.89362e+01,1.35979e+00,2.30309e+01,2.11801e+01,8.62314e-01,3.79043e+00,8.86847e+00,2.21289e+00,3.00709e+01,5.47031e-01,3.56251e+01,1.06854e+01,2.12689e+00,6.14650e-01,5.44312e+00,2.17292e+00,5.60520e-01,1.45156e+00,3.27755e+00
2.28347e+00,2.86690e+01,1.49590e+00,2.29776e+01,2.33550e+01,8.96605e-01,3.74872e+00,8.84023e+00,2.33849e+00,2.95089e+01,5.46451e-01,3.77306e+01,1.76821e+01,2.81494e+00,6.13089e-01,5.43989e+00,2.20604e+00,6.57877e-01,1.48487e+00,3.33251e+00
3.18284e+00,2.84966e+01,1.63198e+00,2.29337e+01,2.40243e+01,9.26115e-01,3.72112e+00,8.77713e+00,2.48499e+00,2.89485e+01,5.46978e-01,4.02484e+01,5.43606e+01,3.51439e+00,6.14777e-01,5.43949e+00,2.23464e+00,7.36021e-01,1.52494e+00,3.39967e+00
4.45933e+00,2.84444e+01,1.71877e+00,2.28994e+01,2.37645e+01,9.45423e-01,3.70143e+00,8.69893e+00,2.65975e+00,2.83893e+01,5.50507e-01,4.31343e+01,1.20658e+02,4.26834e+00,6.17521e-01,5.44367e+00,2.25983e+00,8.06487e-01,1.56044e+00,3.46271e+00
5.98775e+00,2.85306e+01,1.72681e+00,2.28751e+01,2.27899e+01,9.63560e-01,3.68554e+00,8.61322e+00,2.87142e+00,2.78370e+01,5.55272e-01,4.62864e+01,1.71403e+02,5.06471e+00,6.21013e-01,5.45012e+00,2.28341e+00,8.88587e-01,1.58957e+00,3.51388e+00
7.56622e+00,2.87444e+01,1.65898e+00,2.28607e+01,2.12299e+01,9.89670e-01,3.67167e+00,8.52551e+00,3.12192e+00,2.72990e+01,5.57138e-01,4.95586e+01,2.13987e+02,5.80689e+00,6.25162e-01,5.45861e+00,2.30602e+00,1.02817e+00,1.61201e+00,3.55583e+00
9.19112e+00,2.90385e+01,1.53677e+00,2.28583e+01,1.92459e+01,1.02901e+00,3.66032e+00,8.44085e+00,3.41126e+00,2.67820e+01,5.52230e-01,5.27857e+01,2.58457e+02,6.43303e+00,6.30053e-01,5.46890e+00,2.32884e+00,1.40974e+00,1.62994e+00,3.59546e+00
1.10039e+01,2.93379e+01,1.38953e+00,2.28707e+01,1.69941e+01,1.08575e+00,3.64636e+00,8.36220e+00,3.74316e+00,2.62911e+01,5.43876e-01,5.58154e+01,3.02712e+02,6.99129e+00,6.33734e-01,5.48086e+00,2.35301e+00,2.47658e+00,1.64532e+00,3.63806e+00
1.29304e+01,2.95967e+01,1.24343e+00,2.28979e+01,1.46529e+01,1.16296e+00,3.62358e+00,8.28945e+00,4.11725e+00,2.58290e+01,5.35481e-01,5.85295e+01,3.46698e+02,7.60667e+00,6.37523e-01,5.49433e+00,2.38177e+00,4.27309e+00,1.65987e+00,3.68534e+00
1.46695e+01,2.98275e+01,1.11468e+00,2.29373e+01,1.23996e+01,1.25054e+00,3.58677e+00,8.22271e+00,4.50990e+00,2.53932e+01,5.27205e-01,6.08585e+01,3.83959e+02,8.44662e+00,6.42976e-01,5.50820e+00,2.42462e+00,5.98336e+00,1.67303e+00,3.73755e+00
1.60430e+01,3.00656e+01,1.00823e+00,2.29837e+01,1.03609e+01,1.32415e+00,3.53513e+00,8.16536e+00,4.87387e+00,2.49764e+01,5.19105e-01,6.27757e+01,3.98988e+02,9.68042e+00,6.50274e-01,5.52148e+00,2.50800e+00,7.14201e+00,1.68422e+00,3.79326e+00
1.70269e+01,3.03341e+01,9.21181e-01,2.30321e+01,8.59832e+00,1.36337e+00,3.47061e+00,8.12090e+00,5.16943e+00,2.45720e+01,5.11441e-01,6.42910e+01,3.89183e+02,1.13288e+01,6.59119e-01,5.53361e+00,2.68777e+00,7.81835e+00,1.69235e+00,3.85196e+00
1.76314e+01,3.06406e+01,8.46916e-01,2.30749e+01,7.12029e+00,1.36525e+00,3.39560e+00,8.09258e+00,5.39531e+00,2.41731e+01,5.04095e-01,6.54357e+01,3.64093e+02,1.31355e+01,6.69007e-01,5.54393e+00,3.02275e+00,8.09799e+00,1.69697e+00,3.91354e+00
1.79221e+01,3.09766e+01,7.79568e-01,2.31086e+01,5.90381e+00,1.33879e+00,3.31244e+00,8.08326e+00,5.59186e+00,2.37768e+01,4.96936e-01,6.62570e+01,3.33032e+02,1.48022e+01,6.79467e-01,5.55237e+00,3.48759e+00,8.00711e+00,1.69827e+00,3.97811e+00
1.80810e+01,3.13320e+01,7.15461e-01,2.31289e+01,4.91319e+00,1.29544e+00,3.22448e+00,8.09457e+00,5.81707e+00,2.33835e+01,4.89757e-01,6.67993e+01,3.01503e+02,1.63410e+01,6.90214e-01,5.55919e+00,3.93943e+00,7.60998e+00,1.69685e+00,4.04618e+00
1.83615e+01,3.16960e+01,6.53433e-01,2.31343e+01,4.11049e+00,1.24435e+00,3.13587e+00,8.12878e+00,6.11469e+00,2.29944e+01,4.82537e-01,6.71046e+01,2.72174e+02,1.80284e+01,7.01286e-01,5.56428e+00,4.23797e+00,7.01633e+00,1.69378e+00,4.11703e+00
1.89281e+01,3.20587e+01,5.93982e-01,2.31239e+01,3.46097e+00,1.19138e+00,3.04984e+00,8.18510e+00,6.48985e+00,2.26125e+01,4.75330e-01,6.72096e+01,2.46295e+02,2.00062e+01,7.12733e-01,5.56778e+00,4.34898e+00,6.33443e+00,1.68980e+00,4.18943e+00
1.97002e+01,3.24107e+01,5.38064e-01,2.30976e+01,2.93470e+00,1.14005e+00,2.96863e+00,8.26432e+00,6.90796e+00,2.22405e+01,4.68264e-01,6.71424e+01,2.24255e+02,2.19563e+01,7.24829e-01,5.56965e+00,4.31862e+00,5.64247e+00,1.68544e+00,4.26164e+00
2.03633e+01,3.27435e+01,4.86622e-01,2.30563e+01,2.50722e+00,1.09205e+00,2.89340e+00,8.36439e+00,7.32205e+00,2.18806e+01,4.61495e-01,6.69320e+01,2.05707e+02,2.33048e+01,7.37787e-01,5.56975e+00,4.21064e+00,4.98576e+00,1.68107e+00,4.33198e+00
2.05948e+01,3.30506e+01,4.40230e-01,2.30006e+01,2.15859e+00,1.04821e+00,2.82435e+00,8.48536e+00,7.70257e+00,2.15354e+01,4.55082e-01,6.66023e+01,1.89727e+02,2.37137e+01,7.52036e-01,5.56816e+00,4.07569e+00,4.38669e+00,1.67699e+00,4.39925e+00
2.02594e+01,3.33282e+01,3.99020e-01,2.29326e+01,1.87297e+00,1.00866e+00,2.76108e+00,8.62644e+00,8.04900e+00,2.12064e+01,4.49116e-01,6.61777e+01,1.75250e+02,2.32382e+01,7.68003e-01,5.56499e+00,3.94586e+00,3.85267e+00,1.67322e+00,4.46326e+00
1.94189e+01,3.35750e+01,3.62891e-01,2.28533e+01,1.63773e+00,9.73536e-01,2.70333e+00,8.78927e+00,8.37807e+00,2.08959e+01,4.43608e-01,6.56769e+01,1.61516e+02,2.21382e+01,7.86104e-01,5.56034e+00,3.83905e+00,3.38356e+00,1.66979e+00,4.52419e+00
1.82311e+01,3.37899e+01,3.31423e-01,2.27650e+01,1.44306e+00,9.42682e-01,2.65074e+00,8.97566e+00,8.70872e+00,2.06062e+01,4.38601e-01,6.51203e+01,1.48224e+02,2.06857e+01,8.06595e-01,5.55413e+00,3.76394e+00,2.97506e+00,1.66681e+00,4.58442e+00
1.68607e+01,3.39736e+01,3.04248e-01,2.26693e+01,1.28114e+00,9.15904e-01,2.60330e+00,9.18842e+00,9.05206e+00,2.03397e+01,4.34007e-01,6.45212e+01,1.35428e+02,1.90855e+01,8.29288e-01,5.54690e+00,3.72478e+00,2.62108e+00,1.66418e+00,4.64841e+00
1.54345e+01,3.41263e+01,2.81927e-01,2.25686e+01,1.14600e+00,8.92822e-01,2.56130e+00,9.43022e+00,9.41470e+00,2.00996e+01,4.29854e-01,6.38942e+01,1.23317e+02,1.74669e+01,8.53949e-01,5.53886e+00,3.72235e+00,2.31654e+00,1.66190e+00,4.72162e+00
1.40379e+01,3.42484e+01,2.63078e-01,2.24657e+01,1.03259e+00,8.73208e-01,2.52508e+00,9.70390e+00,9.80994e+00,1.98887e+01,4.26026e-01,6.32482e+01,1.12083e+02,1.59073e+01,8.80039e-01,5.53014e+00,3.75678e+00,2.05352e+00,1.65969e+00,4.81383e+00
1.27190e+01,3.43404e+01,2.48157e-01,2.23637e+01,9.36594e-01,8.56797e-01,2.49512e+00,1.00093e+01,1.02687e+01,1.97093e+01,4.22521e-01,6.25955e+01,1.01828e+02,1.44460e+01,9.06914e-01,5.52130e+00,3.82711e+00,1.82689e+00,1.65729e+00,4.93682e+00
1.15027e+01,3.44028e+01,2.35704e-01,2.22672e+01,8.55433e-01,8.43306e-01,2.47187e+00,1.03453e+01,1.08433e+01,1.95629e+01,4.19285e-01,6.19442e+01,9.25513e+01,1.31009e+01,9.34121e-01,5.51267e+00,3.93173e+00,1.63205e+00,1.65453e+00,5.10476e+00
1.03981e+01,3.44360e+01,2.24828e-01,2.21791e+01,7.86712e-01,8.32522e-01,2.45554e+00,1.07080e+01,1.15864e+01,1.94504e+01,4.16354e-01,6.13036e+01,8.42441e+01,1.18769e+01,9.61217e-01,5.50448e+00,4.06686e+00,1.46390e+00,1.65134e+00,5.33424e+00
9.40506e+00,3.44402e+01,2.15577e-01,2.21037e+01,7.28047e-01,8.24257e-01,2.44604e+00,1.10888e+01,1.25111e+01,1.93719e+01,4.13681e-01,6.06821e+01,7.68268e+01,1.07716e+01,9.87959e-01,5.49715e+00,4.22549e+00,1.31795e+00,1.64748e+00,5.64367e+00
8.51840e+00,3.44152e+01,2.07895e-01,2.20438e+01,6.77845e-01,8.18277e-01,2.44278e+00,1.14779e+01,1.35506e+01,1.93248e+01,4.11265e-01,6.00874e+01,7.02011e+01,9.77801e+00,1.01421e+00,5.49079e+00,4.39813e+00,1.19065e+00,1.64311e+00,6.04861e+00
7.73024e+00,3.43606e+01,2.01519e-01,2.20026e+01,6.34936e-01,8.14396e-01,2.44493e+00,1.18640e+01,1.45637e+01,1.93055e+01,4.09118e-01,5.95259e+01,6.42927e+01,8.88755e+00,1.03982e+00,5.48557e+00,4.57506e+00,1.07955e+00,1.63825e+00,6.55182e+00
7.03174e+00,3.42763e+01,1.95992e-01,2.19823e+01,5.97985e-01,8.12472e-01,2.45117e+00,1.22351e+01,1.53949e+01,1.93101e+01,4.07195e-01,5.90050e+01,5.90341e+01,8.09107e+00,1.06450e+00,5.48186e+00,4.74892e+00,9.82581e-01,1.63302e+00,7.13176e+00
6.41328e+00,3.41628e+01,1.91113e-01,2.19841e+01,5.65953e-01,8.12395e-01,2.45999e+00,1.25810e+01,1.59383e+01,1.93322e+01,4.05528e-01,5.85263e+01,5.43725e+01,7.37910e+00,1.08793e+00,5.47940e+00,4.91829e+00,8.97779e-01,1.62771e+00,7.73937e+00
5.86595e+00,3.40222e+01,1.86669e-01,2.20099e+01,5.38121e-01,8.13971e-01,2.46977e+00,1.28929e+01,1.61670e+01,1.93654e+01,4.04141e-01,5.80945e+01,5.02674e+01,6.74291e+00,1.10964e+00,5.47833e+00,5.08849e+00,8.23357e-01,1.62241e+00,8.37088e+00
5.38083e+00,3.38571e+01,1.82560e-01,2.20601e+01,5.13770e-01,8.17059e-01,2.47896e+00,1.31650e+01,1.61129e+01,1.94029e+01,4.03022e-01,5.77083e+01,4.66848e+01,6.17439e+00,1.12915e+00,5.47862e+00,5.27249e+00,7.57804e-01,1.61754e+00,1.74243e+01
4.95031e+00,3.36712e+01,1.78689e-01,2.21365e+01,4.92461e-01,8.21541e-01,2.48645e+00,1.33947e+01,1.58385e+01,1.94386e+01,4.02210e-01,5.73707e+01,4.35992e+01,5.66620e+00,1.14609e+00,5.47991e+00,5.49449e+00,6.99887e-01,1.61323e+00,1.91650e+02
4.56724e+00,3.34689e+01,1.75084e-01,2.22400e+01,4.73816e-01,8.27375e-01,2.49125e+00,1.35817e+01,1.54107e+01,1.94664e+01,4.01621e-01,5.70783e+01,4.09872e+01,5.21173e+00,1.16022e+00,5.48227e+00,5.79730e+00,6.48604e-01,1.60969e+00,3.59210e+02
4.22553e+00,3.32550e+01,1.71765e-01,2.23731e+01,4.57506e-01,8.34467e-01,2.49283e+00,1.37281e+01,1.48880e+01,1.94815e+01,4.01255e-01,5.68317e+01,3.88156e+01,4.80504e+00,1.17159e+00,5.48562e+00,6.25979e+00,6.03144e-01,1.60720e+00,3.95582e+02
3.91992e+00,3.30330e+01,1.68798e-01,2.25389e+01,4.43296e-01,8.42798e-01,2.49087e+00,1.38368e+01,1.43158e+01,1.94794e+01,4.01034e-01,5.66281e+01,3.70351e+01,4.44094e+00,1.18053e+00,5.48981e+00,7.03917e+00,5.62858e-01,1.60585e+00,3.91446e+02
3.64592e+00,3.28070e+01,1.66249e-01,2.27381e+01,4.30943e-01,8.52219e-01,2.48543e+00,1.39128e+01,1.37279e+01,1.94576e+01,4.00896e-01,5.64646e+01,3.55703e+01,4.11467e+00,1.18756e+00,5.49503e+00,8.46581e+00,5.27135e-01,1.60575e+00,3.76284e+02
3.39938e+00,3.25797e+01,1.64192e-01,2.29729e+01,4.20295e-01,8.62724e-01,2.47659e+00,1.39599e+01,1.31460e+01,1.94142e+01,4.00784e-01,5.63404e+01,3.43288e+01,3.82205e+00,1.19318e+00,5.50205e+00,1.11639e+01,4.95485e-01,1.60696e+00,3.57784e+02
3.17715e+00,3.23532e+01,1.62706e-01,2.32430e+01,4.11086e-01,8.74245e-01,2.46465e+00,1.39830e+01,1.25848e+01,1.93487e+01,4.00635e-01,5.62512e+01,3.32077e+01,3.55949e+00,1.19787e+00,5.51204e+00,1.58155e+01,4.67452e-01,1.60975e+00,3.38494e+02
2.97622e+00,3.21292e+01,1.61712e-01,2.35447e+01,4.03113e-01,8.86723e-01,2.45009e+00,1.39872e+01,1.20506e+01,1.92616e+01,4.00384e-01,5.61962e+01,3.21148e+01,3.32390e+00,1.20193e+00,5.52627e+00,2.21247e+01,4.42624e-01,1.61391e+00,3.19487e+02
2.79409e+00,3.19087e+01,1.61124e-01,2.38730e+01,3.96227e-01,8.99916e-01,2.43326e+00,1.39747e+01,1.15469e+01,1.91548e+01,4.00011e-01,5.61704e+01,3.09863e+01,3.11204e+00,1.20539e+00,5.54658e+00,2.84695e+01,4.20660e-01,1.61962e+00,3.01246e+02
2.62880e+00,3.16929e+01,1.60829e-01,2.42207e+01,3.90248e-01,9.13532e-01,2.41462e+00,1.39495e+01,1.10723e+01,1.90309e+01,3.99493e-01,5.61703e+01,2.97891e+01,2.92138e+00,1.20808e+00,5.57391e+00,3.34066e+01,4.01245e-01,1.62672e+00,2.84010e+02
2.47837e+00,3.14831e+01,1.60665e-01,2.45783e+01,3.85043e-01,9.27266e-01,2.39465e+00,1.39132e+01,1.06244e+01,1.88925e+01,3.98795e-01,5.61936e+01,2.85194e+01,2.74973e+00,1.20961e+00,5.60761e+00,3.65710e+01,3.84090e-01,1.63512e+00,2.67876e+02
2.34135e+00,3.12808e+01,1.60476e-01,2.49359e+01,3.80523e-01,9.40680e-01,2.37371e+00,1.38680e+01,1.01993e+01,1.87423e+01,3.97935e-01,5.62339e+01,2.71920e+01,2.59464e+00,1.20942e+00,5.64582e+00,3.82633e+01,3.68941e-01,1.64456e+00,2.52847e+02
2.21627e+00,3.10872e+01,1.60144e-01,2.52835e+01,3.76580e-01,9.53380e-01,2.35208e+00,1.38149e+01,9.79312e+00,1.85842e+01,3.96904e-01,5.62895e+01,2.58311e+01,2.45436e+00,1.20705e+00,5.68464e+00,3.89281e+01,3.55543e-01,1.65471e+00,2.38878e+02
2.10205e+00,3.09043e+01,1.59577e-01,2.56139e+01,3.73102e-01,9.64938e-01,2.33007e+00,1.37547e+01,9.40251e+00,1.84210e+01,3.95756e-01,5.63544e+01,2.44639e+01,2.32703e+00,1.20202e+00,5.71996e+00,3.89324e+01,3.43687e-01,1.66516e+00,2.25887e+02
1.99759e+00,3.07328e+01,1.58778e-01,2.59209e+01,3.69966e-01,9.75015e-01,2.30795e+00,1.36886e+01,9.02474e+00,1.82558e+01,3.94546e-01,5.64241e+01,2.31149e+01,2.21098e+00,1.19408e+00,5.74921e+00,3.85256e+01,3.33208e-01,1.67545e+00,2.13776e+02
1.90200e+00,3.05736e+01,1.57744e-01,2.62003e+01,3.67151e-01,9.83338e-01,2.28598e+00,1.36172e+01,8.65846e+00,1.80912e+01,3.93325e-01,5.64943e+01,2.18027e+01,2.10505e+00,1.18312e+00,5.77055e+00,3.78584e+01,3.23953e-01,1.68525e+00,2.02461e+02
1.81443e+00,3.04278e+01,1.56511e-01,2.64492e+01,3.64576e-01,9.89729e-01,2.26437e+00,1.35395e+01,8.30263e+00,1.79302e+01,3.92126e-01,5.65603e+01,2.05409e+01,2.00780e+00,1.16917e+00,5.78415e+00,3.70162e+01,3.15800e-01,1.69405e+00,1.91845e+02
1.73408e+00,3.02950e+01,1.55176e-01,2.66661e+01,3.62191e-01,9.94135e-01,2.24337e+00,1.34571e+01,7.95715e+00,1.77751e+01,3.91030e-01,5.66174e+01,1.93394e+01,1.91843e+00,1.15248e+00,5.79172e+00,3.60453e+01,3.08575e-01,1.70158e+00,1.81848e+02
1.66042e+00,3.01750e+01,1.53766e-01,2.68507e+01,3.59944e-01,9.96625e-01,2.22312e+00,1.33702e+01,7.62242e+00,1.76278e+01,3.90099e-01,5.66608e+01,1.82032e+01,1.83603e+00,1.13343e+00,5.79505e+00,3.49715e+01,3.02188e-01,1.70749e+00,1.72416e+02
1.59294e+00,3.00670e+01,1.52346e-01,2.70035e+01,3.57817e-01,9.97283e-01,2.20386e+00,1.32785e+01,7.29900e+00,1.74909e+01,3.89363e-01,5.66864e+01,1.71352e+01,1.76001e+00,1.11243e+00,5.79705e+00,3.38139e+01,2.96596e-01,1.71143e+00,1.63493e+02
1.53101e+00,2.99702e+01,1.50988e-01,2.71246e+01,3.55796e-01,9.96262e-01,2.18587e+00,1.31830e+01,6.98736e+00,1.73665e+01,3.88840e-01,5.66899e+01,1.61355e+01,1.68977e+00,1.08988e+00,5.80008e+00,3.25909e+01,2.91616e-01,1.71339e+00,1.55039e+02
1.47419e+00,2.98837e+01,1.49741e-01,2.72146e+01,3.53903e-01,9.93738e-01,2.16939e+00,1.30836e+01,6.68820e+00,1.72562e+01,3.88594e-01,5.66677e+01,1.52030e+01,1.62486e+00,1.06617e+00,5.80592e+00,3.13220e+01,2.87208e-01,1.71322e+00,1.47028e+02
1.42213e+00,2.98065e+01,1.48579e-01,2.72745e+01,3.52117e-01,9.89943e-01,2.15457e+00,1.29804e+01,6.40192e+00,1.71622e+01,3.88637e-01,5.66164e+01,1.43354e+01,1.56491e+00,1.04180e+00,5.81620e+00,3.00270e+01,2.83337e-01,1.71100e+00,1.39441e+02
1.37444e+00,2.97382e+01,1.47565e-01,2.73063e+01,3.50494e-01,9.84967e-01,2.14165e+00,1.28738e+01,6.12886e+00,1.70867e+01,3.88998e-01,5.65342e+01,1.35296e+01,1.50962e+00,1.01711e+00,5.83163e+00,2.87252e+01,2.79884e-01,1.70668e+00,1.32260e+02
1.33072e+00,2.96778e+01,1.46643e-01,2.73122e+01,3.49009e-01,9.78999e-01,2.13077e+00,1.27649e+01,5.86898e+00,1.70312e+01,3.89660e-01,5.64201e+01,1.27818e+01,1.45866e+00,9.92405e-01,5.85269e+00,2.74338e+01,2.76813e-01,1.70054e+00,1.25466e+02
1.29081e+00,2.96239e+01,1.45835e-01,2.72931e+01,3.47702e-01,9.72148e-01,2.12210e+00,1.26536e+01,5.62245e+00,1.69989e+01,3.90630e-01,5.62734e+01,1.20889e+01,1.41184e+00,9.67917e-01,5.87932e+00,2.61657e+01,2.74052e-01,1.69280e+00,1.19045e+02
1.25432e+00,2.95765e+01,1.45137e-01,2.72508e+01,3.46491e-01,9.64475e-01,2.11580e+00,1.25396e+01,5.38887e+00,1.69946e+01,3.91893e-01,5.60944e+01,1.14473e+01,1.36893e+00,9.43899e-01,5.91097e+00,2.49310e+01,2.71574e-01,1.68351e+00,1.12986e+02
1.22101e+00,2.95337e+01,1.44538e-01,2.71882e+01,3.45367e-01,9.56213e-01,2.11194e+00,1.24239e+01,5.16815e+00,1.70276e+01,3.93390e-01,5.58840e+01,1.08534e+01,1.32964e+00,9.20489e-01,5.94708e+00,2.37380e+01,2.69318e-01,1.67300e+00,1.07273e+02
1.19070e+00,2.94942e+01,1.44029e-01,2.71071e+01,3.44335e-01,9.47435e-01,2.11050e+00,1.23067e+01,4.95978e+00,1.71177e+01,3.95128e-01,5.56442e+01,1.03036e+01,1.29381e+00,8.97832e-01,5.98615e+00,2.25919e+01,2.67285e-01,1.66156e+00,1.01891e+02
1.16315e+00,2.94560e+01,1.43604e-01,2.70107e+01,3.43411e-01,9.38234e-01,2.11146e+00,1.21875e+01,4.76346e+00,1.73051e+01,3.97005e-01,5.53791e+01,9.79480e+00,1.26125e+00,8.76016e-01,6.02865e+00,2.14963e+01,2.65393e-01,1.64937e+00,9.68261e+01
1.13814e+00,2.94174e+01,1.43252e-01,2.69003e+01,3.42539e-01,9.28651e-01,2.11473e+00,1.20669e+01,4.57866e+00,1.76645e+01,3.98976e-01,5.50900e+01,9.32388e+00,1.23173e+00,8.55151e-01,6.32549e+00,2.04527e+01,2.63708e-01,1.63678e+00,9.20605e+01
1.11546e+00,2.93763e+01,1.42989e-01,2.67778e+01,3.41752e-01,9.18854e-01,2.12020e+00,1.19447e+01,4.40480e+00,1.83133e+01,4.01000e-01,5.47827e+01,8.88782e+00,1.20504e+00,8.35263e-01,5.13792e+01,1.94617e+01,2.62094e-01,1.62398e+00,8.75796e+01
1.09493e+00,2.93309e+01,1.42811e-01,2.66450e+01,3.41078e-01,9.08846e-01,2.12763e+00,1.18203e+01,4.24148e+00,1.93961e+01,4.03009e-01,5.44583e+01,8.48392e+00,1.18099e+00,8.16378e-01,2.39151e+02,1.85226e+01,2.60646e-01,1.61089e+00,8.33675e+01
1.07643e+00,2.92796e+01,1.42735e-01,2.65035e+01,3.40442e-01,8.98671e-01,2.13678e+00,1.16938e+01,4.08816e+00,2.10281e+01,4.04984e-01,5.41227e+01,8.10972e+00,1.15940e+00,7.98541e-01,2.98021e+02,1.76344e+01,2.59297e-01,1.59795e+00,7.94098e+01
1.05974e+00,2.92209e+01,1.42701e-01,2.63556e+01,3.39858e-01,8.88435e-01,2.14728e+00,1.15660e+01,3.94416e+00,2.32039e+01,4.06897e-01,5.37801e+01,7.76307e+00,1.14000e+00,7.81723e-01,3.01615e+02,1.67951e+01,2.58066e-01,1.58520e+00,7.56915e+01
1.04477e+00,2.91537e+01,1.42698e-01,2.62016e+01,3.39340e-01,8.78169e-01,2.15878e+00,1.14365e+01,3.80915e+00,2.57407e+01,4.08682e-01,5.34339e+01,7.44162e+00,1.12277e+00,7.65913e-01,2.93160e+02,1.60035e+01,2.56944e-01,1.57265e+00,7.22035e+01
1.03137e+00,2.90770e+01,1.42697e-01,2.60432e+01,3.38887e-01,8.67899e-01,2.17099e+00,1.13055e+01,3.68254e+00,2.83198e+01,4.10320e-01,5.30876e+01,7.14345e+00,1.10742e+00,7.51125e-01,2.82173e+02,1.52570e+01,2.55896e-01,1.56042e+00,6.89302e+01
1.01944e+00,2.89905e+01,1.42726e-01,2.58818e+01,3.38449e-01,8.57663e-01,2.18352e+00,1.11737e+01,3.56390e+00,3.06220e+01,4.11816e-01,5.27449e+01,6.86686e+00,1.09382e+00,7.37287e-01,2.70907e+02,1.45532e+01,2.54993e-01,1.54855e+00,6.58610e+01
1.00882e+00,2.88944e+01,1.42756e-01,2.57176e+01,3.38022e-01,8.47507e-01,2.19583e+00,1.10413e+01,3.45279e+00,3.24432e+01,4.13114e-01,5.24093e+01,6.61003e+00,1.08184e+00,7.24434e-01,2.59935e+02,1.38904e+01,2.54148e-01,1.53709e+00,6.29847e+01
9.99423e-01,2.87889e+01,1.42779e-01,2.55514e+01,3.37641e-01,8.37448e-01,2.20766e+00,1.09086e+01,3.34880e+00,3.37227e+01,4.14253e-01,5.20842e+01,6.37135e+00,1.07133e+00,7.12455e-01,2.49408e+02,1.32657e+01,2.53463e-01,1.52603e+00,6.02922e+01
9.91150e-01,2.86749e+01,1.42786e-01,2.53839e+01,3.37285e-01,8.27540e-01,2.21876e+00,1.07759e+01,3.25148e+00,3.45100e+01,4.15184e-01,5.17736e+01,6.14967e+00,1.06214e+00,7.01385e-01,2.39358e+02,1.26776e+01,2.52824e-01,1.51537e+00,5.77754e+01
9.83933e-01,2.85531e+01,1.42800e-01,2.52154e+01,3.36935e-01,8.17804e-01,2.22887e+00,1.06438e+01,3.16045e+00,3.49050e+01,4.15918e-01,5.14821e+01,5.94350e+00,1.05414e+00,6.91144e-01,2.29790e+02,1.21236e+01,2.52293e-01,1.50507e+00,5.54248e+01
9.77651e-01,2.84251e+01,1.42827e-01,2.50464e+01,3.36576e-01,8.08249e-01,2.23778e+00,1.05129e+01,3.07533e+00,3.50151e+01,4.16423e-01,5.12145e+01,5.75170e+00,1.04724e+00,6.81702e-01,2.20677e+02,1.16016e+01,2.51799e-01,1.49521e+00,5.32304e+01
9.72193e-01,2.82921e+01,1.42855e-01,2.48772e+01,3.36194e-01,7.98929e-01,2.24529e+00,1.03835e+01,2.99585e+00,3.49350e+01,4.16721e-01,5.09799e+01,5.57318e+00,1.04135e+00,6.73056e-01,2.11998e+02,1.11100e+01,2.51352e-01,1.48568e+00,5.11877e+01
9.67468e-01,2.81561e+01,1.42885e-01,2.47082e+01,3.35814e-01,7.89830e-01,2.25143e+00,1.02559e+01,2.92154e+00,3.47384e+01,4.16872e-01,5.07880e+01,5.40696e+00,1.03632e+00,6.65106e-01,2.03722e+02,1.06464e+01,2.50960e-01,1.47639e+00,4.92844e+01
9.63438e-01,2.80187e+01,1.42930e-01,2.45390e+01,3.35465e-01,7.80978e-01,2.25608e+00,1.01308e+01,2.85220e+00,3.44773e+01,4.16821e-01,5.06568e+01,5.25222e+00,1.03214e+00,6.57853e-01,1.95825e+02,1.02098e+01,2.50612e-01,1.46738e+00,4.75174e+01
9.60038e-01,2.78818e+01,1.42978e-01,2.43700e+01,3.35114e-01,7.72349e-01,2.25932e+00,1.00086e+01,2.78765e+00,3.41874e+01,4.16586e-01,5.06068e+01,5.10803e+00,1.02863e+00,6.51239e-01,1.88285e+02,9.79791e+00,2.50323e-01,1.45858e+00,4.58736e+01
9.57197e-01,2.77469e+01,1.43033e-01,2.42014e+01,3.34786e-01,7.64062e-01,2.26113e+00,9.88995e+00,2.72746e+00,3.38927e+01,4.16149e-01,5.06683e+01,4.97365e+00,1.02578e+00,6.45238e-01,1.81081e+02,9.40962e+00,2.50052e-01,1.45011e+00,4.43456e+01
9.54886e-01,2.76163e+01,1.43073e-01,2.40331e+01,3.34452e-01,7.55978e-01,2.26155e+00,9.77461e+00,2.67138e+00,3.36084e+01,4.15496e-01,5.08717e+01,4.84860e+00,1.02352e+00,6.39820e-01,1.74186e+02,9.04324e+00,2.49829e-01,1.44193e+00,4.29211e+01
9.52999e-01,2.74918e+01,1.43092e-01,2.38650e+01,3.34136e-01,7.48257e-01,2.26061e+00,9.66381e+00,2.61923e+00,3.33436e+01,4.14671e-01,5.12516e+01,4.73209e+00,1.02178e+00,6.34890e-01,1.67586e+02,8.69747e+00,2.49658e-01,1.43394e+00,4.15914e+01
9.51486e-01,2.73752e+01,1.43089e-01,2.36976e+01,3.33814e-01,7.40770e-01,2.25836e+00,9.55779e+00,2.57086e+00,3.31060e+01,4.13630e-01,5.18339e+01,4.62364e+00,1.02049e+00,6.30480e-01,1.61263e+02,8.37087e+00,2.49507e-01,1.42619e+00,4.03431e+01
9.50368e-01,2.72688e+01,1.43090e-01,2.35308e+01,3.33450e-01,7.33579e-01,2.25485e+00,9.45683e+00,2.52597e+00,3.29011e+01,4.12398e-01,5.26340e+01,4.52280e+00,1.01958e+00,6.26495e-01,1.55205e+02,8.06236e+00,2.49422e-01,1.41868e+00,3.91678e+01
9.49590e-01,2.71742e+01,1.43089e-01,2.33648e+01,3.33079e-01,7.26693e-01,2.25007e+00,9.36192e+00,2.48428e+00,3.27340e+01,4.10965e-01,5.36465e+01,4.42899e+00,1.01901e+00,6.22943e-01,1.49398e+02,7.77073e+00,2.49326e-01,1.41142e+00,3.80519e+01
9.49086e-01,2.70938e+01,1.43097e-01,2.31997e+01,3.32679e-01,7.20070e-01,2.24400e+00,9.27339e+00,2.44579e+00,3.26097e+01,4.09334e-01,5.48413e+01,4.34183e+00,1.01879e+00,6.19760e-01,1.43834e+02,7.49492e+00,2.49215e-01,1.40437e+00,3.69866e+01
9.48772e-01,2.70292e+01,1.43106e-01,2.30354e+01,3.32314e-01,7.13756e-01,2.23668e+00,9.19136e+00,2.41014e+00,3.25321e+01,4.07555e-01,5.61682e+01,4.26085e+00,1.01884e+00,6.16906e-01,1.38497e+02,7.23396e+00,2.49099e-01,1.39742e+00,3.59612e+01
9.48657e-01,2.69831e+01,1.43104e-01,2.28724e+01,3.31982e-01,7.07748e-01,2.22805e+00,9.11690e+00,2.37725e+00,3.25033e+01,4.05601e-01,5.75611e+01,4.18588e+00,1.01910e+00,6.14392e-01,1.33383e+02,6.98695e+00,2.48987e-01,1.39072e+00,3.49699e+01
9.48770e-01,2.69573e+01,1.43082e-01,2.27109e+01,3.31631e-01,7.02061e-01,2.21814e+00,9.05000e+00,2.34690e+00,3.25240e+01,4.03491e-01,5.89462e+01,4.11645e+00,1.01958e+00,6.12132e-01,1.28480e+02,6.75314e+00,2.48877e-01,1.38415e+00,3.40049e+01
9.48983e-01,2.69537e+01,1.43059e-01,2.25512e+01,3.31293e-01,6.96656e-01,2.20700e+00,8.99090e+00,2.31896e+00,3.25898e+01,4.01235e-01,6.02543e+01,4.05216e+00,1.02021e+00,6.10149e-01,1.23783e+02,6.53137e+00,2.48767e-01,1.37774e+00,3.30620e+01
9.49344e-01,2.69738e+01,1.43030e-01,2.23933e+01,3.30956e-01,6.91527e-01,2.19461e+00,8.94027e+00,2.29338e+00,3.26917e+01,3.98854e-01,6.14308e+01,3.99280e+00,1.02102e+00,6.08373e-01,1.19280e+02,6.32117e+00,2.48660e-01,1.37152e+00,3.21371e+01
9.49829e-01,2.70190e+01,1.42990e-01,2.22373e+01,3.30570e-01,6.86705e-01,2.18107e+00,8.89727e+00,2.26987e+00,3.28181e+01,3.96386e-01,6.24366e+01,3.93813e+00,1.02195e+00,6.06794e-01,1.14967e+02,6.12186e+00,2.48574e-01,1.36543e+00,3.12286e+01
9.50390e-01,2.70907e+01,1.42928e-01,2.20836e+01,3.30189e-01,6.82113e-01,2.16650e+00,8.86225e+00,2.24832e+00,3.29520e+01,3.93817e-01,6.32520e+01,3.88778e+00,1.02297e+00,6.05416e-01,1.10837e+02,5.93258e+00,2.48501e-01,1.35952e+00,3.03351e+01
9.51051e-01,2.71893e+01,1.42862e-01,2.19327e+01,3.29797e-01,6.77832e-01,2.15100e+00,8.83442e+00,2.22870e+00,3.30772e+01,3.91169e-01,6.38766e+01,3.84149e+00,1.02402e+00,6.04193e-01,1.06883e+02,5.75293e+00,2.48418e-01,1.35383e+00,2.94572e+01
9.51762e-01,2.73151e+01,1.42804e-01,2.17849e+01,3.29404e-01,6.73778e-01,2.13469e+00,8.81333e+00,2.21077e+00,3.31767e+01,3.88461e-01,6.43183e+01,3.79901e+00,1.02516e+00,6.03086e-01,1.03096e+02,5.58230e+00,2.48320e-01,1.34823e+00,2.85951e+01
9.52493e-01,2.74676e+01,1.42754e-01,2.16406e+01,3.29010e-01,6.69974e-01,2.11766e+00,8.79859e+00,2.19446e+00,3.32362e+01,3.85701e-01,6.45987e+01,3.76009e+00,1.02631e+00,6.02095e-01,9.94726e+01,5.42025e+00,2.48207e-01,1.34276e+00,2.77497e+01
9.53216e-01,2.76448e+01,1.42711e-01,2.14997e+01,3.28616e-01,6.66367e-01,2.10011e+00,8.78840e+00,2.17961e+00,3.32465e+01,3.82919e-01,6.47415e+01,3.72440e+00,1.02748e+00,6.01199e-01,9.60011e+01,5.26607e+00,2.48086e-01,1.33735e+00,2.69207e+01
9.53947e-01,2.78449e+01,1.42659e-01,2.13630e+01,3.28209e-01,6.63075e-01,2.08210e+00,8.78185e+00,2.16610e+00,3.32013e+01,3.80152e-01,6.47720e+01,3.69177e+00,1.02868e+00,6.00382e-01,9.26801e+01,5.11963e+00,2.47952e-01,1.33212e+00,2.61112e+01
9.54697e-01,2.80651e+01,1.42609e-01,2.12305e+01,3.27788e-01,6.59913e-01,2.06376e+00,8.77790e+00,2.15394e+00,3.30994e+01,3.77409e-01,6.47145e+01,3.66203e+00,1.02988e+00,5.99667e-01,8.95025e+01,4.98037e+00,2.47816e-01,1.32698e+00,2.53211e+01
9.55437e-01,2.83011e+01,1.42559e-01,2.11028e+01,3.27390e-01,6.56988e-01,2.04532e+00,8.77513e+00,2.14283e+00,3.29445e+01,3.74682e-01,6.45919e+01,3.63478e+00,1.03108e+00,5.98986e-01,8.64626e+01,4.84798e+00,2.47674e-01,1.32192e+00,2.45515e+01
9.56181e-01,2.85489e+01,1.42496e-01,2.09805e+01,3.27000e-01,6.54247e-01,2.02673e+00,8.77209e+00,2.13291e+00,3.27422e+01,3.71993e-01,6.44263e+01,3.60985e+00,1.03232e+00,5.98360e-01,8.35522e+01,4.72212e+00,2.47533e-01,1.31701e+00,2.38037e+01
9.56897e-01,2.88038e+01,1.42427e-01,2.08637e+01,3.26579e-01,6.51682e-01,2.00819e+00,8.76772e+00,2.12392e+00,3.25004e+01,3.69359e-01,6.42336e+01,3.58722e+00,1.03350e+00,5.97783e-01,8.07674e+01,4.60239e+00,2.47383e-01,1.31223e+00,2.30780e+01
9.57576e-01,2.90605e+01,1.42341e-01,2.07528e+01,3.26141e-01,6.49356e-01,1.98970e+00,8.76124e+00,2.11584e+00,3.22284e+01,3.66772e-01,6.40294e+01,3.56658e+00,1.03470e+00,5.97244e-01,7.81056e+01,4.48853e+00,2.47221e-01,1.30752e+00,2.23746e+01
9.58277e-01,2.93139e+01,1.42258e-01,2.06487e+01,3.25705e-01,6.47147e-01,1.97142e+00,8.75179e+00,2.10857e+00,3.19346e+01,3.64247e-01,6.38248e+01,3.54778e+00,1.03583e+00,5.96739e-01,7.55589e+01,4.38026e+00,2.47057e-01,1.30300e+00,2.16940e+01
9.58947e-01,2.95594e+01,1.42172e-01,2.05540e+01,3.25256e-01,6.45149e-01,1.95338e+00,8.73828e+00,2.10200e+00,3.16285e+01,3.61796e-01,6.36298e+01,3.53063e+00,1.03691e+00,5.96269e-01,7.31225e+01,4.27735e+00,2.46883e-01,1.29860e+00,2.10364e+01
9.59599e-01,2.97927e+01,1.42071e-01,2.04909e+01,3.24812e-01,6.43235e-01,1.93566e+00,8.72056e+00,2.09619e+00,3.13182e+01,3.59420e-01,6.34509e+01,3.51480e+00,1.03795e+00,5.95828e-01,7.07948e+01,4.17956e+00,2.46693e-01,1.29427e+00,2.04019e+01
9.60204e-01,3.00103e+01,1.41964e-01,2.06443e+01,3.24387e-01,6.41444e-01,1.91826e+00,8.69877e+00,2.09088e+00,3.10119e+01,3.57112e-01,6.32907e+01,3.50035e+00,1.03892e+00,5.95395e-01,6.85667e+01,4.08656e+00,2.46493e-01,1.29001e+00,1.97892e+01
9.60752e-01,3.02092e+01,1.41835e-01,2.23555e+01,3.23961e-01,6.39780e-01,1.90119e+00,8.67255e+00,2.08611e+00,3.07183e+01,3.54886e-01,6.31520e+01,3.48708e+00,1.03986e+00,5.94977e-01,6.64392e+01,3.99832e+00,2.46281e-01,1.28591e+00,1.91993e+01
9.61283e-01,3.03864e+01,1.41702e-01,3.26162e+01,3.23518e-01,6.38230e-01,1.88454e+00,8.64231e+00,2.08177e+00,3.04495e+01,3.52746e-01,6.30334e+01,3.47484e+00,1.04076e+00,5.94567e-01,6.44051e+01,3.91456e+00,2.46069e-01,1.28191e+00,1.86317e+01
9.61787e-01,3.05406e+01,1.41561e-01,6.83928e+01,3.23095e-01,6.36795e-01,1.86832e+00,8.60834e+00,2.07786e+00,3.02248e+01,3.50702e-01,6.29330e+01,3.46359e+00,1.04163e+00,5.94154e-01,6.24628e+01,3.83509e+00,2.45849e-01,1.27801e+00,1.80854e+01
9.62243e-01,3.06706e+01,1.41439e-01,1.26785e+02,3.22698e-01,6.35429e-01,1.85257e+00,8.57169e+00,2.07425e+00,3.00747e+01,3.48757e-01,6.28480e+01,3.45330e+00,1.04245e+00,5.93753e-01,6.06086e+01,3.75974e+00,2.45621e-01,1.27425e+00,1.75602e+01
9.62658e-01,3.07758e+01,1.41316e-01,1.76401e+02,3.22275e-01,6.34147e-01,1.83727e+00,8.53303e+00,2.07103e+00,3.00473e+01,3.46898e-01,6.27706e+01,3.44377e+00,1.04324e+00,5.93348e-01,5.88375e+01,3.68836e+00,2.45395e-01,1.27065e+00,1.70554e+01
9.63062e-01,3.08561e+01,1.41189e-01,2.05076e+02,3.21812e-01,6.32950e-01,1.82242e+00,8.49348e+00,2.06801e+00,3.02124e+01,3.45145e-01,6.26975e+01,3.43690e+00,1.04398e+00,5.92934e-01,5.71483e+01,3.62080e+00,2.45146e-01,1.26714e+00,1.65705e+01
9.63427e-01,3.09123e+01,1.41056e-01,2.17876e+02,3.21337e-01,6.31817e-01,1.80806e+00,8.45438e+00,2.06522e+00,3.06618e+01,3.43473e-01,6.26233e+01,3.45924e+00,1.04466e+00,5.92531e-01,5.55354e+01,3.55688e+00,2.44898e-01,1.26369e+00,1.61044e+01
9.63757e-01,3.09451e+01,1.40922e-01,2.21484e+02,3.20863e-01,6.30756e-01,1.79416e+00,8.41759e+00,2.06262e+00,3.14961e+01,3.41879e-01,6.25432e+01,3.47405e+00,1.04527e+00,5.92123e-01,5.39984e+01,3.49644e+00,2.44659e-01,1.26048e+00,1.56578e+01
9.64057e-01,3.09556e+01,1.40773e-01,2.20282e+02,3.20394e-01,6.29759e-01,1.78074e+00,8.38424e+00,2.06017e+00,3.27972e+01,3.40349e-01,6.24541e+01,3.49426e+00,1.04581e+00,5.91723e-01,5.25319e+01,3.43936e+00,2.44412e-01,1.25738e+00,1.52303e+01
9.64307e-01,3.09454e+01,1.40636e-01,2.16713e+02,3.19945e-01,6.28798e-01,1.76777e+00,8.35641e+00,2.05786e+00,3.45804e+01,3.38882e-01,6.23542e+01,3.52519e+00,1.04628e+00,5.91319e-01,5.11322e+01,3.38543e+00,2.44151e-01,1.25431e+00,1.48203e+01
9.64519e-01,3.09163e+01,1.40490e-01,2.12054e+02,3.19501e-01,6.27891e-01,1.75528e+00,8.33610e+00,2.05568e+00,3.67614e+01,3.37521e-01,6.22428e+01,3.53918e+00,1.04672e+00,5.90918e-01,4.97986e+01,3.33470e+00,2.43884e-01,1.25133e+00,1.44269e+01
9.64674e-01,3.08693e+01,1.40336e-01,2.06948e+02,3.19014e-01,6.27024e-01,1.74327e+00,8.32625e+00,2.05363e+00,3.91506e+01,3.36279e-01,6.21209e+01,3.53332e+00,1.04711e+00,5.90512e-01,4.85257e+01,3.28690e+00,2.43612e-01,1.24850e+00,1.40486e+01
9.64803e-01,3.08064e+01,1.40190e-01,2.01715e+02,3.18520e-01,6.26219e-01,1.73171e+00,8.32906e+00,2.05163e+00,4.15013e+01,3.35092e-01,6.19906e+01,3.51651e+00,1.04744e+00,5.90093e-01,4.73109e+01,3.24203e+00,2.43327e-01,1.24577e+00,1.36852e+01
9.64899e-01,3.07292e+01,1.40039e-01,1.96515e+02,3.18083e-01,6.25451e-01,1.72059e+00,8.34735e+00,2.04975e+00,4.35853e+01,3.33977e-01,6.18545e+01,3.49583e+00,1.04774e+00,5.89662e-01,4.61516e+01,3.19990e+00,2.43061e-01,1.24310e+00,1.33364e+01
9.64916e-01,3.06390e+01,1.39895e-01,1.91412e+02,3.17594e-01,6.24677e-01,1.70987e+00,8.38314e+00,2.04797e+00,4.52493e+01,3.32930e-01,6.17191e+01,3.47621e+00,1.04799e+00,5.89236e-01,4.50417e+01,3.16039e+00,2.42798e-01,1.24053e+00,1.30018e+01
9.64904e-01,3.05372e+01,1.39741e-01,1.86431e+02,3.17076e-01,6.23929e-01,1.69956e+00,8.43947e+00,2.04628e+00,4.64297e+01,3.31947e-01,6.15903e+01,3.46047e+00,1.04818e+00,5.88806e-01,4.39803e+01,3.12343e+00,2.42522e-01,1.23812e+00,1.26810e+01
9.64887e-01,3.04253e+01,1.39584e-01,1.81597e+02,3.16608e-01,6.23213e-01,1.68964e+00,8.51685e+00,2.04463e+00,4.71396e+01,3.31032e-01,6.14766e+01,3.45007e+00,1.04832e+00,5.88360e-01,4.29631e+01,3.08894e+00,2.42250e-01,1.23577e+00,1.23733e+01
9.64845e-01,3.03045e+01,1.39431e-01,1.76902e+02,3.16115e-01,6.22523e-01,1.68013e+00,8.61686e+00,2.04304e+00,4.74391e+01,3.30174e-01,6.13864e+01,3.44572e+00,1.04842e+00,5.87921e-01,4.19853e+01,3.05675e+00,2.41963e-01,1.23348e+00,1.20778e+01
9.64735e-01,3.01761e+01,1.39257e-01,1.72353e+02,3.15651e-01,6.21836e-01,1.67103e+00,8.73836e+00,2.04154e+00,4.74041e+01,3.29370e-01,6.13340e+01,3.44811e+00,1.04844e+00,5.87479e-01,4.10456e+01,3.02679e+00,2.41665e-01,1.23133e+00,1.17945e+01
9.64597e-01,3.00411e+01,1.39085e-01,1.67940e+02,3.15187e-01,6.21169e-01,1.66226e+00,8.87886e+00,2.04009e+00,4.71125e+01,3.28606e-01,6.13363e+01,3.45783e+00,1.04839e+00,5.87029e-01,4.01386e+01,2.99896e+00,2.41367e-01,1.22919e+00,1.15229e+01
9.64449e-01,2.99009e+01,1.38908e-01,1.63666e+02,3.14717e-01,6.20519e-01,1.65388e+00,9.03515e+00,2.03870e+00,4.66309e+01,3.27884e-01,6.14185e+01,3.47520e+00,1.04832e+00,5.86582e-01,3.92624e+01,2.97311e+00,2.41064e-01,1.22708e+00,1.12623e+01
9.64278e-01,2.97553e+01,1.38725e-01,1.59526e+02,3.14222e-01,6.19892e-01,1.64580e+00,9.20189e+00,2.03737e+00,4.60151e+01,3.27215e-01,6.16062e+01,3.50005e+00,1.04818e+00,5.86128e-01,3.84138e+01,2.94920e+00,2.40751e-01,1.22505e+00,1.10122e+01
9.64075e-01,2.96059e+01,1.38539e-01,1.55516e+02,3.13702e-01,6.19271e-01,1.63811e+00,9.37293e+00,2.03605e+00,4.53067e+01,3.26580e-01,6.19345e+01,3.53148e+00,1.04801e+00,5.85660e-01,3.75903e+01,2.92713e+00,2.40435e-01,1.22312e+00,1.07725e+01
9.63881e-01,2.94533e+01,1.38355e-01,1.51634e+02,3.13243e-01,6.18657e-01,1.63074e+00,9.54118e+00,2.03477e+00,4.45375e+01,3.25986e-01,6.24350e+01,3.56793e+00,1.04779e+00,5.85192e-01,3.67896e+01,2.90683e+00,2.40128e-01,1.22124e+00,1.05425e+01
9.63642e-01,2.92980e+01,1.38179e-01,1.47880e+02,3.12776e-01,6.18031e-01,1.62366e+00,9.70084e+00,2.03353e+00,4.37315e+01,3.25425e-01,6.31395e+01,3.60759e+00,1.04756e+00,5.84719e-01,3.60087e+01,2.88820e+00,2.39816e-01,1.21939e+00,1.03212e+01
9.63374e-01,2.91406e+01,1.38000e-01,1.44244e+02,3.12261e-01,6.17421e-01,1.61690e+00,9.84630e+00,2.03232e+00,4.29052e+01,3.24901e-01,6.40658e+01,3.64900e+00,1.04728e+00,5.84229e-01,3.52464e+01,2.87116e+00,2.39499e-01,1.21763e+00,1.01091e+01
9.63093e-01,2.89813e+01,1.37821e-01,1.40736e+02,3.11769e-01,6.16815e-01,1.61040e+00,9.97259e+00,2.03114e+00,4.20708e+01,3.24419e-01,6.52167e+01,3.69107e+00,1.04697e+00,5.83752e-01,3.45013e+01,2.85565e+00,2.39175e-01,1.21590e+00,9.90560e+00
9.62751e-01,2.88208e+01,1.37638e-01,1.37343e+02,3.11284e-01,6.16202e-01,1.60420e+00,1.00775e+01,2.02998e+00,4.12364e+01,3.23943e-01,6.65724e+01,3.73303e+00,1.04661e+00,5.83271e-01,3.37719e+01,2.84156e+00,2.38841e-01,1.21422e+00,9.70998e+00
9.62345e-01,2.86594e+01,1.37438e-01,1.34074e+02,3.10808e-01,6.15591e-01,1.59829e+00,1.01583e+01,2.02882e+00,4.04092e+01,3.23481e-01,6.80858e+01,3.77428e+00,1.04623e+00,5.82779e-01,3.30578e+01,2.82881e+00,2.38506e-01,1.21258e+00,9.52235e+00
9.61921e-01,2.84972e+01,1.37235e-01,1.30918e+02,3.10329e-01,6.14983e-01,1.59262e+00,1.02158e+01,2.02767e+00,3.95924e+01,3.23038e-01,6.96913e+01,3.81427e+00,1.04578e+00,5.82278e-01,3.23576e+01,2.81726e+00,2.38180e-01,1.21091e+00,9.34200e+00
9.61454e-01,2.83349e+01,1.37041e-01,1.27879e+02,3.09871e-01,6.14388e-01,1.58722e+00,1.02498e+01,2.02650e+00,3.87891e+01,3.22620e-01,7.13112e+01,3.85237e+00,1.04530e+00,5.81777e-01,3.16710e+01,2.80694e+00,2.37850e-01,1.20932e+00,9.16906e+00
9.60981e-01,2.81724e+01,1.36854e-01,1.24957e+02,3.09390e-01,6.13788e-01,1.58206e+00,1.02619e+01,2.02535e+00,3.80018e+01,3.22223e-01,7.28637e+01,3.88785e+00,1.04478e+00,5.81267e-01,3.09976e+01,2.79769e+00,2.37512e-01,1.20771e+00,9.00327e+00
9.60468e-01,2.80098e+01,1.36679e-01,1.22143e+02,3.08898e-01,6.13173e-01,1.57713e+00,1.02540e+01,2.02418e+00,3.72312e+01,3.21832e-01,7.42744e+01,3.92014e+00,1.04422e+00,5.80748e-01,3.03373e+01,2.78948e+00,2.37179e-01,1.20613e+00,8.84407e+00
9.59955e-01,2.78477e+01,1.36495e-01,1.19441e+02,3.08445e-01,6.12556e-01,1.57241e+00,1.02282e+01,2.02295e+00,3.64792e+01,3.21442e-01,7.54879e+01,3.94937e+00,1.04364e+00,5.80224e-01,2.96901e+01,2.78220e+00,2.36865e-01,1.20459e+00,8.69147e+00
9.59415e-01,2.76862e+01,1.36308e-01,1.16838e+02,3.07965e-01,6.11921e-01,1.56791e+00,1.01869e+01,2.02170e+00,3.57462e+01,3.21070e-01,7.64653e+01,3.97581e+00,1.04301e+00,5.79699e-01,2.90557e+01,2.77581e+00,2.36547e-01,1.20303e+00,8.54512e+00
9.58873e-01,2.75255e+01,1.36114e-01,1.14337e+02,3.07450e-01,6.11318e-01,1.56361e+00,1.01320e+01,2.02042e+00,3.50324e+01,3.20712e-01,7.71908e+01,4.00003e+00,1.04236e+00,5.79169e-01,2.84339e+01,2.77027e+00,2.36219e-01,1.20151e+00,8.40452e+00
9.58334e-01,2.73655e+01,1.35906e-01,1.11922e+02,3.06954e-01,6.10720e-01,1.55949e+00,1.00662e+01,2.01909e+00,3.43376e+01,3.20365e-01,7.76647e+01,4.02279e+00,1.04168e+00,5.78634e-01,2.78250e+01,2.76551e+00,2.35886e-01,1.20005e+00,8.27001e+00
9.57811e-01,2.72073e+01,1.35702e-01,1.09594e+02,3.06437e-01,6.10117e-01,1.55554e+00,9.99061e+00,2.01771e+00,3.36621e+01,3.20026e-01,7.78991e+01,4.04452e+00,1.04099e+00,5.78101e-01,2.72290e+01,2.76144e+00,2.35545e-01,1.19861e+00,8.14079e+00
9.57344e-01,2.70527e+01,1.35500e-01,1.07340e+02,3.05944e-01,6.09503e-01,1.55180e+00,9.90725e+00,2.01632e+00,3.30067e+01,3.19687e-01,7.79193e+01,4.06518e+00,1.04026e+00,5.77562e-01,2.66461e+01,2.75797e+00,2.35194e-01,1.19717e+00,8.01722e+00
9.56938e-01,2.69091e+01,1.35300e-01,1.05152e+02,3.05466e-01,6.08895e-01,1.54822e+00,9.81799e+00,2.01490e+00,3.23696e+01,3.19351e-01,7.77517e+01,4.08441e+00,1.03949e+00,5.77017e-01,2.60763e+01,2.75508e+00,2.34839e-01,1.19568e+00,7.89848e+00
9.56570e-01,2.68014e+01,1.35096e-01,1.03029e+02,3.05002e-01,6.08289e-01,1.54478e+00,9.72391e+00,2.01343e+00,3.17515e+01,3.19016e-01,7.74263e+01,4.10136e+00,1.03872e+00,5.76485e-01,2.55191e+01,2.75266e+00,2.34481e-01,1.19420e+00,7.78518e+00
9.56247e-01,2.68188e+01,1.34896e-01,1.00957e+02,3.04528e-01,6.07683e-01,1.54151e+00,9.62589e+00,2.01191e+00,3.11524e+01,3.18689e-01,7.69676e+01,4.11505e+00,1.03792e+00,5.75942e-01,2.49753e+01,2.75074e+00,2.34113e-01,1.19276e+00,7.67631e+00
9.55998e-01,2.72886e+01,1.34696e-01,9.89383e+01,3.04049e-01,6.07066e-01,1.53834e+00,9.52520e+00,2.01034e+00,3.05708e+01,3.18364e-01,7.64049e+01,4.12431e+00,1.03712e+00,5.75385e-01,2.44443e+01,2.74923e+00,2.33751e-01,1.19133e+00,7.57238e+00
9.55793e-01,2.94380e+01,1.34498e-01,9.69643e+01,3.03593e-01,6.06436e-01,1.53533e+00,9.42281e+00,2.00876e+00,3.00071e+01,3.18032e-01,7.57591e+01,4.12835e+00,1.03629e+00,5.74832e-01,2.39264e+01,2.74806e+00,2.33411e-01,1.18989e+00,7.47268e+00
9.55676e-01,3.75371e+01,1.34301e-01,9.50333e+01,3.03130e-01,6.05800e-01,1.53243e+00,9.31906e+00,2.00715e+00,2.94613e+01,3.17708e-01,7.50497e+01,4.12670e+00,1.03546e+00,5.74275e-01,2.34214e+01,2.74720e+00,2.33075e-01,1.18845e+00,7.37758e+00
9.55626e-01,6.07696e+01,1.34094e-01,9.31459e+01,3.02645e-01,6.05162e-01,1.52966e+00,9.21453e+00,2.00550e+00,2.89322e+01,3.17400e-01,7.42940e+01,4.11910e+00,1.03465e+00,5.73713e-01,2.29291e+01,2.74664e+00,2.32730e-01,1.18704e+00,7.28660e+00
9.55563e-01,1.00548e+02,1.33883e-01,9.12969e+01,3.02173e-01,6.04528e-01,1.52696e+00,9.11001e+00,2.00380e+00,2.84192e+01,3.17098e-01,7.35040e+01,4.10585e+00,1.03384e+00,5.73146e-01,2.24495e+01,2.74637e+00,2.32392e-01,1.18564e+00,7.19988e+00
9.55534e-01,1.39798e+02,1.33683e-01,8.94878e+01,3.01678e-01,6.03882e-01,1.52439e+00,9.00558e+00,2.00206e+00,2.79223e+01,3.16783e-01,7.26910e+01,4.08733e+00,1.03303e+00,5.72585e-01,2.19824e+01,2.74628e+00,2.32045e-01,1.18424e+00,7.11703e+00
9.55525e-01,1.66345e+02,1.33477e-01,8.77202e+01,3.01198e-01,6.03224e-01,1.52193e+00,8.90203e+00,2.00030e+00,2.74416e+01,3.16452e-01,7.18636e+01,4.06419e+00,1.03222e+00,5.72021e-01,2.15281e+01,2.74634e+00,2.31682e-01,1.18286e+00,7.03825e+00
9.55518e-01,1.80830e+02,1.33262e-01,8.59902e+01,3.00733e-01,6.02582e-01,1.51955e+00,8.79950e+00,1.99849e+00,2.69756e+01,3.16125e-01,7.10292e+01,4.03734e+00,1.03138e+00,5.71452e-01,2.10857e+01,2.74655e+00,2.31320e-01,1.18147e+00,6.96301e+00
9.55502e-01,1.87449e+02,1.33052e-01,8.43026e+01,3.00260e-01,6.01953e-01,1.51727e+00,8.69782e+00,1.99668e+00,2.65243e+01,3.15818e-01,7.01934e+01,4.00749e+00,1.03056e+00,5.70885e-01,2.06550e+01,2.74685e+00,2.30960e-01,1.18006e+00,6.89186e+00
9.55400e-01,1.89504e+02,1.32846e-01,8.26529e+01,2.99784e-01,6.01343e-01,1.51504e+00,8.59752e+00,1.99479e+00,2.60874e+01,3.15523e-01,6.93595e+01,3.97531e+00,1.02974e+00,5.70310e-01,2.02365e+01,2.74727e+00,2.30593e-01,1.17870e+00,6.82399e+00
9.55230e-01,1.88996e+02,1.32645e-01,8.10447e+01,2.99299e-01,6.00734e-01,1.51291e+00,8.49902e+00,1.99288e+00,2.56638e+01,3.15221e-01,6.85307e+01,3.94162e+00,1.02888e+00,5.69727e-01,1.98295e+01,2.74775e+00,2.30227e-01,1.17735e+00,6.76004e+00
9.54954e-01,1.87059e+02,1.32442e-01,7.94782e+01,2.98835e-01,6.00095e-01,1.51083e+00,8.40210e+00,1.99091e+00,2.52541e+01,3.14902e-01,6.77101e+01,3.90706e+00,1.02801e+00,5.69148e-01,1.94341e+01,2.74824e+00,2.29875e-01,1.17599e+00,6.69934e+00
9.54550e-01,1.84353e+02,1.32247e-01,7.79506e+01,2.98372e-01,5.99449e-01,1.50883e+00,8.30685e+00,1.98891e+00,2.48577e+01,3.14585e-01,6.69000e+01,3.87203e+00,1.02711e+00,5.68559e-01,1.90498e+01,2.74877e+00,2.29529e-01,1.17458e+00,6.64222e+00
9.54019e-01,1.81230e+02,1.32047e-01,7.64628e+01,2.97901e-01,5.98806e-01,1.50692e+00,8.21345e+00,1.98688e+00,2.44731e+01,3.14282e-01,6.61014e+01,3.83705e+00,1.02617e+00,5.67969e-01,1.86765e+01,2.74932e+00,2.29179e-01,1.17321e+00,6.58822e+00
9.53320e-01,1.77910e+02,1.31844e-01,7.50172e+01,2.97416e-01,5.98173e-01,1.50500e+00,8.12195e+00,1.98482e+00,2.41008e+01,3.13986e-01,6.53146e+01,3.80254e+00,1.02519e+00,5.67384e-01,1.83138e+01,2.74990e+00,2.28829e-01,1.17187e+00,6.53766e+00
9.52482e-01,1.74508e+02,1.31641e-01,7.36101e+01,2.96908e-01,5.97535e-01,1.50317e+00,8.03250e+00,1.98273e+00,2.37406e+01,3.13693e-01,6.45423e+01,3.76878e+00,1.02420e+00,5.66804e-01,1.79613e+01,2.75045e+00,2.28479e-01,1.17055e+00,6.49024e+00
9.51461e-01,1.71097e+02,1.31437e-01,7.22424e+01,2.96429e-01,5.96888e-01,1.50140e+00,7.94539e+00,1.98060e+00,2.33917e+01,3.13395e-01,6.37843e+01,3.73596e+00,1.02313e+00,5.66225e-01,1.76190e+01,2.75095e+00,2.28117e-01,1.16924e+00,6.44595e+00
9.50322e-01,1.67717e+02,1.31237e-01,7.09119e+01,2.95978e-01,5.96246e-01,1.49968e+00,7.86009e+00,1.97845e+00,2.30534e+01,3.13094e-01,6.30413e+01,3.70430e+00,1.02200e+00,5.65641e-01,1.72865e+01,2.75139e+00,2.27746e-01,1.16791e+00,6.40453e+00
9.49027e-01,1.64388e+02,1.31033e-01,6.96217e+01,2.95545e-01,5.95610e-01,1.49799e+00,7.77708e+00,1.97627e+00,2.27260e+01,3.12788e-01,6.23174e+01,3.67395e+00,1.02082e+00,5.65078e-01,1.69635e+01,2.75177e+00,2.27380e-01,1.16657e+00,6.36617e+00
9.47615e-01,1.61123e+02,1.30833e-01,6.83669e+01,2.95090e-01,5.94979e-01,1.49632e+00,7.69620e+00,1.97408e+00,2.24086e+01,3.12484e-01,6.16248e+01,3.64507e+00,1.01960e+00,5.64498e-01,1.66502e+01,2.75212e+00,2.27008e-01,1.16524e+00,6.33051e+00
9.46094e-01,1.57930e+02,1.30625e-01,6.71478e+01,2.94610e-01,5.94340e-01,1.49471e+00,7.61766e+00,1.97186e+00,2.21012e+01,3.12161e-01,6.10006e+01,3.61769e+00,1.01834e+00,5.63917e-01,1.63461e+01,2.75240e+00,2.26644e-01,1.16391e+00,6.29778e+00
9.44506e-01,1.54812e+02,1.30424e-01,6.59660e+01,2.94142e-01,5.93701e-01,1.49316e+00,7.54138e+00,1.96961e+00,2.18037e+01,3.11846e-01,6.05603e+01,3.59183e+00,1.01704e+00,5.63320e-01,1.60508e+01,2.75261e+00,2.26296e-01,1.16256e+00,6.26774e+00
9.42833e-01,1.51772e+02,1.30206e-01,6.48187e+01,2.93703e-01,5.93052e-01,1.49158e+00,7.46738e+00,1.96733e+00,2.15153e+01,3.11547e-01,6.06196e+01,3.56751e+00,1.01572e+00,5.62732e-01,1.57638e+01,2.75272e+00,2.25958e-01,1.16120e+00,6.24022e+00
9.41084e-01,1.48811e+02,1.29996e-01,6.37031e+01,2.93237e-01,5.92395e-01,1.49006e+00,7.39562e+00,1.96503e+00,2.12358e+01,3.11256e-01,6.19268e+01,3.54477e+00,1.01440e+00,5.62143e-01,1.54852e+01,2.75279e+00,2.25616e-01,1.15985e+00,6.21556e+00
9.39350e-01,1.45928e+02,1.29785e-01,6.26209e+01,2.92772e-01,5.91768e-01,1.48855e+00,7.32600e+00,1.96270e+00,2.09653e+01,3.10971e-01,6.59442e+01,3.52355e+00,1.01308e+00,5.61553e-01,1.52148e+01,2.75280e+00,2.25270e-01,1.15851e+00,6.19317e+00
9.37585e-01,1.43122e+02,1.29580e-01,6.15712e+01,2.92303e-01,5.91145e-01,1.48703e+00,7.25869e+00,1.96041e+00,2.07028e+01,3.10671e-01,7.48041e+01,3.50385e+00,1.01170e+00,5.60975e-01,1.49523e+01,2.75274e+00,2.24908e-01,1.15720e+00,6.17356e+00
9.35816e-01,1.40393e+02,1.29385e-01,6.05517e+01,2.91860e-01,5.90515e-01,1.48553e+00,7.19386e+00,1.95809e+00,2.04484e+01,3.10351e-01,9.02676e+01,3.48551e+00,1.01030e+00,5.60382e-01,1.46975e+01,2.75258e+00,2.24538e-01,1.15593e+00,6.15642e+00
9.34069e-01,1.37738e+02,1.29178e-01,5.95595e+01,2.91421e-01,5.89886e-01,1.48407e+00,7.13090e+00,1.95574e+00,2.02019e+01,3.10032e-01,1.11842e+02,3.46849e+00,1.00889e+00,5.59784e-01,1.44497e+01,2.75231e+00,2.24178e-01,1.15465e+00,6.14167e+00
9.32391e-01,1.35158e+02,1.28981e-01,5.85971e+01,2.90989e-01,5.89266e-01,1.48263e+00,7.07033e+00,1.95337e+00,1.99629e+01,3.09717e-01,1.36133e+02,3.45260e+00,1.00746e+00,5.59202e-01,1.42095e+01,2.75196e+00,2.23821e-01,1.15331e+00,6.12933e+00
9.30718e-01,1.32651e+02,1.28778e-01,5.76628e+01,2.90529e-01,5.88655e-01,1.48117e+00,7.01208e+00,1.95097e+00,1.97309e+01,3.09408e-01,1.58713e+02,3.43782e+00,1.00604e+00,5.58607e-01,1.39765e+01,2.75155e+00,2.23453e-01,1.15198e+00,6.11957e+00
9.29079e-01,1.30215e+02,1.28587e-01,5.67529e+01,2.90058e-01,5.88038e-01,1.47974e+00,6.95603e+00,1.94854e+00,1.95067e+01,3.09100e-01,1.76542e+02,3.42411e+00,1.00463e+00,5.58012e-01,1.37501e+01,2.75106e+00,2.23080e-01,1.15065e+00,6.11206e+00
9.27472e-01,1.27847e+02,1.28391e-01,5.58678e+01,2.89604e-01,5.87403e-01,1.47832e+00,6.90215e+00,1.94610e+00,1.92890e+01,3.08785e-01,1.88748e+02,3.41129e+00,1.00322e+00,5.57417e-01,1.35301e+01,2.75046e+00,2.22722e-01,1.14936e+00,6.10636e+00
9.25914e-01,1.25547e+02,1.28192e-01,5.50070e+01,2.89179e-01,5.86754e-01,1.47690e+00,6.85055e+00,1.94361e+00,1.90777e+01,3.08466e-01,1.95962e+02,3.39925e+00,1.00181e+00,5.56826e-01,1.33168e+01,2.74977e+00,2.22376e-01,1.14805e+00,6.10267e+00
9.24423e-01,1.23311e+02,1.27991e-01,5.41694e+01,2.88722e-01,5.86104e-01,1.47547e+00,6.80086e+00,1.94112e+00,1.88733e+01,3.08153e-01,1.99384e+02,3.38791e+00,1.00040e+00,5.56239e-01,1.31099e+01,2.74901e+00,2.22032e-01,1.14675e+00,6.10021e+00
9.22918e-01,1.21136e+02,1.27796e-01,5.33534e+01,2.88267e-01,5.85479e-01,1.47405e+00,6.75308e+00,1.93866e+00,1.86746e+01,3.07841e-01,2.00194e+02,3.37723e+00,9.99023e-01,5.55642e-01,1.29087e+01,2.74821e+00,2.21692e-01,1.14545e+00,6.09881e+00
9.21441e-01,1.19022e+02,1.27601e-01,5.25573e+01,2.87797e-01,5.84846e-01,1.47264e+00,6.70750e+00,1.93616e+00,1.84821e+01,3.07536e-01,1.99323e+02,3.36717e+00,9.97645e-01,5.55058e-01,1.27134e+01,2.74732e+00,2.21349e-01,1.14418e+00,6.09816e+00
9.20025e-01,1.16963e+02,1.27398e-01,5.17812e+01,2.87349e-01,5.84198e-01,1.47124e+00,6.66405e+00,1.93366e+00,1.82956e+01,3.07245e-01,1.97422e+02,3.35761e+00,9.96264e-01,5.54476e-01,1.25241e+01,2.74634e+00,2.20993e-01,1.14292e+00,6.09770e+00
9.18649e-01,1.14959e+02,1.27201e-01,5.10229e+01,2.86911e-01,5.83550e-01,1.46985e+00,6.62226e+00,1.93115e+00,1.81143e+01,3.06962e-01,1.94918e+02,3.34846e+00,9.94860e-01,5.53891e-01,1.23399e+01,2.74528e+00,2.20640e-01,1.14165e+00,6.09704e+00
9.17239e-01,1.13006e+02,1.26999e-01,5.02828e+01,2.86478e-01,5.82906e-01,1.46845e+00,6.58253e+00,1.92862e+00,1.79384e+01,3.06669e-01,1.92085e+02,3.33973e+00,9.93447e-01,5.53322e-01,1.21615e+01,2.74417e+00,2.20295e-01,1.14035e+00,6.09598e+00
9.15898e-01,1.11102e+02,1.26771e-01,4.95603e+01,2.86025e-01,5.82265e-01,1.46704e+00,6.54457e+00,1.92604e+00,1.77679e+01,3.06375e-01,1.89076e+02,3.33134e+00,9.92061e-01,5.52747e-01,1.19882e+01,2.74300e+00,2.19947e-01,1.13907e+00,6.09431e+00
9.14580e-01,1.09244e+02,1.26551e-01,4.88538e+01,2.85584e-01,5.81627e-01,1.46564e+00,6.50845e+00,1.92345e+00,1.76025e+01,3.06071e-01,1.86002e+02,3.32332e+00,9.90673e-01,5.52174e-01,1.18199e+01,2.74173e+00,2.19592e-01,1.13780e+00,6.09182e+00
9.13257e-01,1.07429e+02,1.26355e-01,4.81628e+01,2.85129e-01,5.80995e-01,1.46426e+00,6.47390e+00,1.92088e+00,1.74417e+01,3.05763e-01,1.82916e+02,3.31556e+00,9.89278e-01,5.51602e-01,1.16567e+01,2.74040e+00,2.19246e-01,1.13654e+00,6.08860e+00
9.11953e-01,1.05656e+02,1.26172e-01,4.74863e+01,2.84680e-01,5.80347e-01,1.46283e+00,6.44090e+00,1.91829e+00,1.72862e+01,3.05464e-01,1.79854e+02,3.30804e+00,9.87885e-01,5.51028e-01,1.14983e+01,2.73898e+00,2.18907e-01,1.13528e+00,6.08479e+00
9.10666e-01,1.03922e+02,1.25980e-01,4.68236e+01,2.84217e-01,5.79707e-01,1.46142e+00,6.40944e+00,1.91570e+00,1.71347e+01,3.05173e-01,1.76833e+02,3.30083e+00,9.86507e-01,5.50448e-01,1.13445e+01,2.73751e+00,2.18571e-01,1.13404e+00,6.08055e+00
9.09388e-01,1.02225e+02,1.25786e-01,4.61742e+01,2.83765e-01,5.79083e-01,1.46000e+00,6.37964e+00,1.91308e+00,1.69878e+01,3.04884e-01,1.73868e+02,3.29378e+00,9.85121e-01,5.49869e-01,1.11954e+01,2.73599e+00,2.18231e-01,1.13279e+00,6.07614e+00
9.08082e-01,1.00564e+02,1.25595e-01,4.55380e+01,2.83292e-01,5.78449e-01,1.45857e+00,6.35111e+00,1.91046e+00,1.68452e+01,3.04579e-01,1.70962e+02,3.28690e+00,9.83749e-01,5.49299e-01,1.10506e+01,2.73439e+00,2.17881e-01,1.13154e+00,6.07187e+00
9.06801e-01,9.89375e+01,1.25401e-01,4.49153e+01,2.82849e-01,5.77809e-01,1.45717e+00,6.32377e+00,1.90787e+00,1.67066e+01,3.04259e-01,1.68122e+02,3.28022e+00,9.82330e-01,5.48719e-01,1.09102e+01,2.73273e+00,2.17526e-01,1.13031e+00,6.06836e+00
9.05547e-01,9.73437e+01,1.25204e-01,4.43037e+01,2.82442e-01,5.77163e-01,1.45578e+00,6.29747e+00,1.90525e+00,1.65721e+01,3.03947e-01,1.65346e+02,3.27365e+00,9.80906e-01,5.48132e-01,1.07737e+01,2.73101e+00,2.17179e-01,1.12908e+00,6.06583e+00
9.04269e-01,9.57809e+01,1.25006e-01,4.37041e+01,2.82029e-01,5.76527e-01,1.45439e+00,6.27257e+00,1.90260e+00,1.64413e+01,3.03652e-01,1.62636e+02,3.26720e+00,9.79454e-01,5.47554e-01,1.06418e+01,2.72922e+00,2.16837e-01,1.12782e+00,6.06471e+00
9.03019e-01,9.42508e+01,1.24802e-01,4.31161e+01,2.81620e-01,5.75904e-01,1.45298e+00,6.24860e+00,1.89993e+00,1.63145e+01,3.03364e-01,1.59991e+02,3.26079e+00,9.78034e-01,5.46966e-01,1.05136e+01,2.72742e+00,2.16486e-01,1.12655e+00,6.06549e+00
9.01762e-01,9.27503e+01,1.24611e-01,4.25396e+01,2.81173e-01,5.75283e-01,1.45157e+00,6.22551e+00,1.89726e+00,1.61908e+01,3.03067e-01,1.57414e+02,3.25448e+00,9.76634e-01,5.46383e-01,1.03893e+01,2.72558e+00,2.16130e-01,1.12532e+00,6.06828e+00
9.00497e-01,9.12791e+01,1.24425e-01,4.19739e+01,2.80749e-01,5.74646e-01,1.45019e+00,6.20333e+00,1.89457e+00,1.60711e+01,3.02762e-01,1.54899e+02,3.24826e+00,9.75206e-01,5.45793e-01,1.02689e+01,2.72365e+00,2.15777e-01,1.12410e+00,6.07344e+00
8.99259e-01,8.98381e+01,1.24236e-01,4.14191e+01,2.80337e-01,5.73997e-01,1.44880e+00,6.18211e+00,1.89188e+00,1.59545e+01,3.02462e-01,1.52447e+02,3.24202e+00,9.73790e-01,5.45204e-01,1.01519e+01,2.72169e+00,2.15433e-01,1.12287e+00,6.08109e+00
8.98027e-01,8.84255e+01,1.24051e-01,4.08748e+01,2.79904e-01,5.73351e-01,1.44739e+00,6.16175e+00,1.88920e+00,1.58411e+01,3.02163e-01,1.50057e+02,3.23586e+00,9.72358e-01,5.44610e-01,1.00388e+01,2.71973e+00,2.15094e-01,1.12166e+00,6.09115e+00
8.96785e-01,8.70430e+01,1.23856e-01,4.03406e+01,2.79475e-01,5.72725e-01,1.44598e+00,6.14183e+00,1.88655e+00,1.57310e+01,3.01869e-01,1.47726e+02,3.22975e+00,9.70955e-01,5.44016e-01,9.92901e+00,2.71777e+00,2.14759e-01,1.12046e+00,6.10384e+00
8.95527e-01,8.56864e+01,1.23661e-01,3.98166e+01,2.79023e-01,5.72107e-01,1.44457e+00,6.12258e+00,1.88388e+00,1.56239e+01,3.01584e-01,1.45455e+02,3.22369e+00,9.69569e-01,5.43436e-01,9.82280e+00,2.71578e+00,2.14425e-01,1.11925e+00,6.11865e+00
8.94265e-01,8.43625e+01,1.23467e-01,3.93026e+01,2.78612e-01,5.71481e-01,1.44316e+00,6.10423e+00,1.88121e+00,1.55199e+01,3.01867e-01,1.43239e+02,3.21769e+00,9.68166e-01,5.42858e-01,9.71989e+00,2.71375e+00,2.14091e-01,1.11805e+00,6.13581e+00
8.93020e-01,8.30635e+01,1.23276e-01,3.87980e+01,2.78187e-01,5.70847e-01,1.44174e+00,6.08611e+00,1.87852e+00,1.54186e+01,3.02251e-01,1.41078e+02,3.21165e+00,9.66748e-01,5.42277e-01,9.62004e+00,2.71169e+00,2.13759e-01,1.11686e+00,6.15459e+00
8.91750e-01,8.17916e+01,1.23083e-01,3.83038e+01,2.77755e-01,5.70219e-01,1.44032e+00,6.06863e+00,1.87583e+00,1.53210e+01,3.02665e-01,1.38969e+02,3.20564e+00,9.65304e-01,5.41701e-01,9.52382e+00,2.70961e+00,2.13426e-01,1.11701e+00,6.17474e+00
8.90512e-01,8.05464e+01,1.22880e-01,3.78184e+01,2.77331e-01,5.69598e-01,1.43891e+00,6.05155e+00,1.87472e+00,1.52254e+01,3.02861e-01,1.36911e+02,3.19962e+00,9.63909e-01,5.41125e-01,9.43155e+00,2.70943e+00,2.13090e-01,1.11780e+00,6.19590e+00
8.89276e-01,7.93276e+01,1.22676e-01,3.73421e+01,2.76896e-01,5.68980e-01,1.43750e+00,6.03644e+00,1.87395e+00,1.51328e+01,3.02877e-01,1.34902e+02,3.19372e+00,9.62498e-01,5.40548e-01,9.34311e+00,2.70936e+00,2.13167e-01,1.11927e+00,6.21773e+00
8.88034e-01,7.81350e+01,1.22489e-01,3.68762e+01,2.77373e-01,5.68359e-01,1.43616e+00,6.02215e+00,1.87321e+00,1.50429e+01,3.02848e-01,1.32941e+02,3.18782e+00,9.61095e-01,5.39972e-01,9.25835e+00,2.70895e+00,2.13655e-01,1.12431e+00,6.23972e+00
8.86782e-01,7.69683e+01,1.22307e-01,3.64199e+01,2.77800e-01,5.67734e-01,1.43485e+00,6.00784e+00,1.87283e+00,1.49554e+01,3.02809e-01,1.31024e+02,3.18194e+00,9.59691e-01,5.39395e-01,9.17754e+00,2.70830e+00,2.13731e-01,1.12950e+00,6.26135e+00
8.85550e-01,7.58267e+01,1.22160e-01,3.59739e+01,2.78143e-01,5.69295e-01,1.43440e+00,5.99398e+00,1.87271e+00,1.48703e+01,3.03711e-01,1.29148e+02,3.17611e+00,9.58280e-01,5.39252e-01,9.09977e+00,2.71087e+00,2.13961e-01,1.13605e+00,6.28213e+00
8.84296e-01,7.47107e+01,1.22233e-01,3.55433e+01,2.78596e-01,5.70731e-01,1.43383e+00,5.98092e+00,1.87256e+00,1.47873e+01,3.05003e-01,1.27315e+02,3.17055e+00,9.56895e-01,5.38992e-01,9.02557e+00,2.71264e+00,2.16919e-01,1.14201e+00,6.30277e+00
8.84804e-01,7.36382e+01,1.23396e-01,3.51205e+01,2.79057e-01,5.72499e-01,1.43305e+00,5.96810e+00,1.87416e+00,1.47068e+01,3.06546e-01,1.25524e+02,3.16511e+00,9.56207e-01,5.38737e-01,8.95430e+00,2.71308e+00,2.19702e-01,1.14765e+00,6.32188e+00
8.85759e-01,7.25930e+01,1.25156e-01,3.47040e+01,2.79297e-01,5.73707e-01,1.43204e+00,5.95605e+00,1.87833e+00,1.46284e+01,3.07692e-01,1.23774e+02,3.15950e+00,9.55890e-01,5.38579e-01,8.88686e+00,2.71245e+00,2.22167e-01,1.15349e+00,6.34040e+00
8.86775e-01,7.15620e+01,1.27232e-01,3.42937e+01,2.79535e-01,5.74548e-01,1.43093e+00,5.94461e+00,1.88601e+00,1.45518e+01,3.08560e-01,1.22059e+02,3.15395e+00,9.56188e-01,5.39337e-01,8.82262e+00,2.71110e+00,2.26303e-01,1.15997e+00,6.35714e+00
8.87905e-01,7.05427e+01,1.29198e-01,3.38921e+01,2.79762e-01,5.75117e-01,1.42941e+00,5.93310e+00,1.89646e+00,1.44775e+01,3.09256e-01,1.20379e+02,3.14844e+00,9.57530e-01,5.39758e-01,8.76200e+00,2.70922e+00,2.32015e-01,1.16744e+00,6.37144e+00
8.90302e-01,6.95500e+01,1.31035e-01,3.34990e+01,2.79947e-01,5.75542e-01,1.42807e+00,5.92149e+00,1.90915e+00,1.44051e+01,3.09756e-01,1.18736e+02,3.14295e+00,9.59957e-01,5.40166e-01,8.70357e+00,2.70734e+00,2.37951e-01,1.17595e+00,6.38246e+00
8.95500e-01,6.85803e+01,1.32827e-01,3.31144e+01,2.80099e-01,5.75800e-01,1.42698e+00,5.91035e+00,1.92403e+00,1.43350e+01,3.10072e-01,1.17124e+02,3.13753e+00,9.63269e-01,5.40834e-01,8.64768e+00,2.70550e+00,2.42688e-01,1.18569e+00,6.39058e+00
9.04688e-01,6.76328e+01,1.34571e-01,3.27380e+01,2.80113e-01,5.76060e-01,1.42597e+00,5.89948e+00,1.94164e+00,1.42668e+01,3.10257e-01,1.15549e+02,3.13235e+00,9.67325e-01,5.41771e-01,8.59326e+00,2.70390e+00,2.45832e-01,1.19663e+00,6.39524e+00
9.18107e-01,6.67075e+01,1.36112e-01,3.23696e+01,2.80009e-01,5.76188e-01,1.42518e+00,5.88889e+00,1.96200e+00,1.42009e+01,3.10380e-01,1.14003e+02,3.12737e+00,9.72436e-01,5.42910e-01,8.54071e+00,2.70270e+00,2.47182e-01,1.20832e+00,6.39707e+00
9.34918e-01,6.58028e+01,1.37192e-01,3.20098e+01,2.79779e-01,5.76216e-01,1.42479e+00,5.87889e+00,1.98441e+00,1.41367e+01,3.10415e-01,1.12489e+02,3.12254e+00,9.79237e-01,5.44357e-01,8.48949e+00,2.70182e+00,2.47053e-01,1.22026e+00,6.39595e+00
9.53725e-01,6.49178e+01,1.37648e-01,3.16584e+01,2.79440e-01,5.76105e-01,1.42489e+00,5.86936e+00,2.00790e+00,1.40744e+01,3.10379e-01,1.11004e+02,3.11796e+00,9.88112e-01,5.45996e-01,8.44013e+00,2.70091e+00,2.45896e-01,1.23177e+00,6.39200e+00
9.72842e-01,6.40520e+01,1.37449e-01,3.13163e+01,2.79072e-01,5.75858e-01,1.42538e+00,5.86005e+00,2.03129e+00,1.40139e+01,3.10271e-01,1.09548e+02,3.11361e+00,9.98726e-01,5.47856e-01,8.39232e+00,2.69985e+00,2.44024e-01,1.24231e+00,6.38537e+00
9.90910e-01,6.32047e+01,1.36575e-01,3.09843e+01,2.78729e-01,5.75454e-01,1.42604e+00,5.85141e+00,2.05360e+00,1.39552e+01,3.10140e-01,1.08121e+02,3.10943e+00,1.01005e+00,5.49951e-01,8.34691e+00,2.69861e+00,2.41560e-01,1.25151e+00,6.37581e+00
1.00739e+00,6.23753e+01,1.35232e-01,3.06620e+01,2.78372e-01,5.74944e-01,1.42663e+00,5.84312e+00,2.07387e+00,1.38982e+01,3.10042e-01,1.06718e+02,3.10547e+00,1.02075e+00,5.52217e-01,8.30406e+00,2.69712e+00,2.38757e-01,1.25916e+00,6.36401e+00
1.02222e+00,6.15638e+01,1.33548e-01,3.03505e+01,2.78047e-01,5.74360e-01,1.42695e+00,5.83574e+00,2.09150e+00,1.38433e+01,3.09979e-01,1.05342e+02,3.10165e+00,1.02982e+00,5.54693e-01,8.26474e+00,2.69519e+00,2.35693e-01,1.26519e+00,6.34930e+00
1.03569e+00,6.07701e+01,1.31677e-01,3.00502e+01,2.77850e-01,5.73652e-01,1.42678e+00,5.82878e+00,2.10617e+00,1.37899e+01,3.09967e-01,1.03993e+02,3.09798e+00,1.03680e+00,5.57307e-01,8.22868e+00,2.69291e+00,2.32610e-01,1.26986e+00,6.33242e+00
1.04809e+00,5.99933e+01,1.29796e-01,2.97621e+01,2.77747e-01,5.72912e-01,1.42614e+00,5.82280e+00,2.11791e+00,1.37385e+01,3.09985e-01,1.02669e+02,3.09455e+00,1.04166e+00,5.60095e-01,8.19662e+00,2.69023e+00,2.29567e-01,1.27336e+00,6.31342e+00
1.05909e+00,5.92324e+01,1.28026e-01,2.94871e+01,2.77720e-01,5.72146e-01,1.42504e+00,5.81755e+00,2.12714e+00,1.36886e+01,3.10048e-01,1.01374e+02,3.09122e+00,1.04475e+00,5.63075e-01,8.16752e+00,2.68726e+00,2.26671e-01,1.27597e+00,6.29257e+00
1.06788e+00,5.84880e+01,1.26395e-01,2.92258e+01,2.77782e-01,5.71361e-01,1.42356e+00,5.81277e+00,2.13451e+00,1.36406e+01,3.10159e-01,1.00104e+02,3.08808e+00,1.04654e+00,5.66298e-01,8.14153e+00,2.68398e+00,2.23992e-01,1.27803e+00,6.27049e+00
1.07370e+00,5.77593e+01,1.24949e-01,2.89788e+01,2.77891e-01,5.70600e-01,1.42180e+00,5.80834e+00,2.14056e+00,1.35941e+01,3.10304e-01,9.88624e+01,3.08511e+00,1.04741e+00,5.69831e-01,8.11754e+00,2.68031e+00,2.21616e-01,1.27978e+00,6.24705e+00
1.07592e+00,5.70459e+01,1.23699e-01,2.87458e+01,2.77991e-01,5.69866e-01,1.41985e+00,5.80451e+00,2.14584e+00,1.35493e+01,3.10494e-01,9.76482e+01,3.08229e+00,1.04764e+00,5.73746e-01,8.09553e+00,2.67631e+00,2.19462e-01,1.28137e+00,6.22261e+00
1.07432e+00,5.63474e+01,1.22651e-01,2.85266e+01,2.78045e-01,5.69226e-01,1.41790e+00,5.80094e+00,2.15071e+00,1.35060e+01,3.10702e-01,9.64607e+01,3.07967e+00,1.04747e+00,5.78066e-01,8.07446e+00,2.67204e+00,2.17644e-01,1.28290e+00,6.19761e+00
1.06926e+00,5.56636e+01,1.21783e-01,2.83201e+01,2.78050e-01,5.68722e-01,1.41596e+00,5.79755e+00,2.15532e+00,1.34644e+01,3.10876e-01,9.53023e+01,3.07729e+00,1.04680e+00,5.82758e-01,8.05457e+00,2.66759e+00,2.16044e-01,1.28438e+00,6.17212e+00
1.06133e+00,5.49938e+01,1.21033e-01,2.81241e+01,2.77958e-01,5.68323e-01,1.41411e+00,5.79431e+00,2.15985e+00,1.34244e+01,3.11014e-01,9.41668e+01,3.07507e+00,1.04570e+00,5.87795e-01,8.03529e+00,2.66299e+00,2.14696e-01,1.28593e+00,6.14660e+00
1.05119e+00,5.43380e+01,1.20381e-01,2.79378e+01,2.77725e-01,5.68047e-01,1.41243e+00,5.79142e+00,2.16405e+00,1.33861e+01,3.11081e-01,9.30544e+01,3.07307e+00,1.04404e+00,5.93135e-01,8.01680e+00,2.65826e+00,2.13551e-01,1.28749e+00,6.12118e+00
1.03960e+00,5.36963e+01,1.19844e-01,2.77585e+01,2.77342e-01,5.67929e-01,1.41089e+00,5.78879e+00,2.16776e+00,1.33496e+01,3.11033e-01,9.19656e+01,3.07125e+00,1.04177e+00,5.98705e-01,7.99918e+00,2.65344e+00,2.12590e-01,1.28883e+00,6.09615e+00
1.02722e+00,5.30677e+01,1.19390e-01,2.75846e+01,2.76775e-01,5.67911e-01,1.40953e+00,5.78652e+00,2.17074e+00,1.33152e+01,3.10901e-01,9.08944e+01,3.06954e+00,1.03879e+00,6.04476e-01,7.98291e+00,2.64857e+00,2.11841e-01,1.29004e+00,6.07154e+00
1.01448e+00,5.24516e+01,1.18977e-01,2.74146e+01,2.76029e-01,5.68093e-01,1.40835e+00,5.78439e+00,2.17279e+00,1.32830e+01,3.10678e-01,8.98443e+01,3.06795e+00,1.03511e+00,6.10436e-01,7.96798e+00,2.64370e+00,2.11146e-01,1.29110e+00,6.04763e+00
1.00179e+00,5.18474e+01,1.18624e-01,2.72469e+01,2.75150e-01,5.68390e-01,1.40731e+00,5.78253e+00,2.17366e+00,1.32531e+01,3.10364e-01,8.88107e+01,3.06640e+00,1.03081e+00,6.16549e-01,7.95477e+00,2.63883e+00,2.10560e-01,1.29188e+00,6.02434e+00
9.89438e-01,5.12549e+01,1.18309e-01,2.70804e+01,2.74159e-01,5.68921e-01,1.40645e+00,5.78090e+00,2.17306e+00,1.32257e+01,3.09996e-01,8.77918e+01,3.06497e+00,1.02592e+00,6.22817e-01,7.94338e+00,2.63400e+00,2.10041e-01,1.29241e+00,6.00174e+00
9.77491e-01,5.06731e+01,1.18029e-01,2.69141e+01,2.73042e-01,5.69630e-01,1.40574e+00,5.77935e+00,2.17083e+00,1.32010e+01,3.09590e-01,8.67911e+01,3.06355e+00,1.02049e+00,6.29115e-01,7.93368e+00,2.62921e+00,2.09631e-01,1.29264e+00,5.97978e+00
9.66032e-01,5.01022e+01,1.17800e-01,2.67475e+01,2.71886e-01,5.70564e-01,1.40515e+00,5.77791e+00,2.16691e+00,1.31794e+01,3.09179e-01,8.58065e+01,3.06219e+00,1.01463e+00,6.35364e-01,7.92576e+00,2.62448e+00,2.09222e-01,1.29255e+00,5.95835e+00
9.55198e-01,4.95415e+01,1.17602e-01,2.65796e+01,2.70707e-01,5.71709e-01,1.40466e+00,5.77675e+00,2.16127e+00,1.31606e+01,3.08792e-01,8.48393e+01,3.06070e+00,1.00846e+00,6.41367e-01,7.91910e+00,2.61988e+00,2.08825e-01,1.29208e+00,5.93746e+00
9.44952e-01,4.89906e+01,1.17400e-01,2.64105e+01,2.69517e-01,5.73014e-01,1.40426e+00,5.77535e+00,2.15416e+00,1.31449e+01,3.08432e-01,8.38893e+01,3.05920e+00,1.00209e+00,6.46954e-01,7.91345e+00,2.61534e+00,2.08404e-01,1.29143e+00,5.91684e+00
9.35323e-01,4.84490e+01,1.17199e-01,2.62399e+01,2.68355e-01,5.74452e-01,1.40398e+00,5.77396e+00,2.14567e+00,1.31322e+01,3.08108e-01,8.29563e+01,3.05753e+00,9.95713e-01,6.51956e-01,7.90875e+00,2.61082e+00,2.07962e-01,1.29042e+00,5.89652e+00
9.26270e-01,4.79175e+01,1.16985e-01,2.60681e+01,2.67262e-01,5.75922e-01,1.40385e+00,5.77247e+00,2.13596e+00,1.31223e+01,3.07840e-01,8.20429e+01,3.05564e+00,9.89373e-01,6.56175e-01,7.90470e+00,2.60642e+00,2.07510e-01,1.28924e+00,5.87630e+00
9.17808e-01,4.73945e+01,1.16780e-01,2.58950e+01,2.66218e-01,5.77417e-01,1.40384e+00,5.77090e+00,2.12540e+00,1.31155e+01,3.07646e-01,8.11465e+01,3.05333e+00,9.83189e-01,6.59534e-01,7.90089e+00,2.60204e+00,2.07069e-01,1.28796e+00,5.85619e+00
9.09960e-01,4.68809e+01,1.16597e-01,2.57216e+01,2.65216e-01,5.78800e-01,1.40397e+00,5.76910e+00,2.11405e+00,1.31109e+01,3.07511e-01,8.02696e+01,3.05064e+00,9.77252e-01,6.61962e-01,7.89737e+00,2.59776e+00,2.06592e-01,1.28654e+00,5.83615e+00
9.02689e-01,4.63760e+01,1.16406e-01,2.55487e+01,2.64306e-01,5.80024e-01,1.40426e+00,5.76716e+00,2.10225e+00,1.31087e+01,3.07435e-01,7.94104e+01,3.04751e+00,9.71618e-01,6.63420e-01,7.89412e+00,2.59355e+00,2.06055e-01,1.28513e+00,5.81622e+00
8.95970e-01,4.58800e+01,1.16222e-01,2.53767e+01,2.63473e-01,5.81101e-01,1.40471e+00,5.76498e+00,2.09011e+00,1.31079e+01,3.07396e-01,7.85686e+01,3.04379e+00,9.66315e-01,6.63988e-01,7.89104e+00,2.58941e+00,2.05500e-01,1.28384e+00,5.79658e+00
8.89806e-01,4.53924e+01,1.16035e-01,2.52065e+01,2.62671e-01,5.81954e-01,1.40530e+00,5.76245e+00,2.07767e+00,1.31087e+01,3.07375e-01,7.77468e+01,3.03941e+00,9.61423e-01,6.63740e-01,7.88817e+00,2.58531e+00,2.04941e-01,1.28275e+00,5.77717e+00
8.84114e-01,4.49129e+01,1.15847e-01,2.50388e+01,2.61934e-01,5.82581e-01,1.40606e+00,5.75986e+00,2.06517e+00,1.31101e+01,3.07360e-01,7.69414e+01,3.03449e+00,9.56921e-01,6.62790e-01,7.88564e+00,2.58125e+00,2.04388e-01,1.28178e+00,5.75818e+00
8.78933e-01,4.44418e+01,1.15680e-01,2.48742e+01,2.61280e-01,5.82961e-01,1.40706e+00,5.75692e+00,2.05259e+00,1.31118e+01,3.07336e-01,7.61535e+01,3.02889e+00,9.52807e-01,6.61281e-01,7.88351e+00,2.57726e+00,2.03847e-01,1.28096e+00,5.73983e+00
8.74162e-01,4.39781e+01,1.15504e-01,2.47121e+01,2.60653e-01,5.83167e-01,1.40821e+00,5.75380e+00,2.03998e+00,1.31134e+01,3.07286e-01,7.53824e+01,3.02268e+00,9.49074e-01,6.59350e-01,7.88169e+00,2.57334e+00,2.03323e-01,1.28027e+00,5.72218e+00
8.69793e-01,4.35222e+01,1.15325e-01,2.45529e+01,2.60059e-01,5.83142e-01,1.40954e+00,5.75034e+00,2.02736e+00,1.31144e+01,3.07184e-01,7.46276e+01,3.01594e+00,9.45740e-01,6.57122e-01,7.88052e+00,2.56949e+00,2.02809e-01,1.27962e+00,5.70534e+00
8.65793e-01,4.30742e+01,1.15142e-01,2.43956e+01,2.59502e-01,5.82998e-01,1.41113e+00,5.74675e+00,2.01476e+00,1.31144e+01,3.07002e-01,7.38896e+01,3.00873e+00,9.42698e-01,6.54712e-01,7.87997e+00,2.56573e+00,2.02312e-01,1.27896e+00,5.68955e+00
8.62137e-01,4.26330e+01,1.14968e-01,2.42426e+01,2.58971e-01,5.83720e-01,1.41375e+00,5.74263e+00,2.00223e+00,1.31150e+01,3.06756e-01,7.31684e+01,3.00103e+00,9.39929e-01,6.52152e-01,7.88029e+00,2.56206e+00,2.01818e-01,1.27841e+00,5.67490e+00
8.58779e-01,4.21988e+01,1.14799e-01,2.40890e+01,2.58461e-01,5.85665e-01,1.41594e+00,5.74006e+00,1.98974e+00,1.31139e+01,3.06762e-01,7.24618e+01,2.99305e+00,9.37373e-01,6.49602e-01,7.88137e+00,2.55851e+00,2.01326e-01,1.27803e+00,5.66136e+00
8.55727e-01,4.17711e+01,1.14623e-01,2.39372e+01,2.58000e-01,5.88548e-01,1.41875e+00,5.74057e+00,1.97738e+00,1.31126e+01,3.06711e-01,7.17713e+01,2.98484e+00,9.34990e-01,6.47181e-01,7.88334e+00,2.55603e+00,2.00846e-01,1.27771e+00,5.64889e+00
8.52940e-01,4.13512e+01,1.14439e-01,2.37851e+01,2.57549e-01,5.91716e-01,1.42132e+00,5.74228e+00,1.96519e+00,1.31104e+01,3.06693e-01,7.10958e+01,2.97647e+00,9.32726e-01,6.44833e-01,7.88639e+00,2.55346e+00,2.00385e-01,1.27733e+00,5.63780e+00
8.50380e-01,4.09375e+01,1.14259e-01,2.36325e+01,2.57086e-01,5.94677e-01,1.42383e+00,5.74592e+00,1.95325e+00,1.31074e+01,3.06661e-01,7.04345e+01,2.96811e+00,9.30528e-01,6.42450e-01,7.89026e+00,2.55125e+00,1.99946e-01,1.27688e+00,5.62787e+00
8.47992e-01,4.05297e+01,1.14104e-01,2.34804e+01,2.56651e-01,5.97975e-01,1.42642e+00,5.75047e+00,1.94164e+00,1.31034e+01,3.06578e-01,6.97896e+01,2.95977e+00,9.28347e-01,6.40034e-01,7.89523e+00,2.54930e+00,1.99538e-01,1.27645e+00,5.61887e+00
8.45776e-01,4.01282e+01,1.13962e-01,2.33308e+01,2.56257e-01,6.02030e-01,1.42934e+00,5.75476e+00,1.93038e+00,1.30985e+01,3.06421e-01,6.91583e+01,2.95154e+00,9.26177e-01,6.37507e-01,7.90118e+00,2.54785e+00,1.99145e-01,1.27604e+00,5.61104e+00
8.43717e-01,3.97328e+01,1.13807e-01,2.31838e+01,2.55862e-01,6.07225e-01,1.43298e+00,5.75856e+00,1.91943e+00,1.30929e+01,3.06222e-01,6.85404e+01,2.94346e+00,9.24005e-01,6.34790e-01,7.90789e+00,2.54688e+00,1.98750e-01,1.27542e+00,5.60387e+00
8.41759e-01,3.93438e+01,1.13638e-01,2.30403e+01,2.55498e-01,6.14097e-01,1.43775e+00,5.76227e+00,1.90890e+00,1.30865e+01,3.06052e-01,6.79355e+01,2.93559e+00,9.21743e-01,6.31790e-01,7.91558e+00,2.54657e+00,1.98370e-01,1.27432e+00,5.59745e+00
8.39946e-01,3.89614e+01,1.13448e-01,2.29010e+01,2.55156e-01,6.23781e-01,1.44411e+00,5.76581e+00,1.89883e+00,1.30794e+01,3.05968e-01,6.73446e+01,2.92786e+00,9.19531e-01,6.28559e-01,7.92423e+00,2.54682e+00,1.98010e-01,1.27259e+00,5.59153e+00
8.38229e-01,3.85851e+01,1.13259e-01,2.27675e+01,2.54845e-01,6.38241e-01,1.45200e+00,5.76883e+00,1.88925e+00,1.30716e+01,3.06008e-01,6.67659e+01,2.92033e+00,9.17230e-01,6.25134e-01,7.93335e+00,2.54764e+00,1.97651e-01,1.27006e+00,5.58606e+00
8.36572e-01,3.82152e+01,1.13090e-01,2.26389e+01,2.54537e-01,6.58952e-01,1.46105e+00,5.77132e+00,1.88022e+00,1.30635e+01,3.06160e-01,6.61985e+01,2.91296e+00,9.14928e-01,6.21535e-01,7.94309e+00,2.54907e+00,1.97302e-01,1.26672e+00,5.58069e+00
8.35000e-01,3.78518e+01,1.12921e-01,2.25118e+01,2.54253e-01,6.85348e-01,1.47037e+00,5.77397e+00,1.87165e+00,1.30551e+01,3.06372e-01,6.56443e+01,2.90579e+00,9.12618e-01,6.17808e-01,7.95327e+00,2.55122e+00,1.96974e-01,1.26257e+00,5.57534e+00
8.33525e-01,3.74952e+01,1.12757e-01,2.23829e+01,2.53987e-01,7.15214e-01,1.47887e+00,5.77741e+00,1.86362e+00,1.30464e+01,3.06643e-01,6.50994e+01,2.89879e+00,9.10307e-01,6.13966e-01,7.96339e+00,2.55408e+00,1.96646e-01,1.25767e+00,5.56983e+00
8.32078e-01,3.71451e+01,1.12587e-01,2.22501e+01,2.53711e-01,7.46969e-01,1.48543e+00,5.78224e+00,1.85606e+00,1.30376e+01,3.06942e-01,6.45643e+01,2.89188e+00,9.07985e-01,6.10050e-01,7.97351e+00,2.55766e+00,1.96316e-01,1.25218e+00,5.56410e+00
8.30650e-01,3.68018e+01,1.12426e-01,2.21145e+01,2.53438e-01,7.80314e-01,1.48926e+00,5.78916e+00,1.84900e+00,1.30286e+01,3.07261e-01,6.40401e+01,2.88509e+00,9.05691e-01,6.06157e-01,7.98327e+00,2.56190e+00,1.95988e-01,1.24626e+00,5.55807e+00
8.29288e-01,3.64655e+01,1.12270e-01,2.19797e+01,2.53168e-01,8.12953e-01,1.49035e+00,5.79867e+00,1.84240e+00,1.30195e+01,3.07607e-01,6.35248e+01,2.87844e+00,9.03424e-01,6.02325e-01,7.99244e+00,2.56667e+00,1.95660e-01,1.24004e+00,5.55156e+00
8.27978e-01,3.61360e+01,1.12119e-01,2.18486e+01,2.52875e-01,8.39873e-01,1.48930e+00,5.81021e+00,1.83622e+00,1.30102e+01,3.07969e-01,6.30183e+01,2.87180e+00,9.01180e-01,5.98611e-01,8.00078e+00,2.57177e+00,1.95341e-01,1.23372e+00,5.54460e+00
8.26666e-01,3.58136e+01,1.11957e-01,2.17244e+01,2.52561e-01,8.56878e-01,1.48680e+00,5.82398e+00,1.83049e+00,1.30008e+01,3.08358e-01,6.25198e+01,2.86526e+00,8.98929e-01,5.95120e-01,8.00826e+00,2.57716e+00,1.95033e-01,1.22728e+00,5.53715e+00
8.25409e-01,3.54984e+01,1.11772e-01,2.16091e+01,2.52252e-01,8.63817e-01,1.48388e+00,5.83904e+00,1.82512e+00,1.29911e+01,3.08776e-01,6.20296e+01,2.85880e+00,8.96804e-01,5.91967e-01,8.01431e+00,2.58273e+00,1.94740e-01,1.22083e+00,5.52908e+00
8.24166e-01,3.51904e+01,1.11593e-01,2.15037e+01,2.51901e-01,8.63922e-01,1.48138e+00,5.85438e+00,1.82022e+00,1.29813e+01,3.09230e-01,6.15480e+01,2.85230e+00,8.94717e-01,5.89269e-01,8.01911e+00,2.58843e+00,1.94448e-01,1.21441e+00,5.52024e+00
8.22943e-01,3.48899e+01,1.11442e-01,2.14085e+01,2.51506e-01,8.61459e-01,1.47977e+00,5.86940e+00,1.81558e+00,1.29713e+01,3.09718e-01,6.10726e+01,2.84581e+00,8.92687e-01,5.87168e-01,8.02224e+00,2.59427e+00,1.94147e-01,1.20811e+00,5.51092e+00
8.21760e-01,3.45969e+01,1.11282e-01,2.13224e+01,2.51122e-01,8.60025e-01,1.47933e+00,5.88308e+00,1.81126e+00,1.29609e+01,3.10251e-01,6.06057e+01,2.83931e+00,8.90724e-01,5.85779e-01,8.02366e+00,2.60027e+00,1.93852e-01,1.20190e+00,5.50127e+00
8.20531e-01,3.43115e+01,1.11113e-01,2.12438e+01,2.50725e-01,8.61799e-01,1.48024e+00,5.89459e+00,1.80717e+00,1.29502e+01,3.10818e-01,6.01456e+01,2.83285e+00,8.88820e-01,5.85191e-01,8.02327e+00,2.60648e+00,1.93565e-01,1.19580e+00,5.49110e+00
8.19395e-01,3.40342e+01,1.10951e-01,2.11706e+01,2.50291e-01,8.67407e-01,1.48238e+00,5.90368e+00,1.80338e+00,1.29392e+01,3.11389e-01,5.96910e+01,2.82643e+00,8.86988e-01,5.85466e-01,8.02091e+00,2.61292e+00,1.93281e-01,1.18984e+00,5.48036e+00
8.18276e-01,3.37648e+01,1.10813e-01,2.11007e+01,2.49866e-01,8.76406e-01,1.48552e+00,5.90992e+00,1.79982e+00,1.29278e+01,3.11933e-01,5.92437e+01,2.81997e+00,8.85205e-01,5.86592e-01,8.01673e+00,2.61954e+00,1.92991e-01,1.18405e+00,5.46924e+00
8.17130e-01,3.35034e+01,1.10715e-01,2.10325e+01,2.49442e-01,8.87353e-01,1.48949e+00,5.91335e+00,1.79642e+00,1.29160e+01,3.12440e-01,5.88027e+01,2.81361e+00,8.83480e-01,5.88492e-01,8.01034e+00,2.62644e+00,1.92697e-01,1.17849e+00,5.45783e+00
8.16004e-01,3.32495e+01,1.10625e-01,2.09644e+01,2.49027e-01,8.98441e-01,1.49400e+00,5.91457e+00,1.79313e+00,1.29038e+01,3.12911e-01,5.83672e+01,2.80723e+00,8.81797e-01,5.91001e-01,8.00224e+00,2.63352e+00,1.92408e-01,1.17313e+00,5.44628e+00
8.14894e-01,3.30036e+01,1.10528e-01,2.08957e+01,2.48640e-01,9.07942e-01,1.49887e+00,5.91347e+00,1.78992e+00,1.28914e+01,3.13361e-01,5.79374e+01,2.80093e+00,8.80137e-01,5.94006e-01,7.99200e+00,2.64069e+00,1.92124e-01,1.16797e+00,5.43451e+00
8.13786e-01,3.27655e+01,1.10431e-01,2.08260e+01,2.48261e-01,9.14352e-01,1.50398e+00,5.91063e+00,1.78680e+00,1.28787e+01,3.13786e-01,5.75133e+01,2.79467e+00,8.78536e-01,5.97302e-01,7.98018e+00,2.64786e+00,1.91843e-01,1.16297e+00,5.42268e+00
8.12674e-01,3.25348e+01,1.10331e-01,2.07555e+01,2.47867e-01,9.16842e-01,1.50934e+00,5.90630e+00,1.78374e+00,1.28658e+01,3.14188e-01,5.70957e+01,2.78842e+00,8.76977e-01,6.00766e-01,7.96660e+00,2.65476e+00,1.91560e-01,1.15813e+00,5.41095e+00
8.11575e-01,3.23108e+01,1.14819e-01,2.06845e+01,2.54674e-01,9.15044e-01,1.51499e+00,5.90094e+00,1.78615e+00,1.28566e+01,3.14550e-01,5.66846e+01,2.78226e+00,8.75503e-01,6.04176e-01,7.95126e+00,2.66222e+00,1.99312e-01,1.15354e+00,5.39940e+00
8.15297e-01,3.20988e+01,1.21518e-01,2.06247e+01,2.72842e-01,9.09196e-01,1.52517e+00,5.90174e+00,1.79270e+00,1.28483e+01,3.14859e-01,5.62791e+01,2.78176e+00,8.82334e-01,6.07416e-01,7.93854e+00,2.67865e+00,2.04552e-01,1.15941e+00,5.39417e+00
8.21840e-01,3.18884e+01,1.31041e-01,2.05731e+01,2.97060e-01,8.99966e-01,1.53599e+00,5.90528e+00,1.79948e+00,1.28425e+01,3.15132e-01,5.58797e+01,2.78235e+00,8.89555e-01,6.10389e-01,7.92831e+00,2.69568e+00,2.08996e-01,1.16612e+00,5.39433e+00
8.26633e-01,3.16882e+01,1.40621e-01,2.05256e+01,3.30051e-01,8.88071e-01,1.54915e+00,5.90458e+00,1.80648e+00,1.28402e+01,3.15387e-01,5.54876e+01,2.78375e+00,8.95645e-01,6.12972e-01,7.91713e+00,2.71187e+00,2.15183e-01,1.17663e+00,5.39266e+00
8.29390e-01,3.14951e+01,1.49121e-01,2.04739e+01,3.66081e-01,8.74780e-01,1.56467e+00,5.90128e+00,1.81334e+00,1.28378e+01,3.15639e-01,5.50994e+01,2.78748e+00,9.02666e-01,6.15152e-01,7.90569e+00,2.72439e+00,2.22724e-01,1.18867e+00,5.39315e+00
8.33183e-01,3.13063e+01,1.56430e-01,2.04220e+01,4.05396e-01,8.60169e-01,1.58155e+00,5.89631e+00,1.81940e+00,1.28363e+01,3.15891e-01,5.47176e+01,2.78923e+00,9.10611e-01,6.16838e-01,7.89680e+00,2.73343e+00,2.30114e-01,1.20134e+00,5.39512e+00
8.39656e-01,3.11235e+01,1.63143e-01,2.03733e+01,4.48753e-01,8.45076e-01,1.60033e+00,5.88877e+00,1.82495e+00,1.28354e+01,3.16143e-01,5.43419e+01,2.78740e+00,9.18674e-01,6.18043e-01,7.88822e+00,2.73975e+00,2.36630e-01,1.21497e+00,5.39606e+00
8.48644e-01,3.09456e+01,1.69316e-01,2.03278e+01,4.89362e-01,8.29845e-01,1.62022e+00,5.87852e+00,1.83060e+00,1.28356e+01,3.16379e-01,5.39724e+01,2.78445e+00,9.26149e-01,6.18748e-01,7.87850e+00,2.74321e+00,2.42316e-01,1.22884e+00,5.39548e+00
8.59822e-01,3.07723e+01,1.74448e-01,2.02857e+01,5.20366e-01,8.15011e-01,1.64048e+00,5.86687e+00,1.83705e+00,1.28362e+01,3.16599e-01,5.36086e+01,2.78263e+00,9.32933e-01,6.19025e-01,7.86699e+00,2.74412e+00,2.47426e-01,1.24239e+00,5.39360e+00
8.72652e-01,3.06027e+01,1.77923e-01,2.02471e+01,5.42860e-01,8.00989e-01,1.66091e+00,5.85427e+00,1.84461e+00,1.28375e+01,3.16791e-01,5.32527e+01,2.78305e+00,9.39817e-01,6.18913e-01,7.85419e+00,2.74297e+00,2.52125e-01,1.25555e+00,5.39168e+00
8.86636e-01,3.04358e+01,1.79107e-01,2.02116e+01,5.63395e-01,7.88032e-01,1.68020e+00,5.84070e+00,1.85357e+00,1.28391e+01,3.16936e-01,5.29016e+01,2.78599e+00,9.47656e-01,6.18546e-01,7.83968e+00,2.74000e+00,2.56392e-01,1.26838e+00,5.39033e+00
9.01178e-01,3.02716e+01,1.78025e-01,2.01780e+01,5.86561e-01,7.76237e-01,1.69659e+00,5.82652e+00,1.86392e+00,1.28415e+01,3.17013e-01,5.25557e+01,2.79147e+00,9.56391e-01,6.17941e-01,7.82431e+00,2.73587e+00,2.60028e-01,1.28073e+00,5.38957e+00
9.16177e-01,3.01101e+01,1.74869e-01,2.01449e+01,6.10703e-01,7.65574e-01,1.70867e+00,5.81172e+00,1.87586e+00,1.28449e+01,3.17015e-01,5.22171e+01,2.79926e+00,9.65287e-01,6.17262e-01,7.80945e+00,2.73159e+00,2.62643e-01,1.29241e+00,5.38941e+00
9.31446e-01,2.99511e+01,1.70315e-01,2.01100e+01,6.29674e-01,7.56080e-01,1.71550e+00,5.79679e+00,1.88927e+00,1.28495e+01,3.16935e-01,5.18836e+01,2.80905e+00,9.73466e-01,6.16525e-01,7.79658e+00,2.72737e+00,2.63883e-01,1.30330e+00,5.38969e+00
9.47095e-01,2.97947e+01,1.64914e-01,2.00717e+01,6.37717e-01,7.47747e-01,1.71700e+00,5.78202e+00,1.90377e+00,1.28556e+01,3.16750e-01,5.15556e+01,2.82020e+00,9.80469e-01,6.15866e-01,7.78623e+00,2.72306e+00,2.63591e-01,1.31354e+00,5.39031e+00
9.63095e-01,2.96413e+01,1.59264e-01,2.00284e+01,6.32751e-01,7.40510e-01,1.71367e+00,5.76761e+00,1.91900e+00,1.28632e+01,3.16467e-01,5.12348e+01,2.83207e+00,9.86164e-01,6.15310e-01,7.77812e+00,2.71843e+00,2.61769e-01,1.32325e+00,5.39145e+00
9.79057e-01,2.94908e+01,1.53775e-01,1.99811e+01,6.16803e-01,7.34244e-01,1.70611e+00,5.75386e+00,1.93430e+00,1.28724e+01,3.16072e-01,5.09204e+01,2.84389e+00,9.90851e-01,6.14833e-01,7.77070e+00,2.71318e+00,2.58739e-01,1.33257e+00,5.39328e+00
9.94370e-01,2.93435e+01,1.48681e-01,1.99308e+01,5.93651e-01,7.28838e-01,1.69511e+00,5.74107e+00,1.94915e+00,1.28830e+01,3.15560e-01,5.06136e+01,2.85499e+00,9.94810e-01,6.14439e-01,7.76250e+00,2.70732e+00,2.54904e-01,1.34151e+00,5.39617e+00
1.00819e+00,2.91995e+01,1.44116e-01,1.98789e+01,5.67097e-01,7.24245e-01,1.68158e+00,5.72899e+00,1.96309e+00,1.28950e+01,3.14929e-01,5.03139e+01,2.86482e+00,9.98436e-01,6.14081e-01,7.75264e+00,2.70120e+00,2.50771e-01,1.34995e+00,5.40000e+00
1.01981e+00,2.90583e+01,1.40200e-01,1.98284e+01,5.39854e-01,7.20300e-01,1.66636e+00,5.71822e+00,1.97578e+00,1.29083e+01,3.14179e-01,5.00233e+01,2.87303e+00,1.00187e+00,6.13689e-01,7.74130e+00,2.69538e+00,2.46891e-01,1.35776e+00,5.40460e+00
1.02865e+00,2.89193e+01,1.36857e-01,1.97813e+01,5.13699e-01,7.16875e-01,1.65020e+00,5.70830e+00,1.98706e+00,1.29224e+01,3.13321e-01,4.97406e+01,2.87951e+00,1.00518e+00,6.13179e-01,7.72908e+00,2.69031e+00,2.43774e-01,1.36485e+00,5.40967e+00
1.03875e+00,2.87820e+01,1.34120e-01,1.97384e+01,4.89269e-01,7.13853e-01,1.63362e+00,5.69947e+00,1.99688e+00,1.29372e+01,3.12337e-01,4.94666e+01,2.88415e+00,1.00832e+00,6.12487e-01,7.71659e+00,2.68602e+00,2.41925e-01,1.37114e+00,5.41465e+00
1.04856e+00,2.86459e+01,1.31886e-01,1.97007e+01,4.66711e-01,7.11181e-01,1.61719e+00,5.69161e+00,2.00748e+00,1.29524e+01,3.11268e-01,4.92015e+01,2.88784e+00,1.01109e+00,6.11539e-01,7.70440e+00,2.68239e+00,2.41877e-01,1.37661e+00,5.42037e+00
1.05545e+00,2.85103e+01,1.32489e-01,1.96684e+01,4.49553e-01,7.08693e-01,1.60120e+00,5.68476e+00,2.02230e+00,1.29690e+01,3.10131e-01,4.89471e+01,2.88946e+00,1.01422e+00,6.10279e-01,7.69267e+00,2.68287e+00,2.45481e-01,1.38146e+00,5.42548e+00
1.06065e+00,2.84265e+01,1.36224e-01,1.96409e+01,4.39508e-01,7.07472e-01,1.58601e+00,5.68026e+00,2.04448e+00,1.29881e+01,3.08933e-01,4.87116e+01,2.88996e+00,1.01757e+00,6.08639e-01,7.68144e+00,2.68681e+00,2.60606e-01,1.38753e+00,5.42997e+00
1.06969e+00,2.83648e+01,1.42304e-01,1.96436e+01,4.34040e-01,7.13980e-01,1.57999e+00,5.69663e+00,2.07079e+00,1.30082e+01,3.15605e-01,4.84806e+01,2.88985e+00,1.02096e+00,6.10564e-01,7.67089e+00,2.69372e+00,2.72429e-01,1.39338e+00,5.43543e+00
1.08215e+00,2.82060e+01,1.49247e-01,1.96853e+01,4.31288e-01,7.17056e-01,1.58488e+00,5.71368e+00,2.09932e+00,1.30319e+01,3.26408e-01,4.82621e+01,2.89029e+00,1.02347e+00,6.09989e-01,7.66267e+00,2.70249e+00,2.89137e-01,1.39827e+00,5.44223e+00
1.09582e+00,2.80598e+01,1.55280e-01,1.97551e+01,4.30747e-01,7.29460e-01,1.62325e+00,5.71545e+00,2.12763e+00,1.30597e+01,3.39287e-01,4.80547e+01,2.89028e+00,1.02574e+00,6.12357e-01,7.65663e+00,2.71295e+00,3.11401e-01,1.40264e+00,5.45220e+00
1.11037e+00,2.79308e+01,1.59825e-01,1.97957e+01,4.33002e-01,7.34040e-01,1.70444e+00,5.71624e+00,2.15416e+00,1.30913e+01,3.48656e-01,4.78587e+01,2.89078e+00,1.02806e+00,6.54417e-01,7.65245e+00,2.72544e+00,3.35983e-01,1.41056e+00,5.46186e+00
1.12508e+00,2.78073e+01,1.63380e-01,1.98156e+01,4.38229e-01,7.40886e-01,1.80561e+00,5.71612e+00,2.17976e+00,1.31272e+01,3.54387e-01,4.76778e+01,2.89193e+00,1.03016e+00,7.27544e-01,7.65078e+00,2.73949e+00,3.62693e-01,1.42182e+00,5.47234e+00
1.13896e+00,2.76860e+01,1.66472e-01,1.98236e+01,4.45399e-01,7.46425e-01,1.90434e+00,5.71497e+00,2.20687e+00,1.31664e+01,3.57473e-01,4.75153e+01,2.89404e+00,1.03203e+00,7.87169e-01,7.65111e+00,2.75447e+00,3.83879e-01,1.43425e+00,5.48418e+00
1.15142e+00,2.75664e+01,1.69078e-01,1.98339e+01,4.51533e-01,7.50927e-01,2.00124e+00,5.71653e+00,2.23761e+00,1.32070e+01,3.58274e-01,4.73715e+01,2.89781e+00,1.03366e+00,8.24528e-01,7.65465e+00,2.77106e+00,4.00708e-01,1.44634e+00,5.49831e+00
1.16261e+00,2.74465e+01,1.70814e-01,1.98548e+01,4.55678e-01,7.56177e-01,2.08406e+00,5.72164e+00,2.27210e+00,1.32479e+01,3.57362e-01,4.72486e+01,2.90297e+00,1.03533e+00,8.46016e-01,7.66136e+00,2.79207e+00,4.12777e-01,1.45809e+00,5.51480e+00
1.17326e+00,2.73245e+01,1.71198e-01,1.98846e+01,4.58745e-01,7.64542e-01,2.12975e+00,5.72973e+00,2.30967e+00,1.32885e+01,3.55359e-01,4.71444e+01,2.90949e+00,1.03744e+00,8.52266e-01,7.67136e+00,2.82208e+00,4.19797e-01,1.46932e+00,5.53339e+00
1.18425e+00,2.71999e+01,1.70124e-01,1.99183e+01,4.62992e-01,7.79636e-01,2.13185e+00,5.73983e+00,2.34944e+00,1.33292e+01,3.52982e-01,4.70564e+01,2.91764e+00,1.04030e+00,8.45607e-01,7.68395e+00,2.86448e+00,4.21294e-01,1.48016e+00,5.55474e+00
1.19733e+00,2.70731e+01,1.67616e-01,1.99526e+01,4.69842e-01,8.05396e-01,2.10375e+00,5.75200e+00,2.38983e+00,1.33699e+01,3.50619e-01,4.69829e+01,2.92742e+00,1.04413e+00,8.32725e-01,7.69893e+00,2.91987e+00,4.19575e-01,1.49059e+00,5.57821e+00
1.20963e+00,2.69446e+01,1.64068e-01,1.99849e+01,4.78795e-01,8.41650e-01,2.06298e+00,5.76562e+00,2.42998e+00,1.34101e+01,3.48348e-01,4.69195e+01,2.93836e+00,1.04893e+00,8.20254e-01,7.71525e+00,2.98755e+00,4.11763e-01,1.50083e+00,5.60301e+00
1.22002e+00,2.68160e+01,1.59783e-01,2.00139e+01,4.88054e-01,8.80926e-01,2.01999e+00,5.78093e+00,2.46961e+00,1.34493e+01,3.45984e-01,4.68647e+01,2.95020e+00,1.05472e+00,8.11392e-01,7.73286e+00,3.06842e+00,4.01136e-01,1.51089e+00,5.62832e+00
1.22787e+00,2.66880e+01,1.55158e-01,2.00393e+01,4.95104e-01,9.12531e-01,1.97835e+00,5.79720e+00,2.50819e+00,1.34867e+01,3.43327e-01,4.68197e+01,2.96236e+00,1.06138e+00,8.06114e-01,7.75108e+00,3.16487e+00,3.88569e-01,1.52035e+00,5.65284e+00
1.23264e+00,2.65613e+01,1.50511e-01,2.00618e+01,4.98104e-01,9.29564e-01,1.93905e+00,5.81460e+00,2.54482e+00,1.35209e+01,3.40287e-01,4.67863e+01,2.97425e+00,1.06936e+00,8.02918e-01,7.76956e+00,3.27863e+00,3.74857e-01,1.52920e+00,5.67654e+00
1.23436e+00,2.64368e+01,1.46054e-01,2.00828e+01,4.96531e-01,9.31179e-01,1.90439e+00,5.83335e+00,2.57821e+00,1.35509e+01,3.36865e-01,4.67720e+01,2.98541e+00,1.07779e+00,8.00456e-01,7.78748e+00,3.40728e+00,3.60741e-01,1.53785e+00,5.69885e+00
1.23319e+00,2.63150e+01,1.41967e-01,2.01028e+01,4.90730e-01,9.20684e-01,1.88128e+00,5.85570e+00,2.60744e+00,1.35760e+01,3.33195e-01,4.67805e+01,2.99542e+00,1.08717e+00,7.98084e-01,7.80518e+00,3.54466e+00,3.46879e-01,1.54647e+00,5.71839e+00
1.22989e+00,2.61968e+01,1.38338e-01,2.01221e+01,4.84148e-01,9.02385e-01,1.87536e+00,5.90103e+00,2.63227e+00,1.35959e+01,3.29444e-01,4.68124e+01,3.00386e+00,1.09724e+00,8.02471e-01,7.82080e+00,3.68385e+00,3.34349e-01,1.55538e+00,5.73530e+00
1.22526e+00,2.60828e+01,1.35215e-01,2.01431e+01,4.78752e-01,8.80441e-01,1.89469e+00,5.94854e+00,2.65347e+00,1.36107e+01,3.37529e-01,4.68640e+01,3.01040e+00,1.10722e+00,8.10256e-01,7.83469e+00,3.81857e+00,3.22685e-01,1.57787e+00,5.74993e+00
1.21974e+00,2.59739e+01,1.32578e-01,2.01640e+01,4.79300e-01,8.56816e-01,1.95775e+00,5.97672e+00,2.67230e+00,1.36205e+01,4.04998e-01,4.69216e+01,3.01500e+00,1.11646e+00,8.48286e-01,7.84662e+00,3.94379e+00,3.12517e-01,1.60756e+00,5.76290e+00
1.21343e+00,2.58708e+01,1.30405e-01,2.01868e+01,5.26248e-01,8.33589e-01,2.08184e+00,6.00135e+00,2.69008e+00,1.36258e+01,5.50639e-01,4.69714e+01,3.01766e+00,1.12426e+00,8.79699e-01,7.85528e+00,4.05421e+00,3.04338e-01,1.64076e+00,5.77406e+00
1.20629e+00,2.57739e+01,1.28571e-01,2.02086e+01,7.48933e-01,8.11563e-01,2.22458e+00,6.02666e+00,2.70775e+00,1.36274e+01,6.78575e-01,4.70001e+01,3.01859e+00,1.13013e+00,9.00687e-01,7.86147e+00,4.14516e+00,2.98390e-01,1.67222e+00,5.78365e+00
1.19811e+00,2.56834e+01,1.27009e-01,2.02290e+01,1.16763e+00,7.91135e-01,2.33811e+00,6.05212e+00,2.72550e+00,1.36253e+01,7.55810e-01,4.69989e+01,3.01804e+00,1.13375e+00,9.18422e-01,7.86499e+00,4.21367e+00,2.94800e-01,1.70227e+00,5.79149e+00
1.18887e+00,2.55992e+01,1.25680e-01,2.02474e+01,1.57736e+00,7.72714e-01,2.41185e+00,6.07782e+00,2.74291e+00,1.36199e+01,7.84463e-01,4.69626e+01,3.01644e+00,1.13511e+00,9.26189e-01,7.86719e+00,4.25945e+00,2.93694e-01,1.73052e+00,5.79836e+00
1.17870e+00,2.55216e+01,1.24448e-01,2.02652e+01,1.72720e+00,7.56798e-01,2.44962e+00,6.10350e+00,2.75926e+00,1.36112e+01,7.65440e-01,4.68938e+01,3.01431e+00,1.13441e+00,9.21210e-01,7.86906e+00,4.28571e+00,2.95139e-01,1.75658e+00,5.80465e+00
1.16789e+00,2.54500e+01,1.23354e-01,2.02880e+01,1.62823e+00,7.44044e-01,2.46217e+00,6.12902e+00,2.77380e+00,1.35992e+01,7.16578e-01,4.67943e+01,3.01235e+00,1.13205e+00,9.06361e-01,7.87324e+00,4.29713e+00,2.99167e-01,1.78109e+00,5.81043e+00
1.15669e+00,2.53841e+01,1.22323e-01,2.03239e+01,1.42596e+00,7.35356e-01,2.46278e+00,6.15474e+00,2.78597e+00,1.35841e+01,6.59809e-01,4.66705e+01,3.01126e+00,1.12847e+00,8.86307e-01,7.88243e+00,4.29909e+00,3.05590e-01,1.80394e+00,5.81576e+00
1.14544e+00,2.53235e+01,1.21357e-01,2.03822e+01,1.21654e+00,7.31715e-01,2.46204e+00,6.18012e+00,2.79554e+00,1.35654e+01,6.08080e-01,4.65285e+01,3.01170e+00,1.12408e+00,8.64367e-01,7.90026e+00,4.29648e+00,3.13878e-01,1.82532e+00,5.82062e+00
1.13416e+00,2.52674e+01,1.20461e-01,2.04700e+01,1.03577e+00,7.33542e-01,2.46713e+00,6.20575e+00,2.80260e+00,1.35438e+01,5.64991e-01,4.63714e+01,3.01450e+00,1.11937e+00,8.42559e-01,7.93143e+00,4.29260e+00,3.23098e-01,1.84463e+00,5.82470e+00
1.12293e+00,2.52153e+01,1.19589e-01,2.05862e+01,8.89573e-01,7.39714e-01,2.48117e+00,6.23234e+00,2.80763e+00,1.35190e+01,5.29468e-01,4.62047e+01,3.02029e+00,1.11479e+00,8.21586e-01,7.98116e+00,4.28874e+00,3.32155e-01,1.86198e+00,5.82740e+00
1.11157e+00,2.51664e+01,1.18777e-01,2.07225e+01,7.73569e-01,7.47615e-01,2.50352e+00,6.26018e+00,2.81126e+00,1.34918e+01,4.99260e-01,4.60304e+01,3.02974e+00,1.11065e+00,8.01657e-01,8.05576e+00,4.28432e+00,3.39977e-01,1.87655e+00,5.82826e+00
1.10008e+00,2.51197e+01,1.18009e-01,2.08646e+01,6.81259e-01,7.54374e-01,2.53008e+00,6.29022e+00,2.81400e+00,1.34628e+01,4.72673e-01,4.58518e+01,3.04319e+00,1.10718e+00,7.82872e-01,8.16174e+00,4.27742e+00,3.45830e-01,1.88843e+00,5.82725e+00
1.08834e+00,2.50744e+01,1.17295e-01,2.09998e+01,6.07061e-01,7.58209e-01,2.55443e+00,6.32301e+00,2.81609e+00,1.34326e+01,4.48798e-01,4.56698e+01,3.06084e+00,1.10458e+00,7.65420e-01,8.30580e+00,4.26538e+00,3.49412e-01,1.89766e+00,5.82364e+00
1.07640e+00,2.50298e+01,1.16627e-01,2.11202e+01,5.46718e-01,7.58791e-01,2.57063e+00,6.35950e+00,2.81761e+00,1.34021e+01,4.27339e-01,4.54859e+01,3.08250e+00,1.10287e+00,7.49553e-01,8.49113e+00,4.24519e+00,3.50948e-01,1.90426e+00,5.81732e+00
1.06441e+00,2.49849e+01,1.16017e-01,2.12240e+01,4.97092e-01,7.56821e-01,2.57406e+00,6.39989e+00,2.81832e+00,1.33720e+01,4.08168e-01,4.53016e+01,3.10762e+00,1.10211e+00,7.35355e-01,8.71532e+00,4.21458e+00,3.51308e-01,1.90869e+00,5.80780e+00
1.05249e+00,2.49396e+01,1.15438e-01,2.13135e+01,4.56068e-01,7.53293e-01,2.56333e+00,6.44414e+00,2.81778e+00,1.33432e+01,3.91333e-01,4.51171e+01,3.13551e+00,1.10224e+00,7.22975e-01,8.96925e+00,4.17235e+00,3.51920e-01,1.91127e+00,5.79572e+00
1.04080e+00,2.48936e+01,1.14898e-01,2.13907e+01,4.21931e-01,7.49214e-01,2.53960e+00,6.49238e+00,2.81533e+00,1.33162e+01,3.76799e-01,4.49327e+01,3.16519e+00,1.10310e+00,7.12311e-01,9.23976e+00,4.11841e+00,3.54888e-01,1.91230e+00,5.78066e+00
1.02948e+00,2.48471e+01,1.14391e-01,2.14564e+01,3.93548e-01,7.45333e-01,2.50610e+00,6.54456e+00,2.81058e+00,1.32914e+01,3.64357e-01,4.47490e+01,3.19546e+00,1.10445e+00,7.03128e-01,9.51578e+00,4.05400e+00,3.62523e-01,1.91216e+00,5.76318e+00
1.01853e+00,2.48005e+01,1.13911e-01,2.15105e+01,3.69907e-01,7.42247e-01,2.46723e+00,6.60030e+00,2.80304e+00,1.32694e+01,3.53927e-01,4.45659e+01,3.22514e+00,1.10605e+00,6.95356e-01,9.79356e+00,3.98106e+00,3.76711e-01,1.91128e+00,5.74354e+00
1.00806e+00,2.47548e+01,1.13486e-01,2.15523e+01,3.50199e-01,7.40394e-01,2.42723e+00,6.65881e+00,2.79237e+00,1.32503e+01,3.45338e-01,4.43834e+01,3.25329e+00,1.10757e+00,6.88838e-01,1.00779e+01,3.90204e+00,3.97670e-01,1.91039e+00,5.72190e+00
9.98101e-01,2.47106e+01,1.13153e-01,2.15820e+01,3.33871e-01,7.40181e-01,2.39017e+00,6.71969e+00,2.77851e+00,1.32344e+01,3.38392e-01,4.42014e+01,3.27894e+00,1.10875e+00,6.83449e-01,1.03744e+01,3.81957e+00,4.23036e-01,1.90954e+00,5.69876e+00
9.88650e-01,2.46692e+01,1.12852e-01,2.16023e+01,3.20286e-01,7.41976e-01,2.35911e+00,6.78195e+00,2.76151e+00,1.32215e+01,3.32962e-01,4.40216e+01,3.30137e+00,1.10934e+00,6.79052e-01,1.06788e+01,3.73631e+00,4.48448e-01,1.90936e+00,5.67440e+00
9.79628e-01,2.46316e+01,1.12575e-01,2.16152e+01,3.09017e-01,7.46114e-01,2.33644e+00,6.84506e+00,2.74152e+00,1.32117e+01,3.28967e-01,4.38418e+01,3.32017e+00,1.10909e+00,6.75536e-01,1.09738e+01,3.65446e+00,4.69405e-01,1.91008e+00,5.64904e+00
9.71005e-01,2.45991e+01,1.12307e-01,2.16236e+01,2.99675e-01,7.52838e-01,2.32347e+00,6.90769e+00,2.71874e+00,1.32051e+01,3.26387e-01,4.36627e+01,3.33501e+00,1.10784e+00,6.72793e-01,1.12347e+01,3.57577e+00,4.82836e-01,1.91187e+00,5.62260e+00
9.62808e-01,2.45724e+01,1.12080e-01,2.16301e+01,2.91954e-01,7.62209e-01,2.32016e+00,6.96845e+00,2.69377e+00,1.32017e+01,3.25300e-01,4.34842e+01,3.34557e+00,1.10545e+00,6.70662e-01,1.14378e+01,3.50168e+00,4.87808e-01,1.91485e+00,5.59562e+00
9.54994e-01,2.45524e+01,1.11879e-01,2.16359e+01,2.85530e-01,7.74060e-01,2.32586e+00,7.02648e+00,2.66691e+00,1.32012e+01,3.25697e-01,4.33071e+01,3.35196e+00,1.10191e+00,6.69103e-01,1.15685e+01,3.43321e+00,4.85040e-01,1.91892e+00,5.56853e+00
9.47527e-01,2.45394e+01,1.11682e-01,2.16412e+01,2.80243e-01,7.87844e-01,2.33885e+00,7.08059e+00,2.63858e+00,1.32041e+01,3.27794e-01,4.31313e+01,3.35415e+00,1.09724e+00,6.67985e-01,1.16241e+01,3.37099e+00,4.76066e-01,1.92388e+00,5.54151e+00
9.40377e-01,2.45331e+01,1.11497e-01,2.16455e+01,2.75852e-01,8.02797e-01,2.35707e+00,7.12957e+00,2.60938e+00,1.32099e+01,3.31703e-01,4.29573e+01,3.35225e+00,1.09145e+00,6.67335e-01,1.16111e+01,3.31528e+00,4.62629e-01,1.92930e+00,5.51494e+00
9.33514e-01,2.45331e+01,1.11315e-01,2.16482e+01,2.72170e-01,8.17843e-01,2.37865e+00,7.17233e+00,2.57955e+00,1.32192e+01,3.37599e-01,4.27861e+01,3.34642e+00,1.08465e+00,6.67155e-01,1.15408e+01,3.26601e+00,4.46310e-01,1.93480e+00,5.48908e+00
9.26848e-01,2.45382e+01,1.11137e-01,2.16488e+01,2.69161e-01,8.31998e-01,2.40190e+00,7.20847e+00,2.54954e+00,1.32318e+01,3.45597e-01,4.26179e+01,3.33696e+00,1.07695e+00,6.67621e-01,1.14282e+01,3.22290e+00,4.28365e-01,1.93987e+00,5.46422e+00
9.20388e-01,2.45469e+01,1.11001e-01,2.16473e+01,2.66651e-01,8.44298e-01,2.42563e+00,7.23714e+00,2.51976e+00,1.32483e+01,3.55654e-01,4.24526e+01,3.32418e+00,1.06843e+00,6.68908e-01,1.12883e+01,3.18549e+00,4.09725e-01,1.94387e+00,5.44065e+00
9.14090e-01,2.45572e+01,1.10861e-01,2.16442e+01,2.64548e-01,8.54084e-01,2.44863e+00,7.25877e+00,2.49051e+00,1.32684e+01,3.67612e-01,4.22907e+01,3.30843e+00,1.05926e+00,6.71240e-01,1.11356e+01,3.15333e+00,3.91070e-01,1.94642e+00,5.41852e+00
9.07958e-01,2.45672e+01,1.10722e-01,2.16408e+01,2.62805e-01,8.60999e-01,2.47004e+00,7.27308e+00,2.46205e+00,1.32927e+01,3.81142e-01,4.21335e+01,3.29011e+00,1.04956e+00,6.74935e-01,1.09824e+01,3.12569e+00,3.72890e-01,1.94679e+00,5.39801e+00
9.01959e-01,2.45750e+01,1.10587e-01,2.16386e+01,2.61388e-01,8.65151e-01,2.48875e+00,7.28086e+00,2.43463e+00,1.33211e+01,3.95735e-01,4.19814e+01,3.26958e+00,1.03955e+00,6.80241e-01,1.08383e+01,3.10211e+00,3.55486e-01,1.94490e+00,5.37961e+00
8.96141e-01,2.45792e+01,1.10466e-01,2.16392e+01,2.60199e-01,8.67016e-01,2.50353e+00,7.28274e+00,2.40852e+00,1.33541e+01,4.10775e-01,4.18344e+01,3.24732e+00,1.02927e+00,6.87356e-01,1.07100e+01,3.08212e+00,3.39054e-01,1.94027e+00,5.36304e+00
8.90468e-01,2.45788e+01,1.10335e-01,2.16443e+01,2.59186e-01,8.67473e-01,2.51324e+00,7.27948e+00,2.38379e+00,1.33911e+01,4.25513e-01,4.16936e+01,3.22389e+00,1.01885e+00,6.96389e-01,1.06007e+01,3.06527e+00,3.23737e-01,1.93287e+00,5.34834e+00
8.84972e-01,2.45731e+01,1.10196e-01,2.16553e+01,2.58280e-01,8.67698e-01,2.51707e+00,7.27234e+00,2.36068e+00,1.34324e+01,4.39397e-01,4.15588e+01,3.19962e+00,1.00843e+00,7.07223e-01,1.05107e+01,3.05123e+00,3.09632e-01,1.92269e+00,5.33581e+00
8.79647e-01,2.45621e+01,1.10054e-01,2.16729e+01,2.57512e-01,8.69059e-01,2.51485e+00,7.26258e+00,2.33928e+00,1.34774e+01,4.51924e-01,4.14298e+01,3.17485e+00,9.98131e-01,7.19642e-01,1.04381e+01,3.03974e+00,2.96718e-01,1.90991e+00,5.32499e+00
8.74529e-01,2.45460e+01,1.09919e-01,2.16977e+01,2.56858e-01,8.72884e-01,2.50685e+00,7.25109e+00,2.31953e+00,1.35254e+01,4.62730e-01,4.13084e+01,3.15003e+00,9.88022e-01,7.33233e-01,1.03803e+01,3.03068e+00,2.84988e-01,1.89484e+00,5.31603e+00
8.69631e-01,2.45254e+01,1.09783e-01,2.17291e+01,2.56257e-01,8.80204e-01,2.49380e+00,7.23847e+00,2.30155e+00,1.35764e+01,4.71733e-01,4.11936e+01,3.12525e+00,9.78145e-01,7.47456e-01,1.03353e+01,3.02396e+00,2.74432e-01,1.87748e+00,5.30901e+00
8.64910e-01,2.45014e+01,1.09646e-01,2.17668e+01,2.55702e-01,8.91569e-01,2.47639e+00,7.22566e+00,2.28529e+00,1.36289e+01,4.78873e-01,4.10848e+01,3.10077e+00,9.68588e-01,7.61801e-01,1.03026e+01,3.01952e+00,2.64987e-01,1.85829e+00,5.30357e+00
8.60417e-01,2.44754e+01,1.09502e-01,2.18085e+01,2.55216e-01,9.06502e-01,2.45553e+00,7.21289e+00,2.27059e+00,1.36823e+01,4.84400e-01,4.09822e+01,3.07686e+00,9.59398e-01,7.75709e-01,1.02828e+01,3.01731e+00,2.56532e-01,1.83759e+00,5.29955e+00
8.56129e-01,2.44481e+01,1.09362e-01,2.18534e+01,2.54757e-01,9.23853e-01,2.43182e+00,7.20022e+00,2.25742e+00,1.37358e+01,4.88548e-01,4.08858e+01,3.05349e+00,9.50541e-01,7.88775e-01,1.02782e+01,3.01732e+00,2.49058e-01,1.81562e+00,5.29701e+00
8.52064e-01,2.44209e+01,1.09238e-01,2.18997e+01,2.54326e-01,9.41648e-01,2.40561e+00,7.18772e+00,2.24577e+00,1.37886e+01,4.91617e-01,4.07956e+01,3.03080e+00,9.42123e-01,8.00596e-01,1.02903e+01,3.01937e+00,2.42500e-01,1.79255e+00,5.29593e+00
8.48216e-01,2.43947e+01,1.09127e-01,2.19445e+01,2.53923e-01,9.57706e-01,2.37723e+00,7.17472e+00,2.23538e+00,1.38397e+01,4.93935e-01,4.07107e+01,3.00888e+00,9.34110e-01,8.10905e-01,1.03197e+01,3.02336e+00,2.36780e-01,1.76875e+00,5.29588e+00
8.44581e-01,2.43704e+01,1.08997e-01,2.19861e+01,2.53525e-01,9.70142e-01,2.34672e+00,7.16103e+00,2.22637e+00,1.38887e+01,4.95870e-01,4.06321e+01,2.98793e+00,9.26548e-01,8.19481e-01,1.03656e+01,3.02909e+00,2.31836e-01,1.74440e+00,5.29663e+00
8.41167e-01,2.43484e+01,1.08853e-01,2.20229e+01,2.53139e-01,9.77545e-01,2.31418e+00,7.14636e+00,2.21858e+00,1.39348e+01,4.97678e-01,4.05595e+01,2.96800e+00,9.19475e-01,8.26140e-01,1.04244e+01,3.03630e+00,2.27581e-01,1.71972e+00,5.29830e+00
8.37974e-01,2.43291e+01,1.08699e-01,2.20533e+01,2.52787e-01,9.79309e-01,2.27970e+00,7.13057e+00,2.21210e+00,1.39778e+01,4.99644e-01,4.04916e+01,2.94919e+00,9.12840e-01,8.30792e-01,1.04902e+01,3.04461e+00,2.23925e-01,1.69488e+00,5.30055e+00
8.34984e-01,2.43123e+01,1.08535e-01,2.20760e+01,2.52433e-01,9.75564e-01,2.24348e+00,7.11348e+00,2.20692e+00,1.40172e+01,5.01979e-01,4.04298e+01,2.93154e+00,9.06694e-01,8.33375e-01,1.05551e+01,3.05363e+00,2.20833e-01,1.67015e+00,5.30311e+00
8.32172e-01,2.42982e+01,1.08385e-01,2.20901e+01,2.52067e-01,9.66902e-01,2.20574e+00,7.09503e+00,2.20295e+00,1.40533e+01,5.04783e-01,4.03746e+01,2.91516e+00,9.01009e-01,8.33887e-01,1.06120e+01,3.06296e+00,2.18180e-01,1.64557e+00,5.30565e+00
8.29521e-01,2.42861e+01,1.08243e-01,2.20951e+01,2.51713e-01,9.54244e-01,2.16691e+00,7.07529e+00,2.20032e+00,1.40857e+01,5.08168e-01,4.03256e+01,2.90008e+00,8.95743e-01,8.32400e-01,1.06537e+01,3.07223e+00,2.15966e-01,1.62142e+00,5.30811e+00
8.26993e-01,2.42761e+01,1.08098e-01,2.20911e+01,2.51384e-01,9.38656e-01,2.12742e+00,7.05516e+00,2.19883e+00,1.41150e+01,5.12140e-01,4.02834e+01,2.88620e+00,8.90882e-01,8.29030e-01,1.06759e+01,3.08106e+00,2.14071e-01,1.59765e+00,5.31027e+00
8.24654e-01,2.42675e+01,1.07951e-01,2.20783e+01,2.51058e-01,9.21067e-01,2.08767e+00,7.03483e+00,2.19828e+00,1.41413e+01,5.16689e-01,4.02481e+01,2.87353e+00,8.86425e-01,8.23901e-01,1.06748e+01,3.08909e+00,2.12512e-01,1.57436e+00,5.31188e+00
8.22459e-01,2.42602e+01,1.07813e-01,2.20574e+01,2.50725e-01,9.02384e-01,2.04818e+00,7.01522e+00,2.19850e+00,1.41651e+01,5.21745e-01,4.02211e+01,2.86191e+00,8.82366e-01,8.17166e-01,1.06502e+01,3.09608e+00,2.11194e-01,1.55173e+00,5.31278e+00
8.20413e-01,2.42537e+01,1.07676e-01,2.20290e+01,2.50390e-01,8.83329e-01,2.00936e+00,6.99705e+00,2.19905e+00,1.41864e+01,5.27135e-01,4.02014e+01,2.85126e+00,8.78679e-01,8.09094e-01,1.06033e+01,3.10187e+00,2.10128e-01,1.52979e+00,5.31288e+00
8.18464e-01,2.42480e+01,1.07523e-01,2.19943e+01,2.50054e-01,8.64495e-01,1.97165e+00,6.98111e+00,2.19960e+00,1.42064e+01,5.32726e-01,4.01896e+01,2.84143e+00,8.75283e-01,7.99830e-01,1.05363e+01,3.10630e+00,2.09242e-01,1.50857e+00,5.31206e+00
8.16644e-01,2.42430e+01,1.07350e-01,2.19538e+01,2.49715e-01,8.46391e-01,1.93539e+00,6.96803e+00,2.19959e+00,1.42251e+01,5.38296e-01,4.01867e+01,2.83232e+00,8.72213e-01,7.89614e-01,1.04526e+01,3.10929e+00,2.08495e-01,1.48823e+00,5.31031e+00
8.14923e-01,2.42391e+01,1.07178e-01,2.19088e+01,2.49376e-01,8.29238e-01,1.90092e+00,6.95820e+00,2.19870e+00,1.42433e+01,5.43641e-01,4.01908e+01,2.82369e+00,8.69427e-01,7.78632e-01,1.03559e+01,3.11079e+00,2.07874e-01,1.46875e+00,5.30762e+00
8.13308e-01,2.42364e+01,1.07017e-01,2.18596e+01,2.49063e-01,8.13271e-01,1.86845e+00,6.95180e+00,2.19651e+00,1.42613e+01,5.48605e-01,4.02017e+01,2.81541e+00,8.66894e-01,7.67022e-01,1.02500e+01,3.11083e+00,2.07341e-01,1.45019e+00,5.30393e+00
8.11806e-01,2.42357e+01,1.06864e-01,2.18068e+01,2.48711e-01,7.98653e-01,1.83835e+00,6.94873e+00,2.19282e+00,1.42798e+01,5.53046e-01,4.02199e+01,2.80738e+00,8.64576e-01,7.55013e-01,1.01374e+01,3.10948e+00,2.06895e-01,1.43270e+00,5.29941e+00
8.10380e-01,2.42375e+01,1.06712e-01,2.17507e+01,2.48365e-01,7.85472e-01,1.81080e+00,6.94893e+00,2.18733e+00,1.42993e+01,5.56795e-01,4.02434e+01,2.79949e+00,8.62446e-01,7.42723e-01,1.00212e+01,3.10686e+00,2.06502e-01,1.41619e+00,5.29408e+00
8.09013e-01,2.42437e+01,1.06560e-01,2.16919e+01,2.48034e-01,7.73637e-01,1.78590e+00,6.95164e+00,2.18005e+00,1.43200e+01,5.59822e-01,4.02711e+01,2.79158e+00,8.60491e-01,7.30300e-01,9.90376e+00,3.10308e+00,2.06125e-01,1.40069e+00,5.28815e+00
8.07675e-01,2.42539e+01,1.06405e-01,2.16304e+01,2.47723e-01,7.63147e-01,1.76385e+00,6.95667e+00,2.17102e+00,1.43422e+01,5.62022e-01,4.03036e+01,2.78365e+00,8.58669e-01,7.17874e-01,9.78698e+00,3.09821e+00,2.05779e-01,1.38621e+00,5.28182e+00
8.06395e-01,2.42671e+01,1.06240e-01,2.15664e+01,2.47392e-01,7.53898e-01,1.74469e+00,6.96356e+00,2.16020e+00,1.43660e+01,5.63446e-01,4.03369e+01,2.77561e+00,8.57008e-01,7.05539e-01,9.67181e+00,3.09237e+00,2.05473e-01,1.37278e+00,5.27510e+00
8.05192e-01,2.42853e+01,1.06082e-01,2.14999e+01,2.47062e-01,7.45697e-01,1.72852e+00,6.97171e+00,2.14789e+00,1.43921e+01,5.64035e-01,4.03722e+01,2.76737e+00,8.55472e-01,6.93381e-01,9.55928e+00,3.08564e+00,2.05188e-01,1.36041e+00,5.26826e+00
8.03981e-01,2.43082e+01,1.05949e-01,2.14313e+01,2.46751e-01,7.38389e-01,1.71533e+00,6.98086e+00,2.13423e+00,1.44201e+01,5.63885e-01,4.04067e+01,2.75905e+00,8.54016e-01,6.81496e-01,9.45018e+00,3.07807e+00,2.04935e-01,1.34889e+00,5.26144e+00
8.02834e-01,2.43358e+01,1.05797e-01,2.13615e+01,2.46423e-01,7.31842e-01,1.70508e+00,6.99044e+00,2.11952e+00,1.44504e+01,5.62969e-01,4.04406e+01,2.75067e+00,8.52664e-01,6.69945e-01,9.34453e+00,3.06974e+00,2.04721e-01,1.33850e+00,5.25482e+00
8.01722e-01,2.43682e+01,1.05630e-01,2.12907e+01,2.46071e-01,7.25839e-01,1.69765e+00,7.00031e+00,2.10409e+00,1.44822e+01,5.61388e-01,4.04720e+01,2.74213e+00,8.51356e-01,6.58791e-01,9.24279e+00,3.06069e+00,2.04489e-01,1.32889e+00,5.24851e+00
8.00643e-01,2.44050e+01,1.05468e-01,2.12198e+01,2.45749e-01,7.20184e-01,1.69281e+00,7.01035e+00,2.08801e+00,1.45157e+01,5.59145e-01,4.05006e+01,2.73353e+00,8.50106e-01,6.48070e-01,9.14481e+00,3.05093e+00,2.04265e-01,1.32014e+00,5.24256e+00
7.99568e-01,2.44456e+01,1.05309e-01,2.11493e+01,2.45424e-01,7.14785e-01,1.69046e+00,7.02017e+00,2.07171e+00,1.45503e+01,5.56335e-01,4.05269e+01,2.72490e+00,8.48904e-01,6.37832e-01,9.05058e+00,3.04042e+00,2.04026e-01,1.31232e+00,5.23703e+00
7.98513e-01,2.44895e+01,1.05156e-01,2.10804e+01,2.45324e-01,7.09461e-01,1.69027e+00,7.02918e+00,2.05546e+00,1.45859e+01,5.52949e-01,4.05509e+01,2.71636e+00,8.47731e-01,6.28078e-01,8.96011e+00,3.02921e+00,2.03773e-01,1.30517e+00,5.23213e+00
7.97468e-01,2.45358e+01,1.05003e-01,2.10137e+01,2.45593e-01,7.04152e-01,1.69193e+00,7.03742e+00,2.03937e+00,1.46219e+01,5.49078e-01,4.05719e+01,2.70790e+00,8.48132e-01,6.18824e-01,8.87287e+00,3.01735e+00,2.03535e-01,1.29861e+00,5.22777e+00
7.97292e-01,2.45839e+01,1.04860e-01,2.09502e+01,2.46100e-01,6.98802e-01,1.69521e+00,7.04457e+00,2.02363e+00,1.46580e+01,5.44726e-01,4.05900e+01,2.69954e+00,8.47607e-01,6.10088e-01,8.78936e+00,3.00509e+00,2.03297e-01,1.29272e+00,5.22386e+00
7.96876e-01,2.46321e+01,1.04732e-01,2.08906e+01,2.46706e-01,6.93349e-01,1.69968e+00,7.05042e+00,2.00844e+00,1.46937e+01,5.39939e-01,4.06054e+01,2.69125e+00,8.46806e-01,6.01888e-01,8.70850e+00,2.99223e+00,2.03050e-01,1.28731e+00,5.22057e+00
7.96157e-01,2.46789e+01,1.04614e-01,2.08360e+01,2.47399e-01,6.87770e-01,1.70532e+00,7.05519e+00,1.99366e+00,1.47282e+01,5.34761e-01,4.06181e+01,2.68312e+00,8.46245e-01,5.94205e-01,8.63089e+00,2.97872e+00,2.02798e-01,1.28263e+00,5.21812e+00
7.95318e-01,2.47240e+01,1.04493e-01,2.07884e+01,2.48248e-01,6.82058e-01,1.71151e+00,7.05831e+00,1.97952e+00,1.47614e+01,5.29217e-01,4.06286e+01,2.67518e+00,8.45644e-01,5.87021e-01,8.55574e+00,2.96473e+00,2.02553e-01,1.27871e+00,5.22010e+00
7.94550e-01,2.47666e+01,1.04390e-01,2.07464e+01,2.49383e-01,6.76243e-01,1.71833e+00,7.05972e+00,1.96588e+00,1.47925e+01,5.23378e-01,4.06388e+01,2.66749e+00,8.44887e-01,5.80357e-01,8.48415e+00,2.95023e+00,2.02313e-01,1.27544e+00,5.22407e+00
7.93991e-01,2.48061e+01,1.04326e-01,2.07117e+01,2.50900e-01,6.70354e-01,1.72575e+00,7.05972e+00,1.95290e+00,1.48212e+01,5.17265e-01,4.06483e+01,2.65999e+00,8.43932e-01,5.74194e-01,8.41455e+00,2.93496e+00,2.02064e-01,1.27283e+00,5.22899e+00
7.93541e-01,2.48420e+01,1.04308e-01,2.06849e+01,2.52889e-01,6.64427e-01,1.73363e+00,7.05817e+00,1.94052e+00,1.48472e+01,5.10911e-01,4.06578e+01,2.65273e+00,8.42915e-01,5.68502e-01,8.34641e+00,2.91903e+00,2.01811e-01,1.27072e+00,5.23498e+00
7.93132e-01,2.48743e+01,1.04313e-01,2.06669e+01,2.55371e-01,6.58468e-01,1.74207e+00,7.05529e+00,1.92884e+00,1.48703e+01,5.04387e-01,4.06684e+01,2.64578e+00,8.41924e-01,5.63279e-01,8.28082e+00,2.90263e+00,2.01549e-01,1.26887e+00,5.24207e+00
7.92778e-01,2.49024e+01,1.04308e-01,2.06594e+01,2.58348e-01,6.52536e-01,1.75103e+00,7.05140e+00,1.91776e+00,1.48902e+01,4.97714e-01,4.06810e+01,2.63908e+00,8.41067e-01,5.58452e-01,8.21718e+00,2.88583e+00,2.01282e-01,1.26748e+00,5.24915e+00
7.92543e-01,2.49270e+01,1.04271e-01,2.06629e+01,2.61706e-01,6.46684e-01,1.76062e+00,7.04663e+00,1.90728e+00,1.49072e+01,4.90970e-01,4.06958e+01,2.63263e+00,8.40386e-01,5.54027e-01,8.15526e+00,2.86881e+00,2.01014e-01,1.26638e+00,5.25617e+00
7.92501e-01,2.49479e+01,1.04200e-01,2.06791e+01,2.65312e-01,6.40933e-01,1.77073e+00,7.04140e+00,1.89744e+00,1.49211e+01,4.84187e-01,4.07136e+01,2.62651e+00,8.39827e-01,5.49989e-01,8.09560e+00,2.85181e+00,2.00737e-01,1.26545e+00,5.26382e+00
7.92758e-01,2.49655e+01,1.04088e-01,2.07093e+01,2.68775e-01,6.35307e-01,1.78155e+00,7.03601e+00,1.88811e+00,1.49321e+01,4.77387e-01,4.07351e+01,2.62067e+00,8.39342e-01,5.46372e-01,8.03770e+00,2.83499e+00,2.00454e-01,1.26460e+00,5.27271e+00
7.93378e-01,2.49803e+01,1.03939e-01,2.07549e+01,2.71830e-01,6.29805e-01,1.79280e+00,7.03149e+00,1.87942e+00,1.49403e+01,4.70601e-01,4.07596e+01,2.61516e+00,8.38929e-01,5.43068e-01,7.98202e+00,2.81834e+00,2.00169e-01,1.26374e+00,5.28255e+00
7.94461e-01,2.49928e+01,1.03767e-01,2.08171e+01,2.74274e-01,6.24479e-01,1.80459e+00,7.02774e+00,1.87121e+00,1.49467e+01,4.63865e-01,4.07875e+01,2.61008e+00,8.38476e-01,5.40171e-01,7.92832e+00,2.80189e+00,1.99900e-01,1.26276e+00,5.29351e+00
7.95965e-01,2.50033e+01,1.03555e-01,2.08971e+01,2.75936e-01,6.19330e-01,1.81655e+00,7.02573e+00,1.86359e+00,1.49511e+01,4.57189e-01,4.08189e+01,2.60539e+00,8.37988e-01,5.37647e-01,7.87684e+00,2.78565e+00,1.99643e-01,1.26170e+00,5.30569e+00
7.97922e-01,2.50125e+01,1.03335e-01,2.09953e+01,2.76734e-01,6.14364e-01,1.82871e+00,7.02602e+00,1.85651e+00,1.49547e+01,4.50588e-01,4.08527e+01,2.60111e+00,8.37451e-01,5.35553e-01,7.82781e+00,2.76971e+00,1.99387e-01,1.26059e+00,5.31883e+00
8.00304e-01,2.50207e+01,1.03112e-01,2.11120e+01,2.76779e-01,6.09626e-01,1.84059e+00,7.02926e+00,1.84990e+00,1.49577e+01,4.44094e-01,4.08891e+01,2.59735e+00,8.36856e-01,5.33863e-01,7.78149e+00,2.75436e+00,1.99122e-01,1.25945e+00,5.33280e+00
8.02939e-01,2.50286e+01,1.02879e-01,2.12465e+01,2.76131e-01,6.05054e-01,1.85217e+00,7.03604e+00,1.84381e+00,1.49610e+01,4.37713e-01,4.09285e+01,2.59423e+00,8.36184e-01,5.32583e-01,7.73807e+00,2.73993e+00,1.98852e-01,1.25835e+00,5.34766e+00
8.05687e-01,2.50364e+01,1.02646e-01,2.13976e+01,2.74919e-01,6.00733e-01,1.86300e+00,7.04731e+00,1.83810e+00,1.49651e+01,4.31463e-01,4.09694e+01,2.59184e+00,8.35463e-01,5.31657e-01,7.69761e+00,2.72682e+00,1.98574e-01,1.25736e+00,5.36325e+00
8.08363e-01,2.50450e+01,1.02447e-01,2.15626e+01,2.73316e-01,5.96603e-01,1.87296e+00,7.06321e+00,1.83278e+00,1.49709e+01,4.25358e-01,4.10116e+01,2.59033e+00,8.34614e-01,5.31059e-01,7.65982e+00,2.71524e+00,1.98289e-01,1.25650e+00,5.37903e+00
8.10820e-01,2.50546e+01,1.02252e-01,2.17393e+01,2.71382e-01,5.92693e-01,1.88169e+00,7.08427e+00,1.82783e+00,1.49788e+01,4.19408e-01,4.10549e+01,2.58978e+00,8.33659e-01,5.30752e-01,7.62498e+00,2.70549e+00,1.97997e-01,1.25582e+00,5.39490e+00
8.12876e-01,2.50657e+01,1.02074e-01,2.19227e+01,2.69152e-01,5.89037e-01,1.88913e+00,7.11091e+00,1.82321e+00,1.49895e+01,4.13672e-01,4.10995e+01,2.59029e+00,8.32565e-01,5.30661e-01,7.59265e+00,2.69749e+00,1.97695e-01,1.25532e+00,5.41025e+00
8.14472e-01,2.50784e+01,1.01904e-01,2.21086e+01,2.66700e-01,5.85542e-01,1.89506e+00,7.14272e+00,1.81897e+00,1.50035e+01,4.08159e-01,4.11452e+01,2.59197e+00,8.31356e-01,5.30698e-01,7.56438e+00,2.69113e+00,1.97381e-01,1.25496e+00,5.42479e+00
8.15496e-01,2.50931e+01,1.01735e-01,2.22922e+01,2.64187e-01,5.82295e-01,1.89923e+00,7.17940e+00,1.81494e+00,1.50215e+01,4.02914e-01,4.11917e+01,2.59491e+00,8.30067e-01,5.32432e-01,7.54057e+00,2.68612e+00,1.97083e-01,1.25479e+00,5.43813e+00
8.15914e-01,2.51097e+01,1.01567e-01,2.24693e+01,2.61646e-01,5.79185e-01,1.90162e+00,7.22064e+00,1.81123e+00,1.50432e+01,3.97904e-01,4.12389e+01,2.59907e+00,8.28683e-01,5.33274e-01,7.52498e+00,2.68217e+00,1.96806e-01,1.25483e+00,5.44985e+00
8.15746e-01,2.51285e+01,1.01405e-01,2.26357e+01,2.59075e-01,5.76324e-01,1.90224e+00,7.26538e+00,1.80769e+00,1.50696e+01,3.93149e-01,4.12874e+01,2.60440e+00,8.27247e-01,5.33554e-01,7.52095e+00,2.67897e+00,1.96538e-01,1.25499e+00,5.45979e+00
8.15073e-01,2.51491e+01,1.01254e-01,2.27880e+01,2.56616e-01,5.73601e-01,1.90103e+00,7.31252e+00,1.80436e+00,1.51001e+01,3.88575e-01,4.13367e+01,2.61066e+00,8.25763e-01,5.33679e-01,7.53642e+00,2.67625e+00,1.96274e-01,1.25517e+00,5.46764e+00
8.13945e-01,2.51712e+01,1.01107e-01,2.29239e+01,2.54227e-01,5.71063e-01,1.89810e+00,7.36085e+00,1.80122e+00,1.51350e+01,3.84190e-01,4.13863e+01,2.61765e+00,8.24266e-01,5.33519e-01,7.58360e+00,2.67373e+00,1.96013e-01,1.25536e+00,5.47325e+00
8.12414e-01,2.51947e+01,1.00956e-01,2.30412e+01,2.51970e-01,5.68696e-01,1.89353e+00,7.40915e+00,1.79823e+00,1.51737e+01,3.79961e-01,4.14359e+01,2.62513e+00,8.22769e-01,5.33046e-01,7.65272e+00,2.67121e+00,1.95755e-01,1.25541e+00,5.47654e+00
8.10607e-01,2.52186e+01,1.00807e-01,2.31398e+01,2.49873e-01,5.66482e-01,1.88751e+00,7.45605e+00,1.79532e+00,1.52158e+01,3.75854e-01,4.14854e+01,2.63268e+00,8.21278e-01,5.32325e-01,7.70978e+00,2.66850e+00,1.95504e-01,1.25522e+00,5.47773e+00
8.08638e-01,2.52427e+01,1.00654e-01,2.32197e+01,2.47926e-01,5.64464e-01,1.88006e+00,7.50062e+00,1.79251e+00,1.52607e+01,3.71862e-01,4.15344e+01,2.63994e+00,8.19847e-01,5.31427e-01,7.73223e+00,2.66540e+00,1.95259e-01,1.25467e+00,5.47669e+00
8.06625e-01,2.52659e+01,1.00516e-01,2.32813e+01,2.46130e-01,5.62617e-01,1.87137e+00,7.54167e+00,1.78977e+00,1.53074e+01,3.67954e-01,4.15823e+01,2.64663e+00,8.18431e-01,5.30419e-01,7.72356e+00,2.66177e+00,1.95012e-01,1.25363e+00,5.47327e+00
8.04504e-01,2.52877e+01,1.00384e-01,2.33263e+01,2.44453e-01,5.60973e-01,1.86159e+00,7.57870e+00,1.78709e+00,1.53553e+01,3.64143e-01,4.16287e+01,2.65244e+00,8.17029e-01,5.29373e-01,7.70127e+00,2.65741e+00,1.94778e-01,1.25205e+00,5.46800e+00
8.02281e-01,2.53069e+01,1.00247e-01,2.33571e+01,2.42921e-01,5.59614e-01,1.85087e+00,7.61177e+00,1.78446e+00,1.54032e+01,3.60400e-01,4.16736e+01,2.65709e+00,8.15632e-01,5.28398e-01,7.68302e+00,2.65221e+00,1.94575e-01,1.24988e+00,5.46067e+00
8.00310e-01,2.53230e+01,1.00103e-01,2.33759e+01,2.41556e-01,5.58601e-01,1.83936e+00,7.64082e+00,1.78185e+00,1.54499e+01,3.56734e-01,4.17164e+01,2.66048e+00,8.14276e-01,5.27601e-01,7.67887e+00,2.64619e+00,1.94387e-01,1.24709e+00,5.45137e+00
7.98589e-01,2.53353e+01,9.99584e-02,2.33856e+01,2.40310e-01,5.58249e-01,1.82716e+00,7.66619e+00,1.77930e+00,1.54938e+01,3.53158e-01,4.17567e+01,2.66244e+00,8.12909e-01,5.27093e-01,7.69170e+00,2.63937e+00,1.94194e-01,1.24376e+00,5.44036e+00
7.97160e-01,2.53431e+01,9.98107e-02,2.33889e+01,2.39181e-01,5.58916e-01,1.81445e+00,7.68886e+00,1.77679e+00,1.55342e+01,3.49655e-01,4.17950e+01,2.66290e+00,8.11551e-01,5.26968e-01,7.71682e+00,2.63180e+00,1.93993e-01,1.23993e+00,5.42732e+00
7.95879e-01,2.53458e+01,9.96693e-02,2.33879e+01,2.38163e-01,5.61146e-01,1.80142e+00,7.71040e+00,1.77429e+00,1.55697e+01,3.46243e-01,4.18308e+01,2.66183e+00,8.10189e-01,5.27340e-01,7.74557e+00,2.62351e+00,1.93771e-01,1.23575e+00,5.41261e+00
7.94692e-01,2.53430e+01,9.95251e-02,2.33848e+01,2.37271e-01,5.65422e-01,1.78819e+00,7.73215e+00,1.77183e+00,1.55991e+01,3.42934e-01,4.18642e+01,2.65940e+00,8.08806e-01,5.28333e-01,7.76965e+00,2.61462e+00,1.93534e-01,1.23119e+00,5.39636e+00
7.93618e-01,2.53347e+01,9.93776e-02,2.33820e+01,2.36481e-01,5.71591e-01,1.77496e+00,7.75607e+00,1.76935e+00,1.56215e+01,3.39716e-01,4.18962e+01,2.65567e+00,8.07395e-01,5.30032e-01,7.78511e+00,2.60517e+00,1.93292e-01,1.22649e+00,5.37864e+00
7.92699e-01,2.53202e+01,9.92303e-02,2.33808e+01,2.35776e-01,5.78759e-01,1.76192e+00,7.78375e+00,1.76686e+00,1.56358e+01,3.36627e-01,4.19268e+01,2.65081e+00,8.06007e-01,5.32568e-01,7.79157e+00,2.59526e+00,1.93030e-01,1.22166e+00,5.35961e+00
7.91839e-01,2.52996e+01,9.91028e-02,2.33819e+01,2.35117e-01,5.85560e-01,1.74925e+00,7.81746e+00,1.76435e+00,1.56415e+01,3.33650e-01,4.19564e+01,2.64489e+00,8.04603e-01,5.35936e-01,7.79112e+00,2.58495e+00,1.92753e-01,1.21676e+00,5.33925e+00
7.91020e-01,2.52729e+01,9.89820e-02,2.33860e+01,2.34491e-01,5.90612e-01,1.73713e+00,7.85878e+00,1.76185e+00,1.56376e+01,3.30808e-01,4.19851e+01,2.63822e+00,8.03243e-01,5.40174e-01,7.78620e+00,2.57428e+00,1.92451e-01,1.21199e+00,5.31758e+00
7.90231e-01,2.52407e+01,9.88528e-02,2.33929e+01,2.33934e-01,5.93254e-01,1.72578e+00,7.90928e+00,1.75931e+00,1.56237e+01,3.28125e-01,4.20137e+01,2.63093e+00,8.01888e-01,5.45213e-01,7.77967e+00,2.56331e+00,1.92159e-01,1.20742e+00,5.29509e+00
7.89395e-01,2.52031e+01,9.87141e-02,2.34022e+01,2.33422e-01,5.93430e-01,1.71533e+00,7.97072e+00,1.75678e+00,1.56004e+01,3.25601e-01,4.20432e+01,2.62314e+00,8.00556e-01,5.50877e-01,7.77243e+00,2.55216e+00,1.91873e-01,1.20305e+00,5.27190e+00
7.88444e-01,2.51603e+01,9.85859e-02,2.34133e+01,2.32931e-01,5.91581e-01,1.70594e+00,8.04356e+00,1.75427e+00,1.55672e+01,3.23244e-01,4.20740e+01,2.61500e+00,7.99253e-01,5.57020e-01,7.76569e+00,2.54095e+00,1.91572e-01,1.19894e+00,5.24805e+00
7.87378e-01,2.51128e+01,9.84638e-02,2.34253e+01,2.32502e-01,5.88280e-01,1.69774e+00,8.12878e+00,1.75178e+00,1.55241e+01,3.21077e-01,4.21066e+01,2.60669e+00,7.97934e-01,5.63319e-01,7.75963e+00,2.52978e+00,1.91246e-01,1.19508e+00,5.22369e+00
7.86141e-01,2.50609e+01,9.83385e-02,2.34369e+01,2.32090e-01,5.84063e-01,1.69093e+00,8.22552e+00,1.74931e+00,1.54722e+01,3.19081e-01,4.21412e+01,2.59819e+00,7.96641e-01,5.69510e-01,7.75447e+00,2.51874e+00,1.90903e-01,1.19156e+00,5.19909e+00
7.84736e-01,2.50080e+01,9.82131e-02,2.34480e+01,2.32946e-01,5.81988e-01,1.68661e+00,8.33454e+00,1.74683e+00,1.54204e+01,3.17568e-01,4.21837e+01,2.58965e+00,7.95340e-01,5.81168e-01,7.75064e+00,2.50797e+00,1.90561e-01,1.18835e+00,5.17449e+00
7.83153e-01,2.49640e+01,9.93352e-02,2.34592e+01,2.36320e-01,5.81011e-01,1.68737e+00,8.45726e+00,1.74560e+00,1.53690e+01,3.31778e-01,4.22444e+01,2.58110e+00,7.94614e-01,5.95398e-01,7.74853e+00,2.49853e+00,1.91728e-01,1.21721e+00,5.14992e+00
7.81926e-01,2.50657e+01,1.01996e-01,2.34720e+01,2.42778e-01,7.20299e-01,1.70041e+00,8.59889e+00,1.74481e+00,1.53332e+01,3.74769e-01,4.23093e+01,2.57255e+00,7.93765e-01,6.40001e-01,7.74994e+00,2.49039e+00,1.92480e-01,1.28290e+00,5.12550e+00
7.80413e-01,2.51871e+01,1.04947e-01,2.34876e+01,2.50835e-01,1.12158e+00,1.80564e+00,8.75999e+00,1.74407e+00,1.53188e+01,4.57367e-01,4.23873e+01,2.56455e+00,7.92883e-01,7.28197e-01,7.75579e+00,2.48238e+00,1.92952e-01,1.37928e+00,5.10145e+00
7.78631e-01,2.51003e+01,1.08114e-01,2.35023e+01,2.60440e-01,1.76383e+00,2.09583e+00,8.92677e+00,1.74353e+00,1.53300e+01,5.31019e-01,4.24725e+01,2.55625e+00,7.92180e-01,8.41035e-01,7.76828e+00,2.47473e+00,1.93744e-01,1.46532e+00,5.07780e+00
7.76583e-01,2.49961e+01,1.10747e-01,2.35103e+01,2.69915e-01,2.36934e+00,2.41883e+00,9.08616e+00,1.74314e+00,1.53651e+01,5.75527e-01,4.25627e+01,2.54803e+00,7.91610e-01,9.22105e-01,7.78830e+00,2.46738e+00,1.94960e-01,1.54317e+00,5.05471e+00
7.74533e-01,2.49486e+01,1.12738e-01,2.35132e+01,2.77531e-01,2.82395e+00,2.63810e+00,9.23688e+00,1.74273e+00,1.54158e+01,5.93557e-01,4.26607e+01,2.54062e+00,7.91190e-01,9.67722e-01,7.81670e+00,2.46040e+00,1.96230e-01,1.63511e+00,5.03232e+00
7.72394e-01,2.49436e+01,1.14329e-01,2.35168e+01,2.83765e-01,3.72527e+00,2.82467e+00,9.37550e+00,1.74214e+00,1.54662e+01,5.87439e-01,4.27707e+01,2.53263e+00,7.90937e-01,1.00005e+00,7.85264e+00,2.45390e+00,1.97575e-01,1.75654e+00,5.01069e+00
7.70307e-01,2.49697e+01,1.16236e-01,2.35214e+01,2.89249e-01,6.54658e+00,3.08585e+00,9.50230e+00,1.74149e+00,1.55054e+01,5.65497e-01,4.28939e+01,2.52469e+00,7.90787e-01,1.01135e+00,7.89401e+00,2.44783e+00,1.98821e-01,1.89932e+00,4.98974e+00
7.68346e-01,2.50204e+01,1.17726e-01,2.35311e+01,2.93867e-01,1.03556e+01,3.47819e+00,9.61736e+00,1.74105e+00,1.55350e+01,5.37787e-01,4.30314e+01,2.51670e+00,7.90710e-01,9.99100e-01,7.93744e+00,2.44190e+00,2.00077e-01,2.02863e+00,4.96964e+00
7.66519e-01,2.50910e+01,1.18858e-01,2.35486e+01,2.97487e-01,1.17975e+01,3.91768e+00,9.72054e+00,1.74076e+00,1.55667e+01,5.10105e-01,4.31787e+01,2.50873e+00,7.90773e-01,9.72965e-01,7.97882e+00,2.43615e+00,2.01257e-01,2.10837e+00,4.95047e+00
7.64801e-01,2.51781e+01,1.19516e-01,2.35758e+01,2.99867e-01,1.09945e+01,4.25654e+00,9.81119e+00,1.74068e+00,1.56161e+01,4.85104e-01,4.33284e+01,2.50071e+00,7.90996e-01,9.44532e-01,8.01560e+00,2.43070e+00,2.02376e-01,2.12670e+00,4.93204e+00
7.63145e-01,2.52778e+01,1.19685e-01,2.36138e+01,3.01197e-01,9.35028e+00,4.43814e+00,9.88893e+00,1.74081e+00,1.56944e+01,4.63931e-01,4.34764e+01,2.49280e+00,7.91340e-01,9.20688e-01,8.04563e+00,2.42575e+00,2.03355e-01,2.09491e+00,4.91427e+00
7.61585e-01,2.53862e+01,1.19422e-01,2.36664e+01,3.02075e-01,7.67203e+00,4.46261e+00,9.95354e+00,1.74118e+00,1.58065e+01,4.46872e-01,4.36184e+01,2.48520e+00,7.91732e-01,9.03188e-01,8.06834e+00,2.42125e+00,2.04201e-01,2.03368e+00,4.89725e+00
7.60157e-01,2.55025e+01,1.18841e-01,2.37402e+01,3.02591e-01,6.24121e+00,4.35945e+00,1.00065e+01,1.74177e+00,1.59515e+01,4.33444e-01,4.37519e+01,2.47781e+00,7.92138e-01,8.90914e-01,8.08351e+00,2.41722e+00,2.04753e-01,1.96144e+00,4.88085e+00
7.58828e-01,2.56296e+01,1.18037e-01,2.38459e+01,3.02805e-01,5.10475e+00,4.19662e+00,1.00498e+01,1.74254e+00,1.61219e+01,4.22828e-01,4.38756e+01,2.47065e+00,7.92517e-01,8.82235e-01,8.09122e+00,2.41360e+00,2.05072e-01,1.89045e+00,4.86507e+00
7.57648e-01,2.57701e+01,1.17126e-01,2.39973e+01,3.02895e-01,4.23116e+00,4.06923e+00,1.00841e+01,1.74344e+00,1.63073e+01,4.14349e-01,4.39905e+01,2.46377e+00,7.92867e-01,8.76550e-01,8.09242e+00,2.41018e+00,2.05031e-01,1.82714e+00,4.84976e+00
7.56646e-01,2.59198e+01,1.16235e-01,2.42049e+01,3.02526e-01,3.57317e+00,4.10491e+00,1.01121e+01,1.74438e+00,1.64950e+01,4.07553e-01,4.40988e+01,2.45712e+00,7.93203e-01,8.74336e-01,8.08798e+00,2.40686e+00,2.04710e-01,1.77389e+00,4.83494e+00
7.55774e-01,2.60666e+01,1.15415e-01,2.44698e+01,3.01701e-01,3.09039e+00,4.56177e+00,1.01340e+01,1.74520e+00,1.66733e+01,4.02247e-01,4.42000e+01,2.45073e+00,7.93556e-01,8.76689e-01,8.07833e+00,2.40362e+00,2.04119e-01,1.73064e+00,4.82053e+00
7.55049e-01,2.61961e+01,1.14759e-01,2.47869e+01,3.00445e-01,2.75513e+00,6.03428e+00,1.01512e+01,1.74582e+00,1.68350e+01,3.98737e-01,4.42969e+01,2.44458e+00,7.93913e-01,8.84924e-01,8.06470e+00,2.40045e+00,2.03392e-01,1.69642e+00,4.80662e+00
7.54446e-01,2.62959e+01,1.14294e-01,2.51455e+01,2.98539e-01,2.55103e+00,9.12309e+00,1.01624e+01,1.74615e+00,1.69792e+01,3.97598e-01,4.43920e+01,2.43860e+00,7.94294e-01,9.00139e-01,8.04723e+00,2.39736e+00,2.02552e-01,1.67067e+00,4.79308e+00
7.53890e-01,2.63618e+01,1.13981e-01,2.55301e+01,2.96028e-01,2.46539e+00,1.29536e+01,1.01677e+01,1.74617e+00,1.71123e+01,3.99900e-01,4.44868e+01,2.43293e+00,7.94667e-01,9.22538e-01,8.02708e+00,2.39433e+00,2.01730e-01,1.65264e+00,4.77983e+00
7.53372e-01,2.63958e+01,1.13728e-01,2.59233e+01,2.93022e-01,2.47795e+00,1.58027e+01,1.01662e+01,1.74588e+00,1.72430e+01,4.06980e-01,4.45834e+01,2.42738e+00,7.94989e-01,9.51358e-01,8.00469e+00,2.39139e+00,2.01002e-01,1.64158e+00,4.76693e+00
7.52844e-01,2.64069e+01,1.13477e-01,2.62964e+01,2.89628e-01,2.55339e+00,1.71476e+01,1.01568e+01,1.74525e+00,1.73789e+01,4.20134e-01,4.46845e+01,2.42204e+00,7.95276e-01,9.84747e-01,7.98040e+00,2.38852e+00,2.00418e-01,1.63562e+00,4.75432e+00
7.52302e-01,2.64067e+01,1.13165e-01,2.66188e+01,2.85952e-01,2.64684e+00,1.73637e+01,1.01386e+01,1.74434e+00,1.75217e+01,4.40140e-01,4.47915e+01,2.41694e+00,7.95508e-01,1.01999e+00,7.95473e+00,2.38574e+00,2.00037e-01,1.63194e+00,4.74189e+00
7.51708e-01,2.64059e+01,1.12725e-01,2.68662e+01,2.82084e-01,2.71893e+00,1.69131e+01,1.01130e+01,1.74316e+00,1.76677e+01,4.66413e-01,4.49042e+01,2.41199e+00,7.95678e-01,1.05426e+00,7.92847e+00,2.38303e+00,1.99899e-01,1.62725e+00,4.72971e+00
7.51043e-01,2.64128e+01,1.12153e-01,2.70312e+01,2.78163e-01,2.74730e+00,1.61125e+01,1.00795e+01,1.74181e+00,1.78096e+01,4.96904e-01,4.50238e+01,2.40716e+00,7.95779e-01,1.08542e+00,7.90147e+00,2.38040e+00,2.00021e-01,1.61905e+00,4.71771e+00
7.50325e-01,2.64329e+01,1.11412e-01,2.71411e+01,2.74248e-01,2.72685e+00,1.51483e+01,1.00391e+01,1.74031e+00,1.79393e+01,5.28429e-01,4.51493e+01,2.40248e+00,7.95836e-01,1.11275e+00,7.87446e+00,2.37781e+00,2.00384e-01,1.60572e+00,4.70602e+00
