2.96430e+05,3.15945e+05,2.78924e+05,3.20227e+05,2.73098e+05,3.13062e+05,3.22476e+05,3.22481e+05,3.02025e+05,2.96664e+05,3.12191e+05,2.90617e+05,3.03810e+05,3.05388e+05,3.26294e+05,3.18438e+05,3.02269e+05,3.06265e+05,3.02739e+05,3.08554e+05
6.93889e-18,6.93889e-18,6.93889e-18,6.93889e-18,6.93889e-18,6.93889e-18,6.93889e-18,6.93889e-18,6.93889e-18,6.93889e-18,6.93889e-18,6.93889e-18,6.93889e-18,6.93889e-18,6.93889e-18,6.93889e-18,6.93889e-18,6.93889e-18,6.93889e-18,6.93889e-18
2.42861e-17,5.20417e-18,4.85723e-17,6.96491e-09,3.81639e-17,1.73472e-17,3.46945e-17,2.08167e-17,3.12250e-17,1.90820e-17,2.42861e-17,1.90820e-17,2.77556e-17,2.42861e-17,3.46945e-18,4.00000e-09,4.16334e-17,2.25514e-17,6.24500e-17,1.21431e-17
4.16334e-17,1.56125e-17,6.93889e-17,4.97494e-09,4.16334e-17,5.89806e-17,3.46945e-17,2.77556e-17,4.51028e-17,2.60209e-17,5.89806e-17,1.73472e-17,4.85723e-17,1.73472e-17,3.46945e-17,3.46945e-18,1.04083e-17,2.42861e-17,1.38778e-16,3.12250e-17
6.24500e-17,1.21431e-17,1.38778e-17,1.09449e-08,1.38778e-16,6.24500e-17,2.08167e-17,1.38778e-17,1.38778e-17,4.16334e-17,4.16334e-17,0.00000e+00,2.42861e-17,4.85723e-17,2.42861e-17,4.00000e-09,8.32667e-17,2.42861e-17,6.93889e-17,1.38778e-17
1.38778e-17,1.90820e-17,6.93889e-17,1.98997e-09,2.35922e-16,2.77556e-17,4.85723e-17,2.08167e-17,1.38778e-17,8.32667e-17,1.38778e-17,1.70587e-09,4.85723e-17,4.85723e-17,1.73472e-17,4.00000e-09,6.24500e-17,2.42861e-17,1.11022e-16,6.24500e-17
4.16334e-17,1.73472e-17,1.94289e-16,1.19398e-08,2.35922e-16,6.93889e-18,1.24900e-16,6.93889e-18,6.24500e-17,8.32667e-17,2.08167e-17,2.25514e-17,6.93889e-17,2.08167e-17,2.42861e-17,1.60000e-08,6.93889e-18,4.85723e-17,1.94289e-16,2.77556e-17
4.16334e-17,0.00000e+00,1.94289e-16,1.29348e-08,1.94289e-16,8.32667e-17,0.00000e+00,7.63278e-17,1.24900e-16,1.66533e-16,6.24500e-17,1.73472e-17,6.93889e-18,1.38778e-17,0.00000e+00,1.24900e-16,0.00000e+00,1.04083e-16,2.22045e-16,3.46945e-17
1.38778e-17,2.08167e-17,5.55112e-17,2.19023e-08,3.33067e-16,1.24900e-16,1.38778e-16,6.93889e-18,1.66533e-16,1.11022e-16,4.16334e-17,1.04083e-17,8.32667e-17,2.08167e-16,1.04083e-17,8.32667e-17,0.00000e+00,6.93889e-18,8.32667e-17,8.32667e-17
4.16334e-17,4.16334e-17,4.16334e-16,3.79045e-08,1.38778e-16,4.16334e-17,1.52656e-16,4.85723e-17,4.16334e-17,7.77156e-16,2.77556e-17,2.08167e-17,9.71445e-17,1.66533e-16,2.77556e-17,4.00000e-08,4.85723e-17,6.93889e-18,1.66533e-16,4.16334e-17
6.93889e-17,3.46945e-17,1.38778e-16,1.03820e-07,2.77556e-16,1.24900e-16,6.93889e-17,1.11022e-16,1.38778e-17,3.33067e-16,9.71445e-17,1.70587e-09,6.93889e-18,1.38778e-17,2.77556e-17,4.00000e-08,6.24500e-17,9.71445e-17,2.49800e-16,9.71445e-17
4.16334e-17,6.93889e-17,8.32667e-17,2.35748e-07,2.22045e-16,2.22045e-16,1.38778e-17,9.71445e-17,1.24900e-16,6.10623e-16,1.38778e-17,2.77556e-17,2.08167e-17,1.24900e-16,4.16334e-17,4.00000e-08,9.02056e-17,9.71445e-17,6.10623e-16,9.71445e-17
1.66533e-16,9.71445e-17,1.11022e-16,3.37293e-07,3.33067e-16,1.66533e-16,1.38778e-17,1.52656e-16,6.93889e-17,4.76970e-08,1.24900e-16,4.16334e-17,5.55112e-17,8.32667e-17,2.77556e-17,4.00000e-08,5.55112e-17,1.94289e-16,3.33067e-16,1.80411e-16
1.11022e-16,0.00000e+00,1.11022e-16,4.18932e-07,3.33067e-16,3.60822e-16,5.55112e-17,6.93889e-17,8.32667e-17,9.53939e-08,1.80411e-16,1.70587e-09,5.55112e-17,2.77556e-16,6.93889e-17,5.55112e-17,6.24500e-17,1.38778e-17,3.88578e-16,1.94289e-16
8.32667e-17,1.11022e-16,1.66533e-16,4.75987e-07,2.77556e-16,2.22045e-16,1.80411e-16,1.52656e-16,1.38778e-16,2.86182e-07,1.11022e-16,1.70587e-09,1.11022e-16,3.05311e-16,6.24500e-17,5.55112e-17,1.24900e-16,8.32667e-17,6.10623e-16,2.77556e-16
0.00000e+00,1.38778e-16,1.94289e-16,5.19326e-07,4.44089e-16,3.33067e-16,1.38778e-16,0.00000e+00,2.49800e-16,5.24667e-07,6.93889e-17,2.77556e-17,9.71445e-17,1.94289e-16,3.46945e-17,8.32667e-17,0.00000e+00,2.22045e-16,2.22045e-16,1.66533e-16
3.33067e-16,3.60822e-16,2.22045e-16,6.46919e-07,6.10623e-16,3.33067e-16,2.22045e-16,1.11022e-16,8.32667e-17,7.63151e-07,1.38778e-16,1.70587e-09,6.93889e-18,3.05311e-16,1.04083e-16,4.44089e-16,1.11022e-16,2.22045e-16,7.77156e-16,1.38778e-16
4.44089e-16,3.88578e-16,1.38778e-16,6.89210e-07,5.55112e-16,6.10623e-16,3.05311e-16,1.11022e-16,2.77556e-17,1.04933e-06,4.16334e-17,1.70587e-09,4.16334e-17,4.71845e-16,1.11022e-16,5.27356e-16,2.22045e-16,5.55112e-17,7.21645e-16,4.44089e-16
7.77156e-16,2.49800e-16,3.33067e-16,7.91009e-07,3.88578e-16,5.55112e-16,2.77556e-16,2.77556e-17,2.49800e-16,1.28712e-06,1.24900e-16,1.70587e-09,4.16334e-17,2.22045e-16,7.63278e-17,5.55112e-16,1.66533e-16,0.00000e+00,4.44089e-16,2.77556e-17
7.77156e-16,2.77556e-17,1.11022e-16,7.94543e-07,3.88578e-16,5.55112e-17,1.11022e-16,8.32667e-17,4.44089e-16,1.47791e-06,6.93889e-17,1.70587e-09,0.00000e+00,2.77556e-16,8.32667e-17,3.60822e-16,0.00000e+00,8.32667e-17,1.11022e-16,5.55112e-17
7.77156e-16,2.77556e-16,1.52656e-16,7.84537e-07,3.88578e-16,2.77556e-16,1.66533e-16,1.38778e-16,1.11022e-16,1.57208e-06,6.93889e-17,9.71445e-17,1.94289e-16,6.66134e-16,8.32667e-17,6.10623e-16,8.32667e-17,5.55112e-17,5.55112e-17,8.32667e-17
4.44089e-16,2.77556e-16,1.38778e-17,8.11711e-07,5.55112e-16,0.00000e+00,2.22045e-16,1.52656e-16,4.44089e-16,1.58123e-06,1.38778e-17,0.00000e+00,1.94289e-16,0.00000e+00,9.71445e-17,3.88578e-16,4.16334e-17,1.94289e-16,0.00000e+00,3.33067e-16
9.99201e-16,1.38778e-16,2.08167e-16,1.13210e-06,6.10623e-16,5.55112e-17,3.88578e-16,9.71445e-17,3.88578e-16,1.54252e-06,6.93889e-17,3.60822e-16,2.77556e-17,3.33067e-16,4.16334e-17,4.99600e-16,1.66533e-16,1.80411e-16,6.66134e-16,2.22045e-16
0.00000e+00,1.66533e-16,2.08167e-16,1.61950e-06,8.88178e-16,2.77556e-17,2.22045e-16,1.94289e-16,5.55112e-16,1.38138e-06,1.38778e-17,3.33067e-16,8.32667e-17,3.33067e-16,1.24900e-16,9.43690e-16,2.77556e-17,2.08167e-16,9.99201e-16,0.00000e+00
1.22125e-15,1.38778e-16,1.80411e-16,1.88416e-06,5.55112e-16,3.33067e-16,1.38778e-16,4.16334e-17,3.88578e-16,1.16991e-06,2.35922e-16,5.55112e-17,2.49800e-16,4.99600e-16,0.00000e+00,2.77556e-16,0.00000e+00,1.80411e-16,1.11022e-15,6.10623e-16
1.11022e-15,1.66533e-16,4.16334e-17,2.08502e-06,2.77556e-16,4.99600e-16,8.32667e-17,5.55112e-17,3.88578e-16,7.37164e-07,1.11022e-16,4.44089e-16,3.88578e-16,1.11022e-16,1.52656e-16,9.99201e-16,1.94289e-16,2.49800e-16,5.55112e-16,5.55112e-16
1.11022e-16,2.49800e-16,4.16334e-17,2.46007e-06,0.00000e+00,2.77556e-17,3.05311e-16,9.71445e-17,4.44089e-16,5.57225e-07,1.38778e-16,4.44089e-16,0.00000e+00,7.21645e-16,6.93889e-17,3.88578e-16,2.77556e-17,4.16334e-17,6.66134e-16,6.10623e-16
0.00000e+00,1.11022e-16,1.66533e-16,2.78832e-06,4.44089e-16,3.33067e-16,1.66533e-16,1.38778e-16,7.21645e-16,1.48260e-06,1.66533e-16,6.10623e-16,5.55112e-16,7.77156e-16,2.22045e-16,6.66134e-16,3.33067e-16,2.77556e-17,0.00000e+00,3.88578e-16
9.99201e-16,5.55112e-17,9.71445e-17,2.65569e-06,3.33067e-16,2.77556e-17,0.00000e+00,1.66533e-16,5.55112e-16,2.90597e-06,6.93889e-17,6.10623e-16,3.88578e-16,3.33067e-16,6.93889e-17,4.44089e-16,2.77556e-16,1.52656e-16,7.77156e-16,6.10623e-16
6.66134e-16,1.66533e-16,9.71445e-17,2.12550e-06,7.21645e-16,1.38778e-16,2.77556e-16,1.52656e-16,6.66134e-16,5.88326e-06,2.77556e-17,4.44089e-16,7.21645e-16,3.33067e-16,2.49800e-16,4.99600e-16,1.94289e-16,1.38778e-17,1.11022e-15,6.10623e-16
2.22045e-16,4.16334e-16,1.38778e-16,2.13878e-06,5.55112e-17,1.38778e-16,1.11022e-16,1.66533e-16,7.21645e-16,7.45390e-06,4.16334e-17,4.99600e-16,1.66533e-16,5.55112e-16,3.05311e-16,7.77156e-16,1.66533e-16,1.38778e-16,1.22125e-15,8.32667e-16
1.11022e-15,5.55112e-17,1.38778e-16,2.66744e-06,3.88578e-16,1.11022e-16,3.05311e-16,1.24900e-16,4.44089e-16,7.25253e-06,9.71445e-17,1.11022e-16,2.77556e-16,0.00000e+00,2.77556e-16,2.17945e-08,2.22045e-16,3.05311e-16,3.33067e-16,3.88578e-16
1.44329e-15,1.11022e-16,4.16334e-17,3.02815e-06,1.94289e-16,2.22045e-16,4.71845e-16,5.55112e-17,2.22045e-16,6.91396e-06,9.71445e-17,7.77156e-16,2.22045e-16,0.00000e+00,3.88578e-16,9.94987e-09,4.71845e-16,1.66533e-16,7.77156e-16,0.00000e+00
4.44089e-16,3.33067e-16,9.71445e-17,3.53113e-06,3.05311e-16,1.11022e-16,5.55112e-17,1.94289e-16,4.44089e-16,6.03293e-06,1.66533e-16,4.33013e-08,3.33067e-16,6.10623e-16,1.66533e-16,1.40000e-08,8.32667e-17,1.94289e-16,1.22125e-15,4.44089e-16
1.44329e-15,1.94289e-16,6.93889e-17,4.34436e-06,3.33067e-16,3.88578e-16,2.77556e-17,1.66533e-16,1.16573e-15,5.30792e-06,1.11022e-16,1.11022e-15,2.22045e-16,8.32667e-16,3.33067e-16,5.49909e-08,6.10623e-16,2.49800e-16,0.00000e+00,5.55112e-16
7.77156e-16,3.33067e-16,8.32667e-17,4.80795e-06,2.22045e-16,5.55112e-17,1.94289e-16,0.00000e+00,1.11022e-15,4.90462e-06,8.32667e-17,6.66134e-16,1.66533e-16,6.10623e-16,2.77556e-16,3.89744e-07,4.98397e-08,8.32667e-17,1.11022e-16,7.21645e-16
1.22125e-15,2.77556e-17,1.24900e-16,5.40418e-06,2.49800e-16,3.60822e-16,2.77556e-16,2.22045e-16,7.77156e-16,5.15515e-06,1.24900e-16,1.70587e-08,8.32667e-16,6.66134e-16,4.16334e-16,2.25266e-06,2.53701e-07,2.77556e-16,9.99201e-16,1.33227e-15
9.99201e-16,4.71845e-16,1.24900e-16,6.32239e-06,2.77556e-17,4.16334e-16,1.94289e-16,1.66533e-16,7.21645e-16,7.32561e-06,1.66533e-16,1.11022e-16,6.10623e-16,9.99201e-16,3.33067e-16,3.58233e-06,7.20291e-07,3.33067e-16,9.99201e-16,1.11022e-15
3.33067e-16,2.22045e-16,5.55112e-17,6.79862e-06,3.60822e-16,1.11022e-16,3.05311e-16,2.49800e-16,1.22125e-15,1.04819e-05,5.55112e-17,2.22045e-16,1.11022e-15,1.05471e-15,7.21645e-16,3.20880e-06,1.23923e-06,5.55112e-17,0.00000e+00,6.66134e-16
1.44329e-15,2.77556e-17,9.71445e-17,7.90215e-06,4.71845e-16,4.16334e-16,0.00000e+00,3.60822e-16,6.66134e-16,1.29681e-05,1.11022e-16,9.99201e-16,1.11022e-15,5.55112e-16,3.88578e-16,3.86929e-06,1.58202e-06,2.77556e-17,5.55112e-16,1.33227e-15
6.66134e-16,4.99600e-16,1.52656e-16,8.29025e-06,3.33067e-16,2.22045e-16,3.33067e-16,3.60822e-16,8.88178e-16,1.12082e-05,2.22045e-16,4.53762e-08,3.33067e-16,5.55112e-17,9.43690e-16,5.37615e-06,1.57027e-06,3.05311e-16,5.55112e-16,8.88178e-16
1.22125e-15,4.99600e-16,1.38778e-16,7.82678e-06,4.16334e-16,1.66533e-16,2.77556e-17,1.11022e-16,9.99201e-16,1.00532e-05,9.71445e-17,7.77156e-16,8.88178e-16,5.55112e-16,6.10623e-16,5.90771e-06,1.69229e-06,8.32667e-17,8.88178e-16,3.33067e-16
1.22125e-15,3.33067e-16,6.93889e-17,7.84448e-06,1.11022e-16,0.00000e+00,2.77556e-16,8.32667e-17,1.11022e-15,8.55382e-06,8.32667e-17,2.71293e-08,6.66134e-16,2.22045e-16,1.66533e-16,5.49556e-06,1.85608e-06,5.55112e-17,6.66134e-16,8.88178e-16
7.77156e-16,3.33067e-16,9.71445e-17,8.40612e-06,3.05311e-16,6.66134e-16,3.88578e-16,4.99600e-16,4.44089e-16,6.86698e-06,8.32667e-17,1.11022e-15,1.22125e-15,1.11022e-16,8.32667e-16,3.99547e-06,2.32909e-06,5.55112e-17,1.33227e-15,1.22125e-15
5.55112e-16,3.88578e-16,1.38778e-17,8.67961e-06,1.94289e-16,8.32667e-16,2.77556e-16,2.77556e-16,1.11022e-16,7.30531e-06,5.55112e-17,2.66454e-15,5.55112e-16,8.88178e-16,0.00000e+00,4.35793e-06,2.50312e-06,2.22045e-16,1.11022e-16,9.99201e-16
1.22125e-15,2.77556e-16,0.00000e+00,8.40281e-06,8.32667e-17,4.44089e-16,3.88578e-16,4.99600e-16,7.77156e-16,1.04582e-05,1.38778e-16,6.66134e-16,3.33067e-16,6.66134e-16,6.66134e-16,4.78476e-06,4.46647e-06,8.32667e-17,4.44089e-16,2.44249e-15
8.88178e-16,5.55112e-16,1.66533e-16,9.68779e-06,2.22045e-16,4.44089e-16,6.66134e-16,5.55112e-16,4.44089e-16,1.23728e-05,1.66533e-16,1.77636e-15,8.88178e-16,7.77156e-16,4.44089e-16,6.71275e-06,8.59536e-06,3.05311e-16,4.44089e-16,1.11022e-15
6.66134e-16,7.77156e-16,5.55112e-17,1.01929e-05,2.77556e-17,4.99600e-16,4.99600e-16,2.77556e-16,3.33067e-16,1.41608e-05,2.22045e-16,8.88178e-16,7.77156e-16,1.88738e-15,1.22125e-15,6.87941e-06,8.74083e-06,5.55112e-17,2.44249e-15,8.88178e-16
5.55112e-16,9.94987e-09,1.11022e-16,1.01968e-05,2.77556e-17,3.33067e-16,1.66533e-16,3.88578e-16,4.44089e-16,1.42118e-05,0.00000e+00,1.33227e-15,6.66134e-16,3.33067e-16,7.77156e-16,7.28359e-06,1.35948e-05,3.33067e-16,1.55431e-15,1.33227e-15
3.33067e-16,1.40000e-08,6.93889e-17,9.56199e-06,2.77556e-16,2.22045e-16,1.11022e-16,6.10623e-16,1.33227e-15,1.37585e-05,2.49800e-16,1.99840e-15,2.22045e-16,0.00000e+00,8.88178e-16,9.00480e-06,1.19302e-05,2.22045e-16,8.88178e-16,0.00000e+00
1.77636e-15,4.89898e-08,1.11022e-16,1.09104e-05,1.94289e-16,2.22045e-16,9.99201e-16,1.11022e-16,1.11022e-16,1.34774e-05,1.94289e-16,9.94987e-08,1.55431e-15,2.22045e-16,9.99201e-16,1.08016e-05,1.17573e-05,1.11022e-16,0.00000e+00,8.88178e-16
7.77156e-16,1.94021e-07,9.71445e-17,1.27138e-05,1.66533e-16,4.99600e-16,4.99600e-16,4.44089e-16,1.33227e-15,1.28980e-05,3.05311e-16,3.46987e-07,1.55431e-15,0.00000e+00,1.33227e-15,1.03013e-05,1.28741e-05,1.38778e-16,1.33227e-15,1.11022e-15
5.55112e-16,5.67729e-07,4.16334e-17,9.05806e-06,3.05311e-16,8.88178e-16,1.66533e-16,2.77556e-16,1.11022e-16,1.33247e-05,2.22045e-16,2.22045e-15,1.99840e-15,1.11022e-15,1.55431e-15,8.53273e-06,1.31285e-05,2.77556e-16,2.66454e-15,1.55431e-15
2.22045e-16,1.20742e-06,1.38778e-16,8.68043e-06,3.05311e-16,1.11022e-16,9.99201e-16,1.66533e-16,8.88178e-16,1.14326e-05,1.66533e-16,9.94987e-08,1.55431e-15,7.77156e-16,9.99201e-16,1.01712e-05,1.57753e-05,1.94289e-16,1.33227e-15,2.44249e-15
0.00000e+00,1.92085e-06,4.16334e-17,7.70077e-06,1.38778e-16,8.88178e-16,4.99600e-16,4.99600e-16,8.88178e-16,1.56865e-05,2.22045e-16,9.94987e-08,8.88178e-16,9.99201e-16,9.99201e-16,1.20084e-05,1.81202e-05,8.32667e-17,2.22045e-16,4.44089e-16
0.00000e+00,2.58819e-06,1.11022e-16,6.64181e-06,5.55112e-17,9.99201e-16,1.22125e-15,6.66134e-16,1.33227e-15,1.98049e-05,2.22045e-16,2.86182e-07,1.33227e-15,4.44089e-16,4.44089e-16,1.69384e-05,1.73412e-05,3.33067e-16,1.55431e-15,1.99840e-15
1.66533e-15,3.06155e-06,1.24900e-16,8.10740e-06,1.66533e-16,5.55112e-16,5.55112e-16,3.33067e-16,2.33147e-15,1.93506e-05,1.38778e-16,3.24962e-07,1.77636e-15,1.11022e-15,7.77156e-16,1.30350e-05,1.96034e-05,1.66533e-16,6.66134e-16,1.55431e-15
2.22045e-16,4.78097e-06,9.71445e-17,9.67574e-06,8.32667e-17,9.99201e-16,0.00000e+00,2.77556e-16,3.33067e-16,1.93248e-05,1.66533e-16,1.40000e-07,1.33227e-15,3.33067e-16,1.44329e-15,1.48549e-05,1.79217e-05,1.66533e-16,2.22045e-15,2.88658e-15
6.66134e-16,7.95428e-06,9.71445e-17,1.07856e-05,5.55112e-17,0.00000e+00,0.00000e+00,2.22045e-16,1.55431e-15,2.08530e-05,1.11022e-16,2.55147e-07,0.00000e+00,1.22125e-15,3.33067e-16,1.46035e-05,1.61389e-05,3.33067e-16,4.44089e-16,1.99840e-15
1.44329e-15,8.29106e-06,6.93889e-17,1.01484e-05,2.77556e-17,7.77156e-16,7.77156e-16,5.55112e-17,1.55431e-15,2.32763e-05,3.33067e-16,2.17945e-07,2.88658e-15,7.77156e-16,8.88178e-16,1.52843e-05,1.71825e-05,1.66533e-16,2.66454e-15,2.22045e-15
8.88178e-16,8.18221e-06,1.80411e-16,1.07929e-05,2.77556e-17,3.33067e-16,7.77156e-16,5.55112e-16,1.55431e-15,2.16495e-05,3.33067e-16,2.76405e-07,4.44089e-16,1.33227e-15,7.77156e-16,1.42956e-05,2.10045e-05,1.66533e-16,3.33067e-15,2.22045e-15
1.66533e-15,1.08468e-05,1.52656e-16,1.10361e-05,2.77556e-17,4.44089e-16,2.22045e-16,4.62493e-08,1.11022e-15,2.07473e-05,5.55112e-17,2.59808e-07,4.44089e-16,0.00000e+00,1.44329e-15,1.38132e-05,1.65942e-05,8.32667e-17,1.11022e-15,1.55431e-15
6.66134e-16,9.37559e-06,5.55112e-17,1.03571e-05,2.77556e-17,8.88178e-16,1.33227e-15,9.69330e-08,1.77636e-15,1.86796e-05,2.49800e-16,4.93559e-07,2.22045e-16,5.55112e-16,1.11022e-16,1.13249e-05,1.80820e-05,1.94289e-16,1.55431e-15,1.55431e-15
1.11022e-15,9.37953e-06,4.16334e-17,9.37197e-06,1.38778e-16,1.33227e-15,7.77156e-16,4.22435e-07,2.66454e-15,1.55947e-05,1.38778e-16,4.09390e-07,2.88658e-15,2.22045e-16,6.66134e-16,1.18162e-05,1.95003e-05,1.66533e-16,1.99840e-15,1.99840e-15
0.00000e+00,9.96260e-06,6.93889e-17,8.93400e-06,2.49800e-16,8.88178e-16,1.44329e-15,8.60662e-07,0.00000e+00,1.31105e-05,2.22045e-16,6.30159e-07,1.11022e-15,5.55112e-16,4.44089e-16,1.10842e-05,1.98547e-05,8.32667e-17,2.22045e-16,8.88178e-16
4.44089e-16,1.18583e-05,1.11022e-16,9.39793e-06,1.94289e-16,7.77156e-16,0.00000e+00,1.49228e-06,1.11022e-15,1.53146e-05,1.66533e-16,7.81025e-07,1.33227e-15,1.44329e-15,7.77156e-16,1.61050e-05,1.90004e-05,5.55112e-17,6.66134e-16,0.00000e+00
9.99201e-16,1.07783e-05,1.66533e-16,9.99488e-06,5.55112e-17,1.22125e-15,0.00000e+00,1.47019e-06,4.44089e-16,1.61018e-05,5.55112e-16,8.72009e-07,1.11022e-15,0.00000e+00,1.22125e-15,1.58380e-05,1.62719e-05,1.38778e-16,2.66454e-15,1.33227e-15
1.44329e-15,1.07868e-05,9.71445e-17,1.09393e-05,5.55112e-17,0.00000e+00,1.11022e-16,4.71577e-06,1.55431e-15,1.77693e-05,1.66533e-16,1.07350e-06,3.33067e-15,6.66134e-16,1.11022e-16,1.92546e-05,1.34844e-05,2.77556e-17,1.77636e-15,1.11022e-15
2.22045e-16,8.74739e-06,6.93889e-17,1.12334e-05,3.60822e-16,5.55112e-16,5.55112e-16,4.60060e-06,1.55431e-15,1.76990e-05,4.71845e-16,1.39323e-06,1.11022e-15,1.77636e-15,5.55112e-16,1.90077e-05,1.73011e-05,1.38778e-16,2.44249e-15,1.99840e-15
2.22045e-16,1.28686e-05,1.24900e-16,1.36797e-05,2.22045e-16,6.66134e-16,1.11022e-16,1.91351e-06,1.55431e-15,1.76131e-05,3.33067e-16,1.64012e-06,1.55431e-15,1.22125e-15,5.55112e-16,2.31304e-05,2.58833e-05,2.77556e-16,1.77636e-15,1.55431e-15
7.77156e-16,9.22186e-06,6.93889e-17,1.63259e-05,1.94289e-16,5.55112e-16,7.77156e-16,3.44045e-06,2.22045e-15,1.69118e-05,3.33067e-16,2.05670e-06,2.44249e-15,9.99201e-16,7.77156e-16,2.19496e-05,2.22382e-05,1.38778e-16,6.66134e-16,1.55431e-15
5.55112e-16,7.51574e-06,9.71445e-17,1.79492e-05,5.55112e-17,9.99201e-16,7.77156e-16,2.65339e-06,2.88658e-15,1.72653e-05,5.55112e-16,2.43350e-06,1.99840e-15,1.11022e-15,7.77156e-16,2.13314e-05,2.40671e-05,1.94289e-16,2.22045e-15,1.11022e-15
4.44089e-16,6.36712e-06,6.93889e-17,1.88160e-05,2.22045e-16,3.33067e-16,1.11022e-16,3.35864e-06,1.11022e-15,1.61871e-05,6.66134e-16,2.64167e-06,6.66134e-16,1.11022e-15,1.33227e-15,1.93780e-05,2.00506e-05,1.66533e-16,1.99840e-15,1.11022e-15
5.55112e-16,6.83077e-06,1.52656e-16,1.73401e-05,3.33067e-16,7.77156e-16,4.44089e-16,4.09099e-06,1.77636e-15,1.53542e-05,1.66533e-16,2.89294e-06,2.66454e-15,9.99201e-16,1.33227e-15,2.38579e-05,1.71617e-05,2.22045e-16,2.66454e-15,2.44249e-15
9.99201e-16,4.98125e-06,5.55112e-17,1.48635e-05,1.66533e-16,7.77156e-16,5.55112e-16,4.59989e-06,2.22045e-15,2.21306e-05,6.66134e-16,3.18074e-06,3.10862e-15,1.11022e-16,9.99201e-16,2.77329e-05,2.02357e-05,3.05311e-16,1.33227e-15,2.44249e-15
8.88178e-16,6.61039e-06,8.32667e-17,1.39666e-05,2.22045e-16,2.22045e-16,5.55112e-16,4.60760e-06,1.99840e-15,2.71118e-05,6.10623e-16,3.61248e-06,1.77636e-15,0.00000e+00,4.44089e-16,2.51290e-05,2.34053e-05,2.22045e-16,2.44249e-15,1.99840e-15
7.77156e-16,4.56839e-06,5.55112e-17,1.37624e-05,1.11022e-16,1.11022e-15,3.33067e-16,4.22347e-06,1.77636e-15,2.47609e-05,5.55112e-17,4.10005e-06,1.99840e-15,9.99201e-16,5.55112e-16,2.66703e-05,2.62516e-05,1.94289e-16,4.44089e-16,1.55431e-15
5.55112e-16,4.57837e-06,8.32667e-17,1.50303e-05,8.32667e-17,0.00000e+00,7.77156e-16,3.60481e-06,0.00000e+00,2.77162e-05,3.88578e-16,4.53370e-06,1.11022e-15,0.00000e+00,5.55112e-16,2.84846e-05,2.01359e-05,3.05311e-16,8.88178e-16,1.11022e-15
6.66134e-16,5.20289e-06,9.71445e-17,1.52953e-05,3.05311e-16,4.44089e-16,1.11022e-16,3.37157e-06,0.00000e+00,2.49391e-05,8.32667e-16,4.83135e-06,1.55431e-15,6.66134e-16,6.66134e-16,2.59052e-05,1.97069e-05,2.22045e-16,1.77636e-15,1.55431e-15
3.33067e-16,4.64751e-06,2.77556e-17,1.84213e-05,3.33067e-16,7.77156e-16,1.11022e-16,4.13370e-06,2.22045e-15,2.35241e-05,6.66134e-16,5.08066e-06,2.88658e-15,2.22045e-16,8.88178e-16,2.34169e-05,1.95377e-05,0.00000e+00,6.66134e-16,1.77636e-15
1.22125e-15,5.10750e-06,6.93889e-17,2.00803e-05,8.32667e-17,8.88178e-16,1.22125e-15,5.47982e-06,2.66454e-15,2.22272e-05,4.99600e-16,5.45940e-06,1.77636e-15,7.77156e-16,7.77156e-16,3.10007e-05,1.91801e-05,1.38778e-16,1.77636e-15,1.33227e-15
5.55112e-16,7.11790e-06,9.71445e-17,1.71911e-05,1.38778e-16,9.99201e-16,0.00000e+00,6.10517e-06,3.33067e-15,2.09066e-05,7.21645e-16,5.95190e-06,3.77476e-15,3.33067e-16,8.88178e-16,2.41302e-05,1.96160e-05,2.77556e-16,8.88178e-16,0.00000e+00
5.55112e-16,1.35506e-05,4.16334e-17,1.80730e-05,2.77556e-17,4.44089e-16,8.88178e-16,5.41575e-06,3.10862e-15,1.82570e-05,3.33067e-16,6.32565e-06,1.11022e-15,5.55112e-16,7.21645e-16,1.78441e-05,1.53187e-05,3.05311e-16,2.44249e-15,1.99840e-15
1.22125e-15,1.15270e-05,1.11022e-16,2.05472e-05,3.33067e-16,4.44089e-16,0.00000e+00,4.42596e-06,1.33227e-15,1.70514e-05,2.22045e-16,6.35245e-06,3.77476e-15,7.77156e-16,1.66533e-16,1.59787e-05,1.35329e-05,1.38778e-16,1.99840e-15,1.33227e-15
6.66134e-16,1.55351e-05,1.38778e-16,2.23511e-05,1.38778e-16,8.88178e-16,5.55112e-16,3.72231e-06,8.88178e-16,1.88385e-05,2.77556e-16,6.35701e-06,1.11022e-15,1.11022e-15,6.10623e-16,1.70089e-05,1.30932e-05,3.05311e-16,1.77636e-15,1.33227e-15
6.66134e-16,2.59541e-05,1.66533e-16,2.30722e-05,2.77556e-17,1.22125e-15,2.22045e-16,3.77692e-06,1.77636e-15,1.98121e-05,1.11022e-16,6.40852e-06,1.11022e-15,7.77156e-16,2.22045e-16,1.65200e-05,1.36351e-05,1.94289e-16,1.99840e-15,2.44249e-15
6.66134e-16,1.46192e-05,1.11022e-16,2.07153e-05,2.49800e-16,2.22045e-16,3.33067e-16,3.82124e-06,1.77636e-15,2.19318e-05,2.77556e-16,6.75053e-06,2.66454e-15,4.44089e-16,5.55112e-16,1.53046e-05,1.38387e-05,1.11022e-16,1.55431e-15,1.55431e-15
4.44089e-16,2.16358e-05,1.24900e-16,2.15766e-05,1.38778e-16,7.77156e-16,8.88178e-16,4.42198e-06,4.44089e-16,2.06516e-05,6.10623e-16,7.20469e-06,6.66134e-16,1.11022e-16,2.77556e-16,1.43657e-05,1.48195e-05,1.38778e-16,2.66454e-15,1.33227e-15
5.55112e-16,1.67832e-05,0.00000e+00,2.23626e-05,2.77556e-17,6.66134e-16,1.33227e-15,5.38497e-06,3.33067e-15,2.39760e-05,4.44089e-16,7.59407e-06,8.88178e-16,9.99201e-16,4.99600e-16,1.54873e-05,1.51587e-05,0.00000e+00,8.88178e-16,0.00000e+00
1.22125e-15,1.52036e-05,1.24900e-16,2.65204e-05,1.94289e-16,6.66134e-16,1.55431e-15,5.57224e-06,6.66134e-16,2.45297e-05,5.55112e-17,8.05791e-06,1.55431e-15,8.88178e-16,6.66134e-16,1.84435e-05,1.59368e-05,1.38778e-16,1.55431e-15,4.44089e-16
3.33067e-16,1.15407e-05,1.38778e-16,2.37587e-05,1.66533e-16,7.77156e-16,1.55431e-15,7.15315e-06,2.44249e-15,2.29981e-05,5.55112e-16,8.59872e-06,1.11022e-15,8.88178e-16,9.43690e-16,2.07757e-05,1.77999e-05,1.66533e-16,1.11022e-15,4.44089e-16
7.77156e-16,1.48973e-05,1.52656e-16,2.15489e-05,4.16334e-16,1.22125e-15,1.11022e-16,7.75459e-06,3.77476e-15,2.10309e-05,7.21645e-16,9.23578e-06,2.22045e-15,6.66134e-16,1.11022e-16,2.04526e-05,1.78858e-05,8.32667e-17,1.55431e-15,4.44089e-16
9.99201e-16,1.06738e-05,1.24900e-16,1.94968e-05,8.32667e-17,7.77156e-16,4.44089e-16,7.71308e-06,2.22045e-16,2.24480e-05,3.88578e-16,9.91363e-06,1.99840e-15,1.22125e-15,5.55112e-17,1.96249e-05,1.91049e-05,2.49800e-16,1.55431e-15,1.11022e-15
6.66134e-16,1.11826e-05,8.32667e-17,1.85145e-05,1.66533e-16,0.00000e+00,4.44089e-16,7.72880e-06,6.66134e-16,2.16942e-05,0.00000e+00,1.05744e-05,6.66134e-16,9.99201e-16,5.55112e-16,2.20562e-05,2.01742e-05,2.22045e-16,1.55431e-15,2.44249e-15
3.33067e-16,1.09604e-05,6.93889e-17,2.92224e-05,1.66533e-16,1.22125e-15,8.88178e-16,7.79369e-06,2.88658e-15,3.52098e-05,1.66533e-16,1.10962e-05,1.55431e-15,6.66134e-16,7.21645e-16,2.39766e-05,2.04581e-05,2.49800e-16,1.55431e-15,2.66454e-15
1.22125e-15,1.09433e-05,1.94289e-16,3.02788e-05,1.11022e-16,7.77156e-16,1.55431e-15,7.44862e-06,1.99840e-15,3.62813e-05,5.55112e-17,1.16550e-05,1.77636e-15,7.77156e-16,2.22045e-16,3.00641e-05,2.18678e-05,8.32667e-17,2.22045e-15,1.33227e-15
5.55112e-16,1.40535e-05,6.93889e-17,2.72747e-05,2.22045e-16,1.11022e-15,1.55431e-15,6.94155e-06,6.66134e-16,3.73953e-05,1.11022e-16,1.19923e-05,1.11022e-15,0.00000e+00,0.00000e+00,3.35955e-05,2.19886e-05,3.33067e-16,2.22045e-15,1.55431e-15
1.11022e-15,9.92207e-06,9.71445e-17,3.29218e-05,3.05311e-16,1.44329e-15,1.33227e-15,9.37356e-06,2.88658e-15,3.75132e-05,5.55112e-17,1.23990e-05,2.88658e-15,8.88178e-16,4.44089e-16,3.84033e-05,2.37905e-05,2.49800e-16,4.44089e-16,1.33227e-15
1.11022e-16,1.49277e-05,9.71445e-17,2.71513e-05,4.71845e-16,9.99201e-16,2.44249e-15,1.22910e-05,1.55431e-15,3.90245e-05,7.21645e-16,1.26351e-05,2.88658e-15,0.00000e+00,4.99600e-16,3.23167e-05,3.10319e-05,3.60822e-16,1.55431e-15,1.55431e-15
8.88178e-16,1.80867e-05,1.11022e-16,3.17159e-05,2.77556e-17,8.88178e-16,1.11022e-15,1.20841e-05,3.77476e-15,3.69485e-05,0.00000e+00,1.28132e-05,1.77636e-15,1.22125e-15,5.55112e-17,3.16751e-05,3.89738e-05,2.22045e-16,1.55431e-15,6.66134e-16
1.22125e-15,1.55883e-05,1.24900e-16,2.66512e-05,1.66533e-16,9.99201e-16,2.44249e-15,1.19096e-05,2.44249e-15,4.32213e-05,5.55112e-17,1.27381e-05,1.55431e-15,1.44329e-15,9.43690e-16,3.17220e-05,4.23355e-05,1.66533e-16,1.33227e-15,1.33227e-15
1.11022e-15,1.61512e-05,9.71445e-17,2.84707e-05,2.22045e-16,1.11022e-15,2.44249e-15,1.07018e-05,8.88178e-16,4.75780e-05,8.32667e-16,1.27515e-05,1.99840e-15,6.66134e-16,4.44089e-16,2.60014e-05,3.46957e-05,1.11022e-16,1.55431e-15,1.77636e-15
6.66134e-16,1.25756e-05,1.66533e-16,2.74237e-05,2.22045e-16,2.22045e-16,8.88178e-16,1.11915e-05,2.66454e-15,4.16464e-05,4.44089e-16,1.26752e-05,1.11022e-15,1.11022e-16,2.77556e-16,2.85332e-05,2.82009e-05,1.94289e-16,2.66454e-15,1.99840e-15
1.11022e-16,1.49538e-05,4.16334e-17,3.16044e-05,0.00000e+00,1.22125e-15,2.66454e-15,1.45840e-05,2.66454e-15,4.32813e-05,6.10623e-16,1.24557e-05,1.77636e-15,6.66134e-16,1.66533e-16,2.43075e-05,2.78596e-05,1.66533e-16,0.00000e+00,1.77636e-15
6.66134e-16,1.50207e-05,1.38778e-16,3.28502e-05,2.22045e-16,6.66134e-16,1.77636e-15,9.84875e-06,6.66134e-16,4.86122e-05,0.00000e+00,1.24781e-05,6.66134e-16,6.66134e-16,6.10623e-16,2.43915e-05,2.68607e-05,3.33067e-16,1.99840e-15,1.40000e-07
6.66134e-16,2.09372e-05,8.32667e-17,3.97111e-05,0.00000e+00,4.44089e-16,2.22045e-15,9.45585e-06,8.88178e-16,5.04804e-05,3.88578e-16,1.24826e-05,2.22045e-16,1.11022e-15,4.99600e-16,2.33923e-05,2.50924e-05,1.94289e-16,2.44249e-15,1.40000e-07
1.22125e-15,1.90454e-05,2.77556e-17,3.68487e-05,2.77556e-16,3.33067e-16,1.55431e-15,1.07330e-05,6.66134e-16,4.63748e-05,3.88578e-16,1.25015e-05,4.44089e-16,7.77156e-16,2.22045e-16,2.63978e-05,2.84350e-05,2.77556e-16,1.55431e-15,1.77636e-15
1.11022e-16,3.09058e-05,6.93889e-17,3.59967e-05,3.05311e-16,1.11022e-15,2.22045e-16,8.45370e-06,2.22045e-15,4.58064e-05,3.33067e-16,1.26634e-05,8.88178e-16,4.44089e-16,8.88178e-16,2.73087e-05,2.90962e-05,1.38778e-16,2.44249e-15,1.33227e-15
1.11022e-15,3.28783e-05,1.66533e-16,3.55339e-05,1.66533e-16,1.11022e-16,1.99840e-15,1.04703e-05,2.22045e-15,5.39763e-05,6.10623e-16,1.28332e-05,3.33067e-15,7.77156e-16,5.55112e-17,2.60363e-05,2.72222e-05,2.49800e-16,1.99840e-15,7.00000e-07
1.22125e-15,3.37189e-05,1.11022e-16,4.71064e-05,1.38778e-16,1.33227e-15,2.44249e-15,9.25203e-06,0.00000e+00,5.57952e-05,2.77556e-16,1.30491e-05,2.22045e-16,9.99201e-16,6.10623e-16,2.62151e-05,3.25597e-05,1.11022e-16,1.55431e-15,1.68000e-06
7.77156e-16,3.53335e-05,1.11022e-16,3.44381e-05,1.66533e-16,7.77156e-16,8.88178e-16,1.27362e-05,3.33067e-15,5.82750e-05,6.10623e-16,1.33169e-05,4.44089e-16,6.66134e-16,6.66134e-16,3.16725e-05,3.74791e-05,1.94289e-16,2.88658e-15,2.80000e-07
1.22125e-15,2.88777e-05,1.24900e-16,3.78553e-05,3.60822e-16,6.66134e-16,1.77636e-15,1.17487e-05,1.77636e-15,6.14603e-05,0.00000e+00,1.36330e-05,2.44249e-15,6.66134e-16,3.88578e-16,2.98939e-05,3.33767e-05,5.55112e-17,1.55431e-15,1.54000e-06
5.55112e-16,2.40402e-05,0.00000e+00,3.72722e-05,3.60822e-16,9.99201e-16,1.77636e-15,1.21297e-05,1.99840e-15,5.23847e-05,6.66134e-16,1.38531e-05,2.44249e-15,7.77156e-16,4.44089e-16,3.00093e-05,3.19171e-05,2.49800e-16,1.99840e-15,1.82000e-06
9.99201e-16,2.40069e-05,1.24900e-16,3.30013e-05,4.71845e-16,3.33067e-16,1.99840e-15,1.19853e-05,1.11022e-15,4.93148e-05,4.44089e-16,1.44147e-05,1.33227e-15,8.88178e-16,3.88578e-16,3.90184e-05,3.95619e-05,2.77556e-16,1.33227e-15,2.52000e-06
1.11022e-15,2.23474e-05,1.11022e-16,3.26006e-05,3.05311e-16,8.32667e-16,0.00000e+00,1.07406e-05,1.55431e-15,5.27525e-05,2.77556e-16,1.49942e-05,1.77636e-15,7.77156e-16,3.88578e-16,4.02043e-05,4.80359e-05,1.94289e-16,1.33227e-15,4.90000e-06
8.88178e-16,2.58149e-05,8.32667e-17,3.45408e-05,3.05311e-16,9.43690e-16,0.00000e+00,9.49132e-06,2.22045e-16,6.08351e-05,3.88578e-16,1.54973e-05,8.88178e-16,1.11022e-16,3.33067e-16,4.26505e-05,4.63894e-05,1.11022e-16,3.10862e-15,4.48000e-06
7.77156e-16,1.84305e-05,1.24900e-16,3.65412e-05,2.77556e-16,9.99201e-16,1.55431e-15,7.83929e-06,1.99840e-15,6.22488e-05,5.55112e-16,1.58707e-05,1.55431e-15,1.22125e-15,4.44089e-16,4.42503e-05,4.99351e-05,2.49800e-16,1.55431e-15,6.16000e-06
1.11022e-15,1.74295e-05,9.71445e-17,3.66537e-05,5.27356e-16,1.11022e-16,6.66134e-16,7.56341e-06,2.22045e-15,6.53115e-05,6.66134e-16,1.63709e-05,1.77636e-15,1.22125e-15,2.22045e-16,5.43869e-05,5.24180e-05,1.66533e-16,2.88658e-15,3.50000e-06
5.55112e-16,1.98616e-05,6.93889e-17,3.75958e-05,2.77556e-17,1.11022e-15,2.44249e-15,9.02075e-06,1.55431e-15,7.90071e-05,4.44089e-16,1.66911e-05,3.55271e-15,6.66134e-16,4.99600e-16,4.68404e-05,4.82687e-05,2.77556e-16,1.99840e-15,2.80000e-07
3.33067e-16,1.62759e-05,1.24900e-16,3.21159e-05,8.32667e-17,1.16573e-15,1.33227e-15,1.06741e-05,2.66454e-15,6.65271e-05,5.55112e-16,1.71269e-05,2.44249e-15,7.77156e-16,5.55112e-17,4.53145e-05,4.96682e-05,8.32667e-17,6.66134e-16,1.68000e-06
1.22125e-15,2.04687e-05,9.71445e-17,3.52878e-05,2.77556e-17,6.10623e-16,1.11022e-15,1.26944e-05,3.10862e-15,5.81172e-05,6.66134e-16,1.74301e-05,1.55431e-15,2.22045e-16,8.88178e-16,4.50348e-05,5.65895e-05,1.38778e-16,1.11022e-15,1.40000e-07
7.77156e-16,1.81343e-05,9.71445e-17,3.54204e-05,2.77556e-17,1.11022e-16,6.66134e-16,1.47429e-05,2.22045e-15,5.95478e-05,5.55112e-17,1.76943e-05,1.33227e-15,1.33227e-15,4.99600e-16,4.01264e-05,5.40599e-05,2.49800e-16,1.77636e-15,6.30000e-06
4.44089e-16,1.20471e-05,1.11022e-16,3.83340e-05,1.66533e-16,1.22125e-15,4.44089e-16,1.51781e-05,1.99840e-15,6.20412e-05,5.55112e-16,1.79744e-05,1.55431e-15,1.33227e-15,4.44089e-16,3.83000e-05,4.89341e-05,2.22045e-16,1.99840e-15,7.84000e-06
9.99201e-16,1.17952e-05,1.80411e-16,3.37022e-05,3.88578e-16,7.77156e-16,1.33227e-15,1.53742e-05,1.33227e-15,7.34518e-05,3.88578e-16,1.84343e-05,6.66134e-16,9.99201e-16,9.43690e-16,3.90548e-05,5.74384e-05,3.33067e-16,1.33227e-15,6.16000e-06
0.00000e+00,1.43901e-05,1.11022e-16,3.19998e-05,1.66533e-16,4.99600e-16,0.00000e+00,1.54851e-05,0.00000e+00,7.06581e-05,7.21645e-16,1.90786e-05,1.99840e-15,1.33227e-15,3.33067e-16,4.05657e-05,6.09625e-05,1.66533e-16,6.66134e-16,2.52000e-06
6.66134e-16,1.31781e-05,9.71445e-17,3.79033e-05,2.22045e-16,8.32667e-16,1.33227e-15,1.61700e-05,2.66454e-15,6.61582e-05,1.66533e-16,1.97973e-05,2.66454e-15,1.11022e-16,0.00000e+00,3.84253e-05,5.41746e-05,2.77556e-16,2.22045e-16,1.40000e-07
8.88178e-16,1.61910e-05,2.77556e-17,4.23291e-05,2.22045e-16,6.66134e-16,2.44249e-15,1.47471e-05,1.11022e-15,6.37935e-05,3.88578e-16,2.06249e-05,1.33227e-15,8.88178e-16,2.77556e-16,4.23748e-05,4.78439e-05,1.38778e-16,8.88178e-16,9.80000e-07
1.22125e-15,1.50436e-05,1.94289e-16,5.05093e-05,4.99600e-16,1.11022e-15,2.22045e-15,2.32764e-05,2.44249e-15,7.27097e-05,1.66533e-16,2.15731e-05,0.00000e+00,6.66134e-16,4.44089e-16,3.63727e-05,5.36774e-05,1.66533e-16,1.77636e-15,1.82000e-06
1.11022e-15,1.63759e-05,9.71445e-17,4.82949e-05,0.00000e+00,3.88578e-16,1.33227e-15,2.37563e-05,2.44249e-15,7.99080e-05,2.77556e-16,2.26456e-05,1.11022e-15,8.88178e-16,7.77156e-16,4.14038e-05,5.54032e-05,3.33067e-16,1.99840e-15,5.60000e-07
8.88178e-16,1.78071e-05,6.93889e-17,5.26560e-05,8.32667e-17,2.77556e-16,1.11022e-15,3.19561e-05,1.77636e-15,7.25659e-05,4.99600e-16,2.40182e-05,6.66134e-16,1.55431e-15,4.44089e-16,4.29676e-05,5.57125e-05,1.66533e-16,1.99840e-15,1.40000e-07
1.44329e-15,1.71517e-05,8.32667e-17,4.57039e-05,3.05311e-16,6.66134e-16,2.22045e-16,3.08585e-05,3.33067e-15,7.49945e-05,3.33067e-16,2.53768e-05,6.66134e-16,5.55112e-16,5.55112e-16,4.06507e-05,5.42871e-05,1.66533e-16,1.55431e-15,1.17600e-05
2.22045e-16,1.90289e-05,9.71445e-17,4.51517e-05,3.05311e-16,4.99600e-16,2.88658e-15,3.19551e-05,1.77636e-15,7.02130e-05,2.77556e-16,2.69457e-05,8.88178e-16,0.00000e+00,1.11022e-16,5.42037e-05,4.52447e-05,1.38778e-16,2.22045e-16,7.42000e-06
5.55112e-16,2.55540e-05,1.52656e-16,4.29391e-05,5.55112e-17,1.16573e-15,1.33227e-15,2.53972e-05,2.22045e-15,6.90748e-05,1.66533e-16,2.84828e-05,2.22045e-16,1.44329e-15,8.32667e-16,4.46811e-05,5.08652e-05,2.22045e-16,2.22045e-15,9.80000e-07
4.44089e-16,3.57007e-05,1.52656e-16,3.87553e-05,8.32667e-17,2.22045e-16,8.88178e-16,3.34207e-05,6.66134e-16,6.10893e-05,0.00000e+00,3.00139e-05,2.22045e-16,1.22125e-15,8.88178e-16,4.52622e-05,5.32238e-05,2.22045e-16,2.88658e-15,8.96000e-06
8.88178e-16,3.78219e-05,1.24900e-16,3.53177e-05,2.49800e-16,2.22045e-16,1.77636e-15,2.63886e-05,2.22045e-16,6.17335e-05,4.44089e-16,3.11324e-05,2.22045e-16,1.44329e-15,8.32667e-16,4.35543e-05,5.57145e-05,1.94289e-16,1.55431e-15,7.14000e-06
2.22045e-16,4.37950e-05,1.24900e-16,5.01474e-05,1.38778e-16,5.55112e-16,3.33067e-15,2.31919e-05,4.44089e-16,6.78158e-05,6.10623e-16,3.16703e-05,2.88658e-15,6.66134e-16,5.55112e-16,3.76026e-05,4.80284e-05,8.32667e-17,2.66454e-15,5.32000e-06
6.66134e-16,3.84055e-05,1.11022e-16,4.33876e-05,1.38778e-16,7.21645e-16,0.00000e+00,2.65316e-05,4.44089e-16,6.66589e-05,2.77556e-16,3.20819e-05,1.33227e-15,8.88178e-16,5.55112e-16,3.64721e-05,5.91638e-05,0.00000e+00,1.55431e-15,3.36000e-06
3.33067e-16,3.34591e-05,1.24900e-16,4.32591e-05,2.22045e-16,3.33067e-16,2.88658e-15,2.62627e-05,1.55431e-15,6.20194e-05,2.22045e-16,3.26393e-05,2.66454e-15,1.11022e-16,1.66533e-16,3.96385e-05,5.89055e-05,1.94289e-16,3.10862e-15,3.22000e-06
0.00000e+00,3.48297e-05,1.66533e-16,4.52185e-05,1.66533e-16,6.66134e-16,1.99840e-15,2.48997e-05,6.66134e-16,5.78830e-05,1.66533e-16,3.35138e-05,1.77636e-15,5.55112e-16,7.21645e-16,3.80659e-05,5.18438e-05,2.22045e-16,2.22045e-15,7.84000e-06
5.55112e-16,3.38684e-05,1.11022e-16,5.28958e-05,2.49800e-16,1.11022e-15,1.33227e-15,2.36003e-05,1.77636e-15,6.32387e-05,6.10623e-16,3.51597e-05,4.44089e-16,2.22045e-16,1.11022e-15,4.83806e-05,5.15786e-05,1.66533e-16,2.22045e-16,1.96000e-06
2.22045e-16,4.26121e-05,1.38778e-16,5.16968e-05,2.22045e-16,7.77156e-16,1.33227e-15,2.21174e-05,0.00000e+00,8.51031e-05,1.66533e-16,3.74551e-05,1.77636e-15,2.22045e-16,7.77156e-16,4.51442e-05,5.20906e-05,8.32667e-17,1.33227e-15,3.50000e-06
8.88178e-16,4.09806e-05,1.11022e-16,5.59473e-05,5.55112e-17,1.22125e-15,2.44249e-15,2.13469e-05,4.44089e-16,8.35972e-05,2.77556e-16,4.05280e-05,6.66134e-16,6.66134e-16,5.55112e-16,5.07438e-05,4.75120e-05,1.38778e-16,1.55431e-15,7.28000e-06
9.99201e-16,4.39802e-05,0.00000e+00,5.51522e-05,4.16334e-16,1.22125e-15,1.77636e-15,2.15982e-05,6.66134e-16,7.11288e-05,3.33067e-16,4.41923e-05,1.77636e-15,1.11022e-16,4.99600e-16,4.73699e-05,4.17276e-05,8.32667e-17,1.77636e-15,1.68000e-06
5.55112e-16,5.29561e-05,1.38778e-16,5.39792e-05,3.33067e-16,1.11022e-16,4.44089e-16,2.12363e-05,2.22045e-15,7.05824e-05,3.33067e-16,4.80414e-05,1.33227e-15,8.88178e-16,4.99600e-16,5.05802e-05,4.48744e-05,1.66533e-16,2.88658e-15,4.34000e-06
6.66134e-16,5.54921e-05,2.35922e-16,5.83075e-05,4.16334e-16,1.22125e-15,2.66454e-15,2.04469e-05,1.77636e-15,8.15522e-05,6.10623e-16,5.17699e-05,6.66134e-16,1.22125e-15,4.44089e-16,4.78582e-05,5.23739e-05,2.22045e-16,1.33227e-15,2.10000e-06
2.22045e-16,6.44196e-05,1.11022e-16,6.14703e-05,0.00000e+00,8.32667e-16,1.55431e-15,2.23516e-05,2.88658e-15,8.03178e-05,1.66533e-16,5.56065e-05,6.66134e-16,9.99201e-16,2.22045e-16,4.78735e-05,4.85162e-05,3.33067e-16,1.55431e-15,1.03600e-05
6.66134e-16,7.05323e-05,2.77556e-17,6.80585e-05,2.22045e-16,6.66134e-16,1.77636e-15,2.25656e-05,6.66134e-16,7.86928e-05,1.66533e-16,5.92850e-05,2.22045e-15,1.22125e-15,6.66134e-16,5.39118e-05,4.42968e-05,2.22045e-16,2.66454e-15,5.60000e-06
4.44089e-16,6.55578e-05,1.66533e-16,6.67921e-05,1.66533e-16,9.99201e-16,0.00000e+00,2.45487e-05,1.99840e-15,8.35863e-05,6.10623e-16,6.10024e-05,2.22045e-15,5.55112e-16,1.11022e-16,6.29547e-05,4.25681e-05,1.66533e-16,1.77636e-15,2.80000e-06
7.77156e-16,6.53594e-05,6.93889e-17,6.86107e-05,2.77556e-17,0.00000e+00,2.44249e-15,2.71140e-05,2.44249e-15,8.03408e-05,2.77556e-16,5.93575e-05,0.00000e+00,7.77156e-16,3.88578e-16,5.89148e-05,3.98080e-05,1.94289e-16,2.44249e-15,6.02000e-06
7.77156e-16,6.78447e-05,1.94289e-16,7.25806e-05,4.44089e-16,6.10623e-16,1.11022e-15,2.94877e-05,2.44249e-15,8.26450e-05,5.55112e-16,6.01133e-05,1.77636e-15,6.66134e-16,7.77156e-16,5.98441e-05,4.65599e-05,1.94289e-16,1.99840e-15,6.16000e-06
1.11022e-16,6.81938e-05,2.77556e-17,7.35284e-05,3.33067e-16,4.44089e-16,1.33227e-15,3.09498e-05,8.88178e-16,8.67303e-05,5.55112e-17,6.52663e-05,2.22045e-15,7.77156e-16,3.33067e-16,6.83118e-05,5.24284e-05,1.38778e-16,1.55431e-15,2.94000e-06
0.00000e+00,6.92534e-05,1.11022e-16,7.53322e-05,2.22045e-16,0.00000e+00,1.99840e-15,3.14726e-05,8.88178e-16,7.30803e-05,0.00000e+00,7.22115e-05,2.66454e-15,8.88178e-16,4.44089e-16,5.94485e-05,4.14773e-05,1.94289e-16,1.33227e-15,5.60000e-06
6.66134e-16,6.53265e-05,9.71445e-17,7.40217e-05,2.22045e-16,1.05471e-15,8.88178e-16,3.28105e-05,2.44249e-15,7.21967e-05,2.77556e-16,6.67740e-05,2.88658e-15,3.33067e-16,9.99201e-16,5.61461e-05,5.19257e-05,8.32667e-17,2.88658e-15,9.66000e-06
2.22045e-16,7.75466e-05,1.80411e-16,6.92574e-05,3.33067e-16,9.99201e-16,1.11022e-15,3.52238e-05,1.77636e-15,6.86741e-05,2.22045e-16,6.29461e-05,1.77636e-15,8.88178e-16,8.32667e-16,6.23627e-05,5.28746e-05,3.88578e-16,8.88178e-16,9.94000e-06
4.44089e-16,9.49115e-05,2.77556e-17,7.05426e-05,4.44089e-16,7.21645e-16,1.11022e-15,3.57814e-05,0.00000e+00,7.67246e-05,3.33067e-16,6.16364e-05,1.33227e-15,1.55431e-15,1.11022e-16,6.44814e-05,5.84345e-05,3.33067e-16,2.66454e-15,4.20000e-06
4.44089e-16,8.74969e-05,1.24900e-16,7.56746e-05,1.11022e-16,0.00000e+00,2.44249e-15,3.71158e-05,0.00000e+00,8.46428e-05,2.22045e-16,6.22549e-05,1.33227e-15,1.22125e-15,4.44089e-16,6.80733e-05,5.54733e-05,1.94289e-16,1.11022e-15,7.00000e-07
1.22125e-15,8.78244e-05,1.11022e-16,8.43738e-05,3.33067e-16,6.66134e-16,3.10862e-15,3.78152e-05,2.22045e-15,8.25645e-05,6.10623e-16,6.28624e-05,1.11022e-15,1.55431e-15,2.77556e-16,7.40854e-05,5.62201e-05,2.77556e-16,1.11022e-15,4.20000e-07
1.22125e-15,8.89561e-05,8.32667e-17,8.00039e-05,1.11022e-16,6.66134e-16,4.44089e-16,4.02223e-05,2.22045e-15,8.09943e-05,4.99600e-16,6.34006e-05,8.88178e-16,7.77156e-16,3.33067e-16,7.58643e-05,5.20028e-05,1.94289e-16,1.11022e-15,1.68000e-06
6.66134e-16,9.20318e-05,1.11022e-16,8.08307e-05,4.99600e-16,5.55112e-17,1.33227e-15,3.94459e-05,1.77636e-15,8.77983e-05,3.33067e-16,6.16677e-05,1.33227e-15,1.22125e-15,5.55112e-16,7.31051e-05,5.38635e-05,1.94289e-16,2.66454e-15,1.07800e-05
1.33227e-15,9.37679e-05,1.11022e-16,8.15725e-05,0.00000e+00,7.77156e-16,1.33227e-15,3.91154e-05,2.44249e-15,9.11462e-05,3.88578e-16,6.16254e-05,6.66134e-16,6.66134e-16,7.21645e-16,7.94649e-05,4.72690e-05,0.00000e+00,8.88178e-16,3.22000e-06
1.11022e-15,9.83927e-05,1.80411e-16,9.60217e-05,4.44089e-16,1.66533e-16,2.22045e-15,4.84002e-05,6.66134e-16,1.01438e-04,5.55112e-16,6.42697e-05,2.22045e-15,6.66134e-16,5.55112e-17,7.59952e-05,5.09827e-05,2.49800e-16,1.99840e-15,4.20000e-07
4.44089e-16,8.62677e-05,1.66533e-16,7.33690e-05,4.99600e-16,2.22045e-16,2.22045e-16,3.47340e-05,8.88178e-16,1.12571e-04,6.10623e-16,6.49734e-05,2.22045e-15,1.11022e-15,3.33067e-16,7.50522e-05,4.85369e-05,3.33067e-16,8.88178e-16,1.26000e-06
1.11022e-15,7.90528e-05,9.71445e-17,6.34796e-05,6.10623e-16,5.55112e-16,2.22045e-15,3.68798e-05,1.55431e-15,1.23259e-04,3.88578e-16,6.53759e-05,1.77636e-15,1.22125e-15,8.32667e-16,6.44683e-05,4.69584e-05,0.00000e+00,1.11022e-15,2.52000e-06
8.88178e-16,7.69806e-05,1.52656e-16,6.84800e-05,3.33067e-16,3.88578e-16,1.11022e-15,4.02779e-05,1.33227e-15,1.08350e-04,4.99600e-16,6.50401e-05,2.44249e-15,8.88178e-16,0.00000e+00,7.86507e-05,4.75996e-05,1.66533e-16,1.11022e-15,2.10000e-06
9.99201e-16,7.56067e-05,6.93889e-17,6.73129e-05,2.22045e-16,4.99600e-16,2.22045e-15,4.49628e-05,1.55431e-15,1.17103e-04,7.21645e-16,6.36989e-05,0.00000e+00,5.55112e-16,6.66134e-16,8.39753e-05,6.23333e-05,0.00000e+00,1.33227e-15,2.52000e-06
1.22125e-15,9.36023e-05,1.52656e-16,9.59813e-05,3.33067e-16,7.77156e-16,2.88658e-15,3.83805e-05,1.11022e-15,1.28284e-04,3.88578e-16,6.48277e-05,0.00000e+00,6.66134e-16,4.44089e-16,7.39615e-05,5.69013e-05,1.11022e-16,2.22045e-16,7.42000e-06
1.33227e-15,8.40946e-05,5.55112e-17,7.58646e-05,3.33067e-16,4.44089e-16,1.11022e-15,4.72809e-05,6.66134e-16,1.24772e-04,4.44089e-16,6.75698e-05,1.55431e-15,0.00000e+00,4.99600e-16,7.32987e-05,6.02154e-05,8.32667e-17,2.22045e-15,4.06000e-06
1.22125e-15,8.76031e-05,1.66533e-16,1.02718e-04,3.88578e-16,8.32667e-16,1.55431e-15,4.36816e-05,8.88178e-16,1.27782e-04,3.33067e-16,7.36363e-05,2.22045e-15,0.00000e+00,3.33067e-16,6.76144e-05,6.13629e-05,3.05311e-16,1.77636e-15,7.00000e-07
4.44089e-16,8.07169e-05,1.80411e-16,9.93087e-05,6.10623e-16,7.77156e-16,4.44089e-16,6.16894e-05,2.22045e-15,1.36308e-04,4.99600e-16,8.09588e-05,1.55431e-15,1.22125e-15,5.55112e-16,7.09760e-05,5.29577e-05,1.94289e-16,1.11022e-15,1.73600e-05
1.22125e-15,8.33192e-05,8.32667e-17,1.01586e-04,1.38778e-16,7.77156e-16,3.10862e-15,5.29178e-05,1.33227e-15,1.55686e-04,1.11022e-16,8.38714e-05,1.55431e-15,1.33227e-15,7.21645e-16,6.62463e-05,6.17001e-05,2.22045e-16,2.22045e-15,8.82000e-06
0.00000e+00,9.85876e-05,1.52656e-16,1.22066e-04,1.66533e-16,6.66134e-16,2.44249e-15,7.28969e-05,1.99840e-15,1.41119e-04,3.33067e-16,8.61619e-05,6.66134e-16,7.77156e-16,4.99600e-16,7.77013e-05,5.04170e-05,2.77556e-16,3.10862e-15,8.54000e-06
1.44329e-15,8.06690e-05,1.80411e-16,1.11748e-04,1.11022e-16,4.44089e-16,2.44249e-15,5.18306e-05,1.11022e-15,1.34112e-04,0.00000e+00,8.96009e-05,3.77476e-15,3.33067e-16,7.77156e-16,6.86921e-05,5.33682e-05,1.94289e-16,1.77636e-15,5.46000e-06
7.77156e-16,6.59607e-05,8.32667e-17,8.83902e-05,3.60822e-16,2.22045e-16,2.22045e-15,5.37395e-05,3.77476e-15,1.31227e-04,4.99600e-16,9.12694e-05,1.33227e-15,6.66134e-16,6.10623e-16,6.29550e-05,5.28101e-05,1.94289e-16,1.33227e-15,1.03600e-05
9.99201e-16,7.70443e-05,1.94289e-16,8.50433e-05,2.77556e-16,6.66134e-16,2.44249e-15,5.95717e-05,0.00000e+00,1.24964e-04,1.66533e-16,9.83736e-05,0.00000e+00,1.55431e-15,7.77156e-16,6.94423e-05,5.46573e-05,3.60822e-16,2.22045e-15,9.52000e-06
1.44329e-15,6.94943e-05,1.11022e-16,8.84133e-05,2.22045e-16,7.21645e-16,2.88658e-15,5.48222e-05,0.00000e+00,1.46565e-04,3.88578e-16,9.76547e-05,8.88178e-16,7.77156e-16,5.55112e-16,6.61012e-05,5.19860e-05,3.33067e-16,1.55431e-15,2.38000e-06
7.77156e-16,8.12061e-05,1.11022e-16,1.08829e-04,3.33067e-16,1.16573e-15,3.10862e-15,5.61528e-05,0.00000e+00,1.35997e-04,6.10623e-16,8.69301e-05,2.88658e-15,5.55112e-16,3.88578e-16,6.30008e-05,5.78992e-05,3.33067e-16,1.99840e-15,1.27400e-05
8.88178e-16,8.92943e-05,1.11022e-16,9.82603e-05,4.99600e-16,8.32667e-16,8.88178e-16,5.51881e-05,1.33227e-15,1.45754e-04,3.33067e-16,8.25500e-05,3.10862e-15,9.99201e-16,5.55112e-17,6.39132e-05,6.17528e-05,1.66533e-16,6.66134e-16,2.56200e-05
0.00000e+00,8.72389e-05,6.93889e-17,1.00340e-04,2.77556e-16,6.10623e-16,1.77636e-15,6.86044e-05,1.11022e-15,1.45241e-04,2.77556e-16,8.57832e-05,4.44089e-16,1.44329e-15,5.55112e-17,6.26490e-05,5.87373e-05,1.38778e-16,1.77636e-15,2.52000e-06
1.11022e-16,8.63667e-05,1.24900e-16,1.09685e-04,2.49800e-16,8.32667e-16,1.77636e-15,6.25107e-05,2.88658e-15,1.58276e-04,4.99600e-16,9.62790e-05,1.33227e-15,8.88178e-16,3.33067e-16,6.66904e-05,5.72462e-05,2.22045e-16,2.22045e-15,1.96000e-06
1.11022e-16,9.48377e-05,6.93889e-17,1.05428e-04,0.00000e+00,5.55112e-16,1.77636e-15,6.54563e-05,2.66454e-15,1.61459e-04,6.10623e-16,1.10841e-04,6.66134e-16,8.88178e-16,3.88578e-16,6.02100e-05,5.75860e-05,2.49800e-16,8.88178e-16,1.54000e-06
4.44089e-16,1.02762e-04,9.71445e-17,9.91326e-05,2.77556e-16,1.22125e-15,2.22045e-16,8.43583e-05,2.88658e-15,1.32553e-04,3.88578e-16,1.11324e-04,2.44249e-15,6.66134e-16,5.55112e-16,6.42501e-05,5.72068e-05,2.22045e-16,1.33227e-15,8.12000e-06
7.77156e-16,9.83030e-05,1.52656e-16,1.22476e-04,2.77556e-17,5.55112e-16,8.88178e-16,6.85085e-05,0.00000e+00,1.32700e-04,2.22045e-16,1.14165e-04,2.22045e-15,5.55112e-16,3.33067e-16,5.39307e-05,5.14662e-05,2.77556e-17,1.77636e-15,1.12000e-06
7.77156e-16,9.04437e-05,1.66533e-16,1.00451e-04,8.32667e-17,1.11022e-15,1.33227e-15,6.17739e-05,2.44249e-15,1.43809e-04,3.88578e-16,1.14251e-04,2.44249e-15,7.77156e-16,1.11022e-16,5.39254e-05,4.59633e-05,1.38778e-16,3.10862e-15,5.60000e-07
5.55112e-16,1.19408e-04,1.52656e-16,8.52579e-05,1.66533e-16,4.44089e-16,2.44249e-15,5.95234e-05,1.77636e-15,1.45311e-04,3.33067e-16,1.13556e-04,2.22045e-16,7.77156e-16,3.33067e-16,5.62026e-05,5.13312e-05,1.11022e-16,2.66454e-15,1.59600e-05
5.55112e-16,1.13446e-04,5.55112e-17,8.82461e-05,1.66533e-16,7.21645e-16,1.77636e-15,5.18095e-05,1.11022e-15,1.33177e-04,2.77556e-16,1.12473e-04,2.66454e-15,0.00000e+00,8.88178e-16,5.43854e-05,4.99478e-05,1.94289e-16,1.99840e-15,4.34000e-06
8.88178e-16,1.26361e-04,1.11022e-16,1.19434e-04,1.66533e-16,5.55112e-16,3.10862e-15,5.52145e-05,1.33227e-15,1.45899e-04,1.66533e-16,1.10993e-04,2.22045e-15,5.55112e-16,6.10623e-16,5.29648e-05,5.61939e-05,3.88578e-16,2.66454e-15,2.10000e-05
5.55112e-16,1.30298e-04,1.38778e-17,1.15305e-04,5.55112e-16,1.05471e-15,2.22045e-15,5.25139e-05,1.33227e-15,1.37850e-04,3.88578e-16,1.08728e-04,1.11022e-15,1.22125e-15,4.44089e-16,5.65488e-05,5.74171e-05,0.00000e+00,6.66134e-16,2.66000e-06
9.99201e-16,1.30615e-04,5.55112e-16,8.50348e-05,5.32907e-15,6.66134e-16,1.11022e-15,5.25380e-05,1.33227e-15,1.24033e-04,7.21645e-16,1.05475e-04,6.66134e-16,5.55112e-16,2.77556e-16,5.38235e-05,5.07591e-05,1.66533e-16,1.99840e-15,2.52000e-06
1.11022e-15,1.12051e-04,0.00000e+00,7.27055e-05,1.06581e-14,8.88178e-16,1.33227e-15,4.96300e-05,0.00000e+00,1.12663e-04,1.66533e-16,1.04484e-04,6.66134e-16,1.22125e-15,6.66134e-16,5.76737e-05,4.99026e-05,5.55112e-17,4.44089e-16,2.45000e-05
8.88178e-16,1.05118e-04,4.44089e-15,6.46954e-05,8.52651e-14,0.00000e+00,3.33067e-15,4.56861e-05,2.66454e-15,1.06808e-04,1.66533e-16,1.03836e-04,8.88178e-16,1.11022e-15,7.77156e-16,5.39756e-05,4.63644e-05,2.49800e-16,2.22045e-15,9.10000e-06
5.55112e-16,1.01699e-04,0.00000e+00,6.01402e-05,1.13687e-13,1.44329e-15,6.21725e-15,4.47981e-05,2.66454e-15,1.04362e-04,2.77556e-16,1.06110e-04,3.77476e-15,1.33227e-15,5.55112e-16,5.40142e-05,4.30355e-05,3.88578e-16,1.33227e-15,6.86000e-06
7.77156e-16,9.91578e-05,2.48690e-14,5.91381e-05,5.68434e-14,2.66454e-15,3.55271e-15,4.51877e-05,1.11022e-15,1.04147e-04,5.55112e-16,1.09767e-04,4.44089e-16,1.11022e-15,6.66134e-16,5.03745e-05,4.09440e-05,2.49800e-16,2.22045e-15,3.08000e-06
6.66134e-16,9.47943e-05,2.66454e-14,6.05592e-05,1.13687e-13,2.22045e-15,4.44089e-15,4.65688e-05,2.22045e-16,1.04137e-04,8.32667e-16,1.15341e-04,1.55431e-15,7.77156e-16,6.66134e-16,4.73735e-05,4.05383e-05,1.11022e-16,1.77636e-15,1.68000e-06
6.66134e-16,9.19685e-05,3.55271e-15,6.13472e-05,2.84217e-13,2.44249e-15,8.88178e-16,4.67759e-05,3.10862e-15,9.65567e-05,2.22045e-16,1.21003e-04,1.99840e-15,9.99201e-16,5.55112e-16,4.44815e-05,4.02296e-05,2.22045e-16,2.22045e-15,5.32000e-06
1.22125e-15,9.06880e-05,3.01981e-14,6.55537e-05,8.52651e-14,2.66454e-15,9.76996e-15,4.66808e-05,1.33227e-15,9.13346e-05,3.88578e-16,1.26074e-04,1.77636e-15,9.99201e-16,0.00000e+00,4.48358e-05,4.28549e-05,5.55112e-17,2.22045e-16,4.48000e-06
5.55112e-16,9.10905e-05,7.10543e-15,6.67128e-05,2.84217e-14,7.99361e-15,3.55271e-15,4.59234e-05,2.44249e-15,9.55352e-05,1.11022e-16,1.30219e-04,3.77476e-15,1.66533e-15,6.66134e-16,4.62217e-05,5.44493e-05,2.22045e-15,2.66454e-15,6.02000e-06
5.55112e-16,7.96640e-05,1.42109e-14,7.15608e-05,1.42109e-13,8.88178e-16,6.21725e-15,4.73531e-05,2.22045e-16,8.69477e-05,5.55112e-16,1.34002e-04,1.33227e-15,1.11022e-15,9.99201e-16,4.78127e-05,5.06158e-05,7.10543e-14,2.22045e-15,3.92000e-06
3.33067e-16,8.10630e-05,6.21725e-15,7.41170e-05,7.10543e-14,1.06581e-14,3.55271e-15,4.76213e-05,1.55431e-15,8.40469e-05,3.88578e-16,1.39095e-04,6.66134e-16,0.00000e+00,7.77156e-16,4.99015e-05,4.80148e-05,2.84217e-14,1.55431e-15,1.96000e-06
8.88178e-16,7.79585e-05,1.15463e-14,7.72251e-05,9.94760e-14,1.77636e-14,1.24345e-14,4.60311e-05,8.88178e-16,8.09154e-05,3.88578e-16,1.40464e-04,1.11022e-15,3.33067e-16,0.00000e+00,4.88343e-05,4.28653e-05,9.94760e-14,4.44089e-16,3.22000e-06
0.00000e+00,7.81261e-05,4.44089e-15,8.44959e-05,1.42109e-14,1.24345e-14,8.88178e-15,4.58907e-05,2.88658e-15,8.16029e-05,5.55112e-16,1.38870e-04,8.88178e-16,6.66134e-16,6.66134e-16,4.93075e-05,4.49765e-05,8.52651e-14,4.44089e-16,6.16000e-06
6.66134e-16,7.55878e-05,4.44089e-16,8.83549e-05,5.68434e-14,1.24345e-14,1.06581e-14,6.88207e-05,1.55431e-15,8.44274e-05,2.88658e-15,1.35447e-04,8.88178e-16,1.11022e-16,1.11022e-16,4.94745e-05,3.55931e-05,3.55271e-14,1.77636e-15,4.48000e-06
1.33227e-15,7.60696e-05,4.88498e-15,8.68757e-05,3.55271e-14,2.13163e-14,2.13163e-14,5.14392e-05,8.88178e-16,8.77473e-05,4.88498e-15,1.51662e-04,8.88178e-16,0.00000e+00,1.22125e-15,4.93520e-05,3.31552e-05,1.06581e-13,4.88498e-15,1.12000e-06
1.11022e-16,8.09056e-05,1.77636e-15,8.76199e-05,4.61853e-14,2.48690e-14,2.66454e-14,6.23999e-05,2.88658e-15,8.88808e-05,2.84217e-14,1.30273e-04,6.66134e-16,1.66533e-15,1.99840e-15,5.13023e-05,3.25505e-05,3.55271e-14,1.59872e-14,1.68000e-06
3.33067e-16,1.15881e-04,2.88658e-15,8.56388e-05,2.48690e-14,0.00000e+00,3.55271e-14,7.37274e-05,1.55431e-15,8.76347e-05,3.55271e-14,1.26872e-04,2.22045e-16,2.22045e-16,1.11022e-15,5.54454e-05,2.91617e-05,1.42109e-14,0.00000e+00,3.64000e-06
5.55112e-16,1.24336e-04,3.33067e-15,8.08071e-05,7.10543e-15,1.20792e-13,4.97380e-14,7.29448e-05,2.66454e-15,8.65277e-05,2.48690e-14,1.26266e-04,1.11022e-15,1.11022e-15,1.77636e-15,5.74543e-05,2.82005e-05,3.55271e-15,6.39488e-14,2.38000e-06
4.44089e-16,1.24726e-04,1.33227e-15,8.21887e-05,3.90799e-14,8.52651e-14,2.84217e-14,7.27543e-05,1.33227e-15,9.28601e-05,2.84217e-14,1.27471e-04,1.55431e-15,1.44329e-15,4.44089e-16,5.77706e-05,2.91158e-05,3.55271e-15,7.10543e-14,1.82000e-06
1.11022e-15,3.29258e-04,1.55431e-15,8.62946e-05,2.13163e-14,7.10543e-14,2.13163e-14,7.16027e-05,1.77636e-15,8.79965e-05,6.39488e-14,1.30894e-04,3.99680e-15,2.22045e-16,4.44089e-15,5.58995e-05,3.38045e-05,2.13163e-14,4.26326e-14,1.40000e-07
1.11022e-16,6.57331e-04,2.66454e-15,9.76632e-05,2.30926e-14,2.13163e-14,7.10543e-15,7.16992e-05,2.66454e-15,1.00964e-04,6.39488e-14,1.40417e-04,1.99840e-15,9.99201e-16,2.66454e-15,5.37118e-05,4.47496e-05,3.01981e-14,9.94760e-14,2.52000e-06
6.66134e-16,1.36774e-03,3.33067e-15,1.95443e-04,3.01981e-14,1.42109e-14,5.68434e-14,7.28342e-05,3.10862e-15,1.12575e-04,3.55271e-14,1.30590e-04,1.33227e-15,1.33227e-15,7.99361e-15,5.69473e-05,4.51108e-05,2.13163e-14,8.52651e-14,5.04000e-06
2.44249e-15,1.53175e-03,8.88178e-16,4.06613e-04,0.00000e+00,2.13163e-14,2.84217e-14,7.05279e-05,1.33227e-15,1.19711e-04,4.97380e-14,1.44437e-04,4.44089e-16,1.33227e-15,5.32907e-15,5.60981e-05,4.17511e-05,1.95399e-14,5.68434e-14,4.20000e-07
8.88178e-16,8.88547e-04,2.22045e-15,3.98266e-04,1.06581e-14,1.42109e-14,1.06581e-14,7.10608e-05,1.33227e-15,1.28332e-04,9.23706e-14,1.23914e-04,1.99840e-15,1.55431e-15,3.90799e-14,6.38517e-05,5.10417e-05,1.24345e-14,8.52651e-14,5.32000e-06
1.11022e-15,1.13933e-03,1.99840e-15,5.48292e-04,3.55271e-15,1.42109e-14,2.48690e-14,7.28474e-05,2.22045e-15,1.11350e-04,5.68434e-14,1.25299e-04,0.00000e+00,1.99840e-15,7.10543e-14,5.26136e-05,4.42026e-05,1.15463e-14,1.27898e-13,2.94000e-06
2.44249e-15,3.24424e-04,2.22045e-16,5.22237e-04,1.42109e-14,2.84217e-14,3.90799e-14,8.26251e-05,3.99680e-15,1.08824e-04,4.26326e-14,1.23865e-04,1.99840e-15,3.77476e-15,0.00000e+00,5.92347e-05,3.65106e-05,8.88178e-16,4.26326e-14,3.78000e-06
2.44249e-15,4.51747e-04,1.11022e-16,6.08470e-04,1.24345e-14,1.77636e-14,6.75016e-14,9.98899e-05,7.54952e-15,9.29462e-05,6.39488e-14,1.22511e-04,1.99840e-15,2.22045e-16,1.98952e-13,6.35493e-05,4.57318e-05,9.76996e-15,9.94760e-14,4.34000e-06
1.77636e-15,4.24795e-04,1.77636e-15,8.40797e-04,8.88178e-16,2.84217e-14,3.55271e-14,1.29508e-04,1.95399e-14,1.05416e-04,4.97380e-14,1.20279e-04,3.33067e-15,1.77636e-15,4.26326e-14,7.11210e-05,4.56061e-05,8.88178e-15,1.20792e-13,8.82000e-06
1.99840e-15,9.25295e-04,2.22045e-16,1.12458e-03,1.77636e-15,6.39488e-14,4.97380e-14,1.90984e-04,3.55271e-14,1.31365e-04,4.26326e-14,1.17470e-04,2.22045e-16,2.66454e-15,1.42109e-13,6.64211e-05,5.60292e-05,2.66454e-15,7.81597e-14,1.27400e-05
4.44089e-16,7.76997e-04,8.88178e-16,9.14538e-04,1.06581e-14,0.00000e+00,7.10543e-14,2.72710e-04,7.10543e-14,1.35373e-04,9.23706e-14,1.14688e-04,6.66134e-16,2.44249e-15,2.27374e-13,5.80423e-05,4.65830e-05,7.10543e-15,4.26326e-14,1.28800e-05
1.55431e-15,1.42551e-03,1.11022e-16,1.04770e-03,1.06581e-14,5.68434e-14,8.52651e-14,3.09223e-04,6.39488e-14,1.45910e-04,4.26326e-14,1.15035e-04,1.77636e-15,0.00000e+00,7.10543e-14,6.94731e-05,5.13031e-05,0.00000e+00,4.97380e-14,1.14800e-05
2.44249e-15,1.38969e-03,6.10623e-16,1.39360e-03,1.77636e-15,1.13687e-13,5.68434e-14,2.25998e-04,4.97380e-14,1.34485e-04,2.84217e-14,1.14016e-04,6.66134e-16,1.77636e-15,7.10543e-14,5.93613e-05,4.96066e-05,4.44089e-15,5.32907e-14,5.74000e-06
1.55431e-15,1.50561e-03,4.44089e-16,1.83470e-03,5.32907e-15,3.55271e-14,7.10543e-14,2.21529e-04,3.55271e-14,1.42412e-04,3.90799e-14,1.11017e-04,1.55431e-15,1.55431e-15,7.10543e-14,6.00353e-05,5.12943e-05,7.10543e-15,3.55271e-15,1.12000e-06
1.77636e-15,1.28086e-03,1.66533e-16,2.36751e-03,7.99361e-15,6.39488e-14,1.98952e-13,3.78126e-04,1.42109e-14,1.58319e-04,1.06581e-14,1.08516e-04,2.44249e-15,4.44089e-16,1.42109e-14,5.60081e-05,5.04066e-05,7.99361e-15,1.42109e-14,7.14000e-06
4.44089e-16,7.39494e-04,0.00000e+00,2.19855e-03,6.21725e-15,1.27898e-13,8.52651e-14,3.38932e-04,3.90799e-14,1.36498e-04,0.00000e+00,1.13876e-04,4.44089e-16,2.44249e-15,2.84217e-14,5.97699e-05,4.31805e-05,1.06581e-14,3.90799e-14,8.12000e-06
4.44089e-16,8.91504e-04,2.77556e-16,1.89303e-03,3.10862e-15,9.23706e-14,1.27898e-13,3.46230e-04,5.32907e-14,1.41836e-04,1.42109e-14,1.24326e-04,3.10862e-15,1.77636e-15,4.26326e-14,5.53715e-05,3.98137e-05,5.32907e-15,1.77636e-15,1.21800e-05
1.77636e-15,1.01359e-03,5.55112e-16,2.41741e-03,3.33067e-15,7.10543e-14,1.27898e-13,5.48703e-04,1.06581e-14,2.05201e-04,2.84217e-14,1.41259e-04,2.66454e-15,2.22045e-16,1.70530e-13,5.90148e-05,4.65531e-05,6.21725e-15,1.59872e-14,1.10600e-05
1.77636e-15,1.30011e-03,5.55112e-16,2.91395e-03,3.55271e-15,1.42109e-14,2.84217e-14,4.22493e-04,0.00000e+00,1.91580e-04,2.13163e-14,1.82109e-04,1.33227e-15,6.66134e-16,2.13163e-14,7.11396e-05,4.66331e-05,5.77316e-15,1.59872e-14,1.26000e-05
1.11022e-15,1.62913e-03,4.44089e-16,3.56913e-03,1.77636e-15,2.13163e-14,1.70530e-13,6.20383e-04,1.06581e-14,2.04063e-04,1.42109e-14,2.64300e-04,4.88498e-15,1.55431e-15,7.81597e-14,7.42921e-05,4.42540e-05,8.43769e-15,1.95399e-14,2.38000e-06
6.66134e-16,1.49654e-03,1.66533e-16,3.84670e-03,1.77636e-15,2.84217e-14,1.56319e-13,4.98272e-04,2.13163e-14,1.72477e-04,2.66454e-14,4.03330e-04,2.22045e-15,2.66454e-15,7.81597e-14,4.96685e-05,5.43445e-05,6.66134e-15,1.24345e-14,5.46000e-06
1.33227e-15,1.08775e-03,3.88578e-16,3.42842e-03,1.55431e-15,8.52651e-14,1.56319e-13,6.63544e-04,3.55271e-14,1.74375e-04,5.32907e-15,5.80911e-04,2.66454e-15,4.44089e-16,2.84217e-14,8.15359e-05,5.05804e-05,5.32907e-15,5.32907e-15,1.79200e-05
1.99840e-15,1.26210e-03,3.33067e-16,3.23575e-03,2.66454e-15,1.42109e-14,1.84741e-13,8.51173e-04,2.84217e-14,1.76962e-04,1.77636e-15,7.52540e-04,1.33227e-15,2.88658e-15,9.23706e-14,8.30720e-05,4.93458e-05,3.10862e-15,8.88178e-15,1.21800e-05
1.55431e-15,2.32517e-03,2.77556e-17,3.68387e-03,1.11022e-15,2.13163e-14,1.84741e-13,1.30913e-03,2.48690e-14,1.86705e-04,1.24345e-14,8.80438e-04,2.66454e-15,2.66454e-15,5.68434e-14,9.90500e-05,5.11686e-05,4.44089e-15,8.88178e-15,7.84000e-06
1.11022e-15,1.84969e-03,2.22045e-16,5.52937e-03,3.33067e-16,6.39488e-14,2.84217e-14,8.60618e-04,2.84217e-14,1.43478e-04,0.00000e+00,9.43345e-04,5.32907e-15,1.77636e-15,2.84217e-14,1.21627e-04,5.31128e-05,1.77636e-15,3.55271e-15,1.19000e-05
3.55271e-15,1.85173e-03,2.77556e-16,3.67955e-03,1.77636e-15,1.06581e-14,1.70530e-13,8.78168e-04,1.77636e-14,2.00507e-04,1.24345e-14,9.31062e-04,0.00000e+00,1.55431e-15,2.84217e-14,1.76311e-04,5.25959e-05,1.55431e-15,1.42109e-14,1.26000e-06
2.44249e-15,1.14071e-03,1.94289e-16,2.60362e-03,1.99840e-15,1.42109e-14,5.68434e-14,5.85774e-04,1.77636e-14,1.11807e-03,7.10543e-15,8.80838e-04,5.32907e-15,3.33067e-15,3.19744e-14,1.33592e-04,5.02306e-05,3.55271e-15,1.77636e-15,9.80000e-07
2.44249e-15,8.38630e-04,4.16334e-16,3.22713e-03,2.22045e-16,2.48690e-14,0.00000e+00,4.12518e-04,3.55271e-15,2.87413e-03,7.10543e-15,8.30356e-04,3.99680e-15,1.77636e-15,3.19744e-14,1.06342e-04,5.41030e-05,2.22045e-16,4.44089e-15,6.30000e-06
2.66454e-15,8.91480e-04,1.38778e-16,3.36220e-03,5.55112e-16,1.06581e-14,1.70530e-13,4.62311e-04,0.00000e+00,3.00242e-03,1.59872e-14,8.14442e-04,3.99680e-15,1.77636e-15,1.42109e-14,8.03405e-05,4.66644e-05,3.33067e-15,2.66454e-15,2.24000e-06
1.33227e-15,1.83752e-03,2.22045e-16,3.44703e-03,0.00000e+00,7.10543e-15,1.70530e-13,4.40875e-04,1.42109e-14,2.88692e-03,7.10543e-15,8.36164e-04,1.33227e-15,0.00000e+00,2.48690e-14,8.33052e-05,4.82583e-05,8.88178e-16,4.44089e-15,1.26000e-06
1.11022e-15,3.70248e-03,3.60822e-16,3.29612e-03,4.44089e-16,0.00000e+00,0.00000e+00,4.70939e-04,3.19744e-14,2.93122e-03,1.24345e-14,8.89905e-04,0.00000e+00,8.88178e-16,3.55271e-14,8.44225e-05,4.66571e-05,0.00000e+00,1.77636e-15,8.82000e-06
2.44249e-15,5.01586e-03,1.11022e-16,3.90581e-03,9.99201e-16,2.13163e-14,1.98952e-13,5.69968e-04,1.77636e-14,2.97976e-03,1.59872e-14,9.31611e-04,8.88178e-16,3.10862e-15,1.59872e-14,9.77165e-05,4.55005e-05,1.11022e-15,6.21725e-15,2.80000e-06
2.44249e-15,4.76958e-03,1.11022e-16,3.81149e-03,1.11022e-15,3.55271e-15,2.27374e-13,7.13440e-04,1.24345e-14,3.42374e-03,1.06581e-14,9.88625e-04,3.10862e-15,1.99840e-15,7.10543e-15,9.03690e-05,4.61882e-05,9.99201e-16,4.44089e-15,6.86000e-06
3.33067e-15,3.23824e-03,2.22045e-16,3.31157e-03,1.11022e-15,7.10543e-15,1.70530e-13,8.16311e-04,5.32907e-15,3.32632e-03,7.10543e-15,1.04839e-03,2.22045e-15,4.44089e-16,1.06581e-14,9.04425e-05,5.31492e-05,8.88178e-16,8.88178e-16,1.16200e-05
2.22045e-15,3.53789e-03,1.38778e-16,2.96430e-03,1.22125e-15,3.55271e-15,2.84217e-14,8.75776e-04,1.95399e-14,3.39129e-03,1.77636e-14,1.07269e-03,2.66454e-15,1.77636e-15,0.00000e+00,8.87398e-05,5.42389e-05,6.66134e-16,4.44089e-15,1.35800e-05
1.55431e-15,3.91925e-03,4.44089e-16,2.48082e-03,2.22045e-16,1.77636e-15,1.42109e-13,7.11340e-04,0.00000e+00,2.78800e-03,1.86517e-14,1.06687e-03,0.00000e+00,6.66134e-16,1.06581e-14,9.28058e-05,5.34744e-05,7.77156e-16,5.32907e-15,5.88000e-06
1.33227e-15,6.29500e-03,2.22045e-16,3.10021e-03,4.99600e-16,5.32907e-15,2.84217e-14,6.42908e-04,1.95399e-14,2.20459e-03,8.88178e-15,1.11113e-03,1.77636e-15,1.33227e-15,1.24345e-14,8.94505e-05,4.42650e-05,1.33227e-15,3.10862e-15,3.08000e-06
1.11022e-15,6.19628e-03,3.33067e-16,3.16339e-03,3.33067e-16,5.32907e-15,1.13687e-13,6.61068e-04,3.55271e-15,2.28668e-03,5.32907e-15,1.31942e-03,3.10862e-15,2.22045e-16,1.77636e-14,9.21164e-05,4.02252e-05,1.11022e-15,2.22045e-15,1.40000e-07
1.55431e-15,5.21835e-03,1.11022e-16,2.76532e-03,9.99201e-16,1.42109e-14,1.13687e-13,8.48912e-04,1.59872e-14,1.95113e-03,1.06581e-14,1.75843e-03,8.88178e-16,1.99840e-15,7.10543e-15,8.76324e-05,4.59298e-05,1.11022e-16,7.10543e-15,8.40000e-06
2.22045e-15,5.38452e-03,4.16334e-16,2.64949e-03,1.11022e-16,8.88178e-15,9.94760e-14,7.87132e-04,1.24345e-14,1.92746e-03,6.21725e-15,2.17639e-03,2.66454e-15,1.11022e-15,3.55271e-15,8.00052e-05,4.92218e-05,7.77156e-16,4.44089e-16,3.22000e-06
2.66454e-15,5.32317e-03,1.38778e-16,2.80271e-03,2.22045e-16,1.59872e-14,1.13687e-13,9.85216e-04,1.95399e-14,2.07145e-03,9.76996e-15,2.53579e-03,1.77636e-15,2.88658e-15,8.88178e-15,8.14214e-05,4.63396e-05,2.22045e-16,6.66134e-15,2.01600e-05
1.11022e-15,5.15318e-03,3.05311e-16,2.34111e-03,3.33067e-16,8.88178e-16,2.13163e-14,1.06115e-03,1.06581e-14,2.11246e-03,1.33227e-14,2.73281e-03,8.88178e-16,1.55431e-15,5.32907e-15,8.37027e-05,5.04533e-05,6.66134e-16,7.10543e-15,4.90000e-06
1.99840e-15,4.49591e-03,3.33067e-16,2.54481e-03,5.55112e-17,7.99361e-15,1.42109e-14,1.25932e-03,7.10543e-15,1.76584e-03,6.21725e-15,2.74007e-03,5.77316e-15,1.55431e-15,2.66454e-15,9.11012e-05,4.81663e-05,1.11022e-15,4.44089e-16,8.40000e-07
2.22045e-16,5.41912e-03,3.05311e-16,2.36708e-03,1.66533e-16,4.44089e-15,8.52651e-14,1.51535e-03,1.42109e-14,1.65822e-03,1.06581e-14,2.66368e-03,4.44089e-15,1.99840e-15,4.44089e-15,8.68770e-05,5.10603e-05,1.66533e-16,3.55271e-15,7.98000e-06
8.88178e-16,6.73127e-03,3.05311e-16,2.85203e-03,4.44089e-16,7.99361e-15,2.84217e-14,1.26874e-03,5.32907e-15,1.82284e-03,2.66454e-15,2.63475e-03,3.55271e-15,2.22045e-15,1.77636e-15,8.21813e-05,4.56898e-05,0.00000e+00,2.66454e-15,1.54000e-06
2.10942e-15,8.27164e-03,1.38778e-16,2.21655e-03,2.77556e-16,1.06581e-14,4.97380e-14,9.33633e-04,1.06581e-14,1.75029e-03,4.44089e-15,2.76399e-03,4.44089e-15,8.88178e-16,6.21725e-15,8.98145e-05,4.68422e-05,3.33067e-16,6.21725e-15,1.27400e-05
1.22125e-15,1.06836e-02,3.88578e-16,2.05119e-03,1.11022e-16,1.24345e-14,7.10543e-15,8.57220e-04,7.10543e-15,1.32803e-03,4.44089e-15,2.93614e-03,4.44089e-15,1.33227e-15,7.99361e-15,8.13654e-05,4.01011e-05,4.44089e-16,3.99680e-15,2.38000e-06
1.11022e-15,1.05025e-02,1.94289e-16,2.94544e-03,4.44089e-16,1.24345e-14,4.97380e-14,7.09875e-04,4.44089e-15,1.38730e-03,3.10862e-15,2.98050e-03,4.88498e-15,1.22125e-15,4.44089e-15,7.95934e-05,3.86077e-05,2.77556e-16,7.10543e-15,1.17600e-05
1.66533e-15,1.15999e-02,1.38778e-16,2.52784e-03,5.55112e-17,8.88178e-15,4.97380e-14,7.16911e-04,0.00000e+00,1.56847e-03,4.88498e-15,3.02759e-03,5.77316e-15,1.11022e-15,2.66454e-15,8.91951e-05,2.98395e-05,2.22045e-16,7.10543e-15,2.60400e-05
1.44329e-15,1.12018e-02,2.77556e-17,2.60546e-03,2.22045e-16,9.76996e-15,5.68434e-14,9.29414e-04,1.77636e-15,1.57273e-03,8.88178e-16,2.98527e-03,3.10862e-15,6.66134e-16,4.88498e-15,9.95279e-05,3.08676e-05,3.33067e-16,4.44089e-16,1.59600e-05
8.88178e-16,1.16356e-02,1.94289e-16,2.18870e-03,5.55112e-16,6.21725e-15,7.81597e-14,1.56460e-03,7.99361e-15,1.66766e-03,2.22045e-15,2.95950e-03,7.99361e-15,1.11022e-15,4.44089e-16,1.02311e-04,3.03606e-05,5.55112e-16,8.88178e-16,9.52000e-06
1.77636e-15,9.51106e-03,8.32667e-17,2.06613e-03,7.21645e-16,4.44089e-15,2.48690e-14,2.23026e-03,8.88178e-16,1.44167e-03,1.33227e-15,3.08220e-03,3.99680e-15,2.10942e-15,8.88178e-16,1.05561e-04,3.02683e-05,6.10623e-16,8.88178e-16,7.56000e-06
2.22045e-16,1.10111e-02,5.55112e-17,1.78024e-03,1.11022e-15,7.54952e-15,6.39488e-14,2.27121e-03,1.77636e-15,1.48381e-03,8.88178e-16,3.35286e-03,8.88178e-16,5.55112e-16,5.32907e-15,1.04610e-04,3.60021e-05,6.10623e-16,4.44089e-15,3.50000e-06
3.33067e-16,1.05736e-02,5.27356e-16,1.85357e-03,5.55112e-16,4.44089e-15,0.00000e+00,2.08304e-03,9.76996e-15,1.39926e-03,2.22045e-15,3.63755e-03,2.66454e-15,1.33227e-15,2.22045e-15,1.36232e-04,4.43423e-05,2.77556e-16,3.10862e-15,4.48000e-06
8.88178e-16,1.25635e-02,0.00000e+00,1.69021e-03,9.99201e-16,3.55271e-15,0.00000e+00,2.25619e-03,8.88178e-15,1.21130e-03,3.55271e-15,3.69627e-03,3.99680e-15,3.33067e-16,3.55271e-15,1.31479e-04,4.89140e-05,3.33067e-16,4.44089e-15,1.48400e-05
1.33227e-15,1.33064e-02,4.99600e-16,1.52034e-03,5.55112e-16,1.33227e-15,3.90799e-14,2.56555e-03,7.99361e-15,1.11616e-03,4.88498e-15,3.84998e-03,6.21725e-15,1.33227e-15,4.44089e-15,1.38347e-04,4.85239e-05,1.11022e-16,3.55271e-15,2.56200e-05
4.44089e-16,1.24409e-02,4.99600e-16,1.15042e-03,1.11022e-15,3.10862e-15,1.77636e-14,2.83310e-03,4.44089e-15,8.56609e-04,4.44089e-15,4.19427e-03,4.44089e-16,4.44089e-16,4.44089e-16,1.21165e-04,4.29414e-05,4.44089e-16,5.32907e-15,1.59600e-05
1.66533e-15,1.42181e-02,7.77156e-16,1.18124e-03,4.44089e-16,8.88178e-16,1.06581e-14,3.30119e-03,4.44089e-15,1.02415e-03,2.22045e-15,4.72383e-03,2.22045e-15,7.77156e-16,3.10862e-15,1.39952e-04,4.27829e-05,3.88578e-16,3.99680e-15,5.04000e-06
1.11022e-15,1.35127e-02,3.88578e-16,1.85785e-03,3.33067e-16,2.66454e-15,1.42109e-14,3.81644e-03,7.10543e-15,8.94751e-04,3.10862e-15,5.17106e-03,3.99680e-15,2.22045e-16,6.21725e-15,1.23293e-04,4.59290e-05,5.55112e-16,3.10862e-15,1.21800e-05
1.99840e-15,1.30086e-02,7.77156e-16,2.89764e-03,2.22045e-16,5.32907e-15,3.55271e-14,4.03783e-03,7.10543e-15,9.10947e-04,3.99680e-15,5.62357e-03,3.10862e-15,5.55112e-16,1.77636e-15,1.34353e-04,4.35550e-05,4.44089e-16,4.88498e-15,9.24000e-06
3.33067e-16,1.27094e-02,5.55112e-17,2.71261e-03,7.77156e-16,0.00000e+00,3.55271e-14,4.18036e-03,1.77636e-15,9.15574e-04,4.44089e-15,6.54928e-03,6.66134e-15,2.22045e-16,4.88498e-15,1.38761e-04,5.41798e-05,4.99600e-16,6.21725e-15,1.45600e-05
6.66134e-16,1.07922e-02,5.55112e-16,2.58774e-03,5.55112e-16,3.99680e-15,2.13163e-14,4.61267e-03,3.99680e-15,1.00634e-03,8.88178e-16,7.84867e-03,8.88178e-16,1.11022e-16,4.44089e-16,1.57438e-04,5.71589e-05,5.55112e-16,3.10862e-15,1.42800e-05
6.66134e-16,1.31885e-02,4.44089e-16,2.51159e-03,7.77156e-16,3.99680e-15,1.06581e-14,5.24600e-03,3.55271e-15,8.82276e-04,4.21885e-15,9.05158e-03,5.32907e-15,4.44089e-16,3.77476e-15,1.60111e-04,6.73131e-05,2.77556e-16,3.55271e-15,1.68000e-05
1.22125e-15,1.11097e-02,2.77556e-16,3.52861e-03,1.77636e-15,0.00000e+00,2.48690e-14,5.10794e-03,4.88498e-15,7.52803e-04,1.33227e-15,1.00350e-02,1.77636e-15,1.11022e-16,1.77636e-15,1.76532e-04,7.57013e-05,1.66533e-16,3.99680e-15,7.70000e-06
5.55112e-16,1.04917e-02,1.66533e-16,3.99125e-03,1.11022e-15,2.66454e-15,1.06581e-14,4.91752e-03,4.44089e-16,7.14494e-04,1.99840e-15,1.05409e-02,4.88498e-15,4.44089e-16,3.55271e-15,1.60628e-04,7.39653e-05,2.77556e-16,2.66454e-15,1.02200e-05
7.77156e-16,1.06827e-02,1.11022e-15,4.93397e-03,2.22045e-15,5.32907e-15,0.00000e+00,4.48344e-03,6.66134e-15,6.77075e-04,1.33227e-15,1.06019e-02,3.99680e-15,9.99201e-16,3.99680e-15,1.41065e-04,7.88263e-05,5.55112e-16,3.99680e-15,1.98800e-05
1.22125e-15,1.02242e-02,3.33067e-15,5.30200e-03,6.21725e-15,3.99680e-15,3.55271e-15,3.28693e-03,4.88498e-15,5.14744e-04,8.88178e-16,1.04290e-02,3.55271e-15,4.44089e-16,6.66134e-16,1.32839e-04,5.60904e-05,4.99600e-16,5.77316e-15,1.20400e-05
1.11022e-15,1.05180e-02,9.76996e-15,5.18514e-03,2.30926e-14,1.77636e-15,2.66454e-14,3.64246e-03,4.44089e-16,5.08257e-04,4.44089e-16,1.00342e-02,8.88178e-16,1.77636e-15,8.88178e-16,1.28881e-04,5.33074e-05,3.88578e-16,3.10862e-15,1.06400e-05
4.44089e-16,1.08854e-02,2.30926e-14,5.86956e-03,4.26326e-14,4.44089e-15,2.13163e-14,3.34627e-03,3.10862e-15,6.67726e-04,1.33227e-15,1.01065e-02,4.88498e-15,8.88178e-16,1.77636e-15,1.32703e-04,5.09580e-05,1.22125e-15,2.66454e-15,7.28000e-06
2.22045e-15,1.07754e-02,3.19744e-14,5.33903e-03,1.13687e-13,1.11022e-15,1.95399e-14,3.37157e-03,3.99680e-15,6.08538e-04,3.55271e-15,1.03037e-02,6.21725e-15,5.32907e-15,3.77476e-15,1.28027e-04,5.09350e-05,1.22125e-15,4.44089e-15,3.50000e-06
1.99840e-15,9.16861e-03,2.48690e-14,5.70773e-03,8.52651e-14,1.33227e-15,2.66454e-14,3.01948e-03,1.06581e-14,6.51723e-04,3.33067e-15,1.07194e-02,3.99680e-15,5.77316e-15,4.44089e-16,1.35673e-04,4.72838e-05,1.88738e-15,0.00000e+00,1.40000e-06
1.33227e-15,9.14262e-03,7.10543e-15,5.28523e-03,2.84217e-13,1.11022e-15,1.06581e-14,3.17155e-03,5.32907e-15,6.46744e-04,2.22045e-15,1.07543e-02,3.55271e-15,1.77636e-15,1.77636e-15,1.36883e-04,4.92873e-05,1.77636e-15,3.10862e-15,8.40000e-07
2.66454e-15,7.48477e-03,2.84217e-14,4.45775e-03,1.70530e-13,1.33227e-15,2.66454e-14,3.12498e-03,6.21725e-15,7.62573e-04,1.55431e-15,1.07134e-02,2.48690e-14,1.59872e-14,0.00000e+00,1.21776e-04,4.69931e-05,1.77636e-15,6.21725e-15,9.80000e-07
8.88178e-15,8.19587e-03,7.10543e-15,4.77756e-03,1.56319e-13,1.55431e-15,1.59872e-14,2.61541e-03,8.88178e-15,5.89837e-04,8.88178e-16,1.09816e-02,4.26326e-14,2.84217e-14,3.77476e-15,1.46142e-04,5.09607e-05,5.32907e-15,3.10862e-15,1.12000e-06
1.06581e-14,7.71272e-03,1.42109e-14,3.50677e-03,1.56319e-13,0.00000e+00,2.66454e-14,1.99560e-03,1.24345e-14,5.61890e-04,8.88178e-16,1.08322e-02,5.68434e-14,3.55271e-14,3.55271e-15,1.11187e-04,4.72070e-05,1.77636e-15,0.00000e+00,1.26000e-06
3.90799e-14,6.44789e-03,2.84217e-14,3.42555e-03,8.52651e-14,8.88178e-16,2.13163e-14,1.59395e-03,2.48690e-14,5.57907e-04,1.33227e-15,1.04901e-02,5.68434e-14,8.52651e-14,6.66134e-16,1.12406e-04,4.72725e-05,2.48690e-14,3.99680e-15,1.26000e-06
7.10543e-14,5.91039e-03,1.42109e-14,3.31626e-03,1.13687e-13,4.44089e-16,1.59872e-14,1.43931e-03,6.39488e-14,5.10154e-04,6.66134e-16,9.91582e-03,3.41061e-13,2.55795e-13,2.88658e-15,1.04136e-04,7.68328e-05,2.84217e-14,1.33227e-15,1.40000e-06
3.97904e-13,5.57034e-03,4.97380e-14,3.29890e-03,5.68434e-14,7.10543e-15,2.30926e-14,1.40792e-03,3.55271e-14,4.22888e-04,1.55431e-15,9.63428e-03,1.59162e-12,1.98952e-13,2.22045e-15,1.00668e-04,1.28112e-04,1.13687e-13,3.10862e-15,1.12000e-06
0.00000e+00,5.46791e-03,7.10543e-14,3.31209e-03,3.12639e-13,7.10543e-15,0.00000e+00,1.49259e-03,5.68434e-14,3.88982e-04,0.00000e+00,9.38263e-03,3.18323e-12,3.97904e-13,4.44089e-16,1.03501e-04,1.30711e-04,4.26326e-14,3.99680e-15,1.12000e-06
1.36424e-12,5.42400e-03,7.10543e-14,3.22496e-03,2.55795e-13,1.42109e-14,2.66454e-14,1.59912e-03,5.68434e-14,4.38758e-04,8.88178e-16,9.28220e-03,1.59162e-12,2.84217e-13,4.21885e-15,1.05176e-04,9.51180e-05,1.98952e-13,5.32907e-15,1.40000e-06
7.95808e-13,6.80776e-03,4.97380e-14,3.03827e-03,0.00000e+00,1.95399e-14,1.77636e-15,1.64619e-03,3.12639e-13,5.76934e-04,1.33227e-15,9.39548e-03,6.82121e-12,1.13687e-13,2.22045e-15,1.10058e-04,6.11441e-05,1.13687e-13,1.77636e-15,2.24000e-06
1.13687e-12,4.83542e-03,1.77636e-14,2.86595e-03,1.13687e-13,7.10543e-15,2.48690e-14,1.68908e-03,2.27374e-13,4.15060e-04,2.66454e-15,8.85431e-03,9.09495e-13,4.54747e-13,4.88498e-15,1.09849e-04,4.79406e-05,8.52651e-14,7.10543e-15,2.80000e-06
3.41061e-13,4.07883e-03,4.26326e-14,2.45025e-03,1.13687e-13,3.19744e-14,1.95399e-14,1.41266e-03,1.13687e-13,5.31393e-04,6.66134e-16,8.33595e-03,4.54747e-13,1.25056e-12,3.55271e-15,1.02867e-04,4.80286e-05,1.56319e-13,4.44089e-15,1.40000e-06
7.95808e-13,3.63807e-03,3.55271e-14,2.15258e-03,7.10543e-15,3.01981e-14,5.32907e-15,1.09758e-03,1.98952e-13,7.70176e-04,8.88178e-16,8.05822e-03,4.54747e-12,7.95808e-13,3.55271e-15,9.81024e-05,5.08978e-05,1.70530e-13,4.44089e-15,2.80000e-06
7.95808e-13,3.74690e-03,3.90799e-14,2.11005e-03,1.06581e-13,3.19744e-14,1.42109e-14,8.78755e-04,7.95808e-13,6.63641e-04,1.77636e-15,7.98818e-03,3.18323e-12,2.27374e-13,2.22045e-15,1.03550e-04,5.87444e-05,1.13687e-13,2.66454e-15,2.80000e-06
9.09495e-13,4.22899e-03,1.77636e-15,2.11435e-03,2.84217e-14,1.77636e-14,8.88178e-15,8.19250e-04,2.84217e-13,5.30700e-04,4.44089e-16,8.13105e-03,2.27374e-12,3.41061e-13,1.77636e-15,9.60422e-05,5.26174e-05,4.97380e-14,2.66454e-15,2.80000e-06
7.95808e-13,4.42004e-03,1.42109e-14,1.76925e-03,3.90799e-14,1.77636e-14,1.06581e-14,7.97371e-04,3.97904e-13,5.07008e-04,1.55431e-15,7.81797e-03,2.27374e-12,7.95808e-13,3.99680e-15,8.91550e-05,5.01457e-05,6.39488e-14,7.99361e-15,1.40000e-06
1.13687e-13,3.57781e-03,4.44089e-15,1.85360e-03,2.48690e-14,1.77636e-14,1.77636e-15,1.10799e-03,6.25278e-13,7.48780e-04,2.22045e-16,7.57442e-03,2.95586e-12,4.54747e-13,0.00000e+00,8.81764e-05,5.00096e-05,2.84217e-14,8.88178e-15,2.84217e-14
6.82121e-13,4.00166e-03,3.55271e-15,1.75844e-03,1.77636e-14,1.06581e-14,1.42109e-14,1.11608e-03,1.08002e-12,6.20589e-04,2.22045e-16,7.49045e-03,2.50111e-12,3.97904e-13,7.10543e-15,8.77154e-05,5.76007e-05,7.10543e-14,1.59872e-14,1.42109e-14
6.25278e-13,3.51637e-03,7.10543e-15,2.09932e-03,1.06581e-14,1.06581e-14,7.10543e-15,1.10420e-03,2.84217e-13,6.30617e-04,3.77476e-15,7.29451e-03,1.13687e-12,1.13687e-13,1.77636e-15,8.17184e-05,1.05365e-04,3.55271e-14,4.44089e-15,4.20000e-06
5.68434e-14,3.09506e-03,6.21725e-15,2.13185e-03,8.88178e-15,1.77636e-15,1.24345e-14,1.18199e-03,1.70530e-13,6.89540e-04,8.88178e-16,6.60517e-03,2.50111e-12,5.11591e-13,5.32907e-15,7.44691e-05,1.89939e-04,3.19744e-14,8.88178e-16,2.66000e-05
3.41061e-13,4.31709e-03,7.10543e-15,1.82716e-03,1.06581e-14,1.77636e-15,5.32907e-15,1.20168e-03,3.97904e-13,5.85820e-04,1.55431e-15,6.17850e-03,1.81899e-12,3.41061e-13,6.21725e-15,7.54418e-05,2.90712e-04,5.32907e-14,1.77636e-15,3.41061e-13
2.84217e-14,4.39719e-03,1.33227e-15,1.99296e-03,2.66454e-15,1.77636e-15,2.13163e-14,1.25127e-03,1.02318e-12,6.54942e-04,4.44089e-16,5.94223e-03,5.68434e-13,2.27374e-13,1.33227e-14,7.62803e-05,6.97365e-04,2.48690e-14,3.55271e-15,2.80000e-05
1.42109e-14,4.40511e-03,1.77636e-15,1.95552e-03,0.00000e+00,7.10543e-15,5.32907e-15,1.03995e-03,4.54747e-13,6.35822e-04,1.33227e-15,5.95707e-03,7.95808e-13,1.98952e-13,1.15463e-14,7.95813e-05,2.72178e-03,1.06581e-14,9.76996e-15,2.80000e-05
1.56319e-13,5.13035e-03,3.99680e-15,1.60755e-03,2.66454e-15,7.10543e-15,1.06581e-14,1.03108e-03,1.70530e-13,5.84020e-04,2.22045e-15,5.85206e-03,6.82121e-13,8.52651e-14,1.42109e-14,7.89632e-05,5.35695e-03,1.24345e-14,2.66454e-15,1.40000e-05
4.26326e-14,4.89742e-03,1.77636e-15,1.37092e-03,8.88178e-16,4.44089e-15,1.06581e-14,1.00181e-03,9.66338e-13,5.10987e-04,3.33067e-15,5.91406e-03,2.27374e-13,9.94760e-14,1.77636e-14,7.56998e-05,9.51220e-03,1.59872e-14,1.15463e-14,5.60000e-05
1.42109e-13,4.12759e-03,1.99840e-15,1.39982e-03,8.88178e-15,2.66454e-15,1.59872e-14,8.12742e-04,3.97904e-13,4.58003e-04,3.10862e-15,5.76820e-03,1.25056e-12,1.27898e-13,1.42109e-14,8.08619e-05,1.01633e-02,1.06581e-14,8.88178e-16,1.40000e-04
9.94760e-14,4.70849e-03,2.44249e-15,1.69395e-03,5.32907e-15,8.88178e-16,1.42109e-14,1.02752e-03,5.68434e-13,5.09139e-04,2.22045e-15,5.52035e-03,6.82121e-13,1.42109e-13,1.06581e-14,1.05580e-04,1.08603e-02,1.68754e-14,3.55271e-15,1.36424e-12
7.10543e-15,5.57235e-03,0.00000e+00,1.61196e-03,3.10862e-15,7.99361e-15,7.10543e-15,9.27176e-04,3.41061e-13,5.43553e-04,1.11022e-15,5.11912e-03,5.11591e-13,5.68434e-14,1.59872e-14,1.09997e-04,1.26597e-02,1.06581e-14,2.66454e-15,2.80000e-04
0.00000e+00,6.93134e-03,8.88178e-16,1.73147e-03,3.55271e-15,6.21725e-15,2.30926e-14,8.23431e-04,2.84217e-14,5.06346e-04,1.77636e-15,4.77322e-03,3.41061e-13,4.97380e-14,1.77636e-15,1.15573e-04,1.61941e-02,7.99361e-15,6.21725e-15,1.40000e-04
5.68434e-14,6.16854e-03,1.99840e-15,1.79438e-03,4.44089e-15,4.44089e-15,1.77636e-14,1.07572e-03,2.55795e-13,4.39087e-04,1.33227e-15,4.69933e-03,6.25278e-13,2.84217e-14,1.95399e-14,9.47324e-05,1.84333e-02,1.24345e-14,7.10543e-15,4.20000e-04
0.00000e+00,7.13409e-03,8.88178e-16,1.75119e-03,2.22045e-15,7.10543e-15,1.77636e-14,8.70872e-04,8.52651e-14,5.07401e-04,1.33227e-15,4.26842e-03,0.00000e+00,2.84217e-14,1.77636e-15,9.63288e-05,1.72752e-02,0.00000e+00,6.21725e-15,2.24000e-03
7.81597e-14,7.51249e-03,1.33227e-15,1.44844e-03,4.88498e-15,1.24345e-14,3.19744e-14,9.16968e-04,5.68434e-14,5.28850e-04,1.11022e-15,4.15084e-03,6.25278e-13,7.10543e-14,2.13163e-14,1.13059e-04,1.51896e-02,5.77316e-15,4.44089e-15,2.66000e-03
7.46070e-14,7.88322e-03,1.55431e-15,1.92002e-03,4.21885e-15,1.06581e-14,2.13163e-14,7.01621e-04,3.69482e-13,5.46171e-04,1.99840e-15,4.13879e-03,5.68434e-13,9.23706e-14,1.06581e-14,1.13641e-04,1.10657e-02,3.99680e-15,5.32907e-15,4.20000e-04
1.06581e-14,7.59466e-03,1.33227e-15,1.57171e-03,1.55431e-15,3.55271e-15,3.90799e-14,7.06321e-04,3.12639e-13,5.77226e-04,2.22045e-15,4.21125e-03,1.98952e-13,1.06581e-14,2.13163e-14,1.20511e-04,1.12259e-02,1.33227e-15,6.21725e-15,6.02000e-03
7.10543e-15,7.32629e-03,2.22045e-16,1.20419e-03,1.99840e-15,2.66454e-15,2.84217e-14,5.85822e-04,2.84217e-13,6.20101e-04,2.44249e-15,4.17220e-03,5.40012e-13,7.10543e-15,1.06581e-14,1.19017e-04,9.29039e-03,0.00000e+00,5.32907e-15,4.62000e-03
2.13163e-14,5.55383e-03,0.00000e+00,1.17102e-03,2.22045e-15,1.77636e-15,3.19744e-14,5.46634e-04,1.42109e-14,5.84243e-04,2.66454e-15,4.07515e-03,3.41061e-13,2.48690e-14,1.24345e-14,1.03964e-04,6.56419e-03,4.44089e-16,8.88178e-16,1.40000e-03
3.90799e-14,6.76139e-03,1.99840e-15,1.24540e-03,1.77636e-15,0.00000e+00,3.55271e-14,6.07214e-04,2.13163e-13,5.34396e-04,1.55431e-15,3.88618e-03,1.98952e-13,1.77636e-14,2.48690e-14,8.69462e-05,7.19780e-03,5.32907e-15,7.99361e-15,4.48000e-03
4.61853e-14,7.11525e-03,2.44249e-15,1.23198e-03,0.00000e+00,7.10543e-15,2.13163e-14,6.69995e-04,1.56319e-13,5.59999e-04,6.66134e-16,3.63164e-03,1.98952e-13,3.19744e-14,1.77636e-14,7.38217e-05,6.96339e-03,2.66454e-15,9.76996e-15,2.80000e-03
3.90799e-14,6.52884e-03,1.22125e-15,1.24431e-03,2.44249e-15,3.55271e-15,2.48690e-14,6.98998e-04,8.52651e-14,8.64043e-04,1.99840e-15,3.65265e-03,1.13687e-13,2.13163e-14,1.42109e-14,8.42150e-05,6.05121e-03,3.55271e-15,6.21725e-15,2.80000e-03
1.77636e-15,6.72380e-03,1.66533e-15,1.42150e-03,6.66134e-16,1.59872e-14,1.42109e-14,6.95620e-04,1.27898e-13,1.65243e-03,2.44249e-15,3.86656e-03,3.12639e-13,1.77636e-14,2.84217e-14,1.06726e-04,4.54367e-03,4.88498e-15,5.32907e-15,2.80000e-04
1.77636e-15,7.16044e-03,3.33067e-16,1.69643e-03,8.88178e-16,7.10543e-15,2.48690e-14,7.58699e-04,7.10543e-14,2.61561e-03,2.88658e-15,4.20852e-03,2.84217e-13,3.37508e-14,1.06581e-14,1.17930e-04,4.76047e-03,3.55271e-15,3.55271e-15,5.60000e-04
1.95399e-14,6.04064e-03,5.55112e-16,1.42732e-03,8.88178e-16,1.77636e-14,3.55271e-14,6.85718e-04,5.68434e-14,2.83728e-03,2.44249e-15,4.77375e-03,1.42109e-13,1.77636e-15,0.00000e+00,8.92840e-05,4.96957e-03,1.99840e-15,9.76996e-15,4.06000e-03
3.19744e-14,6.82779e-03,1.99840e-15,1.19238e-03,1.33227e-15,1.24345e-14,1.24345e-14,8.13151e-04,8.52651e-14,2.64399e-03,8.88178e-16,4.80258e-03,1.27898e-13,1.77636e-14,1.59872e-14,1.06535e-04,3.95076e-03,2.66454e-15,1.06581e-14,1.82000e-03
2.30926e-14,6.32637e-03,1.33227e-15,1.17710e-03,2.22045e-15,1.06581e-14,1.59872e-14,5.95504e-04,2.13163e-14,3.03836e-03,1.55431e-15,4.74229e-03,4.26326e-14,1.06581e-14,1.24345e-14,8.53932e-05,4.21544e-03,2.22045e-16,5.32907e-15,1.31600e-03
8.88178e-15,6.00765e-03,1.88738e-15,1.18993e-03,2.22045e-16,1.42109e-14,1.42109e-14,6.89289e-04,3.55271e-14,3.62315e-03,1.55431e-15,4.88763e-03,9.94760e-14,1.59872e-14,1.42109e-14,2.58816e-02,3.17268e-03,2.22045e-16,9.76996e-15,1.54000e-03
1.77636e-14,5.89583e-03,8.88178e-16,1.09588e-03,4.44089e-16,5.32907e-15,3.01981e-14,7.99281e-04,4.97380e-14,3.66083e-03,1.55431e-15,5.13927e-03,5.68434e-14,1.77636e-14,1.77636e-14,2.86852e-02,2.61849e-03,1.33227e-15,8.88178e-15,7.14000e-04
8.88178e-15,7.36513e-03,9.99201e-16,1.25670e-03,8.88178e-16,1.42109e-14,3.19744e-14,6.29102e-04,1.06581e-13,5.49871e-03,1.55431e-15,5.29735e-03,0.00000e+00,7.10543e-15,8.88178e-15,3.21717e-02,2.48821e-03,1.99840e-15,1.50990e-14,3.92000e-04
1.24345e-14,5.80239e-03,1.11022e-16,1.33843e-03,1.33227e-15,0.00000e+00,1.77636e-15,5.10911e-04,8.52651e-14,5.43711e-03,3.10862e-15,5.98802e-03,1.70530e-13,1.59872e-14,6.21725e-15,3.65399e-02,2.31792e-03,2.66454e-15,1.77636e-15,9.38000e-04
1.77636e-14,6.01595e-03,0.00000e+00,1.18686e-03,6.66134e-16,5.32907e-15,1.95399e-14,5.23323e-04,6.39488e-14,6.19107e-03,1.77636e-15,6.55607e-03,1.56319e-13,7.10543e-15,1.06581e-14,4.99898e-02,2.52066e-03,2.22045e-15,3.55271e-15,1.17600e-03
7.10543e-15,6.20326e-03,0.00000e+00,1.20570e-03,3.33067e-16,1.33227e-14,1.06581e-14,5.59559e-04,4.97380e-14,5.40971e-03,2.22045e-15,6.73286e-03,1.20792e-13,1.42109e-14,8.88178e-15,4.64694e-02,2.20259e-03,1.55431e-15,1.77636e-15,8.12000e-04
5.32907e-15,5.24968e-03,2.22045e-16,1.03764e-03,1.99840e-15,1.06581e-14,0.00000e+00,6.99251e-04,3.55271e-15,5.75628e-03,2.44249e-15,6.53798e-03,1.42109e-14,1.06581e-14,4.44089e-15,4.40819e-02,1.76966e-03,8.88178e-16,7.10543e-15,8.12000e-04
7.10543e-15,5.45472e-03,4.44089e-16,1.15600e-03,0.00000e+00,9.76996e-15,0.00000e+00,6.23708e-04,1.77636e-14,5.62568e-03,3.10862e-15,6.60498e-03,7.10543e-14,9.76996e-15,0.00000e+00,4.40015e-02,1.57649e-03,2.22045e-15,7.10543e-15,6.02000e-04
8.88178e-15,5.02612e-03,1.11022e-16,1.08070e-03,1.11022e-15,3.55271e-15,4.26326e-14,7.17576e-04,2.13163e-14,5.60189e-03,1.11022e-15,6.90961e-03,4.26326e-14,8.88178e-16,6.21725e-15,3.47373e-02,1.59306e-03,0.00000e+00,2.66454e-15,6.72000e-04
3.55271e-15,4.72806e-03,4.44089e-16,9.56347e-04,3.33067e-16,7.10543e-15,2.48690e-14,7.49823e-04,2.13163e-14,5.71987e-03,2.44249e-15,7.36658e-03,7.10543e-14,1.77636e-15,7.10543e-15,3.62109e-02,1.61365e-03,0.00000e+00,7.10543e-15,8.96000e-04
1.77636e-15,5.37799e-03,3.33067e-16,1.09158e-03,1.11022e-15,1.06581e-14,2.84217e-14,7.51035e-04,3.90799e-14,5.67659e-03,1.33227e-15,7.40927e-03,0.00000e+00,4.44089e-15,6.21725e-15,2.73744e-02,1.35985e-03,1.33227e-15,1.77636e-15,8.68000e-04
7.10543e-15,5.28256e-03,5.55112e-16,1.04032e-03,8.88178e-16,9.76996e-15,4.61853e-14,6.58078e-04,2.48690e-14,6.09684e-03,2.66454e-15,7.59889e-03,6.39488e-14,1.24345e-14,4.44089e-15,2.39746e-02,1.03545e-03,2.22045e-15,1.15463e-14,7.84000e-04
8.88178e-15,4.52367e-03,1.11022e-15,1.11847e-03,1.33227e-15,6.21725e-15,3.55271e-14,6.21154e-04,2.13163e-14,6.92253e-03,1.77636e-15,7.93522e-03,7.10543e-14,7.99361e-15,7.10543e-15,2.63873e-02,1.04027e-03,2.66454e-15,8.88178e-16,3.64000e-04
6.21725e-15,5.20090e-03,1.22125e-15,1.15245e-03,1.66533e-15,8.88178e-15,1.42109e-14,7.68705e-04,3.19744e-14,6.01552e-03,3.77476e-15,8.83795e-03,3.55271e-14,7.99361e-15,1.77636e-15,2.24714e-02,8.41945e-04,1.55431e-15,0.00000e+00,1.31600e-03
3.55271e-15,4.23670e-03,5.55112e-16,1.19090e-03,1.11022e-15,9.76996e-15,2.13163e-14,6.66721e-04,2.13163e-14,5.44610e-03,6.66134e-16,8.68921e-03,2.13163e-14,1.77636e-15,2.22045e-15,2.29555e-02,1.05515e-03,0.00000e+00,1.33227e-14,7.28000e-04
9.76996e-15,4.02960e-03,4.44089e-16,1.24350e-03,5.55112e-16,5.32907e-15,2.13163e-14,6.22901e-04,7.10543e-15,6.02594e-03,1.55431e-15,9.15191e-03,3.55271e-14,7.99361e-15,5.32907e-15,2.31599e-02,1.01902e-03,8.88178e-16,8.88178e-15,3.41061e-13
6.21725e-15,3.71687e-03,1.44329e-15,1.22137e-03,1.55431e-15,8.88178e-16,2.48690e-14,5.94353e-04,2.48690e-14,8.94453e-03,2.88658e-15,9.18506e-03,2.48690e-14,4.44089e-15,4.44089e-15,2.05998e-02,9.96999e-04,1.66533e-15,8.88178e-15,7.00000e-05
8.88178e-15,4.11629e-03,8.88178e-16,1.22372e-03,6.66134e-16,0.00000e+00,4.97380e-14,5.26483e-04,1.42109e-14,1.41003e-02,1.77636e-15,8.09205e-03,3.55271e-15,4.44089e-15,3.99680e-15,2.04387e-02,8.13672e-04,9.99201e-16,4.44089e-15,7.42000e-04
1.77636e-15,3.91932e-03,0.00000e+00,1.05802e-03,8.88178e-16,0.00000e+00,2.48690e-14,6.42336e-04,3.19744e-14,1.57648e-02,2.44249e-15,6.73865e-03,1.77636e-14,5.32907e-15,3.10862e-15,1.69598e-02,7.64140e-04,9.99201e-16,7.99361e-15,1.40000e-04
8.88178e-16,4.04541e-03,1.55431e-15,1.05992e-03,1.11022e-16,4.88498e-15,2.13163e-14,5.49682e-04,1.24345e-14,1.35115e-02,1.55431e-15,6.22186e-03,7.10543e-15,2.66454e-15,3.10862e-15,1.47808e-02,8.18132e-04,5.55112e-16,3.55271e-15,2.24000e-04
3.10862e-15,3.27440e-03,9.99201e-16,9.33751e-04,9.99201e-16,3.99680e-15,2.13163e-14,5.10075e-04,7.10543e-15,1.34771e-02,4.44089e-16,6.56095e-03,7.10543e-15,3.55271e-15,1.77636e-15,1.39668e-02,7.53117e-04,8.88178e-16,5.32907e-15,1.12000e-04
4.88498e-15,3.13596e-03,5.55112e-16,1.05537e-03,4.44089e-16,6.66134e-15,2.13163e-14,5.52763e-04,2.48690e-14,1.30182e-02,1.77636e-15,7.71209e-03,7.10543e-15,5.32907e-15,1.77636e-15,1.33845e-02,6.60855e-04,8.88178e-16,5.32907e-15,5.60000e-04
7.99361e-15,3.46777e-03,9.99201e-16,1.39341e-03,7.77156e-16,4.88498e-15,1.77636e-14,5.89360e-04,2.84217e-14,1.21139e-02,2.44249e-15,7.76077e-03,1.06581e-14,3.99680e-15,7.54952e-15,1.23895e-02,6.38715e-04,1.11022e-16,1.06581e-14,2.10000e-04
4.44089e-15,3.24279e-03,6.66134e-16,1.26699e-03,1.33227e-15,1.77636e-15,7.10543e-15,6.47894e-04,7.10543e-15,1.43784e-02,2.66454e-15,8.00130e-03,0.00000e+00,5.32907e-15,2.66454e-15,1.05860e-02,5.67025e-04,9.99201e-16,6.21725e-15,8.40000e-05
4.88498e-15,3.07104e-03,5.55112e-16,1.29497e-03,6.66134e-16,6.21725e-15,8.88178e-15,6.44550e-04,2.84217e-14,1.42971e-02,1.77636e-15,8.17508e-03,3.19744e-14,3.10862e-15,8.88178e-16,1.09045e-02,5.68367e-04,9.99201e-16,3.10862e-15,3.64000e-04
4.44089e-16,3.75618e-03,5.55112e-16,1.28171e-03,9.99201e-16,3.99680e-15,1.95399e-14,5.82676e-04,8.88178e-15,1.32627e-02,1.33227e-15,9.12146e-03,1.77636e-14,5.32907e-15,3.99680e-15,1.05637e-02,5.10398e-04,4.44089e-16,2.66454e-15,9.80000e-04
2.66454e-15,3.10441e-03,0.00000e+00,1.12646e-03,3.33067e-16,8.88178e-16,0.00000e+00,6.66159e-04,1.06581e-14,1.39277e-02,4.44089e-16,1.03831e-02,3.90799e-14,2.66454e-15,3.55271e-15,9.97318e-03,4.77651e-04,5.55112e-16,4.44089e-15,7.00000e-04
0.00000e+00,2.60773e-03,1.11022e-15,6.29651e-03,1.22125e-15,2.66454e-15,1.42109e-14,6.75685e-04,2.13163e-14,1.12522e-02,6.66134e-16,1.12528e-02,3.01981e-14,7.10543e-15,2.66454e-15,1.07585e-02,5.33421e-04,1.11022e-15,7.10543e-15,2.80000e-04
1.77636e-15,2.55370e-03,6.66134e-16,1.17416e-01,3.33067e-16,1.77636e-15,1.42109e-14,6.92551e-04,1.42109e-14,1.16722e-02,6.66134e-16,1.12242e-02,1.06581e-14,3.10862e-15,4.88498e-15,1.07452e-02,5.06590e-04,8.88178e-16,3.10862e-15,4.48000e-04
1.33227e-15,2.65812e-03,1.22125e-15,1.35341e-01,9.99201e-16,3.99680e-15,1.95399e-14,7.57154e-04,1.24345e-14,1.26563e-02,2.66454e-15,1.03550e-02,1.59872e-14,6.66134e-15,4.88498e-15,8.51836e-03,4.89034e-04,1.77636e-15,5.32907e-15,7.00000e-05
3.99680e-15,2.51597e-03,9.99201e-16,5.81736e-02,5.55112e-16,5.32907e-15,2.84217e-14,8.21424e-04,2.13163e-14,9.07320e-03,2.88658e-15,1.01614e-02,3.55271e-15,8.88178e-16,3.99680e-15,8.01806e-03,4.27673e-04,1.33227e-15,3.55271e-15,3.78000e-04
3.55271e-15,2.61203e-03,7.77156e-16,3.34758e-02,6.66134e-16,6.21725e-15,1.77636e-15,1.01993e-03,8.88178e-15,9.95847e-03,3.77476e-15,1.11131e-02,1.77636e-15,8.88178e-16,3.10862e-15,7.56771e-03,3.34741e-04,7.77156e-16,4.88498e-15,2.80000e-04
2.66454e-15,2.49602e-03,7.77156e-16,2.83260e-02,1.11022e-15,3.99680e-15,1.06581e-14,1.49613e-03,3.55271e-15,9.10515e-03,8.88178e-16,1.19553e-02,5.32907e-15,4.44089e-16,2.66454e-15,7.53161e-03,3.88909e-04,1.33227e-15,1.33227e-15,2.94000e-04
1.77636e-15,2.90901e-03,6.66134e-16,2.82304e-02,1.44329e-15,1.77636e-15,1.77636e-15,1.59877e-03,1.77636e-14,8.94625e-03,4.44089e-16,1.16745e-02,1.06581e-14,1.33227e-15,3.33067e-15,6.40631e-03,3.50246e-04,5.55112e-16,3.99680e-15,5.60000e-04
5.32907e-15,3.53579e-03,0.00000e+00,2.39621e-02,3.33067e-16,3.99680e-15,1.59872e-14,1.47837e-03,7.99361e-15,8.98169e-03,1.33227e-15,1.18096e-02,3.55271e-15,3.10862e-15,1.99840e-15,6.13053e-03,3.81046e-04,9.99201e-16,7.10543e-15,7.00000e-04
2.22045e-15,3.69469e-03,1.22125e-15,3.12145e-02,6.66134e-16,3.55271e-15,1.77636e-15,1.30509e-03,1.59872e-14,7.83876e-03,2.88658e-15,1.26538e-02,3.55271e-15,4.88498e-15,4.21885e-15,6.25995e-03,3.78288e-04,2.10942e-15,0.00000e+00,6.72000e-04
3.55271e-15,3.74228e-03,1.33227e-15,2.64491e-02,2.22045e-16,0.00000e+00,8.88178e-15,1.15519e-03,1.15463e-14,6.92978e-03,2.22045e-15,1.16102e-02,1.06581e-14,0.00000e+00,4.21885e-15,6.02544e-03,3.50598e-04,1.77636e-15,8.88178e-16,1.12000e-04
5.77316e-15,3.39757e-03,9.99201e-16,2.31846e-02,7.77156e-16,2.22045e-15,2.13163e-14,1.12955e-03,7.99361e-15,7.49874e-03,3.33067e-15,1.23705e-02,8.88178e-15,3.55271e-15,4.44089e-16,6.35822e-03,2.92397e-04,1.44329e-15,4.44089e-16,1.40000e-04
1.77636e-15,3.17827e-03,2.22045e-16,2.34587e-02,1.11022e-16,4.88498e-15,1.59872e-14,1.39341e-03,1.77636e-15,6.90900e-03,1.11022e-15,1.11413e-02,1.95399e-14,0.00000e+00,0.00000e+00,6.01289e-03,3.40213e-04,1.33227e-15,1.77636e-15,9.80000e-05
3.55271e-15,3.25939e-03,3.33067e-16,2.21906e-02,6.66134e-16,2.66454e-15,0.00000e+00,1.40659e-03,5.32907e-15,6.67111e-03,1.77636e-15,1.07320e-02,1.06581e-14,5.77316e-15,1.99840e-15,5.43689e-03,3.20392e-04,3.33067e-16,2.66454e-15,3.06600e-04
5.32907e-15,2.99590e-03,1.55431e-15,2.10975e-02,3.33067e-16,2.44249e-15,7.10543e-15,1.54526e-03,2.66454e-15,6.19460e-03,1.77636e-15,1.08311e-02,0.00000e+00,3.55271e-15,6.66134e-16,4.90798e-03,2.73486e-04,8.88178e-16,5.32907e-15,4.28400e-04
1.33227e-15,3.11619e-03,0.00000e+00,2.25659e-02,9.99201e-16,1.77636e-15,8.88178e-15,1.52990e-03,8.88178e-16,5.73741e-03,1.33227e-15,1.02219e-02,1.95399e-14,4.88498e-15,2.44249e-15,4.70038e-03,2.47905e-04,1.22125e-15,4.88498e-15,6.44000e-05
3.55271e-15,3.07650e-03,1.44329e-15,2.23144e-02,1.99840e-15,2.88658e-15,1.24345e-14,1.90124e-03,0.00000e+00,5.38155e-03,0.00000e+00,9.20191e-03,2.48690e-14,5.32907e-15,1.55431e-15,4.75631e-03,2.94518e-04,9.99201e-16,3.55271e-15,1.17600e-04
3.55271e-15,3.34322e-03,6.66134e-16,2.13358e-02,9.99201e-16,2.44249e-15,8.88178e-16,2.05746e-03,9.76996e-15,5.58433e-03,1.55431e-15,9.06429e-03,7.10543e-15,3.55271e-15,3.55271e-15,4.32297e-03,2.54722e-04,1.11022e-16,0.00000e+00,3.45800e-04
3.10862e-15,3.17396e-03,5.55112e-16,2.20524e-02,1.22125e-15,3.99680e-15,8.88178e-15,2.02265e-03,1.50990e-14,5.71089e-03,4.44089e-16,8.11154e-03,1.24345e-14,2.66454e-15,8.88178e-16,4.41917e-03,2.85909e-04,1.22125e-15,1.33227e-15,5.46000e-05
3.10862e-15,3.18546e-03,8.88178e-16,2.08939e-02,2.22045e-16,3.10862e-15,8.88178e-15,2.07183e-03,1.06581e-14,5.24801e-03,1.77636e-15,8.25034e-03,1.59872e-14,6.21725e-15,1.11022e-15,4.78081e-03,3.08890e-04,4.44089e-16,3.99680e-15,9.94000e-05
4.44089e-16,3.11474e-03,9.99201e-16,1.94129e-02,2.22045e-16,1.11022e-15,6.21725e-15,2.01795e-03,1.50990e-14,4.29226e-03,1.44329e-15,8.04675e-03,0.00000e+00,3.55271e-15,1.55431e-15,3.94796e-03,2.48935e-04,1.22125e-15,3.10862e-15,1.03600e-04
3.99680e-15,2.91000e-03,1.22125e-15,1.65725e-02,4.44089e-16,3.99680e-15,1.59872e-14,1.96191e-03,1.06581e-14,3.79687e-03,1.66533e-15,7.76432e-03,1.06581e-14,5.77316e-15,1.77636e-15,4.44217e-03,2.29277e-04,1.66533e-15,3.55271e-15,3.96200e-04
2.66454e-15,3.25941e-03,7.77156e-16,1.68474e-02,5.55112e-16,3.99680e-15,1.24345e-14,1.78288e-03,7.10543e-15,3.86260e-03,2.33147e-15,7.59867e-03,8.88178e-15,2.22045e-15,1.99840e-15,3.75313e-03,2.25005e-04,1.88738e-15,3.10862e-15,1.40000e-04
4.44089e-15,3.21303e-03,4.44089e-16,1.69207e-02,7.77156e-16,1.99840e-15,7.99361e-15,1.63877e-03,5.32907e-15,3.45724e-03,8.88178e-16,7.44646e-03,8.88178e-15,2.22045e-15,2.44249e-15,3.72500e-03,2.46732e-04,2.22045e-16,3.55271e-15,2.92600e-04
3.10862e-15,3.07375e-03,1.22125e-15,1.25964e-02,5.55112e-16,8.88178e-16,6.21725e-15,1.22306e-03,8.88178e-15,2.92686e-03,5.55112e-16,7.17182e-03,1.50990e-14,2.22045e-15,2.66454e-15,3.49460e-03,2.26687e-04,0.00000e+00,3.55271e-15,2.80000e-05
1.77636e-15,3.53202e-03,4.44089e-16,1.22944e-02,3.33067e-16,1.77636e-15,9.76996e-15,1.00755e-03,1.50990e-14,2.83002e-03,1.11022e-16,7.06953e-03,8.88178e-16,4.44089e-16,1.33227e-15,3.39572e-03,1.67765e-04,2.10942e-15,3.99680e-15,1.16200e-04
2.22045e-15,3.00426e-03,2.22045e-16,1.31047e-02,6.66134e-16,1.33227e-15,0.00000e+00,1.16039e-03,9.76996e-15,3.03928e-03,0.00000e+00,7.00142e-03,7.99361e-15,5.32907e-15,8.88178e-16,3.31459e-03,1.83022e-04,3.33067e-16,3.10862e-15,8.40000e-06
3.10862e-15,3.68015e-03,7.77156e-16,1.35114e-02,1.33227e-15,4.44089e-16,0.00000e+00,1.03296e-03,0.00000e+00,3.06784e-03,7.77156e-16,6.63671e-03,1.06581e-14,2.22045e-15,3.55271e-15,3.10915e-03,2.05994e-04,1.55431e-15,5.32907e-15,1.23200e-04
2.22045e-15,4.13806e-02,1.55431e-15,1.27017e-02,1.99840e-15,0.00000e+00,6.21725e-15,1.07152e-03,1.50990e-14,3.03284e-03,1.11022e-16,6.30344e-03,1.59872e-14,4.88498e-15,1.99840e-15,3.09603e-03,2.04075e-04,8.88178e-16,4.88498e-15,2.94000e-05
0.00000e+00,1.69504e-01,2.22045e-16,1.22696e-02,1.88738e-15,0.00000e+00,1.42109e-14,1.14023e-03,8.88178e-15,3.41488e-03,8.88178e-16,6.15872e-03,7.99361e-15,3.99680e-15,0.00000e+00,3.72508e-03,2.17131e-04,1.11022e-15,3.99680e-15,1.27400e-04
2.22045e-15,1.03690e-01,1.11022e-16,1.32919e-02,1.11022e-15,0.00000e+00,4.44089e-15,1.10662e-03,5.32907e-15,2.97402e-03,9.99201e-16,5.88842e-03,4.44089e-15,3.99680e-15,2.22045e-16,3.39359e-03,2.05871e-04,1.11022e-16,3.99680e-15,8.26000e-05
1.77636e-15,4.60381e-02,7.77156e-16,1.01383e-02,1.33227e-15,1.55431e-15,6.21725e-15,9.03599e-04,8.88178e-16,2.65735e-03,7.77156e-16,5.42329e-03,1.68754e-14,1.77636e-15,0.00000e+00,3.44094e-03,2.09314e-04,1.66533e-15,6.21725e-15,1.48400e-04
2.22045e-15,2.85280e-02,8.88178e-16,9.85284e-03,2.22045e-16,3.33067e-15,9.76996e-15,9.65315e-04,8.88178e-16,2.86541e-03,1.33227e-15,5.40442e-03,7.10543e-15,8.88178e-16,1.33227e-15,3.00270e-03,2.05085e-04,1.33227e-15,3.55271e-15,7.28000e-05
3.10862e-15,2.91584e-02,5.55112e-16,1.14800e-02,2.22045e-16,2.66454e-15,5.32907e-15,1.00052e-03,3.55271e-15,2.72174e-03,5.55112e-16,5.42559e-03,1.77636e-15,3.10862e-15,1.11022e-15,3.09750e-03,1.84101e-04,1.11022e-16,2.66454e-15,1.05000e-04
3.10862e-15,3.57341e-02,4.44089e-16,9.91622e-03,1.99840e-15,6.66134e-16,1.77636e-15,7.95275e-04,7.10543e-15,2.14841e-03,0.00000e+00,5.27218e-03,7.99361e-15,1.33227e-15,2.22045e-16,2.61669e-03,1.86465e-04,4.44089e-16,1.77636e-15,3.36000e-05
2.22045e-15,3.41678e-02,5.55112e-16,8.50495e-03,1.11022e-16,1.11022e-15,1.06581e-14,7.51863e-04,1.06581e-14,2.33009e-03,9.99201e-16,5.04532e-03,1.24345e-14,2.66454e-15,8.88178e-16,2.38175e-03,1.55990e-04,4.44089e-16,2.66454e-15,9.66000e-05
1.77636e-15,3.97490e-02,6.66134e-16,9.44857e-03,8.88178e-16,2.88658e-15,7.10543e-15,6.75205e-04,6.21725e-15,2.52826e-03,1.11022e-16,4.91475e-03,7.99361e-15,2.22045e-15,2.88658e-15,2.41762e-03,1.59807e-04,0.00000e+00,5.32907e-15,3.64000e-05
0.00000e+00,3.89420e-02,1.11022e-16,8.70483e-03,1.22125e-15,2.22045e-16,1.06581e-14,7.28737e-04,7.10543e-15,2.02924e-03,9.99201e-16,4.57739e-03,8.88178e-16,3.10862e-15,2.66454e-15,2.54051e-03,1.30244e-04,4.44089e-16,2.22045e-15,7.70000e-05
8.88178e-16,3.57496e-02,5.55112e-16,7.47142e-03,4.44089e-16,3.33067e-15,6.21725e-15,7.06369e-04,4.44089e-15,2.20551e-03,7.77156e-16,4.29534e-03,6.21725e-15,1.77636e-15,8.88178e-16,2.47321e-03,1.42500e-04,3.33067e-16,3.10862e-15,7.84000e-05
2.44249e-15,3.61769e-02,0.00000e+00,7.14860e-03,1.11022e-16,3.10862e-15,8.88178e-15,6.76382e-04,4.44089e-15,1.89446e-03,1.11022e-16,4.19321e-03,1.15463e-14,0.00000e+00,2.22045e-16,2.00038e-03,1.70316e-04,9.99201e-16,4.44089e-15,7.42000e-05
0.00000e+00,3.44306e-02,7.77156e-16,7.92699e-03,1.11022e-15,2.66454e-15,1.06581e-14,8.03526e-04,4.44089e-15,2.04020e-03,1.22125e-15,4.41023e-03,1.42109e-14,5.32907e-15,1.77636e-15,2.02999e-03,1.67425e-04,2.10942e-15,3.10862e-15,1.12000e-05
2.22045e-15,3.11346e-02,6.66134e-16,8.31357e-03,1.33227e-15,2.66454e-15,4.44089e-15,6.67953e-04,4.44089e-15,1.87451e-03,1.44329e-15,1.05918e-02,1.33227e-14,8.88178e-16,0.00000e+00,1.77629e-03,1.59563e-04,1.99840e-15,2.66454e-15,4.06000e-05
3.10862e-15,3.36884e-02,1.11022e-15,7.89180e-03,9.99201e-16,4.44089e-16,8.88178e-15,6.34320e-04,3.55271e-15,1.88592e-03,2.22045e-16,4.06599e-02,1.06581e-14,1.77636e-15,1.77636e-15,1.73643e-03,1.30611e-04,1.22125e-15,0.00000e+00,7.00000e-06
4.44089e-15,3.68557e-02,1.22125e-15,7.78733e-03,1.11022e-16,6.66134e-16,8.88178e-16,6.55742e-04,2.66454e-15,1.79184e-03,0.00000e+00,9.05313e-02,6.21725e-15,5.77316e-15,2.22045e-16,1.59931e-03,1.42110e-04,1.77636e-15,8.88178e-16,3.92000e-05
2.22045e-15,3.52342e-02,0.00000e+00,6.09152e-03,8.88178e-16,2.22045e-15,4.44089e-15,6.45446e-04,4.44089e-15,1.80952e-03,1.11022e-16,1.04677e-01,5.32907e-15,3.55271e-15,1.55431e-15,1.39895e-03,1.18427e-04,4.44089e-16,3.10862e-15,7.70000e-05
1.55431e-15,3.13040e-02,7.77156e-16,6.35089e-03,4.44089e-16,1.33227e-15,1.15463e-14,6.19405e-04,2.66454e-15,1.57944e-03,1.22125e-15,7.57815e-02,1.06581e-14,4.44089e-15,1.11022e-15,1.45838e-03,1.13037e-04,8.88178e-16,3.99680e-15,2.80000e-06
3.99680e-15,2.96179e-02,1.22125e-15,6.71253e-03,3.33067e-16,6.66134e-16,0.00000e+00,5.69095e-04,4.44089e-15,1.72824e-03,2.22045e-16,4.52731e-02,8.88178e-16,8.88178e-16,2.22045e-16,1.26181e-03,1.25574e-04,1.11022e-16,3.10862e-15,2.80000e-05
2.22045e-15,2.98820e-02,1.11022e-16,6.52662e-03,2.22045e-16,2.66454e-15,5.32907e-15,6.03064e-04,1.06581e-14,1.71978e-03,3.33067e-16,2.92229e-02,1.24345e-14,3.99680e-15,2.22045e-16,1.24946e-03,1.23520e-04,4.44089e-16,3.99680e-15,8.40000e-05
1.77636e-15,2.85485e-02,1.11022e-15,5.55788e-03,2.22045e-16,2.88658e-15,7.99361e-15,6.30933e-04,0.00000e+00,1.80726e-03,8.88178e-16,2.45599e-02,7.10543e-15,4.44089e-15,1.33227e-15,1.50456e-03,1.26960e-04,0.00000e+00,2.66454e-15,1.05000e-04
4.44089e-16,2.63385e-02,1.44329e-15,5.73380e-03,1.11022e-16,1.99840e-15,7.10543e-15,5.49238e-04,5.32907e-15,1.74691e-03,7.77156e-16,2.40685e-02,5.32907e-15,3.10862e-15,6.66134e-16,1.40705e-03,1.34433e-04,3.33067e-16,0.00000e+00,5.46000e-05
4.21885e-15,2.52987e-02,0.00000e+00,5.77604e-03,1.44329e-15,4.44089e-16,1.77636e-15,6.50988e-04,9.76996e-15,1.60109e-03,1.33227e-15,2.40846e-02,8.88178e-15,5.32907e-15,0.00000e+00,1.51189e-03,1.26703e-04,1.33227e-15,1.33227e-15,2.66000e-05
2.22045e-15,2.22130e-02,8.88178e-16,5.54398e-03,1.11022e-16,1.99840e-15,8.88178e-16,5.47556e-04,6.21725e-15,1.52834e-03,1.33227e-15,2.48752e-02,7.99361e-15,3.55271e-15,8.88178e-16,1.40720e-03,1.23651e-04,1.33227e-15,2.22045e-15,4.34000e-05
4.66294e-15,2.27752e-02,7.77156e-16,4.42320e-03,1.55431e-15,4.44089e-16,8.88178e-16,5.75840e-04,6.21725e-15,1.38495e-03,1.33227e-15,2.59507e-02,7.99361e-15,3.99680e-15,1.77636e-15,1.35327e-03,1.48022e-04,8.88178e-16,3.10862e-15,1.26000e-05
2.88658e-15,2.06879e-02,1.44329e-15,5.05344e-03,1.11022e-16,2.66454e-15,1.06581e-14,5.38893e-04,6.21725e-15,1.55009e-03,1.11022e-15,3.01133e-02,8.88178e-15,3.55271e-15,4.44089e-16,1.34994e-03,1.21946e-04,9.99201e-16,3.99680e-15,1.12000e-05
2.66454e-15,2.04399e-02,9.99201e-16,4.57346e-03,9.99201e-16,1.77636e-15,6.21725e-15,4.77248e-04,1.06581e-14,1.23250e-03,4.44089e-16,2.95656e-02,0.00000e+00,2.66454e-15,4.44089e-16,1.08941e-03,1.22016e-04,8.88178e-16,0.00000e+00,3.78000e-05
1.77636e-15,1.96078e-02,7.77156e-16,4.12023e-03,1.88738e-15,0.00000e+00,6.21725e-15,4.43733e-04,7.10543e-15,1.15763e-03,1.33227e-15,2.71155e-02,2.66454e-15,3.10862e-15,3.10862e-15,1.07346e-03,1.01510e-04,4.44089e-16,3.55271e-15,7.00000e-06
1.99840e-15,1.77276e-02,1.22125e-15,4.37954e-03,1.66533e-15,2.22045e-15,8.88178e-15,3.93851e-04,5.32907e-15,1.13542e-03,3.33067e-16,2.63974e-02,8.88178e-16,2.66454e-15,2.22045e-16,1.03296e-03,1.29261e-04,1.22125e-15,3.99680e-15,8.40000e-06
1.55431e-15,1.96499e-02,3.33067e-16,4.58059e-03,0.00000e+00,1.33227e-15,4.88498e-15,4.30460e-04,7.10543e-15,1.17086e-03,4.44089e-16,2.41338e-02,7.10543e-15,1.33227e-15,0.00000e+00,9.87974e-04,1.21614e-04,4.44089e-16,3.55271e-15,3.50000e-05
8.88178e-16,1.83275e-02,4.44089e-16,4.19995e-03,1.22125e-15,6.66134e-16,9.76996e-15,4.11440e-04,1.06581e-14,1.21520e-03,3.33067e-16,2.51717e-02,7.10543e-15,1.77636e-15,2.66454e-15,9.92327e-04,1.27716e-04,1.44329e-15,8.88178e-16,2.52000e-05
2.44249e-15,1.48894e-02,8.88178e-16,4.40794e-03,3.33067e-16,1.55431e-15,5.32907e-15,4.40114e-04,2.66454e-15,1.10258e-03,3.33067e-16,2.28082e-02,1.06581e-14,3.99680e-15,1.11022e-15,9.76550e-04,1.27466e-04,0.00000e+00,8.88178e-16,3.50000e-05
0.00000e+00,1.65976e-02,1.11022e-16,4.26110e-03,1.11022e-15,1.99840e-15,3.99680e-15,4.27545e-04,3.55271e-15,1.21458e-03,8.88178e-16,2.25428e-02,2.66454e-15,5.32907e-15,2.22045e-15,9.17879e-04,1.35367e-04,1.11022e-15,1.33227e-15,2.52000e-05
4.66294e-15,1.83694e-02,1.11022e-15,4.28716e-03,1.11022e-15,4.44089e-16,6.21725e-15,4.13929e-04,8.88178e-15,1.14496e-03,6.66134e-16,2.19988e-02,8.88178e-16,5.32907e-15,2.22045e-16,1.03702e-03,1.26307e-04,4.44089e-16,4.88498e-15,4.20000e-06
3.10862e-15,1.44466e-02,9.99201e-16,3.87762e-03,1.22125e-15,1.33227e-15,3.55271e-15,3.98649e-04,7.10543e-15,1.20087e-03,0.00000e+00,2.02619e-02,8.88178e-15,3.10862e-15,8.88178e-16,8.67776e-04,1.38155e-04,1.11022e-15,1.77636e-15,9.80000e-06
1.99840e-15,1.63660e-02,7.77156e-16,4.17082e-03,4.44089e-16,2.88658e-15,3.55271e-15,4.03067e-04,7.99361e-15,1.11544e-03,6.66134e-16,2.05102e-02,5.32907e-15,4.44089e-15,8.88178e-16,1.10352e-03,1.19912e-04,1.22125e-15,3.99680e-15,7.00000e-05
2.66454e-15,1.34550e-02,7.77156e-16,3.98103e-03,2.22045e-16,2.22045e-16,7.10543e-15,3.93863e-04,4.44089e-15,9.53210e-04,0.00000e+00,1.87974e-02,8.88178e-15,3.10862e-15,1.33227e-15,8.26044e-04,1.18209e-04,4.44089e-16,3.10862e-15,5.46000e-05
3.10862e-15,1.52498e-02,8.88178e-16,3.74845e-03,2.22045e-16,4.44089e-16,7.54952e-15,3.12502e-04,1.06581e-14,9.20264e-04,0.00000e+00,1.83607e-02,7.10543e-15,3.55271e-15,8.88178e-16,7.93833e-04,1.15139e-04,1.66533e-15,2.22045e-15,2.24000e-05
6.66134e-16,1.39629e-02,7.77156e-16,3.56060e-03,0.00000e+00,2.44249e-15,7.10543e-15,3.22563e-04,5.32907e-15,9.42996e-04,1.33227e-15,1.59808e-02,8.88178e-16,2.22045e-15,4.44089e-16,8.26724e-04,1.38800e-04,2.22045e-16,4.44089e-16,5.32000e-05
2.88658e-15,1.32266e-02,6.66134e-16,4.08909e-03,7.77156e-16,1.11022e-15,3.10862e-15,3.39878e-04,7.10543e-15,1.05681e-03,5.55112e-16,1.45012e-02,1.33227e-14,8.88178e-16,1.33227e-15,6.83290e-04,1.21086e-04,7.77156e-16,3.99680e-15,9.80000e-06
2.22045e-15,1.30148e-02,8.88178e-16,3.90514e-03,5.55112e-16,1.33227e-15,4.88498e-15,3.46456e-04,0.00000e+00,1.00144e-03,9.99201e-16,1.34925e-02,1.50990e-14,2.22045e-15,1.77636e-15,8.08152e-04,1.24533e-04,4.44089e-16,4.44089e-16,1.82000e-05
1.99840e-15,1.24503e-02,9.99201e-16,3.35613e-03,1.33227e-15,1.99840e-15,5.32907e-15,3.02012e-04,1.15463e-14,1.04065e-03,6.66134e-16,1.46081e-02,1.06581e-14,3.10862e-15,1.55431e-15,7.65082e-04,1.13122e-04,0.00000e+00,1.33227e-15,2.80000e-06
1.99840e-15,1.12178e-02,1.22125e-15,3.61010e-03,0.00000e+00,1.33227e-15,6.21725e-15,3.99630e-04,7.99361e-15,9.43487e-04,6.66134e-16,1.40491e-02,1.06581e-14,8.88178e-16,0.00000e+00,7.35106e-04,1.26245e-04,7.77156e-16,2.66454e-15,2.38000e-05
2.44249e-15,1.07050e-02,7.77156e-16,3.78264e-03,9.99201e-16,6.66134e-16,1.33227e-15,3.90916e-04,1.50990e-14,8.64647e-04,1.11022e-16,1.44925e-02,5.32907e-15,1.77636e-15,3.77476e-15,6.57288e-04,1.20459e-04,0.00000e+00,3.10862e-15,1.40000e-06
4.44089e-16,1.15885e-02,3.33067e-16,3.40956e-03,5.55112e-16,8.88178e-16,6.21725e-15,3.89181e-04,0.00000e+00,9.47192e-04,9.99201e-16,1.45289e-02,2.30926e-14,1.77636e-15,0.00000e+00,7.15401e-04,1.31303e-04,2.22045e-16,3.99680e-15,1.40000e-05
4.44089e-15,1.17215e-02,0.00000e+00,3.12461e-03,1.88738e-15,0.00000e+00,6.21725e-15,3.80402e-04,8.88178e-16,8.65645e-04,7.77156e-16,1.39398e-02,1.59872e-14,1.77636e-15,1.55431e-15,6.86990e-04,1.33285e-04,6.66134e-16,2.22045e-15,3.36000e-05
2.22045e-15,1.02193e-02,2.22045e-16,2.83593e-03,5.55112e-16,1.99840e-15,4.44089e-15,3.45524e-04,5.32907e-15,8.13525e-04,4.44089e-16,1.38767e-02,8.88178e-15,0.00000e+00,1.77636e-15,6.33737e-04,1.30431e-04,5.55112e-16,2.22045e-15,9.80000e-06
2.22045e-15,1.08808e-02,5.55112e-16,2.66803e-03,1.33227e-15,2.66454e-15,6.66134e-15,3.43006e-04,1.42109e-14,8.43588e-04,8.88178e-16,1.25793e-02,1.95399e-14,2.66454e-15,6.66134e-16,6.53877e-04,1.13507e-04,3.33067e-16,2.22045e-15,7.00000e-06
2.22045e-15,1.09852e-02,6.66134e-16,2.74952e-03,1.11022e-15,0.00000e+00,4.44089e-15,3.18730e-04,0.00000e+00,7.83347e-04,8.88178e-16,1.21754e-02,8.88178e-15,1.33227e-15,6.66134e-16,6.67536e-04,1.27891e-04,2.22045e-16,3.10862e-15,4.06000e-05
2.22045e-16,1.03746e-02,6.66134e-16,2.97903e-03,1.11022e-15,1.99840e-15,1.77636e-15,3.10250e-04,3.55271e-15,8.32836e-04,1.33227e-15,1.23511e-02,1.95399e-14,3.10862e-15,1.99840e-15,6.23112e-04,1.23200e-04,3.33067e-16,3.10862e-15,1.96000e-05
3.55271e-15,1.18872e-02,1.33227e-15,2.90122e-03,1.33227e-15,3.33067e-15,8.88178e-15,3.06107e-04,8.88178e-16,7.55234e-04,6.66134e-16,1.18258e-02,1.95399e-14,3.55271e-15,1.55431e-15,6.21832e-04,1.29522e-04,5.55112e-16,4.44089e-15,3.37508e-14
4.44089e-16,1.07984e-02,6.66134e-16,2.58766e-03,6.66134e-16,1.11022e-15,1.77636e-15,3.34438e-04,5.32907e-15,7.76631e-04,5.55112e-16,1.26794e-02,1.42109e-14,4.44089e-15,1.99840e-15,6.21600e-04,1.27629e-04,1.33227e-15,1.77636e-15,4.62000e-05
8.88178e-16,1.02225e-02,1.22125e-15,2.40191e-03,5.55112e-16,1.77636e-15,8.88178e-16,3.37271e-04,7.99361e-15,7.56914e-04,8.88178e-16,1.19234e-02,1.42109e-14,2.22045e-15,0.00000e+00,6.21154e-04,1.24879e-04,1.11022e-16,4.88498e-15,5.60000e-06
2.22045e-15,8.82892e-03,4.44089e-16,2.43133e-03,1.44329e-15,4.44089e-16,1.77636e-15,3.08656e-04,7.99361e-15,7.44512e-04,1.33227e-15,1.15499e-02,1.77636e-14,3.55271e-15,1.77636e-15,6.01624e-04,1.23505e-04,1.66533e-15,4.44089e-15,8.40000e-06
2.66454e-15,8.83142e-03,6.66134e-16,2.80444e-03,4.44089e-16,2.22045e-16,1.77636e-15,3.52260e-04,1.77636e-15,7.81662e-04,0.00000e+00,1.14098e-02,3.55271e-15,2.66454e-15,1.77636e-15,5.22383e-04,1.41429e-04,2.22045e-16,4.88498e-15,3.22000e-05
3.77476e-15,9.71838e-03,8.88178e-16,2.36136e-03,6.66134e-16,1.99840e-15,4.44089e-15,3.25667e-04,6.21725e-15,7.66175e-04,6.66134e-16,1.05628e-02,5.32907e-15,1.77636e-15,1.55431e-15,6.09184e-04,1.26945e-04,2.22045e-16,4.44089e-16,9.80000e-06
1.33227e-15,8.61877e-03,6.66134e-16,2.26338e-03,7.77156e-16,6.66134e-16,3.99680e-15,3.18783e-04,1.15463e-14,7.01017e-04,1.44329e-15,9.90497e-03,1.24345e-14,2.66454e-15,0.00000e+00,5.14695e-04,1.24846e-04,1.33227e-15,1.77636e-15,1.12000e-05
4.44089e-16,8.33126e-03,4.44089e-16,2.04804e-03,3.33067e-16,2.22045e-16,1.33227e-15,3.40773e-04,3.55271e-15,6.28779e-04,1.11022e-15,9.26989e-03,2.13163e-14,8.88178e-16,1.55431e-15,5.51372e-04,1.17875e-04,2.22045e-16,2.66454e-15,4.06000e-05
3.10862e-15,8.66568e-03,7.77156e-16,1.96441e-03,5.55112e-16,1.55431e-15,1.77636e-15,2.78750e-04,1.33227e-14,6.23252e-04,1.11022e-15,8.51580e-03,2.13163e-14,2.66454e-15,1.33227e-15,4.68561e-04,1.41100e-04,0.00000e+00,4.44089e-16,4.48000e-05
1.77636e-15,8.26602e-03,8.88178e-16,1.73853e-03,1.11022e-16,6.66134e-16,8.88178e-16,3.03600e-04,9.76996e-15,7.38671e-04,9.99201e-16,8.16520e-03,0.00000e+00,2.66454e-15,6.66134e-16,4.99080e-04,1.18074e-04,6.66134e-16,4.88498e-15,5.18000e-05
1.11022e-15,8.43713e-03,1.11022e-16,1.74328e-03,6.66134e-16,2.22045e-15,4.44089e-16,3.09180e-04,4.44089e-15,7.12358e-04,4.44089e-16,7.98127e-03,2.48690e-14,4.88498e-15,2.22045e-16,4.96808e-04,1.37594e-04,5.55112e-16,3.55271e-15,1.40000e-05
2.44249e-15,8.36802e-03,2.22045e-16,1.76459e-03,1.11022e-16,1.11022e-15,4.44089e-16,3.37595e-04,1.42109e-14,7.24187e-04,1.11022e-16,7.75197e-03,3.55271e-15,3.55271e-15,6.66134e-16,4.61279e-04,1.46452e-04,1.22125e-15,2.66454e-15,8.40000e-06
2.66454e-15,7.29009e-03,4.44089e-16,1.82961e-03,0.00000e+00,1.99840e-15,4.44089e-16,3.36738e-04,1.15463e-14,7.16060e-04,1.44329e-15,6.74910e-03,1.77636e-14,4.44089e-16,1.77636e-15,4.56335e-04,1.47041e-04,1.11022e-16,2.22045e-15,8.40000e-06
2.22045e-15,7.62171e-03,1.11022e-15,1.62814e-03,1.55431e-15,2.22045e-16,0.00000e+00,3.58820e-04,7.10543e-15,6.86305e-04,9.99201e-16,6.31451e-03,1.06581e-14,4.44089e-15,3.55271e-15,4.49237e-04,1.58750e-04,1.55431e-15,4.44089e-15,2.66000e-05
1.11022e-15,6.10895e-03,5.55112e-16,1.79076e-03,1.44329e-15,1.55431e-15,3.55271e-15,3.52341e-04,9.76996e-15,6.67989e-04,6.66134e-16,7.11308e-03,1.77636e-15,3.99680e-15,4.44089e-16,4.90534e-04,1.38357e-04,9.99201e-16,3.10862e-15,3.78000e-05
3.10862e-15,6.82730e-03,9.99201e-16,1.94460e-03,6.66134e-16,1.77636e-15,6.66134e-15,2.98128e-04,0.00000e+00,6.81499e-04,7.77156e-16,7.86321e-03,5.32907e-15,4.44089e-15,6.66134e-16,4.95060e-04,1.34375e-04,7.77156e-16,3.55271e-15,5.60000e-06
2.66454e-15,6.37246e-03,5.55112e-16,1.69294e-03,9.99201e-16,3.77476e-15,1.33227e-15,2.88404e-04,1.15463e-14,6.08206e-04,8.88178e-16,7.55899e-03,2.13163e-14,2.22045e-15,1.11022e-15,4.30086e-04,1.33304e-04,4.44089e-16,4.44089e-16,1.96000e-05
2.44249e-15,6.66978e-03,1.27676e-15,1.62874e-03,1.11022e-16,2.22045e-16,5.32907e-15,3.49319e-04,1.24345e-14,4.99280e-04,9.99201e-16,7.64163e-03,1.42109e-14,5.32907e-15,2.22045e-16,3.96855e-04,1.51987e-04,1.11022e-15,2.22045e-15,2.80000e-05
1.77636e-15,6.18349e-03,5.55112e-16,1.92613e-03,1.33227e-15,2.22045e-16,1.33227e-15,3.00985e-04,6.21725e-15,5.55918e-04,6.66134e-16,7.71388e-03,9.76996e-15,2.22045e-15,1.99840e-15,3.90375e-04,1.34241e-04,1.77636e-15,3.10862e-15,1.40000e-05
3.77476e-15,6.41455e-03,5.55112e-17,1.48363e-03,1.33227e-15,3.33067e-15,1.77636e-15,2.93321e-04,8.88178e-15,6.16350e-04,1.11022e-16,7.32546e-03,7.10543e-15,4.44089e-15,3.99680e-15,4.22632e-04,1.33097e-04,1.11022e-16,3.55271e-15,1.26000e-05
0.00000e+00,7.06471e-03,4.44089e-16,1.70460e-03,1.33227e-15,2.44249e-15,1.77636e-15,3.39586e-04,5.32907e-15,6.78174e-04,9.99201e-16,7.15623e-03,9.76996e-15,3.10862e-15,8.88178e-16,3.96223e-04,1.42195e-04,9.99201e-16,2.44249e-15,1.26000e-05
0.00000e+00,6.23387e-03,1.11022e-15,1.71062e-03,4.44089e-16,8.88178e-16,3.10862e-15,3.40018e-04,8.88178e-15,5.83642e-04,1.22125e-15,6.63178e-03,8.88178e-16,3.99680e-15,2.22045e-16,3.79497e-04,1.27076e-04,3.33067e-16,2.66454e-15,1.40000e-06
4.44089e-16,6.20373e-03,7.21645e-16,1.57896e-03,1.55431e-15,4.44089e-16,4.44089e-15,3.50969e-04,1.06581e-14,5.93179e-04,1.33227e-15,7.03069e-03,4.44089e-15,2.66454e-15,3.10862e-15,4.02481e-04,1.46727e-04,0.00000e+00,1.55431e-15,3.50000e-05
1.55431e-15,7.07269e-03,8.32667e-16,1.46942e-03,1.22125e-15,8.88178e-16,8.43769e-15,3.05012e-04,7.10543e-15,6.42904e-04,1.11022e-16,7.19670e-03,1.59872e-14,4.44089e-15,1.33227e-15,3.22773e-04,1.34035e-04,3.33067e-16,2.88658e-15,4.34000e-05
2.88658e-15,6.33819e-03,1.16573e-15,1.50208e-03,7.77156e-16,1.99840e-15,2.66454e-15,3.12601e-04,1.06581e-14,6.22152e-04,7.77156e-16,7.52981e-03,8.88178e-15,5.32907e-15,6.66134e-16,3.84855e-04,1.43718e-04,6.66134e-16,8.88178e-16,2.52000e-05
1.55431e-15,5.66126e-03,6.66134e-16,1.50605e-03,9.99201e-16,1.33227e-15,2.66454e-15,2.71720e-04,3.55271e-15,6.50690e-04,9.99201e-16,7.60981e-03,2.66454e-15,4.88498e-15,1.55431e-15,3.69324e-04,1.45642e-04,8.88178e-16,3.10862e-15,1.54000e-05
1.99840e-15,5.90623e-03,7.77156e-16,1.47831e-03,8.88178e-16,2.22045e-15,4.88498e-15,2.32623e-04,6.21725e-15,6.16564e-04,9.99201e-16,6.85016e-03,6.21725e-15,2.66454e-15,1.33227e-15,3.83755e-04,1.29638e-04,1.33227e-15,1.55431e-15,1.26000e-05
3.55271e-15,5.64162e-03,1.11022e-15,1.31113e-03,2.22045e-16,6.66134e-16,3.55271e-15,2.59630e-04,6.21725e-15,5.23886e-04,1.11022e-15,6.80540e-03,6.21725e-15,1.77636e-15,1.99840e-15,3.92622e-04,1.39868e-04,3.33067e-16,1.99840e-15,3.50000e-05
3.10862e-15,5.76946e-03,8.88178e-16,1.45904e-03,8.88178e-16,2.22045e-16,2.22045e-15,2.33802e-04,6.21725e-15,6.52165e-04,2.22045e-16,6.48776e-03,8.88178e-16,0.00000e+00,6.66134e-16,3.79782e-04,1.35998e-04,5.55112e-16,3.10862e-15,2.66000e-05
1.77636e-15,5.50937e-03,0.00000e+00,1.27868e-03,8.88178e-16,8.88178e-16,1.77636e-15,2.47180e-04,6.21725e-15,6.44001e-04,5.55112e-16,6.06467e-03,1.06581e-14,8.88178e-16,1.33227e-15,3.54469e-04,1.41374e-04,1.55431e-15,1.55431e-15,1.40000e-05
1.33227e-15,5.75049e-03,8.32667e-16,1.35528e-03,9.99201e-16,4.44089e-16,6.21725e-15,2.56400e-04,1.33227e-14,6.10170e-04,4.44089e-16,5.68277e-03,8.88178e-16,2.66454e-15,6.66134e-16,3.54937e-04,1.36379e-04,5.55112e-16,2.44249e-15,1.40000e-06
2.22045e-15,5.89951e-03,5.55112e-16,1.51173e-03,5.55112e-16,2.88658e-15,4.88498e-15,3.18286e-04,1.77636e-15,6.89147e-04,3.33067e-16,5.60964e-03,8.88178e-15,1.77636e-15,1.33227e-15,3.24517e-04,1.26914e-04,1.44329e-15,2.66454e-15,1.54000e-05
2.44249e-15,5.22913e-03,1.11022e-15,1.38490e-03,7.77156e-16,1.11022e-15,1.77636e-15,2.54822e-04,8.88178e-15,5.83950e-04,9.99201e-16,5.96358e-03,5.32907e-15,2.22045e-15,4.44089e-16,3.56183e-04,1.23643e-04,4.44089e-16,8.88178e-16,3.36000e-05
1.77636e-15,5.59568e-03,5.55112e-16,1.25727e-03,9.99201e-16,1.99840e-15,3.55271e-15,2.92425e-04,6.21725e-15,5.75927e-04,1.33227e-15,5.42156e-03,7.10543e-15,4.44089e-15,1.55431e-15,3.68830e-04,1.33067e-04,3.33067e-16,2.22045e-15,3.64000e-05
0.00000e+00,5.40571e-03,1.16573e-15,1.31185e-03,7.77156e-16,2.22045e-15,2.66454e-15,2.71390e-04,8.88178e-15,4.93260e-04,8.88178e-16,5.59163e-03,1.06581e-14,3.99680e-15,1.99840e-15,3.94435e-04,1.25990e-04,3.33067e-16,2.44249e-15,4.76000e-05
2.22045e-16,5.05801e-03,4.44089e-16,1.28332e-03,1.33227e-15,0.00000e+00,2.22045e-15,2.67849e-04,9.76996e-15,6.17083e-04,7.77156e-16,5.95091e-03,8.88178e-15,1.33227e-15,2.22045e-16,3.73353e-04,1.36480e-04,6.66134e-16,2.44249e-15,2.80000e-05
1.33227e-15,4.24405e-03,2.77556e-16,1.16868e-03,6.66134e-16,1.77636e-15,3.99680e-15,2.60193e-04,9.76996e-15,5.01684e-04,5.55112e-16,5.35733e-03,9.76996e-15,3.10862e-15,1.99840e-15,3.31409e-04,1.32951e-04,1.11022e-15,2.22045e-15,2.94000e-05
1.55431e-15,3.92400e-03,6.66134e-16,1.15217e-03,9.99201e-16,1.77636e-15,8.88178e-16,2.67715e-04,3.55271e-15,4.47870e-04,6.66134e-16,4.93549e-03,8.88178e-16,3.55271e-15,2.22045e-16,3.12944e-04,1.24945e-04,2.22045e-16,2.66454e-15,3.22000e-05
4.21885e-15,4.09356e-03,3.88578e-16,1.04750e-03,8.88178e-16,1.33227e-15,7.10543e-15,2.51650e-04,7.99361e-15,4.55968e-04,4.44089e-16,4.68233e-03,9.76996e-15,2.66454e-15,1.33227e-15,3.45914e-04,1.36157e-04,1.33227e-15,2.44249e-15,1.40000e-05
1.33227e-15,4.59272e-03,2.22045e-16,1.07347e-03,7.77156e-16,1.11022e-15,3.99680e-15,2.56926e-04,5.32907e-15,6.09800e-04,6.66134e-16,4.65076e-03,0.00000e+00,2.66454e-15,1.33227e-15,3.43477e-04,1.38174e-04,1.44329e-15,4.21885e-15,2.10000e-05
6.66134e-16,4.24425e-03,6.66134e-16,9.91386e-04,7.77156e-16,1.55431e-15,3.10862e-15,2.48464e-04,2.66454e-15,5.78108e-04,1.11022e-15,5.14866e-03,8.88178e-16,1.77636e-15,1.33227e-15,3.56052e-04,1.43615e-04,1.11022e-15,1.55431e-15,4.20000e-06
2.44249e-15,4.27808e-03,4.44089e-16,9.93029e-04,7.77156e-16,1.55431e-15,2.66454e-15,2.80943e-04,7.10543e-15,5.57280e-04,8.88178e-16,5.45174e-03,6.21725e-15,3.10862e-15,2.22045e-16,3.46613e-04,1.23265e-04,5.55112e-16,2.88658e-15,8.40000e-06
3.77476e-15,4.42644e-03,7.77156e-16,1.01972e-03,1.11022e-15,2.22045e-16,4.88498e-15,2.86087e-04,6.21725e-15,5.36706e-04,9.99201e-16,5.59158e-03,5.32907e-15,3.99680e-15,2.22045e-16,3.69806e-04,1.34518e-04,4.44089e-16,1.33227e-15,1.12000e-05
6.66134e-16,4.52081e-03,4.99600e-16,1.05351e-03,8.88178e-16,2.22045e-15,3.10862e-15,2.81508e-04,1.06581e-14,5.57545e-04,7.77156e-16,5.34760e-03,5.32907e-15,3.10862e-15,8.88178e-16,3.64857e-04,1.24436e-04,7.77156e-16,2.44249e-15,4.06000e-05
1.77636e-15,3.83168e-03,3.33067e-16,1.00585e-03,1.22125e-15,2.22045e-16,1.33227e-15,3.06053e-04,2.66454e-15,5.88134e-04,1.55431e-15,5.52863e-03,3.55271e-15,3.99680e-15,2.22045e-15,3.64555e-04,1.36672e-04,0.00000e+00,3.10862e-15,2.66000e-05
1.99840e-15,3.91134e-03,3.88578e-16,1.10500e-03,4.44089e-16,1.77636e-15,1.33227e-15,2.97207e-04,3.55271e-15,5.70018e-04,1.22125e-15,5.28766e-03,1.77636e-15,3.10862e-15,4.44089e-16,3.45619e-04,1.47051e-04,7.77156e-16,4.44089e-15,1.40000e-05
1.11022e-15,3.73206e-03,1.66533e-16,8.51255e-04,8.88178e-16,1.33227e-15,1.77636e-15,2.99342e-04,3.55271e-15,4.39814e-04,4.44089e-16,4.94131e-03,8.88178e-16,4.66294e-15,2.22045e-16,3.18435e-04,1.24468e-04,1.55431e-15,2.44249e-15,3.22000e-05
0.00000e+00,3.67373e-03,3.88578e-16,8.11639e-04,1.55431e-15,2.88658e-15,0.00000e+00,2.86022e-04,1.77636e-15,4.45548e-04,7.77156e-16,4.53653e-03,1.77636e-15,2.66454e-15,2.22045e-16,2.99644e-04,1.30611e-04,1.11022e-15,4.44089e-15,2.24000e-05
1.55431e-15,3.93674e-03,7.21645e-16,9.13003e-04,1.22125e-15,3.10862e-15,3.99680e-15,2.89204e-04,6.21725e-15,4.60298e-04,1.44329e-15,4.31988e-03,4.44089e-15,1.55431e-15,2.44249e-15,3.21325e-04,1.39380e-04,1.11022e-15,3.99680e-15,2.66000e-05
1.55431e-15,3.83358e-03,4.99600e-16,8.32002e-04,1.11022e-15,3.77476e-15,3.55271e-15,2.79174e-04,9.76996e-15,4.89075e-04,8.88178e-16,4.21096e-03,1.24345e-14,3.33067e-15,8.88178e-16,3.19379e-04,1.26236e-04,5.55112e-16,3.10862e-15,1.40000e-05
2.88658e-15,4.29503e-03,3.33067e-16,9.19459e-04,8.88178e-16,2.22045e-16,4.44089e-16,3.00880e-04,7.10543e-15,5.00943e-04,6.66134e-16,4.17426e-03,0.00000e+00,3.99680e-15,6.66134e-16,2.79330e-04,1.26640e-04,8.88178e-16,1.55431e-15,5.60000e-06
3.33067e-15,3.81783e-03,8.32667e-16,9.09511e-04,7.77156e-16,2.44249e-15,1.77636e-15,2.87736e-04,7.99361e-15,5.02417e-04,7.77156e-16,4.07089e-03,6.21725e-15,3.99680e-15,1.11022e-15,2.64670e-04,1.28828e-04,7.77156e-16,2.66454e-15,3.78000e-05
3.55271e-15,3.59155e-03,7.21645e-16,8.52403e-04,5.55112e-16,2.88658e-15,5.77316e-15,2.98674e-04,4.44089e-15,5.00788e-04,3.33067e-16,4.23199e-03,1.06581e-14,1.99840e-15,6.66134e-16,2.71880e-04,1.30040e-04,6.66134e-16,0.00000e+00,7.00000e-06
3.33067e-15,3.38784e-03,4.99600e-16,7.98977e-04,6.66134e-16,0.00000e+00,7.10543e-15,3.38013e-04,7.10543e-15,4.54089e-04,7.77156e-16,4.64665e-03,9.76996e-15,1.11022e-15,1.55431e-15,2.96205e-04,1.36935e-04,1.22125e-15,1.33227e-15,8.40000e-06
1.55431e-15,3.50715e-03,1.11022e-16,9.11548e-04,6.66134e-16,8.88178e-16,5.32907e-15,3.07627e-04,6.21725e-15,5.66775e-04,6.66134e-16,4.39776e-03,1.77636e-15,2.22045e-15,2.22045e-16,3.03334e-04,1.20005e-04,5.55112e-16,1.99840e-15,2.80000e-06
2.66454e-15,3.31978e-03,6.66134e-16,8.55858e-04,2.22045e-16,0.00000e+00,2.22045e-15,3.07841e-04,7.10543e-15,5.00369e-04,1.11022e-16,4.10686e-03,7.99361e-15,3.10862e-15,8.88178e-16,3.45338e-04,1.28876e-04,1.44329e-15,0.00000e+00,2.24000e-05
2.22045e-15,3.32399e-03,3.33067e-16,7.70157e-04,1.11022e-16,6.66134e-16,3.10862e-15,2.70176e-04,1.24345e-14,4.33308e-04,0.00000e+00,3.96652e-03,8.88178e-15,2.66454e-15,3.10862e-15,3.20930e-04,1.20202e-04,1.22125e-15,3.33067e-15,4.48000e-05
2.22045e-15,3.13308e-03,5.55112e-17,7.12882e-04,4.44089e-16,1.11022e-15,2.66454e-15,2.64498e-04,3.55271e-15,4.92829e-04,1.44329e-15,3.70875e-03,1.06581e-14,1.11022e-15,2.66454e-15,3.16943e-04,1.12019e-04,0.00000e+00,4.44089e-16,1.54000e-05
1.33227e-15,3.25506e-03,2.77556e-16,7.76304e-04,9.99201e-16,6.66134e-16,1.77636e-15,2.62211e-04,7.10543e-15,5.73533e-04,7.77156e-16,3.57972e-03,2.66454e-15,2.66454e-15,1.33227e-15,3.24047e-04,1.32370e-04,1.11022e-15,2.88658e-15,1.96000e-05
2.66454e-15,3.39821e-03,6.66134e-16,8.33677e-04,7.77156e-16,3.10862e-15,3.10862e-15,2.38668e-04,2.66454e-15,4.72801e-04,1.22125e-15,3.48463e-03,5.32907e-15,1.11022e-15,2.66454e-15,3.10279e-04,1.35743e-04,0.00000e+00,3.55271e-15,1.96000e-05
3.33067e-15,3.72570e-03,1.11022e-16,8.04205e-04,5.55112e-16,1.33227e-15,4.44089e-16,2.35206e-04,5.32907e-15,5.06284e-04,6.66134e-16,3.36612e-03,3.55271e-15,1.99840e-15,1.11022e-15,3.04816e-04,1.42243e-04,2.22045e-16,4.44089e-16,1.82000e-05
4.21885e-15,3.56307e-03,2.77556e-16,8.15807e-04,7.77156e-16,4.44089e-16,2.66454e-15,2.76439e-04,2.37487e-07,5.70558e-04,9.99201e-16,3.51249e-03,6.21725e-15,2.44249e-15,1.77636e-15,2.82299e-04,1.42898e-04,8.88178e-16,1.55431e-15,1.40000e-05
8.88178e-16,3.77219e-03,1.11022e-16,8.89598e-04,3.33067e-16,1.11022e-15,1.33227e-15,2.70964e-04,3.32482e-06,4.76364e-04,5.55112e-16,3.54788e-03,1.06581e-14,2.44249e-15,1.55431e-15,2.99637e-04,1.51044e-04,1.11022e-15,1.99840e-15,8.40000e-06
1.55431e-15,3.01840e-03,8.32667e-16,8.77974e-04,6.66134e-16,8.88178e-16,4.88498e-15,2.88828e-04,1.16369e-05,5.20595e-04,8.88178e-16,3.48540e-03,9.76996e-15,2.44249e-15,4.44089e-16,2.97121e-04,1.51578e-04,1.33227e-15,2.22045e-15,5.32907e-15
6.66134e-16,2.41314e-03,4.44089e-16,8.03077e-04,8.88178e-16,0.00000e+00,4.44089e-16,3.22564e-04,1.82865e-05,5.36425e-04,8.88178e-16,3.39903e-03,5.32907e-15,4.66294e-15,1.11022e-15,3.03956e-04,1.31026e-04,1.11022e-15,3.55271e-15,2.80000e-05
0.00000e+00,2.30909e-03,1.11022e-16,7.74650e-04,1.11022e-15,1.99840e-15,8.88178e-16,3.11111e-04,8.78701e-06,5.60341e-04,1.11022e-15,3.26809e-03,6.21725e-15,2.44249e-15,1.33227e-15,2.99986e-04,1.34132e-04,1.11022e-16,2.88658e-15,7.28000e-05
0.00000e+00,2.42328e-03,1.11022e-15,7.78595e-04,1.22125e-15,1.77636e-15,1.77636e-15,2.71846e-04,7.83707e-06,5.22835e-04,1.55431e-15,3.12501e-03,8.88178e-16,1.99840e-15,2.66454e-15,2.81217e-04,1.24559e-04,7.77156e-16,4.44089e-15,2.80000e-05
4.44089e-16,2.62832e-03,2.77556e-16,7.12229e-04,7.77156e-16,1.99840e-15,2.66454e-15,3.05004e-04,7.12461e-07,4.34149e-04,9.99201e-16,3.06159e-03,1.77636e-15,4.44089e-16,1.11022e-15,2.65780e-04,1.08363e-04,2.22045e-16,3.55271e-15,3.22000e-05
4.44089e-16,2.51324e-03,1.66533e-16,7.12472e-04,6.66134e-16,6.66134e-16,4.44089e-15,2.88855e-04,9.97445e-06,3.85532e-04,6.66134e-16,2.91063e-03,5.32907e-15,4.44089e-15,2.88658e-15,3.01169e-04,1.36698e-04,9.99201e-16,3.33067e-15,1.54000e-05
2.22045e-15,2.36018e-03,1.11022e-16,7.03923e-04,2.22045e-16,8.88178e-16,4.44089e-16,2.73212e-04,2.61236e-06,3.76553e-04,5.55112e-16,2.92482e-03,2.66454e-15,1.33227e-15,1.55431e-15,2.50449e-04,1.15907e-04,7.77156e-16,2.44249e-15,2.80000e-06
1.55431e-15,2.68283e-03,6.10623e-16,6.69848e-04,7.77156e-16,2.22045e-16,2.22045e-15,2.44910e-04,8.88178e-15,4.28623e-04,1.22125e-15,3.11055e-03,8.88178e-16,1.33227e-15,2.44249e-15,2.36721e-04,1.12322e-04,4.44089e-16,2.22045e-16,3.36000e-05
4.44089e-16,2.66036e-03,2.22045e-16,7.37908e-04,4.44089e-16,1.33227e-15,1.77636e-15,2.44174e-04,2.13738e-06,4.16192e-04,1.11022e-16,3.25518e-03,1.50990e-14,1.33227e-15,2.22045e-15,2.23086e-04,1.11886e-04,6.66134e-16,2.88658e-15,2.66000e-05
2.88658e-15,2.73391e-03,1.66533e-16,6.54568e-04,8.88178e-16,2.88658e-15,1.33227e-15,2.71049e-04,8.07455e-06,4.50095e-04,5.55112e-16,3.25500e-03,1.42109e-14,3.55271e-15,2.44249e-15,2.05316e-04,1.14749e-04,1.44329e-15,2.22045e-16,1.12000e-05
2.66454e-15,2.67301e-03,4.99600e-16,6.11185e-04,3.33067e-16,6.66134e-16,3.10862e-15,2.42154e-04,3.79979e-06,4.56961e-04,7.77156e-16,3.19201e-03,0.00000e+00,3.10862e-15,2.22045e-16,1.85891e-04,1.01121e-04,9.99201e-16,4.44089e-16,7.00000e-05
2.66454e-15,2.36282e-03,1.11022e-16,5.32545e-04,7.77156e-16,2.22045e-16,4.44089e-15,2.32162e-04,1.66241e-06,4.28747e-04,9.99201e-16,3.22657e-03,6.21725e-15,1.55431e-15,1.55431e-15,1.96291e-04,9.37932e-05,7.77156e-16,2.66454e-15,8.40000e-06
1.33227e-15,2.02307e-03,9.43690e-16,4.91480e-04,5.55112e-16,1.77636e-15,2.22045e-15,2.26623e-04,1.42492e-06,4.34045e-04,1.33227e-15,3.08497e-03,1.06581e-14,3.77476e-15,1.33227e-15,2.16829e-04,9.44573e-05,8.88178e-16,1.77636e-15,2.10000e-05
1.55431e-15,1.86340e-03,4.99600e-16,4.72980e-04,9.99201e-16,0.00000e+00,6.66134e-15,2.23313e-04,1.66241e-06,4.51318e-04,0.00000e+00,2.86411e-03,3.55271e-15,0.00000e+00,1.11022e-15,1.87891e-04,1.00595e-04,5.55112e-16,3.55271e-15,8.40000e-06
2.22045e-16,1.78562e-03,0.00000e+00,5.08611e-04,1.11022e-15,1.33227e-15,1.33227e-15,2.96939e-04,2.61236e-06,4.41225e-04,6.66134e-16,2.70309e-03,7.10543e-15,1.55431e-15,1.55431e-15,1.72896e-04,1.00319e-04,1.77636e-15,2.66454e-15,5.60000e-06
1.77636e-15,2.11430e-03,9.43690e-16,5.66714e-04,4.44089e-16,8.88178e-16,5.77316e-15,2.27505e-04,2.84984e-06,4.72818e-04,6.66134e-16,2.63937e-03,1.50990e-14,4.21885e-15,8.88178e-16,1.97461e-04,1.09386e-04,1.11022e-15,3.55271e-15,2.80000e-05
3.10862e-15,2.02322e-03,7.21645e-16,5.52004e-04,5.55112e-16,1.11022e-15,3.55271e-15,2.60953e-04,2.84984e-06,5.64442e-04,6.66134e-16,2.60600e-03,8.88178e-16,3.33067e-15,6.66134e-16,1.94812e-04,1.02927e-04,7.77156e-16,2.66454e-15,4.34000e-05
1.77636e-15,2.15251e-03,0.00000e+00,5.46126e-04,1.33227e-15,1.11022e-15,1.33227e-15,2.82604e-04,2.61236e-06,4.54319e-04,8.88178e-16,2.69808e-03,7.10543e-15,1.77636e-15,1.33227e-15,2.07366e-04,1.04861e-04,1.11022e-15,4.44089e-15,8.40000e-06
4.21885e-15,2.16923e-03,5.55112e-16,6.48425e-04,3.33067e-16,4.44089e-16,1.33227e-15,2.94766e-04,2.13738e-06,4.99185e-04,7.77156e-16,2.55650e-03,6.21725e-15,2.22045e-16,1.33227e-15,2.14761e-04,1.31678e-04,1.99840e-15,3.55271e-15,3.92000e-05
8.88178e-16,2.02897e-03,1.05471e-15,6.68350e-04,1.11022e-15,2.22045e-16,8.88178e-16,2.70477e-04,1.66241e-06,5.21610e-04,8.88178e-16,2.37637e-03,2.66454e-15,2.88658e-15,1.33227e-15,2.76406e-04,1.29886e-04,6.66134e-16,8.88178e-16,3.92000e-05
2.66454e-15,2.07982e-03,8.32667e-16,6.50648e-04,8.88178e-16,2.66454e-15,8.43769e-15,3.05578e-04,1.18743e-06,5.26337e-04,0.00000e+00,2.39960e-03,8.88178e-15,2.66454e-15,2.66454e-15,2.63943e-04,1.10831e-04,7.77156e-16,3.10862e-15,4.20000e-06
3.10862e-15,2.15829e-03,7.21645e-16,6.22750e-04,8.88178e-16,2.22045e-16,2.22045e-15,3.15127e-04,9.49947e-07,5.46309e-04,4.44089e-16,2.36921e-03,7.10543e-15,2.22045e-15,4.44089e-16,2.52325e-04,1.08301e-04,8.88178e-16,1.77636e-15,1.12000e-05
4.44089e-15,2.06593e-03,2.22045e-16,6.08833e-04,1.22125e-15,1.11022e-15,8.88178e-16,3.09224e-04,4.74974e-07,5.45197e-04,1.44329e-15,2.39258e-03,2.66454e-15,2.66454e-15,1.77636e-15,2.32734e-04,1.22691e-04,6.66134e-16,5.32907e-15,4.20000e-06
5.32907e-15,2.15345e-03,3.88578e-16,5.18828e-04,8.88178e-16,3.33067e-15,5.77316e-15,2.78870e-04,2.37487e-07,5.30796e-04,6.66134e-16,2.43727e-03,8.88178e-16,5.32907e-15,1.33227e-15,2.14549e-04,1.13596e-04,5.55112e-16,4.44089e-16,2.38000e-05
5.32907e-15,1.97899e-03,7.77156e-16,5.32572e-04,5.55112e-16,3.77476e-15,2.66454e-15,2.80558e-04,2.37487e-07,5.19115e-04,3.33067e-16,2.36891e-03,8.88178e-15,2.22045e-15,2.22045e-16,1.89694e-04,1.17241e-04,6.66134e-16,4.44089e-15,2.24000e-05
2.66454e-15,2.00201e-03,6.10623e-16,4.96351e-04,7.77156e-16,2.22045e-15,3.55271e-15,2.98754e-04,2.37487e-07,5.12251e-04,1.11022e-16,2.25418e-03,7.99361e-15,5.32907e-15,6.66134e-16,2.08568e-04,1.11928e-04,5.55112e-16,4.44089e-15,1.82000e-05
6.66134e-15,1.92709e-03,1.66533e-16,5.00967e-04,6.66134e-16,1.99840e-15,4.44089e-16,2.88988e-04,4.74974e-07,5.94702e-04,8.88178e-16,2.07221e-03,8.88178e-16,3.55271e-15,1.55431e-15,2.02396e-04,1.21312e-04,5.55112e-16,5.32907e-15,1.54000e-05
5.77316e-15,1.75134e-03,1.66533e-16,4.81272e-04,6.66134e-16,1.33227e-15,5.32907e-15,2.75096e-04,2.37487e-07,5.91145e-04,1.55431e-15,2.05134e-03,8.88178e-15,4.44089e-15,2.22045e-15,2.14410e-04,1.27314e-04,9.99201e-16,8.88178e-16,1.82000e-05
2.66454e-15,1.72000e-03,5.55112e-16,4.46265e-04,7.77156e-16,1.33227e-15,3.55271e-15,3.07364e-04,9.73696e-06,5.50578e-04,2.22045e-16,1.98310e-03,4.44089e-15,2.22045e-15,8.88178e-16,2.59986e-04,1.14487e-04,1.22125e-15,4.44089e-15,1.82000e-05
2.66454e-15,1.72728e-03,1.66533e-16,4.76154e-04,8.88178e-16,4.44089e-16,5.77316e-15,2.98710e-04,6.17466e-06,5.63559e-04,2.22045e-16,2.01744e-03,6.21725e-15,4.88498e-15,6.66134e-16,2.68936e-04,1.11973e-04,1.55431e-15,4.88498e-15,3.64000e-05
3.10862e-15,1.89658e-03,1.11022e-16,5.29152e-04,1.33227e-15,2.22045e-16,1.77636e-15,2.90441e-04,1.89989e-06,4.87999e-04,8.88178e-16,1.96205e-03,9.76996e-15,3.10862e-15,1.55431e-15,2.91906e-04,1.10335e-04,7.77156e-16,6.66134e-15,2.38000e-05
3.10862e-15,2.03416e-03,7.21645e-16,5.50479e-04,9.99201e-16,1.11022e-15,3.55271e-15,3.14682e-04,2.37487e-07,5.18968e-04,9.99201e-16,2.12548e-03,8.88178e-15,3.99680e-15,1.11022e-15,3.12732e-04,1.05240e-04,1.11022e-15,1.77636e-15,3.22000e-05
3.10862e-15,1.96507e-03,5.55112e-17,6.59368e-04,1.55431e-15,3.77476e-15,2.22045e-15,2.78343e-04,6.88712e-06,4.79514e-04,3.33067e-16,2.00373e-03,6.21725e-15,3.10862e-15,3.33067e-15,3.03439e-04,1.18922e-04,5.55112e-16,1.33227e-15,2.52000e-05
1.77636e-15,1.75939e-03,3.88578e-16,6.66803e-04,5.55112e-16,2.44249e-15,4.44089e-15,2.59490e-04,5.69968e-06,4.62103e-04,7.77156e-16,1.93196e-03,6.21725e-15,4.44089e-15,0.00000e+00,2.54122e-04,1.14523e-04,1.22125e-15,8.88178e-16,5.60000e-06
5.77316e-15,1.67456e-03,1.66533e-16,6.21012e-04,8.88178e-16,1.77636e-15,5.32907e-15,2.79757e-04,4.74974e-07,4.03387e-04,7.77156e-16,1.88912e-03,7.10543e-15,1.77636e-15,1.33227e-15,2.11305e-04,1.15628e-04,1.44329e-15,0.00000e+00,1.68000e-05
3.55271e-15,1.80163e-03,1.66533e-16,6.01384e-04,4.44089e-16,1.55431e-15,3.99680e-15,2.81426e-04,9.49947e-07,4.34474e-04,8.88178e-16,1.94676e-03,0.00000e+00,3.99680e-15,3.10862e-15,2.25126e-04,1.39317e-04,1.33227e-15,2.22045e-15,7.00000e-06
3.10862e-15,1.53637e-03,4.99600e-16,6.12808e-04,7.77156e-16,2.44249e-15,8.43769e-15,2.57092e-04,7.12461e-07,3.88016e-04,1.66533e-15,1.81914e-03,6.21725e-15,5.77316e-15,2.66454e-15,2.31643e-04,1.30185e-04,1.22125e-15,1.33227e-15,1.40000e-06
8.88178e-16,1.81679e-03,2.22045e-16,6.27948e-04,7.77156e-16,2.22045e-16,5.32907e-15,2.29839e-04,7.12461e-07,4.15739e-04,1.33227e-15,2.00735e-03,1.15463e-14,6.21725e-15,1.33227e-15,2.35548e-04,1.12710e-04,1.55431e-15,4.44089e-16,2.94000e-05
3.10862e-15,1.87822e-03,2.77556e-16,6.30067e-04,1.22125e-15,6.66134e-16,0.00000e+00,2.58665e-04,9.49947e-07,4.10308e-04,6.66134e-16,1.90339e-03,0.00000e+00,1.33227e-15,4.88498e-15,2.56601e-04,1.15076e-04,7.77156e-16,2.66454e-15,4.20000e-06
3.99680e-15,1.65272e-03,7.21645e-16,6.08259e-04,0.00000e+00,2.22045e-15,6.21725e-15,2.44939e-04,1.42492e-06,3.91439e-04,9.99201e-16,1.97061e-03,2.66454e-15,3.10862e-15,3.10862e-15,2.77754e-04,1.26600e-04,6.66134e-16,8.88178e-16,6.72000e-05
1.77636e-15,1.76670e-03,3.88578e-16,6.02138e-04,0.00000e+00,3.77476e-15,8.88178e-16,2.72129e-04,5.22471e-06,3.49393e-04,2.22045e-16,1.94640e-03,4.44089e-15,8.88178e-16,0.00000e+00,2.67732e-04,1.21880e-04,3.33067e-16,1.33227e-15,7.14000e-05
2.22045e-15,1.42642e-03,1.66533e-16,5.76270e-04,8.88178e-16,1.11022e-15,5.32907e-15,2.82696e-04,1.37742e-05,3.29053e-04,9.99201e-16,1.99871e-03,1.77636e-15,4.88498e-15,2.66454e-15,2.83236e-04,1.34364e-04,5.55112e-16,2.22045e-15,9.80000e-06
4.44089e-16,1.65225e-03,2.22045e-16,5.83580e-04,1.11022e-15,2.44249e-15,1.77636e-15,2.77166e-04,6.88712e-06,3.58149e-04,7.77156e-16,1.90737e-03,6.21725e-15,4.44089e-15,4.44089e-15,2.79365e-04,1.15889e-04,5.55112e-16,2.66454e-15,2.24000e-05
1.99840e-15,1.54184e-03,3.33067e-16,6.52122e-04,6.66134e-16,1.33227e-15,7.99361e-15,2.54270e-04,2.61236e-06,3.41042e-04,1.44329e-15,1.85897e-03,5.32907e-15,2.66454e-15,1.77636e-15,2.37469e-04,1.13412e-04,7.77156e-16,3.10862e-15,2.52000e-05
3.10862e-15,1.47863e-03,1.66533e-16,5.78379e-04,7.77156e-16,1.77636e-15,5.32907e-15,2.47564e-04,2.37487e-07,3.23917e-04,5.55112e-16,1.82420e-03,4.44089e-15,3.55271e-15,5.32907e-15,3.10665e-04,1.08890e-04,7.77156e-16,3.10862e-15,3.64000e-05
1.99840e-15,1.65392e-03,2.22045e-16,6.29828e-04,1.11022e-16,2.66454e-15,1.33227e-15,2.27262e-04,9.49947e-07,3.47457e-04,8.88178e-16,1.77076e-03,5.32907e-15,2.66454e-15,3.10862e-15,3.48152e-04,1.20024e-04,1.55431e-15,5.32907e-15,3.22000e-05
1.99840e-15,1.50555e-03,4.99600e-16,5.11822e-04,6.66134e-16,1.55431e-15,1.77636e-15,2.71269e-04,5.46220e-06,3.39196e-04,1.33227e-15,1.52928e-03,1.77636e-15,3.10862e-15,0.00000e+00,3.31984e-04,1.26926e-04,8.88178e-16,3.55271e-15,3.08000e-05
8.88178e-16,1.55683e-03,6.10623e-16,5.56797e-04,2.22045e-16,4.44089e-16,3.10862e-15,2.64719e-04,4.51225e-06,4.02612e-04,3.33067e-16,1.54480e-03,8.88178e-15,3.10862e-15,3.10862e-15,3.16127e-04,1.22915e-04,1.11022e-15,0.00000e+00,3.36000e-05
2.44249e-15,1.67210e-03,5.55112e-17,5.43944e-04,1.33227e-15,3.33067e-15,2.66454e-15,2.96054e-04,9.49947e-07,4.11543e-04,1.11022e-16,1.57632e-03,6.21725e-15,1.99840e-15,5.32907e-15,3.06940e-04,1.30748e-04,4.44089e-16,0.00000e+00,1.40000e-05
2.66454e-15,1.69540e-03,1.11022e-16,5.87684e-04,0.00000e+00,2.22045e-16,7.10543e-15,3.17923e-04,5.69968e-06,3.55667e-04,1.11022e-16,1.47108e-03,1.06581e-14,4.44089e-15,3.55271e-15,3.08066e-04,1.24719e-04,7.77156e-16,2.17945e-07,5.60000e-06
1.11022e-15,1.55094e-03,4.44089e-16,7.22447e-04,1.22125e-15,8.88178e-16,3.10862e-15,2.63474e-04,7.36209e-06,3.78683e-04,9.99201e-16,1.45667e-03,1.15463e-14,4.21885e-15,2.88658e-15,2.88040e-04,1.23313e-04,6.66134e-16,2.17945e-07,4.06000e-05
2.66454e-15,1.60172e-03,7.21645e-16,6.43759e-04,5.55112e-16,4.44089e-16,8.88178e-16,2.82890e-04,1.66241e-06,3.62719e-04,6.66134e-16,1.44027e-03,7.10543e-15,8.88178e-16,2.44249e-15,2.78436e-04,1.26325e-04,3.33067e-16,8.88178e-16,3.22000e-05
2.88658e-15,1.59266e-03,1.11022e-16,7.32415e-04,6.66134e-16,6.66134e-16,3.10862e-15,3.19534e-04,2.49361e-05,3.79516e-04,4.44089e-16,1.49221e-03,2.66454e-15,2.66454e-15,2.66454e-15,2.51628e-04,1.19137e-04,5.55112e-16,4.35890e-07,3.78000e-05
6.66134e-16,1.58593e-03,2.77556e-16,5.81893e-04,5.55112e-16,1.33227e-15,4.88498e-15,2.95839e-04,7.36209e-06,3.80287e-04,4.44089e-16,1.37874e-03,8.88178e-15,1.99840e-15,3.10862e-15,2.27255e-04,1.15746e-04,4.44089e-16,8.88178e-16,9.80000e-06
8.88178e-16,1.53123e-03,5.55112e-17,4.62978e-04,3.33067e-16,6.66134e-16,5.77316e-15,2.26151e-04,1.42492e-06,3.59363e-04,1.55431e-15,1.30729e-03,0.00000e+00,2.66454e-15,3.10862e-15,2.07688e-04,1.03252e-04,1.11022e-15,2.17945e-07,2.52000e-05
6.66134e-16,1.44676e-03,6.66134e-16,4.81400e-04,9.99201e-16,6.66134e-16,4.88498e-15,3.02122e-04,9.49947e-07,3.90884e-04,4.44089e-16,1.24238e-03,1.06581e-14,6.66134e-16,1.33227e-15,2.17153e-04,1.03342e-04,7.77156e-16,5.01273e-06,2.94000e-05
2.88658e-15,1.28332e-03,2.77556e-16,4.49788e-04,1.22125e-15,3.77476e-15,2.66454e-15,2.68488e-04,4.74974e-07,3.89873e-04,1.11022e-15,1.18508e-03,6.21725e-15,2.44249e-15,1.77636e-15,2.17695e-04,1.07503e-04,1.11022e-15,1.30767e-06,4.34000e-05
3.77476e-15,1.23965e-03,2.77556e-16,3.83097e-04,8.88178e-16,1.33227e-15,1.77636e-15,2.52634e-04,4.74974e-07,3.19892e-04,1.55431e-15,1.17723e-03,9.76996e-15,3.10862e-15,3.99680e-15,2.40607e-04,1.09367e-04,1.11022e-15,5.66657e-06,5.60000e-06
1.99840e-15,1.45102e-03,6.10623e-16,3.74727e-04,6.66134e-16,0.00000e+00,1.33227e-15,2.55479e-04,1.94739e-05,3.56662e-04,1.33227e-15,1.15548e-03,8.88178e-16,2.66454e-15,4.21885e-15,2.44772e-04,1.03707e-04,7.77156e-16,1.00255e-05,8.40000e-06
2.66454e-15,1.44565e-03,7.77156e-16,3.60486e-04,9.99201e-16,2.88658e-15,3.55271e-15,2.43928e-04,3.56230e-06,3.93460e-04,5.55112e-16,1.13821e-03,2.66454e-15,1.55431e-15,3.10862e-15,2.72740e-04,8.22065e-05,7.77156e-16,1.11152e-05,1.12000e-05
1.33227e-15,1.26692e-03,6.66134e-16,3.76683e-04,2.22045e-16,0.00000e+00,4.44089e-15,2.27872e-04,7.59958e-06,3.67560e-04,1.33227e-15,1.12505e-03,8.88178e-16,1.55431e-15,1.77636e-15,2.68408e-04,8.53070e-05,7.77156e-16,1.00255e-05,4.34000e-05
1.55431e-15,1.39394e-03,9.99201e-16,3.91517e-04,9.43690e-16,3.99680e-15,8.88178e-16,2.15881e-04,6.17466e-06,4.73201e-04,8.88178e-16,1.15991e-03,0.00000e+00,1.99840e-15,2.66454e-15,3.02917e-04,8.60862e-05,8.88178e-16,2.12817e-06,3.08000e-05
3.10862e-15,1.41209e-03,5.55112e-17,3.83276e-04,4.99600e-16,3.77476e-15,5.32907e-15,2.30974e-04,4.51225e-06,4.13728e-04,3.33067e-16,1.27620e-03,9.76996e-15,2.22045e-16,3.10862e-15,3.26148e-04,7.85261e-05,7.77156e-16,5.14598e-06,2.80000e-06
2.66454e-15,1.25685e-03,5.55112e-17,3.89760e-04,8.32667e-16,2.66454e-15,1.77636e-15,2.59342e-04,9.73696e-06,3.56784e-04,7.77156e-16,1.27486e-03,3.55271e-15,4.44089e-16,3.33067e-15,2.93836e-04,9.54239e-05,6.66134e-16,2.78889e-06,5.60000e-06
1.11022e-15,1.36667e-03,2.22045e-16,3.50718e-04,1.22125e-15,4.44089e-16,5.32907e-15,3.01805e-04,7.83707e-06,3.30440e-04,1.22125e-15,1.31927e-03,4.44089e-15,1.99840e-15,2.44249e-15,3.35183e-04,8.68327e-05,1.22125e-15,1.37628e-05,2.24000e-05
2.66454e-15,1.26090e-03,1.11022e-16,3.99134e-04,2.22045e-16,7.10543e-15,1.77636e-15,2.64212e-04,1.13994e-05,3.69335e-04,8.88178e-16,1.17745e-03,6.21725e-15,2.22045e-15,2.66454e-15,3.43178e-04,8.69151e-05,1.22125e-15,1.23521e-05,5.46000e-05
1.11022e-15,1.21571e-03,5.55112e-16,3.94640e-04,3.88578e-16,9.76996e-15,7.10543e-15,2.70638e-04,4.03728e-06,4.33899e-04,0.00000e+00,1.14145e-03,4.44089e-15,3.55271e-15,1.55431e-15,3.46887e-04,1.11816e-04,3.33067e-16,4.23774e-06,1.40000e-05
2.22045e-16,1.34409e-03,0.00000e+00,4.26883e-04,7.77156e-16,9.76996e-15,4.88498e-15,2.90490e-04,9.26199e-06,4.41371e-04,7.77156e-16,1.24279e-03,1.06581e-14,3.77476e-15,1.77636e-15,3.31861e-04,1.13288e-04,6.66134e-16,4.58575e-06,1.82000e-05
2.44249e-15,1.15767e-03,7.77156e-16,4.65817e-04,2.77556e-16,4.44089e-15,2.66454e-15,2.66798e-04,7.59958e-06,4.51794e-04,9.99201e-16,1.35767e-03,6.21725e-15,1.99840e-15,3.77476e-15,3.63040e-04,1.04826e-04,4.44089e-16,1.91438e-05,7.00000e-06
4.44089e-16,1.16619e-03,4.44089e-16,4.67130e-04,1.16573e-15,8.88178e-16,5.32907e-15,2.78271e-04,1.42492e-06,4.71599e-04,1.22125e-15,1.43439e-03,2.66454e-15,2.44249e-15,2.22045e-15,3.64517e-04,1.06359e-04,1.22125e-15,7.85262e-06,5.60000e-05
1.77636e-15,1.20944e-03,4.44089e-16,6.10810e-04,4.99600e-16,5.32907e-15,9.76996e-15,2.54331e-04,4.74974e-06,4.32632e-04,7.77156e-16,1.45791e-03,8.88178e-15,0.00000e+00,2.22045e-15,3.18013e-04,9.18359e-05,9.99201e-16,1.07882e-05,3.22000e-05
6.66134e-16,1.04287e-03,3.33067e-16,5.23159e-04,1.22125e-15,1.06581e-14,6.21725e-15,2.52874e-04,6.64963e-06,5.42121e-04,9.99201e-16,1.70842e-03,1.15463e-14,3.77476e-15,1.99840e-15,2.81284e-04,1.06087e-04,8.88178e-16,1.33069e-05,8.40000e-06
1.77636e-15,1.04923e-03,6.10623e-16,4.93301e-04,9.99201e-16,4.44089e-15,0.00000e+00,1.92524e-04,8.31204e-06,4.81168e-04,6.66134e-16,1.66357e-03,7.99361e-15,2.44249e-15,1.11022e-15,3.45960e-04,9.97800e-05,8.88178e-16,2.03931e-05,5.60000e-06
2.88658e-15,8.16846e-04,1.11022e-16,4.09067e-04,7.21645e-16,6.21725e-15,8.88178e-15,1.95020e-04,1.47242e-05,5.22658e-04,1.77636e-15,1.55444e-03,6.21725e-15,3.77476e-15,6.66134e-16,2.84221e-04,9.68968e-05,8.88178e-16,1.96201e-05,2.80000e-05
2.22045e-16,7.15436e-04,5.55112e-16,4.82501e-04,4.44089e-16,7.99361e-15,8.88178e-15,1.86957e-04,1.21118e-05,4.47653e-04,7.77156e-16,1.54312e-03,0.00000e+00,3.55271e-15,1.77636e-15,2.85062e-04,8.14592e-05,8.88178e-16,9.84794e-06,5.18000e-05
6.66134e-16,7.44789e-04,2.22045e-16,5.08253e-04,9.43690e-16,7.99361e-15,5.32907e-15,1.75411e-04,9.88484e-07,4.66243e-04,0.00000e+00,1.48188e-03,1.15463e-14,1.99840e-15,1.55431e-15,2.72938e-04,1.27327e-04,2.22045e-16,2.34533e-05,6.30000e-05
1.99840e-15,8.80625e-04,7.21645e-16,5.01145e-04,6.10623e-16,1.15463e-14,7.10543e-15,1.67334e-04,4.15926e-05,5.27100e-04,2.22045e-16,1.49733e-03,1.24345e-14,1.99840e-15,1.33227e-15,3.12254e-04,9.11555e-05,1.22125e-15,3.41015e-05,2.66000e-05
2.44249e-15,9.01608e-04,7.21645e-16,4.60535e-04,4.99600e-16,1.24345e-14,4.44089e-15,1.60417e-04,6.93357e-06,4.93577e-04,1.77636e-15,1.52536e-03,9.76996e-15,2.44249e-15,1.77636e-15,3.03081e-04,8.82815e-05,0.00000e+00,2.11059e-05,2.24000e-05
2.22045e-16,1.11435e-03,2.77556e-16,4.98866e-04,4.44089e-16,8.88178e-16,4.44089e-15,1.81093e-04,2.05589e-05,4.12429e-04,8.88178e-16,1.57179e-03,7.10543e-15,1.33227e-15,2.22045e-15,2.83070e-04,7.44944e-05,4.44089e-16,8.79488e-06,1.98800e-05
0.00000e+00,1.03159e-03,2.77556e-16,5.71159e-04,1.16573e-15,8.88178e-15,7.10543e-15,1.75845e-04,9.57810e-06,4.31445e-04,1.11022e-15,1.55709e-03,6.21725e-15,2.88658e-15,1.77636e-15,2.71578e-04,9.66701e-05,7.77156e-16,1.49522e-05,1.59600e-05
2.22045e-15,1.29645e-03,1.66533e-16,6.13480e-04,3.33067e-16,3.55271e-15,1.77636e-15,1.73819e-04,1.30916e-06,4.22180e-04,2.22045e-16,1.57540e-03,7.10543e-15,2.66454e-15,1.55431e-15,2.71306e-04,9.37875e-05,7.77156e-16,2.03280e-05,1.72200e-05
1.77636e-15,1.33088e-03,2.77556e-16,5.82083e-04,1.16573e-15,2.66454e-15,1.77636e-15,1.77406e-04,1.85437e-05,4.51651e-04,1.22125e-15,1.61075e-03,2.66454e-15,2.66454e-15,8.88178e-16,2.55566e-04,9.44089e-05,1.33227e-15,1.71072e-05,6.02000e-06
2.22045e-16,1.42971e-03,1.66533e-16,7.73690e-04,6.10623e-16,0.00000e+00,6.21725e-15,1.86333e-04,1.46825e-05,4.02882e-04,5.55112e-16,1.66553e-03,1.15463e-14,1.33227e-15,2.66454e-15,2.58474e-04,8.57164e-05,9.99201e-16,2.83039e-05,3.33200e-05
1.33227e-15,1.26254e-03,6.10623e-16,6.59733e-04,5.55112e-17,6.21725e-15,1.77636e-15,1.97832e-04,1.89368e-05,4.18491e-04,8.88178e-16,1.58310e-03,1.06581e-14,1.33227e-15,2.22045e-15,2.49677e-04,8.94441e-05,0.00000e+00,3.96580e-05,1.56800e-05
1.11022e-15,9.50737e-04,3.88578e-16,4.90310e-04,1.11022e-15,6.21725e-15,6.21725e-15,1.96236e-04,2.14839e-05,3.82931e-04,4.44089e-16,1.55098e-03,1.77636e-15,1.77636e-15,1.77636e-15,2.20878e-04,8.96078e-05,5.55112e-16,2.05273e-05,6.44000e-06
1.33227e-15,9.98307e-04,9.99201e-16,4.67632e-04,8.32667e-16,3.99680e-15,3.55271e-15,1.95403e-04,2.41424e-05,3.73367e-04,1.33227e-15,1.46075e-03,1.06581e-14,8.88178e-16,4.88498e-15,2.55037e-04,9.13273e-05,8.88178e-16,7.69688e-06,9.94000e-06
2.22045e-16,9.47538e-04,2.22045e-16,4.38661e-04,9.99201e-16,1.77636e-15,4.44089e-15,2.34365e-04,3.32458e-05,3.86796e-04,5.55112e-16,1.43072e-03,3.55271e-15,1.11022e-15,3.55271e-15,2.44816e-04,1.07555e-04,7.77156e-16,6.04116e-06,1.68000e-05
1.33227e-15,9.03696e-04,6.10623e-16,4.77117e-04,4.44089e-16,3.10862e-15,7.99361e-15,2.36012e-04,1.17590e-05,3.63104e-04,1.33227e-15,1.31904e-03,1.24345e-14,1.33227e-15,5.32907e-15,2.55638e-04,9.75945e-05,6.66134e-16,8.41629e-06,2.88400e-05
3.99680e-15,1.27827e-03,0.00000e+00,4.32693e-04,1.33227e-15,4.44089e-16,0.00000e+00,1.99298e-04,4.70493e-06,3.11747e-04,2.22045e-16,1.29872e-03,1.06581e-14,6.66134e-16,8.88178e-16,2.71931e-04,8.14282e-05,6.66134e-16,1.60588e-05,3.12200e-05
2.22045e-15,1.05105e-03,5.55112e-17,4.01133e-04,9.99201e-16,3.10862e-15,4.44089e-15,1.89885e-04,1.07530e-05,2.82311e-04,1.77636e-15,1.22938e-03,0.00000e+00,2.22045e-16,4.44089e-15,2.32203e-04,7.78481e-05,7.77156e-16,6.67757e-06,1.82000e-05
2.44249e-15,1.01838e-03,6.10623e-16,3.76548e-04,2.22045e-15,1.33227e-15,7.99361e-15,1.79542e-04,1.32862e-05,2.93462e-04,6.66134e-16,1.16219e-03,4.44089e-15,1.55431e-15,0.00000e+00,2.34806e-04,7.63984e-05,4.44089e-16,9.97635e-06,2.66000e-06
1.55431e-15,9.86783e-04,8.88178e-16,3.87075e-04,3.10862e-15,6.21725e-15,7.10543e-15,1.57260e-04,9.67460e-06,2.92375e-04,5.55112e-16,1.10128e-03,9.76996e-15,1.55431e-15,3.99680e-15,2.32417e-04,7.34952e-05,0.00000e+00,6.76676e-06,1.12000e-06
8.88178e-16,9.74888e-04,7.77156e-16,3.72893e-04,4.44089e-15,3.10862e-15,9.76996e-15,1.43025e-04,5.47964e-06,3.13665e-04,1.22125e-15,1.06028e-03,1.06581e-14,4.21885e-15,2.22045e-15,2.20186e-04,8.26106e-05,7.77156e-16,3.34515e-06,2.80000e-06
4.44089e-16,1.03842e-03,6.66134e-16,3.42905e-04,6.21725e-15,1.33227e-15,4.44089e-15,1.42021e-04,3.62690e-06,2.83046e-04,1.11022e-16,1.01542e-03,4.44089e-15,4.21885e-15,4.44089e-15,2.18779e-04,7.14007e-05,9.99201e-16,3.27561e-06,5.60000e-06
1.99840e-15,1.03252e-03,0.00000e+00,3.58325e-04,1.24345e-14,3.10862e-15,0.00000e+00,1.67104e-04,4.07794e-06,2.93923e-04,1.11022e-15,9.62576e-04,9.76996e-15,8.88178e-16,5.32907e-15,2.22901e-04,8.47702e-05,1.22125e-15,3.49129e-06,4.20000e-06
8.88178e-16,1.35591e-03,0.00000e+00,3.41280e-04,1.42109e-14,3.10862e-15,4.44089e-15,1.47139e-04,6.54083e-06,3.05707e-04,7.77156e-16,9.10799e-04,9.76996e-15,3.55271e-15,2.66454e-15,2.17983e-04,1.16417e-04,1.99840e-15,4.33326e-06,7.00000e-06
2.66454e-15,1.47917e-03,2.22045e-16,3.79812e-04,1.24345e-14,8.88178e-16,9.76996e-15,1.66251e-04,9.53190e-06,3.40829e-04,7.77156e-16,8.62386e-04,6.21725e-15,2.22045e-15,2.22045e-15,2.00201e-04,9.32198e-05,1.11022e-15,9.27540e-06,1.40000e-06
2.66454e-15,1.19686e-03,8.88178e-16,4.27209e-04,1.77636e-14,3.10862e-15,1.77636e-15,2.13670e-04,1.23362e-05,3.67639e-04,1.22125e-15,8.17007e-04,8.88178e-16,5.32907e-15,0.00000e+00,1.88045e-04,9.31738e-05,1.11022e-15,1.30926e-05,7.00000e-06
4.44089e-15,1.40346e-03,1.11022e-16,5.03987e-04,8.88178e-15,4.44089e-16,3.55271e-15,2.40399e-04,1.38151e-05,4.09369e-04,1.11022e-15,7.90462e-04,8.88178e-15,3.10862e-15,0.00000e+00,1.83398e-04,8.15376e-05,1.11022e-15,1.69864e-05,1.40000e-06
0.00000e+00,1.49812e-03,5.55112e-16,5.11190e-04,1.77636e-14,8.88178e-16,1.24345e-14,2.21506e-04,1.34253e-05,4.44633e-04,6.66134e-16,7.90159e-04,5.32907e-15,1.33227e-15,4.88498e-15,1.81037e-04,8.61021e-05,1.55431e-15,1.79856e-05,2.80000e-06
1.33227e-15,1.40488e-03,6.66134e-16,4.59442e-04,2.66454e-15,4.88498e-15,6.21725e-15,2.26517e-04,1.11717e-05,3.79571e-04,1.22125e-15,8.10043e-04,3.55271e-15,3.55271e-15,2.22045e-15,1.78492e-04,9.07619e-05,1.44329e-15,1.65883e-05,2.52000e-05
1.33227e-15,1.35556e-03,5.55112e-16,4.57972e-04,2.66454e-15,6.66134e-15,0.00000e+00,2.09111e-04,1.33178e-05,3.06961e-04,8.88178e-16,8.78303e-04,6.21725e-15,8.88178e-16,2.22045e-15,1.81072e-04,7.83610e-05,9.99201e-16,1.89379e-05,4.20000e-06
2.22045e-15,1.31021e-03,4.44089e-16,4.95309e-04,1.15463e-14,2.66454e-15,8.88178e-16,2.36397e-04,5.72364e-06,3.74961e-04,6.66134e-16,9.48386e-04,5.32907e-15,3.99680e-15,1.33227e-15,1.79800e-04,8.88856e-05,9.99201e-16,1.55371e-05,1.12000e-05
3.99680e-15,1.20693e-03,5.55112e-16,4.89385e-04,9.76996e-15,1.33227e-15,7.10543e-15,2.16855e-04,4.87750e-06,3.24098e-04,1.22125e-15,1.00721e-03,3.55271e-15,3.55271e-15,2.66454e-15,1.47236e-04,6.02452e-05,1.11022e-15,1.35389e-05,2.94000e-05
2.22045e-15,1.18624e-03,4.44089e-16,4.11374e-04,1.33227e-15,1.77636e-15,5.32907e-15,2.08173e-04,4.11751e-06,3.49016e-04,8.88178e-16,1.04070e-03,5.32907e-15,3.99680e-15,5.32907e-15,1.65497e-04,6.34029e-05,1.77636e-15,1.14908e-05,2.80000e-06
7.10543e-15,1.31959e-03,6.66134e-16,4.46353e-04,3.10862e-15,3.99680e-15,1.06581e-14,1.98822e-04,1.49248e-06,3.84584e-04,7.77156e-16,1.11072e-03,0.00000e+00,4.44089e-15,1.99840e-15,1.47323e-04,7.73026e-05,6.66134e-16,1.11106e-05,7.00000e-06
3.55271e-15,1.23111e-03,1.11022e-15,4.11873e-04,4.88498e-15,4.88498e-15,8.88178e-15,2.11219e-04,4.76314e-06,4.39924e-04,1.22125e-15,1.00543e-03,1.77636e-15,4.44089e-16,1.55431e-15,1.65176e-04,7.33595e-05,1.33227e-15,1.46986e-05,4.20000e-05
3.10862e-15,1.35279e-03,9.99201e-16,4.45629e-04,4.88498e-15,6.66134e-15,6.66134e-15,3.02439e-04,1.23839e-06,3.86111e-04,9.99201e-16,1.03760e-03,0.00000e+00,2.66454e-15,2.66454e-15,1.80302e-04,6.97625e-05,5.32907e-15,1.77439e-05,4.20000e-05
2.66454e-15,1.13353e-03,2.22045e-16,5.16021e-04,2.66454e-15,3.10862e-15,3.99680e-15,3.05504e-04,2.60482e-06,3.46469e-04,8.88178e-16,1.03852e-03,2.66454e-15,7.54952e-15,2.66454e-15,1.63168e-04,6.22275e-05,6.21725e-15,8.47998e-06,1.54000e-05
1.33227e-15,1.07468e-03,6.66134e-16,5.78066e-04,2.22045e-16,3.99680e-15,7.99361e-15,2.54790e-04,3.38526e-06,3.89775e-04,5.55112e-16,1.03078e-03,4.44089e-15,3.55271e-15,3.55271e-15,2.11309e-04,6.36881e-05,4.44089e-15,1.13005e-05,1.40000e-06
7.54952e-15,1.18235e-03,6.10623e-16,5.55734e-04,1.11022e-15,4.44089e-16,2.66454e-15,2.78110e-04,4.06822e-06,3.57144e-04,1.22125e-15,1.03038e-03,5.32907e-15,1.77636e-15,4.44089e-15,2.22955e-04,6.10436e-05,1.33227e-15,1.53142e-05,1.12000e-05
4.44089e-15,1.00524e-03,4.99600e-16,5.51097e-04,1.33227e-15,1.77636e-15,2.66454e-15,2.44471e-04,4.18257e-06,3.14765e-04,9.99201e-16,9.84258e-04,8.88178e-15,4.44089e-16,2.66454e-15,2.06646e-04,6.43234e-05,7.99361e-15,1.61904e-05,7.00000e-06
0.00000e+00,7.98755e-04,6.10623e-16,5.06179e-04,1.11022e-15,3.55271e-15,6.21725e-15,2.21040e-04,4.00314e-06,3.02942e-04,1.22125e-15,9.31671e-04,4.44089e-15,4.44089e-16,2.66454e-15,2.20622e-04,6.51974e-05,3.10862e-15,1.66197e-05,2.80000e-06
5.77316e-15,7.54654e-04,6.66134e-16,5.57827e-04,8.88178e-16,4.88498e-15,4.44089e-16,2.06952e-04,3.62955e-06,3.21672e-04,0.00000e+00,9.29570e-04,8.88178e-16,0.00000e+00,2.22045e-15,1.71459e-04,6.23579e-05,7.54952e-15,1.40260e-05,1.40000e-06
2.22045e-15,1.00813e-03,0.00000e+00,4.78926e-04,5.32907e-15,4.44089e-15,5.32907e-15,1.80642e-04,2.88047e-06,3.52489e-04,6.66134e-16,9.28265e-04,5.32907e-15,2.22045e-15,2.88658e-15,1.74690e-04,5.85017e-05,2.66454e-15,9.49355e-06,2.80000e-06
1.77636e-15,5.91860e-04,1.33227e-15,4.33270e-04,0.00000e+00,3.55271e-15,1.77636e-15,1.66816e-04,2.84457e-06,3.65424e-04,1.44329e-15,9.31635e-04,7.99361e-15,5.32907e-15,6.66134e-16,1.67983e-04,5.59118e-05,3.99680e-15,5.07081e-06,2.80000e-06
5.32907e-15,9.23401e-04,4.44089e-16,4.03620e-04,9.76996e-15,3.10862e-15,1.59872e-14,1.58394e-04,5.10294e-06,3.78130e-04,4.44089e-16,9.33779e-04,1.77636e-15,4.44089e-16,3.10862e-15,1.59694e-04,5.74292e-05,5.77316e-15,1.96153e-06,2.80000e-06
7.99361e-15,8.94382e-04,1.44329e-15,4.31633e-04,7.99361e-15,3.55271e-15,1.06581e-14,1.52284e-04,2.55147e-06,2.98904e-04,1.55431e-15,9.96443e-04,1.77636e-15,1.33227e-15,3.55271e-15,1.59362e-04,5.99511e-05,3.55271e-15,1.86933e-06,2.80000e-06
1.77636e-15,1.03642e-03,1.11022e-15,4.32324e-04,6.21725e-15,8.88178e-15,7.10543e-15,1.52676e-04,5.10294e-06,3.29243e-04,1.55431e-15,9.97334e-04,1.06581e-14,3.10862e-15,8.88178e-15,1.67453e-04,6.44668e-05,3.55271e-15,5.99520e-06,4.20000e-06
8.88178e-15,1.31193e-03,1.22125e-15,4.55022e-04,6.21725e-15,7.10543e-15,1.06581e-14,1.57270e-04,5.54527e-06,3.06583e-04,1.55431e-15,1.00514e-03,3.55271e-15,4.88498e-15,1.77636e-14,1.90926e-04,6.59311e-05,2.66454e-15,1.14908e-05,1.26000e-05
1.77636e-15,1.29821e-03,0.00000e+00,5.37990e-04,1.42109e-14,6.21725e-15,1.77636e-15,1.71047e-04,5.54527e-06,2.77906e-04,2.22045e-15,1.08739e-03,1.15463e-14,4.44089e-15,8.88178e-15,2.24737e-04,6.85603e-05,3.33067e-15,1.69864e-05,1.26000e-05
1.50990e-14,1.29840e-03,1.77636e-15,5.35570e-04,6.21725e-15,1.24345e-14,2.30926e-14,1.83823e-04,4.58258e-06,3.37528e-04,1.99840e-15,1.09759e-03,7.10543e-15,1.77636e-15,1.95399e-14,2.13906e-04,7.00408e-05,1.99840e-15,2.06497e-05,1.26000e-05
1.59872e-14,1.25842e-03,6.66134e-16,4.74649e-04,8.88178e-15,1.77636e-15,1.77636e-14,2.11362e-04,3.97995e-06,3.42240e-04,3.33067e-16,1.03972e-03,4.44089e-15,1.77636e-15,1.77636e-14,1.80963e-04,8.45130e-05,3.77476e-15,2.14828e-05,7.00000e-06
6.21725e-15,1.24587e-03,1.33227e-15,5.14166e-04,8.88178e-15,1.59872e-14,1.06581e-14,2.21859e-04,5.45802e-06,3.39361e-04,7.77156e-16,9.95897e-04,7.99361e-15,4.44089e-15,1.24345e-14,1.70895e-04,1.06679e-04,2.88658e-15,1.79856e-05,5.32907e-15
8.88178e-15,1.12774e-03,1.22125e-15,5.92636e-04,2.66454e-15,1.86517e-14,3.19744e-14,2.12281e-04,4.97494e-06,2.83124e-04,1.22125e-15,9.16624e-04,5.32907e-15,6.21725e-15,2.66454e-14,1.58995e-04,1.95701e-04,2.22045e-16,9.49240e-06,1.68000e-05
5.32907e-15,1.31628e-03,1.33227e-15,8.45171e-04,3.55271e-15,4.44089e-15,8.88178e-15,2.08255e-04,6.36867e-06,3.53650e-04,1.66533e-15,8.44911e-04,1.77636e-15,3.99680e-15,2.13163e-14,2.73511e-04,3.27535e-04,4.44089e-16,4.99600e-07,9.80000e-06
1.15463e-14,1.41871e-03,5.55112e-16,7.42984e-04,6.21725e-15,4.44089e-15,1.24345e-14,2.26574e-04,7.53392e-06,3.33096e-04,1.11022e-15,8.55818e-04,5.32907e-15,1.33227e-15,1.77636e-14,2.24905e-04,2.56348e-04,3.55271e-15,8.61385e-06,2.80000e-06
3.55271e-15,1.39418e-03,1.55431e-15,7.55602e-04,3.99680e-15,4.44089e-15,5.32907e-15,2.43682e-04,5.45802e-06,3.57221e-04,1.11022e-15,9.35937e-04,7.10543e-15,2.22045e-15,1.77636e-14,2.08064e-04,2.81792e-04,3.77476e-15,1.81521e-05,1.12000e-05
7.99361e-15,1.30329e-03,6.66134e-16,7.60494e-04,1.77636e-15,6.21725e-15,1.24345e-14,2.72996e-04,6.11882e-06,3.88132e-04,1.22125e-15,1.01471e-03,1.42109e-14,1.77636e-15,1.77636e-14,1.70796e-04,5.17310e-04,6.66134e-16,2.20998e-05,4.20000e-06
1.06581e-14,1.55971e-03,1.11022e-15,6.90637e-04,4.44089e-16,5.32907e-15,2.13163e-14,2.91411e-04,1.98997e-06,3.42003e-04,7.77156e-16,1.11134e-03,1.77636e-15,3.99680e-15,1.77636e-15,1.48365e-04,6.39954e-04,1.33227e-15,3.01412e-05,7.00000e-06
6.21725e-15,1.31428e-03,8.88178e-16,7.83474e-04,5.32907e-15,3.99680e-15,1.42109e-14,2.08376e-04,9.94987e-07,3.57426e-04,7.77156e-16,1.11389e-03,4.44089e-15,4.44089e-16,8.88178e-15,2.20945e-04,7.22530e-04,2.66454e-15,8.49320e-06,5.60000e-06
6.21725e-15,1.42495e-03,1.22125e-15,5.93002e-04,5.77316e-15,7.10543e-15,2.13163e-14,1.57907e-04,1.42109e-14,4.04080e-04,2.10942e-15,1.09747e-03,1.50990e-14,4.88498e-15,9.76996e-15,2.25549e-04,6.57301e-04,2.66454e-15,6.99440e-06,1.54000e-05
5.32907e-15,1.59398e-03,4.44089e-16,6.44865e-04,7.54952e-15,4.44089e-16,0.00000e+00,1.23150e-04,9.94987e-07,3.71054e-04,5.77316e-15,1.07722e-03,7.10543e-15,4.44089e-16,1.42109e-14,2.23355e-04,6.06048e-04,6.21725e-15,2.35905e-06,1.12000e-05
7.99361e-15,1.51875e-03,5.55112e-16,5.38069e-04,1.77636e-15,4.88498e-15,1.42109e-14,1.04722e-04,9.94987e-07,3.51118e-04,8.88178e-16,1.04713e-03,8.88178e-16,0.00000e+00,1.42109e-14,1.99473e-04,3.97608e-04,4.44089e-16,1.86598e-06,2.80000e-06
7.10543e-15,1.52610e-03,2.77556e-16,5.04978e-04,1.77636e-15,1.33227e-15,2.84217e-14,9.97667e-05,2.37487e-06,3.15414e-04,8.88178e-15,9.93919e-04,4.44089e-15,3.55271e-15,1.77636e-14,1.77953e-04,4.42796e-04,3.99680e-15,8.49320e-06,1.40000e-06
5.32907e-15,1.58341e-03,7.77156e-16,5.60750e-04,3.37508e-14,6.66134e-15,1.06581e-14,1.09099e-04,2.55147e-06,3.41726e-04,5.32907e-15,9.22611e-04,4.44089e-15,7.54952e-15,7.10543e-15,1.87300e-04,5.14524e-04,6.21725e-15,1.73260e-05,2.80000e-06
3.55271e-15,1.51203e-03,4.99600e-16,5.17934e-04,5.32907e-15,8.88178e-16,7.10543e-15,1.30219e-04,3.05941e-06,3.99314e-04,1.06581e-14,8.81760e-04,5.32907e-15,3.10862e-15,1.59872e-14,1.76269e-04,5.67977e-04,0.00000e+00,2.29816e-05,1.96000e-05
5.32907e-15,1.41930e-03,3.88578e-16,5.69578e-04,1.24345e-14,1.77636e-15,3.19744e-14,1.98406e-04,3.05941e-06,3.72727e-04,1.77636e-14,8.68875e-04,1.50990e-14,4.44089e-15,3.55271e-15,1.70495e-04,4.68181e-04,4.88498e-15,2.79776e-05,2.66000e-05
1.77636e-15,1.44575e-03,8.32667e-16,6.28080e-04,1.42109e-14,8.88178e-15,7.10543e-15,3.00720e-04,9.94987e-07,3.32855e-04,1.06581e-14,9.32958e-04,1.06581e-14,8.88178e-16,4.44089e-15,1.88391e-04,4.85368e-04,6.66134e-15,3.29736e-05,4.26326e-14
9.76996e-15,1.33886e-03,5.55112e-16,6.10741e-04,2.66454e-15,9.76996e-15,3.55271e-15,4.12893e-04,2.48690e-14,3.41333e-04,5.32907e-15,1.01177e-03,1.95399e-14,3.99680e-15,5.32907e-15,1.65958e-04,3.69899e-04,8.88178e-16,3.74700e-05,2.10000e-05
6.21725e-15,1.59925e-03,5.55112e-17,7.47194e-04,8.88178e-16,8.88178e-15,1.77636e-14,3.95589e-04,2.55147e-06,3.44027e-04,6.21725e-15,1.13611e-03,5.32907e-15,1.33227e-15,0.00000e+00,2.25389e-04,3.37972e-04,5.77316e-15,3.99680e-05,4.20000e-06
4.44089e-15,1.53145e-03,1.11022e-16,8.14982e-04,2.66454e-15,8.88178e-15,7.10543e-15,3.77434e-04,5.54527e-06,3.03059e-04,6.21725e-15,1.17826e-03,1.59872e-14,5.77316e-15,1.77636e-15,3.66447e-04,2.75507e-04,3.55271e-15,3.49720e-05,7.14000e-05
3.55271e-15,1.45891e-03,2.77556e-16,8.98163e-04,8.88178e-16,0.00000e+00,4.26326e-14,3.88479e-04,6.11882e-06,3.05450e-04,5.77316e-15,1.28543e-03,7.10543e-15,8.88178e-16,5.32907e-15,6.65056e-04,2.57285e-04,8.88178e-16,2.49800e-05,6.72000e-05
6.66134e-15,1.22698e-03,9.99201e-16,9.03015e-04,3.10862e-15,7.99361e-15,7.81597e-14,4.80551e-04,6.36867e-06,3.00989e-04,8.88178e-16,1.37944e-03,1.77636e-15,8.43769e-15,9.76996e-15,6.78029e-04,2.53812e-04,6.66134e-16,1.49880e-05,5.32000e-05
0.00000e+00,1.24908e-03,2.22045e-16,6.35896e-04,4.44089e-16,7.99361e-15,1.77636e-14,4.34390e-04,6.96491e-06,2.76269e-04,1.77636e-15,1.37197e-03,1.24345e-14,8.88178e-15,7.10543e-15,7.68065e-04,2.46817e-04,3.55271e-15,9.99200e-06,3.22000e-05
2.22045e-15,1.48848e-03,6.66134e-16,6.67841e-04,6.66134e-16,8.88178e-16,4.61853e-14,4.10271e-04,9.37230e-06,2.76884e-04,2.66454e-15,1.20518e-03,0.00000e+00,3.55271e-15,6.21725e-15,8.92208e-04,2.97945e-04,1.77636e-15,2.49800e-05,4.20000e-05
1.33227e-15,1.52071e-03,4.44089e-16,6.92424e-04,6.66134e-16,6.21725e-15,4.61853e-14,4.31699e-04,1.08167e-05,3.00334e-04,0.00000e+00,1.09271e-03,1.42109e-14,3.55271e-15,1.15463e-14,9.90622e-04,3.28105e-04,5.77316e-15,4.99600e-05,6.44000e-05
4.44089e-16,1.22815e-03,9.43690e-16,7.46573e-04,1.33227e-15,3.55271e-15,1.42109e-14,3.54996e-04,9.41063e-06,2.99581e-04,1.99840e-15,1.02297e-03,0.00000e+00,3.99680e-15,6.21725e-15,1.11002e-03,3.71327e-04,8.43769e-15,5.30566e-05,7.00000e-06
8.88178e-16,1.22927e-03,4.44089e-16,8.07398e-04,1.99840e-15,6.21725e-15,1.06581e-14,3.98365e-04,8.24864e-06,3.23089e-04,8.88178e-16,1.12518e-03,2.66454e-14,1.77636e-15,7.10543e-15,8.48160e-04,2.84733e-04,1.33227e-15,4.72791e-05,2.38000e-05
2.22045e-15,1.21187e-03,7.77156e-16,7.48160e-04,1.33227e-15,7.99361e-15,7.10543e-15,4.06530e-04,5.19615e-06,3.34588e-04,4.21885e-15,1.23331e-03,8.88178e-15,8.88178e-15,9.76996e-15,1.12682e-03,2.66767e-04,3.99680e-15,1.90788e-05,5.18000e-05
1.33227e-15,1.32764e-03,2.22045e-16,7.32488e-04,9.99201e-16,4.44089e-15,4.26326e-14,3.24741e-04,2.37487e-06,3.63347e-04,2.22045e-16,1.18598e-03,1.42109e-14,7.10543e-15,9.76996e-15,1.55216e-03,2.81023e-04,3.99680e-15,1.99840e-05,1.82000e-05
3.55271e-15,1.54840e-03,7.21645e-16,9.15901e-04,2.22045e-15,7.99361e-15,2.84217e-14,4.52344e-04,9.94987e-07,3.58078e-04,2.44249e-15,1.19300e-03,1.06581e-14,7.10543e-15,4.88498e-15,1.51062e-03,2.20825e-04,0.00000e+00,4.18630e-05,3.78000e-05
2.66454e-15,1.61786e-03,3.33067e-16,8.65431e-04,1.88738e-15,9.76996e-15,3.55271e-15,4.97368e-04,1.98997e-06,3.62847e-04,3.10862e-15,1.22909e-03,8.88178e-15,5.32907e-15,8.88178e-15,1.96023e-03,2.20759e-04,3.55271e-15,4.05911e-05,5.18000e-05
1.33227e-15,1.72274e-03,8.32667e-16,7.91613e-04,8.88178e-16,1.33227e-14,3.55271e-15,2.85560e-04,9.94987e-07,3.56166e-04,8.88178e-16,1.28616e-03,3.55271e-15,0.00000e+00,0.00000e+00,1.19795e-03,1.82871e-04,6.21725e-15,1.51248e-05,3.08000e-05
3.99680e-15,1.41928e-03,3.88578e-16,7.05977e-04,1.33227e-15,0.00000e+00,4.97380e-14,2.39783e-04,2.55147e-06,3.93593e-04,3.10862e-15,1.29628e-03,1.77636e-14,3.55271e-15,4.44089e-15,1.80743e-03,1.77329e-04,4.44089e-15,5.42818e-05,3.50000e-05
2.66454e-15,1.72327e-03,9.43690e-16,9.23621e-04,0.00000e+00,7.99361e-15,1.06581e-14,2.18723e-04,9.94987e-07,4.22499e-04,4.44089e-15,1.28818e-03,2.48690e-14,4.88498e-15,5.32907e-15,1.91716e-03,1.63849e-04,4.88498e-15,8.16222e-05,1.40000e-06
4.44089e-15,1.65698e-03,9.43690e-16,8.72589e-04,1.77636e-15,1.77636e-15,3.19744e-14,2.25381e-04,5.45802e-06,4.14357e-04,3.10862e-15,1.29066e-03,1.24345e-14,4.44089e-15,5.32907e-15,1.89493e-03,1.53220e-04,1.77636e-15,6.82257e-05,2.80000e-06
8.88178e-16,1.48865e-03,5.55112e-16,8.48585e-04,1.11022e-16,7.10543e-15,4.26326e-14,4.01443e-04,9.20598e-06,5.33353e-04,4.44089e-16,1.25363e-03,1.77636e-15,1.33227e-15,8.88178e-15,1.66712e-03,1.29659e-04,0.00000e+00,3.25667e-05,2.10000e-05
4.88498e-15,1.80789e-03,9.99201e-16,9.19815e-04,1.22125e-15,1.24345e-14,2.48690e-14,3.49689e-04,3.76696e-06,5.29666e-04,2.66454e-15,1.24125e-03,8.88178e-15,3.10862e-15,7.99361e-15,1.78848e-03,1.19949e-04,4.44089e-16,3.29756e-05,1.12000e-05
2.66454e-15,1.91526e-03,0.00000e+00,8.76114e-04,0.00000e+00,1.95399e-14,2.48690e-14,4.23796e-04,9.94987e-06,5.44139e-04,2.66454e-15,1.29563e-03,1.06581e-14,4.44089e-16,8.88178e-15,1.48824e-03,1.19848e-04,1.77636e-15,4.74822e-05,1.12000e-05
2.66454e-15,1.96008e-03,5.55112e-17,9.57683e-04,3.33067e-16,8.88178e-15,5.68434e-14,4.98567e-04,1.56844e-05,5.45082e-04,6.66134e-15,1.17970e-03,3.55271e-15,2.22045e-15,1.42109e-14,1.55699e-03,1.34524e-04,4.44089e-16,5.29130e-05,1.40000e-06
3.10862e-15,1.99699e-03,1.66533e-16,7.62824e-04,8.88178e-16,1.24345e-14,1.77636e-14,3.44582e-04,1.01705e-05,5.61341e-04,4.44089e-15,1.24854e-03,1.77636e-15,3.55271e-15,1.77636e-15,1.39719e-03,1.42650e-04,1.33227e-15,3.67776e-05,1.40000e-06
2.66454e-15,2.13187e-03,6.10623e-16,7.68720e-04,3.33067e-16,1.24345e-14,1.06581e-14,3.79025e-04,3.39522e-05,6.13541e-04,1.77636e-15,1.26946e-03,0.00000e+00,8.88178e-16,1.15463e-14,1.53250e-03,1.67648e-04,1.55431e-15,1.35103e-04,2.66000e-05
2.66454e-15,2.00853e-03,4.44089e-16,7.00054e-04,5.55112e-16,3.55271e-15,1.42109e-14,2.54539e-04,9.57653e-06,5.27248e-04,5.32907e-15,1.25990e-03,3.55271e-15,5.77316e-15,7.99361e-15,1.24495e-03,1.99112e-04,1.99840e-15,5.44716e-05,2.10000e-05
3.55271e-15,2.18039e-03,1.11022e-16,7.73006e-04,1.11022e-16,6.21725e-15,3.19744e-14,2.69902e-04,3.13688e-06,5.99487e-04,5.77316e-15,1.23316e-03,6.21725e-15,3.55271e-15,8.88178e-15,1.12370e-03,2.30122e-04,2.66454e-15,6.42479e-05,2.10000e-05
4.88498e-15,2.11465e-03,4.99600e-16,7.47767e-04,6.66134e-16,8.88178e-15,3.90799e-14,3.73879e-04,2.98496e-06,5.86844e-04,6.21725e-15,1.24394e-03,8.88178e-16,2.22045e-15,1.77636e-15,1.09869e-03,1.85557e-04,2.44249e-15,5.85910e-05,1.24345e-14
1.77636e-15,2.20344e-03,6.10623e-16,7.98288e-04,7.77156e-16,1.06581e-14,3.19744e-14,3.41536e-04,3.05941e-06,6.63649e-04,8.88178e-15,1.30129e-03,7.99361e-15,2.66454e-15,5.32907e-15,1.05934e-03,2.31838e-04,1.11022e-15,3.24436e-05,5.18000e-05
3.99680e-15,2.26731e-03,7.21645e-16,7.29808e-04,1.22125e-15,8.88178e-16,2.84217e-14,3.60593e-04,3.05941e-06,8.56567e-04,6.21725e-15,1.39630e-03,6.21725e-15,3.99680e-15,3.55271e-15,1.01588e-03,2.11746e-04,0.00000e+00,6.57215e-06,2.10000e-05
5.32907e-15,2.01398e-03,3.33067e-16,6.75292e-04,6.66134e-16,3.55271e-15,3.73035e-14,3.29592e-04,7.95990e-06,8.01499e-04,1.06581e-14,1.45537e-03,7.99361e-15,2.66454e-15,1.42109e-14,9.03837e-04,2.09725e-04,9.99201e-16,3.16863e-05,2.80000e-06
3.55271e-15,2.22857e-03,4.99600e-16,6.99482e-04,1.33227e-15,2.66454e-15,2.84217e-14,4.46504e-04,1.19398e-05,8.66208e-04,6.21725e-15,1.45403e-03,8.88178e-16,3.55271e-15,6.21725e-15,8.66156e-04,2.18693e-04,2.22045e-16,2.01527e-05,1.40000e-06
4.44089e-15,2.00444e-03,6.10623e-16,8.52758e-04,8.88178e-16,8.88178e-15,2.13163e-14,4.57423e-04,1.40712e-05,7.98555e-04,1.24345e-14,1.42677e-03,3.55271e-15,2.66454e-15,0.00000e+00,7.00247e-04,2.40141e-04,2.10942e-15,2.10887e-05,5.60000e-06
3.55271e-15,2.01236e-03,4.99600e-16,8.07319e-04,3.33067e-16,7.10543e-15,2.13163e-14,4.01381e-04,1.83303e-05,9.18845e-04,4.44089e-15,1.46684e-03,9.76996e-15,3.10862e-15,7.10543e-15,5.75581e-04,2.38968e-04,8.88178e-16,2.31854e-05,9.80000e-06
2.66454e-15,1.82633e-03,3.88578e-16,7.52646e-04,7.77156e-16,1.33227e-14,2.13163e-14,4.45072e-04,1.64973e-05,8.65130e-04,4.44089e-15,1.54272e-03,6.21725e-15,3.55271e-15,8.88178e-15,6.06942e-04,2.28620e-04,8.88178e-16,4.01332e-05,2.24000e-05
4.88498e-15,1.94109e-03,1.66533e-16,7.16798e-04,1.66533e-15,6.21725e-15,5.32907e-15,3.18806e-04,1.55470e-05,7.88718e-04,2.66454e-15,1.62236e-03,7.99361e-15,3.99680e-15,7.99361e-15,5.80651e-04,2.02099e-04,1.44329e-15,2.95903e-05,1.12000e-05
4.44089e-15,1.58278e-03,7.21645e-16,6.08062e-04,1.11022e-16,7.10543e-15,1.77636e-14,2.88257e-04,1.27373e-05,6.95639e-04,1.24345e-14,1.67313e-03,1.24345e-14,3.10862e-15,1.06581e-14,6.22032e-04,2.05504e-04,5.55112e-16,2.09739e-05,1.54000e-05
5.32907e-15,1.75364e-03,5.55112e-16,7.67839e-04,5.55112e-16,9.76996e-15,1.24345e-14,2.68323e-04,8.95489e-06,7.68139e-04,3.55271e-15,1.56045e-03,1.68754e-14,0.00000e+00,7.99361e-15,6.19409e-04,1.92330e-04,9.99201e-16,1.87046e-05,4.20000e-06
4.88498e-15,1.74244e-03,1.11022e-16,9.31263e-04,1.33227e-15,3.55271e-15,3.55271e-15,2.84745e-04,5.56687e-06,7.66541e-04,2.66454e-15,1.47595e-03,1.77636e-15,2.66454e-15,6.21725e-15,5.75625e-04,2.03094e-04,2.22045e-16,2.56337e-05,4.34000e-05
3.55271e-15,1.86099e-03,3.33067e-16,9.76407e-04,9.99201e-16,9.76996e-15,8.88178e-15,2.94812e-04,2.98496e-06,7.57993e-04,0.00000e+00,1.36952e-03,7.99361e-15,3.55271e-15,7.10543e-15,5.30142e-04,2.09031e-04,3.33067e-16,2.38488e-05,2.80000e-05
4.88498e-15,2.06669e-03,1.11022e-16,9.03161e-04,6.66134e-16,1.06581e-14,1.06581e-14,2.94789e-04,9.94987e-07,8.16099e-04,5.32907e-15,1.44391e-03,6.21725e-15,6.21725e-15,8.43769e-15,4.73954e-04,2.25489e-04,9.99201e-16,3.00708e-05,4.48000e-05
3.99680e-15,2.28267e-03,3.88578e-16,9.31066e-04,7.77156e-16,4.44089e-15,1.59872e-14,3.12495e-04,9.55288e-06,8.43598e-04,1.06581e-14,1.58108e-03,6.21725e-15,4.44089e-15,4.44089e-15,4.59318e-04,1.98415e-04,2.22045e-16,2.85112e-05,3.22000e-05
4.88498e-15,2.27617e-03,6.10623e-16,1.29309e-03,5.55112e-16,4.44089e-15,0.00000e+00,3.25516e-04,1.71138e-05,9.84472e-04,7.99361e-15,1.64479e-03,8.88178e-15,5.77316e-15,4.44089e-15,4.76307e-04,1.89235e-04,1.77636e-15,1.78612e-05,2.80000e-05
2.22045e-15,2.29314e-03,3.88578e-16,9.41656e-04,7.77156e-16,5.32907e-15,1.77636e-14,3.12993e-04,1.58528e-06,1.03641e-03,7.10543e-15,2.01803e-03,6.21725e-15,2.22045e-15,3.55271e-15,4.27817e-04,2.16170e-04,1.11022e-16,6.91375e-06,6.30000e-05
4.88498e-15,2.04945e-03,4.99600e-16,1.02575e-03,1.44329e-15,7.10543e-15,1.06581e-14,3.20567e-04,1.15051e-05,1.03434e-03,2.66454e-15,2.04861e-03,5.32907e-15,5.77316e-15,3.55271e-15,4.06579e-04,2.19014e-04,9.99201e-16,8.32036e-06,4.48000e-05
4.44089e-15,2.21520e-03,3.33067e-16,8.56095e-04,5.55112e-16,9.76996e-15,1.42109e-14,3.11184e-04,3.34936e-05,9.62696e-04,4.44089e-15,2.09074e-03,1.59872e-14,4.44089e-16,5.32907e-15,4.19490e-04,2.01042e-04,0.00000e+00,1.50342e-05,2.80000e-06
3.55271e-15,1.82926e-03,5.55112e-16,7.32189e-04,1.11022e-15,5.32907e-15,1.59872e-14,3.37046e-04,2.81501e-05,8.11625e-04,8.88178e-16,2.02970e-03,9.76996e-15,1.77636e-15,7.54952e-15,3.87948e-04,1.71658e-04,6.66134e-16,2.24418e-05,1.68000e-05
2.22045e-15,2.04662e-03,8.88178e-16,6.96178e-04,0.00000e+00,4.44089e-16,2.66454e-14,3.26715e-04,3.22371e-05,8.69158e-04,3.99680e-15,2.01102e-03,1.77636e-15,0.00000e+00,8.88178e-16,3.61206e-04,1.91239e-04,5.55112e-16,2.78668e-05,2.24000e-05
4.44089e-15,1.94744e-03,5.55112e-17,7.23112e-04,1.22125e-15,2.22045e-15,2.30926e-14,3.79432e-04,3.67897e-05,7.58429e-04,3.55271e-15,2.03899e-03,0.00000e+00,8.88178e-16,3.10862e-15,3.73757e-04,2.00328e-04,2.22045e-16,2.97158e-05,4.76000e-05
3.99680e-15,2.43610e-03,6.10623e-16,9.60231e-04,3.33067e-16,8.88178e-15,1.06581e-14,3.49374e-04,2.98107e-05,7.91667e-04,3.10862e-15,2.06378e-03,3.55271e-15,4.44089e-15,1.33227e-15,3.44266e-04,2.08118e-04,3.33067e-16,2.82126e-05,8.12000e-05
0.00000e+00,2.38414e-03,3.88578e-16,1.37795e-03,1.11022e-15,3.55271e-15,3.01981e-14,3.41465e-04,2.45369e-05,8.46539e-04,2.66454e-15,2.07560e-03,0.00000e+00,3.55271e-15,5.77316e-15,3.79565e-04,2.12162e-04,9.99201e-16,2.05987e-05,2.24000e-05
3.99680e-15,2.48618e-03,5.55112e-17,1.85862e-03,6.66134e-16,3.10862e-15,1.95399e-14,3.34505e-04,1.45770e-05,9.54068e-04,6.66134e-15,2.10110e-03,2.66454e-15,2.66454e-15,2.66454e-15,3.45744e-04,2.02783e-04,0.00000e+00,1.37010e-05,1.68000e-05
3.10862e-15,2.33893e-03,5.55112e-17,2.03343e-03,1.66533e-15,3.99680e-15,2.48690e-14,3.50049e-04,9.05081e-06,9.43954e-04,8.88178e-16,2.03332e-03,8.88178e-15,2.66454e-15,0.00000e+00,3.11411e-04,2.08846e-04,3.33067e-16,1.00792e-05,3.22000e-05
4.88498e-15,2.54734e-03,3.88578e-16,2.23160e-03,7.77156e-16,2.22045e-15,1.95399e-14,3.97274e-04,1.44003e-05,1.16383e-03,5.32907e-15,1.87270e-03,1.06581e-14,3.99680e-15,0.00000e+00,2.94071e-04,1.87485e-04,1.77636e-15,1.21886e-05,9.80000e-06
4.88498e-15,2.73560e-03,5.55112e-16,2.22903e-03,5.55112e-16,5.77316e-15,1.95399e-14,5.62563e-04,2.65432e-05,1.10360e-03,2.22045e-15,2.02575e-03,3.55271e-15,4.44089e-15,2.22045e-15,3.28254e-04,2.09978e-04,9.99201e-16,1.62528e-05,1.26000e-05
3.10862e-15,2.50922e-03,3.33067e-16,2.24504e-03,5.55112e-16,3.55271e-15,1.77636e-14,9.00739e-04,1.10395e-05,1.05777e-03,2.22045e-15,2.17586e-03,6.21725e-15,3.55271e-15,1.33227e-15,2.76102e-04,2.15811e-04,6.66134e-16,2.27406e-05,1.26000e-05
3.10862e-15,1.92254e-03,9.43690e-16,2.21348e-03,1.11022e-16,6.66134e-15,3.01981e-14,1.33809e-03,5.01697e-06,1.04632e-03,4.44089e-15,2.27776e-03,8.88178e-16,1.77636e-15,3.55271e-15,2.45422e-04,1.88006e-04,1.44329e-15,9.73168e-06,9.80000e-06
2.66454e-15,2.11014e-03,4.99600e-16,2.15022e-03,1.11022e-16,1.33227e-15,1.95399e-14,1.82216e-03,7.37522e-06,9.70947e-04,4.44089e-16,2.26143e-03,0.00000e+00,2.22045e-15,0.00000e+00,2.89828e-04,1.96327e-04,3.33067e-16,2.02067e-05,4.20000e-06
4.88498e-15,2.16158e-03,3.88578e-16,2.13177e-03,7.77156e-16,8.88178e-16,2.84217e-14,1.90184e-03,1.16582e-05,9.55792e-04,1.33227e-15,2.17545e-03,0.00000e+00,2.22045e-15,3.55271e-15,2.53185e-04,1.81574e-04,3.33067e-16,3.51125e-05,2.94000e-05
2.22045e-15,2.59088e-03,4.99600e-16,2.40844e-03,5.55112e-16,8.88178e-16,1.95399e-14,1.73838e-03,2.58025e-05,9.93517e-04,3.99680e-15,2.05579e-03,5.32907e-15,5.32907e-15,3.55271e-15,2.68583e-04,1.69843e-04,1.66533e-15,3.84621e-05,3.36000e-05
3.99680e-15,2.52268e-03,1.11022e-16,2.10773e-03,6.66134e-16,4.44089e-16,2.30926e-14,1.53883e-03,1.26292e-05,9.13008e-04,3.55271e-15,1.95775e-03,7.99361e-15,3.10862e-15,6.21725e-15,2.57962e-04,1.82155e-04,1.99840e-15,2.20130e-05,2.52000e-05
2.22045e-15,2.51712e-03,3.88578e-16,2.12343e-03,1.55431e-15,1.33227e-15,2.30926e-14,1.52392e-03,1.62416e-05,8.85019e-04,0.00000e+00,1.89980e-03,1.77636e-15,6.21725e-15,3.55271e-15,2.52622e-04,1.59177e-04,2.22045e-15,2.25207e-05,7.00000e-06
2.66454e-15,2.75273e-03,6.10623e-16,2.07762e-03,1.55431e-15,3.55271e-15,1.77636e-14,1.84540e-03,1.18269e-05,9.92739e-04,3.55271e-15,1.88655e-03,1.33227e-14,0.00000e+00,8.88178e-16,2.62277e-04,1.65085e-04,1.22125e-15,2.13840e-05,1.68000e-05
2.22045e-15,2.55757e-03,0.00000e+00,2.34047e-03,9.99201e-16,4.44089e-15,0.00000e+00,1.75662e-03,7.81447e-06,9.93629e-04,0.00000e+00,1.94988e-03,8.88178e-16,2.22045e-15,4.88498e-15,2.48690e-04,1.54580e-04,1.99840e-15,1.76183e-05,2.94000e-05
4.44089e-16,2.34850e-03,1.11022e-16,2.73510e-03,9.99201e-16,2.66454e-15,2.48690e-14,1.80311e-03,7.31280e-06,9.18082e-04,3.55271e-15,1.92979e-03,0.00000e+00,5.32907e-15,3.99680e-15,2.76943e-04,1.45719e-04,9.99201e-16,5.33049e-05,2.38000e-05
2.66454e-15,2.29029e-03,4.99600e-16,3.10633e-03,0.00000e+00,3.10862e-15,1.59872e-14,2.19392e-03,1.35644e-05,1.07619e-03,0.00000e+00,1.90166e-03,3.55271e-15,0.00000e+00,3.10862e-15,2.61190e-04,1.22497e-04,1.22125e-15,3.85807e-05,1.40000e-06
4.44089e-15,2.23903e-03,1.66533e-16,3.28263e-03,1.44329e-15,2.22045e-15,8.88178e-15,2.04806e-03,1.85861e-05,1.15960e-03,3.10862e-15,1.92181e-03,8.88178e-16,1.77636e-15,3.99680e-15,2.48207e-04,1.12932e-04,6.66134e-16,1.22878e-05,8.40000e-06
3.10862e-15,2.41490e-03,2.77556e-16,2.98576e-03,1.66533e-15,3.99680e-15,1.06581e-14,3.02306e-03,2.59456e-05,1.34120e-03,1.33227e-15,1.93844e-03,1.77636e-15,5.32907e-15,4.88498e-15,2.47781e-04,1.11875e-04,6.66134e-16,6.63574e-05,4.62000e-05
8.88178e-16,2.69274e-03,3.88578e-16,3.25768e-03,2.22045e-16,2.22045e-15,3.55271e-15,2.93123e-03,1.89188e-05,1.34925e-03,3.10862e-15,1.90973e-03,1.24345e-14,6.21725e-15,1.33227e-15,2.71033e-04,1.21410e-04,8.88178e-16,1.21505e-05,7.70000e-05
2.22045e-15,2.32249e-03,0.00000e+00,2.68108e-03,8.88178e-16,6.66134e-15,1.95399e-14,3.12080e-03,3.09277e-05,1.57337e-03,2.66454e-15,1.91060e-03,7.10543e-15,5.32907e-15,4.44089e-15,2.52897e-04,1.49257e-04,1.88738e-15,3.67141e-05,1.06400e-04
3.55271e-15,2.51402e-03,8.88178e-16,2.58621e-03,6.66134e-16,3.99680e-15,1.95399e-14,3.32166e-03,1.84212e-05,1.37921e-03,2.88658e-15,1.93940e-03,8.88178e-16,4.44089e-15,2.66454e-15,2.47419e-04,1.44231e-04,1.66533e-15,1.20881e-05,6.30000e-05
1.77636e-15,2.71670e-03,3.88578e-16,2.94207e-03,5.55112e-16,6.66134e-15,1.77636e-14,3.52719e-03,1.65372e-05,1.42107e-03,2.22045e-16,1.91173e-03,4.44089e-15,1.77636e-15,2.66454e-15,2.14469e-04,1.79440e-04,2.22045e-16,3.24293e-05,3.64000e-05
8.88178e-16,2.60223e-03,9.43690e-16,2.81895e-03,1.77636e-15,5.77316e-15,3.55271e-15,2.64796e-03,2.81036e-05,1.25478e-03,4.44089e-16,1.95084e-03,8.88178e-16,2.22045e-15,3.10862e-15,2.26334e-04,1.65970e-04,5.55112e-16,1.78692e-05,1.54000e-05
2.66454e-15,2.50837e-03,6.10623e-16,2.52108e-03,1.99840e-15,2.66454e-15,0.00000e+00,3.17615e-03,4.09268e-05,1.47189e-03,1.99840e-15,1.90202e-03,7.99361e-15,3.55271e-15,3.99680e-15,2.77038e-04,1.75501e-04,8.88178e-16,2.49497e-05,9.80000e-06
3.10862e-15,2.54337e-03,4.44089e-16,2.89158e-03,8.88178e-16,5.32907e-15,8.88178e-15,2.73690e-03,3.17975e-05,1.19218e-03,0.00000e+00,1.85965e-03,8.88178e-15,3.99680e-15,5.32907e-15,2.51209e-04,1.81075e-04,1.55431e-15,4.45476e-05,4.20000e-06
3.55271e-15,2.51209e-03,7.21645e-16,2.96061e-03,1.11022e-15,5.32907e-15,1.24345e-14,2.07118e-03,1.58369e-05,1.19383e-03,3.10862e-15,1.90155e-03,7.99361e-15,4.44089e-15,4.88498e-15,2.39025e-04,1.74884e-04,8.88178e-16,1.49073e-05,3.08000e-05
5.32907e-15,2.59474e-03,4.44089e-16,3.22544e-03,3.10862e-15,4.44089e-16,2.30926e-14,1.65309e-03,1.24423e-05,1.11476e-03,6.66134e-16,1.99857e-03,1.42109e-14,8.88178e-16,3.99680e-15,2.18984e-04,1.50826e-04,1.88738e-15,1.02646e-05,4.20000e-06
3.10862e-15,3.41238e-03,6.10623e-16,3.75913e-03,2.66454e-15,3.99680e-15,1.24345e-14,1.47109e-03,4.13550e-05,9.91224e-04,1.99840e-15,2.09904e-03,1.42109e-14,2.22045e-15,4.44089e-16,2.59547e-04,1.53751e-04,8.88178e-16,1.52090e-05,2.52000e-05
2.22045e-15,3.55011e-03,1.11022e-16,3.76468e-03,1.33227e-15,4.44089e-15,1.06581e-14,1.64705e-03,4.63381e-05,9.96682e-04,2.22045e-15,2.19666e-03,5.32907e-15,3.55271e-15,3.55271e-15,2.39865e-04,1.06845e-04,0.00000e+00,1.60508e-05,2.52000e-05
3.55271e-15,2.76718e-03,4.99600e-16,3.71935e-03,1.99840e-15,2.66454e-15,1.77636e-14,1.77826e-03,3.58758e-05,1.08738e-03,1.55431e-15,2.27831e-03,6.21725e-15,1.77636e-15,1.33227e-15,2.25754e-04,1.24089e-04,8.88178e-16,2.08796e-05,5.60000e-06
4.44089e-15,2.50970e-03,4.44089e-16,3.73156e-03,1.11022e-15,2.66454e-15,7.10543e-15,1.86922e-03,5.06402e-05,1.04327e-03,1.11022e-15,2.57199e-03,2.66454e-15,6.21725e-15,2.66454e-15,2.22133e-04,1.33932e-04,1.22125e-15,1.79830e-05,1.82000e-05
1.33227e-15,2.31833e-03,8.88178e-16,3.34722e-03,2.44249e-15,6.21725e-15,1.24345e-14,1.76491e-03,3.38003e-05,1.06186e-03,8.88178e-16,2.59896e-03,7.99361e-15,1.77636e-15,1.77636e-15,2.12851e-04,1.14482e-04,7.77156e-16,1.76044e-05,4.48000e-05
2.22045e-15,2.29424e-03,5.55112e-17,2.86675e-03,1.33227e-15,4.88498e-15,4.44089e-15,1.56391e-03,6.45987e-05,1.07242e-03,2.22045e-15,2.80193e-03,2.66454e-15,2.66454e-15,4.44089e-16,2.09024e-04,1.19178e-04,4.44089e-16,2.37268e-05,2.66000e-05
3.99680e-15,2.11200e-03,6.10623e-16,2.83373e-03,6.66134e-16,5.32907e-15,6.21725e-15,1.43872e-03,6.24650e-05,1.02203e-03,2.22045e-15,2.83401e-03,8.88178e-16,3.99680e-15,3.99680e-15,1.88538e-04,1.24552e-04,3.33067e-16,1.34571e-05,3.92000e-05
3.10862e-15,1.96744e-03,5.55112e-17,2.70620e-03,1.33227e-15,5.32907e-15,1.50990e-14,1.45916e-03,3.87591e-05,1.10101e-03,2.22045e-16,2.96868e-03,5.32907e-15,2.66454e-15,3.55271e-15,2.59202e-04,1.42126e-04,1.11022e-15,9.06339e-06,1.54000e-05
0.00000e+00,1.75297e-03,4.99600e-16,2.30343e-03,9.99201e-16,8.88178e-16,3.55271e-15,1.26295e-03,2.22666e-05,8.98707e-04,1.11022e-15,2.82709e-03,1.77636e-15,3.55271e-15,5.32907e-15,2.56121e-04,9.50047e-05,3.33067e-16,3.13488e-06,2.10000e-05
2.22045e-15,1.83303e-03,0.00000e+00,2.00233e-03,2.22045e-16,6.21725e-15,1.59872e-14,9.37006e-04,4.27434e-06,7.32443e-04,3.33067e-15,2.88522e-03,3.55271e-15,1.77636e-15,3.55271e-15,3.23664e-04,9.76743e-05,1.11022e-15,9.50505e-06,2.38000e-05
3.55271e-15,2.02249e-03,1.11022e-16,1.97622e-03,7.77156e-16,6.66134e-15,1.15463e-14,8.94441e-04,3.46302e-05,7.47099e-04,2.44249e-15,2.90300e-03,0.00000e+00,4.44089e-15,2.22045e-15,3.61979e-04,9.69444e-05,8.88178e-16,1.99028e-05,1.40000e-05
0.00000e+00,2.48792e-03,3.33067e-16,2.26091e-03,3.33067e-16,8.88178e-16,6.21725e-15,9.94844e-04,3.05011e-05,8.15780e-04,1.11022e-15,2.96097e-03,2.66454e-15,4.44089e-15,2.66454e-15,3.43204e-04,1.14057e-04,5.55112e-16,2.60999e-05,4.20000e-06
3.10862e-15,2.90973e-03,5.55112e-17,2.11955e-03,2.22045e-16,8.88178e-16,6.21725e-15,1.02026e-03,1.31308e-05,7.45435e-04,3.33067e-15,2.83848e-03,6.21725e-15,4.44089e-16,3.10862e-15,2.73741e-04,1.15935e-04,1.99840e-15,2.18276e-05,3.92000e-05
4.44089e-15,3.77024e-03,6.10623e-16,2.11946e-03,1.11022e-16,3.55271e-15,1.77636e-15,1.25155e-03,1.10756e-05,8.42652e-04,1.55431e-15,2.93650e-03,8.88178e-15,2.66454e-15,0.00000e+00,2.72413e-04,1.22936e-04,9.99201e-16,2.27310e-05,1.26000e-05
2.22045e-15,3.95989e-03,1.11022e-16,2.21590e-03,1.11022e-15,3.10862e-15,1.33227e-14,1.18071e-03,7.56052e-05,8.17622e-04,1.33227e-15,3.22820e-03,4.44089e-15,5.77316e-15,2.22045e-15,2.36867e-04,1.16178e-04,4.44089e-16,7.03566e-05,5.46000e-05
2.66454e-15,3.77636e-03,1.11022e-16,1.99926e-03,9.99201e-16,1.77636e-15,1.77636e-15,1.05726e-03,1.18801e-05,7.33561e-04,1.77636e-15,3.70317e-03,4.44089e-15,2.66454e-15,1.77636e-15,2.17198e-04,1.53006e-04,7.77156e-16,1.94090e-05,2.80000e-06
5.32907e-15,3.77594e-03,5.55112e-16,1.88092e-03,1.22125e-15,3.10862e-15,1.77636e-15,9.60814e-04,3.46668e-05,7.64997e-04,4.44089e-16,3.37417e-03,1.06581e-14,1.77636e-15,3.55271e-15,2.22474e-04,1.28250e-04,5.55112e-16,2.50181e-05,3.92000e-05
2.66454e-15,4.65380e-03,0.00000e+00,2.09407e-03,1.44329e-15,2.66454e-15,3.55271e-15,9.99097e-04,9.77632e-06,7.33034e-04,1.33227e-15,3.45629e-03,6.21725e-15,3.10862e-15,3.99680e-15,2.41567e-04,1.45718e-04,5.55112e-16,1.98901e-05,2.38000e-05
2.22045e-15,5.05708e-03,3.88578e-16,1.63037e-03,7.77156e-16,2.66454e-15,8.88178e-16,8.02767e-04,1.42364e-05,7.11442e-04,1.77636e-15,3.33750e-03,1.06581e-14,4.44089e-15,2.66454e-15,2.34231e-04,1.30204e-04,8.88178e-16,3.40384e-05,1.12000e-05
3.99680e-15,4.81851e-03,0.00000e+00,1.56415e-03,8.88178e-16,4.44089e-15,8.88178e-16,7.01747e-04,5.18740e-06,6.68326e-04,1.11022e-15,3.10974e-03,7.10543e-15,4.88498e-15,3.10862e-15,2.15738e-04,9.93930e-05,1.11022e-16,6.89622e-06,1.54000e-05
4.44089e-16,5.23813e-03,2.77556e-16,1.43297e-03,1.11022e-15,2.66454e-15,3.55271e-15,6.60099e-04,2.10225e-05,6.97536e-04,1.33227e-15,2.87473e-03,1.06581e-14,5.32907e-15,4.88498e-15,2.13085e-04,9.35170e-05,4.44089e-16,1.01463e-05,9.80000e-06
8.88178e-16,5.86127e-03,7.21645e-16,1.37722e-03,1.55431e-15,6.66134e-15,1.77636e-15,7.33724e-04,4.42844e-05,6.71879e-04,1.33227e-15,2.74949e-03,7.99361e-15,0.00000e+00,8.88178e-16,1.89118e-04,1.14165e-04,3.33067e-16,6.98698e-06,5.60000e-05
3.10862e-15,5.73214e-03,4.44089e-16,1.45496e-03,8.88178e-16,3.10862e-15,0.00000e+00,6.94402e-04,2.82978e-05,7.36212e-04,2.22045e-16,2.68106e-03,6.21725e-15,8.88178e-16,1.77636e-15,2.03651e-04,1.02965e-04,5.55112e-16,3.82460e-05,2.38000e-05
4.44089e-15,6.02517e-03,5.55112e-17,1.53001e-03,9.99201e-16,2.66454e-15,1.77636e-15,8.11294e-04,3.12799e-05,7.48039e-04,0.00000e+00,2.62950e-03,6.21725e-15,1.77636e-15,3.99680e-15,2.36750e-04,1.20391e-04,3.33067e-16,6.73493e-05,4.76000e-05
4.44089e-15,5.94726e-03,2.77556e-16,1.52970e-03,0.00000e+00,8.43769e-15,4.44089e-15,7.84445e-04,3.61204e-05,6.52560e-04,1.55431e-15,2.56784e-03,6.21725e-15,2.66454e-15,4.44089e-16,2.51344e-04,1.19992e-04,1.11022e-15,1.86055e-05,4.20000e-06
2.66454e-15,5.58925e-03,1.66533e-16,1.35337e-03,6.66134e-16,1.77636e-15,2.66454e-15,7.85594e-04,3.41776e-05,7.65457e-04,1.33227e-15,2.55817e-03,7.10543e-15,1.77636e-15,0.00000e+00,2.60167e-04,1.42085e-04,0.00000e+00,1.90402e-05,2.94000e-05
2.22045e-15,5.13886e-03,2.77556e-16,1.38466e-03,9.99201e-16,6.21725e-15,5.32907e-15,8.23267e-04,1.92360e-05,6.82570e-04,1.11022e-15,2.33848e-03,1.77636e-15,4.88498e-15,2.22045e-15,2.47146e-04,1.75605e-04,1.33227e-15,4.65759e-05,6.16000e-05
4.44089e-15,5.56526e-03,6.10623e-16,1.26714e-03,1.55431e-15,2.66454e-15,9.76996e-15,6.84185e-04,2.04091e-05,6.45487e-04,1.33227e-15,2.23621e-03,2.66454e-15,3.99680e-15,4.44089e-16,2.36522e-04,1.77617e-04,8.88178e-16,3.04629e-05,2.80000e-06
3.99680e-15,5.38275e-03,4.99600e-16,1.37189e-03,5.55112e-16,2.22045e-15,9.76996e-15,7.46069e-04,1.63617e-05,5.34825e-04,1.77636e-15,2.20589e-03,9.76996e-15,5.32907e-15,2.22045e-15,2.56040e-04,1.62189e-04,9.99201e-16,2.29108e-05,1.68000e-05
4.88498e-15,5.73327e-03,5.55112e-17,1.17750e-03,8.88178e-16,7.54952e-15,1.77636e-15,7.25067e-04,1.53751e-05,5.50204e-04,8.88178e-16,2.34569e-03,7.99361e-15,4.44089e-15,2.66454e-15,2.35375e-04,1.68731e-04,8.88178e-16,2.30759e-05,5.74000e-05
3.99680e-15,6.15285e-03,0.00000e+00,1.14495e-03,1.44329e-15,3.99680e-15,7.10543e-15,6.55832e-04,2.78059e-05,6.80176e-04,1.99840e-15,2.48822e-03,1.77636e-15,2.22045e-15,3.99680e-15,2.50174e-04,1.61312e-04,6.66134e-16,4.19192e-05,9.80000e-06
3.99680e-15,6.13642e-03,3.88578e-16,1.13130e-03,1.33227e-15,8.88178e-16,8.88178e-15,6.58427e-04,5.32439e-06,6.33676e-04,1.55431e-15,2.74569e-03,8.88178e-16,4.44089e-15,0.00000e+00,2.74074e-04,1.63998e-04,1.44329e-15,3.51387e-05,8.40000e-06
8.88178e-16,7.43176e-03,6.10623e-16,1.28857e-03,9.99201e-16,4.44089e-16,2.66454e-15,7.88271e-04,2.15214e-05,6.41267e-04,6.66134e-16,2.99266e-03,7.99361e-15,3.99680e-15,2.22045e-15,3.40305e-04,1.59854e-04,4.44089e-16,8.04145e-05,1.82000e-05
3.55271e-15,6.85122e-03,2.77556e-16,1.20776e-03,1.44329e-15,4.44089e-16,9.76996e-15,6.00506e-04,2.84197e-05,8.28391e-04,0.00000e+00,3.28371e-03,2.66454e-15,1.33227e-15,0.00000e+00,3.00902e-04,1.70468e-04,8.88178e-16,2.30669e-05,5.46000e-05
3.10862e-15,6.89128e-03,6.66134e-16,1.13328e-03,9.99201e-16,3.55271e-15,5.32907e-15,6.08557e-04,3.80054e-05,7.45703e-04,1.11022e-15,3.65739e-03,0.00000e+00,1.33227e-15,3.10862e-15,2.81639e-04,1.64746e-04,5.55112e-16,2.38984e-05,4.20000e-05
2.22045e-15,7.27959e-03,5.55112e-16,1.11311e-03,1.11022e-15,3.99680e-15,2.66454e-15,6.46813e-04,1.33185e-05,7.94080e-04,1.77636e-15,4.17053e-03,8.88178e-16,1.77636e-15,7.54952e-15,3.07689e-04,1.64905e-04,1.22125e-15,1.31109e-05,3.64000e-05
2.22045e-15,7.58935e-03,0.00000e+00,1.01972e-03,4.44089e-16,4.88498e-15,1.42109e-14,5.95446e-04,1.58436e-05,8.39473e-04,1.55431e-15,4.79811e-03,8.88178e-15,3.10862e-15,3.55271e-15,3.39654e-04,1.61617e-04,1.44329e-15,5.28039e-05,3.92000e-05
3.10862e-15,6.81291e-03,1.11022e-16,1.00528e-03,1.33227e-15,6.66134e-15,1.77636e-14,6.06846e-04,2.46030e-05,6.57193e-04,1.11022e-15,5.03011e-03,5.32907e-15,3.99680e-15,5.32907e-15,3.73061e-04,1.31500e-04,1.44329e-15,2.09923e-05,7.00000e-05
3.10862e-15,5.07551e-03,1.66533e-16,8.45351e-04,8.88178e-16,3.10862e-15,3.55271e-15,5.86720e-04,2.57738e-05,5.51351e-04,1.33227e-15,5.39762e-03,1.50990e-14,0.00000e+00,5.32907e-15,3.82421e-04,1.37574e-04,1.44329e-15,5.13688e-06,4.62000e-05
2.66454e-15,4.70788e-03,5.55112e-17,7.75306e-04,9.99201e-16,4.88498e-15,1.42109e-14,5.39285e-04,2.77750e-05,5.43336e-04,2.22045e-16,5.62214e-03,2.66454e-15,8.88178e-16,1.77636e-15,4.41355e-04,1.52410e-04,1.55431e-15,1.09499e-05,1.68000e-05
3.99680e-15,4.61033e-03,7.21645e-16,7.31278e-04,8.88178e-16,7.54952e-15,1.06581e-14,5.10725e-04,2.81341e-05,5.76024e-04,4.44089e-15,5.57127e-03,2.66454e-15,5.32907e-15,5.32907e-15,3.65472e-04,1.73411e-04,0.00000e+00,1.52138e-05,4.48000e-05
3.99680e-15,4.53389e-03,1.66533e-16,6.95293e-04,1.22125e-15,1.95399e-14,2.13163e-14,5.12724e-04,2.40943e-05,6.02759e-04,8.43769e-15,5.43269e-03,5.32907e-15,1.33227e-15,9.76996e-15,5.10830e-04,1.48622e-04,2.10942e-15,2.79542e-05,2.24000e-05
4.88498e-15,4.48631e-03,3.33067e-16,6.74548e-04,1.55431e-15,7.10543e-15,1.77636e-15,5.28484e-04,1.35679e-05,5.92315e-04,6.21725e-15,5.21830e-03,1.77636e-15,1.77636e-15,1.42109e-14,5.30269e-04,1.40893e-04,5.55112e-16,1.64621e-05,4.62000e-05
4.44089e-15,4.28314e-03,5.55112e-16,7.32475e-04,6.66134e-16,4.26326e-14,3.55271e-14,4.53466e-04,1.46890e-05,6.08492e-04,8.88178e-15,5.01260e-03,7.99361e-15,0.00000e+00,1.06581e-14,5.01202e-04,1.38392e-04,1.11022e-15,5.60782e-05,2.52000e-05
1.77636e-15,3.87741e-03,0.00000e+00,7.49319e-04,3.99680e-15,1.27898e-13,2.13163e-14,4.42277e-04,1.74890e-05,7.47815e-04,1.24345e-14,4.83819e-03,2.66454e-15,3.99680e-15,0.00000e+00,5.10763e-04,1.24382e-04,1.33227e-15,5.66903e-05,1.68000e-05
3.10862e-15,4.11879e-03,6.10623e-16,6.81935e-04,1.55431e-15,1.56319e-13,3.55271e-15,4.36462e-04,2.90843e-05,7.77005e-04,9.76996e-15,4.68789e-03,1.59872e-14,2.66454e-15,2.48690e-14,3.93274e-04,1.43350e-04,1.33227e-15,5.28790e-05,2.94000e-05
4.44089e-16,4.20129e-03,4.44089e-16,7.64934e-04,2.22045e-16,4.26326e-14,5.68434e-14,4.30433e-04,2.86328e-05,6.36970e-04,9.76996e-15,4.54265e-03,2.66454e-15,0.00000e+00,1.24345e-14,3.54599e-04,1.40032e-04,1.22125e-15,3.94457e-05,1.96000e-05
3.55271e-15,3.78601e-03,6.66134e-16,9.22531e-04,4.44089e-16,1.42109e-14,2.13163e-14,4.32154e-04,2.76450e-05,6.27347e-04,7.10543e-15,4.40192e-03,1.06581e-14,2.22045e-15,1.95399e-14,4.78673e-04,1.69515e-04,6.66134e-16,1.29965e-05,4.76000e-05
3.10862e-15,4.75770e-03,6.10623e-16,8.70311e-04,2.22045e-16,1.27898e-13,7.81597e-14,5.15762e-04,2.45069e-05,8.66489e-04,3.55271e-15,4.26246e-03,5.32907e-15,3.55271e-15,2.66454e-14,3.41631e-04,1.34736e-04,6.66134e-16,3.67613e-05,9.80000e-06
2.66454e-15,3.41566e-03,9.99201e-16,8.05253e-04,2.44249e-15,1.27898e-13,7.10543e-14,4.99207e-04,1.25239e-05,6.89332e-04,6.21725e-15,4.14226e-03,1.59872e-14,5.32907e-15,1.59872e-14,2.79650e-04,1.11832e-04,9.99201e-16,3.89338e-05,7.00000e-06
2.66454e-15,3.70354e-03,1.11022e-16,7.08032e-04,8.88178e-16,8.52651e-14,1.42109e-13,4.53042e-04,1.73629e-05,8.83289e-04,5.77316e-15,4.12205e-03,2.66454e-15,4.44089e-15,2.30926e-14,3.22184e-04,1.28504e-04,1.66533e-15,3.32265e-05,3.22000e-05
3.99680e-15,3.49256e-03,3.33067e-16,6.41195e-04,4.44089e-16,1.84741e-13,1.42109e-13,4.43718e-04,6.90289e-06,1.24072e-03,4.44089e-15,4.06058e-03,1.50990e-14,2.22045e-15,1.77636e-14,2.93900e-04,1.48647e-04,1.66533e-15,1.48091e-05,1.12000e-05
3.99680e-15,3.79709e-03,4.44089e-16,7.02717e-04,1.55431e-15,4.26326e-14,1.98952e-13,4.60267e-04,1.16670e-05,6.83737e-04,7.10543e-15,4.57566e-03,7.99361e-15,4.44089e-15,0.00000e+00,2.53441e-04,1.51361e-04,1.33227e-15,6.49923e-06,4.90000e-05
0.00000e+00,3.84578e-03,1.16573e-15,7.58237e-04,4.44089e-16,1.70530e-13,2.84217e-13,4.54321e-04,8.82145e-06,1.05000e-03,7.10543e-15,4.54756e-03,8.88178e-16,5.32907e-15,0.00000e+00,2.53063e-04,1.48082e-04,4.44089e-16,1.87816e-05,1.12000e-05
1.33227e-15,4.24159e-03,1.16573e-15,1.01233e-03,6.66134e-16,1.56319e-13,3.69482e-13,4.19652e-04,2.43351e-05,1.49910e-03,1.06581e-14,4.20683e-03,8.88178e-15,3.99680e-15,6.39488e-14,2.56957e-04,1.55455e-04,3.33067e-16,2.49800e-05,1.40000e-05
3.99680e-15,4.35364e-03,1.11022e-15,9.22724e-04,1.99840e-15,4.26326e-14,2.27374e-13,3.92613e-04,2.26836e-05,1.58123e-03,1.06581e-14,4.02727e-03,8.88178e-16,3.55271e-15,7.10543e-14,2.83910e-04,1.85432e-04,1.55431e-15,3.73197e-05,1.96000e-05
3.10862e-15,3.84460e-03,5.55112e-16,9.75366e-04,3.10862e-15,1.35003e-13,3.41061e-13,3.92116e-04,1.37958e-05,1.40963e-03,1.77636e-15,3.93529e-03,4.44089e-15,0.00000e+00,4.97380e-14,2.67095e-04,2.12866e-04,3.33067e-16,4.11650e-05,1.96000e-05
2.66454e-15,4.27893e-03,2.22045e-16,8.91638e-04,6.66134e-16,6.39488e-14,0.00000e+00,3.67854e-04,9.02651e-06,1.46755e-03,1.33227e-14,3.86231e-03,1.06581e-14,1.33227e-15,0.00000e+00,2.69958e-04,2.14090e-04,5.55112e-16,3.16759e-05,2.10000e-05
2.66454e-15,4.81623e-03,6.66134e-16,1.06837e-03,4.44089e-16,0.00000e+00,0.00000e+00,4.36959e-04,3.12797e-05,1.04234e-03,2.66454e-15,4.00589e-03,6.21725e-15,2.66454e-15,2.84217e-14,2.51324e-04,2.27288e-04,8.88178e-16,1.94926e-05,4.20000e-05
3.55271e-15,4.14682e-03,1.27676e-15,1.27417e-03,1.33227e-15,2.84217e-14,1.13687e-13,3.10000e-04,1.78059e-05,7.53098e-04,7.99361e-15,4.18163e-03,8.88178e-16,5.32907e-15,5.68434e-14,2.30529e-04,2.11512e-04,6.66134e-16,2.09523e-05,2.10000e-05
3.10862e-15,3.53674e-03,6.10623e-16,8.96469e-04,2.22045e-15,7.10543e-14,1.98952e-13,3.37354e-04,3.20778e-05,1.04582e-03,1.77636e-14,3.97330e-03,9.76996e-15,1.33227e-15,2.13163e-14,3.05774e-04,2.09634e-04,4.44089e-16,1.85118e-05,4.90000e-05
2.22045e-15,4.20799e-03,5.55112e-16,1.22521e-03,1.11022e-15,3.55271e-14,8.52651e-14,3.93487e-04,2.63668e-05,1.00774e-03,1.42109e-14,3.78243e-03,9.76996e-15,2.66454e-15,2.13163e-14,2.94029e-04,1.77047e-04,1.77636e-15,1.87734e-05,5.74000e-05
2.66454e-15,3.89780e-03,3.88578e-16,1.34539e-03,2.10942e-15,0.00000e+00,2.84217e-14,4.11893e-04,2.74639e-05,8.16568e-04,1.77636e-14,3.79353e-03,7.99361e-15,2.66454e-15,6.39488e-14,3.21694e-04,1.60403e-04,5.55112e-16,1.94640e-05,2.94000e-05
2.22045e-15,3.41108e-03,9.99201e-16,1.56147e-03,3.33067e-16,3.55271e-14,2.55795e-13,4.02614e-04,2.44558e-05,8.08614e-04,4.97380e-14,4.03447e-03,3.55271e-15,2.22045e-15,8.52651e-14,2.98355e-04,1.31676e-04,4.44089e-16,1.98887e-05,2.10000e-05
2.66454e-15,3.56822e-03,6.66134e-16,1.68600e-03,8.88178e-16,3.55271e-15,1.27898e-13,4.47750e-04,2.82653e-05,7.37363e-04,2.84217e-14,3.75995e-03,1.77636e-15,2.66454e-15,7.10543e-14,3.54793e-04,1.33474e-04,8.88178e-16,2.04926e-05,6.16000e-05
2.22045e-15,3.51353e-03,8.88178e-16,1.61183e-03,1.22125e-15,0.00000e+00,1.42109e-14,4.76987e-04,4.48826e-05,6.07371e-04,3.55271e-14,3.85507e-03,1.42109e-14,2.22045e-15,4.26326e-14,3.23425e-04,1.24530e-04,8.88178e-16,2.17587e-05,3.50000e-05
