2.96430e+05,3.15945e+05,2.78924e+05,3.20227e+05,2.73098e+05,3.13062e+05,3.22476e+05,3.22481e+05,3.02025e+05,2.96664e+05,3.12191e+05,2.90617e+05,3.03810e+05,3.05388e+05,3.26294e+05,3.18438e+05,3.02269e+05,3.06265e+05,3.02739e+05,3.08554e+05
1.00000e-02,1.00000e-02,1.00000e-02,1.00000e-02,1.00000e-02,1.00000e-02,1.00000e-02,1.00000e-02,1.00000e-02,1.00000e-02,1.00000e-02,1.00000e-02,1.00000e-02,1.00000e-02,1.00000e-02,1.00000e-02,1.00000e-02,1.00000e-02,1.00000e-02,1.00000e-02
1.67941e-02,1.23627e-02,2.69490e-02,1.64498e-02,2.57088e-02,1.64428e-02,1.72080e-02,2.63908e-02,1.47127e-02,1.22841e-02,1.69377e-02,1.09982e-02,1.72262e-02,1.71587e-02,1.33004e-02,1.57540e-02,1.76177e-02,1.25068e-02,3.24072e-02,1.47495e-02
2.68424e-02,1.35828e-02,4.71623e-02,2.88751e-02,4.23690e-02,2.47423e-02,3.07614e-02,4.02063e-02,2.22897e-02,1.53537e-02,2.85819e-02,1.20175e-02,2.38031e-02,2.43268e-02,1.49567e-02,2.43127e-02,2.57944e-02,1.44404e-02,7.08737e-02,2.02718e-02
3.33910e-02,1.43095e-02,6.86130e-02,4.09944e-02,6.33813e-02,3.45250e-02,4.57306e-02,4.78960e-02,3.27881e-02,2.11193e-02,3.99142e-02,1.30743e-02,2.84180e-02,3.43823e-02,1.59694e-02,3.73679e-02,3.26107e-02,1.87997e-02,9.89491e-02,2.65846e-02
3.68010e-02,1.51084e-02,8.87460e-02,4.84113e-02,8.78377e-02,4.47237e-02,5.75836e-02,5.02391e-02,4.37717e-02,3.24616e-02,4.81792e-02,1.42056e-02,3.31280e-02,4.69216e-02,1.71753e-02,5.20860e-02,3.84326e-02,2.57940e-02,1.19728e-01,3.31018e-02
3.98057e-02,1.65396e-02,1.08017e-01,5.23299e-02,1.12477e-01,5.50096e-02,6.53920e-02,5.09398e-02,5.41910e-02,5.63953e-02,5.36291e-02,1.54561e-02,4.00921e-02,5.95234e-02,1.89447e-02,6.76484e-02,4.44963e-02,3.36597e-02,1.39715e-01,4.03255e-02
4.45066e-02,1.92730e-02,1.27737e-01,5.49782e-02,1.36150e-01,6.64821e-02,7.07144e-02,5.22990e-02,6.37913e-02,1.06433e-01,5.73147e-02,1.68788e-02,4.87469e-02,7.07154e-02,2.14683e-02,8.43344e-02,5.02487e-02,4.09412e-02,1.61054e-01,4.93091e-02
5.23075e-02,2.40773e-02,1.47660e-01,5.79153e-02,1.58840e-01,8.09804e-02,7.54061e-02,5.50179e-02,7.26370e-02,1.88730e-01,5.99023e-02,1.85358e-02,5.63107e-02,8.07502e-02,2.46891e-02,1.01749e-01,5.44612e-02,4.71450e-02,1.83505e-01,6.05511e-02
6.42436e-02,3.16290e-02,1.65485e-01,6.19699e-02,1.80984e-01,9.98464e-02,8.08216e-02,5.86173e-02,8.09666e-02,2.87376e-01,6.15729e-02,2.04984e-02,6.07042e-02,9.10720e-02,2.82955e-02,1.19151e-01,5.67421e-02,5.25695e-02,2.07090e-01,7.40058e-02
8.09231e-02,4.25110e-02,1.78274e-01,6.74051e-02,2.03644e-01,1.23230e-01,8.75985e-02,6.23087e-02,8.92696e-02,3.75823e-01,6.25994e-02,2.28474e-02,6.17120e-02,1.03191e-01,3.19626e-02,1.35886e-01,5.76999e-02,5.78806e-02,2.32234e-01,8.89384e-02
1.02968e-01,5.67043e-02,1.84377e-01,7.39958e-02,2.27853e-01,1.50127e-01,9.54435e-02,6.54032e-02,9.80167e-02,4.37954e-01,6.34296e-02,2.56737e-02,6.03055e-02,1.17974e-01,3.54023e-02,1.50985e-01,5.82568e-02,6.40409e-02,2.59014e-01,1.04315e-01
1.30652e-01,7.33333e-02,1.84051e-01,8.12332e-02,2.53686e-01,1.78476e-01,1.03244e-01,6.77403e-02,1.07768e-01,4.72739e-01,6.45146e-02,2.91036e-02,5.78728e-02,1.35674e-01,3.85739e-02,1.63972e-01,5.91650e-02,7.21268e-02,2.86842e-01,1.18929e-01
1.63637e-01,9.10123e-02,1.78637e-01,8.88001e-02,2.80373e-01,2.05705e-01,1.10265e-01,6.93238e-02,1.19174e-01,4.87565e-01,6.61503e-02,3.33086e-02,5.54137e-02,1.55666e-01,4.15986e-02,1.74708e-01,6.08852e-02,8.26328e-02,3.15042e-01,1.32144e-01
2.01563e-01,1.08194e-01,1.70025e-01,9.65890e-02,3.06250e-01,2.29122e-01,1.16275e-01,7.04237e-02,1.32946e-01,4.91404e-01,6.83812e-02,3.84742e-02,5.36940e-02,1.76599e-01,4.46766e-02,1.83582e-01,6.37272e-02,9.49003e-02,3.42817e-01,1.43712e-01
2.44453e-01,1.23660e-01,1.59955e-01,1.04767e-01,3.29130e-01,2.46784e-01,1.21735e-01,7.12506e-02,1.49880e-01,4.91484e-01,7.10250e-02,4.48022e-02,5.34005e-02,1.97122e-01,4.79978e-02,1.91564e-01,6.79041e-02,1.07267e-01,3.69936e-01,1.53827e-01
2.92899e-01,1.36755e-01,1.49608e-01,1.13710e-01,3.47066e-01,2.57785e-01,1.27348e-01,7.19789e-02,1.70730e-01,4.92379e-01,7.37805e-02,5.24886e-02,5.51659e-02,2.16261e-01,5.17048e-02,1.99952e-01,7.35045e-02,1.17731e-01,3.96246e-01,1.62802e-01
3.47157e-01,1.47219e-01,1.39835e-01,1.23734e-01,3.59306e-01,2.62370e-01,1.33625e-01,7.27862e-02,1.95949e-01,4.96330e-01,7.63397e-02,6.17243e-02,6.00027e-02,2.33688e-01,5.58601e-02,2.09894e-01,8.03625e-02,1.25018e-01,4.21747e-01,1.71494e-01
4.05964e-01,1.55167e-01,1.30981e-01,1.35169e-01,3.66002e-01,2.61422e-01,1.40554e-01,7.37267e-02,2.25505e-01,5.03834e-01,7.84626e-02,7.26961e-02,6.92941e-02,2.49553e-01,6.04235e-02,2.22298e-01,8.80834e-02,1.28743e-01,4.46339e-01,1.80670e-01
4.65887e-01,1.60918e-01,1.23352e-01,1.48208e-01,3.68001e-01,2.56243e-01,1.47703e-01,7.48156e-02,2.58408e-01,5.14360e-01,8.00953e-02,8.55961e-02,8.45788e-02,2.64072e-01,6.52982e-02,2.37728e-01,9.61156e-02,1.29267e-01,4.69967e-01,1.90772e-01
5.21887e-01,1.64924e-01,1.16850e-01,1.62996e-01,3.66274e-01,2.48202e-01,1.54332e-01,7.61385e-02,2.93017e-01,5.26817e-01,8.12664e-02,1.00631e-01,1.06762e-01,2.77421e-01,7.03909e-02,2.56369e-01,1.03896e-01,1.27395e-01,4.92467e-01,2.01995e-01
5.69444e-01,1.67691e-01,1.11501e-01,1.79647e-01,3.61648e-01,2.38505e-01,1.59870e-01,7.77103e-02,3.27171e-01,5.39965e-01,8.20410e-02,1.18032e-01,1.35330e-01,2.89494e-01,7.55482e-02,2.78197e-01,1.11072e-01,1.23997e-01,5.13784e-01,2.14320e-01
6.05853e-01,1.69699e-01,1.07088e-01,1.98126e-01,3.54739e-01,2.28191e-01,1.64110e-01,7.94970e-02,3.58852e-01,5.52675e-01,8.25789e-02,1.38066e-01,1.67862e-01,3.00267e-01,8.06816e-02,3.02908e-01,1.17575e-01,1.19865e-01,5.33993e-01,2.27322e-01
6.30911e-01,1.71381e-01,1.03425e-01,2.18404e-01,3.46020e-01,2.17962e-01,1.67115e-01,8.16353e-02,3.86472e-01,5.64140e-01,8.29718e-02,1.61040e-01,2.01155e-01,3.09571e-01,8.57847e-02,3.29947e-01,1.23480e-01,1.15625e-01,5.53388e-01,2.40717e-01
6.46417e-01,1.73007e-01,1.00306e-01,2.40424e-01,3.35863e-01,2.08374e-01,1.69156e-01,8.42389e-02,4.09108e-01,5.73918e-01,8.33117e-02,1.87271e-01,2.32330e-01,3.17433e-01,9.09221e-02,3.58350e-01,1.29175e-01,1.11795e-01,5.72430e-01,2.54257e-01
6.55033e-01,1.74816e-01,9.76064e-02,2.63978e-01,3.24629e-01,1.99789e-01,1.70526e-01,8.74363e-02,4.26592e-01,5.81870e-01,8.36869e-02,2.17064e-01,2.59677e-01,3.24171e-01,9.62236e-02,3.86893e-01,1.35120e-01,1.08774e-01,5.91093e-01,2.67676e-01
6.59196e-01,1.76897e-01,9.51143e-02,2.88933e-01,3.12743e-01,1.92380e-01,1.71667e-01,9.13352e-02,4.39246e-01,5.88249e-01,8.41406e-02,2.50649e-01,2.82728e-01,3.30173e-01,1.01915e-01,4.14284e-01,1.41868e-01,1.06911e-01,6.09128e-01,2.80974e-01
6.60925e-01,1.79195e-01,9.27914e-02,3.15032e-01,3.00580e-01,1.86239e-01,1.72882e-01,9.61235e-02,4.47813e-01,5.93465e-01,8.47160e-02,2.88057e-01,3.02029e-01,3.36061e-01,1.08289e-01,4.39591e-01,1.49924e-01,1.06522e-01,6.26166e-01,2.94333e-01
6.61468e-01,1.81703e-01,9.05535e-02,3.42141e-01,2.88522e-01,1.81491e-01,1.74471e-01,1.01875e-01,4.53275e-01,5.98138e-01,8.54322e-02,3.29124e-01,3.18445e-01,3.42361e-01,1.15691e-01,4.62234e-01,1.59664e-01,1.07827e-01,6.41559e-01,3.08130e-01
6.61499e-01,1.84372e-01,8.83683e-02,3.70050e-01,2.76730e-01,1.78107e-01,1.76630e-01,1.08543e-01,4.56651e-01,6.02948e-01,8.62914e-02,3.73463e-01,3.33038e-01,3.49475e-01,1.24448e-01,4.82200e-01,1.71326e-01,1.11103e-01,6.55153e-01,3.22887e-01
6.61128e-01,1.87192e-01,8.62965e-02,3.98588e-01,2.65512e-01,1.76131e-01,1.79476e-01,1.16223e-01,4.58899e-01,6.08584e-01,8.73048e-02,4.20482e-01,3.46787e-01,3.57568e-01,1.34954e-01,4.99950e-01,1.84814e-01,1.16454e-01,6.67015e-01,3.39382e-01
6.60223e-01,1.90197e-01,8.43142e-02,4.27624e-01,2.54982e-01,1.75602e-01,1.83057e-01,1.24735e-01,4.60934e-01,6.15757e-01,8.84716e-02,4.69416e-01,3.60507e-01,3.66710e-01,1.47466e-01,5.16288e-01,1.99766e-01,1.23767e-01,6.77438e-01,3.58443e-01
6.58571e-01,1.93440e-01,8.24337e-02,4.56980e-01,2.45172e-01,1.76527e-01,1.87464e-01,1.33941e-01,4.63530e-01,6.25124e-01,8.97621e-02,5.19407e-01,3.74722e-01,3.76689e-01,1.62113e-01,5.32339e-01,2.15600e-01,1.32756e-01,6.87290e-01,3.81047e-01
6.56056e-01,1.97083e-01,8.06645e-02,4.86607e-01,2.36184e-01,1.79058e-01,1.92667e-01,1.43745e-01,4.67310e-01,6.37285e-01,9.12123e-02,5.69639e-01,3.89781e-01,3.87253e-01,1.78911e-01,5.49334e-01,2.31601e-01,1.42943e-01,6.97340e-01,4.08201e-01
6.52634e-01,2.01343e-01,7.90324e-02,5.16370e-01,2.28121e-01,1.83290e-01,1.98541e-01,1.53969e-01,4.72637e-01,6.52743e-01,9.28699e-02,6.19380e-01,4.05838e-01,3.97962e-01,1.97718e-01,5.68620e-01,2.47054e-01,1.53644e-01,7.08704e-01,4.40818e-01
6.48542e-01,2.06486e-01,7.75058e-02,5.46369e-01,2.20882e-01,1.89433e-01,2.04964e-01,1.64532e-01,4.79718e-01,6.71905e-01,9.46866e-02,6.68056e-01,4.22929e-01,4.08592e-01,2.18261e-01,5.91506e-01,2.61495e-01,1.64115e-01,7.22204e-01,4.79348e-01
6.43986e-01,2.12711e-01,7.61396e-02,5.76627e-01,2.14489e-01,1.97681e-01,2.11685e-01,1.75230e-01,4.88445e-01,6.94999e-01,9.67430e-02,7.15275e-01,4.41090e-01,4.18934e-01,2.40349e-01,6.18991e-01,2.74583e-01,1.73645e-01,7.38719e-01,5.23626e-01
6.39459e-01,2.20329e-01,7.49531e-02,6.07304e-01,2.08846e-01,2.08169e-01,2.18598e-01,1.86051e-01,4.98612e-01,7.22233e-01,9.91074e-02,7.60834e-01,4.60137e-01,4.29018e-01,2.63807e-01,6.51442e-01,2.86153e-01,1.81761e-01,7.58599e-01,5.73052e-01
6.35424e-01,2.29469e-01,7.38542e-02,6.38440e-01,2.03977e-01,2.21007e-01,2.25630e-01,1.96923e-01,5.09960e-01,7.53534e-01,1.01857e-01,8.04733e-01,4.80056e-01,4.39201e-01,2.88552e-01,6.88679e-01,2.96177e-01,1.88081e-01,7.82143e-01,6.26446e-01
6.32360e-01,2.40271e-01,7.28868e-02,6.70136e-01,1.99710e-01,2.36190e-01,2.32738e-01,2.07842e-01,5.22205e-01,7.88853e-01,1.05165e-01,8.47082e-01,5.00960e-01,4.50335e-01,3.14558e-01,7.29509e-01,3.04772e-01,1.92440e-01,8.09241e-01,6.82283e-01
6.30777e-01,2.52670e-01,7.20832e-02,7.02450e-01,1.96075e-01,2.53449e-01,2.40048e-01,2.18784e-01,5.35323e-01,8.27843e-01,1.09123e-01,8.88121e-01,5.23011e-01,4.63590e-01,3.41769e-01,7.72080e-01,3.12059e-01,1.94892e-01,8.39639e-01,7.38959e-01
6.31044e-01,2.66514e-01,7.13914e-02,7.35395e-01,1.93042e-01,2.72302e-01,2.47772e-01,2.29693e-01,5.49393e-01,8.70261e-01,1.13888e-01,9.28208e-01,5.46556e-01,4.80466e-01,3.70052e-01,8.14203e-01,3.18143e-01,1.95644e-01,8.72636e-01,7.94868e-01
6.33399e-01,2.81451e-01,7.07998e-02,7.68854e-01,1.90529e-01,2.92139e-01,2.56221e-01,2.40641e-01,5.64830e-01,9.15552e-01,1.19562e-01,9.67734e-01,5.72185e-01,5.02627e-01,3.99039e-01,8.53793e-01,3.23257e-01,1.94942e-01,9.07480e-01,8.48797e-01
6.38019e-01,2.97074e-01,7.03210e-02,8.02793e-01,1.88451e-01,3.12343e-01,2.65693e-01,2.51649e-01,5.82084e-01,9.63357e-01,1.26183e-01,1.00707e+00,6.00868e-01,5.31468e-01,4.28284e-01,8.89212e-01,3.27508e-01,1.93076e-01,9.43601e-01,8.99543e-01
6.44698e-01,3.12876e-01,6.99353e-02,8.37003e-01,1.86792e-01,3.32303e-01,2.76554e-01,2.62707e-01,6.01674e-01,1.01304e+00,1.33684e-01,1.04662e+00,6.33666e-01,5.67318e-01,4.57232e-01,9.19461e-01,3.31079e-01,1.90338e-01,9.80251e-01,9.46141e-01
6.53011e-01,3.28416e-01,6.96423e-02,8.71283e-01,1.85530e-01,3.51595e-01,2.89130e-01,2.73769e-01,6.23971e-01,1.06415e+00,1.41873e-01,1.08673e+00,6.71660e-01,6.09149e-01,4.85238e-01,9.44270e-01,3.34046e-01,1.86924e-01,1.01680e+00,9.87990e-01
6.62408e-01,3.43281e-01,6.94133e-02,9.05313e-01,1.84526e-01,3.69998e-01,3.03639e-01,2.84867e-01,6.49336e-01,1.11610e+00,1.50475e-01,1.12775e+00,7.15970e-01,6.54210e-01,5.11997e-01,9.63771e-01,3.36541e-01,1.83124e-01,1.05258e+00,1.02468e+00
6.72203e-01,3.57149e-01,6.92676e-02,9.38840e-01,1.83807e-01,3.87527e-01,3.20237e-01,2.96060e-01,6.77584e-01,1.16850e+00,1.59059e-01,1.16997e+00,7.66983e-01,6.98867e-01,5.37080e-01,9.78637e-01,3.38679e-01,1.79081e-01,1.08749e+00,1.05596e+00
6.81626e-01,3.69827e-01,6.91721e-02,9.71525e-01,1.83319e-01,4.04260e-01,3.38918e-01,3.07393e-01,7.08399e-01,1.22088e+00,1.67286e-01,1.21363e+00,8.24703e-01,7.39470e-01,5.60363e-01,9.89478e-01,3.40466e-01,1.74947e-01,1.12112e+00,1.08185e+00
6.89971e-01,3.81212e-01,6.91475e-02,1.00309e+00,1.83085e-01,4.20435e-01,3.59592e-01,3.18985e-01,7.41199e-01,1.27285e+00,1.74836e-01,1.25890e+00,8.87893e-01,7.73164e-01,5.81824e-01,9.97013e-01,3.42066e-01,1.70823e-01,1.15327e+00,1.10242e+00
6.96743e-01,3.91345e-01,6.91279e-02,1.03323e+00,1.83003e-01,4.36191e-01,3.81923e-01,3.30858e-01,7.75165e-01,1.32413e+00,1.81467e-01,1.30591e+00,9.54700e-01,7.98487e-01,6.01288e-01,1.00206e+00,3.43503e-01,1.66791e-01,1.18413e+00,1.11804e+00
7.01498e-01,4.00287e-01,6.90836e-02,1.06165e+00,1.83053e-01,4.51505e-01,4.05556e-01,3.43377e-01,8.09458e-01,1.37449e+00,1.87065e-01,1.35471e+00,1.02261e+00,8.15152e-01,6.18790e-01,1.00520e+00,3.44909e-01,1.62917e-01,1.21328e+00,1.12899e+00
7.04104e-01,4.08196e-01,6.91096e-02,1.08837e+00,1.83229e-01,4.66392e-01,4.29880e-01,3.56407e-01,8.43272e-01,1.42382e+00,1.91589e-01,1.40529e+00,1.08900e+00,8.23945e-01,6.34220e-01,1.00705e+00,3.46331e-01,1.59234e-01,1.24086e+00,1.13588e+00
7.04477e-01,4.15222e-01,6.91610e-02,1.11325e+00,1.83533e-01,4.80627e-01,4.54330e-01,3.70141e-01,8.75961e-01,1.47202e+00,1.95110e-01,1.45755e+00,1.15140e+00,8.25961e-01,6.47481e-01,1.00803e+00,3.47872e-01,1.55755e-01,1.26657e+00,1.13916e+00
7.02821e-01,4.21529e-01,6.92335e-02,1.13634e+00,1.83877e-01,4.93948e-01,4.78131e-01,3.84646e-01,9.07047e-01,1.51923e+00,1.97733e-01,1.51132e+00,1.20798e+00,8.22552e-01,6.58375e-01,1.00869e+00,3.49619e-01,1.52530e-01,1.29015e+00,1.13943e+00
6.99235e-01,4.27350e-01,6.93101e-02,1.15782e+00,1.84311e-01,5.06103e-01,5.00810e-01,3.99976e-01,9.36196e-01,1.56544e+00,1.99637e-01,1.56631e+00,1.25755e+00,8.15033e-01,6.66902e-01,1.00942e+00,3.51667e-01,1.49515e-01,1.31156e+00,1.13738e+00
6.94086e-01,4.32799e-01,6.93872e-02,1.17799e+00,1.84784e-01,5.16912e-01,5.21772e-01,4.16075e-01,9.63196e-01,1.61080e+00,2.00998e-01,1.62226e+00,1.29976e+00,8.04487e-01,6.72890e-01,1.01062e+00,3.54073e-01,1.46782e-01,1.33048e+00,1.13353e+00
6.87689e-01,4.38091e-01,6.94691e-02,1.19714e+00,1.85287e-01,5.26262e-01,5.40767e-01,4.32880e-01,9.88074e-01,1.65545e+00,2.02048e-01,1.67884e+00,1.33435e+00,7.91908e-01,6.76383e-01,1.01249e+00,3.56966e-01,1.44256e-01,1.34689e+00,1.12844e+00
6.80280e-01,4.43343e-01,6.95713e-02,1.21569e+00,1.85848e-01,5.34250e-01,5.57680e-01,4.50320e-01,1.01080e+00,1.69932e+00,2.02975e-01,1.73564e+00,1.36174e+00,7.77952e-01,6.77522e-01,1.01527e+00,3.60413e-01,1.42017e-01,1.36043e+00,1.12269e+00
6.72088e-01,4.48685e-01,6.97057e-02,1.23407e+00,1.86392e-01,5.41063e-01,5.72496e-01,4.68160e-01,1.03140e+00,1.74237e+00,2.04009e-01,1.79218e+00,1.38263e+00,7.63231e-01,6.76414e-01,1.01907e+00,3.64440e-01,1.39954e-01,1.37110e+00,1.11679e+00
6.63477e-01,4.54212e-01,6.98617e-02,1.25275e+00,1.86932e-01,5.46963e-01,5.85354e-01,4.86310e-01,1.05008e+00,1.78422e+00,2.05326e-01,1.84811e+00,1.39772e+00,7.48207e-01,6.73224e-01,1.02395e+00,3.69099e-01,1.38106e-01,1.37879e+00,1.11111e+00
6.54657e-01,4.60031e-01,7.00100e-02,1.27222e+00,1.87530e-01,5.52113e-01,5.96529e-01,5.04650e-01,1.06682e+00,1.82464e+00,2.07081e-01,1.90303e+00,1.40783e+00,7.33254e-01,6.68211e-01,1.02992e+00,3.74422e-01,1.36423e-01,1.38347e+00,1.10596e+00
6.45746e-01,4.66224e-01,7.01890e-02,1.29294e+00,1.88114e-01,5.56863e-01,6.06507e-01,5.23078e-01,1.08198e+00,1.86313e+00,2.09457e-01,1.95660e+00,1.41369e+00,7.18569e-01,6.61632e-01,1.03671e+00,3.80426e-01,1.34920e-01,1.38535e+00,1.10144e+00
6.36915e-01,4.72872e-01,7.03492e-02,1.31545e+00,1.88666e-01,5.61422e-01,6.15537e-01,5.41577e-01,1.09558e+00,1.89923e+00,2.12696e-01,2.00852e+00,1.41620e+00,7.04320e-01,6.53765e-01,1.04428e+00,3.87128e-01,1.33621e-01,1.38459e+00,1.09771e+00
6.28259e-01,4.80140e-01,7.05121e-02,1.34029e+00,1.89157e-01,5.65896e-01,6.24074e-01,5.60216e-01,1.10789e+00,1.93252e+00,2.16827e-01,2.05854e+00,1.41608e+00,6.90618e-01,6.44842e-01,1.05238e+00,3.94492e-01,1.32463e-01,1.38131e+00,1.09480e+00
6.19911e-01,4.88013e-01,7.06319e-02,1.36792e+00,1.89611e-01,5.70435e-01,6.32411e-01,5.79071e-01,1.11901e+00,1.96258e+00,2.22010e-01,2.10652e+00,1.41376e+00,6.77490e-01,6.35185e-01,1.06086e+00,4.02512e-01,1.31495e-01,1.37578e+00,1.09251e+00
6.11941e-01,4.96658e-01,7.07618e-02,1.39889e+00,1.90107e-01,5.74976e-01,6.40799e-01,5.98294e-01,1.12928e+00,1.98917e+00,2.28175e-01,2.15239e+00,1.41012e+00,6.65063e-01,6.24867e-01,1.06945e+00,4.11022e-01,1.30653e-01,1.36834e+00,1.09079e+00
6.04300e-01,5.06272e-01,7.09117e-02,1.43365e+00,1.90600e-01,5.79512e-01,6.49459e-01,6.18200e-01,1.13885e+00,2.01209e+00,2.35329e-01,2.19611e+00,1.40548e+00,6.53318e-01,6.14223e-01,1.07794e+00,4.19993e-01,1.29967e-01,1.35933e+00,1.08937e+00
5.97128e-01,5.17067e-01,7.10531e-02,1.47256e+00,1.91110e-01,5.83750e-01,6.58609e-01,6.39320e-01,1.14802e+00,2.03144e+00,2.43304e-01,2.23775e+00,1.40020e+00,6.42346e-01,6.03398e-01,1.08624e+00,4.29362e-01,1.29395e-01,1.34914e+00,1.08807e+00
5.90448e-01,5.29218e-01,7.12161e-02,1.51584e+00,1.91620e-01,5.87726e-01,6.68248e-01,6.61931e-01,1.15694e+00,2.04731e+00,2.51954e-01,2.27754e+00,1.39482e+00,6.32126e-01,5.92491e-01,1.09429e+00,4.39040e-01,1.28949e-01,1.33796e+00,1.08672e+00
5.84232e-01,5.42946e-01,7.13938e-02,1.56362e+00,1.92018e-01,5.91185e-01,6.78384e-01,6.86701e-01,1.16578e+00,2.05988e+00,2.61019e-01,2.31564e+00,1.38948e+00,6.22604e-01,5.81635e-01,1.10203e+00,4.49028e-01,1.28598e-01,1.32616e+00,1.08504e+00
5.78499e-01,5.58552e-01,7.16005e-02,1.61587e+00,1.92426e-01,5.94006e-01,6.89057e-01,7.14234e-01,1.17488e+00,2.06964e+00,2.70229e-01,2.35233e+00,1.38446e+00,6.13804e-01,5.71034e-01,1.10944e+00,4.59274e-01,1.28336e-01,1.31408e+00,1.08288e+00
5.73241e-01,5.76280e-01,7.18128e-02,1.67229e+00,1.92840e-01,5.96140e-01,7.00151e-01,7.44960e-01,1.18439e+00,2.07699e+00,2.79335e-01,2.38796e+00,1.37978e+00,6.05703e-01,5.60716e-01,1.11676e+00,4.69790e-01,1.28155e-01,1.30191e+00,1.08038e+00
5.68442e-01,5.96471e-01,7.20127e-02,1.73235e+00,1.93256e-01,5.97515e-01,7.11473e-01,7.79531e-01,1.19444e+00,2.08233e+00,2.88121e-01,2.42286e+00,1.37563e+00,5.98326e-01,5.50725e-01,1.12406e+00,4.80744e-01,1.28032e-01,1.28979e+00,1.07734e+00
5.64123e-01,6.19225e-01,7.22444e-02,1.79541e+00,1.93624e-01,5.98097e-01,7.22886e-01,8.18166e-01,1.20519e+00,2.08630e+00,2.96411e-01,2.45740e+00,1.37200e+00,5.91544e-01,5.41112e-01,1.13156e+00,4.92321e-01,1.27969e-01,1.27793e+00,1.07383e+00
5.60271e-01,6.44814e-01,7.24087e-02,1.86059e+00,1.94007e-01,5.97935e-01,7.34393e-01,8.61218e-01,1.21665e+00,2.08930e+00,3.04030e-01,2.49195e+00,1.36892e+00,5.85430e-01,5.31971e-01,1.13956e+00,5.04729e-01,1.27951e-01,1.26667e+00,1.06982e+00
5.56788e-01,6.73263e-01,7.25520e-02,1.92700e+00,1.94364e-01,5.97073e-01,7.45704e-01,9.08389e-01,1.22895e+00,2.09200e+00,3.10917e-01,2.52692e+00,1.36629e+00,5.79924e-01,5.23250e-01,1.14830e+00,5.18196e-01,1.27963e-01,1.25601e+00,1.06536e+00
5.53679e-01,7.04545e-01,7.26716e-02,1.99376e+00,1.94682e-01,5.95561e-01,7.56987e-01,9.59139e-01,1.24180e+00,2.09489e+00,3.17043e-01,2.56264e+00,1.36418e+00,5.74988e-01,5.15040e-01,1.15813e+00,5.33088e-01,1.28063e-01,1.24604e+00,1.06056e+00
5.51042e-01,7.38578e-01,7.27652e-02,2.06035e+00,1.94983e-01,5.93450e-01,7.68065e-01,1.01259e+00,1.25532e+00,2.09857e+00,3.22401e-01,2.59951e+00,1.36254e+00,5.70525e-01,5.07292e-01,1.16942e+00,5.49763e-01,1.28163e-01,1.23698e+00,1.05554e+00
5.48689e-01,7.74996e-01,7.28583e-02,2.12622e+00,1.95225e-01,5.90888e-01,7.79031e-01,1.06747e+00,1.26921e+00,2.10364e+00,3.26986e-01,2.63782e+00,1.36102e+00,5.66696e-01,5.00057e-01,1.18254e+00,5.68528e-01,1.28323e-01,1.22895e+00,1.05042e+00
5.46667e-01,8.13508e-01,7.29323e-02,2.19125e+00,1.95477e-01,5.87931e-01,7.90084e-01,1.12237e+00,1.28323e+00,2.11060e+00,3.30864e-01,2.67780e+00,1.35981e+00,5.63336e-01,4.93321e-01,1.19784e+00,5.89700e-01,1.28511e-01,1.22189e+00,1.04516e+00
5.44994e-01,8.53464e-01,7.30289e-02,2.25544e+00,1.95712e-01,5.84630e-01,8.01359e-01,1.17582e+00,1.29704e+00,2.12018e+00,3.34064e-01,2.71962e+00,1.35871e+00,5.60405e-01,4.87071e-01,1.21572e+00,6.13571e-01,1.28663e-01,1.21592e+00,1.03996e+00
5.43504e-01,8.94269e-01,7.31200e-02,2.31918e+00,1.95973e-01,5.81123e-01,8.13098e-01,1.22652e+00,1.31036e+00,2.13276e+00,3.36675e-01,2.76347e+00,1.35773e+00,5.57907e-01,4.81291e-01,1.23649e+00,6.40318e-01,1.28840e-01,1.21097e+00,1.03482e+00
5.42338e-01,9.35321e-01,7.32077e-02,2.38286e+00,1.96248e-01,5.77393e-01,8.25641e-01,1.27339e+00,1.32286e+00,2.14915e+00,3.38728e-01,2.80942e+00,1.35674e+00,5.55809e-01,4.75988e-01,1.26069e+00,6.70156e-01,1.29023e-01,1.20715e+00,1.03001e+00
5.41389e-01,9.75824e-01,7.32904e-02,2.44712e+00,1.96486e-01,5.73611e-01,8.39394e-01,1.31569e+00,1.33425e+00,2.16963e+00,3.40314e-01,2.85752e+00,1.35590e+00,5.54085e-01,4.71157e-01,1.28859e+00,7.03088e-01,1.29204e-01,1.20424e+00,1.02536e+00
5.40663e-01,1.01510e+00,7.33829e-02,2.51246e+00,1.96685e-01,5.69701e-01,8.54711e-01,1.35293e+00,1.34434e+00,2.19487e+00,3.41381e-01,2.90769e+00,1.35506e+00,5.52671e-01,4.66748e-01,1.32052e+00,7.39156e-01,1.29401e-01,1.20242e+00,1.02101e+00
5.40100e-01,1.05260e+00,7.34550e-02,2.57953e+00,1.96855e-01,5.65741e-01,8.71942e-01,1.38484e+00,1.35293e+00,2.22506e+00,3.42080e-01,2.95980e+00,1.35420e+00,5.51584e-01,4.62762e-01,1.35678e+00,7.78390e-01,1.29603e-01,1.20149e+00,1.01706e+00
5.39724e-01,1.08775e+00,7.35121e-02,2.64883e+00,1.97031e-01,5.61793e-01,8.91436e-01,1.41161e+00,1.35978e+00,2.26060e+00,3.42309e-01,3.01378e+00,1.35342e+00,5.50753e-01,4.59196e-01,1.39734e+00,8.20944e-01,1.29799e-01,1.20129e+00,1.01354e+00
5.39544e-01,1.12021e+00,7.35255e-02,2.72066e+00,1.97184e-01,5.57901e-01,9.13445e-01,1.43331e+00,1.36508e+00,2.30160e+00,3.42187e-01,3.06936e+00,1.35279e+00,5.50147e-01,4.55985e-01,1.44248e+00,8.67176e-01,1.30017e-01,1.20186e+00,1.01050e+00
5.39454e-01,1.14958e+00,7.35964e-02,2.79517e+00,1.97299e-01,5.54036e-01,9.38134e-01,1.45039e+00,1.36866e+00,2.34792e+00,3.41680e-01,3.12617e+00,1.35227e+00,5.49708e-01,4.53155e-01,1.49201e+00,9.17523e-01,1.30207e-01,1.20313e+00,1.00798e+00
5.39535e-01,1.17574e+00,7.36687e-02,2.87248e+00,1.97433e-01,5.50291e-01,9.65508e-01,1.46324e+00,1.37059e+00,2.39951e+00,3.40870e-01,3.18391e+00,1.35196e+00,5.49562e-01,4.50678e-01,1.54553e+00,9.72567e-01,1.30372e-01,1.20479e+00,1.00601e+00
5.39707e-01,1.19857e+00,7.37313e-02,2.95257e+00,1.97490e-01,5.46652e-01,9.95318e-01,1.47228e+00,1.37098e+00,2.45580e+00,3.39744e-01,3.24229e+00,1.35176e+00,5.49519e-01,4.48501e-01,1.60261e+00,1.03279e+00,1.30532e-01,1.20692e+00,1.00466e+00
5.39907e-01,1.21811e+00,7.37884e-02,3.03507e+00,1.97540e-01,5.43111e-01,1.02718e+00,1.47809e+00,1.37000e+00,2.51629e+00,3.38336e-01,3.30092e+00,1.35176e+00,5.49621e-01,4.46618e-01,1.66239e+00,1.09846e+00,1.30704e-01,1.20920e+00,1.00401e+00
5.40169e-01,1.23447e+00,7.38238e-02,3.11985e+00,1.97640e-01,5.39699e-01,1.06052e+00,1.48107e+00,1.36780e+00,2.58039e+00,3.36688e-01,3.35945e+00,1.35214e+00,5.49910e-01,4.45034e-01,1.72402e+00,1.16951e+00,1.30875e-01,1.21160e+00,1.00413e+00
5.40568e-01,1.24781e+00,7.38452e-02,3.20672e+00,1.98027e-01,5.36375e-01,1.09465e+00,1.48170e+00,1.36457e+00,2.64733e+00,3.34849e-01,3.41751e+00,1.35266e+00,5.50301e-01,4.43669e-01,1.78641e+00,1.24509e+00,1.31057e-01,1.21408e+00,1.00515e+00
5.41039e-01,1.25838e+00,7.38805e-02,3.29554e+00,1.98160e-01,5.33172e-01,1.12879e+00,1.48028e+00,1.36042e+00,2.71655e+00,3.32794e-01,3.47475e+00,1.35347e+00,5.50795e-01,4.42538e-01,1.84823e+00,1.32392e+00,1.31237e-01,1.21638e+00,1.00705e+00
5.41630e-01,1.26632e+00,7.39220e-02,3.38592e+00,1.98138e-01,5.30139e-01,1.16213e+00,1.47725e+00,1.35558e+00,2.78726e+00,3.30597e-01,3.53085e+00,1.35444e+00,5.51306e-01,4.41660e-01,1.90839e+00,1.40427e+00,1.31412e-01,1.21844e+00,1.01000e+00
5.42171e-01,1.27199e+00,7.39536e-02,3.47795e+00,1.98054e-01,5.27219e-01,1.19410e+00,1.47305e+00,1.35022e+00,2.85897e+00,3.28270e-01,3.58553e+00,1.35568e+00,5.51863e-01,4.40922e-01,1.96576e+00,1.48409e+00,1.31583e-01,1.22016e+00,1.01408e+00
5.42751e-01,1.27565e+00,7.39525e-02,3.57180e+00,1.98037e-01,5.24456e-01,1.22420e+00,1.46780e+00,1.34439e+00,2.93122e+00,3.25809e-01,3.63858e+00,1.35704e+00,5.52523e-01,4.40365e-01,2.01938e+00,1.56149e+00,1.31716e-01,1.22169e+00,1.01952e+00
5.43425e-01,1.27761e+00,7.39790e-02,3.66729e+00,1.98028e-01,5.21842e-01,1.25204e+00,1.46194e+00,1.33836e+00,3.00374e+00,3.23328e-01,3.68969e+00,1.35858e+00,5.53235e-01,4.39950e-01,2.06871e+00,1.63480e+00,1.31861e-01,1.22290e+00,1.02646e+00
5.44072e-01,1.27808e+00,7.40368e-02,3.76430e+00,1.98022e-01,5.19411e-01,1.27741e+00,1.45571e+00,1.33215e+00,3.07632e+00,3.20782e-01,3.73865e+00,1.36012e+00,5.53942e-01,4.39667e-01,2.11318e+00,1.70263e+00,1.32015e-01,1.22378e+00,1.03504e+00
5.44684e-01,1.27736e+00,7.40404e-02,3.86281e+00,1.98021e-01,5.17121e-01,1.30015e+00,1.44931e+00,1.32587e+00,3.14893e+00,3.18202e-01,3.78546e+00,1.36183e+00,5.54684e-01,4.39557e-01,2.15271e+00,1.76393e+00,1.32161e-01,1.22416e+00,1.04546e+00
5.45282e-01,1.27565e+00,7.40626e-02,3.96239e+00,1.98061e-01,5.14979e-01,1.32040e+00,1.44306e+00,1.31966e+00,3.22159e+00,3.15591e-01,3.83010e+00,1.36335e+00,5.55421e-01,4.39521e-01,2.18735e+00,1.81819e+00,1.32301e-01,1.22423e+00,1.05781e+00
5.45899e-01,1.27324e+00,7.40846e-02,4.06260e+00,1.98138e-01,5.13030e-01,1.33818e+00,1.43715e+00,1.31352e+00,3.29443e+00,3.13025e-01,3.87254e+00,1.36477e+00,5.56208e-01,4.39578e-01,2.21701e+00,1.86507e+00,1.32426e-01,1.22389e+00,1.07232e+00
5.46489e-01,1.27032e+00,7.40815e-02,4.16276e+00,1.98265e-01,5.11229e-01,1.35365e+00,1.43169e+00,1.30755e+00,3.36761e+00,3.10507e-01,3.91273e+00,1.36614e+00,5.56988e-01,4.39705e-01,2.24225e+00,1.90464e+00,1.32530e-01,1.22311e+00,1.08920e+00
5.47116e-01,1.26709e+00,7.41230e-02,4.26186e+00,1.98468e-01,5.09537e-01,1.36703e+00,1.42700e+00,1.30182e+00,3.44123e+00,3.08041e-01,3.95081e+00,1.36731e+00,5.57771e-01,4.39918e-01,2.26325e+00,1.93712e+00,1.32629e-01,1.22211e+00,1.10864e+00
5.47731e-01,1.26376e+00,7.41629e-02,4.35914e+00,1.98702e-01,5.07976e-01,1.37850e+00,1.42320e+00,1.29635e+00,3.51545e+00,3.05646e-01,3.98696e+00,1.36825e+00,5.58575e-01,4.40188e-01,2.28070e+00,1.96295e+00,1.32742e-01,1.22084e+00,1.13073e+00
5.48309e-01,1.26060e+00,7.41860e-02,4.45359e+00,1.98942e-01,5.06563e-01,1.38822e+00,1.42049e+00,1.29112e+00,3.59025e+00,3.03343e-01,4.02125e+00,1.36906e+00,5.59356e-01,4.40456e-01,2.29487e+00,1.98275e+00,1.32818e-01,1.21940e+00,1.15559e+00
5.48848e-01,1.25771e+00,7.41861e-02,4.54438e+00,1.99157e-01,5.05306e-01,1.39636e+00,1.41899e+00,1.28613e+00,3.66577e+00,3.01124e-01,4.05389e+00,1.36970e+00,5.60105e-01,4.40772e-01,2.30630e+00,1.99727e+00,1.32861e-01,1.21774e+00,1.18346e+00
5.49405e-01,1.25531e+00,7.41733e-02,4.63077e+00,1.99327e-01,5.04130e-01,1.40305e+00,1.41890e+00,1.28155e+00,3.74186e+00,2.98979e-01,4.08524e+00,1.37011e+00,5.60840e-01,4.41084e-01,2.31552e+00,2.00725e+00,1.32944e-01,1.21593e+00,1.21429e+00
5.49961e-01,1.25366e+00,7.41728e-02,4.71208e+00,1.99408e-01,5.03123e-01,1.40846e+00,1.42026e+00,1.27723e+00,3.81840e+00,2.96938e-01,4.11559e+00,1.37026e+00,5.61527e-01,4.41450e-01,2.32285e+00,2.01336e+00,1.33046e-01,1.21403e+00,1.24799e+00
5.50445e-01,1.25290e+00,7.41532e-02,4.78799e+00,1.99418e-01,5.02168e-01,1.41259e+00,1.42321e+00,1.27322e+00,3.89521e+00,2.94928e-01,4.14523e+00,1.37017e+00,5.62202e-01,4.41845e-01,2.32878e+00,2.01625e+00,1.33122e-01,1.21206e+00,1.28449e+00
5.50965e-01,1.25327e+00,7.41531e-02,4.85797e+00,1.99360e-01,5.01313e-01,1.41557e+00,1.42778e+00,1.26954e+00,3.97197e+00,2.92990e-01,4.17453e+00,1.36990e+00,5.62845e-01,4.42210e-01,2.33389e+00,2.01655e+00,1.33167e-01,1.21008e+00,1.32346e+00
5.51539e-01,1.25510e+00,7.41431e-02,4.92163e+00,1.99217e-01,5.00586e-01,1.41745e+00,1.43402e+00,1.26619e+00,4.04845e+00,2.91145e-01,4.20387e+00,1.36942e+00,5.63456e-01,4.42582e-01,2.33844e+00,2.01479e+00,1.33194e-01,1.20808e+00,1.36456e+00
5.52114e-01,1.25864e+00,7.41037e-02,4.97865e+00,1.98998e-01,4.99953e-01,1.41824e+00,1.44184e+00,1.26316e+00,4.12437e+00,2.89414e-01,4.23363e+00,1.36876e+00,5.64055e-01,4.42953e-01,2.34298e+00,2.01147e+00,1.33218e-01,1.20594e+00,1.40732e+00
5.52764e-01,1.26428e+00,7.40843e-02,5.02922e+00,1.98749e-01,4.99449e-01,1.41808e+00,1.45120e+00,1.26043e+00,4.19952e+00,2.87793e-01,4.26427e+00,1.36797e+00,5.64634e-01,4.43337e-01,2.34797e+00,2.00707e+00,1.33240e-01,1.20381e+00,1.45108e+00
5.53484e-01,1.27236e+00,7.40810e-02,5.07322e+00,1.98495e-01,4.98975e-01,1.41700e+00,1.46183e+00,1.25801e+00,4.27369e+00,2.86292e-01,4.29619e+00,1.36700e+00,5.65183e-01,4.43711e-01,2.35383e+00,2.00181e+00,1.33254e-01,1.20182e+00,1.49535e+00
5.54341e-01,1.28333e+00,7.40571e-02,5.11085e+00,1.98224e-01,4.98609e-01,1.41516e+00,1.47354e+00,1.25583e+00,4.34672e+00,2.84914e-01,4.32980e+00,1.36596e+00,5.65688e-01,4.44104e-01,2.36100e+00,1.99579e+00,1.33252e-01,1.19992e+00,1.53931e+00
5.55353e-01,1.29766e+00,7.40625e-02,5.14233e+00,1.97938e-01,4.98233e-01,1.41252e+00,1.48618e+00,1.25395e+00,4.41857e+00,2.83664e-01,4.36557e+00,1.36485e+00,5.66140e-01,4.44571e-01,2.36994e+00,1.98926e+00,1.33238e-01,1.19808e+00,1.58242e+00
5.56616e-01,1.31583e+00,7.40337e-02,5.16802e+00,1.97699e-01,4.97935e-01,1.40918e+00,1.49959e+00,1.25234e+00,4.48931e+00,2.82487e-01,4.40393e+00,1.36370e+00,5.66565e-01,4.45039e-01,2.38120e+00,1.98230e+00,1.33253e-01,1.19628e+00,1.62414e+00
5.58174e-01,1.33839e+00,7.39860e-02,5.18835e+00,1.97451e-01,4.97656e-01,1.40522e+00,1.51355e+00,1.25094e+00,4.55905e+00,2.81422e-01,4.44519e+00,1.36250e+00,5.66976e-01,4.45457e-01,2.39511e+00,1.97495e+00,1.33278e-01,1.19452e+00,1.66410e+00
5.60102e-01,1.36582e+00,7.39375e-02,5.20382e+00,1.97183e-01,4.97466e-01,1.40069e+00,1.52779e+00,1.24984e+00,4.62815e+00,2.80470e-01,4.48981e+00,1.36130e+00,5.67329e-01,4.45877e-01,2.41213e+00,1.96724e+00,1.33300e-01,1.19302e+00,1.70191e+00
5.62474e-01,1.39852e+00,7.39119e-02,5.21509e+00,1.96919e-01,4.97306e-01,1.39571e+00,1.54202e+00,1.24888e+00,4.69693e+00,2.79543e-01,4.53812e+00,1.36011e+00,5.67621e-01,4.46312e-01,2.43250e+00,1.95925e+00,1.33309e-01,1.19159e+00,1.73743e+00
5.65391e-01,1.43693e+00,7.38974e-02,5.22275e+00,1.96638e-01,4.97261e-01,1.39034e+00,1.55624e+00,1.24808e+00,4.76590e+00,2.78696e-01,4.59041e+00,1.35897e+00,5.67855e-01,4.46729e-01,2.45662e+00,1.95093e+00,1.33296e-01,1.19026e+00,1.77046e+00
5.69008e-01,1.48116e+00,7.38585e-02,5.22717e+00,1.96373e-01,4.97231e-01,1.38463e+00,1.57018e+00,1.24747e+00,4.83562e+00,2.77935e-01,4.64702e+00,1.35784e+00,5.68103e-01,4.47113e-01,2.48436e+00,1.94238e+00,1.33256e-01,1.18889e+00,1.80120e+00
5.73376e-01,1.53133e+00,7.37971e-02,5.22908e+00,1.96133e-01,4.97268e-01,1.37867e+00,1.58391e+00,1.24698e+00,4.90670e+00,2.77281e-01,4.70815e+00,1.35677e+00,5.68384e-01,4.47500e-01,2.51570e+00,1.93357e+00,1.33201e-01,1.18762e+00,1.82972e+00
5.78622e-01,1.58725e+00,7.37676e-02,5.22906e+00,1.95930e-01,4.97272e-01,1.37248e+00,1.59728e+00,1.24669e+00,4.97972e+00,2.76737e-01,4.77402e+00,1.35572e+00,5.68692e-01,4.47853e-01,2.55028e+00,1.92451e+00,1.33159e-01,1.18646e+00,1.85615e+00
5.84785e-01,1.64860e+00,7.37398e-02,5.22768e+00,1.95739e-01,4.97264e-01,1.36616e+00,1.61033e+00,1.24644e+00,5.05534e+00,2.76239e-01,4.84486e+00,1.35470e+00,5.68988e-01,4.48201e-01,2.58747e+00,1.91515e+00,1.33127e-01,1.18545e+00,1.88087e+00
5.91871e-01,1.71461e+00,7.37188e-02,5.22527e+00,1.95509e-01,4.97291e-01,1.35982e+00,1.62323e+00,1.24636e+00,5.13410e+00,2.75837e-01,4.92063e+00,1.35376e+00,5.69266e-01,4.48563e-01,2.62679e+00,1.90556e+00,1.33095e-01,1.18450e+00,1.90430e+00
5.99731e-01,1.78458e+00,7.37066e-02,5.22221e+00,1.95285e-01,4.97350e-01,1.35341e+00,1.63607e+00,1.24638e+00,5.21653e+00,2.75444e-01,5.00131e+00,1.35291e+00,5.69520e-01,4.48905e-01,2.66725e+00,1.89590e+00,1.33034e-01,1.18369e+00,1.92676e+00
6.08246e-01,1.85761e+00,7.36621e-02,5.21913e+00,1.95103e-01,4.97386e-01,1.34694e+00,1.64887e+00,1.24647e+00,5.30300e+00,2.75069e-01,5.08707e+00,1.35216e+00,5.69769e-01,4.49224e-01,2.70809e+00,1.88614e+00,1.32960e-01,1.18296e+00,1.94862e+00
6.17122e-01,1.93260e+00,7.35937e-02,5.21645e+00,1.94948e-01,4.97443e-01,1.34051e+00,1.66190e+00,1.24662e+00,5.39376e+00,2.74738e-01,5.17770e+00,1.35144e+00,5.69980e-01,4.49539e-01,2.74821e+00,1.87632e+00,1.32915e-01,1.18231e+00,1.97039e+00
6.26030e-01,2.00858e+00,7.35500e-02,5.21451e+00,1.94798e-01,4.97489e-01,1.33417e+00,1.67535e+00,1.24684e+00,5.48880e+00,2.74477e-01,5.27296e+00,1.35082e+00,5.70173e-01,4.49848e-01,2.78693e+00,1.86646e+00,1.32878e-01,1.18168e+00,1.99263e+00
6.34646e-01,2.08476e+00,7.34853e-02,5.21371e+00,1.94631e-01,4.97577e-01,1.32791e+00,1.68948e+00,1.24707e+00,5.58811e+00,2.74293e-01,5.37265e+00,1.35028e+00,5.70328e-01,4.50155e-01,2.82341e+00,1.85670e+00,1.32839e-01,1.18113e+00,2.01571e+00
6.42604e-01,2.16032e+00,7.34098e-02,5.21445e+00,1.94438e-01,4.97661e-01,1.32176e+00,1.70451e+00,1.24735e+00,5.69116e+00,2.74158e-01,5.47651e+00,1.34982e+00,5.70470e-01,4.50450e-01,2.85715e+00,1.84709e+00,1.32773e-01,1.18059e+00,2.04022e+00
6.49590e-01,2.23458e+00,7.33443e-02,5.21721e+00,1.94224e-01,4.97734e-01,1.31577e+00,1.72076e+00,1.24767e+00,5.79780e+00,2.74069e-01,5.58460e+00,1.34944e+00,5.70602e-01,4.50711e-01,2.88790e+00,1.83768e+00,1.32676e-01,1.18006e+00,2.06677e+00
6.55366e-01,2.30726e+00,7.39848e-02,5.22220e+00,1.95066e-01,4.97816e-01,1.30995e+00,1.73853e+00,1.24846e+00,5.90685e+00,2.74028e-01,5.69547e+00,1.34912e+00,5.70723e-01,4.50957e-01,2.91515e+00,1.82850e+00,1.33278e-01,1.17958e+00,2.09582e+00
6.59786e-01,2.37848e+00,7.52273e-02,5.22984e+00,1.96066e-01,4.97850e-01,1.30431e+00,1.75817e+00,1.24933e+00,6.01865e+00,2.74015e-01,5.80976e+00,1.34884e+00,5.70792e-01,4.51198e-01,2.93911e+00,1.81954e+00,1.33433e-01,1.17912e+00,2.12770e+00
6.62723e-01,2.44700e+00,7.68850e-02,5.24059e+00,1.96932e-01,4.97887e-01,1.29886e+00,1.77996e+00,1.25096e+00,6.13206e+00,2.74020e-01,5.92584e+00,1.34861e+00,5.70827e-01,4.51421e-01,2.95957e+00,1.81085e+00,1.33598e-01,1.17875e+00,2.16297e+00
6.64247e-01,2.51342e+00,7.87770e-02,5.25480e+00,1.98346e-01,4.97962e-01,1.29364e+00,1.80436e+00,1.25355e+00,6.24520e+00,2.74032e-01,6.04365e+00,1.34851e+00,5.71719e-01,4.51618e-01,2.97681e+00,1.80254e+00,1.33889e-01,1.17842e+00,2.20179e+00
6.64366e-01,2.57803e+00,8.03245e-02,5.27281e+00,1.99961e-01,4.98037e-01,1.28863e+00,1.83154e+00,1.25609e+00,6.35811e+00,2.74042e-01,6.16260e+00,1.34843e+00,5.72270e-01,4.51800e-01,2.99115e+00,1.79457e+00,1.34361e-01,1.17814e+00,2.24415e+00
6.63222e-01,2.64088e+00,8.14849e-02,5.29496e+00,2.01588e-01,4.98097e-01,1.28385e+00,1.86186e+00,1.25860e+00,6.46945e+00,2.74064e-01,6.28211e+00,1.34840e+00,5.72654e-01,4.51969e-01,3.00270e+00,1.78696e+00,1.34940e-01,1.17779e+00,2.29011e+00
6.60992e-01,2.70222e+00,8.23644e-02,5.32160e+00,2.03340e-01,4.98150e-01,1.27930e+00,1.89552e+00,1.26113e+00,6.57786e+00,2.74092e-01,6.40167e+00,1.34845e+00,5.73155e-01,4.52138e-01,3.01189e+00,1.77973e+00,1.35528e-01,1.17745e+00,2.33910e+00
6.57850e-01,2.76203e+00,8.29831e-02,5.35314e+00,2.05101e-01,4.98206e-01,1.27496e+00,1.93294e+00,1.26346e+00,6.68230e+00,2.74134e-01,6.52091e+00,1.34855e+00,5.73702e-01,4.52304e-01,3.01905e+00,1.77303e+00,1.36064e-01,1.17713e+00,2.39067e+00
6.53949e-01,2.82046e+00,8.33506e-02,5.38988e+00,2.06665e-01,4.98257e-01,1.27082e+00,1.97383e+00,1.26568e+00,6.78232e+00,2.74205e-01,6.63931e+00,1.34873e+00,5.74270e-01,4.52457e-01,3.02426e+00,1.76673e+00,1.36533e-01,1.17686e+00,2.44388e+00
6.49496e-01,2.87757e+00,8.35790e-02,5.43186e+00,2.07991e-01,4.98302e-01,1.26694e+00,2.01835e+00,1.26757e+00,6.87737e+00,2.74272e-01,6.75650e+00,1.34900e+00,5.74823e-01,4.52604e-01,3.02792e+00,1.76087e+00,1.36946e-01,1.17658e+00,2.49777e+00
6.44635e-01,2.93345e+00,8.36593e-02,5.47927e+00,2.09858e-01,4.98331e-01,1.26324e+00,2.06615e+00,1.27008e+00,6.96718e+00,2.74333e-01,6.87224e+00,1.34933e+00,5.75324e-01,4.52737e-01,3.03042e+00,1.75552e+00,1.37283e-01,1.17628e+00,2.55141e+00
6.39457e-01,2.98826e+00,8.35734e-02,5.53215e+00,2.11369e-01,4.98334e-01,1.25977e+00,2.11700e+00,1.27307e+00,7.05173e+00,2.74409e-01,6.98640e+00,1.34966e+00,5.75781e-01,4.52866e-01,3.03178e+00,1.75149e+00,1.38110e-01,1.17594e+00,2.60351e+00
6.34168e-01,3.04206e+00,8.33563e-02,5.59010e+00,2.12882e-01,4.98307e-01,1.25651e+00,2.17032e+00,1.27670e+00,7.13059e+00,2.74504e-01,7.09878e+00,1.34996e+00,5.76221e-01,4.52975e-01,3.03212e+00,1.74739e+00,1.38478e-01,1.17564e+00,2.65335e+00
6.28836e-01,3.09504e+00,8.30066e-02,5.65283e+00,2.14696e-01,4.98281e-01,1.25349e+00,2.22572e+00,1.28089e+00,7.20428e+00,2.74587e-01,7.20918e+00,1.35021e+00,5.76621e-01,4.53055e-01,3.03167e+00,1.74354e+00,1.38744e-01,1.17540e+00,2.70013e+00
6.23519e-01,3.14722e+00,8.25377e-02,5.72003e+00,2.16795e-01,4.98256e-01,1.25069e+00,2.28269e+00,1.28530e+00,7.27275e+00,2.74657e-01,7.31769e+00,1.35040e+00,5.77028e-01,4.53111e-01,3.03066e+00,1.73982e+00,1.38999e-01,1.17508e+00,2.74312e+00
6.18339e-01,3.19876e+00,8.19645e-02,5.79097e+00,2.19388e-01,4.98218e-01,1.24812e+00,2.34034e+00,1.28988e+00,7.33633e+00,2.74711e-01,7.42456e+00,1.35051e+00,5.77422e-01,4.53141e-01,3.02916e+00,1.73644e+00,1.39234e-01,1.17472e+00,2.78198e+00
6.13345e-01,3.24986e+00,8.13509e-02,5.86486e+00,2.22609e-01,4.98163e-01,1.24576e+00,2.39816e+00,1.29446e+00,7.39547e+00,2.74753e-01,7.52999e+00,1.35056e+00,5.77759e-01,4.53146e-01,3.02737e+00,1.73343e+00,1.39385e-01,1.17435e+00,2.81657e+00
6.08554e-01,3.30064e+00,8.06751e-02,5.94111e+00,2.26293e-01,4.98119e-01,1.24357e+00,2.45566e+00,1.29917e+00,7.45046e+00,2.74807e-01,7.63435e+00,1.35061e+00,5.78029e-01,4.53137e-01,3.02526e+00,1.73078e+00,1.39393e-01,1.17394e+00,2.84680e+00
6.04068e-01,3.35126e+00,7.99761e-02,6.01900e+00,2.30083e-01,4.98091e-01,1.24153e+00,2.51246e+00,1.30415e+00,7.50138e+00,2.74907e-01,7.73796e+00,1.35064e+00,5.78220e-01,4.53083e-01,3.02290e+00,1.72854e+00,1.39323e-01,1.17352e+00,2.87283e+00
5.99878e-01,3.40193e+00,7.93098e-02,6.09761e+00,2.33389e-01,4.98060e-01,1.23966e+00,2.56823e+00,1.30946e+00,7.54901e+00,2.74977e-01,7.84129e+00,1.35063e+00,5.78322e-01,4.53000e-01,3.02032e+00,1.72667e+00,1.39187e-01,1.17313e+00,2.89497e+00
5.95992e-01,3.45282e+00,7.86664e-02,6.17645e+00,2.35893e-01,4.98005e-01,1.23794e+00,2.62281e+00,1.31507e+00,7.59321e+00,2.75018e-01,7.94481e+00,1.35062e+00,5.78386e-01,4.52912e-01,3.01754e+00,1.72516e+00,1.39034e-01,1.17274e+00,2.91332e+00
5.92396e-01,3.50417e+00,7.80788e-02,6.25453e+00,2.37379e-01,4.97931e-01,1.23636e+00,2.67614e+00,1.32078e+00,7.63462e+00,2.75064e-01,8.04902e+00,1.35060e+00,5.78395e-01,4.52827e-01,3.01458e+00,1.72394e+00,1.38907e-01,1.17236e+00,2.92843e+00
5.89157e-01,3.55618e+00,7.75654e-02,6.33176e+00,2.37932e-01,4.97857e-01,1.23496e+00,2.72824e+00,1.32639e+00,7.67339e+00,2.75105e-01,8.15445e+00,1.35051e+00,5.78310e-01,4.52711e-01,3.01148e+00,1.72296e+00,1.38811e-01,1.17200e+00,2.94063e+00
5.86232e-01,3.60912e+00,7.71066e-02,6.40772e+00,2.37801e-01,4.97775e-01,1.23368e+00,2.77926e+00,1.33176e+00,7.70963e+00,2.75146e-01,8.26146e+00,1.35038e+00,5.78180e-01,4.52574e-01,3.00826e+00,1.72226e+00,1.38745e-01,1.17169e+00,2.95022e+00
5.83617e-01,3.66315e+00,7.66963e-02,6.48211e+00,2.37232e-01,4.97666e-01,1.23256e+00,2.82955e+00,1.33674e+00,7.74394e+00,2.75155e-01,8.37034e+00,1.35024e+00,5.77997e-01,4.52424e-01,3.00493e+00,1.72181e+00,1.38714e-01,1.17131e+00,2.95774e+00
5.81279e-01,3.71858e+00,7.63539e-02,6.55522e+00,2.36403e-01,4.97528e-01,1.23155e+00,2.87934e+00,1.34123e+00,7.77624e+00,2.75163e-01,8.48148e+00,1.35000e+00,5.77723e-01,4.52258e-01,3.00154e+00,1.72160e+00,1.38700e-01,1.17088e+00,2.96334e+00
5.79173e-01,3.77556e+00,7.60345e-02,6.62712e+00,2.35375e-01,4.97380e-01,1.23066e+00,2.92911e+00,1.34518e+00,7.80715e+00,2.75184e-01,8.59513e+00,1.34970e+00,5.77365e-01,4.52091e-01,2.99814e+00,1.72157e+00,1.38690e-01,1.17041e+00,2.96751e+00
5.77310e-01,3.83446e+00,7.57224e-02,6.69806e+00,2.34135e-01,4.97221e-01,1.22985e+00,2.97919e+00,1.34848e+00,7.83641e+00,2.75194e-01,8.71143e+00,1.34936e+00,5.76930e-01,4.51929e-01,2.99476e+00,1.72170e+00,1.38704e-01,1.16992e+00,2.97038e+00
5.75657e-01,3.89548e+00,7.54403e-02,6.76839e+00,2.32639e-01,4.97056e-01,1.22914e+00,3.02984e+00,1.35119e+00,7.86467e+00,2.75207e-01,8.83065e+00,1.34898e+00,5.76421e-01,4.51766e-01,2.99137e+00,1.72202e+00,1.38752e-01,1.16938e+00,2.97221e+00
5.74246e-01,3.95891e+00,7.51612e-02,6.83804e+00,2.30897e-01,4.96889e-01,1.22853e+00,3.08155e+00,1.35327e+00,7.89189e+00,2.75227e-01,8.95272e+00,1.34859e+00,5.75832e-01,4.51603e-01,2.98802e+00,1.72252e+00,1.38792e-01,1.16882e+00,2.97323e+00
5.72980e-01,4.02499e+00,7.48789e-02,6.90768e+00,2.28908e-01,4.96712e-01,1.22801e+00,3.13457e+00,1.35482e+00,7.91839e+00,2.75260e-01,9.07769e+00,1.34819e+00,5.75185e-01,4.51456e-01,2.98477e+00,1.72314e+00,1.38893e-01,1.16831e+00,2.97363e+00
5.71871e-01,4.09389e+00,7.45961e-02,6.97739e+00,2.26682e-01,4.96543e-01,1.22755e+00,3.18893e+00,1.35579e+00,7.94429e+00,2.75305e-01,9.20560e+00,1.34776e+00,5.74506e-01,4.51303e-01,2.98169e+00,1.72383e+00,1.39053e-01,1.16778e+00,2.97355e+00
5.70900e-01,4.16585e+00,7.43315e-02,7.04733e+00,2.24232e-01,4.96390e-01,1.22717e+00,3.24493e+00,1.35629e+00,7.96976e+00,2.75351e-01,9.33619e+00,1.34726e+00,5.73809e-01,4.51135e-01,2.97880e+00,1.72456e+00,1.39255e-01,1.16724e+00,2.97312e+00
5.69998e-01,4.24105e+00,7.40880e-02,7.11752e+00,2.21639e-01,4.96264e-01,1.22687e+00,3.30260e+00,1.35638e+00,7.99497e+00,2.75393e-01,9.46915e+00,1.34676e+00,5.73078e-01,4.50972e-01,2.97613e+00,1.72534e+00,1.39543e-01,1.16674e+00,2.97236e+00
5.69167e-01,4.31955e+00,7.38411e-02,7.18790e+00,2.19010e-01,4.96125e-01,1.22663e+00,3.36175e+00,1.35609e+00,8.02004e+00,2.75407e-01,9.60448e+00,1.34628e+00,5.72371e-01,4.50797e-01,2.97372e+00,1.72615e+00,1.39868e-01,1.16629e+00,2.97141e+00
5.68351e-01,4.40155e+00,7.35989e-02,7.25832e+00,2.16335e-01,4.95938e-01,1.22644e+00,3.42224e+00,1.35543e+00,8.04519e+00,2.75393e-01,9.74188e+00,1.34573e+00,5.71657e-01,4.50614e-01,2.97173e+00,1.72695e+00,1.40241e-01,1.16587e+00,2.97032e+00
5.67533e-01,4.48701e+00,7.33624e-02,7.32861e+00,2.13684e-01,4.95739e-01,1.22628e+00,3.48362e+00,1.35451e+00,8.07047e+00,2.75368e-01,9.88092e+00,1.34513e+00,5.70967e-01,4.50432e-01,2.97011e+00,1.72776e+00,1.40636e-01,1.16557e+00,2.96923e+00
5.66706e-01,4.57623e+00,7.31479e-02,7.39859e+00,2.11148e-01,4.95524e-01,1.22615e+00,3.54570e+00,1.35331e+00,8.09595e+00,2.75345e-01,1.00213e+01,1.34450e+00,5.70293e-01,4.50250e-01,2.96904e+00,1.72852e+00,1.41038e-01,1.16531e+00,2.96811e+00
5.65878e-01,4.66901e+00,7.29347e-02,7.46815e+00,2.08713e-01,4.95296e-01,1.22607e+00,3.60811e+00,1.35188e+00,8.12167e+00,2.75318e-01,1.01628e+01,1.34384e+00,5.69631e-01,4.50067e-01,2.96855e+00,1.72922e+00,1.41433e-01,1.16520e+00,2.96702e+00
5.65018e-01,4.76547e+00,7.27212e-02,7.53704e+00,2.06397e-01,4.95054e-01,1.22601e+00,3.66989e+00,1.35026e+00,8.14766e+00,2.75289e-01,1.03051e+01,1.34317e+00,5.69010e-01,4.49860e-01,2.96876e+00,1.72990e+00,1.41811e-01,1.16524e+00,2.96600e+00
5.64103e-01,4.86554e+00,7.25002e-02,7.60526e+00,2.04227e-01,4.94775e-01,1.22596e+00,3.73085e+00,1.34852e+00,8.17393e+00,2.75248e-01,1.04476e+01,1.34247e+00,5.68431e-01,4.49638e-01,2.96986e+00,1.73056e+00,1.42159e-01,1.16538e+00,2.96503e+00
5.63197e-01,4.96908e+00,7.22904e-02,7.67275e+00,2.02263e-01,4.94515e-01,1.22593e+00,3.79043e+00,1.34668e+00,8.20031e+00,2.75215e-01,1.05899e+01,1.34174e+00,5.67917e-01,4.49431e-01,2.97185e+00,1.73115e+00,1.42457e-01,1.16563e+00,2.96410e+00
5.62260e-01,5.07587e+00,7.20974e-02,7.73950e+00,2.00476e-01,4.94240e-01,1.22589e+00,3.84802e+00,1.34479e+00,8.22685e+00,2.75193e-01,1.07318e+01,1.34101e+00,5.67462e-01,4.49226e-01,2.97483e+00,1.73168e+00,1.42700e-01,1.16596e+00,2.96325e+00
5.61305e-01,5.18567e+00,7.19161e-02,7.80590e+00,1.98819e-01,4.93985e-01,1.22591e+00,3.90328e+00,1.34291e+00,8.25345e+00,2.75153e-01,1.08726e+01,1.34027e+00,5.67063e-01,4.49013e-01,2.97902e+00,1.73221e+00,1.42870e-01,1.16639e+00,2.96251e+00
5.60352e-01,5.29816e+00,7.17362e-02,7.87224e+00,1.97300e-01,4.93740e-01,1.22595e+00,3.95581e+00,1.34105e+00,8.27996e+00,2.75083e-01,1.10120e+01,1.33952e+00,5.66739e-01,4.48796e-01,2.98466e+00,1.73276e+00,1.42950e-01,1.16682e+00,2.96180e+00
5.59396e-01,5.41290e+00,7.15856e-02,7.93896e+00,1.95945e-01,4.93471e-01,1.22595e+00,4.00516e+00,1.33921e+00,8.30619e+00,2.75000e-01,1.11494e+01,1.33870e+00,5.66477e-01,4.48575e-01,2.99187e+00,1.73332e+00,1.42943e-01,1.16729e+00,2.96123e+00
5.58456e-01,5.52937e+00,7.14451e-02,8.00659e+00,1.94695e-01,4.93174e-01,1.22593e+00,4.05151e+00,1.33741e+00,8.33200e+00,2.74904e-01,1.12845e+01,1.33787e+00,5.66260e-01,4.48359e-01,3.00070e+00,1.73393e+00,1.42850e-01,1.16775e+00,2.96068e+00
5.57530e-01,5.64702e+00,7.13168e-02,8.07556e+00,1.93583e-01,4.92875e-01,1.22592e+00,4.09428e+00,1.33566e+00,8.35722e+00,2.74813e-01,1.14171e+01,1.33704e+00,5.66106e-01,4.48151e-01,3.01144e+00,1.73465e+00,1.42641e-01,1.16806e+00,2.96022e+00
5.56623e-01,5.76520e+00,7.12108e-02,8.14640e+00,1.92558e-01,4.92605e-01,1.22592e+00,4.13346e+00,1.33395e+00,8.38171e+00,2.74723e-01,1.15466e+01,1.33619e+00,5.65995e-01,4.47940e-01,3.02433e+00,1.73548e+00,1.42338e-01,1.16819e+00,2.95983e+00
5.55752e-01,5.88322e+00,7.12117e-02,8.21974e+00,1.93051e-01,4.92368e-01,1.22595e+00,4.16925e+00,1.33222e+00,8.40529e+00,2.74636e-01,1.16728e+01,1.33535e+00,5.65911e-01,4.47725e-01,3.03965e+00,1.73639e+00,1.41916e-01,1.16827e+00,2.95953e+00
5.54896e-01,6.00028e+00,8.29210e-02,8.29611e+00,2.23156e-01,4.92122e-01,1.22595e+00,4.20159e+00,1.33048e+00,8.42780e+00,2.74573e-01,1.17956e+01,1.33459e+00,5.65843e-01,4.47495e-01,3.05732e+00,1.73746e+00,1.41413e-01,1.16822e+00,2.95929e+00
5.54046e-01,6.11564e+00,1.61308e-01,8.37574e+00,7.22483e-01,4.91865e-01,1.22593e+00,4.23056e+00,1.32873e+00,8.45071e+00,2.74517e-01,1.19149e+01,1.33382e+00,5.65795e-01,4.47253e-01,3.07764e+00,1.73864e+00,1.40827e-01,1.16799e+00,2.95909e+00
5.53244e-01,6.23132e+00,3.62088e-01,8.46008e+00,4.34722e+00,4.94439e-01,1.22947e+00,4.25891e+00,1.32694e+00,8.47359e+00,2.74889e-01,1.20325e+01,1.33302e+00,5.65817e-01,4.49519e-01,3.10076e+00,1.73998e+00,1.40184e-01,1.16756e+00,2.95892e+00
5.52436e-01,6.34784e+00,6.30524e-01,8.55359e+00,1.35954e+01,5.05160e-01,1.26519e+00,4.30300e+00,1.32777e+00,8.49931e+00,2.77716e-01,1.21477e+01,1.33225e+00,5.66024e-01,4.53090e-01,3.12658e+00,1.74313e+00,1.39581e-01,1.18365e+00,2.95876e+00
5.55584e-01,6.45926e+00,9.41590e-01,8.65782e+00,2.29595e+01,5.21696e-01,1.57311e+00,4.35575e+00,1.33315e+00,8.52732e+00,2.82181e-01,1.22600e+01,1.33218e+00,5.70217e-01,4.55222e-01,3.15788e+00,1.75021e+00,1.42374e-01,1.20686e+00,2.96236e+00
5.60085e-01,6.56213e+00,1.40468e+00,8.77197e+00,3.31221e+01,5.49548e-01,1.89566e+00,4.38917e+00,1.33820e+00,8.55809e+00,2.87527e-01,1.23705e+01,1.33508e+00,5.76949e-01,4.57259e-01,3.19464e+00,1.75818e+00,1.43521e-01,1.23746e+00,2.97107e+00
5.63973e-01,6.66286e+00,2.01477e+00,8.88658e+00,5.14440e+01,5.81141e-01,1.99047e+00,4.41252e+00,1.34303e+00,8.59055e+00,2.91452e-01,1.24791e+01,1.33867e+00,5.83432e-01,4.60150e-01,3.23672e+00,1.76588e+00,1.45037e-01,1.26294e+00,2.98166e+00
5.66028e-01,6.76087e+00,2.47415e+00,8.99985e+00,7.92919e+01,6.06694e-01,2.02088e+00,4.42962e+00,1.34827e+00,8.62294e+00,2.93886e-01,1.25861e+01,1.34216e+00,5.90252e-01,4.63672e-01,3.28608e+00,1.77230e+00,1.48610e-01,1.28304e+00,3.00126e+00
5.67691e-01,6.85444e+00,2.62973e+00,9.11684e+00,9.10583e+01,6.39202e-01,2.05128e+00,4.44009e+00,1.35320e+00,8.65431e+00,2.95562e-01,1.26921e+01,1.34784e+00,5.97836e-01,4.67250e-01,3.34331e+00,1.77753e+00,1.55517e-01,1.30045e+00,3.02916e+00
5.70874e-01,6.94217e+00,2.51602e+00,9.24069e+00,8.44542e+01,7.13337e-01,2.09355e+00,4.44599e+00,1.35722e+00,8.68437e+00,2.96986e-01,1.27980e+01,1.35377e+00,6.05691e-01,4.70566e-01,3.40828e+00,1.78222e+00,1.67304e-01,1.31666e+00,3.05595e+00
5.76326e-01,7.02705e+00,2.23654e+00,9.37287e+00,6.98780e+01,8.26876e-01,2.12355e+00,4.44940e+00,1.36050e+00,8.71267e+00,2.98492e-01,1.29074e+01,1.35727e+00,6.13460e-01,4.73664e-01,3.48299e+00,1.78669e+00,1.87052e-01,1.33225e+00,3.07504e+00
5.83760e-01,7.10398e+00,1.89774e+00,9.51438e+00,5.46089e+01,9.61594e-01,2.12718e+00,4.45163e+00,1.36356e+00,8.73885e+00,3.01601e-01,1.30179e+01,1.35840e+00,6.20632e-01,4.78614e-01,3.56401e+00,1.79101e+00,3.91801e-01,1.34764e+00,3.08708e+00
5.92513e-01,7.17506e+00,1.57112e+00,9.66874e+00,4.16588e+01,1.13537e+00,2.11844e+00,4.45548e+00,1.36717e+00,8.76443e+00,3.10893e-01,1.31316e+01,1.35858e+00,6.27701e-01,4.83396e-01,3.64290e+00,1.79541e+00,7.97340e+00,1.36246e+00,3.09638e+00
6.02118e-01,7.33904e+00,1.28961e+00,9.85213e+00,3.16102e+01,1.34877e+00,2.15193e+00,4.47060e+00,1.37198e+00,8.79310e+00,3.32546e-01,1.32530e+01,1.35913e+00,6.35724e-01,4.88453e-01,3.71449e+00,1.80001e+00,2.29325e+01,1.40373e+00,3.10476e+00
6.12351e-01,7.53043e+00,1.06385e+00,1.01148e+01,2.41192e+01,1.70107e+00,2.39309e+00,4.50319e+00,1.37897e+00,8.82511e+00,4.08178e-01,1.33791e+01,1.36074e+00,6.45824e-01,5.02832e-01,3.78386e+00,1.80574e+00,2.70346e+01,1.48890e+00,3.11399e+00
6.26250e-01,8.06190e+00,8.86363e-01,1.05610e+01,1.86446e+01,2.34370e+00,2.90453e+00,4.58531e+00,1.38932e+00,8.87138e+00,7.34314e-01,1.35149e+01,1.36360e+00,6.58587e-01,5.40024e-01,3.86124e+00,1.81253e+00,2.54555e+01,1.65739e+00,3.12444e+00
6.41285e-01,8.74024e+00,7.49927e-01,1.12221e+01,1.46322e+01,3.34210e+00,3.72942e+00,4.90349e+00,1.40362e+00,8.93003e+00,1.58670e+00,1.36501e+01,1.36840e+00,6.73919e-01,5.77429e-01,3.96209e+00,1.82122e+00,2.24532e+01,2.52643e+00,3.13537e+00
6.58254e-01,9.72488e+00,6.74111e-01,1.19025e+01,1.18952e+01,4.84857e+00,5.06879e+00,5.35926e+00,1.42239e+00,9.00578e+00,2.51227e+00,1.37921e+01,1.37540e+00,6.92233e-01,6.05991e-01,4.10155e+00,1.83017e+00,1.93133e+01,7.65836e+00,3.14811e+00
6.74381e-01,1.14142e+01,6.32560e-01,1.24471e+01,1.02732e+01,6.47443e+00,6.51671e+00,5.53843e+00,1.44337e+00,9.09695e+00,3.04494e+00,1.39410e+01,1.38346e+00,7.09662e-01,6.41835e-01,4.29296e+00,1.83950e+00,1.63993e+01,1.74116e+01,3.16177e+00
6.90022e-01,1.32351e+01,6.08752e-01,1.30046e+01,9.05797e+00,7.81896e+00,7.93154e+00,5.57500e+00,1.46626e+00,9.19590e+00,3.26511e+00,1.40991e+01,1.39224e+00,7.27347e-01,6.78602e-01,4.55449e+00,1.84870e+00,1.38374e+01,2.63633e+01,3.17723e+00
7.07446e-01,1.46623e+01,5.74914e-01,1.38995e+01,8.28531e+00,8.58457e+00,8.85782e+00,5.56493e+00,1.49008e+00,9.29697e+00,3.45482e+00,1.42710e+01,1.40202e+00,7.46182e-01,7.09610e-01,4.90930e+00,1.85759e+00,1.16475e+01,3.17359e+01,3.19397e+00
7.28262e-01,1.56466e+01,5.34825e-01,1.52707e+01,7.75580e+00,8.52895e+00,9.25028e+00,5.55817e+00,1.51296e+00,9.39763e+00,3.66175e+00,1.44649e+01,1.41174e+00,7.65616e-01,7.41958e-01,5.30294e+00,1.86616e+00,9.80849e+00,3.23278e+01,3.21116e+00
7.52253e-01,1.64269e+01,4.97201e-01,1.70753e+01,7.25690e+00,7.82290e+00,9.16175e+00,5.58965e+00,1.53357e+00,9.49679e+00,3.83985e+00,1.46885e+01,1.42024e+00,7.85837e-01,7.91325e-01,5.62875e+00,1.87398e+00,8.28271e+00,2.92739e+01,3.22803e+00
7.78439e-01,1.72794e+01,4.64978e-01,1.92055e+01,6.68838e+00,6.82063e+00,8.66423e+00,5.72375e+00,1.55125e+00,9.59559e+00,4.00383e+00,1.49474e+01,1.42756e+00,8.07422e-01,8.79858e-01,5.81674e+00,1.88068e+00,7.02511e+00,2.52286e+01,3.24450e+00
8.05501e-01,1.84966e+01,4.37646e-01,2.16283e+01,6.04328e+00,5.79156e+00,7.94608e+00,6.32683e+00,1.56590e+00,9.69752e+00,4.18704e+00,1.52407e+01,1.43435e+00,8.31908e-01,1.08193e+00,5.87941e+00,1.88644e+00,5.99080e+00,2.17662e+01,3.26067e+00
8.31814e-01,2.02333e+01,4.13097e-01,2.44766e+01,5.37921e+00,4.87383e+00,7.20396e+00,8.17556e+00,1.57761e+00,9.80726e+00,4.37244e+00,1.55602e+01,1.44106e+00,8.60519e-01,1.63430e+00,5.88564e+00,1.89158e+00,5.14087e+00,1.93162e+01,3.27636e+00
8.56297e-01,2.21999e+01,3.89036e-01,2.77889e+01,4.75017e+00,4.11585e+00,6.56829e+00,1.15034e+01,1.58687e+00,9.92855e+00,4.50540e+00,1.58919e+01,1.44797e+00,8.93768e-01,2.74048e+00,5.89961e+00,1.89642e+00,4.44329e+00,1.77448e+01,3.29118e+00
8.78244e-01,2.38800e+01,3.64223e-01,3.12031e+01,4.18198e+00,3.52491e+00,6.10105e+00,1.57130e+01,1.59417e+00,1.00633e+01,4.55502e+00,1.62211e+01,1.45519e+00,9.30717e-01,4.16520e+00,5.95447e+00,1.90112e+00,3.87256e+00,1.67116e+01,3.30482e+00
8.97522e-01,2.49238e+01,3.38623e-01,3.42209e+01,3.68144e+00,3.09955e+00,5.82081e+00,2.01275e+01,1.60017e+00,1.02110e+01,4.53664e+00,1.65355e+01,1.46285e+00,9.68948e-01,5.51448e+00,6.05309e+00,1.90568e+00,3.40795e+00,1.58556e+01,3.31714e+00
9.14130e-01,2.52425e+01,3.13013e-01,3.65793e+01,3.24599e+00,2.83687e+00,5.75522e+00,2.45273e+01,1.60578e+00,1.03695e+01,4.48397e+00,1.68273e+01,1.47101e+00,1.00518e+00,6.60863e+00,6.17619e+00,1.91011e+00,3.03396e+00,1.49253e+01,3.32819e+00
9.28068e-01,2.49602e+01,2.88333e-01,3.83261e+01,2.86916e+00,2.71609e+00,5.99535e+00,2.91928e+01,1.61456e+00,1.05354e+01,4.41646e+00,1.70938e+01,1.47973e+00,1.03632e+00,7.45124e+00,6.29538e+00,1.91428e+00,2.73944e+00,1.38348e+01,3.33817e+00
9.39297e-01,2.43025e+01,2.65299e-01,3.97936e+01,2.54295e+00,2.69809e+00,6.66806e+00,3.43568e+01,1.64930e+00,1.07060e+01,4.33154e+00,1.73366e+01,1.48896e+00,1.06005e+00,8.10416e+00,6.38621e+00,1.91808e+00,2.51750e+00,1.26275e+01,3.34743e+00
9.47743e-01,2.34853e+01,2.44411e-01,4.14658e+01,2.25925e+00,2.75714e+00,7.78768e+00,3.96653e+01,1.84441e+00,1.08802e+01,4.21805e+00,1.75604e+01,1.49862e+00,1.07540e+00,8.60705e+00,6.43540e+00,1.92148e+00,2.36421e+00,1.13958e+01,3.35647e+00
9.53299e-01,2.26603e+01,2.25785e-01,4.36940e+01,2.01112e+00,2.88572e+00,9.17186e+00,4.45158e+01,2.78788e+00,1.10575e+01,4.06921e+00,1.77727e+01,1.50855e+00,1.08261e+00,8.95669e+00,6.44171e+00,1.92461e+00,2.27542e+00,1.02215e+01,3.36584e+00
9.55912e-01,2.19176e+01,2.09410e-01,4.64834e+01,1.79306e+00,3.06034e+00,1.05570e+01,4.85865e+01,5.66545e+00,1.12379e+01,3.88664e+00,1.79824e+01,1.51932e+00,1.08293e+00,9.13385e+00,6.41268e+00,1.92772e+00,2.24099e+00,9.15379e+00,3.37601e+00
9.57020e-01,2.13199e+01,1.95216e-01,4.96380e+01,1.60110e+00,3.23179e+00,1.17455e+01,5.19495e+01,1.01536e+01,1.14220e+01,3.67803e+00,1.81985e+01,1.53056e+00,1.07829e+00,9.13343e+00,6.36156e+00,1.93099e+00,2.24008e+00,8.21212e+00,3.38746e+00
9.56854e-01,2.09349e+01,1.82958e-01,5.31356e+01,1.43211e+00,3.36055e+00,1.26514e+01,5.48693e+01,1.39235e+01,1.16093e+01,3.45380e+00,1.84294e+01,1.54171e+00,1.07074e+00,8.97484e+00,6.30809e+00,1.93454e+00,2.24301e+00,7.39571e+00,3.40021e+00
9.55004e-01,2.08376e+01,1.72437e-01,5.72649e+01,1.28366e+00,3.43789e+00,1.32694e+01,5.74700e+01,1.58482e+01,1.17993e+01,3.22452e+00,1.86818e+01,1.55324e+00,1.06231e+00,8.69353e+00,6.28681e+00,1.93835e+00,2.22192e+00,6.69438e+00,3.41433e+00
9.51728e-01,2.10520e+01,1.63494e-01,6.23298e+01,1.15369e+00,3.47416e+00,1.36327e+01,5.96229e+01,1.62884e+01,1.19910e+01,2.99942e+00,1.89642e+01,1.56495e+00,1.05483e+00,8.32871e+00,6.34653e+00,1.94231e+00,2.16160e+00,6.09362e+00,3.42957e+00
9.48454e-01,2.14835e+01,1.55830e-01,6.83619e+01,1.04025e+00,3.48463e+00,1.37854e+01,6.11370e+01,1.58848e+01,1.21840e+01,2.78550e+00,1.92920e+01,1.57629e+00,1.04975e+00,7.91461e+00,6.50328e+00,1.94625e+00,2.06233e+00,5.57924e+00,3.44538e+00
9.46356e-01,2.19580e+01,1.49345e-01,7.50960e+01,9.41506e-01,3.48217e+00,1.37704e+01,6.19186e+01,1.50839e+01,1.23773e+01,2.58767e+00,1.97012e+01,1.58727e+00,1.04800e+00,7.47806e+00,6.70353e+00,1.94997e+00,1.93419e+00,5.13785e+00,3.46123e+00
9.45599e-01,2.23420e+01,1.43830e-01,8.19820e+01,8.55708e-01,3.47289e+00,1.36288e+01,6.19692e+01,1.41324e+01,1.25710e+01,2.40891e+00,2.02577e+01,1.59834e+00,1.05005e+00,7.03844e+00,6.88026e+00,1.95330e+00,1.79011e+00,4.75810e+00,3.47649e+00
9.45755e-01,2.25945e+01,1.39149e-01,8.84365e+01,7.81268e-01,3.45598e+00,1.34063e+01,6.13455e+01,1.31543e+01,1.27653e+01,2.25070e+00,2.10486e+01,1.60984e+00,1.05576e+00,6.60879e+00,7.01320e+00,1.95615e+00,1.64142e+00,4.43063e+00,3.49064e+00
9.46072e-01,2.27403e+01,1.35149e-01,9.41204e+01,7.16715e-01,3.42785e+00,1.31661e+01,6.01359e+01,1.22089e+01,1.29602e+01,2.11334e+00,2.21374e+01,1.62197e+00,1.06436e+00,6.19694e+00,7.11513e+00,1.95858e+00,1.49618e+00,4.14779e+00,3.50322e+00
9.46044e-01,2.28277e+01,1.31790e-01,9.89251e+01,6.60742e-01,3.38592e+00,1.29925e+01,5.84527e+01,1.13230e+01,1.31549e+01,1.99602e+00,2.35128e+01,1.63483e+00,1.07469e+00,5.80685e+00,7.19624e+00,1.96071e+00,1.35922e+00,3.90310e+00,3.51389e+00
9.45506e-01,2.28988e+01,1.28909e-01,1.02826e+02,6.12190e-01,3.32964e+00,1.29559e+01,5.64254e+01,1.05077e+01,1.33481e+01,1.89706e+00,2.50861e+01,1.64853e+00,1.08535e+00,5.44019e+00,7.25547e+00,1.96277e+00,1.23315e+00,3.69133e+00,3.52242e+00
9.44861e-01,2.29783e+01,1.26447e-01,1.05799e+02,5.69978e-01,3.26005e+00,1.30595e+01,5.41841e+01,9.76628e+00,1.35372e+01,1.81402e+00,2.67357e+01,1.66304e+00,1.09500e+00,5.09715e+00,7.28908e+00,1.96494e+00,1.11876e+00,3.50771e+00,3.52886e+00
9.44642e-01,2.30857e+01,1.24324e-01,1.07815e+02,5.33377e-01,3.17938e+00,1.32614e+01,5.18470e+01,9.09972e+00,1.37190e+01,1.74422e+00,2.83534e+01,1.67825e+00,1.10250e+00,4.77727e+00,7.29735e+00,1.96743e+00,1.01605e+00,3.34854e+00,3.53313e+00
9.45392e-01,2.32633e+01,1.22517e-01,1.08897e+02,5.01532e-01,3.09050e+00,1.35100e+01,4.95130e+01,8.50684e+00,1.38891e+01,1.68487e+00,2.98665e+01,1.69385e+00,1.10708e+00,4.47970e+00,7.28511e+00,1.97037e+00,9.24399e-01,3.21032e+00,3.53529e+00
9.47439e-01,2.36078e+01,1.20943e-01,1.09133e+02,4.73716e-01,2.99653e+00,1.37436e+01,4.72713e+01,7.98621e+00,1.40432e+01,1.63339e+00,3.12362e+01,1.70950e+00,1.10825e+00,4.20338e+00,7.25494e+00,1.97390e+00,8.42962e-01,3.09026e+00,3.53555e+00
9.50663e-01,2.42826e+01,1.19597e-01,1.08663e+02,4.49479e-01,2.90036e+00,1.39050e+01,4.52048e+01,7.53591e+00,1.41768e+01,1.58764e+00,3.24477e+01,1.72470e+00,1.10590e+00,3.94719e+00,7.21017e+00,1.97810e+00,7.70734e-01,2.98582e+00,3.53401e+00
9.54413e-01,2.54438e+01,1.18446e-01,1.07652e+02,4.28310e-01,2.80418e+00,1.39597e+01,4.33913e+01,7.15349e+00,1.42861e+01,1.54598e+00,3.34990e+01,1.73905e+00,1.10021e+00,3.70976e+00,7.15346e+00,1.98294e+00,7.06716e-01,2.89472e+00,3.53079e+00
9.57545e-01,2.70487e+01,1.17425e-01,1.06247e+02,4.09745e-01,2.70953e+00,1.39024e+01,4.18891e+01,6.83499e+00,1.43696e+01,1.50722e+00,3.43956e+01,1.75215e+00,1.09147e+00,3.48972e+00,7.08731e+00,1.98831e+00,6.49975e-01,2.81493e+00,3.52611e+00
9.58877e-01,2.88006e+01,1.16558e-01,1.04545e+02,3.93474e-01,2.61726e+00,1.37503e+01,4.07164e+01,6.57489e+00,1.44262e+01,1.47055e+00,3.51479e+01,1.76367e+00,1.08011e+00,3.28567e+00,7.01408e+00,1.99412e+00,5.99668e-01,2.74482e+00,3.52006e+00
9.57354e-01,3.03929e+01,1.15796e-01,1.02601e+02,3.79198e-01,2.52783e+00,1.35267e+01,3.98406e+01,6.36541e+00,1.44564e+01,1.43546e+00,3.57723e+01,1.77340e+00,1.06656e+00,3.09625e+00,6.93627e+00,2.00011e+00,5.55038e-01,2.68295e+00,3.51276e+00
9.52369e-01,3.16995e+01,1.15166e-01,1.00453e+02,3.66687e-01,2.44135e+00,1.32490e+01,3.91921e+01,6.19774e+00,1.44619e+01,1.40163e+00,3.62918e+01,1.78116e+00,1.05122e+00,2.92025e+00,6.85628e+00,2.00606e+00,5.15417e-01,2.62803e+00,3.50430e+00
9.43983e-01,3.27314e+01,1.14604e-01,9.81415e+01,3.55683e-01,2.35774e+00,1.29271e+01,3.86916e+01,6.06168e+00,1.44461e+01,1.36885e+00,3.67341e+01,1.78690e+00,1.03458e+00,2.75652e+00,6.77614e+00,2.01177e+00,4.80165e-01,2.57883e+00,3.49492e+00
9.32539e-01,3.35568e+01,1.14138e-01,9.57069e+01,3.46041e-01,2.27690e+00,1.25710e+01,3.82768e+01,5.94737e+00,1.44135e+01,1.33700e+00,3.71273e+01,1.79063e+00,1.01691e+00,2.60411e+00,6.69722e+00,2.01704e+00,4.48780e-01,2.53459e+00,3.48465e+00
9.18718e-01,3.42614e+01,1.13736e-01,9.31959e+01,3.37567e-01,2.19869e+00,1.21934e+01,3.79081e+01,5.84540e+00,1.43772e+01,1.30597e+00,3.74932e+01,1.79239e+00,9.98598e-01,2.46212e+00,6.62046e+00,2.02174e+00,4.20812e-01,2.49438e+00,3.47358e+00
9.03184e-01,3.49087e+01,1.13384e-01,9.06615e+01,3.30089e-01,2.12298e+00,1.18061e+01,3.75606e+01,5.74827e+00,1.44162e+01,1.27570e+00,3.78416e+01,1.79235e+00,9.79810e-01,2.32975e+00,6.54659e+00,2.02591e+00,3.95846e-01,2.45738e+00,3.46193e+00
8.86640e-01,3.55125e+01,1.13068e-01,8.81647e+01,3.23483e-01,2.04971e+00,1.14182e+01,3.72156e+01,5.65012e+00,1.49516e+01,1.24611e+00,3.81695e+01,1.79071e+00,9.60798e-01,2.20635e+00,6.47609e+00,2.02964e+00,3.73553e-01,2.42305e+00,3.44980e+00
8.69550e-01,3.60493e+01,1.12798e-01,8.57626e+01,3.17657e-01,1.97888e+00,1.10356e+01,3.68581e+01,5.54701e+00,1.76476e+01,1.21716e+00,3.84641e+01,1.78772e+00,9.41739e-01,2.09129e+00,6.40935e+00,2.03310e+00,3.53625e-01,2.39090e+00,3.43735e+00
8.52466e-01,3.64954e+01,1.12573e-01,8.34970e+01,3.12510e-01,1.91052e+00,1.06621e+01,3.64765e+01,5.43669e+00,2.64728e+01,1.18882e+00,3.87121e+01,1.78363e+00,9.22786e-01,1.98398e+00,6.34664e+00,2.03645e+00,3.35797e-01,2.36028e+00,3.42469e+00
8.35675e-01,3.68484e+01,1.12388e-01,8.13842e+01,3.07993e-01,1.84465e+00,1.02998e+01,3.60635e+01,5.31825e+00,4.41907e+01,1.16106e+00,3.89074e+01,1.77875e+00,9.04030e-01,1.88392e+00,6.28823e+00,2.04003e+00,3.19834e-01,2.33104e+00,3.41199e+00
8.19401e-01,3.71292e+01,1.12247e-01,7.94154e+01,3.04014e-01,1.78127e+00,9.94951e+00,3.56147e+01,5.19175e+00,6.53692e+01,1.13385e+00,3.90539e+01,1.77341e+00,8.85593e-01,1.79062e+00,6.23434e+00,2.04409e+00,3.05529e-01,2.30246e+00,3.39933e+00
8.03839e-01,3.73760e+01,1.12157e-01,7.75647e+01,3.00522e-01,1.72040e+00,9.61105e+00,3.51290e+01,5.05790e+00,8.19438e+01,1.10719e+00,3.91681e+01,1.76789e+00,8.67558e-01,1.70362e+00,6.18501e+00,2.04887e+00,2.92718e-01,2.27452e+00,3.38683e+00
7.89089e-01,3.76443e+01,1.12072e-01,7.58012e+01,2.97435e-01,1.66202e+00,9.28386e+00,3.46101e+01,4.91795e+00,9.15286e+01,1.08103e+00,3.92810e+01,1.76255e+00,8.49990e-01,1.62249e+00,6.14015e+00,2.05461e+00,2.81248e-01,2.24679e+00,3.37456e+00
7.75240e-01,3.80168e+01,1.12009e-01,7.41044e+01,2.95643e-01,1.60609e+00,8.96778e+00,3.40706e+01,4.77332e+00,9.58104e+01,1.05539e+00,3.94350e+01,1.75767e+00,8.32932e-01,1.54684e+00,6.09963e+00,2.06159e+00,2.70977e-01,2.21916e+00,3.36258e+00
7.62337e-01,3.86691e+01,1.13744e-01,7.24622e+01,2.98403e-01,1.55257e+00,8.66289e+00,3.35487e+01,4.62539e+00,9.70656e+01,1.03026e+00,3.96874e+01,1.75353e+00,8.16437e-01,1.47629e+00,6.06331e+00,2.06992e+00,2.61826e-01,2.19160e+00,3.35095e+00
7.50394e-01,4.00813e+01,1.18172e-01,7.08711e+01,3.05261e-01,1.50137e+00,8.36949e+00,3.31554e+01,4.47618e+00,9.68767e+01,1.00563e+00,4.00969e+01,1.75035e+00,8.00515e-01,1.41052e+00,6.03085e+00,2.07982e+00,2.53639e-01,2.16409e+00,3.33968e+00
7.39397e-01,4.27434e+01,1.25147e-01,6.93293e+01,3.10737e-01,1.45242e+00,8.08794e+00,3.31919e+01,4.32702e+00,9.60858e+01,9.81483e-01,4.07036e+01,1.74833e+00,7.85202e-01,1.34918e+00,6.00199e+00,2.09147e+00,2.46334e-01,2.13658e+00,3.32878e+00
7.29292e-01,4.61418e+01,1.32876e-01,6.78351e+01,3.18101e-01,1.40565e+00,7.81849e+00,3.41812e+01,4.17936e+00,9.50265e+01,9.57825e-01,4.15064e+01,1.74755e+00,7.70548e-01,1.29198e+00,5.97641e+00,2.10504e+00,2.39868e-01,2.10904e+00,3.31826e+00
7.20007e-01,4.91844e+01,1.38875e-01,6.63851e+01,3.26747e-01,1.36096e+00,7.56125e+00,3.63778e+01,4.03422e+00,9.37553e+01,9.34651e-01,4.24628e+01,1.74799e+00,7.56547e-01,1.23866e+00,5.95366e+00,2.12064e+00,2.34101e-01,2.08157e+00,3.30813e+00
7.11487e-01,5.13754e+01,1.43817e-01,6.49767e+01,3.36050e-01,1.31830e+00,7.31601e+00,3.94672e+01,3.89260e+00,9.22229e+01,9.11982e-01,4.35245e+01,1.74954e+00,7.43216e-01,1.18895e+00,5.93342e+00,2.13838e+00,2.29053e-01,2.05434e+00,3.29838e+00
7.03625e-01,5.28574e+01,1.48682e-01,6.36081e+01,3.46213e-01,1.27758e+00,7.08245e+00,4.31375e+01,3.75520e+00,9.03787e+01,8.89812e-01,4.46921e+01,1.75204e+00,7.30576e-01,1.14263e+00,5.91520e+00,2.15828e+00,2.24712e-01,2.02746e+00,3.28899e+00
6.96333e-01,5.40502e+01,1.53708e-01,6.22818e+01,3.57017e-01,1.23872e+00,6.85990e+00,4.69966e+01,3.62265e+00,8.82162e+01,8.68153e-01,4.60621e+01,1.75519e+00,7.18615e-01,1.09945e+00,5.89866e+00,2.18029e+00,2.20959e-01,2.00089e+00,3.27998e+00
6.89512e-01,5.55908e+01,1.58545e-01,6.10104e+01,3.68090e-01,1.20165e+00,6.64762e+00,5.04732e+01,3.49514e+00,8.57764e+01,8.47016e-01,4.78526e+01,1.75870e+00,7.07328e-01,1.05918e+00,5.88320e+00,2.20418e+00,2.17769e-01,1.97472e+00,3.27127e+00
6.83091e-01,5.79538e+01,1.62742e-01,5.98434e+01,3.79953e-01,1.16629e+00,6.44493e+00,5.31690e+01,3.37302e+00,8.31234e+01,8.26414e-01,5.04158e+01,1.76228e+00,6.96801e-01,1.02167e+00,5.86858e+00,2.22974e+00,2.15045e-01,1.94909e+00,3.26295e+00
6.77030e-01,6.10740e+01,1.65701e-01,5.89394e+01,3.93045e-01,1.13261e+00,6.25122e+00,5.51645e+01,3.25642e+00,8.03346e+01,8.06363e-01,5.42214e+01,1.76559e+00,6.87020e-01,9.86715e-01,5.85465e+00,2.25644e+00,2.12748e-01,1.92419e+00,3.25502e+00
6.71247e-01,6.43214e+01,1.67040e-01,5.86767e+01,4.07266e-01,1.10054e+00,6.06577e+00,5.68386e+01,3.14534e+00,7.74811e+01,7.86853e-01,5.97575e+01,1.76841e+00,6.77986e-01,9.54158e-01,5.84098e+00,2.28384e+00,2.10779e-01,1.89998e+00,3.24748e+00
6.65765e-01,6.73516e+01,1.66617e-01,5.94580e+01,4.21866e-01,1.06999e+00,5.88804e+00,5.85850e+01,3.03968e+00,7.46216e+01,7.67890e-01,6.72915e+01,1.77054e+00,6.69687e-01,9.23854e-01,5.82746e+00,2.31136e+00,2.09123e-01,1.87653e+00,3.24032e+00
6.60545e-01,7.04712e+01,1.64656e-01,6.11585e+01,4.35398e-01,1.04094e+00,5.71753e+00,6.05062e+01,2.93933e+00,7.18012e+01,7.49460e-01,7.65816e+01,1.77182e+00,6.62126e-01,8.95642e-01,5.81405e+00,2.33851e+00,2.07701e-01,1.85407e+00,3.23362e+00
6.55594e-01,7.39391e+01,1.61579e-01,6.33824e+01,4.46607e-01,1.01331e+00,5.55383e+00,6.23051e+01,2.84413e+00,6.90507e+01,7.31571e-01,8.68021e+01,1.77215e+00,6.55265e-01,8.69392e-01,5.80070e+00,2.36485e+00,2.06483e-01,1.83247e+00,3.22744e+00
6.50867e-01,7.74825e+01,1.57804e-01,6.59903e+01,4.64131e-01,9.87058e-01,5.39657e+00,6.37806e+01,2.75393e+00,6.63909e+01,7.14212e-01,9.68348e+01,1.77146e+00,6.49036e-01,8.44996e-01,5.78741e+00,2.39003e+00,2.05430e-01,1.81188e+00,3.22176e+00
6.46306e-01,8.06989e+01,1.81147e-01,6.87249e+01,4.95855e-01,9.62112e-01,5.24545e+00,6.49939e+01,2.66857e+00,6.38347e+01,6.97383e-01,1.05718e+02,1.76981e+00,6.43406e-01,8.22325e-01,5.77423e+00,2.41387e+00,2.07872e-01,1.79229e+00,3.21666e+00
6.41909e-01,8.34252e+01,2.54844e-01,7.11570e+01,5.94763e-01,9.38447e-01,5.10017e+00,6.59767e+01,2.60288e+00,6.13888e+01,6.81078e-01,1.12936e+02,1.76715e+00,6.38393e-01,8.01286e-01,5.76132e+00,2.43635e+00,2.22736e-01,1.77373e+00,3.21225e+00
6.46198e-01,8.56946e+01,4.30608e-01,7.29331e+01,1.01376e+00,9.15986e-01,4.96041e+00,6.66908e+01,2.56245e+00,5.90692e+01,6.65293e-01,1.18427e+02,1.76840e+00,6.87478e-01,7.81740e-01,5.74865e+00,2.45891e+00,2.44360e-01,1.75615e+00,3.20997e+00
6.69723e-01,8.75818e+01,6.97420e-01,7.40351e+01,1.89979e+00,8.94991e-01,4.82597e+00,6.71614e+01,2.54493e+00,5.68576e+01,6.50025e-01,1.22409e+02,1.76922e+00,7.69513e-01,7.63619e-01,5.73644e+00,2.49139e+00,2.67576e-01,1.74995e+00,3.20816e+00
6.96653e-01,8.91248e+01,1.30496e+00,7.47642e+01,4.88909e+00,8.74710e-01,4.69658e+00,6.74956e+01,2.55070e+00,5.47682e+01,6.35281e-01,1.25210e+02,1.77196e+00,8.75537e-01,7.46852e-01,5.72474e+00,2.52803e+00,3.05798e-01,1.75015e+00,3.22162e+00
7.14136e-01,9.03472e+01,2.42709e+00,7.54398e+01,1.51194e+01,8.55580e-01,4.57201e+00,6.77838e+01,2.57172e+00,5.27879e+01,6.21041e-01,1.27181e+02,1.77872e+00,1.02069e+00,7.31311e-01,5.71362e+00,2.56578e+00,3.45135e-01,1.76410e+00,3.23990e+00
7.62072e-01,9.12951e+01,3.64296e+00,7.63427e+01,2.89128e+01,8.37499e-01,4.45205e+00,6.80340e+01,2.60060e+00,5.09064e+01,6.07288e-01,1.28685e+02,1.80495e+00,1.19968e+00,7.16959e-01,5.70320e+00,2.60239e+00,3.86142e-01,1.78795e+00,3.27100e+00
8.83691e-01,9.20105e+01,4.32978e+00,7.74978e+01,3.79243e+01,8.20434e-01,4.33649e+00,6.81815e+01,2.63553e+00,4.91224e+01,5.94018e-01,1.30003e+02,2.24977e+00,1.41706e+00,7.03713e-01,5.69348e+00,2.63380e+00,4.29276e-01,1.81236e+00,3.31028e+00
1.07710e+00,9.25074e+01,4.52782e+00,7.85966e+01,3.92206e+01,8.04354e-01,4.22512e+00,6.81270e+01,2.68863e+00,4.74335e+01,5.81223e-01,1.31170e+02,3.67708e+00,1.69402e+00,6.91491e-01,5.68454e+00,2.65947e+00,4.81972e-01,1.83677e+00,3.34264e+00
1.40650e+00,9.27874e+01,4.96335e+00,7.94189e+01,3.93303e+01,7.89213e-01,4.11779e+00,6.77818e+01,2.82081e+00,4.58345e+01,5.68893e-01,1.31981e+02,6.60960e+00,2.27572e+00,6.80239e-01,5.67644e+00,2.67982e+00,8.31005e-01,1.86417e+00,3.36253e+00
2.56860e+00,9.28622e+01,6.44673e+00,8.00262e+01,4.32803e+01,7.74938e-01,4.01432e+00,6.71147e+01,3.19332e+00,4.43340e+01,5.57021e-01,1.32209e+02,1.16030e+01,4.45128e+00,6.69906e-01,5.66922e+00,2.74516e+00,1.48994e+00,1.89654e+00,3.38269e+00
6.06406e+00,9.28927e+01,8.76729e+00,8.05236e+01,4.82366e+01,8.03426e-01,3.93325e+00,6.62734e+01,3.99271e+00,4.29367e+01,5.46061e-01,1.31832e+02,2.32329e+01,1.08053e+01,6.67086e-01,5.66281e+00,2.86573e+00,2.48060e+00,1.94618e+00,3.42040e+00
1.08162e+01,9.28294e+01,1.13517e+01,8.08962e+01,5.27690e+01,8.72183e-01,3.88150e+00,6.54572e+01,5.20530e+00,4.16593e+01,5.44833e-01,1.31005e+02,7.29268e+01,2.15966e+01,6.73921e-01,5.65764e+00,2.99663e+00,3.58822e+00,2.05168e+00,3.50319e+00
2.00566e+01,9.26224e+01,1.35895e+01,8.11186e+01,5.55414e+01,9.70656e-01,3.89501e+00,6.45041e+01,6.78881e+00,4.04923e+01,5.54268e-01,1.30011e+02,1.62081e+02,3.65465e+01,6.77102e-01,5.65485e+00,3.11898e+00,4.81407e+00,2.21642e+00,3.64189e+00
4.11085e+01,9.25199e+01,1.44218e+01,8.12379e+01,5.57168e+01,1.05585e+00,3.94832e+00,6.33019e+01,8.96177e+00,3.94044e+01,5.64615e-01,1.29157e+02,2.59253e+02,5.55105e+01,6.87674e-01,5.65643e+00,3.22006e+00,8.05548e+00,2.42356e+00,3.79092e+00
7.80960e+01,9.25469e+01,1.37839e+01,8.13782e+01,5.33782e+01,1.12515e+00,3.98167e+00,6.20211e+01,1.22379e+01,3.83992e+01,5.79048e-01,1.28751e+02,3.61976e+02,7.35037e+01,7.02165e-01,5.66491e+00,3.30565e+00,1.52243e+01,2.61181e+00,3.91909e+00
1.28942e+02,9.26768e+01,1.24072e+01,8.16383e+01,4.89898e+01,1.24144e+00,3.99972e+00,6.07727e+01,1.75721e+01,3.74991e+01,6.03142e-01,1.29013e+02,4.74780e+02,8.92108e+01,7.16051e-01,5.67794e+00,3.39256e+00,2.18429e+01,2.76728e+00,4.03379e+00
1.74889e+02,9.27407e+01,1.09192e+01,8.20685e+01,4.33551e+01,1.45625e+00,4.03171e+00,5.95547e+01,2.52312e+01,3.67320e+01,6.15576e-01,1.30049e+02,5.79864e+02,1.02998e+02,7.29705e-01,5.69547e+00,3.50032e+00,2.47949e+01,2.89411e+00,4.15250e+00
2.02820e+02,9.25094e+01,9.55343e+00,8.26253e+01,3.71662e+01,1.70503e+00,4.07549e+00,5.83371e+01,3.25202e+01,3.61250e+01,6.10887e-01,1.31917e+02,6.49359e+02,1.17713e+02,7.44905e-01,5.71844e+00,3.66078e+00,2.57172e+01,3.00402e+00,4.29444e+00
2.17053e+02,9.18757e+01,8.29703e+00,8.31757e+01,3.10103e+01,1.87015e+00,4.10885e+00,5.71327e+01,3.67779e+01,3.56947e+01,6.02023e-01,1.34718e+02,6.74575e+02,1.38551e+02,7.59143e-01,5.74734e+00,3.95473e+00,2.64317e+01,3.10308e+00,4.47627e+00
2.26778e+02,9.08992e+01,7.12485e+00,8.35600e+01,2.53679e+01,1.91000e+00,4.11369e+00,5.59719e+01,3.86121e+01,3.54398e+01,5.94476e-01,1.38453e+02,6.65652e+02,1.68958e+02,7.77322e-01,5.78110e+00,4.64963e+00,2.72377e+01,3.18619e+00,4.70139e+00
2.33330e+02,8.96970e+01,6.04713e+00,8.36306e+01,2.05150e+01,1.85467e+00,4.08181e+00,5.48749e+01,4.04054e+01,3.53396e+01,5.86984e-01,1.42792e+02,6.37825e+02,2.04276e+02,8.04128e-01,5.81684e+00,6.25597e+00,2.73072e+01,3.24350e+00,4.96076e+00
2.30547e+02,8.83741e+01,5.08105e+00,8.33110e+01,1.65164e+01,1.75576e+00,4.01848e+00,5.38469e+01,4.40252e+01,3.53579e+01,5.79221e-01,1.47173e+02,6.00114e+02,2.27603e+02,8.38204e-01,5.85066e+00,8.70492e+00,2.60800e+01,3.27100e+00,5.24952e+00
2.16189e+02,8.70012e+01,4.23949e+00,8.26039e+01,1.33073e+01,1.64810e+00,3.93329e+00,5.28652e+01,4.95905e+01,3.54555e+01,5.71420e-01,1.51102e+02,5.56548e+02,2.28956e+02,8.76266e-01,5.87942e+00,1.07986e+01,2.38211e+01,3.27329e+00,5.57394e+00
1.94255e+02,8.56166e+01,3.52636e+00,8.15782e+01,1.07670e+01,1.54632e+00,3.83447e+00,5.18905e+01,5.63173e+01,3.55940e+01,5.63482e-01,1.54296e+02,5.09869e+02,2.13896e+02,9.16233e-01,5.90143e+00,1.18062e+01,2.10996e+01,3.25998e+00,5.94269e+00
1.69834e+02,8.42381e+01,2.93570e+00,8.03337e+01,8.76900e+00,1.45406e+00,3.72986e+00,5.08942e+01,6.39735e+01,3.57395e+01,5.55265e-01,1.56637e+02,4.62543e+02,1.91455e+02,9.57786e-01,5.91631e+00,1.19857e+01,1.83472e+01,3.23993e+00,6.41557e+00
1.46242e+02,8.28814e+01,2.45473e+00,7.89825e+01,7.19919e+00,1.37132e+00,3.62644e+00,4.98688e+01,7.26011e+01,3.58625e+01,5.46773e-01,1.58098e+02,4.16484e+02,1.67531e+02,1.00205e+00,5.92459e+00,1.18170e+01,1.57894e+01,3.21814e+00,7.29921e+00
1.25002e+02,8.15701e+01,2.06688e+00,7.76249e+01,5.96318e+00,1.29723e+00,3.52893e+00,4.88230e+01,8.17666e+01,3.59382e+01,5.38136e-01,1.58715e+02,3.73020e+02,1.44934e+02,1.05130e+00,5.92712e+00,1.16327e+01,1.35152e+01,3.19632e+00,9.22801e+00
1.06559e+02,8.03481e+01,1.75552e+00,7.63323e+01,4.98607e+00,1.23085e+00,3.43960e+00,4.77683e+01,9.08099e+01,3.59458e+01,5.29561e-01,1.58581e+02,3.33024e+02,1.24729e+02,1.10814e+00,5.92470e+00,1.16024e+01,1.15443e+01,3.17460e+00,1.24396e+01
9.08412e+01,7.92834e+01,1.50568e+00,7.51325e+01,4.20928e+00,1.17141e+00,3.35944e+00,4.67117e+01,9.91967e+01,3.58698e+01,5.21231e-01,1.57837e+02,2.96986e+02,1.07157e+02,1.17418e+00,5.91815e+00,1.17935e+01,9.86205e+00,3.15325e+00,1.57697e+01
7.75713e+01,7.84661e+01,1.30473e+00,7.40155e+01,3.58782e+00,1.11839e+00,3.28972e+00,4.56535e+01,1.06253e+02,3.57021e+01,5.13319e-01,1.56644e+02,2.64999e+02,9.20947e+01,1.24930e+00,5.90813e+00,1.22248e+01,8.43912e+00,3.13224e+00,1.82934e+01
6.64191e+01,7.79833e+01,1.14247e+00,7.29522e+01,3.08736e+00,1.07157e+00,3.23320e+00,4.45899e+01,1.11121e+02,3.54415e+01,5.05935e-01,1.55157e+02,2.36867e+02,7.92771e+01,1.33241e+00,5.89532e+00,1.29163e+01,7.24168e+00,3.11090e+00,2.03300e+01
5.70614e+01,7.78751e+01,1.01059e+00,7.19126e+01,2.68127e+00,1.03073e+00,3.19448e+00,4.35156e+01,1.13266e+02,3.50942e+01,4.99132e-01,1.53511e+02,2.12219e+02,6.84063e+01,1.42243e+00,5.88048e+00,1.39740e+01,6.23612e+00,3.08805e+00,2.70194e+01
4.92114e+01,7.81057e+01,9.02818e-01,7.08794e+01,2.34954e+00,9.95734e-01,3.17938e+00,4.24309e+01,1.12810e+02,3.46713e+01,4.92945e-01,1.51804e+02,1.90628e+02,5.91983e+01,1.51844e+00,5.86408e+00,1.58834e+01,5.39220e+00,3.06160e+00,9.35744e+01
4.26227e+01,7.85883e+01,8.14085e-01,6.98446e+01,2.07669e+00,9.66339e-01,3.19232e+00,4.13407e+01,1.10381e+02,3.41891e+01,4.87388e-01,1.50103e+02,1.71681e+02,5.14000e+01,1.61818e+00,5.84687e+00,2.08817e+01,4.68315e+00,3.03001e+00,1.85740e+02
3.70858e+01,7.92378e+01,7.40559e-01,6.88104e+01,1.85075e+00,9.42317e-01,3.23337e+00,4.02519e+01,1.06757e+02,3.36669e+01,4.82439e-01,1.48448e+02,1.55019e+02,4.47881e+01,1.71733e+00,5.82939e+00,3.98979e+01,4.08645e+00,2.99258e+00,2.45364e+02
3.24242e+01,7.99942e+01,6.83285e-01,6.77794e+01,1.66292e+00,9.23464e-01,3.29667e+00,3.91761e+01,1.02618e+02,3.31259e+01,4.78091e-01,1.46860e+02,1.40359e+02,3.91707e+01,1.81058e+00,5.81239e+00,1.07125e+02,3.58792e+00,2.94987e+00,3.28918e+02
2.84906e+01,8.08012e+01,6.37618e-01,6.67525e+01,1.50537e+00,9.09677e-01,3.37204e+00,3.81271e+01,9.83963e+01,3.25881e+01,4.74308e-01,1.45343e+02,1.27517e+02,3.43880e+01,1.89387e+00,5.79707e+00,2.40373e+02,3.16649e+00,2.90296e+00,3.97774e+02
2.51619e+01,8.15938e+01,6.06844e-01,6.57270e+01,1.37200e+00,9.01049e-01,3.44849e+00,3.71202e+01,9.42368e+01,3.20753e+01,4.71075e-01,1.43892e+02,1.16308e+02,3.03011e+01,1.96590e+00,5.78775e+00,3.60389e+02,2.81191e+00,2.85348e+00,4.33442e+02
2.23344e+01,8.23017e+01,5.83612e-01,6.46974e+01,1.25947e+00,8.97958e-01,3.51714e+00,3.61726e+01,9.00669e+01,3.16048e+01,4.68362e-01,1.42490e+02,1.06571e+02,2.68005e+01,2.02769e+00,5.79932e+00,4.16326e+02,2.51589e+00,2.80315e+00,4.61839e+02
1.99221e+01,8.28573e+01,5.64234e-01,6.36584e+01,1.16414e+00,9.01094e-01,3.57242e+00,3.53002e+01,8.57372e+01,3.11914e+01,4.66143e-01,1.41113e+02,9.81648e+01,2.37941e+01,2.08095e+00,5.85935e+00,4.28189e+02,2.26561e+00,2.75345e+00,5.02501e+02
1.78557e+01,8.32190e+01,5.48863e-01,6.26106e+01,1.08289e+00,9.11341e-01,3.61191e+00,3.45162e+01,8.11497e+01,3.08455e+01,4.64388e-01,1.39735e+02,9.08868e+01,2.12055e+01,2.12657e+00,5.98052e+00,4.18807e+02,2.05000e+00,2.70566e+00,5.39247e+02
1.60794e+01,8.33968e+01,5.36727e-01,6.15611e+01,1.01334e+00,9.29171e-01,3.63542e+00,3.38250e+01,7.63142e+01,3.05716e+01,4.63031e-01,1.38330e+02,8.45284e+01,1.89694e+01,2.16411e+00,6.13314e+00,3.99698e+02,1.86211e+00,2.66063e+00,5.34305e+02
1.45469e+01,8.34455e+01,5.25988e-01,6.05283e+01,9.53558e-01,9.53983e-01,3.64425e+00,3.32257e+01,7.13184e+01,3.03693e+01,4.62058e-01,1.36884e+02,7.88993e+01,1.70313e+01,2.19203e+00,6.27885e+00,3.76083e+02,1.69848e+00,2.61932e+00,5.10886e+02
1.32189e+01,8.34365e+01,5.14693e-01,5.95351e+01,9.01599e-01,9.83658e-01,3.64036e+00,3.27097e+01,6.63020e+01,3.02322e+01,4.61389e-01,1.35388e+02,7.38222e+01,1.53446e+01,2.20887e+00,6.40576e+00,3.50607e+02,1.55586e+00,2.58237e+00,4.91343e+02
1.20611e+01,8.34265e+01,5.01864e-01,5.86038e+01,8.56164e-01,1.01515e+00,3.62587e+00,3.22669e+01,6.13919e+01,3.01486e+01,4.60947e-01,1.33848e+02,6.91520e+01,1.38725e+01,2.21360e+00,6.51430e+00,3.24821e+02,1.43108e+00,2.55042e+00,4.70164e+02
1.10454e+01,8.34509e+01,4.87692e-01,5.77449e+01,8.16250e-01,1.04571e+00,3.60288e+00,3.18902e+01,5.66873e+01,3.01033e+01,4.60628e-01,1.32281e+02,6.47827e+01,1.25827e+01,2.20617e+00,6.60059e+00,2.99681e+02,1.32126e+00,2.52436e+00,4.51990e+02
1.01486e+01,8.35280e+01,4.73041e-01,5.69537e+01,7.81179e-01,1.07359e+00,3.57325e+00,3.15790e+01,5.22514e+01,3.00788e+01,4.60322e-01,1.30720e+02,6.06492e+01,1.14509e+01,2.18735e+00,6.66141e+00,2.75741e+02,1.22407e+00,2.50499e+00,4.36428e+02
9.35158e+00,8.36620e+01,4.59384e-01,5.62164e+01,7.50250e-01,1.09804e+00,3.53877e+00,3.13389e+01,4.81208e+01,3.00571e+01,4.59921e-01,1.29209e+02,5.67180e+01,1.04556e+01,2.15851e+00,6.69992e+00,2.53316e+02,1.13786e+00,2.49317e+00,4.19171e+02
8.64013e+00,8.38426e+01,4.48119e-01,5.55186e+01,7.23134e-01,1.11894e+00,3.50098e+00,3.11803e+01,4.43063e+01,3.00224e+01,4.59333e-01,1.27800e+02,5.29801e+01,9.57931e+00,2.12137e+00,6.72233e+00,2.32549e+02,1.06155e+00,2.48985e+00,4.01223e+02
8.00195e+00,8.40466e+01,4.40339e-01,5.48507e+01,6.99438e-01,1.13646e+00,3.46135e+00,3.11131e+01,4.08056e+01,2.99634e+01,4.58500e-01,1.26542e+02,4.94384e+01,8.80750e+00,2.07765e+00,6.73273e+00,2.13455e+02,9.94381e-01,2.49595e+00,3.84821e+02
7.42753e+00,8.42445e+01,4.36080e-01,5.42098e+01,6.78774e-01,1.15079e+00,3.42128e+00,3.11405e+01,3.76053e+01,2.98712e+01,4.57375e-01,1.25472e+02,4.61003e+01,8.12783e+00,2.02901e+00,6.73148e+00,1.95988e+02,9.35650e-01,2.51216e+00,3.68208e+02
6.90828e+00,8.44050e+01,4.34118e-01,5.35966e+01,6.60847e-01,1.16206e+00,3.38216e+00,3.12498e+01,3.46866e+01,2.97421e+01,4.55957e-01,1.24600e+02,4.29702e+01,7.52883e+00,1.97692e+00,1.82089e+01,1.80056e+02,8.84558e-01,2.53876e+00,3.52856e+02
6.43767e+00,8.45081e+01,4.32772e-01,5.30148e+01,6.45361e-01,1.17038e+00,3.34526e+00,3.14156e+01,3.20303e+01,2.95760e+01,4.54269e-01,1.23918e+02,4.00499e+01,7.00019e+00,1.92258e+00,7.16430e+01,1.65552e+02,8.40426e-01,2.57538e+00,3.38602e+02
6.01008e+00,8.45460e+01,4.30333e-01,5.24680e+01,6.31938e-01,1.17582e+00,3.31186e+00,3.16011e+01,2.96137e+01,2.93767e+01,4.52382e-01,1.23400e+02,3.73352e+01,6.53290e+00,1.86700e+00,1.44254e+02,1.52361e+02,8.02453e-01,2.62113e+00,3.23240e+02
5.62094e+00,8.45214e+01,4.25873e-01,5.19609e+01,6.20327e-01,1.17851e+00,3.28321e+00,3.17697e+01,2.74171e+01,2.91521e+01,4.50397e-01,1.23021e+02,3.48182e+01,6.11761e+00,1.81100e+00,1.66527e+02,1.40370e+02,7.69825e-01,2.67375e+00,3.07067e+02
5.26597e+00,8.44395e+01,4.19159e-01,5.14976e+01,6.10279e-01,1.17861e+00,3.26043e+00,3.18916e+01,2.54194e+01,2.89163e+01,4.48412e-01,1.22749e+02,3.24892e+01,5.74618e+00,1.75524e+00,1.82583e+02,1.29468e+02,7.41710e-01,2.73055e+00,2.90900e+02
4.94183e+00,8.43034e+01,4.10682e-01,5.10841e+01,6.01549e-01,1.17634e+00,3.24456e+00,3.19477e+01,2.36026e+01,2.86922e+01,4.46562e-01,1.22558e+02,3.03361e+01,5.41110e+00,1.70020e+00,1.94362e+02,1.19556e+02,7.17339e-01,2.78801e+00,2.74790e+02
4.64535e+00,8.41194e+01,4.01094e-01,5.07270e+01,5.93836e-01,1.17190e+00,3.23639e+00,3.19280e+01,2.19493e+01,2.85154e+01,4.44976e-01,1.22414e+02,2.83469e+01,5.10603e+00,1.64629e+00,2.46681e+02,1.10535e+02,6.96018e-01,2.84247e+00,2.59134e+02
4.37402e+00,8.38986e+01,3.91039e-01,5.04341e+01,5.86929e-01,1.16554e+00,3.23622e+00,3.18298e+01,2.04435e+01,2.84551e+01,4.43805e-01,1.22280e+02,2.65093e+01,4.82613e+00,1.59377e+00,2.70918e+02,1.02320e+02,6.77196e-01,2.89063e+00,2.45364e+02
4.12561e+00,8.36536e+01,3.81119e-01,5.02114e+01,5.80655e-01,1.15750e+00,3.24387e+00,3.16549e+01,1.90705e+01,2.86630e+01,4.43175e-01,1.22116e+02,2.48112e+01,4.56750e+00,1.54284e+00,3.01331e+02,9.48343e+01,6.60432e-01,2.92971e+00,2.32405e+02
3.89816e+00,8.33976e+01,3.71697e-01,5.00606e+01,5.74867e-01,1.14801e+00,3.25850e+00,3.14084e+01,1.78181e+01,2.95013e+01,4.43194e-01,1.21889e+02,2.32422e+01,4.32752e+00,1.49362e+00,3.04804e+02,8.80055e+01,6.45388e-01,2.95789e+00,2.19526e+02
3.68985e+00,8.31362e+01,3.62963e-01,4.99747e+01,5.69407e-01,1.13730e+00,3.27874e+00,3.10977e+01,1.66734e+01,3.17752e+01,4.43925e-01,1.21580e+02,2.17917e+01,4.10428e+00,1.44619e+00,3.10248e+02,8.17706e+01,6.31850e-01,2.97450e+00,2.07508e+02
3.49921e+00,8.28672e+01,3.55116e-01,4.99407e+01,5.64254e-01,1.12556e+00,3.30292e+00,3.07302e+01,1.56272e+01,3.68809e+01,4.45399e-01,1.21190e+02,2.04507e+01,3.89682e+00,1.40059e+00,3.12587e+02,7.60722e+01,6.19608e-01,2.97959e+00,1.96231e+02
3.32472e+00,8.25832e+01,3.48068e-01,4.99358e+01,5.59385e-01,1.11297e+00,3.32912e+00,3.03148e+01,1.46692e+01,4.61576e+01,4.47594e-01,1.20738e+02,1.92110e+01,3.70395e+00,1.35679e+00,3.24049e+02,7.08594e+01,6.08557e-01,2.97389e+00,1.85502e+02
3.16512e+00,8.22699e+01,3.41907e-01,4.99364e+01,5.54755e-01,1.09969e+00,3.35550e+00,2.98617e+01,1.37910e+01,5.91745e+01,4.50451e-01,1.20253e+02,1.80653e+01,3.52529e+00,1.31481e+00,3.29506e+02,6.60877e+01,5.98487e-01,2.95862e+00,1.75629e+02
3.01903e+00,8.19119e+01,3.36496e-01,4.99207e+01,5.50444e-01,1.08585e+00,3.38039e+00,2.93835e+01,1.29854e+01,7.31449e+01,4.53866e-01,1.19765e+02,1.70058e+01,3.36011e+00,1.27461e+00,3.57621e+02,6.17119e+01,5.89247e-01,2.93555e+00,1.66410e+02
2.88539e+00,8.14938e+01,3.31865e-01,4.98710e+01,5.46444e-01,1.07160e+00,3.40244e+00,2.88937e+01,1.22456e+01,8.51253e+01,4.57713e-01,1.19301e+02,1.60267e+01,3.20799e+00,1.23618e+00,3.68809e+02,5.76971e+01,5.80733e-01,2.90611e+00,1.57626e+02
2.76308e+00,8.10058e+01,3.27933e-01,4.97756e+01,5.42733e-01,1.05704e+00,3.42061e+00,2.84090e+01,1.15656e+01,9.41348e+01,4.61846e-01,1.18876e+02,1.51217e+01,3.06812e+00,1.19948e+00,3.64740e+02,5.40098e+01,5.72862e-01,2.87203e+00,1.49322e+02
2.65119e+00,8.04426e+01,3.24582e-01,4.96284e+01,5.39315e-01,1.04226e+00,3.43418e+00,2.79487e+01,1.09399e+01,1.01165e+02,4.66136e-01,1.18503e+02,1.42849e+01,2.94001e+00,1.16449e+00,3.50426e+02,5.06187e+01,5.65481e-01,2.83465e+00,1.41545e+02
2.54881e+00,7.98045e+01,3.21758e-01,4.94261e+01,5.36212e-01,1.02733e+00,3.44263e+00,2.75345e+01,1.03636e+01,1.08163e+02,4.70444e-01,1.18188e+02,1.35112e+01,2.82291e+00,1.13118e+00,3.33180e+02,4.74967e+01,5.58555e-01,2.79540e+00,1.34294e+02
2.45520e+00,7.90962e+01,3.19413e-01,4.91683e+01,5.33441e-01,1.01236e+00,3.44575e+00,2.71888e+01,9.83293e+00,1.16928e+02,4.74643e-01,1.17942e+02,1.27955e+01,2.71605e+00,1.09951e+00,3.17792e+02,4.46205e+01,5.52093e-01,2.75505e+00,1.27547e+02
2.36946e+00,7.83268e+01,3.17410e-01,4.88570e+01,5.30950e-01,9.97426e-01,3.44348e+00,2.69300e+01,9.34347e+00,1.28059e+02,4.78620e-01,1.17785e+02,1.21333e+01,2.61859e+00,1.06943e+00,3.08867e+02,4.19670e+01,5.46007e-01,2.71464e+00,1.21274e+02
2.29111e+00,7.75079e+01,3.15785e-01,4.84943e+01,5.28709e-01,9.82555e-01,3.43590e+00,2.67666e+01,8.89204e+00,1.40493e+02,4.82292e-01,1.17766e+02,1.15203e+01,2.52986e+00,1.04093e+00,2.99617e+02,3.95169e+01,5.40327e-01,2.67459e+00,1.15460e+02
2.21948e+00,7.66539e+01,3.14498e-01,4.80848e+01,5.26705e-01,9.67817e-01,3.42331e+00,2.66947e+01,8.47543e+00,1.52162e+02,4.85585e-01,1.17983e+02,1.09527e+01,2.44910e+00,1.01394e+00,2.89332e+02,3.72527e+01,5.35051e-01,2.63522e+00,1.10071e+02
2.15394e+00,7.57790e+01,3.13458e-01,4.76337e+01,5.24899e-01,9.53252e-01,3.40605e+00,2.66975e+01,8.09095e+00,1.61323e+02,4.88449e-01,1.18602e+02,1.04269e+01,2.37560e+00,9.88436e-01,2.77168e+02,3.51576e+01,5.30251e-01,2.59677e+00,1.05034e+02
2.09405e+00,7.48981e+01,3.12625e-01,4.71480e+01,5.23300e-01,9.38907e-01,3.38454e+00,2.67515e+01,7.73612e+00,1.67253e+02,4.90843e-01,1.19866e+02,9.93935e+00,2.30873e+00,9.64365e-01,2.71357e+02,3.32173e+01,5.25805e-01,2.55940e+00,1.00296e+02
2.03935e+00,7.40245e+01,3.11984e-01,4.66364e+01,5.21921e-01,9.24825e-01,3.35924e+00,2.68339e+01,7.40844e+00,1.70118e+02,4.92735e-01,1.22072e+02,9.48714e+00,2.24788e+00,9.41685e-01,2.65167e+02,3.14192e+01,5.21824e-01,2.52303e+00,9.58293e+01
1.98935e+00,7.31673e+01,3.11509e-01,4.61098e+01,5.20704e-01,9.11022e-01,3.33069e+00,2.69293e+01,7.10582e+00,1.70509e+02,4.94111e-01,1.25518e+02,9.06744e+00,2.19243e+00,9.20338e-01,2.58574e+02,2.97512e+01,5.18268e-01,2.48768e+00,9.16196e+01
1.94369e+00,7.23333e+01,3.11166e-01,4.55909e+01,5.19601e-01,8.97547e-01,3.29936e+00,2.70366e+01,6.82646e+00,1.69085e+02,4.94976e-01,1.30433e+02,8.67762e+00,2.14195e+00,9.00295e-01,2.50839e+02,2.82024e+01,5.15080e-01,2.45319e+00,8.76569e+01
1.90200e+00,7.15236e+01,3.10943e-01,4.58504e+01,5.18610e-01,8.84402e-01,3.26570e+00,2.71757e+01,6.56854e+00,1.66443e+02,4.95338e-01,1.36914e+02,8.31533e+00,2.09600e+00,8.81488e-01,2.43651e+02,2.67633e+01,5.12314e-01,2.41953e+00,8.39336e+01
1.86394e+00,7.07369e+01,3.10803e-01,5.69566e+01,5.17729e-01,8.71617e-01,3.23023e+00,2.73952e+01,6.33037e+00,1.63242e+02,4.95209e-01,1.44908e+02,7.97850e+00,2.05412e+00,8.63891e-01,2.36018e+02,2.54251e+01,5.09890e-01,2.38664e+00,8.04347e+01
1.82920e+00,6.99694e+01,3.10740e-01,7.72556e+01,5.16925e-01,8.59218e-01,3.19333e+00,2.77719e+01,6.11041e+00,1.60778e+02,4.94629e-01,1.54233e+02,7.66507e+00,2.01586e+00,8.47432e-01,2.29118e+02,2.41789e+01,5.07792e-01,2.35440e+00,7.71308e+01
1.79749e+00,6.92179e+01,3.10745e-01,1.05648e+02,5.16202e-01,8.47205e-01,3.15539e+00,2.83905e+01,5.90746e+00,1.62646e+02,4.93611e-01,1.64642e+02,7.37322e+00,1.98106e+00,8.32080e-01,2.23727e+02,2.30181e+01,5.05987e-01,2.32285e+00,7.39959e+01
1.76871e+00,6.84786e+01,3.10814e-01,1.33524e+02,5.15532e-01,8.35600e-01,3.11678e+00,2.92929e+01,5.72001e+00,1.77411e+02,4.92194e-01,1.75839e+02,7.10146e+00,1.94924e+00,8.17794e-01,2.16794e+02,2.19357e+01,5.04460e-01,2.29207e+00,7.10080e+01
1.74245e+00,6.77504e+01,3.10907e-01,1.49128e+02,5.14898e-01,8.24380e-01,3.07782e+00,3.04480e+01,5.54708e+00,2.16381e+02,4.90414e-01,1.87466e+02,6.84817e+00,1.92021e+00,8.04483e-01,2.10768e+02,2.09254e+01,5.03119e-01,2.26193e+00,6.81556e+01
1.71859e+00,6.70326e+01,3.10996e-01,1.54453e+02,5.14289e-01,8.13571e-01,3.03880e+00,3.17698e+01,5.38756e+00,2.77131e+02,4.88303e-01,1.99062e+02,6.61211e+00,1.89381e+00,7.92138e-01,2.05031e+02,1.99807e+01,5.02006e-01,2.23260e+00,6.54290e+01
1.69695e+00,6.63263e+01,3.11121e-01,1.60303e+02,5.13744e-01,8.03153e-01,2.99994e+00,3.31424e+01,5.24050e+00,3.35977e+02,4.85894e-01,2.10076e+02,6.39193e+00,1.86976e+00,7.80693e-01,1.99977e+02,1.90970e+01,5.01033e-01,2.20418e+00,6.28202e+01
1.67735e+00,6.56333e+01,3.11292e-01,1.66540e+02,5.13233e-01,7.93154e-01,2.96144e+00,3.44400e+01,5.10500e+00,3.73428e+02,4.83222e-01,2.19935e+02,6.18657e+00,1.84787e+00,7.70109e-01,1.95436e+02,1.82695e+01,5.00250e-01,2.17657e+00,6.03223e+01
1.65962e+00,6.49539e+01,3.11464e-01,1.71726e+02,5.12693e-01,7.83551e-01,2.92347e+00,3.55663e+01,4.98018e+00,3.88443e+02,4.80322e-01,2.28166e+02,5.99498e+00,1.82804e+00,7.60331e-01,1.90273e+02,1.74935e+01,4.99578e-01,2.14995e+00,5.79304e+01
1.64360e+00,6.42891e+01,3.11624e-01,1.87459e+02,5.12186e-01,7.74347e-01,2.88614e+00,3.64961e+01,4.86527e+00,3.88465e+02,4.77228e-01,2.34498e+02,5.81616e+00,1.81008e+00,7.51321e-01,1.84504e+02,1.67648e+01,4.99024e-01,2.12429e+00,5.56409e+01
1.62913e+00,6.36392e+01,3.11798e-01,2.07460e+02,5.11702e-01,7.65542e-01,2.84956e+00,3.72716e+01,4.75959e+00,3.80401e+02,4.73959e-01,2.38963e+02,5.64935e+00,1.79391e+00,7.43048e-01,1.78685e+02,1.60797e+01,4.98556e-01,2.09964e+00,5.34516e+01
1.61610e+00,6.30032e+01,3.11975e-01,2.18965e+02,5.11241e-01,7.57127e-01,2.81379e+00,3.79630e+01,4.66225e+00,3.68527e+02,4.70562e-01,2.42003e+02,5.49370e+00,1.77933e+00,7.35441e-01,1.72750e+02,1.54347e+01,4.98188e-01,2.07595e+00,5.13575e+01
1.60433e+00,6.23814e+01,3.12142e-01,2.32663e+02,5.10757e-01,7.49095e-01,2.77883e+00,3.86150e+01,4.57285e+00,3.55110e+02,4.67040e-01,2.44618e+02,5.34852e+00,1.76624e+00,7.28478e-01,1.67190e+02,1.48271e+01,4.97869e-01,2.05324e+00,4.93590e+01
1.59376e+00,6.17742e+01,3.12322e-01,2.41081e+02,5.10264e-01,7.41448e-01,2.74476e+00,3.92224e+01,4.49081e+00,3.41264e+02,4.63420e-01,2.48591e+02,5.21313e+00,1.75464e+00,7.22111e-01,1.61455e+02,1.42536e+01,4.97634e-01,2.03162e+00,4.74509e+01
1.58427e+00,6.11816e+01,3.12495e-01,2.44305e+02,5.09772e-01,7.34169e-01,2.71152e+00,3.97522e+01,4.41555e+00,3.27539e+02,4.59722e-01,2.56476e+02,5.08686e+00,1.74423e+00,7.16303e-01,1.55903e+02,1.37120e+01,4.97414e-01,2.01091e+00,4.56303e+01
1.57579e+00,6.06051e+01,3.12641e-01,2.47531e+02,5.09270e-01,7.27250e-01,2.67911e+00,4.01832e+01,4.34639e+00,3.14173e+02,4.55976e-01,2.71029e+02,4.96917e+00,1.73498e+00,7.11008e-01,1.50278e+02,1.32000e+01,4.97204e-01,1.99123e+00,4.38931e+01
1.56817e+00,6.00475e+01,3.12779e-01,2.49538e+02,5.08774e-01,7.20674e-01,2.64750e+00,4.05127e+01,4.28301e+00,3.01287e+02,4.52190e-01,2.93779e+02,4.85954e+00,1.72684e+00,7.06187e-01,1.44733e+02,1.27152e+01,4.97025e-01,1.97246e+00,4.22370e+01
1.56139e+00,5.95105e+01,3.12894e-01,2.50331e+02,5.08288e-01,7.14444e-01,2.61669e+00,4.07427e+01,4.22487e+00,2.88928e+02,4.48379e-01,3.23392e+02,4.75741e+00,1.71974e+00,7.01819e-01,1.40103e+02,1.22563e+01,4.96852e-01,1.95461e+00,4.06574e+01
1.55533e+00,5.89975e+01,3.12975e-01,2.51368e+02,5.07759e-01,7.08533e-01,2.58664e+00,4.08799e+01,4.17161e+00,2.77108e+02,4.44559e-01,3.55477e+02,4.66229e+00,1.71355e+00,6.97851e-01,1.36300e+02,1.18214e+01,4.96710e-01,1.93761e+00,3.91516e+01
1.54994e+00,5.85109e+01,3.13051e-01,2.54761e+02,5.07246e-01,7.02940e-01,2.55728e+00,4.09403e+01,4.12288e+00,2.65826e+02,4.40741e-01,3.84534e+02,4.57371e+00,1.70819e+00,6.94269e-01,1.32302e+02,1.14089e+01,4.96573e-01,1.92134e+00,3.77158e+01
1.54512e+00,5.80537e+01,3.13139e-01,2.59455e+02,5.06727e-01,6.97650e-01,2.52860e+00,4.09464e+01,4.07814e+00,2.55074e+02,4.36936e-01,4.06504e+02,4.49124e+00,1.70362e+00,6.91027e-01,1.27952e+02,1.10176e+01,4.96440e-01,1.90592e+00,3.63468e+01
1.54079e+00,5.76276e+01,3.13224e-01,2.63162e+02,5.06204e-01,6.92639e-01,2.50055e+00,4.09147e+01,4.03708e+00,2.44826e+02,4.33156e-01,4.19913e+02,4.41443e+00,1.69972e+00,6.88080e-01,1.23532e+02,1.06463e+01,4.96316e-01,1.89109e+00,3.50403e+01
1.53696e+00,5.72336e+01,3.13292e-01,2.71485e+02,5.05672e-01,6.87931e-01,2.47311e+00,4.08462e+01,3.99938e+00,2.35064e+02,4.29401e-01,4.25378e+02,4.34297e+00,1.69639e+00,6.85454e-01,1.19376e+02,1.02940e+01,4.96191e-01,1.87687e+00,3.37953e+01
1.53352e+00,5.68719e+01,3.13363e-01,2.82475e+02,5.05113e-01,6.83491e-01,2.44624e+00,4.07250e+01,3.96462e+00,2.25773e+02,4.25684e-01,4.24559e+02,4.27642e+00,1.69357e+00,6.83058e-01,1.15737e+02,9.95958e+00,4.96047e-01,1.86337e+00,3.26073e+01
1.53041e+00,5.65406e+01,3.13421e-01,2.88174e+02,5.04527e-01,6.79321e-01,2.41991e+00,4.05276e+01,3.93273e+00,2.16925e+02,4.22022e-01,4.19275e+02,4.21441e+00,1.69118e+00,6.80913e-01,1.12189e+02,9.64204e+00,4.95886e-01,1.85043e+00,3.14739e+01
1.52767e+00,5.62384e+01,3.13442e-01,2.88801e+02,5.03942e-01,6.75381e-01,2.39409e+00,4.02309e+01,3.90316e+00,2.08499e+02,4.18406e-01,4.11088e+02,4.15667e+00,1.68923e+00,6.78957e-01,1.08557e+02,9.34067e+00,4.95672e-01,1.83798e+00,3.03918e+01
1.52519e+00,5.59893e+01,3.13445e-01,2.86527e+02,5.03347e-01,6.71670e-01,2.36874e+00,3.98227e+01,3.87572e+00,2.00474e+02,4.14855e-01,4.01164e+02,4.10290e+00,1.68768e+00,6.77198e-01,1.04981e+02,9.05439e+00,4.95445e-01,1.82613e+00,2.93591e+01
1.52300e+00,5.67736e+01,3.13448e-01,2.81471e+02,5.02772e-01,6.68199e-01,2.34388e+00,3.93076e+01,3.85029e+00,1.92833e+02,4.11364e-01,3.90313e+02,4.05281e+00,1.68638e+00,6.75611e-01,1.01637e+02,8.78266e+00,4.95227e-01,1.81475e+00,2.83729e+01
1.52104e+00,6.74624e+01,3.13416e-01,2.74680e+02,5.02160e-01,6.64939e-01,2.31948e+00,3.87030e+01,3.82657e+00,1.85556e+02,4.07945e-01,3.79067e+02,4.00605e+00,1.68536e+00,6.74174e-01,9.86184e+01,8.52475e+00,4.94996e-01,1.80378e+00,2.74311e+01
1.51929e+00,8.27042e+01,3.13377e-01,2.67212e+02,5.01522e-01,6.61871e-01,2.29553e+00,3.80347e+01,3.80420e+00,1.78622e+02,4.04606e-01,3.67761e+02,3.96247e+00,1.68455e+00,6.72868e-01,9.57080e+01,8.28004e+00,4.94745e-01,1.79328e+00,2.65310e+01
1.51772e+00,1.01212e+02,3.13338e-01,2.59880e+02,5.00884e-01,6.58987e-01,2.27203e+00,3.73304e+01,3.78328e+00,1.72012e+02,4.01340e-01,3.56602e+02,3.92181e+00,1.68399e+00,6.71684e-01,9.27686e+01,8.04785e+00,4.94464e-01,1.78324e+00,2.56711e+01
1.51627e+00,1.19990e+02,3.13294e-01,2.53683e+02,5.00226e-01,6.56268e-01,2.24898e+00,3.66138e+01,3.76341e+00,1.65709e+02,3.98154e-01,3.45701e+02,3.88385e+00,1.68356e+00,6.70594e-01,8.98456e+01,7.82744e+00,4.94184e-01,1.77349e+00,2.48485e+01
1.51494e+00,1.34629e+02,3.13244e-01,2.48781e+02,4.99549e-01,6.53757e-01,2.22638e+00,3.59055e+01,3.74468e+00,1.59700e+02,3.95049e-01,3.35127e+02,3.84840e+00,1.68328e+00,6.69595e-01,8.69928e+01,7.61866e+00,4.93889e-01,1.76411e+00,2.40621e+01
1.51370e+00,1.41413e+02,3.13178e-01,2.44172e+02,4.98869e-01,6.51382e-01,2.20424e+00,3.52144e+01,3.72687e+00,1.53966e+02,3.92037e-01,3.24921e+02,3.81536e+00,1.68311e+00,6.68682e-01,8.42323e+01,7.42057e+00,4.93575e-01,1.75520e+00,2.33098e+01
1.51259e+00,1.42240e+02,3.13082e-01,2.39890e+02,4.98168e-01,6.49174e-01,2.18257e+00,3.45408e+01,3.70993e+00,1.48497e+02,3.89125e-01,3.15086e+02,3.78443e+00,1.68300e+00,6.67833e-01,8.15715e+01,7.23281e+00,4.93248e-01,1.74667e+00,2.25900e+01
1.51150e+00,1.42556e+02,3.12938e-01,2.35552e+02,4.97441e-01,6.47078e-01,2.16134e+00,3.38796e+01,3.69388e+00,1.43276e+02,3.86309e-01,3.05640e+02,3.75555e+00,1.68296e+00,6.67048e-01,7.90097e+01,7.05485e+00,4.92876e-01,1.73842e+00,2.19013e+01
1.51052e+00,1.45986e+02,3.12783e-01,2.30631e+02,4.96711e-01,6.45128e-01,2.14056e+00,3.32246e+01,3.67859e+00,1.38294e+02,3.83594e-01,2.96570e+02,3.72860e+00,1.68301e+00,6.66306e-01,7.65434e+01,6.88627e+00,4.92467e-01,1.73059e+00,2.12416e+01
1.50964e+00,1.50175e+02,3.12634e-01,2.25706e+02,4.96001e-01,6.43289e-01,2.12027e+00,3.25722e+01,3.66419e+00,1.33536e+02,3.80972e-01,2.87864e+02,3.70345e+00,1.68311e+00,6.65621e-01,7.41696e+01,6.72657e+00,4.92048e-01,1.72306e+00,2.06099e+01
1.50880e+00,1.52564e+02,3.12479e-01,2.21618e+02,4.95276e-01,6.41571e-01,2.10046e+00,3.19226e+01,3.65058e+00,1.28989e+02,3.78453e-01,2.79519e+02,3.67998e+00,1.68322e+00,6.64972e-01,7.18849e+01,6.57536e+00,4.91609e-01,1.71596e+00,2.00049e+01
1.50799e+00,1.58378e+02,3.12301e-01,2.18300e+02,4.94552e-01,6.39945e-01,2.08113e+00,3.12784e+01,3.63771e+00,1.24645e+02,3.76033e-01,2.71529e+02,3.65802e+00,1.68333e+00,6.64363e-01,6.96863e+01,6.43214e+00,4.91153e-01,1.70907e+00,1.94254e+01
1.50722e+00,1.70591e+02,3.12112e-01,2.15147e+02,4.93810e-01,6.38410e-01,2.06231e+00,3.06429e+01,3.62573e+00,1.20494e+02,3.73716e-01,2.63943e+02,3.63752e+00,1.68346e+00,6.63784e-01,6.75722e+01,6.29662e+00,4.90678e-01,1.70252e+00,1.88701e+01
1.50644e+00,1.84211e+02,3.11920e-01,2.11844e+02,4.93047e-01,6.36964e-01,2.04397e+00,3.00175e+01,3.61453e+00,1.16523e+02,3.71490e-01,2.57173e+02,3.61837e+00,1.68358e+00,6.63224e-01,6.55450e+01,6.16838e+00,4.90202e-01,1.69621e+00,1.83375e+01
1.50570e+00,1.90953e+02,3.11719e-01,2.08476e+02,4.92280e-01,6.35621e-01,2.02614e+00,2.94029e+01,3.60413e+00,1.12727e+02,3.69364e-01,2.52789e+02,3.60047e+00,1.68369e+00,6.62685e-01,6.36167e+01,6.04727e+00,4.89713e-01,1.69018e+00,1.78272e+01
1.50498e+00,1.96259e+02,3.11510e-01,2.04914e+02,4.91492e-01,6.34347e-01,2.00880e+00,2.87993e+01,3.59458e+00,1.09096e+02,3.67338e-01,2.53001e+02,3.58384e+00,1.68377e+00,6.62165e-01,6.17819e+01,5.93262e+00,4.89200e-01,1.68447e+00,1.73380e+01
1.50425e+00,2.03008e+02,3.11291e-01,2.01192e+02,4.90689e-01,6.33157e-01,1.99199e+00,2.82041e+01,3.58577e+00,1.05623e+02,3.65413e-01,2.57658e+02,3.56829e+00,1.68381e+00,6.61658e-01,6.00136e+01,5.82438e+00,4.88676e-01,1.67899e+00,1.68689e+01
1.50354e+00,2.07495e+02,3.11042e-01,1.97561e+02,4.89857e-01,6.32016e-01,1.97566e+00,2.76163e+01,3.57781e+00,1.02297e+02,3.63587e-01,2.65161e+02,3.55380e+00,1.68382e+00,6.61156e-01,5.82923e+01,5.72216e+00,4.88123e-01,1.67385e+00,1.64189e+01
1.50282e+00,2.06922e+02,3.10759e-01,1.94002e+02,4.89033e-01,6.30940e-01,1.95984e+00,2.70359e+01,3.57050e+00,9.91140e+01,3.61856e-01,2.73646e+02,3.54031e+00,1.68382e+00,6.60661e-01,5.66151e+01,5.62565e+00,4.87527e-01,1.66887e+00,1.59872e+01
1.50210e+00,2.05667e+02,3.10464e-01,1.90405e+02,4.88241e-01,6.29920e-01,1.94455e+00,2.64627e+01,3.56394e+00,9.60670e+01,3.60213e-01,2.80931e+02,3.53003e+00,1.68380e+00,6.60172e-01,5.49870e+01,5.53467e+00,4.86900e-01,1.66419e+00,1.55732e+01
1.50140e+00,2.07370e+02,3.10169e-01,1.86998e+02,4.87427e-01,6.28942e-01,1.92974e+00,2.58981e+01,3.55811e+00,9.31494e+01,3.58658e-01,2.84915e+02,3.56277e+00,1.68372e+00,6.59689e-01,5.34106e+01,5.44893e+00,4.86261e-01,1.65967e+00,1.51758e+01
1.50068e+00,2.09250e+02,3.09878e-01,1.83951e+02,4.86595e-01,6.27999e-01,1.91544e+00,2.53429e+01,3.55283e+00,9.03542e+01,3.57189e-01,2.84812e+02,3.59190e+00,1.68355e+00,6.59208e-01,5.18879e+01,5.36811e+00,4.85614e-01,1.65545e+00,1.47951e+01
1.49993e+00,2.08988e+02,3.09579e-01,1.81026e+02,4.85760e-01,6.27094e-01,1.90164e+00,2.47987e+01,3.54820e+00,8.76773e+01,3.55808e-01,2.81902e+02,3.62853e+00,1.68335e+00,6.58730e-01,5.04197e+01,5.29200e+00,4.84950e-01,1.65139e+00,1.44315e+01
1.49911e+00,2.09365e+02,3.09270e-01,1.77987e+02,4.84925e-01,6.26222e-01,1.88834e+00,2.42664e+01,3.54402e+00,8.51110e+01,3.54489e-01,2.78387e+02,3.67498e+00,1.68310e+00,6.58249e-01,4.90064e+01,5.22035e+00,4.84276e-01,1.64745e+00,1.40830e+01
1.49829e+00,2.09297e+02,3.08936e-01,1.74902e+02,4.84091e-01,6.25400e-01,1.87552e+00,2.37474e+01,3.54032e+00,8.26515e+01,3.53251e-01,2.75754e+02,3.68563e+00,1.68281e+00,6.57777e-01,4.76530e+01,5.15328e+00,4.83586e-01,1.64375e+00,1.37482e+01
1.49745e+00,2.08373e+02,3.08602e-01,1.71904e+02,4.83245e-01,6.24611e-01,1.86320e+00,2.32429e+01,3.53702e+00,8.02932e+01,3.52094e-01,2.74063e+02,3.66756e+00,1.68247e+00,6.57304e-01,4.63642e+01,5.09029e+00,4.82885e-01,1.64018e+00,1.34257e+01
1.49662e+00,2.11750e+02,3.08274e-01,1.69027e+02,4.82384e-01,6.23845e-01,1.85136e+00,2.27533e+01,3.53415e+00,7.80326e+01,3.50996e-01,2.73063e+02,3.63889e+00,1.68207e+00,6.56821e-01,4.51444e+01,5.03126e+00,4.82182e-01,1.63679e+00,1.31153e+01
1.49577e+00,2.17780e+02,3.07914e-01,1.66282e+02,4.81520e-01,6.23106e-01,1.83999e+00,2.22791e+01,3.53157e+00,7.58641e+01,3.49973e-01,2.73550e+02,3.60813e+00,1.68161e+00,6.56348e-01,4.39893e+01,4.97599e+00,4.81459e-01,1.63351e+00,1.28169e+01
1.49490e+00,2.23278e+02,3.07518e-01,1.63685e+02,4.80630e-01,6.22377e-01,1.82906e+00,2.18201e+01,3.52930e+00,7.37841e+01,3.49006e-01,2.76450e+02,3.58100e+00,1.68111e+00,6.55866e-01,4.28821e+01,4.92431e+00,4.80718e-01,1.63038e+00,1.25300e+01
1.49400e+00,2.31280e+02,3.07110e-01,1.61241e+02,4.79740e-01,6.21680e-01,1.81859e+00,2.13762e+01,3.52723e+00,7.17886e+01,3.48097e-01,2.81143e+02,3.56124e+00,1.68058e+00,6.55378e-01,4.18079e+01,4.87606e+00,4.79954e-01,1.62742e+00,1.22543e+01
1.49311e+00,2.39844e+02,3.06701e-01,1.58882e+02,4.78865e-01,6.20988e-01,1.80856e+00,2.09475e+01,3.52533e+00,6.98744e+01,3.47243e-01,2.85766e+02,3.55094e+00,1.67998e+00,6.54886e-01,4.07606e+01,4.83107e+00,4.79186e-01,1.62459e+00,1.19893e+01
1.49217e+00,2.45007e+02,3.06306e-01,1.56463e+02,4.77986e-01,6.20311e-01,1.79895e+00,2.05336e+01,3.52357e+00,6.80370e+01,3.46441e-01,2.89038e+02,3.55161e+00,1.67928e+00,6.54395e-01,3.97426e+01,4.78917e+00,4.78394e-01,1.62183e+00,1.17348e+01
1.49120e+00,2.45724e+02,3.05904e-01,1.53900e+02,4.77115e-01,6.19637e-01,1.78978e+00,2.01342e+01,3.52193e+00,6.62741e+01,3.45689e-01,2.91102e+02,3.56484e+00,1.67853e+00,6.53899e-01,3.87576e+01,4.75017e+00,4.77581e-01,1.61919e+00,1.14904e+01
1.49022e+00,2.44023e+02,3.05483e-01,1.51229e+02,4.76243e-01,6.18978e-01,1.78101e+00,1.97483e+01,3.52033e+00,6.45805e+01,3.44974e-01,2.92339e+02,3.59186e+00,1.67773e+00,6.53404e-01,3.78067e+01,4.71399e+00,4.76764e-01,1.61654e+00,1.12554e+01
1.48928e+00,2.41290e+02,3.05040e-01,1.48501e+02,4.75356e-01,6.18335e-01,1.77263e+00,1.93760e+01,3.51884e+00,6.29548e+01,3.44297e-01,2.92547e+02,3.63310e+00,1.67690e+00,6.52907e-01,3.68893e+01,4.68052e+00,4.75941e-01,1.61401e+00,1.10296e+01
1.48839e+00,2.37480e+02,3.04606e-01,1.45730e+02,4.74457e-01,6.17710e-01,1.76462e+00,1.90175e+01,3.51727e+00,6.13934e+01,3.43665e-01,2.91212e+02,3.68725e+00,1.67600e+00,6.52400e-01,3.60017e+01,4.64950e+00,4.75106e-01,1.61153e+00,1.08124e+01
1.48747e+00,2.32923e+02,3.04184e-01,1.42949e+02,4.73556e-01,6.17084e-01,1.75699e+00,1.86712e+01,3.51575e+00,5.98942e+01,3.43066e-01,2.88623e+02,3.75144e+00,1.67506e+00,6.51888e-01,3.51396e+01,4.62092e+00,4.74262e-01,1.60918e+00,1.06036e+01
1.48655e+00,2.28045e+02,3.03738e-01,1.40185e+02,4.72651e-01,6.16464e-01,1.74971e+00,1.83368e+01,3.51419e+00,5.84542e+01,3.42505e-01,2.85958e+02,3.82207e+00,1.67403e+00,6.51374e-01,3.43010e+01,4.59463e+00,4.73416e-01,1.60682e+00,1.04027e+01
1.48558e+00,2.23119e+02,3.03266e-01,1.37439e+02,4.71720e-01,6.15845e-01,1.74277e+00,1.80143e+01,3.51258e+00,5.70706e+01,3.41972e-01,2.83998e+02,3.89579e+00,1.67294e+00,6.50852e-01,3.34839e+01,4.57043e+00,4.72561e-01,1.60459e+00,1.02091e+01
1.48459e+00,2.18389e+02,3.02782e-01,1.34700e+02,4.70799e-01,6.15234e-01,1.73615e+00,1.77026e+01,3.51093e+00,5.57412e+01,3.41459e-01,2.82387e+02,3.96985e+00,1.67182e+00,6.50326e-01,3.26886e+01,4.54824e+00,4.71688e-01,1.60233e+00,1.00228e+01
1.48352e+00,2.14197e+02,3.02290e-01,1.31973e+02,4.69893e-01,6.14624e-01,1.72983e+00,1.74016e+01,3.50922e+00,5.44637e+01,3.40967e-01,2.80611e+02,4.04218e+00,1.67066e+00,6.49790e-01,3.19158e+01,4.52783e+00,4.70806e-01,1.60016e+00,9.84364e+00
1.48237e+00,2.10459e+02,3.01809e-01,1.29264e+02,4.68982e-01,6.14009e-01,1.72380e+00,1.71109e+01,3.50746e+00,5.32364e+01,3.40498e-01,2.78635e+02,4.11113e+00,1.66938e+00,6.49250e-01,3.11662e+01,4.50915e+00,4.69906e-01,1.59796e+00,9.67129e+00
1.48114e+00,2.06807e+02,3.01348e-01,1.26572e+02,4.68076e-01,6.13388e-01,1.71806e+00,1.68299e+01,3.50561e+00,5.20559e+01,3.40051e-01,2.76499e+02,4.17553e+00,1.66806e+00,6.48706e-01,3.04405e+01,4.49205e+00,4.69003e-01,1.59585e+00,9.50559e+00
1.47985e+00,2.03499e+02,3.00871e-01,1.23914e+02,4.67171e-01,6.12775e-01,1.71260e+00,1.65577e+01,3.50367e+00,5.09210e+01,3.39617e-01,2.74472e+02,4.23497e+00,1.66666e+00,6.48160e-01,2.97381e+01,4.47641e+00,4.68098e-01,1.59367e+00,9.34606e+00
1.47853e+00,2.00556e+02,3.00375e-01,1.21347e+02,4.66262e-01,6.12170e-01,1.70739e+00,1.62949e+01,3.50164e+00,4.98297e+01,3.39196e-01,2.73522e+02,4.28974e+00,1.66526e+00,6.47608e-01,2.90595e+01,4.46214e+00,4.67187e-01,1.59161e+00,9.19298e+00
1.47719e+00,1.97866e+02,2.99870e-01,1.18944e+02,4.65337e-01,6.11567e-01,1.70243e+00,1.60403e+01,3.49947e+00,4.87811e+01,3.38792e-01,2.74490e+02,4.34067e+00,1.66379e+00,6.47054e-01,2.84038e+01,4.44915e+00,4.66262e-01,1.58946e+00,9.04596e+00
1.47590e+00,1.95489e+02,2.99368e-01,1.16727e+02,4.64421e-01,6.10964e-01,1.69770e+00,1.57940e+01,3.49726e+00,4.77725e+01,3.38400e-01,2.77151e+02,4.38840e+00,1.66229e+00,6.46491e-01,2.77703e+01,4.43735e+00,4.65330e-01,1.58743e+00,8.90465e+00
1.47464e+00,1.93300e+02,2.98857e-01,1.14643e+02,4.63508e-01,6.10357e-01,1.69319e+00,1.55557e+01,3.49495e+00,4.68025e+01,3.38019e-01,2.80913e+02,4.43320e+00,1.66074e+00,6.45919e-01,2.71576e+01,4.42668e+00,4.64402e-01,1.58532e+00,8.76901e+00
1.47349e+00,1.91150e+02,2.98329e-01,1.12602e+02,4.62575e-01,6.09757e-01,1.68889e+00,1.53248e+01,3.49253e+00,4.58685e+01,3.37648e-01,2.85232e+02,4.47463e+00,1.65915e+00,6.45348e-01,2.65647e+01,4.41697e+00,4.63468e-01,1.58331e+00,8.63890e+00
1.47243e+00,1.89162e+02,2.97791e-01,1.10545e+02,4.61646e-01,6.09160e-01,1.68478e+00,1.51017e+01,3.48998e+00,4.49698e+01,3.37283e-01,2.89136e+02,4.51152e+00,1.65753e+00,6.44768e-01,2.59907e+01,4.40821e+00,4.62530e-01,1.58123e+00,8.51396e+00
1.47152e+00,1.87337e+02,2.97231e-01,1.08455e+02,4.60720e-01,6.08560e-01,1.68085e+00,1.48855e+01,3.48731e+00,4.41048e+01,3.36928e-01,2.91529e+02,4.54256e+00,1.65589e+00,6.44184e-01,2.54346e+01,4.40027e+00,4.61588e-01,1.57924e+00,8.39411e+00
1.47076e+00,1.85470e+02,2.96672e-01,1.06350e+02,4.59797e-01,6.07954e-01,1.67707e+00,1.46762e+01,3.48456e+00,4.32726e+01,3.36579e-01,2.91869e+02,4.56629e+00,1.65419e+00,6.43596e-01,2.48956e+01,4.39302e+00,4.60638e-01,1.57717e+00,8.27924e+00
1.47016e+00,1.83494e+02,2.96130e-01,1.04270e+02,4.58880e-01,6.07337e-01,1.67347e+00,1.44738e+01,3.48170e+00,4.24718e+01,3.36234e-01,2.90348e+02,4.58152e+00,1.65246e+00,6.43007e-01,2.43733e+01,4.38639e+00,4.59682e-01,1.57513e+00,8.16920e+00
1.46972e+00,1.81492e+02,2.95577e-01,1.02245e+02,4.57977e-01,6.06723e-01,1.67004e+00,1.42776e+01,3.47875e+00,4.16996e+01,3.35889e-01,2.87492e+02,4.58760e+00,1.65068e+00,6.42410e-01,2.38666e+01,4.38036e+00,4.58718e-01,1.57304e+00,8.06354e+00
1.46946e+00,1.79365e+02,2.95013e-01,1.00294e+02,4.57072e-01,6.06116e-01,1.66675e+00,1.40877e+01,3.47570e+00,4.09561e+01,3.35545e-01,2.83719e+02,4.58421e+00,1.64890e+00,6.41816e-01,2.33752e+01,4.37477e+00,4.57757e-01,1.57102e+00,7.96263e+00
1.46938e+00,1.77135e+02,2.94457e-01,9.84104e+01,4.56150e-01,6.05514e-01,1.66359e+00,1.39037e+01,3.47251e+00,4.02407e+01,3.35207e-01,2.79301e+02,4.57160e+00,1.64714e+00,6.41218e-01,2.28985e+01,4.36970e+00,4.56783e-01,1.56892e+00,7.86585e+00
1.46945e+00,1.74982e+02,2.93917e-01,9.65659e+01,4.55225e-01,6.04912e-01,1.66058e+00,1.37259e+01,3.46924e+00,3.95506e+01,3.34871e-01,2.74463e+02,4.55034e+00,1.64543e+00,6.40613e-01,2.24363e+01,4.36507e+00,4.55802e-01,1.56692e+00,7.77334e+00
1.46965e+00,1.72853e+02,2.93373e-01,9.47443e+01,4.54303e-01,6.04297e-01,1.65770e+00,1.35536e+01,3.46588e+00,3.88854e+01,3.34538e-01,2.69426e+02,4.52141e+00,1.64375e+00,6.40005e-01,2.19879e+01,4.36084e+00,4.54833e-01,1.56486e+00,7.68490e+00
1.46995e+00,1.70578e+02,2.92817e-01,9.29443e+01,4.53337e-01,6.03681e-01,1.65492e+00,1.33867e+01,3.46243e+00,3.82445e+01,3.34209e-01,2.64376e+02,4.48593e+00,1.64205e+00,6.39388e-01,2.15530e+01,4.35693e+00,4.53874e-01,1.56281e+00,7.60038e+00
1.47025e+00,1.68189e+02,2.92242e-01,9.11760e+01,4.52376e-01,6.03070e-01,1.65224e+00,1.32254e+01,3.45888e+00,3.76265e+01,3.33882e-01,2.59481e+02,4.44505e+00,1.64036e+00,6.38768e-01,2.11309e+01,4.35331e+00,4.52908e-01,1.56074e+00,7.51973e+00
1.47052e+00,1.65858e+02,2.91645e-01,8.94571e+01,4.51453e-01,6.02459e-01,1.64965e+00,1.30691e+01,3.45522e+00,3.70303e+01,3.33564e-01,2.54854e+02,4.39999e+00,1.63868e+00,6.38142e-01,2.07212e+01,4.34990e+00,4.51931e-01,1.55867e+00,7.44285e+00
1.47064e+00,1.63742e+02,2.91052e-01,8.77979e+01,4.50547e-01,6.01837e-01,1.64714e+00,1.29179e+01,3.45151e+00,3.64552e+01,3.33246e-01,2.50500e+02,4.35183e+00,1.63700e+00,6.37509e-01,2.03236e+01,4.34667e+00,4.50941e-01,1.55662e+00,7.36956e+00
1.47058e+00,1.61819e+02,2.90471e-01,8.62012e+01,4.49649e-01,6.01206e-01,1.64472e+00,1.27716e+01,3.44769e+00,3.59003e+01,3.32925e-01,2.46360e+02,4.30156e+00,1.63525e+00,6.36872e-01,1.99379e+01,4.34364e+00,4.49947e-01,1.55457e+00,7.29998e+00
1.47026e+00,1.60073e+02,2.89887e-01,8.46524e+01,4.48742e-01,6.00585e-01,1.64240e+00,1.26299e+01,3.44377e+00,3.53642e+01,3.32600e-01,2.42414e+02,4.25015e+00,1.63344e+00,6.36235e-01,1.95632e+01,4.34069e+00,4.48964e-01,1.55248e+00,7.23371e+00
1.46964e+00,1.58475e+02,2.89291e-01,8.31376e+01,4.47830e-01,5.99968e-01,1.64016e+00,1.24925e+01,3.43978e+00,3.48470e+01,3.32271e-01,2.38727e+02,4.19835e+00,1.63157e+00,6.35599e-01,1.91996e+01,4.33785e+00,4.47994e-01,1.55044e+00,7.17108e+00
1.46867e+00,1.56873e+02,2.88694e-01,8.16408e+01,4.46909e-01,5.99359e-01,1.63797e+00,1.23597e+01,3.43564e+00,3.43474e+01,3.31946e-01,2.35348e+02,4.14681e+00,1.62962e+00,6.34957e-01,1.88468e+01,4.33509e+00,4.47015e-01,1.54835e+00,7.11165e+00
1.46734e+00,1.55132e+02,2.88104e-01,8.01618e+01,4.46001e-01,5.98743e-01,1.63585e+00,1.22314e+01,3.43147e+00,3.38645e+01,3.31623e-01,2.32285e+02,4.09600e+00,1.62763e+00,6.34309e-01,1.85042e+01,4.33244e+00,4.46020e-01,1.54630e+00,7.05564e+00
1.46561e+00,1.53258e+02,2.87521e-01,7.86995e+01,4.45098e-01,5.98119e-01,1.63381e+00,1.21072e+01,3.42723e+00,3.33983e+01,3.31299e-01,2.29522e+02,4.04645e+00,1.62552e+00,6.33654e-01,1.81717e+01,4.32989e+00,4.45036e-01,1.54421e+00,7.00285e+00
1.46355e+00,1.51331e+02,2.86929e-01,7.72590e+01,4.44182e-01,5.97490e-01,1.63182e+00,1.19870e+01,3.42292e+00,3.29480e+01,3.30972e-01,2.27007e+02,3.99850e+00,1.62331e+00,6.33004e-01,1.78488e+01,4.32736e+00,4.44061e-01,1.54212e+00,6.95318e+00
1.46108e+00,1.49400e+02,2.86321e-01,7.58443e+01,4.43251e-01,5.96868e-01,1.62986e+00,1.18705e+01,3.41852e+00,3.25121e+01,3.30647e-01,2.24684e+02,3.95239e+00,1.62098e+00,6.32346e-01,1.75352e+01,4.32486e+00,4.43079e-01,1.54008e+00,6.90667e+00
1.45834e+00,1.47469e+02,2.85718e-01,7.44587e+01,4.42351e-01,5.96250e-01,1.62795e+00,1.17581e+01,3.41405e+00,3.20906e+01,3.30328e-01,2.22479e+02,3.90838e+00,1.61858e+00,6.31678e-01,1.72307e+01,4.32233e+00,4.42085e-01,1.53797e+00,6.86316e+00
1.45530e+00,1.45550e+02,2.85116e-01,7.31043e+01,4.41466e-01,5.95616e-01,1.62608e+00,1.16493e+01,3.40956e+00,3.16830e+01,3.30009e-01,2.20332e+02,3.86658e+00,1.61613e+00,6.31018e-01,1.69350e+01,4.31982e+00,4.41086e-01,1.53596e+00,6.82273e+00
1.45207e+00,1.43652e+02,2.84510e-01,7.17830e+01,4.40576e-01,5.94975e-01,1.62424e+00,1.15443e+01,3.40496e+00,3.12889e+01,3.29691e-01,2.18175e+02,3.82707e+00,1.61360e+00,6.30359e-01,1.66478e+01,4.31729e+00,4.40086e-01,1.53390e+00,6.78534e+00
1.44865e+00,1.41744e+02,2.83905e-01,7.04933e+01,4.39689e-01,5.94341e-01,1.62245e+00,1.14426e+01,3.40031e+00,3.09069e+01,3.29372e-01,2.15948e+02,3.78990e+00,1.61101e+00,6.29697e-01,1.63687e+01,4.31470e+00,4.39089e-01,1.53181e+00,6.75077e+00
1.44520e+00,1.39822e+02,2.83292e-01,6.92387e+01,4.38799e-01,5.93713e-01,1.62070e+00,1.13440e+01,3.39561e+00,3.05372e+01,3.29050e-01,2.13648e+02,3.75513e+00,1.60833e+00,6.29041e-01,1.60975e+01,4.31205e+00,4.38107e-01,1.52976e+00,6.71946e+00
1.44165e+00,1.37957e+02,2.82691e-01,6.80158e+01,4.37917e-01,5.93090e-01,1.61897e+00,1.12494e+01,3.39079e+00,3.01790e+01,3.28728e-01,2.11292e+02,3.72260e+00,1.60564e+00,6.28374e-01,1.58342e+01,4.30935e+00,4.37121e-01,1.52765e+00,6.69110e+00
1.43809e+00,1.36245e+02,2.82089e-01,6.68260e+01,4.37030e-01,5.92467e-01,1.61729e+00,1.11576e+01,3.38595e+00,2.98324e+01,3.28408e-01,2.08897e+02,3.69232e+00,1.60294e+00,6.27705e-01,1.55784e+01,4.30663e+00,4.36126e-01,1.52560e+00,6.66606e+00
1.43456e+00,1.34683e+02,2.81496e-01,6.56696e+01,4.36135e-01,5.91837e-01,1.61563e+00,1.10689e+01,3.38105e+00,2.94969e+01,3.28085e-01,2.06480e+02,3.66418e+00,1.60022e+00,6.27038e-01,1.53298e+01,4.30394e+00,4.35153e-01,1.52352e+00,6.64420e+00
1.43112e+00,1.33147e+02,2.80902e-01,6.45451e+01,4.35224e-01,5.91207e-01,1.61398e+00,1.09833e+01,3.37609e+00,2.91713e+01,3.27762e-01,2.04064e+02,3.63806e+00,1.59746e+00,6.26365e-01,1.50882e+01,4.30116e+00,4.34195e-01,1.52143e+00,6.62557e+00
1.42773e+00,1.31537e+02,2.80291e-01,6.34526e+01,4.34324e-01,5.90577e-01,1.61234e+00,1.09006e+01,3.37108e+00,2.88556e+01,3.27439e-01,2.01664e+02,3.61387e+00,1.59469e+00,6.25687e-01,1.48533e+01,4.29833e+00,4.33233e-01,1.51936e+00,6.61015e+00
1.42442e+00,1.29849e+02,2.79669e-01,6.23931e+01,4.33435e-01,5.89948e-01,1.61070e+00,1.08208e+01,3.36603e+00,2.85500e+01,3.27118e-01,1.99266e+02,3.59146e+00,1.59193e+00,6.25002e-01,1.46250e+01,4.29540e+00,4.32259e-01,1.51725e+00,6.59779e+00
1.42117e+00,1.28135e+02,2.79057e-01,6.13665e+01,4.32568e-01,5.89308e-01,1.60908e+00,1.07438e+01,3.36095e+00,2.82532e+01,3.26800e-01,1.96869e+02,3.57070e+00,1.58920e+00,6.24318e-01,1.44030e+01,4.29239e+00,4.31277e-01,1.51521e+00,6.58821e+00
1.41805e+00,1.26419e+02,2.78456e-01,6.03723e+01,4.31705e-01,5.88664e-01,1.60748e+00,1.06696e+01,3.35581e+00,2.79656e+01,3.26480e-01,1.94490e+02,3.55141e+00,1.58646e+00,6.23636e-01,1.41872e+01,4.28934e+00,4.30287e-01,1.51315e+00,6.58124e+00
1.41501e+00,1.24680e+02,2.77859e-01,5.94073e+01,4.30833e-01,5.88026e-01,1.60589e+00,1.05978e+01,3.35062e+00,2.76862e+01,3.26157e-01,1.92180e+02,3.53356e+00,1.58369e+00,6.22951e-01,1.39772e+01,4.28621e+00,4.29297e-01,1.51106e+00,6.57613e+00
1.41206e+00,1.22902e+02,2.77246e-01,5.84723e+01,4.29957e-01,5.87397e-01,1.60432e+00,1.05287e+01,3.34538e+00,2.74151e+01,3.25831e-01,1.90000e+02,3.51688e+00,1.58091e+00,6.22271e-01,1.37732e+01,4.28296e+00,4.28325e-01,1.50901e+00,6.57264e+00
1.40923e+00,1.21086e+02,2.76642e-01,5.75626e+01,4.29087e-01,5.86776e-01,1.60274e+00,1.04622e+01,3.34011e+00,2.71522e+01,3.25508e-01,1.87979e+02,3.50136e+00,1.57815e+00,6.21581e-01,1.35750e+01,4.27963e+00,4.27348e-01,1.50692e+00,6.57021e+00
1.40647e+00,1.19249e+02,2.76043e-01,5.66748e+01,4.28224e-01,5.86152e-01,1.60118e+00,1.03980e+01,3.33479e+00,2.68972e+01,3.25189e-01,1.86115e+02,3.48684e+00,1.57539e+00,6.20888e-01,1.33822e+01,4.27625e+00,4.26361e-01,1.50489e+00,6.56832e+00
1.40378e+00,1.17417e+02,2.75438e-01,5.58086e+01,4.27351e-01,5.85520e-01,1.59962e+00,1.03361e+01,3.32942e+00,2.66493e+01,3.24864e-01,1.84352e+02,3.47329e+00,1.57265e+00,6.20192e-01,1.31947e+01,4.27284e+00,4.25391e-01,1.50284e+00,6.56652e+00
1.40117e+00,1.15604e+02,2.74834e-01,5.49621e+01,4.26484e-01,5.84884e-01,1.59807e+00,1.02766e+01,3.32402e+00,2.64090e+01,3.24536e-01,1.82626e+02,3.46057e+00,1.56992e+00,6.19489e-01,1.30124e+01,4.26934e+00,4.24440e-01,1.50077e+00,6.56462e+00
1.39859e+00,1.13817e+02,2.74226e-01,5.41344e+01,4.25602e-01,5.84258e-01,1.59652e+00,1.02192e+01,3.31860e+00,2.61756e+01,3.24214e-01,1.80870e+02,3.44861e+00,1.56719e+00,6.18792e-01,1.28351e+01,4.26577e+00,4.23485e-01,1.49874e+00,6.56235e+00
1.39604e+00,1.12055e+02,2.73617e-01,5.33257e+01,4.24721e-01,5.83635e-01,1.59495e+00,1.01639e+01,3.31312e+00,2.59486e+01,3.23897e-01,1.79060e+02,3.43731e+00,1.56448e+00,6.18090e-01,1.26628e+01,4.26217e+00,4.22518e-01,1.49664e+00,6.55968e+00
1.39353e+00,1.10322e+02,2.73016e-01,5.25362e+01,4.23872e-01,5.82992e-01,1.59339e+00,1.01108e+01,3.30763e+00,2.57284e+01,3.23578e-01,1.77196e+02,3.42660e+00,1.56178e+00,6.17384e-01,1.24951e+01,4.25847e+00,4.21550e-01,1.49461e+00,6.55682e+00
1.39104e+00,1.08626e+02,2.72421e-01,5.17664e+01,4.23015e-01,5.82349e-01,1.59183e+00,1.00599e+01,3.30209e+00,2.55149e+01,3.23255e-01,1.75297e+02,3.41644e+00,1.55907e+00,6.16685e-01,1.23322e+01,4.25472e+00,4.20580e-01,1.49258e+00,6.55405e+00
1.38859e+00,1.06974e+02,2.71821e-01,5.10154e+01,4.22151e-01,5.81707e-01,1.59028e+00,1.00106e+01,3.29653e+00,2.53071e+01,3.22927e-01,1.73376e+02,3.40678e+00,1.55633e+00,6.15989e-01,1.21735e+01,4.25089e+00,4.19615e-01,1.49052e+00,6.55170e+00
1.38618e+00,1.05372e+02,2.71203e-01,5.02853e+01,4.21300e-01,5.81072e-01,1.58874e+00,9.96329e+00,3.29092e+00,2.51052e+01,3.22598e-01,1.71445e+02,3.39755e+00,1.55357e+00,6.15298e-01,1.20195e+01,4.24698e+00,4.18669e-01,1.48849e+00,6.55037e+00
1.38375e+00,1.03817e+02,2.70607e-01,4.95770e+01,4.20469e-01,5.80445e-01,1.58718e+00,9.91787e+00,3.28527e+00,2.49097e+01,3.22273e-01,1.69507e+02,3.38870e+00,1.55082e+00,6.14605e-01,1.18698e+01,4.24299e+00,4.17721e-01,1.48640e+00,6.55051e+00
1.38139e+00,1.02307e+02,2.70026e-01,4.88895e+01,4.19641e-01,5.79808e-01,1.58565e+00,9.87431e+00,3.27960e+00,2.47193e+01,3.21950e-01,1.67570e+02,3.38024e+00,1.54806e+00,6.13901e-01,1.17242e+01,4.23894e+00,4.16757e-01,1.48436e+00,6.55277e+00
1.37902e+00,1.00842e+02,2.69434e-01,4.82241e+01,4.18786e-01,5.79168e-01,1.58411e+00,9.83247e+00,3.27390e+00,2.45347e+01,3.21624e-01,1.65635e+02,3.37206e+00,1.54530e+00,6.13199e-01,1.15827e+01,4.23490e+00,4.15807e-01,1.48234e+00,6.55769e+00
1.37666e+00,9.94191e+01,2.68836e-01,4.75810e+01,4.17938e-01,5.78529e-01,1.58255e+00,9.79218e+00,3.26817e+00,2.43554e+01,3.21294e-01,1.63717e+02,3.36416e+00,1.54255e+00,6.12500e-01,1.14453e+01,4.23083e+00,4.14881e-01,1.48028e+00,6.56565e+00
1.37430e+00,9.80284e+01,2.68240e-01,4.69600e+01,4.17101e-01,5.77893e-01,1.58100e+00,9.75344e+00,3.26241e+00,2.41811e+01,3.20967e-01,1.61830e+02,3.35652e+00,1.53978e+00,6.11795e-01,1.13118e+01,4.22671e+00,4.13950e-01,1.47829e+00,6.57692e+00
1.37196e+00,9.66543e+01,2.67637e-01,4.63595e+01,4.16283e-01,5.77266e-01,1.57942e+00,9.71633e+00,3.25665e+00,2.40120e+01,3.20649e-01,1.60006e+02,3.34907e+00,1.53702e+00,6.11087e-01,1.11821e+01,4.22255e+00,4.13011e-01,1.47622e+00,6.59168e+00
1.36958e+00,9.52881e+01,2.67038e-01,4.57782e+01,4.15473e-01,5.76624e-01,1.57785e+00,9.68066e+00,3.25087e+00,2.38479e+01,3.20328e-01,1.58252e+02,3.34179e+00,1.53426e+00,6.10385e-01,1.10562e+01,4.21835e+00,4.12067e-01,1.47422e+00,6.60984e+00
1.36721e+00,9.39289e+01,2.66447e-01,4.52146e+01,4.14646e-01,5.75979e-01,1.57627e+00,9.64654e+00,3.24509e+00,2.36885e+01,3.20003e-01,1.56569e+02,3.33467e+00,1.53151e+00,6.09681e-01,1.09340e+01,4.21415e+00,4.11116e-01,1.47224e+00,6.63127e+00
1.36486e+00,9.25794e+01,2.65866e-01,4.46653e+01,4.13811e-01,5.75337e-01,1.57470e+00,9.61351e+00,3.23927e+00,2.35336e+01,3.19677e-01,1.54932e+02,3.32768e+00,1.52873e+00,6.08979e-01,1.08152e+01,4.20994e+00,4.10173e-01,1.47020e+00,6.65537e+00
1.36252e+00,9.12437e+01,2.65265e-01,4.41296e+01,4.12979e-01,5.74703e-01,1.57313e+00,9.58203e+00,3.23343e+00,2.33833e+01,3.19346e-01,1.53311e+02,3.32082e+00,1.52594e+00,6.08280e-01,1.07002e+01,4.20570e+00,4.09250e-01,1.46822e+00,6.68181e+00
1.36015e+00,8.99234e+01,2.64671e-01,4.36069e+01,4.12158e-01,5.74078e-01,1.57155e+00,9.55170e+00,3.22757e+00,2.32375e+01,3.19014e-01,1.51685e+02,3.31408e+00,1.52315e+00,6.07578e-01,1.05884e+01,4.20144e+00,4.08323e-01,1.46618e+00,6.70990e+00
1.35783e+00,8.86170e+01,2.64085e-01,4.30960e+01,4.11330e-01,5.73451e-01,1.56999e+00,9.52256e+00,3.22169e+00,2.30957e+01,3.18686e-01,1.50047e+02,3.30743e+00,1.52035e+00,6.06873e-01,1.04800e+01,4.19722e+00,4.07388e-01,1.46418e+00,6.73895e+00
1.35549e+00,8.73245e+01,2.63507e-01,4.25964e+01,4.10505e-01,5.72821e-01,1.56842e+00,9.49464e+00,3.21580e+00,2.29585e+01,3.18358e-01,1.48393e+02,3.30087e+00,1.51756e+00,6.06161e-01,1.03750e+01,4.19304e+00,4.06471e-01,1.46220e+00,6.76832e+00
1.35315e+00,8.60466e+01,2.62920e-01,4.21079e+01,4.09672e-01,5.72190e-01,1.56685e+00,9.46787e+00,3.20992e+00,2.28249e+01,3.18030e-01,1.46725e+02,3.29438e+00,1.51480e+00,6.05454e-01,1.02732e+01,4.18888e+00,4.05569e-01,1.46017e+00,6.79725e+00
1.35083e+00,8.47854e+01,2.62320e-01,4.16302e+01,4.08839e-01,5.71559e-01,1.56526e+00,9.44210e+00,3.20400e+00,2.26952e+01,3.17710e-01,1.45041e+02,3.28797e+00,1.51201e+00,6.04745e-01,1.01746e+01,4.18477e+00,4.04662e-01,1.45822e+00,6.82513e+00
1.34850e+00,8.35445e+01,2.61730e-01,4.11632e+01,4.08033e-01,5.70930e-01,1.56366e+00,9.41727e+00,3.19810e+00,2.25696e+01,3.17393e-01,1.43340e+02,3.28161e+00,1.50924e+00,6.04031e-01,1.00791e+01,4.18066e+00,4.03744e-01,1.45620e+00,6.85138e+00
1.34616e+00,8.23246e+01,2.61154e-01,4.07063e+01,4.07250e-01,5.70298e-01,1.56205e+00,9.39337e+00,3.19222e+00,2.24474e+01,3.17076e-01,1.41628e+02,3.27530e+00,1.50647e+00,6.03325e-01,9.98672e+00,4.17655e+00,4.02824e-01,1.45422e+00,6.87539e+00
1.34381e+00,8.11318e+01,2.60597e-01,4.02591e+01,4.06445e-01,5.69664e-01,1.56045e+00,9.37047e+00,3.18634e+00,2.23291e+01,3.17375e-01,1.39912e+02,3.26904e+00,1.50370e+00,6.02620e-01,9.89733e+00,4.17248e+00,4.01898e-01,1.45229e+00,6.89685e+00
1.34146e+00,7.99656e+01,2.60035e-01,3.98202e+01,4.05636e-01,5.69035e-01,1.55885e+00,9.34814e+00,3.18046e+00,2.22140e+01,3.17830e-01,1.38202e+02,3.26281e+00,1.50087e+00,6.01915e-01,9.81073e+00,4.16840e+00,4.00973e-01,1.45031e+00,6.91535e+00
1.33913e+00,7.88254e+01,2.59455e-01,3.93902e+01,4.04838e-01,5.68411e-01,1.55726e+00,9.32689e+00,3.17455e+00,2.21032e+01,3.18314e-01,1.36506e+02,3.25663e+00,1.49805e+00,6.01217e-01,9.72737e+00,4.16428e+00,4.00061e-01,1.45051e+00,6.93056e+00
1.33677e+00,7.77120e+01,2.58879e-01,3.89678e+01,4.04055e-01,5.67796e-01,1.55565e+00,9.30638e+00,3.17188e+00,2.19950e+01,3.18556e-01,1.34831e+02,3.25051e+00,1.49522e+00,6.00515e-01,9.64782e+00,4.16363e+00,3.99168e-01,1.45310e+00,6.94238e+00
1.33445e+00,7.66257e+01,2.58322e-01,3.85533e+01,4.03261e-01,5.67174e-01,1.55409e+00,9.28934e+00,3.16984e+00,2.18909e+01,3.18636e-01,1.33181e+02,3.24440e+00,1.49239e+00,5.99805e-01,9.57198e+00,4.16325e+00,3.98919e-01,1.45715e+00,6.95061e+00
1.33211e+00,7.55661e+01,2.57761e-01,3.81469e+01,4.03660e-01,5.66552e-01,1.55257e+00,9.27442e+00,3.16809e+00,2.17893e+01,3.18642e-01,1.31558e+02,3.23834e+00,1.48958e+00,5.99099e-01,9.49973e+00,4.16239e+00,3.99463e-01,1.46839e+00,6.95529e+00
1.32977e+00,7.45316e+01,2.57194e-01,3.77490e+01,4.04139e-01,5.65939e-01,1.55110e+00,9.25909e+00,3.16722e+00,2.16912e+01,3.18594e-01,1.29966e+02,3.23229e+00,1.48677e+00,5.98397e-01,9.43155e+00,4.16090e+00,3.99277e-01,1.48051e+00,6.95632e+00
1.32743e+00,7.35190e+01,2.56734e-01,3.73606e+01,4.04534e-01,5.67445e-01,1.55059e+00,9.24417e+00,3.16674e+00,2.15955e+01,3.19602e-01,1.28403e+02,3.22632e+00,1.48399e+00,5.98170e-01,9.36674e+00,4.16644e+00,3.99441e-01,1.49574e+00,6.95372e+00
1.32509e+00,7.25241e+01,2.56755e-01,3.69868e+01,4.05094e-01,5.68729e-01,1.54998e+00,9.23000e+00,3.16644e+00,2.15027e+01,3.21233e-01,1.26873e+02,3.22066e+00,1.48125e+00,5.97842e-01,9.30573e+00,4.17079e+00,4.05357e-01,1.51013e+00,6.94877e+00
1.32654e+00,7.15619e+01,2.58799e-01,3.66218e+01,4.05498e-01,5.70388e-01,1.54915e+00,9.21690e+00,3.17015e+00,2.14129e+01,3.23144e-01,1.25377e+02,3.21505e+00,1.47973e+00,5.97513e-01,9.24831e+00,4.17157e+00,4.11701e-01,1.52501e+00,6.94048e+00
1.32903e+00,7.06262e+01,2.62226e-01,3.62635e+01,4.05800e-01,5.71518e-01,1.54800e+00,9.20609e+00,3.18172e+00,2.13255e+01,3.24555e-01,1.23920e+02,3.20947e+00,1.47938e+00,5.97264e-01,9.19460e+00,4.16897e+00,4.18318e-01,1.54088e+00,6.93067e+00
1.33157e+00,6.96799e+01,2.66449e-01,3.59126e+01,4.06043e-01,5.72267e-01,1.54669e+00,9.19626e+00,3.20462e+00,2.12404e+01,3.25633e-01,1.22494e+02,3.20383e+00,1.48067e+00,5.98149e-01,9.14449e+00,4.16449e+00,4.31095e-01,1.55915e+00,6.91847e+00
1.33626e+00,6.87307e+01,2.70689e-01,3.55709e+01,4.06199e-01,5.72768e-01,1.54514e+00,9.18645e+00,3.23754e+00,2.11583e+01,3.26443e-01,1.21102e+02,3.19814e+00,1.48460e+00,5.98730e-01,9.09795e+00,4.15966e+00,4.48514e-01,1.58131e+00,6.90308e+00
1.34927e+00,6.78023e+01,2.75154e-01,3.52376e+01,4.06226e-01,5.73102e-01,1.54382e+00,9.17680e+00,3.28089e+00,2.10782e+01,3.26975e-01,1.19745e+02,3.19249e+00,1.49151e+00,5.99393e-01,9.05392e+00,4.15491e+00,4.64797e-01,1.60779e+00,6.88436e+00
1.37978e+00,6.68912e+01,2.79856e-01,3.49126e+01,4.06068e-01,5.73350e-01,1.54286e+00,9.16768e+00,3.33704e+00,2.10011e+01,3.27266e-01,1.18421e+02,3.18696e+00,1.50103e+00,6.00456e-01,9.01242e+00,4.15047e+00,4.75534e-01,1.63897e+00,6.86273e+00
1.43316e+00,6.59964e+01,2.84153e-01,3.45951e+01,4.05705e-01,5.73499e-01,1.54221e+00,9.15920e+00,3.40722e+00,2.09262e+01,3.27393e-01,1.17127e+02,3.18160e+00,1.51388e+00,6.01905e-01,8.97252e+00,4.14652e+00,4.79683e-01,1.67404e+00,6.83865e+00
1.50526e+00,6.51193e+01,2.87064e-01,3.42855e+01,4.05187e-01,5.73516e-01,1.54210e+00,9.15126e+00,3.48893e+00,2.08538e+01,3.27413e-01,1.15858e+02,3.17646e+00,1.53250e+00,6.03719e-01,8.93398e+00,4.14289e+00,4.78608e-01,1.71070e+00,6.81285e+00
1.58428e+00,6.42595e+01,2.87917e-01,3.39851e+01,4.04474e-01,5.73386e-01,1.54259e+00,9.14358e+00,3.57693e+00,2.07838e+01,3.27360e-01,1.14605e+02,3.17159e+00,1.55933e+00,6.05828e-01,8.89611e+00,4.13944e+00,4.74270e-01,1.74595e+00,6.78560e+00
1.65738e+00,6.34171e+01,2.86595e-01,3.36949e+01,4.03664e-01,5.73113e-01,1.54375e+00,9.13622e+00,3.66455e+00,2.07157e+01,3.27249e-01,1.13367e+02,3.16702e+00,1.59401e+00,6.08272e-01,8.85913e+00,4.13586e+00,4.68011e-01,1.77718e+00,6.75726e+00
1.71711e+00,6.25925e+01,2.83582e-01,3.34163e+01,4.02889e-01,5.72709e-01,1.54525e+00,9.12941e+00,3.74504e+00,2.06500e+01,3.27101e-01,1.12139e+02,3.16273e+00,1.63248e+00,6.11064e-01,8.82339e+00,4.13187e+00,4.60551e-01,1.80275e+00,6.72794e+00
1.76307e+00,6.17856e+01,2.79379e-01,3.31514e+01,4.02254e-01,5.72202e-01,1.54673e+00,9.12360e+00,3.81302e+00,2.05864e+01,3.26950e-01,1.10920e+02,3.15869e+00,1.66873e+00,6.14197e-01,8.79021e+00,4.12739e+00,4.52432e-01,1.82224e+00,6.69778e+00
1.79980e+00,6.09960e+01,2.74739e-01,3.29028e+01,4.01826e-01,5.71634e-01,1.54768e+00,9.11898e+00,3.86630e+00,2.05249e+01,3.26827e-01,1.09711e+02,3.15492e+00,1.69794e+00,6.17636e-01,8.76026e+00,4.12242e+00,4.44058e-01,1.83639e+00,6.66698e+00
1.83202e+00,6.02245e+01,2.70116e-01,3.26753e+01,4.01657e-01,5.70989e-01,1.54783e+00,9.11580e+00,3.90572e+00,2.04659e+01,3.26749e-01,1.08517e+02,3.15136e+00,1.71810e+00,6.21408e-01,8.73462e+00,4.11678e+00,4.35886e-01,1.84628e+00,6.63559e+00
1.86111e+00,5.94705e+01,2.65819e-01,3.24746e+01,4.01779e-01,5.70290e-01,1.54707e+00,9.11374e+00,3.93492e+00,2.04087e+01,3.26733e-01,1.07348e+02,3.14799e+00,1.72983e+00,6.25541e-01,8.71322e+00,4.11031e+00,4.28259e-01,1.85337e+00,6.60374e+00
1.88399e+00,5.87332e+01,2.62030e-01,3.23072e+01,4.02115e-01,5.69546e-01,1.54550e+00,9.11264e+00,3.95865e+00,2.03538e+01,3.26779e-01,1.06209e+02,3.14487e+00,1.73537e+00,6.30121e-01,8.69602e+00,4.10307e+00,4.21402e-01,1.85914e+00,6.57189e+00
1.89594e+00,5.80123e+01,2.58806e-01,3.21796e+01,4.02628e-01,5.68810e-01,1.54329e+00,9.11210e+00,3.98080e+00,2.03011e+01,3.26897e-01,1.05110e+02,3.14204e+00,1.73713e+00,6.35240e-01,8.68166e+00,4.09501e+00,4.15478e-01,1.86448e+00,6.54020e+00
1.89385e+00,5.73068e+01,2.56100e-01,3.20977e+01,4.03294e-01,5.68084e-01,1.54066e+00,9.11190e+00,4.00408e+00,2.02503e+01,3.27071e-01,1.04047e+02,3.13948e+00,1.73684e+00,6.40993e-01,8.66950e+00,4.08631e+00,4.10430e-01,1.86979e+00,6.50887e+00
1.87769e+00,5.66168e+01,2.53912e-01,3.20661e+01,4.03898e-01,5.67414e-01,1.53786e+00,9.11188e+00,4.02967e+00,2.02018e+01,3.27286e-01,1.03017e+02,3.13727e+00,1.73555e+00,6.47418e-01,8.65829e+00,4.07707e+00,4.06220e-01,1.87536e+00,6.47827e+00
1.85012e+00,5.59409e+01,2.52086e-01,3.20872e+01,4.04340e-01,5.66822e-01,1.53508e+00,9.11217e+00,4.05693e+00,2.01553e+01,3.27520e-01,1.02005e+02,3.13551e+00,1.73349e+00,6.54532e-01,8.64749e+00,4.06748e+00,4.02758e-01,1.88088e+00,6.44845e+00
1.81477e+00,5.52794e+01,2.50609e-01,3.21597e+01,4.04560e-01,5.66327e-01,1.53242e+00,9.11279e+00,4.08410e+00,2.01113e+01,3.27741e-01,1.01001e+02,3.13415e+00,1.73049e+00,6.62286e-01,8.63655e+00,4.05771e+00,3.99912e-01,1.88594e+00,6.41963e+00
1.77510e+00,5.46313e+01,2.49413e-01,3.22758e+01,4.04460e-01,5.65956e-01,1.52999e+00,9.11397e+00,4.10834e+00,2.00701e+01,3.27910e-01,9.99956e+01,3.13318e+00,1.72615e+00,6.70597e-01,8.62573e+00,4.04789e+00,3.97589e-01,1.89035e+00,6.39204e+00
1.73398e+00,5.39961e+01,2.48408e-01,3.24190e+01,4.04017e-01,5.65707e-01,1.52782e+00,9.11533e+00,4.12704e+00,2.00320e+01,3.28009e-01,9.89841e+01,3.13263e+00,1.72002e+00,6.79335e-01,8.61509e+00,4.03810e+00,3.95664e-01,1.89397e+00,6.36562e+00
1.69337e+00,5.33745e+01,2.47561e-01,3.25694e+01,4.03177e-01,5.65600e-01,1.52593e+00,9.11741e+00,4.13779e+00,1.99978e+01,3.28011e-01,9.79679e+01,3.13241e+00,1.71172e+00,6.88379e-01,8.60510e+00,4.02847e+00,3.94057e-01,1.89660e+00,6.34064e+00
1.65446e+00,5.27659e+01,2.46853e-01,3.27054e+01,4.01958e-01,5.65653e-01,1.52432e+00,9.11983e+00,4.13898e+00,1.99681e+01,3.27902e-01,9.69506e+01,3.13250e+00,1.70110e+00,6.97529e-01,8.59620e+00,4.01901e+00,3.92709e-01,1.89826e+00,6.31687e+00
1.61794e+00,5.21698e+01,2.46226e-01,3.28103e+01,4.00353e-01,5.65856e-01,1.52298e+00,9.12248e+00,4.12991e+00,1.99442e+01,3.27695e-01,9.59360e+01,3.13284e+00,1.68822e+00,7.06551e-01,8.58865e+00,4.00977e+00,3.91498e-01,1.89870e+00,6.29444e+00
1.58408e+00,5.15863e+01,2.45660e-01,3.28744e+01,3.98415e-01,5.66257e-01,1.52187e+00,9.12525e+00,4.11111e+00,1.99275e+01,3.27398e-01,9.49299e+01,3.13338e+00,1.67329e+00,7.15195e-01,8.58262e+00,4.00076e+00,3.90404e-01,1.89812e+00,6.27306e+00
1.55293e+00,5.10150e+01,2.45119e-01,3.28943e+01,3.96283e-01,5.66839e-01,1.52096e+00,9.12803e+00,4.08371e+00,1.99185e+01,3.27031e-01,9.39351e+01,3.13400e+00,1.65678e+00,7.23213e-01,8.57836e+00,3.99193e+00,3.89329e-01,1.89651e+00,6.25262e+00
1.52443e+00,5.04561e+01,2.44592e-01,3.28712e+01,3.94020e-01,5.67611e-01,1.52027e+00,9.13050e+00,4.04917e+00,1.99187e+01,3.26633e-01,9.29531e+01,3.13466e+00,1.63919e+00,7.30392e-01,8.57588e+00,3.98324e+00,3.88286e-01,1.89387e+00,6.23289e+00
1.49836e+00,4.99098e+01,2.44069e-01,3.28092e+01,3.91688e-01,5.68540e-01,1.51976e+00,9.13270e+00,4.00940e+00,1.99290e+01,3.26235e-01,9.19871e+01,3.13524e+00,1.62111e+00,7.36575e-01,8.57523e+00,3.97477e+00,3.87218e-01,1.89029e+00,6.21354e+00
1.47461e+00,4.93756e+01,2.43552e-01,3.27133e+01,3.89412e-01,5.69601e-01,1.51945e+00,9.13441e+00,3.96619e+00,1.99493e+01,3.25863e-01,9.10374e+01,3.13563e+00,1.60309e+00,7.41677e-01,8.57642e+00,3.96647e+00,3.86116e-01,1.88581e+00,6.19432e+00
1.45298e+00,4.88540e+01,2.43063e-01,3.25882e+01,3.87222e-01,5.70752e-01,1.51936e+00,9.13555e+00,3.92102e+00,1.99799e+01,3.25542e-01,9.01049e+01,3.13568e+00,1.58560e+00,7.45668e-01,8.57956e+00,3.95833e+00,3.84981e-01,1.88085e+00,6.17506e+00
1.43329e+00,4.83445e+01,2.42576e-01,3.24386e+01,3.85162e-01,5.71938e-01,1.51947e+00,9.13588e+00,3.87520e+00,2.00193e+01,3.25275e-01,8.91894e+01,3.13524e+00,1.56901e+00,7.48593e-01,8.58443e+00,3.95029e+00,3.83805e-01,1.87559e+00,6.15557e+00
1.41550e+00,4.78479e+01,2.42098e-01,3.22677e+01,3.83270e-01,5.73124e-01,1.51981e+00,9.13567e+00,3.82966e+00,2.00664e+01,3.25070e-01,8.82912e+01,3.13417e+00,1.55358e+00,7.50527e-01,8.59121e+00,3.94232e+00,3.82583e-01,1.87034e+00,6.13588e+00
1.39939e+00,4.73643e+01,2.41612e-01,3.20790e+01,3.81520e-01,5.74241e-01,1.52039e+00,9.13460e+00,3.78490e+00,2.01181e+01,3.24930e-01,8.74126e+01,3.13234e+00,1.53958e+00,7.51553e-01,8.59981e+00,3.93444e+00,3.81331e-01,1.86525e+00,6.11592e+00
1.38487e+00,4.68930e+01,2.41139e-01,3.18746e+01,3.79865e-01,5.75260e-01,1.52121e+00,9.13269e+00,3.74149e+00,2.01726e+01,3.24850e-01,8.65517e+01,3.12960e+00,1.52702e+00,7.51803e-01,8.60994e+00,3.92664e+00,3.80028e-01,1.86082e+00,6.09588e+00
1.37179e+00,4.64344e+01,2.40667e-01,3.16567e+01,3.78330e-01,5.76146e-01,1.52230e+00,9.13012e+00,3.69949e+00,2.02262e+01,3.24799e-01,8.57114e+01,3.12590e+00,1.51596e+00,7.51396e-01,8.62148e+00,3.91901e+00,3.78731e-01,1.85701e+00,6.07600e+00
1.36011e+00,4.59882e+01,2.40198e-01,3.14267e+01,3.76955e-01,5.76899e-01,1.52363e+00,9.12691e+00,3.65895e+00,2.02761e+01,3.24765e-01,8.48893e+01,3.12124e+00,1.50636e+00,7.50421e-01,8.63411e+00,3.91145e+00,3.77454e-01,1.85406e+00,6.05653e+00
1.34961e+00,4.55543e+01,2.39721e-01,3.11865e+01,3.75695e-01,5.77514e-01,1.52520e+00,9.12280e+00,3.61984e+00,2.03198e+01,3.24724e-01,8.40867e+01,3.11562e+00,1.49811e+00,7.48965e-01,8.64740e+00,3.90401e+00,3.76207e-01,1.85187e+00,6.03779e+00
1.34021e+00,4.51322e+01,2.39236e-01,3.09375e+01,3.74525e-01,5.78012e-01,1.52698e+00,9.11810e+00,3.58228e+00,2.03556e+01,3.24658e-01,8.33045e+01,3.10908e+00,1.49105e+00,7.47103e-01,8.66108e+00,3.89675e+00,3.74996e-01,1.85037e+00,6.02005e+00
1.33176e+00,4.47209e+01,2.38747e-01,3.06813e+01,3.73441e-01,5.78403e-01,1.52896e+00,9.11298e+00,3.54624e+00,2.03822e+01,3.24553e-01,8.25414e+01,3.10174e+00,1.48501e+00,7.44864e-01,8.67477e+00,3.88973e+00,3.73838e-01,1.84934e+00,6.00356e+00
1.32423e+00,4.43200e+01,2.38256e-01,3.04193e+01,3.72468e-01,5.78740e-01,1.53111e+00,9.10750e+00,3.51164e+00,2.03984e+01,3.24395e-01,8.17988e+01,3.09367e+00,1.47980e+00,7.42270e-01,8.68800e+00,3.88300e+00,3.72736e-01,1.84849e+00,5.98856e+00
1.31745e+00,4.39289e+01,2.37768e-01,3.01534e+01,3.71546e-01,5.79074e-01,1.53344e+00,9.10192e+00,3.47841e+00,2.04048e+01,3.24178e-01,8.10750e+01,3.08507e+00,1.47521e+00,7.39356e-01,8.70042e+00,3.87670e+00,3.71685e-01,1.84751e+00,5.97502e+00
1.31136e+00,4.35466e+01,2.37284e-01,2.98849e+01,3.70710e-01,5.79413e-01,1.53588e+00,9.09631e+00,3.44666e+00,2.04013e+01,3.23893e-01,8.03705e+01,3.07605e+00,1.47105e+00,7.36119e-01,8.71173e+00,3.87088e+00,3.70677e-01,1.84601e+00,5.96296e+00
1.30585e+00,4.31729e+01,2.36803e-01,2.96154e+01,3.69892e-01,5.79811e-01,1.53843e+00,9.09101e+00,3.41655e+00,2.03886e+01,3.23536e-01,7.96867e+01,3.06672e+00,1.46719e+00,7.32564e-01,8.72165e+00,3.86580e+00,3.69682e-01,1.84382e+00,5.95227e+00
1.30086e+00,4.28066e+01,2.36339e-01,2.93498e+01,3.69078e-01,5.81195e-01,1.54199e+00,9.08604e+00,3.38800e+00,2.03698e+01,3.23123e-01,7.90237e+01,3.05722e+00,1.46344e+00,7.28703e-01,8.72999e+00,3.86173e+00,3.68720e-01,1.84101e+00,5.94273e+00
1.29631e+00,4.24471e+01,2.35875e-01,2.90864e+01,3.68288e-01,5.83949e-01,1.54503e+00,9.08475e+00,3.36103e+00,2.03441e+01,3.22987e-01,7.83791e+01,3.04766e+00,1.45969e+00,7.24634e-01,8.73648e+00,3.85896e+00,3.67781e-01,1.83768e+00,5.93407e+00
1.29219e+00,4.20938e+01,2.35405e-01,2.88320e+01,3.67537e-01,5.88017e-01,1.54865e+00,9.09188e+00,3.33588e+00,2.03141e+01,3.22862e-01,7.77547e+01,3.03814e+00,1.45591e+00,7.20496e-01,8.74107e+00,3.85913e+00,3.66841e-01,1.83362e+00,5.92614e+00
1.28836e+00,4.17470e+01,2.34930e-01,2.85851e+01,3.66795e-01,5.92460e-01,1.55200e+00,9.10639e+00,3.31248e+00,2.02807e+01,3.22839e-01,7.71491e+01,3.02874e+00,1.45201e+00,7.16257e-01,8.74359e+00,3.86081e+00,3.65960e-01,1.82891e+00,5.91874e+00
1.28484e+00,4.14056e+01,2.34436e-01,2.83487e+01,3.66071e-01,5.96871e-01,1.55530e+00,9.12903e+00,3.29078e+00,2.02446e+01,3.22843e-01,7.65620e+01,3.01950e+00,1.44797e+00,7.11877e-01,8.74416e+00,3.86468e+00,3.65089e-01,1.82383e+00,5.91175e+00
1.28151e+00,4.10691e+01,2.33939e-01,2.81274e+01,3.65367e-01,6.02357e-01,1.55894e+00,9.15804e+00,3.27084e+00,2.02069e+01,3.22825e-01,7.59944e+01,3.01050e+00,1.44379e+00,7.07364e-01,8.74258e+00,3.87103e+00,3.64249e-01,1.81867e+00,5.90499e+00
1.27839e+00,4.07375e+01,2.33464e-01,2.79233e+01,3.64693e-01,6.11856e-01,1.56348e+00,9.19136e+00,3.25265e+00,2.01683e+01,3.22780e-01,7.54429e+01,3.00170e+00,1.43948e+00,7.02697e-01,8.73898e+00,3.87986e+00,3.63432e-01,1.81349e+00,5.89840e+00
1.27547e+00,4.04110e+01,2.32996e-01,2.77388e+01,3.64032e-01,6.34297e-01,1.56977e+00,9.22822e+00,3.23601e+00,2.01299e+01,3.22755e-01,7.49069e+01,2.99315e+00,1.43511e+00,6.97869e-01,8.73341e+00,3.89130e+00,3.62625e-01,1.80794e+00,5.89185e+00
1.27263e+00,4.00899e+01,2.32518e-01,2.75778e+01,3.63416e-01,6.79718e-01,1.57875e+00,9.26651e+00,3.22094e+00,2.00919e+01,3.22806e-01,7.43848e+01,2.98484e+00,1.43066e+00,6.92899e-01,8.72599e+00,3.90503e+00,3.61818e-01,1.80150e+00,5.88530e+00
1.26996e+00,3.97745e+01,2.32044e-01,2.74372e+01,3.62827e-01,7.43895e-01,1.59117e+00,9.30422e+00,3.20738e+00,2.00547e+01,3.22982e-01,7.38762e+01,2.97675e+00,1.42626e+00,6.87865e-01,8.71674e+00,3.92075e+00,3.61015e-01,1.79346e+00,5.87863e+00
1.26738e+00,3.94650e+01,2.31592e-01,2.73076e+01,3.62243e-01,8.21607e-01,1.60686e+00,9.34134e+00,3.19500e+00,2.00185e+01,3.23329e-01,7.33788e+01,2.96881e+00,1.42188e+00,6.82851e-01,8.70585e+00,3.93825e+00,3.60227e-01,1.78373e+00,5.87183e+00
1.26487e+00,3.91620e+01,2.31131e-01,2.71802e+01,3.61666e-01,8.97875e-01,1.62434e+00,9.38013e+00,3.18388e+00,1.99834e+01,3.23813e-01,7.28896e+01,2.96107e+00,1.41758e+00,6.77945e-01,8.69330e+00,3.95734e+00,3.59445e-01,1.77227e+00,5.86475e+00
1.26250e+00,3.88665e+01,2.30651e-01,2.70546e+01,3.61152e-01,9.50354e-01,1.64114e+00,9.42341e+00,3.17379e+00,1.99495e+01,3.24384e-01,7.24095e+01,2.95351e+00,1.41343e+00,6.73200e-01,8.67929e+00,3.97787e+00,3.58648e-01,1.75949e+00,5.85732e+00
1.26020e+00,3.85796e+01,2.30167e-01,2.69402e+01,3.60641e-01,9.73638e-01,1.65491e+00,9.47318e+00,3.16467e+00,1.99168e+01,3.24973e-01,7.19353e+01,2.94605e+00,1.40941e+00,6.68680e-01,8.66388e+00,3.99974e+00,3.57846e-01,1.74574e+00,5.84952e+00
1.25793e+00,3.83026e+01,2.29686e-01,2.68505e+01,3.60134e-01,9.72971e-01,1.66416e+00,9.53012e+00,3.15639e+00,1.98852e+01,3.25559e-01,7.14664e+01,2.93870e+00,1.40553e+00,6.64467e-01,8.64717e+00,4.02288e+00,3.57064e-01,1.73146e+00,5.84116e+00
1.25569e+00,3.80370e+01,2.29198e-01,2.67956e+01,3.59557e-01,9.58062e-01,1.66863e+00,9.59311e+00,3.14875e+00,1.98544e+01,3.26126e-01,7.10038e+01,2.93143e+00,1.40180e+00,6.60654e-01,8.62923e+00,4.04737e+00,3.56295e-01,1.71719e+00,5.83228e+00
1.25352e+00,3.77847e+01,2.28719e-01,2.67769e+01,3.58993e-01,9.38969e-01,1.66917e+00,9.65928e+00,3.14182e+00,1.98244e+01,3.26670e-01,7.05459e+01,2.92421e+00,1.39819e+00,6.57380e-01,8.61012e+00,4.07337e+00,3.55518e-01,1.70315e+00,5.82279e+00
1.25138e+00,3.75476e+01,2.28249e-01,2.67864e+01,3.58414e-01,9.23141e-01,1.66724e+00,9.72389e+00,3.13532e+00,1.97949e+01,3.27206e-01,7.00926e+01,2.91706e+00,1.39474e+00,6.54835e-01,8.59003e+00,4.10091e+00,3.54771e-01,1.68952e+00,5.81273e+00
1.24923e+00,3.73283e+01,2.27773e-01,2.68123e+01,3.57796e-01,9.14629e-01,1.66429e+00,9.78244e+00,3.12924e+00,1.97657e+01,3.27738e-01,6.96442e+01,2.90997e+00,1.39135e+00,6.53296e-01,8.56893e+00,4.12995e+00,3.54044e-01,1.67625e+00,5.80202e+00
1.24710e+00,3.71288e+01,2.27307e-01,2.68429e+01,3.57148e-01,9.14227e-01,1.66158e+00,9.83022e+00,3.12336e+00,1.97369e+01,3.28284e-01,6.92007e+01,2.90292e+00,1.38813e+00,6.53058e-01,8.54707e+00,4.16018e+00,3.53322e-01,1.66353e+00,5.79073e+00
1.24500e+00,3.69514e+01,2.26844e-01,2.68693e+01,3.56436e-01,9.20229e-01,1.65986e+00,9.86436e+00,3.11765e+00,1.97082e+01,3.28845e-01,6.87633e+01,2.89590e+00,1.38502e+00,6.54348e-01,8.52439e+00,4.19126e+00,3.52576e-01,1.65128e+00,5.77894e+00
1.24289e+00,3.67979e+01,2.26383e-01,2.68869e+01,3.55720e-01,9.29643e-01,1.65946e+00,9.88349e+00,3.11199e+00,1.96796e+01,3.29417e-01,6.83309e+01,2.88893e+00,1.38201e+00,6.57335e-01,8.50105e+00,4.22237e+00,3.51820e-01,1.63960e+00,5.76669e+00
1.24084e+00,3.66690e+01,2.25931e-01,2.68948e+01,3.54997e-01,9.39457e-01,1.66034e+00,9.88836e+00,3.10637e+00,1.96511e+01,3.29997e-01,6.79046e+01,2.88200e+00,1.37914e+00,6.61983e-01,8.47710e+00,4.25242e+00,3.51068e-01,1.62847e+00,5.75417e+00
1.23880e+00,3.65649e+01,2.25505e-01,2.68943e+01,3.54255e-01,9.47310e-01,1.66238e+00,9.88091e+00,3.10076e+00,1.96228e+01,3.30568e-01,6.74851e+01,2.87513e+00,1.37635e+00,6.68072e-01,8.45267e+00,4.28035e+00,3.50328e-01,1.61798e+00,5.74142e+00
1.23679e+00,3.64838e+01,2.25100e-01,2.68884e+01,3.53532e-01,9.51728e-01,1.66543e+00,9.86427e+00,3.09518e+00,1.95948e+01,3.31122e-01,6.70713e+01,2.86832e+00,1.37364e+00,6.75238e-01,8.42785e+00,4.30503e+00,3.49593e-01,1.60802e+00,5.72852e+00
1.23476e+00,3.64231e+01,2.24721e-01,2.68800e+01,3.52784e-01,9.52018e-01,1.66952e+00,9.84169e+00,3.08965e+00,1.95673e+01,3.31645e-01,6.66648e+01,2.86159e+00,1.37099e+00,6.83005e-01,8.40272e+00,4.32536e+00,3.48870e-01,1.59852e+00,5.71562e+00
1.23274e+00,3.63787e+01,2.24387e-01,2.68710e+01,3.52049e-01,9.48113e-01,1.67492e+00,9.81622e+00,3.08406e+00,1.95408e+01,3.32121e-01,6.62655e+01,2.85489e+00,1.36838e+00,6.90864e-01,8.37729e+00,4.34051e+00,3.48147e-01,1.58954e+00,5.70279e+00
1.23073e+00,3.63454e+01,2.24063e-01,2.68619e+01,3.51345e-01,9.40388e-01,1.68213e+00,9.79036e+00,3.07828e+00,1.95155e+01,3.32544e-01,6.58725e+01,2.84831e+00,1.36583e+00,6.98370e-01,8.35173e+00,4.34997e+00,3.47421e-01,1.58089e+00,5.69016e+00
1.22870e+00,3.63185e+01,2.23722e-01,2.68516e+01,3.50664e-01,9.29481e-01,1.69182e+00,9.76534e+00,3.07220e+00,1.94917e+01,3.32911e-01,6.54866e+01,2.84181e+00,1.36329e+00,7.05176e-01,8.32618e+00,4.35314e+00,3.46707e-01,1.57260e+00,5.67771e+00
1.22666e+00,3.62932e+01,2.23366e-01,2.68380e+01,3.49978e-01,9.16111e-01,1.70455e+00,9.74182e+00,3.06574e+00,1.94699e+01,3.33216e-01,6.51075e+01,2.83539e+00,1.36080e+00,7.11038e-01,8.30056e+00,4.35013e+00,3.45996e-01,1.56459e+00,5.66556e+00
1.22461e+00,3.62649e+01,2.23007e-01,2.68182e+01,3.49282e-01,9.01027e-01,1.72061e+00,9.71974e+00,3.05891e+00,1.94508e+01,3.33479e-01,6.47358e+01,2.82904e+00,1.35833e+00,7.15827e-01,8.27514e+00,4.34123e+00,3.45256e-01,1.55707e+00,5.65369e+00
1.22257e+00,3.62299e+01,2.32886e-01,2.67891e+01,3.64468e-01,8.84910e-01,1.73959e+00,9.69838e+00,3.06387e+00,1.94392e+01,3.33699e-01,6.43724e+01,2.82281e+00,1.35594e+00,7.19532e-01,8.24988e+00,4.32859e+00,3.62563e-01,1.54992e+00,5.64213e+00
1.23214e+00,3.61908e+01,2.50366e-01,2.67598e+01,4.26322e-01,8.68374e-01,1.76521e+00,9.69259e+00,3.08106e+00,1.94323e+01,3.33896e-01,6.40167e+01,2.82365e+00,1.37212e+00,7.22227e-01,8.22964e+00,4.33420e+00,3.76627e-01,1.56752e+00,5.63873e+00
1.24868e+00,3.61373e+01,2.75346e-01,2.67373e+01,5.48428e-01,8.52054e-01,1.79381e+00,9.69785e+00,3.10120e+00,1.94320e+01,3.34080e-01,6.36697e+01,2.82642e+00,1.39141e+00,7.24066e-01,8.21562e+00,4.34272e+00,3.91411e-01,1.59474e+00,5.64478e+00
1.26055e+00,3.60759e+01,2.99646e-01,2.67132e+01,7.36379e-01,8.36413e-01,1.82691e+00,9.69436e+00,3.12263e+00,1.94394e+01,3.34252e-01,6.33329e+01,2.83123e+00,1.40929e+00,7.25219e-01,8.20697e+00,4.34867e+00,4.13409e-01,1.63048e+00,5.65394e+00
1.27032e+00,3.60048e+01,3.21537e-01,2.66621e+01,9.89883e-01,8.22248e-01,1.85788e+00,9.68480e+00,3.14419e+00,1.94504e+01,3.34417e-01,6.30004e+01,2.83966e+00,1.42940e+00,7.25877e-01,8.21813e+00,4.34434e+00,4.38917e-01,1.66940e+00,5.67187e+00
1.28719e+00,3.59216e+01,3.41747e-01,2.66067e+01,1.28908e+00,8.09176e-01,1.88755e+00,9.67274e+00,3.16533e+00,1.94665e+01,3.34575e-01,6.26770e+01,2.84463e+00,1.45075e+00,7.26193e-01,8.25449e+00,4.33207e+00,4.62217e-01,1.71445e+00,5.68603e+00
1.31430e+00,3.58284e+01,3.61040e-01,2.65591e+01,1.52135e+00,7.97549e-01,1.91642e+00,9.65671e+00,3.18782e+00,1.94872e+01,3.34717e-01,6.23629e+01,2.84407e+00,1.47155e+00,7.26297e-01,8.29850e+00,4.31500e+00,4.81472e-01,1.76393e+00,5.69038e+00
1.35172e+00,3.57267e+01,3.77186e-01,2.65189e+01,1.65164e+00,7.87290e-01,1.94094e+00,9.63758e+00,3.21415e+00,1.95123e+01,3.34826e-01,6.20585e+01,2.84169e+00,1.49107e+00,7.26247e-01,8.32670e+00,4.29398e+00,4.97487e-01,1.81321e+00,5.68815e+00
1.39792e+00,3.56161e+01,3.86668e-01,2.64934e+01,1.75028e+00,7.78435e-01,1.95815e+00,9.61745e+00,3.24588e+00,1.95418e+01,3.34885e-01,6.17632e+01,2.84124e+00,1.51151e+00,7.26065e-01,8.32483e+00,4.27106e+00,5.11510e-01,1.86162e+00,5.68418e+00
1.45016e+00,3.54965e+01,3.87458e-01,2.64859e+01,1.87424e+00,7.70966e-01,1.96647e+00,9.59713e+00,3.28363e+00,1.95750e+01,3.34877e-01,6.14783e+01,2.84451e+00,1.53586e+00,7.25719e-01,8.29887e+00,4.24787e+00,5.23630e-01,1.90943e+00,5.68119e+00
1.50519e+00,3.53679e+01,3.80245e-01,2.64895e+01,1.99476e+00,7.64734e-01,1.96597e+00,9.57870e+00,3.32718e+00,1.96114e+01,3.34777e-01,6.12028e+01,2.85204e+00,1.56422e+00,7.25173e-01,8.26662e+00,4.22748e+00,5.32463e-01,1.95595e+00,5.67998e+00
1.56068e+00,3.52303e+01,3.67445e-01,2.64915e+01,2.04516e+00,7.59477e-01,1.95733e+00,9.56459e+00,3.37613e+00,1.96511e+01,3.34567e-01,6.09379e+01,2.86376e+00,1.59392e+00,7.24351e-01,8.24389e+00,4.21265e+00,5.36407e-01,1.99917e+00,5.68032e+00
1.61617e+00,3.50840e+01,3.51717e-01,2.64824e+01,2.00420e+00,7.54979e-01,1.94174e+00,9.55764e+00,3.42939e+00,1.96931e+01,3.34239e-01,6.06856e+01,2.87928e+00,1.62157e+00,7.23200e-01,8.23766e+00,4.20363e+00,5.34637e-01,2.03799e+00,5.68184e+00
1.67225e+00,3.49291e+01,3.35352e-01,2.64589e+01,1.89872e+00,7.51039e-01,1.92081e+00,9.55965e+00,3.48520e+00,1.97374e+01,3.33787e-01,6.04472e+01,2.89767e+00,1.64527e+00,7.21683e-01,8.24499e+00,4.19857e+00,5.27794e-01,2.07260e+00,5.68450e+00
1.72821e+00,3.47665e+01,3.19903e-01,2.64239e+01,1.76432e+00,7.47485e-01,1.89633e+00,9.57150e+00,3.54156e+00,1.97833e+01,3.33215e-01,6.02260e+01,2.91765e+00,1.66485e+00,7.19767e-01,8.25674e+00,4.19657e+00,5.17574e-01,2.10400e+00,5.68842e+00
1.78068e+00,3.45964e+01,3.06306e-01,2.63829e+01,1.62520e+00,7.44194e-01,1.86997e+00,9.59294e+00,3.59693e+00,1.98304e+01,3.32515e-01,6.00253e+01,2.93769e+00,1.68137e+00,7.17425e-01,8.26369e+00,4.19999e+00,5.06390e-01,2.13335e+00,5.69401e+00
1.82485e+00,3.44198e+01,2.94959e-01,2.63429e+01,1.49197e+00,7.41040e-01,1.84311e+00,9.62237e+00,3.65036e+00,1.98777e+01,3.31701e-01,5.98474e+01,2.95646e+00,1.69631e+00,7.14686e-01,8.26123e+00,4.21315e+00,4.97199e-01,2.16092e+00,5.70134e+00
1.85643e+00,3.42376e+01,2.85856e-01,2.63085e+01,1.36774e+00,7.37932e-01,1.81666e+00,9.65807e+00,3.70175e+00,1.99250e+01,3.30767e-01,5.96961e+01,2.97288e+00,1.71086e+00,7.11571e-01,8.25002e+00,4.23845e+00,4.94037e-01,2.18615e+00,5.71055e+00
1.87353e+00,3.40505e+01,2.78859e-01,2.62828e+01,1.25233e+00,7.34823e-01,1.79139e+00,9.69796e+00,3.75179e+00,1.99712e+01,3.29728e-01,5.95723e+01,2.98633e+00,1.72534e+00,7.08105e-01,8.23389e+00,4.27342e+00,5.03614e-01,2.20876e+00,5.72120e+00
1.87688e+00,3.38597e+01,2.73529e-01,2.62656e+01,1.14525e+00,7.31643e-01,1.76776e+00,9.73985e+00,3.80110e+00,2.00157e+01,3.28594e-01,5.94776e+01,2.99677e+00,1.73954e+00,7.04328e-01,8.21684e+00,4.31054e+00,5.37645e-01,2.22847e+00,5.73264e+00
1.86888e+00,3.36661e+01,2.69455e-01,2.62546e+01,1.04651e+00,7.28385e-01,1.74603e+00,9.78234e+00,3.84993e+00,2.00579e+01,3.27380e-01,5.94095e+01,3.00443e+00,1.75285e+00,7.00277e-01,8.20135e+00,4.34105e+00,6.12711e-01,2.24598e+00,5.74417e+00
1.86545e+00,3.34709e+01,2.66193e-01,2.62460e+01,9.56228e-01,7.25023e-01,1.72630e+00,9.82472e+00,3.89743e+00,2.00971e+01,3.26104e-01,5.93647e+01,3.00975e+00,1.76457e+00,6.95993e-01,8.18813e+00,4.35897e+00,7.39749e-01,2.26185e+00,5.75516e+00
1.86680e+00,3.32754e+01,2.63360e-01,2.62365e+01,8.74813e-01,7.21555e-01,1.70860e+00,9.86666e+00,3.94652e+00,2.01328e+01,3.24787e-01,5.93388e+01,3.01404e+00,1.77394e+00,6.91516e-01,8.17698e+00,4.36238e+00,9.04162e-01,2.27649e+00,5.76700e+00
1.86162e+00,3.30807e+01,2.66567e-01,2.62242e+01,8.12475e-01,7.17984e-01,1.69287e+00,9.90830e+00,4.00561e+00,2.01660e+01,3.23450e-01,5.93294e+01,3.01647e+00,1.78197e+00,6.86877e-01,8.16775e+00,4.36248e+00,1.06792e+00,2.28943e+00,5.77800e+00
1.86659e+00,3.29502e+01,2.78663e-01,2.62090e+01,7.82731e-01,7.15357e-01,1.67914e+00,9.95313e+00,4.09008e+00,2.01985e+01,3.22108e-01,5.93588e+01,3.01837e+00,1.78845e+00,6.82103e-01,8.16080e+00,4.36596e+00,1.21856e+00,2.30357e+00,5.78899e+00
1.90099e+00,3.28327e+01,2.98093e-01,2.62269e+01,7.87037e-01,7.23240e-01,1.67828e+00,1.00670e+01,4.19572e+00,2.02290e+01,3.30371e-01,5.93931e+01,3.02068e+00,1.79331e+00,6.81784e-01,8.15698e+00,4.37870e+00,1.28724e+00,2.31511e+00,5.80293e+00
1.96185e+00,3.26265e+01,3.19581e-01,2.63335e+01,8.18862e-01,7.26453e-01,1.73559e+00,1.02114e+01,4.30735e+00,2.02609e+01,3.49172e-01,5.94594e+01,3.02476e+00,1.79454e+00,6.79080e-01,8.15885e+00,4.40420e+00,1.31581e+00,2.32210e+00,5.82066e+00
2.03680e+00,3.24431e+01,3.38319e-01,2.64912e+01,8.82436e-01,7.47211e-01,1.94189e+00,1.02686e+01,4.41247e+00,2.02950e+01,3.72458e-01,5.95607e+01,3.03003e+00,1.79414e+00,6.81218e-01,8.16711e+00,4.44851e+00,1.31307e+00,2.32518e+00,5.84590e+00
2.12228e+00,3.22839e+01,3.54663e-01,2.66045e+01,9.89201e-01,7.57042e-01,2.25605e+00,1.03139e+01,4.51724e+00,2.03314e+01,3.88792e-01,5.97294e+01,3.03774e+00,1.79366e+00,7.75449e-01,8.18186e+00,4.51689e+00,1.27909e+00,2.33639e+00,5.87363e+00
2.21023e+00,3.21377e+01,3.70923e-01,2.67796e+01,1.11306e+00,7.72775e-01,2.50451e+00,1.03669e+01,4.64337e+00,2.03710e+01,3.98916e-01,6.00345e+01,3.04835e+00,1.79392e+00,1.08329e+00,8.20307e+00,4.61317e+00,1.23495e+00,2.36482e+00,5.90461e+00
2.29447e+00,3.20024e+01,3.86229e-01,2.70222e+01,1.20603e+00,7.87218e-01,2.68808e+00,1.04187e+01,4.81031e+00,2.04120e+01,4.03473e-01,6.05790e+01,3.06191e+00,1.79561e+00,1.38871e+00,8.22944e+00,4.74169e+00,1.16980e+00,2.39825e+00,5.93946e+00
2.37751e+00,3.18769e+01,3.97038e-01,2.73053e+01,1.25917e+00,8.17525e-01,2.86100e+00,1.04863e+01,5.02014e+00,2.04530e+01,4.03626e-01,6.14959e+01,3.07873e+00,1.79987e+00,1.57263e+00,8.26002e+00,4.91964e+00,1.10587e+00,2.43078e+00,5.97836e+00
2.46316e+00,3.17602e+01,4.00149e-01,2.76087e+01,1.29967e+00,9.01829e-01,2.99601e+00,1.05742e+01,5.25255e+00,2.04938e+01,4.00879e-01,6.29434e+01,3.09793e+00,1.80837e+00,1.64669e+00,8.29368e+00,5.18404e+00,1.04798e+00,2.46405e+00,6.02176e+00
2.54769e+00,3.16518e+01,3.95090e-01,2.79149e+01,1.35771e+00,1.02525e+00,3.06222e+00,1.06811e+01,5.48086e+00,2.05359e+01,3.96241e-01,6.51805e+01,3.11861e+00,1.82225e+00,1.62424e+00,8.32896e+00,5.58951e+00,9.94145e-01,2.49912e+00,6.07007e+00
2.62003e+00,3.15515e+01,3.83743e-01,2.82210e+01,1.44261e+00,1.13134e+00,3.05370e+00,1.08094e+01,5.69044e+00,2.05810e+01,3.90889e-01,6.84818e+01,3.13989e+00,1.84149e+00,1.56168e+00,8.36378e+00,6.20393e+00,9.41062e-01,2.53692e+00,6.12332e+00
2.67442e+00,3.14597e+01,3.68815e-01,2.85387e+01,1.53434e+00,1.18823e+00,2.98209e+00,1.09621e+01,5.87808e+00,2.06296e+01,3.85562e-01,7.26749e+01,3.16076e+00,1.86498e+00,1.49835e+00,8.39725e+00,7.09403e+00,8.94247e-01,2.57756e+00,6.18207e+00
2.70030e+00,3.13761e+01,3.52782e-01,2.88741e+01,1.60243e+00,1.19491e+00,2.87358e+00,1.11388e+01,6.04376e+00,2.06806e+01,3.80426e-01,7.70154e+01,3.18020e+00,1.89085e+00,1.44557e+00,8.42947e+00,8.31337e+00,8.41295e-01,2.62053e+00,6.24840e+00
2.69731e+00,3.13009e+01,3.37298e-01,2.92125e+01,1.62741e+00,1.16665e+00,2.76048e+00,1.13386e+01,6.18450e+00,2.07325e+01,3.75331e-01,8.06908e+01,3.19736e+00,1.91725e+00,1.40428e+00,8.46134e+00,9.97317e+00,7.93988e-01,2.66544e+00,6.32623e+00
2.67432e+00,3.12334e+01,3.23361e-01,2.95210e+01,1.60612e+00,1.12031e+00,2.67440e+00,1.15621e+01,6.29766e+00,2.07823e+01,3.70127e-01,8.32554e+01,3.21165e+00,1.94243e+00,1.37358e+00,8.49291e+00,1.22291e+01,7.52634e-01,2.71178e+00,6.41727e+00
2.63823e+00,3.11732e+01,3.11386e-01,2.97693e+01,1.54597e+00,1.06785e+00,2.64211e+00,1.18114e+01,6.38733e+00,2.08277e+01,3.64770e-01,8.46575e+01,3.22267e+00,1.96583e+00,1.35134e+00,8.52265e+00,1.49024e+01,7.17286e-01,2.76046e+00,6.51986e+00
2.59381e+00,3.11201e+01,3.01523e-01,2.99444e+01,1.45864e+00,1.01606e+00,2.67715e+00,1.20894e+01,6.46467e+00,2.08673e+01,3.59340e-01,8.50607e+01,3.23035e+00,1.98548e+00,1.33399e+00,8.54810e+00,1.72989e+01,6.89029e-01,2.81212e+00,6.62767e+00
2.54585e+00,3.10737e+01,2.93493e-01,3.00538e+01,1.35608e+00,9.68155e-01,2.77264e+00,1.24042e+01,6.54282e+00,2.09011e+01,3.53983e-01,8.46921e+01,3.23481e+00,2.00232e+00,1.31755e+00,8.56863e+00,1.88285e+01,6.69641e-01,2.86733e+00,6.73119e+00
2.49841e+00,3.10338e+01,2.87111e-01,3.01189e+01,1.25629e+00,9.25338e-01,2.90452e+00,1.28651e+01,6.62961e+00,2.09296e+01,3.48865e-01,8.37661e+01,3.23643e+00,2.01596e+00,1.31827e+00,8.58275e+00,1.94553e+01,6.63386e-01,2.92525e+00,6.82385e+00
2.45387e+00,3.10003e+01,2.82013e-01,3.01672e+01,1.18148e+00,8.88248e-01,3.07132e+00,1.34063e+01,6.72588e+00,2.09535e+01,3.65424e-01,8.24618e+01,3.23577e+00,2.02560e+00,1.33649e+00,8.59304e+00,1.94809e+01,6.72743e-01,3.03072e+00,6.90063e+00
2.41289e+00,3.09729e+01,2.77862e-01,3.02204e+01,1.24158e+00,8.56183e-01,3.32266e+00,1.37459e+01,6.82653e+00,2.09729e+01,5.33388e-01,8.09221e+01,3.23365e+00,2.03051e+00,1.45135e+00,8.60067e+00,1.92341e+01,7.05922e-01,3.19663e+00,6.95865e+00
2.37442e+00,3.09516e+01,2.74338e-01,3.03020e+01,2.27212e+00,8.29353e-01,3.58879e+00,1.40034e+01,6.92497e+00,2.09866e+01,9.32536e-01,7.92574e+01,3.23121e+00,2.03008e+00,1.59982e+00,8.60608e+00,1.89397e+01,7.70812e-01,3.36344e+00,6.99737e+00
2.33668e+00,3.09357e+01,2.71182e-01,3.04316e+01,4.50189e+00,8.07097e-01,3.76139e+00,1.42433e+01,7.01642e+00,2.09929e+01,1.35763e+00,7.75512e+01,3.23017e+00,2.02448e+00,1.67568e+00,8.61075e+00,1.87009e+01,8.66221e-01,3.51067e+00,7.01868e+00
2.29874e+00,3.09248e+01,2.68312e-01,3.06287e+01,5.91460e+00,7.88927e-01,3.85414e+00,1.44712e+01,7.09928e+00,2.09892e+01,1.54728e+00,7.58632e+01,3.23291e+00,2.01468e+00,1.70808e+00,8.61603e+00,1.85210e+01,9.75693e-01,3.64107e+00,7.02534e+00
2.26135e+00,3.09185e+01,2.65654e-01,3.09165e+01,5.60795e+00,7.76015e-01,3.90869e+00,1.46851e+01,7.17411e+00,2.09731e+01,1.48900e+00,7.42349e+01,3.24269e+00,2.00232e+00,1.67913e+00,8.62499e+00,1.83373e+01,1.07466e+00,3.75204e+00,7.02062e+00
2.22656e+00,3.09162e+01,2.63189e-01,3.13333e+01,4.62555e+00,7.73508e-01,3.94728e+00,1.48881e+01,7.24174e+00,2.09433e+01,1.34055e+00,7.26924e+01,3.26362e+00,1.98932e+00,1.60281e+00,8.64355e+00,1.80716e+01,1.14418e+00,3.84619e+00,7.00707e+00
2.19591e+00,3.09171e+01,2.60871e-01,3.19295e+01,3.66988e+00,7.89356e-01,3.97798e+00,1.50843e+01,7.30088e+00,2.08997e+01,1.19082e+00,7.12505e+01,3.30008e+00,1.97765e+00,1.50744e+00,8.68566e+00,1.76704e+01,1.17694e+00,3.93040e+00,6.98641e+00
2.16923e+00,3.09198e+01,2.58712e-01,3.27328e+01,2.91614e+00,8.22882e-01,4.00306e+00,1.52747e+01,7.34747e+00,2.08438e+01,1.05973e+00,6.99150e+01,3.35517e+00,1.96930e+00,1.41204e+00,8.78819e+00,1.71251e+01,1.17548e+00,4.00805e+00,6.95965e+00
2.14428e+00,3.09235e+01,2.56732e-01,3.36938e+01,2.35247e+00,8.58521e-01,4.02882e+00,1.54579e+01,7.37558e+00,2.07787e+01,9.45864e-01,6.86863e+01,3.42893e+00,1.96608e+00,1.32496e+00,9.07154e+00,1.64639e+01,1.14764e+00,4.07747e+00,6.92728e+00
2.11806e+00,3.09265e+01,2.54943e-01,3.46773e+01,1.93156e+00,8.81690e-01,4.07006e+00,1.56318e+01,7.37909e+00,2.07083e+01,8.46498e-01,6.75615e+01,3.51745e+00,1.96953e+00,1.24925e+00,9.95291e+00,1.57334e+01,1.10306e+00,4.13588e+00,6.88976e+00
2.08858e+00,3.09279e+01,2.53403e-01,3.55301e+01,1.61254e+00,8.89501e-01,4.13645e+00,1.57945e+01,7.35375e+00,2.06367e+01,7.60379e-01,6.65343e+01,3.61389e+00,1.98058e+00,1.18569e+00,1.21527e+01,1.49807e+01,1.05102e+00,4.18292e+00,6.84776e+00
2.05533e+00,3.09267e+01,2.52094e-01,3.61561e+01,1.36668e+00,8.86937e-01,4.22086e+00,1.59442e+01,7.29824e+00,2.05686e+01,6.86698e-01,6.55986e+01,3.71074e+00,1.99915e+00,1.13391e+00,1.54167e+01,1.42427e+01,9.99907e-01,4.22042e+00,6.80188e+00
2.01929e+00,3.09229e+01,2.50966e-01,3.65410e+01,1.17453e+00,8.80655e-01,4.30402e+00,1.60786e+01,7.21435e+00,2.05072e+01,6.24427e-01,6.47465e+01,3.80180e+00,2.02386e+00,1.09261e+00,1.87569e+01,1.35411e+01,9.58235e-01,4.25090e+00,6.75304e+00
1.98168e+00,3.09162e+01,2.50040e-01,3.67256e+01,1.02292e+00,8.75902e-01,4.36550e+00,1.61944e+01,7.10615e+00,2.04558e+01,5.72362e-01,6.39715e+01,3.88291e+00,2.05221e+00,1.06002e+00,2.17059e+01,1.28878e+01,9.37473e-01,4.27626e+00,6.70179e+00
1.94433e+00,3.09074e+01,2.49315e-01,3.67721e+01,9.02496e-01,8.75481e-01,4.39202e+00,1.62893e+01,6.97885e+00,2.04171e+01,5.29271e-01,6.32663e+01,3.95174e+00,2.08111e+00,1.03411e+00,2.40208e+01,1.22848e+01,9.54433e-01,4.29894e+00,6.64913e+00
1.90823e+00,3.08982e+01,2.48710e-01,3.67383e+01,8.06374e-01,8.79653e-01,4.38043e+00,1.63633e+01,6.83827e+00,2.03929e+01,4.94054e-01,6.26251e+01,4.00739e+00,2.10709e+00,1.01299e+00,2.55982e+01,1.17302e+01,1.02675e+00,4.32220e+00,6.59573e+00
1.87413e+00,3.08903e+01,2.48230e-01,3.66686e+01,7.29294e-01,8.86855e-01,4.33553e+00,1.64224e+01,6.68931e+00,2.03843e+01,4.65875e-01,6.20406e+01,4.04981e+00,2.12761e+00,9.95080e-01,2.65472e+01,1.12204e+01,1.15644e+00,4.35060e+00,6.54226e+00
1.84232e+00,3.08866e+01,2.47828e-01,3.65943e+01,6.67305e-01,8.95126e-01,4.26586e+00,1.64767e+01,6.53663e+00,2.03923e+01,4.44177e-01,6.15077e+01,4.07947e+00,2.14095e+00,9.79116e-01,2.70464e+01,1.07514e+01,1.31353e+00,4.38828e+00,6.48920e+00
1.81294e+00,3.08896e+01,2.47526e-01,3.65349e+01,6.17293e-01,9.03073e-01,4.18126e+00,1.65340e+01,6.38370e+00,2.04166e+01,4.28699e-01,6.10201e+01,4.09706e+00,2.14645e+00,9.64259e-01,2.72079e+01,1.03207e+01,1.44913e+00,4.43852e+00,6.43692e+00
1.78587e+00,3.09021e+01,2.47326e-01,3.65010e+01,5.76735e-01,9.10107e-01,4.09261e+00,1.65940e+01,6.23314e+00,2.04566e+01,4.19364e-01,6.05729e+01,4.10354e+00,2.14431e+00,9.50087e-01,2.71005e+01,9.92602e+00,1.52800e+00,4.50295e+00,6.38566e+00
1.76090e+00,3.09264e+01,2.47197e-01,3.64940e+01,5.43886e-01,9.16135e-01,4.01266e+00,1.66482e+01,6.08693e+00,2.05115e+01,4.16080e-01,6.01615e+01,4.09995e+00,2.13524e+00,9.36515e-01,2.68124e+01,9.56441e+00,1.54355e+00,4.58056e+00,6.33571e+00
1.73778e+00,3.09642e+01,2.47106e-01,3.65085e+01,5.17163e-01,9.21191e-01,3.95548e+00,1.66863e+01,5.94683e+00,2.05810e+01,4.18472e-01,5.97812e+01,4.08743e+00,2.12016e+00,9.23792e-01,2.64315e+01,9.23370e+00,1.50814e+00,4.66792e+00,6.28731e+00
1.71620e+00,3.10156e+01,2.47021e-01,3.65345e+01,4.95358e-01,9.25338e-01,3.93328e+00,1.67013e+01,5.81385e+00,2.06636e+01,4.25717e-01,5.94314e+01,4.06717e+00,2.10017e+00,9.12474e-01,2.60079e+01,8.93059e+00,1.43961e+00,4.75899e+00,6.24076e+00
1.69600e+00,3.10796e+01,2.46953e-01,3.65624e+01,4.77525e-01,9.28944e-01,3.95156e+00,1.66908e+01,5.68944e+00,2.07589e+01,4.36654e-01,5.91058e+01,4.04031e+00,2.07627e+00,9.03561e-01,2.55611e+01,8.65241e+00,1.35342e+00,4.84660e+00,6.19635e+00
1.67685e+00,3.11542e+01,2.46889e-01,3.65839e+01,4.62821e-01,9.33031e-01,4.00555e+00,1.66578e+01,5.57491e+00,2.08673e+01,4.49940e-01,5.88034e+01,4.00795e+00,2.04933e+00,8.98429e-01,2.51055e+01,8.39587e+00,1.26057e+00,4.92307e+00,6.15425e+00
1.65873e+00,3.12362e+01,2.46838e-01,3.65940e+01,4.50778e-01,9.39616e-01,4.08233e+00,1.66077e+01,5.47135e+00,2.09891e+01,4.64321e-01,5.85215e+01,3.97119e+00,2.02024e+00,8.98672e-01,2.46596e+01,8.15915e+00,1.16812e+00,4.98141e+00,6.11480e+00
1.64127e+00,3.13219e+01,2.46776e-01,3.65913e+01,4.40844e-01,9.51210e-01,4.16540e+00,1.65472e+01,5.37980e+00,2.11253e+01,4.78816e-01,5.82577e+01,3.93103e+00,1.98974e+00,9.05692e-01,2.42411e+01,7.94039e+00,1.08021e+00,5.01646e+00,6.07820e+00
1.62449e+00,3.14081e+01,2.46685e-01,3.65784e+01,4.32606e-01,9.69171e-01,4.23944e+00,1.64847e+01,5.30119e+00,2.12780e+01,4.92783e-01,5.80111e+01,3.88845e+00,1.95845e+00,9.20066e-01,2.38554e+01,7.73846e+00,9.98912e-01,5.02534e+00,6.04465e+00
1.60832e+00,3.14919e+01,2.46564e-01,3.65600e+01,4.25792e-01,9.91937e-01,4.29322e+00,1.64286e+01,5.23587e+00,2.14493e+01,5.05913e-01,5.77811e+01,3.84425e+00,1.92690e+00,9.41260e-01,2.34960e+01,7.55333e+00,9.25179e-01,5.00773e+00,6.01438e+00
1.59271e+00,3.15719e+01,2.46450e-01,3.65421e+01,4.20169e-01,1.01550e+00,4.32051e+00,1.63890e+01,5.18355e+00,2.16402e+01,5.18186e-01,5.75656e+01,3.79919e+00,1.89555e+00,9.67680e-01,2.31513e+01,7.38469e+00,8.59173e-01,4.96538e+00,5.98756e+00
1.57768e+00,3.16472e+01,2.46361e-01,3.65306e+01,4.15487e-01,1.03610e+00,4.31953e+00,1.63781e+01,5.14325e+00,2.18518e+01,5.29792e-01,5.73650e+01,3.75396e+00,1.86482e+00,9.97078e-01,2.28063e+01,7.23308e+00,8.00613e-01,4.90136e+00,5.96433e+00
1.56323e+00,3.17183e+01,2.46272e-01,3.65301e+01,4.11638e-01,1.05204e+00,4.29177e+00,1.64089e+01,5.11310e+00,2.20848e+01,5.41159e-01,5.71790e+01,3.70909e+00,1.83495e+00,1.02702e+00,2.24453e+01,7.09878e+00,7.49063e-01,4.81948e+00,5.94487e+00
1.54940e+00,3.17863e+01,2.46162e-01,3.65434e+01,4.08388e-01,1.06348e+00,4.24066e+00,1.64889e+01,5.09050e+00,2.23370e+01,5.52932e-01,5.70075e+01,3.66515e+00,1.80614e+00,1.05533e+00,2.20578e+01,6.98181e+00,7.03902e-01,4.72401e+00,5.92904e+00
1.53623e+00,3.18531e+01,2.46035e-01,3.65701e+01,4.05646e-01,1.07136e+00,4.17049e+00,1.66140e+01,5.07269e+00,2.26056e+01,5.66030e-01,5.68520e+01,3.62255e+00,1.77849e+00,1.08040e+00,2.16395e+01,6.88262e+00,6.64521e-01,4.61852e+00,5.91693e+00
1.52378e+00,3.19206e+01,2.45901e-01,3.66056e+01,4.03331e-01,1.07639e+00,4.08561e+00,1.67676e+01,5.05715e+00,2.28862e+01,5.81601e-01,5.67130e+01,3.58166e+00,1.75214e+00,1.10116e+00,2.11960e+01,6.80084e+00,6.30324e-01,4.50628e+00,5.90832e+00
1.51207e+00,3.19914e+01,2.45762e-01,3.66431e+01,4.01356e-01,1.07882e+00,3.99006e+00,1.69284e+01,5.04155e+00,2.31740e+01,6.00803e-01,5.65911e+01,3.54280e+00,1.72719e+00,1.11716e+00,2.07383e+01,6.73596e+00,6.00760e-01,4.38999e+00,5.90298e+00
1.50111e+00,3.20670e+01,2.45589e-01,3.66738e+01,3.99661e-01,1.07848e+00,3.88734e+00,1.70820e+01,5.02481e+00,2.34619e+01,6.24359e-01,5.64879e+01,3.50630e+00,1.70369e+00,1.12837e+00,2.02794e+01,6.68665e+00,5.75318e-01,4.27189e+00,5.90032e+00
1.49091e+00,3.21495e+01,2.45383e-01,3.66909e+01,3.98197e-01,1.07517e+00,3.78030e+00,1.72262e+01,5.00689e+00,2.37443e+01,6.52156e-01,5.64025e+01,3.47235e+00,1.68166e+00,1.13508e+00,1.98293e+01,6.65153e+00,5.53568e-01,4.15384e+00,5.90010e+00
1.48143e+00,3.22400e+01,2.45151e-01,3.66896e+01,3.96900e-01,1.06886e+00,3.67134e+00,1.73694e+01,4.98870e+00,2.40156e+01,6.83113e-01,5.63365e+01,3.44101e+00,1.66113e+00,1.13775e+00,1.93919e+01,6.62835e+00,5.35079e-01,4.03681e+00,5.90173e+00
1.47271e+00,3.23398e+01,2.44903e-01,3.66694e+01,3.95776e-01,1.05981e+00,3.56230e+00,1.75228e+01,4.97214e+00,2.42714e+01,7.15543e-01,5.62900e+01,3.41231e+00,1.64213e+00,1.13688e+00,1.89651e+01,6.61435e+00,5.19486e-01,3.92205e+00,5.90486e+00
1.46467e+00,3.24498e+01,2.44652e-01,3.66340e+01,3.94768e-01,1.04848e+00,3.45469e+00,1.76925e+01,4.95926e+00,2.45087e+01,7.47641e-01,5.62635e+01,3.38611e+00,1.62460e+00,1.13299e+00,1.85433e+01,6.60659e+00,5.06392e-01,3.81007e+00,5.90904e+00
1.45728e+00,3.25709e+01,2.44406e-01,3.65902e+01,3.93897e-01,1.03552e+00,3.34974e+00,1.78766e+01,4.95210e+00,2.47259e+01,7.77788e-01,5.62580e+01,3.36227e+00,1.60856e+00,1.12654e+00,1.81212e+01,6.60193e+00,4.95485e-01,3.70184e+00,5.91408e+00
1.45046e+00,3.27036e+01,2.44165e-01,3.65469e+01,3.93079e-01,1.02161e+00,3.24849e+00,1.80662e+01,4.95170e+00,2.49229e+01,8.04726e-01,5.62731e+01,3.34053e+00,1.59390e+00,1.11791e+00,1.76955e+01,6.59739e+00,4.86471e-01,3.59754e+00,5.91956e+00
1.44423e+00,3.28489e+01,2.43916e-01,3.65112e+01,3.92372e-01,1.00732e+00,3.15174e+00,1.82504e+01,4.95814e+00,2.51006e+01,8.27574e-01,5.63106e+01,3.32064e+00,1.58060e+00,1.10748e+00,1.72678e+01,6.59057e+00,4.79086e-01,3.49766e+00,5.92536e+00
1.43851e+00,3.30076e+01,2.43658e-01,3.64872e+01,3.91700e-01,9.93091e-01,3.06013e+00,1.84195e+01,4.97022e+00,2.52604e+01,8.45846e-01,5.63713e+01,3.30232e+00,1.56867e+00,1.09552e+00,1.68416e+01,6.57992e+00,4.73104e-01,3.40279e+00,5.93137e+00
1.43330e+00,3.31808e+01,2.43400e-01,3.64747e+01,3.91023e-01,9.79197e-01,2.97414e+00,1.85673e+01,4.98526e+00,2.54055e+01,8.59423e-01,5.64564e+01,3.28527e+00,1.55794e+00,1.08232e+00,1.64218e+01,6.56435e+00,4.68266e-01,3.31307e+00,5.93722e+00
1.42857e+00,3.33701e+01,2.43112e-01,3.64701e+01,3.90375e-01,9.65765e-01,2.89406e+00,1.86906e+01,4.99964e+00,2.55395e+01,8.68476e-01,5.65674e+01,3.26934e+00,1.54836e+00,1.06811e+00,1.60133e+01,6.54349e+00,4.64358e-01,3.22885e+00,5.94283e+00
1.42421e+00,3.35763e+01,2.42794e-01,3.64699e+01,3.89750e-01,9.52823e-01,2.81999e+00,1.87872e+01,5.00998e+00,2.56660e+01,8.73333e-01,5.67038e+01,3.25429e+00,1.53987e+00,1.05309e+00,1.56192e+01,6.51751e+00,4.61259e-01,3.15029e+00,5.94805e+00
1.42025e+00,3.38007e+01,2.42448e-01,3.64720e+01,3.89141e-01,9.40341e-01,2.75195e+00,1.88564e+01,5.01306e+00,2.57885e+01,8.74474e-01,5.68667e+01,3.23993e+00,1.53238e+00,1.03746e+00,1.52419e+01,6.48720e+00,4.58853e-01,3.07738e+00,5.95269e+00
1.41663e+00,3.40437e+01,2.42090e-01,3.64778e+01,3.88538e-01,9.28230e-01,2.68979e+00,1.88983e+01,5.00656e+00,2.59115e+01,8.72410e-01,5.70556e+01,3.22612e+00,1.52582e+00,1.02139e+00,1.48820e+01,6.45356e+00,4.56956e-01,3.01012e+00,5.95652e+00
1.41336e+00,3.43048e+01,2.41730e-01,3.64902e+01,3.87941e-01,9.16429e-01,2.63327e+00,1.89141e+01,4.98934e+00,2.60382e+01,8.67648e-01,5.72691e+01,3.21267e+00,1.52007e+00,1.00503e+00,1.45397e+01,6.41768e+00,4.55524e-01,2.94839e+00,5.95938e+00
1.41037e+00,3.45828e+01,2.41388e-01,3.65116e+01,3.87359e-01,9.04891e-01,2.58212e+00,1.89058e+01,4.96142e+00,2.61724e+01,8.60675e-01,5.75060e+01,3.19944e+00,1.51508e+00,9.88507e-01,1.42145e+01,6.38049e+00,4.54427e-01,2.89201e+00,5.96120e+00
1.40760e+00,3.48752e+01,2.41045e-01,3.65426e+01,3.86788e-01,8.93592e-01,2.53607e+00,1.88757e+01,4.92377e+00,2.63153e+01,8.51939e-01,5.77622e+01,3.18632e+00,1.51073e+00,9.71946e-01,1.39053e+01,6.34290e+00,4.53597e-01,2.84033e+00,5.96198e+00
1.40504e+00,3.51794e+01,2.40693e-01,3.65830e+01,3.86244e-01,8.82515e-01,2.49498e+00,1.88268e+01,4.87785e+00,2.64696e+01,8.41828e-01,5.80357e+01,3.17325e+00,1.50699e+00,9.55449e-01,1.36115e+01,6.30553e+00,4.52977e-01,2.79325e+00,5.96156e+00
1.40269e+00,3.54923e+01,2.40336e-01,3.66346e+01,3.85678e-01,8.71631e-01,2.45881e+00,1.87629e+01,4.82536e+00,2.66361e+01,8.30670e-01,5.83224e+01,3.16009e+00,1.50374e+00,9.39102e-01,1.33318e+01,6.26859e+00,4.52465e-01,2.75009e+00,5.95996e+00
1.40054e+00,3.58105e+01,2.39975e-01,3.67097e+01,3.85092e-01,8.60926e-01,2.42773e+00,1.86896e+01,4.76825e+00,2.68138e+01,8.18789e-01,5.86182e+01,3.14682e+00,1.50089e+00,9.22989e-01,1.30654e+01,6.23207e+00,4.52101e-01,2.71033e+00,5.95739e+00
1.39855e+00,3.61308e+01,2.39596e-01,3.68420e+01,3.84514e-01,8.50397e-01,2.40219e+00,1.86171e+01,4.70828e+00,2.70021e+01,8.06400e-01,5.89203e+01,3.13345e+00,1.49840e+00,9.07202e-01,1.28116e+01,6.19562e+00,4.51743e-01,2.67363e+00,5.95393e+00
1.39669e+00,3.64498e+01,2.39190e-01,3.70956e+01,3.83908e-01,8.40034e-01,2.38279e+00,1.85624e+01,4.64716e+00,2.71991e+01,7.93716e-01,5.92234e+01,3.12002e+00,1.49623e+00,8.91777e-01,1.25695e+01,6.15881e+00,4.51478e-01,2.63959e+00,5.94999e+00
1.39493e+00,3.67642e+01,2.38773e-01,3.75453e+01,3.83349e-01,8.29834e-01,2.37024e+00,1.85538e+01,4.58620e+00,2.74009e+01,7.80899e-01,5.95247e+01,3.10651e+00,1.49431e+00,8.76787e-01,1.23384e+01,6.12119e+00,4.51211e-01,2.60765e+00,5.94581e+00
1.39327e+00,3.70710e+01,2.38343e-01,3.82240e+01,3.82781e-01,8.19788e-01,2.36507e+00,1.86365e+01,4.52655e+00,2.76038e+01,7.68084e-01,5.98220e+01,3.09298e+00,1.49258e+00,8.62268e-01,1.21178e+01,6.08233e+00,4.50999e-01,2.57781e+00,5.94192e+00
1.39168e+00,3.73666e+01,2.37917e-01,3.90877e+01,3.82164e-01,8.09896e-01,2.36716e+00,1.88836e+01,4.46879e+00,2.78033e+01,7.55383e-01,6.01133e+01,3.07954e+00,1.49102e+00,8.48257e-01,1.19071e+01,6.04169e+00,4.50768e-01,2.54969e+00,5.93895e+00
1.39013e+00,3.76485e+01,2.37504e-01,4.00355e+01,3.81571e-01,8.00176e-01,2.37572e+00,1.94086e+01,4.41361e+00,2.79955e+01,7.42875e-01,6.03979e+01,3.06624e+00,1.48955e+00,8.34784e-01,1.17059e+01,5.99890e+00,4.50522e-01,2.52330e+00,5.93763e+00
1.38862e+00,3.79157e+01,2.37108e-01,4.09510e+01,3.80970e-01,7.90661e-01,2.38933e+00,2.03593e+01,4.36138e+00,2.81772e+01,7.30623e-01,6.06755e+01,3.05315e+00,1.48814e+00,8.21855e-01,1.15136e+01,5.95381e+00,4.50273e-01,2.49830e+00,5.93888e+00
1.38717e+00,3.81649e+01,2.36704e-01,4.17445e+01,3.80389e-01,7.81365e-01,2.40645e+00,2.18424e+01,4.31236e+00,2.83449e+01,7.18673e-01,6.09503e+01,3.04035e+00,1.48681e+00,8.09502e-01,1.13298e+01,5.90633e+00,4.50004e-01,2.47491e+00,5.94369e+00
1.38572e+00,3.83934e+01,2.36301e-01,4.23844e+01,3.79801e-01,7.72319e-01,2.42562e+00,2.38306e+01,4.26659e+00,2.84970e+01,7.07075e-01,6.12194e+01,3.02792e+00,1.48552e+00,7.97735e-01,1.11543e+01,5.85651e+00,4.49723e-01,2.45288e+00,5.95292e+00
1.38430e+00,3.86011e+01,2.35899e-01,4.28925e+01,3.79208e-01,7.63515e-01,2.44548e+00,2.61846e+01,4.22424e+00,2.86347e+01,6.95835e-01,6.14898e+01,3.01583e+00,1.48424e+00,7.86530e-01,1.09863e+01,5.80456e+00,4.49419e-01,2.43237e+00,5.96717e+00
1.38287e+00,3.87873e+01,2.35483e-01,4.33181e+01,3.78607e-01,7.54999e-01,2.46489e+00,2.87223e+01,4.18526e+00,2.87597e+01,6.84968e-01,6.17618e+01,3.00420e+00,1.48296e+00,7.75925e-01,1.08258e+01,5.75079e+00,4.49084e-01,2.41309e+00,5.98678e+00
1.38144e+00,3.89533e+01,2.35048e-01,4.37151e+01,3.77975e-01,7.46786e-01,2.48281e+00,3.12426e+01,4.14942e+00,2.88753e+01,6.74466e-01,6.20409e+01,2.99306e+00,1.48168e+00,7.65899e-01,1.06724e+01,5.69539e+00,4.48684e-01,2.39517e+00,6.01143e+00
1.37999e+00,3.90992e+01,2.34599e-01,4.41351e+01,3.77369e-01,7.38881e-01,2.49842e+00,3.35710e+01,4.11669e+00,2.89894e+01,6.64313e-01,6.23314e+01,2.98238e+00,1.48040e+00,7.56446e-01,1.05257e+01,5.63882e+00,4.48297e-01,2.37834e+00,6.04034e+00
1.37852e+00,3.92261e+01,2.34148e-01,4.46378e+01,3.76730e-01,7.31291e-01,2.51118e+00,3.56219e+01,4.08699e+00,2.91137e+01,6.54478e-01,6.26378e+01,2.97223e+00,1.47910e+00,7.47553e-01,1.03855e+01,5.58154e+00,4.47882e-01,2.36245e+00,6.07226e+00
1.37703e+00,3.93357e+01,2.33700e-01,4.53179e+01,3.76127e-01,7.24015e-01,2.52075e+00,3.74157e+01,4.06013e+00,2.92630e+01,6.44926e-01,6.29633e+01,2.96260e+00,1.47775e+00,7.39223e-01,1.02513e+01,5.52401e+00,4.47467e-01,2.34740e+00,6.10577e+00
1.37553e+00,3.94297e+01,2.33263e-01,4.63334e+01,3.75906e-01,7.17053e-01,2.52704e+00,3.90300e+01,4.03611e+00,2.94564e+01,6.35607e-01,6.33098e+01,2.95346e+00,1.47636e+00,7.31436e-01,1.01233e+01,5.46654e+00,4.47022e-01,2.33295e+00,6.13959e+00
1.37402e+00,3.95108e+01,2.32828e-01,4.78351e+01,3.76255e-01,7.10393e-01,2.53014e+00,4.05325e+01,4.01476e+00,2.97157e+01,6.26473e-01,6.36772e+01,2.94481e+00,1.47809e+00,7.24151e-01,1.00007e+01,5.40971e+00,4.46563e-01,2.31883e+00,6.17254e+00
1.37423e+00,3.95804e+01,2.32373e-01,4.98007e+01,3.77075e-01,7.04061e-01,2.53022e+00,4.19380e+01,3.99596e+00,3.00652e+01,6.17473e-01,6.40668e+01,2.93663e+00,1.47781e+00,7.17371e-01,9.88382e+00,5.35420e+00,4.46083e-01,2.30494e+00,6.20380e+00
1.37382e+00,3.96401e+01,2.31916e-01,5.20690e+01,3.78294e-01,6.98016e-01,2.52753e+00,4.32201e+01,3.97963e+00,3.05272e+01,6.08579e-01,6.44785e+01,2.92889e+00,1.47689e+00,7.11071e-01,9.77229e+00,5.30015e+00,4.45562e-01,2.29119e+00,6.23283e+00
1.37271e+00,3.96919e+01,2.31499e-01,5.45075e+01,3.79905e-01,6.92253e-01,2.52260e+00,4.43498e+01,3.96494e+00,3.11167e+01,5.99727e-01,6.49115e+01,2.92154e+00,1.47638e+00,7.05218e-01,9.66588e+00,5.24783e+00,4.45025e-01,2.27825e+00,6.25943e+00
1.37144e+00,3.97380e+01,2.31149e-01,5.69799e+01,3.82122e-01,6.86746e-01,2.51522e+00,4.53165e+01,3.95192e+00,3.18382e+01,5.90910e-01,6.53658e+01,2.91457e+00,1.47560e+00,6.99805e-01,9.56463e+00,5.19773e+00,4.44463e-01,2.26632e+00,6.28865e+00
1.37058e+00,3.97798e+01,2.30878e-01,5.92914e+01,3.85299e-01,6.81490e-01,2.50597e+00,4.61192e+01,3.94021e+00,3.26796e+01,5.82116e-01,6.58401e+01,2.90799e+00,1.47433e+00,6.94793e-01,9.46932e+00,5.14942e+00,4.43868e-01,2.25554e+00,6.31745e+00
1.37001e+00,3.98183e+01,2.30681e-01,6.12796e+01,3.90080e-01,6.76481e-01,2.49519e+00,4.67628e+01,3.92954e+00,3.36116e+01,5.73370e-01,6.63324e+01,2.90173e+00,1.47276e+00,6.90171e-01,9.37852e+00,5.10243e+00,4.43263e-01,2.24570e+00,6.34432e+00
1.36967e+00,3.98541e+01,2.30507e-01,6.29078e+01,3.97365e-01,6.71705e-01,2.48303e+00,4.72592e+01,3.91980e+00,3.45896e+01,5.64719e-01,6.68405e+01,2.89579e+00,1.47119e+00,6.85919e-01,9.29185e+00,5.05687e+00,4.42629e-01,2.23685e+00,6.36885e+00
1.36963e+00,3.98877e+01,2.30313e-01,6.42646e+01,4.07991e-01,6.67134e-01,2.46975e+00,4.76248e+01,3.91091e+00,3.55608e+01,5.56183e-01,6.73594e+01,2.89012e+00,1.47003e+00,6.82017e-01,9.21039e+00,5.01318e+00,4.42001e-01,2.22909e+00,6.38919e+00
1.37001e+00,3.99193e+01,2.30041e-01,6.54750e+01,4.21883e-01,6.62763e-01,2.45549e+00,4.78745e+01,3.90256e+00,3.64742e+01,5.47798e-01,6.78827e+01,2.88474e+00,1.46942e+00,6.78446e-01,9.13381e+00,4.97199e+00,4.41355e-01,2.22237e+00,6.40404e+00
1.37106e+00,3.99489e+01,2.29679e-01,6.66340e+01,4.37560e-01,6.58583e-01,2.44047e+00,4.80165e+01,3.89469e+00,3.72873e+01,5.39558e-01,6.84032e+01,2.87966e+00,1.46920e+00,6.75180e-01,9.06169e+00,4.93367e+00,4.40684e-01,2.21627e+00,6.41413e+00
1.37310e+00,3.99764e+01,2.29218e-01,6.77703e+01,4.52632e-01,6.54599e-01,2.42480e+00,4.80482e+01,3.88731e+00,3.79709e+01,5.31452e-01,6.89151e+01,2.87487e+00,1.46913e+00,6.72248e-01,8.99449e+00,4.89844e+00,4.40003e-01,2.21060e+00,6.42057e+00
1.37641e+00,4.00018e+01,2.28690e-01,6.88437e+01,4.64589e-01,6.50803e-01,2.40871e+00,4.79648e+01,3.88030e+00,3.85101e+01,5.23462e-01,6.94142e+01,2.87038e+00,1.46903e+00,6.69687e-01,8.93236e+00,4.86624e+00,4.39291e-01,2.20489e+00,6.42408e+00
1.38121e+00,4.00248e+01,2.28119e-01,6.97910e+01,4.71944e-01,6.47177e-01,2.39236e+00,4.77595e+01,3.87370e+00,3.89044e+01,5.15595e-01,6.99000e+01,2.86625e+00,1.46880e+00,6.67537e-01,8.87523e+00,4.83762e+00,4.38560e-01,2.19903e+00,6.42466e+00
1.38750e+00,4.00456e+01,2.27503e-01,7.05787e+01,4.74440e-01,6.43698e-01,2.37592e+00,4.74322e+01,3.86742e+00,3.91617e+01,5.07843e-01,7.03748e+01,2.86253e+00,1.46835e+00,6.65872e-01,8.82335e+00,4.81396e+00,4.37825e-01,2.19305e+00,6.42260e+00
1.39516e+00,4.00644e+01,2.26885e-01,7.12036e+01,4.72744e-01,6.40372e-01,2.35949e+00,4.69902e+01,3.86142e+00,3.92958e+01,5.00234e-01,7.08444e+01,2.85935e+00,1.46772e+00,6.64716e-01,8.77751e+00,4.79826e+00,4.37081e-01,2.18724e+00,6.41814e+00
1.40372e+00,4.00818e+01,2.26260e-01,7.16739e+01,4.67956e-01,6.37202e-01,2.34323e+00,4.64469e+01,3.85570e+00,3.93226e+01,4.92787e-01,7.13183e+01,2.85681e+00,1.46690e+00,6.64077e-01,8.73862e+00,4.79425e+00,4.36315e-01,2.18198e+00,6.41171e+00
1.41265e+00,4.00981e+01,2.25664e-01,7.19999e+01,4.61126e-01,6.34176e-01,2.32711e+00,4.58213e+01,3.85014e+00,3.92574e+01,4.85548e-01,7.18074e+01,2.85512e+00,1.46582e+00,6.63908e-01,8.70709e+00,4.80475e+00,4.35549e-01,2.17769e+00,6.40372e+00
1.42130e+00,4.01140e+01,2.25102e-01,7.21960e+01,4.53095e-01,6.31275e-01,2.31120e+00,4.51323e+01,3.84477e+00,3.91147e+01,4.78556e-01,7.23240e+01,2.85460e+00,1.46445e+00,6.64123e-01,8.68226e+00,4.82899e+00,4.34771e-01,2.17471e+00,6.39449e+00
1.42903e+00,4.01309e+01,2.24564e-01,7.22829e+01,4.44566e-01,6.28511e-01,2.29540e+00,4.43982e+01,3.83951e+00,3.89056e+01,4.71873e-01,7.28798e+01,2.85549e+00,1.46271e+00,6.64604e-01,8.66315e+00,4.86179e+00,4.33973e-01,2.17343e+00,6.38434e+00
1.43531e+00,4.01498e+01,2.24034e-01,7.22806e+01,4.35997e-01,6.25861e-01,2.27963e+00,4.36344e+01,3.83429e+00,3.86405e+01,4.65539e-01,7.34829e+01,2.85808e+00,1.46058e+00,6.65236e-01,8.64863e+00,4.89565e+00,4.33174e-01,2.17386e+00,6.37343e+00
1.43966e+00,4.01732e+01,2.23513e-01,7.22008e+01,4.27643e-01,6.23357e-01,2.26383e+00,4.28529e+01,3.82913e+00,3.83271e+01,4.59605e-01,7.41388e+01,2.86262e+00,1.45808e+00,6.65942e-01,8.63848e+00,4.92436e+00,4.32369e-01,2.17632e+00,6.36186e+00
1.44198e+00,4.02048e+01,2.22999e-01,7.20452e+01,4.19652e-01,6.20977e-01,2.24795e+00,4.20606e+01,3.82404e+00,3.79720e+01,4.54092e-01,7.48477e+01,2.86915e+00,1.45526e+00,6.66640e-01,8.63214e+00,4.94518e+00,4.31560e-01,2.18074e+00,6.34971e+00
1.44226e+00,4.02512e+01,2.22510e-01,7.18079e+01,4.12117e-01,6.18699e-01,2.23200e+00,4.12618e+01,3.81893e+00,3.75816e+01,4.48979e-01,7.56027e+01,2.87769e+00,1.45220e+00,6.67229e-01,8.63067e+00,4.95903e+00,4.30757e-01,2.18707e+00,6.33706e+00
1.44065e+00,4.03229e+01,2.22027e-01,7.14792e+01,4.05155e-01,6.16535e-01,2.21604e+00,4.04600e+01,3.81383e+00,3.71607e+01,4.44205e-01,7.63926e+01,2.88804e+00,1.44894e+00,6.69850e-01,8.63556e+00,4.96922e+00,4.29973e-01,2.19495e+00,6.32391e+00
1.43745e+00,4.04370e+01,2.21543e-01,7.10510e+01,3.98777e-01,6.14475e-01,2.20011e+00,3.96578e+01,3.80871e+00,3.67150e+01,4.39688e-01,7.71994e+01,2.89981e+00,1.44559e+00,6.70963e-01,8.66137e+00,4.97938e+00,4.29206e-01,2.20377e+00,6.31028e+00
1.43302e+00,4.06180e+01,2.21066e-01,7.05221e+01,3.93002e-01,6.12514e-01,2.18432e+00,3.88577e+01,3.80351e+00,3.62497e+01,4.35343e-01,7.80032e+01,2.91246e+00,1.44221e+00,6.71170e-01,8.75693e+00,4.99221e+00,4.28465e-01,2.21251e+00,6.29623e+00
1.42776e+00,4.08962e+01,2.20592e-01,6.98969e+01,3.87830e-01,6.10663e-01,2.16871e+00,3.80621e+01,3.79823e+00,3.57696e+01,4.31085e-01,7.87822e+01,2.92545e+00,1.43887e+00,6.71249e-01,8.99915e+00,5.00877e+00,4.27743e-01,2.22014e+00,6.28171e+00
1.42206e+00,4.12984e+01,2.20140e-01,6.91864e+01,3.83214e-01,6.08895e-01,2.15335e+00,3.72734e+01,3.79289e+00,3.52790e+01,4.26849e-01,7.95156e+01,2.93813e+00,1.43559e+00,6.71184e-01,9.32650e+00,5.02854e+00,4.27046e-01,2.22567e+00,6.26672e+00
1.41621e+00,4.18301e+01,2.19706e-01,6.84059e+01,3.79142e-01,6.07217e-01,2.13824e+00,3.64943e+01,3.78743e+00,3.47814e+01,4.22599e-01,8.01848e+01,2.94995e+00,1.43235e+00,6.71153e-01,9.53329e+00,5.04987e+00,4.26365e-01,2.22817e+00,6.25112e+00
1.41050e+00,4.24650e+01,2.19269e-01,6.75715e+01,3.75542e-01,6.05618e-01,2.12347e+00,3.57257e+01,3.78186e+00,3.42824e+01,4.18327e-01,8.07765e+01,2.96035e+00,1.42917e+00,6.71465e-01,9.57271e+00,5.07043e+00,4.25692e-01,2.22748e+00,6.23493e+00
1.40521e+00,4.31545e+01,2.18833e-01,6.66995e+01,3.72404e-01,6.04160e-01,2.10906e+00,3.49694e+01,3.77621e+00,3.37847e+01,4.14046e-01,8.12796e+01,2.96905e+00,1.42604e+00,6.72518e-01,9.53095e+00,5.08787e+00,4.25025e-01,2.22338e+00,6.21802e+00
1.40039e+00,4.38513e+01,2.18386e-01,6.58039e+01,3.69677e-01,6.02932e-01,2.09509e+00,3.42265e+01,3.77043e+00,3.32912e+01,4.09769e-01,8.16873e+01,2.97571e+00,1.42291e+00,6.74688e-01,9.48679e+00,5.10015e+00,4.24336e-01,2.21638e+00,6.20020e+00
1.39614e+00,4.45274e+01,2.17961e-01,6.48959e+01,3.67282e-01,6.03009e-01,2.08162e+00,3.34966e+01,3.76460e+00,3.28045e+01,4.05539e-01,8.19989e+01,2.98017e+00,1.41978e+00,6.78180e-01,9.48012e+00,5.10569e+00,4.23600e-01,2.20693e+00,6.18149e+00
1.39249e+00,4.51776e+01,2.17528e-01,6.39823e+01,3.65206e-01,6.07857e-01,2.06872e+00,3.27806e+01,3.75867e+00,3.23267e+01,4.01383e-01,8.22154e+01,2.98250e+00,1.41665e+00,6.82970e-01,9.51839e+00,5.10360e+00,4.22832e-01,2.19585e+00,6.16185e+00
1.38938e+00,4.58123e+01,2.17082e-01,6.30672e+01,3.63389e-01,6.19690e-01,2.05646e+00,3.20791e+01,3.75262e+00,3.18597e+01,3.97321e-01,8.23423e+01,2.98278e+00,1.41352e+00,6.88788e-01,9.58618e+00,5.09363e+00,4.22030e-01,2.18369e+00,6.14120e+00
1.38680e+00,4.64494e+01,2.16642e-01,6.21523e+01,3.61787e-01,6.34491e-01,2.04494e+00,3.13926e+01,3.74647e+00,3.14047e+01,3.93383e-01,8.23847e+01,2.98114e+00,1.41041e+00,6.95227e-01,9.66030e+00,5.07618e+00,4.21185e-01,2.17121e+00,6.11964e+00
1.38459e+00,4.71163e+01,2.16201e-01,6.12379e+01,3.60378e-01,6.47294e-01,2.03423e+00,3.07216e+01,3.74023e+00,3.09631e+01,3.89591e-01,8.23501e+01,2.97775e+00,1.40733e+00,7.01829e-01,9.72290e+00,5.05217e+00,4.20292e-01,2.15882e+00,6.09717e+00
1.38264e+00,4.78566e+01,2.15768e-01,6.03248e+01,3.59105e-01,6.55784e-01,2.02448e+00,3.00667e+01,3.73393e+00,3.05355e+01,3.85965e-01,8.22465e+01,2.97287e+00,1.40427e+00,7.08212e-01,9.76551e+00,5.02281e+00,4.19345e-01,2.14710e+00,6.07379e+00
1.38078e+00,4.87254e+01,2.15352e-01,5.94142e+01,3.58001e-01,6.59594e-01,2.01585e+00,2.94289e+01,3.72750e+00,3.01226e+01,3.82546e-01,8.20825e+01,2.96671e+00,1.40121e+00,7.14107e-01,9.78758e+00,4.98932e+00,4.18372e-01,2.13618e+00,6.04961e+00
1.37887e+00,4.97560e+01,2.14927e-01,5.85074e+01,3.56990e-01,6.59380e-01,2.00863e+00,2.88083e+01,3.72101e+00,2.97246e+01,3.79347e-01,8.18668e+01,2.95950e+00,1.39819e+00,7.19353e-01,9.79512e+00,4.95302e+00,4.17390e-01,2.12629e+00,6.02480e+00
1.37680e+00,5.09286e+01,2.14501e-01,5.76071e+01,3.56107e-01,6.56310e-01,2.00320e+00,2.82059e+01,3.71444e+00,2.93418e+01,3.76429e-01,8.16067e+01,2.95142e+00,1.39523e+00,7.23917e-01,9.80371e+00,4.91496e+00,4.16404e-01,2.11760e+00,5.99934e+00
1.37441e+00,5.21895e+01,2.14074e-01,5.67155e+01,3.55290e-01,6.51507e-01,2.00012e+00,2.76237e+01,3.70778e+00,2.89741e+01,3.73836e-01,8.13112e+01,2.94261e+00,1.39229e+00,7.27790e-01,9.84776e+00,4.87624e+00,4.15395e-01,2.11015e+00,5.97335e+00
1.37162e+00,5.35021e+01,2.13660e-01,5.58348e+01,3.54494e-01,6.45837e-01,2.00032e+00,2.70620e+01,3.70108e+00,2.86215e+01,3.71609e-01,8.09872e+01,2.93317e+00,1.38939e+00,7.31007e-01,9.96890e+00,4.83766e+00,4.14368e-01,2.10377e+00,5.94691e+00
1.36836e+00,5.48614e+01,2.13236e-01,5.49664e+01,3.53742e-01,6.39846e-01,2.00497e+00,2.65220e+01,3.69430e+00,2.82842e+01,3.69760e-01,8.06463e+01,2.92325e+00,1.38653e+00,7.33609e-01,1.01687e+01,4.79988e+00,4.13353e-01,2.09861e+00,5.92022e+00
1.36467e+00,5.62524e+01,2.12799e-01,5.41114e+01,3.53023e-01,6.33890e-01,2.01538e+00,2.60050e+01,3.68747e+00,2.79616e+01,3.68299e-01,8.02996e+01,2.91296e+00,1.38373e+00,7.35641e-01,1.03972e+01,4.76326e+00,4.12360e-01,2.09429e+00,5.89335e+00
1.36051e+00,5.76143e+01,2.12366e-01,5.32707e+01,3.52338e-01,6.28160e-01,2.03241e+00,2.55114e+01,3.68060e+00,2.76526e+01,3.67201e-01,7.99599e+01,2.90236e+00,1.38096e+00,7.37147e-01,1.06070e+01,4.72818e+00,4.11371e-01,2.09079e+00,5.86644e+00
1.35591e+00,5.88604e+01,2.11941e-01,5.24449e+01,3.51688e-01,6.22753e-01,2.05580e+00,2.50412e+01,3.67368e+00,2.73581e+01,3.66441e-01,7.96449e+01,2.89154e+00,1.37823e+00,7.38147e-01,1.07814e+01,4.69488e+00,4.10385e-01,2.08779e+00,5.83956e+00
1.35091e+00,5.99308e+01,2.11520e-01,5.16346e+01,3.51027e-01,6.17709e-01,2.08375e+00,2.45935e+01,3.66674e+00,2.70771e+01,3.65995e-01,7.93738e+01,2.88055e+00,1.37552e+00,7.38648e-01,1.09193e+01,4.66350e+00,4.09402e-01,2.08507e+00,5.81286e+00
1.34567e+00,6.08223e+01,2.11100e-01,5.08409e+01,3.52353e-01,6.15576e-01,2.11425e+00,2.41698e+01,3.65976e+00,2.68195e+01,3.66143e-01,7.91836e+01,2.86945e+00,1.37282e+00,7.47194e-01,1.10219e+01,4.63398e+00,4.08433e-01,2.08240e+00,5.78646e+00
1.34024e+00,6.15898e+01,2.13253e-01,5.00663e+01,3.58639e-01,6.15163e-01,2.14724e+00,2.37786e+01,3.65555e+00,2.65865e+01,3.93280e-01,7.91579e+01,2.85834e+00,1.37101e+00,7.62315e-01,1.10917e+01,4.60796e+00,4.10645e-01,2.19640e+00,5.76040e+00
1.33559e+00,6.24382e+01,2.19306e-01,4.93158e+01,3.73048e-01,7.81941e-01,2.20799e+00,2.34480e+01,3.65244e+00,2.63977e+01,5.11661e-01,7.93297e+01,2.84725e+00,1.36906e+00,8.65736e-01,1.11331e+01,4.58547e+00,4.12018e-01,2.71445e+00,5.73482e+00
1.33072e+00,6.32553e+01,2.26677e-01,4.85964e+01,3.98281e-01,1.34509e+00,2.49986e+00,2.32175e+01,3.64982e+00,2.62608e+01,6.91860e-01,7.97749e+01,2.83684e+00,1.36703e+00,1.17197e+00,1.11503e+01,4.56447e+00,4.13275e-01,3.59698e+00,5.70985e+00
1.32573e+00,6.39290e+01,2.34382e-01,4.79088e+01,4.35410e-01,2.32707e+00,2.99961e+00,2.30468e+01,3.64785e+00,2.61821e+01,8.13907e-01,8.04601e+01,2.82620e+00,1.36529e+00,1.58078e+00,1.11460e+01,4.54488e+00,4.15948e-01,4.57604e+00,5.68540e+00
1.32070e+00,6.46451e+01,2.40315e-01,4.72448e+01,4.71442e-01,3.31568e+00,3.53537e+00,2.28474e+01,3.64623e+00,2.61580e+01,8.86669e-01,8.13704e+01,2.81575e+00,1.36386e+00,1.94705e+00,1.11230e+01,4.52644e+00,4.19728e-01,6.19704e+00,5.66155e+00
1.31594e+00,6.54476e+01,2.44753e-01,4.66115e+01,5.00273e-01,5.46358e+00,4.13972e+00,2.26215e+01,3.64432e+00,2.61742e+01,9.17765e-01,8.25374e+01,2.80636e+00,1.36286e+00,2.20714e+00,1.10841e+01,4.50960e+00,4.23765e-01,9.14083e+00,5.63843e+00
1.31171e+00,6.63326e+01,2.48127e-01,4.60194e+01,5.25493e-01,8.85403e+00,4.94682e+00,2.23907e+01,3.64256e+00,2.62185e+01,8.98131e-01,8.39955e+01,2.79655e+00,1.36219e+00,2.30519e+00,1.10324e+01,4.49381e+00,4.27545e-01,1.16969e+01,5.61595e+00
1.30810e+00,6.72941e+01,2.51621e-01,4.54737e+01,5.45165e-01,1.08676e+01,5.70354e+00,2.21559e+01,3.64138e+00,2.63104e+01,8.48814e-01,8.57281e+01,2.78693e+00,1.36177e+00,2.25489e+00,1.09708e+01,4.47857e+00,4.31113e-01,1.22596e+01,5.59411e+00
1.30503e+00,6.83125e+01,2.53954e-01,4.49855e+01,5.55412e-01,1.08503e+01,6.21575e+00,2.19198e+01,3.64089e+00,2.65133e+01,7.91789e-01,8.76435e+01,2.77758e+00,1.36174e+00,2.14032e+00,1.09011e+01,4.46385e+00,4.34539e-01,1.13561e+01,5.57309e+00
1.30238e+00,6.93562e+01,2.54962e-01,4.45686e+01,5.56133e-01,9.82313e+00,6.46107e+00,2.16884e+01,3.64117e+00,2.69206e+01,7.38610e-01,8.96249e+01,2.76837e+00,1.36218e+00,2.02016e+00,1.08255e+01,4.45008e+00,4.37710e-01,9.95701e+00,5.55286e+00
1.30008e+00,7.04015e+01,2.54534e-01,4.42505e+01,5.51028e-01,8.59919e+00,6.53675e+00,2.14757e+01,3.64195e+00,2.76120e+01,6.94460e-01,9.15934e+01,2.75938e+00,1.36303e+00,1.91856e+00,1.07457e+01,4.43760e+00,4.40278e-01,8.61146e+00,5.53320e+00
1.29803e+00,7.14137e+01,2.52942e-01,4.40756e+01,5.43940e-01,7.64330e+00,7.00799e+00,2.13053e+01,3.64324e+00,2.86076e+01,6.60173e-01,9.35095e+01,2.75072e+00,1.36409e+00,1.85241e+00,1.06634e+01,4.42654e+00,4.41932e-01,7.51653e+00,5.51410e+00
1.29635e+00,7.23242e+01,2.50837e-01,4.40811e+01,5.37201e-01,7.12469e+00,9.94049e+00,2.12131e+01,3.64493e+00,2.98380e+01,6.34553e-01,9.53247e+01,2.74247e+00,1.36517e+00,1.84512e+00,1.05796e+01,4.41696e+00,4.42494e-01,6.69904e+00,5.49554e+00
1.29498e+00,7.30473e+01,2.48738e-01,4.42686e+01,5.31501e-01,6.88723e+00,1.60675e+01,2.12335e+01,3.64694e+00,3.11638e+01,6.17269e-01,9.69688e+01,2.73463e+00,1.36618e+00,1.91716e+00,1.04955e+01,4.40872e+00,4.41922e-01,6.11700e+00,5.47750e+00
1.29401e+00,7.35238e+01,2.47155e-01,4.45952e+01,5.26456e-01,6.70805e+00,2.22142e+01,2.13754e+01,3.64883e+00,3.24277e+01,6.11010e-01,9.83895e+01,2.72714e+00,1.36709e+00,2.06429e+00,1.04118e+01,4.40145e+00,4.40401e-01,5.71139e+00,5.46002e+00
1.29339e+00,7.37466e+01,2.46371e-01,4.49850e+01,5.21244e-01,6.49284e+00,2.66331e+01,2.16122e+01,3.65029e+00,3.35137e+01,6.21891e-01,9.95937e+01,2.72003e+00,1.36798e+00,2.25653e+00,1.03294e+01,4.39477e+00,4.38183e-01,5.43046e+00,5.44307e+00
1.29303e+00,7.37525e+01,2.46399e-01,4.53504e+01,5.15225e-01,6.22429e+00,2.93613e+01,2.18953e+01,3.65110e+00,3.43766e+01,6.55974e-01,1.00645e+02,2.71324e+00,1.36895e+00,2.48127e+00,1.02485e+01,4.38866e+00,4.35592e-01,5.23486e+00,5.42668e+00
1.29284e+00,7.36003e+01,2.47024e-01,4.56453e+01,5.08034e-01,5.90374e+00,3.07574e+01,2.21793e+01,3.65108e+00,3.50515e+01,7.12801e-01,1.01621e+02,2.70675e+00,1.37009e+00,2.79813e+00,1.01699e+01,4.38320e+00,4.33061e-01,5.09043e+00,5.41079e+00
1.29268e+00,7.33467e+01,2.47769e-01,4.60958e+01,4.99706e-01,5.54229e+00,3.10560e+01,2.24415e+01,3.65007e+00,3.56406e+01,7.82886e-01,1.02570e+02,2.70054e+00,1.37137e+00,3.29005e+00,1.00936e+01,4.37846e+00,4.30890e-01,4.96333e+00,5.39545e+00
1.29242e+00,7.30341e+01,2.48131e-01,4.76693e+01,4.90442e-01,5.15779e+00,3.06152e+01,2.26887e+01,3.64804e+00,3.62891e+01,8.53350e-01,1.03495e+02,2.69453e+00,1.37274e+00,3.91594e+00,1.00197e+01,4.37432e+00,4.29486e-01,4.82542e+00,5.38064e+00
1.29195e+00,7.26887e+01,2.47867e-01,5.12795e+01,4.80556e-01,4.77001e+00,2.97641e+01,2.29487e+01,3.64514e+00,3.71356e+01,9.15459e-01,1.04363e+02,2.68876e+00,1.37405e+00,4.52152e+00,9.94816e+00,4.37070e+00,4.29028e-01,4.66238e+00,5.36629e+00
1.29119e+00,7.23237e+01,2.46806e-01,5.60788e+01,4.70293e-01,4.39656e+00,2.86451e+01,2.32518e+01,3.64151e+00,3.82475e+01,9.67121e-01,1.05138e+02,2.68317e+00,1.37526e+00,4.95993e+00,9.87859e+00,4.36731e+00,4.29778e-01,4.47397e+00,5.35246e+00
1.29016e+00,7.19465e+01,2.44880e-01,6.04360e+01,4.59997e-01,4.04973e+00,2.73007e+01,2.36101e+01,3.63722e+00,3.95523e+01,1.01219e+00,1.05801e+02,2.67775e+00,1.37626e+00,5.17752e+00,9.81099e+00,4.36402e+00,4.31836e-01,4.26986e+00,5.33910e+00
1.28886e+00,7.15583e+01,2.42323e-01,6.35653e+01,4.49825e-01,3.73629e+00,2.57757e+01,2.40092e+01,3.63253e+00,4.08336e+01,1.06456e+00,1.06365e+02,2.67250e+00,1.37700e+00,5.20734e+00,9.74523e+00,4.36062e+00,4.35148e-01,4.06219e+00,5.32624e+00
1.28726e+00,7.11554e+01,2.39281e-01,6.54964e+01,4.39964e-01,3.45834e+00,2.41428e+01,2.44180e+01,3.62750e+00,4.18152e+01,1.16883e+00,1.06871e+02,2.66739e+00,1.37739e+00,5.10772e+00,9.68145e+00,4.35697e+00,4.39606e-01,3.86136e+00,5.31381e+00
1.28544e+00,7.07308e+01,2.35979e-01,6.65596e+01,4.30549e-01,3.21456e+00,2.24818e+01,2.48080e+01,3.62236e+00,4.22784e+01,1.41076e+00,1.07375e+02,2.66238e+00,1.37739e+00,4.92886e+00,9.61981e+00,4.35296e+00,4.44913e-01,3.67434e+00,5.30185e+00
1.28337e+00,7.02746e+01,2.32579e-01,6.70413e+01,4.21672e-01,3.00161e+00,2.08547e+01,2.51729e+01,3.61699e+00,4.21372e+01,1.82539e+00,1.07929e+02,2.65751e+00,1.37694e+00,4.70969e+00,9.56060e+00,4.34846e+00,4.50652e-01,3.50488e+00,5.29036e+00
