2.96430e+05,3.15945e+05,2.78924e+05,3.20227e+05,2.73098e+05,3.13062e+05,3.22476e+05,3.22481e+05,3.02025e+05,2.96664e+05,3.12191e+05,2.90617e+05,3.03810e+05,3.05388e+05,3.26294e+05,3.18438e+05,3.02269e+05,3.06265e+05,3.02739e+05,3.08554e+05
1.00000e-02,1.00000e-02,1.00000e-02,1.00000e-02,1.00000e-02,1.00000e-02,1.00000e-02,1.00000e-02,1.00000e-02,1.00000e-02,1.00000e-02,1.00000e-02,1.00000e-02,1.00000e-02,1.00000e-02,1.00000e-02,1.00000e-02,1.00000e-02,1.00000e-02,1.00000e-02
1.67941e-02,1.23627e-02,2.69490e-02,1.64498e-02,2.57088e-02,1.64428e-02,1.72080e-02,2.63908e-02,1.47127e-02,1.22841e-02,1.69377e-02,1.09982e-02,1.72262e-02,1.71587e-02,1.33004e-02,1.57540e-02,1.76177e-02,1.25068e-02,3.24072e-02,1.47495e-02
2.68424e-02,1.35828e-02,4.71623e-02,2.88751e-02,4.23690e-02,2.47423e-02,3.07614e-02,4.02063e-02,2.22897e-02,1.53537e-02,2.85819e-02,1.20175e-02,2.38031e-02,2.43268e-02,1.49567e-02,2.43127e-02,2.57944e-02,1.44404e-02,7.08737e-02,2.02718e-02
3.33910e-02,1.43095e-02,6.86130e-02,4.09944e-02,6.33813e-02,3.45250e-02,4.57306e-02,4.78960e-02,3.27881e-02,2.11193e-02,3.99142e-02,1.30743e-02,2.84180e-02,3.43823e-02,1.59694e-02,3.73679e-02,3.26107e-02,1.87997e-02,9.89491e-02,2.65846e-02
3.68010e-02,1.51084e-02,8.87460e-02,4.84113e-02,8.78377e-02,4.47237e-02,5.75836e-02,5.02391e-02,4.37717e-02,3.24616e-02,4.81792e-02,1.42056e-02,3.31280e-02,4.69216e-02,1.71753e-02,5.20860e-02,3.84326e-02,2.57940e-02,1.19728e-01,3.31018e-02
3.98057e-02,1.65396e-02,1.08017e-01,5.23299e-02,1.12477e-01,5.50096e-02,6.53920e-02,5.09398e-02,5.41910e-02,5.63953e-02,5.36291e-02,1.54561e-02,4.00921e-02,5.95234e-02,1.89447e-02,6.76484e-02,4.44963e-02,3.36597e-02,1.39715e-01,4.03255e-02
4.45066e-02,1.92730e-02,1.27737e-01,5.49782e-02,1.36150e-01,6.64821e-02,7.07144e-02,5.22990e-02,6.37913e-02,1.06433e-01,5.73147e-02,1.68788e-02,4.87469e-02,7.07154e-02,2.14683e-02,8.43344e-02,5.02487e-02,4.09412e-02,1.61054e-01,4.93091e-02
5.23075e-02,2.40773e-02,1.47660e-01,5.79153e-02,1.58840e-01,8.09804e-02,7.54061e-02,5.50179e-02,7.26370e-02,1.88730e-01,5.99023e-02,1.85358e-02,5.63107e-02,8.07502e-02,2.46891e-02,1.01749e-01,5.44612e-02,4.71450e-02,1.83505e-01,6.05511e-02
6.42436e-02,3.16290e-02,1.65485e-01,6.19699e-02,1.80984e-01,9.98464e-02,8.08216e-02,5.86173e-02,8.09666e-02,2.87376e-01,6.15729e-02,2.04984e-02,6.07042e-02,9.10720e-02,2.82955e-02,1.19151e-01,5.67421e-02,5.25695e-02,2.07090e-01,7.40058e-02
8.09231e-02,4.25110e-02,1.78274e-01,6.74051e-02,2.03644e-01,1.23230e-01,8.75985e-02,6.23087e-02,8.92696e-02,3.75823e-01,6.25994e-02,2.28474e-02,6.17120e-02,1.03191e-01,3.19626e-02,1.35886e-01,5.76999e-02,5.78806e-02,2.32234e-01,8.89384e-02
1.02968e-01,5.67043e-02,1.84377e-01,7.39958e-02,2.27853e-01,1.50127e-01,9.54435e-02,6.54032e-02,9.80167e-02,4.37954e-01,6.34296e-02,2.56737e-02,6.03055e-02,1.17974e-01,3.54023e-02,1.50985e-01,5.82568e-02,6.40409e-02,2.59014e-01,1.04315e-01
1.30652e-01,7.33333e-02,1.84051e-01,8.12332e-02,2.53686e-01,1.78476e-01,1.03244e-01,6.77403e-02,1.07768e-01,4.72739e-01,6.45146e-02,2.91036e-02,5.78728e-02,1.35674e-01,3.85739e-02,1.63972e-01,5.91650e-02,7.21268e-02,2.86842e-01,1.18929e-01
1.63637e-01,9.10123e-02,1.78637e-01,8.88001e-02,2.80373e-01,2.05705e-01,1.10265e-01,6.93238e-02,1.19174e-01,4.87565e-01,6.61503e-02,3.33086e-02,5.54137e-02,1.55666e-01,4.15986e-02,1.74708e-01,6.08852e-02,8.26328e-02,3.15042e-01,1.32144e-01
2.01563e-01,1.08194e-01,1.70025e-01,9.65890e-02,3.06250e-01,2.29122e-01,1.16275e-01,7.04237e-02,1.32946e-01,4.91404e-01,6.83812e-02,3.84742e-02,5.36940e-02,1.76599e-01,4.46766e-02,1.83582e-01,6.37272e-02,9.49003e-02,3.42817e-01,1.43712e-01
2.44453e-01,1.23660e-01,1.59955e-01,1.04767e-01,3.29130e-01,2.46784e-01,1.21735e-01,7.12506e-02,1.49880e-01,4.91484e-01,7.10250e-02,4.48022e-02,5.34005e-02,1.97122e-01,4.79978e-02,1.91564e-01,6.79041e-02,1.07267e-01,3.69936e-01,1.53827e-01
2.92899e-01,1.36755e-01,1.49608e-01,1.13710e-01,3.47066e-01,2.57785e-01,1.27348e-01,7.19789e-02,1.70730e-01,4.92379e-01,7.37805e-02,5.24886e-02,5.51659e-02,2.16261e-01,5.17048e-02,1.99952e-01,7.35045e-02,1.17731e-01,3.96246e-01,1.62802e-01
3.47157e-01,1.47219e-01,1.39835e-01,1.23734e-01,3.59306e-01,2.62370e-01,1.33625e-01,7.27862e-02,1.95949e-01,4.96330e-01,7.63397e-02,6.17243e-02,6.00027e-02,2.33688e-01,5.58601e-02,2.09894e-01,8.03625e-02,1.25018e-01,4.21747e-01,1.71494e-01
4.05964e-01,1.55167e-01,1.30981e-01,1.35169e-01,3.66002e-01,2.61422e-01,1.40554e-01,7.37267e-02,2.25505e-01,5.03834e-01,7.84626e-02,7.26961e-02,6.92941e-02,2.49553e-01,6.04235e-02,2.22298e-01,8.80834e-02,1.28743e-01,4.46339e-01,1.80670e-01
4.65887e-01,1.60918e-01,1.23352e-01,1.48208e-01,3.68001e-01,2.56243e-01,1.47703e-01,7.48156e-02,2.58408e-01,5.14360e-01,8.00953e-02,8.55961e-02,8.45788e-02,2.64072e-01,6.52982e-02,2.37728e-01,9.61156e-02,1.29267e-01,4.69967e-01,1.90772e-01
5.21887e-01,1.64924e-01,1.16850e-01,1.62996e-01,3.66274e-01,2.48202e-01,1.54332e-01,7.61385e-02,2.93017e-01,5.26817e-01,8.12664e-02,1.00631e-01,1.06762e-01,2.77421e-01,7.03909e-02,2.56369e-01,1.03896e-01,1.27395e-01,4.92467e-01,2.01995e-01
5.69444e-01,1.67691e-01,1.11501e-01,1.79647e-01,3.61648e-01,2.38505e-01,1.59870e-01,7.77103e-02,3.27171e-01,5.39965e-01,8.20410e-02,1.18032e-01,1.35330e-01,2.89494e-01,7.55482e-02,2.78197e-01,1.11072e-01,1.23997e-01,5.13784e-01,2.14320e-01
6.05853e-01,1.69699e-01,1.07088e-01,1.98126e-01,3.54739e-01,2.28191e-01,1.64110e-01,7.94970e-02,3.58852e-01,5.52675e-01,8.25789e-02,1.38066e-01,1.67862e-01,3.00267e-01,8.06816e-02,3.02908e-01,1.17575e-01,1.19865e-01,5.33993e-01,2.27322e-01
6.30911e-01,1.71381e-01,1.03425e-01,2.18404e-01,3.46020e-01,2.17962e-01,1.67115e-01,8.16353e-02,3.86472e-01,5.64140e-01,8.29718e-02,1.61040e-01,2.01155e-01,3.09571e-01,8.57847e-02,3.29947e-01,1.23480e-01,1.15625e-01,5.53388e-01,2.40717e-01
6.46417e-01,1.73007e-01,1.00306e-01,2.40424e-01,3.35863e-01,2.08374e-01,1.69156e-01,8.42389e-02,4.09108e-01,5.73918e-01,8.33117e-02,1.87271e-01,2.32330e-01,3.17433e-01,9.09221e-02,3.58350e-01,1.29175e-01,1.11795e-01,5.72430e-01,2.54257e-01
6.55033e-01,1.74816e-01,9.76064e-02,2.63977e-01,3.24629e-01,1.99789e-01,1.70526e-01,8.74363e-02,4.26592e-01,5.81871e-01,8.36869e-02,2.17064e-01,2.59677e-01,3.24171e-01,9.62236e-02,3.86893e-01,1.35120e-01,1.08774e-01,5.91093e-01,2.67676e-01
6.59196e-01,1.76897e-01,9.51143e-02,2.88932e-01,3.12743e-01,1.92380e-01,1.71667e-01,9.13352e-02,4.39246e-01,5.88249e-01,8.41406e-02,2.50649e-01,2.82728e-01,3.30173e-01,1.01915e-01,4.14284e-01,1.41868e-01,1.06911e-01,6.09128e-01,2.80974e-01
6.60925e-01,1.79195e-01,9.27914e-02,3.15031e-01,3.00580e-01,1.86239e-01,1.72882e-01,9.61235e-02,4.47813e-01,5.93465e-01,8.47160e-02,2.88057e-01,3.02029e-01,3.36061e-01,1.08289e-01,4.39591e-01,1.49924e-01,1.06522e-01,6.26166e-01,2.94333e-01
6.61468e-01,1.81703e-01,9.05535e-02,3.42141e-01,2.88522e-01,1.81491e-01,1.74471e-01,1.01875e-01,4.53275e-01,5.98138e-01,8.54322e-02,3.29124e-01,3.18445e-01,3.42361e-01,1.15691e-01,4.62234e-01,1.59664e-01,1.07827e-01,6.41559e-01,3.08130e-01
6.61499e-01,1.84372e-01,8.83683e-02,3.70049e-01,2.76730e-01,1.78107e-01,1.76630e-01,1.08543e-01,4.56651e-01,6.02947e-01,8.62914e-02,3.73463e-01,3.33038e-01,3.49475e-01,1.24448e-01,4.82200e-01,1.71326e-01,1.11103e-01,6.55153e-01,3.22887e-01
6.61128e-01,1.87192e-01,8.62965e-02,3.98588e-01,2.65512e-01,1.76131e-01,1.79476e-01,1.16223e-01,4.58899e-01,6.08584e-01,8.73048e-02,4.20482e-01,3.46787e-01,3.57568e-01,1.34954e-01,4.99950e-01,1.84814e-01,1.16454e-01,6.67015e-01,3.39382e-01
6.60223e-01,1.90197e-01,8.43142e-02,4.27624e-01,2.54982e-01,1.75602e-01,1.83057e-01,1.24735e-01,4.60934e-01,6.15756e-01,8.84716e-02,4.69416e-01,3.60507e-01,3.66710e-01,1.47466e-01,5.16288e-01,1.99766e-01,1.23767e-01,6.77438e-01,3.58443e-01
6.58571e-01,1.93440e-01,8.24337e-02,4.56980e-01,2.45172e-01,1.76527e-01,1.87464e-01,1.33941e-01,4.63530e-01,6.25124e-01,8.97621e-02,5.19407e-01,3.74722e-01,3.76689e-01,1.62113e-01,5.32339e-01,2.15600e-01,1.32756e-01,6.87290e-01,3.81047e-01
6.56056e-01,1.97083e-01,8.06645e-02,4.86607e-01,2.36184e-01,1.79058e-01,1.92667e-01,1.43745e-01,4.67310e-01,6.37285e-01,9.12123e-02,5.69639e-01,3.89781e-01,3.87253e-01,1.78911e-01,5.49334e-01,2.31601e-01,1.42943e-01,6.97340e-01,4.08201e-01
6.52634e-01,2.01343e-01,7.90324e-02,5.16371e-01,2.28121e-01,1.83290e-01,1.98541e-01,1.53969e-01,4.72637e-01,6.52744e-01,9.28699e-02,6.19380e-01,4.05838e-01,3.97962e-01,1.97718e-01,5.68620e-01,2.47054e-01,1.53644e-01,7.08704e-01,4.40818e-01
6.48542e-01,2.06486e-01,7.75058e-02,5.46370e-01,2.20882e-01,1.89433e-01,2.04964e-01,1.64532e-01,4.79718e-01,6.71906e-01,9.46866e-02,6.68056e-01,4.22929e-01,4.08592e-01,2.18261e-01,5.91506e-01,2.61495e-01,1.64115e-01,7.22204e-01,4.79348e-01
6.43986e-01,2.12711e-01,7.61396e-02,5.76628e-01,2.14489e-01,1.97681e-01,2.11685e-01,1.75230e-01,4.88445e-01,6.95000e-01,9.67430e-02,7.15275e-01,4.41090e-01,4.18934e-01,2.40349e-01,6.18990e-01,2.74583e-01,1.73645e-01,7.38719e-01,5.23626e-01
6.39459e-01,2.20329e-01,7.49531e-02,6.07304e-01,2.08846e-01,2.08169e-01,2.18598e-01,1.86051e-01,4.98612e-01,7.22234e-01,9.91074e-02,7.60834e-01,4.60137e-01,4.29018e-01,2.63807e-01,6.51442e-01,2.86153e-01,1.81761e-01,7.58599e-01,5.73052e-01
6.35424e-01,2.29469e-01,7.38542e-02,6.38440e-01,2.03977e-01,2.21007e-01,2.25630e-01,1.96923e-01,5.09960e-01,7.53535e-01,1.01857e-01,8.04733e-01,4.80056e-01,4.39201e-01,2.88552e-01,6.88679e-01,2.96176e-01,1.88081e-01,7.82143e-01,6.26446e-01
6.32360e-01,2.40271e-01,7.28868e-02,6.70137e-01,1.99710e-01,2.36190e-01,2.32738e-01,2.07842e-01,5.22205e-01,7.88854e-01,1.05165e-01,8.47082e-01,5.00960e-01,4.50335e-01,3.14558e-01,7.29509e-01,3.04772e-01,1.92440e-01,8.09241e-01,6.82283e-01
6.30777e-01,2.52670e-01,7.20832e-02,7.02452e-01,1.96075e-01,2.53449e-01,2.40048e-01,2.18784e-01,5.35323e-01,8.27844e-01,1.09123e-01,8.88121e-01,5.23011e-01,4.63590e-01,3.41769e-01,7.72080e-01,3.12059e-01,1.94892e-01,8.39639e-01,7.38959e-01
6.31044e-01,2.66514e-01,7.13914e-02,7.35396e-01,1.93042e-01,2.72302e-01,2.47772e-01,2.29693e-01,5.49393e-01,8.70261e-01,1.13888e-01,9.28208e-01,5.46556e-01,4.80466e-01,3.70052e-01,8.14203e-01,3.18143e-01,1.95644e-01,8.72636e-01,7.94868e-01
6.33399e-01,2.81451e-01,7.07998e-02,7.68855e-01,1.90529e-01,2.92139e-01,2.56221e-01,2.40641e-01,5.64830e-01,9.15553e-01,1.19562e-01,9.67734e-01,5.72185e-01,5.02627e-01,3.99039e-01,8.53793e-01,3.23257e-01,1.94942e-01,9.07480e-01,8.48797e-01
6.38019e-01,2.97074e-01,7.03210e-02,8.02793e-01,1.88451e-01,3.12343e-01,2.65693e-01,2.51649e-01,5.82084e-01,9.63357e-01,1.26183e-01,1.00707e+00,6.00868e-01,5.31468e-01,4.28284e-01,8.89212e-01,3.27507e-01,1.93076e-01,9.43601e-01,8.99543e-01
6.44698e-01,3.12876e-01,6.99353e-02,8.37003e-01,1.86792e-01,3.32303e-01,2.76554e-01,2.62707e-01,6.01674e-01,1.01304e+00,1.33684e-01,1.04662e+00,6.33666e-01,5.67318e-01,4.57232e-01,9.19462e-01,3.31078e-01,1.90338e-01,9.80251e-01,9.46141e-01
6.53011e-01,3.28416e-01,6.96423e-02,8.71284e-01,1.85530e-01,3.51595e-01,2.89130e-01,2.73769e-01,6.23971e-01,1.06415e+00,1.41873e-01,1.08673e+00,6.71660e-01,6.09149e-01,4.85238e-01,9.44270e-01,3.34046e-01,1.86924e-01,1.01680e+00,9.87990e-01
6.62408e-01,3.43281e-01,6.94133e-02,9.05314e-01,1.84526e-01,3.69998e-01,3.03639e-01,2.84867e-01,6.49336e-01,1.11610e+00,1.50475e-01,1.12775e+00,7.15970e-01,6.54210e-01,5.11997e-01,9.63771e-01,3.36542e-01,1.83124e-01,1.05258e+00,1.02468e+00
6.72203e-01,3.57149e-01,6.92676e-02,9.38840e-01,1.83807e-01,3.87527e-01,3.20237e-01,2.96060e-01,6.77584e-01,1.16850e+00,1.59059e-01,1.16997e+00,7.66983e-01,6.98867e-01,5.37080e-01,9.78637e-01,3.38678e-01,1.79081e-01,1.08749e+00,1.05596e+00
6.81626e-01,3.69827e-01,6.91721e-02,9.71524e-01,1.83319e-01,4.04260e-01,3.38918e-01,3.07393e-01,7.08399e-01,1.22087e+00,1.67286e-01,1.21363e+00,8.24703e-01,7.39470e-01,5.60363e-01,9.89479e-01,3.40468e-01,1.74947e-01,1.12112e+00,1.08185e+00
6.89971e-01,3.81212e-01,6.91475e-02,1.00309e+00,1.83085e-01,4.20435e-01,3.59592e-01,3.18985e-01,7.41199e-01,1.27285e+00,1.74836e-01,1.25890e+00,8.87893e-01,7.73164e-01,5.81824e-01,9.97014e-01,3.42067e-01,1.70823e-01,1.15327e+00,1.10242e+00
6.96743e-01,3.91345e-01,6.91279e-02,1.03322e+00,1.83003e-01,4.36191e-01,3.81923e-01,3.30858e-01,7.75165e-01,1.32412e+00,1.81467e-01,1.30591e+00,9.54700e-01,7.98487e-01,6.01288e-01,1.00206e+00,3.43506e-01,1.66791e-01,1.18413e+00,1.11804e+00
7.01498e-01,4.00287e-01,6.90836e-02,1.06165e+00,1.83053e-01,4.51505e-01,4.05556e-01,3.43377e-01,8.09458e-01,1.37448e+00,1.87065e-01,1.35471e+00,1.02261e+00,8.15152e-01,6.18790e-01,1.00520e+00,3.44908e-01,1.62917e-01,1.21328e+00,1.12899e+00
7.04104e-01,4.08196e-01,6.91096e-02,1.08837e+00,1.83229e-01,4.66392e-01,4.29880e-01,3.56407e-01,8.43272e-01,1.42381e+00,1.91589e-01,1.40529e+00,1.08900e+00,8.23945e-01,6.34220e-01,1.00705e+00,3.46331e-01,1.59234e-01,1.24086e+00,1.13588e+00
7.04477e-01,4.15222e-01,6.91610e-02,1.11325e+00,1.83533e-01,4.80627e-01,4.54330e-01,3.70141e-01,8.75961e-01,1.47202e+00,1.95110e-01,1.45755e+00,1.15140e+00,8.25961e-01,6.47481e-01,1.00803e+00,3.47870e-01,1.55755e-01,1.26657e+00,1.13916e+00
7.02821e-01,4.21529e-01,6.92335e-02,1.13634e+00,1.83877e-01,4.93948e-01,4.78131e-01,3.84646e-01,9.07047e-01,1.51923e+00,1.97733e-01,1.51132e+00,1.20798e+00,8.22552e-01,6.58375e-01,1.00869e+00,3.49618e-01,1.52530e-01,1.29015e+00,1.13943e+00
6.99235e-01,4.27350e-01,6.93101e-02,1.15782e+00,1.84311e-01,5.06103e-01,5.00810e-01,3.99976e-01,9.36196e-01,1.56543e+00,1.99637e-01,1.56631e+00,1.25755e+00,8.15033e-01,6.66902e-01,1.00942e+00,3.51668e-01,1.49515e-01,1.31156e+00,1.13738e+00
6.94086e-01,4.32800e-01,6.93872e-02,1.17799e+00,1.84784e-01,5.16912e-01,5.21772e-01,4.16075e-01,9.63196e-01,1.61079e+00,2.00998e-01,1.62226e+00,1.29976e+00,8.04487e-01,6.72890e-01,1.01062e+00,3.54074e-01,1.46782e-01,1.33048e+00,1.13353e+00
6.87689e-01,4.38092e-01,6.94691e-02,1.19714e+00,1.85287e-01,5.26262e-01,5.40767e-01,4.32880e-01,9.88074e-01,1.65545e+00,2.02048e-01,1.67884e+00,1.33435e+00,7.91908e-01,6.76383e-01,1.01249e+00,3.56966e-01,1.44256e-01,1.34689e+00,1.12844e+00
6.80280e-01,4.43344e-01,6.95713e-02,1.21568e+00,1.85848e-01,5.34250e-01,5.57680e-01,4.50320e-01,1.01080e+00,1.69932e+00,2.02975e-01,1.73564e+00,1.36174e+00,7.77952e-01,6.77522e-01,1.01527e+00,3.60414e-01,1.42017e-01,1.36043e+00,1.12269e+00
6.72088e-01,4.48687e-01,6.97057e-02,1.23407e+00,1.86392e-01,5.41063e-01,5.72496e-01,4.68160e-01,1.03140e+00,1.74237e+00,2.04009e-01,1.79218e+00,1.38263e+00,7.63231e-01,6.76414e-01,1.01907e+00,3.64442e-01,1.39954e-01,1.37110e+00,1.11679e+00
6.63477e-01,4.54214e-01,6.98617e-02,1.25275e+00,1.86932e-01,5.46963e-01,5.85354e-01,4.86310e-01,1.05008e+00,1.78422e+00,2.05326e-01,1.84811e+00,1.39772e+00,7.48207e-01,6.73224e-01,1.02396e+00,3.69102e-01,1.38106e-01,1.37879e+00,1.11111e+00
6.54657e-01,4.60032e-01,7.00100e-02,1.27222e+00,1.87530e-01,5.52113e-01,5.96529e-01,5.04650e-01,1.06682e+00,1.82464e+00,2.07081e-01,1.90303e+00,1.40783e+00,7.33254e-01,6.68211e-01,1.02992e+00,3.74422e-01,1.36423e-01,1.38347e+00,1.10596e+00
6.45746e-01,4.66224e-01,7.01890e-02,1.29294e+00,1.88114e-01,5.56863e-01,6.06507e-01,5.23078e-01,1.08198e+00,1.86314e+00,2.09457e-01,1.95660e+00,1.41369e+00,7.18569e-01,6.61632e-01,1.03671e+00,3.80426e-01,1.34920e-01,1.38535e+00,1.10144e+00
6.36915e-01,4.72873e-01,7.03492e-02,1.31545e+00,1.88666e-01,5.61422e-01,6.15537e-01,5.41577e-01,1.09558e+00,1.89923e+00,2.12696e-01,2.00852e+00,1.41620e+00,7.04320e-01,6.53765e-01,1.04428e+00,3.87128e-01,1.33621e-01,1.38459e+00,1.09771e+00
6.28259e-01,4.80140e-01,7.05121e-02,1.34029e+00,1.89157e-01,5.65896e-01,6.24074e-01,5.60216e-01,1.10789e+00,1.93253e+00,2.16827e-01,2.05854e+00,1.41608e+00,6.90618e-01,6.44842e-01,1.05238e+00,3.94491e-01,1.32463e-01,1.38131e+00,1.09480e+00
6.19911e-01,4.88013e-01,7.06319e-02,1.36792e+00,1.89611e-01,5.70435e-01,6.32411e-01,5.79071e-01,1.11901e+00,1.96258e+00,2.22010e-01,2.10652e+00,1.41376e+00,6.77490e-01,6.35185e-01,1.06086e+00,4.02513e-01,1.31495e-01,1.37578e+00,1.09251e+00
6.11941e-01,4.96659e-01,7.07618e-02,1.39889e+00,1.90107e-01,5.74976e-01,6.40799e-01,5.98294e-01,1.12928e+00,1.98918e+00,2.28175e-01,2.15239e+00,1.41012e+00,6.65063e-01,6.24867e-01,1.06944e+00,4.11021e-01,1.30653e-01,1.36834e+00,1.09079e+00
6.04300e-01,5.06272e-01,7.09117e-02,1.43365e+00,1.90600e-01,5.79512e-01,6.49459e-01,6.18199e-01,1.13885e+00,2.01210e+00,2.35329e-01,2.19611e+00,1.40548e+00,6.53318e-01,6.14223e-01,1.07794e+00,4.19992e-01,1.29967e-01,1.35933e+00,1.08937e+00
5.97128e-01,5.17068e-01,7.10531e-02,1.47256e+00,1.91110e-01,5.83750e-01,6.58609e-01,6.39321e-01,1.14802e+00,2.03144e+00,2.43304e-01,2.23775e+00,1.40020e+00,6.42346e-01,6.03398e-01,1.08624e+00,4.29356e-01,1.29395e-01,1.34914e+00,1.08807e+00
5.90448e-01,5.29218e-01,7.12161e-02,1.51584e+00,1.91620e-01,5.87726e-01,6.68248e-01,6.61931e-01,1.15694e+00,2.04731e+00,2.51954e-01,2.27754e+00,1.39482e+00,6.32126e-01,5.92491e-01,1.09429e+00,4.39036e-01,1.28949e-01,1.33796e+00,1.08672e+00
5.84232e-01,5.42945e-01,7.13938e-02,1.56362e+00,1.92018e-01,5.91185e-01,6.78384e-01,6.86701e-01,1.16578e+00,2.05989e+00,2.61019e-01,2.31564e+00,1.38948e+00,6.22604e-01,5.81635e-01,1.10203e+00,4.49024e-01,1.28598e-01,1.32616e+00,1.08504e+00
5.78499e-01,5.58551e-01,7.16005e-02,1.61587e+00,1.92426e-01,5.94006e-01,6.89057e-01,7.14234e-01,1.17488e+00,2.06964e+00,2.70229e-01,2.35233e+00,1.38446e+00,6.13804e-01,5.71034e-01,1.10944e+00,4.59272e-01,1.28336e-01,1.31408e+00,1.08288e+00
5.73241e-01,5.76279e-01,7.18128e-02,1.67230e+00,1.92840e-01,5.96140e-01,7.00151e-01,7.44960e-01,1.18439e+00,2.07699e+00,2.79335e-01,2.38796e+00,1.37978e+00,6.05703e-01,5.60716e-01,1.11677e+00,4.69789e-01,1.28155e-01,1.30191e+00,1.08038e+00
5.68442e-01,5.96470e-01,7.20127e-02,1.73235e+00,1.93256e-01,5.97515e-01,7.11473e-01,7.79531e-01,1.19444e+00,2.08233e+00,2.88121e-01,2.42286e+00,1.37563e+00,5.98326e-01,5.50725e-01,1.12406e+00,4.80743e-01,1.28032e-01,1.28979e+00,1.07734e+00
5.64123e-01,6.19225e-01,7.22444e-02,1.79541e+00,1.93624e-01,5.98097e-01,7.22886e-01,8.18166e-01,1.20519e+00,2.08630e+00,2.96411e-01,2.45740e+00,1.37200e+00,5.91544e-01,5.41112e-01,1.13156e+00,4.92321e-01,1.27969e-01,1.27793e+00,1.07383e+00
5.60271e-01,6.44813e-01,7.24087e-02,1.86060e+00,1.94007e-01,5.97935e-01,7.34393e-01,8.61218e-01,1.21665e+00,2.08930e+00,3.04030e-01,2.49195e+00,1.36892e+00,5.85430e-01,5.31971e-01,1.13956e+00,5.04728e-01,1.27951e-01,1.26667e+00,1.06982e+00
5.56788e-01,6.73262e-01,7.25520e-02,1.92700e+00,1.94364e-01,5.97073e-01,7.45704e-01,9.08389e-01,1.22895e+00,2.09200e+00,3.10917e-01,2.52692e+00,1.36629e+00,5.79924e-01,5.23250e-01,1.14830e+00,5.18194e-01,1.27963e-01,1.25601e+00,1.06536e+00
5.53679e-01,7.04543e-01,7.26716e-02,1.99377e+00,1.94682e-01,5.95561e-01,7.56987e-01,9.59139e-01,1.24180e+00,2.09489e+00,3.17043e-01,2.56264e+00,1.36418e+00,5.74988e-01,5.15040e-01,1.15813e+00,5.33086e-01,1.28063e-01,1.24604e+00,1.06056e+00
5.51042e-01,7.38577e-01,7.27652e-02,2.06035e+00,1.94983e-01,5.93450e-01,7.68065e-01,1.01259e+00,1.25532e+00,2.09857e+00,3.22401e-01,2.59951e+00,1.36254e+00,5.70525e-01,5.07292e-01,1.16941e+00,5.49763e-01,1.28163e-01,1.23698e+00,1.05554e+00
5.48689e-01,7.74995e-01,7.28583e-02,2.12622e+00,1.95225e-01,5.90888e-01,7.79031e-01,1.06747e+00,1.26921e+00,2.10364e+00,3.26986e-01,2.63782e+00,1.36102e+00,5.66696e-01,5.00057e-01,1.18254e+00,5.68530e-01,1.28323e-01,1.22895e+00,1.05042e+00
5.46667e-01,8.13506e-01,7.29323e-02,2.19125e+00,1.95477e-01,5.87931e-01,7.90084e-01,1.12237e+00,1.28323e+00,2.11061e+00,3.30864e-01,2.67780e+00,1.35981e+00,5.63336e-01,4.93321e-01,1.19785e+00,5.89701e-01,1.28511e-01,1.22189e+00,1.04516e+00
5.44994e-01,8.53462e-01,7.30289e-02,2.25544e+00,1.95712e-01,5.84630e-01,8.01359e-01,1.17582e+00,1.29704e+00,2.12018e+00,3.34064e-01,2.71962e+00,1.35871e+00,5.60405e-01,4.87071e-01,1.21572e+00,6.13573e-01,1.28663e-01,1.21592e+00,1.03996e+00
5.43504e-01,8.94266e-01,7.31200e-02,2.31918e+00,1.95973e-01,5.81123e-01,8.13098e-01,1.22652e+00,1.31036e+00,2.13276e+00,3.36675e-01,2.76347e+00,1.35773e+00,5.57907e-01,4.81291e-01,1.23649e+00,6.40319e-01,1.28840e-01,1.21097e+00,1.03482e+00
5.42338e-01,9.35320e-01,7.32077e-02,2.38286e+00,1.96248e-01,5.77393e-01,8.25641e-01,1.27339e+00,1.32286e+00,2.14915e+00,3.38728e-01,2.80942e+00,1.35674e+00,5.55809e-01,4.75988e-01,1.26069e+00,6.70157e-01,1.29023e-01,1.20715e+00,1.03001e+00
5.41389e-01,9.75826e-01,7.32904e-02,2.44712e+00,1.96486e-01,5.73611e-01,8.39394e-01,1.31568e+00,1.33425e+00,2.16962e+00,3.40314e-01,2.85752e+00,1.35590e+00,5.54085e-01,4.71157e-01,1.28859e+00,7.03090e-01,1.29204e-01,1.20424e+00,1.02536e+00
5.40663e-01,1.01510e+00,7.33829e-02,2.51246e+00,1.96685e-01,5.69701e-01,8.54711e-01,1.35293e+00,1.34434e+00,2.19486e+00,3.41381e-01,2.90769e+00,1.35506e+00,5.52671e-01,4.66748e-01,1.32052e+00,7.39157e-01,1.29401e-01,1.20242e+00,1.02101e+00
5.40100e-01,1.05260e+00,7.34550e-02,2.57953e+00,1.96855e-01,5.65741e-01,8.71942e-01,1.38484e+00,1.35293e+00,2.22506e+00,3.42080e-01,2.95980e+00,1.35420e+00,5.51584e-01,4.62762e-01,1.35678e+00,7.78391e-01,1.29603e-01,1.20149e+00,1.01706e+00
5.39724e-01,1.08775e+00,7.35121e-02,2.64883e+00,1.97031e-01,5.61793e-01,8.91436e-01,1.41161e+00,1.35978e+00,2.26060e+00,3.42309e-01,3.01378e+00,1.35342e+00,5.50753e-01,4.59196e-01,1.39734e+00,8.20946e-01,1.29799e-01,1.20129e+00,1.01354e+00
5.39544e-01,1.12021e+00,7.35255e-02,2.72066e+00,1.97184e-01,5.57901e-01,9.13445e-01,1.43331e+00,1.36508e+00,2.30159e+00,3.42187e-01,3.06936e+00,1.35279e+00,5.50147e-01,4.55985e-01,1.44248e+00,8.67178e-01,1.30017e-01,1.20186e+00,1.01050e+00
5.39454e-01,1.14958e+00,7.35964e-02,2.79517e+00,1.97299e-01,5.54036e-01,9.38134e-01,1.45039e+00,1.36866e+00,2.34792e+00,3.41680e-01,3.12616e+00,1.35227e+00,5.49708e-01,4.53155e-01,1.49200e+00,9.17525e-01,1.30207e-01,1.20313e+00,1.00798e+00
5.39535e-01,1.17574e+00,7.36687e-02,2.87248e+00,1.97433e-01,5.50291e-01,9.65508e-01,1.46324e+00,1.37059e+00,2.39950e+00,3.40870e-01,3.18391e+00,1.35196e+00,5.49562e-01,4.50678e-01,1.54552e+00,9.72569e-01,1.30372e-01,1.20479e+00,1.00601e+00
5.39707e-01,1.19856e+00,7.37313e-02,2.95257e+00,1.97490e-01,5.46652e-01,9.95318e-01,1.47228e+00,1.37098e+00,2.45579e+00,3.39744e-01,3.24229e+00,1.35176e+00,5.49519e-01,4.48501e-01,1.60260e+00,1.03279e+00,1.30532e-01,1.20692e+00,1.00466e+00
5.39907e-01,1.21811e+00,7.37884e-02,3.03508e+00,1.97540e-01,5.43111e-01,1.02718e+00,1.47809e+00,1.37000e+00,2.51629e+00,3.38336e-01,3.30092e+00,1.35176e+00,5.49621e-01,4.46618e-01,1.66239e+00,1.09846e+00,1.30704e-01,1.20920e+00,1.00401e+00
5.40169e-01,1.23447e+00,7.38238e-02,3.11986e+00,1.97640e-01,5.39699e-01,1.06052e+00,1.48107e+00,1.36780e+00,2.58039e+00,3.36688e-01,3.35945e+00,1.35214e+00,5.49910e-01,4.45034e-01,1.72402e+00,1.16950e+00,1.30875e-01,1.21160e+00,1.00413e+00
5.40568e-01,1.24782e+00,7.38452e-02,3.20674e+00,1.98027e-01,5.36375e-01,1.09465e+00,1.48170e+00,1.36457e+00,2.64734e+00,3.34849e-01,3.41751e+00,1.35266e+00,5.50301e-01,4.43669e-01,1.78641e+00,1.24509e+00,1.31057e-01,1.21408e+00,1.00515e+00
5.41039e-01,1.25839e+00,7.38805e-02,3.29554e+00,1.98160e-01,5.33172e-01,1.12879e+00,1.48028e+00,1.36042e+00,2.71656e+00,3.32794e-01,3.47475e+00,1.35347e+00,5.50794e-01,4.42538e-01,1.84823e+00,1.32392e+00,1.31237e-01,1.21638e+00,1.00705e+00
5.41630e-01,1.26632e+00,7.39220e-02,3.38592e+00,1.98136e-01,5.30139e-01,1.16213e+00,1.47725e+00,1.35558e+00,2.78727e+00,3.30597e-01,3.53085e+00,1.35444e+00,5.51304e-01,4.41660e-01,1.90839e+00,1.40427e+00,1.31412e-01,1.21844e+00,1.01000e+00
5.42168e-01,1.27199e+00,7.39536e-02,3.47796e+00,1.98055e-01,5.27219e-01,1.19410e+00,1.47305e+00,1.35022e+00,2.85897e+00,3.28270e-01,3.58553e+00,1.35568e+00,5.51862e-01,4.40922e-01,1.96576e+00,1.48410e+00,1.31583e-01,1.22016e+00,1.01408e+00
5.42749e-01,1.27565e+00,7.39525e-02,3.57180e+00,1.98037e-01,5.24456e-01,1.22420e+00,1.46780e+00,1.34439e+00,2.93122e+00,3.25809e-01,3.63858e+00,1.35704e+00,5.52522e-01,4.40365e-01,2.01938e+00,1.56150e+00,1.31716e-01,1.22169e+00,1.01952e+00
5.43423e-01,1.27761e+00,7.39790e-02,3.66729e+00,1.98035e-01,5.21842e-01,1.25204e+00,1.46194e+00,1.33836e+00,3.00374e+00,3.23328e-01,3.68969e+00,1.35858e+00,5.53234e-01,4.39950e-01,2.06871e+00,1.63480e+00,1.31861e-01,1.22290e+00,1.02646e+00
5.44072e-01,1.27808e+00,7.40368e-02,3.76430e+00,1.98028e-01,5.19411e-01,1.27741e+00,1.45571e+00,1.33215e+00,3.07632e+00,3.20782e-01,3.73865e+00,1.36012e+00,5.53941e-01,4.39667e-01,2.11318e+00,1.70263e+00,1.32015e-01,1.22378e+00,1.03505e+00
5.44685e-01,1.27736e+00,7.40404e-02,3.86281e+00,1.98028e-01,5.17121e-01,1.30015e+00,1.44931e+00,1.32587e+00,3.14895e+00,3.18202e-01,3.78546e+00,1.36182e+00,5.54681e-01,4.39557e-01,2.15270e+00,1.76393e+00,1.32161e-01,1.22416e+00,1.04546e+00
5.45282e-01,1.27565e+00,7.40626e-02,3.96239e+00,1.98061e-01,5.14979e-01,1.32040e+00,1.44306e+00,1.31966e+00,3.22160e+00,3.15591e-01,3.83011e+00,1.36335e+00,5.55416e-01,4.39521e-01,2.18734e+00,1.81819e+00,1.32301e-01,1.22423e+00,1.05782e+00
5.45905e-01,1.27324e+00,7.40846e-02,4.06261e+00,1.98143e-01,5.13030e-01,1.33818e+00,1.43715e+00,1.31352e+00,3.29444e+00,3.13025e-01,3.87254e+00,1.36478e+00,5.56205e-01,4.39578e-01,2.21701e+00,1.86507e+00,1.32426e-01,1.22389e+00,1.07232e+00
5.46490e-01,1.27032e+00,7.40815e-02,4.16276e+00,1.98275e-01,5.11229e-01,1.35365e+00,1.43169e+00,1.30755e+00,3.36763e+00,3.10507e-01,3.91273e+00,1.36614e+00,5.56986e-01,4.39705e-01,2.24225e+00,1.90464e+00,1.32530e-01,1.22311e+00,1.08918e+00
5.47112e-01,1.26710e+00,7.41230e-02,4.26187e+00,1.98474e-01,5.09537e-01,1.36703e+00,1.42700e+00,1.30182e+00,3.44125e+00,3.08041e-01,3.95081e+00,1.36734e+00,5.57768e-01,4.39918e-01,2.26325e+00,1.93711e+00,1.32629e-01,1.22211e+00,1.10862e+00
5.47729e-01,1.26377e+00,7.41629e-02,4.35914e+00,1.98718e-01,5.07976e-01,1.37850e+00,1.42320e+00,1.29635e+00,3.51546e+00,3.05646e-01,3.98696e+00,1.36827e+00,5.58573e-01,4.40188e-01,2.28070e+00,1.96295e+00,1.32742e-01,1.22084e+00,1.13072e+00
5.48312e-01,1.26060e+00,7.41860e-02,4.45359e+00,1.98966e-01,5.06563e-01,1.38822e+00,1.42049e+00,1.29112e+00,3.59026e+00,3.03343e-01,4.02125e+00,1.36907e+00,5.59355e-01,4.40456e-01,2.29487e+00,1.98275e+00,1.32818e-01,1.21940e+00,1.15559e+00
5.48848e-01,1.25771e+00,7.41861e-02,4.54438e+00,1.99191e-01,5.05306e-01,1.39636e+00,1.41899e+00,1.28613e+00,3.66577e+00,3.01124e-01,4.05389e+00,1.36968e+00,5.60116e-01,4.40772e-01,2.30630e+00,1.99727e+00,1.32861e-01,1.21774e+00,1.18345e+00
5.49405e-01,1.25532e+00,7.41733e-02,4.63076e+00,1.99364e-01,5.04130e-01,1.40305e+00,1.41890e+00,1.28155e+00,3.74186e+00,2.98979e-01,4.08524e+00,1.37010e+00,5.60840e-01,4.41084e-01,2.31552e+00,2.00725e+00,1.32944e-01,1.21593e+00,1.21428e+00
5.49960e-01,1.25366e+00,7.41728e-02,4.71208e+00,1.99440e-01,5.03123e-01,1.40846e+00,1.42026e+00,1.27723e+00,3.81840e+00,2.96938e-01,4.11559e+00,1.37028e+00,5.61538e-01,4.41450e-01,2.32284e+00,2.01336e+00,1.33046e-01,1.21403e+00,1.24799e+00
5.50445e-01,1.25290e+00,7.41532e-02,4.78799e+00,1.99455e-01,5.02168e-01,1.41259e+00,1.42321e+00,1.27322e+00,3.89522e+00,2.94928e-01,4.14523e+00,1.37018e+00,5.62203e-01,4.41845e-01,2.32878e+00,2.01625e+00,1.33122e-01,1.21206e+00,1.28451e+00
5.50965e-01,1.25327e+00,7.41531e-02,4.85797e+00,1.99390e-01,5.01313e-01,1.41557e+00,1.42778e+00,1.26954e+00,3.97198e+00,2.92990e-01,4.17453e+00,1.36990e+00,5.62845e-01,4.42210e-01,2.33389e+00,2.01656e+00,1.33167e-01,1.21008e+00,1.32348e+00
5.51534e-01,1.25510e+00,7.41431e-02,4.92163e+00,1.99246e-01,5.00586e-01,1.41745e+00,1.43402e+00,1.26619e+00,4.04845e+00,2.91145e-01,4.20387e+00,1.36940e+00,5.63456e-01,4.42582e-01,2.33845e+00,2.01479e+00,1.33194e-01,1.20808e+00,1.36458e+00
5.52115e-01,1.25864e+00,7.41037e-02,4.97866e+00,1.99024e-01,4.99953e-01,1.41824e+00,1.44184e+00,1.26316e+00,4.12438e+00,2.89414e-01,4.23363e+00,1.36876e+00,5.64057e-01,4.42953e-01,2.34298e+00,2.01148e+00,1.33218e-01,1.20594e+00,1.40735e+00
5.52761e-01,1.26428e+00,7.40843e-02,5.02922e+00,1.98771e-01,4.99449e-01,1.41808e+00,1.45120e+00,1.26043e+00,4.19952e+00,2.87793e-01,4.26427e+00,1.36796e+00,5.64633e-01,4.43337e-01,2.34797e+00,2.00708e+00,1.33240e-01,1.20381e+00,1.45113e+00
5.53471e-01,1.27236e+00,7.40810e-02,5.07322e+00,1.98513e-01,4.98975e-01,1.41700e+00,1.46183e+00,1.25801e+00,4.27370e+00,2.86292e-01,4.29620e+00,1.36699e+00,5.65183e-01,4.43711e-01,2.35383e+00,2.00181e+00,1.33254e-01,1.20182e+00,1.49543e+00
5.54319e-01,1.28333e+00,7.40571e-02,5.11085e+00,1.98243e-01,4.98609e-01,1.41515e+00,1.47354e+00,1.25583e+00,4.34671e+00,2.84914e-01,4.32980e+00,1.36596e+00,5.65696e-01,4.44105e-01,2.36100e+00,1.99579e+00,1.33252e-01,1.19992e+00,1.53942e+00
5.55340e-01,1.29766e+00,7.40625e-02,5.14233e+00,1.97958e-01,4.98233e-01,1.41252e+00,1.48618e+00,1.25395e+00,4.41857e+00,2.83664e-01,4.36557e+00,1.36484e+00,5.66145e-01,4.44567e-01,2.36994e+00,1.98925e+00,1.33238e-01,1.19808e+00,1.58255e+00
5.56586e-01,1.31583e+00,7.40337e-02,5.16802e+00,1.97711e-01,4.97935e-01,1.40918e+00,1.49959e+00,1.25234e+00,4.48931e+00,2.82487e-01,4.40394e+00,1.36367e+00,5.66572e-01,4.45035e-01,2.38121e+00,1.98229e+00,1.33253e-01,1.19628e+00,1.62432e+00
5.58144e-01,1.33839e+00,7.39860e-02,5.18835e+00,1.97463e-01,4.97656e-01,1.40522e+00,1.51355e+00,1.25094e+00,4.55905e+00,2.81422e-01,4.44519e+00,1.36249e+00,5.66984e-01,4.45454e-01,2.39511e+00,1.97495e+00,1.33278e-01,1.19452e+00,1.66432e+00
5.60060e-01,1.36582e+00,7.39375e-02,5.20382e+00,1.97189e-01,4.97466e-01,1.40068e+00,1.52779e+00,1.24984e+00,4.62814e+00,2.80470e-01,4.48981e+00,1.36128e+00,5.67330e-01,4.45877e-01,2.41214e+00,1.96724e+00,1.33300e-01,1.19302e+00,1.70218e+00
5.62419e-01,1.39852e+00,7.39119e-02,5.21509e+00,1.96922e-01,4.97306e-01,1.39571e+00,1.54202e+00,1.24888e+00,4.69693e+00,2.79543e-01,4.53812e+00,1.36009e+00,5.67616e-01,4.46309e-01,2.43251e+00,1.95926e+00,1.33309e-01,1.19159e+00,1.73776e+00
5.65316e-01,1.43693e+00,7.38974e-02,5.22274e+00,1.96638e-01,4.97261e-01,1.39034e+00,1.55624e+00,1.24808e+00,4.76590e+00,2.78696e-01,4.59041e+00,1.35893e+00,5.67863e-01,4.46727e-01,2.45663e+00,1.95094e+00,1.33296e-01,1.19026e+00,1.77083e+00
5.68914e-01,1.48116e+00,7.38585e-02,5.22716e+00,1.96378e-01,4.97231e-01,1.38463e+00,1.57018e+00,1.24747e+00,4.83562e+00,2.77935e-01,4.64702e+00,1.35782e+00,5.68108e-01,4.47117e-01,2.48437e+00,1.94239e+00,1.33256e-01,1.18889e+00,1.80161e+00
5.73252e-01,1.53133e+00,7.37971e-02,5.22908e+00,1.96138e-01,4.97268e-01,1.37867e+00,1.58390e+00,1.24698e+00,4.90670e+00,2.77281e-01,4.70815e+00,1.35673e+00,5.68385e-01,4.47496e-01,2.51571e+00,1.93359e+00,1.33201e-01,1.18762e+00,1.83016e+00
5.78466e-01,1.58725e+00,7.37676e-02,5.22907e+00,1.95936e-01,4.97272e-01,1.37248e+00,1.59728e+00,1.24669e+00,4.97971e+00,2.76737e-01,4.77402e+00,1.35568e+00,5.68693e-01,4.47859e-01,2.55029e+00,1.92452e+00,1.33159e-01,1.18646e+00,1.85661e+00
5.84585e-01,1.64860e+00,7.37398e-02,5.22768e+00,1.95742e-01,4.97264e-01,1.36615e+00,1.61033e+00,1.24644e+00,5.05533e+00,2.76239e-01,4.84485e+00,1.35468e+00,5.68991e-01,4.48214e-01,2.58748e+00,1.91515e+00,1.33127e-01,1.18545e+00,1.88133e+00
5.91612e-01,1.71461e+00,7.37188e-02,5.22527e+00,1.95510e-01,4.97291e-01,1.35982e+00,1.62323e+00,1.24636e+00,5.13410e+00,2.75837e-01,4.92063e+00,1.35374e+00,5.69272e-01,4.48569e-01,2.62680e+00,1.90557e+00,1.33095e-01,1.18451e+00,1.90478e+00
5.99407e-01,1.78457e+00,7.37066e-02,5.22222e+00,1.95285e-01,4.97350e-01,1.35342e+00,1.63607e+00,1.24638e+00,5.21653e+00,2.75444e-01,5.00131e+00,1.35289e+00,5.69528e-01,4.48911e-01,2.66726e+00,1.89590e+00,1.33034e-01,1.18370e+00,1.92726e+00
6.07859e-01,1.85760e+00,7.36621e-02,5.21914e+00,1.95098e-01,4.97385e-01,1.34694e+00,1.64887e+00,1.24647e+00,5.30301e+00,2.75069e-01,5.08707e+00,1.35214e+00,5.69774e-01,4.49233e-01,2.70809e+00,1.88613e+00,1.32960e-01,1.18296e+00,1.94913e+00
6.16665e-01,1.93259e+00,7.35937e-02,5.21646e+00,1.94947e-01,4.97443e-01,1.34050e+00,1.66191e+00,1.24662e+00,5.39376e+00,2.74738e-01,5.17771e+00,1.35143e+00,5.69986e-01,4.49548e-01,2.74822e+00,1.87632e+00,1.32915e-01,1.18232e+00,1.97092e+00
6.25508e-01,2.00858e+00,7.35500e-02,5.21451e+00,1.94801e-01,4.97489e-01,1.33416e+00,1.67535e+00,1.24684e+00,5.48879e+00,2.74477e-01,5.27296e+00,1.35081e+00,5.70175e-01,4.49856e-01,2.78693e+00,1.86647e+00,1.32878e-01,1.18168e+00,1.99315e+00
6.34054e-01,2.08476e+00,7.34853e-02,5.21371e+00,1.94639e-01,4.97577e-01,1.32790e+00,1.68949e+00,1.24707e+00,5.58810e+00,2.74293e-01,5.37266e+00,1.35027e+00,5.70335e-01,4.50168e-01,2.82342e+00,1.85669e+00,1.32839e-01,1.18114e+00,2.01622e+00
6.41963e-01,2.16032e+00,7.34098e-02,5.21445e+00,1.94436e-01,4.97661e-01,1.32176e+00,1.70451e+00,1.24734e+00,5.69115e+00,2.74158e-01,5.47651e+00,1.34982e+00,5.70468e-01,4.50470e-01,2.85716e+00,1.84709e+00,1.32773e-01,1.18059e+00,2.04072e+00
6.48909e-01,2.23458e+00,7.33443e-02,5.21721e+00,1.94220e-01,4.97733e-01,1.31576e+00,1.72075e+00,1.24767e+00,5.79779e+00,2.74069e-01,5.58442e+00,1.34943e+00,5.70605e-01,4.50730e-01,2.88792e+00,1.83767e+00,1.32676e-01,1.18006e+00,2.06726e+00
6.54656e-01,2.30726e+00,7.39847e-02,5.22220e+00,1.95064e-01,4.97816e-01,1.30995e+00,1.73852e+00,1.24846e+00,5.90685e+00,2.74028e-01,5.69528e+00,1.34912e+00,5.70721e-01,4.50978e-01,2.91516e+00,1.82849e+00,1.33278e-01,1.17958e+00,2.09630e+00
6.59062e-01,2.37853e+00,7.52272e-02,5.22984e+00,1.96065e-01,4.97848e-01,1.30432e+00,1.75818e+00,1.24933e+00,6.01876e+00,2.74015e-01,5.80928e+00,1.34884e+00,5.70798e-01,4.51227e-01,2.93911e+00,1.81954e+00,1.33432e-01,1.17911e+00,2.12817e+00
6.62001e-01,2.44703e+00,7.68842e-02,5.24059e+00,1.96926e-01,4.97885e-01,1.29886e+00,1.77996e+00,1.25096e+00,6.13251e+00,2.74020e-01,5.92515e+00,1.34860e+00,5.70828e-01,4.51451e-01,2.95958e+00,1.81085e+00,1.33596e-01,1.17874e+00,2.16341e+00
6.63537e-01,2.51345e+00,7.87754e-02,5.25480e+00,1.98336e-01,4.97962e-01,1.29363e+00,1.80436e+00,1.25355e+00,6.24612e+00,2.74032e-01,6.04265e+00,1.34850e+00,5.71719e-01,4.51651e-01,2.97682e+00,1.80254e+00,1.33889e-01,1.17843e+00,2.20222e+00
6.63670e-01,2.57807e+00,8.03238e-02,5.27280e+00,1.99951e-01,4.98035e-01,1.28862e+00,1.83154e+00,1.25610e+00,6.35984e+00,2.74042e-01,6.16115e+00,1.34844e+00,5.72267e-01,4.51833e-01,2.99116e+00,1.79456e+00,1.34363e-01,1.17813e+00,2.24455e+00
6.62550e-01,2.64093e+00,8.14889e-02,5.29496e+00,2.01574e-01,4.98098e-01,1.28385e+00,1.86186e+00,1.25860e+00,6.47222e+00,2.74064e-01,6.28004e+00,1.34841e+00,5.72653e-01,4.52007e-01,3.00270e+00,1.78695e+00,1.34940e-01,1.17778e+00,2.29050e+00
6.60355e-01,2.70232e+00,8.23721e-02,5.32160e+00,2.03322e-01,4.98153e-01,1.27930e+00,1.89552e+00,1.26113e+00,6.58175e+00,2.74092e-01,6.39873e+00,1.34846e+00,5.73154e-01,4.52179e-01,3.01190e+00,1.77972e+00,1.35527e-01,1.17744e+00,2.33946e+00
6.57243e-01,2.76222e+00,8.29892e-02,5.35315e+00,2.05082e-01,4.98209e-01,1.27497e+00,1.93294e+00,1.26346e+00,6.68732e+00,2.74134e-01,6.51674e+00,1.34859e+00,5.73697e-01,4.52348e-01,3.01906e+00,1.77302e+00,1.36062e-01,1.17713e+00,2.39101e+00
6.53382e-01,2.82073e+00,8.33514e-02,5.38988e+00,2.06643e-01,4.98257e-01,1.27082e+00,1.97383e+00,1.26568e+00,6.78850e+00,2.74205e-01,6.63348e+00,1.34877e+00,5.74270e-01,4.52503e-01,3.02428e+00,1.76672e+00,1.36531e-01,1.17686e+00,2.44419e+00
6.48969e-01,2.87790e+00,8.35762e-02,5.43186e+00,2.07968e-01,4.98299e-01,1.26694e+00,2.01835e+00,1.26756e+00,6.88469e+00,2.74272e-01,6.74856e+00,1.34908e+00,5.74818e-01,4.52654e-01,3.02793e+00,1.76087e+00,1.36945e-01,1.17659e+00,2.49805e+00
6.44140e-01,2.93385e+00,8.36512e-02,5.47927e+00,2.09828e-01,4.98327e-01,1.26324e+00,2.06615e+00,1.27007e+00,6.97555e+00,2.74333e-01,6.86173e+00,1.34944e+00,5.75321e-01,4.52794e-01,3.03042e+00,1.75551e+00,1.37284e-01,1.17628e+00,2.55166e+00
6.39007e-01,2.98869e+00,8.35604e-02,5.53215e+00,2.11337e-01,4.98330e-01,1.25976e+00,2.11700e+00,1.27306e+00,7.06099e+00,2.74409e-01,6.97284e+00,1.34980e+00,5.75780e-01,4.52924e-01,3.03179e+00,1.75148e+00,1.38110e-01,1.17595e+00,2.60373e+00
6.33755e-01,3.04254e+00,8.33429e-02,5.59009e+00,2.12850e-01,4.98306e-01,1.25651e+00,2.17032e+00,1.27670e+00,7.14059e+00,2.74504e-01,7.08165e+00,1.35012e+00,5.76220e-01,4.53036e-01,3.03212e+00,1.74738e+00,1.38477e-01,1.17564e+00,2.65356e+00
6.28454e-01,3.09551e+00,8.29930e-02,5.65282e+00,2.14664e-01,4.98279e-01,1.25349e+00,2.22572e+00,1.28088e+00,7.21477e+00,2.74587e-01,7.18817e+00,1.35038e+00,5.76627e-01,4.53120e-01,3.03168e+00,1.74352e+00,1.38743e-01,1.17540e+00,2.70032e+00
6.23173e-01,3.14768e+00,8.25256e-02,5.72003e+00,2.16769e-01,4.98254e-01,1.25069e+00,2.28269e+00,1.28529e+00,7.28348e+00,2.74657e-01,7.29264e+00,1.35060e+00,5.77035e-01,4.53177e-01,3.03067e+00,1.73981e+00,1.38997e-01,1.17508e+00,2.74329e+00
6.18026e-01,3.19920e+00,8.19549e-02,5.79096e+00,2.19362e-01,4.98215e-01,1.24812e+00,2.34035e+00,1.28987e+00,7.34709e+00,2.74711e-01,7.39524e+00,1.35071e+00,5.77421e-01,4.53206e-01,3.02917e+00,1.73643e+00,1.39233e-01,1.17471e+00,2.78213e+00
6.13065e-01,3.25026e+00,8.13390e-02,5.86485e+00,2.22571e-01,4.98163e-01,1.24576e+00,2.39817e+00,1.29445e+00,7.40612e+00,2.74753e-01,7.49631e+00,1.35079e+00,5.77758e-01,4.53209e-01,3.02739e+00,1.73343e+00,1.39383e-01,1.17435e+00,2.81671e+00
6.08309e-01,3.30100e+00,8.06565e-02,5.94111e+00,2.26248e-01,4.98118e-01,1.24356e+00,2.45567e+00,1.29916e+00,7.46087e+00,2.74807e-01,7.59625e+00,1.35086e+00,5.78032e-01,4.53198e-01,3.02525e+00,1.73077e+00,1.39390e-01,1.17393e+00,2.84694e+00
6.03847e-01,3.35161e+00,7.99512e-02,6.01899e+00,2.30038e-01,4.98088e-01,1.24152e+00,2.51246e+00,1.30413e+00,7.51143e+00,2.74907e-01,7.69546e+00,1.35090e+00,5.78221e-01,4.53145e-01,3.02290e+00,1.72850e+00,1.39319e-01,1.17351e+00,2.87296e+00
5.99686e-01,3.40224e+00,7.92827e-02,6.09760e+00,2.33341e-01,4.98058e-01,1.23965e+00,2.56824e+00,1.30943e+00,7.55855e+00,2.74977e-01,7.79446e+00,1.35089e+00,5.78329e-01,4.53062e-01,3.02033e+00,1.72665e+00,1.39182e-01,1.17313e+00,2.89510e+00
5.95818e-01,3.45312e+00,7.86380e-02,6.17645e+00,2.35836e-01,4.98000e-01,1.23794e+00,2.62282e+00,1.31504e+00,7.60212e+00,2.75018e-01,7.89375e+00,1.35089e+00,5.78375e-01,4.52968e-01,3.01755e+00,1.72513e+00,1.39030e-01,1.17274e+00,2.91344e+00
5.92240e-01,3.50445e+00,7.80470e-02,6.25454e+00,2.37313e-01,4.97930e-01,1.23635e+00,2.67614e+00,1.32075e+00,7.64268e+00,2.75064e-01,7.99386e+00,1.35085e+00,5.78387e-01,4.52875e-01,3.01461e+00,1.72389e+00,1.38905e-01,1.17236e+00,2.92855e+00
5.89018e-01,3.55645e+00,7.75309e-02,6.33176e+00,2.37858e-01,4.97855e-01,1.23495e+00,2.72824e+00,1.32637e+00,7.68047e+00,2.75105e-01,8.09533e+00,1.35077e+00,5.78325e-01,4.52752e-01,3.01152e+00,1.72291e+00,1.38810e-01,1.17200e+00,2.94074e+00
5.86106e-01,3.60937e+00,7.70721e-02,6.40771e+00,2.37718e-01,4.97771e-01,1.23368e+00,2.77926e+00,1.33173e+00,7.71556e+00,2.75146e-01,8.19856e+00,1.35063e+00,5.78212e-01,4.52613e-01,3.00830e+00,1.72222e+00,1.38744e-01,1.17168e+00,2.95034e+00
5.83509e-01,3.66341e+00,7.66665e-02,6.48211e+00,2.37148e-01,4.97664e-01,1.23256e+00,2.82957e+00,1.33671e+00,7.74856e+00,2.75155e-01,8.30386e+00,1.35048e+00,5.78024e-01,4.52462e-01,3.00496e+00,1.72179e+00,1.38710e-01,1.17130e+00,2.95785e+00
5.81187e-01,3.71882e+00,7.63230e-02,6.55520e+00,2.36316e-01,4.97528e-01,1.23155e+00,2.87935e+00,1.34121e+00,7.77937e+00,2.75163e-01,8.41167e+00,1.35024e+00,5.77764e-01,4.52289e-01,3.00159e+00,1.72158e+00,1.38693e-01,1.17087e+00,2.96345e+00
5.79099e-01,3.77579e+00,7.60005e-02,6.62711e+00,2.35290e-01,4.97382e-01,1.23066e+00,2.92911e+00,1.34517e+00,7.80865e+00,2.75184e-01,8.52226e+00,1.34994e+00,5.77406e-01,4.52117e-01,2.99819e+00,1.72156e+00,1.38680e-01,1.17042e+00,2.96763e+00
5.77256e-01,3.83469e+00,7.56887e-02,6.69806e+00,2.34067e-01,4.97225e-01,1.22985e+00,2.97919e+00,1.34847e+00,7.83631e+00,2.75194e-01,8.63580e+00,1.34962e+00,5.76969e-01,4.51953e-01,2.99481e+00,1.72169e+00,1.38691e-01,1.16992e+00,2.97050e+00
5.75611e-01,3.89571e+00,7.54093e-02,6.76839e+00,2.32576e-01,4.97059e-01,1.22913e+00,3.02983e+00,1.35119e+00,7.86299e+00,2.75207e-01,8.75254e+00,1.34925e+00,5.76461e-01,4.51792e-01,2.99142e+00,1.72201e+00,1.38735e-01,1.16937e+00,2.97233e+00
5.74208e-01,3.95913e+00,7.51368e-02,6.83803e+00,2.30843e-01,4.96887e-01,1.22852e+00,3.08155e+00,1.35327e+00,7.88851e+00,2.75227e-01,8.87246e+00,1.34884e+00,5.75870e-01,4.51627e-01,2.98809e+00,1.72253e+00,1.38774e-01,1.16883e+00,2.97333e+00
5.72952e-01,4.02520e+00,7.48615e-02,6.90766e+00,2.28862e-01,4.96709e-01,1.22800e+00,3.13456e+00,1.35480e+00,7.91354e+00,2.75260e-01,8.99562e+00,1.34845e+00,5.75228e-01,4.51477e-01,2.98485e+00,1.72315e+00,1.38872e-01,1.16832e+00,2.97374e+00
5.71853e-01,4.09409e+00,7.45876e-02,6.97739e+00,2.26632e-01,4.96546e-01,1.22755e+00,3.18892e+00,1.35578e+00,7.93798e+00,2.75305e-01,9.12207e+00,1.34803e+00,5.74558e-01,4.51320e-01,2.98175e+00,1.72383e+00,1.39028e-01,1.16779e+00,2.97366e+00
5.70889e-01,4.16605e+00,7.43288e-02,7.04734e+00,2.24192e-01,4.96395e-01,1.22717e+00,3.24492e+00,1.35627e+00,7.96216e+00,2.75351e-01,9.25155e+00,1.34753e+00,5.73862e-01,4.51151e-01,2.97886e+00,1.72457e+00,1.39229e-01,1.16725e+00,2.97324e+00
5.69985e-01,4.24124e+00,7.40936e-02,7.11752e+00,2.21617e-01,4.96261e-01,1.22686e+00,3.30260e+00,1.35637e+00,7.98626e+00,2.75393e-01,9.38379e+00,1.34704e+00,5.73141e-01,4.50990e-01,2.97619e+00,1.72535e+00,1.39512e-01,1.16675e+00,2.97246e+00
5.69156e-01,4.31973e+00,7.38504e-02,7.18790e+00,2.18973e-01,4.96122e-01,1.22662e+00,3.36175e+00,1.35606e+00,8.01039e+00,2.75407e-01,9.51885e+00,1.34657e+00,5.72421e-01,4.50814e-01,2.97379e+00,1.72616e+00,1.39834e-01,1.16629e+00,2.97154e+00
5.68341e-01,4.40172e+00,7.36075e-02,7.25832e+00,2.16297e-01,4.95936e-01,1.22644e+00,3.42225e+00,1.35540e+00,8.03474e+00,2.75393e-01,9.65640e+00,1.34603e+00,5.71705e-01,4.50628e-01,2.97179e+00,1.72697e+00,1.40209e-01,1.16588e+00,2.97045e+00
5.67526e-01,4.48716e+00,7.33704e-02,7.32860e+00,2.13648e-01,4.95737e-01,1.22629e+00,3.48363e+00,1.35448e+00,8.05943e+00,2.75368e-01,9.79599e+00,1.34544e+00,5.71000e-01,4.50447e-01,2.97016e+00,1.72775e+00,1.40603e-01,1.16559e+00,2.96935e+00
5.66698e-01,4.57638e+00,7.31514e-02,7.39860e+00,2.11114e-01,4.95525e-01,1.22616e+00,3.54572e+00,1.35327e+00,8.08448e+00,2.75345e-01,9.93731e+00,1.34482e+00,5.70316e-01,4.50265e-01,2.96910e+00,1.72850e+00,1.41004e-01,1.16534e+00,2.96822e+00
5.65873e-01,4.66916e+00,7.29331e-02,7.46814e+00,2.08677e-01,4.95296e-01,1.22608e+00,3.60812e+00,1.35184e+00,8.10991e+00,2.75318e-01,1.00801e+01,1.34418e+00,5.69659e-01,4.50079e-01,2.96861e+00,1.72920e+00,1.41402e-01,1.16523e+00,2.96713e+00
5.65011e-01,4.76561e+00,7.27179e-02,7.53705e+00,2.06362e-01,4.95051e-01,1.22601e+00,3.66990e+00,1.35021e+00,8.13574e+00,2.75289e-01,1.02240e+01,1.34350e+00,5.69014e-01,4.49876e-01,2.96882e+00,1.72989e+00,1.41782e-01,1.16529e+00,2.96611e+00
5.64097e-01,4.86568e+00,7.24945e-02,7.60525e+00,2.04186e-01,4.94774e-01,1.22596e+00,3.73085e+00,1.34847e+00,8.16198e+00,2.75248e-01,1.03683e+01,1.34284e+00,5.68416e-01,4.49652e-01,2.96990e+00,1.73054e+00,1.42130e-01,1.16543e+00,2.96515e+00
5.63192e-01,4.96919e+00,7.22844e-02,7.67279e+00,2.02222e-01,4.94513e-01,1.22594e+00,3.79042e+00,1.34665e+00,8.18852e+00,2.75215e-01,1.05127e+01,1.34210e+00,5.67893e-01,4.49446e-01,2.97189e+00,1.73114e+00,1.42430e-01,1.16570e+00,2.96420e+00
5.62250e-01,5.07596e+00,7.20926e-02,7.73949e+00,2.00435e-01,4.94237e-01,1.22591e+00,3.84803e+00,1.34475e+00,8.21535e+00,2.75193e-01,1.06568e+01,1.34136e+00,5.67442e-01,4.49245e-01,2.97488e+00,1.73167e+00,1.42671e-01,1.16605e+00,2.96334e+00
5.61292e-01,5.18577e+00,7.19131e-02,7.80589e+00,1.98775e-01,4.93981e-01,1.22593e+00,3.90329e+00,1.34287e+00,8.24231e+00,2.75153e-01,1.07999e+01,1.34061e+00,5.67046e-01,4.49036e-01,2.97906e+00,1.73220e+00,1.42840e-01,1.16648e+00,2.96260e+00
5.60343e-01,5.29826e+00,7.17345e-02,7.87227e+00,1.97255e-01,4.93733e-01,1.22597e+00,3.95580e+00,1.34101e+00,8.26933e+00,2.75083e-01,1.09416e+01,1.33988e+00,5.66713e-01,4.48818e-01,2.98469e+00,1.73273e+00,1.42921e-01,1.16693e+00,2.96190e+00
5.59381e-01,5.41298e+00,7.15854e-02,7.93895e+00,1.95896e-01,4.93466e-01,1.22596e+00,4.00517e+00,1.33919e+00,8.29614e+00,2.75000e-01,1.10812e+01,1.33907e+00,5.66433e-01,4.48596e-01,2.99190e+00,1.73329e+00,1.42911e-01,1.16742e+00,2.96132e+00
5.58439e-01,5.52945e+00,7.14457e-02,8.00656e+00,1.94653e-01,4.93171e-01,1.22594e+00,4.05151e+00,1.33740e+00,8.32258e+00,2.74904e-01,1.12185e+01,1.33826e+00,5.66218e-01,4.48379e-01,3.00074e+00,1.73390e+00,1.42818e-01,1.16789e+00,2.96078e+00
5.57511e-01,5.64707e+00,7.13174e-02,8.07554e+00,1.93558e-01,4.92870e-01,1.22594e+00,4.09429e+00,1.33565e+00,8.34846e+00,2.74813e-01,1.13531e+01,1.33744e+00,5.66059e-01,4.48171e-01,3.01148e+00,1.73462e+00,1.42608e-01,1.16822e+00,2.96035e+00
5.56602e-01,5.76526e+00,7.12151e-02,8.14637e+00,1.92549e-01,4.92598e-01,1.22594e+00,4.13347e+00,1.33394e+00,8.37365e+00,2.74723e-01,1.14845e+01,1.33662e+00,5.65933e-01,4.47963e-01,3.02438e+00,1.73544e+00,1.42304e-01,1.16836e+00,2.95994e+00
5.55722e-01,5.88327e+00,7.12165e-02,8.21975e+00,1.93048e-01,4.92364e-01,1.22598e+00,4.16924e+00,1.33221e+00,8.39795e+00,2.74636e-01,1.16123e+01,1.33582e+00,5.65840e-01,4.47744e-01,3.03969e+00,1.73635e+00,1.41880e-01,1.16844e+00,2.95968e+00
5.54855e-01,6.00033e+00,8.29230e-02,8.29612e+00,2.23078e-01,4.92121e-01,1.22597e+00,4.20158e+00,1.33047e+00,8.42110e+00,2.74573e-01,1.17366e+01,1.33506e+00,5.65760e-01,4.47511e-01,3.05738e+00,1.73739e+00,1.41376e-01,1.16840e+00,2.95942e+00
5.54000e-01,6.11571e+00,1.61268e-01,8.37573e+00,7.20715e-01,4.91864e-01,1.22595e+00,4.23055e+00,1.32873e+00,8.44499e+00,2.74517e-01,1.18572e+01,1.33430e+00,5.65707e-01,4.47269e-01,3.07772e+00,1.73858e+00,1.40792e-01,1.16820e+00,2.95920e+00
5.53194e-01,6.23205e+00,3.61907e-01,8.46028e+00,4.32989e+00,4.95073e-01,1.22970e+00,4.25874e+00,1.32692e+00,8.46930e+00,2.74910e-01,1.19748e+01,1.33353e+00,5.65721e-01,4.49747e-01,3.10085e+00,1.73991e+00,1.40152e-01,1.16778e+00,2.95902e+00
5.52378e-01,6.34925e+00,6.30136e-01,8.55553e+00,1.35513e+01,5.05424e-01,1.25266e+00,4.30034e+00,1.32775e+00,8.49833e+00,2.77948e-01,1.20890e+01,1.33278e+00,5.65923e-01,4.53423e-01,3.12669e+00,1.74305e+00,1.39552e-01,1.18436e+00,2.95886e+00
5.55494e-01,6.45880e+00,9.40954e-01,8.66141e+00,2.28946e+01,5.19991e-01,1.46981e+00,4.34778e+00,1.33313e+00,8.53146e+00,2.82465e-01,1.21994e+01,1.33281e+00,5.70089e-01,4.55613e-01,3.15837e+00,1.75010e+00,1.42348e-01,1.20838e+00,2.96309e+00
5.59964e-01,6.56287e+00,1.40362e+00,8.77562e+00,3.30297e+01,5.42835e-01,1.80767e+00,4.37849e+00,1.33817e+00,8.57009e+00,2.87765e-01,1.23066e+01,1.33634e+00,5.76779e-01,4.57716e-01,3.19589e+00,1.75804e+00,1.43498e-01,1.24009e+00,2.97305e+00
5.63822e-01,6.66591e+00,2.01314e+00,8.89040e+00,5.12677e+01,5.69531e-01,1.88977e+00,4.40096e+00,1.34300e+00,8.61254e+00,2.91752e-01,1.24108e+01,1.34063e+00,5.83225e-01,4.60638e-01,3.23879e+00,1.76569e+00,1.45015e-01,1.26640e+00,2.98412e+00
5.65848e-01,6.76625e+00,2.47218e+00,9.00471e+00,7.90592e+01,5.93415e-01,1.85137e+00,4.41804e+00,1.34824e+00,8.65636e+00,2.94387e-01,1.25123e+01,1.34484e+00,5.90025e-01,4.64210e-01,3.28884e+00,1.77207e+00,1.48590e-01,1.28714e+00,3.00165e+00
5.67491e-01,6.86212e+00,2.62776e+00,9.12201e+00,9.08615e+01,6.12743e-01,1.81447e+00,4.42906e+00,1.35315e+00,8.69971e+00,2.96289e-01,1.26115e+01,1.35149e+00,5.97563e-01,4.67855e-01,3.34523e+00,1.77728e+00,1.55495e-01,1.30513e+00,3.02577e+00
5.70621e-01,6.95194e+00,2.51427e+00,9.24450e+00,8.43128e+01,6.31551e-01,1.80541e+00,4.43559e+00,1.35716e+00,8.74113e+00,2.97894e-01,1.27087e+01,1.35852e+00,6.05372e-01,4.71317e-01,3.40565e+00,1.78194e+00,1.67276e-01,1.32186e+00,3.05070e+00
5.76006e-01,7.03884e+00,2.23509e+00,9.37340e+00,6.97818e+01,6.57068e-01,1.81736e+00,4.43977e+00,1.36044e+00,8.77819e+00,2.99514e-01,1.28054e+01,1.36280e+00,6.13110e-01,4.74472e-01,3.47085e+00,1.78639e+00,1.87017e-01,1.33802e+00,3.07172e+00
5.83389e-01,7.11692e+00,1.89662e+00,9.50960e+00,5.45444e+01,7.18659e-01,1.83665e+00,4.44261e+00,1.36350e+00,8.80934e+00,3.02703e-01,1.29010e+01,1.36431e+00,6.20235e-01,4.79311e-01,3.54315e+00,1.79068e+00,3.92643e-01,1.35393e+00,3.08782e+00
5.92132e-01,7.18938e+00,1.57027e+00,9.65546e+00,4.16147e+01,8.54729e-01,1.85720e+00,4.44651e+00,1.36710e+00,8.83636e+00,3.11376e-01,1.29963e+01,1.36472e+00,6.27303e-01,4.83885e-01,3.62142e+00,1.79504e+00,7.95549e+00,1.36923e+00,3.10164e+00
6.01711e-01,7.38188e+00,1.28896e+00,9.82064e+00,3.15794e+01,1.07917e+00,1.90993e+00,4.45899e+00,1.37191e+00,8.86574e+00,3.27708e-01,1.30922e+01,1.36550e+00,6.35259e-01,4.88713e-01,3.70060e+00,1.79959e+00,2.28978e+01,1.41215e+00,3.11396e+00
6.11851e-01,7.63202e+00,1.06335e+00,1.00285e+01,2.40970e+01,1.50545e+00,2.14754e+00,4.48293e+00,1.37889e+00,8.89867e+00,3.80185e-01,1.31887e+01,1.36749e+00,6.45254e-01,5.01634e-01,3.77987e+00,1.80531e+00,2.70157e+01,1.50209e+00,3.12630e+00
6.25639e-01,8.19740e+00,8.85967e-01,1.03665e+01,1.86280e+01,2.25709e+00,2.68304e+00,4.53834e+00,1.38923e+00,8.95418e+00,5.78309e-01,1.32867e+01,1.37087e+00,6.57908e-01,5.28325e-01,3.86285e+00,1.81207e+00,2.54446e+01,1.68245e+00,3.13909e+00
6.40616e-01,8.78672e+00,7.49606e-01,1.09250e+01,1.46194e+01,3.24787e+00,3.45096e+00,4.73113e+00,1.40350e+00,9.03136e+00,1.03156e+00,1.33853e+01,1.37644e+00,6.73117e-01,5.48982e-01,3.96065e+00,1.82072e+00,2.24458e+01,2.62350e+00,3.15178e+00
6.57508e-01,9.26950e+00,6.73827e-01,1.14980e+01,1.18844e+01,4.30525e+00,4.52987e+00,4.98898e+00,1.42225e+00,9.14172e+00,1.47028e+00,1.34858e+01,1.38448e+00,6.91304e-01,5.66833e-01,4.08564e+00,1.82961e+00,1.93078e+01,8.25421e+00,3.16610e+00
6.73561e-01,9.91096e+00,6.32290e-01,1.19183e+01,1.02624e+01,5.43421e+00,5.43988e+00,5.07556e+00,1.44321e+00,9.28111e+00,1.68508e+00,1.35888e+01,1.39370e+00,7.08623e-01,5.88428e-01,4.24867e+00,1.83887e+00,1.63953e+01,1.89831e+01,3.18124e+00
6.89124e-01,1.06410e+01,6.08486e-01,1.21845e+01,9.04699e+00,7.20070e+00,6.51052e+00,5.08007e+00,1.46608e+00,9.43082e+00,1.74270e+00,1.36945e+01,1.40377e+00,7.26190e-01,6.11264e-01,4.46437e+00,1.84799e+00,1.38343e+01,2.87864e+01,3.19834e+00
7.06445e-01,1.13544e+01,5.74665e-01,1.25459e+01,8.27402e+00,9.62546e+00,7.63486e+00,5.07360e+00,1.48990e+00,9.57498e+00,1.71580e+00,1.38037e+01,1.41500e+00,7.44894e-01,6.31317e-01,4.77271e+00,1.85679e+00,1.16451e+01,3.45790e+01,3.21681e+00
7.27128e-01,1.20371e+01,5.34585e-01,1.31046e+01,7.74428e+00,1.14393e+01,8.43603e+00,5.07264e+00,1.51278e+00,9.70522e+00,1.66339e+00,1.39171e+01,1.42621e+00,7.64172e-01,6.48360e-01,5.17389e+00,1.86533e+00,9.80657e+00,3.49488e+01,3.23584e+00
7.50951e-01,1.26326e+01,4.96972e-01,1.38400e+01,7.24551e+00,1.16876e+01,8.76259e+00,5.08535e+00,1.53339e+00,9.81857e+00,1.63226e+00,1.40352e+01,1.43610e+00,7.84196e-01,6.65617e-01,5.57450e+00,1.87310e+00,8.28116e+00,3.14230e+01,3.25495e+00
7.76925e-01,1.30640e+01,4.64762e-01,1.47782e+01,6.67770e+00,1.06664e+01,8.67629e+00,5.11306e+00,1.55110e+00,9.91642e+00,1.62963e+00,1.41583e+01,1.44473e+00,8.05523e-01,6.86940e-01,5.85914e+00,1.87980e+00,7.02383e+00,2.69990e+01,3.27380e+00
8.03761e-01,1.33492e+01,4.37436e-01,1.60347e+01,6.03372e+00,9.12106e+00,8.25280e+00,5.15742e+00,1.56575e+00,1.00031e+01,1.63641e+00,1.42876e+01,1.45275e+00,8.29696e-01,7.14775e-01,5.98458e+00,1.88557e+00,5.98974e+00,2.33188e+01,3.29244e+00
8.29863e-01,1.35918e+01,4.12891e-01,1.77116e+01,5.37084e+00,7.56274e+00,7.58226e+00,5.23601e+00,1.57746e+00,1.00845e+01,1.63714e+00,1.44235e+01,1.46068e+00,8.57891e-01,7.50201e-01,5.99859e+00,1.89072e+00,5.13997e+00,2.07734e+01,3.31066e+00
8.54157e-01,1.39052e+01,3.88844e-01,1.97834e+01,4.74292e+00,6.20745e+00,6.79970e+00,5.40829e+00,1.58672e+00,1.01662e+01,1.63356e+00,1.45665e+01,1.46880e+00,8.90625e-01,7.94115e-01,5.98285e+00,1.89554e+00,4.44249e+00,1.91635e+01,3.32811e+00
8.75959e-01,1.43977e+01,3.64055e-01,2.20918e+01,4.17574e+00,5.10441e+00,6.03802e+00,5.81007e+00,1.59403e+00,1.02527e+01,1.64264e+00,1.47177e+01,1.47723e+00,9.27009e-01,8.49835e-01,6.00005e+00,1.90022e+00,3.87183e+00,1.80818e+01,3.34423e+00
8.95121e-01,1.51893e+01,3.38483e-01,2.43784e+01,3.67609e+00,4.23435e+00,5.38619e+00,6.64024e+00,1.60002e+00,1.03468e+01,1.69006e+00,1.48785e+01,1.48603e+00,9.64687e-01,9.25996e-01,6.07956e+00,1.90477e+00,3.40728e+00,1.71239e+01,3.35883e+00
9.11655e-01,1.63644e+01,3.12892e-01,2.63356e+01,3.24140e+00,3.55852e+00,4.88708e+00,8.01444e+00,1.60562e+00,1.04493e+01,1.79884e+00,1.50497e+01,1.49527e+00,1.00047e+00,1.03870e+00,6.21654e+00,1.90917e+00,3.03331e+00,1.60388e+01,3.37185e+00
9.25541e-01,1.78353e+01,2.88228e-01,2.77320e+01,2.86522e+00,3.03846e+00,4.55031e+00,9.80987e+00,1.61438e+00,1.05600e+01,1.97317e+00,1.52324e+01,1.50506e+00,1.03131e+00,1.20880e+00,6.38077e+00,1.91331e+00,2.73880e+00,1.47711e+01,3.38366e+00
9.36757e-01,1.92887e+01,2.65213e-01,2.85211e+01,2.53959e+00,2.64247e+00,4.36295e+00,1.17474e+01,1.64919e+00,1.06779e+01,2.18677e+00,1.54272e+01,1.51541e+00,1.05491e+00,1.44988e+00,6.53126e+00,1.91709e+00,2.51683e+00,1.33959e+01,3.39435e+00
9.45210e-01,2.03544e+01,2.44342e-01,2.88157e+01,2.25636e+00,2.34687e+00,4.29904e+00,1.36020e+01,1.84478e+00,1.08023e+01,2.39047e+00,1.56333e+01,1.52627e+00,1.07030e+00,1.75435e+00,6.63409e+00,1.92049e+00,2.36349e+00,1.20223e+01,3.40442e+00
9.50793e-01,2.08261e+01,2.25736e-01,2.87921e+01,2.00867e+00,2.13515e+00,4.33327e+00,1.53126e+01,2.78868e+00,1.09319e+01,2.53699e+00,1.58507e+01,1.53747e+00,1.07766e+00,2.09263e+00,6.67339e+00,1.92364e+00,2.27461e+00,1.07354e+01,3.41466e+00
9.53455e-01,2.07267e+01,2.09383e-01,2.86151e+01,1.79098e+00,1.99599e+00,4.45479e+00,1.69758e+01,5.65823e+00,1.10665e+01,2.60261e+00,1.60782e+01,1.54962e+00,1.07819e+00,2.42743e+00,6.65266e+00,1.92673e+00,2.24006e+00,9.58081e+00,3.42555e+00
9.54623e-01,2.02131e+01,1.95203e-01,2.84110e+01,1.59934e+00,1.92035e+00,4.66867e+00,1.87741e+01,1.01318e+01,1.12062e+01,2.59068e+00,1.63144e+01,1.56228e+00,1.07380e+00,2.72997e+00,6.58826e+00,1.92998e+00,2.23903e+00,8.57203e+00,3.43763e+00
9.54515e-01,1.94701e+01,1.82951e-01,2.82715e+01,1.43060e+00,1.89819e+00,4.97920e+00,2.08456e+01,1.38988e+01,1.13513e+01,2.52103e+00,1.65588e+01,1.57475e+00,1.06649e+00,2.98693e+00,6.50074e+00,1.93348e+00,2.24189e+00,7.70324e+00,3.45104e+00
9.52719e-01,1.86477e+01,1.72434e-01,2.82793e+01,1.28237e+00,1.91658e+00,5.37006e+00,2.31453e+01,1.58295e+01,1.15027e+01,2.41717e+00,1.68111e+01,1.58757e+00,1.05825e+00,3.19737e+00,6.40882e+00,1.93725e+00,2.22080e+00,6.96044e+00,3.46587e+00
9.49521e-01,1.78481e+01,1.63492e-01,2.85343e+01,1.15257e+00,1.95998e+00,5.80016e+00,2.54262e+01,1.62762e+01,1.16615e+01,2.29887e+00,1.70727e+01,1.60056e+00,1.05088e+00,3.36650e+00,6.32549e+00,1.94119e+00,2.16057e+00,6.32606e+00,3.48217e+00
9.46304e-01,1.71290e+01,1.55828e-01,2.91662e+01,1.03927e+00,2.01275e+00,6.21992e+00,2.73898e+01,1.58771e+01,1.18286e+01,2.17933e+00,1.73453e+01,1.61302e+00,1.04585e+00,3.50058e+00,6.25815e+00,1.94509e+00,2.06143e+00,5.78394e+00,3.49944e+00
9.44191e-01,1.65162e+01,1.49344e-01,3.03248e+01,9.40646e-01,2.06278e+00,6.59077e+00,2.88666e+01,1.50789e+01,1.20045e+01,2.06569e+00,1.76330e+01,1.62501e+00,1.04407e+00,3.60504e+00,6.20899e+00,1.94879e+00,1.93343e+00,5.31948e+00,3.51709e+00
9.43382e-01,1.60138e+01,1.43828e-01,3.21437e+01,8.54944e-01,2.10341e+00,6.89248e+00,2.98805e+01,1.41289e+01,1.21886e+01,1.96066e+00,1.79396e+01,1.63697e+00,1.04604e+00,3.68431e+00,6.17721e+00,1.95209e+00,1.78948e+00,4.92040e+00,3.53453e+00
9.43461e-01,1.56132e+01,1.39150e-01,3.46947e+01,7.80590e-01,2.13343e+00,7.11925e+00,3.05978e+01,1.31518e+01,1.23799e+01,1.86425e+00,1.82709e+01,1.64930e+00,1.05162e+00,3.74219e+00,6.16097e+00,1.95491e+00,1.64090e+00,4.57652e+00,3.55126e+00
9.43682e-01,1.52997e+01,1.35148e-01,3.79506e+01,7.16104e-01,2.15653e+00,7.27332e+00,3.12239e+01,1.22070e+01,1.25753e+01,1.77519e+00,1.86333e+01,1.66224e+00,1.06009e+00,3.78192e+00,6.15901e+00,1.95731e+00,1.49576e+00,4.27979e+00,3.56675e+00
9.43581e-01,1.50581e+01,1.31789e-01,4.17634e+01,6.60183e-01,2.17979e+00,7.36078e+00,3.18981e+01,1.13214e+01,1.27719e+01,1.69186e+00,1.90322e+01,1.67602e+00,1.07032e+00,3.80580e+00,6.17198e+00,1.95942e+00,1.35889e+00,4.02328e+00,3.58045e+00
9.42994e-01,1.48765e+01,1.28908e-01,4.58742e+01,6.11671e-01,2.21233e+00,7.39005e+00,3.26219e+01,1.05063e+01,1.29658e+01,1.61292e+00,1.94738e+01,1.69070e+00,1.08091e+00,3.81483e+00,6.20234e+00,1.96146e+00,1.23288e+00,3.80136e+00,3.59203e+00
9.42337e-01,1.47496e+01,1.26444e-01,4.99734e+01,5.69498e-01,2.26333e+00,7.37195e+00,3.32651e+01,9.76510e+00,1.31534e+01,1.53743e+00,1.99612e+01,1.70639e+00,1.09054e+00,3.80893e+00,6.25364e+00,1.96361e+00,1.11853e+00,3.60902e+00,3.60139e+00
9.42092e-01,1.46792e+01,1.24319e-01,5.38043e+01,5.32938e-01,2.33932e+00,7.31824e+00,3.36478e+01,9.09865e+00,1.33310e+01,1.46509e+00,2.04967e+01,1.72301e+00,1.09808e+00,3.78685e+00,6.32974e+00,1.96609e+00,1.01585e+00,3.44233e+00,3.60834e+00
9.42840e-01,1.46752e+01,1.22506e-01,5.72209e+01,5.01120e-01,2.44037e+00,7.24194e+00,3.36439e+01,8.50584e+00,1.34957e+01,1.39608e+00,2.10792e+01,1.74036e+00,1.10275e+00,3.74733e+00,6.43306e+00,1.96899e+00,9.24227e-01,3.29760e+00,3.61266e+00
9.44840e-01,1.47551e+01,1.20925e-01,6.01684e+01,4.73337e-01,2.55861e+00,7.15509e+00,3.32236e+01,7.98523e+00,1.36450e+01,1.33073e+00,2.17065e+01,1.75803e+00,1.10405e+00,3.68937e+00,6.55772e+00,1.97248e+00,8.42812e-01,3.17191e+00,3.61452e+00
9.48020e-01,1.49378e+01,1.19579e-01,6.26176e+01,4.49132e-01,2.67922e+00,7.06760e+00,3.24417e+01,7.53491e+00,1.37765e+01,1.26966e+00,2.23714e+01,1.77556e+00,1.10188e+00,3.61305e+00,6.69380e+00,1.97662e+00,7.70604e-01,3.06247e+00,3.61425e+00
9.51734e-01,1.52403e+01,1.18425e-01,6.45419e+01,4.27993e-01,2.78574e+00,6.98674e+00,3.13949e+01,7.15242e+00,1.38891e+01,1.21356e+00,2.30674e+01,1.79248e+00,1.09638e+00,3.51949e+00,6.82664e+00,1.98137e+00,7.06601e-01,2.96691e+00,3.61164e+00
9.54836e-01,1.56702e+01,1.17402e-01,6.59415e+01,4.09448e-01,2.86504e+00,6.91637e+00,3.01848e+01,6.83381e+00,1.39821e+01,1.16308e+00,2.37867e+01,1.80836e+00,1.08783e+00,3.41080e+00,6.94160e+00,1.98667e+00,6.49869e-01,2.88323e+00,3.60711e+00
9.56149e-01,1.62211e+01,1.16539e-01,6.68698e+01,3.93192e-01,2.91073e+00,6.85713e+00,2.88980e+01,6.57356e+00,1.40551e+01,1.11872e+00,2.45227e+01,1.82279e+00,1.07667e+00,3.28987e+00,7.02720e+00,1.99238e+00,5.99568e-01,2.80964e+00,3.60089e+00
9.54637e-01,1.68709e+01,1.15781e-01,6.74274e+01,3.78926e-01,2.92294e+00,6.80654e+00,2.76012e+01,6.36391e+00,1.41082e+01,1.08088e+00,2.52717e+01,1.83539e+00,1.06333e+00,3.15992e+00,7.07806e+00,1.99829e+00,5.54945e-01,2.74460e+00,3.59296e+00
9.49704e-01,1.75864e+01,1.15153e-01,6.77269e+01,3.66422e-01,2.90605e+00,6.75996e+00,2.63395e+01,6.19606e+00,1.41421e+01,1.04976e+00,2.60323e+01,1.84590e+00,1.04819e+00,3.02418e+00,7.09444e+00,2.00416e+00,5.15330e-01,2.68684e+00,3.58355e+00
9.41415e-01,1.83323e+01,1.14587e-01,6.78525e+01,3.55430e-01,2.86659e+00,6.71160e+00,2.51414e+01,6.05983e+00,1.41587e+01,1.02524e+00,2.68056e+01,1.85419e+00,1.03173e+00,2.88571e+00,7.08032e+00,2.00979e+00,4.80083e-01,2.63508e+00,3.57295e+00
9.30107e-01,1.90820e+01,1.14116e-01,6.78343e+01,3.45805e-01,2.81085e+00,6.65602e+00,2.40228e+01,5.94539e+00,1.41601e+01,1.00703e+00,2.75939e+01,1.86022e+00,1.01425e+00,2.74701e+00,7.04161e+00,2.01499e+00,4.48701e-01,2.58846e+00,3.56127e+00
9.16423e-01,1.98234e+01,1.13713e-01,6.76563e+01,3.37343e-01,2.74444e+00,6.58946e+00,2.29944e+01,5.84331e+00,1.41576e+01,9.94552e-01,2.83970e+01,1.86392e+00,9.96092e-01,2.61021e+00,6.98466e+00,2.01964e+00,4.20731e-01,2.54606e+00,3.54873e+00
9.01030e-01,2.05594e+01,1.13361e-01,6.72790e+01,3.29875e-01,2.67167e+00,6.51096e+00,2.20589e+01,5.74613e+00,1.42231e+01,9.86893e-01,2.92097e+01,1.86545e+00,9.77462e-01,2.47691e+00,6.91542e+00,2.02375e+00,3.95764e-01,2.50708e+00,3.53559e+00
8.84615e-01,2.13056e+01,1.13048e-01,6.66695e+01,3.23282e-01,2.59546e+00,6.42258e+00,2.12193e+01,5.64799e+00,1.47513e+01,9.83046e-01,3.00209e+01,1.86495e+00,9.58604e-01,2.34834e+00,6.83876e+00,2.02746e+00,3.73468e-01,2.47088e+00,3.52186e+00
8.67655e-01,2.20820e+01,1.12786e-01,6.58148e+01,3.17467e-01,2.51778e+00,6.32916e+00,2.04777e+01,5.54493e+00,1.73281e+01,9.81887e-01,3.08122e+01,1.86263e+00,9.39689e-01,2.22530e+00,6.75873e+00,2.03088e+00,3.53537e-01,2.43696e+00,3.50785e+00
8.50667e-01,2.29095e+01,1.12564e-01,6.47312e+01,3.12326e-01,2.43972e+00,6.23729e+00,1.98376e+01,5.43469e+00,2.58289e+01,9.82319e-01,3.15605e+01,1.85874e+00,9.20873e-01,2.10826e+00,6.67879e+00,2.03422e+00,3.35707e-01,2.40462e+00,3.49368e+00
8.33979e-01,2.38057e+01,1.12383e-01,6.34554e+01,3.07817e-01,2.36199e+00,6.15384e+00,1.93055e+01,5.31636e+00,4.32105e+01,9.83327e-01,3.22412e+01,1.85351e+00,9.02246e-01,1.99754e+00,6.60099e+00,2.03778e+00,3.19744e-01,2.37371e+00,3.47957e+00
8.17811e-01,2.47832e+01,1.12245e-01,6.20324e+01,3.03846e-01,2.28488e+00,6.08483e+00,1.88897e+01,5.18997e+00,6.44390e+01,9.84010e-01,3.28316e+01,1.84734e+00,8.83936e-01,1.89320e+00,6.52680e+00,2.04181e+00,3.05440e-01,2.34350e+00,3.46561e+00
8.02335e-01,2.58502e+01,1.12149e-01,6.05088e+01,3.00356e-01,2.20866e+00,6.03441e+00,1.86004e+01,5.05625e+00,8.14182e+01,9.83715e-01,3.33141e+01,1.84045e+00,8.66004e-01,1.79519e+00,6.45740e+00,2.04656e+00,2.92632e-01,2.31397e+00,3.45187e+00
7.87663e-01,2.70100e+01,1.12062e-01,5.89284e+01,2.97272e-01,2.13337e+00,6.00420e+00,1.84454e+01,4.91642e+00,9.15321e+01,9.81991e-01,3.36799e+01,1.83319e+00,8.48529e-01,1.70333e+00,6.39308e+00,2.05224e+00,2.81163e-01,2.28468e+00,3.43847e+00
7.73876e-01,2.82624e+01,1.12000e-01,5.73242e+01,2.95481e-01,2.05932e+00,5.99359e+00,1.84288e+01,4.77192e+00,9.63725e+01,9.78586e-01,3.39263e+01,1.82585e+00,8.31559e-01,1.61743e+00,6.33447e+00,2.05913e+00,2.70891e-01,2.25554e+00,3.42544e+00
7.61030e-01,2.96010e+01,1.13738e-01,5.57255e+01,2.98238e-01,1.98671e+00,5.99972e+00,1.85437e+01,4.62411e+00,9.81943e+01,9.73366e-01,3.40594e+01,1.81869e+00,8.15151e-01,1.53721e+00,6.28139e+00,2.06738e+00,2.61742e-01,2.22652e+00,3.41284e+00
7.49140e-01,3.10105e+01,1.18162e-01,5.41530e+01,3.05080e-01,1.91578e+00,6.01795e+00,1.87709e+01,4.47502e+00,9.85409e+01,9.66385e-01,3.40903e+01,1.81192e+00,7.99315e-01,1.46243e+00,6.23365e+00,2.07716e+00,2.53558e-01,2.19757e+00,3.40067e+00
7.38191e-01,3.24644e+01,1.25137e-01,5.26241e+01,3.10543e-01,1.84665e+00,6.04277e+00,1.90779e+01,4.32598e+00,9.81859e+01,9.57723e-01,3.40348e+01,1.80575e+00,7.84082e-01,1.39278e+00,6.19129e+00,2.08866e+00,2.46258e-01,2.16865e+00,3.38898e+00
7.28138e-01,3.39255e+01,1.32862e-01,5.11519e+01,3.17897e-01,1.77958e+00,6.06837e+00,1.94234e+01,4.17841e+00,9.74021e+01,9.47547e-01,3.39123e+01,1.80033e+00,7.69501e-01,1.32793e+00,6.15347e+00,2.10204e+00,2.39796e-01,2.13976e+00,3.37774e+00
7.18911e-01,3.53497e+01,1.38862e-01,4.97476e+01,3.26527e-01,1.71470e+00,6.08946e+00,1.97647e+01,4.03336e+00,9.62238e+01,9.36048e-01,3.37469e+01,1.79580e+00,7.55569e-01,1.26763e+00,6.12035e+00,2.11743e+00,2.34036e-01,2.11103e+00,3.36699e+00
7.10448e-01,3.66919e+01,1.43795e-01,4.84216e+01,3.35817e-01,1.65218e+00,6.10174e+00,2.00650e+01,3.89181e+00,9.46227e+01,9.23412e-01,3.35755e+01,1.79210e+00,7.42304e-01,1.21155e+00,6.09094e+00,2.13489e+00,2.28994e-01,2.08259e+00,3.35670e+00
7.02639e-01,3.79116e+01,1.48655e-01,4.71824e+01,3.45959e-01,1.59211e+00,6.10215e+00,2.02973e+01,3.75448e+00,9.25993e+01,9.09821e-01,3.34636e+01,1.78932e+00,7.29726e-01,1.15949e+00,6.06521e+00,2.15448e+00,2.24657e-01,2.05450e+00,3.34682e+00
6.95393e-01,3.89770e+01,1.53683e-01,4.60390e+01,3.56748e-01,1.53454e+00,6.08899e+00,2.04459e+01,3.62199e+00,9.02017e+01,8.95426e-01,3.35380e+01,1.78742e+00,7.17826e-01,1.11116e+00,6.04233e+00,2.17614e+00,2.20907e-01,2.02681e+00,3.33735e+00
6.88612e-01,3.98699e+01,1.58524e-01,4.49982e+01,3.67796e-01,1.47948e+00,6.06188e+00,2.05052e+01,3.49453e+00,8.75141e+01,8.80433e-01,3.40350e+01,1.78629e+00,7.06582e-01,1.06627e+00,6.02182e+00,2.19968e+00,2.17718e-01,1.99960e+00,3.32820e+00
6.82232e-01,4.05828e+01,1.62722e-01,4.40687e+01,3.79628e-01,1.42695e+00,6.02098e+00,2.04772e+01,3.37246e+00,8.46294e+01,8.64947e-01,3.53533e+01,1.78580e+00,6.96092e-01,1.02463e+00,6.00311e+00,2.22486e+00,2.14996e-01,1.97298e+00,3.31947e+00
6.76210e-01,4.11189e+01,1.65678e-01,4.32576e+01,3.92678e-01,1.37694e+00,5.96747e+00,2.03669e+01,3.25590e+00,8.16372e+01,8.49068e-01,3.80653e+01,1.78584e+00,6.86339e-01,9.86017e-01,5.98612e+00,2.25120e+00,2.12699e-01,1.94714e+00,3.31115e+00
6.70468e-01,4.14900e+01,1.67010e-01,4.25682e+01,4.06846e-01,1.32939e+00,5.90251e+00,2.01832e+01,3.14486e+00,7.86127e+01,8.32870e-01,4.28024e+01,1.78621e+00,6.77328e-01,9.50229e-01,5.97004e+00,2.27823e+00,2.10731e-01,1.92205e+00,3.30321e+00
6.65029e-01,4.17136e+01,1.66585e-01,4.20032e+01,4.21396e-01,1.28423e+00,5.82768e+00,1.99369e+01,3.03924e+00,7.56119e+01,8.16479e-01,4.99530e+01,1.78681e+00,6.69041e-01,9.17054e-01,5.95462e+00,2.30543e+00,2.09075e-01,1.89785e+00,3.29567e+00
6.59839e-01,4.18113e+01,1.64620e-01,4.15573e+01,4.34891e-01,1.24141e+00,5.74436e+00,1.96391e+01,2.93892e+00,7.26747e+01,7.99929e-01,5.93119e+01,1.78755e+00,6.61486e-01,8.86313e-01,5.93985e+00,2.33230e+00,2.07652e-01,1.87464e+00,3.28852e+00
6.54917e-01,4.18069e+01,1.61535e-01,4.12203e+01,4.46074e-01,1.20087e+00,5.65393e+00,1.93007e+01,2.84374e+00,6.98278e+01,7.83312e-01,6.99873e+01,1.78828e+00,6.54634e-01,8.57878e-01,5.92535e+00,2.35842e+00,2.06436e-01,1.85234e+00,3.28185e+00
6.50209e-01,4.17274e+01,1.57759e-01,4.09727e+01,4.63562e-01,1.16253e+00,5.55779e+00,1.89333e+01,2.75356e+00,6.70878e+01,7.66678e-01,8.07294e+01,1.78887e+00,6.48413e-01,8.31567e-01,5.91097e+00,2.38342e+00,2.05384e-01,1.83118e+00,3.27574e+00
6.45675e-01,4.16034e+01,1.81088e-01,4.07902e+01,4.95200e-01,1.12631e+00,5.45704e+00,1.85477e+01,2.66822e+00,6.44634e+01,7.50074e-01,9.04253e+01,1.78931e+00,6.42793e-01,8.07265e-01,5.89682e+00,2.40712e+00,2.07826e-01,1.81102e+00,3.27026e+00
6.41303e-01,4.14693e+01,2.54735e-01,4.06425e+01,5.93712e-01,1.09212e+00,5.35272e+00,1.81530e+01,2.60253e+00,6.19588e+01,7.33558e-01,9.84082e+01,1.78946e+00,6.37783e-01,7.84852e-01,5.88302e+00,2.42947e+00,2.22685e-01,1.79196e+00,3.26544e+00
6.45561e-01,4.13656e+01,4.30341e-01,4.04997e+01,1.01087e+00,1.05985e+00,5.24586e+00,1.77607e+01,2.56210e+00,5.95963e+01,7.17193e-01,1.04485e+02,1.79482e+00,6.86439e-01,7.64144e-01,5.86947e+00,2.45195e+00,2.44297e-01,1.77391e+00,3.26293e+00
6.68864e-01,4.13381e+01,6.96903e-01,4.03365e+01,1.89295e+00,1.02976e+00,5.13715e+00,1.73789e+01,2.54455e+00,5.73492e+01,7.01034e-01,1.08780e+02,1.80008e+00,7.67443e-01,7.45067e-01,5.85635e+00,2.48429e+00,2.67505e-01,1.76771e+00,3.26083e+00
6.95472e-01,4.14423e+01,1.30384e+00,4.01345e+01,4.86937e+00,1.00098e+00,5.02733e+00,1.70166e+01,2.55029e+00,5.52424e+01,6.85123e-01,1.11578e+02,1.80728e+00,8.71879e-01,7.27539e-01,5.84379e+00,2.52075e+00,3.05698e-01,1.76812e+00,3.27534e+00
7.12751e-01,4.17438e+01,2.42479e+00,3.98806e+01,1.50597e+01,9.73941e-01,4.91712e+00,1.66823e+01,2.57127e+00,5.32506e+01,6.69512e-01,1.13198e+02,1.81877e+00,1.01472e+00,7.11371e-01,5.83181e+00,2.55832e+00,3.45006e-01,1.78297e+00,3.29313e+00
7.60049e-01,4.23163e+01,3.63948e+00,3.95695e+01,2.88085e+01,9.48579e-01,4.80698e+00,1.63853e+01,2.60010e+00,5.13573e+01,6.54210e-01,1.13932e+02,1.85136e+00,1.19083e+00,6.96595e-01,5.82057e+00,2.59464e+00,3.85986e-01,1.80832e+00,3.32030e+00
8.79628e-01,4.32360e+01,4.32577e+00,3.92037e+01,3.78154e+01,9.24765e-01,4.69744e+00,1.61369e+01,2.63498e+00,4.95600e+01,6.39246e-01,1.14025e+02,2.23282e+00,1.40412e+00,6.83026e-01,5.81016e+00,2.62593e+00,4.29088e-01,1.83433e+00,3.35355e+00
1.06956e+00,4.45723e+01,4.52381e+00,3.87884e+01,3.91225e+01,9.02429e-01,4.58883e+00,1.59534e+01,2.68802e+00,4.78544e+01,6.24648e-01,1.13669e+02,3.24611e+00,1.67541e+00,6.70597e-01,5.80048e+00,2.65152e+00,4.81742e-01,1.86051e+00,3.38278e+00
1.39302e+00,4.63672e+01,4.95901e+00,3.83317e+01,3.92375e+01,8.81486e-01,4.48150e+00,1.58606e+01,2.82006e+00,4.62339e+01,6.10440e-01,1.13013e+02,5.19666e+00,2.24487e+00,6.59279e-01,5.79173e+00,2.67182e+00,8.30491e-01,1.89005e+00,3.40403e+00
2.53368e+00,4.86169e+01,6.44070e+00,3.78435e+01,4.31851e+01,8.61871e-01,4.37576e+00,1.59053e+01,3.19222e+00,4.47171e+01,5.96653e-01,1.12163e+02,1.02945e+01,4.37606e+00,6.48955e-01,5.78397e+00,2.73673e+00,1.48870e+00,1.92498e+00,3.42747e+00
5.96752e+00,5.13952e+01,8.75851e+00,3.73475e+01,4.81362e+01,8.81444e-01,4.28703e+00,1.62324e+01,3.99077e+00,4.33324e+01,5.83747e-01,1.11197e+02,1.86583e+01,1.05951e+01,6.45351e-01,5.77702e+00,2.85595e+00,2.47820e+00,1.97789e+00,3.46492e+00
1.06288e+01,5.45186e+01,1.13398e+01,3.68581e+01,5.26624e+01,9.24144e-01,4.21121e+00,1.70392e+01,5.20202e+00,4.21437e+01,5.79233e-01,1.10164e+02,3.49106e+01,2.11596e+01,6.48217e-01,5.77139e+00,2.98510e+00,3.58467e+00,2.08941e+00,3.54014e+00
1.96236e+01,5.75841e+01,1.35753e+01,3.63912e+01,5.54289e+01,9.78398e-01,4.16010e+00,1.83945e+01,6.78363e+00,4.11327e+01,5.80512e-01,1.09094e+02,1.17218e+02,3.57696e+01,6.47624e-01,5.76833e+00,3.10587e+00,4.80942e+00,2.26371e+00,3.67460e+00
4.00586e+01,6.06936e+01,1.44074e+01,3.59481e+01,5.56046e+01,1.02482e+00,4.13265e+00,2.04680e+01,8.95399e+00,4.01920e+01,5.83170e-01,1.08003e+02,2.54075e+02,5.43390e+01,6.51233e-01,5.76983e+00,3.20561e+00,8.04563e+00,2.48284e+00,3.82501e+00
7.59965e+01,6.37025e+01,1.37710e+01,3.55465e+01,5.32751e+01,1.05516e+00,4.11514e+00,2.34500e+01,1.22261e+01,3.92979e+01,5.89683e-01,1.06894e+02,3.61989e+02,7.19850e+01,6.56290e-01,5.77845e+00,3.29011e+00,1.51999e+01,2.68238e+00,3.94607e+00
1.25731e+02,6.65179e+01,1.23961e+01,3.51969e+01,4.89005e+01,1.08509e+00,4.10189e+00,2.72332e+01,1.75531e+01,3.84829e+01,5.99115e-01,1.05764e+02,4.64775e+02,8.73977e+01,6.62096e-01,5.79157e+00,3.37569e+00,2.18147e+01,2.84760e+00,4.03222e+00
1.71210e+02,6.90134e+01,1.09094e+01,3.49097e+01,4.32814e+01,1.12990e+00,4.09314e+00,3.14007e+01,2.51999e+01,3.77982e+01,6.04218e-01,1.04606e+02,5.74385e+02,1.00976e+02,6.68459e-01,5.80840e+00,3.48119e+00,2.47720e+01,2.98335e+00,4.10132e+00
1.99148e+02,7.10171e+01,9.54486e+00,3.47003e+01,3.71080e+01,1.19988e+00,4.08810e+00,3.53901e+01,3.24788e+01,3.72920e+01,5.99437e-01,1.03415e+02,6.93354e+02,1.15380e+02,6.75611e-01,5.82907e+00,3.63751e+00,2.56981e+01,3.10186e+00,4.17285e+00
2.13401e+02,7.24053e+01,8.28981e+00,3.45823e+01,3.09658e+01,1.30721e+00,4.07791e+00,3.87666e+01,3.67345e+01,3.69839e+01,5.90109e-01,1.02189e+02,7.99765e+02,1.35624e+02,6.81145e-01,5.85367e+00,3.92206e+00,2.64134e+01,3.20872e+00,4.25716e+00
2.23052e+02,7.32098e+01,7.11902e+00,3.45611e+01,2.53346e+01,1.45044e+00,4.05378e+00,4.13379e+01,3.85707e+01,3.68479e+01,5.81039e-01,1.00933e+02,8.42053e+02,1.65265e+02,6.86996e-01,5.88108e+00,4.59279e+00,2.72192e+01,3.29779e+00,4.35747e+00
2.29820e+02,7.35540e+01,6.04259e+00,3.46438e+01,2.04900e+01,1.58892e+00,4.00973e+00,4.31205e+01,4.03636e+01,3.68245e+01,5.72252e-01,9.96541e+01,8.19230e+02,2.00263e+02,6.95394e-01,5.90998e+00,6.15177e+00,2.72901e+01,3.35831e+00,4.47279e+00
2.27674e+02,7.35402e+01,5.07758e+00,3.48515e+01,1.64975e+01,1.67423e+00,3.94602e+00,4.42508e+01,4.39768e+01,3.68491e+01,5.63603e-01,9.83696e+01,7.63163e+02,2.24122e+02,7.06522e-01,5.93797e+00,8.55858e+00,2.60658e+01,3.38667e+00,4.60122e+00
2.14060e+02,7.32350e+01,4.23684e+00,3.52314e+01,1.32929e+01,1.69195e+00,3.86597e+00,4.48779e+01,4.95322e+01,3.68727e+01,5.55339e-01,9.70936e+01,6.97806e+02,2.26336e+02,7.19834e-01,5.96334e+00,1.06461e+01,2.38099e+01,3.38847e+00,4.74143e+00
1.92727e+02,7.26908e+01,3.52434e+00,3.58689e+01,1.07559e+01,1.65799e+00,3.77289e+00,4.51288e+01,5.62501e+01,3.68648e+01,5.47322e-01,9.58424e+01,6.35046e+02,2.11994e+02,7.34498e-01,5.98520e+00,1.16653e+01,2.10910e+01,3.37444e+00,4.89322e+00
1.68725e+02,7.19564e+01,2.93415e+00,3.69006e+01,8.76030e+00,1.59464e+00,3.67004e+00,4.50929e+01,6.38969e+01,3.68097e+01,5.39372e-01,9.46342e+01,5.79449e+02,1.90055e+02,7.49958e-01,6.00280e+00,1.18522e+01,1.83406e+01,3.35380e+00,5.05756e+00
1.45416e+02,7.10774e+01,2.45351e+00,3.85021e+01,7.19224e+00,1.51865e+00,3.56204e+00,4.48363e+01,7.25121e+01,3.66995e+01,5.31279e-01,9.34890e+01,5.30817e+02,1.66472e+02,7.65934e-01,6.01646e+00,1.16812e+01,1.57841e+01,3.33153e+00,5.23407e+00
1.24368e+02,7.00929e+01,2.06590e+00,4.08277e+01,5.95755e+00,1.44016e+00,3.45424e+00,4.44127e+01,8.16638e+01,3.65298e+01,5.23036e-01,9.24326e+01,4.86252e+02,1.44113e+02,7.82489e-01,6.02583e+00,1.14860e+01,1.35110e+01,3.30913e+00,5.41964e+00
1.06062e+02,6.90345e+01,1.75471e+00,4.38963e+01,4.98142e+00,1.36461e+00,3.35065e+00,4.38676e+01,9.06938e+01,3.62985e+01,5.14783e-01,9.14944e+01,4.43177e+02,1.24081e+02,7.99872e-01,6.03115e+00,1.14391e+01,1.15409e+01,3.28679e+00,5.60888e+00
9.04435e+01,6.79267e+01,1.50501e+00,4.74997e+01,4.20540e+00,1.29451e+00,3.25391e+00,4.32392e+01,9.90676e+01,3.60053e+01,5.06682e-01,9.07145e+01,4.00951e+02,1.06638e+02,8.18473e-01,6.03229e+00,1.16106e+01,9.85931e+00,3.26470e+00,5.79467e+00
7.72488e+01,6.67895e+01,1.30416e+00,5.12344e+01,3.58452e+00,1.23086e+00,3.16510e+00,4.25559e+01,1.06114e+02,3.56514e+01,4.98902e-01,9.01367e+01,3.60358e+02,9.16727e+01,8.38948e-01,6.02947e+00,1.20196e+01,8.43688e+00,3.24276e+00,5.97266e+00
6.61538e+01,6.56385e+01,1.14197e+00,5.46633e+01,3.08452e+00,1.17378e+00,3.08437e+00,4.18353e+01,1.10980e+02,3.52400e+01,4.91553e-01,8.98154e+01,3.22468e+02,7.89304e+01,8.62111e-01,6.02300e+00,1.26823e+01,7.23982e+00,3.22011e+00,6.14434e+00
5.68404e+01,6.44868e+01,1.01016e+00,5.74826e+01,2.67880e+00,1.12310e+00,3.01116e+00,4.10884e+01,1.13134e+02,3.47765e+01,4.84711e-01,8.98030e+01,2.87992e+02,6.81187e+01,8.88688e-01,6.01359e+00,1.36897e+01,6.23455e+00,3.19520e+00,6.32421e+00
4.90252e+01,6.33429e+01,9.02433e-01,5.95762e+01,2.34738e+00,1.07864e+00,2.94515e+00,4.03163e+01,1.12692e+02,3.42677e+01,4.78410e-01,9.01523e+01,2.57180e+02,5.89575e+01,9.19183e-01,6.00140e+00,1.54640e+01,5.39087e+00,3.16583e+00,6.55001e+00
4.24640e+01,6.22145e+01,8.13744e-01,6.09779e+01,2.07478e+00,1.04004e+00,2.88612e+00,3.95213e+01,1.10279e+02,3.37242e+01,4.72671e-01,9.09028e+01,2.29962e+02,5.11966e+01,9.53569e-01,5.98732e+00,1.99144e+01,4.68202e+00,3.13035e+00,6.89971e+00
3.69492e+01,6.11067e+01,7.40252e-01,6.17946e+01,1.84904e+00,1.00692e+00,2.83447e+00,3.87053e+01,1.06669e+02,3.31599e+01,4.67467e-01,9.20706e+01,2.06082e+02,4.46149e+01,9.91271e-01,5.97191e+00,3.63440e+01,4.08547e+00,3.08843e+00,7.51115e+00
3.23051e+01,6.00257e+01,6.83005e-01,6.21523e+01,1.66138e+00,9.78765e-01,2.79097e+00,3.78691e+01,1.02540e+02,3.25917e+01,4.62734e-01,9.36415e+01,1.85233e+02,3.90220e+01,1.03134e+00,5.95560e+00,9.60222e+01,3.58707e+00,3.04083e+00,8.60297e+00
2.83859e+01,5.89767e+01,6.37354e-01,6.21643e+01,1.50397e+00,9.55129e-01,2.75662e+00,3.70198e+01,9.83242e+01,3.20396e+01,4.58428e-01,9.55607e+01,1.67113e+02,3.42593e+01,1.07274e+00,5.93920e+00,2.22883e+02,3.16573e+00,2.98907e+00,1.04623e+01
2.50688e+01,5.79641e+01,6.06588e-01,6.19234e+01,1.37070e+00,9.35647e-01,2.73244e+00,3.61623e+01,9.41673e+01,3.15224e+01,4.54494e-01,9.77377e+01,1.51400e+02,3.01888e+01,1.11455e+00,5.92347e+00,3.46109e+02,2.81124e+00,2.93500e+00,1.32004e+01
2.22512e+01,5.69911e+01,5.83361e-01,6.15015e+01,1.25827e+00,9.19919e-01,2.71911e+00,3.53042e+01,8.99991e+01,3.10586e+01,4.50927e-01,1.00052e+02,1.37781e+02,2.67019e+01,1.15602e+00,5.90892e+00,4.07049e+02,2.51528e+00,2.88035e+00,1.63640e+01
1.98471e+01,5.60601e+01,5.63988e-01,6.09507e+01,1.16303e+00,9.07612e-01,2.71664e+00,3.44517e+01,8.56727e+01,3.06630e+01,4.47700e-01,1.02366e+02,1.26020e+02,2.37070e+01,1.19669e+00,5.89617e+00,4.21969e+02,2.26505e+00,2.82681e+00,2.17302e+01
1.77877e+01,5.51720e+01,5.48618e-01,6.03099e+01,1.08185e+00,8.98479e-01,2.72434e+00,3.36122e+01,8.10905e+01,3.03456e+01,4.44811e-01,1.04548e+02,1.15873e+02,2.11281e+01,1.23612e+00,5.88577e+00,4.14298e+02,2.04948e+00,2.77559e+00,2.85347e+02
1.60175e+01,5.43270e+01,5.36483e-01,5.96065e+01,1.01235e+00,8.92263e-01,2.74043e+00,3.27909e+01,7.62619e+01,3.01102e+01,4.42227e-01,1.06482e+02,1.07140e+02,1.89001e+01,1.27385e+00,5.87790e+00,3.96268e+02,1.86163e+00,2.72754e+00,7.72782e+02
1.44903e+01,5.35273e+01,5.25744e-01,5.88561e+01,9.52617e-01,8.88785e-01,2.76261e+00,3.19944e+01,7.12736e+01,2.99551e+01,4.39984e-01,1.08080e+02,9.97015e+01,1.69691e+01,1.30924e+00,5.87335e+00,3.73417e+02,1.69804e+00,2.68367e+00,8.77120e+02
1.31668e+01,5.27743e+01,5.14452e-01,5.80702e+01,9.00700e-01,8.87841e-01,2.78804e+00,3.12295e+01,6.62644e+01,2.98718e+01,4.38050e-01,1.09293e+02,9.34265e+01,1.52884e+01,1.34159e+00,5.87160e+00,3.48512e+02,1.55545e+00,2.64464e+00,8.69608e+02
1.20131e+01,5.20711e+01,5.01631e-01,5.72550e+01,8.55306e-01,8.89260e-01,2.81375e+00,3.05018e+01,6.13605e+01,2.98458e+01,4.36478e-01,1.10102e+02,8.81550e+01,1.38215e+01,1.37025e+00,5.87366e+00,3.23156e+02,1.43070e+00,2.61120e+00,8.34142e+02
1.10010e+01,5.14198e+01,4.87458e-01,5.64150e+01,8.15430e-01,8.92845e-01,2.83720e+00,2.98167e+01,5.66612e+01,2.98589e+01,4.35227e-01,1.10509e+02,8.36652e+01,1.25364e+01,1.39477e+00,5.88004e+00,2.98340e+02,1.32091e+00,2.58422e+00,7.90256e+02
1.01074e+01,5.08226e+01,4.72812e-01,5.55533e+01,7.80388e-01,8.98472e-01,2.85635e+00,2.91779e+01,5.22296e+01,2.98907e+01,4.34299e-01,1.10547e+02,7.96971e+01,1.14085e+01,1.41509e+00,5.89489e+00,2.74645e+02,1.22373e+00,2.56465e+00,7.44499e+02
9.31331e+00,5.02799e+01,4.59158e-01,5.46744e+01,7.49481e-01,9.05973e-01,2.86984e+00,2.85872e+01,4.81025e+01,2.99212e+01,4.33681e-01,1.10254e+02,7.59864e+01,1.04166e+01,1.43144e+00,5.92689e+00,2.52406e+02,1.13754e+00,2.55348e+00,6.99656e+02
8.60450e+00,4.97902e+01,4.47886e-01,5.37837e+01,7.22382e-01,9.15283e-01,2.87687e+00,2.80444e+01,4.42906e+01,2.99326e+01,4.33293e-01,1.09673e+02,7.23310e+01,9.54346e+00,1.44443e+00,5.99173e+00,2.31781e+02,1.06126e+00,2.55182e+00,6.56885e+02
7.96872e+00,4.93502e+01,4.40097e-01,5.28895e+01,6.98706e-01,9.26316e-01,2.87728e+00,2.75468e+01,4.07921e+01,2.99128e+01,4.33120e-01,1.08856e+02,6.86134e+01,8.77424e+00,1.45484e+00,6.10647e+00,2.12799e+02,9.94104e-01,2.56057e+00,6.16595e+02
7.39648e+00,4.89537e+01,4.35834e-01,5.20044e+01,6.78063e-01,9.39062e-01,2.87125e+00,2.70903e+01,3.75936e+01,2.98530e+01,4.33037e-01,1.07846e+02,6.48056e+01,8.09681e+00,1.46336e+00,6.27647e+00,1.95421e+02,9.35386e-01,2.58060e+00,5.78804e+02
6.87927e+00,4.85929e+01,4.33871e-01,5.11392e+01,6.60142e-01,9.53431e-01,2.85948e+00,2.66689e+01,3.46763e+01,2.97500e+01,4.32985e-01,1.06690e+02,6.09391e+01,7.49966e+00,1.47061e+00,6.48332e+00,1.79560e+02,8.84304e-01,2.61203e+00,5.43338e+02
6.41056e+00,4.82596e+01,4.32531e-01,5.03115e+01,6.44665e-01,9.69398e-01,2.84263e+00,2.62802e+01,3.20212e+01,2.96044e+01,4.32880e-01,1.05427e+02,5.70769e+01,6.97271e+00,1.47672e+00,6.68977e+00,1.65115e+02,8.40183e-01,2.65434e+00,5.10012e+02
5.98472e+00,4.79463e+01,4.30101e-01,4.95351e+01,6.31254e-01,9.86829e-01,2.82160e+00,2.59208e+01,2.96056e+01,2.94205e+01,4.32648e-01,1.04090e+02,5.32850e+01,6.50683e+00,1.48160e+00,6.85832e+00,1.51974e+02,8.02217e-01,2.70624e+00,4.78604e+02
5.59719e+00,4.76459e+01,4.25650e-01,4.88257e+01,6.19646e-01,1.00546e+00,2.79731e+00,2.55887e+01,2.74098e+01,2.92073e+01,4.32241e-01,1.02714e+02,4.96209e+01,6.09283e+00,1.48476e+00,6.96776e+00,1.40025e+02,7.69595e-01,2.76500e+00,4.48999e+02
5.24375e+00,4.73526e+01,4.18948e-01,4.81958e+01,6.09605e-01,1.02488e+00,2.77052e+00,2.52833e+01,2.54128e+01,2.89799e+01,4.31608e-01,1.01323e+02,4.61272e+01,5.72260e+00,1.48561e+00,7.01694e+00,1.29158e+02,7.41481e-01,2.82742e+00,4.21085e+02
4.92102e+00,4.70630e+01,4.10489e-01,4.76455e+01,6.00885e-01,1.04456e+00,2.74196e+00,2.50056e+01,2.35967e+01,2.87615e+01,4.30738e-01,9.99403e+01,4.28332e+01,5.38866e+00,1.48349e+00,7.01622e+00,1.19275e+02,7.17110e-01,2.88939e+00,3.94807e+02
4.62581e+00,4.67750e+01,4.00910e-01,4.71734e+01,5.93189e-01,1.06374e+00,2.71234e+00,2.47551e+01,2.19438e+01,2.85878e+01,4.29639e-01,9.85839e+01,3.97534e+01,5.08475e+00,1.47778e+00,6.98032e+00,1.10280e+02,6.95789e-01,2.94694e+00,3.70108e+02
4.35567e+00,4.64880e+01,3.90872e-01,4.67655e+01,5.86301e-01,1.08187e+00,2.68218e+00,2.45298e+01,2.04385e+01,2.85266e+01,4.28332e-01,9.72647e+01,3.68931e+01,4.80599e+00,1.46806e+00,6.92301e+00,1.02088e+02,6.76971e-01,2.99653e+00,3.46956e+02
4.10835e+00,4.62025e+01,3.80961e-01,4.64050e+01,5.80030e-01,1.09824e+00,2.65194e+00,2.43270e+01,1.90660e+01,2.87253e+01,4.26873e-01,9.59944e+01,3.42493e+01,4.54846e+00,1.45417e+00,6.85511e+00,9.46214e+01,6.60213e-01,3.03542e+00,3.25294e+02
3.88191e+00,4.59195e+01,3.71553e-01,4.60742e+01,5.74243e-01,1.11230e+00,2.62203e+00,2.41428e+01,1.78139e+01,2.95347e+01,4.25312e-01,9.47759e+01,3.18145e+01,4.30956e+00,1.43612e+00,6.78470e+00,8.78101e+01,6.45173e-01,3.06196e+00,3.05081e+02
3.67453e+00,4.56407e+01,3.62823e-01,4.57546e+01,5.68785e-01,1.12365e+00,2.59282e+00,2.39709e+01,1.66696e+01,3.17364e+01,4.23738e-01,9.36116e+01,2.95778e+01,4.08731e+00,1.41427e+00,6.71765e+00,8.15906e+01,6.31636e-01,3.07578e+00,2.86236e+02
3.48471e+00,4.53684e+01,3.54979e-01,4.54344e+01,5.63636e-01,1.13211e+00,2.56462e+00,2.38073e+01,1.56236e+01,3.66988e+01,4.22214e-01,9.25002e+01,2.75267e+01,3.88082e+00,1.38901e+00,6.65828e+00,7.59062e+01,6.19392e-01,3.07722e+00,2.68712e+02
3.31097e+00,4.51067e+01,3.47934e-01,4.51032e+01,5.58771e-01,1.13761e+00,2.53780e+00,2.36459e+01,1.46659e+01,4.57756e+01,4.20804e-01,9.14408e+01,2.56475e+01,3.68880e+00,1.36088e+00,6.60980e+00,7.07052e+01,6.08339e-01,3.06745e+00,2.52434e+02
3.15206e+00,4.48606e+01,3.41768e-01,4.47589e+01,5.54152e-01,1.14033e+00,2.51267e+00,2.34809e+01,1.37878e+01,5.86364e+01,4.19592e-01,9.04266e+01,2.39284e+01,3.51094e+00,1.33048e+00,6.57491e+00,6.59442e+01,5.98266e-01,3.04795e+00,2.37314e+02
3.00659e+00,4.46382e+01,3.36360e-01,4.44011e+01,5.49845e-01,1.14044e+00,2.48953e+00,2.33072e+01,1.29825e+01,7.25954e+01,4.18663e-01,8.94557e+01,2.23547e+01,3.34648e+00,1.29842e+00,6.56326e+00,6.15784e+01,5.89026e-01,3.02058e+00,2.23293e+02
2.87352e+00,4.44512e+01,3.31728e-01,4.40325e+01,5.45843e-01,1.13823e+00,2.46872e+00,2.31175e+01,1.22429e+01,8.46994e+01,4.18057e-01,8.85186e+01,2.09150e+01,3.19498e+00,1.26526e+00,3.49799e+01,5.75719e+01,5.80515e-01,2.98718e+00,2.10293e+02
2.75173e+00,4.43147e+01,3.27792e-01,4.36575e+01,5.42128e-01,1.13395e+00,2.45062e+00,2.29065e+01,1.15630e+01,9.38954e+01,4.17828e-01,8.76165e+01,1.95978e+01,3.05569e+00,1.23153e+00,5.42400e+02,5.38924e+01,5.72648e-01,2.94938e+00,1.98240e+02
2.64032e+00,4.42493e+01,3.24439e-01,4.32810e+01,5.38706e-01,1.12787e+00,2.43552e+00,2.26705e+01,1.09374e+01,1.01120e+02,4.18017e-01,8.67433e+01,1.83919e+01,2.92811e+00,1.19767e+00,6.88470e+02,5.05086e+01,5.65271e-01,2.90868e+00,1.87076e+02
2.53837e+00,4.42816e+01,3.21618e-01,4.29079e+01,5.35598e-01,1.12029e+00,2.42369e+00,2.24079e+01,1.03613e+01,1.08280e+02,4.18634e-01,8.59051e+01,1.72872e+01,2.81145e+00,1.16409e+00,6.84359e+02,4.73929e+01,5.58348e-01,2.86650e+00,1.76730e+02
2.44515e+00,4.44438e+01,3.19271e-01,4.25425e+01,5.32829e-01,1.11140e+00,2.41535e+00,2.21190e+01,9.83074e+00,1.17129e+02,4.19679e-01,8.51060e+01,1.62749e+01,2.70503e+00,1.13108e+00,6.58155e+02,4.45225e+01,5.51886e-01,2.82357e+00,1.67154e+02
2.35979e+00,4.47724e+01,3.17270e-01,4.21863e+01,5.30342e-01,1.10150e+00,2.41060e+00,2.18085e+01,9.34139e+00,1.28232e+02,4.21111e-01,8.43646e+01,1.53465e+01,2.60795e+00,1.09889e+00,6.29043e+02,4.18743e+01,5.45800e-01,2.78084e+00,1.58283e+02
2.28177e+00,4.53072e+01,3.15647e-01,4.18409e+01,5.28109e-01,1.09075e+00,2.40955e+00,2.14785e+01,8.89006e+00,1.40542e+02,4.22915e-01,8.37226e+01,1.44946e+01,2.51958e+00,1.06772e+00,6.00365e+02,3.94290e+01,5.40120e-01,2.73867e+00,1.50071e+02
2.21045e+00,4.60847e+01,3.14358e-01,4.15062e+01,5.26106e-01,1.07925e+00,2.41217e+00,2.11360e+01,8.47354e+00,1.52070e+02,4.25030e-01,8.32596e+01,1.37121e+01,2.43912e+00,1.03772e+00,5.72770e+02,3.71692e+01,5.34846e-01,2.69733e+00,1.42475e+02
2.14519e+00,4.71299e+01,3.13316e-01,4.11811e+01,5.24298e-01,1.06721e+00,2.41831e+00,2.07852e+01,8.08914e+00,1.61135e+02,4.27435e-01,8.31126e+01,1.29930e+01,2.36593e+00,1.00897e+00,5.46387e+02,3.50782e+01,5.30047e-01,2.65702e+00,1.35448e+02
2.08556e+00,4.84487e+01,3.12481e-01,4.08628e+01,5.22699e-01,1.05482e+00,2.42764e+00,2.04316e+01,7.73438e+00,1.67030e+02,4.30027e-01,8.34961e+01,1.23313e+01,2.29933e+00,9.81561e-01,5.21215e+02,3.31417e+01,5.25602e-01,2.61780e+00,1.28949e+02
2.03110e+00,5.00189e+01,3.11845e-01,4.05482e+01,5.21305e-01,1.04207e+00,2.43982e+00,2.00774e+01,7.40678e+00,1.69904e+02,4.32742e-01,8.47074e+01,1.17219e+01,2.23875e+00,9.55534e-01,4.97214e+02,3.13471e+01,5.21626e-01,2.57961e+00,1.22945e+02
1.98133e+00,5.17881e+01,3.11372e-01,4.02315e+01,5.20086e-01,1.02908e+00,2.45436e+00,1.97280e+01,7.10422e+00,1.70323e+02,4.35499e-01,8.70940e+01,1.11603e+01,2.18355e+00,9.30890e-01,4.74332e+02,2.96823e+01,5.18071e-01,2.54241e+00,1.17398e+02
1.93587e+00,5.36756e+01,3.11032e-01,3.99093e+01,5.18986e-01,1.01595e+00,2.47071e+00,1.93844e+01,6.82491e+00,1.68930e+02,4.38233e-01,9.09859e+01,1.06420e+01,2.13332e+00,9.07639e-01,4.52521e+02,2.81364e+01,5.14881e-01,2.50605e+00,1.12274e+02
1.89438e+00,5.55845e+01,3.10812e-01,3.95773e+01,5.17996e-01,1.00269e+00,2.48825e+00,1.90495e+01,6.56702e+00,1.66300e+02,4.40890e-01,9.65986e+01,1.01632e+01,2.08756e+00,8.85767e-01,4.31733e+02,2.66999e+01,5.12113e-01,2.47056e+00,1.07535e+02
1.85650e+00,5.74167e+01,3.10670e-01,3.92312e+01,5.17123e-01,9.89413e-01,2.50637e+00,1.87252e+01,6.32888e+00,1.63017e+02,4.43414e-01,1.03970e+02,9.72050e+00,2.04589e+00,8.65267e-01,4.11930e+02,2.53643e+01,5.09685e-01,2.43576e+00,1.03145e+02
1.82193e+00,5.90876e+01,3.10610e-01,3.88692e+01,5.16329e-01,9.76144e-01,2.52447e+00,1.84129e+01,6.10895e+00,1.60107e+02,4.45776e-01,1.12950e+02,9.31053e+00,2.00780e+00,8.46064e-01,3.93059e+02,2.41203e+01,5.07585e-01,2.40166e+00,9.90673e+01
1.79038e+00,6.05339e+01,3.10617e-01,3.84895e+01,5.15615e-01,9.62919e-01,2.54201e+00,1.81151e+01,5.90603e+00,1.60345e+02,4.47921e-01,1.23259e+02,8.93070e+00,1.97316e+00,8.28145e-01,3.75107e+02,2.29617e+01,5.05780e-01,2.36830e+00,9.52662e+01
1.76177e+00,6.17166e+01,3.10684e-01,3.80922e+01,5.14943e-01,9.49753e-01,2.55855e+00,1.78345e+01,5.71861e+00,1.70762e+02,4.49841e-01,1.34553e+02,8.57847e+00,1.94151e+00,8.11489e-01,3.58030e+02,2.18814e+01,5.04255e-01,2.33575e+00,9.17044e+01
1.73565e+00,6.26232e+01,3.10774e-01,3.76775e+01,5.14303e-01,9.36727e-01,2.57369e+00,1.75733e+01,5.54571e+00,2.02535e+02,4.51514e-01,1.46441e+02,8.25128e+00,1.91264e+00,7.95982e-01,3.41787e+02,2.08729e+01,5.02917e-01,2.30391e+00,8.83454e+01
1.71193e+00,6.32598e+01,3.10862e-01,3.72484e+01,5.13694e-01,9.23868e-01,2.58708e+00,1.73361e+01,5.38621e+00,2.58206e+02,4.52942e-01,1.58448e+02,7.94733e+00,1.88639e+00,7.81663e-01,3.26356e+02,1.99301e+01,5.01805e-01,2.27299e+00,8.51588e+01
1.69040e+00,6.36464e+01,3.10987e-01,3.68085e+01,5.13141e-01,9.11233e-01,2.59854e+00,1.71267e+01,5.23917e+00,3.18560e+02,4.54109e-01,1.70024e+02,7.66444e+00,1.86247e+00,7.68379e-01,3.11706e+02,1.90480e+01,5.00833e-01,2.24300e+00,8.21143e+01
1.67092e+00,6.38107e+01,3.11158e-01,3.63615e+01,5.12629e-01,8.98851e-01,2.60795e+00,1.69493e+01,5.10369e+00,3.61227e+02,4.54997e-01,1.80590e+02,7.40112e+00,1.84071e+00,7.56140e-01,2.97794e+02,1.82222e+01,5.00047e-01,2.21404e+00,7.91880e+01
1.65330e+00,6.37838e+01,3.11329e-01,3.59113e+01,5.12096e-01,8.86708e-01,2.61523e+00,1.68089e+01,4.97888e+00,3.81038e+02,4.55624e-01,1.89646e+02,7.15572e+00,1.82101e+00,7.44892e-01,2.84600e+02,1.74478e+01,4.99372e-01,2.18614e+00,7.63633e+01
1.63738e+00,6.35969e+01,3.11492e-01,3.54612e+01,5.11596e-01,8.74880e-01,2.62031e+00,1.67098e+01,4.86395e+00,3.84170e+02,4.55970e-01,1.96879e+02,6.92705e+00,1.80318e+00,7.34543e-01,2.72086e+02,1.67205e+01,4.98818e-01,2.15930e+00,7.36218e+01
1.62302e+00,6.32787e+01,3.11670e-01,3.50156e+01,5.11119e-01,8.63354e-01,2.62318e+00,1.66560e+01,4.75829e+00,3.77855e+02,4.56041e-01,2.02241e+02,6.71384e+00,1.78711e+00,7.25097e-01,2.60221e+02,1.60368e+01,4.98350e-01,2.13360e+00,7.09599e+01
1.61006e+00,6.28560e+01,3.11847e-01,3.45766e+01,5.10663e-01,8.52154e-01,2.62392e+00,1.66488e+01,4.66096e+00,3.66915e+02,4.55858e-01,2.06027e+02,6.51505e+00,1.77262e+00,7.16455e-01,2.48969e+02,1.53932e+01,4.97981e-01,2.10893e+00,6.83665e+01
1.59839e+00,6.23517e+01,3.12014e-01,3.41470e+01,5.10187e-01,8.41323e-01,2.62252e+00,1.66888e+01,4.57156e+00,3.54000e+02,4.55382e-01,2.08988e+02,6.32967e+00,1.75962e+00,7.08591e-01,2.38308e+02,1.47870e+01,4.97663e-01,2.08535e+00,6.58442e+01
1.58789e+00,6.17844e+01,3.12192e-01,3.37291e+01,5.09688e-01,8.30824e-01,2.61902e+00,1.67728e+01,4.48952e+00,3.40436e+02,4.54644e-01,2.12551e+02,6.15691e+00,1.74810e+00,7.01434e-01,2.28207e+02,1.42147e+01,4.97428e-01,2.06290e+00,6.33902e+01
1.57847e+00,6.11707e+01,3.12361e-01,3.33254e+01,5.09194e-01,8.20790e-01,2.61350e+00,1.68941e+01,4.41426e+00,3.26878e+02,4.53624e-01,2.18964e+02,5.99578e+00,1.73777e+00,6.94971e-01,2.18630e+02,1.36745e+01,4.97208e-01,2.04145e+00,6.10040e+01
1.57008e+00,6.05248e+01,3.12503e-01,3.29377e+01,5.08695e-01,8.11104e-01,2.60594e+00,1.70437e+01,4.34510e+00,3.13624e+02,4.52337e-01,2.31091e+02,5.84562e+00,1.72861e+00,6.89125e-01,2.09560e+02,1.31636e+01,4.97003e-01,2.02111e+00,5.86905e+01
1.56252e+00,5.98581e+01,3.12640e-01,3.25684e+01,5.08195e-01,8.01820e-01,2.59639e+00,1.72095e+01,4.28172e+00,3.00815e+02,4.50811e-01,2.51343e+02,5.70603e+00,1.72056e+00,6.83846e-01,2.00961e+02,1.26801e+01,4.96826e-01,2.00169e+00,5.64484e+01
1.55581e+00,5.91805e+01,3.12756e-01,3.22194e+01,5.07705e-01,7.92981e-01,2.58494e+00,1.73778e+01,4.22360e+00,2.88515e+02,4.49010e-01,2.79861e+02,5.57604e+00,1.71352e+00,6.79114e-01,1.92816e+02,1.22223e+01,4.96659e-01,1.98330e+00,5.42833e+01
1.54981e+00,5.85008e+01,3.12839e-01,3.18934e+01,5.07178e-01,7.84502e-01,2.57169e+00,1.75365e+01,4.17033e+00,2.76740e+02,4.46987e-01,3.13377e+02,5.45528e+00,1.70738e+00,6.74853e-01,1.85100e+02,1.17885e+01,4.96515e-01,1.96576e+00,5.21924e+01
1.54449e+00,5.78255e+01,3.12922e-01,3.15927e+01,5.06657e-01,7.76431e-01,2.55666e+00,1.76743e+01,4.12160e+00,2.65496e+02,4.44712e-01,3.46358e+02,5.34320e+00,1.70208e+00,6.71045e-01,1.77785e+02,1.13771e+01,4.96379e-01,1.94901e+00,5.01803e+01
1.53975e+00,5.71608e+01,3.13011e-01,3.13215e+01,5.06134e-01,7.68782e-01,2.53996e+00,1.77826e+01,4.07686e+00,2.54775e+02,4.42233e-01,3.73726e+02,5.23934e+00,1.69757e+00,6.67643e-01,1.70856e+02,1.09868e+01,4.96243e-01,1.93314e+00,4.82449e+01
1.53549e+00,5.65113e+01,3.13089e-01,3.10851e+01,5.05613e-01,7.61498e-01,2.52177e+00,1.78578e+01,4.03581e+00,2.44555e+02,4.39584e-01,3.92832e+02,5.14298e+00,1.69371e+00,6.64589e-01,1.64289e+02,1.06165e+01,4.96117e-01,1.91789e+00,4.63848e+01
1.53171e+00,5.58804e+01,3.13152e-01,3.09595e+01,5.05074e-01,7.54603e-01,2.50218e+00,1.78987e+01,3.99811e+00,2.34817e+02,4.36750e-01,4.03507e+02,5.05381e+00,1.69040e+00,6.61914e-01,1.58066e+02,1.02650e+01,4.95989e-01,1.90328e+00,4.46025e+01
1.52832e+00,5.52723e+01,3.13219e-01,3.23743e+01,5.04511e-01,7.48079e-01,2.48133e+00,1.79096e+01,3.96336e+00,2.25547e+02,4.33775e-01,4.07079e+02,4.97135e+00,1.68760e+00,6.59493e-01,1.52169e+02,9.93140e+00,4.95847e-01,1.88942e+00,4.28958e+01
1.52526e+00,5.46889e+01,3.13273e-01,5.30066e+01,5.03927e-01,7.41970e-01,2.45943e+00,1.79016e+01,3.93147e+00,2.16718e+02,4.30676e-01,4.05353e+02,4.89517e+00,1.68523e+00,6.57381e-01,1.46583e+02,9.61468e+00,4.95691e-01,1.87612e+00,4.12607e+01
1.52256e+00,5.41312e+01,3.13290e-01,1.65725e+02,5.03346e-01,7.36156e-01,2.43660e+00,1.78936e+01,3.90192e+00,2.08309e+02,4.27476e-01,3.99993e+02,4.82472e+00,1.68332e+00,6.55478e-01,1.41290e+02,9.31406e+00,4.95483e-01,1.86338e+00,3.96989e+01
1.52012e+00,5.36001e+01,3.13292e-01,3.37966e+02,5.02751e-01,7.30741e-01,2.41304e+00,1.79125e+01,3.87449e+00,2.00299e+02,4.24211e-01,3.92310e+02,4.75969e+00,1.68180e+00,6.53801e-01,1.36276e+02,9.02850e+00,4.95255e-01,1.85122e+00,3.82050e+01
1.51796e+00,5.30953e+01,3.13295e-01,4.45416e+02,5.02176e-01,7.25649e-01,2.38890e+00,1.79989e+01,3.84908e+00,1.92672e+02,4.20881e-01,3.83235e+02,4.69956e+00,1.68054e+00,6.52322e-01,1.31525e+02,8.75743e+00,4.95033e-01,1.83955e+00,3.67790e+01
1.51604e+00,5.26159e+01,3.13279e-01,4.88306e+02,5.01567e-01,7.20858e-01,2.36438e+00,1.82085e+01,3.82537e+00,1.85406e+02,4.17515e-01,3.73399e+02,4.64409e+00,1.67954e+00,6.51010e-01,1.27024e+02,8.50016e+00,4.94797e-01,1.82836e+00,3.54184e+01
1.51432e+00,5.21608e+01,3.13240e-01,4.97746e+02,5.00932e-01,7.16417e-01,2.33960e+00,1.86107e+01,3.80300e+00,1.78482e+02,4.14135e-01,3.63213e+02,4.59276e+00,1.67879e+00,6.49836e-01,1.22759e+02,8.25609e+00,4.94544e-01,1.81763e+00,3.41194e+01
1.51279e+00,5.17277e+01,3.13206e-01,4.92404e+02,5.00302e-01,7.12226e-01,2.31472e+00,1.92791e+01,3.78210e+00,1.71882e+02,4.10746e-01,3.52934e+02,4.54528e+00,1.67826e+00,6.48790e-01,1.18716e+02,8.02449e+00,4.94267e-01,1.80739e+00,3.28806e+01
1.51135e+00,5.13133e+01,3.13167e-01,4.81038e+02,4.99648e-01,7.08304e-01,2.28990e+00,2.02676e+01,3.76223e+00,1.65588e+02,4.07375e-01,3.42726e+02,4.50133e+00,1.67786e+00,6.47860e-01,1.14880e+02,7.80461e+00,4.93986e-01,1.79746e+00,3.16985e+01
1.51004e+00,5.09165e+01,3.13117e-01,4.67456e+02,4.98974e-01,7.04729e-01,2.26521e+00,2.15828e+01,3.74351e+00,1.59585e+02,4.04042e-01,3.32685e+02,4.46051e+00,1.67762e+00,6.47020e-01,1.11241e+02,7.59635e+00,4.93691e-01,1.78790e+00,3.05714e+01
1.50882e+00,5.05342e+01,3.13051e-01,4.53274e+02,4.98301e-01,7.01332e-01,2.24075e+00,2.31561e+01,3.72571e+00,1.53858e+02,4.00758e-01,3.22876e+02,4.42276e+00,1.67747e+00,6.46265e-01,1.07783e+02,7.39872e+00,4.93377e-01,1.77883e+00,2.94968e+01
1.50774e+00,5.01635e+01,3.12954e-01,4.39158e+02,4.97607e-01,6.98208e-01,2.21665e+00,2.48490e+01,3.70877e+00,1.48394e+02,3.97538e-01,3.13326e+02,4.38755e+00,1.67738e+00,6.45570e-01,1.04496e+02,7.21138e+00,4.93046e-01,1.77016e+00,2.84723e+01
1.50668e+00,4.98029e+01,3.12803e-01,4.25360e+02,4.96879e-01,6.95313e-01,2.19294e+00,2.64896e+01,3.69274e+00,1.43179e+02,3.94392e-01,3.04076e+02,4.35472e+00,1.67738e+00,6.44936e-01,1.01367e+02,7.03385e+00,4.92675e-01,1.76174e+00,2.74957e+01
1.50573e+00,4.94502e+01,3.12641e-01,4.11987e+02,4.96151e-01,6.92586e-01,2.16967e+00,2.79240e+01,3.67746e+00,1.38201e+02,3.91329e-01,2.95113e+02,4.32421e+00,1.67744e+00,6.44350e-01,9.83833e+01,6.86563e+00,4.92267e-01,1.75379e+00,2.65649e+01
1.50487e+00,4.91039e+01,3.12491e-01,3.99087e+02,4.95438e-01,6.90115e-01,2.14689e+00,2.90520e+01,3.66307e+00,1.33447e+02,3.88353e-01,2.86464e+02,4.29573e+00,1.67754e+00,6.43803e-01,9.55302e+01,6.70628e+00,4.91850e-01,1.74616e+00,2.56770e+01
1.50407e+00,4.87627e+01,3.12340e-01,3.86688e+02,4.94709e-01,6.87773e-01,2.12465e+00,2.98367e+01,3.64947e+00,1.28904e+02,3.85468e-01,2.78117e+02,4.26905e+00,1.67766e+00,6.43291e-01,9.27972e+01,6.55541e+00,4.91410e-01,1.73895e+00,2.48303e+01
1.50328e+00,4.84255e+01,3.12162e-01,3.74817e+02,4.93978e-01,6.85638e-01,2.10298e+00,3.02918e+01,3.63660e+00,1.24562e+02,3.82679e-01,2.70069e+02,4.24404e+00,1.67779e+00,6.42808e-01,9.01757e+01,6.41252e+00,4.90950e-01,1.73199e+00,2.40227e+01
1.50254e+00,4.80918e+01,3.11965e-01,3.63512e+02,4.93242e-01,6.83631e-01,2.08190e+00,3.04601e+01,3.62462e+00,1.20414e+02,3.79992e-01,2.62324e+02,4.22055e+00,1.67795e+00,6.42350e-01,8.76540e+01,6.27728e+00,4.90472e-01,1.72536e+00,2.32528e+01
1.50180e+00,4.77607e+01,3.11775e-01,3.52802e+02,4.92489e-01,6.81765e-01,2.06142e+00,3.03978e+01,3.61342e+00,1.16446e+02,3.77398e-01,2.54866e+02,4.19853e+00,1.67810e+00,6.41910e-01,8.52202e+01,6.14933e+00,4.89997e-01,1.71898e+00,2.25176e+01
1.50109e+00,4.74313e+01,3.11576e-01,3.42732e+02,4.91736e-01,6.80038e-01,2.04155e+00,3.01571e+01,3.60302e+00,1.12652e+02,3.74917e-01,2.47691e+02,4.17781e+00,1.67823e+00,6.41489e-01,8.28710e+01,6.02845e+00,4.89509e-01,1.71289e+00,2.18167e+01
1.50041e+00,4.71042e+01,3.11371e-01,3.33329e+02,4.90949e-01,6.78443e-01,2.02229e+00,2.97864e+01,3.59347e+00,1.09023e+02,3.72544e-01,2.40796e+02,4.15841e+00,1.67832e+00,6.41077e-01,8.05951e+01,5.91408e+00,4.89002e-01,1.70712e+00,2.11478e+01
1.49971e+00,4.67777e+01,3.11151e-01,3.24565e+02,4.90141e-01,6.76960e-01,2.00366e+00,2.93241e+01,3.58466e+00,1.05551e+02,3.70300e-01,2.34166e+02,4.14019e+00,1.67839e+00,6.40665e-01,7.83884e+01,5.80605e+00,4.88483e-01,1.70156e+00,2.05096e+01
1.49902e+00,4.64517e+01,3.10895e-01,3.16371e+02,4.89317e-01,6.75584e-01,1.98566e+00,2.87999e+01,3.57670e+00,1.02227e+02,3.68152e-01,2.27801e+02,4.12306e+00,1.67841e+00,6.40265e-01,7.62450e+01,5.70407e+00,4.87935e-01,1.69638e+00,1.99000e+01
1.49831e+00,4.61254e+01,3.10618e-01,3.08631e+02,4.88488e-01,6.74268e-01,1.96826e+00,2.82364e+01,3.56939e+00,9.90462e+01,3.66114e-01,2.21682e+02,4.10696e+00,1.67843e+00,6.39867e-01,7.41613e+01,5.60776e+00,4.87345e-01,1.69134e+00,1.93180e+01
1.49761e+00,4.57985e+01,3.10329e-01,3.01202e+02,4.87685e-01,6.73068e-01,1.95146e+00,2.76497e+01,3.56284e+00,9.60009e+01,3.64192e-01,2.15808e+02,4.09455e+00,1.67844e+00,6.39466e-01,7.21332e+01,5.51696e+00,4.86724e-01,1.68663e+00,1.87625e+01
1.49693e+00,4.54699e+01,3.10034e-01,2.93952e+02,4.86873e-01,6.71921e-01,1.93525e+00,2.70522e+01,3.55700e+00,9.30848e+01,3.62365e-01,2.10167e+02,4.13081e+00,1.67837e+00,6.39070e-01,7.01593e+01,5.43138e+00,4.86088e-01,1.68209e+00,1.82318e+01
1.49624e+00,4.51389e+01,3.09745e-01,2.86788e+02,4.86035e-01,6.70870e-01,1.91962e+00,2.64523e+01,3.55174e+00,9.02908e+01,3.60644e-01,2.04749e+02,4.15880e+00,1.67823e+00,6.38670e-01,6.82353e+01,5.35073e+00,4.85444e-01,1.67783e+00,1.77256e+01
1.49549e+00,4.48048e+01,3.09447e-01,2.79659e+02,4.85203e-01,6.69845e-01,1.90457e+00,2.58559e+01,3.54712e+00,8.76153e+01,3.59016e-01,1.99553e+02,4.19639e+00,1.67806e+00,6.38265e-01,6.63628e+01,5.27479e+00,4.84781e-01,1.67376e+00,1.72439e+01
1.49473e+00,4.44669e+01,3.09134e-01,2.72553e+02,4.84374e-01,6.68865e-01,1.89005e+00,2.52673e+01,3.54294e+00,8.50501e+01,3.57467e-01,1.94558e+02,4.24945e+00,1.67783e+00,6.37856e-01,6.45370e+01,5.20328e+00,4.84110e-01,1.66979e+00,1.67841e+01
1.49395e+00,4.41249e+01,3.08799e-01,2.65485e+02,4.83544e-01,6.67936e-01,1.87607e+00,2.46887e+01,3.53924e+00,8.25916e+01,3.56022e-01,1.89762e+02,4.26705e+00,1.67756e+00,6.37448e-01,6.27596e+01,5.13635e+00,4.83422e-01,1.66606e+00,1.63445e+01
1.49316e+00,4.37783e+01,3.08461e-01,2.58481e+02,4.82708e-01,6.67055e-01,1.86263e+00,2.41237e+01,3.53595e+00,8.02343e+01,3.54691e-01,1.85156e+02,4.25036e+00,1.67724e+00,6.37031e-01,6.10302e+01,5.07350e+00,4.82723e-01,1.66251e+00,1.59232e+01
1.49235e+00,4.34272e+01,3.08130e-01,2.51575e+02,4.81854e-01,6.66223e-01,1.84971e+00,2.35716e+01,3.53307e+00,7.79746e+01,3.53427e-01,1.80735e+02,4.21809e+00,1.67687e+00,6.36600e-01,5.93463e+01,5.01457e+00,4.82019e-01,1.65907e+00,1.55195e+01
1.49153e+00,4.30719e+01,3.07776e-01,2.44794e+02,4.80992e-01,6.65418e-01,1.83730e+00,2.30345e+01,3.53050e+00,7.58069e+01,3.52258e-01,1.76484e+02,4.18188e+00,1.67644e+00,6.36171e-01,5.77104e+01,4.95943e+00,4.81292e-01,1.65579e+00,1.51332e+01
1.49066e+00,4.27158e+01,3.07380e-01,2.38163e+02,4.80112e-01,6.64635e-01,1.82535e+00,2.25123e+01,3.52822e+00,7.37276e+01,3.51160e-01,1.72397e+02,4.14915e+00,1.67594e+00,6.35729e-01,5.61185e+01,4.90788e+00,4.80549e-01,1.65262e+00,1.47635e+01
1.48977e+00,4.23796e+01,3.06969e-01,2.31699e+02,4.79219e-01,6.63880e-01,1.81387e+00,2.20054e+01,3.52615e+00,7.17329e+01,3.50128e-01,1.68473e+02,4.12418e+00,1.67542e+00,6.35282e-01,5.45726e+01,4.85974e+00,4.79781e-01,1.64969e+00,1.44097e+01
1.48888e+00,4.21793e+01,3.06562e-01,2.25415e+02,4.78348e-01,6.63150e-01,1.80284e+00,2.15140e+01,3.52425e+00,6.98194e+01,3.49167e-01,1.64693e+02,4.10905e+00,1.67483e+00,6.34825e-01,5.30723e+01,4.81486e+00,4.79006e-01,1.64681e+00,1.40711e+01
1.48792e+00,4.28501e+01,3.06166e-01,2.19318e+02,4.77479e-01,6.62432e-01,1.79224e+00,2.10377e+01,3.52249e+00,6.79826e+01,3.48261e-01,1.61059e+02,4.10547e+00,1.67415e+00,6.34358e-01,5.16149e+01,4.77303e+00,4.78212e-01,1.64409e+00,1.37471e+01
1.48695e+00,4.94915e+01,3.05770e-01,2.13414e+02,4.76604e-01,6.61720e-01,1.78211e+00,2.05768e+01,3.52084e+00,6.62202e+01,3.47413e-01,1.57560e+02,4.11484e+00,1.67341e+00,6.33888e-01,5.02025e+01,4.73415e+00,4.77401e-01,1.64139e+00,1.34372e+01
1.48597e+00,9.05962e+01,3.05352e-01,2.07699e+02,4.75734e-01,6.61026e-01,1.77240e+00,2.01297e+01,3.51923e+00,6.45271e+01,3.46610e-01,1.54188e+02,4.13810e+00,1.67262e+00,6.33416e-01,4.88322e+01,4.69804e+00,4.76589e-01,1.63873e+00,1.31402e+01
1.48502e+00,2.04187e+02,3.04913e-01,2.02177e+02,4.74850e-01,6.60345e-01,1.76310e+00,1.96976e+01,3.51773e+00,6.29017e+01,3.45855e-01,1.50941e+02,4.17580e+00,1.67179e+00,6.32943e-01,4.75042e+01,4.66466e+00,4.75767e-01,1.63621e+00,1.28557e+01
1.48415e+00,3.20208e+02,3.04478e-01,1.96839e+02,4.73944e-01,6.59677e-01,1.75420e+00,1.92804e+01,3.51616e+00,6.13408e+01,3.45155e-01,1.47808e+02,4.22719e+00,1.67093e+00,6.32463e-01,4.62187e+01,4.63372e+00,4.74934e-01,1.63371e+00,1.25831e+01
1.48325e+00,3.83878e+02,3.04057e-01,1.91693e+02,4.73044e-01,6.59010e-01,1.74570e+00,1.88755e+01,3.51463e+00,5.98421e+01,3.44496e-01,1.44792e+02,4.28966e+00,1.67000e+00,6.31969e-01,4.49728e+01,4.60520e+00,4.74090e-01,1.63136e+00,1.23220e+01
1.48235e+00,4.09678e+02,3.03607e-01,1.86723e+02,4.72141e-01,6.58349e-01,1.73759e+00,1.84850e+01,3.51306e+00,5.84025e+01,3.43884e-01,1.41876e+02,4.36003e+00,1.66899e+00,6.31466e-01,4.37664e+01,4.57897e+00,4.73241e-01,1.62896e+00,1.20718e+01
1.48141e+00,4.16544e+02,3.03133e-01,1.81927e+02,4.71204e-01,6.57681e-01,1.72983e+00,1.81070e+01,3.51145e+00,5.70192e+01,3.43306e-01,1.39064e+02,4.43499e+00,1.66791e+00,6.30963e-01,4.26001e+01,4.55484e+00,4.72382e-01,1.62669e+00,1.18314e+01
1.48043e+00,4.14541e+02,3.02653e-01,1.77306e+02,4.70293e-01,6.57047e-01,1.72241e+00,1.77414e+01,3.50980e+00,5.56900e+01,3.42759e-01,1.36345e+02,4.51176e+00,1.66682e+00,6.30451e-01,4.14710e+01,4.53272e+00,4.71512e-01,1.62442e+00,1.16006e+01
1.47938e+00,4.08413e+02,3.02161e-01,1.72843e+02,4.69386e-01,6.56416e-01,1.71530e+00,1.73881e+01,3.50809e+00,5.44129e+01,3.42247e-01,1.33724e+02,4.58879e+00,1.66566e+00,6.29935e-01,4.03781e+01,4.51239e+00,4.70635e-01,1.62224e+00,1.13792e+01
1.47824e+00,4.00427e+02,3.01676e-01,1.68543e+02,4.68478e-01,6.55759e-01,1.70853e+00,1.70466e+01,3.50633e+00,5.31858e+01,3.41755e-01,1.31185e+02,4.66467e+00,1.66442e+00,6.29413e-01,3.93213e+01,4.49376e+00,4.69735e-01,1.62001e+00,1.11669e+01
1.47704e+00,3.91680e+02,3.01212e-01,1.64397e+02,4.67575e-01,6.55092e-01,1.70210e+00,1.67166e+01,3.50449e+00,5.20054e+01,3.41277e-01,1.28732e+02,4.73801e+00,1.66311e+00,6.28882e-01,3.83002e+01,4.47672e+00,4.68836e-01,1.61788e+00,1.09630e+01
1.47576e+00,3.82725e+02,3.00735e-01,1.60396e+02,4.66665e-01,6.54449e-01,1.69596e+00,1.63973e+01,3.50255e+00,5.08707e+01,3.40815e-01,1.26358e+02,4.80718e+00,1.66175e+00,6.28344e-01,3.73115e+01,4.46114e+00,4.67931e-01,1.61568e+00,1.07671e+01
1.47446e+00,3.73839e+02,3.00237e-01,1.56538e+02,4.65753e-01,6.53815e-01,1.69011e+00,1.60892e+01,3.50052e+00,4.97796e+01,3.40371e-01,1.24060e+02,4.87064e+00,1.66037e+00,6.27811e-01,3.63565e+01,4.44693e+00,4.67018e-01,1.61356e+00,1.05796e+01
1.47314e+00,3.65155e+02,2.99730e-01,1.52819e+02,4.64838e-01,6.53180e-01,1.68454e+00,1.57910e+01,3.49837e+00,4.87311e+01,3.39947e-01,1.21835e+02,4.92762e+00,1.65890e+00,6.27273e-01,3.54332e+01,4.43400e+00,4.66093e-01,1.61139e+00,1.03999e+01
1.47186e+00,3.56740e+02,2.99226e-01,1.49231e+02,4.63920e-01,6.52541e-01,1.67923e+00,1.55039e+01,3.49615e+00,4.77227e+01,3.39540e-01,1.19684e+02,4.97824e+00,1.65741e+00,6.26727e-01,3.45409e+01,4.42226e+00,4.65159e-01,1.60933e+00,1.02273e+01
1.47063e+00,3.48622e+02,2.98710e-01,1.45770e+02,4.63014e-01,6.51888e-01,1.67419e+00,1.52255e+01,3.49384e+00,4.67530e+01,3.39141e-01,1.17623e+02,5.02386e+00,1.65588e+00,6.26176e-01,3.36780e+01,4.41167e+00,4.64228e-01,1.60719e+00,1.00620e+01
1.46950e+00,3.40810e+02,2.98185e-01,1.42432e+02,4.62080e-01,6.51228e-01,1.66937e+00,1.49575e+01,3.49139e+00,4.58192e+01,3.38754e-01,1.15758e+02,5.06628e+00,1.65430e+00,6.25617e-01,3.28436e+01,4.40205e+00,4.63295e-01,1.60514e+00,9.90377e+00
1.46844e+00,3.33295e+02,2.97651e-01,1.39207e+02,4.61155e-01,6.50585e-01,1.66478e+00,1.46981e+01,3.48886e+00,4.49207e+01,3.38378e-01,1.14555e+02,5.10675e+00,1.65268e+00,6.25046e-01,3.20372e+01,4.39333e+00,4.62357e-01,1.60303e+00,9.75182e+00
1.46753e+00,3.26054e+02,2.97101e-01,1.36098e+02,4.60227e-01,6.49942e-01,1.66039e+00,1.44485e+01,3.48620e+00,4.40559e+01,3.38017e-01,1.15698e+02,5.14593e+00,1.65105e+00,6.24472e-01,3.12577e+01,4.38542e+00,4.61417e-01,1.60101e+00,9.60649e+00
1.46677e+00,3.19063e+02,2.96550e-01,1.33090e+02,4.59310e-01,6.49277e-01,1.65618e+00,1.42069e+01,3.48347e+00,4.32238e+01,3.37664e-01,1.23857e+02,5.18326e+00,1.64937e+00,6.23900e-01,3.05044e+01,4.37822e+00,4.60470e-01,1.59890e+00,9.46745e+00
1.46616e+00,3.12298e+02,2.96010e-01,1.30189e+02,4.58400e-01,6.48613e-01,1.65220e+00,1.39748e+01,3.48063e+00,4.24233e+01,3.37305e-01,1.47817e+02,5.21690e+00,1.64765e+00,6.23320e-01,2.97764e+01,4.37165e+00,4.59511e-01,1.59686e+00,9.33424e+00
1.46572e+00,3.05724e+02,2.95457e-01,1.27380e+02,4.57501e-01,6.47952e-01,1.64841e+00,1.37502e+01,3.47767e+00,4.16513e+01,3.36944e-01,1.95326e+02,5.24456e+00,1.64590e+00,6.22734e-01,2.90723e+01,4.36566e+00,4.58544e-01,1.59475e+00,9.20663e+00
1.46546e+00,2.99319e+02,2.94891e-01,1.24665e+02,4.56592e-01,6.47298e-01,1.64479e+00,1.35337e+01,3.47463e+00,4.09079e+01,3.36586e-01,2.61395e+02,5.26403e+00,1.64413e+00,6.22149e-01,2.83918e+01,4.36012e+00,4.57578e-01,1.59270e+00,9.08504e+00
1.46538e+00,2.93058e+02,2.94331e-01,1.22038e+02,4.55675e-01,6.46645e-01,1.64132e+00,1.33254e+01,3.47144e+00,4.01927e+01,3.36235e-01,3.28026e+02,5.27324e+00,1.64239e+00,6.21563e-01,2.77336e+01,4.35512e+00,4.56602e-01,1.59057e+00,8.96842e+00
1.46544e+00,2.86923e+02,2.93786e-01,1.19493e+02,4.54754e-01,6.45986e-01,1.63801e+00,1.31244e+01,3.46818e+00,3.95028e+01,3.35888e-01,3.79550e+02,5.27105e+00,1.64069e+00,6.20968e-01,2.70972e+01,4.35054e+00,4.55621e-01,1.58855e+00,8.85731e+00
1.46565e+00,2.80903e+02,2.93244e-01,1.17027e+02,4.53838e-01,6.45322e-01,1.63486e+00,1.29309e+01,3.46483e+00,3.88379e+01,3.35544e-01,4.11530e+02,5.25735e+00,1.63901e+00,6.20361e-01,2.64823e+01,4.34636e+00,4.54655e-01,1.58644e+00,8.75128e+00
1.46594e+00,2.74985e+02,2.92688e-01,1.14637e+02,4.52880e-01,6.44652e-01,1.63184e+00,1.27448e+01,3.46140e+00,3.81971e+01,3.35204e-01,4.27286e+02,5.23260e+00,1.63732e+00,6.19758e-01,2.58877e+01,4.34255e+00,4.53701e-01,1.58437e+00,8.65024e+00
1.46624e+00,2.69165e+02,2.92105e-01,1.12316e+02,4.51925e-01,6.43989e-01,1.62896e+00,1.25656e+01,3.45783e+00,3.75793e+01,3.34871e-01,4.32149e+02,5.19797e+00,1.63562e+00,6.19150e-01,2.53125e+01,4.33896e+00,4.52736e-01,1.58224e+00,8.55426e+00
1.46652e+00,2.63441e+02,2.91511e-01,1.10065e+02,4.51007e-01,6.43329e-01,1.62616e+00,1.23933e+01,3.45418e+00,3.69834e+01,3.34545e-01,4.30562e+02,5.15503e+00,1.63395e+00,6.18531e-01,2.47561e+01,4.33563e+00,4.51759e-01,1.58018e+00,8.46262e+00
1.46667e+00,2.57817e+02,2.90923e-01,1.07874e+02,4.50107e-01,6.42659e-01,1.62348e+00,1.22278e+01,3.45047e+00,3.64086e+01,3.34219e-01,4.25471e+02,5.10545e+00,1.63228e+00,6.17914e-01,2.42182e+01,4.33248e+00,4.50775e-01,1.57807e+00,8.37587e+00
1.46661e+00,2.52292e+02,2.90348e-01,1.05747e+02,4.49204e-01,6.41974e-01,1.62092e+00,1.20684e+01,3.44665e+00,3.58538e+01,3.33886e-01,4.18621e+02,5.05085e+00,1.63054e+00,6.17293e-01,2.36980e+01,4.32948e+00,4.49783e-01,1.57599e+00,8.29344e+00
1.46631e+00,2.46870e+02,2.89765e-01,1.03675e+02,4.48306e-01,6.41286e-01,1.61846e+00,1.19153e+01,3.44272e+00,3.53180e+01,3.33545e-01,4.10985e+02,4.99271e+00,1.62875e+00,6.16668e-01,2.31946e+01,4.32661e+00,4.48797e-01,1.57387e+00,8.21536e+00
1.46569e+00,2.41555e+02,2.89169e-01,1.01659e+02,4.47399e-01,6.40606e-01,1.61610e+00,1.17680e+01,3.43873e+00,3.48010e+01,3.33200e-01,4.03069e+02,4.93245e+00,1.62689e+00,6.16053e-01,2.27075e+01,4.32383e+00,4.47825e-01,1.57181e+00,8.14186e+00
1.46474e+00,2.36353e+02,2.88577e-01,9.96933e+01,4.46477e-01,6.39933e-01,1.61380e+00,1.16266e+01,3.43460e+00,3.43016e+01,3.32859e-01,3.95147e+02,4.87114e+00,1.62494e+00,6.15425e-01,2.22366e+01,4.32111e+00,4.46844e-01,1.56967e+00,8.07231e+00
1.46343e+00,2.31263e+02,2.87987e-01,9.77796e+01,4.45563e-01,6.39257e-01,1.61160e+00,1.14911e+01,3.43043e+00,3.38189e+01,3.32522e-01,3.87342e+02,4.80983e+00,1.62296e+00,6.14785e-01,2.17806e+01,4.31851e+00,4.45848e-01,1.56760e+00,8.00718e+00
1.46171e+00,2.26290e+02,2.87399e-01,9.59131e+01,4.44656e-01,6.38573e-01,1.60949e+00,1.13609e+01,3.42619e+00,3.33529e+01,3.32182e-01,3.79717e+02,4.74913e+00,1.62089e+00,6.14151e-01,2.13396e+01,4.31603e+00,4.44865e-01,1.56546e+00,7.94587e+00
1.45966e+00,2.21435e+02,2.86807e-01,9.40907e+01,4.43729e-01,6.37875e-01,1.60745e+00,1.12359e+01,3.42187e+00,3.29030e+01,3.31840e-01,3.72293e+02,4.68978e+00,1.61870e+00,6.13517e-01,2.09129e+01,4.31357e+00,4.43891e-01,1.56337e+00,7.88859e+00
1.45720e+00,2.16700e+02,2.86203e-01,9.23144e+01,4.42803e-01,6.37184e-01,1.60545e+00,1.11155e+01,3.41749e+00,3.24673e+01,3.31506e-01,3.65078e+02,4.63225e+00,1.61640e+00,6.12879e-01,2.05000e+01,4.31112e+00,4.42909e-01,1.56124e+00,7.83515e+00
1.45449e+00,2.12085e+02,2.85598e-01,9.05795e+01,4.41901e-01,6.36507e-01,1.60349e+00,1.10004e+01,3.41302e+00,3.20460e+01,3.31182e-01,3.58059e+02,4.57680e+00,1.61404e+00,6.12236e-01,2.01003e+01,4.30865e+00,4.41927e-01,1.55912e+00,7.78555e+00
1.45147e+00,2.07589e+02,2.84999e-01,8.88843e+01,4.41014e-01,6.35823e-01,1.60158e+00,1.08898e+01,3.40851e+00,3.16388e+01,3.30856e-01,3.51228e+02,4.52387e+00,1.61159e+00,6.11599e-01,1.97134e+01,4.30620e+00,4.40929e-01,1.55703e+00,7.73954e+00
1.44824e+00,2.03213e+02,2.84396e-01,8.72311e+01,4.40127e-01,6.35126e-01,1.59972e+00,1.07834e+01,3.40393e+00,3.12449e+01,3.30525e-01,3.44569e+02,4.47358e+00,1.60908e+00,6.10956e-01,1.93392e+01,4.30373e+00,4.39930e-01,1.55495e+00,7.69719e+00
1.44483e+00,1.98952e+02,2.83790e-01,8.56143e+01,4.39242e-01,6.34428e-01,1.59794e+00,1.06811e+01,3.39929e+00,3.08632e+01,3.30189e-01,3.38065e+02,4.42617e+00,1.60651e+00,6.10311e-01,1.89766e+01,4.30119e+00,4.38933e-01,1.55283e+00,7.65797e+00
1.44140e+00,1.94807e+02,2.83172e-01,8.40370e+01,4.38360e-01,6.33738e-01,1.59618e+00,1.05827e+01,3.39459e+00,3.04939e+01,3.29847e-01,3.31710e+02,4.38167e+00,1.60384e+00,6.09675e-01,1.86253e+01,4.29858e+00,4.37950e-01,1.55073e+00,7.62238e+00
1.43786e+00,1.90777e+02,2.82567e-01,8.24949e+01,4.37473e-01,6.33051e-01,1.59446e+00,1.04885e+01,3.38977e+00,3.01360e+01,3.29509e-01,3.25485e+02,4.34017e+00,1.60117e+00,6.09033e-01,1.82855e+01,4.29594e+00,4.36963e-01,1.54858e+00,7.58987e+00
1.43432e+00,1.86858e+02,2.81963e-01,8.09881e+01,4.36584e-01,6.32355e-01,1.59278e+00,1.03976e+01,3.38494e+00,2.97898e+01,3.29173e-01,3.19395e+02,4.30159e+00,1.59846e+00,6.08384e-01,1.79565e+01,4.29329e+00,4.35969e-01,1.54650e+00,7.56081e+00
1.43081e+00,1.83048e+02,2.81368e-01,7.95184e+01,4.35697e-01,6.31658e-01,1.59112e+00,1.03099e+01,3.38003e+00,2.94545e+01,3.28833e-01,3.13413e+02,4.26574e+00,1.59576e+00,6.07738e-01,1.76379e+01,4.29064e+00,4.34990e-01,1.54438e+00,7.53498e+00
1.42738e+00,1.79344e+02,2.80771e-01,7.80825e+01,4.34789e-01,6.30948e-01,1.58948e+00,1.02256e+01,3.37508e+00,2.91291e+01,3.28492e-01,3.07553e+02,4.23270e+00,1.59303e+00,6.07085e-01,1.73291e+01,4.28789e+00,4.34028e-01,1.54226e+00,7.51252e+00
1.42402e+00,1.75744e+02,2.80164e-01,7.66784e+01,4.33893e-01,6.30241e-01,1.58789e+00,1.01446e+01,3.37008e+00,2.88138e+01,3.28160e-01,3.01797e+02,4.20225e+00,1.59027e+00,6.06428e-01,1.70300e+01,4.28510e+00,4.33066e-01,1.54014e+00,7.49346e+00
1.42073e+00,1.72246e+02,2.79549e-01,7.53085e+01,4.33013e-01,6.29541e-01,1.58628e+00,1.00666e+01,3.36503e+00,2.85085e+01,3.27834e-01,2.96156e+02,4.17424e+00,1.58751e+00,6.05767e-01,1.67400e+01,4.28225e+00,4.32095e-01,1.53797e+00,7.47791e+00
1.41751e+00,1.68845e+02,2.78940e-01,7.39716e+01,4.32144e-01,6.28830e-01,1.58470e+00,9.99081e+00,3.35995e+00,2.82119e+01,3.27507e-01,2.90614e+02,4.14847e+00,1.58478e+00,6.05116e-01,1.64590e+01,4.27932e+00,4.31111e-01,1.53591e+00,7.46582e+00
1.41440e+00,1.65542e+02,2.78340e-01,7.26656e+01,4.31274e-01,6.28121e-01,1.58313e+00,9.91800e+00,3.35482e+00,2.79246e+01,3.27177e-01,2.85184e+02,4.12470e+00,1.58207e+00,6.04461e-01,1.61871e+01,4.27629e+00,4.30118e-01,1.53379e+00,7.45722e+00
1.41136e+00,1.62329e+02,2.77744e-01,7.13889e+01,4.30404e-01,6.27415e-01,1.58159e+00,9.84735e+00,3.34964e+00,2.76456e+01,3.26843e-01,2.79856e+02,4.10280e+00,1.57931e+00,6.03804e-01,1.59230e+01,4.27320e+00,4.29129e-01,1.53166e+00,7.45160e+00
1.40843e+00,1.59208e+02,2.77129e-01,7.01443e+01,4.29522e-01,6.26717e-01,1.58004e+00,9.77934e+00,3.34441e+00,2.73747e+01,3.26507e-01,2.74637e+02,4.08248e+00,1.57654e+00,6.03160e-01,1.56672e+01,4.26999e+00,4.28160e-01,1.52956e+00,7.44922e+00
1.40561e+00,1.56174e+02,2.76526e-01,6.89299e+01,4.28652e-01,6.26027e-01,1.57852e+00,9.71369e+00,3.33912e+00,2.71120e+01,3.26176e-01,2.69523e+02,4.06369e+00,1.57380e+00,6.02500e-01,1.54196e+01,4.26670e+00,4.27187e-01,1.52744e+00,7.44897e+00
1.40286e+00,1.53225e+02,2.75933e-01,6.77426e+01,4.27795e-01,6.25333e-01,1.57701e+00,9.65002e+00,3.33379e+00,2.68573e+01,3.25845e-01,2.64522e+02,4.04625e+00,1.57106e+00,6.01839e-01,1.51796e+01,4.26335e+00,4.26206e-01,1.52535e+00,7.45089e+00
1.40017e+00,1.50357e+02,2.75333e-01,6.65848e+01,4.26926e-01,6.24640e-01,1.57550e+00,9.58861e+00,3.32843e+00,2.66097e+01,3.25510e-01,2.59624e+02,4.02997e+00,1.56835e+00,6.01184e-01,1.49466e+01,4.25999e+00,4.25244e-01,1.52324e+00,7.45392e+00
1.39758e+00,1.47569e+02,2.74727e-01,6.54563e+01,4.26057e-01,6.23928e-01,1.57397e+00,9.52899e+00,3.32304e+00,2.63696e+01,3.25172e-01,2.54844e+02,4.01475e+00,1.56566e+00,6.00527e-01,1.47208e+01,4.25655e+00,4.24294e-01,1.52112e+00,7.45728e+00
1.39500e+00,1.44858e+02,2.74118e-01,6.43549e+01,4.25185e-01,6.23220e-01,1.57247e+00,9.47109e+00,3.31761e+00,2.61365e+01,3.24837e-01,2.50165e+02,4.00043e+00,1.56292e+00,5.99859e-01,1.45021e+01,4.25304e+00,4.23339e-01,1.51904e+00,7.46052e+00
1.39245e+00,1.42220e+02,2.73507e-01,6.32791e+01,4.24306e-01,6.22531e-01,1.57094e+00,9.41526e+00,3.31213e+00,2.59098e+01,3.24509e-01,2.45605e+02,3.98697e+00,1.56021e+00,5.99194e-01,1.42901e+01,4.24946e+00,4.22373e-01,1.51689e+00,7.46282e+00
1.38995e+00,1.39655e+02,2.72903e-01,6.22298e+01,4.23467e-01,6.21830e-01,1.56941e+00,9.36137e+00,3.30665e+00,2.56899e+01,3.24188e-01,2.41145e+02,3.97419e+00,1.55752e+00,5.98534e-01,1.40841e+01,4.24579e+00,4.21403e-01,1.51483e+00,7.46383e+00
1.38747e+00,1.37159e+02,2.72320e-01,6.12075e+01,4.22614e-01,6.21127e-01,1.56789e+00,9.30924e+00,3.30112e+00,2.54766e+01,3.23864e-01,2.36796e+02,3.96214e+00,1.55480e+00,5.97866e-01,1.38847e+01,4.24207e+00,4.20428e-01,1.51274e+00,7.46304e+00
1.38502e+00,1.34729e+02,2.71719e-01,6.02085e+01,4.21751e-01,6.20422e-01,1.56639e+00,9.25833e+00,3.29555e+00,2.52691e+01,3.23534e-01,2.32549e+02,3.95072e+00,1.55207e+00,5.97202e-01,1.36910e+01,4.23828e+00,4.19458e-01,1.51064e+00,7.46062e+00
1.38261e+00,1.32364e+02,2.71096e-01,5.92348e+01,4.20902e-01,6.19725e-01,1.56488e+00,9.20950e+00,3.28995e+00,2.50675e+01,3.23198e-01,2.28407e+02,3.93978e+00,1.54933e+00,5.96545e-01,1.35035e+01,4.23439e+00,4.18508e-01,1.50858e+00,7.45645e+00
1.38020e+00,1.30060e+02,2.70498e-01,5.82858e+01,4.20073e-01,6.19031e-01,1.56337e+00,9.16203e+00,3.28430e+00,2.48721e+01,3.22867e-01,2.24366e+02,3.92935e+00,1.54658e+00,5.95887e-01,1.33216e+01,4.23044e+00,4.17556e-01,1.50645e+00,7.45106e+00
1.37784e+00,1.27816e+02,2.69915e-01,5.73590e+01,4.19246e-01,6.18328e-01,1.56186e+00,9.11628e+00,3.27863e+00,2.46820e+01,3.22536e-01,2.20429e+02,3.91934e+00,1.54382e+00,5.95223e-01,1.31450e+01,4.22645e+00,4.16590e-01,1.50440e+00,7.44489e+00
1.37549e+00,1.25628e+02,2.69326e-01,5.64546e+01,4.18388e-01,6.17618e-01,1.56036e+00,9.07213e+00,3.27292e+00,2.44977e+01,3.22206e-01,2.16586e+02,3.90973e+00,1.54109e+00,5.94557e-01,1.29739e+01,4.22243e+00,4.15642e-01,1.50233e+00,7.43856e+00
1.37313e+00,1.23497e+02,2.68731e-01,5.55730e+01,4.17533e-01,6.16907e-01,1.55884e+00,9.02939e+00,3.26719e+00,2.43186e+01,3.21869e-01,2.12846e+02,3.90040e+00,1.53835e+00,5.93899e-01,1.28083e+01,4.21838e+00,4.14716e-01,1.50023e+00,7.43321e+00
1.37079e+00,1.21418e+02,2.68132e-01,5.47134e+01,4.16707e-01,6.16204e-01,1.55732e+00,8.98799e+00,3.26145e+00,2.41444e+01,3.21538e-01,2.09194e+02,3.89146e+00,1.53559e+00,5.93236e-01,1.26475e+01,4.21431e+00,4.13789e-01,1.49820e+00,7.42949e+00
1.36845e+00,1.19390e+02,2.67530e-01,5.38753e+01,4.15885e-01,6.15512e-01,1.55578e+00,8.94809e+00,3.25567e+00,2.39756e+01,3.21219e-01,2.05644e+02,3.88270e+00,1.53282e+00,5.92573e-01,1.24917e+01,4.21020e+00,4.12852e-01,1.49608e+00,7.42826e+00
1.36609e+00,1.17411e+02,2.66934e-01,5.30575e+01,4.15076e-01,6.14806e-01,1.55423e+00,8.90947e+00,3.24991e+00,2.38117e+01,3.20898e-01,2.02176e+02,3.87414e+00,1.53007e+00,5.91913e-01,1.23409e+01,4.20605e+00,4.11909e-01,1.49405e+00,7.43023e+00
1.36372e+00,1.15480e+02,2.66344e-01,5.22599e+01,4.14248e-01,6.14086e-01,1.55269e+00,8.87242e+00,3.24414e+00,2.36525e+01,3.20570e-01,1.98800e+02,3.86567e+00,1.52732e+00,5.91252e-01,1.21946e+01,4.20189e+00,4.10964e-01,1.49201e+00,7.43633e+00
1.36139e+00,1.13593e+02,2.65758e-01,5.14808e+01,4.13412e-01,6.13366e-01,1.55117e+00,8.83646e+00,3.23832e+00,2.34977e+01,3.20239e-01,1.95507e+02,3.85749e+00,1.52454e+00,5.90584e-01,1.20527e+01,4.19772e+00,4.10027e-01,1.48993e+00,7.44659e+00
1.35906e+00,1.11750e+02,2.65155e-01,5.07212e+01,4.12577e-01,6.12658e-01,1.54964e+00,8.80193e+00,3.23248e+00,2.33475e+01,3.19905e-01,1.92298e+02,3.84936e+00,1.52175e+00,5.89926e-01,1.19156e+01,4.19352e+00,4.09106e-01,1.48789e+00,7.46203e+00
1.35671e+00,1.09950e+02,2.64564e-01,4.99812e+01,4.11755e-01,6.11963e-01,1.54810e+00,8.76857e+00,3.22663e+00,2.32019e+01,3.19577e-01,1.89170e+02,3.84146e+00,1.51898e+00,5.89266e-01,1.17827e+01,4.18929e+00,4.08182e-01,1.48578e+00,7.48195e+00
1.35439e+00,1.08189e+02,2.63982e-01,4.92593e+01,4.10926e-01,6.11268e-01,1.54656e+00,8.73649e+00,3.22076e+00,2.30602e+01,3.19251e-01,1.86123e+02,3.83359e+00,1.51620e+00,5.88606e-01,1.16539e+01,4.18510e+00,4.07251e-01,1.48374e+00,7.50709e+00
1.35206e+00,1.06468e+02,2.63405e-01,4.85549e+01,4.10100e-01,6.10574e-01,1.54503e+00,8.70565e+00,3.21489e+00,2.29232e+01,3.18922e-01,1.83151e+02,3.82582e+00,1.51343e+00,5.87941e-01,1.15296e+01,4.18092e+00,4.06338e-01,1.48171e+00,7.53649e+00
1.34974e+00,1.04784e+02,2.62820e-01,4.78674e+01,4.09277e-01,6.09864e-01,1.54347e+00,8.67608e+00,3.20899e+00,2.27897e+01,3.18592e-01,1.80256e+02,3.81811e+00,1.51068e+00,5.87282e-01,1.14090e+01,4.17679e+00,4.05444e-01,1.47963e+00,7.56997e+00
1.34742e+00,1.03136e+02,2.62228e-01,4.71966e+01,4.08453e-01,6.09166e-01,1.54193e+00,8.64765e+00,3.20309e+00,2.26600e+01,3.18260e-01,1.77432e+02,3.81048e+00,1.50791e+00,5.86625e-01,1.12926e+01,4.17271e+00,4.04544e-01,1.47763e+00,7.60679e+00
1.34511e+00,1.01524e+02,2.61639e-01,4.65423e+01,4.07649e-01,6.08486e-01,1.54036e+00,8.62033e+00,3.19720e+00,2.25346e+01,3.17934e-01,1.74679e+02,3.80292e+00,1.50516e+00,5.85957e-01,1.11801e+01,4.16863e+00,4.03629e-01,1.47556e+00,7.64617e+00
1.34279e+00,9.99454e+01,2.61059e-01,4.59044e+01,4.06857e-01,6.07799e-01,1.53878e+00,8.59409e+00,3.19133e+00,2.24125e+01,3.17619e-01,1.71995e+02,3.79540e+00,1.50241e+00,5.85301e-01,1.10711e+01,4.16454e+00,4.02706e-01,1.47355e+00,7.68688e+00
1.34044e+00,9.84023e+01,2.60496e-01,4.52827e+01,4.06053e-01,6.07100e-01,1.53722e+00,8.56890e+00,3.18545e+00,2.22943e+01,3.17931e-01,1.69377e+02,3.78792e+00,1.49964e+00,5.84639e-01,1.09663e+01,4.16051e+00,4.01778e-01,1.47156e+00,7.72848e+00
1.33809e+00,9.68913e+01,2.59938e-01,4.46753e+01,4.05247e-01,6.06392e-01,1.53567e+00,8.54442e+00,3.17956e+00,2.21793e+01,3.18385e-01,1.66824e+02,3.78049e+00,1.49684e+00,5.83975e-01,1.08646e+01,4.15645e+00,4.00855e-01,1.46954e+00,7.76954e+00
1.33576e+00,9.54085e+01,2.59359e-01,4.40836e+01,4.04446e-01,6.05693e-01,1.53411e+00,8.52111e+00,3.17365e+00,2.20687e+01,3.18871e-01,1.64332e+02,3.77309e+00,1.49403e+00,5.83319e-01,1.07670e+01,4.15234e+00,3.99941e-01,1.46975e+00,7.80938e+00
1.33342e+00,9.39561e+01,2.58785e-01,4.35058e+01,4.03665e-01,6.05009e-01,1.53255e+00,8.49894e+00,3.17098e+00,2.19606e+01,3.19099e-01,1.61900e+02,3.76579e+00,1.49122e+00,5.82664e-01,1.06739e+01,4.15172e+00,3.99040e-01,1.47243e+00,7.84701e+00
1.33110e+00,9.25316e+01,2.58226e-01,4.29421e+01,4.02875e-01,6.04329e-01,1.53101e+00,8.47997e+00,3.16894e+00,2.18568e+01,3.19136e-01,1.59528e+02,3.75852e+00,1.48840e+00,5.82001e-01,1.05852e+01,4.15134e+00,3.98789e-01,1.47666e+00,7.88190e+00
1.32877e+00,9.11355e+01,2.57669e-01,4.23924e+01,4.03278e-01,6.03646e-01,1.52954e+00,8.46280e+00,3.16721e+00,2.17555e+01,3.19132e-01,1.57213e+02,3.75131e+00,1.48559e+00,5.81337e-01,1.05009e+01,4.15049e+00,3.99331e-01,1.48825e+00,7.91309e+00
1.32645e+00,8.97668e+01,2.57105e-01,4.18571e+01,4.03760e-01,6.02952e-01,1.52805e+00,8.44590e+00,3.16633e+00,2.16576e+01,3.19086e-01,1.54953e+02,3.74408e+00,1.48281e+00,5.80683e-01,1.04215e+01,4.14902e+00,3.99141e-01,1.50077e+00,7.94027e+00
1.32413e+00,8.84245e+01,2.56645e-01,4.13367e+01,4.04153e-01,6.04742e-01,1.52755e+00,8.42957e+00,3.16587e+00,2.15622e+01,3.20109e-01,1.52744e+02,3.73700e+00,1.48003e+00,5.80502e-01,1.03459e+01,4.15454e+00,3.99312e-01,1.51652e+00,7.96252e+00
1.32180e+00,8.71082e+01,2.56664e-01,4.08370e+01,4.04719e-01,6.06374e-01,1.52693e+00,8.41438e+00,3.16558e+00,2.14696e+01,3.21646e-01,1.50588e+02,3.73028e+00,1.47731e+00,5.80213e-01,1.02748e+01,4.15885e+00,4.05221e-01,1.53143e+00,7.98100e+00
1.32323e+00,8.58406e+01,2.58704e-01,4.03494e+01,4.05131e-01,6.08427e-01,1.52612e+00,8.39997e+00,3.16929e+00,2.13800e+01,3.23472e-01,1.48484e+02,3.72360e+00,1.47580e+00,5.79901e-01,1.02076e+01,4.15963e+00,4.11554e-01,1.54691e+00,7.99393e+00
1.32572e+00,8.46069e+01,2.62130e-01,3.98713e+01,4.05425e-01,6.09829e-01,1.52499e+00,8.38754e+00,3.18085e+00,2.12928e+01,3.24823e-01,1.46427e+02,3.71695e+00,1.47544e+00,5.79674e-01,1.01450e+01,4.15703e+00,4.18163e-01,1.56346e+00,8.00313e+00
1.32823e+00,8.33822e+01,2.66351e-01,3.94033e+01,4.05658e-01,6.10787e-01,1.52373e+00,8.37617e+00,3.20373e+00,2.12079e+01,3.25865e-01,1.44416e+02,3.71032e+00,1.47671e+00,5.80551e-01,1.00864e+01,4.15261e+00,4.30928e-01,1.58257e+00,8.00720e+00
1.33286e+00,8.21618e+01,2.70587e-01,3.89478e+01,4.05814e-01,6.11411e-01,1.52213e+00,8.36504e+00,3.23662e+00,2.11258e+01,3.26676e-01,1.42451e+02,3.70357e+00,1.48061e+00,5.81058e-01,1.00316e+01,4.14783e+00,4.48356e-01,1.60581e+00,8.00488e+00
1.34572e+00,8.09701e+01,2.75048e-01,3.85039e+01,4.05844e-01,6.11851e-01,1.52071e+00,8.35416e+00,3.27994e+00,2.10459e+01,3.27247e-01,1.40528e+02,3.69689e+00,1.48746e+00,5.81552e-01,9.97932e+00,4.14313e+00,4.64637e-01,1.63367e+00,7.99639e+00
1.37580e+00,7.98030e+01,2.79750e-01,3.80715e+01,4.05684e-01,6.12134e-01,1.51954e+00,8.34395e+00,3.33604e+00,2.09690e+01,3.27585e-01,1.38650e+02,3.69038e+00,1.49691e+00,5.82343e-01,9.92985e+00,4.13871e+00,4.75370e-01,1.66652e+00,7.98195e+00
1.42846e+00,7.86602e+01,2.84043e-01,3.76501e+01,4.05319e-01,6.12343e-01,1.51856e+00,8.33445e+00,3.40617e+00,2.08944e+01,3.27759e-01,1.36812e+02,3.68404e+00,1.50963e+00,5.83473e-01,9.88209e+00,4.13480e+00,4.79515e-01,1.70344e+00,7.96181e+00
1.49965e+00,7.75400e+01,2.86951e-01,3.72397e+01,4.04795e-01,6.12446e-01,1.51792e+00,8.32564e+00,3.48782e+00,2.08223e+01,3.27822e-01,1.35013e+02,3.67794e+00,1.52807e+00,5.84913e-01,9.83625e+00,4.13117e+00,4.78439e-01,1.74198e+00,7.93735e+00
1.57779e+00,7.64412e+01,2.87803e-01,3.68414e+01,4.04086e-01,6.12383e-01,1.51774e+00,8.31734e+00,3.57575e+00,2.07524e+01,3.27790e-01,1.33255e+02,3.67214e+00,1.55462e+00,5.86639e-01,9.79163e+00,4.12775e+00,4.74102e-01,1.77890e+00,7.90856e+00
1.65019e+00,7.53632e+01,2.86487e-01,3.64557e+01,4.03278e-01,6.12185e-01,1.51809e+00,8.30951e+00,3.66331e+00,2.06846e+01,3.27709e-01,1.31532e+02,3.66670e+00,1.58895e+00,5.88625e-01,9.74888e+00,4.12422e+00,4.67841e-01,1.81146e+00,7.87662e+00
1.70946e+00,7.43050e+01,2.83469e-01,3.60837e+01,4.02492e-01,6.11787e-01,1.51888e+00,8.30211e+00,3.74375e+00,2.06191e+01,3.27580e-01,1.29849e+02,3.66155e+00,1.62703e+00,5.90915e-01,9.70780e+00,4.12028e+00,4.60385e-01,1.83795e+00,7.84135e+00
1.75514e+00,7.32666e+01,2.79264e-01,3.57267e+01,4.01865e-01,6.11260e-01,1.51988e+00,8.29552e+00,3.81169e+00,2.05557e+01,3.27445e-01,1.28199e+02,3.65674e+00,1.66296e+00,5.93481e-01,9.66993e+00,4.11584e+00,4.52276e-01,1.85796e+00,7.80357e+00
1.79167e+00,7.22476e+01,2.74624e-01,3.53857e+01,4.01442e-01,6.10623e-01,1.52073e+00,8.28975e+00,3.86495e+00,2.04942e+01,3.27329e-01,1.26583e+02,3.65218e+00,1.69194e+00,5.96283e-01,9.63549e+00,4.11091e+00,4.43915e-01,1.87240e+00,7.76357e+00
1.82372e+00,7.12480e+01,2.70001e-01,3.50628e+01,4.01276e-01,6.09935e-01,1.52115e+00,8.28537e+00,3.90435e+00,2.04351e+01,3.27249e-01,1.24998e+02,3.64786e+00,1.71198e+00,5.99336e-01,9.60599e+00,4.10530e+00,4.35755e-01,1.88247e+00,7.72163e+00
1.85267e+00,7.02677e+01,2.65706e-01,3.47593e+01,4.01397e-01,6.09135e-01,1.52098e+00,8.28210e+00,3.93354e+00,2.03778e+01,3.27227e-01,1.23446e+02,3.64370e+00,1.72369e+00,6.02567e-01,9.58123e+00,4.09887e+00,4.28144e-01,1.88972e+00,7.67801e+00
1.87550e+00,6.93062e+01,2.61925e-01,3.44797e+01,4.01728e-01,6.08303e-01,1.52014e+00,8.28003e+00,3.95725e+00,2.03225e+01,3.27239e-01,1.21924e+02,3.63982e+00,1.72923e+00,6.06022e-01,9.56164e+00,4.09162e+00,4.21298e-01,1.89568e+00,7.63377e+00
1.88758e+00,6.83634e+01,2.58704e-01,3.42255e+01,4.02235e-01,6.07416e-01,1.51872e+00,8.27867e+00,3.97939e+00,2.02692e+01,3.27307e-01,1.20433e+02,3.63622e+00,1.73100e+00,6.09754e-01,9.54601e+00,4.08363e+00,4.15381e-01,1.90129e+00,7.58910e+00
1.88578e+00,6.74392e+01,2.55999e-01,3.39991e+01,4.02903e-01,6.06565e-01,1.51681e+00,8.27792e+00,4.00265e+00,2.02176e+01,3.27441e-01,1.18971e+02,3.63289e+00,1.73074e+00,6.13838e-01,9.53362e+00,4.07496e+00,4.10332e-01,1.90694e+00,7.54447e+00
1.87002e+00,6.65334e+01,2.53810e-01,3.38005e+01,4.03501e-01,6.05752e-01,1.51461e+00,8.27736e+00,4.02822e+00,2.01681e+01,3.27609e-01,1.17539e+02,3.62986e+00,1.72947e+00,6.18360e-01,9.52340e+00,4.06576e+00,4.06119e-01,1.91277e+00,7.50027e+00
1.84292e+00,6.56462e+01,2.51983e-01,3.36293e+01,4.03933e-01,6.04997e-01,1.51225e+00,8.27701e+00,4.05546e+00,2.01203e+01,3.27820e-01,1.16136e+02,3.62727e+00,1.72746e+00,6.23381e-01,9.51421e+00,4.05620e+00,4.02657e-01,1.91852e+00,7.45690e+00
1.80803e+00,6.47773e+01,2.50503e-01,3.34848e+01,4.04142e-01,6.04351e-01,1.50988e+00,8.27687e+00,4.08261e+00,2.00748e+01,3.28039e-01,1.14762e+02,3.62510e+00,1.72451e+00,6.28920e-01,9.50532e+00,4.04646e+00,3.99811e-01,1.92380e+00,7.41463e+00
1.76878e+00,6.39265e+01,2.49304e-01,3.33646e+01,4.04047e-01,6.03838e-01,1.50761e+00,8.27714e+00,4.10684e+00,2.00321e+01,3.28220e-01,1.13418e+02,3.62337e+00,1.72023e+00,6.34941e-01,9.49652e+00,4.03669e+00,3.97491e-01,1.92825e+00,7.37377e+00
1.72803e+00,6.30932e+01,2.48298e-01,3.32635e+01,4.03613e-01,6.03439e-01,1.50549e+00,8.27750e+00,4.12552e+00,1.99924e+01,3.28360e-01,1.12098e+02,3.62206e+00,1.71418e+00,6.41356e-01,9.48751e+00,4.02700e+00,3.95565e-01,1.93190e+00,7.33437e+00
1.68775e+00,6.22786e+01,2.47452e-01,3.31783e+01,4.02771e-01,6.03168e-01,1.50359e+00,8.27845e+00,4.13628e+00,1.99567e+01,3.28421e-01,1.10802e+02,3.62109e+00,1.70599e+00,6.48114e-01,9.47850e+00,4.01743e+00,3.93956e-01,1.93447e+00,7.29692e+00
1.64913e+00,6.14814e+01,2.46745e-01,3.31050e+01,4.01562e-01,6.03067e-01,1.50187e+00,8.27987e+00,4.13747e+00,1.99258e+01,3.28366e-01,1.09532e+02,3.62044e+00,1.69549e+00,6.55158e-01,9.47012e+00,4.00802e+00,3.92605e-01,1.93603e+00,7.26156e+00
1.61285e+00,6.07008e+01,2.46120e-01,3.30384e+01,3.99961e-01,6.03095e-01,1.50041e+00,8.28151e+00,4.12843e+00,1.99009e+01,3.28218e-01,1.08282e+02,3.62004e+00,1.68276e+00,6.62438e-01,9.46268e+00,3.99882e+00,3.91388e-01,1.93633e+00,7.22806e+00
1.57923e+00,5.99372e+01,2.45551e-01,3.29760e+01,3.98036e-01,6.03363e-01,1.49918e+00,8.28335e+00,4.10965e+00,1.98836e+01,3.27962e-01,1.07056e+02,3.61985e+00,1.66798e+00,6.69926e-01,9.45651e+00,3.98985e+00,3.90293e-01,1.93556e+00,7.19664e+00
1.54828e+00,5.91890e+01,2.45017e-01,3.29119e+01,3.95916e-01,6.03800e-01,1.49812e+00,8.28521e+00,4.08227e+00,1.98747e+01,3.27606e-01,1.05850e+02,3.61978e+00,1.65162e+00,6.77554e-01,9.45175e+00,3.98104e+00,3.89217e-01,1.93364e+00,7.16689e+00
1.51993e+00,5.84567e+01,2.44491e-01,3.28418e+01,3.93652e-01,6.04514e-01,1.49725e+00,8.28707e+00,4.04777e+00,1.98755e+01,3.27189e-01,1.04663e+02,3.61978e+00,1.63417e+00,6.85244e-01,9.44818e+00,3.97239e+00,3.88170e-01,1.93070e+00,7.13880e+00
1.49403e+00,5.77393e+01,2.43973e-01,3.27628e+01,3.91337e-01,6.05453e-01,1.49653e+00,8.28887e+00,4.00805e+00,1.98872e+01,3.26735e-01,1.03498e+02,3.61984e+00,1.61624e+00,6.92851e-01,9.44577e+00,3.96394e+00,3.87101e-01,1.92677e+00,7.11198e+00
1.47040e+00,5.70369e+01,2.43460e-01,3.26710e+01,3.89064e-01,6.06630e-01,1.49595e+00,8.29034e+00,3.96486e+00,1.99096e+01,3.26282e-01,1.02351e+02,3.61985e+00,1.59836e+00,7.00198e-01,9.44396e+00,3.95566e+00,3.85994e-01,1.92191e+00,7.08597e+00
1.44889e+00,5.63483e+01,2.42973e-01,3.25635e+01,3.86870e-01,6.08063e-01,1.49551e+00,8.29169e+00,3.91972e+00,1.99428e+01,3.25856e-01,1.01224e+02,3.61965e+00,1.58098e+00,7.07054e-01,9.44267e+00,3.94754e+00,3.84856e-01,1.91659e+00,7.06073e+00
1.42929e+00,5.56737e+01,2.42488e-01,3.24406e+01,3.84809e-01,6.09645e-01,1.49522e+00,8.29215e+00,3.87393e+00,1.99853e+01,3.25478e-01,1.00116e+02,3.61911e+00,1.56449e+00,7.13198e-01,9.44153e+00,3.93956e+00,3.83678e-01,1.91098e+00,7.03567e+00
1.41157e+00,5.50131e+01,2.42012e-01,3.23028e+01,3.82908e-01,6.11345e-01,1.49509e+00,8.29213e+00,3.82842e+00,2.00355e+01,3.25165e-01,9.90275e+01,3.61813e+00,1.54915e+00,7.18429e-01,9.44066e+00,3.93162e+00,3.82451e-01,1.90546e+00,7.01080e+00
1.39553e+00,5.43662e+01,2.41525e-01,3.21526e+01,3.81155e-01,6.13058e-01,1.49509e+00,8.29149e+00,3.78370e+00,2.00907e+01,3.24937e-01,9.79595e+01,3.61642e+00,1.53523e+00,7.22578e-01,9.44026e+00,3.92377e+00,3.81199e-01,1.90017e+00,6.98587e+00
1.38107e+00,5.37330e+01,2.41046e-01,3.19935e+01,3.79494e-01,6.14744e-01,1.49528e+00,8.28988e+00,3.74031e+00,2.01484e+01,3.24793e-01,9.69095e+01,3.61387e+00,1.52272e+00,7.25581e-01,9.44046e+00,3.91599e+00,3.79894e-01,1.89556e+00,6.96088e+00
1.36807e+00,5.31126e+01,2.40575e-01,3.18296e+01,3.77961e-01,6.16277e-01,1.49565e+00,8.28768e+00,3.69833e+00,2.02051e+01,3.24712e-01,9.58801e+01,3.61040e+00,1.51170e+00,7.27441e-01,9.44174e+00,3.90837e+00,3.78596e-01,1.89169e+00,6.93597e+00
1.35643e+00,5.25052e+01,2.40104e-01,3.16632e+01,3.76595e-01,6.17604e-01,1.49621e+00,8.28493e+00,3.65782e+00,2.02577e+01,3.24684e-01,9.48692e+01,3.60584e+00,1.50214e+00,7.28176e-01,9.44434e+00,3.90083e+00,3.77323e-01,1.88869e+00,6.91120e+00
1.34597e+00,5.19103e+01,2.39626e-01,3.14969e+01,3.75339e-01,6.18723e-01,1.49696e+00,8.28151e+00,3.61875e+00,2.03038e+01,3.24687e-01,9.38771e+01,3.60022e+00,1.49390e+00,7.27917e-01,9.44862e+00,3.89341e+00,3.76074e-01,1.88652e+00,6.88680e+00
1.33659e+00,5.13282e+01,2.39142e-01,3.13305e+01,3.74172e-01,6.19580e-01,1.49793e+00,8.27754e+00,3.58121e+00,2.03414e+01,3.24709e-01,9.29071e+01,3.59348e+00,1.48685e+00,7.26828e-01,9.45494e+00,3.88620e+00,3.74862e-01,1.88504e+00,6.86305e+00
1.32818e+00,5.07579e+01,2.38651e-01,3.11623e+01,3.73097e-01,6.20124e-01,1.49913e+00,8.27298e+00,3.54518e+00,2.03693e+01,3.24724e-01,9.19556e+01,3.58560e+00,1.48081e+00,7.25060e-01,9.46336e+00,3.87922e+00,3.73704e-01,1.88403e+00,6.84029e+00
1.32065e+00,5.01994e+01,2.38165e-01,3.09893e+01,3.72120e-01,6.20435e-01,1.50056e+00,8.26776e+00,3.51059e+00,2.03866e+01,3.24702e-01,9.10248e+01,3.57669e+00,1.47560e+00,7.22792e-01,9.47418e+00,3.87253e+00,3.72601e-01,1.88315e+00,6.81884e+00
1.31388e+00,4.96520e+01,2.37678e-01,3.08093e+01,3.71202e-01,6.20532e-01,1.50223e+00,8.26226e+00,3.47739e+00,2.03936e+01,3.24631e-01,9.01144e+01,3.56696e+00,1.47104e+00,7.20175e-01,9.48715e+00,3.86626e+00,3.71550e-01,1.88210e+00,6.79870e+00
1.30780e+00,4.91157e+01,2.37192e-01,3.06193e+01,3.70362e-01,6.20428e-01,1.50410e+00,8.25643e+00,3.44566e+00,2.03904e+01,3.24491e-01,8.92245e+01,3.55653e+00,1.46691e+00,7.17308e-01,9.50277e+00,3.86045e+00,3.70542e-01,1.88046e+00,6.78020e+00
1.30229e+00,4.85910e+01,2.36710e-01,3.04166e+01,3.69541e-01,6.20193e-01,1.50618e+00,8.25042e+00,3.41556e+00,2.03776e+01,3.24261e-01,8.83573e+01,3.54557e+00,1.46306e+00,7.14299e-01,9.52020e+00,3.85537e+00,3.69550e-01,1.87803e+00,6.76382e+00
1.29731e+00,4.80760e+01,2.36241e-01,3.02057e+01,3.68736e-01,6.20956e-01,1.50943e+00,8.24433e+00,3.38704e+00,2.03588e+01,3.23959e-01,8.75123e+01,3.53419e+00,1.45933e+00,7.11191e-01,9.53992e+00,3.85126e+00,3.68583e-01,1.87491e+00,6.74945e+00
1.29277e+00,4.75712e+01,2.35773e-01,2.99817e+01,3.67945e-01,6.23173e-01,1.51220e+00,8.24109e+00,3.36008e+00,2.03333e+01,3.23915e-01,8.66885e+01,3.52263e+00,1.45561e+00,7.08089e-01,9.56098e+00,3.84847e+00,3.67638e-01,1.87118e+00,6.73699e+00
1.28865e+00,4.70763e+01,2.35299e-01,2.97504e+01,3.67196e-01,6.26606e-01,1.51559e+00,8.24422e+00,3.33495e+00,2.03036e+01,3.23829e-01,8.58869e+01,3.51102e+00,1.45185e+00,7.05116e-01,9.58352e+00,3.84856e+00,3.66706e-01,1.86670e+00,6.72668e+00
1.28483e+00,4.65917e+01,2.34824e-01,2.95125e+01,3.66456e-01,6.30438e-01,1.51872e+00,8.25163e+00,3.31155e+00,2.02707e+01,3.23794e-01,8.51076e+01,3.49944e+00,1.44798e+00,7.02191e-01,9.60675e+00,3.85013e+00,3.65828e-01,1.86150e+00,6.71794e+00
1.28132e+00,4.61164e+01,2.34343e-01,2.92734e+01,3.65733e-01,6.34058e-01,1.52174e+00,8.26386e+00,3.28986e+00,2.02353e+01,3.23746e-01,8.43495e+01,3.48809e+00,1.44397e+00,6.99209e-01,9.63026e+00,3.85390e+00,3.64956e-01,1.85596e+00,6.71073e+00
1.27799e+00,4.56502e+01,2.33854e-01,2.90381e+01,3.65035e-01,6.38140e-01,1.52486e+00,8.27930e+00,3.26994e+00,2.01981e+01,3.23649e-01,8.36139e+01,3.47705e+00,1.43981e+00,6.96130e-01,9.65372e+00,3.86010e+00,3.64118e-01,1.85037e+00,6.70487e+00
1.27488e+00,4.51931e+01,2.33376e-01,2.88098e+01,3.64364e-01,6.43259e-01,1.52846e+00,8.29551e+00,3.25176e+00,2.01600e+01,3.23484e-01,8.28974e+01,3.46625e+00,1.43554e+00,6.92858e-01,9.67623e+00,3.86871e+00,3.63301e-01,1.84476e+00,6.69975e+00
1.27197e+00,4.47451e+01,2.32905e-01,2.85909e+01,3.63702e-01,6.50061e-01,1.53304e+00,8.31244e+00,3.23513e+00,2.01216e+01,3.23293e-01,8.21985e+01,3.45581e+00,1.43119e+00,6.89321e-01,9.69758e+00,3.87991e+00,3.62497e-01,1.83881e+00,6.69507e+00
1.26913e+00,4.43060e+01,2.32423e-01,2.83849e+01,3.63085e-01,6.59687e-01,1.53916e+00,8.32961e+00,3.22007e+00,2.00833e+01,3.23137e-01,8.15161e+01,3.44572e+00,1.42676e+00,6.85452e-01,9.71741e+00,3.89342e+00,3.61693e-01,1.83194e+00,6.69067e+00
1.26648e+00,4.38763e+01,2.31949e-01,2.81958e+01,3.62499e-01,6.74814e-01,1.54729e+00,8.34605e+00,3.20652e+00,2.00454e+01,3.23074e-01,8.08505e+01,3.43593e+00,1.42238e+00,6.81328e-01,9.73504e+00,3.90888e+00,3.60895e-01,1.82343e+00,6.68608e+00
1.26392e+00,4.34558e+01,2.31491e-01,2.80230e+01,3.61913e-01,6.99365e-01,1.55748e+00,8.36170e+00,3.19415e+00,2.00084e+01,3.23161e-01,8.01989e+01,3.42639e+00,1.41801e+00,6.76946e-01,9.75027e+00,3.92617e+00,3.60104e-01,1.81322e+00,6.68121e+00
1.26144e+00,4.30448e+01,2.31028e-01,2.78614e+01,3.61344e-01,7.35090e-01,1.56915e+00,8.37754e+00,3.18303e+00,1.99723e+01,3.23388e-01,7.95583e+01,3.41710e+00,1.41373e+00,6.72417e-01,9.76266e+00,3.94502e+00,3.59316e-01,1.80118e+00,6.67579e+00
1.25909e+00,4.26433e+01,2.30554e-01,2.77030e+01,3.60838e-01,7.78942e-01,1.58103e+00,8.39621e+00,3.17294e+00,1.99375e+01,3.23716e-01,7.89302e+01,3.40807e+00,1.40957e+00,6.67755e-01,9.77200e+00,3.96528e+00,3.58525e-01,1.78785e+00,6.66964e+00
1.25679e+00,4.22519e+01,2.30074e-01,2.75427e+01,3.60324e-01,8.26596e-01,1.59159e+00,8.41917e+00,3.16381e+00,1.99038e+01,3.24109e-01,7.83097e+01,3.39921e+00,1.40556e+00,6.63027e-01,9.77787e+00,3.98690e+00,3.57727e-01,1.77358e+00,6.66272e+00
1.25454e+00,4.18704e+01,2.29589e-01,2.73822e+01,3.59803e-01,8.76830e-01,1.59944e+00,8.44774e+00,3.15554e+00,1.98712e+01,3.24537e-01,7.76969e+01,3.39052e+00,1.40168e+00,6.58298e-01,9.78040e+00,4.00973e+00,3.56945e-01,1.75878e+00,6.65488e+00
1.25231e+00,4.14994e+01,2.29102e-01,2.72286e+01,3.59235e-01,9.27045e-01,1.60374e+00,8.48263e+00,3.14791e+00,1.98395e+01,3.24972e-01,7.70924e+01,3.38193e+00,1.39794e+00,6.53667e-01,9.77907e+00,4.03390e+00,3.56179e-01,1.74405e+00,6.64612e+00
1.25014e+00,4.11392e+01,2.28626e-01,2.70894e+01,3.58671e-01,9.68433e-01,1.60453e+00,8.52333e+00,3.14099e+00,1.98086e+01,3.25413e-01,7.64938e+01,3.37336e+00,1.39434e+00,6.49199e-01,9.77410e+00,4.05956e+00,3.55404e-01,1.72958e+00,6.63631e+00
1.24800e+00,4.07902e+01,2.28157e-01,2.69708e+01,3.58089e-01,9.92590e-01,1.60266e+00,8.56752e+00,3.13450e+00,1.97782e+01,3.25866e-01,7.59011e+01,3.36492e+00,1.39089e+00,6.44980e-01,9.76561e+00,4.08673e+00,3.54655e-01,1.71556e+00,6.62569e+00
1.24587e+00,4.04531e+01,2.27681e-01,2.68766e+01,3.57475e-01,9.98741e-01,1.59926e+00,8.61308e+00,3.12843e+00,1.97482e+01,3.26345e-01,7.53137e+01,3.35648e+00,1.38751e+00,6.41134e-01,9.75310e+00,4.11537e+00,3.53920e-01,1.70194e+00,6.61394e+00
1.24375e+00,4.01283e+01,2.27213e-01,2.68074e+01,3.56828e-01,9.92753e-01,1.59556e+00,8.65657e+00,3.12258e+00,1.97184e+01,3.26860e-01,7.47321e+01,3.34808e+00,1.38428e+00,6.37821e-01,9.73746e+00,4.14520e+00,3.53197e-01,1.68891e+00,6.60126e+00
1.24165e+00,3.98159e+01,2.26752e-01,2.67600e+01,3.56131e-01,9.82147e-01,1.59258e+00,8.69505e+00,3.11691e+00,1.96887e+01,3.27411e-01,7.41571e+01,3.33965e+00,1.38118e+00,6.35180e-01,9.71829e+00,4.17591e+00,3.52452e-01,1.67638e+00,6.58798e+00
1.23956e+00,3.95169e+01,2.26291e-01,2.67277e+01,3.55422e-01,9.73106e-01,1.59096e+00,8.72627e+00,3.11130e+00,1.96591e+01,3.28002e-01,7.35872e+01,3.33125e+00,1.37817e+00,6.33427e-01,9.69586e+00,4.20670e+00,3.51697e-01,1.66447e+00,6.57388e+00
1.23752e+00,3.92314e+01,2.25841e-01,2.67041e+01,3.54694e-01,9.69361e-01,1.59097e+00,8.74883e+00,3.10571e+00,1.96296e+01,3.28623e-01,7.30244e+01,3.32291e+00,1.37529e+00,6.32649e-01,9.67067e+00,4.23646e+00,3.50947e-01,1.65314e+00,6.55904e+00
1.23548e+00,3.89602e+01,2.25413e-01,2.66825e+01,3.53958e-01,9.72282e-01,1.59265e+00,8.76232e+00,3.10001e+00,1.96003e+01,3.29267e-01,7.24688e+01,3.31458e+00,1.37252e+00,6.32979e-01,9.64253e+00,4.26417e+00,3.50207e-01,1.64249e+00,6.54364e+00
1.23348e+00,3.87037e+01,2.25012e-01,2.66586e+01,3.53228e-01,9.81333e-01,1.59579e+00,8.76699e+00,3.09418e+00,1.95714e+01,3.29923e-01,7.19188e+01,3.30628e+00,1.36980e+00,6.34445e-01,9.61235e+00,4.28877e+00,3.49476e-01,1.63235e+00,6.52802e+00
1.23146e+00,3.84621e+01,2.24633e-01,2.66298e+01,3.52477e-01,9.94576e-01,1.60014e+00,8.76446e+00,3.08821e+00,1.95431e+01,3.30569e-01,7.13772e+01,3.29804e+00,1.36715e+00,6.36972e-01,9.57974e+00,4.30915e+00,3.48747e-01,1.62270e+00,6.51210e+00
1.22945e+00,3.82355e+01,2.24296e-01,2.65955e+01,3.51746e-01,1.00931e+00,1.60539e+00,8.75616e+00,3.08204e+00,1.95159e+01,3.31186e-01,7.08436e+01,3.28990e+00,1.36452e+00,6.40424e-01,9.54552e+00,4.32443e+00,3.48024e-01,1.61359e+00,6.49602e+00
1.22745e+00,3.80233e+01,2.23972e-01,2.65574e+01,3.51052e-01,1.02272e+00,1.61120e+00,8.74388e+00,3.07574e+00,1.94900e+01,3.31759e-01,7.03170e+01,3.28179e+00,1.36197e+00,6.44547e-01,9.50980e+00,4.33410e+00,3.47295e-01,1.60479e+00,6.48006e+00
1.22542e+00,3.78252e+01,2.23632e-01,2.65165e+01,3.50372e-01,1.03243e+00,1.61742e+00,8.72899e+00,3.06929e+00,1.94658e+01,3.32285e-01,6.97983e+01,3.27387e+00,1.35942e+00,6.49152e-01,9.47298e+00,4.33758e+00,3.46579e-01,1.59638e+00,6.46439e+00
1.22339e+00,3.76408e+01,2.23280e-01,2.64755e+01,3.49685e-01,1.03688e+00,1.62401e+00,8.71266e+00,3.06270e+00,1.94437e+01,3.32751e-01,6.92879e+01,3.26603e+00,1.35694e+00,6.53964e-01,9.43507e+00,4.33494e+00,3.45867e-01,1.58825e+00,6.44906e+00
1.22136e+00,3.74687e+01,2.22920e-01,2.64357e+01,3.48978e-01,1.03545e+00,1.63100e+00,8.69577e+00,3.05596e+00,1.94246e+01,3.33164e-01,6.87870e+01,3.25830e+00,1.35448e+00,6.58769e-01,9.39673e+00,4.32646e+00,3.45131e-01,1.58062e+00,6.43415e+00
1.21932e+00,3.73079e+01,2.32791e-01,2.63971e+01,3.64122e-01,1.02832e+00,1.63858e+00,8.67849e+00,3.06116e+00,1.94150e+01,3.33515e-01,6.82948e+01,3.25072e+00,1.35210e+00,6.63347e-01,9.35801e+00,4.31424e+00,3.62435e-01,1.57338e+00,6.41993e+00
1.22882e+00,3.71633e+01,2.50266e-01,2.63726e+01,4.25741e-01,1.01627e+00,1.65178e+00,8.67379e+00,3.07865e+00,1.94111e+01,3.33816e-01,6.78108e+01,3.25141e+00,1.36818e+00,6.67533e-01,9.32475e+00,4.32014e+00,3.76495e-01,1.59179e+00,6.41525e+00
1.24523e+00,3.70220e+01,2.75236e-01,2.63591e+01,5.47302e-01,1.00047e+00,1.66664e+00,8.67655e+00,3.09912e+00,1.94164e+01,3.34091e-01,6.73357e+01,3.25406e+00,1.38731e+00,6.71207e-01,9.29782e+00,4.32884e+00,3.91269e-01,1.62053e+00,6.42035e+00
1.25699e+00,3.68926e+01,2.99522e-01,2.63466e+01,7.34358e-01,9.82075e-01,1.68526e+00,8.67136e+00,3.12085e+00,1.94311e+01,3.34354e-01,6.68707e+01,3.25890e+00,1.40504e+00,6.74267e-01,9.27313e+00,4.33492e+00,4.13254e-01,1.65809e+00,6.42512e+00
1.26666e+00,3.67709e+01,3.21397e-01,2.63235e+01,9.86470e-01,9.62694e-01,1.70742e+00,8.66088e+00,3.14266e+00,1.94496e+01,3.34610e-01,6.64134e+01,3.26793e+00,1.42496e+00,6.76685e-01,9.25767e+00,4.33081e+00,4.38755e-01,1.69903e+00,6.43569e+00
1.28330e+00,3.66527e+01,3.41591e-01,2.62959e+01,1.28416e+00,9.42536e-01,1.73234e+00,8.64722e+00,3.16396e+00,1.94733e+01,3.34857e-01,6.59653e+01,3.27309e+00,1.44616e+00,6.78403e-01,9.25989e+00,4.31873e+00,4.62045e-01,1.74662e+00,6.44593e+00
1.31006e+00,3.65384e+01,3.60871e-01,2.62671e+01,1.51563e+00,9.22556e-01,1.76029e+00,8.62855e+00,3.18656e+00,1.95019e+01,3.35104e-01,6.55262e+01,3.27213e+00,1.46682e+00,6.79494e-01,9.27132e+00,4.30184e+00,4.81291e-01,1.79880e+00,6.45143e+00
1.34702e+00,3.64270e+01,3.77014e-01,2.62357e+01,1.64562e+00,9.03147e-01,1.78961e+00,8.60532e+00,3.21297e+00,1.95349e+01,3.35339e-01,6.50963e+01,3.26915e+00,1.48617e+00,6.79979e-01,9.27940e+00,4.28100e+00,4.97302e-01,1.85072e+00,6.45232e+00
1.39264e+00,3.63168e+01,3.86497e-01,2.62034e+01,1.74379e+00,8.84801e-01,1.81855e+00,8.57916e+00,3.24474e+00,1.95712e+01,3.35556e-01,6.46756e+01,3.26822e+00,1.50641e+00,6.79980e-01,9.27637e+00,4.25824e+00,5.11322e-01,1.90175e+00,6.45160e+00
1.44424e+00,3.62061e+01,3.87297e-01,2.61718e+01,1.86710e+00,8.67867e-01,1.84579e+00,8.55086e+00,3.28251e+00,1.96106e+01,3.35727e-01,6.42663e+01,3.27121e+00,1.53052e+00,6.79584e-01,9.25906e+00,4.23519e+00,5.23439e-01,1.95235e+00,6.45072e+00
1.49862e+00,3.60938e+01,3.80091e-01,2.61425e+01,1.98734e+00,8.52551e-01,1.86916e+00,8.52150e+00,3.32605e+00,1.96516e+01,3.35832e-01,6.38657e+01,3.27873e+00,1.55859e+00,6.78964e-01,9.23143e+00,4.21486e+00,5.32272e-01,2.00163e+00,6.45081e+00
1.55348e+00,3.59796e+01,3.67297e-01,2.61157e+01,2.03817e+00,8.38891e-01,1.88627e+00,8.49206e+00,3.37498e+00,1.96949e+01,3.35861e-01,6.34764e+01,3.29074e+00,1.58799e+00,6.78194e-01,9.20240e+00,4.19998e+00,5.36221e-01,2.04741e+00,6.45188e+00
1.60839e+00,3.58633e+01,3.51578e-01,2.60881e+01,1.99800e+00,8.26868e-01,1.89557e+00,8.46424e+00,3.42822e+00,1.97399e+01,3.35794e-01,6.30992e+01,3.30676e+00,1.61537e+00,6.77411e-01,9.18176e+00,4.19084e+00,5.34459e-01,2.08846e+00,6.45360e+00
1.66387e+00,3.57446e+01,3.35219e-01,2.60554e+01,1.89332e+00,8.16422e-01,1.89677e+00,8.43894e+00,3.48399e+00,1.97864e+01,3.35626e-01,6.27321e+01,3.32592e+00,1.63883e+00,6.76684e-01,9.17420e+00,4.18561e+00,5.27626e-01,2.12503e+00,6.45596e+00
1.71928e+00,3.56237e+01,3.19778e-01,2.60161e+01,1.75962e+00,8.07433e-01,1.89067e+00,8.41746e+00,3.54032e+00,1.98340e+01,3.35337e-01,6.23786e+01,3.34710e+00,1.65822e+00,6.76076e-01,9.17752e+00,4.18330e+00,5.17416e-01,2.15835e+00,6.45924e+00
1.77131e+00,3.55006e+01,3.06186e-01,2.59698e+01,1.62107e+00,7.99761e-01,1.87861e+00,8.40061e+00,3.59567e+00,1.98818e+01,3.34923e-01,6.20389e+01,3.36882e+00,1.67457e+00,6.75581e-01,9.18387e+00,4.18625e+00,5.06236e-01,2.18946e+00,6.46386e+00
1.81521e+00,3.53751e+01,2.94839e-01,2.59201e+01,1.48834e+00,7.93284e-01,1.86210e+00,8.38846e+00,3.64908e+00,1.99287e+01,3.34381e-01,6.17121e+01,3.38963e+00,1.68935e+00,6.75143e-01,9.18525e+00,4.19863e+00,4.97041e-01,2.21865e+00,6.47009e+00
1.84676e+00,3.52470e+01,2.85736e-01,2.58695e+01,1.36459e+00,7.87819e-01,1.84246e+00,8.38136e+00,3.70044e+00,1.99737e+01,3.33709e-01,6.14002e+01,3.40843e+00,1.70374e+00,6.74709e-01,9.17724e+00,4.22297e+00,4.93862e-01,2.24524e+00,6.47825e+00
1.86406e+00,3.51155e+01,2.78741e-01,2.58233e+01,1.24964e+00,7.83291e-01,1.82093e+00,8.37922e+00,3.75045e+00,2.00162e+01,3.32900e-01,6.11025e+01,3.42430e+00,1.71805e+00,6.74205e-01,9.15973e+00,4.25691e+00,5.03402e-01,2.26898e+00,6.48820e+00
1.86777e+00,3.49800e+01,2.73412e-01,2.57833e+01,1.14299e+00,7.79489e-01,1.79858e+00,8.38119e+00,3.79970e+00,2.00550e+01,3.31961e-01,6.08212e+01,3.43691e+00,1.73209e+00,6.73527e-01,9.13697e+00,4.29324e+00,5.37363e-01,2.28966e+00,6.49900e+00
1.86019e+00,3.48399e+01,2.69340e-01,2.57513e+01,1.04464e+00,7.76247e-01,1.77618e+00,8.38668e+00,3.84850e+00,2.00897e+01,3.30891e-01,6.05556e+01,3.44633e+00,1.74527e+00,6.72591e-01,9.11248e+00,4.32339e+00,6.12294e-01,2.30806e+00,6.51014e+00
1.85707e+00,3.46945e+01,2.66084e-01,2.57270e+01,9.54683e-01,7.73373e-01,1.75433e+00,8.39536e+00,3.89594e+00,2.01201e+01,3.29709e-01,6.03059e+01,3.45284e+00,1.75685e+00,6.71321e-01,9.08990e+00,4.34135e+00,7.39107e-01,2.32482e+00,6.52076e+00
1.85859e+00,3.45431e+01,2.63259e-01,2.57093e+01,8.73534e-01,7.70846e-01,1.73338e+00,8.40646e+00,3.94499e+00,2.01458e+01,3.28439e-01,6.00735e+01,3.45776e+00,1.76609e+00,6.69644e-01,9.07020e+00,4.34511e+00,9.03245e-01,2.34018e+00,6.53200e+00
1.85359e+00,3.43859e+01,2.66475e-01,2.56965e+01,8.11380e-01,7.68471e-01,1.71359e+00,8.41942e+00,4.00403e+00,2.01689e+01,3.27102e-01,5.98579e+01,3.46013e+00,1.77403e+00,6.67510e-01,9.05348e+00,4.34568e+00,1.06680e+00,2.35359e+00,6.54197e+00
1.85847e+00,3.42911e+01,2.78577e-01,2.56865e+01,7.81675e-01,7.67427e-01,1.69517e+00,8.43605e+00,4.08844e+00,2.01929e+01,3.25707e-01,5.96618e+01,3.46138e+00,1.78047e+00,6.64892e-01,9.03951e+00,4.34951e+00,1.21738e+00,2.36793e+00,6.55120e+00
1.89226e+00,3.42206e+01,2.98005e-01,2.57116e+01,7.85842e-01,7.75893e-01,1.68802e+00,8.50052e+00,4.19401e+00,2.02171e+01,3.33533e-01,5.94797e+01,3.46238e+00,1.78534e+00,6.66383e-01,9.02838e+00,4.36233e+00,1.28616e+00,2.37931e+00,6.56250e+00
1.95204e+00,3.40166e+01,3.19488e-01,2.57990e+01,8.17374e-01,7.79752e-01,1.69994e+00,8.57557e+00,4.30556e+00,2.02481e+01,3.47301e-01,5.93138e+01,3.46467e+00,1.78662e+00,6.65015e-01,9.02207e+00,4.38761e+00,1.31486e+00,2.38580e+00,6.57671e+00
2.02568e+00,3.38266e+01,3.38219e-01,2.59258e+01,8.80450e-01,7.96424e-01,1.77067e+00,8.60109e+00,4.41061e+00,2.02885e+01,3.63813e-01,5.91636e+01,3.46737e+00,1.78628e+00,6.67318e-01,9.02087e+00,4.43126e+00,1.31226e+00,2.38819e+00,6.59742e+00
2.10968e+00,3.36565e+01,3.54547e-01,2.60083e+01,9.86429e-01,8.01928e-01,1.91550e+00,8.62120e+00,4.51532e+00,2.03401e+01,3.75467e-01,5.90281e+01,3.47175e+00,1.78585e+00,7.23415e-01,9.02493e+00,4.49848e+00,1.27841e+00,2.39918e+00,6.61915e+00
2.19613e+00,3.34929e+01,3.70788e-01,2.60795e+01,1.10952e+00,8.10839e-01,2.08386e+00,8.64257e+00,4.64135e+00,2.04035e+01,3.82482e-01,5.89066e+01,3.47842e+00,1.78616e+00,8.40666e-01,9.03517e+00,4.59293e+00,1.23435e+00,2.42873e+00,6.64356e+00
2.27888e+00,3.33322e+01,3.86067e-01,2.61557e+01,1.20205e+00,8.17859e-01,2.22916e+00,8.66199e+00,4.80815e+00,2.04756e+01,3.86217e-01,5.88010e+01,3.48767e+00,1.78787e+00,9.43261e-01,9.05067e+00,4.71885e+00,1.16929e+00,2.46387e+00,6.67206e+00
2.36041e+00,3.31738e+01,3.96856e-01,2.62497e+01,1.25496e+00,8.23369e-01,2.35812e+00,8.68941e+00,5.01778e+00,2.05534e+01,3.87173e-01,5.87066e+01,3.50041e+00,1.79208e+00,9.99285e-01,9.07255e+00,4.89289e+00,1.10541e+00,2.49824e+00,6.70501e+00
2.44447e+00,3.30157e+01,3.99961e-01,2.63684e+01,1.29523e+00,8.30331e-01,2.45769e+00,8.72732e+00,5.24997e+00,2.06379e+01,3.86053e-01,5.86243e+01,3.51630e+00,1.80048e+00,1.02613e+00,9.10007e+00,5.15120e+00,1.04756e+00,2.53366e+00,6.74242e+00
2.52763e+00,3.28569e+01,3.94906e-01,2.65097e+01,1.35282e+00,8.43452e-01,2.50369e+00,8.77366e+00,5.47806e+00,2.07301e+01,3.83499e-01,5.85539e+01,3.53515e+00,1.81418e+00,1.02740e+00,9.13265e+00,5.54677e+00,9.93771e-01,2.57116e+00,6.78409e+00
2.59916e+00,3.26977e+01,3.83568e-01,2.66715e+01,1.43712e+00,8.70720e-01,2.49799e+00,8.82773e+00,5.68747e+00,2.08263e+01,3.80359e-01,5.84932e+01,3.55655e+00,1.83312e+00,1.00961e+00,9.16860e+00,6.14538e+00,9.40714e-01,2.61186e+00,6.82986e+00
2.65338e+00,3.25396e+01,3.68651e-01,2.68511e+01,1.52831e+00,9.19244e-01,2.46144e+00,8.88968e+00,5.87496e+00,2.09204e+01,3.77146e-01,5.84418e+01,3.57998e+00,1.85627e+00,9.85263e-01,9.20651e+00,7.01203e+00,8.93925e-01,2.65582e+00,6.87855e+00
2.67968e+00,3.23844e+01,3.52633e-01,2.70414e+01,1.59616e+00,9.83697e-01,2.41146e+00,8.95841e+00,6.04053e+00,2.10054e+01,3.74020e-01,5.83975e+01,3.60434e+00,1.88183e+00,9.64219e-01,9.24532e+00,8.19797e+00,8.41004e-01,2.70245e+00,6.92799e+00
2.67754e+00,3.22336e+01,3.37161e-01,2.72334e+01,1.62129e+00,1.04492e+00,2.35491e+00,9.03262e+00,6.18119e+00,2.10763e+01,3.70794e-01,5.83582e+01,3.62845e+00,1.90796e+00,9.49893e-01,9.28464e+00,9.80693e+00,7.93720e-01,2.75145e+00,6.97593e+00
2.65557e+00,3.20890e+01,3.23233e-01,2.74129e+01,1.60047e+00,1.08477e+00,2.29436e+00,9.11013e+00,6.29432e+00,2.11304e+01,3.67252e-01,5.83219e+01,3.65106e+00,1.93294e+00,9.41129e-01,9.32436e+00,1.19920e+01,7.52382e-01,2.80230e+00,7.02108e+00
2.62047e+00,3.19517e+01,3.11262e-01,2.75651e+01,1.54099e+00,1.09738e+00,2.23435e+00,9.19027e+00,6.38397e+00,2.11673e+01,3.63304e-01,5.82864e+01,3.67103e+00,1.95623e+00,9.35445e-01,9.36343e+00,1.46011e+01,7.17045e-01,2.85581e+00,7.06441e+00
2.57699e+00,3.18229e+01,3.01400e-01,2.76776e+01,1.45440e+00,1.08721e+00,2.18301e+00,9.27368e+00,6.46130e+00,2.11895e+01,3.58991e-01,5.82493e+01,3.68755e+00,1.97585e+00,9.31068e-01,9.39964e+00,1.69744e+01,6.88796e-01,2.91278e+00,7.10649e+00
2.52992e+00,3.17031e+01,2.93373e-01,2.77473e+01,1.35255e+00,1.06229e+00,2.15345e+00,9.36640e+00,6.53939e+00,2.11995e+01,3.54467e-01,5.82097e+01,3.70015e+00,1.99273e+00,9.27351e-01,9.43236e+00,1.85191e+01,6.69409e-01,2.97344e+00,7.14652e+00
2.48323e+00,3.15937e+01,2.86994e-01,2.77809e+01,1.25335e+00,1.02981e+00,2.15623e+00,9.53126e+00,6.62610e+00,2.12003e+01,3.49923e-01,5.81670e+01,3.70851e+00,2.00644e+00,9.34405e-01,9.45828e+00,1.91741e+01,6.63141e-01,3.03669e+00,7.18519e+00
2.43934e+00,3.14954e+01,2.81897e-01,2.77944e+01,1.17893e+00,9.95245e-01,2.20335e+00,9.72816e+00,6.72228e+00,2.11950e+01,3.60561e-01,5.81219e+01,3.71273e+00,2.01619e+00,9.47741e-01,9.47799e+00,1.92235e+01,6.72462e-01,3.14975e+00,7.22257e+00
2.39893e+00,3.14087e+01,2.77748e-01,2.78000e+01,1.23847e+00,9.60843e-01,2.32000e+00,9.83614e+00,6.82283e+00,2.11852e+01,4.55960e-01,5.80755e+01,3.71331e+00,2.02121e+00,1.00897e+00,9.49178e+00,1.89907e+01,7.05574e-01,3.32864e+00,7.25841e+00
2.36094e+00,3.13337e+01,2.74223e-01,2.78127e+01,2.26305e+00,9.28763e-01,2.51464e+00,9.91924e+00,6.92119e+00,2.11706e+01,6.58687e-01,5.80286e+01,3.71084e+00,2.02089e+00,1.06558e+00,9.49901e+00,1.87014e+01,7.70344e-01,3.50710e+00,7.29161e+00
2.32365e+00,3.12701e+01,2.71067e-01,2.78427e+01,4.48494e+00,8.99449e-01,2.70670e+00,1.00060e+01,7.01257e+00,2.11505e+01,8.34163e-01,5.79822e+01,3.70630e+00,2.01544e+00,1.10146e+00,9.50194e+00,1.84636e+01,8.65584e-01,3.66420e+00,7.32228e+00
2.28610e+00,3.12175e+01,2.68196e-01,2.78983e+01,5.89826e+00,8.73084e-01,2.83944e+00,1.00983e+01,7.09535e+00,2.11227e+01,9.44924e-01,5.79366e+01,3.70083e+00,2.00579e+00,1.13086e+00,9.50176e+00,1.82859e+01,9.74882e-01,3.80268e+00,7.35069e+00
2.24903e+00,3.11752e+01,2.65534e-01,2.79878e+01,5.59660e+00,8.49899e-01,2.91302e+00,1.01950e+01,7.17011e+00,2.10849e+01,9.79445e-01,5.78914e+01,3.69567e+00,1.99354e+00,1.14084e+00,9.50174e+00,1.81098e+01,1.07374e+00,3.91938e+00,7.37731e+00
2.21441e+00,3.11422e+01,2.63065e-01,2.81216e+01,4.61797e+00,8.30478e-01,2.94405e+00,1.02962e+01,7.23765e+00,2.10361e+01,9.40824e-01,5.78456e+01,3.69235e+00,1.98059e+00,1.12771e+00,9.50609e+00,1.78581e+01,1.14325e+00,4.01778e+00,7.40304e+00
2.18386e+00,3.11175e+01,2.60751e-01,2.83167e+01,3.66451e+00,8.15931e-01,2.95405e+00,1.04040e+01,7.29672e+00,2.09759e+01,8.64765e-01,5.77978e+01,3.69260e+00,1.96891e+00,1.09858e+00,9.52022e+00,1.74763e+01,1.17607e+00,4.10597e+00,7.42709e+00
2.15722e+00,3.10998e+01,2.58590e-01,2.85976e+01,2.91212e+00,8.08000e-01,2.96202e+00,1.05219e+01,7.34324e+00,2.09058e+01,7.84360e-01,5.77459e+01,3.69814e+00,1.96045e+00,1.06241e+00,9.55347e+00,1.69522e+01,1.17471e+00,4.18757e+00,7.44819e+00
2.13234e+00,3.10877e+01,2.56599e-01,2.89803e+01,2.34934e+00,8.08558e-01,2.97931e+00,1.06529e+01,7.37135e+00,2.08286e+01,7.14629e-01,5.76882e+01,3.71073e+00,1.95701e+00,1.02528e+00,9.61907e+00,1.63114e+01,1.14697e+00,4.26062e+00,7.46414e+00
2.10632e+00,3.10800e+01,2.54812e-01,2.94541e+01,1.92907e+00,8.17738e-01,3.00898e+00,1.08004e+01,7.37490e+00,2.07479e+01,6.57571e-01,5.76229e+01,3.73196e+00,1.96012e+00,9.89946e-01,9.73623e+00,1.55988e+01,1.10248e+00,4.32250e+00,7.47313e+00
2.07716e+00,3.10751e+01,2.53276e-01,2.99700e+01,1.61053e+00,8.32252e-01,3.04697e+00,1.09656e+01,7.34967e+00,2.06681e+01,6.10340e-01,5.75483e+01,3.76304e+00,1.97071e+00,9.57203e-01,9.93293e+00,1.48606e+01,1.05051e+00,4.37320e+00,7.47349e+00
2.04432e+00,3.10717e+01,2.51970e-01,3.04556e+01,1.36503e+00,8.46564e-01,3.08469e+00,1.11483e+01,7.29432e+00,2.05935e+01,5.69811e-01,5.74633e+01,3.80446e+00,1.98872e+00,9.27214e-01,1.02506e+01,1.41340e+01,9.99459e-01,4.41474e+00,7.46525e+00
2.00872e+00,3.10676e+01,2.50847e-01,3.08522e+01,1.17316e+00,8.56154e-01,3.11263e+00,1.13458e+01,7.21062e+00,2.05272e+01,5.34032e-01,5.73677e+01,3.85582e+00,2.01286e+00,9.00026e-01,1.07399e+01,1.34414e+01,9.57821e-01,4.44958e+00,7.44859e+00
1.97155e+00,3.10620e+01,2.49930e-01,3.11335e+01,1.02176e+00,8.59480e-01,3.12347e+00,1.15536e+01,7.10263e+00,2.04727e+01,5.02128e-01,5.72610e+01,3.91592e+00,2.04067e+00,8.75836e-01,1.14498e+01,1.27951e+01,9.37060e-01,4.47955e+00,7.42394e+00
1.93457e+00,3.10538e+01,2.49212e-01,3.13123e+01,9.01498e-01,8.57488e-01,3.11401e+00,1.17659e+01,6.97554e+00,2.04328e+01,4.73850e-01,5.71435e+01,3.98257e+00,2.06913e+00,8.54731e-01,1.24046e+01,1.21977e+01,9.53963e-01,4.50722e+00,7.39274e+00
1.89883e+00,3.10423e+01,2.48607e-01,3.14156e+01,8.05503e-01,8.52196e-01,3.08506e+00,1.19756e+01,6.83517e+00,2.04091e+01,4.49047e-01,5.70155e+01,4.05310e+00,2.09486e+00,8.36593e-01,1.35972e+01,1.16477e+01,1.02615e+00,4.53650e+00,7.35633e+00
1.86504e+00,3.10277e+01,2.48122e-01,3.14733e+01,7.28522e-01,8.45411e-01,3.04082e+00,1.21759e+01,6.68638e+00,2.04028e+01,4.27616e-01,5.68771e+01,4.12451e+00,2.11529e+00,8.21209e-01,1.50058e+01,1.11420e+01,1.15566e+00,4.57224e+00,7.31549e+00
1.83352e+00,3.10104e+01,2.47716e-01,3.15038e+01,6.66605e-01,8.38601e-01,2.98727e+00,1.23605e+01,6.53386e+00,2.04145e+01,4.09392e-01,5.67307e+01,4.19398e+00,2.12872e+00,8.08215e-01,1.65926e+01,1.06766e+01,1.31258e+00,4.61903e+00,7.27184e+00
1.80438e+00,3.09916e+01,2.47408e-01,3.15171e+01,6.16651e-01,8.32765e-01,2.93108e+00,1.25238e+01,6.38107e+00,2.04442e+01,3.94110e-01,5.65759e+01,4.25902e+00,2.13444e+00,7.97256e-01,1.82478e+01,1.02492e+01,1.44809e+00,4.68032e+00,7.22565e+00
1.77753e+00,3.09727e+01,2.47206e-01,3.15187e+01,5.76146e-01,8.28574e-01,2.87836e+00,1.26627e+01,6.23063e+00,2.04909e+01,3.81508e-01,5.64126e+01,4.31753e+00,2.13260e+00,7.88072e-01,1.97741e+01,9.85747e+00,1.52698e+00,4.75724e+00,7.17784e+00
1.75275e+00,3.09558e+01,2.47078e-01,3.15136e+01,5.43343e-01,8.26653e-01,2.83407e+00,1.27753e+01,6.08453e+00,2.05537e+01,3.71323e-01,5.62437e+01,4.36789e+00,2.12388e+00,7.80465e-01,2.09714e+01,9.49871e+00,1.54264e+00,4.84802e+00,7.12888e+00
1.72980e+00,3.09429e+01,2.46983e-01,3.15077e+01,5.16654e-01,8.27555e-01,2.80150e+00,1.28610e+01,5.94451e+00,2.06318e+01,3.63338e-01,5.60690e+01,4.40880e+00,2.10919e+00,7.74237e-01,2.17322e+01,9.17061e+00,1.50735e+00,4.94802e+00,7.07902e+00
1.70840e+00,3.09365e+01,2.46900e-01,3.15073e+01,4.94872e-01,8.31758e-01,2.78203e+00,1.29226e+01,5.81161e+00,2.07236e+01,3.57410e-01,5.58907e+01,4.43948e+00,2.08964e+00,7.69163e-01,2.20552e+01,8.87005e+00,1.43895e+00,5.04979e+00,7.02891e+00
1.68834e+00,3.09381e+01,2.46838e-01,3.15183e+01,4.77037e-01,8.39650e-01,2.77534e+00,1.29607e+01,5.68727e+00,2.08286e+01,3.53525e-01,5.57082e+01,4.45944e+00,2.06616e+00,7.65059e-01,2.20059e+01,8.59428e+00,1.35287e+00,5.14495e+00,6.97901e+00
1.66934e+00,3.09493e+01,2.46773e-01,3.15448e+01,4.62391e-01,8.51352e-01,2.77938e+00,1.29790e+01,5.57281e+00,2.09471e+01,3.51715e-01,5.55235e+01,4.46847e+00,2.03966e+00,7.61752e-01,2.16806e+01,8.34005e+00,1.26012e+00,5.22477e+00,6.92983e+00
1.65134e+00,3.09708e+01,2.46721e-01,3.15881e+01,4.50346e-01,8.66616e-01,2.79128e+00,1.29787e+01,5.46928e+00,2.10793e+01,3.52175e-01,5.53383e+01,4.46680e+00,2.01097e+00,7.59025e-01,2.11840e+01,8.10551e+00,1.16774e+00,5.28190e+00,6.88190e+00
1.63402e+00,3.10024e+01,2.46665e-01,3.16479e+01,4.40389e-01,8.84717e-01,2.80806e+00,1.29614e+01,5.37776e+00,2.12262e+01,3.55044e-01,5.51537e+01,4.45518e+00,1.98085e+00,7.56849e-01,2.06173e+01,7.88875e+00,1.07988e+00,5.31142e+00,6.83577e+00
1.61739e+00,3.10427e+01,2.46578e-01,3.17212e+01,4.32149e-01,9.04417e-01,2.82728e+00,1.29281e+01,5.29915e+00,2.13900e+01,3.60567e-01,5.49721e+01,4.43439e+00,1.94992e+00,7.55165e-01,2.00627e+01,7.68864e+00,9.98622e-01,5.31113e+00,6.79193e+00
1.60135e+00,3.10895e+01,2.46457e-01,3.18036e+01,4.25342e-01,9.24220e-01,2.84747e+00,1.28797e+01,5.23380e+00,2.15728e+01,3.68932e-01,5.47959e+01,4.40548e+00,1.91872e+00,7.54085e-01,1.95651e+01,7.50508e+00,9.24921e-01,5.28167e+00,6.75103e+00
1.58587e+00,3.11403e+01,2.46340e-01,3.18902e+01,4.19719e-01,9.42531e-01,2.86812e+00,1.28183e+01,5.18145e+00,2.17756e+01,3.80175e-01,5.46275e+01,4.36968e+00,1.88770e+00,7.53811e-01,1.91251e+01,7.33776e+00,8.58937e-01,5.22583e+00,6.71342e+00
1.57094e+00,3.11919e+01,2.46248e-01,3.19759e+01,4.15038e-01,9.58077e-01,2.88919e+00,1.27467e+01,5.14110e+00,2.19995e+01,3.94156e-01,5.44692e+01,4.32835e+00,1.85723e+00,7.54666e-01,1.87138e+01,7.18720e+00,8.00395e-01,5.14756e+00,6.67939e+00
1.55662e+00,3.12408e+01,2.46157e-01,3.20561e+01,4.11184e-01,9.69954e-01,2.91056e+00,1.26688e+01,5.11091e+00,2.22451e+01,4.10463e-01,5.43226e+01,4.28282e+00,1.82759e+00,7.57093e-01,1.82989e+01,7.05362e+00,7.48857e-01,5.05139e+00,6.64940e+00
1.54288e+00,3.12848e+01,2.46050e-01,3.21283e+01,4.07933e-01,9.77891e-01,2.93167e+00,1.25899e+01,5.08826e+00,2.25099e+01,4.28425e-01,5.41893e+01,4.23435e+00,1.79898e+00,7.61498e-01,1.78688e+01,6.93708e+00,7.03709e-01,4.94207e+00,6.62318e+00
1.52978e+00,3.13223e+01,2.45927e-01,3.21894e+01,4.05190e-01,9.82228e-01,2.95145e+00,1.25138e+01,5.07040e+00,2.27908e+01,4.47229e-01,5.40716e+01,4.18415e+00,1.77150e+00,7.68305e-01,1.74348e+01,6.83806e+00,6.64343e-01,4.82347e+00,6.60133e+00
1.51740e+00,3.13522e+01,2.45796e-01,3.22383e+01,4.02875e-01,9.83918e-01,2.96845e+00,1.24458e+01,5.05484e+00,2.30832e+01,4.65955e-01,5.39708e+01,4.13322e+00,1.74531e+00,7.77794e-01,1.70246e+01,6.75622e+00,6.30160e-01,4.69897e+00,6.58335e+00
1.50575e+00,3.13751e+01,2.45662e-01,3.22748e+01,4.00903e-01,9.84543e-01,2.98125e+00,1.23878e+01,5.03923e+00,2.33815e+01,4.83770e-01,5.38877e+01,4.08248e+00,1.72048e+00,7.89964e-01,1.66730e+01,6.69104e+00,6.00605e-01,4.57136e+00,6.56944e+00
1.49484e+00,3.13916e+01,2.45484e-01,3.22984e+01,3.99199e-01,9.86071e-01,2.98860e+00,1.23419e+01,5.02250e+00,2.36784e+01,4.99943e-01,5.38237e+01,4.03277e+00,1.69711e+00,8.04655e-01,1.64181e+01,6.64133e+00,5.75169e-01,4.44274e+00,6.55915e+00
1.48469e+00,3.14039e+01,2.45274e-01,3.23100e+01,3.97740e-01,9.90618e-01,2.98979e+00,1.23067e+01,5.00458e+00,2.39679e+01,5.14060e-01,5.37770e+01,3.98459e+00,1.67519e+00,8.21404e-01,1.62945e+01,6.60575e+00,5.53419e-01,4.31515e+00,6.55239e+00
1.47525e+00,3.14137e+01,2.45040e-01,3.23103e+01,3.96444e-01,1.00002e+00,2.98453e+00,1.22811e+01,4.98643e+00,2.42444e+01,5.25904e-01,5.37500e+01,3.93834e+00,1.65474e+00,8.39534e-01,1.63280e+01,6.58212e+00,5.34929e-01,4.18934e+00,6.54883e+00
1.46657e+00,3.14241e+01,2.44790e-01,3.23004e+01,3.95323e-01,1.01536e+00,2.97281e+00,1.22615e+01,4.96991e+00,2.45035e+01,5.35466e-01,5.37413e+01,3.89435e+00,1.63579e+00,8.58321e-01,1.65243e+01,6.56774e+00,5.19331e-01,4.06657e+00,6.54809e+00
1.45854e+00,3.14374e+01,2.44539e-01,3.22808e+01,3.94317e-01,1.03642e+00,2.95477e+00,1.22451e+01,4.95704e+00,2.47423e+01,5.42974e-01,5.37502e+01,3.85280e+00,1.61835e+00,8.76979e-01,1.68597e+01,6.55983e+00,5.06231e-01,3.94739e+00,6.54993e+00
1.45120e+00,3.14560e+01,2.44295e-01,3.22521e+01,3.93442e-01,1.06152e+00,2.93061e+00,1.22295e+01,4.94988e+00,2.49590e+01,5.48726e-01,5.37776e+01,3.81381e+00,1.60236e+00,8.94782e-01,1.72782e+01,6.55519e+00,4.95317e-01,3.83268e+00,6.55374e+00
1.44441e+00,3.14816e+01,2.44053e-01,3.22160e+01,3.92619e-01,1.08774e+00,2.90066e+00,1.22139e+01,4.94947e+00,2.51543e+01,5.53160e-01,5.38216e+01,3.77749e+00,1.58773e+00,9.11157e-01,1.77012e+01,6.55096e+00,4.86294e-01,3.72267e+00,6.55915e+00
1.43821e+00,3.15152e+01,2.43802e-01,3.21730e+01,3.91902e-01,1.11169e+00,2.86516e+00,1.22005e+01,4.95590e+00,2.53290e+01,5.56696e-01,5.38828e+01,3.74373e+00,1.57447e+00,9.25602e-01,1.80530e+01,6.54470e+00,4.78901e-01,3.61787e+00,6.56602e+00
1.43250e+00,3.15578e+01,2.43544e-01,3.21250e+01,3.91233e-01,1.13029e+00,2.82445e+00,1.21922e+01,4.96794e+00,2.54850e+01,5.59741e-01,5.39616e+01,3.71277e+00,1.56256e+00,9.37705e-01,1.82792e+01,6.53479e+00,4.72914e-01,3.51875e+00,6.57392e+00
1.42730e+00,3.16092e+01,2.43287e-01,3.20733e+01,3.90554e-01,1.14145e+00,2.77913e+00,1.21932e+01,4.98294e+00,2.56255e+01,5.62717e-01,5.40581e+01,3.68447e+00,1.55184e+00,9.47249e-01,1.83563e+01,6.52014e+00,4.68072e-01,3.42560e+00,6.58240e+00
1.42258e+00,3.16683e+01,2.43003e-01,3.20193e+01,3.89903e-01,1.14433e+00,2.72974e+00,1.22074e+01,4.99732e+00,2.57547e+01,5.65947e-01,5.41734e+01,3.65896e+00,1.54228e+00,9.54062e-01,1.82870e+01,6.50029e+00,4.64158e-01,3.33850e+00,6.59105e+00
1.41824e+00,3.17340e+01,2.42676e-01,3.19646e+01,3.89282e-01,1.13922e+00,2.67699e+00,1.22351e+01,5.00765e+00,2.58759e+01,5.69672e-01,5.43078e+01,3.63623e+00,1.53381e+00,9.58048e-01,1.80931e+01,6.47534e+00,4.61058e-01,3.25767e+00,6.59969e+00
1.41430e+00,3.18047e+01,2.42335e-01,3.19100e+01,3.88676e-01,1.12721e+00,2.62173e+00,1.22743e+01,5.01074e+00,2.59929e+01,5.74087e-01,5.44619e+01,3.61623e+00,1.52633e+00,9.59244e-01,1.78029e+01,6.44606e+00,4.58649e-01,3.18304e+00,6.60792e+00
1.41069e+00,3.18787e+01,2.41976e-01,3.18556e+01,3.88078e-01,1.10974e+00,2.56477e+00,1.23205e+01,5.00428e+00,2.61105e+01,5.79261e-01,5.46363e+01,3.59874e+00,1.51976e+00,9.57781e-01,1.74457e+01,6.41340e+00,4.56752e-01,3.11440e+00,6.61540e+00
1.40743e+00,3.19544e+01,2.41619e-01,3.18013e+01,3.87489e-01,1.08835e+00,2.50704e+00,1.23682e+01,4.98713e+00,2.62317e+01,5.85208e-01,5.48307e+01,3.58363e+00,1.51401e+00,9.53801e-01,1.70465e+01,6.37838e+00,4.55323e-01,3.05153e+00,6.62186e+00
1.40444e+00,3.20307e+01,2.41275e-01,3.17464e+01,3.86916e-01,1.06449e+00,2.44933e+00,1.24136e+01,4.95928e+00,2.63604e+01,5.91863e-01,5.50444e+01,3.57062e+00,1.50901e+00,9.47498e-01,1.66264e+01,6.34195e+00,4.54227e-01,2.99408e+00,6.62708e+00
1.40168e+00,3.21073e+01,2.40936e-01,3.16902e+01,3.86351e-01,1.03943e+00,2.39240e+00,1.24549e+01,4.92170e+00,2.64981e+01,5.99057e-01,5.52751e+01,3.55930e+00,1.50466e+00,9.39190e-01,1.62011e+01,6.30500e+00,4.53398e-01,2.94136e+00,6.63097e+00
1.39911e+00,3.21848e+01,2.40583e-01,3.16310e+01,3.85811e-01,1.01410e+00,2.33690e+00,1.24939e+01,4.87585e+00,2.66474e+01,6.06612e-01,5.55218e+01,3.54932e+00,1.50091e+00,9.29115e-01,1.57818e+01,6.26821e+00,4.52779e-01,2.89316e+00,6.63323e+00
1.39677e+00,3.22646e+01,2.40221e-01,3.15682e+01,3.85250e-01,9.89338e-01,2.28341e+00,1.25344e+01,4.82344e+00,2.68092e+01,6.14324e-01,5.57813e+01,3.54018e+00,1.49765e+00,9.17526e-01,1.53759e+01,6.23175e+00,4.52267e-01,2.84876e+00,6.63370e+00
1.39462e+00,3.23485e+01,2.39860e-01,3.15009e+01,3.84664e-01,9.65639e-01,2.23245e+00,1.25809e+01,4.76639e+00,2.69830e+01,6.21926e-01,5.60494e+01,3.53158e+00,1.49480e+00,9.04726e-01,1.49881e+01,6.19569e+00,4.51906e-01,2.80762e+00,6.63279e+00
1.39263e+00,3.24387e+01,2.39481e-01,3.14293e+01,3.84090e-01,9.43407e-01,2.18441e+00,1.26374e+01,4.70648e+00,2.71680e+01,6.29178e-01,5.63238e+01,3.52304e+00,1.49230e+00,8.90978e-01,1.46213e+01,6.15971e+00,4.51552e-01,2.76936e+00,6.63029e+00
1.39077e+00,3.25376e+01,2.39078e-01,3.13545e+01,3.83492e-01,9.22918e-01,2.13963e+00,1.27067e+01,4.64540e+00,2.73622e+01,6.35853e-01,5.65985e+01,3.51431e+00,1.49012e+00,8.76505e-01,1.42770e+01,6.12343e+00,4.51290e-01,2.73360e+00,6.62635e+00
1.38899e+00,3.26480e+01,2.38659e-01,3.12777e+01,3.82924e-01,9.04351e-01,2.09838e+00,1.27884e+01,4.58450e+00,2.75622e+01,6.41760e-01,5.68701e+01,3.50522e+00,1.48820e+00,8.61541e-01,1.39553e+01,6.08637e+00,4.51023e-01,2.69989e+00,6.62146e+00
1.38734e+00,3.27718e+01,2.38225e-01,3.12010e+01,3.82344e-01,8.87721e-01,2.06088e+00,1.28798e+01,4.52488e+00,2.77640e+01,6.46755e-01,5.71350e+01,3.49546e+00,1.48644e+00,8.46270e-01,1.36554e+01,6.04808e+00,4.50805e-01,2.66835e+00,6.61542e+00
1.38574e+00,3.29099e+01,2.37801e-01,3.11263e+01,3.81719e-01,8.72977e-01,2.02733e+00,1.29755e+01,4.46716e+00,2.79635e+01,6.50750e-01,5.73905e+01,3.48508e+00,1.48486e+00,8.30860e-01,1.33765e+01,6.00808e+00,4.50569e-01,2.63853e+00,6.60864e+00
1.38417e+00,3.30631e+01,2.37396e-01,3.10551e+01,3.81132e-01,8.60031e-01,1.99786e+00,1.30695e+01,4.41201e+00,2.81563e+01,6.53654e-01,5.76343e+01,3.47403e+00,1.48339e+00,8.15473e-01,1.31173e+01,5.96599e+00,4.50323e-01,2.61056e+00,6.60147e+00
1.38267e+00,3.32315e+01,2.36999e-01,3.09876e+01,3.80532e-01,8.48739e-01,1.97244e+00,1.31547e+01,4.35980e+00,2.83394e+01,6.55482e-01,5.78654e+01,3.46233e+00,1.48199e+00,8.00241e-01,1.28760e+01,5.92163e+00,4.50079e-01,2.58415e+00,6.59397e+00
1.38120e+00,3.34117e+01,2.36594e-01,3.09242e+01,3.79955e-01,8.38922e-01,1.95115e+00,1.32255e+01,4.31079e+00,2.85090e+01,6.56193e-01,5.80844e+01,3.45017e+00,1.48066e+00,7.85267e-01,1.26510e+01,5.87490e+00,4.49817e-01,2.55955e+00,6.58655e+00
1.37974e+00,3.35995e+01,2.36190e-01,3.08647e+01,3.79371e-01,8.30297e-01,1.93388e+00,1.32783e+01,4.26504e+00,2.86636e+01,6.55845e-01,5.82902e+01,3.43758e+00,1.47937e+00,7.70649e-01,1.24409e+01,5.82583e+00,4.49541e-01,2.53649e+00,6.57929e+00
1.37832e+00,3.37915e+01,2.35785e-01,3.08084e+01,3.78774e-01,8.22620e-01,1.92048e+00,1.33104e+01,4.22269e+00,2.88039e+01,6.54475e-01,5.84861e+01,3.42469e+00,1.47808e+00,7.56457e-01,1.22438e+01,5.77464e+00,4.49240e-01,2.51516e+00,6.57242e+00
1.37689e+00,3.39830e+01,2.35368e-01,3.07554e+01,3.78176e-01,8.15604e-01,1.91071e+00,1.33221e+01,4.18371e+00,2.89314e+01,6.52140e-01,5.86733e+01,3.41164e+00,1.47681e+00,7.42774e-01,1.20585e+01,5.72160e+00,4.48905e-01,2.49515e+00,6.56603e+00
1.37545e+00,3.41699e+01,2.34933e-01,3.07067e+01,3.77554e-01,8.09032e-01,1.90425e+00,1.33149e+01,4.14789e+00,2.90494e+01,6.48905e-01,5.88544e+01,3.39863e+00,1.47552e+00,7.29653e-01,1.18836e+01,5.66693e+00,4.48503e-01,2.47660e+00,6.56031e+00
1.37400e+00,3.43487e+01,2.34488e-01,3.06638e+01,3.76942e-01,8.02643e-01,1.90077e+00,1.32914e+01,4.11515e+00,2.91654e+01,6.44829e-01,5.90321e+01,3.38581e+00,1.47423e+00,7.17131e-01,1.17178e+01,5.61111e+00,4.48108e-01,2.45910e+00,6.55540e+00
1.37254e+00,3.45157e+01,2.34039e-01,3.06295e+01,3.76309e-01,7.96321e-01,1.89991e+00,1.32561e+01,4.08545e+00,2.92904e+01,6.40010e-01,5.92109e+01,3.37319e+00,1.47290e+00,7.05232e-01,1.15600e+01,5.55448e+00,4.47686e-01,2.44263e+00,6.55147e+00
1.37105e+00,3.46684e+01,2.33591e-01,3.06072e+01,3.75700e-01,7.89886e-01,1.90134e+00,1.32136e+01,4.05859e+00,2.94388e+01,6.34507e-01,5.93932e+01,3.36095e+00,1.47155e+00,6.93989e-01,1.14096e+01,5.49755e+00,4.47262e-01,2.42684e+00,6.54874e+00
1.36956e+00,3.48059e+01,2.33157e-01,3.06004e+01,3.75481e-01,7.83284e-01,1.90467e+00,1.31696e+01,4.03456e+00,2.96292e+01,6.28371e-01,5.95815e+01,3.34913e+00,1.47014e+00,6.83390e-01,1.12659e+01,5.44069e+00,4.46815e-01,2.41159e+00,6.54748e+00
1.36806e+00,3.49284e+01,2.32722e-01,3.06122e+01,3.75827e-01,7.76495e-01,1.90953e+00,1.31296e+01,4.01321e+00,2.98828e+01,6.21688e-01,5.97772e+01,3.33776e+00,1.47184e+00,6.73433e-01,1.11276e+01,5.38441e+00,4.46355e-01,2.39656e+00,6.54783e+00
1.36827e+00,3.50353e+01,2.32269e-01,3.06468e+01,3.76647e-01,7.69506e-01,1.91572e+00,1.31001e+01,3.99439e+00,3.02234e+01,6.14506e-01,5.99818e+01,3.32691e+00,1.47156e+00,6.64123e-01,1.09951e+01,5.32944e+00,4.45872e-01,2.38163e+00,6.55016e+00
1.36786e+00,3.51275e+01,2.31817e-01,3.07089e+01,3.77860e-01,7.62288e-01,1.92302e+00,1.30881e+01,3.97805e+00,3.06731e+01,6.06879e-01,6.01966e+01,3.31654e+00,1.47064e+00,6.55461e-01,1.08674e+01,5.27588e+00,4.45348e-01,2.36674e+00,6.55504e+00
1.36675e+00,3.52067e+01,2.31402e-01,3.08045e+01,3.79468e-01,7.54945e-01,1.93154e+00,1.31009e+01,3.96336e+00,3.12471e+01,5.98872e-01,6.04195e+01,3.30671e+00,1.47012e+00,6.47421e-01,1.07441e+01,5.22394e+00,4.44812e-01,2.35256e+00,6.56261e+00
1.36547e+00,3.52754e+01,2.31060e-01,3.09411e+01,3.81686e-01,7.47450e-01,1.94075e+00,1.31468e+01,3.95033e+00,3.19509e+01,5.90552e-01,6.06513e+01,3.29738e+00,1.46934e+00,6.39971e-01,1.06257e+01,5.17420e+00,4.44254e-01,2.33945e+00,6.57903e+00
1.36462e+00,3.53357e+01,2.30788e-01,3.11263e+01,3.84845e-01,7.39906e-01,1.95093e+00,1.32343e+01,3.93861e+00,3.27738e+01,5.81984e-01,6.08905e+01,3.28861e+00,1.46808e+00,6.33112e-01,1.05125e+01,5.12623e+00,4.43661e-01,2.32746e+00,6.60094e+00
1.36405e+00,3.53902e+01,2.30596e-01,3.13731e+01,3.89608e-01,7.32342e-01,1.96212e+00,1.33712e+01,3.92792e+00,3.36886e+01,5.73236e-01,6.11339e+01,3.28030e+00,1.46651e+00,6.26821e-01,1.04030e+01,5.07955e+00,4.43056e-01,2.31650e+00,6.62703e+00
1.36370e+00,3.54402e+01,2.30435e-01,3.16930e+01,3.96865e-01,7.24840e-01,1.97422e+00,1.35644e+01,3.91818e+00,3.46525e+01,5.64393e-01,6.13814e+01,3.27248e+00,1.46492e+00,6.21057e-01,1.02969e+01,5.03426e+00,4.42427e-01,2.30659e+00,6.65733e+00
1.36365e+00,3.54877e+01,2.30247e-01,3.20967e+01,4.07443e-01,7.17419e-01,1.98731e+00,1.38180e+01,3.90926e+00,3.56141e+01,5.55533e-01,6.16314e+01,3.26516e+00,1.46374e+00,6.15796e-01,1.01952e+01,4.99080e+00,4.41804e-01,2.29793e+00,6.69093e+00
1.36401e+00,3.55336e+01,2.29977e-01,3.25929e+01,4.21259e-01,7.10154e-01,2.00125e+00,1.41330e+01,3.90092e+00,3.65232e+01,5.46717e-01,6.18826e+01,3.25825e+00,1.46309e+00,6.10991e-01,1.00979e+01,4.94979e+00,4.41162e-01,2.29038e+00,6.72589e+00
1.36503e+00,3.55788e+01,2.29616e-01,3.31791e+01,4.36852e-01,7.03050e-01,2.01591e+00,1.45058e+01,3.89304e+00,3.73368e+01,5.37982e-01,6.21353e+01,3.25178e+00,1.46284e+00,6.06627e-01,1.00042e+01,4.91169e+00,4.40504e-01,2.28360e+00,6.76186e+00
1.36704e+00,3.56236e+01,2.29151e-01,3.38479e+01,4.51858e-01,6.96168e-01,2.03104e+00,1.49316e+01,3.88567e+00,3.80249e+01,5.29360e-01,6.23916e+01,3.24572e+00,1.46273e+00,6.02690e-01,9.91512e+00,4.87660e+00,4.39832e-01,2.27735e+00,6.79948e+00
1.37029e+00,3.56676e+01,2.28621e-01,3.45764e+01,4.63781e-01,6.89513e-01,2.04646e+00,1.54042e+01,3.87865e+00,3.85712e+01,5.20867e-01,6.26545e+01,3.24012e+00,1.46263e+00,5.99188e-01,9.83031e+00,4.84450e+00,4.39120e-01,2.27117e+00,6.83892e+00
1.37502e+00,3.57108e+01,2.28045e-01,3.53371e+01,4.71132e-01,6.83142e-01,2.06182e+00,1.59203e+01,3.87205e+00,3.89740e+01,5.12537e-01,6.29279e+01,3.23499e+00,1.46238e+00,5.96045e-01,9.75006e+00,4.81586e+00,4.38387e-01,2.26490e+00,6.87871e+00
1.38122e+00,3.57523e+01,2.27421e-01,3.60970e+01,4.73655e-01,6.76989e-01,2.07684e+00,1.64838e+01,3.86577e+00,3.92399e+01,5.04369e-01,6.32186e+01,3.23034e+00,1.46194e+00,5.93346e-01,9.67504e+00,4.79212e+00,4.37648e-01,2.25859e+00,6.91837e+00
1.38877e+00,3.57915e+01,2.26802e-01,3.68242e+01,4.71996e-01,6.71177e-01,2.09116e+00,1.71070e+01,3.85978e+00,3.93822e+01,4.96393e-01,6.35341e+01,3.22625e+00,1.46134e+00,5.91058e-01,9.60498e+00,4.77606e+00,4.36895e-01,2.25255e+00,6.95682e+00
1.39722e+00,3.58276e+01,2.26180e-01,3.74946e+01,4.67256e-01,6.65589e-01,2.10451e+00,1.78110e+01,3.85404e+00,3.94159e+01,4.88591e-01,6.38847e+01,3.22281e+00,1.46054e+00,5.89234e-01,9.54106e+00,4.77143e+00,4.36127e-01,2.24719e+00,6.99311e+00
1.40607e+00,3.58596e+01,2.25581e-01,3.80899e+01,4.60477e-01,6.60321e-01,2.11654e+00,1.86217e+01,3.84849e+00,3.93563e+01,4.80980e-01,6.42793e+01,3.22024e+00,1.45950e+00,5.87863e-01,9.48388e+00,4.78100e+00,4.35358e-01,2.24296e+00,7.02683e+00
1.41465e+00,3.58876e+01,2.25011e-01,3.86062e+01,4.52495e-01,6.55323e-01,2.12708e+00,1.95630e+01,3.84313e+00,3.92179e+01,4.73566e-01,6.47300e+01,3.21867e+00,1.45815e+00,5.86967e-01,9.43328e+00,4.80414e+00,4.34585e-01,2.24021e+00,7.05712e+00
1.42232e+00,3.59103e+01,2.24476e-01,3.90462e+01,4.44003e-01,6.50602e-01,2.13583e+00,2.06464e+01,3.83789e+00,3.90118e+01,4.66366e-01,6.52443e+01,3.21838e+00,1.45645e+00,5.86451e-01,9.38970e+00,4.83599e+00,4.33792e-01,2.23934e+00,7.08373e+00
1.42854e+00,3.59278e+01,2.23945e-01,3.94228e+01,4.35469e-01,6.46151e-01,2.14265e+00,2.18605e+01,3.83267e+00,3.87485e+01,4.59388e-01,6.58287e+01,3.21963e+00,1.45434e+00,5.86293e-01,9.35234e+00,4.86923e+00,4.32996e-01,2.24036e+00,7.10611e+00
1.43285e+00,3.59400e+01,2.23422e-01,3.97500e+01,4.27144e-01,6.41969e-01,2.14738e+00,2.31689e+01,3.82750e+00,3.84359e+01,4.52649e-01,6.64853e+01,3.22271e+00,1.45186e+00,5.86420e-01,9.32165e+00,4.89763e+00,4.32194e-01,2.24363e+00,7.12357e+00
1.43514e+00,3.59461e+01,2.22908e-01,4.00481e+01,4.19174e-01,6.38088e-01,2.14993e+00,2.45133e+01,3.82243e+00,3.80806e+01,4.46195e-01,6.72135e+01,3.22781e+00,1.44907e+00,5.86745e-01,9.29678e+00,4.91843e+00,4.31385e-01,2.24903e+00,7.13588e+00
1.43541e+00,3.59463e+01,2.22420e-01,4.03364e+01,4.11654e-01,6.34403e-01,2.15025e+00,2.58249e+01,3.81733e+00,3.76893e+01,4.40035e-01,6.80019e+01,3.23497e+00,1.44600e+00,5.87174e-01,9.27962e+00,4.93242e+00,4.30580e-01,2.25658e+00,7.14272e+00
1.43383e+00,3.59408e+01,2.21934e-01,4.06323e+01,4.04702e-01,6.31002e-01,2.14840e+00,2.70391e+01,3.81225e+00,3.72671e+01,4.34189e-01,6.88393e+01,3.24426e+00,1.44276e+00,5.89606e-01,9.27115e+00,4.94271e+00,4.29795e-01,2.26569e+00,7.14434e+00
1.43067e+00,3.59296e+01,2.21450e-01,4.09522e+01,3.98335e-01,6.27787e-01,2.14439e+00,2.81064e+01,3.80713e+00,3.68196e+01,4.28637e-01,6.97027e+01,3.25548e+00,1.43941e+00,5.90871e-01,9.27924e+00,4.95286e+00,4.29028e-01,2.27573e+00,7.14043e+00
1.42630e+00,3.59127e+01,2.20974e-01,4.13132e+01,3.92565e-01,6.24821e-01,2.13835e+00,2.89967e+01,3.80195e+00,3.63520e+01,4.23368e-01,7.05707e+01,3.26832e+00,1.43604e+00,5.91388e-01,9.32441e+00,4.96553e+00,4.28282e-01,2.28549e+00,7.13202e+00
1.42110e+00,3.58902e+01,2.20503e-01,4.17327e+01,3.87401e-01,6.22062e-01,2.13040e+00,2.96990e+01,3.79670e+00,3.58697e+01,4.18326e-01,7.14198e+01,3.28230e+00,1.43271e+00,5.91737e-01,9.46446e+00,4.98183e+00,4.27556e-01,2.29381e+00,7.11893e+00
1.41546e+00,3.58623e+01,2.20052e-01,4.22311e+01,3.82793e-01,6.19466e-01,2.12075e+00,3.02167e+01,3.79135e+00,3.53767e+01,4.13501e-01,7.22258e+01,3.29677e+00,1.42944e+00,5.91737e-01,9.72996e+00,5.00126e+00,4.26860e-01,2.29960e+00,7.10215e+00
1.40969e+00,3.58291e+01,2.19616e-01,4.28326e+01,3.78730e-01,6.17097e-01,2.10955e+00,3.05624e+01,3.78589e+00,3.48768e+01,4.08845e-01,7.29684e+01,3.31111e+00,1.42624e+00,5.91341e-01,9.99690e+00,5.02222e+00,4.26182e-01,2.30200e+00,7.08170e+00
1.40406e+00,3.57907e+01,2.19179e-01,4.35581e+01,3.75142e-01,6.14876e-01,2.09704e+00,3.07552e+01,3.78032e+00,3.43754e+01,4.04317e-01,7.36327e+01,3.32471e+00,1.42309e+00,5.90622e-01,1.01246e+01,5.04247e+00,4.25510e-01,2.30087e+00,7.05862e+00
1.39881e+00,3.57475e+01,2.18739e-01,4.44278e+01,3.72012e-01,6.12870e-01,2.08336e+00,3.08128e+01,3.77466e+00,3.38755e+01,3.99895e-01,7.42061e+01,3.33694e+00,1.41997e+00,5.89643e-01,1.01136e+01,5.05970e+00,4.24843e-01,2.29612e+00,7.03321e+00
1.39404e+00,3.56991e+01,2.18295e-01,4.54442e+01,3.69293e-01,6.11076e-01,2.06870e+00,3.07564e+01,3.76889e+00,3.33798e+01,3.95566e-01,7.46803e+01,3.34732e+00,1.41687e+00,5.88516e-01,1.00407e+01,5.07185e+00,4.24154e-01,2.28828e+00,7.00532e+00
1.38982e+00,3.56460e+01,2.17871e-01,4.65939e+01,3.66906e-01,6.09485e-01,2.05322e+00,3.06017e+01,3.76304e+00,3.28912e+01,3.91334e-01,7.50557e+01,3.35536e+00,1.41377e+00,5.87392e-01,9.97120e+00,5.07740e+00,4.23417e-01,2.27801e+00,6.97572e+00
1.38620e+00,3.55883e+01,2.17438e-01,4.78378e+01,3.64831e-01,6.08257e-01,2.03709e+00,3.03672e+01,3.75711e+00,3.24118e+01,3.87181e-01,7.53304e+01,3.36089e+00,1.41065e+00,5.86440e-01,9.93985e+00,5.07547e+00,4.22645e-01,2.26609e+00,6.94468e+00
1.38313e+00,3.55265e+01,2.16994e-01,4.91189e+01,3.63019e-01,6.07502e-01,2.02046e+00,3.00647e+01,3.75104e+00,3.19433e+01,3.83112e-01,7.55125e+01,3.36379e+00,1.40756e+00,5.85814e-01,9.95489e+00,5.06578e+00,4.21843e-01,2.25327e+00,6.91204e+00
1.38058e+00,3.54610e+01,2.16552e-01,5.03702e+01,3.61424e-01,6.07776e-01,2.00351e+00,2.97083e+01,3.74489e+00,3.14871e+01,3.79143e-01,7.56044e+01,3.36405e+00,1.40447e+00,5.85668e-01,1.00033e+01,5.04866e+00,4.20999e-01,2.24017e+00,6.87840e+00
1.37841e+00,3.53917e+01,2.16112e-01,5.15278e+01,3.60011e-01,6.09931e-01,1.98638e+00,2.93082e+01,3.73864e+00,3.10445e+01,3.75267e-01,7.56160e+01,3.36181e+00,1.40142e+00,5.86122e-01,1.00629e+01,5.02509e+00,4.20105e-01,2.22738e+00,6.84371e+00
1.37648e+00,3.53198e+01,2.15677e-01,5.25394e+01,3.58741e-01,6.15014e-01,1.96932e+00,2.88732e+01,3.73233e+00,3.06160e+01,3.71494e-01,7.55537e+01,3.35729e+00,1.39838e+00,5.87362e-01,1.01137e+01,4.99612e+00,4.19159e-01,2.21531e+00,6.80787e+00
1.37465e+00,3.52455e+01,2.15257e-01,5.33701e+01,3.57628e-01,6.23540e-01,1.95250e+00,2.84111e+01,3.72591e+00,3.02025e+01,3.67843e-01,7.54272e+01,3.35085e+00,1.39533e+00,5.89528e-01,1.01460e+01,4.96303e+00,4.18186e-01,2.20425e+00,6.77145e+00
1.37276e+00,3.51696e+01,2.14834e-01,5.40054e+01,3.56610e-01,6.34470e-01,1.93612e+00,2.79303e+01,3.71941e+00,2.98040e+01,3.64312e-01,7.52434e+01,3.34276e+00,1.39232e+00,5.92691e-01,1.01609e+01,4.92713e+00,4.17201e-01,2.19433e+00,6.73454e+00
1.37072e+00,3.50926e+01,2.14408e-01,5.44418e+01,3.55719e-01,6.45619e-01,1.92040e+00,2.74342e+01,3.71284e+00,2.94208e+01,3.60936e-01,7.50098e+01,3.33344e+00,1.38936e+00,5.96937e-01,1.01631e+01,4.88945e+00,4.16216e-01,2.18571e+00,6.69728e+00
1.36835e+00,3.50153e+01,2.13982e-01,5.46892e+01,3.54899e-01,6.54415e-01,1.90556e+00,2.69299e+01,3.70620e+00,2.90530e+01,3.57702e-01,7.47336e+01,3.32310e+00,1.38644e+00,6.02226e-01,1.01583e+01,4.85107e+00,4.15213e-01,2.17844e+00,6.65985e+00
1.36558e+00,3.49384e+01,2.13570e-01,5.47656e+01,3.54104e-01,6.59436e-01,1.89183e+00,2.64206e+01,3.69948e+00,2.87003e+01,3.54641e-01,7.44178e+01,3.31196e+00,1.38356e+00,6.08460e-01,1.01500e+01,4.81281e+00,4.14188e-01,2.17231e+00,6.62251e+00
1.36235e+00,3.48632e+01,2.13147e-01,5.46883e+01,3.53348e-01,6.60521e-01,1.87942e+00,2.59111e+01,3.69270e+00,2.83628e+01,3.51753e-01,7.40715e+01,3.30025e+00,1.38071e+00,6.15462e-01,1.01410e+01,4.77529e+00,4.13175e-01,2.16738e+00,6.58544e+00
1.35869e+00,3.47902e+01,2.12711e-01,5.44789e+01,3.52627e-01,6.58321e-01,1.86849e+00,2.54040e+01,3.68588e+00,2.80402e+01,3.49066e-01,7.36994e+01,3.28819e+00,1.37792e+00,6.22926e-01,1.01321e+01,4.73895e+00,4.12187e-01,2.16331e+00,6.54886e+00
1.35456e+00,3.47207e+01,2.12279e-01,5.41561e+01,3.51937e-01,6.53854e-01,1.85923e+00,2.49022e+01,3.67901e+00,2.77311e+01,3.46590e-01,7.33048e+01,3.27599e+00,1.37517e+00,6.30539e-01,1.01251e+01,4.70409e+00,4.11201e-01,2.16003e+00,6.51299e+00
1.35000e+00,3.46558e+01,2.11855e-01,5.37382e+01,3.51293e-01,6.48055e-01,1.85182e+00,2.44079e+01,3.67209e+00,2.74363e+01,3.44350e-01,7.28926e+01,3.26356e+00,1.37246e+00,6.37904e-01,1.01233e+01,4.67101e+00,4.10213e-01,2.15715e+00,6.47798e+00
1.34504e+00,3.45971e+01,2.11437e-01,5.32414e+01,3.50630e-01,6.41655e-01,1.84654e+00,2.39231e+01,3.66516e+00,2.71552e+01,3.42345e-01,7.24657e+01,3.25102e+00,1.36977e+00,6.44662e-01,1.01327e+01,4.63981e+00,4.09235e-01,2.15451e+00,6.44395e+00
1.33983e+00,3.45492e+01,2.11019e-01,5.26830e+01,3.51955e-01,6.38119e-01,1.84472e+00,2.34511e+01,3.65820e+00,2.69027e+01,3.40894e-01,7.20315e+01,3.23848e+00,1.36709e+00,6.57838e-01,1.01626e+01,4.61048e+00,4.08270e-01,2.15178e+00,6.41104e+00
1.33445e+00,3.45268e+01,2.13173e-01,5.20766e+01,3.58234e-01,6.36220e-01,1.84955e+00,2.30007e+01,3.65400e+00,2.66852e+01,3.59002e-01,7.15942e+01,3.22588e+00,1.36530e+00,6.74333e-01,1.02241e+01,4.58464e+00,4.10484e-01,2.27275e+00,6.37919e+00
1.32982e+00,3.47089e+01,2.19225e-01,5.14379e+01,3.72611e-01,8.18265e-01,1.87206e+00,2.25922e+01,3.65090e+00,2.65448e+01,4.19987e-01,7.11514e+01,3.21324e+00,1.36336e+00,7.34940e-01,1.03253e+01,4.56230e+00,4.11861e-01,2.83917e+00,6.34860e+00
1.32500e+00,3.49131e+01,2.26594e-01,5.07802e+01,3.97758e-01,1.34933e+00,2.03796e+00,2.22440e+01,3.64828e+00,2.65179e+01,5.33811e-01,7.07078e+01,3.20132e+00,1.36137e+00,8.73969e-01,1.04647e+01,4.54143e+00,4.13114e-01,3.81499e+00,6.31948e+00
1.32003e+00,3.48894e+01,2.34290e-01,5.01077e+01,4.34747e-01,2.23589e+00,2.44144e+00,2.19236e+01,3.64634e+00,2.66415e+01,6.29265e-01,7.02642e+01,3.18907e+00,1.35966e+00,1.06835e+00,1.06283e+01,4.52195e+00,4.15781e-01,4.92359e+00,6.29150e+00
1.31501e+00,3.48827e+01,2.40225e-01,4.94207e+01,4.70630e-01,3.04269e+00,2.86819e+00,2.15849e+01,3.64472e+00,2.69018e+01,6.83942e-01,6.98221e+01,3.17685e+00,1.35824e+00,1.21078e+00,1.07943e+01,4.50366e+00,4.19557e-01,6.82710e+00,6.26459e+00
1.31030e+00,3.49754e+01,2.44658e-01,4.87302e+01,4.99340e-01,3.70249e+00,3.19170e+00,2.12323e+01,3.64282e+00,2.72262e+01,7.04333e-01,6.93843e+01,3.16571e+00,1.35724e+00,1.28173e+00,1.09423e+01,4.48692e+00,4.23593e-01,1.01901e+01,6.23910e+00
1.30608e+00,3.51553e+01,2.48030e-01,4.80484e+01,5.24458e-01,5.42596e+00,3.53130e+00,2.08770e+01,3.64107e+00,2.75452e+01,6.94806e-01,6.89534e+01,3.15399e+00,1.35656e+00,1.32628e+00,1.10591e+01,4.47123e+00,4.27367e-01,1.28758e+01,6.21465e+00
1.30246e+00,3.54167e+01,2.51521e-01,4.73786e+01,5.44056e-01,1.00761e+01,4.03199e+00,2.05236e+01,3.63988e+00,2.78427e+01,6.66911e-01,6.85323e+01,3.14239e+00,1.35613e+00,1.33254e+00,1.11405e+01,4.45609e+00,4.30933e-01,1.32721e+01,6.19115e+00
1.29939e+00,3.57570e+01,2.53852e-01,4.67309e+01,5.54294e-01,1.42669e+01,4.65753e+00,2.01750e+01,3.63938e+00,2.81426e+01,6.32247e-01,6.81227e+01,3.13097e+00,1.35609e+00,1.29912e+00,1.11879e+01,4.44146e+00,4.34347e-01,1.21434e+01,6.16882e+00
1.29674e+00,3.61751e+01,2.54859e-01,4.61140e+01,5.55058e-01,1.47419e+01,5.19749e+00,1.98323e+01,3.63965e+00,2.84761e+01,5.97054e-01,6.77287e+01,3.11979e+00,1.35650e+00,1.24600e+00,1.12068e+01,4.42776e+00,4.37509e-01,1.05647e+01,6.14750e+00
1.29444e+00,3.66673e+01,2.54432e-01,4.55358e+01,5.50020e-01,1.29902e+01,5.52583e+00,1.94993e+01,3.64043e+00,2.88703e+01,5.64714e-01,6.73527e+01,3.10871e+00,1.35733e+00,1.19312e+00,1.12042e+01,4.41532e+00,4.40072e-01,9.09790e+00,6.12677e+00
1.29240e+00,3.72287e+01,2.52841e-01,4.50064e+01,5.42993e-01,1.07139e+01,5.62941e+00,1.91798e+01,3.64172e+00,2.93514e+01,5.37079e-01,6.69990e+01,3.09798e+00,1.35837e+00,1.15025e+00,1.11856e+01,4.40437e+00,4.41725e-01,7.92864e+00,6.10662e+00
1.29069e+00,3.78576e+01,2.50738e-01,4.45366e+01,5.36300e-01,8.64746e+00,5.54065e+00,1.88791e+01,3.64341e+00,2.99393e+01,5.14659e-01,6.66695e+01,3.08772e+00,1.35945e+00,1.11876e+00,1.11555e+01,4.39487e+00,4.42287e-01,7.06926e+00,6.08686e+00
1.28932e+00,3.85564e+01,2.48640e-01,4.41324e+01,5.30633e-01,6.97993e+00,5.34663e+00,1.86054e+01,3.64541e+00,3.06558e+01,4.96841e-01,6.63681e+01,3.07802e+00,1.36047e+00,1.09659e+00,1.11169e+01,4.38663e+00,4.41718e-01,6.46511e+00,6.06750e+00
1.28832e+00,3.93235e+01,2.47056e-01,4.38019e+01,5.25614e-01,5.69929e+00,5.19726e+00,1.83666e+01,3.64730e+00,3.15503e+01,4.82575e-01,6.60958e+01,3.06873e+00,1.36138e+00,1.08198e+00,1.10719e+01,4.37938e+00,4.40200e-01,6.04769e+00,6.04855e+00
1.28767e+00,4.01383e+01,2.46271e-01,4.35486e+01,5.20421e-01,4.74193e+00,5.37412e+00,1.81680e+01,3.64876e+00,3.26903e+01,4.71029e-01,6.58592e+01,3.05992e+00,1.36226e+00,1.07502e+00,1.10226e+01,4.37276e+00,4.37985e-01,5.75978e+00,6.02982e+00
1.28731e+00,4.09601e+01,2.46292e-01,4.33692e+01,5.14430e-01,4.04686e+00,6.50625e+00,1.80105e+01,3.64959e+00,3.40621e+01,4.61839e-01,6.56628e+01,3.05158e+00,1.36322e+00,1.07739e+00,1.09692e+01,4.36667e+00,4.35396e-01,5.55791e+00,6.01143e+00
1.28710e+00,4.17442e+01,2.46909e-01,4.32582e+01,5.07274e-01,3.57192e+00,9.35117e+00,1.78887e+01,3.64956e+00,3.54803e+01,4.55231e-01,6.55214e+01,3.04373e+00,1.36434e+00,1.09129e+00,1.09133e+01,4.36122e+00,4.32865e-01,5.40346e+00,5.99335e+00
1.28693e+00,4.24588e+01,2.47652e-01,4.32014e+01,4.98986e-01,3.29342e+00,1.37364e+01,1.77920e+01,3.64855e+00,3.66443e+01,4.52156e-01,6.54488e+01,3.03619e+00,1.36558e+00,1.11823e+00,1.08557e+01,4.35645e+00,4.30698e-01,5.25938e+00,5.97559e+00
1.28666e+00,4.30923e+01,2.48015e-01,4.31764e+01,4.89765e-01,3.19303e+00,1.82494e+01,1.77086e+01,3.64652e+00,3.73040e+01,4.54361e-01,6.54621e+01,3.02897e+00,1.36690e+00,1.15789e+00,1.07973e+01,4.35232e+00,4.29299e-01,5.09771e+00,5.95815e+00
1.28622e+00,4.36537e+01,2.47752e-01,4.31503e+01,4.79910e-01,3.23682e+00,2.14585e+01,1.76271e+01,3.64361e+00,3.73738e+01,4.64225e-01,6.55740e+01,3.02207e+00,1.36818e+00,1.20759e+00,1.07389e+01,4.34867e+00,4.28843e-01,4.90729e+00,5.94095e+00
1.28547e+00,4.41607e+01,2.46692e-01,4.30847e+01,4.69682e-01,3.36406e+00,2.29717e+01,1.75432e+01,3.63999e+00,3.69206e+01,4.84127e-01,6.57912e+01,3.01542e+00,1.36937e+00,1.26280e+00,1.06810e+01,4.34529e+00,4.29595e-01,4.69176e+00,5.92422e+00
1.28446e+00,4.46359e+01,2.44768e-01,4.29494e+01,4.59414e-01,3.50094e+00,2.31433e+01,1.74575e+01,3.63571e+00,3.60940e+01,5.15141e-01,6.61104e+01,3.00901e+00,1.37034e+00,1.31834e+00,1.06242e+01,4.34199e+00,4.31652e-01,4.46337e+00,5.90778e+00
1.28318e+00,4.51004e+01,2.42213e-01,4.27479e+01,4.49267e-01,3.58970e+00,2.24699e+01,1.73749e+01,3.63104e+00,3.50525e+01,5.55787e-01,6.65219e+01,3.00286e+00,1.37105e+00,1.37006e+00,1.05688e+01,4.33861e+00,4.34961e-01,4.23550e+00,5.89167e+00
1.28161e+00,4.55710e+01,2.39171e-01,4.25630e+01,4.39426e-01,3.60416e+00,2.13372e+01,1.73024e+01,3.62603e+00,3.39257e+01,6.01842e-01,6.70063e+01,2.99696e+00,1.37143e+00,1.41661e+00,1.05150e+01,4.33495e+00,4.39412e-01,4.01843e+00,5.87604e+00
1.27982e+00,4.60617e+01,2.35870e-01,4.26185e+01,4.30030e-01,3.54569e+00,1.99950e+01,1.72472e+01,3.62088e+00,3.28044e+01,6.47683e-01,6.75470e+01,2.99126e+00,1.37142e+00,1.46040e+00,1.04628e+01,4.33096e+00,4.44711e-01,3.81868e+00,5.86086e+00
1.27778e+00,4.65846e+01,2.32472e-01,4.32622e+01,4.21170e-01,3.42977e+00,1.85932e+01,1.72141e+01,3.61552e+00,3.17443e+01,6.88248e-01,6.81290e+01,2.98569e+00,1.37097e+00,1.50768e+00,1.04126e+01,4.32651e+00,4.50442e-01,3.63934e+00,5.84614e+00
