2.96430e+05,3.15945e+05,2.78924e+05,3.20227e+05,2.73098e+05,3.13062e+05,3.22476e+05,3.22481e+05,3.02025e+05,2.96664e+05,3.12191e+05,2.90617e+05,3.03810e+05,3.05388e+05,3.26294e+05,3.18438e+05,3.02269e+05,3.06265e+05,3.02739e+05,3.08554e+05
1.00000e-02,1.00000e-02,1.00000e-02,1.00000e-02,1.00000e-02,1.00000e-02,1.00000e-02,1.00000e-02,1.00000e-02,1.00000e-02,1.00000e-02,1.00000e-02,1.00000e-02,1.00000e-02,1.00000e-02,1.00000e-02,1.00000e-02,1.00000e-02,1.00000e-02,1.00000e-02
1.67941e-02,1.23627e-02,2.69490e-02,1.64498e-02,2.57088e-02,1.64428e-02,1.72080e-02,2.63908e-02,1.47127e-02,1.22841e-02,1.69377e-02,1.09982e-02,1.72262e-02,1.71587e-02,1.33004e-02,1.57540e-02,1.76177e-02,1.25068e-02,3.24072e-02,1.47495e-02
2.68424e-02,1.35828e-02,4.71623e-02,2.88751e-02,4.23690e-02,2.47423e-02,3.07614e-02,4.02063e-02,2.22897e-02,1.53537e-02,2.85819e-02,1.20175e-02,2.38031e-02,2.43268e-02,1.49567e-02,2.43127e-02,2.57944e-02,1.44404e-02,7.08737e-02,2.02718e-02
3.33910e-02,1.43095e-02,6.86130e-02,4.09944e-02,6.33813e-02,3.45250e-02,4.57306e-02,4.78960e-02,3.27881e-02,2.11193e-02,3.99142e-02,1.30743e-02,2.84180e-02,3.43823e-02,1.59694e-02,3.73679e-02,3.26107e-02,1.87997e-02,9.89491e-02,2.65846e-02
3.68010e-02,1.51084e-02,8.87460e-02,4.84113e-02,8.78377e-02,4.47237e-02,5.75836e-02,5.02391e-02,4.37717e-02,3.24616e-02,4.81792e-02,1.42056e-02,3.31280e-02,4.69216e-02,1.71753e-02,5.20860e-02,3.84326e-02,2.57940e-02,1.19728e-01,3.31018e-02
3.98057e-02,1.65396e-02,1.08017e-01,5.23299e-02,1.12477e-01,5.50096e-02,6.53920e-02,5.09398e-02,5.41910e-02,5.63953e-02,5.36291e-02,1.54561e-02,4.00921e-02,5.95234e-02,1.89447e-02,6.76484e-02,4.44963e-02,3.36597e-02,1.39715e-01,4.03255e-02
4.45066e-02,1.92730e-02,1.27737e-01,5.49782e-02,1.36150e-01,6.64821e-02,7.07144e-02,5.22990e-02,6.37913e-02,1.06433e-01,5.73147e-02,1.68788e-02,4.87469e-02,7.07154e-02,2.14683e-02,8.43344e-02,5.02487e-02,4.09412e-02,1.61054e-01,4.93091e-02
5.23075e-02,2.40773e-02,1.47660e-01,5.79153e-02,1.58840e-01,8.09804e-02,7.54061e-02,5.50179e-02,7.26370e-02,1.88730e-01,5.99023e-02,1.85358e-02,5.63107e-02,8.07502e-02,2.46891e-02,1.01749e-01,5.44612e-02,4.71450e-02,1.83505e-01,6.05511e-02
6.42436e-02,3.16290e-02,1.65485e-01,6.19699e-02,1.80984e-01,9.98464e-02,8.08216e-02,5.86173e-02,8.09666e-02,2.87376e-01,6.15729e-02,2.04984e-02,6.07042e-02,9.10720e-02,2.82955e-02,1.19151e-01,5.67421e-02,5.25695e-02,2.07090e-01,7.40058e-02
8.09231e-02,4.25110e-02,1.78274e-01,6.74051e-02,2.03644e-01,1.23230e-01,8.75985e-02,6.23087e-02,8.92696e-02,3.75823e-01,6.25994e-02,2.28474e-02,6.17120e-02,1.03191e-01,3.19626e-02,1.35886e-01,5.76999e-02,5.78806e-02,2.32234e-01,8.89384e-02
1.02968e-01,5.67043e-02,1.84377e-01,7.39958e-02,2.27853e-01,1.50127e-01,9.54435e-02,6.54032e-02,9.80167e-02,4.37954e-01,6.34296e-02,2.56737e-02,6.03055e-02,1.17974e-01,3.54023e-02,1.50985e-01,5.82568e-02,6.40409e-02,2.59014e-01,1.04315e-01
1.30652e-01,7.33333e-02,1.84051e-01,8.12332e-02,2.53686e-01,1.78476e-01,1.03244e-01,6.77403e-02,1.07768e-01,4.72739e-01,6.45146e-02,2.91036e-02,5.78728e-02,1.35674e-01,3.85739e-02,1.63972e-01,5.91650e-02,7.21268e-02,2.86842e-01,1.18929e-01
1.63637e-01,9.10123e-02,1.78637e-01,8.88001e-02,2.80373e-01,2.05705e-01,1.10265e-01,6.93238e-02,1.19174e-01,4.87565e-01,6.61503e-02,3.33086e-02,5.54137e-02,1.55666e-01,4.15986e-02,1.74708e-01,6.08852e-02,8.26328e-02,3.15042e-01,1.32144e-01
2.01563e-01,1.08194e-01,1.70025e-01,9.65890e-02,3.06250e-01,2.29122e-01,1.16275e-01,7.04237e-02,1.32946e-01,4.91404e-01,6.83812e-02,3.84742e-02,5.36940e-02,1.76599e-01,4.46766e-02,1.83582e-01,6.37272e-02,9.49003e-02,3.42817e-01,1.43712e-01
2.44453e-01,1.23660e-01,1.59955e-01,1.04767e-01,3.29130e-01,2.46784e-01,1.21735e-01,7.12506e-02,1.49880e-01,4.91484e-01,7.10250e-02,4.48022e-02,5.34005e-02,1.97122e-01,4.79978e-02,1.91564e-01,6.79041e-02,1.07267e-01,3.69936e-01,1.53827e-01
2.92899e-01,1.36755e-01,1.49608e-01,1.13710e-01,3.47066e-01,2.57785e-01,1.27348e-01,7.19789e-02,1.70730e-01,4.92379e-01,7.37805e-02,5.24886e-02,5.51659e-02,2.16261e-01,5.17048e-02,1.99952e-01,7.35045e-02,1.17731e-01,3.96246e-01,1.62802e-01
3.47157e-01,1.47219e-01,1.39835e-01,1.23734e-01,3.59306e-01,2.62370e-01,1.33625e-01,7.27862e-02,1.95949e-01,4.96330e-01,7.63397e-02,6.17243e-02,6.00027e-02,2.33688e-01,5.58601e-02,2.09894e-01,8.03625e-02,1.25018e-01,4.21747e-01,1.71494e-01
4.05964e-01,1.55167e-01,1.30981e-01,1.35169e-01,3.66002e-01,2.61422e-01,1.40554e-01,7.37267e-02,2.25505e-01,5.03834e-01,7.84626e-02,7.26961e-02,6.92941e-02,2.49553e-01,6.04235e-02,2.22298e-01,8.80834e-02,1.28743e-01,4.46339e-01,1.80670e-01
4.65887e-01,1.60918e-01,1.23352e-01,1.48208e-01,3.68001e-01,2.56243e-01,1.47703e-01,7.48156e-02,2.58408e-01,5.14360e-01,8.00953e-02,8.55961e-02,8.45788e-02,2.64072e-01,6.52982e-02,2.37728e-01,9.61156e-02,1.29267e-01,4.69967e-01,1.90772e-01
5.21887e-01,1.64924e-01,1.16850e-01,1.62996e-01,3.66274e-01,2.48202e-01,1.54332e-01,7.61385e-02,2.93017e-01,5.26817e-01,8.12664e-02,1.00631e-01,1.06762e-01,2.77421e-01,7.03909e-02,2.56369e-01,1.03896e-01,1.27395e-01,4.92467e-01,2.01995e-01
5.69444e-01,1.67691e-01,1.11501e-01,1.79647e-01,3.61648e-01,2.38505e-01,1.59870e-01,7.77103e-02,3.27171e-01,5.39965e-01,8.20410e-02,1.18032e-01,1.35330e-01,2.89494e-01,7.55482e-02,2.78197e-01,1.11072e-01,1.23997e-01,5.13784e-01,2.14320e-01
6.05853e-01,1.69699e-01,1.07088e-01,1.98126e-01,3.54739e-01,2.28191e-01,1.64110e-01,7.94970e-02,3.58852e-01,5.52675e-01,8.25789e-02,1.38066e-01,1.67862e-01,3.00267e-01,8.06816e-02,3.02908e-01,1.17575e-01,1.19865e-01,5.33993e-01,2.27322e-01
6.30911e-01,1.71381e-01,1.03425e-01,2.18404e-01,3.46020e-01,2.17962e-01,1.67115e-01,8.16353e-02,3.86472e-01,5.64140e-01,8.29718e-02,1.61040e-01,2.01155e-01,3.09571e-01,8.57847e-02,3.29947e-01,1.23480e-01,1.15625e-01,5.53388e-01,2.40717e-01
6.46417e-01,1.73007e-01,1.00306e-01,2.40424e-01,3.35863e-01,2.08374e-01,1.69156e-01,8.42389e-02,4.09108e-01,5.73918e-01,8.33117e-02,1.87271e-01,2.32330e-01,3.17433e-01,9.09221e-02,3.58350e-01,1.29175e-01,1.11795e-01,5.72430e-01,2.54257e-01
6.55033e-01,1.74816e-01,9.76064e-02,2.63978e-01,3.24629e-01,1.99789e-01,1.70526e-01,8.74363e-02,4.26592e-01,5.81871e-01,8.36869e-02,2.17064e-01,2.59677e-01,3.24171e-01,9.62236e-02,3.86893e-01,1.35120e-01,1.08774e-01,5.91093e-01,2.67676e-01
6.59196e-01,1.76897e-01,9.51143e-02,2.88933e-01,3.12743e-01,1.92380e-01,1.71667e-01,9.13352e-02,4.39246e-01,5.88249e-01,8.41406e-02,2.50649e-01,2.82728e-01,3.30173e-01,1.01915e-01,4.14284e-01,1.41868e-01,1.06911e-01,6.09128e-01,2.80974e-01
6.60925e-01,1.79195e-01,9.27914e-02,3.15032e-01,3.00580e-01,1.86239e-01,1.72882e-01,9.61235e-02,4.47813e-01,5.93465e-01,8.47160e-02,2.88057e-01,3.02029e-01,3.36061e-01,1.08289e-01,4.39591e-01,1.49924e-01,1.06522e-01,6.26166e-01,2.94333e-01
6.61468e-01,1.81703e-01,9.05535e-02,3.42141e-01,2.88522e-01,1.81491e-01,1.74471e-01,1.01875e-01,4.53275e-01,5.98138e-01,8.54322e-02,3.29124e-01,3.18445e-01,3.42361e-01,1.15691e-01,4.62234e-01,1.59664e-01,1.07827e-01,6.41559e-01,3.08130e-01
6.61499e-01,1.84372e-01,8.83683e-02,3.70050e-01,2.76730e-01,1.78107e-01,1.76630e-01,1.08543e-01,4.56651e-01,6.02947e-01,8.62914e-02,3.73463e-01,3.33038e-01,3.49475e-01,1.24448e-01,4.82200e-01,1.71326e-01,1.11103e-01,6.55153e-01,3.22887e-01
6.61128e-01,1.87192e-01,8.62965e-02,3.98588e-01,2.65512e-01,1.76131e-01,1.79476e-01,1.16223e-01,4.58899e-01,6.08583e-01,8.73048e-02,4.20482e-01,3.46787e-01,3.57568e-01,1.34954e-01,4.99950e-01,1.84814e-01,1.16454e-01,6.67015e-01,3.39382e-01
6.60223e-01,1.90197e-01,8.43142e-02,4.27624e-01,2.54982e-01,1.75602e-01,1.83057e-01,1.24735e-01,4.60934e-01,6.15756e-01,8.84716e-02,4.69416e-01,3.60507e-01,3.66710e-01,1.47466e-01,5.16288e-01,1.99766e-01,1.23767e-01,6.77438e-01,3.58443e-01
6.58571e-01,1.93440e-01,8.24337e-02,4.56979e-01,2.45172e-01,1.76527e-01,1.87464e-01,1.33941e-01,4.63530e-01,6.25124e-01,8.97621e-02,5.19407e-01,3.74722e-01,3.76689e-01,1.62113e-01,5.32339e-01,2.15600e-01,1.32756e-01,6.87290e-01,3.81047e-01
6.56056e-01,1.97083e-01,8.06645e-02,4.86607e-01,2.36184e-01,1.79058e-01,1.92667e-01,1.43745e-01,4.67310e-01,6.37285e-01,9.12123e-02,5.69639e-01,3.89781e-01,3.87253e-01,1.78911e-01,5.49334e-01,2.31601e-01,1.42943e-01,6.97340e-01,4.08201e-01
6.52634e-01,2.01343e-01,7.90324e-02,5.16371e-01,2.28121e-01,1.83290e-01,1.98541e-01,1.53969e-01,4.72637e-01,6.52743e-01,9.28699e-02,6.19380e-01,4.05838e-01,3.97962e-01,1.97718e-01,5.68620e-01,2.47054e-01,1.53644e-01,7.08704e-01,4.40818e-01
6.48542e-01,2.06486e-01,7.75058e-02,5.46370e-01,2.20882e-01,1.89433e-01,2.04964e-01,1.64532e-01,4.79718e-01,6.71905e-01,9.46866e-02,6.68056e-01,4.22929e-01,4.08592e-01,2.18261e-01,5.91506e-01,2.61495e-01,1.64115e-01,7.22204e-01,4.79348e-01
6.43986e-01,2.12711e-01,7.61396e-02,5.76628e-01,2.14489e-01,1.97681e-01,2.11685e-01,1.75230e-01,4.88445e-01,6.94999e-01,9.67430e-02,7.15275e-01,4.41090e-01,4.18934e-01,2.40349e-01,6.18990e-01,2.74583e-01,1.73645e-01,7.38719e-01,5.23626e-01
6.39459e-01,2.20329e-01,7.49531e-02,6.07305e-01,2.08846e-01,2.08169e-01,2.18598e-01,1.86051e-01,4.98612e-01,7.22232e-01,9.91074e-02,7.60834e-01,4.60137e-01,4.29018e-01,2.63807e-01,6.51441e-01,2.86153e-01,1.81761e-01,7.58599e-01,5.73052e-01
6.35424e-01,2.29469e-01,7.38542e-02,6.38440e-01,2.03977e-01,2.21007e-01,2.25630e-01,1.96923e-01,5.09960e-01,7.53533e-01,1.01857e-01,8.04733e-01,4.80056e-01,4.39201e-01,2.88552e-01,6.88678e-01,2.96176e-01,1.88081e-01,7.82143e-01,6.26446e-01
6.32360e-01,2.40271e-01,7.28868e-02,6.70136e-01,1.99710e-01,2.36190e-01,2.32738e-01,2.07842e-01,5.22205e-01,7.88852e-01,1.05165e-01,8.47082e-01,5.00960e-01,4.50335e-01,3.14558e-01,7.29508e-01,3.04772e-01,1.92440e-01,8.09241e-01,6.82283e-01
6.30777e-01,2.52670e-01,7.20832e-02,7.02451e-01,1.96075e-01,2.53449e-01,2.40048e-01,2.18784e-01,5.35323e-01,8.27843e-01,1.09123e-01,8.88121e-01,5.23011e-01,4.63590e-01,3.41769e-01,7.72081e-01,3.12059e-01,1.94892e-01,8.39639e-01,7.38959e-01
6.31044e-01,2.66514e-01,7.13914e-02,7.35394e-01,1.93042e-01,2.72302e-01,2.47772e-01,2.29693e-01,5.49393e-01,8.70262e-01,1.13888e-01,9.28208e-01,5.46556e-01,4.80466e-01,3.70052e-01,8.14201e-01,3.18143e-01,1.95644e-01,8.72636e-01,7.94868e-01
6.33399e-01,2.81451e-01,7.07998e-02,7.68852e-01,1.90529e-01,2.92139e-01,2.56221e-01,2.40641e-01,5.64830e-01,9.15553e-01,1.19562e-01,9.67734e-01,5.72185e-01,5.02627e-01,3.99039e-01,8.53792e-01,3.23257e-01,1.94942e-01,9.07480e-01,8.48797e-01
6.38019e-01,2.97074e-01,7.03210e-02,8.02790e-01,1.88451e-01,3.12343e-01,2.65693e-01,2.51649e-01,5.82084e-01,9.63358e-01,1.26183e-01,1.00707e+00,6.00868e-01,5.31468e-01,4.28284e-01,8.89211e-01,3.27508e-01,1.93076e-01,9.43601e-01,8.99543e-01
6.44698e-01,3.12876e-01,6.99353e-02,8.37001e-01,1.86792e-01,3.32303e-01,2.76554e-01,2.62707e-01,6.01674e-01,1.01304e+00,1.33684e-01,1.04662e+00,6.33666e-01,5.67318e-01,4.57232e-01,9.19462e-01,3.31079e-01,1.90338e-01,9.80251e-01,9.46141e-01
6.53011e-01,3.28416e-01,6.96423e-02,8.71282e-01,1.85530e-01,3.51595e-01,2.89130e-01,2.73769e-01,6.23971e-01,1.06415e+00,1.41873e-01,1.08673e+00,6.71660e-01,6.09149e-01,4.85238e-01,9.44270e-01,3.34047e-01,1.86924e-01,1.01680e+00,9.87990e-01
6.62408e-01,3.43281e-01,6.94133e-02,9.05314e-01,1.84526e-01,3.69998e-01,3.03639e-01,2.84867e-01,6.49336e-01,1.11610e+00,1.50475e-01,1.12775e+00,7.15970e-01,6.54210e-01,5.11997e-01,9.63770e-01,3.36543e-01,1.83124e-01,1.05258e+00,1.02468e+00
6.72203e-01,3.57149e-01,6.92676e-02,9.38841e-01,1.83807e-01,3.87527e-01,3.20237e-01,2.96060e-01,6.77584e-01,1.16850e+00,1.59059e-01,1.16997e+00,7.66983e-01,6.98867e-01,5.37080e-01,9.78636e-01,3.38679e-01,1.79081e-01,1.08749e+00,1.05596e+00
6.81626e-01,3.69827e-01,6.91721e-02,9.71526e-01,1.83319e-01,4.04260e-01,3.38918e-01,3.07393e-01,7.08399e-01,1.22087e+00,1.67286e-01,1.21363e+00,8.24703e-01,7.39470e-01,5.60363e-01,9.89477e-01,3.40465e-01,1.74947e-01,1.12112e+00,1.08185e+00
6.89971e-01,3.81212e-01,6.91475e-02,1.00310e+00,1.83085e-01,4.20435e-01,3.59592e-01,3.18985e-01,7.41199e-01,1.27285e+00,1.74836e-01,1.25890e+00,8.87893e-01,7.73164e-01,5.81824e-01,9.97012e-01,3.42064e-01,1.70823e-01,1.15327e+00,1.10242e+00
6.96743e-01,3.91345e-01,6.91279e-02,1.03323e+00,1.83003e-01,4.36191e-01,3.81923e-01,3.30858e-01,7.75165e-01,1.32412e+00,1.81467e-01,1.30591e+00,9.54700e-01,7.98487e-01,6.01288e-01,1.00206e+00,3.43501e-01,1.66791e-01,1.18413e+00,1.11804e+00
7.01498e-01,4.00287e-01,6.90836e-02,1.06166e+00,1.83053e-01,4.51505e-01,4.05556e-01,3.43377e-01,8.09458e-01,1.37449e+00,1.87065e-01,1.35471e+00,1.02261e+00,8.15152e-01,6.18790e-01,1.00520e+00,3.44907e-01,1.62917e-01,1.21328e+00,1.12899e+00
7.04104e-01,4.08196e-01,6.91096e-02,1.08837e+00,1.83229e-01,4.66392e-01,4.29880e-01,3.56407e-01,8.43272e-01,1.42382e+00,1.91589e-01,1.40529e+00,1.08900e+00,8.23945e-01,6.34220e-01,1.00705e+00,3.46331e-01,1.59234e-01,1.24086e+00,1.13588e+00
7.04477e-01,4.15222e-01,6.91610e-02,1.11325e+00,1.83533e-01,4.80627e-01,4.54330e-01,3.70141e-01,8.75961e-01,1.47202e+00,1.95110e-01,1.45755e+00,1.15140e+00,8.25961e-01,6.47481e-01,1.00803e+00,3.47872e-01,1.55755e-01,1.26657e+00,1.13916e+00
7.02821e-01,4.21529e-01,6.92335e-02,1.13635e+00,1.83877e-01,4.93948e-01,4.78131e-01,3.84646e-01,9.07047e-01,1.51923e+00,1.97733e-01,1.51132e+00,1.20798e+00,8.22552e-01,6.58375e-01,1.00868e+00,3.49617e-01,1.52530e-01,1.29015e+00,1.13943e+00
6.99235e-01,4.27350e-01,6.93101e-02,1.15782e+00,1.84311e-01,5.06103e-01,5.00810e-01,3.99976e-01,9.36196e-01,1.56544e+00,1.99637e-01,1.56631e+00,1.25755e+00,8.15033e-01,6.66902e-01,1.00942e+00,3.51666e-01,1.49515e-01,1.31156e+00,1.13738e+00
6.94086e-01,4.32799e-01,6.93872e-02,1.17799e+00,1.84784e-01,5.16912e-01,5.21772e-01,4.16075e-01,9.63196e-01,1.61080e+00,2.00998e-01,1.62226e+00,1.29976e+00,8.04487e-01,6.72890e-01,1.01062e+00,3.54078e-01,1.46782e-01,1.33048e+00,1.13353e+00
6.87689e-01,4.38092e-01,6.94691e-02,1.19714e+00,1.85287e-01,5.26262e-01,5.40767e-01,4.32880e-01,9.88074e-01,1.65546e+00,2.02048e-01,1.67884e+00,1.33435e+00,7.91908e-01,6.76383e-01,1.01249e+00,3.56965e-01,1.44256e-01,1.34689e+00,1.12844e+00
6.80280e-01,4.43343e-01,6.95713e-02,1.21568e+00,1.85848e-01,5.34250e-01,5.57680e-01,4.50320e-01,1.01080e+00,1.69932e+00,2.02975e-01,1.73564e+00,1.36174e+00,7.77952e-01,6.77522e-01,1.01527e+00,3.60409e-01,1.42017e-01,1.36043e+00,1.12269e+00
6.72088e-01,4.48685e-01,6.97057e-02,1.23407e+00,1.86392e-01,5.41063e-01,5.72496e-01,4.68160e-01,1.03140e+00,1.74237e+00,2.04009e-01,1.79218e+00,1.38263e+00,7.63231e-01,6.76414e-01,1.01908e+00,3.64438e-01,1.39954e-01,1.37110e+00,1.11679e+00
6.63477e-01,4.54212e-01,6.98617e-02,1.25275e+00,1.86932e-01,5.46963e-01,5.85354e-01,4.86310e-01,1.05008e+00,1.78422e+00,2.05326e-01,1.84811e+00,1.39772e+00,7.48207e-01,6.73224e-01,1.02396e+00,3.69096e-01,1.38106e-01,1.37879e+00,1.11111e+00
6.54657e-01,4.60029e-01,7.00100e-02,1.27222e+00,1.87530e-01,5.52113e-01,5.96529e-01,5.04650e-01,1.06682e+00,1.82464e+00,2.07081e-01,1.90303e+00,1.40783e+00,7.33254e-01,6.68211e-01,1.02992e+00,3.74419e-01,1.36423e-01,1.38347e+00,1.10596e+00
6.45746e-01,4.66222e-01,7.01890e-02,1.29294e+00,1.88114e-01,5.56863e-01,6.06507e-01,5.23078e-01,1.08198e+00,1.86314e+00,2.09457e-01,1.95660e+00,1.41369e+00,7.18569e-01,6.61632e-01,1.03671e+00,3.80423e-01,1.34920e-01,1.38535e+00,1.10144e+00
6.36915e-01,4.72870e-01,7.03492e-02,1.31545e+00,1.88666e-01,5.61422e-01,6.15537e-01,5.41577e-01,1.09558e+00,1.89923e+00,2.12696e-01,2.00852e+00,1.41620e+00,7.04320e-01,6.53765e-01,1.04428e+00,3.87123e-01,1.33621e-01,1.38459e+00,1.09771e+00
6.28259e-01,4.80139e-01,7.05121e-02,1.34029e+00,1.89157e-01,5.65896e-01,6.24074e-01,5.60216e-01,1.10789e+00,1.93253e+00,2.16827e-01,2.05854e+00,1.41608e+00,6.90618e-01,6.44842e-01,1.05238e+00,3.94488e-01,1.32463e-01,1.38131e+00,1.09480e+00
6.19911e-01,4.88013e-01,7.06319e-02,1.36792e+00,1.89611e-01,5.70435e-01,6.32411e-01,5.79071e-01,1.11901e+00,1.96258e+00,2.22010e-01,2.10652e+00,1.41376e+00,6.77490e-01,6.35185e-01,1.06086e+00,4.02506e-01,1.31495e-01,1.37578e+00,1.09251e+00
6.11941e-01,4.96657e-01,7.07618e-02,1.39889e+00,1.90107e-01,5.74976e-01,6.40799e-01,5.98294e-01,1.12928e+00,1.98917e+00,2.28175e-01,2.15239e+00,1.41012e+00,6.65063e-01,6.24867e-01,1.06944e+00,4.11018e-01,1.30653e-01,1.36834e+00,1.09079e+00
6.04300e-01,5.06271e-01,7.09117e-02,1.43365e+00,1.90600e-01,5.79512e-01,6.49459e-01,6.18201e-01,1.13885e+00,2.01209e+00,2.35329e-01,2.19611e+00,1.40548e+00,6.53318e-01,6.14223e-01,1.07794e+00,4.19991e-01,1.29967e-01,1.35933e+00,1.08937e+00
5.97128e-01,5.17069e-01,7.10531e-02,1.47256e+00,1.91110e-01,5.83750e-01,6.58609e-01,6.39319e-01,1.14802e+00,2.03144e+00,2.43304e-01,2.23775e+00,1.40020e+00,6.42346e-01,6.03398e-01,1.08624e+00,4.29362e-01,1.29395e-01,1.34914e+00,1.08807e+00
5.90448e-01,5.29220e-01,7.12161e-02,1.51584e+00,1.91620e-01,5.87726e-01,6.68248e-01,6.61931e-01,1.15694e+00,2.04731e+00,2.51954e-01,2.27754e+00,1.39482e+00,6.32126e-01,5.92491e-01,1.09429e+00,4.39046e-01,1.28949e-01,1.33796e+00,1.08672e+00
5.84232e-01,5.42945e-01,7.13938e-02,1.56362e+00,1.92018e-01,5.91185e-01,6.78384e-01,6.86702e-01,1.16578e+00,2.05988e+00,2.61019e-01,2.31564e+00,1.38948e+00,6.22604e-01,5.81635e-01,1.10203e+00,4.49029e-01,1.28598e-01,1.32616e+00,1.08504e+00
5.78499e-01,5.58551e-01,7.16005e-02,1.61587e+00,1.92426e-01,5.94006e-01,6.89057e-01,7.14235e-01,1.17488e+00,2.06964e+00,2.70229e-01,2.35233e+00,1.38446e+00,6.13804e-01,5.71034e-01,1.10945e+00,4.59274e-01,1.28336e-01,1.31408e+00,1.08288e+00
5.73241e-01,5.76279e-01,7.18128e-02,1.67230e+00,1.92840e-01,5.96140e-01,7.00151e-01,7.44961e-01,1.18439e+00,2.07699e+00,2.79335e-01,2.38796e+00,1.37978e+00,6.05703e-01,5.60716e-01,1.11677e+00,4.69791e-01,1.28155e-01,1.30191e+00,1.08038e+00
5.68442e-01,5.96470e-01,7.20127e-02,1.73235e+00,1.93256e-01,5.97515e-01,7.11473e-01,7.79532e-01,1.19444e+00,2.08232e+00,2.88121e-01,2.42286e+00,1.37563e+00,5.98326e-01,5.50725e-01,1.12406e+00,4.80744e-01,1.28032e-01,1.28979e+00,1.07734e+00
5.64123e-01,6.19226e-01,7.22444e-02,1.79541e+00,1.93624e-01,5.98097e-01,7.22886e-01,8.18167e-01,1.20519e+00,2.08630e+00,2.96411e-01,2.45740e+00,1.37200e+00,5.91544e-01,5.41112e-01,1.13156e+00,4.92321e-01,1.27969e-01,1.27793e+00,1.07383e+00
5.60271e-01,6.44813e-01,7.24087e-02,1.86059e+00,1.94007e-01,5.97935e-01,7.34393e-01,8.61219e-01,1.21665e+00,2.08930e+00,3.04030e-01,2.49195e+00,1.36892e+00,5.85430e-01,5.31971e-01,1.13956e+00,5.04732e-01,1.27951e-01,1.26667e+00,1.06982e+00
5.56788e-01,6.73262e-01,7.25520e-02,1.92700e+00,1.94364e-01,5.97073e-01,7.45704e-01,9.08389e-01,1.22895e+00,2.09200e+00,3.10917e-01,2.52692e+00,1.36629e+00,5.79924e-01,5.23250e-01,1.14830e+00,5.18203e-01,1.27963e-01,1.25601e+00,1.06536e+00
5.53679e-01,7.04544e-01,7.26716e-02,1.99376e+00,1.94682e-01,5.95561e-01,7.56987e-01,9.59139e-01,1.24180e+00,2.09489e+00,3.17043e-01,2.56264e+00,1.36418e+00,5.74988e-01,5.15040e-01,1.15812e+00,5.33091e-01,1.28063e-01,1.24604e+00,1.06056e+00
5.51042e-01,7.38578e-01,7.27652e-02,2.06035e+00,1.94983e-01,5.93450e-01,7.68065e-01,1.01259e+00,1.25532e+00,2.09857e+00,3.22401e-01,2.59951e+00,1.36254e+00,5.70525e-01,5.07292e-01,1.16941e+00,5.49762e-01,1.28163e-01,1.23698e+00,1.05554e+00
5.48689e-01,7.74996e-01,7.28583e-02,2.12622e+00,1.95225e-01,5.90888e-01,7.79031e-01,1.06747e+00,1.26921e+00,2.10364e+00,3.26986e-01,2.63782e+00,1.36102e+00,5.66696e-01,5.00057e-01,1.18253e+00,5.68530e-01,1.28323e-01,1.22895e+00,1.05042e+00
5.46667e-01,8.13508e-01,7.29323e-02,2.19125e+00,1.95477e-01,5.87931e-01,7.90084e-01,1.12237e+00,1.28323e+00,2.11060e+00,3.30864e-01,2.67780e+00,1.35981e+00,5.63336e-01,4.93321e-01,1.19785e+00,5.89700e-01,1.28511e-01,1.22189e+00,1.04516e+00
5.44994e-01,8.53463e-01,7.30289e-02,2.25544e+00,1.95712e-01,5.84630e-01,8.01359e-01,1.17582e+00,1.29704e+00,2.12018e+00,3.34064e-01,2.71962e+00,1.35871e+00,5.60405e-01,4.87071e-01,1.21573e+00,6.13573e-01,1.28663e-01,1.21592e+00,1.03996e+00
5.43504e-01,8.94266e-01,7.31200e-02,2.31918e+00,1.95973e-01,5.81123e-01,8.13098e-01,1.22652e+00,1.31036e+00,2.13276e+00,3.36675e-01,2.76347e+00,1.35773e+00,5.57907e-01,4.81291e-01,1.23649e+00,6.40317e-01,1.28840e-01,1.21097e+00,1.03482e+00
5.42338e-01,9.35322e-01,7.32077e-02,2.38286e+00,1.96248e-01,5.77393e-01,8.25641e-01,1.27339e+00,1.32286e+00,2.14915e+00,3.38728e-01,2.80942e+00,1.35674e+00,5.55809e-01,4.75988e-01,1.26069e+00,6.70155e-01,1.29023e-01,1.20715e+00,1.03001e+00
5.41389e-01,9.75828e-01,7.32904e-02,2.44711e+00,1.96486e-01,5.73611e-01,8.39394e-01,1.31569e+00,1.33425e+00,2.16963e+00,3.40314e-01,2.85752e+00,1.35590e+00,5.54085e-01,4.71157e-01,1.28859e+00,7.03089e-01,1.29204e-01,1.20424e+00,1.02536e+00
5.40663e-01,1.01510e+00,7.33829e-02,2.51246e+00,1.96685e-01,5.69701e-01,8.54711e-01,1.35293e+00,1.34434e+00,2.19487e+00,3.41381e-01,2.90769e+00,1.35506e+00,5.52671e-01,4.66748e-01,1.32052e+00,7.39157e-01,1.29401e-01,1.20242e+00,1.02101e+00
5.40100e-01,1.05260e+00,7.34550e-02,2.57953e+00,1.96855e-01,5.65741e-01,8.71942e-01,1.38484e+00,1.35293e+00,2.22506e+00,3.42080e-01,2.95980e+00,1.35420e+00,5.51584e-01,4.62762e-01,1.35678e+00,7.78391e-01,1.29603e-01,1.20149e+00,1.01706e+00
5.39724e-01,1.08775e+00,7.35121e-02,2.64883e+00,1.97031e-01,5.61793e-01,8.91436e-01,1.41161e+00,1.35978e+00,2.26060e+00,3.42309e-01,3.01378e+00,1.35342e+00,5.50753e-01,4.59196e-01,1.39734e+00,8.20947e-01,1.29799e-01,1.20129e+00,1.01354e+00
5.39544e-01,1.12021e+00,7.35255e-02,2.72066e+00,1.97184e-01,5.57901e-01,9.13445e-01,1.43331e+00,1.36508e+00,2.30160e+00,3.42187e-01,3.06936e+00,1.35279e+00,5.50147e-01,4.55985e-01,1.44248e+00,8.67179e-01,1.30017e-01,1.20186e+00,1.01050e+00
5.39454e-01,1.14957e+00,7.35964e-02,2.79517e+00,1.97299e-01,5.54036e-01,9.38134e-01,1.45039e+00,1.36866e+00,2.34792e+00,3.41680e-01,3.12617e+00,1.35227e+00,5.49708e-01,4.53155e-01,1.49200e+00,9.17525e-01,1.30207e-01,1.20313e+00,1.00798e+00
5.39535e-01,1.17574e+00,7.36687e-02,2.87247e+00,1.97433e-01,5.50291e-01,9.65508e-01,1.46324e+00,1.37059e+00,2.39951e+00,3.40870e-01,3.18392e+00,1.35196e+00,5.49562e-01,4.50678e-01,1.54552e+00,9.72568e-01,1.30372e-01,1.20479e+00,1.00601e+00
5.39707e-01,1.19856e+00,7.37313e-02,2.95257e+00,1.97490e-01,5.46652e-01,9.95318e-01,1.47228e+00,1.37098e+00,2.45579e+00,3.39744e-01,3.24229e+00,1.35176e+00,5.49519e-01,4.48501e-01,1.60260e+00,1.03279e+00,1.30532e-01,1.20692e+00,1.00466e+00
5.39907e-01,1.21811e+00,7.37884e-02,3.03508e+00,1.97539e-01,5.43111e-01,1.02718e+00,1.47809e+00,1.37000e+00,2.51629e+00,3.38336e-01,3.30092e+00,1.35176e+00,5.49621e-01,4.46618e-01,1.66239e+00,1.09846e+00,1.30704e-01,1.20920e+00,1.00401e+00
5.40169e-01,1.23447e+00,7.38238e-02,3.11985e+00,1.97640e-01,5.39699e-01,1.06052e+00,1.48107e+00,1.36780e+00,2.58039e+00,3.36688e-01,3.35946e+00,1.35214e+00,5.49910e-01,4.45034e-01,1.72402e+00,1.16951e+00,1.30875e-01,1.21160e+00,1.00413e+00
5.40568e-01,1.24782e+00,7.38452e-02,3.20673e+00,1.98012e-01,5.36375e-01,1.09465e+00,1.48170e+00,1.36457e+00,2.64732e+00,3.34849e-01,3.41752e+00,1.35266e+00,5.50301e-01,4.43669e-01,1.78641e+00,1.24509e+00,1.31057e-01,1.21408e+00,1.00515e+00
5.41035e-01,1.25838e+00,7.38805e-02,3.29554e+00,1.98128e-01,5.33172e-01,1.12879e+00,1.48028e+00,1.36042e+00,2.71654e+00,3.32794e-01,3.47475e+00,1.35347e+00,5.50794e-01,4.42538e-01,1.84822e+00,1.32392e+00,1.31237e-01,1.21638e+00,1.00705e+00
5.41637e-01,1.26632e+00,7.39220e-02,3.38592e+00,1.98109e-01,5.30139e-01,1.16213e+00,1.47725e+00,1.35558e+00,2.78725e+00,3.30597e-01,3.53085e+00,1.35444e+00,5.51304e-01,4.41660e-01,1.90839e+00,1.40427e+00,1.31412e-01,1.21844e+00,1.01000e+00
5.42169e-01,1.27199e+00,7.39536e-02,3.47795e+00,1.98052e-01,5.27219e-01,1.19410e+00,1.47305e+00,1.35022e+00,2.85896e+00,3.28270e-01,3.58553e+00,1.35568e+00,5.51867e-01,4.40922e-01,1.96576e+00,1.48410e+00,1.31583e-01,1.22016e+00,1.01408e+00
5.42765e-01,1.27565e+00,7.39525e-02,3.57179e+00,1.98034e-01,5.24456e-01,1.22420e+00,1.46780e+00,1.34439e+00,2.93121e+00,3.25809e-01,3.63858e+00,1.35704e+00,5.52525e-01,4.40365e-01,2.01938e+00,1.56150e+00,1.31716e-01,1.22169e+00,1.01952e+00
5.43414e-01,1.27761e+00,7.39790e-02,3.66729e+00,1.98037e-01,5.21842e-01,1.25204e+00,1.46195e+00,1.33836e+00,3.00373e+00,3.23328e-01,3.68970e+00,1.35858e+00,5.53239e-01,4.39950e-01,2.06871e+00,1.63480e+00,1.31861e-01,1.22290e+00,1.02646e+00
5.44070e-01,1.27809e+00,7.40368e-02,3.76430e+00,1.98021e-01,5.19411e-01,1.27741e+00,1.45571e+00,1.33215e+00,3.07632e+00,3.20782e-01,3.73866e+00,1.36012e+00,5.53947e-01,4.39667e-01,2.11318e+00,1.70263e+00,1.32015e-01,1.22378e+00,1.03505e+00
5.44675e-01,1.27736e+00,7.40404e-02,3.86281e+00,1.98005e-01,5.17121e-01,1.30015e+00,1.44931e+00,1.32587e+00,3.14894e+00,3.18202e-01,3.78546e+00,1.36183e+00,5.54686e-01,4.39557e-01,2.15271e+00,1.76393e+00,1.32161e-01,1.22416e+00,1.04546e+00
5.45292e-01,1.27565e+00,7.40626e-02,3.96239e+00,1.98031e-01,5.14979e-01,1.32040e+00,1.44306e+00,1.31966e+00,3.22159e+00,3.15591e-01,3.83011e+00,1.36335e+00,5.55423e-01,4.39521e-01,2.18735e+00,1.81819e+00,1.32301e-01,1.22423e+00,1.05782e+00
5.45910e-01,1.27324e+00,7.40846e-02,4.06261e+00,1.98090e-01,5.13030e-01,1.33818e+00,1.43715e+00,1.31352e+00,3.29443e+00,3.13025e-01,3.87254e+00,1.36476e+00,5.56207e-01,4.39578e-01,2.21701e+00,1.86507e+00,1.32426e-01,1.22389e+00,1.07232e+00
5.46498e-01,1.27032e+00,7.40815e-02,4.16276e+00,1.98209e-01,5.11229e-01,1.35365e+00,1.43169e+00,1.30755e+00,3.36762e+00,3.10507e-01,3.91273e+00,1.36613e+00,5.56990e-01,4.39705e-01,2.24225e+00,1.90464e+00,1.32530e-01,1.22311e+00,1.08918e+00
5.47112e-01,1.26709e+00,7.41230e-02,4.26186e+00,1.98394e-01,5.09537e-01,1.36703e+00,1.42700e+00,1.30182e+00,3.44123e+00,3.08041e-01,3.95081e+00,1.36732e+00,5.57772e-01,4.39918e-01,2.26325e+00,1.93712e+00,1.32629e-01,1.22211e+00,1.10862e+00
5.47723e-01,1.26377e+00,7.41629e-02,4.35913e+00,1.98621e-01,5.07976e-01,1.37850e+00,1.42320e+00,1.29635e+00,3.51545e+00,3.05646e-01,3.98696e+00,1.36825e+00,5.58577e-01,4.40188e-01,2.28070e+00,1.96295e+00,1.32742e-01,1.22084e+00,1.13071e+00
5.48293e-01,1.26061e+00,7.41860e-02,4.45359e+00,1.98847e-01,5.06563e-01,1.38822e+00,1.42049e+00,1.29112e+00,3.59026e+00,3.03343e-01,4.02125e+00,1.36906e+00,5.59358e-01,4.40456e-01,2.29487e+00,1.98274e+00,1.32818e-01,1.21940e+00,1.15558e+00
5.48824e-01,1.25772e+00,7.41861e-02,4.54438e+00,1.99050e-01,5.05306e-01,1.39636e+00,1.41899e+00,1.28613e+00,3.66577e+00,3.01124e-01,4.05389e+00,1.36970e+00,5.60116e-01,4.40772e-01,2.30630e+00,1.99726e+00,1.32861e-01,1.21774e+00,1.18345e+00
5.49366e-01,1.25533e+00,7.41733e-02,4.63076e+00,1.99199e-01,5.04130e-01,1.40305e+00,1.41890e+00,1.28155e+00,3.74186e+00,2.98979e-01,4.08524e+00,1.37011e+00,5.60836e-01,4.41084e-01,2.31552e+00,2.00724e+00,1.32944e-01,1.21593e+00,1.21427e+00
5.49899e-01,1.25366e+00,7.41728e-02,4.71208e+00,1.99263e-01,5.03123e-01,1.40846e+00,1.42026e+00,1.27723e+00,3.81840e+00,2.96938e-01,4.11559e+00,1.37025e+00,5.61536e-01,4.41450e-01,2.32284e+00,2.01335e+00,1.33046e-01,1.21403e+00,1.24798e+00
5.50389e-01,1.25291e+00,7.41532e-02,4.78799e+00,1.99257e-01,5.02168e-01,1.41259e+00,1.42321e+00,1.27322e+00,3.89522e+00,2.94928e-01,4.14523e+00,1.37018e+00,5.62208e-01,4.41845e-01,2.32878e+00,2.01625e+00,1.33122e-01,1.21206e+00,1.28450e+00
5.50901e-01,1.25328e+00,7.41531e-02,4.85797e+00,1.99186e-01,5.01313e-01,1.41557e+00,1.42777e+00,1.26954e+00,3.97198e+00,2.92990e-01,4.17453e+00,1.36990e+00,5.62851e-01,4.42210e-01,2.33388e+00,2.01655e+00,1.33167e-01,1.21008e+00,1.32347e+00
5.51447e-01,1.25511e+00,7.41431e-02,4.92162e+00,1.99040e-01,5.00586e-01,1.41745e+00,1.43402e+00,1.26619e+00,4.04845e+00,2.91145e-01,4.20387e+00,1.36942e+00,5.63459e-01,4.42582e-01,2.33844e+00,2.01478e+00,1.33194e-01,1.20808e+00,1.36457e+00
5.51984e-01,1.25864e+00,7.41037e-02,4.97865e+00,1.98816e-01,4.99953e-01,1.41824e+00,1.44184e+00,1.26316e+00,4.12437e+00,2.89414e-01,4.23363e+00,1.36876e+00,5.64063e-01,4.42953e-01,2.34299e+00,2.01146e+00,1.33218e-01,1.20594e+00,1.40734e+00
5.52559e-01,1.26429e+00,7.40843e-02,5.02922e+00,1.98571e-01,4.99449e-01,1.41808e+00,1.45119e+00,1.26043e+00,4.19952e+00,2.87793e-01,4.26427e+00,1.36797e+00,5.64636e-01,4.43337e-01,2.34796e+00,2.00707e+00,1.33240e-01,1.20381e+00,1.45112e+00
5.53181e-01,1.27237e+00,7.40810e-02,5.07322e+00,1.98325e-01,4.98975e-01,1.41700e+00,1.46183e+00,1.25801e+00,4.27370e+00,2.86292e-01,4.29620e+00,1.36700e+00,5.65181e-01,4.43711e-01,2.35383e+00,2.00180e+00,1.33254e-01,1.20182e+00,1.49542e+00
5.53892e-01,1.28333e+00,7.40571e-02,5.11086e+00,1.98068e-01,4.98609e-01,1.41515e+00,1.47354e+00,1.25583e+00,4.34672e+00,2.84914e-01,4.32980e+00,1.36595e+00,5.65691e-01,4.44103e-01,2.36100e+00,1.99578e+00,1.33252e-01,1.19992e+00,1.53940e+00
5.54710e-01,1.29767e+00,7.40625e-02,5.14234e+00,1.97797e-01,4.98233e-01,1.41252e+00,1.48618e+00,1.25395e+00,4.41857e+00,2.83664e-01,4.36557e+00,1.36484e+00,5.66142e-01,4.44570e-01,2.36994e+00,1.98925e+00,1.33238e-01,1.19808e+00,1.58253e+00
5.55677e-01,1.31583e+00,7.40337e-02,5.16803e+00,1.97564e-01,4.97935e-01,1.40918e+00,1.49959e+00,1.25234e+00,4.48930e+00,2.82487e-01,4.40394e+00,1.36369e+00,5.66570e-01,4.45038e-01,2.38120e+00,1.98230e+00,1.33253e-01,1.19628e+00,1.62429e+00
5.56843e-01,1.33839e+00,7.39860e-02,5.18836e+00,1.97339e-01,4.97656e-01,1.40522e+00,1.51355e+00,1.25094e+00,4.55905e+00,2.81422e-01,4.44519e+00,1.36251e+00,5.66982e-01,4.45457e-01,2.39512e+00,1.97495e+00,1.33278e-01,1.19452e+00,1.66428e+00
5.58234e-01,1.36582e+00,7.39375e-02,5.20383e+00,1.97088e-01,4.97466e-01,1.40069e+00,1.52779e+00,1.24984e+00,4.62814e+00,2.80470e-01,4.48980e+00,1.36130e+00,5.67330e-01,4.45881e-01,2.41214e+00,1.96723e+00,1.33300e-01,1.19302e+00,1.70214e+00
5.59895e-01,1.39852e+00,7.39119e-02,5.21510e+00,1.96835e-01,4.97306e-01,1.39571e+00,1.54201e+00,1.24888e+00,4.69692e+00,2.79543e-01,4.53812e+00,1.36011e+00,5.67618e-01,4.46318e-01,2.43251e+00,1.95925e+00,1.33309e-01,1.19159e+00,1.73772e+00
5.61881e-01,1.43693e+00,7.38974e-02,5.22275e+00,1.96570e-01,4.97261e-01,1.39034e+00,1.55624e+00,1.24808e+00,4.76589e+00,2.78696e-01,4.59041e+00,1.35896e+00,5.67866e-01,4.46732e-01,2.45663e+00,1.95093e+00,1.33296e-01,1.19026e+00,1.77078e+00
5.64293e-01,1.48116e+00,7.38585e-02,5.22717e+00,1.96322e-01,4.97231e-01,1.38463e+00,1.57018e+00,1.24747e+00,4.83562e+00,2.77935e-01,4.64702e+00,1.35783e+00,5.68109e-01,4.47117e-01,2.48437e+00,1.94238e+00,1.33256e-01,1.18889e+00,1.80156e+00
5.67144e-01,1.53133e+00,7.37971e-02,5.22908e+00,1.96098e-01,4.97268e-01,1.37866e+00,1.58390e+00,1.24698e+00,4.90670e+00,2.77281e-01,4.70815e+00,1.35675e+00,5.68387e-01,4.47506e-01,2.51571e+00,1.93358e+00,1.33201e-01,1.18762e+00,1.83010e+00
5.70499e-01,1.58725e+00,7.37676e-02,5.22906e+00,1.95910e-01,4.97272e-01,1.37249e+00,1.59728e+00,1.24669e+00,4.97971e+00,2.76737e-01,4.77401e+00,1.35570e+00,5.68690e-01,4.47859e-01,2.55028e+00,1.92451e+00,1.33159e-01,1.18646e+00,1.85656e+00
5.74402e-01,1.64860e+00,7.37398e-02,5.22768e+00,1.95726e-01,4.97264e-01,1.36616e+00,1.61033e+00,1.24644e+00,5.05533e+00,2.76239e-01,4.84485e+00,1.35470e+00,5.68989e-01,4.48205e-01,2.58748e+00,1.91515e+00,1.33127e-01,1.18545e+00,1.88129e+00
5.78826e-01,1.71461e+00,7.37188e-02,5.22527e+00,1.95496e-01,4.97291e-01,1.35982e+00,1.62324e+00,1.24636e+00,5.13410e+00,2.75837e-01,4.92063e+00,1.35376e+00,5.69269e-01,4.48570e-01,2.62680e+00,1.90556e+00,1.33095e-01,1.18450e+00,1.90473e+00
5.83720e-01,1.78458e+00,7.37066e-02,5.22221e+00,1.95276e-01,4.97350e-01,1.35341e+00,1.63607e+00,1.24638e+00,5.21653e+00,2.75444e-01,5.00131e+00,1.35290e+00,5.69523e-01,4.48921e-01,2.66725e+00,1.89590e+00,1.33034e-01,1.18369e+00,1.92721e+00
5.89043e-01,1.85761e+00,7.36621e-02,5.21914e+00,1.95088e-01,4.97385e-01,1.34694e+00,1.64888e+00,1.24647e+00,5.30301e+00,2.75069e-01,5.08707e+00,1.35216e+00,5.69769e-01,4.49239e-01,2.70808e+00,1.88613e+00,1.32960e-01,1.18296e+00,1.94907e+00
5.94649e-01,1.93260e+00,7.35937e-02,5.21645e+00,1.94939e-01,4.97443e-01,1.34051e+00,1.66191e+00,1.24662e+00,5.39376e+00,2.74738e-01,5.17770e+00,1.35145e+00,5.69978e-01,4.49554e-01,2.74821e+00,1.87632e+00,1.32915e-01,1.18231e+00,1.97086e+00
6.00391e-01,2.00858e+00,7.35487e-02,5.21451e+00,1.94795e-01,4.97489e-01,1.33416e+00,1.67535e+00,1.24684e+00,5.48879e+00,2.74477e-01,5.27296e+00,1.35082e+00,5.70171e-01,4.49868e-01,2.78692e+00,1.86647e+00,1.32878e-01,1.18168e+00,1.99309e+00
6.06074e-01,2.08476e+00,7.34860e-02,5.21371e+00,1.94630e-01,4.97577e-01,1.32791e+00,1.68948e+00,1.24707e+00,5.58810e+00,2.74293e-01,5.37265e+00,1.35028e+00,5.70328e-01,4.50184e-01,2.82341e+00,1.85669e+00,1.32838e-01,1.18114e+00,2.01617e+00
6.11505e-01,2.16032e+00,7.34108e-02,5.21446e+00,1.94432e-01,4.97661e-01,1.32176e+00,1.70450e+00,1.24735e+00,5.69115e+00,2.74158e-01,5.47651e+00,1.34982e+00,5.70458e-01,4.50491e-01,2.85715e+00,1.84709e+00,1.32772e-01,1.18060e+00,2.04066e+00
6.16491e-01,2.23458e+00,7.33520e-02,5.21721e+00,1.94214e-01,4.97733e-01,1.31576e+00,1.72075e+00,1.24767e+00,5.79779e+00,2.74069e-01,5.58455e+00,1.34945e+00,5.70591e-01,4.50755e-01,2.88791e+00,1.83768e+00,1.32676e-01,1.18007e+00,2.06720e+00
6.20875e-01,2.30726e+00,7.39119e-02,5.22220e+00,1.94976e-01,4.97816e-01,1.30995e+00,1.73853e+00,1.24842e+00,5.90685e+00,2.74028e-01,5.69542e+00,1.34913e+00,5.70705e-01,4.51007e-01,2.91515e+00,1.82851e+00,1.33157e-01,1.17957e+00,2.09623e+00
6.24523e-01,2.37858e+00,7.49816e-02,5.22983e+00,1.95843e-01,4.97851e-01,1.30432e+00,1.75817e+00,1.24922e+00,6.01872e+00,2.74015e-01,5.80963e+00,1.34885e+00,5.70774e-01,4.51264e-01,2.93910e+00,1.81954e+00,1.33291e-01,1.17911e+00,2.12811e+00
6.27322e-01,2.44707e+00,7.63576e-02,5.24058e+00,1.96628e-01,4.97886e-01,1.29886e+00,1.77996e+00,1.25069e+00,6.13233e+00,2.74020e-01,5.92565e+00,1.34863e+00,5.70806e-01,4.51497e-01,2.95957e+00,1.81086e+00,1.33418e-01,1.17874e+00,2.16335e+00
6.29262e-01,2.51347e+00,7.79005e-02,5.25480e+00,1.97791e-01,4.97961e-01,1.29363e+00,1.80436e+00,1.25294e+00,6.24576e+00,2.74032e-01,6.04336e+00,1.34851e+00,5.71551e-01,4.51699e-01,2.97681e+00,1.80253e+00,1.33665e-01,1.17842e+00,2.20217e+00
6.30271e-01,2.57808e+00,7.91972e-02,5.27280e+00,1.99058e-01,4.98037e-01,1.28861e+00,1.83154e+00,1.25516e+00,6.35916e+00,2.74042e-01,6.16217e+00,1.34844e+00,5.72002e-01,4.51886e-01,2.99115e+00,1.79456e+00,1.34065e-01,1.17814e+00,2.24451e+00
6.30401e-01,2.64098e+00,8.01576e-02,5.29496e+00,2.00370e-01,4.98097e-01,1.28385e+00,1.86185e+00,1.25734e+00,6.47113e+00,2.74064e-01,6.28149e+00,1.34842e+00,5.72300e-01,4.52066e-01,3.00269e+00,1.78697e+00,1.34524e-01,1.17779e+00,2.29046e+00
6.29761e-01,2.70240e+00,8.08607e-02,5.32160e+00,2.01801e-01,4.98150e-01,1.27930e+00,1.89552e+00,1.25953e+00,6.58022e+00,2.74092e-01,6.40078e+00,1.34846e+00,5.72706e-01,4.52244e-01,3.01190e+00,1.77974e+00,1.34960e-01,1.17744e+00,2.33943e+00
6.28377e-01,2.76234e+00,8.13663e-02,5.35314e+00,2.03285e-01,4.98206e-01,1.27496e+00,1.93294e+00,1.26151e+00,6.68533e+00,2.74134e-01,6.51966e+00,1.34859e+00,5.73139e-01,4.52420e-01,3.01905e+00,1.77304e+00,1.35362e-01,1.17713e+00,2.39098e+00
6.26356e-01,2.82091e+00,8.16681e-02,5.38988e+00,2.04658e-01,4.98259e-01,1.27082e+00,1.97382e+00,1.26339e+00,6.78606e+00,2.74205e-01,6.63753e+00,1.34878e+00,5.73597e-01,4.52583e-01,3.02427e+00,1.76672e+00,1.35724e-01,1.17686e+00,2.44416e+00
6.23856e-01,2.87815e+00,8.18403e-02,5.43186e+00,2.05828e-01,4.98302e-01,1.26694e+00,2.01835e+00,1.26507e+00,6.88183e+00,2.74272e-01,6.75400e+00,1.34907e+00,5.74029e-01,4.52736e-01,3.02792e+00,1.76087e+00,1.36042e-01,1.17659e+00,2.49804e+00
6.20937e-01,2.93411e+00,8.18996e-02,5.47926e+00,2.07463e-01,4.98329e-01,1.26324e+00,2.06615e+00,1.26725e+00,6.97232e+00,2.74333e-01,6.86884e+00,1.34944e+00,5.74409e-01,4.52878e-01,3.03041e+00,1.75550e+00,1.36313e-01,1.17629e+00,2.55166e+00
6.17666e-01,2.98899e+00,8.18336e-02,5.53214e+00,2.08773e-01,4.98331e-01,1.25977e+00,2.11700e+00,1.26974e+00,7.05748e+00,2.74409e-01,6.98197e+00,1.34979e+00,5.74742e-01,4.53016e-01,3.03178e+00,1.75134e+00,1.37010e-01,1.17594e+00,2.60373e+00
6.14213e-01,3.04281e+00,8.16548e-02,5.59009e+00,2.10111e-01,4.98304e-01,1.25650e+00,2.17032e+00,1.27271e+00,7.13684e+00,2.74504e-01,7.09319e+00,1.35011e+00,5.75064e-01,4.53131e-01,3.03211e+00,1.74716e+00,1.37317e-01,1.17564e+00,2.65356e+00
6.10626e-01,3.09579e+00,8.13739e-02,5.65282e+00,2.11698e-01,4.98278e-01,1.25349e+00,2.22572e+00,1.27614e+00,7.21085e+00,2.74587e-01,7.20231e+00,1.35039e+00,5.75371e-01,4.53219e-01,3.03168e+00,1.74326e+00,1.37527e-01,1.17540e+00,2.70033e+00
6.06947e-01,3.14795e+00,8.09918e-02,5.72004e+00,2.13508e-01,4.98255e-01,1.25070e+00,2.28269e+00,1.27975e+00,7.27949e+00,2.74657e-01,7.30946e+00,1.35061e+00,5.75673e-01,4.53280e-01,3.03066e+00,1.73953e+00,1.37740e-01,1.17508e+00,2.74330e+00
6.03288e-01,3.19945e+00,8.05147e-02,5.79097e+00,2.15680e-01,4.98218e-01,1.24812e+00,2.34034e+00,1.28340e+00,7.34304e+00,2.74711e-01,7.41491e+00,1.35072e+00,5.75942e-01,4.53312e-01,3.02917e+00,1.73615e+00,1.37932e-01,1.17472e+00,2.78214e+00
5.99685e-01,3.25047e+00,8.00135e-02,5.86486e+00,2.18322e-01,4.98163e-01,1.24576e+00,2.39816e+00,1.28708e+00,7.40202e+00,2.74753e-01,7.51890e+00,1.35079e+00,5.76173e-01,4.53312e-01,3.02738e+00,1.73317e+00,1.38050e-01,1.17435e+00,2.81672e+00
5.96208e-01,3.30118e+00,7.94625e-02,5.94111e+00,2.21341e-01,4.98118e-01,1.24357e+00,2.45566e+00,1.29080e+00,7.45669e+00,2.74807e-01,7.62181e+00,1.35086e+00,5.76359e-01,4.53295e-01,3.02526e+00,1.73057e+00,1.38064e-01,1.17394e+00,2.84694e+00
5.92875e-01,3.35176e+00,7.89043e-02,6.01899e+00,2.24492e-01,4.98088e-01,1.24153e+00,2.51246e+00,1.29471e+00,7.50714e+00,2.74907e-01,7.72399e+00,1.35089e+00,5.76473e-01,4.53237e-01,3.02290e+00,1.72830e+00,1.38005e-01,1.17351e+00,2.87295e+00
5.89733e-01,3.40238e+00,7.83495e-02,6.09761e+00,2.27241e-01,4.98057e-01,1.23966e+00,2.56823e+00,1.29880e+00,7.55415e+00,2.74977e-01,7.82596e+00,1.35089e+00,5.76522e-01,4.53143e-01,3.02033e+00,1.72637e+00,1.37911e-01,1.17312e+00,2.89508e+00
5.86772e-01,3.45323e+00,7.78142e-02,6.17645e+00,2.29309e-01,4.98003e-01,1.23794e+00,2.62281e+00,1.30305e+00,7.59760e+00,2.75018e-01,7.92820e+00,1.35087e+00,5.76527e-01,4.53038e-01,3.01755e+00,1.72480e+00,1.37775e-01,1.17274e+00,2.91343e+00
5.84000e-01,3.50456e+00,7.73115e-02,6.25454e+00,2.30544e-01,4.97930e-01,1.23636e+00,2.67614e+00,1.30737e+00,7.63808e+00,2.75064e-01,8.03119e+00,1.35085e+00,5.76472e-01,4.52933e-01,3.01460e+00,1.72353e+00,1.37653e-01,1.17235e+00,2.92853e+00
5.81494e-01,3.55654e+00,7.68510e-02,6.33176e+00,2.31008e-01,4.97855e-01,1.23496e+00,2.72824e+00,1.31161e+00,7.67583e+00,2.75105e-01,8.13546e+00,1.35078e+00,5.76367e-01,4.52803e-01,3.01151e+00,1.72252e+00,1.37541e-01,1.17200e+00,2.94071e+00
5.79198e-01,3.60945e+00,7.64292e-02,6.40772e+00,2.30868e-01,4.97775e-01,1.23368e+00,2.77927e+00,1.31571e+00,7.71097e+00,2.75146e-01,8.24139e+00,1.35066e+00,5.76197e-01,4.52651e-01,3.00829e+00,1.72178e+00,1.37453e-01,1.17168e+00,2.95030e+00
5.77107e-01,3.66347e+00,7.60524e-02,6.48212e+00,2.30363e-01,4.97668e-01,1.23257e+00,2.82956e+00,1.31952e+00,7.74411e+00,2.75155e-01,8.34925e+00,1.35051e+00,5.75984e-01,4.52489e-01,3.00495e+00,1.72127e+00,1.37384e-01,1.17130e+00,2.95782e+00
5.75237e-01,3.71887e+00,7.57223e-02,6.55521e+00,2.29631e-01,4.97526e-01,1.23155e+00,2.87935e+00,1.32294e+00,7.77512e+00,2.75163e-01,8.45949e+00,1.35025e+00,5.75703e-01,4.52311e-01,3.00157e+00,1.72097e+00,1.37333e-01,1.17088e+00,2.96341e+00
5.73544e-01,3.77582e+00,7.54269e-02,6.62712e+00,2.28708e-01,4.97380e-01,1.23066e+00,2.92911e+00,1.32594e+00,7.80470e+00,2.75184e-01,8.57234e+00,1.34996e+00,5.75362e-01,4.52138e-01,2.99817e+00,1.72086e+00,1.37282e-01,1.17042e+00,2.96758e+00
5.72009e-01,3.83469e+00,7.51488e-02,6.69806e+00,2.27627e-01,4.97222e-01,1.22985e+00,2.97919e+00,1.32845e+00,7.83265e+00,2.75194e-01,8.68797e+00,1.34963e+00,5.74955e-01,4.51970e-01,2.99480e+00,1.72093e+00,1.37254e-01,1.16993e+00,2.97046e+00
5.70624e-01,3.89569e+00,7.49101e-02,6.76839e+00,2.26364e-01,4.97056e-01,1.22913e+00,3.02983e+00,1.33056e+00,7.85961e+00,2.75207e-01,8.80662e+00,1.34925e+00,5.74471e-01,4.51804e-01,2.99141e+00,1.72115e+00,1.37258e-01,1.16938e+00,2.97228e+00
5.69446e-01,3.95912e+00,7.46907e-02,6.83802e+00,2.24916e-01,4.96890e-01,1.22853e+00,3.08155e+00,1.33214e+00,7.88546e+00,2.75227e-01,8.92825e+00,1.34885e+00,5.73934e-01,4.51638e-01,2.98808e+00,1.72156e+00,1.37255e-01,1.16882e+00,2.97330e+00
5.68366e-01,4.02517e+00,7.44510e-02,6.90766e+00,2.23257e-01,4.96715e-01,1.22801e+00,3.13457e+00,1.33336e+00,7.91071e+00,2.75260e-01,9.05291e+00,1.34846e+00,5.73338e-01,4.51486e-01,2.98483e+00,1.72208e+00,1.37294e-01,1.16831e+00,2.97370e+00
5.67420e-01,4.09406e+00,7.42016e-02,6.97737e+00,2.21395e-01,4.96548e-01,1.22755e+00,3.18892e+00,1.33413e+00,7.93537e+00,2.75305e-01,9.18065e+00,1.34803e+00,5.72722e-01,4.51325e-01,2.98175e+00,1.72268e+00,1.37381e-01,1.16778e+00,2.97361e+00
5.66586e-01,4.16601e+00,7.39618e-02,7.04733e+00,2.19343e-01,4.96397e-01,1.22717e+00,3.24493e+00,1.33455e+00,7.95966e+00,2.75351e-01,9.31119e+00,1.34753e+00,5.72089e-01,4.51158e-01,2.97885e+00,1.72333e+00,1.37490e-01,1.16723e+00,2.97320e+00
5.65784e-01,4.24121e+00,7.37334e-02,7.11752e+00,2.17147e-01,4.96265e-01,1.22687e+00,3.30260e+00,1.33459e+00,7.98381e+00,2.75393e-01,9.44425e+00,1.34702e+00,5.71442e-01,4.50994e-01,2.97618e+00,1.72404e+00,1.37670e-01,1.16669e+00,2.97243e+00
5.65046e-01,4.31968e+00,7.35058e-02,7.18790e+00,2.14859e-01,4.96127e-01,1.22662e+00,3.36177e+00,1.33436e+00,8.00787e+00,2.75407e-01,9.57984e+00,1.34655e+00,5.70798e-01,4.50814e-01,2.97378e+00,1.72479e+00,1.37889e-01,1.16619e+00,2.97149e+00
5.64327e-01,4.40169e+00,7.32913e-02,7.25832e+00,2.12525e-01,4.95942e-01,1.22644e+00,3.42225e+00,1.33383e+00,8.03209e+00,2.75393e-01,9.71766e+00,1.34599e+00,5.70156e-01,4.50630e-01,2.97179e+00,1.72554e+00,1.38151e-01,1.16571e+00,2.97040e+00
5.63592e-01,4.48714e+00,7.30848e-02,7.32860e+00,2.10205e-01,4.95745e-01,1.22629e+00,3.48363e+00,1.33307e+00,8.05654e+00,2.75368e-01,9.85725e+00,1.34540e+00,5.69517e-01,4.50445e-01,2.97016e+00,1.72628e+00,1.38441e-01,1.16533e+00,2.96932e+00
5.62853e-01,4.57636e+00,7.28985e-02,7.39860e+00,2.07982e-01,4.95530e-01,1.22616e+00,3.54571e+00,1.33207e+00,8.08125e+00,2.75345e-01,9.99831e+00,1.34477e+00,5.68895e-01,4.50263e-01,2.96910e+00,1.72698e+00,1.38746e-01,1.16497e+00,2.96818e+00
5.62106e-01,4.66914e+00,7.27228e-02,7.46815e+00,2.05852e-01,4.95299e-01,1.22607e+00,3.60812e+00,1.33091e+00,8.10622e+00,2.75318e-01,1.01406e+01,1.34413e+00,5.68287e-01,4.50082e-01,2.96861e+00,1.72766e+00,1.39047e-01,1.16468e+00,2.96708e+00
5.61319e-01,4.76559e+00,7.25457e-02,7.53705e+00,2.03827e-01,4.95054e-01,1.22601e+00,3.66990e+00,1.32955e+00,8.13152e+00,2.75289e-01,1.02838e+01,1.34345e+00,5.67700e-01,4.49873e-01,2.96882e+00,1.72831e+00,1.39331e-01,1.16453e+00,2.96606e+00
5.60487e-01,4.86568e+00,7.23510e-02,7.60526e+00,2.01934e-01,4.94777e-01,1.22597e+00,3.73085e+00,1.32808e+00,8.15712e+00,2.75248e-01,1.04271e+01,1.34275e+00,5.67160e-01,4.49655e-01,2.96990e+00,1.72892e+00,1.39593e-01,1.16445e+00,2.96510e+00
5.59673e-01,4.96921e+00,7.21683e-02,7.67277e+00,2.00193e-01,4.94516e-01,1.22594e+00,3.79042e+00,1.32653e+00,8.18287e+00,2.75215e-01,1.05704e+01,1.34203e+00,5.66673e-01,4.49449e-01,2.97189e+00,1.72950e+00,1.39822e-01,1.16441e+00,2.96416e+00
5.58818e-01,5.07597e+00,7.19987e-02,7.73948e+00,1.98593e-01,4.94245e-01,1.22591e+00,3.84802e+00,1.32491e+00,8.20883e+00,2.75193e-01,1.07132e+01,1.34129e+00,5.66240e-01,4.49236e-01,2.97488e+00,1.73002e+00,1.39995e-01,1.16446e+00,2.96331e+00
5.57945e-01,5.18576e+00,7.18284e-02,7.80590e+00,1.97127e-01,4.93987e-01,1.22592e+00,3.90328e+00,1.32327e+00,8.23488e+00,2.75153e-01,1.08548e+01,1.34055e+00,5.65857e-01,4.49023e-01,2.97907e+00,1.73053e+00,1.40116e-01,1.16456e+00,2.96255e+00
5.57085e-01,5.29824e+00,7.16577e-02,7.87226e+00,1.95797e-01,4.93738e-01,1.22597e+00,3.95581e+00,1.32163e+00,8.26088e+00,2.75083e-01,1.09949e+01,1.33981e+00,5.65532e-01,4.48805e-01,2.98471e+00,1.73103e+00,1.40161e-01,1.16467e+00,2.96185e+00
5.56209e-01,5.41297e+00,7.15207e-02,7.93895e+00,1.94596e-01,4.93469e-01,1.22597e+00,4.00516e+00,1.32002e+00,8.28662e+00,2.75000e-01,1.11330e+01,1.33900e+00,5.65250e-01,4.48584e-01,2.99192e+00,1.73153e+00,1.40127e-01,1.16480e+00,2.96127e+00
5.55356e-01,5.52943e+00,7.13851e-02,8.00656e+00,1.93487e-01,4.93175e-01,1.22595e+00,4.05150e+00,1.31841e+00,8.31199e+00,2.74904e-01,1.12687e+01,1.33818e+00,5.65013e-01,4.48366e-01,3.00075e+00,1.73205e+00,1.40037e-01,1.16491e+00,2.96072e+00
5.54521e-01,5.64708e+00,7.12603e-02,8.07554e+00,1.92490e-01,4.92871e-01,1.22594e+00,4.09428e+00,1.31681e+00,8.33683e+00,2.74813e-01,1.14017e+01,1.33736e+00,5.64814e-01,4.48156e-01,3.01150e+00,1.73266e+00,1.39852e-01,1.16493e+00,2.96029e+00
5.53697e-01,5.76525e+00,7.11596e-02,8.14638e+00,1.91582e-01,4.92601e-01,1.22595e+00,4.13346e+00,1.31523e+00,8.36102e+00,2.74723e-01,1.15314e+01,1.33652e+00,5.64650e-01,4.47947e-01,3.02439e+00,1.73333e+00,1.39586e-01,1.16486e+00,2.95989e+00
5.52913e-01,5.88326e+00,7.11466e-02,8.21974e+00,1.92025e-01,4.92363e-01,1.22599e+00,4.16925e+00,1.31363e+00,8.38428e+00,2.74636e-01,1.16577e+01,1.33571e+00,5.64509e-01,4.47729e-01,3.03971e+00,1.73403e+00,1.39236e-01,1.16463e+00,2.95958e+00
5.52135e-01,6.00033e+00,7.98257e-02,8.29613e+00,2.12908e-01,4.92116e-01,1.22599e+00,4.20158e+00,1.31202e+00,8.40653e+00,2.74573e-01,1.17805e+01,1.33495e+00,5.64375e-01,4.47497e-01,3.05739e+00,1.73482e+00,1.38809e-01,1.16434e+00,2.95934e+00
5.51362e-01,6.11571e+00,1.27385e-01,8.37572e+00,5.17192e-01,4.91865e-01,1.22597e+00,4.23055e+00,1.31039e+00,8.42941e+00,2.74517e-01,1.18996e+01,1.33420e+00,5.64257e-01,4.47253e-01,3.07772e+00,1.73568e+00,1.38344e-01,1.16394e+00,2.95913e+00
5.50626e-01,6.23269e+00,2.28512e-01,8.46045e+00,2.47428e+00,4.95953e-01,1.23050e+00,4.25847e+00,1.30872e+00,8.45257e+00,2.74965e-01,1.20165e+01,1.33342e+00,5.64207e-01,4.50318e-01,3.10086e+00,1.73661e+00,1.37824e-01,1.16340e+00,2.95897e+00
5.49874e-01,6.35210e+00,3.60394e-01,8.55764e+00,8.35301e+00,5.10765e-01,1.26532e+00,4.29711e+00,1.30907e+00,8.47972e+00,2.78640e-01,1.21306e+01,1.33268e+00,5.64312e-01,4.54960e-01,3.12668e+00,1.73898e+00,1.37349e-01,1.17393e+00,2.95881e+00
5.52043e-01,6.46378e+00,5.00999e-01,8.66814e+00,1.50145e+01,5.31789e-01,1.62910e+00,4.33957e+00,1.31273e+00,8.51027e+00,2.84279e-01,1.22413e+01,1.33269e+00,5.67385e-01,4.57761e-01,3.15828e+00,1.74410e+00,1.39476e-01,1.18854e+00,2.96291e+00
5.55157e-01,6.56794e+00,6.75943e-01,8.78900e+00,2.21699e+01,5.65734e-01,2.11284e+00,4.36786e+00,1.31619e+00,8.54514e+00,2.90963e-01,1.23497e+01,1.33610e+00,5.72274e-01,4.60440e-01,3.19562e+00,1.74985e+00,1.40361e-01,1.20742e+00,2.97252e+00
5.57827e-01,6.67169e+00,9.13424e-01,8.90714e+00,3.16906e+01,6.05228e-01,2.20513e+00,4.38920e+00,1.31949e+00,8.58289e+00,2.95932e-01,1.24557e+01,1.34024e+00,5.76851e-01,4.64196e-01,3.23822e+00,1.75530e+00,1.41472e-01,1.22360e+00,2.98314e+00
5.59230e-01,6.77365e+00,1.13988e+00,9.02076e+00,5.02869e+01,6.39572e-01,2.16320e+00,4.40573e+00,1.32321e+00,8.62132e+00,2.99150e-01,1.25596e+01,1.34427e+00,5.81573e-01,4.68804e-01,3.28773e+00,1.75980e+00,1.43966e-01,1.23667e+00,2.99974e+00
5.60320e-01,6.87153e+00,1.27365e+00,9.13626e+00,6.48276e+01,6.68172e-01,2.13268e+00,4.41688e+00,1.32674e+00,8.65903e+00,3.01448e-01,1.26619e+01,1.35072e+00,5.86850e-01,4.73468e-01,3.34338e+00,1.76337e+00,1.48565e-01,1.24779e+00,3.02254e+00
5.62364e-01,6.96356e+00,1.29216e+00,9.25762e+00,6.52388e+01,7.02599e-01,2.13741e+00,4.42387e+00,1.32952e+00,8.69510e+00,3.03361e-01,1.27634e+01,1.35752e+00,5.92402e-01,4.77832e-01,3.40283e+00,1.76655e+00,1.55811e-01,1.25793e+00,3.04633e+00
5.65928e-01,7.05395e+00,1.21876e+00,9.38764e+00,5.67675e+01,7.63884e-01,2.16777e+00,4.42866e+00,1.33177e+00,8.72804e+00,3.05388e-01,1.28667e+01,1.36160e+00,5.97803e-01,4.81846e-01,3.46677e+00,1.76952e+00,1.66586e-01,1.26768e+00,3.06633e+00
5.70925e-01,7.13488e+00,1.09361e+00,9.52825e+00,4.57952e+01,9.13477e-01,2.20000e+00,4.43201e+00,1.33386e+00,8.75670e+00,3.09398e-01,1.29700e+01,1.36310e+00,6.02794e-01,4.88076e-01,3.53720e+00,1.77236e+00,1.81897e-01,1.27740e+00,3.08184e+00
5.76923e-01,7.21017e+00,9.51626e-01,9.68226e+00,3.56636e+01,1.21585e+00,2.22356e+00,4.43601e+00,1.33626e+00,8.78271e+00,3.20673e-01,1.30750e+01,1.36352e+00,6.07665e-01,4.94012e-01,3.61334e+00,1.77511e+00,2.50529e-01,1.28709e+00,3.09532e+00
5.83448e-01,7.46124e+00,8.14987e-01,9.86453e+00,2.74335e+01,1.65213e+00,2.29194e+00,4.44646e+00,1.33946e+00,8.81126e+00,3.44032e-01,1.31844e+01,1.36433e+00,6.12966e-01,5.00304e-01,3.69056e+00,1.77795e+00,2.06572e+00,1.31165e+00,3.10732e+00
5.90253e-01,7.77228e+00,6.95834e-01,1.01237e+01,2.11220e+01,2.36610e+00,2.63517e+00,4.46506e+00,1.34418e+00,8.84297e+00,4.24707e-01,1.32966e+01,1.36626e+00,6.19810e-01,5.17495e-01,3.76822e+00,1.78173e+00,9.53186e+00,1.35462e+00,3.11930e+00
5.99566e-01,8.57686e+00,5.95478e-01,1.06172e+01,1.64133e+01,3.53819e+00,3.36581e+00,4.50647e+00,1.35101e+00,8.89318e+00,7.41616e-01,1.34139e+01,1.36951e+00,6.28475e-01,5.55589e-01,3.84945e+00,1.78632e+00,1.51467e+01,1.42821e+00,3.13170e+00
6.09585e-01,9.50588e+00,5.13855e-01,1.14512e+01,1.29123e+01,5.02258e+00,4.40881e+00,4.63877e+00,1.36034e+00,8.96016e+00,1.49155e+00,1.35315e+01,1.37484e+00,6.38834e-01,5.86061e-01,3.94439e+00,1.79233e+00,1.59829e+01,1.72838e+00,3.14403e+00
6.21033e-01,1.05705e+01,4.62195e-01,1.22549e+01,1.04528e+01,6.89232e+00,5.93047e+00,4.80723e+00,1.37252e+00,9.05199e+00,2.21055e+00,1.36529e+01,1.38255e+00,6.51059e-01,6.11789e-01,4.06422e+00,1.79850e+00,1.47800e+01,3.07347e+00,3.15788e+00
6.31743e-01,1.22042e+01,4.26428e-01,1.27894e+01,8.86375e+00,9.46849e+00,7.43176e+00,4.86323e+00,1.38599e+00,9.16560e+00,2.57163e+00,1.37782e+01,1.39143e+00,6.62484e-01,6.43503e-01,4.21883e+00,1.80492e+00,1.30346e+01,5.25406e+00,3.17248e+00
6.42163e-01,1.39760e+01,4.01594e-01,1.30577e+01,7.65954e+00,1.28814e+01,9.28173e+00,4.86960e+00,1.40064e+00,9.28790e+00,2.66877e+00,1.39084e+01,1.40111e+00,6.73892e-01,6.76864e-01,4.42106e+00,1.81150e+00,1.12679e+01,7.18076e+00,3.18890e+00
6.53495e-01,1.56142e+01,3.75564e-01,1.33889e+01,6.86230e+00,1.59767e+01,1.09195e+01,4.86996e+00,1.41601e+00,9.40820e+00,2.62891e+00,1.40453e+01,1.41195e+00,6.85894e-01,7.05436e-01,4.70700e+00,1.81795e+00,9.64922e+00,8.52637e+00,3.20670e+00
6.66867e-01,1.70763e+01,3.49397e-01,1.39472e+01,6.30805e+00,1.70832e+01,1.17907e+01,4.87282e+00,1.43123e+00,9.52102e+00,2.58810e+00,1.41916e+01,1.42275e+00,6.97921e-01,7.29607e-01,5.07989e+00,1.82411e+00,8.22923e+00,9.25066e+00,3.22493e+00
6.82169e-01,1.82081e+01,3.25974e-01,1.48037e+01,5.82333e+00,1.59940e+01,1.19474e+01,4.88301e+00,1.44539e+00,9.62429e+00,2.61603e+00,1.43497e+01,1.43227e+00,7.09932e-01,7.55428e-01,5.45691e+00,1.82988e+00,7.01289e+00,9.34518e+00,3.24330e+00
6.98782e-01,1.89885e+01,3.06084e-01,1.60910e+01,5.33423e+00,1.37405e+01,1.15457e+01,4.90139e+00,1.45820e+00,9.71907e+00,2.68334e+00,1.45210e+01,1.44058e+00,7.21839e-01,7.89568e-01,5.73143e+00,1.83489e+00,5.98540e+00,8.90324e+00,3.26139e+00
7.15989e-01,1.96370e+01,2.89288e-01,1.79221e+01,4.82103e+00,1.12964e+01,1.06856e+01,4.92788e+00,1.46921e+00,9.80918e+00,2.73679e+00,1.47059e+01,1.44832e+00,7.33984e-01,8.36224e-01,5.85992e+00,1.83925e+00,5.12356e+00,8.18734e+00,3.27927e+00
7.33142e-01,2.04385e+01,2.74598e-01,2.01863e+01,4.30508e+00,9.13344e+00,9.55951e+00,4.96756e+00,1.47856e+00,9.89988e+00,2.76503e+00,1.49029e+01,1.45598e+00,7.47026e-01,8.97755e-01,5.88263e+00,1.84322e+00,4.40361e+00,7.44520e+00,3.29675e+00
7.49580e-01,2.16908e+01,2.61011e-01,2.25383e+01,3.81773e+00,7.37881e+00,8.40617e+00,5.03721e+00,1.48635e+00,9.99568e+00,2.80244e+00,1.51092e+01,1.46380e+00,7.60885e-01,9.78462e-01,5.87416e+00,1.84695e+00,3.80323e+00,6.81315e+00,3.31351e+00
7.64810e-01,2.37347e+01,2.47836e-01,2.46669e+01,3.37745e+00,6.01071e+00,7.40021e+00,5.17329e+00,1.49265e+00,1.00993e+01,2.90622e+00,1.53215e+01,1.47191e+00,7.75724e-01,1.09222e+00,5.89407e+00,1.85056e+00,3.30346e+00,6.33149e+00,3.32911e+00
7.78571e-01,2.66930e+01,2.34698e-01,2.64743e+01,2.98905e+00,4.96347e+00,6.62891e+00,5.43520e+00,1.49788e+00,1.02115e+01,3.12496e+00,1.55375e+01,1.48035e+00,7.91142e-01,1.27308e+00,5.97116e+00,1.85413e+00,2.88787e+00,5.98578e+00,3.34323e+00
7.90752e-01,3.00409e+01,2.21526e-01,2.79765e+01,2.65015e+00,4.17031e+00,6.11510e+00,5.88956e+00,1.50227e+00,1.03316e+01,3.45424e+00,1.57551e+01,1.48925e+00,8.06485e-01,1.57972e+00,6.10278e+00,1.85762e+00,2.54293e+00,5.74032e+00,3.35584e+00
8.01289e-01,3.27717e+01,2.08582e-01,2.91503e+01,2.35566e+00,3.57751e+00,5.83870e+00,6.56583e+00,1.50600e+00,1.04574e+01,3.81414e+00,1.59739e+01,1.49866e+00,8.21140e-01,2.06859e+00,6.26196e+00,1.86095e+00,2.25772e+00,5.55505e+00,3.36724e+00
8.10143e-01,3.41503e+01,1.96102e-01,2.99269e+01,2.09969e+00,3.14662e+00,5.75342e+00,7.42413e+00,1.50934e+00,1.05879e+01,4.09209e+00,1.61944e+01,1.50859e+00,8.34256e-01,2.73192e+00,6.41026e+00,1.86396e+00,2.02396e+00,5.39201e+00,3.37761e+00
8.17249e-01,3.41084e+01,1.84372e-01,3.02723e+01,1.87646e+00,2.85272e+00,5.81533e+00,8.37333e+00,1.51305e+00,1.07220e+01,4.21673e+00,1.64169e+01,1.51902e+00,8.45336e-01,3.47351e+00,6.51518e+00,1.86658e+00,1.83602e+00,5.22042e+00,3.38740e+00
8.22474e-01,3.30251e+01,1.73509e-01,3.02354e+01,1.68083e+00,2.67970e+00,6.01672e+00,9.32404e+00,1.52112e+00,1.08593e+01,4.18696e+00,1.66422e+01,1.52978e+00,8.53864e-01,4.17106e+00,6.56048e+00,1.86883e+00,1.68970e+00,5.02208e+00,3.39724e+00
8.25776e-01,3.13741e+01,1.63646e-01,2.99319e+01,1.50858e+00,2.61340e+00,6.39182e+00,1.02295e+01,1.55191e+00,1.10004e+01,4.04668e+00,1.68714e+01,1.54147e+00,8.59699e-01,4.75095e+00,6.54819e+00,1.87086e+00,1.58185e+00,4.79370e+00,3.40768e+00
8.28143e-01,2.95351e+01,1.54815e-01,2.95015e+01,1.35637e+00,2.63453e+00,6.97316e+00,1.10956e+01,1.67621e+00,1.11452e+01,3.84890e+00,1.71053e+01,1.55364e+00,8.62966e-01,5.20151e+00,6.49287e+00,1.87275e+00,1.50848e+00,4.54290e+00,3.41927e+00
8.29317e-01,2.77522e+01,1.46950e-01,2.90770e+01,1.22159e+00,2.71571e+00,7.72979e+00,1.19671e+01,2.09154e+00,1.12935e+01,3.63477e+00,1.73452e+01,1.56564e+00,8.64087e-01,5.54273e+00,6.41396e+00,1.87459e+00,1.46311e+00,4.28257e+00,3.43217e+00
8.29068e-01,2.61570e+01,1.40057e-01,2.87775e+01,1.10233e+00,2.82591e+00,8.55902e+00,1.28980e+01,3.11013e+00,1.14447e+01,3.42838e+00,1.75934e+01,1.57793e+00,8.63613e-01,5.79695e+00,6.32939e+00,1.87640e+00,1.43587e+00,4.02499e+00,3.44642e+00
8.27473e-01,2.48032e+01,1.34036e-01,2.87186e+01,9.97018e-01,2.93865e+00,9.34644e+00,1.39162e+01,4.84415e+00,1.15978e+01,3.23950e+00,1.78538e+01,1.59035e+00,8.62271e-01,5.98065e+00,6.25200e+00,1.87812e+00,1.41458e+00,3.77970e+00,3.46209e+00
8.25256e-01,2.36933e+01,1.28835e-01,2.90176e+01,9.04158e-01,3.03910e+00,1.00214e+01,1.49986e+01,6.88581e+00,1.17522e+01,3.06855e+00,1.81306e+01,1.60223e+00,8.60790e-01,6.10670e+00,6.18909e+00,1.87972e+00,1.38771e+00,3.55245e+00,3.47869e+00
8.23043e-01,2.28013e+01,1.24345e-01,2.97836e+01,8.22538e-01,3.12617e+00,1.05594e+01,1.60774e+01,8.59327e+00,1.19064e+01,2.91127e+00,1.84305e+01,1.61369e+00,8.59905e-01,6.18855e+00,6.14313e+00,1.88117e+00,1.34805e+00,3.34586e+00,3.49568e+00
8.21088e-01,2.20900e+01,1.20499e-01,3.10877e+01,7.51071e-01,3.21067e+00,1.09588e+01,1.70717e+01,9.62087e+00,1.20595e+01,2.76254e+00,1.87616e+01,1.62516e+00,8.60138e-01,6.23937e+00,6.11355e+00,1.88246e+00,1.29349e+00,3.16044e+00,3.51252e+00
8.19474e-01,2.15261e+01,1.17211e-01,3.29324e+01,6.88517e-01,3.31081e+00,1.12264e+01,1.79255e+01,1.00036e+01,1.22111e+01,2.61835e+00,1.91361e+01,1.63698e+00,8.61842e-01,6.26812e+00,6.09864e+00,1.88359e+00,1.22613e+00,2.99543e+00,3.52864e+00
8.18066e-01,2.10925e+01,1.14404e-01,3.52391e+01,6.33890e-01,3.44528e+00,1.13756e+01,1.86283e+01,9.93705e+00,1.23603e+01,2.47670e+00,1.95690e+01,1.64936e+00,8.65163e-01,6.27611e+00,6.09717e+00,1.88464e+00,1.15019e+00,2.84946e+00,3.54361e+00
8.16706e-01,2.07954e+01,1.12012e-01,3.78687e+01,5.86231e-01,3.62437e+00,1.14269e+01,1.92111e+01,9.60964e+00,1.25066e+01,2.33745e+00,2.00800e+01,1.66247e+00,8.69956e-01,6.25750e+00,6.10929e+00,1.88568e+00,1.07021e+00,2.72082e+00,3.55692e+00
8.15388e-01,2.06661e+01,1.09997e-01,4.06576e+01,5.44701e-01,3.84203e+00,1.14059e+01,1.97250e+01,9.15197e+00,1.26484e+01,2.20177e+00,2.06912e+01,1.67652e+00,8.75907e-01,6.20303e+00,6.13665e+00,1.88681e+00,9.90058e-01,2.60782e+00,3.56822e+00
8.14242e-01,2.07549e+01,1.08264e-01,4.34485e+01,5.08458e-01,4.07437e+00,1.13390e+01,2.02113e+01,8.64310e+00,1.27844e+01,2.07139e+00,2.14262e+01,1.69151e+00,8.82461e-01,6.10505e+00,6.18226e+00,1.88810e+00,9.12486e-01,2.50866e+00,3.57740e+00
8.13469e-01,2.11162e+01,1.06784e-01,4.61035e+01,4.76936e-01,4.28784e+00,1.12482e+01,2.06779e+01,8.12711e+00,1.29122e+01,1.94835e+00,2.23072e+01,1.70743e+00,8.89040e-01,5.96037e+00,6.24929e+00,1.88966e+00,8.39257e-01,2.42190e+00,3.58429e+00
8.13287e-01,2.17831e+01,1.05543e-01,4.85073e+01,4.49460e-01,4.45169e+00,1.11505e+01,2.10952e+01,7.62774e+00,1.30295e+01,1.83449e+00,2.33511e+01,1.72404e+00,8.94996e-01,5.77179e+00,6.33959e+00,1.89143e+00,7.71328e-01,2.34626e+00,3.58868e+00
8.13870e-01,2.27420e+01,1.04446e-01,5.05790e+01,4.25455e-01,4.54808e+00,1.10540e+01,2.14097e+01,7.15689e+00,1.31333e+01,1.73140e+00,2.45663e+01,1.74101e+00,8.99828e-01,5.54658e+00,6.44813e+00,1.89347e+00,7.09099e-01,2.28031e+00,3.59070e+00
8.15131e-01,2.39221e+01,1.03509e-01,5.22802e+01,4.04518e-01,4.57447e+00,1.09580e+01,2.15678e+01,6.72028e+00,1.32215e+01,1.64022e+00,2.59529e+01,1.75787e+00,9.03140e-01,5.29475e+00,6.56664e+00,1.89576e+00,6.52577e-01,2.22294e+00,3.59066e+00
8.16825e-01,2.52078e+01,1.02712e-01,5.36175e+01,3.86253e-01,4.53951e+00,1.08555e+01,2.15378e+01,6.32013e+00,1.32925e+01,1.56174e+00,2.75019e+01,1.77422e+00,9.04651e-01,5.02648e+00,6.68371e+00,1.89825e+00,6.01536e-01,2.17303e+00,3.58841e+00
8.18500e-01,2.64745e+01,1.02002e-01,5.46275e+01,3.70284e-01,4.45734e+00,1.07355e+01,2.13172e+01,5.95698e+00,1.33449e+01,1.49637e+00,2.91981e+01,1.78954e+00,9.04238e-01,4.75103e+00,6.78712e+00,1.90089e+00,5.55627e-01,2.12960e+00,3.58422e+00
8.19559e-01,2.76249e+01,1.01392e-01,5.53606e+01,3.56339e-01,4.34283e+00,1.05869e+01,2.09282e+01,5.63033e+00,1.33782e+01,1.44408e+00,3.10178e+01,1.80350e+00,9.01912e-01,4.47597e+00,6.86741e+00,1.90364e+00,5.14449e-01,2.09174e+00,3.57835e+00
8.19447e-01,2.86124e+01,1.00877e-01,5.58672e+01,3.44135e-01,4.20859e+00,1.04027e+01,2.04079e+01,5.33923e+00,1.33933e+01,1.40435e+00,3.29284e+01,1.81577e+00,8.97767e-01,4.20688e+00,6.91928e+00,1.90638e+00,4.77576e-01,2.05863e+00,3.57086e+00
8.17703e-01,2.94447e+01,1.00441e-01,5.61921e+01,3.33455e-01,4.06417e+00,1.01824e+01,1.97973e+01,5.08237e+00,1.33913e+01,1.37614e+00,3.48831e+01,1.82606e+00,8.91942e-01,3.94771e+00,6.94169e+00,1.90910e+00,4.44587e-01,2.02963e+00,3.56189e+00
8.14122e-01,3.01733e+01,1.00061e-01,5.63801e+01,3.24080e-01,3.91613e+00,9.93322e+00,1.91356e+01,4.85802e+00,1.33741e+01,1.35783e+00,3.68211e+01,1.83423e+00,8.84643e-01,3.70090e+00,6.93728e+00,1.91176e+00,4.15068e-01,2.00385e+00,3.55178e+00
8.08632e-01,3.08749e+01,9.97216e-02,5.64647e+01,3.15912e-01,3.76835e+00,9.66919e+00,1.84545e+01,4.66432e+00,1.33436e+01,1.34755e+00,3.86705e+01,1.84023e+00,8.76089e-01,3.46793e+00,6.91007e+00,1.91431e+00,3.88658e-01,1.98101e+00,3.54058e+00
8.01451e-01,3.16419e+01,9.94239e-02,5.64770e+01,3.08747e-01,3.62308e+00,9.41024e+00,1.77793e+01,4.49850e+00,1.33018e+01,1.34302e+00,4.03557e+01,1.84402e+00,8.66486e-01,3.24946e+00,6.86522e+00,1.91672e+00,3.65033e-01,1.96036e+00,3.52852e+00
7.92831e-01,3.25717e+01,9.91670e-02,5.64307e+01,3.02468e-01,3.48131e+00,9.17978e+00,1.71279e+01,4.35787e+00,1.32516e+01,1.34192e+00,4.18084e+01,1.84571e+00,8.56011e-01,3.04553e+00,6.80764e+00,1.91902e+00,3.43867e-01,1.94164e+00,3.51586e+00
7.83116e-01,3.37623e+01,9.89400e-02,5.63250e+01,2.96974e-01,3.34338e+00,9.00118e+00,1.65128e+01,4.23901e+00,1.31957e+01,1.34214e+00,4.29781e+01,1.84543e+00,8.44865e-01,2.85585e+00,6.74180e+00,1.92128e+00,3.24930e-01,1.92438e+00,3.50259e+00
7.72639e-01,3.53067e+01,9.87509e-02,5.61459e+01,2.92158e-01,3.20939e+00,8.89379e+00,1.59418e+01,4.13813e+00,1.31402e+01,1.34187e+00,4.38374e+01,1.84340e+00,8.33214e-01,2.67995e+00,6.67150e+00,1.92359e+00,3.07965e-01,1.90835e+00,3.48901e+00
7.61716e-01,3.72770e+01,9.85867e-02,5.58664e+01,2.87908e-01,3.07928e+00,8.86789e+00,1.54202e+01,4.05148e+00,1.31070e+01,1.33977e+00,4.43835e+01,1.83981e+00,8.21196e-01,2.51707e+00,6.59976e+00,1.92598e+00,2.92742e-01,1.89314e+00,3.47527e+00
7.50644e-01,3.97002e+01,9.84371e-02,5.54609e+01,2.84207e-01,2.95307e+00,8.92119e+00,1.49511e+01,3.97515e+00,1.31753e+01,1.33501e+00,4.46358e+01,1.83493e+00,8.08958e-01,2.36650e+00,6.52896e+00,1.92855e+00,2.79086e-01,1.87872e+00,3.46157e+00
7.39626e-01,4.25308e+01,9.83099e-02,5.49096e+01,2.80959e-01,2.83073e+00,9.03795e+00,1.45368e+01,3.90558e+00,1.35618e+01,1.32716e+00,4.46294e+01,1.82908e+00,7.96607e-01,2.22739e+00,6.46077e+00,1.93136e+00,2.66860e-01,1.86471e+00,3.44798e+00
7.28811e-01,4.56397e+01,9.82123e-02,5.42051e+01,2.78116e-01,2.71238e+00,9.19214e+00,1.41798e+01,3.83959e+00,1.46718e+01,1.31612e+00,4.44087e+01,1.82252e+00,7.84239e-01,2.09900e+00,6.39638e+00,1.93455e+00,2.55911e-01,1.85093e+00,3.43462e+00
7.18359e-01,4.88292e+01,9.81183e-02,5.33560e+01,2.75632e-01,2.59804e+00,9.35345e+00,1.38816e+01,3.77458e+00,1.70277e+01,1.30212e+00,4.40235e+01,1.81556e+00,7.71947e-01,1.98049e+00,6.33619e+00,1.93815e+00,2.46067e-01,1.83721e+00,3.42157e+00
7.08358e-01,5.18739e+01,9.80439e-02,5.23791e+01,2.74279e-01,2.48789e+00,9.49467e+00,1.36451e+01,3.70867e+00,2.11207e+01,1.28544e+00,4.35193e+01,1.80848e+00,7.59817e-01,1.87117e+00,6.28096e+00,1.94226e+00,2.37255e-01,1.82341e+00,3.40888e+00
6.98847e-01,5.45678e+01,9.92183e-02,5.13062e+01,2.76363e-01,2.38205e+00,9.59634e+00,1.34728e+01,3.64050e+00,2.71323e+01,1.26648e+00,4.29404e+01,1.80152e+00,7.47884e-01,1.77029e+00,6.23050e+00,1.94694e+00,2.29378e-01,1.80956e+00,3.39663e+00
6.89919e-01,5.67629e+01,1.02056e-01,5.01710e+01,2.81427e-01,2.28056e+00,9.64862e+00,1.33658e+01,3.56935e+00,3.46322e+01,1.24566e+00,4.23256e+01,1.79489e+00,7.36199e-01,1.67725e+00,6.18503e+00,1.95220e+00,2.22324e-01,1.79538e+00,3.38479e+00
6.81552e-01,5.83837e+01,1.06208e-01,4.90113e+01,2.85759e-01,2.18349e+00,9.64993e+00,1.33237e+01,3.49501e+00,4.26194e+01,1.22335e+00,4.17093e+01,1.78883e+00,7.24810e-01,1.59137e+00,6.14432e+00,1.95810e+00,2.16044e-01,1.78105e+00,3.37342e+00
6.73775e-01,5.94230e+01,1.10791e-01,4.78615e+01,2.91502e-01,2.09084e+00,9.60421e+00,1.33434e+01,3.41757e+00,4.98648e+01,1.19989e+00,4.11209e+01,1.78348e+00,7.13786e-01,1.51218e+00,6.10799e+00,1.96471e+00,2.10472e-01,1.76640e+00,3.36247e+00
6.66533e-01,5.99235e+01,1.14471e-01,4.67521e+01,2.97951e-01,2.00261e+00,9.51797e+00,1.34177e+01,3.33746e+00,5.54372e+01,1.17551e+00,4.05866e+01,1.77891e+00,7.03143e-01,1.43908e+00,6.07590e+00,1.97204e+00,2.05501e-01,1.75154e+00,3.35202e+00
6.59824e-01,5.99588e+01,1.17405e-01,4.57045e+01,3.04542e-01,1.91880e+00,9.39830e+00,1.35362e+01,3.25530e+00,5.90199e+01,1.15051e+00,4.01296e+01,1.77514e+00,6.92917e-01,1.37164e+00,6.04745e+00,1.98011e+00,2.01161e-01,1.73646e+00,3.34199e+00
6.53595e-01,5.96134e+01,1.20104e-01,4.47327e+01,3.11567e-01,1.83930e+00,9.25164e+00,1.36854e+01,3.17181e+00,6.08190e+01,1.12500e+00,3.97706e+01,1.77224e+00,6.83125e-01,1.30940e+00,6.02233e+00,1.98891e+00,1.97367e-01,1.72121e+00,3.33238e+00
6.47781e-01,5.89721e+01,1.22788e-01,4.38403e+01,3.18976e-01,1.76402e+00,9.08319e+00,1.38506e+01,3.08768e+00,6.12821e+01,1.09918e+00,3.95295e+01,1.77016e+00,6.73803e-01,1.25191e+00,6.00007e+00,1.99845e+00,1.94124e-01,1.70583e+00,3.32316e+00
6.42342e-01,5.81133e+01,1.25394e-01,4.30220e+01,3.26629e-01,1.69278e+00,8.89767e+00,1.40168e+01,3.00363e+00,6.08683e+01,1.07318e+00,3.94252e+01,1.76881e+00,6.64933e-01,1.19882e+00,5.98002e+00,2.00874e+00,1.91339e-01,1.69040e+00,3.31427e+00
6.37211e-01,5.71014e+01,1.27714e-01,4.22704e+01,3.34745e-01,1.62549e+00,8.69837e+00,1.41712e+01,2.92027e+00,5.99336e+01,1.04709e+00,3.94812e+01,1.76808e+00,6.56563e-01,1.14981e+00,5.96174e+00,2.01983e+00,1.88968e-01,1.67499e+00,3.30578e+00
6.32376e-01,5.59912e+01,1.29459e-01,4.15704e+01,3.43567e-01,1.56206e+00,8.48874e+00,1.43030e+01,2.83817e+00,5.87193e+01,1.02100e+00,3.97308e+01,1.76782e+00,6.48713e-01,1.10455e+00,5.94511e+00,2.03162e+00,1.86968e-01,1.65965e+00,3.29767e+00
6.27809e-01,5.48267e+01,1.30426e-01,4.09120e+01,3.53084e-01,1.50228e+00,8.27144e+00,1.44045e+01,2.75777e+00,5.73709e+01,9.95008e-01,4.02245e+01,1.76790e+00,6.41392e-01,1.06277e+00,5.92940e+00,2.04401e+00,1.85263e-01,1.64450e+00,3.28992e+00
6.23492e-01,5.36433e+01,1.30469e-01,4.02839e+01,3.62951e-01,1.44598e+00,8.04915e+00,1.44707e+01,2.67942e+00,5.59689e+01,9.69213e-01,4.10423e+01,1.76823e+00,6.34621e-01,1.02420e+00,5.91436e+00,2.05694e+00,1.83836e-01,1.62957e+00,3.28255e+00
6.19397e-01,5.24693e+01,1.29659e-01,3.96810e+01,3.72437e-01,1.39299e+00,7.82421e+00,1.44991e+01,2.60347e+00,5.45549e+01,9.43686e-01,4.22958e+01,1.76867e+00,6.28423e-01,9.88553e-01,5.89995e+00,2.07034e+00,1.82595e-01,1.61493e+00,3.27555e+00
6.15508e-01,5.13293e+01,1.28153e-01,3.91020e+01,3.80798e-01,1.34319e+00,7.59873e+00,1.44889e+01,2.53012e+00,5.31469e+01,9.18482e-01,4.41302e+01,1.76910e+00,6.22750e-01,9.55671e-01,5.88587e+00,2.08406e+00,1.81575e-01,1.60067e+00,3.26904e+00
6.11837e-01,5.02447e+01,1.26151e-01,3.85476e+01,3.94198e-01,1.29643e+00,7.37472e+00,1.44409e+01,2.45950e+00,5.17513e+01,8.93692e-01,4.67039e+01,1.76943e+00,6.17583e-01,9.25365e-01,5.87192e+00,2.09795e+00,1.80678e-01,1.58681e+00,3.26305e+00
6.08310e-01,4.92366e+01,1.40759e-01,3.80204e+01,4.16869e-01,1.25254e+00,7.15363e+00,1.43568e+01,2.39178e+00,5.03693e+01,8.69362e-01,5.01588e+01,1.76959e+00,6.12886e-01,8.97440e-01,5.85820e+00,2.11187e+00,1.82374e-01,1.57344e+00,3.25764e+00
6.04920e-01,4.83270e+01,1.77879e-01,3.75232e+01,4.76551e-01,1.21138e+00,6.93667e+00,1.42397e+01,2.33754e+00,4.90009e+01,8.45564e-01,5.45803e+01,1.76951e+00,6.08691e-01,8.71691e-01,5.84483e+00,2.12572e+00,1.92426e-01,1.56060e+00,3.25287e+00
6.07345e-01,4.75381e+01,2.57510e-01,3.70572e+01,7.00673e-01,1.17277e+00,6.72471e+00,1.40940e+01,2.29852e+00,4.76649e+01,8.22340e-01,5.99570e+01,1.77447e+00,6.38136e-01,8.47964e-01,5.83170e+00,2.14051e+00,2.05518e-01,1.54826e+00,3.25034e+00
6.20881e-01,4.68965e+01,3.64674e-01,3.66224e+01,1.16287e+00,1.13692e+00,6.51842e+00,1.39232e+01,2.27169e+00,4.63409e+01,7.99757e-01,6.61470e+01,1.77934e+00,6.78334e-01,8.26129e-01,5.81902e+00,2.16254e+00,2.18816e-01,1.54200e+00,3.24822e+00
6.34685e-01,4.64286e+01,5.79247e-01,3.62161e+01,2.75835e+00,1.10288e+00,6.31822e+00,1.37329e+01,2.25764e+00,4.50545e+01,7.77872e-01,7.28929e+01,1.78602e+00,7.23241e-01,8.06087e-01,5.80684e+00,2.18717e+00,2.40262e-01,1.53986e+00,3.26208e+00
6.43343e-01,4.61624e+01,9.37090e-01,3.58365e+01,8.50195e+00,1.07107e+00,6.12434e+00,1.35283e+01,2.25222e+00,4.37950e+01,7.56669e-01,7.98470e+01,1.79687e+00,7.82921e-01,7.87614e-01,5.79515e+00,2.21243e+00,2.62597e-01,1.54375e+00,3.27878e+00
6.64592e-01,4.61230e+01,1.37464e+00,3.54770e+01,1.67715e+01,1.04135e+00,5.93679e+00,1.33147e+01,2.25075e+00,4.25568e+01,7.36223e-01,8.66339e+01,1.82799e+00,8.54846e-01,7.70719e-01,5.78422e+00,2.23706e+00,2.85190e-01,1.55144e+00,3.30425e+00
7.09555e-01,4.63295e+01,1.69256e+00,3.51323e+01,2.42369e+01,1.01359e+00,5.75558e+00,1.30980e+01,2.25154e+00,4.13462e+01,7.16464e-01,9.29126e+01,2.18270e+00,9.36745e-01,7.55249e-01,5.77405e+00,2.25893e+00,3.07761e-01,1.55878e+00,3.33525e+00
7.74953e-01,4.67930e+01,1.86104e+00,3.47968e+01,2.67902e+01,9.87690e-01,5.58062e+00,1.28833e+01,2.26008e+00,4.01687e+01,6.97478e-01,9.84216e+01,3.10046e+00,1.03034e+00,7.41038e-01,5.76464e+00,2.27756e+00,3.33058e-01,1.56556e+00,3.36279e+00
8.84935e-01,4.75108e+01,2.08815e+00,3.44658e+01,2.74635e+01,9.63527e-01,5.41185e+00,1.26758e+01,2.30430e+00,3.90255e+01,6.79218e-01,1.03004e+02,4.85254e+00,1.21908e+00,7.28101e-01,5.75608e+00,2.29329e+00,4.84171e-01,1.57304e+00,3.38302e+00
1.26133e+00,4.84654e+01,2.53622e+00,3.41367e+01,3.07026e+01,9.40969e-01,5.24911e+00,1.24814e+01,2.43781e+00,3.79353e+01,6.61730e-01,1.06602e+02,9.50535e+00,1.86944e+00,7.16301e-01,5.74848e+00,2.33393e+00,6.71324e-01,1.58244e+00,3.40554e+00
2.35529e+00,4.98281e+01,3.15779e+00,3.38222e+01,3.49114e+01,9.84063e-01,5.11371e+00,1.23506e+01,2.68605e+00,3.69163e+01,6.45524e-01,1.09245e+02,1.72501e+01,3.42686e+00,7.13350e-01,5.74165e+00,2.39606e+00,9.29058e-01,1.60091e+00,3.44104e+00
3.81801e+00,5.14614e+01,3.80870e+00,3.35314e+01,3.88922e+01,1.07979e+00,5.00329e+00,1.23199e+01,3.02817e+00,3.60080e+01,6.41369e-01,1.10998e+02,3.16986e+01,6.00007e+00,7.19781e-01,5.73609e+00,2.45927e+00,1.27096e+00,1.64670e+00,3.51123e+00
5.85903e+00,5.30258e+01,4.51320e+00,3.32697e+01,4.11462e+01,1.19967e+00,4.94287e+00,1.22974e+01,3.44633e+00,3.51992e+01,6.47178e-01,1.11971e+02,1.02512e+02,9.16280e+00,7.21250e-01,5.73300e+00,2.51792e+00,1.55613e+00,1.71752e+00,3.63666e+00
9.46052e+00,5.48797e+01,5.05922e+00,3.30123e+01,4.13967e+01,1.30385e+00,4.92747e+00,1.22563e+01,3.97041e+00,3.44222e+01,6.54941e-01,1.12286e+02,2.31320e+02,1.30309e+01,7.29118e-01,5.73429e+00,2.56741e+00,1.84611e+00,1.80500e+00,3.77796e+00
1.52079e+01,5.70037e+01,5.18561e+00,3.27689e+01,4.00611e+01,1.37410e+00,4.92357e+00,1.22507e+01,4.65519e+00,3.36606e+01,6.68252e-01,1.12069e+02,3.35115e+02,1.73945e+01,7.39397e-01,5.74242e+00,2.60989e+00,2.46312e+00,1.88309e+00,3.89292e+00
2.30331e+01,5.93597e+01,4.91965e+00,3.25446e+01,3.73417e+01,1.45130e+00,4.92164e+00,1.23153e+01,5.56047e+00,3.29296e+01,6.88577e-01,1.11440e+02,4.31039e+02,2.13270e+01,7.50344e-01,5.75478e+00,2.64980e+00,4.18493e+00,1.94610e+00,3.97527e+00
3.34850e+01,6.17787e+01,4.44523e+00,3.23413e+01,3.36498e+01,1.57804e+00,4.92844e+00,1.24866e+01,6.77744e+00,3.22528e+01,7.01209e-01,1.10504e+02,5.33012e+02,2.46087e+01,7.61598e-01,5.77070e+00,2.69024e+00,7.43037e+00,1.99433e+00,4.04103e+00
4.54925e+01,6.39348e+01,3.93142e+00,3.21712e+01,2.94203e+01,1.79857e+00,4.94129e+00,1.27971e+01,8.38213e+00,3.16531e+01,6.96948e-01,1.09345e+02,6.42473e+02,2.78265e+01,7.73743e-01,5.79020e+00,2.73558e+00,1.07466e+01,2.03307e+00,4.10844e+00
5.59203e+01,6.55243e+01,3.47645e+00,3.20446e+01,2.50389e+01,2.13022e+00,4.94366e+00,1.32738e+01,1.01955e+01,3.11407e+01,6.85742e-01,1.08032e+02,7.43431e+02,3.17090e+01,7.83439e-01,5.81336e+00,2.79349e+00,1.28463e+01,2.06724e+00,4.18740e+00
6.32571e+01,6.65221e+01,3.10134e+00,3.19590e+01,2.08580e+01,2.45615e+00,4.92178e+00,1.39332e+01,1.17766e+01,3.07040e+01,6.75379e-01,1.06625e+02,7.91229e+02,3.68172e+01,7.94102e-01,5.83915e+00,2.88962e+00,1.40495e+01,2.09827e+00,4.28085e+00
6.77364e+01,6.70582e+01,2.78306e+00,3.19057e+01,1.71286e+01,2.62719e+00,4.86742e+00,1.47859e+01,1.28363e+01,3.03139e+01,6.65677e-01,1.05182e+02,7.77310e+02,4.33306e+01,8.09477e-01,5.86620e+00,3.10709e+00,1.48807e+01,2.12450e+00,4.38807e+00
7.06973e+01,6.72472e+01,2.49360e+00,3.18717e+01,1.39619e+01,2.62564e+00,4.78231e+00,1.58397e+01,1.34810e+01,2.99371e+01,6.56038e-01,1.03755e+02,7.28049e+02,5.15648e+01,8.29696e-01,5.89244e+00,3.61661e+00,1.53112e+01,2.14306e+00,4.50707e+00
7.36680e+01,6.71693e+01,2.21826e+00,3.18467e+01,1.13594e+01,2.51717e+00,4.67271e+00,1.70859e+01,1.40754e+01,2.95521e+01,6.46648e-01,1.02388e+02,6.67104e+02,6.21286e+01,8.53579e-01,5.91622e+00,4.52054e+00,1.51062e+01,2.15237e+00,4.63661e+00
7.67525e+01,6.68910e+01,1.95531e+00,3.18207e+01,9.26143e+00,2.36459e+00,4.54399e+00,1.84914e+01,1.49784e+01,2.91534e+01,6.37311e-01,1.01107e+02,6.07052e+02,7.35587e+01,8.79709e-01,5.93670e+00,5.55877e+00,1.42626e+01,2.15315e+00,4.77655e+00
7.84302e+01,6.64672e+01,1.70986e+00,3.17886e+01,7.58708e+00,2.20299e+00,4.40167e+00,1.99998e+01,1.63293e+01,2.87497e+01,6.27748e-01,9.99148e+01,5.53050e+02,8.18151e+01,9.07119e-01,5.95334e+00,6.30034e+00,1.30033e+01,2.14750e+00,4.92760e+00
7.72754e+01,6.59379e+01,1.48741e+00,3.17491e+01,6.25627e+00,2.04790e+00,4.25351e+00,2.15357e+01,1.80209e+01,2.83594e+01,6.17778e-01,9.87973e+01,5.05758e+02,8.42369e+01,9.35651e-01,5.96626e+00,6.59141e+00,1.15781e+01,2.13808e+00,5.08958e+00
7.32218e+01,6.53308e+01,1.29134e+00,3.17059e+01,5.19864e+00,1.90536e+00,4.10749e+00,2.30184e+01,1.98744e+01,2.79996e+01,6.07419e-01,9.77458e+01,4.63161e+02,8.14564e+01,9.65599e-01,5.97532e+00,6.54602e+00,1.01607e+01,2.12704e+00,5.25990e+00
6.72224e+01,6.46645e+01,1.12228e+00,3.16714e+01,4.35608e+00,1.77718e+00,3.96945e+00,2.43749e+01,2.18028e+01,2.76846e+01,5.96941e-01,9.67621e+01,4.22867e+02,7.55661e+01,9.97569e-01,5.98057e+00,6.33354e+00,8.84346e+00,2.11556e+00,5.43355e+00
6.03858e+01,6.39536e+01,9.78749e-01,3.16677e+01,3.68214e+00,1.66322e+00,3.84266e+00,2.55523e+01,2.38088e+01,2.74222e+01,5.86601e-01,9.58661e+01,3.83761e+02,6.83791e+01,1.03267e+00,5.98194e+00,6.07994e+00,7.66485e+00,2.10430e+00,5.60435e+00
5.35196e+01,6.32104e+01,8.58157e-01,3.17233e+01,3.14037e+00,1.56259e+00,3.72811e+00,2.65217e+01,2.59032e+01,2.72128e+01,5.76667e-01,9.50825e+01,3.46066e+02,6.10033e+01,1.07252e+00,5.97966e+00,5.86013e+00,6.63363e+00,2.09347e+00,5.76831e+00
4.70777e+01,6.24454e+01,7.57439e-01,3.18691e+01,2.70223e+00,1.47432e+00,3.62550e+00,2.72765e+01,2.80827e+01,2.70510e+01,5.67317e-01,9.44379e+01,3.10578e+02,5.40032e+01,1.11893e+00,5.97393e+00,5.71398e+00,5.74340e+00,2.08336e+00,5.92672e+00
4.12598e+01,6.16681e+01,6.73438e-01,3.21322e+01,2.34567e+00,1.39749e+00,3.53390e+00,2.78266e+01,3.03608e+01,2.69257e+01,5.58645e-01,9.39497e+01,2.77978e+02,4.76203e+01,1.17320e+00,5.96541e+00,5.65980e+00,4.98086e+00,2.07404e+00,6.09229e+00
3.61196e+01,6.08858e+01,6.03440e-01,3.25358e+01,2.05367e+00,1.33131e+00,3.45307e+00,2.81892e+01,3.27746e+01,2.68245e+01,5.50721e-01,9.36319e+01,2.48613e+02,4.19294e+01,1.23564e+00,5.95421e+00,5.70321e+00,4.33066e+00,2.06553e+00,6.29832e+00
3.16362e+01,6.01042e+01,5.44970e-01,3.30979e+01,1.81302e+00,1.27484e+00,3.38356e+00,2.83863e+01,3.53142e+01,2.67340e+01,5.43527e-01,9.34944e+01,2.22516e+02,3.69211e+01,1.30509e+00,5.94120e+00,5.84278e+00,3.77726e+00,2.05771e+00,6.61245e+00
2.77543e+01,5.93296e+01,4.96025e-01,3.38296e+01,1.61341e+00,1.22724e+00,3.32708e+00,2.84407e+01,3.78456e+01,2.66421e+01,5.37091e-01,9.35404e+01,1.99514e+02,3.25442e+01,1.37951e+00,5.92684e+00,6.07762e+00,3.30665e+00,2.05002e+00,7.15192e+00
2.44075e+01,5.85650e+01,4.57014e-01,3.47306e+01,1.44727e+00,1.18761e+00,3.28590e+00,2.83743e+01,4.01087e+01,2.65393e+01,5.31254e-01,9.37721e+01,1.79359e+02,2.87343e+01,1.45640e+00,5.91153e+00,6.41567e+00,2.90859e+00,2.04189e+00,8.08895e+00
2.15279e+01,5.78107e+01,4.25112e-01,3.57844e+01,1.30793e+00,1.15516e+00,3.26289e+00,2.82076e+01,4.18137e+01,2.64201e+01,5.26011e-01,9.41837e+01,1.61795e+02,2.54244e+01,1.53374e+00,5.89611e+00,6.88529e+00,2.56919e+00,2.03281e+00,9.60352e+00
1.90524e+01,5.70650e+01,4.01691e-01,3.69567e+01,1.18994e+00,1.12922e+00,3.26009e+00,2.79593e+01,4.27611e+01,2.62824e+01,5.21272e-01,9.47591e+01,1.46522e+02,2.25486e+01,1.61007e+00,5.88115e+00,7.56121e+00,2.28057e+00,2.02248e+00,1.17314e+01
1.69239e+01,5.63249e+01,3.83037e-01,3.81986e+01,1.09034e+00,1.10921e+00,3.27845e+00,2.76467e+01,4.29132e+01,2.61278e+01,5.17066e-01,9.54716e+01,1.33252e+02,2.00494e+01,1.68447e+00,5.86728e+00,8.65235e+00,2.03627e+00,2.01066e+00,1.57266e+01
1.50919e+01,5.55878e+01,3.67063e-01,3.94516e+01,1.00589e+00,1.09472e+00,3.31679e+00,2.72844e+01,4.23733e+01,2.59602e+01,5.13304e-01,9.62767e+01,1.21767e+02,1.78765e+01,1.75603e+00,5.85502e+00,1.08067e+01,1.82776e+00,1.99754e+00,5.38262e+01
1.35127e+01,5.48542e+01,3.53766e-01,4.06548e+01,9.33919e-01,1.08540e+00,3.37167e+00,2.68855e+01,4.13188e+01,2.57857e+01,5.10040e-01,9.71232e+01,1.11832e+02,1.59853e+01,1.82335e+00,5.84492e+00,1.56552e+01,1.64774e+00,1.98332e+00,2.07089e+02
1.21489e+01,5.41281e+01,3.42887e-01,4.17528e+01,8.72258e-01,1.08094e+00,3.43741e+00,2.64620e+01,3.99384e+01,2.56107e+01,5.07208e-01,9.79516e+01,1.03258e+02,1.43366e+01,1.88470e+00,5.83717e+00,2.54303e+01,1.49098e+00,1.96856e+00,4.90547e+02
1.09689e+01,5.34156e+01,3.33661e-01,4.27008e+01,8.19358e-01,1.08111e+00,3.50753e+00,2.60218e+01,3.83879e+01,2.54405e+01,5.04876e-01,9.87051e+01,9.59243e+01,1.28971e+01,1.93810e+00,5.83242e+00,4.19112e+01,1.35461e+00,1.95367e+00,7.26827e+02
9.94505e+00,5.27249e+01,3.25250e-01,4.34707e+01,7.73559e-01,1.08563e+00,3.57521e+00,2.55743e+01,3.67780e+01,2.52801e+01,5.02991e-01,9.93330e+01,8.97155e+01,1.16369e+01,1.98225e+00,5.83037e+00,6.46467e+01,1.23604e+00,1.93916e+00,8.03402e+02
9.05301e+00,5.20636e+01,3.17037e-01,4.40511e+01,7.33640e-01,1.09430e+00,3.63472e+00,2.51256e+01,3.51736e+01,2.51322e+01,5.01611e-01,9.97989e+01,8.44931e+01,1.05315e+01,2.01663e+00,5.83185e+00,8.98785e+01,1.13258e+00,1.92550e+00,7.94805e+02
8.27188e+00,5.14383e+01,3.08766e-01,4.44450e+01,6.98660e-01,1.10695e+00,3.68192e+00,2.46821e+01,3.36019e+01,2.49975e+01,5.00649e-01,1.00081e+02,8.00722e+01,9.55953e+00,2.04218e+00,5.83764e+00,1.12302e+02,1.04193e+00,1.91312e+00,7.60555e+02
7.58437e+00,5.08528e+01,3.00488e-01,4.46654e+01,6.67963e-01,1.12348e+00,3.71437e+00,2.42491e+01,3.20671e+01,2.48739e+01,5.00130e-01,1.00171e+02,7.62257e+01,8.70315e+00,2.06079e+00,5.85133e+00,1.27817e+02,9.62115e-01,1.90242e+00,7.19642e+02
6.97600e+00,5.03079e+01,2.92486e-01,4.47330e+01,6.40987e-01,1.14393e+00,3.73131e+00,2.38310e+01,3.05622e+01,2.47579e+01,4.99929e-01,1.00074e+02,7.27137e+01,7.94711e+00,2.07482e+00,5.87981e+00,1.35813e+02,8.91540e-01,1.89375e+00,6.77746e+02
6.43503e+00,4.98017e+01,2.85114e-01,4.46723e+01,6.17258e-01,1.16835e+00,3.73322e+00,2.34314e+01,2.90778e+01,2.46446e+01,4.99967e-01,9.98029e+01,6.93294e+01,7.27867e+00,2.08655e+00,5.93396e+00,1.37947e+02,8.29059e-01,1.88746e+00,6.36988e+02
5.95186e+00,4.93308e+01,2.78751e-01,4.45088e+01,5.96488e-01,1.19683e+00,3.72154e+00,2.30522e+01,2.76089e+01,2.45283e+01,5.00130e-01,9.93774e+01,6.59331e+01,6.68685e+00,2.09746e+00,6.02433e+00,1.36255e+02,7.73780e-01,1.88381e+00,5.98224e+02
5.51867e+00,4.88912e+01,2.73842e-01,4.42690e+01,5.78393e-01,1.22932e+00,3.69823e+00,2.26946e+01,2.61562e+01,2.44039e+01,5.00265e-01,9.88194e+01,6.24636e+01,6.16246e+00,2.10786e+00,6.15430e+00,1.32282e+02,7.25000e-01,1.88315e+00,5.61725e+02
5.12890e+00,4.84790e+01,2.70476e-01,4.39790e+01,5.62621e-01,1.26542e+00,3.66570e+00,2.23574e+01,2.47258e+01,2.42677e+01,5.00272e-01,9.81521e+01,5.89248e+01,5.69717e+00,2.11692e+00,6.31399e+00,1.27002e+02,6.82052e-01,1.88549e+00,5.27467e+02
4.77709e+00,4.80921e+01,2.68622e-01,4.36617e+01,5.48987e-01,1.30438e+00,3.62600e+00,2.20407e+01,2.33270e+01,2.41166e+01,5.00031e-01,9.73956e+01,5.53586e+01,5.28390e+00,2.12294e+00,6.48205e+00,1.20990e+02,6.44368e-01,1.89119e+00,4.95338e+02
4.45872e+00,4.77299e+01,2.67704e-01,4.33399e+01,5.37155e-01,1.34498e+00,3.58119e+00,2.17417e+01,2.19701e+01,2.39491e+01,4.99451e-01,9.65684e+01,5.18242e+01,4.91662e+00,2.12388e+00,6.63313e+00,1.14606e+02,6.11392e-01,1.90017e+00,4.65139e+02
4.17007e+00,4.73914e+01,2.67212e-01,4.30312e+01,5.26874e-01,1.38549e+00,3.53319e+00,2.14592e+01,2.06648e+01,2.37657e+01,4.98504e-01,9.56876e+01,4.83777e+01,4.58959e+00,2.11784e+00,6.74769e+00,1.08090e+02,5.82591e-01,1.91239e+00,4.36736e+02
3.90770e+00,4.70759e+01,2.66414e-01,4.27478e+01,5.17969e-01,1.42400e+00,3.48325e+00,2.11912e+01,1.94189e+01,2.35684e+01,4.97116e-01,9.47688e+01,4.50656e+01,4.29781e+00,2.10354e+00,6.81713e+00,1.01614e+02,5.57445e-01,1.92760e+00,4.09990e+02
3.66892e+00,4.67818e+01,2.64939e-01,4.24961e+01,5.10227e-01,1.45877e+00,3.43262e+00,2.09363e+01,1.82380e+01,2.33599e+01,4.95358e-01,9.38230e+01,4.19204e+01,4.03659e+00,2.08039e+00,6.84301e+00,9.52974e+01,5.35484e-01,1.94535e+00,3.84814e+02
3.45131e+00,4.65062e+01,2.62615e-01,4.22751e+01,5.03451e-01,1.48838e+00,3.38229e+00,2.06938e+01,1.71253e+01,2.31444e+01,4.93257e-01,9.28620e+01,3.89626e+01,3.80156e+00,2.04855e+00,6.83332e+00,8.92235e+01,5.16262e-01,1.96498e+00,3.61134e+02
3.25275e+00,4.62453e+01,2.59450e-01,4.20780e+01,4.97465e-01,1.51185e+00,3.33306e+00,2.04628e+01,1.60818e+01,2.29289e+01,4.90921e-01,9.18927e+01,3.62020e+01,3.58903e+00,2.00884e+00,6.79835e+00,8.34454e+01,4.99384e-01,1.98569e+00,3.38896e+02
3.07133e+00,4.59950e+01,2.55643e-01,4.18939e+01,4.92097e-01,1.52874e+00,3.28554e+00,2.02423e+01,1.51068e+01,2.27204e+01,4.88465e-01,9.09227e+01,3.36405e+01,3.39573e+00,1.96247e+00,6.74800e+00,7.79928e+01,4.84473e-01,2.00652e+00,3.18044e+02
2.90548e+00,4.57512e+01,2.51385e-01,4.17106e+01,4.87256e-01,1.53904e+00,3.24036e+00,2.00318e+01,1.41988e+01,2.25298e+01,4.85998e-01,8.99570e+01,3.12737e+01,3.21886e+00,1.91084e+00,6.69053e+00,7.28784e+01,4.71278e-01,2.02646e+00,2.98533e+02
2.75364e+00,4.55110e+01,2.46949e-01,4.15167e+01,4.82795e-01,1.54321e+00,3.19803e+00,1.98290e+01,1.33544e+01,2.23719e+01,4.83651e-01,8.89989e+01,2.90936e+01,3.05612e+00,1.85548e+00,6.63256e+00,6.81009e+01,4.59525e-01,2.04461e+00,2.80300e+02
2.61464e+00,4.52731e+01,2.42520e-01,4.13040e+01,4.78648e-01,1.54185e+00,3.15918e+00,1.96326e+01,1.25708e+01,2.22728e+01,4.81567e-01,8.80510e+01,2.70900e+01,2.90611e+00,1.79772e+00,6.57906e+00,6.36535e+01,4.49043e-01,2.06006e+00,2.63301e+02
2.48727e+00,4.50377e+01,2.38267e-01,4.10667e+01,4.74769e-01,1.53574e+00,3.12455e+00,1.94419e+01,1.18442e+01,2.22822e+01,4.79832e-01,8.71160e+01,2.52514e+01,2.76714e+00,1.73869e+00,6.66529e+00,5.95228e+01,4.39707e-01,2.07222e+00,2.47471e+02
2.37064e+00,4.48059e+01,2.34259e-01,4.08026e+01,4.71102e-01,1.52568e+00,3.09465e+00,1.92541e+01,1.11709e+01,2.24959e+01,4.78573e-01,8.61934e+01,2.35663e+01,2.63849e+00,1.67950e+00,1.62681e+01,5.56916e+01,4.31341e-01,2.08051e+00,2.32739e+02
2.26372e+00,4.45787e+01,2.30556e-01,4.05134e+01,4.67650e-01,1.51241e+00,3.07013e+00,1.90680e+01,1.05471e+01,2.30790e+01,4.77872e-01,8.52864e+01,2.20221e+01,2.51923e+00,1.62092e+00,5.34068e+01,5.21416e+01,4.23826e-01,2.08473e+00,2.19047e+02
2.16582e+00,4.43578e+01,2.27215e-01,4.02020e+01,4.64411e-01,1.49663e+00,3.05157e+00,1.88827e+01,9.96908e+00,2.42651e+01,4.77835e-01,8.43931e+01,2.06078e+01,2.40889e+00,1.56362e+00,1.25797e+02,4.88538e+01,4.17086e-01,2.08493e+00,2.06329e+02
2.07615e+00,4.41439e+01,2.24258e-01,3.98724e+01,4.61377e-01,1.47891e+00,3.03959e+00,1.86961e+01,9.43369e+00,2.63161e+01,4.78469e-01,8.35161e+01,1.93124e+01,2.30686e+00,1.50803e+00,2.53662e+02,4.58095e+01,4.11000e-01,2.08118e+00,1.94522e+02
1.99403e+00,4.39372e+01,2.21669e-01,3.95288e+01,4.58538e-01,1.45976e+00,3.03465e+00,1.85072e+01,8.93761e+00,2.94439e+01,4.79845e-01,8.26563e+01,1.81257e+01,2.21277e+00,1.45449e+00,4.00235e+02,4.29913e+01,4.05427e-01,2.07379e+00,1.83566e+02
1.91890e+00,4.37371e+01,2.19415e-01,3.91759e+01,4.55933e-01,1.43956e+00,3.03701e+00,1.83137e+01,8.47773e+00,3.37007e+01,4.81896e-01,8.18140e+01,1.70379e+01,2.12623e+00,1.40325e+00,5.28921e+02,4.03815e+01,4.00363e-01,2.06317e+00,1.73404e+02
1.85015e+00,4.35424e+01,2.17486e-01,3.88179e+01,4.53600e-01,1.41854e+00,3.04675e+00,1.81141e+01,8.05147e+00,3.88780e+01,4.84603e-01,8.09910e+01,1.60404e+01,2.04679e+00,1.35445e+00,5.89449e+02,3.79641e+01,3.95711e-01,2.04970e+00,1.63981e+02
1.78723e+00,4.33517e+01,2.15821e-01,3.84589e+01,4.51477e-01,1.39698e+00,3.06359e+00,1.79074e+01,7.65598e+00,4.45042e+01,4.87867e-01,8.01877e+01,1.51251e+01,1.97399e+00,1.30815e+00,5.98674e+02,3.57237e+01,3.91407e-01,2.03407e+00,1.55242e+02
1.72979e+00,4.31642e+01,2.14430e-01,3.81013e+01,4.49579e-01,1.37499e+00,3.08716e+00,1.76918e+01,7.28915e+00,4.99629e+01,4.91638e-01,7.94060e+01,1.42850e+01,1.90748e+00,1.26443e+00,5.83183e+02,3.36471e+01,3.87384e-01,2.01656e+00,1.47142e+02
1.67730e+00,4.29796e+01,2.13300e-01,3.77475e+01,4.47869e-01,1.35275e+00,3.11665e+00,1.74676e+01,6.94861e+00,5.46865e+01,4.95763e-01,7.86504e+01,1.35131e+01,1.84680e+00,1.22326e+00,5.58981e+02,3.17205e+01,3.83668e-01,1.99787e+00,1.39639e+02
1.62941e+00,4.27993e+01,2.12358e-01,3.73991e+01,4.46348e-01,1.33029e+00,3.15078e+00,1.72350e+01,6.63249e+00,5.83289e+01,5.00155e-01,7.79222e+01,1.28035e+01,1.79160e+00,1.18458e+00,5.33970e+02,2.99323e+01,3.80197e-01,1.97830e+00,1.32689e+02
1.58574e+00,4.26254e+01,2.11619e-01,3.70574e+01,4.44973e-01,1.30772e+00,3.18818e+00,1.69947e+01,6.33903e+00,6.08215e+01,5.04661e-01,7.72303e+01,1.21503e+01,1.74144e+00,1.14832e+00,5.09716e+02,2.82713e+01,3.76986e-01,1.95825e+00,1.26253e+02
1.54598e+00,4.24622e+01,2.11014e-01,3.67223e+01,4.43742e-01,1.28512e+00,3.22730e+00,1.67488e+01,6.06659e+00,6.23160e+01,5.09179e-01,7.65832e+01,1.15488e+01,1.69591e+00,1.11442e+00,4.86499e+02,2.67279e+01,3.74008e-01,1.93801e+00,1.20298e+02
1.50983e+00,4.23149e+01,2.10550e-01,3.63939e+01,4.42640e-01,1.26255e+00,3.26653e+00,1.64990e+01,5.81353e+00,6.30745e+01,5.13577e-01,7.60005e+01,1.09942e+01,1.65466e+00,1.08278e+00,4.64345e+02,2.52929e+01,3.71227e-01,1.91797e+00,1.14790e+02
1.47695e+00,4.21903e+01,2.10200e-01,3.60717e+01,4.41653e-01,1.24012e+00,3.30438e+00,1.62469e+01,5.57849e+00,6.33817e+01,5.17776e-01,7.55125e+01,1.04824e+01,1.61736e+00,1.05331e+00,4.43225e+02,2.39576e+01,3.68714e-01,1.89827e+00,1.09694e+02
1.44711e+00,4.20958e+01,2.09944e-01,3.57550e+01,4.40786e-01,1.21789e+00,3.33957e+00,1.59946e+01,5.36021e+00,6.34844e+01,5.21706e-01,7.51610e+01,1.00096e+01,1.58369e+00,1.02589e+00,4.23102e+02,2.27145e+01,3.66390e-01,1.87895e+00,1.04979e+02
1.42007e+00,4.20397e+01,2.09777e-01,3.54431e+01,4.40010e-01,1.19589e+00,3.37106e+00,1.57436e+01,5.15758e+00,6.35736e+01,5.25310e-01,7.50081e+01,9.57250e+00,1.55332e+00,1.00045e+00,4.03931e+02,2.15562e+01,3.64336e-01,1.86022e+00,1.00613e+02
1.39555e+00,4.20290e+01,2.09678e-01,3.51340e+01,4.39298e-01,1.17418e+00,3.39826e+00,1.54952e+01,4.96928e+00,6.37792e+01,5.28553e-01,7.51280e+01,9.16779e+00,1.52588e+00,9.76823e-01,3.85656e+02,2.04758e+01,3.62468e-01,1.84204e+00,9.65595e+01
1.37341e+00,4.20711e+01,2.09630e-01,3.48268e+01,4.38677e-01,1.15288e+00,3.42070e+00,1.52510e+01,4.79451e+00,6.41768e+01,5.31380e-01,7.56062e+01,8.79287e+00,1.50124e+00,9.54973e-01,3.68262e+02,1.94684e+01,3.60830e-01,1.82439e+00,9.27903e+01
1.35346e+00,4.21718e+01,2.09627e-01,3.45208e+01,4.38111e-01,1.13201e+00,3.43827e+00,1.50122e+01,4.63216e+00,6.47951e+01,5.33802e-01,7.65237e+01,8.44511e+00,1.47904e+00,9.34837e-01,3.51698e+02,1.85280e+01,3.59369e-01,1.80744e+00,8.92701e+01
1.33549e+00,4.23355e+01,2.09654e-01,3.42148e+01,4.37563e-01,1.11164e+00,3.45104e+00,1.47803e+01,4.48150e+00,6.56217e+01,5.35747e-01,7.79398e+01,8.12236e+00,1.45909e+00,9.16206e-01,3.35932e+02,1.76495e+01,3.58106e-01,1.79098e+00,8.59666e+01
1.31934e+00,4.25641e+01,2.09686e-01,3.39081e+01,4.37017e-01,1.09188e+00,3.45913e+00,1.45559e+01,4.34164e+00,6.66117e+01,5.37283e-01,7.98782e+01,7.82238e+00,1.44121e+00,8.99124e-01,3.20936e+02,1.68278e+01,3.57010e-01,1.77503e+00,8.28498e+01
1.30490e+00,4.28570e+01,2.09728e-01,3.35999e+01,4.36519e-01,1.07271e+00,3.46271e+00,1.43406e+01,4.21194e+00,6.76960e+01,5.38338e-01,8.23104e+01,7.54343e+00,1.42521e+00,8.83408e-01,3.06677e+02,1.60592e+01,3.56052e-01,1.75963e+00,7.98915e+01
1.29201e+00,4.32109e+01,2.09790e-01,3.32897e+01,4.36042e-01,1.05417e+00,3.46208e+00,1.41358e+01,4.09172e+00,6.87924e+01,5.38947e-01,8.51514e+01,7.28385e+00,1.41091e+00,8.68977e-01,2.93123e+02,1.53399e+01,3.55248e-01,1.74470e+00,7.70654e+01
1.28055e+00,4.36195e+01,2.09871e-01,3.29777e+01,4.35568e-01,1.03631e+00,3.45736e+00,1.39429e+01,3.98024e+00,6.98156e+01,5.39082e-01,8.82691e+01,7.04197e+00,1.39817e+00,8.55809e-01,2.80246e+02,1.46656e+01,3.54514e-01,1.73016e+00,7.43525e+01
1.27037e+00,4.40734e+01,2.09967e-01,3.26639e+01,4.35121e-01,1.01915e+00,3.44863e+00,1.37638e+01,3.87691e+00,7.06874e+01,5.38750e-01,9.15008e+01,6.81660e+00,1.38689e+00,8.43763e-01,2.68017e+02,1.40335e+01,3.53914e-01,1.71604e+00,7.17341e+01
1.26137e+00,4.45610e+01,2.10078e-01,3.23483e+01,4.34699e-01,1.00271e+00,3.43593e+00,1.36004e+01,3.78125e+00,7.13450e+01,5.37943e-01,9.46774e+01,6.60655e+00,1.37695e+00,8.32788e-01,2.56408e+02,1.34401e+01,3.53383e-01,1.70235e+00,6.91990e+01
1.25343e+00,4.50689e+01,2.10183e-01,3.20320e+01,4.34303e-01,9.86958e-01,3.41938e+00,1.34539e+01,3.69266e+00,7.17501e+01,5.36690e-01,9.76544e+01,6.41066e+00,1.36819e+00,8.22791e-01,2.45385e+02,1.28827e+01,3.52927e-01,1.68899e+00,6.67354e+01
1.24646e+00,4.55827e+01,2.10304e-01,3.17153e+01,4.33923e-01,9.71940e-01,3.39898e+00,1.33270e+01,3.61076e+00,7.18925e+01,5.34978e-01,1.00325e+02,6.22801e+00,1.36051e+00,8.13733e-01,2.34927e+02,1.23591e+01,3.52537e-01,1.67595e+00,6.43408e+01
1.24038e+00,4.60873e+01,2.10418e-01,3.13991e+01,4.33549e-01,9.57631e-01,3.37480e+00,1.32211e+01,3.53526e+00,7.18093e+01,5.32834e-01,1.02632e+02,6.05776e+00,1.35381e+00,8.05520e-01,2.25008e+02,1.18659e+01,3.52232e-01,1.66337e+00,6.20106e+01
1.23511e+00,4.65693e+01,2.10530e-01,3.10841e+01,4.33168e-01,9.44030e-01,3.34705e+00,1.31380e+01,3.46547e+00,7.16001e+01,5.30259e-01,1.04568e+02,5.89906e+00,1.34801e+00,7.98119e-01,2.15594e+02,1.14019e+01,3.51956e-01,1.65113e+00,5.97423e+01
1.23056e+00,4.70162e+01,2.10626e-01,3.07714e+01,4.32763e-01,9.31153e-01,3.31590e+00,1.30783e+01,3.40106e+00,7.14304e+01,5.27302e-01,1.06163e+02,5.75117e+00,1.34303e+00,7.91444e-01,2.06669e+02,1.09643e+01,3.51762e-01,1.63928e+00,5.75390e+01
1.22666e+00,4.74170e+01,2.10707e-01,3.04618e+01,4.32342e-01,9.18975e-01,3.28165e+00,1.30425e+01,3.34174e+00,7.14996e+01,5.23978e-01,1.07471e+02,5.61361e+00,1.33882e+00,7.85437e-01,1.98201e+02,1.05514e+01,3.51572e-01,1.62773e+00,5.53993e+01
1.22334e+00,4.77646e+01,2.10775e-01,3.01571e+01,4.31920e-01,9.07455e-01,3.24470e+00,1.30299e+01,3.28719e+00,7.19875e+01,5.20316e-01,1.08561e+02,5.48558e+00,1.33529e+00,7.80066e-01,1.90169e+02,1.01615e+01,3.51425e-01,1.61660e+00,5.33261e+01
1.22058e+00,4.80541e+01,2.10839e-01,2.98638e+01,4.31483e-01,8.96587e-01,3.20547e+00,1.30386e+01,3.23708e+00,7.30032e+01,5.16379e-01,1.09494e+02,5.36655e+00,1.33240e+00,7.75241e-01,1.82555e+02,9.79298e+00,3.51282e-01,1.60585e+00,5.13203e+01
1.21828e+00,4.82832e+01,2.10911e-01,2.96992e+01,4.31026e-01,8.86390e-01,3.16434e+00,1.30660e+01,3.19101e+00,7.46141e+01,5.12185e-01,1.10327e+02,5.25603e+00,1.33010e+00,7.70931e-01,1.75333e+02,9.44433e+00,3.51151e-01,1.59541e+00,4.93829e+01
1.21639e+00,4.84526e+01,2.10985e-01,3.07357e+01,4.30575e-01,8.76805e-01,3.12178e+00,1.31084e+01,3.14875e+00,7.69784e+01,5.07783e-01,1.11099e+02,5.15354e+00,1.32833e+00,7.67084e-01,1.68485e+02,9.11436e+00,3.51038e-01,1.58534e+00,4.75150e+01
1.21484e+00,4.85653e+01,2.11047e-01,3.55879e+01,4.30148e-01,8.67803e-01,3.07825e+00,1.31611e+01,3.11002e+00,8.03238e+01,5.03216e-01,1.11833e+02,5.05852e+00,1.32699e+00,7.63620e-01,1.61989e+02,8.80173e+00,3.50930e-01,1.57555e+00,4.57154e+01
1.21360e+00,4.86256e+01,2.11097e-01,4.71150e+01,4.29723e-01,8.59368e-01,3.03413e+00,1.32193e+01,3.07461e+00,8.47178e+01,4.98500e-01,1.12538e+02,4.97058e+00,1.32607e+00,7.60596e-01,1.55830e+02,8.50548e+00,3.50824e-01,1.56611e+00,4.39863e+01
1.21266e+00,4.86382e+01,2.11141e-01,6.43449e+01,4.29276e-01,8.51451e-01,2.98984e+00,1.32782e+01,3.04220e+00,8.99383e+01,4.93689e-01,1.13214e+02,4.88926e+00,1.32548e+00,7.57858e-01,1.49989e+02,8.22446e+00,3.50716e-01,1.55697e+00,4.23271e+01
1.21194e+00,4.86095e+01,2.11186e-01,9.24365e+01,4.28821e-01,8.44129e-01,2.94570e+00,1.33325e+01,3.01269e+00,9.56399e+01,4.88820e-01,1.13857e+02,4.81406e+00,1.32519e+00,7.55471e-01,1.44450e+02,7.95776e+00,3.50611e-01,1.54821e+00,4.07344e+01
1.21145e+00,4.85448e+01,2.11209e-01,1.36450e+02,4.28356e-01,8.37244e-01,2.90197e+00,1.33784e+01,2.98581e+00,1.01562e+02,4.83929e-01,1.14462e+02,4.74462e+00,1.32516e+00,7.53307e-01,1.39198e+02,7.70470e+00,3.50507e-01,1.53966e+00,3.92093e+01
1.21116e+00,4.84500e+01,2.11202e-01,1.88216e+02,4.27844e-01,8.30837e-01,2.85889e+00,1.34129e+01,2.96127e+00,1.07504e+02,4.79045e-01,1.15039e+02,4.68055e+00,1.32539e+00,7.51412e-01,1.34218e+02,7.46429e+00,3.50406e-01,1.53142e+00,3.77490e+01
1.21101e+00,4.83300e+01,2.11192e-01,2.45572e+02,4.27333e-01,8.24938e-01,2.81668e+00,1.34339e+01,2.93893e+00,1.13184e+02,4.74186e-01,1.15613e+02,4.62139e+00,1.32580e+00,7.49724e-01,1.29497e+02,7.23591e+00,3.50299e-01,1.52340e+00,3.63523e+01
1.21101e+00,4.81884e+01,2.11183e-01,3.06383e+02,4.26809e-01,8.19426e-01,2.77548e+00,1.34413e+01,2.91870e+00,1.18215e+02,4.69369e-01,1.16229e+02,4.56676e+00,1.32639e+00,7.48236e-01,1.25020e+02,7.01896e+00,3.50182e-01,1.51571e+00,3.50174e+01
1.21112e+00,4.80287e+01,2.11167e-01,3.59670e+02,4.26277e-01,8.14306e-01,2.73539e+00,1.34366e+01,2.90021e+00,1.22247e+02,4.64617e-01,1.16944e+02,4.51631e+00,1.32713e+00,7.46892e-01,1.20775e+02,6.81283e+00,3.50056e-01,1.50822e+00,3.37421e+01
1.21132e+00,4.78531e+01,2.11138e-01,3.98229e+02,4.25749e-01,8.09609e-01,2.69649e+00,1.34228e+01,2.88338e+00,1.25062e+02,4.59953e-01,1.17825e+02,4.46968e+00,1.32799e+00,7.45705e-01,1.16749e+02,6.61695e+00,3.49908e-01,1.50098e+00,3.25242e+01
1.21157e+00,4.76637e+01,2.11109e-01,4.20624e+02,4.25229e-01,8.05216e-01,2.65880e+00,1.34063e+01,2.86801e+00,1.26603e+02,4.55380e-01,1.18941e+02,4.42656e+00,1.32895e+00,7.44632e-01,1.12928e+02,6.43074e+00,3.49753e-01,1.49386e+00,3.13608e+01
1.21185e+00,4.74615e+01,2.11078e-01,4.29627e+02,4.24721e-01,8.01205e-01,2.62235e+00,1.33946e+01,2.85404e+00,1.26945e+02,4.50922e-01,1.20359e+02,4.38663e+00,1.33001e+00,7.43663e-01,1.09302e+02,6.25396e+00,3.49594e-01,1.48704e+00,3.02509e+01
1.21220e+00,4.72468e+01,2.11043e-01,4.29211e+02,4.24187e-01,7.97486e-01,2.58721e+00,1.33982e+01,2.84127e+00,1.26255e+02,4.46593e-01,1.22146e+02,4.34973e+00,1.33109e+00,7.42786e-01,1.05857e+02,6.08595e+00,3.49429e-01,1.48036e+00,2.91916e+01
1.21258e+00,4.70208e+01,2.11012e-01,4.22653e+02,4.23653e-01,7.94038e-01,2.55337e+00,1.34294e+01,2.82954e+00,1.24729e+02,4.42410e-01,1.24366e+02,4.31538e+00,1.33219e+00,7.41996e-01,1.02584e+02,5.92643e+00,3.49250e-01,1.47391e+00,2.81808e+01
1.21299e+00,4.67834e+01,2.10964e-01,4.12664e+02,4.23098e-01,7.90894e-01,2.52073e+00,1.35011e+01,2.81877e+00,1.22569e+02,4.38378e-01,1.27071e+02,4.28347e+00,1.33329e+00,7.41274e-01,9.94717e+01,5.77487e+00,3.49069e-01,1.46766e+00,2.72165e+01
1.21338e+00,4.65357e+01,2.10875e-01,4.01188e+02,4.22504e-01,7.87960e-01,2.48930e+00,1.36261e+01,2.80876e+00,1.19952e+02,4.34503e-01,1.30276e+02,4.25382e+00,1.33441e+00,7.40613e-01,9.65065e+01,5.63097e+00,3.48876e-01,1.46161e+00,2.62970e+01
1.21381e+00,4.62777e+01,2.10763e-01,3.89272e+02,4.21911e-01,7.85259e-01,2.45907e+00,1.38154e+01,2.79954e+00,1.17028e+02,4.30773e-01,1.33950e+02,4.22618e+00,1.33551e+00,7.40002e-01,9.36765e+01,5.49440e+00,3.48672e-01,1.45576e+00,2.54195e+01
1.21424e+00,4.60099e+01,2.10655e-01,3.77403e+02,4.21307e-01,7.82802e-01,2.42999e+00,1.40771e+01,2.79098e+00,1.13921e+02,4.27187e-01,1.38014e+02,4.20037e+00,1.33659e+00,7.39444e-01,9.09718e+01,5.36481e+00,3.48447e-01,1.45006e+00,2.45824e+01
1.21466e+00,4.57331e+01,2.10553e-01,3.65794e+02,4.20697e-01,7.80494e-01,2.40200e+00,1.44158e+01,2.78292e+00,1.10725e+02,4.23757e-01,1.42352e+02,4.17623e+00,1.33767e+00,7.38921e-01,8.83838e+01,5.24189e+00,3.48187e-01,1.44456e+00,2.37835e+01
1.21507e+00,4.54478e+01,2.10439e-01,3.54534e+02,4.20116e-01,7.78409e-01,2.37510e+00,1.48309e+01,2.77542e+00,1.07509e+02,4.20492e-01,1.46827e+02,4.15362e+00,1.33872e+00,7.38423e-01,8.59019e+01,5.12539e+00,3.47915e-01,1.43928e+00,2.30214e+01
1.21543e+00,4.51557e+01,2.10320e-01,3.43643e+02,4.19532e-01,7.76449e-01,2.34920e+00,1.53147e+01,2.76831e+00,1.04322e+02,4.17379e-01,1.51289e+02,4.13240e+00,1.33974e+00,7.37948e-01,8.35139e+01,5.01497e+00,3.47636e-01,1.43412e+00,2.22934e+01
1.21577e+00,4.48571e+01,2.10197e-01,3.33138e+02,4.18952e-01,7.74652e-01,2.32429e+00,1.58535e+01,2.76162e+00,1.01194e+02,4.14428e-01,1.55575e+02,4.11250e+00,1.34075e+00,7.37495e-01,8.12159e+01,4.91035e+00,3.47350e-01,1.42920e+00,2.15991e+01
1.21611e+00,4.45531e+01,2.10074e-01,3.23014e+02,4.18354e-01,7.72989e-01,2.30030e+00,1.64274e+01,2.75530e+00,9.81444e+01,4.11630e-01,1.59518e+02,4.09389e+00,1.34170e+00,7.37057e-01,7.89968e+01,4.81137e+00,3.47065e-01,1.42439e+00,2.09363e+01
1.21643e+00,4.42451e+01,2.09960e-01,3.13264e+02,4.17740e-01,7.71443e-01,2.27724e+00,1.70125e+01,2.74939e+00,9.51856e+01,4.08985e-01,1.62961e+02,4.07641e+00,1.34259e+00,7.36628e-01,7.68516e+01,4.71772e+00,3.46771e-01,1.41978e+00,2.03037e+01
1.21673e+00,4.39336e+01,2.09826e-01,3.03879e+02,4.17123e-01,7.70021e-01,2.25505e+00,1.75829e+01,2.74383e+00,9.23216e+01,4.06483e-01,1.65776e+02,4.06000e+00,1.34343e+00,7.36207e-01,7.47739e+01,4.62921e+00,3.46468e-01,1.41537e+00,1.96995e+01
1.21699e+00,4.36200e+01,2.09654e-01,2.94863e+02,4.16481e-01,7.68649e-01,2.23369e+00,1.81137e+01,2.73860e+00,8.95556e+01,4.04136e-01,1.67878e+02,4.04461e+00,1.34421e+00,7.35786e-01,7.27574e+01,4.54554e+00,3.46148e-01,1.41106e+00,1.91225e+01
1.21720e+00,4.33050e+01,2.09465e-01,2.86211e+02,4.15830e-01,7.67402e-01,2.21313e+00,1.85829e+01,2.73367e+00,8.68877e+01,4.01928e-01,1.69228e+02,4.03276e+00,1.34497e+00,7.35365e-01,7.07996e+01,4.46655e+00,3.45814e-01,1.40700e+00,1.85716e+01
1.21741e+00,4.29891e+01,2.09285e-01,2.77921e+02,4.15151e-01,7.66186e-01,2.19332e+00,1.89738e+01,2.72908e+00,8.43175e+01,3.99850e-01,1.69833e+02,4.06751e+00,1.34566e+00,7.34946e-01,6.88956e+01,4.39206e+00,3.45469e-01,1.40308e+00,1.80452e+01
1.21758e+00,4.26731e+01,2.09110e-01,2.69986e+02,4.14467e-01,7.65082e-01,2.17424e+00,1.92755e+01,2.72486e+00,8.18415e+01,3.97904e-01,1.69740e+02,4.09403e+00,1.34626e+00,7.34518e-01,6.70424e+01,4.32182e+00,3.45106e-01,1.39928e+00,1.75429e+01
1.21771e+00,4.23576e+01,2.08934e-01,2.62404e+02,4.13790e-01,7.64006e-01,2.15591e+00,1.94839e+01,2.72090e+00,7.94579e+01,3.96076e-01,1.69018e+02,4.12967e+00,1.34680e+00,7.34087e-01,6.52393e+01,4.25567e+00,3.44729e-01,1.39569e+00,1.70648e+01
1.21779e+00,4.20433e+01,2.08755e-01,2.55164e+02,4.13155e-01,7.62989e-01,2.13825e+00,1.96012e+01,2.71721e+00,7.71637e+01,3.94351e-01,1.67759e+02,4.18037e+00,1.34728e+00,7.33648e-01,6.34812e+01,4.19335e+00,3.44337e-01,1.39215e+00,1.66081e+01
1.21782e+00,4.17325e+01,2.08562e-01,2.48268e+02,4.12543e-01,7.62029e-01,2.12124e+00,1.96334e+01,2.71383e+00,7.49564e+01,3.92751e-01,1.66051e+02,4.19772e+00,1.34773e+00,7.33208e-01,6.17691e+01,4.13494e+00,3.43937e-01,1.38884e+00,1.61715e+01
1.21784e+00,4.14418e+01,2.08366e-01,2.41692e+02,4.11890e-01,7.61115e-01,2.10490e+00,1.95894e+01,2.71070e+00,7.28324e+01,3.91286e-01,1.63985e+02,4.18226e+00,1.34813e+00,7.32762e-01,6.01022e+01,4.08001e+00,3.43532e-01,1.38562e+00,1.57531e+01
1.21780e+00,4.13085e+01,2.08180e-01,2.35425e+02,4.11223e-01,7.60243e-01,2.08922e+00,1.94803e+01,2.70786e+00,7.07899e+01,3.89892e-01,1.61647e+02,4.15159e+00,1.34845e+00,7.32305e-01,5.84777e+01,4.02853e+00,3.43122e-01,1.38254e+00,1.53523e+01
1.21775e+00,4.20679e+01,2.07974e-01,2.29449e+02,4.10565e-01,7.59401e-01,2.07416e+00,1.93170e+01,2.70525e+00,6.88246e+01,3.88615e-01,1.59109e+02,4.11701e+00,1.34869e+00,7.31850e-01,5.68973e+01,3.98036e+00,3.42714e-01,1.37960e+00,1.49686e+01
1.21765e+00,4.46915e+01,2.07737e-01,2.23740e+02,4.09871e-01,7.58564e-01,2.05969e+00,1.91103e+01,2.70292e+00,6.69343e+01,3.87419e-01,1.56436e+02,4.08559e+00,1.34887e+00,7.31386e-01,5.53587e+01,3.93533e+00,3.42296e-01,1.37672e+00,1.46013e+01
1.21749e+00,5.04865e+01,2.07494e-01,2.18269e+02,4.09165e-01,7.57750e-01,2.04582e+00,1.88698e+01,2.70077e+00,6.51157e+01,3.86301e-01,1.53679e+02,4.06143e+00,1.34900e+00,7.30909e-01,5.38616e+01,3.89328e+00,3.41868e-01,1.37397e+00,1.42498e+01
1.21733e+00,5.95383e+01,2.07257e-01,2.13007e+02,4.08468e-01,7.56947e-01,2.03253e+00,1.86041e+01,2.69882e+00,6.33667e+01,3.85259e-01,1.50880e+02,4.04677e+00,1.34907e+00,7.30426e-01,5.24065e+01,3.85410e+00,3.41425e-01,1.37139e+00,1.39134e+01
1.21711e+00,7.01391e+01,2.07026e-01,2.07930e+02,4.07773e-01,7.56167e-01,2.01981e+00,1.83202e+01,2.69706e+00,6.16846e+01,3.84278e-01,1.48070e+02,4.04300e+00,1.34906e+00,7.29929e-01,5.09921e+01,3.81763e+00,3.40971e-01,1.36886e+00,1.35915e+01
1.21683e+00,8.54744e+01,2.06784e-01,2.03015e+02,4.07093e-01,7.55394e-01,2.00764e+00,1.80237e+01,2.69546e+00,6.00666e+01,3.83371e-01,1.45275e+02,4.05143e+00,1.34898e+00,7.29424e-01,4.96184e+01,3.78377e+00,3.40510e-01,1.36644e+00,1.32836e+01
1.21653e+00,1.09687e+02,2.06540e-01,1.98235e+02,4.06420e-01,7.54630e-01,1.99602e+00,1.77197e+01,2.69392e+00,5.85089e+01,3.82518e-01,1.42511e+02,4.07304e+00,1.34884e+00,7.28911e-01,4.82839e+01,3.75242e+00,3.40037e-01,1.36405e+00,1.29885e+01
1.21623e+00,1.40027e+02,2.06288e-01,1.93575e+02,4.05760e-01,7.53877e-01,1.98492e+00,1.74115e+01,2.69251e+00,5.70101e+01,3.81719e-01,1.39791e+02,4.10830e+00,1.34869e+00,7.28400e-01,4.69886e+01,3.72344e+00,3.39555e-01,1.36179e+00,1.27059e+01
1.21592e+00,1.71362e+02,2.06035e-01,1.89025e+02,4.05069e-01,7.53132e-01,1.97433e+00,1.71023e+01,2.69118e+00,5.55682e+01,3.80978e-01,1.37122e+02,4.15660e+00,1.34847e+00,7.27873e-01,4.57331e+01,3.69661e+00,3.39060e-01,1.35959e+00,1.24350e+01
1.21558e+00,2.04316e+02,2.05788e-01,1.84574e+02,4.04366e-01,7.52399e-01,1.96427e+00,1.67941e+01,2.68993e+00,5.41811e+01,3.80282e-01,1.34514e+02,4.21556e+00,1.34819e+00,7.27332e-01,4.45152e+01,3.67194e+00,3.38568e-01,1.35742e+00,1.21756e+01
1.21526e+00,2.40983e+02,2.05529e-01,1.80221e+02,4.03667e-01,7.51671e-01,1.95469e+00,1.64885e+01,2.68874e+00,5.28466e+01,3.79640e-01,1.31964e+02,4.28209e+00,1.34786e+00,7.26796e-01,4.33342e+01,3.64935e+00,3.38077e-01,1.35533e+00,1.19270e+01
1.21488e+00,2.76809e+02,2.05256e-01,1.75961e+02,4.02951e-01,7.50929e-01,1.94556e+00,1.61871e+01,2.68759e+00,5.15618e+01,3.79031e-01,1.29481e+02,4.35308e+00,1.34744e+00,7.26253e-01,4.21908e+01,3.62870e+00,3.37577e-01,1.35332e+00,1.16881e+01
1.21445e+00,3.07318e+02,2.04974e-01,1.71798e+02,4.02235e-01,7.50194e-01,1.93687e+00,1.58906e+01,2.68645e+00,5.03251e+01,3.78455e-01,1.27059e+02,4.42595e+00,1.34697e+00,7.25685e-01,4.10828e+01,3.60984e+00,3.37074e-01,1.35132e+00,1.14587e+01
1.21401e+00,3.30589e+02,2.04687e-01,1.67734e+02,4.01509e-01,7.49461e-01,1.92860e+00,1.55999e+01,2.68530e+00,4.91344e+01,3.77915e-01,1.24706e+02,4.49908e+00,1.34646e+00,7.25115e-01,4.00096e+01,3.59272e+00,3.36562e-01,1.34938e+00,1.12388e+01
1.21350e+00,3.45791e+02,2.04393e-01,1.63770e+02,4.00778e-01,7.48737e-01,1.92075e+00,1.53153e+01,2.68418e+00,4.79885e+01,3.77390e-01,1.22417e+02,4.57123e+00,1.34588e+00,7.24522e-01,3.89708e+01,3.57721e+00,3.36041e-01,1.34750e+00,1.10278e+01
1.21290e+00,3.54122e+02,2.04093e-01,1.59911e+02,4.00065e-01,7.48002e-01,1.91329e+00,1.50374e+01,2.68304e+00,4.68850e+01,3.76885e-01,1.20201e+02,4.64112e+00,1.34525e+00,7.23921e-01,3.79658e+01,3.56317e+00,3.35514e-01,1.34565e+00,1.08253e+01
1.21227e+00,3.56901e+02,2.03800e-01,1.56155e+02,3.99374e-01,7.47269e-01,1.90620e+00,1.47659e+01,2.68182e+00,4.58222e+01,3.76391e-01,1.18086e+02,4.70718e+00,1.34457e+00,7.23320e-01,3.69923e+01,3.55050e+00,3.34979e-01,1.34379e+00,1.06308e+01
1.21160e+00,3.55711e+02,2.03504e-01,1.52505e+02,3.98697e-01,7.46538e-01,1.89947e+00,1.45014e+01,2.68055e+00,4.47988e+01,3.75913e-01,1.16173e+02,4.76799e+00,1.34385e+00,7.22713e-01,3.60508e+01,3.53917e+00,3.34441e-01,1.34200e+00,1.04445e+01
1.21090e+00,3.51727e+02,2.03211e-01,1.48967e+02,3.97987e-01,7.45796e-01,1.89309e+00,1.42439e+01,2.67924e+00,4.38139e+01,3.75456e-01,1.14711e+02,4.82273e+00,1.34309e+00,7.22097e-01,3.51399e+01,3.52902e+00,3.33894e-01,1.34024e+00,1.02659e+01
1.21017e+00,3.45789e+02,2.02916e-01,1.45532e+02,3.97256e-01,7.45052e-01,1.88706e+00,1.39935e+01,2.67791e+00,4.28652e+01,3.75015e-01,1.14121e+02,4.87147e+00,1.34228e+00,7.21472e-01,3.42592e+01,3.51998e+00,3.33347e-01,1.33845e+00,1.00945e+01
1.20945e+00,3.38775e+02,2.02613e-01,1.42207e+02,3.96538e-01,7.44302e-01,1.88135e+00,1.37499e+01,2.67651e+00,4.19514e+01,3.74584e-01,1.14911e+02,4.91534e+00,1.34142e+00,7.20849e-01,3.34071e+01,3.51203e+00,3.32799e-01,1.33671e+00,9.93031e+00
1.20874e+00,3.31304e+02,2.02301e-01,1.38984e+02,3.95823e-01,7.43551e-01,1.87592e+00,1.35133e+01,2.67503e+00,4.10705e+01,3.74171e-01,1.17530e+02,4.95591e+00,1.34051e+00,7.20213e-01,3.25828e+01,3.50507e+00,3.32257e-01,1.33499e+00,9.77309e+00
1.20806e+00,3.23713e+02,2.01980e-01,1.35865e+02,3.95107e-01,7.42807e-01,1.87075e+00,1.32836e+01,2.67352e+00,4.02218e+01,3.73771e-01,1.22144e+02,4.99452e+00,1.33956e+00,7.19566e-01,3.17855e+01,3.49901e+00,3.31712e-01,1.33325e+00,9.62211e+00
1.20743e+00,3.16173e+02,2.01652e-01,1.32845e+02,3.94368e-01,7.42056e-01,1.86584e+00,1.30605e+01,2.67193e+00,3.94041e+01,3.73378e-01,1.28897e+02,5.03184e+00,1.33858e+00,7.18911e-01,3.10145e+01,3.49375e+00,3.31157e-01,1.33154e+00,9.47770e+00
1.20688e+00,3.08771e+02,2.01319e-01,1.29923e+02,3.93622e-01,7.41288e-01,1.86117e+00,1.28442e+01,2.67027e+00,3.86165e+01,3.72985e-01,1.38526e+02,5.06744e+00,1.33757e+00,7.18250e-01,3.02688e+01,3.48921e+00,3.30594e-01,1.32988e+00,9.33944e+00
1.20641e+00,3.01552e+02,2.00997e-01,1.27096e+02,3.92900e-01,7.40503e-01,1.85675e+00,1.26344e+01,2.66854e+00,3.78578e+01,3.72590e-01,1.52079e+02,5.09976e+00,1.33652e+00,7.17584e-01,2.95481e+01,3.48531e+00,3.30032e-01,1.32821e+00,9.20706e+00
1.20603e+00,2.94535e+02,2.00679e-01,1.24357e+02,3.92208e-01,7.39724e-01,1.85255e+00,1.24308e+01,2.66673e+00,3.71254e+01,3.72196e-01,1.69794e+02,5.12674e+00,1.33543e+00,7.16918e-01,2.88507e+01,3.48199e+00,3.29468e-01,1.32652e+00,9.08016e+00
1.20575e+00,2.87733e+02,2.00358e-01,1.21707e+02,3.91537e-01,7.38956e-01,1.84856e+00,1.22333e+01,2.66484e+00,3.64196e+01,3.71802e-01,1.90750e+02,5.14634e+00,1.33435e+00,7.16247e-01,2.81764e+01,3.47921e+00,3.28901e-01,1.32487e+00,8.95925e+00
1.20558e+00,2.81150e+02,2.00038e-01,1.19142e+02,3.90837e-01,7.38188e-01,1.84476e+00,1.20422e+01,2.66288e+00,3.57398e+01,3.71414e-01,2.13843e+02,5.15652e+00,1.33325e+00,7.15575e-01,2.75240e+01,3.47681e+00,3.28328e-01,1.32323e+00,8.84326e+00
1.20551e+00,2.74781e+02,1.99712e-01,1.16656e+02,3.90109e-01,7.37419e-01,1.84116e+00,1.18571e+01,2.66087e+00,3.50836e+01,3.71031e-01,2.38553e+02,5.15608e+00,1.33213e+00,7.14887e-01,2.68930e+01,3.47486e+00,3.27754e-01,1.32157e+00,8.73274e+00
1.20554e+00,2.68626e+02,1.99383e-01,1.14247e+02,3.89397e-01,7.36645e-01,1.83774e+00,1.16779e+01,2.65878e+00,3.44507e+01,3.70650e-01,2.64391e+02,5.14477e+00,1.33101e+00,7.14199e-01,2.62830e+01,3.47328e+00,3.27180e-01,1.31991e+00,8.62716e+00
1.20565e+00,2.62679e+02,1.99048e-01,1.11913e+02,3.88681e-01,7.35854e-01,1.83447e+00,1.15042e+01,2.65662e+00,3.38405e+01,3.70270e-01,2.90075e+02,5.12296e+00,1.32988e+00,7.13505e-01,2.56930e+01,3.47205e+00,3.26609e-01,1.31828e+00,8.52652e+00
1.20581e+00,2.56937e+02,1.98708e-01,1.09645e+02,3.87964e-01,7.35069e-01,1.83135e+00,1.13364e+01,2.65439e+00,3.32519e+01,3.69900e-01,3.13804e+02,5.09167e+00,1.32876e+00,7.12793e-01,2.51221e+01,3.47109e+00,3.26035e-01,1.31662e+00,8.43088e+00
1.20599e+00,2.51390e+02,1.98359e-01,1.07449e+02,3.87233e-01,7.34286e-01,1.82834e+00,1.11739e+01,2.65211e+00,3.26839e+01,3.69536e-01,3.34005e+02,5.05223e+00,1.32764e+00,7.12074e-01,2.45699e+01,3.47037e+00,3.25451e-01,1.31495e+00,8.33963e+00
1.20616e+00,2.46031e+02,1.98000e-01,1.05312e+02,3.86502e-01,7.33492e-01,1.82548e+00,1.10165e+01,2.64976e+00,3.21355e+01,3.69160e-01,3.49707e+02,5.00622e+00,1.32652e+00,7.11352e-01,2.40357e+01,3.46981e+00,3.24866e-01,1.31333e+00,8.25321e+00
1.20627e+00,2.40851e+02,1.97655e-01,1.03238e+02,3.85800e-01,7.32692e-01,1.82272e+00,1.08646e+01,2.64732e+00,3.16065e+01,3.68776e-01,3.60644e+02,4.95516e+00,1.32539e+00,7.10624e-01,2.35190e+01,3.46942e+00,3.24280e-01,1.31170e+00,8.17104e+00
1.20628e+00,2.35840e+02,1.97326e-01,1.01219e+02,3.85113e-01,7.31896e-01,1.82008e+00,1.07177e+01,2.64481e+00,3.10954e+01,3.68389e-01,3.67130e+02,4.90050e+00,1.32424e+00,7.09894e-01,2.30190e+01,3.46915e+00,3.23690e-01,1.31005e+00,8.09315e+00
1.20618e+00,2.30992e+02,1.96995e-01,9.92575e+01,3.84437e-01,7.31100e-01,1.81757e+00,1.05759e+01,2.64226e+00,3.06021e+01,3.67999e-01,3.69802e+02,4.84357e+00,1.32307e+00,7.09171e-01,2.25350e+01,3.46895e+00,3.23104e-01,1.30845e+00,8.01977e+00
1.20589e+00,2.26293e+02,1.96659e-01,9.73447e+01,3.83744e-01,7.30296e-01,1.81513e+00,1.04391e+01,2.63962e+00,3.01258e+01,3.67613e-01,3.69424e+02,4.78547e+00,1.32185e+00,7.08432e-01,2.20670e+01,3.46881e+00,3.22516e-01,1.30683e+00,7.95028e+00
1.20540e+00,2.21737e+02,1.96312e-01,9.54842e+01,3.83022e-01,7.29487e-01,1.81280e+00,1.03077e+01,2.63695e+00,2.96653e+01,3.67229e-01,3.66725e+02,4.72704e+00,1.32058e+00,7.07683e-01,2.16139e+01,3.46872e+00,3.21924e-01,1.30520e+00,7.88522e+00
1.20468e+00,2.17312e+02,1.95962e-01,9.36708e+01,3.82306e-01,7.28672e-01,1.81056e+00,1.01812e+01,2.63423e+00,2.92207e+01,3.66847e-01,3.62343e+02,4.66909e+00,1.31925e+00,7.06936e-01,2.11755e+01,3.46867e+00,3.21333e-01,1.30356e+00,7.82396e+00
1.20371e+00,2.13010e+02,1.95614e-01,9.19008e+01,3.81596e-01,7.27856e-01,1.80838e+00,1.00597e+01,2.63146e+00,2.87917e+01,3.66468e-01,3.56821e+02,4.61224e+00,1.31787e+00,7.06184e-01,2.07512e+01,3.46866e+00,3.20750e-01,1.30194e+00,7.76670e+00
1.20249e+00,2.08822e+02,1.95270e-01,9.01763e+01,3.80890e-01,7.27045e-01,1.80626e+00,9.94244e+00,2.62860e+00,2.83764e+01,3.66094e-01,3.50609e+02,4.55699e+00,1.31640e+00,7.05418e-01,2.03405e+01,3.46865e+00,3.20171e-01,1.30033e+00,7.71312e+00
1.20099e+00,2.04742e+02,1.94915e-01,8.84929e+01,3.80169e-01,7.26236e-01,1.80418e+00,9.82974e+00,2.62572e+00,2.79749e+01,3.65725e-01,3.44037e+02,4.50370e+00,1.31487e+00,7.04652e-01,1.99430e+01,3.46863e+00,3.19585e-01,1.29868e+00,7.66339e+00
1.19926e+00,2.00760e+02,1.94549e-01,8.68477e+01,3.79432e-01,7.25421e-01,1.80214e+00,9.72167e+00,2.62280e+00,2.75869e+01,3.65345e-01,3.37336e+02,4.45269e+00,1.31328e+00,7.03883e-01,1.95581e+01,3.46856e+00,3.18996e-01,1.29706e+00,7.61718e+00
1.19732e+00,1.96874e+02,1.94193e-01,8.52436e+01,3.78717e-01,7.24592e-01,1.80017e+00,9.61796e+00,2.61980e+00,2.72122e+01,3.64955e-01,3.30645e+02,4.40415e+00,1.31163e+00,7.03109e-01,1.91858e+01,3.46845e+00,3.18406e-01,1.29545e+00,7.57466e+00
1.19520e+00,1.93074e+02,1.93847e-01,8.36746e+01,3.78031e-01,7.23761e-01,1.79824e+00,9.51800e+00,2.61674e+00,2.68492e+01,3.64560e-01,3.24041e+02,4.35831e+00,1.30990e+00,7.02340e-01,1.88250e+01,3.46827e+00,3.17811e-01,1.29382e+00,7.53519e+00
1.19296e+00,1.89361e+02,1.93504e-01,8.21434e+01,3.77381e-01,7.22932e-01,1.79635e+00,9.42194e+00,2.61365e+00,2.64982e+01,3.64163e-01,3.17578e+02,4.31517e+00,1.30811e+00,7.01573e-01,1.84754e+01,3.46804e+00,3.17217e-01,1.29221e+00,7.49934e+00
1.19059e+00,1.85728e+02,1.93165e-01,8.06459e+01,3.76713e-01,7.22102e-01,1.79449e+00,9.32992e+00,2.61051e+00,2.61584e+01,3.63773e-01,3.11273e+02,4.27487e+00,1.30630e+00,7.00804e-01,1.81372e+01,3.46771e+00,3.16617e-01,1.29061e+00,7.46649e+00
1.18816e+00,1.82176e+02,1.92820e-01,7.91818e+01,3.75999e-01,7.21277e-01,1.79265e+00,9.24176e+00,2.60734e+00,2.58299e+01,3.63384e-01,3.05142e+02,4.23731e+00,1.30443e+00,7.00029e-01,1.78097e+01,3.46729e+00,3.16011e-01,1.28900e+00,7.43715e+00
1.18570e+00,1.78699e+02,1.92468e-01,7.77527e+01,3.75288e-01,7.20441e-01,1.79087e+00,9.15680e+00,2.60413e+00,2.55122e+01,3.62993e-01,2.99183e+02,4.20244e+00,1.30253e+00,6.99243e-01,1.74926e+01,3.46682e+00,3.15406e-01,1.28738e+00,7.41087e+00
1.18320e+00,1.75297e+02,1.92117e-01,7.63559e+01,3.74607e-01,7.19596e-01,1.78910e+00,9.07535e+00,2.60088e+00,2.52044e+01,3.62604e-01,2.93400e+02,4.17020e+00,1.30062e+00,6.98457e-01,1.71852e+01,3.46628e+00,3.14809e-01,1.28577e+00,7.38793e+00
1.18070e+00,1.71970e+02,1.91771e-01,7.49894e+01,3.73917e-01,7.18757e-01,1.78734e+00,8.99752e+00,2.59757e+00,2.49062e+01,3.62223e-01,2.87792e+02,4.14051e+00,1.29868e+00,6.97660e-01,1.68872e+01,3.46569e+00,3.14231e-01,1.28418e+00,7.36830e+00
1.17823e+00,1.68715e+02,1.91414e-01,7.36544e+01,3.73225e-01,7.17923e-01,1.78556e+00,8.92286e+00,2.59422e+00,2.46180e+01,3.61846e-01,2.82345e+02,4.11316e+00,1.29670e+00,6.96863e-01,1.65985e+01,3.46500e+00,3.13703e-01,1.28256e+00,7.35206e+00
1.17580e+00,1.65533e+02,1.91045e-01,7.23508e+01,3.72523e-01,7.17081e-01,1.78381e+00,8.85111e+00,2.59088e+00,2.43385e+01,3.61463e-01,2.77062e+02,4.08795e+00,1.29472e+00,6.96063e-01,1.63186e+01,3.46423e+00,3.13247e-01,1.28096e+00,7.33922e+00
1.17343e+00,1.62423e+02,1.90683e-01,7.10770e+01,3.71847e-01,7.16239e-01,1.78208e+00,8.78256e+00,2.58748e+00,2.40678e+01,3.61071e-01,2.71931e+02,4.06473e+00,1.29274e+00,6.95255e-01,1.60478e+01,3.46335e+00,3.12855e-01,1.27939e+00,7.32969e+00
1.17109e+00,1.59383e+02,1.90330e-01,6.98305e+01,3.71177e-01,7.15400e-01,1.78036e+00,8.71663e+00,2.58403e+00,2.38055e+01,3.60673e-01,2.66945e+02,4.04331e+00,1.29077e+00,6.94452e-01,1.57848e+01,3.46236e+00,3.12470e-01,1.27779e+00,7.32318e+00
1.16885e+00,1.56417e+02,1.89982e-01,6.86145e+01,3.70531e-01,7.14561e-01,1.77865e+00,8.65340e+00,2.58057e+00,2.35512e+01,3.60272e-01,2.62103e+02,4.02344e+00,1.28877e+00,6.93661e-01,1.55301e+01,3.46127e+00,3.12032e-01,1.27621e+00,7.31978e+00
1.16667e+00,1.53520e+02,1.89643e-01,6.74269e+01,3.69871e-01,7.13718e-01,1.77692e+00,8.59298e+00,2.57705e+00,2.33046e+01,3.59876e-01,2.57392e+02,4.00507e+00,1.28678e+00,6.92862e-01,1.52834e+01,3.46008e+00,3.11498e-01,1.27466e+00,7.31865e+00
1.16453e+00,1.50692e+02,1.89302e-01,6.62654e+01,3.69171e-01,7.12869e-01,1.77521e+00,8.53475e+00,2.57351e+00,2.30661e+01,3.59483e-01,2.52815e+02,3.98800e+00,1.28479e+00,6.92062e-01,1.50443e+01,3.45878e+00,3.10871e-01,1.27316e+00,7.31959e+00
1.16245e+00,1.47933e+02,1.88951e-01,6.51316e+01,3.68480e-01,7.12004e-01,1.77351e+00,8.47901e+00,2.56994e+00,2.28342e+01,3.59090e-01,2.48351e+02,3.97205e+00,1.28281e+00,6.91253e-01,1.48122e+01,3.45740e+00,3.10197e-01,1.27169e+00,7.32193e+00
1.16046e+00,1.45242e+02,1.88597e-01,6.40256e+01,3.67815e-01,7.11135e-01,1.77180e+00,8.42539e+00,2.56636e+00,2.26095e+01,3.58691e-01,2.44007e+02,3.95713e+00,1.28084e+00,6.90451e-01,1.45872e+01,3.45595e+00,3.09503e-01,1.27023e+00,7.32472e+00
1.15850e+00,1.42618e+02,1.88253e-01,6.29457e+01,3.67144e-01,7.10278e-01,1.77009e+00,8.37362e+00,2.56275e+00,2.23919e+01,3.58298e-01,2.39768e+02,3.94310e+00,1.27885e+00,6.89638e-01,1.43694e+01,3.45443e+00,3.08812e-01,1.26878e+00,7.32758e+00
1.15655e+00,1.40058e+02,1.87902e-01,6.18907e+01,3.66464e-01,7.09429e-01,1.76834e+00,8.32394e+00,2.55912e+00,2.21802e+01,3.57915e-01,2.35638e+02,3.92987e+00,1.27687e+00,6.88821e-01,1.41581e+01,3.45281e+00,3.08127e-01,1.26726e+00,7.32978e+00
1.15464e+00,1.37564e+02,1.87541e-01,6.08607e+01,3.65777e-01,7.08581e-01,1.76661e+00,8.27617e+00,2.55550e+00,2.19751e+01,3.57535e-01,2.31600e+02,3.91737e+00,1.27489e+00,6.88006e-01,1.39529e+01,3.45112e+00,3.07455e-01,1.26567e+00,7.33079e+00
1.15277e+00,1.35132e+02,1.87186e-01,5.98566e+01,3.65109e-01,7.07728e-01,1.76489e+00,8.23020e+00,2.55181e+00,2.17761e+01,3.57145e-01,2.27658e+02,3.90552e+00,1.27292e+00,6.87184e-01,1.37542e+01,3.44935e+00,3.06803e-01,1.26408e+00,7.33021e+00
1.15091e+00,1.32760e+02,1.86841e-01,5.88751e+01,3.64462e-01,7.06873e-01,1.76317e+00,8.18548e+00,2.54807e+00,2.15827e+01,3.56748e-01,2.23803e+02,3.89428e+00,1.27095e+00,6.86363e-01,1.35612e+01,3.44746e+00,3.06166e-01,1.26247e+00,7.32814e+00
1.14907e+00,1.30449e+02,1.86498e-01,5.79182e+01,3.63837e-01,7.06024e-01,1.76143e+00,8.14261e+00,2.54433e+00,2.13947e+01,3.56350e-01,2.20032e+02,3.88354e+00,1.26896e+00,6.85549e-01,1.33743e+01,3.44548e+00,3.05546e-01,1.26086e+00,7.32449e+00
1.14727e+00,1.28196e+02,1.86160e-01,5.69853e+01,3.63189e-01,7.05176e-01,1.75968e+00,8.10101e+00,2.54056e+00,2.12125e+01,3.55956e-01,2.16343e+02,3.87331e+00,1.26699e+00,6.84735e-01,1.31930e+01,3.44342e+00,3.04937e-01,1.25928e+00,7.31941e+00
1.14548e+00,1.25999e+02,1.85820e-01,5.60740e+01,3.62508e-01,7.04327e-01,1.75793e+00,8.06094e+00,2.53677e+00,2.10354e+01,3.55563e-01,2.12737e+02,3.86352e+00,1.26499e+00,6.83915e-01,1.30171e+01,3.44127e+00,3.04339e-01,1.25772e+00,7.31365e+00
1.14370e+00,1.23857e+02,1.85472e-01,5.51847e+01,3.61836e-01,7.03477e-01,1.75620e+00,8.02230e+00,2.53297e+00,2.08632e+01,3.55168e-01,2.09202e+02,3.85408e+00,1.26300e+00,6.83090e-01,1.28466e+01,3.43907e+00,3.03751e-01,1.25614e+00,7.30763e+00
1.14194e+00,1.21768e+02,1.85128e-01,5.43175e+01,3.61177e-01,7.02613e-01,1.75446e+00,7.98481e+00,2.52915e+00,2.06963e+01,3.54770e-01,2.05747e+02,3.84497e+00,1.26101e+00,6.82271e-01,1.26815e+01,3.43679e+00,3.03176e-01,1.25457e+00,7.30217e+00
1.14021e+00,1.19730e+02,1.84791e-01,5.34721e+01,3.60524e-01,7.01756e-01,1.75269e+00,7.94852e+00,2.52528e+00,2.05336e+01,3.54379e-01,2.02361e+02,3.83616e+00,1.25902e+00,6.81446e-01,1.25211e+01,3.43445e+00,3.02610e-01,1.25304e+00,7.29810e+00
1.13848e+00,1.17742e+02,1.84445e-01,5.26476e+01,3.59857e-01,7.00910e-01,1.75090e+00,7.91342e+00,2.52142e+00,2.03758e+01,3.53996e-01,1.99051e+02,3.82756e+00,1.25701e+00,6.80623e-01,1.23658e+01,3.43209e+00,3.02037e-01,1.25151e+00,7.29611e+00
1.13674e+00,1.15801e+02,1.84082e-01,5.18431e+01,3.59179e-01,7.00059e-01,1.74910e+00,7.87922e+00,2.51757e+00,2.02225e+01,3.53612e-01,1.95809e+02,3.81918e+00,1.25500e+00,6.79801e-01,1.22155e+01,3.42966e+00,3.01459e-01,1.24999e+00,7.29702e+00
1.13499e+00,1.13907e+02,1.83726e-01,5.10584e+01,3.58531e-01,6.99199e-01,1.74733e+00,7.84618e+00,2.51368e+00,2.00734e+01,3.53217e-01,1.92635e+02,3.81094e+00,1.25300e+00,6.78973e-01,1.20696e+01,3.42718e+00,3.00879e-01,1.24848e+00,7.30151e+00
1.13325e+00,1.12058e+02,1.83382e-01,5.02919e+01,3.57898e-01,6.98340e-01,1.74553e+00,7.81393e+00,2.50976e+00,1.99283e+01,3.52818e-01,1.89529e+02,3.80287e+00,1.25101e+00,6.78142e-01,1.19281e+01,3.42462e+00,3.00300e-01,1.24697e+00,7.30987e+00
1.13150e+00,1.10251e+02,1.83042e-01,4.95448e+01,3.57284e-01,6.97486e-01,1.74375e+00,7.78295e+00,2.50584e+00,1.97872e+01,3.52418e-01,1.86489e+02,3.79493e+00,1.24898e+00,6.77320e-01,1.17914e+01,3.42200e+00,2.99726e-01,1.24547e+00,7.32292e+00
1.12978e+00,1.08487e+02,1.82715e-01,4.88169e+01,3.56655e-01,6.96634e-01,1.74195e+00,7.75278e+00,2.50189e+00,1.96505e+01,3.52026e-01,1.83514e+02,3.78712e+00,1.24697e+00,6.76501e-01,1.16588e+01,3.41935e+00,2.99154e-01,1.24397e+00,7.34033e+00
1.12803e+00,1.06762e+02,1.82390e-01,4.81064e+01,3.55981e-01,6.95776e-01,1.74013e+00,7.72368e+00,2.49795e+00,1.95169e+01,3.51635e-01,1.80607e+02,3.77940e+00,1.24493e+00,6.75674e-01,1.15303e+01,3.41666e+00,2.98578e-01,1.24248e+00,7.36258e+00
1.12628e+00,1.05075e+02,1.82053e-01,4.74134e+01,3.55322e-01,6.94912e-01,1.73834e+00,7.69543e+00,2.49397e+00,1.93877e+01,3.51239e-01,1.77762e+02,3.77179e+00,1.24290e+00,6.74847e-01,1.14063e+01,3.41394e+00,2.98007e-01,1.24099e+00,7.38899e+00
1.12455e+00,1.03427e+02,1.81707e-01,4.67369e+01,3.54686e-01,6.94034e-01,1.73652e+00,7.66800e+00,2.49002e+00,1.92618e+01,3.50840e-01,1.74981e+02,3.76422e+00,1.24087e+00,6.74030e-01,1.12859e+01,3.41123e+00,2.97449e-01,1.23948e+00,7.41942e+00
1.12282e+00,1.01814e+02,1.81366e-01,4.60766e+01,3.54043e-01,6.93164e-01,1.73470e+00,7.64157e+00,2.48604e+00,1.91393e+01,3.50449e-01,1.72262e+02,3.75673e+00,1.23883e+00,6.73206e-01,1.11697e+01,3.40850e+00,2.96898e-01,1.23800e+00,7.45310e+00
1.12108e+00,1.00237e+02,1.81029e-01,4.54325e+01,3.53379e-01,6.92304e-01,1.73284e+00,7.61588e+00,2.48207e+00,1.90204e+01,3.50070e-01,1.69604e+02,3.74928e+00,1.23678e+00,6.72379e-01,1.10573e+01,3.40578e+00,2.96338e-01,1.23652e+00,7.48947e+00
1.11934e+00,9.86933e+01,1.80686e-01,4.48042e+01,3.52705e-01,6.91441e-01,1.73097e+00,7.59102e+00,2.47810e+00,1.89046e+01,3.49690e-01,1.67007e+02,3.74190e+00,1.23474e+00,6.71556e-01,1.09485e+01,3.40305e+00,2.95776e-01,1.23503e+00,7.52741e+00
1.11759e+00,9.71848e+01,1.80347e-01,4.41919e+01,3.52073e-01,6.90578e-01,1.72913e+00,7.56719e+00,2.47411e+00,1.87923e+01,3.50054e-01,1.64470e+02,3.73454e+00,1.23271e+00,6.70728e-01,1.08437e+01,3.40032e+00,2.95214e-01,1.23357e+00,7.56642e+00
1.11584e+00,9.57084e+01,1.80011e-01,4.35934e+01,3.51465e-01,6.89716e-01,1.72729e+00,7.54381e+00,2.47012e+00,1.86830e+01,3.50642e-01,1.61989e+02,3.72724e+00,1.23069e+00,6.69902e-01,1.07421e+01,3.39756e+00,2.94651e-01,1.23211e+00,7.60530e+00
1.11407e+00,9.42597e+01,1.79676e-01,4.30101e+01,3.50875e-01,6.88859e-01,1.72544e+00,7.52141e+00,2.46613e+00,1.85777e+01,3.51276e-01,1.59564e+02,3.72001e+00,1.22865e+00,6.69084e-01,1.06446e+01,3.39478e+00,2.94087e-01,1.23230e+00,7.64332e+00
1.11233e+00,9.28401e+01,1.79349e-01,4.24403e+01,3.50275e-01,6.88003e-01,1.72358e+00,7.49986e+00,2.46447e+00,1.84746e+01,3.51581e-01,1.57195e+02,3.71282e+00,1.22661e+00,6.68266e-01,1.05514e+01,3.39452e+00,2.93522e-01,1.23374e+00,7.67960e+00
1.11060e+00,9.14478e+01,1.79029e-01,4.18842e+01,3.49636e-01,6.87150e-01,1.72175e+00,7.48094e+00,2.46324e+00,1.83752e+01,3.51657e-01,1.54881e+02,3.70571e+00,1.22455e+00,6.67439e-01,1.04627e+01,3.39440e+00,2.93481e-01,1.23612e+00,7.71349e+00
1.10884e+00,9.00835e+01,1.78706e-01,4.13416e+01,3.50077e-01,6.86298e-01,1.71999e+00,7.46347e+00,2.46214e+00,1.82784e+01,3.51680e-01,1.52620e+02,3.69863e+00,1.22250e+00,6.66610e-01,1.03782e+01,3.39392e+00,2.94011e-01,1.24335e+00,7.74427e+00
1.10710e+00,8.87452e+01,1.78376e-01,4.08129e+01,3.50552e-01,6.85446e-01,1.71827e+00,7.44632e+00,2.46156e+00,1.81844e+01,3.51628e-01,1.50411e+02,3.69155e+00,1.22045e+00,6.65787e-01,1.02985e+01,3.39298e+00,2.93983e-01,1.25087e+00,7.77132e+00
1.10534e+00,8.74333e+01,1.78119e-01,4.02989e+01,3.50896e-01,6.87765e-01,1.71767e+00,7.42967e+00,2.46131e+00,1.80930e+01,3.52891e-01,1.48250e+02,3.68458e+00,1.21841e+00,6.65538e-01,1.02226e+01,3.39685e+00,2.94211e-01,1.26048e+00,7.79402e+00
1.10360e+00,8.61465e+01,1.78187e-01,3.98071e+01,3.51452e-01,6.89850e-01,1.71700e+00,7.41423e+00,2.46125e+00,1.80042e+01,3.54903e-01,1.46139e+02,3.67797e+00,1.21640e+00,6.65156e-01,1.01511e+01,3.39979e+00,2.98366e-01,1.26922e+00,7.81336e+00
1.10444e+00,8.49149e+01,1.79737e-01,3.93269e+01,3.51902e-01,6.92493e-01,1.71610e+00,7.39929e+00,2.46370e+00,1.79182e+01,3.57304e-01,1.44079e+02,3.67141e+00,1.21532e+00,6.64773e-01,1.00834e+01,3.40049e+00,3.02563e-01,1.27782e+00,7.82761e+00
1.10592e+00,8.37338e+01,1.82187e-01,3.88536e+01,3.52203e-01,6.94274e-01,1.71478e+00,7.38605e+00,2.47066e+00,1.78343e+01,3.59079e-01,1.42070e+02,3.66487e+00,1.21493e+00,6.64450e-01,1.00201e+01,3.39935e+00,3.06678e-01,1.28682e+00,7.83845e+00
1.10747e+00,8.25417e+01,1.85152e-01,3.83891e+01,3.52439e-01,6.95462e-01,1.71322e+00,7.37353e+00,2.48404e+00,1.77525e+01,3.60435e-01,1.40106e+02,3.65832e+00,1.21553e+00,6.65549e-01,9.96078e+00,3.39685e+00,3.14125e-01,1.29690e+00,7.84449e+00
1.10963e+00,8.13359e+01,1.88022e-01,3.79362e+01,3.52617e-01,6.96216e-01,1.71133e+00,7.36153e+00,2.50277e+00,1.76734e+01,3.61484e-01,1.38186e+02,3.65165e+00,1.21781e+00,6.66213e-01,9.90535e+00,3.39408e+00,3.24357e-01,1.30872e+00,7.84462e+00
1.11507e+00,8.01652e+01,1.90876e-01,3.74953e+01,3.52710e-01,6.96702e-01,1.70969e+00,7.34953e+00,2.52632e+00,1.75962e+01,3.62233e-01,1.36310e+02,3.64508e+00,1.22192e+00,6.66933e-01,9.85242e+00,3.39125e+00,3.34448e-01,1.32255e+00,7.83880e+00
1.12738e+00,7.90209e+01,1.93845e-01,3.70657e+01,3.52680e-01,6.97042e-01,1.70838e+00,7.33806e+00,2.55549e+00,1.75220e+01,3.62637e-01,1.34477e+02,3.63865e+00,1.22754e+00,6.68086e-01,9.80221e+00,3.38841e+00,3.41889e-01,1.33851e+00,7.82716e+00
1.14913e+00,7.79001e+01,1.96725e-01,3.66466e+01,3.52468e-01,6.97202e-01,1.70744e+00,7.32726e+00,2.59097e+00,1.74499e+01,3.62831e-01,1.32687e+02,3.63241e+00,1.23464e+00,6.69643e-01,9.75365e+00,3.38592e+00,3.45853e-01,1.35639e+00,7.81025e+00
1.17992e+00,7.68015e+01,1.99062e-01,3.62383e+01,3.52113e-01,6.97239e-01,1.70703e+00,7.31719e+00,2.63213e+00,1.73802e+01,3.62850e-01,1.30937e+02,3.62638e+00,1.24431e+00,6.71655e-01,9.70700e+00,3.38378e+00,3.46668e-01,1.37542e+00,7.78881e+00
1.21642e+00,7.57234e+01,2.00348e-01,3.58416e+01,3.51607e-01,6.97031e-01,1.70727e+00,7.30779e+00,2.67705e+00,1.73125e+01,3.62775e-01,1.29225e+02,3.62069e+00,1.25780e+00,6.74027e-01,9.66159e+00,3.38189e+00,3.45220e-01,1.39445e+00,7.76337e+00
1.25397e+00,7.46653e+01,2.00356e-01,3.54571e+01,3.50999e-01,6.96648e-01,1.70826e+00,7.29896e+00,2.72305e+00,1.72469e+01,3.62658e-01,1.27551e+02,3.61530e+00,1.27540e+00,6.76774e-01,9.61809e+00,3.38001e+00,3.42231e-01,1.41226e+00,7.73449e+00
1.28864e+00,7.36261e+01,1.99151e-01,3.50858e+01,3.50394e-01,6.96005e-01,1.70983e+00,7.29058e+00,2.76733e+00,1.71834e+01,3.62485e-01,1.25910e+02,3.61025e+00,1.29572e+00,6.79944e-01,9.57624e+00,3.37792e+00,3.38240e-01,1.42789e+00,7.70252e+00
1.31860e+00,7.26055e+01,1.96983e-01,3.47287e+01,3.49878e-01,6.95193e-01,1.71153e+00,7.28290e+00,2.80759e+00,1.71221e+01,3.62311e-01,1.24304e+02,3.60546e+00,1.31609e+00,6.83516e-01,9.53753e+00,3.37544e+00,3.33569e-01,1.44081e+00,7.66775e+00
1.34415e+00,7.16032e+01,1.94261e-01,3.43870e+01,3.49474e-01,6.94285e-01,1.71287e+00,7.27586e+00,2.84199e+00,1.70626e+01,3.62165e-01,1.22729e+02,3.60098e+00,1.33393e+00,6.87424e-01,9.50215e+00,3.37252e+00,3.28504e-01,1.45101e+00,7.63072e+00
1.36665e+00,7.06196e+01,1.91229e-01,3.40620e+01,3.49219e-01,6.93303e-01,1.71350e+00,7.27015e+00,2.86975e+00,1.70054e+01,3.62074e-01,1.21184e+02,3.59670e+00,1.34773e+00,6.91675e-01,9.47159e+00,3.36914e+00,3.23351e-01,1.45865e+00,7.59167e+00
1.38727e+00,6.96543e+01,1.88180e-01,3.37557e+01,3.49141e-01,6.92241e-01,1.71317e+00,7.26534e+00,2.89136e+00,1.69502e+01,3.62061e-01,1.19673e+02,3.59259e+00,1.35713e+00,6.96206e-01,9.44562e+00,3.36530e+00,3.18324e-01,1.46431e+00,7.55073e+00
1.40573e+00,6.87067e+01,1.85371e-01,3.34714e+01,3.49222e-01,6.91160e-01,1.71186e+00,7.26169e+00,2.90808e+00,1.68972e+01,3.62093e-01,1.18192e+02,3.58877e+00,1.36275e+00,7.01112e-01,9.42470e+00,3.36081e+00,3.13605e-01,1.46838e+00,7.50906e+00
1.42038e+00,6.77767e+01,1.82852e-01,3.32109e+01,3.49417e-01,6.90070e-01,1.70968e+00,7.25871e+00,2.92163e+00,1.68460e+01,3.62216e-01,1.16745e+02,3.58518e+00,1.36563e+00,7.06449e-01,9.40764e+00,3.35574e+00,3.09291e-01,1.47164e+00,7.46674e+00
1.42917e+00,6.68654e+01,1.80647e-01,3.29763e+01,3.49734e-01,6.89044e-01,1.70689e+00,7.25634e+00,2.93355e+00,1.67969e+01,3.62419e-01,1.15328e+02,3.58187e+00,1.36674e+00,7.12382e-01,9.39386e+00,3.35011e+00,3.05459e-01,1.47434e+00,7.42419e+00
1.43073e+00,6.59721e+01,1.78787e-01,3.27682e+01,3.50062e-01,6.88104e-01,1.70376e+00,7.25439e+00,2.94508e+00,1.67495e+01,3.62662e-01,1.13949e+02,3.57885e+00,1.36683e+00,7.19004e-01,9.38228e+00,3.34396e+00,3.02125e-01,1.47692e+00,7.38197e+00
1.42493e+00,6.50968e+01,1.77198e-01,3.25861e+01,3.50348e-01,6.87277e-01,1.70051e+00,7.25288e+00,2.95676e+00,1.67039e+01,3.62943e-01,1.12601e+02,3.57625e+00,1.36623e+00,7.26416e-01,9.37184e+00,3.33746e+00,2.99303e-01,1.47954e+00,7.34035e+00
1.41271e+00,6.42395e+01,1.75906e-01,3.24288e+01,3.50525e-01,6.86608e-01,1.69739e+00,7.25157e+00,2.96872e+00,1.66603e+01,3.63221e-01,1.11285e+02,3.57402e+00,1.36500e+00,7.34573e-01,9.36188e+00,3.33072e+00,2.96927e-01,1.48219e+00,7.29963e+00
1.39562e+00,6.34003e+01,1.74867e-01,3.22947e+01,3.50509e-01,6.86128e-01,1.69448e+00,7.25059e+00,2.98055e+00,1.66186e+01,3.63445e-01,1.10001e+02,3.57217e+00,1.36299e+00,7.43410e-01,9.35209e+00,3.32382e+00,2.94955e-01,1.48484e+00,7.26020e+00
1.37536e+00,6.25786e+01,1.73991e-01,3.21790e+01,3.50284e-01,6.85804e-01,1.69183e+00,7.24971e+00,2.99148e+00,1.65790e+01,3.63596e-01,1.08738e+02,3.57077e+00,1.36009e+00,7.52797e-01,9.34218e+00,3.31688e+00,2.93313e-01,1.48740e+00,7.22207e+00
1.35334e+00,6.17752e+01,1.73244e-01,3.20787e+01,3.49811e-01,6.85696e-01,1.68950e+00,7.24929e+00,3.00064e+00,1.65419e+01,3.63618e-01,1.07494e+02,3.56965e+00,1.35610e+00,7.62649e-01,9.33235e+00,3.30992e+00,2.91945e-01,1.48963e+00,7.18563e+00
1.33072e+00,6.09893e+01,1.72627e-01,3.19899e+01,3.49054e-01,6.85757e-01,1.68749e+00,7.24925e+00,3.00702e+00,1.65075e+01,3.63490e-01,1.06269e+02,3.56885e+00,1.35091e+00,7.72889e-01,9.32325e+00,3.30300e+00,2.90796e-01,1.49160e+00,7.15118e+00
1.30831e+00,6.02200e+01,1.72112e-01,3.19082e+01,3.47970e-01,6.86055e-01,1.68583e+00,7.24937e+00,3.00992e+00,1.64762e+01,3.63244e-01,1.05055e+02,3.56827e+00,1.34447e+00,7.83434e-01,9.31505e+00,3.29614e+00,2.89821e-01,1.49306e+00,7.11838e+00
1.28664e+00,5.94670e+01,1.71655e-01,3.18303e+01,3.46627e-01,6.86643e-01,1.68445e+00,7.24980e+00,3.00880e+00,1.64488e+01,3.62852e-01,1.03854e+02,3.56790e+00,1.33684e+00,7.94199e-01,9.30815e+00,3.28940e+00,2.88953e-01,1.49416e+00,7.08752e+00
1.26605e+00,5.87299e+01,1.71258e-01,3.17516e+01,3.45099e-01,6.87504e-01,1.68330e+00,7.25038e+00,3.00334e+00,1.64254e+01,3.62365e-01,1.02664e+02,3.56763e+00,1.32816e+00,8.05040e-01,9.30271e+00,3.28279e+00,2.88172e-01,1.49468e+00,7.05823e+00
1.24663e+00,5.80082e+01,1.70883e-01,3.16676e+01,3.43435e-01,6.88747e-01,1.68239e+00,7.25100e+00,2.99365e+00,1.64067e+01,3.61813e-01,1.01485e+02,3.56746e+00,1.31861e+00,8.15690e-01,9.29855e+00,3.27628e+00,2.87469e-01,1.49471e+00,7.03041e+00
1.22849e+00,5.73013e+01,1.70530e-01,3.15758e+01,3.41680e-01,6.90269e-01,1.68167e+00,7.25170e+00,2.98008e+00,1.63929e+01,3.61240e-01,1.00321e+02,3.56730e+00,1.30841e+00,8.25881e-01,9.29561e+00,3.26989e+00,2.86788e-01,1.49420e+00,7.00392e+00
1.21157e+00,5.66088e+01,1.70207e-01,3.14728e+01,3.39896e-01,6.92089e-01,1.68114e+00,7.25221e+00,2.96323e+00,1.63846e+01,3.60691e-01,9.91734e+01,3.56709e+00,1.29781e+00,8.35295e-01,9.29334e+00,3.26363e+00,2.86102e-01,1.49318e+00,6.97824e+00
1.19588e+00,5.59302e+01,1.69917e-01,3.13561e+01,3.38134e-01,6.94184e-01,1.68081e+00,7.25277e+00,2.94370e+00,1.63819e+01,3.60195e-01,9.80420e+01,3.56669e+00,1.28707e+00,8.43567e-01,9.29168e+00,3.25751e+00,2.85413e-01,1.49165e+00,6.95324e+00
1.18136e+00,5.52654e+01,1.69610e-01,3.12260e+01,3.36445e-01,6.96390e-01,1.68069e+00,7.25276e+00,2.92232e+00,1.63846e+01,3.59777e-01,9.69288e+01,3.56603e+00,1.27648e+00,8.50432e-01,9.29021e+00,3.25150e+00,2.84695e-01,1.48978e+00,6.92856e+00
1.16795e+00,5.46138e+01,1.69297e-01,3.10828e+01,3.34883e-01,6.98663e-01,1.68078e+00,7.25257e+00,2.89957e+00,1.63926e+01,3.59454e-01,9.58343e+01,3.56490e+00,1.26622e+00,8.55681e-01,9.28900e+00,3.24555e+00,2.83956e-01,1.48761e+00,6.90405e+00
1.15560e+00,5.39764e+01,1.68983e-01,3.09283e+01,3.33416e-01,7.00860e-01,1.68111e+00,7.25176e+00,2.87603e+00,1.64052e+01,3.59257e-01,9.47615e+01,3.56319e+00,1.25648e+00,8.59221e-01,9.28818e+00,3.23966e+00,2.83189e-01,1.48523e+00,6.87951e+00
1.14428e+00,5.33522e+01,1.68679e-01,3.07659e+01,3.32018e-01,7.02843e-01,1.68169e+00,7.25046e+00,2.85226e+00,1.64217e+01,3.59158e-01,9.37076e+01,3.56068e+00,1.24735e+00,8.61084e-01,9.28785e+00,3.23381e+00,2.82390e-01,1.48280e+00,6.85495e+00
1.13392e+00,5.27411e+01,1.68394e-01,3.05990e+01,3.30715e-01,7.04571e-01,1.68258e+00,7.24877e+00,2.82836e+00,1.64408e+01,3.59131e-01,9.26754e+01,3.55730e+00,1.23895e+00,8.61418e-01,9.28844e+00,3.22808e+00,2.81554e-01,1.48044e+00,6.83042e+00
1.12449e+00,5.21426e+01,1.68112e-01,3.04300e+01,3.29528e-01,7.05991e-01,1.68375e+00,7.24660e+00,2.80476e+00,1.64612e+01,3.59174e-01,9.16626e+01,3.55293e+00,1.23134e+00,8.60422e-01,9.29008e+00,3.22245e+00,2.80720e-01,1.47833e+00,6.80607e+00
1.11593e+00,5.15566e+01,1.67825e-01,3.02613e+01,3.28426e-01,7.07030e-01,1.68525e+00,7.24385e+00,2.78152e+00,1.64818e+01,3.59220e-01,9.06700e+01,3.54753e+00,1.22450e+00,8.58327e-01,9.29322e+00,3.21688e+00,2.79881e-01,1.47651e+00,6.78213e+00
1.10814e+00,5.09829e+01,1.67531e-01,3.00930e+01,3.27431e-01,7.07730e-01,1.68705e+00,7.24069e+00,2.75870e+00,1.65012e+01,3.59273e-01,8.96995e+01,3.54105e+00,1.21840e+00,8.55457e-01,9.29808e+00,3.21137e+00,2.79045e-01,1.47500e+00,6.75875e+00
1.10109e+00,5.04209e+01,1.67243e-01,2.99239e+01,3.26512e-01,7.08070e-01,1.68917e+00,7.23710e+00,2.73634e+00,1.65184e+01,3.59284e-01,8.87474e+01,3.53354e+00,1.21300e+00,8.52020e-01,9.30484e+00,3.20598e+00,2.78213e-01,1.47382e+00,6.73629e+00
1.09473e+00,4.98706e+01,1.66969e-01,2.97517e+01,3.25665e-01,7.08130e-01,1.69164e+00,7.23299e+00,2.71442e+00,1.65325e+01,3.59224e-01,8.78155e+01,3.52502e+00,1.20823e+00,8.48234e-01,9.31374e+00,3.20071e+00,2.77400e-01,1.47293e+00,6.71507e+00
1.08894e+00,4.93309e+01,1.66687e-01,2.95745e+01,3.24865e-01,7.08013e-01,1.69441e+00,7.22853e+00,2.69294e+00,1.65430e+01,3.59087e-01,8.69029e+01,3.51567e+00,1.20398e+00,8.44255e-01,9.32456e+00,3.19559e+00,2.76613e-01,1.47217e+00,6.69512e+00
1.08371e+00,4.88016e+01,1.66385e-01,2.93893e+01,3.24144e-01,7.07751e-01,1.69743e+00,7.22374e+00,2.67190e+00,1.65496e+01,3.58845e-01,8.60093e+01,3.50566e+00,1.20021e+00,8.40149e-01,9.33778e+00,3.19064e+00,2.75856e-01,1.47144e+00,6.67670e+00
1.07898e+00,4.82837e+01,1.66078e-01,2.91938e+01,3.23457e-01,7.07461e-01,1.70069e+00,7.21855e+00,2.65141e+00,1.65518e+01,3.58492e-01,8.51358e+01,3.49508e+00,1.19678e+00,8.35995e-01,9.35280e+00,3.18594e+00,2.75129e-01,1.47057e+00,6.66027e+00
1.07468e+00,4.77749e+01,1.65779e-01,2.89928e+01,3.22772e-01,7.08498e-01,1.70522e+00,7.21316e+00,2.63142e+00,1.65516e+01,3.58043e-01,8.42828e+01,3.48410e+00,1.19360e+00,8.31777e-01,9.36994e+00,3.18156e+00,2.74428e-01,1.46967e+00,6.64583e+00
1.07075e+00,4.72758e+01,1.65483e-01,2.87809e+01,3.22106e-01,7.11575e-01,1.70917e+00,7.20998e+00,2.61208e+00,1.65473e+01,3.57877e-01,8.34480e+01,3.47291e+00,1.19059e+00,8.27539e-01,9.38855e+00,3.17766e+00,2.73758e-01,1.46882e+00,6.63308e+00
1.06718e+00,4.67860e+01,1.65185e-01,2.85635e+01,3.21470e-01,7.16616e-01,1.71377e+00,7.21176e+00,2.59340e+00,1.65406e+01,3.57695e-01,8.26333e+01,3.46166e+00,1.18765e+00,8.23393e-01,9.40856e+00,3.17539e+00,2.73096e-01,1.46783e+00,6.62239e+00
1.06389e+00,4.63062e+01,1.64879e-01,2.83395e+01,3.20864e-01,7.22294e-01,1.71802e+00,7.21638e+00,2.57549e+00,1.65315e+01,3.57615e-01,8.18375e+01,3.45041e+00,1.18474e+00,8.19205e-01,9.42951e+00,3.17349e+00,2.72465e-01,1.46661e+00,6.61331e+00
1.06084e+00,4.58350e+01,1.64581e-01,2.81120e+01,3.20273e-01,7.27842e-01,1.72211e+00,7.22436e+00,2.55840e+00,1.65201e+01,3.57545e-01,8.10606e+01,3.43937e+00,1.18180e+00,8.14842e-01,9.45086e+00,3.17249e+00,2.71846e-01,1.46521e+00,6.60570e+00
1.05801e+00,4.53722e+01,1.64290e-01,2.78869e+01,3.19689e-01,7.34328e-01,1.72636e+00,7.23452e+00,2.54220e+00,1.65067e+01,3.57424e-01,8.03046e+01,3.42858e+00,1.17881e+00,8.10239e-01,9.47247e+00,3.17243e+00,2.71248e-01,1.46372e+00,6.59947e+00
1.05535e+00,4.49180e+01,1.64012e-01,2.76695e+01,3.19133e-01,7.42857e-01,1.73136e+00,7.24482e+00,2.52693e+00,1.64915e+01,3.57217e-01,7.95660e+01,3.41804e+00,1.17573e+00,8.05289e-01,9.49351e+00,3.17355e+00,2.70664e-01,1.46214e+00,6.59408e+00
1.05286e+00,4.44723e+01,1.63732e-01,2.74621e+01,3.18602e-01,7.55362e-01,1.73790e+00,7.25518e+00,2.51255e+00,1.64752e+01,3.57005e-01,7.88452e+01,3.40783e+00,1.17256e+00,7.99931e-01,9.51371e+00,3.17594e+00,2.70091e-01,1.46027e+00,6.58918e+00
1.05049e+00,4.40352e+01,1.63440e-01,2.72697e+01,3.18108e-01,7.77600e-01,1.74682e+00,7.26585e+00,2.49920e+00,1.64578e+01,3.56878e-01,7.81409e+01,3.39792e+00,1.16930e+00,7.94154e-01,9.53275e+00,3.17965e+00,2.69536e-01,1.45778e+00,6.58456e+00
1.04827e+00,4.36068e+01,1.63144e-01,2.70960e+01,3.17641e-01,8.21299e-01,1.75887e+00,7.27586e+00,2.48675e+00,1.64396e+01,3.56914e-01,7.74546e+01,3.38832e+00,1.16605e+00,7.88041e-01,9.55003e+00,3.18450e+00,2.69000e-01,1.45432e+00,6.57996e+00
1.04615e+00,4.31874e+01,1.62860e-01,2.69388e+01,3.17183e-01,8.94601e-01,1.77415e+00,7.28496e+00,2.47523e+00,1.64211e+01,3.57163e-01,7.67833e+01,3.37896e+00,1.16277e+00,7.81662e-01,9.56535e+00,3.19054e+00,2.68460e-01,1.44967e+00,6.57512e+00
1.04409e+00,4.27770e+01,1.62584e-01,2.67897e+01,3.16734e-01,9.89154e-01,1.79161e+00,7.29397e+00,2.46463e+00,1.64022e+01,3.57593e-01,7.61261e+01,3.36987e+00,1.15950e+00,7.75167e-01,9.57829e+00,3.19768e+00,2.67931e-01,1.44390e+00,6.56981e+00
1.04216e+00,4.23757e+01,1.62300e-01,2.66388e+01,3.16314e-01,1.09188e+00,1.80913e+00,7.30412e+00,2.45479e+00,1.63833e+01,3.58172e-01,7.54845e+01,3.36100e+00,1.15625e+00,7.68600e-01,9.58854e+00,3.20591e+00,2.67412e-01,1.43690e+00,6.56385e+00
1.04028e+00,4.19840e+01,1.62007e-01,2.64817e+01,3.15901e-01,1.19940e+00,1.82426e+00,7.31708e+00,2.44582e+00,1.63644e+01,3.58827e-01,7.48534e+01,3.35232e+00,1.15305e+00,7.62096e-01,9.59587e+00,3.21508e+00,2.66904e-01,1.42903e+00,6.55720e+00
1.03846e+00,4.16016e+01,1.61711e-01,2.63211e+01,3.15500e-01,1.29771e+00,1.83493e+00,7.33355e+00,2.43755e+00,1.63456e+01,3.59519e-01,7.42342e+01,3.34377e+00,1.14991e+00,7.55773e-01,9.60008e+00,3.22508e+00,2.66408e-01,1.42053e+00,6.54968e+00
1.03665e+00,4.12293e+01,1.61422e-01,2.61650e+01,3.15082e-01,1.35954e+00,1.84016e+00,7.35434e+00,2.42998e+00,1.63269e+01,3.60222e-01,7.36270e+01,3.33536e+00,1.14684e+00,7.49727e-01,9.60094e+00,3.23574e+00,2.65904e-01,1.41159e+00,6.54126e+00
1.03491e+00,4.08676e+01,1.61150e-01,2.60211e+01,3.14654e-01,1.37400e+00,1.84034e+00,7.37956e+00,2.42301e+00,1.63083e+01,3.60920e-01,7.30298e+01,3.32699e+00,1.14385e+00,7.44083e-01,9.59830e+00,3.24691e+00,2.65403e-01,1.40247e+00,6.53190e+00
1.03320e+00,4.05160e+01,1.60880e-01,2.58951e+01,3.14199e-01,1.35299e+00,1.83691e+00,7.40812e+00,2.41657e+00,1.62899e+01,3.61631e-01,7.24423e+01,3.31868e+00,1.14095e+00,7.38968e-01,9.59239e+00,3.25846e+00,2.64916e-01,1.39340e+00,6.52177e+00
1.03150e+00,4.01753e+01,1.60602e-01,2.57910e+01,3.13730e-01,1.31587e+00,1.83177e+00,7.43899e+00,2.41063e+00,1.62715e+01,3.62364e-01,7.18636e+01,3.31044e+00,1.13810e+00,7.34583e-01,9.58284e+00,3.27047e+00,2.64439e-01,1.38436e+00,6.51057e+00
1.02983e+00,3.98463e+01,1.60315e-01,2.57096e+01,3.13233e-01,1.27867e+00,1.82671e+00,7.47027e+00,2.40512e+00,1.62530e+01,3.63132e-01,7.12942e+01,3.30222e+00,1.13539e+00,7.31190e-01,9.57015e+00,3.28297e+00,2.63967e-01,1.37543e+00,6.49843e+00
1.02818e+00,3.95290e+01,1.60032e-01,2.56486e+01,3.12693e-01,1.25121e+00,1.82308e+00,7.49980e+00,2.40001e+00,1.62344e+01,3.63924e-01,7.07343e+01,3.29401e+00,1.13277e+00,7.29003e-01,9.55408e+00,3.29597e+00,2.63486e-01,1.36675e+00,6.48559e+00
1.02656e+00,3.92242e+01,1.59761e-01,2.56027e+01,3.12118e-01,1.23804e+00,1.82167e+00,7.52565e+00,2.39514e+00,1.62157e+01,3.64739e-01,7.01815e+01,3.28578e+00,1.13025e+00,7.28316e-01,9.53495e+00,3.30948e+00,2.63001e-01,1.35824e+00,6.47200e+00
1.02496e+00,3.89322e+01,1.59483e-01,2.55662e+01,3.11544e-01,1.23969e+00,1.82272e+00,7.54663e+00,2.39055e+00,1.61967e+01,3.65571e-01,6.96383e+01,3.27761e+00,1.12781e+00,7.29271e-01,9.51292e+00,3.32350e+00,2.62523e-01,1.34997e+00,6.45766e+00
1.02338e+00,3.86537e+01,1.59207e-01,2.55336e+01,3.10957e-01,1.25352e+00,1.82612e+00,7.56179e+00,2.38610e+00,1.61775e+01,3.66412e-01,6.91028e+01,3.26945e+00,1.12544e+00,7.31957e-01,9.48813e+00,3.33790e+00,2.62054e-01,1.34203e+00,6.44277e+00
1.02182e+00,3.83888e+01,1.58950e-01,2.55005e+01,3.10359e-01,1.27468e+00,1.83147e+00,7.57099e+00,2.38176e+00,1.61579e+01,3.67245e-01,6.85739e+01,3.26134e+00,1.12315e+00,7.36371e-01,9.46102e+00,3.35248e+00,2.61586e-01,1.33442e+00,6.42760e+00
1.02024e+00,3.81380e+01,1.58727e-01,2.54641e+01,3.09755e-01,1.29738e+00,1.83828e+00,7.57466e+00,2.37752e+00,1.61381e+01,3.68035e-01,6.80538e+01,3.25330e+00,1.12092e+00,7.42290e-01,9.43164e+00,3.36688e+00,2.61122e-01,1.32710e+00,6.41212e+00
1.01869e+00,3.79013e+01,1.58533e-01,2.54231e+01,3.09156e-01,1.31619e+00,1.84609e+00,7.57348e+00,2.37327e+00,1.61180e+01,3.68757e-01,6.75414e+01,3.24529e+00,1.11875e+00,7.49368e-01,9.40032e+00,3.38073e+00,2.60659e-01,1.32012e+00,6.39650e+00
1.01713e+00,3.76783e+01,1.58345e-01,2.53782e+01,3.08570e-01,1.32723e+00,1.85451e+00,7.56872e+00,2.36901e+00,1.60979e+01,3.69407e-01,6.70361e+01,3.23741e+00,1.11663e+00,7.57191e-01,9.36746e+00,3.39357e+00,2.60201e-01,1.31339e+00,6.38096e+00
1.01557e+00,3.74685e+01,1.58153e-01,2.53299e+01,3.08015e-01,1.32847e+00,1.86344e+00,7.56088e+00,2.36470e+00,1.60778e+01,3.69989e-01,6.65380e+01,3.22962e+00,1.11454e+00,7.65364e-01,9.33340e+00,3.40492e+00,2.59743e-01,1.30696e+00,6.36560e+00
1.01402e+00,3.72716e+01,1.57961e-01,2.52794e+01,3.07463e-01,1.31969e+00,1.87301e+00,7.55125e+00,2.36034e+00,1.60577e+01,3.70483e-01,6.60476e+01,3.22194e+00,1.11251e+00,7.73479e-01,9.29810e+00,3.41438e+00,2.59290e-01,1.30077e+00,6.35058e+00
1.01248e+00,3.70867e+01,1.57771e-01,2.52279e+01,3.06888e-01,1.30206e+00,1.88352e+00,7.54008e+00,2.35587e+00,1.60381e+01,3.70911e-01,6.55655e+01,3.21435e+00,1.11052e+00,7.81167e-01,9.26214e+00,3.42149e+00,2.58826e-01,1.29486e+00,6.33596e+00
1.01093e+00,3.69125e+01,1.64544e-01,2.51765e+01,3.17977e-01,1.27737e+00,1.89559e+00,7.52794e+00,2.35951e+00,1.60244e+01,3.71261e-01,6.50920e+01,3.20689e+00,1.10861e+00,7.88132e-01,9.22560e+00,3.42721e+00,2.70572e-01,1.28923e+00,6.32188e+00
1.01689e+00,3.67555e+01,1.75537e-01,2.51423e+01,3.55333e-01,1.24774e+00,1.91589e+00,7.52580e+00,2.37023e+00,1.60131e+01,3.71569e-01,6.46265e+01,3.20743e+00,1.11907e+00,7.94169e-01,9.19416e+00,3.44474e+00,2.79185e-01,1.29890e+00,6.31708e+00
1.02705e+00,3.66011e+01,1.91316e-01,2.51299e+01,4.20811e-01,1.21530e+00,1.94036e+00,7.52881e+00,2.38195e+00,1.60071e+01,3.71858e-01,6.41697e+01,3.20984e+00,1.13077e+00,7.99127e-01,9.16864e+00,3.46239e+00,2.87251e-01,1.31178e+00,6.32159e+00
1.03425e+00,3.64592e+01,2.06913e-01,2.51233e+01,5.18212e-01,1.18177e+00,1.97214e+00,7.52547e+00,2.39415e+00,1.60068e+01,3.72134e-01,6.37230e+01,3.21430e+00,1.14110e+00,8.02938e-01,9.14490e+00,3.47736e+00,2.98970e-01,1.33000e+00,6.32552e+00
1.03913e+00,3.63265e+01,2.20745e-01,2.50951e+01,6.36837e-01,1.14912e+00,2.00997e+00,7.51798e+00,2.40628e+00,1.60075e+01,3.72406e-01,6.32822e+01,3.22267e+00,1.15286e+00,8.05603e-01,9.12930e+00,3.48527e+00,3.12917e-01,1.35002e+00,6.33472e+00
1.04671e+00,3.61981e+01,2.32943e-01,2.50621e+01,7.79227e-01,1.11763e+00,2.05329e+00,7.50797e+00,2.41758e+00,1.60105e+01,3.72670e-01,6.28505e+01,3.22741e+00,1.16579e+00,8.07180e-01,9.12914e+00,3.48714e+00,3.26174e-01,1.37183e+00,6.34402e+00
1.05916e+00,3.60744e+01,2.44292e-01,2.50310e+01,9.14078e-01,1.08820e+00,2.10131e+00,7.49377e+00,2.42871e+00,1.60158e+01,3.72937e-01,6.24279e+01,3.22639e+00,1.17855e+00,8.07833e-01,9.13705e+00,3.48439e+00,3.37541e-01,1.39552e+00,6.34900e+00
1.07651e+00,3.59559e+01,2.54363e-01,2.49974e+01,1.00587e+00,1.06111e+00,2.15007e+00,7.47579e+00,2.44101e+00,1.60237e+01,3.73184e-01,6.20143e+01,3.22343e+00,1.19026e+00,8.07735e-01,9.14209e+00,3.47751e+00,3.47288e-01,1.41973e+00,6.34978e+00
1.09808e+00,3.58408e+01,2.61684e-01,2.49662e+01,1.06400e+00,1.03671e+00,2.19546e+00,7.45557e+00,2.45543e+00,1.60334e+01,3.73401e-01,6.16093e+01,3.22235e+00,1.20153e+00,8.07097e-01,9.13745e+00,3.46763e+00,3.55984e-01,1.44318e+00,6.34898e+00
1.12279e+00,3.57272e+01,2.64915e-01,2.49406e+01,1.12072e+00,1.01524e+00,2.23385e+00,7.43357e+00,2.47250e+00,1.60448e+01,3.73551e-01,6.12147e+01,3.22502e+00,1.21412e+00,8.06123e-01,9.12061e+00,3.45552e+00,3.63909e-01,1.46593e+00,6.34813e+00
1.14946e+00,3.56152e+01,2.63631e-01,2.49219e+01,1.18957e+00,9.96673e-01,2.26132e+00,7.41026e+00,2.49248e+00,1.60579e+01,3.73607e-01,6.08274e+01,3.23204e+00,1.22880e+00,8.05058e-01,9.09453e+00,3.44244e+00,3.70655e-01,1.48811e+00,6.34816e+00
1.17716e+00,3.55046e+01,2.58438e-01,2.49071e+01,1.25136e+00,9.80872e-01,2.27491e+00,7.38637e+00,2.51542e+00,1.60729e+01,3.73548e-01,6.04492e+01,3.24333e+00,1.24480e+00,8.04038e-01,9.06701e+00,3.43010e+00,3.75410e-01,1.50908e+00,6.34907e+00
1.20541e+00,3.53952e+01,2.50521e-01,2.48906e+01,1.27828e+00,9.67648e-01,2.27392e+00,7.36264e+00,2.54121e+00,1.60901e+01,3.73356e-01,6.00808e+01,3.25844e+00,1.26038e+00,8.03181e-01,9.04662e+00,3.41961e+00,3.77440e-01,1.52843e+00,6.35060e+00
1.23424e+00,3.52873e+01,2.41167e-01,2.48673e+01,1.26085e+00,9.56730e-01,2.25981e+00,7.34016e+00,2.56939e+00,1.61096e+01,3.73023e-01,5.97205e+01,3.27662e+00,1.27414e+00,8.02529e-01,9.03783e+00,3.41081e+00,3.76414e-01,1.54608e+00,6.35281e+00
1.26371e+00,3.51800e+01,2.31451e-01,2.48349e+01,1.20894e+00,9.47884e-01,2.23542e+00,7.31934e+00,2.59902e+00,1.61317e+01,3.72516e-01,5.93708e+01,3.29670e+00,1.28558e+00,8.02043e-01,9.03900e+00,3.40275e+00,3.72653e-01,1.56215e+00,6.35584e+00
1.29316e+00,3.50726e+01,2.22186e-01,2.47940e+01,1.13860e+00,9.40874e-01,2.20401e+00,7.30077e+00,2.62899e+00,1.61561e+01,3.71835e-01,5.90326e+01,3.31738e+00,1.29493e+00,8.01599e-01,9.04350e+00,3.39488e+00,3.66878e-01,1.57698e+00,6.36014e+00
1.32109e+00,3.49639e+01,2.13817e-01,2.47497e+01,1.06290e+00,9.35380e-01,2.16849e+00,7.28484e+00,2.65826e+00,1.61824e+01,3.70987e-01,5.87055e+01,3.33721e+00,1.30294e+00,8.01070e-01,9.04381e+00,3.38762e+00,3.60138e-01,1.59099e+00,6.36585e+00
1.34550e+00,3.48524e+01,2.06617e-01,2.47061e+01,9.89311e-01,9.31149e-01,2.13111e+00,7.27182e+00,2.68613e+00,1.62102e+01,3.69971e-01,5.83919e+01,3.35518e+00,1.31022e+00,8.00318e-01,9.03584e+00,3.38213e+00,3.53627e-01,1.60436e+00,6.37343e+00
1.36471e+00,3.47365e+01,2.00633e-01,2.46684e+01,9.20842e-01,9.27869e-01,2.09369e+00,7.26175e+00,2.71218e+00,1.62390e+01,3.68790e-01,5.80913e+01,3.37044e+00,1.31718e+00,7.99212e-01,9.01962e+00,3.37942e+00,3.48721e-01,1.61658e+00,6.38264e+00
1.37765e+00,3.46151e+01,1.95827e-01,2.46393e+01,8.57879e-01,9.25235e-01,2.05747e+00,7.25468e+00,2.73632e+00,1.62682e+01,3.67442e-01,5.78066e+01,3.38258e+00,1.32391e+00,7.97597e-01,8.99821e+00,3.37988e+00,3.47143e-01,1.62777e+00,6.39267e+00
1.38424e+00,3.44871e+01,1.92050e-01,2.46199e+01,7.99893e-01,9.22989e-01,2.02319e+00,7.25010e+00,2.75888e+00,1.62973e+01,3.65950e-01,5.75368e+01,3.39169e+00,1.33023e+00,7.95382e-01,8.97521e+00,3.38292e+00,3.51236e-01,1.63757e+00,6.40302e+00
1.39237e+00,3.43521e+01,1.89077e-01,2.46089e+01,7.46164e-01,9.20905e-01,1.99130e+00,7.24778e+00,2.78013e+00,1.63259e+01,3.64341e-01,5.72831e+01,3.39801e+00,1.33590e+00,7.92513e-01,8.95372e+00,3.38695e+00,3.64087e-01,1.64623e+00,6.41293e+00
1.40059e+00,3.42096e+01,1.86714e-01,2.46042e+01,6.96338e-01,9.18852e-01,1.96199e+00,7.24767e+00,2.80327e+00,1.63533e+01,3.62629e-01,5.70461e+01,3.40281e+00,1.34057e+00,7.88929e-01,8.93475e+00,3.39028e+00,3.89096e-01,1.65394e+00,6.42346e+00
1.40379e+00,3.40599e+01,1.88511e-01,2.46027e+01,6.57098e-01,9.16608e-01,1.93529e+00,7.24952e+00,2.83403e+00,1.63809e+01,3.60865e-01,5.68273e+01,3.40511e+00,1.34515e+00,7.84650e-01,8.91857e+00,3.39727e+00,4.30509e-01,1.66091e+00,6.43280e+00
1.40748e+00,3.40078e+01,1.95588e-01,2.46010e+01,6.35060e-01,9.15578e-01,1.91124e+00,7.25490e+00,2.87932e+00,1.64109e+01,3.59057e-01,5.66407e+01,3.40626e+00,1.34961e+00,7.79692e-01,8.90482e+00,3.40772e+00,5.00945e-01,1.66969e+00,6.44141e+00
1.42153e+00,3.39923e+01,2.06859e-01,2.46465e+01,6.28691e-01,9.28770e-01,1.90265e+00,7.29623e+00,2.93414e+00,1.64421e+01,3.69225e-01,5.64646e+01,3.40719e+00,1.35374e+00,7.79987e-01,8.89367e+00,3.42169e+00,5.66253e-01,1.67827e+00,6.45198e+00
1.44457e+00,3.37759e+01,2.19498e-01,2.48080e+01,6.34465e-01,9.33953e-01,1.93337e+00,7.34275e+00,2.99272e+00,1.64791e+01,3.89346e-01,5.63115e+01,3.40929e+00,1.35624e+00,7.76753e-01,8.88704e+00,3.43873e+00,6.33136e-01,1.68529e+00,6.46527e+00
1.47205e+00,3.35801e+01,2.30344e-01,2.50304e+01,6.52867e-01,9.63060e-01,2.08339e+00,7.35672e+00,3.04917e+00,1.65234e+01,4.13825e-01,5.61786e+01,3.41167e+00,1.35813e+00,7.78755e-01,8.88517e+00,3.46011e+00,6.92534e-01,1.69113e+00,6.48463e+00
1.50316e+00,3.34168e+01,2.38884e-01,2.51013e+01,6.87979e-01,9.71004e-01,2.37658e+00,7.36775e+00,3.10234e+00,1.65763e+01,4.30534e-01,5.60684e+01,3.41554e+00,1.35990e+00,8.66228e-01,8.88818e+00,3.48741e+00,7.32515e-01,1.70192e+00,6.50485e+00
1.53557e+00,3.32643e+01,2.46373e-01,2.51261e+01,7.35654e-01,9.85811e-01,2.68931e+00,7.37867e+00,3.15718e+00,1.66374e+01,4.40416e-01,5.59900e+01,3.42147e+00,1.36167e+00,1.09091e+00,8.89684e+00,3.52066e+00,7.55960e-01,1.71946e+00,6.52752e+00
1.56648e+00,3.31160e+01,2.53251e-01,2.51557e+01,7.79410e-01,9.97138e-01,2.92628e+00,7.38804e+00,3.22075e+00,1.67048e+01,4.45599e-01,5.59528e+01,3.42981e+00,1.36347e+00,1.29904e+00,8.91057e+00,3.56013e+00,7.55028e-01,1.73875e+00,6.55393e+00
1.59512e+00,3.29699e+01,2.58674e-01,2.52066e+01,8.08337e-01,1.00581e+00,3.11601e+00,7.40284e+00,3.29695e+00,1.67749e+01,4.46868e-01,5.59615e+01,3.44143e+00,1.36558e+00,1.39915e+00,8.93008e+00,3.60933e+00,7.41779e-01,1.75695e+00,6.58470e+00
1.62290e+00,3.28234e+01,2.61358e-01,2.52903e+01,8.27471e-01,1.02134e+00,3.24721e+00,7.42459e+00,3.38357e+00,1.68465e+01,4.45224e-01,5.60217e+01,3.45603e+00,1.36886e+00,1.44011e+00,8.95502e+00,3.67815e+00,7.21857e-01,1.77457e+00,6.61958e+00
1.65161e+00,3.26750e+01,2.60562e-01,2.53999e+01,8.48343e-01,1.06557e+00,3.29753e+00,7.45184e+00,3.47497e+00,1.69205e+01,4.41354e-01,5.61316e+01,3.47342e+00,1.37404e+00,1.42954e+00,8.98483e+00,3.77863e+00,6.97648e-01,1.79185e+00,6.65871e+00
1.68113e+00,3.25253e+01,2.56397e-01,2.55212e+01,8.78483e-01,1.16880e+00,3.28521e+00,7.48378e+00,3.56635e+00,1.69958e+01,4.36461e-01,5.62891e+01,3.49327e+00,1.38155e+00,1.38427e+00,9.01808e+00,3.92003e+00,6.69945e-01,1.80887e+00,6.70157e+00
1.71192e+00,3.23761e+01,2.49693e-01,2.56422e+01,9.16340e-01,1.32487e+00,3.23909e+00,7.52038e+00,3.65450e+00,1.70705e+01,4.31360e-01,5.64862e+01,3.51505e+00,1.39137e+00,1.33171e+00,9.05339e+00,4.11137e+00,6.43133e-01,1.82607e+00,6.74733e+00
1.73700e+00,3.22295e+01,2.41557e-01,2.57607e+01,9.52258e-01,1.47294e+00,3.16987e+00,7.56059e+00,3.73857e+00,1.71412e+01,4.26325e-01,5.67273e+01,3.53788e+00,1.40314e+00,1.28958e+00,9.08977e+00,4.36400e+00,6.11292e-01,1.84316e+00,6.79390e+00
1.75295e+00,3.20869e+01,2.32885e-01,2.58799e+01,9.76240e-01,1.55841e+00,3.07753e+00,7.60410e+00,3.81829e+00,1.72045e+01,4.21193e-01,5.70385e+01,3.56059e+00,1.41641e+00,1.26150e+00,9.12675e+00,4.68651e+00,5.80621e-01,1.86012e+00,6.83932e+00
1.75981e+00,3.19496e+01,2.24413e-01,2.60062e+01,9.83136e-01,1.57278e+00,2.96887e+00,7.64949e+00,3.89199e+00,1.72576e+01,4.15711e-01,5.74583e+01,3.58208e+00,1.43066e+00,1.24351e+00,9.16419e+00,5.07657e+00,5.51679e-01,1.87664e+00,6.88205e+00
1.75863e+00,3.18186e+01,2.16557e-01,2.61397e+01,9.73021e-01,1.53644e+00,2.86143e+00,7.69664e+00,3.95725e+00,1.72994e+01,4.09804e-01,5.80111e+01,3.60129e+00,1.44592e+00,1.23109e+00,9.20106e+00,5.52833e+00,5.24864e-01,1.89290e+00,6.92305e+00
1.75088e+00,3.16947e+01,2.09614e-01,2.62769e+01,9.48589e-01,1.47328e+00,2.77801e+00,7.74577e+00,4.01297e+00,1.73294e+01,4.03597e-01,5.86656e+01,3.61742e+00,1.46074e+00,1.22181e+00,9.23537e+00,6.03864e+00,5.00758e-01,1.90924e+00,6.96269e+00
1.73856e+00,3.15790e+01,2.03654e-01,2.64106e+01,9.13290e-01,1.40043e+00,2.74525e+00,7.80127e+00,4.06076e+00,1.73482e+01,3.97289e-01,5.93435e+01,3.62986e+00,1.47542e+00,1.21487e+00,9.26657e+00,6.59259e+00,4.80002e-01,1.92640e+00,7.00001e+00
1.72362e+00,3.14726e+01,1.98683e-01,2.65355e+01,8.75593e-01,1.32773e+00,2.78241e+00,7.90439e+00,4.10410e+00,1.73580e+01,3.91108e-01,5.99454e+01,3.63840e+00,1.48941e+00,1.22819e+00,9.29152e+00,7.14298e+00,4.63997e-01,1.94486e+00,7.03571e+00
1.70762e+00,3.13767e+01,1.94596e-01,2.66484e+01,8.44983e-01,1.26044e+00,2.90597e+00,8.02229e+00,4.14659e+00,1.73600e+01,4.07438e-01,6.03972e+01,3.64308e+00,1.50155e+00,1.25500e+00,9.31096e+00,7.62102e+00,4.51937e-01,1.98692e+00,7.07003e+00
1.69120e+00,3.12921e+01,1.91294e-01,2.67418e+01,8.59971e-01,1.19978e+00,3.15035e+00,8.08697e+00,4.19025e+00,1.73559e+01,5.64237e-01,6.06685e+01,3.64423e+00,1.51096e+00,1.37114e+00,9.32472e+00,7.97164e+00,4.45046e-01,2.04788e+00,7.10274e+00
1.67432e+00,3.12190e+01,1.88586e-01,2.68152e+01,1.26478e+00,1.14694e+00,3.49384e+00,8.13844e+00,4.23475e+00,1.73470e+01,8.93778e-01,6.07635e+01,3.64248e+00,1.51682e+00,1.49263e+00,9.33232e+00,8.17943e+00,4.44945e-01,2.11392e+00,7.13290e+00
1.65655e+00,3.11575e+01,1.86275e-01,2.68725e+01,2.46085e+00,1.10119e+00,3.77424e+00,8.19199e+00,4.27808e+00,1.73337e+01,1.18064e+00,6.07117e+01,3.63862e+00,1.51882e+00,1.56498e+00,9.33573e+00,8.26655e+00,4.53128e-01,2.17433e+00,7.16059e+00
1.63755e+00,3.11073e+01,1.84276e-01,2.69197e+01,3.69883e+00,1.06176e+00,3.92933e+00,8.24777e+00,4.31782e+00,1.73159e+01,1.36965e+00,6.05474e+01,3.63369e+00,1.51710e+00,1.62226e+00,9.33605e+00,8.27368e+00,4.70502e-01,2.23050e+00,7.18619e+00
1.61745e+00,3.10680e+01,1.82520e-01,2.69691e+01,3.97227e+00,1.02857e+00,3.99205e+00,8.30522e+00,4.35212e+00,1.72929e+01,1.41108e+00,6.03037e+01,3.62888e+00,1.51228e+00,1.63559e+00,9.33627e+00,8.24177e+00,4.96921e-01,2.28247e+00,7.21002e+00
1.59681e+00,3.10386e+01,1.80879e-01,2.70340e+01,3.52012e+00,1.00340e+00,4.01112e+00,8.36377e+00,4.38049e+00,1.72642e+01,1.32301e+00,6.00076e+01,3.62563e+00,1.50522e+00,1.59989e+00,9.34008e+00,8.20142e+00,5.30560e-01,2.32962e+00,7.23294e+00
1.57642e+00,3.10183e+01,1.79356e-01,2.71314e+01,2.89651e+00,9.90593e-01,4.02926e+00,8.42389e+00,4.40354e+00,1.72287e+01,1.18580e+00,5.96794e+01,3.62544e+00,1.49693e+00,1.53398e+00,9.35279e+00,8.16848e+00,5.67338e-01,2.37246e+00,7.25468e+00
1.55696e+00,3.10056e+01,1.77882e-01,2.72824e+01,2.34356e+00,9.97081e-01,4.07140e+00,8.48686e+00,4.42291e+00,1.71868e+01,1.05484e+00,5.93322e+01,3.62994e+00,1.48840e+00,1.45800e+00,9.38272e+00,8.14414e+00,6.01588e-01,2.41207e+00,7.27381e+00
1.53862e+00,3.09993e+01,1.76508e-01,2.75052e+01,1.90912e+00,1.02695e+00,4.14151e+00,8.55450e+00,4.44025e+00,1.71387e+01,9.46930e-01,5.89752e+01,3.64076e+00,1.48054e+00,1.38371e+00,9.44183e+00,8.11856e+00,6.27964e-01,2.44804e+00,7.28869e+00
1.52098e+00,3.09977e+01,1.75195e-01,2.78049e+01,1.57847e+00,1.07191e+00,4.22524e+00,8.62881e+00,4.45650e+00,1.70855e+01,8.59635e-01,5.86143e+01,3.65945e+00,1.47422e+00,1.31563e+00,9.54719e+00,8.07736e+00,6.43187e-01,2.47964e+00,7.29754e+00
1.50349e+00,3.09987e+01,1.74005e-01,2.81663e+01,1.32643e+00,1.11353e+00,4.29810e+00,8.71188e+00,4.47147e+00,1.70289e+01,7.86357e-01,5.82531e+01,3.68709e+00,1.47008e+00,1.25478e+00,9.72361e+00,8.00768e+00,6.46858e-01,2.50565e+00,7.29909e+00
1.48558e+00,3.10002e+01,1.72943e-01,2.85555e+01,1.13175e+00,1.13788e+00,4.33795e+00,8.80529e+00,4.48378e+00,1.69706e+01,7.22518e-01,5.78949e+01,3.72427e+00,1.46862e+00,1.20125e+00,1.00068e+01,7.90172e+00,6.40961e-01,2.52571e+00,7.29271e+00
1.46691e+00,3.10000e+01,1.71953e-01,2.89349e+01,9.79040e-01,1.14287e+00,4.33372e+00,8.90977e+00,4.49152e+00,1.69130e+01,6.65971e-01,5.75410e+01,3.77070e+00,1.46999e+00,1.15496e+00,1.04408e+01,7.75861e+00,6.28944e-01,2.54028e+00,7.27872e+00
1.44756e+00,3.09968e+01,1.71062e-01,2.92762e+01,8.57747e-01,1.13392e+00,4.28606e+00,9.02510e+00,4.49228e+00,1.68578e+01,6.16061e-01,5.71932e+01,3.82533e+00,1.47415e+00,1.11588e+00,1.10683e+01,7.58238e+00,6.15058e-01,2.55019e+00,7.25734e+00
1.42785e+00,3.09895e+01,1.70289e-01,2.95634e+01,7.60478e-01,1.11782e+00,4.20462e+00,9.15021e+00,4.48409e+00,1.68066e+01,5.72635e-01,5.68523e+01,3.88631e+00,1.48064e+00,1.08350e+00,1.19110e+01,7.38082e+00,6.04668e-01,2.55640e+00,7.22971e+00
1.40816e+00,3.09777e+01,1.69606e-01,2.97910e+01,6.81991e-01,1.09978e+00,4.10345e+00,9.28302e+00,4.46563e+00,1.67607e+01,5.35445e-01,5.65201e+01,3.95125e+00,1.48877e+00,1.05706e+00,1.29628e+01,7.16260e+00,6.04524e-01,2.56000e+00,7.19689e+00
1.38888e+00,3.09624e+01,1.69008e-01,2.99578e+01,6.18417e-01,1.08306e+00,3.99733e+00,9.42032e+00,4.43665e+00,1.67217e+01,5.04073e-01,5.61953e+01,4.01744e+00,1.49758e+00,1.03549e+00,1.41983e+01,6.93580e+00,6.22295e-01,2.56186e+00,7.15981e+00
1.37030e+00,3.09452e+01,1.68475e-01,3.00688e+01,5.66733e-01,1.06962e+00,3.89989e+00,9.55868e+00,4.39759e+00,1.66896e+01,4.78007e-01,5.58790e+01,4.08226e+00,1.50602e+00,1.01779e+00,1.55743e+01,6.70743e+00,6.63241e-01,2.56306e+00,7.11967e+00
1.35263e+00,3.09286e+01,1.67996e-01,3.01317e+01,5.24660e-01,1.06083e+00,3.82210e+00,9.69442e+00,4.34959e+00,1.66653e+01,4.56705e-01,5.55711e+01,4.14329e+00,1.51322e+00,1.00310e+00,1.70018e+01,6.48310e+00,7.24855e-01,2.56472e+00,7.07695e+00
1.33597e+00,3.09158e+01,1.67585e-01,3.01582e+01,4.90324e-01,1.05788e+00,3.77128e+00,9.82443e+00,4.29412e+00,1.66491e+01,4.39632e-01,5.52702e+01,4.19855e+00,1.51850e+00,9.90962e-01,1.83377e+01,6.26695e+00,7.94733e-01,2.56781e+00,7.03250e+00
1.32033e+00,3.09112e+01,1.67246e-01,3.01598e+01,4.62267e-01,1.06184e+00,3.75033e+00,9.94555e+00,4.23286e+00,1.66408e+01,4.26343e-01,5.49774e+01,4.24653e+00,1.52137e+00,9.80978e-01,1.94302e+01,6.06205e+00,8.56057e-01,2.57326e+00,6.98675e+00
1.30567e+00,3.09183e+01,1.66985e-01,3.01454e+01,4.39336e-01,1.07355e+00,3.75692e+00,1.00550e+01,4.16746e+00,1.66404e+01,4.16549e-01,5.46923e+01,4.28596e+00,1.52155e+00,9.72770e-01,2.01799e+01,5.87046e+00,8.96230e-01,2.58177e+00,6.93999e+00
1.29188e+00,3.09411e+01,1.66756e-01,3.01215e+01,4.20531e-01,1.09318e+00,3.78378e+00,1.01513e+01,4.09954e+00,1.66473e+01,4.10152e-01,5.44164e+01,4.31605e+00,1.51901e+00,9.65943e-01,2.05635e+01,5.69330e+00,9.11009e-01,2.59335e+00,6.89290e+00
1.27887e+00,3.09830e+01,1.66553e-01,3.00899e+01,4.05124e-01,1.11998e+00,3.82089e+00,1.02330e+01,4.03042e+00,1.66614e+01,4.07272e-01,5.41475e+01,4.33637e+00,1.51378e+00,9.60143e-01,2.06177e+01,5.53112e+00,9.02859e-01,2.60817e+00,6.84575e+00
1.26657e+00,3.10460e+01,1.66369e-01,3.00508e+01,3.92449e-01,1.15199e+00,3.85788e+00,1.02990e+01,3.96134e+00,1.66825e+01,4.08165e-01,5.38867e+01,4.34672e+00,1.50606e+00,9.55085e-01,2.04141e+01,5.38371e+00,8.77383e-01,2.62547e+00,6.79903e+00
1.25491e+00,3.11302e+01,1.66211e-01,3.00048e+01,3.82038e-01,1.18621e+00,3.88748e+00,1.03496e+01,3.89332e+00,1.67104e+01,4.13277e-01,5.36342e+01,4.34722e+00,1.49608e+00,9.50510e-01,2.00375e+01,5.25021e+00,8.40539e-01,2.64438e+00,6.75336e+00
1.24379e+00,3.12337e+01,1.66067e-01,2.99534e+01,3.73454e-01,1.21921e+00,3.90686e+00,1.03847e+01,3.82725e+00,1.67449e+01,4.23052e-01,5.33896e+01,4.33838e+00,1.48417e+00,9.46489e-01,1.95705e+01,5.12963e+00,7.97355e-01,2.66362e+00,6.70925e+00
1.23314e+00,3.13525e+01,1.65918e-01,2.99006e+01,3.66376e-01,1.24784e+00,3.91783e+00,1.04048e+01,3.76387e+00,1.67863e+01,4.37772e-01,5.31543e+01,4.32094e+00,1.47064e+00,9.43219e-01,1.90804e+01,5.02071e+00,7.51557e-01,2.68177e+00,6.66717e+00
1.22286e+00,3.14809e+01,1.65773e-01,2.98513e+01,3.60537e-01,1.26986e+00,3.92490e+00,1.04107e+01,3.70385e+00,1.68348e+01,4.57395e-01,5.29292e+01,4.29579e+00,1.45578e+00,9.41147e-01,1.86111e+01,4.92205e+00,7.05697e-01,2.69737e+00,6.62766e+00
1.21293e+00,3.16117e+01,1.65623e-01,2.98111e+01,3.55714e-01,1.28429e+00,3.93321e+00,1.04031e+01,3.64780e+00,1.68908e+01,4.81423e-01,5.27138e+01,4.26404e+00,1.43992e+00,9.41027e-01,1.81779e+01,4.83266e+00,6.61425e-01,2.70911e+00,6.59111e+00
1.20330e+00,3.17378e+01,1.65469e-01,2.97852e+01,3.51676e-01,1.29162e+00,3.94632e+00,1.03836e+01,3.59614e+00,1.69551e+01,5.08762e-01,5.25101e+01,4.22685e+00,1.42336e+00,9.43671e-01,1.77756e+01,4.75156e+00,6.19732e-01,2.71576e+00,6.55792e+00
1.19393e+00,3.18527e+01,1.65321e-01,2.97776e+01,3.48354e-01,1.29364e+00,3.96532e+00,1.03537e+01,3.54934e+00,1.70283e+01,5.37832e-01,5.23185e+01,4.18541e+00,1.40637e+00,9.50053e-01,1.73906e+01,4.67799e+00,5.81166e-01,2.71640e+00,6.52837e+00
1.18481e+00,3.19516e+01,1.65175e-01,2.97895e+01,3.45606e-01,1.29340e+00,3.98886e+00,1.03162e+01,3.50756e+00,1.71103e+01,5.66856e-01,5.21379e+01,4.14091e+00,1.38922e+00,9.60910e-01,1.70131e+01,4.61132e+00,5.45931e-01,2.71077e+00,6.50237e+00
1.17598e+00,3.20308e+01,1.65029e-01,2.98217e+01,3.43315e-01,1.29477e+00,4.01435e+00,1.02734e+01,3.47100e+00,1.72016e+01,5.94154e-01,5.19703e+01,4.09449e+00,1.37211e+00,9.76716e-01,1.66451e+01,4.55160e+00,5.14068e-01,2.69863e+00,6.48041e+00
1.16742e+00,3.20892e+01,1.64892e-01,2.98716e+01,3.41366e-01,1.30193e+00,4.03860e+00,1.02281e+01,3.43948e+00,1.73024e+01,6.18414e-01,5.18162e+01,4.04702e+00,1.35520e+00,9.97419e-01,1.63002e+01,4.49834e+00,4.85495e-01,2.68014e+00,6.46214e+00
1.15921e+00,3.21268e+01,1.64757e-01,2.99345e+01,3.39701e-01,1.31848e+00,4.05882e+00,1.01832e+01,3.41279e+00,1.74109e+01,6.38835e-01,5.16741e+01,3.99949e+00,1.33861e+00,1.02238e+00,1.60018e+01,4.45152e+00,4.60013e-01,2.65588e+00,6.44770e+00
1.15135e+00,3.21463e+01,1.64599e-01,3.00047e+01,3.38269e-01,1.34620e+00,4.07237e+00,1.01411e+01,3.39047e+00,1.75267e+01,6.55158e-01,5.15466e+01,3.95256e+00,1.32248e+00,1.05052e+00,1.57775e+01,4.41119e+00,4.37441e-01,2.62652e+00,6.43680e+00
1.14385e+00,3.21505e+01,1.64429e-01,3.00757e+01,3.37015e-01,1.38402e+00,4.07686e+00,1.01032e+01,3.37197e+00,1.76480e+01,6.67594e-01,5.14320e+01,3.90685e+00,1.30693e+00,1.08040e+00,1.56543e+01,4.37728e+00,4.17564e-01,2.59284e+00,6.42917e+00
1.13673e+00,3.21435e+01,1.64243e-01,3.01419e+01,3.35924e-01,1.42791e+00,4.07001e+00,1.00708e+01,3.35649e+00,1.77720e+01,6.76715e-01,5.13294e+01,3.86280e+00,1.29200e+00,1.11054e+00,1.56516e+01,4.34978e+00,4.00168e-01,2.55560e+00,6.42467e+00
1.13001e+00,3.21298e+01,1.64044e-01,3.01994e+01,3.34953e-01,1.47169e+00,4.04980e+00,1.00435e+01,3.34345e+00,1.78971e+01,6.83247e-01,5.12404e+01,3.82070e+00,1.27776e+00,1.13954e+00,1.57737e+01,4.32853e+00,3.84997e-01,2.51555e+00,6.42282e+00
1.12370e+00,3.21137e+01,1.63837e-01,3.02458e+01,3.34088e-01,1.50893e+00,4.01479e+00,1.00205e+01,3.33245e+00,1.80203e+01,6.88000e-01,5.11623e+01,3.78077e+00,1.26428e+00,1.16620e+00,1.60046e+01,4.31329e+00,3.71846e-01,2.47349e+00,6.42354e+00
1.11779e+00,3.20992e+01,1.63636e-01,3.02804e+01,3.33336e-01,1.53456e+00,3.96441e+00,1.00005e+01,3.32313e+00,1.81397e+01,6.91826e-01,5.10957e+01,3.74314e+00,1.25158e+00,1.18958e+00,1.63077e+01,4.30359e+00,3.60515e-01,2.42991e+00,6.42625e+00
1.11223e+00,3.20894e+01,1.63443e-01,3.03048e+01,3.32648e-01,1.54602e+00,3.89936e+00,9.98143e+00,3.31542e+00,1.82537e+01,6.95491e-01,5.10399e+01,3.70791e+00,1.23967e+00,1.20897e+00,1.66320e+01,4.29873e+00,3.50801e-01,2.38557e+00,6.43058e+00
1.10704e+00,3.20867e+01,1.63247e-01,3.03196e+01,3.32043e-01,1.54303e+00,3.82094e+00,9.96248e+00,3.30952e+00,1.83603e+01,6.99638e-01,5.09948e+01,3.67508e+00,1.22856e+00,1.22382e+00,1.69245e+01,4.29812e+00,3.42535e-01,2.34065e+00,6.43637e+00
1.10218e+00,3.20928e+01,1.63053e-01,3.03263e+01,3.31457e-01,1.52723e+00,3.73162e+00,9.94229e+00,3.30576e+00,1.84588e+01,7.04793e-01,5.09613e+01,3.64478e+00,1.21825e+00,1.23381e+00,1.71412e+01,4.30072e+00,3.35569e-01,2.29571e+00,6.44333e+00
1.09769e+00,3.21079e+01,1.62864e-01,3.03259e+01,3.30870e-01,1.50127e+00,3.63403e+00,9.92095e+00,3.30430e+00,1.85490e+01,7.11365e-01,5.09387e+01,3.61695e+00,1.20870e+00,1.23890e+00,1.72544e+01,4.30559e+00,3.29694e-01,2.25111e+00,6.45093e+00
1.09350e+00,3.21319e+01,1.62663e-01,3.03185e+01,3.30324e-01,1.46803e+00,3.53091e+00,9.89926e+00,3.30546e+00,1.86303e+01,7.19571e-01,5.09292e+01,3.59171e+00,1.19992e+00,1.23922e+00,1.72552e+01,4.31171e+00,3.24774e-01,2.20706e+00,6.45878e+00
1.08962e+00,3.21640e+01,1.62448e-01,3.03039e+01,3.29793e-01,1.43023e+00,3.42496e+00,9.87868e+00,3.30907e+00,1.87034e+01,7.29442e-01,5.09340e+01,3.56901e+00,1.19192e+00,1.23504e+00,1.71493e+01,4.31807e+00,3.20720e-01,2.16380e+00,6.46672e+00
1.08605e+00,3.22027e+01,1.62223e-01,3.02817e+01,3.29290e-01,1.39020e+00,3.31855e+00,9.86137e+00,3.31462e+00,1.87693e+01,7.40934e-01,5.09524e+01,3.54890e+00,1.18459e+00,1.22676e+00,1.69525e+01,4.32385e+00,3.17354e-01,2.12153e+00,6.47440e+00
1.08272e+00,3.22463e+01,1.61990e-01,3.02508e+01,3.28811e-01,1.34973e+00,3.21371e+00,9.84907e+00,3.32132e+00,1.88285e+01,7.53749e-01,5.09881e+01,3.53120e+00,1.17792e+00,1.21491e+00,1.66849e+01,4.32834e+00,3.14594e-01,2.08053e+00,6.48141e+00
1.07966e+00,3.22935e+01,1.61751e-01,3.02102e+01,3.28325e-01,1.31018e+00,3.11205e+00,9.84329e+00,3.32802e+00,1.88827e+01,7.67543e-01,5.10422e+01,3.51577e+00,1.17192e+00,1.20003e+00,1.63670e+01,4.33101e+00,3.12388e-01,2.04084e+00,6.48758e+00
1.07681e+00,3.23425e+01,1.61511e-01,3.01588e+01,3.27848e-01,1.27255e+00,3.01481e+00,9.84443e+00,3.33344e+00,1.89331e+01,7.81842e-01,5.11144e+01,3.50236e+00,1.16651e+00,1.18268e+00,1.60174e+01,4.33154e+00,3.10593e-01,2.00275e+00,6.49258e+00
1.07416e+00,3.23925e+01,1.61271e-01,3.00967e+01,3.27365e-01,1.23749e+00,2.92285e+00,9.85175e+00,3.33637e+00,1.89816e+01,7.96116e-01,5.12057e+01,3.49065e+00,1.16165e+00,1.16338e+00,1.56518e+01,4.32985e+00,3.09158e-01,1.96619e+00,6.49639e+00
1.07167e+00,3.24432e+01,1.61031e-01,3.00224e+01,3.26900e-01,1.20544e+00,2.83691e+00,9.86417e+00,3.33575e+00,1.90294e+01,8.09872e-01,5.13160e+01,3.48032e+00,1.15733e+00,1.14260e+00,1.52822e+01,4.32586e+00,3.08009e-01,1.93149e+00,6.49867e+00
1.06938e+00,3.24951e+01,1.60790e-01,2.99358e+01,3.26434e-01,1.17669e+00,2.75749e+00,9.88060e+00,3.33072e+00,1.90781e+01,8.22649e-01,5.14443e+01,3.47093e+00,1.15342e+00,1.12074e+00,1.49173e+01,4.31978e+00,3.07096e-01,1.89847e+00,6.49925e+00
1.06724e+00,3.25489e+01,1.60551e-01,2.98370e+01,3.25943e-01,1.15129e+00,2.68500e+00,9.89977e+00,3.32097e+00,1.91289e+01,8.34088e-01,5.15888e+01,3.46214e+00,1.14993e+00,1.09817e+00,1.45636e+01,4.31176e+00,3.06363e-01,1.86745e+00,6.49849e+00
1.06524e+00,3.26059e+01,1.60310e-01,2.97268e+01,3.25466e-01,1.12918e+00,2.61960e+00,9.92096e+00,3.30636e+00,1.91831e+01,8.43857e-01,5.17476e+01,3.45353e+00,1.14683e+00,1.07524e+00,1.42249e+01,4.30206e+00,3.05767e-01,1.83835e+00,6.49622e+00
1.06339e+00,3.26679e+01,1.60061e-01,2.96059e+01,3.24993e-01,1.11017e+00,2.56142e+00,9.94432e+00,3.28711e+00,1.92415e+01,8.51773e-01,5.19163e+01,3.44488e+00,1.14406e+00,1.05224e+00,1.39037e+01,4.29093e+00,3.05242e-01,1.81128e+00,6.49249e+00
1.06162e+00,3.27365e+01,1.59804e-01,2.94759e+01,3.24512e-01,1.09395e+00,2.51055e+00,9.97040e+00,3.26377e+00,1.93049e+01,8.57731e-01,5.20913e+01,3.43594e+00,1.14155e+00,1.02938e+00,1.36011e+01,4.27858e+00,3.04830e-01,1.78615e+00,6.48780e+00
1.05994e+00,3.28135e+01,1.59547e-01,2.93384e+01,3.24032e-01,1.08010e+00,2.46702e+00,9.99991e+00,3.23702e+00,1.93737e+01,8.61648e-01,5.22687e+01,3.42653e+00,1.13929e+00,1.00686e+00,1.33173e+01,4.26521e+00,3.04447e-01,1.76301e+00,6.48201e+00
1.05836e+00,3.29003e+01,1.59287e-01,2.91957e+01,3.23543e-01,1.06814e+00,2.43072e+00,1.00333e+01,3.20754e+00,1.94480e+01,8.63580e-01,5.24442e+01,3.41655e+00,1.13724e+00,9.84836e-01,1.30519e+01,4.25096e+00,3.04129e-01,1.74179e+00,6.47533e+00
1.05685e+00,3.29981e+01,1.59027e-01,2.90499e+01,3.23072e-01,1.05760e+00,2.40146e+00,1.00709e+01,3.17609e+00,1.95275e+01,8.63538e-01,5.26143e+01,3.40598e+00,1.13538e+00,9.63477e-01,1.28043e+01,4.23584e+00,3.03829e-01,1.72246e+00,6.46823e+00
1.05538e+00,3.31086e+01,1.58766e-01,2.89037e+01,3.22609e-01,1.04796e+00,2.37883e+00,1.01117e+01,3.14348e+00,1.96112e+01,8.61631e-01,5.27763e+01,3.39486e+00,1.13362e+00,9.42858e-01,1.25729e+01,4.21990e+00,3.03539e-01,1.70479e+00,6.46083e+00
1.05395e+00,3.32303e+01,1.58506e-01,2.87594e+01,3.22160e-01,1.03881e+00,2.36243e+00,1.01552e+01,3.11033e+00,1.96987e+01,8.57939e-01,5.29301e+01,3.38330e+00,1.13201e+00,9.23086e-01,1.23568e+01,4.20302e+00,3.03261e-01,1.68876e+00,6.45345e+00
1.05257e+00,3.33600e+01,1.58247e-01,2.86193e+01,3.21705e-01,1.02978e+00,2.35164e+00,1.01993e+01,3.07705e+00,1.97885e+01,8.52573e-01,5.30709e+01,3.37132e+00,1.13048e+00,9.04245e-01,1.21548e+01,4.18519e+00,3.02994e-01,1.67422e+00,6.44617e+00
1.05124e+00,3.34970e+01,1.57996e-01,2.84854e+01,3.21223e-01,1.02056e+00,2.34576e+00,1.02420e+01,3.04427e+00,1.98791e+01,8.45706e-01,5.32009e+01,3.35906e+00,1.12902e+00,8.86318e-01,1.19651e+01,4.16628e+00,3.02740e-01,1.66112e+00,6.43920e+00
1.04992e+00,3.36383e+01,1.57741e-01,2.83595e+01,3.20734e-01,1.01096e+00,2.34395e+00,1.02812e+01,3.01226e+00,1.99692e+01,8.37444e-01,5.33184e+01,3.34660e+00,1.12761e+00,8.69412e-01,1.17868e+01,4.14620e+00,3.02471e-01,1.64918e+00,6.43275e+00
1.04863e+00,3.37805e+01,1.57476e-01,2.82427e+01,3.20233e-01,1.00091e+00,2.34546e+00,1.03150e+01,2.98135e+00,2.00565e+01,8.27940e-01,5.34249e+01,3.33414e+00,1.12627e+00,8.53488e-01,1.16184e+01,4.12491e+00,3.02187e-01,1.63823e+00,6.42692e+00
1.04737e+00,3.39207e+01,1.57211e-01,2.81361e+01,3.19742e-01,9.90354e-01,2.34957e+00,1.03421e+01,2.95173e+00,2.01394e+01,8.17354e-01,5.35228e+01,3.32179e+00,1.12495e+00,8.38584e-01,1.14588e+01,4.10236e+00,3.01890e-01,1.62831e+00,6.42185e+00
1.04612e+00,3.40551e+01,1.56950e-01,2.80409e+01,3.19265e-01,9.79357e-01,2.35574e+00,1.03613e+01,2.92362e+00,2.02165e+01,8.05831e-01,5.36139e+01,3.30964e+00,1.12362e+00,8.24665e-01,1.13071e+01,4.07858e+00,3.01587e-01,1.61910e+00,6.41765e+00
1.04485e+00,3.41808e+01,1.56682e-01,2.79586e+01,3.18803e-01,9.67985e-01,2.36363e+00,1.03725e+01,2.89710e+00,2.02866e+01,7.93544e-01,5.36993e+01,3.29777e+00,1.12231e+00,8.11692e-01,1.11626e+01,4.05361e+00,3.01275e-01,1.61054e+00,6.41457e+00
1.04358e+00,3.42957e+01,1.56412e-01,2.78914e+01,3.18638e-01,9.56303e-01,2.37298e+00,1.03759e+01,2.87238e+00,2.03485e+01,7.80594e-01,5.37829e+01,3.28626e+00,1.12100e+00,7.99689e-01,1.10245e+01,4.02753e+00,3.00954e-01,1.60260e+00,6.41283e+00
1.04231e+00,3.43988e+01,1.56139e-01,2.78412e+01,3.18937e-01,9.44505e-01,2.38376e+00,1.03728e+01,2.84941e+00,2.04025e+01,7.67166e-01,5.38660e+01,3.27516e+00,1.12188e+00,7.88596e-01,1.08918e+01,4.00055e+00,3.00629e-01,1.59503e+00,6.41249e+00
1.04219e+00,3.44881e+01,1.55862e-01,2.78130e+01,3.19591e-01,9.32672e-01,2.39611e+00,1.03642e+01,2.82824e+00,2.04483e+01,7.53365e-01,5.39500e+01,3.26451e+00,1.12139e+00,7.78397e-01,1.07647e+01,3.97315e+00,3.00302e-01,1.58782e+00,6.41392e+00
1.04168e+00,3.45627e+01,1.55591e-01,2.78119e+01,3.20497e-01,9.20872e-01,2.41021e+00,1.03522e+01,2.80887e+00,2.04859e+01,7.39320e-01,5.40365e+01,3.25434e+00,1.12050e+00,7.69053e-01,1.06423e+01,3.94526e+00,2.99960e-01,1.58103e+00,6.41761e+00
1.04078e+00,3.46225e+01,1.55343e-01,2.78443e+01,3.21639e-01,9.09232e-01,2.42648e+00,1.03389e+01,2.79105e+00,2.05168e+01,7.25120e-01,5.41268e+01,3.24465e+00,1.11990e+00,7.60514e-01,1.05242e+01,3.91692e+00,2.99607e-01,1.57488e+00,6.42374e+00
1.03970e+00,3.46688e+01,1.55128e-01,2.79210e+01,3.23156e-01,8.97824e-01,2.44458e+00,1.03264e+01,2.77460e+00,2.05419e+01,7.10931e-01,5.42225e+01,3.23541e+00,1.11919e+00,7.52727e-01,1.04107e+01,3.88850e+00,2.99253e-01,1.56957e+00,6.43806e+00
1.03882e+00,3.47029e+01,1.54969e-01,2.80493e+01,3.25232e-01,8.86709e-01,2.46487e+00,1.03178e+01,2.75954e+00,2.05627e+01,6.96815e-01,5.43247e+01,3.22668e+00,1.11813e+00,7.45660e-01,1.03022e+01,3.86003e+00,2.98879e-01,1.56504e+00,6.45743e+00
1.03813e+00,3.47264e+01,1.54863e-01,2.82408e+01,3.28121e-01,8.75946e-01,2.48720e+00,1.03159e+01,2.74562e+00,2.05822e+01,6.82882e-01,5.44339e+01,3.21842e+00,1.11682e+00,7.39272e-01,1.01972e+01,3.83140e+00,2.98491e-01,1.56127e+00,6.48045e+00
1.03759e+00,3.47414e+01,1.54798e-01,2.85047e+01,3.32176e-01,8.65596e-01,2.51128e+00,1.03240e+01,2.73283e+00,2.06025e+01,6.69252e-01,5.45516e+01,3.21061e+00,1.11546e+00,7.33499e-01,1.00954e+01,3.80260e+00,2.98092e-01,1.55800e+00,6.50730e+00
1.03720e+00,3.47495e+01,1.54750e-01,2.88487e+01,3.37706e-01,8.55656e-01,2.53665e+00,1.03454e+01,2.72113e+00,2.06267e+01,6.55996e-01,5.46784e+01,3.20325e+00,1.11426e+00,7.28301e-01,9.99771e+00,3.77400e+00,2.97676e-01,1.55528e+00,6.53714e+00
1.03695e+00,3.47532e+01,1.54666e-01,2.92767e+01,3.44792e-01,8.46173e-01,2.56262e+00,1.03836e+01,2.71028e+00,2.06582e+01,6.43171e-01,5.48146e+01,3.19633e+00,1.11336e+00,7.23638e-01,9.90412e+00,3.74601e+00,2.97255e-01,1.55311e+00,6.56828e+00
1.03695e+00,3.47547e+01,1.54523e-01,2.97853e+01,3.52934e-01,8.37142e-01,2.58841e+00,1.04410e+01,2.70025e+00,2.07001e+01,6.30776e-01,5.49601e+01,3.18981e+00,1.11271e+00,7.19466e-01,9.81389e+00,3.71890e+00,2.96834e-01,1.55124e+00,6.60026e+00
1.03735e+00,3.47554e+01,1.54313e-01,3.03658e+01,3.61345e-01,8.28591e-01,2.61323e+00,1.05209e+01,2.69099e+00,2.07559e+01,6.18828e-01,5.51149e+01,3.18374e+00,1.11225e+00,7.15784e-01,9.72795e+00,3.69293e+00,2.96408e-01,1.54961e+00,6.63382e+00
1.03834e+00,3.47572e+01,1.54044e-01,3.10004e+01,3.68834e-01,8.20482e-01,2.63631e+00,1.06246e+01,2.68241e+00,2.08290e+01,6.07307e-01,5.52784e+01,3.17809e+00,1.11182e+00,7.12553e-01,9.64593e+00,3.66810e+00,2.95968e-01,1.54796e+00,6.66923e+00
1.04010e+00,3.47613e+01,1.53745e-01,3.16666e+01,3.74568e-01,8.12917e-01,2.65698e+00,1.07526e+01,2.67444e+00,2.09223e+01,5.96242e-01,5.54482e+01,3.17288e+00,1.11137e+00,7.09803e-01,9.56821e+00,3.64440e+00,2.95525e-01,1.54623e+00,6.70532e+00
1.04270e+00,3.47684e+01,1.53395e-01,3.23393e+01,3.78069e-01,8.05741e-01,2.67471e+00,1.09043e+01,2.66712e+00,2.10382e+01,5.85546e-01,5.56244e+01,3.16814e+00,1.11082e+00,7.07504e-01,9.49520e+00,3.62194e+00,2.95081e-01,1.54424e+00,6.74143e+00
1.04612e+00,3.47797e+01,1.53020e-01,3.29918e+01,3.79264e-01,7.99013e-01,2.68909e+00,1.10777e+01,2.66030e+00,2.11779e+01,5.75255e-01,5.58041e+01,3.16396e+00,1.11018e+00,7.05761e-01,9.42692e+00,3.60103e+00,2.94630e-01,1.54206e+00,6.77687e+00
1.05024e+00,3.47951e+01,1.52650e-01,3.36009e+01,3.78442e-01,7.92767e-01,2.69981e+00,1.12698e+01,2.65401e+00,2.13415e+01,5.65299e-01,5.59845e+01,3.16043e+00,1.10945e+00,7.04574e-01,9.36437e+00,3.58235e+00,2.94174e-01,1.53982e+00,6.81081e+00
1.05483e+00,3.48148e+01,1.52272e-01,3.41478e+01,3.76029e-01,7.86889e-01,2.70673e+00,1.14777e+01,2.64811e+00,2.15281e+01,5.55712e-01,5.61648e+01,3.15771e+00,1.10861e+00,7.03962e-01,9.30786e+00,3.56685e+00,2.93702e-01,1.53763e+00,6.84262e+00
1.05960e+00,3.48381e+01,1.51908e-01,3.46201e+01,3.72438e-01,7.81415e-01,2.70984e+00,1.16979e+01,2.64265e+00,2.17350e+01,5.46451e-01,5.63430e+01,3.15590e+00,1.10765e+00,7.03891e-01,9.25770e+00,3.55550e+00,2.93222e-01,1.53569e+00,6.87185e+00
1.06422e+00,3.48645e+01,1.51558e-01,3.50112e+01,3.68097e-01,7.76343e-01,2.70917e+00,1.19284e+01,2.63750e+00,2.19585e+01,5.37552e-01,5.65174e+01,3.15535e+00,1.10651e+00,7.04293e-01,9.21396e+00,3.54901e+00,2.92737e-01,1.53407e+00,6.89786e+00
1.06839e+00,3.48928e+01,1.51232e-01,3.53220e+01,3.63334e-01,7.71590e-01,2.70490e+00,1.21678e+01,2.63267e+00,2.21932e+01,5.28985e-01,5.66877e+01,3.15625e+00,1.10517e+00,7.05066e-01,9.17601e+00,3.54721e+00,2.92254e-01,1.53281e+00,6.92042e+00
1.07181e+00,3.49222e+01,1.50915e-01,3.55557e+01,3.58354e-01,7.67225e-01,2.69715e+00,1.24173e+01,2.62809e+00,2.24333e+01,5.20783e-01,5.68528e+01,3.15884e+00,1.10364e+00,7.06108e-01,9.14431e+00,3.54935e+00,2.91771e-01,1.53197e+00,6.93874e+00
1.07428e+00,3.49510e+01,1.50610e-01,3.57234e+01,3.53306e-01,7.63174e-01,2.68615e+00,1.26792e+01,2.62373e+00,2.26727e+01,5.12981e-01,5.70116e+01,3.16340e+00,1.10190e+00,7.07302e-01,9.11803e+00,3.55394e+00,2.91286e-01,1.53159e+00,6.95245e+00
1.07572e+00,3.49778e+01,1.50323e-01,3.58356e+01,3.48291e-01,7.59400e-01,2.67214e+00,1.29572e+01,2.61955e+00,2.29041e+01,5.05614e-01,5.71653e+01,3.16994e+00,1.09997e+00,7.08510e-01,9.09905e+00,3.55950e+00,2.90802e-01,1.53177e+00,6.96134e+00
1.07606e+00,3.50010e+01,1.50045e-01,3.59059e+01,3.43465e-01,7.55949e-01,2.65544e+00,1.32558e+01,2.61551e+00,2.31211e+01,4.98644e-01,5.73142e+01,3.17846e+00,1.09790e+00,7.12364e-01,9.08828e+00,3.56509e+00,2.90331e-01,1.53231e+00,6.96529e+00
1.07540e+00,3.50196e+01,1.49769e-01,3.59480e+01,3.38883e-01,7.52718e-01,2.63635e+00,1.35793e+01,2.61162e+00,2.33179e+01,4.92104e-01,5.74570e+01,3.18886e+00,1.09572e+00,7.14490e-01,9.09327e+00,3.57032e+00,2.89869e-01,1.53330e+00,6.96428e+00
1.07384e+00,3.50318e+01,1.49490e-01,3.59748e+01,3.34585e-01,7.49752e-01,2.61520e+00,1.39308e+01,2.60780e+00,2.34891e+01,4.85894e-01,5.75959e+01,3.20083e+00,1.09348e+00,7.15506e-01,9.13175e+00,3.57529e+00,2.89416e-01,1.53453e+00,6.95878e+00
1.07155e+00,3.50369e+01,1.49219e-01,3.59966e+01,3.30595e-01,7.47050e-01,2.59236e+00,1.43123e+01,2.60405e+00,2.36305e+01,4.79989e-01,5.77322e+01,3.21392e+00,1.09121e+00,7.16290e-01,9.25526e+00,3.58030e+00,2.88971e-01,1.53593e+00,6.94884e+00
1.06868e+00,3.50339e+01,1.48951e-01,3.60241e+01,3.26922e-01,7.44504e-01,2.56817e+00,1.47230e+01,2.60035e+00,2.37391e+01,4.74316e-01,5.78658e+01,3.22758e+00,1.08896e+00,7.16572e-01,9.49302e+00,3.58541e+00,2.88531e-01,1.53715e+00,6.93513e+00
1.06546e+00,3.50218e+01,1.48683e-01,3.60649e+01,3.23621e-01,7.42223e-01,2.54292e+00,1.51597e+01,2.59668e+00,2.38127e+01,4.68833e-01,5.79985e+01,3.24119e+00,1.08672e+00,7.16257e-01,9.73742e+00,3.59051e+00,2.88104e-01,1.53790e+00,6.91787e+00
1.06208e+00,3.50002e+01,1.48423e-01,3.61238e+01,3.20650e-01,7.40095e-01,2.51694e+00,1.56159e+01,2.59299e+00,2.38513e+01,4.63473e-01,5.81322e+01,3.25413e+00,1.08452e+00,7.15448e-01,9.85981e+00,3.59522e+00,2.87694e-01,1.53800e+00,6.89783e+00
1.05866e+00,3.49687e+01,1.48168e-01,3.62046e+01,3.17991e-01,7.38169e-01,2.49043e+00,1.60837e+01,2.58929e+00,2.38546e+01,4.58201e-01,5.82682e+01,3.26585e+00,1.08236e+00,7.14276e-01,9.85482e+00,3.59905e+00,2.87297e-01,1.53717e+00,6.87529e+00
1.05536e+00,3.49266e+01,1.47915e-01,3.63092e+01,3.15637e-01,7.36495e-01,2.46358e+00,1.65527e+01,2.58558e+00,2.38239e+01,4.53010e-01,5.84082e+01,3.27587e+00,1.08021e+00,7.12950e-01,9.78990e+00,3.60147e+00,2.86908e-01,1.53524e+00,6.85033e+00
1.05227e+00,3.48745e+01,1.47675e-01,3.64389e+01,3.13536e-01,7.35105e-01,2.43664e+00,1.70114e+01,2.58186e+00,2.37609e+01,4.47899e-01,5.85532e+01,3.28375e+00,1.07809e+00,7.11757e-01,9.72543e+00,3.60193e+00,2.86519e-01,1.53219e+00,6.82343e+00
1.04943e+00,3.48124e+01,1.47430e-01,3.65936e+01,3.11663e-01,7.34315e-01,2.40977e+00,1.74491e+01,2.57810e+00,2.36684e+01,4.42872e-01,5.87050e+01,3.28923e+00,1.07595e+00,7.11009e-01,9.69467e+00,3.60007e+00,2.86133e-01,1.52801e+00,6.79498e+00
1.04691e+00,3.47406e+01,1.47179e-01,3.67728e+01,3.09993e-01,7.35027e-01,2.38319e+00,1.78551e+01,2.57430e+00,2.35493e+01,4.37954e-01,5.88646e+01,3.29222e+00,1.07384e+00,7.10945e-01,9.70675e+00,3.59562e+00,2.85738e-01,1.52289e+00,6.76483e+00
1.04470e+00,3.46595e+01,1.46926e-01,3.69755e+01,3.08514e-01,7.39485e-01,2.35709e+00,1.82210e+01,2.57047e+00,2.34071e+01,4.33148e-01,5.90320e+01,3.29273e+00,1.07171e+00,7.11853e-01,9.75101e+00,3.58850e+00,2.85324e-01,1.51696e+00,6.73345e+00
1.04282e+00,3.45700e+01,1.46679e-01,3.72007e+01,3.07210e-01,7.50850e-01,2.33167e+00,1.85399e+01,2.56661e+00,2.32446e+01,4.28473e-01,5.92071e+01,3.29083e+00,1.06960e+00,7.13970e-01,9.80701e+00,3.57880e+00,2.84880e-01,1.51047e+00,6.70098e+00
1.04120e+00,3.44725e+01,1.46431e-01,3.74472e+01,3.06035e-01,7.70401e-01,2.30721e+00,1.88076e+01,2.56271e+00,2.30649e+01,4.23950e-01,5.93893e+01,3.28674e+00,1.06748e+00,7.17540e-01,9.85575e+00,3.56662e+00,2.84405e-01,1.50358e+00,6.66731e+00
1.03979e+00,3.43677e+01,1.46176e-01,3.77132e+01,3.05018e-01,7.94563e-01,2.28403e+00,1.90215e+01,2.55877e+00,2.28711e+01,4.19597e-01,5.95767e+01,3.28075e+00,1.06537e+00,7.22720e-01,9.88780e+00,3.55222e+00,2.83902e-01,1.49653e+00,6.63281e+00
1.03851e+00,3.42568e+01,1.45929e-01,3.79957e+01,3.04102e-01,8.16545e-01,2.26237e+00,1.91821e+01,2.55480e+00,2.26666e+01,4.15419e-01,5.97669e+01,3.27315e+00,1.06324e+00,7.29503e-01,9.90308e+00,3.53593e+00,2.83379e-01,1.48955e+00,6.59777e+00
1.03729e+00,3.41408e+01,1.45682e-01,3.82922e+01,3.03306e-01,8.31004e-01,2.24251e+00,1.92901e+01,2.55080e+00,2.24538e+01,4.11444e-01,5.99578e+01,3.26431e+00,1.06115e+00,7.37831e-01,9.90590e+00,3.51807e+00,2.82839e-01,1.48269e+00,6.56223e+00
1.03602e+00,3.40203e+01,1.45436e-01,3.85987e+01,3.02560e-01,8.36374e-01,2.22471e+00,1.93486e+01,2.54675e+00,2.22347e+01,4.07674e-01,6.01467e+01,3.25445e+00,1.05906e+00,7.47475e-01,9.90151e+00,3.49909e+00,2.82269e-01,1.47614e+00,6.52631e+00
1.03464e+00,3.38966e+01,1.45204e-01,3.89096e+01,3.01849e-01,8.34037e-01,2.20924e+00,1.93610e+01,2.54269e+00,2.20121e+01,4.04162e-01,6.03294e+01,3.24378e+00,1.05700e+00,7.58012e-01,9.89355e+00,3.47923e+00,2.81688e-01,1.47001e+00,6.49035e+00
1.03309e+00,3.37712e+01,1.44974e-01,3.92183e+01,3.01180e-01,8.26487e-01,2.19634e+00,1.93314e+01,2.53858e+00,2.17876e+01,4.00908e-01,6.05027e+01,3.23254e+00,1.05497e+00,7.68966e-01,9.88475e+00,3.45886e+00,2.81108e-01,1.46426e+00,6.45457e+00
1.03129e+00,3.36450e+01,1.44732e-01,3.95172e+01,3.00547e-01,8.16073e-01,2.18623e+00,1.92642e+01,2.53444e+00,2.15628e+01,3.97962e-01,6.06634e+01,3.22092e+00,1.05299e+00,7.79712e-01,9.87591e+00,3.43834e+00,2.80535e-01,1.45904e+00,6.41914e+00
1.02922e+00,3.35198e+01,1.44496e-01,3.97985e+01,2.99943e-01,8.04549e-01,2.17919e+00,1.91639e+01,2.53028e+00,2.13392e+01,3.95345e-01,6.08075e+01,3.20912e+00,1.05103e+00,7.89685e-01,9.86892e+00,3.41805e+00,2.79971e-01,1.45432e+00,6.38425e+00
1.02688e+00,3.33966e+01,1.44258e-01,4.00544e+01,2.99373e-01,7.93022e-01,2.17554e+00,1.90352e+01,2.52611e+00,2.11179e+01,3.93079e-01,6.09326e+01,3.19712e+00,1.04910e+00,7.98364e-01,9.86633e+00,3.39824e+00,2.79393e-01,1.45010e+00,6.35008e+00
1.02420e+00,3.32773e+01,1.44015e-01,4.02767e+01,2.98808e-01,7.82104e-01,2.17588e+00,1.88822e+01,2.52194e+00,2.09001e+01,3.91163e-01,6.10353e+01,3.18501e+00,1.04718e+00,8.05373e-01,9.87325e+00,3.37905e+00,2.78803e-01,1.44637e+00,6.31681e+00
1.02128e+00,3.31673e+01,1.43767e-01,4.04604e+01,2.99923e-01,7.75920e-01,2.18211e+00,1.87111e+01,2.51773e+00,2.06997e+01,3.89959e-01,6.11234e+01,3.17286e+00,1.04528e+00,8.20819e-01,9.89734e+00,3.36071e+00,2.78227e-01,1.44308e+00,6.28450e+00
1.01812e+00,3.30887e+01,1.45327e-01,4.06026e+01,3.04857e-01,7.72628e-01,2.19859e+00,1.85305e+01,2.51542e+00,2.05203e+01,4.16719e-01,6.12169e+01,3.16068e+00,1.04409e+00,8.41305e-01,9.94769e+00,3.34454e+00,2.79868e-01,1.49415e+00,6.25317e+00
1.01545e+00,3.32884e+01,1.49348e-01,4.07047e+01,3.15250e-01,1.05861e+00,2.24536e+00,1.83576e+01,2.51378e+00,2.03919e+01,5.17864e-01,6.12962e+01,3.14847e+00,1.04275e+00,9.37743e-01,1.00309e+01,3.33060e+00,2.80896e-01,1.65152e+00,6.22300e+00
1.01248e+00,3.34842e+01,1.54049e-01,4.07693e+01,3.31083e-01,1.92479e+00,2.54763e+00,1.82054e+01,2.51231e+00,2.03349e+01,6.98443e-01,6.13794e+01,3.13697e+00,1.04137e+00,1.19758e+00,1.01467e+01,3.31734e+00,2.81624e-01,1.88931e+00,6.19422e+00
1.00924e+00,3.33860e+01,1.59058e-01,4.07898e+01,3.52762e-01,3.45929e+00,3.18638e+00,1.80532e+01,2.51129e+00,2.03688e+01,8.38510e-01,6.14543e+01,3.12513e+00,1.04022e+00,1.58359e+00,1.02853e+01,3.30489e+00,2.83064e-01,2.10709e+00,6.16656e+00
1.00584e+00,3.33152e+01,1.63061e-01,4.07529e+01,3.73697e-01,4.76938e+00,3.83412e+00,1.78735e+01,2.51044e+00,2.04871e+01,9.14567e-01,6.15178e+01,3.11336e+00,1.03925e+00,1.86971e+00,1.04302e+01,3.29323e+00,2.85138e-01,2.33202e+00,6.13991e+00
1.00247e+00,3.33690e+01,1.66053e-01,4.06648e+01,3.90160e-01,6.29017e+00,4.39439e+00,1.76717e+01,2.50943e+00,2.06527e+01,9.40811e-01,6.15798e+01,3.10261e+00,1.03853e+00,2.00761e+00,1.05645e+01,3.28243e+00,2.87429e-01,2.68974e+00,6.11459e+00
9.99286e-01,3.35314e+01,1.68416e-01,4.05404e+01,4.04031e-01,1.13298e+01,5.09968e+00,1.74547e+01,2.50828e+00,2.08245e+01,9.24501e-01,6.16544e+01,3.09130e+00,1.03806e+00,2.08438e+00,1.06759e+01,3.27237e+00,2.89715e-01,3.21566e+00,6.09040e+00
9.96369e-01,3.37972e+01,1.71049e-01,4.03848e+01,4.15713e-01,1.92665e+01,6.13313e+00,1.72277e+01,2.50728e+00,2.09956e+01,8.83865e-01,6.17499e+01,3.08012e+00,1.03775e+00,2.07583e+00,1.07587e+01,3.26276e+00,2.91879e-01,3.72250e+00,6.06714e+00
9.93710e-01,3.41657e+01,1.73003e-01,4.02076e+01,4.23877e-01,2.21574e+01,7.16862e+00,1.69950e+01,2.50664e+00,2.11975e+01,8.33853e-01,6.18654e+01,3.06907e+00,1.03760e+00,1.98891e+00,1.08120e+01,3.25353e+00,2.93972e-01,3.98903e+00,6.04497e+00
9.91332e-01,3.46397e+01,1.74260e-01,4.00176e+01,4.27735e-01,2.01583e+01,7.83352e+00,1.67581e+01,2.50645e+00,2.14823e+01,7.82234e-01,6.19895e+01,3.05810e+00,1.03770e+00,1.87127e+00,1.08389e+01,3.24471e+00,2.96011e-01,3.97924e+00,6.02389e+00
9.89168e-01,3.52165e+01,1.74657e-01,3.98235e+01,4.27987e-01,1.66278e+01,8.09751e+00,1.65209e+01,2.50658e+00,2.19008e+01,7.34252e-01,6.21086e+01,3.04733e+00,1.03805e+00,1.76168e+00,1.08449e+01,3.23650e+00,2.97871e-01,3.78975e+00,6.00348e+00
9.87170e-01,3.58931e+01,1.74232e-01,3.96375e+01,4.26241e-01,1.32775e+01,8.01315e+00,1.62854e+01,2.50705e+00,2.24876e+01,6.93208e-01,6.22115e+01,3.03689e+00,1.03857e+00,1.67504e+00,1.08348e+01,3.22909e+00,2.99345e-01,3.52877e+00,5.98366e+00
9.85363e-01,3.66795e+01,1.73255e-01,3.94851e+01,4.23894e-01,1.05868e+01,7.70223e+00,1.60556e+01,2.50785e+00,2.32464e+01,6.59818e-01,6.22917e+01,3.02692e+00,1.03912e+00,1.61138e+00,1.08126e+01,3.22250e+00,3.00344e-01,3.26639e+00,5.96431e+00
9.83750e-01,3.75917e+01,1.71939e-01,3.94057e+01,4.21588e-01,8.57149e+00,7.40410e+00,1.58370e+01,2.50897e+00,2.41434e+01,6.32974e-01,6.23490e+01,3.01738e+00,1.03964e+00,1.56716e+00,1.07814e+01,3.21667e+00,3.00752e-01,3.03648e+00,5.94535e+00
9.82365e-01,3.86133e+01,1.70519e-01,3.94453e+01,4.19427e-01,7.13607e+00,7.54326e+00,1.56340e+01,2.51023e+00,2.51214e+01,6.11079e-01,6.23895e+01,3.00828e+00,1.04012e+00,1.54167e+00,1.07434e+01,3.21141e+00,3.00534e-01,2.84940e+00,5.92683e+00
9.81248e-01,3.96741e+01,1.69259e-01,3.96360e+01,4.17096e-01,6.19881e+00,9.29417e+00,1.54504e+01,2.51150e+00,2.61314e+01,5.93175e-01,6.24206e+01,2.99960e+00,1.04054e+00,1.53822e+00,1.07002e+01,3.20651e+00,2.99786e-01,2.70364e+00,5.90863e+00
9.80354e-01,4.06688e+01,1.68317e-01,3.99789e+01,4.14279e-01,5.71320e+00,1.51020e+01,1.52881e+01,2.51261e+00,2.71563e+01,5.79339e-01,6.24464e+01,2.99138e+00,1.04097e+00,1.56219e+00,1.06529e+01,3.20186e+00,2.98621e-01,2.59322e+00,5.89072e+00
9.79652e-01,4.15070e+01,1.67751e-01,4.04429e+01,4.10664e-01,5.62916e+00,2.47204e+01,1.51458e+01,2.51336e+00,2.81914e+01,5.71033e-01,6.24729e+01,2.98356e+00,1.04144e+00,1.61769e+00,1.06025e+01,3.19740e+00,2.97182e-01,2.51198e+00,5.87312e+00
9.79101e-01,4.21469e+01,1.67534e-01,4.09665e+01,4.06199e-01,5.83433e+00,3.29713e+01,1.50198e+01,2.51364e+00,2.92000e+01,5.71389e-01,6.25045e+01,2.97614e+00,1.04198e+00,1.70388e+00,1.05501e+01,3.19318e+00,2.95677e-01,2.45499e+00,5.85587e+00
9.78599e-01,4.25987e+01,1.67504e-01,4.14613e+01,4.00962e-01,6.14971e+00,3.71113e+01,1.49054e+01,2.51334e+00,3.01039e+01,5.85392e-01,6.25484e+01,2.96901e+00,1.04259e+00,1.81285e+00,1.04964e+01,3.18921e+00,2.94266e-01,2.41730e+00,5.83896e+00
9.78109e-01,4.29053e+01,1.67427e-01,4.18315e+01,3.95079e-01,6.40075e+00,3.80230e+01,1.47963e+01,2.51250e+00,3.08259e+01,6.18734e-01,6.26145e+01,2.96222e+00,1.04320e+00,1.93075e+00,1.04424e+01,3.18553e+00,2.93115e-01,2.39244e+00,5.82226e+00
9.77564e-01,4.31186e+01,1.67180e-01,4.20078e+01,3.88728e-01,6.48795e+00,3.70918e+01,1.46888e+01,2.51108e+00,3.13392e+01,6.74912e-01,6.27144e+01,2.95568e+00,1.04378e+00,2.04269e+00,1.03885e+01,3.18207e+00,2.92353e-01,2.37270e+00,5.80599e+00
9.76937e-01,4.32796e+01,1.66636e-01,4.20004e+01,3.82111e-01,6.39603e+00,3.52233e+01,1.45806e+01,2.50923e+00,3.16774e+01,7.51402e-01,6.28605e+01,2.94938e+00,1.04430e+00,2.13874e+00,1.03353e+01,3.17874e+00,2.92077e-01,2.35028e+00,5.78999e+00
9.76184e-01,4.34174e+01,1.65768e-01,4.19973e+01,3.75345e-01,6.15985e+00,3.29348e+01,1.44726e+01,2.50696e+00,3.18971e+01,8.38280e-01,6.30597e+01,2.94333e+00,1.04472e+00,2.21901e+00,1.02832e+01,3.17555e+00,2.92322e-01,2.31986e+00,5.77433e+00
9.75289e-01,4.35467e+01,1.64550e-01,4.25930e+01,3.68582e-01,5.82899e+00,3.05250e+01,1.43663e+01,2.50441e+00,3.20319e+01,9.21901e-01,6.33175e+01,2.93750e+00,1.04503e+00,2.29627e+00,1.02324e+01,3.17245e+00,2.93161e-01,2.27926e+00,5.75907e+00
9.74234e-01,4.36722e+01,1.63041e-01,4.48997e+01,3.61985e-01,5.44833e+00,2.81658e+01,1.42646e+01,2.50163e+00,3.20710e+01,9.90987e-01,6.36342e+01,2.93185e+00,1.04519e+00,2.39542e+00,1.01832e+01,3.16938e+00,2.94480e-01,2.22928e+00,5.74424e+00
9.73025e-01,4.37935e+01,1.61333e-01,4.97176e+01,3.55597e-01,5.05166e+00,2.59509e+01,1.41704e+01,2.49873e+00,3.19705e+01,1.04057e+00,6.40080e+01,2.92636e+00,1.04517e+00,2.54748e+00,1.01357e+01,3.16627e+00,2.96224e-01,2.17274e+00,5.72982e+00
