2.96430e+05,3.15945e+05,2.78924e+05,3.20227e+05,2.73098e+05,3.13062e+05,3.22476e+05,3.22481e+05,3.02025e+05,2.96664e+05,3.12191e+05,2.90617e+05,3.03810e+05,3.05388e+05,3.26294e+05,3.18438e+05,3.02269e+05,3.06265e+05,3.02739e+05,3.08554e+05
6.93889e-18,6.93889e-18,6.93889e-18,6.93889e-18,6.93889e-18,6.93889e-18,6.93889e-18,6.93889e-18,6.93889e-18,6.93889e-18,6.93889e-18,6.93889e-18,6.93889e-18,6.93889e-18,6.93889e-18,6.93889e-18,6.93889e-18,6.93889e-18,6.93889e-18,6.93889e-18
2.42861e-17,5.20417e-18,4.85723e-17,3.46945e-17,3.81639e-17,1.73472e-17,3.46945e-17,2.08167e-17,3.12250e-17,1.90820e-17,2.42861e-17,1.90820e-17,2.77556e-17,2.42861e-17,3.46945e-18,3.24962e-09,4.16334e-17,2.25514e-17,6.24500e-17,1.21431e-17
4.16334e-17,1.56125e-17,6.93889e-17,1.40000e-09,4.16334e-17,5.89806e-17,3.46945e-17,2.77556e-17,4.51028e-17,2.60209e-17,5.89806e-17,1.73472e-17,4.85723e-17,1.73472e-17,3.46945e-17,3.46945e-18,1.04083e-17,2.42861e-17,1.38778e-16,3.12250e-17
6.24500e-17,1.21431e-17,1.38778e-17,4.16334e-17,1.38778e-16,6.24500e-17,2.08167e-17,1.38778e-17,1.38778e-17,4.16334e-17,4.16334e-17,0.00000e+00,2.42861e-17,4.85723e-17,2.42861e-17,3.24962e-09,8.32667e-17,2.42861e-17,6.93889e-17,1.38778e-17
1.38778e-17,1.90820e-17,6.93889e-17,2.21585e-09,2.35922e-16,2.77556e-17,4.85723e-17,2.08167e-17,1.38778e-17,8.32667e-17,1.38778e-17,1.90820e-17,4.85723e-17,4.85723e-17,1.73472e-17,3.24962e-09,6.24500e-17,2.42861e-17,1.11022e-16,6.24500e-17
4.16334e-17,1.73472e-17,1.94289e-16,2.82843e-09,2.35922e-16,6.93889e-18,1.24900e-16,6.93889e-18,6.24500e-17,8.32667e-17,2.08167e-17,2.25514e-17,6.93889e-17,2.08167e-17,2.42861e-17,1.29985e-08,6.93889e-18,4.85723e-17,1.94289e-16,2.77556e-17
4.16334e-17,0.00000e+00,1.94289e-16,4.24264e-09,1.94289e-16,8.32667e-17,0.00000e+00,7.63278e-17,1.24900e-16,1.66533e-16,6.24500e-17,1.73472e-17,6.93889e-18,1.38778e-17,0.00000e+00,1.24900e-16,0.00000e+00,1.04083e-16,2.22045e-16,3.46945e-17
1.38778e-17,2.08167e-17,5.55112e-17,1.59737e-08,3.33067e-16,1.24900e-16,1.38778e-16,6.93889e-18,1.66533e-16,1.11022e-16,4.16334e-17,1.04083e-17,8.32667e-17,2.08167e-16,1.04083e-17,8.32667e-17,0.00000e+00,6.93889e-18,8.32667e-17,8.32667e-17
4.16334e-17,4.16334e-17,4.16334e-16,4.00613e-08,1.38778e-16,4.16334e-17,1.52656e-16,4.85723e-17,4.16334e-17,7.77156e-16,2.77556e-17,2.08167e-17,9.71445e-17,1.66533e-16,2.77556e-17,3.24962e-08,4.85723e-17,6.93889e-18,1.66533e-16,4.16334e-17
6.93889e-17,3.46945e-17,1.38778e-16,1.32670e-07,2.77556e-16,1.24900e-16,6.93889e-17,1.11022e-16,1.38778e-17,3.33067e-16,9.71445e-17,3.81639e-17,6.93889e-18,1.38778e-17,2.77556e-17,3.24962e-08,6.24500e-17,9.71445e-17,2.49800e-16,9.71445e-17
4.16334e-17,6.93889e-17,8.32667e-17,3.44576e-07,2.22045e-16,2.22045e-16,1.38778e-17,9.71445e-17,1.24900e-16,6.10623e-16,1.38778e-17,2.77556e-17,2.08167e-17,1.24900e-16,4.16334e-17,3.24962e-08,9.02056e-17,9.71445e-17,6.10623e-16,9.71445e-17
1.66533e-16,9.71445e-17,1.11022e-16,4.64023e-07,3.33067e-16,1.66533e-16,1.38778e-17,1.52656e-16,6.93889e-17,4.20833e-08,1.24900e-16,4.16334e-17,5.55112e-17,8.32667e-17,2.77556e-17,3.24962e-08,5.55112e-17,1.94289e-16,3.33067e-16,1.80411e-16
1.11022e-16,0.00000e+00,1.11022e-16,4.64063e-07,3.33067e-16,3.60822e-16,5.55112e-17,6.93889e-17,8.32667e-17,8.41665e-08,1.80411e-16,4.85723e-17,5.55112e-17,2.77556e-16,6.93889e-17,5.55112e-17,6.24500e-17,1.38778e-17,3.88578e-16,1.94289e-16
8.32667e-17,1.11022e-16,1.66533e-16,4.27221e-07,2.77556e-16,2.22045e-16,1.80411e-16,1.52656e-16,1.38778e-16,2.52500e-07,1.11022e-16,6.93889e-18,1.11022e-16,3.05311e-16,6.24500e-17,5.55112e-17,1.24900e-16,8.32667e-17,6.10623e-16,2.77556e-16
0.00000e+00,1.38778e-16,1.94289e-16,4.28107e-07,4.44089e-16,3.33067e-16,1.38778e-16,0.00000e+00,2.49800e-16,4.62916e-07,6.93889e-17,2.77556e-17,9.71445e-17,1.94289e-16,3.46945e-17,8.32667e-17,0.00000e+00,2.22045e-16,2.22045e-16,1.66533e-16
3.33067e-16,3.60822e-16,2.22045e-16,4.78180e-07,6.10623e-16,3.33067e-16,2.22045e-16,1.11022e-16,8.32667e-17,6.73332e-07,1.38778e-16,2.08167e-17,6.93889e-18,3.05311e-16,1.04083e-16,4.44089e-16,1.11022e-16,2.22045e-16,7.77156e-16,1.38778e-16
4.44089e-16,3.88578e-16,1.38778e-16,5.33159e-07,5.55112e-16,6.10623e-16,3.05311e-16,1.11022e-16,2.77556e-17,9.25832e-07,4.16334e-17,6.24500e-17,4.16334e-17,4.71845e-16,1.11022e-16,5.27356e-16,2.22045e-16,5.55112e-17,7.21645e-16,4.44089e-16
7.77156e-16,2.49800e-16,3.33067e-16,6.81002e-07,3.88578e-16,5.55112e-16,2.77556e-16,2.77556e-17,2.49800e-16,1.13574e-06,1.24900e-16,4.16334e-17,4.16334e-17,2.22045e-16,7.63278e-17,5.55112e-16,1.66533e-16,0.00000e+00,4.44089e-16,2.77556e-17
7.77156e-16,2.77556e-17,1.11022e-16,6.71714e-07,3.88578e-16,5.55112e-17,1.11022e-16,8.32667e-17,4.44089e-16,1.30407e-06,6.93889e-17,4.16334e-17,0.00000e+00,2.77556e-16,8.32667e-17,3.60822e-16,0.00000e+00,8.32667e-17,1.11022e-16,5.55112e-17
7.77156e-16,2.77556e-16,1.52656e-16,5.14583e-07,3.88578e-16,2.77556e-16,1.66533e-16,1.38778e-16,1.11022e-16,1.38743e-06,6.93889e-17,9.71445e-17,1.94289e-16,6.66134e-16,8.32667e-17,6.10623e-16,8.32667e-17,5.55112e-17,5.55112e-17,8.32667e-17
4.44089e-16,2.77556e-16,1.38778e-17,5.43099e-07,5.55112e-16,0.00000e+00,2.22045e-16,1.52656e-16,4.44089e-16,1.39553e-06,1.38778e-17,0.00000e+00,1.94289e-16,0.00000e+00,9.71445e-17,3.88578e-16,4.16334e-17,1.94289e-16,0.00000e+00,3.33067e-16
9.99201e-16,1.38778e-16,2.08167e-16,1.14730e-06,6.10623e-16,5.55112e-17,3.88578e-16,9.71445e-17,3.88578e-16,1.35547e-06,6.93889e-17,3.60822e-16,2.77556e-17,3.33067e-16,4.16334e-17,4.99600e-16,1.66533e-16,1.80411e-16,6.66134e-16,2.22045e-16
0.00000e+00,1.66533e-16,2.08167e-16,1.80619e-06,8.88178e-16,2.77556e-17,2.22045e-16,1.94289e-16,5.55112e-16,1.21794e-06,1.38778e-17,3.33067e-16,8.32667e-17,3.33067e-16,1.24900e-16,9.43690e-16,2.77556e-17,2.08167e-16,9.99201e-16,0.00000e+00
1.22125e-15,1.38778e-16,1.80411e-16,2.02100e-06,5.55112e-16,3.33067e-16,1.38778e-16,4.16334e-17,3.88578e-16,1.03021e-06,2.35922e-16,5.55112e-17,2.49800e-16,4.99600e-16,0.00000e+00,2.77556e-16,0.00000e+00,1.80411e-16,1.11022e-15,6.10623e-16
1.11022e-15,1.66533e-16,4.16334e-17,1.98295e-06,2.77556e-16,4.99600e-16,8.32667e-17,5.55112e-17,3.88578e-16,6.89466e-07,1.11022e-16,4.44089e-16,3.88578e-16,1.11022e-16,1.52656e-16,9.99201e-16,1.94289e-16,2.49800e-16,5.55112e-16,5.55112e-16
1.11022e-16,2.49800e-16,4.16334e-17,2.14340e-06,0.00000e+00,2.77556e-17,3.05311e-16,9.71445e-17,4.44089e-16,5.86075e-07,1.38778e-16,4.44089e-16,0.00000e+00,7.21645e-16,6.93889e-17,3.88578e-16,2.77556e-17,4.16334e-17,6.66134e-16,6.10623e-16
0.00000e+00,1.11022e-16,1.66533e-16,2.30583e-06,4.44089e-16,3.33067e-16,1.66533e-16,1.38778e-16,7.21645e-16,1.40615e-06,1.66533e-16,6.10623e-16,5.55112e-16,7.77156e-16,2.22045e-16,6.66134e-16,3.33067e-16,2.77556e-17,0.00000e+00,3.88578e-16
9.99201e-16,5.55112e-17,9.71445e-17,2.10409e-06,3.33067e-16,2.77556e-17,0.00000e+00,1.66533e-16,5.55112e-16,2.59394e-06,6.93889e-17,6.10623e-16,3.88578e-16,3.33067e-16,6.93889e-17,4.44089e-16,2.77556e-16,1.52656e-16,7.77156e-16,6.10623e-16
6.66134e-16,1.66533e-16,9.71445e-17,1.56022e-06,7.21645e-16,1.38778e-16,2.77556e-16,1.52656e-16,6.66134e-16,5.06569e-06,2.77556e-17,4.44089e-16,7.21645e-16,3.33067e-16,2.49800e-16,4.99600e-16,1.94289e-16,1.38778e-17,1.11022e-15,6.10623e-16
2.22045e-16,4.16334e-16,1.38778e-16,1.49568e-06,5.55112e-17,1.38778e-16,1.11022e-16,1.66533e-16,7.21645e-16,5.48136e-06,4.16334e-17,4.99600e-16,1.66533e-16,5.55112e-16,3.05311e-16,7.77156e-16,1.66533e-16,1.38778e-16,1.22125e-15,8.32667e-16
1.11022e-15,5.55112e-17,1.38778e-16,1.81736e-06,3.88578e-16,1.11022e-16,3.05311e-16,1.24900e-16,4.44089e-16,5.66883e-06,9.71445e-17,1.11022e-16,2.77556e-16,0.00000e+00,2.77556e-16,2.55147e-08,2.22045e-16,3.05311e-16,3.33067e-16,3.88578e-16
1.44329e-15,1.11022e-16,4.16334e-17,2.11560e-06,1.94289e-16,2.22045e-16,4.71845e-16,5.55112e-17,2.22045e-16,6.08146e-06,9.71445e-17,7.77156e-16,2.22045e-16,0.00000e+00,3.88578e-16,9.94987e-09,4.71845e-16,1.66533e-16,7.77156e-16,0.00000e+00
4.44089e-16,3.33067e-16,9.71445e-17,2.87150e-06,3.05311e-16,1.11022e-16,5.55112e-17,1.94289e-16,4.44089e-16,5.56479e-06,1.66533e-16,4.14246e-08,3.33067e-16,6.10623e-16,1.66533e-16,9.94987e-09,8.32667e-17,1.94289e-16,1.22125e-15,4.44089e-16
1.44329e-15,1.94289e-16,6.93889e-17,3.83279e-06,3.33067e-16,3.88578e-16,2.77556e-17,1.66533e-16,1.16573e-15,4.98465e-06,1.11022e-16,1.11022e-15,2.22045e-16,8.32667e-16,3.33067e-16,5.07839e-08,6.10623e-16,2.49800e-16,0.00000e+00,5.55112e-16
7.77156e-16,3.33067e-16,8.32667e-17,4.01442e-06,2.22045e-16,5.55112e-17,1.94289e-16,0.00000e+00,1.11022e-15,4.58457e-06,8.32667e-17,6.66134e-16,1.66533e-16,6.10623e-16,2.77556e-16,4.21828e-07,4.85386e-08,8.32667e-17,1.11022e-16,7.21645e-16
1.22125e-15,2.77556e-17,1.24900e-16,4.56014e-06,2.49800e-16,3.60822e-16,2.77556e-16,2.22045e-16,7.77156e-16,4.74603e-06,1.24900e-16,2.22045e-16,8.32667e-16,6.66134e-16,4.16334e-16,2.13591e-06,2.41617e-07,2.77556e-16,9.99201e-16,1.33227e-15
9.99201e-16,4.71845e-16,1.24900e-16,5.64381e-06,2.77556e-17,4.16334e-16,1.94289e-16,1.66533e-16,7.21645e-16,6.52672e-06,1.66533e-16,1.11022e-16,6.10623e-16,9.99201e-16,3.33067e-16,3.57714e-06,6.89297e-07,3.33067e-16,9.99201e-16,1.11022e-15
3.33067e-16,2.22045e-16,5.55112e-17,6.08662e-06,3.60822e-16,1.11022e-16,3.05311e-16,2.49800e-16,1.22125e-15,9.34905e-06,5.55112e-17,2.22045e-16,1.11022e-15,1.05471e-15,7.21645e-16,3.79984e-06,1.17615e-06,5.55112e-17,0.00000e+00,6.66134e-16
1.44329e-15,2.77556e-17,9.71445e-17,6.96812e-06,4.71845e-16,4.16334e-16,0.00000e+00,3.60822e-16,6.66134e-16,1.20991e-05,1.11022e-16,9.99201e-16,1.11022e-15,5.55112e-16,3.88578e-16,4.58679e-06,1.52160e-06,2.77556e-17,5.55112e-16,1.33227e-15
6.66134e-16,4.99600e-16,1.52656e-16,7.17840e-06,3.33067e-16,2.22045e-16,3.33067e-16,3.60822e-16,8.88178e-16,1.02665e-05,2.22045e-16,4.43959e-08,3.33067e-16,5.55112e-17,9.43690e-16,5.10442e-06,1.53279e-06,3.05311e-16,5.55112e-16,8.88178e-16
1.22125e-15,4.99600e-16,1.38778e-16,7.66231e-06,4.16334e-16,1.66533e-16,2.77556e-17,1.11022e-16,9.99201e-16,9.02137e-06,9.71445e-17,7.77156e-16,8.88178e-16,5.55112e-16,6.10623e-16,6.28561e-06,1.65235e-06,8.32667e-17,8.88178e-16,3.33067e-16
1.22125e-15,3.33067e-16,6.93889e-17,7.95405e-06,1.11022e-16,0.00000e+00,2.77556e-16,8.32667e-17,1.11022e-15,8.15709e-06,8.32667e-17,1.70587e-08,6.66134e-16,2.22045e-16,1.66533e-16,6.29021e-06,1.74091e-06,5.55112e-17,6.66134e-16,8.88178e-16
7.77156e-16,3.33067e-16,9.71445e-17,8.52321e-06,3.05311e-16,6.66134e-16,3.88578e-16,4.99600e-16,4.44089e-16,6.31572e-06,8.32667e-17,1.11022e-15,1.22125e-15,1.11022e-16,8.32667e-16,4.28760e-06,2.06385e-06,5.55112e-17,1.33227e-15,1.22125e-15
5.55112e-16,3.88578e-16,1.38778e-17,8.79443e-06,1.94289e-16,8.32667e-16,2.77556e-16,2.77556e-16,1.11022e-16,7.58195e-06,5.55112e-17,2.66454e-15,5.55112e-16,8.88178e-16,0.00000e+00,4.64311e-06,2.25366e-06,2.22045e-16,1.11022e-16,9.99201e-16
1.22125e-15,2.77556e-16,0.00000e+00,8.08987e-06,8.32667e-17,4.44089e-16,3.88578e-16,4.99600e-16,7.77156e-16,1.02456e-05,1.38778e-16,6.66134e-16,3.33067e-16,6.66134e-16,6.66134e-16,4.39313e-06,4.21781e-06,8.32667e-17,4.44089e-16,2.44249e-15
8.88178e-16,5.55112e-16,1.66533e-16,9.69300e-06,2.22045e-16,4.44089e-16,6.66134e-16,5.55112e-16,4.44089e-16,1.22829e-05,1.66533e-16,1.77636e-15,8.88178e-16,7.77156e-16,4.44089e-16,5.94556e-06,8.41593e-06,3.05311e-16,4.44089e-16,1.11022e-15
6.66134e-16,7.77156e-16,5.55112e-17,1.00621e-05,2.77556e-17,4.99600e-16,4.99600e-16,2.77556e-16,3.33067e-16,1.53322e-05,2.22045e-16,8.88178e-16,7.77156e-16,1.88738e-15,1.22125e-15,5.94058e-06,8.21116e-06,5.55112e-17,2.44249e-15,8.88178e-16
5.55112e-16,8.32667e-16,1.11022e-16,9.74799e-06,2.77556e-17,3.33067e-16,1.66533e-16,3.88578e-16,4.44089e-16,1.55646e-05,0.00000e+00,1.33227e-15,6.66134e-16,3.33067e-16,7.77156e-16,6.30259e-06,1.42596e-05,3.33067e-16,1.55431e-15,1.33227e-15
3.33067e-16,3.88578e-16,6.93889e-17,8.80552e-06,2.77556e-16,2.22045e-16,1.11022e-16,6.10623e-16,1.33227e-15,1.57133e-05,2.49800e-16,1.99840e-15,2.22045e-16,0.00000e+00,8.88178e-16,7.90785e-06,1.18987e-05,2.22045e-16,8.88178e-16,0.00000e+00
1.77636e-15,5.37680e-08,1.11022e-16,9.77062e-06,1.94289e-16,2.22045e-16,9.99201e-16,1.11022e-16,1.11022e-16,1.42053e-05,1.94289e-16,9.94987e-08,1.55431e-15,2.22045e-16,9.99201e-16,1.04618e-05,1.05405e-05,1.11022e-16,0.00000e+00,8.88178e-16
7.77156e-16,2.11660e-07,9.71445e-17,1.31924e-05,1.66533e-16,4.99600e-16,4.99600e-16,4.44089e-16,1.33227e-15,1.33254e-05,3.05311e-16,3.57071e-07,1.55431e-15,0.00000e+00,1.33227e-15,9.50723e-06,1.04113e-05,1.38778e-16,1.33227e-15,1.11022e-15
5.55112e-16,6.21897e-07,4.16334e-17,9.83514e-06,3.05311e-16,8.88178e-16,1.66533e-16,2.77556e-16,1.11022e-16,1.31476e-05,2.22045e-16,2.22045e-15,1.99840e-15,1.11022e-15,1.55431e-15,8.39181e-06,1.29589e-05,2.77556e-16,2.66454e-15,1.55431e-15
2.22045e-16,1.31124e-06,1.38778e-16,9.51420e-06,3.05311e-16,1.11022e-16,9.99201e-16,1.66533e-16,8.88178e-16,1.13591e-05,1.66533e-16,1.40000e-07,1.55431e-15,7.77156e-16,9.99201e-16,9.89531e-06,1.66797e-05,1.94289e-16,1.33227e-15,2.44249e-15
0.00000e+00,2.08006e-06,4.16334e-17,8.42268e-06,1.38778e-16,8.88178e-16,4.99600e-16,4.99600e-16,8.88178e-16,1.54085e-05,2.22045e-16,1.40000e-07,8.88178e-16,9.99201e-16,9.99201e-16,1.27227e-05,1.89898e-05,8.32667e-17,2.22045e-16,4.44089e-16
0.00000e+00,2.72216e-06,1.11022e-16,7.60707e-06,5.55112e-17,9.99201e-16,1.22125e-15,6.66134e-16,1.33227e-15,2.02056e-05,2.22045e-16,2.86182e-07,1.33227e-15,4.44089e-16,4.44089e-16,1.88037e-05,1.89772e-05,3.33067e-16,1.55431e-15,1.99840e-15
1.66533e-15,3.14060e-06,1.24900e-16,8.41009e-06,1.66533e-16,5.55112e-16,5.55112e-16,3.33067e-16,2.33147e-15,1.76610e-05,1.38778e-16,2.37487e-07,1.77636e-15,1.11022e-15,7.77156e-16,1.20711e-05,2.04228e-05,1.66533e-16,6.66134e-16,1.55431e-15
2.22045e-16,5.98554e-06,9.71445e-17,1.00875e-05,8.32667e-17,9.99201e-16,0.00000e+00,2.77556e-16,3.33067e-16,1.63765e-05,1.66533e-16,2.17945e-07,1.33227e-15,3.33067e-16,1.44329e-15,1.13531e-05,1.80003e-05,1.66533e-16,2.22045e-15,2.88658e-15
6.66134e-16,8.31748e-06,9.71445e-17,1.06061e-05,5.55112e-17,0.00000e+00,0.00000e+00,2.22045e-16,1.55431e-15,1.80210e-05,1.11022e-16,1.95959e-07,0.00000e+00,1.22125e-15,3.33067e-16,1.21710e-05,1.86355e-05,3.33067e-16,4.44089e-16,1.99840e-15
1.44329e-15,8.83135e-06,6.93889e-17,9.78335e-06,2.77556e-17,7.77156e-16,7.77156e-16,5.55112e-17,1.55431e-15,1.92000e-05,3.33067e-16,1.70587e-07,2.88658e-15,7.77156e-16,8.88178e-16,1.47259e-05,1.64731e-05,1.66533e-16,2.66454e-15,2.22045e-15
8.88178e-16,7.15199e-06,1.80411e-16,1.01340e-05,2.77556e-17,3.33067e-16,7.77156e-16,1.40000e-08,1.55431e-15,1.95873e-05,3.33067e-16,2.59808e-07,4.44089e-16,1.33227e-15,7.77156e-16,1.52891e-05,2.12672e-05,1.66533e-16,3.33067e-15,2.22045e-15
1.66533e-15,1.17767e-05,1.52656e-16,1.04886e-05,2.77556e-17,4.44089e-16,2.22045e-16,4.62493e-08,1.11022e-15,1.87163e-05,5.55112e-17,2.41661e-07,4.44089e-16,0.00000e+00,1.44329e-15,1.42147e-05,1.69216e-05,8.32667e-17,1.11022e-15,1.55431e-15
6.66134e-16,9.72134e-06,5.55112e-17,1.05224e-05,2.77556e-17,8.88178e-16,1.33227e-15,9.93730e-08,1.77636e-15,1.67860e-05,2.49800e-16,4.99600e-07,2.22045e-16,5.55112e-16,1.11022e-16,9.80724e-06,1.69470e-05,1.94289e-16,1.55431e-15,1.55431e-15
1.11022e-15,9.06342e-06,4.16334e-17,1.08860e-05,1.38778e-16,1.33227e-15,7.77156e-16,3.42186e-07,2.66454e-15,1.48322e-05,1.38778e-16,3.74700e-07,2.88658e-15,2.22045e-16,6.66134e-16,1.10339e-05,1.84607e-05,1.66533e-16,1.99840e-15,1.99840e-15
0.00000e+00,1.01705e-05,6.93889e-17,1.08788e-05,2.49800e-16,8.88178e-16,1.44329e-15,7.18339e-07,0.00000e+00,1.40870e-05,2.22045e-16,5.85150e-07,1.11022e-15,5.55112e-16,4.44089e-16,1.10466e-05,1.80430e-05,8.32667e-17,2.22045e-16,8.88178e-16
4.44089e-16,1.20637e-05,1.11022e-16,1.01519e-05,1.94289e-16,7.77156e-16,0.00000e+00,1.30440e-06,1.11022e-15,1.67734e-05,1.66533e-16,6.99357e-07,1.33227e-15,1.44329e-15,7.77156e-16,1.53923e-05,1.78304e-05,5.55112e-17,6.66134e-16,0.00000e+00
9.99201e-16,1.24701e-05,1.66533e-16,9.94772e-06,5.55112e-17,1.22125e-15,0.00000e+00,1.36338e-06,4.44089e-16,1.79140e-05,5.55112e-16,7.63151e-07,1.11022e-15,0.00000e+00,1.22125e-15,1.85664e-05,1.74676e-05,1.38778e-16,2.66454e-15,1.33227e-15
1.44329e-15,1.38974e-05,9.71445e-17,1.16293e-05,5.55112e-17,0.00000e+00,1.11022e-16,3.55503e-06,1.55431e-15,2.08968e-05,1.66533e-16,9.71391e-07,3.33067e-15,6.66134e-16,1.11022e-16,1.79146e-05,1.55582e-05,2.77556e-17,1.77636e-15,1.11022e-15
2.22045e-16,7.46967e-06,6.93889e-17,1.24983e-05,3.60822e-16,5.55112e-16,5.55112e-16,3.35460e-06,1.55431e-15,1.97159e-05,4.71845e-16,1.12089e-06,1.11022e-15,1.77636e-15,5.55112e-16,2.08137e-05,1.95059e-05,1.38778e-16,2.44249e-15,1.99840e-15
2.22045e-16,1.23876e-05,1.24900e-16,1.42182e-05,2.22045e-16,6.66134e-16,1.11022e-16,1.20635e-06,1.55431e-15,1.79755e-05,3.33067e-16,1.40442e-06,1.55431e-15,1.22125e-15,5.55112e-16,2.42496e-05,2.32582e-05,2.77556e-16,1.77636e-15,1.55431e-15
7.77156e-16,1.00563e-05,6.93889e-17,1.50149e-05,1.94289e-16,5.55112e-16,7.77156e-16,2.44897e-06,2.22045e-15,1.81689e-05,3.33067e-16,1.72047e-06,2.44249e-15,9.99201e-16,7.77156e-16,2.27122e-05,1.83030e-05,1.38778e-16,6.66134e-16,1.55431e-15
5.55112e-16,8.99561e-06,9.71445e-17,1.51086e-05,5.55112e-17,9.99201e-16,7.77156e-16,2.33358e-06,2.88658e-15,1.78966e-05,5.55112e-16,1.98987e-06,1.99840e-15,1.11022e-15,7.77156e-16,2.31451e-05,2.21984e-05,1.94289e-16,2.22045e-15,1.11022e-15
4.44089e-16,6.67430e-06,6.93889e-17,1.53631e-05,2.22045e-16,3.33067e-16,1.11022e-16,3.08188e-06,1.11022e-15,1.58847e-05,6.66134e-16,2.20660e-06,6.66134e-16,1.11022e-15,1.33227e-15,2.17766e-05,1.97300e-05,1.66533e-16,1.99840e-15,1.11022e-15
5.55112e-16,6.43506e-06,1.52656e-16,1.39738e-05,3.33067e-16,7.77156e-16,4.44089e-16,3.86812e-06,1.77636e-15,1.65337e-05,1.66533e-16,2.43311e-06,2.66454e-15,9.99201e-16,1.33227e-15,2.45281e-05,1.58994e-05,2.22045e-16,2.66454e-15,2.44249e-15
9.99201e-16,5.80880e-06,5.55112e-17,1.22767e-05,1.66533e-16,7.77156e-16,5.55112e-16,4.46193e-06,2.22045e-15,2.29375e-05,6.66134e-16,2.94406e-06,3.10862e-15,1.11022e-16,9.99201e-16,2.56983e-05,2.08681e-05,3.05311e-16,1.33227e-15,2.44249e-15
8.88178e-16,6.22065e-06,8.32667e-17,1.34170e-05,2.22045e-16,2.22045e-16,5.55112e-16,4.55677e-06,1.99840e-15,2.72052e-05,6.10623e-16,3.29635e-06,1.77636e-15,0.00000e+00,4.44089e-16,2.36966e-05,2.55987e-05,2.22045e-16,2.44249e-15,1.99840e-15
7.77156e-16,4.66632e-06,5.55112e-17,1.50851e-05,1.11022e-16,1.11022e-15,3.33067e-16,4.21563e-06,1.77636e-15,2.36221e-05,5.55112e-17,3.77624e-06,1.99840e-15,9.99201e-16,5.55112e-16,2.50845e-05,2.75274e-05,1.94289e-16,4.44089e-16,1.55431e-15
5.55112e-16,4.61447e-06,8.32667e-17,1.57421e-05,8.32667e-17,0.00000e+00,7.77156e-16,3.61587e-06,0.00000e+00,2.47732e-05,3.88578e-16,4.16983e-06,1.11022e-15,0.00000e+00,5.55112e-16,2.54895e-05,2.28275e-05,3.05311e-16,8.88178e-16,1.11022e-15
6.66134e-16,5.05287e-06,9.71445e-17,1.54388e-05,3.05311e-16,4.44089e-16,1.11022e-16,3.24190e-06,0.00000e+00,2.53875e-05,8.32667e-16,4.50754e-06,1.55431e-15,6.66134e-16,6.66134e-16,2.71490e-05,1.89150e-05,2.22045e-16,1.77636e-15,1.55431e-15
3.33067e-16,4.55481e-06,2.77556e-17,1.95696e-05,3.33067e-16,7.77156e-16,1.11022e-16,3.87267e-06,2.22045e-15,2.49649e-05,6.66134e-16,4.80650e-06,2.88658e-15,2.22045e-16,8.88178e-16,2.31651e-05,1.87431e-05,0.00000e+00,6.66134e-16,1.77636e-15
1.22125e-15,4.84948e-06,6.93889e-17,2.03138e-05,8.32667e-17,8.88178e-16,1.22125e-15,5.39721e-06,2.66454e-15,2.59720e-05,4.99600e-16,5.17227e-06,1.77636e-15,7.77156e-16,7.77156e-16,3.05286e-05,2.05938e-05,1.38778e-16,1.77636e-15,1.33227e-15
5.55112e-16,6.78330e-06,9.71445e-17,1.84030e-05,1.38778e-16,9.99201e-16,0.00000e+00,6.39790e-06,3.33067e-15,2.16671e-05,7.21645e-16,5.65985e-06,3.77476e-15,3.33067e-16,8.88178e-16,2.12523e-05,2.21545e-05,2.77556e-16,8.88178e-16,0.00000e+00
5.55112e-16,1.27643e-05,4.16334e-17,1.83429e-05,2.77556e-17,4.44089e-16,8.88178e-16,5.92063e-06,3.10862e-15,1.88055e-05,3.33067e-16,6.04545e-06,1.11022e-15,5.55112e-16,7.21645e-16,1.70921e-05,1.68773e-05,3.05311e-16,2.44249e-15,1.99840e-15
1.22125e-15,7.64996e-06,1.11022e-16,1.93120e-05,3.33067e-16,4.44089e-16,0.00000e+00,4.55631e-06,1.33227e-15,1.77539e-05,2.22045e-16,6.12055e-06,3.77476e-15,7.77156e-16,1.66533e-16,1.46265e-05,1.55229e-05,1.38778e-16,1.99840e-15,1.33227e-15
6.66134e-16,1.07438e-05,1.38778e-16,2.51095e-05,1.38778e-16,8.88178e-16,5.55112e-16,3.51128e-06,8.88178e-16,2.03266e-05,2.77556e-16,5.94524e-06,1.11022e-15,1.11022e-15,6.10623e-16,1.67015e-05,1.40740e-05,3.05311e-16,1.77636e-15,1.33227e-15
6.66134e-16,2.18339e-05,1.66533e-16,2.46203e-05,2.77556e-17,1.22125e-15,2.22045e-16,2.93726e-06,1.77636e-15,2.16304e-05,1.11022e-16,5.99709e-06,1.11022e-15,7.77156e-16,2.22045e-16,1.78930e-05,1.38350e-05,1.94289e-16,1.99840e-15,2.44249e-15
6.66134e-16,1.15863e-05,1.11022e-16,2.22833e-05,2.49800e-16,2.22045e-16,3.33067e-16,2.98322e-06,1.77636e-15,2.25209e-05,2.77556e-16,6.25220e-06,2.66454e-15,4.44089e-16,5.55112e-16,1.55191e-05,1.48226e-05,1.11022e-16,1.55431e-15,1.55431e-15
4.44089e-16,1.91497e-05,1.24900e-16,2.28238e-05,1.38778e-16,7.77156e-16,8.88178e-16,4.52332e-06,4.44089e-16,2.29538e-05,6.10623e-16,6.63701e-06,6.66134e-16,1.11022e-16,2.77556e-16,1.65192e-05,1.66480e-05,1.38778e-16,2.66454e-15,1.33227e-15
5.55112e-16,1.44900e-05,0.00000e+00,2.31901e-05,2.77556e-17,6.66134e-16,1.33227e-15,5.70014e-06,3.33067e-15,2.47547e-05,4.44089e-16,6.89287e-06,8.88178e-16,9.99201e-16,4.99600e-16,1.63279e-05,1.76732e-05,0.00000e+00,8.88178e-16,0.00000e+00
1.22125e-15,1.44778e-05,1.24900e-16,2.61521e-05,1.94289e-16,6.66134e-16,1.55431e-15,5.45691e-06,6.66134e-16,2.49981e-05,5.55112e-17,7.34640e-06,1.55431e-15,8.88178e-16,6.66134e-16,1.99059e-05,1.93747e-05,1.38778e-16,1.55431e-15,4.44089e-16
3.33067e-16,1.02699e-05,1.38778e-16,2.36061e-05,1.66533e-16,7.77156e-16,1.55431e-15,6.00209e-06,2.44249e-15,2.33352e-05,5.55112e-16,7.66110e-06,1.11022e-15,8.88178e-16,9.43690e-16,1.99999e-05,2.06182e-05,1.66533e-16,1.11022e-15,4.44089e-16
7.77156e-16,1.44051e-05,1.52656e-16,2.46846e-05,4.16334e-16,1.22125e-15,1.11022e-16,6.40481e-06,3.77476e-15,2.39028e-05,7.21645e-16,8.18053e-06,2.22045e-15,6.66134e-16,1.11022e-16,2.03600e-05,1.89520e-05,8.32667e-17,1.55431e-15,4.44089e-16
9.99201e-16,9.80128e-06,1.24900e-16,2.37280e-05,1.33673e-06,7.77156e-16,4.44089e-16,6.92655e-06,2.22045e-16,2.58199e-05,3.88578e-16,8.58284e-06,1.99840e-15,1.98997e-08,5.55112e-17,2.03897e-05,1.85505e-05,2.49800e-16,1.55431e-15,1.11022e-15
5.56776e-08,9.95829e-06,8.32667e-17,2.25732e-05,2.36973e-06,0.00000e+00,4.44089e-16,7.34228e-06,6.66134e-16,2.22992e-05,0.00000e+00,9.04594e-06,6.66134e-16,4.16983e-07,5.55112e-16,2.17509e-05,1.84398e-05,2.22045e-16,1.55431e-15,2.44249e-15
3.21403e-07,9.52291e-06,6.93889e-17,2.44575e-05,5.73163e-05,1.22125e-15,8.88178e-16,7.41293e-06,2.88658e-15,3.68952e-05,1.66533e-16,9.34826e-06,1.55431e-15,1.40324e-06,7.21645e-16,2.39319e-05,1.78406e-05,2.49800e-16,1.55431e-15,2.66454e-15
2.59849e-06,1.16185e-05,1.94289e-16,3.09712e-05,9.48475e-05,7.77156e-16,1.55431e-15,7.11063e-06,1.99840e-15,3.97929e-05,5.55112e-17,9.55625e-06,1.77636e-15,5.43181e-06,2.22045e-16,2.82309e-05,1.82918e-05,8.32667e-17,2.22045e-15,1.33227e-15
3.77475e-06,1.14941e-05,6.93889e-17,2.87611e-05,6.72398e-05,1.11022e-15,1.55431e-15,5.73498e-06,6.66134e-16,3.12619e-05,1.11022e-16,9.68803e-06,1.11022e-15,1.08980e-05,0.00000e+00,2.88319e-05,2.02565e-05,3.33067e-16,2.22045e-15,1.55431e-15
7.12136e-06,9.48211e-06,9.71445e-17,3.24737e-05,5.18112e-05,1.44329e-15,1.33227e-15,6.82416e-06,2.88658e-15,3.12600e-05,5.55112e-17,9.80553e-06,2.88658e-15,1.61624e-05,4.44089e-16,3.33463e-05,2.27553e-05,2.49800e-16,4.44089e-16,4.76970e-07
1.15386e-05,1.39946e-05,9.71445e-17,2.74173e-05,5.50556e-05,9.99201e-16,2.44249e-15,9.42687e-06,1.55431e-15,3.65798e-05,7.21645e-16,1.00000e-05,9.94987e-07,1.75847e-05,4.99600e-16,2.62820e-05,3.08518e-05,3.60822e-16,1.55431e-15,5.56776e-07
1.41153e-05,1.68472e-05,1.11022e-16,3.21524e-05,4.36954e-05,8.88178e-16,1.11022e-15,9.89729e-06,3.77476e-15,3.66207e-05,0.00000e+00,1.00603e-05,1.75966e-06,2.30798e-05,5.55112e-17,3.01289e-05,3.80160e-05,2.22045e-16,1.55431e-15,6.94190e-07
1.70107e-05,1.52231e-05,1.24900e-16,2.54762e-05,4.19547e-05,9.99201e-16,2.44249e-15,1.08979e-05,2.44249e-15,3.95965e-05,5.55112e-17,1.01521e-05,9.26166e-06,1.90374e-05,9.43690e-16,2.73008e-05,3.85665e-05,1.66533e-16,1.33227e-15,6.34302e-06
1.40239e-05,1.69293e-05,9.71445e-17,2.90807e-05,5.78211e-05,1.11022e-15,2.44249e-15,1.03386e-05,8.88178e-16,3.90200e-05,8.32667e-16,1.02671e-05,9.84814e-06,2.22803e-05,4.44089e-16,2.54530e-05,3.31348e-05,1.11022e-16,1.55431e-15,8.69416e-06
1.18272e-05,1.42944e-05,1.66533e-16,3.05771e-05,8.09385e-05,2.22045e-16,8.88178e-16,9.71149e-06,2.66454e-15,3.84220e-05,4.44089e-16,1.02985e-05,1.94464e-05,1.64633e-05,2.77556e-16,2.59403e-05,2.87248e-05,1.94289e-16,2.66454e-15,7.23239e-06
1.73760e-05,1.71523e-05,4.16334e-17,3.58125e-05,1.36890e-04,1.22125e-15,2.66454e-15,1.01298e-05,2.66454e-15,4.75067e-05,6.10623e-16,1.03693e-05,3.43171e-05,1.91521e-05,1.66533e-16,2.14555e-05,2.83795e-05,1.66533e-16,0.00000e+00,4.49128e-06
2.87841e-05,1.69608e-05,1.38778e-16,3.41708e-05,2.28142e-04,6.66134e-16,1.77636e-15,7.39413e-06,6.66134e-16,4.64341e-05,0.00000e+00,1.05247e-05,3.05598e-05,2.44122e-05,6.10623e-16,2.44632e-05,2.76575e-05,3.33067e-16,1.99840e-15,1.52248e-05
2.06045e-05,2.16189e-05,8.32667e-17,4.23286e-05,3.53200e-04,4.44089e-16,2.22045e-15,7.84332e-06,8.88178e-16,5.14574e-05,3.88578e-16,1.07824e-05,3.30031e-05,2.75923e-05,4.99600e-16,2.45621e-05,2.94311e-05,1.94289e-16,2.44249e-15,1.02117e-05
2.00314e-05,2.19506e-05,2.77556e-17,3.78679e-05,5.00478e-04,3.33067e-16,1.55431e-15,1.01223e-05,6.66134e-16,5.34651e-05,3.88578e-16,1.10613e-05,3.00433e-05,3.05300e-05,2.22045e-16,2.43384e-05,3.20151e-05,2.77556e-16,1.55431e-15,9.11100e-06
2.56812e-05,2.99568e-05,6.93889e-17,3.61693e-05,6.52693e-04,1.11022e-15,2.22045e-16,7.98459e-06,2.22045e-15,5.17228e-05,3.33067e-16,1.14221e-05,3.34749e-05,2.59166e-05,8.88178e-16,2.94480e-05,2.94930e-05,1.38778e-16,2.44249e-15,9.53400e-06
2.81622e-05,2.82797e-05,1.66533e-16,3.76231e-05,7.99166e-04,1.11022e-16,1.99840e-15,1.01360e-05,2.22045e-15,5.11283e-05,6.10623e-16,1.19156e-05,2.99610e-05,2.65542e-05,5.55112e-17,2.72151e-05,2.78299e-05,2.49800e-16,1.99840e-15,1.39233e-05
3.70553e-05,2.97713e-05,1.11022e-16,4.66346e-05,9.01005e-04,1.33227e-15,2.44249e-15,9.25017e-06,0.00000e+00,4.98569e-05,2.77556e-16,1.24888e-05,3.43233e-05,2.87399e-05,6.10623e-16,2.94403e-05,2.92528e-05,1.11022e-16,1.55431e-15,1.95115e-05
5.53768e-05,3.09932e-05,1.11022e-16,3.22406e-05,9.64658e-04,7.77156e-16,8.88178e-16,1.03820e-05,3.33067e-15,5.20695e-05,6.10623e-16,1.30763e-05,3.57959e-05,2.35887e-05,6.66134e-16,2.89311e-05,3.35361e-05,1.94289e-16,2.88658e-15,2.29087e-05
7.51009e-05,2.72967e-05,1.24900e-16,3.36476e-05,9.81396e-04,6.66134e-16,1.77636e-15,1.00249e-05,1.77636e-15,5.69666e-05,0.00000e+00,1.35456e-05,2.52494e-05,1.88996e-05,3.88578e-16,3.53136e-05,3.56984e-05,5.55112e-17,1.55431e-15,3.01130e-05
1.07448e-04,2.04519e-05,0.00000e+00,3.17985e-05,9.61274e-04,9.99201e-16,1.77636e-15,1.14168e-05,1.99840e-15,4.90868e-05,6.66134e-16,1.38651e-05,2.85876e-05,1.92141e-05,4.44089e-16,3.41501e-05,3.18063e-05,2.49800e-16,1.99840e-15,5.02821e-05
1.52788e-04,2.30103e-05,1.24900e-16,2.86228e-05,9.04589e-04,3.33067e-16,1.99840e-15,1.25302e-05,1.11022e-15,5.38959e-05,4.44089e-16,1.41799e-05,3.87850e-05,1.99739e-05,9.94987e-09,4.17056e-05,3.70405e-05,2.77556e-16,1.33227e-15,8.21697e-05
2.26751e-04,2.28225e-05,1.11022e-16,3.02270e-05,8.29916e-04,8.32667e-16,0.00000e+00,1.14327e-05,1.55431e-15,5.70521e-05,2.77556e-16,1.46091e-05,4.07479e-05,2.52385e-05,4.61628e-08,4.17144e-05,4.74889e-05,1.94289e-16,1.33227e-15,1.26457e-04
3.34789e-04,2.41979e-05,8.32667e-17,3.61511e-05,7.43495e-04,5.11762e-08,3.41174e-07,9.64611e-06,2.22045e-16,5.99796e-05,3.88578e-16,1.49401e-05,4.68785e-05,2.52379e-05,2.90544e-07,4.21986e-05,4.44064e-05,1.11022e-16,1.95959e-07,1.92556e-04
5.00877e-04,1.76419e-05,1.24900e-16,3.94181e-05,6.54074e-04,8.52936e-08,6.48074e-07,7.93006e-06,1.99840e-15,5.92774e-05,5.55112e-16,1.53726e-05,4.36640e-05,2.99679e-05,7.27441e-07,3.81320e-05,5.58221e-05,2.49800e-16,2.17945e-07,2.72286e-04
7.49925e-04,1.96465e-05,9.71445e-17,3.73029e-05,5.68562e-04,2.55881e-06,1.20609e-05,7.45044e-06,2.22045e-15,6.79408e-05,6.66134e-16,1.59497e-05,4.14202e-05,2.99610e-05,1.51733e-06,5.17851e-05,5.58500e-05,1.66533e-16,1.95959e-07,3.85040e-04
1.11475e-03,1.94544e-05,6.93889e-17,3.68681e-05,4.84457e-04,3.97468e-06,2.02916e-05,9.77648e-06,1.55431e-15,6.55767e-05,4.44089e-16,1.65663e-05,4.72378e-05,3.01936e-05,2.80322e-06,4.26665e-05,5.25053e-05,2.77556e-16,8.81816e-07,5.20422e-04
1.64694e-03,1.68618e-05,1.24900e-16,3.43026e-05,4.07916e-04,1.38176e-06,1.55359e-05,1.13704e-05,2.66454e-15,7.93709e-05,5.55112e-16,1.70765e-05,4.94334e-05,2.69225e-05,5.05302e-06,4.75433e-05,5.65196e-05,8.32667e-17,2.17945e-07,6.82232e-04
2.39003e-03,2.20515e-05,9.71445e-17,3.20732e-05,3.42366e-04,1.68881e-06,2.34374e-05,1.23992e-05,3.10862e-15,7.37832e-05,6.66134e-16,1.76438e-05,4.85032e-05,3.19886e-05,5.35461e-06,4.84312e-05,5.17787e-05,1.38778e-16,1.67762e-06,8.51762e-04
3.41886e-03,1.93143e-05,9.71445e-17,3.10986e-05,2.86855e-04,1.67175e-06,1.47838e-05,1.32426e-05,2.22045e-15,7.17210e-05,5.55112e-17,1.84811e-05,4.71825e-05,2.45799e-05,5.79921e-06,4.14037e-05,4.79879e-05,2.49800e-16,3.91918e-07,1.04295e-03
4.82027e-03,1.35407e-05,1.11022e-16,3.27391e-05,2.40010e-04,1.53528e-06,1.70476e-05,1.28069e-05,1.99840e-15,7.76710e-05,5.55112e-16,1.92375e-05,4.84927e-05,2.76129e-05,6.71895e-06,4.11168e-05,4.78448e-05,2.22045e-16,5.19615e-07,1.22546e-03
6.69849e-03,1.26856e-05,1.80411e-16,3.06175e-05,1.99071e-04,1.91058e-06,2.27452e-05,1.38434e-05,1.33227e-15,8.61241e-05,3.88578e-16,1.99494e-05,4.49872e-05,3.24195e-05,6.12309e-06,4.18818e-05,5.50989e-05,3.33067e-16,5.52394e-06,1.40148e-03
9.16821e-03,1.54891e-05,1.11022e-16,3.89666e-05,1.63636e-04,1.84234e-06,2.50208e-05,1.26907e-05,0.00000e+00,8.64938e-05,7.21645e-16,2.06919e-05,4.66210e-05,3.05207e-05,8.79891e-06,4.39824e-05,4.86289e-05,1.66533e-16,1.99539e-06,1.56736e-03
1.23396e-02,1.35429e-05,9.71445e-17,4.51319e-05,1.33378e-04,2.43940e-06,2.47789e-05,1.55810e-05,2.66454e-15,8.99437e-05,1.66533e-16,2.15156e-05,4.66261e-05,3.13603e-05,1.61015e-05,4.18629e-05,5.06012e-05,2.77556e-16,5.09481e-06,1.71410e-03
1.62926e-02,1.58014e-05,2.77556e-17,4.13176e-05,1.12615e-04,5.18585e-06,2.50278e-05,1.51281e-05,1.11022e-15,9.47372e-05,3.88578e-16,2.24284e-05,5.41371e-05,3.08940e-05,1.52170e-05,4.22392e-05,4.89289e-05,1.38778e-16,1.09911e-05,1.83947e-03
2.10359e-02,1.52856e-05,1.94289e-16,4.79935e-05,9.39392e-05,2.59293e-06,2.24732e-05,2.55609e-05,2.44249e-15,1.02162e-04,1.66533e-16,2.29787e-05,5.98674e-05,3.17830e-05,2.01668e-05,3.69259e-05,5.55317e-05,1.66533e-16,1.53623e-05,1.94848e-03
2.65024e-02,1.51277e-05,9.71445e-17,4.60649e-05,7.65802e-05,1.46705e-06,2.62762e-05,2.17520e-05,3.36303e-07,1.02336e-04,2.77556e-16,2.34035e-05,5.29683e-05,3.18570e-05,1.54251e-05,3.80734e-05,5.40462e-05,3.33067e-16,2.32839e-05,2.04431e-03
3.25140e-02,1.75830e-05,6.93889e-17,5.39942e-05,6.62979e-05,9.04112e-07,2.87574e-05,3.01796e-05,3.36303e-07,1.01229e-04,4.99600e-16,2.40654e-05,4.78262e-05,3.45873e-05,1.57776e-05,3.58003e-05,5.33549e-05,1.66533e-16,2.72555e-05,2.11803e-03
3.88130e-02,1.79672e-05,8.32667e-17,4.42981e-05,6.12340e-05,2.38822e-06,2.83288e-05,2.48541e-05,6.72607e-07,1.08598e-04,3.33067e-16,2.49206e-05,5.07561e-05,3.18899e-05,2.20664e-05,4.62801e-05,5.27924e-05,1.66533e-16,1.94205e-05,2.18025e-03
4.50566e-02,1.89638e-05,9.71445e-17,4.43072e-05,5.11890e-05,1.53528e-07,2.74203e-05,3.37631e-05,1.77636e-15,9.23757e-05,2.77556e-16,2.59895e-05,4.84259e-05,3.00078e-05,3.71637e-05,5.41591e-05,5.45769e-05,1.38778e-16,1.77403e-05,2.21870e-03
5.09024e-02,2.55093e-05,1.96314e-06,4.00298e-05,5.33607e-05,1.91522e-06,3.10141e-05,2.78929e-05,4.37194e-06,8.94677e-05,1.66533e-16,2.72684e-05,3.81026e-05,3.01696e-05,5.42386e-05,4.37892e-05,5.49812e-05,2.28208e-06,2.11742e-05,2.24352e-03
5.60320e-02,3.62509e-05,2.28347e-06,3.94113e-05,4.84996e-05,1.54284e-06,3.34021e-05,3.48373e-05,7.73175e-06,8.62260e-05,0.00000e+00,2.82241e-05,4.08732e-05,3.19536e-05,7.28211e-05,4.30923e-05,6.13603e-05,7.27785e-06,2.78177e-05,2.25215e-03
6.02048e-02,3.79404e-05,1.73658e-06,3.98938e-05,4.14785e-05,3.80916e-06,3.12134e-05,3.08718e-05,1.48307e-05,8.25775e-05,4.44089e-16,2.88095e-05,4.51086e-05,2.57503e-05,9.43324e-05,4.02933e-05,6.17574e-05,6.45342e-06,2.37510e-05,2.24647e-03
6.32767e-02,3.52162e-05,6.22126e-06,5.33664e-05,4.03372e-05,8.47102e-06,3.66173e-05,2.10532e-05,1.34521e-06,8.42232e-05,6.10623e-16,1.19595e-04,5.09559e-05,2.69136e-05,1.13458e-04,3.83302e-05,5.91867e-05,3.69670e-06,2.75262e-05,2.21916e-03
6.51868e-02,3.33858e-05,1.87328e-04,5.11756e-05,3.16309e-04,8.24940e-06,3.53565e-05,2.19777e-05,1.02109e-04,8.00614e-05,2.77556e-16,1.32681e-04,5.11035e-05,3.71711e-05,1.37033e-04,4.01822e-05,5.12118e-05,2.60590e-04,3.91134e-05,2.18100e-03
6.59634e-02,1.55796e-04,5.83889e-04,4.75576e-05,7.95765e-04,1.31799e-05,3.92036e-05,2.31283e-05,2.40944e-04,2.53654e-04,2.22045e-16,3.08947e-04,4.53650e-05,4.27251e-05,1.62714e-04,3.74899e-05,5.19789e-05,3.18332e-04,3.47546e-05,2.12844e-03
6.57116e-02,1.36771e-04,1.22576e-03,4.50131e-05,1.22953e-03,1.14827e-05,3.24598e-05,2.46327e-05,6.25473e-04,9.79276e-04,1.66533e-16,4.38933e-04,5.93176e-05,4.71995e-05,1.84835e-04,4.33495e-05,5.12485e-05,4.02134e-04,3.72187e-05,2.06608e-03
6.45655e-02,7.69722e-05,2.01415e-03,4.73988e-05,1.86817e-03,1.41022e-05,3.43859e-05,2.08810e-05,1.41037e-03,1.98991e-03,6.10623e-16,6.45726e-04,6.93910e-05,3.33185e-04,2.01202e-04,4.51476e-05,5.02064e-05,5.54444e-04,3.60172e-05,1.98675e-03
6.26763e-02,8.18941e-05,2.68260e-03,4.09254e-05,2.61125e-03,1.23325e-05,3.71551e-05,2.05811e-05,2.15826e-03,3.73780e-03,1.66533e-16,9.37647e-04,7.89393e-05,5.39474e-04,2.16852e-04,4.62633e-05,5.20552e-05,7.75122e-04,3.28516e-05,1.89655e-03
6.02119e-02,1.53055e-04,3.17302e-03,3.89728e-05,3.56862e-03,1.20906e-05,3.41869e-05,1.74978e-05,2.89330e-03,6.10780e-03,2.77556e-16,1.34441e-03,1.09247e-04,6.85607e-04,2.33589e-04,4.41845e-05,5.05976e-05,1.06085e-03,2.93755e-05,1.79247e-03
5.73203e-02,2.85686e-04,3.49781e-03,3.69331e-05,4.69347e-03,1.57099e-05,2.96052e-05,1.75046e-05,3.69485e-03,8.54243e-03,3.33067e-16,1.91028e-03,1.53561e-04,8.57182e-04,2.53191e-04,4.15402e-05,4.97311e-05,1.35064e-03,2.78422e-05,1.67967e-03
5.41503e-02,4.81471e-04,3.71422e-03,3.35826e-05,5.83872e-03,1.58125e-05,3.26980e-05,1.77177e-05,4.44753e-03,1.09751e-02,3.33067e-16,2.69621e-03,2.33944e-04,1.05919e-03,2.74177e-04,4.91282e-05,4.56909e-05,1.62849e-03,3.81041e-05,1.56676e-03
5.08003e-02,6.90014e-04,3.86502e-03,3.16842e-05,6.88895e-03,1.55588e-05,3.74423e-05,1.78345e-05,5.16447e-03,1.34789e-02,6.10623e-16,3.78330e-03,3.34069e-04,1.28126e-03,3.00130e-04,4.80092e-05,5.82619e-05,1.89608e-03,3.73588e-05,1.45011e-03
4.73890e-02,8.75199e-04,3.96975e-03,3.44879e-05,7.74570e-03,2.10222e-05,4.19613e-05,2.03524e-05,5.76401e-03,1.61050e-02,1.66533e-16,5.20190e-03,4.64063e-04,1.49720e-03,3.28634e-04,4.79312e-05,5.89536e-05,2.13454e-03,3.91719e-05,1.33707e-03
4.39722e-02,1.01419e-03,4.00976e-03,3.73952e-05,8.60432e-03,1.86682e-05,3.71558e-05,2.12942e-05,6.62436e-03,1.88911e-02,1.66533e-16,6.93985e-03,6.12638e-04,1.70146e-03,3.61465e-04,5.08312e-05,6.85587e-05,2.33041e-03,3.39069e-05,1.22885e-03
4.06333e-02,1.11580e-03,3.98789e-03,3.95005e-05,9.34909e-03,2.00316e-05,3.51889e-05,2.36801e-05,7.75732e-03,2.17806e-02,6.10623e-16,8.97746e-03,7.49262e-04,1.89764e-03,3.92363e-04,4.83872e-05,2.95356e-04,2.67619e-03,3.59344e-05,1.11866e-03
3.74020e-02,1.16928e-03,3.91237e-03,4.51797e-05,1.00712e-02,2.22467e-05,3.43590e-05,2.63048e-05,9.16098e-03,2.47200e-02,2.77556e-16,1.13518e-02,8.83448e-04,2.08647e-03,4.18589e-04,4.85058e-05,4.33193e-04,2.81475e-03,3.39290e-05,1.02125e-03
3.43145e-02,1.17823e-03,3.78418e-03,5.08688e-05,1.09687e-02,1.94120e-05,4.08731e-05,2.72449e-05,1.08086e-02,2.77187e-02,5.55112e-16,1.39614e-02,9.96073e-04,2.27616e-03,4.37983e-04,5.05038e-05,5.12910e-04,2.91745e-03,3.87370e-05,9.28585e-04
3.13966e-02,1.14004e-03,3.61827e-03,4.83397e-05,1.20454e-02,2.29466e-05,3.68506e-05,2.82654e-05,1.25628e-02,3.07190e-02,5.55112e-17,1.67377e-02,1.10588e-03,2.47836e-03,4.52066e-04,5.93664e-05,5.32944e-04,3.00911e-03,3.80133e-05,8.42632e-04
2.86663e-02,1.05990e-03,3.42860e-03,5.04624e-05,1.35017e-02,1.90351e-05,3.33189e-05,2.81807e-05,1.44718e-02,3.37342e-02,0.00000e+00,1.97156e-02,1.19330e-03,2.69558e-03,4.59424e-04,5.54695e-05,5.29850e-04,3.06818e-03,3.47794e-05,7.65504e-04
2.61222e-02,9.79057e-04,3.20628e-03,5.10277e-05,1.54200e-02,1.93321e-05,3.40116e-05,3.07177e-05,1.64828e-02,3.67179e-02,2.77556e-16,2.28680e-02,1.27590e-03,2.90032e-03,4.60661e-04,5.67128e-05,5.18224e-04,3.09088e-03,3.29801e-05,6.98575e-04
2.37765e-02,8.74072e-04,2.96758e-03,5.23653e-05,1.76218e-02,2.07165e-05,3.74793e-05,3.09267e-05,1.86632e-02,3.96745e-02,2.22045e-16,2.61636e-02,1.34017e-03,3.09517e-03,4.55262e-04,6.30242e-05,5.50063e-04,3.07321e-03,3.64648e-05,6.44478e-04
2.16341e-02,7.83127e-04,2.73185e-03,5.55447e-05,1.98182e-02,2.11456e-05,3.97704e-05,3.13906e-05,2.10899e-02,4.25949e-02,3.33067e-16,2.96190e-02,1.39883e-03,3.26641e-03,4.41070e-04,7.26684e-05,5.93441e-04,3.03847e-03,3.97926e-05,5.94809e-04
1.96831e-02,6.94214e-04,2.52077e-03,5.85804e-05,2.16445e-02,2.53559e-05,3.63925e-05,3.39741e-05,2.37772e-02,4.54222e-02,2.22045e-16,3.32382e-02,1.44068e-03,3.42550e-03,4.23349e-04,8.24882e-05,6.39503e-04,2.97069e-03,4.35381e-05,5.54907e-04
1.79318e-02,6.10875e-04,2.31367e-03,6.91615e-05,2.28775e-02,2.47731e-05,3.33756e-05,3.52054e-05,2.66947e-02,4.81984e-02,6.10623e-16,3.69876e-02,1.47406e-03,3.56026e-03,4.01183e-04,9.23110e-05,6.95602e-04,2.91594e-03,4.15870e-05,5.20819e-04
1.63686e-02,5.46505e-04,2.12730e-03,7.27326e-05,2.35150e-02,2.66514e-05,3.63191e-05,3.55998e-05,2.97596e-02,5.08246e-02,4.99600e-16,4.08355e-02,1.50291e-03,3.67212e-03,3.71325e-04,9.17485e-05,7.40417e-04,2.86883e-03,3.97717e-05,4.86302e-04
1.49856e-02,5.06598e-04,1.97372e-03,7.46922e-05,2.36600e-02,2.42673e-05,4.00931e-05,4.05189e-05,3.28301e-02,5.34380e-02,3.33067e-16,4.48054e-02,1.52800e-03,3.75748e-03,3.40734e-04,1.04896e-04,8.10805e-04,2.83629e-03,4.56778e-05,4.48700e-04
1.37746e-02,4.59704e-04,1.84089e-03,7.93786e-05,2.34528e-02,2.40710e-05,4.19117e-05,3.80022e-05,3.57533e-02,5.59237e-02,3.88578e-16,4.88522e-02,1.54277e-03,3.81919e-03,3.13138e-04,1.14773e-04,9.03792e-04,2.81944e-03,4.27410e-05,4.20727e-04
1.27205e-02,4.40049e-04,1.72070e-03,9.20789e-05,2.31134e-02,2.60160e-05,4.39864e-05,5.23669e-05,3.84311e-02,5.83367e-02,5.55112e-16,5.28811e-02,1.54098e-03,3.85068e-03,2.80711e-04,1.34023e-04,1.02073e-03,2.83022e-03,3.87476e-05,3.97660e-04
1.18194e-02,4.09286e-04,1.62276e-03,6.27943e-05,2.26780e-02,2.58642e-05,3.86090e-05,4.03774e-05,4.07890e-02,6.05753e-02,6.10623e-16,5.68491e-02,1.53699e-03,3.85464e-03,2.52968e-04,1.60127e-04,1.15539e-03,2.86318e-03,3.95856e-05,3.80300e-04
1.10523e-02,3.65380e-04,1.53363e-03,6.21583e-05,2.21565e-02,2.72189e-05,3.83891e-05,4.01672e-05,4.28034e-02,6.27870e-02,3.88578e-16,6.07536e-02,1.52774e-03,3.83381e-03,2.24622e-04,1.70588e-04,1.30259e-03,2.90375e-03,3.96215e-05,3.63914e-04
1.04119e-02,3.37928e-04,1.45444e-03,6.20404e-05,2.15538e-02,2.64038e-05,4.50965e-05,4.99239e-05,4.44456e-02,6.48241e-02,4.99600e-16,6.45803e-02,1.50485e-03,3.78534e-03,1.96937e-04,1.94886e-04,1.46967e-03,2.96152e-03,4.10187e-05,3.42155e-04
9.88694e-03,3.13397e-04,1.37852e-03,6.42261e-05,2.08281e-02,2.56049e-05,3.79924e-05,5.00560e-05,4.57714e-02,6.67282e-02,7.21645e-16,6.83089e-02,1.49498e-03,3.71837e-03,1.72476e-04,2.11058e-04,1.64990e-03,3.03889e-03,3.57925e-05,3.14552e-04
9.44777e-03,2.93695e-04,1.30304e-03,8.38234e-05,1.99775e-02,2.90632e-05,4.44166e-05,4.87355e-05,4.67691e-02,6.84807e-02,3.88578e-16,7.19152e-02,1.46579e-03,3.62691e-03,1.51358e-04,2.36905e-04,1.84536e-03,3.12796e-03,3.38411e-05,3.00121e-04
9.08709e-03,2.68288e-04,1.23926e-03,7.53692e-05,1.89936e-02,2.74452e-05,4.01555e-05,5.30740e-05,4.75017e-02,7.00271e-02,4.44089e-16,7.53927e-02,1.44528e-03,3.52522e-03,1.32339e-04,2.50364e-04,2.03852e-03,3.25784e-03,3.13716e-05,2.76468e-04
8.79195e-03,2.43280e-04,1.17371e-03,1.05102e-04,1.78852e-02,2.93017e-05,4.08294e-05,5.80688e-05,4.79679e-02,7.14148e-02,3.33067e-16,7.87237e-02,1.41585e-03,3.40884e-03,1.15804e-04,2.75577e-04,2.22547e-03,3.40862e-03,4.45984e-05,2.57767e-04
8.53844e-03,2.35227e-04,1.10057e-03,1.05536e-04,1.66988e-02,3.19938e-05,3.67259e-05,5.91867e-05,4.82114e-02,7.26590e-02,4.99600e-16,8.19037e-02,1.41222e-03,3.28015e-03,1.00616e-04,2.85578e-04,2.39593e-03,3.59856e-03,6.85446e-05,2.52547e-04
8.32011e-03,2.07608e-04,1.03037e-03,1.07627e-04,1.54642e-02,3.07817e-05,3.88662e-05,5.91609e-05,4.82961e-02,7.36676e-02,1.11022e-16,8.49340e-02,1.37918e-03,3.14909e-03,9.01001e-05,3.08183e-04,2.56592e-03,3.81991e-03,1.05196e-04,2.41355e-04
8.13356e-03,1.89864e-04,9.69479e-04,1.14532e-04,1.42102e-02,2.80589e-05,4.17637e-05,7.20763e-05,4.81947e-02,7.45579e-02,3.33067e-16,8.77895e-02,1.36767e-03,3.01660e-03,8.30006e-05,2.98380e-04,2.74228e-03,4.06322e-03,1.57168e-04,2.35792e-04
7.94650e-03,1.71948e-04,9.07918e-04,9.57210e-05,1.29813e-02,2.92826e-05,4.51294e-05,5.52841e-05,4.79782e-02,7.53045e-02,0.00000e+00,9.04694e-02,1.35947e-03,2.88929e-03,7.83727e-05,3.02272e-04,2.88843e-03,4.33547e-03,2.54134e-04,2.29880e-04
7.76584e-03,1.57619e-04,8.44121e-04,8.52686e-05,1.18026e-02,3.11954e-05,4.03339e-05,6.03747e-05,4.76464e-02,7.59086e-02,4.99600e-16,9.29795e-02,1.34532e-03,2.76468e-03,7.28971e-05,2.99988e-04,3.01484e-03,4.61336e-03,3.76255e-04,2.25732e-04
7.58610e-03,1.53630e-04,7.80920e-04,9.81658e-05,1.06834e-02,2.95368e-05,4.34546e-05,6.17955e-05,4.72510e-02,7.64275e-02,1.66533e-16,9.53163e-02,1.33664e-03,2.65243e-03,6.77964e-05,2.96713e-04,3.09683e-03,4.88970e-03,5.46462e-04,2.18201e-04
7.40170e-03,1.50571e-04,7.23400e-04,8.37972e-05,9.64670e-03,2.86208e-05,3.72119e-05,5.62507e-05,4.67540e-02,7.69173e-02,3.88578e-16,9.74754e-02,1.32809e-03,2.54604e-03,6.55442e-05,2.94204e-04,3.16755e-03,5.16225e-03,8.05842e-04,2.18409e-04
7.20706e-03,1.61183e-04,6.74136e-04,1.01910e-04,8.70343e-03,2.58029e-05,3.96434e-05,6.06949e-05,4.62165e-02,7.73533e-02,6.10623e-16,9.94809e-02,1.32423e-03,2.46151e-03,6.54299e-05,2.93742e-04,3.20476e-03,5.42504e-03,1.10157e-03,2.10246e-04
7.01118e-03,1.61099e-04,6.20729e-04,9.85404e-05,7.84131e-03,2.54903e-05,4.37031e-05,5.77977e-05,4.56644e-02,7.76785e-02,3.33067e-16,1.01335e-01,1.31761e-03,2.38170e-03,6.45951e-05,2.81967e-04,3.23167e-03,5.65737e-03,1.46390e-03,1.98506e-04
6.81401e-03,1.60469e-04,5.66403e-04,1.09046e-04,7.05076e-03,2.66568e-05,4.16256e-05,5.87788e-05,4.51119e-02,7.79597e-02,2.77556e-16,1.03006e-01,1.31026e-03,2.33321e-03,6.18958e-05,2.77524e-04,3.25073e-03,5.85720e-03,1.87758e-03,1.93308e-04
6.60869e-03,1.60439e-04,5.18793e-04,1.19500e-04,6.34350e-03,2.65798e-05,5.18863e-05,6.57135e-05,4.45789e-02,7.82081e-02,4.99600e-16,1.04507e-01,1.30972e-03,2.30932e-03,5.97078e-05,2.72875e-04,3.27555e-03,6.02440e-03,2.32681e-03,2.00227e-04
6.40714e-03,1.32483e-04,4.85327e-04,1.17357e-04,5.71706e-03,3.04537e-05,5.02725e-05,6.10162e-05,4.40755e-02,7.84414e-02,6.10623e-16,1.05880e-01,1.31005e-03,2.30234e-03,5.67435e-05,2.65592e-04,3.30206e-03,6.14642e-03,2.82699e-03,1.98271e-04
6.20793e-03,1.32272e-04,4.53353e-04,1.13249e-04,5.16781e-03,2.70311e-05,5.74159e-05,7.06070e-05,4.36047e-02,7.86144e-02,3.88578e-16,1.07126e-01,1.31971e-03,2.32257e-03,5.61205e-05,2.63223e-04,3.34808e-03,6.23049e-03,3.35014e-03,2.01815e-04
6.01574e-03,1.28352e-04,4.19604e-04,1.28219e-04,4.67529e-03,2.74446e-05,6.53904e-05,6.52146e-05,4.31817e-02,7.87221e-02,2.22045e-16,1.08270e-01,1.32956e-03,2.36169e-03,5.50233e-05,2.65623e-04,3.43708e-03,6.26125e-03,3.89980e-03,2.07962e-04
5.83292e-03,1.30169e-04,3.95385e-04,9.74479e-05,4.23331e-03,2.81842e-05,7.50051e-05,5.99463e-05,4.27900e-02,7.87922e-02,3.88578e-16,1.09303e-01,1.34868e-03,2.41744e-03,5.36227e-05,2.67947e-04,3.59291e-03,6.24610e-03,4.42153e-03,2.05263e-04
5.64775e-03,1.46216e-04,3.71812e-04,8.85279e-05,3.84014e-03,2.43849e-05,8.91392e-05,6.24363e-05,4.24441e-02,7.88117e-02,3.33067e-16,1.10233e-01,1.37209e-03,2.49657e-03,5.38064e-05,2.75611e-04,3.81723e-03,6.17819e-03,4.92731e-03,1.97548e-04
5.47587e-03,1.53974e-04,3.57538e-04,9.47690e-05,3.48734e-03,2.54429e-05,1.03104e-04,5.76859e-05,4.21249e-02,7.87881e-02,5.70175e-08,1.11070e-01,1.40287e-03,2.58891e-03,5.39087e-05,2.92048e-04,4.10869e-03,6.07579e-03,5.38813e-03,1.90157e-04
5.31394e-03,1.58507e-04,3.87081e-04,1.04929e-04,3.70175e-03,2.58140e-05,1.19427e-04,5.68173e-05,4.18186e-02,7.86664e-02,1.11942e-07,1.11829e-01,1.43705e-03,2.68389e-03,5.25975e-05,3.17991e-04,4.49761e-03,5.90894e-03,5.79346e-03,1.95296e-04
5.16052e-03,1.51870e-04,7.13875e-03,1.27785e-04,4.23575e-02,2.49683e-05,1.38178e-04,6.09746e-05,4.15212e-02,7.85390e-02,1.99239e-07,1.12504e-01,1.49166e-03,2.80132e-03,5.28324e-05,3.46307e-04,4.99417e-03,5.71982e-03,6.13910e-03,1.86239e-04
5.01695e-03,1.55503e-04,8.99604e-02,1.00104e-04,9.30989e-01,2.56944e-05,1.48369e-04,5.63894e-05,4.12186e-02,7.90317e-02,1.79474e-07,1.13104e-01,1.55584e-03,2.92526e-03,5.43006e-05,3.92208e-04,5.61932e-03,5.48253e-03,6.41697e-03,1.87070e-04
4.88252e-03,2.52928e-03,4.61679e-01,6.06396e-04,8.58660e+00,4.06301e-03,3.31382e-03,1.14004e-03,4.08879e-02,8.05877e-02,2.42073e-04,1.14380e-01,1.62639e-03,3.06531e-03,2.43148e-03,4.47615e-04,6.39426e-03,5.23054e-03,6.61386e-03,1.88291e-04
4.76751e-03,1.65317e-02,1.01585e+00,8.91103e-03,1.83879e+01,3.83670e-02,9.01535e-02,1.39761e-02,4.18964e-02,8.65315e-02,2.87396e-03,1.16211e-01,1.70836e-03,3.27473e-03,6.73290e-03,5.28673e-04,7.92777e-03,4.98400e-03,1.54525e-02,1.87200e-04
6.53811e-03,3.66356e-02,1.82911e+00,3.70735e-02,2.76669e+01,1.01353e-01,7.72147e-01,3.63282e-02,4.56724e-02,9.72379e-02,8.09458e-03,1.18397e-01,2.02396e-03,5.36486e-03,9.38922e-03,2.38688e-03,1.16226e-02,6.50200e-03,2.93240e-02,3.02147e-03
9.15941e-03,3.25474e-02,3.18212e+00,8.98578e-02,4.65120e+01,2.23607e-01,1.25374e+00,4.73749e-02,4.92285e-02,1.15368e-01,1.50521e-02,1.21522e-01,4.83979e-03,8.80221e-03,1.19847e-02,6.73209e-03,1.58882e-02,7.12734e-03,4.80812e-02,1.14411e-02
1.14318e-02,2.96623e-02,4.36952e+00,1.21525e-01,7.36987e+01,3.48316e-01,1.45944e+00,5.23185e-02,5.26126e-02,1.40059e-01,1.98875e-02,1.25334e-01,8.44274e-03,1.23918e-02,1.58861e-02,1.52951e-02,2.02094e-02,8.10780e-03,6.28201e-02,2.52211e-02
1.26147e-02,3.32148e-02,4.70512e+00,1.22223e-01,8.41935e+01,4.41681e-01,1.66131e+00,5.43880e-02,5.60766e-02,1.68870e-01,2.23848e-02,1.29718e-01,1.23968e-02,1.62951e-02,2.06431e-02,3.22817e-02,2.39257e-02,1.08032e-02,7.41398e-02,5.96952e-02
1.36896e-02,4.07148e-02,4.31476e+00,1.18789e-01,7.65221e+01,7.12371e-01,1.86686e+00,5.36124e-02,5.92039e-02,1.98611e-01,2.37601e-02,1.34937e-01,1.86155e-02,2.05356e-02,2.52998e-02,6.39096e-02,2.71203e-02,1.76451e-02,8.41480e-02,1.10808e-01
1.57428e-02,4.98049e-02,3.55436e+00,1.27450e-01,6.08356e+01,1.41652e+00,2.02519e+00,5.13937e-02,6.17788e-02,2.25460e-01,2.49018e-02,1.41529e-01,2.51930e-02,2.48752e-02,2.94551e-02,1.19219e-01,3.01608e-02,3.39117e-01,9.36965e-02,1.53370e-01
1.91675e-02,6.56459e-02,2.74799e+00,1.53736e-01,4.49486e+01,2.10077e+00,2.05496e+00,4.89203e-02,6.39864e-02,2.47025e-01,2.62861e-02,1.51092e-01,2.92931e-02,2.91350e-02,3.35116e-02,2.00660e-01,3.31757e-02,1.07022e+01,1.02898e-01,1.74697e-01
2.38018e-02,8.16477e-02,2.06651e+00,2.02021e-01,3.21584e+01,2.45480e+00,1.98717e+00,4.67356e-02,6.62277e-02,2.63251e-01,2.96777e-02,1.62255e-01,3.07511e-02,3.32024e-02,4.04558e-02,2.79029e-01,3.62292e-02,2.40434e+01,1.11750e-01,1.80352e-01
2.93081e-02,9.34011e-02,1.54826e+00,2.86687e-01,2.28867e+01,2.77755e+00,1.89207e+00,4.67125e-02,6.90700e-02,2.76341e-01,4.35536e-02,1.76236e-01,3.11458e-02,3.74934e-02,4.75369e-02,3.24309e-01,3.94691e-02,2.57124e+01,1.19937e-01,1.81052e-01
3.53702e-02,3.27865e-01,1.17246e+00,4.78963e-01,1.64529e+01,3.20800e+00,1.88623e+00,5.63278e-02,7.30087e-02,2.93898e-01,8.89826e-02,1.95918e-01,3.20074e-02,4.24597e-02,5.51274e-02,3.39487e-01,4.28394e-02,2.29984e+01,1.47187e-01,1.82680e-01
4.17310e-02,6.05336e-01,9.08982e-01,1.03069e+00,1.20481e+01,4.10265e+00,2.26454e+00,8.36325e-02,7.88817e-02,3.20506e-01,2.66970e-01,2.19355e-01,3.41079e-02,4.85637e-02,7.96190e-02,3.51390e-01,4.65968e-02,1.98622e+01,2.24026e-01,1.87520e-01
5.00762e-02,1.86562e+00,7.22014e-01,2.26795e+00,9.05551e+00,6.19759e+00,3.03540e+00,1.62378e-01,8.79048e-02,3.79973e-01,1.16901e+00,2.50707e-01,3.76461e-02,5.62417e-02,1.69937e-01,3.92805e-01,5.07698e-02,1.67151e+01,4.16996e-01,1.95933e-01
5.92323e-02,4.03371e+00,5.88889e-01,4.03548e+00,6.99262e+00,1.03042e+01,4.53197e+00,4.99335e-01,1.00909e-01,4.85910e-01,3.70919e+00,2.81578e-01,4.28886e-02,6.56448e-02,2.96100e-01,4.97427e-01,5.58218e-02,1.37746e+01,1.53128e+00,2.06427e-01
6.93235e-02,9.42736e+00,5.39355e-01,5.75873e+00,5.76429e+00,1.64872e+01,7.32534e+00,1.02472e+00,1.18467e-01,6.76103e-01,6.57055e+00,3.18614e-01,5.02838e-02,7.72806e-02,3.84137e-01,6.96755e-01,6.10983e-02,1.11741e+01,8.65613e+00,2.19995e-01
7.94406e-02,1.91579e+01,5.51747e-01,6.82145e+00,5.39954e+00,2.12311e+01,1.08298e+01,1.26493e+00,1.38483e-01,9.47997e-01,8.20845e+00,3.62009e-01,5.86864e-02,8.90558e-02,5.01586e-01,1.02030e+00,6.63647e-02,8.98309e+00,2.13209e+01,2.35492e-01
8.94175e-02,2.84945e+01,5.73793e-01,8.09450e+00,5.21892e+00,2.31654e+01,1.36561e+01,1.34256e+00,1.59516e-01,1.23892e+00,9.24838e+00,4.14044e-01,6.80573e-02,1.01737e-01,6.19435e-01,1.50788e+00,7.13676e-02,7.19149e+00,3.21170e+01,2.53558e-01
1.01398e-01,3.38489e+01,5.59078e-01,1.05977e+01,5.17460e+00,2.22094e+01,1.47952e+01,1.33699e+00,1.79506e-01,1.48860e+00,1.04103e+01,4.80312e-01,7.85069e-02,1.16065e-01,7.23592e-01,2.15199e+00,7.59921e-02,5.74988e+00,3.58236e+01,2.73462e-01
1.16546e-01,3.68922e+01,5.21049e-01,1.47151e+01,5.13051e+00,1.89514e+01,1.47194e+01,1.32909e+00,1.96344e-01,1.67604e+00,1.13365e+01,5.69972e-01,8.87197e-02,1.32498e-01,8.78634e-01,2.75474e+00,8.02160e-02,4.61571e+00,3.29795e+01,2.93809e-01
1.34541e-01,4.04505e+01,4.80588e-01,2.00215e+01,4.93865e+00,1.50366e+01,1.35926e+01,1.38978e+00,2.09150e-01,1.81032e+00,1.20328e+01,6.93619e-01,9.73147e-02,1.52525e-01,1.19283e+00,3.11864e+00,8.38195e-02,3.74748e+00,2.85758e+01,3.13540e-01
1.54106e-01,4.63763e+01,4.43797e-01,2.55412e+01,4.55275e+00,1.16110e+01,1.18445e+01,1.77476e+00,2.18016e-01,1.91094e+00,1.28041e+01,8.58863e-01,1.04318e-01,1.78533e-01,1.93070e+00,3.19808e+00,8.67841e-02,3.08930e+00,2.52603e+01,3.32383e-01
1.73346e-01,5.62177e+01,4.06836e-01,3.09183e+01,4.05933e+00,9.01416e+00,1.01598e+01,3.88900e+00,2.23682e-01,1.99804e+00,1.36059e+01,1.06460e+00,1.10528e-01,2.12502e-01,4.36788e+00,3.11385e+00,8.93063e-02,2.58682e+00,2.33809e+01,3.50389e-01
1.90589e-01,6.79071e+01,3.66051e-01,3.64739e+01,3.54871e+00,7.22016e+00,8.98422e+00,9.41555e+00,2.27665e-01,2.08866e+00,1.40476e+01,1.30010e+00,1.16768e-01,2.54102e-01,1.06196e+01,3.02780e+00,9.14611e-02,2.19844e+00,2.21766e+01,3.67234e-01
2.05012e-01,7.57246e+01,3.22420e-01,4.20717e+01,3.06923e+00,6.18860e+00,8.47055e+00,1.67849e+01,2.42165e-01,2.19243e+00,1.39333e+01,1.54855e+00,1.23564e-01,2.99142e-01,1.88640e+01,3.02454e+00,9.33370e-02,1.89685e+00,2.07634e+01,3.82623e-01
2.16532e-01,7.70446e+01,2.79261e-01,4.74015e+01,2.64227e+00,6.08191e+00,8.57808e+00,2.35636e+01,4.88692e-01,2.31028e+00,1.34732e+01,1.79333e+00,1.31171e-01,3.41066e-01,2.55533e+01,3.10710e+00,9.50818e-02,1.66657e+00,1.88145e+01,3.96268e-01
2.25535e-01,7.35792e+01,2.39471e-01,5.27185e+01,2.27293e+00,7.17077e+00,9.32557e+00,2.92068e+01,2.55543e+00,2.43779e+00,1.29923e+01,2.02169e+00,1.39714e-01,3.73952e-01,2.98752e+01,3.22534e+00,9.67568e-02,1.50025e+00,1.65150e+01,4.08351e-01
2.32448e-01,6.80668e+01,2.04602e-01,5.84000e+01,1.95703e+00,9.19994e+00,1.12353e+01,3.49002e+01,7.29292e+00,2.56998e+00,1.26246e+01,2.22687e+00,1.49209e-01,3.94795e-01,3.25876e+01,3.31398e+00,9.83880e-02,1.39706e+00,1.41860e+01,4.19152e-01
2.37541e-01,6.24803e+01,1.74984e-01,6.50001e+01,1.68631e+00,1.15383e+01,1.54045e+01,4.22401e+01,1.18928e+01,2.70705e+00,1.22658e+01,2.40806e+00,1.59591e-01,4.03788e-01,3.45588e+01,3.33144e+00,9.99974e-02,1.36049e+00,1.20523e+01,4.29257e-01
2.40911e-01,5.78755e+01,1.50310e-01,7.38316e+01,1.45270e+00,1.39671e+01,2.21918e+01,5.08859e+01,1.44852e+01,2.85628e+00,1.17448e+01,2.56944e+00,1.70685e-01,4.03131e-01,3.60390e+01,3.27205e+00,1.01653e-01,1.39172e+00,1.02082e+01,4.39371e-01
2.42550e-01,5.46759e+01,1.29958e-01,8.61972e+01,1.25043e+00,1.64306e+01,2.98937e+01,5.82805e+01,1.51647e+01,3.02939e+00,1.09925e+01,2.71977e+00,1.82263e-01,3.95788e-01,3.66266e+01,3.15266e+00,1.03501e-01,1.47488e+00,8.66229e+00,4.50291e-01
2.42455e-01,5.30171e+01,1.13286e-01,1.01561e+02,1.07556e+00,1.85104e+01,3.62562e+01,6.28141e+01,1.46389e+01,3.23805e+00,1.00588e+01,2.87438e+00,1.94078e-01,3.84695e-01,3.59470e+01,2.99588e+00,1.05759e-01,1.56818e+00,7.38311e+00,4.62610e-01
2.40771e-01,5.31567e+01,9.96606e-02,1.17349e+02,9.25248e-01,1.97195e+01,4.02943e+01,6.51611e+01,1.35657e+01,3.48811e+00,9.04477e+00,3.05643e+00,2.06291e-01,3.72421e-01,3.40931e+01,2.82402e+00,1.08634e-01,1.62235e+00,6.32806e+00,4.76880e-01
2.38383e-01,5.57568e+01,8.85309e-02,1.31413e+02,7.96914e-01,1.99535e+01,4.22005e+01,6.71148e+01,1.23922e+01,3.77754e+00,8.04263e+00,3.30382e+00,2.18833e-01,3.61099e-01,3.14677e+01,2.67636e+00,1.12243e-01,1.61107e+00,5.45627e+00,4.93451e-01
2.36077e-01,6.14674e+01,7.94225e-02,1.44022e+02,6.88047e-01,1.94419e+01,4.25705e+01,6.98999e+01,1.13002e+01,4.09661e+00,7.11403e+00,3.69109e+00,2.31655e-01,3.52421e-01,2.85000e+01,2.68324e+00,1.16522e-01,1.53868e+00,4.73265e+00,5.12017e-01
2.33444e-01,6.96557e+01,7.19563e-02,1.56697e+02,5.96093e-01,1.84969e+01,4.19374e+01,7.30612e+01,1.03415e+01,4.42944e+00,6.29248e+00,4.39030e+00,2.45223e-01,3.47668e-01,2.55030e+01,3.19479e+00,1.21294e-01,1.42542e+00,4.12959e+00,5.32270e-01
2.30996e-01,7.79995e+01,6.57856e-02,1.70230e+02,5.18679e-01,1.73660e+01,4.06672e+01,7.51349e+01,9.48570e+00,4.75649e+00,5.59145e+00,5.80114e+00,2.59302e-01,3.47513e-01,2.26611e+01,4.46233e+00,1.26097e-01,1.29252e+00,3.62481e+00,5.53195e-01
2.30205e-01,8.40881e+01,6.06668e-02,1.83532e+02,4.53558e-01,1.62011e+01,3.90098e+01,7.52045e+01,8.70765e+00,5.05911e+00,5.01322e+00,8.69057e+00,2.73180e-01,3.51949e-01,2.00628e+01,5.95771e+00,1.30560e-01,1.15543e+00,3.20072e+00,5.73807e-01
2.32131e-01,8.68568e+01,5.63874e-02,1.94064e+02,3.98774e-01,1.50796e+01,3.71865e+01,7.33574e+01,8.01988e+00,5.32436e+00,4.55397e+00,1.40383e+01,2.87017e-01,3.60057e-01,1.77367e+01,7.03908e+00,1.34306e-01,1.02349e+00,2.84331e+00,5.92845e-01
2.36491e-01,8.65624e+01,5.27829e-02,2.00130e+02,3.52611e-01,1.40303e+01,3.55078e+01,7.01863e+01,7.43718e+00,5.54600e+00,4.20584e+00,2.23901e+01,3.01281e-01,3.70255e-01,1.56793e+01,7.52505e+00,1.37158e-01,9.01578e-01,2.54136e+00,6.09419e-01
2.41790e-01,8.40909e+01,4.97368e-02,2.02020e+02,3.13589e-01,1.30549e+01,3.45449e+01,6.63117e+01,6.95730e+00,5.72271e+00,3.95671e+00,3.32627e+01,3.16372e-01,3.80621e-01,1.38711e+01,7.52553e+00,1.39110e-01,7.91796e-01,2.28553e+00,6.22812e-01
2.46303e-01,8.04159e+01,4.71249e-02,2.01188e+02,2.80491e-01,1.21442e+01,3.51884e+01,6.21912e+01,6.56212e+00,5.85437e+00,3.78910e+00,4.52525e+01,3.32497e-01,3.89324e-01,1.22868e+01,7.21723e+00,1.40313e-01,6.94545e-01,2.06817e+00,6.32651e-01
2.49088e-01,7.63700e+01,4.48812e-02,1.98977e+02,2.52318e-01,1.12872e+01,3.79677e+01,5.81042e+01,6.22854e+00,5.94463e+00,3.68049e+00,5.66855e+01,3.49673e-01,3.95018e-01,1.09000e+01,6.74595e+00,1.41107e-01,6.09341e-01,1.88298e+00,6.38896e-01
2.50189e-01,7.26362e+01,4.29290e-02,1.95983e+02,2.28233e-01,1.04748e+01,4.19662e+01,5.42070e+01,5.93473e+00,6.12217e+00,3.60642e+00,6.62275e+01,3.67817e-01,3.96988e-01,9.68593e+00,6.21035e+00,1.41804e-01,5.35220e-01,1.72476e+00,6.41794e-01
2.50446e-01,6.99135e+01,4.12271e-02,1.92222e+02,2.07533e-01,9.70105e+00,4.55641e+01,5.05841e+01,5.66202e+00,8.62331e+00,3.54491e+00,7.31703e+01,3.86626e-01,3.95119e-01,8.62208e+00,5.67086e+00,1.42709e-01,4.70996e-01,1.58899e+00,6.41784e-01
2.50951e-01,6.92976e+01,3.97325e-02,1.87612e+02,1.89729e-01,8.96437e+00,4.78103e+01,4.73033e+01,5.39766e+00,2.70375e+01,3.48027e+00,7.74118e+01,4.05616e-01,3.89639e-01,7.68900e+00,5.15966e+00,1.44094e-01,4.15543e-01,1.47213e+00,6.39295e-01
2.52669e-01,7.28087e+01,3.84187e-02,1.82393e+02,1.74273e-01,8.26525e+00,4.85656e+01,4.44349e+01,5.13600e+00,6.18735e+01,3.40376e+00,7.92877e+01,4.24144e-01,3.81089e-01,6.86979e+00,4.69022e+00,1.46163e-01,3.67688e-01,1.37112e+00,6.34876e-01
2.55903e-01,8.30601e+01,3.72719e-02,1.77147e+02,1.60817e-01,7.60536e+00,4.80879e+01,4.20849e+01,4.87704e+00,9.25727e+01,3.31265e+00,7.93657e+01,4.41475e-01,3.70090e-01,6.14930e+00,4.26485e+00,1.49055e-01,3.26402e-01,1.28349e+00,6.28874e-01
2.60034e-01,1.00133e+02,3.62757e-02,1.72495e+02,1.49046e-01,6.98657e+00,4.67106e+01,4.03975e+01,4.62407e+00,1.13885e+02,3.20792e+00,7.82823e+01,4.56956e-01,3.57259e-01,5.51506e+00,3.88200e+00,1.52834e-01,2.90783e-01,1.20707e+00,6.21702e-01
2.63660e-01,1.19421e+02,3.53929e-02,1.68620e+02,1.38713e-01,6.40979e+00,4.47303e+01,3.95193e+01,4.38136e+00,1.25101e+02,3.09238e+00,7.66444e+01,4.70063e-01,3.43138e-01,4.95580e+00,3.53831e+00,1.57463e-01,2.60017e-01,1.14011e+00,6.13532e-01
2.65198e-01,1.35465e+02,3.46319e-02,1.65112e+02,1.29616e-01,5.87506e+00,4.23794e+01,3.95027e+01,4.15265e+00,1.28426e+02,2.96934e+00,7.49898e+01,4.80456e-01,3.28224e-01,4.46188e+00,3.23028e+00,1.62749e-01,2.33396e-01,1.08116e+00,6.04629e-01
2.63585e-01,1.45593e+02,3.39626e-02,1.61327e+02,1.21541e-01,5.38166e+00,3.98337e+01,4.01984e+01,3.94019e+00,1.26816e+02,2.84177e+00,7.37766e+01,4.87954e-01,3.12899e-01,4.02514e+00,2.95449e+00,1.68444e-01,2.10318e-01,1.02900e+00,5.95012e-01
2.58523e-01,1.49847e+02,3.33747e-02,1.56821e+02,1.14371e-01,4.92821e+00,3.72291e+01,4.12593e+01,3.74463e+00,1.22256e+02,2.71200e+00,7.33774e+01,4.92517e-01,2.97480e-01,3.63831e+00,2.70844e+00,1.74211e-01,1.90273e-01,9.82585e-01,5.84820e-01
2.50425e-01,1.49554e+02,3.28615e-02,1.51488e+02,1.07999e-01,4.51281e+00,3.46656e+01,4.22847e+01,3.56498e+00,1.16352e+02,2.58178e+00,7.40815e+01,4.94296e-01,2.82192e-01,3.29528e+00,2.48980e+00,1.79702e-01,1.72830e-01,9.41027e-01,5.74138e-01
2.40077e-01,1.46268e+02,3.24074e-02,1.45496e+02,1.02301e-01,4.13312e+00,3.22079e+01,4.29750e+01,3.39882e+00,1.10015e+02,2.45233e+00,7.61825e+01,4.93532e-01,2.67224e-01,2.99053e+00,2.29587e+00,1.84649e-01,1.57613e-01,9.03504e-01,5.63013e-01
2.28296e-01,1.41332e+02,3.20142e-02,1.39130e+02,9.72065e-02,3.78681e+00,2.98936e+01,4.31865e+01,3.24336e+00,1.03412e+02,2.32464e+00,8.01953e+01,4.90538e-01,2.52687e-01,2.71959e+00,2.12450e+00,1.88856e-01,1.44318e-01,8.69375e-01,5.51506e-01
2.15861e-01,1.35810e+02,3.16819e-02,1.32704e+02,9.26393e-02,3.47144e+00,2.77394e+01,4.29080e+01,3.09561e+00,9.71596e+01,2.19950e+00,8.69930e+01,4.85714e-01,2.38647e-01,2.47837e+00,1.97334e+00,1.92300e-01,1.32668e-01,8.38009e-01,5.39590e-01
2.03325e-01,1.30493e+02,3.13888e-02,1.26502e+02,8.85140e-02,3.18435e+00,2.57519e+01,4.22032e+01,2.95339e+00,9.22068e+01,2.07752e+00,9.74145e+01,4.79529e-01,2.25167e-01,2.26318e+00,1.84019e+00,1.95082e-01,1.22437e-01,8.08891e-01,5.27438e-01
1.91087e-01,1.25981e+02,3.11428e-02,1.20734e+02,8.48032e-02,2.92325e+00,2.39293e+01,4.11664e+01,2.81504e+00,8.86921e+01,1.95925e+00,1.11322e+02,4.72416e-01,2.12277e-01,2.07107e+00,1.72328e+00,1.97385e-01,1.13429e-01,7.81551e-01,5.15223e-01
1.79404e-01,1.22801e+02,3.09414e-02,1.15516e+02,8.14743e-02,2.68594e+00,2.22639e+01,3.98928e+01,2.67963e+00,8.62413e+01,1.84515e+00,1.27202e+02,4.64905e-01,1.99974e-01,1.89937e+00,1.62099e+00,1.99476e-01,1.05491e-01,7.55598e-01,5.02926e-01
1.68420e-01,1.21524e+02,3.07807e-02,1.10847e+02,7.84770e-02,2.47020e+00,2.07434e+01,3.84690e+01,2.54695e+00,8.42696e+01,1.73560e+00,1.43032e+02,4.57568e-01,1.88279e-01,1.74560e+00,1.53189e+00,2.01708e-01,9.84824e-02,7.30724e-01,4.90652e-01
1.58227e-01,1.22781e+02,3.06568e-02,1.06631e+02,7.57749e-02,2.27407e+00,1.93533e+01,3.69686e+01,2.41702e+00,8.23255e+01,1.63090e+00,1.57374e+02,4.51010e-01,1.77173e-01,1.60774e+00,1.45476e+00,2.04463e-01,9.22938e-02,7.06668e-01,4.78533e-01
1.48866e-01,1.27137e+02,3.05573e-02,1.02714e+02,7.33410e-02,2.09572e+00,1.80789e+01,3.54542e+01,2.29015e+00,8.02849e+01,1.53123e+00,1.69782e+02,4.45842e-01,1.66658e-01,1.48398e+00,1.38863e+00,2.08107e-01,8.68179e-02,6.83263e-01,4.66612e-01
1.40356e-01,1.34793e+02,3.04742e-02,9.89437e+01,7.11636e-02,1.93353e+00,1.69071e+01,3.39828e+01,2.16678e+00,7.80893e+01,1.43668e+00,1.80624e+02,4.42762e-01,1.56714e-01,1.37274e+00,1.33257e+00,2.13042e-01,8.19699e-02,6.60375e-01,4.55008e-01
1.32652e-01,1.45290e+02,3.04090e-02,9.52077e+01,6.92015e-02,1.78590e+00,1.58264e+01,3.26142e+01,2.04731e+00,7.56336e+01,1.34727e+00,1.90579e+02,4.42468e-01,1.47323e-01,1.27256e+00,1.28544e+00,2.19666e-01,7.76683e-02,6.37888e-01,4.43714e-01
1.25757e-01,1.57511e+02,3.03561e-02,9.14466e+01,6.78088e-02,1.65158e+00,1.48277e+01,3.14470e+01,1.93217e+00,7.28883e+01,1.26298e+00,2.00074e+02,4.45605e-01,1.38489e-01,1.18224e+00,1.24623e+00,2.28454e-01,7.38405e-02,6.15865e-01,4.32800e-01
1.19608e-01,1.70049e+02,3.15003e-02,8.76520e+01,6.99244e-02,1.52920e+00,1.39030e+01,3.07466e+01,1.82159e+00,6.99076e+01,1.18371e+00,2.08997e+02,4.52805e-01,1.30174e-01,1.10069e+00,1.21402e+00,2.39841e-01,7.04663e-02,5.94256e-01,4.22294e-01
1.14166e-01,1.81618e+02,3.49462e-02,8.38456e+01,7.55066e-02,1.41770e+00,1.30454e+01,3.14311e+01,1.71585e+00,6.67715e+01,1.10928e+00,2.16784e+02,4.64466e-01,1.22383e-01,1.02696e+00,1.18769e+00,2.54225e-01,6.74562e-02,5.73138e-01,4.12224e-01
1.09357e-01,1.91328e+02,4.13987e-02,8.00646e+01,7.98763e-02,1.31605e+00,1.22491e+01,3.63340e+01,1.61507e+00,6.35824e+01,1.03953e+00,2.22776e+02,4.80627e-01,1.15108e-01,9.60182e-01,1.16627e+00,2.71840e-01,6.47719e-02,5.52520e-01,4.02524e-01
1.05094e-01,1.98748e+02,4.87111e-02,7.63526e+01,8.65205e-02,1.22332e+00,1.15085e+01,4.91050e+01,1.51931e+00,6.04504e+01,9.74263e-01,2.26522e+02,5.00916e-01,1.08304e-01,8.99637e-01,1.14870e+00,2.92681e-01,6.23865e-02,5.32464e-01,3.93203e-01
1.01302e-01,2.03808e+02,5.43310e-02,7.27473e+01,9.54461e-02,1.13878e+00,1.08191e+01,6.66721e+01,1.42857e+00,5.74373e+01,9.13276e-01,2.27922e+02,5.24458e-01,1.01966e-01,8.44652e-01,1.13387e+00,3.16437e-01,6.02815e-02,5.13048e-01,3.84291e-01
9.78873e-02,2.06690e+02,5.90889e-02,6.92856e+01,1.06252e-01,1.06160e+00,1.01768e+01,8.29393e+01,1.34279e+00,5.45499e+01,8.56343e-01,2.27202e+02,5.49933e-01,9.60976e-02,7.94657e-01,1.12105e+00,3.42469e-01,5.84393e-02,4.94312e-01,3.75812e-01
9.47811e-02,2.07694e+02,6.42356e-02,6.60050e+01,1.18361e-01,9.91115e-01,9.57759e+00,9.60175e+01,1.26184e+00,5.17836e+01,8.03237e-01,2.24803e+02,5.75684e-01,9.06704e-02,7.49129e-01,1.10924e+00,3.69836e-01,5.68520e-02,4.76292e-01,3.67743e-01
9.19041e-02,2.07168e+02,6.98307e-02,6.29660e+01,1.30877e-01,9.26782e-01,9.01817e+00,1.05747e+02,1.18560e+00,4.91497e+01,7.53733e-01,2.21262e+02,6.00056e-01,8.56748e-02,7.07601e-01,1.09785e+00,3.97384e-01,5.55027e-02,4.59065e-01,3.60077e-01
8.91863e-02,2.05448e+02,7.50807e-02,6.03218e+01,1.43932e-01,8.67955e-01,8.49519e+00,1.12002e+02,1.11389e+00,4.66613e+01,7.07596e-01,2.17139e+02,6.21560e-01,8.10883e-02,6.69657e-01,1.08625e+00,4.24087e-01,5.43526e-02,4.42573e-01,3.52847e-01
8.65898e-02,2.02824e+02,7.88835e-02,5.85768e+01,1.58718e-01,8.14182e-01,8.00611e+00,1.15125e+02,1.04657e+00,4.43171e+01,6.64643e-01,2.12980e+02,6.39047e-01,7.69044e-02,6.34972e-01,1.07422e+00,4.49055e-01,5.33689e-02,4.26971e-01,3.46086e-01
8.41000e-02,1.99534e+02,8.04623e-02,5.92805e+01,1.75926e-01,7.65045e-01,7.54840e+00,1.16009e+02,9.83393e-01,4.20984e+01,6.24659e-01,2.09336e+02,6.51833e-01,7.31103e-02,6.03165e-01,1.06154e+00,4.71766e-01,5.25546e-02,4.12179e-01,3.39901e-01
8.16962e-02,1.95772e+02,7.97222e-02,6.54631e+01,1.94623e-01,7.20090e-01,7.11968e+00,1.15366e+02,9.24197e-01,3.99817e+01,5.87449e-01,2.06750e+02,6.59587e-01,6.97188e-02,5.74027e-01,1.04820e+00,4.92046e-01,5.18558e-02,3.98266e-01,3.34255e-01
7.93857e-02,1.91677e+02,7.71519e-02,7.77269e+01,2.12064e-01,6.78945e-01,6.71792e+00,1.13573e+02,8.68786e-01,3.79528e+01,5.52815e-01,2.05718e+02,6.62412e-01,6.66998e-02,5.47256e-01,1.03437e+00,5.09977e-01,5.12378e-02,3.85234e-01,3.29162e-01
7.71381e-02,1.87356e+02,7.35098e-02,9.13895e+01,2.25215e-01,6.41251e-01,6.34126e+00,1.10975e+02,8.16985e-01,3.60111e+01,5.20603e-01,2.06585e+02,6.60679e-01,6.40198e-02,5.22655e-01,1.02026e+00,5.25897e-01,5.06992e-02,3.73048e-01,3.24762e-01
7.49677e-02,1.82875e+02,6.95207e-02,1.03170e+02,2.32222e-01,6.06731e-01,5.98792e+00,1.07871e+02,7.68571e-01,3.41645e+01,4.90639e-01,2.09414e+02,6.54910e-01,6.16639e-02,4.99998e-01,1.00611e+00,5.40266e-01,5.02170e-02,3.61694e-01,3.21113e-01
7.28534e-02,1.78272e+02,6.57559e-02,1.12593e+02,2.43345e-01,5.75083e-01,5.65637e+00,1.04451e+02,7.23358e-01,3.24247e+01,4.62774e-01,2.13908e+02,6.45773e-01,5.95947e-02,4.79123e-01,9.92179e-01,5.53533e-01,4.98128e-02,3.51144e-01,3.18273e-01
7.07962e-02,1.73572e+02,8.77249e-02,1.19517e+02,2.78729e-01,5.46061e-01,5.34513e+00,1.00871e+02,6.81127e-01,3.08027e+01,4.36848e-01,2.19465e+02,6.33899e-01,5.77808e-02,4.59840e-01,9.78683e-01,5.66090e-01,5.14393e-02,3.41371e-01,3.16320e-01
6.87745e-02,1.68794e+02,1.94943e-01,1.23745e+02,4.70707e-01,5.19434e-01,5.05297e+00,9.72094e+01,6.51990e-01,2.93074e+01,4.12735e-01,2.25342e+02,6.19906e-01,5.62106e-02,4.42012e-01,9.65869e-01,5.78180e-01,6.27044e-02,3.32339e-01,3.15343e-01
7.21321e-02,1.63962e+02,5.25482e-01,1.25516e+02,1.40126e+00,4.94967e-01,4.77843e+00,9.34771e+01,6.47052e-01,2.79664e+01,3.90290e-01,2.30840e+02,6.08775e-01,9.53255e-02,4.25514e-01,9.53826e-01,5.90349e-01,8.46784e-02,3.23974e-01,3.16488e-01
9.18424e-02,1.59102e+02,1.26149e+00,1.25552e+02,3.61320e+00,4.72562e-01,4.52071e+00,8.96703e+01,6.73196e-01,2.67751e+01,3.69411e-01,2.35418e+02,5.97711e-01,1.97498e-01,4.10233e-01,9.42798e-01,6.08790e-01,1.13092e-01,3.22585e-01,3.18465e-01
1.22563e-01,1.54246e+02,3.04470e+00,1.24463e+02,1.00578e+01,4.51857e-01,4.27860e+00,8.58305e+01,7.35038e-01,2.57762e+01,3.49995e-01,2.38743e+02,5.91764e-01,3.76460e-01,3.96056e-01,9.32830e-01,6.31181e-01,1.62292e-01,3.25076e-01,3.38556e-01
1.43698e-01,1.49435e+02,5.82300e+00,1.22534e+02,2.74977e+01,4.32819e-01,4.05115e+00,8.20450e+01,8.24178e-01,2.49305e+01,3.31933e-01,2.40684e+02,5.92192e-01,6.54372e-01,3.82904e-01,9.24049e-01,6.54924e-01,2.14028e-01,3.37794e-01,3.71837e-01
2.03497e-01,1.44702e+02,7.80719e+00,1.19952e+02,4.00700e+01,4.15320e-01,3.83742e+00,7.84007e+01,9.36502e-01,2.42111e+01,3.15106e-01,2.41275e+02,6.18541e-01,1.05024e+00,3.70671e-01,9.16500e-01,6.76871e-01,2.74276e-01,3.58505e-01,4.35127e-01
4.05064e-01,1.40076e+02,8.32704e+00,1.16955e+02,4.24401e+01,3.99277e-01,3.63666e+00,7.49252e+01,1.08031e+00,2.36034e+01,2.99444e-01,2.40647e+02,1.54936e+00,1.66337e+00,3.59294e-01,9.10208e-01,6.93037e-01,3.54921e-01,3.80842e-01,5.15247e-01
7.54774e-01,1.35582e+02,7.95839e+00,1.13722e+02,3.94255e+01,3.84559e-01,3.44806e+00,7.16009e+01,1.28813e+00,2.30860e+01,2.84886e-01,2.38975e+02,5.11907e+00,2.67778e+00,3.48712e-01,9.05168e-01,7.02763e-01,4.99990e-01,4.04964e-01,5.73955e-01
1.38438e+00,1.31234e+02,8.27153e+00,1.10345e+02,3.58427e+01,3.71040e-01,3.27080e+00,6.84198e+01,1.69752e+00,2.26319e+01,2.71340e-01,2.36462e+02,1.25049e+01,4.62080e+00,3.38850e-01,9.01404e-01,7.06847e-01,1.27330e+00,4.33705e-01,6.01360e-01
3.65779e+00,1.27040e+02,1.12867e+01,1.06916e+02,3.70017e+01,3.58593e-01,3.10425e+00,6.53772e+01,2.86214e+00,2.22467e+01,2.58732e-01,2.33308e+02,2.11941e+01,9.92034e+00,3.29661e-01,8.98896e-01,7.52628e-01,3.47577e+00,4.67631e-01,6.25671e-01
9.55848e+00,1.23385e+02,1.53517e+01,1.03516e+02,4.06797e+01,4.80970e-01,2.98112e+00,6.25627e+01,5.81929e+00,2.20318e+01,2.47442e-01,2.29723e+02,6.00108e+01,2.30169e+01,3.32638e-01,8.97590e-01,8.89647e-01,7.09573e+00,5.13659e-01,6.94477e-01
2.22457e+01,1.20046e+02,1.87354e+01,1.00223e+02,4.46452e+01,7.88078e-01,2.94629e+00,6.01329e+01,1.03432e+01,2.22635e+01,2.52527e-01,2.25882e+02,2.19083e+02,4.36934e+01,3.59896e-01,8.97594e-01,1.07306e+00,1.37153e+01,6.01744e-01,8.74692e-01
5.92691e+01,1.17347e+02,1.97404e+01,9.70170e+01,4.70420e+01,1.26835e+00,3.11894e+00,5.78393e+01,1.62264e+01,2.28703e+01,2.86019e-01,2.21922e+02,3.79182e+02,7.25944e+01,3.83280e-01,9.00076e-01,1.25635e+00,2.43024e+01,7.42906e-01,1.15719e+00
1.20757e+02,1.16021e+02,1.86448e+01,9.38587e+01,4.60364e+01,1.66782e+00,3.37821e+00,5.54360e+01,2.70203e+01,2.34253e+01,3.20429e-01,2.18043e+02,5.36132e+02,1.00335e+02,4.28463e-01,9.08351e-01,1.41362e+00,2.99095e+01,9.19094e-01,1.44582e+00
1.84802e+02,1.16149e+02,1.66712e+01,9.08710e+01,4.22730e+01,2.09592e+00,3.51812e+00,5.30516e+01,4.55423e+01,2.40404e+01,3.60964e-01,2.14530e+02,7.20433e+02,1.20419e+02,4.89449e-01,9.25771e-01,1.56956e+00,2.98829e+01,1.08505e+00,1.72223e+00
2.26702e+02,1.16957e+02,1.43168e+01,8.81438e+01,3.69132e+01,3.04512e+00,3.60381e+00,5.08013e+01,6.23908e+01,2.52459e+01,4.35190e-01,2.11592e+02,9.37089e+02,1.40529e+02,5.43058e-01,9.51434e-01,1.81095e+00,2.83841e+01,1.22798e+00,2.03709e+00
2.46207e+02,1.17122e+02,1.18471e+01,8.58108e+01,3.08424e+01,4.55697e+00,3.75940e+00,4.86868e+01,7.01635e+01,2.71904e+01,4.69961e-01,2.09448e+02,1.07004e+03,1.67408e+02,5.94082e-01,9.86824e-01,2.27625e+00,2.73370e+01,1.35794e+00,2.43177e+00
2.51579e+02,1.15636e+02,9.56692e+00,8.38536e+01,2.48215e+01,5.49715e+00,3.95901e+00,4.66983e+01,7.49881e+01,2.91858e+01,4.60541e-01,2.08510e+02,1.07379e+03,1.93271e+02,6.51570e-01,1.03653e+00,3.21377e+00,2.68317e+01,1.48036e+00,2.97330e+00
2.44779e+02,1.12477e+02,7.63147e+00,8.20958e+01,1.94563e+01,5.47977e+00,4.10633e+00,4.48676e+01,8.38013e+01,3.04049e+01,4.48995e-01,2.09044e+02,1.00887e+03,2.13353e+02,7.13568e-01,1.10308e+00,5.16868e+00,2.60096e+01,1.58994e+00,3.72938e+00
2.26805e+02,1.08329e+02,6.04963e+00,8.03602e+01,1.50340e+01,4.94013e+00,4.15150e+00,4.32289e+01,9.63895e+01,3.05909e+01,4.43145e-01,2.10509e+02,9.27115e+02,2.21369e+02,7.98350e-01,1.18326e+00,8.22989e+00,2.41532e+01,1.67354e+00,4.67176e+00
2.01491e+02,1.03961e+02,4.77999e+00,7.85080e+01,1.15635e+01,4.25715e+00,4.09439e+00,4.17748e+01,1.11411e+02,2.99911e+01,4.36702e-01,2.11875e+02,8.47088e+02,2.12391e+02,9.20593e-01,1.26691e+00,1.10791e+01,2.14476e+01,1.72312e+00,5.72168e+00
1.73788e+02,9.98399e+01,3.77602e+00,7.64589e+01,8.91369e+00,3.63048e+00,3.96741e+00,4.04652e+01,1.29631e+02,2.90002e+01,4.28809e-01,2.12520e+02,7.66283e+02,1.91697e+02,1.06640e+00,1.34164e+00,1.28764e+01,1.84507e+01,1.74310e+00,6.88437e+00
1.47243e+02,9.61127e+01,2.99342e+00,7.42007e+01,6.91746e+00,3.12303e+00,3.80673e+00,3.92420e+01,1.49417e+02,2.79424e+01,4.20092e-01,2.12325e+02,6.82202e+02,1.66952e+02,1.21748e+00,1.39767e+00,1.39038e+01,1.55572e+01,1.74468e+00,8.22629e+00
1.23525e+02,9.28215e+01,2.38956e+00,7.17960e+01,5.42024e+00,2.72714e+00,3.64027e+00,3.80489e+01,1.65823e+02,2.70124e+01,4.10416e-01,2.11261e+02,5.98611e+02,1.42617e+02,1.36664e+00,1.43113e+00,1.45193e+01,1.29526e+01,1.73814e+00,9.89642e+00
1.03116e+02,9.00724e+01,1.92611e+00,6.93444e+01,4.29598e+00,2.41612e+00,3.48807e+00,3.68600e+01,1.74907e+02,2.62748e+01,3.99735e-01,2.09246e+02,5.20367e+02,1.20558e+02,1.51779e+00,1.44364e+00,1.49557e+01,1.06989e+01,1.72851e+00,1.31589e+01
8.59399e+01,8.81158e+01,1.57065e+00,6.69538e+01,3.44756e+00,2.16620e+00,3.35998e+00,3.56801e+01,1.76212e+02,2.56872e+01,3.88416e-01,2.06271e+02,4.50298e+02,1.01413e+02,1.68241e+00,1.43948e+00,1.56026e+01,8.79835e+00,1.71747e+00,2.21406e+01
7.16737e+01,8.73511e+01,1.29711e+00,6.46978e+01,2.80261e+00,1.95985e+00,3.25632e+00,3.45261e+01,1.71648e+02,2.51463e+01,3.77021e-01,2.02497e+02,3.89314e+02,8.51908e+01,1.87461e+00,1.42318e+00,1.71593e+01,7.22518e+00,1.70572e+00,4.08228e+01
5.99011e+01,8.82171e+01,1.08545e+00,6.26149e+01,2.30804e+00,1.78529e+00,3.17410e+00,3.34098e+01,1.63738e+02,2.45447e+01,3.65980e-01,1.98220e+02,3.37179e+02,7.16127e+01,2.10241e+00,1.39837e+00,2.32177e+01,5.94222e+00,1.69322e+00,6.17023e+01
5.02075e+01,9.09104e+01,9.20544e-01,6.07053e+01,1.92519e+00,1.63575e+00,3.11534e+00,3.23308e+01,1.54585e+02,2.38183e+01,3.55666e-01,1.93772e+02,2.93083e+02,6.03073e+01,2.36245e+00,1.36776e+00,5.91483e+01,4.90672e+00,1.67825e+00,7.45431e+01
4.22251e+01,9.51034e+01,7.90998e-01,5.89475e+01,1.62588e+00,1.50830e+00,3.09364e+00,3.12777e+01,1.45413e+02,2.29637e+01,3.46308e-01,1.89418e+02,2.55943e+02,5.09148e+01,2.64654e+00,1.33344e+00,1.56450e+02,4.07519e+00,1.65782e+00,7.87529e+01
3.56487e+01,1.00054e+02,6.88389e-01,5.73089e+01,1.38958e+00,1.40205e+00,3.13643e+00,3.02376e+01,1.36546e+02,2.20249e+01,3.38038e-01,1.85299e+02,2.24620e+02,4.31189e+01,2.95308e+00,1.29703e+00,2.95132e+02,3.40771e+00,1.62902e+00,7.96908e+01
3.02270e+01,1.05043e+02,6.06364e-01,5.57551e+01,1.20116e+00,1.31683e+00,3.28018e+00,2.92002e+01,1.27759e+02,2.10694e+01,3.30901e-01,1.81412e+02,1.98046e+02,3.66456e+01,3.28622e+00,1.26005e+00,4.13233e+02,2.87007e+00,1.59082e+00,2.68232e+02
2.57541e+01,1.09661e+02,5.40204e-01,5.42620e+01,1.04958e+00,1.25277e+00,3.55394e+00,2.81662e+01,1.18781e+02,2.01642e+01,3.24942e-01,1.77657e+02,1.75336e+02,3.12655e+01,3.64026e+00,1.22369e+00,4.73329e+02,2.43465e+00,1.54403e+00,8.84936e+02
2.20586e+01,1.13765e+02,4.86403e-01,5.28121e+01,9.26474e-01,1.20984e+00,3.95137e+00,2.71424e+01,1.09554e+02,1.93651e+01,3.20214e-01,1.73871e+02,1.55802e+02,2.67848e+01,3.98818e+00,1.18924e+00,4.84725e+02,2.07971e+00,1.49076e+00,1.23107e+03
1.89992e+01,1.17324e+02,4.42269e-01,5.13954e+01,8.25637e-01,1.18885e+00,4.41705e+00,2.61401e+01,1.00250e+02,1.87096e+01,3.16742e-01,1.69903e+02,1.38951e+02,2.30444e+01,4.29480e+00,1.15807e+00,4.67646e+02,1.78862e+00,1.43363e+00,1.31778e+03
1.64590e+01,1.20310e+02,4.09421e-01,5.00099e+01,7.42705e-01,1.19202e+00,4.86936e+00,2.51760e+01,9.11380e+01,1.82174e+01,3.14600e-01,1.65657e+02,1.24463e+02,1.99110e+01,4.54135e+00,1.13217e+00,4.35891e+02,1.55254e+00,1.37494e+00,1.28989e+03
1.43413e+01,1.22682e+02,3.84950e-01,4.86514e+01,6.73592e-01,1.22454e+00,5.24109e+00,2.42694e+01,8.24594e+01,1.78952e+01,3.13773e-01,1.61114e+02,1.12178e+02,1.72768e+01,4.73478e+00,1.12042e+00,3.99765e+02,1.35844e+00,1.31664e+00,1.20876e+03
1.25670e+01,1.24424e+02,3.71917e-01,4.73198e+01,6.15352e-01,1.29649e+00,5.50011e+00,2.34438e+01,7.43723e+01,1.77386e+01,3.14159e-01,1.56330e+02,1.01920e+02,1.50520e+01,4.89531e+00,1.17035e+00,3.64211e+02,1.20024e+00,1.26009e+00,1.12553e+03
1.10717e+01,1.25575e+02,3.63708e-01,4.60157e+01,5.66657e-01,1.42335e+00,5.64577e+00,2.27250e+01,6.69519e+01,1.77362e+01,3.15665e-01,1.51404e+02,9.35220e+01,1.31676e+01,5.03552e+00,1.44014e+00,3.30050e+02,1.07360e+00,1.20643e+00,1.03422e+03
9.80427e+00,1.26215e+02,3.57971e-01,4.47565e+01,5.25675e-01,1.62059e+00,5.69578e+00,2.21344e+01,6.02133e+01,1.78707e+01,3.18149e-01,1.46472e+02,8.67105e+01,1.15671e+01,5.15005e+00,2.11890e+00,2.98197e+02,9.69777e-01,1.15668e+00,9.62312e+02
8.72532e+00,1.26406e+02,3.54720e-01,4.35878e+01,4.90904e-01,1.88871e+00,5.67404e+00,2.16825e+01,5.41349e+01,1.81186e+01,3.21429e-01,1.41680e+02,8.10571e+01,1.02041e+01,5.22040e+00,3.04189e+00,2.70087e+02,8.81569e-01,1.11183e+00,8.95006e+02
7.80459e+00,1.26163e+02,3.52490e-01,4.25919e+01,4.61157e-01,2.20014e+00,5.60353e+00,2.13601e+01,4.86736e+01,1.84539e+01,3.25240e-01,1.37187e+02,7.61094e+01,9.03901e+00,5.22842e+00,3.81482e+00,2.45269e+02,8.05036e-01,1.07290e+00,8.24623e+02
7.01691e+00,1.25470e+02,3.48922e-01,4.18799e+01,4.35455e-01,2.50714e+00,5.50243e+00,2.11440e+01,4.37778e+01,1.88904e+01,3.29308e-01,1.33173e+02,7.14795e+01,8.03952e+00,5.16532e+00,4.24101e+00,2.22832e+02,7.38358e-01,1.04141e+00,7.57844e+02
6.34023e+00,1.24324e+02,3.42360e-01,4.15404e+01,4.12883e-01,2.76517e+00,5.38423e+00,2.10020e+01,3.93969e+01,1.96799e+01,3.33219e-01,1.29828e+02,6.69093e+01,7.17842e+00,5.03468e+00,4.35285e+00,2.02287e+02,6.79907e-01,1.01922e+00,6.96816e+02
5.75558e+00,1.22769e+02,3.32900e-01,4.15813e+01,3.92847e-01,2.94949e+00,5.25791e+00,2.09126e+01,3.54805e+01,2.21346e+01,3.36565e-01,1.27341e+02,6.23017e+01,6.43388e+00,4.84808e+00,4.26411e+00,1.83381e+02,6.28195e-01,1.00880e+00,6.37820e+02
5.24663e+00,1.20893e+02,3.22117e-01,4.18937e+01,3.75038e-01,3.05616e+00,5.13031e+00,2.08752e+01,3.19832e+01,3.06735e+01,3.38896e-01,1.25863e+02,5.76803e+01,5.78836e+00,4.62106e+00,4.07837e+00,1.66190e+02,5.82024e-01,1.01314e+00,5.86261e+02
4.80057e+00,1.18804e+02,3.12281e-01,4.22883e+01,3.59209e-01,3.09458e+00,5.00645e+00,2.09116e+01,2.88612e+01,5.02386e+01,3.39873e-01,1.25452e+02,5.31197e+01,5.22795e+00,4.36870e+00,3.86219e+00,1.50797e+02,5.40763e-01,1.03550e+00,5.40067e+02
4.40667e+00,1.16603e+02,3.05281e-01,4.25810e+01,3.45274e-01,3.07975e+00,4.89054e+00,2.10620e+01,2.60755e+01,7.65681e+01,3.39283e-01,1.26037e+02,4.87064e+01,4.74123e+00,4.10418e+00,3.64698e+00,1.36987e+02,5.04250e-01,1.07849e+00,4.95440e+02
4.05656e+00,1.14363e+02,3.01684e-01,4.26600e+01,3.33046e-01,3.02713e+00,4.78681e+00,2.13706e+01,2.35896e+01,1.01967e+02,3.37096e-01,1.27425e+02,4.45123e+01,4.31893e+00,3.83761e+00,3.44347e+00,1.24514e+02,4.72487e-01,1.14258e+00,4.53276e+02
3.74340e+00,1.12128e+02,3.00288e-01,4.24997e+01,3.22438e-01,2.95007e+00,4.69942e+00,2.18652e+01,2.13711e+01,1.22575e+02,3.33434e-01,1.29364e+02,4.05857e+01,3.95303e+00,3.57608e+00,3.25362e+00,1.13276e+02,4.45398e-01,1.22471e+00,4.14232e+02
3.46176e+00,1.09912e+02,2.98891e-01,4.21378e+01,3.13271e-01,2.85878e+00,4.63268e+00,2.25332e+01,1.93904e+01,1.37528e+02,3.28606e-01,1.31614e+02,3.69529e+01,3.63652e+00,3.32442e+00,2.05674e+01,1.03219e+02,4.22765e-01,1.31801e+00,3.78927e+02
3.20719e+00,1.07709e+02,2.95662e-01,4.16414e+01,3.05429e-01,2.76057e+00,4.59070e+00,2.33004e+01,1.76210e+01,1.48927e+02,3.23070e-01,1.34001e+02,3.36207e+01,3.36253e+00,3.08542e+00,6.43076e+02,9.42298e+01,4.04208e-01,1.41278e+00,3.48769e+02
2.97613e+00,1.05496e+02,2.89883e-01,4.10786e+01,2.98734e-01,2.65983e+00,4.57795e+00,2.40504e+01,1.60398e+01,1.61244e+02,3.17351e-01,1.36452e+02,3.05853e+01,3.12439e+00,2.86070e+00,9.50662e+02,8.61564e+01,3.89186e-01,1.49942e+00,3.20210e+02
2.76578e+00,1.03247e+02,2.81860e-01,4.05091e+01,2.92969e-01,2.55915e+00,4.59862e+00,2.46617e+01,1.46261e+01,1.78611e+02,3.12020e-01,1.39064e+02,2.78337e+01,2.91573e+00,2.65097e+00,1.08141e+03,7.88532e+01,3.77035e-01,1.57017e+00,2.94656e+02
2.57390e+00,1.00941e+02,2.72395e-01,3.99819e+01,2.87954e-01,2.45958e+00,4.65656e+00,2.50505e+01,1.33609e+01,2.00612e+02,3.07775e-01,1.42197e+02,2.53480e+01,2.73034e+00,2.45618e+00,1.09040e+03,7.22090e+01,3.67089e-01,1.62113e+00,2.71504e+02
2.39853e+00,9.85727e+01,2.62379e-01,3.95375e+01,2.83485e-01,2.36140e+00,4.75430e+00,2.51855e+01,1.22279e+01,2.22718e+02,3.05286e-01,1.46578e+02,2.31079e+01,2.56310e+00,2.27609e+00,1.05258e+03,6.61610e+01,3.58721e-01,1.65012e+00,2.49937e+02
2.23819e+00,9.61439e+01,2.52485e-01,3.92128e+01,2.79361e-01,2.26448e+00,4.89176e+00,2.50813e+01,1.12127e+01,2.40698e+02,3.05232e-01,1.53236e+02,2.10926e+01,2.40993e+00,2.11008e+00,1.00197e+03,6.06660e+01,3.51465e-01,1.65934e+00,2.30730e+02
2.09157e+00,9.36714e+01,2.43172e-01,3.90410e+01,2.75426e-01,2.16872e+00,5.06469e+00,2.47801e+01,1.03018e+01,2.52341e+02,3.08280e-01,1.63127e+02,1.92809e+01,2.26801e+00,1.95745e+00,9.53056e+02,5.56803e+01,3.44996e-01,1.65160e+00,2.13642e+02
1.95758e+00,9.11818e+01,2.34700e-01,3.90470e+01,2.71593e-01,2.07407e+00,5.26374e+00,2.43340e+01,9.48406e+00,2.57467e+02,3.14944e-01,1.76551e+02,1.76530e+01,2.13560e+00,1.81740e+00,8.90920e+02,5.11631e+01,3.39106e-01,1.63033e+00,1.97904e+02
1.83525e+00,8.87015e+01,2.27170e-01,3.92366e+01,2.67813e-01,1.98068e+00,5.47540e+00,2.37906e+01,8.74902e+00,2.57249e+02,3.25509e-01,1.92889e+02,1.61901e+01,2.01164e+00,1.68913e+00,8.39716e+02,4.70709e+01,3.33669e-01,1.59915e+00,1.83475e+02
1.72364e+00,8.62523e+01,2.20614e-01,3.95867e+01,2.64076e-01,1.88889e+00,5.68429e+00,2.31877e+01,8.08744e+00,2.53127e+02,3.39948e-01,2.11074e+02,1.48749e+01,1.89574e+00,1.57184e+00,7.87194e+02,4.33585e+01,3.28613e-01,1.56104e+00,1.70362e+02
1.62187e+00,8.38526e+01,2.14965e-01,4.00373e+01,2.60422e-01,1.79901e+00,5.87628e+00,2.25522e+01,7.49087e+00,2.46352e+02,3.57830e-01,2.30265e+02,1.36915e+01,1.78764e+00,1.46466e+00,7.38609e+02,3.99842e+01,3.23834e-01,1.51873e+00,1.58314e+02
1.52912e+00,8.15110e+01,2.10152e-01,4.05051e+01,2.56894e-01,1.71152e+00,6.03968e+00,2.19023e+01,6.95261e+00,2.37907e+02,3.78369e-01,2.50044e+02,1.26260e+01,1.68739e+00,1.36686e+00,6.87619e+02,3.69125e+01,3.19282e-01,1.47403e+00,1.47182e+02
1.44464e+00,7.92343e+01,2.06090e-01,4.09000e+01,2.53541e-01,1.62685e+00,6.16626e+00,2.12525e+01,6.46569e+00,2.28559e+02,4.00544e-01,2.70090e+02,1.16658e+01,1.59476e+00,1.27770e+00,6.39085e+02,3.41137e+01,3.14924e-01,1.42832e+00,1.37321e+02
1.36758e+00,7.70271e+01,2.02678e-01,4.11491e+01,2.50402e-01,1.54532e+00,6.25118e+00,2.06180e+01,6.02455e+00,2.19168e+02,4.23171e-01,2.89752e+02,1.08000e+01,1.50962e+00,1.19651e+00,6.04183e+02,3.15604e+01,3.10691e-01,1.38254e+00,1.28402e+02
1.29741e+00,7.48918e+01,1.99822e-01,4.12117e+01,2.47527e-01,1.46726e+00,6.29223e+00,2.00197e+01,5.62447e+00,2.11953e+02,4.45141e-01,3.07958e+02,1.00178e+01,1.43175e+00,1.12261e+00,5.69986e+02,2.92286e+01,3.06545e-01,1.33727e+00,1.20285e+02
1.23343e+00,7.28306e+01,1.97468e-01,4.10775e+01,2.44933e-01,1.39286e+00,6.28971e+00,1.94863e+01,5.26084e+00,2.14357e+02,4.65499e-01,3.23530e+02,9.31083e+00,1.36076e+00,1.05540e+00,5.37488e+02,2.70976e+01,3.02516e-01,1.29269e+00,1.12798e+02
1.17507e+00,7.08429e+01,1.95512e-01,4.07613e+01,2.42608e-01,1.32224e+00,6.24578e+00,1.90595e+01,4.92997e+00,2.41713e+02,4.83487e-01,3.35537e+02,8.67091e+00,1.29623e+00,9.94339e-01,5.06882e+02,2.51475e+01,2.98629e-01,1.24903e+00,1.05948e+02
1.12184e+00,6.89286e+01,1.93889e-01,4.02895e+01,2.40537e-01,1.25548e+00,6.16431e+00,1.87953e+01,4.62872e+00,2.94119e+02,4.98584e-01,3.43504e+02,8.09111e+00,1.23771e+00,9.38920e-01,4.75085e+02,2.33615e+01,2.94889e-01,1.20633e+00,9.97566e+01
1.07324e+00,6.70847e+01,1.92552e-01,3.96931e+01,2.38702e-01,1.19254e+00,6.05015e+00,1.87629e+01,4.35408e+00,3.47727e+02,5.10453e-01,3.47419e+02,7.56498e+00,1.18468e+00,8.88652e-01,4.45292e+02,2.17241e+01,2.91336e-01,1.16458e+00,9.41141e+01
1.02886e+00,6.53109e+01,1.91485e-01,3.90001e+01,2.37089e-01,1.13341e+00,5.90884e+00,1.90300e+01,4.10375e+00,3.89674e+02,5.18956e-01,3.47636e+02,7.08696e+00,1.13663e+00,8.43083e-01,4.20547e+02,2.02219e+01,2.88027e-01,1.12388e+00,8.87505e+01
9.88273e-01,6.36069e+01,1.90605e-01,3.82356e+01,2.35664e-01,1.07794e+00,5.74624e+00,1.96302e+01,3.87531e+00,4.16235e+02,5.24134e-01,3.44776e+02,6.65196e+00,1.09305e+00,8.01767e-01,3.97304e+02,1.88427e+01,2.84959e-01,1.08417e+00,8.37111e+01
9.51143e-01,6.19721e+01,1.89916e-01,3.74167e+01,2.34398e-01,1.02602e+00,5.56777e+00,2.05322e+01,3.66703e+00,4.26820e+02,5.26083e-01,3.39712e+02,6.25550e+00,1.05348e+00,7.64392e-01,3.73220e+02,1.75763e+01,2.82155e-01,1.04552e+00,7.92029e+01
9.17162e-01,6.04111e+01,1.89373e-01,3.65627e+01,2.33271e-01,9.77546e-01,5.37843e+00,2.16280e+01,3.47713e+00,4.25583e+02,5.25043e-01,3.33813e+02,5.89372e+00,1.01752e+00,7.30541e-01,3.51054e+02,1.64132e+01,2.79632e-01,1.00809e+00,7.51732e+01
8.85980e-01,5.89255e+01,1.88909e-01,3.56902e+01,2.32257e-01,9.32346e-01,5.18263e+00,2.27750e+01,3.30416e+00,4.16983e+02,5.21324e-01,3.29307e+02,5.56288e+00,9.84722e-01,6.99960e-01,3.31306e+02,1.53451e+01,2.77394e-01,9.71860e-01,7.14588e+01
8.57391e-01,5.75206e+01,1.88540e-01,3.48201e+01,2.31351e-01,8.90249e-01,4.98413e+00,2.38428e+01,3.14675e+00,4.03481e+02,5.15251e-01,3.29573e+02,5.25981e+00,9.54745e-01,6.72312e-01,3.13758e+02,1.43642e+01,2.75420e-01,9.36966e-01,6.79682e+01
8.31143e-01,5.62033e+01,1.88273e-01,3.39785e+01,2.30549e-01,8.51095e-01,4.78582e+00,2.47508e+01,3.00351e+00,3.87345e+02,5.07173e-01,3.38426e+02,4.98170e+00,9.27286e-01,6.47347e-01,2.97321e+02,1.34635e+01,2.73703e-01,9.03505e-01,6.46668e+01
8.07008e-01,5.49814e+01,1.88045e-01,3.33528e+01,2.29825e-01,8.14726e-01,4.59012e+00,2.54855e+01,2.87329e+00,3.70221e+02,4.97428e-01,3.57517e+02,4.72601e+00,9.02055e-01,6.24805e-01,2.81909e+02,1.26360e+01,2.72197e-01,8.71494e-01,6.15241e+01
7.84798e-01,5.38606e+01,1.87864e-01,4.70641e+01,2.29184e-01,7.80989e-01,4.39877e+00,2.61184e+01,2.75509e+00,3.53135e+02,4.86358e-01,3.83956e+02,4.49057e+00,8.78833e-01,6.04480e-01,2.67304e+02,1.18754e+01,2.70915e-01,8.41010e-01,5.85239e+01
7.64369e-01,5.28489e+01,1.87738e-01,2.29151e+02,2.28601e-01,7.49725e-01,4.21316e+00,2.68334e+01,2.64791e+00,3.36570e+02,4.74274e-01,4.12000e+02,4.27347e+00,8.57418e-01,5.86146e-01,2.51013e+02,1.11759e+01,2.69830e-01,8.12077e-01,5.56618e+01
7.45550e-01,5.19518e+01,1.87649e-01,4.56186e+02,2.28064e-01,7.20807e-01,4.03435e+00,2.79699e+01,2.55079e+00,3.20390e+02,4.61437e-01,4.36511e+02,4.07295e+00,8.37630e-01,5.69630e-01,2.37306e+02,1.05318e+01,2.68899e-01,7.84706e-01,5.29294e+01
7.28232e-01,5.11699e+01,1.87593e-01,6.04289e+02,2.27558e-01,6.94043e-01,3.86292e+00,2.99933e+01,2.46289e+00,3.04477e+02,4.48118e-01,4.54389e+02,3.88752e+00,8.19292e-01,5.54765e-01,2.25052e+02,9.93786e+00,2.68119e-01,7.58803e-01,5.03165e+01
7.12262e-01,5.05023e+01,1.87554e-01,7.09963e+02,2.27084e-01,6.69338e-01,3.69952e+00,3.32368e+01,2.38349e+00,2.89221e+02,4.34487e-01,4.64464e+02,3.71589e+00,8.02332e-01,5.41393e-01,2.11779e+02,9.38962e+00,2.67451e-01,7.34422e-01,4.78215e+01
6.97541e-01,4.99415e+01,1.87533e-01,7.63028e+02,2.26608e-01,6.46567e-01,3.54440e+00,3.74787e+01,2.31177e+00,2.75175e+02,4.20724e-01,4.67149e+02,3.55691e+00,7.86608e-01,5.29390e-01,2.00023e+02,8.88278e+00,2.66912e-01,7.11523e-01,4.54451e+01
6.83997e-01,4.94754e+01,1.87521e-01,7.76849e+02,2.26151e-01,6.25599e-01,3.39780e+00,4.20065e+01,2.24711e+00,2.62556e+02,4.06984e-01,4.63745e+02,3.40954e+00,7.72042e-01,5.18577e-01,1.89365e+02,8.41317e+00,2.66420e-01,6.89993e-01,4.31858e+01
6.71519e-01,4.90857e+01,1.87507e-01,7.74533e+02,2.25706e-01,6.06287e-01,3.25975e+00,4.61379e+01,2.18889e+00,2.50807e+02,3.93382e-01,4.55735e+02,3.27296e+00,7.58553e-01,5.08859e-01,1.80265e+02,7.97729e+00,2.66014e-01,6.69781e-01,4.10403e+01
6.60021e-01,4.87519e+01,1.87495e-01,7.56467e+02,2.25292e-01,5.88533e-01,3.13016e+00,4.94652e+01,2.13650e+00,2.39509e+02,3.80003e-01,4.44473e+02,3.14629e+00,7.46079e-01,5.00136e-01,1.71766e+02,7.57202e+00,2.65676e-01,6.50882e-01,3.90030e+01
6.49448e-01,4.84543e+01,1.87492e-01,7.33662e+02,2.24891e-01,5.72223e-01,3.00888e+00,5.18025e+01,2.08941e+00,2.28687e+02,3.66916e-01,4.31131e+02,3.02886e+00,7.34562e-01,4.92296e-01,1.62485e+02,7.19445e+00,2.65374e-01,6.33162e-01,3.70686e+01
6.39691e-01,4.81736e+01,1.87491e-01,7.08089e+02,2.24505e-01,5.57283e-01,2.89559e+00,5.31355e+01,2.04710e+00,2.18268e+02,3.54184e-01,4.16637e+02,2.92002e+00,7.23949e-01,4.85250e-01,1.53869e+02,6.84209e+00,2.65138e-01,6.16567e-01,3.52321e+01
6.30715e-01,4.78947e+01,1.87485e-01,6.84513e+02,2.24134e-01,5.43614e-01,2.78989e+00,5.35903e+01,2.00909e+00,2.08202e+02,3.41857e-01,4.01670e+02,2.81921e+00,7.14202e-01,4.78918e-01,1.46750e+02,6.51271e+00,2.64907e-01,6.01011e-01,3.34884e+01
6.22427e-01,4.76091e+01,1.87491e-01,6.59899e+02,2.23767e-01,5.31134e-01,2.69135e+00,5.33497e+01,1.97497e+00,1.98458e+02,3.29949e-01,3.86663e+02,2.72596e+00,7.05262e-01,4.73248e-01,1.39723e+02,6.20433e+00,2.64717e-01,5.86454e-01,3.18337e+01
6.14794e-01,4.73132e+01,1.87490e-01,6.32437e+02,2.23404e-01,5.19729e-01,2.59936e+00,5.25865e+01,1.94420e+00,1.89049e+02,3.18474e-01,3.71846e+02,2.63968e+00,6.97052e-01,4.68148e-01,1.33020e+02,5.91516e+00,2.64534e-01,5.72757e-01,3.02630e+01
6.07730e-01,4.70080e+01,1.87470e-01,6.06352e+02,2.23029e-01,5.09332e-01,2.51335e+00,5.14453e+01,1.91649e+00,1.80075e+02,3.07455e-01,3.57365e+02,2.55990e+00,6.89528e-01,4.63576e-01,1.26544e+02,5.64393e+00,2.64356e-01,5.59943e-01,2.87734e+01
6.01203e-01,4.66997e+01,1.87444e-01,5.87246e+02,2.22648e-01,4.99899e-01,2.43282e+00,5.00522e+01,1.89148e+00,1.71677e+02,2.96912e-01,3.43370e+02,2.48620e+00,6.82673e-01,4.59481e-01,1.20199e+02,5.38895e+00,2.64188e-01,5.47837e-01,2.73611e+01
5.95166e-01,4.63989e+01,1.87413e-01,5.66779e+02,2.22257e-01,4.91332e-01,2.35697e+00,4.85079e+01,1.86876e+00,1.63940e+02,2.86823e-01,3.30042e+02,2.41810e+00,6.76383e-01,4.55809e-01,1.14777e+02,5.14929e+00,2.64005e-01,5.36533e-01,2.60228e+01
5.89601e-01,4.61138e+01,1.87361e-01,5.47559e+02,2.21864e-01,4.83571e-01,2.28542e+00,4.68862e+01,1.84800e+00,1.56771e+02,2.77208e-01,3.17511e+02,2.35517e+00,6.70693e-01,4.52491e-01,1.10015e+02,4.92382e+00,2.63812e-01,5.25864e-01,2.47554e+01
5.84430e-01,4.58557e+01,1.87312e-01,5.27910e+02,2.21472e-01,4.76551e-01,2.21753e+00,4.52353e+01,1.82897e+00,1.49980e+02,2.68036e-01,3.05801e+02,2.29705e+00,6.65519e-01,4.49507e-01,1.05247e+02,4.71167e+00,2.63611e-01,5.15867e-01,2.35555e+01
5.79667e-01,4.56316e+01,1.87271e-01,5.07224e+02,2.21081e-01,4.70203e-01,2.15291e+00,4.35825e+01,1.81137e+00,1.43470e+02,2.59309e-01,2.94822e+02,2.24321e+00,6.60817e-01,4.46820e-01,1.00688e+02,4.51205e+00,2.63406e-01,5.06404e-01,2.24206e+01
5.75250e-01,4.54466e+01,1.87215e-01,4.85161e+02,2.20693e-01,4.64482e-01,2.09114e+00,4.19413e+01,1.79497e+00,1.37218e+02,2.51036e-01,2.84442e+02,2.19332e+00,6.56573e-01,4.44381e-01,9.63948e+01,4.32421e+00,2.63201e-01,4.97525e-01,2.13474e+01
5.71153e-01,4.53010e+01,1.87154e-01,4.63826e+02,2.20307e-01,4.59341e-01,2.03185e+00,4.03246e+01,1.77961e+00,1.31231e+02,2.43188e-01,2.74545e+02,2.14697e+00,6.52727e-01,4.42183e-01,9.22812e+01,4.14749e+00,2.62989e-01,4.89137e-01,2.03329e+01
5.67331e-01,4.51901e+01,1.87094e-01,4.46814e+02,2.19920e-01,4.54739e-01,1.97487e+00,3.87538e+01,1.76502e+00,1.25520e+02,2.35779e-01,2.65063e+02,2.10378e+00,6.49237e-01,4.40200e-01,8.84332e+01,3.98126e+00,2.62762e-01,4.81276e-01,1.93746e+01
5.63776e-01,4.51043e+01,1.87026e-01,4.31312e+02,2.19520e-01,4.50607e-01,1.91990e+00,3.72479e+01,1.75108e+00,1.20080e+02,2.28770e-01,2.55932e+02,2.06343e+00,6.46069e-01,4.38398e-01,8.47490e+01,3.82489e+00,2.62533e-01,4.73818e-01,1.84686e+01
5.60463e-01,4.50352e+01,1.86942e-01,4.15901e+02,2.19104e-01,4.46901e-01,1.86687e+00,3.58220e+01,1.73766e+00,1.14901e+02,2.22161e-01,2.47124e+02,2.02564e+00,6.43191e-01,4.36763e-01,8.14366e+01,3.67791e+00,2.62293e-01,4.66811e-01,1.76141e+01
5.57372e-01,4.50388e+01,1.86853e-01,4.00685e+02,2.18666e-01,4.43626e-01,1.81569e+00,3.44737e+01,1.72474e+00,1.09969e+02,2.15935e-01,2.38635e+02,1.99012e+00,6.40567e-01,4.35276e-01,7.80393e+01,3.53974e+00,2.62031e-01,4.60222e-01,1.68067e+01
5.54471e-01,4.63533e+01,1.86742e-01,3.85878e+02,2.18223e-01,4.40712e-01,1.76623e+00,3.31950e+01,1.71225e+00,1.05258e+02,2.10093e-01,2.30463e+02,1.95660e+00,6.38176e-01,4.33935e-01,7.45520e+01,3.40998e+00,2.61752e-01,4.53978e-01,1.60450e+01
5.51759e-01,8.05652e+01,1.86602e-01,3.71578e+02,2.17774e-01,4.38119e-01,1.71848e+00,3.19743e+01,1.70008e+00,1.00745e+02,2.04621e-01,2.22636e+02,1.92495e+00,6.36007e-01,4.32705e-01,7.15398e+01,3.28803e+00,2.61442e-01,4.48123e-01,1.53255e+01
5.49212e-01,2.42344e+02,1.86458e-01,3.57660e+02,2.17319e-01,4.35812e-01,1.67245e+00,3.08039e+01,1.68834e+00,9.64268e+01,1.99470e-01,2.15184e+02,1.89491e+00,6.34047e-01,4.31592e-01,6.88205e+01,3.17346e+00,2.61128e-01,4.42621e-01,1.46468e+01
5.46831e-01,3.86454e+02,1.86315e-01,3.43505e+02,2.16858e-01,4.33767e-01,1.62808e+00,2.96780e+01,1.67697e+00,9.23174e+01,1.94653e-01,2.08116e+02,1.86634e+00,6.32255e-01,4.30572e-01,6.61135e+01,3.06592e+00,2.60793e-01,4.37460e-01,1.40059e+01
5.44616e-01,4.76325e+02,1.86174e-01,3.29422e+02,2.16406e-01,4.31968e-01,1.58535e+00,2.85920e+01,1.66598e+00,8.84318e+01,1.90141e-01,2.01423e+02,1.83918e+00,6.30620e-01,4.29638e-01,6.34978e+01,2.96489e+00,2.60455e-01,4.32595e-01,1.34010e+01
5.42531e-01,5.48004e+02,1.86026e-01,3.16300e+02,2.15946e-01,4.30364e-01,1.54427e+00,2.75445e+01,1.65541e+00,8.47760e+01,1.85948e-01,1.95058e+02,1.81325e+00,6.29114e-01,4.28780e-01,6.10614e+01,2.87008e+00,2.60106e-01,4.28072e-01,1.28299e+01
5.40579e-01,6.02282e+02,1.85873e-01,3.04662e+02,2.15487e-01,4.28922e-01,1.50485e+00,2.65363e+01,1.64536e+00,8.13405e+01,1.82039e-01,1.88982e+02,1.78853e+00,6.27740e-01,4.28000e-01,5.86435e+01,2.78113e+00,2.59742e-01,4.23838e-01,1.22909e+01
5.38732e-01,6.30722e+02,1.85718e-01,2.93911e+02,2.15021e-01,4.27646e-01,1.46701e+00,2.55685e+01,1.63575e+00,7.80988e+01,1.78403e-01,1.83151e+02,1.76496e+00,6.26464e-01,4.27270e-01,5.62563e+01,2.69755e+00,2.59371e-01,4.19854e-01,1.17817e+01
5.36974e-01,6.37651e+02,1.85551e-01,2.83598e+02,2.14529e-01,4.26471e-01,1.43080e+00,2.46473e+01,1.62671e+00,7.50221e+01,1.75018e-01,1.77544e+02,1.74243e+00,6.25292e-01,4.26597e-01,5.39391e+01,2.61934e+00,2.58982e-01,4.16153e-01,1.13011e+01
5.35312e-01,6.38043e+02,1.85376e-01,2.73299e+02,2.14019e-01,4.25450e-01,1.39624e+00,2.37732e+01,1.61825e+00,7.20871e+01,1.71883e-01,1.72159e+02,1.72097e+00,6.24193e-01,4.25980e-01,5.17289e+01,2.54574e+00,2.58578e-01,4.12716e-01,1.08471e+01
5.33720e-01,6.33875e+02,1.85177e-01,2.63008e+02,2.13498e-01,4.24515e-01,1.36324e+00,2.29449e+01,1.61028e+00,6.92783e+01,1.68996e-01,1.66979e+02,1.70050e+00,6.23148e-01,4.25414e-01,4.96151e+01,2.47681e+00,2.58159e-01,4.09494e-01,1.04185e+01
5.32193e-01,6.21734e+02,1.84959e-01,2.53242e+02,2.12973e-01,4.23657e-01,1.33179e+00,2.21590e+01,1.60292e+00,6.65858e+01,1.66316e-01,1.62017e+02,1.68104e+00,6.22200e-01,4.24883e-01,4.76362e+01,2.41212e+00,2.57719e-01,4.06500e-01,1.00137e+01
5.30743e-01,6.08397e+02,1.84725e-01,2.43820e+02,2.12452e-01,4.22892e-01,1.30189e+00,2.14103e+01,1.59619e+00,6.40070e+01,1.63853e-01,1.57302e+02,1.66258e+00,6.21289e-01,4.24384e-01,4.57898e+01,2.35144e+00,2.57260e-01,4.03759e-01,9.63081e+00
5.29360e-01,5.93960e+02,1.84487e-01,2.35152e+02,2.11927e-01,4.22196e-01,1.27350e+00,2.06940e+01,1.59003e+00,6.15443e+01,1.61564e-01,1.53124e+02,1.64503e+00,6.20433e-01,4.23912e-01,4.39522e+01,2.29454e+00,2.56798e-01,4.01204e-01,9.26911e+00
5.28046e-01,5.78223e+02,1.84244e-01,2.27192e+02,2.11395e-01,4.21538e-01,1.24660e+00,2.00069e+01,1.58438e+00,5.91988e+01,1.59468e-01,1.51550e+02,1.62843e+00,6.19618e-01,4.23474e-01,4.20034e+01,2.24117e+00,2.56336e-01,3.98853e-01,8.92725e+00
5.26787e-01,5.64130e+02,1.83996e-01,2.19657e+02,2.10871e-01,4.20969e-01,1.22113e+00,1.93467e+01,1.57929e+00,5.69696e+01,1.57532e-01,1.63393e+02,1.61271e+00,6.18832e-01,4.23057e-01,4.00155e+01,2.19114e+00,2.55865e-01,3.96684e-01,8.60394e+00
5.25573e-01,5.50103e+02,1.83748e-01,2.12440e+02,2.10344e-01,4.20429e-01,1.19703e+00,1.87116e+01,1.57471e+00,5.48556e+01,1.55765e-01,2.16074e+02,1.59786e+00,6.18084e-01,4.22664e-01,3.81830e+01,2.14427e+00,2.55381e-01,3.94693e-01,8.29824e+00
5.24417e-01,5.34697e+02,1.83500e-01,2.05505e+02,2.09810e-01,4.19938e-01,1.17423e+00,1.80997e+01,1.57062e+00,5.28507e+01,1.54138e-01,3.07554e+02,1.58389e+00,6.17370e-01,4.22290e-01,3.65776e+01,2.10032e+00,2.54884e-01,3.92845e-01,8.00857e+00
5.23297e-01,5.17676e+02,1.83246e-01,1.98840e+02,2.09250e-01,4.19488e-01,1.15271e+00,1.75108e+01,1.56695e+00,5.09512e+01,1.52648e-01,3.96711e+02,1.57069e+00,6.16682e-01,4.21931e-01,3.51501e+01,2.05922e+00,2.54374e-01,3.91119e-01,7.73476e+00
5.22205e-01,5.00257e+02,1.82980e-01,1.92382e+02,2.08679e-01,4.19056e-01,1.13249e+00,1.69443e+01,1.56371e+00,4.91479e+01,1.51280e-01,4.68593e+02,1.55833e+00,6.16001e-01,4.21586e-01,3.38337e+01,2.02072e+00,2.53851e-01,3.89544e-01,7.47551e+00
5.21154e-01,4.84789e+02,1.82693e-01,1.85903e+02,2.08105e-01,4.18669e-01,1.11345e+00,1.63994e+01,1.56075e+00,4.74321e+01,1.50027e-01,5.26980e+02,1.54670e+00,6.15312e-01,4.21256e-01,3.25782e+01,1.98475e+00,2.53308e-01,3.88134e-01,7.23000e+00
5.20136e-01,4.73173e+02,1.82390e-01,1.79168e+02,2.07534e-01,4.18287e-01,1.09553e+00,1.58759e+01,1.55820e+00,4.57953e+01,1.48893e-01,5.73031e+02,1.53576e+00,6.14655e-01,4.20944e-01,3.13524e+01,1.95109e+00,2.52752e-01,3.86826e-01,6.99717e+00
5.19147e-01,4.58754e+02,1.82072e-01,1.72675e+02,2.06962e-01,4.17916e-01,1.07873e+00,1.53743e+01,1.55589e+00,4.42311e+01,1.47853e-01,6.03943e+02,1.52549e+00,6.14011e-01,4.20629e-01,3.01627e+01,1.91963e+00,2.52174e-01,3.85610e-01,6.77647e+00
5.18189e-01,4.45165e+02,1.81754e-01,1.66850e+02,2.06391e-01,4.17555e-01,1.06299e+00,1.48937e+01,1.55383e+00,4.27344e+01,1.46887e-01,6.19404e+02,1.51769e+00,6.13379e-01,4.20319e-01,2.90342e+01,1.89027e+00,2.51597e-01,3.84508e-01,6.56726e+00
5.17248e-01,4.32243e+02,1.81438e-01,1.61412e+02,2.05820e-01,4.17188e-01,1.04825e+00,1.44343e+01,1.55198e+00,4.13002e+01,1.46003e-01,6.24730e+02,1.56185e+00,6.12739e-01,4.20009e-01,2.79671e+01,1.86286e+00,2.51015e-01,3.83513e-01,6.36869e+00
5.16346e-01,4.18864e+02,1.81120e-01,1.55961e+02,2.05247e-01,4.16818e-01,1.03445e+00,1.39945e+01,1.55027e+00,3.99233e+01,1.45193e-01,6.24489e+02,1.61452e+00,6.12097e-01,4.19712e-01,2.69428e+01,1.83731e+00,2.50432e-01,3.82588e-01,6.18074e+00
5.15439e-01,4.05897e+02,1.80809e-01,1.50460e+02,2.04670e-01,4.16436e-01,1.02152e+00,1.35741e+01,1.54872e+00,3.86004e+01,1.44458e-01,6.19618e+02,1.67524e+00,6.11451e-01,4.19417e-01,2.59504e+01,1.81350e+00,2.49840e-01,3.81720e-01,6.00394e+00
5.14548e-01,3.92212e+02,1.80489e-01,1.45204e+02,2.04089e-01,4.16051e-01,1.00945e+00,1.31713e+01,1.54729e+00,3.73266e+01,1.43780e-01,6.10386e+02,1.73771e+00,6.10803e-01,4.19119e-01,2.49966e+01,1.79130e+00,2.49237e-01,3.80904e-01,5.83727e+00
5.13671e-01,3.78468e+02,1.80155e-01,1.40275e+02,2.03500e-01,4.15655e-01,9.98166e-01,1.27853e+01,1.54594e+00,3.61007e+01,1.43173e-01,5.98931e+02,1.73942e+00,6.10168e-01,4.18824e-01,2.40943e+01,1.77073e+00,2.48628e-01,3.80151e-01,5.67874e+00
5.12804e-01,3.64682e+02,1.79817e-01,1.35690e+02,2.02894e-01,4.15248e-01,9.87656e-01,1.24157e+01,1.54468e+00,3.49225e+01,1.42612e-01,5.86342e+02,1.70704e+00,6.09519e-01,4.18529e-01,2.32421e+01,1.75159e+00,2.48012e-01,3.79479e-01,5.52698e+00
5.11953e-01,3.53293e+02,1.79467e-01,1.31497e+02,2.02290e-01,4.14842e-01,9.77857e-01,1.20613e+01,1.54345e+00,3.37930e+01,1.42090e-01,5.72965e+02,1.66938e+00,6.08859e-01,4.18238e-01,2.24312e+01,1.73386e+00,2.47380e-01,3.78824e-01,5.38179e+00
5.11124e-01,3.43673e+02,1.79096e-01,1.27597e+02,2.01680e-01,4.14432e-01,9.68692e-01,1.17220e+01,1.54226e+00,3.27120e+01,1.41617e-01,5.59820e+02,1.63336e+00,6.08183e-01,4.17948e-01,2.16518e+01,1.71741e+00,2.46738e-01,3.78184e-01,5.24315e+00
5.10288e-01,3.34258e+02,1.78716e-01,1.23851e+02,2.01061e-01,4.14014e-01,9.60180e-01,1.13965e+01,1.54108e+00,3.16788e+01,1.41173e-01,5.46961e+02,1.60436e+00,6.07505e-01,4.17649e-01,2.08969e+01,1.70214e+00,2.46077e-01,3.77607e-01,5.11094e+00
5.09454e-01,3.24867e+02,1.78334e-01,1.20095e+02,2.00452e-01,4.13587e-01,9.52262e-01,1.10842e+01,1.53991e+00,3.06911e+01,1.40765e-01,5.33793e+02,1.58701e+00,6.06828e-01,4.17352e-01,2.01689e+01,1.68803e+00,2.45410e-01,3.77062e-01,4.98501e+00
5.08633e-01,3.15618e+02,1.77948e-01,1.16240e+02,1.99854e-01,4.13146e-01,9.44893e-01,1.07845e+01,1.53870e+00,2.97469e+01,1.40375e-01,5.19683e+02,1.58430e+00,6.06138e-01,4.17047e-01,1.94729e+01,1.67494e+00,2.44735e-01,3.76528e-01,4.86514e+00
5.07830e-01,3.06598e+02,1.77564e-01,1.12471e+02,1.99256e-01,4.12694e-01,9.38045e-01,1.04968e+01,1.53747e+00,2.88436e+01,1.40009e-01,5.04897e+02,1.59874e+00,6.05411e-01,4.16741e-01,1.88133e+01,1.66286e+00,2.44068e-01,3.76000e-01,4.75117e+00
5.07033e-01,2.97852e+02,1.77187e-01,1.09003e+02,1.98655e-01,4.12239e-01,9.31651e-01,1.02206e+01,1.53622e+00,2.79803e+01,1.39674e-01,4.90298e+02,1.63352e+00,6.04679e-01,4.16431e-01,1.81883e+01,1.65167e+00,2.43397e-01,3.75502e-01,4.64291e+00
5.06258e-01,2.89387e+02,1.76806e-01,1.05803e+02,1.98050e-01,4.11778e-01,9.25703e-01,9.95432e+00,1.53494e+00,2.71553e+01,1.39356e-01,4.77093e+02,1.69163e+00,6.03957e-01,4.16117e-01,1.75947e+01,1.64137e+00,2.42721e-01,3.75003e-01,4.53969e+00
5.05512e-01,2.81198e+02,1.76416e-01,1.02729e+02,1.97441e-01,4.11306e-01,9.20175e-01,9.69803e+00,1.53362e+00,2.63686e+01,1.39059e-01,4.65682e+02,1.77369e+00,6.03224e-01,4.15796e-01,1.70297e+01,1.63185e+00,2.42031e-01,3.74510e-01,4.44115e+00
5.04800e-01,2.73206e+02,1.76024e-01,9.96944e+01,1.96818e-01,4.10814e-01,9.15040e-01,9.45163e+00,1.53226e+00,2.56190e+01,1.38775e-01,4.54631e+02,1.87637e+00,6.02460e-01,4.15456e-01,1.64898e+01,1.62304e+00,2.41333e-01,3.74048e-01,4.34710e+00
5.04113e-01,2.65101e+02,1.75624e-01,9.67320e+01,1.96206e-01,4.10323e-01,9.10272e-01,9.21378e+00,1.53084e+00,2.49048e+01,1.38507e-01,4.43328e+02,1.99314e+00,6.01695e-01,4.15121e-01,1.59726e+01,1.61493e+00,2.40629e-01,3.73575e-01,4.25717e+00
5.03437e-01,2.56856e+02,1.75208e-01,9.38415e+01,1.95587e-01,4.09831e-01,9.05824e-01,8.98439e+00,1.52939e+00,2.42239e+01,1.38256e-01,4.32236e+02,2.11651e+00,6.00908e-01,4.14781e-01,1.54768e+01,1.60744e+00,2.39927e-01,3.73086e-01,4.17120e+00
5.02748e-01,2.48936e+02,1.74776e-01,9.09861e+01,1.94964e-01,4.09341e-01,9.01711e-01,8.76343e+00,1.52787e+00,2.35736e+01,1.38015e-01,4.21272e+02,2.23986e+00,6.00096e-01,4.14437e-01,1.49998e+01,1.60049e+00,2.39212e-01,3.72627e-01,4.08880e+00
5.02029e-01,2.41503e+02,1.74340e-01,8.81986e+01,1.94358e-01,4.08836e-01,8.97881e-01,8.55015e+00,1.52629e+00,2.29518e+01,1.37779e-01,4.10273e+02,2.35793e+00,5.99290e-01,4.14074e-01,1.45411e+01,1.59403e+00,2.38491e-01,3.72150e-01,4.01001e+00
5.01290e-01,2.34823e+02,1.73910e-01,8.55508e+01,1.93750e-01,4.08317e-01,8.94338e-01,8.34453e+00,1.52466e+00,2.23568e+01,1.37550e-01,3.99200e+02,2.46642e+00,5.98466e-01,4.13711e-01,1.40989e+01,1.58803e+00,2.37772e-01,3.71671e-01,3.93489e+00
5.00519e-01,2.28563e+02,1.73484e-01,8.30860e+01,1.93139e-01,4.07786e-01,8.91037e-01,8.14652e+00,1.52296e+00,2.17869e+01,1.37326e-01,3.87945e+02,2.56283e+00,5.97605e-01,4.13336e-01,1.36720e+01,1.58246e+00,2.37055e-01,3.71181e-01,3.86341e+00
4.99735e-01,2.22511e+02,1.73063e-01,8.07766e+01,1.92536e-01,4.07257e-01,8.87949e-01,7.95562e+00,1.52119e+00,2.12408e+01,1.37113e-01,3.76622e+02,2.64758e+00,5.96737e-01,4.12952e-01,1.32595e+01,1.57725e+00,2.36337e-01,3.70696e-01,3.79534e+00
4.98926e-01,2.16597e+02,1.72635e-01,7.85475e+01,1.91926e-01,4.06727e-01,8.85069e-01,7.77132e+00,1.51937e+00,2.07172e+01,1.36908e-01,3.65543e+02,2.72429e+00,5.95849e-01,4.12561e-01,1.28597e+01,1.57238e+00,2.35613e-01,3.70199e-01,3.73043e+00
4.98109e-01,2.10717e+02,1.72187e-01,7.63516e+01,1.91305e-01,4.06185e-01,8.82370e-01,7.59417e+00,1.51752e+00,2.02158e+01,1.36708e-01,3.55286e+02,2.79754e+00,5.94946e-01,4.12152e-01,1.24722e+01,1.56780e+00,2.34889e-01,3.69696e-01,3.66895e+00
4.97317e-01,2.04687e+02,1.71744e-01,7.41966e+01,1.90666e-01,4.05625e-01,8.79838e-01,7.42332e+00,1.51558e+00,1.97356e+01,1.36511e-01,3.46151e+02,2.87053e+00,5.94022e-01,4.11739e-01,1.20965e+01,1.56347e+00,2.34159e-01,3.69198e-01,3.61056e+00
4.96587e-01,1.98813e+02,1.71298e-01,7.21021e+01,1.90037e-01,4.05072e-01,8.77492e-01,7.25868e+00,1.51359e+00,1.92754e+01,1.36316e-01,3.37752e+02,2.94255e+00,5.93098e-01,4.11318e-01,1.17320e+01,1.55941e+00,2.33423e-01,3.68687e-01,3.55512e+00
4.95922e-01,1.93300e+02,1.70843e-01,7.00635e+01,1.89427e-01,4.04522e-01,8.75276e-01,7.10013e+00,1.51154e+00,1.88344e+01,1.36125e-01,3.29600e+02,3.00933e+00,5.92158e-01,4.10889e-01,1.13784e+01,1.55561e+00,2.32683e-01,3.68125e-01,3.50248e+00
4.95339e-01,1.87843e+02,1.70380e-01,6.80780e+01,1.88803e-01,4.03966e-01,8.73217e-01,6.94727e+00,1.50942e+00,1.84112e+01,1.35938e-01,3.21503e+02,3.06445e+00,5.91202e-01,4.10446e-01,1.10362e+01,1.55196e+00,2.31937e-01,3.67599e-01,3.45275e+00
4.94849e-01,1.82644e+02,1.69908e-01,6.61541e+01,1.88187e-01,4.03397e-01,8.71269e-01,6.80047e+00,1.50727e+00,1.80054e+01,1.35751e-01,3.13455e+02,3.10179e+00,5.90244e-01,4.09997e-01,1.07058e+01,1.54847e+00,2.31193e-01,3.67069e-01,3.40562e+00
4.94489e-01,1.77890e+02,1.69442e-01,6.42936e+01,1.87571e-01,4.02814e-01,8.69452e-01,6.65883e+00,1.50505e+00,1.76162e+01,1.35563e-01,3.05533e+02,3.11724e+00,5.89294e-01,4.09542e-01,1.03869e+01,1.54511e+00,2.30451e-01,3.66516e-01,3.36090e+00
4.94265e-01,1.73415e+02,1.68987e-01,6.24898e+01,1.86953e-01,4.02223e-01,8.67745e-01,6.52268e+00,1.50278e+00,1.72431e+01,1.35374e-01,2.97796e+02,3.10944e+00,5.88341e-01,4.09079e-01,1.00796e+01,1.54186e+00,2.29711e-01,3.65950e-01,3.31867e+00
4.94181e-01,1.69107e+02,1.68540e-01,6.07553e+01,1.86353e-01,4.01624e-01,8.66116e-01,6.39172e+00,1.50043e+00,1.68851e+01,1.35186e-01,2.90259e+02,3.07950e+00,5.87378e-01,4.08613e-01,9.78376e+00,1.53873e+00,2.28974e-01,3.65371e-01,3.27885e+00
4.94210e-01,1.64932e+02,1.68085e-01,5.90792e+01,1.85755e-01,4.01022e-01,8.64589e-01,6.26567e+00,1.49805e+00,1.65410e+01,1.35000e-01,2.82925e+02,3.03047e+00,5.86435e-01,4.08139e-01,9.49894e+00,1.53569e+00,2.28234e-01,3.64779e-01,3.24111e+00
4.94340e-01,1.60883e+02,1.67618e-01,5.74322e+01,1.85150e-01,4.00413e-01,8.63111e-01,6.14453e+00,1.49565e+00,1.62105e+01,1.34814e-01,2.75767e+02,2.96602e+00,5.85509e-01,4.07646e-01,9.22455e+00,1.53275e+00,2.27498e-01,3.64181e-01,3.20560e+00
4.94595e-01,1.56956e+02,1.67151e-01,5.57964e+01,1.84529e-01,3.99799e-01,8.61706e-01,6.02787e+00,1.49317e+00,1.58931e+01,1.34629e-01,2.68715e+02,2.89023e+00,5.84615e-01,4.07140e-01,8.96026e+00,1.52986e+00,2.26763e-01,3.63594e-01,3.17217e+00
4.94909e-01,1.53144e+02,1.66685e-01,5.41890e+01,1.83902e-01,3.99187e-01,8.60381e-01,5.91615e+00,1.49066e+00,1.55874e+01,1.34442e-01,2.61693e+02,2.80693e+00,5.83735e-01,4.06634e-01,8.70578e+00,1.52705e+00,2.26019e-01,3.62993e-01,3.14051e+00
4.95279e-01,1.49441e+02,1.66220e-01,5.26540e+01,1.83290e-01,3.98573e-01,8.59106e-01,5.80868e+00,1.48812e+00,1.52933e+01,1.34253e-01,2.54738e+02,2.71941e+00,5.82869e-01,4.06127e-01,8.46098e+00,1.52433e+00,2.25272e-01,3.62373e-01,3.11088e+00
4.95645e-01,1.45809e+02,1.65746e-01,5.12052e+01,1.82664e-01,3.97952e-01,8.57892e-01,5.70554e+00,1.48551e+00,1.50103e+01,1.34072e-01,2.47975e+02,2.63035e+00,5.81991e-01,4.05606e-01,8.22523e+00,1.52161e+00,2.24521e-01,3.61765e-01,3.08302e+00
4.95940e-01,1.42149e+02,1.65253e-01,4.98318e+01,1.82047e-01,3.97324e-01,8.56712e-01,5.60670e+00,1.48285e+00,1.47379e+01,1.33891e-01,2.41531e+02,2.54185e+00,5.81118e-01,4.05078e-01,7.99834e+00,1.51896e+00,2.23770e-01,3.61134e-01,3.05691e+00
4.96131e-01,1.38315e+02,1.64765e-01,4.85078e+01,1.81446e-01,3.96677e-01,8.55589e-01,5.51191e+00,1.48016e+00,1.44750e+01,1.33705e-01,2.35489e+02,2.45545e+00,5.80249e-01,4.04545e-01,7.78018e+00,1.51632e+00,2.23023e-01,3.60493e-01,3.03266e+00
4.96176e-01,1.34431e+02,1.64297e-01,4.72223e+01,1.80851e-01,3.96030e-01,8.54478e-01,5.42105e+00,1.47741e+00,1.42217e+01,1.33521e-01,2.29818e+02,2.37222e+00,5.79362e-01,4.04005e-01,7.57051e+00,1.51371e+00,2.22281e-01,3.59868e-01,3.01002e+00
4.96039e-01,1.30862e+02,1.63831e-01,4.59753e+01,1.80263e-01,3.95385e-01,8.53405e-01,5.33417e+00,1.47460e+00,1.39775e+01,1.33335e-01,2.24411e+02,2.29292e+00,5.78441e-01,4.03455e-01,7.36913e+00,1.51113e+00,2.21543e-01,3.59205e-01,2.98918e+00
4.95667e-01,1.27646e+02,1.63358e-01,4.47685e+01,1.79673e-01,3.94740e-01,8.52353e-01,5.25090e+00,1.47178e+00,1.37419e+01,1.33147e-01,2.19163e+02,2.21798e+00,5.77471e-01,4.02898e-01,7.17587e+00,1.50857e+00,2.20809e-01,3.58541e-01,2.96996e+00
4.95038e-01,1.24608e+02,1.62872e-01,4.35966e+01,1.79067e-01,3.94077e-01,8.51316e-01,5.17115e+00,1.46894e+00,1.35147e+01,1.32963e-01,2.14012e+02,2.14769e+00,5.76455e-01,4.02333e-01,6.99043e+00,1.50603e+00,2.20080e-01,3.57869e-01,2.95255e+00
4.94152e-01,1.21573e+02,1.62382e-01,4.24496e+01,1.78455e-01,3.93408e-01,8.50291e-01,5.09505e+00,1.46604e+00,1.32954e+01,1.32780e-01,2.08903e+02,2.08220e+00,5.75389e-01,4.01743e-01,6.81264e+00,1.50348e+00,2.19344e-01,3.57205e-01,2.93679e+00
4.93027e-01,1.18435e+02,1.61893e-01,4.13251e+01,1.77857e-01,3.92747e-01,8.49290e-01,5.02244e+00,1.46311e+00,1.30839e+01,1.32590e-01,2.03819e+02,2.02152e+00,5.74265e-01,4.01162e-01,6.64210e+00,1.50100e+00,2.18603e-01,3.56538e-01,2.92266e+00
4.91663e-01,1.15271e+02,1.61411e-01,4.02232e+01,1.77268e-01,3.92083e-01,8.48277e-01,4.95310e+00,1.46015e+00,1.28803e+01,1.32396e-01,1.98821e+02,1.96561e+00,5.73085e-01,4.00574e-01,6.47872e+00,1.49854e+00,2.17868e-01,3.55851e-01,2.91037e+00
4.90097e-01,1.12245e+02,1.60931e-01,3.91504e+01,1.76661e-01,3.91408e-01,8.47301e-01,4.88692e+00,1.45716e+00,1.26839e+01,1.32207e-01,1.93969e+02,1.91438e+00,5.71834e-01,3.99977e-01,6.32217e+00,1.49608e+00,2.17137e-01,3.55179e-01,2.89960e+00
4.88362e-01,1.09390e+02,1.60445e-01,3.81082e+01,1.76065e-01,3.90729e-01,8.46323e-01,4.82387e+00,1.45414e+00,1.24945e+01,1.32024e-01,1.89285e+02,1.86759e+00,5.70548e-01,3.99371e-01,6.17224e+00,1.49362e+00,2.16404e-01,3.54476e-01,2.89066e+00
4.86500e-01,1.06657e+02,1.59951e-01,3.71018e+01,1.75480e-01,3.90035e-01,8.45354e-01,4.76372e+00,1.45107e+00,1.23120e+01,1.31834e-01,1.84760e+02,1.82511e+00,5.69211e-01,3.98757e-01,6.02839e+00,1.49115e+00,2.15672e-01,3.53794e-01,2.88352e+00
4.84552e-01,1.04083e+02,1.59459e-01,3.61311e+01,1.74890e-01,3.89337e-01,8.44387e-01,4.70657e+00,1.44799e+00,1.21365e+01,1.31638e-01,1.80441e+02,1.78666e+00,5.67865e-01,3.98143e-01,5.89060e+00,1.48869e+00,2.14942e-01,3.53096e-01,2.87829e+00
4.82562e-01,1.01692e+02,1.58984e-01,3.51975e+01,1.74312e-01,3.88633e-01,8.43431e-01,4.65234e+00,1.44486e+00,1.19675e+01,1.31442e-01,1.76354e+02,1.75201e+00,5.66487e-01,3.97522e-01,5.75862e+00,1.48624e+00,2.14216e-01,3.52386e-01,2.87531e+00
4.80566e-01,9.94334e+01,1.58507e-01,3.42958e+01,1.73738e-01,3.87935e-01,8.42467e-01,4.60066e+00,1.44172e+00,1.18050e+01,1.31244e-01,1.72458e+02,1.72089e+00,5.65096e-01,3.96895e-01,5.63203e+00,1.48379e+00,2.13496e-01,3.51693e-01,2.87468e+00
4.78579e-01,9.72533e+01,1.58020e-01,3.34186e+01,1.73155e-01,3.87228e-01,8.41474e-01,4.55141e+00,1.43858e+00,1.16488e+01,1.31048e-01,1.68714e+02,1.69303e+00,5.63692e-01,3.96257e-01,5.51057e+00,1.48132e+00,2.12785e-01,3.50994e-01,2.87687e+00
4.76636e-01,9.50999e+01,1.57530e-01,3.25500e+01,1.72562e-01,3.86511e-01,8.40486e-01,4.50516e+00,1.43538e+00,1.14987e+01,1.30852e-01,1.65085e+02,1.66802e+00,5.62295e-01,3.95599e-01,5.39418e+00,1.47887e+00,2.12073e-01,3.50303e-01,2.88209e+00
4.74746e-01,9.29123e+01,1.57038e-01,3.16833e+01,1.71973e-01,3.85799e-01,8.39521e-01,4.46084e+00,1.43218e+00,1.13549e+01,1.30652e-01,1.61560e+02,1.64567e+00,5.60911e-01,3.94947e-01,5.28265e+00,1.47644e+00,2.11353e-01,3.49601e-01,2.89086e+00
4.72944e-01,9.06468e+01,1.56548e-01,3.08160e+01,1.71403e-01,3.85088e-01,8.38524e-01,4.41926e+00,1.42897e+00,1.12168e+01,1.30444e-01,1.58129e+02,1.62570e+00,5.59522e-01,3.94289e-01,5.17567e+00,1.47402e+00,2.10636e-01,3.48876e-01,2.90307e+00
4.71224e-01,8.83616e+01,1.56052e-01,2.99595e+01,1.70832e-01,3.84374e-01,8.37518e-01,4.37966e+00,1.42572e+00,1.10842e+01,1.30242e-01,1.54787e+02,1.60782e+00,5.58130e-01,3.93627e-01,5.07299e+00,1.47161e+00,2.09922e-01,3.48178e-01,2.91861e+00
4.69574e-01,8.61881e+01,1.55560e-01,2.91322e+01,1.70255e-01,3.83652e-01,8.36503e-01,4.34233e+00,1.42246e+00,1.09571e+01,1.30044e-01,1.51533e+02,1.59178e+00,5.56747e-01,3.92955e-01,4.97455e+00,1.46918e+00,2.09206e-01,3.47441e-01,2.93732e+00
4.68013e-01,8.41811e+01,1.55072e-01,2.83479e+01,1.69691e-01,3.82925e-01,8.35488e-01,4.30700e+00,1.41920e+00,1.08354e+01,1.29841e-01,1.48339e+02,1.57731e+00,5.55387e-01,3.92280e-01,4.87996e+00,1.46672e+00,2.08495e-01,3.46720e-01,2.95853e+00
4.66529e-01,8.23003e+01,1.54586e-01,2.76151e+01,1.69131e-01,3.82191e-01,8.34455e-01,4.27366e+00,1.41589e+00,1.07184e+01,1.29634e-01,1.45182e+02,1.56424e+00,5.54034e-01,3.91605e-01,4.78909e+00,1.46427e+00,2.07788e-01,3.45997e-01,2.98121e+00
4.65128e-01,8.04805e+01,1.54115e-01,2.69336e+01,1.68576e-01,3.81453e-01,8.33416e-01,4.24230e+00,1.41255e+00,1.06064e+01,1.29419e-01,1.42021e+02,1.55239e+00,5.52695e-01,3.90929e-01,4.70193e+00,1.46185e+00,2.07079e-01,3.45276e-01,3.00440e+00
4.63790e-01,7.86708e+01,1.53643e-01,2.62955e+01,1.68028e-01,3.80708e-01,8.32360e-01,4.21260e+00,1.40919e+00,1.04989e+01,1.29204e-01,1.38837e+02,1.54161e+00,5.51358e-01,3.90247e-01,4.61820e+00,1.45939e+00,2.06377e-01,3.44549e-01,3.02681e+00
4.62489e-01,7.68661e+01,1.53167e-01,2.56948e+01,1.67477e-01,3.79960e-01,8.31288e-01,4.18467e+00,1.40584e+00,1.03957e+01,1.28991e-01,1.35670e+02,1.53173e+00,5.50039e-01,3.89555e-01,4.53778e+00,1.45693e+00,2.05687e-01,3.43813e-01,3.04738e+00
4.61245e-01,7.50945e+01,1.52689e-01,2.51214e+01,1.66919e-01,3.79213e-01,8.30210e-01,4.15858e+00,1.40246e+00,1.02967e+01,1.28782e-01,1.32601e+02,1.52271e+00,5.48729e-01,3.88857e-01,4.46064e+00,1.45447e+00,2.04998e-01,3.43101e-01,3.06534e+00
4.60049e-01,7.33606e+01,1.52206e-01,2.45699e+01,1.66355e-01,3.78468e-01,8.29132e-01,4.13403e+00,1.39906e+00,1.02017e+01,1.28571e-01,1.29695e+02,1.51439e+00,5.47428e-01,3.88155e-01,4.38664e+00,1.45203e+00,2.04302e-01,3.42361e-01,3.08021e+00
4.58889e-01,7.16443e+01,1.51730e-01,2.40380e+01,1.65809e-01,3.77726e-01,8.28026e-01,4.11083e+00,1.39564e+00,1.01103e+01,1.28353e-01,1.26936e+02,1.50671e+00,5.46133e-01,3.87450e-01,4.31554e+00,1.44960e+00,2.03615e-01,3.41623e-01,3.09191e+00
4.57779e-01,6.99413e+01,1.51254e-01,2.35234e+01,1.65262e-01,3.76983e-01,8.26933e-01,4.08929e+00,1.39221e+00,1.00226e+01,1.28141e-01,1.24272e+02,1.49961e+00,5.44836e-01,3.86739e-01,4.24720e+00,1.44717e+00,2.02933e-01,3.40898e-01,3.10089e+00
4.56673e-01,6.82773e+01,1.50771e-01,2.30255e+01,1.64712e-01,3.76235e-01,8.25811e-01,4.06898e+00,1.38876e+00,9.93821e+00,1.27935e-01,1.21637e+02,1.49303e+00,5.43534e-01,3.86028e-01,4.18148e+00,1.44474e+00,2.02240e-01,3.40144e-01,3.10799e+00
4.55574e-01,6.66863e+01,1.50284e-01,2.25458e+01,1.64174e-01,3.75472e-01,8.24681e-01,4.04989e+00,1.38529e+00,9.85687e+00,1.27721e-01,1.19002e+02,1.48685e+00,5.42248e-01,3.85313e-01,4.11850e+00,1.44229e+00,2.01557e-01,3.39405e-01,3.11453e+00
4.54512e-01,6.51879e+01,1.49806e-01,2.20827e+01,1.63643e-01,3.74704e-01,8.23542e-01,4.03214e+00,1.38180e+00,9.77878e+00,1.27495e-01,1.16384e+02,1.48107e+00,5.40963e-01,3.84592e-01,4.05811e+00,1.43985e+00,2.00875e-01,3.38663e-01,3.12203e+00
4.53448e-01,6.37729e+01,1.49346e-01,2.16349e+01,1.63110e-01,3.73944e-01,8.22382e-01,4.01553e+00,1.37830e+00,9.70366e+00,1.27274e-01,1.13822e+02,1.47563e+00,5.39683e-01,3.83872e-01,4.00012e+00,1.43743e+00,2.00194e-01,3.37920e-01,3.13219e+00
4.52380e-01,6.24136e+01,1.48884e-01,2.12006e+01,1.62575e-01,3.73185e-01,8.21212e-01,3.99994e+00,1.37479e+00,9.63110e+00,1.27056e-01,1.11348e+02,1.47052e+00,5.38386e-01,3.83144e-01,3.94441e+00,1.43499e+00,1.99517e-01,3.37182e-01,3.14678e+00
4.51339e-01,6.10821e+01,1.48418e-01,2.07810e+01,1.62039e-01,3.72415e-01,8.20023e-01,3.98521e+00,1.37127e+00,9.56129e+00,1.26838e-01,1.08975e+02,1.46564e+00,5.37101e-01,3.82404e-01,3.89098e+00,1.43256e+00,1.98851e-01,3.36446e-01,3.16756e+00
4.50287e-01,5.97615e+01,1.47954e-01,2.03759e+01,1.61503e-01,3.71641e-01,8.18832e-01,3.97171e+00,1.36775e+00,9.49408e+00,1.26619e-01,1.06708e+02,1.46101e+00,5.35803e-01,3.81654e-01,3.83997e+00,1.43013e+00,1.98187e-01,3.35712e-01,3.19602e+00
4.49255e-01,5.84540e+01,1.47485e-01,1.99843e+01,1.60964e-01,3.70871e-01,8.17637e-01,3.95920e+00,1.36422e+00,9.42900e+00,1.26398e-01,1.04552e+02,1.45659e+00,5.34508e-01,3.80910e-01,3.79099e+00,1.42773e+00,1.97518e-01,3.34959e-01,3.23334e+00
4.48213e-01,5.71736e+01,1.47022e-01,1.96073e+01,1.60440e-01,3.70105e-01,8.16420e-01,3.94737e+00,1.36069e+00,9.36651e+00,1.26172e-01,1.02497e+02,1.45234e+00,5.33219e-01,3.80159e-01,3.74401e+00,1.42535e+00,1.96860e-01,3.34204e-01,3.28008e+00
4.47176e-01,5.59239e+01,1.46569e-01,1.92448e+01,1.59922e-01,3.69343e-01,8.15204e-01,3.93618e+00,1.35716e+00,9.30627e+00,1.25943e-01,1.00528e+02,1.44821e+00,5.31926e-01,3.79415e-01,3.69912e+00,1.42300e+00,1.96206e-01,3.33458e-01,3.33612e+00
4.46140e-01,5.47008e+01,1.46101e-01,1.88951e+01,1.59401e-01,3.68578e-01,8.13978e-01,3.92588e+00,1.35360e+00,9.24796e+00,1.25721e-01,9.86112e+01,1.44422e+00,5.30617e-01,3.78662e-01,3.65629e+00,1.42066e+00,1.95545e-01,3.32694e-01,3.40070e+00
4.45087e-01,5.35018e+01,1.45631e-01,1.85567e+01,1.58879e-01,3.67801e-01,8.12743e-01,3.91619e+00,1.35003e+00,9.19180e+00,1.25498e-01,9.67252e+01,1.44035e+00,5.29311e-01,3.77906e-01,3.61522e+00,1.41832e+00,1.94886e-01,3.31929e-01,3.47232e+00
4.44048e-01,5.23330e+01,1.45157e-01,1.82291e+01,1.58370e-01,3.67019e-01,8.11499e-01,3.90700e+00,1.34646e+00,9.13761e+00,1.25268e-01,9.48361e+01,1.43657e+00,5.28013e-01,3.77157e-01,3.57602e+00,1.41603e+00,1.94226e-01,3.31173e-01,3.54870e+00
4.42999e-01,5.11959e+01,1.44701e-01,1.79123e+01,1.57859e-01,3.66240e-01,8.10240e-01,3.89852e+00,1.34290e+00,9.08531e+00,1.25035e-01,9.29406e+01,1.43281e+00,5.26700e-01,3.76407e-01,3.53868e+00,1.41378e+00,1.93570e-01,3.30432e-01,3.62727e+00
4.41944e-01,5.00873e+01,1.44250e-01,1.76049e+01,1.57354e-01,3.65462e-01,8.08968e-01,3.89042e+00,1.33932e+00,9.03471e+00,1.24801e-01,9.10482e+01,1.42917e+00,5.25386e-01,3.75653e-01,3.50298e+00,1.41154e+00,1.92920e-01,3.29675e-01,3.70514e+00
4.40914e-01,4.90074e+01,1.43801e-01,1.73077e+01,1.56840e-01,3.64684e-01,8.07687e-01,3.88290e+00,1.33575e+00,8.98608e+00,1.24570e-01,8.91934e+01,1.42559e+00,5.24080e-01,3.74890e-01,3.46904e+00,1.40937e+00,1.92281e-01,3.28926e-01,3.77958e+00
4.39846e-01,4.79595e+01,1.43349e-01,1.70214e+01,1.56328e-01,3.63901e-01,8.06380e-01,3.87565e+00,1.33219e+00,8.93889e+00,1.24341e-01,8.74069e+01,1.42210e+00,5.22770e-01,3.74122e-01,3.43682e+00,1.40721e+00,1.91643e-01,3.28193e-01,3.84796e+00
4.38792e-01,4.69406e+01,1.42894e-01,1.67458e+01,1.55813e-01,3.63118e-01,8.05092e-01,3.86877e+00,1.32863e+00,8.89342e+00,1.24107e-01,8.57019e+01,1.41867e+00,5.21468e-01,3.73351e-01,3.40602e+00,1.40511e+00,1.91001e-01,3.27439e-01,3.90816e+00
4.37737e-01,4.59414e+01,1.42444e-01,1.64807e+01,1.55306e-01,3.62344e-01,8.03779e-01,3.86232e+00,1.32507e+00,8.84966e+00,1.23867e-01,8.40651e+01,1.41526e+00,5.20151e-01,3.72580e-01,3.37690e+00,1.40306e+00,1.90370e-01,3.26691e-01,3.95860e+00
4.36690e-01,4.49513e+01,1.42003e-01,1.62257e+01,1.54805e-01,3.61563e-01,8.02484e-01,3.85618e+00,1.32150e+00,8.80728e+00,1.23635e-01,8.24790e+01,1.41191e+00,5.18840e-01,3.71807e-01,3.34942e+00,1.40105e+00,1.89744e-01,3.25949e-01,3.99814e+00
4.35635e-01,4.39678e+01,1.41551e-01,1.59807e+01,1.54305e-01,3.60787e-01,8.01152e-01,3.85017e+00,1.31795e+00,8.76640e+00,1.23411e-01,8.09238e+01,1.40859e+00,5.17515e-01,3.71039e-01,3.32330e+00,1.39906e+00,1.89113e-01,3.25186e-01,4.02623e+00
4.34577e-01,4.30027e+01,1.41091e-01,1.57452e+01,1.53818e-01,3.60005e-01,7.99830e-01,3.84442e+00,1.31438e+00,8.72698e+00,1.23180e-01,7.93906e+01,1.40532e+00,5.16196e-01,3.70266e-01,3.29863e+00,1.39709e+00,1.88484e-01,3.24442e-01,4.04279e+00
4.33514e-01,4.20709e+01,1.40642e-01,1.55185e+01,1.53334e-01,3.59231e-01,7.98510e-01,3.83880e+00,1.31082e+00,8.68888e+00,1.22939e-01,7.78792e+01,1.40209e+00,5.14893e-01,3.69494e-01,3.27553e+00,1.39512e+00,1.87864e-01,3.23703e-01,4.04814e+00
4.32459e-01,4.11838e+01,1.40208e-01,1.52999e+01,1.52843e-01,3.58456e-01,7.97151e-01,3.83346e+00,1.30725e+00,8.65217e+00,1.23213e-01,7.63903e+01,1.39886e+00,5.13570e-01,3.68728e-01,3.25383e+00,1.39315e+00,1.87239e-01,3.22961e-01,4.04281e+00
4.31400e-01,4.03371e+01,1.39776e-01,1.50886e+01,1.52355e-01,3.57693e-01,7.95787e-01,3.82808e+00,1.30370e+00,8.61665e+00,1.23807e-01,7.49226e+01,1.39565e+00,5.12244e-01,3.67955e-01,3.23353e+00,1.39116e+00,1.86612e-01,3.22210e-01,4.02788e+00
4.30357e-01,3.95211e+01,1.39348e-01,1.48843e+01,1.51861e-01,3.56932e-01,7.94419e-01,3.82299e+00,1.30015e+00,8.58262e+00,1.24435e-01,7.34767e+01,1.39247e+00,5.10932e-01,3.67179e-01,3.21473e+00,1.38915e+00,1.85995e-01,3.22293e-01,4.00413e+00
4.29301e-01,3.87279e+01,1.38916e-01,1.46865e+01,1.51366e-01,3.56170e-01,7.93023e-01,3.81799e+00,1.29853e+00,8.54978e+00,1.24775e-01,7.20592e+01,1.38931e+00,5.09616e-01,3.66399e-01,3.19770e+00,1.38885e+00,1.85384e-01,3.23974e-01,3.97265e+00
4.28246e-01,3.79526e+01,1.38480e-01,1.44944e+01,1.50874e-01,3.55415e-01,7.91645e-01,3.81468e+00,1.29729e+00,8.51835e+00,1.24973e-01,7.06810e+01,1.38619e+00,5.08294e-01,3.65615e-01,3.18257e+00,1.38872e+00,1.85040e-01,3.26641e-01,3.93457e+00
4.27195e-01,3.71948e+01,1.38047e-01,1.43083e+01,1.50838e-01,3.54685e-01,7.90297e-01,3.81274e+00,1.29639e+00,8.48803e+00,1.25071e-01,6.93517e+01,1.38307e+00,5.06979e-01,3.64834e-01,3.16956e+00,1.38845e+00,1.85131e-01,3.32885e-01,3.89090e+00
4.26148e-01,3.64558e+01,1.37622e-01,1.41277e+01,1.50969e-01,3.53962e-01,7.89100e-01,3.81005e+00,1.29606e+00,8.45866e+00,1.25079e-01,6.80761e+01,1.37991e+00,5.05656e-01,3.64057e-01,3.15931e+00,1.38775e+00,1.84871e-01,3.39711e-01,3.84269e+00
4.25090e-01,3.57338e+01,1.37250e-01,1.39532e+01,1.51079e-01,3.56392e-01,7.88617e-01,3.80705e+00,1.29588e+00,8.43016e+00,1.26143e-01,6.68512e+01,1.37678e+00,5.04344e-01,3.63709e-01,3.15220e+00,1.39113e+00,1.84901e-01,3.48337e-01,3.79080e+00
4.24028e-01,3.50266e+01,1.37169e-01,1.37925e+01,1.51257e-01,3.58399e-01,7.88346e-01,3.80383e+00,1.29584e+00,8.40261e+00,1.28458e-01,6.56690e+01,1.37381e+00,5.03059e-01,3.63300e-01,3.14838e+00,1.39429e+00,1.88473e-01,3.57073e-01,3.73689e+00
4.24985e-01,3.43653e+01,1.38167e-01,1.36386e+01,1.51337e-01,3.61003e-01,7.87755e-01,3.80152e+00,1.29861e+00,8.37601e+00,1.31197e-01,6.45206e+01,1.37096e+00,5.02297e-01,3.63016e-01,3.14778e+00,1.39482e+00,1.92830e-01,3.66654e-01,3.68116e+00
4.26703e-01,3.37636e+01,1.40108e-01,1.34802e+01,1.51427e-01,3.62563e-01,7.86665e-01,3.80085e+00,1.30856e+00,8.35011e+00,1.33172e-01,6.33997e+01,1.36821e+00,5.02321e-01,3.62896e-01,3.15004e+00,1.39291e+00,1.98286e-01,3.77562e-01,3.62565e+00
4.28593e-01,3.31006e+01,1.42647e-01,1.33233e+01,1.51479e-01,3.63427e-01,7.85461e-01,3.80068e+00,1.32974e+00,8.32507e+00,1.34651e-01,6.22993e+01,1.36536e+00,5.03397e-01,3.64039e-01,3.15544e+00,1.38986e+00,2.09876e-01,3.90826e-01,3.57033e+00
4.33232e-01,3.24116e+01,1.45509e-01,1.31710e+01,1.51444e-01,3.63853e-01,7.84515e-01,3.80034e+00,1.36267e+00,8.30076e+00,1.35716e-01,6.12190e+01,1.36241e+00,5.06174e-01,3.64959e-01,3.16361e+00,1.38685e+00,2.25036e-01,4.07680e-01,3.51422e+00
4.47522e-01,3.17554e+01,1.48839e-01,1.30232e+01,1.51288e-01,3.63963e-01,7.84065e-01,3.80017e+00,1.41153e+00,8.27743e+00,1.36318e-01,6.01625e+01,1.35948e+00,5.10976e-01,3.66328e-01,3.17431e+00,1.38406e+00,2.37716e-01,4.28941e-01,3.45745e+00
4.80459e-01,3.11224e+01,1.52325e-01,1.28789e+01,1.50973e-01,3.63810e-01,7.84162e-01,3.80030e+00,1.48174e+00,8.25508e+00,1.36547e-01,5.91292e+01,1.35655e+00,5.17845e-01,3.68521e-01,3.18740e+00,1.38158e+00,2.44213e-01,4.54723e-01,3.40064e+00
5.35707e-01,3.05082e+01,1.54990e-01,1.27380e+01,1.50532e-01,3.63390e-01,7.85125e-01,3.80055e+00,1.57397e+00,8.23375e+00,1.36526e-01,5.81212e+01,1.35377e+00,5.28023e-01,3.71313e-01,3.20183e+00,1.37944e+00,2.44450e-01,4.83512e-01,3.34473e+00
6.06115e-01,2.99116e+01,1.56022e-01,1.26017e+01,1.49977e-01,3.62667e-01,7.87230e-01,3.80079e+00,1.68243e+00,8.21294e+00,1.36402e-01,5.71354e+01,1.35116e+00,5.44309e-01,3.74582e-01,3.21621e+00,1.37747e+00,2.40644e-01,5.12460e-01,3.29029e+00
6.77111e-01,2.93319e+01,1.55224e-01,1.24722e+01,1.49384e-01,3.61683e-01,7.90735e-01,3.80096e+00,1.79618e+00,8.19291e+00,1.36235e-01,5.61722e+01,1.34880e+00,5.69059e-01,3.78330e-01,3.22911e+00,1.37555e+00,2.34886e-01,5.38426e-01,3.23768e+00
7.35817e-01,2.87662e+01,1.52929e-01,1.23517e+01,1.48842e-01,3.60514e-01,7.95244e-01,3.80118e+00,1.90110e+00,8.17377e+00,1.36087e-01,5.52312e+01,1.34676e+00,6.01114e-01,3.82625e-01,3.24045e+00,1.37351e+00,2.28291e-01,5.59292e-01,3.18701e+00
7.77817e-01,2.82121e+01,1.49760e-01,1.22440e+01,1.48477e-01,3.59271e-01,7.99941e-01,3.80177e+00,1.98479e+00,8.15517e+00,1.35977e-01,5.43123e+01,1.34497e+00,6.35055e-01,3.87540e-01,3.25153e+00,1.37123e+00,2.21405e-01,5.74364e-01,3.13835e+00
8.07129e-01,2.76657e+01,1.46307e-01,1.21554e+01,1.48391e-01,3.58023e-01,8.03706e-01,3.80312e+00,2.04232e+00,8.13748e+00,1.35958e-01,5.34164e+01,1.34341e+00,6.64131e-01,3.93078e-01,3.26486e+00,1.36869e+00,2.14619e-01,5.84343e-01,3.09178e+00
8.30461e-01,2.71229e+01,1.42985e-01,1.20957e+01,1.48648e-01,3.56829e-01,8.05784e-01,3.80544e+00,2.07782e+00,8.12047e+00,1.36034e-01,5.25442e+01,1.34206e+00,6.84168e-01,3.99229e-01,3.28187e+00,1.36586e+00,2.08240e-01,5.90669e-01,3.04707e+00
8.50679e-01,2.65821e+01,1.40047e-01,1.20807e+01,1.49300e-01,3.55722e-01,8.05736e-01,3.80858e+00,2.10003e+00,8.10421e+00,1.36226e-01,5.16999e+01,1.34090e+00,6.94778e-01,4.06128e-01,3.30337e+00,1.36260e+00,2.02506e-01,5.94951e-01,3.00454e+00
8.64898e-01,2.60438e+01,1.37596e-01,1.21291e+01,1.50313e-01,3.54730e-01,8.03652e-01,3.81214e+00,2.11805e+00,8.08850e+00,1.36529e-01,5.08898e+01,1.34006e+00,6.98238e-01,4.14044e-01,3.32898e+00,1.35894e+00,1.97562e-01,5.98532e-01,2.96425e+00
8.68067e-01,2.55115e+01,1.35651e-01,1.22660e+01,1.51569e-01,3.53909e-01,8.00037e-01,3.81607e+00,2.13836e+00,8.07332e+00,1.36964e-01,5.01173e+01,1.33951e+00,6.97581e-01,4.23282e-01,3.35726e+00,1.35482e+00,1.93475e-01,6.02152e-01,2.92637e+00
8.57674e-01,2.49911e+01,1.34122e-01,1.25181e+01,1.52930e-01,3.53246e-01,7.95515e-01,3.81999e+00,2.16394e+00,8.05886e+00,1.37498e-01,4.93822e+01,1.33935e+00,6.95280e-01,4.34121e-01,3.38630e+00,1.35026e+00,1.90185e-01,6.06087e-01,2.89113e+00
8.35146e-01,2.44896e+01,1.32969e-01,1.29146e+01,1.54214e-01,3.52787e-01,7.90704e-01,3.82379e+00,2.19435e+00,8.04511e+00,1.38090e-01,4.86777e+01,1.33963e+00,6.92795e-01,4.46686e-01,3.41435e+00,1.34533e+00,1.87620e-01,6.10159e-01,2.85855e+00
8.04277e-01,2.40115e+01,1.32073e-01,1.34852e+01,1.55271e-01,3.52523e-01,7.86072e-01,3.82751e+00,2.22648e+00,8.03242e+00,1.38714e-01,4.79922e+01,1.34046e+00,6.90635e-01,4.60923e-01,3.44038e+00,1.34015e+00,1.85654e-01,6.14043e-01,2.82887e+00
7.69047e-01,2.35597e+01,1.31406e-01,1.42514e+01,1.55984e-01,3.52480e-01,7.81878e-01,3.83133e+00,2.25537e+00,8.02108e+00,1.39313e-01,4.73118e+01,1.34192e+00,6.88616e-01,4.76700e-01,3.46433e+00,1.33487e+00,1.84173e-01,6.17466e-01,2.80219e+00
7.32756e-01,2.31339e+01,1.30885e-01,1.52069e+01,1.56248e-01,3.52691e-01,7.78300e-01,3.83550e+00,2.27609e+00,8.01192e+00,1.39817e-01,4.66302e+01,1.34401e+00,6.86096e-01,4.93776e-01,3.48689e+00,1.32965e+00,1.83060e-01,6.20281e-01,2.77850e+00
6.97631e-01,2.27330e+01,1.30472e-01,1.62961e+01,1.56004e-01,3.53160e-01,7.75393e-01,3.84002e+00,2.28471e+00,8.00594e+00,1.40180e-01,4.59429e+01,1.34675e+00,6.82376e-01,5.11848e-01,3.50952e+00,1.32457e+00,1.82210e-01,6.22338e-01,2.75785e+00
6.64880e-01,2.23535e+01,1.30118e-01,1.74139e+01,1.55254e-01,3.53938e-01,7.73058e-01,3.84472e+00,2.27948e+00,8.00428e+00,1.40372e-01,4.52509e+01,1.35006e+00,6.76853e-01,5.30433e-01,3.53344e+00,1.31966e+00,1.81533e-01,6.23654e-01,2.73980e+00
6.35128e-01,2.19924e+01,1.29807e-01,1.84396e+01,1.54032e-01,3.55088e-01,7.71311e-01,3.84973e+00,2.26046e+00,8.00887e+00,1.40371e-01,4.45565e+01,1.35389e+00,6.69142e-01,5.48885e-01,3.55955e+00,1.31493e+00,1.80961e-01,6.24028e-01,2.72450e+00
6.08500e-01,2.16466e+01,1.29528e-01,1.92784e+01,1.52432e-01,3.56661e-01,7.70058e-01,3.85495e+00,2.22930e+00,8.02147e+00,1.40181e-01,4.38618e+01,1.35822e+00,6.59222e-01,5.66313e-01,3.58833e+00,1.31037e+00,1.80463e-01,6.23576e-01,2.71121e+00
5.84907e-01,2.13140e+01,1.29243e-01,1.98881e+01,1.50569e-01,3.58693e-01,7.69256e-01,3.86019e+00,2.18853e+00,8.04414e+00,1.39838e-01,4.31721e+01,1.36291e+00,6.47401e-01,5.81781e-01,3.61988e+00,1.30602e+00,1.79950e-01,6.22106e-01,2.69990e+00
5.64113e-01,2.09927e+01,1.28972e-01,2.02735e+01,1.48580e-01,3.61097e-01,7.68867e-01,3.86527e+00,2.14094e+00,8.07903e+00,1.39395e-01,4.24914e+01,1.36787e+00,6.34211e-01,5.94433e-01,3.65430e+00,1.30181e+00,1.79429e-01,6.19668e-01,2.68977e+00
5.45809e-01,2.06815e+01,1.28712e-01,2.04681e+01,1.46565e-01,3.63798e-01,7.68825e-01,3.87027e+00,2.08914e+00,8.12730e+00,1.38929e-01,4.18221e+01,1.37292e+00,6.20251e-01,6.03700e-01,3.69173e+00,1.29773e+00,1.78867e-01,6.16322e-01,2.68051e+00
5.29709e-01,2.03801e+01,1.28427e-01,2.05135e+01,1.44616e-01,3.66613e-01,7.69142e-01,3.87485e+00,2.03540e+00,8.18907e+00,1.38490e-01,4.11654e+01,1.37788e+00,6.06144e-01,6.09378e-01,3.73234e+00,1.29379e+00,1.78261e-01,6.12203e-01,2.67135e+00
5.15543e-01,2.00880e+01,1.28122e-01,2.04461e+01,1.42812e-01,3.69371e-01,7.69822e-01,3.87903e+00,1.98151e+00,8.26314e+00,1.38131e-01,4.05237e+01,1.38249e+00,5.92415e-01,6.11618e-01,3.77644e+00,1.28996e+00,1.77617e-01,6.07615e-01,2.66188e+00
5.03077e-01,1.98052e+01,1.27820e-01,2.02913e+01,1.41180e-01,3.71893e-01,7.70906e-01,3.88278e+00,1.92881e+00,8.34694e+00,1.37883e-01,3.98964e+01,1.38646e+00,5.79480e-01,6.10849e-01,3.82415e+00,1.28622e+00,1.76912e-01,6.02797e-01,2.65176e+00
4.92114e-01,1.95316e+01,1.27518e-01,2.00651e+01,1.39732e-01,3.74024e-01,7.72465e-01,3.88592e+00,1.87814e+00,8.43648e+00,1.37742e-01,3.92851e+01,1.38952e+00,5.67627e-01,6.07685e-01,3.87532e+00,1.28259e+00,1.76180e-01,5.98122e-01,2.64068e+00
4.82461e-01,1.92667e+01,1.27213e-01,1.97777e+01,1.38469e-01,3.75685e-01,7.74513e-01,3.88861e+00,1.82996e+00,8.52675e+00,1.37702e-01,3.86883e+01,1.39134e+00,5.57023e-01,6.02831e-01,3.92938e+00,1.27902e+00,1.75432e-01,5.93858e-01,2.62874e+00
4.73999e-01,1.90105e+01,1.26911e-01,1.94338e+01,1.37364e-01,3.76822e-01,7.77058e-01,3.89087e+00,1.78452e+00,8.61283e+00,1.37740e-01,3.81068e+01,1.39178e+00,5.47768e-01,5.96936e-01,3.98550e+00,1.27549e+00,1.74662e-01,5.90263e-01,2.61622e+00
4.66600e-01,1.87630e+01,1.26592e-01,1.90410e+01,1.36414e-01,3.77463e-01,7.80140e-01,3.89231e+00,1.74197e+00,8.68977e+00,1.37824e-01,3.75428e+01,1.39062e+00,5.39870e-01,5.90519e-01,4.04246e+00,1.27201e+00,1.73888e-01,5.87470e-01,2.60327e+00
4.60159e-01,1.85241e+01,1.26276e-01,1.86058e+01,1.35603e-01,3.77699e-01,7.83732e-01,3.89307e+00,1.70217e+00,8.75373e+00,1.37916e-01,3.69941e+01,1.38782e+00,5.33274e-01,5.84007e-01,4.09869e+00,1.26860e+00,1.73125e-01,5.85541e-01,2.59077e+00
4.54567e-01,1.82935e+01,1.25965e-01,1.81378e+01,1.34898e-01,3.77707e-01,7.87825e-01,3.89330e+00,1.66506e+00,8.80228e+00,1.37963e-01,3.64641e+01,1.38340e+00,5.27891e-01,5.77628e-01,4.15268e+00,1.26528e+00,1.72378e-01,5.84378e-01,2.57940e+00
4.49729e-01,1.80707e+01,1.25651e-01,1.76459e+01,1.34266e-01,3.77680e-01,7.92341e-01,3.89288e+00,1.63053e+00,8.83400e+00,1.37927e-01,3.59501e+01,1.37750e+00,5.23589e-01,5.71444e-01,4.20272e+00,1.26199e+00,1.71673e-01,5.83888e-01,2.56976e+00
4.45524e-01,1.78554e+01,1.25323e-01,1.71414e+01,1.33713e-01,3.77784e-01,7.97189e-01,3.89178e+00,1.59849e+00,8.84883e+00,1.37794e-01,3.54534e+01,1.37033e+00,5.20196e-01,5.65421e-01,4.24730e+00,1.25883e+00,1.70996e-01,5.83752e-01,2.56259e+00
4.41897e-01,1.76469e+01,1.24989e-01,1.66330e+01,1.33215e-01,3.78247e-01,8.02303e-01,3.89025e+00,1.56887e+00,8.84775e+00,1.37546e-01,3.49737e+01,1.36215e+00,5.17542e-01,5.59438e-01,4.28525e+00,1.25584e+00,1.70356e-01,5.83696e-01,2.55841e+00
4.38758e-01,1.74442e+01,1.24658e-01,1.61294e+01,1.32761e-01,3.79242e-01,8.07578e-01,3.88854e+00,1.54158e+00,8.83260e+00,1.37181e-01,3.45096e+01,1.35323e+00,5.15441e-01,5.53307e-01,4.31555e+00,1.25314e+00,1.69750e-01,5.83390e-01,2.55737e+00
4.36044e-01,1.72471e+01,1.24327e-01,1.56377e+01,1.32346e-01,3.80940e-01,8.12950e-01,3.88676e+00,1.51654e+00,8.80545e+00,1.36703e-01,3.40620e+01,1.34389e+00,5.13728e-01,5.46861e-01,4.33757e+00,1.25082e+00,1.69182e-01,5.82533e-01,2.55930e+00
4.33666e-01,1.70544e+01,1.24001e-01,1.51626e+01,1.31941e-01,3.83408e-01,8.18331e-01,3.88515e+00,1.49366e+00,8.76900e+00,1.36146e-01,3.36271e+01,1.33439e+00,5.12253e-01,5.39968e-01,4.35127e+00,1.24901e+00,1.68629e-01,5.80914e-01,2.56328e+00
4.31593e-01,1.68659e+01,1.23675e-01,1.47086e+01,1.31554e-01,3.86762e-01,8.23685e-01,3.88393e+00,1.47294e+00,8.72564e+00,1.35529e-01,3.32053e+01,1.32494e+00,5.10877e-01,5.32535e-01,4.35646e+00,1.24791e+00,1.68100e-01,5.78300e-01,2.56863e+00
4.29758e-01,1.66814e+01,1.23350e-01,1.42786e+01,1.31181e-01,3.91052e-01,8.28987e-01,3.88338e+00,1.45424e+00,8.67712e+00,1.34886e-01,3.27973e+01,1.31575e+00,5.09502e-01,5.24507e-01,4.35355e+00,1.24780e+00,1.67580e-01,5.74644e-01,2.57418e+00
4.28111e-01,1.65009e+01,1.23020e-01,1.38780e+01,1.30810e-01,3.97119e-01,8.34825e-01,3.88374e+00,1.43757e+00,8.62687e+00,1.34251e-01,3.24035e+01,1.30694e+00,5.08059e-01,5.15918e-01,4.34318e+00,1.24902e+00,1.67075e-01,5.70057e-01,2.57911e+00
4.26641e-01,1.63246e+01,1.22684e-01,1.35088e+01,1.30440e-01,4.06352e-01,8.40347e-01,3.88694e+00,1.42280e+00,8.57617e+00,1.33832e-01,3.20243e+01,1.29859e+00,5.06499e-01,5.06906e-01,4.32590e+00,1.25185e+00,1.66581e-01,5.64636e-01,2.58281e+00
4.25306e-01,1.61530e+01,1.22353e-01,1.31855e+01,1.30063e-01,4.20617e-01,8.46421e-01,3.89713e+00,1.40984e+00,8.52687e+00,1.33650e-01,3.16616e+01,1.29073e+00,5.04820e-01,4.97668e-01,4.30255e+00,1.25709e+00,1.66099e-01,5.58654e-01,2.58499e+00
4.24069e-01,1.59864e+01,1.22017e-01,1.28814e+01,1.29690e-01,4.35845e-01,8.52587e-01,3.91560e+00,1.39858e+00,8.47962e+00,1.33772e-01,3.13161e+01,1.28341e+00,5.03027e-01,4.88312e-01,4.27388e+00,1.26450e+00,1.65628e-01,5.52318e-01,2.58568e+00
4.22921e-01,1.58245e+01,1.21679e-01,1.25996e+01,1.29329e-01,4.52478e-01,8.59058e-01,3.94346e+00,1.38886e+00,8.43439e+00,1.34069e-01,3.09886e+01,1.27661e+00,5.01129e-01,4.78950e-01,4.24072e+00,1.27433e+00,1.65161e-01,5.46026e-01,2.58498e+00
4.21833e-01,1.56680e+01,1.21339e-01,1.23551e+01,1.28974e-01,4.78371e-01,8.66750e-01,3.97894e+00,1.38058e+00,8.39154e+00,1.34434e-01,3.06794e+01,1.27026e+00,4.99164e-01,4.69696e-01,4.20375e+00,1.28653e+00,1.64701e-01,5.40090e-01,2.58322e+00
4.20819e-01,1.55174e+01,1.21006e-01,1.21612e+01,1.28624e-01,5.46747e-01,8.77138e-01,4.02197e+00,1.37361e+00,8.35159e+00,1.34897e-01,3.03856e+01,1.26435e+00,4.97150e-01,4.60554e-01,4.16360e+00,1.30102e+00,1.64253e-01,5.34548e-01,2.58058e+00
4.19847e-01,1.53731e+01,1.20670e-01,1.20352e+01,1.28279e-01,7.46875e-01,8.92283e-01,4.07120e+00,1.36777e+00,8.31415e+00,1.35533e-01,3.01056e+01,1.25880e+00,4.95142e-01,4.51618e-01,4.12113e+00,1.31748e+00,1.63806e-01,5.29035e-01,2.57743e+00
4.18892e-01,1.52368e+01,1.20336e-01,1.19813e+01,1.27946e-01,1.08717e+00,9.14674e-01,4.12290e+00,1.36291e+00,8.27928e+00,1.36437e-01,2.98368e+01,1.25353e+00,4.93166e-01,4.43070e-01,4.07661e+00,1.33556e+00,1.63355e-01,5.23051e-01,2.57377e+00
4.17991e-01,1.51094e+01,1.20004e-01,1.19651e+01,1.27635e-01,1.46025e+00,9.45683e-01,4.17419e+00,1.35898e+00,8.24680e+00,1.37639e-01,2.95762e+01,1.24851e+00,4.91237e-01,4.35110e-01,4.03062e+00,1.35501e+00,1.62902e-01,5.16326e-01,2.56969e+00
4.17107e-01,1.49931e+01,1.19666e-01,1.19430e+01,1.27334e-01,1.86308e+00,9.84026e-01,4.22474e+00,1.35570e+00,8.21631e+00,1.39090e-01,2.93216e+01,1.24371e+00,4.89397e-01,4.27898e-01,3.98373e+00,1.37572e+00,1.62438e-01,5.08766e-01,2.56532e+00
4.16238e-01,1.48909e+01,1.19331e-01,1.19051e+01,1.27046e-01,2.07733e+00,1.02459e+00,4.27658e+00,1.35303e+00,8.18803e+00,1.40661e-01,2.90705e+01,1.23901e+00,4.87640e-01,4.21545e-01,3.93607e+00,1.39774e+00,1.61973e-01,5.00497e-01,2.56053e+00
4.15409e-01,1.48066e+01,1.18998e-01,1.18852e+01,1.26744e-01,2.01956e+00,1.06070e+00,4.33222e+00,1.35086e+00,8.16121e+00,1.42245e-01,2.88216e+01,1.23440e+00,4.85996e-01,4.16128e-01,3.88813e+00,1.42132e+00,1.61510e-01,4.91869e-01,2.55519e+00
4.14579e-01,1.47456e+01,1.18664e-01,1.19415e+01,1.26441e-01,1.83246e+00,1.08720e+00,4.39309e+00,1.34900e+00,8.13549e+00,1.43751e-01,2.85741e+01,1.22988e+00,4.84458e-01,4.11764e-01,3.84012e+00,1.44673e+00,1.61047e-01,4.83241e-01,2.54931e+00
4.13730e-01,1.47142e+01,1.18323e-01,1.21247e+01,1.26126e-01,1.63588e+00,1.10231e+00,4.45899e+00,1.34741e+00,8.11073e+00,1.45139e-01,2.83274e+01,1.22537e+00,4.83014e-01,4.08624e-01,3.79232e+00,1.47405e+00,1.60584e-01,4.74885e-01,2.54262e+00
4.12895e-01,1.47206e+01,1.17988e-01,1.24452e+01,1.25784e-01,1.48580e+00,1.10772e+00,4.52735e+00,1.34596e+00,8.08673e+00,1.46394e-01,2.80822e+01,1.22090e+00,4.81664e-01,4.06990e-01,3.74485e+00,1.50316e+00,1.60113e-01,4.67005e-01,2.53530e+00
4.12074e-01,1.47746e+01,1.17660e-01,1.28637e+01,1.25427e-01,1.40708e+00,1.10685e+00,4.59398e+00,1.34452e+00,8.06321e+00,1.47518e-01,2.78388e+01,1.21643e+00,4.80402e-01,4.07364e-01,3.69797e+00,1.53353e+00,1.59649e-01,4.59681e-01,2.52716e+00
4.11255e-01,1.48860e+01,1.17331e-01,1.33097e+01,1.25049e-01,1.40758e+00,1.10328e+00,4.65344e+00,1.34304e+00,8.04001e+00,1.48555e-01,2.75974e+01,1.21198e+00,4.79219e-01,4.10476e-01,3.65182e+00,1.56426e+00,1.59187e-01,4.52847e-01,2.51837e+00
4.10429e-01,1.50657e+01,1.17001e-01,1.37170e+01,1.24646e-01,1.47377e+00,1.09957e+00,4.70039e+00,1.34144e+00,8.01715e+00,1.49488e-01,2.73588e+01,1.20754e+00,4.78100e-01,4.17314e-01,3.60669e+00,1.59404e+00,1.58724e-01,4.46532e-01,2.50897e+00
4.09599e-01,1.53234e+01,1.16671e-01,1.40451e+01,1.24234e-01,1.56928e+00,1.09720e+00,4.73090e+00,1.33969e+00,7.99472e+00,1.50353e-01,2.71232e+01,1.20315e+00,4.77040e-01,4.28812e-01,3.56258e+00,1.62153e+00,1.58263e-01,4.40728e-01,2.49915e+00
4.08783e-01,1.56642e+01,1.16345e-01,1.42845e+01,1.23812e-01,1.65190e+00,1.09638e+00,4.74309e+00,1.33773e+00,7.97297e+00,1.51170e-01,2.68911e+01,1.19881e+00,4.76035e-01,4.45540e-01,3.51959e+00,1.64533e+00,1.57798e-01,4.35349e-01,2.48906e+00
4.07951e-01,1.60875e+01,1.16023e-01,1.44471e+01,1.23393e-01,1.69388e+00,1.09662e+00,4.73781e+00,1.33557e+00,7.95220e+00,1.51932e-01,2.66629e+01,1.19450e+00,4.75073e-01,4.67360e-01,3.47801e+00,1.66424e+00,1.57325e-01,4.30487e-01,2.47898e+00
4.07129e-01,1.65846e+01,1.15721e-01,1.45569e+01,1.22971e-01,1.68799e+00,1.09745e+00,4.71800e+00,1.33318e+00,7.93290e+00,1.52640e-01,2.64390e+01,1.19027e+00,4.74138e-01,4.93273e-01,3.43783e+00,1.67742e+00,1.56859e-01,4.26052e-01,2.46905e+00
4.06301e-01,1.71380e+01,1.15441e-01,1.46376e+01,1.22565e-01,1.64115e+00,1.09886e+00,4.68801e+00,1.33059e+00,7.91559e+00,1.53270e-01,2.62198e+01,1.18613e+00,4.73233e-01,5.21549e-01,3.39911e+00,1.68449e+00,1.56393e-01,4.21995e-01,2.45944e+00
4.05473e-01,1.77225e+01,1.15168e-01,1.47084e+01,1.22171e-01,1.56572e+00,1.10173e+00,4.65264e+00,1.32783e+00,7.90077e+00,1.53799e-01,2.60053e+01,1.18207e+00,4.72337e-01,5.50058e-01,3.36203e+00,1.68546e+00,1.55925e-01,4.18220e-01,2.45028e+00
4.04628e-01,1.83087e+01,1.14919e-01,1.47788e+01,1.21779e-01,1.47377e+00,1.10812e+00,4.61619e+00,1.32493e+00,7.88925e+00,1.54186e-01,2.57965e+01,1.17812e+00,4.71453e-01,5.76704e-01,3.32663e+00,1.68068e+00,1.55461e-01,4.14665e-01,2.44169e+00
4.03791e-01,1.88676e+01,1.14677e-01,1.48480e+01,1.21412e-01,1.37494e+00,1.12107e+00,4.58214e+00,1.32190e+00,7.88181e+00,1.54441e-01,2.55929e+01,1.17427e+00,4.70563e-01,5.99794e-01,3.29295e+00,1.67070e+00,1.55003e-01,4.11318e-01,2.43370e+00
4.02949e-01,1.93745e+01,1.14420e-01,1.49080e+01,1.21049e-01,1.27599e+00,1.14403e+00,4.55209e+00,1.31880e+00,7.87888e+00,1.54585e-01,2.53945e+01,1.17053e+00,4.69667e-01,6.18302e-01,3.26097e+00,1.65631e+00,1.54543e-01,4.08085e-01,2.42622e+00
4.02101e-01,1.98095e+01,1.14156e-01,1.49475e+01,1.20687e-01,1.18135e+00,1.17987e+00,4.52693e+00,1.31565e+00,7.88108e+00,1.54631e-01,2.52020e+01,1.16688e+00,4.68783e-01,6.31778e-01,3.23088e+00,1.63818e+00,1.54082e-01,4.05034e-01,2.41926e+00
4.01241e-01,2.01618e+01,1.13882e-01,1.49559e+01,1.20329e-01,1.09377e+00,1.22897e+00,4.50610e+00,1.31245e+00,7.88903e+00,1.54584e-01,2.50154e+01,1.16336e+00,4.67874e-01,6.40437e-01,3.20256e+00,1.61713e+00,1.53618e-01,4.02224e-01,2.41274e+00
4.00385e-01,2.04278e+01,1.13587e-01,1.49263e+01,1.19976e-01,1.01483e+00,1.28777e+00,4.48857e+00,1.30925e+00,7.90293e+00,1.54500e-01,2.48357e+01,1.15995e+00,4.66969e-01,6.44907e-01,3.17593e+00,1.59394e+00,1.53156e-01,3.99745e-01,2.40668e+00
3.99513e-01,2.06127e+01,1.20068e-01,1.48578e+01,1.35691e-01,9.45491e-01,1.34876e+00,4.47264e+00,1.31422e+00,7.92725e+00,1.54394e-01,2.46641e+01,1.15660e+00,4.66073e-01,6.46183e-01,3.15121e+00,1.56995e+00,1.65823e-01,3.97669e-01,2.40076e+00
4.05719e-01,2.07343e+01,1.33515e-01,1.47785e+01,2.58184e-01,8.86192e-01,1.40842e+00,4.46799e+00,1.33133e+00,7.96048e+00,1.54315e-01,2.45023e+01,1.15973e+00,4.76254e-01,6.45340e-01,3.13209e+00,1.56066e+00,1.78928e-01,4.10754e-01,2.40244e+00
4.17274e-01,2.07962e+01,1.52697e-01,1.47744e+01,5.79916e-01,8.37348e-01,1.46636e+00,4.47390e+00,1.35364e+00,8.00577e+00,1.54263e-01,2.43521e+01,1.16564e+00,4.89798e-01,6.43479e-01,3.12209e+00,1.55922e+00,1.95082e-01,4.33778e-01,2.41837e+00
4.26057e-01,2.08202e+01,1.71487e-01,1.47648e+01,1.21822e+00,7.99162e-01,1.52764e+00,4.47533e+00,1.37689e+00,8.05964e+00,1.54226e-01,2.42157e+01,1.17556e+00,5.03349e-01,6.41485e-01,3.13046e+00,1.55848e+00,2.20020e-01,4.62577e-01,2.44902e+00
4.35469e-01,2.08174e+01,1.89680e-01,1.46278e+01,2.06255e+00,7.71786e-01,1.56317e+00,4.47367e+00,1.40024e+00,8.11739e+00,1.54189e-01,2.40928e+01,1.18993e+00,5.18186e-01,6.39907e-01,3.19881e+00,1.55061e+00,2.47441e-01,4.95155e-01,2.49889e+00
4.53439e-01,2.07836e+01,2.08797e-01,1.45306e+01,2.58367e+00,7.54732e-01,1.58845e+00,4.47246e+00,1.42517e+00,8.17949e+00,1.54127e-01,2.39896e+01,1.19935e+00,5.33447e-01,6.38973e-01,3.32627e+00,1.53818e+00,2.70904e-01,5.35707e-01,2.53345e+00
4.83062e-01,2.07203e+01,2.27650e-01,1.45031e+01,2.86115e+00,7.47061e-01,1.61039e+00,4.47147e+00,1.45495e+00,8.24455e+00,1.54012e-01,2.39097e+01,1.20169e+00,5.48168e-01,6.38514e-01,3.46175e+00,1.52430e+00,2.89097e-01,5.79117e-01,2.54140e+00
5.24845e-01,2.06272e+01,2.40707e-01,1.45364e+01,3.18562e+00,7.47253e-01,1.61989e+00,4.47208e+00,1.49243e+00,8.31035e+00,1.53800e-01,2.38580e+01,1.20205e+00,5.62875e-01,6.38187e-01,3.54003e+00,1.51004e+00,3.03376e-01,6.21428e-01,2.53524e+00
5.76554e-01,2.04981e+01,2.43728e-01,1.46631e+01,3.46409e+00,7.53274e-01,1.60965e+00,4.47584e+00,1.53871e+00,8.37441e+00,1.53460e-01,2.38387e+01,1.20533e+00,5.80378e-01,6.37465e-01,3.52895e+00,1.49607e+00,3.14694e-01,6.63733e-01,2.52737e+00
6.33079e-01,2.03304e+01,2.37169e-01,1.48623e+01,3.48978e+00,7.62686e-01,1.57800e+00,4.48325e+00,1.59318e+00,8.43601e+00,1.52948e-01,2.38583e+01,1.21389e+00,6.02620e-01,6.35844e-01,3.46443e+00,1.48394e+00,3.21966e-01,7.06588e-01,2.52354e+00
6.89153e-01,2.01257e+01,2.24410e-01,1.50612e+01,3.28340e+00,7.73018e-01,1.53024e+00,4.49686e+00,1.65389e+00,8.49464e+00,1.52255e-01,2.39223e+01,1.22846e+00,6.28303e-01,6.32874e-01,3.40331e+00,1.47651e+00,3.23377e-01,7.47991e-01,2.52436e+00
7.42980e-01,1.98887e+01,2.09081e-01,1.52001e+01,2.95432e+00,7.82277e-01,1.47209e+00,4.51982e+00,1.71801e+00,8.55051e+00,1.51358e-01,2.40381e+01,1.24890e+00,6.54055e-01,6.28270e-01,3.38037e+00,1.47567e+00,3.18380e-01,7.85934e-01,2.52877e+00
7.95635e-01,1.96252e+01,1.93846e-01,1.52624e+01,2.58305e+00,7.89044e-01,1.40778e+00,4.55502e+00,1.78259e+00,8.60318e+00,1.50274e-01,2.42108e+01,1.27445e+00,6.76987e-01,6.21924e-01,3.39964e+00,1.48124e+00,3.08381e-01,8.20181e-01,2.53563e+00
8.46873e-01,1.93411e+01,1.80269e-01,1.52672e+01,2.21583e+00,7.92556e-01,1.34082e+00,4.60387e+00,1.84559e+00,8.65191e+00,1.48987e-01,2.44460e+01,1.30351e+00,6.96113e-01,6.13904e-01,3.44193e+00,1.49418e+00,2.96341e-01,8.51803e-01,2.54481e+00
8.92201e-01,1.90425e+01,1.69138e-01,1.52463e+01,1.87764e+00,7.92624e-01,1.27454e+00,4.66603e+00,1.90653e+00,8.69573e+00,1.47534e-01,2.47465e+01,1.33367e+00,7.12225e-01,6.04368e-01,3.48084e+00,1.51936e+00,2.86631e-01,8.81474e-01,2.55673e+00
9.24907e-01,1.87339e+01,1.60621e-01,1.52314e+01,1.58005e+00,7.89475e-01,1.21148e+00,4.73930e+00,1.96636e+00,8.73347e+00,1.45939e-01,2.51114e+01,1.36226e+00,7.26921e-01,5.93554e-01,3.49980e+00,1.56168e+00,2.87840e-01,9.08872e-01,2.57195e+00
9.40667e-01,1.84198e+01,1.54489e-01,1.52447e+01,1.32593e+00,7.83585e-01,1.15355e+00,4.81979e+00,2.02710e+00,8.76459e+00,1.44246e-01,2.55363e+01,1.38707e+00,7.41703e-01,5.81790e-01,3.49779e+00,1.61789e+00,3.24990e-01,9.33175e-01,2.59030e+00
9.39572e-01,1.81044e+01,1.50327e-01,1.52983e+01,1.11320e+00,7.75490e-01,1.10198e+00,4.90366e+00,2.09039e+00,8.78858e+00,1.42471e-01,2.60131e+01,1.40682e+00,7.57372e-01,5.69361e-01,3.48410e+00,1.67501e+00,4.58275e-01,9.54019e-01,2.61136e+00
9.25083e-01,1.77925e+01,1.47517e-01,1.53903e+01,9.37197e-01,7.65773e-01,1.05746e+00,4.98746e+00,2.15624e+00,8.80509e+00,1.40663e-01,2.65299e+01,1.42128e+00,7.73990e-01,5.56586e-01,3.46970e+00,1.71829e+00,7.21165e-01,9.71776e-01,2.63381e+00
9.01837e-01,1.74888e+01,1.45464e-01,1.55083e+01,7.92554e-01,7.54950e-01,1.01997e+00,5.06870e+00,2.22193e+00,8.81489e+00,1.38850e-01,2.70694e+01,1.43108e+00,7.90884e-01,5.43719e-01,3.46060e+00,1.73975e+00,1.00873e+00,9.87190e-01,2.65667e+00
8.73998e-01,1.71986e+01,1.43713e-01,1.56318e+01,6.74077e-01,7.43416e-01,9.89390e-01,5.14653e+00,2.28249e+00,8.81869e+00,1.37071e-01,2.76132e+01,1.43732e+00,8.06749e-01,5.30987e-01,3.45694e+00,1.73995e+00,1.19152e+00,1.00048e+00,2.67868e+00
8.54767e-01,1.69270e+01,1.41980e-01,1.57432e+01,5.77149e-01,7.31491e-01,9.65267e-01,5.22115e+00,2.33260e+00,8.81710e+00,1.35364e-01,2.81420e+01,1.44134e+00,8.19964e-01,5.18561e-01,3.45639e+00,1.72432e+00,1.24241e+00,1.01107e+00,2.69940e+00
8.47930e-01,1.66786e+01,1.40114e-01,1.58333e+01,4.97847e-01,7.19317e-01,9.47179e-01,5.29323e+00,2.37281e+00,8.81101e+00,1.33760e-01,2.86382e+01,1.44478e+00,8.28921e-01,5.06603e-01,3.45734e+00,1.69954e+00,1.20216e+00,1.01802e+00,2.72079e+00
8.38841e-01,1.64581e+01,1.42555e-01,1.59023e+01,4.45562e-01,7.06977e-01,9.34708e-01,5.36361e+00,2.41473e+00,8.80242e+00,1.32282e-01,2.90916e+01,1.44802e+00,8.33455e-01,4.95228e-01,3.46034e+00,1.67854e+00,1.12172e+00,1.02069e+00,2.74152e+00
8.52805e-01,1.64382e+01,1.53069e-01,1.59568e+01,4.49427e-01,6.95571e-01,9.27576e-01,5.43514e+00,2.49418e+00,8.79613e+00,1.30955e-01,2.95192e+01,1.45270e+00,8.33806e-01,4.84529e-01,3.46815e+00,1.67137e+00,1.06598e+00,1.02124e+00,2.76426e+00
9.14500e-01,1.64503e+01,1.70790e-01,1.61322e+01,5.32402e-01,7.21438e-01,9.43130e-01,5.57140e+00,2.63448e+00,8.79561e+00,1.43095e-01,2.99023e+01,1.46016e+00,8.30767e-01,4.80207e-01,3.48457e+00,1.68491e+00,9.90293e-01,1.01893e+00,2.79341e+00
1.02806e+00,1.62811e+01,1.90800e-01,1.67593e+01,7.04487e-01,7.38666e-01,1.15644e+00,5.75245e+00,2.80332e+00,8.81118e+00,1.85061e-01,3.02716e+01,1.47206e+00,8.24564e-01,4.73923e-01,3.51386e+00,1.72432e+00,9.40262e-01,1.01431e+00,2.83077e+00
1.16936e+00,1.62053e+01,2.09618e-01,1.73696e+01,1.00779e+00,8.17536e-01,1.83161e+00,5.83070e+00,2.97623e+00,8.85311e+00,2.35780e-01,3.06447e+01,1.48904e+00,8.17758e-01,4.77461e-01,3.55847e+00,1.79934e+00,8.98563e-01,1.00882e+00,2.88265e+00
1.32274e+00,1.62034e+01,2.29035e-01,1.76935e+01,1.36795e+00,8.83011e-01,2.68600e+00,5.88957e+00,3.20978e+00,8.93853e+00,2.70498e-01,3.10946e+01,1.51254e+00,8.12623e-01,7.29731e-01,3.61869e+00,1.93010e+00,8.47794e-01,1.01242e+00,2.94276e+00
1.48035e+00,1.62426e+01,2.49456e-01,1.82802e+01,1.59382e+00,9.80963e-01,3.21847e+00,5.95854e+00,3.58888e+00,9.09734e+00,2.93570e-01,3.17567e+01,1.54288e+00,8.10701e-01,1.71729e+00,3.69177e+00,2.14926e+00,8.07744e-01,1.03726e+00,3.01007e+00
1.64737e+00,1.63140e+01,2.65753e-01,1.90568e+01,1.70704e+00,1.10728e+00,3.66881e+00,6.02461e+00,4.12854e+00,9.37097e+00,3.00862e-01,3.28339e+01,1.57911e+00,8.12861e-01,2.75968e+00,3.77182e+00,2.49896e+00,7.53853e-01,1.07070e+00,3.08408e+00
1.81384e+00,1.64080e+01,2.72271e-01,1.99296e+01,1.86329e+00,1.53357e+00,4.14382e+00,6.10628e+00,4.72865e+00,9.76051e+00,2.96761e-01,3.45821e+01,1.61977e+00,8.20163e-01,3.47798e+00,3.85311e+00,3.06450e+00,7.07717e-01,1.10767e+00,3.16529e+00
1.94386e+00,1.65183e+01,2.68082e-01,2.07481e+01,2.14301e+00,2.40374e+00,4.46521e+00,6.21151e+00,5.25225e+00,1.01781e+01,2.86687e-01,3.73805e+01,1.66188e+00,8.33396e-01,3.74378e+00,3.93108e+00,4.03349e+00,6.70105e-01,1.14875e+00,3.25649e+00
2.01040e+00,1.66438e+01,2.56261e-01,2.13759e+01,2.42036e+00,3.07232e+00,4.54226e+00,6.34361e+00,5.63906e+00,1.05103e+01,2.73563e-01,4.18646e+01,1.70235e+00,8.51979e-01,3.67173e+00,4.00078e+00,5.65289e+00,6.32251e-01,1.19550e+00,3.36075e+00
2.01590e+00,1.67835e+01,2.40818e-01,2.18206e+01,2.52522e+00,3.20887e+00,4.38538e+00,6.51226e+00,5.89154e+00,1.07068e+01,2.59879e-01,4.80190e+01,1.73827e+00,8.73697e-01,3.50968e+00,4.05878e+00,8.15350e+00,5.90214e-01,1.24923e+00,3.48185e+00
1.98354e+00,1.69348e+01,2.24937e-01,2.21757e+01,2.43050e+00,3.00040e+00,4.07744e+00,6.72760e+00,6.02328e+00,1.07854e+01,2.46784e-01,5.43103e+01,1.76738e+00,8.95531e-01,3.34678e+00,4.10531e+00,1.18678e+01,5.55126e-01,1.31039e+00,3.63265e+00
1.92721e+00,1.70936e+01,2.10526e-01,2.25183e+01,2.20842e+00,2.65977e+00,3.74226e+00,6.99636e+00,6.07177e+00,1.07927e+01,2.34382e-01,5.90042e+01,1.78838e+00,9.14841e-01,3.19325e+00,4.14500e+00,1.63423e+01,5.11765e-01,1.37815e+00,3.84001e+00
1.85141e+00,1.72556e+01,1.98505e-01,2.28679e+01,1.93670e+00,2.30209e+00,3.49924e+00,7.32728e+00,6.10565e+00,1.07720e+01,2.22458e-01,6.14898e+01,1.80089e+00,9.29934e-01,3.06194e+00,4.18226e+00,1.98510e+01,4.77954e-01,1.45186e+00,4.13210e+00
1.76853e+00,1.74172e+01,1.89055e-01,2.32111e+01,1.66503e+00,1.97768e+00,3.45356e+00,7.73154e+00,6.18787e+00,1.07536e+01,2.10921e-01,6.20816e+01,1.80543e+00,9.40258e-01,2.96059e+00,4.21785e+00,2.14709e+01,4.54221e-01,1.53065e+00,4.51071e+00
1.68343e+00,1.75766e+01,1.81902e-01,2.35317e+01,1.41736e+00,1.70390e+00,3.67555e+00,8.21799e+00,6.34361e+00,1.07529e+01,1.99855e-01,6.13580e+01,1.80298e+00,9.46611e-01,2.87962e+00,4.24806e+00,2.16615e+01,4.42336e-01,1.61285e+00,4.94050e+00
1.59965e+00,1.77335e+01,1.76568e-01,2.38322e+01,1.20213e+00,1.48209e+00,4.12391e+00,8.78406e+00,6.55545e+00,1.07713e+01,1.89549e-01,5.98078e+01,1.79500e+00,9.49631e-01,2.79951e+00,4.26794e+00,2.12184e+01,4.53351e-01,1.69532e+00,5.36650e+00
1.52291e+00,1.78888e+01,1.72515e-01,2.41292e+01,1.01997e+00,1.30658e+00,4.63837e+00,9.41660e+00,6.78364e+00,1.07980e+01,1.80236e-01,5.77695e+01,1.78311e+00,9.51279e-01,2.70242e+00,4.27724e+00,2.06664e+01,5.08791e-01,1.77360e+00,5.73541e+00
1.45798e+00,1.80446e+01,1.69233e-01,2.44425e+01,8.78642e-01,1.16967e+00,5.09713e+00,1.02132e+01,6.99209e+00,1.08146e+01,1.72096e-01,5.54763e+01,1.76907e+00,9.52309e-01,2.62839e+00,4.27956e+00,2.01919e+01,6.28268e-01,1.84295e+00,6.01207e+00
1.40746e+00,1.82024e+01,1.66363e-01,2.47888e+01,8.08936e-01,1.06473e+00,5.58893e+00,1.10733e+01,7.16032e+00,1.08020e+01,2.15116e-01,5.30959e+01,1.75503e+00,9.52559e-01,2.60757e+00,4.28208e+00,1.97466e+01,7.85787e-01,1.94394e+00,6.17928e+00
1.37004e+00,1.83643e+01,1.63685e-01,2.51874e+01,1.27885e+00,9.87044e-01,6.32633e+00,1.15988e+01,7.27914e+00,1.07471e+01,7.13723e-01,5.07531e+01,1.74374e+00,9.51219e-01,2.85210e+00,4.28894e+00,1.91959e+01,9.25671e-01,2.13075e+00,6.23782e+00
1.34039e+00,1.85310e+01,1.61142e-01,2.56756e+01,3.66101e+00,9.33590e-01,6.93744e+00,1.19269e+01,7.34164e+00,1.06463e+01,2.09254e+00,4.85347e+01,1.73948e+00,9.47491e-01,3.23095e+00,4.30088e+00,1.84447e+01,1.01007e+00,2.30358e+00,6.20412e+00
1.31366e+00,1.87039e+01,1.58730e-01,2.62990e+01,5.73390e+00,9.01077e-01,7.21894e+00,1.21598e+01,7.34078e+00,1.05056e+01,3.61488e+00,4.64931e+01,1.74908e+00,9.41543e-01,3.38833e+00,4.31863e+00,1.74901e+01,1.03541e+00,2.45273e+00,6.10280e+00
1.29031e+00,1.88815e+01,1.56480e-01,2.71135e+01,5.48523e+00,8.88093e-01,7.31582e+00,1.23194e+01,7.27217e+00,1.03365e+01,3.95576e+00,4.46533e+01,1.78400e+00,9.34544e-01,3.38240e+00,4.34418e+00,1.63950e+01,1.01812e+00,2.57222e+00,5.95834e+00
1.27404e+00,1.90623e+01,1.54416e-01,2.81898e+01,4.33805e+00,9.06783e-01,7.33969e+00,1.24169e+01,7.13916e+00,1.01529e+01,3.51095e+00,4.30201e+01,1.86226e+00,9.28391e-01,3.19913e+00,4.38371e+00,1.52431e+01,9.78828e-01,2.65461e+00,5.79157e+00
1.26534e+00,1.92404e+01,1.52558e-01,2.96126e+01,3.27592e+00,9.99068e-01,7.34386e+00,1.24698e+01,6.95226e+00,9.96796e+00,2.98536e+00,4.15807e+01,2.00856e+00,9.25408e-01,2.91564e+00,4.45693e+00,1.41049e+01,9.30546e-01,2.72421e+00,5.61648e+00
1.25784e+00,1.94093e+01,1.50943e-01,3.14252e+01,2.47781e+00,1.20474e+00,7.39763e+00,1.24907e+01,6.72612e+00,9.79222e+00,2.54358e+00,4.03192e+01,2.24755e+00,9.28162e-01,2.61414e+00,4.62373e+00,1.30289e+01,8.77479e-01,2.80023e+00,5.44084e+00
1.24276e+00,1.95625e+01,1.49586e-01,3.35117e+01,1.89995e+00,1.44796e+00,7.60703e+00,1.24858e+01,6.47607e+00,9.63359e+00,2.15491e+00,3.92155e+01,2.58573e+00,9.39232e-01,2.33495e+00,5.11260e+00,1.20443e+01,8.20763e-01,2.88625e+00,5.26810e+00
1.21540e+00,1.96951e+01,1.48487e-01,3.55482e+01,1.47943e+00,1.59858e+00,8.10780e+00,1.24577e+01,6.21518e+00,9.49746e+00,1.80097e+00,3.82499e+01,2.99367e+00,9.60396e-01,2.09276e+00,7.05616e+00,1.11657e+01,7.63024e-01,2.98456e+00,5.09970e+00
1.17694e+00,1.98060e+01,1.47629e-01,3.71715e+01,1.17002e+00,1.64037e+00,8.90606e+00,1.24118e+01,5.95331e+00,9.38755e+00,1.48810e+00,3.74067e+01,3.41242e+00,9.91699e-01,1.89306e+00,1.49784e+01,1.03957e+01,7.09350e-01,3.09924e+00,4.93600e+00
1.13177e+00,1.98978e+01,1.46990e-01,3.81864e+01,9.40068e-01,1.63584e+00,9.74651e+00,1.23535e+01,5.69709e+00,9.30697e+00,1.22372e+00,3.66722e+01,3.78181e+00,1.03073e+00,1.73661e+00,3.14464e+01,9.72671e+00,6.67782e-01,3.22933e+00,4.77706e+00
1.08453e+00,1.99785e+01,1.46557e-01,3.86078e+01,7.67795e-01,1.64720e+00,1.03196e+01,1.22874e+01,5.45044e+00,9.25840e+00,1.00821e+00,3.60326e+01,4.06290e+00,1.07274e+00,1.61980e+00,4.81792e+01,9.14299e+00,6.53570e-01,3.36796e+00,4.62315e+00
1.03875e+00,2.00615e+01,1.46282e-01,3.85705e+01,6.37688e-01,1.70956e+00,1.04964e+01,1.22155e+01,5.21527e+00,9.24447e+00,8.36758e-01,3.54764e+01,4.24273e+00,1.11196e+00,1.53566e+00,5.92834e+01,8.62516e+00,6.96335e-01,3.50929e+00,4.47454e+00
9.96394e-01,2.01633e+01,1.46161e-01,3.82314e+01,5.38771e-01,1.82254e+00,1.03215e+01,1.21357e+01,4.99273e+00,9.26836e+00,7.03014e-01,3.49922e+01,4.32705e+00,1.14343e+00,1.47586e+00,6.43920e+01,8.15588e+00,8.29144e-01,3.65353e+00,4.33225e+00
9.58299e-01,2.03040e+01,1.46143e-01,3.77339e+01,4.63043e-01,1.95500e+00,9.90900e+00,1.20492e+01,4.78322e+00,9.33305e+00,6.01070e-01,3.45689e+01,4.33173e+00,1.16408e+00,1.43183e+00,6.50194e+01,7.72243e+00,1.03177e+00,3.80546e+00,4.19730e+00
9.24574e-01,2.05037e+01,1.46212e-01,3.72065e+01,4.04662e-01,2.06817e+00,9.37017e+00,1.19671e+01,4.58724e+00,9.44104e+00,5.26944e-01,3.41954e+01,4.27526e+00,1.17310e+00,1.39590e+00,6.31498e+01,7.31776e+00,1.21611e+00,3.96991e+00,4.07057e+00
8.94950e-01,2.07801e+01,1.46355e-01,3.67640e+01,3.59379e-01,2.13691e+00,8.78962e+00,1.19151e+01,4.40559e+00,9.59460e+00,4.78938e-01,3.38610e+01,4.17526e+00,1.17127e+00,1.36194e+00,6.05991e+01,6.93907e+00,1.31273e+00,4.14802e+00,3.95265e+00
8.68942e-01,2.11433e+01,1.46529e-01,3.64826e+01,3.24012e-01,2.15483e+00,8.22863e+00,1.19226e+01,4.23924e+00,9.79547e+00,4.57338e-01,3.35591e+01,4.04640e+00,1.16025e+00,1.32615e+00,5.83539e+01,6.58607e+00,1.31698e+00,4.33403e+00,3.84375e+00
8.46031e-01,2.15920e+01,1.46724e-01,3.63634e+01,2.96180e-01,2.12853e+00,7.74024e+00,1.19961e+01,4.08956e+00,1.00458e+01,4.63072e-01,3.32812e+01,3.90012e+00,1.14208e+00,1.28728e+00,5.64883e+01,6.25894e+00,1.25870e+00,4.51496e+00,3.74382e+00
8.25665e-01,2.21117e+01,1.46936e-01,3.63262e+01,2.74140e-01,2.07022e+00,7.38623e+00,1.21067e+01,3.95802e+00,1.03484e+01,4.94734e-01,3.30252e+01,3.74503e+00,1.11867e+00,1.24626e+00,5.48161e+01,5.95756e+00,1.16832e+00,4.67279e+00,3.65270e+00
8.07379e-01,2.26764e+01,1.47150e-01,3.62562e+01,2.56597e-01,1.99310e+00,7.24374e+00,1.22074e+01,3.84587e+00,1.07068e+01,5.45975e-01,3.27884e+01,3.58719e+00,1.09163e+00,1.20593e+00,5.33199e+01,5.68142e+00,1.06609e+00,4.78924e+00,3.57030e+00
7.90741e-01,2.32534e+01,1.47376e-01,3.60668e+01,2.42529e-01,1.91068e+00,7.38101e+00,1.22625e+01,3.75365e+00,1.11249e+01,6.06292e-01,3.25716e+01,3.43101e+00,1.06234e+00,1.17113e+00,5.20646e+01,5.43022e+00,9.63548e-01,4.85109e+00,3.49657e+00
7.75367e-01,2.38124e+01,1.47607e-01,3.57304e+01,2.31183e-01,1.83956e+00,7.79578e+00,1.22624e+01,3.68048e+00,1.16041e+01,6.64789e-01,3.23783e+01,3.27936e+00,1.03190e+00,1.14928e+00,5.10646e+01,5.20338e+00,8.66705e-01,4.85352e+00,3.43136e+00
7.61046e-01,2.43304e+01,1.47823e-01,3.52668e+01,2.21996e-01,1.80534e+00,8.37550e+00,1.22187e+01,3.62446e+00,1.21425e+01,7.13659e-01,3.22102e+01,3.13405e+00,1.00110e+00,1.15118e+00,5.02856e+01,5.00124e+00,7.78465e-01,4.79935e+00,3.37473e+00
7.47515e-01,2.47956e+01,1.48016e-01,3.47235e+01,2.14525e-01,1.84541e+00,8.94870e+00,1.21537e+01,3.58223e+00,1.27316e+01,7.49371e-01,3.20717e+01,2.99649e+00,9.70616e-01,1.18961e+00,4.96651e+01,4.82397e+00,6.99912e-01,4.69733e+00,3.32646e+00
7.34653e-01,2.52062e+01,1.48190e-01,3.41558e+01,2.08372e-01,1.99301e+00,9.37504e+00,1.20874e+01,3.54938e+00,1.33564e+01,7.72054e-01,3.19653e+01,2.86744e+00,9.40911e-01,1.27472e+00,4.90938e+01,4.67214e+00,6.31104e-01,4.55881e+00,3.28636e+00
7.22388e-01,2.55698e+01,1.48340e-01,3.36167e+01,2.03316e-01,2.23586e+00,9.58446e+00,1.20359e+01,3.52164e+00,1.39974e+01,7.84099e-01,3.18915e+01,2.74736e+00,9.12300e-01,1.40646e+00,4.84089e+01,4.54647e+00,5.71523e-01,4.39534e+00,3.25394e+00
7.10720e-01,2.58981e+01,1.48469e-01,3.31574e+01,1.99157e-01,2.50224e+00,9.56788e+00,1.20125e+01,3.49508e+00,1.46333e+01,7.89040e-01,3.18549e+01,2.63644e+00,8.85004e-01,1.57122e+00,4.74368e+01,4.44726e+00,5.20361e-01,4.21687e+00,3.22903e+00
6.99659e-01,2.62050e+01,1.48576e-01,3.28259e+01,1.95715e-01,2.71169e+00,9.35479e+00,1.20322e+01,3.46695e+00,1.52443e+01,7.90889e-01,3.18526e+01,2.53477e+00,8.59211e-01,1.74620e+00,4.60659e+01,4.37380e+00,4.76751e-01,4.03177e+00,3.21140e+00
6.89241e-01,2.65016e+01,1.48676e-01,3.26661e+01,1.92847e-01,2.82291e+00,8.99319e+00,1.21181e+01,3.43586e+00,1.58148e+01,7.94167e-01,3.18872e+01,2.44225e+00,8.34982e-01,1.90765e+00,4.42823e+01,4.32414e+00,4.39808e-01,3.84604e+00,3.20103e+00
6.79504e-01,2.67967e+01,1.48765e-01,3.27072e+01,1.90476e-01,2.83617e+00,8.53412e+00,1.23046e+01,3.40184e+00,1.63350e+01,8.04629e-01,3.19576e+01,2.35880e+00,8.12360e-01,2.03733e+00,4.21573e+01,4.29471e+00,4.08674e-01,3.66400e+00,3.19796e+00
6.70474e-01,2.70947e+01,1.48842e-01,3.29455e+01,1.88526e-01,2.77378e+00,8.02252e+00,1.26273e+01,3.36625e+00,1.68012e+01,8.30671e-01,3.20666e+01,2.28436e+00,7.91384e-01,2.12518e+00,3.98106e+01,4.28043e+00,3.82597e-01,3.48859e+00,3.20216e+00
6.62170e-01,2.73956e+01,1.48912e-01,3.33293e+01,1.86891e-01,2.66302e+00,7.49324e+00,1.30841e+01,3.33165e+00,1.72163e+01,8.85096e-01,3.22157e+01,2.21874e+00,7.71981e-01,2.16919e+00,3.73718e+01,4.27515e+00,3.60889e-01,3.32149e+00,3.21318e+00
6.54570e-01,2.76980e+01,1.48960e-01,3.37692e+01,1.85514e-01,2.52721e+00,6.96999e+00,1.36167e+01,3.30130e+00,1.75872e+01,9.85077e-01,3.24098e+01,2.16178e+00,7.54212e-01,2.17334e+00,3.49489e+01,4.27271e+00,3.42968e-01,3.16390e+00,3.23049e+00
6.47682e-01,2.79996e+01,1.48999e-01,3.41622e+01,1.84335e-01,2.38328e+00,6.46823e+00,1.41309e+01,3.27876e+00,1.79259e+01,1.14508e+00,3.26552e+01,2.11361e+00,7.37955e-01,2.14499e+00,3.26191e+01,4.26773e+00,3.28312e-01,3.01620e+00,3.25298e+00
6.41489e-01,2.82975e+01,1.49019e-01,3.44284e+01,1.83338e-01,2.24200e+00,5.99668e+00,1.45521e+01,3.26712e+00,1.82465e+01,1.36255e+00,3.29602e+01,2.07405e+00,7.23216e-01,2.09264e+00,3.04270e+01,4.25610e+00,3.16453e-01,2.87838e+00,3.27947e+00
6.35967e-01,2.85909e+01,1.49013e-01,3.45273e+01,1.82482e-01,2.10954e+00,5.56008e+00,1.48623e+01,3.26798e+00,1.85633e+01,1.61117e+00,3.33335e+01,2.04289e+00,7.09930e-01,2.02404e+00,2.83942e+01,4.23541e+00,3.06977e-01,2.75008e+00,3.30826e+00
6.31061e-01,2.88816e+01,1.48983e-01,3.44569e+01,1.81750e-01,1.98909e+00,5.16044e+00,1.51033e+01,3.28078e+00,1.88875e+01,1.85317e+00,3.37853e+01,2.01970e+00,6.98030e-01,1.94554e+00,2.65278e+01,4.20487e+00,2.99522e-01,2.63072e+00,3.33798e+00
6.26740e-01,2.91753e+01,1.48937e-01,3.42447e+01,1.81126e-01,1.88224e+00,4.79817e+00,1.53465e+01,3.30235e+00,1.92258e+01,2.05732e+00,3.43240e+01,2.00376e+00,6.87477e-01,1.86191e+00,2.48250e+01,4.16509e+00,2.93767e-01,2.51959e+00,3.36743e+00
6.22932e-01,2.94810e+01,1.48881e-01,3.39346e+01,1.80581e-01,1.78956e+00,4.47276e+00,1.56500e+01,3.32742e+00,1.95775e+01,2.20681e+00,3.49557e+01,1.99400e+00,6.78211e-01,1.77647e+00,2.32756e+01,4.11753e+00,2.89428e-01,2.41583e+00,3.39563e+00
6.19604e-01,2.98128e+01,1.48822e-01,3.35778e+01,1.80103e-01,1.71098e+00,4.18326e+00,1.60263e+01,3.34990e+00,1.99352e+01,2.29786e+00,3.56814e+01,1.98902e+00,6.70163e-01,1.69145e+00,2.18654e+01,4.06417e+00,2.86230e-01,2.31869e+00,3.42206e+00
6.16711e-01,3.01886e+01,1.48757e-01,3.32224e+01,1.79693e-01,1.64581e+00,3.92851e+00,1.64432e+01,3.36429e+00,2.02872e+01,2.33506e+00,3.64970e+01,1.98731e+00,6.63250e-01,1.60828e+00,2.05791e+01,4.00731e+00,2.83967e-01,2.22758e+00,3.44640e+00
6.14188e-01,3.06294e+01,1.48688e-01,3.29047e+01,1.79329e-01,1.59254e+00,3.70691e+00,1.68477e+01,3.36687e+00,2.06189e+01,2.32729e+00,3.73903e+01,1.98719e+00,6.57380e-01,1.52786e+00,1.94015e+01,3.94926e+00,2.82429e-01,2.14169e+00,3.46874e+00
6.12000e-01,3.11575e+01,1.48602e-01,3.26423e+01,1.79010e-01,1.54909e+00,3.51696e+00,1.71917e+01,3.35578e+00,2.09168e+01,2.28440e+00,3.83453e+01,1.98725e+00,6.52511e-01,1.45084e+00,1.83210e+01,3.89196e+00,2.81467e-01,2.06090e+00,3.48873e+00
6.10133e-01,3.17942e+01,1.48508e-01,3.24315e+01,1.78702e-01,1.51291e+00,3.35653e+00,1.74406e+01,3.33128e+00,2.11704e+01,2.21602e+00,3.93401e+01,1.98631e+00,6.48503e-01,1.37755e+00,1.73268e+01,3.83699e+00,2.80948e-01,1.98488e+00,3.50667e+00
6.08544e-01,3.25518e+01,1.48394e-01,3.22538e+01,1.78408e-01,1.48121e+00,3.22305e+00,1.75770e+01,3.29500e+00,2.13739e+01,2.13040e+00,4.03529e+01,1.98351e+00,6.45290e-01,1.30834e+00,1.64101e+01,3.78543e+00,2.80764e-01,1.91343e+00,3.52223e+00
6.07215e-01,3.34305e+01,1.48250e-01,3.20906e+01,1.78116e-01,1.45149e+00,3.11352e+00,1.75958e+01,3.24936e+00,2.15265e+01,2.03424e+00,4.13614e+01,1.97828e+00,6.42811e-01,1.24328e+00,1.55622e+01,3.73775e+00,2.80832e-01,1.84666e+00,3.53545e+00
6.06099e-01,3.44148e+01,1.48088e-01,3.19327e+01,1.77825e-01,1.42187e+00,3.02457e+00,1.75030e+01,3.19705e+00,2.16312e+01,1.93276e+00,4.23472e+01,1.97032e+00,6.40943e-01,1.18249e+00,1.47765e+01,3.69385e+00,2.81062e-01,1.78459e+00,3.54614e+00
6.05198e-01,3.54704e+01,1.47911e-01,3.17853e+01,1.77541e-01,1.39107e+00,2.95278e+00,1.73120e+01,3.14057e+00,2.16947e+01,1.82981e+00,4.32992e+01,1.95969e+00,6.39636e-01,1.12596e+00,1.40473e+01,3.65331e+00,2.81407e-01,1.72745e+00,3.55405e+00
6.04469e-01,3.65510e+01,1.47731e-01,3.16630e+01,1.77266e-01,1.35855e+00,2.89537e+00,1.70408e+01,3.08214e+00,2.17253e+01,1.72814e+00,4.42096e+01,1.94654e+00,6.38810e-01,1.07364e+00,1.33686e+01,3.61503e+00,2.81838e-01,1.67540e+00,3.55915e+00
6.03918e-01,3.76047e+01,1.47560e-01,3.15812e+01,1.76999e-01,1.32422e+00,2.85046e+00,1.67105e+01,3.02351e+00,2.17338e+01,1.62965e+00,4.50773e+01,1.93121e+00,6.38372e-01,1.02544e+00,1.27363e+01,3.57787e+00,2.82291e-01,1.62862e+00,3.56138e+00
6.03481e-01,3.85823e+01,1.47381e-01,3.15539e+01,1.76739e-01,1.28841e+00,2.81799e+00,1.63420e+01,2.96607e+00,2.17329e+01,1.53556e+00,4.59031e+01,1.91408e+00,6.38264e-01,9.81286e-01,1.21464e+01,3.54047e+00,2.82737e-01,1.58712e+00,3.56079e+00
6.03158e-01,3.94462e+01,1.47196e-01,3.15998e+01,1.76477e-01,1.25170e+00,2.80002e+00,1.59567e+01,2.91078e+00,2.17388e+01,1.44657e+00,4.66932e+01,1.89552e+00,6.38403e-01,9.40923e-01,1.15955e+01,3.50170e+00,2.83156e-01,1.55067e+00,3.55785e+00
6.02914e-01,4.01699e+01,1.47006e-01,3.17838e+01,1.76214e-01,1.21465e+00,2.80195e+00,1.55748e+01,2.85833e+00,2.17750e+01,1.36308e+00,4.74514e+01,1.87601e+00,6.38740e-01,9.04267e-01,1.10805e+01,3.46062e+00,2.83531e-01,1.51906e+00,3.55278e+00
6.02741e-01,4.07424e+01,1.46811e-01,3.22914e+01,1.75924e-01,1.17785e+00,2.83259e+00,1.52188e+01,2.80929e+00,2.18743e+01,1.28523e+00,4.81805e+01,1.85595e+00,6.39229e-01,8.71063e-01,1.05992e+01,3.41663e+00,2.83882e-01,1.49183e+00,3.54647e+00
6.02634e-01,4.11648e+01,1.46598e-01,3.35461e+01,1.75637e-01,1.14183e+00,2.90442e+00,1.49189e+01,2.76381e+00,2.20825e+01,1.21297e+00,4.88840e+01,1.83575e+00,6.39819e-01,8.41199e-01,1.01491e+01,3.36952e+00,2.84183e-01,1.46826e+00,3.53983e+00
6.02564e-01,4.14470e+01,1.46363e-01,3.62352e+01,1.75351e-01,1.10701e+00,3.03074e+00,1.47219e+01,2.72207e+00,2.24561e+01,1.14620e+00,4.95618e+01,1.81571e+00,6.40477e-01,8.14406e-01,9.72801e+00,3.31913e+00,2.84447e-01,1.44762e+00,3.53423e+00
6.02522e-01,4.16035e+01,1.46113e-01,4.09106e+01,1.75055e-01,1.07369e+00,3.21866e+00,1.47083e+01,2.68414e+00,2.30538e+01,1.08475e+00,5.02153e+01,1.79615e+00,6.41159e-01,7.90494e-01,9.33396e+00,3.26574e+00,2.84662e-01,1.42908e+00,3.53174e+00
6.02478e-01,4.16510e+01,1.45847e-01,4.72682e+01,1.74760e-01,1.04206e+00,3.45975e+00,1.50233e+01,2.64992e+00,2.39157e+01,1.02844e+00,5.08424e+01,1.77739e+00,6.41848e-01,7.69261e-01,8.96523e+00,3.20982e+00,2.84837e-01,1.41185e+00,3.53480e+00
6.02464e-01,4.16080e+01,1.45580e-01,5.42041e+01,1.74448e-01,1.01229e+00,3.72838e+00,1.59347e+01,2.61932e+00,2.50407e+01,9.77071e-01,5.14474e+01,1.75960e+00,6.42517e-01,7.50528e-01,8.62016e+00,3.15195e+00,2.84975e-01,1.39523e+00,3.54698e+00
6.02448e-01,4.14909e+01,1.45320e-01,6.06499e+01,1.74141e-01,9.84435e-01,3.99169e+00,1.79404e+01,2.59218e+00,2.63727e+01,9.30417e-01,5.20318e+01,1.74297e+00,6.43156e-01,7.34075e-01,8.29726e+00,3.09275e+00,2.85067e-01,1.37874e+00,3.57274e+00
6.02411e-01,4.13158e+01,1.45059e-01,6.59881e+01,1.73835e-01,9.58521e-01,4.22211e+00,2.18480e+01,2.56827e+00,2.78123e+01,8.88293e-01,5.26054e+01,1.72761e+00,6.43742e-01,7.19716e-01,7.99511e+00,3.03277e+00,2.85114e-01,1.36183e+00,3.61751e+00
6.02347e-01,4.10993e+01,1.44787e-01,6.99973e+01,1.73524e-01,9.34477e-01,4.40310e+00,2.83790e+01,2.54733e+00,2.92450e+01,8.50493e-01,5.31787e+01,1.71362e+00,6.44260e-01,7.07245e-01,7.71203e+00,2.97272e+00,2.85127e-01,1.34433e+00,3.68679e+00
6.02264e-01,4.08549e+01,1.44508e-01,7.27246e+01,1.73201e-01,9.12303e-01,4.52826e+00,3.71368e+01,2.52915e+00,3.05680e+01,8.16846e-01,5.37687e+01,1.70100e+00,6.44708e-01,6.96521e-01,7.44751e+00,2.91311e+00,2.85093e-01,1.32608e+00,3.78594e+00
6.02149e-01,4.05938e+01,1.44234e-01,7.43776e+01,1.72854e-01,8.91954e-01,4.59856e+00,4.65464e+01,2.51357e+00,3.17062e+01,7.87088e-01,5.43919e+01,1.68984e+00,6.45089e-01,6.87368e-01,7.20020e+00,2.85436e+00,2.85006e-01,1.30709e+00,3.91735e+00
6.02012e-01,4.03287e+01,1.43951e-01,7.52226e+01,1.72512e-01,8.73335e-01,4.61931e+00,5.51695e+01,2.50026e+00,3.26171e+01,7.60906e-01,5.50722e+01,1.68006e+00,6.45401e-01,6.79618e-01,6.96894e+00,2.79698e+00,2.84891e-01,1.28741e+00,4.07922e+00
6.01842e-01,4.00728e+01,1.43660e-01,7.55294e+01,1.72169e-01,8.56345e-01,4.59803e+00,6.23095e+01,2.48908e+00,3.32859e+01,7.37916e-01,5.58313e+01,1.67159e+00,6.45631e-01,6.73104e-01,6.75292e+00,2.74122e+00,2.84732e-01,1.26717e+00,4.26454e+00
6.01619e-01,3.98354e+01,1.43359e-01,7.55706e+01,1.71826e-01,8.40902e-01,4.54297e+00,6.77256e+01,2.47969e+00,3.37207e+01,7.17652e-01,5.66951e+01,1.66438e+00,6.45787e-01,6.67690e-01,6.55140e+00,2.68731e+00,2.84545e-01,1.24662e+00,4.46194e+00
6.01360e-01,3.96245e+01,1.43045e-01,7.56701e+01,1.71492e-01,8.26902e-01,4.46182e+00,7.14112e+01,2.47193e+00,3.39435e+01,6.99563e-01,5.76840e+01,1.65835e+00,6.45864e-01,6.63259e-01,6.36356e+00,2.63553e+00,2.84335e-01,1.22586e+00,4.65804e+00
6.01077e-01,3.94461e+01,1.42728e-01,7.63323e+01,1.71159e-01,8.14263e-01,4.36144e+00,7.35489e+01,2.46571e+00,3.39842e+01,6.83049e-01,5.88132e+01,1.65334e+00,6.45878e-01,6.59668e-01,6.18875e+00,2.58593e+00,2.84114e-01,1.20515e+00,4.84004e+00
6.00757e-01,3.93035e+01,1.42412e-01,7.83875e+01,1.70842e-01,8.02908e-01,4.24765e+00,7.44286e+01,2.46074e+00,3.38745e+01,6.67497e-01,6.00919e+01,1.64928e+00,6.45814e-01,6.56817e-01,6.02637e+00,2.53867e+00,2.83859e-01,1.18464e+00,4.99805e+00
6.00398e-01,3.91956e+01,1.42096e-01,8.27156e+01,1.70724e-01,7.92761e-01,4.12520e+00,7.43351e+01,2.45702e+00,3.36446e+01,6.52379e-01,6.15144e+01,1.64608e+00,6.45677e-01,6.54635e-01,5.87593e+00,2.49375e+00,2.83586e-01,1.16450e+00,5.12554e+00
6.00009e-01,3.91194e+01,1.41776e-01,8.92411e+01,1.70968e-01,7.83707e-01,3.99788e+00,7.35062e+01,2.45449e+00,3.33211e+01,6.37264e-01,6.30638e+01,1.64360e+00,6.47256e-01,6.52953e-01,5.73680e+00,2.45126e+00,2.83287e-01,1.14482e+00,5.21992e+00
6.00643e-01,3.90675e+01,1.41446e-01,9.66498e+01,1.71652e-01,7.75660e-01,3.86853e+00,7.21349e+01,2.45308e+00,3.29247e+01,6.21843e-01,6.47115e+01,1.64173e+00,6.47680e-01,6.51723e-01,5.60864e+00,2.41145e+00,2.82953e-01,1.12578e+00,5.28088e+00
6.00956e-01,3.90297e+01,1.41125e-01,1.03597e+02,1.72852e-01,7.68568e-01,3.73942e+00,7.03840e+01,2.45247e+00,3.24726e+01,6.05926e-01,6.64145e+01,1.64043e+00,6.47762e-01,6.50895e-01,5.49117e+00,2.37438e+00,2.82591e-01,1.10753e+00,5.31075e+00
6.00614e-01,3.89967e+01,1.40828e-01,1.09366e+02,1.74758e-01,7.62312e-01,3.61230e+00,6.83791e+01,2.45222e+00,3.19771e+01,5.89462e-01,6.81229e+01,1.63956e+00,6.47944e-01,6.50363e-01,5.38387e+00,2.34012e+00,2.82204e-01,1.09074e+00,5.31293e+00
6.00306e-01,3.89580e+01,1.40602e-01,1.13622e+02,1.78176e-01,7.56841e-01,3.48816e+00,6.62137e+01,2.45219e+00,3.14477e+01,5.72493e-01,6.97809e+01,1.63900e+00,6.47886e-01,6.50101e-01,5.28647e+00,2.30871e+00,2.81796e-01,1.07588e+00,5.29786e+00
6.00341e-01,3.89058e+01,1.40446e-01,1.16242e+02,1.85664e-01,7.52070e-01,3.36791e+00,6.39536e+01,2.45209e+00,3.08918e+01,5.55165e-01,7.13384e+01,1.63873e+00,6.47520e-01,6.50018e-01,5.19909e+00,2.27949e+00,2.81363e-01,1.06303e+00,5.26757e+00
6.00614e-01,3.88335e+01,1.40317e-01,1.17331e+02,2.02762e-01,7.47937e-01,3.25215e+00,6.16446e+01,2.45184e+00,3.03151e+01,5.37708e-01,7.27490e+01,1.63867e+00,6.47063e-01,6.50091e-01,5.12108e+00,2.25185e+00,2.80917e-01,1.05230e+00,5.22466e+00
6.01087e-01,3.87370e+01,1.40162e-01,1.17165e+02,2.35387e-01,7.44366e-01,3.14122e+00,5.93216e+01,2.45133e+00,2.97227e+01,5.20393e-01,7.39767e+01,1.63877e+00,6.46805e-01,6.50287e-01,5.05233e+00,2.22581e+00,2.80467e-01,1.04385e+00,5.17077e+00
6.01870e-01,3.86155e+01,1.39925e-01,1.16042e+02,2.80751e-01,7.41328e-01,3.03520e+00,5.70167e+01,2.45050e+00,2.91190e+01,5.03474e-01,7.49958e+01,1.63901e+00,6.46941e-01,6.50578e-01,4.99337e+00,2.20189e+00,2.80001e-01,1.03759e+00,5.10338e+00
6.03247e-01,3.84702e+01,1.39590e-01,1.14205e+02,3.24026e-01,7.38721e-01,2.93426e+00,5.47596e+01,2.44940e+00,2.85077e+01,4.87063e-01,7.57895e+01,1.63935e+00,6.47461e-01,6.50962e-01,4.94384e+00,2.18071e+00,2.79511e-01,1.03319e+00,5.02529e+00
6.05503e-01,3.83044e+01,1.39181e-01,1.11851e+02,3.51149e-01,7.36504e-01,2.83837e+00,5.25723e+01,2.44815e+00,2.78932e+01,4.71202e-01,7.63553e+01,1.63985e+00,6.48170e-01,6.51476e-01,4.90312e+00,2.16258e+00,2.79007e-01,1.03018e+00,4.94159e+00
6.08945e-01,3.81227e+01,1.38700e-01,1.09138e+02,3.58904e-01,7.34622e-01,2.74758e+00,5.04712e+01,2.44675e+00,2.72785e+01,4.55897e-01,7.66996e+01,1.64045e+00,6.48862e-01,6.52270e-01,4.87174e+00,2.14832e+00,2.78479e-01,1.02819e+00,4.85588e+00
6.13694e-01,3.79305e+01,1.38182e-01,1.06200e+02,3.51878e-01,7.33055e-01,2.66205e+00,4.84619e+01,2.44528e+00,2.66675e+01,4.41153e-01,7.68382e+01,1.64125e+00,6.49379e-01,6.53557e-01,4.85025e+00,2.13977e+00,2.77930e-01,1.02698e+00,4.76982e+00
6.19797e-01,3.77352e+01,1.37664e-01,1.03133e+02,3.36316e-01,7.31762e-01,2.58189e+00,4.65427e+01,2.44373e+00,2.60629e+01,4.26947e-01,7.67953e+01,1.64229e+00,6.49706e-01,6.55602e-01,4.83780e+00,2.14184e+00,2.77349e-01,1.02632e+00,4.68478e+00
6.27040e-01,3.75459e+01,1.37176e-01,1.00007e+02,3.17063e-01,7.30669e-01,2.50718e+00,4.47124e+01,2.44210e+00,2.54671e+01,4.13331e-01,7.65969e+01,1.64375e+00,6.49839e-01,6.58599e-01,4.83453e+00,2.16129e+00,2.76762e-01,1.02642e+00,4.60182e+00
6.35017e-01,3.73755e+01,1.36716e-01,9.68692e+01,2.97123e-01,7.29739e-01,2.43794e+00,4.29662e+01,2.44033e+00,2.48828e+01,4.00382e-01,7.62709e+01,1.64582e+00,6.49801e-01,6.62535e-01,4.84303e+00,2.20210e+00,2.76152e-01,1.02759e+00,4.52203e+00
6.43149e-01,3.72435e+01,1.36277e-01,9.37488e+01,2.78101e-01,7.28974e-01,2.37411e+00,4.12993e+01,2.43847e+00,2.43114e+01,3.88205e-01,7.58445e+01,1.64894e+00,6.49560e-01,6.67223e-01,4.86573e+00,2.25947e+00,2.75538e-01,1.03011e+00,4.44633e+00
6.50765e-01,3.71819e+01,1.35849e-01,9.06668e+01,2.60710e-01,7.28333e-01,2.31535e+00,3.97090e+01,2.43649e+00,2.37541e+01,3.76973e-01,7.53412e+01,1.65355e+00,6.49096e-01,6.72316e-01,4.90174e+00,2.31973e+00,2.74922e-01,1.03441e+00,4.37546e+00
6.57221e-01,3.72422e+01,1.35444e-01,8.76391e+01,2.45191e-01,7.27769e-01,2.26119e+00,3.81914e+01,2.43438e+00,2.32123e+01,3.66896e-01,7.47828e+01,1.66027e+00,6.48331e-01,6.77412e-01,4.94716e+00,2.36886e+00,2.74300e-01,1.04084e+00,4.30984e+00
6.62009e-01,3.75065e+01,1.35066e-01,8.46869e+01,2.31577e-01,7.27302e-01,2.21104e+00,3.67461e+01,2.43218e+00,2.26868e+01,3.58189e-01,7.41856e+01,1.66969e+00,6.47244e-01,6.82126e-01,4.99776e+00,2.39980e+00,2.73674e-01,1.04978e+00,4.24979e+00
6.64869e-01,3.80959e+01,1.34687e-01,8.18250e+01,2.19708e-01,7.26881e-01,2.16417e+00,3.53697e+01,2.42983e+00,2.21777e+01,3.50985e-01,7.35635e+01,1.68232e+00,6.45866e-01,6.86225e-01,5.05059e+00,2.41393e+00,2.73051e-01,1.06139e+00,4.19537e+00
6.65684e-01,3.91733e+01,1.34311e-01,7.90691e+01,2.09467e-01,7.26505e-01,2.12017e+00,3.40631e+01,2.42736e+00,2.16863e+01,3.45332e-01,7.29247e+01,1.69838e+00,6.44234e-01,6.89550e-01,5.10489e+00,2.41733e+00,2.72430e-01,1.07559e+00,4.14676e+00
6.64671e-01,4.09117e+01,1.33942e-01,7.64216e+01,2.00696e-01,7.26148e-01,2.07874e+00,3.28220e+01,2.42468e+00,2.12130e+01,3.41059e-01,7.22760e+01,1.71779e+00,6.42424e-01,6.92000e-01,5.15963e+00,2.41746e+00,2.71819e-01,1.09177e+00,4.10380e+00
6.62100e-01,4.34213e+01,1.33572e-01,7.38845e+01,1.93241e-01,7.25842e-01,2.03971e+00,3.16438e+01,2.42185e+00,2.07580e+01,3.37784e-01,7.16188e+01,1.73997e+00,6.40498e-01,6.93554e-01,5.21521e+00,2.42030e+00,2.71217e-01,1.10859e+00,4.06646e+00
6.58383e-01,4.66657e+01,1.33212e-01,7.14539e+01,1.86962e-01,7.25560e-01,2.00317e+00,3.05251e+01,2.41881e+00,2.03216e+01,3.35060e-01,7.09562e+01,1.76398e+00,6.38530e-01,6.97548e-01,5.27691e+00,2.42925e+00,2.70635e-01,1.12423e+00,4.03434e+00
6.53945e-01,5.04462e+01,1.32856e-01,6.91245e+01,1.81690e-01,7.25289e-01,1.96913e+00,2.94617e+01,2.41558e+00,1.99035e+01,3.32406e-01,7.02879e+01,1.78856e+00,6.36585e-01,6.98721e-01,5.39136e+00,2.44535e+00,2.70071e-01,1.13698e+00,4.00697e+00
6.49174e-01,5.44997e+01,1.32488e-01,6.68912e+01,1.77314e-01,7.25039e-01,1.93758e+00,2.84499e+01,2.41216e+00,1.95042e+01,3.29434e-01,6.96136e+01,1.81231e+00,6.34680e-01,6.98865e-01,5.72166e+00,2.46755e+00,2.69519e-01,1.14551e+00,3.98356e+00
6.44394e-01,5.86135e+01,1.32121e-01,6.47522e+01,1.73710e-01,7.24778e-01,1.90850e+00,2.74853e+01,2.40852e+00,1.91233e+01,3.25912e-01,6.89323e+01,1.83388e+00,6.32826e-01,7.00087e-01,6.43130e+00,2.49330e+00,2.68980e-01,1.14927e+00,3.96319e+00
6.39895e-01,6.26828e+01,1.31757e-01,6.27039e+01,1.70762e-01,7.24515e-01,1.88182e+00,2.65653e+01,2.40470e+00,1.87610e+01,3.21759e-01,6.82440e+01,1.85222e+00,6.31012e-01,7.03425e-01,7.16038e+00,2.51922e+00,2.68433e-01,1.14854e+00,3.94499e+00
6.35836e-01,6.67047e+01,1.31403e-01,6.07430e+01,1.68378e-01,7.24243e-01,1.85760e+00,2.56878e+01,2.40072e+00,1.84168e+01,3.17024e-01,6.75502e+01,1.86650e+00,6.29226e-01,7.10500e-01,7.42517e+00,2.54198e+00,2.67846e-01,1.14406e+00,3.92773e+00
6.32348e-01,7.07515e+01,1.31040e-01,5.88656e+01,1.66442e-01,7.23959e-01,1.83590e+00,2.48491e+01,2.39656e+00,1.80897e+01,3.11873e-01,6.68526e+01,1.87638e+00,6.27456e-01,7.23163e-01,7.38213e+00,2.55890e+00,2.67229e-01,1.13694e+00,3.91054e+00
6.29470e-01,7.49263e+01,1.30676e-01,5.70695e+01,1.64876e-01,7.23857e-01,1.81689e+00,2.40494e+01,2.39225e+00,1.77798e+01,3.06468e-01,6.61538e+01,1.88182e+00,6.25681e-01,7.42822e-01,7.32709e+00,2.56797e+00,2.66559e-01,1.12824e+00,3.89274e+00
6.27173e-01,7.93132e+01,1.30309e-01,5.53492e+01,1.63625e-01,7.26996e-01,1.80075e+00,2.32865e+01,2.38777e+00,1.74864e+01,3.00972e-01,6.54581e+01,1.88318e+00,6.23894e-01,7.69420e-01,7.40117e+00,2.56864e+00,2.65833e-01,1.11888e+00,3.87378e+00
6.25442e-01,8.39190e+01,1.29940e-01,5.37047e+01,1.62617e-01,7.55060e-01,1.78750e+00,2.25584e+01,2.38314e+00,1.72084e+01,2.95580e-01,6.47707e+01,1.88094e+00,6.22098e-01,8.01020e-01,7.62935e+00,2.56113e+00,2.65045e-01,1.10982e+00,3.85334e+00
6.24157e-01,8.86337e+01,1.29577e-01,5.21276e+01,1.61808e-01,8.47147e-01,1.77699e+00,2.18641e+01,2.37837e+00,1.69454e+01,2.90401e-01,6.41014e+01,1.87576e+00,6.20299e-01,8.34077e-01,7.95106e+00,2.54644e+00,2.64208e-01,1.10152e+00,3.83130e+00
6.23193e-01,9.32662e+01,1.29222e-01,5.06171e+01,1.61137e-01,9.70715e-01,1.76902e+00,2.12021e+01,2.37344e+00,1.66967e+01,2.85528e-01,6.34619e+01,1.86834e+00,6.18512e-01,8.64520e-01,8.26686e+00,2.52606e+00,2.63341e-01,1.09444e+00,3.80762e+00
6.22379e-01,9.76077e+01,1.28851e-01,4.91682e+01,1.60572e-01,1.04738e+00,1.76332e+00,2.05712e+01,2.36842e+00,1.64617e+01,2.81030e-01,6.28715e+01,1.85931e+00,6.16745e-01,8.89060e-01,8.50628e+00,2.50159e+00,2.62442e-01,1.08879e+00,3.78235e+00
6.21591e-01,1.01486e+02,1.28479e-01,4.77777e+01,1.60091e-01,1.05921e+00,1.75987e+00,1.99701e+01,2.36326e+00,1.62394e+01,2.76996e-01,6.23580e+01,1.84920e+00,6.15018e-01,9.05948e-01,8.64975e+00,2.47452e+00,2.61536e-01,1.08463e+00,3.75562e+00
6.20665e-01,1.04786e+02,1.28115e-01,4.64432e+01,1.59664e-01,1.03121e+00,1.75908e+00,1.93976e+01,2.35801e+00,1.60291e+01,2.73536e-01,6.19617e+01,1.83842e+00,6.13319e-01,9.14992e-01,8.71069e+00,2.44614e+00,2.60626e-01,1.08189e+00,3.72750e+00
6.19489e-01,1.07437e+02,1.27763e-01,4.51624e+01,1.59297e-01,9.88039e-01,1.76199e+00,1.88530e+01,2.35267e+00,1.58299e+01,2.70797e-01,6.17398e+01,1.82728e+00,6.11655e-01,9.17124e-01,8.71750e+00,2.41748e+00,2.59724e-01,1.08041e+00,3.69819e+00
6.17988e-01,1.09411e+02,1.27410e-01,4.39325e+01,1.58951e-01,9.43153e-01,1.77045e+00,1.83346e+01,2.34724e+00,1.56412e+01,2.68974e-01,6.17664e+01,1.81595e+00,6.10021e-01,9.13852e-01,8.72497e+00,2.38927e+00,2.58828e-01,1.07976e+00,3.66791e+00
6.16077e-01,1.10705e+02,1.27048e-01,4.27528e+01,1.58627e-01,9.02087e-01,1.78755e+00,1.78425e+01,2.34177e+00,1.54622e+01,2.68286e-01,6.21323e+01,1.80450e+00,6.08428e-01,9.06655e-01,8.87920e+00,2.36196e+00,2.57954e-01,1.07981e+00,3.63660e+00
6.13768e-01,1.11350e+02,1.26687e-01,4.16223e+01,1.58290e-01,8.66605e-01,1.81795e+00,1.73768e+01,2.33620e+00,1.52924e+01,2.68932e-01,6.29348e+01,1.79290e+00,6.06843e-01,8.96834e-01,9.46552e+00,2.33582e+00,2.57087e-01,1.08001e+00,3.60480e+00
6.11068e-01,1.11402e+02,1.26325e-01,4.05382e+01,1.57953e-01,8.36815e-01,1.86837e+00,1.69379e+01,2.33058e+00,1.51313e+01,2.70990e-01,6.42559e+01,1.78118e+00,6.05293e-01,8.85411e-01,1.06411e+01,2.31108e+00,2.56221e-01,1.08004e+00,3.57241e+00
6.07993e-01,1.10934e+02,1.25971e-01,3.95009e+01,1.57623e-01,8.12169e-01,1.94632e+00,1.65252e+01,2.32489e+00,1.49780e+01,2.74399e-01,6.61456e+01,1.76935e+00,6.03752e-01,8.73200e-01,1.20595e+01,2.28777e+00,2.55359e-01,1.07956e+00,3.53995e+00
6.04634e-01,1.10026e+02,1.25618e-01,3.85066e+01,1.57292e-01,7.91959e-01,2.05653e+00,1.61400e+01,2.31916e+00,1.48318e+01,2.79036e-01,6.86070e+01,1.75740e+00,6.02232e-01,8.60789e-01,1.31929e+01,2.26582e+00,2.54514e-01,1.07828e+00,3.50751e+00
6.01064e-01,1.08752e+02,1.25253e-01,3.75566e+01,1.56956e-01,7.75463e-01,2.19517e+00,1.57812e+01,2.31340e+00,1.46926e+01,2.84680e-01,7.16015e+01,1.74530e+00,6.00718e-01,8.48602e-01,1.38241e+01,2.24517e+00,2.53679e-01,1.07601e+00,3.47552e+00
5.97330e-01,1.07183e+02,1.24894e-01,3.66474e+01,1.56609e-01,7.62001e-01,2.34624e+00,1.54474e+01,2.30757e+00,1.45597e+01,2.91080e-01,7.50699e+01,1.73315e+00,5.99207e-01,8.36791e-01,1.40222e+01,2.22575e+00,2.52865e-01,1.07263e+00,3.44422e+00
5.93530e-01,1.05382e+02,1.24539e-01,3.57796e+01,1.56257e-01,7.51010e-01,2.48571e+00,1.51363e+01,2.30174e+00,1.44326e+01,2.98061e-01,7.89503e+01,1.72104e+00,5.97708e-01,8.25349e-01,1.39393e+01,2.20752e+00,2.52056e-01,1.06804e+00,3.41381e+00
5.89764e-01,1.03408e+02,1.24193e-01,3.49513e+01,1.57006e-01,7.46481e-01,2.59252e+00,1.48466e+01,2.29588e+00,1.43261e+01,3.05719e-01,8.31890e+01,1.70903e+00,5.96209e-01,8.29023e-01,1.37014e+01,2.19044e+00,2.51258e-01,1.06239e+00,3.38453e+00
5.86059e-01,1.01363e+02,1.25443e-01,3.41672e+01,1.62021e-01,7.47440e-01,2.66085e+00,1.45838e+01,2.29193e+00,1.42667e+01,3.74700e-01,8.78020e+01,1.69731e+00,5.95066e-01,8.51922e-01,1.33860e+01,2.17512e+00,2.52602e-01,1.16752e+00,3.35647e+00
5.82858e-01,9.96602e+01,1.29699e-01,3.34402e+01,1.79611e-01,1.23410e+00,2.78925e+00,1.43731e+01,2.28905e+00,1.43823e+01,7.50302e-01,9.28110e+01,1.68588e+00,5.93922e-01,1.13259e+00,1.30323e+01,2.16197e+00,2.53428e-01,1.92357e+00,3.33001e+00
5.79812e-01,9.78623e+01,1.35375e-01,3.27933e+01,2.26868e-01,3.32515e+00,3.47304e+00,1.42651e+01,2.28681e+00,1.49519e+01,1.24874e+00,9.81836e+01,1.67522e+00,5.92795e-01,2.01083e+00,1.26593e+01,2.15020e+00,2.54742e-01,3.47005e+00,3.30499e+00
5.76862e-01,9.59990e+01,1.40968e-01,3.22280e+01,3.01773e-01,6.89720e+00,4.43994e+00,1.42315e+01,2.28505e+00,1.62189e+01,1.52917e+00,1.03690e+02,1.66490e+00,5.91795e-01,3.13338e+00,1.22739e+01,2.13940e+00,2.57725e-01,5.98560e+00,3.28161e+00
5.74157e-01,9.45777e+01,1.45059e-01,3.16894e+01,3.84795e-01,1.22038e+01,5.54554e+00,1.41703e+01,2.28339e+00,1.80266e+01,1.70207e+00,1.09252e+02,1.65516e+00,5.91013e-01,4.36569e+00,1.18806e+01,2.12952e+00,2.61691e-01,1.08378e+01,3.25976e+00
5.71816e-01,9.39804e+01,1.48022e-01,3.11898e+01,4.62468e-01,2.60553e+01,7.30434e+00,1.40768e+01,2.28192e+00,2.03044e+01,1.77864e+00,1.14903e+02,1.64649e+00,5.90473e-01,5.28786e+00,1.14830e+01,2.12071e+00,2.65564e-01,1.45432e+01,3.23944e+00
5.69993e-01,9.44920e+01,1.50208e-01,3.07776e+01,5.10162e-01,3.49498e+01,9.51569e+00,1.39806e+01,2.28097e+00,2.33841e+01,1.70523e+00,1.20539e+02,1.63816e+00,5.90121e-01,5.52366e+00,1.10855e+01,2.11247e+00,2.68897e-01,1.43092e+01,3.22062e+00
5.68669e-01,9.60267e+01,1.52016e-01,3.04766e+01,5.16543e-01,3.26730e+01,1.09334e+01,1.38778e+01,2.28077e+00,2.76794e+01,1.55013e+00,1.25896e+02,1.63041e+00,5.90007e-01,5.33642e+00,1.06929e+01,2.10450e+00,2.71863e-01,1.21713e+01,3.20318e+00
5.67772e-01,9.81778e+01,1.52787e-01,3.02983e+01,4.98281e-01,2.67553e+01,1.15032e+01,1.37685e+01,2.28124e+00,3.34640e+01,1.38859e+00,1.30729e+02,1.62321e+00,5.90264e-01,5.05558e+00,1.03095e+01,2.09702e+00,2.74552e-01,9.89034e+00,3.18724e+00
5.67173e-01,1.00678e+02,1.52358e-01,3.02807e+01,4.74662e-01,2.18548e+01,1.14582e+01,1.36652e+01,2.28226e+00,4.08119e+01,1.25712e+00,1.34923e+02,1.61652e+00,5.90950e-01,4.78720e+00,9.94044e+00,2.09044e+00,2.76662e-01,8.09073e+00,3.17263e+00
5.66761e-01,1.03186e+02,1.50900e-01,3.05401e+01,4.55308e-01,2.01034e+01,1.19560e+01,1.35954e+01,2.28361e+00,4.97427e+01,1.16542e+00,1.38440e+02,1.61036e+00,5.91913e-01,4.58786e+00,9.58947e+00,2.08512e+00,2.77761e-01,6.86434e+00,3.15909e+00
5.66550e-01,1.05030e+02,1.49238e-01,3.12368e+01,4.42228e-01,2.25962e+01,2.06121e+01,1.36128e+01,2.28520e+00,5.97321e+01,1.10989e+00,1.41220e+02,1.60475e+00,5.92949e-01,4.60018e+00,9.25967e+00,2.08116e+00,2.77585e-01,6.10257e+00,3.14660e+00
5.66541e-01,1.05592e+02,1.48324e-01,3.24300e+01,4.32925e-01,2.71996e+01,4.99255e+01,1.37942e+01,2.28675e+00,6.85301e+01,1.08896e+00,1.43253e+02,1.59967e+00,5.93949e-01,5.01128e+00,8.95242e+00,2.07829e+00,2.76176e-01,5.64289e+00,3.13516e+00
5.66784e-01,1.04719e+02,1.48940e-01,3.40058e+01,4.23402e-01,3.00826e+01,7.53841e+01,1.42002e+01,2.28801e+00,7.36724e+01,1.11772e+00,1.44726e+02,1.59507e+00,5.94848e-01,5.86181e+00,8.66910e+00,2.07623e+00,2.73859e-01,5.35370e+00,3.12461e+00
5.67262e-01,1.02711e+02,1.51287e-01,3.57286e+01,4.10813e-01,3.00471e+01,8.56881e+01,1.48155e+01,2.28864e+00,7.49721e+01,1.23206e+00,1.46036e+02,1.59086e+00,5.95740e-01,6.94412e+00,8.41014e+00,2.07471e+00,2.71140e-01,5.14062e+00,3.11503e+00
5.67922e-01,1.00068e+02,1.54758e-01,3.72992e+01,3.94526e-01,2.79746e+01,8.72959e+01,1.55447e+01,2.28834e+00,7.41391e+01,1.46344e+00,1.47631e+02,1.58699e+00,5.96703e-01,8.15312e+00,8.17501e+00,2.07364e+00,2.68559e-01,4.92754e+00,3.10626e+00
5.68609e-01,9.72297e+01,1.58146e-01,3.85445e+01,3.75538e-01,2.50099e+01,8.49133e+01,1.62710e+01,2.28696e+00,7.28918e+01,1.78440e+00,1.49808e+02,1.58340e+00,5.97829e-01,1.01510e+01,7.96299e+00,2.07306e+00,2.66693e-01,4.66728e+00,3.09843e+00
5.69204e-01,9.44527e+01,1.60341e-01,4.04851e+01,3.55327e-01,2.18977e+01,8.05007e+01,1.69232e+01,2.28456e+00,7.17723e+01,2.10316e+00,1.52625e+02,1.58003e+00,5.99146e-01,1.40515e+01,7.77246e+00,2.07293e+00,2.66097e-01,4.35379e+00,3.09120e+00
5.69586e-01,9.18253e+01,1.60762e-01,4.91748e+01,3.35081e-01,1.89973e+01,7.51013e+01,1.75054e+01,2.28127e+00,7.02690e+01,2.33822e+00,1.55973e+02,1.57679e+00,6.00584e-01,1.88139e+01,7.60162e+00,2.07311e+00,2.67422e-01,4.00924e+00,3.08474e+00
5.69710e-01,8.93688e+01,1.59425e-01,7.19237e+01,3.15592e-01,1.64427e+01,6.93668e+01,1.80879e+01,2.27733e+00,6.77236e+01,2.47384e+00,1.59725e+02,1.57372e+00,6.02026e-01,2.19393e+01,7.44783e+00,2.07333e+00,2.71276e-01,3.66257e+00,3.07891e+00
5.69541e-01,8.71073e+01,1.56714e-01,9.72585e+01,2.97242e-01,1.42616e+01,6.35716e+01,1.87622e+01,2.27299e+00,6.39749e+01,2.54844e+00,1.63829e+02,1.57074e+00,6.03359e-01,2.26368e+01,7.30770e+00,2.07331e+00,2.78027e-01,3.33569e+00,3.07359e+00
5.69060e-01,8.50676e+01,1.53125e-01,1.12403e+02,2.80225e-01,1.24406e+01,5.78429e+01,1.95753e+01,2.26837e+00,5.93368e+01,2.62903e+00,1.68294e+02,1.56785e+00,6.04462e-01,2.15893e+01,7.17877e+00,2.07270e+00,2.87648e-01,3.04074e+00,3.06896e+00
5.68333e-01,8.32348e+01,1.49097e-01,1.17485e+02,2.64619e-01,1.09477e+01,5.22979e+01,2.04811e+01,2.26362e+00,5.43003e+01,2.87086e+00,1.73064e+02,1.56498e+00,6.05262e-01,1.96945e+01,7.05922e+00,2.07137e+00,2.99480e-01,2.78195e+00,3.06481e+00
5.67360e-01,8.15201e+01,1.45036e-01,1.16702e+02,2.50425e-01,9.74393e+00,4.70519e+01,2.13586e+01,2.25876e+00,4.92852e+01,3.87829e+00,1.77915e+02,1.56213e+00,6.05665e-01,1.75706e+01,6.94805e+00,2.06920e+00,3.12247e-01,2.55886e+00,3.06136e+00
5.66163e-01,7.98003e+01,1.41154e-01,1.13223e+02,2.37654e-01,8.78381e+00,4.22045e+01,2.20871e+01,2.25386e+00,4.45596e+01,6.92924e+00,1.82511e+02,1.55931e+00,6.05619e-01,1.55481e+01,6.84494e+00,2.06607e+00,3.24426e-01,2.36866e+00,3.05832e+00
5.64808e-01,7.79726e+01,1.37612e-01,1.08700e+02,2.26297e-01,8.01859e+00,3.78243e+01,2.26216e+01,2.24890e+00,4.02614e+01,1.17503e+01,1.86487e+02,1.55647e+00,6.05101e-01,1.37599e+01,6.74991e+00,2.06200e+00,3.34552e-01,2.20768e+00,3.05593e+00
5.63305e-01,7.59994e+01,1.34480e-01,1.03854e+02,2.16311e-01,7.40002e+00,3.39492e+01,2.30527e+01,2.24399e+00,3.64361e+01,1.63683e+01,1.89548e+02,1.55361e+00,6.04164e-01,1.22314e+01,6.66351e+00,2.05706e+00,3.41561e-01,2.07205e+00,3.05418e+00
