2.96430e+05,3.15945e+05,2.78924e+05,3.20227e+05,2.73098e+05,3.13062e+05,3.22476e+05,3.22481e+05,3.02025e+05,2.96664e+05,3.12191e+05,2.90617e+05,3.03810e+05,3.05388e+05,3.26294e+05,3.18438e+05,3.02269e+05,3.06265e+05,3.02739e+05,3.08554e+05
6.93889e-18,6.93889e-18,6.93889e-18,6.93889e-18,6.93889e-18,6.93889e-18,6.93889e-18,6.93889e-18,6.93889e-18,6.93889e-18,6.93889e-18,6.93889e-18,6.93889e-18,6.93889e-18,6.93889e-18,6.93889e-18,6.93889e-18,6.93889e-18,6.93889e-18,6.93889e-18
2.08167e-17,5.20417e-18,4.85723e-17,3.46945e-17,3.81639e-17,2.77556e-17,6.93889e-18,4.16334e-17,3.12250e-17,1.90820e-17,3.12250e-17,3.46945e-18,2.77556e-17,2.42861e-17,3.46945e-18,2.08167e-17,4.16334e-17,2.25514e-17,6.24500e-17,1.21431e-17
2.77556e-17,1.56125e-17,6.93889e-17,1.40000e-09,8.32667e-17,5.89806e-17,3.46945e-17,4.85723e-17,4.51028e-17,8.67362e-18,6.93889e-18,6.93889e-18,4.85723e-17,1.04083e-17,3.46945e-17,1.38778e-17,1.04083e-17,2.42861e-17,1.11022e-16,3.12250e-17
4.16334e-17,1.21431e-17,1.24900e-16,1.40000e-09,1.38778e-16,6.24500e-17,2.08167e-17,1.38778e-17,1.38778e-17,1.73472e-17,7.63278e-17,0.00000e+00,2.42861e-17,6.24500e-17,2.42861e-17,4.43959e-09,8.32667e-17,2.42861e-17,1.38778e-17,1.38778e-17
1.38778e-17,1.90820e-17,9.71445e-17,4.20000e-09,1.52656e-16,2.77556e-17,0.00000e+00,8.32667e-17,4.85723e-17,6.24500e-17,4.85723e-17,2.17945e-09,8.32667e-17,6.93889e-18,3.46945e-18,4.43959e-09,6.24500e-17,2.42861e-17,1.11022e-16,6.24500e-17
8.32667e-17,6.93889e-18,5.55112e-17,2.80000e-09,2.35922e-16,5.55112e-17,1.24900e-16,3.46945e-17,6.24500e-17,8.32667e-17,1.24900e-16,2.25514e-17,6.93889e-17,1.38778e-16,2.42861e-17,2.21980e-08,6.93889e-18,6.24500e-17,1.94289e-16,6.93889e-17
4.16334e-17,0.00000e+00,2.49800e-16,5.60000e-09,1.94289e-16,5.55112e-17,1.94289e-16,8.32667e-17,8.32667e-17,1.94289e-16,1.04083e-16,3.12250e-17,3.46945e-17,1.66533e-16,1.73472e-17,4.43959e-09,0.00000e+00,1.04083e-16,2.22045e-16,3.46945e-17
1.38778e-17,2.08167e-17,1.66533e-16,1.96000e-08,3.33067e-16,0.00000e+00,1.94289e-16,8.32667e-17,1.11022e-16,2.22045e-16,6.93889e-18,2.77556e-17,8.32667e-17,1.11022e-16,3.46945e-18,2.49800e-16,0.00000e+00,6.93889e-18,8.32667e-17,4.16334e-17
1.11022e-16,4.16334e-17,4.71845e-16,4.20774e-08,1.38778e-16,4.16334e-17,1.24900e-16,4.85723e-17,6.93889e-17,3.33067e-16,1.17961e-16,1.73472e-17,8.32667e-17,4.16334e-17,2.08167e-17,1.94289e-16,6.93889e-17,6.93889e-18,1.66533e-16,1.11022e-16
1.24900e-16,3.46945e-17,2.77556e-16,1.33918e-07,3.60822e-16,2.08167e-16,1.52656e-16,7.63278e-17,1.38778e-17,1.11022e-16,1.24900e-16,6.93889e-18,4.85723e-17,8.32667e-17,2.08167e-17,4.43959e-08,6.24500e-17,9.71445e-17,2.49800e-16,1.66533e-16
4.16334e-17,6.93889e-17,0.00000e+00,3.43019e-07,1.11022e-16,8.32667e-17,1.38778e-16,8.32667e-17,0.00000e+00,4.20833e-08,1.24900e-16,2.17945e-09,1.11022e-16,2.63678e-16,5.55112e-17,4.43959e-08,6.93889e-17,1.38778e-16,4.99600e-16,2.08167e-16
2.77556e-16,9.71445e-17,3.33067e-16,4.63603e-07,2.77556e-16,4.44089e-16,1.52656e-16,1.66533e-16,6.93889e-17,4.20833e-08,1.11022e-16,2.17945e-09,5.55112e-17,2.49800e-16,6.24500e-17,4.43959e-08,6.93889e-17,1.52656e-16,3.88578e-16,2.49800e-16
2.77556e-16,0.00000e+00,1.94289e-16,4.68102e-07,2.22045e-16,4.16334e-16,1.11022e-16,6.93889e-17,2.77556e-16,8.41665e-08,8.32667e-17,3.46945e-17,5.55112e-17,2.77556e-16,3.46945e-17,2.22045e-16,6.93889e-18,2.77556e-17,3.33067e-16,1.94289e-16
8.32667e-17,1.11022e-16,1.66533e-16,4.42316e-07,4.99600e-16,3.88578e-16,1.52656e-16,1.11022e-16,1.38778e-16,2.10416e-07,1.52656e-16,2.17945e-09,1.11022e-16,3.05311e-16,3.46945e-17,0.00000e+00,1.38778e-16,0.00000e+00,2.22045e-16,1.94289e-16
2.22045e-16,1.38778e-16,3.05311e-16,4.71483e-07,2.22045e-16,2.49800e-16,5.55112e-17,1.24900e-16,2.22045e-16,3.82094e-07,1.52656e-16,2.17945e-09,9.71445e-17,1.94289e-16,6.93889e-17,1.94289e-16,2.77556e-17,2.22045e-16,1.66533e-16,1.66533e-16
3.88578e-16,3.60822e-16,2.22045e-16,5.36187e-07,1.66533e-16,3.88578e-16,5.55112e-17,8.32667e-17,8.32667e-17,5.17280e-07,1.38778e-16,2.41661e-09,1.11022e-16,2.77556e-16,6.93889e-18,2.49800e-16,1.11022e-16,2.22045e-16,1.11022e-16,1.38778e-16
5.55112e-17,3.88578e-16,1.11022e-16,5.20203e-07,2.22045e-16,2.22045e-16,3.60822e-16,1.52656e-16,2.77556e-17,6.75629e-07,1.38778e-16,2.17945e-09,9.71445e-17,5.55112e-16,4.16334e-17,1.94289e-16,1.80411e-16,5.55112e-17,5.55112e-16,8.32667e-17
3.88578e-16,2.49800e-16,2.22045e-16,5.67465e-07,8.32667e-16,4.44089e-16,3.05311e-16,2.77556e-17,2.77556e-16,6.74456e-07,1.52656e-16,3.65513e-09,1.66533e-16,1.66533e-16,8.32667e-17,1.94289e-16,1.24900e-16,0.00000e+00,1.66533e-16,0.00000e+00
5.55112e-17,2.77556e-17,2.49800e-16,6.03420e-07,3.33067e-16,3.88578e-16,3.88578e-16,1.11022e-16,4.99600e-16,7.90379e-07,6.93889e-17,9.94987e-10,9.71445e-17,6.10623e-16,6.93889e-17,5.55112e-16,2.49800e-16,8.32667e-17,5.55112e-16,5.55112e-17
6.66134e-16,2.77556e-16,0.00000e+00,5.62618e-07,4.44089e-16,4.44089e-16,1.66533e-16,1.24900e-16,6.10623e-16,1.06006e-06,2.77556e-17,2.17945e-08,1.24900e-16,6.66134e-16,1.11022e-16,4.44089e-16,4.16334e-17,5.55112e-17,8.32667e-16,1.66533e-16
2.22045e-16,2.77556e-16,1.66533e-16,4.85052e-07,2.22045e-16,4.44089e-16,1.66533e-16,0.00000e+00,0.00000e+00,2.46712e-06,8.32667e-17,0.00000e+00,3.05311e-16,4.99600e-16,8.32667e-17,3.88578e-16,1.38778e-17,1.94289e-16,5.55112e-16,3.05311e-16
1.33227e-15,1.38778e-16,2.22045e-16,6.51448e-07,5.55112e-16,1.94289e-16,3.88578e-16,2.77556e-17,3.88578e-16,4.73433e-06,1.11022e-16,3.60822e-16,2.77556e-17,1.66533e-16,1.38778e-16,4.99600e-16,1.24900e-16,1.80411e-16,0.00000e+00,2.49800e-16
6.66134e-16,1.66533e-16,1.52656e-16,8.75600e-07,6.10623e-16,4.71845e-16,1.11022e-16,1.38778e-17,0.00000e+00,4.46758e-06,9.71445e-17,3.05311e-16,2.77556e-17,3.33067e-16,1.94289e-16,1.66533e-16,8.32667e-17,2.08167e-16,1.11022e-15,2.77556e-16
1.11022e-15,1.38778e-16,1.66533e-16,1.00714e-06,8.88178e-16,3.05311e-16,3.88578e-16,4.16334e-17,2.77556e-16,3.75104e-06,6.93889e-17,2.22045e-16,1.66533e-16,2.77556e-16,9.71445e-17,8.88178e-16,1.94289e-16,1.52656e-16,0.00000e+00,6.10623e-16
5.55112e-16,1.66533e-16,6.93889e-17,9.73794e-07,6.66134e-16,3.60822e-16,5.55112e-17,0.00000e+00,6.10623e-16,1.40251e-06,1.38778e-16,3.88578e-16,0.00000e+00,3.33067e-16,1.52656e-16,5.55112e-17,2.22045e-16,1.38778e-16,7.77156e-16,5.55112e-17
1.22125e-15,2.49800e-16,1.11022e-16,8.73619e-07,1.11022e-16,3.05311e-16,1.11022e-16,1.38778e-17,3.33067e-16,6.66590e-06,0.00000e+00,6.10623e-16,6.10623e-16,5.55112e-16,6.93889e-17,0.00000e+00,0.00000e+00,4.16334e-17,9.99201e-16,6.10623e-16
8.88178e-16,1.11022e-16,6.93889e-17,7.88880e-07,3.88578e-16,8.32667e-17,0.00000e+00,2.77556e-17,1.11022e-15,8.57616e-06,1.52656e-16,7.77156e-16,6.66134e-16,7.21645e-16,2.22045e-16,5.55112e-16,2.77556e-16,9.71445e-17,6.66134e-16,4.44089e-16
3.33067e-16,5.55112e-17,2.77556e-17,3.97556e-07,6.10623e-16,3.05311e-16,5.55112e-17,1.52656e-16,7.21645e-16,3.90175e-06,1.38778e-17,5.55112e-17,6.10623e-16,3.88578e-16,6.93889e-17,4.99600e-16,1.94289e-16,1.52656e-16,4.44089e-16,5.55112e-16
7.77156e-16,1.94289e-16,1.38778e-16,6.72080e-07,1.11022e-16,8.32667e-17,8.32667e-17,0.00000e+00,1.66533e-16,4.00306e-06,1.38778e-17,8.88178e-16,3.33067e-16,3.88578e-16,1.66533e-16,8.88178e-16,1.94289e-16,1.38778e-16,8.88178e-16,4.44089e-16
3.33067e-16,3.05311e-16,5.55112e-17,1.36107e-06,1.11022e-16,0.00000e+00,3.05311e-16,2.35922e-16,2.77556e-16,5.71140e-06,1.66533e-16,4.27083e-08,2.77556e-16,6.66134e-16,1.11022e-16,8.32667e-16,2.22045e-16,2.63678e-16,1.22125e-15,1.66533e-16
2.22045e-16,2.77556e-17,1.52656e-16,3.15511e-06,3.88578e-16,0.00000e+00,2.49800e-16,1.24900e-16,8.88178e-16,5.16373e-06,1.11022e-16,4.27083e-08,2.22045e-16,4.99600e-16,1.94289e-16,1.22125e-15,3.33067e-16,2.63678e-16,6.66134e-16,5.55112e-17
9.99201e-16,2.77556e-17,1.11022e-16,4.46325e-06,1.11022e-16,3.05311e-16,5.55112e-17,8.32667e-17,6.10623e-16,4.22687e-06,1.11022e-16,0.00000e+00,7.77156e-16,4.44089e-16,5.55112e-17,3.33067e-16,8.32667e-17,5.55112e-17,7.77156e-16,1.11022e-16
5.55112e-16,1.94289e-16,5.55112e-17,5.70611e-06,4.16334e-16,8.32667e-17,8.32667e-17,1.94289e-16,7.77156e-16,3.64202e-06,1.11022e-16,4.44089e-16,3.33067e-16,0.00000e+00,0.00000e+00,8.88178e-16,4.33013e-08,2.49800e-16,1.22125e-15,3.33067e-16
7.77156e-16,1.94289e-16,1.94289e-16,6.05208e-06,2.77556e-17,1.38778e-16,1.66533e-16,4.16334e-16,6.66134e-16,3.23858e-06,0.00000e+00,4.27083e-08,8.88178e-16,5.55112e-17,1.38778e-16,1.33227e-15,8.66025e-08,2.49800e-16,4.44089e-16,6.66134e-16
8.88178e-16,3.60822e-16,1.38778e-16,5.18474e-06,2.22045e-16,0.00000e+00,2.49800e-16,0.00000e+00,6.10623e-16,3.36256e-06,2.77556e-17,4.27083e-08,4.99600e-16,5.55112e-16,1.38778e-16,1.55431e-15,1.08531e-07,3.33067e-16,4.44089e-16,3.88578e-16
5.55112e-16,1.38778e-16,1.80411e-16,4.47952e-06,4.71845e-16,2.49800e-16,3.88578e-16,1.66533e-16,3.88578e-16,3.64012e-06,8.32667e-17,1.11022e-16,2.77556e-16,5.55112e-17,2.22045e-16,9.99201e-16,1.69988e-07,8.32667e-17,1.55431e-15,7.77156e-16
7.77156e-16,3.05311e-16,1.38778e-17,5.61115e-06,1.38778e-16,3.05311e-16,3.05311e-16,4.99600e-16,6.66134e-16,4.81415e-06,1.94289e-16,4.44089e-16,6.10623e-16,6.10623e-16,6.10623e-16,9.99201e-16,2.77869e-07,1.94289e-16,2.22045e-16,1.11022e-16
1.11022e-15,4.16334e-16,6.93889e-17,6.74744e-06,4.99600e-16,1.38778e-16,4.71845e-16,2.22045e-16,5.55112e-16,6.29517e-06,1.24900e-16,1.22125e-15,1.11022e-15,1.66533e-16,3.33067e-16,4.44089e-16,4.50444e-07,1.94289e-16,9.99201e-16,7.77156e-16
1.22125e-15,2.22045e-16,1.11022e-16,8.26836e-06,3.05311e-16,1.94289e-16,2.22045e-16,5.55112e-17,8.88178e-16,9.43365e-06,1.24900e-16,1.22125e-15,0.00000e+00,7.77156e-16,8.32667e-16,1.70587e-08,6.59147e-07,2.22045e-16,7.77156e-16,3.33067e-16
1.44329e-15,2.77556e-16,5.55112e-17,8.57238e-06,2.77556e-17,4.44089e-16,3.88578e-16,3.05311e-16,1.22125e-15,8.39420e-06,1.80411e-16,1.11022e-15,1.22125e-15,9.43690e-16,6.66134e-16,1.51694e-07,9.32708e-07,1.38778e-16,7.77156e-16,4.44089e-16
9.99201e-16,7.21645e-16,6.93889e-17,7.54219e-06,3.05311e-16,3.33067e-16,3.33067e-16,3.05311e-16,9.99201e-16,7.91049e-06,1.80411e-16,2.17945e-08,1.11022e-16,6.10623e-16,1.66533e-16,8.79043e-07,1.30556e-06,1.66533e-16,1.44329e-15,1.22125e-15
7.77156e-16,5.55112e-16,8.32667e-17,7.59151e-06,1.11022e-16,7.77156e-16,5.55112e-17,4.99600e-16,4.44089e-16,7.65707e-06,1.24900e-16,1.95959e-08,1.33227e-15,5.55112e-16,4.99600e-16,7.71707e-07,1.94749e-06,2.77556e-17,1.11022e-16,1.11022e-16
0.00000e+00,3.88578e-16,8.32667e-17,8.48837e-06,2.49800e-16,1.11022e-16,4.44089e-16,3.33067e-16,0.00000e+00,6.75804e-06,1.66533e-16,1.77636e-15,2.22045e-16,2.22045e-16,6.66134e-16,5.99970e-07,3.02618e-06,8.32667e-17,1.11022e-15,2.22045e-16
1.33227e-15,6.66134e-16,8.32667e-17,8.70887e-06,3.05311e-16,3.88578e-16,2.77556e-16,3.88578e-16,6.66134e-16,7.96377e-06,0.00000e+00,1.33227e-15,2.22045e-16,7.77156e-16,5.55112e-16,1.11683e-06,4.54401e-06,1.66533e-16,2.33147e-15,1.11022e-16
5.55112e-16,2.22045e-16,9.71445e-17,8.60499e-06,1.94289e-16,4.99600e-16,0.00000e+00,5.55112e-17,1.33227e-15,1.02961e-05,2.49800e-16,6.66134e-16,1.11022e-16,1.22125e-15,9.99201e-16,1.67759e-06,6.01807e-06,5.55112e-17,1.55431e-15,1.99840e-15
1.11022e-15,7.21645e-16,5.55112e-17,9.36293e-06,3.05311e-16,2.77556e-16,0.00000e+00,5.55112e-16,4.44089e-16,1.39530e-05,2.22045e-16,1.99840e-15,7.77156e-16,1.11022e-15,5.55112e-16,5.56299e-06,8.64407e-06,3.33067e-16,1.55431e-15,1.77636e-15
9.99201e-16,1.66533e-16,8.32667e-17,9.58956e-06,5.55112e-17,9.99201e-16,4.99600e-16,1.11022e-16,6.66134e-16,1.87260e-05,2.77556e-16,1.77636e-15,1.11022e-16,1.11022e-16,7.77156e-16,5.79440e-06,1.07423e-05,1.38778e-16,1.99840e-15,1.11022e-15
9.99201e-16,3.12890e-08,0.00000e+00,9.67959e-06,2.22045e-16,0.00000e+00,1.66533e-16,3.88578e-16,1.44329e-15,1.79490e-05,1.66533e-16,4.27083e-07,7.77156e-16,7.77156e-16,7.77156e-16,6.45764e-06,1.21916e-05,0.00000e+00,1.11022e-15,1.33227e-15
5.55112e-16,9.94987e-09,6.93889e-17,9.46839e-06,1.94289e-16,5.55112e-17,4.99600e-16,6.66134e-16,6.66134e-16,1.59740e-05,1.11022e-16,1.33227e-15,0.00000e+00,7.77156e-16,7.77156e-16,7.67226e-06,1.19460e-05,2.77556e-17,3.10862e-15,2.22045e-15
7.77156e-16,3.46987e-08,1.66533e-16,1.16711e-05,2.77556e-17,9.43690e-16,3.33067e-16,5.55112e-16,3.33067e-16,1.49920e-05,2.77556e-17,3.00000e-07,7.77156e-16,3.33067e-16,7.77156e-16,7.23864e-06,1.50976e-05,1.66533e-16,2.22045e-15,1.77636e-15
2.22045e-16,4.31161e-08,4.16334e-17,1.17938e-05,1.94289e-16,7.21645e-16,6.66134e-16,1.11022e-16,0.00000e+00,1.45390e-05,0.00000e+00,4.96387e-07,2.44249e-15,2.10942e-15,9.99201e-16,8.12303e-06,1.45617e-05,2.77556e-16,1.77636e-15,1.77636e-15
1.22125e-15,4.48442e-08,8.32667e-17,9.56420e-06,1.11022e-16,4.99600e-16,0.00000e+00,3.88578e-16,7.77156e-16,1.42629e-05,1.94289e-16,9.94987e-08,1.55431e-15,1.22125e-15,1.33227e-15,7.53612e-06,1.54810e-05,0.00000e+00,2.66454e-15,1.33227e-15
5.55112e-16,1.54519e-07,1.52656e-16,9.40157e-06,0.00000e+00,7.21645e-16,6.66134e-16,5.55112e-17,9.99201e-16,1.22475e-05,2.22045e-16,9.94987e-08,1.99840e-15,4.44089e-16,4.44089e-16,1.17875e-05,1.89878e-05,1.38778e-16,1.55431e-15,1.55431e-15
9.99201e-16,4.41955e-07,1.24900e-16,1.07063e-05,1.94289e-16,3.33067e-16,0.00000e+00,5.55112e-17,1.11022e-15,1.36919e-05,0.00000e+00,6.66134e-16,1.33227e-15,5.55112e-16,7.77156e-16,9.99025e-06,1.76351e-05,2.77556e-17,2.22045e-15,1.11022e-15
3.33067e-16,8.71446e-07,8.32667e-17,1.13431e-05,1.11022e-16,7.77156e-16,5.55112e-16,2.22045e-16,6.66134e-16,1.78097e-05,1.38778e-16,4.14246e-07,1.55431e-15,4.44089e-16,7.77156e-16,1.36473e-05,1.82119e-05,2.49800e-16,1.99840e-15,1.77636e-15
1.11022e-16,2.87165e-06,4.16334e-17,1.01329e-05,2.77556e-17,1.33227e-15,6.66134e-16,9.99201e-16,2.22045e-15,1.69783e-05,5.27356e-16,2.37487e-07,8.88178e-16,3.33067e-16,1.22125e-15,1.43451e-05,1.96930e-05,0.00000e+00,3.77476e-15,1.33227e-15
7.77156e-16,7.34609e-06,1.52656e-16,9.46938e-06,1.66533e-16,3.33067e-16,3.33067e-16,1.66533e-16,1.88738e-15,1.83860e-05,2.22045e-16,2.82135e-07,1.33227e-15,9.99201e-16,1.44329e-15,1.22416e-05,2.77994e-05,3.05311e-16,1.11022e-15,1.11022e-15
1.88738e-15,8.33982e-06,8.32667e-17,9.37279e-06,3.33067e-16,9.99201e-16,1.44329e-15,5.55112e-16,1.99840e-15,2.31651e-05,1.94289e-16,2.37487e-07,3.77476e-15,6.66134e-16,5.55112e-16,1.19008e-05,2.31599e-05,1.94289e-16,1.55431e-15,0.00000e+00
9.99201e-16,8.08344e-06,5.55112e-17,9.97434e-06,1.94289e-16,5.55112e-16,8.88178e-16,3.92938e-08,1.11022e-15,2.15514e-05,4.71845e-16,3.45832e-07,2.22045e-15,4.44089e-16,1.11022e-16,1.07930e-05,1.65901e-05,1.11022e-16,6.66134e-16,6.66134e-16
8.88178e-16,6.44262e-06,1.80411e-16,1.11493e-05,5.55112e-17,4.44089e-16,5.55112e-16,4.48999e-08,4.44089e-16,2.48310e-05,0.00000e+00,5.26403e-07,1.11022e-15,2.22045e-16,1.11022e-15,1.42373e-05,1.68471e-05,5.55112e-17,2.22045e-16,1.33227e-15
3.33067e-16,8.67956e-06,9.71445e-17,1.19936e-05,1.38778e-16,0.00000e+00,1.22125e-15,4.76970e-08,2.22045e-15,2.27392e-05,3.05311e-16,5.45069e-07,2.22045e-16,2.22045e-16,9.99201e-16,1.21539e-05,1.86307e-05,2.77556e-17,6.66134e-16,2.22045e-15
1.33227e-15,7.26755e-06,9.71445e-17,1.26812e-05,1.38778e-16,8.88178e-16,1.11022e-15,1.62096e-07,8.88178e-16,1.97344e-05,2.49800e-16,6.68954e-07,3.33067e-15,3.33067e-16,0.00000e+00,9.27618e-06,1.62096e-05,5.55112e-17,1.33227e-15,1.55431e-15
7.77156e-16,6.88728e-06,1.80411e-16,1.24535e-05,3.60822e-16,3.33067e-16,1.33227e-15,5.29788e-07,1.55431e-15,1.61872e-05,5.27356e-16,1.00280e-06,3.55271e-15,2.22045e-16,1.33227e-15,1.02291e-05,1.65937e-05,2.77556e-17,3.33067e-15,1.55431e-15
1.66533e-15,6.82069e-06,8.32667e-17,1.14402e-05,4.16334e-16,6.66134e-16,9.99201e-16,1.22490e-06,2.44249e-15,1.33474e-05,1.11022e-16,1.14346e-06,4.44089e-16,9.99201e-16,7.77156e-16,1.25461e-05,1.66654e-05,2.49800e-16,1.11022e-15,1.55431e-15
8.88178e-16,8.20999e-06,1.52656e-16,1.07821e-05,3.05311e-16,6.66134e-16,1.11022e-16,2.41772e-06,1.55431e-15,1.67176e-05,3.33067e-16,1.24756e-06,8.88178e-16,6.66134e-16,1.11022e-15,1.73674e-05,2.09813e-05,2.22045e-16,1.77636e-15,1.33227e-15
9.99201e-16,8.23383e-06,6.93889e-17,1.13669e-05,1.94289e-16,4.44089e-16,1.55431e-15,2.76966e-06,1.33227e-15,1.84453e-05,3.05311e-16,1.34681e-06,4.44089e-16,1.11022e-16,0.00000e+00,1.46024e-05,1.87744e-05,1.11022e-16,4.44089e-16,1.33227e-15
1.11022e-16,1.20406e-05,6.93889e-17,1.44945e-05,1.94289e-16,6.66134e-16,1.66533e-15,3.77000e-06,2.22045e-15,1.86866e-05,1.11022e-16,1.38170e-06,1.11022e-15,1.33227e-15,1.11022e-15,2.27461e-05,1.70747e-05,0.00000e+00,2.44249e-15,1.33227e-15
1.22125e-15,8.54728e-06,8.32667e-17,1.78925e-05,3.05311e-16,4.44089e-16,8.88178e-16,4.10248e-06,1.55431e-15,1.78282e-05,1.66533e-16,1.41195e-06,1.33227e-15,2.22045e-16,6.66134e-16,2.41932e-05,1.76062e-05,3.33067e-16,1.77636e-15,2.22045e-16
0.00000e+00,1.41887e-05,1.66533e-16,2.14846e-05,2.77556e-17,4.44089e-16,1.11022e-15,4.36955e-06,2.66454e-15,1.99324e-05,0.00000e+00,1.53555e-06,4.44089e-16,1.22125e-15,8.88178e-16,2.22683e-05,1.99035e-05,8.32667e-17,1.55431e-15,6.66134e-16
1.11022e-15,1.09805e-05,8.32667e-17,2.46774e-05,5.55112e-17,8.88178e-16,1.11022e-16,5.07554e-06,1.55431e-15,2.00793e-05,4.99600e-16,1.52971e-06,2.22045e-16,0.00000e+00,4.44089e-16,2.75515e-05,1.92478e-05,1.94289e-16,8.88178e-16,2.22045e-15
6.66134e-16,8.89883e-06,1.66533e-16,2.64417e-05,1.94289e-16,8.88178e-16,1.33227e-15,4.97636e-06,3.10862e-15,1.89140e-05,0.00000e+00,1.59659e-06,8.88178e-16,1.22125e-15,8.88178e-16,1.60858e-05,2.71942e-05,2.22045e-16,1.11022e-15,2.44249e-15
6.66134e-16,6.86192e-06,1.11022e-16,2.56400e-05,1.94289e-16,7.77156e-16,1.77636e-15,4.54683e-06,1.77636e-15,1.73811e-05,3.88578e-16,1.76963e-06,2.22045e-15,1.22125e-15,0.00000e+00,1.78734e-05,2.55670e-05,1.66533e-16,1.55431e-15,1.77636e-15
1.33227e-15,6.50650e-06,1.11022e-16,2.23669e-05,3.33067e-16,1.22125e-15,5.55112e-16,3.75210e-06,1.11022e-15,1.71423e-05,3.33067e-16,1.87667e-06,1.99840e-15,1.33227e-15,8.88178e-16,2.44364e-05,2.32877e-05,0.00000e+00,1.11022e-15,1.33227e-15
1.11022e-15,5.84206e-06,9.71445e-17,1.79154e-05,1.66533e-16,1.11022e-16,3.33067e-16,3.25695e-06,2.22045e-16,2.32967e-05,3.88578e-16,2.09762e-06,2.22045e-16,7.77156e-16,6.66134e-16,2.40933e-05,2.50595e-05,1.11022e-16,2.88658e-15,1.33227e-15
1.11022e-15,6.97897e-06,1.24900e-16,1.66947e-05,2.22045e-16,4.44089e-16,1.44329e-15,2.98465e-06,1.55431e-15,2.54607e-05,5.55112e-16,2.30920e-06,2.44249e-15,7.77156e-16,1.22125e-15,2.44282e-05,2.75376e-05,2.22045e-16,2.22045e-16,1.33227e-15
8.88178e-16,6.21158e-06,1.38778e-16,1.78050e-05,2.77556e-17,8.88178e-16,8.88178e-16,2.67731e-06,2.22045e-15,2.49012e-05,5.55112e-16,2.54684e-06,2.22045e-15,1.22125e-15,2.22045e-16,2.89949e-05,2.59942e-05,1.66533e-16,1.77636e-15,2.66454e-15
1.44329e-15,6.88740e-06,1.24900e-16,1.83135e-05,5.55112e-17,3.33067e-16,3.33067e-16,2.28902e-06,2.66454e-15,2.87525e-05,6.66134e-16,2.79464e-06,1.77636e-15,7.77156e-16,7.77156e-16,2.25211e-05,2.27229e-05,2.49800e-16,4.44089e-16,1.55431e-15
1.22125e-15,7.55802e-06,1.80411e-16,1.79040e-05,1.66533e-16,9.99201e-16,1.77636e-15,2.70378e-06,1.99840e-15,2.92685e-05,6.10623e-16,3.16346e-06,8.88178e-16,7.77156e-16,6.66134e-16,2.87019e-05,2.06591e-05,3.33067e-16,2.22045e-15,2.22045e-16
3.33067e-16,6.63126e-06,9.71445e-17,1.86437e-05,3.88578e-16,1.11022e-15,5.55112e-16,2.60699e-06,1.33227e-15,2.55388e-05,5.55112e-16,3.47079e-06,1.55431e-15,6.66134e-16,6.66134e-16,2.42522e-05,2.19328e-05,3.05311e-16,0.00000e+00,1.11022e-15
4.44089e-16,6.46746e-06,1.38778e-16,1.88528e-05,1.94289e-16,0.00000e+00,1.11022e-16,3.58434e-06,2.22045e-15,2.32884e-05,5.55112e-17,3.91371e-06,1.33227e-15,4.44089e-16,1.66533e-16,2.57368e-05,2.00216e-05,1.94289e-16,1.99840e-15,0.00000e+00
3.33067e-16,6.95627e-06,4.16334e-17,1.86508e-05,2.77556e-16,1.11022e-15,1.11022e-16,5.29773e-06,2.44249e-15,2.39664e-05,5.55112e-17,4.28607e-06,6.66134e-16,1.11022e-15,7.21645e-16,1.68440e-05,2.02399e-05,5.55112e-17,1.99840e-15,1.99840e-15
0.00000e+00,1.60329e-05,1.24900e-16,1.85859e-05,4.44089e-16,6.66134e-16,4.44089e-16,6.11401e-06,1.99840e-15,2.10708e-05,3.33067e-16,4.80703e-06,1.33227e-15,7.77156e-16,0.00000e+00,1.57111e-05,1.73543e-05,1.66533e-16,2.22045e-15,6.66134e-16
1.11022e-15,1.13421e-05,1.38778e-16,1.78507e-05,3.05311e-16,7.77156e-16,1.55431e-15,5.79029e-06,0.00000e+00,2.01889e-05,4.99600e-16,5.33588e-06,1.99840e-15,0.00000e+00,5.55112e-16,1.59974e-05,1.74216e-05,8.32667e-17,1.99840e-15,2.22045e-16
3.33067e-16,1.39177e-05,6.93889e-17,2.27585e-05,2.77556e-17,3.33067e-16,3.33067e-16,5.11088e-06,3.77476e-15,2.12443e-05,1.66533e-16,5.93002e-06,2.22045e-16,7.77156e-16,9.43690e-16,1.47262e-05,1.86627e-05,1.38778e-16,1.55431e-15,1.33227e-15
6.66134e-16,2.44098e-05,1.11022e-16,2.47236e-05,5.27356e-16,9.99201e-16,1.77636e-15,4.46314e-06,1.33227e-15,2.32358e-05,0.00000e+00,6.62464e-06,1.33227e-15,9.99201e-16,3.33067e-16,1.58850e-05,1.90087e-05,2.77556e-17,2.44249e-15,1.11022e-15
6.66134e-16,1.06964e-05,1.38778e-16,2.29780e-05,8.32667e-17,1.33227e-15,1.33227e-15,3.65344e-06,1.77636e-15,2.43263e-05,2.22045e-16,7.32161e-06,3.77476e-15,7.77156e-16,3.33067e-16,1.61022e-05,1.83047e-05,3.05311e-16,1.33227e-15,1.11022e-15
2.22045e-16,2.27982e-05,8.32667e-17,2.35835e-05,2.77556e-17,7.77156e-16,1.11022e-16,4.05887e-06,4.44089e-16,2.13719e-05,0.00000e+00,8.01733e-06,1.33227e-15,1.11022e-15,7.21645e-16,1.49023e-05,1.59818e-05,1.38778e-16,1.77636e-15,1.77636e-15
5.55112e-16,1.57906e-05,1.38778e-16,2.45881e-05,1.66533e-16,1.22125e-15,1.11022e-16,4.80899e-06,4.44089e-16,2.11278e-05,1.66533e-16,8.82213e-06,1.55431e-15,5.55112e-16,8.88178e-16,1.42396e-05,1.70967e-05,3.33067e-16,1.55431e-15,2.44249e-15
7.77156e-16,1.23954e-05,5.55112e-17,2.60444e-05,2.22045e-16,5.55112e-16,6.66134e-16,5.74495e-06,2.66454e-15,2.39781e-05,3.33067e-16,9.63989e-06,0.00000e+00,5.55112e-16,4.44089e-16,1.24982e-05,1.82359e-05,2.49800e-16,1.11022e-15,4.44089e-16
1.22125e-15,1.05256e-05,9.71445e-17,2.37070e-05,8.32667e-17,1.22125e-15,8.88178e-16,7.41755e-06,6.66134e-16,2.55663e-05,8.32667e-16,1.04372e-05,1.33227e-15,8.88178e-16,7.21645e-16,1.61758e-05,1.80190e-05,3.05311e-16,1.11022e-15,2.22045e-15
3.33067e-16,1.20161e-05,1.11022e-16,2.45380e-05,3.05311e-16,7.77156e-16,1.88738e-15,8.04285e-06,1.55431e-15,2.57111e-05,4.44089e-16,1.12940e-05,0.00000e+00,0.00000e+00,3.88578e-16,1.79948e-05,1.71272e-05,1.94289e-16,0.00000e+00,0.00000e+00
1.70587e-08,8.74698e-06,8.32667e-17,2.56881e-05,5.37680e-08,6.66134e-16,6.66134e-16,8.64738e-06,8.88178e-16,2.34109e-05,1.11022e-16,1.20087e-05,8.88178e-16,8.88178e-16,7.77156e-16,2.02557e-05,1.60416e-05,1.94289e-16,1.11022e-15,1.77636e-15
3.41174e-08,9.10604e-06,9.71445e-17,2.40124e-05,2.73196e-07,0.00000e+00,1.55431e-15,8.38911e-06,2.66454e-15,2.09792e-05,2.77556e-16,1.27785e-05,2.22045e-15,6.66134e-16,6.10623e-16,2.19882e-05,1.61755e-05,8.32667e-17,1.99840e-15,1.33227e-15
5.54527e-08,9.56243e-06,4.16334e-17,3.18154e-05,3.56262e-06,7.77156e-16,1.99840e-15,8.19229e-06,1.33227e-15,2.99561e-05,4.44089e-16,1.33262e-05,1.55431e-15,7.77156e-16,3.33067e-16,3.13606e-05,1.64637e-05,1.11022e-16,8.88178e-16,1.11022e-15
1.29657e-07,9.23361e-06,1.11022e-16,3.16722e-05,4.86756e-06,1.33227e-15,2.66454e-15,7.42698e-06,2.44249e-15,3.24383e-05,3.88578e-16,1.37931e-05,2.22045e-15,4.99099e-08,1.11022e-16,2.52927e-05,1.76413e-05,3.33067e-16,2.88658e-15,2.22045e-16
8.51504e-07,1.24461e-05,1.38778e-16,2.51298e-05,1.37601e-05,2.22045e-16,3.10862e-15,8.35686e-06,1.11022e-15,3.12665e-05,6.66134e-16,1.40794e-05,1.77636e-15,7.22171e-07,7.21645e-16,2.71958e-05,2.31410e-05,3.05311e-16,1.33227e-15,8.97274e-07
5.91305e-06,8.93910e-06,1.52656e-16,3.02656e-05,1.00097e-05,9.99201e-16,1.11022e-15,8.73556e-06,6.66134e-16,3.39454e-05,4.44089e-16,1.42669e-05,4.38793e-06,1.03527e-05,5.55112e-17,3.50231e-05,2.70381e-05,2.49800e-16,1.55431e-15,9.53467e-07
1.12300e-05,1.07726e-05,6.93889e-17,2.76636e-05,1.72969e-05,3.33067e-16,2.66454e-15,9.50778e-06,1.33227e-15,3.60290e-05,7.77156e-16,1.43715e-05,4.11116e-06,3.11111e-06,4.99600e-16,3.63674e-05,3.62844e-05,5.55112e-17,3.10862e-15,1.00519e-06
1.93370e-05,1.42759e-05,1.38778e-16,3.21218e-05,1.62019e-05,8.88178e-16,2.66454e-15,1.13885e-05,2.22045e-15,3.54194e-05,7.77156e-16,1.43604e-05,1.59550e-05,1.11300e-05,2.22045e-16,2.84037e-05,3.65013e-05,2.22045e-16,2.44249e-15,5.14131e-06
1.48462e-05,1.22558e-05,8.32667e-17,3.13080e-05,1.86618e-05,4.44089e-16,4.44089e-16,1.28707e-05,1.55431e-15,3.81244e-05,6.66134e-16,1.41535e-05,2.43020e-05,2.08334e-05,4.44089e-16,3.27552e-05,3.77674e-05,2.49800e-16,1.55431e-15,6.22540e-06
1.56646e-05,1.22088e-05,5.55112e-17,3.10063e-05,1.78851e-05,8.88178e-16,1.55431e-15,1.21835e-05,2.44249e-15,4.29128e-05,8.32667e-16,1.39679e-05,2.82577e-05,1.82912e-05,3.88578e-16,2.66808e-05,3.55502e-05,3.05311e-16,8.88178e-16,3.49758e-06
8.11450e-06,1.14237e-05,1.11022e-16,2.96322e-05,1.62101e-05,8.88178e-16,1.99840e-15,1.10203e-05,8.88178e-16,4.28365e-05,3.33067e-16,1.37298e-05,2.42280e-05,1.26989e-05,6.10623e-16,2.94703e-05,3.12848e-05,2.77556e-16,1.33227e-15,4.15282e-06
1.71706e-05,1.25438e-05,0.00000e+00,3.36103e-05,2.15001e-05,8.88178e-16,2.88658e-15,1.18919e-05,1.55431e-15,4.34065e-05,0.00000e+00,1.36312e-05,3.20881e-05,1.22337e-05,0.00000e+00,2.34167e-05,3.10002e-05,5.55112e-17,2.66454e-15,5.47996e-06
2.85566e-05,1.36677e-05,8.32667e-17,3.37189e-05,2.75489e-05,1.11022e-15,1.33227e-15,1.37964e-05,1.33227e-15,4.83159e-05,3.88578e-16,1.35207e-05,2.87575e-05,2.59864e-05,4.44089e-16,2.36345e-05,3.12232e-05,2.22045e-16,2.22045e-15,6.22736e-06
2.18319e-05,1.94545e-05,0.00000e+00,4.28333e-05,4.96780e-05,6.66134e-16,2.88658e-15,1.31441e-05,2.22045e-15,5.55451e-05,6.10623e-16,1.35244e-05,2.58215e-05,2.28790e-05,4.44089e-16,2.37299e-05,3.35047e-05,1.66533e-16,3.10862e-15,6.27862e-06
2.62902e-05,1.83878e-05,1.11022e-16,3.93335e-05,7.61185e-05,7.77156e-16,4.44089e-16,1.60006e-05,1.55431e-15,4.65267e-05,4.99600e-16,1.35422e-05,3.37677e-05,2.49132e-05,4.99600e-16,2.50228e-05,3.60234e-05,2.49800e-16,1.33227e-15,5.84879e-06
3.36023e-05,2.87935e-05,1.24900e-16,3.84261e-05,1.14532e-04,3.33067e-16,2.22045e-15,1.27183e-05,1.99840e-15,5.67030e-05,1.66533e-16,1.37036e-05,3.02185e-05,2.79080e-05,7.21645e-16,2.81083e-05,3.03439e-05,1.66533e-16,2.44249e-15,8.50433e-06
2.95851e-05,2.71169e-05,5.55112e-17,3.70816e-05,1.63158e-04,8.88178e-16,4.44089e-16,1.57536e-05,2.66454e-15,5.52134e-05,3.88578e-16,1.39240e-05,2.94141e-05,2.28132e-05,0.00000e+00,2.66986e-05,3.49901e-05,0.00000e+00,1.11022e-15,1.33797e-05
3.47893e-05,3.40674e-05,1.38778e-17,4.67902e-05,2.00419e-04,5.55112e-16,6.66134e-16,1.79944e-05,0.00000e+00,5.47596e-05,4.99600e-16,1.42643e-05,3.01268e-05,2.16251e-05,5.55112e-16,3.14016e-05,3.31112e-05,8.32667e-17,1.55431e-15,1.70906e-05
3.39232e-05,2.77143e-05,6.93889e-17,3.40370e-05,2.30062e-04,2.22045e-16,6.66134e-16,2.02867e-05,1.99840e-15,5.34387e-05,2.22045e-16,1.45417e-05,2.94515e-05,2.71275e-05,2.22045e-16,2.85161e-05,3.45590e-05,0.00000e+00,4.44089e-16,2.00032e-05
3.26876e-05,2.85868e-05,0.00000e+00,3.09911e-05,2.36980e-04,7.77156e-16,2.22045e-16,2.04789e-05,3.10862e-15,5.11651e-05,0.00000e+00,1.49011e-05,2.92932e-05,2.06991e-05,4.44089e-16,2.66401e-05,3.33336e-05,1.66533e-16,1.55431e-15,2.06672e-05
2.70502e-05,1.88786e-05,1.52656e-16,3.37895e-05,2.31022e-04,6.66134e-16,1.77636e-15,1.90602e-05,2.22045e-15,5.12349e-05,5.55112e-16,1.52154e-05,1.93827e-05,1.70626e-05,3.88578e-16,2.90589e-05,3.14740e-05,3.33067e-16,1.55431e-15,1.80650e-05
2.52052e-05,2.30687e-05,5.55112e-17,3.30185e-05,2.13892e-04,5.55112e-16,1.55431e-15,1.70646e-05,1.55431e-15,5.80038e-05,1.66533e-16,1.54732e-05,2.45302e-05,2.00390e-05,9.43690e-16,3.80662e-05,3.75839e-05,2.77556e-16,3.33067e-15,1.81848e-05
2.83040e-05,2.10763e-05,8.32667e-17,3.27207e-05,1.84856e-04,9.94987e-09,4.44089e-16,1.46180e-05,1.33227e-15,6.12166e-05,4.99600e-16,1.56945e-05,2.98216e-05,2.16534e-05,4.44089e-16,4.58573e-05,4.46436e-05,2.77556e-17,1.33227e-15,1.85894e-05
3.26114e-05,2.58320e-05,1.52656e-16,3.62696e-05,1.54797e-04,4.97494e-08,1.11022e-15,1.29264e-05,3.33067e-15,5.98005e-05,1.11022e-16,1.58132e-05,3.82754e-05,1.95860e-05,1.40000e-08,4.48768e-05,4.39708e-05,1.66533e-16,2.66454e-15,2.18478e-05
3.00530e-05,1.52128e-05,1.52656e-16,3.89383e-05,1.25859e-04,8.95489e-08,3.36303e-07,1.26431e-05,1.11022e-15,5.97189e-05,4.99600e-16,1.59137e-05,3.22378e-05,2.90550e-05,1.40000e-08,4.21171e-05,4.77277e-05,1.94289e-16,1.33227e-15,2.85734e-05
3.01050e-05,1.79784e-05,2.77556e-17,3.84085e-05,1.03485e-04,5.96992e-08,3.55184e-06,1.43642e-05,1.77636e-15,5.97081e-05,1.66533e-16,1.60626e-05,3.60543e-05,2.64687e-05,1.40000e-08,5.10485e-05,4.79562e-05,2.77556e-17,1.33227e-15,3.19267e-05
2.87933e-05,1.99475e-05,1.24900e-16,3.94299e-05,8.13624e-05,1.59198e-06,1.01775e-05,1.69363e-05,2.88658e-15,6.41109e-05,3.33067e-16,1.64508e-05,4.82637e-05,3.20776e-05,1.71099e-07,5.22364e-05,5.27148e-05,3.05311e-16,1.33227e-15,3.08027e-05
3.32110e-05,1.34327e-05,9.71445e-17,3.59175e-05,6.78915e-05,3.36306e-06,1.57921e-05,1.78125e-05,1.99840e-15,6.21721e-05,2.77556e-16,1.75069e-05,4.85337e-05,2.98300e-05,9.62237e-08,4.71542e-05,5.15013e-05,1.66533e-16,1.33227e-15,3.13309e-05
3.20697e-05,1.81732e-05,1.11022e-16,3.44527e-05,5.80168e-05,1.89048e-07,1.91336e-05,1.74614e-05,2.66454e-15,6.24809e-05,3.33067e-16,1.94843e-05,5.12943e-05,2.57865e-05,1.46762e-07,4.60499e-05,6.05673e-05,4.95076e-08,2.66454e-15,3.45413e-05
3.93530e-05,1.68579e-05,0.00000e+00,3.77099e-05,5.04853e-05,2.91531e-06,1.45483e-05,1.72299e-05,2.44249e-15,6.05663e-05,5.55112e-16,2.15872e-05,4.23927e-05,2.82846e-05,3.46410e-08,3.66093e-05,5.04536e-05,4.95076e-08,3.10862e-15,3.22869e-05
3.76573e-05,1.18785e-05,5.55112e-17,3.50491e-05,4.49807e-05,2.67652e-06,8.46685e-06,1.68822e-05,4.95076e-07,6.16792e-05,4.44089e-16,2.26897e-05,4.85126e-05,2.60846e-05,4.53762e-08,3.39792e-05,5.04140e-05,8.32667e-17,1.33227e-15,2.89495e-05
3.91183e-05,1.33347e-05,1.11022e-16,3.30052e-05,3.81887e-05,1.19398e-06,1.72310e-05,1.65978e-05,9.90152e-07,6.63542e-05,3.88578e-16,2.26876e-05,4.16738e-05,2.33280e-05,3.55438e-07,3.32832e-05,5.23033e-05,3.33067e-16,3.10862e-15,2.82546e-05
4.45105e-05,1.59301e-05,2.77556e-17,3.49796e-05,3.65716e-05,6.26842e-07,2.38262e-05,1.67402e-05,4.95076e-07,6.67977e-05,2.77556e-16,2.25131e-05,3.65263e-05,3.30905e-05,2.12358e-07,3.78550e-05,5.88474e-05,4.95076e-08,1.33227e-15,3.28353e-05
5.64110e-05,1.28126e-05,1.52656e-16,3.94300e-05,3.61823e-05,7.86040e-07,2.38777e-05,2.12461e-05,1.55431e-15,7.06187e-05,5.55112e-16,2.24019e-05,3.97135e-05,3.27872e-05,7.75765e-07,3.79951e-05,5.20973e-05,9.90152e-08,1.11022e-15,3.55980e-05
6.56720e-05,1.38506e-05,1.24900e-16,4.21517e-05,3.53189e-05,3.07451e-06,2.93242e-05,2.32733e-05,4.95076e-07,6.87085e-05,3.88578e-16,2.26351e-05,4.42861e-05,2.70346e-05,3.05077e-06,3.54153e-05,6.02475e-05,1.98030e-07,3.10862e-15,3.97967e-05
7.84593e-05,1.51324e-05,8.32667e-17,4.47559e-05,3.51803e-05,2.54717e-06,2.86056e-05,2.35030e-05,2.22045e-15,6.76784e-05,0.00000e+00,2.32604e-05,5.44475e-05,2.26504e-05,3.23257e-06,4.00137e-05,5.21477e-05,1.18818e-06,1.33227e-15,4.15035e-05
9.67893e-05,1.51901e-05,1.80411e-16,4.39712e-05,3.70626e-05,1.93028e-06,3.12645e-05,2.82696e-05,4.95076e-07,6.90074e-05,1.66533e-16,2.46780e-05,4.81020e-05,3.74849e-05,3.93912e-06,3.92024e-05,5.32406e-05,1.43572e-06,2.44249e-15,4.43879e-05
1.20721e-04,2.04228e-05,1.66533e-16,6.04719e-05,3.60781e-05,6.67637e-06,3.24027e-05,2.85913e-05,4.95076e-07,7.87214e-05,3.88578e-16,2.69794e-05,5.74019e-05,2.84603e-05,4.01952e-06,4.33281e-05,5.30659e-05,1.48523e-07,4.87750e-07,5.09467e-05
1.45372e-04,1.81772e-05,1.38778e-16,5.26313e-05,3.45378e-05,3.15411e-06,3.51159e-05,2.88556e-05,1.18818e-05,8.03279e-05,5.55112e-16,2.88354e-05,5.00301e-05,2.53028e-05,7.11516e-06,5.26829e-05,4.36538e-05,2.02981e-06,6.52993e-07,5.57020e-05
1.67371e-04,1.93082e-05,1.24900e-16,5.34318e-05,3.54756e-05,3.37301e-06,2.59015e-05,2.94904e-05,4.95076e-06,6.39006e-05,4.44089e-16,3.06709e-05,4.09751e-05,2.78607e-05,1.62999e-05,5.44708e-05,5.49681e-05,2.97045e-06,2.23649e-06,4.58039e-05
1.88891e-04,2.98506e-05,8.32667e-17,4.79923e-05,3.25970e-05,1.82261e-07,3.19689e-05,2.98563e-05,1.13867e-05,5.88647e-05,4.99600e-16,3.29180e-05,5.03107e-05,2.53860e-05,1.11801e-05,4.15554e-05,5.93227e-05,2.02981e-06,4.19404e-06,4.52712e-05
2.12020e-04,3.46052e-05,5.55112e-17,4.25447e-05,3.15693e-05,5.96707e-07,3.89400e-05,2.94982e-05,1.33670e-05,5.38607e-05,0.00000e+00,3.52052e-05,4.44535e-05,2.65240e-05,1.18808e-05,4.21560e-05,6.88419e-05,1.18818e-06,4.22729e-06,5.08182e-05
2.28372e-04,3.60625e-05,1.24900e-16,4.10734e-05,3.27943e-05,1.98823e-06,2.77586e-05,2.64591e-05,1.48523e-06,6.50449e-05,5.55112e-16,3.67168e-05,4.73560e-05,2.86926e-05,1.77946e-05,4.11261e-05,6.01672e-05,2.53901e-06,7.43782e-06,5.27519e-05
2.44487e-04,4.17789e-05,1.52656e-16,4.79119e-05,3.26418e-05,2.08671e-06,3.08491e-05,2.39751e-05,5.44583e-06,6.53985e-05,1.11022e-16,3.74287e-05,4.65682e-05,3.46855e-05,1.67374e-05,4.38325e-05,5.83161e-05,3.76258e-06,8.05826e-06,4.92267e-05
2.51879e-04,3.77722e-05,2.60666e-06,5.41209e-05,3.37735e-05,3.58426e-06,3.89669e-05,2.34409e-05,6.60984e-06,6.23140e-05,3.33067e-16,3.77399e-05,4.55003e-05,3.10837e-05,2.57883e-05,3.73186e-05,4.95913e-05,4.97858e-06,1.39191e-05,5.05686e-05
2.56045e-04,3.02908e-05,9.70923e-06,5.03258e-05,3.96846e-05,1.02300e-05,3.45275e-05,2.42925e-05,6.36204e-06,6.07869e-05,2.77556e-16,3.78367e-05,5.18058e-05,3.28756e-05,2.19954e-05,3.63220e-05,5.42812e-05,6.01526e-06,8.96863e-06,5.41034e-05
2.58132e-04,3.26625e-05,2.05084e-05,5.05602e-05,3.68279e-05,1.26246e-05,3.67037e-05,2.17489e-05,9.44739e-06,5.79812e-05,1.11022e-16,3.81776e-05,4.79876e-05,3.55857e-05,2.50318e-05,3.97166e-05,4.95728e-05,1.20545e-05,1.30037e-05,5.07915e-05
2.52385e-04,4.03250e-05,3.79591e-05,6.31590e-05,8.48709e-05,1.29508e-05,3.46074e-05,2.16821e-05,2.31648e-05,6.89870e-05,3.88578e-16,3.90576e-05,4.46817e-05,2.84269e-05,2.48438e-05,3.63211e-05,5.31418e-05,1.36908e-05,2.23496e-05,4.96353e-05
2.47610e-04,4.09629e-05,5.60603e-05,4.78493e-05,1.33933e-04,1.82918e-05,3.90092e-05,2.40493e-05,3.82452e-05,9.26783e-05,6.10623e-16,4.02433e-05,5.52977e-05,2.46395e-05,2.41502e-05,4.21095e-05,5.43378e-05,1.53531e-05,2.30385e-05,4.81229e-05
2.37261e-04,4.99387e-05,5.63785e-05,4.65634e-05,1.61765e-04,1.94703e-05,3.24684e-05,2.39580e-05,5.10520e-05,1.02378e-04,6.10623e-16,4.22484e-05,4.39734e-05,2.26430e-05,2.63867e-05,3.82637e-05,4.49417e-05,1.76918e-05,2.33014e-05,5.34984e-05
2.27779e-04,4.10471e-05,5.66892e-05,4.83331e-05,2.06359e-04,1.98405e-05,2.98377e-05,2.30187e-05,6.35454e-05,8.53085e-05,4.44089e-16,4.60780e-05,4.97099e-05,2.13437e-05,2.16598e-05,3.64063e-05,4.63304e-05,2.75509e-05,2.40329e-05,5.45870e-05
2.14964e-04,5.08722e-05,5.68573e-05,4.59340e-05,2.34008e-04,1.84777e-05,3.43330e-05,2.09156e-05,7.01453e-05,9.54798e-05,6.10623e-16,5.16172e-05,4.35973e-05,2.81188e-05,1.88759e-05,4.52924e-05,5.10955e-05,4.16839e-05,2.32146e-05,6.46666e-05
2.03212e-04,6.04571e-05,5.55683e-05,4.14973e-05,2.57898e-04,1.69862e-05,3.20358e-05,2.06976e-05,8.47492e-05,1.13983e-04,4.99600e-16,5.91474e-05,3.87765e-05,2.72278e-05,1.80823e-05,5.01325e-05,5.59702e-05,5.71367e-05,3.04409e-05,7.31895e-05
1.92451e-04,6.43599e-05,5.60877e-05,4.39063e-05,2.80899e-04,2.13883e-05,3.66476e-05,2.15877e-05,1.05633e-04,1.26037e-04,1.11022e-16,7.02225e-05,5.03624e-05,2.88812e-05,2.29872e-05,4.80854e-05,5.36610e-05,7.15764e-05,3.68293e-05,8.01474e-05
1.80033e-04,6.47950e-05,5.86888e-05,4.43719e-05,3.03444e-04,2.26172e-05,3.71147e-05,2.35057e-05,1.20508e-04,1.45853e-04,5.55112e-17,8.42593e-05,4.81506e-05,2.57221e-05,2.26834e-05,4.80496e-05,4.79529e-05,8.09854e-05,2.88989e-05,1.00862e-04
1.68632e-04,7.51417e-05,6.73755e-05,4.45543e-05,3.19776e-04,2.44825e-05,3.34463e-05,2.60753e-05,1.38347e-04,1.78141e-04,3.88578e-16,9.71467e-05,5.46062e-05,3.16695e-05,2.51239e-05,4.73803e-05,4.36212e-05,8.68141e-05,3.81067e-05,9.51097e-05
1.57904e-04,7.47976e-05,8.32336e-05,4.30524e-05,3.27024e-04,2.30597e-05,3.09262e-05,3.00360e-05,1.53378e-04,2.15982e-04,2.22045e-16,1.10029e-04,4.81795e-05,2.99955e-05,2.61407e-05,5.27555e-05,4.35432e-05,8.12739e-05,3.86504e-05,9.77246e-05
1.54144e-04,8.22104e-05,1.06507e-04,4.70279e-05,3.48736e-04,2.23927e-05,3.23045e-05,3.22361e-05,1.92215e-04,2.70831e-04,4.44089e-16,1.28945e-04,4.90699e-05,3.48933e-05,2.65366e-05,5.59903e-05,5.51919e-05,1.00868e-04,3.98635e-05,9.72261e-05
1.41942e-04,7.52161e-05,1.26277e-04,4.83525e-05,3.67498e-04,2.10042e-05,3.61342e-05,3.27755e-05,2.24635e-04,3.55654e-04,3.33067e-16,1.61112e-04,5.60500e-05,3.32265e-05,2.44034e-05,6.48621e-05,5.27131e-05,9.63804e-05,3.69270e-05,1.00611e-04
1.32895e-04,7.60352e-05,1.33458e-04,5.08624e-05,3.96782e-04,2.01899e-05,3.17501e-05,3.27169e-05,2.50321e-04,4.47417e-04,4.44089e-16,1.99364e-04,4.28865e-05,4.58724e-05,2.27957e-05,6.35696e-05,5.84883e-05,9.44410e-05,4.10656e-05,9.60972e-05
1.26656e-04,7.20920e-05,1.36236e-04,5.33212e-05,4.49027e-04,1.90849e-05,3.15709e-05,3.26564e-05,2.85749e-04,5.46758e-04,3.88578e-16,2.17350e-04,5.43338e-05,4.72417e-05,2.48719e-05,6.54312e-05,6.24065e-05,7.76652e-05,3.62267e-05,9.72140e-05
1.23018e-04,8.96976e-05,1.29369e-04,5.65413e-05,5.12061e-04,2.05832e-05,3.84409e-05,3.30673e-05,3.33153e-04,6.47441e-04,2.77556e-16,2.38696e-04,6.43050e-05,5.35760e-05,2.75549e-05,6.88624e-05,5.30650e-05,5.68685e-05,4.18487e-05,9.38446e-05
1.22617e-04,1.09785e-04,1.19803e-04,6.22421e-05,5.85179e-04,2.33793e-05,4.35036e-05,3.23457e-05,3.79597e-04,7.62433e-04,4.99600e-16,2.63917e-04,5.85650e-05,6.30797e-05,2.86004e-05,7.23287e-05,5.51549e-05,5.25329e-05,3.66586e-05,8.72107e-05
1.23081e-04,1.03475e-04,1.12674e-04,6.67915e-05,6.63369e-04,2.65119e-05,3.37624e-05,3.75466e-05,4.12933e-04,8.81992e-04,6.10623e-16,2.92121e-04,6.96877e-05,6.56713e-05,2.95033e-05,7.07198e-05,5.24703e-05,5.94936e-05,3.52500e-05,8.53877e-05
1.18299e-04,9.72629e-05,1.12501e-04,7.96255e-05,7.18879e-04,2.08055e-05,3.47181e-05,4.09800e-05,4.54950e-04,9.99235e-04,2.22045e-16,3.21331e-04,6.54366e-05,6.82291e-05,3.06403e-05,7.22433e-05,6.26955e-05,6.65141e-05,3.39363e-05,8.24095e-05
1.12096e-04,1.06694e-04,1.11116e-04,7.92318e-05,7.47630e-04,2.57501e-05,3.55069e-05,3.86149e-05,4.95302e-04,1.11723e-03,3.88578e-16,3.51381e-04,6.74386e-05,6.81371e-05,3.25087e-05,7.62795e-05,8.15576e-05,6.66659e-05,3.74300e-05,8.79063e-05
1.07020e-04,1.17476e-04,1.05034e-04,7.83879e-05,7.64801e-04,2.76719e-05,3.20881e-05,3.49338e-05,5.55769e-04,1.25476e-03,1.66533e-16,3.82151e-04,7.63185e-05,6.47827e-05,3.49793e-05,7.20932e-05,7.44845e-05,6.59093e-05,4.22874e-05,9.45030e-05
1.03492e-04,1.17765e-04,9.67425e-05,8.59137e-05,7.63506e-04,2.45127e-05,3.81741e-05,4.34653e-05,6.02664e-04,1.39786e-03,5.55112e-16,4.12332e-04,7.57670e-05,6.20860e-05,3.27973e-05,7.67552e-05,6.18699e-05,6.17537e-05,3.36495e-05,9.25625e-05
1.02900e-04,1.10592e-04,9.20323e-05,8.79394e-05,7.55394e-04,2.36398e-05,3.92039e-05,5.35024e-05,6.47745e-04,1.55738e-03,2.77556e-16,4.39166e-04,6.89321e-05,6.55882e-05,3.18646e-05,8.06431e-05,6.19506e-05,5.32589e-05,3.77780e-05,8.86378e-05
1.02761e-04,1.14169e-04,8.81427e-05,7.71359e-05,7.39624e-04,2.54499e-05,3.93011e-05,4.72991e-05,6.82590e-04,1.71435e-03,3.33067e-16,4.61085e-04,7.72037e-05,6.69395e-05,3.26758e-05,7.64917e-05,6.28977e-05,5.13508e-05,3.24579e-05,8.63880e-05
1.00603e-04,1.03997e-04,8.97331e-05,6.61666e-05,7.28241e-04,2.22927e-05,3.51869e-05,4.81352e-05,7.08929e-04,1.88786e-03,3.88578e-16,4.78313e-04,7.14036e-05,7.04315e-05,3.25628e-05,6.74552e-05,6.74378e-05,5.42724e-05,3.77201e-05,9.03594e-05
1.05384e-04,9.94116e-05,9.09697e-05,7.27623e-05,7.18326e-04,2.47358e-05,3.22879e-05,5.36548e-05,7.31024e-04,2.05596e-03,6.10623e-16,4.93460e-04,8.01359e-05,7.48356e-05,2.97776e-05,7.64753e-05,7.15775e-05,5.55428e-05,4.37038e-05,9.68484e-05
1.02282e-04,1.03062e-04,9.00772e-05,7.27469e-05,6.94152e-04,2.60098e-05,3.06791e-05,4.18818e-05,7.39398e-04,2.21302e-03,5.55112e-17,5.06343e-04,7.39041e-05,7.61717e-05,3.01999e-05,8.13064e-05,6.39657e-05,5.91671e-05,4.01630e-05,9.68358e-05
1.03220e-04,1.11659e-04,8.97640e-05,9.12271e-05,6.56313e-04,2.87633e-05,3.58514e-05,4.75258e-05,7.50907e-04,2.37486e-03,5.55112e-16,5.17696e-04,7.02975e-05,7.84713e-05,3.30504e-05,8.11794e-05,6.64489e-05,6.76917e-05,4.03294e-05,1.04232e-04
1.07034e-04,1.18478e-04,8.67344e-05,8.19729e-05,6.19708e-04,2.92465e-05,3.87961e-05,5.49927e-05,7.59808e-04,2.53082e-03,3.33067e-16,5.28703e-04,7.81771e-05,9.26226e-05,3.22480e-05,8.25464e-05,7.32522e-05,7.49979e-05,3.76187e-05,9.69833e-05
1.01105e-04,1.10297e-04,8.41965e-05,1.18135e-04,5.72099e-04,2.89605e-05,3.82895e-05,5.70550e-05,7.77074e-04,2.65887e-03,0.00000e+00,5.39832e-04,6.50010e-05,1.00612e-04,3.54951e-05,8.49443e-05,7.64408e-05,7.73895e-05,3.98109e-05,9.78674e-05
1.08239e-04,1.15109e-04,8.45358e-05,9.68825e-05,5.24397e-04,2.96760e-05,3.90113e-05,5.49043e-05,7.80300e-04,2.78996e-03,4.99600e-16,5.51680e-04,7.05316e-05,1.10568e-04,3.92072e-05,9.40756e-05,8.72501e-05,7.57369e-05,4.78172e-05,1.05141e-04
1.11685e-04,1.16331e-04,8.37990e-05,1.08717e-04,4.80202e-04,3.10915e-05,4.20201e-05,6.49846e-05,7.88316e-04,2.88390e-03,1.11022e-16,5.64496e-04,8.36345e-05,1.16473e-04,4.14164e-05,8.65304e-05,8.89791e-05,7.68233e-05,4.31890e-05,1.03878e-04
1.06918e-04,1.09311e-04,8.22866e-05,1.04068e-04,4.36281e-04,2.99347e-05,5.44939e-05,6.35621e-05,7.89137e-04,2.95869e-03,6.10623e-16,5.80320e-04,7.98290e-05,1.12935e-04,3.99598e-05,8.03148e-05,9.67351e-05,7.39160e-05,4.18997e-05,1.02679e-04
1.03396e-04,1.05520e-04,7.83113e-05,1.11008e-04,3.88375e-04,2.91497e-05,4.81118e-05,5.38967e-05,7.98465e-04,3.02416e-03,4.99600e-16,5.98560e-04,8.28566e-05,1.15225e-04,4.23429e-05,7.45228e-05,1.11217e-04,6.86511e-05,3.99357e-05,1.02302e-04
9.89770e-05,1.00096e-04,7.94491e-05,9.67219e-05,3.39423e-04,3.02332e-05,4.49731e-05,5.54115e-05,8.00918e-04,3.07658e-03,3.88578e-16,6.17690e-04,7.52225e-05,1.09409e-04,4.63074e-05,6.79969e-05,1.18685e-04,7.08849e-05,4.43165e-05,1.03862e-04
9.56247e-05,1.06372e-04,7.89062e-05,9.90983e-05,3.03078e-04,2.71105e-05,4.00087e-05,6.14191e-05,7.94773e-04,3.09937e-03,0.00000e+00,6.40699e-04,9.13004e-05,1.02963e-04,4.70715e-05,7.54067e-05,1.25790e-04,7.73544e-05,4.11241e-05,9.85603e-05
9.62183e-05,1.13973e-04,7.70166e-05,1.00979e-04,2.74728e-04,2.66700e-05,4.66460e-05,5.96948e-05,7.92129e-04,3.09008e-03,4.99600e-16,6.68985e-04,8.08698e-05,9.97304e-05,4.64531e-05,6.54584e-05,1.32057e-04,8.85341e-05,5.17865e-05,8.72740e-05
9.17722e-05,1.31213e-04,7.46702e-05,1.00491e-04,2.47908e-04,2.69699e-05,4.24086e-05,5.93279e-05,7.82218e-04,3.05895e-03,3.88578e-16,6.97584e-04,9.45629e-05,1.00956e-04,4.67621e-05,6.95228e-05,1.31105e-04,1.02332e-04,6.55224e-05,1.08098e-04
9.33089e-05,1.45023e-04,7.36433e-05,1.09556e-04,2.20725e-04,2.66977e-05,4.19011e-05,6.38823e-05,7.71782e-04,3.03980e-03,4.99600e-16,7.26097e-04,8.11428e-05,9.36445e-05,4.79523e-05,6.38436e-05,1.22546e-04,1.15832e-04,7.85295e-05,1.00844e-04
8.72632e-05,1.39717e-04,7.52854e-05,1.07548e-04,2.11354e-04,2.70533e-05,4.73260e-05,7.13242e-05,7.68022e-04,2.98746e-03,1.11022e-16,7.58687e-04,7.80937e-05,9.11227e-05,4.98470e-05,6.52145e-05,1.20727e-04,1.25775e-04,9.61348e-05,1.08442e-04
8.75489e-05,1.41462e-04,7.58004e-05,1.19293e-04,2.04322e-04,2.84853e-05,4.12328e-05,7.92841e-05,7.58532e-04,2.91613e-03,1.66533e-16,7.97928e-04,7.41440e-05,8.87617e-05,4.61527e-05,6.48258e-05,1.16028e-04,1.33069e-04,1.11836e-04,1.15129e-04
9.16677e-05,1.31168e-04,7.49937e-05,1.16707e-04,1.99287e-04,2.59500e-05,4.73824e-05,6.39684e-05,7.63722e-04,2.84619e-03,6.66134e-16,8.49148e-04,7.32532e-05,9.36342e-05,4.34689e-05,6.22771e-05,1.07799e-04,1.40243e-04,1.33831e-04,1.13559e-04
9.89665e-05,1.31521e-04,7.40766e-05,1.15228e-04,1.82706e-04,2.80768e-05,4.69072e-05,7.92028e-05,7.65740e-04,2.74735e-03,6.66134e-16,9.11760e-04,6.74885e-05,1.00986e-04,4.28954e-05,6.28710e-05,1.02550e-04,1.37816e-04,1.54302e-04,1.21109e-04
9.65793e-05,1.23109e-04,7.16782e-05,1.18394e-04,1.70370e-04,2.77945e-05,4.42898e-05,7.17270e-05,7.69660e-04,2.65442e-03,1.11022e-16,9.81524e-04,7.00411e-05,1.02909e-04,4.00405e-05,5.68894e-05,1.01904e-04,1.33546e-04,1.77511e-04,1.14151e-04
9.99067e-05,1.24574e-04,6.79626e-05,1.05443e-04,1.54723e-04,2.61556e-05,3.90525e-05,6.52854e-05,7.67951e-04,2.55573e-03,7.21645e-16,1.05974e-03,6.65851e-05,1.07454e-04,4.02979e-05,5.13876e-05,8.51975e-05,1.27716e-04,1.94325e-04,1.17239e-04
9.51510e-05,1.43809e-04,6.77614e-05,9.73719e-05,1.51861e-04,2.58096e-05,4.89958e-05,6.23651e-05,7.65621e-04,2.45082e-03,6.10623e-16,1.14586e-03,6.57620e-05,1.12644e-04,4.01968e-05,5.06557e-05,8.53806e-05,1.20969e-04,2.15665e-04,1.24932e-04
9.87433e-05,1.49834e-04,6.83146e-05,9.89689e-05,1.49323e-04,2.61073e-05,3.91363e-05,5.82709e-05,7.67846e-04,2.34537e-03,4.99600e-16,1.24240e-03,6.71494e-05,1.20013e-04,4.18088e-05,4.70700e-05,8.51474e-05,1.12878e-04,2.34756e-04,1.21850e-04
9.64608e-05,1.55314e-04,6.95534e-05,1.11881e-04,1.53483e-04,2.51963e-05,3.61162e-05,6.01641e-05,7.73062e-04,2.23817e-03,3.33067e-16,1.34938e-03,7.36339e-05,1.22331e-04,4.54733e-05,5.12991e-05,9.49361e-05,1.04179e-04,2.53331e-04,1.32189e-04
1.04191e-04,1.56125e-04,1.40706e-04,1.04498e-04,1.23551e-03,2.72125e-05,4.71863e-05,5.72866e-05,7.76782e-04,2.14248e-03,3.33067e-16,1.46501e-03,9.38046e-05,1.25149e-04,4.28634e-05,4.74358e-05,8.92874e-05,9.93801e-05,2.69463e-04,1.24807e-04
9.94351e-05,1.59075e-04,1.61661e-03,9.39775e-05,2.52548e-02,2.76328e-05,4.40396e-05,5.77535e-05,7.76157e-04,2.05721e-03,3.88578e-16,1.58866e-03,9.10035e-05,1.29017e-04,4.30805e-05,5.15989e-05,9.06727e-05,9.47984e-05,2.85765e-04,1.26270e-04
9.71278e-05,1.46650e-04,7.22258e-03,8.96712e-05,2.40806e-01,5.15060e-05,6.16607e-05,5.54188e-05,7.75117e-04,1.97921e-03,3.04275e-06,1.72055e-03,9.80171e-05,1.19730e-04,5.03149e-05,4.97478e-05,9.06508e-05,9.42340e-05,2.91746e-04,1.15919e-04
9.79518e-05,1.93065e-04,1.51065e-02,1.32808e-04,6.19535e-01,2.54651e-04,2.59484e-03,7.08848e-05,7.99293e-04,1.90602e-03,4.05464e-05,1.85541e-03,8.93073e-05,1.10440e-04,1.11389e-04,4.74272e-05,8.54510e-05,9.56078e-05,7.21707e-04,1.31028e-04
9.80162e-05,2.67725e-04,2.56152e-02,3.34270e-04,9.16965e-01,5.52339e-04,1.55988e-02,1.57939e-04,8.75470e-04,1.84087e-03,1.47011e-04,1.99081e-03,7.72373e-05,1.05200e-04,1.60007e-04,4.89161e-05,9.05648e-05,1.15627e-04,1.57129e-03,1.26097e-04
9.93610e-05,2.77368e-04,4.44533e-02,6.42044e-04,1.29814e+00,1.06493e-03,2.17404e-02,2.03042e-04,9.42479e-04,1.79869e-03,3.15960e-04,2.12742e-03,7.19631e-05,1.03535e-04,2.10394e-04,5.53956e-05,1.01882e-04,1.28327e-04,2.69405e-03,1.34759e-04
1.02426e-04,3.15514e-04,6.66366e-02,8.07291e-04,2.46082e+00,1.66363e-03,2.97559e-02,2.20284e-04,1.00434e-03,1.81091e-03,4.37209e-04,2.26335e-03,7.53416e-05,1.04534e-04,2.86297e-04,7.03368e-05,1.14440e-04,1.46043e-04,3.47908e-03,1.50406e-04
1.06115e-04,3.98253e-04,7.78496e-02,8.08555e-04,3.29720e+00,2.15306e-03,3.81802e-02,2.18541e-04,1.07253e-03,1.89777e-03,4.86520e-04,2.39673e-03,8.33833e-05,1.06562e-04,3.71150e-04,9.89059e-05,1.26346e-04,1.88494e-04,4.07477e-03,2.17174e-04
1.10335e-04,5.06866e-04,7.63081e-02,7.57235e-04,2.81173e+00,2.57634e-03,4.49076e-02,2.04267e-04,1.13240e-03,2.04127e-03,4.96541e-04,2.52589e-03,1.00172e-04,1.12529e-04,4.57505e-04,1.47726e-04,1.33522e-04,2.86881e-04,4.66218e-03,3.27589e-04
1.36272e-04,6.01214e-04,6.64230e-02,8.36200e-04,2.02401e+00,3.23937e-03,4.55893e-02,1.92438e-04,1.16211e-03,2.16887e-03,4.95181e-04,2.65719e-03,1.22872e-04,1.22157e-04,5.39178e-04,2.21819e-04,1.46810e-04,5.12006e-04,5.16937e-03,4.64712e-04
1.69635e-04,7.54164e-04,5.32595e-02,1.24134e-03,1.37519e+00,4.70340e-03,4.22569e-02,1.80010e-04,1.18571e-03,2.29612e-03,5.02540e-04,2.80143e-03,1.46742e-04,1.45273e-04,6.26020e-04,3.70153e-04,1.52802e-04,1.26749e-03,5.65911e-03,5.42143e-04
1.90325e-04,8.84060e-04,4.05758e-02,2.23649e-03,9.24693e-01,8.49205e-03,3.86957e-02,1.62563e-04,1.22141e-03,2.41419e-03,5.51633e-04,2.95040e-03,1.79082e-04,1.98138e-04,7.91798e-04,5.51526e-04,1.69842e-04,7.82771e-02,6.14607e-03,5.67883e-04
1.94771e-04,1.02247e-03,3.02709e-02,4.64711e-03,6.29985e-01,1.61980e-02,3.50165e-02,1.63201e-04,1.29110e-03,2.55425e-03,8.94623e-04,3.11480e-03,1.93499e-04,2.25155e-04,9.65144e-04,7.71784e-04,1.92775e-04,1.02746e+00,6.51185e-03,5.81391e-04
1.98112e-04,3.89024e-03,2.26412e-02,1.04262e-02,4.39776e-01,2.64913e-02,3.31268e-02,2.14431e-04,1.37761e-03,2.80714e-03,2.21237e-03,3.32872e-03,2.00852e-04,2.38781e-04,1.15966e-03,9.57586e-04,2.23069e-04,8.55104e-01,8.40297e-03,6.08347e-04
2.13488e-04,6.85961e-03,1.73173e-02,2.16712e-02,3.16308e-01,4.07903e-02,3.92445e-02,3.88531e-04,1.49389e-03,3.26307e-03,7.50604e-03,3.60481e-03,2.20674e-04,2.70698e-04,1.87140e-03,1.11207e-03,2.34756e-04,4.55866e-01,1.66635e-02,6.44083e-04
2.45841e-04,1.81833e-02,1.35862e-02,3.79937e-02,2.36274e-01,6.14599e-02,5.53002e-02,9.29441e-04,1.65076e-03,4.16076e-03,3.73109e-02,3.99483e-03,2.25909e-04,3.04790e-04,5.26794e-03,1.27670e-03,2.34447e-04,2.85874e-01,4.13219e-02,6.89699e-04
2.73003e-04,3.40247e-02,1.10392e-02,5.55311e-02,1.83021e-01,8.46881e-02,9.74654e-02,3.09305e-03,1.86286e-03,5.87465e-03,1.17646e-01,4.40086e-03,2.27415e-04,3.46040e-04,1.14522e-02,1.55394e-03,2.39918e-04,2.03110e-01,1.78817e-01,7.39049e-04
3.04999e-04,6.06600e-02,1.00834e-02,6.80509e-02,1.54964e-01,1.21114e-01,1.75229e-01,6.94039e-03,2.15293e-03,9.54073e-03,1.98175e-01,4.96683e-03,2.33143e-04,3.86642e-04,1.62791e-02,2.06143e-03,2.59978e-04,1.51676e-01,9.56715e-01,7.90238e-04
3.38256e-04,1.05579e-01,1.01578e-02,7.77944e-02,1.54521e-01,1.89339e-01,2.52508e-01,9.29445e-03,2.48939e-03,1.54855e-02,2.42056e-01,5.74677e-03,2.47164e-04,4.22005e-04,2.30026e-02,2.90248e-03,2.85304e-04,1.15541e-01,2.12629e+00,8.31418e-04
3.76081e-04,1.52282e-01,1.04951e-02,1.01135e-01,1.56332e-01,2.72767e-01,2.81299e-01,1.04581e-02,2.85627e-03,2.19607e-02,2.93508e-01,6.83281e-03,2.74292e-04,4.60750e-04,2.96519e-02,4.27655e-03,3.19564e-04,8.93071e-02,2.96598e+00,8.63897e-04
4.17694e-04,1.93433e-01,1.02373e-02,1.64717e-01,1.60352e-01,3.10177e-01,2.82503e-01,1.06420e-02,3.23666e-03,2.71082e-02,3.29389e-01,8.47046e-03,3.02412e-04,4.90562e-04,3.74201e-02,6.49528e-03,3.57019e-04,7.00261e-02,2.85411e+00,9.18545e-04
4.77307e-04,2.29001e-01,9.57896e-03,2.69646e-01,1.63290e-01,2.77713e-01,2.65515e-01,1.08252e-02,3.59080e-03,3.04201e-02,3.44943e-01,1.10833e-02,3.22836e-04,5.36688e-04,5.29370e-02,9.17121e-03,3.55552e-04,5.58402e-02,2.46739e+00,9.70633e-04
5.52592e-04,2.54329e-01,8.86250e-03,3.60096e-01,1.61335e-01,2.12365e-01,2.28349e-01,1.27460e-02,3.84688e-03,3.24144e-02,3.68704e-01,1.51572e-02,3.46056e-04,5.83523e-04,8.66383e-02,1.12264e-02,3.76084e-04,4.54316e-02,2.29761e+00,1.00949e-03
6.28910e-04,2.70195e-01,8.24791e-03,3.90663e-01,1.51422e-01,1.51520e-01,1.97390e-01,2.86384e-02,4.03343e-03,3.37610e-02,3.96350e-01,2.09438e-02,3.83357e-04,6.67614e-04,1.88948e-01,1.19531e-02,3.85176e-04,3.77416e-02,2.33722e+00,1.07332e-03
7.04504e-04,2.85475e-01,7.70904e-03,3.82253e-01,1.35848e-01,1.06983e-01,1.89330e-01,9.03573e-02,4.13451e-03,3.49736e-02,3.98088e-01,2.82249e-02,4.04594e-04,7.70924e-04,5.41665e-01,1.15760e-02,3.87415e-04,3.19880e-02,2.40249e+00,1.11085e-03
7.80736e-04,3.08102e-01,7.16069e-03,3.71167e-01,1.18936e-01,7.70201e-02,2.04976e-01,1.67557e-01,4.16344e-03,3.63750e-02,3.69005e-01,3.63663e-02,4.42498e-04,9.07374e-04,1.04043e+00,1.07502e-02,4.01247e-04,2.77142e-02,2.29588e+00,1.15802e-03
8.38486e-04,3.45904e-01,6.51915e-03,3.63478e-01,1.02970e-01,5.72470e-02,2.37108e-01,2.10567e-01,4.16773e-03,3.81753e-02,3.40878e-01,4.45081e-02,4.70066e-04,1.08509e-03,1.26746e+00,1.01375e-02,4.31057e-04,2.46090e-02,1.99547e+00,1.17620e-03
8.93612e-04,4.09860e-01,5.80423e-03,3.46555e-01,8.85954e-02,4.41310e-02,2.86033e-01,2.32814e-01,4.15368e-03,4.04381e-02,3.38875e-01,5.18247e-02,4.88719e-04,1.29051e-03,1.32598e+00,9.97015e-03,4.31397e-04,2.24522e-02,1.62230e+00,1.22572e-03
9.43262e-04,5.07139e-01,5.04597e-03,3.15896e-01,7.60311e-02,3.53573e-02,3.92204e-01,2.67827e-01,4.16063e-03,4.31648e-02,3.56587e-01,5.76664e-02,5.14721e-04,1.50127e-03,1.36787e+00,1.02744e-02,4.23372e-04,2.11576e-02,1.28533e+00,1.27802e-03
9.77329e-04,6.18549e-01,4.32948e-03,2.77073e-01,6.52230e-02,2.95038e-02,6.49269e-01,3.42776e-01,4.34101e-03,4.63246e-02,3.65393e-01,6.16617e-02,5.39315e-04,1.68496e-03,1.45401e+00,1.07196e-02,4.28856e-04,2.07390e-02,1.02207e+00,1.33614e-03
9.92790e-04,6.97439e-01,3.68416e-03,2.38546e-01,5.60350e-02,2.57830e-02,1.09241e+00,4.32554e-01,5.80756e-03,4.99788e-02,3.44859e-01,6.38351e-02,5.85550e-04,1.80520e-03,1.53938e+00,1.10647e-02,4.45581e-04,2.12604e-02,8.27307e-01,1.38882e-03
9.93128e-04,7.10695e-01,3.14937e-03,2.07738e-01,4.81881e-02,2.38195e-02,1.50467e+00,4.63342e-01,1.63730e-02,5.41403e-02,3.00627e-01,6.44873e-02,6.27931e-04,1.86009e-03,1.49490e+00,1.11168e-02,4.49686e-04,2.28965e-02,6.83055e-01,1.43890e-03
9.92443e-04,6.65401e-01,2.70954e-03,1.89415e-01,4.14304e-02,2.35142e-02,1.64478e+00,4.35870e-01,7.89404e-02,5.89188e-02,2.50030e-01,6.44815e-02,6.84782e-04,1.84865e-03,1.29339e+00,1.07604e-02,4.57641e-04,2.56912e-02,5.73048e-01,1.48841e-03
9.73720e-04,5.92081e-01,2.34771e-03,1.86684e-01,3.55520e-02,2.49032e-02,1.56469e+00,4.12204e-01,3.14809e-01,6.44117e-02,2.05202e-01,6.47119e-02,7.00522e-04,1.78383e-03,1.03533e+00,1.01002e-02,4.64333e-04,2.94250e-02,4.86380e-01,1.53778e-03
9.59360e-04,5.15654e-01,2.07381e-03,2.04531e-01,3.04344e-02,2.79150e-02,1.41766e+00,4.31402e-01,6.62621e-01,7.07194e-02,1.70632e-01,6.60899e-02,7.38708e-04,1.70068e-03,8.05005e-01,9.29445e-03,4.66034e-04,3.32976e-02,4.16188e-01,1.59080e-03
9.43203e-04,4.49007e-01,1.82831e-03,2.69140e-01,2.60238e-02,3.21675e-02,1.28012e+00,4.90240e-01,7.37430e-01,7.77794e-02,1.46043e-01,6.90035e-02,7.72420e-04,1.61329e-03,6.28468e-01,8.45739e-03,4.62300e-04,3.59071e-02,3.58346e-01,1.64499e-03
9.30748e-04,3.96315e-01,1.63593e-03,4.72776e-01,2.22733e-02,3.69441e-02,1.16596e+00,5.33162e-01,5.62516e-01,8.51987e-02,1.30122e-01,7.31525e-02,8.03564e-04,1.52176e-03,4.99081e-01,7.69792e-03,4.73026e-04,3.61069e-02,3.10256e-01,1.71429e-03
9.21070e-04,3.56787e-01,1.48003e-03,9.53631e-01,1.91083e-02,4.13182e-02,1.06638e+00,5.16635e-01,3.66366e-01,9.20811e-02,1.21511e-01,7.80382e-02,8.36750e-04,1.45046e-03,4.03973e-01,7.09397e-03,4.84160e-04,3.37725e-02,2.70159e-01,1.77906e-03
8.97910e-04,3.28015e-01,1.35285e-03,1.61959e+00,1.64657e-02,4.46553e-02,9.79261e-01,4.58594e-01,2.31406e-01,9.73336e-02,1.19303e-01,8.32781e-02,8.71667e-04,1.41021e-03,3.32157e-01,6.63577e-03,4.91497e-04,2.97661e-02,2.36503e-01,1.83585e-03
8.90399e-04,3.07598e-01,1.24875e-03,1.95916e+00,1.42707e-02,4.67808e-02,9.15942e-01,3.98298e-01,1.51112e-01,1.00355e-01,1.22593e-01,8.87670e-02,8.89040e-04,1.40610e-03,2.77062e-01,6.28611e-03,5.02277e-04,2.51926e-02,2.08536e-01,1.89004e-03
9.01922e-04,2.93149e-01,1.15705e-03,1.83365e+00,1.24748e-02,4.81134e-02,9.21183e-01,3.49067e-01,1.04723e-01,1.01365e-01,1.30123e-01,9.44567e-02,9.21329e-04,1.43244e-03,2.33900e-01,6.04262e-03,5.11761e-04,2.08488e-02,1.84921e-01,1.94880e-03
9.39353e-04,2.82394e-01,1.07737e-03,1.56092e+00,1.09867e-02,4.93052e-02,1.10244e+00,3.13284e-01,7.74139e-02,1.01195e-01,1.39779e-01,1.00024e-01,9.82236e-04,1.49016e-03,1.99351e-01,5.90518e-03,5.24657e-04,1.71198e-02,1.65113e-01,2.02306e-03
9.81146e-04,2.73812e-01,1.00069e-03,1.33586e+00,9.74592e-03,5.12289e-02,1.60421e+00,2.86114e-01,6.06382e-02,1.00679e-01,1.48762e-01,1.04870e-01,1.05411e-03,1.56239e-03,1.71361e-01,5.86494e-03,5.24491e-04,1.40798e-02,1.48471e-01,2.06450e-03
1.01987e-03,2.66630e-01,9.48923e-04,1.18552e+00,8.72939e-03,5.48193e-02,2.33113e+00,2.64855e-01,4.98377e-02,1.00430e-01,1.54252e-01,1.08474e-01,1.07120e-03,1.63828e-03,1.48418e-01,5.95768e-03,5.25163e-04,1.16510e-02,1.34323e-01,2.10353e-03
1.05091e-03,2.61174e-01,9.09333e-04,1.08079e+00,7.86667e-03,6.07433e-02,2.73499e+00,2.47191e-01,4.27613e-02,1.00640e-01,1.54443e-01,1.10857e-01,1.12377e-03,1.70605e-03,1.29449e-01,6.24501e-03,5.15686e-04,9.74569e-03,1.22102e-01,2.15029e-03
1.06742e-03,2.58627e-01,8.77323e-04,9.99219e-01,7.15503e-03,6.91412e-02,2.56559e+00,2.33310e-01,3.82270e-02,1.01300e-01,1.49391e-01,1.12718e-01,1.15505e-03,1.75179e-03,1.13665e-01,6.83581e-03,5.15300e-04,8.23570e-03,1.11715e-01,2.19618e-03
1.07045e-03,2.61228e-01,8.44111e-04,9.62345e-01,6.54426e-03,7.89611e-02,2.15968e+00,2.24426e-01,3.57452e-02,1.02225e-01,1.40660e-01,1.15569e-01,1.19845e-03,1.78121e-03,1.00298e-01,7.83504e-03,5.15702e-04,7.05032e-03,1.02700e-01,2.23792e-03
1.06635e-03,2.71874e-01,8.15674e-04,1.03299e+00,6.02367e-03,8.81342e-02,1.77190e+00,2.23828e-01,3.51320e-02,1.03236e-01,1.30132e-01,1.21297e-01,1.26477e-03,1.77610e-03,8.89901e-02,9.31672e-03,5.19970e-04,6.11082e-03,9.48430e-02,2.26619e-03
1.07399e-03,2.93493e-01,7.89075e-04,1.31447e+00,5.57166e-03,9.41514e-02,1.44680e+00,2.35781e-01,3.62809e-02,1.04095e-01,1.19374e-01,1.31720e-01,1.32040e-03,1.73790e-03,7.93097e-02,1.12112e-02,5.31191e-04,5.35336e-03,8.79512e-02,2.30488e-03
1.07333e-03,3.27352e-01,7.62534e-04,1.83013e+00,5.17732e-03,9.56151e-02,1.17787e+00,2.64353e-01,3.91404e-02,1.04493e-01,1.09207e-01,1.48075e-01,1.38709e-03,1.68394e-03,7.10095e-02,1.32934e-02,5.53639e-04,4.73099e-03,8.19882e-02,2.33859e-03
1.08207e-03,3.72277e-01,7.38922e-04,2.35759e+00,4.83179e-03,9.25187e-02,9.59940e-01,3.07190e-01,4.35618e-02,1.04308e-01,9.98500e-02,1.70725e-01,1.46567e-03,1.60998e-03,6.38363e-02,1.51768e-02,5.76836e-04,4.21757e-03,7.65649e-02,2.35998e-03
1.09333e-03,4.23828e-01,7.12453e-04,2.56165e+00,4.52307e-03,8.62415e-02,7.87950e-01,3.55097e-01,4.91704e-02,1.03318e-01,9.12415e-02,1.99494e-01,1.52171e-03,1.53397e-03,5.76105e-02,1.64825e-02,6.04833e-04,3.78545e-03,7.19504e-02,2.37868e-03
1.10657e-03,4.74760e-01,6.91553e-04,2.37519e+00,4.23337e-03,7.83935e-02,6.57875e-01,3.87459e-01,5.54757e-02,1.01478e-01,8.32306e-02,2.34161e-01,1.60354e-03,1.45704e-03,5.21832e-02,1.70612e-02,6.52484e-04,3.41713e-03,6.77679e-02,2.39091e-03
1.12057e-03,5.17120e-01,6.73944e-04,1.99653e+00,3.97771e-03,7.03343e-02,5.59196e-01,3.91341e-01,6.17576e-02,9.87437e-02,7.55861e-02,2.74572e-01,1.65398e-03,1.38221e-03,4.74327e-02,1.68698e-02,6.88852e-04,3.10121e-03,6.39997e-02,2.38027e-03
1.12682e-03,5.45867e-01,6.61423e-04,1.61137e+00,3.75180e-03,6.29249e-02,4.84945e-01,3.67774e-01,6.73510e-02,9.51980e-02,6.83196e-02,3.19866e-01,1.68936e-03,1.31483e-03,4.32600e-02,1.60768e-02,7.28729e-04,2.82925e-03,6.06435e-02,2.36754e-03
1.12553e-03,5.60244e-01,6.52371e-04,1.29321e+00,3.55731e-03,5.64558e-02,4.29928e-01,3.29749e-01,7.16525e-02,9.08065e-02,6.13989e-02,3.69169e-01,1.71781e-03,1.25023e-03,3.95720e-02,1.48381e-02,7.66062e-04,2.60084e-03,5.76592e-02,2.33449e-03
1.11063e-03,5.63837e-01,6.43731e-04,1.04435e+00,3.38571e-03,5.09949e-02,3.88570e-01,2.89380e-01,7.42129e-02,8.56773e-02,5.49030e-02,4.20072e-01,1.73907e-03,1.18900e-03,3.62973e-02,1.34749e-02,8.00770e-04,2.40334e-03,5.48984e-02,2.30692e-03
1.08345e-03,5.61874e-01,6.33779e-04,8.55337e-01,3.23341e-03,4.64251e-02,3.56994e-01,2.53186e-01,7.49185e-02,8.07391e-02,4.89064e-02,4.69539e-01,1.75928e-03,1.12205e-03,3.33960e-02,1.20555e-02,8.31530e-04,2.23336e-03,5.23406e-02,2.27585e-03
1.04820e-03,5.60586e-01,6.26357e-04,7.15449e-01,3.09837e-03,4.25440e-02,3.32087e-01,2.22810e-01,7.39251e-02,9.41471e-02,4.34370e-02,5.13288e-01,1.78033e-03,1.06734e-03,3.08020e-02,1.07386e-02,8.52426e-04,2.08589e-03,4.99721e-02,2.22542e-03
1.00535e-03,5.66171e-01,6.18248e-04,6.19314e-01,2.97337e-03,3.92008e-02,3.11230e-01,1.98143e-01,7.14909e-02,2.55560e-01,3.85488e-02,5.47555e-01,1.79095e-03,1.01101e-03,2.84758e-02,9.54035e-03,8.71478e-04,1.95645e-03,4.77033e-02,2.16761e-03
9.60508e-04,5.85917e-01,6.12348e-04,5.54864e-01,2.85412e-03,3.62455e-02,2.93032e-01,1.78798e-01,6.79663e-02,1.15971e+00,3.42269e-02,5.69198e-01,1.80232e-03,9.54183e-04,2.63905e-02,8.49470e-03,8.82677e-04,1.84198e-03,4.55076e-02,2.08917e-03
9.19341e-04,6.30406e-01,6.09954e-04,5.13280e-01,2.74883e-03,3.35244e-02,2.75817e-01,1.63916e-01,6.37978e-02,4.39610e+00,3.04612e-02,5.76870e-01,1.80763e-03,8.95139e-04,2.45224e-02,7.66345e-03,8.86801e-04,1.74022e-03,4.34128e-02,2.02847e-03
8.73839e-04,7.17643e-01,6.05414e-04,4.78393e-01,2.65512e-03,3.10006e-02,2.59092e-01,1.53581e-01,5.92988e-02,9.55963e+00,2.71799e-02,5.70892e-01,1.81102e-03,8.34320e-04,2.28307e-02,6.87913e-03,8.86650e-04,1.64716e-03,4.13119e-02,1.96051e-03
8.32945e-04,8.77521e-01,5.96559e-04,4.42644e-01,2.56960e-03,2.86623e-02,2.42690e-01,1.47042e-01,5.46987e-02,1.19999e+01,2.43450e-02,5.53211e-01,1.80821e-03,7.84897e-04,2.13095e-02,6.27668e-03,9.00062e-04,1.56191e-03,3.93364e-02,1.87415e-03
7.84933e-04,1.14724e+00,5.94416e-04,4.05867e-01,2.49335e-03,2.64874e-02,2.26456e-01,1.45435e-01,5.01369e-02,1.05660e+01,2.18875e-02,5.26422e-01,1.79466e-03,7.37443e-04,1.99227e-02,5.74859e-03,9.11398e-04,1.48326e-03,3.73648e-02,1.81390e-03
7.48417e-04,1.53977e+00,5.92956e-04,3.70476e-01,2.42571e-03,2.44655e-02,2.10786e-01,1.51712e-01,4.57220e-02,7.75803e+00,1.97667e-02,4.94712e-01,1.78754e-03,7.01753e-04,1.86593e-02,5.35151e-03,9.19304e-04,1.41289e-03,3.54363e-02,1.74622e-03
7.16468e-04,1.97930e+00,5.92614e-04,3.38568e-01,2.36275e-03,2.25922e-02,1.95782e-01,1.75679e-01,4.15802e-02,5.26815e+00,1.79254e-02,4.60361e-01,1.75807e-03,6.65561e-04,1.75141e-02,5.01506e-03,9.36481e-04,1.35342e-03,3.35720e-02,1.70084e-03
6.92298e-04,2.28620e+00,5.94098e-04,3.11507e-01,2.31531e-03,2.08595e-02,1.81682e-01,2.53378e-01,3.77552e-02,3.52586e+00,1.63304e-02,4.26181e-01,1.74884e-03,6.35005e-04,1.64674e-02,4.72912e-03,9.60859e-04,1.30506e-03,3.17747e-02,1.64289e-03
6.65344e-04,2.31592e+00,6.20076e-04,2.89078e-01,2.39210e-03,1.92699e-02,1.68482e-01,5.08917e-01,3.42768e-02,2.42504e+00,1.49259e-02,3.93825e-01,1.73439e-03,5.99293e-04,1.55078e-02,4.49863e-03,9.86422e-04,1.26490e-03,3.00705e-02,1.58402e-03
6.43304e-04,2.09688e+00,6.98836e-04,2.69499e-01,2.59085e-03,1.78062e-02,1.56151e-01,1.20913e+00,3.11346e-02,1.75296e+00,1.36991e-02,3.64889e-01,1.74638e-03,5.64473e-04,1.46248e-02,4.30497e-03,1.03207e-03,1.22921e-03,2.83988e-02,1.52569e-03
6.20572e-04,1.77280e+00,8.36581e-04,2.52444e-01,2.71995e-03,1.64668e-02,1.44886e-01,2.27537e+00,2.83519e-02,1.33808e+00,1.26159e-02,3.39450e-01,1.73525e-03,5.34345e-04,1.38141e-02,4.15181e-03,1.08146e-03,1.19737e-03,2.68607e-02,1.48649e-03
5.96688e-04,1.48713e+00,9.83789e-04,2.37359e-01,2.91647e-03,1.52411e-02,1.34481e-01,2.62871e+00,2.58378e-02,1.07121e+00,1.16653e-02,3.17933e-01,1.73786e-03,4.89185e-04,1.30579e-02,4.02631e-03,1.14070e-03,1.16744e-03,2.54217e-02,1.44516e-03
5.65870e-04,1.35456e+00,1.08916e-03,2.24803e-01,3.17815e-03,1.41159e-02,1.24836e-01,2.09521e+00,2.36535e-02,8.90345e-01,1.08133e-02,3.01541e-01,1.73256e-03,4.59224e-04,1.23554e-02,3.93014e-03,1.22289e-03,1.13927e-03,2.40984e-02,1.40090e-03
5.39191e-04,1.51270e+00,1.17908e-03,2.15099e-01,3.46005e-03,1.30922e-02,1.15939e-01,1.45661e+00,2.17225e-02,7.60374e-01,1.00543e-02,3.08990e-01,1.75552e-03,4.32148e-04,1.17100e-02,3.86299e-03,1.30959e-03,1.11102e-03,2.27909e-02,1.36206e-03
5.05645e-04,2.03273e+00,1.28540e-03,2.12884e-01,3.83644e-03,1.21553e-02,1.07579e-01,1.02663e+00,2.00047e-02,6.61774e-01,9.37078e-03,4.50388e-01,1.75056e-03,4.02452e-04,1.11157e-02,3.81483e-03,1.42477e-03,1.08603e-03,2.16092e-02,1.32414e-03
4.80121e-04,2.63405e+00,1.40527e-03,2.41571e-01,4.23948e-03,1.12940e-02,9.98653e-02,7.72736e-01,1.84739e-02,5.84472e-01,8.75776e-03,9.42768e-01,1.77624e-03,3.75638e-04,1.05669e-02,3.78470e-03,1.53687e-03,1.06269e-03,2.05206e-02,1.29847e-03
4.52092e-04,2.85358e+00,1.52398e-03,4.08189e-01,4.63686e-03,1.05049e-02,9.26688e-02,6.21814e-01,1.71397e-02,5.21934e-01,8.19506e-03,1.97344e+00,1.77876e-03,3.54245e-04,1.00570e-02,3.76319e-03,1.64862e-03,1.04301e-03,1.95132e-02,1.27268e-03
4.26223e-04,2.64568e+00,1.61654e-03,9.85795e-01,5.08180e-03,9.78182e-03,8.60690e-02,5.22418e-01,1.59542e-02,4.70339e-01,7.68337e-03,3.58687e+00,1.79466e-03,3.37540e-04,9.58471e-03,3.73716e-03,1.77358e-03,1.02925e-03,1.85819e-02,1.24628e-03
3.96812e-04,2.29493e+00,1.66259e-03,2.09231e+00,5.59607e-03,9.12821e-03,7.99473e-02,4.51134e-01,1.48977e-02,4.26943e-01,7.21700e-03,5.46631e+00,1.80936e-03,3.21803e-04,9.15215e-03,3.72237e-03,1.91022e-03,1.01949e-03,1.77542e-02,1.22698e-03
3.77237e-04,2.00583e+00,1.65191e-03,2.80890e+00,6.16165e-03,8.52577e-03,7.43326e-02,3.96363e-01,1.39529e-02,3.90263e-01,6.79551e-03,6.96783e+00,1.82082e-03,3.07553e-04,8.74685e-03,3.68004e-03,2.02957e-03,1.01414e-03,1.69828e-02,1.22500e-03
3.53105e-04,1.83187e+00,1.58964e-03,2.41095e+00,6.72249e-03,7.97384e-03,6.91505e-02,3.50503e-01,1.31058e-02,3.58752e-01,6.40797e-03,7.57019e+00,1.84584e-03,2.95684e-04,8.36789e-03,3.64476e-03,2.14682e-03,1.00779e-03,1.62953e-02,1.20526e-03
3.36920e-04,1.74426e+00,1.51781e-03,1.64162e+00,7.18880e-03,7.46740e-03,6.44016e-02,3.15517e-01,1.23330e-02,3.31507e-01,6.05370e-03,7.22482e+00,1.86781e-03,2.86522e-04,8.00615e-03,3.59226e-03,2.23819e-03,1.00286e-03,1.56572e-02,1.20176e-03
3.18285e-04,1.69887e+00,1.42151e-03,1.08467e+00,7.49482e-03,7.00277e-03,6.00568e-02,2.80916e-01,1.16251e-02,3.07778e-01,5.73088e-03,6.25580e+00,1.90195e-03,2.78512e-04,7.67236e-03,3.54904e-03,2.31091e-03,9.93150e-04,1.50646e-02,1.21241e-03
3.04106e-04,1.66278e+00,1.33854e-03,7.63179e-01,7.93195e-03,6.57637e-03,5.61137e-02,2.54309e-01,1.09932e-02,2.87135e-01,5.43139e-03,5.05672e+00,1.94415e-03,2.75799e-04,7.35934e-03,3.48709e-03,2.37395e-03,9.84817e-04,1.45291e-02,1.23026e-03
2.91905e-04,1.61128e+00,1.76077e-03,5.83407e-01,8.97117e-03,6.18869e-03,5.24789e-02,2.29645e-01,1.04238e-02,2.69328e-01,5.16044e-03,3.90963e+00,1.96333e-03,2.72049e-04,7.07104e-03,3.46071e-03,2.41889e-03,1.01519e-03,1.40203e-02,1.22418e-03
2.74958e-04,1.53830e+00,3.69296e-03,4.76044e-01,1.39257e-02,5.84479e-03,4.91545e-02,2.07911e-01,1.00801e-02,2.53791e-01,4.90683e-03,2.95491e+00,1.98452e-03,2.69072e-04,6.79924e-03,3.40113e-03,2.46289e-03,1.23916e-03,1.35999e-02,1.23537e-03
2.80310e-04,1.44165e+00,9.21434e-03,4.03981e-01,3.88655e-02,5.53061e-03,4.61516e-02,1.87985e-01,1.01944e-02,2.40076e-01,4.66749e-03,2.24709e+00,2.00520e-03,4.17132e-04,6.54631e-03,3.36238e-03,2.49815e-03,1.65266e-03,1.32752e-02,1.24932e-03
3.49494e-04,1.32640e+00,1.93338e-02,3.52181e-01,9.40506e-02,5.23955e-03,4.34368e-02,1.70739e-01,1.08793e-02,2.28047e-01,4.44971e-03,1.81579e+00,2.03150e-03,8.13429e-04,6.30561e-03,3.32661e-03,2.55895e-03,2.16684e-03,1.33418e-02,1.27217e-03
4.57383e-04,1.20242e+00,4.55072e-02,3.11551e-01,2.73659e-01,4.96901e-03,4.09742e-02,1.55970e-01,1.20783e-02,2.17495e-01,4.23869e-03,1.68085e+00,2.07860e-03,1.44846e-03,6.07919e-03,3.30912e-03,2.63748e-03,3.03063e-03,1.35914e-02,1.33733e-03
5.29304e-04,1.07879e+00,9.51465e-02,2.78476e-01,8.32626e-01,4.72308e-03,3.86753e-02,1.41631e-01,1.36466e-02,2.08091e-01,4.04144e-03,1.79521e+00,2.13780e-03,2.36024e-03,5.86954e-03,3.29117e-03,2.72529e-03,3.88309e-03,1.42927e-02,1.40196e-03
7.66968e-04,9.59089e-01,1.39914e-01,2.50178e-01,1.46318e+00,4.50319e-03,3.65999e-02,1.29643e-01,1.54884e-02,1.99592e-01,3.85841e-03,2.05154e+00,2.26952e-03,3.49369e-03,5.67255e-03,3.27945e-03,2.84658e-03,4.84459e-03,1.54087e-02,1.58525e-03
1.55680e-03,8.49364e-01,1.57217e-01,2.26411e-01,1.54341e+00,4.29991e-03,3.46889e-02,1.19800e-01,1.75869e-02,1.91867e-01,3.68735e-03,2.36274e+00,4.88395e-03,5.15952e-03,5.48668e-03,3.25984e-03,2.92150e-03,6.00053e-03,1.66920e-02,1.83360e-03
2.93011e-03,7.51927e-01,1.54815e-01,2.05177e-01,1.39256e+00,4.11715e-03,3.29146e-02,1.09956e-01,2.03643e-02,1.84860e-01,3.53088e-03,2.69283e+00,1.47097e-02,7.41117e-03,5.30494e-03,3.23393e-03,2.97342e-03,7.67489e-03,1.83416e-02,2.01450e-03
5.29620e-03,6.66522e-01,1.64842e-01,1.85759e-01,1.32122e+00,3.95949e-03,3.12966e-02,1.01911e-01,2.57680e-02,1.78404e-01,3.38700e-03,3.02101e+00,3.55513e-02,1.23124e-02,5.13608e-03,3.22369e-03,3.01168e-03,1.94763e-02,2.06029e-02,2.11632e-03
1.38871e-02,5.96041e-01,2.31361e-01,1.69300e-01,1.36294e+00,3.81967e-03,2.98124e-02,9.52508e-02,4.09368e-02,1.72653e-01,3.25410e-03,3.28636e+00,7.78318e-02,3.00803e-02,4.97696e-03,3.17829e-03,3.20201e-03,5.22657e-02,2.33477e-02,2.17361e-03
3.85602e-02,5.36195e-01,3.37047e-01,1.54926e-01,1.43515e+00,4.92302e-03,2.91449e-02,8.96516e-02,7.88265e-02,1.68204e-01,3.13636e-03,3.38721e+00,1.34268e-01,8.40689e-02,5.10834e-03,3.16013e-03,3.76614e-03,1.05308e-01,2.69054e-02,2.33152e-03
7.50141e-02,4.86982e-01,4.47640e-01,1.42358e-01,1.51661e+00,7.41556e-03,3.15090e-02,8.64468e-02,1.42203e-01,1.66991e-01,3.32266e-03,3.26845e+00,3.67283e-01,1.74890e-01,6.12288e-03,3.15273e-03,4.46523e-03,1.58650e-01,3.32456e-02,2.80576e-03
1.74092e-01,4.46424e-01,5.07986e-01,1.31390e-01,1.59729e+00,1.04444e-02,4.08051e-02,8.45954e-02,2.29444e-01,1.70552e-01,4.30436e-03,2.97795e+00,1.50022e+00,3.11360e-01,7.35028e-03,3.14280e-03,5.10163e-03,2.64739e-01,4.40631e-02,3.67472e-03
4.23011e-01,4.14899e-01,4.88306e-01,1.22049e-01,1.59014e+00,1.31157e-02,5.00988e-02,8.16494e-02,3.58671e-01,1.79855e-01,5.23085e-03,2.61740e+00,2.07530e+00,4.69645e-01,9.28345e-03,3.16023e-03,5.65308e-03,6.15565e-01,5.71592e-02,4.51057e-03
8.44920e-01,3.92570e-01,4.31872e-01,1.14465e-01,1.46734e+00,1.49308e-02,5.37518e-02,7.81773e-02,5.87388e-01,2.04737e-01,6.23708e-03,2.27202e+00,2.51069e+00,6.09266e-01,1.21678e-02,3.19687e-03,6.12672e-03,9.35663e-01,7.02120e-02,5.08791e-03
1.28730e+00,3.77337e-01,3.75300e-01,1.08850e-01,1.27281e+00,1.69935e-02,5.75164e-02,7.47056e-02,1.00153e+00,2.61736e-01,8.39508e-03,1.98406e+00,3.17749e+00,7.25429e-01,1.44305e-02,3.24919e-03,6.67695e-03,8.40520e-01,8.21740e-02,5.47170e-03
1.47019e+00,3.68551e-01,3.24983e-01,1.05510e-01,1.05161e+00,2.04671e-02,6.55005e-02,7.21996e-02,1.46421e+00,3.34878e-01,9.02774e-03,1.76391e+00,3.93141e+00,8.08845e-01,1.67021e-02,3.34678e-03,7.61373e-03,6.75579e-01,9.44958e-02,5.81647e-03
1.46480e+00,3.57846e-01,2.72370e-01,1.03590e-01,8.31518e-01,2.67678e-02,7.30283e-02,6.99312e-02,1.65553e+00,3.79333e-01,8.47411e-03,1.61695e+00,4.82382e+00,9.34235e-01,1.95897e-02,3.43284e-03,9.33540e-03,6.06274e-01,1.06629e-01,6.21764e-03
1.45797e+00,3.44814e-01,2.17900e-01,1.02702e-01,6.35060e-01,3.69255e-02,7.56859e-02,6.83403e-02,1.62254e+00,3.81463e-01,8.17537e-03,1.54868e+00,5.02672e+00,1.17409e+00,2.31743e-02,3.57204e-03,1.32070e-02,6.01376e-01,1.17146e-01,6.79669e-03
1.48549e+00,3.29569e-01,1.68416e-01,1.02289e-01,4.75984e-01,4.64639e-02,7.46967e-02,6.81288e-02,1.62663e+00,3.60726e-01,8.08511e-03,1.52924e+00,4.34331e+00,1.47810e+00,2.82744e-02,3.73353e-03,2.30909e-02,5.81787e-01,1.24338e-01,7.51708e-03
1.39501e+00,3.15846e-01,1.27615e-01,1.01579e-01,3.55507e-01,4.92121e-02,7.17351e-02,6.89949e-02,1.83154e+00,3.37417e-01,7.94591e-03,1.51412e+00,3.58564e+00,1.59750e+00,3.49002e-02,3.91050e-03,4.22870e-02,5.06504e-01,1.28468e-01,8.42166e-03
1.13722e+00,3.10118e-01,9.58385e-02,9.98950e-02,2.67173e-01,4.56517e-02,6.82766e-02,7.02627e-02,2.19162e+00,3.19343e-01,7.75025e-03,1.49091e+00,3.05707e+00,1.37935e+00,4.17013e-02,4.10113e-03,5.90513e-02,4.03629e-01,1.30487e-01,9.48016e-03
8.41226e-01,3.21603e-01,7.20590e-02,9.80556e-02,2.03222e-01,3.97225e-02,6.54208e-02,7.15047e-02,2.56661e+00,3.05334e-01,7.54394e-03,1.44783e+00,2.72716e+00,1.03657e+00,4.75601e-02,4.27138e-03,6.12918e-02,3.10413e-01,1.31570e-01,1.06621e-02
6.03639e-01,3.70776e-01,5.46948e-02,9.61209e-02,1.56790e-01,3.40031e-02,6.37341e-02,7.25548e-02,2.96048e+00,2.92710e-01,7.34653e-03,1.37040e+00,2.53263e+00,7.52260e-01,5.26333e-02,4.41753e-03,5.65983e-02,2.38714e-01,1.32014e-01,1.19245e-02
4.38084e-01,4.89570e-01,4.22793e-02,9.43341e-02,1.22975e-01,2.92606e-02,6.30900e-02,7.30717e-02,3.43427e+00,2.79704e-01,7.14174e-03,1.25635e+00,2.39440e+00,5.54203e-01,5.76755e-02,4.53119e-03,5.37039e-02,1.85873e-01,1.32224e-01,1.33197e-02
3.27050e-01,7.12990e-01,3.33363e-02,9.33286e-02,9.80226e-02,2.54539e-02,6.30678e-02,7.34700e-02,3.93312e+00,2.66071e-01,6.91141e-03,1.12102e+00,2.22859e+00,4.19299e-01,6.38443e-02,4.60042e-03,5.47276e-02,1.46427e-01,1.32227e-01,1.48759e-02
2.50742e-01,1.05174e+00,2.68418e-02,9.30730e-02,7.94420e-02,2.23836e-02,6.33402e-02,7.33767e-02,4.36159e+00,2.53111e-01,6.70647e-03,9.85203e-01,1.98532e+00,3.24763e-01,7.15425e-02,4.66954e-03,5.92016e-02,1.16663e-01,1.32142e-01,1.65195e-02
1.96920e-01,1.45337e+00,2.21263e-02,9.27061e-02,6.54629e-02,1.98585e-02,6.41375e-02,7.32094e-02,4.66967e+00,2.41977e-01,6.51659e-03,8.64622e-01,1.68996e+00,2.56495e-01,8.01132e-02,4.64686e-03,6.59028e-02,9.39281e-02,1.31605e-01,1.81746e-02
1.57579e-01,1.78307e+00,1.86015e-02,9.24772e-02,5.47971e-02,1.77471e-02,6.66336e-02,7.24511e-02,4.78612e+00,2.33657e-01,6.34561e-03,7.65987e-01,1.40238e+00,2.05755e-01,8.91110e-02,4.63705e-03,7.37787e-02,7.64547e-02,1.30117e-01,1.97916e-02
1.27875e-01,1.89884e+00,1.59320e-02,9.11682e-02,4.65208e-02,1.59617e-02,7.29497e-02,7.11284e-02,4.63675e+00,2.28141e-01,6.21208e-03,6.87632e-01,1.15990e+00,1.67118e-01,9.91506e-02,4.58020e-03,8.26794e-02,6.28871e-02,1.27144e-01,2.13538e-02
1.05206e-01,1.77668e+00,1.38585e-02,8.92917e-02,4.00932e-02,1.44474e-02,8.56533e-02,6.94827e-02,4.25001e+00,2.24751e-01,6.11258e-03,6.25651e-01,9.69414e-01,1.37188e-01,1.11656e-01,4.53258e-03,9.43402e-02,5.22249e-02,1.22595e-01,2.30196e-02
8.76254e-02,1.50791e+00,1.22314e-02,8.72722e-02,3.49745e-02,1.31711e-02,1.06079e-01,6.70274e-02,3.75451e+00,2.22159e-01,6.04000e-03,5.73619e-01,8.22409e-01,1.13739e-01,1.26211e-01,4.44344e-03,1.15084e-01,4.38461e-02,1.17076e-01,2.54542e-02
7.38492e-02,1.20478e+00,1.09350e-02,8.56617e-02,3.08788e-02,1.21101e-02,1.31727e-01,6.44093e-02,3.28226e+00,2.19297e-01,6.00989e-03,5.28420e-01,7.10458e-01,9.52505e-02,1.39670e-01,4.38235e-03,1.72217e-01,3.71894e-02,1.11174e-01,3.01952e-02
6.29483e-02,9.34745e-01,9.90106e-03,8.44316e-02,2.75554e-02,1.12447e-02,1.55952e-01,6.17971e-02,2.90667e+00,2.15379e-01,6.02649e-03,4.88046e-01,6.23094e-01,8.04621e-02,1.48881e-01,4.30268e-03,4.08357e-01,3.18549e-02,1.05220e-01,4.02716e-02
5.42632e-02,7.22636e-01,9.05129e-03,8.37336e-02,2.48438e-02,1.05563e-02,1.71491e-01,5.93010e-02,2.64578e+00,2.10356e-01,6.10149e-03,4.52536e-01,5.53744e-01,6.85630e-02,1.54188e-01,4.24274e-03,1.52073e+00,2.75306e-02,9.94926e-02,6.09097e-02
4.72604e-02,5.66832e-01,8.44152e-03,8.33958e-02,2.26033e-02,1.00159e-02,1.76700e-01,5.71173e-02,2.47476e+00,2.04618e-01,6.21769e-03,4.21852e-01,4.99141e-01,5.88647e-02,1.58993e-01,4.16688e-03,4.63197e+00,2.41189e-02,9.40771e-02,9.99569e-02
4.15848e-02,4.56511e-01,8.00165e-03,8.33999e-02,2.07233e-02,9.60566e-03,1.73679e-01,5.62689e-02,2.34035e+00,1.99343e-01,6.36402e-03,3.95768e-01,4.56156e-01,5.09738e-02,1.65532e-01,4.11951e-03,7.00185e+00,2.13238e-02,8.90181e-02,1.62711e-01
3.69373e-02,3.78402e-01,7.81319e-03,8.37078e-02,1.91218e-02,9.30737e-03,1.66724e-01,5.65467e-02,2.18747e+00,1.96175e-01,6.53785e-03,3.74040e-01,4.20419e-01,4.44881e-02,1.72330e-01,4.05200e-03,5.58069e+00,1.91067e-02,8.42758e-02,2.32445e-01
3.31203e-02,3.25892e-01,7.72753e-03,8.55602e-02,1.77801e-02,9.10521e-03,1.58459e-01,5.85582e-02,1.98883e+00,1.97345e-01,6.72415e-03,3.57151e-01,3.92398e-01,3.90531e-02,1.75432e-01,4.03451e-03,3.61400e+00,1.74002e-02,8.00449e-02,2.73570e-01
2.98762e-02,2.87565e-01,7.68862e-03,8.97898e-02,1.66517e-02,8.99494e-03,1.50963e-01,6.15696e-02,1.74783e+00,2.04725e-01,6.91647e-03,3.47918e-01,3.69283e-01,3.45305e-02,1.71615e-01,4.00998e-03,2.43170e+00,1.60362e-02,7.65071e-02,1.14236e+00
2.70439e-02,2.60211e-01,7.68963e-03,9.77371e-02,1.56811e-02,8.97523e-03,1.44948e-01,6.51506e-02,1.49081e+00,2.18843e-01,7.10041e-03,3.53184e-01,3.51790e-01,3.07159e-02,1.60781e-01,3.99894e-03,1.76716e+00,1.48835e-02,7.38913e-02,2.98800e+01
2.45879e-02,2.40746e-01,7.71281e-03,1.11772e-01,1.48582e-02,9.03931e-03,1.40185e-01,6.80572e-02,1.24543e+00,2.38278e-01,7.25840e-03,3.87277e-01,3.38672e-01,2.74796e-02,1.45212e-01,4.01309e-03,1.34531e+00,1.38680e-02,7.26305e-02,1.39788e+01
2.25299e-02,2.26527e-01,7.69965e-03,1.31002e-01,1.41382e-02,9.18512e-03,1.36464e-01,7.02905e-02,1.02986e+00,2.60228e-01,7.36617e-03,4.71307e-01,3.28098e-01,2.46920e-02,1.28001e-01,4.04505e-03,1.04669e+00,1.29365e-02,7.33406e-02,5.61737e+00
2.07265e-02,2.15737e-01,7.59468e-03,1.51495e-01,1.35007e-02,9.40588e-03,1.33446e-01,7.17920e-02,8.51226e-01,2.81498e-01,7.41066e-03,6.21667e-01,3.21101e-01,2.23106e-02,1.11120e-01,4.07676e-03,8.22504e-01,1.20895e-02,7.67988e-02,3.52355e+00
1.91175e-02,2.05641e-01,7.39236e-03,1.67137e-01,1.29234e-02,9.70071e-03,1.30972e-01,7.35732e-02,7.07262e-01,2.99730e-01,7.38605e-03,8.37166e-01,3.12412e-01,2.03007e-02,9.60004e-02,4.16029e-03,6.53933e-01,1.13284e-02,8.40532e-02,2.72455e+00
1.76710e-02,1.97945e-01,7.14472e-03,1.75141e-01,1.24095e-02,1.00737e-02,1.29373e-01,7.73072e-02,5.92630e-01,3.13885e-01,7.28722e-03,1.09104e+00,3.01189e-01,1.84696e-02,8.27910e-02,4.37150e-03,5.27402e-01,1.06330e-02,9.62285e-02,2.29060e+00
1.63811e-02,1.90582e-01,6.88985e-03,1.73922e-01,1.19535e-02,1.05292e-02,1.28485e-01,8.37984e-02,5.02439e-01,3.24119e-01,7.11990e-03,1.33137e+00,2.84602e-01,1.69088e-02,7.17027e-02,4.93884e-03,4.31462e-01,9.99285e-03,1.13702e-01,2.01938e+00
1.52208e-02,1.84927e-01,6.70510e-03,1.67816e-01,1.15391e-02,1.10622e-02,1.28730e-01,9.42996e-02,4.30224e-01,3.31623e-01,6.89895e-03,1.49771e+00,2.61344e-01,1.55257e-02,6.23600e-02,6.36881e-03,3.57998e-01,9.40980e-03,1.35862e-01,1.83259e+00
1.41903e-02,1.81271e-01,6.64522e-03,1.59577e-01,1.11897e-02,1.16727e-02,1.30232e-01,1.08854e-01,3.72603e-01,3.38230e-01,6.65524e-03,1.54910e+00,2.33682e-01,1.42866e-02,5.45053e-02,9.16714e-03,3.01920e-01,8.89551e-03,1.60490e-01,1.69169e+00
1.32282e-02,1.79010e-01,6.67363e-03,1.51341e-01,1.08900e-02,1.23734e-02,1.33133e-01,1.24661e-01,3.25402e-01,3.46766e-01,6.42283e-03,1.48264e+00,2.04355e-01,1.32807e-02,4.79737e-02,1.33930e-02,2.58571e-01,8.45677e-03,1.83674e-01,1.55990e+00
1.23597e-02,1.77624e-01,6.73009e-03,1.44562e-01,1.06316e-02,1.31788e-02,1.37487e-01,1.37078e-01,2.86598e-01,3.60455e-01,6.23449e-03,1.32954e+00,1.76129e-01,1.23966e-02,4.24463e-02,1.80959e-02,2.23358e-01,8.09411e-03,2.01291e-01,1.43794e+00
1.15401e-02,1.78122e-01,6.75477e-03,1.39385e-01,1.04154e-02,1.40797e-02,1.43423e-01,1.42296e-01,2.54159e-01,3.83042e-01,6.12791e-03,1.13480e+00,1.50281e-01,1.16541e-02,3.77592e-02,2.16143e-02,1.95281e-01,7.80857e-03,2.10726e-01,1.31834e+00
1.08061e-02,1.80497e-01,6.67444e-03,1.35994e-01,1.02363e-02,1.50630e-02,1.51033e-01,1.39279e-01,2.26778e-01,4.18006e-01,6.14518e-03,9.38539e-01,1.27460e-01,1.09870e-02,3.37855e-02,2.27481e-02,1.72191e-01,7.58760e-03,2.11345e-01,1.19789e+00
1.00962e-02,1.83832e-01,6.48246e-03,1.33891e-01,1.00848e-02,1.60932e-02,1.60494e-01,1.30695e-01,2.03560e-01,4.67926e-01,6.32949e-03,7.66543e-01,1.08531e-01,1.04174e-02,3.03843e-02,2.15321e-02,1.53036e-01,7.41544e-03,2.04682e-01,1.08275e+00
9.48137e-03,1.86642e-01,6.18034e-03,1.33381e-01,9.95728e-03,1.71135e-02,1.71608e-01,1.20256e-01,1.83578e-01,5.32660e-01,6.72884e-03,6.29792e-01,9.29321e-02,9.89804e-03,2.74574e-02,1.90453e-02,1.36793e-01,7.28126e-03,1.93187e-01,9.74934e-01
8.86128e-03,1.89616e-01,5.85828e-03,1.34256e-01,9.84807e-03,1.80685e-02,1.83897e-01,1.09875e-01,1.66426e-01,6.08409e-01,7.35617e-03,5.29156e-01,7.96896e-02,9.41512e-03,2.49312e-02,1.61116e-02,1.22951e-01,7.17669e-03,1.79399e-01,8.72458e-01
8.31649e-03,1.92248e-01,5.53900e-03,1.37335e-01,9.75056e-03,1.88751e-02,1.96334e-01,1.00884e-01,1.51484e-01,6.88019e-01,8.24975e-03,4.60876e-01,6.89451e-02,8.95869e-03,2.27581e-02,1.33961e-02,1.11380e-01,7.09083e-03,1.65478e-01,7.79207e-01
7.80668e-03,1.92267e-01,5.24665e-03,1.42509e-01,9.65151e-03,1.94943e-02,2.07372e-01,9.50453e-02,1.38566e-01,7.65889e-01,9.40108e-03,4.17350e-01,6.02994e-02,8.49412e-03,2.08834e-02,1.12674e-02,1.00959e-01,7.01281e-03,1.52450e-01,6.97412e-01
7.33759e-03,1.91272e-01,4.99829e-03,1.50493e-01,9.55138e-03,1.98835e-02,2.15560e-01,8.98139e-02,1.27191e-01,8.56003e-01,1.07897e-02,3.92259e-01,5.29929e-02,8.04645e-03,1.92239e-02,9.68967e-03,9.19476e-02,6.93912e-03,1.41116e-01,6.26786e-01
6.91051e-03,1.89668e-01,4.80205e-03,1.59498e-01,9.44667e-03,2.00450e-02,2.20134e-01,8.57799e-02,1.17198e-01,1.04803e+00,1.23315e-02,3.78830e-01,4.69826e-02,7.61279e-03,1.77688e-02,8.57342e-03,8.42215e-02,6.86683e-03,1.31384e-01,5.66668e-01
6.51573e-03,1.85499e-01,4.64784e-03,1.68492e-01,9.34410e-03,1.99958e-02,2.20660e-01,8.20025e-02,1.08462e-01,1.61528e+00,1.39182e-02,3.73996e-01,4.21235e-02,7.19140e-03,1.65059e-02,7.80286e-03,7.73910e-02,6.80250e-03,1.23242e-01,5.15238e-01
6.15186e-03,1.81554e-01,4.53038e-03,1.75513e-01,9.24507e-03,1.97560e-02,2.17361e-01,7.82361e-02,1.00675e-01,2.93440e+00,1.54215e-02,3.74378e-01,3.78720e-02,6.80034e-03,1.53943e-02,7.28760e-03,7.12533e-02,6.73740e-03,1.16316e-01,4.70530e-01
5.81579e-03,1.76420e-01,4.43885e-03,1.80426e-01,9.14868e-03,1.93721e-02,2.10374e-01,7.54381e-02,9.37700e-02,5.09579e+00,1.67275e-02,3.79368e-01,3.43943e-02,6.41595e-03,1.44197e-02,6.97901e-03,6.59609e-02,6.67294e-03,1.10234e-01,4.32824e-01
5.51370e-03,1.70020e-01,4.37308e-03,1.84272e-01,9.05771e-03,1.88827e-02,2.00135e-01,7.39337e-02,8.76228e-02,7.54836e+00,1.77396e-02,3.89813e-01,3.14386e-02,6.07930e-03,1.35586e-02,6.90730e-03,6.10953e-02,6.60565e-03,1.04679e-01,4.00319e-01
5.23774e-03,1.63891e-01,4.32495e-03,1.88817e-01,8.96325e-03,1.83215e-02,1.87162e-01,7.52788e-02,8.21262e-02,9.26094e+00,1.84263e-02,4.04152e-01,2.89194e-02,5.75024e-03,1.27985e-02,7.01298e-03,5.67917e-02,6.53561e-03,9.92600e-02,3.72280e-01
4.98398e-03,1.57637e-01,4.28658e-03,1.95012e-01,8.87609e-03,1.77133e-02,1.72199e-01,8.07745e-02,7.71999e-02,9.54723e+00,1.87738e-02,4.23846e-01,2.65646e-02,5.45024e-03,1.21292e-02,1.60593e-02,5.29942e-02,6.46271e-03,9.39132e-02,3.47596e-01
4.74794e-03,1.51038e-01,4.26541e-03,2.02505e-01,8.79091e-03,1.70856e-02,1.56320e-01,9.39215e-02,7.27751e-02,8.55820e+00,1.87693e-02,4.50304e-01,2.47809e-02,5.18165e-03,1.15326e-02,2.27873e+01,4.95742e-02,6.38802e-03,8.85754e-02,3.27467e-01
4.54916e-03,1.44814e-01,4.23393e-03,2.09920e-01,8.71601e-03,1.64545e-02,1.40447e-01,1.15966e-01,6.87935e-02,7.00287e+00,1.84407e-02,4.84474e-01,2.30789e-02,4.94334e-03,1.10002e-02,2.72999e+01,4.63863e-02,6.30973e-03,8.30977e-02,3.09573e-01
4.36013e-03,1.39267e-01,4.21055e-03,2.15338e-01,8.65008e-03,1.58406e-02,1.25290e-01,1.48513e-01,6.52130e-02,5.85733e+00,1.78663e-02,5.25514e-01,2.16149e-02,4.71854e-03,1.05194e-02,5.56673e+00,4.35901e-02,6.22807e-03,7.76677e-02,2.94337e-01
4.18450e-03,1.33779e-01,4.20116e-03,2.17605e-01,8.57944e-03,1.52522e-02,1.11378e-01,1.89389e-01,6.19820e-02,5.91480e+00,1.71006e-02,5.81223e-01,2.02978e-02,4.53239e-03,1.00918e-02,2.14819e+00,4.11813e-02,6.14503e-03,7.24326e-02,2.80706e-01
4.03704e-03,1.29110e-01,4.19743e-03,2.16423e-01,8.52446e-03,1.46881e-02,9.90259e-02,2.30200e-01,5.90788e-02,6.69592e+00,1.61960e-02,6.64569e-01,1.92033e-02,4.35157e-03,9.71188e-03,1.47364e+00,3.88240e-02,6.06382e-03,6.72835e-02,2.69813e-01
3.88881e-03,1.24163e-01,4.20614e-03,2.11284e-01,8.48541e-03,1.41561e-02,8.82968e-02,2.60692e-01,5.64532e-02,7.17976e+00,1.51880e-02,8.18960e-01,1.81237e-02,4.19079e-03,9.36700e-03,1.26337e+00,3.68182e-02,5.98503e-03,6.24655e-02,2.60095e-01
3.75513e-03,1.19672e-01,4.21151e-03,2.02835e-01,8.44742e-03,1.36470e-02,7.89386e-02,2.72494e-01,5.40884e-02,6.97985e+00,1.41403e-02,1.11742e+00,1.72222e-02,4.04133e-03,9.06190e-03,1.15377e+00,3.48940e-02,5.91943e-03,5.79643e-02,2.51819e-01
3.63996e-03,1.15979e-01,4.21359e-03,1.91820e-01,8.41896e-03,1.31602e-02,7.10005e-02,2.64346e-01,5.19519e-02,6.25503e+00,1.30899e-02,1.63358e+00,1.64222e-02,3.91515e-03,8.78591e-03,1.06664e+00,3.31056e-02,5.86542e-03,5.38298e-02,2.44531e-01
3.51560e-03,1.12377e-01,4.21496e-03,1.79329e-01,8.39366e-03,1.26889e-02,6.42630e-02,2.44336e-01,5.00231e-02,5.32130e+00,1.20704e-02,2.39324e+00,1.57109e-02,3.79431e-03,8.53504e-03,9.89076e-01,3.15141e-02,5.83043e-03,5.01589e-02,2.39373e-01
3.40954e-03,1.09952e-01,4.21388e-03,1.66891e-01,8.37892e-03,1.22269e-02,5.84824e-02,2.21196e-01,4.82983e-02,4.41310e+00,1.10995e-02,3.35117e+00,1.50005e-02,3.68922e-03,8.31315e-03,9.17157e-01,3.00232e-02,5.80587e-03,4.68556e-02,2.35085e-01
3.30905e-03,1.07710e-01,4.20958e-03,1.56763e-01,8.37277e-03,1.17774e-02,5.35977e-02,2.05631e-01,4.67456e-02,3.63825e+00,1.01882e-02,4.39082e+00,1.43982e-02,3.58466e-03,8.11676e-03,8.49086e-01,2.86969e-02,5.78736e-03,4.39162e-02,2.30648e-01
3.22280e-03,1.06523e-01,4.20385e-03,1.53119e-01,8.37362e-03,1.13342e-02,4.95347e-02,2.09244e-01,4.53607e-02,3.01935e+00,9.36202e-03,5.34964e+00,1.38431e-02,3.46888e-03,7.93369e-03,7.84666e-01,2.74248e-02,5.78311e-03,4.12964e-02,2.27118e-01
3.13363e-03,1.06143e-01,4.20057e-03,1.60064e-01,8.36387e-03,1.08990e-02,4.61246e-02,2.48207e-01,4.41186e-02,2.54093e+00,8.60986e-03,6.06625e+00,1.33204e-02,3.38242e-03,7.77229e-03,7.24587e-01,2.62708e-02,5.78222e-03,3.90025e-02,2.24177e-01
3.04576e-03,1.05862e-01,4.19145e-03,1.80228e-01,8.35397e-03,1.04768e-02,4.33433e-02,3.46712e-01,4.30183e-02,2.17222e+00,7.91908e-03,6.44282e+00,1.28249e-02,3.29820e-03,7.63236e-03,6.67115e-01,2.51867e-02,5.77968e-03,3.70805e-02,2.21031e-01
2.96702e-03,1.06734e-01,4.18603e-03,2.08984e-01,8.34529e-03,1.00597e-02,4.11035e-02,5.04239e-01,4.20366e-02,1.89826e+00,7.30634e-03,6.49484e+00,1.23264e-02,3.22156e-03,7.50990e-03,6.14370e-01,2.41889e-02,5.78061e-03,3.53155e-02,2.17488e-01
2.89280e-03,1.09125e-01,4.19212e-03,2.36982e-01,8.33179e-03,9.65453e-03,3.93313e-02,6.69977e-01,4.11755e-02,1.74480e+00,6.74849e-03,6.34562e+00,1.18950e-02,3.15521e-03,7.39348e-03,5.66660e-01,2.32616e-02,5.78118e-03,3.38169e-02,2.13033e-01
2.82562e-03,1.12000e-01,4.20469e-03,2.54084e-01,8.31894e-03,9.26643e-03,3.80146e-02,7.42870e-01,4.04114e-02,2.04925e+00,6.25589e-03,6.15659e+00,1.14790e-02,3.09053e-03,7.28636e-03,5.22811e-01,2.23854e-02,5.78063e-03,3.24673e-02,2.07275e-01
2.74883e-03,1.15893e-01,4.21051e-03,2.56816e-01,8.30457e-03,8.89137e-03,3.70655e-02,6.82518e-01,3.97321e-02,3.71659e+00,5.82254e-03,6.02286e+00,1.11360e-02,3.03228e-03,7.18803e-03,4.83020e-01,2.15805e-02,5.78159e-03,3.13060e-02,2.00779e-01
2.69203e-03,1.19923e-01,4.20666e-03,2.48371e-01,8.29675e-03,8.53583e-03,3.64467e-02,5.43745e-01,3.91326e-02,6.38501e+00,5.41753e-03,5.92400e+00,1.07775e-02,2.97641e-03,7.10562e-03,4.47874e-01,2.08530e-02,5.78024e-03,3.02231e-02,1.92983e-01
2.64816e-03,1.24136e-01,4.20926e-03,2.38157e-01,8.28807e-03,8.19814e-03,3.60804e-02,4.00015e-01,3.86123e-02,7.62105e+00,5.06408e-03,5.77041e+00,1.04326e-02,2.93116e-03,7.03933e-03,4.15899e-01,2.01445e-02,5.78327e-03,2.93118e-02,1.84292e-01
2.60198e-03,1.28452e-01,4.21307e-03,2.39650e-01,8.28809e-03,7.87247e-03,3.59093e-02,2.86653e-01,3.81631e-02,6.40261e+00,4.74821e-03,5.49699e+00,1.01182e-02,2.88810e-03,6.97438e-03,3.87471e-01,1.94787e-02,5.78468e-03,2.84271e-02,1.74245e-01
2.56090e-03,1.32040e-01,4.20661e-03,2.70848e-01,8.28216e-03,7.56922e-03,3.58683e-02,2.08936e-01,3.77768e-02,4.28013e+00,4.46205e-03,5.09651e+00,9.80149e-03,2.83696e-03,6.90195e-03,3.63052e-01,1.88482e-02,5.78632e-03,2.75757e-02,1.63339e-01
2.50766e-03,1.35598e-01,4.20803e-03,3.49372e-01,8.27222e-03,7.29237e-03,3.58567e-02,1.56782e-01,3.74498e-02,2.56727e+00,4.20806e-03,4.60671e+00,9.54226e-03,2.79066e-03,6.84851e-03,3.39090e-01,1.81555e-02,5.78410e-03,2.68841e-02,1.52381e-01
2.46044e-03,1.38429e-01,4.21352e-03,4.81137e-01,8.25826e-03,7.02681e-03,3.58155e-02,1.23199e-01,3.71678e-02,1.51572e+00,3.98639e-03,4.08135e+00,9.26058e-03,2.74468e-03,6.80102e-03,3.20007e-01,1.75937e-02,5.78244e-03,2.61741e-02,1.40879e-01
2.41737e-03,1.40756e-01,4.20920e-03,6.30184e-01,8.24647e-03,6.78385e-03,3.56697e-02,1.00928e-01,3.69303e-02,9.42911e-01,3.78492e-03,3.57327e+00,9.03057e-03,2.70516e-03,6.75156e-03,3.01050e-01,1.70671e-02,5.78837e-03,2.54836e-02,1.29907e-01
2.37952e-03,1.42261e-01,4.20712e-03,7.17693e-01,8.23236e-03,6.55619e-03,3.53702e-02,8.56805e-02,3.67293e-02,6.45763e-01,3.59761e-03,3.12821e+00,8.78265e-03,2.67088e-03,6.71172e-03,2.85841e-01,1.65322e-02,5.78572e-03,2.48430e-02,1.19009e-01
2.33959e-03,1.43873e-01,4.21119e-03,6.90915e-01,8.22133e-03,6.34784e-03,3.48977e-02,7.47693e-02,3.65633e-02,4.91013e-01,3.42687e-03,2.80034e+00,8.57954e-03,2.64242e-03,6.68186e-03,2.71548e-01,1.59936e-02,5.78414e-03,2.42430e-02,1.08889e-01
2.30442e-03,1.45277e-01,4.21298e-03,5.77424e-01,8.20662e-03,6.16217e-03,3.42477e-02,6.76312e-02,3.64286e-02,4.06805e-01,3.27739e-03,2.70264e+00,8.37677e-03,2.60610e-03,6.64111e-03,2.59154e-01,1.54543e-02,5.78671e-03,2.36886e-02,9.91173e-02
2.27462e-03,1.47044e-01,4.21588e-03,4.39361e-01,8.19539e-03,5.98918e-03,3.34157e-02,6.08368e-02,3.62515e-02,3.54010e-01,3.14970e-03,3.00195e+00,8.16092e-03,2.57208e-03,6.60837e-03,2.47216e-01,1.49579e-02,5.78885e-03,2.31695e-02,9.04722e-02
2.24253e-03,1.49102e-01,4.21679e-03,3.18248e-01,8.18601e-03,5.83719e-03,3.24555e-02,5.60755e-02,3.61403e-02,3.18992e-01,3.03567e-03,3.69712e+00,7.98386e-03,2.54606e-03,6.58099e-03,2.36808e-01,1.44741e-02,5.79330e-03,2.26813e-02,8.23985e-02
2.21896e-03,1.52098e-01,4.21433e-03,2.29434e-01,8.16442e-03,5.69938e-03,3.13669e-02,5.21308e-02,3.60224e-02,2.93802e-01,2.92517e-03,4.46262e+00,7.82985e-03,2.51388e-03,6.54922e-03,2.27902e-01,1.40080e-02,5.79327e-03,2.21997e-02,7.53492e-02
2.19409e-03,1.56232e-01,4.21423e-03,1.68888e-01,8.14873e-03,5.56152e-03,3.02162e-02,4.83412e-02,3.59256e-02,2.72941e-01,2.82208e-03,4.88958e+00,7.69666e-03,2.48505e-03,6.52406e-03,2.19891e-01,1.35417e-02,5.80598e-03,2.17640e-02,6.88339e-02
2.17858e-03,1.61085e-01,4.21243e-03,1.29130e-01,8.13598e-03,5.44387e-03,2.90474e-02,4.55505e-02,3.58340e-02,2.55574e-01,2.73081e-03,4.77170e+00,7.55907e-03,2.44556e-03,6.49959e-03,2.12716e-01,1.31353e-02,5.80754e-03,2.13280e-02,6.29396e-02
2.14463e-03,1.66956e-01,4.20457e-03,1.02996e-01,8.13235e-03,5.34189e-03,2.78281e-02,4.29190e-02,3.57020e-02,2.40857e-01,2.65249e-03,4.19074e+00,7.38244e-03,2.42733e-03,6.45859e-03,2.06034e-01,1.26862e-02,5.80783e-03,2.09419e-02,5.80177e-02
2.13087e-03,1.73328e-01,4.20019e-03,8.59133e-02,8.12402e-03,5.24099e-03,2.66196e-02,4.06760e-02,3.55853e-02,2.27166e-01,2.58155e-03,3.38078e+00,7.27694e-03,2.41137e-03,6.44016e-03,2.00009e-01,1.22937e-02,5.80519e-03,2.05825e-02,5.32216e-02
2.10829e-03,1.79790e-01,4.19798e-03,7.59252e-02,8.11276e-03,5.15685e-03,2.54774e-02,3.88515e-02,3.54599e-02,2.14671e-01,2.51737e-03,2.56465e+00,7.19462e-03,2.39975e-03,6.41260e-03,1.95245e-01,1.19237e-02,5.79726e-03,2.02592e-02,4.91136e-02
2.08951e-03,1.85715e-01,4.20107e-03,2.10416e-01,8.09749e-03,5.08069e-03,2.43475e-02,3.71715e-02,3.53210e-02,2.02930e-01,2.45892e-03,1.87051e+00,7.08994e-03,2.38106e-03,6.38420e-03,1.90819e-01,1.15555e-02,5.79093e-03,1.99660e-02,4.55178e-02
2.06664e-03,1.91298e-01,4.20191e-03,2.43198e+00,8.07867e-03,5.01066e-03,2.33083e-02,3.54931e-02,3.51624e-02,1.92895e-01,2.40190e-03,1.33803e+00,6.99465e-03,2.37025e-03,6.35521e-03,1.87065e-01,1.12036e-02,5.78218e-03,1.97008e-02,4.22370e-02
2.04531e-03,1.95767e-01,4.20515e-03,1.19212e+01,8.06945e-03,4.94765e-03,2.23342e-02,3.40176e-02,3.49889e-02,1.82672e-01,2.35058e-03,9.57674e-01,6.88854e-03,2.35587e-03,6.33504e-03,1.84018e-01,1.09553e-02,5.77100e-03,1.94711e-02,3.92982e-02
2.03293e-03,1.99547e-01,4.20629e-03,2.12660e+01,8.05617e-03,4.89269e-03,2.14234e-02,3.26164e-02,3.48023e-02,1.73703e-01,2.30790e-03,6.98715e-01,6.82474e-03,2.34327e-03,6.31903e-03,1.81510e-01,1.06432e-02,5.77199e-03,1.92626e-02,3.68335e-02
2.01649e-03,2.01856e-01,4.20304e-03,1.70059e+01,8.04112e-03,4.84265e-03,2.05840e-02,3.14184e-02,3.45902e-02,1.65373e-01,2.26759e-03,5.28344e-01,6.74258e-03,2.33893e-03,6.29582e-03,1.78764e-01,1.03886e-02,5.76746e-03,1.90795e-02,3.44504e-02
2.01680e-03,2.02717e-01,4.19817e-03,9.39722e+00,8.03208e-03,4.79975e-03,1.98293e-02,3.03558e-02,3.43529e-02,1.57812e-01,2.23043e-03,4.18640e-01,6.67085e-03,2.32309e-03,6.27854e-03,1.76555e-01,1.00796e-02,5.76302e-03,1.89131e-02,3.25585e-02
1.98959e-03,2.02761e-01,4.19593e-03,4.67950e+00,8.02822e-03,4.75880e-03,1.91312e-02,2.93703e-02,3.41027e-02,1.50955e-01,2.19908e-03,3.50265e-01,6.59547e-03,2.31850e-03,6.27047e-03,1.74466e-01,9.82489e-03,5.75115e-03,1.87683e-02,3.08021e-02
1.97779e-03,2.01993e-01,4.18717e-03,2.37502e+00,8.01739e-03,4.72304e-03,1.85069e-02,2.84556e-02,3.38453e-02,1.44342e-01,2.16617e-03,3.04170e-01,6.51737e-03,2.29948e-03,6.25558e-03,1.72712e-01,9.57835e-03,5.73760e-03,1.86489e-02,2.90838e-02
1.96063e-03,2.00529e-01,4.17872e-03,1.32936e+00,8.00614e-03,4.69723e-03,1.79451e-02,2.75164e-02,3.35730e-02,1.38627e-01,2.13552e-03,2.76366e-01,6.45856e-03,2.28534e-03,6.24752e-03,1.70982e-01,9.33805e-03,5.72708e-03,1.85121e-02,2.75870e-02
1.94607e-03,1.97990e-01,4.17506e-03,8.62218e-01,7.98982e-03,4.67270e-03,1.74267e-02,2.67477e-02,3.33042e-02,1.33063e-01,2.11309e-03,2.54686e-01,6.36204e-03,2.26970e-03,6.24102e-03,1.69155e-01,9.13460e-03,5.71467e-03,1.83995e-02,2.62972e-02
1.93096e-03,1.94717e-01,4.17108e-03,6.48192e-01,7.97275e-03,4.65557e-03,1.69470e-02,2.60329e-02,3.30354e-02,1.27906e-01,2.09551e-03,2.39392e-01,6.29234e-03,2.24271e-03,6.24033e-03,1.67409e-01,8.94368e-03,5.70104e-03,1.83346e-02,2.51567e-02
1.92045e-03,1.91366e-01,4.16904e-03,5.42896e-01,7.95483e-03,4.64569e-03,1.65062e-02,2.53256e-02,3.27711e-02,1.23373e-01,2.07807e-03,2.27743e-01,6.18727e-03,2.22300e-03,6.23159e-03,1.65287e-01,8.73899e-03,5.68772e-03,1.82707e-02,2.41089e-02
1.90379e-03,1.87792e-01,4.16767e-03,4.81879e-01,7.93763e-03,4.63429e-03,1.61268e-02,2.47774e-02,3.25002e-02,1.19528e-01,2.06351e-03,2.18561e-01,6.10549e-03,2.20568e-03,6.22483e-03,1.62757e-01,8.58040e-03,5.67241e-03,1.82274e-02,2.31327e-02
1.89824e-03,1.84605e-01,4.16796e-03,4.44017e-01,7.91331e-03,4.62351e-03,1.57922e-02,2.41773e-02,3.22598e-02,1.15826e-01,2.04834e-03,2.11092e-01,6.04354e-03,2.19293e-03,6.22068e-03,1.59950e-01,8.38858e-03,5.65857e-03,1.82018e-02,2.22133e-02
1.88204e-03,1.82058e-01,4.16464e-03,4.13516e-01,7.88880e-03,4.61413e-03,1.54888e-02,2.36843e-02,3.20474e-02,1.12223e-01,2.03422e-03,2.05025e-01,5.96280e-03,2.17663e-03,6.21345e-03,1.56802e-01,8.21308e-03,5.65030e-03,1.81429e-02,2.14013e-02
1.86478e-03,1.80165e-01,4.15777e-03,3.88203e-01,7.86884e-03,4.59872e-03,1.52011e-02,2.31940e-02,3.18302e-02,1.09305e-01,2.01497e-03,2.00425e-01,5.86772e-03,2.16636e-03,6.20527e-03,1.52966e-01,8.05148e-03,5.64171e-03,1.80985e-02,2.06597e-02
1.84761e-03,1.80087e-01,4.14756e-03,3.65990e-01,7.84949e-03,4.59008e-03,1.49412e-02,2.27630e-02,3.16528e-02,1.06639e-01,1.99226e-03,1.97119e-01,5.81988e-03,2.15559e-03,6.19981e-03,1.48800e-01,7.91347e-03,5.63209e-03,1.80633e-02,1.99621e-02
1.83603e-03,1.82814e-01,4.13861e-03,3.46684e-01,7.83763e-03,4.57188e-03,1.47179e-02,2.23282e-02,3.14949e-02,1.04143e-01,1.97212e-03,1.95255e-01,5.73305e-03,2.13257e-03,6.19243e-03,1.44056e-01,7.78797e-03,5.62345e-03,1.80260e-02,1.93931e-02
1.82973e-03,1.89162e-01,4.13081e-03,3.28212e-01,7.81796e-03,4.56118e-03,1.45147e-02,2.19764e-02,3.13731e-02,1.01877e-01,1.95567e-03,1.94072e-01,5.67090e-03,2.12449e-03,6.18766e-03,1.39096e-01,7.67396e-03,5.61026e-03,1.80083e-02,1.88336e-02
1.81738e-03,1.99834e-01,4.12805e-03,3.11270e-01,7.79138e-03,4.55484e-03,1.43152e-02,2.15901e-02,3.12565e-02,9.97998e-02,1.94335e-03,1.93950e-01,5.60280e-03,2.12253e-03,6.18245e-03,1.33753e-01,7.56842e-03,5.59814e-03,1.79862e-02,1.83052e-02
1.81530e-03,2.16757e-01,4.12444e-03,2.95294e-01,7.76696e-03,4.55254e-03,1.41541e-02,2.11632e-02,3.11791e-02,9.80158e-02,1.93256e-03,1.94577e-01,5.52844e-03,2.13348e-03,6.17585e-03,1.28024e-01,7.47483e-03,5.58456e-03,1.79949e-02,1.78876e-02
1.81618e-03,2.40855e-01,4.11471e-03,2.80841e-01,7.74686e-03,4.55270e-03,1.39882e-02,2.08588e-02,3.11070e-02,9.65709e-02,1.92285e-03,1.95748e-01,5.47820e-03,2.12720e-03,6.16737e-03,1.21957e-01,7.36625e-03,5.57170e-03,1.79892e-02,1.73522e-02
1.81661e-03,2.75371e-01,4.10887e-03,2.68210e-01,7.73661e-03,4.54962e-03,1.38616e-02,2.05316e-02,3.10495e-02,9.52690e-02,1.91482e-03,1.97059e-01,5.39306e-03,2.13403e-03,6.15887e-03,1.15753e-01,7.29360e-03,5.55834e-03,1.79704e-02,1.69826e-02
1.81584e-03,3.20817e-01,4.10616e-03,2.56327e-01,7.72048e-03,4.54951e-03,1.37363e-02,2.02402e-02,3.10100e-02,9.41922e-02,1.90937e-03,1.98386e-01,5.36301e-03,2.13774e-03,6.14559e-03,1.09570e-01,7.22372e-03,5.54556e-03,1.79682e-02,1.65744e-02
1.81791e-03,3.77429e-01,4.09661e-03,2.45631e-01,7.69441e-03,4.54859e-03,1.36250e-02,1.99547e-02,3.09956e-02,9.33921e-02,1.90266e-03,1.99194e-01,5.27947e-03,2.12127e-03,6.14976e-03,1.03313e-01,7.13323e-03,5.53425e-03,1.79885e-02,1.61749e-02
1.81157e-03,4.41619e-01,4.08071e-03,2.35005e-01,7.67226e-03,4.54851e-03,1.35461e-02,1.96159e-02,3.09734e-02,9.25658e-02,1.89358e-03,1.99555e-01,5.24992e-03,2.11614e-03,6.14576e-03,9.71116e-02,7.07200e-03,5.52463e-03,1.79962e-02,1.57929e-02
1.80592e-03,5.05565e-01,4.07604e-03,2.26176e-01,7.65408e-03,4.55017e-03,1.34584e-02,1.93574e-02,3.09638e-02,9.18850e-02,1.87939e-03,1.99505e-01,5.38384e-03,2.09774e-03,6.13418e-03,9.13858e-02,7.00611e-03,5.51540e-03,1.79855e-02,1.54877e-02
1.80363e-03,5.56867e-01,4.06802e-03,2.17042e-01,7.64669e-03,4.54484e-03,1.33798e-02,1.92035e-02,3.09484e-02,9.15711e-02,1.87400e-03,1.99053e-01,5.53926e-03,2.08620e-03,6.11227e-03,8.56267e-02,6.92991e-03,5.49852e-03,1.79588e-02,1.52678e-02
1.79424e-03,5.83530e-01,4.05936e-03,2.09008e-01,7.62395e-03,4.53970e-03,1.33170e-02,1.88132e-02,3.09350e-02,9.12268e-02,1.86633e-03,1.97752e-01,5.71099e-03,2.06529e-03,6.10757e-03,8.03861e-02,6.86585e-03,5.47884e-03,1.79595e-02,1.49626e-02
1.78352e-03,5.79923e-01,4.04921e-03,2.01754e-01,7.59992e-03,4.53152e-03,1.32510e-02,1.84943e-02,3.09402e-02,9.09796e-02,1.86045e-03,1.96098e-01,5.91983e-03,2.06168e-03,6.09162e-03,7.51879e-02,6.80416e-03,5.46015e-03,1.79563e-02,1.47590e-02
1.77127e-03,5.67609e-01,4.04356e-03,1.95721e-01,7.57028e-03,4.52585e-03,1.31969e-02,1.81878e-02,3.09449e-02,9.09939e-02,1.85485e-03,1.94191e-01,5.93609e-03,2.06032e-03,6.08168e-03,7.02849e-02,6.73816e-03,5.44415e-03,1.79609e-02,1.44568e-02
1.75966e-03,6.97990e-01,4.03395e-03,1.89560e-01,7.55078e-03,4.52742e-03,1.31479e-02,1.78942e-02,3.09515e-02,9.11958e-02,1.85057e-03,1.91779e-01,5.78693e-03,2.04561e-03,6.07168e-03,6.57701e-02,6.68057e-03,5.43162e-03,1.79573e-02,1.42153e-02
1.74578e-03,1.47017e+00,4.02704e-03,1.84118e-01,7.53011e-03,4.53292e-03,1.30902e-02,1.75654e-02,3.09281e-02,9.13707e-02,1.84545e-03,1.89320e-01,5.59525e-03,2.03833e-03,6.05812e-03,6.14508e-02,6.60502e-03,5.41886e-03,1.79533e-02,1.39986e-02
1.72908e-03,3.60903e+00,4.02444e-03,1.78826e-01,7.50858e-03,4.53181e-03,1.30469e-02,1.73006e-02,3.09103e-02,9.16178e-02,1.83867e-03,1.86833e-01,5.43855e-03,2.04104e-03,6.05567e-03,5.77490e-02,6.57177e-03,5.40449e-03,1.79582e-02,1.38476e-02
1.70495e-03,7.70290e+00,4.01671e-03,1.73924e-01,7.48027e-03,4.52417e-03,1.30057e-02,1.69457e-02,3.09009e-02,9.19692e-02,1.83864e-03,1.84397e-01,5.33406e-03,2.02800e-03,6.05244e-03,5.38166e-02,6.50556e-03,5.38934e-03,1.79576e-02,1.36387e-02
1.69863e-03,1.23391e+01,4.00670e-03,1.69115e-01,7.45273e-03,4.51785e-03,1.29639e-02,1.65741e-02,3.08867e-02,9.25078e-02,1.83694e-03,1.82187e-01,5.24300e-03,2.01627e-03,6.04503e-03,5.05179e-02,6.46470e-03,5.37500e-03,1.79299e-02,1.34080e-02
1.69097e-03,1.38978e+01,3.99565e-03,1.64951e-01,7.43885e-03,4.51265e-03,1.28992e-02,1.62273e-02,3.08697e-02,9.30569e-02,1.83583e-03,1.80791e-01,5.22707e-03,2.01567e-03,6.04005e-03,4.72216e-02,6.41317e-03,5.35778e-03,1.79197e-02,1.32502e-02
1.68276e-03,1.16857e+01,3.98608e-03,1.61616e-01,7.42175e-03,4.50652e-03,1.28751e-02,1.58934e-02,3.08307e-02,9.37715e-02,1.82806e-03,1.80567e-01,5.27948e-03,2.00343e-03,6.02651e-03,4.43800e-02,6.39700e-03,5.34592e-03,1.79048e-02,1.31018e-02
1.68304e-03,8.21816e+00,3.98657e-03,1.58404e-01,7.40019e-03,4.49957e-03,1.28377e-02,1.55930e-02,3.08063e-02,9.44307e-02,1.82028e-03,1.82762e-01,5.35729e-03,1.99433e-03,6.02048e-03,4.19349e-02,6.37123e-03,5.33364e-03,1.78936e-02,1.29475e-02
1.68354e-03,5.30208e+00,3.98213e-03,1.55099e-01,7.37138e-03,4.49352e-03,1.27893e-02,1.52692e-02,3.07806e-02,9.52173e-02,1.81519e-03,1.88210e-01,5.51458e-03,1.98730e-03,6.02044e-03,3.95150e-02,6.32665e-03,5.31534e-03,1.78785e-02,1.28162e-02
1.67478e-03,3.32027e+00,3.97534e-03,1.52571e-01,7.34520e-03,4.48745e-03,1.27520e-02,1.49865e-02,3.07424e-02,9.60338e-02,1.81270e-03,1.98237e-01,5.75663e-03,1.98659e-03,6.01581e-03,3.73146e-02,6.30132e-03,5.29543e-03,1.78672e-02,1.26943e-02
1.66182e-03,2.09016e+00,3.96802e-03,1.49790e-01,7.31426e-03,4.48184e-03,1.27282e-02,1.46767e-02,3.07019e-02,9.67754e-02,1.81055e-03,2.14708e-01,6.03486e-03,1.97954e-03,6.01250e-03,3.53997e-02,6.26256e-03,5.27343e-03,1.78485e-02,1.25395e-02
1.66270e-03,1.35121e+00,3.96017e-03,1.47566e-01,7.28475e-03,4.48074e-03,1.27137e-02,1.43940e-02,3.06504e-02,9.77178e-02,1.80864e-03,2.39256e-01,6.38492e-03,1.97783e-03,5.99723e-03,3.37101e-02,6.23044e-03,5.25374e-03,1.78530e-02,1.24054e-02
1.65161e-03,9.18022e-01,3.95043e-03,1.45476e-01,7.26859e-03,4.48194e-03,1.26917e-02,1.41532e-02,3.06091e-02,9.85543e-02,1.80400e-03,2.72969e-01,6.75068e-03,1.97467e-03,6.00001e-03,3.19162e-02,6.20862e-03,5.23788e-03,1.78301e-02,1.22857e-02
1.63686e-03,6.61913e-01,3.94064e-03,1.43863e-01,7.24418e-03,4.48055e-03,1.26688e-02,1.38535e-02,3.05748e-02,9.96691e-02,1.79491e-03,3.15677e-01,7.10586e-03,1.97180e-03,5.99538e-03,3.04057e-02,6.15854e-03,5.22600e-03,1.77970e-02,1.21697e-02
1.63447e-03,5.08938e-01,3.92471e-03,1.42043e-01,7.22405e-03,4.46793e-03,1.26399e-02,1.35754e-02,3.05433e-02,1.00671e-01,1.79082e-03,3.65527e-01,7.52260e-03,1.96380e-03,6.00010e-03,2.89727e-02,6.15144e-03,5.21047e-03,1.77791e-02,1.20632e-02
1.61675e-03,4.18546e-01,3.90343e-03,1.40673e-01,7.20347e-03,4.46301e-03,1.26097e-02,1.33638e-02,3.05042e-02,1.01678e-01,1.78514e-03,4.21079e-01,7.90045e-03,1.95664e-03,5.99654e-03,2.76841e-02,6.11922e-03,5.19194e-03,1.77983e-02,1.19462e-02
1.62147e-03,3.62260e-01,3.89327e-03,1.39529e-01,7.19251e-03,4.46117e-03,1.26086e-02,1.31361e-02,3.04673e-02,1.02726e-01,1.78309e-03,4.95203e-01,8.24078e-03,1.95655e-03,5.99233e-03,2.64308e-02,6.09589e-03,5.17438e-03,1.77803e-02,1.18355e-02
1.62042e-03,3.24767e-01,3.88482e-03,1.37812e-01,7.16957e-03,4.45843e-03,1.25920e-02,1.29622e-02,3.04110e-02,1.03731e-01,1.78160e-03,6.82857e-01,8.57520e-03,1.95014e-03,5.99302e-03,2.53268e-02,6.08511e-03,5.15130e-03,1.77449e-02,1.16861e-02
1.61694e-03,2.96988e-01,3.87350e-03,1.36891e-01,7.15161e-03,4.45237e-03,1.25777e-02,1.27133e-02,3.03692e-02,1.04802e-01,1.77658e-03,1.27776e+00,8.85083e-03,1.94412e-03,5.98925e-03,2.42760e-02,6.05927e-03,5.13139e-03,1.77248e-02,1.15978e-02
1.62177e-03,2.77760e-01,3.86411e-03,1.36073e-01,7.12251e-03,4.44596e-03,1.25519e-02,1.24740e-02,3.03217e-02,1.05768e-01,1.77013e-03,2.67412e+00,9.11595e-03,1.94900e-03,5.98223e-03,2.33668e-02,6.04219e-03,5.11326e-03,1.77077e-02,1.15179e-02
1.61683e-03,2.62723e-01,3.85245e-03,1.34978e-01,7.09887e-03,4.43955e-03,1.25217e-02,1.22728e-02,3.02777e-02,1.06806e-01,1.76895e-03,5.08249e+00,9.28587e-03,1.94721e-03,5.97067e-03,2.25816e-02,6.01995e-03,5.09847e-03,1.77099e-02,1.14409e-02
1.61069e-03,2.50714e-01,3.84863e-03,1.33999e-01,7.07602e-03,4.43703e-03,1.25159e-02,1.20593e-02,3.02237e-02,1.07743e-01,1.76324e-03,8.08705e+00,9.45545e-03,1.94754e-03,5.96409e-03,2.17177e-02,6.00073e-03,5.08233e-03,1.76781e-02,1.13491e-02
1.60354e-03,2.40884e-01,3.83815e-03,1.33033e-01,7.05886e-03,4.43349e-03,1.24949e-02,1.19128e-02,3.01560e-02,1.08792e-01,1.75722e-03,1.04868e+01,9.62679e-03,1.95047e-03,5.95495e-03,2.10565e-02,5.95703e-03,5.06403e-03,1.76617e-02,1.12454e-02
1.59630e-03,2.30414e-01,3.82072e-03,1.32133e-01,7.03486e-03,4.42385e-03,1.24863e-02,1.17330e-02,3.00952e-02,1.09707e-01,1.75796e-03,1.11512e+01,9.80847e-03,1.94850e-03,5.94171e-03,2.03670e-02,5.91533e-03,5.05324e-03,1.76485e-02,1.12120e-02
1.58959e-03,2.23154e-01,3.80425e-03,1.30995e-01,7.00539e-03,4.42437e-03,1.24753e-02,1.15273e-02,3.00425e-02,1.10673e-01,1.75798e-03,1.00199e+01,1.00206e-02,1.95479e-03,5.92130e-03,1.97584e-02,5.89616e-03,5.03818e-03,1.76405e-02,1.11382e-02
1.58544e-03,2.13885e-01,3.78812e-03,1.29721e-01,6.97473e-03,4.41826e-03,1.24495e-02,1.13661e-02,2.99817e-02,1.11560e-01,1.75205e-03,7.92067e+00,1.02230e-02,1.94959e-03,5.91421e-03,1.92810e-02,5.87294e-03,5.01475e-03,1.76357e-02,1.10460e-02
1.58883e-03,2.05149e-01,3.77938e-03,1.28326e-01,6.95322e-03,4.41352e-03,1.24359e-02,1.12336e-02,2.99159e-02,1.12365e-01,1.74691e-03,5.73166e+00,1.04420e-02,1.93965e-03,5.90676e-03,1.87238e-02,5.82326e-03,4.99493e-03,1.76207e-02,1.09755e-02
1.59145e-03,1.98873e-01,3.77313e-03,1.26833e-01,6.92888e-03,4.40651e-03,1.24261e-02,1.10777e-02,2.98595e-02,1.13260e-01,1.74454e-03,3.92536e+00,1.05512e-02,1.92521e-03,5.88744e-03,1.82665e-02,5.81462e-03,4.97498e-03,1.75873e-02,1.09080e-02
1.59573e-03,1.93196e-01,3.76684e-03,1.25147e-01,6.91348e-03,4.40008e-03,1.24182e-02,1.09383e-02,2.97954e-02,1.14044e-01,1.74270e-03,2.61615e+00,1.06029e-02,1.91630e-03,5.86690e-03,1.77647e-02,5.79306e-03,4.95468e-03,1.75696e-02,1.08584e-02
1.59939e-03,1.87645e-01,3.75937e-03,1.23416e-01,6.88838e-03,4.39660e-03,1.23831e-02,1.08411e-02,2.97359e-02,1.14701e-01,1.74011e-03,1.74041e+00,1.05788e-02,1.91704e-03,5.84331e-03,1.73247e-02,5.78082e-03,4.93349e-03,1.75452e-02,1.08145e-02
1.59471e-03,1.81365e-01,3.74716e-03,1.21676e-01,6.85952e-03,4.39464e-03,1.23540e-02,1.07266e-02,2.96826e-02,1.15371e-01,1.74128e-03,1.17721e+00,1.04485e-02,1.90853e-03,5.83899e-03,1.68547e-02,5.73499e-03,4.91466e-03,1.75229e-02,1.07323e-02
1.60131e-03,1.75349e-01,3.73737e-03,1.19485e-01,6.83415e-03,4.39449e-03,1.23284e-02,1.06269e-02,2.96181e-02,1.16038e-01,1.73683e-03,8.26037e-01,1.02758e-02,1.89975e-03,5.82525e-03,1.64984e-02,5.70352e-03,4.89760e-03,1.75122e-02,1.06885e-02
1.59352e-03,1.70606e-01,3.72883e-03,1.17404e-01,6.81621e-03,4.39147e-03,1.23181e-02,1.04997e-02,2.95630e-02,1.16628e-01,1.72944e-03,6.10324e-01,9.97577e-03,1.89522e-03,5.80712e-03,1.61866e-02,5.68515e-03,4.87879e-03,1.74864e-02,1.06097e-02
1.59729e-03,1.67738e-01,3.71834e-03,1.15010e-01,6.78997e-03,4.38221e-03,1.22754e-02,1.03813e-02,2.94893e-02,1.17130e-01,1.72407e-03,4.78511e-01,9.65809e-03,1.89637e-03,5.79304e-03,1.58127e-02,5.65695e-03,4.86274e-03,1.74389e-02,1.05932e-02
1.58604e-03,1.61866e-01,3.69847e-03,1.12582e-01,6.75992e-03,4.38144e-03,1.22650e-02,1.03189e-02,2.94235e-02,1.17601e-01,1.72649e-03,3.94776e-01,9.39123e-03,1.89892e-03,5.77842e-03,1.55462e-02,5.65167e-03,4.84729e-03,1.74065e-02,1.05603e-02
1.57555e-03,1.57787e-01,3.68128e-03,1.09855e-01,6.73938e-03,4.38008e-03,1.22486e-02,1.02930e-02,2.93710e-02,1.18047e-01,1.73043e-03,3.41865e-01,9.01479e-03,1.90075e-03,5.75795e-03,1.52102e-02,5.62865e-03,4.83390e-03,1.73920e-02,1.05367e-02
1.56876e-03,1.54188e-01,3.67705e-03,1.07272e-01,6.72835e-03,4.37546e-03,1.22492e-02,1.02004e-02,2.93098e-02,1.18547e-01,1.73243e-03,3.05022e-01,8.72104e-03,1.89274e-03,5.74720e-03,1.50527e-02,5.58411e-03,4.81543e-03,1.73584e-02,1.05373e-02
1.57203e-03,1.50992e-01,3.66826e-03,1.04111e-01,6.70877e-03,4.36900e-03,1.22433e-02,1.01261e-02,2.92411e-02,1.18826e-01,1.73126e-03,2.82763e-01,8.37954e-03,1.89120e-03,5.73801e-03,1.47871e-02,5.57726e-03,4.79786e-03,1.73226e-02,1.05346e-02
1.57342e-03,1.47117e-01,3.65253e-03,1.01063e-01,6.68638e-03,4.35954e-03,1.22248e-02,1.00619e-02,2.91696e-02,1.19169e-01,1.72846e-03,2.65433e-01,8.04703e-03,1.88174e-03,5.72511e-03,1.45363e-02,5.54707e-03,4.77947e-03,1.72892e-02,1.04832e-02
1.56633e-03,1.45099e-01,3.63563e-03,9.80879e-02,6.65640e-03,4.35238e-03,1.21858e-02,9.94306e-03,2.90934e-02,1.19469e-01,1.72417e-03,2.53073e-01,7.71886e-03,1.87675e-03,5.70894e-03,1.43071e-02,5.52420e-03,4.75778e-03,1.72485e-02,1.04464e-02
1.56081e-03,1.43019e-01,3.62281e-03,9.49003e-02,6.63443e-03,4.35040e-03,1.21697e-02,9.92789e-03,2.90393e-02,1.19704e-01,1.71823e-03,2.43515e-01,7.43528e-03,1.85700e-03,5.70005e-03,1.41433e-02,5.50699e-03,4.73677e-03,1.72234e-02,1.04329e-02
1.55060e-03,1.40152e-01,3.61479e-03,9.13313e-02,6.60923e-03,4.34651e-03,1.21554e-02,9.83899e-03,2.89527e-02,1.19926e-01,1.71499e-03,2.35354e-01,7.15379e-03,1.85441e-03,5.68630e-03,1.39189e-02,5.49392e-03,4.71635e-03,1.71931e-02,1.04158e-02
1.55047e-03,1.38672e-01,3.61333e-03,8.82341e-02,6.58578e-03,4.34091e-03,1.21273e-02,9.79271e-03,2.88678e-02,1.20053e-01,1.71281e-03,2.28333e-01,6.88736e-03,1.84485e-03,5.68072e-03,1.37015e-02,5.47894e-03,4.69374e-03,1.71684e-02,1.04274e-02
1.54765e-03,1.35708e-01,3.61291e-03,8.49309e-02,6.55602e-03,4.32780e-03,1.21124e-02,9.78101e-03,2.87812e-02,1.20219e-01,1.71124e-03,2.22224e-01,6.61641e-03,1.82941e-03,5.66709e-03,1.34915e-02,5.44821e-03,4.66795e-03,1.71267e-02,1.04282e-02
1.53975e-03,1.33065e-01,3.59611e-03,8.15930e-02,6.53211e-03,4.31546e-03,1.20828e-02,9.70019e-03,2.86975e-02,1.20324e-01,1.70828e-03,2.16502e-01,6.40737e-03,1.81973e-03,5.64568e-03,1.33347e-02,5.42062e-03,4.64923e-03,1.71130e-02,1.04429e-02
1.52898e-03,1.31533e-01,3.58036e-03,7.83363e-02,6.50702e-03,4.31339e-03,1.20780e-02,9.74608e-03,2.86100e-02,1.20486e-01,1.70393e-03,2.11772e-01,6.19636e-03,1.81442e-03,5.64015e-03,1.31599e-02,5.42258e-03,4.63606e-03,1.70934e-02,1.04341e-02
1.51844e-03,1.30697e-01,3.56831e-03,7.52151e-02,6.48754e-03,4.31115e-03,1.20549e-02,9.67322e-03,2.85275e-02,1.20569e-01,1.69846e-03,2.07301e-01,6.02279e-03,1.81822e-03,5.63362e-03,1.30022e-02,5.39625e-03,4.61464e-03,1.70500e-02,1.04472e-02
1.51432e-03,1.29154e-01,3.55555e-03,7.21894e-02,6.46083e-03,4.30247e-03,1.20280e-02,9.66711e-03,2.84585e-02,1.20583e-01,1.69422e-03,2.03256e-01,5.87544e-03,1.80710e-03,5.61907e-03,1.28807e-02,5.37861e-03,4.60078e-03,1.70348e-02,1.04529e-02
1.51070e-03,1.27322e-01,3.54431e-03,6.92000e-02,6.43698e-03,4.29185e-03,1.20100e-02,9.67129e-03,2.84041e-02,1.20657e-01,1.69201e-03,1.99411e-01,5.75243e-03,1.80596e-03,5.60764e-03,1.27491e-02,5.37180e-03,4.58471e-03,1.70005e-02,1.04652e-02
1.49787e-03,1.26044e-01,3.53211e-03,6.62457e-02,6.41480e-03,4.28238e-03,1.19715e-02,9.62785e-03,2.83330e-02,1.20662e-01,1.68382e-03,1.95625e-01,5.64833e-03,1.78776e-03,5.59344e-03,1.26067e-02,5.33997e-03,4.56526e-03,1.69607e-02,1.04991e-02
1.49174e-03,1.26323e-01,3.52001e-03,6.36535e-02,6.38915e-03,4.27898e-03,1.19499e-02,9.58938e-03,2.82496e-02,1.20675e-01,1.68020e-03,1.92364e-01,5.51400e-03,1.78402e-03,5.58449e-03,1.24677e-02,5.31119e-03,4.54591e-03,1.69292e-02,1.05246e-02
1.48625e-03,1.24058e-01,3.50731e-03,6.10384e-02,6.36615e-03,4.27990e-03,1.19291e-02,9.54334e-03,2.81858e-02,1.20627e-01,1.67736e-03,1.88854e-01,5.39084e-03,1.77852e-03,5.56978e-03,1.23654e-02,5.28858e-03,4.52950e-03,1.69053e-02,1.05664e-02
1.48576e-03,1.23565e-01,3.49313e-03,5.84597e-02,6.34358e-03,4.27676e-03,1.19204e-02,9.55088e-03,2.81119e-02,1.20591e-01,1.67413e-03,1.85945e-01,5.31578e-03,1.78268e-03,5.56161e-03,1.22672e-02,5.28601e-03,4.51352e-03,1.68470e-02,1.06140e-02
1.47758e-03,1.21594e-01,3.48131e-03,5.61474e-02,6.31764e-03,4.27206e-03,1.19024e-02,9.56438e-03,2.80348e-02,1.20505e-01,1.67612e-03,1.82993e-01,5.21718e-03,1.77689e-03,5.53576e-03,1.21552e-02,5.26168e-03,4.49882e-03,1.68072e-02,1.06846e-02
1.47728e-03,1.20890e-01,3.47081e-03,5.38947e-02,6.29140e-03,4.26630e-03,1.18615e-02,9.52515e-03,2.79671e-02,1.20395e-01,1.67288e-03,1.80525e-01,5.13574e-03,1.77149e-03,5.52533e-03,1.20787e-02,5.23377e-03,4.48639e-03,1.67933e-02,1.07251e-02
1.47250e-03,1.20340e-01,3.45606e-03,5.14668e-02,6.27022e-03,4.26410e-03,1.18467e-02,9.53011e-03,2.78942e-02,1.20403e-01,1.67305e-03,1.78570e-01,5.07867e-03,1.77039e-03,5.52144e-03,1.19864e-02,5.20488e-03,4.47223e-03,1.67541e-02,1.08338e-02
1.47099e-03,1.19375e-01,3.44157e-03,4.92812e-02,6.25825e-03,4.25622e-03,1.18251e-02,9.52403e-03,2.78302e-02,1.20281e-01,1.67072e-03,1.76777e-01,5.03254e-03,1.76392e-03,5.50526e-03,1.19351e-02,5.19673e-03,4.45448e-03,1.67128e-02,1.08942e-02
1.45869e-03,1.18788e-01,3.42517e-03,4.75243e-02,6.24117e-03,4.24949e-03,1.18041e-02,9.53322e-03,2.77683e-02,1.20190e-01,1.66761e-03,1.74833e-01,4.99794e-03,1.77389e-03,5.49683e-03,1.18613e-02,5.19402e-03,4.43903e-03,1.66910e-02,1.09728e-02
1.45099e-03,1.18200e-01,3.41074e-03,4.56639e-02,6.21712e-03,4.24419e-03,1.17764e-02,9.52235e-03,2.76929e-02,1.20078e-01,1.66402e-03,1.73156e-01,4.98483e-03,1.76744e-03,5.49309e-03,1.17820e-02,5.16540e-03,4.42588e-03,1.66580e-02,1.10670e-02
1.45762e-03,1.17715e-01,3.40062e-03,4.39678e-02,6.19520e-03,4.23778e-03,1.17478e-02,9.51499e-03,2.76196e-02,1.19925e-01,1.66087e-03,1.71274e-01,4.95136e-03,1.76331e-03,5.49079e-03,1.16885e-02,5.14868e-03,4.41118e-03,1.66075e-02,1.11746e-02
1.44978e-03,1.16536e-01,3.39531e-03,4.23595e-02,6.17422e-03,4.23201e-03,1.17281e-02,9.52593e-03,2.75528e-02,1.19836e-01,1.65668e-03,1.69342e-01,4.93906e-03,1.74989e-03,5.47760e-03,1.16239e-02,5.13437e-03,4.39369e-03,1.65759e-02,1.12783e-02
1.44453e-03,1.16421e-01,3.37968e-03,4.08468e-02,6.16085e-03,4.22615e-03,1.17152e-02,9.54438e-03,2.74825e-02,1.19673e-01,1.65250e-03,1.68193e-01,4.88044e-03,1.75097e-03,5.47172e-03,1.15732e-02,5.12710e-03,4.37453e-03,1.65466e-02,1.13529e-02
1.44689e-03,1.15129e-01,3.37010e-03,3.94483e-02,6.13723e-03,4.21239e-03,1.16817e-02,9.54283e-03,2.74029e-02,1.19541e-01,1.65614e-03,1.66767e-01,4.83846e-03,1.75488e-03,5.46286e-03,1.15227e-02,5.10180e-03,4.36100e-03,1.64919e-02,1.14197e-02
1.44791e-03,1.14803e-01,3.36860e-03,3.81146e-02,6.11344e-03,4.19925e-03,1.16697e-02,9.56832e-03,2.73316e-02,1.19357e-01,1.66103e-03,1.65413e-01,4.83106e-03,1.75104e-03,5.45515e-03,1.14766e-02,5.10028e-03,4.34758e-03,1.64566e-02,1.14633e-02
1.44822e-03,1.13770e-01,3.35977e-03,3.68530e-02,6.08378e-03,4.19019e-03,1.16452e-02,9.57496e-03,2.72459e-02,1.19140e-01,1.65783e-03,1.64143e-01,4.80941e-03,1.74950e-03,5.44762e-03,1.14410e-02,5.09223e-03,4.33326e-03,1.64436e-02,1.14765e-02
1.43740e-03,1.13186e-01,3.34535e-03,3.57078e-02,6.06498e-03,4.18343e-03,1.16216e-02,9.52874e-03,2.71736e-02,1.18994e-01,1.65791e-03,1.63424e-01,4.77648e-03,1.74171e-03,5.44041e-03,1.13640e-02,5.07391e-03,4.31540e-03,1.63934e-02,1.14702e-02
1.43293e-03,1.11620e-01,3.32799e-03,3.47821e-02,6.04766e-03,4.17502e-03,1.15848e-02,9.57458e-03,2.70866e-02,1.18844e-01,1.65660e-03,1.62722e-01,4.77456e-03,1.73702e-03,5.43055e-03,1.12723e-02,5.07684e-03,4.29741e-03,1.63819e-02,1.14797e-02
1.42913e-03,1.11138e-01,3.31440e-03,3.36730e-02,6.02522e-03,4.16507e-03,1.15744e-02,9.56634e-03,2.70075e-02,1.18563e-01,1.65643e-03,1.62156e-01,4.74917e-03,1.72688e-03,5.41491e-03,1.12250e-02,5.05054e-03,4.28616e-03,1.63391e-02,1.14392e-02
1.42350e-03,1.09914e-01,3.30377e-03,3.27964e-02,6.01388e-03,4.15984e-03,1.15441e-02,9.58449e-03,2.69261e-02,1.18374e-01,1.65042e-03,1.61261e-01,4.71890e-03,1.71614e-03,5.40294e-03,1.11327e-02,5.03818e-03,4.27122e-03,1.63094e-02,1.13742e-02
1.42779e-03,1.08956e-01,3.29300e-03,3.19394e-02,5.98947e-03,4.15504e-03,1.15329e-02,9.59408e-03,2.68423e-02,1.18130e-01,1.64467e-03,1.60371e-01,4.72374e-03,1.71788e-03,5.39192e-03,1.10812e-02,5.01694e-03,4.25479e-03,1.62582e-02,1.13410e-02
1.42537e-03,1.07479e-01,3.28558e-03,3.10827e-02,5.96962e-03,4.15715e-03,1.15191e-02,9.57635e-03,2.67539e-02,1.17870e-01,1.63686e-03,1.59575e-01,4.68717e-03,1.71114e-03,5.37598e-03,1.10262e-02,5.00545e-03,4.23552e-03,1.62465e-02,1.13054e-02
1.42885e-03,1.06503e-01,3.27354e-03,3.03194e-02,5.95243e-03,4.16537e-03,1.14807e-02,9.55623e-03,2.66776e-02,1.17630e-01,1.62821e-03,1.58580e-01,4.70077e-03,1.69954e-03,5.35557e-03,1.09685e-02,4.99663e-03,4.21745e-03,1.62012e-02,1.12265e-02
1.42009e-03,1.05126e-01,3.26355e-03,2.95370e-02,5.93521e-03,4.17756e-03,1.14756e-02,9.57872e-03,2.65959e-02,1.17413e-01,1.62460e-03,1.57889e-01,4.67251e-03,1.69827e-03,5.33755e-03,1.09010e-02,4.97981e-03,4.20028e-03,1.61486e-02,1.12325e-02
1.41531e-03,1.03381e-01,3.25236e-03,2.89164e-02,5.90891e-03,4.19568e-03,1.14425e-02,9.62065e-03,2.65174e-02,1.17223e-01,1.62331e-03,1.57318e-01,4.65902e-03,1.69032e-03,5.32718e-03,1.08639e-02,4.97042e-03,4.18611e-03,1.61191e-02,1.13073e-02
1.41008e-03,1.01975e-01,3.24369e-03,2.82444e-02,5.88201e-03,4.21612e-03,1.14243e-02,9.60757e-03,2.64495e-02,1.16927e-01,1.62047e-03,1.56766e-01,4.64267e-03,1.68318e-03,5.32626e-03,1.08111e-02,4.95368e-03,4.17644e-03,1.60882e-02,1.13653e-02
1.41729e-03,1.00375e-01,3.23369e-03,2.77802e-02,5.87149e-03,4.23804e-03,1.13898e-02,9.58024e-03,2.63787e-02,1.16681e-01,1.61823e-03,1.56022e-01,4.64308e-03,1.68114e-03,5.35456e-03,1.07976e-02,4.93633e-03,4.16516e-03,1.60457e-02,1.14322e-02
1.41734e-03,9.87008e-02,3.22598e-03,2.71057e-02,5.85521e-03,4.25578e-03,1.13695e-02,9.59521e-03,2.62994e-02,1.16472e-01,1.61385e-03,1.55436e-01,4.62376e-03,1.67731e-03,5.39827e-03,1.07624e-02,4.92284e-03,4.15143e-03,1.60289e-02,1.15459e-02
1.41501e-03,9.69167e-02,3.21499e-03,2.66095e-02,5.84231e-03,4.26173e-03,1.13546e-02,9.59243e-03,2.62196e-02,1.16202e-01,1.61107e-03,1.55027e-01,4.61928e-03,1.67090e-03,5.45089e-03,1.07223e-02,4.90053e-03,4.13493e-03,1.59786e-02,1.17015e-02
1.40609e-03,9.46569e-02,3.20477e-03,2.61339e-02,5.82477e-03,4.25513e-03,1.13360e-02,9.59507e-03,2.61495e-02,1.15939e-01,1.61055e-03,1.54659e-01,4.60169e-03,1.66349e-03,5.50558e-03,1.06889e-02,4.88717e-03,4.11847e-03,1.59448e-02,1.18974e-02
1.40855e-03,9.27564e-02,3.19652e-03,2.57939e-02,5.80811e-03,4.23845e-03,1.13100e-02,9.59217e-03,2.60705e-02,1.15678e-01,1.60740e-03,1.54281e-01,4.59984e-03,1.66564e-03,5.54530e-03,1.06799e-02,4.87804e-03,4.10407e-03,1.59283e-02,1.21221e-02
1.40176e-03,9.10549e-02,3.18355e-03,2.53739e-02,5.79082e-03,4.22090e-03,1.12767e-02,9.57457e-03,2.59879e-02,1.15416e-01,1.59891e-03,1.53790e-01,4.60372e-03,1.65980e-03,5.55737e-03,1.06680e-02,4.86635e-03,4.09095e-03,1.58699e-02,1.23957e-02
1.39836e-03,8.88823e-02,3.17260e-03,2.49564e-02,5.76942e-03,4.19862e-03,1.12524e-02,9.59767e-03,2.59174e-02,1.15162e-01,1.59241e-03,1.53356e-01,4.58261e-03,1.64808e-03,5.54489e-03,1.06495e-02,4.82237e-03,4.07476e-03,1.58393e-02,1.26752e-02
1.38661e-03,8.75143e-02,3.16359e-03,2.46229e-02,5.75005e-03,4.16877e-03,1.12129e-02,9.61061e-03,2.58410e-02,1.14929e-01,1.58792e-03,1.52789e-01,4.56471e-03,1.64251e-03,5.50410e-03,1.06227e-02,4.81077e-03,4.05522e-03,1.57931e-02,1.29583e-02
1.39209e-03,8.50380e-02,3.15503e-03,2.41790e-02,5.73017e-03,4.14593e-03,1.12029e-02,9.59476e-03,2.57702e-02,1.14644e-01,1.58581e-03,1.52210e-01,4.55634e-03,1.62950e-03,5.44056e-03,1.06484e-02,4.79853e-03,4.03919e-03,1.57565e-02,1.32533e-02
1.37567e-03,8.31853e-02,3.14325e-03,2.38842e-02,5.69049e-03,4.12342e-03,1.11873e-02,9.55040e-03,2.56856e-02,1.14356e-01,1.58235e-03,1.51613e-01,4.52945e-03,1.62936e-03,5.38166e-03,1.05796e-02,4.77529e-03,4.02244e-03,1.57341e-02,1.35447e-02
1.35806e-03,8.11195e-02,3.13174e-03,2.35333e-02,5.67135e-03,4.10220e-03,1.11613e-02,9.52779e-03,2.56026e-02,1.14151e-01,1.57763e-03,1.51020e-01,4.53885e-03,1.62432e-03,5.32648e-03,1.06042e-02,4.78294e-03,4.00724e-03,1.56968e-02,1.38113e-02
1.34782e-03,7.91763e-02,3.12500e-03,2.32336e-02,5.65385e-03,4.09449e-03,1.11314e-02,9.53304e-03,2.55142e-02,1.13848e-01,1.57647e-03,1.50405e-01,4.51068e-03,1.62416e-03,5.27117e-03,1.05739e-02,4.76468e-03,3.99118e-03,1.56837e-02,1.40714e-02
1.34121e-03,7.73640e-02,3.11546e-03,2.30213e-02,5.63774e-03,4.08755e-03,1.10964e-02,9.50235e-03,2.54256e-02,1.13636e-01,1.58277e-03,1.49942e-01,4.50854e-03,1.61377e-03,5.22144e-03,1.05560e-02,4.74045e-03,3.97689e-03,1.56394e-02,1.43251e-02
1.32944e-03,7.52412e-02,3.10234e-03,2.27442e-02,5.61910e-03,4.08525e-03,1.10600e-02,9.49183e-03,2.53479e-02,1.13353e-01,1.59553e-03,1.49448e-01,4.52733e-03,1.59846e-03,5.18224e-03,1.05972e-02,4.72570e-03,3.96057e-03,1.56067e-02,1.45190e-02
1.33128e-03,7.29838e-02,3.09071e-03,2.24707e-02,5.59933e-03,4.08660e-03,1.10159e-02,9.45580e-03,2.52725e-02,1.13064e-01,1.60380e-03,1.48775e-01,4.50238e-03,1.59060e-03,5.14167e-03,1.05999e-02,4.70959e-03,3.94214e-03,1.56096e-02,1.47037e-02
1.32514e-03,7.13037e-02,3.08056e-03,2.22742e-02,5.57855e-03,4.08840e-03,1.09996e-02,9.43061e-03,2.52362e-02,1.12762e-01,1.60852e-03,1.47997e-01,4.48297e-03,1.58208e-03,5.11493e-03,1.05906e-02,4.71166e-03,3.92110e-03,1.56978e-02,1.48142e-02
1.32382e-03,6.94525e-02,3.06868e-03,2.20580e-02,5.56259e-03,4.08561e-03,1.09820e-02,9.41303e-03,2.52106e-02,1.12482e-01,1.61006e-03,1.47114e-01,4.47767e-03,1.57869e-03,5.09798e-03,1.05917e-02,4.72007e-03,3.90784e-03,1.58262e-02,1.48539e-02
1.31619e-03,6.75676e-02,3.05983e-03,2.18747e-02,5.56194e-03,4.07978e-03,1.09680e-02,9.39259e-03,2.51828e-02,1.12168e-01,1.60364e-03,1.46278e-01,4.47638e-03,1.57857e-03,5.07766e-03,1.06196e-02,4.73013e-03,3.90612e-03,1.61483e-02,1.48959e-02
1.30167e-03,6.59194e-02,3.04924e-03,2.16628e-02,5.55975e-03,4.07233e-03,1.09487e-02,9.42237e-03,2.51858e-02,1.11898e-01,1.59010e-03,1.45433e-01,4.46016e-03,1.58316e-03,5.05617e-03,1.06384e-02,4.70866e-03,3.89997e-03,1.64827e-02,1.48762e-02
1.29641e-03,6.42960e-02,3.04064e-03,2.14453e-02,5.56776e-03,4.09508e-03,1.09339e-02,9.38164e-03,2.51746e-02,1.11592e-01,1.59725e-03,1.44607e-01,4.45370e-03,1.57664e-03,5.04271e-03,1.06759e-02,4.73914e-03,3.91087e-03,1.69325e-02,1.48204e-02
1.28982e-03,6.25156e-02,3.03728e-03,2.13196e-02,5.58408e-03,4.11335e-03,1.09080e-02,9.38046e-03,2.51783e-02,1.11264e-01,1.64797e-03,1.43668e-01,4.45071e-03,1.56751e-03,5.03296e-03,1.06933e-02,4.75450e-03,3.98795e-03,1.74443e-02,1.46986e-02
1.29629e-03,6.12789e-02,3.05587e-03,2.12154e-02,5.57818e-03,4.13445e-03,1.09321e-02,9.37171e-03,2.52353e-02,1.10987e-01,1.71216e-03,1.42641e-01,4.45049e-03,1.56514e-03,5.03439e-03,1.07572e-02,4.74468e-03,4.07527e-03,1.80520e-02,1.45307e-02
1.29859e-03,6.03204e-02,3.09790e-03,2.10673e-02,5.56415e-03,4.14338e-03,1.09110e-02,9.37731e-03,2.54420e-02,1.10715e-01,1.75723e-03,1.41568e-01,4.42806e-03,1.56622e-03,5.03178e-03,1.07572e-02,4.74618e-03,4.18838e-03,1.87829e-02,1.43557e-02
1.31469e-03,5.89082e-02,3.15932e-03,2.09351e-02,5.55607e-03,4.14717e-03,1.08991e-02,9.38168e-03,2.58793e-02,1.10401e-01,1.78474e-03,1.40444e-01,4.43129e-03,1.57700e-03,5.05323e-03,1.08193e-02,4.72354e-03,4.43037e-03,1.97684e-02,1.41479e-02
1.33814e-03,5.73686e-02,3.22181e-03,2.07945e-02,5.55608e-03,4.14875e-03,1.08983e-02,9.36637e-03,2.65438e-02,1.10112e-01,1.80244e-03,1.39337e-01,4.41452e-03,1.58954e-03,5.07637e-03,1.09127e-02,4.70574e-03,4.75484e-03,2.11416e-02,1.39600e-02
1.42162e-03,5.58623e-02,3.29074e-03,2.07276e-02,5.55691e-03,4.14537e-03,1.09184e-02,9.35176e-03,2.75202e-02,1.09803e-01,1.81233e-03,1.38059e-01,4.41148e-03,1.61194e-03,5.10807e-03,1.09870e-02,4.68851e-03,5.01330e-03,2.30627e-02,1.36953e-02
1.59050e-03,5.46979e-02,3.36948e-03,2.05406e-02,5.54290e-03,4.14480e-03,1.09605e-02,9.34314e-03,2.88893e-02,1.09536e-01,1.81773e-03,1.36754e-01,4.40371e-03,1.63841e-03,5.16526e-03,1.10499e-02,4.64057e-03,5.12996e-03,2.54263e-02,1.34028e-02
1.86798e-03,5.33671e-02,3.42183e-03,2.04403e-02,5.51642e-03,4.13821e-03,1.10108e-02,9.36038e-03,3.06435e-02,1.09235e-01,1.82631e-03,1.35609e-01,4.40498e-03,1.68983e-03,5.24403e-03,1.11122e-02,4.62579e-03,5.13765e-03,2.79906e-02,1.30820e-02
2.22130e-03,5.22459e-02,3.43185e-03,2.03690e-02,5.49509e-03,4.13049e-03,1.10855e-02,9.37393e-03,3.26867e-02,1.08952e-01,1.83031e-03,1.34482e-01,4.39064e-03,1.76648e-03,5.32046e-03,1.11862e-02,4.64966e-03,5.03300e-03,3.04034e-02,1.27968e-02
2.56707e-03,5.08568e-02,3.40660e-03,2.02908e-02,5.47399e-03,4.12261e-03,1.11876e-02,9.30014e-03,3.48377e-02,1.08648e-01,1.83139e-03,1.33368e-01,4.38583e-03,1.88028e-03,5.40184e-03,1.12734e-02,4.65206e-03,4.88341e-03,3.23476e-02,1.25137e-02
2.83887e-03,4.99284e-02,3.35196e-03,2.02869e-02,5.45723e-03,4.11401e-03,1.13152e-02,9.29203e-03,3.68696e-02,1.08371e-01,1.82733e-03,1.32201e-01,4.39947e-03,2.02251e-03,5.52834e-03,1.13199e-02,4.63741e-03,4.72439e-03,3.36317e-02,1.22210e-02
3.02376e-03,4.92791e-02,3.25975e-03,2.02389e-02,5.42941e-03,4.09752e-03,1.14205e-02,9.29601e-03,3.85649e-02,1.08034e-01,1.82424e-03,1.31042e-01,4.39522e-03,2.17868e-03,5.65136e-03,1.14068e-02,4.64136e-03,4.57164e-03,3.43112e-02,1.19346e-02
3.13737e-03,4.81627e-02,3.18484e-03,2.02602e-02,5.41289e-03,4.08427e-03,1.15022e-02,9.30993e-03,3.97998e-02,1.07781e-01,1.82351e-03,1.29940e-01,4.39284e-03,2.30313e-03,5.80458e-03,1.14727e-02,4.62531e-03,4.41860e-03,3.46608e-02,1.16546e-02
3.22200e-03,4.73514e-02,3.11185e-03,2.02990e-02,5.40946e-03,4.07310e-03,1.15260e-02,9.30311e-03,4.05619e-02,1.07496e-01,1.83153e-03,1.28732e-01,4.40407e-03,2.38596e-03,5.95792e-03,1.15553e-02,4.61225e-03,4.29355e-03,3.48404e-02,1.13921e-02
3.30763e-03,4.66154e-02,3.05306e-03,2.03331e-02,5.41914e-03,4.05627e-03,1.14968e-02,9.31149e-03,4.10007e-02,1.07199e-01,1.84663e-03,1.27588e-01,4.38878e-03,2.42740e-03,6.13379e-03,1.16599e-02,4.59755e-03,4.18377e-03,3.50207e-02,1.11255e-02
3.38177e-03,4.58459e-02,3.00406e-03,2.05266e-02,5.44440e-03,4.03964e-03,1.14258e-02,9.32667e-03,4.13114e-02,1.06965e-01,1.86928e-03,1.26683e-01,4.38399e-03,2.43523e-03,6.34574e-03,1.17737e-02,4.56879e-03,4.11164e-03,3.52639e-02,1.09321e-02
3.40096e-03,4.51036e-02,2.96476e-03,2.08028e-02,5.48696e-03,4.01750e-03,1.13409e-02,9.36270e-03,4.16545e-02,1.06683e-01,1.89766e-03,1.26280e-01,4.37047e-03,2.43290e-03,6.60525e-03,1.18913e-02,4.54814e-03,4.03763e-03,3.55568e-02,1.07142e-02
3.36209e-03,4.43249e-02,2.93398e-03,2.11193e-02,5.53591e-03,3.99244e-03,1.12542e-02,9.39683e-03,4.21189e-02,1.06451e-01,1.92474e-03,1.26147e-01,4.37346e-03,2.41802e-03,6.91909e-03,1.20391e-02,4.52749e-03,3.97233e-03,3.58815e-02,1.04859e-02
3.25132e-03,4.36586e-02,2.91842e-03,2.17236e-02,5.60110e-03,3.96721e-03,1.11492e-02,9.51223e-03,4.27695e-02,1.06150e-01,1.95611e-03,1.26017e-01,4.38478e-03,2.40504e-03,7.28129e-03,1.21762e-02,4.51802e-03,3.91963e-03,3.61594e-02,1.03187e-02
3.09789e-03,4.26495e-02,2.90595e-03,2.23919e-02,5.65386e-03,3.93737e-03,1.10768e-02,9.51138e-03,4.34845e-02,1.05914e-01,1.98719e-03,1.25530e-01,4.39179e-03,2.39332e-03,7.69919e-03,1.23231e-02,4.49407e-03,3.87319e-03,3.63412e-02,1.01422e-02
2.91738e-03,4.23905e-02,2.89115e-03,2.32773e-02,5.69842e-03,3.92115e-03,1.10120e-02,9.53670e-03,4.42920e-02,1.05645e-01,2.01628e-03,1.24481e-01,4.39717e-03,2.37676e-03,8.16606e-03,1.24386e-02,4.48247e-03,3.83295e-03,3.64642e-02,1.00062e-02
2.73444e-03,4.20693e-02,2.88421e-03,2.42860e-02,5.73807e-03,3.91187e-03,1.09711e-02,9.54945e-03,4.49433e-02,1.05477e-01,2.03361e-03,1.22883e-01,4.39262e-03,2.36995e-03,8.67149e-03,1.25697e-02,4.45111e-03,3.81307e-03,3.65719e-02,9.86225e-03
2.56324e-03,4.17089e-02,2.88207e-03,2.53373e-02,5.75544e-03,3.90858e-03,1.09344e-02,9.53049e-03,4.53970e-02,1.05220e-01,2.03977e-03,1.21067e-01,4.39173e-03,2.35040e-03,9.18899e-03,1.26628e-02,4.44146e-03,3.79417e-03,3.66574e-02,9.75535e-03
2.41009e-03,4.12431e-02,2.87457e-03,2.66001e-02,5.75229e-03,3.91081e-03,1.09042e-02,9.55999e-03,4.55323e-02,1.05076e-01,2.04026e-03,1.19326e-01,4.39946e-03,2.32410e-03,9.69196e-03,1.27886e-02,4.42944e-03,3.78335e-03,3.66800e-02,9.62925e-03
2.27952e-03,4.11494e-02,2.86415e-03,2.79653e-02,5.71844e-03,3.92013e-03,1.08980e-02,9.57548e-03,4.52883e-02,1.04960e-01,2.03249e-03,1.17705e-01,4.41985e-03,2.29455e-03,1.01181e-02,1.28716e-02,4.42008e-03,3.77410e-03,3.66238e-02,9.53836e-03
2.15888e-03,4.06563e-02,2.85337e-03,2.93649e-02,5.66605e-03,3.93065e-03,1.08850e-02,9.59181e-03,4.46850e-02,1.04870e-01,2.02406e-03,1.16198e-01,4.43689e-03,2.25014e-03,1.04104e-02,1.29470e-02,4.41035e-03,3.76502e-03,3.64393e-02,9.48044e-03
2.04316e-03,4.03328e-02,2.84282e-03,3.08638e-02,5.60213e-03,3.95452e-03,1.08833e-02,9.63567e-03,4.38334e-02,1.04838e-01,2.01181e-03,1.14870e-01,4.43889e-03,2.19763e-03,1.05877e-02,1.30027e-02,4.38511e-03,3.75311e-03,3.61720e-02,9.42711e-03
1.94617e-03,3.98200e-02,2.83609e-03,3.24371e-02,5.52175e-03,3.98359e-03,1.08844e-02,9.68370e-03,4.27630e-02,1.04846e-01,1.99796e-03,1.13728e-01,4.43000e-03,2.13612e-03,1.06186e-02,1.30703e-02,4.36869e-03,3.74121e-03,3.57784e-02,9.37470e-03
1.86189e-03,3.98389e-02,2.82663e-03,3.37233e-02,5.42973e-03,4.01662e-03,1.08874e-02,9.70440e-03,4.15526e-02,1.04979e-01,1.97933e-03,1.12765e-01,4.44549e-03,2.07170e-03,1.05206e-02,1.31288e-02,4.35362e-03,3.72909e-03,3.53108e-02,9.32879e-03
1.78060e-03,3.93979e-02,2.81744e-03,3.50401e-02,5.33591e-03,4.05165e-03,1.09034e-02,9.71774e-03,4.02928e-02,1.05217e-01,1.95928e-03,1.11816e-01,4.46921e-03,2.00732e-03,1.03283e-02,1.31866e-02,4.34484e-03,3.71669e-03,3.48133e-02,9.29909e-03
1.70874e-03,3.93431e-02,2.82002e-03,3.61281e-02,5.24819e-03,4.08498e-03,1.09163e-02,9.75699e-03,3.90297e-02,1.05519e-01,1.94078e-03,1.10996e-01,4.48908e-03,1.93684e-03,1.00827e-02,1.31965e-02,4.32746e-03,3.70664e-03,3.43150e-02,9.25186e-03
1.64201e-03,3.91512e-02,2.81942e-03,3.70156e-02,5.17324e-03,4.12033e-03,1.09438e-02,9.79833e-03,3.78294e-02,1.05919e-01,1.92746e-03,1.10275e-01,4.47696e-03,1.88480e-03,9.82809e-03,1.32172e-02,4.31678e-03,3.70223e-03,3.39019e-02,9.18502e-03
1.59687e-03,3.89916e-02,2.81446e-03,3.77012e-02,5.11810e-03,4.16001e-03,1.09901e-02,9.88294e-03,3.66960e-02,1.06394e-01,1.91750e-03,1.09466e-01,4.48393e-03,1.83411e-03,9.59525e-03,1.32353e-02,4.31160e-03,3.69361e-03,3.36122e-02,9.13743e-03
1.56209e-03,3.89055e-02,2.80388e-03,3.81454e-02,5.06165e-03,4.19386e-03,1.10338e-02,9.94985e-03,3.56453e-02,1.06890e-01,1.90801e-03,1.08745e-01,4.48071e-03,1.79720e-03,9.40364e-03,1.32597e-02,4.29561e-03,3.68049e-03,3.33930e-02,9.09496e-03
1.53166e-03,3.88745e-02,2.79729e-03,3.83714e-02,5.01978e-03,4.22504e-03,1.10906e-02,1.00108e-02,3.46780e-02,1.07346e-01,1.89743e-03,1.08034e-01,4.47597e-03,1.76176e-03,9.25415e-03,1.33106e-02,4.26839e-03,3.66432e-03,3.33063e-02,9.06769e-03
1.50770e-03,3.87956e-02,2.79361e-03,3.85779e-02,4.98645e-03,4.25183e-03,1.11731e-02,9.99746e-03,3.37882e-02,1.07591e-01,1.89006e-03,1.07454e-01,4.44758e-03,1.72971e-03,9.13407e-03,1.33765e-02,4.24873e-03,3.64521e-03,3.33111e-02,8.99890e-03
1.48466e-03,3.86552e-02,2.78886e-03,3.85145e-02,4.94502e-03,4.26628e-03,1.12518e-02,1.00192e-02,3.29731e-02,1.07704e-01,1.88418e-03,1.06850e-01,4.43860e-03,1.70478e-03,9.03761e-03,1.34486e-02,4.24154e-03,3.62618e-03,3.34151e-02,8.93847e-03
1.47176e-03,3.86348e-02,2.78548e-03,3.87297e-02,4.89498e-03,4.27941e-03,1.13441e-02,1.00625e-02,3.22065e-02,1.07663e-01,1.87236e-03,1.06296e-01,4.40865e-03,1.69284e-03,8.94109e-03,1.35661e-02,4.22810e-03,3.61136e-03,3.35432e-02,8.84075e-03
1.45536e-03,3.86801e-02,2.77725e-03,3.87367e-02,4.85637e-03,4.28712e-03,1.14469e-02,9.99564e-03,3.14873e-02,1.07348e-01,1.85437e-03,1.05757e-01,4.42675e-03,1.67904e-03,8.83878e-03,1.36744e-02,4.20553e-03,3.59874e-03,3.36104e-02,8.76990e-03
1.44772e-03,3.85286e-02,2.76640e-03,3.86614e-02,4.86535e-03,4.28453e-03,1.15469e-02,1.00233e-02,3.08571e-02,1.06793e-01,1.84274e-03,1.05221e-01,4.42106e-03,1.68689e-03,8.70548e-03,1.37649e-02,4.19594e-03,3.58647e-03,3.36510e-02,8.75668e-03
1.43709e-03,3.85891e-02,2.75042e-03,3.86037e-02,4.91149e-03,4.27814e-03,1.16614e-02,1.00928e-02,3.02531e-02,1.06143e-01,1.82585e-03,1.04733e-01,4.40812e-03,1.67975e-03,8.54806e-03,1.39098e-02,4.18150e-03,3.57735e-03,3.35903e-02,8.69543e-03
1.42732e-03,3.83541e-02,2.74016e-03,3.82917e-02,4.98658e-03,4.26579e-03,1.17893e-02,1.00982e-02,2.96807e-02,1.05403e-01,1.81151e-03,1.04404e-01,4.38447e-03,1.67860e-03,8.35622e-03,1.40691e-02,4.17807e-03,3.56465e-03,3.34230e-02,8.65453e-03
1.42793e-03,3.82565e-02,2.73545e-03,3.78519e-02,5.01944e-03,4.25190e-03,1.19004e-02,1.00725e-02,2.91885e-02,1.04645e-01,1.79910e-03,1.04168e-01,4.37950e-03,1.66520e-03,8.13888e-03,1.43157e-02,4.17498e-03,3.55109e-03,3.31047e-02,8.66373e-03
1.43358e-03,3.83266e-02,2.72993e-03,3.72256e-02,4.93387e-03,4.23889e-03,1.20251e-02,1.01049e-02,2.87212e-02,1.03856e-01,1.78590e-03,1.03937e-01,4.35935e-03,1.65557e-03,7.89508e-03,1.45391e-02,4.16105e-03,3.53851e-03,3.26561e-02,8.68333e-03
1.43550e-03,3.83310e-02,2.72146e-03,3.63965e-02,4.84323e-03,4.22644e-03,1.21489e-02,1.00855e-02,2.83106e-02,1.03091e-01,1.77432e-03,1.03837e-01,4.33624e-03,1.65176e-03,7.63543e-03,1.47404e-02,4.16507e-03,3.52482e-03,3.20942e-02,8.70139e-03
1.44548e-03,3.83029e-02,2.71201e-03,3.54791e-02,4.79559e-03,4.21874e-03,1.23056e-02,1.01030e-02,2.79168e-02,1.02367e-01,1.76572e-03,1.03855e-01,4.30520e-03,1.64479e-03,7.37448e-03,1.49550e-02,4.16132e-03,3.51140e-03,3.14044e-02,8.72086e-03
1.45510e-03,3.82765e-02,2.70604e-03,3.43941e-02,4.77098e-03,4.22220e-03,1.24704e-02,1.01644e-02,2.76161e-02,1.01751e-01,1.76648e-03,1.03917e-01,4.28121e-03,1.63009e-03,7.10965e-03,1.51719e-02,4.16718e-03,3.49875e-03,3.06455e-02,8.72321e-03
1.47052e-03,3.83109e-02,2.69697e-03,3.32891e-02,4.75376e-03,4.25518e-03,1.26399e-02,1.02567e-02,2.73355e-02,1.01217e-01,1.77725e-03,1.03997e-01,4.27369e-03,1.62071e-03,6.85493e-03,1.54086e-02,4.18477e-03,3.49162e-03,2.98486e-02,8.78454e-03
1.48927e-03,3.81873e-02,2.68737e-03,3.21623e-02,4.73653e-03,4.32220e-03,1.28518e-02,1.03703e-02,2.71140e-02,1.00705e-01,1.79161e-03,1.04141e-01,4.24813e-03,1.62794e-03,6.61679e-03,1.55986e-02,4.20878e-03,3.48425e-03,2.90503e-02,8.83985e-03
1.51881e-03,3.81375e-02,2.67436e-03,3.10275e-02,4.72214e-03,4.39501e-03,1.30782e-02,1.05834e-02,2.69200e-02,1.00301e-01,1.81467e-03,1.04339e-01,4.22242e-03,1.61658e-03,6.40881e-03,1.57874e-02,4.24287e-03,3.47049e-03,2.83060e-02,8.90844e-03
1.55198e-03,3.80209e-02,2.66398e-03,2.99600e-02,4.71035e-03,4.47640e-03,1.33454e-02,1.08640e-02,2.67613e-02,9.99111e-02,1.84116e-03,1.04542e-01,4.18795e-03,1.61948e-03,6.23269e-03,1.59513e-02,4.29739e-03,3.45609e-03,2.76424e-02,8.97386e-03
1.59128e-03,3.78431e-02,2.66123e-03,2.91597e-02,4.70628e-03,4.59739e-03,1.36287e-02,1.12291e-02,2.66365e-02,9.94959e-02,1.87208e-03,1.04743e-01,4.17626e-03,1.60764e-03,6.06211e-03,1.60301e-02,4.35060e-03,3.43958e-03,2.70711e-02,9.03711e-03
1.62564e-03,3.79054e-02,2.65223e-03,2.85280e-02,4.70079e-03,4.74191e-03,1.40446e-02,1.16863e-02,2.65368e-02,9.91937e-02,1.91290e-03,1.04949e-01,4.14645e-03,1.59755e-03,5.91411e-03,1.61304e-02,4.41361e-03,3.42540e-03,2.65894e-02,9.07956e-03
1.64535e-03,3.75253e-02,2.64341e-03,2.80239e-02,4.68584e-03,4.98823e-03,1.45804e-02,1.21808e-02,2.64780e-02,9.88845e-02,1.95128e-03,1.05072e-01,4.13926e-03,1.59112e-03,5.79923e-03,1.62138e-02,4.51404e-03,3.41413e-03,2.61638e-02,9.14659e-03
1.67143e-03,3.73451e-02,2.63871e-03,2.77978e-02,4.67411e-03,5.50732e-03,1.53422e-02,1.26703e-02,2.64255e-02,9.86181e-02,1.99393e-03,1.05101e-01,4.10620e-03,1.58608e-03,5.71250e-03,1.62838e-02,4.59980e-03,3.40613e-03,2.57311e-02,9.15004e-03
1.66945e-03,3.73319e-02,2.63335e-03,2.76548e-02,4.65631e-03,6.68827e-03,1.63531e-02,1.31046e-02,2.63920e-02,9.84025e-02,2.03930e-03,1.04994e-01,4.06849e-03,1.58207e-03,5.65127e-03,1.62627e-02,4.69876e-03,3.39777e-03,2.52785e-02,9.16841e-03
1.65963e-03,3.72572e-02,2.62651e-03,2.75768e-02,4.64816e-03,8.83487e-03,1.75010e-02,1.34711e-02,2.63703e-02,9.81362e-02,2.08175e-03,1.04838e-01,4.05883e-03,1.57381e-03,5.61247e-03,1.62220e-02,4.77447e-03,3.38616e-03,2.47837e-02,9.13329e-03
1.65181e-03,3.73025e-02,2.61284e-03,2.75694e-02,4.63857e-03,1.15717e-02,1.85650e-02,1.38460e-02,2.63603e-02,9.79134e-02,2.12497e-03,1.04638e-01,4.06588e-03,1.57211e-03,5.60114e-03,1.61280e-02,4.86652e-03,3.37528e-03,2.42938e-02,9.13055e-03
1.62613e-03,3.71927e-02,2.60723e-03,2.75203e-02,4.62768e-03,1.43037e-02,1.93571e-02,1.41666e-02,2.63615e-02,9.76703e-02,2.16723e-03,1.04235e-01,4.06169e-03,1.56065e-03,5.61204e-03,1.59926e-02,4.96848e-03,3.36952e-03,2.38292e-02,9.12325e-03
1.58521e-03,3.70935e-02,2.60660e-03,2.75860e-02,4.61387e-03,1.71039e-02,1.97753e-02,1.45839e-02,2.63458e-02,9.74256e-02,2.19967e-03,1.03656e-01,4.02074e-03,1.56811e-03,5.65585e-03,1.58971e-02,5.08074e-03,3.36418e-03,2.34070e-02,9.08235e-03
1.55452e-03,3.72840e-02,2.59528e-03,2.75811e-02,4.59646e-03,1.97365e-02,1.98938e-02,1.49655e-02,2.63402e-02,9.72264e-02,2.21870e-03,1.03079e-01,3.99681e-03,1.57014e-03,5.74362e-03,1.56985e-02,5.21470e-03,3.35377e-03,2.30519e-02,9.05549e-03
1.51771e-03,3.72403e-02,2.57823e-03,2.76152e-02,4.57798e-03,2.08446e-02,1.98253e-02,1.53742e-02,2.63436e-02,9.70256e-02,2.22420e-03,1.02405e-01,3.98456e-03,1.57414e-03,5.89177e-03,1.54918e-02,5.34805e-03,3.34510e-03,2.27382e-02,9.01057e-03
1.48061e-03,3.73917e-02,2.57417e-03,2.77193e-02,4.55972e-03,1.98659e-02,1.96470e-02,1.57543e-02,2.63333e-02,9.67597e-02,2.22920e-03,1.01683e-01,3.96190e-03,1.57482e-03,6.12168e-03,1.52667e-02,5.48663e-03,3.34280e-03,2.24855e-02,8.97296e-03
1.44873e-03,3.75075e-02,2.56941e-03,2.80065e-02,4.54045e-03,1.77392e-02,1.94533e-02,1.60624e-02,2.63222e-02,9.65734e-02,2.23514e-03,1.01034e-01,3.94922e-03,1.57186e-03,6.49866e-03,1.50009e-02,5.62886e-03,3.33317e-03,2.22761e-02,8.92607e-03
1.42881e-03,3.75018e-02,2.56434e-03,2.84804e-02,4.51937e-03,1.55464e-02,1.92883e-02,1.62489e-02,2.63131e-02,9.63498e-02,2.23769e-03,1.00398e-01,3.93170e-03,1.57924e-03,7.05960e-03,1.47323e-02,5.79497e-03,3.32077e-03,2.21097e-02,8.88340e-03
1.39911e-03,3.74496e-02,2.55715e-03,2.91112e-02,4.50021e-03,1.39095e-02,1.91195e-02,1.62462e-02,2.62885e-02,9.61613e-02,2.24219e-03,9.97694e-02,3.91557e-03,1.57420e-03,7.83281e-03,1.44246e-02,5.96634e-03,3.30607e-03,2.19544e-02,8.83378e-03
1.38921e-03,3.77313e-02,2.55280e-03,2.99135e-02,4.47964e-03,1.29920e-02,1.89334e-02,1.61332e-02,2.62550e-02,9.59452e-02,2.25182e-03,9.91724e-02,3.90868e-03,1.56493e-03,8.82010e-03,1.41329e-02,6.12209e-03,3.29322e-03,2.18484e-02,8.78320e-03
1.37309e-03,3.78687e-02,2.54491e-03,3.07857e-02,4.45190e-03,1.27039e-02,1.87507e-02,1.58993e-02,2.62192e-02,9.57205e-02,2.26512e-03,9.85312e-02,3.89605e-03,1.56844e-03,9.95324e-03,1.38162e-02,6.25029e-03,3.28270e-03,2.17348e-02,8.71611e-03
1.35234e-03,3.79332e-02,2.53494e-03,3.16879e-02,4.43316e-03,1.29115e-02,1.85988e-02,1.55660e-02,2.61688e-02,9.54876e-02,2.27935e-03,9.80071e-02,3.86158e-03,1.56129e-03,1.11345e-02,1.35553e-02,6.36292e-03,3.27838e-03,2.16531e-02,8.67101e-03
1.35061e-03,3.82337e-02,2.52815e-03,3.24690e-02,4.42066e-03,1.34179e-02,1.85399e-02,1.51839e-02,2.61007e-02,9.51488e-02,2.28923e-03,9.76024e-02,3.84738e-03,1.55725e-03,1.22372e-02,1.32730e-02,6.45043e-03,3.26884e-03,2.15577e-02,8.62157e-03
1.32877e-03,3.85002e-02,2.52278e-03,3.31089e-02,4.41169e-03,1.40192e-02,1.87305e-02,1.48078e-02,2.60371e-02,9.47806e-02,2.30106e-03,9.70359e-02,3.83112e-03,1.55024e-03,1.31664e-02,1.30375e-02,6.50008e-03,3.25483e-03,2.14844e-02,8.60129e-03
1.31918e-03,3.88765e-02,2.51923e-03,3.35889e-02,4.40315e-03,1.45287e-02,1.93513e-02,1.45359e-02,2.59651e-02,9.44045e-02,2.30431e-03,9.65260e-02,3.83773e-03,1.54270e-03,1.38325e-02,1.27534e-02,6.48038e-03,3.23647e-03,2.14288e-02,8.55581e-03
1.31260e-03,3.92944e-02,2.51174e-03,3.39483e-02,4.39847e-03,1.47994e-02,2.05779e-02,1.42664e-02,2.58900e-02,9.39802e-02,2.30317e-03,9.61708e-02,3.81449e-03,1.54709e-03,1.42355e-02,1.25009e-02,6.41378e-03,3.22122e-03,2.13490e-02,8.53068e-03
1.31734e-03,3.98126e-02,2.50370e-03,3.41778e-02,4.38902e-03,1.47579e-02,2.24822e-02,1.40883e-02,2.58108e-02,9.35654e-02,2.30143e-03,9.57595e-02,3.81908e-03,1.54999e-03,1.43752e-02,1.22799e-02,6.35399e-03,3.21211e-03,2.12773e-02,8.52667e-03
1.32482e-03,4.01469e-02,2.49537e-03,3.43225e-02,4.36840e-03,1.44100e-02,2.48976e-02,1.39570e-02,2.57350e-02,9.31364e-02,2.30032e-03,9.54380e-02,3.80319e-03,1.54601e-03,1.43093e-02,1.20677e-02,6.24547e-03,3.20293e-03,2.12388e-02,8.51179e-03
1.33235e-03,4.08101e-02,2.48966e-03,3.44216e-02,4.35057e-03,1.37902e-02,2.73262e-02,1.38684e-02,2.56498e-02,9.26897e-02,2.29901e-03,9.51721e-02,3.77924e-03,1.54141e-03,1.41185e-02,1.18466e-02,6.07166e-03,3.19216e-03,2.12402e-02,8.46334e-03
1.32543e-03,4.11914e-02,2.48069e-03,3.44974e-02,4.34346e-03,1.30258e-02,2.91154e-02,1.38023e-02,2.55652e-02,9.22231e-02,2.29001e-03,9.49555e-02,3.78358e-03,1.53014e-03,1.38867e-02,1.16466e-02,5.91478e-03,3.18059e-03,2.12493e-02,8.44631e-03
1.32650e-03,4.16643e-02,2.60190e-03,3.45483e-02,4.83042e-03,1.21820e-02,2.97512e-02,1.37715e-02,2.56412e-02,9.17687e-02,2.28839e-03,9.46988e-02,3.74723e-03,1.52739e-03,1.36756e-02,1.14699e-02,5.75919e-03,3.42401e-03,2.13374e-02,8.44563e-03
1.34841e-03,4.22975e-02,2.88850e-03,3.45922e-02,8.02648e-03,1.13303e-02,2.91922e-02,1.37931e-02,2.59793e-02,9.13669e-02,2.28615e-03,9.44409e-02,3.76894e-03,1.57301e-03,1.35374e-02,1.13248e-02,5.64739e-03,3.72430e-03,2.24156e-02,8.45635e-03
1.39787e-03,4.27643e-02,3.26720e-03,3.46507e-02,1.55379e-02,1.05155e-02,2.82747e-02,1.39076e-02,2.63946e-02,9.10135e-02,2.28134e-03,9.41968e-02,3.80017e-03,1.63428e-03,1.34815e-02,1.12127e-02,5.57055e-03,4.01703e-03,2.43274e-02,8.52589e-03
1.43573e-03,4.34344e-02,3.64672e-03,3.46828e-02,2.78243e-02,9.77018e-03,2.77306e-02,1.40587e-02,2.68731e-02,9.06930e-02,2.27600e-03,9.39661e-02,3.84020e-03,1.69680e-03,1.35103e-02,1.11292e-02,5.51143e-03,4.49865e-03,2.67609e-02,8.62124e-03
1.48498e-03,4.40544e-02,4.00858e-03,3.47153e-02,4.70113e-02,9.11086e-03,2.64976e-02,1.42541e-02,2.73193e-02,9.03915e-02,2.26628e-03,9.37200e-02,3.87217e-03,1.76130e-03,1.35505e-02,1.11938e-02,5.42305e-03,5.06025e-03,2.99094e-02,8.73018e-03
1.56562e-03,4.46000e-02,4.38973e-03,3.48954e-02,6.78677e-02,8.55274e-03,2.54301e-02,1.46029e-02,2.78418e-02,9.01679e-02,2.25822e-03,9.34787e-02,3.92828e-03,1.81295e-03,1.35721e-02,1.14186e-02,5.31414e-03,5.53166e-03,3.40480e-02,8.81962e-03
1.68466e-03,4.51453e-02,4.76473e-03,3.53399e-02,7.89827e-02,8.08755e-03,2.47877e-02,1.48940e-02,2.84450e-02,9.00472e-02,2.24508e-03,9.32634e-02,3.94524e-03,1.87000e-03,1.35287e-02,1.17760e-02,5.23850e-03,5.88730e-03,3.80941e-02,8.84493e-03
1.85606e-03,4.58133e-02,5.05161e-03,3.61772e-02,8.33135e-02,7.70846e-03,2.42475e-02,1.53747e-02,2.92056e-02,8.98694e-02,2.23059e-03,9.30366e-02,3.96847e-03,1.93674e-03,1.33940e-02,1.21235e-02,5.16145e-03,6.15662e-03,4.18664e-02,8.82700e-03
2.08662e-03,4.63154e-02,5.12947e-03,3.73853e-02,8.97230e-02,7.40032e-03,2.34199e-02,1.58834e-02,3.01313e-02,8.97829e-02,2.21026e-03,9.27986e-02,3.97849e-03,2.01225e-03,1.31379e-02,1.23247e-02,5.08379e-03,6.37526e-03,4.58091e-02,8.82258e-03
2.34447e-03,4.69568e-02,4.98272e-03,3.89119e-02,9.91776e-02,7.17551e-03,2.23033e-02,1.66848e-02,3.12347e-02,8.98135e-02,2.18437e-03,9.25521e-02,3.98169e-03,2.11585e-03,1.27664e-02,1.22875e-02,5.00401e-03,6.52777e-03,4.98402e-02,8.83341e-03
2.59546e-03,4.73682e-02,4.67610e-03,4.04492e-02,1.03674e-01,6.99187e-03,2.11822e-02,1.74733e-02,3.24564e-02,8.98740e-02,2.15999e-03,9.23081e-02,4.02056e-03,2.23769e-03,1.23019e-02,1.20822e-02,4.96821e-03,6.57073e-03,5.36586e-02,8.81080e-03
2.84425e-03,4.80956e-02,4.32443e-03,4.19538e-02,9.86215e-02,6.86424e-03,2.01557e-02,1.84823e-02,3.37559e-02,9.00334e-02,2.13102e-03,9.20524e-02,4.06943e-03,2.36194e-03,1.17773e-02,1.19134e-02,4.98253e-03,6.47280e-03,5.71448e-02,8.80694e-03
3.08209e-03,4.87429e-02,3.99216e-03,4.34862e-02,8.77800e-02,6.78326e-03,1.91363e-02,1.96555e-02,3.50940e-02,9.02538e-02,2.09425e-03,9.18051e-02,4.15917e-03,2.47166e-03,1.12234e-02,1.18729e-02,5.03006e-03,6.24876e-03,6.05639e-02,8.82643e-03
3.31463e-03,4.94559e-02,3.69075e-03,4.44984e-02,7.63194e-02,6.73373e-03,1.81833e-02,2.09487e-02,3.64158e-02,9.04844e-02,2.05745e-03,9.16460e-02,4.27868e-03,2.57371e-03,1.06583e-02,1.19823e-02,5.11863e-03,5.95476e-03,6.40167e-02,8.86435e-03
3.53711e-03,5.00710e-02,3.44909e-03,4.50806e-02,6.64647e-02,6.70931e-03,1.72926e-02,2.23520e-02,3.76823e-02,9.07456e-02,2.02014e-03,9.13374e-02,4.40476e-03,2.65842e-03,1.01224e-02,1.21774e-02,5.21570e-03,5.67432e-03,6.72971e-02,8.89299e-03
3.72381e-03,5.07225e-02,3.28101e-03,4.49590e-02,5.82773e-02,6.70659e-03,1.64825e-02,2.38773e-02,3.88624e-02,9.10181e-02,1.98415e-03,9.11329e-02,4.49571e-03,2.74504e-03,9.60735e-03,1.23186e-02,5.41193e-03,5.50824e-03,7.01533e-02,8.91921e-03
3.83057e-03,5.10823e-02,3.16755e-03,4.44272e-02,5.10651e-02,6.72360e-03,1.58135e-02,2.54107e-02,4.00194e-02,9.13273e-02,1.94775e-03,9.09298e-02,4.57223e-03,2.82218e-03,9.14693e-03,1.23407e-02,5.72227e-03,5.59279e-03,7.25450e-02,8.97148e-03
3.84646e-03,5.16040e-02,3.10495e-03,4.34098e-02,4.43552e-02,6.75898e-03,1.53115e-02,2.67945e-02,4.12294e-02,9.16795e-02,1.91315e-03,9.07881e-02,4.63350e-03,2.90105e-03,8.73542e-03,1.22845e-02,6.14144e-03,6.19432e-03,7.44251e-02,9.01769e-03
3.75982e-03,5.19150e-02,3.07290e-03,4.22333e-02,3.80259e-02,6.79821e-03,1.49857e-02,2.80664e-02,4.24668e-02,9.19463e-02,1.88119e-03,9.06749e-02,4.69459e-03,2.97939e-03,8.37388e-03,1.21649e-02,6.56287e-03,7.89561e-03,7.60113e-02,9.07989e-03
3.61909e-03,5.19900e-02,3.06314e-03,4.10503e-02,3.21693e-02,6.83922e-03,1.48276e-02,2.91749e-02,4.38098e-02,9.23511e-02,1.85200e-03,9.06061e-02,4.73300e-03,3.05002e-03,8.06888e-03,1.19858e-02,6.88766e-03,1.17701e-02,7.73969e-02,9.16912e-03
3.45682e-03,5.21756e-02,3.04674e-03,3.99732e-02,2.69656e-02,6.87821e-03,1.48480e-02,3.01371e-02,4.51874e-02,9.27303e-02,1.82698e-03,9.05951e-02,4.74539e-03,3.11287e-03,7.80106e-03,1.18615e-02,7.02975e-03,1.88323e-02,7.82044e-02,9.20582e-03
3.33897e-03,5.19228e-02,3.03317e-03,3.91176e-02,2.25070e-02,6.91144e-03,1.50584e-02,3.09246e-02,4.64799e-02,9.30999e-02,1.80399e-03,9.06199e-02,4.76391e-03,3.16718e-03,7.58236e-03,1.17929e-02,7.01428e-03,2.79433e-02,7.82154e-02,9.26521e-03
3.28354e-03,5.16967e-02,3.00594e-03,3.84734e-02,1.88282e-02,6.93655e-03,1.54213e-02,3.14914e-02,4.76383e-02,9.35637e-02,1.79174e-03,9.06306e-02,4.77507e-03,3.20918e-03,7.39359e-03,1.17419e-02,6.87593e-03,3.50407e-02,7.74789e-02,9.34537e-03
3.22868e-03,5.15401e-02,3.05666e-03,3.80337e-02,1.62818e-02,6.95130e-03,1.59595e-02,3.18450e-02,4.87804e-02,9.39894e-02,1.78413e-03,9.06401e-02,4.78046e-03,3.23804e-03,7.25285e-03,1.17251e-02,6.70871e-03,3.68334e-02,7.62205e-02,9.40210e-03
3.29075e-03,5.27602e-02,3.27345e-03,3.78259e-02,1.57236e-02,6.96676e-03,1.66467e-02,3.19144e-02,5.04535e-02,9.44674e-02,1.77481e-03,9.07694e-02,4.82076e-03,3.24649e-03,7.14176e-03,1.17386e-02,6.57745e-03,3.45500e-02,7.49653e-02,9.44248e-03
3.55963e-03,5.44898e-02,3.62558e-03,3.78796e-02,1.76240e-02,7.20648e-03,1.79453e-02,3.21538e-02,5.28834e-02,9.49881e-02,2.05745e-03,9.10509e-02,4.82074e-03,3.23394e-03,7.14342e-03,1.17564e-02,6.54561e-03,2.95817e-02,7.38923e-02,9.48983e-03
4.00165e-03,5.33088e-02,4.02318e-03,3.87318e-02,2.16074e-02,7.29002e-03,2.59671e-02,3.25469e-02,5.55434e-02,9.55947e-02,3.40114e-03,9.17608e-02,4.87895e-03,3.20684e-03,7.12405e-03,1.18106e-02,6.63588e-03,2.49914e-02,7.31981e-02,9.56172e-03
4.53344e-03,5.26547e-02,4.38740e-03,4.06612e-02,2.82991e-02,7.89595e-03,4.71225e-02,3.19063e-02,5.80206e-02,9.63128e-02,4.72862e-03,9.32973e-02,4.94092e-03,3.19552e-03,7.37538e-03,1.19069e-02,6.91829e-03,2.13196e-02,7.30061e-02,9.66357e-03
5.12041e-03,5.24900e-02,4.78489e-03,4.22225e-02,3.86915e-02,7.99819e-03,6.54257e-02,3.08534e-02,6.10334e-02,9.72898e-02,5.64827e-03,9.75117e-02,4.97918e-03,3.16673e-03,1.55166e-02,1.20345e-02,7.38749e-03,1.82993e-02,7.41562e-02,9.78910e-03
5.70304e-03,5.25712e-02,5.22873e-03,4.44774e-02,4.88541e-02,8.26490e-03,7.57581e-02,2.99830e-02,6.57167e-02,9.89519e-02,6.43219e-03,1.10632e-01,5.07609e-03,3.15361e-03,4.39987e-02,1.22128e-02,8.15918e-03,1.61706e-02,7.80309e-02,9.95205e-03
6.28208e-03,5.27955e-02,5.62550e-03,4.74855e-02,5.45797e-02,8.46550e-03,9.21951e-02,2.92809e-02,7.27183e-02,1.02176e-01,6.56532e-03,1.48363e-01,5.13748e-03,3.14967e-03,7.64908e-02,1.24166e-02,9.21211e-03,1.43137e-02,8.34023e-02,1.01106e-02
6.85356e-03,5.30882e-02,5.83741e-03,5.10651e-02,5.71622e-02,8.60256e-03,1.05546e-01,2.90461e-02,8.15152e-02,1.07220e-01,6.26212e-03,2.34345e-01,5.24901e-03,3.14636e-03,1.01736e-01,1.26358e-02,1.07548e-02,1.29522e-02,8.99286e-02,1.03410e-02
7.47237e-03,5.33722e-02,5.79031e-03,5.51238e-02,6.01189e-02,8.94193e-03,1.07043e-01,2.94261e-02,9.06180e-02,1.11662e-01,5.82325e-03,4.04378e-01,5.38812e-03,3.17585e-03,1.11102e-01,1.28744e-02,1.31843e-02,1.20377e-02,9.75498e-02,1.05963e-02
8.02125e-03,5.38109e-02,5.52610e-03,5.99053e-02,6.60052e-02,1.01453e-02,9.88833e-02,3.08555e-02,9.85111e-02,1.13133e-01,5.37872e-03,6.68140e-01,5.53817e-03,3.27292e-03,1.14220e-01,1.31419e-02,1.71776e-02,1.13023e-02,1.06260e-01,1.08816e-02
8.33202e-03,5.40943e-02,5.16451e-03,6.59068e-02,7.44043e-02,1.32256e-02,8.62058e-02,3.37711e-02,1.04837e-01,1.11995e-01,4.97044e-03,9.16656e-01,5.71827e-03,3.41025e-03,1.15443e-01,1.33758e-02,2.35791e-02,1.05708e-02,1.16076e-01,1.11636e-02
8.39495e-03,5.45971e-02,4.80258e-03,7.37312e-02,8.18163e-02,1.80473e-02,7.50539e-02,3.85789e-02,1.09754e-01,1.09975e-01,4.60996e-03,1.03357e+00,5.87150e-03,3.55867e-03,1.13470e-01,1.35855e-02,3.30365e-02,9.98621e-03,1.27059e-01,1.14801e-02
8.22639e-03,5.51050e-02,4.47830e-03,8.29282e-02,8.51406e-02,2.23393e-02,6.96480e-02,4.56162e-02,1.13184e-01,1.08333e-01,4.27768e-03,1.02566e+00,6.00101e-03,3.68704e-03,1.09891e-01,1.38452e-02,4.65416e-02,9.23930e-03,1.38850e-01,1.17364e-02
7.88223e-03,5.55034e-02,4.21148e-03,9.31717e-02,8.33838e-02,2.40226e-02,7.32831e-02,5.48796e-02,1.15005e-01,1.07647e-01,3.95444e-03,9.57060e-01,6.08066e-03,3.76516e-03,1.06662e-01,1.40854e-02,6.71630e-02,8.66012e-03,1.51123e-01,1.20198e-02
7.46438e-03,5.60772e-02,4.02003e-03,1.03554e-01,7.73337e-02,2.31729e-02,8.83873e-02,6.57918e-02,1.15593e-01,1.07901e-01,3.64390e-03,8.70895e-01,6.15329e-03,3.81124e-03,1.03722e-01,1.43248e-02,9.57848e-02,8.25757e-03,1.63365e-01,1.22868e-02
7.06241e-03,5.66876e-02,3.88001e-03,1.12728e-01,6.85591e-02,2.10131e-02,1.12255e-01,7.71052e-02,1.15868e-01,1.08995e-01,3.36155e-03,7.82501e-01,6.19993e-03,3.82977e-03,9.99376e-02,1.45428e-02,1.21298e-01,8.03007e-03,1.74938e-01,1.25728e-02
6.68211e-03,5.72056e-02,3.78121e-03,1.18716e-01,5.87485e-02,1.85413e-02,1.34228e-01,8.69354e-02,1.16806e-01,1.10678e-01,3.10594e-03,6.95311e-01,6.21488e-03,3.81688e-03,9.42657e-02,1.47059e-02,1.29975e-01,8.04125e-03,1.84881e-01,1.28859e-02
6.35061e-03,5.77964e-02,3.72031e-03,1.20240e-01,4.92023e-02,1.62745e-02,1.47239e-01,9.34214e-02,1.18852e-01,1.12830e-01,2.89252e-03,6.11246e-01,6.21603e-03,3.77811e-03,8.64343e-02,1.48383e-02,1.23539e-01,8.41658e-03,1.92256e-01,1.32200e-02
6.06528e-03,5.84756e-02,3.67169e-03,1.16641e-01,4.10631e-02,1.43509e-02,1.56222e-01,9.70020e-02,1.21889e-01,1.15453e-01,2.72004e-03,5.32950e-01,6.16541e-03,3.75033e-03,7.81577e-02,1.48944e-02,1.12098e-01,9.48923e-03,1.96503e-01,1.35724e-02
5.82563e-03,5.89293e-02,3.64758e-03,1.09054e-01,3.57591e-02,1.27844e-02,1.72829e-01,9.74732e-02,1.25428e-01,1.18348e-01,4.25289e-03,4.62863e-01,6.09744e-03,3.70598e-03,7.18113e-02,1.49094e-02,1.02693e-01,1.16497e-02,2.02461e-01,1.39936e-02
5.60704e-03,5.95547e-02,3.60402e-03,9.99135e-02,4.35044e-02,1.15214e-02,1.99016e-01,9.32091e-02,1.29021e-01,1.21205e-01,2.27532e-02,4.02202e-01,5.98099e-03,3.67134e-03,7.29562e-02,1.48879e-02,9.72244e-02,1.54256e-02,2.20522e-01,1.44249e-02
5.42050e-03,6.00972e-02,3.56399e-03,9.21710e-02,1.25708e-01,1.05231e-02,2.14143e-01,8.66463e-02,1.32413e-01,1.23788e-01,8.17299e-02,3.51339e-01,5.94181e-03,3.64284e-03,7.78017e-02,1.48240e-02,9.53530e-02,2.07247e-02,2.38675e-01,1.47689e-02
5.24957e-03,6.10243e-02,3.52094e-03,8.83411e-02,2.37801e-01,9.73195e-03,2.16525e-01,7.99841e-02,1.35586e-01,1.25784e-01,1.29399e-01,3.09258e-01,5.85602e-03,3.60026e-03,7.84551e-02,1.47614e-02,9.49264e-02,2.61379e-02,2.55715e-01,1.50725e-02
5.09704e-03,6.16390e-02,3.47099e-03,9.07786e-02,2.33162e-01,9.10304e-03,2.12915e-01,7.40606e-02,1.38496e-01,1.26950e-01,1.21877e-01,2.74780e-01,5.81688e-03,3.55371e-03,7.52195e-02,1.47319e-02,9.40131e-02,2.94954e-02,2.67082e-01,1.53974e-02
4.96922e-03,6.24779e-02,3.42016e-03,1.01107e-01,1.63361e-01,8.61488e-03,2.11134e-01,6.91653e-02,1.41072e-01,1.27139e-01,1.04523e-01,2.46566e-01,5.79874e-03,3.50950e-03,6.88672e-02,1.47116e-02,9.08620e-02,2.97164e-02,2.73219e-01,1.56788e-02
4.88374e-03,6.33537e-02,3.36850e-03,1.19843e-01,1.09499e-01,8.31388e-03,2.23942e-01,6.51505e-02,1.42838e-01,1.26352e-01,9.12918e-02,2.23524e-01,5.81317e-03,3.48945e-03,6.16306e-02,1.47944e-02,8.50820e-02,2.75036e-02,2.81665e-01,1.59806e-02
4.82962e-03,6.41779e-02,3.32480e-03,1.45356e-01,7.73690e-02,8.32282e-03,2.68505e-01,6.17959e-02,1.43344e-01,1.24657e-01,7.77939e-02,2.04508e-01,5.84851e-03,3.48831e-03,5.47773e-02,1.49801e-02,7.72902e-02,2.41370e-02,2.95036e-01,1.61906e-02
4.79024e-03,6.50922e-02,3.28806e-03,1.72663e-01,5.79414e-02,8.86554e-03,3.55272e-01,5.89803e-02,1.42181e-01,1.22336e-01,6.33187e-02,1.88622e-01,6.00680e-03,3.51310e-03,4.87128e-02,1.53583e-02,6.87614e-02,2.06452e-02,3.14220e-01,1.63387e-02
4.74266e-03,6.60471e-02,3.24951e-03,1.96799e-01,4.51719e-02,1.00876e-02,4.54480e-01,5.68609e-02,1.39076e-01,1.19683e-01,5.00010e-02,1.75349e-01,6.21693e-03,3.59296e-03,4.36951e-02,1.61256e-02,6.06007e-02,1.75444e-02,3.41194e-01,1.63562e-02
4.65325e-03,6.68200e-02,3.22439e-03,2.15120e-01,3.60606e-02,1.17271e-02,4.93726e-01,5.51865e-02,1.34180e-01,1.17029e-01,3.91730e-02,1.64110e-01,6.48684e-03,3.73659e-03,3.99040e-02,1.74900e-02,5.35026e-02,1.50391e-02,3.76872e-01,1.62997e-02
4.51168e-03,6.74137e-02,3.21200e-03,2.26067e-01,2.91954e-02,1.31200e-02,4.48553e-01,5.37744e-02,1.27924e-01,1.14563e-01,3.09155e-02,1.54678e-01,6.86381e-03,3.91445e-03,3.72522e-02,1.99116e-02,4.77506e-02,1.31968e-02,4.17652e-01,1.61330e-02
4.34329e-03,6.81523e-02,3.20451e-03,2.30492e-01,2.39467e-02,1.37550e-02,3.65829e-01,5.30854e-02,1.20825e-01,1.12645e-01,2.48152e-02,1.46877e-01,7.32396e-03,4.14975e-03,3.55655e-02,2.40863e-02,4.31931e-02,1.20728e-02,4.59028e-01,1.58746e-02
4.15349e-03,6.87142e-02,3.19858e-03,2.31350e-01,1.99277e-02,1.36576e-02,2.89935e-01,5.25981e-02,1.13537e-01,1.11600e-01,2.04316e-02,1.40504e-01,7.85637e-03,4.38686e-03,3.45543e-02,3.09689e-02,3.96610e-02,1.18583e-02,4.98820e-01,1.55479e-02
3.98383e-03,6.90992e-02,3.19698e-03,2.35154e-01,1.68718e-02,1.31380e-02,2.34458e-01,5.23903e-02,1.06390e-01,1.11858e-01,1.75315e-02,1.35479e-01,8.41147e-03,4.60234e-03,3.38922e-02,4.13957e-02,3.69165e-02,1.30725e-02,5.36786e-01,1.51887e-02
3.81004e-03,6.98191e-02,3.19266e-03,2.52067e-01,1.45624e-02,1.24871e-02,1.97315e-01,5.28314e-02,9.98701e-02,1.14114e-01,1.60689e-02,1.31659e-01,8.95499e-03,4.77466e-03,3.32389e-02,5.58505e-02,3.47426e-02,1.64567e-02,5.73379e-01,1.47938e-02
3.65065e-03,7.02624e-02,3.19790e-03,2.91666e-01,1.28247e-02,1.18781e-02,1.73429e-01,5.47185e-02,9.39380e-02,1.19526e-01,1.61891e-02,1.28910e-01,9.51450e-03,4.87175e-03,3.23160e-02,7.47133e-02,3.29102e-02,2.21867e-02,6.08463e-01,1.44116e-02
3.53550e-03,7.07281e-02,3.20238e-03,3.53518e-01,1.14905e-02,1.13903e-02,1.58904e-01,5.89548e-02,8.87081e-02,1.29635e-01,1.80671e-02,1.27069e-01,1.00399e-02,4.90974e-03,3.10422e-02,9.82174e-02,3.13052e-02,2.85130e-02,6.40133e-01,1.39949e-02
3.42024e-03,7.13351e-02,3.20939e-03,4.14446e-01,1.04586e-02,1.10524e-02,1.53324e-01,6.47364e-02,8.41536e-02,1.46003e-01,2.16344e-02,1.25920e-01,1.04949e-02,4.87633e-03,2.94638e-02,1.24444e-01,2.98824e-02,3.24297e-02,6.65266e-01,1.36007e-02
3.33286e-03,7.26878e-02,3.22363e-03,4.42725e-01,9.67072e-03,1.08700e-02,1.60424e-01,7.00035e-02,8.02476e-02,1.69719e-01,2.61617e-02,1.25360e-01,1.08590e-02,4.79385e-03,2.78224e-02,1.47666e-01,2.85809e-02,3.23746e-02,6.79457e-01,1.32135e-02
3.24983e-03,7.41018e-02,3.23574e-03,4.24029e-01,9.05030e-03,1.08636e-02,1.86151e-01,7.30364e-02,7.67827e-02,2.01140e-01,3.02452e-02,1.25144e-01,1.11589e-02,4.65973e-03,2.64598e-02,1.61463e-01,2.74213e-02,2.93167e-02,6.79201e-01,1.28573e-02
3.18116e-03,7.60943e-02,3.24623e-03,3.71172e-01,8.57062e-03,1.10541e-02,2.33323e-01,7.36486e-02,7.38869e-02,2.39508e-01,3.25168e-02,1.25155e-01,1.13424e-02,4.51376e-03,2.58567e-02,1.64253e-01,2.62782e-02,2.50377e-02,6.63360e-01,1.24926e-02
3.11469e-03,7.86551e-02,3.24719e-03,3.08215e-01,8.19026e-03,1.14555e-02,2.90673e-01,7.29725e-02,7.14490e-02,2.83391e-01,3.24821e-02,1.25193e-01,1.14443e-02,4.34448e-03,2.68097e-02,1.58251e-01,2.52367e-02,2.08402e-02,6.34309e-01,1.21476e-02
3.05304e-03,8.15054e-02,3.24221e-03,2.51966e-01,7.88659e-03,1.20769e-02,3.33472e-01,7.23854e-02,6.94506e-02,3.30521e-01,3.06858e-02,1.25195e-01,1.14442e-02,4.16296e-03,3.05637e-02,1.47034e-01,2.42476e-02,1.72479e-02,5.96476e-01,1.18122e-02
2.99437e-03,8.48695e-02,3.24457e-03,2.09326e-01,7.64245e-03,1.28937e-02,3.44397e-01,7.23888e-02,6.79431e-02,3.78189e-01,2.80677e-02,1.25050e-01,1.13720e-02,3.99182e-03,3.84190e-02,1.33926e-01,2.32840e-02,1.43671e-02,5.54842e-01,1.15730e-02
2.94053e-03,8.83097e-02,3.25379e-03,1.80211e-01,7.44159e-03,1.38300e-02,3.26375e-01,7.30354e-02,6.69081e-02,4.23224e-01,2.54528e-02,1.24718e-01,1.12076e-02,3.81756e-03,5.07852e-02,1.21303e-01,2.23606e-02,1.21371e-02,5.12872e-01,1.12523e-02
2.87071e-03,9.20291e-02,3.25744e-03,1.62531e-01,7.27866e-03,1.47822e-02,2.91997e-01,7.40159e-02,6.64310e-02,4.62710e-01,2.33068e-02,1.24207e-01,1.09554e-02,3.66225e-03,6.61456e-02,1.11098e-01,2.14849e-02,1.04397e-02,4.73310e-01,1.10219e-02
2.82072e-03,9.56656e-02,3.25621e-03,1.56251e-01,7.14686e-03,1.56030e-02,2.52181e-01,7.55890e-02,6.64817e-02,4.94335e-01,2.18954e-02,1.23540e-01,1.06260e-02,3.51428e-03,8.12554e-02,1.04513e-01,2.06713e-02,9.14695e-03,4.37590e-01,1.08127e-02
2.76553e-03,9.87603e-02,3.25885e-03,1.61763e-01,7.02615e-03,1.61809e-02,2.13533e-01,7.81869e-02,6.70357e-02,5.16347e-01,2.14067e-02,1.22866e-01,1.02361e-02,3.36336e-03,9.27193e-02,1.01339e-01,1.99540e-02,8.17148e-03,4.05652e-01,1.06173e-02
2.71889e-03,1.01691e-01,3.26173e-03,1.80798e-01,6.92695e-03,1.64574e-02,1.79572e-01,8.32627e-02,6.79816e-02,5.28201e-01,2.21600e-02,1.22273e-01,9.85274e-03,3.22556e-03,9.84871e-02,9.97854e-02,1.92891e-02,7.42990e-03,3.78194e-01,1.04892e-02
2.67963e-03,1.04080e-01,3.26850e-03,2.14455e-01,6.84118e-03,1.64164e-02,1.51341e-01,9.21913e-02,6.91408e-02,5.30323e-01,2.49245e-02,1.21931e-01,9.45210e-03,3.10139e-03,9.81042e-02,9.75333e-02,1.87703e-02,6.87745e-03,3.54474e-01,1.04003e-02
2.63621e-03,1.06167e-01,3.27989e-03,2.57436e-01,6.77503e-03,1.61064e-02,1.28649e-01,1.05811e-01,7.02970e-02,5.23670e-01,3.12724e-02,1.22189e-01,9.03678e-03,2.99746e-03,9.28695e-02,9.26524e-02,1.83859e-02,6.47517e-03,3.34384e-01,1.03675e-02
2.60218e-03,1.08008e-01,3.29364e-03,2.97166e-01,6.72542e-03,1.56422e-02,1.11061e-01,1.19577e-01,7.12556e-02,5.09659e-01,4.38286e-02,1.23620e-01,8.60079e-03,2.91406e-03,8.44989e-02,8.55483e-02,1.80807e-02,6.17738e-03,3.17097e-01,1.03401e-02
2.57482e-03,1.09577e-01,3.29841e-03,3.19450e-01,6.67872e-03,1.51706e-02,9.73233e-02,1.27527e-01,7.18460e-02,4.89840e-01,6.58211e-02,1.26825e-01,8.22652e-03,2.84014e-03,7.50377e-02,7.77173e-02,1.79300e-02,5.95637e-03,3.02156e-01,1.03613e-02
2.55069e-03,1.11165e-01,3.29812e-03,3.17115e-01,6.63832e-03,1.48590e-02,8.67935e-02,1.27144e-01,7.19787e-02,4.65977e-01,9.81912e-02,1.32765e-01,7.89130e-03,2.76339e-03,6.58760e-02,7.08645e-02,1.78594e-02,5.80013e-03,2.88867e-01,1.03865e-02
2.52622e-03,1.12808e-01,3.29434e-03,2.94174e-01,6.60424e-03,1.48832e-02,7.87213e-02,1.21684e-01,7.16133e-02,4.39640e-01,1.34956e-01,1.42385e-01,7.57957e-03,2.71043e-03,5.78053e-02,6.62036e-02,1.78800e-02,5.69616e-03,2.76498e-01,1.04509e-02
2.51591e-03,1.14608e-01,3.28834e-03,2.59755e-01,6.57164e-03,1.53913e-02,7.26948e-02,1.17469e-01,7.08983e-02,4.12402e-01,1.63562e-01,1.56673e-01,7.26816e-03,2.65782e-03,5.09530e-02,6.47055e-02,1.79786e-02,5.63728e-03,2.64316e-01,1.05305e-02
2.49804e-03,1.16951e-01,3.28168e-03,2.23555e-01,6.55230e-03,1.64539e-02,6.83510e-02,1.19425e-01,6.99822e-02,3.85526e-01,1.74078e-01,1.76088e-01,7.00981e-03,2.60875e-03,4.52876e-02,6.70443e-02,1.81393e-02,5.61195e-03,2.51864e-01,1.06165e-02
2.48575e-03,1.19669e-01,3.28031e-03,1.90539e-01,6.53020e-03,1.80139e-02,6.54290e-02,1.28723e-01,6.90224e-02,3.60102e-01,1.66414e-01,2.00785e-01,6.78805e-03,2.58351e-03,4.05915e-02,7.33069e-02,1.83188e-02,5.60653e-03,2.39037e-01,1.07287e-02
2.48523e-03,1.22943e-01,3.28493e-03,1.64348e-01,6.50629e-03,1.98559e-02,6.37707e-02,1.41719e-01,6.83458e-02,3.36951e-01,1.47444e-01,2.30554e-01,6.60628e-03,2.55739e-03,3.66285e-02,8.32058e-02,1.84664e-02,5.61781e-03,2.25744e-01,1.08298e-02
2.47745e-03,1.26374e-01,3.28495e-03,1.45461e-01,6.49451e-03,2.15936e-02,6.32855e-02,1.51003e-01,6.80156e-02,3.16531e-01,1.24561e-01,2.64245e-01,6.45597e-03,2.53829e-03,3.32504e-02,9.54717e-02,1.85815e-02,5.63941e-03,2.11999e-01,1.09593e-02
2.47333e-03,1.30136e-01,3.28722e-03,1.34128e-01,6.47793e-03,2.28246e-02,6.38027e-02,1.53020e-01,6.81684e-02,2.99323e-01,1.02676e-01,3.00327e-01,6.31574e-03,2.51844e-03,3.03159e-02,1.07368e-01,1.86603e-02,5.67195e-03,1.98080e-01,1.10892e-02
2.46575e-03,1.33781e-01,3.28879e-03,1.29178e-01,6.47295e-03,2.32480e-02,6.51582e-02,1.49186e-01,6.87527e-02,2.85485e-01,8.38529e-02,3.37099e-01,6.22736e-03,2.50178e-03,2.77718e-02,1.16110e-01,1.86126e-02,5.70660e-03,1.84547e-01,1.12082e-02
2.45979e-03,1.37011e-01,3.28695e-03,1.29190e-01,6.45949e-03,2.27942e-02,6.70954e-02,1.41946e-01,6.96612e-02,2.74578e-01,6.85541e-02,3.73158e-01,6.10903e-03,2.49068e-03,2.55666e-02,1.19652e-01,1.84467e-02,5.74486e-03,1.71752e-01,1.13453e-02
2.45163e-03,1.40118e-01,3.28403e-03,1.30584e-01,6.44349e-03,2.15935e-02,6.92269e-02,1.32719e-01,7.06820e-02,2.66828e-01,5.64894e-02,4.06657e-01,6.04492e-03,2.47942e-03,2.36551e-02,1.17362e-01,1.82143e-02,5.79017e-03,1.59920e-01,1.14548e-02
2.44354e-03,1.42959e-01,3.27507e-03,1.31198e-01,6.43411e-03,1.99078e-02,7.11684e-02,1.22687e-01,7.15597e-02,2.61586e-01,4.70643e-02,4.35439e-01,6.00452e-03,2.46164e-03,2.20168e-02,1.10672e-01,1.78824e-02,5.83579e-03,1.49634e-01,1.15935e-02
2.44125e-03,1.45414e-01,3.26466e-03,1.30753e-01,6.42248e-03,1.80100e-02,7.26089e-02,1.12139e-01,7.19610e-02,2.59063e-01,3.97368e-02,4.58953e-01,5.97204e-03,2.44932e-03,2.06284e-02,1.00931e-01,1.75160e-02,5.88253e-03,1.40934e-01,1.16997e-02
2.43155e-03,1.48856e-01,3.26565e-03,1.30661e-01,6.40681e-03,1.61347e-02,7.33544e-02,1.01775e-01,7.17869e-02,2.58656e-01,3.40569e-02,4.75707e-01,5.95019e-03,2.43587e-03,1.94508e-02,9.01948e-02,1.70915e-02,5.92988e-03,1.34110e-01,1.17938e-02
2.43586e-03,1.53720e-01,3.27082e-03,1.33127e-01,6.39325e-03,1.44245e-02,7.34494e-02,9.25103e-02,7.09593e-02,2.60278e-01,2.95290e-02,4.85731e-01,5.94809e-03,2.42783e-03,1.84594e-02,7.99079e-02,1.66937e-02,5.96749e-03,1.29186e-01,1.18520e-02
2.42838e-03,1.60236e-01,3.26818e-03,1.37502e-01,6.37466e-03,1.29541e-02,7.32749e-02,8.39793e-02,6.95389e-02,2.63613e-01,2.59796e-02,4.89038e-01,5.98295e-03,2.42654e-03,1.76457e-02,7.04196e-02,1.62647e-02,5.99682e-03,1.26159e-01,1.19161e-02
2.43152e-03,1.69572e-01,3.26307e-03,1.42501e-01,6.36790e-03,1.17494e-02,7.35151e-02,7.73276e-02,6.76314e-02,2.68714e-01,2.31340e-02,4.86084e-01,6.00232e-03,2.42940e-03,1.69686e-02,6.23318e-02,1.58912e-02,6.02450e-03,1.25005e-01,1.19561e-02
2.42194e-03,1.81974e-01,3.25787e-03,1.46982e-01,6.36157e-03,1.08027e-02,7.53159e-02,7.23010e-02,6.54205e-02,2.75257e-01,2.08331e-02,4.77455e-01,6.05264e-03,2.43283e-03,1.64208e-02,5.55907e-02,1.55330e-02,6.05380e-03,1.25258e-01,1.19746e-02
2.41163e-03,1.97245e-01,3.24775e-03,1.48055e-01,6.35554e-03,1.00787e-02,8.01749e-02,6.89182e-02,6.30577e-02,2.82934e-01,1.89731e-02,4.64073e-01,6.09942e-03,2.42543e-03,1.59490e-02,4.99490e-02,1.52585e-02,6.08225e-03,1.26525e-01,1.19795e-02
2.40389e-03,2.15105e-01,3.24320e-03,1.45876e-01,6.35223e-03,9.54286e-03,9.03888e-02,6.73855e-02,6.07343e-02,2.91612e-01,1.74627e-02,4.47476e-01,6.13526e-03,2.42632e-03,1.55774e-02,4.54403e-02,1.50058e-02,6.10585e-03,1.28369e-01,1.20188e-02
2.38551e-03,2.34597e-01,3.23917e-03,1.40785e-01,6.35197e-03,9.16987e-03,1.08990e-01,6.82173e-02,5.85364e-02,3.00952e-01,1.62319e-02,4.28278e-01,6.18192e-03,2.43056e-03,1.52785e-02,4.17783e-02,1.47844e-02,6.12645e-03,1.30222e-01,1.20317e-02
2.38142e-03,2.54510e-01,3.23096e-03,1.33693e-01,6.34093e-03,8.92915e-03,1.39236e-01,7.31683e-02,5.65935e-02,3.10916e-01,1.52453e-02,4.07965e-01,6.19731e-03,2.43038e-03,1.50307e-02,3.87810e-02,1.45854e-02,6.14253e-03,1.31557e-01,1.20013e-02
2.37299e-03,2.73393e-01,3.22987e-03,1.25657e-01,6.33356e-03,8.81845e-03,1.82244e-01,8.49226e-02,5.48224e-02,3.21452e-01,1.44735e-02,3.87247e-01,6.18881e-03,2.43482e-03,1.48372e-02,3.63128e-02,1.44078e-02,6.14920e-03,1.32020e-01,1.19705e-02
2.35524e-03,2.90776e-01,3.22398e-03,1.17732e-01,6.32704e-03,8.78784e-03,2.32789e-01,1.09862e-01,5.33717e-02,3.32556e-01,1.38958e-02,3.67108e-01,6.18399e-03,2.43420e-03,1.46732e-02,3.43102e-02,1.42302e-02,6.16122e-03,1.31332e-01,1.19682e-02
2.34987e-03,3.05564e-01,3.21828e-03,1.10494e-01,6.30748e-03,8.83872e-03,2.77423e-01,1.57804e-01,5.21658e-02,3.44310e-01,1.34978e-02,3.48189e-01,6.14674e-03,2.42757e-03,1.45545e-02,3.26499e-02,1.40292e-02,6.16719e-03,1.29416e-01,1.19203e-02
2.35167e-03,3.17179e-01,3.21790e-03,1.04293e-01,6.29536e-03,8.94117e-03,3.00639e-01,2.46907e-01,5.12239e-02,3.56953e-01,1.32631e-02,3.30916e-01,6.10527e-03,2.44298e-03,1.44661e-02,3.12529e-02,1.38474e-02,6.16405e-03,1.26338e-01,1.18953e-02
2.35420e-03,3.25444e-01,3.21491e-03,9.94999e-02,6.28106e-03,9.07245e-03,2.96271e-01,4.08395e-01,5.04435e-02,3.70785e-01,1.31923e-02,3.15975e-01,6.06953e-03,2.46289e-03,1.44054e-02,3.00847e-02,1.36087e-02,6.14734e-03,1.22343e-01,1.19050e-02
2.35675e-03,3.29466e-01,3.20892e-03,9.67325e-02,6.26723e-03,9.21402e-03,2.70266e-01,6.82177e-01,4.98600e-02,3.86470e-01,1.32800e-02,3.03312e-01,6.02543e-03,2.47368e-03,1.43643e-02,2.90719e-02,1.33482e-02,6.14755e-03,1.17669e-01,1.18488e-02
2.35813e-03,3.28932e-01,3.21031e-03,9.66208e-02,6.25208e-03,9.34961e-03,2.33980e-01,1.04448e+00,4.94261e-02,4.04829e-01,1.35233e-02,2.93145e-01,5.97190e-03,2.49111e-03,1.43386e-02,2.81458e-02,1.30586e-02,6.14922e-03,1.12635e-01,1.18220e-02
2.35877e-03,3.24328e-01,3.20699e-03,1.00395e-01,6.23506e-03,9.46286e-03,1.97021e-01,1.31682e+00,4.91251e-02,4.26195e-01,1.38988e-02,2.85604e-01,5.90568e-03,2.50489e-03,1.43186e-02,2.73751e-02,1.27697e-02,6.14636e-03,1.07496e-01,1.18173e-02
2.35718e-03,3.15835e-01,3.19807e-03,1.10801e-01,6.22151e-03,9.53501e-03,1.64404e-01,1.32862e+00,4.89324e-02,4.50733e-01,1.43805e-02,2.80585e-01,5.83118e-03,2.51337e-03,1.43052e-02,2.66541e-02,1.24617e-02,6.14593e-03,1.02451e-01,1.18138e-02
2.35245e-03,3.04568e-01,3.19011e-03,1.30630e-01,6.20527e-03,9.55991e-03,1.37690e-01,1.13810e+00,4.88121e-02,4.79233e-01,1.49301e-02,2.77967e-01,5.76082e-03,2.51853e-03,1.42967e-02,2.59837e-02,1.21458e-02,6.14630e-03,9.77040e-02,1.18424e-02
2.35021e-03,2.91202e-01,3.18208e-03,1.61936e-01,6.19337e-03,9.52812e-03,1.16571e-01,8.93082e-01,4.87727e-02,5.11767e-01,1.54693e-02,2.77629e-01,5.69833e-03,2.51179e-03,1.42908e-02,2.53440e-02,1.18454e-02,6.14456e-03,9.33225e-02,1.18354e-02
2.34789e-03,2.77565e-01,3.16940e-03,2.04270e-01,6.17789e-03,9.44218e-03,1.00096e-01,6.81081e-01,4.87766e-02,5.47730e-01,1.59247e-02,2.79412e-01,5.64399e-03,2.51078e-03,1.42987e-02,2.47077e-02,1.15374e-02,6.14444e-03,8.94545e-02,1.18401e-02
2.34559e-03,2.64612e-01,3.16053e-03,2.58768e-01,6.16636e-03,9.30057e-03,8.72836e-02,5.23990e-01,4.88323e-02,5.86082e-01,1.62349e-02,2.83150e-01,5.62641e-03,2.49454e-03,1.43139e-02,2.40941e-02,1.12274e-02,6.14424e-03,8.60020e-02,1.18859e-02
2.35486e-03,2.53283e-01,3.15189e-03,3.54426e-01,6.14818e-03,9.10840e-03,7.72253e-02,4.11528e-01,4.89106e-02,6.25326e-01,1.63522e-02,2.88568e-01,5.52989e-03,2.49542e-03,1.43258e-02,2.35024e-02,1.09575e-02,6.13204e-03,8.30145e-02,1.18769e-02
2.35672e-03,2.44630e-01,3.14095e-03,6.01856e-01,6.13478e-03,8.90414e-03,6.93098e-02,3.34202e-01,4.90071e-02,6.63537e-01,1.62387e-02,2.95946e-01,5.52938e-03,2.49795e-03,1.43573e-02,2.29363e-02,1.06878e-02,6.11801e-03,8.04290e-02,1.19083e-02
2.35160e-03,2.39000e-01,3.12579e-03,1.07971e+00,6.12600e-03,8.65423e-03,6.30249e-02,2.75753e-01,4.91338e-02,6.98121e-01,1.59002e-02,3.04918e-01,5.47157e-03,2.49751e-03,1.43832e-02,2.23596e-02,1.04338e-02,6.10854e-03,7.82342e-02,1.20272e-02
2.35578e-03,2.36082e-01,3.11708e-03,1.51187e+00,6.12047e-03,8.40687e-03,5.77963e-02,2.34455e-01,4.92907e-02,7.26150e-01,1.53697e-02,3.15786e-01,5.47944e-03,2.49660e-03,1.43937e-02,2.18183e-02,1.02041e-02,6.10562e-03,7.64223e-02,1.20868e-02
2.35378e-03,2.35545e-01,3.10299e-03,1.52998e+00,6.12941e-03,8.14679e-03,5.34863e-02,2.01695e-01,4.94661e-02,7.44659e-01,1.46769e-02,3.28359e-01,5.47771e-03,2.50494e-03,1.44085e-02,2.12731e-02,9.98417e-03,6.10320e-03,7.48801e-02,1.21881e-02
2.35802e-03,2.36746e-01,3.08841e-03,1.23339e+00,6.15047e-03,7.89170e-03,4.98913e-02,1.77544e-01,4.96371e-02,7.50828e-01,1.38843e-02,3.43091e-01,5.47483e-03,2.50836e-03,1.44152e-02,2.07280e-02,9.77364e-03,6.10564e-03,7.36194e-02,1.23012e-02
2.35887e-03,2.39255e-01,3.07570e-03,9.00125e-01,6.18831e-03,7.64764e-03,4.69109e-02,1.57775e-01,4.98296e-02,7.43322e-01,1.30314e-02,3.60225e-01,5.44318e-03,2.51261e-03,1.44284e-02,2.02120e-02,9.59099e-03,6.10718e-03,7.26531e-02,1.24474e-02
2.37012e-03,2.40992e-01,3.07338e-03,6.47779e-01,6.24716e-03,7.41978e-03,4.44076e-02,1.41267e-01,5.00078e-02,7.21368e-01,1.21662e-02,3.79770e-01,5.43429e-03,2.50598e-03,1.44216e-02,1.97188e-02,9.42593e-03,6.09843e-03,7.19166e-02,1.26293e-02
2.37085e-03,2.41732e-01,3.06755e-03,4.78491e-01,6.33862e-03,7.20733e-03,4.23394e-02,1.28060e-01,5.01641e-02,6.87829e-01,1.13231e-02,4.01697e-01,5.46169e-03,2.50045e-03,1.44245e-02,1.92209e-02,9.27891e-03,6.08691e-03,7.14399e-02,1.28906e-02
2.36875e-03,2.40157e-01,3.05935e-03,3.67766e-01,6.48132e-03,7.02145e-03,4.05862e-02,1.17479e-01,5.03148e-02,6.44516e-01,1.05270e-02,4.25746e-01,5.45756e-03,2.49727e-03,1.44184e-02,1.87484e-02,9.16944e-03,6.08259e-03,7.12067e-02,1.31968e-02
2.37079e-03,2.36355e-01,3.06293e-03,2.97373e-01,6.73253e-03,6.85166e-03,3.91057e-02,1.08062e-01,5.04531e-02,5.95133e-01,9.80259e-03,4.51755e-01,5.46327e-03,2.49284e-03,1.44188e-02,1.83022e-02,9.03958e-03,6.06328e-03,7.12719e-02,1.35464e-02
2.37407e-03,2.29841e-01,3.06546e-03,2.48322e-01,7.18824e-03,6.69903e-03,3.79105e-02,9.99367e-02,5.05615e-02,5.43405e-01,9.15404e-03,4.78990e-01,5.47430e-03,2.50585e-03,1.44242e-02,1.78484e-02,8.94144e-03,6.04405e-03,7.16243e-02,1.39107e-02
2.38391e-03,2.21460e-01,3.06755e-03,2.18358e-01,7.92119e-03,6.56576e-03,3.69303e-02,9.27220e-02,5.06704e-02,4.92459e-01,8.57914e-03,5.07195e-01,5.47440e-03,2.53210e-03,1.44239e-02,1.75516e-02,8.83802e-03,6.03077e-03,7.21895e-02,1.43160e-02
2.39545e-03,2.11612e-01,3.07188e-03,2.00347e-01,8.89135e-03,6.45059e-03,3.61721e-02,8.62211e-02,5.07385e-02,4.44746e-01,8.09519e-03,5.35828e-01,5.48551e-03,2.53769e-03,1.44303e-02,1.70702e-02,8.73722e-03,6.01861e-03,7.28819e-02,1.47081e-02
2.39813e-03,2.00357e-01,3.06700e-03,1.91456e-01,9.92482e-03,6.35692e-03,3.55917e-02,8.04595e-02,5.08083e-02,4.01965e-01,7.67577e-03,5.64394e-01,5.50776e-03,2.55513e-03,1.44378e-02,1.67716e-02,8.64802e-03,6.00434e-03,7.36003e-02,1.51065e-02
2.41698e-03,1.89364e-01,3.05482e-03,1.87665e-01,1.07747e-02,6.27578e-03,3.51959e-02,7.55156e-02,5.08517e-02,3.65052e-01,7.31560e-03,5.92478e-01,5.50961e-03,2.56746e-03,1.44596e-02,1.64908e-02,8.61874e-03,5.98928e-03,7.44891e-02,1.55237e-02
2.44665e-03,1.79069e-01,3.04322e-03,1.86353e-01,1.12698e-02,6.20364e-03,3.49570e-02,7.11706e-02,5.08845e-02,3.34052e-01,7.00495e-03,6.19139e-01,5.52445e-03,2.56900e-03,1.45112e-02,1.61976e-02,8.61075e-03,5.97766e-03,7.53250e-02,1.59025e-02
2.48195e-03,1.69801e-01,3.03062e-03,1.85005e-01,1.13404e-02,6.14307e-03,3.49041e-02,6.72068e-02,5.08982e-02,3.09392e-01,6.73816e-03,6.43742e-01,5.52298e-03,2.55544e-03,1.46060e-02,1.59767e-02,8.62735e-03,5.96778e-03,7.62708e-02,1.62527e-02
2.51212e-03,1.62666e-01,3.01952e-03,1.82629e-01,1.10678e-02,6.09269e-03,3.49907e-02,6.36743e-02,5.09054e-02,2.90446e-01,6.51148e-03,6.64986e-01,5.51668e-03,2.54653e-03,1.47348e-02,1.57816e-02,8.69743e-03,5.95506e-03,7.73819e-02,1.65657e-02
2.55444e-03,1.57070e-01,3.01297e-03,1.79555e-01,1.05974e-02,6.05010e-03,3.52468e-02,6.07791e-02,5.09039e-02,2.76588e-01,6.32556e-03,6.81872e-01,5.53925e-03,2.52830e-03,1.48901e-02,1.56571e-02,8.86257e-03,5.94320e-03,7.85684e-02,1.68184e-02
2.58838e-03,1.53392e-01,3.00096e-03,1.73205e-01,1.00218e-02,6.02406e-03,3.56449e-02,5.80609e-02,5.08808e-02,2.66646e-01,6.18151e-03,6.93172e-01,5.56571e-03,2.52414e-03,1.50618e-02,1.55371e-02,9.12124e-03,5.92811e-03,7.98956e-02,1.69569e-02
2.62441e-03,1.51080e-01,2.98800e-03,1.66735e-01,9.40388e-03,5.99449e-03,3.61355e-02,5.55586e-02,5.08492e-02,2.59382e-01,6.08732e-03,6.97431e-01,5.57234e-03,2.51769e-03,1.52073e-02,1.54872e-02,9.48663e-03,5.91078e-03,8.15207e-02,1.69932e-02
2.65763e-03,1.50705e-01,2.97575e-03,1.57927e-01,8.81132e-03,5.97399e-03,3.66406e-02,5.34339e-02,5.08174e-02,2.53538e-01,6.04847e-03,6.94503e-01,5.60105e-03,2.50476e-03,1.53311e-02,1.54722e-02,9.91973e-03,5.89646e-03,8.34258e-02,1.70108e-02
2.69094e-03,1.50528e-01,2.95784e-03,1.49732e-01,8.27268e-03,5.95719e-03,3.71644e-02,5.15248e-02,5.07810e-02,2.48154e-01,6.08625e-03,6.83475e-01,5.62537e-03,2.49212e-03,1.54134e-02,1.55425e-02,1.03040e-02,5.87894e-03,8.56677e-02,1.69072e-02
2.72133e-03,1.50411e-01,2.94428e-03,1.41735e-01,7.80464e-03,5.94509e-03,3.76197e-02,4.97148e-02,5.07411e-02,2.42270e-01,6.18122e-03,6.65318e-01,5.67709e-03,2.47817e-03,1.54623e-02,1.56369e-02,1.05557e-02,5.86510e-03,8.82815e-02,1.68236e-02
2.74785e-03,1.50389e-01,2.93219e-03,1.34098e-01,7.40321e-03,5.93938e-03,3.79780e-02,4.81941e-02,5.07004e-02,2.35503e-01,6.32270e-03,6.40783e-01,5.71958e-03,2.47284e-03,1.54771e-02,1.57801e-02,1.06743e-02,5.85063e-03,9.10662e-02,1.66602e-02
2.75405e-03,1.49326e-01,2.92695e-03,1.27087e-01,7.06717e-03,5.93593e-03,3.82068e-02,4.68519e-02,5.06449e-02,2.27892e-01,6.48521e-03,6.10501e-01,5.76368e-03,2.46781e-03,1.54412e-02,1.59762e-02,1.06794e-02,5.83959e-03,9.36929e-02,1.64698e-02
2.76077e-03,1.48058e-01,2.92329e-03,1.21144e-01,6.77443e-03,5.93191e-03,3.83387e-02,4.57067e-02,5.05992e-02,2.19269e-01,6.63245e-03,5.77027e-01,5.82983e-03,2.47179e-03,1.53907e-02,1.61880e-02,1.06342e-02,5.83334e-03,9.58001e-02,1.62302e-02
2.75943e-03,1.46001e-01,2.91731e-03,1.16025e-01,6.53968e-03,5.92459e-03,3.83407e-02,4.49357e-02,5.05234e-02,2.10055e-01,6.72921e-03,5.41114e-01,5.88136e-03,2.47246e-03,1.53983e-02,1.64385e-02,1.05976e-02,5.81842e-03,9.70949e-02,1.59769e-02
2.74346e-03,1.42794e-01,2.91030e-03,1.12287e-01,6.34487e-03,5.92170e-03,3.82648e-02,4.42598e-02,5.04506e-02,2.00676e-01,6.76025e-03,5.04985e-01,5.95416e-03,2.46810e-03,1.54217e-02,1.67838e-02,1.05993e-02,5.80300e-03,9.74796e-02,1.56804e-02
2.72254e-03,1.39423e-01,2.90629e-03,1.09304e-01,6.17578e-03,5.91877e-03,3.81021e-02,4.37961e-02,5.03961e-02,1.91589e-01,6.71682e-03,4.69258e-01,6.01811e-03,2.46908e-03,1.55655e-02,1.75258e-02,1.06827e-02,5.78531e-03,9.70134e-02,1.53582e-02
2.68643e-03,1.35298e-01,2.90026e-03,1.07325e-01,6.05087e-03,5.92209e-03,3.78840e-02,4.33060e-02,5.03171e-02,1.83011e-01,6.61695e-03,4.36479e-01,6.11958e-03,2.46495e-03,1.59794e-02,1.91667e-02,1.07837e-02,5.76908e-03,9.60019e-02,1.50387e-02
2.65487e-03,1.31814e-01,2.89140e-03,1.06334e-01,5.95675e-03,5.92766e-03,3.76086e-02,4.28893e-02,5.02273e-02,1.75311e-01,6.47762e-03,4.05857e-01,6.18369e-03,2.45370e-03,1.67940e-02,2.19643e-02,1.09188e-02,5.76449e-03,9.47270e-02,1.47314e-02
2.62331e-03,1.29979e-01,2.88034e-03,1.05926e-01,5.88057e-03,5.93617e-03,3.73707e-02,4.25102e-02,5.01394e-02,1.68359e-01,6.31646e-03,3.78414e-01,6.23363e-03,2.44345e-03,1.81351e-02,2.40983e-02,1.10621e-02,5.74870e-03,9.34823e-02,1.44239e-02
2.58750e-03,1.31275e-01,2.87183e-03,1.06045e-01,5.82236e-03,5.94195e-03,3.71808e-02,4.22224e-02,5.00551e-02,1.62309e-01,6.14593e-03,3.54196e-01,6.28618e-03,2.43349e-03,2.00021e-02,2.43900e-02,1.11763e-02,5.73251e-03,9.23874e-02,1.41523e-02
2.55808e-03,1.38813e-01,2.86069e-03,1.06590e-01,5.78499e-03,5.94612e-03,3.70682e-02,4.19494e-02,4.99721e-02,1.57310e-01,5.98378e-03,3.32888e-01,6.31905e-03,2.43151e-03,2.21688e-02,2.37239e-02,1.12674e-02,5.71896e-03,9.15474e-02,1.38930e-02
2.51636e-03,1.58933e-01,2.85649e-03,1.07493e-01,5.75638e-03,5.95250e-03,3.70221e-02,4.17373e-02,4.98770e-02,1.53199e-01,5.83770e-03,3.14531e-01,6.34273e-03,2.41872e-03,2.42342e-02,2.29685e-02,1.13047e-02,5.71170e-03,9.10560e-02,1.36337e-02
2.49613e-03,2.04374e-01,2.84965e-03,1.08201e-01,5.72617e-03,5.96438e-03,3.70020e-02,4.14960e-02,4.97751e-02,1.49762e-01,5.70931e-03,2.98173e-01,6.31473e-03,2.41276e-03,2.57221e-02,2.26045e-02,1.12887e-02,5.70001e-03,9.08959e-02,1.33845e-02
2.48829e-03,2.98591e-01,2.83992e-03,1.08839e-01,5.70803e-03,5.98051e-03,3.69968e-02,4.10925e-02,4.96897e-02,1.47101e-01,5.59625e-03,2.84788e-01,6.31877e-03,2.40006e-03,2.63287e-02,2.26902e-02,1.12275e-02,5.68045e-03,9.10680e-02,1.31745e-02
2.49913e-03,4.74511e-01,2.83255e-03,1.08996e-01,5.69904e-03,6.03730e-03,3.69219e-02,4.09329e-02,4.95991e-02,1.45054e-01,5.50531e-03,2.72152e-01,6.32206e-03,2.38712e-03,2.60520e-02,2.29376e-02,1.11367e-02,5.65590e-03,9.14463e-02,1.29966e-02
2.51375e-03,7.54896e-01,2.82523e-03,1.08811e-01,5.68920e-03,6.19577e-03,3.68179e-02,4.08158e-02,4.94871e-02,1.43525e-01,5.43719e-03,2.61318e-01,6.26826e-03,2.37590e-03,2.50905e-02,2.34193e-02,1.10098e-02,5.63375e-03,9.20116e-02,1.27862e-02
2.53884e-03,1.09333e+00,2.81486e-03,1.07894e-01,5.67879e-03,6.56148e-03,3.66666e-02,4.05116e-02,4.93715e-02,1.42354e-01,5.39467e-03,2.50950e-01,6.25929e-03,2.35962e-03,2.37337e-02,2.38032e-02,1.08447e-02,5.61434e-03,9.26629e-02,1.26147e-02
2.54899e-03,1.34707e+00,2.80672e-03,1.06284e-01,5.66114e-03,7.19553e-03,3.66663e-02,4.03260e-02,4.92638e-02,1.41465e-01,5.39648e-03,2.41785e-01,6.18659e-03,2.35454e-03,2.22963e-02,2.39309e-02,1.06753e-02,5.58809e-03,9.33387e-02,1.24782e-02
2.54498e-03,1.38918e+00,2.80138e-03,1.04193e-01,5.65575e-03,7.95522e-03,3.69143e-02,3.99259e-02,4.91565e-02,1.40958e-01,5.44796e-03,2.33452e-01,6.11544e-03,2.33705e-03,2.09617e-02,2.40076e-02,1.05255e-02,5.55687e-03,9.38808e-02,1.23126e-02
2.52892e-03,1.23868e+00,2.79222e-03,1.01623e-01,5.65721e-03,8.57416e-03,3.77176e-02,3.95931e-02,4.90578e-02,1.40581e-01,5.57162e-03,2.25594e-01,6.08260e-03,2.33398e-03,1.98388e-02,2.39922e-02,1.03732e-02,5.53339e-03,9.42300e-02,1.21642e-02
2.50082e-03,1.00247e+00,2.78342e-03,9.86280e-02,5.65331e-03,8.84172e-03,3.94332e-02,3.91767e-02,4.89652e-02,1.40251e-01,5.76312e-03,2.18287e-01,6.01759e-03,2.33322e-03,1.89726e-02,2.39832e-02,1.02127e-02,5.51182e-03,9.42780e-02,1.20088e-02
2.47863e-03,7.70242e-01,2.77872e-03,9.52565e-02,5.64522e-03,8.74914e-03,4.25711e-02,3.88180e-02,4.88583e-02,1.39986e-01,6.04722e-03,2.11492e-01,5.98031e-03,2.33971e-03,1.83190e-02,2.39502e-02,1.00809e-02,5.49618e-03,9.40358e-02,1.19033e-02
2.45213e-03,5.81518e-01,2.77136e-03,9.19475e-02,5.63132e-03,8.42378e-03,4.76373e-02,3.84555e-02,4.87560e-02,1.39645e-01,6.40970e-03,2.05414e-01,5.93498e-03,2.34518e-03,1.78731e-02,2.39055e-02,9.96569e-03,5.48356e-03,9.35172e-02,1.17885e-02
2.43475e-03,4.40527e-01,2.76294e-03,8.84741e-02,5.62223e-03,8.01564e-03,5.48067e-02,3.82648e-02,4.86578e-02,1.39173e-01,6.82655e-03,1.99884e-01,5.87358e-03,2.34286e-03,1.75763e-02,2.39159e-02,9.84683e-03,5.46516e-03,9.26595e-02,1.16847e-02
2.41715e-03,3.40667e-01,2.75521e-03,8.49129e-02,5.61120e-03,7.61047e-03,6.32487e-02,3.80564e-02,4.85665e-02,1.38668e-01,7.27941e-03,1.94741e-01,5.86451e-03,2.34569e-03,1.73925e-02,2.39572e-02,9.74286e-03,5.44687e-03,9.15692e-02,1.15683e-02
2.39746e-03,2.72250e-01,2.74418e-03,8.15433e-02,5.60557e-03,7.25572e-03,7.09413e-02,3.78434e-02,4.84659e-02,1.37956e-01,7.75438e-03,1.89896e-01,5.83394e-03,2.35160e-03,1.72920e-02,2.39354e-02,9.66770e-03,5.42994e-03,9.02189e-02,1.15091e-02
2.38019e-03,2.27999e-01,2.73427e-03,7.83863e-02,5.59522e-03,6.96225e-03,7.56212e-02,3.76864e-02,4.83470e-02,1.37053e-01,8.25797e-03,1.85452e-01,5.80205e-03,2.35330e-03,1.72167e-02,2.41301e-02,9.58072e-03,5.41132e-03,8.87605e-02,1.14383e-02
2.36001e-03,1.97651e-01,2.72312e-03,7.54453e-02,5.57913e-03,6.73115e-03,7.61321e-02,3.75242e-02,4.82339e-02,1.35951e-01,8.76143e-03,1.81545e-01,5.78529e-03,2.35281e-03,1.71259e-02,2.47083e-02,9.51445e-03,5.38881e-03,8.71855e-02,1.13588e-02
2.33676e-03,1.78984e-01,2.71451e-03,7.28312e-02,5.60160e-03,6.60115e-03,7.30480e-02,3.74420e-02,4.81000e-02,1.34715e-01,9.27507e-03,1.78741e-01,5.74631e-03,2.34995e-03,1.73377e-02,2.57577e-02,9.44477e-03,5.36700e-03,8.55635e-02,1.13128e-02
2.31535e-03,1.66275e-01,2.73679e-03,7.05563e-02,5.75403e-03,6.53005e-03,6.80660e-02,3.73633e-02,4.80092e-02,1.33563e-01,1.17124e-02,1.77409e-01,5.70962e-03,2.34975e-03,1.81951e-02,2.75605e-02,9.37753e-03,5.39162e-03,9.53114e-02,1.12627e-02
2.29501e-03,1.59329e-01,2.81991e-03,6.87619e-02,6.22956e-03,1.16590e-02,6.62165e-02,3.74222e-02,4.79352e-02,1.33294e-01,2.58610e-02,1.78426e-01,5.66477e-03,2.35089e-03,2.68100e-02,3.00310e-02,9.31776e-03,5.40433e-03,1.95990e-01,1.12487e-02
2.26910e-03,1.53995e-01,2.93290e-03,6.77072e-02,7.40755e-03,2.73518e-02,7.69660e-02,3.81990e-02,4.78581e-02,1.36571e-01,4.18255e-02,1.86358e-01,5.63534e-03,2.35425e-03,4.85751e-02,3.27191e-02,9.26397e-03,5.43135e-03,4.27037e-01,1.12016e-02
2.26171e-03,1.49403e-01,3.03771e-03,6.76578e-02,9.39822e-03,5.80030e-02,9.33337e-02,3.96194e-02,4.78274e-02,1.48415e-01,4.91118e-02,2.09341e-01,5.58538e-03,2.34365e-03,7.71758e-02,3.50678e-02,9.19840e-03,5.49327e-03,8.87530e-01,1.11802e-02
2.23228e-03,1.44649e-01,3.13811e-03,6.89462e-02,1.13077e-02,8.17598e-02,1.21775e-01,4.09792e-02,4.77399e-02,1.72200e-01,5.35907e-02,2.61444e-01,5.57417e-03,2.33133e-03,1.17557e-01,3.65665e-02,9.15890e-03,5.58994e-03,1.55368e+00,1.11478e-02
2.22159e-03,1.42635e-01,3.20083e-03,7.20562e-02,1.29922e-02,1.18651e-01,1.80231e-01,4.19937e-02,4.76857e-02,2.13417e-01,5.52693e-02,3.60764e-01,5.53804e-03,2.32937e-03,1.41115e-01,3.71465e-02,9.10980e-03,5.67382e-03,1.54141e+00,1.11320e-02
2.21057e-03,1.42237e-01,3.24839e-03,7.70059e-02,1.45430e-02,2.71073e-01,2.20291e-01,4.29754e-02,4.76245e-02,2.76674e-01,5.24554e-02,5.19462e-01,5.52577e-03,2.31745e-03,1.46182e-01,3.69664e-02,9.07355e-03,5.73422e-03,1.15477e+00,1.11219e-02
2.20974e-03,1.45195e-01,3.28096e-03,8.32168e-02,1.55223e-02,4.45827e-01,2.33993e-01,4.38954e-02,4.76047e-02,3.50141e-01,4.78102e-02,7.26050e-01,5.49278e-03,2.30861e-03,1.48915e-01,3.62842e-02,9.03845e-03,5.76924e-03,8.32930e-01,1.10621e-02
2.20949e-03,1.49906e-01,3.29470e-03,8.98689e-02,1.56193e-02,3.88687e-01,2.34599e-01,4.47279e-02,4.76296e-02,4.19428e-01,4.42354e-02,9.37556e-01,5.45988e-03,2.29552e-03,1.50670e-01,3.54019e-02,8.99660e-03,5.81365e-03,6.40586e-01,1.10120e-02
2.20925e-03,1.57702e-01,3.27274e-03,9.94247e-02,1.50781e-02,2.66740e-01,2.47749e-01,4.58538e-02,4.76207e-02,4.96828e-01,4.29185e-02,1.09344e+00,5.41846e-03,2.29326e-03,1.50196e-01,3.44323e-02,8.94979e-03,5.85627e-03,5.53076e-01,1.09867e-02
2.21011e-03,1.67452e-01,3.22974e-03,1.16885e-01,1.43557e-02,1.78291e-01,4.78591e-01,4.79738e-02,4.76551e-02,6.13664e-01,4.37266e-02,1.14943e+00,5.39933e-03,2.29323e-03,1.56388e-01,3.35539e-02,8.91584e-03,5.89178e-03,5.32134e-01,1.09129e-02
2.21225e-03,1.80439e-01,3.17364e-03,1.45438e-01,1.36834e-02,1.24691e-01,1.94582e+00,5.26369e-02,4.77025e-02,7.35548e-01,4.63279e-02,1.10223e+00,5.38366e-03,2.29190e-03,1.83576e-01,3.27325e-02,8.88054e-03,5.90483e-03,5.36270e-01,1.08481e-02
2.22430e-03,1.94482e-01,3.12325e-03,1.81181e-01,1.31558e-02,9.32249e-02,2.82934e+00,6.12619e-02,4.77451e-02,7.65226e-01,5.10759e-02,9.83804e-01,5.36648e-03,2.29262e-03,2.36221e-01,3.19835e-02,8.83728e-03,5.88166e-03,5.42027e-01,1.07839e-02
2.23124e-03,2.05366e-01,3.10050e-03,2.18228e-01,1.27594e-02,7.50800e-02,2.30760e+00,7.34039e-02,4.77731e-02,6.94643e-01,5.95278e-02,8.37714e-01,5.36456e-03,2.29905e-03,2.96943e-01,3.12711e-02,8.80146e-03,5.83157e-03,5.41150e-01,1.07447e-02
2.24750e-03,2.12204e-01,3.11562e-03,2.48959e-01,1.24061e-02,6.56964e-02,1.96328e+00,8.65773e-02,4.77796e-02,5.98741e-01,7.23389e-02,7.03129e-01,5.32162e-03,2.29645e-03,3.58902e-01,3.07588e-02,8.78893e-03,5.76599e-03,5.22383e-01,1.06595e-02
2.27301e-03,2.12301e-01,3.16408e-03,2.67674e-01,1.20503e-02,6.33815e-02,1.73094e+00,9.79976e-02,4.77773e-02,5.27520e-01,8.51632e-02,6.05821e-01,5.33334e-03,2.29646e-03,5.03052e-01,3.01104e-02,8.78607e-03,5.70176e-03,4.79120e-01,1.06424e-02
2.29305e-03,2.08086e-01,3.25379e-03,3.16760e-01,1.16430e-02,6.87396e-02,1.53470e+00,1.06585e-01,4.77352e-02,4.86878e-01,9.06007e-02,5.59658e-01,5.30697e-03,2.31985e-03,8.85968e-01,2.95544e-02,8.79847e-03,5.64702e-03,4.19783e-01,1.05709e-02
2.30747e-03,2.01214e-01,3.32411e-03,7.66807e-01,1.11784e-02,8.29507e-02,1.37531e+00,1.13556e-01,4.76615e-02,4.66549e-01,8.77572e-02,5.59783e-01,5.28710e-03,2.33330e-03,1.27979e+00,2.90830e-02,8.78913e-03,5.60722e-03,3.58944e-01,1.05301e-02
2.30511e-03,1.93588e-01,3.36813e-03,2.32570e+00,1.06732e-02,1.04802e-01,1.23987e+00,1.20679e-01,4.75847e-02,4.57543e-01,8.34740e-02,5.85424e-01,5.27160e-03,2.33837e-03,1.20757e+00,2.85673e-02,8.80905e-03,5.60334e-03,3.06367e-01,1.04799e-02
2.29021e-03,1.85117e-01,3.38216e-03,3.36237e+00,1.01523e-02,1.28017e-01,1.10819e+00,1.30813e-01,4.74907e-02,4.55859e-01,8.44749e-02,6.19348e-01,5.25847e-03,2.34219e-03,8.74458e-01,2.81675e-02,8.80334e-03,5.64830e-03,2.64907e-01,1.04308e-02
2.27599e-03,1.78065e-01,3.34708e-03,2.73628e+00,9.63945e-03,1.43585e-01,9.73384e-01,1.42501e-01,4.73855e-02,4.61517e-01,9.53323e-02,6.54010e-01,5.24176e-03,2.34943e-03,5.94705e-01,2.77599e-02,8.81673e-03,5.73639e-03,2.33208e-01,1.04185e-02
2.27753e-03,1.71902e-01,3.27805e-03,1.99738e+00,9.16048e-03,1.46429e-01,8.44952e-01,1.52571e-01,4.72693e-02,4.76388e-01,1.30787e-01,6.88419e-01,5.24830e-03,2.36194e-03,4.23368e-01,2.73682e-02,8.78167e-03,5.87191e-03,2.09332e-01,1.03866e-02
2.27694e-03,1.66140e-01,3.19251e-03,1.57882e+00,8.70483e-03,1.38154e-01,7.31213e-01,1.56709e-01,4.71491e-02,5.02106e-01,2.69337e-01,7.18339e-01,5.24145e-03,2.37320e-03,3.25489e-01,2.70401e-02,8.78506e-03,6.04619e-03,1.91108e-01,1.03752e-02
2.27421e-03,1.61552e-01,3.10548e-03,1.33895e+00,8.28514e-03,1.23759e-01,6.38792e-01,1.55161e-01,4.70382e-02,5.38098e-01,7.14502e-01,7.35897e-01,5.21989e-03,2.39125e-03,2.68586e-01,2.67227e-02,8.80299e-03,6.26947e-03,1.76985e-01,1.03525e-02
2.27334e-03,1.57719e-01,3.02247e-03,1.17382e+00,7.90641e-03,1.07584e-01,5.68878e-01,1.50250e-01,4.69252e-02,5.80997e-01,1.30739e+00,7.33705e-01,5.21329e-03,2.39688e-03,2.34599e-01,2.64142e-02,8.80541e-03,6.52846e-03,1.65660e-01,1.03509e-02
2.28012e-03,1.54527e-01,2.94711e-03,1.03886e+00,7.56909e-03,9.21479e-02,5.21331e-01,1.49979e-01,4.68125e-02,6.24553e-01,1.39436e+00,7.09224e-01,5.19213e-03,2.40170e-03,2.13092e-01,2.60843e-02,8.77658e-03,6.79160e-03,1.56721e-01,1.03443e-02
2.26802e-03,1.50980e-01,2.88892e-03,9.17433e-01,7.27212e-03,7.85474e-02,4.95908e-01,1.66180e-01,4.67164e-02,6.61653e-01,1.11688e+00,6.66571e-01,5.19953e-03,2.40454e-03,1.97583e-01,2.58049e-02,8.76453e-03,7.02634e-03,1.49397e-01,1.03279e-02
