2.96430e+05,3.15945e+05,2.78924e+05,3.20227e+05,2.73098e+05,3.13062e+05,3.22476e+05,3.22481e+05,3.02025e+05,2.96664e+05,3.12191e+05,2.90617e+05,3.03810e+05,3.05388e+05,3.26294e+05,3.18438e+05,3.02269e+05,3.06265e+05,3.02739e+05,3.08554e+05
1.00000e-02,1.00000e-02,1.00000e-02,1.00000e-02,1.00000e-02,1.00000e-02,1.00000e-02,1.00000e-02,1.00000e-02,1.00000e-02,1.00000e-02,1.00000e-02,1.00000e-02,1.00000e-02,1.00000e-02,1.00000e-02,1.00000e-02,1.00000e-02,1.00000e-02,1.00000e-02
1.67941e-02,1.23627e-02,2.69490e-02,1.64498e-02,2.57088e-02,1.64428e-02,1.72080e-02,2.63908e-02,1.47127e-02,1.22841e-02,1.69377e-02,1.09981e-02,1.72262e-02,1.71587e-02,1.33004e-02,1.57540e-02,1.76177e-02,1.25068e-02,3.24072e-02,1.47495e-02
2.68425e-02,1.35828e-02,4.71623e-02,2.88751e-02,4.23690e-02,2.47423e-02,3.07614e-02,4.02064e-02,2.22897e-02,1.53537e-02,2.85819e-02,1.20175e-02,2.38031e-02,2.43268e-02,1.49567e-02,2.43128e-02,2.57944e-02,1.44404e-02,7.08737e-02,2.02718e-02
3.33910e-02,1.43095e-02,6.86131e-02,4.09944e-02,6.33813e-02,3.45250e-02,4.57306e-02,4.78956e-02,3.27881e-02,2.11193e-02,3.99142e-02,1.30743e-02,2.84180e-02,3.43822e-02,1.59694e-02,3.73680e-02,3.26107e-02,1.87997e-02,9.89491e-02,2.65846e-02
3.68010e-02,1.51084e-02,8.87450e-02,4.84113e-02,8.78377e-02,4.47237e-02,5.75836e-02,5.02396e-02,4.37717e-02,3.24615e-02,4.81792e-02,1.42056e-02,3.31280e-02,4.69215e-02,1.71753e-02,5.20860e-02,3.84326e-02,2.57940e-02,1.19728e-01,3.31018e-02
3.98057e-02,1.65396e-02,1.08015e-01,5.23299e-02,1.12477e-01,5.50096e-02,6.53920e-02,5.09390e-02,5.41910e-02,5.63952e-02,5.36291e-02,1.54561e-02,4.00921e-02,5.95233e-02,1.89447e-02,6.76485e-02,4.44963e-02,3.36597e-02,1.39715e-01,4.03255e-02
4.45066e-02,1.92730e-02,1.27733e-01,5.49782e-02,1.36150e-01,6.64822e-02,7.07143e-02,5.22956e-02,6.37913e-02,1.06433e-01,5.73146e-02,1.68788e-02,4.87469e-02,7.07154e-02,2.14683e-02,8.43345e-02,5.02487e-02,4.09412e-02,1.61054e-01,4.93091e-02
5.23075e-02,2.40773e-02,1.47660e-01,5.79153e-02,1.58840e-01,8.09809e-02,7.54061e-02,5.50221e-02,7.26370e-02,1.88730e-01,5.99023e-02,1.85358e-02,5.63107e-02,8.07502e-02,2.46891e-02,1.01749e-01,5.44612e-02,4.71450e-02,1.83505e-01,6.05510e-02
6.42437e-02,3.16290e-02,1.65485e-01,6.19699e-02,1.80984e-01,9.98468e-02,8.08208e-02,5.86175e-02,8.09666e-02,2.87376e-01,6.15730e-02,2.04983e-02,6.07042e-02,9.10719e-02,2.82955e-02,1.19151e-01,5.67421e-02,5.25695e-02,2.07090e-01,7.40058e-02
8.09231e-02,4.25110e-02,1.78274e-01,6.74050e-02,2.03644e-01,1.23228e-01,8.76003e-02,6.23138e-02,8.92696e-02,3.75823e-01,6.25994e-02,2.28474e-02,6.17120e-02,1.03191e-01,3.19625e-02,1.35886e-01,5.76999e-02,5.78806e-02,2.32234e-01,8.89384e-02
1.02968e-01,5.67043e-02,1.84378e-01,7.39958e-02,2.27851e-01,1.50123e-01,9.54432e-02,6.54083e-02,9.80167e-02,4.37954e-01,6.34297e-02,2.56737e-02,6.03055e-02,1.17974e-01,3.54023e-02,1.50985e-01,5.82568e-02,6.40409e-02,2.59014e-01,1.04315e-01
1.30652e-01,7.33333e-02,1.84055e-01,8.12332e-02,2.53691e-01,1.78470e-01,1.03243e-01,6.77434e-02,1.07768e-01,4.72739e-01,6.45146e-02,2.91035e-02,5.78728e-02,1.35674e-01,3.85739e-02,1.63971e-01,5.91650e-02,7.21268e-02,2.86842e-01,1.18929e-01
1.63637e-01,9.10123e-02,1.78643e-01,8.88001e-02,2.80380e-01,2.05699e-01,1.10264e-01,6.93276e-02,1.19174e-01,4.87565e-01,6.61503e-02,3.33086e-02,5.54137e-02,1.55666e-01,4.15986e-02,1.74708e-01,6.08852e-02,8.26328e-02,3.15044e-01,1.32144e-01
2.01563e-01,1.08194e-01,1.70025e-01,9.65890e-02,3.06247e-01,2.29119e-01,1.16276e-01,7.04222e-02,1.32947e-01,4.91406e-01,6.83812e-02,3.84742e-02,5.36940e-02,1.76599e-01,4.46765e-02,1.83582e-01,6.37272e-02,9.49003e-02,3.42819e-01,1.43712e-01
2.44454e-01,1.23660e-01,1.59949e-01,1.04767e-01,3.29123e-01,2.46783e-01,1.21733e-01,7.12454e-02,1.49881e-01,4.91486e-01,7.10250e-02,4.48022e-02,5.34005e-02,1.97122e-01,4.79977e-02,1.91563e-01,6.79041e-02,1.07267e-01,3.69937e-01,1.53827e-01
2.92901e-01,1.36755e-01,1.49593e-01,1.13710e-01,3.47068e-01,2.57784e-01,1.27345e-01,7.19785e-02,1.70730e-01,4.92382e-01,7.37805e-02,5.24886e-02,5.51659e-02,2.16261e-01,5.17048e-02,1.99952e-01,7.35045e-02,1.17731e-01,3.96243e-01,1.62802e-01
3.47159e-01,1.47219e-01,1.39815e-01,1.23734e-01,3.59305e-01,2.62372e-01,1.33621e-01,7.27818e-02,1.95948e-01,4.96334e-01,7.63398e-02,6.17242e-02,6.00027e-02,2.33689e-01,5.58601e-02,2.09893e-01,8.03625e-02,1.25018e-01,4.21740e-01,1.71494e-01
4.05967e-01,1.55167e-01,1.30972e-01,1.35169e-01,3.66003e-01,2.61433e-01,1.40558e-01,7.37132e-02,2.25504e-01,5.03839e-01,7.84626e-02,7.26961e-02,6.92941e-02,2.49555e-01,6.04234e-02,2.22298e-01,8.80834e-02,1.28743e-01,4.46334e-01,1.80671e-01
4.65889e-01,1.60918e-01,1.23328e-01,1.48207e-01,3.68001e-01,2.56255e-01,1.47689e-01,7.48086e-02,2.58406e-01,5.14367e-01,8.00954e-02,8.55961e-02,8.45789e-02,2.64077e-01,6.52981e-02,2.37728e-01,9.61155e-02,1.29267e-01,4.69959e-01,1.90772e-01
5.21889e-01,1.64924e-01,1.16843e-01,1.62995e-01,3.66279e-01,2.48209e-01,1.54338e-01,7.61435e-02,2.93016e-01,5.26826e-01,8.12669e-02,1.00631e-01,1.06762e-01,2.77425e-01,7.03909e-02,2.56367e-01,1.03896e-01,1.27395e-01,4.92495e-01,2.01995e-01
5.69436e-01,1.67691e-01,1.11484e-01,1.79646e-01,3.61650e-01,2.38508e-01,1.59878e-01,7.77121e-02,3.27170e-01,5.39970e-01,8.20420e-02,1.18032e-01,1.35330e-01,2.89504e-01,7.55482e-02,2.78197e-01,1.11072e-01,1.23997e-01,5.13782e-01,2.14320e-01
6.05846e-01,1.69699e-01,1.07078e-01,1.98126e-01,3.54745e-01,2.28193e-01,1.64117e-01,7.95009e-02,3.58852e-01,5.52678e-01,8.25770e-02,1.38066e-01,1.67862e-01,3.00276e-01,8.06816e-02,3.02910e-01,1.17575e-01,1.19865e-01,5.33993e-01,2.27323e-01
6.30908e-01,1.71381e-01,1.03425e-01,2.18405e-01,3.46020e-01,2.17967e-01,1.67123e-01,8.16393e-02,3.86470e-01,5.64144e-01,8.29655e-02,1.61040e-01,2.01154e-01,3.09578e-01,8.57847e-02,3.29951e-01,1.23480e-01,1.15625e-01,5.53379e-01,2.40721e-01
6.46413e-01,1.73007e-01,1.00311e-01,2.40424e-01,3.35858e-01,2.08379e-01,1.69160e-01,8.42352e-02,4.09105e-01,5.73924e-01,8.32981e-02,1.87271e-01,2.32330e-01,3.17442e-01,9.09221e-02,3.58357e-01,1.29175e-01,1.11795e-01,5.72427e-01,2.54262e-01
6.55029e-01,1.74816e-01,9.76105e-02,2.63978e-01,3.24634e-01,1.99795e-01,1.70529e-01,8.74273e-02,4.26586e-01,5.81881e-01,8.36721e-02,2.17065e-01,2.59669e-01,3.24165e-01,9.62236e-02,3.86907e-01,1.35120e-01,1.08774e-01,5.91091e-01,2.67679e-01
6.59194e-01,1.76897e-01,9.51173e-02,2.88932e-01,3.12743e-01,1.92385e-01,1.71656e-01,9.13258e-02,4.39240e-01,5.88268e-01,8.41249e-02,2.50650e-01,2.82717e-01,3.30187e-01,1.01915e-01,4.14299e-01,1.41868e-01,1.06911e-01,6.09123e-01,2.80975e-01
6.60927e-01,1.79195e-01,9.27778e-02,3.15030e-01,3.00569e-01,1.86243e-01,1.72875e-01,9.61077e-02,4.47809e-01,5.93484e-01,8.47017e-02,2.88058e-01,3.02026e-01,3.36062e-01,1.08289e-01,4.39598e-01,1.49924e-01,1.06522e-01,6.26169e-01,2.94336e-01
6.61466e-01,1.81703e-01,9.05468e-02,3.42141e-01,2.88489e-01,1.81496e-01,1.74461e-01,1.01879e-01,4.53274e-01,5.98146e-01,8.54266e-02,3.29126e-01,3.18446e-01,3.42380e-01,1.15691e-01,4.62235e-01,1.59664e-01,1.07827e-01,6.41560e-01,3.08135e-01
6.61515e-01,1.84372e-01,8.83689e-02,3.70052e-01,2.76735e-01,1.78110e-01,1.76621e-01,1.08553e-01,4.56654e-01,6.02948e-01,8.62858e-02,3.73466e-01,3.33039e-01,3.49458e-01,1.24448e-01,4.82198e-01,1.71326e-01,1.11103e-01,6.55154e-01,3.22889e-01
6.61148e-01,1.87192e-01,8.63015e-02,3.98590e-01,2.65510e-01,1.76134e-01,1.79465e-01,1.16231e-01,4.58901e-01,6.08584e-01,8.73121e-02,4.20486e-01,3.46776e-01,3.57596e-01,1.34954e-01,4.99943e-01,1.84814e-01,1.16454e-01,6.67015e-01,3.39369e-01
6.60231e-01,1.90197e-01,8.43312e-02,4.27626e-01,2.54971e-01,1.75603e-01,1.83057e-01,1.24751e-01,4.60936e-01,6.15757e-01,8.84785e-02,4.69422e-01,3.60487e-01,3.66722e-01,1.47466e-01,5.16283e-01,1.99765e-01,1.23766e-01,6.77430e-01,3.58421e-01
6.58602e-01,1.93440e-01,8.24422e-02,4.56980e-01,2.45174e-01,1.76526e-01,1.87463e-01,1.33954e-01,4.63530e-01,6.25125e-01,8.97715e-02,5.19415e-01,3.74707e-01,3.76706e-01,1.62112e-01,5.32328e-01,2.15598e-01,1.32755e-01,6.87280e-01,3.81035e-01
6.56066e-01,1.97083e-01,8.06740e-02,4.86608e-01,2.36190e-01,1.79059e-01,1.92652e-01,1.43748e-01,4.67307e-01,6.37288e-01,9.12216e-02,5.69649e-01,3.89796e-01,3.87253e-01,1.78909e-01,5.49337e-01,2.31598e-01,1.42943e-01,6.97333e-01,4.08199e-01
6.52619e-01,2.01343e-01,7.90366e-02,5.16371e-01,2.28130e-01,1.83293e-01,1.98523e-01,1.53963e-01,4.72630e-01,6.52749e-01,9.28762e-02,6.19391e-01,4.05851e-01,3.98020e-01,1.97715e-01,5.68619e-01,2.47051e-01,1.53643e-01,7.08701e-01,4.40819e-01
6.48574e-01,2.06486e-01,7.75087e-02,5.46367e-01,2.20892e-01,1.89440e-01,2.04956e-01,1.64517e-01,4.79720e-01,6.71913e-01,9.46975e-02,6.68070e-01,4.22962e-01,4.08652e-01,2.18257e-01,5.91477e-01,2.61491e-01,1.64113e-01,7.22209e-01,4.79347e-01
6.44007e-01,2.12711e-01,7.61302e-02,5.76623e-01,2.14494e-01,1.97690e-01,2.11691e-01,1.75223e-01,4.88433e-01,6.95010e-01,9.67533e-02,7.15290e-01,4.41082e-01,4.18958e-01,2.40346e-01,6.18969e-01,2.74579e-01,1.73641e-01,7.38729e-01,5.23625e-01
6.39452e-01,2.20328e-01,7.49202e-02,6.07300e-01,2.08840e-01,2.08176e-01,2.18616e-01,1.86058e-01,4.98605e-01,7.22248e-01,9.91125e-02,7.60850e-01,4.60142e-01,4.29031e-01,2.63804e-01,6.51437e-01,2.86149e-01,1.81755e-01,7.58613e-01,5.73057e-01
6.35421e-01,2.29469e-01,7.38436e-02,6.38432e-01,2.03964e-01,2.21007e-01,2.25657e-01,1.96921e-01,5.09954e-01,7.53548e-01,1.01859e-01,8.04748e-01,4.80119e-01,4.39211e-01,2.88550e-01,6.88667e-01,2.96173e-01,1.88073e-01,7.82155e-01,6.26460e-01
6.32331e-01,2.40271e-01,7.28959e-02,6.70126e-01,1.99711e-01,2.36188e-01,2.32746e-01,2.07840e-01,5.22198e-01,7.88863e-01,1.05152e-01,8.47096e-01,5.00970e-01,4.50331e-01,3.14557e-01,7.29510e-01,3.04768e-01,1.92430e-01,8.09255e-01,6.82304e-01
6.30772e-01,2.52670e-01,7.21027e-02,7.02438e-01,1.96079e-01,2.53450e-01,2.40039e-01,2.18785e-01,5.35305e-01,8.27855e-01,1.09116e-01,8.88134e-01,5.23007e-01,4.63554e-01,3.41769e-01,7.72088e-01,3.12055e-01,1.94883e-01,8.39659e-01,7.38971e-01
6.31075e-01,2.66515e-01,7.14020e-02,7.35383e-01,1.93043e-01,2.72308e-01,2.47765e-01,2.29704e-01,5.49377e-01,8.70272e-01,1.13893e-01,9.28219e-01,5.46548e-01,4.80420e-01,3.70053e-01,8.14203e-01,3.18138e-01,1.95636e-01,8.72662e-01,7.94873e-01
6.33433e-01,2.81452e-01,7.08006e-02,7.68842e-01,1.90540e-01,2.92150e-01,2.56198e-01,2.40654e-01,5.64815e-01,9.15559e-01,1.19574e-01,9.67744e-01,5.72217e-01,5.02610e-01,3.99041e-01,8.53797e-01,3.23251e-01,1.94935e-01,9.07506e-01,8.48808e-01
6.38049e-01,2.97076e-01,7.03160e-02,8.02781e-01,1.88460e-01,3.12355e-01,2.65669e-01,2.51650e-01,5.82066e-01,9.63360e-01,1.26195e-01,1.00708e+00,6.00909e-01,5.31464e-01,4.28286e-01,8.89218e-01,3.27502e-01,1.93070e-01,9.43613e-01,8.99553e-01
6.44713e-01,3.12877e-01,6.99596e-02,8.36992e-01,1.86808e-01,3.32312e-01,2.76531e-01,2.62657e-01,6.01655e-01,1.01304e+00,1.33695e-01,1.04663e+00,6.33697e-01,5.67313e-01,4.57233e-01,9.19474e-01,3.31072e-01,1.90333e-01,9.80259e-01,9.46144e-01
6.53048e-01,3.28417e-01,6.96495e-02,8.71271e-01,1.85539e-01,3.51600e-01,2.89108e-01,2.73740e-01,6.23950e-01,1.06415e+00,1.41884e-01,1.08674e+00,6.71710e-01,6.09151e-01,4.85237e-01,9.44293e-01,3.34035e-01,1.86918e-01,1.01676e+00,9.87993e-01
6.62436e-01,3.43282e-01,6.94158e-02,9.05299e-01,1.84518e-01,3.69993e-01,3.03627e-01,2.84860e-01,6.49314e-01,1.11610e+00,1.50483e-01,1.12777e+00,7.15960e-01,6.54210e-01,5.11995e-01,9.63789e-01,3.36528e-01,1.83117e-01,1.05259e+00,1.02468e+00
6.72207e-01,3.57150e-01,6.92765e-02,9.38825e-01,1.83802e-01,3.87529e-01,3.20225e-01,2.96056e-01,6.77563e-01,1.16850e+00,1.59058e-01,1.17000e+00,7.67013e-01,6.98837e-01,5.37094e-01,9.78634e-01,3.38678e-01,1.79073e-01,1.08747e+00,1.05598e+00
6.81655e-01,3.69828e-01,6.91872e-02,9.71509e-01,1.83336e-01,4.04271e-01,3.38928e-01,3.07367e-01,7.08380e-01,1.22087e+00,1.67283e-01,1.21366e+00,8.24691e-01,7.39437e-01,5.60372e-01,9.89458e-01,3.40467e-01,1.74937e-01,1.12111e+00,1.08187e+00
6.89997e-01,3.81215e-01,6.91206e-02,1.00308e+00,1.83086e-01,4.20441e-01,3.59587e-01,3.18951e-01,7.41182e-01,1.27285e+00,1.74839e-01,1.25893e+00,8.87895e-01,7.73143e-01,5.81836e-01,9.96999e-01,3.42067e-01,1.70812e-01,1.15326e+00,1.10244e+00
6.96742e-01,3.91348e-01,6.90822e-02,1.03322e+00,1.83021e-01,4.36211e-01,3.81930e-01,3.30860e-01,7.75150e-01,1.32413e+00,1.81481e-01,1.30594e+00,9.54702e-01,7.98446e-01,6.01297e-01,1.00204e+00,3.43501e-01,1.66778e-01,1.18408e+00,1.11806e+00
7.01486e-01,4.00289e-01,6.90474e-02,1.06164e+00,1.83073e-01,4.51511e-01,4.05574e-01,3.43361e-01,8.09442e-01,1.37449e+00,1.87076e-01,1.35475e+00,1.02263e+00,8.15137e-01,6.18796e-01,1.00517e+00,3.44912e-01,1.62907e-01,1.21323e+00,1.12902e+00
7.04087e-01,4.08197e-01,6.90797e-02,1.08836e+00,1.83237e-01,4.66389e-01,4.29910e-01,3.56387e-01,8.43249e-01,1.42382e+00,1.91595e-01,1.40533e+00,1.08902e+00,8.23930e-01,6.34225e-01,1.00702e+00,3.46335e-01,1.59228e-01,1.24086e+00,1.13591e+00
7.04461e-01,4.15222e-01,6.91275e-02,1.11324e+00,1.83531e-01,4.80628e-01,4.54358e-01,3.70113e-01,8.75934e-01,1.47202e+00,1.95113e-01,1.45758e+00,1.15144e+00,8.25972e-01,6.47495e-01,1.00801e+00,3.47875e-01,1.55750e-01,1.26659e+00,1.13919e+00
7.02772e-01,4.21528e-01,6.91921e-02,1.13634e+00,1.83899e-01,4.93955e-01,4.78146e-01,3.84617e-01,9.07017e-01,1.51923e+00,1.97730e-01,1.51135e+00,1.20804e+00,8.22576e-01,6.58396e-01,1.00865e+00,3.49615e-01,1.52526e-01,1.29019e+00,1.13945e+00
6.99221e-01,4.27349e-01,6.92732e-02,1.15782e+00,1.84322e-01,5.06132e-01,5.00821e-01,3.99952e-01,9.36169e-01,1.56543e+00,1.99633e-01,1.56635e+00,1.25769e+00,8.15065e-01,6.66925e-01,1.00938e+00,3.51654e-01,1.49512e-01,1.31159e+00,1.13739e+00
6.94096e-01,4.32797e-01,6.93766e-02,1.17800e+00,1.84788e-01,5.16950e-01,5.21785e-01,4.16051e-01,9.63166e-01,1.61080e+00,2.00998e-01,1.62229e+00,1.29975e+00,8.04509e-01,6.72911e-01,1.01057e+00,3.54061e-01,1.46782e-01,1.33052e+00,1.13355e+00
6.87665e-01,4.38087e-01,6.94519e-02,1.19715e+00,1.85283e-01,5.26304e-01,5.40788e-01,4.32843e-01,9.88039e-01,1.65546e+00,2.02053e-01,1.67887e+00,1.33435e+00,7.91925e-01,6.76403e-01,1.01244e+00,3.56957e-01,1.44260e-01,1.34692e+00,1.12847e+00
6.80240e-01,4.43329e-01,6.95570e-02,1.21570e+00,1.85838e-01,5.34292e-01,5.57696e-01,4.50282e-01,1.01077e+00,1.69932e+00,2.02983e-01,1.73567e+00,1.36182e+00,7.77990e-01,6.77526e-01,1.01520e+00,3.60400e-01,1.42023e-01,1.36044e+00,1.12274e+00
6.72084e-01,4.48672e-01,6.97018e-02,1.23409e+00,1.86372e-01,5.41112e-01,5.72490e-01,4.68147e-01,1.03137e+00,1.74236e+00,2.04009e-01,1.79221e+00,1.38275e+00,7.63310e-01,6.76418e-01,1.01902e+00,3.64426e-01,1.39961e-01,1.37110e+00,1.11684e+00
6.63518e-01,4.54205e-01,6.98649e-02,1.25277e+00,1.86941e-01,5.47008e-01,5.85350e-01,4.86316e-01,1.05005e+00,1.78421e+00,2.05323e-01,1.84814e+00,1.39779e+00,7.48297e-01,6.73226e-01,1.02391e+00,3.69085e-01,1.38113e-01,1.37877e+00,1.11113e+00
6.54709e-01,4.60025e-01,7.00159e-02,1.27223e+00,1.87544e-01,5.52148e-01,5.96512e-01,5.04660e-01,1.06680e+00,1.82464e+00,2.07078e-01,1.90306e+00,1.40787e+00,7.33314e-01,6.68196e-01,1.02987e+00,3.74408e-01,1.36430e-01,1.38344e+00,1.10604e+00
6.45797e-01,4.66217e-01,7.01979e-02,1.29295e+00,1.88100e-01,5.56893e-01,6.06485e-01,5.23077e-01,1.08195e+00,1.86314e+00,2.09455e-01,1.95663e+00,1.41376e+00,7.18595e-01,6.61614e-01,1.03666e+00,3.80413e-01,1.34931e-01,1.38532e+00,1.10148e+00
6.36965e-01,4.72866e-01,7.03593e-02,1.31546e+00,1.88649e-01,5.61457e-01,6.15532e-01,5.41562e-01,1.09555e+00,1.89924e+00,2.12693e-01,2.00855e+00,1.41621e+00,7.04334e-01,6.53759e-01,1.04425e+00,3.87114e-01,1.33635e-01,1.38456e+00,1.09774e+00
6.28281e-01,4.80139e-01,7.05564e-02,1.34030e+00,1.89134e-01,5.65935e-01,6.24047e-01,5.60223e-01,1.10785e+00,1.93254e+00,2.16824e-01,2.05857e+00,1.41602e+00,6.90644e-01,6.44838e-01,1.05236e+00,3.94483e-01,1.32480e-01,1.38128e+00,1.09483e+00
6.19945e-01,4.88016e-01,7.06657e-02,1.36793e+00,1.89595e-01,5.70494e-01,6.32382e-01,5.79027e-01,1.11898e+00,1.96259e+00,2.22005e-01,2.10653e+00,1.41390e+00,6.77563e-01,6.35171e-01,1.06085e+00,4.02509e-01,1.31516e-01,1.37576e+00,1.09254e+00
6.11927e-01,4.96665e-01,7.07663e-02,1.39889e+00,1.90048e-01,5.75060e-01,6.40771e-01,5.98257e-01,1.12926e+00,1.98919e+00,2.28167e-01,2.15240e+00,1.41015e+00,6.65109e-01,6.24871e-01,1.06944e+00,4.11036e-01,1.30675e-01,1.36831e+00,1.09080e+00
6.04307e-01,5.06280e-01,7.09206e-02,1.43365e+00,1.90575e-01,5.79521e-01,6.49437e-01,6.18179e-01,1.13884e+00,2.01210e+00,2.35314e-01,2.19611e+00,1.40552e+00,6.53427e-01,6.14250e-01,1.07793e+00,4.20012e-01,1.29986e-01,1.35932e+00,1.08938e+00
5.97135e-01,5.17065e-01,7.10935e-02,1.47256e+00,1.91034e-01,5.83767e-01,6.58539e-01,6.39251e-01,1.14797e+00,2.03145e+00,2.43285e-01,2.23774e+00,1.40033e+00,6.42392e-01,6.03416e-01,1.08624e+00,4.29390e-01,1.29416e-01,1.34911e+00,1.08805e+00
5.90439e-01,5.29208e-01,7.12110e-02,1.51583e+00,1.91508e-01,5.87722e-01,6.68178e-01,6.61892e-01,1.15691e+00,2.04732e+00,2.51940e-01,2.27751e+00,1.39492e+00,6.32126e-01,5.92517e-01,1.09428e+00,4.39072e-01,1.28967e-01,1.33795e+00,1.08672e+00
5.84273e-01,5.42953e-01,7.13675e-02,1.56362e+00,1.91954e-01,5.91217e-01,6.78344e-01,6.86678e-01,1.16576e+00,2.05989e+00,2.61005e-01,2.31560e+00,1.38953e+00,6.22605e-01,5.81683e-01,1.10201e+00,4.49048e-01,1.28602e-01,1.32616e+00,1.08500e+00
5.78520e-01,5.58558e-01,7.15741e-02,1.61587e+00,1.92374e-01,5.94029e-01,6.89015e-01,7.14175e-01,1.17484e+00,2.06965e+00,2.70202e-01,2.35229e+00,1.38447e+00,6.13843e-01,5.71069e-01,1.10941e+00,4.59297e-01,1.28332e-01,1.31407e+00,1.08291e+00
5.73274e-01,5.76280e-01,7.17974e-02,1.67229e+00,1.92802e-01,5.96160e-01,7.00070e-01,7.44911e-01,1.18435e+00,2.07700e+00,2.79304e-01,2.38791e+00,1.37985e+00,6.05742e-01,5.60742e-01,1.11671e+00,4.69812e-01,1.28145e-01,1.30184e+00,1.08038e+00
5.68483e-01,5.96468e-01,7.20122e-02,1.73234e+00,1.93247e-01,5.97541e-01,7.11401e-01,7.79473e-01,1.19439e+00,2.08234e+00,2.88097e-01,2.42282e+00,1.37571e+00,5.98299e-01,5.50746e-01,1.12398e+00,4.80763e-01,1.28016e-01,1.28974e+00,1.07735e+00
5.64127e-01,6.19230e-01,7.22280e-02,1.79540e+00,1.93617e-01,5.98121e-01,7.22854e-01,8.18134e-01,1.20517e+00,2.08632e+00,2.96395e-01,2.45735e+00,1.37202e+00,5.91576e-01,5.41134e-01,1.13147e+00,4.92341e-01,1.27954e-01,1.27797e+00,1.07385e+00
5.60238e-01,6.44813e-01,7.23961e-02,1.86059e+00,1.94014e-01,5.97952e-01,7.34311e-01,8.61205e-01,1.21660e+00,2.08931e+00,3.04004e-01,2.49191e+00,1.36887e+00,5.85461e-01,5.31996e-01,1.13950e+00,5.04747e-01,1.27935e-01,1.26668e+00,1.06986e+00
5.56725e-01,6.73267e-01,7.25412e-02,1.92699e+00,1.94396e-01,5.97084e-01,7.45672e-01,9.08368e-01,1.22891e+00,2.09201e+00,3.10908e-01,2.52688e+00,1.36624e+00,5.79946e-01,5.23252e-01,1.14825e+00,5.18217e-01,1.27946e-01,1.25602e+00,1.06535e+00
5.53688e-01,7.04552e-01,7.26935e-02,1.99375e+00,1.94692e-01,5.95550e-01,7.56914e-01,9.59106e-01,1.24176e+00,2.09490e+00,3.17029e-01,2.56261e+00,1.36418e+00,5.74971e-01,5.15015e-01,1.15808e+00,5.33105e-01,1.28049e-01,1.24600e+00,1.06061e+00
5.51014e-01,7.38587e-01,7.28226e-02,2.06034e+00,1.94962e-01,5.93438e-01,7.68025e-01,1.01254e+00,1.25529e+00,2.09858e+00,3.22394e-01,2.59947e+00,1.36259e+00,5.70489e-01,5.07292e-01,1.16938e+00,5.49772e-01,1.28158e-01,1.23693e+00,1.05553e+00
5.48683e-01,7.75010e-01,7.28690e-02,2.12620e+00,1.95209e-01,5.90876e-01,7.79036e-01,1.06743e+00,1.26918e+00,2.10365e+00,3.26980e-01,2.63779e+00,1.36110e+00,5.66683e-01,5.00054e-01,1.18251e+00,5.68538e-01,1.28307e-01,1.22890e+00,1.05041e+00
5.46726e-01,8.13523e-01,7.29443e-02,2.19123e+00,1.95465e-01,5.87901e-01,7.90042e-01,1.12237e+00,1.28322e+00,2.11061e+00,3.30867e-01,2.67777e+00,1.35975e+00,5.63315e-01,4.93333e-01,1.19782e+00,5.89711e-01,1.28493e-01,1.22178e+00,1.04515e+00
5.44976e-01,8.53481e-01,7.30389e-02,2.25541e+00,1.95696e-01,5.84576e-01,8.01278e-01,1.17579e+00,1.29702e+00,2.12017e+00,3.34057e-01,2.71959e+00,1.35873e+00,5.60399e-01,4.87067e-01,1.21571e+00,6.13585e-01,1.28656e-01,1.21589e+00,1.03996e+00
5.43503e-01,8.94276e-01,7.31139e-02,2.31915e+00,1.95974e-01,5.81042e-01,8.13010e-01,1.22649e+00,1.31032e+00,2.13275e+00,3.36668e-01,2.76344e+00,1.35778e+00,5.57892e-01,4.81299e-01,1.23649e+00,6.40330e-01,1.28838e-01,1.21090e+00,1.03480e+00
5.42288e-01,9.35338e-01,7.32121e-02,2.38283e+00,1.96218e-01,5.77289e-01,8.25582e-01,1.27340e+00,1.32282e+00,2.14914e+00,3.38729e-01,2.80939e+00,1.35679e+00,5.55825e-01,4.75995e-01,1.26068e+00,6.70170e-01,1.29019e-01,1.20710e+00,1.02999e+00
5.41355e-01,9.75844e-01,7.32928e-02,2.44708e+00,1.96457e-01,5.73490e-01,8.39321e-01,1.31569e+00,1.33422e+00,2.16962e+00,3.40319e-01,2.85749e+00,1.35596e+00,5.54080e-01,4.71154e-01,1.28857e+00,7.03104e-01,1.29200e-01,1.20426e+00,1.02532e+00
5.40602e-01,1.01511e+00,7.33450e-02,2.51242e+00,1.96641e-01,5.69597e-01,8.54600e-01,1.35291e+00,1.34430e+00,2.19486e+00,3.41384e-01,2.90765e+00,1.35507e+00,5.52698e-01,4.66763e-01,1.32048e+00,7.39173e-01,1.29403e-01,1.20242e+00,1.02103e+00
5.40076e-01,1.05262e+00,7.34110e-02,2.57949e+00,1.96837e-01,5.65681e-01,8.71883e-01,1.38482e+00,1.35292e+00,2.22506e+00,3.42077e-01,2.95976e+00,1.35422e+00,5.51625e-01,4.62751e-01,1.35673e+00,7.78406e-01,1.29620e-01,1.20149e+00,1.01708e+00
5.39754e-01,1.08776e+00,7.34672e-02,2.64878e+00,1.97011e-01,5.61735e-01,8.91381e-01,1.41160e+00,1.35976e+00,2.26061e+00,3.42310e-01,3.01374e+00,1.35339e+00,5.50780e-01,4.59192e-01,1.39728e+00,8.20963e-01,1.29818e-01,1.20131e+00,1.01354e+00
5.39559e-01,1.12021e+00,7.35343e-02,2.72061e+00,1.97151e-01,5.57853e-01,9.13420e-01,1.43330e+00,1.36508e+00,2.30162e+00,3.42195e-01,3.06933e+00,1.35283e+00,5.50161e-01,4.55990e-01,1.44240e+00,8.67200e-01,1.30018e-01,1.20189e+00,1.01046e+00
5.39492e-01,1.14959e+00,7.35857e-02,2.79510e+00,1.97277e-01,5.53992e-01,9.38131e-01,1.45038e+00,1.36865e+00,2.34795e+00,3.41669e-01,3.12614e+00,1.35224e+00,5.49750e-01,4.53137e-01,1.49192e+00,9.17554e-01,1.30216e-01,1.20315e+00,1.00797e+00
5.39566e-01,1.17576e+00,7.36418e-02,2.87240e+00,1.97402e-01,5.50229e-01,9.65505e-01,1.46320e+00,1.37056e+00,2.39953e+00,3.40852e-01,3.18389e+00,1.35182e+00,5.49594e-01,4.50662e-01,1.54544e+00,9.72605e-01,1.30382e-01,1.20483e+00,1.00601e+00
5.39717e-01,1.19858e+00,7.37223e-02,2.95249e+00,1.97454e-01,5.46610e-01,9.95328e-01,1.47226e+00,1.37096e+00,2.45583e+00,3.39722e-01,3.24226e+00,1.35172e+00,5.49542e-01,4.48487e-01,1.60253e+00,1.03284e+00,1.30539e-01,1.20696e+00,1.00470e+00
5.39919e-01,1.21813e+00,7.37703e-02,3.03500e+00,1.97523e-01,5.43080e-01,1.02720e+00,1.47810e+00,1.36997e+00,2.51633e+00,3.38322e-01,3.30088e+00,1.35174e+00,5.49657e-01,4.46587e-01,1.66232e+00,1.09851e+00,1.30705e-01,1.20923e+00,1.00406e+00
5.40172e-01,1.23449e+00,7.38333e-02,3.11978e+00,1.97621e-01,5.39691e-01,1.06051e+00,1.48107e+00,1.36779e+00,2.58043e+00,3.36682e-01,3.35941e+00,1.35207e+00,5.49929e-01,4.44997e-01,1.72398e+00,1.16956e+00,1.30868e-01,1.21164e+00,1.00418e+00
5.40603e-01,1.24784e+00,7.38538e-02,3.20665e+00,1.97981e-01,5.36395e-01,1.09467e+00,1.48172e+00,1.36456e+00,2.64738e+00,3.34850e-01,3.41746e+00,1.35267e+00,5.50255e-01,4.43646e-01,1.78639e+00,1.24514e+00,1.31036e-01,1.21409e+00,1.00519e+00
5.41088e-01,1.25841e+00,7.38794e-02,3.29545e+00,1.98107e-01,5.33197e-01,1.12885e+00,1.48027e+00,1.36041e+00,2.71658e+00,3.32784e-01,3.47469e+00,1.35355e+00,5.50722e-01,4.42533e-01,1.84822e+00,1.32397e+00,1.31219e-01,1.21639e+00,1.00708e+00
5.41604e-01,1.26635e+00,7.39216e-02,3.38583e+00,1.98076e-01,5.30139e-01,1.16213e+00,1.47727e+00,1.35556e+00,2.78728e+00,3.30592e-01,3.53079e+00,1.35454e+00,5.51264e-01,4.41629e-01,1.90840e+00,1.40431e+00,1.31389e-01,1.21846e+00,1.01000e+00
5.42157e-01,1.27202e+00,7.39583e-02,3.47787e+00,1.98012e-01,5.27208e-01,1.19413e+00,1.47307e+00,1.35017e+00,2.85897e+00,3.28254e-01,3.58548e+00,1.35573e+00,5.51777e-01,4.40909e-01,1.96578e+00,1.48414e+00,1.31546e-01,1.22022e+00,1.01411e+00
5.42788e-01,1.27568e+00,7.39725e-02,3.57171e+00,1.97992e-01,5.24480e-01,1.22421e+00,1.46784e+00,1.34435e+00,2.93120e+00,3.25809e-01,3.63853e+00,1.35710e+00,5.52493e-01,4.40348e-01,2.01940e+00,1.56153e+00,1.31703e-01,1.22169e+00,1.01953e+00
5.43467e-01,1.27765e+00,7.39925e-02,3.66721e+00,1.97993e-01,5.21860e-01,1.25204e+00,1.46198e+00,1.33833e+00,3.00371e+00,3.23325e-01,3.68965e+00,1.35857e+00,5.53195e-01,4.39918e-01,2.06874e+00,1.63483e+00,1.31857e-01,1.22289e+00,1.02643e+00
5.44065e-01,1.27812e+00,7.40007e-02,3.76422e+00,1.97988e-01,5.19440e-01,1.27739e+00,1.45575e+00,1.33208e+00,3.07628e+00,3.20780e-01,3.73862e+00,1.36016e+00,5.53911e-01,4.39678e-01,2.11320e+00,1.70264e+00,1.32015e-01,1.22378e+00,1.03505e+00
5.44665e-01,1.27739e+00,7.40320e-02,3.86273e+00,1.97989e-01,5.17130e-01,1.30013e+00,1.44934e+00,1.32585e+00,3.14889e+00,3.18195e-01,3.78543e+00,1.36187e+00,5.54631e-01,4.39515e-01,2.15272e+00,1.76395e+00,1.32150e-01,1.22414e+00,1.04541e+00
5.45275e-01,1.27567e+00,7.40685e-02,3.96232e+00,1.98032e-01,5.14990e-01,1.32039e+00,1.44306e+00,1.31966e+00,3.22154e+00,3.15596e-01,3.83008e+00,1.36343e+00,5.55364e-01,4.39478e-01,2.18734e+00,1.81822e+00,1.32285e-01,1.22419e+00,1.05773e+00
5.45859e-01,1.27325e+00,7.40964e-02,4.06255e+00,1.98120e-01,5.13053e-01,1.33813e+00,1.43713e+00,1.31353e+00,3.29439e+00,3.13030e-01,3.87252e+00,1.36489e+00,5.56151e-01,4.39561e-01,2.21699e+00,1.86510e+00,1.32414e-01,1.22387e+00,1.07223e+00
5.46451e-01,1.27033e+00,7.41050e-02,4.16272e+00,1.98265e-01,5.11263e-01,1.35362e+00,1.43170e+00,1.30756e+00,3.36760e+00,3.10511e-01,3.91270e+00,1.36622e+00,5.56924e-01,4.39708e-01,2.24223e+00,1.90468e+00,1.32525e-01,1.22313e+00,1.08913e+00
5.47041e-01,1.26709e+00,7.41093e-02,4.26184e+00,1.98471e-01,5.09581e-01,1.36698e+00,1.42700e+00,1.30186e+00,3.44122e+00,3.08054e-01,3.95077e+00,1.36739e+00,5.57715e-01,4.39906e-01,2.26323e+00,1.93717e+00,1.32623e-01,1.22209e+00,1.10858e+00
5.47617e-01,1.26377e+00,7.41371e-02,4.35913e+00,1.98713e-01,5.08018e-01,1.37845e+00,1.42319e+00,1.29636e+00,3.51545e+00,3.05679e-01,3.98692e+00,1.36837e+00,5.58537e-01,4.40163e-01,2.28065e+00,1.96301e+00,1.32720e-01,1.22083e+00,1.13070e+00
5.48186e-01,1.26060e+00,7.41392e-02,4.45360e+00,1.98958e-01,5.06565e-01,1.38813e+00,1.42049e+00,1.29116e+00,3.59026e+00,3.03383e-01,4.02120e+00,1.36919e+00,5.59328e-01,4.40515e-01,2.29480e+00,1.98281e+00,1.32804e-01,1.21932e+00,1.15558e+00
5.48728e-01,1.25771e+00,7.41403e-02,4.54440e+00,1.99182e-01,5.05263e-01,1.39634e+00,1.41892e+00,1.28617e+00,3.66578e+00,3.01149e-01,4.05384e+00,1.36980e+00,5.60119e-01,4.40850e-01,2.30622e+00,1.99733e+00,1.32896e-01,1.21770e+00,1.18347e+00
5.49306e-01,1.25532e+00,7.41856e-02,4.63078e+00,1.99351e-01,5.04098e-01,1.40300e+00,1.41885e+00,1.28154e+00,3.74187e+00,2.98994e-01,4.08519e+00,1.37023e+00,5.60857e-01,4.41166e-01,2.31544e+00,2.00731e+00,1.32982e-01,1.21594e+00,1.21433e+00
5.49882e-01,1.25365e+00,7.42114e-02,4.71210e+00,1.99425e-01,5.03063e-01,1.40841e+00,1.42021e+00,1.27728e+00,3.81840e+00,2.96919e-01,4.11553e+00,1.37038e+00,5.61561e-01,4.41538e-01,2.32277e+00,2.01341e+00,1.33051e-01,1.21408e+00,1.24803e+00
5.50406e-01,1.25289e+00,7.41888e-02,4.78802e+00,1.99430e-01,5.02112e-01,1.41251e+00,1.42321e+00,1.27322e+00,3.89521e+00,2.94920e-01,4.14517e+00,1.37027e+00,5.62237e-01,4.41893e-01,2.32872e+00,2.01629e+00,1.33112e-01,1.21211e+00,1.28456e+00
5.50954e-01,1.25326e+00,7.41913e-02,4.85800e+00,1.99359e-01,5.01255e-01,1.41549e+00,1.42777e+00,1.26952e+00,3.97197e+00,2.92982e-01,4.17448e+00,1.36997e+00,5.62881e-01,4.42270e-01,2.33384e+00,2.01658e+00,1.33163e-01,1.21007e+00,1.32355e+00
5.51541e-01,1.25509e+00,7.41907e-02,4.92166e+00,1.99207e-01,5.00516e-01,1.41740e+00,1.43402e+00,1.26617e+00,4.04846e+00,2.91137e-01,4.20383e+00,1.36948e+00,5.63487e-01,4.42648e-01,2.33842e+00,2.01481e+00,1.33200e-01,1.20797e+00,1.36466e+00
5.52132e-01,1.25862e+00,7.41537e-02,4.97869e+00,1.98980e-01,4.99876e-01,1.41818e+00,1.44187e+00,1.26310e+00,4.12441e+00,2.89423e-01,4.23360e+00,1.36881e+00,5.64083e-01,4.43023e-01,2.34297e+00,2.01150e+00,1.33214e-01,1.20592e+00,1.40742e+00
5.52779e-01,1.26427e+00,7.41045e-02,5.02925e+00,1.98722e-01,4.99384e-01,1.41800e+00,1.45116e+00,1.26041e+00,4.19962e+00,2.87804e-01,4.26424e+00,1.36801e+00,5.64656e-01,4.43401e-01,2.34796e+00,2.00710e+00,1.33212e-01,1.20383e+00,1.45121e+00
5.53498e-01,1.27235e+00,7.40750e-02,5.07325e+00,1.98465e-01,4.98915e-01,1.41696e+00,1.46183e+00,1.25796e+00,4.27389e+00,2.86306e-01,4.29617e+00,1.36703e+00,5.65212e-01,4.43789e-01,2.35384e+00,2.00183e+00,1.33225e-01,1.20176e+00,1.49550e+00
5.54339e-01,1.28332e+00,7.40811e-02,5.11089e+00,1.98186e-01,4.98550e-01,1.41513e+00,1.47355e+00,1.25588e+00,4.34706e+00,2.84919e-01,4.32977e+00,1.36597e+00,5.65698e-01,4.44196e-01,2.36102e+00,1.99581e+00,1.33249e-01,1.19979e+00,1.53950e+00
5.55359e-01,1.29765e+00,7.40616e-02,5.14237e+00,1.97897e-01,4.98189e-01,1.41250e+00,1.48620e+00,1.25396e+00,4.41915e+00,2.83649e-01,4.36554e+00,1.36484e+00,5.66144e-01,4.44591e-01,2.36995e+00,1.98927e+00,1.33281e-01,1.19797e+00,1.58263e+00
5.56599e-01,1.31582e+00,7.40162e-02,5.16806e+00,1.97651e-01,4.97971e-01,1.40921e+00,1.49959e+00,1.25234e+00,4.49023e+00,2.82502e-01,4.40390e+00,1.36368e+00,5.66567e-01,4.45010e-01,2.38118e+00,1.98229e+00,1.33292e-01,1.19627e+00,1.62439e+00
5.58164e-01,1.33838e+00,7.39714e-02,5.18838e+00,1.97415e-01,4.97712e-01,1.40524e+00,1.51354e+00,1.25092e+00,4.56041e+00,2.81436e-01,4.44515e+00,1.36251e+00,5.66968e-01,4.45442e-01,2.39508e+00,1.97494e+00,1.33306e-01,1.19457e+00,1.66438e+00
5.60092e-01,1.36582e+00,7.39554e-02,5.20385e+00,1.97158e-01,4.97504e-01,1.40073e+00,1.52778e+00,1.24979e+00,4.63001e+00,2.80452e-01,4.48977e+00,1.36132e+00,5.67309e-01,4.45885e-01,2.41209e+00,1.96722e+00,1.33317e-01,1.19303e+00,1.70223e+00
5.62466e-01,1.39852e+00,7.39373e-02,5.21512e+00,1.96902e-01,4.97343e-01,1.39575e+00,1.54200e+00,1.24886e+00,4.69938e+00,2.79549e-01,4.53808e+00,1.36013e+00,5.67590e-01,4.46319e-01,2.43242e+00,1.95923e+00,1.33304e-01,1.19151e+00,1.73779e+00
5.65386e-01,1.43693e+00,7.39077e-02,5.22277e+00,1.96627e-01,4.97281e-01,1.39034e+00,1.55619e+00,1.24804e+00,4.76900e+00,2.78710e-01,4.59037e+00,1.35898e+00,5.67843e-01,4.46729e-01,2.45651e+00,1.95091e+00,1.33277e-01,1.19012e+00,1.77084e+00
5.69010e-01,1.48116e+00,7.38988e-02,5.22718e+00,1.96363e-01,4.97232e-01,1.38463e+00,1.57018e+00,1.24743e+00,4.83940e+00,2.77959e-01,4.64698e+00,1.35786e+00,5.68087e-01,4.47129e-01,2.48423e+00,1.94236e+00,1.33244e-01,1.18887e+00,1.80161e+00
5.73383e-01,1.53133e+00,7.38730e-02,5.22908e+00,1.96120e-01,4.97227e-01,1.37867e+00,1.58386e+00,1.24691e+00,4.91111e+00,2.77290e-01,4.70812e+00,1.35678e+00,5.68360e-01,4.47512e-01,2.51554e+00,1.93356e+00,1.33213e-01,1.18763e+00,1.83015e+00
5.78633e-01,1.58726e+00,7.37895e-02,5.22906e+00,1.95919e-01,4.97230e-01,1.37247e+00,1.59728e+00,1.24657e+00,4.98468e+00,2.76741e-01,4.77399e+00,1.35572e+00,5.68669e-01,4.47904e-01,2.55009e+00,1.92449e+00,1.33180e-01,1.18646e+00,1.85660e+00
5.84799e-01,1.64861e+00,7.37598e-02,5.22767e+00,1.95726e-01,4.97238e-01,1.36613e+00,1.61039e+00,1.24634e+00,5.06078e+00,2.76279e-01,4.84483e+00,1.35471e+00,5.68967e-01,4.48248e-01,2.58726e+00,1.91513e+00,1.33140e-01,1.18542e+00,1.88134e+00
5.91882e-01,1.71463e+00,7.37217e-02,5.22524e+00,1.95493e-01,4.97255e-01,1.35975e+00,1.62324e+00,1.24627e+00,5.13989e+00,2.75846e-01,4.92061e+00,1.35378e+00,5.69247e-01,4.48533e-01,2.62655e+00,1.90556e+00,1.33082e-01,1.18452e+00,1.90479e+00
5.99733e-01,1.78460e+00,7.37066e-02,5.22218e+00,1.95267e-01,4.97342e-01,1.35335e+00,1.63607e+00,1.24630e+00,5.22257e+00,2.75426e-01,5.00129e+00,1.35291e+00,5.69505e-01,4.48869e-01,2.66697e+00,1.89590e+00,1.33025e-01,1.18373e+00,1.92727e+00
6.08251e-01,1.85763e+00,7.36530e-02,5.21911e+00,1.95073e-01,4.97396e-01,1.34690e+00,1.64894e+00,1.24633e+00,5.30915e+00,2.75064e-01,5.08706e+00,1.35216e+00,5.69753e-01,4.49216e-01,2.70778e+00,1.88614e+00,1.32953e-01,1.18309e+00,1.94915e+00
6.17117e-01,1.93262e+00,7.35923e-02,5.21643e+00,1.94916e-01,4.97397e-01,1.34047e+00,1.66198e+00,1.24649e+00,5.39986e+00,2.74749e-01,5.17769e+00,1.35145e+00,5.69976e-01,4.49544e-01,2.74790e+00,1.87633e+00,1.32893e-01,1.18240e+00,1.97094e+00
6.26025e-01,2.00860e+00,7.35355e-02,5.21448e+00,1.94772e-01,4.97485e-01,1.33410e+00,1.67541e+00,1.24674e+00,5.49474e+00,2.74500e-01,5.27294e+00,1.35081e+00,5.70170e-01,4.49892e-01,2.78660e+00,1.86647e+00,1.32853e-01,1.18172e+00,1.99316e+00
6.34628e-01,2.08479e+00,7.34697e-02,5.21369e+00,1.94620e-01,4.97585e-01,1.32784e+00,1.68951e+00,1.24701e+00,5.59382e+00,2.74332e-01,5.37264e+00,1.35028e+00,5.70339e-01,4.50248e-01,2.82307e+00,1.85671e+00,1.32811e-01,1.18113e+00,2.01622e+00
6.42583e-01,2.16035e+00,7.34318e-02,5.21444e+00,1.94429e-01,4.97670e-01,1.32169e+00,1.70451e+00,1.24733e+00,5.69657e+00,2.74190e-01,5.47650e+00,1.34982e+00,5.70472e-01,4.50600e-01,2.85680e+00,1.84710e+00,1.32748e-01,1.18059e+00,2.04071e+00
6.49559e-01,2.23461e+00,7.33896e-02,5.21721e+00,1.94220e-01,4.97782e-01,1.31569e+00,1.72076e+00,1.24765e+00,5.80284e+00,2.74111e-01,5.58470e+00,1.34944e+00,5.70609e-01,4.50913e-01,2.88754e+00,1.83768e+00,1.32668e-01,1.18010e+00,2.06723e+00
6.55330e-01,2.30728e+00,7.40207e-02,5.22220e+00,1.95060e-01,4.97865e-01,1.30987e+00,1.73860e+00,1.24842e+00,5.91150e+00,2.74090e-01,5.69560e+00,1.34914e+00,5.70721e-01,4.51219e-01,2.91479e+00,1.82849e+00,1.33297e-01,1.17961e+00,2.09626e+00
6.59739e-01,2.37857e+00,7.52576e-02,5.22986e+00,1.96048e-01,4.97882e-01,1.30423e+00,1.75826e+00,1.24928e+00,6.02332e+00,2.74078e-01,5.81006e+00,1.34885e+00,5.70797e-01,4.51521e-01,2.93876e+00,1.81953e+00,1.33462e-01,1.17913e+00,2.12813e+00
6.62672e-01,2.44706e+00,7.69254e-02,5.24061e+00,1.96918e-01,4.97922e-01,1.29877e+00,1.78001e+00,1.25093e+00,6.13766e+00,2.74067e-01,5.92629e+00,1.34864e+00,5.70833e-01,4.51787e-01,2.95925e+00,1.81084e+00,1.33629e-01,1.17872e+00,2.16336e+00
6.64201e-01,2.51347e+00,7.88453e-02,5.25483e+00,1.98277e-01,4.98006e-01,1.29355e+00,1.80442e+00,1.25356e+00,6.25232e+00,2.74058e-01,6.04434e+00,1.34853e+00,5.71729e-01,4.52019e-01,2.97653e+00,1.80252e+00,1.33922e-01,1.17839e+00,2.20217e+00
6.64320e-01,2.57809e+00,8.04368e-02,5.27284e+00,1.99826e-01,4.98069e-01,1.28854e+00,1.83162e+00,1.25615e+00,6.36827e+00,2.74077e-01,6.16363e+00,1.34844e+00,5.72284e-01,4.52235e-01,2.99090e+00,1.79457e+00,1.34402e-01,1.17814e+00,2.24449e+00
6.63168e-01,2.64095e+00,8.16194e-02,5.29499e+00,2.01421e-01,4.98134e-01,1.28378e+00,1.86194e+00,1.25870e+00,6.48382e+00,2.74109e-01,6.28363e+00,1.34843e+00,5.72672e-01,4.52444e-01,3.00248e+00,1.78698e+00,1.34981e-01,1.17782e+00,2.29042e+00
6.60936e-01,2.70236e+00,8.24915e-02,5.32162e+00,2.03138e-01,4.98187e-01,1.27924e+00,1.89558e+00,1.26127e+00,6.59670e+00,2.74133e-01,6.40388e+00,1.34849e+00,5.73174e-01,4.52652e-01,3.01171e+00,1.77977e+00,1.35588e-01,1.17747e+00,2.33937e+00
6.57796e-01,2.76228e+00,8.31101e-02,5.35315e+00,2.04870e-01,4.98241e-01,1.27491e+00,1.93297e+00,1.26363e+00,6.70555e+00,2.74162e-01,6.52404e+00,1.34861e+00,5.73722e-01,4.52865e-01,3.01890e+00,1.77308e+00,1.36147e-01,1.17715e+00,2.39091e+00
6.53901e-01,2.82081e+00,8.34895e-02,5.38987e+00,2.06422e-01,4.98292e-01,1.27077e+00,1.97391e+00,1.26589e+00,6.81012e+00,2.74209e-01,6.64377e+00,1.34880e+00,5.74269e-01,4.53075e-01,3.02414e+00,1.76679e+00,1.36639e-01,1.17687e+00,2.44409e+00
6.49456e-01,2.87801e+00,8.37164e-02,5.43184e+00,2.07735e-01,4.98346e-01,1.26690e+00,2.01840e+00,1.26782e+00,6.90990e+00,2.74272e-01,6.76274e+00,1.34911e+00,5.74812e-01,4.53277e-01,3.02781e+00,1.76095e+00,1.37074e-01,1.17662e+00,2.49797e+00
6.44593e-01,2.93395e+00,8.37730e-02,5.47924e+00,2.09578e-01,4.98381e-01,1.26320e+00,2.06618e+00,1.27038e+00,7.00454e+00,2.74339e-01,6.88068e+00,1.34947e+00,5.75310e-01,4.53475e-01,3.03032e+00,1.75558e+00,1.37428e-01,1.17634e+00,2.55158e+00
6.39408e-01,2.98879e+00,8.36621e-02,5.53211e+00,2.11071e-01,4.98383e-01,1.25973e+00,2.11705e+00,1.27341e+00,7.09375e+00,2.74415e-01,6.99737e+00,1.34983e+00,5.75763e-01,4.53663e-01,3.03168e+00,1.75155e+00,1.38271e-01,1.17599e+00,2.60367e+00
6.34125e-01,3.04261e+00,8.34255e-02,5.59005e+00,2.12576e-01,4.98348e-01,1.25647e+00,2.17041e+00,1.27711e+00,7.17683e+00,2.74493e-01,7.11267e+00,1.35015e+00,5.76201e-01,4.53826e-01,3.03201e+00,1.74745e+00,1.38637e-01,1.17565e+00,2.65349e+00
6.28796e-01,3.09559e+00,8.30591e-02,5.65277e+00,2.14379e-01,4.98305e-01,1.25347e+00,2.22581e+00,1.28138e+00,7.25416e+00,2.74583e-01,7.22632e+00,1.35041e+00,5.76601e-01,4.53950e-01,3.03158e+00,1.74358e+00,1.38937e-01,1.17539e+00,2.70027e+00
6.23489e-01,3.14775e+00,8.25836e-02,5.71998e+00,2.16514e-01,4.98277e-01,1.25067e+00,2.28275e+00,1.28587e+00,7.32558e+00,2.74654e-01,7.33832e+00,1.35064e+00,5.77012e-01,4.54042e-01,3.03058e+00,1.73985e+00,1.39187e-01,1.17508e+00,2.74325e+00
6.18308e-01,3.19926e+00,8.20073e-02,5.79091e+00,2.19094e-01,4.98244e-01,1.24810e+00,2.34038e+00,1.29050e+00,7.39138e+00,2.74681e-01,7.44893e+00,1.35075e+00,5.77407e-01,4.54094e-01,3.02910e+00,1.73646e+00,1.39444e-01,1.17476e+00,2.78211e+00
6.13320e-01,3.25029e+00,8.13834e-02,5.86479e+00,2.22254e-01,4.98187e-01,1.24574e+00,2.39822e+00,1.29515e+00,7.45207e+00,2.74734e-01,7.55839e+00,1.35083e+00,5.77742e-01,4.54100e-01,3.02732e+00,1.73345e+00,1.39578e-01,1.17439e+00,2.81671e+00
6.08537e-01,3.30100e+00,8.06987e-02,5.94105e+00,2.25869e-01,4.98131e-01,1.24355e+00,2.45570e+00,1.29996e+00,7.50792e+00,2.74795e-01,7.66701e+00,1.35088e+00,5.78014e-01,4.54074e-01,3.02520e+00,1.73080e+00,1.39549e-01,1.17395e+00,2.84695e+00
6.04049e-01,3.35158e+00,8.00029e-02,6.01894e+00,2.29595e-01,4.98087e-01,1.24152e+00,2.51252e+00,1.30506e+00,7.55910e+00,2.74865e-01,7.77512e+00,1.35093e+00,5.78214e-01,4.54004e-01,3.02284e+00,1.72854e+00,1.39461e-01,1.17353e+00,2.87298e+00
5.99869e-01,3.40223e+00,7.93375e-02,6.09756e+00,2.32828e-01,4.98063e-01,1.23967e+00,2.56821e+00,1.31045e+00,7.60632e+00,2.74925e-01,7.88319e+00,1.35091e+00,5.78327e-01,4.53892e-01,3.02026e+00,1.72668e+00,1.39315e-01,1.17317e+00,2.89512e+00
5.95987e-01,3.45309e+00,7.86885e-02,6.17640e+00,2.35273e-01,4.98028e-01,1.23796e+00,2.62283e+00,1.31618e+00,7.64962e+00,2.74959e-01,7.99169e+00,1.35090e+00,5.78391e-01,4.53745e-01,3.01749e+00,1.72516e+00,1.39166e-01,1.17279e+00,2.91347e+00
5.92389e-01,3.50442e+00,7.80906e-02,6.25451e+00,2.36727e-01,4.97947e-01,1.23638e+00,2.67620e+00,1.32199e+00,7.68936e+00,2.75029e-01,8.10104e+00,1.35085e+00,5.78393e-01,4.53590e-01,3.01455e+00,1.72392e+00,1.39031e-01,1.17239e+00,2.92858e+00
5.89145e-01,3.55641e+00,7.75652e-02,6.33173e+00,2.37254e-01,4.97843e-01,1.23499e+00,2.72824e+00,1.32773e+00,7.72601e+00,2.75084e-01,8.21180e+00,1.35078e+00,5.78332e-01,4.53409e-01,3.01146e+00,1.72295e+00,1.38923e-01,1.17199e+00,2.94080e+00
5.86220e-01,3.60930e+00,7.70939e-02,6.40770e+00,2.37117e-01,4.97756e-01,1.23372e+00,2.77938e+00,1.33322e+00,7.75955e+00,2.75130e-01,8.32429e+00,1.35064e+00,5.78212e-01,4.53207e-01,3.00823e+00,1.72226e+00,1.38844e-01,1.17164e+00,2.95039e+00
5.83601e-01,3.66330e+00,7.66814e-02,6.48210e+00,2.36556e-01,4.97661e-01,1.23261e+00,2.82966e+00,1.33831e+00,7.79076e+00,2.75153e-01,8.43869e+00,1.35047e+00,5.78015e-01,4.52995e-01,3.00490e+00,1.72183e+00,1.38809e-01,1.17124e+00,2.95791e+00
5.81263e-01,3.71870e+00,7.63374e-02,6.55521e+00,2.35721e-01,4.97527e-01,1.23159e+00,2.87946e+00,1.34287e+00,7.81952e+00,2.75160e-01,8.55526e+00,1.35022e+00,5.77743e-01,4.52764e-01,3.00154e+00,1.72161e+00,1.38793e-01,1.17084e+00,2.96350e+00
5.79159e-01,3.77567e+00,7.60155e-02,6.62712e+00,2.34692e-01,4.97380e-01,1.23069e+00,2.92918e+00,1.34686e+00,7.84661e+00,2.75180e-01,8.67429e+00,1.34992e+00,5.77378e-01,4.52540e-01,2.99815e+00,1.72158e+00,1.38783e-01,1.17041e+00,2.96768e+00
5.77289e-01,3.83456e+00,7.57051e-02,6.69806e+00,2.33481e-01,4.97223e-01,1.22989e+00,2.97926e+00,1.35019e+00,7.87211e+00,2.75201e-01,8.79590e+00,1.34958e+00,5.76943e-01,4.52325e-01,2.99478e+00,1.72171e+00,1.38804e-01,1.16990e+00,2.97056e+00
5.75634e-01,3.89558e+00,7.54269e-02,6.76839e+00,2.32020e-01,4.97065e-01,1.22916e+00,3.02996e+00,1.35292e+00,7.89659e+00,2.75240e-01,8.92031e+00,1.34921e+00,5.76435e-01,4.52107e-01,2.99141e+00,1.72203e+00,1.38857e-01,1.16933e+00,2.97239e+00
5.74229e-01,3.95900e+00,7.51488e-02,6.83804e+00,2.30308e-01,4.96911e-01,1.22856e+00,3.08164e+00,1.35500e+00,7.91982e+00,2.75269e-01,9.04744e+00,1.34881e+00,5.75837e-01,4.51900e-01,2.98807e+00,1.72252e+00,1.38903e-01,1.16879e+00,2.97342e+00
5.72962e-01,4.02507e+00,7.48697e-02,6.90768e+00,2.28346e-01,4.96746e-01,1.22804e+00,3.13459e+00,1.35654e+00,7.94267e+00,2.75276e-01,9.17729e+00,1.34842e+00,5.75193e-01,4.51718e-01,2.98485e+00,1.72315e+00,1.39015e-01,1.16832e+00,2.97381e+00
5.71859e-01,4.09396e+00,7.45991e-02,6.97740e+00,2.26144e-01,4.96583e-01,1.22759e+00,3.18900e+00,1.35753e+00,7.96494e+00,2.75309e-01,9.30989e+00,1.34798e+00,5.74501e-01,4.51529e-01,2.98179e+00,1.72382e+00,1.39182e-01,1.16780e+00,2.97371e+00
5.70886e-01,4.16592e+00,7.43500e-02,7.04732e+00,2.23727e-01,4.96433e-01,1.22721e+00,3.24495e+00,1.35800e+00,7.98708e+00,2.75359e-01,9.44495e+00,1.34749e+00,5.73805e-01,4.51331e-01,2.97891e+00,1.72455e+00,1.39383e-01,1.16726e+00,2.97329e+00
5.69981e-01,4.24111e+00,7.41163e-02,7.11751e+00,2.21178e-01,4.96301e-01,1.22692e+00,3.30258e+00,1.35809e+00,8.00925e+00,2.75409e-01,9.58214e+00,1.34697e+00,5.73065e-01,4.51146e-01,2.97624e+00,1.72534e+00,1.39665e-01,1.16678e+00,2.97255e+00
5.69154e-01,4.31959e+00,7.38793e-02,7.18787e+00,2.18555e-01,4.96153e-01,1.22668e+00,3.36173e+00,1.35776e+00,8.03164e+00,2.75417e-01,9.72142e+00,1.34648e+00,5.72357e-01,4.50950e-01,2.97385e+00,1.72613e+00,1.39984e-01,1.16636e+00,2.97162e+00
5.68336e-01,4.40159e+00,7.36371e-02,7.25831e+00,2.15897e-01,4.95955e-01,1.22650e+00,3.42221e+00,1.35710e+00,8.05441e+00,2.75391e-01,9.86244e+00,1.34594e+00,5.71656e-01,4.50748e-01,2.97185e+00,1.72694e+00,1.40350e-01,1.16606e+00,2.97052e+00
5.67521e-01,4.48703e+00,7.33951e-02,7.32859e+00,2.13271e-01,4.95749e-01,1.22635e+00,3.48362e+00,1.35617e+00,8.07766e+00,2.75362e-01,1.00048e+01,1.34536e+00,5.70962e-01,4.50550e-01,2.97022e+00,1.72774e+00,1.40745e-01,1.16586e+00,2.96942e+00
5.66700e-01,4.57623e+00,7.31686e-02,7.39857e+00,2.10761e-01,4.95529e-01,1.22621e+00,3.54569e+00,1.35497e+00,8.10143e+00,2.75332e-01,1.01480e+01,1.34474e+00,5.70288e-01,4.50353e-01,2.96915e+00,1.72847e+00,1.41148e-01,1.16579e+00,2.96827e+00
5.65876e-01,4.66901e+00,7.29483e-02,7.46812e+00,2.08342e-01,4.95295e-01,1.22612e+00,3.60807e+00,1.35354e+00,8.12571e+00,2.75296e-01,1.02919e+01,1.34411e+00,5.69629e-01,4.50161e-01,2.96865e+00,1.72916e+00,1.41541e-01,1.16592e+00,2.96717e+00
5.65021e-01,4.76546e+00,7.27300e-02,7.53702e+00,2.06048e-01,4.95043e-01,1.22606e+00,3.66985e+00,1.35192e+00,8.15064e+00,2.75271e-01,1.04362e+01,1.34344e+00,5.69003e-01,4.49948e-01,2.96886e+00,1.72984e+00,1.41913e-01,1.16630e+00,2.96615e+00
5.64112e-01,4.86555e+00,7.25040e-02,7.60522e+00,2.03902e-01,4.94766e-01,1.22602e+00,3.73076e+00,1.35018e+00,8.17613e+00,2.75244e-01,1.05802e+01,1.34275e+00,5.68419e-01,4.49721e-01,2.96994e+00,1.73048e+00,1.42257e-01,1.16680e+00,2.96516e+00
5.63206e-01,4.96908e+00,7.22956e-02,7.67274e+00,2.01946e-01,4.94509e-01,1.22600e+00,3.79032e+00,1.34837e+00,8.20213e+00,2.75219e-01,1.07235e+01,1.34205e+00,5.67903e-01,4.49508e-01,2.97193e+00,1.73108e+00,1.42554e-01,1.16744e+00,2.96424e+00
5.62270e-01,5.07583e+00,7.21021e-02,7.73945e+00,2.00168e-01,4.94255e-01,1.22596e+00,3.84795e+00,1.34649e+00,8.22859e+00,2.75174e-01,1.08656e+01,1.34132e+00,5.67443e-01,4.49298e-01,2.97490e+00,1.73160e+00,1.42790e-01,1.16820e+00,2.96340e+00
5.61304e-01,5.18560e+00,7.19183e-02,7.80585e+00,1.98532e-01,4.94009e-01,1.22597e+00,3.90323e+00,1.34462e+00,8.25536e+00,2.75131e-01,1.10060e+01,1.34058e+00,5.67047e-01,4.49084e-01,2.97906e+00,1.73214e+00,1.42963e-01,1.16912e+00,2.96262e+00
5.60362e-01,5.29808e+00,7.17406e-02,7.87223e+00,1.97050e-01,4.93748e-01,1.22603e+00,3.95576e+00,1.34277e+00,8.28233e+00,2.75124e-01,1.11445e+01,1.33984e+00,5.66725e-01,4.48867e-01,2.98468e+00,1.73268e+00,1.43041e-01,1.17006e+00,2.96192e+00
5.59410e-01,5.41281e+00,7.15855e-02,7.93892e+00,1.95723e-01,4.93471e-01,1.22603e+00,4.00510e+00,1.34096e+00,8.30921e+00,2.75058e-01,1.12806e+01,1.33905e+00,5.66473e-01,4.48640e-01,2.99188e+00,1.73325e+00,1.43029e-01,1.17108e+00,2.96135e+00
5.58473e-01,5.52929e+00,7.14425e-02,8.00655e+00,1.94506e-01,4.93171e-01,1.22603e+00,4.05148e+00,1.33918e+00,8.33580e+00,2.74964e-01,1.14139e+01,1.33824e+00,5.66261e-01,4.48417e-01,3.00071e+00,1.73385e+00,1.42937e-01,1.17200e+00,2.96081e+00
5.57554e-01,5.64690e+00,7.13097e-02,8.07553e+00,1.93415e-01,4.92871e-01,1.22604e+00,4.09425e+00,1.33745e+00,8.36195e+00,2.74865e-01,1.15441e+01,1.33742e+00,5.66107e-01,4.48202e-01,3.01145e+00,1.73458e+00,1.42730e-01,1.17279e+00,2.96036e+00
5.56646e-01,5.76510e+00,7.12046e-02,8.14635e+00,1.92420e-01,4.92611e-01,1.22605e+00,4.13342e+00,1.33576e+00,8.38752e+00,2.74762e-01,1.16706e+01,1.33659e+00,5.66001e-01,4.47986e-01,3.02438e+00,1.73541e+00,1.42422e-01,1.17342e+00,2.95997e+00
5.55773e-01,5.88312e+00,7.12072e-02,8.21970e+00,1.92916e-01,4.92379e-01,1.22611e+00,4.16923e+00,1.33406e+00,8.41220e+00,2.74672e-01,1.17935e+01,1.33579e+00,5.65924e-01,4.47764e-01,3.03974e+00,1.73636e+00,1.41997e-01,1.17390e+00,2.95967e+00
5.54911e-01,6.00015e+00,8.31909e-02,8.29607e+00,2.22115e-01,4.92131e-01,1.22615e+00,4.20156e+00,1.33236e+00,8.43574e+00,2.74620e-01,1.19126e+01,1.33503e+00,5.65856e-01,4.47525e-01,3.05743e+00,1.73742e+00,1.41497e-01,1.17417e+00,2.95942e+00
5.54057e-01,6.11554e+00,1.64953e-01,8.37567e+00,7.02015e-01,4.91870e-01,1.22616e+00,4.23054e+00,1.33064e+00,8.46098e+00,2.74552e-01,1.20278e+01,1.33429e+00,5.65814e-01,4.47276e-01,3.07777e+00,1.73862e+00,1.40918e-01,1.17420e+00,2.95922e+00
5.53255e-01,6.23218e+00,3.78252e-01,8.46029e+00,4.15311e+00,4.95443e-01,1.23634e+00,4.26036e+00,1.32887e+00,8.48834e+00,2.75389e-01,1.21419e+01,1.33350e+00,5.65835e-01,4.54451e-01,3.10091e+00,1.73997e+00,1.40289e-01,1.17395e+00,2.95906e+00
5.52447e-01,6.35024e+00,6.64163e-01,8.55634e+00,1.30924e+01,5.07475e-01,1.48802e+00,4.32298e+00,1.32978e+00,8.52792e+00,2.83633e-01,1.22543e+01,1.33277e+00,5.66039e-01,4.67351e-01,3.12676e+00,1.74312e+00,1.39698e-01,1.20024e+00,2.95893e+00
5.55597e-01,6.46052e+00,9.98565e-01,8.66430e+00,2.22138e+01,5.24440e-01,3.34836e+00,4.41115e+00,1.33534e+00,8.58049e+00,2.99711e-01,1.23641e+01,1.33280e+00,5.70231e-01,4.75277e-01,3.15843e+00,1.75021e+00,1.42574e-01,1.24178e+00,2.96316e+00
5.60104e-01,6.56468e+00,1.50325e+00,8.78328e+00,3.20703e+01,5.51414e-01,4.65377e+00,4.46229e+00,1.34056e+00,8.65354e+00,3.21091e-01,1.24735e+01,1.33634e+00,5.76960e-01,4.82946e-01,3.19595e+00,1.75819e+00,1.43765e-01,1.29696e+00,2.97313e+00
5.63993e-01,6.66809e+00,2.16262e+00,8.90697e+00,4.94544e+01,5.82859e-01,5.30005e+00,4.49278e+00,1.34554e+00,8.74463e+00,3.36133e-01,1.25822e+01,1.34064e+00,5.83440e-01,4.94449e-01,3.23886e+00,1.76588e+00,1.45333e-01,1.34040e+00,2.98424e+00
5.66044e-01,6.76918e+00,2.64729e+00,9.03720e+00,7.66040e+01,6.10725e-01,5.90713e+00,4.51200e+00,1.35092e+00,8.84527e+00,3.43899e-01,1.26901e+01,1.34487e+00,5.90260e-01,5.08524e-01,3.28893e+00,1.77230e+00,1.49031e-01,1.37389e+00,3.00185e+00
5.67700e-01,6.86592e+00,2.79992e+00,9.18147e+00,8.87584e+01,6.33433e-01,6.49276e+00,4.52008e+00,1.35596e+00,8.94524e+00,3.48149e-01,1.27984e+01,1.35154e+00,5.97842e-01,5.22357e-01,3.34539e+00,1.77753e+00,1.56194e-01,1.40356e+00,3.02609e+00
5.70869e-01,6.95671e+00,2.66458e+00,9.34916e+00,8.27971e+01,6.57232e-01,6.88491e+00,4.52151e+00,1.36006e+00,9.03278e+00,3.51564e-01,1.29088e+01,1.35858e+00,6.05690e-01,5.34809e-01,3.40588e+00,1.78222e+00,1.68516e-01,1.43157e+00,3.05116e+00
5.76307e-01,7.04503e+00,2.35587e+00,9.55220e+00,6.87514e+01,6.93158e-01,6.90782e+00,4.52036e+00,1.36340e+00,9.10167e+00,3.55693e-01,1.30272e+01,1.36291e+00,6.13448e-01,5.47018e-01,3.47124e+00,1.78671e+00,1.89877e-01,1.45848e+00,3.07226e+00
5.83732e-01,7.12417e+00,1.98893e+00,9.80605e+00,5.38517e+01,7.81954e-01,6.69635e+00,4.51869e+00,1.36653e+00,9.15117e+00,3.65981e-01,1.31493e+01,1.36443e+00,6.20597e-01,5.67944e-01,3.54368e+00,1.79102e+00,5.36953e-01,1.48449e+00,3.08838e+00
5.92493e-01,7.19777e+00,1.63930e+00,1.01523e+01,4.11429e+01,9.76282e-01,6.42376e+00,4.52227e+00,1.37025e+00,9.18745e+00,4.07894e-01,1.32793e+01,1.36486e+00,6.27670e-01,5.89247e-01,3.62212e+00,1.79543e+00,1.02236e+01,1.50861e+00,3.10223e+00
6.02107e-01,7.41458e+00,1.34066e+00,1.07083e+01,3.12501e+01,1.28295e+00,6.39852e+00,4.55422e+00,1.37519e+00,9.23112e+00,5.41549e-01,1.34258e+01,1.36564e+00,6.35702e-01,6.12048e-01,3.70144e+00,1.80003e+00,2.49243e+01,1.58943e+00,3.11458e+00
6.12330e-01,7.69066e+00,1.10289e+00,1.16767e+01,2.38602e+01,1.83029e+00,7.44309e+00,4.63947e+00,1.38240e+00,9.29488e+00,1.05711e+00,1.35837e+01,1.36762e+00,6.45813e-01,6.85708e-01,3.78083e+00,1.80575e+00,2.80958e+01,1.81879e+00,3.12697e+00
6.26217e-01,8.34827e+00,9.16949e-01,1.32734e+01,1.84512e+01,2.76138e+00,9.65150e+00,4.88016e+00,1.39307e+00,9.45048e+00,3.67598e+00,1.37655e+01,1.37101e+00,6.58581e-01,9.58633e-01,3.86393e+00,1.81252e+00,2.61151e+01,2.39169e+00,3.13981e+00
6.41235e-01,9.06092e+00,7.74697e-01,1.54613e+01,1.44824e+01,3.94878e+00,1.40790e+01,5.87448e+00,1.40782e+00,9.74269e+00,1.09720e+01,1.39457e+01,1.37658e+00,6.73912e-01,1.34906e+00,3.96198e+00,1.82119e+00,2.29197e+01,5.59482e+00,3.15255e+00
6.58197e-01,9.74978e+00,6.96675e-01,1.76887e+01,1.17685e+01,5.27766e+00,2.22427e+01,7.43735e+00,1.42722e+00,1.02904e+01,1.90595e+01,1.41451e+01,1.38462e+00,6.92222e-01,1.62541e+00,4.08742e+00,1.83013e+00,1.96611e+01,2.55027e+01,3.16690e+00
6.74323e-01,1.07262e+01,6.55247e-01,1.98605e+01,1.01471e+01,6.92167e+00,3.19970e+01,8.18579e+00,1.44896e+00,1.10877e+01,2.36308e+01,1.43648e+01,1.39385e+00,7.09644e-01,1.99543e+00,4.25122e+00,1.83945e+00,1.66643e+01,6.01154e+01,3.18206e+00
6.89964e-01,1.18016e+01,6.32195e-01,2.30320e+01,8.93053e+00,9.40591e+00,3.93351e+01,8.45256e+00,1.47266e+00,1.19353e+01,2.68059e+01,1.46121e+01,1.40395e+00,7.27320e-01,2.36648e+00,4.46818e+00,1.84866e+00,1.40421e+01,8.91760e+01,3.19918e+00
7.07395e-01,1.28167e+01,5.97808e-01,2.91800e+01,8.15464e+00,1.22538e+01,4.22142e+01,8.45283e+00,1.49731e+00,1.26423e+01,3.00607e+01,1.49049e+01,1.41522e+00,7.46146e-01,2.71046e+00,4.77853e+00,1.85754e+00,1.18080e+01,9.78970e+01,3.21768e+00
7.28206e-01,1.37648e+01,5.56210e-01,3.90887e+01,7.62277e+00,1.38794e+01,4.19421e+01,8.44525e+00,1.52098e+00,1.31436e+01,3.24421e+01,1.52721e+01,1.42645e+00,7.65573e-01,3.25242e+00,5.18215e+00,1.86609e+00,9.93630e+00,8.98403e+01,3.23673e+00
7.52184e-01,1.45580e+01,5.16987e-01,5.07201e+01,7.12540e+00,1.35935e+01,3.87833e+01,8.69151e+00,1.54219e+00,1.34652e+01,3.43823e+01,1.57464e+01,1.43634e+00,7.85774e-01,4.35486e+00,5.58464e+00,1.87389e+00,8.38655e+00,7.88069e+01,3.25588e+00
7.78369e-01,1.51138e+01,4.83408e-01,6.13550e+01,6.56492e+00,1.20390e+01,3.41446e+01,1.03860e+01,1.56033e+00,1.36572e+01,3.66154e+01,1.63496e+01,1.44499e+00,8.07330e-01,7.06888e+00,5.86999e+00,1.88059e+00,7.11132e+00,7.10755e+01,3.27475e+00
8.05428e-01,1.55041e+01,4.54911e-01,7.11367e+01,5.93251e+00,1.00923e+01,2.99726e+01,1.86786e+01,1.57524e+00,1.37646e+01,3.86103e+01,1.70755e+01,1.45302e+00,8.31780e-01,1.61476e+01,5.99509e+00,1.88635e+00,6.06391e+00,6.68314e+01,3.29342e+00
8.31737e-01,1.58945e+01,4.29141e-01,8.14649e+01,5.28224e+00,8.26025e+00,2.73592e+01,3.68559e+01,1.58706e+00,1.38206e+01,3.92675e+01,1.78889e+01,1.46102e+00,8.60347e-01,3.68054e+01,6.00836e+00,1.89148e+00,5.20419e+00,6.35866e+01,3.31169e+00
8.56193e-01,1.64525e+01,4.03644e-01,9.08577e+01,4.66615e+00,6.72313e+00,2.65226e+01,5.78290e+01,1.59637e+00,1.38445e+01,3.85190e+01,1.87362e+01,1.46916e+00,8.93527e-01,6.00479e+01,5.99208e+00,1.89632e+00,4.49943e+00,5.91314e+01,3.32915e+00
8.78103e-01,1.73600e+01,3.77211e-01,9.61525e+01,4.10969e+00,5.49898e+00,2.72717e+01,7.57119e+01,1.60369e+00,1.38453e+01,3.73017e+01,1.95648e+01,1.47759e+00,9.30392e-01,7.70293e+01,6.00914e+00,1.90102e+00,3.92366e+00,5.30945e+01,3.34533e+00
8.97358e-01,1.88091e+01,3.49946e-01,9.62647e+01,3.61942e+00,4.54754e+00,3.00431e+01,9.12939e+01,1.60971e+00,1.38296e+01,3.64142e+01,2.03345e+01,1.48641e+00,9.68540e-01,8.79581e+01,6.08892e+00,1.90560e+00,3.45599e+00,4.63263e+01,3.35998e+00
9.13949e-01,2.08143e+01,3.22749e-01,9.23513e+01,3.19280e+00,3.81682e+00,3.71209e+01,1.09433e+02,1.61566e+00,1.38090e+01,3.58177e+01,2.10233e+01,1.49570e+00,1.00470e+00,9.55999e+01,6.22631e+00,1.91004e+00,3.08094e+00,3.97568e+01,3.37305e+00
9.27870e-01,2.30030e+01,2.96627e-01,8.61759e+01,2.82348e+00,3.26077e+00,5.17868e+01,1.33468e+02,1.62717e+00,1.38009e+01,3.48956e+01,2.16302e+01,1.50554e+00,1.03579e+00,1.01849e+02,6.39086e+00,1.91421e+00,2.78749e+00,3.39120e+01,3.38492e+00
9.39087e-01,2.47608e+01,2.72411e-01,7.92241e+01,2.50366e+00,2.84375e+00,7.32041e+01,1.58098e+02,1.68171e+00,1.38308e+01,3.31877e+01,2.21701e+01,1.51593e+00,1.05950e+00,1.05950e+02,6.54138e+00,1.91801e+00,2.56913e+00,2.89524e+01,3.39565e+00
9.47529e-01,2.56589e+01,2.50500e-01,7.25817e+01,2.22545e+00,2.54061e+00,9.43704e+01,1.75070e+02,1.99579e+00,1.39287e+01,3.07277e+01,2.26768e+01,1.52682e+00,1.07487e+00,1.05954e+02,6.64390e+00,1.92141e+00,2.42206e+00,2.48363e+01,3.40578e+00
9.53076e-01,2.56584e+01,2.31083e-01,6.71039e+01,1.98210e+00,2.33471e+00,1.09378e+02,1.83673e+02,3.41463e+00,1.41224e+01,2.78453e+01,2.31985e+01,1.53808e+00,1.08210e+00,1.01513e+02,6.68262e+00,1.92455e+00,2.34165e+00,2.14449e+01,3.41603e+00
9.55691e-01,2.49864e+01,2.14074e-01,6.39863e+01,1.76821e+00,2.21428e+00,1.17391e+02,1.89310e+02,7.08754e+00,1.44320e+01,2.48909e+01,2.37935e+01,1.55025e+00,1.08245e+00,9.40137e+01,6.66117e+00,1.92766e+00,2.31599e+00,1.86489e+01,3.42696e+00
9.56801e-01,2.39337e+01,1.99362e-01,6.62600e+01,1.57985e+00,2.16816e+00,1.20161e+02,1.97480e+02,1.18363e+01,1.48646e+01,2.21075e+01,2.45218e+01,1.56294e+00,1.07785e+00,8.51408e+01,6.59600e+00,1.93092e+00,2.32118e+00,1.63338e+01,3.43909e+00
9.56633e-01,2.27405e+01,1.86666e-01,8.06403e+01,1.41392e+00,2.18143e+00,1.19558e+02,2.08552e+02,1.52504e+01,1.54079e+01,1.96272e+01,2.54292e+01,1.57544e+00,1.07033e+00,7.60953e+01,6.50779e+00,1.93447e+00,2.32491e+00,1.44051e+01,3.45256e+00
9.54777e-01,2.15676e+01,1.75785e-01,1.14810e+02,1.26806e+00,2.23461e+00,1.16825e+02,2.17487e+02,1.67239e+01,1.60218e+01,1.75083e+01,2.65376e+01,1.58829e+00,1.06193e+00,6.75257e+01,6.41532e+00,1.93826e+00,2.29883e+00,1.27906e+01,3.46744e+00
9.51511e-01,2.05056e+01,1.66536e-01,1.68400e+02,1.14025e+00,2.30607e+00,1.12733e+02,2.19916e+02,1.68423e+01,1.66403e+01,1.57657e+01,2.78376e+01,1.60129e+00,1.05445e+00,5.97180e+01,6.33157e+00,1.94224e+00,2.22966e+00,1.14323e+01,3.48380e+00
9.48249e-01,1.95958e+01,1.58615e-01,2.28069e+02,1.02860e+00,2.37776e+00,1.07902e+02,2.15724e+02,1.62448e+01,1.71899e+01,1.43913e+01,2.92868e+01,1.61378e+00,1.04938e+00,5.27567e+01,6.26393e+00,1.94617e+00,2.12004e+00,1.02846e+01,3.50110e+00
9.46154e-01,1.88451e+01,1.51922e-01,2.77164e+02,9.31330e-01,2.43874e+00,1.03183e+02,2.07132e+02,1.53316e+01,1.76142e+01,1.33614e+01,3.08165e+01,1.62579e+00,1.04762e+00,4.66246e+01,6.21456e+00,1.94989e+00,1.98202e+00,9.31132e+00,3.51883e+00
9.45392e-01,1.82409e+01,1.46238e-01,3.09874e+02,8.46740e-01,2.48650e+00,1.00192e+02,1.96350e+02,1.43141e+01,1.78895e+01,1.26355e+01,3.23426e+01,1.63780e+00,1.04966e+00,4.12585e+01,6.18266e+00,1.95322e+00,1.82936e+00,8.48354e+00,3.53636e+00
9.45544e-01,1.77610e+01,1.41410e-01,3.30223e+02,7.73315e-01,2.52584e+00,1.01878e+02,1.84840e+02,1.32957e+01,1.80237e+01,1.21545e+01,3.37811e+01,1.65018e+00,1.05536e+00,3.65780e+01,6.16638e+00,1.95607e+00,1.67369e+00,7.77730e+00,3.55311e+00
9.45844e-01,1.73822e+01,1.37302e-01,3.43760e+02,7.09599e-01,2.56691e+00,1.11028e+02,1.73424e+02,1.23244e+01,1.80443e+01,1.18411e+01,3.50645e+01,1.66318e+00,1.06394e+00,3.25006e+01,6.16453e+00,1.95849e+00,1.52288e+00,7.17273e+00,3.56864e+00
9.45805e-01,1.70870e+01,1.33846e-01,3.52966e+02,6.54323e-01,2.62290e+00,1.25435e+02,1.62512e+02,1.14214e+01,1.79856e+01,1.16123e+01,3.61507e+01,1.67698e+00,1.07427e+00,2.89485e+01,6.17774e+00,1.96062e+00,1.38157e+00,6.65376e+00,3.58239e+00
9.45274e-01,1.68682e+01,1.30886e-01,3.57534e+02,6.06347e-01,2.70654e+00,1.37970e+02,1.52343e+02,1.05951e+01,1.78794e+01,1.13973e+01,3.70262e+01,1.69170e+00,1.08493e+00,2.58515e+01,6.20862e+00,1.96268e+00,1.25208e+00,6.20707e+00,3.59404e+00
9.44629e-01,1.67321e+01,1.28344e-01,3.56858e+02,5.64636e-01,2.82493e+00,1.44433e+02,1.43111e+02,9.84748e+00,1.77512e+01,1.11507e+01,3.77031e+01,1.70744e+00,1.09459e+00,2.31469e+01,6.26081e+00,1.96484e+00,1.13496e+00,5.82084e+00,3.60344e+00
9.44414e-01,1.66976e+01,1.26155e-01,3.51875e+02,5.28462e-01,2.97438e+00,1.45241e+02,1.35087e+02,9.17880e+00,1.76177e+01,1.08540e+01,3.82099e+01,1.72413e+00,1.10211e+00,2.07809e+01,6.33824e+00,1.96734e+00,1.03008e+00,5.48619e+00,3.61044e+00
9.45160e-01,1.67943e+01,1.24289e-01,3.45329e+02,4.96980e-01,3.13872e+00,1.42111e+02,1.28678e+02,8.58773e+00,1.74901e+01,1.05089e+01,3.85855e+01,1.74155e+00,1.10669e+00,1.87074e+01,6.44326e+00,1.97026e+00,9.36695e-01,5.19514e+00,3.61479e+00
9.47211e-01,1.70548e+01,1.22655e-01,3.40564e+02,4.69498e-01,3.29410e+00,1.36469e+02,1.24425e+02,8.07272e+00,1.73736e+01,1.01269e+01,3.88711e+01,1.75930e+00,1.10788e+00,1.68856e+01,6.56982e+00,1.97378e+00,8.53846e-01,4.94125e+00,3.61669e+00
9.50436e-01,1.75031e+01,1.21255e-01,3.39197e+02,4.45556e-01,3.41829e+00,1.29330e+02,1.22847e+02,7.63156e+00,1.72696e+01,9.72142e+00,3.91097e+01,1.77691e+00,1.10557e+00,1.52818e+01,6.70764e+00,1.97797e+00,7.80455e-01,4.71869e+00,3.61643e+00
9.54184e-01,1.81417e+01,1.20050e-01,3.39385e+02,4.24655e-01,3.49747e+00,1.21438e+02,1.24046e+02,7.26112e+00,1.71772e+01,9.30333e+00,3.93397e+01,1.79394e+00,1.09989e+00,1.38668e+01,6.84168e+00,1.98281e+00,7.15446e-01,4.52306e+00,3.61386e+00
9.57318e-01,1.89437e+01,1.18986e-01,3.37586e+02,4.06333e-01,3.52836e+00,1.13332e+02,1.27300e+02,6.95639e+00,1.70937e+01,8.88043e+00,3.95973e+01,1.80989e+00,1.09117e+00,1.26148e+01,6.95719e+00,1.98819e+00,6.57843e-01,4.35051e+00,3.60933e+00
9.58657e-01,1.98544e+01,1.18082e-01,3.31845e+02,3.90265e-01,3.51587e+00,1.05372e+02,1.31125e+02,6.71035e+00,1.70156e+01,8.45779e+00,3.99140e+01,1.82435e+00,1.07983e+00,1.15052e+01,7.04268e+00,1.99399e+00,6.06799e-01,4.19744e+00,3.60309e+00
9.57134e-01,2.08048e+01,1.17302e-01,3.22485e+02,3.76165e-01,3.46887e+00,9.77701e+01,1.34005e+02,6.51373e+00,1.69391e+01,8.03841e+00,4.03150e+01,1.83699e+00,1.06630e+00,1.05189e+01,7.09285e+00,1.99998e+00,5.61552e-01,4.06108e+00,3.59515e+00
9.52154e-01,2.17349e+01,1.16658e-01,3.10870e+02,3.63818e-01,3.39723e+00,9.06492e+01,1.35092e+02,6.35632e+00,1.68632e+01,7.62455e+00,4.08167e+01,1.84754e+00,1.05098e+00,9.64068e+00,7.10814e+00,2.00593e+00,5.21404e-01,3.93897e+00,3.58570e+00
9.43770e-01,2.26103e+01,1.16075e-01,2.98415e+02,3.52954e-01,3.30966e+00,8.40626e+01,1.34274e+02,6.22685e+00,1.67925e+01,7.21824e+00,4.14210e+01,1.85586e+00,1.03435e+00,8.85646e+00,7.09279e+00,2.01164e+00,4.85692e-01,3.82854e+00,3.57508e+00
9.32329e-01,2.34277e+01,1.15584e-01,2.86279e+02,3.43436e-01,3.21284e+00,7.80273e+01,1.31876e+02,6.11510e+00,1.67526e+01,6.82193e+00,4.21141e+01,1.86188e+00,1.01669e+00,8.15513e+00,7.05280e+00,2.01690e+00,4.53908e-01,3.72810e+00,3.56336e+00
9.18513e-01,2.42122e+01,1.15163e-01,2.75358e+02,3.35062e-01,3.11151e+00,7.25222e+01,1.28350e+02,6.01179e+00,1.68488e+01,6.43786e+00,4.28646e+01,1.86561e+00,9.98384e-01,7.52654e+00,6.99465e+00,2.02159e+00,4.25588e-01,3.63575e+00,3.55077e+00
9.02987e-01,2.50151e+01,1.14800e-01,2.66218e+02,3.27678e-01,3.00870e+00,6.75130e+01,1.24096e+02,5.90996e+00,1.75224e+01,6.06791e+00,4.36250e+01,1.86712e+00,9.79604e-01,6.96158e+00,6.92432e+00,2.02575e+00,4.00313e-01,3.54981e+00,3.53758e+00
8.86454e-01,2.59073e+01,1.14475e-01,2.59008e+02,3.21171e-01,2.90618e+00,6.29570e+01,1.19442e+02,5.80449e+00,2.05937e+01,5.71381e+00,4.43411e+01,1.86662e+00,9.60623e-01,6.45317e+00,6.84671e+00,2.02948e+00,3.77746e-01,3.46905e+00,3.52380e+00
8.69387e-01,2.69955e+01,1.14198e-01,2.53365e+02,3.15428e-01,2.80488e+00,5.88062e+01,1.14634e+02,5.69247e+00,3.18052e+01,5.37682e+00,4.49576e+01,1.86429e+00,9.41580e-01,5.99482e+00,6.76591e+00,2.03294e+00,3.57567e-01,3.39220e+00,3.50970e+00
8.52303e-01,2.84551e+01,1.13962e-01,2.48526e+02,3.10346e-01,2.70522e+00,5.50130e+01,1.09865e+02,5.57228e+00,5.86879e+01,5.05783e+00,4.54300e+01,1.86038e+00,9.22634e-01,5.58050e+00,6.68527e+00,2.03629e+00,3.39507e-01,3.31859e+00,3.49545e+00
8.35517e-01,3.05932e+01,1.13767e-01,2.43650e+02,3.05898e-01,2.60745e+00,5.15358e+01,1.05294e+02,5.44355e+00,9.58515e+01,4.75717e+00,4.57270e+01,1.85513e+00,9.03902e-01,5.20549e+00,6.60690e+00,2.03988e+00,3.23343e-01,3.24734e+00,3.48127e+00
8.19259e-01,3.39293e+01,1.13615e-01,2.38157e+02,3.01982e-01,2.51167e+00,4.83361e+01,1.01055e+02,5.30676e+00,1.27509e+02,4.47482e+00,4.58372e+01,1.84893e+00,8.85487e-01,4.86544e+00,6.53224e+00,2.04394e+00,3.08868e-01,3.17796e+00,3.46723e+00
8.03696e-01,3.91937e+01,1.13520e-01,2.31813e+02,2.98553e-01,2.41802e+00,4.53831e+01,9.73323e+01,5.16290e+00,1.46345e+02,4.21047e+00,4.57622e+01,1.84202e+00,8.67464e-01,4.55664e+00,6.46247e+00,2.04872e+00,2.95905e-01,3.11017e+00,3.45342e+00
7.88955e-01,4.70169e+01,1.13434e-01,2.24688e+02,2.95523e-01,2.32657e+00,4.26495e+01,9.44704e+01,5.01352e+00,1.54270e+02,3.96346e+00,4.55228e+01,1.83473e+00,8.49911e-01,4.27562e+00,6.39783e+00,2.05445e+00,2.84300e-01,3.04357e+00,3.43996e+00
7.75114e-01,5.72544e+01,1.13373e-01,2.16979e+02,2.93767e-01,2.23757e+00,4.01154e+01,9.34917e+01,4.86014e+00,1.55323e+02,3.73318e+00,4.51418e+01,1.82739e+00,8.32864e-01,4.01953e+00,6.33895e+00,2.06141e+00,2.73909e-01,2.97843e+00,3.42687e+00
7.62217e-01,6.86202e+01,1.15160e-01,2.08940e+02,2.96459e-01,2.15121e+00,3.77624e+01,9.77877e+01,4.70421e+00,1.52578e+02,3.51873e+00,4.46509e+01,1.82022e+00,8.16389e-01,3.78582e+00,6.28564e+00,2.06975e+00,2.64650e-01,2.91456e+00,3.41421e+00
7.50280e-01,7.93993e+01,1.19771e-01,2.00800e+02,3.03139e-01,2.06762e+00,3.55742e+01,1.17099e+02,4.54777e+00,1.47877e+02,3.31918e+00,4.40822e+01,1.81344e+00,8.00481e-01,3.57224e+00,6.23769e+00,2.07964e+00,2.56367e-01,2.85195e+00,3.40201e+00
7.39288e-01,8.86465e+01,1.27055e-01,1.92743e+02,3.08484e-01,1.98693e+00,3.35383e+01,1.65944e+02,4.39219e+00,1.42240e+02,3.13363e+00,4.34704e+01,1.80729e+00,7.85184e-01,3.37674e+00,6.19516e+00,2.09127e+00,2.48982e-01,2.79090e+00,3.39026e+00
7.29177e-01,9.68330e+01,1.35131e-01,1.84911e+02,3.15686e-01,1.90929e+00,3.16422e+01,2.36375e+02,4.23879e+00,1.36219e+02,2.96114e+00,4.28606e+01,1.80188e+00,7.70528e-01,3.19763e+00,6.15723e+00,2.10482e+00,2.42441e-01,2.73151e+00,3.37898e+00
7.19893e-01,1.06105e+02,1.41394e-01,1.77425e+02,3.24139e-01,1.83479e+00,2.98748e+01,2.95328e+02,4.08855e+00,1.30118e+02,2.80085e+00,4.23295e+01,1.79732e+00,7.56532e-01,3.03324e+00,6.12398e+00,2.12040e+00,2.36609e-01,2.67390e+00,3.36821e+00
7.11381e-01,1.20631e+02,1.46548e-01,1.70419e+02,3.33227e-01,1.76349e+00,2.82260e+01,3.28570e+02,3.94242e+00,1.24101e+02,2.65186e+00,4.20404e+01,1.79364e+00,7.43217e-01,2.88228e+00,6.09454e+00,2.13812e+00,2.31498e-01,2.61813e+00,3.35786e+00
7.03521e-01,1.46131e+02,1.51646e-01,1.64155e+02,3.43083e-01,1.69543e+00,2.66866e+01,3.41911e+02,3.80106e+00,1.18259e+02,2.51333e+00,4.23566e+01,1.79088e+00,7.30587e-01,2.74340e+00,6.06872e+00,2.15799e+00,2.27101e-01,2.56443e+00,3.34797e+00
6.96236e-01,1.85331e+02,1.56940e-01,1.59365e+02,3.53549e-01,1.63059e+00,2.52481e+01,3.43683e+02,3.66502e+00,1.12643e+02,2.38448e+00,4.40135e+01,1.78896e+00,7.18638e-01,2.61551e+00,6.04585e+00,2.17996e+00,2.23298e-01,2.51278e+00,3.33846e+00
6.89416e-01,2.31790e+02,1.62044e-01,1.58458e+02,3.64317e-01,1.56885e+00,2.39026e+01,3.39254e+02,3.53443e+00,1.07278e+02,2.26454e+00,4.82581e+01,1.78784e+00,7.07363e-01,2.49757e+00,6.02531e+00,2.20382e+00,2.20070e-01,2.46319e+00,3.32930e+00
6.82998e-01,2.73930e+02,1.66459e-01,1.68688e+02,3.75838e-01,1.51021e+00,2.26437e+01,3.31465e+02,3.40961e+00,1.02175e+02,2.15292e+00,5.66393e+01,1.78737e+00,6.96833e-01,2.38879e+00,6.00656e+00,2.22935e+00,2.17320e-01,2.41596e+00,3.32055e+00
6.76941e-01,3.04991e+02,1.69532e-01,2.03678e+02,3.88497e-01,1.45463e+00,2.14653e+01,3.21879e+02,3.29059e+00,9.73398e+01,2.04894e+00,7.00982e+01,1.78741e+00,6.87061e-01,2.28824e+00,5.98958e+00,2.25602e+00,2.14996e-01,2.37103e+00,3.31221e+00
6.71164e-01,3.24794e+02,1.70867e-01,2.65099e+02,4.02238e-01,1.40198e+00,2.03609e+01,3.11285e+02,3.17734e+00,9.27671e+01,1.95202e+00,8.78109e+01,1.78783e+00,6.78025e-01,2.19532e+00,5.97346e+00,2.28337e+00,2.13008e-01,2.32833e+00,3.30425e+00
6.65691e-01,3.35984e+02,1.70312e-01,3.25069e+02,4.16334e-01,1.35216e+00,1.93260e+01,3.00175e+02,3.06975e+00,8.84515e+01,1.86162e+00,1.07127e+02,1.78846e+00,6.69724e-01,2.10931e+00,5.95801e+00,2.31086e+00,2.11331e-01,2.28813e+00,3.29667e+00
6.60477e-01,3.41326e+02,1.68200e-01,3.61459e+02,4.29496e-01,1.30507e+00,1.83558e+01,2.88835e+02,2.96765e+00,8.43826e+01,1.77728e+00,1.24947e+02,1.78923e+00,6.62155e-01,2.02970e+00,5.94317e+00,2.33798e+00,2.09894e-01,2.25013e+00,3.28951e+00
6.55526e-01,3.42830e+02,1.64900e-01,3.76080e+02,4.40442e-01,1.26062e+00,1.74456e+01,2.77480e+02,2.87082e+00,8.05482e+01,1.69856e+00,1.39174e+02,1.79000e+00,6.55299e-01,1.95590e+00,5.92863e+00,2.36429e+00,2.08664e-01,2.21450e+00,3.28286e+00
6.50804e-01,3.41789e+02,1.60925e-01,3.77671e+02,4.57601e-01,1.21871e+00,1.65918e+01,2.66225e+02,2.77914e+00,7.69388e+01,1.62505e+00,1.49166e+02,1.79064e+00,6.49071e-01,1.88749e+00,5.91422e+00,2.38946e+00,2.07611e-01,2.18097e+00,3.27675e+00
6.46251e-01,3.38975e+02,1.85206e-01,3.72482e+02,4.88459e-01,1.17924e+00,1.57904e+01,2.55165e+02,2.69244e+00,7.35419e+01,1.55630e+00,1.55361e+02,1.79109e+00,6.43438e-01,1.82403e+00,5.90004e+00,2.41328e+00,2.10139e-01,2.14957e+00,3.27128e+00
6.41855e-01,3.34850e+02,2.63306e-01,3.63854e+02,5.83263e-01,1.14209e+00,1.50382e+01,2.44362e+02,2.62593e+00,7.03474e+01,1.49195e+00,1.58727e+02,1.79127e+00,6.38432e-01,1.76505e+00,5.88621e+00,2.43576e+00,2.25514e-01,2.12020e+00,3.26649e+00
6.46136e-01,3.29726e+02,4.51251e-01,3.53498e+02,9.82012e-01,1.10711e+00,1.43315e+01,2.33855e+02,2.58574e+00,6.74090e+01,1.43173e+00,1.60391e+02,1.79666e+00,6.87488e-01,1.71027e+00,5.87262e+00,2.45833e+00,2.48065e-01,2.09271e+00,3.26400e+00
6.69643e-01,3.23828e+02,7.40440e-01,3.42282e+02,1.82382e+00,1.07454e+00,1.36679e+01,2.23698e+02,2.56966e+00,6.46890e+01,1.37536e+00,1.61420e+02,1.80195e+00,7.69445e-01,1.65937e+00,5.85946e+00,2.49081e+00,2.72499e-01,2.08504e+00,3.26193e+00
6.96551e-01,3.17367e+02,1.40580e+00,3.30696e+02,4.66878e+00,1.04351e+00,1.30446e+01,2.13899e+02,2.57813e+00,6.22982e+01,1.32255e+00,1.62804e+02,1.80920e+00,8.75345e-01,1.61204e+00,5.84685e+00,2.52744e+00,3.12555e-01,2.08880e+00,3.27652e+00
7.14021e-01,3.10550e+02,2.63782e+00,3.18998e+02,1.44474e+01,1.01442e+00,1.24585e+01,2.04477e+02,2.60259e+00,6.00977e+01,1.27305e+00,1.65492e+02,1.82074e+00,1.02032e+00,1.56805e+00,5.83484e+00,2.56518e+00,3.53794e-01,2.12006e+00,3.29438e+00
7.61910e-01,3.03551e+02,3.95373e+00,3.07381e+02,2.77253e+01,9.87165e-01,1.19075e+01,1.95443e+02,2.63558e+00,5.79968e+01,1.22661e+00,1.70597e+02,1.85345e+00,1.19909e+00,1.52710e+00,5.82358e+00,2.60178e+00,3.96977e-01,2.17316e+00,3.32174e+00
8.83377e-01,2.96537e+02,4.67973e+00,2.95932e+02,3.66663e+01,9.61648e-01,1.13892e+01,1.86807e+02,2.67516e+00,5.59729e+01,1.18301e+00,1.79678e+02,2.23727e+00,1.41613e+00,1.48897e+00,5.81314e+00,2.63317e+00,4.42699e-01,2.23125e+00,3.35524e+00
1.07653e+00,2.89628e+02,4.87292e+00,2.84727e+02,3.80864e+01,9.37782e-01,1.09018e+01,1.78554e+02,2.73442e+00,5.40167e+01,1.14213e+00,1.94807e+02,3.25945e+00,1.69266e+00,1.45352e+00,5.80346e+00,2.65883e+00,4.99111e-01,2.29528e+00,3.38465e+00
1.40548e+00,2.82909e+02,5.33119e+00,2.73813e+02,3.82530e+01,9.15444e-01,1.04428e+01,1.70689e+02,2.87857e+00,5.21308e+01,1.10377e+00,2.17884e+02,5.22882e+00,2.27341e+00,1.42051e+00,5.79469e+00,2.67918e+00,8.74329e-01,2.37303e+00,3.40599e+00
2.56593e+00,2.76419e+02,6.96254e+00,2.63238e+02,4.21668e+01,8.94543e-01,1.00108e+01,1.63206e+02,3.28462e+00,5.04247e+01,1.06773e+00,2.49031e+02,1.03648e+01,4.44551e+00,1.38978e+00,5.78690e+00,2.74448e+00,1.60546e+00,2.46557e+00,3.42948e+00
6.05662e+00,2.70391e+02,9.51930e+00,2.53043e+02,4.70642e+01,9.22875e-01,9.70182e+00,1.56376e+02,4.16742e+00,4.92830e+01,1.03529e+00,2.85382e+02,1.87796e+01,1.07891e+01,1.39528e+00,5.77992e+00,2.86493e+00,2.71272e+00,2.59235e+00,3.46707e+00
1.08017e+01,2.64672e+02,1.23526e+01,2.43291e+02,5.15312e+01,9.84973e-01,9.66371e+00,1.50704e+02,5.51925e+00,4.96031e+01,1.04977e+00,3.21856e+02,3.52421e+01,2.15628e+01,1.47446e+00,5.77429e+00,2.99569e+00,3.93739e+00,2.83624e+00,3.54272e+00
2.00228e+01,2.59056e+02,1.47305e+01,2.34113e+02,5.42390e+01,1.06244e+00,1.02508e+01,1.45468e+02,7.29398e+00,5.12896e+01,1.14732e+00,3.53691e+02,1.18572e+02,3.64862e+01,1.54548e+00,5.77122e+00,3.11792e+00,5.38660e+00,3.22853e+00,3.67796e+00
4.10261e+01,2.53811e+02,1.55228e+01,2.25577e+02,5.44194e+01,1.12890e+00,1.10392e+01,1.39885e+02,9.74930e+00,5.31217e+01,1.24507e+00,3.78608e+02,2.55949e+02,5.54196e+01,1.68120e+00,5.77272e+00,3.21889e+00,9.38519e+00,3.71538e+00,3.82913e+00
7.79314e+01,2.48892e+02,1.47589e+01,2.17682e+02,5.21804e+01,1.17266e+00,1.14356e+01,1.34264e+02,1.35198e+01,5.54757e+01,1.35892e+00,3.97028e+02,3.64258e+02,7.33857e+01,1.86690e+00,5.78137e+00,3.30437e+00,1.73201e+01,4.17594e+00,3.95072e+00
1.28693e+02,2.44214e+02,1.32542e+01,2.10510e+02,4.79501e+01,1.21766e+00,1.16954e+01,1.28898e+02,1.97523e+01,5.99556e+01,1.57052e+00,4.10648e+02,4.67645e+02,8.90706e+01,2.02651e+00,5.79454e+00,3.39119e+00,2.37627e+01,4.57535e+00,4.03723e+00
1.74606e+02,2.39477e+02,1.16536e+01,2.04194e+02,4.24956e+01,1.28726e+00,1.21901e+01,1.23784e+02,2.84500e+01,6.64705e+01,1.66256e+00,4.21732e+02,5.77937e+02,1.02842e+02,2.18020e+00,5.81147e+00,3.49877e+00,2.63359e+01,4.94265e+00,4.10665e+00
2.02538e+02,2.34421e+02,1.01717e+01,1.98638e+02,3.64860e+01,1.40093e+00,1.27936e+01,1.18933e+02,3.62037e+01,7.22528e+01,1.62869e+00,4.32959e+02,6.97714e+02,1.17532e+02,2.35684e+00,5.83223e+00,3.65892e+00,2.70912e+01,5.28983e+00,4.17854e+00
2.16773e+02,2.29026e+02,8.79421e+00,1.93597e+02,3.04904e+01,1.58028e+00,1.31955e+01,1.14488e+02,4.04045e+01,7.47958e+01,1.59263e+00,4.45838e+02,8.04311e+02,1.38324e+02,2.55226e+00,5.85695e+00,3.95213e+00,2.77917e+01,5.59854e+00,4.26338e+00
2.26492e+02,2.23457e+02,7.51047e+00,1.88843e+02,2.49779e+01,1.80058e+00,1.32866e+01,1.10590e+02,4.22282e+01,7.38398e+01,1.57337e+00,4.58932e+02,8.45984e+02,1.68672e+02,2.81918e+00,5.88450e+00,4.64506e+00,2.85585e+01,5.83194e+00,4.36434e+00
2.33064e+02,2.17910e+02,6.34014e+00,1.84119e+02,2.02235e+01,1.97417e+00,1.30950e+01,1.07224e+02,4.44431e+01,7.05660e+01,1.55185e+00,4.69779e+02,8.22471e+02,2.03969e+02,3.19715e+00,5.91358e+00,6.24764e+00,2.84639e+01,5.97124e+00,4.48050e+00
2.30331e+02,2.12636e+02,5.30144e+00,1.79209e+02,1.62971e+01,2.04382e+00,1.27223e+01,1.04255e+02,4.88510e+01,6.62896e+01,1.52601e+00,4.77483e+02,7.65931e+02,2.27341e+02,3.63598e+00,5.94174e+00,8.69339e+00,2.70057e+01,6.03153e+00,4.60989e+00
2.16030e+02,2.08025e+02,4.40530e+00,1.74015e+02,1.31404e+01,2.02025e+00,1.22735e+01,1.01506e+02,5.52547e+01,6.19022e+01,1.49807e+00,4.82084e+02,7.00275e+02,2.28759e+02,4.07865e+00,5.96726e+00,1.07867e+01,2.45340e+01,6.04354e+00,4.75117e+00
1.94140e+02,2.04750e+02,3.65228e+00,1.68610e+02,1.06382e+01,1.94164e+00,1.18262e+01,9.88148e+01,6.28471e+01,5.78620e+01,1.46776e+00,4.83430e+02,6.37336e+02,2.13753e+02,4.50755e+00,5.98926e+00,1.17952e+01,2.16481e+01,6.03301e+00,4.90411e+00
1.69751e+02,2.03865e+02,3.03304e+00,1.63163e+02,8.66795e+00,1.83938e+00,1.14286e+01,9.61246e+01,7.15414e+01,5.43354e+01,1.43507e+00,4.81240e+02,5.81614e+02,1.91350e+02,4.94057e+00,6.00695e+00,1.19752e+01,1.87743e+01,6.01225e+00,5.06970e+00
1.46181e+02,2.06918e+02,2.53142e+00,1.57874e+02,7.11861e+00,1.73144e+00,1.10981e+01,9.34595e+01,8.12844e+01,5.13333e+01,1.40092e+00,4.75658e+02,5.32833e+02,1.67452e+02,5.41798e+00,6.02068e+00,1.18063e+01,1.61259e+01,5.98610e+00,5.24764e+00
1.24954e+02,2.15765e+02,2.12862e+00,1.52883e+02,5.89789e+00,1.62694e+00,1.08288e+01,9.08579e+01,9.14302e+01,4.88004e+01,1.36682e+00,4.67382e+02,4.88051e+02,1.44872e+02,5.98029e+00,6.03008e+00,1.16211e+01,1.37835e+01,5.95711e+00,5.43467e+00
1.06522e+02,2.31765e+02,1.80629e+00,1.48254e+02,4.93226e+00,1.52999e+00,1.06148e+01,8.83471e+01,1.01205e+02,4.66560e+01,1.33398e+00,4.57374e+02,4.44707e+02,1.24680e+02,6.64165e+00,6.03543e+00,1.15895e+01,1.17604e+01,5.92482e+00,5.62542e+00
9.08111e+01,2.54283e+02,1.54834e+00,1.43981e+02,4.16424e+00,1.44212e+00,1.04757e+01,8.59047e+01,1.09932e+02,4.48221e+01,1.30331e+00,4.46481e+02,4.02220e+02,1.07119e+02,7.38529e+00,6.03654e+00,1.17791e+01,1.00380e+01,5.88289e+00,5.81269e+00
7.75471e+01,2.79866e+02,1.34126e+00,1.40015e+02,3.54960e+00,1.36349e+00,1.04720e+01,8.34852e+01,1.16752e+02,4.32334e+01,1.27551e+00,4.35241e+02,3.61408e+02,9.20629e+01,8.19546e+00,6.03371e+00,1.22086e+01,8.58381e+00,5.82202e+00,5.99209e+00
6.63991e+01,3.03676e+02,1.17420e+00,1.36298e+02,3.05440e+00,1.29382e+00,1.07038e+01,8.10515e+01,1.20822e+02,4.18385e+01,1.25094e+00,4.23877e+02,3.23345e+02,7.92512e+01,9.08603e+00,6.02717e+00,1.28979e+01,7.36190e+00,5.73503e+00,6.16530e+00
5.70447e+01,3.22100e+02,1.03860e+00,1.32771e+02,2.65253e+00,1.23260e+00,1.12788e+01,7.85836e+01,1.21874e+02,4.06005e+01,1.22972e+00,4.12421e+02,2.88735e+02,6.83847e+01,1.00714e+01,6.01771e+00,1.39513e+01,6.33706e+00,5.62111e+00,6.34735e+00
4.91974e+01,3.33870e+02,9.27856e-01,1.29392e+02,2.32421e+00,1.17941e+00,1.22430e+01,7.60964e+01,1.20338e+02,3.94973e+01,1.21211e+00,4.00820e+02,2.57820e+02,5.91802e+01,1.11082e+01,6.00546e+00,1.58487e+01,5.47782e+00,5.48497e+00,6.57743e+00
4.26107e+01,3.39520e+02,8.36735e-01,1.26138e+02,2.05413e+00,1.13359e+00,1.35027e+01,7.36248e+01,1.17026e+02,3.85225e+01,1.19831e+00,3.89048e+02,2.30525e+02,5.13847e+01,1.20869e+01,5.99131e+00,2.07958e+01,4.75647e+00,5.33318e+00,6.93622e+00
3.70755e+01,3.40374e+02,7.61253e-01,1.23004e+02,1.83042e+00,1.09464e+00,1.48321e+01,7.12157e+01,1.12774e+02,3.76814e+01,1.18844e+00,3.77138e+02,2.06583e+02,4.47750e+01,1.29103e+01,5.97585e+00,3.95718e+01,4.14980e+00,5.17331e+00,7.56628e+00
3.24152e+01,3.37796e+02,7.02587e-01,1.19995e+02,1.64443e+00,1.06183e+00,1.59938e+01,6.89364e+01,1.08224e+02,3.69929e+01,1.18261e+00,3.65178e+02,1.85684e+02,3.91596e+01,1.35655e+01,5.95947e+00,1.06171e+02,3.64340e+00,5.01111e+00,8.69333e+00
2.84827e+01,3.32918e+02,6.55910e-01,1.17119e+02,1.48844e+00,1.03456e+00,1.68457e+01,6.68667e+01,1.03697e+02,3.64813e+01,1.18065e+00,3.53318e+02,1.67526e+02,3.43783e+01,1.41098e+01,5.94302e+00,2.39024e+02,3.21557e+00,4.85132e+00,1.06093e+01
2.51548e+01,3.26574e+02,6.24694e-01,1.14381e+02,1.35639e+00,1.01231e+00,1.73594e+01,6.51024e+01,9.92140e+01,3.61740e+01,1.18214e+00,3.41744e+02,1.51781e+02,3.02926e+01,1.45974e+01,5.92722e+00,3.59356e+02,2.85587e+00,4.69726e+00,1.34104e+01
2.23281e+01,3.19347e+02,6.01257e-01,1.11793e+02,1.24498e+00,9.94626e-01,1.75790e+01,6.37331e+01,9.46237e+01,3.60898e+01,1.18660e+00,3.30659e+02,1.38136e+02,2.67931e+01,1.50203e+01,5.91263e+00,4.15660e+02,2.55595e+00,4.55172e+00,1.66113e+01
1.99164e+01,3.11633e+02,5.81780e-01,1.09372e+02,1.15059e+00,9.81125e-01,1.75758e+01,6.28062e+01,8.97748e+01,3.62329e+01,1.19355e+00,3.20327e+02,1.26354e+02,2.37875e+01,1.53146e+01,5.89987e+00,4.27738e+02,2.30251e+00,4.41777e+00,2.27450e+01
1.78505e+01,3.03696e+02,5.66422e-01,1.07171e+02,1.07014e+00,9.71507e-01,1.74216e+01,6.22934e+01,8.46182e+01,3.65861e+01,1.20242e+00,3.11099e+02,1.16192e+02,2.11996e+01,1.54087e+01,5.88945e+00,4.18478e+02,2.08419e+00,4.29859e+00,3.12382e+02
1.60746e+01,2.95708e+02,5.54329e-01,1.05233e+02,1.00124e+00,9.65467e-01,1.71734e+01,6.20946e+01,7.92269e+01,3.71067e+01,1.21235e+00,3.03443e+02,1.07446e+02,1.89641e+01,1.52685e+01,5.88160e+00,3.99446e+02,1.89392e+00,4.19792e+00,7.85432e+02
1.45425e+01,2.87784e+02,5.43551e-01,1.03601e+02,9.42027e-01,9.62811e-01,1.68717e+01,6.20790e+01,7.37335e+01,3.77333e+01,1.22243e+00,2.98009e+02,9.99987e+01,1.70266e+01,1.49054e+01,5.87705e+00,3.75885e+02,1.72817e+00,4.12141e+00,8.82202e+02
1.32149e+01,2.79987e+02,5.32024e-01,1.02249e+02,8.90586e-01,9.63285e-01,1.65436e+01,6.21469e+01,6.83002e+01,3.83937e+01,1.23138e+00,2.95592e+02,9.37172e+01,1.53403e+01,1.43629e+01,5.87531e+00,3.50452e+02,1.58363e+00,4.07602e+00,8.72793e+02
1.20574e+01,2.72366e+02,5.18779e-01,1.01087e+02,8.45637e-01,9.66700e-01,1.62067e+01,6.22865e+01,6.30512e+01,3.90158e+01,1.23811e+00,2.97008e+02,8.84378e+01,1.38686e+01,1.36955e+01,5.87742e+00,3.24697e+02,1.45711e+00,4.07081e+00,8.36607e+02
1.10419e+01,2.64955e+02,5.04022e-01,9.99882e+01,8.06153e-01,9.72879e-01,1.58762e+01,6.25848e+01,5.80762e+01,3.95440e+01,1.24140e+00,3.02780e+02,8.39382e+01,1.25792e+01,1.29537e+01,5.88397e+00,2.99582e+02,1.34569e+00,4.11640e+00,7.92332e+02
1.01454e+01,2.57786e+02,4.88821e-01,9.88692e+01,7.71462e-01,9.81678e-01,1.55642e+01,6.31958e+01,5.34268e+01,3.99409e+01,1.24045e+00,3.12760e+02,7.99544e+01,1.14477e+01,1.21786e+01,5.89931e+00,2.75660e+02,1.24700e+00,4.22224e+00,7.46331e+02
9.34863e+00,2.50886e+02,4.74785e-01,9.77128e+01,7.40885e-01,9.92996e-01,1.52833e+01,6.43116e+01,4.91256e+01,4.01931e+01,1.23497e+00,3.25880e+02,7.62231e+01,1.04526e+01,1.14011e+01,5.93258e+00,2.53249e+02,1.15945e+00,4.39324e+00,7.01319e+02
8.63738e+00,2.44271e+02,4.63382e-01,9.65656e+01,7.14056e-01,1.00676e+00,1.50463e+01,6.60653e+01,4.51752e+01,4.03097e+01,1.22525e+00,3.40284e+02,7.25428e+01,9.57656e+00,1.06419e+01,5.99993e+00,2.32491e+02,1.08198e+00,4.62470e+00,6.58417e+02
7.99940e+00,2.37957e+02,4.55636e-01,9.54961e+01,6.90601e-01,1.02297e+00,1.48657e+01,6.84461e+01,4.15630e+01,4.03179e+01,1.21203e+00,3.53892e+02,6.87988e+01,8.80493e+00,9.91440e+00,6.11846e+00,2.13407e+02,1.01380e+00,4.89902e+00,6.18010e+02
7.42515e+00,2.31950e+02,4.51500e-01,9.45654e+01,6.70137e-01,1.04159e+00,1.47536e+01,7.11936e+01,3.82717e+01,4.02609e+01,1.19651e+00,3.65033e+02,6.49649e+01,8.12544e+00,9.22694e+00,6.29271e+00,1.95946e+02,9.54224e-01,5.18791e+00,5.80106e+02
6.90605e+00,2.26248e+02,4.49587e-01,9.38069e+01,6.52364e-01,1.06250e+00,1.47210e+01,7.38419e+01,3.52769e+01,4.01935e+01,1.18033e+00,3.72806e+02,6.10749e+01,7.52658e+00,8.58348e+00,6.50275e+00,1.80018e+02,9.02456e-01,5.45880e+00,5.44532e+02
6.43555e+00,2.20839e+02,4.48057e-01,9.32338e+01,6.37015e-01,1.08564e+00,1.47799e+01,7.59162e+01,3.25565e+01,4.01763e+01,1.16526e+00,3.77049e+02,5.71922e+01,6.99805e+00,7.98577e+00,6.71024e+00,1.65519e+02,8.57806e-01,5.68445e+00,5.11097e+02
6.00810e+00,2.15702e+02,4.45175e-01,9.28542e+01,6.23713e-01,1.11072e+00,1.49405e+01,7.71298e+01,3.00857e+01,4.02711e+01,1.15330e+00,3.78113e+02,5.33833e+01,6.53088e+00,7.43367e+00,6.87771e+00,1.52333e+02,8.19440e-01,5.84751e+00,4.79585e+02
5.61908e+00,2.10804e+02,4.40026e-01,9.26853e+01,6.12200e-01,1.13712e+00,1.52107e+01,7.74331e+01,2.78424e+01,4.05306e+01,1.14660e+00,3.76610e+02,4.97044e+01,6.11569e+00,6.92542e+00,6.98491e+00,1.40344e+02,7.86508e-01,5.94294e+00,4.49879e+02
5.26420e+00,2.06109e+02,4.32558e-01,9.27872e+01,6.02239e-01,1.16398e+00,1.55918e+01,7.69529e+01,2.58047e+01,4.09870e+01,1.14730e+00,3.73172e+02,4.61991e+01,5.74436e+00,6.45902e+00,7.03142e+00,1.29445e+02,7.58151e-01,5.97537e+00,4.21873e+02
4.94019e+00,2.01579e+02,4.23376e-01,9.32501e+01,5.93591e-01,1.19032e+00,1.60731e+01,7.58950e+01,2.39532e+01,4.16434e+01,1.15740e+00,3.68365e+02,4.28955e+01,5.40938e+00,6.03204e+00,7.02823e+00,1.19535e+02,7.33579e-01,5.95482e+00,3.95513e+02
4.64380e+00,1.97181e+02,4.13111e-01,9.41733e+01,5.85970e-01,1.21508e+00,1.66284e+01,7.44616e+01,2.22697e+01,4.24809e+01,1.17848e+00,3.62636e+02,3.98079e+01,5.10439e+00,5.64168e+00,6.99038e+00,1.10516e+02,7.12083e-01,5.89351e+00,3.70743e+02
4.37257e+00,1.92883e+02,4.02528e-01,9.56225e+01,5.79151e-01,1.23728e+00,1.72169e+01,7.28159e+01,2.07375e+01,4.34903e+01,1.21139e+00,3.56320e+02,3.69409e+01,4.82460e+00,5.28513e+00,6.93162e+00,1.02303e+02,6.93103e-01,5.80323e+00,3.47523e+02
4.12424e+00,1.88665e+02,3.92143e-01,9.75706e+01,5.72947e-01,1.25612e+00,1.77921e+01,7.10585e+01,1.93413e+01,4.47534e+01,1.25595e+00,3.49650e+02,3.42916e+01,4.56605e+00,4.95964e+00,6.86271e+00,9.48185e+01,6.76183e-01,5.69404e+00,3.25806e+02
3.89686e+00,1.84513e+02,3.82375e-01,9.98500e+01,5.67230e-01,1.27102e+00,1.83103e+01,6.92455e+01,1.80685e+01,4.65895e+01,1.31082e+00,3.42788e+02,3.18523e+01,4.32614e+00,4.66266e+00,6.79158e+00,8.79907e+01,6.60995e-01,5.57365e+00,3.05544e+02
3.68863e+00,1.80422e+02,3.73359e-01,1.02178e+02,5.61846e-01,1.28178e+00,1.87382e+01,6.74103e+01,1.69058e+01,4.97194e+01,1.37350e+00,3.35866e+02,2.96119e+01,4.10297e+00,4.39172e+00,6.72407e+00,8.17569e+01,6.47307e-01,5.44789e+00,2.86660e+02
3.49805e+00,1.76391e+02,3.65292e-01,1.04243e+02,5.56774e-01,1.28840e+00,1.90517e+01,6.55858e+01,1.58435e+01,5.52041e+01,1.44070e+00,3.28961e+02,2.75575e+01,3.89559e+00,4.14460e+00,6.66442e+00,7.60596e+01,6.34914e-01,5.32019e+00,2.69103e+02
3.32363e+00,1.72430e+02,3.58072e-01,1.05805e+02,5.51986e-01,1.29111e+00,1.92363e+01,6.38278e+01,1.48713e+01,6.38229e+01,1.50879e+00,3.22137e+02,2.56757e+01,3.70279e+00,3.91915e+00,6.61588e+00,7.08478e+01,6.23707e-01,5.19257e+00,2.52796e+02
3.16409e+00,1.68542e+02,3.51792e-01,1.06759e+02,5.47434e-01,1.29028e+00,1.92858e+01,6.22220e+01,1.39802e+01,7.51823e+01,1.57424e+00,3.15450e+02,2.39543e+01,3.52420e+00,3.71347e+00,6.58109e+00,6.60769e+01,6.13474e-01,5.06608e+00,2.37650e+02
3.01805e+00,1.64739e+02,3.46287e-01,1.07118e+02,5.43189e-01,1.28632e+00,1.92013e+01,6.09024e+01,1.31633e+01,8.76758e+01,1.63410e+00,3.08948e+02,2.23786e+01,3.35908e+00,3.52572e+00,6.57696e+00,6.17019e+01,6.04061e-01,4.94101e+00,2.23607e+02
2.88446e+00,1.61029e+02,3.41593e-01,1.06976e+02,5.39249e-01,1.27969e+00,1.89915e+01,6.00527e+01,1.24132e+01,9.97139e+01,1.68598e+00,3.02676e+02,2.09374e+01,3.20701e+00,3.35436e+00,5.48296e+01,5.76877e+01,5.95367e-01,4.81705e+00,2.10590e+02
2.76219e+00,1.57418e+02,3.37594e-01,1.06447e+02,5.35591e-01,1.27081e+00,1.86711e+01,5.99164e+01,1.17240e+01,1.10926e+02,1.72828e+00,2.96671e+02,1.96185e+01,3.06719e+00,3.19787e+00,5.67088e+02,5.40010e+01,5.87309e-01,4.69434e+00,1.98520e+02
2.65034e+00,1.53911e+02,3.34186e-01,1.05627e+02,5.32208e-01,1.26009e+00,1.82581e+01,6.07629e+01,1.10899e+01,1.22119e+02,1.76019e+00,2.90972e+02,1.84114e+01,2.93912e+00,3.05502e+00,6.93504e+02,5.06103e+01,5.79744e-01,4.57294e+00,1.87343e+02
2.54799e+00,1.50513e+02,3.31364e-01,1.04588e+02,5.29139e-01,1.24788e+00,1.77728e+01,6.27993e+01,1.05062e+01,1.34216e+02,1.78140e+00,2.85614e+02,1.73054e+01,2.82205e+00,2.92451e+00,6.86306e+02,4.74887e+01,5.72633e-01,4.45270e+00,1.76985e+02
2.45441e+00,1.47224e+02,3.29005e-01,1.03372e+02,5.26407e-01,1.23445e+00,1.72349e+01,6.60202e+01,9.96877e+00,1.47200e+02,1.79214e+00,2.80657e+02,1.62921e+01,2.71522e+00,2.80532e+00,6.59491e+02,4.46131e+01,5.65985e-01,4.33430e+00,1.67398e+02
2.36871e+00,1.44044e+02,3.26997e-01,1.02016e+02,5.23949e-01,1.22012e+00,1.66622e+01,7.00850e+01,9.47322e+00,1.59923e+02,1.79300e+00,2.76182e+02,1.53629e+01,2.61780e+00,2.69635e+00,6.30191e+02,4.19600e+01,5.59728e-01,4.21778e+00,1.58518e+02
2.29040e+00,1.40975e+02,3.25359e-01,1.00547e+02,5.21751e-01,1.20507e+00,1.60698e+01,7.43754e+01,9.01631e+00,1.70836e+02,1.78489e+00,2.72341e+02,1.45101e+01,2.52910e+00,2.59685e+00,6.01412e+02,3.95103e+01,5.53905e-01,4.10359e+00,1.50299e+02
2.21879e+00,1.38015e+02,3.24055e-01,9.90163e+01,5.19787e-01,1.18952e+00,1.54703e+01,7.82169e+01,8.59473e+00,1.78854e+02,1.76890e+00,2.69336e+02,1.37269e+01,2.44837e+00,2.50581e+00,5.73737e+02,3.72464e+01,5.48506e-01,3.99267e+00,1.42697e+02
2.15328e+00,1.35164e+02,3.23012e-01,9.74941e+01,5.18013e-01,1.17354e+00,1.48741e+01,8.11643e+01,8.20577e+00,1.83687e+02,1.74626e+00,2.67415e+02,1.30071e+01,2.37490e+00,2.42268e+00,5.47284e+02,3.51516e+01,5.43615e-01,3.88513e+00,1.35665e+02
2.09342e+00,1.32422e+02,3.22186e-01,9.60854e+01,5.16429e-01,1.15728e+00,1.42881e+01,8.31001e+01,7.84693e+00,1.85646e+02,1.71811e+00,2.66841e+02,1.23448e+01,2.30806e+00,2.34666e+00,5.22049e+02,3.32116e+01,5.39098e-01,3.78141e+00,1.29162e+02
2.03874e+00,1.29790e+02,3.21552e-01,9.49379e+01,5.15041e-01,1.14087e+00,1.37179e+01,8.42382e+01,7.51565e+00,1.85309e+02,1.68560e+00,2.67809e+02,1.17349e+01,2.24724e+00,2.27721e+00,4.97986e+02,3.14138e+01,5.35069e-01,3.68195e+00,1.23154e+02
1.98875e+00,1.27271e+02,3.21083e-01,9.42424e+01,5.13815e-01,1.12427e+00,1.31678e+01,8.51188e+01,7.20982e+00,1.83278e+02,1.64981e+00,2.70407e+02,1.11727e+01,2.19180e+00,2.21371e+00,4.75044e+02,2.97460e+01,5.31496e-01,3.58703e+00,1.17605e+02
1.94311e+00,1.24864e+02,3.20736e-01,9.42104e+01,5.12723e-01,1.10765e+00,1.26406e+01,8.66960e+01,6.92757e+00,1.80067e+02,1.61169e+00,2.74617e+02,1.06540e+01,2.14135e+00,2.15573e+00,4.53177e+02,2.81974e+01,5.28299e-01,3.49678e+00,1.12477e+02
1.90144e+00,1.22573e+02,3.20503e-01,9.50259e+01,5.11751e-01,1.09101e+00,1.21387e+01,9.04792e+01,6.66706e+00,1.76129e+02,1.57199e+00,2.80316e+02,1.01747e+01,2.09537e+00,2.10279e+00,4.32337e+02,2.67585e+01,5.25528e-01,3.41128e+00,1.07735e+02
1.86340e+00,1.20400e+02,3.20362e-01,9.67580e+01,5.10890e-01,1.07444e+00,1.16637e+01,9.83221e+01,6.42657e+00,1.72064e+02,1.53137e+00,2.87295e+02,9.73159e+00,2.05351e+00,2.05444e+00,4.12486e+02,2.54204e+01,5.23100e-01,3.33050e+00,1.03342e+02
1.82866e+00,1.18343e+02,3.20311e-01,9.92622e+01,5.10111e-01,1.05796e+00,1.12160e+01,1.11174e+02,6.20458e+00,1.69318e+02,1.49052e+00,2.95227e+02,9.32124e+00,2.01527e+00,2.01034e+00,3.93571e+02,2.41743e+01,5.21002e-01,3.25435e+00,9.92602e+01
1.79697e+00,1.16406e+02,3.20333e-01,1.02176e+02,5.09415e-01,1.04161e+00,1.07969e+01,1.27242e+02,5.99985e+00,1.71986e+02,1.44975e+00,3.03668e+02,8.94111e+00,1.98047e+00,1.97012e+00,3.75580e+02,2.30137e+01,5.19201e-01,3.18257e+00,9.54542e+01
1.76819e+00,1.14581e+02,3.20394e-01,1.05023e+02,5.08759e-01,1.02542e+00,1.04058e+01,1.42352e+02,5.81084e+00,1.89142e+02,1.40945e+00,3.12043e+02,8.58848e+00,1.94866e+00,1.93348e+00,3.58465e+02,2.19315e+01,5.17686e-01,3.11531e+00,9.18865e+01
1.74193e+00,1.12869e+02,3.20475e-01,1.07421e+02,5.08128e-01,1.00950e+00,1.00426e+01,1.53082e+02,5.63654e+00,2.30920e+02,1.36995e+00,3.19728e+02,8.26101e+00,1.91965e+00,1.90006e+00,3.42191e+02,2.09213e+01,5.16350e-01,3.05216e+00,8.85209e+01
1.71808e+00,1.11266e+02,3.20567e-01,1.09250e+02,5.07519e-01,9.93892e-01,9.70669e+00,1.58568e+02,5.47583e+00,2.91726e+02,1.33139e+00,3.26144e+02,7.95680e+00,1.89324e+00,1.86964e+00,3.26731e+02,1.99768e+01,5.15246e-01,2.99281e+00,8.53258e+01
1.69644e+00,1.09767e+02,3.20704e-01,1.10756e+02,5.06972e-01,9.78579e-01,9.39657e+00,1.59732e+02,5.32775e+00,3.47484e+02,1.29393e+00,3.30862e+02,7.67361e+00,1.86919e+00,1.84190e+00,3.12055e+02,1.90932e+01,5.14274e-01,2.93725e+00,8.22721e+01
1.67685e+00,1.08369e+02,3.20880e-01,1.12628e+02,5.06441e-01,9.63680e-01,9.11089e+00,1.57953e+02,5.19139e+00,3.81427e+02,1.25771e+00,3.33663e+02,7.40998e+00,1.84732e+00,1.81664e+00,2.98122e+02,1.82658e+01,5.13485e-01,2.88507e+00,7.93360e+01
1.65912e+00,1.07071e+02,3.21054e-01,1.16011e+02,5.05910e-01,9.49165e-01,8.84750e+00,1.54393e+02,5.06580e+00,3.94077e+02,1.22281e+00,3.34549e+02,7.16437e+00,1.82749e+00,1.79368e+00,2.84906e+02,1.74900e+01,5.12811e-01,2.83613e+00,7.65012e+01
1.64312e+00,1.05871e+02,3.21224e-01,1.22336e+02,5.05419e-01,9.35062e-01,8.60406e+00,1.49845e+02,4.95018e+00,3.92844e+02,1.18930e+00,3.33741e+02,6.93548e+00,1.80955e+00,1.77279e+00,2.72374e+02,1.67613e+01,5.12256e-01,2.79015e+00,7.37502e+01
1.62866e+00,1.04774e+02,3.21400e-01,1.32523e+02,5.04952e-01,9.21451e-01,8.37835e+00,1.44812e+02,4.84395e+00,3.84193e+02,1.15719e+00,3.31706e+02,6.72205e+00,1.79338e+00,1.75383e+00,2.60492e+02,1.60764e+01,5.11801e-01,2.74702e+00,7.10777e+01
1.61564e+00,1.03785e+02,3.21577e-01,1.45666e+02,5.04504e-01,9.08287e-01,8.16752e+00,1.39593e+02,4.74612e+00,3.72070e+02,1.12645e+00,3.29295e+02,6.52303e+00,1.77880e+00,1.73660e+00,2.49227e+02,1.54315e+01,5.11435e-01,2.70627e+00,6.84744e+01
1.60388e+00,1.02913e+02,3.21742e-01,1.58891e+02,5.04048e-01,8.95652e-01,7.96933e+00,1.34371e+02,4.65631e+00,3.58560e+02,1.09711e+00,3.27934e+02,6.33742e+00,1.76572e+00,1.72099e+00,2.38553e+02,1.48241e+01,5.11121e-01,2.66799e+00,6.59427e+01
1.59332e+00,1.02177e+02,3.21925e-01,1.69204e+02,5.03576e-01,8.83494e-01,7.78180e+00,1.29231e+02,4.57392e+00,3.44699e+02,1.06919e+00,3.29790e+02,6.16448e+00,1.75412e+00,1.70681e+00,2.28440e+02,1.42506e+01,5.10882e-01,2.63176e+00,6.34799e+01
1.58384e+00,1.01589e+02,3.22091e-01,1.75252e+02,5.03102e-01,8.71898e-01,7.60252e+00,1.24235e+02,4.49828e+00,3.30986e+02,1.04258e+00,3.37511e+02,6.00320e+00,1.74371e+00,1.69399e+00,2.18853e+02,1.37092e+01,5.10653e-01,2.59772e+00,6.10858e+01
1.57537e+00,1.01171e+02,3.22223e-01,1.77334e+02,5.02616e-01,8.60836e-01,7.43033e+00,1.19412e+02,4.42882e+00,3.17646e+02,1.01731e+00,3.53214e+02,5.85290e+00,1.73447e+00,1.68233e+00,2.09774e+02,1.31972e+01,5.10449e-01,2.56552e+00,5.87652e+01
1.56776e+00,1.00942e+02,3.22360e-01,1.76464e+02,5.02126e-01,8.50239e-01,7.26380e+00,1.14778e+02,4.36517e+00,3.04787e+02,9.93284e-01,3.76918e+02,5.71316e+00,1.72632e+00,1.67175e+00,2.01167e+02,1.27126e+01,5.10266e-01,2.53514e+00,5.65167e+01
1.56098e+00,1.00921e+02,3.22481e-01,1.73659e+02,5.01641e-01,8.40183e-01,7.10207e+00,1.10339e+02,4.30682e+00,2.92453e+02,9.70448e-01,4.05624e+02,5.58302e+00,1.71922e+00,1.66216e+00,1.93014e+02,1.22537e+01,5.10105e-01,2.50637e+00,5.43459e+01
1.55494e+00,1.01117e+02,3.22571e-01,1.69704e+02,5.01134e-01,8.30667e-01,6.94464e+00,1.06094e+02,4.25335e+00,2.80649e+02,9.48862e-01,4.34248e+02,5.46212e+00,1.71303e+00,1.65340e+00,1.85292e+02,1.18189e+01,5.09957e-01,2.47918e+00,5.22497e+01
1.54957e+00,1.01529e+02,3.22661e-01,1.65122e+02,5.00618e-01,8.21612e-01,6.79108e+00,1.02043e+02,4.20433e+00,2.69374e+02,9.28391e-01,4.57952e+02,5.34992e+00,1.70768e+00,1.64546e+00,1.77971e+02,1.14065e+01,5.09804e-01,2.45346e+00,5.02329e+01
1.54476e+00,1.02142e+02,3.22755e-01,1.60244e+02,5.00099e-01,8.13077e-01,6.64130e+00,9.81796e+01,4.15935e+00,2.58617e+02,9.09074e-01,4.73971e+02,5.24596e+00,1.70312e+00,1.63827e+00,1.71037e+02,1.10153e+01,5.09664e-01,2.42929e+00,4.82931e+01
1.54044e+00,1.02924e+02,3.22829e-01,1.55296e+02,4.99583e-01,8.05010e-01,6.49515e+00,9.44956e+01,4.11802e+00,2.48354e+02,8.90791e-01,4.81892e+02,5.14952e+00,1.69923e+00,1.63169e+00,1.64465e+02,1.06441e+01,5.09526e-01,2.40624e+00,4.64294e+01
1.53660e+00,1.03822e+02,3.22880e-01,1.50852e+02,4.99057e-01,7.97410e-01,6.35283e+00,9.09862e+01,4.08003e+00,2.38567e+02,8.73532e-01,4.82836e+02,5.06023e+00,1.69591e+00,1.62572e+00,1.58239e+02,1.02918e+01,5.09384e-01,2.38458e+00,4.46438e+01
1.53316e+00,1.04776e+02,3.22929e-01,1.53540e+02,4.98500e-01,7.90241e-01,6.21449e+00,8.76430e+01,4.04493e+00,2.29241e+02,8.57249e-01,4.78523e+02,4.97767e+00,1.69308e+00,1.62028e+00,1.52338e+02,9.95738e+00,5.09222e-01,2.36406e+00,4.29339e+01
1.53005e+00,1.05718e+02,3.22977e-01,1.99680e+02,4.97922e-01,7.83578e-01,6.08016e+00,8.44611e+01,4.01266e+00,2.20350e+02,8.41908e-01,4.70627e+02,4.90141e+00,1.69070e+00,1.61533e+00,1.46750e+02,9.63991e+00,5.09047e-01,2.34466e+00,4.12962e+01
1.52731e+00,1.06581e+02,3.22991e-01,3.30465e+02,4.97349e-01,7.77261e-01,5.94996e+00,8.14281e+01,3.98270e+00,2.11873e+02,8.27496e-01,4.60496e+02,4.83088e+00,1.68876e+00,1.61081e+00,1.41454e+02,9.33859e+00,5.08837e-01,2.32631e+00,3.97320e+01
1.52482e+00,1.07309e+02,3.22995e-01,4.73838e+02,4.96761e-01,7.71389e-01,5.82410e+00,7.85428e+01,3.95480e+00,2.03790e+02,8.13862e-01,4.49113e+02,4.76576e+00,1.68721e+00,1.60669e+00,1.36438e+02,9.05239e+00,5.08602e-01,2.30900e+00,3.82360e+01
1.52262e+00,1.07859e+02,3.22991e-01,5.55681e+02,4.96180e-01,7.65939e-01,5.70265e+00,7.57942e+01,3.92889e+00,1.96087e+02,8.01051e-01,4.37143e+02,4.70560e+00,1.68595e+00,1.60290e+00,1.31685e+02,8.78069e+00,5.08367e-01,2.29273e+00,3.68083e+01
1.52066e+00,1.08203e+02,3.22960e-01,5.84798e+02,4.95574e-01,7.60804e-01,5.58566e+00,7.31763e+01,3.90462e+00,1.88744e+02,7.88987e-01,4.25027e+02,4.65007e+00,1.68493e+00,1.59944e+00,1.27183e+02,8.52284e+00,5.08111e-01,2.27726e+00,3.54461e+01
1.51892e+00,1.08331e+02,3.22909e-01,5.86290e+02,4.94948e-01,7.56062e-01,5.47312e+00,7.06823e+01,3.88166e+00,1.81742e+02,7.77672e-01,4.13033e+02,4.59869e+00,1.68414e+00,1.59628e+00,1.22915e+02,8.27818e+00,5.07845e-01,2.26277e+00,3.41458e+01
1.51735e+00,1.08249e+02,3.22865e-01,5.75541e+02,4.94319e-01,7.51635e-01,5.36517e+00,6.83056e+01,3.86016e+00,1.75064e+02,7.67032e-01,4.01327e+02,4.55114e+00,1.68357e+00,1.59338e+00,1.18871e+02,8.04606e+00,5.07550e-01,2.24907e+00,3.29056e+01
1.51588e+00,1.07979e+02,3.22819e-01,5.59933e+02,4.93679e-01,7.47482e-01,5.26159e+00,6.60371e+01,3.83967e+00,1.68692e+02,7.57054e-01,3.89995e+02,4.50712e+00,1.68314e+00,1.59068e+00,1.15034e+02,7.82570e+00,5.07241e-01,2.23610e+00,3.17223e+01
1.51455e+00,1.07549e+02,3.22759e-01,5.42680e+02,4.93030e-01,7.43722e-01,5.16251e+00,6.38791e+01,3.82035e+00,1.62614e+02,7.47689e-01,3.79100e+02,4.46621e+00,1.68287e+00,1.58818e+00,1.11393e+02,7.61697e+00,5.06917e-01,2.22402e+00,3.05943e+01
1.51332e+00,1.06999e+02,3.22676e-01,5.25174e+02,4.92365e-01,7.40163e-01,5.06789e+00,6.18209e+01,3.80194e+00,1.56813e+02,7.38920e-01,3.68680e+02,4.42839e+00,1.68269e+00,1.58586e+00,1.07933e+02,7.41893e+00,5.06572e-01,2.21260e+00,2.95186e+01
1.51221e+00,1.06379e+02,3.22567e-01,5.07959e+02,4.91671e-01,7.36894e-01,4.97753e+00,5.98583e+01,3.78438e+00,1.51277e+02,7.30755e-01,3.58740e+02,4.39310e+00,1.68255e+00,1.58374e+00,1.04644e+02,7.23122e+00,5.06212e-01,2.20176e+00,2.84932e+01
1.51113e+00,1.05740e+02,3.22416e-01,4.91245e+02,4.90958e-01,7.33889e-01,4.89143e+00,5.79877e+01,3.76779e+00,1.45993e+02,7.23069e-01,3.49302e+02,4.36024e+00,1.68252e+00,1.58173e+00,1.01512e+02,7.05331e+00,5.05819e-01,2.19156e+00,2.75156e+01
1.51015e+00,1.05139e+02,3.22254e-01,4.75102e+02,4.90248e-01,7.31066e-01,4.80948e+00,5.62028e+01,3.75201e+00,1.40948e+02,7.15902e-01,3.40366e+02,4.32966e+00,1.68257e+00,1.57986e+00,9.85254e+01,6.88468e+00,5.05388e-01,2.18199e+00,2.65841e+01
1.50928e+00,1.04633e+02,3.22100e-01,4.59549e+02,4.89552e-01,7.28509e-01,4.73157e+00,5.45002e+01,3.73715e+00,1.36129e+02,7.09161e-01,3.31915e+02,4.30110e+00,1.68268e+00,1.57806e+00,9.56692e+01,6.72506e+00,5.04942e-01,2.17297e+00,2.56957e+01
1.50844e+00,1.04278e+02,3.21923e-01,4.44579e+02,4.88844e-01,7.26106e-01,4.65754e+00,5.28743e+01,3.72315e+00,1.31525e+02,7.02887e-01,3.23956e+02,4.27434e+00,1.68277e+00,1.57637e+00,9.29323e+01,6.57386e+00,5.04477e-01,2.16457e+00,2.48483e+01
1.50763e+00,1.04133e+02,3.21723e-01,4.30178e+02,4.88125e-01,7.23895e-01,4.58723e+00,5.13224e+01,3.70989e+00,1.27124e+02,6.97017e-01,3.16482e+02,4.24927e+00,1.68288e+00,1.57475e+00,9.03064e+01,6.43068e+00,5.04000e-01,2.15659e+00,2.40401e+01
1.50686e+00,1.04255e+02,3.21525e-01,4.16334e+02,4.87402e-01,7.21847e-01,4.52057e+00,4.98422e+01,3.69759e+00,1.22920e+02,6.91583e-01,3.09456e+02,4.22570e+00,1.68302e+00,1.57320e+00,8.77800e+01,6.29518e+00,5.03487e-01,2.14911e+00,2.32697e+01
1.50609e+00,1.04703e+02,3.21331e-01,4.03008e+02,4.86656e-01,7.19936e-01,4.45726e+00,4.84264e+01,3.68611e+00,1.18898e+02,6.86487e-01,3.02859e+02,4.20362e+00,1.68316e+00,1.57172e+00,8.53412e+01,6.16695e+00,5.02981e-01,2.14203e+00,2.25340e+01
1.50534e+00,1.05552e+02,3.21114e-01,3.90202e+02,4.85914e-01,7.18172e-01,4.39737e+00,4.70750e+01,3.67548e+00,1.15053e+02,6.81738e-01,2.96663e+02,4.18283e+00,1.68327e+00,1.57031e+00,8.29867e+01,6.04586e+00,5.02463e-01,2.13535e+00,2.18327e+01
1.50463e+00,1.06890e+02,3.20890e-01,3.77890e+02,4.85152e-01,7.16544e-01,4.34078e+00,4.57832e+01,3.66577e+00,1.11375e+02,6.77306e-01,2.90825e+02,4.16339e+00,1.68335e+00,1.56892e+00,8.07055e+01,5.93123e+00,5.01926e-01,2.12901e+00,2.11634e+01
1.50391e+00,1.08837e+02,3.20655e-01,3.66055e+02,4.84361e-01,7.15024e-01,4.28727e+00,4.45491e+01,3.65683e+00,1.07856e+02,6.73178e-01,2.85297e+02,4.14510e+00,1.68340e+00,1.56760e+00,7.84932e+01,5.82300e+00,5.01384e-01,2.12315e+00,2.05248e+01
1.50319e+00,1.11549e+02,3.20398e-01,3.54674e+02,4.83554e-01,7.13623e-01,4.23662e+00,4.33672e+01,3.64876e+00,1.04487e+02,6.69352e-01,2.80037e+02,4.12791e+00,1.68341e+00,1.56631e+00,7.63440e+01,5.72078e+00,5.00807e-01,2.11758e+00,1.99149e+01
1.50247e+00,1.15192e+02,3.20114e-01,3.43734e+02,4.82748e-01,7.12281e-01,4.18883e+00,4.22384e+01,3.64140e+00,1.01263e+02,6.65782e-01,2.74990e+02,4.11177e+00,1.68342e+00,1.56505e+00,7.42548e+01,5.62429e+00,5.00189e-01,2.11230e+00,1.93325e+01
1.50175e+00,1.19898e+02,3.19811e-01,3.33216e+02,4.81957e-01,7.11066e-01,4.14380e+00,4.11572e+01,3.63480e+00,9.81766e+01,6.62435e-01,2.70120e+02,4.09931e+00,1.68340e+00,1.56381e+00,7.22212e+01,5.53332e+00,4.99546e-01,2.10737e+00,1.87767e+01
1.50104e+00,1.25678e+02,3.19489e-01,3.23102e+02,4.81161e-01,7.09886e-01,4.10134e+00,4.01231e+01,3.62893e+00,9.52213e+01,6.59311e-01,2.65381e+02,4.13569e+00,1.68330e+00,1.56257e+00,7.02421e+01,5.44756e+00,4.98882e-01,2.10268e+00,1.82458e+01
1.50031e+00,1.32344e+02,3.19175e-01,3.13376e+02,4.80342e-01,7.08821e-01,4.06126e+00,3.91304e+01,3.62362e+00,9.23902e+01,6.56394e-01,2.60746e+02,4.16382e+00,1.68315e+00,1.56134e+00,6.83128e+01,5.36677e+00,4.98199e-01,2.09819e+00,1.77393e+01
1.49955e+00,1.39499e+02,3.18853e-01,3.04031e+02,4.79519e-01,7.07773e-01,4.02352e+00,3.81808e+01,3.61898e+00,8.96791e+01,6.53690e-01,2.56192e+02,4.20155e+00,1.68295e+00,1.56011e+00,6.64355e+01,5.29069e+00,4.97496e-01,2.09401e+00,1.72574e+01
1.49876e+00,1.46655e+02,3.18514e-01,2.95039e+02,4.78710e-01,7.06772e-01,3.98797e+00,3.72694e+01,3.61479e+00,8.70797e+01,6.51131e-01,2.51703e+02,4.25479e+00,1.68270e+00,1.55889e+00,6.46051e+01,5.21904e+00,4.96780e-01,2.08994e+00,1.67974e+01
1.49796e+00,1.53563e+02,3.18155e-01,2.86400e+02,4.77900e-01,7.05827e-01,3.95448e+00,3.63941e+01,3.61109e+00,8.45886e+01,6.48762e-01,2.47278e+02,4.27242e+00,1.68242e+00,1.55769e+00,6.28234e+01,5.15198e+00,4.96054e-01,2.08605e+00,1.63574e+01
1.49715e+00,1.60713e+02,3.17808e-01,2.78088e+02,4.77074e-01,7.04924e-01,3.92296e+00,3.55549e+01,3.60779e+00,8.22004e+01,6.46539e-01,2.42921e+02,4.25560e+00,1.68207e+00,1.55648e+00,6.10899e+01,5.08900e+00,4.95319e-01,2.08237e+00,1.59359e+01
1.49633e+00,1.70259e+02,3.17467e-01,2.70093e+02,4.76230e-01,7.04070e-01,3.89329e+00,3.47491e+01,3.60488e+00,7.99113e+01,6.44451e-01,2.38648e+02,4.22315e+00,1.68168e+00,1.55528e+00,5.94019e+01,5.02999e+00,4.94576e-01,2.07884e+00,1.55321e+01
1.49549e+00,1.87661e+02,3.17098e-01,2.62405e+02,4.75378e-01,7.03243e-01,3.86534e+00,3.39750e+01,3.60230e+00,7.77155e+01,6.42518e-01,2.34469e+02,4.18677e+00,1.68123e+00,1.55411e+00,5.77623e+01,4.97472e+00,4.93815e-01,2.07543e+00,1.51456e+01
1.49460e+00,2.22757e+02,3.16684e-01,2.55013e+02,4.74500e-01,7.02428e-01,3.83909e+00,3.32305e+01,3.59998e+00,7.56096e+01,6.40692e-01,2.30422e+02,4.15392e+00,1.68075e+00,1.55292e+00,5.61674e+01,4.92304e+00,4.93035e-01,2.07216e+00,1.47758e+01
1.49370e+00,2.83491e+02,3.16257e-01,2.47904e+02,4.73634e-01,7.01648e-01,3.81444e+00,3.25143e+01,3.59788e+00,7.35893e+01,6.38976e-01,2.26524e+02,4.12887e+00,1.68021e+00,1.55173e+00,5.46182e+01,4.87480e+00,4.92227e-01,2.06901e+00,1.44219e+01
1.49280e+00,3.60464e+02,3.15837e-01,2.41060e+02,4.72774e-01,7.00889e-01,3.79128e+00,3.18252e+01,3.59596e+00,7.16516e+01,6.37344e-01,2.22822e+02,4.11373e+00,1.67960e+00,1.55050e+00,5.31153e+01,4.82980e+00,4.91418e-01,2.06600e+00,1.40831e+01
1.49185e+00,4.29866e+02,3.15426e-01,2.34474e+02,4.71917e-01,7.00155e-01,3.76949e+00,3.11619e+01,3.59415e+00,6.97918e+01,6.35811e-01,2.19344e+02,4.11020e+00,1.67891e+00,1.54926e+00,5.16553e+01,4.78790e+00,4.90593e-01,2.06303e+00,1.37590e+01
1.49088e+00,4.77002e+02,3.15015e-01,2.28143e+02,4.71059e-01,6.99421e-01,3.74901e+00,3.05237e+01,3.59244e+00,6.80076e+01,6.34363e-01,2.16147e+02,4.11964e+00,1.67814e+00,1.54801e+00,5.02406e+01,4.74891e+00,4.89742e-01,2.06012e+00,1.34489e+01
1.48990e+00,5.02164e+02,3.14573e-01,2.22045e+02,4.70200e-01,6.98694e-01,3.72972e+00,2.99071e+01,3.59078e+00,6.62938e+01,6.32968e-01,2.13278e+02,4.14307e+00,1.67735e+00,1.54675e+00,4.88681e+01,4.71274e+00,4.88887e-01,2.05725e+00,1.31518e+01
1.48896e+00,5.11575e+02,3.14096e-01,2.16179e+02,4.69339e-01,6.97983e-01,3.71160e+00,2.93134e+01,3.58919e+00,6.46487e+01,6.31647e-01,2.10811e+02,4.18098e+00,1.67651e+00,1.54546e+00,4.75380e+01,4.67929e+00,4.88029e-01,2.05443e+00,1.28672e+01
1.48807e+00,5.11212e+02,3.13625e-01,2.10526e+02,4.68465e-01,6.97279e-01,3.69456e+00,2.87421e+01,3.58755e+00,6.30691e+01,6.30401e-01,2.08826e+02,4.23262e+00,1.67563e+00,1.54413e+00,4.62506e+01,4.64826e+00,4.87159e-01,2.05172e+00,1.25945e+01
1.48715e+00,5.05174e+02,3.13178e-01,2.05093e+02,4.67584e-01,6.96579e-01,3.67854e+00,2.81904e+01,3.58593e+00,6.15530e+01,6.29217e-01,2.07420e+02,4.29544e+00,1.67469e+00,1.54282e+00,4.50030e+01,4.61967e+00,4.86275e-01,2.04904e+00,1.23332e+01
1.48624e+00,4.96045e+02,3.12720e-01,1.99860e+02,4.66698e-01,6.95891e-01,3.66344e+00,2.76581e+01,3.58427e+00,6.00968e+01,6.28106e-01,2.06708e+02,4.36612e+00,1.67367e+00,1.54148e+00,4.37951e+01,4.59339e+00,4.85384e-01,2.04632e+00,1.20829e+01
1.48527e+00,4.85326e+02,3.12239e-01,1.94818e+02,4.65783e-01,6.95200e-01,3.64926e+00,2.71448e+01,3.58257e+00,5.86981e+01,6.27036e-01,2.06787e+02,4.44139e+00,1.67259e+00,1.54012e+00,4.26274e+01,4.56920e+00,4.84485e-01,2.04370e+00,1.18424e+01
1.48428e+00,4.73874e+02,3.11739e-01,1.89967e+02,4.64884e-01,6.94518e-01,3.63591e+00,2.66497e+01,3.58083e+00,5.73542e+01,6.26000e-01,2.07766e+02,4.51856e+00,1.67147e+00,1.53874e+00,4.14968e+01,4.54701e+00,4.83575e-01,2.04114e+00,1.16115e+01
1.48322e+00,4.62185e+02,3.11222e-01,1.85295e+02,4.63999e-01,6.93851e-01,3.62337e+00,2.61715e+01,3.57903e+00,5.60632e+01,6.24988e-01,2.09754e+02,4.59594e+00,1.67030e+00,1.53733e+00,4.04028e+01,4.52663e+00,4.82664e-01,2.03856e+00,1.13900e+01
1.48206e+00,4.50524e+02,3.10707e-01,1.80791e+02,4.63111e-01,6.93178e-01,3.61150e+00,2.57103e+01,3.57716e+00,5.48231e+01,6.24022e-01,2.12964e+02,4.67215e+00,1.66904e+00,1.53592e+00,3.93451e+01,4.50794e+00,4.81734e-01,2.03593e+00,1.11775e+01
1.48085e+00,4.39039e+02,3.10212e-01,1.76458e+02,4.62229e-01,6.92491e-01,3.60032e+00,2.52655e+01,3.57520e+00,5.36304e+01,6.23098e-01,2.17961e+02,4.74582e+00,1.66771e+00,1.53446e+00,3.83230e+01,4.49084e+00,4.80793e-01,2.03338e+00,1.09735e+01
1.47956e+00,4.27804e+02,3.09704e-01,1.72278e+02,4.61340e-01,6.91809e-01,3.58975e+00,2.48352e+01,3.57315e+00,5.24838e+01,6.22200e-01,2.26198e+02,4.81523e+00,1.66633e+00,1.53297e+00,3.73335e+01,4.47521e+00,4.79849e-01,2.03079e+00,1.07776e+01
1.47824e+00,4.16857e+02,3.09173e-01,1.68251e+02,4.60450e-01,6.91132e-01,3.57975e+00,2.44209e+01,3.57101e+00,5.13817e+01,6.21324e-01,2.40661e+02,4.87892e+00,1.66492e+00,1.53146e+00,3.63775e+01,4.46097e+00,4.78900e-01,2.02818e+00,1.05900e+01
1.47689e+00,4.06217e+02,3.08633e-01,1.64372e+02,4.59555e-01,6.90448e-01,3.57026e+00,2.40204e+01,3.56873e+00,5.03228e+01,6.20481e-01,2.65823e+02,4.93603e+00,1.66344e+00,1.52993e+00,3.54535e+01,4.44797e+00,4.77929e-01,2.02562e+00,1.04101e+01
1.47560e+00,3.95888e+02,3.08100e-01,1.60631e+02,4.58655e-01,6.89756e-01,3.56128e+00,2.36339e+01,3.56639e+00,4.93047e+01,6.19653e-01,3.05388e+02,4.98675e+00,1.66195e+00,1.52840e+00,3.45605e+01,4.43618e+00,4.76946e-01,2.02307e+00,1.02375e+01
1.47433e+00,3.85870e+02,3.07574e-01,1.57025e+02,4.57752e-01,6.89068e-01,3.55275e+00,2.32611e+01,3.56394e+00,4.83258e+01,6.18845e-01,3.58049e+02,5.03258e+00,1.66040e+00,1.52684e+00,3.36969e+01,4.42553e+00,4.75973e-01,2.02041e+00,1.00722e+01
1.47318e+00,3.76161e+02,3.07036e-01,1.53547e+02,4.56830e-01,6.88382e-01,3.54469e+00,2.29003e+01,3.56138e+00,4.73835e+01,6.18066e-01,4.15690e+02,5.07509e+00,1.65880e+00,1.52526e+00,3.28619e+01,4.41586e+00,4.74998e-01,2.01780e+00,9.91383e+00
1.47213e+00,3.66753e+02,3.06476e-01,1.50189e+02,4.55924e-01,6.87708e-01,3.53702e+00,2.25528e+01,3.55872e+00,4.64768e+01,6.17298e-01,4.67627e+02,5.11574e+00,1.65718e+00,1.52367e+00,3.20551e+01,4.40709e+00,4.74023e-01,2.01525e+00,9.76183e+00
1.47121e+00,3.57637e+02,3.05902e-01,1.46952e+02,4.55020e-01,6.87024e-01,3.52974e+00,2.22168e+01,3.55594e+00,4.56043e+01,6.16540e-01,5.06676e+02,5.15512e+00,1.65554e+00,1.52204e+00,3.12751e+01,4.39914e+00,4.73036e-01,2.01268e+00,9.61644e+00
1.47045e+00,3.48803e+02,3.05335e-01,1.43822e+02,4.54120e-01,6.86329e-01,3.52275e+00,2.18932e+01,3.55307e+00,4.47650e+01,6.15793e-01,5.31182e+02,5.19257e+00,1.65384e+00,1.52041e+00,3.05214e+01,4.39189e+00,4.72039e-01,2.01003e+00,9.47729e+00
1.46985e+00,3.40243e+02,3.04773e-01,1.40804e+02,4.53225e-01,6.85624e-01,3.51609e+00,2.15811e+01,3.55008e+00,4.39577e+01,6.15043e-01,5.43225e+02,5.22631e+00,1.65208e+00,1.51874e+00,2.97929e+01,4.38527e+00,4.71035e-01,2.00740e+00,9.34409e+00
1.46943e+00,3.31945e+02,3.04199e-01,1.37881e+02,4.52335e-01,6.84919e-01,3.50974e+00,2.12793e+01,3.54699e+00,4.31793e+01,6.14290e-01,5.46156e+02,5.25404e+00,1.65032e+00,1.51704e+00,2.90883e+01,4.37924e+00,4.70029e-01,2.00475e+00,9.21643e+00
1.46917e+00,3.23909e+02,3.03597e-01,1.35057e+02,4.51445e-01,6.84218e-01,3.50358e+00,2.09889e+01,3.54382e+00,4.24300e+01,6.13551e-01,5.43051e+02,5.27347e+00,1.64854e+00,1.51531e+00,2.84074e+01,4.37365e+00,4.69023e-01,2.00205e+00,9.09479e+00
1.46910e+00,3.16119e+02,3.02998e-01,1.32325e+02,4.50538e-01,6.83512e-01,3.49766e+00,2.07077e+01,3.54049e+00,4.17092e+01,6.12823e-01,5.36229e+02,5.28256e+00,1.64679e+00,1.51354e+00,2.77489e+01,4.36857e+00,4.68010e-01,1.99943e+00,8.97812e+00
1.46917e+00,3.08570e+02,3.02432e-01,1.29679e+02,4.49636e-01,6.82805e-01,3.49196e+00,2.04373e+01,3.53709e+00,4.10139e+01,6.12097e-01,5.27253e+02,5.28019e+00,1.64508e+00,1.51178e+00,2.71122e+01,4.36394e+00,4.66993e-01,1.99678e+00,8.86698e+00
1.46938e+00,3.01255e+02,3.01873e-01,1.27116e+02,4.48727e-01,6.82090e-01,3.48643e+00,2.01763e+01,3.53359e+00,4.03441e+01,6.11372e-01,5.17118e+02,5.26623e+00,1.64338e+00,1.51001e+00,2.64969e+01,4.35972e+00,4.65987e-01,1.99403e+00,8.76091e+00
1.46967e+00,2.94165e+02,3.01300e-01,1.24631e+02,4.47789e-01,6.81371e-01,3.48113e+00,1.99253e+01,3.53000e+00,3.96988e+01,6.10663e-01,5.06430e+02,5.24121e+00,1.64169e+00,1.50821e+00,2.59019e+01,4.35582e+00,4.64992e-01,1.99134e+00,8.65976e+00
1.46996e+00,2.87293e+02,3.00689e-01,1.22219e+02,4.46857e-01,6.80662e-01,3.47600e+00,1.96823e+01,3.52629e+00,3.90767e+01,6.09959e-01,4.95550e+02,5.20633e+00,1.64001e+00,1.50639e+00,2.53265e+01,4.35220e+00,4.63988e-01,1.98867e+00,8.56376e+00
1.47023e+00,2.80632e+02,3.00062e-01,1.19880e+02,4.45953e-01,6.79953e-01,3.47106e+00,1.94493e+01,3.52250e+00,3.84767e+01,6.09250e-01,4.84687e+02,5.16310e+00,1.63834e+00,1.50455e+00,2.47700e+01,4.34880e+00,4.62967e-01,1.98597e+00,8.47206e+00
1.47037e+00,2.74176e+02,2.99459e-01,1.17604e+02,4.45057e-01,6.79237e-01,3.46621e+00,1.92242e+01,3.51864e+00,3.78979e+01,6.08553e-01,4.73956e+02,5.11323e+00,1.63666e+00,1.50270e+00,2.42317e+01,4.34559e+00,4.61937e-01,1.98320e+00,8.38528e+00
1.47030e+00,2.67919e+02,2.98861e-01,1.15394e+02,4.44173e-01,6.78510e-01,3.46148e+00,1.90080e+01,3.51465e+00,3.73397e+01,6.07849e-01,4.63435e+02,5.05835e+00,1.63492e+00,1.50083e+00,2.37113e+01,4.34253e+00,4.60903e-01,1.98046e+00,8.30287e+00
1.46998e+00,2.61848e+02,2.98247e-01,1.13242e+02,4.43291e-01,6.77782e-01,3.45686e+00,1.87992e+01,3.51057e+00,3.68004e+01,6.07137e-01,4.53141e+02,4.99992e+00,1.63310e+00,1.49892e+00,2.32077e+01,4.33957e+00,4.59874e-01,1.97768e+00,8.22481e+00
1.46935e+00,2.55965e+02,2.97612e-01,1.11150e+02,4.42395e-01,6.77056e-01,3.45233e+00,1.85984e+01,3.50644e+00,3.62801e+01,6.06431e-01,4.43107e+02,4.93935e+00,1.63123e+00,1.49699e+00,2.27205e+01,4.33675e+00,4.58858e-01,1.97486e+00,8.15125e+00
1.46839e+00,2.50261e+02,2.96985e-01,1.09108e+02,4.41480e-01,6.76329e-01,3.44787e+00,1.84051e+01,3.50214e+00,3.57779e+01,6.05728e-01,4.33338e+02,4.87784e+00,1.62928e+00,1.49502e+00,2.22493e+01,4.33397e+00,4.57833e-01,1.97209e+00,8.08171e+00
1.46706e+00,2.44728e+02,2.96371e-01,1.07122e+02,4.40570e-01,6.75602e-01,3.44350e+00,1.82196e+01,3.49781e+00,3.52925e+01,6.05015e-01,4.23831e+02,4.81625e+00,1.62729e+00,1.49306e+00,2.17932e+01,4.33133e+00,4.56793e-01,1.96935e+00,8.01659e+00
1.46533e+00,2.39362e+02,2.95768e-01,1.05185e+02,4.39686e-01,6.74865e-01,3.43914e+00,1.80409e+01,3.49338e+00,3.48240e+01,6.04297e-01,4.14598e+02,4.75535e+00,1.62519e+00,1.49108e+00,2.13520e+01,4.32880e+00,4.55770e-01,1.96649e+00,7.95526e+00
1.46327e+00,2.34159e+02,2.95155e-01,1.03295e+02,4.38816e-01,6.74125e-01,3.43489e+00,1.78693e+01,3.48889e+00,3.43716e+01,6.03594e-01,4.05613e+02,4.69578e+00,1.62297e+00,1.48907e+00,2.09252e+01,4.32629e+00,4.54758e-01,1.96370e+00,7.89801e+00
1.46081e+00,2.29113e+02,2.94520e-01,1.01453e+02,4.37992e-01,6.73399e-01,3.43069e+00,1.77047e+01,3.48434e+00,3.39338e+01,6.02897e-01,3.96897e+02,4.63799e+00,1.62066e+00,1.48705e+00,2.05121e+01,4.32378e+00,4.53737e-01,1.96091e+00,7.84456e+00
1.45807e+00,2.24217e+02,2.93883e-01,9.96535e+01,4.37254e-01,6.72676e-01,3.42659e+00,1.75458e+01,3.47971e+00,3.35105e+01,6.02191e-01,3.88415e+02,4.58238e+00,1.61827e+00,1.48503e+00,2.01122e+01,4.32126e+00,4.52713e-01,1.95807e+00,7.79497e+00
1.45504e+00,2.19470e+02,2.93258e-01,9.78966e+01,4.36557e-01,6.71934e-01,3.42249e+00,1.73942e+01,3.47504e+00,3.31012e+01,6.01485e-01,3.80176e+02,4.52930e+00,1.61581e+00,1.48300e+00,1.97251e+01,4.31875e+00,4.51681e-01,1.95523e+00,7.74896e+00
1.45180e+00,2.14862e+02,2.92638e-01,9.61839e+01,4.35848e-01,6.71178e-01,3.41841e+00,1.72483e+01,3.47027e+00,3.27056e+01,6.00773e-01,3.72174e+02,4.47887e+00,1.61330e+00,1.48096e+00,1.93508e+01,4.31624e+00,4.50641e-01,1.95239e+00,7.70664e+00
1.44838e+00,2.10390e+02,2.92014e-01,9.45087e+01,4.35083e-01,6.70424e-01,3.41440e+00,1.71085e+01,3.46545e+00,3.23223e+01,6.00043e-01,3.64393e+02,4.43136e+00,1.61071e+00,1.47888e+00,1.89881e+01,4.31365e+00,4.49609e-01,1.94953e+00,7.66744e+00
1.44493e+00,2.06052e+02,2.91366e-01,9.28758e+01,4.34247e-01,6.69678e-01,3.41036e+00,1.69739e+01,3.46057e+00,3.19512e+01,5.99322e-01,3.56835e+02,4.38671e+00,1.60803e+00,1.47677e+00,1.86367e+01,4.31100e+00,4.48586e-01,1.94662e+00,7.63191e+00
1.44138e+00,2.01843e+02,2.90730e-01,9.12794e+01,4.33348e-01,6.68938e-01,3.40632e+00,1.68459e+01,3.45560e+00,3.15917e+01,5.98609e-01,3.49489e+02,4.34515e+00,1.60532e+00,1.47464e+00,1.82968e+01,4.30830e+00,4.47554e-01,1.94378e+00,7.59936e+00
1.43781e+00,1.97758e+02,2.90098e-01,8.97192e+01,4.32402e-01,6.68199e-01,3.40229e+00,1.67221e+01,3.45059e+00,3.12440e+01,5.97883e-01,3.42351e+02,4.30643e+00,1.60263e+00,1.47252e+00,1.79677e+01,4.30561e+00,4.46519e-01,1.94091e+00,7.57040e+00
1.43429e+00,1.93793e+02,2.89475e-01,8.81983e+01,4.31445e-01,6.67450e-01,3.39825e+00,1.66048e+01,3.44552e+00,3.09072e+01,5.97140e-01,3.35414e+02,4.27051e+00,1.59990e+00,1.47039e+00,1.76490e+01,4.30291e+00,4.45512e-01,1.93798e+00,7.54456e+00
1.43084e+00,1.89945e+02,2.88856e-01,8.67129e+01,4.30464e-01,6.66684e-01,3.39425e+00,1.64914e+01,3.44039e+00,3.05807e+01,5.96406e-01,3.28669e+02,4.23736e+00,1.59714e+00,1.46823e+00,1.73403e+01,4.30015e+00,4.44515e-01,1.93511e+00,7.52215e+00
1.42745e+00,1.86210e+02,2.88216e-01,8.52608e+01,4.29500e-01,6.65931e-01,3.39023e+00,1.63838e+01,3.43523e+00,3.02641e+01,5.95687e-01,3.22123e+02,4.20687e+00,1.59438e+00,1.46607e+00,1.70410e+01,4.29730e+00,4.43510e-01,1.93222e+00,7.50313e+00
1.42413e+00,1.82583e+02,2.87559e-01,8.38447e+01,4.28560e-01,6.65186e-01,3.38624e+00,1.62804e+01,3.43000e+00,2.99575e+01,5.94965e-01,3.15748e+02,4.17882e+00,1.59162e+00,1.46390e+00,1.67509e+01,4.29439e+00,4.42502e-01,1.92933e+00,7.48766e+00
1.42089e+00,1.79061e+02,2.86919e-01,8.24632e+01,4.27634e-01,6.64434e-01,3.38224e+00,1.61819e+01,3.42474e+00,2.96598e+01,5.94230e-01,3.09558e+02,4.15299e+00,1.58888e+00,1.46174e+00,1.64698e+01,4.29140e+00,4.41480e-01,1.92644e+00,7.47562e+00
1.41776e+00,1.75641e+02,2.86301e-01,8.11141e+01,4.26720e-01,6.63668e-01,3.37821e+00,1.60879e+01,3.41943e+00,2.93714e+01,5.93481e-01,3.03536e+02,4.12922e+00,1.58614e+00,1.45955e+00,1.61978e+01,4.28832e+00,4.40452e-01,1.92355e+00,7.46710e+00
1.41472e+00,1.72319e+02,2.85687e-01,7.97959e+01,4.25822e-01,6.62902e-01,3.37419e+00,1.59978e+01,3.41407e+00,2.90913e+01,5.92721e-01,2.97679e+02,4.10730e+00,1.58336e+00,1.45734e+00,1.59337e+01,4.28521e+00,4.39430e-01,1.92066e+00,7.46155e+00
1.41177e+00,1.69093e+02,2.85048e-01,7.85114e+01,4.24935e-01,6.62141e-01,3.37016e+00,1.59116e+01,3.40866e+00,2.88194e+01,5.91970e-01,2.91987e+02,4.08694e+00,1.58059e+00,1.45511e+00,1.56779e+01,4.28196e+00,4.38423e-01,1.91773e+00,7.45924e+00
1.40893e+00,1.65961e+02,2.84421e-01,7.72589e+01,4.24065e-01,6.61382e-01,3.36609e+00,1.58304e+01,3.40321e+00,2.85558e+01,5.91228e-01,2.86449e+02,4.06814e+00,1.57782e+00,1.45285e+00,1.54302e+01,4.27863e+00,4.37410e-01,1.91489e+00,7.45908e+00
1.40617e+00,1.62916e+02,2.83790e-01,7.60348e+01,4.23200e-01,6.60621e-01,3.36202e+00,1.57518e+01,3.39773e+00,2.83003e+01,5.90480e-01,2.81068e+02,4.05066e+00,1.57508e+00,1.45061e+00,1.51900e+01,4.27525e+00,4.36388e-01,1.91198e+00,7.46110e+00
1.40348e+00,1.59958e+02,2.83162e-01,7.48418e+01,4.22332e-01,6.59857e-01,3.35791e+00,1.56774e+01,3.39221e+00,2.80518e+01,5.89709e-01,2.75828e+02,4.03432e+00,1.57236e+00,1.44836e+00,1.49569e+01,4.27185e+00,4.35380e-01,1.90905e+00,7.46421e+00
1.40087e+00,1.57083e+02,2.82538e-01,7.36798e+01,4.21476e-01,6.59086e-01,3.35381e+00,1.56065e+01,3.38664e+00,2.78108e+01,5.88946e-01,2.70736e+02,4.01910e+00,1.56963e+00,1.44608e+00,1.47310e+01,4.26838e+00,4.34395e-01,1.90618e+00,7.46764e+00
1.39829e+00,1.54287e+02,2.81903e-01,7.25463e+01,4.20622e-01,6.58324e-01,3.34968e+00,1.55385e+01,3.38102e+00,2.75768e+01,5.88203e-01,2.65781e+02,4.00479e+00,1.56691e+00,1.44380e+00,1.45124e+01,4.26483e+00,4.33407e-01,1.90325e+00,7.47087e+00
1.39573e+00,1.51569e+02,2.81268e-01,7.14402e+01,4.19755e-01,6.57564e-01,3.34556e+00,1.54741e+01,3.37537e+00,2.73494e+01,5.87461e-01,2.60963e+02,3.99130e+00,1.56419e+00,1.44152e+00,1.43003e+01,4.26122e+00,4.32412e-01,1.90033e+00,7.47317e+00
1.39322e+00,1.48925e+02,2.80636e-01,7.03621e+01,4.18929e-01,6.56804e-01,3.34142e+00,1.54124e+01,3.36970e+00,2.71287e+01,5.86709e-01,2.56273e+02,3.97852e+00,1.56149e+00,1.43924e+00,1.40943e+01,4.25752e+00,4.31406e-01,1.89746e+00,7.47414e+00
1.39074e+00,1.46353e+02,2.80021e-01,6.93127e+01,4.18095e-01,6.56037e-01,3.33725e+00,1.53538e+01,3.36398e+00,2.69146e+01,5.85942e-01,2.51711e+02,3.96644e+00,1.55878e+00,1.43694e+00,1.38948e+01,4.25377e+00,4.30395e-01,1.89454e+00,7.47332e+00
1.38829e+00,1.43850e+02,2.79408e-01,6.82881e+01,4.17245e-01,6.55265e-01,3.33307e+00,1.52978e+01,3.35822e+00,2.67064e+01,5.85160e-01,2.47270e+02,3.95499e+00,1.55604e+00,1.43462e+00,1.37010e+01,4.24996e+00,4.29388e-01,1.89166e+00,7.47091e+00
1.38586e+00,1.41413e+02,2.78766e-01,6.72899e+01,4.16407e-01,6.54500e-01,3.32887e+00,1.52439e+01,3.35244e+00,2.65041e+01,5.84381e-01,2.42949e+02,3.94406e+00,1.55328e+00,1.43227e+00,1.35135e+01,4.24604e+00,4.28400e-01,1.88876e+00,7.46669e+00
1.38344e+00,1.39041e+02,2.78141e-01,6.63185e+01,4.15591e-01,6.53741e-01,3.32465e+00,1.51930e+01,3.34661e+00,2.63081e+01,5.83611e-01,2.38742e+02,3.93362e+00,1.55052e+00,1.42991e+00,1.33316e+01,4.24204e+00,4.27406e-01,1.88590e+00,7.46125e+00
1.38108e+00,1.36730e+02,2.77530e-01,6.53713e+01,4.14768e-01,6.52977e-01,3.32041e+00,1.51449e+01,3.34076e+00,2.61171e+01,5.82845e-01,2.34652e+02,3.92360e+00,1.54777e+00,1.42754e+00,1.31549e+01,4.23801e+00,4.26400e-01,1.88298e+00,7.45505e+00
1.37871e+00,1.34478e+02,2.76919e-01,6.44473e+01,4.13924e-01,6.52209e-01,3.31613e+00,1.50983e+01,3.33489e+00,2.59322e+01,5.82057e-01,2.30665e+02,3.91399e+00,1.54501e+00,1.42518e+00,1.29838e+01,4.23397e+00,4.25421e-01,1.88008e+00,7.44875e+00
1.37636e+00,1.32283e+02,2.76304e-01,6.35476e+01,4.13087e-01,6.51430e-01,3.31184e+00,1.50538e+01,3.32899e+00,2.57527e+01,5.81266e-01,2.26790e+02,3.90467e+00,1.54225e+00,1.42280e+00,1.28182e+01,4.22989e+00,4.24466e-01,1.87719e+00,7.44343e+00
1.37401e+00,1.30142e+02,2.75680e-01,6.26717e+01,4.12270e-01,6.50663e-01,3.30753e+00,1.50116e+01,3.32306e+00,2.55779e+01,5.80492e-01,2.23011e+02,3.89570e+00,1.53949e+00,1.42042e+00,1.26573e+01,4.22577e+00,4.23515e-01,1.87425e+00,7.43974e+00
1.37165e+00,1.28054e+02,2.75052e-01,6.18187e+01,4.11465e-01,6.49911e-01,3.30323e+00,1.49705e+01,3.31711e+00,2.54084e+01,5.79715e-01,2.19341e+02,3.88694e+00,1.53673e+00,1.41803e+00,1.25014e+01,4.22162e+00,4.22552e-01,1.87138e+00,7.43859e+00
1.36929e+00,1.26017e+02,2.74428e-01,6.09871e+01,4.10656e-01,6.49148e-01,3.29888e+00,1.49316e+01,3.31116e+00,2.52438e+01,5.78931e-01,2.15759e+02,3.87838e+00,1.53398e+00,1.41567e+00,1.23506e+01,4.21743e+00,4.21574e-01,1.86847e+00,7.44068e+00
1.36693e+00,1.24028e+02,2.73814e-01,6.01769e+01,4.09853e-01,6.48382e-01,3.29448e+00,1.48942e+01,3.30519e+00,2.50840e+01,5.78140e-01,2.12276e+02,3.86995e+00,1.53122e+00,1.41331e+00,1.22043e+01,4.21323e+00,4.20586e-01,1.86557e+00,7.44689e+00
1.36458e+00,1.22085e+02,2.73215e-01,5.93870e+01,4.09036e-01,6.47614e-01,3.29007e+00,1.48579e+01,3.29918e+00,2.49286e+01,5.77341e-01,2.08881e+02,3.86173e+00,1.52843e+00,1.41092e+00,1.20623e+01,4.20903e+00,4.19607e-01,1.86268e+00,7.45734e+00
1.36224e+00,1.20188e+02,2.72590e-01,5.86176e+01,4.08222e-01,6.46854e-01,3.28564e+00,1.48234e+01,3.29317e+00,2.47780e+01,5.76540e-01,2.05574e+02,3.85359e+00,1.52562e+00,1.40853e+00,1.19252e+01,4.20479e+00,4.18648e-01,1.85979e+00,7.47300e+00
1.35988e+00,1.18334e+02,2.71976e-01,5.78683e+01,4.07416e-01,6.46098e-01,3.28117e+00,1.47896e+01,3.28713e+00,2.46316e+01,5.75752e-01,2.02352e+02,3.84563e+00,1.52283e+00,1.40612e+00,1.17922e+01,4.20054e+00,4.17682e-01,1.85692e+00,7.49315e+00
1.35756e+00,1.16521e+02,2.71368e-01,5.71388e+01,4.06601e-01,6.45328e-01,3.27670e+00,1.47572e+01,3.28109e+00,2.44890e+01,5.74956e-01,1.99216e+02,3.83776e+00,1.52003e+00,1.40372e+00,1.16635e+01,4.19631e+00,4.16706e-01,1.85400e+00,7.51853e+00
1.35522e+00,1.14748e+02,2.70765e-01,5.64279e+01,4.05785e-01,6.44562e-01,3.27221e+00,1.47260e+01,3.27504e+00,2.43512e+01,5.74147e-01,1.96158e+02,3.82998e+00,1.51726e+00,1.40132e+00,1.15392e+01,4.19214e+00,4.15755e-01,1.85113e+00,7.54822e+00
1.35289e+00,1.13013e+02,2.70168e-01,5.57347e+01,4.04975e-01,6.43791e-01,3.26772e+00,1.46955e+01,3.26898e+00,2.42171e+01,5.73338e-01,1.93180e+02,3.82226e+00,1.51448e+00,1.39891e+00,1.14186e+01,4.18799e+00,4.14822e-01,1.84824e+00,7.58199e+00
1.35057e+00,1.11316e+02,2.69552e-01,5.50587e+01,4.04174e-01,6.43037e-01,3.26320e+00,1.46663e+01,3.26289e+00,2.40868e+01,5.72548e-01,1.90277e+02,3.81461e+00,1.51170e+00,1.39650e+00,1.13021e+01,4.18384e+00,4.13888e-01,1.84531e+00,7.61907e+00
1.34825e+00,1.09657e+02,2.68933e-01,5.44000e+01,4.03382e-01,6.42293e-01,3.25865e+00,1.46377e+01,3.25683e+00,2.39605e+01,5.71770e-01,1.87447e+02,3.80701e+00,1.50891e+00,1.39409e+00,1.11897e+01,4.17973e+00,4.12942e-01,1.84248e+00,7.65866e+00
1.34591e+00,1.08031e+02,2.68328e-01,5.37583e+01,4.02602e-01,6.41538e-01,3.25408e+00,1.46094e+01,3.25078e+00,2.38375e+01,5.70973e-01,1.84689e+02,3.79951e+00,1.50616e+00,1.39169e+00,1.10807e+01,4.17563e+00,4.11984e-01,1.83960e+00,7.69955e+00
1.34356e+00,1.06442e+02,2.67734e-01,5.31336e+01,4.01818e-01,6.40770e-01,3.24946e+00,1.45824e+01,3.24471e+00,2.37184e+01,5.71873e-01,1.81999e+02,3.79202e+00,1.50338e+00,1.38930e+00,1.09759e+01,4.17155e+00,4.11021e-01,1.83676e+00,7.74135e+00
1.34120e+00,1.04885e+02,2.67143e-01,5.25239e+01,4.01025e-01,6.39991e-01,3.24487e+00,1.45555e+01,3.23863e+00,2.36025e+01,5.73622e-01,1.79376e+02,3.78460e+00,1.50055e+00,1.38689e+00,1.08742e+01,4.16747e+00,4.10062e-01,1.83390e+00,7.78262e+00
1.33887e+00,1.03360e+02,2.66532e-01,5.19297e+01,4.00243e-01,6.39221e-01,3.24025e+00,1.45298e+01,3.23253e+00,2.34911e+01,5.75454e-01,1.76815e+02,3.77725e+00,1.49773e+00,1.38446e+00,1.07766e+01,4.16335e+00,4.09112e-01,1.83412e+00,7.82264e+00
1.33652e+00,1.01866e+02,2.65927e-01,5.13496e+01,3.99471e-01,6.38459e-01,3.23557e+00,1.45043e+01,3.22976e+00,2.33826e+01,5.76421e-01,1.74318e+02,3.76991e+00,1.49490e+00,1.38201e+00,1.06835e+01,4.16272e+00,4.08175e-01,1.83866e+00,7.86038e+00
1.33420e+00,1.00399e+02,2.65342e-01,5.07836e+01,3.98690e-01,6.37701e-01,3.23098e+00,1.44846e+01,3.22766e+00,2.32784e+01,5.76940e-01,1.71882e+02,3.76262e+00,1.49207e+00,1.37956e+00,1.05949e+01,4.16233e+00,4.07897e-01,1.84603e+00,7.89538e+00
1.33188e+00,9.89624e+01,2.64760e-01,5.02319e+01,3.99096e-01,6.36952e-01,3.22650e+00,1.44690e+01,3.22584e+00,2.31770e+01,5.77140e-01,1.69504e+02,3.75542e+00,1.48926e+00,1.37712e+00,1.05106e+01,4.16149e+00,4.08435e-01,1.86480e+00,7.92657e+00
1.32954e+00,9.75543e+01,2.64174e-01,4.96952e+01,3.99585e-01,6.36197e-01,3.22236e+00,1.44514e+01,3.22496e+00,2.30787e+01,5.77080e-01,1.67184e+02,3.74822e+00,1.48647e+00,1.37468e+00,1.04312e+01,4.15999e+00,4.08227e-01,1.88520e+00,7.95377e+00
1.32720e+00,9.61741e+01,2.63692e-01,4.91739e+01,3.99966e-01,6.38207e-01,3.22081e+00,1.44332e+01,3.22444e+00,2.29829e+01,5.80371e-01,1.64916e+02,3.74110e+00,1.48368e+00,1.37367e+00,1.03556e+01,4.16555e+00,4.08441e-01,1.91116e+00,7.97590e+00
1.32487e+00,9.48207e+01,2.63708e-01,4.86753e+01,4.00547e-01,6.40021e-01,3.21960e+00,1.44150e+01,3.22414e+00,2.28897e+01,5.87314e-01,1.62702e+02,3.73434e+00,1.48094e+00,1.37243e+00,1.02846e+01,4.16990e+00,4.14506e-01,1.93714e+00,7.99428e+00
1.32631e+00,9.35205e+01,2.65794e-01,4.81904e+01,4.00971e-01,6.42329e-01,3.21742e+00,1.43998e+01,3.22794e+00,2.27993e+01,5.95484e-01,1.60547e+02,3.72770e+00,1.47943e+00,1.37152e+00,1.02174e+01,4.17068e+00,4.21024e-01,1.96522e+00,8.00707e+00
1.32880e+00,9.22621e+01,2.69317e-01,4.77171e+01,4.01292e-01,6.43876e-01,3.21375e+00,1.43893e+01,3.23996e+00,2.27111e+01,6.01359e-01,1.58455e+02,3.72103e+00,1.47908e+00,1.37109e+00,1.01548e+01,4.16809e+00,4.27888e-01,1.99719e+00,8.01610e+00
1.33135e+00,9.10062e+01,2.73674e-01,4.72565e+01,4.01537e-01,6.44925e-01,3.20989e+00,1.43806e+01,3.26384e+00,2.26252e+01,6.05743e-01,1.56418e+02,3.71437e+00,1.48038e+00,1.37454e+00,1.00962e+01,4.16362e+00,4.41193e-01,2.03611e+00,8.01996e+00
1.33603e+00,8.97487e+01,2.78050e-01,4.68099e+01,4.01672e-01,6.45614e-01,3.20655e+00,1.43714e+01,3.29826e+00,2.25419e+01,6.08912e-01,1.54432e+02,3.70760e+00,1.48431e+00,1.37733e+00,1.00416e+01,4.15880e+00,4.59374e-01,2.08568e+00,8.01745e+00
1.34902e+00,8.85243e+01,2.82654e-01,4.63741e+01,4.01682e-01,6.46110e-01,3.20463e+00,1.43628e+01,3.34380e+00,2.24609e+01,6.10653e-01,1.52503e+02,3.70090e+00,1.49122e+00,1.38135e+00,9.98938e+00,4.15405e+00,4.76242e-01,2.14833e+00,8.00873e+00
1.37950e+00,8.73260e+01,2.87537e-01,4.59479e+01,4.01526e-01,6.46446e-01,3.20440e+00,1.43552e+01,3.40300e+00,2.23834e+01,6.11341e-01,1.50623e+02,3.69437e+00,1.50074e+00,1.38775e+00,9.93995e+00,4.14963e+00,4.87245e-01,2.22427e+00,7.99400e+00
1.43282e+00,8.61534e+01,2.91959e-01,4.55298e+01,4.01177e-01,6.46628e-01,3.20656e+00,1.43482e+01,3.47709e+00,2.23086e+01,6.11309e-01,1.48797e+02,3.68801e+00,1.51357e+00,1.39597e+00,9.89226e+00,4.14569e+00,4.91409e-01,2.30854e+00,7.97358e+00
1.50486e+00,8.50045e+01,2.94908e-01,4.51211e+01,4.00659e-01,6.46663e-01,3.21211e+00,1.43413e+01,3.56337e+00,2.22365e+01,6.10975e-01,1.47013e+02,3.68188e+00,1.53218e+00,1.40553e+00,9.84644e+00,4.14207e+00,4.90110e-01,2.39282e+00,7.94885e+00
1.58382e+00,8.38785e+01,2.95690e-01,4.47237e+01,3.99952e-01,6.46512e-01,3.22159e+00,1.43342e+01,3.65620e+00,2.21668e+01,6.10540e-01,1.45268e+02,3.67609e+00,1.55898e+00,1.41650e+00,9.80189e+00,4.13861e+00,4.85484e-01,2.46812e+00,7.91978e+00
1.65686e+00,8.27740e+01,2.94219e-01,4.43389e+01,3.99152e-01,6.46263e-01,3.23399e+00,1.43276e+01,3.74842e+00,2.20993e+01,6.10132e-01,1.43557e+02,3.67064e+00,1.59363e+00,1.42912e+00,9.75922e+00,4.13504e+00,4.78877e-01,2.52838e+00,7.88761e+00
1.71655e+00,8.16907e+01,2.90994e-01,4.39675e+01,3.98399e-01,6.45761e-01,3.24670e+00,1.43227e+01,3.83277e+00,2.20344e+01,6.09837e-01,1.41878e+02,3.66548e+00,1.63207e+00,1.44345e+00,9.71821e+00,4.13104e+00,4.71080e-01,2.57209e+00,7.85208e+00
1.76247e+00,8.06284e+01,2.86598e-01,4.36112e+01,3.97794e-01,6.45131e-01,3.25676e+00,1.43203e+01,3.90352e+00,2.19716e+01,6.09797e-01,1.40237e+02,3.66067e+00,1.66830e+00,1.45964e+00,9.68040e+00,4.12659e+00,4.62625e-01,2.60148e+00,7.81406e+00
1.79918e+00,7.95863e+01,2.81776e-01,4.32708e+01,3.97378e-01,6.44383e-01,3.26188e+00,1.43210e+01,3.95852e+00,2.19108e+01,6.10038e-01,1.38639e+02,3.65611e+00,1.69748e+00,1.47766e+00,9.64604e+00,4.12161e+00,4.53980e-01,2.62091e+00,7.77378e+00
1.83139e+00,7.85648e+01,2.76993e-01,4.29497e+01,3.97201e-01,6.43562e-01,3.26100e+00,1.43240e+01,3.99891e+00,2.18521e+01,6.10620e-01,1.37112e+02,3.65176e+00,1.71763e+00,1.49803e+00,9.61666e+00,4.11598e+00,4.45566e-01,2.63483e+00,7.73162e+00
1.86048e+00,7.75637e+01,2.72571e-01,4.26513e+01,3.97316e-01,6.42640e-01,3.25449e+00,1.43286e+01,4.02880e+00,2.17949e+01,6.11520e-01,1.35691e+02,3.64762e+00,1.72936e+00,1.52157e+00,9.59197e+00,4.10953e+00,4.37774e-01,2.64681e+00,7.68779e+00
1.88336e+00,7.65824e+01,2.68700e-01,4.23782e+01,3.97624e-01,6.41702e-01,3.24384e+00,1.43343e+01,4.05331e+00,2.17392e+01,6.12827e-01,1.34399e+02,3.64375e+00,1.73489e+00,1.54918e+00,9.57250e+00,4.10222e+00,4.30764e-01,2.65852e+00,7.64337e+00
1.89533e+00,7.56208e+01,2.65413e-01,4.21322e+01,3.98094e-01,6.40735e-01,3.23071e+00,1.43402e+01,4.07650e+00,2.16849e+01,6.14399e-01,1.33226e+02,3.64016e+00,1.73665e+00,1.58160e+00,9.55696e+00,4.09419e+00,4.24690e-01,2.67064e+00,7.59852e+00
1.89326e+00,7.46792e+01,2.62684e-01,4.19138e+01,3.98684e-01,6.39824e-01,3.21690e+00,1.43457e+01,4.10125e+00,2.16319e+01,6.16199e-01,1.32118e+02,3.63679e+00,1.73636e+00,1.61905e+00,9.54469e+00,4.08548e+00,4.19510e-01,2.68250e+00,7.55372e+00
1.87712e+00,7.37572e+01,2.60469e-01,4.17232e+01,3.99200e-01,6.38980e-01,3.20360e+00,1.43516e+01,4.12855e+00,2.15806e+01,6.18092e-01,1.30995e+02,3.63377e+00,1.73508e+00,1.66135e+00,9.53457e+00,4.07625e+00,4.15187e-01,2.69331e+00,7.50936e+00
1.84958e+00,7.28551e+01,2.58627e-01,4.15607e+01,3.99584e-01,6.38237e-01,3.19145e+00,1.43585e+01,4.15763e+00,2.15314e+01,6.19918e-01,1.29794e+02,3.63119e+00,1.73302e+00,1.70810e+00,9.52551e+00,4.06665e+00,4.11658e-01,2.70259e+00,7.46582e+00
1.81426e+00,7.19726e+01,2.57157e-01,4.14249e+01,3.99746e-01,6.37624e-01,3.18098e+00,1.43662e+01,4.18633e+00,2.14855e+01,6.21505e-01,1.28493e+02,3.62903e+00,1.73003e+00,1.75854e+00,9.51671e+00,4.05688e+00,4.08776e-01,2.71010e+00,7.42345e+00
1.77461e+00,7.11099e+01,2.55966e-01,4.13126e+01,3.99614e-01,6.37163e-01,3.17224e+00,1.43751e+01,4.21165e+00,2.14443e+01,6.22657e-01,1.27096e+02,3.62729e+00,1.72570e+00,1.81168e+00,9.50800e+00,4.04706e+00,4.06419e-01,2.71558e+00,7.38250e+00
1.73351e+00,7.02659e+01,2.54954e-01,4.12192e+01,3.99176e-01,6.36825e-01,3.16516e+00,1.43847e+01,4.23068e+00,2.14096e+01,6.23274e-01,1.25633e+02,3.62600e+00,1.71957e+00,1.86584e+00,9.49903e+00,4.03730e+00,4.04461e-01,2.71911e+00,7.34304e+00
1.69293e+00,6.94413e+01,2.54094e-01,4.11423e+01,3.98359e-01,6.36643e-01,3.15971e+00,1.43949e+01,4.24095e+00,2.13846e+01,6.23288e-01,1.24135e+02,3.62505e+00,1.71128e+00,1.91872e+00,9.49007e+00,4.02767e+00,4.02820e-01,2.72007e+00,7.30553e+00
1.65404e+00,6.86358e+01,2.53375e-01,4.10760e+01,3.97190e-01,6.36606e-01,3.15567e+00,1.44060e+01,4.24082e+00,2.13726e+01,6.22745e-01,1.22626e+02,3.62441e+00,1.70066e+00,1.96764e+00,9.48179e+00,4.01822e+00,4.01435e-01,2.71856e+00,7.27013e+00
1.61754e+00,6.78480e+01,2.52726e-01,4.10153e+01,3.95651e-01,6.36737e-01,3.15292e+00,1.44169e+01,4.22984e+00,2.13779e+01,6.21701e-01,1.21131e+02,3.62403e+00,1.68779e+00,2.00984e+00,9.47442e+00,4.00896e+00,4.00187e-01,2.71420e+00,7.23657e+00
1.58370e+00,6.70775e+01,2.52140e-01,4.09564e+01,3.93798e-01,6.37093e-01,3.15130e+00,1.44277e+01,4.20860e+00,2.14046e+01,6.20394e-01,1.19665e+02,3.62387e+00,1.67287e+00,2.04312e+00,9.46830e+00,3.99995e+00,3.99058e-01,2.70701e+00,7.20514e+00
1.55257e+00,6.63244e+01,2.51594e-01,4.08934e+01,3.91760e-01,6.37654e-01,3.15079e+00,1.44383e+01,4.17844e+00,2.14570e+01,6.18943e-01,1.18234e+02,3.62378e+00,1.65637e+00,2.06635e+00,9.46366e+00,3.99111e+00,3.97952e-01,2.69730e+00,7.17530e+00
1.52408e+00,6.55875e+01,2.51056e-01,4.08228e+01,3.89593e-01,6.38540e-01,3.15134e+00,1.44481e+01,4.14103e+00,2.15370e+01,6.17551e-01,1.16843e+02,3.62382e+00,1.63879e+00,2.07954e+00,9.46014e+00,3.98243e+00,3.96886e-01,2.68536e+00,7.14716e+00
1.49804e+00,6.48664e+01,2.50524e-01,4.07404e+01,3.87369e-01,6.39645e-01,3.15306e+00,1.44572e+01,4.09840e+00,2.16447e+01,6.16368e-01,1.15495e+02,3.62390e+00,1.62072e+00,2.08366e+00,9.45776e+00,3.97394e+00,3.95790e-01,2.67228e+00,7.12031e+00
1.47428e+00,6.41610e+01,2.49992e-01,4.06436e+01,3.85163e-01,6.41044e-01,3.15595e+00,1.44656e+01,4.05240e+00,2.17777e+01,6.15437e-01,1.14187e+02,3.62391e+00,1.60273e+00,2.08032e+00,9.45597e+00,3.96562e+00,3.94660e-01,2.65873e+00,7.09421e+00
1.45266e+00,6.34707e+01,2.49482e-01,4.05305e+01,3.83026e-01,6.42695e-01,3.16026e+00,1.44728e+01,4.00463e+00,2.19309e+01,6.14805e-01,1.12922e+02,3.62368e+00,1.58524e+00,2.07141e+00,9.45473e+00,3.95746e+00,3.93494e-01,2.64588e+00,7.06892e+00
1.43298e+00,6.27952e+01,2.48980e-01,4.04021e+01,3.81010e-01,6.44518e-01,3.16600e+00,1.44789e+01,3.95641e+00,2.20958e+01,6.14418e-01,1.11692e+02,3.62314e+00,1.56866e+00,2.05894e+00,9.45364e+00,3.94943e+00,3.92284e-01,2.63431e+00,7.04385e+00
1.41520e+00,6.21349e+01,2.48497e-01,4.02596e+01,3.79153e-01,6.46447e-01,3.17324e+00,1.44838e+01,3.90865e+00,2.22633e+01,6.14233e-01,1.10498e+02,3.62218e+00,1.55325e+00,2.04454e+00,9.45278e+00,3.94147e+00,3.91027e-01,2.62478e+00,7.01892e+00
1.39911e+00,6.14890e+01,2.48010e-01,4.01065e+01,3.77428e-01,6.48365e-01,3.18203e+00,1.44866e+01,3.86191e+00,2.24230e+01,6.14180e-01,1.09340e+02,3.62049e+00,1.53925e+00,2.02930e+00,9.45245e+00,3.93359e+00,3.89744e-01,2.61752e+00,6.99397e+00
1.38460e+00,6.08571e+01,2.47522e-01,3.99469e+01,3.75794e-01,6.50187e-01,3.19226e+00,1.44874e+01,3.81665e+00,2.25668e+01,6.14133e-01,1.08211e+02,3.61796e+00,1.52669e+00,2.01410e+00,9.45268e+00,3.92580e+00,3.88406e-01,2.61271e+00,6.96892e+00
1.37153e+00,6.02395e+01,2.47035e-01,3.97847e+01,3.74282e-01,6.51811e-01,3.20379e+00,1.44864e+01,3.77292e+00,2.26869e+01,6.13960e-01,1.07115e+02,3.61446e+00,1.51562e+00,1.99915e+00,9.45403e+00,3.91816e+00,3.87077e-01,2.60975e+00,6.94393e+00
1.35986e+00,5.96357e+01,2.46546e-01,3.96226e+01,3.72920e-01,6.53202e-01,3.21641e+00,1.44834e+01,3.73078e+00,2.27788e+01,6.13565e-01,1.06048e+02,3.60990e+00,1.50602e+00,1.98433e+00,9.45678e+00,3.91060e+00,3.85774e-01,2.60836e+00,6.91907e+00
1.34936e+00,5.90447e+01,2.46047e-01,3.94621e+01,3.71674e-01,6.54307e-01,3.22987e+00,1.44785e+01,3.69029e+00,2.28399e+01,6.12934e-01,1.05009e+02,3.60427e+00,1.49779e+00,1.96926e+00,9.46118e+00,3.90314e+00,3.84494e-01,2.60757e+00,6.89470e+00
1.33996e+00,5.84667e+01,2.45531e-01,3.93021e+01,3.70522e-01,6.55136e-01,3.24396e+00,1.44723e+01,3.65137e+00,2.28701e+01,6.12011e-01,1.04001e+02,3.59748e+00,1.49072e+00,1.95351e+00,9.46764e+00,3.89590e+00,3.83254e-01,2.60660e+00,6.87092e+00
1.33152e+00,5.79017e+01,2.45021e-01,3.91410e+01,3.69465e-01,6.55622e-01,3.25845e+00,1.44656e+01,3.61406e+00,2.28712e+01,6.10818e-01,1.03021e+02,3.58957e+00,1.48469e+00,1.93658e+00,9.47619e+00,3.88887e+00,3.82071e-01,2.60455e+00,6.84813e+00
1.32398e+00,5.73483e+01,2.44524e-01,3.89749e+01,3.68499e-01,6.55856e-01,3.27311e+00,1.44588e+01,3.57836e+00,2.28465e+01,6.09353e-01,1.02073e+02,3.58065e+00,1.47947e+00,1.91807e+00,9.48722e+00,3.88216e+00,3.80938e-01,2.60060e+00,6.82667e+00
1.31719e+00,5.68069e+01,2.44024e-01,3.88018e+01,3.67581e-01,6.55883e-01,3.28788e+00,1.44527e+01,3.54411e+00,2.27999e+01,6.07703e-01,1.01155e+02,3.57087e+00,1.47488e+00,1.89778e+00,9.50034e+00,3.87586e+00,3.79858e-01,2.59433e+00,6.80657e+00
1.31110e+00,5.62767e+01,2.43518e-01,3.86186e+01,3.66749e-01,6.55719e-01,3.30270e+00,1.44484e+01,3.51149e+00,2.27353e+01,6.05911e-01,1.00269e+02,3.56042e+00,1.47074e+00,1.87557e+00,9.51610e+00,3.87007e+00,3.78817e-01,2.58507e+00,6.78810e+00
1.30559e+00,5.57575e+01,2.43010e-01,3.84229e+01,3.65946e-01,6.55451e-01,3.31758e+00,1.44463e+01,3.48054e+00,2.26570e+01,6.04085e-01,9.94179e+01,3.54939e+00,1.46687e+00,1.85158e+00,9.53376e+00,3.86501e+00,3.77791e-01,2.57289e+00,6.77176e+00
1.30059e+00,5.52499e+01,2.42525e-01,3.82194e+01,3.65152e-01,6.56298e-01,3.33477e+00,1.44476e+01,3.45135e+00,2.25718e+01,6.02331e-01,9.86017e+01,3.53800e+00,1.46313e+00,1.82596e+00,9.55364e+00,3.86091e+00,3.76789e-01,2.55820e+00,6.75745e+00
1.29605e+00,5.47522e+01,2.42039e-01,3.80037e+01,3.64383e-01,6.58832e-01,3.35105e+00,1.44588e+01,3.42379e+00,2.24819e+01,6.01416e-01,9.78176e+01,3.52641e+00,1.45937e+00,1.79931e+00,9.57490e+00,3.85814e+00,3.75817e-01,2.54153e+00,6.74503e+00
1.29193e+00,5.42644e+01,2.41551e-01,3.77847e+01,3.63642e-01,6.62870e-01,3.36955e+00,1.44925e+01,3.39816e+00,2.23919e+01,6.01159e-01,9.70677e+01,3.51476e+00,1.45558e+00,1.77238e+00,9.59760e+00,3.85830e+00,3.74853e-01,2.52358e+00,6.73473e+00
1.28810e+00,5.37877e+01,2.41060e-01,3.75682e+01,3.62908e-01,6.67390e-01,3.38844e+00,1.45529e+01,3.37435e+00,2.23040e+01,6.01765e-01,9.63470e+01,3.50318e+00,1.45170e+00,1.74552e+00,9.62105e+00,3.85997e+00,3.73940e-01,2.50495e+00,6.72605e+00
1.28458e+00,5.33209e+01,2.40559e-01,3.73627e+01,3.62190e-01,6.71759e-01,3.40853e+00,1.46432e+01,3.35231e+00,2.22180e+01,6.02850e-01,9.56563e+01,3.49183e+00,1.44765e+00,1.71904e+00,9.64470e+00,3.86382e+00,3.73029e-01,2.48683e+00,6.71891e+00
1.28126e+00,5.28633e+01,2.40059e-01,3.71737e+01,3.61493e-01,6.76781e-01,3.43227e+00,1.47596e+01,3.33210e+00,2.21347e+01,6.04155e-01,9.49911e+01,3.48072e+00,1.44349e+00,1.69317e+00,9.66823e+00,3.87017e+00,3.72145e-01,2.47005e+00,6.71302e+00
1.27813e+00,5.24153e+01,2.39569e-01,3.70061e+01,3.60816e-01,6.83165e-01,3.46421e+00,1.49007e+01,3.31372e+00,2.20553e+01,6.05739e-01,9.43448e+01,3.46995e+00,1.43917e+00,1.66794e+00,9.69089e+00,3.87899e+00,3.71288e-01,2.45466e+00,6.70797e+00
1.27522e+00,5.19771e+01,2.39083e-01,3.68599e+01,3.60163e-01,6.91859e-01,3.51023e+00,1.50602e+01,3.29694e+00,2.19796e+01,6.07765e-01,9.37145e+01,3.45949e+00,1.43481e+00,1.64355e+00,9.71236e+00,3.89042e+00,3.70451e-01,2.43952e+00,6.70333e+00
1.27238e+00,5.15486e+01,2.38585e-01,3.67294e+01,3.59553e-01,7.05091e-01,3.57763e+00,1.52255e+01,3.28174e+00,2.19076e+01,6.10475e-01,9.30953e+01,3.44939e+00,1.43036e+00,1.62044e+00,9.73223e+00,3.90413e+00,3.69622e-01,2.42310e+00,6.69892e+00
1.26971e+00,5.11299e+01,2.38089e-01,3.66067e+01,3.58977e-01,7.28102e-01,3.67018e+00,1.53866e+01,3.26811e+00,2.18399e+01,6.13956e-01,9.24820e+01,3.43959e+00,1.42598e+00,1.59908e+00,9.74982e+00,3.91981e+00,3.68802e-01,2.40456e+00,6.69441e+00
1.26713e+00,5.07214e+01,2.37597e-01,3.64851e+01,3.58408e-01,7.67326e-01,3.78298e+00,1.55420e+01,3.25567e+00,2.17762e+01,6.18089e-01,9.18723e+01,3.43005e+00,1.42159e+00,1.57984e+00,9.76506e+00,3.93729e+00,3.67983e-01,2.38357e+00,6.68955e+00
1.26462e+00,5.03231e+01,2.37102e-01,3.63614e+01,3.57856e-01,8.23068e-01,3.90044e+00,1.56970e+01,3.24451e+00,2.17174e+01,6.22525e-01,9.12611e+01,3.42076e+00,1.41730e+00,1.56300e+00,9.77737e+00,3.95637e+00,3.67171e-01,2.36053e+00,6.68413e+00
1.26225e+00,4.99356e+01,2.36602e-01,3.62326e+01,3.57349e-01,8.87864e-01,4.00324e+00,1.58607e+01,3.23439e+00,2.16625e+01,6.26930e-01,9.06465e+01,3.41171e+00,1.41315e+00,1.54876e+00,9.78662e+00,3.97689e+00,3.66358e-01,2.33632e+00,6.67799e+00
1.25995e+00,4.95594e+01,2.36106e-01,3.60975e+01,3.56851e-01,9.56576e-01,4.07726e+00,1.60363e+01,3.22520e+00,2.16117e+01,6.31028e-01,9.00275e+01,3.40284e+00,1.40914e+00,1.53746e+00,9.79234e+00,3.99873e+00,3.65555e-01,2.31195e+00,6.67104e+00
1.25768e+00,4.91946e+01,2.35608e-01,3.59600e+01,3.56334e-01,1.02780e+00,4.11891e+00,1.62250e+01,3.21694e+00,2.15646e+01,6.34725e-01,8.94050e+01,3.39414e+00,1.40526e+00,1.52960e+00,9.79471e+00,4.02184e+00,3.64760e-01,2.28824e+00,6.66320e+00
1.25543e+00,4.88417e+01,2.35108e-01,3.58304e+01,3.55795e-01,1.09123e+00,4.13337e+00,1.64188e+01,3.20931e+00,2.15205e+01,6.37984e-01,8.87798e+01,3.38550e+00,1.40153e+00,1.52615e+00,9.79319e+00,4.04632e+00,3.63970e-01,2.26560e+00,6.65435e+00
1.25327e+00,4.85015e+01,2.34624e-01,3.57215e+01,3.55249e-01,1.13095e+00,4.13045e+00,1.66058e+01,3.20238e+00,2.14792e+01,6.40853e-01,8.81522e+01,3.37694e+00,1.39793e+00,1.52881e+00,9.78799e+00,4.07229e+00,3.63183e-01,2.24424e+00,6.64453e+00
1.25113e+00,4.81742e+01,2.34150e-01,3.56475e+01,3.54678e-01,1.14189e+00,4.11992e+00,1.67698e+01,3.19586e+00,2.14399e+01,6.43472e-01,8.75242e+01,3.36845e+00,1.39449e+00,1.54005e+00,9.77926e+00,4.09980e+00,3.62415e-01,2.22411e+00,6.63388e+00
1.24898e+00,4.78607e+01,2.33659e-01,3.56206e+01,3.54083e-01,1.13146e+00,4.10847e+00,1.68952e+01,3.18975e+00,2.14026e+01,6.45834e-01,8.68972e+01,3.36002e+00,1.39109e+00,1.56295e+00,9.76648e+00,4.12882e+00,3.61656e-01,2.20525e+00,6.62210e+00
1.24686e+00,4.75619e+01,2.33164e-01,3.56481e+01,3.53457e-01,1.11148e+00,4.09983e+00,1.69705e+01,3.18385e+00,2.13668e+01,6.48080e-01,8.62726e+01,3.35161e+00,1.38789e+00,1.60018e+00,9.75055e+00,4.15902e+00,3.60897e-01,2.18760e+00,6.60938e+00
1.24477e+00,4.72784e+01,2.32690e-01,3.57289e+01,3.52779e-01,1.09189e+00,4.09443e+00,1.69905e+01,3.17809e+00,2.13326e+01,6.50263e-01,8.56521e+01,3.34318e+00,1.38477e+00,1.65305e+00,9.73112e+00,4.19007e+00,3.60123e-01,2.17112e+00,6.59602e+00
1.24267e+00,4.70103e+01,2.32215e-01,3.58550e+01,3.52074e-01,1.07901e+00,4.09125e+00,1.69594e+01,3.17238e+00,2.12999e+01,6.52375e-01,8.50367e+01,3.33475e+00,1.38176e+00,1.72037e+00,9.70838e+00,4.22115e+00,3.59341e-01,2.15588e+00,6.58187e+00
1.24062e+00,4.67584e+01,2.31741e-01,3.60154e+01,3.51362e-01,1.07561e+00,4.08963e+00,1.68872e+01,3.16664e+00,2.12689e+01,6.54384e-01,8.44286e+01,3.32635e+00,1.37888e+00,1.79835e+00,9.68294e+00,4.25118e+00,3.58566e-01,2.14173e+00,6.56697e+00
1.23859e+00,4.65230e+01,2.31300e-01,3.61958e+01,3.50636e-01,1.08177e+00,4.09092e+00,1.67881e+01,3.16079e+00,2.12397e+01,6.56229e-01,8.38285e+01,3.31803e+00,1.37609e+00,1.88118e+00,9.65454e+00,4.27910e+00,3.57801e-01,2.12856e+00,6.55156e+00
1.23660e+00,4.63037e+01,2.30885e-01,3.63830e+01,3.49909e-01,1.09538e+00,4.09930e+00,1.66773e+01,3.15480e+00,2.12128e+01,6.57813e-01,8.32371e+01,3.30971e+00,1.37337e+00,1.96240e+00,9.62411e+00,4.30376e+00,3.57043e-01,2.11600e+00,6.53587e+00
1.23457e+00,4.61002e+01,2.30495e-01,3.65646e+01,3.49161e-01,1.11297e+00,4.12255e+00,1.65675e+01,3.14863e+00,2.11883e+01,6.59041e-01,8.26567e+01,3.30149e+00,1.37071e+00,2.03594e+00,9.59128e+00,4.32410e+00,3.56286e-01,2.10406e+00,6.51990e+00
1.23255e+00,4.59120e+01,2.30134e-01,3.67340e+01,3.48427e-01,1.13054e+00,4.17079e+00,1.64680e+01,3.14227e+00,2.11669e+01,6.59898e-01,8.20869e+01,3.29331e+00,1.36809e+00,2.09740e+00,9.55680e+00,4.33926e+00,3.55533e-01,2.09260e+00,6.50379e+00
1.23053e+00,4.57376e+01,2.29789e-01,3.68870e+01,3.47738e-01,1.14455e+00,4.25383e+00,1.63827e+01,3.13578e+00,2.11489e+01,6.60419e-01,8.15276e+01,3.28523e+00,1.36552e+00,2.14445e+00,9.52087e+00,4.34872e+00,3.54779e-01,2.08145e+00,6.48781e+00
1.22849e+00,4.55755e+01,2.29431e-01,3.70210e+01,3.47068e-01,1.15246e+00,4.37698e+00,1.63131e+01,3.12916e+00,2.11344e+01,6.60661e-01,8.09797e+01,3.27729e+00,1.36299e+00,2.17661e+00,9.48385e+00,4.35189e+00,3.54037e-01,2.07089e+00,6.47210e+00
1.22646e+00,4.54250e+01,2.29067e-01,3.71330e+01,3.46390e-01,1.15291e+00,4.53501e+00,1.62569e+01,3.12241e+00,2.11244e+01,6.60658e-01,8.04433e+01,3.26946e+00,1.36047e+00,2.19537e+00,9.44575e+00,4.34891e+00,3.53299e-01,2.06105e+00,6.45674e+00
1.22442e+00,4.52839e+01,2.28690e-01,3.72196e+01,3.45682e-01,1.14592e+00,4.70961e+00,1.62095e+01,3.11549e+00,2.11189e+01,6.60525e-01,7.99200e+01,3.26171e+00,1.35800e+00,2.20326e+00,9.40727e+00,4.34005e+00,3.52537e-01,2.05220e+00,6.44187e+00
1.22237e+00,4.51504e+01,2.38855e-01,3.72769e+01,3.60461e-01,1.13230e+00,4.87353e+00,1.61664e+01,3.12087e+00,2.11312e+01,6.60330e-01,7.94109e+01,3.25409e+00,1.35562e+00,2.20366e+00,9.36838e+00,4.32744e+00,3.70394e-01,2.04480e+00,6.42758e+00
1.23193e+00,4.50294e+01,2.57017e-01,3.73178e+01,4.19720e-01,1.11342e+00,5.01822e+00,1.61575e+01,3.13908e+00,2.11560e+01,6.60169e-01,7.89174e+01,3.25478e+00,1.37181e+00,2.19995e+00,9.33498e+00,4.33308e+00,3.85073e-01,2.08275e+00,6.42291e+00
1.24845e+00,4.49071e+01,2.82832e-01,3.73421e+01,5.35789e-01,1.09091e+00,5.14971e+00,1.61810e+01,3.16059e+00,2.12038e+01,6.60066e-01,7.84409e+01,3.25745e+00,1.39108e+00,2.19510e+00,9.30795e+00,4.34161e+00,4.00565e-01,2.14770e+00,6.42806e+00
1.26030e+00,4.47925e+01,3.07979e-01,3.73419e+01,7.13947e-01,1.06624e+00,5.29152e+00,1.61941e+01,3.18339e+00,2.12689e+01,6.59996e-01,7.79834e+01,3.26234e+00,1.40896e+00,2.19125e+00,9.28318e+00,4.34758e+00,4.23694e-01,2.23035e+00,6.43292e+00
1.27006e+00,4.46817e+01,3.30672e-01,3.73214e+01,9.52199e-01,1.04120e+00,5.35977e+00,1.62025e+01,3.20628e+00,2.13387e+01,6.59890e-01,7.75356e+01,3.27142e+00,1.42907e+00,2.18915e+00,9.26778e+00,4.34326e+00,4.50467e-01,2.32611e+00,6.44358e+00
1.28691e+00,4.45699e+01,3.51751e-01,3.73045e+01,1.23460e+00,1.01608e+00,5.40392e+00,1.62164e+01,3.22867e+00,2.14169e+01,6.59672e-01,7.71056e+01,3.27660e+00,1.45040e+00,2.18855e+00,9.27021e+00,4.33103e+00,4.74853e-01,2.44500e+00,6.45394e+00
1.31399e+00,4.44590e+01,3.71914e-01,3.73044e+01,1.45774e+00,9.91872e-01,5.44674e+00,1.62355e+01,3.25264e+00,2.15023e+01,6.59278e-01,7.66933e+01,3.27564e+00,1.47119e+00,2.18836e+00,9.28197e+00,4.31395e+00,4.94916e-01,2.57068e+00,6.45944e+00
1.35138e+00,4.43478e+01,3.88696e-01,3.73274e+01,1.58454e+00,9.68932e-01,5.46165e+00,1.62640e+01,3.28076e+00,2.15909e+01,6.58586e-01,7.62982e+01,3.27270e+00,1.49069e+00,2.18702e+00,9.29036e+00,4.29295e+00,5.11558e-01,2.69265e+00,6.46030e+00
1.39752e+00,4.42357e+01,3.98337e-01,3.73794e+01,1.67814e+00,9.47721e-01,5.42521e+00,1.63072e+01,3.31460e+00,2.16780e+01,6.57500e-01,7.59164e+01,3.27176e+00,1.51111e+00,2.18288e+00,9.28753e+00,4.27005e+00,5.26087e-01,2.81519e+00,6.45956e+00
1.44971e+00,4.41217e+01,3.98796e-01,3.74583e+01,1.79457e+00,9.28566e-01,5.33397e+00,1.63677e+01,3.35484e+00,2.17622e+01,6.55920e-01,7.55491e+01,3.27477e+00,1.53545e+00,2.17460e+00,9.27016e+00,4.24688e+00,5.38544e-01,2.93917e+00,6.45869e+00
1.50469e+00,4.40057e+01,3.90860e-01,3.75558e+01,1.91125e+00,9.11582e-01,5.20487e+00,1.64514e+01,3.40116e+00,2.18438e+01,6.53792e-01,7.51943e+01,3.28232e+00,1.56378e+00,2.16132e+00,9.24233e+00,4.22649e+00,5.47454e-01,3.05858e+00,6.45879e+00
1.56013e+00,4.38876e+01,3.77236e-01,3.76681e+01,1.96553e+00,8.96707e-01,5.05315e+00,1.65685e+01,3.45305e+00,2.19240e+01,6.51094e-01,7.48501e+01,3.29437e+00,1.59347e+00,2.14267e+00,9.21313e+00,4.21166e+00,5.51147e-01,3.16838e+00,6.45983e+00
1.61556e+00,4.37680e+01,3.60744e-01,3.77923e+01,1.93323e+00,8.83880e-01,4.88820e+00,1.67266e+01,3.50934e+00,2.20026e+01,6.47862e-01,7.45223e+01,3.31049e+00,1.62111e+00,2.11893e+00,9.19245e+00,4.20265e+00,5.48839e-01,3.26868e+00,6.46159e+00
1.67160e+00,4.36468e+01,3.43710e-01,3.79181e+01,1.83702e+00,8.72960e-01,4.71735e+00,1.69277e+01,3.56811e+00,2.20782e+01,6.44098e-01,7.42119e+01,3.32977e+00,1.64479e+00,2.09069e+00,9.18499e+00,4.19758e+00,5.41305e-01,3.36243e+00,6.46401e+00
1.72751e+00,4.35242e+01,3.27733e-01,3.80273e+01,1.71057e+00,8.63768e-01,4.54819e+00,1.71676e+01,3.62732e+00,2.21482e+01,6.39873e-01,7.39256e+01,3.35104e+00,1.66435e+00,2.05878e+00,9.18845e+00,4.19555e+00,5.30434e-01,3.45100e+00,6.46729e+00
1.77994e+00,4.34000e+01,3.13757e-01,3.81039e+01,1.57802e+00,8.56163e-01,4.38696e+00,1.74368e+01,3.68538e+00,2.22092e+01,6.35274e-01,7.36714e+01,3.37288e+00,1.68086e+00,2.02412e+00,9.19490e+00,4.19896e+00,5.18861e-01,3.53242e+00,6.47196e+00
1.82408e+00,4.32741e+01,3.02145e-01,3.81388e+01,1.45056e+00,8.49880e-01,4.23900e+00,1.77215e+01,3.74142e+00,2.22595e+01,6.30425e-01,7.34545e+01,3.39378e+00,1.69578e+00,1.98776e+00,9.19633e+00,4.21207e+00,5.09827e-01,3.60415e+00,6.47826e+00
1.85565e+00,4.31455e+01,2.92899e-01,3.81301e+01,1.33168e+00,8.44752e-01,4.10764e+00,1.80093e+01,3.79549e+00,2.22973e+01,6.25385e-01,7.32839e+01,3.41263e+00,1.71031e+00,1.95056e+00,9.18828e+00,4.23729e+00,5.07924e-01,3.66568e+00,6.48646e+00
1.87276e+00,4.30134e+01,2.85832e-01,3.80841e+01,1.22134e+00,8.40598e-01,3.99475e+00,1.82900e+01,3.84840e+00,2.23221e+01,6.20270e-01,7.31619e+01,3.42855e+00,1.72475e+00,1.91335e+00,9.17066e+00,4.27219e+00,5.21095e-01,3.71867e+00,6.49648e+00
1.87614e+00,4.28776e+01,2.80490e-01,3.80094e+01,1.11900e+00,8.37172e-01,3.90057e+00,1.85581e+01,3.90073e+00,2.23359e+01,6.15168e-01,7.30881e+01,3.44120e+00,1.73893e+00,1.87685e+00,9.14779e+00,4.30925e+00,5.63353e-01,3.76483e+00,6.50734e+00
1.86817e+00,4.27376e+01,2.76379e-01,3.79143e+01,1.02448e+00,8.34262e-01,3.82481e+00,1.88128e+01,3.95267e+00,2.23395e+01,6.10165e-01,7.30511e+01,3.45064e+00,1.75223e+00,1.84152e+00,9.12317e+00,4.33974e+00,6.53611e-01,3.80381e+00,6.51848e+00
1.86475e+00,4.25937e+01,2.73082e-01,3.78065e+01,9.37820e-01,8.31704e-01,3.76649e+00,1.90533e+01,4.00309e+00,2.23346e+01,6.05375e-01,7.30406e+01,3.45717e+00,1.76395e+00,1.80770e+00,9.10055e+00,4.35768e+00,8.00804e-01,3.83322e+00,6.52915e+00
1.86612e+00,4.24461e+01,2.70181e-01,3.76942e+01,8.59415e-01,8.29428e-01,3.72474e+00,1.92816e+01,4.05484e+00,2.23240e+01,6.00869e-01,7.30430e+01,3.46210e+00,1.77330e+00,1.77571e+00,9.08083e+00,4.36110e+00,9.81798e-01,3.85042e+00,6.54043e+00
1.86094e+00,4.22953e+01,2.73503e-01,3.75886e+01,7.99175e-01,8.27177e-01,3.69860e+00,1.94960e+01,4.11657e+00,2.23116e+01,5.96728e-01,7.30555e+01,3.46450e+00,1.78133e+00,1.74575e+00,9.06410e+00,4.36123e+00,1.15078e+00,3.85471e+00,6.55044e+00
1.86590e+00,4.22280e+01,2.86097e-01,3.74991e+01,7.69903e-01,8.26210e-01,3.68743e+00,1.97029e+01,4.20484e+00,2.23103e+01,5.93001e-01,7.31410e+01,3.46577e+00,1.78783e+00,1.71793e+00,9.05015e+00,4.36473e+00,1.29721e+00,3.85431e+00,6.55969e+00
1.90025e+00,4.21940e+01,3.06363e-01,3.74793e+01,7.72712e-01,8.36511e-01,3.74398e+00,2.00922e+01,4.31597e+00,2.23282e+01,6.29668e-01,7.32573e+01,3.46683e+00,1.79270e+00,1.70912e+00,9.03908e+00,4.37747e+00,1.35509e+00,3.84743e+00,6.57104e+00
1.96102e+00,4.19992e+01,3.28773e-01,3.75985e+01,8.01382e-01,8.40948e-01,4.38001e+00,2.06043e+01,4.43353e+00,2.23954e+01,7.55305e-01,7.34943e+01,3.46916e+00,1.79394e+00,1.69429e+00,9.03281e+00,4.40296e+00,1.37330e+00,3.83555e+00,6.58531e+00
2.03587e+00,4.18303e+01,3.48359e-01,3.78857e+01,8.59615e-01,8.62151e-01,6.31221e+00,2.07875e+01,4.54424e+00,2.25452e+01,9.02198e-01,7.39054e+01,3.47192e+00,1.79354e+00,1.70845e+00,9.03170e+00,4.44722e+00,1.36210e+00,3.82328e+00,6.60611e+00
2.12123e+00,4.16907e+01,3.65573e-01,3.83894e+01,9.58041e-01,8.68477e-01,8.64205e+00,2.08964e+01,4.65567e+00,2.28400e+01,1.00337e+00,7.47013e+01,3.47634e+00,1.79307e+00,2.45227e+00,9.03590e+00,4.51552e+00,1.32111e+00,3.83984e+00,6.62795e+00
2.20908e+00,4.15644e+01,3.82821e-01,3.91783e+01,1.07367e+00,8.79474e-01,1.00845e+01,2.10275e+01,4.79209e+00,2.34003e+01,1.07277e+00,7.62994e+01,3.48304e+00,1.79333e+00,5.24513e+00,9.04633e+00,4.61166e+00,1.27196e+00,3.91875e+00,6.65252e+00
2.29321e+00,4.14479e+01,3.99023e-01,4.01073e+01,1.16187e+00,8.87992e-01,1.14205e+01,2.11486e+01,4.97444e+00,2.43827e+01,1.09370e+00,7.93677e+01,3.49240e+00,1.79503e+00,8.20131e+00,9.06203e+00,4.73999e+00,1.20246e+00,4.02439e+00,6.68112e+00
2.37614e+00,4.13388e+01,4.10294e-01,4.10372e+01,1.21282e+00,8.94558e-01,1.27921e+01,2.13208e+01,5.20367e+00,2.57510e+01,1.07999e+00,8.47779e+01,3.50520e+00,1.79929e+00,1.02715e+01,9.08407e+00,4.91762e+00,1.13537e+00,4.14232e+00,6.71433e+00
2.46167e+00,4.12344e+01,4.13284e-01,4.19851e+01,1.25099e+00,9.03750e-01,1.36242e+01,2.15818e+01,5.45621e+00,2.71328e+01,1.04913e+00,9.38955e+01,3.52124e+00,1.80779e+00,1.10371e+01,9.11185e+00,5.18153e+00,1.07533e+00,4.27358e+00,6.75195e+00
2.54612e+00,4.11345e+01,4.07635e-01,4.30940e+01,1.30436e+00,9.24368e-01,1.37111e+01,2.19585e+01,5.70209e+00,2.81162e+01,1.01026e+00,1.08549e+02,3.54022e+00,1.82167e+00,1.08989e+01,9.14465e+00,5.58624e+00,1.01980e+00,4.42204e+00,6.79395e+00
2.61840e+00,4.10399e+01,3.95468e-01,4.45464e+01,1.38259e+00,9.71526e-01,1.31474e+01,2.25002e+01,5.92585e+00,2.85495e+01,9.70484e-01,1.27524e+02,3.56178e+00,1.84087e+00,1.05188e+01,9.18081e+00,6.19945e+00,9.65045e-01,4.59110e+00,6.83997e+00
2.67279e+00,4.09535e+01,3.79711e-01,4.64375e+01,1.46834e+00,1.05374e+00,1.22262e+01,2.32549e+01,6.12459e+00,2.85169e+01,9.32765e-01,1.45392e+02,3.58529e+00,1.86432e+00,1.00953e+01,9.21896e+00,7.08774e+00,9.16882e-01,4.78181e+00,6.88895e+00
2.69872e+00,4.08777e+01,3.62957e-01,4.86474e+01,1.53359e+00,1.15233e+00,1.13204e+01,2.42602e+01,6.29817e+00,2.81857e+01,8.97033e-01,1.57665e+02,3.60977e+00,1.89017e+00,9.67342e+00,9.25797e+00,8.30448e+00,8.62248e-01,4.99119e+00,6.93860e+00
2.69582e+00,4.08155e+01,3.46884e-01,5.08794e+01,1.55975e+00,1.23174e+00,1.07681e+01,2.55544e+01,6.44327e+00,2.77024e+01,8.62588e-01,1.63595e+02,3.63396e+00,1.91654e+00,9.31180e+00,9.29754e+00,9.96027e+00,8.13643e-01,5.21666e+00,6.98678e+00
2.67294e+00,4.07690e+01,3.32502e-01,5.28290e+01,1.54312e+00,1.27047e+00,1.08529e+01,2.71574e+01,6.55799e+00,2.71663e+01,8.29197e-01,1.64583e+02,3.65662e+00,1.94172e+00,9.03004e+00,9.33741e+00,1.22106e+01,7.71377e-01,5.45432e+00,7.03217e+00
2.63695e+00,4.07394e+01,3.20200e-01,5.43045e+01,1.48991e+00,1.26970e+00,1.17029e+01,2.90468e+01,6.64838e+00,2.66362e+01,7.97134e-01,1.62278e+02,3.67663e+00,1.96514e+00,8.79029e+00,9.37663e+00,1.48791e+01,7.35506e-01,5.69779e+00,7.07574e+00
2.59262e+00,4.07286e+01,3.10110e-01,5.52484e+01,1.41047e+00,1.24160e+00,1.30731e+01,3.11288e+01,6.72783e+00,2.61429e+01,7.67153e-01,1.57912e+02,3.69319e+00,1.98481e+00,8.53216e+00,9.41304e+00,1.72739e+01,7.07251e-01,5.93620e+00,7.11809e+00
2.54473e+00,4.07377e+01,3.01929e-01,5.56892e+01,1.31565e+00,1.19899e+00,1.44763e+01,3.32695e+01,6.81037e+00,2.57011e+01,7.39980e-01,1.52314e+02,3.70573e+00,2.00167e+00,8.20731e+00,9.44587e+00,1.88048e+01,6.88690e-01,6.15603e+00,7.15843e+00
2.49735e+00,4.07675e+01,2.95430e-01,5.56945e+01,1.22252e+00,1.15095e+00,1.56832e+01,3.56938e+01,6.90381e+00,2.53155e+01,7.16096e-01,1.46078e+02,3.71404e+00,2.01532e+00,7.93330e+00,9.47184e+00,1.94339e+01,6.84747e-01,6.34388e+00,7.19744e+00
2.45285e+00,4.08176e+01,2.90268e-01,5.53597e+01,1.15209e+00,1.10343e+00,1.70729e+01,3.80772e+01,7.00789e+00,2.49845e+01,8.45674e-01,1.39657e+02,3.71821e+00,2.02496e+00,7.80939e+00,9.49158e+00,1.94612e+01,6.98767e-01,6.62041e+00,7.23523e+00
2.41188e+00,4.08872e+01,2.86022e-01,5.48135e+01,1.20616e+00,1.05845e+00,1.92099e+01,3.92793e+01,7.11647e+00,2.47036e+01,2.31750e+00,1.33386e+02,3.71865e+00,2.02988e+00,8.42923e+00,9.50534e+00,1.92155e+01,7.40138e-01,7.14599e+00,7.27142e+00
2.37342e+00,4.09747e+01,2.82392e-01,5.42458e+01,2.17039e+00,1.01786e+00,2.09393e+01,3.97743e+01,7.22242e+00,2.44658e+01,6.43890e+00,1.27498e+02,3.71613e+00,2.02944e+00,9.41306e+00,9.51248e+00,1.89214e+01,8.16689e-01,7.63840e+00,7.30498e+00
2.33571e+00,4.10773e+01,2.79139e-01,5.38962e+01,4.30828e+00,9.81730e-01,2.17218e+01,3.99541e+01,7.32092e+00,2.42628e+01,1.07854e+01,1.22127e+02,3.71155e+00,2.02385e+00,9.80285e+00,9.51535e+00,1.86827e+01,9.24381e-01,8.06804e+00,7.33598e+00
2.29778e+00,4.11919e+01,2.76154e-01,5.40375e+01,5.72355e+00,9.49886e-01,2.19542e+01,3.99408e+01,7.41033e+00,2.40866e+01,1.15680e+01,1.17325e+02,3.70603e+00,2.01405e+00,9.74755e+00,9.51511e+00,1.85030e+01,1.04193e+00,8.40765e+00,7.36466e+00
2.26042e+00,4.13156e+01,2.73387e-01,5.50071e+01,5.47388e+00,9.22405e-01,2.19741e+01,3.97977e+01,7.49100e+00,2.39305e+01,1.02854e+01,1.13090e+02,3.70086e+00,2.00168e+00,9.22084e+00,9.51508e+00,1.83199e+01,1.14205e+00,8.63932e+00,7.39151e+00
2.22564e+00,4.14448e+01,2.70815e-01,5.72162e+01,4.53578e+00,9.00117e-01,2.20457e+01,3.95872e+01,7.56293e+00,2.37896e+01,8.84130e+00,1.09363e+02,3.69758e+00,1.98867e+00,8.43874e+00,9.51948e+00,1.80553e+01,1.20703e+00,8.84489e+00,7.41753e+00
2.19499e+00,4.15764e+01,2.68399e-01,6.09686e+01,3.60654e+00,8.84931e-01,2.25414e+01,3.93393e+01,7.62379e+00,2.36607e+01,7.58750e+00,1.06076e+02,3.69790e+00,1.97700e+00,7.61604e+00,9.53381e+00,1.76557e+01,1.23235e+00,9.08043e+00,7.44174e+00
2.16829e+00,4.17070e+01,2.66159e-01,6.60350e+01,2.86880e+00,8.80013e-01,2.39094e+01,3.90678e+01,7.66843e+00,2.35437e+01,6.44403e+00,1.03156e+02,3.70353e+00,1.96862e+00,6.85589e+00,9.56740e+00,1.71120e+01,1.22297e+00,9.35615e+00,7.46298e+00
2.14335e+00,4.18340e+01,2.64111e-01,7.14748e+01,2.31561e+00,8.88371e-01,2.63703e+01,3.87802e+01,7.69031e+00,2.34425e+01,5.39741e+00,1.00525e+02,3.71626e+00,1.96536e+00,6.19789e+00,9.63367e+00,1.64523e+01,1.18799e+00,9.68437e+00,7.47894e+00
2.11715e+00,4.19556e+01,2.62276e-01,7.61893e+01,1.90212e+00,9.08865e-01,2.92663e+01,3.84903e+01,7.68345e+00,2.33632e+01,4.48319e+00,9.81257e+01,3.73776e+00,1.96876e+00,5.65863e+00,9.75205e+00,1.57232e+01,1.13761e+00,1.00773e+01,7.48782e+00
2.08769e+00,4.20699e+01,2.60723e-01,7.95880e+01,1.58872e+00,9.34066e-01,3.13411e+01,3.82135e+01,7.64451e+00,2.33138e+01,3.72131e+00,9.59137e+01,3.76919e+00,1.97976e+00,5.23940e+00,9.95093e+00,1.49715e+01,1.08128e+00,1.05230e+01,7.48802e+00
2.05448e+00,4.21756e+01,2.59399e-01,8.16869e+01,1.34715e+00,9.54434e-01,3.19475e+01,3.79575e+01,7.57333e+00,2.33051e+01,3.10735e+00,9.38540e+01,3.81103e+00,1.99828e+00,4.92871e+00,1.02724e+01,1.42344e+01,1.02752e+00,1.09916e+01,7.47950e+00
2.01849e+00,4.22729e+01,2.58268e-01,8.28041e+01,1.15829e+00,9.64736e-01,3.12972e+01,3.77196e+01,7.47308e+00,2.33502e+01,2.62332e+00,9.19278e+01,3.86282e+00,2.02294e+00,4.70602e+00,1.07679e+01,1.35335e+01,9.85251e-01,1.14619e+01,7.46254e+00
1.98092e+00,4.23618e+01,2.57345e-01,8.33085e+01,1.00920e+00,9.65101e-01,2.98977e+01,3.74898e+01,7.34876e+00,2.34633e+01,2.24976e+00,9.01249e+01,3.92348e+00,2.05124e+00,4.54713e+00,1.14872e+01,1.28807e+01,9.67039e-01,1.19340e+01,7.43757e+00
1.94362e+00,4.24435e+01,2.56626e-01,8.35593e+01,8.90678e-01,9.58628e-01,2.81723e+01,3.72817e+01,7.20653e+00,2.36593e+01,1.97085e+00,8.84364e+01,3.99062e+00,2.08010e+00,4.42713e+00,1.24551e+01,1.22782e+01,9.91338e-01,1.24209e+01,7.40601e+00
1.90756e+00,4.25205e+01,2.56011e-01,8.39186e+01,7.95993e-01,9.48745e-01,2.63871e+01,3.71640e+01,7.05240e+00,2.39518e+01,1.77810e+00,8.68642e+01,4.06165e+00,2.10608e+00,4.32375e+00,1.36648e+01,1.17238e+01,1.07630e+00,1.29336e+01,7.36925e+00
1.87349e+00,4.25954e+01,2.55527e-01,8.46793e+01,7.20010e-01,9.38049e-01,2.46957e+01,3.72593e+01,6.89140e+00,2.43517e+01,1.66951e+00,8.54005e+01,4.13352e+00,2.12663e+00,4.22037e+00,1.50947e+01,1.12144e+01,1.22031e+00,1.34702e+01,7.32811e+00
1.84171e+00,4.26718e+01,2.55132e-01,8.58949e+01,6.58862e-01,9.28294e-01,2.32113e+01,3.76406e+01,6.72829e+00,2.48655e+01,1.64616e+00,8.40495e+01,4.20347e+00,2.13997e+00,4.10831e+00,1.67051e+01,1.07456e+01,1.38669e+00,1.40069e+01,7.28414e+00
1.81235e+00,4.27529e+01,2.54836e-01,8.72565e+01,6.09494e-01,9.20625e-01,2.20756e+01,3.82259e+01,6.56630e+00,2.54940e+01,1.70476e+00,8.28056e+01,4.26880e+00,2.14550e+00,3.98730e+00,1.83814e+01,1.03152e+01,1.52272e+00,1.45004e+01,7.23757e+00
1.78530e+00,4.28418e+01,2.54653e-01,8.82543e+01,5.69455e-01,9.15877e-01,2.15015e+01,3.88122e+01,6.40789e+00,2.62329e+01,1.82873e+00,8.16691e+01,4.32758e+00,2.14339e+00,3.86354e+00,1.99201e+01,9.92072e+00,1.59503e+00,1.48954e+01,7.18940e+00
1.76035e+00,4.29410e+01,2.54545e-01,8.85141e+01,5.37007e-01,9.14826e-01,2.17297e+01,3.92233e+01,6.25495e+00,2.70720e+01,1.98688e+00,8.06340e+01,4.37813e+00,2.13436e+00,3.74964e+00,2.11200e+01,9.55931e+00,1.60102e+00,1.51425e+01,7.14013e+00
1.73722e+00,4.30523e+01,2.54473e-01,8.79665e+01,5.10583e-01,9.18209e-01,2.28468e+01,3.94030e+01,6.10911e+00,2.79977e+01,2.14339e+00,7.96994e+01,4.41910e+00,2.11931e+00,3.66565e+00,2.18754e+01,9.22879e+00,1.55607e+00,1.52139e+01,7.08996e+00
1.71567e+00,4.31751e+01,2.54396e-01,8.67773e+01,4.89008e-01,9.26511e-01,2.45783e+01,3.94008e+01,5.97147e+00,2.89923e+01,2.27168e+00,7.88665e+01,4.44981e+00,2.09936e+00,3.64285e+00,2.21883e+01,8.92589e+00,1.47931e+00,1.51095e+01,7.03953e+00
1.69546e+00,4.33090e+01,2.54344e-01,8.51929e+01,4.71355e-01,9.40047e-01,2.63634e+01,3.93066e+01,5.84347e+00,3.00360e+01,2.36060e+00,7.81284e+01,4.46971e+00,2.07549e+00,3.72291e+00,2.21272e+01,8.64789e+00,1.38647e+00,1.48506e+01,6.98939e+00
1.67632e+00,4.34504e+01,2.54303e-01,8.34469e+01,4.56834e-01,9.58544e-01,2.76993e+01,3.92001e+01,5.72650e+00,3.11062e+01,2.41199e+00,7.74864e+01,4.47858e+00,2.04858e+00,3.94437e+00,2.17904e+01,8.39152e+00,1.28845e+00,1.44712e+01,6.93994e+00
1.65820e+00,4.35967e+01,2.54268e-01,8.17363e+01,4.44908e-01,9.81053e-01,2.83487e+01,3.91294e+01,5.62164e+00,3.21785e+01,2.43470e+00,7.69344e+01,4.47674e+00,2.01952e+00,4.31984e+00,2.12846e+01,8.15496e+00,1.19207e+00,1.40079e+01,6.89180e+00
1.64075e+00,4.37447e+01,2.54215e-01,8.02311e+01,4.35063e-01,1.00592e+00,2.83006e+01,3.91275e+01,5.53006e+00,3.32267e+01,2.43988e+00,7.64723e+01,4.46481e+00,1.98905e+00,4.81709e+00,2.07119e+01,7.93634e+00,1.10117e+00,1.34943e+01,6.84549e+00
1.62398e+00,4.38926e+01,2.54141e-01,7.90934e+01,4.26921e-01,1.03102e+00,2.76653e+01,3.92414e+01,5.45255e+00,3.42276e+01,2.43920e+00,7.60935e+01,4.44370e+00,1.95778e+00,5.36619e+00,2.01544e+01,7.73455e+00,1.01764e+00,1.29565e+01,6.80150e+00
1.60782e+00,4.40414e+01,2.54036e-01,7.84767e+01,4.20180e-01,1.05418e+00,2.65985e+01,3.95524e+01,5.38921e+00,3.51581e+01,2.44544e+00,7.57989e+01,4.41442e+00,1.92627e+00,5.88539e+00,1.96555e+01,7.54954e+00,9.42192e-01,1.24154e+01,6.76049e+00
1.59221e+00,4.41955e+01,2.53926e-01,7.84983e+01,4.14620e-01,1.07355e+00,2.52576e+01,4.02012e+01,5.33947e+00,3.59980e+01,2.47523e+00,7.55819e+01,4.37824e+00,1.89498e+00,6.30710e+00,1.92134e+01,7.38102e+00,8.74903e-01,1.18851e+01,6.72275e+00
1.57718e+00,4.43628e+01,2.53850e-01,7.91775e+01,4.09987e-01,1.08793e+00,2.37751e+01,4.13500e+01,5.30181e+00,3.67302e+01,2.55391e+00,7.54477e+01,4.33651e+00,1.86426e+00,6.59130e+00,1.87976e+01,7.22950e+00,8.15397e-01,1.13747e+01,6.68869e+00
1.56273e+00,4.45546e+01,2.53778e-01,8.03693e+01,4.06158e-01,1.09705e+00,2.22523e+01,4.30230e+01,5.27396e+00,3.73409e+01,2.72160e+00,7.53961e+01,4.29061e+00,1.83441e+00,6.72852e+00,1.83763e+01,7.09523e+00,7.63146e-01,1.08903e+01,6.65865e+00
1.54891e+00,4.47862e+01,2.53678e-01,8.17654e+01,4.02942e-01,1.10155e+00,2.07576e+01,4.49485e+01,5.25291e+00,3.78218e+01,3.03504e+00,7.54321e+01,4.24180e+00,1.80562e+00,6.73336e+00,1.79391e+01,6.97831e+00,7.17461e-01,1.04341e+01,6.63248e+00
1.53574e+00,4.50754e+01,2.53551e-01,8.29989e+01,4.00239e-01,1.10291e+00,1.93329e+01,4.66909e+01,5.23559e+00,3.81689e+01,3.55168e+00,7.55616e+01,4.19128e+00,1.77798e+00,6.63358e+00,1.74989e+01,6.87913e+00,6.77722e-01,1.00076e+01,6.61067e+00
1.52329e+00,4.54436e+01,2.53412e-01,8.37938e+01,3.97961e-01,1.10346e+00,1.80034e+01,4.79421e+01,5.21951e+00,3.83856e+01,4.28288e+00,7.57867e+01,4.14004e+00,1.75166e+00,6.46054e+00,1.70845e+01,6.79735e+00,6.43292e-01,9.60967e+00,6.59276e+00
1.51158e+00,4.59112e+01,2.53268e-01,8.40405e+01,3.96013e-01,1.10599e+00,1.67817e+01,4.86964e+01,5.20245e+00,3.84819e+01,5.14818e+00,7.61156e+01,4.08907e+00,1.72671e+00,6.24151e+00,1.67315e+01,6.73243e+00,6.13591e-01,9.23818e+00,6.57894e+00
1.50063e+00,4.64960e+01,2.53091e-01,8.37838e+01,3.94328e-01,1.11342e+00,1.56724e+01,4.92331e+01,5.18372e+00,3.84724e+01,5.99403e+00,7.65445e+01,4.03910e+00,1.70322e+00,5.99741e+00,1.64787e+01,6.68310e+00,5.88077e-01,8.89008e+00,6.56877e+00
1.49044e+00,4.72107e+01,2.52874e-01,8.31591e+01,3.92884e-01,1.12808e+00,1.46758e+01,4.99277e+01,5.16369e+00,3.83749e+01,6.67621e+00,7.70774e+01,3.99072e+00,1.68121e+00,5.74281e+00,1.63607e+01,6.64797e+00,5.66306e-01,8.56271e+00,6.56212e+00
1.48097e+00,4.80594e+01,2.52641e-01,8.23469e+01,3.91602e-01,1.15098e+00,1.37897e+01,5.10101e+01,5.14395e+00,3.82093e+01,7.12195e+00,7.77067e+01,3.94432e+00,1.66069e+00,5.48712e+00,1.64032e+01,6.62476e+00,5.47845e-01,8.25317e+00,6.55866e+00
1.47225e+00,4.90350e+01,2.52394e-01,8.15339e+01,3.90486e-01,1.18102e+00,1.30099e+01,5.24159e+01,5.12659e+00,3.79944e+01,7.33079e+00,7.84279e+01,3.90015e+00,1.64168e+00,5.23606e+00,1.66105e+01,6.61072e+00,5.32301e-01,7.95879e+00,6.55807e+00
1.46421e+00,5.01180e+01,2.52148e-01,8.08855e+01,3.89480e-01,1.21505e+00,1.23318e+01,5.38741e+01,5.11388e+00,3.77485e+01,7.34337e+00,7.92277e+01,3.85852e+00,1.62417e+00,4.99315e+00,1.69567e+01,6.60294e+00,5.19282e-01,7.67777e+00,6.56002e+00
1.45683e+00,5.12782e+01,2.51907e-01,8.05158e+01,3.88598e-01,1.24851e+00,1.17500e+01,5.51169e+01,5.10793e+00,3.74869e+01,7.21165e+00,8.00948e+01,3.81941e+00,1.60813e+00,4.76049e+00,1.73831e+01,6.59828e+00,5.08462e-01,7.40932e+00,6.56396e+00
1.45000e+00,5.24781e+01,2.51661e-01,8.04432e+01,3.87783e-01,1.27672e+00,1.12572e+01,5.59928e+01,5.10950e+00,3.72220e+01,6.98353e+00,8.10098e+01,3.78296e+00,1.59348e+00,4.53927e+00,1.78094e+01,6.59379e+00,4.99533e-01,7.15261e+00,6.56952e+00
1.44377e+00,5.36858e+01,2.51400e-01,8.05881e+01,3.87087e-01,1.29602e+00,1.08461e+01,5.64529e+01,5.11825e+00,3.69630e+01,6.69648e+00,8.19539e+01,3.74918e+00,1.58019e+00,4.33055e+00,1.81590e+01,6.58704e+00,4.92232e-01,6.90822e+00,6.57648e+00
1.43805e+00,5.48773e+01,2.51130e-01,8.08122e+01,3.86424e-01,1.30454e+00,1.05062e+01,5.64932e+01,5.13234e+00,3.67171e+01,6.37800e+00,8.29088e+01,3.71820e+00,1.56825e+00,4.13454e+00,1.83792e+01,6.57646e+00,4.86331e-01,6.67709e+00,6.58452e+00
1.43285e+00,5.60483e+01,2.50860e-01,8.09969e+01,3.85754e-01,1.30222e+00,1.02261e+01,5.61460e+01,5.14846e+00,3.64895e+01,6.04715e+00,8.38521e+01,3.68989e+00,1.55752e+00,3.95167e+00,1.84474e+01,6.56097e+00,4.81575e-01,6.45977e+00,6.59310e+00
1.42813e+00,5.72172e+01,2.50563e-01,8.11145e+01,3.85100e-01,1.29018e+00,9.99364e+00,5.54542e+01,5.16266e+00,3.62841e+01,5.71672e+00,8.47627e+01,3.66437e+00,1.54794e+00,3.78167e+00,1.83685e+01,6.54020e+00,4.77758e-01,6.25779e+00,6.60178e+00
1.42377e+00,5.84231e+01,2.50229e-01,8.12273e+01,3.84490e-01,1.27037e+00,9.79799e+00,5.44890e+01,5.17135e+00,3.61044e+01,5.39479e+00,8.56246e+01,3.64168e+00,1.53946e+00,3.62448e+00,1.81653e+01,6.51429e+00,4.74739e-01,6.07217e+00,6.61047e+00
1.41981e+00,5.97210e+01,2.49878e-01,8.14284e+01,3.83895e-01,1.24490e+00,9.63122e+00,5.33244e+01,5.17135e+00,3.59535e+01,5.08620e+00,8.64217e+01,3.62169e+00,1.53197e+00,3.47962e+00,1.78665e+01,6.48404e+00,4.72414e-01,5.90414e+00,6.61878e+00
1.41618e+00,6.11757e+01,2.49512e-01,8.17779e+01,3.83297e-01,1.21580e+00,9.49139e+00,5.20400e+01,5.16065e+00,3.58346e+01,4.79387e+00,8.71417e+01,3.60424e+00,1.52540e+00,3.34667e+00,1.75020e+01,6.45047e+00,4.70599e-01,5.75446e+00,6.62628e+00
1.41291e+00,6.28487e+01,2.49142e-01,8.22628e+01,3.82717e-01,1.18480e+00,9.38266e+00,5.07139e+01,5.13850e+00,3.57503e+01,4.51927e+00,8.77757e+01,3.58914e+00,1.51965e+00,3.22504e+00,1.70968e+01,6.41468e+00,4.69245e-01,5.62319e+00,6.63280e+00
1.40992e+00,6.47825e+01,2.48791e-01,8.27965e+01,3.82136e-01,1.15326e+00,9.31886e+00,4.94087e+01,5.10529e+00,3.57032e+01,4.26312e+00,8.83205e+01,3.57614e+00,1.51465e+00,3.11410e+00,1.66715e+01,6.37755e+00,4.68211e-01,5.50969e+00,6.63800e+00
1.40714e+00,6.69853e+01,2.48446e-01,8.32581e+01,3.81565e-01,1.12226e+00,9.32462e+00,4.81883e+01,5.06234e+00,3.56947e+01,4.02531e+00,8.87792e+01,3.56486e+00,1.51030e+00,3.01315e+00,1.62421e+01,6.33998e+00,4.67431e-01,5.41235e+00,6.64190e+00
1.40459e+00,6.94244e+01,2.48089e-01,8.35383e+01,3.81029e-01,1.09253e+00,9.43898e+00,4.71212e+01,5.01140e+00,3.57259e+01,3.80569e+00,8.91552e+01,3.55491e+00,1.50656e+00,2.92166e+00,1.58196e+01,6.30271e+00,4.66853e-01,5.32917e+00,6.64413e+00
1.40225e+00,7.20244e+01,2.47727e-01,8.35577e+01,3.80477e-01,1.06462e+00,9.71352e+00,4.63105e+01,4.95441e+00,3.57968e+01,3.60376e+00,8.94601e+01,3.54582e+00,1.50330e+00,2.83881e+00,1.54110e+01,6.26576e+00,4.66372e-01,5.25731e+00,6.64460e+00
1.40010e+00,7.46819e+01,2.47358e-01,8.32899e+01,3.79896e-01,1.03893e+00,1.02021e+01,4.59337e+01,4.89322e+00,3.59059e+01,3.41885e+00,8.97051e+01,3.53721e+00,1.50045e+00,2.76415e+00,1.50209e+01,6.22927e+00,4.66030e-01,5.19358e+00,6.64370e+00
1.39812e+00,7.72811e+01,2.46969e-01,8.27376e+01,3.79322e-01,1.01566e+00,1.09301e+01,4.63080e+01,4.82988e+00,3.60508e+01,3.25041e+00,8.99122e+01,3.52868e+00,1.49796e+00,2.69689e+00,1.46524e+01,6.19284e+00,4.65696e-01,5.13488e+00,6.64114e+00
1.39626e+00,7.97203e+01,2.46552e-01,8.19319e+01,3.78745e-01,9.94859e-01,1.18541e+01,4.79924e+01,4.76596e+00,3.62281e+01,3.09773e+00,9.00971e+01,3.51992e+00,1.49579e+00,2.63652e+00,1.43066e+01,6.15606e+00,4.65438e-01,5.07830e+00,6.63717e+00
1.39449e+00,8.19176e+01,2.46126e-01,8.09223e+01,3.78184e-01,9.76545e-01,1.28465e+01,5.19353e+01,4.70278e+00,3.64338e+01,2.96021e+00,9.02847e+01,3.51073e+00,1.49386e+00,2.58245e+00,1.39836e+01,6.11850e+00,4.65180e-01,5.02154e+00,6.63226e+00
1.39284e+00,8.38183e+01,2.45694e-01,7.97694e+01,3.77612e-01,9.60569e-01,1.37434e+01,5.97545e+01,4.64133e+00,3.66643e+01,2.83723e+00,9.04961e+01,3.50092e+00,1.49212e+00,2.53422e+00,1.36827e+01,6.07966e+00,4.64964e-01,4.96283e+00,6.62620e+00
1.39125e+00,8.53928e+01,2.45265e-01,7.85311e+01,3.77012e-01,9.46750e-01,1.44206e+01,7.40624e+01,4.58219e+00,3.69168e+01,2.72818e+00,9.07517e+01,3.49046e+00,1.49055e+00,2.49128e+00,1.34028e+01,6.03908e+00,4.64735e-01,4.90147e+00,6.61934e+00
1.38969e+00,8.66329e+01,2.44849e-01,7.72813e+01,3.76426e-01,9.34874e-01,1.48303e+01,9.76635e+01,4.52599e+00,3.71901e+01,2.63248e+00,9.10729e+01,3.47934e+00,1.48909e+00,2.45308e+00,1.31429e+01,5.99634e+00,4.64498e-01,4.83699e+00,6.61211e+00
1.38819e+00,8.75501e+01,2.44430e-01,7.60937e+01,3.75845e-01,9.24583e-01,1.49891e+01,1.29729e+02,4.47304e+00,3.74831e+01,2.54941e+00,9.14762e+01,3.46760e+00,1.48769e+00,2.41921e+00,1.29008e+01,5.95134e+00,4.64260e-01,4.76973e+00,6.60459e+00
1.38673e+00,8.81630e+01,2.44000e-01,7.50620e+01,3.75286e-01,9.15561e-01,1.49447e+01,1.63246e+02,4.42354e+00,3.77981e+01,2.47821e+00,9.19810e+01,3.45539e+00,1.48637e+00,2.38934e+00,1.26752e+01,5.90392e+00,4.64001e-01,4.69992e+00,6.59718e+00
1.38528e+00,8.84993e+01,2.43569e-01,7.43158e+01,3.74718e-01,9.07402e-01,1.47514e+01,1.90297e+02,4.37747e+00,3.81391e+01,2.41768e+00,9.25899e+01,3.44272e+00,1.48507e+00,2.36305e+00,1.24644e+01,5.85413e+00,4.63724e-01,4.62863e+00,6.58989e+00
1.38386e+00,8.85954e+01,2.43147e-01,7.40433e+01,3.74131e-01,8.99794e-01,1.44566e+01,2.07762e+02,4.33499e+00,3.85127e+01,2.36624e+00,9.33163e+01,3.42978e+00,1.48379e+00,2.33994e+00,1.22668e+01,5.80226e+00,4.63418e-01,4.55647e+00,6.58296e+00
1.38245e+00,8.84985e+01,2.42712e-01,7.45660e+01,3.73543e-01,8.92471e-01,1.40969e+01,2.16670e+02,4.29600e+00,3.89269e+01,2.32203e+00,9.41585e+01,3.41666e+00,1.48252e+00,2.31966e+00,1.20809e+01,5.74854e+00,4.63068e-01,4.48419e+00,6.57660e+00
1.38101e+00,8.82550e+01,2.42257e-01,7.65038e+01,3.72936e-01,8.85144e-01,1.36989e+01,2.19388e+02,4.26026e+00,3.93922e+01,2.28292e+00,9.51216e+01,3.40362e+00,1.48125e+00,2.30189e+00,1.19055e+01,5.69319e+00,4.62660e-01,4.41292e+00,6.57092e+00
1.37957e+00,8.79145e+01,2.41789e-01,8.12938e+01,3.72342e-01,8.77681e-01,1.32812e+01,2.18039e+02,4.22771e+00,3.99208e+01,2.24667e+00,9.62058e+01,3.39074e+00,1.47997e+00,2.28647e+00,1.17390e+01,5.63668e+00,4.62253e-01,4.34301e+00,6.56606e+00
1.37809e+00,8.75244e+01,2.41313e-01,9.22136e+01,3.71720e-01,8.69911e-01,1.28567e+01,2.14146e+02,4.19827e+00,4.05249e+01,2.21103e+00,9.74180e+01,3.37814e+00,1.47866e+00,2.27304e+00,1.15807e+01,5.57944e+00,4.61817e-01,4.27507e+00,6.56218e+00
1.37659e+00,8.71298e+01,2.40842e-01,1.14422e+02,3.71114e-01,8.61847e-01,1.24346e+01,2.08720e+02,4.17171e+00,4.12142e+01,2.17423e+00,9.87592e+01,3.36585e+00,1.47732e+00,2.26135e+00,1.14298e+01,5.52195e+00,4.61384e-01,4.20963e+00,6.55951e+00
1.37509e+00,8.67682e+01,2.40390e-01,1.49179e+02,3.70896e-01,8.53436e-01,1.20204e+01,2.02404e+02,4.14804e+00,4.19931e+01,2.13496e+00,1.00242e+02,3.35401e+00,1.47592e+00,2.25127e+00,1.12855e+01,5.46454e+00,4.60932e-01,4.14692e+00,6.55831e+00
1.37358e+00,8.64655e+01,2.39943e-01,1.87162e+02,3.71244e-01,8.44759e-01,1.16177e+01,1.95625e+02,4.12710e+00,4.28548e+01,2.09250e+00,1.01878e+02,3.34264e+00,1.47765e+00,2.24248e+00,1.11467e+01,5.40776e+00,4.60468e-01,4.08696e+00,6.55877e+00
1.37379e+00,8.62369e+01,2.39487e-01,2.16828e+02,3.72044e-01,8.35853e-01,1.12288e+01,1.88639e+02,4.10867e+00,4.37820e+01,2.04658e+00,1.03689e+02,3.33177e+00,1.47737e+00,2.23486e+00,1.10137e+01,5.35231e+00,4.59979e-01,4.03017e+00,6.56122e+00
1.37339e+00,8.60875e+01,2.39024e-01,2.34651e+02,3.73228e-01,8.26765e-01,1.08558e+01,1.81626e+02,4.09279e+00,4.47443e+01,1.99736e+00,1.05698e+02,3.32141e+00,1.47645e+00,2.22828e+00,1.08857e+01,5.29833e+00,4.59445e-01,3.97697e+00,6.56625e+00
1.37227e+00,8.60114e+01,2.38595e-01,2.42937e+02,3.74790e-01,8.17559e-01,1.04995e+01,1.74694e+02,4.07851e+00,4.56991e+01,1.94547e+00,1.07925e+02,3.31158e+00,1.47593e+00,2.22257e+00,1.07619e+01,5.24604e+00,4.58881e-01,3.92889e+00,6.57398e+00
1.37099e+00,8.59938e+01,2.38228e-01,2.44986e+02,3.76940e-01,8.08335e-01,1.01600e+01,1.67906e+02,4.06584e+00,4.66014e+01,1.89166e+00,1.10371e+02,3.30229e+00,1.47514e+00,2.21764e+00,1.06431e+01,5.19598e+00,4.58277e-01,3.88729e+00,6.59063e+00
1.37015e+00,8.60145e+01,2.37936e-01,2.43274e+02,3.80003e-01,7.99185e-01,9.83776e+00,1.61316e+02,4.05446e+00,4.74083e+01,1.83680e+00,1.13027e+02,3.29352e+00,1.47387e+00,2.21333e+00,1.05294e+01,5.14768e+00,4.57648e-01,3.85236e+00,6.61282e+00
1.36957e+00,8.60506e+01,2.37737e-01,2.39381e+02,3.84579e-01,7.90169e-01,9.53303e+00,1.54940e+02,4.04409e+00,4.80844e+01,1.78191e+00,1.15856e+02,3.28523e+00,1.47232e+00,2.20954e+00,1.04195e+01,5.10072e+00,4.57004e-01,3.82425e+00,6.63922e+00
1.36923e+00,8.60825e+01,2.37570e-01,2.34282e+02,3.91493e-01,7.81344e-01,9.24540e+00,1.48802e+02,4.03459e+00,4.86067e+01,1.72801e+00,1.18792e+02,3.27743e+00,1.47075e+00,2.20626e+00,1.03130e+01,5.05518e+00,4.56341e-01,3.80319e+00,6.66984e+00
1.36920e+00,8.60961e+01,2.37374e-01,2.28558e+02,4.01526e-01,7.72716e-01,8.97451e+00,1.42905e+02,4.02594e+00,4.89655e+01,1.67590e+00,1.21757e+02,3.27008e+00,1.46958e+00,2.20341e+00,1.02111e+01,5.01151e+00,4.55680e-01,3.78857e+00,6.70382e+00
1.36956e+00,8.60840e+01,2.37098e-01,2.22562e+02,4.14637e-01,7.64385e-01,8.72033e+00,1.37256e+02,4.01776e+00,4.91622e+01,1.62602e+00,1.24657e+02,3.26320e+00,1.46896e+00,2.20102e+00,1.01133e+01,4.97033e+00,4.55008e-01,3.77941e+00,6.73913e+00
1.37060e+00,8.60467e+01,2.36718e-01,2.16506e+02,4.29486e-01,7.56340e-01,8.48225e+00,1.31844e+02,4.01003e+00,4.92098e+01,1.57839e+00,1.27413e+02,3.25674e+00,1.46874e+00,2.19923e+00,1.00194e+01,4.93204e+00,4.54325e-01,3.77416e+00,6.77546e+00
1.37264e+00,8.59875e+01,2.36231e-01,2.10503e+02,4.43871e-01,7.48632e-01,8.26017e+00,1.26680e+02,4.00277e+00,4.91244e+01,1.53299e+00,1.29957e+02,3.25071e+00,1.46868e+00,2.19854e+00,9.93005e+00,4.89684e+00,4.53632e-01,3.77191e+00,6.81347e+00
1.37594e+00,8.59167e+01,2.35672e-01,2.04610e+02,4.55429e-01,7.41243e-01,8.05449e+00,1.21750e+02,3.99581e+00,4.89269e+01,1.48974e+00,1.32248e+02,3.24513e+00,1.46858e+00,2.19957e+00,9.84499e+00,4.86463e+00,4.52909e-01,3.77194e+00,6.85327e+00
1.38073e+00,8.58453e+01,2.35067e-01,1.98848e+02,4.62697e-01,7.34247e-01,7.86514e+00,1.17045e+02,3.98926e+00,4.86376e+01,1.44852e+00,1.34268e+02,3.24002e+00,1.46834e+00,2.20315e+00,9.76452e+00,4.83598e+00,4.52160e-01,3.77344e+00,6.89346e+00
1.38703e+00,8.57849e+01,2.34422e-01,1.93219e+02,4.65390e-01,7.27527e-01,7.69228e+00,1.12567e+02,3.98299e+00,4.82754e+01,1.40933e+00,1.36013e+02,3.23537e+00,1.46790e+00,2.20975e+00,9.68933e+00,4.81232e+00,4.51395e-01,3.77750e+00,6.93341e+00
1.39468e+00,8.57449e+01,2.33779e-01,1.87713e+02,4.64074e-01,7.21227e-01,7.53572e+00,1.08302e+02,3.97700e+00,4.78566e+01,1.37242e+00,1.37506e+02,3.23126e+00,1.46727e+00,2.21921e+00,9.61916e+00,4.79658e+00,4.50608e-01,3.78435e+00,6.97202e+00
1.40323e+00,8.57327e+01,2.33129e-01,1.82328e+02,4.59748e-01,7.15266e-01,7.39490e+00,1.04242e+02,3.97122e+00,4.73944e+01,1.33813e+00,1.38765e+02,3.22785e+00,1.46645e+00,2.23087e+00,9.55514e+00,4.79253e+00,4.49799e-01,3.79517e+00,7.00847e+00
1.41216e+00,8.57534e+01,2.32498e-01,1.77054e+02,4.53412e-01,7.09620e-01,7.26854e+00,1.00383e+02,3.96562e+00,4.68991e+01,1.30687e+00,1.39819e+02,3.22528e+00,1.46536e+00,2.24359e+00,9.49790e+00,4.80295e+00,4.48986e-01,3.81105e+00,7.04221e+00
1.42081e+00,8.58060e+01,2.31894e-01,1.71893e+02,4.45876e-01,7.04361e-01,7.15466e+00,9.67140e+01,3.96017e+00,4.63780e+01,1.27940e+00,1.40695e+02,3.22375e+00,1.46399e+00,2.25617e+00,9.44731e+00,4.82712e+00,4.48164e-01,3.83307e+00,7.07256e+00
1.42853e+00,8.58868e+01,2.31326e-01,1.66848e+02,4.37782e-01,6.99399e-01,7.05089e+00,9.32333e+01,3.95481e+00,4.58367e+01,1.25637e+00,1.41416e+02,3.22351e+00,1.46225e+00,2.26755e+00,9.40377e+00,4.85986e+00,4.47335e-01,3.86243e+00,7.09906e+00
1.43482e+00,8.59858e+01,2.30782e-01,1.61923e+02,4.29600e-01,6.94758e-01,6.95478e+00,8.99248e+01,3.94951e+00,4.52804e+01,1.23800e+00,1.42005e+02,3.22477e+00,1.46011e+00,2.27716e+00,9.36649e+00,4.89367e+00,4.46512e-01,3.89947e+00,7.12135e+00
1.43918e+00,8.60906e+01,2.30247e-01,1.57130e+02,4.21587e-01,6.90436e-01,6.86455e+00,8.67878e+01,3.94424e+00,4.47110e+01,1.22425e+00,1.42472e+02,3.22786e+00,1.45763e+00,2.28459e+00,9.33591e+00,4.92235e+00,4.45691e-01,3.94349e+00,7.13868e+00
1.44150e+00,8.61835e+01,2.29724e-01,1.52477e+02,4.13888e-01,6.86444e-01,6.77920e+00,8.38117e+01,3.93904e+00,4.41310e+01,1.21429e+00,1.42834e+02,3.23299e+00,1.45481e+00,2.28956e+00,9.31123e+00,4.94316e+00,4.44870e-01,3.99192e+00,7.15083e+00
1.44178e+00,8.62467e+01,2.29225e-01,1.47978e+02,4.06605e-01,6.82679e-01,6.69809e+00,8.09914e+01,3.93381e+00,4.35416e+01,1.20667e+00,1.43093e+02,3.24023e+00,1.45172e+00,2.29207e+00,9.29427e+00,4.95704e+00,4.44050e-01,4.04044e+00,7.15747e+00
1.44018e+00,8.62629e+01,2.28722e-01,1.43634e+02,3.99852e-01,6.79222e-01,6.62118e+00,7.83169e+01,3.92857e+00,4.29455e+01,1.19979e+00,1.43264e+02,3.24958e+00,1.44847e+00,2.30206e+00,9.28604e+00,4.96723e+00,4.43237e-01,4.08318e+00,7.15881e+00
1.43698e+00,8.62163e+01,2.28223e-01,1.39461e+02,3.93649e-01,6.75979e-01,6.54838e+00,7.57805e+01,3.92330e+00,4.23445e+01,1.19218e+00,1.43347e+02,3.26083e+00,1.44514e+00,2.30482e+00,9.29446e+00,4.97740e+00,4.42434e-01,4.11565e+00,7.15468e+00
1.43256e+00,8.60950e+01,2.27732e-01,1.35455e+02,3.88013e-01,6.72983e-01,6.47965e+00,7.33766e+01,3.91794e+00,4.17410e+01,1.18282e+00,1.43347e+02,3.27373e+00,1.44176e+00,2.30612e+00,9.34031e+00,4.99023e+00,4.41657e-01,4.13487e+00,7.14597e+00
1.42730e+00,8.58935e+01,2.27240e-01,1.31625e+02,3.82942e-01,6.70233e-01,6.41493e+00,7.10969e+01,3.91251e+00,4.11378e+01,1.17122e+00,1.43267e+02,3.28775e+00,1.43841e+00,2.31300e+00,9.48186e+00,5.00674e+00,4.40902e-01,4.14033e+00,7.13259e+00
1.42160e+00,8.56177e+01,2.26767e-01,1.27975e+02,3.78406e-01,6.67632e-01,6.35446e+00,6.89373e+01,3.90699e+00,4.05376e+01,1.15742e+00,1.43116e+02,3.30229e+00,1.43513e+00,2.32971e+00,9.74991e+00,5.02651e+00,4.40171e-01,4.13370e+00,7.11553e+00
1.41575e+00,8.52913e+01,2.26305e-01,1.24498e+02,3.74401e-01,6.65298e-01,6.29878e+00,6.68918e+01,3.90137e+00,3.99436e+01,1.14176e+00,1.42892e+02,3.31670e+00,1.43189e+00,2.36175e+00,1.00188e+01,5.04781e+00,4.39457e-01,4.11781e+00,7.09484e+00
1.41005e+00,8.49718e+01,2.25845e-01,1.21193e+02,3.70859e-01,6.63117e-01,6.24849e+00,6.49504e+01,3.89564e+00,3.93577e+01,1.12493e+00,1.42603e+02,3.33032e+00,1.42872e+00,2.41420e+00,1.01468e+01,5.06834e+00,4.38750e-01,4.09609e+00,7.07149e+00
1.40477e+00,8.47684e+01,2.25377e-01,1.18057e+02,3.67747e-01,6.61145e-01,6.20450e+00,6.31144e+01,3.88980e+00,3.87824e+01,1.10751e+00,1.42252e+02,3.34261e+00,1.42561e+00,2.48872e+00,1.01352e+01,5.08578e+00,4.38049e-01,4.07134e+00,7.04584e+00
1.39995e+00,8.48998e+01,2.24907e-01,1.15080e+02,3.65044e-01,6.59396e-01,6.16733e+00,6.13758e+01,3.88383e+00,3.82197e+01,1.09006e+00,1.41847e+02,3.35300e+00,1.42247e+00,2.58082e+00,1.00615e+01,5.09804e+00,4.37332e-01,4.04614e+00,7.01773e+00
1.39569e+00,8.57877e+01,2.24454e-01,1.12259e+02,3.62664e-01,6.57870e-01,6.13675e+00,5.97280e+01,3.87776e+00,3.76711e+01,1.07314e+00,1.41391e+02,3.36108e+00,1.41935e+00,2.68001e+00,9.99172e+00,5.10356e+00,4.36576e-01,4.02270e+00,6.98795e+00
1.39204e+00,8.82183e+01,2.24004e-01,1.09579e+02,3.60590e-01,6.56776e-01,6.11191e+00,5.81670e+01,3.87163e+00,3.71393e+01,1.05698e+00,1.40896e+02,3.36661e+00,1.41622e+00,2.77285e+00,9.96044e+00,5.10149e+00,4.35764e-01,4.00189e+00,6.95674e+00
1.38893e+00,9.35267e+01,2.23546e-01,1.07037e+02,3.58786e-01,6.56420e-01,6.09172e+00,5.66871e+01,3.86534e+00,3.66243e+01,1.04190e+00,1.40368e+02,3.36947e+00,1.41309e+00,2.84759e+00,9.97567e+00,5.09153e+00,4.34914e-01,3.98479e+00,6.92391e+00
1.38635e+00,1.03571e+02,2.23088e-01,1.04615e+02,3.57198e-01,6.57744e-01,6.07534e+00,5.52817e+01,3.85895e+00,3.61268e+01,1.02806e+00,1.39818e+02,3.36971e+00,1.40999e+00,2.89757e+00,1.00246e+01,5.07412e+00,4.34014e-01,3.97157e+00,6.89010e+00
1.38415e+00,1.19863e+02,2.22623e-01,1.02311e+02,3.55780e-01,6.62321e-01,6.06314e+00,5.39457e+01,3.85246e+00,3.56480e+01,1.01576e+00,1.39253e+02,3.36744e+00,1.40691e+00,2.92187e+00,1.00845e+01,5.05016e+00,4.33058e-01,3.96212e+00,6.85522e+00
1.38218e+00,1.41713e+02,2.22172e-01,1.00107e+02,3.54515e-01,6.71720e-01,6.05760e+00,5.26764e+01,3.84586e+00,3.51881e+01,1.00539e+00,1.38679e+02,3.36289e+00,1.40385e+00,2.92401e+00,1.01353e+01,5.02082e+00,4.32052e-01,3.95593e+00,6.81924e+00
1.38034e+00,1.65428e+02,2.21734e-01,9.80020e+01,3.53411e-01,6.85877e-01,6.06349e+00,5.14713e+01,3.83920e+00,3.47472e+01,9.97468e-01,1.38107e+02,3.35638e+00,1.40079e+00,2.90959e+00,1.01678e+01,4.98736e+00,4.31014e-01,3.95228e+00,6.78266e+00
1.37842e+00,1.86504e+02,2.21290e-01,9.59802e+01,3.52400e-01,7.01987e-01,6.08871e+00,5.03243e+01,3.83243e+00,3.43246e+01,9.92672e-01,1.37538e+02,3.34826e+00,1.39776e+00,2.88439e+00,1.01826e+01,4.95110e+00,4.29973e-01,3.94988e+00,6.74564e+00
1.37635e+00,2.02317e+02,2.20845e-01,9.40411e+01,3.51517e-01,7.16005e-01,6.14546e+00,4.92379e+01,3.82559e+00,3.39201e+01,9.91711e-01,1.36975e+02,3.33887e+00,1.39479e+00,2.85312e+00,1.01848e+01,4.91307e+00,4.28936e-01,3.94820e+00,6.70821e+00
1.37396e+00,2.12534e+02,2.20395e-01,9.21736e+01,3.50708e-01,7.25055e-01,6.25163e+00,4.82122e+01,3.81868e+00,3.35328e+01,9.95149e-01,1.36417e+02,3.32847e+00,1.39185e+00,2.81910e+00,1.01800e+01,4.87437e+00,4.27890e-01,3.94569e+00,6.67068e+00
1.37117e+00,2.18070e+02,2.19968e-01,9.03783e+01,3.49920e-01,7.28249e-01,6.43036e+00,4.72508e+01,3.81170e+00,3.31626e+01,1.00305e+00,1.35862e+02,3.31730e+00,1.38895e+00,2.78469e+00,1.01716e+01,4.83583e+00,4.26838e-01,3.94166e+00,6.63321e+00
1.36792e+00,2.20149e+02,2.19532e-01,8.86438e+01,3.49163e-01,7.26418e-01,6.70309e+00,4.63517e+01,3.80464e+00,3.28091e+01,1.01512e+00,1.35305e+02,3.30558e+00,1.38610e+00,2.75147e+00,1.01626e+01,4.79804e+00,4.25791e-01,3.93518e+00,6.59605e+00
1.36422e+00,2.19840e+02,2.19076e-01,8.69732e+01,3.48449e-01,7.21101e-01,7.07391e+00,4.55181e+01,3.79755e+00,3.24707e+01,1.03075e+00,1.34741e+02,3.29350e+00,1.38330e+00,2.72027e+00,1.01538e+01,4.76147e+00,4.24757e-01,3.92584e+00,6.55942e+00
1.36008e+00,2.17946e+02,2.18623e-01,8.53587e+01,3.47759e-01,7.13745e-01,7.51117e+00,4.47505e+01,3.79039e+00,3.21464e+01,1.04917e+00,1.34164e+02,3.28127e+00,1.38056e+00,2.69139e+00,1.01468e+01,4.72638e+00,4.23730e-01,3.91327e+00,6.52347e+00
1.35547e+00,2.15037e+02,2.18180e-01,8.37999e+01,3.47104e-01,7.05493e-01,7.94635e+00,4.40395e+01,3.78318e+00,3.18359e+01,1.06965e+00,1.33570e+02,3.26884e+00,1.37785e+00,2.66452e+00,1.01452e+01,4.69313e+00,4.22702e-01,3.89742e+00,6.48836e+00
1.35047e+00,2.11494e+02,2.17747e-01,8.22983e+01,3.46444e-01,6.97106e-01,8.30195e+00,4.33806e+01,3.77595e+00,3.15388e+01,1.09164e+00,1.32962e+02,3.25628e+00,1.37518e+00,2.63880e+00,1.01551e+01,4.66173e+00,4.21680e-01,3.87827e+00,6.45431e+00
1.34522e+00,2.07580e+02,2.17311e-01,8.08520e+01,3.47748e-01,6.92343e-01,8.52831e+00,4.27668e+01,3.76868e+00,3.12939e+01,1.11564e+00,1.32380e+02,3.24370e+00,1.37249e+00,2.65631e+00,1.01859e+01,4.63224e+00,4.20672e-01,3.85645e+00,6.42134e+00
1.33980e+00,2.03482e+02,2.19518e-01,7.94695e+01,3.53910e-01,6.89734e-01,8.63069e+00,4.22149e+01,3.76429e+00,3.11691e+01,1.32034e+00,1.32086e+02,3.23108e+00,1.37070e+00,2.73012e+00,1.02491e+01,4.60623e+00,4.22946e-01,4.15696e+00,6.38943e+00
1.33514e+00,1.99574e+02,2.25763e-01,7.81642e+01,3.67929e-01,9.13391e-01,8.91674e+00,4.18026e+01,3.76104e+00,3.15267e+01,2.42531e+00,1.32393e+02,3.21840e+00,1.36876e+00,3.54316e+00,1.03524e+01,4.58375e+00,4.24352e-01,6.34792e+00,6.35880e+00
1.33028e+00,1.95586e+02,2.33396e-01,7.69581e+01,3.92197e-01,1.57366e+00,1.07342e+01,4.16963e+01,3.75830e+00,3.32081e+01,3.86815e+00,1.33682e+02,3.20644e+00,1.36673e+00,5.98350e+00,1.04943e+01,4.56275e+00,4.25661e-01,1.08611e+01,6.32967e+00
1.32530e+00,1.91323e+02,2.41330e-01,7.58693e+01,4.27734e-01,2.70796e+00,1.33611e+01,4.18278e+01,3.75630e+00,3.68974e+01,4.67133e+00,1.36084e+02,3.19414e+00,1.36499e+00,9.10180e+00,1.06600e+01,4.54319e+00,4.28464e-01,1.83596e+01,6.30164e+00
1.32026e+00,1.87162e+02,2.47486e-01,7.49200e+01,4.62224e-01,3.70887e+00,1.64954e+01,4.18708e+01,3.75459e+00,4.20411e+01,5.16618e+00,1.40137e+02,3.18191e+00,1.36356e+00,1.26388e+01,1.08274e+01,4.52476e+00,4.32461e-01,3.21406e+01,6.27471e+00
1.31551e+00,1.83198e+02,2.52042e-01,7.41546e+01,4.89718e-01,4.63280e+00,2.16003e+01,4.17987e+01,3.75258e+00,4.84119e+01,5.38164e+00,1.46909e+02,3.17074e+00,1.36254e+00,1.51905e+01,1.09758e+01,4.50791e+00,4.36700e-01,4.11805e+01,6.24917e+00
1.31129e+00,1.79434e+02,2.55520e-01,7.36053e+01,5.13672e-01,7.46785e+00,2.75157e+01,4.17104e+01,3.75078e+00,5.65603e+01,5.16651e+00,1.57576e+02,3.15901e+00,1.36185e+00,1.58281e+01,1.10925e+01,4.49214e+00,4.40635e-01,3.94939e+01,6.22470e+00
1.30767e+00,1.75848e+02,2.59091e-01,7.32761e+01,5.32517e-01,1.37306e+01,3.11443e+01,4.15902e+01,3.74956e+00,6.62320e+01,4.72134e+00,1.72784e+02,3.14738e+00,1.36143e+00,1.54133e+01,1.11732e+01,4.47691e+00,4.44317e-01,3.33681e+01,6.20117e+00
1.30459e+00,1.72395e+02,2.61442e-01,7.31890e+01,5.42665e-01,1.76771e+01,3.25913e+01,4.14369e+01,3.74911e+00,7.63465e+01,4.26822e+00,1.92240e+02,3.13596e+00,1.36138e+00,1.47597e+01,1.12198e+01,4.46220e+00,4.47832e-01,2.72837e+01,6.17881e+00
1.30194e+00,1.69045e+02,2.62398e-01,7.34947e+01,5.43832e-01,1.71353e+01,3.26640e+01,4.13083e+01,3.74940e+00,8.67582e+01,3.91365e+00,2.14683e+02,3.12469e+00,1.36180e+00,1.40949e+01,1.12378e+01,4.44844e+00,4.51085e-01,2.26919e+01,6.15744e+00
1.29964e+00,1.65782e+02,2.61873e-01,7.45852e+01,5.39332e-01,1.45904e+01,3.63194e+01,4.13248e+01,3.75025e+00,9.94194e+01,3.68226e+00,2.38015e+02,3.11361e+00,1.36264e+00,1.36532e+01,1.12344e+01,4.43595e+00,4.53706e-01,1.97013e+01,6.13665e+00
1.29760e+00,1.62615e+02,2.60157e-01,7.69154e+01,5.32801e-01,1.18214e+01,7.24623e+01,4.17151e+01,3.75161e+00,1.15335e+02,3.56269e+00,2.59717e+02,3.10283e+00,1.36368e+00,1.39587e+01,1.12151e+01,4.42489e+00,4.55364e-01,1.79032e+01,6.11644e+00
1.29591e+00,1.59526e+02,2.57935e-01,8.05713e+01,5.26505e-01,9.46183e+00,1.57943e+02,4.27718e+01,3.75338e+00,1.29698e+02,3.55640e+00,2.77808e+02,3.09257e+00,1.36475e+00,1.55347e+01,1.11843e+01,4.41531e+00,4.55859e-01,1.68140e+01,6.09667e+00
1.29455e+00,1.56466e+02,2.55798e-01,8.51484e+01,5.21150e-01,7.62119e+00,2.11600e+02,4.46354e+01,3.75545e+00,1.36047e+02,3.71855e+00,2.91761e+02,3.08281e+00,1.36575e+00,1.82841e+01,1.11450e+01,4.40706e+00,4.55162e-01,1.60966e+01,6.07720e+00
1.29358e+00,1.53382e+02,2.54240e-01,8.99357e+01,5.16392e-01,6.24285e+00,2.30765e+02,4.71070e+01,3.75735e+00,1.33253e+02,4.14863e+00,3.02545e+02,3.07351e+00,1.36666e+00,2.15292e+01,1.10996e+01,4.39979e+00,4.53490e-01,1.55037e+01,6.05819e+00
1.29296e+00,1.50247e+02,2.53557e-01,9.40724e+01,5.11455e-01,5.24371e+00,2.32979e+02,4.97566e+01,3.75881e+00,1.24436e+02,4.88169e+00,3.11786e+02,3.06470e+00,1.36753e+00,2.56138e+01,1.10497e+01,4.39314e+00,4.51120e-01,1.48319e+01,6.03944e+00
1.29261e+00,1.47069e+02,2.53765e-01,9.74061e+01,5.05752e-01,4.56074e+00,2.25781e+02,5.22069e+01,3.75955e+00,1.13092e+02,5.75375e+00,3.20762e+02,3.05634e+00,1.36851e+00,3.38005e+01,1.09958e+01,4.38703e+00,4.48400e-01,1.39869e+01,6.02100e+00
1.29242e+00,1.43882e+02,2.54546e-01,1.05598e+02,4.98923e-01,4.15880e+00,2.13627e+02,5.43228e+01,3.75937e+00,1.01495e+02,6.49435e+00,3.29871e+02,3.04843e+00,1.36964e+00,4.80826e+01,1.09395e+01,4.38157e+00,4.45785e-01,1.30016e+01,6.00280e+00
1.29226e+00,1.40730e+02,2.55393e-01,1.41720e+02,4.91004e-01,4.01444e+00,1.99446e+02,5.62477e+01,3.75816e+00,9.07623e+01,6.97163e+00,3.38722e+02,3.04083e+00,1.37092e+00,6.09748e+01,1.08814e+01,4.37683e+00,4.43603e-01,1.19675e+01,5.98500e+00
1.29200e+00,1.37643e+02,2.55791e-01,2.11474e+02,4.82165e-01,4.08175e+00,1.84597e+02,5.83066e+01,3.75591e+00,8.13092e+01,7.25314e+00,3.46674e+02,3.03360e+00,1.37228e+00,6.55003e+01,1.08226e+01,4.37270e+00,4.42301e-01,1.09696e+01,5.96753e+00
1.29154e+00,1.34647e+02,2.55458e-01,2.64984e+02,4.72700e-01,4.26973e+00,1.69538e+02,6.07542e+01,3.75277e+00,7.31939e+01,7.50192e+00,3.53290e+02,3.02668e+00,1.37359e+00,6.31109e+01,1.07639e+01,4.36906e+00,4.42033e-01,1.00585e+01,5.95032e+00
1.29077e+00,1.31756e+02,2.54248e-01,2.84831e+02,4.62839e-01,4.46552e+00,1.54568e+02,6.35495e+01,3.74893e+00,6.63253e+01,7.97314e+00,3.58449e+02,3.02003e+00,1.37480e+00,5.75835e+01,1.07057e+01,4.36569e+00,4.43082e-01,9.25599e+00,5.93356e+00
1.28975e+00,1.28976e+02,2.52127e-01,2.85552e+02,4.52945e-01,4.58323e+00,1.40061e+02,6.63148e+01,3.74438e+00,6.05474e+01,9.52135e+00,3.62163e+02,3.01362e+00,1.37580e+00,5.13293e+01,1.06486e+01,4.36237e+00,4.45530e-01,8.56384e+00,5.91711e+00
1.28845e+00,1.26306e+02,2.49379e-01,2.78374e+02,4.43128e-01,4.58917e+00,1.26402e+02,6.85828e+01,3.73950e+00,5.57063e+01,1.50846e+01,3.64328e+02,3.00745e+00,1.37654e+00,4.54202e+01,1.05928e+01,4.35899e+00,4.49334e-01,7.97422e+00,5.90101e+00
1.28686e+00,1.23747e+02,2.46135e-01,2.68266e+02,4.33595e-01,4.49098e+00,1.13898e+02,7.01161e+01,3.73425e+00,5.16526e+01,2.80887e+01,3.64630e+02,3.00152e+00,1.37694e+00,4.02260e+01,1.05387e+01,4.35535e+00,4.54356e-01,7.47500e+00,5.88541e+00
1.28503e+00,1.21294e+02,2.42631e-01,2.57203e+02,4.24465e-01,4.31511e+00,1.02740e+02,7.11287e+01,3.72891e+00,4.82613e+01,4.36784e+01,3.62691e+02,2.99581e+00,1.37693e+00,3.58077e+01,1.04863e+01,4.35133e+00,4.60252e-01,7.05374e+00,5.87022e+00
1.28297e+00,1.18943e+02,2.39083e-01,2.45942e+02,4.15832e-01,4.09062e+00,9.30219e+01,7.24878e+01,3.72335e+00,4.54219e+01,5.43846e+01,3.58280e+02,2.99021e+00,1.37647e+00,3.20959e+01,1.04358e+01,4.34685e+00,4.66521e-01,6.69816e+00,5.85549e+00
