2.96430e+05,3.15945e+05,2.78924e+05,3.20227e+05,2.73098e+05,3.13062e+05,3.22476e+05,3.22481e+05,3.02025e+05,2.96664e+05,3.12191e+05,2.90617e+05,3.03810e+05,3.05388e+05,3.26294e+05,3.18438e+05,3.02269e+05,3.06265e+05,3.02739e+05,3.08554e+05
1.00000e-02,1.00000e-02,1.00000e-02,1.00000e-02,1.00000e-02,1.00000e-02,1.00000e-02,1.00000e-02,1.00000e-02,1.00000e-02,1.00000e-02,1.00000e-02,1.00000e-02,1.00000e-02,1.00000e-02,1.00000e-02,1.00000e-02,1.00000e-02,1.00000e-02,1.00000e-02
1.67941e-02,1.23627e-02,2.69490e-02,1.64498e-02,2.57088e-02,1.64428e-02,1.72080e-02,2.63908e-02,1.47127e-02,1.22841e-02,1.69377e-02,1.09982e-02,1.72262e-02,1.71587e-02,1.33004e-02,1.57540e-02,1.76177e-02,1.25068e-02,3.24072e-02,1.47495e-02
2.68424e-02,1.35828e-02,4.71623e-02,2.88751e-02,4.23690e-02,2.47423e-02,3.07614e-02,4.02063e-02,2.22897e-02,1.53537e-02,2.85819e-02,1.20175e-02,2.38031e-02,2.43268e-02,1.49567e-02,2.43127e-02,2.57944e-02,1.44404e-02,7.08737e-02,2.02718e-02
3.33910e-02,1.43095e-02,6.86130e-02,4.09944e-02,6.33813e-02,3.45250e-02,4.57306e-02,4.78960e-02,3.27881e-02,2.11193e-02,3.99142e-02,1.30743e-02,2.84180e-02,3.43823e-02,1.59694e-02,3.73679e-02,3.26107e-02,1.87997e-02,9.89491e-02,2.65846e-02
3.68010e-02,1.51084e-02,8.87460e-02,4.84113e-02,8.78377e-02,4.47237e-02,5.75836e-02,5.02391e-02,4.37717e-02,3.24616e-02,4.81792e-02,1.42056e-02,3.31280e-02,4.69216e-02,1.71753e-02,5.20860e-02,3.84326e-02,2.57940e-02,1.19728e-01,3.31018e-02
3.98057e-02,1.65396e-02,1.08017e-01,5.23299e-02,1.12477e-01,5.50096e-02,6.53920e-02,5.09398e-02,5.41910e-02,5.63953e-02,5.36291e-02,1.54561e-02,4.00921e-02,5.95234e-02,1.89447e-02,6.76484e-02,4.44963e-02,3.36597e-02,1.39715e-01,4.03255e-02
4.45066e-02,1.92730e-02,1.27737e-01,5.49782e-02,1.36150e-01,6.64821e-02,7.07144e-02,5.22990e-02,6.37913e-02,1.06433e-01,5.73147e-02,1.68788e-02,4.87469e-02,7.07154e-02,2.14683e-02,8.43344e-02,5.02487e-02,4.09412e-02,1.61054e-01,4.93091e-02
5.23075e-02,2.40773e-02,1.47660e-01,5.79153e-02,1.58840e-01,8.09804e-02,7.54061e-02,5.50179e-02,7.26370e-02,1.88730e-01,5.99023e-02,1.85358e-02,5.63107e-02,8.07502e-02,2.46891e-02,1.01749e-01,5.44612e-02,4.71450e-02,1.83505e-01,6.05511e-02
6.42436e-02,3.16290e-02,1.65485e-01,6.19699e-02,1.80984e-01,9.98464e-02,8.08216e-02,5.86173e-02,8.09666e-02,2.87376e-01,6.15729e-02,2.04984e-02,6.07042e-02,9.10720e-02,2.82955e-02,1.19151e-01,5.67421e-02,5.25695e-02,2.07090e-01,7.40058e-02
8.09231e-02,4.25110e-02,1.78274e-01,6.74051e-02,2.03644e-01,1.23230e-01,8.75985e-02,6.23087e-02,8.92696e-02,3.75823e-01,6.25994e-02,2.28474e-02,6.17120e-02,1.03191e-01,3.19626e-02,1.35886e-01,5.76999e-02,5.78806e-02,2.32234e-01,8.89384e-02
1.02968e-01,5.67043e-02,1.84377e-01,7.39958e-02,2.27853e-01,1.50127e-01,9.54435e-02,6.54032e-02,9.80167e-02,4.37954e-01,6.34296e-02,2.56737e-02,6.03055e-02,1.17974e-01,3.54023e-02,1.50985e-01,5.82568e-02,6.40409e-02,2.59014e-01,1.04315e-01
1.30652e-01,7.33333e-02,1.84051e-01,8.12333e-02,2.53686e-01,1.78476e-01,1.03244e-01,6.77403e-02,1.07768e-01,4.72739e-01,6.45146e-02,2.91036e-02,5.78728e-02,1.35674e-01,3.85739e-02,1.63972e-01,5.91650e-02,7.21268e-02,2.86842e-01,1.18929e-01
1.63637e-01,9.10123e-02,1.78637e-01,8.88001e-02,2.80373e-01,2.05705e-01,1.10265e-01,6.93238e-02,1.19174e-01,4.87565e-01,6.61503e-02,3.33086e-02,5.54137e-02,1.55666e-01,4.15986e-02,1.74708e-01,6.08852e-02,8.26328e-02,3.15042e-01,1.32144e-01
2.01563e-01,1.08194e-01,1.70025e-01,9.65890e-02,3.06250e-01,2.29122e-01,1.16275e-01,7.04237e-02,1.32946e-01,4.91404e-01,6.83812e-02,3.84742e-02,5.36940e-02,1.76599e-01,4.46766e-02,1.83582e-01,6.37272e-02,9.49003e-02,3.42817e-01,1.43712e-01
2.44453e-01,1.23660e-01,1.59955e-01,1.04767e-01,3.29130e-01,2.46784e-01,1.21735e-01,7.12506e-02,1.49880e-01,4.91484e-01,7.10250e-02,4.48022e-02,5.34005e-02,1.97122e-01,4.79978e-02,1.91564e-01,6.79041e-02,1.07267e-01,3.69936e-01,1.53827e-01
2.92899e-01,1.36755e-01,1.49608e-01,1.13710e-01,3.47066e-01,2.57785e-01,1.27348e-01,7.19789e-02,1.70730e-01,4.92378e-01,7.37805e-02,5.24886e-02,5.51659e-02,2.16261e-01,5.17048e-02,1.99952e-01,7.35045e-02,1.17731e-01,3.96246e-01,1.62802e-01
3.47157e-01,1.47219e-01,1.39835e-01,1.23734e-01,3.59306e-01,2.62370e-01,1.33625e-01,7.27862e-02,1.95949e-01,4.96330e-01,7.63397e-02,6.17243e-02,6.00027e-02,2.33688e-01,5.58601e-02,2.09894e-01,8.03625e-02,1.25018e-01,4.21747e-01,1.71494e-01
4.05964e-01,1.55167e-01,1.30981e-01,1.35169e-01,3.66002e-01,2.61422e-01,1.40554e-01,7.37267e-02,2.25505e-01,5.03833e-01,7.84626e-02,7.26961e-02,6.92941e-02,2.49553e-01,6.04235e-02,2.22298e-01,8.80834e-02,1.28743e-01,4.46339e-01,1.80670e-01
4.65887e-01,1.60918e-01,1.23352e-01,1.48208e-01,3.68001e-01,2.56243e-01,1.47703e-01,7.48156e-02,2.58408e-01,5.14360e-01,8.00953e-02,8.55961e-02,8.45788e-02,2.64072e-01,6.52982e-02,2.37728e-01,9.61156e-02,1.29267e-01,4.69967e-01,1.90772e-01
5.21887e-01,1.64924e-01,1.16850e-01,1.62996e-01,3.66274e-01,2.48202e-01,1.54332e-01,7.61385e-02,2.93017e-01,5.26817e-01,8.12664e-02,1.00631e-01,1.06762e-01,2.77421e-01,7.03909e-02,2.56369e-01,1.03896e-01,1.27395e-01,4.92467e-01,2.01995e-01
5.69444e-01,1.67691e-01,1.11501e-01,1.79647e-01,3.61648e-01,2.38505e-01,1.59870e-01,7.77103e-02,3.27171e-01,5.39965e-01,8.20410e-02,1.18032e-01,1.35330e-01,2.89494e-01,7.55482e-02,2.78197e-01,1.11072e-01,1.23997e-01,5.13784e-01,2.14320e-01
6.05853e-01,1.69699e-01,1.07088e-01,1.98126e-01,3.54739e-01,2.28191e-01,1.64110e-01,7.94970e-02,3.58852e-01,5.52675e-01,8.25789e-02,1.38066e-01,1.67862e-01,3.00267e-01,8.06816e-02,3.02908e-01,1.17575e-01,1.19865e-01,5.33993e-01,2.27322e-01
6.30911e-01,1.71381e-01,1.03425e-01,2.18404e-01,3.46020e-01,2.17962e-01,1.67115e-01,8.16353e-02,3.86472e-01,5.64140e-01,8.29718e-02,1.61040e-01,2.01155e-01,3.09571e-01,8.57847e-02,3.29947e-01,1.23480e-01,1.15625e-01,5.53388e-01,2.40717e-01
6.46417e-01,1.73007e-01,1.00306e-01,2.40424e-01,3.35863e-01,2.08374e-01,1.69156e-01,8.42389e-02,4.09108e-01,5.73918e-01,8.33117e-02,1.87271e-01,2.32330e-01,3.17433e-01,9.09221e-02,3.58350e-01,1.29175e-01,1.11795e-01,5.72430e-01,2.54257e-01
6.55033e-01,1.74816e-01,9.76064e-02,2.63977e-01,3.24629e-01,1.99789e-01,1.70526e-01,8.74363e-02,4.26592e-01,5.81870e-01,8.36869e-02,2.17064e-01,2.59677e-01,3.24171e-01,9.62236e-02,3.86893e-01,1.35120e-01,1.08774e-01,5.91093e-01,2.67676e-01
6.59196e-01,1.76897e-01,9.51143e-02,2.88932e-01,3.12743e-01,1.92380e-01,1.71667e-01,9.13352e-02,4.39246e-01,5.88249e-01,8.41406e-02,2.50649e-01,2.82728e-01,3.30173e-01,1.01915e-01,4.14284e-01,1.41868e-01,1.06911e-01,6.09128e-01,2.80974e-01
6.60925e-01,1.79195e-01,9.27914e-02,3.15031e-01,3.00580e-01,1.86239e-01,1.72882e-01,9.61235e-02,4.47813e-01,5.93465e-01,8.47160e-02,2.88057e-01,3.02029e-01,3.36061e-01,1.08289e-01,4.39591e-01,1.49924e-01,1.06522e-01,6.26166e-01,2.94333e-01
6.61468e-01,1.81703e-01,9.05535e-02,3.42141e-01,2.88522e-01,1.81491e-01,1.74471e-01,1.01875e-01,4.53275e-01,5.98139e-01,8.54322e-02,3.29124e-01,3.18445e-01,3.42361e-01,1.15691e-01,4.62234e-01,1.59664e-01,1.07827e-01,6.41559e-01,3.08130e-01
6.61499e-01,1.84372e-01,8.83683e-02,3.70049e-01,2.76730e-01,1.78107e-01,1.76630e-01,1.08543e-01,4.56651e-01,6.02948e-01,8.62914e-02,3.73463e-01,3.33038e-01,3.49475e-01,1.24448e-01,4.82200e-01,1.71326e-01,1.11103e-01,6.55153e-01,3.22887e-01
6.61128e-01,1.87192e-01,8.62965e-02,3.98588e-01,2.65512e-01,1.76131e-01,1.79476e-01,1.16223e-01,4.58899e-01,6.08585e-01,8.73048e-02,4.20482e-01,3.46787e-01,3.57568e-01,1.34954e-01,4.99950e-01,1.84814e-01,1.16454e-01,6.67015e-01,3.39382e-01
6.60223e-01,1.90197e-01,8.43142e-02,4.27624e-01,2.54982e-01,1.75602e-01,1.83057e-01,1.24735e-01,4.60934e-01,6.15758e-01,8.84716e-02,4.69416e-01,3.60507e-01,3.66710e-01,1.47466e-01,5.16288e-01,1.99766e-01,1.23767e-01,6.77438e-01,3.58443e-01
6.58571e-01,1.93440e-01,8.24337e-02,4.56979e-01,2.45172e-01,1.76527e-01,1.87464e-01,1.33941e-01,4.63530e-01,6.25125e-01,8.97621e-02,5.19407e-01,3.74722e-01,3.76689e-01,1.62113e-01,5.32339e-01,2.15600e-01,1.32756e-01,6.87290e-01,3.81047e-01
6.56056e-01,1.97083e-01,8.06645e-02,4.86606e-01,2.36184e-01,1.79058e-01,1.92667e-01,1.43745e-01,4.67310e-01,6.37286e-01,9.12123e-02,5.69639e-01,3.89781e-01,3.87253e-01,1.78911e-01,5.49334e-01,2.31601e-01,1.42943e-01,6.97340e-01,4.08201e-01
6.52634e-01,2.01343e-01,7.90324e-02,5.16370e-01,2.28121e-01,1.83290e-01,1.98541e-01,1.53969e-01,4.72637e-01,6.52744e-01,9.28699e-02,6.19380e-01,4.05838e-01,3.97962e-01,1.97718e-01,5.68620e-01,2.47054e-01,1.53644e-01,7.08704e-01,4.40818e-01
6.48542e-01,2.06486e-01,7.75058e-02,5.46368e-01,2.20882e-01,1.89433e-01,2.04964e-01,1.64532e-01,4.79718e-01,6.71906e-01,9.46866e-02,6.68056e-01,4.22929e-01,4.08592e-01,2.18261e-01,5.91506e-01,2.61495e-01,1.64115e-01,7.22204e-01,4.79348e-01
6.43986e-01,2.12711e-01,7.61396e-02,5.76626e-01,2.14489e-01,1.97681e-01,2.11685e-01,1.75230e-01,4.88445e-01,6.95000e-01,9.67430e-02,7.15275e-01,4.41090e-01,4.18934e-01,2.40349e-01,6.18991e-01,2.74583e-01,1.73645e-01,7.38719e-01,5.23626e-01
6.39459e-01,2.20329e-01,7.49531e-02,6.07303e-01,2.08846e-01,2.08169e-01,2.18598e-01,1.86051e-01,4.98612e-01,7.22235e-01,9.91074e-02,7.60834e-01,4.60137e-01,4.29018e-01,2.63807e-01,6.51443e-01,2.86153e-01,1.81761e-01,7.58599e-01,5.73052e-01
6.35424e-01,2.29469e-01,7.38542e-02,6.38439e-01,2.03977e-01,2.21007e-01,2.25630e-01,1.96923e-01,5.09960e-01,7.53536e-01,1.01857e-01,8.04733e-01,4.80056e-01,4.39201e-01,2.88552e-01,6.88680e-01,2.96176e-01,1.88081e-01,7.82143e-01,6.26446e-01
6.32360e-01,2.40271e-01,7.28868e-02,6.70135e-01,1.99710e-01,2.36190e-01,2.32738e-01,2.07842e-01,5.22205e-01,7.88855e-01,1.05165e-01,8.47082e-01,5.00960e-01,4.50335e-01,3.14558e-01,7.29509e-01,3.04772e-01,1.92440e-01,8.09241e-01,6.82283e-01
6.30777e-01,2.52670e-01,7.20832e-02,7.02450e-01,1.96075e-01,2.53449e-01,2.40048e-01,2.18784e-01,5.35323e-01,8.27846e-01,1.09123e-01,8.88121e-01,5.23011e-01,4.63590e-01,3.41769e-01,7.72081e-01,3.12059e-01,1.94892e-01,8.39639e-01,7.38959e-01
6.31044e-01,2.66514e-01,7.13914e-02,7.35394e-01,1.93042e-01,2.72302e-01,2.47772e-01,2.29693e-01,5.49393e-01,8.70263e-01,1.13888e-01,9.28208e-01,5.46556e-01,4.80466e-01,3.70052e-01,8.14203e-01,3.18143e-01,1.95644e-01,8.72636e-01,7.94868e-01
6.33399e-01,2.81451e-01,7.07998e-02,7.68853e-01,1.90529e-01,2.92139e-01,2.56221e-01,2.40641e-01,5.64830e-01,9.15554e-01,1.19562e-01,9.67734e-01,5.72185e-01,5.02627e-01,3.99039e-01,8.53794e-01,3.23257e-01,1.94942e-01,9.07480e-01,8.48797e-01
6.38019e-01,2.97074e-01,7.03210e-02,8.02791e-01,1.88451e-01,3.12343e-01,2.65693e-01,2.51649e-01,5.82084e-01,9.63359e-01,1.26183e-01,1.00707e+00,6.00868e-01,5.31468e-01,4.28284e-01,8.89212e-01,3.27507e-01,1.93076e-01,9.43601e-01,8.99543e-01
6.44698e-01,3.12876e-01,6.99353e-02,8.37000e-01,1.86792e-01,3.32303e-01,2.76554e-01,2.62707e-01,6.01674e-01,1.01304e+00,1.33684e-01,1.04662e+00,6.33666e-01,5.67318e-01,4.57232e-01,9.19462e-01,3.31078e-01,1.90338e-01,9.80251e-01,9.46141e-01
6.53011e-01,3.28416e-01,6.96423e-02,8.71281e-01,1.85530e-01,3.51595e-01,2.89130e-01,2.73769e-01,6.23971e-01,1.06415e+00,1.41873e-01,1.08673e+00,6.71660e-01,6.09149e-01,4.85238e-01,9.44270e-01,3.34046e-01,1.86924e-01,1.01680e+00,9.87990e-01
6.62408e-01,3.43281e-01,6.94133e-02,9.05313e-01,1.84526e-01,3.69998e-01,3.03639e-01,2.84867e-01,6.49336e-01,1.11610e+00,1.50475e-01,1.12775e+00,7.15970e-01,6.54210e-01,5.11997e-01,9.63771e-01,3.36542e-01,1.83124e-01,1.05258e+00,1.02468e+00
6.72203e-01,3.57149e-01,6.92676e-02,9.38840e-01,1.83807e-01,3.87527e-01,3.20237e-01,2.96060e-01,6.77584e-01,1.16850e+00,1.59059e-01,1.16997e+00,7.66983e-01,6.98867e-01,5.37080e-01,9.78637e-01,3.38678e-01,1.79081e-01,1.08749e+00,1.05596e+00
6.81626e-01,3.69827e-01,6.91721e-02,9.71525e-01,1.83319e-01,4.04260e-01,3.38918e-01,3.07393e-01,7.08399e-01,1.22087e+00,1.67286e-01,1.21363e+00,8.24703e-01,7.39470e-01,5.60363e-01,9.89478e-01,3.40469e-01,1.74947e-01,1.12112e+00,1.08185e+00
6.89971e-01,3.81212e-01,6.91475e-02,1.00310e+00,1.83085e-01,4.20435e-01,3.59592e-01,3.18985e-01,7.41199e-01,1.27284e+00,1.74836e-01,1.25890e+00,8.87893e-01,7.73164e-01,5.81824e-01,9.97015e-01,3.42068e-01,1.70823e-01,1.15327e+00,1.10242e+00
6.96743e-01,3.91345e-01,6.91279e-02,1.03323e+00,1.83003e-01,4.36191e-01,3.81923e-01,3.30858e-01,7.75165e-01,1.32412e+00,1.81467e-01,1.30591e+00,9.54700e-01,7.98487e-01,6.01288e-01,1.00206e+00,3.43504e-01,1.66791e-01,1.18413e+00,1.11804e+00
7.01498e-01,4.00287e-01,6.90836e-02,1.06166e+00,1.83053e-01,4.51505e-01,4.05556e-01,3.43377e-01,8.09458e-01,1.37449e+00,1.87065e-01,1.35471e+00,1.02261e+00,8.15152e-01,6.18790e-01,1.00520e+00,3.44906e-01,1.62917e-01,1.21328e+00,1.12899e+00
7.04104e-01,4.08196e-01,6.91096e-02,1.08837e+00,1.83229e-01,4.66392e-01,4.29880e-01,3.56407e-01,8.43272e-01,1.42382e+00,1.91589e-01,1.40529e+00,1.08900e+00,8.23945e-01,6.34220e-01,1.00705e+00,3.46330e-01,1.59234e-01,1.24086e+00,1.13588e+00
7.04477e-01,4.15223e-01,6.91610e-02,1.11325e+00,1.83533e-01,4.80627e-01,4.54330e-01,3.70141e-01,8.75961e-01,1.47202e+00,1.95110e-01,1.45755e+00,1.15140e+00,8.25961e-01,6.47481e-01,1.00803e+00,3.47870e-01,1.55755e-01,1.26657e+00,1.13916e+00
7.02821e-01,4.21529e-01,6.92335e-02,1.13634e+00,1.83877e-01,4.93948e-01,4.78131e-01,3.84646e-01,9.07047e-01,1.51923e+00,1.97733e-01,1.51132e+00,1.20798e+00,8.22552e-01,6.58375e-01,1.00869e+00,3.49616e-01,1.52530e-01,1.29015e+00,1.13943e+00
6.99235e-01,4.27350e-01,6.93101e-02,1.15782e+00,1.84311e-01,5.06103e-01,5.00810e-01,3.99976e-01,9.36196e-01,1.56543e+00,1.99637e-01,1.56631e+00,1.25755e+00,8.15033e-01,6.66902e-01,1.00942e+00,3.51667e-01,1.49515e-01,1.31156e+00,1.13738e+00
6.94086e-01,4.32800e-01,6.93872e-02,1.17800e+00,1.84784e-01,5.16912e-01,5.21772e-01,4.16075e-01,9.63196e-01,1.61080e+00,2.00998e-01,1.62226e+00,1.29976e+00,8.04487e-01,6.72890e-01,1.01062e+00,3.54075e-01,1.46782e-01,1.33048e+00,1.13353e+00
6.87689e-01,4.38091e-01,6.94691e-02,1.19714e+00,1.85287e-01,5.26262e-01,5.40767e-01,4.32880e-01,9.88074e-01,1.65546e+00,2.02048e-01,1.67884e+00,1.33435e+00,7.91908e-01,6.76383e-01,1.01249e+00,3.56971e-01,1.44256e-01,1.34689e+00,1.12844e+00
6.80280e-01,4.43343e-01,6.95713e-02,1.21569e+00,1.85848e-01,5.34250e-01,5.57680e-01,4.50320e-01,1.01080e+00,1.69932e+00,2.02975e-01,1.73564e+00,1.36174e+00,7.77952e-01,6.77522e-01,1.01527e+00,3.60414e-01,1.42017e-01,1.36043e+00,1.12269e+00
6.72088e-01,4.48685e-01,6.97057e-02,1.23407e+00,1.86392e-01,5.41063e-01,5.72496e-01,4.68160e-01,1.03140e+00,1.74237e+00,2.04009e-01,1.79218e+00,1.38263e+00,7.63231e-01,6.76414e-01,1.01908e+00,3.64439e-01,1.39954e-01,1.37110e+00,1.11679e+00
6.63477e-01,4.54212e-01,6.98617e-02,1.25275e+00,1.86932e-01,5.46963e-01,5.85354e-01,4.86310e-01,1.05008e+00,1.78422e+00,2.05326e-01,1.84811e+00,1.39772e+00,7.48207e-01,6.73224e-01,1.02396e+00,3.69099e-01,1.38106e-01,1.37879e+00,1.11111e+00
6.54657e-01,4.60031e-01,7.00100e-02,1.27222e+00,1.87530e-01,5.52113e-01,5.96529e-01,5.04650e-01,1.06682e+00,1.82464e+00,2.07081e-01,1.90303e+00,1.40783e+00,7.33254e-01,6.68211e-01,1.02992e+00,3.74418e-01,1.36423e-01,1.38347e+00,1.10596e+00
6.45746e-01,4.66224e-01,7.01890e-02,1.29294e+00,1.88114e-01,5.56863e-01,6.06507e-01,5.23078e-01,1.08198e+00,1.86313e+00,2.09457e-01,1.95660e+00,1.41369e+00,7.18569e-01,6.61632e-01,1.03671e+00,3.80425e-01,1.34920e-01,1.38535e+00,1.10144e+00
6.36915e-01,4.72872e-01,7.03492e-02,1.31545e+00,1.88666e-01,5.61422e-01,6.15537e-01,5.41577e-01,1.09558e+00,1.89923e+00,2.12696e-01,2.00852e+00,1.41620e+00,7.04320e-01,6.53765e-01,1.04428e+00,3.87126e-01,1.33621e-01,1.38459e+00,1.09771e+00
6.28259e-01,4.80139e-01,7.05121e-02,1.34029e+00,1.89157e-01,5.65896e-01,6.24074e-01,5.60216e-01,1.10789e+00,1.93253e+00,2.16827e-01,2.05854e+00,1.41608e+00,6.90618e-01,6.44842e-01,1.05238e+00,3.94490e-01,1.32463e-01,1.38131e+00,1.09480e+00
6.19911e-01,4.88012e-01,7.06319e-02,1.36792e+00,1.89611e-01,5.70435e-01,6.32411e-01,5.79071e-01,1.11901e+00,1.96258e+00,2.22010e-01,2.10652e+00,1.41376e+00,6.77490e-01,6.35185e-01,1.06086e+00,4.02508e-01,1.31495e-01,1.37578e+00,1.09251e+00
6.11941e-01,4.96656e-01,7.07618e-02,1.39889e+00,1.90107e-01,5.74976e-01,6.40799e-01,5.98294e-01,1.12928e+00,1.98918e+00,2.28175e-01,2.15239e+00,1.41012e+00,6.65063e-01,6.24867e-01,1.06945e+00,4.11020e-01,1.30653e-01,1.36834e+00,1.09079e+00
6.04300e-01,5.06270e-01,7.09117e-02,1.43365e+00,1.90600e-01,5.79512e-01,6.49459e-01,6.18200e-01,1.13885e+00,2.01209e+00,2.35329e-01,2.19611e+00,1.40548e+00,6.53318e-01,6.14223e-01,1.07794e+00,4.19992e-01,1.29967e-01,1.35933e+00,1.08937e+00
5.97128e-01,5.17068e-01,7.10531e-02,1.47257e+00,1.91110e-01,5.83750e-01,6.58609e-01,6.39320e-01,1.14802e+00,2.03144e+00,2.43304e-01,2.23776e+00,1.40020e+00,6.42346e-01,6.03398e-01,1.08624e+00,4.29362e-01,1.29395e-01,1.34914e+00,1.08807e+00
5.90448e-01,5.29219e-01,7.12161e-02,1.51584e+00,1.91620e-01,5.87726e-01,6.68248e-01,6.61931e-01,1.15694e+00,2.04731e+00,2.51954e-01,2.27754e+00,1.39482e+00,6.32126e-01,5.92491e-01,1.09429e+00,4.39045e-01,1.28949e-01,1.33796e+00,1.08672e+00
5.84232e-01,5.42945e-01,7.13938e-02,1.56362e+00,1.92018e-01,5.91185e-01,6.78384e-01,6.86701e-01,1.16578e+00,2.05988e+00,2.61019e-01,2.31564e+00,1.38948e+00,6.22604e-01,5.81635e-01,1.10204e+00,4.49032e-01,1.28598e-01,1.32616e+00,1.08504e+00
5.78499e-01,5.58551e-01,7.16005e-02,1.61587e+00,1.92426e-01,5.94006e-01,6.89057e-01,7.14234e-01,1.17488e+00,2.06964e+00,2.70229e-01,2.35233e+00,1.38446e+00,6.13804e-01,5.71034e-01,1.10945e+00,4.59278e-01,1.28336e-01,1.31408e+00,1.08288e+00
5.73241e-01,5.76278e-01,7.18128e-02,1.67230e+00,1.92840e-01,5.96140e-01,7.00151e-01,7.44960e-01,1.18439e+00,2.07699e+00,2.79335e-01,2.38796e+00,1.37978e+00,6.05703e-01,5.60716e-01,1.11677e+00,4.69794e-01,1.28155e-01,1.30191e+00,1.08038e+00
5.68442e-01,5.96469e-01,7.20127e-02,1.73235e+00,1.93256e-01,5.97515e-01,7.11473e-01,7.79531e-01,1.19444e+00,2.08232e+00,2.88121e-01,2.42287e+00,1.37563e+00,5.98326e-01,5.50725e-01,1.12406e+00,4.80747e-01,1.28032e-01,1.28979e+00,1.07734e+00
5.64123e-01,6.19225e-01,7.22444e-02,1.79541e+00,1.93624e-01,5.98097e-01,7.22886e-01,8.18166e-01,1.20519e+00,2.08630e+00,2.96411e-01,2.45740e+00,1.37200e+00,5.91544e-01,5.41112e-01,1.13156e+00,4.92324e-01,1.27969e-01,1.27793e+00,1.07383e+00
5.60271e-01,6.44812e-01,7.24087e-02,1.86059e+00,1.94007e-01,5.97935e-01,7.34393e-01,8.61218e-01,1.21665e+00,2.08930e+00,3.04030e-01,2.49195e+00,1.36892e+00,5.85430e-01,5.31971e-01,1.13956e+00,5.04732e-01,1.27951e-01,1.26667e+00,1.06982e+00
5.56788e-01,6.73262e-01,7.25520e-02,1.92700e+00,1.94364e-01,5.97073e-01,7.45704e-01,9.08389e-01,1.22895e+00,2.09200e+00,3.10917e-01,2.52692e+00,1.36629e+00,5.79924e-01,5.23250e-01,1.14830e+00,5.18200e-01,1.27963e-01,1.25601e+00,1.06536e+00
5.53679e-01,7.04544e-01,7.26716e-02,1.99376e+00,1.94682e-01,5.95561e-01,7.56987e-01,9.59139e-01,1.24180e+00,2.09489e+00,3.17043e-01,2.56264e+00,1.36418e+00,5.74988e-01,5.15040e-01,1.15813e+00,5.33094e-01,1.28063e-01,1.24604e+00,1.06056e+00
5.51042e-01,7.38578e-01,7.27652e-02,2.06035e+00,1.94983e-01,5.93450e-01,7.68065e-01,1.01259e+00,1.25532e+00,2.09857e+00,3.22401e-01,2.59951e+00,1.36254e+00,5.70525e-01,5.07292e-01,1.16942e+00,5.49768e-01,1.28163e-01,1.23698e+00,1.05554e+00
5.48689e-01,7.74996e-01,7.28583e-02,2.12622e+00,1.95225e-01,5.90888e-01,7.79031e-01,1.06747e+00,1.26921e+00,2.10364e+00,3.26986e-01,2.63782e+00,1.36102e+00,5.66696e-01,5.00057e-01,1.18254e+00,5.68533e-01,1.28323e-01,1.22895e+00,1.05042e+00
5.46667e-01,8.13508e-01,7.29323e-02,2.19125e+00,1.95477e-01,5.87931e-01,7.90084e-01,1.12237e+00,1.28323e+00,2.11061e+00,3.30864e-01,2.67780e+00,1.35981e+00,5.63336e-01,4.93321e-01,1.19784e+00,5.89705e-01,1.28511e-01,1.22189e+00,1.04516e+00
5.44994e-01,8.53464e-01,7.30289e-02,2.25544e+00,1.95712e-01,5.84630e-01,8.01359e-01,1.17582e+00,1.29704e+00,2.12018e+00,3.34064e-01,2.71962e+00,1.35871e+00,5.60405e-01,4.87071e-01,1.21572e+00,6.13574e-01,1.28663e-01,1.21592e+00,1.03996e+00
5.43504e-01,8.94267e-01,7.31200e-02,2.31918e+00,1.95973e-01,5.81123e-01,8.13098e-01,1.22652e+00,1.31036e+00,2.13276e+00,3.36675e-01,2.76347e+00,1.35773e+00,5.57907e-01,4.81291e-01,1.23649e+00,6.40318e-01,1.28840e-01,1.21097e+00,1.03482e+00
5.42338e-01,9.35322e-01,7.32077e-02,2.38286e+00,1.96248e-01,5.77393e-01,8.25641e-01,1.27339e+00,1.32286e+00,2.14915e+00,3.38728e-01,2.80942e+00,1.35674e+00,5.55809e-01,4.75988e-01,1.26069e+00,6.70155e-01,1.29023e-01,1.20715e+00,1.03001e+00
5.41389e-01,9.75828e-01,7.32904e-02,2.44712e+00,1.96486e-01,5.73611e-01,8.39394e-01,1.31569e+00,1.33425e+00,2.16962e+00,3.40314e-01,2.85752e+00,1.35590e+00,5.54085e-01,4.71157e-01,1.28859e+00,7.03088e-01,1.29204e-01,1.20424e+00,1.02536e+00
5.40663e-01,1.01510e+00,7.33829e-02,2.51245e+00,1.96685e-01,5.69701e-01,8.54711e-01,1.35293e+00,1.34434e+00,2.19487e+00,3.41381e-01,2.90769e+00,1.35506e+00,5.52671e-01,4.66748e-01,1.32052e+00,7.39157e-01,1.29401e-01,1.20242e+00,1.02101e+00
5.40100e-01,1.05260e+00,7.34550e-02,2.57953e+00,1.96855e-01,5.65741e-01,8.71942e-01,1.38484e+00,1.35293e+00,2.22506e+00,3.42080e-01,2.95980e+00,1.35420e+00,5.51584e-01,4.62762e-01,1.35678e+00,7.78392e-01,1.29603e-01,1.20149e+00,1.01706e+00
5.39724e-01,1.08775e+00,7.35121e-02,2.64883e+00,1.97031e-01,5.61793e-01,8.91436e-01,1.41161e+00,1.35978e+00,2.26060e+00,3.42309e-01,3.01378e+00,1.35342e+00,5.50753e-01,4.59196e-01,1.39734e+00,8.20948e-01,1.29799e-01,1.20129e+00,1.01354e+00
5.39544e-01,1.12021e+00,7.35255e-02,2.72066e+00,1.97184e-01,5.57901e-01,9.13445e-01,1.43331e+00,1.36508e+00,2.30159e+00,3.42187e-01,3.06936e+00,1.35279e+00,5.50147e-01,4.55985e-01,1.44248e+00,8.67179e-01,1.30017e-01,1.20186e+00,1.01050e+00
5.39454e-01,1.14958e+00,7.35964e-02,2.79517e+00,1.97299e-01,5.54036e-01,9.38134e-01,1.45039e+00,1.36866e+00,2.34792e+00,3.41680e-01,3.12617e+00,1.35227e+00,5.49708e-01,4.53155e-01,1.49201e+00,9.17525e-01,1.30207e-01,1.20313e+00,1.00798e+00
5.39535e-01,1.17574e+00,7.36687e-02,2.87248e+00,1.97433e-01,5.50291e-01,9.65508e-01,1.46324e+00,1.37059e+00,2.39951e+00,3.40870e-01,3.18392e+00,1.35196e+00,5.49562e-01,4.50678e-01,1.54553e+00,9.72570e-01,1.30372e-01,1.20479e+00,1.00601e+00
5.39707e-01,1.19857e+00,7.37313e-02,2.95257e+00,1.97490e-01,5.46652e-01,9.95318e-01,1.47228e+00,1.37098e+00,2.45579e+00,3.39744e-01,3.24229e+00,1.35176e+00,5.49519e-01,4.48501e-01,1.60261e+00,1.03279e+00,1.30532e-01,1.20692e+00,1.00466e+00
5.39907e-01,1.21811e+00,7.37884e-02,3.03508e+00,1.97540e-01,5.43111e-01,1.02718e+00,1.47808e+00,1.37000e+00,2.51629e+00,3.38336e-01,3.30092e+00,1.35176e+00,5.49621e-01,4.46618e-01,1.66240e+00,1.09846e+00,1.30704e-01,1.20920e+00,1.00401e+00
5.40169e-01,1.23447e+00,7.38238e-02,3.11985e+00,1.97640e-01,5.39699e-01,1.06052e+00,1.48107e+00,1.36780e+00,2.58039e+00,3.36688e-01,3.35946e+00,1.35214e+00,5.49910e-01,4.45034e-01,1.72402e+00,1.16951e+00,1.30875e-01,1.21160e+00,1.00413e+00
5.40568e-01,1.24782e+00,7.38452e-02,3.20673e+00,1.98025e-01,5.36375e-01,1.09465e+00,1.48170e+00,1.36457e+00,2.64733e+00,3.34849e-01,3.41752e+00,1.35266e+00,5.50301e-01,4.43669e-01,1.78641e+00,1.24509e+00,1.31057e-01,1.21408e+00,1.00515e+00
5.41038e-01,1.25839e+00,7.38805e-02,3.29553e+00,1.98152e-01,5.33172e-01,1.12879e+00,1.48028e+00,1.36042e+00,2.71656e+00,3.32794e-01,3.47475e+00,1.35347e+00,5.50796e-01,4.42538e-01,1.84823e+00,1.32392e+00,1.31237e-01,1.21638e+00,1.00705e+00
5.41631e-01,1.26632e+00,7.39220e-02,3.38592e+00,1.98124e-01,5.30139e-01,1.16213e+00,1.47725e+00,1.35558e+00,2.78727e+00,3.30597e-01,3.53085e+00,1.35444e+00,5.51308e-01,4.41660e-01,1.90839e+00,1.40427e+00,1.31412e-01,1.21844e+00,1.01000e+00
5.42173e-01,1.27199e+00,7.39536e-02,3.47796e+00,1.98054e-01,5.27219e-01,1.19410e+00,1.47305e+00,1.35022e+00,2.85897e+00,3.28270e-01,3.58553e+00,1.35568e+00,5.51868e-01,4.40922e-01,1.96576e+00,1.48409e+00,1.31583e-01,1.22016e+00,1.01408e+00
5.42757e-01,1.27565e+00,7.39525e-02,3.57180e+00,1.98035e-01,5.24456e-01,1.22420e+00,1.46780e+00,1.34439e+00,2.93122e+00,3.25809e-01,3.63858e+00,1.35704e+00,5.52525e-01,4.40365e-01,2.01938e+00,1.56150e+00,1.31716e-01,1.22169e+00,1.01952e+00
5.43425e-01,1.27761e+00,7.39790e-02,3.66729e+00,1.98033e-01,5.21842e-01,1.25204e+00,1.46194e+00,1.33836e+00,3.00374e+00,3.23328e-01,3.68969e+00,1.35858e+00,5.53235e-01,4.39950e-01,2.06871e+00,1.63480e+00,1.31861e-01,1.22290e+00,1.02646e+00
5.44071e-01,1.27809e+00,7.40368e-02,3.76430e+00,1.98023e-01,5.19411e-01,1.27741e+00,1.45571e+00,1.33215e+00,3.07632e+00,3.20782e-01,3.73866e+00,1.36013e+00,5.53950e-01,4.39667e-01,2.11318e+00,1.70263e+00,1.32015e-01,1.22378e+00,1.03505e+00
5.44679e-01,1.27736e+00,7.40404e-02,3.86281e+00,1.98020e-01,5.17121e-01,1.30015e+00,1.44931e+00,1.32587e+00,3.14894e+00,3.18202e-01,3.78546e+00,1.36183e+00,5.54689e-01,4.39557e-01,2.15272e+00,1.76393e+00,1.32161e-01,1.22416e+00,1.04546e+00
5.45278e-01,1.27565e+00,7.40626e-02,3.96240e+00,1.98057e-01,5.14979e-01,1.32040e+00,1.44306e+00,1.31966e+00,3.22160e+00,3.15591e-01,3.83011e+00,1.36335e+00,5.55422e-01,4.39521e-01,2.18736e+00,1.81819e+00,1.32301e-01,1.22423e+00,1.05781e+00
5.45900e-01,1.27324e+00,7.40846e-02,4.06261e+00,1.98132e-01,5.13030e-01,1.33818e+00,1.43715e+00,1.31352e+00,3.29444e+00,3.13025e-01,3.87254e+00,1.36476e+00,5.56210e-01,4.39578e-01,2.21701e+00,1.86506e+00,1.32426e-01,1.22389e+00,1.07232e+00
5.46487e-01,1.27032e+00,7.40815e-02,4.16277e+00,1.98269e-01,5.11229e-01,1.35365e+00,1.43169e+00,1.30755e+00,3.36763e+00,3.10507e-01,3.91273e+00,1.36613e+00,5.56988e-01,4.39705e-01,2.24225e+00,1.90464e+00,1.32530e-01,1.22311e+00,1.08919e+00
5.47107e-01,1.26710e+00,7.41230e-02,4.26187e+00,1.98466e-01,5.09537e-01,1.36703e+00,1.42700e+00,1.30182e+00,3.44124e+00,3.08041e-01,3.95081e+00,1.36731e+00,5.57769e-01,4.39918e-01,2.26325e+00,1.93711e+00,1.32629e-01,1.22211e+00,1.10863e+00
5.47725e-01,1.26377e+00,7.41629e-02,4.35914e+00,1.98714e-01,5.07976e-01,1.37850e+00,1.42320e+00,1.29635e+00,3.51546e+00,3.05646e-01,3.98696e+00,1.36824e+00,5.58572e-01,4.40188e-01,2.28070e+00,1.96294e+00,1.32742e-01,1.22084e+00,1.13072e+00
5.48307e-01,1.26060e+00,7.41860e-02,4.45359e+00,1.98956e-01,5.06563e-01,1.38822e+00,1.42049e+00,1.29112e+00,3.59026e+00,3.03343e-01,4.02125e+00,1.36907e+00,5.59359e-01,4.40456e-01,2.29487e+00,1.98275e+00,1.32818e-01,1.21940e+00,1.15559e+00
5.48830e-01,1.25771e+00,7.41861e-02,4.54438e+00,1.99179e-01,5.05306e-01,1.39636e+00,1.41899e+00,1.28613e+00,3.66577e+00,3.01124e-01,4.05389e+00,1.36970e+00,5.60112e-01,4.40772e-01,2.30630e+00,1.99727e+00,1.32861e-01,1.21774e+00,1.18345e+00
5.49382e-01,1.25532e+00,7.41733e-02,4.63076e+00,1.99360e-01,5.04130e-01,1.40305e+00,1.41890e+00,1.28155e+00,3.74185e+00,2.98979e-01,4.08524e+00,1.37011e+00,5.60830e-01,4.41084e-01,2.31552e+00,2.00725e+00,1.32944e-01,1.21593e+00,1.21429e+00
5.49925e-01,1.25366e+00,7.41728e-02,4.71208e+00,1.99445e-01,5.03123e-01,1.40846e+00,1.42026e+00,1.27723e+00,3.81839e+00,2.96938e-01,4.11559e+00,1.37026e+00,5.61528e-01,4.41450e-01,2.32284e+00,2.01335e+00,1.33046e-01,1.21403e+00,1.24799e+00
5.50408e-01,1.25290e+00,7.41532e-02,4.78799e+00,1.99459e-01,5.02168e-01,1.41259e+00,1.42321e+00,1.27322e+00,3.89522e+00,2.94928e-01,4.14523e+00,1.37017e+00,5.62205e-01,4.41845e-01,2.32879e+00,2.01625e+00,1.33122e-01,1.21206e+00,1.28451e+00
5.50928e-01,1.25327e+00,7.41531e-02,4.85797e+00,1.99396e-01,5.01313e-01,1.41557e+00,1.42778e+00,1.26954e+00,3.97197e+00,2.92990e-01,4.17453e+00,1.36991e+00,5.62851e-01,4.42210e-01,2.33389e+00,2.01655e+00,1.33167e-01,1.21008e+00,1.32349e+00
5.51498e-01,1.25510e+00,7.41431e-02,4.92163e+00,1.99250e-01,5.00586e-01,1.41745e+00,1.43402e+00,1.26619e+00,4.04844e+00,2.91145e-01,4.20387e+00,1.36941e+00,5.63462e-01,4.42582e-01,2.33845e+00,2.01479e+00,1.33194e-01,1.20808e+00,1.36460e+00
5.52066e-01,1.25864e+00,7.41037e-02,4.97865e+00,1.99021e-01,4.99953e-01,1.41824e+00,1.44184e+00,1.26316e+00,4.12436e+00,2.89414e-01,4.23363e+00,1.36877e+00,5.64059e-01,4.42953e-01,2.34298e+00,2.01148e+00,1.33218e-01,1.20594e+00,1.40738e+00
5.52697e-01,1.26428e+00,7.40843e-02,5.02922e+00,1.98762e-01,4.99449e-01,1.41808e+00,1.45119e+00,1.26043e+00,4.19951e+00,2.87793e-01,4.26427e+00,1.36797e+00,5.64630e-01,4.43337e-01,2.34796e+00,2.00708e+00,1.33240e-01,1.20381e+00,1.45118e+00
5.53372e-01,1.27236e+00,7.40810e-02,5.07322e+00,1.98505e-01,4.98975e-01,1.41700e+00,1.46183e+00,1.25801e+00,4.27368e+00,2.86292e-01,4.29620e+00,1.36701e+00,5.65180e-01,4.43711e-01,2.35383e+00,2.00181e+00,1.33254e-01,1.20182e+00,1.49549e+00
5.54167e-01,1.28333e+00,7.40571e-02,5.11086e+00,1.98235e-01,4.98609e-01,1.41515e+00,1.47354e+00,1.25583e+00,4.34670e+00,2.84914e-01,4.32980e+00,1.36596e+00,5.65688e-01,4.44103e-01,2.36100e+00,1.99578e+00,1.33252e-01,1.19992e+00,1.53951e+00
5.55106e-01,1.29766e+00,7.40625e-02,5.14234e+00,1.97945e-01,4.98233e-01,1.41252e+00,1.48618e+00,1.25395e+00,4.41857e+00,2.83664e-01,4.36557e+00,1.36485e+00,5.66142e-01,4.44571e-01,2.36994e+00,1.98925e+00,1.33238e-01,1.19808e+00,1.58267e+00
5.56243e-01,1.31583e+00,7.40337e-02,5.16802e+00,1.97705e-01,4.97935e-01,1.40918e+00,1.49959e+00,1.25234e+00,4.48930e+00,2.82487e-01,4.40393e+00,1.36370e+00,5.66572e-01,4.45040e-01,2.38121e+00,1.98229e+00,1.33253e-01,1.19628e+00,1.62448e+00
5.57631e-01,1.33839e+00,7.39860e-02,5.18835e+00,1.97460e-01,4.97656e-01,1.40522e+00,1.51355e+00,1.25094e+00,4.55904e+00,2.81422e-01,4.44519e+00,1.36251e+00,5.66989e-01,4.45458e-01,2.39511e+00,1.97495e+00,1.33278e-01,1.19452e+00,1.66453e+00
5.59313e-01,1.36582e+00,7.39375e-02,5.20382e+00,1.97186e-01,4.97465e-01,1.40069e+00,1.52779e+00,1.24984e+00,4.62813e+00,2.80470e-01,4.48980e+00,1.36130e+00,5.67332e-01,4.45880e-01,2.41214e+00,1.96724e+00,1.33300e-01,1.19302e+00,1.70243e+00
5.61366e-01,1.39852e+00,7.39119e-02,5.21509e+00,1.96920e-01,4.97306e-01,1.39571e+00,1.54202e+00,1.24888e+00,4.69692e+00,2.79543e-01,4.53812e+00,1.36010e+00,5.67618e-01,4.46315e-01,2.43250e+00,1.95925e+00,1.33309e-01,1.19159e+00,1.73805e+00
5.63833e-01,1.43693e+00,7.38974e-02,5.22274e+00,1.96640e-01,4.97261e-01,1.39034e+00,1.55624e+00,1.24808e+00,4.76589e+00,2.78696e-01,4.59041e+00,1.35895e+00,5.67854e-01,4.46730e-01,2.45662e+00,1.95094e+00,1.33296e-01,1.19026e+00,1.77116e+00
5.66888e-01,1.48116e+00,7.38585e-02,5.22716e+00,1.96376e-01,4.97231e-01,1.38463e+00,1.57018e+00,1.24747e+00,4.83562e+00,2.77935e-01,4.64702e+00,1.35782e+00,5.68109e-01,4.47117e-01,2.48436e+00,1.94239e+00,1.33256e-01,1.18889e+00,1.80197e+00
5.70535e-01,1.53133e+00,7.37971e-02,5.22907e+00,1.96136e-01,4.97268e-01,1.37867e+00,1.58390e+00,1.24698e+00,4.90670e+00,2.77281e-01,4.70815e+00,1.35674e+00,5.68386e-01,4.47504e-01,2.51570e+00,1.93359e+00,1.33201e-01,1.18762e+00,1.83056e+00
5.74888e-01,1.58725e+00,7.37676e-02,5.22906e+00,1.95936e-01,4.97272e-01,1.37249e+00,1.59728e+00,1.24669e+00,4.97972e+00,2.76737e-01,4.77401e+00,1.35569e+00,5.68692e-01,4.47860e-01,2.55028e+00,1.92453e+00,1.33159e-01,1.18645e+00,1.85703e+00
5.79967e-01,1.64860e+00,7.37398e-02,5.22768e+00,1.95745e-01,4.97264e-01,1.36615e+00,1.61033e+00,1.24644e+00,5.05533e+00,2.76239e-01,4.84485e+00,1.35468e+00,5.68983e-01,4.48209e-01,2.58747e+00,1.91515e+00,1.33127e-01,1.18545e+00,1.88177e+00
5.85777e-01,1.71461e+00,7.37188e-02,5.22528e+00,1.95508e-01,4.97291e-01,1.35982e+00,1.62323e+00,1.24636e+00,5.13411e+00,2.75837e-01,4.92063e+00,1.35375e+00,5.69259e-01,4.48569e-01,2.62680e+00,1.90557e+00,1.33095e-01,1.18451e+00,1.90523e+00
5.92224e-01,1.78457e+00,7.37066e-02,5.22223e+00,1.95285e-01,4.97350e-01,1.35341e+00,1.63607e+00,1.24638e+00,5.21653e+00,2.75444e-01,5.00131e+00,1.35290e+00,5.69519e-01,4.48915e-01,2.66725e+00,1.89590e+00,1.33034e-01,1.18369e+00,1.92771e+00
5.99228e-01,1.85760e+00,7.36621e-02,5.21914e+00,1.95096e-01,4.97386e-01,1.34694e+00,1.64887e+00,1.24647e+00,5.30301e+00,2.75069e-01,5.08707e+00,1.35214e+00,5.69761e-01,4.49231e-01,2.70809e+00,1.88613e+00,1.32960e-01,1.18296e+00,1.94958e+00
6.06570e-01,1.93259e+00,7.35937e-02,5.21645e+00,1.94948e-01,4.97443e-01,1.34051e+00,1.66191e+00,1.24662e+00,5.39376e+00,2.74738e-01,5.17770e+00,1.35143e+00,5.69976e-01,4.49548e-01,2.74821e+00,1.87633e+00,1.32915e-01,1.18231e+00,1.97135e+00
6.14017e-01,2.00857e+00,7.35492e-02,5.21451e+00,1.94801e-01,4.97489e-01,1.33416e+00,1.67535e+00,1.24684e+00,5.48879e+00,2.74477e-01,5.27295e+00,1.35080e+00,5.70165e-01,4.49861e-01,2.78692e+00,1.86647e+00,1.32878e-01,1.18168e+00,1.99357e+00
6.21298e-01,2.08475e+00,7.34857e-02,5.21371e+00,1.94638e-01,4.97577e-01,1.32790e+00,1.68948e+00,1.24707e+00,5.58810e+00,2.74293e-01,5.37265e+00,1.35027e+00,5.70330e-01,4.50176e-01,2.82341e+00,1.85670e+00,1.32838e-01,1.18114e+00,2.01664e+00
6.28131e-01,2.16032e+00,7.34104e-02,5.21445e+00,1.94436e-01,4.97661e-01,1.32177e+00,1.70451e+00,1.24734e+00,5.69115e+00,2.74158e-01,5.47651e+00,1.34983e+00,5.70464e-01,4.50480e-01,2.85715e+00,1.84709e+00,1.32773e-01,1.18060e+00,2.04112e+00
6.34274e-01,2.23458e+00,7.33490e-02,5.21722e+00,1.94217e-01,4.97732e-01,1.31577e+00,1.72075e+00,1.24767e+00,5.79779e+00,2.74069e-01,5.58458e+00,1.34944e+00,5.70596e-01,4.50745e-01,2.88790e+00,1.83768e+00,1.32676e-01,1.18007e+00,2.06764e+00
6.39511e-01,2.30725e+00,7.39265e-02,5.22220e+00,1.95055e-01,4.97817e-01,1.30996e+00,1.73853e+00,1.24843e+00,5.90684e+00,2.74028e-01,5.69545e+00,1.34913e+00,5.70717e-01,4.50999e-01,2.91514e+00,1.82850e+00,1.33186e-01,1.17958e+00,2.09666e+00
6.43678e-01,2.37861e+00,7.50394e-02,5.22984e+00,1.96051e-01,4.97850e-01,1.30432e+00,1.75818e+00,1.24926e+00,6.01877e+00,2.74015e-01,5.80970e+00,1.34886e+00,5.70785e-01,4.51251e-01,2.93910e+00,1.81954e+00,1.33322e-01,1.17911e+00,2.12851e+00
6.46658e-01,2.44705e+00,7.64858e-02,5.24058e+00,1.96918e-01,4.97885e-01,1.29886e+00,1.77996e+00,1.25076e+00,6.13254e+00,2.74020e-01,5.92576e+00,1.34865e+00,5.70821e-01,4.51481e-01,2.95956e+00,1.81086e+00,1.33460e-01,1.17875e+00,2.16373e+00
6.48483e-01,2.51347e+00,7.81068e-02,5.25480e+00,1.98298e-01,4.97958e-01,1.29364e+00,1.80436e+00,1.25309e+00,6.24617e+00,2.74032e-01,6.04353e+00,1.34854e+00,5.71650e-01,4.51683e-01,2.97681e+00,1.80254e+00,1.33721e-01,1.17842e+00,2.20252e+00
6.49104e-01,2.57808e+00,7.94660e-02,5.27281e+00,1.99871e-01,4.98042e-01,1.28862e+00,1.83154e+00,1.25539e+00,6.35994e+00,2.74042e-01,6.16242e+00,1.34847e+00,5.72152e-01,4.51868e-01,2.99114e+00,1.79456e+00,1.34144e-01,1.17813e+00,2.24483e+00
6.48627e-01,2.64101e+00,8.04642e-02,5.29496e+00,2.01488e-01,4.98101e-01,1.28385e+00,1.86185e+00,1.25763e+00,6.47240e+00,2.74064e-01,6.28184e+00,1.34845e+00,5.72501e-01,4.52044e-01,3.00269e+00,1.78695e+00,1.34612e-01,1.17778e+00,2.29076e+00
6.47214e-01,2.70248e+00,8.12045e-02,5.32159e+00,2.03219e-01,4.98152e-01,1.27930e+00,1.89551e+00,1.25988e+00,6.58199e+00,2.74092e-01,6.40129e+00,1.34851e+00,5.72935e-01,4.52218e-01,3.01189e+00,1.77973e+00,1.35074e-01,1.17744e+00,2.33971e+00
6.44904e-01,2.76248e+00,8.17392e-02,5.35314e+00,2.04965e-01,4.98207e-01,1.27496e+00,1.93293e+00,1.26195e+00,6.68762e+00,2.74134e-01,6.52037e+00,1.34865e+00,5.73463e-01,4.52392e-01,3.01905e+00,1.77303e+00,1.35504e-01,1.17712e+00,2.39124e+00
6.41886e-01,2.82109e+00,8.20677e-02,5.38987e+00,2.06513e-01,4.98255e-01,1.27082e+00,1.97382e+00,1.26394e+00,6.78884e+00,2.74205e-01,6.63854e+00,1.34887e+00,5.73989e-01,4.52554e-01,3.02427e+00,1.76672e+00,1.35890e-01,1.17685e+00,2.44440e+00
6.38350e-01,2.87835e+00,8.22539e-02,5.43185e+00,2.07819e-01,4.98298e-01,1.26694e+00,2.01835e+00,1.26569e+00,6.88508e+00,2.74272e-01,6.75539e+00,1.34920e+00,5.74476e-01,4.52707e-01,3.02792e+00,1.76086e+00,1.36228e-01,1.17659e+00,2.49825e+00
6.34382e-01,2.93435e+00,8.23124e-02,5.47926e+00,2.09668e-01,4.98328e-01,1.26324e+00,2.06615e+00,1.26795e+00,6.97600e+00,2.74333e-01,6.87071e+00,1.34961e+00,5.74906e-01,4.52851e-01,3.03042e+00,1.75551e+00,1.36514e-01,1.17629e+00,2.55184e+00
6.30075e-01,2.98923e+00,8.22355e-02,5.53214e+00,2.11171e-01,4.98333e-01,1.25976e+00,2.11700e+00,1.27055e+00,7.06151e+00,2.74409e-01,6.98440e+00,1.35002e+00,5.75297e-01,4.52986e-01,3.03178e+00,1.75142e+00,1.37236e-01,1.17595e+00,2.60390e+00
6.25617e-01,3.04309e+00,8.20509e-02,5.59009e+00,2.12678e-01,4.98308e-01,1.25650e+00,2.17032e+00,1.27368e+00,7.14114e+00,2.74504e-01,7.09628e+00,1.35040e+00,5.75677e-01,4.53104e-01,3.03212e+00,1.74729e+00,1.37565e-01,1.17563e+00,2.65372e+00
6.21058e-01,3.09607e+00,8.17624e-02,5.65281e+00,2.14488e-01,4.98276e-01,1.25349e+00,2.22572e+00,1.27727e+00,7.21535e+00,2.74587e-01,7.20613e+00,1.35068e+00,5.76071e-01,4.53191e-01,3.03168e+00,1.74340e+00,1.37793e-01,1.17539e+00,2.70048e+00
6.16466e-01,3.14822e+00,8.13641e-02,5.72002e+00,2.16631e-01,4.98254e-01,1.25068e+00,2.28269e+00,1.28106e+00,7.28408e+00,2.74657e-01,7.31407e+00,1.35093e+00,5.76442e-01,4.53248e-01,3.03066e+00,1.73974e+00,1.38020e-01,1.17508e+00,2.74344e+00
6.11951e-01,3.19970e+00,8.08635e-02,5.79096e+00,2.19218e-01,4.98218e-01,1.24812e+00,2.34034e+00,1.28490e+00,7.34770e+00,2.74711e-01,7.42035e+00,1.35106e+00,5.76759e-01,4.53278e-01,3.02918e+00,1.73639e+00,1.38207e-01,1.17472e+00,2.78226e+00
6.07569e-01,3.25070e+00,8.03307e-02,5.86486e+00,2.22392e-01,4.98166e-01,1.24576e+00,2.39816e+00,1.28877e+00,7.40673e+00,2.74753e-01,7.52522e+00,1.35115e+00,5.77020e-01,4.53281e-01,3.02739e+00,1.73342e+00,1.38326e-01,1.17435e+00,2.81684e+00
6.03346e-01,3.30138e+00,7.97433e-02,5.94111e+00,2.26022e-01,4.98123e-01,1.24357e+00,2.45566e+00,1.29269e+00,7.46146e+00,2.74807e-01,7.62904e+00,1.35122e+00,5.77233e-01,4.53266e-01,3.02527e+00,1.73074e+00,1.38346e-01,1.17393e+00,2.84706e+00
5.99366e-01,3.35193e+00,7.91508e-02,6.01899e+00,2.29767e-01,4.98091e-01,1.24153e+00,2.51246e+00,1.29683e+00,7.51201e+00,2.74907e-01,7.73217e+00,1.35128e+00,5.77388e-01,4.53209e-01,3.02291e+00,1.72843e+00,1.38290e-01,1.17351e+00,2.87307e+00
5.95633e-01,3.40254e+00,7.85678e-02,6.09761e+00,2.33026e-01,4.98060e-01,1.23966e+00,2.56823e+00,1.30121e+00,7.55910e+00,2.74977e-01,7.83510e+00,1.35130e+00,5.77486e-01,4.53122e-01,3.02034e+00,1.72650e+00,1.38201e-01,1.17313e+00,2.89520e+00
5.92136e-01,3.45338e+00,7.79996e-02,6.17646e+00,2.35491e-01,4.98008e-01,1.23794e+00,2.62282e+00,1.30578e+00,7.60262e+00,2.75018e-01,7.93833e+00,1.35130e+00,5.77537e-01,4.53023e-01,3.01757e+00,1.72496e+00,1.38066e-01,1.17274e+00,2.91354e+00
5.88889e-01,3.50470e+00,7.74749e-02,6.25453e+00,2.36952e-01,4.97935e-01,1.23636e+00,2.67614e+00,1.31040e+00,7.64313e+00,2.75064e-01,8.04234e+00,1.35127e+00,5.77529e-01,4.52922e-01,3.01463e+00,1.72372e+00,1.37953e-01,1.17235e+00,2.92864e+00
5.85964e-01,3.55668e+00,7.69955e-02,6.33177e+00,2.37484e-01,4.97857e-01,1.23495e+00,2.72824e+00,1.31498e+00,7.68087e+00,2.75105e-01,8.14765e+00,1.35121e+00,5.77446e-01,4.52796e-01,3.01153e+00,1.72275e+00,1.37853e-01,1.17200e+00,2.94082e+00
5.83300e-01,3.60958e+00,7.65583e-02,6.40773e+00,2.37343e-01,4.97777e-01,1.23369e+00,2.77926e+00,1.31938e+00,7.71588e+00,2.75146e-01,8.25461e+00,1.35109e+00,5.77301e-01,4.52649e-01,3.00831e+00,1.72205e+00,1.37769e-01,1.17168e+00,2.95040e+00
5.80893e-01,3.66359e+00,7.61725e-02,6.48212e+00,2.36774e-01,4.97670e-01,1.23257e+00,2.82956e+00,1.32345e+00,7.74880e+00,2.75155e-01,8.36349e+00,1.35093e+00,5.77103e-01,4.52492e-01,3.00498e+00,1.72161e+00,1.37698e-01,1.17130e+00,2.95791e+00
5.78750e-01,3.71900e+00,7.58418e-02,6.55521e+00,2.35942e-01,4.97530e-01,1.23155e+00,2.87934e+00,1.32712e+00,7.77954e+00,2.75163e-01,8.47472e+00,1.35068e+00,5.76819e-01,4.52316e-01,3.00162e+00,1.72136e+00,1.37643e-01,1.17087e+00,2.96351e+00
5.76813e-01,3.77597e+00,7.55376e-02,6.62711e+00,2.34914e-01,4.97382e-01,1.23066e+00,2.92910e+00,1.33035e+00,7.80872e+00,2.75184e-01,8.58854e+00,1.35039e+00,5.76471e-01,4.52139e-01,2.99822e+00,1.72129e+00,1.37594e-01,1.17042e+00,2.96766e+00
5.75076e-01,3.83485e+00,7.52516e-02,6.69805e+00,2.33692e-01,4.97223e-01,1.22985e+00,2.97919e+00,1.33305e+00,7.83629e+00,2.75194e-01,8.70511e+00,1.35006e+00,5.76045e-01,4.51970e-01,2.99485e+00,1.72138e+00,1.37578e-01,1.16992e+00,2.97052e+00
5.73526e-01,3.89585e+00,7.50047e-02,6.76838e+00,2.32223e-01,4.97055e-01,1.22913e+00,3.02983e+00,1.33528e+00,7.86287e+00,2.75207e-01,8.82467e+00,1.34967e+00,5.75554e-01,4.51802e-01,2.99148e+00,1.72166e+00,1.37604e-01,1.16937e+00,2.97236e+00
5.72203e-01,3.95925e+00,7.47811e-02,6.83801e+00,2.30500e-01,4.96884e-01,1.22853e+00,3.08155e+00,1.33696e+00,7.88831e+00,2.75227e-01,8.94717e+00,1.34925e+00,5.75004e-01,4.51636e-01,2.98813e+00,1.72212e+00,1.37621e-01,1.16882e+00,2.97336e+00
5.70995e-01,4.02530e+00,7.45447e-02,6.90767e+00,2.28534e-01,4.96707e-01,1.22800e+00,3.13457e+00,1.33826e+00,7.91325e+00,2.75260e-01,9.07264e+00,1.34885e+00,5.74392e-01,4.51483e-01,2.98490e+00,1.72273e+00,1.37683e-01,1.16831e+00,2.97377e+00
5.69937e-01,4.09416e+00,7.42963e-02,6.97738e+00,2.26313e-01,4.96540e-01,1.22756e+00,3.18892e+00,1.33909e+00,7.93757e+00,2.75305e-01,9.20115e+00,1.34841e+00,5.73750e-01,4.51325e-01,2.98181e+00,1.72338e+00,1.37788e-01,1.16778e+00,2.97370e+00
5.69004e-01,4.16612e+00,7.40583e-02,7.04731e+00,2.23888e-01,4.96388e-01,1.22717e+00,3.24494e+00,1.33955e+00,7.96167e+00,2.75351e-01,9.33240e+00,1.34791e+00,5.73086e-01,4.51157e-01,2.97893e+00,1.72408e+00,1.37915e-01,1.16723e+00,2.97328e+00
5.68117e-01,4.24126e+00,7.38299e-02,7.11751e+00,2.21330e-01,4.96259e-01,1.22687e+00,3.30260e+00,1.33961e+00,7.98569e+00,2.75393e-01,9.46610e+00,1.34742e+00,5.72398e-01,4.50993e-01,2.97625e+00,1.72483e+00,1.38117e-01,1.16671e+00,2.97250e+00
5.67305e-01,4.31971e+00,7.36033e-02,7.18788e+00,2.18702e-01,4.96122e-01,1.22662e+00,3.36177e+00,1.33937e+00,8.00977e+00,2.75407e-01,9.60226e+00,1.34692e+00,5.71715e-01,4.50816e-01,2.97386e+00,1.72561e+00,1.38362e-01,1.16624e+00,2.97156e+00
5.66502e-01,4.40169e+00,7.33780e-02,7.25832e+00,2.16036e-01,4.95938e-01,1.22644e+00,3.42226e+00,1.33882e+00,8.03406e+00,2.75393e-01,9.74056e+00,1.34637e+00,5.71025e-01,4.50634e-01,2.97187e+00,1.72639e+00,1.38650e-01,1.16579e+00,2.97047e+00
5.65697e-01,4.48714e+00,7.31626e-02,7.32860e+00,2.13401e-01,4.95739e-01,1.22628e+00,3.48364e+00,1.33803e+00,8.05869e+00,2.75368e-01,9.88055e+00,1.34577e+00,5.70339e-01,4.50450e-01,2.97024e+00,1.72714e+00,1.38964e-01,1.16546e+00,2.96938e+00
5.64887e-01,4.57634e+00,7.29671e-02,7.39859e+00,2.10877e-01,4.95525e-01,1.22616e+00,3.54573e+00,1.33698e+00,8.08369e+00,2.75345e-01,1.00219e+01,1.34515e+00,5.69676e-01,4.50265e-01,2.96917e+00,1.72787e+00,1.39289e-01,1.16515e+00,2.96823e+00
5.64077e-01,4.66910e+00,7.27762e-02,7.46815e+00,2.08452e-01,4.95291e-01,1.22607e+00,3.60813e+00,1.33576e+00,8.10906e+00,2.75318e-01,1.01644e+01,1.34450e+00,5.69031e-01,4.50080e-01,2.96868e+00,1.72857e+00,1.39607e-01,1.16496e+00,2.96714e+00
5.63228e-01,4.76554e+00,7.25833e-02,7.53704e+00,2.06152e-01,4.95048e-01,1.22600e+00,3.66992e+00,1.33431e+00,8.13483e+00,2.75289e-01,1.03077e+01,1.34384e+00,5.68407e-01,4.49875e-01,2.96890e+00,1.72925e+00,1.39907e-01,1.16493e+00,2.96613e+00
5.62341e-01,4.86562e+00,7.23862e-02,7.60525e+00,2.03999e-01,4.94774e-01,1.22596e+00,3.73087e+00,1.33278e+00,8.16105e+00,2.75248e-01,1.04511e+01,1.34315e+00,5.67819e-01,4.49652e-01,2.96998e+00,1.72989e+00,1.40182e-01,1.16497e+00,2.96516e+00
5.61456e-01,4.96915e+00,7.21999e-02,7.67276e+00,2.02037e-01,4.94510e-01,1.22593e+00,3.79044e+00,1.33116e+00,8.18757e+00,2.75215e-01,1.05943e+01,1.34243e+00,5.67303e-01,4.49442e-01,2.97197e+00,1.73047e+00,1.40419e-01,1.16511e+00,2.96422e+00
5.60546e-01,5.07592e+00,7.20224e-02,7.73948e+00,2.00254e-01,4.94243e-01,1.22590e+00,3.84804e+00,1.32948e+00,8.21439e+00,2.75193e-01,1.07369e+01,1.34169e+00,5.66850e-01,4.49234e-01,2.97494e+00,1.73101e+00,1.40603e-01,1.16532e+00,2.96340e+00
5.59613e-01,5.18570e+00,7.18437e-02,7.80587e+00,1.98614e-01,4.93984e-01,1.22592e+00,3.90330e+00,1.32779e+00,8.24135e+00,2.75153e-01,1.08783e+01,1.34095e+00,5.66456e-01,4.49023e-01,2.97913e+00,1.73154e+00,1.40729e-01,1.16560e+00,2.96263e+00
5.58698e-01,5.29818e+00,7.16686e-02,7.87225e+00,1.97121e-01,4.93733e-01,1.22596e+00,3.95580e+00,1.32611e+00,8.26831e+00,2.75083e-01,1.10181e+01,1.34021e+00,5.66114e-01,4.48805e-01,2.98477e+00,1.73207e+00,1.40777e-01,1.16590e+00,2.96193e+00
5.57776e-01,5.41289e+00,7.15255e-02,7.93895e+00,1.95796e-01,4.93464e-01,1.22597e+00,4.00517e+00,1.32445e+00,8.29511e+00,2.75000e-01,1.11558e+01,1.33941e+00,5.65824e-01,4.48583e-01,2.99197e+00,1.73263e+00,1.40747e-01,1.16623e+00,2.96134e+00
5.56873e-01,5.52937e+00,7.13864e-02,8.00657e+00,1.94582e-01,4.93168e-01,1.22595e+00,4.05152e+00,1.32279e+00,8.32154e+00,2.74904e-01,1.12911e+01,1.33860e+00,5.65597e-01,4.48365e-01,3.00082e+00,1.73322e+00,1.40653e-01,1.16653e+00,2.96079e+00
5.55990e-01,5.64701e+00,7.12589e-02,8.07555e+00,1.93485e-01,4.92868e-01,1.22595e+00,4.09429e+00,1.32115e+00,8.34739e+00,2.74813e-01,1.14236e+01,1.33778e+00,5.65419e-01,4.48157e-01,3.01156e+00,1.73388e+00,1.40461e-01,1.16672e+00,2.96035e+00
5.55124e-01,5.76520e+00,7.11593e-02,8.14639e+00,1.92481e-01,4.92599e-01,1.22595e+00,4.13346e+00,1.31953e+00,8.37257e+00,2.74723e-01,1.15528e+01,1.33696e+00,5.65276e-01,4.47949e-01,3.02446e+00,1.73462e+00,1.40189e-01,1.16676e+00,2.95996e+00
5.54291e-01,5.88321e+00,7.11500e-02,8.21974e+00,1.92980e-01,4.92364e-01,1.22599e+00,4.16926e+00,1.31789e+00,8.39683e+00,2.74636e-01,1.16785e+01,1.33615e+00,5.65156e-01,4.47730e-01,3.03978e+00,1.73545e+00,1.39824e-01,1.16671e+00,2.95966e+00
5.53476e-01,6.00029e+00,8.05220e-02,8.29614e+00,2.22521e-01,4.92119e-01,1.22599e+00,4.20160e+00,1.31624e+00,8.41994e+00,2.74573e-01,1.18007e+01,1.33541e+00,5.65042e-01,4.47498e-01,3.05747e+00,1.73637e+00,1.39380e-01,1.16654e+00,2.95940e+00
5.52668e-01,6.11567e+00,1.34339e-01,8.37575e+00,7.09673e-01,4.91861e-01,1.22597e+00,4.23055e+00,1.31458e+00,8.44380e+00,2.74517e-01,1.19192e+01,1.33467e+00,5.64955e-01,4.47256e-01,3.07782e+00,1.73741e+00,1.38890e-01,1.16625e+00,2.95921e+00
5.51907e-01,6.23340e+00,2.53715e-01,8.46063e+00,4.22450e+00,4.97062e-01,1.23022e+00,4.25900e+00,1.31288e+00,8.46809e+00,2.74947e-01,1.20356e+01,1.33390e+00,5.64933e-01,4.50114e-01,3.10097e+00,1.73855e+00,1.38346e-01,1.16578e+00,2.95906e+00
5.51134e-01,6.35609e+00,4.10207e-01,8.56020e+00,1.32811e+01,5.19057e-01,1.26167e+00,4.30355e+00,1.31334e+00,8.49719e+00,2.78399e-01,1.21494e+01,1.33318e+00,5.65090e-01,4.54431e-01,3.12682e+00,1.74132e+00,1.37850e-01,1.17939e+00,2.95889e+00
5.53868e-01,6.47240e+00,5.79948e-01,8.67736e+00,2.24952e+01,5.51123e-01,1.58036e+00,4.35618e+00,1.31739e+00,8.53049e+00,2.83661e-01,1.22600e+01,1.33328e+00,5.68795e-01,4.57019e-01,3.15894e+00,1.74752e+00,1.40143e-01,1.19868e+00,2.96378e+00
5.57778e-01,6.57602e+00,8.01256e-01,8.80939e+00,3.24637e+01,6.04587e-01,2.01267e+00,4.38946e+00,1.32121e+00,8.56947e+00,2.89880e-01,1.23686e+01,1.33749e+00,5.74733e-01,4.59510e-01,3.19746e+00,1.75447e+00,1.41101e-01,1.22394e+00,2.97572e+00
5.61152e-01,6.67978e+00,1.10278e+00,8.93432e+00,5.01921e+01,6.66706e-01,2.10231e+00,4.41303e+00,1.32486e+00,8.61244e+00,2.94513e-01,1.24749e+01,1.34264e+00,5.80366e-01,4.62987e-01,3.24222e+00,1.76114e+00,1.42324e-01,1.24522e+00,2.98968e+00
5.62933e-01,6.78320e+00,1.37572e+00,9.04919e+00,7.76242e+01,7.18542e-01,2.06627e+00,4.43048e+00,1.32891e+00,8.65689e+00,2.97523e-01,1.25794e+01,1.34780e+00,5.86250e-01,4.67242e-01,3.29549e+00,1.76664e+00,1.45079e-01,1.26219e+00,3.01403e+00
5.64359e-01,6.88344e+00,1.52032e+00,9.16440e+00,8.96413e+01,7.64902e-01,2.03752e+00,4.44125e+00,1.33276e+00,8.70084e+00,2.99680e-01,1.26825e+01,1.35605e+00,5.92811e-01,4.71559e-01,3.35699e+00,1.77119e+00,1.50189e-01,1.27670e+00,3.04815e+00
5.67028e-01,6.97822e+00,1.52065e+00,9.28683e+00,8.34351e+01,8.42691e-01,2.04066e+00,4.44735e+00,1.33581e+00,8.74264e+00,3.01486e-01,1.27853e+01,1.36461e+00,5.99708e-01,4.75616e-01,3.42418e+00,1.77523e+00,1.58379e-01,1.29021e+00,3.08224e+00
5.71600e-01,7.07329e+00,1.41372e+00,9.41827e+00,6.91855e+01,1.01480e+00,2.06683e+00,4.45095e+00,1.33832e+00,8.77977e+00,3.03369e-01,1.28908e+01,1.36975e+00,6.06445e-01,4.79338e-01,3.50022e+00,1.77894e+00,1.70733e-01,1.30318e+00,3.10882e+00
5.77975e-01,7.15850e+00,1.25144e+00,9.56035e+00,5.41435e+01,1.37455e+00,2.09446e+00,4.45324e+00,1.34064e+00,8.81076e+00,3.07096e-01,1.29968e+01,1.37169e+00,6.12691e-01,4.85101e-01,3.58761e+00,1.78254e+00,1.90044e-01,1.31604e+00,3.12738e+00
5.85592e-01,7.23750e+00,1.07589e+00,9.71687e+00,4.13415e+01,1.94812e+00,2.11520e+00,4.45707e+00,1.34336e+00,8.83742e+00,3.17517e-01,1.31052e+01,1.37225e+00,6.18819e-01,4.90587e-01,3.68181e+00,1.78608e+00,4.45894e-01,1.32856e+00,3.14257e+00
5.93856e-01,7.56007e+00,9.11899e-01,9.91229e+00,3.13886e+01,2.64018e+00,2.17693e+00,4.47166e+00,1.34693e+00,8.86642e+00,3.38762e-01,1.32198e+01,1.37334e+00,6.25602e-01,4.96391e-01,3.77272e+00,1.78971e+00,5.13614e+00,1.36201e+00,3.15600e+00
6.02501e-01,7.94286e+00,7.71942e-01,1.02369e+01,2.39598e+01,3.65907e+00,2.48401e+00,4.50158e+00,1.35214e+00,8.89912e+00,4.11002e-01,1.33380e+01,1.37584e+00,6.34250e-01,5.12211e-01,3.85985e+00,1.79444e+00,1.44569e+01,1.42640e+00,3.16977e+00
6.14278e-01,9.10350e+00,6.56092e-01,1.09392e+01,1.85255e+01,5.32406e+00,3.14623e+00,4.57382e+00,1.35974e+00,8.95521e+00,6.93377e-01,1.34633e+01,1.37999e+00,6.45154e-01,5.46888e-01,3.95206e+00,1.80016e+00,1.82086e+01,1.54636e+00,3.18455e+00
6.27060e-01,1.05981e+01,5.63201e-01,1.21128e+01,1.45399e+01,7.59435e+00,4.09776e+00,4.84263e+00,1.37013e+00,9.03412e+00,1.36123e+00,1.35888e+01,1.38670e+00,6.58215e-01,5.74616e-01,4.06880e+00,1.80765e+00,1.77642e+01,2.12079e+00,3.19945e+00
6.41523e-01,1.27527e+01,5.06098e-01,1.31814e+01,1.18171e+01,1.11027e+01,5.48190e+00,5.21269e+00,1.38367e+00,9.14827e+00,2.00790e+00,1.37195e+01,1.39635e+00,6.73768e-01,5.98068e-01,4.23103e+00,1.81543e+00,1.59644e+01,5.24338e+00,3.21661e+00
6.55147e-01,1.63742e+01,4.68235e-01,1.37842e+01,1.01952e+01,1.59214e+01,6.81121e+00,5.34030e+00,1.39866e+00,9.29332e+00,2.33645e+00,1.38553e+01,1.40747e+00,6.88495e-01,6.26858e-01,4.45688e+00,1.82350e+00,1.38934e+01,1.09605e+01,3.23501e+00
6.68354e-01,2.03410e+01,4.42774e-01,1.40478e+01,8.97897e+00,2.07619e+01,8.41274e+00,5.34837e+00,1.41498e+00,9.44902e+00,2.42528e+00,1.39976e+01,1.41971e+00,7.03329e-01,6.57129e-01,4.77408e+00,1.83160e+00,1.19171e+01,1.62586e+01,3.25599e+00
6.82905e-01,2.39404e+01,4.14763e-01,1.44827e+01,8.20422e+00,2.36440e+01,9.85457e+00,5.33487e+00,1.43211e+00,9.59809e+00,2.39417e+00,1.41489e+01,1.43334e+00,7.19145e-01,6.83176e-01,5.24206e+00,1.83948e+00,1.01513e+01,1.96062e+01,3.27884e+00
7.00201e-01,2.67913e+01,3.85722e-01,1.52859e+01,7.67320e+00,2.33084e+01,1.06747e+01,5.32935e+00,1.44897e+00,9.73151e+00,2.36287e+00,1.43136e+01,1.44682e+00,7.35156e-01,7.05298e-01,5.82320e+00,1.84712e+00,8.62410e+00,2.05975e+01,3.30268e+00
7.20102e-01,2.87056e+01,3.59451e-01,1.64532e+01,7.17526e+00,2.05398e+01,1.08715e+01,5.34655e+00,1.46459e+00,9.84641e+00,2.38722e+00,1.44949e+01,1.45872e+00,7.51436e-01,7.28878e-01,6.34746e+00,1.85413e+00,7.32862e+00,1.94188e+01,3.32659e+00
7.41787e-01,3.01584e+01,3.37101e-01,1.80141e+01,6.61182e+00,1.69543e+01,1.05583e+01,5.38931e+00,1.47857e+00,9.94451e+00,2.44125e+00,1.46954e+01,1.46893e+00,7.68060e-01,7.59919e-01,6.66471e+00,1.86015e+00,6.24208e+00,1.72217e+01,3.34995e+00
7.64364e-01,3.18428e+01,3.18228e-01,2.00576e+01,5.97459e+00,1.35972e+01,9.83142e+00,5.46904e+00,1.49047e+00,1.00305e+01,2.48421e+00,1.49156e+01,1.47838e+00,7.86119e-01,8.02242e-01,6.75368e+00,1.86539e+00,5.33578e+00,1.50250e+01,3.37301e+00
7.86573e-01,3.44079e+01,3.01685e-01,2.26225e+01,5.31908e+00,1.08354e+01,8.85767e+00,5.65758e+00,1.50047e+00,1.01104e+01,2.51112e+00,1.51524e+01,1.48775e+00,8.06339e-01,8.58238e-01,6.71217e+00,1.87005e+00,4.58212e+00,1.32802e+01,3.39519e+00
8.07524e-01,3.86364e+01,2.86241e-01,2.56269e+01,4.69805e+00,8.68910e+00,7.83996e+00,6.19722e+00,1.50869e+00,1.01901e+01,2.55206e+00,1.54012e+01,1.49738e+00,8.29139e-01,9.32771e-01,6.65962e+00,1.87443e+00,3.95627e+00,1.20536e+01,3.41612e+00
8.26573e-01,4.47721e+01,2.71082e-01,2.88522e+01,4.13713e+00,7.06450e+00,6.93363e+00,7.55883e+00,1.51530e+00,1.02744e+01,2.64997e+00,1.56563e+01,1.50744e+00,8.54371e-01,1.04156e+00,6.67230e+00,1.87873e+00,3.43748e+00,1.12350e+01,3.43520e+00
8.43542e-01,5.12845e+01,2.55806e-01,3.18860e+01,3.64295e+00,5.85270e+00,6.22223e+00,1.00700e+01,1.52076e+00,1.03658e+01,2.83242e+00,1.59134e+01,1.51812e+00,8.80937e-01,1.22166e+00,6.77380e+00,1.88292e+00,3.00807e+00,1.06583e+01,3.45219e+00
8.58350e-01,5.57371e+01,2.40427e-01,3.42568e+01,3.21295e+00,4.96499e+00,5.73200e+00,1.34082e+01,1.52536e+00,1.04655e+01,3.08503e+00,1.61694e+01,1.52950e+00,9.07132e-01,1.52828e+00,6.94253e+00,1.88698e+00,2.65372e+00,1.01676e+01,3.46737e+00
8.70948e-01,5.69915e+01,2.25306e-01,3.57382e+01,2.84077e+00,4.34100e+00,5.45028e+00,1.68911e+01,1.52935e+00,1.05731e+01,3.35086e+00,1.64235e+01,1.54163e+00,9.31090e-01,1.99399e+00,7.12831e+00,1.89082e+00,2.36320e+00,9.65471e+00,3.48097e+00
8.81349e-01,5.55590e+01,2.10810e-01,3.64474e+01,2.51855e+00,3.94584e+00,5.34305e+00,2.00838e+01,1.53335e+00,1.06882e+01,3.56147e+00,1.66761e+01,1.55447e+00,9.51140e-01,2.58245e+00,7.27646e+00,1.89428e+00,2.12828e+00,9.07461e+00,3.49340e+00
8.89379e-01,5.25563e+01,1.97246e-01,3.66881e+01,2.23827e+00,3.76052e+00,5.37986e+00,2.29953e+01,1.54026e+00,1.08098e+01,3.67248e+00,1.69286e+01,1.56789e+00,9.66141e-01,3.20517e+00,7.35106e+00,1.89734e+00,1.94356e+00,8.43471e+00,3.50549e+00
8.94972e-01,4.89580e+01,1.84788e-01,3.67688e+01,1.99314e+00,3.76494e+00,5.55741e+00,2.59770e+01,1.56498e+00,1.09370e+01,3.67714e+00,1.71825e+01,1.58169e+00,9.75693e-01,3.78006e+00,7.34331e+00,1.90009e+00,1.80520e+00,7.76899e+00,3.51806e+00
8.98068e-01,4.53963e+01,1.73539e-01,3.69256e+01,1.77770e+00,3.92025e+00,5.89774e+00,2.94567e+01,1.67394e+00,1.10699e+01,3.59660e+00,1.74394e+01,1.59649e+00,9.80100e-01,4.26475e+00,7.26769e+00,1.90268e+00,1.70962e+00,7.11495e+00,3.53168e+00
8.99889e-01,4.22112e+01,1.63559e-01,3.73537e+01,1.58800e+00,4.16575e+00,6.41217e+00,3.35259e+01,2.08943e+00,1.12086e+01,3.46224e+00,1.77020e+01,1.61185e+00,9.80237e-01,4.65185e+00,7.14923e+00,1.90529e+00,1.65125e+00,6.50070e+00,3.54703e+00
9.00419e-01,3.95410e+01,1.54740e-01,3.82926e+01,1.42093e+00,4.43774e+00,7.06393e+00,3.77039e+01,3.24324e+00,1.13536e+01,3.30218e+00,1.79738e+01,1.62716e+00,9.77341e-01,4.95140e+00,7.01467e+00,1.90796e+00,1.62003e+00,5.94168e+00,3.56419e+00
8.99319e-01,3.73974e+01,1.47056e-01,4.00864e+01,1.27410e+00,4.69609e+00,7.77408e+00,4.12553e+01,5.34351e+00,1.15060e+01,3.13557e+00,1.82604e+01,1.64295e+00,9.72729e-01,5.17765e+00,6.88500e+00,1.91073e+00,1.60167e+00,5.44389e+00,3.58323e+00
8.96752e-01,3.57107e+01,1.40380e-01,4.31263e+01,1.14545e+00,4.93817e+00,8.46014e+00,4.37438e+01,7.81965e+00,1.16670e+01,2.97272e+00,1.85694e+01,1.65886e+00,9.67861e-01,5.34510e+00,6.77285e+00,1.91355e+00,1.58062e+00,5.00619e+00,3.60402e+00
8.93812e-01,3.43921e+01,1.34650e-01,4.76730e+01,1.03311e+00,5.19746e+00,9.06433e+00,4.52449e+01,9.81055e+00,1.18377e+01,2.81739e+00,1.89120e+01,1.67431e+00,9.63908e-01,5.46691e+00,6.68429e+00,1.91632e+00,1.54511e+00,4.62403e+00,3.62583e+00
8.91388e-01,3.33682e+01,1.29737e-01,5.36609e+01,9.35266e-01,5.52613e+00,9.55728e+00,4.61834e+01,1.09302e+01,1.20188e+01,2.66969e+00,1.93046e+01,1.68933e+00,9.61813e-01,5.55358e+00,6.62029e+00,1.91891e+00,1.49024e+00,4.29160e+00,3.64787e+00
8.89759e-01,3.26258e+01,1.25518e-01,6.06873e+01,8.50211e-01,5.96230e+00,9.92978e+00,4.70488e+01,1.12844e+01,1.22095e+01,2.52843e+00,1.97723e+01,1.70447e+00,9.62214e-01,5.61155e+00,6.58053e+00,1.92125e+00,1.41739e+00,4.00273e+00,3.66946e+00
8.88737e-01,3.22322e+01,1.21933e-01,6.81814e+01,7.76394e-01,6.48915e+00,1.01853e+01,4.81292e+01,1.11384e+01,1.24087e+01,2.39242e+00,2.03530e+01,1.72012e+00,9.65336e-01,5.64252e+00,6.56635e+00,1.92333e+00,1.33156e+00,3.75174e+00,3.68989e+00
8.87954e-01,3.23334e+01,1.18875e-01,7.55496e+01,7.12354e-01,7.02356e+00,1.03357e+01,4.93520e+01,1.07166e+01,1.26131e+01,2.26108e+00,2.11024e+01,1.73656e+00,9.70950e-01,5.64439e+00,6.58381e+00,1.92516e+00,1.23880e+00,3.53359e+00,3.70843e+00
8.87105e-01,3.31152e+01,1.16273e-01,8.22933e+01,6.56813e-01,7.45714e+00,1.03985e+01,5.03534e+01,1.01642e+01,1.28187e+01,2.13447e+00,2.20954e+01,1.75403e+00,9.78472e-01,5.61354e+00,6.64527e+00,1.92686e+00,1.14444e+00,3.34395e+00,3.72459e+00
8.86107e-01,3.47081e+01,1.14082e-01,8.81378e+01,6.08613e-01,7.71551e+00,1.03931e+01,5.07465e+01,9.56519e+00,1.30210e+01,2.01326e+00,2.34251e+01,1.77272e+00,9.87051e-01,5.54710e+00,6.76716e+00,1.92856e+00,1.05243e+00,3.17911e+00,3.73782e+00
8.85190e-01,3.70530e+01,1.12182e-01,9.30419e+01,5.66708e-01,7.78497e+00,1.03395e+01,5.03495e+01,8.96600e+00,1.32152e+01,1.89832e+00,2.51906e+01,1.79264e+00,9.95658e-01,5.44456e+00,6.96096e+00,1.93042e+00,9.65195e-01,3.03567e+00,3.74809e+00
8.84742e-01,3.98380e+01,1.10560e-01,9.70193e+01,5.30368e-01,7.69574e+00,1.02536e+01,4.92113e+01,8.39082e+00,1.33970e+01,1.79075e+00,2.74816e+01,1.81363e+00,1.00334e+00,5.30771e+00,7.22147e+00,1.93252e+00,8.84176e-01,2.91111e+00,3.75528e+00
8.85091e-01,4.25833e+01,1.09202e-01,1.00040e+02,4.98750e-01,7.49541e+00,1.01482e+01,4.75191e+01,7.85176e+00,1.35628e+01,1.69167e+00,3.03562e+01,1.83528e+00,1.00929e+00,5.14083e+00,7.51936e+00,1.93496e+00,8.09968e-01,2.80282e+00,3.75916e+00
8.86482e-01,4.48628e+01,1.07991e-01,1.02088e+02,4.71144e-01,7.22880e+00,1.00305e+01,4.54897e+01,7.35431e+00,1.37102e+01,1.60199e+00,3.38202e+01,1.85717e+00,1.01291e+00,4.94957e+00,7.80545e+00,1.93778e+00,7.42651e-01,2.70870e+00,3.76018e+00
8.88789e-01,4.64600e+01,1.06959e-01,1.03264e+02,4.47091e-01,6.93005e+00,9.90329e+00,4.33039e+01,6.90045e+00,1.38370e+01,1.52245e+00,3.78091e+01,1.87871e+00,1.01390e+00,4.74038e+00,8.03509e+00,1.94105e+00,6.82001e-01,2.62688e+00,3.75852e+00
8.91595e-01,4.73831e+01,1.06087e-01,1.03777e+02,4.26092e-01,6.62205e+00,9.76646e+00,4.10964e+01,6.49040e+00,1.39426e+01,1.45358e+00,4.21814e+01,1.89921e+00,1.01215e+00,4.51960e+00,8.18243e+00,1.94473e+00,6.27572e-01,2.55564e+00,3.75423e+00
8.94112e-01,4.77934e+01,1.05318e-01,1.03856e+02,4.07676e-01,6.31812e+00,9.61829e+00,3.89534e+01,6.12353e+00,1.40269e+01,1.39561e+00,4.67181e+01,1.91813e+00,1.00776e+00,4.29299e+00,8.24367e+00,1.94875e+00,5.78850e-01,2.49347e+00,3.74787e+00
8.95438e-01,4.79195e+01,1.04666e-01,1.03653e+02,3.91521e-01,6.02468e+00,9.45747e+00,3.69259e+01,5.79854e+00,1.40903e+01,1.34843e+00,5.11454e+01,1.93497e+00,1.00096e+00,4.06550e+00,8.23040e+00,1.95302e+00,5.35308e-01,2.43910e+00,3.73944e+00
8.94795e-01,4.80066e+01,1.04114e-01,1.03199e+02,3.77347e-01,5.74435e+00,9.28450e+00,3.50400e+01,5.51391e+00,1.41334e+01,1.31155e+00,5.51808e+01,1.94937e+00,9.92018e-01,3.84107e+00,8.16019e+00,1.95743e+00,4.96448e-01,2.39126e+00,3.72917e+00
8.91606e-01,4.83011e+01,1.03630e-01,1.02433e+02,3.64930e-01,5.47718e+00,9.10313e+00,3.33082e+01,5.26772e+00,1.41572e+01,1.28411e+00,5.85823e+01,1.96100e+00,9.81240e-01,3.62272e+00,8.05159e+00,1.96182e+00,4.61787e-01,2.34899e+00,3.71735e+00
8.85739e-01,4.90671e+01,1.03212e-01,1.01279e+02,3.54006e-01,5.22214e+00,8.92105e+00,3.17337e+01,5.05727e+00,1.41635e+01,1.26480e+00,6.11959e+01,1.96980e+00,9.68973e-01,3.41262e+00,7.92013e+00,1.96607e+00,4.30811e-01,2.31122e+00,3.70423e+00
8.77273e-01,5.06209e+01,1.02848e-01,9.96924e+01,3.44436e-01,4.97811e+00,8.74967e+00,3.03217e+01,4.87959e+00,1.41544e+01,1.25214e+00,6.29660e+01,1.97568e+00,9.55544e-01,3.21221e+00,7.77708e+00,1.97005e+00,4.03144e-01,2.27746e+00,3.69000e+00
8.66687e-01,5.33324e+01,1.02531e-01,9.76921e+01,3.36024e-01,4.74413e+00,8.60236e+00,2.90758e+01,4.73061e+00,1.41381e+01,1.24444e+00,6.39263e+01,1.97876e+00,9.41167e-01,3.02239e+00,7.63040e+00,1.97373e+00,3.78433e-01,2.24685e+00,3.67475e+00
8.54429e-01,5.75619e+01,1.02260e-01,9.53466e+01,3.28603e-01,4.51916e+00,8.49129e+00,2.80065e+01,4.60620e+00,1.41685e+01,1.23994e+00,6.41786e+01,1.97914e+00,9.26138e-01,2.84355e+00,7.48606e+00,1.97711e+00,3.56316e-01,2.21881e+00,3.65880e+00
8.41046e-01,6.34524e+01,1.02022e-01,9.27432e+01,3.22052e-01,4.30262e+00,8.42373e+00,2.71327e+01,4.50156e+00,1.45441e+01,1.23708e+00,6.38582e+01,1.97720e+00,9.10641e-01,2.67579e+00,7.34700e+00,1.98026e+00,3.36534e-01,2.19294e+00,3.64231e+00
8.26972e-01,7.06623e+01,1.01826e-01,8.99753e+01,3.16274e-01,4.09426e+00,8.40010e+00,2.64788e+01,4.41170e+00,1.64947e+01,1.23447e+00,6.31087e+01,1.97318e+00,8.94869e-01,2.51898e+00,7.21584e+00,1.98327e+00,3.18829e-01,2.16869e+00,3.62551e+00
8.12661e-01,7.83037e+01,1.01664e-01,8.71241e+01,3.11163e-01,3.89404e+00,8.41430e+00,2.60719e+01,4.33203e+00,2.32105e+01,1.23107e+00,6.20655e+01,1.96740e+00,8.78958e-01,2.37276e+00,7.09359e+00,1.98632e+00,3.02963e-01,2.14575e+00,3.60861e+00
7.98420e-01,8.52706e+01,1.01520e-01,8.42518e+01,3.06689e-01,3.70206e+00,8.45569e+00,2.59332e+01,4.25822e+00,3.79386e+01,1.22613e+00,6.08493e+01,1.96022e+00,8.63075e-01,2.23672e+00,6.98109e+00,1.98953e+00,2.88728e-01,2.12371e+00,3.59176e+00
7.84475e-01,9.07104e+01,1.01405e-01,8.14102e+01,3.02752e-01,3.51837e+00,8.51168e+00,2.60634e+01,4.18666e+00,5.77614e+01,1.21919e+00,5.95612e+01,1.95211e+00,8.47327e-01,2.11032e+00,6.87879e+00,1.99307e+00,2.75979e-01,2.10234e+00,3.57510e+00
7.71005e-01,9.42575e+01,1.01318e-01,7.86376e+01,2.99302e-01,3.34315e+00,8.57016e+00,2.64314e+01,4.11456e+00,7.51508e+01,1.21003e+00,5.82840e+01,1.94342e+00,8.31780e-01,1.99306e+00,6.78660e+00,1.99715e+00,2.64570e-01,2.08142e+00,3.55878e+00
7.58148e-01,9.59781e+01,1.01235e-01,7.59622e+01,2.96258e-01,3.17632e+00,8.62102e+00,2.69684e+01,4.04000e+00,8.60993e+01,1.19867e+00,5.70896e+01,1.93458e+00,8.16492e-01,1.88431e+00,6.70392e+00,2.00189e+00,2.54324e-01,2.06057e+00,3.54281e+00
7.45985e-01,9.61676e+01,1.01161e-01,7.34112e+01,2.94490e-01,3.01793e+00,8.65669e+00,2.75814e+01,3.96183e+00,9.11750e+01,1.18523e+00,5.60361e+01,1.92601e+00,8.01568e-01,1.78358e+00,6.63054e+00,2.00748e+00,2.45147e-01,2.03973e+00,3.52731e+00
7.34540e-01,9.51984e+01,1.02447e-01,7.10044e+01,2.97208e-01,2.86804e+00,8.67194e+00,2.81700e+01,3.87939e+00,9.24224e+01,1.16989e+00,5.51798e+01,1.91793e+00,7.87027e-01,1.69026e+00,6.56588e+00,2.01398e+00,2.36955e-01,2.01885e+00,3.51237e+00
7.23874e-01,9.34154e+01,1.05600e-01,6.87592e+01,3.03950e-01,2.72644e+00,8.66362e+00,2.86520e+01,3.79287e+00,9.15699e+01,1.15291e+00,5.45681e+01,1.91068e+00,7.72910e-01,1.60391e+00,6.50881e+00,2.02151e+00,2.29622e-01,1.99786e+00,3.49789e+00
7.13996e-01,9.11006e+01,1.10324e-01,6.66881e+01,3.09337e-01,2.59295e+00,8.63041e+00,2.89758e+01,3.70266e+00,8.97105e+01,1.13452e+00,5.42414e+01,1.90451e+00,7.59258e-01,1.52395e+00,6.45905e+00,2.03017e+00,2.23086e-01,1.97668e+00,3.48399e+00
7.04856e-01,8.84761e+01,1.15540e-01,6.48049e+01,3.16604e-01,2.46732e+00,8.57238e+00,2.91198e+01,3.60938e+00,8.74568e+01,1.11496e+00,5.42338e+01,1.89953e+00,7.46129e-01,1.44999e+00,6.41589e+00,2.04009e+00,2.17297e-01,1.95536e+00,3.47061e+00
6.96411e-01,8.57027e+01,1.19688e-01,6.31181e+01,3.25136e-01,2.34927e+00,8.49083e+00,2.90863e+01,3.51390e+00,8.51185e+01,1.09445e+00,5.45667e+01,1.89584e+00,7.33533e-01,1.38154e+00,6.37815e+00,2.05134e+00,2.12127e-01,1.93393e+00,3.45784e+00
6.88645e-01,8.28997e+01,1.23024e-01,6.16389e+01,3.34295e-01,2.23851e+00,8.38774e+00,2.88918e+01,3.41721e+00,8.28303e+01,1.07320e+00,5.52745e+01,1.89347e+00,7.21502e-01,1.31822e+00,6.34552e+00,2.06395e+00,2.07610e-01,1.91248e+00,3.44556e+00
6.81461e-01,8.01506e+01,1.26165e-01,6.03752e+01,3.44282e-01,2.13471e+00,8.26563e+00,2.85601e+01,3.32014e+00,8.06274e+01,1.05136e+00,5.64335e+01,1.89240e+00,7.10066e-01,1.25965e+00,6.31700e+00,2.07793e+00,2.03681e-01,1.89105e+00,3.43380e+00
6.74794e-01,7.75152e+01,1.29312e-01,5.93318e+01,3.54890e-01,2.03755e+00,8.12714e+00,2.81165e+01,3.22357e+00,7.84956e+01,1.02906e+00,5.82154e+01,1.89256e+00,6.99236e-01,1.20548e+00,6.29195e+00,2.09336e+00,2.00313e-01,1.86976e+00,3.42253e+00
6.68557e-01,7.50402e+01,1.32372e-01,5.85025e+01,3.65778e-01,1.94662e+00,7.97526e+00,2.75859e+01,3.12815e+00,7.64024e+01,1.00648e+00,6.09440e+01,1.89379e+00,6.88965e-01,1.15532e+00,6.26937e+00,2.11016e+00,1.97432e-01,1.84864e+00,3.41169e+00
6.62697e-01,7.27706e+01,1.35087e-01,5.78717e+01,3.77429e-01,1.86159e+00,7.81239e+00,2.69920e+01,3.03450e+00,7.43168e+01,9.83711e-01,6.50922e+01,1.89590e+00,6.79370e-01,1.10894e+00,6.24876e+00,2.12826e+00,1.94974e-01,1.82775e+00,3.40133e+00
6.57162e-01,7.07509e+01,1.37110e-01,5.74034e+01,3.90243e-01,1.78219e+00,7.64128e+00,2.63555e+01,2.94318e+00,7.22168e+01,9.60854e-01,7.11792e+01,1.89870e+00,6.70393e-01,1.06604e+00,6.22986e+00,2.14744e+00,1.92911e-01,1.80725e+00,3.39149e+00
6.51931e-01,6.90351e+01,1.38184e-01,5.70459e+01,4.04159e-01,1.70803e+00,7.46408e+00,2.56951e+01,2.85453e+00,7.00931e+01,9.37990e-01,7.95499e+01,1.90192e+00,6.62057e-01,1.02638e+00,6.21168e+00,2.16745e+00,1.91147e-01,1.78721e+00,3.38210e+00
6.46997e-01,6.76926e+01,1.38176e-01,5.67377e+01,4.18432e-01,1.63879e+00,7.28289e+00,2.50285e+01,2.76877e+00,6.79480e+01,9.15228e-01,9.01360e+01,1.90546e+00,6.54379e-01,9.89712e-01,6.19405e+00,2.18804e+00,1.89667e-01,1.76768e+00,3.37326e+00
6.42291e-01,6.68188e+01,1.37188e-01,5.64173e+01,4.31742e-01,1.57415e+00,7.09942e+00,2.43723e+01,2.68626e+00,6.57918e+01,8.92624e-01,1.02370e+02,1.90908e+00,6.47374e-01,9.55790e-01,6.17683e+00,2.20890e+00,1.88376e-01,1.74878e+00,3.36501e+00
6.37815e-01,6.65345e+01,1.35379e-01,5.60329e+01,4.42781e-01,1.51385e+00,6.91524e+00,2.37413e+01,2.60709e+00,6.36393e+01,8.70246e-01,1.15327e+02,1.91257e+00,6.40995e-01,9.24461e-01,6.15972e+00,2.22972e+00,1.87312e-01,1.73053e+00,3.35743e+00
6.33566e-01,6.69908e+01,1.33039e-01,5.55501e+01,4.60075e-01,1.45758e+00,6.73164e+00,2.31501e+01,2.53125e+00,6.15073e+01,8.48176e-01,1.28003e+02,1.91572e+00,6.35194e-01,8.95539e-01,6.14264e+00,2.25021e+00,1.86380e-01,1.71301e+00,3.35057e+00
6.29487e-01,6.83485e+01,1.49465e-01,5.49510e+01,4.91247e-01,1.40509e+00,6.54967e+00,2.26149e+01,2.45883e+00,5.94107e+01,8.26446e-01,1.39558e+02,1.91840e+00,6.29966e-01,8.68862e-01,6.12579e+00,2.27009e+00,1.88241e-01,1.69624e+00,3.34446e+00
6.25538e-01,7.07415e+01,1.93465e-01,5.42348e+01,5.87507e-01,1.35617e+00,6.37013e+00,2.21573e+01,2.40138e+00,5.73634e+01,8.05130e-01,1.49422e+02,1.92044e+00,6.25318e-01,8.44259e-01,6.10929e+00,2.28926e+00,1.99331e-01,1.68028e+00,3.33923e+00
6.28974e-01,7.42134e+01,2.90268e-01,5.34128e+01,9.93631e-01,1.31050e+00,6.19368e+00,2.18120e+01,2.36132e+00,5.53974e+01,7.84271e-01,1.57305e+02,1.92821e+00,6.65154e-01,8.21561e-01,6.09313e+00,2.30894e+00,2.14178e-01,1.66507e+00,3.33680e+00
6.47703e-01,7.86529e+01,4.23858e-01,5.25027e+01,1.85173e+00,1.26827e+00,6.02083e+00,2.16487e+01,2.33560e+00,5.34957e+01,7.63926e-01,1.63127e+02,1.93556e+00,7.25897e-01,8.00661e-01,6.07754e+00,2.33729e+00,2.29465e-01,1.65885e+00,3.33500e+00
6.67952e-01,8.37595e+01,7.00156e-01,5.15285e+01,4.74999e+00,1.22842e+00,5.85193e+00,2.18137e+01,2.32464e+00,5.16931e+01,7.44148e-01,1.66977e+02,1.94539e+00,7.99574e-01,7.81465e-01,6.06265e+00,2.36897e+00,2.54191e-01,1.65802e+00,3.35363e+00
6.81013e-01,8.90997e+01,1.17799e+00,5.05116e+01,1.46962e+01,1.19135e+00,5.68722e+00,2.26037e+01,2.32366e+00,4.99711e+01,7.24936e-01,1.69048e+02,1.96033e+00,8.98688e-01,7.63764e-01,6.04855e+00,2.40137e+00,2.79880e-01,1.66743e+00,3.37750e+00
7.15351e-01,9.42145e+01,1.74947e+00,4.94753e+01,2.81701e+01,1.15681e+00,5.52688e+00,2.45406e+01,2.32729e+00,4.83180e+01,7.06329e-01,1.69598e+02,2.00126e+00,1.01910e+00,7.47566e-01,6.03546e+00,2.43279e+00,3.05999e-01,1.68389e+00,3.41749e+00
7.95819e-01,9.87413e+01,2.14104e+00,4.84416e+01,3.71439e+01,1.12470e+00,5.37099e+00,2.82849e+01,2.33376e+00,4.67355e+01,6.88310e-01,1.68902e+02,2.57413e+00,1.16034e+00,7.32715e-01,6.02332e+00,2.46006e+00,3.32338e-01,1.70036e+00,3.46793e+00
9.19358e-01,1.02459e+02,2.32541e+00,4.74286e+01,3.85169e+01,1.09487e+00,5.21961e+00,3.41962e+01,2.34973e+00,4.52226e+01,6.70919e-01,1.67226e+02,4.32669e+00,1.33096e+00,7.19078e-01,6.01228e+00,2.48292e+00,3.62406e-01,1.71632e+00,3.51015e+00
1.12917e+00,1.05288e+02,2.59273e+00,4.64522e+01,3.86631e+01,1.06713e+00,5.07282e+00,4.17831e+01,2.40893e+00,4.37752e+01,6.54152e-01,1.64818e+02,7.88193e+00,1.68470e+00,7.06657e-01,6.00244e+00,2.50160e+00,5.48228e-01,1.73398e+00,3.53792e+00
1.85961e+00,1.07254e+02,3.19912e+00,4.55280e+01,4.25937e+01,1.04132e+00,4.93052e+00,4.97407e+01,2.58186e+00,4.24138e+01,6.38023e-01,1.61887e+02,1.58105e+01,2.99986e+00,6.95324e-01,5.99363e+00,2.55551e+00,8.05057e-01,1.75499e+00,3.56653e+00
4.07676e+00,1.08775e+02,4.08038e+00,4.46908e+01,4.75137e+01,1.12132e+00,4.81227e+00,5.67935e+01,2.91408e+00,4.11691e+01,6.23055e-01,1.58620e+02,2.80219e+01,6.66723e+00,6.92162e-01,5.98596e+00,2.64665e+00,1.16589e+00,1.78955e+00,3.61602e+00
7.02857e+00,1.09767e+02,5.03775e+00,4.39789e+01,5.20038e+01,1.30214e+00,4.71561e+00,6.22709e+01,3.38124e+00,4.01109e+01,6.18984e-01,1.55143e+02,6.77591e+01,1.29007e+01,6.97528e-01,5.97985e+00,2.74235e+00,1.62448e+00,1.86678e+00,3.72385e+00
1.18602e+01,1.10107e+02,6.04089e+00,4.34232e+01,5.47347e+01,1.53932e+00,4.66226e+00,6.58850e+01,3.96062e+00,3.92195e+01,6.23723e-01,1.51575e+02,2.24487e+02,2.11091e+01,6.98420e-01,5.97683e+00,2.83127e+00,2.01289e+00,1.98694e+00,3.91449e+00
2.18806e+01,1.10537e+02,6.72637e+00,4.30272e+01,5.49133e+01,1.74920e+00,4.64780e+00,6.78161e+01,4.70381e+00,3.83695e+01,6.30184e-01,1.48013e+02,3.91838e+02,3.18094e+01,7.05094e-01,5.97957e+00,2.90548e+00,2.49868e+00,2.13758e+00,4.12033e+00
3.92230e+01,1.11192e+02,6.77858e+00,4.29085e+01,5.26375e+01,1.89863e+00,4.64297e+00,6.85519e+01,5.70257e+00,3.75245e+01,6.41644e-01,1.44556e+02,5.33611e+02,4.26228e+01,7.13945e-01,5.99137e+00,2.96820e+00,3.80664e+00,2.27333e+00,4.28066e+00
6.53052e+01,1.12108e+02,6.32246e+00,4.32635e+01,4.83476e+01,2.08695e+00,4.63943e+00,6.85098e+01,7.07952e+00,3.67145e+01,6.59075e-01,1.41293e+02,6.82636e+02,5.18705e+01,7.23452e-01,6.00922e+00,3.02876e+00,7.03075e+00,2.38412e+00,4.39671e+00
9.63724e+01,1.12945e+02,5.64767e+00,4.44643e+01,4.28248e+01,2.43400e+00,4.64322e+00,6.79568e+01,9.03163e+00,3.59891e+01,6.69610e-01,1.38301e+02,8.48735e+02,6.03834e+01,7.33317e-01,6.03219e+00,3.09611e+00,1.12879e+01,2.47176e+00,4.49716e+00
1.21387e+02,1.13087e+02,4.97627e+00,4.71116e+01,3.67470e+01,3.05013e+00,4.65244e+00,6.70602e+01,1.15906e+01,3.53919e+01,6.65247e-01,1.35648e+02,1.01941e+03,6.92098e+01,7.44055e-01,6.06126e+00,3.18338e+00,1.43028e+01,2.54533e+00,4.60740e+00
1.36449e+02,1.12234e+02,4.40207e+00,5.17833e+01,3.06904e+01,3.76863e+00,4.65291e+00,6.59565e+01,1.41967e+01,3.49278e+01,6.54713e-01,1.33415e+02,1.11377e+03,7.98538e+01,7.52629e-01,6.09610e+00,3.32097e+00,1.58575e+01,2.61134e+00,4.74071e+00
1.44569e+02,1.10573e+02,3.91736e+00,5.85335e+01,2.51282e+01,4.17876e+00,4.63241e+00,6.47435e+01,1.61144e+01,3.45524e+01,6.44844e-01,1.31703e+02,1.10567e+03,9.43088e+01,7.62077e-01,6.13565e+00,3.61313e+00,1.68464e+01,2.66846e+00,4.90232e+00
1.51090e+02,1.08366e+02,3.48386e+00,6.65525e+01,2.03359e+01,4.17713e+00,4.58303e+00,6.34892e+01,1.72025e+01,3.42000e+01,6.35496e-01,1.30636e+02,1.03976e+03,1.15175e+02,7.75698e-01,6.17768e+00,4.34011e+00,1.75949e+01,2.71098e+00,5.09215e+00
1.57123e+02,1.05832e+02,3.07674e+00,7.44434e+01,1.63818e+01,3.93363e+00,4.50598e+00,6.22445e+01,1.79312e+01,3.38200e+01,6.26222e-01,1.30335e+02,9.55723e+02,1.40563e+02,7.93674e-01,6.21872e+00,5.78329e+00,1.77991e+01,2.73466e+00,5.30716e+00
1.58304e+02,1.03151e+02,2.69084e+00,8.09590e+01,1.32049e+01,3.61141e+00,4.40665e+00,6.10157e+01,1.89400e+01,3.33949e+01,6.17214e-01,1.30873e+02,8.73532e+02,1.58744e+02,8.14932e-01,6.25573e+00,7.53964e+00,1.72049e+01,2.74022e+00,5.54508e+00
1.51728e+02,1.00460e+02,2.33197e+00,8.55312e+01,1.06880e+01,3.29191e+00,4.28983e+00,5.97852e+01,2.06085e+01,3.29359e+01,6.08307e-01,1.32240e+02,7.99907e+02,1.61935e+02,8.38195e-01,6.28715e+00,8.76603e+00,1.59409e+01,2.73264e+00,5.80614e+00
1.39053e+02,9.78300e+01,2.00816e+00,8.82326e+01,8.70700e+00,3.00156e+00,4.16066e+00,5.85326e+01,2.28813e+01,3.24704e+01,5.99250e-01,1.34345e+02,7.33052e+02,1.53317e+02,8.62661e-01,6.31185e+00,9.21112e+00,1.43212e+01,2.71793e+00,6.09224e+00
1.23591e+02,9.52995e+01,1.72438e+00,8.94572e+01,7.14974e+00,2.74543e+00,4.02605e+00,5.72493e+01,2.54958e+01,3.20280e+01,5.89862e-01,1.37064e+02,6.68369e+02,1.38939e+02,8.88126e-01,6.32962e+00,9.13659e+00,1.26160e+01,2.70044e+00,6.40255e+00
1.07888e+02,9.28848e+01,1.48150e+00,8.96472e+01,5.92310e+00,2.52160e+00,3.89321e+00,5.59438e+01,2.83031e+01,3.16320e+01,5.80175e-01,1.40259e+02,6.03854e+02,1.22958e+02,9.14855e-01,6.34079e+00,8.85328e+00,1.09861e+01,2.68249e+00,6.72908e+00
9.32920e+01,9.05970e+01,1.27713e+00,8.91669e+01,4.95303e+00,2.32680e+00,3.76736e+00,5.46326e+01,3.12935e+01,3.12955e+01,5.70410e-01,1.43754e+02,5.40732e+02,1.07484e+02,9.43448e-01,6.34511e+00,8.56736e+00,9.50707e+00,2.66469e+00,7.05821e+00
8.03328e+01,8.84446e+01,1.10702e+00,8.82787e+01,4.18164e+00,2.15714e+00,3.65143e+00,5.33314e+01,3.44520e+01,3.10201e+01,5.60800e-01,1.47334e+02,4.81215e+02,9.33895e+01,9.74892e-01,6.34317e+00,8.39177e+00,8.20408e+00,2.64743e+00,7.37964e+00
6.91005e+01,8.64347e+01,9.66319e-01,8.71567e+01,3.56435e+00,2.00944e+00,3.54638e+00,5.20459e+01,3.77209e+01,3.07972e+01,5.51574e-01,1.50768e+02,4.26932e+02,8.09484e+01,1.01064e+00,6.33573e+00,8.38037e+00,7.07620e+00,2.63072e+00,7.70391e+00
5.94894e+01,8.45727e+01,8.50214e-01,8.59120e+01,3.06714e+00,1.88145e+00,3.45197e+00,5.07759e+01,4.10734e+01,3.06112e+01,5.42877e-01,1.53842e+02,3.78575e+02,7.01480e+01,1.05219e+00,6.32324e+00,8.54898e+00,6.11017e+00,2.61468e+00,8.10388e+00
5.13196e+01,8.28623e+01,7.54291e-01,8.46123e+01,2.66364e+00,1.77135e+00,3.36749e+00,4.95134e+01,4.45060e+01,3.04422e+01,5.34810e-01,1.56407e+02,3.36123e+02,6.08529e+01,1.10055e+00,6.30711e+00,8.89296e+00,5.28764e+00,2.59897e+00,8.78989e+00
4.43971e+01,8.13060e+01,6.74928e-01,8.32910e+01,2.33400e+00,1.67768e+00,3.29278e+00,4.82518e+01,4.79186e+01,3.02715e+01,5.27427e-01,1.58384e+02,2.99177e+02,5.28912e+01,1.15580e+00,6.28805e+00,9.41403e+00,4.58961e+00,2.58269e+00,1.02013e+01
3.85395e+01,7.98972e+01,6.08976e-01,8.19635e+01,2.06285e+00,1.59897e+00,3.22841e+00,4.69890e+01,5.10263e+01,3.00838e+01,5.20722e-01,1.59770e+02,2.67168e+02,4.60868e+01,1.21688e+00,6.26682e+00,1.01692e+01,3.99779e+00,2.56486e+00,1.30588e+01
3.35834e+01,7.86210e+01,5.54003e-01,8.06338e+01,1.83828e+00,1.53383e+00,3.17590e+00,4.57237e+01,5.34491e+01,2.98707e+01,5.14694e-01,1.60607e+02,2.39495e+02,4.02743e+01,1.28204e+00,6.24436e+00,1.13815e+01,3.49608e+00,2.54445e+00,1.80831e+01
2.93876e+01,7.74508e+01,5.10431e-01,7.93023e+01,1.65158e+00,1.48096e+00,3.13738e+00,4.44601e+01,5.48959e+01,2.96323e+01,5.09227e-01,1.60953e+02,2.15579e+02,3.53053e+01,1.34933e+00,6.22178e+00,1.38042e+01,3.07315e+00,2.52097e+00,2.46203e+01
2.58301e+01,7.63614e+01,4.75001e-01,7.79700e+01,1.49499e+00,1.43934e+00,3.11518e+00,4.32047e+01,5.52825e+01,2.93765e+01,5.04295e-01,1.60868e+02,1.94957e+02,3.10519e+01,1.41713e+00,6.19956e+00,2.02567e+01,2.71338e+00,2.49437e+00,3.04405e+01
2.28083e+01,7.53321e+01,4.49531e-01,7.66399e+01,1.36244e+00,1.40809e+00,3.11099e+00,4.19677e+01,5.47218e+01,2.91163e+01,4.99837e-01,1.60393e+02,1.77157e+02,2.74015e+01,1.48424e+00,6.17898e+00,4.13177e+01,2.40831e+00,2.46518e+00,6.00841e+01
2.02345e+01,7.43528e+01,4.29480e-01,7.53149e+01,1.25059e+00,1.38651e+00,3.12523e+00,4.07573e+01,5.34476e+01,2.88684e+01,4.95855e-01,1.59549e+02,1.61797e+02,2.42627e+01,1.54963e+00,6.16069e+00,1.00453e+02,2.15101e+00,2.43425e+00,7.06678e+02
1.80360e+01,7.34232e+01,4.12409e-01,7.39979e+01,1.15584e+00,1.37410e+00,3.15644e+00,3.95831e+01,5.17202e+01,2.86484e+01,4.92300e-01,1.58356e+02,1.48615e+02,2.15585e+01,1.61227e+00,6.14553e+00,1.89532e+02,1.93193e+00,2.40245e+00,1.13795e+03
1.61510e+01,7.25501e+01,3.98314e-01,7.26888e+01,1.07509e+00,1.37055e+00,3.20124e+00,3.84543e+01,4.97601e+01,2.84704e+01,4.89192e-01,1.56832e+02,1.37341e+02,1.92235e+01,1.67072e+00,6.13420e+00,2.54802e+02,1.74299e+00,2.37077e+00,1.19549e+03
1.45302e+01,7.17412e+01,3.86872e-01,7.13835e+01,1.00593e+00,1.37558e+00,3.25450e+00,3.73793e+01,4.77193e+01,2.83435e+01,4.86484e-01,1.55002e+02,1.27749e+02,1.72018e+01,1.72356e+00,6.12721e+00,2.83078e+02,1.57843e+00,2.34007e+00,1.16546e+03
1.31318e+01,7.10039e+01,3.77091e-01,7.00791e+01,9.46483e-01,1.38911e+00,3.31068e+00,3.63676e+01,4.56760e+01,2.82717e+01,4.84230e-01,1.52905e+02,1.19634e+02,1.54467e+01,1.76945e+00,6.12628e+00,2.88564e+02,1.43526e+00,2.31105e+00,1.11045e+03
1.19207e+01,7.03397e+01,3.67911e-01,6.87704e+01,8.94835e-01,1.41108e+00,3.36426e+00,3.54301e+01,4.36544e+01,2.82528e+01,4.82378e-01,1.50582e+02,1.12722e+02,1.39172e+01,1.80774e+00,6.13552e+00,2.82734e+02,1.31076e+00,2.28431e+00,1.04779e+03
1.08655e+01,6.97405e+01,3.58633e-01,6.74541e+01,8.49697e-01,1.44168e+00,3.41065e+00,3.45712e+01,4.16475e+01,2.82780e+01,4.80983e-01,1.48086e+02,1.06669e+02,1.25810e+01,1.83850e+00,6.16977e+00,2.71328e+02,1.20214e+00,2.26053e+00,9.84359e+02
9.94093e+00,6.91932e+01,3.49040e-01,6.61318e+01,8.10046e-01,1.48138e+00,3.44671e+00,3.37956e+01,3.96391e+01,2.83339e+01,4.79975e-01,1.45473e+02,1.01107e+02,1.14097e+01,1.86268e+00,6.26195e+00,2.57085e+02,1.10692e+00,2.24026e+00,9.22917e+02
9.12558e+00,6.86811e+01,3.39282e-01,6.48092e+01,7.75203e-01,1.53090e+00,3.47067e+00,3.31024e+01,3.76198e+01,2.84034e+01,4.79364e-01,1.42788e+02,9.57353e+01,1.03807e+01,1.88176e+00,6.45727e+00,2.41479e+02,1.02301e+00,2.22402e+00,8.64512e+02
8.40218e+00,6.81881e+01,3.29889e-01,6.35000e+01,7.44500e-01,1.59095e+00,3.48204e+00,3.24855e+01,3.55919e+01,2.84683e+01,4.79056e-01,1.40079e+02,9.03636e+01,9.47494e+00,1.89724e+00,6.77678e+00,2.25424e+02,9.48767e-01,2.21234e+00,8.09336e+02
7.75726e+00,6.77048e+01,3.21384e-01,6.22231e+01,7.17558e-01,1.66163e+00,3.48127e+00,3.19360e+01,3.35692e+01,2.85129e+01,4.78967e-01,1.37381e+02,8.49357e+01,8.67655e+00,1.91037e+00,7.17739e+00,2.09533e+02,8.83037e-01,2.20580e+00,7.57262e+02
7.17961e+00,6.72262e+01,3.14348e-01,6.10059e+01,6.94010e-01,1.74165e+00,3.46957e+00,3.14440e+01,3.15725e+01,2.85246e+01,4.79013e-01,1.34725e+02,7.94828e+01,7.97209e+00,1.92175e+00,7.56406e+00,1.94193e+02,8.24943e-01,2.20495e+00,7.08102e+02
6.66045e+00,6.67534e+01,3.09258e-01,5.98817e+01,6.73462e-01,1.82809e+00,3.44851e+00,3.10022e+01,2.96241e+01,2.84946e+01,4.79045e-01,1.32138e+02,7.40849e+01,7.35005e+00,1.93121e+00,7.85276e+00,1.79641e+02,7.73784e-01,2.21030e+00,6.61685e+02
6.19207e+00,6.62893e+01,3.06120e-01,5.88790e+01,6.55617e-01,1.91612e+00,3.41995e+00,3.06053e+01,2.77439e+01,2.84199e+01,4.78979e-01,1.29635e+02,6.88248e+01,6.80044e+00,1.93806e+00,8.01225e+00,1.66006e+02,7.28841e-01,2.22198e+00,6.17902e+02
5.76836e+00,6.58351e+01,3.04611e-01,5.80234e+01,6.40206e-01,2.00010e+00,3.38551e+00,3.02540e+01,2.59489e+01,2.83004e+01,4.78707e-01,1.27234e+02,6.37795e+01,6.31444e+00,1.94110e+00,8.05671e+00,1.53343e+02,6.89536e-01,2.24025e+00,5.76727e+02
5.38393e+00,6.53931e+01,3.03845e-01,5.73184e+01,6.26852e-01,2.07461e+00,3.34679e+00,2.99505e+01,2.42504e+01,2.81402e+01,4.78148e-01,1.24946e+02,5.90029e+01,5.88421e+00,1.93921e+00,8.01926e+00,1.41649e+02,6.55268e-01,2.26477e+00,5.38107e+02
5.03472e+00,6.49658e+01,3.03038e-01,5.67500e+01,6.15292e-01,2.13549e+00,3.30529e+00,2.97000e+01,2.26542e+01,2.79491e+01,4.77274e-01,1.22783e+02,5.45294e+01,5.50196e+00,1.93134e+00,7.93147e+00,1.30893e+02,6.25466e-01,2.29477e+00,5.02025e+02
4.71673e+00,6.45636e+01,3.01441e-01,5.62881e+01,6.05296e-01,2.18038e+00,3.26209e+00,2.95033e+01,2.11633e+01,2.77409e+01,4.76036e-01,1.20743e+02,5.03743e+01,5.16101e+00,1.91694e+00,7.81705e+00,1.21024e+02,5.99543e-01,2.32908e+00,4.68420e+02
4.42678e+00,6.42100e+01,2.98747e-01,5.58916e+01,5.96621e-01,2.20896e+00,3.21820e+00,2.93593e+01,1.97766e+01,2.75374e+01,4.74481e-01,1.18837e+02,4.65389e+01,4.85478e+00,1.89581e+00,7.69159e+00,1.11982e+02,5.76964e-01,2.36604e+00,4.37203e+02
4.16191e+00,6.39484e+01,2.94953e-01,5.55216e+01,5.88976e-01,2.22221e+00,3.17445e+00,2.92627e+01,1.84911e+01,2.73719e+01,4.72631e-01,1.17057e+02,4.30145e+01,4.57779e+00,1.86819e+00,7.56489e+00,1.03705e+02,5.57232e-01,2.40371e+00,4.08267e+02
3.91988e+00,6.38449e+01,2.90248e-01,5.51467e+01,5.82135e-01,2.22201e+00,3.13156e+00,2.92030e+01,1.73021e+01,2.73028e+01,4.70579e-01,1.15404e+02,3.97868e+01,4.32537e+00,1.83463e+00,7.44327e+00,9.61310e+01,5.39907e-01,2.43996e+00,3.81499e+02
3.69842e+00,6.39930e+01,2.84931e-01,5.47469e+01,5.75908e-01,2.21067e+00,3.09011e+00,2.91675e+01,1.62040e+01,2.74523e+01,4.68416e-01,1.13871e+02,3.68377e+01,4.09355e+00,1.79598e+00,7.33118e+00,8.92000e+01,5.24591e-01,2.47283e+00,3.56761e+02
3.49571e+00,6.45087e+01,2.79340e-01,5.43149e+01,5.70151e-01,2.19053e+00,3.05068e+00,2.91402e+01,1.51911e+01,2.81038e+01,4.66241e-01,1.12451e+02,3.41474e+01,3.87957e+00,1.75315e+00,7.23221e+00,8.28562e+01,5.10988e-01,2.50056e+00,3.33925e+02
3.31006e+00,6.55153e+01,2.73758e-01,5.38533e+01,5.64737e-01,2.16382e+00,3.01377e+00,2.91055e+01,1.42566e+01,2.98988e+01,4.64167e-01,1.11134e+02,3.16946e+01,3.68119e+00,1.70721e+00,7.15835e+00,7.70462e+01,4.98842e-01,2.52195e+00,3.12848e+02
3.14010e+00,6.71254e+01,2.68367e-01,5.33676e+01,5.59637e-01,2.13238e+00,2.97998e+00,2.90451e+01,1.33952e+01,3.40230e+01,4.62313e-01,1.09911e+02,2.94601e+01,3.49726e+00,1.65907e+00,9.46950e+01,7.17231e+01,4.87966e-01,2.53619e+00,2.93415e+02
2.98442e+00,6.93956e+01,2.63320e-01,5.28701e+01,5.54828e-01,2.09773e+00,2.94992e+00,2.89418e+01,1.26009e+01,4.18422e+01,4.60761e-01,1.08774e+02,2.74244e+01,3.32622e+00,1.60958e+00,8.36832e+02,6.68408e+01,4.78247e-01,2.54298e+00,2.75494e+02
2.84197e+00,7.22953e+01,2.58672e-01,5.23741e+01,5.50248e-01,2.06100e+00,2.92407e+00,2.87824e+01,1.18682e+01,5.35133e+01,4.59623e-01,1.07712e+02,2.55699e+01,3.16768e+00,1.55956e+00,9.58448e+02,6.23629e+01,4.69503e-01,2.54251e+00,2.58964e+02
2.71150e+00,7.56831e+01,2.54459e-01,5.18926e+01,5.45973e-01,2.02298e+00,2.90299e+00,2.85591e+01,1.11920e+01,6.69284e+01,4.58981e-01,1.06716e+02,2.38789e+01,3.02085e+00,1.50966e+00,9.35987e+02,5.82501e+01,4.61610e-01,2.53532e+00,2.43716e+02
2.59214e+00,7.93242e+01,2.50716e-01,5.14355e+01,5.42010e-01,1.98423e+00,2.88720e+00,2.82708e+01,1.05677e+01,7.90035e+01,4.58914e-01,1.05775e+02,2.23373e+01,2.88520e+00,1.46042e+00,8.95337e+02,5.44695e+01,4.54479e-01,2.52215e+00,2.29645e+02
2.48283e+00,8.29359e+01,2.47442e-01,5.10107e+01,5.38337e-01,1.94509e+00,2.87716e+00,2.79230e+01,9.99107e+00,8.78195e+01,4.59446e-01,1.04885e+02,2.09302e+01,2.76022e+00,1.41228e+00,8.53107e+02,5.09927e+01,4.48004e-01,2.50398e+00,2.16669e+02
2.38288e+00,8.62516e+01,2.44579e-01,5.06236e+01,5.34948e-01,1.90568e+00,2.87319e+00,2.75257e+01,9.45824e+00,9.31415e+01,4.60611e-01,1.04035e+02,1.96450e+01,2.64543e+00,1.36555e+00,8.12010e+02,4.77918e+01,4.42033e-01,2.48177e+00,2.04697e+02
2.29139e+00,8.90704e+01,2.42107e-01,5.02751e+01,5.31869e-01,1.86613e+00,2.87541e+00,2.70904e+01,8.96554e+00,9.56621e+01,4.62381e-01,1.03226e+02,1.84706e+01,2.54025e+00,1.32050e+00,7.72535e+02,4.48417e+01,4.36556e-01,2.45649e+00,1.93657e+02
2.20772e+00,9.12787e+01,2.40023e-01,4.99613e+01,5.29123e-01,1.82652e+00,2.88373e+00,2.66283e+01,8.50972e+00,9.62527e+01,4.64725e-01,1.02459e+02,1.73958e+01,2.44410e+00,1.27730e+00,7.34801e+02,4.21208e+01,4.31503e-01,2.42892e+00,1.83472e+02
2.13114e+00,9.28485e+01,2.38241e-01,4.96737e+01,5.26654e-01,1.78689e+00,2.89772e+00,2.61525e+01,8.08773e+00,9.56344e+01,4.67555e-01,1.01750e+02,1.64116e+01,2.35627e+00,1.23605e+00,6.98782e+02,3.96082e+01,4.26786e-01,2.40001e+00,1.74080e+02
2.06119e+00,9.38106e+01,2.36765e-01,4.94034e+01,5.24443e-01,1.74731e+00,2.91688e+00,2.56694e+01,7.69706e+00,9.43180e+01,4.70816e-01,1.01138e+02,1.55094e+01,2.27626e+00,1.19685e+00,6.64457e+02,3.72867e+01,4.22358e-01,2.37027e+00,1.65421e+02
1.99726e+00,9.42371e+01,2.35580e-01,4.91374e+01,5.22456e-01,1.70788e+00,2.94040e+00,2.51869e+01,7.33507e+00,9.26633e+01,4.74402e-01,1.00703e+02,1.46817e+01,2.20346e+00,1.15974e+00,6.31757e+02,3.51395e+01,4.18256e-01,2.34022e+00,1.57443e+02
1.93883e+00,9.42171e+01,2.34610e-01,4.88596e+01,5.20664e-01,1.66873e+00,2.96716e+00,2.47109e+01,6.99969e+00,9.09303e+01,4.78233e-01,1.00585e+02,1.39215e+01,2.13725e+00,1.12468e+00,6.00653e+02,3.31522e+01,4.14430e-01,2.31041e+00,1.50081e+02
1.88550e+00,9.38390e+01,2.33841e-01,4.85574e+01,5.19063e-01,1.62998e+00,2.99603e+00,2.42437e+01,6.68893e+00,8.93245e+01,4.82178e-01,1.01004e+02,1.32222e+01,2.07707e+00,1.09167e+00,5.71091e+02,3.13107e+01,4.10886e-01,2.28105e+00,1.43286e+02
1.83687e+00,9.31842e+01,2.33224e-01,4.82197e+01,5.17668e-01,1.59179e+00,3.02584e+00,2.37895e+01,6.40089e+00,8.80187e+01,4.86142e-01,1.02249e+02,1.25783e+01,2.02243e+00,1.06066e+00,5.43024e+02,2.96029e+01,4.07635e-01,2.25238e+00,1.37004e+02
1.79250e+00,9.23221e+01,2.32755e-01,4.78387e+01,5.16445e-01,1.55431e+00,3.05551e+00,2.33517e+01,6.13381e+00,8.71542e+01,4.90018e-01,1.04632e+02,1.19847e+01,1.97279e+00,1.03161e+00,5.16403e+02,2.80180e+01,4.04618e-01,2.22440e+00,1.31179e+02
1.75207e+00,9.13100e+01,2.32391e-01,4.74089e+01,5.15354e-01,1.51768e+00,3.08406e+00,2.29342e+01,5.88625e+00,8.68257e+01,4.93740e-01,1.08402e+02,1.14367e+01,1.92771e+00,1.00443e+00,4.91176e+02,2.65461e+01,4.01907e-01,2.19727e+00,1.25755e+02
1.71526e+00,9.01924e+01,2.32134e-01,4.69311e+01,5.14377e-01,1.48201e+00,3.11067e+00,2.25415e+01,5.65674e+00,8.70613e+01,4.97230e-01,1.13631e+02,1.09302e+01,1.88683e+00,9.79081e-01,4.67291e+02,2.51778e+01,3.99431e-01,2.17095e+00,1.20679e+02
1.68177e+00,8.90032e+01,2.31971e-01,4.64088e+01,5.13515e-01,1.44743e+00,3.13464e+00,2.21803e+01,5.44400e+00,8.78060e+01,5.00441e-01,1.20133e+02,1.04615e+01,1.84974e+00,9.55473e-01,4.44699e+02,2.39050e+01,3.97242e-01,2.14535e+00,1.15900e+02
1.65129e+00,8.77697e+01,2.31876e-01,4.58484e+01,5.12732e-01,1.41394e+00,3.15559e+00,2.18571e+01,5.24667e+00,8.89263e+01,5.03339e-01,1.27470e+02,1.00271e+01,1.81600e+00,9.33503e-01,4.23328e+02,2.27192e+01,3.95275e-01,2.12047e+00,1.11369e+02
1.62359e+00,8.65094e+01,2.31834e-01,4.52589e+01,5.12022e-01,1.38165e+00,3.17317e+00,2.15821e+01,5.06382e+00,9.02425e+01,5.05872e-01,1.35077e+02,9.62400e+00,1.78547e+00,9.13122e-01,4.03140e+02,2.16147e+01,3.93562e-01,2.09614e+00,1.07053e+02
1.59849e+00,8.52374e+01,2.31842e-01,4.46475e+01,5.11359e-01,1.35066e+00,3.18718e+00,2.13651e+01,4.89425e+00,9.15572e+01,5.08036e-01,1.42408e+02,9.24946e+00,1.75775e+00,8.94282e-01,3.84073e+02,2.05848e+01,3.92053e-01,2.07258e+00,1.02914e+02
1.57569e+00,8.39636e+01,2.31881e-01,4.40231e+01,5.10724e-01,1.32103e+00,3.19759e+00,2.12165e+01,4.73716e+00,9.26967e+01,5.09791e-01,1.49077e+02,8.90127e+00,1.73258e+00,8.76819e-01,3.66070e+02,1.96233e+01,3.90748e-01,2.04952e+00,9.89286e+01
1.55505e+00,8.26950e+01,2.31923e-01,4.33941e+01,5.10111e-01,1.29270e+00,3.20429e+00,2.11463e+01,4.59159e+00,9.35337e+01,5.11161e-01,1.54895e+02,8.57733e+00,1.70979e+00,8.60767e-01,3.49072e+02,1.87246e+01,3.89626e-01,2.02702e+00,9.50754e+01
1.53645e+00,8.14369e+01,2.31975e-01,4.27676e+01,5.09563e-01,1.26568e+00,3.20728e+00,2.11615e+01,4.45682e+00,9.40143e+01,5.12121e-01,1.59852e+02,8.27548e+00,1.68918e+00,8.45952e-01,3.33021e+02,1.78843e+01,3.88640e-01,2.00522e+00,9.13449e+01
1.51968e+00,8.01939e+01,2.32053e-01,4.21494e+01,5.09043e-01,1.24000e+00,3.20665e+00,2.12650e+01,4.33212e+00,9.42389e+01,5.12662e-01,1.64045e+02,7.99432e+00,1.67052e+00,8.32331e-01,3.17872e+02,1.70979e+01,3.87829e-01,1.98391e+00,8.77308e+01
1.50461e+00,7.89692e+01,2.32152e-01,4.15438e+01,5.08508e-01,1.21567e+00,3.20243e+00,2.14527e+01,4.21671e+00,9.47557e+01,5.12802e-01,1.67620e+02,7.73198e+00,1.65372e+00,8.19872e-01,3.03578e+02,1.63609e+01,3.87091e-01,1.96322e+00,8.42263e+01
1.49106e+00,7.77661e+01,2.32274e-01,4.09550e+01,5.08017e-01,1.19266e+00,3.19464e+00,2.17129e+01,4.10994e+00,9.73726e+01,5.12513e-01,1.70721e+02,7.48733e+00,1.63862e+00,8.08449e-01,2.90079e+02,1.56693e+01,3.86491e-01,1.94318e+00,8.08346e+01
1.47893e+00,7.65884e+01,2.32408e-01,4.03875e+01,5.07557e-01,1.17091e+00,3.18339e+00,2.20261e+01,4.01130e+00,1.06522e+02,5.11814e-01,1.73460e+02,7.25913e+00,1.62512e+00,7.98034e-01,2.77337e+02,1.50201e+01,3.85969e-01,1.92375e+00,7.75545e+01
1.46809e+00,7.54392e+01,2.32536e-01,3.98440e+01,5.07107e-01,1.15038e+00,3.16885e+00,2.23657e+01,3.92007e+00,1.28665e+02,5.10721e-01,1.75918e+02,7.04624e+00,1.61302e+00,7.88533e-01,2.65299e+02,1.44094e+01,3.85527e-01,1.90492e+00,7.43850e+01
1.45840e+00,7.43223e+01,2.32669e-01,3.93302e+01,5.06640e-01,1.13104e+00,3.15107e+00,2.27048e+01,3.83589e+00,1.65093e+02,5.09218e-01,1.78139e+02,6.84768e+00,1.60221e+00,7.79909e-01,2.53939e+02,1.38351e+01,3.85145e-01,1.88666e+00,7.13342e+01
1.44978e+00,7.32426e+01,2.32792e-01,3.88519e+01,5.06153e-01,1.11291e+00,3.13026e+00,2.30160e+01,3.75840e+00,2.05506e+02,5.07347e-01,1.80137e+02,6.66263e+00,1.59267e+00,7.72078e-01,2.43205e+02,1.32936e+01,3.84850e-01,1.86921e+00,6.83965e+01
1.44214e+00,7.22031e+01,2.32927e-01,3.84141e+01,5.05668e-01,1.09588e+00,3.10663e+00,2.32798e+01,3.68691e+00,2.36832e+02,5.05101e-01,1.81908e+02,6.49022e+00,1.58422e+00,7.65014e-01,2.33069e+02,1.27831e+01,3.84584e-01,1.85234e+00,6.55757e+01
1.43539e+00,7.12072e+01,2.33042e-01,3.80409e+01,5.05176e-01,1.07990e+00,3.08042e+00,2.34849e+01,3.62104e+00,2.54299e+02,5.02535e-01,1.83435e+02,6.32982e+00,1.57680e+00,7.58626e-01,2.23490e+02,1.23010e+01,3.84387e-01,1.83610e+00,6.28705e+01
1.42941e+00,7.02589e+01,2.33141e-01,3.82913e+01,5.04678e-01,1.06496e+00,3.05185e+00,2.36318e+01,3.56048e+00,2.60317e+02,4.99658e-01,1.84696e+02,6.18065e+00,1.57033e+00,7.52874e-01,2.14440e+02,1.18452e+01,3.84199e-01,1.82060e+00,6.02795e+01
1.42415e+00,6.93603e+01,2.33235e-01,5.12113e+01,5.04195e-01,1.05103e+00,3.02125e+00,2.37367e+01,3.50485e+00,2.59074e+02,4.96489e-01,1.85690e+02,6.04197e+00,1.56475e+00,7.47717e-01,2.05893e+02,1.14140e+01,3.84050e-01,1.80571e+00,5.78034e+01
1.41957e+00,6.85134e+01,2.33316e-01,1.74606e+02,5.03677e-01,1.03803e+00,2.98895e+00,2.38353e+01,3.45386e+00,2.53850e+02,4.93072e-01,1.86480e+02,5.91322e+00,1.55997e+00,7.43076e-01,1.97810e+02,1.10057e+01,3.83910e-01,1.79142e+00,5.54359e+01
1.41556e+00,6.77186e+01,2.33396e-01,4.36636e+02,5.03162e-01,1.02587e+00,2.95522e+00,2.39900e+01,3.40708e+00,2.46658e+02,4.89418e-01,1.87276e+02,5.79380e+00,1.55597e+00,7.38937e-01,1.90175e+02,1.06190e+01,3.83786e-01,1.77775e+00,5.31781e+01
1.41209e+00,6.69752e+01,2.33479e-01,6.09791e+02,5.02646e-01,1.01460e+00,2.92033e+00,2.42989e+01,3.36420e+00,2.38611e+02,4.85566e-01,1.88567e+02,5.68306e+00,1.55262e+00,7.35232e-01,1.82960e+02,1.02524e+01,3.83677e-01,1.76465e+00,5.10244e+01
1.40904e+00,6.62798e+01,2.33556e-01,6.74882e+02,5.02127e-01,1.00410e+00,2.88463e+00,2.48993e+01,3.32495e+00,2.30290e+02,4.81561e-01,1.91244e+02,5.58044e+00,1.54981e+00,7.31901e-01,1.76135e+02,9.90465e+00,3.83569e-01,1.75204e+00,4.89711e+01
1.40642e+00,6.56300e+01,2.33615e-01,6.86772e+02,5.01596e-01,9.94366e-01,2.84837e+00,2.59574e+01,3.28909e+00,2.21991e+02,4.77415e-01,1.96614e+02,5.48545e+00,1.54755e+00,7.28993e-01,1.69683e+02,9.57475e+00,3.83464e-01,1.73990e+00,4.70171e+01
1.40416e+00,6.50212e+01,2.33671e-01,6.76942e+02,5.01032e-01,9.85306e-01,2.81182e+00,2.76163e+01,3.25624e+00,2.13861e+02,4.73172e-01,2.06082e+02,5.39742e+00,1.54572e+00,7.26357e-01,1.63583e+02,9.26157e+00,3.83358e-01,1.72835e+00,4.51562e+01
1.40217e+00,6.44488e+01,2.33724e-01,6.58989e+02,5.00447e-01,9.76979e-01,2.77523e+00,2.99151e+01,3.22635e+00,2.05973e+02,4.68855e-01,2.20456e+02,5.31581e+00,1.54428e+00,7.24046e-01,1.57813e+02,8.96418e+00,3.83250e-01,1.71722e+00,4.33866e+01
1.40052e+00,6.39070e+01,2.33755e-01,6.38416e+02,4.99865e-01,9.69263e-01,2.73875e+00,3.27154e+01,3.19908e+00,1.98363e+02,4.64507e-01,2.39153e+02,5.24037e+00,1.54324e+00,7.21960e-01,1.52352e+02,8.68189e+00,3.83131e-01,1.70647e+00,4.17015e+01
1.39906e+00,6.33912e+01,2.33757e-01,6.17356e+02,4.99278e-01,9.62117e-01,2.70256e+00,3.57063e+01,3.17415e+00,1.91045e+02,4.60151e-01,2.60011e+02,5.17032e+00,1.54252e+00,7.20131e-01,1.47179e+02,8.41363e+00,3.83009e-01,1.69619e+00,4.00989e+01
1.39783e+00,6.28960e+01,2.33742e-01,5.96629e+02,4.98698e-01,9.55558e-01,2.66685e+00,3.85100e+01,3.15142e+00,1.84025e+02,4.55801e-01,2.80043e+02,5.10533e+00,1.54204e+00,7.18494e-01,1.42273e+02,8.15893e+00,3.82880e-01,1.68631e+00,3.85751e+01
1.39680e+00,6.24174e+01,2.33730e-01,5.76516e+02,4.98101e-01,9.49549e-01,2.63175e+00,4.08176e+01,3.13077e+00,1.77296e+02,4.51478e-01,2.96640e+02,5.04492e+00,1.54179e+00,7.17054e-01,1.37616e+02,7.91703e+00,3.82738e-01,1.67676e+00,3.71250e+01
1.39590e+00,6.19521e+01,2.33720e-01,5.57142e+02,4.97468e-01,9.43998e-01,2.59735e+00,4.24699e+01,3.11180e+00,1.70854e+02,4.47196e-01,3.08370e+02,4.98875e+00,1.54178e+00,7.15752e-01,1.33188e+02,7.68736e+00,3.82589e-01,1.66755e+00,3.57466e+01
1.39516e+00,6.14979e+01,2.33699e-01,5.38585e+02,4.96841e-01,9.38913e-01,2.56372e+00,4.34540e+01,3.09443e+00,1.64689e+02,4.42969e-01,3.15030e+02,4.93638e+00,1.54194e+00,7.14597e-01,1.28972e+02,7.46931e+00,3.82424e-01,1.65870e+00,3.44359e+01
1.39450e+00,6.10529e+01,2.33680e-01,5.20902e+02,4.96194e-01,9.34209e-01,2.53091e+00,4.38542e+01,3.07846e+00,1.58789e+02,4.38812e-01,3.17252e+02,4.88738e+00,1.54222e+00,7.13556e-01,1.24946e+02,7.26220e+00,3.82261e-01,1.65008e+00,3.31881e+01
1.39393e+00,6.06161e+01,2.33653e-01,5.04199e+02,4.95535e-01,9.29915e-01,2.49896e+00,4.37903e+01,3.06378e+00,1.53147e+02,4.34745e-01,3.15998e+02,4.84174e+00,1.54259e+00,7.12615e-01,1.21096e+02,7.06586e+00,3.82089e-01,1.64179e+00,3.20017e+01
1.39346e+00,6.01873e+01,2.33623e-01,4.88582e+02,4.94863e-01,9.25997e-01,2.46794e+00,4.33846e+01,3.05025e+00,1.47749e+02,4.30785e-01,3.12248e+02,4.79887e+00,1.54305e+00,7.11771e-01,1.17407e+02,6.87935e+00,3.81907e-01,1.63381e+00,3.08731e+01
1.39305e+00,5.97661e+01,2.33583e-01,4.74108e+02,4.94163e-01,9.22356e-01,2.43786e+00,4.27407e+01,3.03765e+00,1.42587e+02,4.26939e-01,3.06831e+02,4.75866e+00,1.54354e+00,7.10995e-01,1.13865e+02,6.70249e+00,3.81708e-01,1.62614e+00,2.97992e+01
1.39269e+00,5.93531e+01,2.33513e-01,4.60772e+02,4.93447e-01,9.19033e-01,2.40870e+00,4.19380e+01,3.02596e+00,1.37649e+02,4.23228e-01,3.00378e+02,4.72085e+00,1.54408e+00,7.10298e-01,1.10456e+02,6.53476e+00,3.81497e-01,1.61875e+00,2.87776e+01
1.39238e+00,5.89480e+01,2.33405e-01,4.48447e+02,4.92720e-01,9.15997e-01,2.38043e+00,4.10368e+01,3.01499e+00,1.32927e+02,4.19648e-01,2.93341e+02,4.68525e+00,1.54465e+00,7.09650e-01,1.07166e+02,6.37569e+00,3.81270e-01,1.61162e+00,2.78051e+01
1.39212e+00,5.85500e+01,2.33293e-01,4.36892e+02,4.92028e-01,9.13170e-01,2.35309e+00,4.00780e+01,3.00475e+00,1.28411e+02,4.16190e-01,2.86032e+02,4.65178e+00,1.54523e+00,7.09052e-01,1.03985e+02,6.22497e+00,3.81027e-01,1.60478e+00,2.68786e+01
1.39189e+00,5.81590e+01,2.33194e-01,4.25802e+02,4.91318e-01,9.10623e-01,2.32666e+00,3.90914e+01,2.99513e+00,1.24090e+02,4.12863e-01,2.78654e+02,4.62021e+00,1.54583e+00,7.08494e-01,1.00907e+02,6.08212e+00,3.80757e-01,1.59822e+00,2.59967e+01
1.39171e+00,5.77735e+01,2.33099e-01,4.14907e+02,4.90606e-01,9.08265e-01,2.30108e+00,3.80967e+01,2.98602e+00,1.19954e+02,4.09671e-01,2.71339e+02,4.59041e+00,1.54645e+00,7.07968e-01,9.79258e+01,5.94681e+00,3.80462e-01,1.59192e+00,2.51568e+01
1.39151e+00,5.73917e+01,2.32992e-01,4.04034e+02,4.89877e-01,9.06087e-01,2.27639e+00,3.71073e+01,2.97749e+00,1.15996e+02,4.06619e-01,2.64169e+02,4.56221e+00,1.54705e+00,7.07473e-01,9.50323e+01,5.81866e+00,3.80154e-01,1.58586e+00,2.43571e+01
1.39131e+00,5.70110e+01,2.32869e-01,3.93121e+02,4.89129e-01,9.04059e-01,2.25253e+00,3.61320e+01,2.96936e+00,1.12206e+02,4.03694e-01,2.57187e+02,4.53568e+00,1.54762e+00,7.06998e-01,9.22225e+01,5.69739e+00,3.79842e-01,1.57998e+00,2.35942e+01
1.39113e+00,5.66298e+01,2.32736e-01,3.82185e+02,4.88378e-01,9.02193e-01,2.22949e+00,3.51758e+01,2.96170e+00,1.08579e+02,4.00915e-01,2.50423e+02,4.51059e+00,1.54818e+00,7.06537e-01,8.94959e+01,5.58273e+00,3.79522e-01,1.57441e+00,2.28675e+01
1.39093e+00,5.62454e+01,2.32596e-01,3.71284e+02,4.87603e-01,9.00437e-01,2.20726e+00,3.42438e+01,2.95447e+00,1.05105e+02,3.98272e-01,2.43894e+02,4.48701e+00,1.54870e+00,7.06096e-01,8.68455e+01,5.47427e+00,3.79198e-01,1.56903e+00,2.21747e+01
1.39076e+00,5.58550e+01,2.32464e-01,3.60498e+02,4.86808e-01,8.98823e-01,2.18581e+00,3.33377e+01,2.94771e+00,1.01779e+02,3.95777e-01,2.37599e+02,4.46476e+00,1.54918e+00,7.05665e-01,8.42718e+01,5.37181e+00,3.78856e-01,1.56392e+00,2.15144e+01
1.39056e+00,5.54564e+01,2.32309e-01,3.49891e+02,4.85992e-01,8.97285e-01,2.16513e+00,3.24586e+01,2.94139e+00,9.85922e+01,3.93410e-01,2.31549e+02,4.44381e+00,1.54962e+00,7.05236e-01,8.17732e+01,5.27508e+00,3.78511e-01,1.55898e+00,2.08841e+01
1.39032e+00,5.50482e+01,2.32115e-01,3.39520e+02,4.85172e-01,8.95852e-01,2.14518e+00,3.16073e+01,2.93548e+00,9.55389e+01,3.91184e-01,2.25724e+02,4.42415e+00,1.55005e+00,7.04814e-01,7.93457e+01,5.18371e+00,3.78145e-01,1.55433e+00,2.02827e+01
1.39006e+00,5.46313e+01,2.31899e-01,3.29424e+02,4.84380e-01,8.94515e-01,2.12595e+00,3.07840e+01,2.92998e+00,9.26132e+01,3.89084e-01,2.20131e+02,4.40883e+00,1.55045e+00,7.04386e-01,7.69917e+01,5.09752e+00,3.77764e-01,1.54984e+00,1.97092e+01
1.38981e+00,5.42251e+01,2.31699e-01,3.19629e+02,4.83578e-01,8.93225e-01,2.10741e+00,2.99887e+01,2.92490e+00,8.98105e+01,3.87102e-01,2.14752e+02,4.45468e+00,1.55079e+00,7.03956e-01,7.47060e+01,5.01625e+00,3.77368e-01,1.54555e+00,1.91616e+01
1.38952e+00,5.39738e+01,2.31521e-01,3.10149e+02,4.82755e-01,8.92031e-01,2.08952e+00,2.92209e+01,2.92026e+00,8.71228e+01,3.85246e-01,2.09582e+02,4.49331e+00,1.55104e+00,7.03523e-01,7.24919e+01,4.93972e+00,3.76953e-01,1.54144e+00,1.86398e+01
1.38921e+00,5.50135e+01,2.31336e-01,3.00994e+02,4.81932e-01,8.90881e-01,2.07231e+00,2.84803e+01,2.91598e+00,8.45467e+01,3.83499e-01,2.04616e+02,4.54384e+00,1.55124e+00,7.03086e-01,7.03450e+01,4.86769e+00,3.76520e-01,1.53755e+00,1.81435e+01
1.38887e+00,6.73066e+01,2.31132e-01,2.92155e+02,4.81111e-01,8.89780e-01,2.05573e+00,2.77649e+01,2.91206e+00,8.20753e+01,3.81842e-01,1.99836e+02,4.61151e+00,1.55138e+00,7.02648e-01,6.82646e+01,4.79986e+00,3.76079e-01,1.53374e+00,1.76702e+01
1.38852e+00,1.50407e+02,2.30907e-01,2.83644e+02,4.80299e-01,8.88727e-01,2.03975e+00,2.70753e+01,2.90849e+00,7.97055e+01,3.80301e-01,1.95240e+02,4.63000e+00,1.55147e+00,7.02210e-01,6.62517e+01,4.73636e+00,3.75631e-01,1.53018e+00,1.72180e+01
1.38813e+00,3.39760e+02,2.30682e-01,2.75438e+02,4.79467e-01,8.87714e-01,2.02440e+00,2.64109e+01,2.90523e+00,7.74318e+01,3.78884e-01,1.90815e+02,4.60529e+00,1.55150e+00,7.01765e-01,6.43027e+01,4.67677e+00,3.75173e-01,1.52673e+00,1.67843e+01
1.38769e+00,4.86603e+02,2.30470e-01,2.67538e+02,4.78616e-01,8.86735e-01,2.00966e+00,2.57702e+01,2.90232e+00,7.52510e+01,3.77539e-01,1.86561e+02,4.56320e+00,1.55146e+00,7.01315e-01,6.24185e+01,4.62085e+00,3.74709e-01,1.52347e+00,1.63692e+01
1.38722e+00,5.51543e+02,2.30239e-01,2.59934e+02,4.77759e-01,8.85784e-01,1.99550e+00,2.51523e+01,2.89964e+00,7.31579e+01,3.76303e-01,1.82459e+02,4.51804e+00,1.55135e+00,7.00859e-01,6.05959e+01,4.56851e+00,3.74234e-01,1.52029e+00,1.59717e+01
1.38671e+00,5.72003e+02,2.29970e-01,2.52622e+02,4.76874e-01,8.84844e-01,1.98189e+00,2.45564e+01,2.89730e+00,7.11491e+01,3.75145e-01,1.78508e+02,4.47806e+00,1.55118e+00,7.00399e-01,5.88348e+01,4.51963e+00,3.73750e-01,1.51729e+00,1.55914e+01
1.38617e+00,5.72766e+02,2.29690e-01,2.45584e+02,4.76001e-01,8.83934e-01,1.96884e+00,2.39823e+01,2.89518e+00,6.92209e+01,3.74060e-01,1.74705e+02,4.44842e+00,1.55099e+00,6.99931e-01,5.71327e+01,4.47400e+00,3.73257e-01,1.51440e+00,1.52274e+01
1.38564e+00,5.65013e+02,2.29414e-01,2.38807e+02,4.75144e-01,8.83029e-01,1.95633e+00,2.34289e+01,2.89326e+00,6.73703e+01,3.73057e-01,1.71036e+02,4.43201e+00,1.55075e+00,6.99451e-01,5.54885e+01,4.43147e+00,3.72748e-01,1.51165e+00,1.48790e+01
1.38504e+00,5.53641e+02,2.29151e-01,2.32290e+02,4.74276e-01,8.82139e-01,1.94434e+00,2.28954e+01,2.89157e+00,6.55937e+01,3.72111e-01,1.67499e+02,4.43089e+00,1.55040e+00,6.98964e-01,5.39014e+01,4.39190e+00,3.72232e-01,1.50897e+00,1.45457e+01
1.38440e+00,5.40885e+02,2.28892e-01,2.26024e+02,4.73414e-01,8.81265e-01,1.93289e+00,2.23816e+01,2.89001e+00,6.38880e+01,3.71229e-01,1.64088e+02,4.44689e+00,1.54998e+00,6.98472e-01,5.23685e+01,4.35513e+00,3.71701e-01,1.50640e+00,1.42270e+01
1.38376e+00,5.27788e+02,2.28630e-01,2.19989e+02,4.72546e-01,8.80397e-01,1.92193e+00,2.18852e+01,2.88853e+00,6.22485e+01,3.70400e-01,1.60795e+02,4.48154e+00,1.54953e+00,6.97976e-01,5.08883e+01,4.32106e+00,3.71159e-01,1.50384e+00,1.39216e+01
1.38309e+00,5.14832e+02,2.28348e-01,2.14185e+02,4.71677e-01,8.79533e-01,1.91144e+00,2.14070e+01,2.88716e+00,6.06736e+01,3.69621e-01,1.57618e+02,4.53537e+00,1.54903e+00,6.97478e-01,4.94601e+01,4.28956e+00,3.70609e-01,1.50144e+00,1.36291e+01
1.38246e+00,5.02235e+02,2.28064e-01,2.08595e+02,4.70793e-01,8.78664e-01,1.90145e+00,2.09471e+01,2.88584e+00,5.91607e+01,3.68894e-01,1.54549e+02,4.60688e+00,1.54847e+00,6.96965e-01,4.80823e+01,4.26038e+00,3.70047e-01,1.49906e+00,1.33487e+01
1.38184e+00,4.90094e+02,2.27790e-01,2.03222e+02,4.69904e-01,8.77795e-01,1.89194e+00,2.05028e+01,2.88462e+00,5.77074e+01,3.68211e-01,1.51591e+02,4.69273e+00,1.54785e+00,6.96442e-01,4.67517e+01,4.23353e+00,3.69485e-01,1.49681e+00,1.30800e+01
1.38120e+00,4.78435e+02,2.27507e-01,1.98049e+02,4.69011e-01,8.76940e-01,1.88287e+00,2.00744e+01,2.88341e+00,5.63109e+01,3.67582e-01,1.48767e+02,4.78821e+00,1.54717e+00,6.95918e-01,4.54687e+01,4.20891e+00,3.68922e-01,1.49458e+00,1.28223e+01
1.38051e+00,4.67245e+02,2.27195e-01,1.93062e+02,4.68086e-01,8.76085e-01,1.87424e+00,1.96617e+01,2.88225e+00,5.49683e+01,3.66981e-01,1.46277e+02,4.88881e+00,1.54640e+00,6.95378e-01,4.42310e+01,4.18635e+00,3.68348e-01,1.49240e+00,1.25746e+01
1.37978e+00,4.56481e+02,2.26861e-01,1.88266e+02,4.67179e-01,8.75223e-01,1.86600e+00,1.92639e+01,2.88107e+00,5.36778e+01,3.66412e-01,1.45099e+02,4.99111e+00,1.54561e+00,6.94829e-01,4.30355e+01,4.16571e+00,3.67773e-01,1.49030e+00,1.23367e+01
1.37904e+00,4.46096e+02,2.26526e-01,1.83642e+02,4.66282e-01,8.74363e-01,1.85814e+00,1.88813e+01,2.87989e+00,5.24370e+01,3.65881e-01,1.49042e+02,5.09301e+00,1.54476e+00,6.94278e-01,4.18832e+01,4.14687e+00,3.67194e-01,1.48821e+00,1.21085e+01
1.37819e+00,4.36033e+02,2.26194e-01,1.79184e+02,4.65388e-01,8.73490e-01,1.85067e+00,1.85120e+01,2.87870e+00,5.12443e+01,3.65368e-01,1.68635e+02,5.19240e+00,1.54383e+00,6.93712e-01,4.07715e+01,4.12969e+00,3.66599e-01,1.48615e+00,1.18895e+01
1.37726e+00,4.26240e+02,2.25869e-01,1.74893e+02,4.64496e-01,8.72614e-01,1.84360e+00,1.81565e+01,2.87748e+00,5.00965e+01,3.64872e-01,2.20748e+02,5.28696e+00,1.54282e+00,6.93139e-01,3.96987e+01,4.11405e+00,3.65992e-01,1.48413e+00,1.16792e+01
1.37628e+00,4.16668e+02,2.25542e-01,1.70747e+02,4.63597e-01,8.71735e-01,1.83686e+00,1.78137e+01,2.87617e+00,4.89925e+01,3.64391e-01,3.10570e+02,5.37431e+00,1.54176e+00,6.92565e-01,3.86629e+01,4.09988e+00,3.65382e-01,1.48208e+00,1.14773e+01
1.37528e+00,4.07283e+02,2.25202e-01,1.66747e+02,4.62700e-01,8.70854e-01,1.83045e+00,1.74839e+01,2.87483e+00,4.79303e+01,3.63924e-01,4.14216e+02,5.45288e+00,1.54068e+00,6.91988e-01,3.76637e+01,4.08711e+00,3.64772e-01,1.48013e+00,1.12838e+01
1.37427e+00,3.98064e+02,2.24857e-01,1.62887e+02,4.61791e-01,8.69970e-01,1.82437e+00,1.71659e+01,2.87339e+00,4.69090e+01,3.63477e-01,4.99574e+02,5.52252e+00,1.53955e+00,6.91401e-01,3.66999e+01,4.07553e+00,3.64158e-01,1.47815e+00,1.10984e+01
1.37325e+00,3.88992e+02,2.24522e-01,1.59155e+02,4.60879e-01,8.69113e-01,1.81860e+00,1.68604e+01,2.87192e+00,4.59262e+01,3.63048e-01,5.53303e+02,5.58472e+00,1.53838e+00,6.90804e-01,3.57701e+01,4.06512e+00,3.63538e-01,1.47624e+00,1.09206e+01
1.37225e+00,3.80063e+02,2.24183e-01,1.55548e+02,4.59970e-01,8.68255e-01,1.81313e+00,1.65663e+01,2.87038e+00,4.49804e+01,3.62634e-01,5.79430e+02,5.64224e+00,1.53715e+00,6.90209e-01,3.48724e+01,4.05585e+00,3.62913e-01,1.47432e+00,1.07503e+01
1.37130e+00,3.71280e+02,2.23831e-01,1.52059e+02,4.59033e-01,8.67370e-01,1.80791e+00,1.62827e+01,2.86875e+00,4.40693e+01,3.62231e-01,5.87317e+02,5.69737e+00,1.53583e+00,6.89600e-01,3.40056e+01,4.04756e+00,3.62287e-01,1.47238e+00,1.05873e+01
1.37041e+00,3.62647e+02,2.23465e-01,1.48679e+02,4.58123e-01,8.66468e-01,1.80297e+00,1.60108e+01,2.86704e+00,4.31923e+01,3.61834e-01,5.84842e+02,5.75113e+00,1.53449e+00,6.88977e-01,3.31692e+01,4.04016e+00,3.61661e-01,1.47051e+00,1.04308e+01
1.36963e+00,3.54172e+02,2.23082e-01,1.45408e+02,4.57215e-01,8.65563e-01,1.79825e+00,1.57484e+01,2.86529e+00,4.23476e+01,3.61449e-01,5.77051e+02,5.80281e+00,1.53316e+00,6.88354e-01,3.23617e+01,4.03354e+00,3.61031e-01,1.46861e+00,1.02812e+01
1.36896e+00,3.45866e+02,2.22716e-01,1.42232e+02,4.56314e-01,8.64662e-01,1.79374e+00,1.54967e+01,2.86347e+00,4.15348e+01,3.61073e-01,5.66780e+02,5.84993e+00,1.53178e+00,6.87717e-01,3.15823e+01,4.02765e+00,3.60393e-01,1.46673e+00,1.01382e+01
1.36843e+00,3.37739e+02,2.22358e-01,1.39155e+02,4.55416e-01,8.63754e-01,1.78949e+00,1.52546e+01,2.86157e+00,4.07521e+01,3.60692e-01,5.55503e+02,5.88910e+00,1.53036e+00,6.87078e-01,3.08296e+01,4.02240e+00,3.59744e-01,1.46484e+00,1.00013e+01
1.36803e+00,3.29792e+02,2.22000e-01,1.36165e+02,4.54520e-01,8.62835e-01,1.78544e+00,1.50217e+01,2.85958e+00,3.99970e+01,3.60306e-01,5.43968e+02,5.91686e+00,1.52890e+00,6.86438e-01,3.01025e+01,4.01772e+00,3.59097e-01,1.46292e+00,9.87030e+00
1.36777e+00,3.22041e+02,2.21637e-01,1.33260e+02,4.53618e-01,8.61910e-01,1.78159e+00,1.47976e+01,2.85749e+00,3.92695e+01,3.59923e-01,5.32506e+02,5.93040e+00,1.52743e+00,6.85795e-01,2.94005e+01,4.01353e+00,3.58449e-01,1.46106e+00,9.74552e+00
1.36766e+00,3.14482e+02,2.21269e-01,1.30438e+02,4.52710e-01,8.60968e-01,1.77791e+00,1.45826e+01,2.85531e+00,3.85692e+01,3.59547e-01,5.21272e+02,5.92806e+00,1.52596e+00,6.85146e-01,2.87223e+01,4.00986e+00,3.57795e-01,1.45917e+00,9.62620e+00
1.36769e+00,3.07119e+02,2.20896e-01,1.27693e+02,4.51799e-01,8.60042e-01,1.77443e+00,1.43757e+01,2.85305e+00,3.78933e+01,3.59174e-01,5.10327e+02,5.90959e+00,1.52452e+00,6.84485e-01,2.80670e+01,4.00656e+00,3.57136e-01,1.45731e+00,9.51243e+00
1.36782e+00,2.99958e+02,2.20521e-01,1.25020e+02,4.50886e-01,8.59118e-01,1.77111e+00,1.41772e+01,2.85071e+00,3.72416e+01,3.58806e-01,4.99675e+02,5.87607e+00,1.52309e+00,6.83818e-01,2.74344e+01,4.00366e+00,3.56478e-01,1.45544e+00,9.40425e+00
1.36805e+00,2.92996e+02,2.20140e-01,1.22421e+02,4.49944e-01,8.58173e-01,1.76793e+00,1.39858e+01,2.84830e+00,3.66132e+01,3.58436e-01,4.89313e+02,5.82923e+00,1.52165e+00,6.83141e-01,2.68231e+01,4.00110e+00,3.55826e-01,1.45354e+00,9.30092e+00
1.36829e+00,2.86231e+02,2.19750e-01,1.19887e+02,4.49011e-01,8.57224e-01,1.76489e+00,1.38025e+01,2.84582e+00,3.60072e+01,3.58074e-01,4.79209e+02,5.77141e+00,1.52020e+00,6.82462e-01,2.62324e+01,3.99881e+00,3.55168e-01,1.45168e+00,9.20309e+00
1.36854e+00,2.79663e+02,2.19345e-01,1.17421e+02,4.48094e-01,8.56274e-01,1.76196e+00,1.36256e+01,2.84325e+00,3.54224e+01,3.57721e-01,4.69350e+02,5.70500e+00,1.51879e+00,6.81773e-01,2.56615e+01,3.99671e+00,3.54501e-01,1.44979e+00,9.11000e+00
1.36872e+00,2.73285e+02,2.18938e-01,1.15016e+02,4.47199e-01,8.55316e-01,1.75915e+00,1.34563e+01,2.84064e+00,3.48577e+01,3.57371e-01,4.59707e+02,5.63236e+00,1.51737e+00,6.81080e-01,2.51096e+01,3.99480e+00,3.53837e-01,1.44794e+00,9.02186e+00
1.36875e+00,2.67094e+02,2.18549e-01,1.12673e+02,4.46309e-01,8.54343e-01,1.75648e+00,1.32930e+01,2.83794e+00,3.43129e+01,3.57012e-01,4.50266e+02,5.55553e+00,1.51592e+00,6.80382e-01,2.45764e+01,3.99307e+00,3.53164e-01,1.44608e+00,8.93848e+00
1.36860e+00,2.61085e+02,2.18166e-01,1.10387e+02,4.45422e-01,8.53363e-01,1.75390e+00,1.31359e+01,2.83514e+00,3.37864e+01,3.56645e-01,4.41006e+02,5.47648e+00,1.51441e+00,6.79682e-01,2.40609e+01,3.99144e+00,3.52489e-01,1.44418e+00,8.85957e+00
1.36824e+00,2.55258e+02,2.17779e-01,1.08160e+02,4.44524e-01,8.52384e-01,1.75144e+00,1.29844e+01,2.83233e+00,3.32782e+01,3.56271e-01,4.31925e+02,5.39644e+00,1.51283e+00,6.78993e-01,2.35624e+01,3.98992e+00,3.51819e-01,1.44231e+00,8.78548e+00
1.36760e+00,2.49606e+02,2.17390e-01,1.05987e+02,4.43598e-01,8.51404e-01,1.74904e+00,1.28387e+01,2.82939e+00,3.27874e+01,3.55901e-01,4.23013e+02,5.31678e+00,1.51120e+00,6.78290e-01,2.30806e+01,3.98843e+00,3.51147e-01,1.44043e+00,8.71566e+00
1.36669e+00,2.44122e+02,2.16998e-01,1.03871e+02,4.42677e-01,8.50421e-01,1.74674e+00,1.26987e+01,2.82641e+00,3.23126e+01,3.55539e-01,4.14274e+02,5.23853e+00,1.50953e+00,6.77584e-01,2.26145e+01,3.98701e+00,3.50471e-01,1.43855e+00,8.65028e+00
1.36541e+00,2.38801e+02,2.16600e-01,1.01805e+02,4.41779e-01,8.49442e-01,1.74453e+00,1.25635e+01,2.82339e+00,3.18543e+01,3.55175e-01,4.05700e+02,5.16234e+00,1.50777e+00,6.76876e-01,2.21639e+01,3.98565e+00,3.49804e-01,1.43669e+00,8.58912e+00
1.36384e+00,2.33641e+02,2.16210e-01,9.97912e+01,4.40894e-01,8.48443e-01,1.74237e+00,1.24333e+01,2.82031e+00,3.14118e+01,3.54809e-01,3.97298e+02,5.08881e+00,1.50588e+00,6.76168e-01,2.17282e+01,3.98433e+00,3.49143e-01,1.43480e+00,8.53203e+00
1.36193e+00,2.28636e+02,2.15813e-01,9.78295e+01,4.40069e-01,8.47439e-01,1.74029e+00,1.23076e+01,2.81714e+00,3.09833e+01,3.54448e-01,3.89074e+02,5.01847e+00,1.50392e+00,6.75442e-01,2.13068e+01,3.98302e+00,3.48483e-01,1.43296e+00,8.47913e+00
1.35974e+00,2.23781e+02,2.15407e-01,9.59144e+01,4.39324e-01,8.46438e-01,1.73824e+00,1.21865e+01,2.81394e+00,3.05689e+01,3.54092e-01,3.81014e+02,4.95155e+00,1.50189e+00,6.74714e-01,2.08989e+01,3.98168e+00,3.47814e-01,1.43107e+00,8.42989e+00
1.35728e+00,2.19070e+02,2.14998e-01,9.40488e+01,4.38625e-01,8.45421e-01,1.73625e+00,1.20693e+01,2.81068e+00,3.01683e+01,3.53736e-01,3.73138e+02,4.88833e+00,1.49979e+00,6.73989e-01,2.05042e+01,3.98030e+00,3.47140e-01,1.42921e+00,8.38470e+00
1.35458e+00,2.14500e+02,2.14598e-01,9.22313e+01,4.37911e-01,8.44405e-01,1.73431e+00,1.19565e+01,2.80737e+00,2.97810e+01,3.53372e-01,3.65435e+02,4.82897e+00,1.49763e+00,6.73255e-01,2.01227e+01,3.97891e+00,3.46459e-01,1.42736e+00,8.34308e+00
1.35171e+00,2.10064e+02,2.14201e-01,9.04567e+01,4.37134e-01,8.43392e-01,1.73244e+00,1.18471e+01,2.80399e+00,2.94058e+01,3.53001e-01,3.57909e+02,4.77354e+00,1.49541e+00,6.72526e-01,1.97532e+01,3.97750e+00,3.45780e-01,1.42547e+00,8.30492e+00
1.34877e+00,2.05760e+02,2.13803e-01,8.87302e+01,4.36291e-01,8.42374e-01,1.73060e+00,1.17413e+01,2.80058e+00,2.90426e+01,3.52626e-01,3.50566e+02,4.72209e+00,1.49311e+00,6.71801e-01,1.93955e+01,3.97602e+00,3.45105e-01,1.42362e+00,8.27070e+00
1.34570e+00,2.01583e+02,2.13406e-01,8.70446e+01,4.35380e-01,8.41354e-01,1.72877e+00,1.16396e+01,2.79707e+00,2.86911e+01,3.52253e-01,3.43403e+02,4.67439e+00,1.49078e+00,6.71072e-01,1.90495e+01,3.97445e+00,3.44427e-01,1.42175e+00,8.23977e+00
1.34262e+00,1.97529e+02,2.13005e-01,8.54034e+01,4.34423e-01,8.40332e-01,1.72698e+00,1.15409e+01,2.79354e+00,2.83509e+01,3.51881e-01,3.36420e+02,4.63048e+00,1.48842e+00,6.70335e-01,1.87146e+01,3.97282e+00,3.43746e-01,1.41989e+00,8.21290e+00
1.33954e+00,1.93591e+02,2.12601e-01,8.38058e+01,4.33446e-01,8.39300e-01,1.72523e+00,1.14453e+01,2.78999e+00,2.80218e+01,3.51507e-01,3.29614e+02,4.59007e+00,1.48604e+00,6.69595e-01,1.83904e+01,3.97117e+00,3.43073e-01,1.41804e+00,8.18965e+00
1.33648e+00,1.89769e+02,2.12197e-01,8.22471e+01,4.32457e-01,8.38260e-01,1.72350e+00,1.13531e+01,2.78638e+00,2.77025e+01,3.51134e-01,3.22987e+02,4.55299e+00,1.48363e+00,6.68857e-01,1.80764e+01,3.96947e+00,3.42406e-01,1.41616e+00,8.17061e+00
1.33345e+00,1.86057e+02,2.11784e-01,8.07286e+01,4.31484e-01,8.37223e-01,1.72179e+00,1.12638e+01,2.78272e+00,2.73934e+01,3.50766e-01,3.16540e+02,4.51908e+00,1.48120e+00,6.68109e-01,1.77722e+01,3.96772e+00,3.41738e-01,1.41430e+00,8.15540e+00
1.33049e+00,1.82449e+02,2.11369e-01,7.92510e+01,4.30543e-01,8.36180e-01,1.72006e+00,1.11773e+01,2.77904e+00,2.70941e+01,3.50402e-01,3.10256e+02,4.48789e+00,1.47875e+00,6.67359e-01,1.74774e+01,3.96585e+00,3.41068e-01,1.41243e+00,8.14464e+00
1.32760e+00,1.78944e+02,2.10955e-01,7.78100e+01,4.29616e-01,8.35133e-01,1.71835e+00,1.10934e+01,2.77533e+00,2.68035e+01,3.50038e-01,3.04144e+02,4.45929e+00,1.47633e+00,6.66607e-01,1.71916e+01,3.96386e+00,3.40392e-01,1.41057e+00,8.13763e+00
1.32477e+00,1.75537e+02,2.10551e-01,7.64070e+01,4.28699e-01,8.34083e-01,1.71668e+00,1.10128e+01,2.77158e+00,2.65222e+01,3.49668e-01,2.98194e+02,4.43296e+00,1.47391e+00,6.65850e-01,1.69151e+01,3.96181e+00,3.39715e-01,1.40871e+00,8.13480e+00
1.32202e+00,1.72222e+02,2.10149e-01,7.50389e+01,4.27792e-01,8.33033e-01,1.71502e+00,1.09344e+01,2.76777e+00,2.62491e+01,3.49293e-01,2.92402e+02,4.40883e+00,1.47148e+00,6.65095e-01,1.66468e+01,3.95970e+00,3.39040e-01,1.40684e+00,8.13509e+00
1.31935e+00,1.68999e+02,2.09749e-01,7.37081e+01,4.26904e-01,8.31987e-01,1.71336e+00,1.08588e+01,2.76394e+00,2.59841e+01,3.48914e-01,2.86771e+02,4.38645e+00,1.46900e+00,6.64352e-01,1.63869e+01,3.95750e+00,3.38368e-01,1.40499e+00,8.13851e+00
1.31677e+00,1.65863e+02,2.09352e-01,7.24109e+01,4.26022e-01,8.30936e-01,1.71170e+00,1.07858e+01,2.76004e+00,2.57273e+01,3.48539e-01,2.81288e+02,4.36578e+00,1.46657e+00,6.63592e-01,1.61353e+01,3.95516e+00,3.37695e-01,1.40316e+00,8.14374e+00
1.31427e+00,1.62812e+02,2.08960e-01,7.11461e+01,4.25150e-01,8.29879e-01,1.71006e+00,1.07151e+01,2.75612e+00,2.54786e+01,3.48164e-01,2.75960e+02,4.34647e+00,1.46413e+00,6.62829e-01,1.58915e+01,3.95273e+00,3.37019e-01,1.40130e+00,8.15044e+00
1.31180e+00,1.59840e+02,2.08562e-01,6.99160e+01,4.24265e-01,8.28808e-01,1.70842e+00,1.06467e+01,2.75218e+00,2.52366e+01,3.47786e-01,2.70769e+02,4.32851e+00,1.46171e+00,6.62071e-01,1.56549e+01,3.95025e+00,3.36357e-01,1.39946e+00,8.15713e+00
1.30943e+00,1.56946e+02,2.08158e-01,6.87182e+01,4.23402e-01,8.27735e-01,1.70677e+00,1.05806e+01,2.74819e+00,2.50018e+01,3.47406e-01,2.65726e+02,4.31177e+00,1.45929e+00,6.61316e-01,1.54254e+01,3.94774e+00,3.35704e-01,1.39761e+00,8.16297e+00
1.30708e+00,1.54127e+02,2.07754e-01,6.75498e+01,4.22542e-01,8.26678e-01,1.70512e+00,1.05169e+01,2.74418e+00,2.47743e+01,3.47031e-01,2.60818e+02,4.29605e+00,1.45686e+00,6.60552e-01,1.52033e+01,3.94514e+00,3.35049e-01,1.39577e+00,8.16738e+00
1.30477e+00,1.51377e+02,2.07340e-01,6.64119e+01,4.21676e-01,8.25616e-01,1.70344e+00,1.04556e+01,2.74015e+00,2.45528e+01,3.46663e-01,2.56044e+02,4.28121e+00,1.45443e+00,6.59787e-01,1.49879e+01,3.94245e+00,3.34389e-01,1.39392e+00,8.16966e+00
1.30251e+00,1.48696e+02,2.06926e-01,6.53046e+01,4.20845e-01,8.24545e-01,1.70176e+00,1.03965e+01,2.73611e+00,2.43380e+01,3.46300e-01,2.51397e+02,4.26718e+00,1.45203e+00,6.59030e-01,1.47788e+01,3.93963e+00,3.33723e-01,1.39209e+00,8.16961e+00
1.30026e+00,1.46081e+02,2.06527e-01,6.42265e+01,4.20005e-01,8.23481e-01,1.70011e+00,1.03394e+01,2.73202e+00,2.41295e+01,3.45933e-01,2.46876e+02,4.25394e+00,1.44962e+00,6.58271e-01,1.45763e+01,3.93678e+00,3.33058e-01,1.39027e+00,8.16706e+00
1.29805e+00,1.43530e+02,2.06127e-01,6.31741e+01,4.19151e-01,8.22417e-01,1.69846e+00,1.02841e+01,2.72789e+00,2.39268e+01,3.45559e-01,2.42475e+02,4.24136e+00,1.44723e+00,6.57515e-01,1.43795e+01,3.93383e+00,3.32395e-01,1.38843e+00,8.16262e+00
1.29585e+00,1.41039e+02,2.05729e-01,6.21502e+01,4.18311e-01,8.21361e-01,1.69681e+00,1.02311e+01,2.72375e+00,2.37297e+01,3.45185e-01,2.38192e+02,4.22933e+00,1.44480e+00,6.56771e-01,1.41892e+01,3.93079e+00,3.31739e-01,1.38662e+00,8.15674e+00
1.29368e+00,1.38607e+02,2.05328e-01,6.11536e+01,4.17486e-01,8.20302e-01,1.69514e+00,1.01802e+01,2.71955e+00,2.35386e+01,3.44817e-01,2.34021e+02,4.21788e+00,1.44237e+00,6.56029e-01,1.40046e+01,3.92767e+00,3.31080e-01,1.38480e+00,8.15006e+00
1.29155e+00,1.36231e+02,2.04935e-01,6.01814e+01,4.16654e-01,8.19240e-01,1.69347e+00,1.01312e+01,2.71535e+00,2.33526e+01,3.44447e-01,2.29966e+02,4.20693e+00,1.43991e+00,6.55284e-01,1.38255e+01,3.92449e+00,3.30413e-01,1.38297e+00,8.14407e+00
1.28942e+00,1.33910e+02,2.04543e-01,5.92343e+01,4.15815e-01,8.18170e-01,1.69181e+00,1.00840e+01,2.71113e+00,2.31720e+01,3.44073e-01,2.26012e+02,4.19636e+00,1.43748e+00,6.54533e-01,1.36519e+01,3.92127e+00,3.29755e-01,1.38117e+00,8.13987e+00
1.28730e+00,1.31641e+02,2.04145e-01,5.83124e+01,4.14964e-01,8.17093e-01,1.69013e+00,1.00386e+01,2.70687e+00,2.29965e+01,3.43696e-01,2.22168e+02,4.18619e+00,1.43502e+00,6.53789e-01,1.34840e+01,3.91800e+00,3.29111e-01,1.37938e+00,8.13849e+00
1.28520e+00,1.29423e+02,2.03744e-01,5.74148e+01,4.14136e-01,8.16021e-01,1.68845e+00,9.99472e+00,2.70259e+00,2.28257e+01,3.43326e-01,2.18418e+02,4.17633e+00,1.43257e+00,6.53035e-01,1.33210e+01,3.91469e+00,3.28472e-01,1.37757e+00,8.14098e+00
1.28311e+00,1.27254e+02,2.03336e-01,5.65403e+01,4.13328e-01,8.14959e-01,1.68675e+00,9.95277e+00,2.69830e+00,2.26600e+01,3.42962e-01,2.14775e+02,4.16674e+00,1.43011e+00,6.52274e-01,1.31631e+01,3.91134e+00,3.27821e-01,1.37576e+00,8.14861e+00
1.28099e+00,1.25132e+02,2.02928e-01,5.56876e+01,4.12519e-01,8.13878e-01,1.68503e+00,9.91263e+00,2.69401e+00,2.24989e+01,3.42606e-01,2.11217e+02,4.15733e+00,1.42768e+00,6.51507e-01,1.30104e+01,3.90790e+00,3.27164e-01,1.37397e+00,8.16192e+00
1.27888e+00,1.23057e+02,2.02528e-01,5.48576e+01,4.11700e-01,8.12790e-01,1.68333e+00,9.87425e+00,2.68969e+00,2.23423e+01,3.42245e-01,2.07755e+02,4.14808e+00,1.42523e+00,6.50731e-01,1.28624e+01,3.90449e+00,3.26508e-01,1.37219e+00,8.18185e+00
1.27678e+00,1.21025e+02,2.02133e-01,5.40479e+01,4.10871e-01,8.11703e-01,1.68163e+00,9.83710e+00,2.68535e+00,2.21899e+01,3.41872e-01,2.04377e+02,4.13903e+00,1.42279e+00,6.49947e-01,1.27188e+01,3.90102e+00,3.25853e-01,1.37038e+00,8.20829e+00
1.27467e+00,1.19038e+02,2.01740e-01,5.32592e+01,4.10053e-01,8.10621e-01,1.67992e+00,9.80158e+00,2.68100e+00,2.20418e+01,3.41495e-01,2.01084e+02,4.13011e+00,1.42033e+00,6.49172e-01,1.25803e+01,3.89753e+00,3.25202e-01,1.36861e+00,8.24143e+00
1.27257e+00,1.17093e+02,2.01353e-01,5.24919e+01,4.09241e-01,8.09550e-01,1.67820e+00,9.76763e+00,2.67663e+00,2.18982e+01,3.41122e-01,1.97872e+02,4.12133e+00,1.41785e+00,6.48391e-01,1.24462e+01,3.89400e+00,3.24549e-01,1.36682e+00,8.28079e+00
1.27047e+00,1.15189e+02,2.00973e-01,5.17441e+01,4.08423e-01,8.08481e-01,1.67648e+00,9.73504e+00,2.67224e+00,2.17582e+01,3.40752e-01,1.94743e+02,4.11266e+00,1.41536e+00,6.47603e-01,1.23162e+01,3.89043e+00,3.23893e-01,1.36503e+00,8.32597e+00
1.26838e+00,1.13325e+02,2.00589e-01,5.10152e+01,4.07600e-01,8.07402e-01,1.67477e+00,9.70393e+00,2.66786e+00,2.16226e+01,3.40384e-01,1.91686e+02,4.10410e+00,1.41288e+00,6.46812e-01,1.21910e+01,3.88691e+00,3.23250e-01,1.36326e+00,8.37559e+00
1.26629e+00,1.11500e+02,2.00197e-01,5.03045e+01,4.06789e-01,8.06308e-01,1.67305e+00,9.67427e+00,2.66348e+00,2.14905e+01,3.40013e-01,1.88706e+02,4.09565e+00,1.41039e+00,6.46028e-01,1.20697e+01,3.88339e+00,3.22618e-01,1.36150e+00,8.42910e+00
1.26420e+00,1.09713e+02,1.99804e-01,4.96121e+01,4.05978e-01,8.05229e-01,1.67131e+00,9.64573e+00,2.65906e+00,2.13622e+01,3.39645e-01,1.85796e+02,4.08730e+00,1.40790e+00,6.45240e-01,1.19525e+01,3.87986e+00,3.21989e-01,1.35974e+00,8.48451e+00
1.26213e+00,1.07965e+02,1.99410e-01,4.89374e+01,4.05185e-01,8.04158e-01,1.66955e+00,9.61838e+00,2.65464e+00,2.12378e+01,3.39282e-01,1.82955e+02,4.07899e+00,1.40540e+00,6.44449e-01,1.18397e+01,3.87632e+00,3.21359e-01,1.35797e+00,8.54100e+00
1.26005e+00,1.06253e+02,1.99017e-01,4.82807e+01,4.04401e-01,8.03084e-01,1.66779e+00,9.59219e+00,2.65024e+00,2.11167e+01,3.38922e-01,1.80182e+02,4.07074e+00,1.40292e+00,6.43667e-01,1.17304e+01,3.87283e+00,3.20722e-01,1.35621e+00,8.59677e+00
1.25794e+00,1.04580e+02,1.98634e-01,4.76409e+01,4.03613e-01,8.02007e-01,1.66604e+00,9.56711e+00,2.64582e+00,2.09993e+01,3.39271e-01,1.77472e+02,4.06258e+00,1.40045e+00,6.42881e-01,1.16254e+01,3.86935e+00,3.20082e-01,1.35446e+00,8.65052e+00
1.25584e+00,1.02943e+02,1.98252e-01,4.70166e+01,4.02815e-01,8.00929e-01,1.66429e+00,9.54290e+00,2.64139e+00,2.08850e+01,3.39810e-01,1.74823e+02,4.05448e+00,1.39796e+00,6.42099e-01,1.15239e+01,3.86583e+00,3.19443e-01,1.35270e+00,8.70136e+00
1.25373e+00,1.01337e+02,1.97873e-01,4.64089e+01,4.02021e-01,7.99855e-01,1.66254e+00,9.51990e+00,2.63695e+00,2.07749e+01,3.40390e-01,1.72233e+02,4.04646e+00,1.39546e+00,6.41328e-01,1.14267e+01,3.86230e+00,3.18806e-01,1.35290e+00,8.74771e+00
1.25163e+00,9.97642e+01,1.97494e-01,4.58162e+01,4.01240e-01,7.98777e-01,1.66078e+00,9.49801e+00,2.63504e+00,2.06673e+01,3.40664e-01,1.69701e+02,4.03848e+00,1.39296e+00,6.40550e-01,1.13343e+01,3.86184e+00,3.18169e-01,1.35500e+00,8.78907e+00
1.24953e+00,9.82232e+01,1.97124e-01,4.52385e+01,4.00453e-01,7.97700e-01,1.65904e+00,9.47982e+00,2.63361e+00,2.05639e+01,3.40727e-01,1.67226e+02,4.03061e+00,1.39043e+00,6.39772e-01,1.12466e+01,3.86157e+00,3.18087e-01,1.35828e+00,8.82403e+00
1.24743e+00,9.67135e+01,1.96745e-01,4.46758e+01,4.00859e-01,7.96627e-01,1.65736e+00,9.46367e+00,2.63233e+00,2.04629e+01,3.40741e-01,1.64806e+02,4.02280e+00,1.38791e+00,6.38996e-01,1.11635e+01,3.86091e+00,3.18628e-01,1.36773e+00,8.85217e+00
1.24532e+00,9.52353e+01,1.96357e-01,4.41283e+01,4.01351e-01,7.95558e-01,1.65572e+00,9.44769e+00,2.63164e+00,2.03653e+01,3.40690e-01,1.62438e+02,4.01497e+00,1.38542e+00,6.38222e-01,1.10858e+01,3.85962e+00,3.18565e-01,1.37778e+00,8.87318e+00
1.24321e+00,9.37868e+01,1.96053e-01,4.35972e+01,4.01728e-01,7.98555e-01,1.65515e+00,9.43204e+00,2.63135e+00,2.02702e+01,3.41869e-01,1.60120e+02,4.00724e+00,1.38293e+00,6.37991e-01,1.10125e+01,3.86447e+00,3.18802e-01,1.39048e+00,8.88619e+00
1.24112e+00,9.23685e+01,1.96110e-01,4.30924e+01,4.02312e-01,8.01248e-01,1.65450e+00,9.41745e+00,2.63121e+00,2.01779e+01,3.43721e-01,1.57851e+02,3.99992e+00,1.38049e+00,6.37639e-01,1.09442e+01,3.86824e+00,3.23352e-01,1.40228e+00,8.89296e+00
1.24229e+00,9.10208e+01,1.97767e-01,4.26010e+01,4.02728e-01,8.04644e-01,1.65362e+00,9.40387e+00,2.63393e+00,2.00885e+01,3.45929e-01,1.55635e+02,3.99268e+00,1.37915e+00,6.37279e-01,1.08806e+01,3.86906e+00,3.28013e-01,1.41422e+00,8.89184e+00
1.24433e+00,8.97521e+01,2.00443e-01,4.21153e+01,4.03035e-01,8.06915e-01,1.65235e+00,9.39267e+00,2.64188e+00,2.00014e+01,3.47562e-01,1.53470e+02,3.98549e+00,1.37875e+00,6.36988e-01,1.08216e+01,3.86716e+00,3.32658e-01,1.42686e+00,8.88511e+00
1.24640e+00,8.84463e+01,2.03691e-01,4.16384e+01,4.03269e-01,8.08387e-01,1.65090e+00,9.38251e+00,2.65726e+00,1.99166e+01,3.48811e-01,1.51351e+02,3.97827e+00,1.37975e+00,6.38014e-01,1.07671e+01,3.86350e+00,3.41214e-01,1.44132e+00,8.87199e+00
1.24982e+00,8.71133e+01,2.06859e-01,4.11743e+01,4.03417e-01,8.09314e-01,1.64911e+00,9.37255e+00,2.67891e+00,1.98345e+01,3.49780e-01,1.49278e+02,3.97092e+00,1.38291e+00,6.38634e-01,1.07169e+01,3.85952e+00,3.52981e-01,1.45855e+00,8.85139e+00
1.25901e+00,8.58297e+01,2.10063e-01,4.07234e+01,4.03433e-01,8.09842e-01,1.64755e+00,9.36258e+00,2.70646e+00,1.97546e+01,3.50468e-01,1.47249e+02,3.96363e+00,1.38851e+00,6.39283e-01,1.06694e+01,3.85558e+00,3.64409e-01,1.47892e+00,8.82302e+00
1.28036e+00,8.45808e+01,2.13427e-01,4.02843e+01,4.03280e-01,8.10198e-01,1.64629e+00,9.35330e+00,2.74094e+00,1.96778e+01,3.50854e-01,1.45265e+02,3.95654e+00,1.39622e+00,6.40320e-01,1.06247e+01,3.85185e+00,3.72652e-01,1.50282e+00,8.78824e+00
1.31805e+00,8.33605e+01,2.16633e-01,3.98565e+01,4.02925e-01,8.10299e-01,1.64536e+00,9.34483e+00,2.78323e+00,1.96031e+01,3.51045e-01,1.43324e+02,3.94962e+00,1.40640e+00,6.41759e-01,1.05818e+01,3.84854e+00,3.76769e-01,1.52957e+00,8.74784e+00
1.37010e+00,8.21669e+01,2.19143e-01,3.94407e+01,4.02415e-01,8.10164e-01,1.64490e+00,9.33701e+00,2.83234e+00,1.95310e+01,3.51079e-01,1.41426e+02,3.94302e+00,1.42079e+00,6.43598e-01,1.05407e+01,3.84560e+00,3.77261e-01,1.55777e+00,8.70291e+00
1.42897e+00,8.09981e+01,2.20387e-01,3.90382e+01,4.01708e-01,8.09723e-01,1.64503e+00,9.32958e+00,2.88576e+00,1.94612e+01,3.51020e-01,1.39566e+02,3.93674e+00,1.44127e+00,6.45777e-01,1.05008e+01,3.84288e+00,3.75255e-01,1.58534e+00,8.65483e+00
1.48582e+00,7.98529e+01,2.20162e-01,3.86501e+01,4.00898e-01,8.08954e-01,1.64585e+00,9.32245e+00,2.94005e+00,1.93934e+01,3.50907e-01,1.37743e+02,3.93086e+00,1.46785e+00,6.48295e-01,1.04624e+01,3.84003e+00,3.71582e-01,1.61030e+00,8.60371e+00
1.53466e+00,7.87304e+01,2.18576e-01,3.82780e+01,4.00140e-01,8.07996e-01,1.64719e+00,9.31582e+00,2.99184e+00,1.93281e+01,3.50742e-01,1.35958e+02,3.92536e+00,1.49780e+00,6.51197e-01,1.04256e+01,3.83681e+00,3.66855e-01,1.63133e+00,8.55077e+00
1.57398e+00,7.76305e+01,2.15972e-01,3.79235e+01,3.99526e-01,8.06829e-01,1.64870e+00,9.31000e+00,3.03807e+00,1.92646e+01,3.50572e-01,1.34207e+02,3.92029e+00,1.52670e+00,6.54463e-01,1.03924e+01,3.83316e+00,3.61439e-01,1.64787e+00,8.49593e+00
1.60603e+00,7.65514e+01,2.12806e-01,3.75887e+01,3.99110e-01,8.05604e-01,1.64987e+00,9.30526e+00,3.07680e+00,1.92033e+01,3.50428e-01,1.32489e+02,3.91559e+00,1.55081e+00,6.58040e-01,1.03634e+01,3.82900e+00,3.55654e-01,1.66030e+00,8.43998e+00
1.63405e+00,7.54945e+01,2.09377e-01,3.72773e+01,3.98937e-01,8.04322e-01,1.65041e+00,9.30204e+00,3.10736e+00,1.91442e+01,3.50333e-01,1.30805e+02,3.91108e+00,1.56829e+00,6.61932e-01,1.03401e+01,3.82432e+00,3.49818e-01,1.66918e+00,8.38318e+00
1.65965e+00,7.44591e+01,2.06010e-01,3.69941e+01,3.99056e-01,8.02995e-01,1.65010e+00,9.30011e+00,3.13074e+00,1.90870e+01,3.50311e-01,1.29157e+02,3.90686e+00,1.57924e+00,6.66073e-01,1.03227e+01,3.81891e+00,3.44188e-01,1.67558e+00,8.32595e+00
1.68127e+00,7.34440e+01,2.02970e-01,3.67439e+01,3.99378e-01,8.01672e-01,1.64891e+00,9.29930e+00,3.14890e+00,1.90319e+01,3.50343e-01,1.27545e+02,3.90296e+00,1.58502e+00,6.70556e-01,1.03111e+01,3.81279e+00,3.38963e-01,1.68052e+00,8.26911e+00
1.69567e+00,7.24499e+01,2.00281e-01,3.65308e+01,3.99864e-01,8.00386e-01,1.64694e+00,9.29915e+00,3.16400e+00,1.89788e+01,3.50453e-01,1.25974e+02,3.89940e+00,1.58743e+00,6.75427e-01,1.03039e+01,3.80598e+00,3.34237e-01,1.68470e+00,8.21303e+00
1.69992e+00,7.14774e+01,1.97956e-01,3.63574e+01,4.00493e-01,7.99198e-01,1.64442e+00,9.29947e+00,3.17788e+00,1.89274e+01,3.50639e-01,1.24440e+02,3.89614e+00,1.58786e+00,6.80820e-01,1.02997e+01,3.79856e+00,3.30096e-01,1.68872e+00,8.15824e+00
1.69304e+00,7.05257e+01,1.96006e-01,3.62270e+01,4.01040e-01,7.98159e-01,1.64157e+00,9.29992e+00,3.19184e+00,1.88778e+01,3.50865e-01,1.22952e+02,3.89343e+00,1.58725e+00,6.86832e-01,1.02973e+01,3.79061e+00,3.26526e-01,1.69283e+00,8.10491e+00
1.67621e+00,6.95952e+01,1.94347e-01,3.61397e+01,4.01446e-01,7.97269e-01,1.63861e+00,9.30055e+00,3.20638e+00,1.88301e+01,3.51127e-01,1.21502e+02,3.89123e+00,1.58586e+00,6.93537e-01,1.02952e+01,3.78226e+00,3.23530e-01,1.69699e+00,8.05348e+00
1.65175e+00,6.86854e+01,1.93007e-01,3.60916e+01,4.01628e-01,7.96579e-01,1.63573e+00,9.30146e+00,3.22138e+00,1.87847e+01,3.51391e-01,1.20090e+02,3.88957e+00,1.58364e+00,7.00909e-01,1.02924e+01,3.77379e+00,3.21021e-01,1.70111e+00,8.00433e+00
1.62240e+00,6.77969e+01,1.91930e-01,3.60792e+01,4.01513e-01,7.96154e-01,1.63302e+00,9.30285e+00,3.23600e+00,1.87418e+01,3.51604e-01,1.18708e+02,3.88851e+00,1.58031e+00,7.08899e-01,1.02887e+01,3.76519e+00,3.18952e-01,1.70487e+00,7.95764e+00
1.59060e+00,6.69283e+01,1.91030e-01,3.60968e+01,4.01074e-01,7.95955e-01,1.63055e+00,9.30434e+00,3.24907e+00,1.87019e+01,3.51752e-01,1.17346e+02,3.88796e+00,1.57556e+00,7.17382e-01,1.02842e+01,3.75658e+00,3.17235e-01,1.70818e+00,7.91343e+00
1.55806e+00,6.60807e+01,1.90262e-01,3.61394e+01,4.00248e-01,7.96033e-01,1.62837e+00,9.30656e+00,3.25942e+00,1.86659e+01,3.51788e-01,1.15999e+02,3.88790e+00,1.56920e+00,7.26290e-01,1.02794e+01,3.74807e+00,3.15807e-01,1.71084e+00,7.87219e+00
1.52610e+00,6.52532e+01,1.89623e-01,3.61991e+01,3.99053e-01,7.96405e-01,1.62648e+00,9.30910e+00,3.26575e+00,1.86348e+01,3.51688e-01,1.14665e+02,3.88823e+00,1.56104e+00,7.35553e-01,1.02750e+01,3.73961e+00,3.14607e-01,1.71278e+00,7.83365e+00
1.49555e+00,6.44447e+01,1.89087e-01,3.62688e+01,3.97490e-01,7.97083e-01,1.62490e+00,9.31194e+00,3.26724e+00,1.86097e+01,3.51469e-01,1.13338e+02,3.88893e+00,1.55110e+00,7.45092e-01,1.02714e+01,3.73131e+00,3.13573e-01,1.71395e+00,7.79796e+00
1.46681e+00,6.36542e+01,1.88608e-01,3.63385e+01,3.95608e-01,7.98213e-01,1.62357e+00,9.31498e+00,3.26345e+00,1.85926e+01,3.51118e-01,1.12021e+02,3.88990e+00,1.53952e+00,7.54824e-01,1.02689e+01,3.72319e+00,3.12645e-01,1.71428e+00,7.76468e+00
1.44006e+00,6.28809e+01,1.88174e-01,3.63981e+01,3.93539e-01,7.99755e-01,1.62246e+00,9.31809e+00,3.25431e+00,1.85848e+01,3.50679e-01,1.10716e+02,3.89104e+00,1.52658e+00,7.64618e-01,1.02678e+01,3.71523e+00,3.11792e-01,1.71385e+00,7.73353e+00
1.41533e+00,6.21250e+01,1.87760e-01,3.64380e+01,3.91334e-01,8.01722e-01,1.62158e+00,9.32106e+00,3.24008e+00,1.85873e+01,3.50175e-01,1.09422e+02,3.89230e+00,1.51263e+00,7.74268e-01,1.02677e+01,3.70741e+00,3.11021e-01,1.71260e+00,7.70442e+00
1.39254e+00,6.13853e+01,1.87370e-01,3.64484e+01,3.89069e-01,8.04116e-01,1.62087e+00,9.32372e+00,3.22142e+00,1.86019e+01,3.49652e-01,1.08147e+02,3.89354e+00,1.49808e+00,7.83542e-01,1.02684e+01,3.69973e+00,3.10248e-01,1.71055e+00,7.67624e+00
1.37160e+00,6.06616e+01,1.87007e-01,3.64232e+01,3.86831e-01,8.06816e-01,1.62034e+00,9.32592e+00,3.19923e+00,1.86284e+01,3.49141e-01,1.06893e+02,3.89463e+00,1.48337e+00,7.92160e-01,1.02697e+01,3.69226e+00,3.09457e-01,1.70784e+00,7.64910e+00
1.35243e+00,5.99535e+01,1.86673e-01,3.63618e+01,3.84674e-01,8.09740e-01,1.62000e+00,9.32741e+00,3.17439e+00,1.86666e+01,3.48675e-01,1.05660e+02,3.89537e+00,1.46886e+00,7.99807e-01,1.02716e+01,3.68493e+00,3.08660e-01,1.70454e+00,7.62243e+00
1.33487e+00,5.92604e+01,1.86321e-01,3.62674e+01,3.82649e-01,8.12701e-01,1.61983e+00,9.32797e+00,3.14780e+00,1.87152e+01,3.48279e-01,1.04450e+02,3.89559e+00,1.45491e+00,8.06250e-01,1.02739e+01,3.67772e+00,3.07839e-01,1.70091e+00,7.59567e+00
1.31890e+00,5.85829e+01,1.85962e-01,3.61445e+01,3.80775e-01,8.15546e-01,1.61986e+00,9.32782e+00,3.12016e+00,1.87718e+01,3.47969e-01,1.03265e+02,3.89499e+00,1.44176e+00,8.11305e-01,1.02776e+01,3.67058e+00,3.06990e-01,1.69706e+00,7.56876e+00
1.30434e+00,5.79208e+01,1.85606e-01,3.60021e+01,3.79042e-01,8.18127e-01,1.62010e+00,9.32688e+00,3.09199e+00,1.88337e+01,3.47768e-01,1.02106e+02,3.89342e+00,1.42956e+00,8.14864e-01,1.02826e+01,3.66354e+00,3.06109e-01,1.69316e+00,7.54151e+00
1.29113e+00,5.72729e+01,1.85270e-01,3.58462e+01,3.77384e-01,8.20338e-01,1.62058e+00,9.32491e+00,3.06393e+00,1.88973e+01,3.47664e-01,1.00971e+02,3.89062e+00,1.41841e+00,8.16947e-01,1.02898e+01,3.65657e+00,3.05191e-01,1.68958e+00,7.51414e+00
1.27918e+00,5.66395e+01,1.84949e-01,3.56822e+01,3.75862e-01,8.22086e-01,1.62133e+00,9.32216e+00,3.03615e+00,1.89589e+01,3.47625e-01,9.98624e+01,3.88646e+00,1.40838e+00,8.17665e-01,1.02994e+01,3.64970e+00,3.04241e-01,1.68632e+00,7.48678e+00
1.26845e+00,5.60204e+01,1.84622e-01,3.55109e+01,3.74497e-01,8.23363e-01,1.62233e+00,9.31888e+00,3.00888e+00,1.90152e+01,3.47642e-01,9.87771e+01,3.88081e+00,1.39953e+00,8.17158e-01,1.03124e+01,3.64297e+00,3.03298e-01,1.68362e+00,7.45968e+00
1.25879e+00,5.54151e+01,1.84290e-01,3.53313e+01,3.73246e-01,8.24126e-01,1.62363e+00,9.31469e+00,2.98218e+00,1.90636e+01,3.47680e-01,9.77170e+01,3.87374e+00,1.39179e+00,8.15623e-01,1.03285e+01,3.63627e+00,3.02353e-01,1.68148e+00,7.43314e+00
1.25005e+00,5.48233e+01,1.83951e-01,3.51398e+01,3.72087e-01,8.24508e-01,1.62519e+00,9.30971e+00,2.95612e+00,1.91020e+01,3.47722e-01,9.66830e+01,3.86521e+00,1.38507e+00,8.13334e-01,1.03483e+01,3.62971e+00,3.01422e-01,1.67986e+00,7.40761e+00
1.24221e+00,5.42441e+01,1.83615e-01,3.49323e+01,3.71010e-01,8.24567e-01,1.62704e+00,9.30420e+00,2.93067e+00,1.91293e+01,3.47734e-01,9.56717e+01,3.85534e+00,1.37923e+00,8.10460e-01,1.03716e+01,3.62334e+00,3.00505e-01,1.67871e+00,7.38359e+00
1.23515e+00,5.36775e+01,1.83293e-01,3.47043e+01,3.70040e-01,8.24389e-01,1.62920e+00,9.29812e+00,2.90587e+00,1.91449e+01,3.47689e-01,9.46859e+01,3.84430e+00,1.37416e+00,8.07207e-01,1.03984e+01,3.61716e+00,2.99621e-01,1.67783e+00,7.36144e+00
1.22879e+00,5.31222e+01,1.82970e-01,3.44553e+01,3.69128e-01,8.24161e-01,1.63162e+00,9.29184e+00,2.88168e+00,1.91495e+01,3.47571e-01,9.37235e+01,3.83234e+00,1.36967e+00,8.03709e-01,1.04280e+01,3.61128e+00,2.98768e-01,1.67702e+00,7.34136e+00
1.22308e+00,5.25785e+01,1.82637e-01,3.41837e+01,3.68298e-01,8.23990e-01,1.63429e+00,9.28539e+00,2.85811e+00,1.91434e+01,3.47359e-01,9.27850e+01,3.81968e+00,1.36568e+00,8.00039e-01,1.04600e+01,3.60571e+00,2.97950e-01,1.67598e+00,7.32357e+00
1.21791e+00,5.20456e+01,1.82300e-01,3.38897e+01,3.67483e-01,8.24021e-01,1.63717e+00,9.27902e+00,2.83533e+00,1.91274e+01,3.47042e-01,9.18730e+01,3.80648e+00,1.36203e+00,7.96275e-01,1.04943e+01,3.60064e+00,2.97165e-01,1.67458e+00,7.30877e+00
1.21319e+00,5.15233e+01,1.81974e-01,3.35844e+01,3.66678e-01,8.25868e-01,1.64129e+00,9.27281e+00,2.81322e+00,1.91055e+01,3.46637e-01,9.09869e+01,3.79296e+00,1.35857e+00,7.92414e-01,1.05293e+01,3.59621e+00,2.96412e-01,1.67287e+00,7.29644e+00
1.20889e+00,5.10107e+01,1.81648e-01,3.32659e+01,3.65902e-01,8.30619e-01,1.64485e+00,9.26997e+00,2.79197e+00,1.90770e+01,3.46505e-01,9.01246e+01,3.77941e+00,1.35519e+00,7.88526e-01,1.05648e+01,3.59271e+00,2.95684e-01,1.67086e+00,7.28664e+00
1.20500e+00,5.05080e+01,1.81314e-01,3.29455e+01,3.65147e-01,8.38512e-01,1.64904e+00,9.27506e+00,2.77166e+00,1.90445e+01,3.46352e-01,8.92885e+01,3.76596e+00,1.35181e+00,7.84724e-01,1.05995e+01,3.59147e+00,2.94972e-01,1.66846e+00,7.27909e+00
1.20138e+00,5.00154e+01,1.80974e-01,3.26229e+01,3.64402e-01,8.47353e-01,1.65291e+00,9.28632e+00,2.75225e+00,1.90093e+01,3.46286e-01,8.84765e+01,3.75271e+00,1.34838e+00,7.80893e-01,1.06327e+01,3.59119e+00,2.94304e-01,1.66563e+00,7.27318e+00
1.19804e+00,4.95322e+01,1.80633e-01,3.23033e+01,3.63684e-01,8.56256e-01,1.65663e+00,9.30402e+00,2.73392e+00,1.89718e+01,3.46226e-01,8.76896e+01,3.73985e+00,1.34485e+00,7.76917e-01,1.06635e+01,3.59245e+00,2.93639e-01,1.66243e+00,7.26874e+00
1.19489e+00,4.90577e+01,1.80296e-01,3.19961e+01,3.62976e-01,8.66998e-01,1.66050e+00,9.32637e+00,2.71665e+00,1.89329e+01,3.46122e-01,8.69278e+01,3.72739e+00,1.34121e+00,7.72743e-01,1.06914e+01,3.59548e+00,2.92999e-01,1.65917e+00,7.26495e+00
1.19194e+00,4.85928e+01,1.79971e-01,3.17065e+01,3.62304e-01,8.82176e-01,1.66504e+00,9.35070e+00,2.70050e+00,1.88934e+01,3.45934e-01,8.61868e+01,3.71531e+00,1.33744e+00,7.68264e-01,1.07155e+01,3.60031e+00,2.92370e-01,1.65576e+00,7.26152e+00
1.18915e+00,4.81371e+01,1.79647e-01,3.14393e+01,3.61649e-01,9.09316e-01,1.67098e+00,9.37647e+00,2.68541e+00,1.88539e+01,3.45733e-01,8.54664e+01,3.70369e+00,1.33359e+00,7.63434e-01,1.07357e+01,3.60723e+00,2.91750e-01,1.65200e+00,7.25787e+00
1.18654e+00,4.76910e+01,1.79307e-01,3.12030e+01,3.61040e-01,9.71253e-01,1.67908e+00,9.40272e+00,2.67151e+00,1.88146e+01,3.45603e-01,8.47639e+01,3.69245e+00,1.32969e+00,7.58222e-01,1.07514e+01,3.61601e+00,2.91145e-01,1.64743e+00,7.25374e+00
1.18405e+00,4.72548e+01,1.78963e-01,3.10036e+01,3.60460e-01,1.09713e+00,1.69000e+00,9.42806e+00,2.65864e+00,1.87760e+01,3.45616e-01,8.40798e+01,3.68157e+00,1.32577e+00,7.52709e-01,1.07618e+01,3.62651e+00,2.90561e-01,1.64156e+00,7.24885e+00
1.18166e+00,4.68288e+01,1.78636e-01,3.08304e+01,3.59882e-01,1.27768e+00,1.70383e+00,9.45277e+00,2.64681e+00,1.87383e+01,3.45817e-01,8.34104e+01,3.67102e+00,1.32184e+00,7.46956e-01,1.07674e+01,3.63855e+00,2.89980e-01,1.63421e+00,7.24301e+00
1.17933e+00,4.64134e+01,1.78316e-01,3.06633e+01,3.59323e-01,1.47592e+00,1.71965e+00,9.47884e+00,2.63598e+00,1.87018e+01,3.46189e-01,8.27525e+01,3.66073e+00,1.31796e+00,7.41089e-01,1.07678e+01,3.65197e+00,2.89405e-01,1.62539e+00,7.23628e+00
1.17715e+00,4.60087e+01,1.77989e-01,3.04888e+01,3.58822e-01,1.68731e+00,1.73553e+00,9.50951e+00,2.62598e+00,1.86668e+01,3.46697e-01,8.21073e+01,3.65069e+00,1.31415e+00,7.35151e-01,1.07627e+01,3.66655e+00,2.88833e-01,1.61523e+00,7.22842e+00
1.17502e+00,4.56158e+01,1.77652e-01,3.03080e+01,3.58323e-01,1.87512e+00,1.74930e+00,9.54682e+00,2.61691e+00,1.86331e+01,3.47273e-01,8.14699e+01,3.64085e+00,1.31045e+00,7.29246e-01,1.07528e+01,3.68220e+00,2.88270e-01,1.60417e+00,7.21942e+00
1.17292e+00,4.52347e+01,1.77319e-01,3.01321e+01,3.57808e-01,1.96580e+00,1.75911e+00,9.59223e+00,2.60860e+00,1.86008e+01,3.47883e-01,8.08404e+01,3.63114e+00,1.30685e+00,7.23479e-01,1.07377e+01,3.69883e+00,2.87705e-01,1.59251e+00,7.20939e+00
1.17084e+00,4.48665e+01,1.76989e-01,2.99754e+01,3.57251e-01,1.95036e+00,1.76404e+00,9.64539e+00,2.60098e+00,1.85697e+01,3.48496e-01,8.02196e+01,3.62156e+00,1.30337e+00,7.17951e-01,1.07175e+01,3.71638e+00,2.87136e-01,1.58060e+00,7.19821e+00
1.16882e+00,4.45117e+01,1.76672e-01,2.98523e+01,3.56697e-01,1.87333e+00,1.76442e+00,9.70507e+00,2.59401e+00,1.85397e+01,3.49107e-01,7.96048e+01,3.61203e+00,1.30000e+00,7.12757e-01,1.06930e+01,3.73482e+00,2.86571e-01,1.56873e+00,7.18577e+00
1.16685e+00,4.41714e+01,1.76358e-01,2.97702e+01,3.56115e-01,1.77988e+00,1.76152e+00,9.76732e+00,2.58756e+00,1.85105e+01,3.49731e-01,7.89963e+01,3.60255e+00,1.29671e+00,7.08018e-01,1.06643e+01,3.75416e+00,2.86017e-01,1.55709e+00,7.17245e+00
1.16488e+00,4.38468e+01,1.76036e-01,2.97293e+01,3.55509e-01,1.69793e+00,1.75700e+00,9.82850e+00,2.58160e+00,1.84820e+01,3.50379e-01,7.83939e+01,3.59311e+00,1.29357e+00,7.03912e-01,1.06320e+01,3.77459e+00,2.85476e-01,1.54567e+00,7.15786e+00
1.16292e+00,4.35389e+01,1.75709e-01,2.97242e+01,3.54874e-01,1.64118e+00,1.75248e+00,9.88322e+00,2.57603e+00,1.84539e+01,3.51061e-01,7.77979e+01,3.58369e+00,1.29051e+00,7.00676e-01,1.05957e+01,3.79598e+00,2.84945e-01,1.53457e+00,7.14234e+00
1.16099e+00,4.32490e+01,1.75390e-01,2.97434e+01,3.54187e-01,1.61426e+00,1.74917e+00,9.92825e+00,2.57086e+00,1.84262e+01,3.51774e-01,7.72092e+01,3.57430e+00,1.28759e+00,6.98498e-01,1.05567e+01,3.81829e+00,2.84411e-01,1.52383e+00,7.12611e+00
1.15906e+00,4.29784e+01,1.75075e-01,2.97734e+01,3.53476e-01,1.61551e+00,1.74780e+00,9.96131e+00,2.56589e+00,1.83984e+01,3.52514e-01,7.66260e+01,3.56490e+00,1.28474e+00,6.97647e-01,1.05148e+01,3.84125e+00,2.83873e-01,1.51349e+00,7.10894e+00
1.15717e+00,4.27276e+01,1.74754e-01,2.98020e+01,3.52767e-01,1.63849e+00,1.74861e+00,9.98128e+00,2.56115e+00,1.83708e+01,3.53272e-01,7.60507e+01,3.55559e+00,1.28202e+00,6.98255e-01,1.04707e+01,3.86436e+00,2.83340e-01,1.50355e+00,7.09118e+00
1.15530e+00,4.24984e+01,1.74444e-01,2.98218e+01,3.52044e-01,1.67292e+00,1.75151e+00,9.98806e+00,2.55650e+00,1.83430e+01,3.54041e-01,7.54832e+01,3.54631e+00,1.27938e+00,7.00414e-01,1.04248e+01,3.88700e+00,2.82809e-01,1.49409e+00,7.07315e+00
1.15344e+00,4.22912e+01,1.74157e-01,2.98289e+01,3.51304e-01,1.70748e+00,1.75616e+00,9.98441e+00,2.55189e+00,1.83151e+01,3.54807e-01,7.49217e+01,3.53713e+00,1.27680e+00,7.04106e-01,1.03774e+01,3.90849e+00,2.82280e-01,1.48506e+00,7.05481e+00
1.15158e+00,4.21062e+01,1.73898e-01,2.98234e+01,3.50545e-01,1.73255e+00,1.76214e+00,9.97192e+00,2.54731e+00,1.82872e+01,3.55541e-01,7.43690e+01,3.52805e+00,1.27429e+00,7.09145e-01,1.03289e+01,3.92799e+00,2.81752e-01,1.47648e+00,7.03640e+00
1.14971e+00,4.19436e+01,1.73675e-01,2.98084e+01,3.49813e-01,1.74218e+00,1.76906e+00,9.95334e+00,2.54269e+00,1.82594e+01,3.56218e-01,7.38247e+01,3.51904e+00,1.27182e+00,7.15242e-01,1.02798e+01,3.94478e+00,2.81223e-01,1.46835e+00,7.01818e+00
1.14787e+00,4.18017e+01,1.73461e-01,2.97891e+01,3.49123e-01,1.73458e+00,1.77657e+00,9.93168e+00,2.53799e+00,1.82320e+01,3.56834e-01,7.32877e+01,3.51020e+00,1.26940e+00,7.22020e-01,1.02303e+01,3.95815e+00,2.80694e-01,1.46052e+00,7.00038e+00
1.14601e+00,4.16801e+01,1.73239e-01,2.97689e+01,3.48457e-01,1.71094e+00,1.78461e+00,9.90851e+00,2.53320e+00,1.82049e+01,3.57386e-01,7.27592e+01,3.50153e+00,1.26704e+00,7.29136e-01,1.01808e+01,3.96744e+00,2.80169e-01,1.45305e+00,6.98312e+00
1.14417e+00,4.15767e+01,1.73007e-01,2.97502e+01,3.47780e-01,1.67441e+00,1.79326e+00,9.88521e+00,2.52834e+00,1.81786e+01,3.57858e-01,7.22393e+01,3.49297e+00,1.26473e+00,7.36239e-01,1.01315e+01,3.97237e+00,2.79659e-01,1.44583e+00,6.96638e+00
1.14232e+00,4.14897e+01,1.72782e-01,2.97338e+01,3.47080e-01,1.62876e+00,1.80282e+00,9.86231e+00,2.52333e+00,1.81534e+01,3.58269e-01,7.17290e+01,3.48458e+00,1.26245e+00,7.42993e-01,1.00826e+01,3.97261e+00,2.79144e-01,1.43901e+00,6.95040e+00
1.14048e+00,4.14155e+01,1.80254e-01,2.97178e+01,3.62017e-01,1.57760e+00,1.81378e+00,9.83980e+00,2.52726e+00,1.81361e+01,3.58608e-01,7.12291e+01,3.47634e+00,1.26027e+00,7.49142e-01,1.00345e+01,3.96974e+00,2.92125e-01,1.43252e+00,6.93521e+00
1.14844e+00,4.13611e+01,1.92666e-01,2.97218e+01,4.22226e-01,1.52406e+00,1.83231e+00,9.83283e+00,2.53934e+00,1.81228e+01,3.58904e-01,7.07391e+01,3.47793e+00,1.27391e+00,7.54495e-01,9.99371e+00,3.98175e+00,3.01874e-01,1.44645e+00,6.93155e+00
1.16204e+00,4.13079e+01,2.10432e-01,2.97635e+01,5.40503e-01,1.47078e+00,1.85444e+00,9.83579e+00,2.55277e+00,1.81171e+01,3.59181e-01,7.02600e+01,3.48216e+00,1.28975e+00,7.58922e-01,9.96184e+00,3.99474e+00,3.11284e-01,1.46697e+00,6.94080e+00
1.17169e+00,4.12654e+01,2.27947e-01,2.98096e+01,7.22211e-01,1.41965e+00,1.88295e+00,9.82930e+00,2.56683e+00,1.81189e+01,3.59441e-01,6.97934e+01,3.48961e+00,1.30410e+00,7.62364e-01,9.93536e+00,4.00455e+00,3.25042e-01,1.49432e+00,6.95176e+00
1.17904e+00,4.12300e+01,2.43500e-01,2.97949e+01,9.65914e-01,1.37252e+00,1.91659e+00,9.81609e+00,2.58086e+00,1.81228e+01,3.59700e-01,6.93343e+01,3.50203e+00,1.32040e+00,7.64819e-01,9.92837e+00,4.00538e+00,3.41307e-01,1.52415e+00,6.97321e+00
1.19119e+00,4.11934e+01,2.57348e-01,2.97614e+01,1.25446e+00,1.32944e+00,1.95463e+00,9.79924e+00,2.59411e+00,1.81303e+01,3.59957e-01,6.88867e+01,3.50961e+00,1.33789e+00,7.66331e-01,9.95458e+00,3.99890e+00,3.56653e-01,1.55782e+00,6.99129e+00
1.21082e+00,4.11569e+01,2.70294e-01,2.97229e+01,1.48105e+00,1.29111e+00,1.99647e+00,9.77675e+00,2.60740e+00,1.81412e+01,3.60213e-01,6.84508e+01,3.50944e+00,1.35496e+00,7.67045e-01,9.99745e+00,3.98741e+00,3.69659e-01,1.59475e+00,6.99974e+00
1.23803e+00,4.11204e+01,2.81641e-01,2.96715e+01,1.60916e+00,1.25753e+00,2.03873e+00,9.74924e+00,2.62235e+00,1.81556e+01,3.60449e-01,6.80269e+01,3.50667e+00,1.37085e+00,7.67082e-01,1.00319e+01,3.97165e+00,3.80735e-01,1.63180e+00,7.00059e+00
1.27177e+00,4.10826e+01,2.89531e-01,2.96218e+01,1.70449e+00,1.22883e+00,2.07798e+00,9.71858e+00,2.63998e+00,1.81726e+01,3.60656e-01,6.76141e+01,3.50641e+00,1.38688e+00,7.66633e-01,1.00399e+01,3.95340e+00,3.90584e-01,1.66809e+00,6.99883e+00
1.31024e+00,4.10424e+01,2.92421e-01,2.95870e+01,1.82366e+00,1.20496e+00,2.11134e+00,9.68566e+00,2.66093e+00,1.81915e+01,3.60804e-01,6.72142e+01,3.51131e+00,1.40554e+00,7.65867e-01,1.00170e+01,3.93396e+00,3.99475e-01,1.70362e+00,6.99763e+00
1.35130e+00,4.09994e+01,2.90015e-01,2.95713e+01,1.94194e+00,1.18562e+00,2.13560e+00,9.65210e+00,2.68537e+00,1.82126e+01,3.60873e-01,6.68248e+01,3.52218e+00,1.42735e+00,7.64988e-01,9.97564e+00,3.91533e+00,4.06817e-01,1.73813e+00,6.99789e+00
1.39336e+00,4.09525e+01,2.83273e-01,2.95677e+01,1.99509e+00,1.17039e+00,2.14836e+00,9.61941e+00,2.71336e+00,1.82355e+01,3.60830e-01,6.64478e+01,3.53891e+00,1.45055e+00,7.64103e-01,9.93712e+00,3.90004e+00,4.11636e-01,1.77064e+00,6.99954e+00
1.43587e+00,4.09003e+01,2.73719e-01,2.95628e+01,1.95971e+00,1.15884e+00,2.14891e+00,9.59069e+00,2.74456e+00,1.82609e+01,3.60667e-01,6.60835e+01,3.56087e+00,1.47253e+00,7.63320e-01,9.91751e+00,3.88885e+00,4.13103e-01,1.80002e+00,7.00239e+00
1.47901e+00,4.08411e+01,2.62837e-01,2.95449e+01,1.86008e+00,1.15044e+00,2.13831e+00,9.56719e+00,2.77828e+00,1.82886e+01,3.60375e-01,6.57315e+01,3.58681e+00,1.49153e+00,7.62669e-01,9.92118e+00,3.88069e+00,4.10998e-01,1.82623e+00,7.00624e+00
1.52262e+00,4.07719e+01,2.51824e-01,2.95104e+01,1.73066e+00,1.14470e+00,2.11879e+00,9.55045e+00,2.81342e+00,1.83186e+01,3.59931e-01,6.53963e+01,3.61503e+00,1.50720e+00,7.62136e-01,9.93921e+00,3.87402e+00,4.05876e-01,1.85002e+00,7.01155e+00
1.56487e+00,4.06894e+01,2.41549e-01,2.94622e+01,1.59566e+00,1.14109e+00,2.09301e+00,9.54158e+00,2.84862e+00,1.83503e+01,3.59322e-01,6.50777e+01,3.64352e+00,1.52022e+00,7.61630e-01,9.95642e+00,3.86932e+00,3.98775e-01,1.87207e+00,7.01904e+00
1.60264e+00,4.05912e+01,2.32437e-01,2.94083e+01,1.46608e+00,1.13904e+00,2.06334e+00,9.54033e+00,2.88284e+00,1.83829e+01,3.58560e-01,6.47770e+01,3.67032e+00,1.53172e+00,7.61052e-01,9.96062e+00,3.86878e+00,3.91070e-01,1.89277e+00,7.02877e+00
1.63255e+00,4.04751e+01,2.24728e-01,2.93549e+01,1.34525e+00,1.13798e+00,2.03166e+00,9.54656e+00,2.91537e+00,1.84154e+01,3.57643e-01,6.44972e+01,3.69404e+00,1.54259e+00,7.60293e-01,9.94805e+00,3.87484e+00,3.84313e-01,1.91219e+00,7.04121e+00
1.65247e+00,4.03401e+01,2.18454e-01,2.93093e+01,1.23306e+00,1.13747e+00,1.99954e+00,9.55948e+00,2.94603e+00,1.84472e+01,3.56574e-01,6.42390e+01,3.71366e+00,1.55329e+00,7.59237e-01,9.92216e+00,3.88813e+00,3.80420e-01,1.92965e+00,7.05580e+00
1.66202e+00,4.01863e+01,2.13493e-01,2.92743e+01,1.12898e+00,1.13687e+00,1.96808e+00,9.57765e+00,2.97482e+00,1.84775e+01,3.55348e-01,6.40053e+01,3.72887e+00,1.56372e+00,7.57767e-01,9.89018e+00,3.90650e+00,3.82039e-01,1.94511e+00,7.07139e+00
1.66214e+00,4.00155e+01,2.09622e-01,2.92512e+01,1.03290e+00,1.13586e+00,1.93799e+00,9.59998e+00,3.00217e+00,1.85058e+01,3.53991e-01,6.37960e+01,3.73992e+00,1.57347e+00,7.55804e-01,9.85878e+00,3.92550e+00,3.93012e-01,1.95872e+00,7.08731e+00
1.66496e+00,3.98291e+01,2.06616e-01,2.92384e+01,9.44881e-01,1.13417e+00,1.90973e+00,9.62519e+00,3.02840e+00,1.85319e+01,3.52516e-01,6.36115e+01,3.74749e+00,1.58202e+00,7.53280e-01,9.83175e+00,3.94058e+00,4.18373e-01,1.97082e+00,7.10221e+00
1.66979e+00,3.96288e+01,2.04170e-01,2.92334e+01,8.65342e-01,1.13161e+00,1.88353e+00,9.65185e+00,3.05679e+00,1.85555e+01,3.50951e-01,6.34533e+01,3.75314e+00,1.58888e+00,7.50162e-01,9.80989e+00,3.94862e+00,4.62741e-01,1.98193e+00,7.11785e+00
1.66847e+00,3.94175e+01,2.06306e-01,2.92331e+01,8.04301e-01,1.12806e+00,1.85947e+00,9.67945e+00,3.09366e+00,1.85785e+01,3.49326e-01,6.33217e+01,3.75608e+00,1.59507e+00,7.46439e-01,9.79219e+00,3.95640e+00,5.28936e-01,1.99212e+00,7.13178e+00
1.67196e+00,3.93535e+01,2.14466e-01,2.92338e+01,7.74827e-01,1.12538e+00,1.83762e+00,9.71031e+00,3.14736e+00,1.86045e+01,3.47660e-01,6.32353e+01,3.75802e+00,1.60057e+00,7.42131e-01,9.77871e+00,3.96638e+00,6.26556e-01,2.00405e+00,7.14520e+00
1.69478e+00,3.93289e+01,2.27468e-01,2.93103e+01,7.78160e-01,1.14467e+00,1.82987e+00,9.80229e+00,3.21263e+00,1.86327e+01,3.57064e-01,6.31653e+01,3.76023e+00,1.60516e+00,7.42710e-01,9.76915e+00,3.98125e+00,7.09348e-01,2.01481e+00,7.16171e+00
1.73456e+00,3.90271e+01,2.41973e-01,2.96069e+01,8.07956e-01,1.15069e+00,1.85654e+00,9.91236e+00,3.28199e+00,1.86696e+01,3.75273e-01,6.31291e+01,3.76436e+00,1.60719e+00,7.40014e-01,9.76635e+00,4.00274e+00,7.83271e-01,2.02266e+00,7.18258e+00
1.78326e+00,3.87632e+01,2.54439e-01,2.99913e+01,8.68077e-01,1.20031e+00,1.98704e+00,9.95223e+00,3.34823e+00,1.87180e+01,3.97430e-01,6.31218e+01,3.76961e+00,1.60814e+00,7.42091e-01,9.77106e+00,4.03465e+00,8.39224e-01,2.02792e+00,7.21272e+00
1.83902e+00,3.85482e+01,2.64472e-01,3.00977e+01,9.69479e-01,1.21439e+00,2.24008e+00,9.98305e+00,3.41108e+00,1.87803e+01,4.12708e-01,6.31506e+01,3.77770e+00,1.60899e+00,8.20732e-01,9.78404e+00,4.08027e+00,8.67504e-01,2.03957e+00,7.24543e+00
1.89698e+00,3.83526e+01,2.73612e-01,3.01793e+01,1.08812e+00,1.24117e+00,2.50855e+00,1.00174e+01,3.47779e+00,1.88563e+01,4.21787e-01,6.32319e+01,3.78941e+00,1.61009e+00,1.01901e+00,9.80583e+00,4.14103e+00,8.76441e-01,2.06300e+00,7.28259e+00
1.95228e+00,3.81691e+01,2.82093e-01,3.03055e+01,1.17813e+00,1.26164e+00,2.71458e+00,1.00504e+01,3.55769e+00,1.89439e+01,4.26542e-01,6.33861e+01,3.80507e+00,1.61187e+00,1.20180e+00,9.83615e+00,4.21849e+00,8.59719e-01,2.08955e+00,7.32600e+00
2.00520e+00,3.79942e+01,2.88657e-01,3.04723e+01,1.22991e+00,1.27962e+00,2.88348e+00,1.00954e+01,3.65506e+00,1.90412e+01,4.27687e-01,6.36285e+01,3.82574e+00,1.61503e+00,1.29191e+00,9.87450e+00,4.32175e+00,8.32806e-01,2.11479e+00,7.37505e+00
2.05889e+00,3.78245e+01,2.91616e-01,3.06933e+01,1.26890e+00,1.33260e+00,3.00440e+00,1.01562e+01,3.76563e+00,1.91484e+01,4.26155e-01,6.39739e+01,3.85072e+00,1.62080e+00,1.33009e+00,9.91989e+00,4.47176e+00,8.01995e-01,2.13994e+00,7.43028e+00
2.11423e+00,3.76590e+01,2.90163e-01,3.09599e+01,1.32386e+00,1.50758e+00,3.05559e+00,1.02302e+01,3.88071e+00,1.92650e+01,4.22632e-01,6.44267e+01,3.87948e+00,1.63024e+00,1.32237e+00,9.97085e+00,4.69551e+00,7.69130e-01,2.16563e+00,7.49116e+00
2.16693e+00,3.74993e+01,2.84674e-01,3.12459e+01,1.40446e+00,1.84257e+00,3.04901e+00,1.03178e+01,3.99364e+00,1.93855e+01,4.18208e-01,6.49865e+01,3.91118e+00,1.64366e+00,1.28355e+00,1.00247e+01,5.02273e+00,7.34227e-01,2.19235e+00,7.55696e+00
2.21395e+00,3.73475e+01,2.76331e-01,3.15283e+01,1.49241e+00,2.18488e+00,3.00778e+00,1.04190e+01,4.10080e+00,1.95010e+01,4.13625e-01,6.56737e+01,3.94434e+00,1.66058e+00,1.23783e+00,1.00791e+01,5.48724e+00,7.01799e-01,2.22046e+00,7.62571e+00
2.24471e+00,3.72048e+01,2.66540e-01,3.17987e+01,1.55882e+00,2.36887e+00,2.94296e+00,1.05330e+01,4.20160e+00,1.96037e+01,4.09124e-01,6.65770e+01,3.97739e+00,1.67996e+00,1.20082e+00,1.01329e+01,6.11556e+00,6.64505e-01,2.24952e+00,7.69407e+00
2.25586e+00,3.70723e+01,2.56367e-01,3.20514e+01,1.58475e+00,2.37935e+00,2.85816e+00,1.06561e+01,4.29551e+00,1.96888e+01,4.04531e-01,6.78185e+01,4.00846e+00,1.70065e+00,1.17584e+00,1.01864e+01,6.92209e+00,6.29484e-01,2.27917e+00,7.76040e+00
2.25124e+00,3.69504e+01,2.46651e-01,3.22749e+01,1.56664e+00,2.28156e+00,2.76158e+00,1.07859e+01,4.38022e+00,1.97547e+01,3.99613e-01,6.94113e+01,4.03600e+00,1.72149e+00,1.15969e+00,1.02393e+01,7.94425e+00,5.97147e-01,2.30912e+00,7.82391e+00
2.23486e+00,3.68398e+01,2.37837e-01,3.24540e+01,1.51108e+00,2.13745e+00,2.66848e+00,1.09201e+01,4.45320e+00,1.98026e+01,3.94296e-01,7.11652e+01,4.05873e+00,1.74210e+00,1.14856e+00,1.02904e+01,9.23284e+00,5.67804e-01,2.33978e+00,7.88794e+00
2.21020e+00,3.67411e+01,2.30181e-01,3.25793e+01,1.42885e+00,1.98429e+00,2.59782e+00,1.10586e+01,4.51459e+00,1.98349e+01,3.88664e-01,7.27749e+01,4.07578e+00,1.76065e+00,1.14031e+00,1.03364e+01,1.07121e+01,5.42075e-01,2.37195e+00,7.95462e+00
2.18083e+00,3.66559e+01,2.23693e-01,3.26536e+01,1.33121e+00,1.84007e+00,2.57189e+00,1.12107e+01,4.56802e+00,1.98549e+01,3.82906e-01,7.39966e+01,4.08694e+00,1.77756e+00,1.13409e+00,1.03753e+01,1.21014e+01,5.20720e-01,2.40631e+00,8.02289e+00
2.14988e+00,3.65859e+01,2.18365e-01,3.26929e+01,1.23560e+00,1.71149e+00,2.60608e+00,1.14674e+01,4.61860e+00,1.98659e+01,3.77247e-01,7.47347e+01,4.09231e+00,1.79228e+00,1.14562e+00,1.04035e+01,1.31075e+01,5.05392e-01,2.44307e+00,8.09309e+00
2.11946e+00,3.65320e+01,2.14029e-01,3.27205e+01,1.16350e+00,1.60075e+00,2.71316e+00,1.17809e+01,4.67019e+00,1.98705e+01,3.91911e-01,7.50188e+01,4.09249e+00,1.80370e+00,1.16887e+00,1.04223e+01,1.36368e+01,4.95398e-01,2.51619e+00,8.16331e+00
2.09027e+00,3.64952e+01,2.10533e-01,3.27535e+01,1.21965e+00,1.50646e+00,2.92280e+00,1.19564e+01,4.72399e+00,1.98705e+01,5.30946e-01,7.49408e+01,4.08850e+00,1.81093e+00,1.27040e+00,1.04328e+01,1.37847e+01,4.92645e-01,2.62814e+00,8.23086e+00
2.06184e+00,3.64757e+01,2.07649e-01,3.28114e+01,2.20824e+00,1.42803e+00,3.21861e+00,1.20914e+01,4.77826e+00,1.98657e+01,8.24784e-01,7.46046e+01,4.08160e+00,1.81334e+00,1.37674e+00,1.04366e+01,1.37118e+01,4.99793e-01,2.74443e+00,8.29429e+00
2.03328e+00,3.64724e+01,2.05168e-01,3.29076e+01,4.38151e+00,1.36297e+00,3.46454e+00,1.22334e+01,4.82993e+00,1.98553e+01,1.08353e+00,7.40998e+01,4.07334e+00,1.81089e+00,1.44011e+00,1.04361e+01,1.35574e+01,5.19171e-01,2.84838e+00,8.35334e+00
2.00384e+00,3.64843e+01,2.03002e-01,3.30534e+01,5.79738e+00,1.30910e+00,3.60633e+00,1.23871e+01,4.87626e+00,1.98368e+01,1.25176e+00,7.34906e+01,4.06561e+00,1.80422e+00,1.48947e+00,1.04340e+01,1.34085e+01,5.51567e-01,2.94236e+00,8.40753e+00
1.97395e+00,3.65109e+01,2.01065e-01,3.32597e+01,5.52619e+00,1.26666e+00,3.67023e+00,1.25522e+01,4.91585e+00,1.98081e+01,1.28761e+00,7.28242e+01,4.06038e+00,1.79453e+00,1.50049e+00,1.04352e+01,1.32979e+01,5.95037e-01,3.02556e+00,8.45727e+00
1.94473e+00,3.65498e+01,1.99247e-01,3.35449e+01,4.57084e+00,1.24216e+00,3.69583e+00,1.27305e+01,4.94916e+00,1.97676e+01,1.21067e+00,7.21308e+01,4.06011e+00,1.78331e+00,1.46914e+00,1.04453e+01,1.32134e+01,6.44393e-01,3.09828e+00,8.50067e+00
1.91762e+00,3.65989e+01,1.97548e-01,3.39347e+01,3.63120e+00,1.25096e+00,3.71743e+00,1.29270e+01,4.97774e+00,1.97147e+01,1.09051e+00,7.14310e+01,4.06758e+00,1.77202e+00,1.41172e+00,1.04744e+01,1.31154e+01,6.91713e-01,3.16356e+00,8.53544e+00
1.89311e+00,3.66556e+01,1.95915e-01,3.44650e+01,2.88718e+00,1.31169e+00,3.75481e+00,1.31464e+01,5.00345e+00,1.96506e+01,9.74759e-01,7.07370e+01,4.08567e+00,1.76221e+00,1.34553e+00,1.05393e+01,1.29618e+01,7.29065e-01,3.22362e+00,8.55872e+00
1.87059e+00,3.67165e+01,1.94395e-01,3.51461e+01,2.32991e+00,1.41740e+00,3.81045e+00,1.33904e+01,5.02744e+00,1.95778e+01,8.78456e-01,7.00575e+01,4.11706e+00,1.75520e+00,1.28067e+00,1.06672e+01,1.27257e+01,7.51299e-01,3.27730e+00,8.56753e+00
1.84852e+00,3.67782e+01,1.92979e-01,3.59382e+01,1.91354e+00,1.52135e+00,3.87289e+00,1.36577e+01,5.04934e+00,1.94998e+01,8.00009e-01,6.93992e+01,4.16389e+00,1.75222e+00,1.22106e+00,1.09037e+01,1.24035e+01,7.57314e-01,3.32258e+00,8.56079e+00
1.82545e+00,3.68364e+01,1.91716e-01,3.67390e+01,1.59796e+00,1.58109e+00,3.92485e+00,1.39434e+01,5.06733e+00,1.94208e+01,7.34049e-01,6.87643e+01,4.22729e+00,1.75414e+00,1.16763e+00,1.13260e+01,1.20103e+01,7.49548e-01,3.35829e+00,8.53926e+00
1.80055e+00,3.68878e+01,1.90586e-01,3.74341e+01,1.35473e+00,1.59079e+00,3.95179e+00,1.42395e+01,5.07846e+00,1.93457e+01,6.76653e-01,6.81554e+01,4.30704e+00,1.76137e+00,1.12051e+00,1.20532e+01,1.15709e+01,7.32420e-01,3.38496e+00,8.50463e+00
1.77379e+00,3.69297e+01,1.89560e-01,3.79538e+01,1.16459e+00,1.56768e+00,3.94686e+00,1.45351e+01,5.07982e+00,1.92784e+01,6.25896e-01,6.75734e+01,4.40103e+00,1.77357e+00,1.07964e+00,1.32368e+01,1.11103e+01,7.11157e-01,3.40440e+00,8.45927e+00
1.74583e+00,3.69609e+01,1.88658e-01,3.82883e+01,1.01452e+00,1.53025e+00,3.91069e+00,1.48202e+01,5.06882e+00,1.92229e+01,5.81101e-01,6.70187e+01,4.50584e+00,1.78981e+00,1.04498e+00,1.50337e+01,1.06487e+01,6.91500e-01,3.41848e+00,8.40514e+00
1.71743e+00,3.69817e+01,1.87896e-01,3.84738e+01,8.95254e-01,1.49100e+00,3.84995e+00,1.50845e+01,5.04414e+00,1.91830e+01,5.42060e-01,6.64935e+01,4.61700e+00,1.80838e+00,1.01606e+00,1.75813e+01,1.01995e+01,6.80696e-01,3.42881e+00,8.34489e+00
1.68946e+00,3.69944e+01,1.87232e-01,3.85569e+01,8.00010e-01,1.45690e+00,3.77466e+00,1.53189e+01,5.00564e+00,1.91620e+01,5.08515e-01,6.59948e+01,4.72948e+00,1.82713e+00,9.92223e-01,2.09153e+01,9.77050e+00,6.87855e-01,3.43749e+00,8.28011e+00
1.66255e+00,3.70034e+01,1.86661e-01,3.85753e+01,7.23601e-01,1.43188e+00,3.69594e+00,1.55171e+01,4.95435e+00,1.91618e+01,4.80116e-01,6.55228e+01,4.83855e+00,1.84402e+00,9.72594e-01,2.47311e+01,9.36613e+00,7.22173e-01,3.44689e+00,8.21205e+00
1.63711e+00,3.70148e+01,1.86151e-01,3.85556e+01,6.62128e-01,1.41891e+00,3.62428e+00,1.56750e+01,4.89208e+00,1.91842e+01,4.56436e-01,6.50764e+01,4.93982e+00,1.85736e+00,9.56340e-01,2.83317e+01,8.98829e+00,7.86615e-01,3.45970e+00,8.14218e+00
1.61330e+00,3.70358e+01,1.85698e-01,3.85169e+01,6.12516e-01,1.42070e+00,3.56803e+00,1.57916e+01,4.82105e+00,1.92303e+01,4.37002e-01,6.46522e+01,5.02953e+00,1.86607e+00,9.42782e-01,3.10668e+01,8.63775e+00,8.71091e-01,3.47801e+00,8.07128e+00
1.59115e+00,3.70745e+01,1.85320e-01,3.84728e+01,5.72275e-01,1.43947e+00,3.53194e+00,1.58687e+01,4.74354e+00,1.92996e+01,4.21352e-01,6.42513e+01,5.10471e+00,1.86962e+00,9.31493e-01,3.26825e+01,8.31457e+00,9.54496e-01,3.50360e+00,7.99988e+00
1.57055e+00,3.71397e+01,1.85019e-01,3.84369e+01,5.39677e-01,1.47572e+00,3.51658e+00,1.59113e+01,4.66176e+00,1.93908e+01,4.09114e-01,6.38707e+01,5.16328e+00,1.86799e+00,9.22127e-01,3.32596e+01,8.01824e+00,1.01636e+00,3.53723e+00,7.92882e+00
1.55137e+00,3.72382e+01,1.84785e-01,3.84182e+01,5.13143e-01,1.52708e+00,3.51858e+00,1.59262e+01,4.57763e+00,1.95023e+01,4.00058e-01,6.35098e+01,5.20372e+00,1.86148e+00,9.14361e-01,3.30372e+01,7.74763e+00,1.04648e+00,3.57837e+00,7.85858e+00
1.53342e+00,3.73747e+01,1.84586e-01,3.84216e+01,4.91488e-01,1.58787e+00,3.53184e+00,1.59205e+01,4.49293e+00,1.96317e+01,3.94091e-01,6.31700e+01,5.22572e+00,1.85070e+00,9.07836e-01,3.23037e+01,7.50112e+00,1.04557e+00,3.62514e+00,7.78955e+00
1.51657e+00,3.75515e+01,1.84419e-01,3.84488e+01,4.73756e-01,1.65002e+00,3.54980e+00,1.58979e+01,4.40901e+00,1.97765e+01,3.91325e-01,6.28479e+01,5.22947e+00,1.83615e+00,9.02261e-01,3.13419e+01,7.27683e+00,1.02019e+00,3.67475e+00,7.72242e+00
1.50060e+00,3.77653e+01,1.84270e-01,3.84975e+01,4.59196e-01,1.70523e+00,3.56689e+00,1.58605e+01,4.32705e+00,1.99352e+01,3.91977e-01,6.25440e+01,5.21617e+00,1.81856e+00,8.97418e-01,3.03761e+01,7.07211e+00,9.78426e-01,3.72387e+00,7.65811e+00
1.48548e+00,3.80082e+01,1.84139e-01,3.85621e+01,4.47219e-01,1.74705e+00,3.58019e+00,1.58076e+01,4.24809e+00,2.01056e+01,3.96413e-01,6.22585e+01,5.18736e+00,1.79849e+00,8.93107e-01,2.95002e+01,6.88475e+00,9.27277e-01,3.76824e+00,7.59679e+00
1.47097e+00,3.82682e+01,1.84007e-01,3.86355e+01,4.37322e-01,1.77233e+00,3.58956e+00,1.57371e+01,4.17285e+00,2.02869e+01,4.04935e-01,6.19904e+01,5.14538e+00,1.77658e+00,8.89432e-01,2.86718e+01,6.71279e+00,8.72043e-01,3.80429e+00,7.53966e+00
1.45706e+00,3.85310e+01,1.83867e-01,3.87100e+01,4.29134e-01,1.78146e+00,3.59717e+00,1.56498e+01,4.10223e+00,2.04797e+01,4.17710e-01,6.17421e+01,5.09249e+00,1.75333e+00,8.86562e-01,2.77925e+01,6.55425e+00,8.16349e-01,3.82893e+00,7.48681e+00
1.44361e+00,3.87825e+01,1.83724e-01,3.87801e+01,4.22365e-01,1.77769e+00,3.60627e+00,1.55468e+01,4.03693e+00,2.06846e+01,4.34612e-01,6.15140e+01,5.03117e+00,1.72926e+00,8.84921e-01,2.68117e+01,6.40824e+00,7.62490e-01,3.84005e+00,7.43905e+00
1.43062e+00,3.90100e+01,1.83575e-01,3.88410e+01,4.16784e-01,1.76664e+00,3.61983e+00,1.54346e+01,3.97751e+00,2.09017e+01,4.55112e-01,6.13057e+01,4.96375e+00,1.70474e+00,8.85143e-01,2.57515e+01,6.27409e+00,7.11818e-01,3.83666e+00,7.39649e+00
1.41805e+00,3.92045e+01,1.83429e-01,3.88896e+01,4.12125e-01,1.75586e+00,3.63939e+00,1.53194e+01,3.92440e+00,2.11318e+01,4.78275e-01,6.11210e+01,4.89239e+00,1.68020e+00,8.87927e-01,2.46892e+01,6.15130e+00,6.65055e-01,3.81881e+00,7.35965e+00
1.40592e+00,3.93608e+01,1.83299e-01,3.89240e+01,4.08290e-01,1.75412e+00,3.66470e+00,1.52101e+01,3.87793e+00,2.13746e+01,5.02856e-01,6.09586e+01,4.81897e+00,1.65590e+00,8.94062e-01,2.37182e+01,6.04006e+00,6.22494e-01,3.78731e+00,7.32862e+00
1.39421e+00,3.94783e+01,1.83162e-01,3.89446e+01,4.05061e-01,1.76992e+00,3.69374e+00,1.51130e+01,3.83808e+00,2.16276e+01,5.27492e-01,6.08192e+01,4.74513e+00,1.63209e+00,9.04100e-01,2.29345e+01,5.94019e+00,5.84141e-01,3.74384e+00,7.30309e+00
1.38300e+00,3.95588e+01,1.83028e-01,3.89508e+01,4.02341e-01,1.80918e+00,3.72363e+00,1.50345e+01,3.80468e+00,2.18873e+01,5.50937e-01,6.07042e+01,4.67223e+00,1.60896e+00,9.18359e-01,2.24351e+01,5.85208e+00,5.49862e-01,3.69016e+00,7.28345e+00
1.37227e+00,3.96085e+01,1.82899e-01,3.89432e+01,4.00057e-01,1.87189e+00,3.75091e+00,1.49756e+01,3.77712e+00,2.21489e+01,5.72182e-01,6.06131e+01,4.60124e+00,1.58664e+00,9.36722e-01,2.23061e+01,5.77582e+00,5.19432e-01,3.62829e+00,7.26898e+00
1.36208e+00,3.96347e+01,1.82763e-01,3.89226e+01,3.98102e-01,1.95029e+00,3.77233e+00,1.49358e+01,3.75472e+00,2.24054e+01,5.90594e-01,6.05472e+01,4.53287e+00,1.56522e+00,9.58593e-01,2.25971e+01,5.71145e+00,4.92544e-01,3.56016e+00,7.25996e+00
1.35247e+00,3.96467e+01,1.82596e-01,3.88896e+01,3.96413e-01,2.03051e+00,3.78496e+00,1.49129e+01,3.73649e+00,2.26500e+01,6.05906e-01,6.05061e+01,4.46787e+00,1.54483e+00,9.83086e-01,2.32743e+01,5.65877e+00,4.68910e-01,3.48749e+00,7.25542e+00
1.34346e+00,3.96527e+01,1.82403e-01,3.88452e+01,3.94962e-01,2.09762e+00,3.78642e+00,1.49012e+01,3.72150e+00,2.28762e+01,6.18209e-01,6.04873e+01,4.40667e+00,1.52553e+00,1.00905e+00,2.41923e+01,5.61721e+00,4.48257e-01,3.41175e+00,7.25535e+00
1.33502e+00,3.96604e+01,1.82206e-01,3.87903e+01,3.93669e-01,2.14070e+00,3.77510e+00,1.48981e+01,3.70867e+00,2.30783e+01,6.27846e-01,6.04932e+01,4.34950e+00,1.50735e+00,1.03523e+00,2.51260e+01,5.58620e+00,4.30320e-01,3.33426e+00,7.25868e+00
1.32716e+00,3.96759e+01,1.81999e-01,3.87263e+01,3.92547e-01,2.15536e+00,3.75016e+00,1.49015e+01,3.69744e+00,2.32524e+01,6.35308e-01,6.05198e+01,4.29652e+00,1.49032e+00,1.06051e+00,2.58622e+01,5.56474e+00,4.14815e-01,3.25604e+00,7.26547e+00
1.31986e+00,3.97032e+01,1.81774e-01,3.86551e+01,3.91537e-01,2.14313e+00,3.71161e+00,1.49145e+01,3.68761e+00,2.33965e+01,6.41209e-01,6.05689e+01,4.24779e+00,1.47445e+00,1.08385e+00,2.62725e+01,5.55128e+00,4.01485e-01,3.17791e+00,7.27452e+00
1.31314e+00,3.97447e+01,1.81556e-01,3.85792e+01,3.90647e-01,2.10899e+00,3.66015e+00,1.49423e+01,3.67915e+00,2.35105e+01,6.46171e-01,6.06397e+01,4.20329e+00,1.45976e+00,1.10441e+00,2.63290e+01,5.54424e+00,3.90092e-01,3.10062e+00,7.28570e+00
1.30688e+00,3.98007e+01,1.81351e-01,3.85021e+01,3.89821e-01,2.05912e+00,3.59727e+00,1.49930e+01,3.67242e+00,2.35965e+01,6.50817e-01,6.07314e+01,4.16299e+00,1.44616e+00,1.12160e+00,2.60746e+01,5.54162e+00,3.80411e-01,3.02461e+00,7.29802e+00
1.30110e+00,3.98692e+01,1.81140e-01,3.84257e+01,3.89113e-01,1.99932e+00,3.52461e+00,1.50702e+01,3.66807e+00,2.36575e+01,6.55682e-01,6.08457e+01,4.12682e+00,1.43371e+00,1.13493e+00,2.55809e+01,5.54162e+00,3.72252e-01,2.95033e+00,7.31137e+00
1.29574e+00,3.99483e+01,1.80932e-01,3.83534e+01,3.88443e-01,1.93448e+00,3.44428e+00,1.51698e+01,3.66665e+00,2.36965e+01,6.61198e-01,6.09843e+01,4.09481e+00,1.42236e+00,1.14416e+00,2.49245e+01,5.54214e+00,3.65447e-01,2.87832e+00,7.32511e+00
1.29082e+00,4.00337e+01,1.80728e-01,3.82865e+01,3.87759e-01,1.86834e+00,3.35838e+00,1.52808e+01,3.66835e+00,2.37184e+01,6.67722e-01,6.11490e+01,4.06664e+00,1.41202e+00,1.14925e+00,2.41701e+01,5.54169e+00,3.59770e-01,2.80868e+00,7.33866e+00
1.28629e+00,4.01217e+01,1.80503e-01,3.82252e+01,3.87103e-01,1.80361e+00,3.26889e+00,1.53897e+01,3.67314e+00,2.37277e+01,6.75450e-01,6.13427e+01,4.04232e+00,1.40265e+00,1.15031e+00,2.33675e+01,5.53900e+00,3.55051e-01,2.74182e+00,7.35168e+00
1.28213e+00,4.02092e+01,1.80257e-01,3.81686e+01,3.86491e-01,1.74209e+00,3.17769e+00,1.54858e+01,3.68039e+00,2.37286e+01,6.84420e-01,6.15660e+01,4.02176e+00,1.39424e+00,1.14755e+00,2.25531e+01,5.53313e+00,3.51197e-01,2.67800e+00,7.36386e+00
1.27833e+00,4.02945e+01,1.80003e-01,3.81148e+01,3.85886e-01,1.68501e+00,3.08645e+00,1.55643e+01,3.68885e+00,2.37248e+01,6.94591e-01,6.18216e+01,4.00456e+00,1.38674e+00,1.14129e+00,2.17529e+01,5.52382e+00,3.48049e-01,2.61739e+00,7.37483e+00
1.27482e+00,4.03774e+01,1.79740e-01,3.80610e+01,3.85294e-01,1.63319e+00,2.99655e+00,1.56282e+01,3.69704e+00,2.37203e+01,7.05750e-01,6.21084e+01,3.99028e+00,1.38005e+00,1.13195e+00,2.09815e+01,5.51095e+00,3.45488e-01,2.56019e+00,7.38436e+00
1.27163e+00,4.04593e+01,1.79470e-01,3.80046e+01,3.84707e-01,1.58710e+00,2.90923e+00,1.56878e+01,3.70325e+00,2.37183e+01,7.17604e-01,6.24254e+01,3.97841e+00,1.37412e+00,1.11992e+00,2.02492e+01,5.49474e+00,3.43470e-01,2.50649e+00,7.39215e+00
1.26870e+00,4.05434e+01,1.79203e-01,3.79437e+01,3.84134e-01,1.54696e+00,2.82544e+00,1.57564e+01,3.70593e+00,2.37220e+01,7.29802e-01,6.27695e+01,3.96831e+00,1.36891e+00,1.10563e+00,1.95618e+01,5.47566e+00,3.41857e-01,2.45646e+00,7.39791e+00
1.26599e+00,4.06341e+01,1.78938e-01,3.78773e+01,3.83565e-01,1.51264e+00,2.74586e+00,1.58456e+01,3.70387e+00,2.37333e+01,7.41943e-01,6.31340e+01,3.95941e+00,1.36428e+00,1.08953e+00,1.89210e+01,5.45430e+00,3.40581e-01,2.40986e+00,7.40193e+00
1.26344e+00,4.07363e+01,1.78668e-01,3.78062e+01,3.83029e-01,1.48389e+00,2.67111e+00,1.59641e+01,3.69619e+00,2.37545e+01,7.53645e-01,6.35133e+01,3.95103e+00,1.36025e+00,1.07197e+00,1.83279e+01,5.43126e+00,3.39575e-01,2.36692e+00,7.40372e+00
1.26111e+00,4.08552e+01,1.78399e-01,3.77326e+01,3.82473e-01,1.46012e+00,2.60165e+00,1.61117e+01,3.68249e+00,2.37873e+01,7.64557e-01,6.38981e+01,3.94267e+00,1.35671e+00,1.05329e+00,1.77806e+01,5.40709e+00,3.38781e-01,2.32743e+00,7.40358e+00
1.25893e+00,4.09960e+01,1.78139e-01,3.76593e+01,3.81890e-01,1.44051e+00,2.53783e+00,1.62808e+01,3.66291e+00,2.38328e+01,7.74376e-01,6.42804e+01,3.93367e+00,1.35360e+00,1.03384e+00,1.72765e+01,5.38229e+00,3.38159e-01,2.29111e+00,7.40166e+00
1.25689e+00,4.11620e+01,1.77873e-01,3.75892e+01,3.81314e-01,1.42414e+00,2.47986e+00,1.64585e+01,3.63795e+00,2.38914e+01,7.82834e-01,6.46510e+01,3.92380e+00,1.35083e+00,1.01391e+00,1.68131e+01,5.35705e+00,3.37648e-01,2.25793e+00,7.39787e+00
1.25501e+00,4.13556e+01,1.77592e-01,3.75235e+01,3.80727e-01,1.41001e+00,2.42793e+00,1.66296e+01,3.60836e+00,2.39626e+01,7.89749e-01,6.50017e+01,3.91284e+00,1.34838e+00,9.93746e-01,1.63871e+01,5.33140e+00,3.37186e-01,2.22764e+00,7.39289e+00
1.25320e+00,4.15770e+01,1.77301e-01,3.74619e+01,3.80160e-01,1.39712e+00,2.38208e+00,1.67799e+01,3.57504e+00,2.40450e+01,7.95006e-01,6.53248e+01,3.90073e+00,1.34620e+00,9.73557e-01,1.59948e+01,5.30534e+00,3.36812e-01,2.19989e+00,7.38660e+00
1.25150e+00,4.18236e+01,1.77008e-01,3.74024e+01,3.79587e-01,1.38456e+00,2.34239e+00,1.68980e+01,3.53897e+00,2.41366e+01,7.98526e-01,6.56168e+01,3.88745e+00,1.34423e+00,9.53539e-01,1.56328e+01,5.27866e+00,3.36467e-01,2.17456e+00,7.37939e+00
1.24986e+00,4.20908e+01,1.76712e-01,3.73426e+01,3.78970e-01,1.37166e+00,2.30877e+00,1.69767e+01,3.50106e+00,2.42349e+01,8.00313e-01,6.58741e+01,3.87305e+00,1.34247e+00,9.33846e-01,1.52977e+01,5.25116e+00,3.36185e-01,2.15127e+00,7.37171e+00
1.24829e+00,4.23720e+01,1.76417e-01,3.72809e+01,3.78385e-01,1.35796e+00,2.28105e+00,1.70132e+01,3.46219e+00,2.43363e+01,8.00371e-01,6.60961e+01,3.85778e+00,1.34084e+00,9.14623e-01,1.49862e+01,5.22246e+00,3.35917e-01,2.12989e+00,7.36362e+00
1.24677e+00,4.26606e+01,1.76129e-01,3.72182e+01,3.77798e-01,1.34322e+00,2.25888e+00,1.70096e+01,3.42314e+00,2.44374e+01,7.98798e-01,6.62850e+01,3.84177e+00,1.33930e+00,8.95960e-01,1.46956e+01,5.19247e+00,3.35647e-01,2.11003e+00,7.35557e+00
1.24530e+00,4.29470e+01,1.75835e-01,3.71571e+01,3.77234e-01,1.32736e+00,2.24194e+00,1.69690e+01,3.38449e+00,2.45349e+01,7.95651e-01,6.64463e+01,3.82538e+00,1.33784e+00,8.77958e-01,1.44231e+01,5.16080e+00,3.35384e-01,2.09169e+00,7.34778e+00
1.24386e+00,4.32214e+01,1.75543e-01,3.71030e+01,3.76659e-01,1.31046e+00,2.22977e+00,1.68990e+01,3.34666e+00,2.46259e+01,7.91047e-01,6.65800e+01,3.80882e+00,1.33647e+00,8.60703e-01,1.41666e+01,5.12744e+00,3.35122e-01,2.07456e+00,7.34052e+00
1.24245e+00,4.34772e+01,1.75257e-01,3.70623e+01,3.76071e-01,1.29263e+00,2.22182e+00,1.68071e+01,3.31012e+00,2.47083e+01,7.85131e-01,6.66950e+01,3.79217e+00,1.33512e+00,8.44205e-01,1.39239e+01,5.09229e+00,3.34856e-01,2.05853e+00,7.33413e+00
1.24104e+00,4.37091e+01,1.74970e-01,3.70415e+01,3.75480e-01,1.27415e+00,2.21752e+00,1.67049e+01,3.27510e+00,2.47803e+01,7.78018e-01,6.67946e+01,3.77580e+00,1.33377e+00,8.28567e-01,1.36936e+01,5.05536e+00,3.34577e-01,2.04353e+00,7.32867e+00
1.23965e+00,4.39143e+01,1.74670e-01,3.70470e+01,3.74873e-01,1.25526e+00,2.21634e+00,1.66017e+01,3.24180e+00,2.48406e+01,7.69842e-01,6.68851e+01,3.75984e+00,1.33243e+00,8.13760e-01,1.34743e+01,5.01668e+00,3.34277e-01,2.02940e+00,7.32452e+00
1.23826e+00,4.40917e+01,1.74361e-01,3.70842e+01,3.74265e-01,1.23622e+00,2.21781e+00,1.65094e+01,3.21038e+00,2.48892e+01,7.60740e-01,6.69719e+01,3.74444e+00,1.33111e+00,7.99819e-01,1.32649e+01,4.97647e+00,3.33963e-01,2.01618e+00,7.32229e+00
1.23686e+00,4.42418e+01,1.74048e-01,3.71588e+01,3.73640e-01,1.21721e+00,2.22160e+00,1.64405e+01,3.18093e+00,2.49267e+01,7.50865e-01,6.70608e+01,3.72968e+00,1.32978e+00,7.86742e-01,1.30642e+01,4.93497e+00,3.33640e-01,2.00361e+00,7.32225e+00
1.23545e+00,4.43660e+01,1.73732e-01,3.72790e+01,3.73041e-01,1.19851e+00,2.22748e+00,1.64084e+01,3.15351e+00,2.49555e+01,7.40333e-01,6.71552e+01,3.71564e+00,1.32844e+00,7.74512e-01,1.28715e+01,4.89243e+00,3.33301e-01,1.99172e+00,7.32505e+00
1.23404e+00,4.44679e+01,1.73417e-01,3.74594e+01,3.72825e-01,1.18020e+00,2.23526e+00,1.64295e+01,3.12824e+00,2.49789e+01,7.29251e-01,6.72574e+01,3.70235e+00,1.32707e+00,7.63141e-01,1.26868e+01,4.84908e+00,3.32954e-01,1.98047e+00,7.33141e+00
1.23262e+00,4.45524e+01,1.73112e-01,3.77204e+01,3.73178e-01,1.16243e+00,2.24482e+00,1.65207e+01,3.10503e+00,2.50019e+01,7.17750e-01,6.73682e+01,3.68990e+00,1.32841e+00,7.52576e-01,1.25087e+01,4.80542e+00,3.32604e-01,1.96961e+00,7.34176e+00
1.23266e+00,4.46219e+01,1.72801e-01,3.80969e+01,3.73986e-01,1.14533e+00,2.25620e+00,1.67014e+01,3.08388e+00,2.50300e+01,7.05920e-01,6.74890e+01,3.67823e+00,1.32804e+00,7.42809e-01,1.23381e+01,4.76216e+00,3.32248e-01,1.95910e+00,7.35739e+00
1.23218e+00,4.46796e+01,1.72508e-01,3.86281e+01,3.75180e-01,1.12894e+00,2.26943e+00,1.69911e+01,3.06479e+00,2.50703e+01,6.93862e-01,6.76210e+01,3.66731e+00,1.32712e+00,7.33817e-01,1.21742e+01,4.71936e+00,3.31873e-01,1.94906e+00,7.37823e+00
1.23113e+00,4.47286e+01,1.72233e-01,3.93605e+01,3.76753e-01,1.11328e+00,2.28471e+00,1.74068e+01,3.04732e+00,2.51316e+01,6.81655e-01,6.77652e+01,3.65709e+00,1.32656e+00,7.25556e-01,1.20164e+01,4.67709e+00,3.31473e-01,1.93982e+00,7.40568e+00
1.22992e+00,4.47717e+01,1.71991e-01,4.03269e+01,3.78920e-01,1.09847e+00,2.30150e+00,1.79617e+01,3.03139e+00,2.52240e+01,6.69406e-01,6.79233e+01,3.64762e+00,1.32575e+00,7.17991e-01,1.18653e+01,4.63599e+00,3.31073e-01,1.93164e+00,7.44640e+00
1.22900e+00,4.48111e+01,1.71804e-01,4.15347e+01,3.82015e-01,1.08447e+00,2.31998e+00,1.86653e+01,3.01690e+00,2.53589e+01,6.57168e-01,6.80950e+01,3.63883e+00,1.32455e+00,7.11086e-01,1.17217e+01,4.59589e+00,3.30651e-01,1.92459e+00,7.49666e+00
1.22840e+00,4.48472e+01,1.71674e-01,4.29570e+01,3.86653e-01,1.07126e+00,2.33989e+00,1.95269e+01,3.00356e+00,2.55479e+01,6.45043e-01,6.82834e+01,3.63065e+00,1.32304e+00,7.04816e-01,1.15840e+01,4.55640e+00,3.30222e-01,1.91832e+00,7.55399e+00
1.22795e+00,4.48813e+01,1.71590e-01,4.45191e+01,3.93693e-01,1.05885e+00,2.36088e+00,2.05636e+01,2.99139e+00,2.58018e+01,6.33116e-01,6.84905e+01,3.62303e+00,1.32151e+00,6.99126e-01,1.14518e+01,4.51762e+00,3.29780e-01,1.91286e+00,7.61792e+00
1.22766e+00,4.49129e+01,1.71507e-01,4.61227e+01,4.03928e-01,1.04725e+00,2.38257e+00,2.18093e+01,2.98027e+00,2.61288e+01,6.21464e-01,6.87158e+01,3.61598e+00,1.32024e+00,6.93976e-01,1.13265e+01,4.47995e+00,3.29323e-01,1.90821e+00,7.68534e+00
1.22768e+00,4.49421e+01,1.71386e-01,4.76596e+01,4.17310e-01,1.03642e+00,2.40437e+00,2.33179e+01,2.97000e+00,2.65333e+01,6.10136e-01,6.89617e+01,3.60940e+00,1.31939e+00,6.89330e-01,1.12078e+01,4.44390e+00,3.28863e-01,1.90426e+00,7.75299e+00
1.22817e+00,4.49691e+01,1.71196e-01,4.90422e+01,4.32453e-01,1.02629e+00,2.42574e+00,2.51509e+01,2.96049e+00,2.70128e+01,5.99134e-01,6.92264e+01,3.60330e+00,1.31891e+00,6.85148e-01,1.10951e+01,4.40987e+00,3.28390e-01,1.90074e+00,7.81952e+00
1.22935e+00,4.49931e+01,1.70926e-01,5.02127e+01,4.47103e-01,1.01689e+00,2.44610e+00,2.73514e+01,2.95171e+00,2.75592e+01,5.88472e-01,6.95098e+01,3.59763e+00,1.31861e+00,6.81433e-01,1.09891e+01,4.37801e+00,3.27914e-01,1.89743e+00,7.88513e+00
1.23147e+00,4.50129e+01,1.70595e-01,5.11573e+01,4.58827e-01,1.00817e+00,2.46495e+00,2.99006e+01,2.94355e+00,2.81567e+01,5.78132e-01,6.98085e+01,3.59248e+00,1.31832e+00,6.78157e-01,1.08902e+01,4.34825e+00,3.27421e-01,1.89411e+00,7.94786e+00
1.23471e+00,4.50281e+01,1.70230e-01,5.18901e+01,4.66146e-01,1.00016e+00,2.48186e+00,3.26989e+01,2.93598e+00,2.87833e+01,5.68138e-01,7.01177e+01,3.58783e+00,1.31795e+00,6.75311e-01,1.07981e+01,4.32077e+00,3.26916e-01,1.89046e+00,8.00666e+00
1.23916e+00,4.50377e+01,1.69809e-01,5.24563e+01,4.68787e-01,9.92702e-01,2.49644e+00,3.55715e+01,2.92899e+00,2.94135e+01,5.58431e-01,7.04352e+01,3.58367e+00,1.31745e+00,6.72922e-01,1.07135e+01,4.29607e+00,3.26404e-01,1.88649e+00,8.05939e+00
1.24473e+00,4.50410e+01,1.69383e-01,5.29143e+01,4.67347e-01,9.85795e-01,2.50841e+00,3.83178e+01,2.92249e+00,3.00223e+01,5.49032e-01,7.07540e+01,3.58021e+00,1.31680e+00,6.71044e-01,1.06374e+01,4.27537e+00,3.25886e-01,1.88237e+00,8.10532e+00
1.25116e+00,4.50372e+01,1.68957e-01,5.33275e+01,4.62859e-01,9.79445e-01,2.51758e+00,4.07633e+01,2.91643e+00,3.05867e+01,5.39905e-01,7.10708e+01,3.57760e+00,1.31599e+00,6.69681e-01,1.05704e+01,4.26059e+00,3.25363e-01,1.87839e+00,8.14319e+00
1.25804e+00,4.50254e+01,1.68538e-01,5.37646e+01,4.56345e-01,9.73612e-01,2.52383e+00,4.27952e+01,2.91074e+00,3.10873e+01,5.31071e-01,7.13831e+01,3.57601e+00,1.31501e+00,6.68861e-01,1.05134e+01,4.25399e+00,3.24831e-01,1.87484e+00,8.17282e+00
1.26491e+00,4.50052e+01,1.68128e-01,5.42921e+01,4.48630e-01,9.68197e-01,2.52715e+00,4.43692e+01,2.90544e+00,3.15102e+01,5.22506e-01,7.16894e+01,3.57579e+00,1.31379e+00,6.68558e-01,1.04667e+01,4.25686e+00,3.24286e-01,1.87196e+00,8.19436e+00
1.27126e+00,4.49760e+01,1.67732e-01,5.49812e+01,4.40370e-01,9.63243e-01,2.52750e+00,4.54944e+01,2.90040e+00,3.18465e+01,5.14239e-01,7.19901e+01,3.57734e+00,1.31232e+00,6.68694e-01,1.04301e+01,4.26850e+00,3.23739e-01,1.87001e+00,8.20744e+00
1.27666e+00,4.49377e+01,1.67359e-01,5.59069e+01,4.32035e-01,9.58643e-01,2.52500e+00,4.62139e+01,2.89559e+00,3.20932e+01,5.06259e-01,7.22874e+01,3.58094e+00,1.31054e+00,6.69187e-01,1.04024e+01,4.28579e+00,3.23194e-01,1.86903e+00,8.21284e+00
1.28071e+00,4.48905e+01,1.66995e-01,5.71506e+01,4.23894e-01,9.54453e-01,2.51967e+00,4.65825e+01,2.89098e+00,3.22503e+01,4.98596e-01,7.25850e+01,3.58702e+00,1.30847e+00,6.69945e-01,1.03837e+01,4.30489e+00,3.22648e-01,1.86919e+00,8.21039e+00
1.28324e+00,4.48343e+01,1.66649e-01,5.87829e+01,4.16080e-01,9.50631e-01,2.51164e+00,4.66596e+01,2.88657e+00,3.23215e+01,4.91291e-01,7.28880e+01,3.59580e+00,1.30613e+00,6.70856e-01,1.03731e+01,4.32206e+00,3.22094e-01,1.87052e+00,8.20048e+00
1.28416e+00,4.47699e+01,1.66322e-01,6.08381e+01,4.08703e-01,9.47060e-01,2.50104e+00,4.64965e+01,2.88227e+00,3.23128e+01,4.84374e-01,7.32022e+01,3.60733e+00,1.30354e+00,6.71796e-01,1.03720e+01,4.33598e+00,3.21532e-01,1.87297e+00,8.18413e+00
1.28354e+00,4.46978e+01,1.66007e-01,6.32840e+01,4.01875e-01,9.43794e-01,2.48811e+00,4.61420e+01,2.87808e+00,3.22314e+01,4.77819e-01,7.35344e+01,3.62156e+00,1.30078e+00,6.75180e-01,1.03819e+01,4.34692e+00,3.20985e-01,1.87651e+00,8.16141e+00
1.28156e+00,4.46192e+01,1.65688e-01,6.60056e+01,3.95610e-01,9.40809e-01,2.47305e+00,4.56347e+01,2.87399e+00,3.20856e+01,4.71644e-01,7.38897e+01,3.63815e+00,1.29792e+00,6.77007e-01,1.04148e+01,4.35632e+00,3.20457e-01,1.88082e+00,8.13378e+00
1.27848e+00,4.45346e+01,1.65371e-01,6.88182e+01,3.89924e-01,9.38019e-01,2.45612e+00,4.50073e+01,2.86995e+00,3.18841e+01,4.65781e-01,7.42738e+01,3.65654e+00,1.29501e+00,6.77838e-01,1.05138e+01,4.36591e+00,3.19938e-01,1.88545e+00,8.10179e+00
1.27457e+00,4.44453e+01,1.65060e-01,7.15128e+01,3.84816e-01,9.35510e-01,2.43759e+00,4.42877e+01,2.86594e+00,3.16348e+01,4.60192e-01,7.46884e+01,3.67587e+00,1.29211e+00,6.78452e-01,1.07882e+01,4.37682e+00,3.19426e-01,1.88987e+00,8.06639e+00
1.27015e+00,4.43522e+01,1.64756e-01,7.39051e+01,3.80247e-01,9.33173e-01,2.41775e+00,4.34983e+01,2.86194e+00,3.13464e+01,4.54820e-01,7.51353e+01,3.69531e+00,1.28926e+00,6.78609e-01,1.12545e+01,4.38926e+00,3.18928e-01,1.89336e+00,8.02841e+00
1.26546e+00,4.42560e+01,1.64462e-01,7.58712e+01,3.76218e-01,9.31042e-01,2.39684e+00,4.26571e+01,2.85795e+00,3.10255e+01,4.49621e-01,7.56108e+01,3.71395e+00,1.28646e+00,6.78245e-01,1.16496e+01,4.40260e+00,3.18444e-01,1.89537e+00,7.98851e+00
1.26074e+00,4.41579e+01,1.64164e-01,7.73579e+01,3.72659e-01,9.29076e-01,2.37512e+00,4.17812e+01,2.85391e+00,3.06804e+01,4.44540e-01,7.61084e+01,3.73096e+00,1.28368e+00,6.77451e-01,1.17795e+01,4.41570e+00,3.17976e-01,1.89554e+00,7.94738e+00
1.25620e+00,4.40586e+01,1.63866e-01,7.83637e+01,3.69545e-01,9.27311e-01,2.35278e+00,4.08814e+01,2.84983e+00,3.03168e+01,4.39553e-01,7.66208e+01,3.74573e+00,1.28094e+00,6.76340e-01,1.17144e+01,4.42718e+00,3.17530e-01,1.89354e+00,7.90539e+00
1.25198e+00,4.39586e+01,1.63571e-01,7.89282e+01,3.66835e-01,9.25796e-01,2.32999e+00,3.99685e+01,2.84571e+00,2.99398e+01,4.34645e-01,7.71368e+01,3.75752e+00,1.27824e+00,6.75106e-01,1.15932e+01,4.43573e+00,3.17089e-01,1.88947e+00,7.86243e+00
1.24814e+00,4.38587e+01,1.63286e-01,7.91068e+01,3.64449e-01,9.24793e-01,2.30697e+00,3.90514e+01,2.84155e+00,2.95540e+01,4.29819e-01,7.76464e+01,3.76600e+00,1.27554e+00,6.74000e-01,1.15035e+01,4.44027e+00,3.16637e-01,1.88342e+00,7.81919e+00
1.24477e+00,4.37601e+01,1.63003e-01,7.89591e+01,3.62366e-01,9.25551e-01,2.28385e+00,3.81358e+01,2.83735e+00,2.91640e+01,4.25081e-01,7.81353e+01,3.77095e+00,1.27284e+00,6.73306e-01,1.14816e+01,4.44000e+00,3.16180e-01,1.87589e+00,7.77565e+00
1.24187e+00,4.36624e+01,1.62708e-01,7.85422e+01,3.60563e-01,9.32410e-01,2.26085e+00,3.72277e+01,2.83307e+00,2.87731e+01,4.20439e-01,7.85914e+01,3.77250e+00,1.27016e+00,6.73235e-01,1.15245e+01,4.43446e+00,3.15719e-01,1.86711e+00,7.73177e+00
1.23940e+00,4.35669e+01,1.62411e-01,7.79075e+01,3.58971e-01,9.53740e-01,2.23811e+00,3.63313e+01,2.82876e+00,2.83838e+01,4.15904e-01,7.90032e+01,3.77078e+00,1.26748e+00,6.74038e-01,1.16044e+01,4.42365e+00,3.15226e-01,1.85765e+00,7.68742e+00
1.23731e+00,4.34742e+01,1.62120e-01,7.70982e+01,3.57563e-01,9.94170e-01,2.21585e+00,3.54494e+01,2.82439e+00,2.79988e+01,4.11495e-01,7.93627e+01,3.76611e+00,1.26482e+00,6.75913e-01,1.16866e+01,4.40794e+00,3.14694e-01,1.84788e+00,7.64296e+00
1.23548e+00,4.33853e+01,1.61830e-01,7.61521e+01,3.56296e-01,1.04376e+00,2.19435e+00,3.45846e+01,2.82000e+00,2.76198e+01,4.07222e-01,7.96605e+01,3.75898e+00,1.26217e+00,6.79069e-01,1.17486e+01,4.38786e+00,3.14121e-01,1.83808e+00,7.59835e+00
1.23384e+00,4.33011e+01,1.61548e-01,7.50985e+01,3.55193e-01,1.08429e+00,2.17384e+00,3.37396e+01,2.81556e+00,2.72485e+01,4.03108e-01,7.98937e+01,3.74971e+00,1.25950e+00,6.83620e-01,1.17846e+01,4.36417e+00,3.13522e-01,1.82865e+00,7.55368e+00
1.23224e+00,4.32229e+01,1.61265e-01,7.39661e+01,3.54176e-01,1.10510e+00,2.15456e+00,3.29143e+01,2.81105e+00,2.68857e+01,3.99150e-01,8.00589e+01,3.73884e+00,1.25685e+00,6.89551e-01,1.17997e+01,4.33774e+00,3.12901e-01,1.81970e+00,7.50926e+00
1.23061e+00,4.31526e+01,1.60983e-01,7.27719e+01,3.53289e-01,1.10678e+00,2.13677e+00,3.21111e+01,2.80652e+00,2.65325e+01,3.95382e-01,8.01548e+01,3.72672e+00,1.25426e+00,6.96815e-01,1.18014e+01,4.30915e+00,3.12268e-01,1.81142e+00,7.46517e+00
1.22881e+00,4.30931e+01,1.60702e-01,7.15365e+01,3.52468e-01,1.09537e+00,2.12072e+00,3.13320e+01,2.80194e+00,2.61897e+01,3.91806e-01,8.01839e+01,3.71367e+00,1.25166e+00,7.05196e-01,1.17954e+01,4.27936e+00,3.11607e-01,1.80392e+00,7.42180e+00
1.22673e+00,4.30471e+01,1.60431e-01,7.02751e+01,3.51675e-01,1.07702e+00,2.10663e+00,3.05769e+01,2.79731e+00,2.58582e+01,3.88461e-01,8.01456e+01,3.69989e+00,1.24912e+00,7.14359e-01,1.17850e+01,4.24903e+00,3.10928e-01,1.79722e+00,7.37921e+00
1.22433e+00,4.30191e+01,1.60154e-01,6.89980e+01,3.50919e-01,1.05616e+00,2.09473e+00,2.98464e+01,2.79263e+00,2.55385e+01,3.85353e-01,8.00483e+01,3.68567e+00,1.24660e+00,7.23896e-01,1.17737e+01,4.21869e+00,3.10256e-01,1.79135e+00,7.33760e+00
1.22155e+00,4.30148e+01,1.59873e-01,6.77166e+01,3.50196e-01,1.03535e+00,2.08524e+00,2.91420e+01,2.78792e+00,2.52302e+01,3.82523e-01,7.98920e+01,3.67117e+00,1.24412e+00,7.33308e-01,1.17662e+01,4.18888e+00,3.09602e-01,1.78625e+00,7.29710e+00
1.21837e+00,4.30409e+01,1.59595e-01,6.64395e+01,3.49503e-01,1.01601e+00,2.07844e+00,2.84647e+01,2.78320e+00,2.49337e+01,3.79990e-01,7.96865e+01,3.65653e+00,1.24169e+00,7.42138e-01,1.17731e+01,4.15993e+00,3.08950e-01,1.78187e+00,7.25788e+00
1.21481e+00,4.31064e+01,1.59321e-01,6.51734e+01,3.48846e-01,9.98594e-01,2.07468e+00,2.78142e+01,2.77844e+00,2.46498e+01,3.77777e-01,7.94334e+01,3.64168e+00,1.23927e+00,7.49957e-01,1.18150e+01,4.13218e+00,3.08281e-01,1.77812e+00,7.21998e+00
1.21087e+00,4.32219e+01,1.59039e-01,6.39243e+01,3.48185e-01,9.83250e-01,2.07450e+00,2.71908e+01,2.77367e+00,2.43777e+01,3.75881e-01,7.91408e+01,3.62666e+00,1.23690e+00,7.56425e-01,1.19211e+01,4.10576e+00,3.07612e-01,1.77488e+00,7.18355e+00
1.20666e+00,4.34035e+01,1.58755e-01,6.26965e+01,3.49503e-01,9.74892e-01,2.07962e+00,2.65960e+01,2.76889e+00,2.41337e+01,3.74645e-01,7.88260e+01,3.61156e+00,1.23452e+00,7.70723e-01,1.21146e+01,4.08080e+00,3.06954e-01,1.77197e+00,7.14852e+00
1.20223e+00,4.36965e+01,1.60447e-01,6.14983e+01,3.55716e-01,9.71052e-01,2.09403e+00,2.60394e+01,2.76620e+00,2.39240e+01,3.98892e-01,7.85300e+01,3.59636e+00,1.23296e+00,7.89647e-01,1.23936e+01,4.05881e+00,3.08719e-01,1.85504e+00,7.11473e+00
1.19840e+00,4.44569e+01,1.64913e-01,6.03415e+01,3.69882e-01,1.40015e+00,2.13536e+00,2.55466e+01,2.76425e+00,2.37929e+01,4.88862e-01,7.82416e+01,3.58116e+00,1.23125e+00,8.75971e-01,1.27211e+01,4.03980e+00,3.09837e-01,2.18163e+00,7.08236e+00
1.19431e+00,4.52631e+01,1.70196e-01,5.92374e+01,3.94503e-01,2.77701e+00,2.39921e+00,2.51449e+01,2.76253e+00,2.37815e+01,6.49425e-01,7.79976e+01,3.56677e+00,1.22952e+00,1.10436e+00,1.30389e+01,4.02200e+00,3.10655e-01,2.71203e+00,7.05154e+00
1.19001e+00,4.58018e+01,1.75792e-01,5.81792e+01,4.30629e-01,5.29157e+00,2.96341e+00,2.47918e+01,2.76132e+00,2.39340e+01,7.75172e-01,7.77839e+01,3.55195e+00,1.22799e+00,1.43829e+00,1.33002e+01,4.00537e+00,3.12341e-01,3.25078e+00,7.02178e+00
1.18566e+00,4.65151e+01,1.80234e-01,5.71411e+01,4.65694e-01,7.40851e+00,3.54285e+00,2.44181e+01,2.76029e+00,2.42363e+01,8.44655e-01,7.75998e+01,3.53735e+00,1.22674e+00,1.68598e+00,1.34832e+01,3.98977e+00,3.14744e-01,3.99794e+00,6.99311e+00
1.18147e+00,4.75126e+01,1.83593e-01,5.61339e+01,4.93673e-01,1.11555e+01,4.03701e+00,2.40291e+01,2.75907e+00,2.46096e+01,8.69487e-01,7.74688e+01,3.52400e+00,1.22584e+00,1.81057e+00,1.35894e+01,3.97539e+00,3.17377e-01,5.39520e+00,6.96564e+00
1.17761e+00,4.87863e+01,1.86185e-01,5.51730e+01,5.18100e-01,2.20295e+01,4.64782e+00,2.36406e+01,2.75777e+00,2.49847e+01,8.55219e-01,7.74182e+01,3.51015e+00,1.22522e+00,1.88063e+00,1.36330e+01,3.96201e+00,3.19966e-01,6.99357e+00,6.93888e+00
1.17419e+00,5.03359e+01,1.89006e-01,5.42622e+01,5.37260e-01,3.11840e+01,5.52058e+00,2.32571e+01,2.75674e+00,2.53514e+01,8.18187e-01,7.74616e+01,3.49651e+00,1.22481e+00,1.87410e+00,1.36316e+01,3.94915e+00,3.22412e-01,7.81167e+00,6.91301e+00
1.17122e+00,5.21614e+01,1.91041e-01,5.34105e+01,5.47449e-01,3.08387e+01,6.39956e+00,2.28809e+01,2.75611e+00,2.57374e+01,7.72507e-01,7.75886e+01,3.48327e+00,1.22467e+00,1.79940e+00,1.35988e+01,3.93675e+00,3.24802e-01,7.69751e+00,6.88816e+00
1.16864e+00,5.42424e+01,1.92257e-01,5.26294e+01,5.48449e-01,2.59744e+01,6.99710e+00,2.25143e+01,2.75597e+00,2.61747e+01,7.25644e-01,7.77742e+01,3.47011e+00,1.22492e+00,1.69847e+00,1.35455e+01,3.92505e+00,3.27095e-01,7.06834e+00,6.86407e+00
1.16636e+00,5.65426e+01,1.92492e-01,5.19257e+01,5.43726e-01,2.07027e+01,7.26068e+00,2.21621e+01,2.75619e+00,2.66906e+01,6.82393e-01,7.79824e+01,3.45748e+00,1.22554e+00,1.60451e+00,1.34795e+01,3.91430e+00,3.29156e-01,6.30394e+00,6.84032e+00
1.16429e+00,5.90681e+01,1.91808e-01,5.13171e+01,5.36990e-01,1.63976e+01,7.22428e+00,2.18317e+01,2.75680e+00,2.73111e+01,6.45567e-01,7.81896e+01,3.44538e+00,1.22640e+00,1.53020e+00,1.34047e+01,3.90471e+00,3.30722e-01,5.60116e+00,6.81704e+00
1.16249e+00,6.18486e+01,1.90563e-01,5.08191e+01,5.30530e-01,1.32604e+01,6.99471e+00,2.15338e+01,2.75775e+00,2.80630e+01,6.15694e-01,7.83859e+01,3.43387e+00,1.22727e+00,1.47581e+00,1.33237e+01,3.89629e+00,3.31691e-01,5.02959e+00,6.79397e+00
1.16096e+00,6.48084e+01,1.89022e-01,5.04496e+01,5.25046e-01,1.12148e+01,6.79042e+00,2.12825e+01,2.75903e+00,2.89931e+01,5.91728e-01,7.85749e+01,3.42296e+00,1.22808e+00,1.43870e+00,1.32388e+01,3.88892e+00,3.31955e-01,4.59449e+00,6.77120e+00
1.15977e+00,6.77200e+01,1.87495e-01,5.02203e+01,5.20178e-01,1.02243e+01,7.08895e+00,2.10930e+01,2.76044e+00,3.01755e+01,5.72241e-01,7.87654e+01,3.41271e+00,1.22882e+00,1.41880e+00,1.31505e+01,3.88232e+00,3.31503e-01,4.27520e+00,6.74889e+00
1.15890e+00,7.03248e+01,1.86231e-01,5.01311e+01,5.15134e-01,1.02598e+01,9.16926e+00,2.09728e+01,2.76179e+00,3.16343e+01,5.56397e-01,7.89604e+01,3.40309e+00,1.22952e+00,1.41931e+00,1.30601e+01,3.87625e+00,3.30461e-01,4.04549e+00,6.72686e+00
1.15827e+00,7.24844e+01,1.85402e-01,5.01662e+01,5.09324e-01,1.10430e+01,1.43933e+01,2.09172e+01,2.76288e+00,3.32277e+01,5.44297e-01,7.91566e+01,3.39401e+00,1.23023e+00,1.44468e+00,1.29682e+01,3.87058e+00,3.29010e-01,3.88281e+00,6.70525e+00
1.15785e+00,7.42323e+01,1.85020e-01,5.02924e+01,5.02368e-01,1.19843e+01,2.14261e+01,2.09092e+01,2.76355e+00,3.46593e+01,5.37305e-01,7.93560e+01,3.38541e+00,1.23104e+00,1.49730e+00,1.28757e+01,3.86534e+00,3.27300e-01,3.76892e+00,6.68410e+00
1.15749e+00,7.57141e+01,1.84981e-01,5.04582e+01,4.94312e-01,1.25578e+01,2.75216e+01,2.09255e+01,2.76363e+00,3.56336e+01,5.38310e-01,7.95751e+01,3.37725e+00,1.23198e+00,1.57454e+00,1.27838e+01,3.86056e+00,3.25588e-01,3.68626e+00,6.66345e+00
1.15713e+00,7.70923e+01,1.85090e-01,5.05966e+01,4.85324e-01,1.25848e+01,3.12473e+01,2.09426e+01,2.76303e+00,3.59986e+01,5.51702e-01,7.98442e+01,3.36947e+00,1.23300e+00,1.66800e+00,1.26932e+01,3.85630e+00,3.24073e-01,3.61658e+00,6.64335e+00
1.15666e+00,7.84833e+01,1.85050e-01,5.06417e+01,4.75700e-01,1.21493e+01,3.26680e+01,2.09489e+01,2.76181e+00,3.57731e+01,5.82042e-01,8.01984e+01,3.36206e+00,1.23400e+00,1.76600e+00,1.26041e+01,3.85243e+00,3.22934e-01,3.54357e+00,6.62364e+00
1.15600e+00,7.99282e+01,1.84721e-01,5.05609e+01,4.65690e-01,1.14169e+01,3.24523e+01,2.09457e+01,2.75995e+00,3.50830e+01,6.31385e-01,8.06686e+01,3.35488e+00,1.23491e+00,1.85832e+00,1.25170e+01,3.84885e+00,3.22311e-01,3.45714e+00,6.60461e+00
1.15516e+00,8.14063e+01,1.83974e-01,5.04218e+01,4.55646e-01,1.05367e+01,3.12519e+01,2.09435e+01,2.75764e+00,3.40908e+01,6.96508e-01,8.12698e+01,3.34805e+00,1.23568e+00,1.94086e+00,1.24317e+01,3.84542e+00,3.22320e-01,3.35459e+00,6.58617e+00
1.15409e+00,8.28585e+01,1.82812e-01,5.05410e+01,4.45689e-01,9.61460e+00,2.95276e+01,2.09584e+01,2.75489e+00,3.29437e+01,7.68882e-01,8.20036e+01,3.34139e+00,1.23624e+00,2.01934e+00,1.23487e+01,3.84209e+00,3.22989e-01,3.23916e+00,6.56845e+00
1.15281e+00,8.42150e+01,1.81241e-01,5.16065e+01,4.36031e-01,8.71658e+00,2.75808e+01,2.10068e+01,2.75182e+00,3.17532e+01,8.38140e-01,8.28581e+01,3.33498e+00,1.23656e+00,2.11011e+00,1.22673e+01,3.83875e+00,3.24350e-01,3.11687e+00,6.55137e+00
1.15134e+00,8.54171e+01,1.79373e-01,5.42761e+01,4.26798e-01,7.87883e+00,2.55982e+01,2.11000e+01,2.74855e+00,3.05939e+01,8.96252e-01,8.38214e+01,3.32880e+00,1.23661e+00,2.23519e+00,1.21879e+01,3.83526e+00,3.26302e-01,2.99408e+00,6.53488e+00
1.14964e+00,8.64268e+01,1.77312e-01,5.84084e+01,4.18068e-01,7.11895e+00,2.36856e+01,2.12438e+01,2.74516e+00,2.95101e+01,9.39727e-01,8.48868e+01,3.32273e+00,1.23634e+00,2.41000e+00,1.21102e+01,3.83159e+00,3.28701e-01,2.87585e+00,6.51910e+00
