2.96430e+05,3.15945e+05,2.78924e+05,3.20227e+05,2.73098e+05,3.13062e+05,3.22476e+05,3.22481e+05,3.02025e+05,2.96664e+05,3.12191e+05,2.90617e+05,3.03810e+05,3.05388e+05,3.26294e+05,3.18438e+05,3.02269e+05,3.06265e+05,3.02739e+05,3.08554e+05
1.00000e-02,1.00000e-02,1.00000e-02,1.00000e-02,1.00000e-02,1.00000e-02,1.00000e-02,1.00000e-02,1.00000e-02,1.00000e-02,1.00000e-02,1.00000e-02,1.00000e-02,1.00000e-02,1.00000e-02,1.00000e-02,1.00000e-02,1.00000e-02,1.00000e-02,1.00000e-02
1.67941e-02,1.23627e-02,2.69490e-02,1.64498e-02,2.57088e-02,1.64428e-02,1.72080e-02,2.63908e-02,1.47127e-02,1.22841e-02,1.69377e-02,1.09982e-02,1.72262e-02,1.71587e-02,1.33004e-02,1.57540e-02,1.76177e-02,1.25068e-02,3.24072e-02,1.47495e-02
2.68424e-02,1.35828e-02,4.71623e-02,2.88751e-02,4.23690e-02,2.47423e-02,3.07614e-02,4.02063e-02,2.22897e-02,1.53537e-02,2.85819e-02,1.20175e-02,2.38031e-02,2.43268e-02,1.49567e-02,2.43127e-02,2.57944e-02,1.44404e-02,7.08737e-02,2.02718e-02
3.33910e-02,1.43095e-02,6.86130e-02,4.09944e-02,6.33813e-02,3.45250e-02,4.57306e-02,4.78960e-02,3.27881e-02,2.11193e-02,3.99142e-02,1.30743e-02,2.84180e-02,3.43823e-02,1.59694e-02,3.73679e-02,3.26107e-02,1.87997e-02,9.89491e-02,2.65846e-02
3.68010e-02,1.51084e-02,8.87460e-02,4.84113e-02,8.78377e-02,4.47237e-02,5.75836e-02,5.02391e-02,4.37717e-02,3.24616e-02,4.81792e-02,1.42056e-02,3.31280e-02,4.69216e-02,1.71753e-02,5.20860e-02,3.84326e-02,2.57940e-02,1.19728e-01,3.31018e-02
3.98057e-02,1.65396e-02,1.08017e-01,5.23299e-02,1.12477e-01,5.50096e-02,6.53920e-02,5.09398e-02,5.41910e-02,5.63953e-02,5.36291e-02,1.54561e-02,4.00921e-02,5.95234e-02,1.89447e-02,6.76484e-02,4.44963e-02,3.36597e-02,1.39715e-01,4.03255e-02
4.45066e-02,1.92730e-02,1.27737e-01,5.49782e-02,1.36150e-01,6.64821e-02,7.07144e-02,5.22990e-02,6.37913e-02,1.06433e-01,5.73147e-02,1.68788e-02,4.87469e-02,7.07154e-02,2.14683e-02,8.43344e-02,5.02487e-02,4.09412e-02,1.61054e-01,4.93091e-02
5.23075e-02,2.40773e-02,1.47660e-01,5.79153e-02,1.58840e-01,8.09804e-02,7.54061e-02,5.50179e-02,7.26370e-02,1.88730e-01,5.99023e-02,1.85358e-02,5.63107e-02,8.07502e-02,2.46891e-02,1.01749e-01,5.44612e-02,4.71450e-02,1.83505e-01,6.05511e-02
6.42436e-02,3.16290e-02,1.65485e-01,6.19699e-02,1.80984e-01,9.98464e-02,8.08216e-02,5.86173e-02,8.09666e-02,2.87376e-01,6.15729e-02,2.04984e-02,6.07042e-02,9.10720e-02,2.82955e-02,1.19151e-01,5.67421e-02,5.25695e-02,2.07090e-01,7.40058e-02
8.09231e-02,4.25110e-02,1.78274e-01,6.74051e-02,2.03644e-01,1.23230e-01,8.75985e-02,6.23087e-02,8.92696e-02,3.75823e-01,6.25994e-02,2.28474e-02,6.17120e-02,1.03191e-01,3.19626e-02,1.35886e-01,5.76999e-02,5.78806e-02,2.32234e-01,8.89384e-02
1.02968e-01,5.67043e-02,1.84377e-01,7.39958e-02,2.27853e-01,1.50127e-01,9.54435e-02,6.54032e-02,9.80167e-02,4.37954e-01,6.34296e-02,2.56737e-02,6.03055e-02,1.17974e-01,3.54023e-02,1.50985e-01,5.82568e-02,6.40409e-02,2.59014e-01,1.04315e-01
1.30652e-01,7.33333e-02,1.84051e-01,8.12332e-02,2.53686e-01,1.78476e-01,1.03244e-01,6.77403e-02,1.07768e-01,4.72739e-01,6.45146e-02,2.91036e-02,5.78728e-02,1.35674e-01,3.85739e-02,1.63972e-01,5.91650e-02,7.21268e-02,2.86842e-01,1.18929e-01
1.63637e-01,9.10123e-02,1.78637e-01,8.88001e-02,2.80373e-01,2.05705e-01,1.10265e-01,6.93238e-02,1.19174e-01,4.87565e-01,6.61503e-02,3.33086e-02,5.54137e-02,1.55666e-01,4.15986e-02,1.74708e-01,6.08852e-02,8.26328e-02,3.15042e-01,1.32144e-01
2.01563e-01,1.08194e-01,1.70025e-01,9.65890e-02,3.06250e-01,2.29122e-01,1.16275e-01,7.04237e-02,1.32946e-01,4.91404e-01,6.83812e-02,3.84742e-02,5.36940e-02,1.76599e-01,4.46766e-02,1.83582e-01,6.37272e-02,9.49003e-02,3.42817e-01,1.43712e-01
2.44453e-01,1.23660e-01,1.59955e-01,1.04767e-01,3.29130e-01,2.46784e-01,1.21735e-01,7.12506e-02,1.49880e-01,4.91484e-01,7.10250e-02,4.48022e-02,5.34005e-02,1.97122e-01,4.79978e-02,1.91564e-01,6.79041e-02,1.07267e-01,3.69936e-01,1.53827e-01
2.92899e-01,1.36755e-01,1.49608e-01,1.13710e-01,3.47066e-01,2.57785e-01,1.27348e-01,7.19789e-02,1.70730e-01,4.92379e-01,7.37805e-02,5.24886e-02,5.51659e-02,2.16261e-01,5.17048e-02,1.99952e-01,7.35045e-02,1.17731e-01,3.96246e-01,1.62802e-01
3.47157e-01,1.47219e-01,1.39835e-01,1.23734e-01,3.59306e-01,2.62370e-01,1.33625e-01,7.27862e-02,1.95949e-01,4.96330e-01,7.63397e-02,6.17243e-02,6.00027e-02,2.33688e-01,5.58601e-02,2.09894e-01,8.03625e-02,1.25018e-01,4.21747e-01,1.71494e-01
4.05964e-01,1.55167e-01,1.30981e-01,1.35169e-01,3.66002e-01,2.61422e-01,1.40554e-01,7.37267e-02,2.25505e-01,5.03834e-01,7.84626e-02,7.26961e-02,6.92941e-02,2.49553e-01,6.04235e-02,2.22298e-01,8.80834e-02,1.28743e-01,4.46339e-01,1.80670e-01
4.65887e-01,1.60918e-01,1.23352e-01,1.48208e-01,3.68001e-01,2.56243e-01,1.47703e-01,7.48156e-02,2.58408e-01,5.14360e-01,8.00953e-02,8.55961e-02,8.45788e-02,2.64072e-01,6.52982e-02,2.37728e-01,9.61156e-02,1.29267e-01,4.69967e-01,1.90772e-01
5.21887e-01,1.64924e-01,1.16850e-01,1.62996e-01,3.66274e-01,2.48202e-01,1.54332e-01,7.61385e-02,2.93017e-01,5.26817e-01,8.12664e-02,1.00631e-01,1.06762e-01,2.77421e-01,7.03909e-02,2.56369e-01,1.03896e-01,1.27395e-01,4.92467e-01,2.01995e-01
5.69444e-01,1.67691e-01,1.11501e-01,1.79647e-01,3.61648e-01,2.38505e-01,1.59870e-01,7.77103e-02,3.27171e-01,5.39966e-01,8.20410e-02,1.18032e-01,1.35330e-01,2.89494e-01,7.55482e-02,2.78197e-01,1.11072e-01,1.23997e-01,5.13784e-01,2.14320e-01
6.05853e-01,1.69699e-01,1.07088e-01,1.98126e-01,3.54739e-01,2.28191e-01,1.64110e-01,7.94970e-02,3.58852e-01,5.52675e-01,8.25789e-02,1.38066e-01,1.67862e-01,3.00267e-01,8.06816e-02,3.02908e-01,1.17575e-01,1.19865e-01,5.33993e-01,2.27322e-01
6.30911e-01,1.71381e-01,1.03425e-01,2.18404e-01,3.46020e-01,2.17962e-01,1.67115e-01,8.16353e-02,3.86472e-01,5.64140e-01,8.29718e-02,1.61040e-01,2.01155e-01,3.09571e-01,8.57847e-02,3.29947e-01,1.23480e-01,1.15625e-01,5.53388e-01,2.40717e-01
6.46417e-01,1.73007e-01,1.00306e-01,2.40423e-01,3.35863e-01,2.08374e-01,1.69156e-01,8.42389e-02,4.09108e-01,5.73918e-01,8.33117e-02,1.87271e-01,2.32330e-01,3.17433e-01,9.09221e-02,3.58350e-01,1.29175e-01,1.11795e-01,5.72430e-01,2.54257e-01
6.55033e-01,1.74816e-01,9.76064e-02,2.63977e-01,3.24629e-01,1.99789e-01,1.70526e-01,8.74363e-02,4.26592e-01,5.81871e-01,8.36869e-02,2.17064e-01,2.59677e-01,3.24171e-01,9.62236e-02,3.86893e-01,1.35120e-01,1.08774e-01,5.91093e-01,2.67676e-01
6.59196e-01,1.76897e-01,9.51143e-02,2.88932e-01,3.12743e-01,1.92380e-01,1.71667e-01,9.13352e-02,4.39246e-01,5.88249e-01,8.41406e-02,2.50649e-01,2.82728e-01,3.30173e-01,1.01915e-01,4.14284e-01,1.41868e-01,1.06911e-01,6.09128e-01,2.80974e-01
6.60925e-01,1.79195e-01,9.27914e-02,3.15031e-01,3.00580e-01,1.86239e-01,1.72882e-01,9.61235e-02,4.47813e-01,5.93465e-01,8.47160e-02,2.88057e-01,3.02029e-01,3.36061e-01,1.08289e-01,4.39591e-01,1.49924e-01,1.06522e-01,6.26166e-01,2.94333e-01
6.61468e-01,1.81703e-01,9.05535e-02,3.42140e-01,2.88522e-01,1.81491e-01,1.74471e-01,1.01875e-01,4.53275e-01,5.98137e-01,8.54322e-02,3.29124e-01,3.18445e-01,3.42361e-01,1.15691e-01,4.62234e-01,1.59664e-01,1.07827e-01,6.41559e-01,3.08130e-01
6.61499e-01,1.84372e-01,8.83683e-02,3.70049e-01,2.76730e-01,1.78107e-01,1.76630e-01,1.08543e-01,4.56651e-01,6.02946e-01,8.62914e-02,3.73463e-01,3.33038e-01,3.49475e-01,1.24448e-01,4.82200e-01,1.71326e-01,1.11103e-01,6.55153e-01,3.22887e-01
6.61128e-01,1.87192e-01,8.62965e-02,3.98588e-01,2.65512e-01,1.76131e-01,1.79476e-01,1.16223e-01,4.58899e-01,6.08583e-01,8.73048e-02,4.20482e-01,3.46787e-01,3.57568e-01,1.34954e-01,4.99950e-01,1.84814e-01,1.16454e-01,6.67015e-01,3.39382e-01
6.60223e-01,1.90197e-01,8.43142e-02,4.27624e-01,2.54982e-01,1.75602e-01,1.83057e-01,1.24735e-01,4.60934e-01,6.15757e-01,8.84716e-02,4.69416e-01,3.60507e-01,3.66710e-01,1.47466e-01,5.16288e-01,1.99766e-01,1.23767e-01,6.77438e-01,3.58443e-01
6.58571e-01,1.93440e-01,8.24337e-02,4.56979e-01,2.45172e-01,1.76527e-01,1.87464e-01,1.33941e-01,4.63530e-01,6.25124e-01,8.97621e-02,5.19407e-01,3.74722e-01,3.76689e-01,1.62113e-01,5.32339e-01,2.15600e-01,1.32756e-01,6.87290e-01,3.81047e-01
6.56056e-01,1.97083e-01,8.06645e-02,4.86607e-01,2.36184e-01,1.79058e-01,1.92667e-01,1.43745e-01,4.67310e-01,6.37285e-01,9.12123e-02,5.69639e-01,3.89781e-01,3.87253e-01,1.78911e-01,5.49334e-01,2.31601e-01,1.42943e-01,6.97340e-01,4.08201e-01
6.52634e-01,2.01343e-01,7.90324e-02,5.16370e-01,2.28121e-01,1.83290e-01,1.98541e-01,1.53969e-01,4.72637e-01,6.52744e-01,9.28699e-02,6.19380e-01,4.05838e-01,3.97962e-01,1.97718e-01,5.68620e-01,2.47054e-01,1.53644e-01,7.08704e-01,4.40818e-01
6.48542e-01,2.06486e-01,7.75058e-02,5.46369e-01,2.20882e-01,1.89433e-01,2.04964e-01,1.64532e-01,4.79718e-01,6.71905e-01,9.46866e-02,6.68056e-01,4.22929e-01,4.08592e-01,2.18261e-01,5.91506e-01,2.61495e-01,1.64115e-01,7.22204e-01,4.79348e-01
6.43986e-01,2.12711e-01,7.61396e-02,5.76627e-01,2.14489e-01,1.97681e-01,2.11685e-01,1.75230e-01,4.88445e-01,6.94999e-01,9.67430e-02,7.15275e-01,4.41090e-01,4.18934e-01,2.40349e-01,6.18991e-01,2.74583e-01,1.73645e-01,7.38719e-01,5.23626e-01
6.39459e-01,2.20329e-01,7.49531e-02,6.07303e-01,2.08846e-01,2.08169e-01,2.18598e-01,1.86051e-01,4.98612e-01,7.22233e-01,9.91074e-02,7.60834e-01,4.60137e-01,4.29018e-01,2.63807e-01,6.51442e-01,2.86153e-01,1.81761e-01,7.58599e-01,5.73052e-01
6.35424e-01,2.29469e-01,7.38542e-02,6.38439e-01,2.03977e-01,2.21007e-01,2.25630e-01,1.96923e-01,5.09960e-01,7.53535e-01,1.01857e-01,8.04733e-01,4.80056e-01,4.39201e-01,2.88552e-01,6.88679e-01,2.96176e-01,1.88081e-01,7.82143e-01,6.26446e-01
6.32360e-01,2.40271e-01,7.28868e-02,6.70136e-01,1.99710e-01,2.36190e-01,2.32738e-01,2.07842e-01,5.22205e-01,7.88854e-01,1.05165e-01,8.47082e-01,5.00960e-01,4.50335e-01,3.14558e-01,7.29508e-01,3.04772e-01,1.92440e-01,8.09241e-01,6.82283e-01
6.30777e-01,2.52670e-01,7.20832e-02,7.02451e-01,1.96075e-01,2.53449e-01,2.40048e-01,2.18784e-01,5.35323e-01,8.27845e-01,1.09123e-01,8.88121e-01,5.23011e-01,4.63590e-01,3.41769e-01,7.72080e-01,3.12059e-01,1.94892e-01,8.39639e-01,7.38959e-01
6.31044e-01,2.66514e-01,7.13914e-02,7.35395e-01,1.93042e-01,2.72302e-01,2.47772e-01,2.29693e-01,5.49393e-01,8.70262e-01,1.13888e-01,9.28208e-01,5.46556e-01,4.80466e-01,3.70052e-01,8.14203e-01,3.18143e-01,1.95644e-01,8.72636e-01,7.94868e-01
6.33399e-01,2.81451e-01,7.07998e-02,7.68854e-01,1.90529e-01,2.92139e-01,2.56221e-01,2.40641e-01,5.64830e-01,9.15553e-01,1.19562e-01,9.67734e-01,5.72185e-01,5.02627e-01,3.99039e-01,8.53793e-01,3.23257e-01,1.94942e-01,9.07480e-01,8.48797e-01
6.38019e-01,2.97074e-01,7.03210e-02,8.02793e-01,1.88451e-01,3.12343e-01,2.65693e-01,2.51649e-01,5.82084e-01,9.63358e-01,1.26183e-01,1.00707e+00,6.00868e-01,5.31468e-01,4.28284e-01,8.89211e-01,3.27508e-01,1.93076e-01,9.43601e-01,8.99543e-01
6.44698e-01,3.12876e-01,6.99353e-02,8.37002e-01,1.86792e-01,3.32303e-01,2.76554e-01,2.62707e-01,6.01674e-01,1.01304e+00,1.33684e-01,1.04662e+00,6.33666e-01,5.67318e-01,4.57232e-01,9.19461e-01,3.31079e-01,1.90338e-01,9.80251e-01,9.46141e-01
6.53011e-01,3.28416e-01,6.96423e-02,8.71283e-01,1.85530e-01,3.51595e-01,2.89130e-01,2.73769e-01,6.23971e-01,1.06415e+00,1.41873e-01,1.08673e+00,6.71660e-01,6.09149e-01,4.85238e-01,9.44270e-01,3.34047e-01,1.86924e-01,1.01680e+00,9.87990e-01
6.62408e-01,3.43281e-01,6.94133e-02,9.05315e-01,1.84526e-01,3.69998e-01,3.03639e-01,2.84867e-01,6.49336e-01,1.11610e+00,1.50475e-01,1.12775e+00,7.15970e-01,6.54210e-01,5.11997e-01,9.63771e-01,3.36543e-01,1.83124e-01,1.05258e+00,1.02468e+00
6.72203e-01,3.57149e-01,6.92676e-02,9.38841e-01,1.83807e-01,3.87527e-01,3.20237e-01,2.96060e-01,6.77584e-01,1.16850e+00,1.59059e-01,1.16997e+00,7.66983e-01,6.98867e-01,5.37080e-01,9.78637e-01,3.38679e-01,1.79081e-01,1.08749e+00,1.05596e+00
6.81626e-01,3.69827e-01,6.91721e-02,9.71525e-01,1.83319e-01,4.04260e-01,3.38918e-01,3.07393e-01,7.08399e-01,1.22088e+00,1.67286e-01,1.21363e+00,8.24703e-01,7.39470e-01,5.60363e-01,9.89478e-01,3.40470e-01,1.74947e-01,1.12112e+00,1.08185e+00
6.89971e-01,3.81212e-01,6.91475e-02,1.00310e+00,1.83085e-01,4.20435e-01,3.59592e-01,3.18985e-01,7.41199e-01,1.27285e+00,1.74836e-01,1.25890e+00,8.87893e-01,7.73164e-01,5.81824e-01,9.97014e-01,3.42070e-01,1.70823e-01,1.15327e+00,1.10242e+00
6.96743e-01,3.91345e-01,6.91279e-02,1.03323e+00,1.83003e-01,4.36191e-01,3.81923e-01,3.30858e-01,7.75165e-01,1.32413e+00,1.81467e-01,1.30591e+00,9.54700e-01,7.98487e-01,6.01288e-01,1.00206e+00,3.43505e-01,1.66791e-01,1.18413e+00,1.11804e+00
7.01498e-01,4.00287e-01,6.90836e-02,1.06166e+00,1.83053e-01,4.51505e-01,4.05556e-01,3.43377e-01,8.09458e-01,1.37449e+00,1.87065e-01,1.35471e+00,1.02261e+00,8.15152e-01,6.18790e-01,1.00520e+00,3.44906e-01,1.62917e-01,1.21328e+00,1.12899e+00
7.04104e-01,4.08196e-01,6.91096e-02,1.08837e+00,1.83229e-01,4.66392e-01,4.29880e-01,3.56407e-01,8.43272e-01,1.42382e+00,1.91589e-01,1.40529e+00,1.08900e+00,8.23945e-01,6.34220e-01,1.00705e+00,3.46331e-01,1.59234e-01,1.24086e+00,1.13588e+00
7.04477e-01,4.15222e-01,6.91610e-02,1.11325e+00,1.83533e-01,4.80627e-01,4.54330e-01,3.70141e-01,8.75961e-01,1.47203e+00,1.95110e-01,1.45755e+00,1.15140e+00,8.25961e-01,6.47481e-01,1.00803e+00,3.47872e-01,1.55755e-01,1.26657e+00,1.13916e+00
7.02821e-01,4.21529e-01,6.92335e-02,1.13634e+00,1.83877e-01,4.93948e-01,4.78131e-01,3.84646e-01,9.07047e-01,1.51924e+00,1.97733e-01,1.51132e+00,1.20798e+00,8.22552e-01,6.58375e-01,1.00869e+00,3.49618e-01,1.52530e-01,1.29015e+00,1.13943e+00
6.99235e-01,4.27350e-01,6.93101e-02,1.15782e+00,1.84311e-01,5.06103e-01,5.00810e-01,3.99976e-01,9.36196e-01,1.56544e+00,1.99637e-01,1.56631e+00,1.25755e+00,8.15033e-01,6.66902e-01,1.00942e+00,3.51667e-01,1.49515e-01,1.31156e+00,1.13738e+00
6.94086e-01,4.32799e-01,6.93872e-02,1.17800e+00,1.84784e-01,5.16912e-01,5.21772e-01,4.16075e-01,9.63196e-01,1.61080e+00,2.00998e-01,1.62226e+00,1.29976e+00,8.04487e-01,6.72890e-01,1.01062e+00,3.54074e-01,1.46782e-01,1.33048e+00,1.13353e+00
6.87689e-01,4.38091e-01,6.94691e-02,1.19714e+00,1.85287e-01,5.26262e-01,5.40767e-01,4.32880e-01,9.88074e-01,1.65545e+00,2.02048e-01,1.67884e+00,1.33435e+00,7.91908e-01,6.76383e-01,1.01249e+00,3.56965e-01,1.44256e-01,1.34689e+00,1.12844e+00
6.80280e-01,4.43342e-01,6.95713e-02,1.21568e+00,1.85848e-01,5.34250e-01,5.57680e-01,4.50320e-01,1.01080e+00,1.69932e+00,2.02975e-01,1.73564e+00,1.36174e+00,7.77952e-01,6.77522e-01,1.01527e+00,3.60410e-01,1.42017e-01,1.36043e+00,1.12269e+00
6.72088e-01,4.48685e-01,6.97057e-02,1.23407e+00,1.86392e-01,5.41063e-01,5.72496e-01,4.68160e-01,1.03140e+00,1.74237e+00,2.04009e-01,1.79218e+00,1.38263e+00,7.63231e-01,6.76414e-01,1.01908e+00,3.64438e-01,1.39954e-01,1.37110e+00,1.11679e+00
6.63477e-01,4.54212e-01,6.98617e-02,1.25275e+00,1.86932e-01,5.46963e-01,5.85354e-01,4.86310e-01,1.05008e+00,1.78422e+00,2.05326e-01,1.84811e+00,1.39772e+00,7.48207e-01,6.73224e-01,1.02396e+00,3.69095e-01,1.38106e-01,1.37879e+00,1.11111e+00
6.54657e-01,4.60030e-01,7.00100e-02,1.27222e+00,1.87530e-01,5.52113e-01,5.96529e-01,5.04650e-01,1.06682e+00,1.82464e+00,2.07081e-01,1.90303e+00,1.40783e+00,7.33254e-01,6.68211e-01,1.02992e+00,3.74418e-01,1.36423e-01,1.38347e+00,1.10596e+00
6.45746e-01,4.66223e-01,7.01890e-02,1.29294e+00,1.88114e-01,5.56863e-01,6.06507e-01,5.23078e-01,1.08198e+00,1.86314e+00,2.09457e-01,1.95660e+00,1.41369e+00,7.18569e-01,6.61632e-01,1.03671e+00,3.80421e-01,1.34920e-01,1.38535e+00,1.10144e+00
6.36915e-01,4.72871e-01,7.03492e-02,1.31545e+00,1.88666e-01,5.61422e-01,6.15537e-01,5.41577e-01,1.09558e+00,1.89923e+00,2.12696e-01,2.00852e+00,1.41620e+00,7.04320e-01,6.53765e-01,1.04428e+00,3.87121e-01,1.33621e-01,1.38459e+00,1.09771e+00
6.28259e-01,4.80138e-01,7.05121e-02,1.34029e+00,1.89157e-01,5.65896e-01,6.24074e-01,5.60216e-01,1.10789e+00,1.93253e+00,2.16827e-01,2.05854e+00,1.41608e+00,6.90618e-01,6.44842e-01,1.05238e+00,3.94486e-01,1.32463e-01,1.38131e+00,1.09480e+00
6.19911e-01,4.88011e-01,7.06319e-02,1.36792e+00,1.89611e-01,5.70435e-01,6.32411e-01,5.79071e-01,1.11901e+00,1.96258e+00,2.22010e-01,2.10652e+00,1.41376e+00,6.77490e-01,6.35185e-01,1.06086e+00,4.02505e-01,1.31495e-01,1.37578e+00,1.09251e+00
6.11941e-01,4.96655e-01,7.07618e-02,1.39889e+00,1.90107e-01,5.74976e-01,6.40799e-01,5.98294e-01,1.12928e+00,1.98917e+00,2.28175e-01,2.15239e+00,1.41012e+00,6.65063e-01,6.24867e-01,1.06944e+00,4.11019e-01,1.30653e-01,1.36834e+00,1.09079e+00
6.04300e-01,5.06270e-01,7.09117e-02,1.43365e+00,1.90600e-01,5.79512e-01,6.49459e-01,6.18200e-01,1.13885e+00,2.01209e+00,2.35329e-01,2.19611e+00,1.40548e+00,6.53318e-01,6.14223e-01,1.07794e+00,4.19992e-01,1.29967e-01,1.35933e+00,1.08937e+00
5.97128e-01,5.17068e-01,7.10531e-02,1.47256e+00,1.91110e-01,5.83750e-01,6.58609e-01,6.39320e-01,1.14802e+00,2.03144e+00,2.43304e-01,2.23775e+00,1.40020e+00,6.42346e-01,6.03398e-01,1.08624e+00,4.29365e-01,1.29395e-01,1.34914e+00,1.08807e+00
5.90448e-01,5.29221e-01,7.12161e-02,1.51584e+00,1.91620e-01,5.87726e-01,6.68248e-01,6.61931e-01,1.15694e+00,2.04731e+00,2.51954e-01,2.27754e+00,1.39482e+00,6.32126e-01,5.92491e-01,1.09429e+00,4.39046e-01,1.28949e-01,1.33796e+00,1.08672e+00
5.84232e-01,5.42945e-01,7.13938e-02,1.56362e+00,1.92018e-01,5.91185e-01,6.78384e-01,6.86701e-01,1.16578e+00,2.05988e+00,2.61019e-01,2.31564e+00,1.38948e+00,6.22604e-01,5.81635e-01,1.10203e+00,4.49032e-01,1.28598e-01,1.32616e+00,1.08504e+00
5.78499e-01,5.58550e-01,7.16005e-02,1.61587e+00,1.92426e-01,5.94006e-01,6.89057e-01,7.14234e-01,1.17488e+00,2.06964e+00,2.70229e-01,2.35233e+00,1.38446e+00,6.13804e-01,5.71034e-01,1.10945e+00,4.59276e-01,1.28336e-01,1.31408e+00,1.08288e+00
5.73241e-01,5.76278e-01,7.18128e-02,1.67230e+00,1.92840e-01,5.96140e-01,7.00151e-01,7.44961e-01,1.18439e+00,2.07699e+00,2.79335e-01,2.38796e+00,1.37978e+00,6.05703e-01,5.60716e-01,1.11677e+00,4.69792e-01,1.28155e-01,1.30191e+00,1.08038e+00
5.68442e-01,5.96470e-01,7.20127e-02,1.73235e+00,1.93256e-01,5.97515e-01,7.11473e-01,7.79532e-01,1.19444e+00,2.08232e+00,2.88121e-01,2.42286e+00,1.37563e+00,5.98326e-01,5.50725e-01,1.12406e+00,4.80746e-01,1.28032e-01,1.28979e+00,1.07734e+00
5.64123e-01,6.19225e-01,7.22444e-02,1.79541e+00,1.93624e-01,5.98097e-01,7.22886e-01,8.18167e-01,1.20519e+00,2.08630e+00,2.96411e-01,2.45740e+00,1.37200e+00,5.91544e-01,5.41112e-01,1.13155e+00,4.92324e-01,1.27969e-01,1.27793e+00,1.07383e+00
5.60271e-01,6.44814e-01,7.24087e-02,1.86060e+00,1.94007e-01,5.97935e-01,7.34393e-01,8.61220e-01,1.21665e+00,2.08930e+00,3.04030e-01,2.49195e+00,1.36892e+00,5.85430e-01,5.31971e-01,1.13956e+00,5.04731e-01,1.27951e-01,1.26667e+00,1.06982e+00
5.56788e-01,6.73263e-01,7.25520e-02,1.92700e+00,1.94364e-01,5.97073e-01,7.45704e-01,9.08390e-01,1.22895e+00,2.09200e+00,3.10917e-01,2.52692e+00,1.36629e+00,5.79924e-01,5.23250e-01,1.14829e+00,5.18205e-01,1.27963e-01,1.25601e+00,1.06536e+00
5.53679e-01,7.04545e-01,7.26716e-02,1.99376e+00,1.94682e-01,5.95561e-01,7.56987e-01,9.59140e-01,1.24180e+00,2.09489e+00,3.17043e-01,2.56264e+00,1.36418e+00,5.74988e-01,5.15040e-01,1.15812e+00,5.33095e-01,1.28063e-01,1.24604e+00,1.06056e+00
5.51042e-01,7.38579e-01,7.27652e-02,2.06035e+00,1.94983e-01,5.93450e-01,7.68065e-01,1.01259e+00,1.25532e+00,2.09857e+00,3.22401e-01,2.59951e+00,1.36254e+00,5.70525e-01,5.07292e-01,1.16940e+00,5.49768e-01,1.28163e-01,1.23698e+00,1.05554e+00
5.48689e-01,7.74996e-01,7.28583e-02,2.12622e+00,1.95225e-01,5.90888e-01,7.79031e-01,1.06747e+00,1.26921e+00,2.10364e+00,3.26986e-01,2.63782e+00,1.36102e+00,5.66696e-01,5.00057e-01,1.18253e+00,5.68533e-01,1.28323e-01,1.22895e+00,1.05042e+00
5.46667e-01,8.13508e-01,7.29323e-02,2.19125e+00,1.95477e-01,5.87931e-01,7.90084e-01,1.12237e+00,1.28323e+00,2.11060e+00,3.30864e-01,2.67780e+00,1.35981e+00,5.63336e-01,4.93321e-01,1.19784e+00,5.89704e-01,1.28511e-01,1.22189e+00,1.04516e+00
5.44994e-01,8.53463e-01,7.30289e-02,2.25544e+00,1.95712e-01,5.84630e-01,8.01359e-01,1.17582e+00,1.29704e+00,2.12018e+00,3.34064e-01,2.71962e+00,1.35871e+00,5.60405e-01,4.87071e-01,1.21572e+00,6.13576e-01,1.28663e-01,1.21592e+00,1.03996e+00
5.43504e-01,8.94268e-01,7.31200e-02,2.31918e+00,1.95973e-01,5.81123e-01,8.13098e-01,1.22652e+00,1.31036e+00,2.13276e+00,3.36675e-01,2.76347e+00,1.35773e+00,5.57907e-01,4.81291e-01,1.23649e+00,6.40318e-01,1.28840e-01,1.21097e+00,1.03482e+00
5.42338e-01,9.35322e-01,7.32077e-02,2.38286e+00,1.96248e-01,5.77393e-01,8.25641e-01,1.27339e+00,1.32286e+00,2.14915e+00,3.38728e-01,2.80942e+00,1.35674e+00,5.55809e-01,4.75988e-01,1.26069e+00,6.70155e-01,1.29023e-01,1.20715e+00,1.03001e+00
5.41389e-01,9.75828e-01,7.32904e-02,2.44711e+00,1.96486e-01,5.73611e-01,8.39394e-01,1.31568e+00,1.33425e+00,2.16962e+00,3.40314e-01,2.85752e+00,1.35590e+00,5.54085e-01,4.71157e-01,1.28859e+00,7.03088e-01,1.29204e-01,1.20424e+00,1.02536e+00
5.40663e-01,1.01511e+00,7.33829e-02,2.51245e+00,1.96685e-01,5.69701e-01,8.54711e-01,1.35293e+00,1.34434e+00,2.19487e+00,3.41381e-01,2.90769e+00,1.35506e+00,5.52671e-01,4.66748e-01,1.32052e+00,7.39156e-01,1.29401e-01,1.20242e+00,1.02101e+00
5.40100e-01,1.05261e+00,7.34550e-02,2.57953e+00,1.96855e-01,5.65741e-01,8.71942e-01,1.38484e+00,1.35293e+00,2.22506e+00,3.42080e-01,2.95980e+00,1.35420e+00,5.51584e-01,4.62762e-01,1.35678e+00,7.78391e-01,1.29603e-01,1.20149e+00,1.01706e+00
5.39724e-01,1.08776e+00,7.35121e-02,2.64883e+00,1.97031e-01,5.61793e-01,8.91436e-01,1.41161e+00,1.35978e+00,2.26060e+00,3.42309e-01,3.01378e+00,1.35342e+00,5.50753e-01,4.59196e-01,1.39734e+00,8.20945e-01,1.29799e-01,1.20129e+00,1.01354e+00
5.39544e-01,1.12021e+00,7.35255e-02,2.72066e+00,1.97184e-01,5.57901e-01,9.13445e-01,1.43331e+00,1.36508e+00,2.30160e+00,3.42187e-01,3.06936e+00,1.35279e+00,5.50147e-01,4.55985e-01,1.44247e+00,8.67177e-01,1.30017e-01,1.20186e+00,1.01050e+00
5.39454e-01,1.14958e+00,7.35964e-02,2.79516e+00,1.97299e-01,5.54036e-01,9.38134e-01,1.45039e+00,1.36866e+00,2.34792e+00,3.41680e-01,3.12617e+00,1.35227e+00,5.49708e-01,4.53155e-01,1.49200e+00,9.17523e-01,1.30207e-01,1.20313e+00,1.00798e+00
5.39535e-01,1.17574e+00,7.36687e-02,2.87248e+00,1.97433e-01,5.50291e-01,9.65508e-01,1.46324e+00,1.37059e+00,2.39951e+00,3.40870e-01,3.18391e+00,1.35196e+00,5.49562e-01,4.50678e-01,1.54552e+00,9.72565e-01,1.30372e-01,1.20479e+00,1.00601e+00
5.39707e-01,1.19856e+00,7.37313e-02,2.95257e+00,1.97490e-01,5.46652e-01,9.95318e-01,1.47228e+00,1.37098e+00,2.45579e+00,3.39744e-01,3.24229e+00,1.35176e+00,5.49519e-01,4.48501e-01,1.60260e+00,1.03279e+00,1.30532e-01,1.20692e+00,1.00466e+00
5.39907e-01,1.21811e+00,7.37884e-02,3.03508e+00,1.97540e-01,5.43111e-01,1.02718e+00,1.47808e+00,1.37000e+00,2.51629e+00,3.38336e-01,3.30092e+00,1.35176e+00,5.49621e-01,4.46618e-01,1.66239e+00,1.09846e+00,1.30704e-01,1.20920e+00,1.00401e+00
5.40169e-01,1.23447e+00,7.38238e-02,3.11985e+00,1.97640e-01,5.39699e-01,1.06052e+00,1.48107e+00,1.36780e+00,2.58039e+00,3.36688e-01,3.35946e+00,1.35214e+00,5.49910e-01,4.45034e-01,1.72402e+00,1.16950e+00,1.30875e-01,1.21160e+00,1.00413e+00
5.40568e-01,1.24781e+00,7.38452e-02,3.20673e+00,1.98026e-01,5.36375e-01,1.09465e+00,1.48170e+00,1.36457e+00,2.64733e+00,3.34849e-01,3.41751e+00,1.35266e+00,5.50301e-01,4.43669e-01,1.78641e+00,1.24509e+00,1.31057e-01,1.21408e+00,1.00515e+00
5.41038e-01,1.25838e+00,7.38805e-02,3.29554e+00,1.98160e-01,5.33172e-01,1.12879e+00,1.48028e+00,1.36042e+00,2.71655e+00,3.32794e-01,3.47475e+00,1.35347e+00,5.50794e-01,4.42538e-01,1.84822e+00,1.32392e+00,1.31237e-01,1.21638e+00,1.00705e+00
5.41632e-01,1.26632e+00,7.39220e-02,3.38592e+00,1.98132e-01,5.30139e-01,1.16213e+00,1.47725e+00,1.35558e+00,2.78726e+00,3.30597e-01,3.53085e+00,1.35444e+00,5.51308e-01,4.41660e-01,1.90839e+00,1.40427e+00,1.31412e-01,1.21844e+00,1.01000e+00
5.42178e-01,1.27199e+00,7.39536e-02,3.47796e+00,1.98051e-01,5.27219e-01,1.19410e+00,1.47305e+00,1.35022e+00,2.85897e+00,3.28270e-01,3.58553e+00,1.35568e+00,5.51866e-01,4.40922e-01,1.96576e+00,1.48409e+00,1.31583e-01,1.22016e+00,1.01408e+00
5.42764e-01,1.27565e+00,7.39525e-02,3.57180e+00,1.98032e-01,5.24456e-01,1.22420e+00,1.46780e+00,1.34439e+00,2.93121e+00,3.25809e-01,3.63858e+00,1.35704e+00,5.52523e-01,4.40365e-01,2.01938e+00,1.56150e+00,1.31716e-01,1.22169e+00,1.01952e+00
5.43424e-01,1.27761e+00,7.39790e-02,3.66729e+00,1.98038e-01,5.21842e-01,1.25204e+00,1.46194e+00,1.33836e+00,3.00373e+00,3.23328e-01,3.68969e+00,1.35858e+00,5.53232e-01,4.39950e-01,2.06871e+00,1.63480e+00,1.31861e-01,1.22290e+00,1.02646e+00
5.44063e-01,1.27809e+00,7.40368e-02,3.76430e+00,1.98032e-01,5.19411e-01,1.27741e+00,1.45571e+00,1.33215e+00,3.07631e+00,3.20782e-01,3.73865e+00,1.36013e+00,5.53943e-01,4.39667e-01,2.11318e+00,1.70263e+00,1.32015e-01,1.22378e+00,1.03505e+00
5.44679e-01,1.27736e+00,7.40404e-02,3.86281e+00,1.98027e-01,5.17121e-01,1.30015e+00,1.44931e+00,1.32587e+00,3.14894e+00,3.18202e-01,3.78546e+00,1.36183e+00,5.54677e-01,4.39557e-01,2.15271e+00,1.76393e+00,1.32161e-01,1.22416e+00,1.04546e+00
5.45284e-01,1.27564e+00,7.40626e-02,3.96239e+00,1.98058e-01,5.14979e-01,1.32040e+00,1.44306e+00,1.31966e+00,3.22159e+00,3.15591e-01,3.83011e+00,1.36335e+00,5.55417e-01,4.39521e-01,2.18735e+00,1.81819e+00,1.32301e-01,1.22423e+00,1.05781e+00
5.45902e-01,1.27324e+00,7.40846e-02,4.06260e+00,1.98140e-01,5.13030e-01,1.33818e+00,1.43715e+00,1.31352e+00,3.29443e+00,3.13025e-01,3.87254e+00,1.36476e+00,5.56205e-01,4.39578e-01,2.21701e+00,1.86507e+00,1.32426e-01,1.22389e+00,1.07232e+00
5.46495e-01,1.27032e+00,7.40815e-02,4.16276e+00,1.98282e-01,5.11229e-01,1.35365e+00,1.43169e+00,1.30755e+00,3.36762e+00,3.10507e-01,3.91273e+00,1.36613e+00,5.56980e-01,4.39705e-01,2.24225e+00,1.90464e+00,1.32530e-01,1.22311e+00,1.08919e+00
5.47113e-01,1.26709e+00,7.41230e-02,4.26186e+00,1.98486e-01,5.09537e-01,1.36703e+00,1.42700e+00,1.30182e+00,3.44124e+00,3.08041e-01,3.95081e+00,1.36731e+00,5.57768e-01,4.39918e-01,2.26325e+00,1.93711e+00,1.32629e-01,1.22211e+00,1.10863e+00
5.47725e-01,1.26377e+00,7.41629e-02,4.35913e+00,1.98736e-01,5.07976e-01,1.37850e+00,1.42320e+00,1.29635e+00,3.51545e+00,3.05646e-01,3.98696e+00,1.36825e+00,5.58572e-01,4.40188e-01,2.28070e+00,1.96294e+00,1.32742e-01,1.22084e+00,1.13072e+00
5.48311e-01,1.26061e+00,7.41860e-02,4.45359e+00,1.98989e-01,5.06563e-01,1.38822e+00,1.42049e+00,1.29112e+00,3.59026e+00,3.03343e-01,4.02125e+00,1.36907e+00,5.59358e-01,4.40456e-01,2.29487e+00,1.98275e+00,1.32818e-01,1.21940e+00,1.15559e+00
5.48833e-01,1.25772e+00,7.41861e-02,4.54438e+00,1.99229e-01,5.05306e-01,1.39636e+00,1.41899e+00,1.28613e+00,3.66577e+00,3.01124e-01,4.05389e+00,1.36970e+00,5.60113e-01,4.40772e-01,2.30630e+00,1.99727e+00,1.32861e-01,1.21774e+00,1.18345e+00
5.49386e-01,1.25532e+00,7.41733e-02,4.63076e+00,1.99409e-01,5.04130e-01,1.40305e+00,1.41890e+00,1.28155e+00,3.74185e+00,2.98979e-01,4.08524e+00,1.37011e+00,5.60835e-01,4.41084e-01,2.31552e+00,2.00725e+00,1.32944e-01,1.21593e+00,1.21428e+00
5.49923e-01,1.25366e+00,7.41728e-02,4.71208e+00,1.99493e-01,5.03123e-01,1.40846e+00,1.42026e+00,1.27723e+00,3.81840e+00,2.96938e-01,4.11559e+00,1.37027e+00,5.61529e-01,4.41450e-01,2.32284e+00,2.01335e+00,1.33046e-01,1.21403e+00,1.24798e+00
5.50404e-01,1.25290e+00,7.41532e-02,4.78799e+00,1.99509e-01,5.02168e-01,1.41259e+00,1.42321e+00,1.27322e+00,3.89522e+00,2.94928e-01,4.14523e+00,1.37017e+00,5.62205e-01,4.41845e-01,2.32879e+00,2.01625e+00,1.33122e-01,1.21206e+00,1.28450e+00
5.50923e-01,1.25327e+00,7.41531e-02,4.85797e+00,1.99442e-01,5.01313e-01,1.41557e+00,1.42778e+00,1.26954e+00,3.97198e+00,2.92990e-01,4.17453e+00,1.36991e+00,5.62848e-01,4.42210e-01,2.33389e+00,2.01655e+00,1.33167e-01,1.21008e+00,1.32348e+00
5.51495e-01,1.25510e+00,7.41431e-02,4.92163e+00,1.99286e-01,5.00586e-01,1.41745e+00,1.43402e+00,1.26619e+00,4.04844e+00,2.91145e-01,4.20387e+00,1.36942e+00,5.63457e-01,4.42582e-01,2.33845e+00,2.01478e+00,1.33194e-01,1.20808e+00,1.36460e+00
5.52058e-01,1.25864e+00,7.41037e-02,4.97866e+00,1.99058e-01,4.99953e-01,1.41824e+00,1.44184e+00,1.26316e+00,4.12437e+00,2.89414e-01,4.23363e+00,1.36876e+00,5.64056e-01,4.42953e-01,2.34299e+00,2.01147e+00,1.33218e-01,1.20594e+00,1.40738e+00
5.52687e-01,1.26429e+00,7.40843e-02,5.02922e+00,1.98800e-01,4.99449e-01,1.41808e+00,1.45120e+00,1.26043e+00,4.19951e+00,2.87793e-01,4.26427e+00,1.36797e+00,5.64628e-01,4.43337e-01,2.34797e+00,2.00708e+00,1.33240e-01,1.20381e+00,1.45118e+00
5.53352e-01,1.27237e+00,7.40810e-02,5.07322e+00,1.98537e-01,4.98975e-01,1.41700e+00,1.46183e+00,1.25801e+00,4.27369e+00,2.86292e-01,4.29619e+00,1.36700e+00,5.65177e-01,4.43711e-01,2.35383e+00,2.00180e+00,1.33254e-01,1.20182e+00,1.49549e+00
5.54153e-01,1.28333e+00,7.40571e-02,5.11086e+00,1.98262e-01,4.98609e-01,1.41515e+00,1.47354e+00,1.25583e+00,4.34670e+00,2.84914e-01,4.32980e+00,1.36596e+00,5.65685e-01,4.44103e-01,2.36101e+00,1.99578e+00,1.33252e-01,1.19992e+00,1.53950e+00
5.55077e-01,1.29767e+00,7.40625e-02,5.14233e+00,1.97970e-01,4.98233e-01,1.41252e+00,1.48618e+00,1.25395e+00,4.41857e+00,2.83664e-01,4.36557e+00,1.36484e+00,5.66144e-01,4.44570e-01,2.36995e+00,1.98925e+00,1.33238e-01,1.19808e+00,1.58267e+00
5.56209e-01,1.31583e+00,7.40337e-02,5.16803e+00,1.97727e-01,4.97935e-01,1.40918e+00,1.49959e+00,1.25234e+00,4.48930e+00,2.82487e-01,4.40393e+00,1.36368e+00,5.66570e-01,4.45039e-01,2.38121e+00,1.98229e+00,1.33253e-01,1.19628e+00,1.62447e+00
5.57591e-01,1.33839e+00,7.39860e-02,5.18836e+00,1.97477e-01,4.97656e-01,1.40522e+00,1.51355e+00,1.25094e+00,4.55905e+00,2.81422e-01,4.44519e+00,1.36250e+00,5.66992e-01,4.45459e-01,2.39512e+00,1.97494e+00,1.33278e-01,1.19452e+00,1.66452e+00
5.59261e-01,1.36582e+00,7.39375e-02,5.20383e+00,1.97202e-01,4.97466e-01,1.40068e+00,1.52779e+00,1.24984e+00,4.62814e+00,2.80470e-01,4.48980e+00,1.36131e+00,5.67333e-01,4.45882e-01,2.41214e+00,1.96723e+00,1.33300e-01,1.19302e+00,1.70243e+00
5.61300e-01,1.39852e+00,7.39119e-02,5.21510e+00,1.96933e-01,4.97306e-01,1.39571e+00,1.54202e+00,1.24888e+00,4.69692e+00,2.79543e-01,4.53812e+00,1.36011e+00,5.67620e-01,4.46318e-01,2.43251e+00,1.95924e+00,1.33309e-01,1.19159e+00,1.73805e+00
5.63748e-01,1.43693e+00,7.38974e-02,5.22275e+00,1.96649e-01,4.97261e-01,1.39034e+00,1.55624e+00,1.24808e+00,4.76590e+00,2.78696e-01,4.59041e+00,1.35896e+00,5.67863e-01,4.46731e-01,2.45663e+00,1.95092e+00,1.33296e-01,1.19026e+00,1.77116e+00
5.66779e-01,1.48116e+00,7.38585e-02,5.22716e+00,1.96386e-01,4.97231e-01,1.38463e+00,1.57019e+00,1.24747e+00,4.83562e+00,2.77935e-01,4.64701e+00,1.35783e+00,5.68108e-01,4.47116e-01,2.48436e+00,1.94238e+00,1.33256e-01,1.18889e+00,1.80197e+00
5.70385e-01,1.53133e+00,7.37971e-02,5.22908e+00,1.96143e-01,4.97268e-01,1.37867e+00,1.58391e+00,1.24697e+00,4.90669e+00,2.77281e-01,4.70815e+00,1.35674e+00,5.68381e-01,4.47506e-01,2.51571e+00,1.93356e+00,1.33201e-01,1.18762e+00,1.83055e+00
5.74694e-01,1.58725e+00,7.37676e-02,5.22906e+00,1.95942e-01,4.97272e-01,1.37248e+00,1.59728e+00,1.24669e+00,4.97971e+00,2.76737e-01,4.77401e+00,1.35569e+00,5.68692e-01,4.47860e-01,2.55028e+00,1.92450e+00,1.33159e-01,1.18645e+00,1.85703e+00
5.79716e-01,1.64860e+00,7.37398e-02,5.22767e+00,1.95746e-01,4.97264e-01,1.36615e+00,1.61033e+00,1.24644e+00,5.05534e+00,2.76239e-01,4.84485e+00,1.35468e+00,5.68990e-01,4.48204e-01,2.58748e+00,1.91514e+00,1.33127e-01,1.18545e+00,1.88177e+00
5.85453e-01,1.71461e+00,7.37188e-02,5.22527e+00,1.95510e-01,4.97291e-01,1.35982e+00,1.62324e+00,1.24636e+00,5.13410e+00,2.75837e-01,4.92063e+00,1.35375e+00,5.69262e-01,4.48569e-01,2.62680e+00,1.90556e+00,1.33095e-01,1.18451e+00,1.90522e+00
5.91820e-01,1.78457e+00,7.37066e-02,5.22222e+00,1.95287e-01,4.97350e-01,1.35341e+00,1.63607e+00,1.24638e+00,5.21654e+00,2.75444e-01,5.00131e+00,1.35289e+00,5.69517e-01,4.48917e-01,2.66725e+00,1.89589e+00,1.33034e-01,1.18369e+00,1.92770e+00
5.98742e-01,1.85761e+00,7.36621e-02,5.21914e+00,1.95099e-01,4.97385e-01,1.34694e+00,1.64888e+00,1.24647e+00,5.30301e+00,2.75069e-01,5.08707e+00,1.35214e+00,5.69761e-01,4.49237e-01,2.70809e+00,1.88613e+00,1.32960e-01,1.18296e+00,1.94956e+00
6.05997e-01,1.93260e+00,7.35937e-02,5.21646e+00,1.94950e-01,4.97443e-01,1.34050e+00,1.66191e+00,1.24662e+00,5.39377e+00,2.74738e-01,5.17770e+00,1.35143e+00,5.69977e-01,4.49557e-01,2.74822e+00,1.87632e+00,1.32915e-01,1.18231e+00,1.97133e+00
6.13365e-01,2.00858e+00,7.35499e-02,5.21451e+00,1.94802e-01,4.97489e-01,1.33416e+00,1.67535e+00,1.24684e+00,5.48880e+00,2.74477e-01,5.27295e+00,1.35080e+00,5.70163e-01,4.49876e-01,2.78692e+00,1.86647e+00,1.32879e-01,1.18168e+00,1.99356e+00
6.20573e-01,2.08476e+00,7.34853e-02,5.21371e+00,1.94636e-01,4.97577e-01,1.32790e+00,1.68949e+00,1.24707e+00,5.58811e+00,2.74293e-01,5.37265e+00,1.35027e+00,5.70327e-01,4.50192e-01,2.82341e+00,1.85670e+00,1.32839e-01,1.18113e+00,2.01664e+00
6.27339e-01,2.16032e+00,7.34098e-02,5.21446e+00,1.94440e-01,4.97662e-01,1.32177e+00,1.70451e+00,1.24733e+00,5.69117e+00,2.74158e-01,5.47650e+00,1.34982e+00,5.70457e-01,4.50499e-01,2.85715e+00,1.84708e+00,1.32773e-01,1.18060e+00,2.04111e+00
6.33437e-01,2.23458e+00,7.33444e-02,5.21721e+00,1.94221e-01,4.97734e-01,1.31577e+00,1.72076e+00,1.24767e+00,5.79781e+00,2.74069e-01,5.58457e+00,1.34945e+00,5.70592e-01,4.50766e-01,2.88790e+00,1.83768e+00,1.32675e-01,1.18007e+00,2.06764e+00
6.38638e-01,2.30726e+00,7.39349e-02,5.22220e+00,1.95061e-01,4.97815e-01,1.30996e+00,1.73853e+00,1.24844e+00,5.90686e+00,2.74028e-01,5.69545e+00,1.34914e+00,5.70714e-01,4.51021e-01,2.91515e+00,1.82850e+00,1.33210e-01,1.17958e+00,2.09666e+00
6.42790e-01,2.37861e+00,7.50814e-02,5.22984e+00,1.96061e-01,4.97850e-01,1.30432e+00,1.75818e+00,1.24928e+00,6.01880e+00,2.74015e-01,5.80970e+00,1.34886e+00,5.70788e-01,4.51273e-01,2.93910e+00,1.81954e+00,1.33349e-01,1.17911e+00,2.12852e+00
6.45770e-01,2.44705e+00,7.65825e-02,5.24059e+00,1.96922e-01,4.97887e-01,1.29886e+00,1.77996e+00,1.25081e+00,6.13260e+00,2.74020e-01,5.92575e+00,1.34865e+00,5.70819e-01,4.51508e-01,2.95957e+00,1.81086e+00,1.33482e-01,1.17875e+00,2.16375e+00
6.47603e-01,2.51347e+00,7.82686e-02,5.25480e+00,1.98325e-01,4.97963e-01,1.29363e+00,1.80436e+00,1.25321e+00,6.24629e+00,2.74032e-01,6.04352e+00,1.34855e+00,5.71643e-01,4.51713e-01,2.97681e+00,1.80253e+00,1.33747e-01,1.17842e+00,2.20255e+00
6.48246e-01,2.57807e+00,7.96933e-02,5.27281e+00,1.99932e-01,4.98036e-01,1.28862e+00,1.83154e+00,1.25557e+00,6.36015e+00,2.74042e-01,6.16241e+00,1.34847e+00,5.72144e-01,4.51902e-01,2.99115e+00,1.79456e+00,1.34167e-01,1.17814e+00,2.24487e+00
6.47800e-01,2.64101e+00,8.07173e-02,5.29497e+00,2.01551e-01,4.98098e-01,1.28385e+00,1.86186e+00,1.25787e+00,6.47273e+00,2.74064e-01,6.28183e+00,1.34845e+00,5.72493e-01,4.52082e-01,3.00270e+00,1.78696e+00,1.34643e-01,1.17779e+00,2.29081e+00
6.46429e-01,2.70248e+00,8.14619e-02,5.32160e+00,2.03284e-01,4.98152e-01,1.27931e+00,1.89552e+00,1.26018e+00,6.58245e+00,2.74092e-01,6.40129e+00,1.34851e+00,5.72926e-01,4.52260e-01,3.01190e+00,1.77973e+00,1.35133e-01,1.17745e+00,2.33976e+00
6.44157e-01,2.76248e+00,8.19962e-02,5.35315e+00,2.05030e-01,4.98209e-01,1.27496e+00,1.93294e+00,1.26231e+00,6.68822e+00,2.74134e-01,6.52037e+00,1.34865e+00,5.73447e-01,4.52437e-01,3.01906e+00,1.77303e+00,1.35594e-01,1.17714e+00,2.39128e+00
6.41190e-01,2.82110e+00,8.23254e-02,5.38988e+00,2.06581e-01,4.98261e-01,1.27082e+00,1.97383e+00,1.26437e+00,6.78959e+00,2.74205e-01,6.63853e+00,1.34888e+00,5.73970e-01,4.52604e-01,3.02427e+00,1.76672e+00,1.35989e-01,1.17686e+00,2.44444e+00
6.37702e-01,2.87835e+00,8.25157e-02,5.43185e+00,2.07898e-01,4.98304e-01,1.26694e+00,2.01835e+00,1.26614e+00,6.88598e+00,2.74272e-01,6.75539e+00,1.34920e+00,5.74458e-01,4.52761e-01,3.02792e+00,1.76087e+00,1.36339e-01,1.17658e+00,2.49830e+00
6.33785e-01,2.93434e+00,8.25767e-02,5.47926e+00,2.09757e-01,4.98333e-01,1.26324e+00,2.06615e+00,1.26846e+00,6.97703e+00,2.74333e-01,6.87071e+00,1.34962e+00,5.74887e-01,4.52906e-01,3.03042e+00,1.75550e+00,1.36641e-01,1.17629e+00,2.55189e+00
6.29525e-01,2.98922e+00,8.25040e-02,5.53214e+00,2.11270e-01,4.98336e-01,1.25977e+00,2.11700e+00,1.27115e+00,7.06269e+00,2.74409e-01,6.98440e+00,1.35001e+00,5.75269e-01,4.53046e-01,3.03178e+00,1.75141e+00,1.37392e-01,1.17594e+00,2.60395e+00
6.25101e-01,3.04307e+00,8.23243e-02,5.59009e+00,2.12787e-01,4.98313e-01,1.25651e+00,2.17031e+00,1.27439e+00,7.14246e+00,2.74504e-01,7.09628e+00,1.35039e+00,5.75645e-01,4.53165e-01,3.03212e+00,1.74727e+00,1.37747e-01,1.17564e+00,2.65376e+00
6.20589e-01,3.09606e+00,8.20315e-02,5.65281e+00,2.14607e-01,4.98285e-01,1.25349e+00,2.22571e+00,1.27813e+00,7.21679e+00,2.74587e-01,7.20614e+00,1.35069e+00,5.76034e-01,4.53256e-01,3.03167e+00,1.74340e+00,1.38002e-01,1.17539e+00,2.70050e+00
6.16039e-01,3.14822e+00,8.16240e-02,5.72002e+00,2.16726e-01,4.98253e-01,1.25068e+00,2.28269e+00,1.28203e+00,7.28563e+00,2.74657e-01,7.31409e+00,1.35092e+00,5.76400e-01,4.53319e-01,3.03066e+00,1.73974e+00,1.38238e-01,1.17507e+00,2.74347e+00
6.11561e-01,3.19971e+00,8.11162e-02,5.79095e+00,2.19315e-01,4.98216e-01,1.24812e+00,2.34034e+00,1.28604e+00,7.34933e+00,2.74711e-01,7.42039e+00,1.35105e+00,5.76717e-01,4.53349e-01,3.02917e+00,1.73635e+00,1.38415e-01,1.17471e+00,2.78228e+00
6.07214e-01,3.25072e+00,8.05727e-02,5.86485e+00,2.22507e-01,4.98165e-01,1.24576e+00,2.39816e+00,1.29010e+00,7.40843e+00,2.74753e-01,7.52528e+00,1.35115e+00,5.76967e-01,4.53353e-01,3.02739e+00,1.73340e+00,1.38555e-01,1.17435e+00,2.81685e+00
6.03027e-01,3.30141e+00,7.99708e-02,5.94110e+00,2.26169e-01,4.98122e-01,1.24356e+00,2.45566e+00,1.29424e+00,7.46323e+00,2.74807e-01,7.62912e+00,1.35122e+00,5.77169e-01,4.53337e-01,3.02527e+00,1.73072e+00,1.38607e-01,1.17393e+00,2.84707e+00
5.99070e-01,3.35196e+00,7.93536e-02,6.01899e+00,2.29944e-01,4.98089e-01,1.24152e+00,2.51246e+00,1.29858e+00,7.51381e+00,2.74907e-01,7.73228e+00,1.35127e+00,5.77329e-01,4.53277e-01,3.02292e+00,1.72840e+00,1.38567e-01,1.17351e+00,2.87308e+00
5.95360e-01,3.40256e+00,7.87474e-02,6.09761e+00,2.33228e-01,4.98054e-01,1.23965e+00,2.56823e+00,1.30316e+00,7.56092e+00,2.74977e-01,7.83525e+00,1.35130e+00,5.77422e-01,4.53185e-01,3.02034e+00,1.72647e+00,1.38498e-01,1.17313e+00,2.89521e+00
5.91893e-01,3.45340e+00,7.81556e-02,6.17646e+00,2.35710e-01,4.97999e-01,1.23793e+00,2.62281e+00,1.30798e+00,7.60447e+00,2.75018e-01,7.93853e+00,1.35130e+00,5.77475e-01,4.53082e-01,3.01758e+00,1.72493e+00,1.38367e-01,1.17274e+00,2.91354e+00
5.88668e-01,3.50472e+00,7.76032e-02,6.25455e+00,2.37177e-01,4.97935e-01,1.23636e+00,2.67614e+00,1.31288e+00,7.64498e+00,2.75064e-01,8.04259e+00,1.35128e+00,5.77470e-01,4.52976e-01,3.01463e+00,1.72369e+00,1.38254e-01,1.17235e+00,2.92864e+00
5.85770e-01,3.55671e+00,7.71066e-02,6.33176e+00,2.37712e-01,4.97859e-01,1.23495e+00,2.72824e+00,1.31773e+00,7.68269e+00,2.75105e-01,8.14796e+00,1.35121e+00,5.77388e-01,4.52845e-01,3.01153e+00,1.72271e+00,1.38154e-01,1.17200e+00,2.94082e+00
5.83122e-01,3.60961e+00,7.66617e-02,6.40772e+00,2.37564e-01,4.97776e-01,1.23369e+00,2.77926e+00,1.32236e+00,7.71769e+00,2.75146e-01,8.25498e+00,1.35110e+00,5.77244e-01,4.52692e-01,3.00831e+00,1.72202e+00,1.38077e-01,1.17168e+00,2.95040e+00
5.80733e-01,3.66362e+00,7.62856e-02,6.48210e+00,2.36981e-01,4.97666e-01,1.23257e+00,2.82956e+00,1.32665e+00,7.75056e+00,2.75155e-01,8.36393e+00,1.35093e+00,5.77043e-01,4.52526e-01,3.00498e+00,1.72155e+00,1.38025e-01,1.17130e+00,2.95791e+00
5.78609e-01,3.71904e+00,7.59667e-02,6.55521e+00,2.36139e-01,4.97532e-01,1.23156e+00,2.87934e+00,1.33050e+00,7.78124e+00,2.75163e-01,8.47523e+00,1.35068e+00,5.76756e-01,4.52342e-01,3.00161e+00,1.72131e+00,1.37993e-01,1.17087e+00,2.96351e+00
5.76687e-01,3.77602e+00,7.56602e-02,6.62712e+00,2.35113e-01,4.97385e-01,1.23066e+00,2.92911e+00,1.33391e+00,7.81037e+00,2.75184e-01,8.58914e+00,1.35039e+00,5.76404e-01,4.52162e-01,2.99822e+00,1.72124e+00,1.37962e-01,1.17042e+00,2.96768e+00
5.74972e-01,3.83488e+00,7.53653e-02,6.69805e+00,2.33900e-01,4.97224e-01,1.22985e+00,2.97920e+00,1.33676e+00,7.83789e+00,2.75194e-01,8.70579e+00,1.35005e+00,5.75970e-01,4.51989e-01,2.99486e+00,1.72135e+00,1.37958e-01,1.16991e+00,2.97054e+00
5.73426e-01,3.89589e+00,7.51014e-02,6.76838e+00,2.32428e-01,4.97051e-01,1.22913e+00,3.02984e+00,1.33912e+00,7.86443e+00,2.75207e-01,8.82544e+00,1.34967e+00,5.75484e-01,4.51818e-01,2.99147e+00,1.72163e+00,1.37987e-01,1.16937e+00,2.97236e+00
5.72111e-01,3.95930e+00,7.48511e-02,6.83803e+00,2.30694e-01,4.96883e-01,1.22852e+00,3.08156e+00,1.34090e+00,7.88980e+00,2.75227e-01,8.94802e+00,1.34925e+00,5.74940e-01,4.51651e-01,2.98814e+00,1.72210e+00,1.38004e-01,1.16883e+00,2.97336e+00
5.70919e-01,4.02535e+00,7.45936e-02,6.90766e+00,2.28717e-01,4.96705e-01,1.22800e+00,3.13457e+00,1.34226e+00,7.91470e+00,2.75260e-01,9.07359e+00,1.34885e+00,5.74337e-01,4.51497e-01,2.98490e+00,1.72269e+00,1.38062e-01,1.16831e+00,2.97376e+00
5.69862e-01,4.09421e+00,7.43273e-02,6.97739e+00,2.26498e-01,4.96541e-01,1.22754e+00,3.18893e+00,1.34312e+00,7.93895e+00,2.75305e-01,9.20218e+00,1.34841e+00,5.73713e-01,4.51333e-01,2.98183e+00,1.72335e+00,1.38176e-01,1.16777e+00,2.97368e+00
5.68940e-01,4.16616e+00,7.40744e-02,7.04732e+00,2.24054e-01,4.96389e-01,1.22717e+00,3.24493e+00,1.34360e+00,7.96299e+00,2.75351e-01,9.33353e+00,1.34792e+00,5.73066e-01,4.51160e-01,2.97895e+00,1.72406e+00,1.38314e-01,1.16723e+00,2.97326e+00
5.68053e-01,4.24131e+00,7.38331e-02,7.11751e+00,2.21467e-01,4.96257e-01,1.22687e+00,3.30261e+00,1.34366e+00,7.98695e+00,2.75393e-01,9.46733e+00,1.34742e+00,5.72383e-01,4.50998e-01,2.97628e+00,1.72480e+00,1.38524e-01,1.16671e+00,2.97249e+00
5.67248e-01,4.31975e+00,7.35914e-02,7.18789e+00,2.18836e-01,4.96121e-01,1.22662e+00,3.36176e+00,1.34341e+00,8.01099e+00,2.75407e-01,9.60360e+00,1.34692e+00,5.71702e-01,4.50824e-01,2.97387e+00,1.72558e+00,1.38785e-01,1.16624e+00,2.97156e+00
5.66455e-01,4.40171e+00,7.33592e-02,7.25834e+00,2.16171e-01,4.95936e-01,1.22644e+00,3.42226e+00,1.34282e+00,8.03522e+00,2.75393e-01,9.74200e+00,1.34638e+00,5.71019e-01,4.50641e-01,2.97189e+00,1.72636e+00,1.39086e-01,1.16579e+00,2.97046e+00
5.65650e-01,4.48715e+00,7.31352e-02,7.32860e+00,2.13531e-01,4.95736e-01,1.22628e+00,3.48364e+00,1.34199e+00,8.05980e+00,2.75368e-01,9.88209e+00,1.34580e+00,5.70338e-01,4.50457e-01,2.97025e+00,1.72711e+00,1.39409e-01,1.16545e+00,2.96938e+00
5.64841e-01,4.57634e+00,7.29393e-02,7.39859e+00,2.11009e-01,4.95523e-01,1.22616e+00,3.54572e+00,1.34090e+00,8.08473e+00,2.75345e-01,1.00235e+01,1.34517e+00,5.69676e-01,4.50274e-01,2.96918e+00,1.72782e+00,1.39743e-01,1.16514e+00,2.96824e+00
5.64032e-01,4.66911e+00,7.27451e-02,7.46814e+00,2.08583e-01,4.95292e-01,1.22607e+00,3.60812e+00,1.33962e+00,8.11001e+00,2.75318e-01,1.01662e+01,1.34452e+00,5.69021e-01,4.50091e-01,2.96869e+00,1.72853e+00,1.40066e-01,1.16494e+00,2.96713e+00
5.63185e-01,4.76554e+00,7.25498e-02,7.53705e+00,2.06275e-01,4.95050e-01,1.22600e+00,3.66991e+00,1.33813e+00,8.13572e+00,2.75289e-01,1.03095e+01,1.34385e+00,5.68393e-01,4.49884e-01,2.96890e+00,1.72921e+00,1.40369e-01,1.16489e+00,2.96612e+00
5.62291e-01,4.86562e+00,7.23490e-02,7.60528e+00,2.04113e-01,4.94773e-01,1.22597e+00,3.73086e+00,1.33654e+00,8.16189e+00,2.75248e-01,1.04530e+01,1.34316e+00,5.67804e-01,4.49659e-01,2.96999e+00,1.72986e+00,1.40650e-01,1.16492e+00,2.96516e+00
5.61410e-01,4.96915e+00,7.21612e-02,7.67276e+00,2.02155e-01,4.94508e-01,1.22594e+00,3.79043e+00,1.33486e+00,8.18833e+00,2.75215e-01,1.05963e+01,1.34244e+00,5.67285e-01,4.49451e-01,2.97197e+00,1.73045e+00,1.40889e-01,1.16503e+00,2.96422e+00
5.60500e-01,5.07591e+00,7.19864e-02,7.73949e+00,2.00370e-01,4.94237e-01,1.22591e+00,3.84804e+00,1.33315e+00,8.21506e+00,2.75193e-01,1.07390e+01,1.34170e+00,5.66831e-01,4.49246e-01,2.97494e+00,1.73098e+00,1.41072e-01,1.16523e+00,2.96338e+00
5.59570e-01,5.18572e+00,7.18139e-02,7.80591e+00,1.98715e-01,4.93976e-01,1.22593e+00,3.90329e+00,1.33139e+00,8.24193e+00,2.75153e-01,1.08805e+01,1.34096e+00,5.66435e-01,4.49034e-01,2.97913e+00,1.73151e+00,1.41198e-01,1.16549e+00,2.96261e+00
5.58651e-01,5.29820e+00,7.16451e-02,7.87226e+00,1.97210e-01,4.93730e-01,1.22597e+00,3.95581e+00,1.32966e+00,8.26886e+00,2.75083e-01,1.10203e+01,1.34024e+00,5.66075e-01,4.48812e-01,2.98478e+00,1.73204e+00,1.41244e-01,1.16577e+00,2.96191e+00
5.57732e-01,5.41292e+00,7.15038e-02,7.93894e+00,1.95864e-01,4.93463e-01,1.22597e+00,4.00516e+00,1.32796e+00,8.29559e+00,2.75000e-01,1.11580e+01,1.33942e+00,5.65785e-01,4.48591e-01,2.99198e+00,1.73259e+00,1.41213e-01,1.16607e+00,2.96133e+00
5.56832e-01,5.52938e+00,7.13683e-02,8.00656e+00,1.94627e-01,4.93165e-01,1.22595e+00,4.05151e+00,1.32627e+00,8.32194e+00,2.74904e-01,1.12933e+01,1.33863e+00,5.65545e-01,4.48373e-01,3.00082e+00,1.73318e+00,1.41118e-01,1.16635e+00,2.96077e+00
5.55947e-01,5.64701e+00,7.12437e-02,8.07554e+00,1.93530e-01,4.92864e-01,1.22595e+00,4.09428e+00,1.32459e+00,8.34774e+00,2.74813e-01,1.14258e+01,1.33781e+00,5.65354e-01,4.48165e-01,3.01157e+00,1.73384e+00,1.40925e-01,1.16654e+00,2.96034e+00
5.55073e-01,5.76520e+00,7.11449e-02,8.14639e+00,1.92528e-01,4.92593e-01,1.22596e+00,4.13346e+00,1.32293e+00,8.37288e+00,2.74723e-01,1.15550e+01,1.33699e+00,5.65207e-01,4.47957e-01,3.02447e+00,1.73459e+00,1.40645e-01,1.16656e+00,2.95996e+00
5.54239e-01,5.88323e+00,7.11364e-02,8.21975e+00,1.93032e-01,4.92359e-01,1.22600e+00,4.16926e+00,1.32128e+00,8.39708e+00,2.74636e-01,1.16807e+01,1.33618e+00,5.65081e-01,4.47738e-01,3.03979e+00,1.73541e+00,1.40267e-01,1.16650e+00,2.95965e+00
5.53417e-01,6.00027e+00,8.10699e-02,8.29614e+00,2.22877e-01,4.92116e-01,1.22601e+00,4.20159e+00,1.31962e+00,8.42013e+00,2.74573e-01,1.18029e+01,1.33544e+00,5.64969e-01,4.47507e-01,3.05748e+00,1.73632e+00,1.39811e-01,1.16631e+00,2.95943e+00
5.52608e-01,6.11567e+00,1.40165e-01,8.37573e+00,7.16442e-01,4.91859e-01,1.22599e+00,4.23055e+00,1.31795e+00,8.44399e+00,2.74517e-01,1.19214e+01,1.33469e+00,5.64878e-01,4.47265e-01,3.07782e+00,1.73733e+00,1.39304e-01,1.16601e+00,2.95922e+00
5.51847e-01,6.23340e+00,2.75420e-01,8.46063e+00,4.28849e+00,4.97056e-01,1.23070e+00,4.25896e+00,1.31624e+00,8.46832e+00,2.74981e-01,1.20378e+01,1.33394e+00,5.64854e-01,4.50471e-01,3.10097e+00,1.73848e+00,1.38742e-01,1.16554e+00,2.95905e+00
5.51073e-01,6.35608e+00,4.53404e-01,8.56018e+00,1.34461e+01,5.19019e-01,1.26923e+00,4.30291e+00,1.31681e+00,8.49773e+00,2.78809e-01,1.21515e+01,1.33321e+00,5.65008e-01,4.55357e-01,3.12682e+00,1.74123e+00,1.38229e-01,1.17880e+00,2.95887e+00
5.53779e-01,6.47236e+00,6.49043e-01,8.67733e+00,2.27396e+01,5.51035e-01,1.67441e+00,4.35449e+00,1.32119e+00,8.53156e+00,2.84735e-01,1.22621e+01,1.33330e+00,5.68679e-01,4.58307e-01,3.15895e+00,1.74737e+00,1.40655e-01,1.19751e+00,2.96378e+00
5.57645e-01,6.57598e+00,9.12337e-01,8.80938e+00,3.28089e+01,6.04398e-01,2.19230e+00,4.38724e+00,1.32532e+00,8.57143e+00,2.91778e-01,1.23705e+01,1.33752e+00,5.74564e-01,4.61130e-01,3.19748e+00,1.75427e+00,1.41673e-01,1.22199e+00,2.97573e+00
5.60983e-01,6.67975e+00,1.27100e+00,8.93447e+00,5.08467e+01,6.66399e-01,2.28893e+00,4.41058e+00,1.32928e+00,8.61557e+00,2.96993e-01,1.24768e+01,1.34267e+00,5.80145e-01,4.65111e-01,3.24225e+00,1.76087e+00,1.42971e-01,1.24266e+00,2.98972e+00
5.62742e-01,6.78317e+00,1.58349e+00,9.04965e+00,7.85044e+01,7.18149e-01,2.25182e+00,4.42796e+00,1.33362e+00,8.66141e+00,3.00346e-01,1.25812e+01,1.34783e+00,5.85974e-01,4.69976e-01,3.29557e+00,1.76633e+00,1.45925e-01,1.25917e+00,3.01413e+00
5.64161e-01,6.88339e+00,1.73570e+00,9.16539e+00,9.03922e+01,7.64406e-01,2.22724e+00,4.43880e+00,1.33772e+00,8.70685e+00,3.02731e-01,1.26843e+01,1.35609e+00,5.92479e-01,4.74900e-01,3.35710e+00,1.77085e+00,1.51434e-01,1.27326e+00,3.04836e+00
5.66801e-01,6.97818e+00,1.71861e+00,9.28888e+00,8.39758e+01,8.41893e-01,2.23882e+00,4.44498e+00,1.34102e+00,8.75010e+00,3.04721e-01,1.27870e+01,1.36467e+00,5.99287e-01,4.79492e-01,3.42436e+00,1.77485e+00,1.60394e-01,1.28638e+00,3.08254e+00
5.71325e-01,7.07321e+00,1.58133e+00,9.42267e+00,6.95529e+01,1.01324e+00,2.27614e+00,4.44873e+00,1.34372e+00,8.78840e+00,3.06852e-01,1.28924e+01,1.36982e+00,6.05973e-01,4.83709e-01,3.50052e+00,1.77845e+00,1.74098e-01,1.29898e+00,3.10919e+00
5.77637e-01,7.15840e+00,1.38614e+00,9.56895e+00,5.43905e+01,1.37187e+00,2.31127e+00,4.45114e+00,1.34627e+00,8.82017e+00,3.11074e-01,1.29984e+01,1.37176e+00,6.12162e-01,4.90294e-01,3.58808e+00,1.78197e+00,1.97540e-01,1.31146e+00,3.12780e+00
5.85182e-01,7.23739e+00,1.18123e+00,9.73151e+00,4.15097e+01,1.94440e+00,2.33334e+00,4.45497e+00,1.34926e+00,8.84730e+00,3.23041e-01,1.31068e+01,1.37231e+00,6.18275e-01,4.96595e-01,3.68244e+00,1.78548e+00,7.27901e-01,1.32365e+00,3.14298e+00
5.93365e-01,7.55968e+00,9.93568e-01,9.93465e+00,3.15061e+01,2.63568e+00,2.40394e+00,4.46912e+00,1.35320e+00,8.87681e+00,3.48474e-01,1.32213e+01,1.37339e+00,6.25025e-01,5.03269e-01,3.77347e+00,1.78906e+00,8.52363e+00,1.35595e+00,3.15641e+00
6.01913e-01,7.94219e+00,8.35779e-01,1.02698e+01,2.40443e+01,3.65358e+00,2.77298e+00,4.49778e+00,1.35888e+00,8.91019e+00,4.37427e-01,1.33395e+01,1.37589e+00,6.33645e-01,5.21624e-01,3.86068e+00,1.79378e+00,1.82363e+01,1.41717e+00,3.17018e+00
6.13561e-01,9.10128e+00,7.06793e-01,1.09887e+01,1.85887e+01,5.31654e+00,3.55015e+00,4.56638e+00,1.36713e+00,8.96814e+00,7.90502e-01,1.34648e+01,1.38006e+00,6.44497e-01,5.63096e-01,3.95299e+00,1.79947e+00,2.04206e+01,1.52961e+00,3.18498e+00
6.26220e-01,1.05933e+01,6.04472e-01,1.21909e+01,1.45889e+01,7.58289e+00,4.66449e+00,4.81867e+00,1.37841e+00,9.05018e+00,1.63583e+00,1.35904e+01,1.38677e+00,6.57447e-01,5.96688e-01,4.06992e+00,1.80692e+00,1.91015e+01,2.05783e+00,3.19989e+00
6.40565e-01,1.27425e+01,5.42964e-01,1.33043e+01,1.18586e+01,1.10831e+01,6.31158e+00,5.16439e+00,1.39308e+00,9.16957e+00,2.45130e+00,1.37211e+01,1.39645e+00,6.72830e-01,6.24842e-01,4.23253e+00,1.81465e+00,1.68764e+01,4.86020e+00,3.21705e+00
6.54073e-01,1.63537e+01,5.03583e-01,1.39658e+01,1.02366e+01,1.58929e+01,7.99236e+00,5.28279e+00,1.40934e+00,9.32161e+00,2.86914e+00,1.38570e+01,1.40758e+00,6.87373e-01,6.59669e-01,4.45900e+00,1.82265e+00,1.45618e+01,9.92220e+00,3.23548e+00
6.67173e-01,2.03090e+01,4.77821e-01,1.42937e+01,9.02078e+00,2.07300e+01,1.00504e+01,5.28960e+00,1.42705e+00,9.48465e+00,2.98193e+00,1.39993e+01,1.41984e+00,7.01997e-01,6.96227e-01,4.77721e+00,1.83065e+00,1.24245e+01,1.46275e+01,3.25651e+00
6.81605e-01,2.38984e+01,4.48304e-01,1.47935e+01,8.24707e+00,2.36147e+01,1.17869e+01,5.27737e+00,1.44559e+00,9.64023e+00,2.94363e+00,1.41508e+01,1.43350e+00,7.17580e-01,7.27351e-01,5.24675e+00,1.83846e+00,1.05444e+01,1.76433e+01,3.27936e+00
6.98702e-01,2.67436e+01,4.16820e-01,1.56721e+01,7.71676e+00,2.32854e+01,1.26506e+01,5.27276e+00,1.46376e+00,9.77869e+00,2.92170e+00,1.43158e+01,1.44703e+00,7.33352e-01,7.53728e-01,5.82949e+00,1.84600e+00,8.93387e+00,1.87044e+01,3.30324e+00
7.18368e-01,2.86549e+01,3.88097e-01,1.69712e+01,7.21832e+00,2.05231e+01,1.27533e+01,5.28899e+00,1.48052e+00,9.89703e+00,2.98435e+00,1.44974e+01,1.45892e+00,7.49392e-01,7.82468e-01,6.35476e+00,1.85297e+00,7.57679e+00,1.78517e+01,3.32719e+00
7.39828e-01,3.01041e+01,3.63673e-01,1.87870e+01,6.65221e+00,1.69424e+01,1.22553e+01,5.32798e+00,1.49543e+00,9.99721e+00,3.08176e+00,1.46984e+01,1.46914e+00,7.65753e-01,8.21235e-01,6.67216e+00,1.85897e+00,6.44425e+00,1.59682e+01,3.35057e+00
7.62163e-01,3.17821e+01,3.43037e-01,2.12173e+01,6.01085e+00,1.35886e+01,1.12718e+01,5.39810e+00,1.50796e+00,1.00843e+01,3.15271e+00,1.49191e+01,1.47859e+00,7.83477e-01,8.74924e-01,6.76072e+00,1.86417e+00,5.50345e+00,1.39784e+01,3.37367e+00
7.84140e-01,3.43359e+01,3.24920e-01,2.41816e+01,5.35081e+00,1.08290e+01,1.00320e+01,5.55281e+00,1.51843e+00,1.01645e+01,3.19641e+00,1.51567e+01,1.48798e+00,8.03280e-01,9.46726e-01,6.71871e+00,1.86880e+00,4.72362e+00,1.23434e+01,3.39591e+00
8.04860e-01,3.85461e+01,3.07865e-01,2.74222e+01,4.72553e+00,8.68400e+00,8.79822e+00,5.97469e+00,1.52695e+00,1.02440e+01,3.26447e+00,1.54064e+01,1.49764e+00,8.25565e-01,1.04355e+00,6.66588e+00,1.87315e+00,4.07813e+00,1.11655e+01,3.41687e+00
8.23711e-01,4.46621e+01,2.90947e-01,3.06596e+01,4.16076e+00,7.06028e+00,7.74930e+00,7.04246e+00,1.53377e+00,1.03278e+01,3.42510e+00,1.56628e+01,1.50771e+00,8.50212e-01,1.18755e+00,6.67858e+00,1.87743e+00,3.54477e+00,1.03731e+01,3.43598e+00
8.40507e-01,5.11656e+01,2.73755e-01,3.35923e+01,3.66322e+00,5.84900e+00,6.96812e+00,9.09708e+00,1.53938e+00,1.04185e+01,3.71728e+00,1.59214e+01,1.51842e+00,8.76147e-01,1.43174e+00,6.78029e+00,1.88162e+00,3.10494e+00,9.83280e+00,3.45299e+00
8.55176e-01,5.56246e+01,2.56420e-01,3.58952e+01,3.23036e+00,4.96149e+00,6.46918e+00,1.19798e+01,1.54412e+00,1.05174e+01,4.10214e+00,1.61792e+01,1.52984e+00,9.01777e-01,1.85986e+00,6.94929e+00,1.88566e+00,2.74375e+00,9.40801e+00,3.46818e+00
8.67676e-01,5.68930e+01,2.39398e-01,3.73878e+01,2.85573e+00,4.33737e+00,6.22191e+00,1.51238e+01,1.54832e+00,1.06242e+01,4.46601e+00,1.64356e+01,1.54201e+00,9.25277e-01,2.52988e+00,7.13520e+00,1.88947e+00,2.44979e+00,8.98888e+00,3.48180e+00
8.78009e-01,5.54753e+01,2.23138e-01,3.81390e+01,2.53142e+00,3.94169e+00,6.17273e+00,1.80760e+01,1.55311e+00,1.07383e+01,4.69475e+00,1.66910e+01,1.55489e+00,9.45044e-01,3.38788e+00,7.28326e+00,1.89290e+00,2.21494e+00,8.51449e+00,3.49426e+00
8.85997e-01,5.24846e+01,2.08022e-01,3.83898e+01,2.24936e+00,3.75541e+00,6.28265e+00,2.07481e+01,1.56419e+00,1.08588e+01,4.74355e+00,1.69468e+01,1.56835e+00,9.59943e-01,4.27976e+00,7.35753e+00,1.89593e+00,2.03406e+00,7.97483e+00,3.50638e+00
8.91577e-01,4.88950e+01,1.94214e-01,3.84180e+01,2.00267e+00,3.75853e+00,6.56212e+00,2.33792e+01,1.61137e+00,1.09850e+01,4.63948e+00,1.72043e+01,1.58217e+00,9.69559e-01,5.06437e+00,7.34932e+00,1.89864e+00,1.90361e+00,7.39388e+00,3.51895e+00
8.94687e-01,4.53391e+01,1.81816e-01,3.84641e+01,1.78585e+00,3.91244e+00,7.06141e+00,2.63514e+01,1.82710e+00,1.11168e+01,4.44133e+00,1.74654e+01,1.59699e+00,9.74141e-01,5.68547e+00,7.27321e+00,1.90121e+00,1.81941e+00,6.80678e+00,3.53259e+00
8.96543e-01,4.21574e+01,1.70880e-01,3.87475e+01,1.59494e+00,4.15669e+00,7.80460e+00,2.98687e+01,2.63916e+00,1.12544e+01,4.20461e+00,1.77324e+01,1.61238e+00,9.74512e-01,6.15346e+00,7.15427e+00,1.90377e+00,1.77413e+00,6.24393e+00,3.54796e+00
8.97114e-01,3.94890e+01,1.61262e-01,3.95383e+01,1.42684e+00,4.42771e+00,8.72627e+00,3.36665e+01,4.68922e+00,1.13983e+01,3.96626e+00,1.80089e+01,1.62770e+00,9.71860e-01,6.49930e+00,7.01933e+00,1.90639e+00,1.75418e+00,5.72415e+00,3.56515e+00
8.96064e-01,3.73461e+01,1.52909e-01,4.12030e+01,1.27914e+00,4.68516e+00,9.69267e+00,3.71284e+01,7.71796e+00,1.15493e+01,3.74408e+00,1.83004e+01,1.64352e+00,9.67507e-01,6.74846e+00,6.88936e+00,1.90910e+00,1.74141e+00,5.25691e+00,3.58422e+00
8.93530e-01,3.56596e+01,1.45687e-01,4.41380e+01,1.14978e+00,4.92612e+00,1.05838e+01,3.97457e+01,1.04102e+01,1.17085e+01,3.54203e+00,1.86148e+01,1.65945e+00,9.62813e-01,6.92042e+00,6.77697e+00,1.91185e+00,1.71802e+00,4.84331e+00,3.60502e+00
8.90588e-01,3.43411e+01,1.39504e-01,4.85787e+01,1.03685e+00,5.18360e+00,1.13368e+01,4.14225e+01,1.19763e+01,1.18770e+01,3.35644e+00,1.89631e+01,1.67491e+00,9.58990e-01,7.03334e+00,6.68822e+00,1.91456e+00,1.67291e+00,4.48069e+00,3.62688e+00
8.88181e-01,3.33166e+01,1.34213e-01,5.43938e+01,9.38520e-01,5.50966e+00,1.19320e+01,4.24360e+01,1.25056e+01,1.20550e+01,3.18123e+00,1.93621e+01,1.68996e+00,9.56952e-01,7.10496e+00,6.62409e+00,1.91708e+00,1.60380e+00,4.16440e+00,3.64895e+00
8.86545e-01,3.25721e+01,1.29654e-01,6.10905e+01,8.53069e-01,5.94286e+00,1.23682e+01,4.32166e+01,1.23719e+01,1.22418e+01,3.01126e+00,1.98370e+01,1.70513e+00,9.57329e-01,7.14830e+00,6.58430e+00,1.91939e+00,1.51508e+00,3.88904e+00,3.67060e+00
8.85489e-01,3.21737e+01,1.25815e-01,6.80486e+01,7.78926e-01,6.46754e+00,1.26541e+01,4.41099e+01,1.18874e+01,1.24361e+01,2.84373e+00,2.04258e+01,1.72078e+00,9.60364e-01,7.16700e+00,6.57025e+00,1.92142e+00,1.41398e+00,3.64945e+00,3.69107e+00
8.84679e-01,3.22660e+01,1.22538e-01,7.47434e+01,7.14617e-01,7.00157e+00,1.28082e+01,4.51897e+01,1.12451e+01,1.26345e+01,2.67832e+00,2.11846e+01,1.73724e+00,9.65874e-01,7.15460e+00,6.58814e+00,1.92322e+00,1.30774e+00,3.44100e+00,3.70966e+00
8.83825e-01,3.30344e+01,1.19771e-01,8.08190e+01,6.58844e-01,7.43658e+00,1.28571e+01,4.62291e+01,1.05515e+01,1.28334e+01,2.51640e+00,2.21879e+01,1.75471e+00,9.73283e-01,7.09938e+00,6.65055e+00,1.92489e+00,1.20209e+00,3.25963e+00,3.72586e+00
8.82825e-01,3.46111e+01,1.17416e-01,8.61122e+01,6.10452e-01,7.69744e+00,1.28308e+01,4.68675e+01,9.86192e+00,1.30283e+01,2.36021e+00,2.35281e+01,1.77343e+00,9.81741e-01,6.99088e+00,6.77408e+00,1.92658e+00,1.10084e+00,3.10188e+00,3.73911e+00
8.81916e-01,3.69410e+01,1.15379e-01,9.06455e+01,5.68388e-01,7.76957e+00,1.27572e+01,4.68495e+01,9.20336e+00,1.32151e+01,2.21217e+00,2.53034e+01,1.79337e+00,9.90266e-01,6.82504e+00,6.97020e+00,1.92841e+00,1.00615e+00,2.96451e+00,3.74939e+00
8.81462e-01,3.97175e+01,1.13642e-01,9.44812e+01,5.31917e-01,7.68269e+00,1.26570e+01,4.61262e+01,8.58862e+00,1.33894e+01,2.07463e+00,2.76014e+01,1.81440e+00,9.97925e-01,6.60485e+00,7.23331e+00,1.93049e+00,9.19140e-01,2.84520e+00,3.75658e+00
8.81791e-01,4.24623e+01,1.12183e-01,9.75949e+01,5.00178e-01,7.48425e+00,1.25434e+01,4.48177e+01,8.02296e+00,1.35480e+01,1.94947e+00,3.04784e+01,1.83606e+00,1.00390e+00,6.33960e+00,7.53338e+00,1.93292e+00,8.40112e-01,2.74144e+00,3.76045e+00
8.83138e-01,4.47479e+01,1.10872e-01,9.98993e+01,4.72468e-01,7.21906e+00,1.24190e+01,4.31109e+01,7.50809e+00,1.36884e+01,1.83816e+00,3.39386e+01,1.85800e+00,1.00762e+00,6.04162e+00,7.82063e+00,1.93572e+00,7.68893e-01,2.65125e+00,3.76147e+00
8.85389e-01,4.63546e+01,1.09764e-01,1.01368e+02,4.48327e-01,6.92136e+00,1.22789e+01,4.11834e+01,7.04367e+00,1.38087e+01,1.74163e+00,3.79174e+01,1.87957e+00,1.00878e+00,5.72390e+00,8.05022e+00,1.93894e+00,7.05074e-01,2.57288e+00,3.75980e+00
8.88130e-01,4.72871e+01,1.08824e-01,1.02103e+02,4.27247e-01,6.61415e+00,1.21138e+01,3.91787e+01,6.62879e+00,1.39080e+01,1.66037e+00,4.22744e+01,1.90010e+00,1.00723e+00,5.39790e+00,8.19657e+00,1.94257e+00,6.48051e-01,2.50467e+00,3.75549e+00
8.90591e-01,4.77053e+01,1.08003e-01,1.02301e+02,4.08759e-01,6.31088e+00,1.19143e+01,3.71933e+01,6.26208e+00,1.39864e+01,1.59441e+00,4.67932e+01,1.91904e+00,1.00307e+00,5.07292e+00,8.25631e+00,1.94652e+00,5.97166e-01,2.44520e+00,3.74911e+00
8.91895e-01,4.78369e+01,1.07321e-01,1.02146e+02,3.92548e-01,6.01796e+00,1.16752e+01,3.52909e+01,5.94170e+00,1.40443e+01,1.54326e+00,5.12027e+01,1.93594e+00,9.96506e-01,4.75582e+00,8.24139e+00,1.95071e+00,5.51786e-01,2.39321e+00,3.74066e+00
8.91266e-01,4.79259e+01,1.06736e-01,1.01742e+02,3.78319e-01,5.73809e+00,1.13981e+01,3.35043e+01,5.66564e+00,1.40822e+01,1.50585e+00,5.52229e+01,1.95035e+00,9.87818e-01,4.45122e+00,8.16962e+00,1.95503e+00,5.11393e-01,2.34752e+00,3.73036e+00
8.88143e-01,4.82188e+01,1.06227e-01,1.01089e+02,3.65851e-01,5.47134e+00,1.10929e+01,3.18529e+01,5.43133e+00,1.41012e+01,1.48054e+00,5.86122e+01,1.96200e+00,9.77278e-01,4.16208e+00,8.05967e+00,1.95934e+00,4.75438e-01,2.30721e+00,3.71852e+00
8.82372e-01,4.89791e+01,1.05803e-01,1.00137e+02,3.54889e-01,5.21671e+00,1.07775e+01,3.03422e+01,5.23503e+00,1.41034e+01,1.46509e+00,6.12177e+01,1.97080e+00,9.65237e-01,3.88993e+00,7.92708e+00,1.96353e+00,4.43322e-01,2.27121e+00,3.70537e+00
8.74043e-01,5.05227e+01,1.05440e-01,9.88249e+01,3.45287e-01,4.97308e+00,1.04760e+01,2.89769e+01,5.07258e+00,1.40908e+01,1.45703e+00,6.29826e+01,1.97667e+00,9.52023e-01,3.63548e+00,7.78311e+00,1.96744e+00,4.14664e-01,2.23906e+00,3.69111e+00
8.63620e-01,5.32213e+01,1.05110e-01,9.71325e+01,3.36848e-01,4.73948e+00,1.02169e+01,2.77580e+01,4.93857e+00,1.40726e+01,1.45369e+00,6.39396e+01,1.97973e+00,9.37869e-01,3.39869e+00,7.63568e+00,1.97107e+00,3.89105e-01,2.20992e+00,3.67582e+00
8.51527e-01,5.74412e+01,1.04822e-01,9.50901e+01,3.29400e-01,4.51488e+00,1.00281e+01,2.66918e+01,4.82757e+00,1.41085e+01,1.45255e+00,6.41895e+01,1.98010e+00,9.23046e-01,3.17911e+00,7.49073e+00,1.97440e+00,3.66236e-01,2.18326e+00,3.65986e+00
8.38311e-01,6.33372e+01,1.04568e-01,9.27568e+01,3.22823e-01,4.29871e+00,9.93165e+00,2.57894e+01,4.73358e+00,1.45329e+01,1.45142e+00,6.38669e+01,1.97813e+00,9.07746e-01,2.97594e+00,7.35117e+00,1.97751e+00,3.45788e-01,2.15869e+00,3.64335e+00
8.24411e-01,7.05807e+01,1.04370e-01,9.02113e+01,3.17023e-01,4.09069e+00,9.93711e+00,2.50681e+01,4.65079e+00,1.67315e+01,1.44865e+00,6.31149e+01,1.97410e+00,8.92164e-01,2.78839e+00,7.21968e+00,1.98051e+00,3.27499e-01,2.13565e+00,3.62655e+00
8.10247e-01,7.82878e+01,1.04209e-01,8.75258e+01,3.11892e-01,3.89078e+00,1.00366e+01,2.45489e+01,4.57412e+00,2.42902e+01,1.44312e+00,6.20685e+01,1.96828e+00,8.76442e-01,2.61540e+00,7.09707e+00,1.98352e+00,3.11119e-01,2.11389e+00,3.60963e+00
7.96140e-01,8.53433e+01,1.04065e-01,8.47644e+01,3.07397e-01,3.69909e+00,1.02048e+01,2.42551e+01,4.49918e+00,4.05188e+01,1.43425e+00,6.08482e+01,1.96110e+00,8.60734e-01,2.45600e+00,6.98434e+00,1.98670e+00,2.96431e-01,2.09297e+00,3.59276e+00
7.82337e-01,9.08800e+01,1.03947e-01,8.19831e+01,3.03439e-01,3.51567e+00,1.04054e+01,2.42004e+01,4.42272e+00,6.12747e+01,1.42188e+00,5.95550e+01,1.95298e+00,8.45139e-01,2.30917e+00,6.88187e+00,1.99022e+00,2.83282e-01,2.07270e+00,3.57606e+00
7.68990e-01,9.45220e+01,1.03849e-01,7.92313e+01,2.99967e-01,3.34069e+00,1.06001e+01,2.43796e+01,4.34251e+00,7.83217e+01,1.40614e+00,5.82714e+01,1.94428e+00,8.29741e-01,2.17400e+00,6.78951e+00,1.99426e+00,2.71518e-01,2.05286e+00,3.55974e+00
7.56229e-01,9.63299e+01,1.03765e-01,7.65435e+01,2.96898e-01,3.17406e+00,1.07579e+01,2.47568e+01,4.25744e+00,8.83363e+01,1.38742e+00,5.70692e+01,1.93544e+00,8.14585e-01,2.04951e+00,6.70672e+00,1.99895e+00,2.60961e-01,2.03307e+00,3.54373e+00
7.44150e-01,9.65995e+01,1.03694e-01,7.39564e+01,2.95118e-01,3.01586e+00,1.08597e+01,2.52686e+01,4.16698e+00,9.25292e+01,1.36613e+00,5.60064e+01,1.92687e+00,7.99791e-01,1.93491e+00,6.63324e+00,2.00445e+00,2.51507e-01,2.01326e+00,3.52817e+00
7.32787e-01,9.57038e+01,1.05080e-01,7.15017e+01,2.97860e-01,2.86614e+00,1.08984e+01,2.58296e+01,4.07118e+00,9.31042e+01,1.34274e+00,5.51391e+01,1.91882e+00,7.85362e-01,1.82934e+00,6.56849e+00,2.01087e+00,2.43073e-01,1.99341e+00,3.51320e+00
7.22191e-01,9.39892e+01,1.08486e-01,6.92044e+01,3.04659e-01,2.72470e+00,1.08757e+01,2.63542e+01,3.97089e+00,9.17367e+01,1.31766e+00,5.45147e+01,1.91158e+00,7.71348e-01,1.73215e+00,6.51136e+00,2.01827e+00,2.35522e-01,1.97341e+00,3.49870e+00
7.12369e-01,9.17373e+01,1.13682e-01,6.70881e+01,3.10092e-01,2.59135e+00,1.07987e+01,2.67766e+01,3.86694e+00,8.94473e+01,1.29130e+00,5.41741e+01,1.90540e+00,7.57807e-01,1.64255e+00,6.46154e+00,2.02678e+00,2.28790e-01,1.95319e+00,3.48476e+00
7.03286e-01,8.91739e+01,1.19424e-01,6.51699e+01,3.17413e-01,2.46585e+00,1.06758e+01,2.70545e+01,3.76035e+00,8.68133e+01,1.26399e+00,5.41522e+01,1.90044e+00,7.44770e-01,1.56005e+00,6.41833e+00,2.03651e+00,2.22829e-01,1.93282e+00,3.47137e+00
6.94901e-01,8.64578e+01,1.23978e-01,6.34611e+01,3.26005e-01,2.34792e+00,1.05157e+01,2.71723e+01,3.65227e+00,8.41433e+01,1.23595e+00,5.44732e+01,1.89678e+00,7.32274e-01,1.48397e+00,6.38056e+00,2.04755e+00,2.17503e-01,1.91229e+00,3.45857e+00
6.87175e-01,8.37093e+01,1.27643e-01,6.19672e+01,3.35238e-01,2.23727e+00,1.03255e+01,2.71337e+01,3.54388e+00,8.15900e+01,1.20743e+00,5.51776e+01,1.89445e+00,7.20339e-01,1.41388e+00,6.34790e+00,2.05990e+00,2.12850e-01,1.89171e+00,3.44625e+00
6.80026e-01,8.10120e+01,1.31152e-01,6.06866e+01,3.45311e-01,2.13357e+00,1.01118e+01,2.69537e+01,3.43607e+00,7.92080e+01,1.17857e+00,5.63540e+01,1.89340e+00,7.08988e-01,1.34923e+00,6.31935e+00,2.07359e+00,2.08814e-01,1.87114e+00,3.43447e+00
6.73394e-01,7.84262e+01,1.34694e-01,5.96144e+01,3.56034e-01,2.03650e+00,9.87912e+00,2.66519e+01,3.32974e+00,7.69930e+01,1.14954e+00,5.81949e+01,1.89358e+00,6.98239e-01,1.28959e+00,6.29430e+00,2.08868e+00,2.05341e-01,1.85063e+00,3.42318e+00
6.67199e-01,7.59980e+01,1.38151e-01,5.87363e+01,3.67024e-01,1.94564e+00,9.63244e+00,2.62508e+01,3.22546e+00,7.49045e+01,1.12045e+00,6.10522e+01,1.89484e+00,6.88032e-01,1.23454e+00,6.27170e+00,2.10510e+00,2.02377e-01,1.83027e+00,3.41232e+00
6.61374e-01,7.37731e+01,1.41207e-01,5.80371e+01,3.78778e-01,1.86068e+00,9.37519e+00,2.57722e+01,3.12384e+00,7.28948e+01,1.09140e+00,6.54250e+01,1.89699e+00,6.78495e-01,1.18376e+00,6.25109e+00,2.12280e+00,1.99845e-01,1.81009e+00,3.40194e+00
6.55879e-01,7.17954e+01,1.43474e-01,5.74885e+01,3.91732e-01,1.78133e+00,9.11110e+00,2.52354e+01,3.02542e+00,7.09182e+01,1.06250e+00,7.18371e+01,1.89982e+00,6.69565e-01,1.13687e+00,6.23216e+00,2.14157e+00,1.97720e-01,1.79026e+00,3.39208e+00
6.50685e-01,7.01177e+01,1.44644e-01,5.70542e+01,4.05799e-01,1.70720e+00,8.84325e+00,2.46593e+01,2.93048e+00,6.89413e+01,1.03384e+00,8.05922e+01,1.90306e+00,6.61264e-01,1.09363e+00,6.21395e+00,2.16117e+00,1.95901e-01,1.77083e+00,3.38267e+00
6.45783e-01,6.88058e+01,1.44591e-01,5.66870e+01,4.20242e-01,1.63800e+00,8.57449e+00,2.40613e+01,2.83908e+00,6.69473e+01,1.00552e+00,9.15315e+01,1.90663e+00,6.53619e-01,1.05373e+00,6.19629e+00,2.18139e+00,1.94384e-01,1.75191e+00,3.37380e+00
6.41119e-01,6.79486e+01,1.43438e-01,5.63362e+01,4.33672e-01,1.57341e+00,8.30730e+00,2.34565e+01,2.75153e+00,6.49333e+01,9.77589e-01,1.03981e+02,1.91028e+00,6.46652e-01,1.01688e+00,6.17905e+00,2.20189e+00,1.93064e-01,1.73354e+00,3.36555e+00
6.36683e-01,6.76555e+01,1.41380e-01,5.59516e+01,4.44799e-01,1.51314e+00,8.04373e+00,2.28608e+01,2.66789e+00,6.29075e+01,9.50138e-01,1.16947e+02,1.91381e+00,6.40304e-01,9.82879e-01,6.16192e+00,2.22237e+00,1.91973e-01,1.71579e+00,3.35798e+00
6.32464e-01,6.80584e+01,1.38755e-01,5.54956e+01,4.62202e-01,1.45691e+00,7.78547e+00,2.22868e+01,2.58808e+00,6.08835e+01,9.23242e-01,1.29432e+02,1.91699e+00,6.34532e-01,9.51565e-01,6.14482e+00,2.24256e+00,1.91020e-01,1.69874e+00,3.35112e+00
6.28423e-01,6.92944e+01,1.56710e-01,5.49424e+01,4.93652e-01,1.40446e+00,7.53368e+00,2.17479e+01,2.51204e+00,5.88773e+01,8.96963e-01,1.40657e+02,1.91969e+00,6.29324e-01,9.22718e-01,6.12795e+00,2.26219e+00,1.93024e-01,1.68238e+00,3.34501e+00
6.24512e-01,7.14722e+01,2.06682e-01,5.42811e+01,5.91253e-01,1.35557e+00,7.28919e+00,2.12579e+01,2.45221e+00,5.69039e+01,8.71364e-01,1.50132e+02,1.92172e+00,6.24697e-01,8.96104e-01,6.11142e+00,2.28113e+00,2.04982e-01,1.66679e+00,3.33977e+00
6.27909e-01,7.46220e+01,3.18583e-01,5.35153e+01,1.00404e+00,1.30993e+00,7.05249e+00,2.08334e+01,2.41153e+00,5.49993e+01,8.46471e-01,1.57639e+02,1.92951e+00,6.64027e-01,8.71586e-01,6.09523e+00,2.30061e+00,2.21280e-01,1.65193e+00,3.33734e+00
6.46387e-01,7.86468e+01,4.75994e-01,5.26566e+01,1.87672e+00,1.26773e+00,6.82383e+00,2.05000e+01,2.38698e+00,5.31479e+01,8.22348e-01,1.63141e+02,1.93687e+00,7.23615e-01,8.49022e-01,6.07963e+00,2.32869e+00,2.38322e-01,1.64570e+00,3.33554e+00
6.66309e-01,8.32907e+01,8.08613e-01,5.17249e+01,4.82251e+00,1.22791e+00,6.60344e+00,2.03058e+01,2.37888e+00,5.13886e+01,7.99063e-01,1.66745e+02,1.94671e+00,7.95743e-01,8.28311e-01,6.06470e+00,2.36006e+00,2.65853e-01,1.64473e+00,3.35421e+00
6.79154e-01,8.81886e+01,1.39655e+00,5.07400e+01,1.49173e+01,1.19087e+00,6.39114e+00,2.03437e+01,2.38193e+00,4.97033e+01,7.76569e-01,1.68648e+02,1.96167e+00,8.92608e-01,8.09218e-01,6.05060e+00,2.39216e+00,2.94382e-01,1.65347e+00,3.37814e+00
7.12798e-01,9.29403e+01,2.08797e+00,4.97239e+01,2.85597e+01,1.15635e+00,6.18672e+00,2.08075e+01,2.39017e+00,4.80818e+01,7.54949e-01,1.69102e+02,2.00266e+00,1.01021e+00,7.91745e-01,6.03753e+00,2.42329e+00,3.23537e-01,1.66882e+00,3.41829e+00
7.91255e-01,9.72164e+01,2.54251e+00,4.86984e+01,3.75554e+01,1.12426e+00,5.99002e+00,2.20634e+01,2.40176e+00,4.65264e+01,7.34116e-01,1.68371e+02,2.57742e+00,1.14792e+00,7.75747e-01,6.02536e+00,2.45033e+00,3.53142e-01,1.68411e+00,3.46895e+00
9.11422e-01,1.00803e+02,2.73787e+00,4.76826e+01,3.88879e+01,1.09443e+00,5.80078e+00,2.46811e+01,2.42441e+00,4.50375e+01,7.14147e-01,1.66707e+02,4.33746e+00,1.31377e+00,7.61036e-01,6.01428e+00,2.47305e+00,3.87393e-01,1.69875e+00,3.51135e+00
1.11544e+00,1.03604e+02,3.03996e+00,4.66919e+01,3.90156e+01,1.06671e+00,5.61883e+00,2.92227e+01,2.49696e+00,4.36114e+01,6.95008e-01,1.64349e+02,7.90928e+00,1.65727e+00,7.47643e-01,6.00442e+00,2.49163e+00,6.03891e-01,1.71491e+00,3.53918e+00
1.82502e+00,1.05621e+02,3.79385e+00,4.57419e+01,4.29575e+01,1.04092e+00,5.44387e+00,3.56827e+01,2.70537e+00,4.22701e+01,6.76708e-01,1.61495e+02,1.58634e+01,2.93209e+00,7.35417e-01,5.99557e+00,2.54494e+00,9.25975e-01,1.73416e+00,3.56784e+00
3.97780e+00,1.07246e+02,4.91894e+00,4.48654e+01,4.78966e+01,1.12076e+00,5.29894e+00,4.31896e+01,3.11510e+00,4.10475e+01,6.59796e-01,1.58322e+02,2.81121e+01,6.47044e+00,7.32635e-01,5.98789e+00,2.63457e+00,1.38467e+00,1.76639e+00,3.61743e+00
6.84288e+00,1.08374e+02,6.16355e+00,4.40958e+01,5.24082e+01,1.30119e+00,5.18267e+00,5.04070e+01,3.69937e+00,4.00191e+01,6.55946e-01,1.54950e+02,6.81444e+01,1.24821e+01,7.40124e-01,5.98177e+00,2.72846e+00,1.95081e+00,1.83932e+00,3.72556e+00
1.14874e+01,1.08870e+02,7.43352e+00,4.34517e+01,5.51606e+01,1.53781e+00,5.12478e+00,5.61222e+01,4.43197e+00,3.91644e+01,6.63399e-01,1.51492e+02,2.25505e+02,2.03715e+01,7.42242e-01,5.97872e+00,2.81571e+00,2.43890e+00,1.95272e+00,3.91676e+00
2.10504e+01,1.09461e+02,8.22182e+00,4.29068e+01,5.53374e+01,1.74718e+00,5.11840e+00,5.99373e+01,5.38546e+00,3.83495e+01,6.72887e-01,1.48042e+02,3.93100e+02,3.06552e+01,7.51456e-01,5.98145e+00,2.88859e+00,3.14596e+00,2.09479e+00,4.12313e+00
3.75508e+01,1.10277e+02,8.18627e+00,4.25101e+01,5.30289e+01,1.89623e+00,5.12226e+00,6.21421e+01,6.69088e+00,3.75355e+01,6.88377e-01,1.44693e+02,5.35224e+02,4.11061e+01,7.63429e-01,5.99327e+00,2.95021e+00,5.25013e+00,2.22254e+00,4.28386e+00
6.23728e+01,1.11351e+02,7.55355e+00,4.23156e+01,4.86874e+01,2.08391e+00,5.12569e+00,6.31766e+01,8.54446e+00,3.67547e+01,7.12296e-01,1.41534e+02,6.84686e+02,5.00277e+01,7.76007e-01,6.01115e+00,3.00954e+00,9.85178e+00,2.32649e+00,4.40023e+00
9.23880e+01,1.12341e+02,6.70507e+00,4.24329e+01,4.31055e+01,2.42957e+00,5.13882e+00,6.34026e+01,1.12558e+01,3.60614e+01,7.27295e-01,1.38638e+02,8.51367e+02,5.82282e+01,7.88795e-01,6.03417e+00,3.07518e+00,1.45497e+01,2.40807e+00,4.50104e+00
1.17008e+02,1.12628e+02,5.90045e+00,4.31129e+01,3.69692e+01,3.04352e+00,5.15876e+00,6.30781e+01,1.47497e+01,3.55047e+01,7.23233e-01,1.36071e+02,1.02238e+03,6.67522e+01,8.02520e-01,6.06328e+00,3.15956e+00,1.71083e+01,2.47591e+00,4.61173e+00
1.32075e+02,1.11909e+02,5.21854e+00,4.47772e+01,3.08600e+01,3.76069e+00,5.16688e+00,6.24050e+01,1.80195e+01,3.50942e+01,7.11584e-01,1.33909e+02,1.11644e+03,7.69902e+01,8.13593e-01,6.09825e+00,3.29112e+00,1.82893e+01,2.53671e+00,4.74562e+00
1.40176e+02,1.10368e+02,4.62630e+00,4.79872e+01,2.52553e+01,4.17123e+00,5.14805e+00,6.15239e+01,2.01270e+01,3.47852e+01,7.00940e-01,1.32248e+02,1.10789e+03,9.07549e+01,8.25943e-01,6.13788e+00,3.56795e+00,1.91757e+01,2.58980e+00,4.90792e+00
1.46503e+02,1.08266e+02,4.07990e+00,5.31679e+01,2.04308e+01,4.17076e+00,5.09289e+00,6.05321e+01,2.11924e+01,3.45085e+01,6.91019e-01,1.31206e+02,1.04165e+03,1.10593e+02,8.43788e-01,6.18006e+00,4.25748e+00,1.98536e+01,2.63010e+00,5.09856e+00
1.52614e+02,1.05821e+02,3.56256e+00,6.00660e+01,1.64530e+01,3.92839e+00,5.00335e+00,5.95015e+01,2.20612e+01,3.42084e+01,6.81128e-01,1.30894e+02,9.57404e+02,1.35385e+02,8.67240e-01,6.22125e+00,5.64472e+00,1.98301e+01,2.65329e+00,5.31455e+00
1.54439e+02,1.03217e+02,3.07784e+00,6.75538e+01,1.32590e+01,3.60705e+00,4.88658e+00,5.84532e+01,2.35833e+01,3.38656e+01,6.71428e-01,1.31377e+02,8.75099e+02,1.54119e+02,8.94873e-01,6.25837e+00,7.36937e+00,1.88879e+01,2.65944e+00,5.55358e+00
1.48770e+02,1.00585e+02,2.63652e+00,7.42325e+01,1.07297e+01,3.28823e+00,4.74859e+00,5.73841e+01,2.60604e+01,3.34918e+01,6.61716e-01,1.32637e+02,8.01379e+02,1.58385e+02,9.25049e-01,6.28986e+00,8.60237e+00,1.72746e+01,2.65282e+00,5.81592e+00
1.36896e+02,9.80047e+01,2.24741e+00,7.92348e+01,8.73977e+00,2.99841e+00,4.59594e+00,5.62791e+01,2.92062e+01,3.31155e+01,6.51684e-01,1.34578e+02,7.34381e+02,1.50704e+02,9.56727e-01,6.31465e+00,9.06632e+00,1.53660e+01,2.63884e+00,6.10348e+00
1.22019e+02,9.55113e+01,1.91358e+00,8.24227e+01,7.17586e+00,2.74267e+00,4.43747e+00,5.51329e+01,3.26847e+01,3.27661e+01,6.41155e-01,1.37085e+02,6.69511e+02,1.36996e+02,9.89772e-01,6.33246e+00,9.00493e+00,1.34392e+01,2.62190e+00,6.41542e+00
1.06716e+02,9.31239e+01,1.63305e+00,8.41022e+01,5.94424e+00,2.51916e+00,4.28200e+00,5.39542e+01,3.64442e+01,3.24637e+01,6.30193e-01,1.40032e+02,6.04797e+02,1.21477e+02,1.02459e+00,6.34365e+00,8.72497e+00,1.16415e+01,2.60442e+00,6.74362e+00
9.23967e+01,9.08549e+01,1.40055e+00,8.46969e+01,4.97045e+00,2.32462e+00,4.13579e+00,5.27594e+01,4.05107e+01,3.22155e+01,6.19087e-01,1.43273e+02,5.41504e+02,1.06330e+02,1.06201e+00,6.34800e+00,8.43315e+00,1.00345e+01,2.58713e+00,7.07436e+00
7.96315e+01,8.87141e+01,1.20937e+00,8.45749e+01,4.19621e+00,2.15518e+00,4.00214e+00,5.15648e+01,4.47844e+01,3.20157e+01,6.08137e-01,1.46617e+02,4.81845e+02,9.24733e+01,1.10347e+00,6.34601e+00,8.24376e+00,8.63299e+00,2.57040e+00,7.39737e+00
6.85399e+01,8.67098e+01,1.05275e+00,8.40046e+01,3.57672e+00,2.00767e+00,3.88194e+00,5.03795e+01,4.91431e+01,3.18482e+01,5.97627e-01,1.49861e+02,4.27459e+02,8.02095e+01,1.15101e+00,6.33854e+00,8.21251e+00,7.42847e+00,2.55425e+00,7.72371e+00
5.90338e+01,8.48476e+01,9.24459e-01,8.31642e+01,3.07780e+00,1.87983e+00,3.77468e+00,4.92035e+01,5.35654e+01,3.16918e+01,5.87749e-01,1.52808e+02,3.79025e+02,6.95447e+01,1.20677e+00,6.32600e+00,8.35721e+00,6.40230e+00,2.53895e+00,8.12813e+00
5.09446e+01,8.31324e+01,8.19084e-01,8.21697e+01,2.67295e+00,1.76986e+00,3.67942e+00,4.80318e+01,5.79601e+01,3.15242e+01,5.78603e-01,1.55314e+02,3.36512e+02,6.03551e+01,1.27206e+00,6.30984e+00,8.67404e+00,5.53218e+00,2.52427e+00,8.82567e+00
4.40843e+01,8.15678e+01,7.32275e-01,8.10833e+01,2.34223e+00,1.67628e+00,3.59604e+00,4.68577e+01,6.19548e+01,3.13270e+01,5.70265e-01,1.57297e+02,2.99521e+02,5.24765e+01,1.34680e+00,6.29072e+00,9.16118e+00,4.79620e+00,2.50957e+00,1.02642e+01
3.82754e+01,8.01473e+01,6.60383e-01,7.99464e+01,2.07018e+00,1.59764e+00,3.52565e+00,4.56798e+01,6.49908e+01,3.10888e+01,5.62707e-01,1.58747e+02,2.67475e+02,4.57383e+01,1.42918e+00,6.26945e+00,9.86174e+00,4.17387e+00,2.49392e+00,1.31755e+01
3.33581e+01,7.88557e+01,6.00607e-01,7.87735e+01,1.84490e+00,1.53255e+00,3.47051e+00,4.44958e+01,6.66545e+01,3.08060e+01,5.55948e-01,1.59694e+02,2.39773e+02,3.99792e+01,1.51650e+00,6.24695e+00,1.09528e+01,3.64744e+00,2.47627e+00,1.82757e+01
2.91932e+01,7.76681e+01,5.53420e-01,7.75763e+01,1.65761e+00,1.47972e+00,3.43379e+00,4.33089e+01,6.68830e+01,3.04849e+01,5.49835e-01,1.60185e+02,2.15833e+02,3.50532e+01,1.60590e+00,6.22429e+00,1.30135e+01,3.20477e+00,2.45594e+00,2.48614e+01
2.56607e+01,7.65599e+01,5.15220e-01,7.63615e+01,1.50052e+00,1.43812e+00,3.41888e+00,4.21266e+01,6.59088e+01,3.01388e+01,5.44355e-01,1.60270e+02,1.95191e+02,3.08350e+01,1.69520e+00,6.20204e+00,1.81155e+01,2.82882e+00,2.43270e+00,3.06799e+01
2.26590e+01,7.55104e+01,4.88204e-01,7.51356e+01,1.36754e+00,1.40688e+00,3.42817e+00,4.09571e+01,6.40914e+01,2.97850e+01,5.39436e-01,1.59981e+02,1.77373e+02,2.72135e+01,1.78296e+00,6.18140e+00,3.41906e+01,2.51075e+00,2.40681e+00,6.28228e+01
2.01019e+01,7.45107e+01,4.67126e-01,7.39044e+01,1.25533e+00,1.38530e+00,3.46216e+00,3.98083e+01,6.17948e+01,2.94430e+01,5.35079e-01,1.59328e+02,1.61997e+02,2.40986e+01,1.86811e+00,6.16305e+00,8.29654e+01,2.24314e+00,2.37902e+00,7.22627e+02
1.79172e+01,7.35612e+01,4.49243e-01,7.26730e+01,1.16028e+00,1.37286e+00,3.51864e+00,3.86889e+01,5.93078e+01,2.91302e+01,5.31212e-01,1.58327e+02,1.48803e+02,2.14144e+01,1.94924e+00,6.14791e+00,1.68728e+02,2.01568e+00,2.35007e+00,1.14352e+03
1.60439e+01,7.26692e+01,4.34619e-01,7.14435e+01,1.07926e+00,1.36924e+00,3.59243e+00,3.76078e+01,5.68092e+01,2.88616e+01,5.27881e-01,1.56989e+02,1.37519e+02,1.90961e+01,2.02429e+00,6.13658e+00,2.39407e+02,1.81965e+00,2.32091e+00,1.19825e+03
1.44330e+01,7.18437e+01,4.22795e-01,7.02150e+01,1.00989e+00,1.37419e+00,3.67585e+00,3.65727e+01,5.43663e+01,2.86468e+01,5.25030e-01,1.55335e+02,1.27920e+02,1.70886e+01,2.09096e+00,6.12960e+00,2.72734e+02,1.64895e+00,2.29242e+00,1.16739e+03
1.30432e+01,7.10929e+01,4.12617e-01,6.89835e+01,9.50280e-01,1.38760e+00,3.76075e+00,3.55919e+01,5.19673e+01,2.84907e+01,5.22731e-01,1.53399e+02,1.19798e+02,1.53454e+01,2.14703e+00,6.12875e+00,2.81233e+02,1.50040e+00,2.26524e+00,1.11201e+03
1.18394e+01,7.04182e+01,4.02857e-01,6.77456e+01,8.98477e-01,1.40944e+00,3.83917e+00,3.46763e+01,4.95633e+01,2.83921e+01,5.20918e-01,1.51219e+02,1.12880e+02,1.38263e+01,2.19156e+00,6.13825e+00,2.77197e+02,1.37115e+00,2.24007e+00,1.04913e+03
1.07908e+01,6.98122e+01,3.92740e-01,6.64989e+01,8.53192e-01,1.43989e+00,3.90493e+00,3.38298e+01,4.71125e+01,2.83438e+01,5.19646e-01,1.48849e+02,1.06817e+02,1.24989e+01,2.22490e+00,6.17335e+00,2.66999e+02,1.25837e+00,2.21750e+00,9.85551e+02
9.87190e+00,6.92620e+01,3.82055e-01,6.52441e+01,8.13412e-01,1.47938e+00,3.95402e+00,3.30586e+01,4.46005e+01,2.83343e+01,5.18823e-01,1.46339e+02,1.01244e+02,1.13354e+01,2.24907e+00,6.26756e+00,2.53656e+02,1.15947e+00,2.19806e+00,9.23999e+02
9.06171e+00,6.87504e+01,3.71124e-01,6.39880e+01,7.78444e-01,1.52866e+00,3.98458e+00,3.23626e+01,4.20439e+01,2.83481e+01,5.18466e-01,1.43735e+02,9.58577e+01,1.03130e+01,2.26689e+00,6.46645e+00,2.38747e+02,1.07224e+00,2.18228e+00,8.65498e+02
8.34296e+00,6.82614e+01,3.60625e-01,6.27441e+01,7.47618e-01,1.58843e+00,3.99664e+00,3.17392e+01,3.94788e+01,2.83684e+01,5.18415e-01,1.41086e+02,9.04718e+01,9.41301e+00,2.28119e+00,6.79010e+00,2.23230e+02,9.95043e-01,2.17059e+00,8.10231e+02
7.70226e+00,6.77836e+01,3.51244e-01,6.15320e+01,7.20572e-01,1.65880e+00,3.99155e+00,3.11806e+01,3.69489e+01,2.83793e+01,5.18583e-01,1.38425e+02,8.50285e+01,8.61967e+00,2.29419e+00,7.19362e+00,2.07754e+02,9.26694e-01,2.16353e+00,7.58069e+02
7.12847e+00,6.73120e+01,3.43734e-01,6.03795e+01,6.96939e-01,1.73851e+00,3.97156e+00,3.06776e+01,3.44933e+01,2.83678e+01,5.18825e-01,1.35789e+02,7.95622e+01,7.91956e+00,2.30667e+00,7.58069e+00,1.92734e+02,8.66339e-01,2.16158e+00,7.08827e+02
6.61283e+00,6.68451e+01,3.38602e-01,5.93197e+01,6.76331e-01,1.82466e+00,3.93935e+00,3.02240e+01,3.21437e+01,2.83239e+01,5.18986e-01,1.33201e+02,7.41524e+01,7.30130e+00,2.31795e+00,7.86768e+00,1.78428e+02,8.13283e-01,2.16523e+00,6.62326e+02
6.14765e+00,6.63840e+01,3.35722e-01,5.83808e+01,6.58434e-01,1.91247e+00,3.89783e+00,2.98129e+01,2.99200e+01,2.82429e+01,5.18944e-01,1.30682e+02,6.88824e+01,6.75495e+00,2.32619e+00,8.02463e+00,1.64983e+02,7.66770e-01,2.17457e+00,6.18466e+02
5.72687e+00,6.59265e+01,3.34472e-01,5.75882e+01,6.42974e-01,1.99634e+00,3.84942e+00,2.94438e+01,2.78363e+01,2.81227e+01,5.18572e-01,1.28251e+02,6.38283e+01,6.27171e+00,2.32896e+00,8.06664e+00,1.52468e+02,7.26199e-01,2.18994e+00,5.77228e+02
5.34515e+00,6.54702e+01,3.33695e-01,5.69426e+01,6.29578e-01,2.07082e+00,3.79638e+00,2.91169e+01,2.58959e+01,2.79654e+01,5.17786e-01,1.25920e+02,5.90448e+01,5.84391e+00,2.32394e+00,8.02726e+00,1.40893e+02,6.90931e-01,2.21110e+00,5.38552e+02
4.99845e+00,6.50099e+01,3.32449e-01,5.64293e+01,6.17987e-01,2.13176e+00,3.74072e+00,2.88356e+01,2.40977e+01,2.77786e+01,5.16572e-01,1.23702e+02,5.45658e+01,5.46379e+00,2.30938e+00,7.93808e+00,1.30232e+02,6.60357e-01,2.23745e+00,5.02420e+02
4.68276e+00,6.45440e+01,3.29988e-01,5.60143e+01,6.07960e-01,2.17678e+00,3.68385e+00,2.86018e+01,2.24387e+01,2.75751e+01,5.14868e-01,1.21600e+02,5.04059e+01,5.12478e+00,2.28450e+00,7.82268e+00,1.20441e+02,6.33835e-01,2.26815e+00,4.68776e+02
4.39494e+00,6.40790e+01,3.26165e-01,5.56555e+01,5.99259e-01,2.20553e+00,3.62699e+00,2.84148e+01,2.09105e+01,2.73757e+01,5.12775e-01,1.19625e+02,4.65666e+01,4.82037e+00,2.24943e+00,7.69656e+00,1.11464e+02,6.10775e-01,2.30181e+00,4.37525e+02
4.13208e+00,6.36326e+01,3.21054e-01,5.53121e+01,5.91586e-01,2.21898e+00,3.57115e+00,2.82709e+01,1.95056e+01,2.72134e+01,5.10318e-01,1.17771e+02,4.30392e+01,4.54513e+00,2.20502e+00,7.56939e+00,1.03242e+02,5.90638e-01,2.33676e+00,4.08559e+02
3.89186e+00,6.32384e+01,3.15050e-01,5.49524e+01,5.84716e-01,2.21899e+00,3.51712e+00,2.81633e+01,1.82153e+01,2.71484e+01,5.07646e-01,1.16042e+02,3.98090e+01,4.29440e+00,2.15273e+00,7.44743e+00,9.57136e+01,5.72943e-01,2.37109e+00,3.81764e+02
3.67209e+00,6.29455e+01,3.08520e-01,5.45579e+01,5.78454e-01,2.20784e+00,3.46562e+00,2.80831e+01,1.70301e+01,2.73100e+01,5.04882e-01,1.14429e+02,3.68577e+01,4.06420e+00,2.09422e+00,7.33507e+00,8.88224e+01,5.57285e-01,2.40295e+00,3.57004e+02
3.47093e+00,6.28232e+01,3.01887e-01,5.41219e+01,5.72678e-01,2.18787e+00,3.41738e+00,2.80164e+01,1.59424e+01,2.80043e+01,5.02169e-01,1.12932e+02,3.41655e+01,3.85183e+00,2.03119e+00,7.23596e+00,8.25133e+01,5.43331e-01,2.43065e+00,3.34151e+02
3.28667e+00,6.29564e+01,2.95440e-01,5.36487e+01,5.67239e-01,2.16131e+00,3.37298e+00,2.79513e+01,1.49427e+01,2.99297e+01,4.99641e-01,1.11539e+02,3.17113e+01,3.65497e+00,1.96539e+00,7.16450e+00,7.67329e+01,5.30851e-01,2.45290e+00,3.13058e+02
3.11795e+00,6.34453e+01,2.89327e-01,5.31442e+01,5.62116e-01,2.13000e+00,3.33318e+00,2.78731e+01,1.40248e+01,3.43742e+01,4.97458e-01,1.10244e+02,2.94754e+01,3.47247e+00,1.89817e+00,1.11529e+02,7.14359e+01,5.19647e-01,2.46869e+00,2.93612e+02
2.96348e+00,6.43907e+01,2.83710e-01,5.26215e+01,5.57271e-01,2.09547e+00,3.29886e+00,2.77673e+01,1.31806e+01,4.27710e+01,4.95716e-01,1.09039e+02,2.74384e+01,3.30279e+00,1.83069e+00,8.50241e+02,6.65770e+01,5.09605e-01,2.47765e+00,2.75679e+02
2.82211e+00,6.58730e+01,2.78587e-01,5.20942e+01,5.52672e-01,2.05884e+00,3.27059e+00,2.76211e+01,1.24039e+01,5.50998e+01,4.94564e-01,1.07916e+02,2.55828e+01,3.14547e+00,1.76397e+00,9.61079e+02,6.21192e+01,5.00543e-01,2.47965e+00,2.59140e+02
2.69259e+00,6.79262e+01,2.73991e-01,5.15756e+01,5.48385e-01,2.02092e+00,3.24917e+00,2.74243e+01,1.16886e+01,6.88559e+01,4.94077e-01,1.06865e+02,2.38910e+01,2.99976e+00,1.69874e+00,9.37151e+02,5.80248e+01,4.92333e-01,2.47511e+00,2.43883e+02
2.57410e+00,7.05093e+01,2.69963e-01,5.10764e+01,5.44396e-01,1.98226e+00,3.23530e+00,2.71721e+01,1.10298e+01,8.07872e+01,4.94379e-01,1.05878e+02,2.23488e+01,2.86517e+00,1.63556e+00,8.96207e+02,5.42602e+01,4.84881e-01,2.46463e+00,2.29805e+02
2.46559e+00,7.34929e+01,2.66476e-01,5.06045e+01,5.40692e-01,1.94320e+00,3.22957e+00,2.68660e+01,1.04222e+01,8.91693e+01,4.95447e-01,1.04947e+02,2.09409e+01,2.74110e+00,1.57479e+00,8.53865e+02,5.07976e+01,4.78092e-01,2.44908e+00,2.16822e+02
2.36636e+00,7.66712e+01,2.63417e-01,5.01657e+01,5.37278e-01,1.90387e+00,3.23240e+00,2.65116e+01,9.86173e+00,9.40310e+01,4.97356e-01,1.04067e+02,1.96551e+01,2.62716e+00,1.51668e+00,8.12694e+02,4.76096e+01,4.71799e-01,2.42930e+00,2.04843e+02
2.27553e+00,7.98032e+01,2.60805e-01,4.97632e+01,5.34178e-01,1.86442e+00,3.24390e+00,2.61175e+01,9.34428e+00,9.62069e+01,5.00007e-01,1.03233e+02,1.84802e+01,2.52276e+00,1.46141e+00,7.73165e+02,4.46712e+01,4.65985e-01,2.40622e+00,1.93797e+02
2.19246e+00,8.26667e+01,2.58617e-01,4.93951e+01,5.31413e-01,1.82490e+00,3.26393e+00,2.56944e+01,8.86614e+00,9.66060e+01,5.03378e-01,1.02448e+02,1.74050e+01,2.42732e+00,1.40906e+00,7.35378e+02,4.19607e+01,4.60604e-01,2.38066e+00,1.83608e+02
2.11643e+00,8.50969e+01,2.56758e-01,4.90555e+01,5.28933e-01,1.78535e+00,3.29178e+00,2.52536e+01,8.42419e+00,9.59490e+01,5.07331e-01,1.01728e+02,1.64202e+01,2.34010e+00,1.35962e+00,6.99307e+02,3.94575e+01,4.55555e-01,2.35351e+00,1.74211e+02
2.04699e+00,8.69995e+01,2.55232e-01,4.87383e+01,5.26713e-01,1.74584e+00,3.32660e+00,2.48017e+01,8.01557e+00,9.47548e+01,5.11782e-01,1.01112e+02,1.55177e+01,2.26065e+00,1.31311e+00,6.64938e+02,3.71444e+01,4.50815e-01,2.32533e+00,1.65548e+02
1.98351e+00,8.83492e+01,2.54018e-01,4.84345e+01,5.24715e-01,1.70648e+00,3.36703e+00,2.43472e+01,7.63747e+00,9.34219e+01,5.16581e-01,1.00684e+02,1.46896e+01,2.18831e+00,1.26948e+00,6.32196e+02,3.50053e+01,4.46422e-01,2.29664e+00,1.57568e+02
1.92550e+00,8.91758e+01,2.53032e-01,4.81298e+01,5.22907e-01,1.66740e+00,3.41117e+00,2.38962e+01,7.28759e+00,9.22890e+01,5.21606e-01,1.00589e+02,1.39291e+01,2.12258e+00,1.22864e+00,6.01055e+02,3.30250e+01,4.42329e-01,2.26808e+00,1.50203e+02
1.87258e+00,8.95397e+01,2.52244e-01,4.78125e+01,5.21297e-01,1.62873e+00,3.45719e+00,2.34516e+01,6.96384e+00,9.16760e+01,5.26693e-01,1.01054e+02,1.32294e+01,2.06280e+00,1.19044e+00,5.71458e+02,3.11900e+01,4.38533e-01,2.23990e+00,1.43405e+02
1.82431e+00,8.95140e+01,2.51625e-01,4.74730e+01,5.19900e-01,1.59061e+00,3.50311e+00,2.30175e+01,6.66409e+00,9.18756e+01,5.31724e-01,1.02372e+02,1.25853e+01,2.00854e+00,1.15482e+00,5.43361e+02,2.94882e+01,4.35081e-01,2.21235e+00,1.37120e+02
1.78027e+00,8.91746e+01,2.51147e-01,4.71023e+01,5.18680e-01,1.55320e+00,3.54714e+00,2.25962e+01,6.38651e+00,9.30841e+01,5.36572e-01,1.04853e+02,1.19915e+01,1.95926e+00,1.12165e+00,5.16710e+02,2.79089e+01,4.31887e-01,2.18545e+00,1.31292e+02
1.74015e+00,8.85901e+01,2.50768e-01,4.66946e+01,5.17589e-01,1.51664e+00,3.58775e+00,2.21915e+01,6.12953e+00,9.53111e+01,5.41152e-01,1.08724e+02,1.14433e+01,1.91453e+00,1.09082e+00,4.91458e+02,2.64420e+01,4.29030e-01,2.15939e+00,1.25864e+02
1.70362e+00,8.78199e+01,2.50505e-01,4.62472e+01,5.16615e-01,1.48103e+00,3.62384e+00,2.18063e+01,5.89160e+00,9.83252e+01,5.45391e-01,1.14013e+02,1.09365e+01,1.87396e+00,1.06219e+00,4.67551e+02,2.50782e+01,4.26456e-01,2.13416e+00,1.20784e+02
1.67039e+00,8.69121e+01,2.50348e-01,4.57615e+01,5.15749e-01,1.44650e+00,3.65456e+00,2.14454e+01,5.67128e+00,1.01690e+02,5.49225e-01,1.20471e+02,1.04676e+01,1.83715e+00,1.03566e+00,4.44939e+02,2.38097e+01,4.24179e-01,2.10966e+00,1.16001e+02
1.64016e+00,8.59069e+01,2.50256e-01,4.52420e+01,5.14957e-01,1.41305e+00,3.67964e+00,2.11135e+01,5.46719e+00,1.04895e+02,5.52626e-01,1.27596e+02,1.00330e+01,1.80368e+00,1.01108e+00,4.23551e+02,2.26278e+01,4.22161e-01,2.08590e+00,1.11464e+02
1.61269e+00,8.48346e+01,2.50221e-01,4.46952e+01,5.14240e-01,1.38080e+00,3.69890e+00,2.08183e+01,5.27834e+00,1.07506e+02,5.55544e-01,1.34783e+02,9.62973e+00,1.77341e+00,9.88378e-01,4.03348e+02,2.15269e+01,4.20410e-01,2.06270e+00,1.07143e+02
1.58784e+00,8.37160e+01,2.50247e-01,4.41277e+01,5.13567e-01,1.34984e+00,3.71242e+00,2.05682e+01,5.10340e+00,1.09255e+02,5.57983e-01,1.41480e+02,9.25503e+00,1.74593e+00,9.67482e-01,3.84268e+02,2.05004e+01,4.18878e-01,2.04026e+00,1.02998e+02
1.56525e+00,8.25708e+01,2.50303e-01,4.35465e+01,5.12932e-01,1.32024e+00,3.72053e+00,2.03710e+01,4.94155e+00,1.10062e+02,5.59885e-01,1.47344e+02,8.90667e+00,1.72100e+00,9.48174e-01,3.66254e+02,1.95421e+01,4.17544e-01,2.01831e+00,9.90068e+01
1.54483e+00,8.14115e+01,2.50354e-01,4.29600e+01,5.12319e-01,1.29193e+00,3.72342e+00,2.02363e+01,4.79174e+00,1.09982e+02,5.61297e-01,1.52267e+02,8.58259e+00,1.69844e+00,9.30481e-01,3.49244e+02,1.86464e+01,4.16406e-01,1.99689e+00,9.51473e+01
1.52644e+00,8.02481e+01,2.50418e-01,4.23744e+01,5.11774e-01,1.26494e+00,3.72125e+00,2.01718e+01,4.65322e+00,1.09173e+02,5.62171e-01,1.56348e+02,8.28059e+00,1.67803e+00,9.14232e-01,3.33185e+02,1.78088e+01,4.15402e-01,1.97612e+00,9.14113e+01
1.50986e+00,7.90880e+01,2.50509e-01,4.17953e+01,5.11257e-01,1.23927e+00,3.71427e+00,2.01838e+01,4.52523e+00,1.07893e+02,5.62518e-01,1.59823e+02,7.99930e+00,1.65958e+00,8.99316e-01,3.18027e+02,1.70250e+01,4.14583e-01,1.95581e+00,8.77916e+01
1.49497e+00,7.79375e+01,2.50621e-01,4.12263e+01,5.10712e-01,1.21496e+00,3.70259e+00,2.02744e+01,4.40693e+00,1.06695e+02,5.62336e-01,1.62979e+02,7.73682e+00,1.64296e+00,8.85714e-01,3.03726e+02,1.62906e+01,4.13840e-01,1.93604e+00,8.42822e+01
1.48158e+00,7.68019e+01,2.50751e-01,4.06710e+01,5.10211e-01,1.19197e+00,3.68622e+00,2.04396e+01,4.29762e+00,1.06979e+02,5.61605e-01,1.66089e+02,7.49206e+00,1.62803e+00,8.73292e-01,2.90221e+02,1.56013e+01,4.13235e-01,1.91687e+00,8.08853e+01
1.46962e+00,7.56862e+01,2.50902e-01,4.01324e+01,5.09733e-01,1.17024e+00,3.66521e+00,2.06692e+01,4.19677e+00,1.12076e+02,5.60350e-01,1.69360e+02,7.26369e+00,1.61469e+00,8.61968e-01,2.77473e+02,1.49543e+01,4.12719e-01,1.89824e+00,7.76004e+01
1.45893e+00,7.45947e+01,2.51056e-01,3.96122e+01,5.09277e-01,1.14972e+00,3.63979e+00,2.09448e+01,4.10362e+00,1.27617e+02,5.58589e-01,1.72896e+02,7.05069e+00,1.60272e+00,8.51666e-01,2.65430e+02,1.43458e+01,4.12297e-01,1.88016e+00,7.44272e+01
1.44935e+00,7.35321e+01,2.51204e-01,3.91141e+01,5.08801e-01,1.13041e+00,3.61001e+00,2.12455e+01,4.01778e+00,1.57256e+02,5.56325e-01,1.76698e+02,6.85203e+00,1.59204e+00,8.42331e-01,2.54065e+02,1.37736e+01,4.11931e-01,1.86259e+00,7.13725e+01
1.44087e+00,7.25028e+01,2.51339e-01,3.86426e+01,5.08316e-01,1.11229e+00,3.57610e+00,2.15455e+01,3.93884e+00,1.94946e+02,5.53599e-01,1.80654e+02,6.66691e+00,1.58262e+00,8.33872e-01,2.43327e+02,1.32340e+01,4.11658e-01,1.84578e+00,6.84315e+01
1.43335e+00,7.15113e+01,2.51492e-01,3.82018e+01,5.07826e-01,1.09527e+00,3.53846e+00,2.18218e+01,3.86614e+00,2.27882e+02,5.50403e-01,1.84580e+02,6.49439e+00,1.57428e+00,8.26249e-01,2.33187e+02,1.27255e+01,4.11400e-01,1.82947e+00,6.56079e+01
1.42671e+00,7.05616e+01,2.51634e-01,3.78156e+01,5.07340e-01,1.07931e+00,3.49744e+00,2.20562e+01,3.79921e+00,2.48471e+02,5.46831e-01,1.88249e+02,6.33388e+00,1.56699e+00,8.19373e-01,2.23604e+02,1.22452e+01,4.11206e-01,1.81374e+00,6.29003e+01
1.42085e+00,6.96572e+01,2.51748e-01,3.81282e+01,5.06846e-01,1.06438e+00,3.45352e+00,2.22371e+01,3.73775e+00,2.57163e+02,5.42869e-01,1.91453e+02,6.18464e+00,1.56063e+00,8.13180e-01,2.14551e+02,1.17912e+01,4.11016e-01,1.79873e+00,6.03069e+01
1.41570e+00,6.88006e+01,2.51846e-01,5.27586e+01,5.06361e-01,1.05047e+00,3.40722e+00,2.23627e+01,3.68133e+00,2.57677e+02,5.38591e-01,1.94041e+02,6.04592e+00,1.55514e+00,8.07639e-01,2.06001e+02,1.13618e+01,4.10856e-01,1.78427e+00,5.78287e+01
1.41121e+00,6.79934e+01,2.51933e-01,1.85791e+02,5.05839e-01,1.03747e+00,3.35911e+00,2.24428e+01,3.62967e+00,2.53468e+02,5.34026e-01,1.95976e+02,5.91711e+00,1.55048e+00,8.02657e-01,1.97915e+02,1.09551e+01,4.10711e-01,1.77038e+00,5.54594e+01
1.40728e+00,6.72363e+01,2.52017e-01,4.49477e+02,5.05328e-01,1.02532e+00,3.30968e+00,2.25016e+01,3.58234e+00,2.46819e+02,5.29234e-01,1.97413e+02,5.79763e+00,1.54654e+00,7.98210e-01,1.90278e+02,1.05700e+01,4.10569e-01,1.75707e+00,5.32002e+01
1.40389e+00,6.65280e+01,2.52105e-01,6.16320e+02,5.04814e-01,1.01407e+00,3.25944e+00,2.25840e+01,3.53899e+00,2.39043e+02,5.24244e-01,1.98788e+02,5.68686e+00,1.54327e+00,7.94229e-01,1.83060e+02,1.02050e+01,4.10456e-01,1.74432e+00,5.10449e+01
1.40092e+00,6.58663e+01,2.52189e-01,6.77413e+02,5.04301e-01,1.00357e+00,3.20887e+00,2.27593e+01,3.49932e+00,2.30845e+02,5.19107e-01,2.00915e+02,5.58421e+00,1.54055e+00,7.90643e-01,1.76234e+02,9.85865e+00,4.10343e-01,1.73203e+00,4.89904e+01
1.39834e+00,6.52460e+01,2.52246e-01,6.87470e+02,5.03769e-01,9.93843e-01,3.15834e+00,2.31332e+01,3.46309e+00,2.22591e+02,5.13855e-01,2.04991e+02,5.48915e+00,1.53833e+00,7.87515e-01,1.69780e+02,9.53012e+00,4.10236e-01,1.72019e+00,4.70353e+01
1.39616e+00,6.46645e+01,2.52315e-01,6.76844e+02,5.03203e-01,9.84788e-01,3.10829e+00,2.38459e+01,3.42989e+00,2.14465e+02,5.08535e-01,2.12380e+02,5.40108e+00,1.53656e+00,7.84678e-01,1.63678e+02,9.21824e+00,4.10128e-01,1.70892e+00,4.51733e+01
1.39424e+00,6.41153e+01,2.52379e-01,6.58539e+02,5.02622e-01,9.76461e-01,3.05897e+00,2.50509e+01,3.39968e+00,2.06560e+02,5.03188e-01,2.24052e+02,5.31942e+00,1.53518e+00,7.82199e-01,1.57907e+02,8.92217e+00,4.10014e-01,1.69804e+00,4.34028e+01
1.39264e+00,6.35931e+01,2.52406e-01,6.37806e+02,5.02041e-01,9.68744e-01,3.01059e+00,2.68562e+01,3.37203e+00,1.98921e+02,4.97848e-01,2.39892e+02,5.24390e+00,1.53418e+00,7.79953e-01,1.52444e+02,8.64111e+00,4.09892e-01,1.68755e+00,4.17167e+01
1.39125e+00,6.30925e+01,2.52406e-01,6.16668e+02,5.01447e-01,9.61600e-01,2.96336e+00,2.92379e+01,3.34673e+00,1.91572e+02,4.92544e-01,2.58339e+02,5.17386e+00,1.53350e+00,7.77985e-01,1.47269e+02,8.37400e+00,4.09752e-01,1.67746e+00,4.01135e+01
1.39009e+00,6.26079e+01,2.52391e-01,5.95895e+02,5.00859e-01,9.55043e-01,2.91743e+00,3.19873e+01,3.32366e+00,1.84518e+02,4.87292e-01,2.76837e+02,5.10881e+00,1.53307e+00,7.76228e-01,1.42362e+02,8.12034e+00,4.09611e-01,1.66779e+00,3.85891e+01
1.38911e+00,6.21355e+01,2.52387e-01,5.75735e+02,5.00247e-01,9.49035e-01,2.87293e+00,3.47570e+01,3.30253e+00,1.77757e+02,4.82107e-01,2.92841e+02,5.04838e+00,1.53288e+00,7.74678e-01,1.37703e+02,7.87946e+00,4.09460e-01,1.65846e+00,3.71383e+01
1.38826e+00,6.16715e+01,2.52369e-01,5.56280e+02,4.99614e-01,9.43487e-01,2.82987e+00,3.71962e+01,3.28302e+00,1.71283e+02,4.77025e-01,3.04701e+02,4.99217e+00,1.53288e+00,7.73271e-01,1.33273e+02,7.65076e+00,4.09296e-01,1.64939e+00,3.57593e+01
1.38756e+00,6.12137e+01,2.52342e-01,5.37569e+02,4.98979e-01,9.38407e-01,2.78832e+00,3.90721e+01,3.26513e+00,1.65088e+02,4.72054e-01,3.11887e+02,4.93974e+00,1.53308e+00,7.72029e-01,1.29054e+02,7.43360e+00,4.09117e-01,1.64071e+00,3.44482e+01
1.38694e+00,6.07608e+01,2.52324e-01,5.19614e+02,4.98319e-01,9.33705e-01,2.74825e+00,4.03101e+01,3.24853e+00,1.59161e+02,4.67189e-01,3.14770e+02,4.89074e+00,1.53339e+00,7.70902e-01,1.25026e+02,7.22732e+00,4.08938e-01,1.63224e+00,3.31998e+01
1.38640e+00,6.03119e+01,2.52300e-01,5.02463e+02,4.97651e-01,9.29419e-01,2.70965e+00,4.09527e+01,3.23317e+00,1.53493e+02,4.62456e-01,3.14145e+02,4.84501e+00,1.53380e+00,7.69886e-01,1.21174e+02,7.03176e+00,4.08749e-01,1.62411e+00,3.20131e+01
1.38598e+00,5.98672e+01,2.52266e-01,4.86182e+02,4.96981e-01,9.25505e-01,2.67256e+00,4.11070e+01,3.21890e+00,1.48072e+02,4.57880e-01,3.10919e+02,4.80213e+00,1.53429e+00,7.68971e-01,1.17482e+02,6.84600e+00,4.08553e-01,1.61625e+00,3.08841e+01
1.38561e+00,5.94267e+01,2.52219e-01,4.70844e+02,4.96287e-01,9.21864e-01,2.63694e+00,4.08889e+01,3.20549e+00,1.42889e+02,4.53474e-01,3.05905e+02,4.76184e+00,1.53479e+00,7.68152e-01,1.13937e+02,6.66986e+00,4.08340e-01,1.60872e+00,2.98098e+01
1.38529e+00,5.89915e+01,2.52141e-01,4.56535e+02,4.95559e-01,9.18539e-01,2.60266e+00,4.04055e+01,3.19294e+00,1.37933e+02,4.49242e-01,2.99745e+02,4.72398e+00,1.53538e+00,7.67400e-01,1.10525e+02,6.50279e+00,4.08106e-01,1.60145e+00,2.87879e+01
1.38502e+00,5.85617e+01,2.52035e-01,4.43315e+02,4.94832e-01,9.15507e-01,2.56971e+00,3.97420e+01,3.18108e+00,1.33193e+02,4.45180e-01,2.92916e+02,4.68831e+00,1.53599e+00,7.66707e-01,1.07231e+02,6.34435e+00,4.07840e-01,1.59442e+00,2.78150e+01
1.38480e+00,5.81383e+01,2.51922e-01,4.31157e+02,4.94134e-01,9.12671e-01,2.53806e+00,3.89614e+01,3.16992e+00,1.28662e+02,4.41280e-01,2.85748e+02,4.65480e+00,1.53661e+00,7.66070e-01,1.04047e+02,6.19416e+00,4.07566e-01,1.58768e+00,2.68885e+01
1.38460e+00,5.77214e+01,2.51822e-01,4.19907e+02,4.93418e-01,9.10111e-01,2.50766e+00,3.81090e+01,3.15936e+00,1.24325e+02,4.37550e-01,2.78465e+02,4.62323e+00,1.53722e+00,7.65484e-01,1.00966e+02,6.05183e+00,4.07262e-01,1.58119e+00,2.60064e+01
1.38446e+00,5.73100e+01,2.51724e-01,4.09303e+02,4.92703e-01,9.07744e-01,2.47840e+00,3.72173e+01,3.14933e+00,1.20176e+02,4.33983e-01,2.71214e+02,4.59339e+00,1.53787e+00,7.64930e-01,9.79820e+01,5.91699e+00,4.06937e-01,1.57498e+00,2.51661e+01
1.38428e+00,5.69038e+01,2.51611e-01,3.99055e+02,4.91968e-01,9.05560e-01,2.45031e+00,3.63081e+01,3.13992e+00,1.16207e+02,4.30594e-01,2.64085e+02,4.56513e+00,1.53849e+00,7.64408e-01,9.50848e+01,5.78933e+00,4.06594e-01,1.56898e+00,2.43662e+01
1.38410e+00,5.65013e+01,2.51483e-01,3.88915e+02,4.91215e-01,9.03525e-01,2.42327e+00,3.53979e+01,3.13096e+00,1.12407e+02,4.27363e-01,2.57130e+02,4.53858e+00,1.53909e+00,7.63905e-01,9.22719e+01,5.66847e+00,4.06248e-01,1.56315e+00,2.36032e+01
1.38394e+00,5.61007e+01,2.51334e-01,3.78759e+02,4.90461e-01,9.01654e-01,2.39726e+00,3.44948e+01,3.12252e+00,1.08769e+02,4.24306e-01,2.50385e+02,4.51343e+00,1.53968e+00,7.63421e-01,8.95424e+01,5.55422e+00,4.05894e-01,1.55763e+00,2.28762e+01
1.38376e+00,5.57005e+01,2.51185e-01,3.68554e+02,4.89681e-01,8.99892e-01,2.37221e+00,3.36072e+01,3.11459e+00,1.05287e+02,4.21413e-01,2.43867e+02,4.48980e+00,1.54022e+00,7.62953e-01,8.68893e+01,5.44613e+00,4.05535e-01,1.55227e+00,2.21832e+01
1.38362e+00,5.52986e+01,2.51039e-01,3.58345e+02,4.88874e-01,8.98276e-01,2.34813e+00,3.27383e+01,3.10718e+00,1.01952e+02,4.18685e-01,2.37580e+02,4.46753e+00,1.54072e+00,7.62502e-01,8.43129e+01,5.34402e+00,4.05164e-01,1.54721e+00,2.15227e+01
1.38344e+00,5.48924e+01,2.50866e-01,3.48194e+02,4.88045e-01,8.96741e-01,2.32495e+00,3.18912e+01,3.10031e+00,9.87579e+01,4.16108e-01,2.31534e+02,4.44654e+00,1.54120e+00,7.62063e-01,8.18113e+01,5.24760e+00,4.04778e-01,1.54230e+00,2.08922e+01
1.38323e+00,5.44813e+01,2.50654e-01,3.38173e+02,4.87224e-01,8.95320e-01,2.30261e+00,3.10678e+01,3.09390e+00,9.56977e+01,4.13695e-01,2.25711e+02,4.42683e+00,1.54165e+00,7.61621e-01,7.93814e+01,5.15656e+00,4.04375e-01,1.53770e+00,2.02908e+01
1.38301e+00,5.40658e+01,2.50427e-01,3.28342e+02,4.86418e-01,8.93990e-01,2.28112e+00,3.02694e+01,3.08799e+00,9.27658e+01,4.11423e-01,2.20119e+02,4.41147e+00,1.54208e+00,7.61178e-01,7.70251e+01,5.07065e+00,4.03952e-01,1.53322e+00,1.97171e+01
1.38279e+00,5.36666e+01,2.50216e-01,3.18745e+02,4.85618e-01,8.92708e-01,2.26041e+00,2.94961e+01,3.08257e+00,8.99574e+01,4.09287e-01,2.14738e+02,4.45743e+00,1.54244e+00,7.60738e-01,7.47374e+01,4.98964e+00,4.03510e-01,1.52898e+00,1.91693e+01
1.38253e+00,5.34352e+01,2.50015e-01,3.09414e+02,4.84788e-01,8.91521e-01,2.24046e+00,2.87479e+01,3.07764e+00,8.72646e+01,4.07295e-01,2.09566e+02,4.49618e+00,1.54272e+00,7.60298e-01,7.25208e+01,4.91335e+00,4.03055e-01,1.52488e+00,1.86474e+01
1.38224e+00,5.45903e+01,2.49808e-01,3.00370e+02,4.83957e-01,8.90378e-01,2.22128e+00,2.80251e+01,3.07316e+00,8.46837e+01,4.05428e-01,2.04594e+02,4.54685e+00,1.54293e+00,7.59850e-01,7.03723e+01,4.84155e+00,4.02576e-01,1.52102e+00,1.81510e+01
1.38192e+00,6.79560e+01,2.49578e-01,2.91617e+02,4.83134e-01,8.89285e-01,2.20282e+00,2.73260e+01,3.06912e+00,8.22080e+01,4.03665e-01,1.99807e+02,4.61465e+00,1.54309e+00,7.59396e-01,6.82904e+01,4.77394e+00,4.02086e-01,1.51724e+00,1.76777e+01
1.38160e+00,1.56676e+02,2.49326e-01,2.83173e+02,4.82309e-01,8.88240e-01,2.18503e+00,2.66515e+01,3.06546e+00,7.98342e+01,4.02031e-01,1.95202e+02,4.63314e+00,1.54321e+00,7.58941e-01,6.62761e+01,4.71065e+00,4.01591e-01,1.51369e+00,1.72253e+01
1.38122e+00,3.49010e+02,2.49068e-01,2.75019e+02,4.81472e-01,8.87236e-01,2.16795e+00,2.60009e+01,3.06214e+00,7.75568e+01,4.00535e-01,1.90766e+02,4.60835e+00,1.54326e+00,7.58482e-01,6.43255e+01,4.65126e+00,4.01080e-01,1.51026e+00,1.67915e+01
1.38082e+00,4.91939e+02,2.48834e-01,2.67162e+02,4.80615e-01,8.86262e-01,2.15156e+00,2.53731e+01,3.05921e+00,7.53726e+01,3.99118e-01,1.86498e+02,4.56618e+00,1.54323e+00,7.58011e-01,6.24399e+01,4.59551e+00,4.00563e-01,1.50701e+00,1.63762e+01
1.38038e+00,5.53726e+02,2.48583e-01,2.59595e+02,4.79753e-01,8.85316e-01,2.13581e+00,2.47670e+01,3.05653e+00,7.32766e+01,3.97822e-01,1.82380e+02,4.52091e+00,1.54313e+00,7.57542e-01,6.06161e+01,4.54337e+00,4.00038e-01,1.50384e+00,1.59787e+01
1.37989e+00,5.72604e+02,2.48297e-01,2.52312e+02,4.78869e-01,8.84378e-01,2.12070e+00,2.41822e+01,3.05423e+00,7.12650e+01,3.96606e-01,1.78412e+02,4.48085e+00,1.54299e+00,7.57071e-01,5.88540e+01,4.49464e+00,3.99493e-01,1.50084e+00,1.55984e+01
1.37939e+00,5.72578e+02,2.47989e-01,2.45298e+02,4.77980e-01,8.83465e-01,2.10623e+00,2.36186e+01,3.05213e+00,6.93343e+01,3.95465e-01,1.74589e+02,4.45117e+00,1.54282e+00,7.56582e-01,5.71510e+01,4.44917e+00,3.98944e-01,1.49797e+00,1.52342e+01
1.37887e+00,5.64369e+02,2.47682e-01,2.38542e+02,4.77111e-01,8.82560e-01,2.09238e+00,2.30748e+01,3.05026e+00,6.74815e+01,3.94406e-01,1.70899e+02,4.43473e+00,1.54260e+00,7.56093e-01,5.55058e+01,4.40676e+00,3.98383e-01,1.49523e+00,1.48857e+01
1.37829e+00,5.52661e+02,2.47396e-01,2.32045e+02,4.76243e-01,8.81676e-01,2.07913e+00,2.25504e+01,3.04859e+00,6.57027e+01,3.93411e-01,1.67340e+02,4.43365e+00,1.54226e+00,7.55590e-01,5.39181e+01,4.36730e+00,3.97808e-01,1.49258e+00,1.45523e+01
1.37766e+00,5.39602e+02,2.47130e-01,2.25796e+02,4.75378e-01,8.80804e-01,2.06647e+00,2.20454e+01,3.04708e+00,6.39952e+01,3.92486e-01,1.63905e+02,4.44971e+00,1.54185e+00,7.55079e-01,5.23843e+01,4.33067e+00,3.97218e-01,1.49001e+00,1.42336e+01
1.37703e+00,5.26186e+02,2.46850e-01,2.19775e+02,4.74511e-01,8.79932e-01,2.05438e+00,2.15566e+01,3.04564e+00,6.23541e+01,3.91624e-01,1.60589e+02,4.48447e+00,1.54141e+00,7.54560e-01,5.09034e+01,4.29674e+00,3.96620e-01,1.48746e+00,1.39281e+01
1.37639e+00,5.12888e+02,2.46541e-01,2.13984e+02,4.73633e-01,8.79067e-01,2.04283e+00,2.10860e+01,3.04431e+00,6.07778e+01,3.90819e-01,1.57388e+02,4.53844e+00,1.54093e+00,7.54041e-01,4.94744e+01,4.26537e+00,3.96016e-01,1.48507e+00,1.36355e+01
1.37576e+00,4.99929e+02,2.46225e-01,2.08406e+02,4.72738e-01,8.78190e-01,2.03184e+00,2.06330e+01,3.04299e+00,5.92635e+01,3.90077e-01,1.54295e+02,4.61017e+00,1.54038e+00,7.53503e-01,4.80962e+01,4.23633e+00,3.95398e-01,1.48271e+00,1.33551e+01
1.37516e+00,4.87420e+02,2.45918e-01,2.03044e+02,4.71839e-01,8.77316e-01,2.02140e+00,2.01950e+01,3.04177e+00,5.78092e+01,3.89376e-01,1.51315e+02,4.69619e+00,1.53979e+00,7.52954e-01,4.67649e+01,4.20957e+00,3.94777e-01,1.48046e+00,1.30863e+01
1.37455e+00,4.75413e+02,2.45599e-01,1.97879e+02,4.70933e-01,8.76461e-01,2.01147e+00,1.97726e+01,3.04054e+00,5.64116e+01,3.88727e-01,1.48473e+02,4.79191e+00,1.53911e+00,7.52407e-01,4.54816e+01,4.18504e+00,3.94154e-01,1.47827e+00,1.28286e+01
1.37388e+00,4.63920e+02,2.45253e-01,1.92902e+02,4.70010e-01,8.75598e-01,2.00202e+00,1.93654e+01,3.03933e+00,5.50684e+01,3.88107e-01,1.45980e+02,4.89275e+00,1.53838e+00,7.51843e-01,4.42434e+01,4.16258e+00,3.93525e-01,1.47609e+00,1.25808e+01
1.37316e+00,4.52925e+02,2.44891e-01,1.88114e+02,4.69095e-01,8.74744e-01,1.99304e+00,1.89729e+01,3.03812e+00,5.37772e+01,3.87514e-01,1.44870e+02,4.99529e+00,1.53760e+00,7.51268e-01,4.30475e+01,4.14203e+00,3.92887e-01,1.47403e+00,1.23429e+01
1.37244e+00,4.42396e+02,2.44523e-01,1.83497e+02,4.68194e-01,8.73874e-01,1.98450e+00,1.85949e+01,3.03688e+00,5.25360e+01,3.86964e-01,1.49137e+02,5.09744e+00,1.53677e+00,7.50682e-01,4.18947e+01,4.12326e+00,3.92247e-01,1.47194e+00,1.21146e+01
1.37160e+00,4.32285e+02,2.44162e-01,1.79046e+02,4.67294e-01,8.73004e-01,1.97640e+00,1.82296e+01,3.03561e+00,5.13430e+01,3.86429e-01,1.69686e+02,5.19706e+00,1.53587e+00,7.50080e-01,4.07827e+01,4.10616e+00,3.91590e-01,1.46990e+00,1.18956e+01
1.37068e+00,4.22541e+02,2.43814e-01,1.74761e+02,4.66397e-01,8.72129e-01,1.96871e+00,1.78783e+01,3.03430e+00,5.01950e+01,3.85913e-01,2.23524e+02,5.29181e+00,1.53487e+00,7.49466e-01,3.97095e+01,4.09064e+00,3.90919e-01,1.46789e+00,1.16853e+01
1.36971e+00,4.13108e+02,2.43453e-01,1.70621e+02,4.65502e-01,8.71257e-01,1.96142e+00,1.75390e+01,3.03290e+00,4.90908e+01,3.85416e-01,3.14847e+02,5.37930e+00,1.53382e+00,7.48854e-01,3.86734e+01,4.07657e+00,3.90248e-01,1.46585e+00,1.14833e+01
1.36873e+00,4.03932e+02,2.43074e-01,1.66627e+02,4.64598e-01,8.70381e-01,1.95449e+00,1.72123e+01,3.03147e+00,4.80285e+01,3.84934e-01,4.18530e+02,5.45802e+00,1.53276e+00,7.48232e-01,3.76741e+01,4.06387e+00,3.89577e-01,1.46392e+00,1.12898e+01
1.36773e+00,3.94973e+02,2.42690e-01,1.62771e+02,4.63685e-01,8.69497e-01,1.94793e+00,1.68972e+01,3.02993e+00,4.70074e+01,3.84471e-01,5.02686e+02,5.52778e+00,1.53166e+00,7.47599e-01,3.67099e+01,4.05237e+00,3.88897e-01,1.46196e+00,1.11044e+01
1.36673e+00,3.86191e+02,2.42312e-01,1.59044e+02,4.62771e-01,8.68625e-01,1.94172e+00,1.65945e+01,3.02830e+00,4.60247e+01,3.84025e-01,5.54933e+02,5.59013e+00,1.53051e+00,7.46953e-01,3.57799e+01,4.04204e+00,3.88206e-01,1.46005e+00,1.09265e+01
1.36575e+00,3.77568e+02,2.41943e-01,1.55440e+02,4.61861e-01,8.67765e-01,1.93586e+00,1.63025e+01,3.02662e+00,4.50791e+01,3.83593e-01,5.79854e+02,5.64782e+00,1.52932e+00,7.46306e-01,3.48820e+01,4.03284e+00,3.87514e-01,1.45817e+00,1.07561e+01
1.36483e+00,3.69085e+02,2.41558e-01,1.51955e+02,4.60918e-01,8.66879e-01,1.93029e+00,1.60212e+01,3.02486e+00,4.41685e+01,3.83170e-01,5.86891e+02,5.70305e+00,1.52803e+00,7.45647e-01,3.40151e+01,4.02466e+00,3.86818e-01,1.45624e+00,1.05931e+01
1.36396e+00,3.60738e+02,2.41153e-01,1.48578e+02,4.59989e-01,8.65977e-01,1.92502e+00,1.57510e+01,3.02302e+00,4.32919e+01,3.82753e-01,5.83828e+02,5.75696e+00,1.52672e+00,7.44985e-01,3.31784e+01,4.01734e+00,3.86124e-01,1.45439e+00,1.04367e+01
1.36318e+00,3.52524e+02,2.40738e-01,1.45310e+02,4.59076e-01,8.65077e-01,1.91997e+00,1.54903e+01,3.02110e+00,4.24476e+01,3.82348e-01,5.75601e+02,5.80880e+00,1.52540e+00,7.44311e-01,3.23707e+01,4.01081e+00,3.85428e-01,1.45250e+00,1.02870e+01
1.36250e+00,3.44452e+02,2.40342e-01,1.42137e+02,4.58163e-01,8.64173e-01,1.91519e+00,1.52402e+01,3.01909e+00,4.16352e+01,3.81946e-01,5.64978e+02,5.85601e+00,1.52405e+00,7.43625e-01,3.15911e+01,4.00501e+00,3.84719e-01,1.45063e+00,1.01440e+01
1.36198e+00,3.36527e+02,2.39963e-01,1.39063e+02,4.57258e-01,8.63255e-01,1.91068e+00,1.49993e+01,3.01700e+00,4.08532e+01,3.81541e-01,5.53397e+02,5.89521e+00,1.52264e+00,7.42936e-01,3.08383e+01,3.99985e+00,3.83993e-01,1.44877e+00,1.00070e+01
1.36158e+00,3.28756e+02,2.39568e-01,1.36074e+02,4.56359e-01,8.62334e-01,1.90638e+00,1.47676e+01,3.01483e+00,4.00987e+01,3.81137e-01,5.41591e+02,5.92295e+00,1.52120e+00,7.42246e-01,3.01110e+01,3.99527e+00,3.83272e-01,1.44686e+00,9.87598e+00
1.36132e+00,3.21152e+02,2.39156e-01,1.33170e+02,4.55450e-01,8.61405e-01,1.90229e+00,1.45447e+01,3.01255e+00,3.93720e+01,3.80734e-01,5.29895e+02,5.93640e+00,1.51974e+00,7.41553e-01,2.94088e+01,3.99116e+00,3.82553e-01,1.44503e+00,9.75118e+00
1.36121e+00,3.13720e+02,2.38733e-01,1.30349e+02,4.54535e-01,8.60471e-01,1.89842e+00,1.43307e+01,3.01018e+00,3.86725e+01,3.80338e-01,5.18470e+02,5.93392e+00,1.51828e+00,7.40852e-01,2.87303e+01,3.98757e+00,3.81832e-01,1.44314e+00,9.63183e+00
1.36121e+00,3.06462e+02,2.38310e-01,1.27605e+02,4.53618e-01,8.59553e-01,1.89475e+00,1.41247e+01,3.00770e+00,3.79975e+01,3.79947e-01,5.07379e+02,5.91527e+00,1.51686e+00,7.40135e-01,2.80750e+01,3.98433e+00,3.81104e-01,1.44130e+00,9.51806e+00
1.36135e+00,2.99386e+02,2.37895e-01,1.24933e+02,4.52700e-01,8.58622e-01,1.89126e+00,1.39272e+01,3.00514e+00,3.73467e+01,3.79556e-01,4.96638e+02,5.88154e+00,1.51544e+00,7.39423e-01,2.74422e+01,3.98150e+00,3.80383e-01,1.43946e+00,9.40986e+00
1.36157e+00,2.92495e+02,2.37472e-01,1.22334e+02,4.51740e-01,8.57674e-01,1.88793e+00,1.37367e+01,3.00251e+00,3.67194e+01,3.79173e-01,4.86243e+02,5.83448e+00,1.51401e+00,7.38696e-01,2.68309e+01,3.97902e+00,3.79657e-01,1.43759e+00,9.30649e+00
1.36181e+00,2.85789e+02,2.37038e-01,1.19800e+02,4.50784e-01,8.56730e-01,1.88475e+00,1.35544e+01,2.99981e+00,3.61143e+01,3.78790e-01,4.76163e+02,5.77637e+00,1.51258e+00,7.37957e-01,2.62400e+01,3.97677e+00,3.78927e-01,1.43576e+00,9.20864e+00
1.36206e+00,2.79267e+02,2.36591e-01,1.17334e+02,4.49868e-01,8.55789e-01,1.88168e+00,1.33786e+01,2.99701e+00,3.55306e+01,3.78406e-01,4.66383e+02,5.70977e+00,1.51117e+00,7.37212e-01,2.56689e+01,3.97475e+00,3.78199e-01,1.43390e+00,9.11552e+00
1.36225e+00,2.72930e+02,2.36148e-01,1.14928e+02,4.48972e-01,8.54831e-01,1.87876e+00,1.32101e+01,2.99415e+00,3.49671e+01,3.78022e-01,4.56865e+02,5.63688e+00,1.50977e+00,7.36459e-01,2.51170e+01,3.97291e+00,3.77465e-01,1.43207e+00,9.02736e+00
1.36229e+00,2.66773e+02,2.35720e-01,1.12585e+02,4.48085e-01,8.53851e-01,1.87595e+00,1.30480e+01,2.99124e+00,3.44233e+01,3.77628e-01,4.47586e+02,5.55984e+00,1.50833e+00,7.35699e-01,2.45837e+01,3.97125e+00,3.76720e-01,1.43025e+00,8.94398e+00
1.36214e+00,2.60792e+02,2.35296e-01,1.10299e+02,4.47198e-01,8.52872e-01,1.87326e+00,1.28921e+01,2.98821e+00,3.38981e+01,3.77229e-01,4.38515e+02,5.48061e+00,1.50684e+00,7.34942e-01,2.40681e+01,3.96971e+00,3.75974e-01,1.42838e+00,8.86506e+00
1.36181e+00,2.54989e+02,2.34866e-01,1.08072e+02,4.46301e-01,8.51895e-01,1.87070e+00,1.27417e+01,2.98515e+00,3.33911e+01,3.76825e-01,4.29643e+02,5.40035e+00,1.50529e+00,7.34188e-01,2.35695e+01,3.96824e+00,3.75230e-01,1.42655e+00,8.79098e+00
1.36120e+00,2.49358e+02,2.34431e-01,1.05898e+02,4.45385e-01,8.50908e-01,1.86820e+00,1.25974e+01,2.98196e+00,3.29014e+01,3.76423e-01,4.20946e+02,5.32056e+00,1.50369e+00,7.33422e-01,2.30876e+01,3.96682e+00,3.74486e-01,1.42471e+00,8.72115e+00
1.36030e+00,2.43889e+02,2.33993e-01,1.03781e+02,4.44476e-01,8.49928e-01,1.86583e+00,1.24588e+01,2.97874e+00,3.24279e+01,3.76029e-01,4.12424e+02,5.24215e+00,1.50203e+00,7.32648e-01,2.26214e+01,3.96546e+00,3.73745e-01,1.42287e+00,8.65580e+00
1.35907e+00,2.38584e+02,2.33551e-01,1.01714e+02,4.43575e-01,8.48934e-01,1.86354e+00,1.23252e+01,2.97545e+00,3.19709e+01,3.75635e-01,4.04060e+02,5.16583e+00,1.50029e+00,7.31869e-01,2.21708e+01,3.96418e+00,3.73016e-01,1.42103e+00,8.59463e+00
1.35752e+00,2.33437e+02,2.33112e-01,9.97000e+01,4.42655e-01,8.47938e-01,1.86131e+00,1.21965e+01,2.97210e+00,3.15296e+01,3.75239e-01,3.95856e+02,5.09219e+00,1.49844e+00,7.31086e-01,2.17350e+01,3.96294e+00,3.72287e-01,1.41918e+00,8.53754e+00
1.35565e+00,2.28444e+02,2.32672e-01,9.77376e+01,4.41730e-01,8.46932e-01,1.85914e+00,1.20724e+01,2.96867e+00,3.11023e+01,3.74851e-01,3.87815e+02,5.02175e+00,1.49649e+00,7.30289e-01,2.13135e+01,3.96170e+00,3.71555e-01,1.41734e+00,8.48462e+00
1.35347e+00,2.23598e+02,2.32220e-01,9.58219e+01,4.40828e-01,8.45938e-01,1.85702e+00,1.19530e+01,2.96519e+00,3.06892e+01,3.74468e-01,3.79923e+02,4.95473e+00,1.49448e+00,7.29486e-01,2.09056e+01,3.96044e+00,3.70824e-01,1.41550e+00,8.43544e+00
1.35104e+00,2.18897e+02,2.31771e-01,9.39557e+01,4.39941e-01,8.44925e-01,1.85494e+00,1.18376e+01,2.96166e+00,3.02899e+01,3.74082e-01,3.72196e+02,4.89143e+00,1.49241e+00,7.28684e-01,2.05109e+01,3.95914e+00,3.70079e-01,1.41366e+00,8.39021e+00
1.34837e+00,2.14337e+02,2.31332e-01,9.21375e+01,4.39059e-01,8.43918e-01,1.85293e+00,1.17266e+01,2.95808e+00,2.99039e+01,3.73686e-01,3.64626e+02,4.83198e+00,1.49027e+00,7.27870e-01,2.01293e+01,3.95781e+00,3.69324e-01,1.41181e+00,8.34860e+00
1.34553e+00,2.09907e+02,2.30895e-01,9.03627e+01,4.38181e-01,8.42906e-01,1.85097e+00,1.16191e+01,2.95441e+00,2.95300e+01,3.73285e-01,3.57216e+02,4.77652e+00,1.48807e+00,7.27059e-01,1.97598e+01,3.95645e+00,3.68569e-01,1.40995e+00,8.31044e+00
1.34263e+00,2.05611e+02,2.30456e-01,8.86356e+01,4.37298e-01,8.41890e-01,1.84905e+00,1.15151e+01,2.95074e+00,2.91681e+01,3.72881e-01,3.49974e+02,4.72499e+00,1.48578e+00,7.26257e-01,1.94020e+01,3.95503e+00,3.67818e-01,1.40811e+00,8.27623e+00
1.33959e+00,2.01441e+02,2.30009e-01,8.69500e+01,4.36416e-01,8.40873e-01,1.84715e+00,1.14153e+01,2.94694e+00,2.88178e+01,3.72477e-01,3.42897e+02,4.67726e+00,1.48346e+00,7.25440e-01,1.90559e+01,3.95353e+00,3.67067e-01,1.40628e+00,8.24531e+00
1.33653e+00,1.97392e+02,2.29560e-01,8.53088e+01,4.35527e-01,8.39853e-01,1.84528e+00,1.13184e+01,2.94312e+00,2.84789e+01,3.72073e-01,3.35989e+02,4.63329e+00,1.48111e+00,7.24622e-01,1.87210e+01,3.95196e+00,3.66312e-01,1.40443e+00,8.21847e+00
1.33347e+00,1.93461e+02,2.29109e-01,8.37112e+01,4.34635e-01,8.38828e-01,1.84345e+00,1.12246e+01,2.93925e+00,2.81509e+01,3.71669e-01,3.29246e+02,4.59283e+00,1.47876e+00,7.23801e-01,1.83967e+01,3.95037e+00,3.65568e-01,1.40261e+00,8.19525e+00
1.33045e+00,1.89644e+02,2.28669e-01,8.21525e+01,4.33739e-01,8.37791e-01,1.84164e+00,1.11341e+01,2.93534e+00,2.78329e+01,3.71264e-01,3.22674e+02,4.55576e+00,1.47637e+00,7.22978e-01,1.80826e+01,3.94874e+00,3.64838e-01,1.40076e+00,8.17625e+00
1.32745e+00,1.85937e+02,2.28225e-01,8.06343e+01,4.32852e-01,8.36763e-01,1.83983e+00,1.10467e+01,2.93138e+00,2.75248e+01,3.70868e-01,3.16271e+02,4.52178e+00,1.47395e+00,7.22141e-01,1.77784e+01,3.94702e+00,3.64104e-01,1.39891e+00,8.16109e+00
1.32450e+00,1.82334e+02,2.27762e-01,7.91569e+01,4.31975e-01,8.35726e-01,1.83801e+00,1.09619e+01,2.92738e+00,2.72267e+01,3.70479e-01,3.10026e+02,4.49059e+00,1.47153e+00,7.21303e-01,1.74835e+01,3.94520e+00,3.63372e-01,1.39708e+00,8.15039e+00
1.32162e+00,1.78832e+02,2.27299e-01,7.77164e+01,4.31108e-01,8.34674e-01,1.83622e+00,1.08796e+01,2.92336e+00,2.69371e+01,3.70086e-01,3.03948e+02,4.46192e+00,1.46913e+00,7.20469e-01,1.71978e+01,3.94325e+00,3.62633e-01,1.39525e+00,8.14344e+00
1.31881e+00,1.75428e+02,2.26850e-01,7.63140e+01,4.30244e-01,8.33623e-01,1.83445e+00,1.08005e+01,2.91930e+00,2.66567e+01,3.69679e-01,2.98027e+02,4.43562e+00,1.46671e+00,7.19629e-01,1.69212e+01,3.94127e+00,3.61889e-01,1.39344e+00,8.14068e+00
1.31608e+00,1.72118e+02,2.26408e-01,7.49467e+01,4.29376e-01,8.32575e-01,1.83268e+00,1.07236e+01,2.91517e+00,2.63845e+01,3.69266e-01,2.92260e+02,4.41144e+00,1.46430e+00,7.18792e-01,1.66528e+01,3.93923e+00,3.61144e-01,1.39161e+00,8.14103e+00
1.31342e+00,1.68898e+02,2.25968e-01,7.36168e+01,4.28505e-01,8.31528e-01,1.83092e+00,1.06494e+01,2.91103e+00,2.61204e+01,3.68854e-01,2.86649e+02,4.38904e+00,1.46186e+00,7.17960e-01,1.63930e+01,3.93709e+00,3.60399e-01,1.38980e+00,8.14454e+00
1.31087e+00,1.65765e+02,2.25525e-01,7.23205e+01,4.27641e-01,8.30472e-01,1.82915e+00,1.05777e+01,2.90680e+00,2.58644e+01,3.68447e-01,2.81185e+02,4.36834e+00,1.45946e+00,7.17123e-01,1.61412e+01,3.93482e+00,3.59653e-01,1.38799e+00,8.14982e+00
1.30838e+00,1.62716e+02,2.25086e-01,7.10565e+01,4.26792e-01,8.29417e-01,1.82740e+00,1.05083e+01,2.90257e+00,2.56165e+01,3.68038e-01,2.75873e+02,4.34904e+00,1.45703e+00,7.16280e-01,1.58974e+01,3.93246e+00,3.58908e-01,1.38615e+00,8.15656e+00
1.30593e+00,1.59747e+02,2.24636e-01,6.98274e+01,4.25929e-01,8.28356e-01,1.82564e+00,1.04410e+01,2.89832e+00,2.53751e+01,3.67628e-01,2.70697e+02,4.33109e+00,1.45463e+00,7.15434e-01,1.56607e+01,3.93003e+00,3.58177e-01,1.38434e+00,8.16330e+00
1.30357e+00,1.56856e+02,2.24182e-01,6.86306e+01,4.25064e-01,8.27292e-01,1.82389e+00,1.03760e+01,2.89403e+00,2.51410e+01,3.67216e-01,2.65667e+02,4.31433e+00,1.45225e+00,7.14586e-01,1.54313e+01,3.92757e+00,3.57457e-01,1.38255e+00,8.16911e+00
1.30125e+00,1.54037e+02,2.23734e-01,6.74635e+01,4.24191e-01,8.26236e-01,1.82211e+00,1.03132e+01,2.88970e+00,2.49140e+01,3.66808e-01,2.60769e+02,4.29859e+00,1.44983e+00,7.13733e-01,1.52091e+01,3.92500e+00,3.56735e-01,1.38074e+00,8.17351e+00
1.29895e+00,1.51290e+02,2.23286e-01,6.63268e+01,4.23308e-01,8.25169e-01,1.82031e+00,1.02527e+01,2.88532e+00,2.46932e+01,3.66411e-01,2.56006e+02,4.28374e+00,1.44743e+00,7.12872e-01,1.49937e+01,3.92235e+00,3.56007e-01,1.37893e+00,8.17576e+00
1.29670e+00,1.48611e+02,2.22840e-01,6.52206e+01,4.22470e-01,8.24094e-01,1.81851e+00,1.01944e+01,2.88094e+00,2.44788e+01,3.66015e-01,2.51369e+02,4.26970e+00,1.44505e+00,7.12015e-01,1.47846e+01,3.91960e+00,3.55271e-01,1.37715e+00,8.17571e+00
1.29447e+00,1.45998e+02,2.22389e-01,6.41435e+01,4.21615e-01,8.23029e-01,1.81674e+00,1.01381e+01,2.87653e+00,2.42708e+01,3.65609e-01,2.46857e+02,4.25643e+00,1.44266e+00,7.11157e-01,1.45820e+01,3.91678e+00,3.54533e-01,1.37534e+00,8.17312e+00
1.29228e+00,1.43448e+02,2.21948e-01,6.30923e+01,4.20755e-01,8.21962e-01,1.81495e+00,1.00834e+01,2.87206e+00,2.40685e+01,3.65200e-01,2.42464e+02,4.24384e+00,1.44027e+00,7.10296e-01,1.43853e+01,3.91390e+00,3.53802e-01,1.37352e+00,8.16869e+00
1.29010e+00,1.40958e+02,2.21511e-01,6.20695e+01,4.19912e-01,8.20900e-01,1.81316e+00,1.00310e+01,2.86759e+00,2.38717e+01,3.64788e-01,2.38189e+02,4.23182e+00,1.43785e+00,7.09444e-01,1.41950e+01,3.91094e+00,3.53075e-01,1.37174e+00,8.16281e+00
1.28794e+00,1.38527e+02,2.21067e-01,6.10740e+01,4.19081e-01,8.19842e-01,1.81134e+00,9.98052e+00,2.86308e+00,2.36809e+01,3.64380e-01,2.34024e+02,4.22035e+00,1.43543e+00,7.08584e-01,1.40104e+01,3.90787e+00,3.52345e-01,1.36996e+00,8.15611e+00
1.28582e+00,1.36151e+02,2.20632e-01,6.01029e+01,4.18252e-01,8.18779e-01,1.80954e+00,9.93194e+00,2.85852e+00,2.34953e+01,3.63970e-01,2.29975e+02,4.20941e+00,1.43301e+00,7.07721e-01,1.38313e+01,3.90475e+00,3.51610e-01,1.36815e+00,8.15018e+00
1.28370e+00,1.33831e+02,2.20193e-01,5.91568e+01,4.17402e-01,8.17702e-01,1.80772e+00,9.88519e+00,2.85396e+00,2.33149e+01,3.63560e-01,2.26027e+02,4.19881e+00,1.43060e+00,7.06858e-01,1.36577e+01,3.90158e+00,3.50886e-01,1.36638e+00,8.14597e+00
1.28161e+00,1.31563e+02,2.19748e-01,5.82359e+01,4.16547e-01,8.16620e-01,1.80592e+00,9.84014e+00,2.84937e+00,2.31397e+01,3.63146e-01,2.22189e+02,4.18866e+00,1.42819e+00,7.05995e-01,1.34897e+01,3.89837e+00,3.50174e-01,1.36462e+00,8.14462e+00
1.27952e+00,1.29345e+02,2.19309e-01,5.73392e+01,4.15727e-01,8.15554e-01,1.80409e+00,9.79653e+00,2.84474e+00,2.29692e+01,3.62737e-01,2.18445e+02,4.17878e+00,1.42575e+00,7.05130e-01,1.33268e+01,3.89512e+00,3.49463e-01,1.36283e+00,8.14718e+00
1.27744e+00,1.27175e+02,2.18861e-01,5.64657e+01,4.14906e-01,8.14498e-01,1.80222e+00,9.75473e+00,2.84011e+00,2.28037e+01,3.62337e-01,2.14807e+02,4.16918e+00,1.42332e+00,7.04263e-01,1.31688e+01,3.89179e+00,3.48748e-01,1.36105e+00,8.15493e+00
1.27533e+00,1.25054e+02,2.18405e-01,5.56137e+01,4.14097e-01,8.13418e-01,1.80035e+00,9.71474e+00,2.83546e+00,2.26428e+01,3.61936e-01,2.11253e+02,4.15973e+00,1.42090e+00,7.03399e-01,1.30161e+01,3.88841e+00,3.48024e-01,1.35929e+00,8.16839e+00
1.27324e+00,1.22979e+02,2.17957e-01,5.47842e+01,4.13276e-01,8.12323e-01,1.79850e+00,9.67641e+00,2.83081e+00,2.24865e+01,3.61528e-01,2.07795e+02,4.15049e+00,1.41848e+00,7.02530e-01,1.28681e+01,3.88503e+00,3.47301e-01,1.35753e+00,8.18846e+00
1.27116e+00,1.20948e+02,2.17516e-01,5.39752e+01,4.12447e-01,8.11231e-01,1.79664e+00,9.63931e+00,2.82612e+00,2.23342e+01,3.61116e-01,2.04421e+02,4.14141e+00,1.41606e+00,7.01658e-01,1.27246e+01,3.88162e+00,3.46583e-01,1.35575e+00,8.21505e+00
1.26907e+00,1.18960e+02,2.17083e-01,5.31871e+01,4.11621e-01,8.10148e-01,1.79478e+00,9.60383e+00,2.82144e+00,2.21864e+01,3.60704e-01,2.01132e+02,4.13249e+00,1.41361e+00,7.00797e-01,1.25860e+01,3.87817e+00,3.45868e-01,1.35401e+00,8.24838e+00
1.26698e+00,1.17015e+02,2.16645e-01,5.24203e+01,4.10808e-01,8.09072e-01,1.79292e+00,9.56988e+00,2.81671e+00,2.20430e+01,3.60295e-01,1.97923e+02,4.12371e+00,1.41115e+00,6.99931e-01,1.24519e+01,3.87468e+00,3.45149e-01,1.35228e+00,8.28792e+00
1.26490e+00,1.15111e+02,2.16220e-01,5.16730e+01,4.09975e-01,8.08004e-01,1.79103e+00,9.53726e+00,2.81198e+00,2.19032e+01,3.59889e-01,1.94797e+02,4.11507e+00,1.40867e+00,6.99060e-01,1.23219e+01,3.87112e+00,3.44432e-01,1.35052e+00,8.33329e+00
1.26281e+00,1.13247e+02,2.15788e-01,5.09446e+01,4.09148e-01,8.06934e-01,1.78916e+00,9.50610e+00,2.80725e+00,2.17677e+01,3.59482e-01,1.91743e+02,4.10651e+00,1.40620e+00,6.98194e-01,1.21967e+01,3.86761e+00,3.43736e-01,1.34879e+00,8.38311e+00
1.26073e+00,1.11422e+02,2.15351e-01,5.02342e+01,4.08324e-01,8.05845e-01,1.78729e+00,9.47636e+00,2.80250e+00,2.16359e+01,3.59070e-01,1.88765e+02,4.09802e+00,1.40373e+00,6.97329e-01,1.20754e+01,3.86416e+00,3.43047e-01,1.34708e+00,8.43682e+00
1.25865e+00,1.09635e+02,2.14919e-01,4.95420e+01,4.07507e-01,8.04770e-01,1.78540e+00,9.44773e+00,2.79774e+00,2.15077e+01,3.58663e-01,1.85858e+02,4.08964e+00,1.40126e+00,6.96459e-01,1.19582e+01,3.86068e+00,3.42360e-01,1.34535e+00,8.49238e+00
1.25659e+00,1.07887e+02,2.14480e-01,4.88676e+01,4.06703e-01,8.03694e-01,1.78347e+00,9.42029e+00,2.79296e+00,2.13836e+01,3.58268e-01,1.83019e+02,4.08132e+00,1.39878e+00,6.95585e-01,1.18454e+01,3.85719e+00,3.41669e-01,1.34361e+00,8.54900e+00
1.25452e+00,1.06175e+02,2.14037e-01,4.82109e+01,4.05917e-01,8.02614e-01,1.78153e+00,9.39407e+00,2.78818e+00,2.12626e+01,3.57872e-01,1.80248e+02,4.07307e+00,1.39632e+00,6.94713e-01,1.17362e+01,3.85372e+00,3.40967e-01,1.34190e+00,8.60490e+00
1.25242e+00,1.04500e+02,2.13609e-01,4.75712e+01,4.05125e-01,8.01536e-01,1.77962e+00,9.36885e+00,2.78342e+00,2.11454e+01,3.58252e-01,1.77540e+02,4.06490e+00,1.39386e+00,6.93842e-01,1.16312e+01,3.85026e+00,3.40263e-01,1.34018e+00,8.65877e+00
1.25034e+00,1.02863e+02,2.13187e-01,4.69468e+01,4.04321e-01,8.00463e-01,1.77770e+00,9.34459e+00,2.77864e+00,2.10313e+01,3.58868e-01,1.74893e+02,4.05677e+00,1.39139e+00,6.92971e-01,1.15297e+01,3.84679e+00,3.39564e-01,1.33846e+00,8.70970e+00
1.24824e+00,1.01257e+02,2.12771e-01,4.63392e+01,4.03524e-01,7.99391e-01,1.77578e+00,9.32150e+00,2.77386e+00,2.09214e+01,3.59531e-01,1.72304e+02,4.04876e+00,1.38891e+00,6.92106e-01,1.14325e+01,3.84330e+00,3.38864e-01,1.33867e+00,8.75610e+00
1.24615e+00,9.96832e+01,2.12347e-01,4.57464e+01,4.02737e-01,7.98309e-01,1.77385e+00,9.29953e+00,2.77178e+00,2.08141e+01,3.59857e-01,1.69774e+02,4.04081e+00,1.38643e+00,6.91241e-01,1.13400e+01,3.84284e+00,3.38166e-01,1.34071e+00,8.79743e+00
1.24407e+00,9.81421e+01,2.11932e-01,4.51686e+01,4.01940e-01,7.97230e-01,1.77194e+00,9.28116e+00,2.77020e+00,2.07108e+01,3.59949e-01,1.67300e+02,4.03295e+00,1.38392e+00,6.90361e-01,1.12523e+01,3.84258e+00,3.38045e-01,1.34388e+00,8.83238e+00
1.24197e+00,9.66323e+01,2.11507e-01,4.46057e+01,4.02345e-01,7.96163e-01,1.77011e+00,9.26476e+00,2.76882e+00,2.06100e+01,3.59966e-01,1.64881e+02,4.02510e+00,1.38142e+00,6.89486e-01,1.11693e+01,3.84196e+00,3.38584e-01,1.35307e+00,8.86045e+00
1.23989e+00,9.51537e+01,2.11079e-01,4.40579e+01,4.02835e-01,7.95094e-01,1.76831e+00,9.24865e+00,2.76810e+00,2.05125e+01,3.59912e-01,1.62514e+02,4.01726e+00,1.37894e+00,6.88620e-01,1.10915e+01,3.84070e+00,3.38487e-01,1.36281e+00,8.88136e+00
1.23780e+00,9.37050e+01,2.10738e-01,4.35266e+01,4.03225e-01,7.98088e-01,1.76767e+00,9.23287e+00,2.76775e+00,2.04176e+01,3.61236e-01,1.60197e+02,4.00954e+00,1.37648e+00,6.88344e-01,1.10183e+01,3.84547e+00,3.38706e-01,1.37513e+00,8.89424e+00
1.23571e+00,9.22869e+01,2.10795e-01,4.30215e+01,4.03806e-01,8.00774e-01,1.76698e+00,9.21818e+00,2.76751e+00,2.03254e+01,3.63376e-01,1.57929e+02,4.00222e+00,1.37406e+00,6.87934e-01,1.09499e+01,3.84923e+00,3.43558e-01,1.38654e+00,8.90086e+00
1.23686e+00,9.09389e+01,2.12549e-01,4.25298e+01,4.04220e-01,8.04159e-01,1.76606e+00,9.20448e+00,2.77044e+00,2.02360e+01,3.65928e-01,1.55713e+02,3.99498e+00,1.37273e+00,6.87530e-01,1.08864e+01,3.84999e+00,3.48576e-01,1.39804e+00,8.89960e+00
1.23887e+00,8.96701e+01,2.15418e-01,4.20437e+01,4.04509e-01,8.06420e-01,1.76467e+00,9.19306e+00,2.77918e+00,2.01490e+01,3.67815e-01,1.53549e+02,3.98779e+00,1.37233e+00,6.87191e-01,1.08274e+01,3.84810e+00,3.53671e-01,1.41019e+00,8.89272e+00
1.24091e+00,8.83644e+01,2.18907e-01,4.15666e+01,4.04734e-01,8.07893e-01,1.76302e+00,9.18271e+00,2.79624e+00,2.00643e+01,3.69257e-01,1.51430e+02,3.98053e+00,1.37331e+00,6.88353e-01,1.07729e+01,3.84451e+00,3.63136e-01,1.42407e+00,8.87942e+00
1.24426e+00,8.70319e+01,2.22322e-01,4.11022e+01,4.04887e-01,8.08831e-01,1.76104e+00,9.17259e+00,2.82037e+00,1.99823e+01,3.70369e-01,1.49357e+02,3.97317e+00,1.37642e+00,6.89067e-01,1.07228e+01,3.84062e+00,3.76176e-01,1.44055e+00,8.85864e+00
1.25324e+00,8.57485e+01,2.25819e-01,4.06511e+01,4.04913e-01,8.09372e-01,1.75935e+00,9.16245e+00,2.85128e+00,1.99024e+01,3.71164e-01,1.47328e+02,3.96589e+00,1.38194e+00,6.89832e-01,1.06754e+01,3.83674e+00,3.88742e-01,1.45998e+00,8.83009e+00
1.27410e+00,8.44996e+01,2.29497e-01,4.02119e+01,4.04763e-01,8.09729e-01,1.75803e+00,9.15299e+00,2.89029e+00,1.98256e+01,3.71585e-01,1.45345e+02,3.95879e+00,1.38954e+00,6.91058e-01,1.06307e+01,3.83308e+00,3.97658e-01,1.48279e+00,8.79507e+00
1.31095e+00,8.32795e+01,2.32978e-01,3.97838e+01,4.04403e-01,8.09831e-01,1.75713e+00,9.14436e+00,2.93839e+00,1.97510e+01,3.71776e-01,1.43404e+02,3.95187e+00,1.39957e+00,6.92770e-01,1.05879e+01,3.82985e+00,4.01858e-01,1.50824e+00,8.75450e+00
1.36191e+00,8.20863e+01,2.35616e-01,3.93679e+01,4.03888e-01,8.09696e-01,1.75681e+00,9.13642e+00,2.99430e+00,1.96789e+01,3.71783e-01,1.41506e+02,3.94524e+00,1.41371e+00,6.94949e-01,1.05468e+01,3.82700e+00,4.02028e-01,1.53516e+00,8.70937e+00
1.41966e+00,8.09180e+01,2.36832e-01,3.89651e+01,4.03186e-01,8.09258e-01,1.75719e+00,9.12886e+00,3.05499e+00,1.96090e+01,3.71706e-01,1.39646e+02,3.93902e+00,1.43382e+00,6.97526e-01,1.05069e+01,3.82434e+00,3.99514e-01,1.56156e+00,8.66111e+00
1.47560e+00,7.97731e+01,2.36387e-01,3.85768e+01,4.02379e-01,8.08482e-01,1.75840e+00,9.12164e+00,3.11635e+00,1.95412e+01,3.71591e-01,1.37824e+02,3.93314e+00,1.45993e+00,7.00499e-01,1.04685e+01,3.82155e+00,3.95261e-01,1.58557e+00,8.60981e+00
1.52379e+00,7.86514e+01,2.34494e-01,3.82043e+01,4.01589e-01,8.07526e-01,1.76019e+00,9.11487e+00,3.17446e+00,1.94757e+01,3.71420e-01,1.36039e+02,3.92764e+00,1.48935e+00,7.03932e-01,1.04318e+01,3.81841e+00,3.89927e-01,1.60593e+00,8.55672e+00
1.56269e+00,7.75519e+01,2.31526e-01,3.78495e+01,4.00943e-01,8.06364e-01,1.76212e+00,9.10884e+00,3.22566e+00,1.94123e+01,3.71232e-01,1.34288e+02,3.92254e+00,1.51778e+00,7.07799e-01,1.03986e+01,3.81478e+00,3.83914e-01,1.62208e+00,8.50170e+00
1.59446e+00,7.64733e+01,2.28005e-01,3.75143e+01,4.00524e-01,8.05145e-01,1.76360e+00,9.10390e+00,3.26788e+00,1.93509e+01,3.71069e-01,1.32570e+02,3.91784e+00,1.54152e+00,7.12043e-01,1.03696e+01,3.81066e+00,3.77575e-01,1.63427e+00,8.44562e+00
1.62225e+00,7.54169e+01,2.24260e-01,3.72027e+01,4.00371e-01,8.03868e-01,1.76427e+00,9.10048e+00,3.30068e+00,1.92917e+01,3.70961e-01,1.30886e+02,3.91334e+00,1.55875e+00,7.16652e-01,1.03464e+01,3.80600e+00,3.71218e-01,1.64303e+00,8.38867e+00
1.64765e+00,7.43823e+01,2.20626e-01,3.69191e+01,4.00514e-01,8.02549e-01,1.76388e+00,9.09827e+00,3.32547e+00,1.92344e+01,3.70930e-01,1.29238e+02,3.90910e+00,1.56958e+00,7.21563e-01,1.03290e+01,3.80061e+00,3.65129e-01,1.64935e+00,8.33132e+00
1.66918e+00,7.33680e+01,2.17375e-01,3.66686e+01,4.00845e-01,8.01241e-01,1.76240e+00,9.09720e+00,3.34481e+00,1.91791e+01,3.70964e-01,1.27626e+02,3.90518e+00,1.57535e+00,7.26908e-01,1.03176e+01,3.79452e+00,3.59496e-01,1.65417e+00,8.27438e+00
1.68366e+00,7.23749e+01,2.14540e-01,3.64554e+01,4.01354e-01,7.99971e-01,1.75998e+00,9.09678e+00,3.36128e+00,1.91258e+01,3.71101e-01,1.26054e+02,3.90160e+00,1.57782e+00,7.32730e-01,1.03104e+01,3.78778e+00,3.54432e-01,1.65816e+00,8.21820e+00
1.68822e+00,7.14028e+01,2.12102e-01,3.62819e+01,4.02014e-01,7.98792e-01,1.75692e+00,9.09689e+00,3.37689e+00,1.90742e+01,3.71323e-01,1.24521e+02,3.89838e+00,1.57835e+00,7.39222e-01,1.03064e+01,3.78042e+00,3.50043e-01,1.66199e+00,8.16334e+00
1.68181e+00,7.04520e+01,2.10059e-01,3.61515e+01,4.02602e-01,7.97751e-01,1.75350e+00,9.09715e+00,3.39305e+00,1.90245e+01,3.71596e-01,1.23033e+02,3.89565e+00,1.57784e+00,7.46491e-01,1.03041e+01,3.77252e+00,3.46292e-01,1.66582e+00,8.10998e+00
1.66553e+00,6.95220e+01,2.08349e-01,3.60645e+01,4.03026e-01,7.96873e-01,1.75002e+00,9.09767e+00,3.41004e+00,1.89765e+01,3.71904e-01,1.21582e+02,3.89348e+00,1.57656e+00,7.54610e-01,1.03020e+01,3.76428e+00,3.43163e-01,1.66981e+00,8.05847e+00
1.64166e+00,6.86130e+01,2.06962e-01,3.60168e+01,4.03232e-01,7.96185e-01,1.74668e+00,9.09838e+00,3.42760e+00,1.89308e+01,3.72203e-01,1.20170e+02,3.89183e+00,1.57444e+00,7.63553e-01,1.02993e+01,3.75586e+00,3.40551e-01,1.67377e+00,8.00925e+00
1.61289e+00,6.77253e+01,2.05856e-01,3.60052e+01,4.03142e-01,7.95763e-01,1.74358e+00,9.09958e+00,3.44447e+00,1.88876e+01,3.72443e-01,1.18788e+02,3.89076e+00,1.57123e+00,7.73216e-01,1.02956e+01,3.74735e+00,3.38413e-01,1.67745e+00,7.96257e+00
1.58163e+00,6.68572e+01,2.04932e-01,3.60237e+01,4.02709e-01,7.95564e-01,1.74080e+00,9.10083e+00,3.45917e+00,1.88472e+01,3.72595e-01,1.17427e+02,3.89024e+00,1.56660e+00,7.83462e-01,1.02911e+01,3.73881e+00,3.36650e-01,1.68072e+00,7.91832e+00
1.54958e+00,6.60103e+01,2.04145e-01,3.60673e+01,4.01870e-01,7.95639e-01,1.73837e+00,9.10277e+00,3.47028e+00,1.88104e+01,3.72606e-01,1.16080e+02,3.89018e+00,1.56037e+00,7.94206e-01,1.02864e+01,3.73035e+00,3.35184e-01,1.68340e+00,7.87705e+00
1.51805e+00,6.51830e+01,2.03491e-01,3.61282e+01,4.00658e-01,7.96005e-01,1.73629e+00,9.10513e+00,3.47623e+00,1.87782e+01,3.72460e-01,1.14746e+02,3.89051e+00,1.55240e+00,8.05365e-01,1.02820e+01,3.72198e+00,3.33947e-01,1.68539e+00,7.83850e+00
1.48786e+00,6.43752e+01,2.02940e-01,3.61991e+01,3.99061e-01,7.96686e-01,1.73456e+00,9.10775e+00,3.47618e+00,1.87516e+01,3.72180e-01,1.13419e+02,3.89124e+00,1.54266e+00,8.16842e-01,1.02784e+01,3.71374e+00,3.32860e-01,1.68671e+00,7.80280e+00
1.45944e+00,6.35852e+01,2.02449e-01,3.62700e+01,3.97146e-01,7.97811e-01,1.73314e+00,9.11056e+00,3.46981e+00,1.87322e+01,3.71750e-01,1.12101e+02,3.89223e+00,1.53128e+00,8.28515e-01,1.02760e+01,3.70566e+00,3.31886e-01,1.68716e+00,7.76957e+00
1.43294e+00,6.28127e+01,2.02001e-01,3.63306e+01,3.95038e-01,7.99360e-01,1.73197e+00,9.11345e+00,3.45730e+00,1.87209e+01,3.71228e-01,1.10797e+02,3.89337e+00,1.51854e+00,8.40212e-01,1.02749e+01,3.69777e+00,3.30975e-01,1.68692e+00,7.73842e+00
1.40843e+00,6.20573e+01,2.01558e-01,3.63711e+01,3.92786e-01,8.01326e-01,1.73105e+00,9.11626e+00,3.43908e+00,1.87189e+01,3.70645e-01,1.09503e+02,3.89463e+00,1.50479e+00,8.51604e-01,1.02748e+01,3.68999e+00,3.30145e-01,1.68591e+00,7.70925e+00
1.38582e+00,6.13183e+01,2.01135e-01,3.63819e+01,3.90476e-01,8.03718e-01,1.73033e+00,9.11880e+00,3.41607e+00,1.87276e+01,3.70047e-01,1.08228e+02,3.89589e+00,1.49043e+00,8.62393e-01,1.02756e+01,3.68237e+00,3.29297e-01,1.68410e+00,7.68110e+00
1.36504e+00,6.05951e+01,2.00736e-01,3.63569e+01,3.88209e-01,8.06412e-01,1.72982e+00,9.12090e+00,3.38935e+00,1.87470e+01,3.69482e-01,1.06974e+02,3.89698e+00,1.47589e+00,8.72203e-01,1.02769e+01,3.67493e+00,3.28417e-01,1.68165e+00,7.65397e+00
1.34600e+00,5.98874e+01,2.00353e-01,3.62953e+01,3.86021e-01,8.09322e-01,1.72952e+00,9.12239e+00,3.36004e+00,1.87770e+01,3.68982e-01,1.05741e+02,3.89771e+00,1.46153e+00,8.80662e-01,1.02788e+01,3.66766e+00,3.27526e-01,1.67862e+00,7.62728e+00
1.32854e+00,5.91949e+01,1.99962e-01,3.62003e+01,3.83972e-01,8.12272e-01,1.72945e+00,9.12292e+00,3.32915e+00,1.88164e+01,3.68566e-01,1.04531e+02,3.89794e+00,1.44771e+00,8.87499e-01,1.02812e+01,3.66050e+00,3.26612e-01,1.67526e+00,7.60050e+00
1.31267e+00,5.85174e+01,1.99574e-01,3.60769e+01,3.82078e-01,8.15113e-01,1.72963e+00,9.12282e+00,3.29746e+00,1.88638e+01,3.68255e-01,1.03346e+02,3.89735e+00,1.43468e+00,8.92530e-01,1.02849e+01,3.65342e+00,3.25669e-01,1.67163e+00,7.57359e+00
1.29819e+00,5.78557e+01,1.99189e-01,3.59341e+01,3.80322e-01,8.17689e-01,1.73006e+00,9.12191e+00,3.26550e+00,1.89164e+01,3.68074e-01,1.02187e+02,3.89575e+00,1.42258e+00,8.95703e-01,1.02899e+01,3.64643e+00,3.24698e-01,1.66792e+00,7.54631e+00
1.28506e+00,5.72081e+01,1.98826e-01,3.57777e+01,3.78653e-01,8.19891e-01,1.73079e+00,9.12000e+00,3.23392e+00,1.89717e+01,3.67992e-01,1.01052e+02,3.89296e+00,1.41150e+00,8.97093e-01,1.02972e+01,3.63950e+00,3.23689e-01,1.66445e+00,7.51892e+00
1.27317e+00,5.65749e+01,1.98470e-01,3.56132e+01,3.77128e-01,8.21630e-01,1.73187e+00,9.11734e+00,3.20294e+00,1.90263e+01,3.67986e-01,9.99442e+01,3.88879e+00,1.40154e+00,8.96900e-01,1.03070e+01,3.63272e+00,3.22655e-01,1.66128e+00,7.49148e+00
1.26249e+00,5.59560e+01,1.98112e-01,3.54414e+01,3.75769e-01,8.22894e-01,1.73326e+00,9.11412e+00,3.17266e+00,1.90772e+01,3.68039e-01,9.88590e+01,3.88316e+00,1.39274e+00,8.95365e-01,1.03200e+01,3.62601e+00,3.21632e-01,1.65861e+00,7.46436e+00
1.25288e+00,5.53505e+01,1.97750e-01,3.52613e+01,3.74519e-01,8.23656e-01,1.73500e+00,9.11006e+00,3.14312e+00,1.91219e+01,3.68100e-01,9.77990e+01,3.87605e+00,1.38504e+00,8.92759e-01,1.03363e+01,3.61936e+00,3.20612e-01,1.65648e+00,7.43786e+00
1.24420e+00,5.47587e+01,1.97383e-01,3.50692e+01,3.73355e-01,8.24026e-01,1.73707e+00,9.10531e+00,3.11438e+00,1.91586e+01,3.68155e-01,9.67649e+01,3.86751e+00,1.37833e+00,8.89432e-01,1.03563e+01,3.61288e+00,3.19611e-01,1.65484e+00,7.41230e+00
1.23639e+00,5.41795e+01,1.97017e-01,3.48610e+01,3.72281e-01,8.24091e-01,1.73950e+00,9.10000e+00,3.08642e+00,1.91861e+01,3.68166e-01,9.57533e+01,3.85764e+00,1.37253e+00,8.85589e-01,1.03797e+01,3.60655e+00,3.18636e-01,1.65368e+00,7.38823e+00
1.22938e+00,5.36128e+01,1.96656e-01,3.46323e+01,3.71305e-01,8.23910e-01,1.74228e+00,9.09410e+00,3.05927e+00,1.92033e+01,3.68093e-01,9.47670e+01,3.84661e+00,1.36749e+00,8.81458e-01,1.04067e+01,3.60042e+00,3.17696e-01,1.65277e+00,7.36610e+00
1.22305e+00,5.30576e+01,1.96283e-01,3.43824e+01,3.70393e-01,8.23678e-01,1.74537e+00,9.08794e+00,3.03286e+00,1.92108e+01,3.67933e-01,9.38038e+01,3.83464e+00,1.36302e+00,8.77168e-01,1.04365e+01,3.59457e+00,3.16793e-01,1.65198e+00,7.34602e+00
1.21738e+00,5.25139e+01,1.95911e-01,3.41099e+01,3.69559e-01,8.23501e-01,1.74871e+00,9.08162e+00,3.00724e+00,1.92085e+01,3.67661e-01,9.28640e+01,3.82194e+00,1.35906e+00,8.72784e-01,1.04686e+01,3.58902e+00,3.15935e-01,1.65101e+00,7.32826e+00
1.21224e+00,5.19810e+01,1.95544e-01,3.38150e+01,3.68741e-01,8.23530e-01,1.75230e+00,9.07531e+00,2.98259e+00,1.91971e+01,3.67271e-01,9.19501e+01,3.80873e+00,1.35544e+00,8.68355e-01,1.05030e+01,3.58396e+00,3.15105e-01,1.64972e+00,7.31343e+00
1.20754e+00,5.14585e+01,1.95190e-01,3.35088e+01,3.67937e-01,8.25377e-01,1.75717e+00,9.06915e+00,2.95880e+00,1.91800e+01,3.66779e-01,9.10615e+01,3.79518e+00,1.35201e+00,8.63841e-01,1.05382e+01,3.57953e+00,3.14309e-01,1.64819e+00,7.30109e+00
1.20327e+00,5.09460e+01,1.94838e-01,3.31895e+01,3.67157e-01,8.30125e-01,1.76142e+00,9.06620e+00,2.93603e+00,1.91564e+01,3.66574e-01,9.01962e+01,3.78161e+00,1.34867e+00,8.59283e-01,1.05739e+01,3.57598e+00,3.13537e-01,1.64638e+00,7.29133e+00
1.19941e+00,5.04432e+01,1.94469e-01,3.28685e+01,3.66408e-01,8.38010e-01,1.76633e+00,9.07086e+00,2.91445e+00,1.91289e+01,3.66362e-01,8.93565e+01,3.76812e+00,1.34534e+00,8.54786e-01,1.06086e+01,3.57468e+00,3.12779e-01,1.64426e+00,7.28379e+00
1.19581e+00,4.99502e+01,1.94095e-01,3.25453e+01,3.65670e-01,8.46842e-01,1.77086e+00,9.08125e+00,2.89388e+00,1.90984e+01,3.66270e-01,8.85403e+01,3.75487e+00,1.34196e+00,8.50204e-01,1.06418e+01,3.57427e+00,3.12069e-01,1.64171e+00,7.27793e+00
1.19248e+00,4.94670e+01,1.93721e-01,3.22252e+01,3.64944e-01,8.55735e-01,1.77519e+00,9.09784e+00,2.87460e+00,1.90653e+01,3.66199e-01,8.77484e+01,3.74199e+00,1.33846e+00,8.45397e-01,1.06727e+01,3.57538e+00,3.11358e-01,1.63883e+00,7.27354e+00
1.18936e+00,4.89924e+01,1.93348e-01,3.19178e+01,3.64233e-01,8.66468e-01,1.77972e+00,9.11872e+00,2.85653e+00,1.90304e+01,3.66079e-01,8.69814e+01,3.72952e+00,1.33484e+00,8.40313e-01,1.07006e+01,3.57823e+00,3.10668e-01,1.63584e+00,7.26974e+00
1.18643e+00,4.85274e+01,1.92979e-01,3.16285e+01,3.63560e-01,8.81629e-01,1.78511e+00,9.14122e+00,2.83972e+00,1.89944e+01,3.65871e-01,8.62351e+01,3.71741e+00,1.33113e+00,8.34836e-01,1.07247e+01,3.58284e+00,3.09974e-01,1.63271e+00,7.26631e+00
1.18366e+00,4.80713e+01,1.92622e-01,3.13624e+01,3.62911e-01,9.08696e-01,1.79222e+00,9.16502e+00,2.82410e+00,1.89580e+01,3.65657e-01,8.55094e+01,3.70579e+00,1.32731e+00,8.28919e-01,1.07448e+01,3.58950e+00,3.09292e-01,1.62924e+00,7.26265e+00
1.18107e+00,4.76248e+01,1.92252e-01,3.11282e+01,3.62297e-01,9.70381e-01,1.80200e+00,9.18926e+00,2.80984e+00,1.89214e+01,3.65542e-01,8.48018e+01,3.69456e+00,1.32344e+00,8.22568e-01,1.07605e+01,3.59800e+00,3.08630e-01,1.62495e+00,7.25856e+00
1.17860e+00,4.71885e+01,1.91877e-01,3.09308e+01,3.61711e-01,1.09578e+00,1.81528e+00,9.21257e+00,2.79666e+00,1.88851e+01,3.65611e-01,8.41129e+01,3.68364e+00,1.31954e+00,8.15864e-01,1.07708e+01,3.60821e+00,3.07992e-01,1.61941e+00,7.25364e+00
1.17623e+00,4.67622e+01,1.91520e-01,3.07593e+01,3.61125e-01,1.27582e+00,1.83216e+00,9.23516e+00,2.78464e+00,1.88494e+01,3.65918e-01,8.34393e+01,3.67308e+00,1.31564e+00,8.08922e-01,1.07763e+01,3.61991e+00,3.07362e-01,1.61245e+00,7.24779e+00
1.17392e+00,4.63465e+01,1.91168e-01,3.05933e+01,3.60559e-01,1.47356e+00,1.85146e+00,9.25894e+00,2.77367e+00,1.88146e+01,3.66421e-01,8.27779e+01,3.66279e+00,1.31178e+00,8.01874e-01,1.07765e+01,3.63295e+00,3.06740e-01,1.60399e+00,7.24105e+00
1.17176e+00,4.59416e+01,1.90804e-01,3.04197e+01,3.60053e-01,1.68442e+00,1.87072e+00,9.28686e+00,2.76359e+00,1.87808e+01,3.67077e-01,8.21301e+01,3.65274e+00,1.30799e+00,7.94817e-01,1.07712e+01,3.64719e+00,3.06123e-01,1.59424e+00,7.23317e+00
1.16963e+00,4.55484e+01,1.90430e-01,3.02393e+01,3.59549e-01,1.87211e+00,1.88723e+00,9.32087e+00,2.75447e+00,1.87481e+01,3.67807e-01,8.14908e+01,3.64290e+00,1.30431e+00,7.87871e-01,1.07610e+01,3.66251e+00,3.05519e-01,1.58357e+00,7.22419e+00
1.16754e+00,4.51670e+01,1.90060e-01,3.00640e+01,3.59034e-01,1.96315e+00,1.89873e+00,9.36270e+00,2.74614e+00,1.87165e+01,3.68576e-01,8.08604e+01,3.63319e+00,1.30072e+00,7.81160e-01,1.07458e+01,3.67878e+00,3.04910e-01,1.57228e+00,7.21413e+00
1.16545e+00,4.47984e+01,1.89688e-01,2.99078e+01,3.58470e-01,1.94818e+00,1.90423e+00,9.41194e+00,2.73850e+00,1.86860e+01,3.69348e-01,8.02394e+01,3.62361e+00,1.29725e+00,7.74805e-01,1.07254e+01,3.69593e+00,3.04293e-01,1.56074e+00,7.20287e+00
1.16344e+00,4.44433e+01,1.89320e-01,2.97852e+01,3.57916e-01,1.87152e+00,1.90425e+00,9.46751e+00,2.73155e+00,1.86564e+01,3.70119e-01,7.96252e+01,3.61406e+00,1.29387e+00,7.68919e-01,1.07007e+01,3.71397e+00,3.03680e-01,1.54917e+00,7.19038e+00
1.16148e+00,4.41026e+01,1.88964e-01,2.97034e+01,3.57337e-01,1.77827e+00,1.90045e+00,9.52600e+00,2.72510e+00,1.86275e+01,3.70904e-01,7.90180e+01,3.60455e+00,1.29058e+00,7.63666e-01,1.06718e+01,3.73289e+00,3.03073e-01,1.53781e+00,7.17705e+00
1.15952e+00,4.37775e+01,1.88603e-01,2.96625e+01,3.56726e-01,1.69642e+00,1.89490e+00,9.58408e+00,2.71914e+00,1.85990e+01,3.71712e-01,7.84174e+01,3.59509e+00,1.28743e+00,7.59260e-01,1.06393e+01,3.75287e+00,3.02477e-01,1.52667e+00,7.16243e+00
1.15759e+00,4.34692e+01,1.88246e-01,2.96571e+01,3.56081e-01,1.63966e+00,1.88960e+00,9.63667e+00,2.71355e+00,1.85710e+01,3.72547e-01,7.78236e+01,3.58565e+00,1.28437e+00,7.56002e-01,1.06028e+01,3.77380e+00,3.01894e-01,1.51581e+00,7.14688e+00
1.15566e+00,4.31788e+01,1.87904e-01,2.96757e+01,3.55387e-01,1.61267e+00,1.88593e+00,9.68065e+00,2.70831e+00,1.85432e+01,3.73402e-01,7.72377e+01,3.57629e+00,1.28145e+00,7.54126e-01,1.05636e+01,3.79565e+00,3.01311e-01,1.50528e+00,7.13061e+00
1.15376e+00,4.29073e+01,1.87567e-01,2.97049e+01,3.54678e-01,1.61382e+00,1.88469e+00,9.71375e+00,2.70322e+00,1.85153e+01,3.74277e-01,7.66573e+01,3.56688e+00,1.27861e+00,7.53938e-01,1.05215e+01,3.81811e+00,3.00729e-01,1.49513e+00,7.11346e+00
1.15188e+00,4.26563e+01,1.87221e-01,2.97327e+01,3.53954e-01,1.63668e+00,1.88612e+00,9.73463e+00,2.69834e+00,1.84875e+01,3.75159e-01,7.60850e+01,3.55756e+00,1.27589e+00,7.55606e-01,1.04773e+01,3.84082e+00,3.00152e-01,1.48538e+00,7.09563e+00
1.15003e+00,4.24266e+01,1.86882e-01,2.97518e+01,3.53220e-01,1.67102e+00,1.89004e+00,9.74308e+00,2.69350e+00,1.84595e+01,3.76041e-01,7.55205e+01,3.54827e+00,1.27326e+00,7.59199e-01,1.04312e+01,3.86316e+00,2.99578e-01,1.47605e+00,7.07756e+00
1.14819e+00,4.22189e+01,1.86573e-01,2.97584e+01,3.52482e-01,1.70556e+00,1.89599e+00,9.74148e+00,2.68865e+00,1.84314e+01,3.76904e-01,7.49620e+01,3.53909e+00,1.27069e+00,7.64665e-01,1.03837e+01,3.88440e+00,2.99004e-01,1.46714e+00,7.05924e+00
1.14634e+00,4.20336e+01,1.86285e-01,2.97524e+01,3.51717e-01,1.73067e+00,1.90340e+00,9.73126e+00,2.68377e+00,1.84033e+01,3.77718e-01,7.44121e+01,3.53000e+00,1.26817e+00,7.71743e-01,1.03351e+01,3.90378e+00,2.98426e-01,1.45869e+00,7.04084e+00
1.14450e+00,4.18706e+01,1.86032e-01,2.97369e+01,3.50977e-01,1.74038e+00,1.91182e+00,9.71495e+00,2.67881e+00,1.83754e+01,3.78457e-01,7.38706e+01,3.52097e+00,1.26572e+00,7.80002e-01,1.02858e+01,3.92054e+00,2.97849e-01,1.45067e+00,7.02260e+00
1.14266e+00,4.17287e+01,1.85792e-01,2.97169e+01,3.50286e-01,1.73290e+00,1.92084e+00,9.69530e+00,2.67374e+00,1.83479e+01,3.79118e-01,7.33362e+01,3.51213e+00,1.26331e+00,7.88981e-01,1.02362e+01,3.93404e+00,2.97272e-01,1.44296e+00,7.00479e+00
1.14082e+00,4.16071e+01,1.85547e-01,2.96952e+01,3.49621e-01,1.70939e+00,1.93045e+00,9.67377e+00,2.66856e+00,1.83209e+01,3.79702e-01,7.28100e+01,3.50345e+00,1.26097e+00,7.98214e-01,1.01866e+01,3.94358e+00,2.96696e-01,1.43562e+00,6.98756e+00
1.13897e+00,4.15036e+01,1.85292e-01,2.96748e+01,3.48943e-01,1.67299e+00,1.94083e+00,9.65203e+00,2.66327e+00,1.82947e+01,3.80194e-01,7.22921e+01,3.49488e+00,1.25864e+00,8.07264e-01,1.01371e+01,3.94886e+00,2.96134e-01,1.42851e+00,6.97083e+00
1.13713e+00,4.14164e+01,1.85042e-01,2.96558e+01,3.48239e-01,1.62746e+00,1.95249e+00,9.63028e+00,2.65782e+00,1.82698e+01,3.80613e-01,7.17837e+01,3.48648e+00,1.25635e+00,8.15714e-01,1.00881e+01,3.94956e+00,2.95573e-01,1.42178e+00,6.95481e+00
1.13529e+00,4.13423e+01,1.93080e-01,2.96368e+01,3.63304e-01,1.57642e+00,1.96613e+00,9.60876e+00,2.66201e+00,1.82533e+01,3.80950e-01,7.12853e+01,3.47823e+00,1.25415e+00,8.23257e-01,1.00400e+01,3.94721e+00,3.09570e-01,1.41538e+00,6.93962e+00
1.14316e+00,4.12882e+01,2.06676e-01,2.96379e+01,4.24374e-01,1.52298e+00,1.98893e+00,9.60216e+00,2.67522e+00,1.82410e+01,3.81253e-01,7.07967e+01,3.47983e+00,1.26761e+00,8.29677e-01,9.99916e+00,3.95958e+00,3.20301e-01,1.42875e+00,6.93596e+00
1.15658e+00,4.12352e+01,2.26084e-01,2.96768e+01,5.44638e-01,1.46978e+00,2.01688e+00,9.60500e+00,2.69015e+00,1.82368e+01,3.81539e-01,7.03187e+01,3.48407e+00,1.28324e+00,8.34844e-01,9.96728e+00,3.97282e+00,3.30833e-01,1.44826e+00,6.94525e+00
1.16612e+00,4.11930e+01,2.45170e-01,2.97208e+01,7.29565e-01,1.41873e+00,2.05336e+00,9.59872e+00,2.70581e+00,1.82406e+01,3.81815e-01,6.98530e+01,3.49153e+00,1.29735e+00,8.38691e-01,9.94080e+00,3.98286e+00,3.46300e-01,1.47435e+00,6.95630e+00
1.17333e+00,4.11579e+01,2.62137e-01,2.97051e+01,9.78335e-01,1.37164e+00,2.09641e+00,9.58595e+00,2.72148e+00,1.82467e+01,3.82088e-01,6.93945e+01,3.50399e+00,1.31342e+00,8.41273e-01,9.93392e+00,3.98404e+00,3.64543e-01,1.50279e+00,6.97785e+00
1.18525e+00,4.11217e+01,2.77354e-01,2.96717e+01,1.27242e+00,1.32860e+00,2.14542e+00,9.56967e+00,2.73636e+00,1.82568e+01,3.82358e-01,6.89474e+01,3.51159e+00,1.33068e+00,8.42680e-01,9.96042e+00,3.97792e+00,3.81639e-01,1.53472e+00,6.99606e+00
1.20451e+00,4.10855e+01,2.91640e-01,2.96348e+01,1.50200e+00,1.29029e+00,2.19913e+00,9.54783e+00,2.75150e+00,1.82707e+01,3.82631e-01,6.85118e+01,3.51141e+00,1.34755e+00,8.43124e-01,1.00036e+01,3.96676e+00,3.96015e-01,1.56971e+00,7.00453e+00
1.23119e+00,4.10493e+01,3.04050e-01,2.95864e+01,1.63128e+00,1.25672e+00,2.25273e+00,9.52104e+00,2.76874e+00,1.82882e+01,3.82881e-01,6.80880e+01,3.50863e+00,1.36327e+00,8.42814e-01,1.00384e+01,3.95141e+00,4.08199e-01,1.60490e+00,7.00540e+00
1.26428e+00,4.10118e+01,3.12386e-01,2.95417e+01,1.72830e+00,1.22802e+00,2.30140e+00,9.49114e+00,2.78918e+00,1.83087e+01,3.83093e-01,6.76754e+01,3.50839e+00,1.37910e+00,8.41997e-01,1.00465e+01,3.93353e+00,4.19006e-01,1.63934e+00,7.00359e+00
1.30204e+00,4.09718e+01,3.14952e-01,2.95123e+01,1.84999e+00,1.20415e+00,2.34091e+00,9.45895e+00,2.81352e+00,1.83312e+01,3.83231e-01,6.72755e+01,3.51334e+00,1.39747e+00,8.40914e-01,1.00235e+01,3.91437e+00,4.28680e-01,1.67302e+00,7.00236e+00
1.34236e+00,4.09286e+01,3.11566e-01,2.95025e+01,1.96950e+00,1.18479e+00,2.36709e+00,9.42602e+00,2.84183e+00,1.83560e+01,3.83268e-01,6.68859e+01,3.52424e+00,1.41894e+00,8.39795e-01,9.98195e+00,3.89590e+00,4.36469e-01,1.70565e+00,7.00264e+00
1.38366e+00,4.08817e+01,3.03518e-01,2.95039e+01,2.02133e+00,1.16954e+00,2.37731e+00,9.39367e+00,2.87422e+00,1.83826e+01,3.83174e-01,6.65088e+01,3.54099e+00,1.44181e+00,8.38789e-01,9.94334e+00,3.88064e+00,4.41269e-01,1.73655e+00,7.00431e+00
1.42543e+00,4.08298e+01,2.92606e-01,2.95030e+01,1.98306e+00,1.15796e+00,2.37147e+00,9.36467e+00,2.91010e+00,1.84119e+01,3.82938e-01,6.61443e+01,3.56300e+00,1.46348e+00,8.37983e-01,9.92376e+00,3.86941e+00,4.42192e-01,1.76454e+00,7.00718e+00
1.46783e+00,4.07704e+01,2.80489e-01,2.94886e+01,1.88036e+00,1.14953e+00,2.35166e+00,9.34031e+00,2.94855e+00,1.84435e+01,3.82543e-01,6.57923e+01,3.58899e+00,1.48224e+00,8.37390e-01,9.92758e+00,3.86111e+00,4.39147e-01,1.78948e+00,7.01099e+00
1.51071e+00,4.07009e+01,2.68405e-01,2.94573e+01,1.74833e+00,1.14376e+00,2.32135e+00,9.32204e+00,2.98832e+00,1.84775e+01,3.81963e-01,6.54570e+01,3.61729e+00,1.49771e+00,8.36938e-01,9.94578e+00,3.85423e+00,4.32878e-01,1.81218e+00,7.01635e+00
1.55238e+00,4.06181e+01,2.57304e-01,2.94129e+01,1.61115e+00,1.14012e+00,2.28425e+00,9.31087e+00,3.02794e+00,1.85130e+01,3.81195e-01,6.51384e+01,3.64584e+00,1.51054e+00,8.36457e-01,9.96310e+00,3.84920e+00,4.24703e-01,1.83310e+00,7.02386e+00
1.58974e+00,4.05199e+01,2.47616e-01,2.93637e+01,1.47968e+00,1.13805e+00,2.24356e+00,9.30679e+00,3.06633e+00,1.85493e+01,3.80254e-01,6.48378e+01,3.67270e+00,1.52187e+00,8.35806e-01,9.96736e+00,3.84812e+00,4.16289e-01,1.85272e+00,7.03361e+00
1.61950e+00,4.04036e+01,2.39525e-01,2.93170e+01,1.35708e+00,1.13698e+00,2.20163e+00,9.30953e+00,3.10282e+00,1.85852e+01,3.79130e-01,6.45584e+01,3.69646e+00,1.53254e+00,8.34830e-01,9.95475e+00,3.85329e+00,4.09526e-01,1.87126e+00,7.04608e+00
1.63950e+00,4.02684e+01,2.33057e-01,2.92788e+01,1.24323e+00,1.13645e+00,2.16035e+00,9.31887e+00,3.13744e+00,1.86201e+01,3.77835e-01,6.43007e+01,3.71606e+00,1.54304e+00,8.33375e-01,9.92877e+00,3.86550e+00,4.06875e-01,1.88789e+00,7.06069e+00
1.64932e+00,4.01147e+01,2.27963e-01,2.92527e+01,1.13760e+00,1.13584e+00,2.12088e+00,9.33325e+00,3.17025e+00,1.86530e+01,3.76360e-01,6.40676e+01,3.73129e+00,1.55327e+00,8.31305e-01,9.89674e+00,3.88285e+00,4.11951e-01,1.90269e+00,7.07632e+00
1.64982e+00,3.99435e+01,2.24035e-01,2.92391e+01,1.04014e+00,1.13481e+00,2.08393e+00,9.35153e+00,3.20182e+00,1.86837e+01,3.74752e-01,6.38593e+01,3.74236e+00,1.56285e+00,8.28535e-01,9.86528e+00,3.90114e+00,4.30162e-01,1.91565e+00,7.09230e+00
1.65296e+00,3.97570e+01,2.20987e-01,2.92357e+01,9.50953e-01,1.13312e+00,2.04986e+00,9.37303e+00,3.23238e+00,1.87116e+01,3.73020e-01,6.36759e+01,3.74994e+00,1.57126e+00,8.25017e-01,9.83818e+00,3.91583e+00,4.68469e-01,1.92713e+00,7.10722e+00
1.65797e+00,3.95567e+01,2.18452e-01,2.92392e+01,8.70431e-01,1.13057e+00,2.01881e+00,9.39635e+00,3.26527e+00,1.87367e+01,3.71187e-01,6.35190e+01,3.75559e+00,1.57800e+00,8.20733e-01,9.81629e+00,3.92387e+00,5.32196e-01,1.93767e+00,7.12290e+00
1.65686e+00,3.93453e+01,2.20855e-01,2.92458e+01,8.08709e-01,1.12702e+00,1.99074e+00,9.42095e+00,3.30727e+00,1.87607e+01,3.69305e-01,6.33889e+01,3.75855e+00,1.58411e+00,8.15704e-01,9.79850e+00,3.93189e+00,6.21530e-01,1.94741e+00,7.13685e+00
1.66031e+00,3.92808e+01,2.29922e-01,2.92506e+01,7.79085e-01,1.12436e+00,1.96561e+00,9.44883e+00,3.36802e+00,1.87876e+01,3.67389e-01,6.33043e+01,3.76052e+00,1.58957e+00,8.09983e-01,9.78498e+00,3.94211e+00,7.41633e-01,1.95900e+00,7.15031e+00
1.68260e+00,3.92559e+01,2.44376e-01,2.93283e+01,7.82908e-01,1.14362e+00,1.95707e+00,9.53497e+00,3.44208e+00,1.88166e+01,3.78170e-01,6.32364e+01,3.76273e+00,1.59416e+00,8.09841e-01,9.77532e+00,3.95706e+00,8.35507e-01,1.96966e+00,7.16687e+00
1.72136e+00,3.89542e+01,2.60421e-01,2.96225e+01,8.13742e-01,1.14965e+00,1.99516e+00,9.63747e+00,3.52055e+00,1.88544e+01,4.00149e-01,6.32028e+01,3.76688e+00,1.59624e+00,8.06030e-01,9.77241e+00,3.97837e+00,9.10435e-01,1.97769e+00,7.18780e+00
1.76879e+00,3.86903e+01,2.74235e-01,3.00017e+01,8.75630e-01,1.19919e+00,2.17332e+00,9.67423e+00,3.59497e+00,1.89044e+01,4.27062e-01,6.31983e+01,3.77215e+00,1.59725e+00,8.07932e-01,9.77701e+00,4.00970e+00,9.59233e-01,1.98336e+00,7.21804e+00
1.82307e+00,3.84752e+01,2.85551e-01,3.01007e+01,9.79784e-01,1.21323e+00,2.51468e+00,9.70265e+00,3.66613e+00,1.89688e+01,4.45378e-01,6.32302e+01,3.78027e+00,1.59823e+00,9.05327e-01,9.78994e+00,4.05423e+00,9.75196e-01,1.99518e+00,7.25086e+00
1.87952e+00,3.82797e+01,2.96088e-01,3.01729e+01,1.10112e+00,1.23996e+00,2.86775e+00,9.73413e+00,3.74344e+00,1.90475e+01,4.56176e-01,6.33150e+01,3.79203e+00,1.59932e+00,1.16842e+00,9.81175e+00,4.11335e+00,9.71206e-01,2.01792e+00,7.28815e+00
1.93339e+00,3.80963e+01,3.05956e-01,3.02904e+01,1.19267e+00,1.26037e+00,3.12685e+00,9.76404e+00,3.83817e+00,1.91381e+01,4.61792e-01,6.34728e+01,3.80776e+00,1.60107e+00,1.41491e+00,9.84218e+00,4.18848e+00,9.41546e-01,2.04349e+00,7.33171e+00
1.98488e+00,3.79215e+01,3.13486e-01,3.04515e+01,1.24512e+00,1.27828e+00,3.33117e+00,9.80495e+00,3.95481e+00,1.92385e+01,4.63115e-01,6.37191e+01,3.82853e+00,1.60413e+00,1.53155e+00,9.88079e+00,4.28833e+00,9.03969e-01,2.06763e+00,7.38092e+00
2.03702e+00,3.77517e+01,3.16661e-01,3.06691e+01,1.28484e+00,1.33094e+00,3.47109e+00,9.86041e+00,4.08706e+00,1.93489e+01,4.61254e-01,6.40686e+01,3.85361e+00,1.60976e+00,1.57853e+00,9.92647e+00,4.43314e+00,8.64959e-01,2.09153e+00,7.43634e+00
2.09084e+00,3.75863e+01,3.14619e-01,3.09314e+01,1.34136e+00,1.50491e+00,3.52612e+00,9.92777e+00,4.22334e+00,1.94692e+01,4.56939e-01,6.45255e+01,3.88246e+00,1.61895e+00,1.56384e+00,9.97774e+00,4.64887e+00,8.25675e-01,2.11579e+00,7.49744e+00
2.14238e+00,3.74266e+01,3.07998e-01,3.12078e+01,1.42418e+00,1.83856e+00,3.51723e+00,1.00073e+01,4.35524e+00,1.95940e+01,4.51462e-01,6.50892e+01,3.91424e+00,1.63205e+00,1.50845e+00,1.00319e+01,4.96373e+00,7.85436e-01,2.14083e+00,7.56347e+00
2.18876e+00,3.72746e+01,2.98276e-01,3.14751e+01,1.51409e+00,2.18035e+00,3.47123e+00,1.00993e+01,4.47891e+00,1.97129e+01,4.45745e-01,6.57790e+01,3.94747e+00,1.64860e+00,1.44567e+00,1.00866e+01,5.40993e+00,7.48811e-01,2.16699e+00,7.63246e+00
2.21954e+00,3.71322e+01,2.87110e-01,3.17299e+01,1.58142e+00,2.36467e+00,3.39460e+00,1.02025e+01,4.59402e+00,1.98176e+01,4.40114e-01,6.66835e+01,3.98060e+00,1.66758e+00,1.39588e+00,1.01406e+01,6.01326e+00,7.07315e-01,2.19388e+00,7.70103e+00
2.23129e+00,3.69997e+01,2.75700e-01,3.19724e+01,1.60694e+00,2.37580e+00,3.28746e+00,1.03139e+01,4.69969e+00,1.99026e+01,4.34393e-01,6.79272e+01,4.01168e+00,1.68790e+00,1.36253e+00,1.01943e+01,6.78641e+00,6.68932e-01,2.22114e+00,7.76755e+00
2.22756e+00,3.68780e+01,2.64960e-01,3.21992e+01,1.58726e+00,2.27864e+00,3.16142e+00,1.04313e+01,4.79310e+00,1.99660e+01,4.28320e-01,6.95275e+01,4.03927e+00,1.70843e+00,1.34073e+00,1.02474e+01,7.76103e+00,6.34020e-01,2.24851e+00,7.83125e+00
2.21213e+00,3.67673e+01,2.55364e-01,3.23989e+01,1.52938e+00,2.13504e+00,3.04007e+00,1.05526e+01,4.87189e+00,2.00091e+01,4.21836e-01,7.12957e+01,4.06202e+00,1.72882e+00,1.32546e+00,1.02987e+01,8.98598e+00,6.02821e-01,2.27633e+00,7.89553e+00
2.18846e+00,3.66686e+01,2.47115e-01,3.25617e+01,1.44454e+00,1.98229e+00,2.95107e+00,1.06782e+01,4.93764e+00,2.00352e+01,4.15078e-01,7.29211e+01,4.07907e+00,1.74725e+00,1.31421e+00,1.03447e+01,1.04025e+01,5.76003e-01,2.30540e+00,7.96251e+00
2.16004e+00,3.65832e+01,2.40238e-01,3.26869e+01,1.34437e+00,1.83837e+00,2.92457e+00,1.08164e+01,4.99577e+00,2.00481e+01,4.08254e-01,7.41558e+01,4.09020e+00,1.76413e+00,1.30604e+00,1.03837e+01,1.17566e+01,5.54431e-01,2.33645e+00,8.03113e+00
2.12995e+00,3.65128e+01,2.34620e-01,3.27829e+01,1.24658e+00,1.71002e+00,2.98089e+00,1.10519e+01,5.05270e+00,2.00512e+01,4.01626e-01,7.49016e+01,4.09552e+00,1.77886e+00,1.32130e+00,1.04119e+01,1.27622e+01,5.40003e-01,2.36985e+00,8.10172e+00
2.10027e+00,3.64586e+01,2.30101e-01,3.28640e+01,1.17306e+00,1.59944e+00,3.13487e+00,1.13386e+01,5.11233e+00,2.00478e+01,4.19675e-01,7.51896e+01,4.09568e+00,1.79038e+00,1.35262e+00,1.04307e+01,1.33113e+01,5.32239e-01,2.43790e+00,8.17233e+00
2.07173e+00,3.64213e+01,2.26444e-01,3.29396e+01,1.23123e+00,1.50526e+00,3.42093e+00,1.14983e+01,5.17483e+00,2.00402e+01,5.95227e-01,7.51127e+01,4.09164e+00,1.79772e+00,1.48712e+00,1.04412e+01,1.34825e+01,5.33801e-01,2.54138e+00,8.24023e+00
2.04388e+00,3.64012e+01,2.23411e-01,3.30243e+01,2.24172e+00,1.42692e+00,3.80392e+00,1.16207e+01,5.23742e+00,2.00279e+01,9.64834e-01,7.47764e+01,4.08471e+00,1.80030e+00,1.63296e+00,1.04449e+01,1.34271e+01,5.48397e-01,2.64979e+00,8.30399e+00
2.01585e+00,3.63972e+01,2.20787e-01,3.31305e+01,4.44498e+00,1.36193e+00,4.10007e+00,1.17491e+01,5.29613e+00,2.00104e+01,1.29090e+00,7.42713e+01,4.07644e+00,1.79806e+00,1.71838e+00,1.04444e+01,1.32824e+01,5.79104e-01,2.74696e+00,8.36336e+00
1.98692e+00,3.64082e+01,2.18475e-01,3.32705e+01,5.85967e+00,1.30810e+00,4.25342e+00,1.18873e+01,5.34818e+00,1.99852e+01,1.50619e+00,7.36616e+01,4.06868e+00,1.79159e+00,1.78447e+00,1.04422e+01,1.31369e+01,6.26180e-01,2.83531e+00,8.41781e+00
1.95747e+00,3.64339e+01,2.16383e-01,3.34581e+01,5.56978e+00,1.26568e+00,4.31062e+00,1.20353e+01,5.39279e+00,1.99501e+01,1.54546e+00,7.29954e+01,4.06344e+00,1.78209e+00,1.79731e+00,1.04434e+01,1.30273e+01,6.85200e-01,2.91424e+00,8.46776e+00
1.92861e+00,3.64718e+01,2.14417e-01,3.37136e+01,4.60005e+00,1.24114e+00,4.33046e+00,1.21938e+01,5.43125e+00,1.99035e+01,1.43850e+00,7.23022e+01,4.06323e+00,1.77102e+00,1.75213e+00,1.04535e+01,1.29460e+01,7.47190e-01,2.98372e+00,8.51131e+00
1.90175e+00,3.65198e+01,2.12567e-01,3.40626e+01,3.65183e+00,1.24977e+00,4.35919e+00,1.23680e+01,5.46565e+00,1.98450e+01,1.28188e+00,7.16027e+01,4.07080e+00,1.75983e+00,1.67237e+00,1.04828e+01,1.28566e+01,8.00869e-01,3.04614e+00,8.54611e+00
1.87740e+00,3.65751e+01,2.10802e-01,3.45416e+01,2.90262e+00,1.31015e+00,4.41911e+00,1.25622e+01,5.49770e+00,1.97756e+01,1.13616e+00,7.09088e+01,4.08904e+00,1.74997e+00,1.58214e+00,1.05480e+01,1.27178e+01,8.37353e-01,3.10362e+00,8.56934e+00
1.85504e+00,3.66350e+01,2.09163e-01,3.51643e+01,2.34196e+00,1.41546e+00,4.50729e+00,1.27796e+01,5.52757e+00,1.96977e+01,1.01723e+00,7.02293e+01,4.12065e+00,1.74281e+00,1.49488e+00,1.06767e+01,1.25011e+01,8.52910e-01,3.15503e+00,8.57799e+00
1.83320e+00,3.66957e+01,2.07657e-01,3.59016e+01,1.92319e+00,1.51918e+00,4.60060e+00,1.30198e+01,5.55349e+00,1.96148e+01,9.20779e-01,6.95709e+01,4.16780e+00,1.73953e+00,1.41556e+00,1.09145e+01,1.22002e+01,8.49051e-01,3.19841e+00,8.57103e+00
1.81046e+00,3.67528e+01,2.06327e-01,3.66660e+01,1.60576e+00,1.57888e+00,4.66949e+00,1.32805e+01,5.57203e+00,1.95309e+01,8.39227e-01,6.89354e+01,4.23159e+00,1.74102e+00,1.34524e+00,1.13398e+01,1.18278e+01,8.30700e-01,3.23254e+00,8.54918e+00
1.78598e+00,3.68036e+01,2.05138e-01,3.73546e+01,1.36114e+00,1.58866e+00,4.69267e+00,1.35552e+01,5.57921e+00,1.94504e+01,7.67844e-01,6.83252e+01,4.31179e+00,1.74769e+00,1.28399e+00,1.20722e+01,1.14070e+01,8.04096e-01,3.25765e+00,8.51426e+00
1.75970e+00,3.68450e+01,2.04077e-01,3.79009e+01,1.16992e+00,1.56566e+00,4.66417e+00,1.38350e+01,5.57159e+00,1.93768e+01,7.04637e-01,6.77414e+01,4.40625e+00,1.75924e+00,1.23170e+00,1.32651e+01,1.09621e+01,7.75633e-01,3.27542e+00,8.46859e+00
1.73222e+00,3.68761e+01,2.03167e-01,3.82859e+01,1.01902e+00,1.52833e+00,4.59063e+00,1.41103e+01,5.54702e+00,1.93137e+01,6.49067e-01,6.71841e+01,4.51162e+00,1.77482e+00,1.18817e+00,1.50772e+01,1.05134e+01,7.52194e-01,3.28776e+00,8.41414e+00
1.70429e+00,3.68970e+01,2.02408e-01,3.85316e+01,8.99121e-01,1.48916e+00,4.48669e+00,1.43712e+01,5.50519e+00,1.92642e+01,6.00981e-01,6.66558e+01,4.62323e+00,1.79280e+00,1.15257e+00,1.76479e+01,1.00746e+01,7.42573e-01,3.29614e+00,8.35362e+00
1.67675e+00,3.69101e+01,2.01757e-01,3.86701e+01,8.03408e-01,1.45512e+00,4.36979e+00,1.46085e+01,5.44725e+00,1.92307e+01,5.60038e-01,6.61531e+01,4.73614e+00,1.81110e+00,1.12381e+00,2.10120e+01,9.65409e+00,7.57987e-01,3.30256e+00,8.28856e+00
1.65023e+00,3.69199e+01,2.01210e-01,3.87296e+01,7.26647e-01,1.43012e+00,4.25683e+00,1.48150e+01,5.37550e+00,1.92146e+01,5.25708e-01,6.56763e+01,4.84560e+00,1.82773e+00,1.10051e+00,2.48558e+01,9.25673e+00,8.08548e-01,3.30898e+00,8.22019e+00
1.62515e+00,3.69322e+01,2.00728e-01,3.87337e+01,6.64903e-01,1.41712e+00,4.16234e+00,1.49855e+01,5.29281e+00,1.92176e+01,4.97362e-01,6.52246e+01,4.94716e+00,1.84101e+00,1.08145e+00,2.84717e+01,8.88474e+00,8.94020e-01,3.31784e+00,8.15009e+00
1.60166e+00,3.69544e+01,2.00313e-01,3.87037e+01,6.15078e-01,1.41882e+00,4.09708e+00,1.51177e+01,5.20221e+00,1.92400e+01,4.74341e-01,6.47943e+01,5.03710e+00,1.84979e+00,1.06565e+00,3.12078e+01,8.53921e+00,9.96661e-01,3.33107e+00,8.07891e+00
1.57978e+00,3.69949e+01,1.99972e-01,3.86578e+01,5.74678e-01,1.43744e+00,4.06650e+00,1.52120e+01,5.10643e+00,1.92813e+01,4.56029e-01,6.43873e+01,5.11239e+00,1.85356e+00,1.05259e+00,3.28154e+01,8.22035e+00,1.08834e+00,3.35043e+00,8.00727e+00
1.55940e+00,3.70618e+01,1.99704e-01,3.86134e+01,5.41961e-01,1.47349e+00,4.06972e+00,1.52718e+01,5.00801e+00,1.93404e+01,4.41956e-01,6.40002e+01,5.17098e+00,1.85227e+00,1.04177e+00,3.33802e+01,7.92786e+00,1.14723e+00,3.37694e+00,7.93601e+00
1.54042e+00,3.71624e+01,1.99490e-01,3.85815e+01,5.15342e-01,1.52465e+00,4.09926e+00,1.53022e+01,4.90898e+00,1.94165e+01,4.31842e-01,6.36325e+01,5.21136e+00,1.84620e+00,1.03280e+00,3.31450e+01,7.66069e+00,1.16650e+00,3.41052e+00,7.86551e+00
1.52265e+00,3.73016e+01,1.99308e-01,3.85661e+01,4.93616e-01,1.58529e+00,4.14279e+00,1.53097e+01,4.81115e+00,1.95074e+01,4.25623e-01,6.32859e+01,5.23318e+00,1.83591e+00,1.02519e+00,3.24012e+01,7.41732e+00,1.15133e+00,3.44995e+00,7.79628e+00
1.50597e+00,3.74812e+01,1.99166e-01,3.85675e+01,4.75819e-01,1.64736e+00,4.18706e+00,1.52979e+01,4.71577e+00,1.96115e+01,4.23501e-01,6.29568e+01,5.23668e+00,1.82188e+00,1.01855e+00,3.14332e+01,7.19599e+00,1.11139e+00,3.49310e+00,7.72900e+00
1.49019e+00,3.76982e+01,1.99038e-01,3.85833e+01,4.61203e-01,1.70261e+00,4.22149e+00,1.52702e+01,4.62401e+00,1.97279e+01,4.25836e-01,6.26462e+01,5.22308e+00,1.80482e+00,1.01259e+00,3.04646e+01,6.99411e+00,1.05640e+00,3.53756e+00,7.66452e+00
1.47523e+00,3.79450e+01,1.98923e-01,3.86083e+01,4.49182e-01,1.74455e+00,4.24131e+00,1.52265e+01,4.53683e+00,1.98552e+01,4.33149e-01,6.23536e+01,5.19394e+00,1.78529e+00,1.00710e+00,2.95868e+01,6.80949e+00,9.93964e-01,3.57941e+00,7.60311e+00
1.46088e+00,3.82094e+01,1.98797e-01,3.86390e+01,4.39244e-01,1.77000e+00,4.24769e+00,1.51657e+01,4.45495e+00,1.99929e+01,4.45916e-01,6.20784e+01,5.15163e+00,1.76388e+00,1.00227e+00,2.87537e+01,6.64016e+00,9.29424e-01,3.61542e+00,7.54585e+00
1.44714e+00,3.84768e+01,1.98659e-01,3.86720e+01,4.31024e-01,1.77933e+00,4.24652e+00,1.50889e+01,4.37938e+00,2.01420e+01,4.64327e-01,6.18229e+01,5.09840e+00,1.74110e+00,9.98413e-01,2.78670e+01,6.48415e+00,8.66223e-01,3.64256e+00,7.49294e+00
1.43384e+00,3.87331e+01,1.98519e-01,3.87054e+01,4.24231e-01,1.77569e+00,4.24525e+00,1.49962e+01,4.31084e+00,2.03034e+01,4.88069e-01,6.15873e+01,5.03674e+00,1.71747e+00,9.96179e-01,2.68772e+01,6.34053e+00,8.06354e-01,3.65840e+00,7.44513e+00
1.42100e+00,3.89655e+01,1.98372e-01,3.87387e+01,4.18620e-01,1.76472e+00,4.25036e+00,1.48931e+01,4.24984e+00,2.04776e+01,5.16242e-01,6.13712e+01,4.96900e+00,1.69336e+00,9.96526e-01,2.58086e+01,6.20852e+00,7.50945e-01,3.66152e+00,7.40256e+00
1.40857e+00,3.91649e+01,1.98230e-01,3.87713e+01,4.13947e-01,1.75392e+00,4.26529e+00,1.47846e+01,4.19678e+00,2.06660e+01,5.47307e-01,6.11780e+01,4.89734e+00,1.66918e+00,1.00048e+00,2.47406e+01,6.08767e+00,7.00449e-01,3.65138e+00,7.36569e+00
1.39659e+00,3.93256e+01,1.98116e-01,3.88028e+01,4.10098e-01,1.75203e+00,4.29014e+00,1.46790e+01,4.15183e+00,2.08693e+01,5.79282e-01,6.10061e+01,4.82366e+00,1.64521e+00,1.00912e+00,2.37671e+01,5.97801e+00,6.54983e-01,3.62830e+00,7.33465e+00
1.38501e+00,3.94470e+01,1.97993e-01,3.88328e+01,4.06861e-01,1.76753e+00,4.32218e+00,1.45824e+01,4.11471e+00,2.10861e+01,6.10171e-01,6.08559e+01,4.74960e+00,1.62169e+00,1.02320e+00,2.29849e+01,5.87945e+00,6.14380e-01,3.59349e+00,7.30910e+00
1.37389e+00,3.95309e+01,1.97869e-01,3.88596e+01,4.04133e-01,1.80642e+00,4.35751e+00,1.45009e+01,4.08484e+00,2.13143e+01,6.38251e-01,6.07287e+01,4.67646e+00,1.59884e+00,1.04304e+00,2.24917e+01,5.79235e+00,5.78381e-01,3.54834e+00,7.28949e+00
1.36326e+00,3.95829e+01,1.97745e-01,3.88805e+01,4.01831e-01,1.86875e+00,4.39156e+00,1.44370e+01,4.06120e+00,2.15508e+01,6.62374e-01,6.06236e+01,4.60528e+00,1.57675e+00,1.06828e+00,2.23739e+01,5.71678e+00,5.46642e-01,3.49472e+00,7.27507e+00
1.35317e+00,3.96108e+01,1.97613e-01,3.88926e+01,3.99859e-01,1.94690e+00,4.42006e+00,1.43913e+01,4.04254e+00,2.17903e+01,6.81995e-01,6.05416e+01,4.53675e+00,1.55552e+00,1.09792e+00,2.26796e+01,5.65280e+00,5.18777e-01,3.43436e+00,7.26609e+00
1.34362e+00,3.96236e+01,1.97442e-01,3.88930e+01,3.98155e-01,2.02706e+00,4.43896e+00,1.43616e+01,4.02747e+00,2.20266e+01,6.97164e-01,6.04823e+01,4.47159e+00,1.53531e+00,1.13050e+00,2.33714e+01,5.60026e+00,4.94426e-01,3.36889e+00,7.26160e+00
1.33467e+00,3.96295e+01,1.97246e-01,3.88789e+01,3.96684e-01,2.09430e+00,4.44437e+00,1.43439e+01,4.01474e+00,2.22539e+01,7.08374e-01,6.04424e+01,4.41027e+00,1.51616e+00,1.16428e+00,2.42992e+01,5.55864e+00,4.73272e-01,3.29985e+00,7.26158e+00
1.32630e+00,3.96365e+01,1.97047e-01,3.88496e+01,3.95381e-01,2.13765e+00,4.43305e+00,1.43347e+01,4.00325e+00,2.24665e+01,7.16407e-01,6.04243e+01,4.35301e+00,1.49812e+00,1.19753e+00,2.52349e+01,5.52740e+00,4.54998e-01,3.22852e+00,7.26498e+00
1.31850e+00,3.96509e+01,1.96831e-01,3.88057e+01,3.94249e-01,2.15266e+00,4.40268e+00,1.43300e+01,3.99261e+00,2.26597e+01,7.22178e-01,6.04247e+01,4.29998e+00,1.48120e+00,1.22874e+00,2.59654e+01,5.50558e+00,4.39303e-01,3.15599e+00,7.27181e+00
1.31125e+00,3.96770e+01,1.96599e-01,3.87496e+01,3.93232e-01,2.14075e+00,4.35236e+00,1.43310e+01,3.98288e+00,2.28306e+01,7.26626e-01,6.04448e+01,4.25120e+00,1.46544e+00,1.25669e+00,2.63653e+01,5.49179e+00,4.25888e-01,3.08306e+00,7.28091e+00
1.30457e+00,3.97176e+01,1.96366e-01,3.86848e+01,3.92353e-01,2.10691e+00,4.28268e+00,1.43407e+01,3.97454e+00,2.29772e+01,7.30658e-01,6.04846e+01,4.20666e+00,1.45081e+00,1.28038e+00,2.64095e+01,5.48446e+00,4.14510e-01,3.01052e+00,7.29213e+00
1.29834e+00,3.97732e+01,1.96145e-01,3.86165e+01,3.91527e-01,2.05729e+00,4.19582e+00,1.43658e+01,3.96834e+00,2.31002e+01,7.35078e-01,6.05428e+01,4.16633e+00,1.43728e+00,1.29913e+00,2.61433e+01,5.48171e+00,4.04902e-01,2.93888e+00,7.30449e+00
1.29258e+00,3.98427e+01,1.95927e-01,3.85469e+01,3.90821e-01,1.99767e+00,4.09452e+00,1.44128e+01,3.96529e+00,2.32009e+01,7.40559e-01,6.06216e+01,4.13017e+00,1.42488e+00,1.31246e+00,2.56393e+01,5.48176e+00,3.96867e-01,2.86854e+00,7.31791e+00
1.28725e+00,3.99241e+01,1.95697e-01,3.84801e+01,3.90151e-01,1.93298e+00,3.98258e+00,1.44825e+01,3.96603e+00,2.32811e+01,7.47553e-01,6.07232e+01,4.09818e+00,1.41357e+00,1.32016e+00,2.49743e+01,5.48259e+00,3.90217e-01,2.80003e+00,7.33171e+00
1.28233e+00,4.00138e+01,1.95469e-01,3.84178e+01,3.89472e-01,1.86694e+00,3.86348e+00,1.45706e+01,3.97058e+00,2.33447e+01,7.56417e-01,6.08498e+01,4.07003e+00,1.40326e+00,1.32235e+00,2.42134e+01,5.48270e+00,3.84719e-01,2.73343e+00,7.34529e+00
1.27783e+00,4.01079e+01,1.95223e-01,3.83601e+01,3.88820e-01,1.80228e+00,3.74062e+00,1.46662e+01,3.97844e+00,2.33955e+01,7.67296e-01,6.10042e+01,4.04575e+00,1.39392e+00,1.31930e+00,2.34053e+01,5.48074e+00,3.80177e-01,2.66922e+00,7.35837e+00
1.27369e+00,4.02037e+01,1.94961e-01,3.83055e+01,3.88204e-01,1.74080e+00,3.61703e+00,1.47584e+01,3.98848e+00,2.34371e+01,7.80086e-01,6.11889e+01,4.02522e+00,1.38552e+00,1.31149e+00,2.25868e+01,5.47585e+00,3.76502e-01,2.60761e+00,7.37058e+00
1.26988e+00,4.02988e+01,1.94686e-01,3.82515e+01,3.87600e-01,1.68374e+00,3.49519e+00,1.48388e+01,3.99871e+00,2.34729e+01,7.94592e-01,6.14058e+01,4.00808e+00,1.37803e+00,1.29946e+00,2.17833e+01,5.46756e+00,3.73540e-01,2.54879e+00,7.38156e+00
1.26640e+00,4.03929e+01,1.94400e-01,3.81947e+01,3.87004e-01,1.63193e+00,3.37701e+00,1.49048e+01,4.00708e+00,2.35071e+01,8.10397e-01,6.16559e+01,3.99381e+00,1.37134e+00,1.28385e+00,2.10094e+01,5.45576e+00,3.71149e-01,2.49300e+00,7.39109e+00
1.26321e+00,4.04868e+01,1.94115e-01,3.81318e+01,3.86419e-01,1.58582e+00,3.26403e+00,1.49608e+01,4.01161e+00,2.35430e+01,8.26964e-01,6.19381e+01,3.98199e+00,1.36540e+00,1.26532e+00,2.02751e+01,5.44066e+00,3.69282e-01,2.44036e+00,7.39889e+00
1.26028e+00,4.05831e+01,1.93826e-01,3.80594e+01,3.85844e-01,1.54565e+00,3.15732e+00,1.50161e+01,4.01054e+00,2.35841e+01,8.43715e-01,6.22510e+01,3.97187e+00,1.36017e+00,1.24447e+00,1.95861e+01,5.42263e+00,3.67805e-01,2.39109e+00,7.40470e+00
1.25758e+00,4.06854e+01,1.93537e-01,3.79763e+01,3.85279e-01,1.51129e+00,3.05762e+00,1.50818e+01,4.00289e+00,2.36322e+01,8.60028e-01,6.25886e+01,3.96300e+00,1.35553e+00,1.22189e+00,1.89439e+01,5.40226e+00,3.66645e-01,2.34502e+00,7.40873e+00
1.25504e+00,4.07979e+01,1.93243e-01,3.78815e+01,3.84739e-01,1.48251e+00,2.96547e+00,1.51681e+01,3.98812e+00,2.36900e+01,8.75355e-01,6.29466e+01,3.95463e+00,1.35148e+00,1.19803e+00,1.83498e+01,5.38014e+00,3.65747e-01,2.30241e+00,7.41052e+00
1.25270e+00,4.09257e+01,1.92953e-01,3.77768e+01,3.84182e-01,1.45871e+00,2.88131e+00,1.52803e+01,3.96628e+00,2.37590e+01,8.89200e-01,6.33158e+01,3.94629e+00,1.34791e+00,1.17332e+00,1.78017e+01,5.35679e+00,3.65043e-01,2.26318e+00,7.41038e+00
1.25053e+00,4.10729e+01,1.92666e-01,3.76650e+01,3.83604e-01,1.43908e+00,2.80537e+00,1.54170e+01,3.93801e+00,2.38401e+01,9.01230e-01,6.36891e+01,3.93728e+00,1.34478e+00,1.14814e+00,1.72969e+01,5.33274e+00,3.64508e-01,2.22710e+00,7.40841e+00
1.24848e+00,4.12430e+01,1.92376e-01,3.75500e+01,3.83026e-01,1.42270e+00,2.73771e+00,1.55710e+01,3.90429e+00,2.39337e+01,9.11121e-01,6.40573e+01,3.92739e+00,1.34199e+00,1.12285e+00,1.68328e+01,5.30817e+00,3.64045e-01,2.19418e+00,7.40462e+00
1.24661e+00,4.14385e+01,1.92076e-01,3.74361e+01,3.82424e-01,1.40858e+00,2.67841e+00,1.57307e+01,3.86622e+00,2.40388e+01,9.18723e-01,6.44122e+01,3.91640e+00,1.33952e+00,1.09770e+00,1.64062e+01,5.28319e+00,3.63623e-01,2.16423e+00,7.39967e+00
1.24482e+00,4.16597e+01,1.91763e-01,3.73253e+01,3.81857e-01,1.39570e+00,2.62740e+00,1.58826e+01,3.82497e+00,2.41536e+01,9.23972e-01,6.47454e+01,3.90423e+00,1.33730e+00,1.07291e+00,1.60135e+01,5.25774e+00,3.63281e-01,2.13693e+00,7.39336e+00
1.24311e+00,4.19046e+01,1.91438e-01,3.72185e+01,3.81278e-01,1.38318e+00,2.58461e+00,1.60143e+01,3.78174e+00,2.42758e+01,9.26832e-01,6.50533e+01,3.89093e+00,1.33532e+00,1.04867e+00,1.56510e+01,5.23173e+00,3.62982e-01,2.11218e+00,7.38616e+00
1.24146e+00,4.21690e+01,1.91112e-01,3.71148e+01,3.80658e-01,1.37033e+00,2.54980e+00,1.61162e+01,3.73751e+00,2.44020e+01,9.27366e-01,6.53324e+01,3.87648e+00,1.33353e+00,1.02511e+00,1.53154e+01,5.20490e+00,3.62718e-01,2.08956e+00,7.37851e+00
1.23988e+00,4.24474e+01,1.90794e-01,3.70135e+01,3.80066e-01,1.35668e+00,2.52259e+00,1.61828e+01,3.69317e+00,2.45286e+01,9.25636e-01,6.55799e+01,3.86116e+00,1.33189e+00,1.00241e+00,1.50035e+01,5.17695e+00,3.62479e-01,2.06898e+00,7.37040e+00
1.23836e+00,4.27336e+01,1.90476e-01,3.69138e+01,3.79473e-01,1.34200e+00,2.50237e+00,1.62126e+01,3.64947e+00,2.46521e+01,9.21791e-01,6.57981e+01,3.84510e+00,1.33033e+00,9.80605e-01,1.47124e+01,5.14775e+00,3.62231e-01,2.04999e+00,7.36236e+00
1.23690e+00,4.30188e+01,1.90150e-01,3.68174e+01,3.78903e-01,1.32619e+00,2.48854e+00,1.62061e+01,3.60693e+00,2.47683e+01,9.15945e-01,6.59913e+01,3.82866e+00,1.32886e+00,9.59809e-01,1.44394e+01,5.11693e+00,3.61992e-01,2.03256e+00,7.35454e+00
1.23545e+00,4.32935e+01,1.89823e-01,3.67274e+01,3.78324e-01,1.30934e+00,2.48029e+00,1.61683e+01,3.56592e+00,2.48753e+01,9.08249e-01,6.61590e+01,3.81206e+00,1.32748e+00,9.40096e-01,1.41825e+01,5.08444e+00,3.61746e-01,2.01631e+00,7.34720e+00
1.23405e+00,4.35505e+01,1.89504e-01,3.66493e+01,3.77732e-01,1.29155e+00,2.47675e+00,1.61043e+01,3.52685e+00,2.49709e+01,8.98940e-01,6.63096e+01,3.79541e+00,1.32611e+00,9.21424e-01,1.39393e+01,5.05021e+00,3.61480e-01,2.00115e+00,7.34079e+00
1.23265e+00,4.37849e+01,1.89182e-01,3.65892e+01,3.77135e-01,1.27311e+00,2.47697e+00,1.60240e+01,3.48985e+00,2.50529e+01,8.88156e-01,6.64458e+01,3.77900e+00,1.32477e+00,9.03907e-01,1.37085e+01,5.01425e+00,3.61193e-01,1.98697e+00,7.33537e+00
1.23127e+00,4.39933e+01,1.88843e-01,3.65545e+01,3.76526e-01,1.25425e+00,2.48022e+00,1.59343e+01,3.45501e+00,2.51206e+01,8.76091e-01,6.65738e+01,3.76304e+00,1.32343e+00,8.87455e-01,1.34887e+01,4.97652e+00,3.60875e-01,1.97359e+00,7.33129e+00
1.22989e+00,4.41740e+01,1.88502e-01,3.65533e+01,3.75916e-01,1.23525e+00,2.48581e+00,1.58465e+01,3.42254e+00,2.51746e+01,8.62973e-01,6.66987e+01,3.74759e+00,1.32211e+00,8.72123e-01,1.32789e+01,4.93723e+00,3.60537e-01,1.96104e+00,7.32906e+00
1.22851e+00,4.43265e+01,1.88159e-01,3.65945e+01,3.75293e-01,1.21626e+00,2.49335e+00,1.57697e+01,3.39236e+00,2.52157e+01,8.48983e-01,6.68264e+01,3.73281e+00,1.32079e+00,8.57874e-01,1.30778e+01,4.89662e+00,3.60190e-01,1.94907e+00,7.32906e+00
1.22711e+00,4.44522e+01,1.87818e-01,3.66896e+01,3.74690e-01,1.19757e+00,2.50268e+00,1.57152e+01,3.36451e+00,2.52461e+01,8.34314e-01,6.69605e+01,3.71877e+00,1.31947e+00,8.44634e-01,1.28847e+01,4.85496e+00,3.59820e-01,1.93770e+00,7.33192e+00
1.22571e+00,4.45538e+01,1.87474e-01,3.68552e+01,3.74474e-01,1.17928e+00,2.51377e+00,1.56962e+01,3.33904e+00,2.52699e+01,8.19108e-01,6.71027e+01,3.70544e+00,1.31811e+00,8.32435e-01,1.26995e+01,4.81247e+00,3.59445e-01,1.92696e+00,7.33839e+00
1.22430e+00,4.46358e+01,1.87140e-01,3.71141e+01,3.74824e-01,1.16152e+00,2.52670e+00,1.57254e+01,3.31586e+00,2.52914e+01,8.03556e-01,6.72537e+01,3.69299e+00,1.31943e+00,8.21203e-01,1.25212e+01,4.76960e+00,3.59063e-01,1.91660e+00,7.34890e+00
1.22433e+00,4.47006e+01,1.86800e-01,3.75015e+01,3.75637e-01,1.14443e+00,2.54175e+00,1.58193e+01,3.29495e+00,2.53163e+01,7.87778e-01,6.74153e+01,3.68131e+00,1.31905e+00,8.10917e-01,1.23501e+01,4.72708e+00,3.58673e-01,1.90658e+00,7.36473e+00
1.22382e+00,4.47510e+01,1.86473e-01,3.80563e+01,3.76846e-01,1.12804e+00,2.55920e+00,1.59939e+01,3.27625e+00,2.53514e+01,7.71911e-01,6.75885e+01,3.67039e+00,1.31811e+00,8.01530e-01,1.21859e+01,4.68496e+00,3.58267e-01,1.89709e+00,7.38577e+00
1.22279e+00,4.47909e+01,1.86170e-01,3.88233e+01,3.78439e-01,1.11240e+00,2.57942e+00,1.62649e+01,3.25920e+00,2.54048e+01,7.56069e-01,6.77737e+01,3.66020e+00,1.31752e+00,7.92974e-01,1.20278e+01,4.64336e+00,3.57840e-01,1.88840e+00,7.41346e+00
1.22157e+00,4.48234e+01,1.85899e-01,3.98329e+01,3.80638e-01,1.09760e+00,2.60192e+00,1.66463e+01,3.24377e+00,2.54862e+01,7.40382e-01,6.79727e+01,3.65071e+00,1.31669e+00,7.85217e-01,1.18764e+01,4.60283e+00,3.57401e-01,1.88077e+00,7.45447e+00
1.22066e+00,4.48510e+01,1.85691e-01,4.10885e+01,3.83768e-01,1.08361e+00,2.62691e+00,1.71467e+01,3.22983e+00,2.56062e+01,7.24921e-01,6.81841e+01,3.64194e+00,1.31547e+00,7.78189e-01,1.17325e+01,4.56318e+00,3.56943e-01,1.87425e+00,7.50507e+00
1.22002e+00,4.48753e+01,1.85539e-01,4.25585e+01,3.88468e-01,1.07042e+00,2.65395e+00,1.77706e+01,3.21705e+00,2.57756e+01,7.09789e-01,6.84108e+01,3.63377e+00,1.31396e+00,7.71860e-01,1.15946e+01,4.52417e+00,3.56472e-01,1.86851e+00,7.56276e+00
1.21955e+00,4.48971e+01,1.85432e-01,4.41634e+01,3.95633e-01,1.05803e+00,2.68249e+00,1.85203e+01,3.20541e+00,2.60049e+01,6.95095e-01,6.86544e+01,3.62617e+00,1.31245e+00,7.66164e-01,1.14622e+01,4.48581e+00,3.55988e-01,1.86359e+00,7.62707e+00
1.21928e+00,4.49181e+01,1.85322e-01,4.57993e+01,4.06067e-01,1.04643e+00,2.71179e+00,1.94027e+01,3.19480e+00,2.63027e+01,6.80900e-01,6.89136e+01,3.61912e+00,1.31119e+00,7.61038e-01,1.13366e+01,4.44853e+00,3.55492e-01,1.85942e+00,7.69486e+00
1.21931e+00,4.49383e+01,1.85169e-01,4.73550e+01,4.19708e-01,1.03561e+00,2.74083e+00,2.04381e+01,3.18500e+00,2.66739e+01,6.67264e-01,6.91908e+01,3.61256e+00,1.31037e+00,7.56472e-01,1.12177e+01,4.41280e+00,3.54981e-01,1.85592e+00,7.76288e+00
1.21980e+00,4.49588e+01,1.84949e-01,4.87398e+01,4.35120e-01,1.02549e+00,2.76872e+00,2.16646e+01,3.17592e+00,2.71178e+01,6.54157e-01,6.94839e+01,3.60648e+00,1.30991e+00,7.52393e-01,1.11049e+01,4.37901e+00,3.54467e-01,1.85280e+00,7.82972e+00
1.22094e+00,4.49783e+01,1.84641e-01,4.98938e+01,4.49996e-01,1.01609e+00,2.79458e+00,2.31380e+01,3.16753e+00,2.76281e+01,6.41584e-01,6.97923e+01,3.60081e+00,1.30964e+00,7.48821e-01,1.09988e+01,4.34735e+00,3.53952e-01,1.84990e+00,7.89558e+00
1.22300e+00,4.49966e+01,1.84263e-01,5.08013e+01,4.61850e-01,1.00736e+00,2.81757e+00,2.49109e+01,3.15971e+00,2.81918e+01,6.29502e-01,7.01123e+01,3.59566e+00,1.30936e+00,7.45700e-01,1.08998e+01,4.31778e+00,3.53419e-01,1.84703e+00,7.95854e+00
1.22616e+00,4.50130e+01,1.83839e-01,5.14748e+01,4.69199e-01,9.99331e-01,2.83710e+00,2.70034e+01,3.15244e+00,2.87889e+01,6.17928e-01,7.04397e+01,3.59098e+00,1.30898e+00,7.43074e-01,1.08076e+01,4.29042e+00,3.52868e-01,1.84374e+00,8.01747e+00
1.23052e+00,4.50262e+01,1.83362e-01,5.19549e+01,4.71783e-01,9.91873e-01,2.85264e+00,2.93711e+01,3.14568e+00,2.93963e+01,6.06763e-01,7.07721e+01,3.58685e+00,1.30845e+00,7.40922e-01,1.07229e+01,4.26576e+00,3.52309e-01,1.84013e+00,8.07024e+00
1.23596e+00,4.50354e+01,1.82882e-01,5.22977e+01,4.70216e-01,9.84969e-01,2.86398e+00,3.18954e+01,3.13941e+00,2.99897e+01,5.96017e-01,7.11025e+01,3.58339e+00,1.30777e+00,7.39352e-01,1.06467e+01,4.24491e+00,3.51743e-01,1.83632e+00,8.11612e+00
1.24227e+00,4.50391e+01,1.82397e-01,5.25599e+01,4.65576e-01,9.78626e-01,2.87095e+00,3.44071e+01,3.13353e+00,3.05461e+01,5.85638e-01,7.14281e+01,3.58080e+00,1.30696e+00,7.38366e-01,1.05797e+01,4.22973e+00,3.51161e-01,1.83254e+00,8.15397e+00
1.24902e+00,4.50365e+01,1.81929e-01,5.28031e+01,4.58910e-01,9.72801e-01,2.87357e+00,3.67343e+01,3.12800e+00,3.10455e+01,5.75642e-01,7.17460e+01,3.57921e+00,1.30598e+00,7.37986e-01,1.05227e+01,4.22241e+00,3.50572e-01,1.82913e+00,8.18341e+00
1.25577e+00,4.50261e+01,1.81488e-01,5.30831e+01,4.51046e-01,9.67391e-01,2.87198e+00,3.87456e+01,3.12280e+00,3.14725e+01,5.65990e-01,7.20554e+01,3.57903e+00,1.30478e+00,7.38174e-01,1.04760e+01,4.22428e+00,3.49976e-01,1.82627e+00,8.20476e+00
1.26203e+00,4.50073e+01,1.81060e-01,5.34503e+01,4.42652e-01,9.62445e-01,2.86636e+00,4.03693e+01,3.11781e+00,3.18165e+01,5.56718e-01,7.23566e+01,3.58057e+00,1.30332e+00,7.38845e-01,1.04396e+01,4.23477e+00,3.49374e-01,1.82421e+00,8.21767e+00
1.26737e+00,4.49797e+01,1.80656e-01,5.39545e+01,4.34193e-01,9.57842e-01,2.85700e+00,4.15913e+01,3.11301e+00,3.20732e+01,5.47793e-01,7.26521e+01,3.58420e+00,1.30157e+00,7.39888e-01,1.04120e+01,4.25104e+00,3.48775e-01,1.82300e+00,8.22284e+00
1.27139e+00,4.49424e+01,1.80262e-01,5.46497e+01,4.25929e-01,9.53646e-01,2.84409e+00,4.24354e+01,3.10836e+00,3.22412e+01,5.39260e-01,7.29447e+01,3.59031e+00,1.29953e+00,7.41184e-01,1.03935e+01,4.26938e+00,3.48173e-01,1.82276e+00,8.22016e+00
1.27392e+00,4.48951e+01,1.79892e-01,5.55927e+01,4.18005e-01,9.49819e-01,2.82791e+00,4.29429e+01,3.10387e+00,3.23232e+01,5.31150e-01,7.32394e+01,3.59914e+00,1.29720e+00,7.42611e-01,1.03830e+01,4.28614e+00,3.47557e-01,1.82361e+00,8.20997e+00
1.27487e+00,4.48389e+01,1.79544e-01,5.68409e+01,4.10532e-01,9.46241e-01,2.80878e+00,4.31653e+01,3.09946e+00,3.23245e+01,5.23514e-01,7.35422e+01,3.61070e+00,1.29464e+00,7.44007e-01,1.03821e+01,4.29989e+00,3.46928e-01,1.82545e+00,8.19334e+00
1.27429e+00,4.47736e+01,1.79197e-01,5.84404e+01,4.03620e-01,9.42972e-01,2.78707e+00,4.31507e+01,3.09514e+00,3.22521e+01,5.16286e-01,7.38599e+01,3.62498e+00,1.29189e+00,7.48231e-01,1.03920e+01,4.31075e+00,3.46313e-01,1.82830e+00,8.17040e+00
1.27240e+00,4.46997e+01,1.78841e-01,6.04035e+01,3.97287e-01,9.39985e-01,2.76315e+00,4.29434e+01,3.09087e+00,3.21144e+01,5.09521e-01,7.41966e+01,3.64160e+00,1.28906e+00,7.50565e-01,1.04252e+01,4.32009e+00,3.45726e-01,1.83188e+00,8.14252e+00
1.26939e+00,4.46180e+01,1.78488e-01,6.26782e+01,3.91542e-01,9.37190e-01,2.73736e+00,4.25800e+01,3.08661e+00,3.19196e+01,5.03087e-01,7.45586e+01,3.66004e+00,1.28619e+00,7.51696e-01,1.05247e+01,4.32950e+00,3.45157e-01,1.83585e+00,8.11031e+00
1.26557e+00,4.45290e+01,1.78137e-01,6.51423e+01,3.86384e-01,9.34683e-01,2.71010e+00,4.20919e+01,3.08238e+00,3.16764e+01,4.96975e-01,7.49481e+01,3.67944e+00,1.28332e+00,7.52557e-01,1.08005e+01,4.34010e+00,3.44595e-01,1.83976e+00,8.07470e+00
1.26123e+00,4.44337e+01,1.77791e-01,6.76194e+01,3.81785e-01,9.32337e-01,2.68176e+00,4.15048e+01,3.07811e+00,3.13932e+01,4.91092e-01,7.53666e+01,3.69894e+00,1.28049e+00,7.52876e-01,1.12688e+01,4.35213e+00,3.44046e-01,1.84292e+00,8.03655e+00
1.25662e+00,4.43326e+01,1.77467e-01,6.99252e+01,3.77736e-01,9.30204e-01,2.65261e+00,4.08423e+01,3.07380e+00,3.10770e+01,4.85398e-01,7.58131e+01,3.71763e+00,1.27772e+00,7.52563e-01,1.16650e+01,4.36504e+00,3.43519e-01,1.84485e+00,7.99646e+00
1.25197e+00,4.42268e+01,1.77144e-01,7.19121e+01,3.74163e-01,9.28225e-01,2.62300e+00,4.01226e+01,3.06943e+00,3.07364e+01,4.79818e-01,7.62805e+01,3.73469e+00,1.27498e+00,7.51713e-01,1.17948e+01,4.37769e+00,3.43008e-01,1.84517e+00,7.95518e+00
1.24749e+00,4.41164e+01,1.76816e-01,7.34861e+01,3.71044e-01,9.26453e-01,2.59316e+00,3.93610e+01,3.06501e+00,3.03770e+01,4.74321e-01,7.67635e+01,3.74946e+00,1.27228e+00,7.50484e-01,1.17292e+01,4.38881e+00,3.42518e-01,1.84351e+00,7.91304e+00
1.24331e+00,4.40025e+01,1.76493e-01,7.46187e+01,3.68333e-01,9.24930e-01,2.56327e+00,3.85688e+01,3.06051e+00,3.00041e+01,4.68897e-01,7.72515e+01,3.76131e+00,1.26961e+00,7.49132e-01,1.16075e+01,4.39708e+00,3.42029e-01,1.83993e+00,7.86998e+00
1.23950e+00,4.38859e+01,1.76179e-01,7.53247e+01,3.65949e-01,9.23924e-01,2.53355e+00,3.77575e+01,3.05598e+00,2.96224e+01,4.63545e-01,7.77359e+01,3.76977e+00,1.26695e+00,7.47986e-01,1.15177e+01,4.40147e+00,3.41517e-01,1.83445e+00,7.82661e+00
1.23614e+00,4.37671e+01,1.75866e-01,7.56466e+01,3.63873e-01,9.24669e-01,2.50420e+00,3.69364e+01,3.05138e+00,2.92366e+01,4.58285e-01,7.82032e+01,3.77472e+00,1.26430e+00,7.47419e-01,1.14959e+01,4.40121e+00,3.40995e-01,1.82749e+00,7.78296e+00
1.23323e+00,4.36468e+01,1.75540e-01,7.56378e+01,3.62066e-01,9.31474e-01,2.47540e+00,3.61118e+01,3.04673e+00,2.88499e+01,4.53131e-01,7.86417e+01,3.77627e+00,1.26166e+00,7.47704e-01,1.15392e+01,4.39581e+00,3.40461e-01,1.81923e+00,7.73896e+00
1.23076e+00,4.35264e+01,1.75203e-01,7.53528e+01,3.60475e-01,9.52675e-01,2.44736e+00,3.52891e+01,3.04201e+00,2.84650e+01,4.48096e-01,7.90400e+01,3.77451e+00,1.25903e+00,7.49165e-01,1.16194e+01,4.38528e+00,3.39890e-01,1.81020e+00,7.69454e+00
1.22866e+00,4.34065e+01,1.74872e-01,7.48415e+01,3.59064e-01,9.92928e-01,2.42029e+00,3.44735e+01,3.03724e+00,2.80844e+01,4.43208e-01,7.93908e+01,3.76983e+00,1.25640e+00,7.52070e-01,1.17019e+01,4.36997e+00,3.39283e-01,1.80084e+00,7.64998e+00
1.22683e+00,4.32881e+01,1.74544e-01,7.41504e+01,3.57798e-01,1.04240e+00,2.39454e+00,3.36680e+01,3.03242e+00,2.77098e+01,4.38488e-01,7.96837e+01,3.76265e+00,1.25379e+00,7.56660e-01,1.17640e+01,4.35037e+00,3.38629e-01,1.79129e+00,7.60533e+00
1.22518e+00,4.31732e+01,1.74232e-01,7.33150e+01,3.56691e-01,1.08293e+00,2.37040e+00,3.28757e+01,3.02754e+00,2.73430e+01,4.33952e-01,7.99160e+01,3.75334e+00,1.25114e+00,7.63058e-01,1.18000e+01,4.32720e+00,3.37945e-01,1.78206e+00,7.56061e+00
1.22359e+00,4.30628e+01,1.73916e-01,7.23698e+01,3.55671e-01,1.10382e+00,2.34813e+00,3.20980e+01,3.02259e+00,2.69847e+01,4.29603e-01,8.00836e+01,3.74245e+00,1.24853e+00,7.71194e-01,1.18152e+01,4.30131e+00,3.37247e-01,1.77320e+00,7.51611e+00
1.22198e+00,4.29596e+01,1.73596e-01,7.13365e+01,3.54780e-01,1.10560e+00,2.32804e+00,3.13370e+01,3.01760e+00,2.66360e+01,4.25473e-01,8.01848e+01,3.73030e+00,1.24593e+00,7.80926e-01,1.18168e+01,4.27327e+00,3.36543e-01,1.76496e+00,7.47196e+00
1.22020e+00,4.28662e+01,1.73280e-01,7.02416e+01,3.53960e-01,1.09428e+00,2.31037e+00,3.05962e+01,3.01254e+00,2.62977e+01,4.21573e-01,8.02216e+01,3.71724e+00,1.24337e+00,7.91910e-01,1.18107e+01,4.24401e+00,3.35812e-01,1.75741e+00,7.42857e+00
1.21816e+00,4.27857e+01,1.72984e-01,6.91005e+01,3.53165e-01,1.07600e+00,2.29538e+00,2.98750e+01,3.00744e+00,2.59707e+01,4.17952e-01,8.01926e+01,3.70344e+00,1.24084e+00,8.03627e-01,1.18003e+01,4.21419e+00,3.35056e-01,1.75063e+00,7.38598e+00
1.21579e+00,4.27234e+01,1.72688e-01,6.79286e+01,3.52412e-01,1.05519e+00,2.28335e+00,2.91747e+01,3.00229e+00,2.56553e+01,4.14621e-01,8.01059e+01,3.68919e+00,1.23833e+00,8.15464e-01,1.17890e+01,4.18431e+00,3.34311e-01,1.74458e+00,7.34435e+00
1.21305e+00,4.26848e+01,1.72380e-01,6.67390e+01,3.51694e-01,1.03441e+00,2.27449e+00,2.84972e+01,2.99711e+00,2.53512e+01,4.11638e-01,7.99608e+01,3.67463e+00,1.23587e+00,8.26746e-01,1.17815e+01,4.15490e+00,3.33584e-01,1.73936e+00,7.30379e+00
1.20993e+00,4.26776e+01,1.72068e-01,6.55425e+01,3.51010e-01,1.01512e+00,2.26914e+00,2.78436e+01,2.99189e+00,2.50588e+01,4.09014e-01,7.97670e+01,3.65993e+00,1.23346e+00,8.36885e-01,1.17888e+01,4.12636e+00,3.32852e-01,1.73482e+00,7.26460e+00
1.20643e+00,4.27106e+01,1.71754e-01,6.43473e+01,3.50373e-01,9.97728e-01,2.26777e+00,2.72137e+01,2.98665e+00,2.47788e+01,4.06781e-01,7.95261e+01,3.64504e+00,1.23106e+00,8.45389e-01,1.18316e+01,4.09897e+00,3.32111e-01,1.73091e+00,7.22670e+00
1.20255e+00,4.27947e+01,1.71444e-01,6.31607e+01,3.49700e-01,9.82392e-01,2.27111e+00,2.66085e+01,2.98140e+00,2.45103e+01,4.04931e-01,7.92448e+01,3.63000e+00,1.22870e+00,8.51906e-01,1.19395e+01,4.07288e+00,3.31375e-01,1.72758e+00,7.19027e+00
1.19840e+00,4.29471e+01,1.71126e-01,6.19891e+01,3.51024e-01,9.74037e-01,2.28120e+00,2.60297e+01,2.97613e+00,2.42702e+01,4.03843e-01,7.89406e+01,3.61488e+00,1.22634e+00,8.67463e-01,1.21356e+01,4.04824e+00,3.30650e-01,1.72462e+00,7.15522e+00
1.19403e+00,4.32129e+01,1.72924e-01,6.08410e+01,3.57282e-01,9.70189e-01,2.30276e+00,2.54864e+01,2.97311e+00,2.40655e+01,4.33277e-01,7.86545e+01,3.59963e+00,1.22479e+00,8.88696e-01,1.24174e+01,4.02649e+00,3.32514e-01,1.80293e+00,7.12141e+00
1.19025e+00,4.39479e+01,1.77761e-01,5.97290e+01,3.71578e-01,1.39859e+00,2.35881e+00,2.50031e+01,2.97091e+00,2.39430e+01,5.47225e-01,7.83750e+01,3.58438e+00,1.22309e+00,9.96419e-01,1.27470e+01,4.00770e+00,3.33696e-01,2.09923e+00,7.08901e+00
1.18619e+00,4.47322e+01,1.83527e-01,5.86652e+01,3.96510e-01,2.77319e+00,2.70380e+00,2.46050e+01,2.96897e+00,2.39472e+01,7.47372e-01,7.81384e+01,3.56998e+00,1.22138e+00,1.29736e+00,1.30659e+01,3.99007e+00,3.34601e-01,2.57369e+00,7.05818e+00
1.18193e+00,4.52528e+01,1.89603e-01,5.76432e+01,4.33155e-01,5.28354e+00,3.40691e+00,2.42514e+01,2.96761e+00,2.41257e+01,8.99511e-01,7.79306e+01,3.55515e+00,1.21985e+00,1.74566e+00,1.33271e+01,3.97365e+00,3.36543e-01,3.04280e+00,7.02840e+00
1.17762e+00,4.59498e+01,1.94427e-01,5.66381e+01,4.68723e-01,7.39665e+00,4.11800e+00,2.38782e+01,2.96645e+00,2.44637e+01,9.81824e-01,7.77507e+01,3.54051e+00,1.21860e+00,2.07890e+00,1.35094e+01,3.95822e+00,3.39217e-01,3.65137e+00,6.99972e+00
1.17346e+00,4.69325e+01,1.98079e-01,5.56605e+01,4.97133e-01,1.11303e+01,4.75332e+00,2.34905e+01,2.96508e+00,2.48760e+01,1.01031e+00,7.76220e+01,3.52716e+00,1.21772e+00,2.24462e+00,1.36145e+01,3.94393e+00,3.42118e-01,4.79123e+00,6.97220e+00
1.16963e+00,4.81896e+01,2.00844e-01,5.47267e+01,5.21995e-01,2.19799e+01,5.58343e+00,2.31031e+01,2.96366e+00,2.52873e+01,9.92021e-01,7.75716e+01,3.51330e+00,1.21713e+00,2.33458e+00,1.36571e+01,3.93069e+00,3.44946e-01,6.22028e+00,6.94540e+00
1.16623e+00,4.97182e+01,2.03816e-01,5.38415e+01,5.41430e-01,3.11380e+01,6.76923e+00,2.27207e+01,2.96258e+00,2.56864e+01,9.47304e-01,7.76131e+01,3.49964e+00,1.21675e+00,2.31886e+00,1.36547e+01,3.91797e+00,3.47637e-01,7.08423e+00,6.91950e+00
1.16325e+00,5.15122e+01,2.05917e-01,5.30147e+01,5.51649e-01,3.08069e+01,7.87720e+00,2.23453e+01,2.96196e+00,2.61040e+01,8.92344e-01,7.77360e+01,3.48640e+00,1.21664e+00,2.21176e+00,1.36211e+01,3.90571e+00,3.50286e-01,7.11041e+00,6.89462e+00
1.16067e+00,5.35451e+01,2.07103e-01,5.22569e+01,5.52506e-01,2.59526e+01,8.54282e+00,2.19792e+01,2.96189e+00,2.65748e+01,8.35603e-01,7.79159e+01,3.47325e+00,1.21687e+00,2.07220e+00,1.35671e+01,3.89418e+00,3.52811e-01,6.61352e+00,6.87048e+00
1.15838e+00,5.57713e+01,2.07188e-01,5.15742e+01,5.47593e-01,2.06866e+01,8.76903e+00,2.16266e+01,2.96220e+00,2.71290e+01,7.83031e-01,7.81159e+01,3.46060e+00,1.21746e+00,1.94452e+00,1.35006e+01,3.88358e+00,3.55028e-01,5.94528e+00,6.84673e+00
1.15631e+00,5.81839e+01,2.06308e-01,5.09865e+01,5.40685e-01,1.63842e+01,8.62326e+00,2.12943e+01,2.96294e+00,2.77961e+01,7.38266e-01,7.83131e+01,3.44850e+00,1.21829e+00,1.84425e+00,1.34252e+01,3.87413e+00,3.56643e-01,5.30539e+00,6.82342e+00
1.15449e+00,6.08008e+01,2.04847e-01,5.05186e+01,5.34081e-01,1.32472e+01,8.26769e+00,2.09911e+01,2.96403e+00,2.86019e+01,7.01929e-01,7.84978e+01,3.43699e+00,1.21913e+00,1.77079e+00,1.33439e+01,3.86582e+00,3.57545e-01,4.77213e+00,6.80030e+00
1.15294e+00,6.35395e+01,2.03128e-01,5.02058e+01,5.28478e-01,1.11993e+01,8.01035e+00,2.07297e+01,2.96550e+00,2.95881e+01,6.72651e-01,7.86739e+01,3.42610e+00,1.21992e+00,1.72069e+00,1.32585e+01,3.85852e+00,3.57662e-01,4.35921e+00,6.77749e+00
1.15174e+00,6.61723e+01,2.01544e-01,5.00779e+01,5.23504e-01,1.02028e+01,8.48891e+00,2.05236e+01,2.96702e+00,3.08404e+01,6.48673e-01,7.88507e+01,3.41582e+00,1.22064e+00,1.69464e+00,1.31698e+01,3.85197e+00,3.56988e-01,4.05243e+00,6.75514e+00
1.15086e+00,6.84415e+01,2.00295e-01,5.01469e+01,5.18355e-01,1.02299e+01,1.16044e+01,2.03800e+01,2.96845e+00,3.24291e+01,6.29094e-01,7.90319e+01,3.40618e+00,1.22133e+00,1.69793e+00,1.30791e+01,3.84591e+00,3.55681e-01,3.82971e+00,6.73308e+00
1.15024e+00,7.02094e+01,1.99592e-01,5.03902e+01,5.12434e-01,1.10066e+01,2.00693e+01,2.02960e+01,2.96953e+00,3.42489e+01,6.14296e-01,7.92156e+01,3.39710e+00,1.22203e+00,1.73742e+00,1.29868e+01,3.84026e+00,3.53958e-01,3.67117e+00,6.71147e+00
1.14981e+00,7.15112e+01,1.99387e-01,5.07568e+01,5.05354e-01,1.19468e+01,3.11464e+01,2.02580e+01,2.97007e+00,3.59607e+01,6.06392e-01,7.94044e+01,3.38850e+00,1.22282e+00,1.81670e+00,1.28941e+01,3.83503e+00,3.52024e-01,3.56108e+00,6.69029e+00
1.14946e+00,7.25038e+01,1.99518e-01,5.11634e+01,4.97165e-01,1.25235e+01,3.88822e+01,2.02452e+01,2.96993e+00,3.71653e+01,6.09660e-01,7.96151e+01,3.38034e+00,1.22375e+00,1.93144e+00,1.28018e+01,3.83027e+00,3.50159e-01,3.48469e+00,6.66961e+00
1.14910e+00,7.33729e+01,1.99741e-01,5.15022e+01,4.88033e-01,1.25556e+01,4.20618e+01,2.02378e+01,2.96904e+00,3.76304e+01,6.30485e-01,7.98801e+01,3.37257e+00,1.22475e+00,2.06798e+00,1.27108e+01,3.82597e+00,3.48590e-01,3.42576e+00,6.64949e+00
1.14866e+00,7.42702e+01,1.99714e-01,5.16731e+01,4.78261e-01,1.21251e+01,4.22043e+01,2.02223e+01,2.96748e+00,3.73650e+01,6.75454e-01,8.02353e+01,3.36511e+00,1.22573e+00,2.20711e+00,1.26214e+01,3.82211e+00,3.47507e-01,3.36777e+00,6.62976e+00
1.14802e+00,7.52770e+01,1.99294e-01,5.16311e+01,4.68114e-01,1.13972e+01,4.07015e+01,2.01985e+01,2.96523e+00,3.65347e+01,7.47180e-01,8.07123e+01,3.35794e+00,1.22662e+00,2.33198e+00,1.25340e+01,3.81851e+00,3.47054e-01,3.29871e+00,6.61073e+00
1.14719e+00,7.64140e+01,1.98355e-01,5.14719e+01,4.57925e-01,1.05205e+01,3.83923e+01,2.01737e+01,2.96250e+00,3.53543e+01,8.39872e-01,8.13256e+01,3.35109e+00,1.22736e+00,2.43588e+00,1.24485e+01,3.81509e+00,3.47358e-01,3.21345e+00,6.59229e+00
1.14615e+00,7.76504e+01,1.96930e-01,5.16324e+01,4.47846e-01,9.60119e+00,3.57557e+01,2.01622e+01,2.95933e+00,3.40117e+01,9.39493e-01,8.20765e+01,3.34444e+00,1.22789e+00,2.52773e+00,1.23651e+01,3.81177e+00,3.48446e-01,3.11343e+00,6.57453e+00
1.14490e+00,7.89286e+01,1.95053e-01,5.32167e+01,4.38079e-01,8.70535e+00,3.30710e+01,2.01775e+01,2.95586e+00,3.26417e+01,1.03000e+00,8.29507e+01,3.33803e+00,1.22817e+00,2.63377e+00,1.22835e+01,3.80847e+00,3.50307e-01,3.00390e+00,6.55744e+00
1.14345e+00,8.01842e+01,1.92893e-01,5.76200e+01,4.28747e-01,7.86930e+00,3.04950e+01,2.02303e+01,2.95218e+00,3.13289e+01,1.10053e+00,8.39352e+01,3.33182e+00,1.22821e+00,2.79286e+00,1.22038e+01,3.80503e+00,3.52844e-01,2.89117e+00,6.54095e+00
1.14178e+00,8.13623e+01,1.90542e-01,6.47509e+01,4.19940e-01,7.11070e+00,2.81073e+01,2.03266e+01,2.94835e+00,3.01194e+01,1.14827e+00,8.50220e+01,3.32573e+00,1.22794e+00,3.04053e+00,1.21258e+01,3.80140e+00,3.55844e-01,2.78072e+00,6.52514e+00
