2.96430e+05,3.15945e+05,2.78924e+05,3.20227e+05,2.73098e+05,3.13062e+05,3.22476e+05,3.22481e+05,3.02025e+05,2.96664e+05,3.12191e+05,2.90617e+05,3.03810e+05,3.05388e+05,3.26294e+05,3.18438e+05,3.02269e+05,3.06265e+05,3.02739e+05,3.08554e+05
1.00000e-02,1.00000e-02,1.00000e-02,1.00000e-02,1.00000e-02,1.00000e-02,1.00000e-02,1.00000e-02,1.00000e-02,1.00000e-02,1.00000e-02,1.00000e-02,1.00000e-02,1.00000e-02,1.00000e-02,1.00000e-02,1.00000e-02,1.00000e-02,1.00000e-02,1.00000e-02
1.67941e-02,1.23627e-02,2.69490e-02,1.64498e-02,2.57088e-02,1.64428e-02,1.72080e-02,2.63908e-02,1.47127e-02,1.22841e-02,1.69377e-02,1.09982e-02,1.72262e-02,1.71587e-02,1.33004e-02,1.57540e-02,1.76177e-02,1.25068e-02,3.24072e-02,1.47495e-02
2.68424e-02,1.35828e-02,4.71623e-02,2.88751e-02,4.23690e-02,2.47423e-02,3.07614e-02,4.02063e-02,2.22897e-02,1.53537e-02,2.85819e-02,1.20175e-02,2.38031e-02,2.43268e-02,1.49567e-02,2.43127e-02,2.57944e-02,1.44404e-02,7.08737e-02,2.02718e-02
3.33910e-02,1.43095e-02,6.86130e-02,4.09944e-02,6.33813e-02,3.45250e-02,4.57306e-02,4.78960e-02,3.27881e-02,2.11193e-02,3.99142e-02,1.30743e-02,2.84180e-02,3.43823e-02,1.59694e-02,3.73679e-02,3.26107e-02,1.87997e-02,9.89491e-02,2.65846e-02
3.68010e-02,1.51084e-02,8.87460e-02,4.84113e-02,8.78377e-02,4.47237e-02,5.75836e-02,5.02391e-02,4.37717e-02,3.24616e-02,4.81792e-02,1.42056e-02,3.31280e-02,4.69216e-02,1.71753e-02,5.20860e-02,3.84326e-02,2.57940e-02,1.19728e-01,3.31018e-02
3.98057e-02,1.65396e-02,1.08017e-01,5.23299e-02,1.12477e-01,5.50096e-02,6.53920e-02,5.09398e-02,5.41910e-02,5.63953e-02,5.36291e-02,1.54561e-02,4.00921e-02,5.95234e-02,1.89447e-02,6.76484e-02,4.44963e-02,3.36597e-02,1.39715e-01,4.03255e-02
4.45066e-02,1.92730e-02,1.27737e-01,5.49782e-02,1.36150e-01,6.64821e-02,7.07144e-02,5.22990e-02,6.37913e-02,1.06433e-01,5.73147e-02,1.68788e-02,4.87469e-02,7.07154e-02,2.14683e-02,8.43344e-02,5.02487e-02,4.09412e-02,1.61054e-01,4.93091e-02
5.23075e-02,2.40773e-02,1.47660e-01,5.79153e-02,1.58840e-01,8.09804e-02,7.54061e-02,5.50179e-02,7.26370e-02,1.88730e-01,5.99023e-02,1.85358e-02,5.63107e-02,8.07502e-02,2.46891e-02,1.01749e-01,5.44612e-02,4.71450e-02,1.83505e-01,6.05511e-02
6.42436e-02,3.16290e-02,1.65485e-01,6.19699e-02,1.80984e-01,9.98464e-02,8.08216e-02,5.86173e-02,8.09666e-02,2.87376e-01,6.15729e-02,2.04984e-02,6.07042e-02,9.10720e-02,2.82955e-02,1.19151e-01,5.67421e-02,5.25695e-02,2.07090e-01,7.40058e-02
8.09231e-02,4.25110e-02,1.78274e-01,6.74051e-02,2.03644e-01,1.23230e-01,8.75985e-02,6.23087e-02,8.92696e-02,3.75823e-01,6.25994e-02,2.28474e-02,6.17120e-02,1.03191e-01,3.19626e-02,1.35886e-01,5.76999e-02,5.78806e-02,2.32234e-01,8.89384e-02
1.02968e-01,5.67043e-02,1.84377e-01,7.39958e-02,2.27853e-01,1.50127e-01,9.54435e-02,6.54032e-02,9.80167e-02,4.37954e-01,6.34296e-02,2.56737e-02,6.03055e-02,1.17974e-01,3.54023e-02,1.50985e-01,5.82568e-02,6.40409e-02,2.59014e-01,1.04315e-01
1.30652e-01,7.33333e-02,1.84051e-01,8.12332e-02,2.53686e-01,1.78476e-01,1.03244e-01,6.77403e-02,1.07768e-01,4.72739e-01,6.45146e-02,2.91036e-02,5.78728e-02,1.35674e-01,3.85739e-02,1.63972e-01,5.91650e-02,7.21268e-02,2.86842e-01,1.18929e-01
1.63637e-01,9.10123e-02,1.78637e-01,8.88001e-02,2.80373e-01,2.05705e-01,1.10265e-01,6.93238e-02,1.19174e-01,4.87565e-01,6.61503e-02,3.33086e-02,5.54137e-02,1.55666e-01,4.15986e-02,1.74708e-01,6.08852e-02,8.26328e-02,3.15042e-01,1.32144e-01
2.01563e-01,1.08194e-01,1.70025e-01,9.65890e-02,3.06250e-01,2.29122e-01,1.16275e-01,7.04237e-02,1.32946e-01,4.91404e-01,6.83812e-02,3.84742e-02,5.36940e-02,1.76599e-01,4.46766e-02,1.83582e-01,6.37272e-02,9.49003e-02,3.42817e-01,1.43712e-01
2.44453e-01,1.23660e-01,1.59955e-01,1.04767e-01,3.29130e-01,2.46784e-01,1.21735e-01,7.12506e-02,1.49880e-01,4.91484e-01,7.10250e-02,4.48022e-02,5.34005e-02,1.97122e-01,4.79978e-02,1.91564e-01,6.79041e-02,1.07267e-01,3.69936e-01,1.53827e-01
2.92899e-01,1.36755e-01,1.49608e-01,1.13710e-01,3.47066e-01,2.57785e-01,1.27348e-01,7.19789e-02,1.70730e-01,4.92379e-01,7.37805e-02,5.24886e-02,5.51659e-02,2.16261e-01,5.17048e-02,1.99952e-01,7.35045e-02,1.17731e-01,3.96246e-01,1.62802e-01
3.47157e-01,1.47219e-01,1.39835e-01,1.23734e-01,3.59306e-01,2.62370e-01,1.33625e-01,7.27862e-02,1.95949e-01,4.96330e-01,7.63397e-02,6.17243e-02,6.00027e-02,2.33688e-01,5.58601e-02,2.09894e-01,8.03625e-02,1.25018e-01,4.21747e-01,1.71494e-01
4.05964e-01,1.55167e-01,1.30981e-01,1.35169e-01,3.66002e-01,2.61422e-01,1.40554e-01,7.37267e-02,2.25505e-01,5.03834e-01,7.84626e-02,7.26961e-02,6.92941e-02,2.49553e-01,6.04235e-02,2.22298e-01,8.80834e-02,1.28743e-01,4.46339e-01,1.80670e-01
4.65887e-01,1.60918e-01,1.23352e-01,1.48208e-01,3.68001e-01,2.56243e-01,1.47703e-01,7.48156e-02,2.58408e-01,5.14360e-01,8.00953e-02,8.55961e-02,8.45788e-02,2.64072e-01,6.52982e-02,2.37728e-01,9.61156e-02,1.29267e-01,4.69967e-01,1.90772e-01
5.21887e-01,1.64924e-01,1.16850e-01,1.62996e-01,3.66274e-01,2.48202e-01,1.54332e-01,7.61385e-02,2.93017e-01,5.26817e-01,8.12664e-02,1.00631e-01,1.06762e-01,2.77421e-01,7.03909e-02,2.56369e-01,1.03896e-01,1.27395e-01,4.92467e-01,2.01995e-01
5.69444e-01,1.67691e-01,1.11501e-01,1.79647e-01,3.61648e-01,2.38505e-01,1.59870e-01,7.77103e-02,3.27171e-01,5.39966e-01,8.20410e-02,1.18032e-01,1.35330e-01,2.89494e-01,7.55482e-02,2.78197e-01,1.11072e-01,1.23997e-01,5.13784e-01,2.14320e-01
6.05853e-01,1.69699e-01,1.07088e-01,1.98126e-01,3.54739e-01,2.28191e-01,1.64110e-01,7.94970e-02,3.58852e-01,5.52675e-01,8.25789e-02,1.38066e-01,1.67862e-01,3.00267e-01,8.06816e-02,3.02908e-01,1.17575e-01,1.19865e-01,5.33993e-01,2.27322e-01
6.30911e-01,1.71381e-01,1.03425e-01,2.18404e-01,3.46020e-01,2.17962e-01,1.67115e-01,8.16353e-02,3.86472e-01,5.64140e-01,8.29718e-02,1.61040e-01,2.01155e-01,3.09571e-01,8.57847e-02,3.29947e-01,1.23480e-01,1.15625e-01,5.53388e-01,2.40717e-01
6.46417e-01,1.73007e-01,1.00306e-01,2.40424e-01,3.35863e-01,2.08374e-01,1.69156e-01,8.42389e-02,4.09108e-01,5.73918e-01,8.33117e-02,1.87271e-01,2.32330e-01,3.17433e-01,9.09221e-02,3.58350e-01,1.29175e-01,1.11795e-01,5.72430e-01,2.54257e-01
6.55033e-01,1.74816e-01,9.76064e-02,2.63978e-01,3.24629e-01,1.99789e-01,1.70526e-01,8.74363e-02,4.26592e-01,5.81871e-01,8.36869e-02,2.17064e-01,2.59677e-01,3.24171e-01,9.62236e-02,3.86893e-01,1.35120e-01,1.08774e-01,5.91093e-01,2.67676e-01
6.59196e-01,1.76897e-01,9.51143e-02,2.88933e-01,3.12743e-01,1.92380e-01,1.71667e-01,9.13352e-02,4.39246e-01,5.88249e-01,8.41406e-02,2.50649e-01,2.82728e-01,3.30173e-01,1.01915e-01,4.14284e-01,1.41868e-01,1.06911e-01,6.09128e-01,2.80974e-01
6.60925e-01,1.79195e-01,9.27914e-02,3.15031e-01,3.00580e-01,1.86239e-01,1.72882e-01,9.61235e-02,4.47813e-01,5.93465e-01,8.47160e-02,2.88057e-01,3.02029e-01,3.36061e-01,1.08289e-01,4.39591e-01,1.49924e-01,1.06522e-01,6.26166e-01,2.94333e-01
6.61468e-01,1.81703e-01,9.05535e-02,3.42141e-01,2.88522e-01,1.81491e-01,1.74471e-01,1.01875e-01,4.53275e-01,5.98138e-01,8.54322e-02,3.29124e-01,3.18445e-01,3.42361e-01,1.15691e-01,4.62234e-01,1.59664e-01,1.07827e-01,6.41559e-01,3.08130e-01
6.61499e-01,1.84372e-01,8.83683e-02,3.70049e-01,2.76730e-01,1.78107e-01,1.76630e-01,1.08543e-01,4.56651e-01,6.02947e-01,8.62914e-02,3.73463e-01,3.33038e-01,3.49475e-01,1.24448e-01,4.82200e-01,1.71326e-01,1.11103e-01,6.55153e-01,3.22887e-01
6.61128e-01,1.87192e-01,8.62965e-02,3.98588e-01,2.65512e-01,1.76131e-01,1.79476e-01,1.16223e-01,4.58899e-01,6.08584e-01,8.73048e-02,4.20482e-01,3.46787e-01,3.57568e-01,1.34954e-01,4.99950e-01,1.84814e-01,1.16454e-01,6.67015e-01,3.39382e-01
6.60223e-01,1.90197e-01,8.43142e-02,4.27624e-01,2.54982e-01,1.75602e-01,1.83057e-01,1.24735e-01,4.60934e-01,6.15757e-01,8.84716e-02,4.69416e-01,3.60507e-01,3.66710e-01,1.47466e-01,5.16288e-01,1.99766e-01,1.23767e-01,6.77438e-01,3.58443e-01
6.58571e-01,1.93440e-01,8.24337e-02,4.56980e-01,2.45172e-01,1.76527e-01,1.87464e-01,1.33941e-01,4.63530e-01,6.25125e-01,8.97621e-02,5.19407e-01,3.74722e-01,3.76689e-01,1.62113e-01,5.32339e-01,2.15600e-01,1.32756e-01,6.87290e-01,3.81047e-01
6.56056e-01,1.97083e-01,8.06645e-02,4.86607e-01,2.36184e-01,1.79058e-01,1.92667e-01,1.43745e-01,4.67310e-01,6.37286e-01,9.12123e-02,5.69639e-01,3.89781e-01,3.87253e-01,1.78911e-01,5.49334e-01,2.31601e-01,1.42943e-01,6.97340e-01,4.08201e-01
6.52634e-01,2.01343e-01,7.90324e-02,5.16371e-01,2.28121e-01,1.83290e-01,1.98541e-01,1.53969e-01,4.72637e-01,6.52744e-01,9.28699e-02,6.19380e-01,4.05838e-01,3.97962e-01,1.97718e-01,5.68620e-01,2.47054e-01,1.53644e-01,7.08704e-01,4.40818e-01
6.48542e-01,2.06486e-01,7.75058e-02,5.46370e-01,2.20882e-01,1.89433e-01,2.04964e-01,1.64532e-01,4.79718e-01,6.71906e-01,9.46866e-02,6.68056e-01,4.22929e-01,4.08592e-01,2.18261e-01,5.91506e-01,2.61495e-01,1.64115e-01,7.22204e-01,4.79348e-01
6.43986e-01,2.12711e-01,7.61396e-02,5.76628e-01,2.14489e-01,1.97681e-01,2.11685e-01,1.75230e-01,4.88445e-01,6.95000e-01,9.67430e-02,7.15275e-01,4.41090e-01,4.18934e-01,2.40349e-01,6.18991e-01,2.74583e-01,1.73645e-01,7.38719e-01,5.23626e-01
6.39459e-01,2.20329e-01,7.49531e-02,6.07305e-01,2.08846e-01,2.08169e-01,2.18598e-01,1.86051e-01,4.98612e-01,7.22234e-01,9.91074e-02,7.60834e-01,4.60137e-01,4.29018e-01,2.63807e-01,6.51442e-01,2.86153e-01,1.81761e-01,7.58599e-01,5.73052e-01
6.35424e-01,2.29469e-01,7.38542e-02,6.38441e-01,2.03977e-01,2.21007e-01,2.25630e-01,1.96923e-01,5.09960e-01,7.53536e-01,1.01857e-01,8.04733e-01,4.80056e-01,4.39201e-01,2.88552e-01,6.88679e-01,2.96177e-01,1.88081e-01,7.82143e-01,6.26446e-01
6.32360e-01,2.40271e-01,7.28868e-02,6.70137e-01,1.99710e-01,2.36190e-01,2.32738e-01,2.07842e-01,5.22205e-01,7.88856e-01,1.05165e-01,8.47082e-01,5.00960e-01,4.50335e-01,3.14558e-01,7.29508e-01,3.04772e-01,1.92440e-01,8.09241e-01,6.82283e-01
6.30777e-01,2.52670e-01,7.20832e-02,7.02452e-01,1.96075e-01,2.53449e-01,2.40048e-01,2.18784e-01,5.35323e-01,8.27845e-01,1.09123e-01,8.88121e-01,5.23011e-01,4.63590e-01,3.41769e-01,7.72081e-01,3.12059e-01,1.94892e-01,8.39639e-01,7.38959e-01
6.31044e-01,2.66514e-01,7.13914e-02,7.35396e-01,1.93042e-01,2.72302e-01,2.47772e-01,2.29693e-01,5.49393e-01,8.70263e-01,1.13888e-01,9.28208e-01,5.46556e-01,4.80466e-01,3.70052e-01,8.14202e-01,3.18143e-01,1.95644e-01,8.72636e-01,7.94868e-01
6.33399e-01,2.81451e-01,7.07998e-02,7.68855e-01,1.90529e-01,2.92139e-01,2.56221e-01,2.40641e-01,5.64830e-01,9.15553e-01,1.19562e-01,9.67734e-01,5.72185e-01,5.02627e-01,3.99039e-01,8.53793e-01,3.23257e-01,1.94942e-01,9.07480e-01,8.48797e-01
6.38019e-01,2.97074e-01,7.03210e-02,8.02793e-01,1.88451e-01,3.12343e-01,2.65693e-01,2.51649e-01,5.82084e-01,9.63358e-01,1.26183e-01,1.00707e+00,6.00868e-01,5.31468e-01,4.28284e-01,8.89212e-01,3.27508e-01,1.93076e-01,9.43601e-01,8.99543e-01
6.44698e-01,3.12876e-01,6.99353e-02,8.37003e-01,1.86792e-01,3.32303e-01,2.76554e-01,2.62707e-01,6.01674e-01,1.01304e+00,1.33684e-01,1.04662e+00,6.33666e-01,5.67318e-01,4.57232e-01,9.19462e-01,3.31079e-01,1.90338e-01,9.80251e-01,9.46141e-01
6.53011e-01,3.28416e-01,6.96423e-02,8.71284e-01,1.85530e-01,3.51595e-01,2.89130e-01,2.73769e-01,6.23971e-01,1.06415e+00,1.41873e-01,1.08673e+00,6.71660e-01,6.09149e-01,4.85238e-01,9.44270e-01,3.34047e-01,1.86924e-01,1.01680e+00,9.87990e-01
6.62408e-01,3.43281e-01,6.94133e-02,9.05315e-01,1.84526e-01,3.69998e-01,3.03639e-01,2.84867e-01,6.49336e-01,1.11610e+00,1.50475e-01,1.12775e+00,7.15970e-01,6.54210e-01,5.11997e-01,9.63771e-01,3.36544e-01,1.83124e-01,1.05258e+00,1.02468e+00
6.72203e-01,3.57149e-01,6.92676e-02,9.38841e-01,1.83807e-01,3.87527e-01,3.20237e-01,2.96060e-01,6.77584e-01,1.16850e+00,1.59059e-01,1.16997e+00,7.66983e-01,6.98867e-01,5.37080e-01,9.78637e-01,3.38681e-01,1.79081e-01,1.08749e+00,1.05596e+00
6.81626e-01,3.69827e-01,6.91721e-02,9.71526e-01,1.83319e-01,4.04260e-01,3.38918e-01,3.07393e-01,7.08399e-01,1.22087e+00,1.67286e-01,1.21363e+00,8.24703e-01,7.39470e-01,5.60363e-01,9.89478e-01,3.40469e-01,1.74947e-01,1.12112e+00,1.08185e+00
6.89971e-01,3.81212e-01,6.91475e-02,1.00310e+00,1.83085e-01,4.20435e-01,3.59592e-01,3.18985e-01,7.41199e-01,1.27285e+00,1.74836e-01,1.25890e+00,8.87893e-01,7.73164e-01,5.81824e-01,9.97013e-01,3.42068e-01,1.70823e-01,1.15327e+00,1.10242e+00
6.96743e-01,3.91345e-01,6.91279e-02,1.03323e+00,1.83003e-01,4.36191e-01,3.81923e-01,3.30858e-01,7.75165e-01,1.32413e+00,1.81467e-01,1.30591e+00,9.54700e-01,7.98487e-01,6.01288e-01,1.00206e+00,3.43503e-01,1.66791e-01,1.18413e+00,1.11804e+00
7.01498e-01,4.00287e-01,6.90836e-02,1.06166e+00,1.83053e-01,4.51505e-01,4.05556e-01,3.43377e-01,8.09458e-01,1.37449e+00,1.87065e-01,1.35471e+00,1.02261e+00,8.15152e-01,6.18790e-01,1.00520e+00,3.44908e-01,1.62917e-01,1.21328e+00,1.12899e+00
7.04104e-01,4.08196e-01,6.91096e-02,1.08837e+00,1.83229e-01,4.66392e-01,4.29880e-01,3.56407e-01,8.43272e-01,1.42382e+00,1.91589e-01,1.40529e+00,1.08900e+00,8.23945e-01,6.34220e-01,1.00705e+00,3.46331e-01,1.59234e-01,1.24086e+00,1.13588e+00
7.04477e-01,4.15222e-01,6.91610e-02,1.11325e+00,1.83533e-01,4.80627e-01,4.54330e-01,3.70141e-01,8.75961e-01,1.47202e+00,1.95110e-01,1.45755e+00,1.15140e+00,8.25961e-01,6.47481e-01,1.00803e+00,3.47870e-01,1.55755e-01,1.26657e+00,1.13916e+00
7.02821e-01,4.21529e-01,6.92335e-02,1.13634e+00,1.83877e-01,4.93948e-01,4.78131e-01,3.84646e-01,9.07047e-01,1.51923e+00,1.97733e-01,1.51132e+00,1.20798e+00,8.22552e-01,6.58375e-01,1.00869e+00,3.49617e-01,1.52530e-01,1.29015e+00,1.13943e+00
6.99235e-01,4.27350e-01,6.93101e-02,1.15782e+00,1.84311e-01,5.06103e-01,5.00810e-01,3.99976e-01,9.36196e-01,1.56544e+00,1.99637e-01,1.56631e+00,1.25755e+00,8.15033e-01,6.66902e-01,1.00942e+00,3.51667e-01,1.49515e-01,1.31156e+00,1.13738e+00
6.94086e-01,4.32800e-01,6.93872e-02,1.17800e+00,1.84784e-01,5.16912e-01,5.21772e-01,4.16075e-01,9.63196e-01,1.61080e+00,2.00998e-01,1.62226e+00,1.29976e+00,8.04487e-01,6.72890e-01,1.01062e+00,3.54074e-01,1.46782e-01,1.33048e+00,1.13353e+00
6.87689e-01,4.38092e-01,6.94691e-02,1.19714e+00,1.85287e-01,5.26262e-01,5.40767e-01,4.32880e-01,9.88074e-01,1.65545e+00,2.02048e-01,1.67884e+00,1.33435e+00,7.91908e-01,6.76383e-01,1.01249e+00,3.56967e-01,1.44256e-01,1.34689e+00,1.12844e+00
6.80280e-01,4.43343e-01,6.95713e-02,1.21569e+00,1.85848e-01,5.34250e-01,5.57680e-01,4.50320e-01,1.01080e+00,1.69932e+00,2.02975e-01,1.73564e+00,1.36174e+00,7.77952e-01,6.77522e-01,1.01527e+00,3.60413e-01,1.42017e-01,1.36043e+00,1.12269e+00
6.72088e-01,4.48685e-01,6.97057e-02,1.23407e+00,1.86392e-01,5.41063e-01,5.72496e-01,4.68160e-01,1.03140e+00,1.74237e+00,2.04009e-01,1.79218e+00,1.38263e+00,7.63231e-01,6.76414e-01,1.01908e+00,3.64438e-01,1.39954e-01,1.37110e+00,1.11679e+00
6.63477e-01,4.54211e-01,6.98617e-02,1.25275e+00,1.86932e-01,5.46963e-01,5.85354e-01,4.86310e-01,1.05008e+00,1.78422e+00,2.05326e-01,1.84811e+00,1.39772e+00,7.48207e-01,6.73224e-01,1.02396e+00,3.69100e-01,1.38106e-01,1.37879e+00,1.11111e+00
6.54657e-01,4.60028e-01,7.00100e-02,1.27222e+00,1.87530e-01,5.52113e-01,5.96529e-01,5.04650e-01,1.06682e+00,1.82464e+00,2.07081e-01,1.90303e+00,1.40783e+00,7.33254e-01,6.68211e-01,1.02992e+00,3.74419e-01,1.36423e-01,1.38347e+00,1.10596e+00
6.45746e-01,4.66221e-01,7.01890e-02,1.29294e+00,1.88114e-01,5.56863e-01,6.06507e-01,5.23078e-01,1.08198e+00,1.86313e+00,2.09457e-01,1.95660e+00,1.41369e+00,7.18569e-01,6.61632e-01,1.03671e+00,3.80424e-01,1.34920e-01,1.38535e+00,1.10144e+00
6.36915e-01,4.72870e-01,7.03492e-02,1.31546e+00,1.88666e-01,5.61422e-01,6.15537e-01,5.41577e-01,1.09558e+00,1.89923e+00,2.12696e-01,2.00852e+00,1.41620e+00,7.04320e-01,6.53765e-01,1.04428e+00,3.87125e-01,1.33621e-01,1.38459e+00,1.09771e+00
6.28259e-01,4.80139e-01,7.05121e-02,1.34029e+00,1.89157e-01,5.65896e-01,6.24074e-01,5.60216e-01,1.10789e+00,1.93253e+00,2.16827e-01,2.05854e+00,1.41608e+00,6.90618e-01,6.44842e-01,1.05238e+00,3.94488e-01,1.32463e-01,1.38131e+00,1.09480e+00
6.19911e-01,4.88013e-01,7.06319e-02,1.36792e+00,1.89611e-01,5.70435e-01,6.32411e-01,5.79071e-01,1.11901e+00,1.96258e+00,2.22010e-01,2.10652e+00,1.41376e+00,6.77490e-01,6.35185e-01,1.06086e+00,4.02509e-01,1.31495e-01,1.37578e+00,1.09251e+00
6.11941e-01,4.96657e-01,7.07618e-02,1.39889e+00,1.90107e-01,5.74976e-01,6.40799e-01,5.98294e-01,1.12928e+00,1.98917e+00,2.28175e-01,2.15239e+00,1.41012e+00,6.65063e-01,6.24867e-01,1.06944e+00,4.11022e-01,1.30653e-01,1.36834e+00,1.09079e+00
6.04300e-01,5.06270e-01,7.09117e-02,1.43365e+00,1.90600e-01,5.79512e-01,6.49459e-01,6.18201e-01,1.13885e+00,2.01209e+00,2.35329e-01,2.19611e+00,1.40548e+00,6.53318e-01,6.14223e-01,1.07794e+00,4.19993e-01,1.29967e-01,1.35933e+00,1.08937e+00
5.97128e-01,5.17067e-01,7.10531e-02,1.47256e+00,1.91110e-01,5.83750e-01,6.58609e-01,6.39320e-01,1.14802e+00,2.03143e+00,2.43304e-01,2.23775e+00,1.40020e+00,6.42346e-01,6.03398e-01,1.08624e+00,4.29360e-01,1.29395e-01,1.34914e+00,1.08807e+00
5.90448e-01,5.29218e-01,7.12161e-02,1.51584e+00,1.91620e-01,5.87726e-01,6.68248e-01,6.61931e-01,1.15694e+00,2.04731e+00,2.51954e-01,2.27754e+00,1.39482e+00,6.32126e-01,5.92491e-01,1.09429e+00,4.39043e-01,1.28949e-01,1.33796e+00,1.08672e+00
5.84232e-01,5.42945e-01,7.13938e-02,1.56362e+00,1.92018e-01,5.91185e-01,6.78384e-01,6.86702e-01,1.16578e+00,2.05988e+00,2.61019e-01,2.31564e+00,1.38948e+00,6.22604e-01,5.81635e-01,1.10203e+00,4.49031e-01,1.28598e-01,1.32616e+00,1.08504e+00
5.78499e-01,5.58552e-01,7.16005e-02,1.61587e+00,1.92426e-01,5.94006e-01,6.89057e-01,7.14234e-01,1.17488e+00,2.06964e+00,2.70229e-01,2.35233e+00,1.38446e+00,6.13804e-01,5.71034e-01,1.10945e+00,4.59275e-01,1.28336e-01,1.31408e+00,1.08288e+00
5.73241e-01,5.76278e-01,7.18128e-02,1.67230e+00,1.92840e-01,5.96140e-01,7.00151e-01,7.44960e-01,1.18439e+00,2.07699e+00,2.79335e-01,2.38796e+00,1.37978e+00,6.05703e-01,5.60716e-01,1.11677e+00,4.69791e-01,1.28155e-01,1.30191e+00,1.08038e+00
5.68442e-01,5.96469e-01,7.20127e-02,1.73235e+00,1.93256e-01,5.97515e-01,7.11473e-01,7.79531e-01,1.19444e+00,2.08233e+00,2.88121e-01,2.42287e+00,1.37563e+00,5.98326e-01,5.50725e-01,1.12406e+00,4.80744e-01,1.28032e-01,1.28979e+00,1.07734e+00
5.64123e-01,6.19226e-01,7.22444e-02,1.79541e+00,1.93624e-01,5.98097e-01,7.22886e-01,8.18166e-01,1.20519e+00,2.08630e+00,2.96411e-01,2.45740e+00,1.37200e+00,5.91544e-01,5.41112e-01,1.13156e+00,4.92322e-01,1.27969e-01,1.27793e+00,1.07383e+00
5.60271e-01,6.44812e-01,7.24087e-02,1.86059e+00,1.94007e-01,5.97935e-01,7.34393e-01,8.61218e-01,1.21665e+00,2.08930e+00,3.04030e-01,2.49195e+00,1.36892e+00,5.85430e-01,5.31971e-01,1.13956e+00,5.04728e-01,1.27951e-01,1.26667e+00,1.06982e+00
5.56788e-01,6.73262e-01,7.25520e-02,1.92700e+00,1.94364e-01,5.97073e-01,7.45704e-01,9.08388e-01,1.22895e+00,2.09200e+00,3.10917e-01,2.52692e+00,1.36629e+00,5.79924e-01,5.23250e-01,1.14830e+00,5.18198e-01,1.27963e-01,1.25601e+00,1.06536e+00
5.53679e-01,7.04544e-01,7.26716e-02,1.99376e+00,1.94682e-01,5.95561e-01,7.56987e-01,9.59138e-01,1.24180e+00,2.09489e+00,3.17043e-01,2.56264e+00,1.36418e+00,5.74988e-01,5.15040e-01,1.15813e+00,5.33088e-01,1.28063e-01,1.24604e+00,1.06056e+00
5.51042e-01,7.38577e-01,7.27652e-02,2.06035e+00,1.94983e-01,5.93450e-01,7.68065e-01,1.01259e+00,1.25532e+00,2.09857e+00,3.22401e-01,2.59951e+00,1.36254e+00,5.70525e-01,5.07292e-01,1.16941e+00,5.49761e-01,1.28163e-01,1.23698e+00,1.05554e+00
5.48689e-01,7.74996e-01,7.28583e-02,2.12622e+00,1.95225e-01,5.90888e-01,7.79031e-01,1.06747e+00,1.26921e+00,2.10364e+00,3.26986e-01,2.63782e+00,1.36102e+00,5.66696e-01,5.00057e-01,1.18253e+00,5.68528e-01,1.28323e-01,1.22895e+00,1.05042e+00
5.46667e-01,8.13508e-01,7.29323e-02,2.19125e+00,1.95477e-01,5.87931e-01,7.90084e-01,1.12237e+00,1.28323e+00,2.11060e+00,3.30864e-01,2.67780e+00,1.35981e+00,5.63336e-01,4.93321e-01,1.19784e+00,5.89699e-01,1.28511e-01,1.22189e+00,1.04516e+00
5.44994e-01,8.53464e-01,7.30289e-02,2.25544e+00,1.95712e-01,5.84630e-01,8.01359e-01,1.17582e+00,1.29704e+00,2.12018e+00,3.34064e-01,2.71962e+00,1.35871e+00,5.60405e-01,4.87071e-01,1.21572e+00,6.13574e-01,1.28663e-01,1.21592e+00,1.03996e+00
5.43504e-01,8.94265e-01,7.31200e-02,2.31918e+00,1.95973e-01,5.81123e-01,8.13098e-01,1.22652e+00,1.31036e+00,2.13276e+00,3.36675e-01,2.76347e+00,1.35773e+00,5.57907e-01,4.81291e-01,1.23649e+00,6.40317e-01,1.28840e-01,1.21097e+00,1.03482e+00
5.42338e-01,9.35322e-01,7.32077e-02,2.38286e+00,1.96248e-01,5.77393e-01,8.25641e-01,1.27339e+00,1.32286e+00,2.14915e+00,3.38728e-01,2.80942e+00,1.35674e+00,5.55809e-01,4.75988e-01,1.26069e+00,6.70155e-01,1.29023e-01,1.20715e+00,1.03001e+00
5.41389e-01,9.75827e-01,7.32904e-02,2.44711e+00,1.96486e-01,5.73611e-01,8.39394e-01,1.31569e+00,1.33425e+00,2.16962e+00,3.40314e-01,2.85752e+00,1.35590e+00,5.54085e-01,4.71157e-01,1.28859e+00,7.03088e-01,1.29204e-01,1.20424e+00,1.02536e+00
5.40663e-01,1.01510e+00,7.33829e-02,2.51245e+00,1.96685e-01,5.69701e-01,8.54711e-01,1.35293e+00,1.34434e+00,2.19487e+00,3.41381e-01,2.90769e+00,1.35506e+00,5.52671e-01,4.66748e-01,1.32052e+00,7.39157e-01,1.29401e-01,1.20242e+00,1.02101e+00
5.40100e-01,1.05260e+00,7.34550e-02,2.57953e+00,1.96855e-01,5.65741e-01,8.71942e-01,1.38484e+00,1.35293e+00,2.22506e+00,3.42080e-01,2.95980e+00,1.35420e+00,5.51584e-01,4.62762e-01,1.35678e+00,7.78392e-01,1.29603e-01,1.20149e+00,1.01706e+00
5.39724e-01,1.08775e+00,7.35121e-02,2.64883e+00,1.97031e-01,5.61793e-01,8.91436e-01,1.41161e+00,1.35978e+00,2.26060e+00,3.42309e-01,3.01378e+00,1.35342e+00,5.50753e-01,4.59196e-01,1.39735e+00,8.20946e-01,1.29799e-01,1.20129e+00,1.01354e+00
5.39544e-01,1.12020e+00,7.35255e-02,2.72066e+00,1.97184e-01,5.57901e-01,9.13445e-01,1.43331e+00,1.36508e+00,2.30160e+00,3.42187e-01,3.06936e+00,1.35279e+00,5.50147e-01,4.55985e-01,1.44248e+00,8.67178e-01,1.30017e-01,1.20186e+00,1.01050e+00
5.39454e-01,1.14957e+00,7.35964e-02,2.79516e+00,1.97299e-01,5.54036e-01,9.38134e-01,1.45039e+00,1.36866e+00,2.34792e+00,3.41680e-01,3.12617e+00,1.35227e+00,5.49708e-01,4.53155e-01,1.49200e+00,9.17526e-01,1.30207e-01,1.20313e+00,1.00798e+00
5.39535e-01,1.17574e+00,7.36687e-02,2.87247e+00,1.97433e-01,5.50291e-01,9.65508e-01,1.46324e+00,1.37059e+00,2.39950e+00,3.40870e-01,3.18391e+00,1.35196e+00,5.49562e-01,4.50678e-01,1.54552e+00,9.72568e-01,1.30372e-01,1.20479e+00,1.00601e+00
5.39707e-01,1.19856e+00,7.37313e-02,2.95257e+00,1.97490e-01,5.46652e-01,9.95318e-01,1.47228e+00,1.37098e+00,2.45579e+00,3.39744e-01,3.24229e+00,1.35176e+00,5.49519e-01,4.48501e-01,1.60261e+00,1.03279e+00,1.30532e-01,1.20692e+00,1.00466e+00
5.39907e-01,1.21811e+00,7.37884e-02,3.03508e+00,1.97539e-01,5.43111e-01,1.02718e+00,1.47809e+00,1.37000e+00,2.51629e+00,3.38336e-01,3.30092e+00,1.35176e+00,5.49621e-01,4.46618e-01,1.66239e+00,1.09846e+00,1.30704e-01,1.20920e+00,1.00401e+00
5.40169e-01,1.23447e+00,7.38238e-02,3.11985e+00,1.97641e-01,5.39699e-01,1.06052e+00,1.48107e+00,1.36780e+00,2.58039e+00,3.36688e-01,3.35946e+00,1.35214e+00,5.49910e-01,4.45034e-01,1.72402e+00,1.16951e+00,1.30875e-01,1.21160e+00,1.00413e+00
5.40568e-01,1.24782e+00,7.38452e-02,3.20672e+00,1.98013e-01,5.36375e-01,1.09465e+00,1.48170e+00,1.36457e+00,2.64733e+00,3.34849e-01,3.41751e+00,1.35266e+00,5.50301e-01,4.43669e-01,1.78641e+00,1.24509e+00,1.31057e-01,1.21408e+00,1.00515e+00
5.41033e-01,1.25838e+00,7.38805e-02,3.29554e+00,1.98128e-01,5.33172e-01,1.12879e+00,1.48028e+00,1.36042e+00,2.71655e+00,3.32794e-01,3.47475e+00,1.35347e+00,5.50795e-01,4.42538e-01,1.84823e+00,1.32392e+00,1.31237e-01,1.21638e+00,1.00705e+00
5.41639e-01,1.26632e+00,7.39220e-02,3.38592e+00,1.98115e-01,5.30139e-01,1.16213e+00,1.47725e+00,1.35558e+00,2.78726e+00,3.30597e-01,3.53085e+00,1.35444e+00,5.51308e-01,4.41660e-01,1.90839e+00,1.40427e+00,1.31412e-01,1.21844e+00,1.01000e+00
5.42161e-01,1.27199e+00,7.39536e-02,3.47796e+00,1.98057e-01,5.27219e-01,1.19410e+00,1.47305e+00,1.35022e+00,2.85897e+00,3.28270e-01,3.58553e+00,1.35568e+00,5.51866e-01,4.40922e-01,1.96576e+00,1.48410e+00,1.31583e-01,1.22016e+00,1.01408e+00
5.42760e-01,1.27565e+00,7.39525e-02,3.57180e+00,1.98043e-01,5.24456e-01,1.22420e+00,1.46780e+00,1.34439e+00,2.93122e+00,3.25809e-01,3.63858e+00,1.35704e+00,5.52524e-01,4.40365e-01,2.01938e+00,1.56150e+00,1.31716e-01,1.22169e+00,1.01952e+00
5.43395e-01,1.27761e+00,7.39790e-02,3.66729e+00,1.98037e-01,5.21842e-01,1.25204e+00,1.46194e+00,1.33836e+00,3.00374e+00,3.23328e-01,3.68969e+00,1.35858e+00,5.53232e-01,4.39950e-01,2.06871e+00,1.63480e+00,1.31861e-01,1.22290e+00,1.02645e+00
5.44090e-01,1.27809e+00,7.40368e-02,3.76430e+00,1.98015e-01,5.19411e-01,1.27741e+00,1.45571e+00,1.33215e+00,3.07632e+00,3.20782e-01,3.73865e+00,1.36012e+00,5.53951e-01,4.39667e-01,2.11318e+00,1.70263e+00,1.32015e-01,1.22378e+00,1.03505e+00
5.44677e-01,1.27736e+00,7.40404e-02,3.86281e+00,1.98007e-01,5.17121e-01,1.30015e+00,1.44931e+00,1.32587e+00,3.14895e+00,3.18202e-01,3.78546e+00,1.36183e+00,5.54688e-01,4.39557e-01,2.15271e+00,1.76394e+00,1.32161e-01,1.22416e+00,1.04546e+00
5.45297e-01,1.27565e+00,7.40626e-02,3.96240e+00,1.98036e-01,5.14979e-01,1.32040e+00,1.44306e+00,1.31966e+00,3.22160e+00,3.15591e-01,3.83011e+00,1.36335e+00,5.55424e-01,4.39521e-01,2.18735e+00,1.81820e+00,1.32301e-01,1.22423e+00,1.05782e+00
5.45916e-01,1.27324e+00,7.40846e-02,4.06261e+00,1.98095e-01,5.13030e-01,1.33818e+00,1.43715e+00,1.31352e+00,3.29443e+00,3.13025e-01,3.87254e+00,1.36476e+00,5.56211e-01,4.39578e-01,2.21701e+00,1.86507e+00,1.32426e-01,1.22389e+00,1.07232e+00
5.46499e-01,1.27032e+00,7.40815e-02,4.16276e+00,1.98214e-01,5.11229e-01,1.35365e+00,1.43169e+00,1.30755e+00,3.36762e+00,3.10507e-01,3.91273e+00,1.36613e+00,5.56988e-01,4.39705e-01,2.24225e+00,1.90465e+00,1.32530e-01,1.22311e+00,1.08918e+00
5.47118e-01,1.26709e+00,7.41230e-02,4.26186e+00,1.98401e-01,5.09537e-01,1.36703e+00,1.42700e+00,1.30182e+00,3.44124e+00,3.08041e-01,3.95081e+00,1.36731e+00,5.57774e-01,4.39918e-01,2.26324e+00,1.93712e+00,1.32629e-01,1.22211e+00,1.10862e+00
5.47721e-01,1.26377e+00,7.41629e-02,4.35913e+00,1.98626e-01,5.07976e-01,1.37850e+00,1.42320e+00,1.29635e+00,3.51545e+00,3.05646e-01,3.98696e+00,1.36825e+00,5.58578e-01,4.40188e-01,2.28070e+00,1.96295e+00,1.32742e-01,1.22084e+00,1.13072e+00
5.48295e-01,1.26060e+00,7.41860e-02,4.45359e+00,1.98846e-01,5.06563e-01,1.38822e+00,1.42049e+00,1.29112e+00,3.59026e+00,3.03343e-01,4.02125e+00,1.36906e+00,5.59366e-01,4.40456e-01,2.29486e+00,1.98275e+00,1.32818e-01,1.21940e+00,1.15559e+00
5.48822e-01,1.25771e+00,7.41861e-02,4.54438e+00,1.99049e-01,5.05306e-01,1.39636e+00,1.41899e+00,1.28613e+00,3.66576e+00,3.01124e-01,4.05389e+00,1.36970e+00,5.60119e-01,4.40772e-01,2.30630e+00,1.99727e+00,1.32861e-01,1.21774e+00,1.18345e+00
5.49359e-01,1.25532e+00,7.41733e-02,4.63076e+00,1.99202e-01,5.04130e-01,1.40305e+00,1.41890e+00,1.28155e+00,3.74186e+00,2.98979e-01,4.08524e+00,1.37011e+00,5.60844e-01,4.41084e-01,2.31551e+00,2.00725e+00,1.32944e-01,1.21593e+00,1.21428e+00
5.49891e-01,1.25366e+00,7.41728e-02,4.71208e+00,1.99268e-01,5.03123e-01,1.40846e+00,1.42026e+00,1.27723e+00,3.81840e+00,2.96938e-01,4.11559e+00,1.37025e+00,5.61541e-01,4.41450e-01,2.32283e+00,2.01336e+00,1.33046e-01,1.21403e+00,1.24798e+00
5.50375e-01,1.25291e+00,7.41532e-02,4.78799e+00,1.99260e-01,5.02168e-01,1.41259e+00,1.42321e+00,1.27322e+00,3.89522e+00,2.94928e-01,4.14523e+00,1.37017e+00,5.62208e-01,4.41845e-01,2.32878e+00,2.01625e+00,1.33122e-01,1.21206e+00,1.28450e+00
5.50884e-01,1.25328e+00,7.41531e-02,4.85797e+00,1.99185e-01,5.01313e-01,1.41557e+00,1.42778e+00,1.26954e+00,3.97198e+00,2.92990e-01,4.17453e+00,1.36990e+00,5.62853e-01,4.42210e-01,2.33388e+00,2.01655e+00,1.33167e-01,1.21008e+00,1.32348e+00
5.51422e-01,1.25511e+00,7.41431e-02,4.92163e+00,1.99037e-01,5.00586e-01,1.41745e+00,1.43402e+00,1.26619e+00,4.04844e+00,2.91145e-01,4.20387e+00,1.36941e+00,5.63461e-01,4.42582e-01,2.33845e+00,2.01479e+00,1.33194e-01,1.20808e+00,1.36458e+00
5.51947e-01,1.25864e+00,7.41037e-02,4.97866e+00,1.98817e-01,4.99953e-01,1.41824e+00,1.44184e+00,1.26316e+00,4.12437e+00,2.89414e-01,4.23363e+00,1.36877e+00,5.64059e-01,4.42953e-01,2.34298e+00,2.01147e+00,1.33218e-01,1.20594e+00,1.40735e+00
5.52511e-01,1.26429e+00,7.40843e-02,5.02922e+00,1.98577e-01,4.99449e-01,1.41808e+00,1.45120e+00,1.26043e+00,4.19952e+00,2.87793e-01,4.26427e+00,1.36798e+00,5.64641e-01,4.43337e-01,2.34796e+00,2.00708e+00,1.33240e-01,1.20381e+00,1.45112e+00
5.53110e-01,1.27237e+00,7.40810e-02,5.07322e+00,1.98331e-01,4.98975e-01,1.41700e+00,1.46183e+00,1.25801e+00,4.27369e+00,2.86292e-01,4.29620e+00,1.36702e+00,5.65186e-01,4.43710e-01,2.35383e+00,2.00181e+00,1.33254e-01,1.20182e+00,1.49542e+00
5.53811e-01,1.28333e+00,7.40571e-02,5.11085e+00,1.98076e-01,4.98609e-01,1.41516e+00,1.47354e+00,1.25583e+00,4.34671e+00,2.84914e-01,4.32981e+00,1.36596e+00,5.65693e-01,4.44102e-01,2.36100e+00,1.99579e+00,1.33252e-01,1.19992e+00,1.53941e+00
5.54623e-01,1.29767e+00,7.40625e-02,5.14234e+00,1.97805e-01,4.98233e-01,1.41252e+00,1.48618e+00,1.25395e+00,4.41858e+00,2.83664e-01,4.36557e+00,1.36485e+00,5.66141e-01,4.44573e-01,2.36994e+00,1.98925e+00,1.33238e-01,1.19808e+00,1.58254e+00
5.55582e-01,1.31583e+00,7.40337e-02,5.16803e+00,1.97568e-01,4.97935e-01,1.40918e+00,1.49959e+00,1.25234e+00,4.48930e+00,2.82487e-01,4.40394e+00,1.36370e+00,5.66569e-01,4.45042e-01,2.38120e+00,1.98229e+00,1.33253e-01,1.19628e+00,1.62430e+00
5.56739e-01,1.33839e+00,7.39860e-02,5.18835e+00,1.97337e-01,4.97656e-01,1.40522e+00,1.51355e+00,1.25094e+00,4.55904e+00,2.81422e-01,4.44519e+00,1.36251e+00,5.66982e-01,4.45461e-01,2.39511e+00,1.97495e+00,1.33278e-01,1.19452e+00,1.66431e+00
5.58127e-01,1.36582e+00,7.39375e-02,5.20382e+00,1.97071e-01,4.97466e-01,1.40068e+00,1.52779e+00,1.24984e+00,4.62813e+00,2.80470e-01,4.48980e+00,1.36132e+00,5.67326e-01,4.45883e-01,2.41214e+00,1.96724e+00,1.33300e-01,1.19302e+00,1.70217e+00
5.59792e-01,1.39852e+00,7.39119e-02,5.21510e+00,1.96817e-01,4.97306e-01,1.39572e+00,1.54202e+00,1.24888e+00,4.69692e+00,2.79543e-01,4.53812e+00,1.36012e+00,5.67609e-01,4.46321e-01,2.43250e+00,1.95926e+00,1.33309e-01,1.19159e+00,1.73774e+00
5.61781e-01,1.43693e+00,7.38974e-02,5.22275e+00,1.96556e-01,4.97261e-01,1.39033e+00,1.55624e+00,1.24808e+00,4.76589e+00,2.78696e-01,4.59041e+00,1.35896e+00,5.67853e-01,4.46732e-01,2.45662e+00,1.95094e+00,1.33296e-01,1.19026e+00,1.77081e+00
5.64207e-01,1.48116e+00,7.38585e-02,5.22717e+00,1.96305e-01,4.97231e-01,1.38464e+00,1.57018e+00,1.24747e+00,4.83562e+00,2.77935e-01,4.64702e+00,1.35783e+00,5.68097e-01,4.47117e-01,2.48436e+00,1.94239e+00,1.33256e-01,1.18889e+00,1.80160e+00
5.67084e-01,1.53133e+00,7.37971e-02,5.22908e+00,1.96076e-01,4.97268e-01,1.37867e+00,1.58390e+00,1.24697e+00,4.90670e+00,2.77281e-01,4.70815e+00,1.35676e+00,5.68381e-01,4.47504e-01,2.51570e+00,1.93357e+00,1.33201e-01,1.18762e+00,1.83015e+00
5.70459e-01,1.58725e+00,7.37676e-02,5.22906e+00,1.95889e-01,4.97272e-01,1.37249e+00,1.59728e+00,1.24669e+00,4.97971e+00,2.76737e-01,4.77401e+00,1.35571e+00,5.68686e-01,4.47853e-01,2.55028e+00,1.92452e+00,1.33159e-01,1.18645e+00,1.85661e+00
5.74391e-01,1.64859e+00,7.37398e-02,5.22769e+00,1.95707e-01,4.97264e-01,1.36615e+00,1.61033e+00,1.24644e+00,5.05534e+00,2.76239e-01,4.84485e+00,1.35470e+00,5.68981e-01,4.48202e-01,2.58748e+00,1.91514e+00,1.33127e-01,1.18545e+00,1.88134e+00
5.78846e-01,1.71461e+00,7.37188e-02,5.22528e+00,1.95477e-01,4.97291e-01,1.35982e+00,1.62323e+00,1.24636e+00,5.13410e+00,2.75837e-01,4.92063e+00,1.35376e+00,5.69259e-01,4.48571e-01,2.62680e+00,1.90557e+00,1.33095e-01,1.18451e+00,1.90478e+00
5.83772e-01,1.78458e+00,7.37066e-02,5.22222e+00,1.95251e-01,4.97350e-01,1.35341e+00,1.63607e+00,1.24638e+00,5.21654e+00,2.75444e-01,5.00131e+00,1.35291e+00,5.69520e-01,4.48923e-01,2.66725e+00,1.89590e+00,1.33034e-01,1.18369e+00,1.92727e+00
5.89135e-01,1.85760e+00,7.36621e-02,5.21914e+00,1.95064e-01,4.97386e-01,1.34694e+00,1.64887e+00,1.24647e+00,5.30300e+00,2.75069e-01,5.08707e+00,1.35216e+00,5.69759e-01,4.49248e-01,2.70809e+00,1.88614e+00,1.32960e-01,1.18296e+00,1.94913e+00
5.94780e-01,1.93260e+00,7.35937e-02,5.21645e+00,1.94920e-01,4.97443e-01,1.34051e+00,1.66191e+00,1.24662e+00,5.39376e+00,2.74738e-01,5.17770e+00,1.35144e+00,5.69973e-01,4.49561e-01,2.74822e+00,1.87633e+00,1.32915e-01,1.18232e+00,1.97092e+00
6.00566e-01,2.00858e+00,7.35487e-02,5.21451e+00,1.94785e-01,4.97489e-01,1.33416e+00,1.67535e+00,1.24684e+00,5.48880e+00,2.74477e-01,5.27296e+00,1.35082e+00,5.70159e-01,4.49876e-01,2.78693e+00,1.86647e+00,1.32878e-01,1.18168e+00,1.99315e+00
6.06294e-01,2.08475e+00,7.34860e-02,5.21371e+00,1.94622e-01,4.97577e-01,1.32791e+00,1.68948e+00,1.24707e+00,5.58811e+00,2.74293e-01,5.37265e+00,1.35029e+00,5.70323e-01,4.50191e-01,2.82342e+00,1.85670e+00,1.32838e-01,1.18113e+00,2.01623e+00
6.11769e-01,2.16032e+00,7.34109e-02,5.21445e+00,1.94426e-01,4.97661e-01,1.32176e+00,1.70450e+00,1.24735e+00,5.69115e+00,2.74158e-01,5.47651e+00,1.34983e+00,5.70455e-01,4.50496e-01,2.85715e+00,1.84708e+00,1.32772e-01,1.18059e+00,2.04072e+00
6.16790e-01,2.23458e+00,7.33521e-02,5.21722e+00,1.94207e-01,4.97734e-01,1.31576e+00,1.72075e+00,1.24767e+00,5.79779e+00,2.74069e-01,5.58455e+00,1.34946e+00,5.70584e-01,4.50759e-01,2.88791e+00,1.83768e+00,1.32676e-01,1.18006e+00,2.06725e+00
6.21200e-01,2.30726e+00,7.39146e-02,5.22220e+00,1.94968e-01,4.97817e-01,1.30995e+00,1.73852e+00,1.24842e+00,5.90684e+00,2.74028e-01,5.69543e+00,1.34915e+00,5.70709e-01,4.51014e-01,2.91515e+00,1.82851e+00,1.33159e-01,1.17957e+00,2.09627e+00
6.24880e-01,2.37858e+00,7.49844e-02,5.22984e+00,1.95837e-01,4.97851e-01,1.30432e+00,1.75817e+00,1.24923e+00,6.01873e+00,2.74015e-01,5.80963e+00,1.34886e+00,5.70777e-01,4.51266e-01,2.93910e+00,1.81954e+00,1.33295e-01,1.17912e+00,2.12814e+00
6.27704e-01,2.44707e+00,7.63634e-02,5.24058e+00,1.96637e-01,4.97885e-01,1.29887e+00,1.77996e+00,1.25070e+00,6.13234e+00,2.74020e-01,5.92565e+00,1.34863e+00,5.70811e-01,4.51497e-01,2.95957e+00,1.81085e+00,1.33417e-01,1.17875e+00,2.16337e+00
6.29658e-01,2.51350e+00,7.79063e-02,5.25479e+00,1.97793e-01,4.97962e-01,1.29363e+00,1.80436e+00,1.25296e+00,6.24579e+00,2.74032e-01,6.04337e+00,1.34853e+00,5.71556e-01,4.51703e-01,2.97681e+00,1.80253e+00,1.33656e-01,1.17842e+00,2.20217e+00
6.30680e-01,2.57808e+00,7.92138e-02,5.27280e+00,1.99027e-01,4.98038e-01,1.28862e+00,1.83154e+00,1.25518e+00,6.35923e+00,2.74042e-01,6.16218e+00,1.34845e+00,5.72003e-01,4.51895e-01,2.99115e+00,1.79457e+00,1.34043e-01,1.17813e+00,2.24451e+00
6.30810e-01,2.64098e+00,8.01928e-02,5.29496e+00,2.00324e-01,4.98096e-01,1.28385e+00,1.86185e+00,1.25735e+00,6.47117e+00,2.74064e-01,6.28150e+00,1.34842e+00,5.72314e-01,4.52076e-01,3.00270e+00,1.78697e+00,1.34509e-01,1.17779e+00,2.29047e+00
6.30170e-01,2.70240e+00,8.08995e-02,5.32160e+00,2.01748e-01,4.98148e-01,1.27930e+00,1.89552e+00,1.25957e+00,6.58027e+00,2.74092e-01,6.40080e+00,1.34847e+00,5.72723e-01,4.52255e-01,3.01190e+00,1.77975e+00,1.34950e-01,1.17744e+00,2.33946e+00
6.28798e-01,2.76234e+00,8.13984e-02,5.35315e+00,2.03238e-01,4.98207e-01,1.27497e+00,1.93294e+00,1.26156e+00,6.68540e+00,2.74134e-01,6.51968e+00,1.34860e+00,5.73155e-01,4.52427e-01,3.01905e+00,1.77305e+00,1.35371e-01,1.17713e+00,2.39106e+00
6.26762e-01,2.82090e+00,8.16838e-02,5.38988e+00,2.04619e-01,4.98259e-01,1.27082e+00,1.97382e+00,1.26344e+00,6.78616e+00,2.74205e-01,6.63757e+00,1.34878e+00,5.73610e-01,4.52585e-01,3.02427e+00,1.76673e+00,1.35738e-01,1.17685e+00,2.44433e+00
6.24255e-01,2.87816e+00,8.18483e-02,5.43185e+00,2.05790e-01,4.98301e-01,1.26694e+00,2.01835e+00,1.26513e+00,6.88194e+00,2.74272e-01,6.75406e+00,1.34908e+00,5.74040e-01,4.52740e-01,3.02792e+00,1.76086e+00,1.36059e-01,1.17659e+00,2.49833e+00
6.21312e-01,2.93414e+00,8.18973e-02,5.47926e+00,2.07447e-01,4.98329e-01,1.26324e+00,2.06615e+00,1.26733e+00,6.97246e+00,2.74333e-01,6.86891e+00,1.34945e+00,5.74422e-01,4.52880e-01,3.03041e+00,1.75549e+00,1.36336e-01,1.17629e+00,2.55211e+00
6.18022e-01,2.98901e+00,8.18303e-02,5.53214e+00,2.08785e-01,4.98332e-01,1.25977e+00,2.11700e+00,1.26981e+00,7.05763e+00,2.74409e-01,6.98205e+00,1.34981e+00,5.74766e-01,4.53014e-01,3.03178e+00,1.75134e+00,1.37035e-01,1.17594e+00,2.60437e+00
6.14547e-01,3.04283e+00,8.16527e-02,5.59008e+00,2.10154e-01,4.98306e-01,1.25650e+00,2.17031e+00,1.27281e+00,7.13700e+00,2.74504e-01,7.09328e+00,1.35012e+00,5.75087e-01,4.53130e-01,3.03212e+00,1.74715e+00,1.37341e-01,1.17564e+00,2.65437e+00
6.10937e-01,3.09580e+00,8.13696e-02,5.65282e+00,2.11748e-01,4.98276e-01,1.25349e+00,2.22571e+00,1.27623e+00,7.21102e+00,2.74587e-01,7.20242e+00,1.35039e+00,5.75390e-01,4.53214e-01,3.03167e+00,1.74327e+00,1.37556e-01,1.17540e+00,2.70130e+00
6.07238e-01,3.14794e+00,8.09818e-02,5.72003e+00,2.13544e-01,4.98252e-01,1.25069e+00,2.28268e+00,1.27985e+00,7.27966e+00,2.74657e-01,7.30958e+00,1.35062e+00,5.75685e-01,4.53274e-01,3.03066e+00,1.73952e+00,1.37767e-01,1.17508e+00,2.74439e+00
6.03557e-01,3.19943e+00,8.04884e-02,5.79096e+00,2.15740e-01,4.98218e-01,1.24812e+00,2.34034e+00,1.28353e+00,7.34325e+00,2.74711e-01,7.41504e+00,1.35073e+00,5.75958e-01,4.53303e-01,3.02917e+00,1.73615e+00,1.37951e-01,1.17472e+00,2.78329e+00
5.99926e-01,3.25046e+00,7.99704e-02,5.86486e+00,2.18414e-01,4.98162e-01,1.24576e+00,2.39816e+00,1.28723e+00,7.40225e+00,2.74753e-01,7.51904e+00,1.35080e+00,5.76190e-01,4.53302e-01,3.02738e+00,1.73315e+00,1.38049e-01,1.17435e+00,2.81787e+00
5.96434e-01,3.30117e+00,7.94116e-02,5.94110e+00,2.21444e-01,4.98119e-01,1.24356e+00,2.45566e+00,1.29099e+00,7.45694e+00,2.74807e-01,7.62196e+00,1.35086e+00,5.76367e-01,4.53283e-01,3.02526e+00,1.73053e+00,1.38036e-01,1.17393e+00,2.84805e+00
5.93080e-01,3.35173e+00,7.88535e-02,6.01899e+00,2.24587e-01,4.98087e-01,1.24152e+00,2.51245e+00,1.29493e+00,7.50742e+00,2.74907e-01,7.72416e+00,1.35090e+00,5.76477e-01,4.53219e-01,3.02289e+00,1.72825e+00,1.37960e-01,1.17352e+00,2.87398e+00
5.89918e-01,3.40234e+00,7.82976e-02,6.09760e+00,2.27338e-01,4.98053e-01,1.23965e+00,2.56823e+00,1.29903e+00,7.55444e+00,2.74977e-01,7.82614e+00,1.35089e+00,5.76526e-01,4.53125e-01,3.02032e+00,1.72635e+00,1.37850e-01,1.17313e+00,2.89601e+00
5.86942e-01,3.45321e+00,7.77644e-02,6.17645e+00,2.29423e-01,4.97998e-01,1.23793e+00,2.62282e+00,1.30328e+00,7.59790e+00,2.75018e-01,7.92841e+00,1.35088e+00,5.76538e-01,4.53019e-01,3.01755e+00,1.72479e+00,1.37702e-01,1.17274e+00,2.91425e+00
5.84162e-01,3.50452e+00,7.72718e-02,6.25454e+00,2.30650e-01,4.97925e-01,1.23635e+00,2.67614e+00,1.30758e+00,7.63838e+00,2.75064e-01,8.03144e+00,1.35086e+00,5.76491e-01,4.52915e-01,3.01460e+00,1.72352e+00,1.37567e-01,1.17235e+00,2.92925e+00
5.81646e-01,3.55652e+00,7.68123e-02,6.33175e+00,2.31090e-01,4.97855e-01,1.23494e+00,2.72824e+00,1.31185e+00,7.67616e+00,2.75105e-01,8.13576e+00,1.35078e+00,5.76394e-01,4.52786e-01,3.01149e+00,1.72251e+00,1.37448e-01,1.17200e+00,2.94133e+00
5.79339e-01,3.60942e+00,7.63938e-02,6.40771e+00,2.30946e-01,4.97772e-01,1.23369e+00,2.77927e+00,1.31597e+00,7.71130e+00,2.75146e-01,8.24172e+00,1.35065e+00,5.76238e-01,4.52635e-01,3.00828e+00,1.72179e+00,1.37360e-01,1.17168e+00,2.95081e+00
5.77233e-01,3.66344e+00,7.60305e-02,6.48211e+00,2.30435e-01,4.97665e-01,1.23257e+00,2.82956e+00,1.31980e+00,7.74443e+00,2.75155e-01,8.34964e+00,1.35050e+00,5.76034e-01,4.52475e-01,3.00494e+00,1.72129e+00,1.37302e-01,1.17130e+00,2.95824e+00
5.75351e-01,3.71884e+00,7.57119e-02,6.55521e+00,2.29688e-01,4.97529e-01,1.23155e+00,2.87934e+00,1.32325e+00,7.77545e+00,2.75163e-01,8.45992e+00,1.35025e+00,5.75760e-01,4.52298e-01,3.00157e+00,1.72099e+00,1.37270e-01,1.17087e+00,2.96376e+00
5.73645e-01,3.77579e+00,7.54230e-02,6.62711e+00,2.28769e-01,4.97382e-01,1.23066e+00,2.92911e+00,1.32627e+00,7.80504e+00,2.75184e-01,8.57282e+00,1.34995e+00,5.75410e-01,4.52123e-01,2.99817e+00,1.72088e+00,1.37231e-01,1.17041e+00,2.96785e+00
5.72103e-01,3.83466e+00,7.51505e-02,6.69805e+00,2.27704e-01,4.97222e-01,1.22985e+00,2.97919e+00,1.32881e+00,7.83300e+00,2.75194e-01,8.68848e+00,1.34962e+00,5.75005e-01,4.51956e-01,2.99480e+00,1.72095e+00,1.37201e-01,1.16992e+00,2.97067e+00
5.70716e-01,3.89567e+00,7.49198e-02,6.76837e+00,2.26439e-01,4.97056e-01,1.22914e+00,3.02985e+00,1.33094e+00,7.85998e+00,2.75207e-01,8.80718e+00,1.34924e+00,5.74518e-01,4.51792e-01,2.99142e+00,1.72117e+00,1.37190e-01,1.16938e+00,2.97245e+00
5.69525e-01,3.95909e+00,7.47019e-02,6.83801e+00,2.24985e-01,4.96890e-01,1.22853e+00,3.08156e+00,1.33255e+00,7.88584e+00,2.75227e-01,8.92884e+00,1.34884e+00,5.73975e-01,4.51626e-01,2.98808e+00,1.72158e+00,1.37182e-01,1.16882e+00,2.97344e+00
5.68444e-01,4.02516e+00,7.44601e-02,6.90766e+00,2.23330e-01,4.96716e-01,1.22801e+00,3.13458e+00,1.33380e+00,7.91109e+00,2.75260e-01,9.05353e+00,1.34845e+00,5.73379e-01,4.51471e-01,2.98483e+00,1.72211e+00,1.37210e-01,1.16831e+00,2.97381e+00
5.67489e-01,4.09405e+00,7.42123e-02,6.97740e+00,2.21473e-01,4.96546e-01,1.22756e+00,3.18893e+00,1.33457e+00,7.93574e+00,2.75305e-01,9.18129e+00,1.34802e+00,5.72759e-01,4.51312e-01,2.98175e+00,1.72271e+00,1.37293e-01,1.16777e+00,2.97370e+00
5.66647e-01,4.16601e+00,7.39807e-02,7.04734e+00,2.19422e-01,4.96392e-01,1.22718e+00,3.24494e+00,1.33501e+00,7.96003e+00,2.75351e-01,9.31185e+00,1.34753e+00,5.72127e-01,4.51144e-01,2.97887e+00,1.72335e+00,1.37409e-01,1.16722e+00,2.97325e+00
5.65840e-01,4.24120e+00,7.37563e-02,7.11753e+00,2.17222e-01,4.96265e-01,1.22687e+00,3.30260e+00,1.33505e+00,7.98419e+00,2.75393e-01,9.44492e+00,1.34703e+00,5.71473e-01,4.50981e-01,2.97619e+00,1.72406e+00,1.37587e-01,1.16668e+00,2.97248e+00
5.65114e-01,4.31968e+00,7.35212e-02,7.18790e+00,2.14934e-01,4.96122e-01,1.22663e+00,3.36177e+00,1.33481e+00,8.00827e+00,2.75407e-01,9.58052e+00,1.34654e+00,5.70831e-01,4.50807e-01,2.97379e+00,1.72480e+00,1.37809e-01,1.16619e+00,2.97152e+00
5.64386e-01,4.40168e+00,7.32971e-02,7.25833e+00,2.12600e-01,4.95938e-01,1.22643e+00,3.42225e+00,1.33428e+00,8.03251e+00,2.75393e-01,9.71834e+00,1.34600e+00,5.70191e-01,4.50624e-01,2.97178e+00,1.72556e+00,1.38072e-01,1.16572e+00,2.97041e+00
5.63649e-01,4.48715e+00,7.30824e-02,7.32860e+00,2.10296e-01,4.95741e-01,1.22628e+00,3.48364e+00,1.33353e+00,8.05695e+00,2.75368e-01,9.85793e+00,1.34540e+00,5.69548e-01,4.50443e-01,2.97015e+00,1.72629e+00,1.38363e-01,1.16534e+00,2.96932e+00
5.62916e-01,4.57636e+00,7.28900e-02,7.39859e+00,2.08106e-01,4.95529e-01,1.22616e+00,3.54571e+00,1.33253e+00,8.08168e+00,2.75345e-01,9.99898e+00,1.34478e+00,5.68917e-01,4.50261e-01,2.96908e+00,1.72700e+00,1.38671e-01,1.16498e+00,2.96818e+00
5.62167e-01,4.66915e+00,7.27122e-02,7.46814e+00,2.05991e-01,4.95299e-01,1.22607e+00,3.60813e+00,1.33137e+00,8.10668e+00,2.75318e-01,1.01413e+01,1.34414e+00,5.68299e-01,4.50073e-01,2.96859e+00,1.72767e+00,1.38978e-01,1.16470e+00,2.96708e+00
5.61394e-01,4.76559e+00,7.25346e-02,7.53705e+00,2.03964e-01,4.95050e-01,1.22601e+00,3.66991e+00,1.32999e+00,8.13197e+00,2.75289e-01,1.02844e+01,1.34347e+00,5.67698e-01,4.49869e-01,2.96880e+00,1.72832e+00,1.39275e-01,1.16454e+00,2.96607e+00
5.60564e-01,4.86567e+00,7.23386e-02,7.60524e+00,2.02073e-01,4.94777e-01,1.22597e+00,3.73086e+00,1.32851e+00,8.15755e+00,2.75248e-01,1.04278e+01,1.34278e+00,5.67152e-01,4.49649e-01,2.96989e+00,1.72893e+00,1.39550e-01,1.16446e+00,2.96509e+00
5.59751e-01,4.96921e+00,7.21571e-02,7.67275e+00,2.00340e-01,4.94516e-01,1.22594e+00,3.79044e+00,1.32694e+00,8.18336e+00,2.75215e-01,1.05711e+01,1.34206e+00,5.66655e-01,4.49445e-01,2.97190e+00,1.72950e+00,1.39789e-01,1.16443e+00,2.96414e+00
5.58904e-01,5.07598e+00,7.19938e-02,7.73947e+00,1.98736e-01,4.94245e-01,1.22591e+00,3.84803e+00,1.32530e+00,8.20933e+00,2.75193e-01,1.07138e+01,1.34132e+00,5.66215e-01,4.49238e-01,2.97486e+00,1.73002e+00,1.39973e-01,1.16449e+00,2.96329e+00
5.58034e-01,5.18576e+00,7.18335e-02,7.80588e+00,1.97256e-01,4.93985e-01,1.22592e+00,3.90329e+00,1.32365e+00,8.23535e+00,2.75153e-01,1.08555e+01,1.34057e+00,5.65828e-01,4.49025e-01,2.97905e+00,1.73052e+00,1.40107e-01,1.16458e+00,2.96254e+00
5.57176e-01,5.29827e+00,7.16653e-02,7.87226e+00,1.95913e-01,4.93735e-01,1.22597e+00,3.95581e+00,1.32199e+00,8.26136e+00,2.75083e-01,1.09956e+01,1.33984e+00,5.65497e-01,4.48806e-01,2.98470e+00,1.73103e+00,1.40166e-01,1.16470e+00,2.96185e+00
5.56305e-01,5.41300e+00,7.15264e-02,7.93896e+00,1.94702e-01,4.93467e-01,1.22596e+00,4.00517e+00,1.32036e+00,8.28712e+00,2.75000e-01,1.11336e+01,1.33904e+00,5.65217e-01,4.48582e-01,2.99190e+00,1.73150e+00,1.40148e-01,1.16484e+00,2.96126e+00
5.55454e-01,5.52948e+00,7.13913e-02,8.00658e+00,1.93583e-01,4.93170e-01,1.22596e+00,4.05151e+00,1.31873e+00,8.31250e+00,2.74904e-01,1.12693e+01,1.33822e+00,5.64973e-01,4.48365e-01,3.00074e+00,1.73203e+00,1.40072e-01,1.16495e+00,2.96070e+00
5.54623e-01,5.64710e+00,7.12689e-02,8.07556e+00,1.92582e-01,4.92867e-01,1.22595e+00,4.09429e+00,1.31711e+00,8.33734e+00,2.74813e-01,1.14022e+01,1.33739e+00,5.64774e-01,4.48157e-01,3.01149e+00,1.73263e+00,1.39897e-01,1.16497e+00,2.96026e+00
5.53809e-01,5.76529e+00,7.11752e-02,8.14640e+00,1.91670e-01,4.92596e-01,1.22595e+00,4.13347e+00,1.31551e+00,8.36153e+00,2.74723e-01,1.15320e+01,1.33655e+00,5.64605e-01,4.47945e-01,3.02438e+00,1.73329e+00,1.39640e-01,1.16491e+00,2.95988e+00
5.53022e-01,5.88330e+00,7.11663e-02,8.21975e+00,1.92111e-01,4.92360e-01,1.22600e+00,4.16926e+00,1.31389e+00,8.38481e+00,2.74636e-01,1.16582e+01,1.33574e+00,5.64466e-01,4.47726e-01,3.03970e+00,1.73402e+00,1.39295e-01,1.16470e+00,2.95958e+00
5.52244e-01,6.00035e+00,7.98936e-02,8.29615e+00,2.13102e-01,4.92113e-01,1.22600e+00,4.20159e+00,1.31225e+00,8.40702e+00,2.74573e-01,1.17810e+01,1.33499e+00,5.64331e-01,4.47497e-01,3.05739e+00,1.73481e+00,1.38874e-01,1.16442e+00,2.95933e+00
5.51471e-01,6.11572e+00,1.27731e-01,8.37574e+00,5.19638e-01,4.91856e-01,1.22599e+00,4.23055e+00,1.31060e+00,8.42990e+00,2.74517e-01,1.19001e+01,1.33424e+00,5.64222e-01,4.47256e-01,3.07773e+00,1.73567e+00,1.38417e-01,1.16402e+00,2.95912e+00
5.50740e-01,6.23272e+00,2.29396e-01,8.46046e+00,2.48855e+00,4.95969e-01,1.23053e+00,4.25849e+00,1.30890e+00,8.45307e+00,2.74967e-01,1.20170e+01,1.33346e+00,5.64181e-01,4.50337e-01,3.10086e+00,1.73660e+00,1.37905e-01,1.16349e+00,2.95896e+00
5.49984e-01,6.35216e+00,3.61894e-01,8.55770e+00,8.42906e+00,5.10852e-01,1.26556e+00,4.29721e+00,1.30925e+00,8.48026e+00,2.78658e-01,1.21311e+01,1.33271e+00,5.64294e-01,4.54991e-01,3.12670e+00,1.73898e+00,1.37436e-01,1.17409e+00,2.95882e+00
5.52156e-01,6.46384e+00,5.03115e-01,8.66831e+00,1.51483e+01,5.31931e-01,1.63272e+00,4.33978e+00,1.31292e+00,8.51085e+00,2.84323e-01,1.22418e+01,1.33272e+00,5.67387e-01,4.57821e-01,3.15830e+00,1.74413e+00,1.39578e-01,1.18879e+00,2.96293e+00
5.55281e-01,6.56800e+00,6.78582e-01,8.78928e+00,2.23474e+01,5.66058e-01,2.12070e+00,4.36812e+00,1.31639e+00,8.54581e+00,2.91044e-01,1.23502e+01,1.33615e+00,5.72306e-01,4.60503e-01,3.19568e+00,1.74991e+00,1.40475e-01,1.20778e+00,2.97260e+00
5.57959e-01,6.67177e+00,9.17107e-01,8.90749e+00,3.18836e+01,6.05713e-01,2.21279e+00,4.38949e+00,1.31970e+00,8.58365e+00,2.96044e-01,1.24562e+01,1.34031e+00,5.76914e-01,4.64295e-01,3.23833e+00,1.75539e+00,1.41598e-01,1.22404e+00,2.98326e+00
5.59352e-01,6.77381e+00,1.14528e+00,9.02119e+00,5.07648e+01,6.40211e-01,2.16997e+00,4.40603e+00,1.32340e+00,8.62221e+00,2.99277e-01,1.25601e+01,1.34437e+00,5.81668e-01,4.68935e-01,3.28791e+00,1.75993e+00,1.44109e-01,1.23717e+00,2.99993e+00
5.60441e-01,6.87181e+00,1.28031e+00,9.13676e+00,6.54555e+01,6.68902e-01,2.13899e+00,4.41722e+00,1.32696e+00,8.66005e+00,3.01580e-01,1.26624e+01,1.35085e+00,5.86977e-01,4.73626e-01,3.34365e+00,1.76351e+00,1.48758e-01,1.24836e+00,3.02282e+00
5.62463e-01,6.96385e+00,1.29920e+00,9.25819e+00,6.57507e+01,7.03143e-01,2.14350e+00,4.42418e+00,1.32975e+00,8.69626e+00,3.03501e-01,1.27640e+01,1.35771e+00,5.92584e-01,4.78015e-01,3.40318e+00,1.76669e+00,1.56046e-01,1.25856e+00,3.04669e+00
5.66036e-01,7.05431e+00,1.22543e+00,9.38837e+00,5.71257e+01,7.63641e-01,2.17398e+00,4.42895e+00,1.33205e+00,8.72932e+00,3.05551e-01,1.28673e+01,1.36181e+00,5.98028e-01,4.82057e-01,3.46715e+00,1.76967e+00,1.66904e-01,1.26838e+00,3.06678e+00
5.71073e-01,7.13530e+00,1.09960e+00,9.52926e+00,4.60363e+01,9.12793e-01,2.20674e+00,4.43232e+00,1.33415e+00,8.75805e+00,3.09589e-01,1.29707e+01,1.36330e+00,6.03049e-01,4.88326e-01,3.53762e+00,1.77252e+00,1.82132e-01,1.27814e+00,3.08238e+00
5.77094e-01,7.21067e+00,9.56744e-01,9.68361e+00,3.58266e+01,1.21777e+00,2.23081e+00,4.43636e+00,1.33654e+00,8.78411e+00,3.20915e-01,1.30757e+01,1.36372e+00,6.07919e-01,4.94292e-01,3.61389e+00,1.77530e+00,2.28151e-01,1.28790e+00,3.09596e+00
5.83616e-01,7.46325e+00,8.19264e-01,9.86636e+00,2.75461e+01,1.66001e+00,2.29989e+00,4.44684e+00,1.33976e+00,8.81275e+00,3.44406e-01,1.31854e+01,1.36452e+00,6.13220e-01,5.00627e-01,3.69136e+00,1.77815e+00,1.76297e+00,1.31261e+00,3.10809e+00
5.90463e-01,7.77585e+00,6.99383e-01,1.01264e+01,2.12021e+01,2.38296e+00,2.64607e+00,4.46550e+00,1.34447e+00,8.84459e+00,4.25631e-01,1.32976e+01,1.36649e+00,6.20095e-01,5.17894e-01,3.76931e+00,1.78196e+00,9.79768e+00,1.35585e+00,3.12022e+00
5.99834e-01,8.58507e+00,5.98421e-01,1.06225e+01,1.64721e+01,3.56642e+00,3.38219e+00,4.50713e+00,1.35134e+00,8.89504e+00,7.44641e-01,1.34151e+01,1.36975e+00,6.28809e-01,5.56186e-01,3.85085e+00,1.78657e+00,1.55108e+01,1.42985e+00,3.13274e+00
6.09919e-01,9.51924e+00,5.16306e-01,1.14619e+01,1.29567e+01,5.05845e+00,4.43207e+00,4.64019e+00,1.36073e+00,8.96238e+00,1.49895e+00,1.35328e+01,1.37514e+00,6.39247e-01,5.86778e-01,3.94613e+00,1.79263e+00,1.61815e+01,1.73167e+00,3.14513e+00
6.21440e-01,1.05897e+01,4.64350e-01,1.22688e+01,1.04885e+01,6.93264e+00,5.96298e+00,4.80970e+00,1.37299e+00,9.05468e+00,2.22066e+00,1.36545e+01,1.38290e+00,6.51563e-01,6.12627e-01,4.06641e+00,1.79884e+00,1.48927e+01,3.08268e+00,3.15904e+00
6.32225e-01,1.22302e+01,4.28369e-01,1.28063e+01,8.89525e+00,9.53692e+00,7.47575e+00,4.86600e+00,1.38655e+00,9.16887e+00,2.58194e+00,1.37799e+01,1.39181e+00,6.63070e-01,6.44485e-01,4.22166e+00,1.80531e+00,1.31085e+01,5.26648e+00,3.17367e+00
6.42721e-01,1.40060e+01,4.03403e-01,1.30758e+01,7.68793e+00,1.30094e+01,9.34615e+00,4.87225e+00,1.40129e+00,9.29176e+00,2.67906e+00,1.39102e+01,1.40152e+00,6.74567e-01,6.78022e-01,4.42491e+00,1.81190e+00,1.13210e+01,7.19466e+00,3.19021e+00
6.54109e-01,1.56469e+01,3.77248e-01,1.34082e+01,6.88991e+00,1.61445e+01,1.10005e+01,4.87255e+00,1.41677e+00,9.41262e+00,2.63727e+00,1.40475e+01,1.41242e+00,6.86644e-01,7.06745e-01,4.71255e+00,1.81839e+00,9.68932e+00,8.54474e+00,3.20807e+00
6.67554e-01,1.71181e+01,3.50905e-01,1.39680e+01,6.33587e+00,1.72426e+01,1.18743e+01,4.87543e+00,1.43209e+00,9.52600e+00,2.59295e+00,1.41940e+01,1.42327e+00,6.98735e-01,7.31041e-01,5.08870e+00,1.82459e+00,8.26025e+00,9.27808e+00,3.22641e+00
6.82925e-01,1.82614e+01,3.27341e-01,1.48264e+01,5.85098e+00,1.61182e+01,1.20276e+01,4.88572e+00,1.44636e+00,9.62979e+00,2.61858e+00,1.43525e+01,1.43287e+00,7.10794e-01,7.56892e-01,5.46969e+00,1.83043e+00,7.03735e+00,9.38753e+00,3.24485e+00
6.99606e-01,1.90449e+01,3.07384e-01,1.61186e+01,5.36097e+00,1.38290e+01,1.16201e+01,4.90419e+00,1.45925e+00,9.72496e+00,2.68597e+00,1.45242e+01,1.44122e+00,7.22738e-01,7.91082e-01,5.74697e+00,1.83547e+00,6.00498e+00,8.95383e+00,3.26304e+00
7.16878e-01,1.96877e+01,2.90493e-01,1.79634e+01,4.84602e+00,1.13580e+01,1.07500e+01,4.93064e+00,1.47033e+00,9.81540e+00,2.73989e+00,1.47095e+01,1.44899e+00,7.34948e-01,8.37777e-01,5.87610e+00,1.83986e+00,5.13943e+00,8.23598e+00,3.28094e+00
7.34114e-01,2.04769e+01,2.75703e-01,2.02507e+01,4.32761e+00,9.17698e+00,9.61127e+00,4.97016e+00,1.47975e+00,9.90649e+00,2.76669e+00,1.49071e+01,1.45670e+00,7.48073e-01,8.99200e-01,5.89797e+00,1.84386e+00,4.41668e+00,7.48651e+00,3.29848e+00
7.50636e-01,2.17063e+01,2.62027e-01,2.26250e+01,3.83761e+00,7.41039e+00,8.44631e+00,5.03844e+00,1.48760e+00,1.00026e+01,2.80012e+00,1.51138e+01,1.46458e+00,7.61992e-01,9.79308e-01,5.88825e+00,1.84763e+00,3.81414e+00,6.84640e+00,3.31529e+00
7.65944e-01,2.37298e+01,2.48791e-01,2.47651e+01,3.39481e+00,6.03429e+00,7.43151e+00,5.17006e+00,1.49392e+00,1.01066e+01,2.89962e+00,1.53267e+01,1.47274e+00,7.76890e-01,1.09071e+00,5.90744e+00,1.85123e+00,3.31265e+00,6.35817e+00,3.33091e+00
7.79757e-01,2.67206e+01,2.35602e-01,2.65763e+01,3.00413e+00,4.98155e+00,6.65460e+00,5.42177e+00,1.49921e+00,1.02193e+01,3.12010e+00,1.55432e+01,1.48127e+00,7.92362e-01,1.26472e+00,5.98450e+00,1.85481e+00,2.89575e+00,6.00812e+00,3.34507e+00
7.91994e-01,3.01796e+01,2.22355e-01,2.80838e+01,2.66324e+00,4.18439e+00,6.13844e+00,5.86033e+00,1.50365e+00,1.03400e+01,3.46245e+00,1.57614e+01,1.49024e+00,8.07785e-01,1.55767e+00,6.11691e+00,1.85832e+00,2.54975e+00,5.76081e+00,3.35770e+00
8.02584e-01,3.30370e+01,2.09347e-01,2.92677e+01,2.36707e+00,3.58845e+00,5.86221e+00,6.52237e+00,1.50743e+00,1.04664e+01,3.84199e+00,1.59807e+01,1.49968e+00,8.22485e-01,2.03107e+00,6.27720e+00,1.86169e+00,2.26372e+00,5.57610e+00,3.36914e+00
8.11491e-01,3.44848e+01,1.96788e-01,3.00527e+01,2.10966e+00,3.15490e+00,5.77808e+00,7.37585e+00,1.51077e+00,1.05973e+01,4.13430e+00,1.62017e+01,1.50969e+00,8.35698e-01,2.69044e+00,6.42655e+00,1.86474e+00,2.02927e+00,5.41550e+00,3.37957e+00
8.18610e-01,3.44455e+01,1.84986e-01,3.03983e+01,1.88519e+00,2.85859e+00,5.83906e+00,8.32983e+00,1.51419e+00,1.07319e+01,4.26202e+00,1.64247e+01,1.52017e+00,8.46873e-01,3.44397e+00,6.53199e+00,1.86738e+00,1.84085e+00,5.24652e+00,3.38941e+00
8.23865e-01,3.33274e+01,1.74065e-01,3.03503e+01,1.68850e+00,2.68349e+00,6.03558e+00,9.28879e+00,1.52043e+00,1.08697e+01,4.22680e+00,1.66505e+01,1.53099e+00,8.55498e-01,4.15911e+00,6.57714e+00,1.86966e+00,1.69420e+00,5.04945e+00,3.39932e+00
8.27196e-01,3.16305e+01,1.64159e-01,3.00273e+01,1.51532e+00,2.61589e+00,6.40396e+00,1.01984e+01,1.54225e+00,1.10113e+01,4.07760e+00,1.68803e+01,1.54272e+00,8.61397e-01,4.75220e+00,6.56398e+00,1.87170e+00,1.58625e+00,4.82056e+00,3.40984e+00
8.29596e-01,2.97472e+01,1.55283e-01,2.95722e+01,1.36228e+00,2.63703e+00,6.98274e+00,1.10588e+01,1.63209e+00,1.11564e+01,3.87128e+00,1.71147e+01,1.55495e+00,8.64700e-01,5.21023e+00,6.50747e+00,1.87361e+00,1.51314e+00,4.56776e+00,3.42152e+00
8.30823e-01,2.79267e+01,1.47372e-01,2.91181e+01,1.22678e+00,2.71947e+00,7.74470e+00,1.19129e+01,1.96403e+00,1.13051e+01,3.65078e+00,1.73551e+01,1.56701e+00,8.65844e-01,5.55657e+00,6.42723e+00,1.87546e+00,1.46849e+00,4.30461e+00,3.43452e+00
8.30601e-01,2.63008e+01,1.40433e-01,2.87795e+01,1.10687e+00,2.83142e+00,8.58256e+00,1.28211e+01,2.92143e+00,1.14567e+01,3.44074e+00,1.76040e+01,1.57938e+00,8.65371e-01,5.81541e+00,6.34141e+00,1.87731e+00,1.44241e+00,4.04423e+00,3.44887e+00
8.29033e-01,2.49238e+01,1.34363e-01,2.86656e+01,1.00098e+00,2.94529e+00,9.37472e+00,1.38255e+01,4.78016e+00,1.16102e+01,3.25072e+00,1.78648e+01,1.59183e+00,8.64000e-01,6.00243e+00,6.26294e+00,1.87905e+00,1.42245e+00,3.79635e+00,3.46466e+00
8.26925e-01,2.37977e+01,1.29127e-01,2.88888e+01,9.07634e-01,3.04511e+00,1.00495e+01,1.49186e+01,7.04906e+00,1.17649e+01,3.08048e+00,1.81422e+01,1.60379e+00,8.62500e-01,6.12876e+00,6.19920e+00,1.88064e+00,1.39658e+00,3.56683e+00,3.48138e+00
8.24712e-01,2.28939e+01,1.24605e-01,2.95648e+01,8.25581e-01,3.12898e+00,1.05854e+01,1.60345e+01,8.87188e+00,1.19195e+01,2.92486e+00,1.84426e+01,1.61531e+00,8.61592e-01,6.20784e+00,6.15257e+00,1.88212e+00,1.35730e+00,3.35839e+00,3.49853e+00
8.22700e-01,2.21737e+01,1.20742e-01,3.07853e+01,7.53759e-01,3.20727e+00,1.09832e+01,1.70794e+01,9.88435e+00,1.20731e+01,2.77790e+00,1.87740e+01,1.62687e+00,8.61819e-01,6.25538e+00,6.12247e+00,1.88344e+00,1.30241e+00,3.17148e+00,3.51549e+00
8.21062e-01,2.15996e+01,1.17437e-01,3.25830e+01,6.90900e-01,3.29916e+00,1.12495e+01,1.79785e+01,1.02027e+01,1.22251e+01,2.63489e+00,1.91484e+01,1.63880e+00,8.63542e-01,6.28362e+00,6.10704e+00,1.88457e+00,1.23430e+00,3.00528e+00,3.53175e+00
8.19671e-01,2.11498e+01,1.14619e-01,3.49038e+01,6.36018e-01,3.42618e+00,1.13969e+01,1.87075e+01,1.00745e+01,1.23748e+01,2.49360e+00,1.95803e+01,1.65128e+00,8.66893e-01,6.29601e+00,6.10489e+00,1.88562e+00,1.15740e+00,2.85837e+00,3.54682e+00
8.18290e-01,2.08262e+01,1.12217e-01,3.76111e+01,5.88139e-01,3.60378e+00,1.14462e+01,1.92951e+01,9.70213e+00,1.25216e+01,2.35392e+00,2.00892e+01,1.66449e+00,8.71750e-01,6.28639e+00,6.11600e+00,1.88665e+00,1.07638e+00,2.72898e+00,3.56021e+00
8.16933e-01,2.06576e+01,1.10197e-01,4.05205e+01,5.46431e-01,3.82976e+00,1.14241e+01,1.97997e+01,9.21486e+00,1.26639e+01,2.21721e+00,2.06958e+01,1.67861e+00,8.77767e-01,6.24268e+00,6.14185e+00,1.88778e+00,9.95276e-01,2.61529e+00,3.57156e+00
8.15779e-01,2.06955e+01,1.08451e-01,4.34431e+01,5.10025e-01,4.07934e+00,1.13583e+01,2.02767e+01,8.68711e+00,1.28005e+01,2.08536e+00,2.14234e+01,1.69369e+00,8.84394e-01,6.15423e+00,6.18514e+00,1.88906e+00,9.16880e-01,2.51558e+00,3.58079e+00
8.15005e-01,2.10038e+01,1.06960e-01,4.62126e+01,4.78367e-01,4.31298e+00,1.12722e+01,2.07475e+01,8.15915e+00,1.29289e+01,1.96066e+00,2.22932e+01,1.70969e+00,8.91073e-01,6.01559e+00,6.24924e+00,1.89059e+00,8.42957e-01,2.42836e+00,3.58768e+00
8.14818e-01,2.16336e+01,1.05711e-01,4.86962e+01,4.50782e-01,4.49338e+00,1.11837e+01,2.11866e+01,7.65194e+00,1.30469e+01,1.84513e+00,2.33216e+01,1.72638e+00,8.97056e-01,5.82886e+00,6.33673e+00,1.89235e+00,7.74470e-01,2.35235e+00,3.59204e+00
8.15400e-01,2.25919e+01,1.04608e-01,5.08039e+01,4.26679e-01,4.59887e+00,1.11010e+01,2.15347e+01,7.17575e+00,1.31514e+01,1.74045e+00,2.45166e+01,1.74342e+00,9.01933e-01,5.60198e+00,6.44356e+00,1.89439e+00,7.11783e-01,2.28604e+00,3.59402e+00
8.16671e-01,2.38183e+01,1.03670e-01,5.25033e+01,4.05651e-01,4.62731e+00,1.10223e+01,2.17258e+01,6.73534e+00,1.32403e+01,1.64782e+00,2.58796e+01,1.76036e+00,9.05254e-01,5.34620e+00,6.56248e+00,1.89666e+00,6.54893e-01,2.22846e+00,3.59391e+00
8.18374e-01,2.51882e+01,1.02876e-01,5.38163e+01,3.87308e-01,4.58960e+00,1.09376e+01,2.17190e+01,6.33235e+00,1.33120e+01,1.56811e+00,2.74030e+01,1.77678e+00,9.06748e-01,5.07277e+00,6.68220e+00,1.89916e+00,6.03553e-01,2.17834e+00,3.59155e+00
8.20039e-01,2.65511e+01,1.02155e-01,5.48013e+01,3.71271e-01,4.50226e+00,1.08329e+01,2.15079e+01,5.96700e+00,1.33650e+01,1.50176e+00,2.90763e+01,1.79218e+00,9.06296e-01,4.79187e+00,6.79011e+00,1.90181e+00,5.57405e-01,2.13470e+00,3.58725e+00
8.21095e-01,2.77853e+01,1.01534e-01,5.55234e+01,3.57259e-01,4.38203e+00,1.06939e+01,2.11162e+01,5.63856e+00,1.33988e+01,1.44875e+00,3.08813e+01,1.80619e+00,9.03912e-01,4.51162e+00,6.87543e+00,1.90456e+00,5.16034e-01,2.09663e+00,3.58128e+00
8.20981e-01,2.88289e+01,1.01015e-01,5.60374e+01,3.44997e-01,4.24241e+00,1.05113e+01,2.05841e+01,5.34596e+00,1.34143e+01,1.40860e+00,3.27934e+01,1.81851e+00,8.99695e-01,4.23785e+00,6.93183e+00,1.90733e+00,4.79000e-01,2.06334e+00,3.57367e+00
8.19239e-01,2.96864e+01,1.00573e-01,5.63838e+01,3.34270e-01,4.09349e+00,1.02842e+01,1.99573e+01,5.08792e+00,1.34126e+01,1.38029e+00,3.47725e+01,1.82885e+00,8.93779e-01,3.97455e+00,6.95759e+00,1.91005e+00,4.45863e-01,2.03425e+00,3.56457e+00
8.15640e-01,3.04128e+01,1.00184e-01,5.65991e+01,3.24854e-01,3.94187e+00,1.00205e+01,1.92780e+01,4.86269e+00,1.33955e+01,1.36218e+00,3.67604e+01,1.83704e+00,8.86385e-01,3.72419e+00,6.95502e+00,1.91272e+00,4.16223e-01,2.00834e+00,3.55436e+00
8.10106e-01,3.10902e+01,9.98395e-02,5.67115e+01,3.16653e-01,3.79129e+00,9.73480e+00,1.85798e+01,4.66849e+00,1.33650e+01,1.35235e+00,3.86819e+01,1.84305e+00,8.77763e-01,3.48820e+00,6.92854e+00,1.91530e+00,3.89713e-01,1.98540e+00,3.54309e+00
8.02854e-01,3.18141e+01,9.95455e-02,5.67532e+01,3.09456e-01,3.64384e+00,9.44797e+00,1.78893e+01,4.50260e+00,1.33230e+01,1.34845e+00,4.04523e+01,1.84681e+00,8.68046e-01,3.26715e+00,6.88344e+00,1.91776e+00,3.66003e-01,1.96463e+00,3.53095e+00
7.94158e-01,3.26790e+01,9.92962e-02,5.67408e+01,3.03143e-01,3.50031e+00,9.18377e+00,1.72248e+01,4.36234e+00,1.32724e+01,1.34806e+00,4.19916e+01,1.84847e+00,8.57473e-01,3.06104e+00,6.82505e+00,1.92010e+00,3.44761e-01,1.94584e+00,3.51823e+00
7.84359e-01,3.37793e+01,9.90719e-02,5.66748e+01,2.97617e-01,3.36091e+00,8.96810e+00,1.65986e+01,4.24430e+00,1.32155e+01,1.34895e+00,4.32368e+01,1.84816e+00,8.46241e-01,2.86950e+00,6.75803e+00,1.92242e+00,3.25755e-01,1.92848e+00,3.50490e+00
7.73789e-01,3.52061e+01,9.88844e-02,5.65404e+01,2.92770e-01,3.22563e+00,8.82599e+00,1.60181e+01,4.14461e+00,1.31542e+01,1.34927e+00,4.41530e+01,1.84606e+00,8.34502e-01,2.69203e+00,6.68627e+00,1.92476e+00,3.08729e-01,1.91234e+00,3.49127e+00
7.62783e-01,3.70427e+01,9.87167e-02,5.63038e+01,2.88501e-01,3.09437e+00,8.77648e+00,1.54884e+01,4.05943e+00,1.30922e+01,1.34756e+00,4.47343e+01,1.84244e+00,8.22406e-01,2.52781e+00,6.61326e+00,1.92720e+00,2.93456e-01,1.89705e+00,3.47748e+00
7.51626e-01,3.93487e+01,9.85634e-02,5.59327e+01,2.84773e-01,2.96708e+00,8.82594e+00,1.50119e+01,3.98467e+00,1.30378e+01,1.34304e+00,4.49997e+01,1.83750e+00,8.10087e-01,2.37608e+00,6.54125e+00,1.92981e+00,2.79753e-01,1.88260e+00,3.46371e+00
7.40535e-01,4.21260e+01,9.84342e-02,5.54003e+01,2.81506e-01,2.84375e+00,8.96216e+00,1.45904e+01,3.91667e+00,1.30277e+01,1.33528e+00,4.49890e+01,1.83158e+00,7.97666e-01,2.23597e+00,6.47200e+00,1.93266e+00,2.67488e-01,1.86846e+00,3.45010e+00
7.29647e-01,4.52871e+01,9.83409e-02,5.46973e+01,2.78654e-01,2.72449e+00,9.15412e+00,1.42255e+01,3.85205e+00,1.32185e+01,1.32417e+00,4.47507e+01,1.82497e+00,7.85227e-01,2.10670e+00,6.40661e+00,1.93587e+00,2.56503e-01,1.85458e+00,3.43673e+00
7.19126e-01,4.86417e+01,9.82491e-02,5.38309e+01,2.76168e-01,2.60931e+00,9.35986e+00,1.39187e+01,3.78813e+00,1.41313e+01,1.30999e+00,4.43387e+01,1.81795e+00,7.72877e-01,1.98744e+00,6.34557e+00,1.93951e+00,2.46619e-01,1.84079e+00,3.42367e+00
7.09074e-01,5.19300e+01,9.81771e-02,5.28207e+01,2.74815e-01,2.49837e+00,9.54062e+00,1.36725e+01,3.72297e+00,1.69979e+01,1.29308e+00,4.38027e+01,1.81082e+00,7.60682e-01,1.87747e+00,6.28961e+00,1.94366e+00,2.37766e-01,1.82691e+00,3.41096e+00
6.99517e-01,5.48895e+01,9.93544e-02,5.17022e+01,2.76913e-01,2.39181e+00,9.67020e+00,1.34897e+01,3.65520e+00,2.34581e+01,1.27384e+00,4.31889e+01,1.80381e+00,7.48702e-01,1.77601e+00,6.23855e+00,1.94838e+00,2.29857e-01,1.81301e+00,3.39870e+00
6.90549e-01,5.73187e+01,1.02202e-01,5.05125e+01,2.82012e-01,2.28966e+00,9.73791e+00,1.33719e+01,3.58414e+00,3.36048e+01,1.25272e+00,4.25379e+01,1.79712e+00,7.36962e-01,1.68248e+00,6.19255e+00,1.95369e+00,2.22778e-01,1.79872e+00,3.38687e+00
6.82152e-01,5.91086e+01,1.06376e-01,4.92935e+01,2.86368e-01,2.19197e+00,9.74504e+00,1.33201e+01,3.50962e+00,4.47594e+01,1.23014e+00,4.18843e+01,1.79101e+00,7.25528e-01,1.59615e+00,6.15142e+00,1.95964e+00,2.16472e-01,1.78434e+00,3.37549e+00
6.74334e-01,6.02450e+01,1.10993e-01,4.80849e+01,2.92161e-01,2.09874e+00,9.69957e+00,1.33325e+01,3.43171e+00,5.38140e+01,1.20642e+00,4.12574e+01,1.78563e+00,7.14467e-01,1.51659e+00,6.11466e+00,1.96629e+00,2.10880e-01,1.76962e+00,3.36453e+00
6.67070e-01,6.07800e+01,1.14683e-01,4.69215e+01,2.98659e-01,2.00998e+00,9.61139e+00,1.34038e+01,3.35095e+00,5.95697e+01,1.18174e+00,4.06841e+01,1.78104e+00,7.03797e-01,1.44314e+00,6.08234e+00,1.97366e+00,2.05890e-01,1.75469e+00,3.35409e+00
6.60332e-01,6.08026e+01,1.17637e-01,4.58301e+01,3.05245e-01,1.92566e+00,9.48938e+00,1.35244e+01,3.26807e+00,6.24430e+01,1.15647e+00,4.01858e+01,1.77726e+00,6.93536e-01,1.37542e+00,6.05357e+00,1.98179e+00,2.01536e-01,1.73955e+00,3.34406e+00
6.54091e-01,6.04146e+01,1.20358e-01,4.48308e+01,3.12309e-01,1.84569e+00,9.34074e+00,1.36810e+01,3.18377e+00,6.33395e+01,1.13071e+00,3.97847e+01,1.77433e+00,6.83722e-01,1.31291e+00,6.02835e+00,1.99063e+00,1.97732e-01,1.72422e+00,3.33445e+00
6.48266e-01,5.97135e+01,1.23080e-01,4.39290e+01,3.19744e-01,1.76996e+00,9.17076e+00,1.38583e+01,3.09876e+00,6.30433e+01,1.10465e+00,3.94996e+01,1.77228e+00,6.74375e-01,1.25517e+00,6.00587e+00,2.00022e+00,1.94483e-01,1.70880e+00,3.32520e+00
6.42824e-01,5.87870e+01,1.25717e-01,4.31190e+01,3.27460e-01,1.69830e+00,8.98371e+00,1.40396e+01,3.01385e+00,6.20874e+01,1.07842e+00,3.93478e+01,1.77095e+00,6.65479e-01,1.20188e+00,5.98570e+00,2.01057e+00,1.91691e-01,1.69330e+00,3.31630e+00
6.37687e-01,5.77054e+01,1.28059e-01,4.23881e+01,3.35664e-01,1.63063e+00,8.78240e+00,1.42105e+01,2.92969e+00,6.07929e+01,1.05209e+00,3.93462e+01,1.77026e+00,6.57087e-01,1.15268e+00,5.96729e+00,2.02172e+00,1.89312e-01,1.67784e+00,3.30781e+00
6.32830e-01,5.65269e+01,1.29816e-01,4.17140e+01,3.44560e-01,1.56686e+00,8.57016e+00,1.43588e+01,2.84680e+00,5.93448e+01,1.02577e+00,3.95111e+01,1.77002e+00,6.49212e-01,1.10724e+00,5.95058e+00,2.03357e+00,1.87305e-01,1.66240e+00,3.29969e+00
6.28249e-01,5.52968e+01,1.30794e-01,4.10796e+01,3.54140e-01,1.50676e+00,8.34942e+00,1.44757e+01,2.76566e+00,5.78444e+01,9.99558e-01,3.98690e+01,1.77015e+00,6.41868e-01,1.06530e+00,5.93480e+00,2.04604e+00,1.85593e-01,1.64720e+00,3.29194e+00
6.23925e-01,5.40506e+01,1.30838e-01,4.04684e+01,3.64049e-01,1.45016e+00,8.12298e+00,1.45552e+01,2.68665e+00,5.63429e+01,9.73543e-01,4.04679e+01,1.77047e+00,6.35083e-01,1.02660e+00,5.91971e+00,2.05905e+00,1.84159e-01,1.63217e+00,3.28456e+00
6.19823e-01,5.28154e+01,1.30018e-01,3.98728e+01,3.73545e-01,1.39690e+00,7.89330e+00,1.45944e+01,2.61011e+00,5.48634e+01,9.47787e-01,4.13975e+01,1.77093e+00,6.28871e-01,9.90833e-01,5.90526e+00,2.07251e+00,1.82910e-01,1.61748e+00,3.27756e+00
6.15900e-01,5.16132e+01,1.28520e-01,3.92921e+01,3.81922e-01,1.34684e+00,7.66292e+00,1.45921e+01,2.53621e+00,5.34123e+01,9.22370e-01,4.28139e+01,1.77136e+00,6.23187e-01,9.57825e-01,5.89111e+00,2.08631e+00,1.81885e-01,1.60314e+00,3.27104e+00
6.12200e-01,5.04629e+01,1.26514e-01,3.87298e+01,3.95413e-01,1.29983e+00,7.43407e+00,1.45489e+01,2.46509e+00,5.19882e+01,8.97363e-01,4.49419e+01,1.77170e+00,6.18014e-01,9.27427e-01,5.87714e+00,2.10032e+00,1.80985e-01,1.58923e+00,3.26504e+00
6.08655e-01,4.93828e+01,1.41209e-01,3.81914e+01,4.18283e-01,1.25572e+00,7.20826e+00,1.44667e+01,2.39694e+00,5.05868e+01,8.72824e-01,4.80524e+01,1.77188e+00,6.13315e-01,8.99419e-01,5.86340e+00,2.11434e+00,1.82694e-01,1.57579e+00,3.25963e+00
6.05240e-01,4.83913e+01,1.78553e-01,3.76830e+01,4.78343e-01,1.21437e+00,6.98694e+00,1.43487e+01,2.34233e+00,4.92043e+01,8.48822e-01,5.23886e+01,1.77183e+00,6.09116e-01,8.73573e-01,5.85001e+00,2.12827e+00,1.92808e-01,1.56290e+00,3.25486e+00
6.07685e-01,4.75077e+01,2.58538e-01,3.72077e+01,7.03853e-01,1.17559e+00,6.77089e+00,1.41997e+01,2.30310e+00,4.78569e+01,8.25403e-01,5.80563e+01,1.77682e+00,6.38743e-01,8.49774e-01,5.83683e+00,2.14317e+00,2.05976e-01,1.55052e+00,3.25235e+00
6.21287e-01,4.67570e+01,3.66056e-01,3.67673e+01,1.16891e+00,1.13959e+00,6.56084e+00,1.40233e+01,2.27613e+00,4.65228e+01,8.02633e-01,6.49189e+01,1.78174e+00,6.79139e-01,8.27877e-01,5.82412e+00,2.16533e+00,2.19358e-01,1.54426e+00,3.25023e+00
6.35151e-01,4.61637e+01,5.81059e-01,3.63596e+01,2.77395e+00,1.10541e+00,6.35723e+00,1.38257e+01,2.26202e+00,4.52269e+01,7.80571e-01,7.25954e+01,1.78850e+00,7.24352e-01,8.07780e-01,5.81189e+00,2.19013e+00,2.40950e-01,1.54213e+00,3.26417e+00
6.43856e-01,4.57588e+01,9.39337e-01,3.59829e+01,8.56113e+00,1.07348e+00,6.16042e+00,1.36130e+01,2.25660e+00,4.39578e+01,7.59200e-01,8.05391e+01,1.79944e+00,7.84347e-01,7.89255e-01,5.80021e+00,2.21557e+00,2.63404e-01,1.54609e+00,3.28097e+00
6.65218e-01,4.55755e+01,1.37866e+00,3.56298e+01,1.69069e+01,1.04364e+00,5.97013e+00,1.33901e+01,2.25516e+00,4.27100e+01,7.38607e-01,8.81857e+01,1.83077e+00,8.56625e-01,7.72313e-01,5.78923e+00,2.24035e+00,2.86136e-01,1.55391e+00,3.30659e+00
7.10372e-01,4.56447e+01,1.69904e+00,3.52936e+01,2.44836e+01,1.01577e+00,5.78654e+00,1.31635e+01,2.25601e+00,4.14898e+01,7.18706e-01,9.50845e+01,2.18779e+00,9.38857e-01,7.56799e-01,5.77903e+00,2.26240e+00,3.08830e-01,1.56132e+00,3.33778e+00
7.76011e-01,4.59969e+01,1.86940e+00,3.49675e+01,2.70442e+01,9.89776e-01,5.60940e+00,1.29386e+01,2.26463e+00,4.03032e+01,6.99600e-01,1.00949e+02,3.11109e+00,1.03276e+00,7.42548e-01,5.76961e+00,2.28117e+00,3.34251e-01,1.56819e+00,3.36542e+00
8.86430e-01,4.66491e+01,2.09773e+00,3.46456e+01,2.77017e+01,9.65515e-01,5.43864e+00,1.27206e+01,2.30910e+00,3.91511e+01,6.81220e-01,1.05660e+02,4.87172e+00,1.22205e+00,7.29586e-01,5.76101e+00,2.29699e+00,4.86115e-01,1.57579e+00,3.38576e+00
1.26426e+00,4.76025e+01,2.54525e+00,3.43238e+01,3.09810e+01,9.42864e-01,5.27410e+00,1.25144e+01,2.44309e+00,3.80529e+01,6.63634e-01,1.09224e+02,9.57325e+00,1.87446e+00,7.17758e-01,5.75337e+00,2.33785e+00,6.72976e-01,1.58523e+00,3.40843e+00
2.36325e+00,4.90387e+01,3.16470e+00,3.40147e+01,3.52281e+01,9.86384e-01,5.13717e+00,1.23705e+01,2.69162e+00,3.70267e+01,6.47329e-01,1.11730e+02,1.74022e+01,3.43329e+00,7.14825e-01,5.74655e+00,2.40035e+00,9.29718e-01,1.60387e+00,3.44418e+00
3.83265e+00,5.08184e+01,3.81265e+00,3.37271e+01,3.92124e+01,1.08305e+00,5.02544e+00,1.23236e+01,3.03306e+00,3.61121e+01,6.43160e-01,1.13293e+02,3.16377e+01,6.00856e+00,7.21336e-01,5.74097e+00,2.46396e+00,1.27186e+00,1.65004e+00,3.51498e+00
5.87062e+00,5.25827e+01,4.51913e+00,3.34661e+01,4.14539e+01,1.20370e+00,4.96406e+00,1.22781e+01,3.44986e+00,3.52977e+01,6.49013e-01,1.14055e+02,1.03402e+02,9.16420e+00,7.22821e-01,5.73787e+00,2.52296e+00,1.55590e+00,1.72143e+00,3.64156e+00
9.44457e+00,5.46689e+01,5.07554e+00,3.32070e+01,4.16940e+01,1.30853e+00,4.94815e+00,1.22016e+01,3.97094e+00,3.45156e+01,6.56861e-01,1.14158e+02,2.34412e+02,1.30148e+01,7.30749e-01,5.73917e+00,2.57271e+00,1.83333e+00,1.80963e+00,3.78408e+00
1.51257e+01,5.70329e+01,5.21164e+00,3.29597e+01,4.03436e+01,1.37907e+00,4.94412e+00,1.21396e+01,4.64961e+00,3.37495e+01,6.70260e-01,1.13740e+02,3.38383e+02,1.73939e+01,7.41096e-01,5.74732e+00,2.61536e+00,2.39214e+00,1.88830e+00,3.89981e+00
2.27976e+01,5.96136e+01,4.94816e+00,3.27299e+01,3.75983e+01,1.45620e+00,4.94237e+00,1.21151e+01,5.54037e+00,3.30141e+01,6.90735e-01,1.12922e+02,4.34980e+02,2.13453e+01,7.52125e-01,5.75975e+00,2.65537e+00,4.05697e+00,1.95182e+00,3.98245e+00
3.31378e+01,6.22275e+01,4.47000e+00,3.25195e+01,3.38716e+01,1.58209e+00,4.94933e+00,1.21522e+01,6.72720e+00,3.23324e+01,7.03524e-01,1.11816e+02,5.37631e+02,2.46081e+01,7.63464e-01,5.77577e+00,2.69591e+00,7.49305e+00,2.00029e+00,4.04823e+00
4.53530e+01,6.45391e+01,3.95030e+00,3.23413e+01,2.96046e+01,1.80095e+00,4.96240e+00,1.22766e+01,8.30211e+00,3.17276e+01,6.99265e-01,1.10501e+02,6.48192e+02,2.78023e+01,7.75701e-01,5.79536e+00,2.74123e+00,1.09784e+01,2.03920e+00,4.11567e+00
5.60841e+01,6.62370e+01,3.49232e+00,3.22064e+01,2.51866e+01,2.13563e+00,4.96476e+00,1.25212e+01,1.01275e+01,3.12099e+01,6.87989e-01,1.09048e+02,7.51885e+02,3.16914e+01,7.85445e-01,5.81870e+00,2.79886e+00,1.30517e+01,2.07358e+00,4.19486e+00
6.36752e+01,6.73026e+01,3.11873e+00,3.21121e+01,2.09732e+01,2.47076e+00,4.94257e+00,1.29284e+01,1.17560e+01,3.07680e+01,6.77614e-01,1.07513e+02,8.00221e+02,3.68302e+01,7.96152e-01,5.84459e+00,2.89365e+00,1.41983e+01,2.10482e+00,4.28854e+00
6.81992e+01,6.78773e+01,2.80376e+00,3.20496e+01,1.72172e+01,2.64831e+00,4.88777e+00,1.35567e+01,1.28491e+01,3.03729e+01,6.67905e-01,1.05951e+02,7.84741e+02,4.32672e+01,8.11601e-01,5.87179e+00,3.10736e+00,1.50124e+01,2.13122e+00,4.39593e+00
7.10039e+01,6.80846e+01,2.51636e+00,3.20056e+01,1.40298e+01,2.64748e+00,4.80208e+00,1.44788e+01,1.34846e+01,2.99914e+01,6.58244e-01,1.04411e+02,7.33904e+02,5.12163e+01,8.31874e-01,5.89818e+00,3.61399e+00,1.54482e+01,2.14990e+00,4.51518e+00
7.40496e+01,6.80096e+01,2.24092e+00,3.19698e+01,1.14116e+01,2.53675e+00,4.69179e+00,1.57535e+01,1.40322e+01,2.96010e+01,6.48837e-01,1.02935e+02,6.71839e+02,6.18892e+01,8.55838e-01,5.92211e+00,4.52984e+00,1.52404e+01,2.15923e+00,4.64493e+00
7.77177e+01,6.77223e+01,1.97611e+00,3.19306e+01,9.30203e+00,2.38143e+00,4.56232e+00,1.73868e+01,1.48830e+01,2.91963e+01,6.39486e-01,1.01548e+02,6.11068e+02,7.44090e+01,8.82079e-01,5.94271e+00,5.59266e+00,1.43796e+01,2.16001e+00,4.78507e+00
8.00398e+01,6.72827e+01,1.72798e+00,3.18804e+01,7.61910e+00,2.21738e+00,4.41908e+00,1.93028e+01,1.62098e+01,2.87859e+01,6.29898e-01,1.00251e+02,5.56763e+02,8.37113e+01,9.09564e-01,5.95940e+00,6.34709e+00,1.30980e+01,2.15423e+00,4.93641e+00
7.90874e+01,6.67327e+01,1.50262e+00,3.18150e+01,6.28189e+00,2.06034e+00,4.26996e+00,2.13435e+01,1.78974e+01,2.83888e+01,6.19890e-01,9.90235e+01,5.09559e+02,8.63113e+01,9.38166e-01,5.97246e+00,6.63471e+00,1.16527e+01,2.14464e+00,5.09855e+00
7.48328e+01,6.61003e+01,1.30388e+00,3.17323e+01,5.21940e+00,1.91620e+00,4.12293e+00,2.33180e+01,1.97322e+01,2.80233e+01,6.09486e-01,9.78569e+01,4.67127e+02,8.32019e+01,9.68172e-01,5.98154e+00,6.57936e+00,1.02195e+01,2.13345e+00,5.26903e+00
6.84907e+01,6.54050e+01,1.13257e+00,3.16360e+01,4.37315e+00,1.78673e+00,3.98390e+00,2.50659e+01,2.16195e+01,2.77054e+01,5.98953e-01,9.67461e+01,4.26742e+02,7.69121e+01,1.00016e+00,5.98693e+00,6.35661e+00,8.89030e+00,2.12176e+00,5.44298e+00
6.13372e+01,6.46615e+01,9.87255e-01,3.15369e+01,3.69634e+00,1.67168e+00,3.85618e+00,2.64941e+01,2.35862e+01,2.74444e+01,5.88561e-01,9.57145e+01,3.87236e+02,6.94016e+01,1.03525e+00,5.98828e+00,6.09412e+00,7.70260e+00,2.11033e+00,5.61412e+00
5.42291e+01,6.38826e+01,8.65263e-01,3.14532e+01,3.15235e+00,1.57011e+00,3.74084e+00,2.75798e+01,2.56602e+01,2.72420e+01,5.78583e-01,9.47864e+01,3.49009e+02,6.17917e+01,1.07505e+00,5.98606e+00,5.86681e+00,6.66440e+00,2.09938e+00,5.77812e+00
4.76134e+01,6.30789e+01,7.63464e-01,3.14088e+01,2.71249e+00,1.48108e+00,3.63752e+00,2.83467e+01,2.78288e+01,2.70928e+01,5.69178e-01,9.39985e+01,3.13000e+02,5.46225e+01,1.12140e+00,5.98024e+00,5.71442e+00,5.76872e+00,2.08917e+00,5.93534e+00
4.16725e+01,6.22604e+01,6.78617e-01,3.14349e+01,2.35458e+00,1.40361e+00,3.54527e+00,2.88424e+01,3.01032e+01,2.69852e+01,5.60450e-01,9.33741e+01,2.79973e+02,4.81150e+01,1.17566e+00,5.97170e+00,5.65535e+00,5.00188e+00,2.07975e+00,6.09536e+00
3.64441e+01,6.14347e+01,6.07966e-01,3.15745e+01,2.06151e+00,1.33691e+00,3.46382e+00,2.91154e+01,3.25652e+01,2.69047e+01,5.52473e-01,9.29384e+01,2.50276e+02,4.23312e+01,1.23823e+00,5.96039e+00,5.69540e+00,4.34827e+00,2.07117e+00,6.28464e+00
3.18961e+01,6.06097e+01,5.48978e-01,3.18821e+01,1.82001e+00,1.28001e+00,3.39372e+00,2.92102e+01,3.52710e+01,2.68361e+01,5.45235e-01,9.27131e+01,2.23923e+02,3.72516e+01,1.30798e+00,5.94726e+00,5.83268e+00,3.79214e+00,2.06330e+00,6.55837e+00
2.79661e+01,5.97925e+01,4.99609e-01,3.24259e+01,1.61969e+00,1.23202e+00,3.33659e+00,2.91647e+01,3.80881e+01,2.67642e+01,5.38762e-01,9.27120e+01,2.00723e+02,3.28193e+01,1.38286e+00,5.93277e+00,6.06373e+00,3.31934e+00,2.05562e+00,7.01459e+00
2.45825e+01,5.89876e+01,4.60264e-01,3.32721e+01,1.45297e+00,1.19206e+00,3.29466e+00,2.90074e+01,4.06592e+01,2.66777e+01,5.32896e-01,9.29496e+01,1.80412e+02,2.89652e+01,1.46030e+00,5.91733e+00,6.39065e+00,2.91949e+00,2.04750e+00,7.81018e+00
2.16745e+01,5.81971e+01,4.28099e-01,3.44600e+01,1.31314e+00,1.15932e+00,3.27089e+00,2.87614e+01,4.25760e+01,2.65700e+01,5.27625e-01,9.34242e+01,1.62724e+02,2.56195e+01,1.53820e+00,5.90176e+00,6.82751e+00,2.57868e+00,2.03840e+00,9.17177e+00
1.91765e+01,5.74190e+01,4.04489e-01,3.59713e+01,1.19475e+00,1.13311e+00,3.26726e+00,2.84463e+01,4.35885e+01,2.64386e+01,5.22863e-01,9.41224e+01,1.47354e+02,2.27148e+01,1.61503e+00,5.88668e+00,7.40901e+00,2.28889e+00,2.02809e+00,1.12862e+01
1.70303e+01,5.66506e+01,3.85687e-01,3.77104e+01,1.09483e+00,1.11290e+00,3.28497e+00,2.80776e+01,4.36843e+01,2.62847e+01,5.18638e-01,9.50118e+01,1.34012e+02,2.01920e+01,1.68999e+00,5.87270e+00,8.20884e+00,2.04369e+00,2.01619e+00,1.39886e+01
1.51841e+01,5.58889e+01,3.69594e-01,3.95216e+01,1.01008e+00,1.09823e+00,3.32300e+00,2.76691e+01,4.30213e+01,2.61137e+01,5.14847e-01,9.60356e+01,1.22473e+02,1.79994e+01,1.76221e+00,5.86039e+00,9.39694e+00,1.83442e+00,2.00304e+00,1.70033e+01
1.35935e+01,5.51341e+01,3.56176e-01,4.12354e+01,9.37870e-01,1.08875e+00,3.37807e+00,2.72315e+01,4.18243e+01,2.59324e+01,5.11563e-01,9.71248e+01,1.12497e+02,1.60919e+01,1.83041e+00,5.85018e+00,1.14391e+01,1.65375e+00,1.98872e+00,8.94703e+01
1.22204e+01,5.43894e+01,3.45221e-01,4.27196e+01,8.75976e-01,1.08417e+00,3.44458e+00,2.67762e+01,4.03134e+01,2.57485e+01,5.08715e-01,9.81993e+01,1.03894e+02,1.44296e+01,1.89280e+00,5.84235e+00,1.58294e+01,1.49641e+00,1.97383e+00,5.86889e+02
1.10328e+01,5.36610e+01,3.35945e-01,4.38997e+01,8.22877e-01,1.08422e+00,3.51607e+00,2.63087e+01,3.86635e+01,2.55686e+01,5.06370e-01,9.91839e+01,9.65458e+01,1.29787e+01,1.94729e+00,5.83755e+00,2.75016e+01,1.35954e+00,1.95880e+00,8.10127e+02
1.00027e+01,5.29566e+01,3.27477e-01,4.47607e+01,7.76882e-01,1.08864e+00,3.58543e+00,2.58381e+01,3.69955e+01,2.53984e+01,5.04476e-01,1.00014e+02,9.03376e+01,1.17089e+01,1.99234e+00,5.83538e+00,5.51469e+01,1.24059e+00,1.94414e+00,8.32395e+02
9.10531e+00,5.22843e+01,3.19208e-01,4.53268e+01,7.36773e-01,1.09720e+00,3.64688e+00,2.53696e+01,3.53743e+01,2.52411e+01,5.03089e-01,1.00643e+02,8.51311e+01,1.05953e+01,2.02723e+00,5.83656e+00,9.33738e+01,1.13681e+00,1.93038e+00,8.06796e+02
8.31958e+00,5.16502e+01,3.10868e-01,4.56400e+01,7.01628e-01,1.10971e+00,3.69596e+00,2.49091e+01,3.38189e+01,2.50977e+01,5.02119e-01,1.01048e+02,8.07359e+01,9.61650e+00,2.05279e+00,5.84114e+00,1.23060e+02,1.04588e+00,1.91787e+00,7.67725e+02
7.62807e+00,5.10590e+01,3.02527e-01,4.57463e+01,6.70793e-01,1.12607e+00,3.73006e+00,2.44606e+01,3.23196e+01,2.49665e+01,5.01595e-01,1.01220e+02,7.69133e+01,8.75424e+00,2.07100e+00,5.85167e+00,1.38536e+02,9.65865e-01,1.90708e+00,7.24840e+02
7.01618e+00,5.05106e+01,2.94457e-01,4.56897e+01,6.43706e-01,1.14629e+00,3.74831e+00,2.40288e+01,3.08535e+01,2.48442e+01,5.01388e-01,1.01172e+02,7.34109e+01,7.99308e+00,2.08436e+00,5.87321e+00,1.44061e+02,8.95054e-01,1.89832e+00,6.81935e+02
6.47205e+00,5.00033e+01,2.87000e-01,4.55097e+01,6.19885e-01,1.17042e+00,3.75108e+00,2.36170e+01,2.93991e+01,2.47256e+01,5.01428e-01,1.00923e+02,7.00107e+01,7.32023e+00,2.09550e+00,5.91699e+00,1.44006e+02,8.32395e-01,1.89193e+00,6.40616e+02
5.98603e+00,4.95325e+01,2.80537e-01,4.52376e+01,5.99037e-01,1.19857e+00,3.73986e+00,2.32269e+01,2.79440e+01,2.46051e+01,5.01593e-01,1.00497e+02,6.65723e+01,6.72460e+00,2.10612e+00,5.99786e+00,1.40909e+02,7.76950e-01,1.88821e+00,6.01542e+02
5.55026e+00,4.90935e+01,2.75552e-01,4.49030e+01,5.80869e-01,1.23074e+00,3.71667e+00,2.28597e+01,2.64883e+01,2.44772e+01,5.01737e-01,9.99245e+01,6.30416e+01,6.19689e+00,2.11680e+00,6.12629e+00,1.36070e+02,7.27995e-01,1.88753e+00,5.64872e+02
5.15815e+00,4.86818e+01,2.72141e-01,4.45313e+01,5.65032e-01,1.26664e+00,3.68400e+00,2.25138e+01,2.50417e+01,2.43382e+01,5.01757e-01,9.92313e+01,5.94325e+01,5.72871e+00,2.12665e+00,6.29685e+00,1.30182e+02,6.84882e-01,1.88985e+00,5.30509e+02
4.80421e+00,4.82952e+01,2.70281e-01,4.41434e+01,5.51346e-01,1.30563e+00,3.64392e+00,2.21898e+01,2.36178e+01,2.41848e+01,5.01530e-01,9.84400e+01,5.57953e+01,5.31294e+00,2.13390e+00,6.48488e+00,1.23672e+02,6.47067e-01,1.89555e+00,4.98282e+02
4.48391e+00,4.79334e+01,2.69409e-01,4.37618e+01,5.39471e-01,1.34660e+00,3.59858e+00,2.18841e+01,2.22310e+01,2.40155e+01,5.00965e-01,9.75735e+01,5.21960e+01,4.94345e+00,2.13624e+00,6.65644e+00,1.16846e+02,6.13992e-01,1.90451e+00,4.67961e+02
4.19346e+00,4.75958e+01,2.68992e-01,4.34034e+01,5.29155e-01,1.38781e+00,3.55000e+00,2.15955e+01,2.08948e+01,2.38305e+01,5.00023e-01,9.66489e+01,4.86927e+01,4.61452e+00,2.13153e+00,6.78479e+00,1.09941e+02,5.85105e-01,1.91680e+00,4.39401e+02
3.92948e+00,4.72826e+01,2.68251e-01,4.30799e+01,5.20220e-01,1.42723e+00,3.49940e+00,2.13216e+01,1.96198e+01,2.36317e+01,4.98629e-01,9.56839e+01,4.53317e+01,4.32109e+00,2.11824e+00,6.85938e+00,1.03132e+02,5.59890e-01,1.93209e+00,4.12472e+02
3.68922e+00,4.69926e+01,2.66822e-01,4.27973e+01,5.12448e-01,1.46313e+00,3.44812e+00,2.10603e+01,1.84124e+01,2.34214e+01,4.96862e-01,9.46896e+01,4.21460e+01,4.05840e+00,2.09565e+00,6.88380e+00,9.65381e+01,5.37879e-01,1.94988e+00,3.87090e+02
3.47030e+00,4.67231e+01,2.64483e-01,4.25553e+01,5.05655e-01,1.49389e+00,3.39713e+00,2.08124e+01,1.72765e+01,2.32036e+01,4.94748e-01,9.36796e+01,3.91550e+01,3.82212e+00,2.06395e+00,6.86921e+00,9.02372e+01,5.18614e-01,1.96963e+00,3.63193e+02
3.27050e+00,4.64695e+01,2.61290e-01,4.23460e+01,4.99648e-01,1.51839e+00,3.34724e+00,2.05755e+01,1.62132e+01,2.29846e+01,4.92399e-01,9.26606e+01,3.63675e+01,3.60845e+00,2.02397e+00,6.82841e+00,8.42774e+01,5.01699e-01,1.99042e+00,3.40744e+02
3.08797e+00,4.62275e+01,2.57430e-01,4.21559e+01,4.94252e-01,1.53615e+00,3.29903e+00,2.03496e+01,1.52215e+01,2.27706e+01,4.89929e-01,9.16421e+01,3.37838e+01,3.41415e+00,1.97704e+00,6.77263e+00,7.86813e+01,4.86754e-01,2.01146e+00,3.19696e+02
2.92111e+00,4.59918e+01,2.53083e-01,4.19709e+01,4.89384e-01,1.54711e+00,3.25314e+00,2.01332e+01,1.42995e+01,2.25706e+01,4.87440e-01,9.06289e+01,3.13989e+01,3.23633e+00,1.92460e+00,6.71071e+00,7.34538e+01,4.73527e-01,2.03155e+00,3.00006e+02
2.76836e+00,4.57585e+01,2.48558e-01,4.17766e+01,4.84897e-01,1.55172e+00,3.21007e+00,1.99255e+01,1.34434e+01,2.23943e+01,4.85065e-01,8.96253e+01,2.92040e+01,3.07270e+00,1.86833e+00,6.64936e+00,6.85870e+01,4.61749e-01,2.04989e+00,2.81612e+02
2.62851e+00,4.55256e+01,2.44053e-01,4.15635e+01,4.80728e-01,1.55060e+00,3.17045e+00,1.97239e+01,1.26499e+01,2.22565e+01,4.82958e-01,8.86336e+01,2.71881e+01,2.92184e+00,1.80963e+00,6.59336e+00,6.40687e+01,4.51246e-01,2.06549e+00,2.64473e+02
2.50034e+00,4.52932e+01,2.39734e-01,4.13247e+01,4.76832e-01,1.54456e+00,3.13504e+00,1.95289e+01,1.19150e+01,2.21785e+01,4.81196e-01,8.76580e+01,2.53388e+01,2.78206e+00,1.74964e+00,6.54620e+00,5.98810e+01,4.41893e-01,2.07780e+00,2.48523e+02
2.38301e+00,4.50622e+01,2.35652e-01,4.10564e+01,4.73148e-01,1.53443e+00,3.10432e+00,1.93373e+01,1.12348e+01,2.21994e+01,4.79914e-01,8.66978e+01,2.36451e+01,2.65265e+00,1.68953e+00,6.51106e+00,5.60034e+01,4.33511e-01,2.08624e+00,2.33685e+02
2.27544e+00,4.48342e+01,2.31895e-01,4.07609e+01,4.69674e-01,1.52098e+00,3.07891e+00,1.91476e+01,1.06050e+01,2.24012e+01,4.79178e-01,8.57555e+01,2.20934e+01,2.53265e+00,1.63008e+00,6.49048e+00,5.24155e+01,4.25979e-01,2.09051e+00,2.19907e+02
2.17697e+00,4.46105e+01,2.28508e-01,4.04420e+01,4.66407e-01,1.50494e+00,3.05945e+00,1.89599e+01,1.00217e+01,2.29652e+01,4.79121e-01,8.48304e+01,2.06728e+01,2.42162e+00,1.57201e+00,7.23311e+00,4.90964e+01,4.19225e-01,2.09078e+00,2.07112e+02
2.08675e+00,4.43920e+01,2.25504e-01,4.01036e+01,4.63341e-01,1.48693e+00,3.04659e+00,1.87715e+01,9.48191e+00,2.42549e+01,4.79735e-01,8.39239e+01,1.93721e+01,2.31894e+00,1.51572e+00,1.57698e+02,4.60260e+01,4.13120e-01,2.08707e+00,1.95240e+02
2.00414e+00,4.41787e+01,2.22876e-01,3.97501e+01,4.60481e-01,1.46748e+00,3.04077e+00,1.85819e+01,8.98196e+00,2.68415e+01,4.81111e-01,8.30394e+01,1.81806e+01,2.22426e+00,1.46153e+00,5.59982e+02,4.31856e+01,4.07518e-01,2.07960e+00,1.84227e+02
1.92856e+00,4.39694e+01,2.20591e-01,3.93867e+01,4.57853e-01,1.44699e+00,3.04228e+00,1.83885e+01,8.51863e+00,3.12859e+01,4.83163e-01,8.21741e+01,1.70888e+01,2.13717e+00,1.40970e+00,6.51318e+02,4.05568e+01,4.02424e-01,2.06895e+00,1.74018e+02
1.85939e+00,4.37621e+01,2.18653e-01,3.90180e+01,4.55496e-01,1.42572e+00,3.05136e+00,1.81894e+01,8.08936e+00,3.76029e+01,4.85888e-01,8.13310e+01,1.60878e+01,2.05725e+00,1.36040e+00,6.41569e+02,3.81232e+01,3.97741e-01,2.05534e+00,1.64553e+02
1.79609e+00,4.35539e+01,2.16990e-01,3.86483e+01,4.53359e-01,1.40393e+00,3.06776e+00,1.79834e+01,7.69117e+00,4.48963e+01,4.89176e-01,8.05104e+01,1.51694e+01,1.98401e+00,1.31367e+00,6.16240e+02,3.58688e+01,3.93403e-01,2.03960e+00,1.55779e+02
1.73829e+00,4.33424e+01,2.15589e-01,3.82807e+01,4.51447e-01,1.38173e+00,3.09115e+00,1.77685e+01,7.32193e+00,5.17814e+01,4.92979e-01,7.97133e+01,1.43266e+01,1.91712e+00,1.26956e+00,5.88994e+02,3.37802e+01,3.89346e-01,2.02195e+00,1.47649e+02
1.68550e+00,4.31260e+01,2.14442e-01,3.79171e+01,4.49721e-01,1.35931e+00,3.12093e+00,1.75444e+01,6.97922e+00,5.72146e+01,4.97127e-01,7.89434e+01,1.35522e+01,1.85611e+00,1.22806e+00,5.62313e+02,3.18428e+01,3.85600e-01,2.00313e+00,1.40122e+02
1.63730e+00,4.29033e+01,2.13485e-01,3.75599e+01,4.48190e-01,1.33667e+00,3.15577e+00,1.73110e+01,6.66116e+00,6.08673e+01,5.01564e-01,7.82002e+01,1.28404e+01,1.80060e+00,1.18909e+00,5.36681e+02,3.00452e+01,3.82110e-01,1.98342e+00,1.33151e+02
1.59335e+00,4.26752e+01,2.12744e-01,3.72099e+01,4.46814e-01,1.31395e+00,3.19425e+00,1.70695e+01,6.36595e+00,6.29468e+01,5.06107e-01,7.74896e+01,1.21853e+01,1.75016e+00,1.15255e+00,5.12193e+02,2.83759e+01,3.78889e-01,1.96323e+00,1.26698e+02
1.55336e+00,4.24441e+01,2.12130e-01,3.68674e+01,4.45570e-01,1.29121e+00,3.23485e+00,1.68213e+01,6.09192e+00,6.38665e+01,5.10663e-01,7.68138e+01,1.15820e+01,1.70438e+00,1.11842e+00,4.88834e+02,2.68250e+01,3.75897e-01,1.94283e+00,1.20732e+02
1.51698e+00,4.22145e+01,2.11660e-01,3.65325e+01,4.44463e-01,1.26847e+00,3.27577e+00,1.65694e+01,5.83744e+00,6.40356e+01,5.15096e-01,7.61840e+01,1.10260e+01,1.66291e+00,1.08656e+00,4.66566e+02,2.53833e+01,3.73102e-01,1.92266e+00,1.15216e+02
1.48390e+00,4.19933e+01,2.11298e-01,3.62050e+01,4.43474e-01,1.24587e+00,3.31536e+00,1.63144e+01,5.60109e+00,6.37850e+01,5.19317e-01,7.56180e+01,1.05127e+01,1.62541e+00,1.05689e+00,4.45337e+02,2.40420e+01,3.70570e-01,1.90288e+00,1.10119e+02
1.45387e+00,4.17896e+01,2.11028e-01,3.58837e+01,4.42597e-01,1.22346e+00,3.35224e+00,1.60594e+01,5.38162e+00,6.33625e+01,5.23280e-01,7.51425e+01,1.00386e+01,1.59156e+00,1.02930e+00,4.25100e+02,2.27935e+01,3.68224e-01,1.88342e+00,1.05407e+02
1.42666e+00,4.16148e+01,2.10844e-01,3.55682e+01,4.41815e-01,1.20128e+00,3.38523e+00,1.58053e+01,5.17793e+00,6.29558e+01,5.26927e-01,7.48101e+01,9.60026e+00,1.56103e+00,1.00371e+00,4.05808e+02,2.16306e+01,3.66161e-01,1.86461e+00,1.01048e+02
1.40199e+00,4.14815e+01,2.10756e-01,3.52564e+01,4.41108e-01,1.17939e+00,3.41366e+00,1.55539e+01,4.98866e+00,6.27124e+01,5.30210e-01,7.46947e+01,9.19450e+00,1.53343e+00,9.79948e-01,3.87412e+02,2.05459e+01,3.64282e-01,1.84635e+00,9.70055e+01
1.37970e+00,4.14052e+01,2.10720e-01,3.49473e+01,4.40489e-01,1.15790e+00,3.43709e+00,1.53069e+01,4.81303e+00,6.27527e+01,5.33081e-01,7.49028e+01,8.81850e+00,1.50866e+00,9.57984e-01,3.69896e+02,1.95346e+01,3.62633e-01,1.82863e+00,9.32487e+01
1.35963e+00,4.14011e+01,2.10715e-01,3.46400e+01,4.39912e-01,1.13685e+00,3.45534e+00,1.50651e+01,4.64991e+00,6.31683e+01,5.35544e-01,7.55619e+01,8.46985e+00,1.48634e+00,9.37759e-01,3.53214e+02,1.85906e+01,3.61157e-01,1.81164e+00,8.97417e+01
1.34155e+00,4.14850e+01,2.10740e-01,3.43332e+01,4.39357e-01,1.11629e+00,3.46857e+00,1.48303e+01,4.49856e+00,6.40055e+01,5.37524e-01,7.67970e+01,8.14625e+00,1.46628e+00,9.19046e-01,3.37328e+02,1.77089e+01,3.59880e-01,1.79512e+00,8.64500e+01
1.32530e+00,4.16699e+01,2.10770e-01,3.40258e+01,4.38803e-01,1.09635e+00,3.47707e+00,1.46027e+01,4.35808e+00,6.52469e+01,5.39102e-01,7.87022e+01,7.84547e+00,1.44827e+00,9.01885e-01,3.22223e+02,1.68842e+01,3.58766e-01,1.77912e+00,8.33416e+01
1.31076e+00,4.19658e+01,2.10809e-01,3.37170e+01,4.38315e-01,1.07700e+00,3.48105e+00,1.43843e+01,4.22782e+00,6.68029e+01,5.40181e-01,8.12946e+01,7.56579e+00,1.43218e+00,8.86106e-01,3.07862e+02,1.61130e+01,3.57795e-01,1.76370e+00,8.03867e+01
1.29779e+00,4.23762e+01,2.10866e-01,3.34062e+01,4.37831e-01,1.05827e+00,3.48084e+00,1.41758e+01,4.10712e+00,6.85200e+01,5.40821e-01,8.44870e+01,7.30545e+00,1.41776e+00,8.71604e-01,2.94209e+02,1.53913e+01,3.56984e-01,1.74871e+00,7.75587e+01
1.28627e+00,4.28973e+01,2.10950e-01,3.30933e+01,4.37344e-01,1.04025e+00,3.47658e+00,1.39791e+01,3.99521e+00,7.02092e+01,5.40967e-01,8.80913e+01,7.06293e+00,1.40492e+00,8.58368e-01,2.81248e+02,1.47148e+01,3.56246e-01,1.73413e+00,7.48382e+01
1.27603e+00,4.35166e+01,2.11061e-01,3.27786e+01,4.36905e-01,1.02295e+00,3.46839e+00,1.37955e+01,3.89151e+00,7.16896e+01,5.40662e-01,9.18498e+01,6.83690e+00,1.39354e+00,8.46260e-01,2.68936e+02,1.40805e+01,3.55646e-01,1.71994e+00,7.22055e+01
1.26696e+00,4.42133e+01,2.11173e-01,3.24619e+01,4.36502e-01,1.00635e+00,3.45626e+00,1.36272e+01,3.79551e+00,7.28224e+01,5.39874e-01,9.54899e+01,6.62626e+00,1.38352e+00,8.35247e-01,2.57257e+02,1.34853e+01,3.55105e-01,1.70621e+00,6.96510e+01
1.25897e+00,4.49581e+01,2.11276e-01,3.21443e+01,4.36101e-01,9.90458e-01,3.44022e+00,1.34754e+01,3.70662e+00,7.35293e+01,5.38642e-01,9.87855e+01,6.42979e+00,1.37469e+00,8.25222e-01,2.46169e+02,1.29261e+01,3.54648e-01,1.69278e+00,6.71636e+01
1.25194e+00,4.57196e+01,2.11395e-01,3.18261e+01,4.35721e-01,9.75307e-01,3.42026e+00,1.33430e+01,3.62447e+00,7.37873e+01,5.36950e-01,1.01589e+02,6.24659e+00,1.36694e+00,8.16139e-01,2.35653e+02,1.24009e+01,3.54258e-01,1.67968e+00,6.47422e+01
1.24580e+00,4.64643e+01,2.11510e-01,3.15079e+01,4.35352e-01,9.60874e-01,3.39636e+00,1.32313e+01,3.54874e+00,7.36215e+01,5.34823e-01,1.03843e+02,6.07582e+00,1.36019e+00,8.07915e-01,2.25682e+02,1.19062e+01,3.53951e-01,1.66704e+00,6.23840e+01
1.24049e+00,4.71621e+01,2.11628e-01,3.11907e+01,4.34980e-01,9.47157e-01,3.36867e+00,1.31426e+01,3.47877e+00,7.30863e+01,5.32236e-01,1.05571e+02,5.91666e+00,1.35434e+00,8.00493e-01,2.16221e+02,1.14407e+01,3.53668e-01,1.65473e+00,6.00860e+01
1.23590e+00,4.77890e+01,2.11729e-01,3.08754e+01,4.34589e-01,9.34189e-01,3.33738e+00,1.30785e+01,3.41419e+00,7.22488e+01,5.29279e-01,1.06853e+02,5.76831e+00,1.34929e+00,7.93813e-01,2.07255e+02,1.10017e+01,3.53472e-01,1.64283e+00,5.78547e+01
1.23197e+00,4.83275e+01,2.11814e-01,3.05634e+01,4.34168e-01,9.21939e-01,3.30281e+00,1.30390e+01,3.35472e+00,7.11781e+01,5.25936e-01,1.07798e+02,5.63031e+00,1.34501e+00,7.87791e-01,1.98749e+02,1.05877e+01,3.53279e-01,1.63118e+00,5.56865e+01
1.22863e+00,4.87676e+01,2.11889e-01,3.02555e+01,4.33748e-01,9.10334e-01,3.26535e+00,1.30247e+01,3.30004e+00,6.99497e+01,5.22257e-01,1.08528e+02,5.50191e+00,1.34143e+00,7.82401e-01,1.90684e+02,1.01965e+01,3.53135e-01,1.62000e+00,5.35876e+01
1.22586e+00,4.91067e+01,2.11963e-01,2.99529e+01,4.33302e-01,8.99386e-01,3.22543e+00,1.30342e+01,3.24983e+00,6.86575e+01,5.18280e-01,1.09153e+02,5.38254e+00,1.33848e+00,7.77556e-01,1.83041e+02,9.82688e+00,3.52997e-01,1.60918e+00,5.15573e+01
1.22353e+00,4.93478e+01,2.12042e-01,2.96568e+01,4.32832e-01,8.89127e-01,3.18348e+00,1.30649e+01,3.20367e+00,6.74574e+01,5.14045e-01,1.09762e+02,5.27174e+00,1.33615e+00,7.73217e-01,1.75792e+02,9.47713e+00,3.52857e-01,1.59868e+00,4.95974e+01
1.22163e+00,4.94981e+01,2.12120e-01,2.93686e+01,4.32385e-01,8.79473e-01,3.13999e+00,1.31134e+01,3.16133e+00,6.66617e+01,5.09609e-01,1.10417e+02,5.16891e+00,1.33436e+00,7.69355e-01,1.68920e+02,9.14612e+00,3.52738e-01,1.58855e+00,4.77099e+01
1.22007e+00,4.95690e+01,2.12182e-01,2.90895e+01,4.31956e-01,8.70414e-01,3.09553e+00,1.31746e+01,3.12254e+00,6.69044e+01,5.05002e-01,1.11146e+02,5.07358e+00,1.33301e+00,7.65882e-01,1.62404e+02,8.83245e+00,3.52629e-01,1.57871e+00,4.58921e+01
1.21882e+00,4.95713e+01,2.12222e-01,2.88252e+01,4.31533e-01,8.61929e-01,3.05045e+00,1.32432e+01,3.08707e+00,6.92938e+01,5.00242e-01,1.11948e+02,4.98536e+00,1.33206e+00,7.62849e-01,1.56226e+02,8.53522e+00,3.52524e-01,1.56922e+00,4.41467e+01
1.21787e+00,4.95173e+01,2.12251e-01,2.86759e+01,4.31080e-01,8.53968e-01,3.00521e+00,1.33134e+01,3.05461e+00,7.52311e+01,4.95383e-01,1.12794e+02,4.90383e+00,1.33148e+00,7.60098e-01,1.50368e+02,8.25332e+00,3.52423e-01,1.56001e+00,4.24732e+01
1.21715e+00,4.94178e+01,2.12293e-01,3.02827e+01,4.30633e-01,8.46612e-01,2.96019e+00,1.33791e+01,3.02510e+00,8.55400e+01,4.90462e-01,1.13642e+02,4.82839e+00,1.33118e+00,7.57708e-01,1.44816e+02,7.98573e+00,3.52327e-01,1.55120e+00,4.08678e+01
1.21665e+00,4.92833e+01,2.12319e-01,4.91988e+01,4.30166e-01,8.39688e-01,2.91561e+00,1.34353e+01,2.99819e+00,9.93115e+01,4.85519e-01,1.14437e+02,4.75876e+00,1.33114e+00,7.55546e-01,1.39552e+02,7.73183e+00,3.52226e-01,1.54260e+00,3.93316e+01
1.21636e+00,4.91222e+01,2.12317e-01,1.34037e+02,4.29660e-01,8.33242e-01,2.87176e+00,1.34781e+01,2.97364e+00,1.13852e+02,4.80585e-01,1.15127e+02,4.69451e+00,1.33135e+00,7.53657e-01,1.34562e+02,7.49060e+00,3.52134e-01,1.53433e+00,3.78611e+01
1.21620e+00,4.89411e+01,2.12304e-01,2.79073e+02,4.29148e-01,8.27311e-01,2.82886e+00,1.35042e+01,2.95131e+00,1.26194e+02,4.75673e-01,1.15677e+02,4.63521e+00,1.33176e+00,7.51968e-01,1.29833e+02,7.26147e+00,3.52033e-01,1.52626e+00,3.64553e+01
1.21621e+00,4.87451e+01,2.12293e-01,3.93746e+02,4.28606e-01,8.21774e-01,2.78701e+00,1.35124e+01,2.93107e+00,1.34658e+02,4.70796e-01,1.16061e+02,4.58041e+00,1.33234e+00,7.50474e-01,1.25350e+02,7.04379e+00,3.51908e-01,1.51856e+00,3.51128e+01
1.21630e+00,4.85377e+01,2.12276e-01,4.48714e+02,4.28067e-01,8.16622e-01,2.74630e+00,1.35024e+01,2.91262e+00,1.39132e+02,4.65990e-01,1.16275e+02,4.52980e+00,1.33306e+00,7.49125e-01,1.21101e+02,6.83693e+00,3.51764e-01,1.51102e+00,3.38307e+01
1.21649e+00,4.83210e+01,2.12253e-01,4.65620e+02,4.27531e-01,8.11910e-01,2.70686e+00,1.34754e+01,2.89584e+00,1.40411e+02,4.61282e-01,1.16339e+02,4.48302e+00,1.33393e+00,7.47943e-01,1.17074e+02,6.64037e+00,3.51603e-01,1.50377e+00,3.26064e+01
1.21674e+00,4.80966e+01,2.12229e-01,4.64340e+02,4.27003e-01,8.07502e-01,2.66866e+00,1.34350e+01,2.88052e+00,1.39486e+02,4.56664e-01,1.16308e+02,4.43977e+00,1.33490e+00,7.46877e-01,1.13254e+02,6.45352e+00,3.51437e-01,1.49661e+00,3.14377e+01
1.21703e+00,4.78648e+01,2.12198e-01,4.55249e+02,4.26493e-01,8.03471e-01,2.63176e+00,1.33855e+01,2.86657e+00,1.37179e+02,4.52166e-01,1.16275e+02,4.39973e+00,1.33598e+00,7.45915e-01,1.09630e+02,6.27613e+00,3.51267e-01,1.48977e+00,3.03227e+01
1.21739e+00,4.76252e+01,2.12171e-01,4.43104e+02,4.25955e-01,7.99743e-01,2.59622e+00,1.33334e+01,2.85386e+00,1.34077e+02,4.47804e-01,1.16401e+02,4.36270e+00,1.33708e+00,7.45045e-01,1.06190e+02,6.10749e+00,3.51100e-01,1.48305e+00,2.92591e+01
1.21777e+00,4.73777e+01,2.12154e-01,4.29975e+02,4.25424e-01,7.96278e-01,2.56203e+00,1.32884e+01,2.84216e+00,1.30553e+02,4.43590e-01,1.16927e+02,4.32825e+00,1.33817e+00,7.44256e-01,1.02923e+02,5.94743e+00,3.50924e-01,1.47660e+00,2.82446e+01
1.21818e+00,4.71222e+01,2.12112e-01,4.16735e+02,4.24869e-01,7.93121e-01,2.52908e+00,1.32626e+01,2.83143e+00,1.26834e+02,4.39535e-01,1.18184e+02,4.29626e+00,1.33925e+00,7.43550e-01,9.98163e+01,5.79533e+00,3.50743e-01,1.47029e+00,2.72770e+01
1.21859e+00,4.68583e+01,2.12026e-01,4.03732e+02,4.24270e-01,7.90165e-01,2.49738e+00,1.32722e+01,2.82146e+00,1.23057e+02,4.35636e-01,1.20559e+02,4.26650e+00,1.34035e+00,7.42900e-01,9.68589e+01,5.65096e+00,3.50551e-01,1.46424e+00,2.63542e+01
1.21901e+00,4.65859e+01,2.11910e-01,3.91099e+02,4.23678e-01,7.87446e-01,2.46690e+00,1.33380e+01,2.81226e+00,1.19300e+02,4.31877e-01,1.24410e+02,4.23876e+00,1.34145e+00,7.42294e-01,9.40367e+01,5.51392e+00,3.50350e-01,1.45838e+00,2.54739e+01
1.21944e+00,4.63048e+01,2.11797e-01,3.78880e+02,4.23063e-01,7.84982e-01,2.43762e+00,1.34846e+01,2.80370e+00,1.15610e+02,4.28261e-01,1.29933e+02,4.21283e+00,1.34253e+00,7.41742e-01,9.13393e+01,5.38392e+00,3.50132e-01,1.45264e+00,2.46342e+01
1.21986e+00,4.60157e+01,2.11695e-01,3.67086e+02,4.22460e-01,7.82662e-01,2.40943e+00,1.37387e+01,2.79562e+00,1.12010e+02,4.24799e-01,1.37030e+02,4.18857e+00,1.34360e+00,7.41201e-01,8.87575e+01,5.26063e+00,3.49878e-01,1.44714e+00,2.38329e+01
1.22026e+00,4.57186e+01,2.11584e-01,3.55711e+02,4.21884e-01,7.80560e-01,2.38236e+00,1.41245e+01,2.78811e+00,1.08517e+02,4.21514e-01,1.45248e+02,4.16582e+00,1.34465e+00,7.40692e-01,8.62806e+01,5.14374e+00,3.49607e-01,1.44182e+00,2.30687e+01
1.22062e+00,4.54154e+01,2.11464e-01,3.44732e+02,4.21309e-01,7.78579e-01,2.35631e+00,1.46551e+01,2.78096e+00,1.05134e+02,4.18386e-01,1.53857e+02,4.14453e+00,1.34569e+00,7.40213e-01,8.38955e+01,5.03296e+00,3.49327e-01,1.43661e+00,2.23387e+01
1.22094e+00,4.51059e+01,2.11332e-01,3.34148e+02,4.20745e-01,7.76768e-01,2.33128e+00,1.53262e+01,2.77424e+00,1.01868e+02,4.15428e-01,1.62042e+02,4.12447e+00,1.34673e+00,7.39759e-01,8.15985e+01,4.92801e+00,3.49041e-01,1.43168e+00,2.16427e+01
1.22127e+00,4.47912e+01,2.11197e-01,3.23947e+02,4.20139e-01,7.75101e-01,2.30719e+00,1.61084e+01,2.76787e+00,9.87175e+01,4.12625e-01,1.69099e+02,4.10578e+00,1.34770e+00,7.39321e-01,7.93778e+01,4.82876e+00,3.48759e-01,1.42685e+00,2.09784e+01
1.22157e+00,4.44732e+01,2.11073e-01,3.14111e+02,4.19524e-01,7.73544e-01,2.28403e+00,1.69495e+01,2.76191e+00,9.56832e+01,4.09974e-01,1.74582e+02,4.08823e+00,1.34859e+00,7.38894e-01,7.72283e+01,4.73482e+00,3.48463e-01,1.42222e+00,2.03443e+01
1.22188e+00,4.41523e+01,2.10937e-01,3.04630e+02,4.18908e-01,7.72113e-01,2.26175e+00,1.77847e+01,2.75627e+00,9.27606e+01,4.07466e-01,1.78326e+02,4.07166e+00,1.34942e+00,7.38476e-01,7.51440e+01,4.64605e+00,3.48161e-01,1.41779e+00,1.97387e+01
1.22212e+00,4.38297e+01,2.10764e-01,2.95503e+02,4.18263e-01,7.70730e-01,2.24030e+00,1.85508e+01,2.75099e+00,8.99482e+01,4.05118e-01,1.80402e+02,4.05613e+00,1.35020e+00,7.38051e-01,7.31187e+01,4.56215e+00,3.47844e-01,1.41346e+00,1.91603e+01
1.22233e+00,4.35059e+01,2.10571e-01,2.86726e+02,4.17614e-01,7.69473e-01,2.21965e+00,1.91992e+01,2.74600e+00,8.72425e+01,4.02907e-01,1.81022e+02,4.04415e+00,1.35095e+00,7.37629e-01,7.11497e+01,4.48295e+00,3.47516e-01,1.40940e+00,1.86083e+01
1.22256e+00,4.31822e+01,2.10390e-01,2.78298e+02,4.16925e-01,7.68255e-01,2.19977e+00,1.97018e+01,2.74135e+00,8.46407e+01,4.00819e-01,1.80460e+02,4.07908e+00,1.35164e+00,7.37201e-01,6.92333e+01,4.40826e+00,3.47170e-01,1.40548e+00,1.80809e+01
1.22275e+00,4.28590e+01,2.10225e-01,2.70218e+02,4.16232e-01,7.67149e-01,2.18062e+00,2.00509e+01,2.73706e+00,8.21380e+01,3.98859e-01,1.78993e+02,4.10575e+00,1.35225e+00,7.36765e-01,6.73656e+01,4.33785e+00,3.46797e-01,1.40167e+00,1.75776e+01
1.22288e+00,4.25365e+01,2.10064e-01,2.62492e+02,4.15564e-01,7.66070e-01,2.16220e+00,2.02546e+01,2.73305e+00,7.97317e+01,3.97018e-01,1.76863e+02,4.14157e+00,1.35280e+00,7.36333e-01,6.55476e+01,4.27152e+00,3.46412e-01,1.39809e+00,1.70986e+01
1.22296e+00,4.22158e+01,2.09899e-01,2.55125e+02,4.14930e-01,7.65050e-01,2.14448e+00,2.03305e+01,2.72932e+00,7.74179e+01,3.95288e-01,1.74277e+02,4.19259e+00,1.35331e+00,7.35903e-01,6.37738e+01,4.20902e+00,3.46015e-01,1.39454e+00,1.66412e+01
1.22300e+00,4.18969e+01,2.09709e-01,2.48138e+02,4.14312e-01,7.64087e-01,2.12739e+00,2.02998e+01,2.72590e+00,7.51934e+01,3.93690e-01,1.71390e+02,4.21004e+00,1.35379e+00,7.35467e-01,6.20454e+01,4.15045e+00,3.45611e-01,1.39124e+00,1.62038e+01
1.22302e+00,4.15792e+01,2.09507e-01,2.41526e+02,4.13649e-01,7.63175e-01,2.11098e+00,2.01827e+01,2.72272e+00,7.30541e+01,3.92227e-01,1.68319e+02,4.19449e+00,1.35422e+00,7.35023e-01,6.03626e+01,4.09534e+00,3.45208e-01,1.38801e+00,1.57847e+01
1.22297e+00,4.12634e+01,2.09309e-01,2.35291e+02,4.12978e-01,7.62316e-01,2.09523e+00,1.99995e+01,2.71986e+00,7.09978e+01,3.90835e-01,1.65149e+02,4.16361e+00,1.35456e+00,7.34567e-01,5.87218e+01,4.04372e+00,3.44802e-01,1.38493e+00,1.53832e+01
1.22292e+00,4.09495e+01,2.09102e-01,2.29416e+02,4.12326e-01,7.61477e-01,2.08011e+00,1.97664e+01,2.71721e+00,6.90204e+01,3.89558e-01,1.61942e+02,4.12877e+00,1.35481e+00,7.34104e-01,5.71259e+01,3.99546e+00,3.44393e-01,1.38200e+00,1.49989e+01
1.22280e+00,4.06376e+01,2.08874e-01,2.23874e+02,4.11619e-01,7.60645e-01,2.06560e+00,1.94969e+01,2.71486e+00,6.71192e+01,3.88363e-01,1.58739e+02,4.09708e+00,1.35499e+00,7.33641e-01,5.55723e+01,3.95029e+00,3.43977e-01,1.37909e+00,1.46311e+01
1.22266e+00,4.03290e+01,2.08637e-01,2.18616e+02,4.10909e-01,7.59831e-01,2.05167e+00,1.92017e+01,2.71269e+00,6.52908e+01,3.87243e-01,1.55568e+02,4.07279e+00,1.35513e+00,7.33170e-01,5.40604e+01,3.90816e+00,3.43554e-01,1.37634e+00,1.42791e+01
1.22248e+00,4.00337e+01,2.08396e-01,2.13577e+02,4.10203e-01,7.59042e-01,2.03832e+00,1.88894e+01,2.71072e+00,6.35330e+01,3.86203e-01,1.52449e+02,4.05803e+00,1.35519e+00,7.32689e-01,5.25922e+01,3.86886e+00,3.43113e-01,1.37377e+00,1.39421e+01
1.22226e+00,3.98103e+01,2.08161e-01,2.08703e+02,4.09493e-01,7.58269e-01,2.02554e+00,1.85664e+01,2.70893e+00,6.18429e+01,3.85221e-01,1.49392e+02,4.05427e+00,1.35516e+00,7.32189e-01,5.11647e+01,3.83232e+00,3.42657e-01,1.37121e+00,1.36198e+01
1.22198e+00,4.00299e+01,2.07911e-01,2.03952e+02,4.08811e-01,7.57502e-01,2.01330e+00,1.82371e+01,2.70732e+00,6.02178e+01,3.84309e-01,1.46407e+02,4.06279e+00,1.35508e+00,7.31677e-01,4.97788e+01,3.79839e+00,3.42191e-01,1.36881e+00,1.33114e+01
1.22166e+00,4.31714e+01,2.07675e-01,1.99280e+02,4.08142e-01,7.56740e-01,2.00162e+00,1.79063e+01,2.70576e+00,5.86535e+01,3.83452e-01,1.43494e+02,4.08450e+00,1.35494e+00,7.31164e-01,4.84330e+01,3.76698e+00,3.41712e-01,1.36644e+00,1.30159e+01
1.22136e+00,6.18239e+01,2.07426e-01,1.94674e+02,4.07486e-01,7.55994e-01,1.99044e+00,1.75759e+01,2.70434e+00,5.71488e+01,3.82650e-01,1.40658e+02,4.11998e+00,1.35479e+00,7.30654e-01,4.71276e+01,3.73792e+00,3.41229e-01,1.36416e+00,1.27329e+01
1.22104e+00,1.22219e+02,2.07170e-01,1.90127e+02,4.06790e-01,7.55267e-01,1.97978e+00,1.72483e+01,2.70300e+00,5.57014e+01,3.81908e-01,1.37898e+02,4.16867e+00,1.35459e+00,7.30127e-01,4.58626e+01,3.71105e+00,3.40735e-01,1.36197e+00,1.24617e+01
1.22070e+00,2.21259e+02,2.06917e-01,1.85644e+02,4.06078e-01,7.54546e-01,1.96966e+00,1.69247e+01,2.70177e+00,5.43091e+01,3.81210e-01,1.35216e+02,4.22808e+00,1.35433e+00,7.29581e-01,4.46358e+01,3.68632e+00,3.40240e-01,1.35980e+00,1.22019e+01
1.22037e+00,3.10875e+02,2.06653e-01,1.81231e+02,4.05392e-01,7.53825e-01,1.96002e+00,1.66064e+01,2.70057e+00,5.29700e+01,3.80565e-01,1.32606e+02,4.29502e+00,1.35399e+00,7.29042e-01,4.34468e+01,3.66368e+00,3.39745e-01,1.35769e+00,1.19529e+01
1.22001e+00,3.62759e+02,2.06376e-01,1.76902e+02,4.04668e-01,7.53084e-01,1.95086e+00,1.62942e+01,2.69944e+00,5.16809e+01,3.79955e-01,1.30074e+02,4.36651e+00,1.35357e+00,7.28493e-01,4.22960e+01,3.64298e+00,3.39249e-01,1.35567e+00,1.17136e+01
1.21958e+00,3.84680e+02,2.06093e-01,1.72660e+02,4.03952e-01,7.52343e-01,1.94215e+00,1.59885e+01,2.69831e+00,5.04403e+01,3.79379e-01,1.27610e+02,4.43989e+00,1.35308e+00,7.27927e-01,4.11817e+01,3.62411e+00,3.38747e-01,1.35366e+00,1.14839e+01
1.21914e+00,3.90395e+02,2.05799e-01,1.68521e+02,4.03216e-01,7.51619e-01,1.93384e+00,1.56898e+01,2.69718e+00,4.92460e+01,3.78836e-01,1.25222e+02,4.51348e+00,1.35254e+00,7.27353e-01,4.01023e+01,3.60699e+00,3.38231e-01,1.35171e+00,1.12637e+01
1.21864e+00,3.88265e+02,2.05495e-01,1.64485e+02,4.02458e-01,7.50886e-01,1.92596e+00,1.53986e+01,2.69605e+00,4.80967e+01,3.78308e-01,1.22900e+02,4.58615e+00,1.35195e+00,7.26762e-01,3.90577e+01,3.59146e+00,3.37712e-01,1.34985e+00,1.10525e+01
1.21805e+00,3.82428e+02,2.05194e-01,1.60563e+02,4.01747e-01,7.50143e-01,1.91849e+00,1.51148e+01,2.69493e+00,4.69900e+01,3.77799e-01,1.20646e+02,4.65651e+00,1.35131e+00,7.26165e-01,3.80477e+01,3.57741e+00,3.37179e-01,1.34800e+00,1.08497e+01
1.21741e+00,3.74883e+02,2.04907e-01,1.56752e+02,4.01054e-01,7.49408e-01,1.91138e+00,1.48382e+01,2.69372e+00,4.59244e+01,3.77308e-01,1.18456e+02,4.72303e+00,1.35062e+00,7.25574e-01,3.70695e+01,3.56475e+00,3.36637e-01,1.34614e+00,1.06549e+01
1.21674e+00,3.66604e+02,2.04609e-01,1.53054e+02,4.00379e-01,7.48671e-01,1.90465e+00,1.45691e+01,2.69248e+00,4.48981e+01,3.76833e-01,1.16330e+02,4.78425e+00,1.34990e+00,7.24969e-01,3.61238e+01,3.55340e+00,3.36090e-01,1.34436e+00,1.04684e+01
1.21606e+00,3.58078e+02,2.04305e-01,1.49476e+02,3.99667e-01,7.47929e-01,1.89824e+00,1.43078e+01,2.69117e+00,4.39106e+01,3.76380e-01,1.14266e+02,4.83932e+00,1.34915e+00,7.24352e-01,3.52091e+01,3.54326e+00,3.35537e-01,1.34258e+00,1.02895e+01
1.21532e+00,3.49545e+02,2.04003e-01,1.46008e+02,3.98925e-01,7.47188e-01,1.89218e+00,1.40538e+01,2.68982e+00,4.29596e+01,3.75942e-01,1.12264e+02,4.88838e+00,1.34833e+00,7.23724e-01,3.43248e+01,3.53421e+00,3.34981e-01,1.34078e+00,1.01179e+01
1.21459e+00,3.41130e+02,2.03699e-01,1.42657e+02,3.98207e-01,7.46437e-01,1.88645e+00,1.38071e+01,2.68842e+00,4.20436e+01,3.75514e-01,1.10321e+02,4.93249e+00,1.34746e+00,7.23093e-01,3.34694e+01,3.52626e+00,3.34432e-01,1.33903e+00,9.95350e+00
1.21388e+00,3.32892e+02,2.03386e-01,1.39411e+02,3.97487e-01,7.45677e-01,1.88101e+00,1.35676e+01,2.68696e+00,4.11607e+01,3.75100e-01,1.08443e+02,4.97325e+00,1.34654e+00,7.22442e-01,3.26419e+01,3.51931e+00,3.33893e-01,1.33728e+00,9.79606e+00
1.21320e+00,3.24860e+02,2.03053e-01,1.36276e+02,3.96764e-01,7.44928e-01,1.87585e+00,1.33353e+01,2.68546e+00,4.03101e+01,3.74699e-01,1.06668e+02,5.01204e+00,1.34558e+00,7.21787e-01,3.18419e+01,3.51325e+00,3.33351e-01,1.33553e+00,9.64487e+00
1.21257e+00,3.17049e+02,2.02720e-01,1.33242e+02,3.96021e-01,7.44170e-01,1.87091e+00,1.31101e+01,2.68387e+00,3.94907e+01,3.74306e-01,1.05163e+02,5.04958e+00,1.34460e+00,7.21133e-01,3.10683e+01,3.50800e+00,3.32792e-01,1.33382e+00,9.50026e+00
1.21201e+00,3.09465e+02,2.02389e-01,1.30311e+02,3.95265e-01,7.43399e-01,1.86622e+00,1.28916e+01,2.68222e+00,3.87014e+01,3.73903e-01,1.04577e+02,5.08538e+00,1.34358e+00,7.20474e-01,3.03205e+01,3.50345e+00,3.32227e-01,1.33217e+00,9.36178e+00
1.21154e+00,3.02111e+02,2.02066e-01,1.27475e+02,3.94541e-01,7.42612e-01,1.86179e+00,1.26799e+01,2.68049e+00,3.79412e+01,3.73498e-01,1.06894e+02,5.11796e+00,1.34254e+00,7.19808e-01,2.95976e+01,3.49959e+00,3.31664e-01,1.33048e+00,9.22923e+00
1.21116e+00,2.94985e+02,2.01751e-01,1.24731e+02,3.93852e-01,7.41825e-01,1.85758e+00,1.24744e+01,2.67871e+00,3.72073e+01,3.73103e-01,1.16661e+02,5.14520e+00,1.34146e+00,7.19142e-01,2.88983e+01,3.49627e+00,3.31100e-01,1.32878e+00,9.10215e+00
1.21087e+00,2.88090e+02,2.01431e-01,1.22076e+02,3.93187e-01,7.41046e-01,1.85359e+00,1.22753e+01,2.67685e+00,3.65003e+01,3.72710e-01,1.40705e+02,5.16499e+00,1.34039e+00,7.18482e-01,2.82222e+01,3.49347e+00,3.30532e-01,1.32714e+00,8.98109e+00
1.21071e+00,2.81429e+02,2.01109e-01,1.19508e+02,3.92484e-01,7.40275e-01,1.84977e+00,1.20825e+01,2.67491e+00,3.58192e+01,3.72323e-01,1.83413e+02,5.17528e+00,1.33930e+00,7.17804e-01,2.75681e+01,3.49109e+00,3.29957e-01,1.32549e+00,8.86497e+00
1.21064e+00,2.74993e+02,2.00788e-01,1.17020e+02,3.91750e-01,7.39513e-01,1.84616e+00,1.18961e+01,2.67290e+00,3.51620e+01,3.71939e-01,2.40262e+02,5.17483e+00,1.33819e+00,7.17113e-01,2.69355e+01,3.48912e+00,3.29377e-01,1.32380e+00,8.75437e+00
1.21067e+00,2.68785e+02,2.00470e-01,1.14610e+02,3.91025e-01,7.38740e-01,1.84274e+00,1.17155e+01,2.67083e+00,3.45280e+01,3.71559e-01,2.98541e+02,5.16344e+00,1.33708e+00,7.16423e-01,2.63241e+01,3.48754e+00,3.28800e-01,1.32212e+00,8.64864e+00
1.21080e+00,2.62802e+02,2.00138e-01,1.12274e+02,3.90305e-01,7.37947e-01,1.83947e+00,1.15406e+01,2.66870e+00,3.39168e+01,3.71180e-01,3.46036e+02,5.14143e+00,1.33594e+00,7.15719e-01,2.57329e+01,3.48632e+00,3.28229e-01,1.32049e+00,8.54790e+00
1.21095e+00,2.57040e+02,1.99790e-01,1.10006e+02,3.89581e-01,7.37159e-01,1.83633e+00,1.13720e+01,2.66649e+00,3.33271e+01,3.70811e-01,3.77614e+02,5.10976e+00,1.33481e+00,7.15005e-01,2.51607e+01,3.48537e+00,3.27653e-01,1.31880e+00,8.45221e+00
1.21114e+00,2.51493e+02,1.99439e-01,1.07809e+02,3.88843e-01,7.36379e-01,1.83332e+00,1.12088e+01,2.66419e+00,3.27582e+01,3.70442e-01,3.94604e+02,5.06994e+00,1.33367e+00,7.14284e-01,2.46073e+01,3.48467e+00,3.27068e-01,1.31711e+00,8.36085e+00
1.21131e+00,2.46153e+02,1.99079e-01,1.05671e+02,3.88108e-01,7.35578e-01,1.83044e+00,1.10506e+01,2.66184e+00,3.22090e+01,3.70056e-01,4.01009e+02,5.02349e+00,1.33255e+00,7.13553e-01,2.40721e+01,3.48409e+00,3.26475e-01,1.31548e+00,8.27438e+00
1.21143e+00,2.41011e+02,1.98733e-01,1.03595e+02,3.87414e-01,7.34774e-01,1.82770e+00,1.08985e+01,2.65939e+00,3.16792e+01,3.69663e-01,4.00738e+02,4.97193e+00,1.33140e+00,7.12821e-01,2.35544e+01,3.48372e+00,3.25884e-01,1.31385e+00,8.19215e+00
1.21142e+00,2.36054e+02,1.98406e-01,1.01574e+02,3.86733e-01,7.33975e-01,1.82506e+00,1.07512e+01,2.65689e+00,3.11674e+01,3.69272e-01,3.96640e+02,4.91676e+00,1.33024e+00,7.12092e-01,2.30535e+01,3.48343e+00,3.25292e-01,1.31218e+00,8.11422e+00
1.21133e+00,2.31272e+02,1.98074e-01,9.96095e+01,3.86058e-01,7.33173e-01,1.82254e+00,1.06091e+01,2.65434e+00,3.06734e+01,3.68885e-01,3.90499e+02,4.85939e+00,1.32905e+00,7.11365e-01,2.25688e+01,3.48325e+00,3.24698e-01,1.31057e+00,8.04079e+00
1.21103e+00,2.26649e+02,1.97737e-01,9.76933e+01,3.85353e-01,7.32365e-01,1.82007e+00,1.04719e+01,2.65168e+00,3.01966e+01,3.68501e-01,3.83359e+02,4.80084e+00,1.32781e+00,7.10631e-01,2.20999e+01,3.48311e+00,3.24100e-01,1.30895e+00,7.97128e+00
1.21053e+00,2.22171e+02,1.97389e-01,9.58284e+01,3.84622e-01,7.31554e-01,1.81774e+00,1.03401e+01,2.64898e+00,2.97353e+01,3.68117e-01,3.75789e+02,4.74199e+00,1.32655e+00,7.09880e-01,2.16460e+01,3.48301e+00,3.23500e-01,1.30729e+00,7.90622e+00
1.20982e+00,2.17824e+02,1.97043e-01,9.40101e+01,3.83901e-01,7.30740e-01,1.81548e+00,1.02130e+01,2.64624e+00,2.92901e+01,3.67732e-01,3.68098e+02,4.68361e+00,1.32522e+00,7.09130e-01,2.12068e+01,3.48296e+00,3.22901e-01,1.30565e+00,7.84493e+00
1.20885e+00,2.13594e+02,1.96696e-01,9.22340e+01,3.83190e-01,7.29920e-01,1.81328e+00,1.00908e+01,2.64345e+00,2.88605e+01,3.67352e-01,3.60444e+02,4.62641e+00,1.32381e+00,7.08375e-01,2.07819e+01,3.48296e+00,3.22313e-01,1.30403e+00,7.78772e+00
1.20762e+00,2.09470e+02,1.96347e-01,9.05027e+01,3.82483e-01,7.29104e-01,1.81115e+00,9.97276e+00,2.64058e+00,2.84448e+01,3.66982e-01,3.52915e+02,4.57078e+00,1.32233e+00,7.07611e-01,2.03706e+01,3.48295e+00,3.21734e-01,1.30241e+00,7.73419e+00
1.20610e+00,2.05440e+02,1.95985e-01,8.88125e+01,3.81758e-01,7.28305e-01,1.80905e+00,9.85926e+00,2.63768e+00,2.80427e+01,3.66615e-01,3.45550e+02,4.51711e+00,1.32078e+00,7.06841e-01,1.99724e+01,3.48292e+00,3.21150e-01,1.30074e+00,7.68449e+00
1.20436e+00,2.01499e+02,1.95612e-01,8.71596e+01,3.81005e-01,7.27489e-01,1.80700e+00,9.75049e+00,2.63473e+00,2.76542e+01,3.66238e-01,3.38367e+02,4.46574e+00,1.31916e+00,7.06067e-01,1.95869e+01,3.48286e+00,3.20564e-01,1.29912e+00,7.63828e+00
1.20240e+00,1.97638e+02,1.95255e-01,8.55472e+01,3.80288e-01,7.26658e-01,1.80503e+00,9.64625e+00,2.63172e+00,2.72790e+01,3.65850e-01,3.31384e+02,4.41690e+00,1.31750e+00,7.05286e-01,1.92141e+01,3.48278e+00,3.19975e-01,1.29756e+00,7.59581e+00
1.20025e+00,1.93852e+02,1.94909e-01,8.39696e+01,3.79602e-01,7.25820e-01,1.80311e+00,9.54580e+00,2.62862e+00,2.69156e+01,3.65456e-01,3.24594e+02,4.37079e+00,1.31577e+00,7.04510e-01,1.88529e+01,3.48261e+00,3.19381e-01,1.29594e+00,7.55638e+00
1.19799e+00,1.90139e+02,1.94563e-01,8.24296e+01,3.78957e-01,7.24983e-01,1.80122e+00,9.44931e+00,2.62551e+00,2.65642e+01,3.65064e-01,3.18007e+02,4.32741e+00,1.31398e+00,7.03745e-01,1.85029e+01,3.48236e+00,3.18789e-01,1.29434e+00,7.52058e+00
1.19560e+00,1.86497e+02,1.94223e-01,8.09232e+01,3.78280e-01,7.24153e-01,1.79937e+00,9.35698e+00,2.62234e+00,2.62241e+01,3.64675e-01,3.11620e+02,4.28694e+00,1.31216e+00,7.02965e-01,1.81642e+01,3.48198e+00,3.18191e-01,1.29274e+00,7.48780e+00
1.19314e+00,1.82927e+02,1.93874e-01,7.94498e+01,3.77554e-01,7.23326e-01,1.79756e+00,9.26865e+00,2.61913e+00,2.58952e+01,3.64283e-01,3.05432e+02,4.24920e+00,1.31029e+00,7.02184e-01,1.78363e+01,3.48158e+00,3.17586e-01,1.29112e+00,7.45854e+00
1.19066e+00,1.79426e+02,1.93522e-01,7.80115e+01,3.76840e-01,7.22491e-01,1.79575e+00,9.18363e+00,2.61591e+00,2.55772e+01,3.63889e-01,2.99437e+02,4.21412e+00,1.30838e+00,7.01400e-01,1.75188e+01,3.48110e+00,3.16991e-01,1.28948e+00,7.43233e+00
1.18814e+00,1.75995e+02,1.93168e-01,7.66057e+01,3.76160e-01,7.21638e-01,1.79397e+00,9.10213e+00,2.61265e+00,2.52691e+01,3.63501e-01,2.93633e+02,4.18173e+00,1.30644e+00,7.00612e-01,1.72111e+01,3.48057e+00,3.16411e-01,1.28788e+00,7.40949e+00
1.18562e+00,1.72635e+02,1.92812e-01,7.52296e+01,3.75470e-01,7.20789e-01,1.79221e+00,9.02430e+00,2.60934e+00,2.49706e+01,3.63119e-01,2.88023e+02,4.15188e+00,1.30448e+00,6.99809e-01,1.69129e+01,3.47996e+00,3.15833e-01,1.28631e+00,7.38990e+00
1.18315e+00,1.69348e+02,1.92445e-01,7.38854e+01,3.74770e-01,7.19958e-01,1.79044e+00,8.94968e+00,2.60600e+00,2.46821e+01,3.62743e-01,2.82583e+02,4.12442e+00,1.30250e+00,6.99007e-01,1.66239e+01,3.47928e+00,3.15237e-01,1.28469e+00,7.37376e+00
1.18071e+00,1.66132e+02,1.92073e-01,7.25729e+01,3.74058e-01,7.19113e-01,1.78868e+00,8.87804e+00,2.60263e+00,2.44024e+01,3.62360e-01,2.77320e+02,4.09912e+00,1.30051e+00,6.98209e-01,1.63437e+01,3.47850e+00,3.14636e-01,1.28307e+00,7.36097e+00
1.17832e+00,1.62989e+02,1.91712e-01,7.12903e+01,3.73372e-01,7.18263e-01,1.78697e+00,8.80965e+00,2.59922e+00,2.41314e+01,3.61958e-01,2.72221e+02,4.07577e+00,1.29851e+00,6.97401e-01,1.60726e+01,3.47762e+00,3.14038e-01,1.28151e+00,7.35154e+00
1.17597e+00,1.59919e+02,1.91359e-01,7.00351e+01,3.72699e-01,7.17413e-01,1.78525e+00,8.74387e+00,2.59575e+00,2.38689e+01,3.61551e-01,2.67275e+02,4.05427e+00,1.29652e+00,6.96601e-01,1.58093e+01,3.47662e+00,3.13439e-01,1.27994e+00,7.34516e+00
1.17372e+00,1.56923e+02,1.91007e-01,6.88107e+01,3.72046e-01,7.16568e-01,1.78354e+00,8.68082e+00,2.59227e+00,2.36143e+01,3.61151e-01,2.62480e+02,4.03430e+00,1.29450e+00,6.95808e-01,1.55544e+01,3.47553e+00,3.12844e-01,1.27835e+00,7.34191e+00
1.17154e+00,1.53999e+02,1.90666e-01,6.76149e+01,3.71378e-01,7.15718e-01,1.78182e+00,8.62057e+00,2.58872e+00,2.33675e+01,3.60756e-01,2.57819e+02,4.01590e+00,1.29251e+00,6.95016e-01,1.53074e+01,3.47431e+00,3.12246e-01,1.27677e+00,7.34099e+00
1.16939e+00,1.51147e+02,1.90324e-01,6.64455e+01,3.70671e-01,7.14868e-01,1.78010e+00,8.56250e+00,2.58516e+00,2.31288e+01,3.60360e-01,2.53296e+02,3.99877e+00,1.29051e+00,6.94212e-01,1.50681e+01,3.47301e+00,3.11645e-01,1.27522e+00,7.34209e+00
1.16730e+00,1.48368e+02,1.89971e-01,6.53043e+01,3.69974e-01,7.14013e-01,1.77839e+00,8.50696e+00,2.58159e+00,2.28966e+01,3.59960e-01,2.48884e+02,3.98276e+00,1.28852e+00,6.93407e-01,1.48357e+01,3.47161e+00,3.11056e-01,1.27363e+00,7.34456e+00
1.16530e+00,1.45658e+02,1.89626e-01,6.41912e+01,3.69305e-01,7.13153e-01,1.77669e+00,8.45345e+00,2.57797e+00,2.26718e+01,3.59558e-01,2.44589e+02,3.96777e+00,1.28654e+00,6.92605e-01,1.46105e+01,3.47015e+00,3.10477e-01,1.27204e+00,7.34754e+00
1.16333e+00,1.43017e+02,1.89283e-01,6.31046e+01,3.68630e-01,7.12291e-01,1.77496e+00,8.40180e+00,2.57435e+00,2.24540e+01,3.59163e-01,2.40395e+02,3.95369e+00,1.28455e+00,6.91788e-01,1.43925e+01,3.46862e+00,3.09899e-01,1.27049e+00,7.35046e+00
1.16138e+00,1.40444e+02,1.88927e-01,6.20432e+01,3.67943e-01,7.11443e-01,1.77320e+00,8.35221e+00,2.57070e+00,2.22420e+01,3.58787e-01,2.36304e+02,3.94042e+00,1.28255e+00,6.90963e-01,1.41810e+01,3.46700e+00,3.09317e-01,1.26893e+00,7.35275e+00
1.15946e+00,1.37937e+02,1.88564e-01,6.10072e+01,3.67240e-01,7.10594e-01,1.77144e+00,8.30448e+00,2.56704e+00,2.20367e+01,3.58408e-01,2.32298e+02,3.92785e+00,1.28055e+00,6.90144e-01,1.39756e+01,3.46528e+00,3.08733e-01,1.26734e+00,7.35381e+00
1.15758e+00,1.35495e+02,1.88210e-01,5.99977e+01,3.66569e-01,7.09737e-01,1.76971e+00,8.25853e+00,2.56333e+00,2.18375e+01,3.58013e-01,2.28381e+02,3.91595e+00,1.27857e+00,6.89320e-01,1.37768e+01,3.46349e+00,3.08145e-01,1.26580e+00,7.35328e+00
1.15571e+00,1.33115e+02,1.87871e-01,5.90111e+01,3.65926e-01,7.08879e-01,1.76798e+00,8.21382e+00,2.55958e+00,2.16440e+01,3.57613e-01,2.24541e+02,3.90469e+00,1.27659e+00,6.88499e-01,1.35835e+01,3.46160e+00,3.07554e-01,1.26427e+00,7.35125e+00
1.15387e+00,1.30797e+02,1.87528e-01,5.80495e+01,3.65304e-01,7.08023e-01,1.76624e+00,8.17095e+00,2.55582e+00,2.14558e+01,3.57215e-01,2.20779e+02,3.89391e+00,1.27459e+00,6.87687e-01,1.33965e+01,3.45959e+00,3.06962e-01,1.26272e+00,7.34741e+00
1.15205e+00,1.28538e+02,1.87188e-01,5.71121e+01,3.64663e-01,7.07173e-01,1.76448e+00,8.12928e+00,2.55202e+00,2.12735e+01,3.56825e-01,2.17092e+02,3.88363e+00,1.27262e+00,6.86870e-01,1.32151e+01,3.45750e+00,3.06370e-01,1.26119e+00,7.34229e+00
1.15027e+00,1.26337e+02,1.86849e-01,5.61966e+01,3.63972e-01,7.06321e-01,1.76272e+00,8.08916e+00,2.54820e+00,2.10962e+01,3.56437e-01,2.13479e+02,3.87381e+00,1.27062e+00,6.86050e-01,1.30391e+01,3.45534e+00,3.05776e-01,1.25968e+00,7.33644e+00
1.14848e+00,1.24191e+02,1.86496e-01,5.53036e+01,3.63300e-01,7.05458e-01,1.76099e+00,8.05043e+00,2.54437e+00,2.09239e+01,3.56045e-01,2.09934e+02,3.86435e+00,1.26863e+00,6.85221e-01,1.28684e+01,3.45312e+00,3.05188e-01,1.25812e+00,7.33023e+00
1.14672e+00,1.22098e+02,1.86138e-01,5.44327e+01,3.62646e-01,7.04589e-01,1.75923e+00,8.01280e+00,2.54053e+00,2.07567e+01,3.55644e-01,2.06463e+02,3.85516e+00,1.26664e+00,6.84397e-01,1.27032e+01,3.45082e+00,3.04612e-01,1.25654e+00,7.32464e+00
1.14497e+00,1.20058e+02,1.85790e-01,5.35840e+01,3.61995e-01,7.03724e-01,1.75747e+00,7.97640e+00,2.53663e+00,2.05939e+01,3.55250e-01,2.03059e+02,3.84630e+00,1.26462e+00,6.83566e-01,1.25427e+01,3.44849e+00,3.04042e-01,1.25502e+00,7.32047e+00
1.14324e+00,1.18068e+02,1.85433e-01,5.27564e+01,3.61316e-01,7.02874e-01,1.75568e+00,7.94113e+00,2.53272e+00,2.04359e+01,3.54867e-01,1.99726e+02,3.83766e+00,1.26259e+00,6.82744e-01,1.23873e+01,3.44612e+00,3.03465e-01,1.25351e+00,7.31842e+00
1.14150e+00,1.16126e+02,1.85067e-01,5.19492e+01,3.60627e-01,7.02015e-01,1.75388e+00,7.90675e+00,2.52884e+00,2.02824e+01,3.54481e-01,1.96461e+02,3.82922e+00,1.26057e+00,6.81918e-01,1.22369e+01,3.44368e+00,3.02890e-01,1.25197e+00,7.31924e+00
1.13974e+00,1.14230e+02,1.84710e-01,5.11617e+01,3.59986e-01,7.01150e-01,1.75210e+00,7.87349e+00,2.52492e+00,2.01331e+01,3.54084e-01,1.93263e+02,3.82093e+00,1.25856e+00,6.81086e-01,1.20909e+01,3.44120e+00,3.02313e-01,1.25046e+00,7.32375e+00
1.13799e+00,1.12379e+02,1.84374e-01,5.03929e+01,3.59356e-01,7.00290e-01,1.75030e+00,7.84104e+00,2.52097e+00,1.99877e+01,3.53682e-01,1.90132e+02,3.81282e+00,1.25654e+00,6.80251e-01,1.19493e+01,3.43864e+00,3.01737e-01,1.24895e+00,7.33218e+00
1.13623e+00,1.10571e+02,1.84035e-01,4.96433e+01,3.58745e-01,6.99434e-01,1.74851e+00,7.80985e+00,2.51702e+00,1.98465e+01,3.53281e-01,1.87067e+02,3.80481e+00,1.25450e+00,6.79424e-01,1.18125e+01,3.43601e+00,3.01160e-01,1.24744e+00,7.34540e+00
1.13448e+00,1.08805e+02,1.83702e-01,4.89131e+01,3.58108e-01,6.98576e-01,1.74670e+00,7.77944e+00,2.51304e+00,1.97095e+01,3.52886e-01,1.84069e+02,3.79698e+00,1.25247e+00,6.78598e-01,1.16798e+01,3.43336e+00,3.00583e-01,1.24595e+00,7.36295e+00
1.13273e+00,1.07078e+02,1.83372e-01,4.82007e+01,3.57419e-01,6.97717e-01,1.74488e+00,7.75019e+00,2.50906e+00,1.95757e+01,3.52493e-01,1.81140e+02,3.78926e+00,1.25043e+00,6.77764e-01,1.15512e+01,3.43066e+00,3.00004e-01,1.24449e+00,7.38544e+00
1.13097e+00,1.05390e+02,1.83031e-01,4.75057e+01,3.56748e-01,6.96856e-01,1.74307e+00,7.72175e+00,2.50505e+00,1.94464e+01,3.52097e-01,1.78274e+02,3.78160e+00,1.24839e+00,6.76934e-01,1.14271e+01,3.42793e+00,2.99436e-01,1.24297e+00,7.41214e+00
1.12922e+00,1.03738e+02,1.82681e-01,4.68275e+01,3.56108e-01,6.95981e-01,1.74126e+00,7.69410e+00,2.50107e+00,1.93203e+01,3.51696e-01,1.75474e+02,3.77401e+00,1.24636e+00,6.76103e-01,1.13067e+01,3.42520e+00,2.98880e-01,1.24146e+00,7.44292e+00
1.12747e+00,1.02123e+02,1.82338e-01,4.61654e+01,3.55450e-01,6.95114e-01,1.73943e+00,7.66743e+00,2.49704e+00,1.91977e+01,3.51304e-01,1.72738e+02,3.76652e+00,1.24431e+00,6.75276e-01,1.11903e+01,3.42247e+00,2.98326e-01,1.23999e+00,7.47698e+00
1.12572e+00,1.00543e+02,1.81996e-01,4.55196e+01,3.54797e-01,6.94250e-01,1.73757e+00,7.64153e+00,2.49303e+00,1.90785e+01,3.50924e-01,1.70064e+02,3.75907e+00,1.24226e+00,6.74441e-01,1.10780e+01,3.41973e+00,2.97764e-01,1.23852e+00,7.51377e+00
1.12397e+00,9.89954e+01,1.81643e-01,4.48898e+01,3.54136e-01,6.93381e-01,1.73569e+00,7.61647e+00,2.48902e+00,1.89625e+01,3.50541e-01,1.67452e+02,3.75169e+00,1.24021e+00,6.73607e-01,1.09691e+01,3.41699e+00,2.97199e-01,1.23703e+00,7.55211e+00
1.12221e+00,9.74825e+01,1.81305e-01,4.42760e+01,3.53502e-01,6.92510e-01,1.73384e+00,7.59250e+00,2.48501e+00,1.88500e+01,3.50906e-01,1.64902e+02,3.74429e+00,1.23816e+00,6.72772e-01,1.08643e+01,3.41426e+00,2.96637e-01,1.23557e+00,7.59160e+00
1.12045e+00,9.60021e+01,1.80975e-01,4.36760e+01,3.52910e-01,6.91637e-01,1.73199e+00,7.56897e+00,2.48096e+00,1.87406e+01,3.51499e-01,1.62410e+02,3.73697e+00,1.23611e+00,6.71945e-01,1.07626e+01,3.41149e+00,2.96071e-01,1.23410e+00,7.63091e+00
1.11867e+00,9.45485e+01,1.80641e-01,4.30913e+01,3.52349e-01,6.90772e-01,1.73014e+00,7.54645e+00,2.47692e+00,1.86350e+01,3.52130e-01,1.59976e+02,3.72972e+00,1.23406e+00,6.71129e-01,1.06651e+01,3.40869e+00,2.95506e-01,1.23429e+00,7.66937e+00
1.11693e+00,9.31245e+01,1.80313e-01,4.25202e+01,3.51764e-01,6.89913e-01,1.72828e+00,7.52477e+00,2.47521e+00,1.85317e+01,3.52432e-01,1.57598e+02,3.72248e+00,1.23200e+00,6.70310e-01,1.05719e+01,3.40840e+00,2.94942e-01,1.23576e+00,7.70603e+00
1.11519e+00,9.17278e+01,1.79989e-01,4.19627e+01,3.51133e-01,6.89055e-01,1.72643e+00,7.50572e+00,2.47396e+00,1.84322e+01,3.52506e-01,1.55277e+02,3.71537e+00,1.22993e+00,6.69484e-01,1.04832e+01,3.40828e+00,2.94901e-01,1.23812e+00,7.74031e+00
1.11342e+00,9.03576e+01,1.79661e-01,4.14189e+01,3.51579e-01,6.88205e-01,1.72466e+00,7.48813e+00,2.47282e+00,1.83352e+01,3.52528e-01,1.53009e+02,3.70825e+00,1.22786e+00,6.68651e-01,1.03987e+01,3.40780e+00,2.95433e-01,1.24540e+00,7.77138e+00
1.11167e+00,8.90143e+01,1.79328e-01,4.08891e+01,3.52052e-01,6.87348e-01,1.72292e+00,7.47092e+00,2.47220e+00,1.82411e+01,3.52474e-01,1.50795e+02,3.70116e+00,1.22581e+00,6.67822e-01,1.03190e+01,3.40684e+00,2.95405e-01,1.25296e+00,7.79876e+00
1.10992e+00,8.76963e+01,1.79070e-01,4.03740e+01,3.52395e-01,6.89677e-01,1.72232e+00,7.45418e+00,2.47196e+00,1.81496e+01,3.53748e-01,1.48629e+02,3.69414e+00,1.22375e+00,6.67575e-01,1.02432e+01,3.41072e+00,2.95635e-01,1.26262e+00,7.82171e+00
1.10816e+00,8.64034e+01,1.79137e-01,3.98812e+01,3.52943e-01,6.91772e-01,1.72166e+00,7.43869e+00,2.47186e+00,1.80607e+01,3.55780e-01,1.46515e+02,3.68751e+00,1.22172e+00,6.67190e-01,1.01717e+01,3.41367e+00,2.99802e-01,1.27139e+00,7.84124e+00
1.10901e+00,8.51659e+01,1.80694e-01,3.94000e+01,3.53381e-01,6.94431e-01,1.72073e+00,7.42375e+00,2.47431e+00,1.79746e+01,3.58204e-01,1.44452e+02,3.68094e+00,1.22063e+00,6.66808e-01,1.01040e+01,3.41440e+00,3.04038e-01,1.28004e+00,7.85559e+00
1.11051e+00,8.39793e+01,1.83153e-01,3.89258e+01,3.53648e-01,6.96228e-01,1.71939e+00,7.41046e+00,2.48133e+00,1.78907e+01,3.59998e-01,1.42440e+02,3.67438e+00,1.22024e+00,6.66510e-01,1.00408e+01,3.41321e+00,3.08170e-01,1.28910e+00,7.86647e+00
1.11206e+00,8.27812e+01,1.86125e-01,3.84604e+01,3.53875e-01,6.97429e-01,1.71784e+00,7.39789e+00,2.49481e+00,1.78089e+01,3.61372e-01,1.40473e+02,3.66780e+00,1.22084e+00,6.67614e-01,9.98155e+00,3.41067e+00,3.15668e-01,1.29924e+00,7.87250e+00
1.11423e+00,8.15689e+01,1.89006e-01,3.80066e+01,3.54033e-01,6.98187e-01,1.71594e+00,7.38580e+00,2.51370e+00,1.77297e+01,3.62429e-01,1.38551e+02,3.66112e+00,1.22313e+00,6.68265e-01,9.92625e+00,3.40791e+00,3.25964e-01,1.31109e+00,7.87243e+00
1.11973e+00,8.03915e+01,1.91885e-01,3.75648e+01,3.54116e-01,6.98681e-01,1.71429e+00,7.37382e+00,2.53744e+00,1.76524e+01,3.63178e-01,1.36673e+02,3.65455e+00,1.22728e+00,6.68972e-01,9.87340e+00,3.40510e+00,3.36126e-01,1.32502e+00,7.86651e+00
1.13211e+00,7.92411e+01,1.94873e-01,3.71343e+01,3.54071e-01,6.99028e-01,1.71298e+00,7.36231e+00,2.56682e+00,1.75782e+01,3.63570e-01,1.34839e+02,3.64812e+00,1.23294e+00,6.70122e-01,9.82329e+00,3.40231e+00,3.43604e-01,1.34104e+00,7.85459e+00
1.15404e+00,7.81141e+01,1.97749e-01,3.67145e+01,3.53851e-01,6.99190e-01,1.71204e+00,7.35148e+00,2.60255e+00,1.75060e+01,3.63747e-01,1.33047e+02,3.64188e+00,1.24009e+00,6.71684e-01,9.77485e+00,3.39986e+00,3.47626e-01,1.35901e+00,7.83734e+00
1.18507e+00,7.70092e+01,2.00105e-01,3.63055e+01,3.53479e-01,6.99230e-01,1.71164e+00,7.34147e+00,2.64398e+00,1.74361e+01,3.63763e-01,1.31296e+02,3.63587e+00,1.24983e+00,6.73685e-01,9.72824e+00,3.39777e+00,3.48460e-01,1.37813e+00,7.81561e+00
1.22183e+00,7.59251e+01,2.01402e-01,3.59081e+01,3.52954e-01,6.99014e-01,1.71190e+00,7.33208e+00,2.68920e+00,1.73684e+01,3.63711e-01,1.29583e+02,3.63012e+00,1.26343e+00,6.76049e-01,9.68288e+00,3.39590e+00,3.46990e-01,1.39725e+00,7.78964e+00
1.25966e+00,7.48607e+01,2.01402e-01,3.55230e+01,3.52331e-01,6.98628e-01,1.71293e+00,7.32332e+00,2.73552e+00,1.73028e+01,3.63630e-01,1.27905e+02,3.62475e+00,1.28117e+00,6.78810e-01,9.63949e+00,3.39399e+00,3.43949e-01,1.41519e+00,7.76040e+00
1.29460e+00,7.38156e+01,2.00189e-01,3.51511e+01,3.51720e-01,6.97981e-01,1.71452e+00,7.31505e+00,2.78010e+00,1.72392e+01,3.63496e-01,1.26264e+02,3.61967e+00,1.30164e+00,6.81990e-01,9.59775e+00,3.39192e+00,3.39915e-01,1.43087e+00,7.72787e+00
1.32481e+00,7.27893e+01,1.97993e-01,3.47936e+01,3.51204e-01,6.97169e-01,1.71627e+00,7.30733e+00,2.82069e+00,1.71778e+01,3.63350e-01,1.24655e+02,3.61488e+00,1.32216e+00,6.85591e-01,9.55920e+00,3.38947e+00,3.35213e-01,1.44389e+00,7.69270e+00
1.35055e+00,7.17811e+01,1.95244e-01,3.44516e+01,3.50797e-01,6.96257e-01,1.71764e+00,7.30029e+00,2.85537e+00,1.71183e+01,3.63220e-01,1.23077e+02,3.61040e+00,1.34014e+00,6.89525e-01,9.52396e+00,3.38652e+00,3.30115e-01,1.45413e+00,7.65516e+00
1.37320e+00,7.07920e+01,1.92183e-01,3.41262e+01,3.50538e-01,6.95268e-01,1.71828e+00,7.29459e+00,2.88334e+00,1.70612e+01,3.63127e-01,1.21529e+02,3.60608e+00,1.35401e+00,6.93804e-01,9.49358e+00,3.38306e+00,3.24922e-01,1.46182e+00,7.61554e+00
1.39396e+00,6.98215e+01,1.89112e-01,3.38198e+01,3.50461e-01,6.94203e-01,1.71797e+00,7.28981e+00,2.90509e+00,1.70059e+01,3.63106e-01,1.20015e+02,3.60195e+00,1.36347e+00,6.98347e-01,9.46777e+00,3.37907e+00,3.19877e-01,1.46750e+00,7.57408e+00
1.41256e+00,6.88687e+01,1.86289e-01,3.35353e+01,3.50532e-01,6.93130e-01,1.71666e+00,7.28625e+00,2.92189e+00,1.69529e+01,3.63128e-01,1.18530e+02,3.59811e+00,1.36912e+00,7.03273e-01,9.44706e+00,3.37448e+00,3.15138e-01,1.47159e+00,7.53199e+00
1.42731e+00,6.79340e+01,1.83757e-01,3.32746e+01,3.50731e-01,6.92042e-01,1.71448e+00,7.28330e+00,2.93551e+00,1.69017e+01,3.63233e-01,1.17080e+02,3.59452e+00,1.37203e+00,7.08624e-01,9.43026e+00,3.36932e+00,3.10789e-01,1.47489e+00,7.48923e+00
1.43614e+00,6.70182e+01,1.81545e-01,3.30400e+01,3.51040e-01,6.91020e-01,1.71170e+00,7.28094e+00,2.94748e+00,1.68526e+01,3.63426e-01,1.15660e+02,3.59117e+00,1.37315e+00,7.14575e-01,9.41673e+00,3.36363e+00,3.06917e-01,1.47761e+00,7.44625e+00
1.43764e+00,6.61205e+01,1.79687e-01,3.28321e+01,3.51363e-01,6.90078e-01,1.70856e+00,7.27905e+00,2.95906e+00,1.68053e+01,3.63658e-01,1.14276e+02,3.58817e+00,1.37324e+00,7.21220e-01,9.40539e+00,3.35743e+00,3.03542e-01,1.48021e+00,7.40363e+00
1.43173e+00,6.52407e+01,1.78099e-01,3.26501e+01,3.51653e-01,6.89253e-01,1.70533e+00,7.27755e+00,2.97080e+00,1.67596e+01,3.63930e-01,1.12924e+02,3.58553e+00,1.37261e+00,7.28645e-01,9.39520e+00,3.35084e+00,3.00739e-01,1.48284e+00,7.36166e+00
1.41932e+00,6.43795e+01,1.76809e-01,3.24930e+01,3.51833e-01,6.88585e-01,1.70222e+00,7.27638e+00,2.98281e+00,1.67160e+01,3.64201e-01,1.11604e+02,3.58333e+00,1.37134e+00,7.36845e-01,9.38543e+00,3.34399e+00,2.98362e-01,1.48548e+00,7.32066e+00
1.40199e+00,6.35364e+01,1.75768e-01,3.23591e+01,3.51824e-01,6.88089e-01,1.69932e+00,7.27542e+00,2.99475e+00,1.66743e+01,3.64412e-01,1.10316e+02,3.58148e+00,1.36927e+00,7.45734e-01,9.37588e+00,3.33704e+00,2.96373e-01,1.48817e+00,7.28092e+00
1.38151e+00,6.27112e+01,1.74889e-01,3.22438e+01,3.51599e-01,6.87749e-01,1.69666e+00,7.27455e+00,3.00582e+00,1.66348e+01,3.64548e-01,1.09048e+02,3.58009e+00,1.36632e+00,7.55181e-01,9.36618e+00,3.33005e+00,2.94706e-01,1.49073e+00,7.24250e+00
1.35926e+00,6.19046e+01,1.74141e-01,3.21436e+01,3.51122e-01,6.87620e-01,1.69432e+00,7.27424e+00,3.01510e+00,1.65977e+01,3.64555e-01,1.07800e+02,3.57898e+00,1.36225e+00,7.65103e-01,9.35648e+00,3.32308e+00,2.93323e-01,1.49296e+00,7.20580e+00
1.33647e+00,6.11154e+01,1.73525e-01,3.20552e+01,3.50366e-01,6.87665e-01,1.69231e+00,7.27426e+00,3.02163e+00,1.65634e+01,3.64413e-01,1.06571e+02,3.57818e+00,1.35701e+00,7.75418e-01,9.34753e+00,3.31612e+00,2.92173e-01,1.49494e+00,7.17113e+00
1.31390e+00,6.03434e+01,1.73007e-01,3.19737e+01,3.49273e-01,6.87940e-01,1.69062e+00,7.27438e+00,3.02462e+00,1.65321e+01,3.64156e-01,1.05351e+02,3.57762e+00,1.35052e+00,7.86039e-01,9.33945e+00,3.30922e+00,2.91201e-01,1.49639e+00,7.13812e+00
1.29211e+00,5.95875e+01,1.72548e-01,3.18962e+01,3.47917e-01,6.88513e-01,1.68921e+00,7.27482e+00,3.02356e+00,1.65048e+01,3.63757e-01,1.04145e+02,3.57726e+00,1.34282e+00,7.96887e-01,9.33275e+00,3.30247e+00,2.90328e-01,1.49751e+00,7.10710e+00
1.27141e+00,5.88475e+01,1.72149e-01,3.18180e+01,3.46386e-01,6.89372e-01,1.68804e+00,7.27551e+00,3.01812e+00,1.64815e+01,3.63255e-01,1.02950e+02,3.57701e+00,1.33407e+00,8.07828e-01,9.32746e+00,3.29580e+00,2.89534e-01,1.49801e+00,7.07768e+00
1.25189e+00,5.81232e+01,1.71770e-01,3.17345e+01,3.44717e-01,6.90617e-01,1.68708e+00,7.27624e+00,3.00833e+00,1.64629e+01,3.62686e-01,1.01765e+02,3.57683e+00,1.32445e+00,8.18574e-01,9.32341e+00,3.28926e+00,2.88829e-01,1.49805e+00,7.04972e+00
1.23364e+00,5.74141e+01,1.71409e-01,3.16435e+01,3.42958e-01,6.92148e-01,1.68635e+00,7.27699e+00,2.99462e+00,1.64492e+01,3.62099e-01,1.00596e+02,3.57671e+00,1.31416e+00,8.28860e-01,9.32062e+00,3.28283e+00,2.88135e-01,1.49753e+00,7.02318e+00
1.21664e+00,5.67192e+01,1.71080e-01,3.15413e+01,3.41164e-01,6.93974e-01,1.68581e+00,7.27747e+00,2.97762e+00,1.64409e+01,3.61539e-01,9.94426e+01,3.57652e+00,1.30349e+00,8.38374e-01,9.31838e+00,3.27655e+00,2.87448e-01,1.49650e+00,6.99736e+00
1.20087e+00,5.60386e+01,1.70794e-01,3.14255e+01,3.39387e-01,6.96087e-01,1.68546e+00,7.27806e+00,2.95788e+00,1.64384e+01,3.61030e-01,9.83056e+01,3.57616e+00,1.29267e+00,8.46732e-01,9.31678e+00,3.27039e+00,2.86761e-01,1.49497e+00,6.97231e+00
1.18627e+00,5.53717e+01,1.70493e-01,3.12963e+01,3.37697e-01,6.98316e-01,1.68531e+00,7.27810e+00,2.93626e+00,1.64414e+01,3.60602e-01,9.71869e+01,3.57553e+00,1.28200e+00,8.53677e-01,9.31530e+00,3.26436e+00,2.86043e-01,1.49308e+00,6.94757e+00
1.17280e+00,5.47183e+01,1.70185e-01,3.11538e+01,3.36129e-01,7.00604e-01,1.68539e+00,7.27791e+00,2.91326e+00,1.64495e+01,3.60276e-01,9.60869e+01,3.57446e+00,1.27168e+00,8.58977e-01,9.31404e+00,3.25841e+00,2.85301e-01,1.49093e+00,6.92295e+00
1.16040e+00,5.40791e+01,1.69870e-01,3.10000e+01,3.34655e-01,7.02811e-01,1.68570e+00,7.27711e+00,2.88948e+00,1.64624e+01,3.60084e-01,9.50086e+01,3.57272e+00,1.26186e+00,8.62550e-01,9.31312e+00,3.25251e+00,2.84529e-01,1.48851e+00,6.89836e+00
1.14902e+00,5.34533e+01,1.69569e-01,3.08380e+01,3.33254e-01,7.04788e-01,1.68627e+00,7.27587e+00,2.86547e+00,1.64794e+01,3.59984e-01,9.39495e+01,3.57023e+00,1.25268e+00,8.64426e-01,9.31275e+00,3.24665e+00,2.83718e-01,1.48609e+00,6.87371e+00
1.13862e+00,5.28404e+01,1.69278e-01,3.06713e+01,3.31944e-01,7.06529e-01,1.68715e+00,7.27418e+00,2.84134e+00,1.64986e+01,3.59960e-01,9.29123e+01,3.56686e+00,1.24423e+00,8.64750e-01,9.31327e+00,3.24088e+00,2.82873e-01,1.48372e+00,6.84907e+00
1.12914e+00,5.22405e+01,1.68981e-01,3.05027e+01,3.30758e-01,7.07956e-01,1.68834e+00,7.27199e+00,2.81752e+00,1.65197e+01,3.60000e-01,9.18946e+01,3.56246e+00,1.23658e+00,8.63733e-01,9.31483e+00,3.23521e+00,2.82026e-01,1.48158e+00,6.82465e+00
1.12053e+00,5.16531e+01,1.68679e-01,3.03345e+01,3.29659e-01,7.08998e-01,1.68985e+00,7.26924e+00,2.79410e+00,1.65406e+01,3.60048e-01,9.08971e+01,3.55704e+00,1.22971e+00,8.61603e-01,9.31793e+00,3.22961e+00,2.81166e-01,1.47978e+00,6.80060e+00
1.11272e+00,5.10780e+01,1.68381e-01,3.01671e+01,3.28648e-01,7.09704e-01,1.69166e+00,7.26608e+00,2.77109e+00,1.65604e+01,3.60099e-01,8.99220e+01,3.55053e+00,1.22360e+00,8.58696e-01,9.32274e+00,3.22408e+00,2.80318e-01,1.47825e+00,6.77716e+00
1.10564e+00,5.05149e+01,1.68097e-01,2.99991e+01,3.27729e-01,7.10049e-01,1.69382e+00,7.26249e+00,2.74856e+00,1.65780e+01,3.60118e-01,8.89653e+01,3.54298e+00,1.21819e+00,8.55221e-01,9.32948e+00,3.21865e+00,2.79470e-01,1.47706e+00,6.75462e+00
1.09924e+00,4.99635e+01,1.67833e-01,2.98279e+01,3.26889e-01,7.10115e-01,1.69632e+00,7.25838e+00,2.72648e+00,1.65924e+01,3.60061e-01,8.80290e+01,3.53442e+00,1.21342e+00,8.51407e-01,9.33840e+00,3.21338e+00,2.78641e-01,1.47616e+00,6.73329e+00
1.09343e+00,4.94226e+01,1.67556e-01,2.96519e+01,3.26087e-01,7.09999e-01,1.69912e+00,7.25389e+00,2.70484e+00,1.66032e+01,3.59921e-01,8.71123e+01,3.52502e+00,1.20917e+00,8.47393e-01,9.34930e+00,3.20824e+00,2.77841e-01,1.47539e+00,6.71329e+00
1.08820e+00,4.88922e+01,1.67269e-01,2.94675e+01,3.25372e-01,7.09735e-01,1.70216e+00,7.24907e+00,2.68366e+00,1.66102e+01,3.59679e-01,8.62148e+01,3.51492e+00,1.20542e+00,8.43263e-01,9.36269e+00,3.20325e+00,2.77075e-01,1.47464e+00,6.69485e+00
1.08344e+00,4.83732e+01,1.66966e-01,2.92728e+01,3.24695e-01,7.09446e-01,1.70545e+00,7.24385e+00,2.66305e+00,1.66126e+01,3.59329e-01,8.53374e+01,3.50428e+00,1.20198e+00,8.39082e-01,9.37791e+00,3.19852e+00,2.76340e-01,1.47374e+00,6.67836e+00
1.07913e+00,4.78634e+01,1.66667e-01,2.90724e+01,3.24011e-01,7.10489e-01,1.71003e+00,7.23840e+00,2.64293e+00,1.66126e+01,3.58881e-01,8.44807e+01,3.49324e+00,1.19881e+00,8.34836e-01,9.39536e+00,3.19411e+00,2.75639e-01,1.47282e+00,6.66385e+00
1.07518e+00,4.73634e+01,1.66372e-01,2.88605e+01,3.23342e-01,7.13588e-01,1.71401e+00,7.23518e+00,2.62347e+00,1.66085e+01,3.58713e-01,8.36426e+01,3.48199e+00,1.19580e+00,8.30569e-01,9.41422e+00,3.19018e+00,2.74968e-01,1.47198e+00,6.65105e+00
1.07159e+00,4.68723e+01,1.66070e-01,2.86426e+01,3.22713e-01,7.18663e-01,1.71865e+00,7.23695e+00,2.60466e+00,1.66018e+01,3.58531e-01,8.28245e+01,3.47066e+00,1.19288e+00,8.26396e-01,9.43470e+00,3.18791e+00,2.74303e-01,1.47096e+00,6.64035e+00
1.06826e+00,4.63918e+01,1.65761e-01,2.84180e+01,3.22102e-01,7.24377e-01,1.72296e+00,7.24162e+00,2.58666e+00,1.65928e+01,3.58454e-01,8.20255e+01,3.45939e+00,1.18995e+00,8.22174e-01,9.45606e+00,3.18603e+00,2.73673e-01,1.46976e+00,6.63128e+00
1.06520e+00,4.59196e+01,1.65460e-01,2.81895e+01,3.21515e-01,7.29960e-01,1.72706e+00,7.24965e+00,2.56945e+00,1.65814e+01,3.58386e-01,8.12456e+01,3.44829e+00,1.18700e+00,8.17778e-01,9.47797e+00,3.18503e+00,2.73050e-01,1.46834e+00,6.62370e+00
1.06235e+00,4.54555e+01,1.65168e-01,2.79632e+01,3.20930e-01,7.36487e-01,1.73139e+00,7.25991e+00,2.55313e+00,1.65679e+01,3.58276e-01,8.04873e+01,3.43747e+00,1.18399e+00,8.13140e-01,9.50007e+00,3.18501e+00,2.72453e-01,1.46683e+00,6.61751e+00
1.05968e+00,4.50005e+01,1.64893e-01,2.77447e+01,3.20370e-01,7.45032e-01,1.73645e+00,7.27014e+00,2.53777e+00,1.65527e+01,3.58082e-01,7.97463e+01,3.42690e+00,1.18089e+00,8.08146e-01,9.52163e+00,3.18616e+00,2.71869e-01,1.46525e+00,6.61215e+00
1.05719e+00,4.45540e+01,1.64608e-01,2.75362e+01,3.19832e-01,7.57472e-01,1.74299e+00,7.28057e+00,2.52331e+00,1.65362e+01,3.57875e-01,7.90230e+01,3.41667e+00,1.17770e+00,8.02740e-01,9.54232e+00,3.18855e+00,2.71301e-01,1.46335e+00,6.60731e+00
1.05481e+00,4.41161e+01,1.64308e-01,2.73428e+01,3.19329e-01,7.79417e-01,1.75195e+00,7.29133e+00,2.50989e+00,1.65188e+01,3.57751e-01,7.83163e+01,3.40674e+00,1.17440e+00,7.96915e-01,9.56180e+00,3.19230e+00,2.70750e-01,1.46088e+00,6.60275e+00
1.05259e+00,4.36871e+01,1.64008e-01,2.71683e+01,3.18861e-01,8.22664e-01,1.76405e+00,7.30142e+00,2.49740e+00,1.65004e+01,3.57790e-01,7.76279e+01,3.39709e+00,1.17114e+00,7.90746e-01,9.57956e+00,3.19724e+00,2.70214e-01,1.45737e+00,6.59817e+00
1.05047e+00,4.32672e+01,1.63717e-01,2.70105e+01,3.18397e-01,8.96039e-01,1.77940e+00,7.31062e+00,2.48582e+00,1.64817e+01,3.58040e-01,7.69545e+01,3.38769e+00,1.16783e+00,7.84296e-01,9.59524e+00,3.20338e+00,2.69678e-01,1.45268e+00,6.59334e+00
1.04842e+00,4.28560e+01,1.63437e-01,2.68611e+01,3.17945e-01,9.91470e-01,1.79695e+00,7.31968e+00,2.47518e+00,1.64626e+01,3.58472e-01,7.62954e+01,3.37856e+00,1.16453e+00,7.77732e-01,9.60852e+00,3.21066e+00,2.69159e-01,1.44688e+00,6.58805e+00
1.04648e+00,4.24539e+01,1.63151e-01,2.67099e+01,3.17523e-01,1.09482e+00,1.81458e+00,7.32993e+00,2.46531e+00,1.64435e+01,3.59046e-01,7.56520e+01,3.36967e+00,1.16126e+00,7.71107e-01,9.61902e+00,3.21897e+00,2.68648e-01,1.43982e+00,6.58209e+00
1.04461e+00,4.20615e+01,1.62853e-01,2.65523e+01,3.17103e-01,1.20349e+00,1.82980e+00,7.34303e+00,2.45633e+00,1.64244e+01,3.59701e-01,7.50193e+01,3.36096e+00,1.15803e+00,7.64547e-01,9.62655e+00,3.22823e+00,2.68139e-01,1.43191e+00,6.57545e+00
1.04277e+00,4.16786e+01,1.62553e-01,2.63909e+01,3.16698e-01,1.30505e+00,1.84052e+00,7.35961e+00,2.44804e+00,1.64053e+01,3.60391e-01,7.43987e+01,3.35238e+00,1.15487e+00,7.58163e-01,9.63084e+00,3.23830e+00,2.67634e-01,1.42336e+00,6.56790e+00
1.04097e+00,4.13060e+01,1.62260e-01,2.62341e+01,3.16272e-01,1.36981e+00,1.84576e+00,7.38047e+00,2.44046e+00,1.63864e+01,3.61097e-01,7.37903e+01,3.34391e+00,1.15178e+00,7.52058e-01,9.63171e+00,3.24906e+00,2.67133e-01,1.41437e+00,6.55944e+00
1.03923e+00,4.09436e+01,1.61987e-01,2.60895e+01,3.15831e-01,1.38486e+00,1.84591e+00,7.40587e+00,2.43348e+00,1.63676e+01,3.61807e-01,7.31919e+01,3.33550e+00,1.14878e+00,7.46360e-01,9.62900e+00,3.26031e+00,2.66631e-01,1.40520e+00,6.55003e+00
1.03753e+00,4.05913e+01,1.61712e-01,2.59629e+01,3.15371e-01,1.36278e+00,1.84240e+00,7.43457e+00,2.42704e+00,1.63489e+01,3.62533e-01,7.26032e+01,3.32718e+00,1.14587e+00,7.41193e-01,9.62297e+00,3.27195e+00,2.66143e-01,1.39608e+00,6.53984e+00
1.03581e+00,4.02504e+01,1.61426e-01,2.58583e+01,3.14895e-01,1.32412e+00,1.83718e+00,7.46565e+00,2.42110e+00,1.63303e+01,3.63276e-01,7.20233e+01,3.31890e+00,1.14302e+00,7.36772e-01,9.61317e+00,3.28404e+00,2.65667e-01,1.38702e+00,6.52859e+00
1.03414e+00,3.99209e+01,1.61137e-01,2.57767e+01,3.14400e-01,1.28558e+00,1.83203e+00,7.49720e+00,2.41561e+00,1.63116e+01,3.64054e-01,7.14529e+01,3.31064e+00,1.14030e+00,7.33362e-01,9.60018e+00,3.29662e+00,2.65197e-01,1.37804e+00,6.51637e+00
1.03249e+00,3.96032e+01,1.60849e-01,2.57158e+01,3.13858e-01,1.25719e+00,1.82832e+00,7.52699e+00,2.41054e+00,1.62929e+01,3.64856e-01,7.08919e+01,3.30236e+00,1.13766e+00,7.31172e-01,9.58374e+00,3.30970e+00,2.64717e-01,1.36932e+00,6.50349e+00
1.03085e+00,3.92979e+01,1.60574e-01,2.56702e+01,3.13275e-01,1.24346e+00,1.82686e+00,7.55312e+00,2.40569e+00,1.62740e+01,3.65679e-01,7.03382e+01,3.29411e+00,1.13513e+00,7.30494e-01,9.56427e+00,3.32331e+00,2.64235e-01,1.36079e+00,6.48985e+00
1.02924e+00,3.90057e+01,1.60294e-01,2.56343e+01,3.12697e-01,1.24489e+00,1.82789e+00,7.57435e+00,2.40113e+00,1.62549e+01,3.66510e-01,6.97940e+01,3.28590e+00,1.13267e+00,7.31469e-01,9.54169e+00,3.33745e+00,2.63761e-01,1.35248e+00,6.47545e+00
1.02764e+00,3.87267e+01,1.60014e-01,2.56024e+01,3.12110e-01,1.25884e+00,1.83130e+00,7.58971e+00,2.39669e+00,1.62354e+01,3.67348e-01,6.92574e+01,3.27768e+00,1.13028e+00,7.34192e-01,9.51653e+00,3.35200e+00,2.63290e-01,1.34450e+00,6.46050e+00
1.02607e+00,3.84614e+01,1.59755e-01,2.55700e+01,3.11517e-01,1.28039e+00,1.83670e+00,7.59904e+00,2.39237e+00,1.62157e+01,3.68181e-01,6.87275e+01,3.26953e+00,1.12798e+00,7.38651e-01,9.48882e+00,3.36675e+00,2.62818e-01,1.33685e+00,6.44528e+00
1.02449e+00,3.82100e+01,1.59538e-01,2.55341e+01,3.10913e-01,1.30360e+00,1.84356e+00,7.60283e+00,2.38813e+00,1.61957e+01,3.68978e-01,6.82066e+01,3.26145e+00,1.12575e+00,7.44633e-01,9.45899e+00,3.38134e+00,2.62349e-01,1.32949e+00,6.42974e+00
1.02292e+00,3.79732e+01,1.59348e-01,2.54936e+01,3.10308e-01,1.32290e+00,1.85145e+00,7.60166e+00,2.38389e+00,1.61755e+01,3.69705e-01,6.76932e+01,3.25341e+00,1.12357e+00,7.51762e-01,9.42711e+00,3.39536e+00,2.61883e-01,1.32247e+00,6.41409e+00
1.02137e+00,3.77499e+01,1.59164e-01,2.54492e+01,3.09715e-01,1.33426e+00,1.85995e+00,7.59689e+00,2.37962e+00,1.61552e+01,3.70356e-01,6.71869e+01,3.24548e+00,1.12144e+00,7.59645e-01,9.39376e+00,3.40840e+00,2.61419e-01,1.31571e+00,6.39848e+00
1.01982e+00,3.75398e+01,1.58973e-01,2.54012e+01,3.09159e-01,1.33561e+00,1.86897e+00,7.58895e+00,2.37529e+00,1.61349e+01,3.70939e-01,6.66877e+01,3.23764e+00,1.11935e+00,7.67884e-01,9.35920e+00,3.41992e+00,2.60958e-01,1.30922e+00,6.38305e+00
1.01826e+00,3.73428e+01,1.58784e-01,2.53508e+01,3.08598e-01,1.32675e+00,1.87860e+00,7.57929e+00,2.37091e+00,1.61148e+01,3.71439e-01,6.61963e+01,3.22993e+00,1.11729e+00,7.76073e-01,9.32336e+00,3.42954e+00,2.60499e-01,1.30297e+00,6.36798e+00
1.01670e+00,3.71576e+01,1.58596e-01,2.52995e+01,3.08024e-01,1.30888e+00,1.88917e+00,7.56801e+00,2.36642e+00,1.60950e+01,3.71875e-01,6.57132e+01,3.22233e+00,1.11530e+00,7.83826e-01,9.28694e+00,3.43675e+00,2.60027e-01,1.29704e+00,6.35334e+00
1.01512e+00,3.69834e+01,1.65410e-01,2.52484e+01,3.19174e-01,1.28384e+00,1.90128e+00,7.55575e+00,2.37008e+00,1.60812e+01,3.72229e-01,6.52387e+01,3.21484e+00,1.11338e+00,7.90856e-01,9.24993e+00,3.44253e+00,2.71836e-01,1.29138e+00,6.33923e+00
1.02111e+00,3.68264e+01,1.76471e-01,2.52146e+01,3.56711e-01,1.25379e+00,1.92164e+00,7.55351e+00,2.38086e+00,1.60699e+01,3.72538e-01,6.47722e+01,3.21540e+00,1.12391e+00,7.96952e-01,9.21809e+00,3.46015e+00,2.80529e-01,1.30111e+00,6.33444e+00
1.03131e+00,3.66720e+01,1.92345e-01,2.52027e+01,4.22505e-01,1.22092e+00,1.94619e+00,7.55649e+00,2.39267e+00,1.60637e+01,3.72832e-01,6.43144e+01,3.21785e+00,1.13566e+00,8.01956e-01,9.19219e+00,3.47784e+00,2.88607e-01,1.31408e+00,6.33901e+00
1.03853e+00,3.65303e+01,2.08034e-01,2.51967e+01,5.20342e-01,1.18698e+00,1.97810e+00,7.55311e+00,2.40491e+00,1.60634e+01,3.73117e-01,6.38667e+01,3.22234e+00,1.14606e+00,8.05798e-01,9.16805e+00,3.49279e+00,3.00408e-01,1.33243e+00,6.34300e+00
1.04342e+00,3.63978e+01,2.21951e-01,2.51691e+01,6.39110e-01,1.15395e+00,2.01618e+00,7.54554e+00,2.41713e+00,1.60641e+01,3.73399e-01,6.34250e+01,3.23075e+00,1.15788e+00,8.08497e-01,9.15224e+00,3.50061e+00,3.14451e-01,1.35260e+00,6.35225e+00
1.05105e+00,3.62699e+01,2.34222e-01,2.51368e+01,7.81934e-01,1.12211e+00,2.05992e+00,7.53548e+00,2.42848e+00,1.60670e+01,3.73674e-01,6.29924e+01,3.23558e+00,1.17087e+00,8.10093e-01,9.15197e+00,3.50236e+00,3.27780e-01,1.37457e+00,6.36162e+00
1.06355e+00,3.61468e+01,2.45639e-01,2.51064e+01,9.18184e-01,1.09239e+00,2.10852e+00,7.52114e+00,2.43968e+00,1.60724e+01,3.73951e-01,6.25690e+01,3.23457e+00,1.18371e+00,8.10751e-01,9.15981e+00,3.49944e+00,3.39225e-01,1.39839e+00,6.36668e+00
1.08101e+00,3.60289e+01,2.55768e-01,2.50733e+01,1.01100e+00,1.06505e+00,2.15796e+00,7.50304e+00,2.45202e+00,1.60801e+01,3.74206e-01,6.21546e+01,3.23158e+00,1.19548e+00,8.10644e-01,9.16490e+00,3.49232e+00,3.49040e-01,1.42278e+00,6.36747e+00
1.10272e+00,3.59141e+01,2.63122e-01,2.50425e+01,1.06918e+00,1.04044e+00,2.20408e+00,7.48263e+00,2.46648e+00,1.60900e+01,3.74433e-01,6.17489e+01,3.23052e+00,1.20681e+00,8.10000e-01,9.16020e+00,3.48220e+00,3.57797e-01,1.44634e+00,6.36673e+00
1.12759e+00,3.58013e+01,2.66345e-01,2.50171e+01,1.12564e+00,1.01879e+00,2.24315e+00,7.46043e+00,2.48360e+00,1.61015e+01,3.74592e-01,6.13538e+01,3.23325e+00,1.21949e+00,8.09006e-01,9.14350e+00,3.46986e+00,3.65783e-01,1.46923e+00,6.36585e+00
1.15447e+00,3.56901e+01,2.65053e-01,2.49985e+01,1.19532e+00,1.00008e+00,2.27114e+00,7.43695e+00,2.50371e+00,1.61146e+01,3.74659e-01,6.09657e+01,3.24035e+00,1.23429e+00,8.07918e-01,9.11742e+00,3.45650e+00,3.72586e-01,1.49161e+00,6.36582e+00
1.18237e+00,3.55800e+01,2.59820e-01,2.49837e+01,1.25907e+00,9.84157e-01,2.28495e+00,7.41284e+00,2.52681e+00,1.61297e+01,3.74600e-01,6.05866e+01,3.25173e+00,1.25043e+00,8.06885e-01,9.08972e+00,3.44391e+00,3.77384e-01,1.51268e+00,6.36675e+00
1.21079e+00,3.54717e+01,2.51818e-01,2.49670e+01,1.28750e+00,9.70846e-01,2.28398e+00,7.38890e+00,2.55276e+00,1.61471e+01,3.74408e-01,6.02177e+01,3.26697e+00,1.26617e+00,8.06007e-01,9.06916e+00,3.43323e+00,3.79435e-01,1.53218e+00,6.36833e+00
1.23979e+00,3.53647e+01,2.42397e-01,2.49438e+01,1.27020e+00,9.59859e-01,2.26959e+00,7.36624e+00,2.58116e+00,1.61668e+01,3.74067e-01,5.98568e+01,3.28530e+00,1.28007e+00,8.05360e-01,9.06040e+00,3.42426e+00,3.78389e-01,1.54999e+00,6.37057e+00
1.26943e+00,3.52587e+01,2.32608e-01,2.49113e+01,1.21743e+00,9.50958e-01,2.24476e+00,7.34529e+00,2.61103e+00,1.61891e+01,3.73552e-01,5.95063e+01,3.30552e+00,1.29160e+00,8.04880e-01,9.06175e+00,3.41606e+00,3.74584e-01,1.56608e+00,6.37364e+00
1.29912e+00,3.51531e+01,2.23291e-01,2.48703e+01,1.14594e+00,9.43890e-01,2.21282e+00,7.32648e+00,2.64121e+00,1.62137e+01,3.72864e-01,5.91675e+01,3.32628e+00,1.30102e+00,8.04449e-01,9.06652e+00,3.40802e+00,3.68749e-01,1.58100e+00,6.37798e+00
1.32730e+00,3.50457e+01,2.14859e-01,2.48258e+01,1.06921e+00,9.38365e-01,2.17676e+00,7.31037e+00,2.67068e+00,1.62403e+01,3.72012e-01,5.88399e+01,3.34623e+00,1.30907e+00,8.03933e-01,9.06713e+00,3.40059e+00,3.61924e-01,1.59503e+00,6.38375e+00
1.35191e+00,3.49361e+01,2.07615e-01,2.47823e+01,9.94973e-01,9.34118e-01,2.13885e+00,7.29716e+00,2.69875e+00,1.62684e+01,3.70986e-01,5.85257e+01,3.36431e+00,1.31639e+00,8.03201e-01,9.05919e+00,3.39493e+00,3.55305e-01,1.60857e+00,6.39136e+00
1.37125e+00,3.48216e+01,2.01583e-01,2.47449e+01,9.26162e-01,9.30835e-01,2.10095e+00,7.28697e+00,2.72492e+00,1.62975e+01,3.69796e-01,5.82246e+01,3.37963e+00,1.32338e+00,8.02113e-01,9.04289e+00,3.39206e+00,3.50277e-01,1.62083e+00,6.40064e+00
1.38425e+00,3.47017e+01,1.96760e-01,2.47162e+01,8.62973e-01,9.28207e-01,2.06430e+00,7.27977e+00,2.74919e+00,1.63271e+01,3.68437e-01,5.79394e+01,3.39185e+00,1.33015e+00,8.00502e-01,9.02143e+00,3.39248e+00,3.48489e-01,1.63206e+00,6.41078e+00
1.39087e+00,3.45751e+01,1.92960e-01,2.46973e+01,8.04796e-01,9.25990e-01,2.02963e+00,7.27513e+00,2.77188e+00,1.63566e+01,3.66942e-01,5.76692e+01,3.40102e+00,1.33654e+00,7.98277e-01,8.99804e+00,3.39556e+00,3.52238e-01,1.64190e+00,6.42119e+00
1.39899e+00,3.44413e+01,1.89977e-01,2.46872e+01,7.50785e-01,9.23938e-01,1.99742e+00,7.27275e+00,2.79324e+00,1.63854e+01,3.65323e-01,5.74150e+01,3.40741e+00,1.34225e+00,7.95387e-01,8.97634e+00,3.39979e+00,3.64536e-01,1.65057e+00,6.43116e+00
1.40721e+00,3.42998e+01,1.87613e-01,2.46835e+01,7.00619e-01,9.21933e-01,1.96783e+00,7.27264e+00,2.81653e+00,1.64132e+01,3.63601e-01,5.71776e+01,3.41222e+00,1.34698e+00,7.91765e-01,8.95725e+00,3.40337e+00,3.88874e-01,1.65832e+00,6.44180e+00
1.41039e+00,3.41511e+01,1.89436e-01,2.46831e+01,6.61045e-01,9.19732e-01,1.94092e+00,7.27460e+00,2.84752e+00,1.64411e+01,3.61829e-01,5.69585e+01,3.41453e+00,1.35159e+00,7.87443e-01,8.94079e+00,3.41064e+00,4.29899e-01,1.66528e+00,6.45117e+00
1.41397e+00,3.41003e+01,1.96574e-01,2.46823e+01,6.38690e-01,9.18752e-01,1.91670e+00,7.28004e+00,2.89315e+00,1.64715e+01,3.60014e-01,5.67718e+01,3.41569e+00,1.35610e+00,7.82423e-01,8.92697e+00,3.42139e+00,5.00965e-01,1.67412e+00,6.45985e+00
1.42798e+00,3.40865e+01,2.07942e-01,2.47288e+01,6.32054e-01,9.32072e-01,1.90805e+00,7.32170e+00,2.94840e+00,1.65030e+01,3.70237e-01,5.65956e+01,3.41661e+00,1.36023e+00,7.82684e-01,8.91573e+00,3.43561e+00,5.68078e-01,1.68275e+00,6.47049e+00
1.45106e+00,3.38698e+01,2.20672e-01,2.48922e+01,6.37594e-01,9.37314e-01,1.93887e+00,7.36858e+00,3.00744e+00,1.65403e+01,3.90482e-01,5.64425e+01,3.41872e+00,1.36276e+00,7.79395e-01,8.90908e+00,3.45285e+00,6.37475e-01,1.68984e+00,6.48387e+00
1.47864e+00,3.36737e+01,2.31603e-01,2.51172e+01,6.55771e-01,9.66610e-01,2.08978e+00,7.38273e+00,3.06437e+00,1.65849e+01,4.15101e-01,5.63098e+01,3.42111e+00,1.36466e+00,7.81378e-01,8.90724e+00,3.47442e+00,6.99148e-01,1.69573e+00,6.50338e+00
1.50988e+00,3.35103e+01,2.40201e-01,2.51885e+01,6.90541e-01,9.74518e-01,2.38559e+00,7.39392e+00,3.11790e+00,1.66382e+01,4.31867e-01,5.61998e+01,3.42500e+00,1.36643e+00,8.69335e-01,8.91031e+00,3.50188e+00,7.40466e-01,1.70661e+00,6.52377e+00
1.54241e+00,3.33573e+01,2.47731e-01,2.52124e+01,7.38117e-01,9.89348e-01,2.70219e+00,7.40495e+00,3.17294e+00,1.66998e+01,4.41778e-01,5.61221e+01,3.43100e+00,1.36823e+00,1.09498e+00,8.91909e+00,3.53525e+00,7.64207e-01,1.72427e+00,6.54661e+00
1.57346e+00,3.32086e+01,2.54644e-01,2.52415e+01,7.82299e-01,1.00068e+00,2.94193e+00,7.41445e+00,3.23672e+00,1.67677e+01,4.46987e-01,5.60851e+01,3.43943e+00,1.37000e+00,1.30389e+00,8.93293e+00,3.57484e+00,7.62843e-01,1.74370e+00,6.57310e+00
1.60222e+00,3.30622e+01,2.60093e-01,2.52917e+01,8.11630e-01,1.00931e+00,3.13322e+00,7.42940e+00,3.31315e+00,1.68381e+01,4.48281e-01,5.60945e+01,3.45110e+00,1.37213e+00,1.40394e+00,8.95262e+00,3.62410e+00,7.48777e-01,1.76201e+00,6.60424e+00
1.63012e+00,3.29150e+01,2.62784e-01,2.53748e+01,8.30928e-01,1.02444e+00,3.26465e+00,7.45138e+00,3.40005e+00,1.69099e+01,4.46652e-01,5.61551e+01,3.46579e+00,1.37544e+00,1.44472e+00,8.97787e+00,3.69306e+00,7.27965e-01,1.77973e+00,6.63930e+00
1.65901e+00,3.27659e+01,2.61995e-01,2.54841e+01,8.51639e-01,1.06717e+00,3.31403e+00,7.47874e+00,3.49184e+00,1.69839e+01,4.42760e-01,5.62650e+01,3.48329e+00,1.38062e+00,1.43404e+00,9.00792e+00,3.79372e+00,7.02938e-01,1.79714e+00,6.67872e+00
1.68881e+00,3.26155e+01,2.57784e-01,2.56057e+01,8.81592e-01,1.16860e+00,3.30057e+00,7.51088e+00,3.58369e+00,1.70593e+01,4.37826e-01,5.64230e+01,3.50329e+00,1.38813e+00,1.38859e+00,9.04148e+00,3.93510e+00,6.74542e-01,1.81423e+00,6.72174e+00
1.71996e+00,3.24656e+01,2.51010e-01,2.57273e+01,9.19424e-01,1.32595e+00,3.25415e+00,7.54769e+00,3.67233e+00,1.71343e+01,4.32695e-01,5.66191e+01,3.52525e+00,1.39799e+00,1.33573e+00,9.07711e+00,4.12604e+00,6.47172e-01,1.83139e+00,6.76782e+00
1.74540e+00,3.23183e+01,2.42798e-01,2.58465e+01,9.55618e-01,1.47821e+00,3.18531e+00,7.58810e+00,3.75691e+00,1.72053e+01,4.27637e-01,5.68565e+01,3.54825e+00,1.40984e+00,1.29340e+00,9.11379e+00,4.37816e+00,6.14835e-01,1.84851e+00,6.81466e+00
1.76163e+00,3.21751e+01,2.34048e-01,2.59666e+01,9.80049e-01,1.56719e+00,3.09322e+00,7.63180e+00,3.83728e+00,1.72691e+01,4.22471e-01,5.71596e+01,3.57118e+00,1.42319e+00,1.26531e+00,9.15110e+00,4.70041e+00,5.83790e-01,1.86551e+00,6.86029e+00
1.76865e+00,3.20371e+01,2.25520e-01,2.60939e+01,9.87526e-01,1.58290e+00,2.98401e+00,7.67735e+00,3.91163e+00,1.73226e+01,4.16944e-01,5.75677e+01,3.59286e+00,1.43755e+00,1.24742e+00,9.18887e+00,5.08931e+00,5.54516e-01,1.88205e+00,6.90320e+00
1.76746e+00,3.19056e+01,2.17613e-01,2.62288e+01,9.78107e-01,1.54631e+00,2.87526e+00,7.72458e+00,3.97752e+00,1.73649e+01,4.10990e-01,5.81132e+01,3.61221e+00,1.45294e+00,1.23508e+00,9.22606e+00,5.53667e+00,5.27396e-01,1.89842e+00,6.94425e+00
1.75969e+00,3.17814e+01,2.10650e-01,2.63679e+01,9.54385e-01,1.48226e+00,2.79008e+00,7.77383e+00,4.03368e+00,1.73950e+01,4.04752e-01,5.87720e+01,3.62848e+00,1.46788e+00,1.22583e+00,9.26069e+00,6.03953e+00,5.03032e-01,1.91476e+00,6.98385e+00
1.74728e+00,3.16653e+01,2.04678e-01,2.65038e+01,9.19601e-01,1.40840e+00,2.75561e+00,7.82950e+00,4.08179e+00,1.74138e+01,3.98419e-01,5.94673e+01,3.64103e+00,1.48268e+00,1.21890e+00,9.29220e+00,6.58903e+00,4.82059e-01,1.93199e+00,7.02112e+00
1.73220e+00,3.15588e+01,1.99660e-01,2.66309e+01,8.82172e-01,1.33479e+00,2.79170e+00,7.93299e+00,4.12532e+00,1.74235e+01,3.92210e-01,6.00930e+01,3.64962e+00,1.49674e+00,1.23236e+00,9.31740e+00,7.14498e+00,4.65891e-01,1.95050e+00,7.05681e+00
1.71607e+00,3.14627e+01,1.95568e-01,2.67459e+01,8.51560e-01,1.26673e+00,2.91561e+00,8.05129e+00,4.16798e+00,1.74254e+01,4.08647e-01,6.05671e+01,3.65433e+00,1.50891e+00,1.25938e+00,9.33685e+00,7.63828e+00,4.53683e-01,1.99277e+00,7.09102e+00
1.69949e+00,3.13781e+01,1.92272e-01,2.68407e+01,8.66031e-01,1.20544e+00,3.16246e+00,8.11608e+00,4.21189e+00,1.74208e+01,5.66544e-01,6.08553e+01,3.65544e+00,1.51833e+00,1.37635e+00,9.35073e+00,8.00613e+00,4.46608e-01,2.05405e+00,7.12369e+00
1.68243e+00,3.13051e+01,1.89557e-01,2.69151e+01,1.27156e+00,1.15211e+00,3.51035e+00,8.16765e+00,4.25675e+00,1.74115e+01,8.97945e-01,6.09607e+01,3.65362e+00,1.52416e+00,1.49832e+00,9.35828e+00,8.22631e+00,4.46237e-01,2.12048e+00,7.15387e+00
1.66446e+00,3.12439e+01,1.87246e-01,2.69723e+01,2.48486e+00,1.10595e+00,3.79437e+00,8.22131e+00,4.30052e+00,1.73980e+01,1.18546e+00,6.09139e+01,3.64967e+00,1.52608e+00,1.57102e+00,9.36167e+00,8.31865e+00,4.54006e-01,2.18116e+00,7.18157e+00
1.64525e+00,3.11941e+01,1.85250e-01,2.70188e+01,3.74939e+00,1.06617e+00,3.95081e+00,8.27707e+00,4.34057e+00,1.73799e+01,1.37546e+00,6.07507e+01,3.64465e+00,1.52426e+00,1.62901e+00,9.36190e+00,8.32537e+00,4.70949e-01,2.23766e+00,7.20720e+00
1.62497e+00,3.11552e+01,1.83496e-01,2.70675e+01,4.02272e+00,1.03266e+00,4.01287e+00,8.33466e+00,4.37497e+00,1.73566e+01,1.41807e+00,6.05071e+01,3.63972e+00,1.51932e+00,1.64282e+00,9.36196e+00,8.29019e+00,4.97199e-01,2.28993e+00,7.23106e+00
1.60411e+00,3.11264e+01,1.81859e-01,2.71316e+01,3.55682e+00,1.00716e+00,4.03022e+00,8.39309e+00,4.40320e+00,1.73278e+01,1.32987e+00,6.02102e+01,3.63631e+00,1.51215e+00,1.60721e+00,9.36574e+00,8.24642e+00,5.31255e-01,2.33733e+00,7.25421e+00
1.58352e+00,3.11066e+01,1.80340e-01,2.72284e+01,2.92178e+00,9.93880e-01,4.04686e+00,8.45314e+00,4.42591e+00,1.72919e+01,1.19169e+00,5.98809e+01,3.63605e+00,1.50370e+00,1.54102e+00,9.37844e+00,8.21205e+00,5.69180e-01,2.38047e+00,7.27627e+00
1.56387e+00,3.10945e+01,1.78873e-01,2.73792e+01,2.36154e+00,9.99754e-01,4.08870e+00,8.51607e+00,4.44494e+00,1.72497e+01,1.05975e+00,5.95326e+01,3.64049e+00,1.49504e+00,1.46463e+00,9.40840e+00,8.18918e+00,6.05040e-01,2.42042e+00,7.29580e+00
1.54536e+00,3.10891e+01,1.77504e-01,2.76024e+01,1.92263e+00,1.02930e+00,4.16082e+00,8.58349e+00,4.46217e+00,1.72015e+01,9.51094e-01,5.91747e+01,3.65126e+00,1.48706e+00,1.38992e+00,9.46755e+00,8.16773e+00,6.32972e-01,2.45670e+00,7.31137e+00
1.52760e+00,3.10882e+01,1.76203e-01,2.79026e+01,1.58904e+00,1.07481e+00,4.24851e+00,8.65760e+00,4.47864e+00,1.71478e+01,8.63328e-01,5.88124e+01,3.66993e+00,1.48062e+00,1.32140e+00,9.57280e+00,8.13214e+00,6.49250e-01,2.48855e+00,7.32072e+00
1.51004e+00,3.10900e+01,1.75020e-01,2.82656e+01,1.33495e+00,1.11763e+00,4.32595e+00,8.74033e+00,4.49426e+00,1.70907e+01,7.89672e-01,5.84501e+01,3.69764e+00,1.47642e+00,1.26014e+00,9.74844e+00,8.06759e+00,6.53340e-01,2.51469e+00,7.32281e+00
1.49205e+00,3.10923e+01,1.73950e-01,2.86569e+01,1.13872e+00,1.14303e+00,4.36913e+00,8.83373e+00,4.50765e+00,1.70319e+01,7.25506e-01,5.80905e+01,3.73493e+00,1.47493e+00,1.20623e+00,1.00295e+01,7.96487e+00,6.47345e-01,2.53487e+00,7.31678e+00
1.47331e+00,3.10930e+01,1.72943e-01,2.90392e+01,9.84787e-01,1.14847e+00,4.36595e+00,8.93858e+00,4.51673e+00,1.69738e+01,6.68649e-01,5.77352e+01,3.78159e+00,1.47630e+00,1.15960e+00,1.04591e+01,7.82261e+00,6.34888e-01,2.54948e+00,7.30301e+00
1.45388e+00,3.10905e+01,1.72034e-01,2.93843e+01,8.62545e-01,1.13951e+00,4.31695e+00,9.05461e+00,4.51881e+00,1.69181e+01,6.18450e-01,5.73858e+01,3.83648e+00,1.48049e+00,1.12022e+00,1.10786e+01,7.64483e+00,6.20350e-01,2.55934e+00,7.28155e+00
1.43410e+00,3.10839e+01,1.71251e-01,2.96756e+01,7.64554e-01,1.12314e+00,4.23246e+00,9.18087e+00,4.51176e+00,1.68664e+01,5.74755e-01,5.70431e+01,3.89785e+00,1.48707e+00,1.08758e+00,1.19086e+01,7.44028e+00,6.09215e-01,2.56553e+00,7.25385e+00
1.41432e+00,3.10727e+01,1.70561e-01,2.99082e+01,6.85508e-01,1.10476e+00,4.12713e+00,9.31551e+00,4.49402e+00,1.68200e+01,5.37332e-01,5.67089e+01,3.96323e+00,1.49536e+00,1.06095e+00,1.29397e+01,7.21812e+00,6.08290e-01,2.56908e+00,7.22080e+00
1.39495e+00,3.10579e+01,1.69962e-01,3.00785e+01,6.21498e-01,1.08767e+00,4.01621e+00,9.45503e+00,4.46536e+00,1.67805e+01,5.05764e-01,5.63824e+01,4.02988e+00,1.50436e+00,1.03924e+00,1.41478e+01,6.98712e+00,6.25467e-01,2.57084e+00,7.18347e+00
1.37630e+00,3.10410e+01,1.69427e-01,3.01921e+01,5.69472e-01,1.07385e+00,3.91376e+00,9.59616e+00,4.42616e+00,1.67481e+01,4.79525e-01,5.60640e+01,4.09514e+00,1.51303e+00,1.02148e+00,1.55057e+01,6.75476e+00,6.66473e-01,2.57190e+00,7.14308e+00
1.35854e+00,3.10247e+01,1.68944e-01,3.02566e+01,5.27130e-01,1.06464e+00,3.83099e+00,9.73454e+00,4.37759e+00,1.67234e+01,4.58078e-01,5.57543e+01,4.15665e+00,1.52043e+00,1.00672e+00,1.69473e+01,6.52688e+00,7.29165e-01,2.57346e+00,7.10011e+00
1.34179e+00,3.10121e+01,1.68532e-01,3.02830e+01,4.92598e-01,1.06122e+00,3.77586e+00,9.86764e+00,4.32129e+00,1.67071e+01,4.40889e-01,5.54512e+01,4.21240e+00,1.52587e+00,9.94542e-01,1.83308e+01,6.30761e+00,8.00964e-01,2.57639e+00,7.05527e+00
1.32608e+00,3.10071e+01,1.68193e-01,3.02845e+01,4.64369e-01,1.06468e+00,3.75218e+00,9.99172e+00,4.25901e+00,1.66984e+01,4.27507e-01,5.51564e+01,4.26082e+00,1.52887e+00,9.84565e-01,1.94827e+01,6.10000e+00,8.64192e-01,2.58173e+00,7.00930e+00
1.31136e+00,3.10140e+01,1.67932e-01,3.02705e+01,4.41303e-01,1.07594e+00,3.75850e+00,1.01039e+01,4.19250e+00,1.66979e+01,4.17621e-01,5.48695e+01,4.30074e+00,1.52913e+00,9.76367e-01,2.02815e+01,5.90619e+00,9.05519e-01,2.59012e+00,6.96220e+00
1.29750e+00,3.10368e+01,1.67697e-01,3.02477e+01,4.22392e-01,1.09529e+00,3.78783e+00,1.02025e+01,4.12341e+00,1.67047e+01,4.11147e-01,5.45917e+01,4.33132e+00,1.52662e+00,9.69580e-01,2.06949e+01,5.72725e+00,9.20540e-01,2.60162e+00,6.91476e+00
1.28442e+00,3.10786e+01,1.67490e-01,3.02169e+01,4.06884e-01,1.12215e+00,3.82973e+00,1.02859e+01,4.05312e+00,1.67188e+01,4.08195e-01,5.43210e+01,4.35208e+00,1.52135e+00,9.63827e-01,2.07598e+01,5.56364e+00,9.11975e-01,2.61645e+00,6.86726e+00
1.27204e+00,3.11418e+01,1.67296e-01,3.01781e+01,3.94135e-01,1.15465e+00,3.87221e+00,1.03529e+01,3.98296e+00,1.67399e+01,4.09019e-01,5.40585e+01,4.36280e+00,1.51358e+00,9.58815e-01,2.05498e+01,5.41516e+00,8.85713e-01,2.63375e+00,6.82024e+00
1.26031e+00,3.12267e+01,1.67137e-01,3.01315e+01,3.83663e-01,1.18977e+00,3.90663e+00,1.04042e+01,3.91398e+00,1.67678e+01,4.14079e-01,5.38042e+01,4.36366e+00,1.50349e+00,9.54275e-01,2.01523e+01,5.28079e+00,8.47942e-01,2.65283e+00,6.77424e+00
1.24913e+00,3.13313e+01,1.66989e-01,3.00782e+01,3.75028e-01,1.22390e+00,3.92910e+00,1.04390e+01,3.84694e+00,1.68025e+01,4.23843e-01,5.35581e+01,4.35503e+00,1.49145e+00,9.50260e-01,1.96556e+01,5.15954e+00,8.03839e-01,2.67224e+00,6.72980e+00
1.23841e+00,3.14520e+01,1.66840e-01,3.00220e+01,3.67916e-01,1.25368e+00,3.94118e+00,1.04590e+01,3.78267e+00,1.68439e+01,4.38620e-01,5.33213e+01,4.33763e+00,1.47775e+00,9.46956e-01,1.91385e+01,5.05010e+00,7.57199e-01,2.69061e+00,6.68738e+00
1.22805e+00,3.15827e+01,1.66691e-01,2.99692e+01,3.62056e-01,1.27662e+00,3.94756e+00,1.04640e+01,3.72178e+00,1.68925e+01,4.58399e-01,5.30949e+01,4.31242e+00,1.46272e+00,9.44806e-01,1.86572e+01,4.95094e+00,7.10598e-01,2.70652e+00,6.64760e+00
1.21807e+00,3.17165e+01,1.66532e-01,2.99247e+01,3.57207e-01,1.29159e+00,3.95410e+00,1.04557e+01,3.66492e+00,1.69488e+01,4.82722e-01,5.28781e+01,4.28049e+00,1.44670e+00,9.44555e-01,1.82329e+01,4.86101e+00,6.65682e-01,2.71858e+00,6.61081e+00
1.20838e+00,3.18458e+01,1.66367e-01,2.98943e+01,3.53147e-01,1.29901e+00,3.96484e+00,1.04353e+01,3.61250e+00,1.70132e+01,5.10507e-01,5.26732e+01,4.24302e+00,1.42997e+00,9.47035e-01,1.78539e+01,4.77937e+00,6.23441e-01,2.72556e+00,6.57738e+00
1.19898e+00,3.19636e+01,1.66211e-01,2.98831e+01,3.49831e-01,1.30062e+00,3.98131e+00,1.04042e+01,3.56502e+00,1.70866e+01,5.40122e-01,5.24807e+01,4.20123e+00,1.41282e+00,9.53236e-01,1.74933e+01,4.70518e+00,5.84416e-01,2.72645e+00,6.54768e+00
1.18982e+00,3.20653e+01,1.66069e-01,2.98926e+01,3.47088e-01,1.29951e+00,4.00238e+00,1.03654e+01,3.52264e+00,1.71689e+01,5.69734e-01,5.22992e+01,4.15627e+00,1.39552e+00,9.63928e-01,1.71290e+01,4.63783e+00,5.48807e-01,2.72098e+00,6.52154e+00
1.18094e+00,3.21470e+01,1.65931e-01,2.99238e+01,3.44783e-01,1.29966e+00,4.02567e+00,1.03209e+01,3.48559e+00,1.72607e+01,5.97519e-01,5.21308e+01,4.10938e+00,1.37827e+00,9.79609e-01,1.67589e+01,4.57738e+00,5.16638e-01,2.70897e+00,6.49949e+00
1.17235e+00,3.22072e+01,1.65803e-01,2.99749e+01,3.42824e-01,1.30556e+00,4.04818e+00,1.02740e+01,3.45374e+00,1.73619e+01,6.22180e-01,5.19763e+01,4.06145e+00,1.36121e+00,1.00030e+00,1.63972e+01,4.52343e+00,4.87814e-01,2.69053e+00,6.48116e+00
1.16412e+00,3.22462e+01,1.65667e-01,3.00411e+01,3.41154e-01,1.32122e+00,4.06738e+00,1.02277e+01,3.42694e+00,1.74710e+01,6.42846e-01,5.18338e+01,4.01342e+00,1.34450e+00,1.02537e+00,1.60700e+01,4.47590e+00,4.62127e-01,2.66616e+00,6.46675e+00
1.15624e+00,3.22660e+01,1.65510e-01,3.01163e+01,3.39713e-01,1.34897e+00,4.08097e+00,1.01840e+01,3.40466e+00,1.75876e+01,6.59245e-01,5.17058e+01,3.96606e+00,1.32826e+00,1.05373e+00,1.58085e+01,4.43485e+00,4.39399e-01,2.63669e+00,6.45587e+00
1.14872e+00,3.22704e+01,1.65337e-01,3.01928e+01,3.38452e-01,1.38803e+00,4.08678e+00,1.01449e+01,3.38644e+00,1.77099e+01,6.71625e-01,5.15912e+01,3.91994e+00,1.31260e+00,1.08391e+00,1.56437e+01,4.40028e+00,4.19400e-01,2.60285e+00,6.44829e+00
1.14158e+00,3.22630e+01,1.65142e-01,3.02643e+01,3.37358e-01,1.43425e+00,4.08238e+00,1.01115e+01,3.37134e+00,1.78352e+01,6.80609e-01,5.14884e+01,3.87551e+00,1.29758e+00,1.11441e+00,1.56023e+01,4.37220e+00,4.01913e-01,2.56536e+00,6.44389e+00
1.13484e+00,3.22483e+01,1.64932e-01,3.03264e+01,3.36385e-01,1.48085e+00,4.06534e+00,1.00836e+01,3.35875e+00,1.79616e+01,6.86939e-01,5.13998e+01,3.83305e+00,1.28327e+00,1.14381e+00,1.56989e+01,4.35047e+00,3.86668e-01,2.52499e+00,6.44213e+00
1.12851e+00,3.22313e+01,1.64715e-01,3.03758e+01,3.35523e-01,1.52059e+00,4.03366e+00,1.00601e+01,3.34818e+00,1.80861e+01,6.91427e-01,5.13219e+01,3.79280e+00,1.26971e+00,1.17088e+00,1.59275e+01,4.33480e+00,3.73461e-01,2.48261e+00,6.44297e+00
1.12260e+00,3.22156e+01,1.64515e-01,3.04115e+01,3.34769e-01,1.54784e+00,3.98620e+00,1.00399e+01,3.33926e+00,1.82067e+01,6.94988e-01,5.12553e+01,3.75487e+00,1.25695e+00,1.19469e+00,1.62560e+01,4.32481e+00,3.62087e-01,2.43874e+00,6.44579e+00
1.11703e+00,3.22049e+01,1.64328e-01,3.04353e+01,3.34068e-01,1.55978e+00,3.92326e+00,1.00208e+01,3.33185e+00,1.83220e+01,6.98395e-01,5.11997e+01,3.71935e+00,1.24500e+00,1.21449e+00,1.66278e+01,4.31978e+00,3.52351e-01,2.39409e+00,6.45020e+00
1.11181e+00,3.22014e+01,1.64133e-01,3.04480e+01,3.33451e-01,1.55634e+00,3.84600e+00,1.00015e+01,3.32617e+00,1.84298e+01,7.02308e-01,5.11546e+01,3.68629e+00,1.23386e+00,1.22971e+00,1.69769e+01,4.31910e+00,3.44071e-01,2.34881e+00,6.45619e+00
1.10694e+00,3.22065e+01,1.63935e-01,3.04519e+01,3.32858e-01,1.53947e+00,3.75689e+00,9.98068e+00,3.32252e+00,1.85294e+01,7.07244e-01,5.11213e+01,3.65577e+00,1.22351e+00,1.24003e+00,1.72453e+01,4.32170e+00,3.37093e-01,2.30353e+00,6.46327e+00
1.10241e+00,3.22213e+01,1.63741e-01,3.04482e+01,3.32273e-01,1.51212e+00,3.65872e+00,9.95804e+00,3.32117e+00,1.86206e+01,7.13632e-01,5.10986e+01,3.62775e+00,1.21393e+00,1.24536e+00,1.73963e+01,4.32666e+00,3.31203e-01,2.25862e+00,6.47096e+00
1.09822e+00,3.22453e+01,1.63541e-01,3.04375e+01,3.31725e-01,1.47746e+00,3.55444e+00,9.93460e+00,3.32251e+00,1.87026e+01,7.21716e-01,5.10889e+01,3.60236e+00,1.20515e+00,1.24579e+00,1.74174e+01,4.33295e+00,3.26276e-01,2.21428e+00,6.47893e+00
1.09433e+00,3.22775e+01,1.63325e-01,3.04200e+01,3.31201e-01,1.43835e+00,3.44695e+00,9.91162e+00,3.32638e+00,1.87761e+01,7.31511e-01,5.10937e+01,3.57957e+00,1.19713e+00,1.24167e+00,1.73170e+01,4.33950e+00,3.22229e-01,2.17072e+00,6.48700e+00
1.09075e+00,3.23168e+01,1.63095e-01,3.03957e+01,3.30695e-01,1.39717e+00,3.33888e+00,9.89171e+00,3.33233e+00,1.88424e+01,7.42999e-01,5.11119e+01,3.55938e+00,1.18981e+00,1.23335e+00,1.71147e+01,4.34543e+00,3.18877e-01,2.12814e+00,6.49478e+00
1.08741e+00,3.23612e+01,1.62857e-01,3.03636e+01,3.30215e-01,1.35572e+00,3.23235e+00,9.87719e+00,3.33957e+00,1.89016e+01,7.55876e-01,5.11475e+01,3.54163e+00,1.18314e+00,1.22137e+00,1.68354e+01,4.35004e+00,3.16120e-01,2.08689e+00,6.50187e+00
1.08435e+00,3.24091e+01,1.62609e-01,3.03229e+01,3.29735e-01,1.31539e+00,3.12901e+00,9.87011e+00,3.34692e+00,1.89556e+01,7.69795e-01,5.12015e+01,3.52617e+00,1.17714e+00,1.20631e+00,1.65029e+01,4.35277e+00,3.13907e-01,2.04694e+00,6.50810e+00
1.08150e+00,3.24590e+01,1.62369e-01,3.02724e+01,3.29259e-01,1.27710e+00,3.03020e+00,9.87121e+00,3.35299e+00,1.90059e+01,7.84281e-01,5.12738e+01,3.51278e+00,1.17174e+00,1.18873e+00,1.61383e+01,4.35332e+00,3.12119e-01,2.00860e+00,6.51313e+00
1.07885e+00,3.25096e+01,1.62132e-01,3.02120e+01,3.28778e-01,1.24152e+00,2.93683e+00,9.87960e+00,3.35653e+00,1.90538e+01,7.98761e-01,5.13656e+01,3.50111e+00,1.16689e+00,1.16918e+00,1.57587e+01,4.35158e+00,3.10686e-01,1.97180e+00,6.51695e+00
1.07637e+00,3.25608e+01,1.61894e-01,3.01397e+01,3.28311e-01,1.20905e+00,2.84959e+00,9.89379e+00,3.35638e+00,1.91009e+01,8.12735e-01,5.14766e+01,3.49083e+00,1.16259e+00,1.14814e+00,1.53766e+01,4.34744e+00,3.09532e-01,1.93688e+00,6.51921e+00
1.07409e+00,3.26130e+01,1.61646e-01,3.00551e+01,3.27826e-01,1.17998e+00,2.76900e+00,9.91222e+00,3.35163e+00,1.91489e+01,8.25725e-01,5.16062e+01,3.48149e+00,1.15868e+00,1.12602e+00,1.50012e+01,4.34115e+00,3.08619e-01,1.90363e+00,6.51977e+00
1.07196e+00,3.26666e+01,1.61409e-01,2.99579e+01,3.27328e-01,1.15436e+00,2.69548e+00,9.93318e+00,3.34196e+00,1.91991e+01,8.37371e-01,5.17524e+01,3.47279e+00,1.15520e+00,1.10318e+00,1.46385e+01,4.33290e+00,3.07876e-01,1.87239e+00,6.51899e+00
1.06997e+00,3.27232e+01,1.61164e-01,2.98487e+01,3.26858e-01,1.13213e+00,2.62918e+00,9.95530e+00,3.32719e+00,1.92524e+01,8.47324e-01,5.19139e+01,3.46423e+00,1.15211e+00,1.07999e+00,1.42923e+01,4.32295e+00,3.07285e-01,1.84306e+00,6.51666e+00
1.06812e+00,3.27846e+01,1.60910e-01,2.97282e+01,3.26373e-01,1.11310e+00,2.57020e+00,9.97862e+00,3.30758e+00,1.93100e+01,8.55401e-01,5.20850e+01,3.45565e+00,1.14936e+00,1.05675e+00,1.39648e+01,4.31155e+00,3.06764e-01,1.81585e+00,6.51289e+00
1.06636e+00,3.28524e+01,1.60657e-01,2.95976e+01,3.25885e-01,1.09695e+00,2.51868e+00,1.00039e+01,3.28369e+00,1.93728e+01,8.61509e-01,5.22634e+01,3.44675e+00,1.14686e+00,1.03366e+00,1.36571e+01,4.29892e+00,3.06354e-01,1.79057e+00,6.50812e+00
1.06467e+00,3.29286e+01,1.60401e-01,2.94586e+01,3.25408e-01,1.08325e+00,2.47466e+00,1.00319e+01,3.25632e+00,1.94412e+01,8.65560e-01,5.24444e+01,3.43738e+00,1.14459e+00,1.01092e+00,1.33691e+01,4.28533e+00,3.05967e-01,1.76733e+00,6.50222e+00
1.06308e+00,3.30146e+01,1.60140e-01,2.93135e+01,3.24922e-01,1.07150e+00,2.43797e+00,1.00638e+01,3.22618e+00,1.95155e+01,8.67638e-01,5.26233e+01,3.42740e+00,1.14253e+00,9.88710e-01,1.31003e+01,4.27084e+00,3.05653e-01,1.74597e+00,6.49547e+00
1.06156e+00,3.31120e+01,1.59878e-01,2.91647e+01,3.24462e-01,1.06122e+00,2.40848e+00,1.01002e+01,3.19399e+00,1.95952e+01,8.67735e-01,5.27971e+01,3.41685e+00,1.14065e+00,9.67155e-01,1.28498e+01,4.25552e+00,3.05361e-01,1.72661e+00,6.48834e+00
1.06009e+00,3.32224e+01,1.59621e-01,2.90150e+01,3.23997e-01,1.05185e+00,2.38577e+00,1.01405e+01,3.16068e+00,1.96798e+01,8.65965e-01,5.29625e+01,3.40568e+00,1.13889e+00,9.46358e-01,1.26163e+01,4.23941e+00,3.05080e-01,1.70888e+00,6.48091e+00
1.05865e+00,3.33444e+01,1.59361e-01,2.88670e+01,3.23544e-01,1.04293e+00,2.36947e+00,1.01846e+01,3.12689e+00,1.97687e+01,8.62398e-01,5.31193e+01,3.39408e+00,1.13728e+00,9.26425e-01,1.23984e+01,4.22238e+00,3.04807e-01,1.69285e+00,6.47351e+00
1.05726e+00,3.34752e+01,1.59102e-01,2.87234e+01,3.23080e-01,1.03412e+00,2.35891e+00,1.02304e+01,3.09301e+00,1.98604e+01,8.57132e-01,5.32626e+01,3.38205e+00,1.13575e+00,9.07441e-01,1.21948e+01,4.20444e+00,3.04544e-01,1.67829e+00,6.46621e+00
1.05591e+00,3.36140e+01,1.58849e-01,2.85865e+01,3.22588e-01,1.02502e+00,2.35336e+00,1.02756e+01,3.05967e+00,1.99535e+01,8.50329e-01,5.33947e+01,3.36969e+00,1.13427e+00,8.89383e-01,1.20040e+01,4.18540e+00,3.04289e-01,1.66523e+00,6.45924e+00
1.05458e+00,3.37577e+01,1.58588e-01,2.84578e+01,3.22094e-01,1.01551e+00,2.35194e+00,1.03180e+01,3.02721e+00,2.00461e+01,8.42110e-01,5.35137e+01,3.35718e+00,1.13285e+00,8.72369e-01,1.18247e+01,4.16521e+00,3.04018e-01,1.65331e+00,6.45277e+00
1.05329e+00,3.39032e+01,1.58312e-01,2.83389e+01,3.21582e-01,1.00549e+00,2.35386e+00,1.03552e+01,2.99588e+00,2.01365e+01,8.32604e-01,5.36210e+01,3.34462e+00,1.13149e+00,8.56351e-01,1.16556e+01,4.14380e+00,3.03730e-01,1.64238e+00,6.44695e+00
1.05203e+00,3.40468e+01,1.58045e-01,2.82306e+01,3.21089e-01,9.94901e-01,2.35830e+00,1.03856e+01,2.96587e+00,2.02223e+01,8.21971e-01,5.37195e+01,3.33220e+00,1.13015e+00,8.41359e-01,1.14951e+01,4.12111e+00,3.03443e-01,1.63253e+00,6.44187e+00
1.05076e+00,3.41849e+01,1.57781e-01,2.81338e+01,3.20614e-01,9.83847e-01,2.36472e+00,1.04076e+01,2.93744e+00,2.03022e+01,8.10365e-01,5.38104e+01,3.31996e+00,1.12881e+00,8.27362e-01,1.13428e+01,4.09720e+00,3.03149e-01,1.62331e+00,6.43766e+00
1.04947e+00,3.43144e+01,1.57515e-01,2.80496e+01,3.20154e-01,9.72355e-01,2.37270e+00,1.04211e+01,2.91064e+00,2.03749e+01,7.97960e-01,5.38952e+01,3.30798e+00,1.12748e+00,8.14322e-01,1.11977e+01,4.07203e+00,3.02842e-01,1.61481e+00,6.43450e+00
1.04819e+00,3.44330e+01,1.57247e-01,2.79796e+01,3.19983e-01,9.60538e-01,2.38200e+00,1.04259e+01,2.88571e+00,2.04389e+01,7.84875e-01,5.39780e+01,3.29642e+00,1.12618e+00,8.02264e-01,1.10591e+01,4.04574e+00,3.02521e-01,1.60686e+00,6.43268e+00
1.04691e+00,3.45394e+01,1.56972e-01,2.79253e+01,3.20275e-01,9.48594e-01,2.39258e+00,1.04234e+01,2.86257e+00,2.04945e+01,7.71281e-01,5.40602e+01,3.28526e+00,1.12706e+00,7.91119e-01,1.09259e+01,4.01853e+00,3.02193e-01,1.59933e+00,6.43224e+00
1.04679e+00,3.46316e+01,1.56702e-01,2.78913e+01,3.20934e-01,9.36604e-01,2.40461e+00,1.04147e+01,2.84126e+00,2.05412e+01,7.57293e-01,5.41432e+01,3.27458e+00,1.12657e+00,7.80871e-01,1.07983e+01,3.99086e+00,3.01858e-01,1.59214e+00,6.43366e+00
1.04628e+00,3.47084e+01,1.56437e-01,2.78812e+01,3.21849e-01,9.24643e-01,2.41834e+00,1.04013e+01,2.82178e+00,2.05788e+01,7.43054e-01,5.42288e+01,3.26435e+00,1.12567e+00,7.71482e-01,1.06755e+01,3.96270e+00,3.01516e-01,1.58534e+00,6.43711e+00
1.04538e+00,3.47697e+01,1.56194e-01,2.79014e+01,3.22987e-01,9.12851e-01,2.43423e+00,1.03858e+01,2.80389e+00,2.06088e+01,7.28645e-01,5.43184e+01,3.25460e+00,1.12506e+00,7.62900e-01,1.05568e+01,3.93407e+00,3.01168e-01,1.57920e+00,6.44311e+00
1.04427e+00,3.48167e+01,1.55975e-01,2.79617e+01,3.24512e-01,9.01300e-01,2.45201e+00,1.03701e+01,2.78738e+00,2.06320e+01,7.14254e-01,5.44134e+01,3.24533e+00,1.12435e+00,7.55086e-01,1.04429e+01,3.90539e+00,3.00808e-01,1.57389e+00,6.45734e+00
1.04342e+00,3.48509e+01,1.55812e-01,2.80690e+01,3.26592e-01,8.90050e-01,2.47212e+00,1.03571e+01,2.77227e+00,2.06502e+01,6.99943e-01,5.45151e+01,3.23656e+00,1.12330e+00,7.47995e-01,1.03339e+01,3.87664e+00,3.00423e-01,1.56930e+00,6.47655e+00
1.04273e+00,3.48738e+01,1.55703e-01,2.82350e+01,3.29483e-01,8.79165e-01,2.49442e+00,1.03499e+01,2.75834e+00,2.06657e+01,6.85811e-01,5.46238e+01,3.22828e+00,1.12199e+00,7.41588e-01,1.02284e+01,3.84772e+00,3.00032e-01,1.56555e+00,6.49950e+00
1.04219e+00,3.48877e+01,1.55634e-01,2.84708e+01,3.33536e-01,8.68696e-01,2.51871e+00,1.03513e+01,2.74552e+00,2.06807e+01,6.72000e-01,5.47414e+01,3.22045e+00,1.12063e+00,7.35809e-01,1.01261e+01,3.81866e+00,2.99629e-01,1.56220e+00,6.52636e+00
1.04179e+00,3.48945e+01,1.55578e-01,2.87858e+01,3.39056e-01,8.58671e-01,2.54451e+00,1.03652e+01,2.73383e+00,2.06987e+01,6.58559e-01,5.48686e+01,3.21307e+00,1.11942e+00,7.30594e-01,1.00278e+01,3.78984e+00,2.99210e-01,1.55948e+00,6.55618e+00
1.04155e+00,3.48963e+01,1.55488e-01,2.91892e+01,3.46130e-01,8.49103e-01,2.57110e+00,1.03949e+01,2.72297e+00,2.07224e+01,6.45579e-01,5.50054e+01,3.20614e+00,1.11852e+00,7.25932e-01,9.93377e+00,3.76165e+00,2.98783e-01,1.55725e+00,6.58749e+00
1.04153e+00,3.48957e+01,1.55337e-01,2.96820e+01,3.54279e-01,8.39998e-01,2.59762e+00,1.04435e+01,2.71297e+00,2.07553e+01,6.33038e-01,5.51517e+01,3.19961e+00,1.11786e+00,7.21754e-01,9.84298e+00,3.73435e+00,2.98350e-01,1.55537e+00,6.61965e+00
1.04195e+00,3.48945e+01,1.55120e-01,3.02606e+01,3.62735e-01,8.31390e-01,2.62323e+00,1.05147e+01,2.70373e+00,2.08012e+01,6.20962e-01,5.53076e+01,3.19355e+00,1.11740e+00,7.18070e-01,9.75656e+00,3.70820e+00,2.97912e-01,1.55371e+00,6.65347e+00
1.04294e+00,3.48946e+01,1.54849e-01,3.09099e+01,3.70274e-01,8.23238e-01,2.64717e+00,1.06103e+01,2.69520e+00,2.08635e+01,6.09326e-01,5.54725e+01,3.18788e+00,1.11698e+00,7.14836e-01,9.67407e+00,3.68321e+00,2.97469e-01,1.55207e+00,6.68925e+00
1.04471e+00,3.48970e+01,1.54549e-01,3.16076e+01,3.76076e-01,8.15642e-01,2.66869e+00,1.07319e+01,2.68725e+00,2.09455e+01,5.98166e-01,5.56438e+01,3.18267e+00,1.11653e+00,7.12082e-01,9.59584e+00,3.65935e+00,2.97025e-01,1.55032e+00,6.72583e+00
1.04732e+00,3.49033e+01,1.54199e-01,3.23257e+01,3.79645e-01,8.08438e-01,2.68716e+00,1.08791e+01,2.67997e+00,2.10510e+01,5.87381e-01,5.58221e+01,3.17794e+00,1.11599e+00,7.09784e-01,9.52243e+00,3.63670e+00,2.96584e-01,1.54834e+00,6.76261e+00
1.05075e+00,3.49140e+01,1.53825e-01,3.30307e+01,3.80891e-01,8.01668e-01,2.70219e+00,1.10500e+01,2.67317e+00,2.11819e+01,5.77014e-01,5.60043e+01,3.17376e+00,1.11535e+00,7.08055e-01,9.45372e+00,3.61565e+00,2.96131e-01,1.54615e+00,6.79875e+00
1.05490e+00,3.49294e+01,1.53455e-01,3.36946e+01,3.80095e-01,7.95386e-01,2.71343e+00,1.12405e+01,2.66689e+00,2.13390e+01,5.66985e-01,5.61869e+01,3.17023e+00,1.11462e+00,7.06888e-01,9.39077e+00,3.59680e+00,2.95672e-01,1.54392e+00,6.83340e+00
1.05949e+00,3.49497e+01,1.53080e-01,3.42915e+01,3.77689e-01,7.89474e-01,2.72071e+00,1.14466e+01,2.66102e+00,2.15227e+01,5.57342e-01,5.63696e+01,3.16750e+00,1.11376e+00,7.06290e-01,9.33400e+00,3.58113e+00,2.95206e-01,1.54173e+00,6.86603e+00
1.06430e+00,3.49742e+01,1.52719e-01,3.48049e+01,3.74090e-01,7.83966e-01,2.72405e+00,1.16615e+01,2.65557e+00,2.17312e+01,5.48023e-01,5.65503e+01,3.16572e+00,1.11279e+00,7.06240e-01,9.28344e+00,3.56961e+00,2.94723e-01,1.53980e+00,6.89593e+00
1.06895e+00,3.50022e+01,1.52359e-01,3.52251e+01,3.69731e-01,7.78866e-01,2.72348e+00,1.18812e+01,2.65044e+00,2.19614e+01,5.39074e-01,5.67272e+01,3.16520e+00,1.11166e+00,7.06670e-01,9.23949e+00,3.56306e+00,2.94238e-01,1.53816e+00,6.92265e+00
1.07314e+00,3.50328e+01,1.52026e-01,3.55529e+01,3.64929e-01,7.74084e-01,2.71920e+00,1.21010e+01,2.64563e+00,2.22079e+01,5.30468e-01,5.68999e+01,3.16612e+00,1.11031e+00,7.07472e-01,9.20130e+00,3.56128e+00,2.93754e-01,1.53691e+00,6.94593e+00
1.07658e+00,3.50645e+01,1.51704e-01,3.57910e+01,3.59924e-01,7.69704e-01,2.71137e+00,1.23202e+01,2.64107e+00,2.24643e+01,5.22231e-01,5.70670e+01,3.16877e+00,1.10876e+00,7.08538e-01,9.16946e+00,3.56354e+00,2.93266e-01,1.53608e+00,6.96477e+00
1.07906e+00,3.50957e+01,1.51398e-01,3.59535e+01,3.54829e-01,7.65644e-01,2.70019e+00,1.25402e+01,2.63671e+00,2.27240e+01,5.14398e-01,5.72274e+01,3.17341e+00,1.10700e+00,7.09764e-01,9.14312e+00,3.56838e+00,2.92777e-01,1.53571e+00,6.97894e+00
1.08050e+00,3.51246e+01,1.51097e-01,3.60513e+01,3.49776e-01,7.61864e-01,2.68595e+00,1.27661e+01,2.63253e+00,2.29779e+01,5.07009e-01,5.73824e+01,3.18003e+00,1.10506e+00,7.10980e-01,9.12412e+00,3.57426e+00,2.92297e-01,1.53591e+00,6.98807e+00
1.08084e+00,3.51502e+01,1.50774e-01,3.61013e+01,3.44917e-01,7.58409e-01,2.66895e+00,1.30062e+01,2.62850e+00,2.32191e+01,5.00012e-01,5.75320e+01,3.18866e+00,1.10297e+00,7.14870e-01,9.11339e+00,3.58015e+00,2.91833e-01,1.53645e+00,6.99222e+00
1.08016e+00,3.51705e+01,1.50455e-01,3.61190e+01,3.40303e-01,7.55176e-01,2.64956e+00,1.32706e+01,2.62459e+00,2.34397e+01,4.93456e-01,5.76743e+01,3.19916e+00,1.10076e+00,7.17019e-01,9.11859e+00,3.58565e+00,2.91375e-01,1.53744e+00,6.99113e+00
1.07857e+00,3.51844e+01,1.50245e-01,3.61185e+01,3.35971e-01,7.52206e-01,2.62807e+00,1.35710e+01,2.62077e+00,2.36333e+01,4.87227e-01,5.78118e+01,3.21128e+00,1.09849e+00,7.18067e-01,9.15732e+00,3.59084e+00,2.90915e-01,1.53865e+00,6.98558e+00
1.07623e+00,3.51908e+01,1.50211e-01,3.61128e+01,3.31965e-01,7.49500e-01,2.60487e+00,1.39183e+01,2.61701e+00,2.37944e+01,4.81311e-01,5.79457e+01,3.22451e+00,1.09623e+00,7.18862e-01,9.28171e+00,3.59598e+00,2.90470e-01,1.54007e+00,6.97537e+00
1.07332e+00,3.51886e+01,1.50157e-01,3.61138e+01,3.28292e-01,7.46957e-01,2.58029e+00,1.43202e+01,2.61330e+00,2.39193e+01,4.75623e-01,5.80754e+01,3.23830e+00,1.09397e+00,7.19132e-01,9.52168e+00,3.60123e+00,2.90030e-01,1.54128e+00,6.96147e+00
1.07007e+00,3.51767e+01,1.49872e-01,3.61298e+01,3.24989e-01,7.44677e-01,2.55467e+00,1.47794e+01,2.60961e+00,2.40055e+01,4.70121e-01,5.82030e+01,3.25202e+00,1.09171e+00,7.18838e-01,9.76942e+00,3.60647e+00,2.89598e-01,1.54203e+00,6.94384e+00
1.06665e+00,3.51552e+01,1.49490e-01,3.61657e+01,3.22001e-01,7.42540e-01,2.52828e+00,1.52904e+01,2.60591e+00,2.40525e+01,4.64739e-01,5.83309e+01,3.26504e+00,1.08948e+00,7.18032e-01,9.89381e+00,3.61130e+00,2.89181e-01,1.54215e+00,6.92338e+00
1.06319e+00,3.51232e+01,1.49117e-01,3.62250e+01,3.19318e-01,7.40600e-01,2.50137e+00,1.58422e+01,2.60221e+00,2.40605e+01,4.59446e-01,5.84603e+01,3.27684e+00,1.08732e+00,7.16854e-01,9.88886e+00,3.61526e+00,2.88777e-01,1.54133e+00,6.90048e+00
1.05985e+00,3.50808e+01,1.48788e-01,3.63087e+01,3.16940e-01,7.38917e-01,2.47413e+00,1.64159e+01,2.59849e+00,2.40305e+01,4.54238e-01,5.85937e+01,3.28690e+00,1.08516e+00,7.15500e-01,9.82295e+00,3.61783e+00,2.88388e-01,1.53938e+00,6.87505e+00
1.05674e+00,3.50280e+01,1.48503e-01,3.64163e+01,3.14823e-01,7.37530e-01,2.44679e+00,1.69891e+01,2.59475e+00,2.39654e+01,4.49112e-01,5.87327e+01,3.29482e+00,1.08301e+00,7.14273e-01,9.75736e+00,3.61840e+00,2.88017e-01,1.53630e+00,6.84772e+00
1.05387e+00,3.49649e+01,1.48237e-01,3.65454e+01,3.12947e-01,7.36724e-01,2.41955e+00,1.75399e+01,2.59099e+00,2.38682e+01,4.44074e-01,5.88787e+01,3.30032e+00,1.08086e+00,7.13493e-01,9.72600e+00,3.61664e+00,2.87659e-01,1.53206e+00,6.81885e+00
1.05134e+00,3.48919e+01,1.47969e-01,3.66939e+01,3.11270e-01,7.37367e-01,2.39264e+00,1.80484e+01,2.58720e+00,2.37428e+01,4.39132e-01,5.90335e+01,3.30328e+00,1.07872e+00,7.13394e-01,9.73815e+00,3.61227e+00,2.87286e-01,1.52688e+00,6.78825e+00
1.04913e+00,3.48096e+01,1.47710e-01,3.68600e+01,3.09782e-01,7.41643e-01,2.36619e+00,1.84999e+01,2.58336e+00,2.35927e+01,4.34305e-01,5.91984e+01,3.30378e+00,1.07659e+00,7.14267e-01,9.78277e+00,3.60524e+00,2.86883e-01,1.52088e+00,6.75652e+00
1.04726e+00,3.47186e+01,1.47463e-01,3.70440e+01,3.08475e-01,7.52766e-01,2.34042e+00,1.88848e+01,2.57947e+00,2.34215e+01,4.29620e-01,5.93735e+01,3.30184e+00,1.07446e+00,7.16363e-01,9.83915e+00,3.59560e+00,2.86435e-01,1.51436e+00,6.72359e+00
1.04564e+00,3.46197e+01,1.47210e-01,3.72476e+01,3.07289e-01,7.72345e-01,2.31564e+00,1.91987e+01,2.57557e+00,2.32327e+01,4.25086e-01,5.95590e+01,3.29769e+00,1.07233e+00,7.19917e-01,9.88820e+00,3.58345e+00,2.85946e-01,1.50736e+00,6.68948e+00
1.04423e+00,3.45132e+01,1.46953e-01,3.74740e+01,3.06251e-01,7.97004e-01,2.29215e+00,1.94411e+01,2.57161e+00,2.30297e+01,4.20720e-01,5.97528e+01,3.29161e+00,1.07019e+00,7.25094e-01,9.92038e+00,3.56904e+00,2.85428e-01,1.50026e+00,6.65463e+00
1.04296e+00,3.44005e+01,1.46702e-01,3.77256e+01,3.05327e-01,8.19699e-01,2.27018e+00,1.96152e+01,2.56762e+00,2.28162e+01,4.16523e-01,5.99523e+01,3.28393e+00,1.06805e+00,7.31906e-01,9.93556e+00,3.55273e+00,2.84885e-01,1.49325e+00,6.61923e+00
1.04174e+00,3.42824e+01,1.46456e-01,3.80074e+01,3.04524e-01,8.34706e-01,2.25005e+00,1.97250e+01,2.56360e+00,2.25947e+01,4.12528e-01,6.01554e+01,3.27501e+00,1.06593e+00,7.40291e-01,9.93820e+00,3.53478e+00,2.84322e-01,1.48636e+00,6.58332e+00
1.04047e+00,3.41596e+01,1.46214e-01,3.83228e+01,3.03782e-01,8.40287e-01,2.23200e+00,1.97768e+01,2.55952e+00,2.23673e+01,4.08740e-01,6.03595e+01,3.26508e+00,1.06384e+00,7.50021e-01,9.93366e+00,3.51571e+00,2.83732e-01,1.47978e+00,6.54711e+00
1.03910e+00,3.40336e+01,1.45979e-01,3.86699e+01,3.03072e-01,8.37919e-01,2.21630e+00,1.97763e+01,2.55542e+00,2.21373e+01,4.05210e-01,6.05591e+01,3.25435e+00,1.06178e+00,7.60685e-01,9.92558e+00,3.49570e+00,2.83142e-01,1.47362e+00,6.51087e+00
1.03754e+00,3.39052e+01,1.45745e-01,3.90428e+01,3.02417e-01,8.30197e-01,2.20321e+00,1.97294e+01,2.55131e+00,2.19058e+01,4.01937e-01,6.07502e+01,3.24302e+00,1.05976e+00,7.71784e-01,9.91673e+00,3.47516e+00,2.82560e-01,1.46786e+00,6.47475e+00
1.03574e+00,3.37759e+01,1.45502e-01,3.94317e+01,3.01789e-01,8.19574e-01,2.19294e+00,1.96423e+01,2.54716e+00,2.16747e+01,3.98976e-01,6.09284e+01,3.23135e+00,1.05777e+00,7.82688e-01,9.90779e+00,3.45449e+00,2.81984e-01,1.46265e+00,6.43907e+00
1.03368e+00,3.36471e+01,1.45261e-01,3.98219e+01,3.01188e-01,8.07848e-01,2.18575e+00,1.95205e+01,2.54296e+00,2.14453e+01,3.96350e-01,6.10911e+01,3.21946e+00,1.05578e+00,7.92802e-01,9.90047e+00,3.43403e+00,2.81413e-01,1.45794e+00,6.40394e+00
1.03132e+00,3.35202e+01,1.45020e-01,4.01953e+01,3.00617e-01,7.96148e-01,2.18196e+00,1.93695e+01,2.53876e+00,2.12190e+01,3.94088e-01,6.12331e+01,3.20740e+00,1.05385e+00,8.01627e-01,9.89708e+00,3.41405e+00,2.80834e-01,1.45371e+00,6.36955e+00
1.02863e+00,3.33963e+01,1.44773e-01,4.05344e+01,3.00041e-01,7.85093e-01,2.18216e+00,1.91948e+01,2.53455e+00,2.09966e+01,3.92167e-01,6.13514e+01,3.19522e+00,1.05193e+00,8.08737e-01,9.90217e+00,3.39473e+00,2.80247e-01,1.44999e+00,6.33607e+00
1.02569e+00,3.32812e+01,1.44525e-01,4.08253e+01,3.01145e-01,7.78815e-01,2.18823e+00,1.90024e+01,2.53032e+00,2.07922e+01,3.90955e-01,6.14532e+01,3.18299e+00,1.05002e+00,8.24306e-01,9.92322e+00,3.37623e+00,2.79671e-01,1.44672e+00,6.30360e+00
1.02252e+00,3.31966e+01,1.46096e-01,4.10579e+01,3.06100e-01,7.75457e-01,2.20460e+00,1.88013e+01,2.52799e+00,2.06093e+01,4.17864e-01,6.15581e+01,3.17076e+00,1.04882e+00,8.44909e-01,9.96960e+00,3.35994e+00,2.81320e-01,1.49804e+00,6.27213e+00
1.01983e+00,3.33911e+01,1.50144e-01,4.12298e+01,3.16542e-01,1.06344e+00,2.25144e+00,1.86091e+01,2.52634e+00,2.04781e+01,5.19591e-01,6.16463e+01,3.15848e+00,1.04748e+00,9.41930e-01,1.00495e+01,3.34590e+00,2.82341e-01,1.65622e+00,6.24181e+00
1.01684e+00,3.35796e+01,1.54877e-01,4.13427e+01,3.32457e-01,1.93604e+00,2.55612e+00,1.84390e+01,2.52486e+00,2.04189e+01,7.01445e-01,6.17359e+01,3.14693e+00,1.04607e+00,1.20339e+00,1.01646e+01,3.33253e+00,2.83074e-01,1.89480e+00,6.21295e+00
1.01357e+00,3.34701e+01,1.59914e-01,4.13910e+01,3.54264e-01,3.48272e+00,3.20038e+00,1.82701e+01,2.52383e+00,2.04510e+01,8.42472e-01,6.18145e+01,3.13503e+00,1.04493e+00,1.59293e+00,1.03059e+01,3.32000e+00,2.84518e-01,2.11280e+00,6.18524e+00
1.01015e+00,3.33862e+01,1.63934e-01,4.13642e+01,3.75301e-01,4.80090e+00,3.85281e+00,1.80749e+01,2.52299e+00,2.05683e+01,9.18840e-01,6.18792e+01,3.12316e+00,1.04394e+00,1.88150e+00,1.04565e+01,3.30827e+00,2.86604e-01,2.33615e+00,6.15855e+00
1.00677e+00,3.34248e+01,1.66945e-01,4.12720e+01,3.91846e-01,6.31472e+00,4.41719e+00,1.78587e+01,2.52195e+00,2.07330e+01,9.45098e-01,6.19400e+01,3.11237e+00,1.04321e+00,2.01898e+00,1.05970e+01,3.29738e+00,2.88907e-01,2.68918e+00,6.13320e+00
1.00351e+00,3.35691e+01,1.69318e-01,4.11330e+01,4.05744e-01,1.13989e+01,5.12745e+00,1.76283e+01,2.52076e+00,2.09038e+01,9.28710e-01,6.20117e+01,3.10100e+00,1.04273e+00,2.09562e+00,1.07139e+01,3.28728e+00,2.91215e-01,3.21232e+00,6.10900e+00
1.00054e+00,3.38142e+01,1.71951e-01,4.09555e+01,4.17495e-01,1.94948e+01,6.17586e+00,1.73892e+01,2.51974e+00,2.10732e+01,8.87991e-01,6.21029e+01,3.08977e+00,1.04241e+00,2.08741e+00,1.08005e+01,3.27762e+00,2.93392e-01,3.72542e+00,6.08571e+00
9.97876e-01,3.41589e+01,1.73907e-01,4.07517e+01,4.25775e-01,2.23813e+01,7.22837e+00,1.71453e+01,2.51909e+00,2.12725e+01,8.37810e-01,6.22127e+01,3.07864e+00,1.04227e+00,2.00026e+00,1.08559e+01,3.26831e+00,2.95502e-01,4.00173e+00,6.06358e+00
9.95493e-01,3.46068e+01,1.75169e-01,4.05321e+01,4.29703e-01,2.03119e+01,7.89898e+00,1.68983e+01,2.51890e+00,2.15530e+01,7.85940e-01,6.23301e+01,3.06762e+00,1.04238e+00,1.88167e+00,1.08834e+01,3.25941e+00,2.97555e-01,3.99769e+00,6.04252e+00
9.93313e-01,3.51561e+01,1.75573e-01,4.03076e+01,4.29986e-01,1.67261e+01,8.16326e+00,1.66520e+01,2.51906e+00,2.19653e+01,7.37669e-01,6.24424e+01,3.05678e+00,1.04273e+00,1.77100e+00,1.08890e+01,3.25112e+00,2.99427e-01,3.80922e+00,6.02212e+00
9.91295e-01,3.58058e+01,1.75140e-01,4.00917e+01,4.28219e-01,1.33411e+01,8.07436e+00,1.64079e+01,2.51956e+00,2.25442e+01,6.96343e-01,6.25382e+01,3.04628e+00,1.04326e+00,1.68344e+00,1.08783e+01,3.24363e+00,3.00914e-01,3.54673e+00,6.00232e+00
9.89482e-01,3.65669e+01,1.74148e-01,3.99090e+01,4.25810e-01,1.06279e+01,7.75269e+00,1.61703e+01,2.52039e+00,2.32950e+01,6.62701e-01,6.26111e+01,3.03623e+00,1.04381e+00,1.61903e+00,1.08555e+01,3.23697e+00,3.01924e-01,3.28203e+00,5.98296e+00
9.87859e-01,3.74603e+01,1.72820e-01,3.98011e+01,4.23439e-01,8.59538e+00,7.43476e+00,1.59449e+01,2.52154e+00,2.41856e+01,6.35655e-01,6.26609e+01,3.02668e+00,1.04434e+00,1.57404e+00,1.08236e+01,3.23112e+00,3.02343e-01,3.04989e+00,5.96402e+00
9.86478e-01,3.84767e+01,1.71381e-01,3.98138e+01,4.21212e-01,7.14200e+00,7.50905e+00,1.57353e+01,2.52284e+00,2.51567e+01,6.13607e-01,6.26939e+01,3.01755e+00,1.04480e+00,1.54750e+00,1.07847e+01,3.22585e+00,3.02126e-01,2.86099e+00,5.94549e+00
9.85364e-01,3.95515e+01,1.70091e-01,3.99818e+01,4.18860e-01,6.18156e+00,9.02244e+00,1.55459e+01,2.52413e+00,2.61550e+01,5.95561e-01,6.27177e+01,3.00888e+00,1.04525e+00,1.54256e+00,1.07408e+01,3.22094e+00,3.01370e-01,2.71373e+00,5.92723e+00
9.84468e-01,4.05773e+01,1.69139e-01,4.03067e+01,4.16013e-01,5.67071e+00,1.46900e+01,1.53779e+01,2.52523e+00,2.71650e+01,5.81552e-01,6.27368e+01,3.00064e+00,1.04571e+00,1.56464e+00,1.06929e+01,3.21626e+00,3.00192e-01,2.60223e+00,5.90925e+00
9.83790e-01,4.14576e+01,1.68579e-01,4.07592e+01,4.12367e-01,5.57498e+00,2.49335e+01,1.52308e+01,2.52597e+00,2.81978e+01,5.72995e-01,6.27576e+01,2.99282e+00,1.04621e+00,1.61828e+00,1.06417e+01,3.21176e+00,2.98717e-01,2.52020e+00,5.89158e+00
9.83260e-01,4.21426e+01,1.68387e-01,4.12782e+01,4.07889e-01,5.79732e+00,3.35682e+01,1.51004e+01,2.52624e+00,2.92310e+01,5.72968e-01,6.27841e+01,2.98537e+00,1.04679e+00,1.70347e+00,1.05889e+01,3.20751e+00,2.97170e-01,2.46272e+00,5.87427e+00
9.82782e-01,4.26374e+01,1.68377e-01,4.17729e+01,4.02633e-01,6.15077e+00,3.76614e+01,1.49821e+01,2.52595e+00,3.01836e+01,5.86430e-01,6.28229e+01,2.97825e+00,1.04740e+00,1.81303e+00,1.05345e+01,3.20352e+00,2.95716e-01,2.42501e+00,5.85730e+00
9.82311e-01,4.29828e+01,1.68313e-01,4.21429e+01,3.96712e-01,6.43782e+00,3.84551e+01,1.48696e+01,2.52510e+00,3.09569e+01,6.19210e-01,6.28832e+01,2.97146e+00,1.04803e+00,1.93312e+00,1.04800e+01,3.19981e+00,2.94534e-01,2.40051e+00,5.84055e+00
9.81770e-01,4.32306e+01,1.68070e-01,4.23111e+01,3.90332e-01,6.54564e+00,3.74350e+01,1.47588e+01,2.52365e+00,3.15038e+01,6.75220e-01,6.29764e+01,2.96489e+00,1.04862e+00,2.04787e+00,1.04257e+01,3.19632e+00,2.93752e-01,2.38137e+00,5.82417e+00
9.81139e-01,4.34203e+01,1.67521e-01,4.22741e+01,3.83679e-01,6.45971e+00,3.55038e+01,1.46478e+01,2.52180e+00,3.18534e+01,7.52395e-01,6.31148e+01,2.95861e+00,1.04915e+00,2.14568e+00,1.03722e+01,3.19298e+00,2.93472e-01,2.35946e+00,5.80809e+00
9.80383e-01,4.35814e+01,1.66636e-01,4.21741e+01,3.76856e-01,6.22080e+00,3.31672e+01,1.45370e+01,2.51951e+00,3.20729e+01,8.40850e-01,6.33050e+01,2.95256e+00,1.04957e+00,2.22460e+00,1.03198e+01,3.18976e+00,2.93719e-01,2.32924e+00,5.79236e+00
9.79469e-01,4.37273e+01,1.65393e-01,4.25174e+01,3.70054e-01,5.88343e+00,3.07173e+01,1.44276e+01,2.51694e+00,3.22097e+01,9.26380e-01,6.35533e+01,2.94672e+00,1.04987e+00,2.29506e+00,1.02689e+01,3.18665e+00,2.94565e-01,2.28852e+00,5.77702e+00
9.78401e-01,4.38623e+01,1.63862e-01,4.45088e+01,3.63413e-01,5.49525e+00,2.83255e+01,1.43229e+01,2.51414e+00,3.22600e+01,9.96956e-01,6.38589e+01,2.94105e+00,1.05002e+00,2.38035e+00,1.02196e+01,3.18357e+00,2.95892e-01,2.23808e+00,5.76209e+00
9.77188e-01,4.39857e+01,1.62138e-01,4.94235e+01,3.56986e-01,5.09139e+00,2.60855e+01,1.42260e+01,2.51125e+00,3.21780e+01,1.04725e+00,6.42200e+01,2.93558e+00,1.04999e+00,2.51378e+00,1.01721e+01,3.18043e+00,2.97650e-01,2.18092e+00,5.74761e+00
