2.96430e+05,3.15945e+05,2.78924e+05,3.20227e+05,2.73098e+05,3.13062e+05,3.22476e+05,3.22481e+05,3.02025e+05,2.96664e+05,3.12191e+05,2.90617e+05,3.03810e+05,3.05388e+05,3.26294e+05,3.18438e+05,3.02269e+05,3.06265e+05,3.02739e+05,3.08554e+05
1.00000e-02,1.00000e-02,1.00000e-02,1.00000e-02,1.00000e-02,1.00000e-02,1.00000e-02,1.00000e-02,1.00000e-02,1.00000e-02,1.00000e-02,1.00000e-02,1.00000e-02,1.00000e-02,1.00000e-02,1.00000e-02,1.00000e-02,1.00000e-02,1.00000e-02,1.00000e-02
1.67941e-02,1.23627e-02,2.69490e-02,1.64498e-02,2.57088e-02,1.64428e-02,1.72080e-02,2.63908e-02,1.47127e-02,1.22841e-02,1.69377e-02,1.09982e-02,1.72262e-02,1.71587e-02,1.33004e-02,1.57540e-02,1.76177e-02,1.25068e-02,3.24072e-02,1.47495e-02
2.68424e-02,1.35828e-02,4.71623e-02,2.88751e-02,4.23690e-02,2.47423e-02,3.07614e-02,4.02063e-02,2.22897e-02,1.53537e-02,2.85819e-02,1.20175e-02,2.38031e-02,2.43268e-02,1.49567e-02,2.43127e-02,2.57944e-02,1.44404e-02,7.08737e-02,2.02718e-02
3.33910e-02,1.43095e-02,6.86130e-02,4.09944e-02,6.33813e-02,3.45250e-02,4.57306e-02,4.78960e-02,3.27881e-02,2.11193e-02,3.99142e-02,1.30743e-02,2.84180e-02,3.43823e-02,1.59694e-02,3.73679e-02,3.26107e-02,1.87997e-02,9.89491e-02,2.65846e-02
3.68010e-02,1.51084e-02,8.87460e-02,4.84113e-02,8.78377e-02,4.47237e-02,5.75836e-02,5.02391e-02,4.37717e-02,3.24616e-02,4.81792e-02,1.42056e-02,3.31280e-02,4.69216e-02,1.71753e-02,5.20860e-02,3.84326e-02,2.57940e-02,1.19728e-01,3.31018e-02
3.98057e-02,1.65396e-02,1.08017e-01,5.23299e-02,1.12477e-01,5.50096e-02,6.53920e-02,5.09398e-02,5.41910e-02,5.63953e-02,5.36291e-02,1.54561e-02,4.00921e-02,5.95234e-02,1.89447e-02,6.76484e-02,4.44963e-02,3.36597e-02,1.39715e-01,4.03255e-02
4.45066e-02,1.92730e-02,1.27737e-01,5.49782e-02,1.36150e-01,6.64821e-02,7.07144e-02,5.22990e-02,6.37913e-02,1.06433e-01,5.73147e-02,1.68788e-02,4.87469e-02,7.07154e-02,2.14683e-02,8.43344e-02,5.02487e-02,4.09412e-02,1.61054e-01,4.93091e-02
5.23075e-02,2.40773e-02,1.47660e-01,5.79153e-02,1.58840e-01,8.09804e-02,7.54061e-02,5.50179e-02,7.26370e-02,1.88730e-01,5.99023e-02,1.85358e-02,5.63107e-02,8.07502e-02,2.46891e-02,1.01749e-01,5.44612e-02,4.71450e-02,1.83505e-01,6.05511e-02
6.42436e-02,3.16290e-02,1.65485e-01,6.19699e-02,1.80984e-01,9.98464e-02,8.08216e-02,5.86173e-02,8.09666e-02,2.87376e-01,6.15729e-02,2.04984e-02,6.07042e-02,9.10720e-02,2.82955e-02,1.19151e-01,5.67421e-02,5.25695e-02,2.07090e-01,7.40058e-02
8.09231e-02,4.25110e-02,1.78274e-01,6.74051e-02,2.03644e-01,1.23230e-01,8.75985e-02,6.23087e-02,8.92696e-02,3.75823e-01,6.25994e-02,2.28474e-02,6.17120e-02,1.03191e-01,3.19626e-02,1.35886e-01,5.76999e-02,5.78806e-02,2.32234e-01,8.89384e-02
1.02968e-01,5.67043e-02,1.84377e-01,7.39958e-02,2.27853e-01,1.50127e-01,9.54435e-02,6.54032e-02,9.80167e-02,4.37954e-01,6.34296e-02,2.56737e-02,6.03055e-02,1.17974e-01,3.54023e-02,1.50985e-01,5.82568e-02,6.40409e-02,2.59014e-01,1.04315e-01
1.30652e-01,7.33333e-02,1.84051e-01,8.12332e-02,2.53686e-01,1.78476e-01,1.03244e-01,6.77403e-02,1.07768e-01,4.72739e-01,6.45146e-02,2.91036e-02,5.78728e-02,1.35674e-01,3.85739e-02,1.63972e-01,5.91650e-02,7.21268e-02,2.86842e-01,1.18929e-01
1.63637e-01,9.10123e-02,1.78637e-01,8.88001e-02,2.80373e-01,2.05705e-01,1.10265e-01,6.93238e-02,1.19174e-01,4.87565e-01,6.61503e-02,3.33086e-02,5.54137e-02,1.55666e-01,4.15986e-02,1.74708e-01,6.08852e-02,8.26328e-02,3.15042e-01,1.32144e-01
2.01563e-01,1.08194e-01,1.70025e-01,9.65890e-02,3.06250e-01,2.29122e-01,1.16275e-01,7.04237e-02,1.32946e-01,4.91404e-01,6.83812e-02,3.84742e-02,5.36940e-02,1.76599e-01,4.46766e-02,1.83582e-01,6.37272e-02,9.49003e-02,3.42817e-01,1.43712e-01
2.44453e-01,1.23660e-01,1.59955e-01,1.04767e-01,3.29130e-01,2.46784e-01,1.21735e-01,7.12506e-02,1.49880e-01,4.91484e-01,7.10250e-02,4.48022e-02,5.34005e-02,1.97122e-01,4.79978e-02,1.91564e-01,6.79041e-02,1.07267e-01,3.69936e-01,1.53827e-01
2.92899e-01,1.36755e-01,1.49608e-01,1.13710e-01,3.47066e-01,2.57785e-01,1.27348e-01,7.19789e-02,1.70730e-01,4.92379e-01,7.37805e-02,5.24886e-02,5.51659e-02,2.16261e-01,5.17048e-02,1.99952e-01,7.35045e-02,1.17731e-01,3.96246e-01,1.62802e-01
3.47157e-01,1.47219e-01,1.39835e-01,1.23734e-01,3.59306e-01,2.62370e-01,1.33625e-01,7.27862e-02,1.95949e-01,4.96330e-01,7.63397e-02,6.17243e-02,6.00027e-02,2.33688e-01,5.58601e-02,2.09894e-01,8.03625e-02,1.25018e-01,4.21747e-01,1.71494e-01
4.05964e-01,1.55167e-01,1.30981e-01,1.35169e-01,3.66002e-01,2.61422e-01,1.40554e-01,7.37267e-02,2.25505e-01,5.03834e-01,7.84626e-02,7.26961e-02,6.92941e-02,2.49553e-01,6.04235e-02,2.22298e-01,8.80834e-02,1.28743e-01,4.46339e-01,1.80670e-01
4.65887e-01,1.60918e-01,1.23352e-01,1.48208e-01,3.68001e-01,2.56243e-01,1.47703e-01,7.48156e-02,2.58408e-01,5.14360e-01,8.00953e-02,8.55961e-02,8.45788e-02,2.64072e-01,6.52982e-02,2.37728e-01,9.61156e-02,1.29267e-01,4.69967e-01,1.90772e-01
5.21887e-01,1.64924e-01,1.16850e-01,1.62996e-01,3.66274e-01,2.48202e-01,1.54332e-01,7.61385e-02,2.93017e-01,5.26817e-01,8.12664e-02,1.00631e-01,1.06762e-01,2.77421e-01,7.03909e-02,2.56369e-01,1.03896e-01,1.27395e-01,4.92467e-01,2.01995e-01
5.69444e-01,1.67691e-01,1.11501e-01,1.79647e-01,3.61648e-01,2.38505e-01,1.59870e-01,7.77103e-02,3.27171e-01,5.39965e-01,8.20410e-02,1.18032e-01,1.35330e-01,2.89494e-01,7.55482e-02,2.78197e-01,1.11072e-01,1.23997e-01,5.13784e-01,2.14320e-01
6.05853e-01,1.69699e-01,1.07088e-01,1.98126e-01,3.54739e-01,2.28191e-01,1.64110e-01,7.94970e-02,3.58852e-01,5.52675e-01,8.25789e-02,1.38066e-01,1.67862e-01,3.00267e-01,8.06816e-02,3.02908e-01,1.17575e-01,1.19865e-01,5.33993e-01,2.27322e-01
6.30911e-01,1.71381e-01,1.03425e-01,2.18404e-01,3.46020e-01,2.17962e-01,1.67115e-01,8.16353e-02,3.86472e-01,5.64140e-01,8.29718e-02,1.61040e-01,2.01155e-01,3.09571e-01,8.57847e-02,3.29947e-01,1.23480e-01,1.15625e-01,5.53388e-01,2.40717e-01
6.46417e-01,1.73007e-01,1.00306e-01,2.40423e-01,3.35863e-01,2.08374e-01,1.69156e-01,8.42389e-02,4.09108e-01,5.73918e-01,8.33117e-02,1.87271e-01,2.32330e-01,3.17433e-01,9.09221e-02,3.58350e-01,1.29175e-01,1.11795e-01,5.72430e-01,2.54257e-01
6.55033e-01,1.74816e-01,9.76064e-02,2.63977e-01,3.24629e-01,1.99789e-01,1.70526e-01,8.74363e-02,4.26592e-01,5.81870e-01,8.36869e-02,2.17064e-01,2.59677e-01,3.24171e-01,9.62236e-02,3.86893e-01,1.35120e-01,1.08774e-01,5.91093e-01,2.67676e-01
6.59196e-01,1.76897e-01,9.51143e-02,2.88932e-01,3.12743e-01,1.92380e-01,1.71667e-01,9.13352e-02,4.39246e-01,5.88249e-01,8.41406e-02,2.50649e-01,2.82728e-01,3.30173e-01,1.01915e-01,4.14284e-01,1.41868e-01,1.06911e-01,6.09128e-01,2.80974e-01
6.60925e-01,1.79195e-01,9.27914e-02,3.15031e-01,3.00580e-01,1.86239e-01,1.72882e-01,9.61235e-02,4.47813e-01,5.93465e-01,8.47160e-02,2.88057e-01,3.02029e-01,3.36061e-01,1.08289e-01,4.39591e-01,1.49924e-01,1.06522e-01,6.26166e-01,2.94333e-01
6.61468e-01,1.81703e-01,9.05535e-02,3.42140e-01,2.88522e-01,1.81491e-01,1.74471e-01,1.01875e-01,4.53275e-01,5.98138e-01,8.54322e-02,3.29124e-01,3.18445e-01,3.42361e-01,1.15691e-01,4.62234e-01,1.59664e-01,1.07827e-01,6.41559e-01,3.08130e-01
6.61499e-01,1.84372e-01,8.83683e-02,3.70049e-01,2.76730e-01,1.78107e-01,1.76630e-01,1.08543e-01,4.56651e-01,6.02947e-01,8.62914e-02,3.73463e-01,3.33038e-01,3.49475e-01,1.24448e-01,4.82200e-01,1.71326e-01,1.11103e-01,6.55153e-01,3.22887e-01
6.61128e-01,1.87192e-01,8.62965e-02,3.98588e-01,2.65512e-01,1.76131e-01,1.79476e-01,1.16223e-01,4.58899e-01,6.08585e-01,8.73048e-02,4.20482e-01,3.46787e-01,3.57568e-01,1.34954e-01,4.99950e-01,1.84814e-01,1.16454e-01,6.67015e-01,3.39382e-01
6.60223e-01,1.90197e-01,8.43142e-02,4.27624e-01,2.54982e-01,1.75602e-01,1.83057e-01,1.24735e-01,4.60934e-01,6.15758e-01,8.84716e-02,4.69416e-01,3.60507e-01,3.66710e-01,1.47466e-01,5.16288e-01,1.99766e-01,1.23767e-01,6.77438e-01,3.58443e-01
6.58571e-01,1.93440e-01,8.24337e-02,4.56980e-01,2.45172e-01,1.76527e-01,1.87464e-01,1.33941e-01,4.63530e-01,6.25126e-01,8.97621e-02,5.19407e-01,3.74722e-01,3.76689e-01,1.62113e-01,5.32339e-01,2.15600e-01,1.32756e-01,6.87290e-01,3.81047e-01
6.56056e-01,1.97083e-01,8.06645e-02,4.86607e-01,2.36184e-01,1.79058e-01,1.92667e-01,1.43745e-01,4.67310e-01,6.37286e-01,9.12123e-02,5.69639e-01,3.89781e-01,3.87253e-01,1.78911e-01,5.49334e-01,2.31601e-01,1.42943e-01,6.97340e-01,4.08201e-01
6.52634e-01,2.01343e-01,7.90324e-02,5.16370e-01,2.28121e-01,1.83290e-01,1.98541e-01,1.53969e-01,4.72637e-01,6.52745e-01,9.28699e-02,6.19380e-01,4.05838e-01,3.97962e-01,1.97718e-01,5.68620e-01,2.47054e-01,1.53644e-01,7.08704e-01,4.40818e-01
6.48542e-01,2.06486e-01,7.75058e-02,5.46369e-01,2.20882e-01,1.89433e-01,2.04964e-01,1.64532e-01,4.79718e-01,6.71906e-01,9.46866e-02,6.68056e-01,4.22929e-01,4.08592e-01,2.18261e-01,5.91506e-01,2.61495e-01,1.64115e-01,7.22204e-01,4.79348e-01
6.43986e-01,2.12711e-01,7.61396e-02,5.76628e-01,2.14489e-01,1.97681e-01,2.11685e-01,1.75230e-01,4.88445e-01,6.95000e-01,9.67430e-02,7.15275e-01,4.41090e-01,4.18934e-01,2.40349e-01,6.18991e-01,2.74583e-01,1.73645e-01,7.38719e-01,5.23626e-01
6.39459e-01,2.20329e-01,7.49531e-02,6.07305e-01,2.08846e-01,2.08169e-01,2.18598e-01,1.86051e-01,4.98612e-01,7.22234e-01,9.91074e-02,7.60834e-01,4.60137e-01,4.29018e-01,2.63807e-01,6.51442e-01,2.86152e-01,1.81761e-01,7.58599e-01,5.73052e-01
6.35424e-01,2.29469e-01,7.38542e-02,6.38441e-01,2.03977e-01,2.21007e-01,2.25630e-01,1.96923e-01,5.09960e-01,7.53535e-01,1.01857e-01,8.04733e-01,4.80056e-01,4.39201e-01,2.88552e-01,6.88679e-01,2.96176e-01,1.88081e-01,7.82143e-01,6.26446e-01
6.32360e-01,2.40271e-01,7.28868e-02,6.70138e-01,1.99710e-01,2.36190e-01,2.32738e-01,2.07842e-01,5.22205e-01,7.88855e-01,1.05165e-01,8.47082e-01,5.00960e-01,4.50335e-01,3.14558e-01,7.29509e-01,3.04772e-01,1.92440e-01,8.09241e-01,6.82283e-01
6.30777e-01,2.52670e-01,7.20832e-02,7.02453e-01,1.96075e-01,2.53449e-01,2.40048e-01,2.18784e-01,5.35323e-01,8.27845e-01,1.09123e-01,8.88121e-01,5.23011e-01,4.63590e-01,3.41769e-01,7.72080e-01,3.12059e-01,1.94892e-01,8.39639e-01,7.38959e-01
6.31044e-01,2.66514e-01,7.13914e-02,7.35397e-01,1.93042e-01,2.72302e-01,2.47772e-01,2.29693e-01,5.49393e-01,8.70262e-01,1.13888e-01,9.28208e-01,5.46556e-01,4.80466e-01,3.70052e-01,8.14202e-01,3.18143e-01,1.95644e-01,8.72636e-01,7.94868e-01
6.33399e-01,2.81451e-01,7.07998e-02,7.68855e-01,1.90529e-01,2.92139e-01,2.56221e-01,2.40641e-01,5.64830e-01,9.15553e-01,1.19562e-01,9.67734e-01,5.72185e-01,5.02627e-01,3.99039e-01,8.53792e-01,3.23257e-01,1.94942e-01,9.07480e-01,8.48797e-01
6.38019e-01,2.97074e-01,7.03210e-02,8.02793e-01,1.88451e-01,3.12343e-01,2.65693e-01,2.51649e-01,5.82084e-01,9.63358e-01,1.26183e-01,1.00707e+00,6.00868e-01,5.31468e-01,4.28284e-01,8.89211e-01,3.27507e-01,1.93076e-01,9.43601e-01,8.99543e-01
6.44698e-01,3.12876e-01,6.99353e-02,8.37003e-01,1.86792e-01,3.32303e-01,2.76554e-01,2.62707e-01,6.01674e-01,1.01304e+00,1.33684e-01,1.04662e+00,6.33666e-01,5.67318e-01,4.57232e-01,9.19461e-01,3.31078e-01,1.90338e-01,9.80251e-01,9.46141e-01
6.53011e-01,3.28416e-01,6.96423e-02,8.71283e-01,1.85530e-01,3.51595e-01,2.89130e-01,2.73769e-01,6.23971e-01,1.06415e+00,1.41873e-01,1.08673e+00,6.71660e-01,6.09149e-01,4.85238e-01,9.44270e-01,3.34046e-01,1.86924e-01,1.01680e+00,9.87990e-01
6.62408e-01,3.43281e-01,6.94133e-02,9.05314e-01,1.84526e-01,3.69998e-01,3.03639e-01,2.84867e-01,6.49336e-01,1.11610e+00,1.50475e-01,1.12775e+00,7.15970e-01,6.54210e-01,5.11997e-01,9.63770e-01,3.36541e-01,1.83124e-01,1.05258e+00,1.02468e+00
6.72203e-01,3.57149e-01,6.92676e-02,9.38840e-01,1.83807e-01,3.87527e-01,3.20237e-01,2.96060e-01,6.77584e-01,1.16850e+00,1.59059e-01,1.16997e+00,7.66983e-01,6.98867e-01,5.37080e-01,9.78637e-01,3.38677e-01,1.79081e-01,1.08749e+00,1.05596e+00
6.81626e-01,3.69827e-01,6.91721e-02,9.71525e-01,1.83319e-01,4.04260e-01,3.38918e-01,3.07393e-01,7.08399e-01,1.22087e+00,1.67286e-01,1.21363e+00,8.24703e-01,7.39470e-01,5.60363e-01,9.89478e-01,3.40467e-01,1.74947e-01,1.12112e+00,1.08185e+00
6.89971e-01,3.81212e-01,6.91475e-02,1.00310e+00,1.83085e-01,4.20435e-01,3.59592e-01,3.18985e-01,7.41199e-01,1.27285e+00,1.74836e-01,1.25890e+00,8.87893e-01,7.73164e-01,5.81824e-01,9.97013e-01,3.42067e-01,1.70823e-01,1.15327e+00,1.10242e+00
6.96743e-01,3.91345e-01,6.91279e-02,1.03323e+00,1.83003e-01,4.36191e-01,3.81923e-01,3.30858e-01,7.75165e-01,1.32412e+00,1.81467e-01,1.30591e+00,9.54700e-01,7.98487e-01,6.01288e-01,1.00206e+00,3.43504e-01,1.66791e-01,1.18413e+00,1.11804e+00
7.01498e-01,4.00287e-01,6.90836e-02,1.06166e+00,1.83053e-01,4.51505e-01,4.05556e-01,3.43377e-01,8.09458e-01,1.37449e+00,1.87065e-01,1.35471e+00,1.02261e+00,8.15152e-01,6.18790e-01,1.00520e+00,3.44906e-01,1.62917e-01,1.21328e+00,1.12899e+00
7.04104e-01,4.08196e-01,6.91096e-02,1.08837e+00,1.83229e-01,4.66392e-01,4.29880e-01,3.56407e-01,8.43272e-01,1.42382e+00,1.91589e-01,1.40529e+00,1.08900e+00,8.23945e-01,6.34220e-01,1.00705e+00,3.46330e-01,1.59234e-01,1.24086e+00,1.13588e+00
7.04477e-01,4.15222e-01,6.91610e-02,1.11325e+00,1.83533e-01,4.80627e-01,4.54330e-01,3.70141e-01,8.75961e-01,1.47202e+00,1.95110e-01,1.45755e+00,1.15140e+00,8.25961e-01,6.47481e-01,1.00803e+00,3.47871e-01,1.55755e-01,1.26657e+00,1.13916e+00
7.02821e-01,4.21529e-01,6.92335e-02,1.13635e+00,1.83877e-01,4.93948e-01,4.78131e-01,3.84646e-01,9.07047e-01,1.51923e+00,1.97733e-01,1.51132e+00,1.20798e+00,8.22552e-01,6.58375e-01,1.00869e+00,3.49618e-01,1.52530e-01,1.29015e+00,1.13943e+00
6.99235e-01,4.27350e-01,6.93101e-02,1.15782e+00,1.84311e-01,5.06103e-01,5.00810e-01,3.99976e-01,9.36196e-01,1.56544e+00,1.99637e-01,1.56631e+00,1.25755e+00,8.15033e-01,6.66902e-01,1.00942e+00,3.51668e-01,1.49515e-01,1.31156e+00,1.13738e+00
6.94086e-01,4.32799e-01,6.93872e-02,1.17800e+00,1.84784e-01,5.16912e-01,5.21772e-01,4.16075e-01,9.63196e-01,1.61080e+00,2.00998e-01,1.62226e+00,1.29976e+00,8.04487e-01,6.72890e-01,1.01062e+00,3.54075e-01,1.46782e-01,1.33048e+00,1.13353e+00
6.87689e-01,4.38091e-01,6.94691e-02,1.19714e+00,1.85287e-01,5.26262e-01,5.40767e-01,4.32880e-01,9.88074e-01,1.65545e+00,2.02048e-01,1.67884e+00,1.33435e+00,7.91908e-01,6.76383e-01,1.01249e+00,3.56965e-01,1.44256e-01,1.34689e+00,1.12844e+00
6.80280e-01,4.43343e-01,6.95713e-02,1.21569e+00,1.85848e-01,5.34250e-01,5.57680e-01,4.50320e-01,1.01080e+00,1.69932e+00,2.02975e-01,1.73564e+00,1.36174e+00,7.77952e-01,6.77522e-01,1.01527e+00,3.60413e-01,1.42017e-01,1.36043e+00,1.12269e+00
6.72088e-01,4.48685e-01,6.97057e-02,1.23408e+00,1.86392e-01,5.41063e-01,5.72496e-01,4.68160e-01,1.03140e+00,1.74237e+00,2.04009e-01,1.79218e+00,1.38263e+00,7.63231e-01,6.76414e-01,1.01908e+00,3.64441e-01,1.39954e-01,1.37110e+00,1.11679e+00
6.63477e-01,4.54212e-01,6.98617e-02,1.25275e+00,1.86932e-01,5.46963e-01,5.85354e-01,4.86310e-01,1.05008e+00,1.78422e+00,2.05326e-01,1.84811e+00,1.39772e+00,7.48207e-01,6.73224e-01,1.02396e+00,3.69098e-01,1.38106e-01,1.37879e+00,1.11111e+00
6.54657e-01,4.60029e-01,7.00100e-02,1.27222e+00,1.87530e-01,5.52113e-01,5.96529e-01,5.04650e-01,1.06682e+00,1.82464e+00,2.07081e-01,1.90303e+00,1.40783e+00,7.33254e-01,6.68211e-01,1.02992e+00,3.74423e-01,1.36423e-01,1.38347e+00,1.10596e+00
6.45746e-01,4.66222e-01,7.01890e-02,1.29294e+00,1.88114e-01,5.56863e-01,6.06507e-01,5.23078e-01,1.08198e+00,1.86314e+00,2.09457e-01,1.95660e+00,1.41369e+00,7.18569e-01,6.61632e-01,1.03671e+00,3.80428e-01,1.34920e-01,1.38535e+00,1.10144e+00
6.36915e-01,4.72870e-01,7.03492e-02,1.31545e+00,1.88666e-01,5.61422e-01,6.15537e-01,5.41577e-01,1.09558e+00,1.89923e+00,2.12696e-01,2.00852e+00,1.41620e+00,7.04320e-01,6.53765e-01,1.04428e+00,3.87127e-01,1.33621e-01,1.38459e+00,1.09771e+00
6.28259e-01,4.80140e-01,7.05121e-02,1.34029e+00,1.89157e-01,5.65896e-01,6.24074e-01,5.60216e-01,1.10789e+00,1.93252e+00,2.16827e-01,2.05854e+00,1.41608e+00,6.90618e-01,6.44842e-01,1.05238e+00,3.94490e-01,1.32463e-01,1.38131e+00,1.09480e+00
6.19911e-01,4.88014e-01,7.06319e-02,1.36792e+00,1.89611e-01,5.70435e-01,6.32411e-01,5.79071e-01,1.11901e+00,1.96258e+00,2.22010e-01,2.10652e+00,1.41376e+00,6.77490e-01,6.35185e-01,1.06086e+00,4.02507e-01,1.31495e-01,1.37578e+00,1.09251e+00
6.11941e-01,4.96658e-01,7.07618e-02,1.39889e+00,1.90107e-01,5.74976e-01,6.40799e-01,5.98294e-01,1.12928e+00,1.98917e+00,2.28175e-01,2.15239e+00,1.41012e+00,6.65063e-01,6.24867e-01,1.06944e+00,4.11018e-01,1.30653e-01,1.36834e+00,1.09079e+00
6.04300e-01,5.06272e-01,7.09117e-02,1.43365e+00,1.90600e-01,5.79512e-01,6.49459e-01,6.18201e-01,1.13885e+00,2.01209e+00,2.35329e-01,2.19611e+00,1.40548e+00,6.53318e-01,6.14223e-01,1.07794e+00,4.19990e-01,1.29967e-01,1.35933e+00,1.08937e+00
5.97128e-01,5.17067e-01,7.10531e-02,1.47256e+00,1.91110e-01,5.83750e-01,6.58609e-01,6.39320e-01,1.14802e+00,2.03143e+00,2.43304e-01,2.23776e+00,1.40020e+00,6.42346e-01,6.03398e-01,1.08624e+00,4.29357e-01,1.29395e-01,1.34914e+00,1.08807e+00
5.90448e-01,5.29219e-01,7.12161e-02,1.51584e+00,1.91620e-01,5.87726e-01,6.68248e-01,6.61931e-01,1.15694e+00,2.04731e+00,2.51954e-01,2.27754e+00,1.39482e+00,6.32126e-01,5.92491e-01,1.09429e+00,4.39037e-01,1.28949e-01,1.33796e+00,1.08672e+00
5.84232e-01,5.42946e-01,7.13938e-02,1.56362e+00,1.92018e-01,5.91185e-01,6.78384e-01,6.86702e-01,1.16578e+00,2.05988e+00,2.61019e-01,2.31564e+00,1.38948e+00,6.22604e-01,5.81635e-01,1.10204e+00,4.49027e-01,1.28598e-01,1.32616e+00,1.08504e+00
5.78499e-01,5.58551e-01,7.16005e-02,1.61587e+00,1.92426e-01,5.94006e-01,6.89057e-01,7.14234e-01,1.17488e+00,2.06964e+00,2.70229e-01,2.35233e+00,1.38446e+00,6.13804e-01,5.71034e-01,1.10945e+00,4.59271e-01,1.28336e-01,1.31408e+00,1.08288e+00
5.73241e-01,5.76278e-01,7.18128e-02,1.67230e+00,1.92840e-01,5.96140e-01,7.00151e-01,7.44960e-01,1.18439e+00,2.07699e+00,2.79335e-01,2.38796e+00,1.37978e+00,6.05703e-01,5.60716e-01,1.11677e+00,4.69789e-01,1.28155e-01,1.30191e+00,1.08038e+00
5.68442e-01,5.96469e-01,7.20127e-02,1.73235e+00,1.93256e-01,5.97515e-01,7.11473e-01,7.79531e-01,1.19444e+00,2.08232e+00,2.88121e-01,2.42287e+00,1.37563e+00,5.98326e-01,5.50725e-01,1.12406e+00,4.80744e-01,1.28032e-01,1.28979e+00,1.07734e+00
5.64123e-01,6.19225e-01,7.22444e-02,1.79541e+00,1.93624e-01,5.98097e-01,7.22886e-01,8.18166e-01,1.20519e+00,2.08630e+00,2.96411e-01,2.45740e+00,1.37200e+00,5.91544e-01,5.41112e-01,1.13156e+00,4.92320e-01,1.27969e-01,1.27793e+00,1.07383e+00
5.60271e-01,6.44812e-01,7.24087e-02,1.86060e+00,1.94007e-01,5.97935e-01,7.34393e-01,8.61218e-01,1.21665e+00,2.08930e+00,3.04030e-01,2.49195e+00,1.36892e+00,5.85430e-01,5.31971e-01,1.13956e+00,5.04726e-01,1.27951e-01,1.26667e+00,1.06982e+00
5.56788e-01,6.73262e-01,7.25520e-02,1.92700e+00,1.94364e-01,5.97073e-01,7.45704e-01,9.08389e-01,1.22895e+00,2.09201e+00,3.10917e-01,2.52692e+00,1.36629e+00,5.79924e-01,5.23250e-01,1.14830e+00,5.18194e-01,1.27963e-01,1.25601e+00,1.06536e+00
5.53679e-01,7.04543e-01,7.26716e-02,1.99376e+00,1.94682e-01,5.95561e-01,7.56987e-01,9.59139e-01,1.24180e+00,2.09489e+00,3.17043e-01,2.56264e+00,1.36418e+00,5.74988e-01,5.15040e-01,1.15812e+00,5.33086e-01,1.28063e-01,1.24604e+00,1.06056e+00
5.51042e-01,7.38577e-01,7.27652e-02,2.06035e+00,1.94983e-01,5.93450e-01,7.68065e-01,1.01259e+00,1.25532e+00,2.09857e+00,3.22401e-01,2.59951e+00,1.36254e+00,5.70525e-01,5.07292e-01,1.16942e+00,5.49762e-01,1.28163e-01,1.23698e+00,1.05554e+00
5.48689e-01,7.74995e-01,7.28583e-02,2.12622e+00,1.95225e-01,5.90888e-01,7.79031e-01,1.06747e+00,1.26921e+00,2.10364e+00,3.26986e-01,2.63782e+00,1.36102e+00,5.66696e-01,5.00057e-01,1.18254e+00,5.68527e-01,1.28323e-01,1.22895e+00,1.05042e+00
5.46667e-01,8.13507e-01,7.29323e-02,2.19125e+00,1.95477e-01,5.87931e-01,7.90084e-01,1.12237e+00,1.28323e+00,2.11061e+00,3.30864e-01,2.67780e+00,1.35981e+00,5.63336e-01,4.93321e-01,1.19785e+00,5.89698e-01,1.28511e-01,1.22189e+00,1.04516e+00
5.44994e-01,8.53462e-01,7.30289e-02,2.25544e+00,1.95712e-01,5.84630e-01,8.01359e-01,1.17582e+00,1.29704e+00,2.12018e+00,3.34064e-01,2.71962e+00,1.35871e+00,5.60405e-01,4.87071e-01,1.21572e+00,6.13570e-01,1.28663e-01,1.21592e+00,1.03996e+00
5.43504e-01,8.94265e-01,7.31200e-02,2.31918e+00,1.95973e-01,5.81123e-01,8.13098e-01,1.22652e+00,1.31036e+00,2.13276e+00,3.36675e-01,2.76347e+00,1.35773e+00,5.57907e-01,4.81291e-01,1.23649e+00,6.40316e-01,1.28840e-01,1.21097e+00,1.03482e+00
5.42338e-01,9.35320e-01,7.32077e-02,2.38286e+00,1.96248e-01,5.77393e-01,8.25641e-01,1.27339e+00,1.32286e+00,2.14915e+00,3.38728e-01,2.80942e+00,1.35674e+00,5.55809e-01,4.75988e-01,1.26069e+00,6.70155e-01,1.29023e-01,1.20715e+00,1.03001e+00
5.41389e-01,9.75825e-01,7.32904e-02,2.44711e+00,1.96486e-01,5.73611e-01,8.39394e-01,1.31569e+00,1.33425e+00,2.16962e+00,3.40314e-01,2.85752e+00,1.35590e+00,5.54085e-01,4.71157e-01,1.28859e+00,7.03088e-01,1.29204e-01,1.20424e+00,1.02536e+00
5.40663e-01,1.01510e+00,7.33829e-02,2.51245e+00,1.96685e-01,5.69701e-01,8.54711e-01,1.35293e+00,1.34434e+00,2.19487e+00,3.41381e-01,2.90769e+00,1.35506e+00,5.52671e-01,4.66748e-01,1.32052e+00,7.39157e-01,1.29401e-01,1.20242e+00,1.02101e+00
5.40100e-01,1.05260e+00,7.34550e-02,2.57953e+00,1.96855e-01,5.65741e-01,8.71942e-01,1.38484e+00,1.35293e+00,2.22506e+00,3.42080e-01,2.95980e+00,1.35420e+00,5.51584e-01,4.62762e-01,1.35678e+00,7.78391e-01,1.29603e-01,1.20149e+00,1.01706e+00
5.39724e-01,1.08775e+00,7.35121e-02,2.64883e+00,1.97031e-01,5.61793e-01,8.91436e-01,1.41161e+00,1.35978e+00,2.26060e+00,3.42309e-01,3.01378e+00,1.35342e+00,5.50753e-01,4.59196e-01,1.39734e+00,8.20946e-01,1.29799e-01,1.20129e+00,1.01354e+00
5.39544e-01,1.12021e+00,7.35255e-02,2.72066e+00,1.97184e-01,5.57901e-01,9.13445e-01,1.43331e+00,1.36508e+00,2.30160e+00,3.42187e-01,3.06936e+00,1.35279e+00,5.50147e-01,4.55985e-01,1.44248e+00,8.67177e-01,1.30017e-01,1.20186e+00,1.01050e+00
5.39454e-01,1.14957e+00,7.35964e-02,2.79517e+00,1.97299e-01,5.54036e-01,9.38134e-01,1.45039e+00,1.36866e+00,2.34792e+00,3.41680e-01,3.12617e+00,1.35227e+00,5.49708e-01,4.53155e-01,1.49200e+00,9.17524e-01,1.30207e-01,1.20313e+00,1.00798e+00
5.39535e-01,1.17574e+00,7.36687e-02,2.87247e+00,1.97433e-01,5.50291e-01,9.65508e-01,1.46324e+00,1.37059e+00,2.39951e+00,3.40870e-01,3.18391e+00,1.35196e+00,5.49562e-01,4.50678e-01,1.54552e+00,9.72567e-01,1.30372e-01,1.20479e+00,1.00601e+00
5.39707e-01,1.19856e+00,7.37313e-02,2.95256e+00,1.97490e-01,5.46652e-01,9.95318e-01,1.47228e+00,1.37098e+00,2.45579e+00,3.39744e-01,3.24229e+00,1.35176e+00,5.49519e-01,4.48501e-01,1.60261e+00,1.03279e+00,1.30532e-01,1.20692e+00,1.00466e+00
5.39907e-01,1.21811e+00,7.37884e-02,3.03507e+00,1.97536e-01,5.43111e-01,1.02718e+00,1.47809e+00,1.37000e+00,2.51629e+00,3.38336e-01,3.30092e+00,1.35176e+00,5.49621e-01,4.46618e-01,1.66239e+00,1.09846e+00,1.30704e-01,1.20920e+00,1.00401e+00
5.40169e-01,1.23447e+00,7.38238e-02,3.11985e+00,1.97639e-01,5.39699e-01,1.06052e+00,1.48107e+00,1.36780e+00,2.58039e+00,3.36688e-01,3.35946e+00,1.35214e+00,5.49910e-01,4.45034e-01,1.72402e+00,1.16950e+00,1.30875e-01,1.21160e+00,1.00413e+00
5.40568e-01,1.24782e+00,7.38452e-02,3.20672e+00,1.98012e-01,5.36375e-01,1.09465e+00,1.48170e+00,1.36457e+00,2.64733e+00,3.34849e-01,3.41751e+00,1.35266e+00,5.50302e-01,4.43669e-01,1.78640e+00,1.24509e+00,1.31057e-01,1.21408e+00,1.00515e+00
5.41036e-01,1.25838e+00,7.38805e-02,3.29554e+00,1.98121e-01,5.33172e-01,1.12879e+00,1.48028e+00,1.36042e+00,2.71655e+00,3.32794e-01,3.47475e+00,1.35347e+00,5.50794e-01,4.42538e-01,1.84822e+00,1.32392e+00,1.31237e-01,1.21638e+00,1.00705e+00
5.41635e-01,1.26632e+00,7.39220e-02,3.38592e+00,1.98113e-01,5.30139e-01,1.16213e+00,1.47726e+00,1.35558e+00,2.78727e+00,3.30597e-01,3.53085e+00,1.35444e+00,5.51307e-01,4.41660e-01,1.90839e+00,1.40427e+00,1.31412e-01,1.21844e+00,1.01000e+00
5.42171e-01,1.27199e+00,7.39536e-02,3.47795e+00,1.98056e-01,5.27219e-01,1.19410e+00,1.47305e+00,1.35022e+00,2.85898e+00,3.28270e-01,3.58553e+00,1.35568e+00,5.51863e-01,4.40922e-01,1.96576e+00,1.48409e+00,1.31583e-01,1.22016e+00,1.01408e+00
5.42767e-01,1.27565e+00,7.39525e-02,3.57180e+00,1.98024e-01,5.24456e-01,1.22420e+00,1.46780e+00,1.34439e+00,2.93122e+00,3.25809e-01,3.63858e+00,1.35704e+00,5.52523e-01,4.40365e-01,2.01938e+00,1.56149e+00,1.31716e-01,1.22169e+00,1.01952e+00
5.43423e-01,1.27761e+00,7.39790e-02,3.66729e+00,1.98038e-01,5.21842e-01,1.25204e+00,1.46194e+00,1.33836e+00,3.00374e+00,3.23328e-01,3.68969e+00,1.35858e+00,5.53236e-01,4.39950e-01,2.06871e+00,1.63480e+00,1.31861e-01,1.22290e+00,1.02645e+00
5.44060e-01,1.27809e+00,7.40368e-02,3.76430e+00,1.98028e-01,5.19411e-01,1.27741e+00,1.45571e+00,1.33215e+00,3.07632e+00,3.20782e-01,3.73865e+00,1.36012e+00,5.53946e-01,4.39667e-01,2.11318e+00,1.70263e+00,1.32015e-01,1.22378e+00,1.03505e+00
5.44677e-01,1.27736e+00,7.40404e-02,3.86281e+00,1.98021e-01,5.17121e-01,1.30015e+00,1.44931e+00,1.32587e+00,3.14894e+00,3.18202e-01,3.78546e+00,1.36183e+00,5.54688e-01,4.39557e-01,2.15271e+00,1.76393e+00,1.32161e-01,1.22416e+00,1.04547e+00
5.45291e-01,1.27565e+00,7.40626e-02,3.96239e+00,1.98037e-01,5.14979e-01,1.32040e+00,1.44306e+00,1.31966e+00,3.22159e+00,3.15591e-01,3.83011e+00,1.36335e+00,5.55422e-01,4.39521e-01,2.18735e+00,1.81819e+00,1.32301e-01,1.22423e+00,1.05782e+00
5.45909e-01,1.27324e+00,7.40846e-02,4.06261e+00,1.98091e-01,5.13030e-01,1.33818e+00,1.43715e+00,1.31352e+00,3.29444e+00,3.13025e-01,3.87254e+00,1.36476e+00,5.56209e-01,4.39578e-01,2.21701e+00,1.86507e+00,1.32426e-01,1.22389e+00,1.07232e+00
5.46495e-01,1.27032e+00,7.40815e-02,4.16276e+00,1.98210e-01,5.11229e-01,1.35365e+00,1.43169e+00,1.30755e+00,3.36763e+00,3.10507e-01,3.91273e+00,1.36613e+00,5.56988e-01,4.39705e-01,2.24225e+00,1.90464e+00,1.32530e-01,1.22311e+00,1.08918e+00
5.47108e-01,1.26709e+00,7.41230e-02,4.26187e+00,1.98394e-01,5.09537e-01,1.36703e+00,1.42700e+00,1.30182e+00,3.44124e+00,3.08041e-01,3.95081e+00,1.36731e+00,5.57775e-01,4.39918e-01,2.26325e+00,1.93712e+00,1.32629e-01,1.22211e+00,1.10862e+00
5.47716e-01,1.26377e+00,7.41629e-02,4.35914e+00,1.98618e-01,5.07976e-01,1.37850e+00,1.42320e+00,1.29635e+00,3.51545e+00,3.05646e-01,3.98696e+00,1.36825e+00,5.58585e-01,4.40188e-01,2.28070e+00,1.96295e+00,1.32742e-01,1.22084e+00,1.13071e+00
5.48289e-01,1.26060e+00,7.41860e-02,4.45359e+00,1.98835e-01,5.06563e-01,1.38822e+00,1.42049e+00,1.29112e+00,3.59026e+00,3.03343e-01,4.02125e+00,1.36906e+00,5.59368e-01,4.40456e-01,2.29487e+00,1.98275e+00,1.32818e-01,1.21940e+00,1.15558e+00
5.48820e-01,1.25771e+00,7.41861e-02,4.54439e+00,1.99041e-01,5.05306e-01,1.39636e+00,1.41899e+00,1.28613e+00,3.66577e+00,3.01124e-01,4.05389e+00,1.36970e+00,5.60116e-01,4.40772e-01,2.30630e+00,1.99727e+00,1.32861e-01,1.21774e+00,1.18345e+00
5.49353e-01,1.25532e+00,7.41733e-02,4.63077e+00,1.99193e-01,5.04130e-01,1.40305e+00,1.41890e+00,1.28155e+00,3.74186e+00,2.98979e-01,4.08524e+00,1.37012e+00,5.60847e-01,4.41084e-01,2.31552e+00,2.00725e+00,1.32944e-01,1.21593e+00,1.21428e+00
5.49882e-01,1.25366e+00,7.41728e-02,4.71209e+00,1.99257e-01,5.03123e-01,1.40846e+00,1.42026e+00,1.27723e+00,3.81839e+00,2.96938e-01,4.11559e+00,1.37026e+00,5.61543e-01,4.41450e-01,2.32284e+00,2.01335e+00,1.33046e-01,1.21403e+00,1.24798e+00
5.50373e-01,1.25290e+00,7.41532e-02,4.78800e+00,1.99250e-01,5.02168e-01,1.41259e+00,1.42321e+00,1.27322e+00,3.89522e+00,2.94928e-01,4.14523e+00,1.37016e+00,5.62216e-01,4.41845e-01,2.32878e+00,2.01624e+00,1.33122e-01,1.21206e+00,1.28450e+00
5.50882e-01,1.25328e+00,7.41531e-02,4.85798e+00,1.99184e-01,5.01313e-01,1.41557e+00,1.42778e+00,1.26954e+00,3.97198e+00,2.92990e-01,4.17453e+00,1.36990e+00,5.62859e-01,4.42210e-01,2.33389e+00,2.01655e+00,1.33167e-01,1.21008e+00,1.32348e+00
5.51411e-01,1.25510e+00,7.41431e-02,4.92163e+00,1.99046e-01,5.00586e-01,1.41745e+00,1.43402e+00,1.26619e+00,4.04845e+00,2.91145e-01,4.20387e+00,1.36941e+00,5.63470e-01,4.42582e-01,2.33844e+00,2.01478e+00,1.33194e-01,1.20808e+00,1.36457e+00
5.51944e-01,1.25864e+00,7.41037e-02,4.97866e+00,1.98827e-01,4.99953e-01,1.41824e+00,1.44184e+00,1.26316e+00,4.12438e+00,2.89414e-01,4.23363e+00,1.36877e+00,5.64064e-01,4.42953e-01,2.34298e+00,2.01146e+00,1.33218e-01,1.20594e+00,1.40734e+00
5.52509e-01,1.26429e+00,7.40843e-02,5.02922e+00,1.98580e-01,4.99449e-01,1.41808e+00,1.45119e+00,1.26043e+00,4.19952e+00,2.87793e-01,4.26427e+00,1.36797e+00,5.64639e-01,4.43337e-01,2.34797e+00,2.00707e+00,1.33240e-01,1.20381e+00,1.45111e+00
5.53105e-01,1.27237e+00,7.40810e-02,5.07322e+00,1.98340e-01,4.98975e-01,1.41700e+00,1.46183e+00,1.25801e+00,4.27370e+00,2.86292e-01,4.29620e+00,1.36701e+00,5.65187e-01,4.43710e-01,2.35383e+00,2.00180e+00,1.33254e-01,1.20182e+00,1.49541e+00
5.53774e-01,1.28333e+00,7.40571e-02,5.11086e+00,1.98089e-01,4.98609e-01,1.41515e+00,1.47354e+00,1.25583e+00,4.34672e+00,2.84914e-01,4.32980e+00,1.36597e+00,5.65688e-01,4.44102e-01,2.36098e+00,1.99578e+00,1.33252e-01,1.19992e+00,1.53939e+00
5.54557e-01,1.29767e+00,7.40625e-02,5.14234e+00,1.97821e-01,4.98233e-01,1.41252e+00,1.48618e+00,1.25395e+00,4.41856e+00,2.83664e-01,4.36557e+00,1.36485e+00,5.66137e-01,4.44573e-01,2.36994e+00,1.98924e+00,1.33238e-01,1.19808e+00,1.58252e+00
5.55495e-01,1.31583e+00,7.40337e-02,5.16802e+00,1.97590e-01,4.97935e-01,1.40918e+00,1.49959e+00,1.25234e+00,4.48931e+00,2.82487e-01,4.40393e+00,1.36370e+00,5.66565e-01,4.45042e-01,2.38120e+00,1.98228e+00,1.33253e-01,1.19628e+00,1.62429e+00
5.56613e-01,1.33839e+00,7.39860e-02,5.18836e+00,1.97364e-01,4.97656e-01,1.40522e+00,1.51355e+00,1.25094e+00,4.55905e+00,2.81422e-01,4.44519e+00,1.36250e+00,5.66977e-01,4.45461e-01,2.39511e+00,1.97494e+00,1.33278e-01,1.19452e+00,1.66429e+00
5.57967e-01,1.36582e+00,7.39375e-02,5.20382e+00,1.97106e-01,4.97466e-01,1.40068e+00,1.52779e+00,1.24984e+00,4.62814e+00,2.80470e-01,4.48980e+00,1.36130e+00,5.67322e-01,4.45884e-01,2.41214e+00,1.96723e+00,1.33300e-01,1.19302e+00,1.70216e+00
5.59581e-01,1.39852e+00,7.39119e-02,5.21509e+00,1.96855e-01,4.97306e-01,1.39571e+00,1.54202e+00,1.24888e+00,4.69693e+00,2.79543e-01,4.53812e+00,1.36011e+00,5.67612e-01,4.46321e-01,2.43250e+00,1.95925e+00,1.33309e-01,1.19159e+00,1.73774e+00
5.61505e-01,1.43693e+00,7.38974e-02,5.22275e+00,1.96586e-01,4.97261e-01,1.39034e+00,1.55624e+00,1.24808e+00,4.76590e+00,2.78696e-01,4.59041e+00,1.35897e+00,5.67856e-01,4.46733e-01,2.45663e+00,1.95093e+00,1.33296e-01,1.19026e+00,1.77081e+00
5.63861e-01,1.48116e+00,7.38585e-02,5.22716e+00,1.96343e-01,4.97231e-01,1.38463e+00,1.57018e+00,1.24747e+00,4.83563e+00,2.77935e-01,4.64702e+00,1.35783e+00,5.68105e-01,4.47116e-01,2.48436e+00,1.94239e+00,1.33256e-01,1.18889e+00,1.80159e+00
5.66632e-01,1.53133e+00,7.37971e-02,5.22907e+00,1.96119e-01,4.97268e-01,1.37866e+00,1.58391e+00,1.24697e+00,4.90671e+00,2.77281e-01,4.70815e+00,1.35676e+00,5.68382e-01,4.47510e-01,2.51570e+00,1.93358e+00,1.33201e-01,1.18762e+00,1.83015e+00
5.69900e-01,1.58726e+00,7.37676e-02,5.22906e+00,1.95924e-01,4.97272e-01,1.37249e+00,1.59728e+00,1.24669e+00,4.97973e+00,2.76737e-01,4.77402e+00,1.35570e+00,5.68693e-01,4.47864e-01,2.55028e+00,1.92452e+00,1.33159e-01,1.18645e+00,1.85660e+00
5.73706e-01,1.64860e+00,7.37398e-02,5.22768e+00,1.95738e-01,4.97264e-01,1.36615e+00,1.61033e+00,1.24644e+00,5.05535e+00,2.76239e-01,4.84485e+00,1.35469e+00,5.68988e-01,4.48205e-01,2.58748e+00,1.91515e+00,1.33127e-01,1.18545e+00,1.88133e+00
5.78012e-01,1.71461e+00,7.37188e-02,5.22527e+00,1.95512e-01,4.97291e-01,1.35982e+00,1.62324e+00,1.24636e+00,5.13411e+00,2.75837e-01,4.92063e+00,1.35376e+00,5.69266e-01,4.48567e-01,2.62680e+00,1.90557e+00,1.33095e-01,1.18451e+00,1.90477e+00
5.82779e-01,1.78457e+00,7.37066e-02,5.22222e+00,1.95295e-01,4.97350e-01,1.35342e+00,1.63607e+00,1.24638e+00,5.21655e+00,2.75444e-01,5.00131e+00,1.35290e+00,5.69520e-01,4.48923e-01,2.66726e+00,1.89589e+00,1.33034e-01,1.18370e+00,1.92725e+00
5.87964e-01,1.85760e+00,7.36621e-02,5.21914e+00,1.95107e-01,4.97385e-01,1.34693e+00,1.64887e+00,1.24647e+00,5.30301e+00,2.75069e-01,5.08707e+00,1.35215e+00,5.69765e-01,4.49239e-01,2.70809e+00,1.88613e+00,1.32960e-01,1.18296e+00,1.94911e+00
5.93424e-01,1.93260e+00,7.35937e-02,5.21645e+00,1.94961e-01,4.97443e-01,1.34050e+00,1.66191e+00,1.24662e+00,5.39378e+00,2.74738e-01,5.17770e+00,1.35144e+00,5.69977e-01,4.49552e-01,2.74821e+00,1.87632e+00,1.32915e-01,1.18231e+00,1.97088e+00
5.99019e-01,2.00858e+00,7.35487e-02,5.21451e+00,1.94817e-01,4.97489e-01,1.33416e+00,1.67535e+00,1.24684e+00,5.48881e+00,2.74477e-01,5.27296e+00,1.35081e+00,5.70169e-01,4.49863e-01,2.78692e+00,1.86647e+00,1.32878e-01,1.18168e+00,1.99311e+00
6.04564e-01,2.08475e+00,7.34860e-02,5.21371e+00,1.94654e-01,4.97577e-01,1.32790e+00,1.68948e+00,1.24707e+00,5.58811e+00,2.74293e-01,5.37266e+00,1.35027e+00,5.70325e-01,4.50180e-01,2.82341e+00,1.85669e+00,1.32838e-01,1.18113e+00,2.01618e+00
6.09886e-01,2.16031e+00,7.34109e-02,5.21446e+00,1.94456e-01,4.97661e-01,1.32176e+00,1.70450e+00,1.24735e+00,5.69117e+00,2.74158e-01,5.47651e+00,1.34982e+00,5.70460e-01,4.50489e-01,2.85715e+00,1.84709e+00,1.32772e-01,1.18060e+00,2.04066e+00
6.14763e-01,2.23459e+00,7.33521e-02,5.21722e+00,1.94230e-01,4.97733e-01,1.31577e+00,1.72075e+00,1.24767e+00,5.79781e+00,2.74069e-01,5.58455e+00,1.34943e+00,5.70592e-01,4.50751e-01,2.88790e+00,1.83767e+00,1.32676e-01,1.18006e+00,2.06718e+00
6.19070e-01,2.30727e+00,7.39085e-02,5.22220e+00,1.94977e-01,4.97816e-01,1.30995e+00,1.73853e+00,1.24841e+00,5.90686e+00,2.74028e-01,5.69543e+00,1.34912e+00,5.70709e-01,4.51005e-01,2.91515e+00,1.82851e+00,1.33149e-01,1.17958e+00,2.09620e+00
6.22679e-01,2.37858e+00,7.49652e-02,5.22984e+00,1.95830e-01,4.97853e-01,1.30431e+00,1.75817e+00,1.24922e+00,6.01872e+00,2.74015e-01,5.80963e+00,1.34884e+00,5.70781e-01,4.51256e-01,2.93910e+00,1.81955e+00,1.33281e-01,1.17911e+00,2.12807e+00
6.25470e-01,2.44705e+00,7.63251e-02,5.24059e+00,1.96593e-01,4.97888e-01,1.29886e+00,1.77996e+00,1.25068e+00,6.13231e+00,2.74020e-01,5.92564e+00,1.34861e+00,5.70805e-01,4.51490e-01,2.95958e+00,1.81085e+00,1.33399e-01,1.17875e+00,2.16331e+00
6.27420e-01,2.51347e+00,7.78439e-02,5.25480e+00,1.97739e-01,4.97959e-01,1.29364e+00,1.80436e+00,1.25290e+00,6.24570e+00,2.74032e-01,6.04335e+00,1.34851e+00,5.71542e-01,4.51697e-01,2.97682e+00,1.80252e+00,1.33638e-01,1.17842e+00,2.20211e+00
6.28476e-01,2.57808e+00,7.91352e-02,5.27280e+00,1.98977e-01,4.98039e-01,1.28862e+00,1.83153e+00,1.25510e+00,6.35903e+00,2.74042e-01,6.16214e+00,1.34843e+00,5.71987e-01,4.51885e-01,2.99116e+00,1.79455e+00,1.34035e-01,1.17813e+00,2.24444e+00
6.28670e-01,2.64098e+00,8.00771e-02,5.29497e+00,2.00271e-01,4.98099e-01,1.28385e+00,1.86185e+00,1.25727e+00,6.47094e+00,2.74064e-01,6.28144e+00,1.34841e+00,5.72276e-01,4.52064e-01,3.00271e+00,1.78696e+00,1.34512e-01,1.17779e+00,2.29039e+00
6.28116e-01,2.70239e+00,8.07465e-02,5.32161e+00,2.01688e-01,4.98149e-01,1.27930e+00,1.89552e+00,1.25944e+00,6.57998e+00,2.74092e-01,6.40072e+00,1.34846e+00,5.72665e-01,4.52241e-01,3.01190e+00,1.77974e+00,1.34943e-01,1.17745e+00,2.33936e+00
6.26837e-01,2.76233e+00,8.12310e-02,5.35315e+00,2.03153e-01,4.98204e-01,1.27496e+00,1.93294e+00,1.26139e+00,6.68503e+00,2.74134e-01,6.51956e+00,1.34858e+00,5.73110e-01,4.52417e-01,3.01906e+00,1.77304e+00,1.35339e-01,1.17713e+00,2.39092e+00
6.24916e-01,2.82087e+00,8.15205e-02,5.38988e+00,2.04461e-01,4.98256e-01,1.27082e+00,1.97382e+00,1.26324e+00,6.78568e+00,2.74205e-01,6.63741e+00,1.34876e+00,5.73557e-01,4.52579e-01,3.02427e+00,1.76673e+00,1.35681e-01,1.17686e+00,2.44411e+00
6.22522e-01,2.87809e+00,8.16988e-02,5.43186e+00,2.05593e-01,4.98302e-01,1.26694e+00,2.01835e+00,1.26490e+00,6.88138e+00,2.74272e-01,6.75385e+00,1.34906e+00,5.73975e-01,4.52734e-01,3.02792e+00,1.76086e+00,1.35988e-01,1.17659e+00,2.49799e+00
6.19716e-01,2.93404e+00,8.17822e-02,5.47927e+00,2.07227e-01,4.98335e-01,1.26324e+00,2.06615e+00,1.26706e+00,6.97181e+00,2.74333e-01,6.86866e+00,1.34942e+00,5.74353e-01,4.52874e-01,3.03042e+00,1.75549e+00,1.36251e-01,1.17629e+00,2.55162e+00
6.16558e-01,2.98889e+00,8.17483e-02,5.53215e+00,2.08515e-01,4.98336e-01,1.25976e+00,2.11700e+00,1.26952e+00,7.05687e+00,2.74409e-01,6.98174e+00,1.34978e+00,5.74686e-01,4.53008e-01,3.03178e+00,1.75132e+00,1.36942e-01,1.17595e+00,2.60370e+00
6.13209e-01,3.04273e+00,8.15840e-02,5.59008e+00,2.09831e-01,4.98309e-01,1.25650e+00,2.17032e+00,1.27243e+00,7.13613e+00,2.74504e-01,7.09289e+00,1.35009e+00,5.75010e-01,4.53122e-01,3.03212e+00,1.74713e+00,1.37240e-01,1.17565e+00,2.65353e+00
6.09730e-01,3.09571e+00,8.13038e-02,5.65282e+00,2.11377e-01,4.98278e-01,1.25349e+00,2.22572e+00,1.27584e+00,7.21007e+00,2.74587e-01,7.20193e+00,1.35035e+00,5.75310e-01,4.53208e-01,3.03167e+00,1.74325e+00,1.37435e-01,1.17540e+00,2.70030e+00
6.06145e-01,3.14789e+00,8.09058e-02,5.72002e+00,2.13122e-01,4.98253e-01,1.25068e+00,2.28269e+00,1.27941e+00,7.27862e+00,2.74657e-01,7.30899e+00,1.35057e+00,5.75601e-01,4.53267e-01,3.03066e+00,1.73951e+00,1.37636e-01,1.17508e+00,2.74329e+00
6.02580e-01,3.19941e+00,8.04116e-02,5.79095e+00,2.15273e-01,4.98217e-01,1.24811e+00,2.34034e+00,1.28304e+00,7.34212e+00,2.74711e-01,7.41433e+00,1.35068e+00,5.75871e-01,4.53299e-01,3.02917e+00,1.73611e+00,1.37819e-01,1.17472e+00,2.78213e+00
5.99063e-01,3.25046e+00,7.99135e-02,5.86485e+00,2.17884e-01,4.98160e-01,1.24575e+00,2.39816e+00,1.28667e+00,7.40103e+00,2.74753e-01,7.51821e+00,1.35074e+00,5.76103e-01,4.53302e-01,3.02737e+00,1.73311e+00,1.37924e-01,1.17436e+00,2.81671e+00
5.95660e-01,3.30118e+00,7.93799e-02,5.94110e+00,2.20818e-01,4.98117e-01,1.24355e+00,2.45566e+00,1.29035e+00,7.45563e+00,2.74807e-01,7.62100e+00,1.35081e+00,5.76285e-01,4.53283e-01,3.02525e+00,1.73048e+00,1.37932e-01,1.17394e+00,2.84693e+00
5.92394e-01,3.35175e+00,7.88402e-02,6.01899e+00,2.23891e-01,4.98087e-01,1.24151e+00,2.51246e+00,1.29419e+00,7.50601e+00,2.74907e-01,7.72306e+00,1.35084e+00,5.76392e-01,4.53222e-01,3.02290e+00,1.72823e+00,1.37878e-01,1.17352e+00,2.87295e+00
5.89312e-01,3.40236e+00,7.82907e-02,6.09761e+00,2.26623e-01,4.98055e-01,1.23965e+00,2.56824e+00,1.29821e+00,7.55290e+00,2.74977e-01,7.82490e+00,1.35083e+00,5.76427e-01,4.53133e-01,3.02033e+00,1.72631e+00,1.37794e-01,1.17313e+00,2.89508e+00
5.86413e-01,3.45321e+00,7.77457e-02,6.17645e+00,2.28664e-01,4.98004e-01,1.23792e+00,2.62282e+00,1.30237e+00,7.59627e+00,2.75018e-01,7.92703e+00,1.35083e+00,5.76423e-01,4.53028e-01,3.01756e+00,1.72472e+00,1.37658e-01,1.17275e+00,2.91342e+00
5.83682e-01,3.50454e+00,7.72430e-02,6.25453e+00,2.29870e-01,4.97933e-01,1.23635e+00,2.67614e+00,1.30658e+00,7.63664e+00,2.75064e-01,8.02993e+00,1.35080e+00,5.76366e-01,4.52931e-01,3.01459e+00,1.72344e+00,1.37535e-01,1.17237e+00,2.92852e+00
5.81216e-01,3.55654e+00,7.67755e-02,6.33176e+00,2.30335e-01,4.97855e-01,1.23494e+00,2.72824e+00,1.31072e+00,7.67432e+00,2.75105e-01,8.13410e+00,1.35071e+00,5.76246e-01,4.52807e-01,3.01149e+00,1.72243e+00,1.37408e-01,1.17201e+00,2.94071e+00
5.78962e-01,3.60944e+00,7.63379e-02,6.40772e+00,2.30179e-01,4.97781e-01,1.23367e+00,2.77926e+00,1.31470e+00,7.70935e+00,2.75146e-01,8.23991e+00,1.35060e+00,5.76072e-01,4.52659e-01,3.00828e+00,1.72168e+00,1.37306e-01,1.17169e+00,2.95030e+00
5.76895e-01,3.66346e+00,7.59462e-02,6.48211e+00,2.29674e-01,4.97674e-01,1.23256e+00,2.82955e+00,1.31841e+00,7.74238e+00,2.75155e-01,8.34765e+00,1.35044e+00,5.75844e-01,4.52500e-01,3.00494e+00,1.72117e+00,1.37235e-01,1.17130e+00,2.95782e+00
5.75051e-01,3.71886e+00,7.56189e-02,6.55521e+00,2.28951e-01,4.97534e-01,1.23154e+00,2.87934e+00,1.32174e+00,7.77329e+00,2.75163e-01,8.45777e+00,1.35020e+00,5.75547e-01,4.52324e-01,3.00156e+00,1.72087e+00,1.37189e-01,1.17088e+00,2.96341e+00
5.73378e-01,3.77582e+00,7.53233e-02,6.62711e+00,2.28014e-01,4.97385e-01,1.23065e+00,2.92910e+00,1.32468e+00,7.80275e+00,2.75184e-01,8.57051e+00,1.34990e+00,5.75193e-01,4.52151e-01,2.99817e+00,1.72076e+00,1.37145e-01,1.17042e+00,2.96758e+00
5.71856e-01,3.83469e+00,7.50520e-02,6.69805e+00,2.26903e-01,4.97224e-01,1.22985e+00,2.97918e+00,1.32714e+00,7.83064e+00,2.75194e-01,8.68601e+00,1.34957e+00,5.74777e-01,4.51983e-01,2.99479e+00,1.72083e+00,1.37120e-01,1.16992e+00,2.97045e+00
5.70483e-01,3.89570e+00,7.48217e-02,6.76839e+00,2.25612e-01,4.97058e-01,1.22913e+00,3.02984e+00,1.32921e+00,7.85756e+00,2.75207e-01,8.80454e+00,1.34919e+00,5.74278e-01,4.51813e-01,2.99140e+00,1.72108e+00,1.37130e-01,1.16937e+00,2.97229e+00
5.69313e-01,3.95910e+00,7.46203e-02,6.83803e+00,2.24169e-01,4.96888e-01,1.22853e+00,3.08155e+00,1.33076e+00,7.88333e+00,2.75227e-01,8.92606e+00,1.34879e+00,5.73726e-01,4.51647e-01,2.98807e+00,1.72149e+00,1.37133e-01,1.16882e+00,2.97329e+00
5.68238e-01,4.02517e+00,7.43802e-02,6.90766e+00,2.22530e-01,4.96709e-01,1.22800e+00,3.13457e+00,1.33197e+00,7.90856e+00,2.75260e-01,9.05059e+00,1.34839e+00,5.73121e-01,4.51494e-01,2.98482e+00,1.72202e+00,1.37180e-01,1.16831e+00,2.97370e+00
5.67297e-01,4.09405e+00,7.41283e-02,6.97736e+00,2.20698e-01,4.96538e-01,1.22755e+00,3.18892e+00,1.33274e+00,7.93315e+00,2.75305e-01,9.17821e+00,1.34796e+00,5.72493e-01,4.51332e-01,2.98174e+00,1.72262e+00,1.37275e-01,1.16777e+00,2.97361e+00
5.66459e-01,4.16602e+00,7.38888e-02,7.04732e+00,2.18700e-01,4.96385e-01,1.22718e+00,3.24493e+00,1.33316e+00,7.95742e+00,2.75351e-01,9.30864e+00,1.34747e+00,5.71863e-01,4.51162e-01,2.97884e+00,1.72327e+00,1.37389e-01,1.16722e+00,2.97318e+00
5.65651e-01,4.24122e+00,7.36581e-02,7.11752e+00,2.16553e-01,4.96256e-01,1.22687e+00,3.30259e+00,1.33320e+00,7.98151e+00,2.75393e-01,9.44159e+00,1.34696e+00,5.71215e-01,4.51000e-01,2.97618e+00,1.72397e+00,1.37575e-01,1.16668e+00,2.97242e+00
5.64922e-01,4.31971e+00,7.34367e-02,7.18787e+00,2.14325e-01,4.96118e-01,1.22662e+00,3.36177e+00,1.33297e+00,8.00556e+00,2.75407e-01,9.57709e+00,1.34647e+00,5.70577e-01,4.50822e-01,2.97378e+00,1.72470e+00,1.37796e-01,1.16619e+00,2.97148e+00
5.64207e-01,4.40170e+00,7.32230e-02,7.25833e+00,2.12040e-01,4.95937e-01,1.22644e+00,3.42225e+00,1.33244e+00,8.02978e+00,2.75393e-01,9.71482e+00,1.34592e+00,5.69926e-01,4.50641e-01,2.97179e+00,1.72544e+00,1.38051e-01,1.16570e+00,2.97039e+00
5.63473e-01,4.48716e+00,7.30232e-02,7.32860e+00,2.09764e-01,4.95739e-01,1.22629e+00,3.48363e+00,1.33169e+00,8.05421e+00,2.75368e-01,9.85433e+00,1.34531e+00,5.69281e-01,4.50455e-01,2.97015e+00,1.72617e+00,1.38335e-01,1.16532e+00,2.96930e+00
5.62746e-01,4.57638e+00,7.28433e-02,7.39860e+00,2.07575e-01,4.95528e-01,1.22615e+00,3.54571e+00,1.33071e+00,8.07888e+00,2.75345e-01,9.99531e+00,1.34468e+00,5.68660e-01,4.50271e-01,2.96910e+00,1.72687e+00,1.38635e-01,1.16496e+00,2.96818e+00
5.61997e-01,4.66916e+00,7.26822e-02,7.46813e+00,2.05483e-01,4.95300e-01,1.22606e+00,3.60812e+00,1.32956e+00,8.10384e+00,2.75318e-01,1.01376e+01,1.34405e+00,5.68056e-01,4.50091e-01,2.96860e+00,1.72755e+00,1.38929e-01,1.16467e+00,2.96708e+00
5.61219e-01,4.76561e+00,7.25138e-02,7.53705e+00,2.03498e-01,4.95053e-01,1.22600e+00,3.66990e+00,1.32822e+00,8.12911e+00,2.75289e-01,1.02807e+01,1.34337e+00,5.67483e-01,4.49878e-01,2.96882e+00,1.72820e+00,1.39206e-01,1.16450e+00,2.96607e+00
5.60390e-01,4.86571e+00,7.23226e-02,7.60525e+00,2.01641e-01,4.94781e-01,1.22596e+00,3.73085e+00,1.32676e+00,8.15467e+00,2.75248e-01,1.04240e+01,1.34269e+00,5.66955e-01,4.49655e-01,2.96989e+00,1.72881e+00,1.39460e-01,1.16439e+00,2.96511e+00
5.59567e-01,4.96925e+00,7.21378e-02,7.67276e+00,1.99905e-01,4.94517e-01,1.22594e+00,3.79042e+00,1.32522e+00,8.18043e+00,2.75215e-01,1.05672e+01,1.34197e+00,5.66496e-01,4.49448e-01,2.97188e+00,1.72939e+00,1.39677e-01,1.16435e+00,2.96417e+00
5.58717e-01,5.07602e+00,7.19675e-02,7.73951e+00,1.98312e-01,4.94245e-01,1.22590e+00,3.84801e+00,1.32361e+00,8.20638e+00,2.75193e-01,1.07099e+01,1.34122e+00,5.66075e-01,4.49239e-01,2.97486e+00,1.72991e+00,1.39836e-01,1.16439e+00,2.96332e+00
5.57841e-01,5.18584e+00,7.17985e-02,7.80589e+00,1.96868e-01,4.93989e-01,1.22592e+00,3.90327e+00,1.32199e+00,8.23236e+00,2.75153e-01,1.08516e+01,1.34047e+00,5.65702e-01,4.49027e-01,2.97906e+00,1.73042e+00,1.39942e-01,1.16447e+00,2.96257e+00
5.56975e-01,5.29832e+00,7.16303e-02,7.87224e+00,1.95550e-01,4.93737e-01,1.22596e+00,3.95580e+00,1.32037e+00,8.25834e+00,2.75083e-01,1.09917e+01,1.33974e+00,5.65385e-01,4.48810e-01,2.98470e+00,1.73092e+00,1.39971e-01,1.16457e+00,2.96188e+00
5.56106e-01,5.41305e+00,7.14861e-02,7.93896e+00,1.94361e-01,4.93466e-01,1.22596e+00,4.00516e+00,1.31879e+00,8.28409e+00,2.75000e-01,1.11297e+01,1.33892e+00,5.65111e-01,4.48585e-01,2.99190e+00,1.73140e+00,1.39924e-01,1.16469e+00,2.96130e+00
5.55255e-01,5.52951e+00,7.13489e-02,8.00656e+00,1.93259e-01,4.93171e-01,1.22595e+00,4.05151e+00,1.31721e+00,8.30946e+00,2.74904e-01,1.12654e+01,1.33811e+00,5.64871e-01,4.48367e-01,3.00074e+00,1.73192e+00,1.39822e-01,1.16478e+00,2.96074e+00
5.54429e-01,5.64712e+00,7.12227e-02,8.07554e+00,1.92269e-01,4.92871e-01,1.22594e+00,4.09428e+00,1.31564e+00,8.33427e+00,2.74813e-01,1.13983e+01,1.33728e+00,5.64681e-01,4.48158e-01,3.01149e+00,1.73252e+00,1.39630e-01,1.16478e+00,2.96029e+00
5.53612e-01,5.76529e+00,7.11230e-02,8.14638e+00,1.91372e-01,4.92599e-01,1.22595e+00,4.13346e+00,1.31408e+00,8.35846e+00,2.74723e-01,1.15281e+01,1.33645e+00,5.64521e-01,4.47949e-01,3.02439e+00,1.73318e+00,1.39363e-01,1.16469e+00,2.95990e+00
5.52826e-01,5.88330e+00,7.11052e-02,8.21972e+00,1.91809e-01,4.92366e-01,1.22599e+00,4.16926e+00,1.31251e+00,8.38171e+00,2.74636e-01,1.16544e+01,1.33565e+00,5.64384e-01,4.47732e-01,3.03970e+00,1.73386e+00,1.39018e-01,1.16446e+00,2.95959e+00
5.52059e-01,6.00035e+00,7.95847e-02,8.29612e+00,2.11784e-01,4.92122e-01,1.22600e+00,4.20158e+00,1.31091e+00,8.40392e+00,2.74573e-01,1.17771e+01,1.33488e+00,5.64260e-01,4.47501e-01,3.05738e+00,1.73463e+00,1.38597e-01,1.16416e+00,2.95933e+00
5.51289e-01,6.11572e+00,1.25336e-01,8.37572e+00,4.96996e-01,4.91866e-01,1.22598e+00,4.23054e+00,1.30930e+00,8.42676e+00,2.74517e-01,1.18962e+01,1.33414e+00,5.64151e-01,4.47260e-01,3.07772e+00,1.73546e+00,1.38142e-01,1.16374e+00,2.95912e+00
5.50559e-01,6.23262e+00,2.21224e-01,8.46042e+00,2.29674e+00,4.95841e-01,1.23041e+00,4.25843e+00,1.30764e+00,8.44985e+00,2.74957e-01,1.20131e+01,1.33335e+00,5.64102e-01,4.50254e-01,3.10085e+00,1.73638e+00,1.37630e-01,1.16319e+00,2.95895e+00
5.49812e-01,6.35171e+00,3.46020e-01,8.55737e+00,7.82788e+00,5.09983e-01,1.26329e+00,4.29670e+00,1.30795e+00,8.47681e+00,2.78557e-01,1.21272e+01,1.33262e+00,5.64200e-01,4.54763e-01,3.12668e+00,1.73869e+00,1.37163e-01,1.17347e+00,2.95879e+00
5.51926e-01,6.46298e+00,4.78196e-01,8.66723e+00,1.42072e+01,5.30032e-01,1.60572e+00,4.33854e+00,1.31149e+00,8.50705e+00,2.84054e-01,1.22378e+01,1.33262e+00,5.67206e-01,4.57498e-01,3.15821e+00,1.74370e+00,1.39244e-01,1.18769e+00,2.96280e+00
5.54964e-01,6.56716e+00,6.39746e-01,8.78707e+00,2.10777e+01,5.62233e-01,2.07234e+00,4.36654e+00,1.31483e+00,8.54143e+00,2.90547e-01,1.23461e+01,1.33594e+00,5.71986e-01,4.60107e-01,3.19544e+00,1.74931e+00,1.40111e-01,1.20605e+00,2.97217e+00
5.57562e-01,6.67087e+00,8.58677e-01,8.90453e+00,2.97816e+01,5.99716e-01,2.16226e+00,4.38774e+00,1.31801e+00,8.57852e+00,2.95390e-01,1.24520e+01,1.33996e+00,5.76455e-01,4.63741e-01,3.23780e+00,1.75463e+00,1.41188e-01,1.22182e+00,2.98243e+00
5.58930e-01,6.77267e+00,1.07174e+00,9.01791e+00,4.73080e+01,6.32464e-01,2.11741e+00,4.40420e+00,1.32160e+00,8.61614e+00,2.98543e-01,1.25558e+01,1.34386e+00,5.81048e-01,4.68213e-01,3.28693e+00,1.75902e+00,1.43607e-01,1.23455e+00,2.99828e+00
5.59985e-01,6.87029e+00,1.20244e+00,9.13335e+00,6.20579e+01,6.59543e-01,2.08353e+00,4.41536e+00,1.32506e+00,8.65302e+00,3.00799e-01,1.26579e+01,1.35017e+00,5.86197e-01,4.72748e-01,3.34207e+00,1.76256e+00,1.48061e-01,1.24541e+00,3.02000e+00
5.61980e-01,6.96208e+00,1.22627e+00,9.25427e+00,6.31981e+01,6.90767e-01,2.08453e+00,4.42240e+00,1.32776e+00,8.68833e+00,3.02674e-01,1.27592e+01,1.35679e+00,5.91603e-01,4.76984e-01,3.40072e+00,1.76569e+00,1.55036e-01,1.25526e+00,3.04282e+00
5.65445e-01,7.05199e+00,1.16261e+00,9.38342e+00,5.53738e+01,7.43882e-01,2.11114e+00,4.42727e+00,1.32989e+00,8.72066e+00,3.04663e-01,1.28622e+01,1.36069e+00,5.96903e-01,4.80908e-01,3.46346e+00,1.76860e+00,1.65383e-01,1.26475e+00,3.06212e+00
5.70317e-01,7.13252e+00,1.04821e+00,9.52273e+00,4.48582e+01,8.75568e-01,2.14189e+00,4.43067e+00,1.33190e+00,8.74888e+00,3.08575e-01,1.29652e+01,1.36216e+00,6.01820e-01,4.86967e-01,3.53235e+00,1.77143e+00,1.79688e-01,1.27420e+00,3.07727e+00
5.76180e-01,7.20742e+00,9.15929e-01,9.67468e+00,3.50269e+01,1.15086e+00,2.16636e+00,4.43468e+00,1.33425e+00,8.77459e+00,3.19497e-01,1.30698e+01,1.36257e+00,6.06614e-01,4.92712e-01,3.60674e+00,1.77409e+00,2.12075e-01,1.28365e+00,3.09053e+00
5.82522e-01,7.45130e+00,7.87143e-01,9.85328e+00,2.69902e+01,1.55919e+00,2.23374e+00,4.44485e+00,1.33742e+00,8.80276e+00,3.41786e-01,1.31787e+01,1.36337e+00,6.11797e-01,4.98805e-01,3.68250e+00,1.77679e+00,1.14952e+00,1.30751e+00,3.10234e+00
5.89126e-01,7.75514e+00,6.73945e-01,1.01027e+01,2.08042e+01,2.24039e+00,2.56393e+00,4.46278e+00,1.34207e+00,8.83390e+00,4.18177e-01,1.32902e+01,1.36528e+00,6.18470e-01,5.15380e-01,3.75905e+00,1.78038e+00,8.03906e+00,1.34887e+00,3.11409e+00
5.98180e-01,8.52542e+00,5.78026e-01,1.05699e+01,1.61770e+01,3.36355e+00,3.27110e+00,4.50247e+00,1.34871e+00,8.88277e+00,7.16300e-01,1.34068e+01,1.36841e+00,6.26919e-01,5.51707e-01,3.83905e+00,1.78481e+00,1.43091e+01,1.41915e+00,3.12623e+00
6.07907e-01,9.40097e+00,4.99625e-01,1.13601e+01,1.27305e+01,4.77751e+00,4.27779e+00,4.62750e+00,1.35773e+00,8.94757e+00,1.41630e+00,1.35235e+01,1.37357e+00,6.37015e-01,5.80539e-01,3.93180e+00,1.79067e+00,1.54978e+01,1.70013e+00,3.13829e+00
6.19046e-01,1.03682e+01,4.49507e-01,1.21224e+01,1.03009e+01,6.50020e+00,5.73471e+00,4.78504e+00,1.36951e+00,9.03586e+00,2.08440e+00,1.36440e+01,1.38106e+00,6.48920e-01,6.05000e-01,4.04747e+00,1.79668e+00,1.44518e+01,2.92686e+00,3.15179e+00
6.29450e-01,1.18259e+01,4.14326e-01,1.26312e+01,8.71682e+00,8.85147e+00,7.14254e+00,4.83743e+00,1.38256e+00,9.14476e+00,2.41521e+00,1.37681e+01,1.38967e+00,6.60031e-01,6.35126e-01,4.19515e+00,1.80294e+00,1.27942e+01,4.88026e+00,3.16596e+00
6.39591e-01,1.34064e+01,3.89661e-01,1.28815e+01,7.51518e+00,1.20980e+01,8.88630e+00,4.84410e+00,1.39673e+00,9.26206e+00,2.50411e+00,1.38971e+01,1.39907e+00,6.71105e-01,6.66793e-01,4.38618e+00,1.80934e+00,1.10854e+01,6.58347e+00,3.18186e+00
6.50601e-01,1.48713e+01,3.64237e-01,1.31864e+01,6.71599e+00,1.51974e+01,1.04766e+01,4.84524e+00,1.41159e+00,9.37782e+00,2.46336e+00,1.40326e+01,1.40960e+00,6.82748e-01,6.94026e-01,4.65399e+00,1.81569e+00,9.50772e+00,7.79219e+00,3.19913e+00
6.63618e-01,1.61993e+01,3.38968e-01,1.37010e+01,6.15916e+00,1.64445e+01,1.13534e+01,4.84861e+00,1.42634e+00,9.48685e+00,2.41187e+00,1.41769e+01,1.42008e+00,6.94375e-01,7.17104e-01,5.00514e+00,1.82174e+00,8.11776e+00,8.47210e+00,3.21687e+00
6.78525e-01,1.72515e+01,3.16368e-01,1.44857e+01,5.67572e+00,1.55268e+01,1.15381e+01,4.85852e+00,1.44010e+00,9.58714e+00,2.42052e+00,1.43328e+01,1.42934e+00,7.05949e-01,7.41446e-01,5.36583e+00,1.82735e+00,6.92363e+00,8.62037e+00,3.23461e+00
6.94686e-01,1.79736e+01,2.97181e-01,1.56623e+01,5.19425e+00,1.34112e+01,1.11863e+01,4.87579e+00,1.45261e+00,9.67944e+00,2.47135e+00,1.45011e+01,1.43742e+00,7.17358e-01,7.73090e-01,5.63481e+00,1.83227e+00,5.91273e+00,8.28842e+00,3.25218e+00
7.11375e-01,1.85409e+01,2.81014e-01,1.73541e+01,4.69423e+00,1.10620e+01,1.03900e+01,4.90025e+00,1.46338e+00,9.76753e+00,2.51547e+00,1.46824e+01,1.44495e+00,7.28958e-01,8.16012e-01,5.76694e+00,1.83656e+00,5.06338e+00,7.68237e+00,3.26951e+00
7.27991e-01,1.92073e+01,2.66836e-01,1.94873e+01,4.19356e+00,8.96137e+00,9.32144e+00,4.93614e+00,1.47253e+00,9.85614e+00,2.53550e+00,1.48755e+01,1.45239e+00,7.41382e-01,8.72160e-01,5.79643e+00,1.84051e+00,4.35293e+00,7.02366e+00,3.28650e+00
7.43952e-01,2.02284e+01,2.53724e-01,2.17441e+01,3.72084e+00,7.24753e+00,8.20789e+00,4.99636e+00,1.48021e+00,9.94965e+00,2.55607e+00,1.50774e+01,1.45999e+00,7.54483e-01,9.44442e-01,5.79291e+00,1.84424e+00,3.75970e+00,6.44611e+00,3.30279e+00
7.58809e-01,2.19122e+01,2.41085e-01,2.38021e+01,3.29378e+00,5.90631e+00,7.22247e+00,5.10901e+00,1.48640e+00,1.00507e+01,2.62791e+00,1.52854e+01,1.46785e+00,7.68459e-01,1.04251e+00,5.81411e+00,1.84777e+00,3.26526e+00,5.99684e+00,3.31798e+00
7.72245e-01,2.44677e+01,2.28556e-01,2.55421e+01,2.91701e+00,4.87668e+00,6.45479e+00,5.31952e+00,1.49154e+00,1.01601e+01,2.80524e+00,1.54971e+01,1.47603e+00,7.82904e-01,1.19039e+00,5.88896e+00,1.85128e+00,2.85353e+00,5.67001e+00,3.33174e+00
7.84180e-01,2.75810e+01,2.16032e-01,2.69830e+01,2.58812e+00,4.09437e+00,5.93208e+00,5.68469e+00,1.49583e+00,1.02773e+01,3.10471e+00,1.57107e+01,1.48465e+00,7.97252e-01,1.43244e+00,6.01664e+00,1.85472e+00,2.51123e+00,5.43784e+00,3.34404e+00
7.94508e-01,3.03577e+01,2.03722e-01,2.81219e+01,2.30216e+00,3.50676e+00,5.63998e+00,6.24022e+00,1.49944e+00,1.04001e+01,3.46655e+00,1.59256e+01,1.49378e+00,8.11034e-01,1.82187e+00,6.17267e+00,1.85801e+00,2.22748e+00,5.26645e+00,3.35518e+00
8.03222e-01,3.19788e+01,1.91827e-01,2.88993e+01,2.05345e+00,3.07550e+00,5.53602e+00,6.97023e+00,1.50258e+00,1.05276e+01,3.77654e+00,1.61425e+01,1.50344e+00,8.23452e-01,2.37644e+00,6.32041e+00,1.86099e+00,1.99401e+00,5.12264e+00,3.36534e+00
8.10246e-01,3.22344e+01,1.80608e-01,2.92712e+01,1.83646e+00,2.77519e+00,5.57305e+00,7.80598e+00,1.50553e+00,1.06588e+01,3.94539e+00,1.63615e+01,1.51358e+00,8.34035e-01,3.03583e+00,6.42793e+00,1.86358e+00,1.80504e+00,4.97640e+00,3.37490e+00
8.15443e-01,3.14194e+01,1.70190e-01,2.92647e+01,1.64621e+00,2.58964e+00,5.73286e+00,8.66368e+00,1.51002e+00,1.07931e+01,3.95603e+00,1.65834e+01,1.52407e+00,8.42354e-01,3.68924e+00,6.47853e+00,1.86581e+00,1.65637e+00,4.80782e+00,3.38449e+00
8.18749e-01,2.99792e+01,1.60708e-01,2.89773e+01,1.47865e+00,2.50594e+00,6.04072e+00,9.48685e+00,1.52372e+00,1.09312e+01,3.84532e+00,1.68091e+01,1.53548e+00,8.48220e-01,4.25069e+00,6.47273e+00,1.86780e+00,1.54491e+00,4.60939e+00,3.39465e+00
8.21153e-01,2.82942e+01,1.52197e-01,2.85375e+01,1.33056e+00,2.50780e+00,6.53451e+00,1.02632e+01,1.57882e+00,1.10725e+01,3.66627e+00,1.70393e+01,1.54736e+00,8.51708e-01,4.69422e+00,6.42404e+00,1.86965e+00,1.46713e+00,4.38628e+00,3.40586e+00
8.22380e-01,2.66176e+01,1.44605e-01,2.80690e+01,1.19934e+00,2.57150e+00,7.20382e+00,1.10196e+01,1.78731e+00,1.12172e+01,3.46298e+00,1.72752e+01,1.55906e+00,8.53175e-01,5.03405e+00,6.35110e+00,1.87143e+00,1.41760e+00,4.14972e+00,3.41832e+00
8.22195e-01,2.50926e+01,1.37944e-01,2.76781e+01,1.08313e+00,2.66836e+00,7.96320e+00,1.18038e+01,2.43704e+00,1.13646e+01,3.26332e+00,1.75189e+01,1.57100e+00,8.53084e-01,5.29219e+00,6.27150e+00,1.87320e+00,1.38781e+00,3.91167e+00,3.43207e+00
8.20663e-01,2.37829e+01,1.32132e-01,2.74592e+01,9.80408e-01,2.77165e+00,8.69883e+00,1.26585e+01,3.88796e+00,1.15137e+01,3.08034e+00,1.77737e+01,1.58300e+00,8.52069e-01,5.48405e+00,6.19799e+00,1.87481e+00,1.36657e+00,3.68205e+00,3.44720e+00
8.18427e-01,2.27013e+01,1.27089e-01,2.75054e+01,8.89711e-01,2.86400e+00,9.33371e+00,1.35943e+01,5.97407e+00,1.16638e+01,2.91668e+00,1.80433e+01,1.59448e+00,8.50844e-01,5.61894e+00,6.13803e+00,1.87632e+00,1.34242e+00,3.46745e+00,3.46326e+00
8.16222e-01,2.18295e+01,1.22740e-01,2.79137e+01,8.09896e-01,2.94028e+00,9.84077e+00,1.45754e+01,7.92073e+00,1.18136e+01,2.76903e+00,1.83339e+01,1.60560e+00,8.50071e-01,5.70680e+00,6.09412e+00,1.87768e+00,1.30739e+00,3.27105e+00,3.47975e+00
8.14244e-01,2.11338e+01,1.19015e-01,2.87693e+01,7.39956e-01,3.00694e+00,1.02193e+01,1.55319e+01,9.17652e+00,1.19622e+01,2.63201e+00,1.86521e+01,1.61675e+00,8.50308e-01,5.76031e+00,6.06587e+00,1.87889e+00,1.25828e+00,3.09390e+00,3.49613e+00
8.12558e-01,2.05793e+01,1.15834e-01,3.01223e+01,6.78666e-01,3.07886e+00,1.04756e+01,1.63938e+01,9.71327e+00,1.21091e+01,2.50081e+00,1.90085e+01,1.62824e+00,8.51896e-01,5.79184e+00,6.05147e+00,1.87995e+00,1.19633e+00,2.93569e+00,3.51181e+00
8.11114e-01,2.01409e+01,1.13114e-01,3.19614e+01,6.25119e-01,3.17531e+00,1.06203e+01,1.71210e+01,9.74004e+00,1.22535e+01,2.37233e+00,1.94153e+01,1.64023e+00,8.55012e-01,5.80830e+00,6.04944e+00,1.88093e+00,1.12523e+00,2.79541e+00,3.52642e+00
8.09716e-01,1.98119e+01,1.10796e-01,3.42082e+01,5.78333e-01,3.31339e+00,1.06704e+01,1.77185e+01,9.46838e+00,1.23949e+01,2.24545e+00,1.98888e+01,1.65297e+00,8.59564e-01,5.80838e+00,6.05920e+00,1.88190e+00,1.04935e+00,2.67160e+00,3.53944e+00
8.08372e-01,1.96078e+01,1.08843e-01,3.67297e+01,5.37569e-01,3.49900e+00,1.06491e+01,1.82250e+01,9.04496e+00,1.25317e+01,2.12078e+00,2.04465e+01,1.66660e+00,8.65263e-01,5.78401e+00,6.08138e+00,1.88298e+00,9.72566e-01,2.56273e+00,3.55050e+00
8.07211e-01,1.95659e+01,1.07154e-01,3.93666e+01,5.01979e-01,3.71882e+00,1.05827e+01,1.86876e+01,8.55786e+00,1.26629e+01,1.99974e+00,2.11072e+01,1.68114e+00,8.71594e-01,5.72485e+00,6.11808e+00,1.88421e+00,8.97707e-01,2.46707e+00,3.55953e+00
8.06403e-01,1.97379e+01,1.05713e-01,4.19609e+01,4.71004e-01,3.94241e+00,1.04942e+01,1.91361e+01,8.05626e+00,1.27863e+01,1.88422e+00,2.18883e+01,1.69659e+00,8.78034e-01,5.62350e+00,6.17206e+00,1.88572e+00,8.26645e-01,2.38326e+00,3.56636e+00
8.06153e-01,2.01767e+01,1.04509e-01,4.43676e+01,4.43997e-01,4.13353e+00,1.04034e+01,1.95654e+01,7.56679e+00,1.28996e+01,1.77613e+00,2.28029e+01,1.71269e+00,8.83926e-01,5.47827e+00,6.24585e+00,1.88742e+00,7.60464e-01,2.31021e+00,3.57081e+00
8.06656e-01,2.09085e+01,1.03443e-01,4.64731e+01,4.20393e-01,4.26530e+00,1.03218e+01,1.99341e+01,7.10254e+00,1.30004e+01,1.67709e+00,2.38572e+01,1.72918e+00,8.88829e-01,5.29330e+00,6.33667e+00,1.88939e+00,6.99652e-01,2.24641e+00,3.57294e+00
8.07815e-01,2.19120e+01,1.02532e-01,4.82109e+01,3.99800e-01,4.32747e+00,1.02518e+01,2.01854e+01,6.67024e+00,1.30866e+01,1.58847e+00,2.50511e+01,1.74556e+00,8.92316e-01,5.07700e+00,6.43951e+00,1.89157e+00,6.44278e-01,2.19098e+00,3.57307e+00
8.09386e-01,2.31065e+01,1.01768e-01,4.95731e+01,3.81843e-01,4.32417e+00,1.01877e+01,2.02735e+01,6.27251e+00,1.31568e+01,1.51117e+00,2.63781e+01,1.76146e+00,8.94089e-01,4.83925e+00,6.54609e+00,1.89395e+00,5.94189e-01,2.14279e+00,3.57107e+00
8.10941e-01,2.43715e+01,1.01072e-01,5.05972e+01,3.66162e-01,4.26810e+00,1.01167e+01,2.01781e+01,5.91012e+00,1.32094e+01,1.44586e+00,2.78295e+01,1.77639e+00,8.94012e-01,4.58937e+00,6.64558e+00,1.89646e+00,5.49077e-01,2.10081e+00,3.56713e+00
8.11957e-01,2.55857e+01,1.00463e-01,5.13466e+01,3.52465e-01,4.17440e+00,1.00237e+01,1.99081e+01,5.58275e+00,1.32440e+01,1.39272e+00,2.93922e+01,1.79001e+00,8.92080e-01,4.33572e+00,6.72848e+00,1.89907e+00,5.08567e-01,2.06418e+00,3.56155e+00
8.11867e-01,2.66683e+01,9.99424e-02,5.18833e+01,3.40482e-01,4.05658e+00,9.89550e+00,1.94938e+01,5.28960e+00,1.32616e+01,1.35156e+00,3.10517e+01,1.80201e+00,8.88370e-01,4.08455e+00,6.78808e+00,1.90168e+00,4.72256e-01,2.03220e+00,3.55440e+00
8.10249e-01,2.75924e+01,9.95026e-02,5.22561e+01,3.30000e-01,3.92538e+00,9.72538e+00,1.89727e+01,5.02949e+00,1.32628e+01,1.32166e+00,3.27829e+01,1.81211e+00,8.83001e-01,3.84039e+00,6.82135e+00,1.90426e+00,4.39732e-01,2.00426e+00,3.54576e+00
8.06886e-01,2.83845e+01,9.91156e-02,5.25066e+01,3.20806e-01,3.78837e+00,9.51474e+00,1.83849e+01,4.80091e+00,1.32494e+01,1.30177e+00,3.45476e+01,1.82016e+00,8.76179e-01,3.60622e+00,6.82902e+00,1.90678e+00,4.10627e-01,1.97937e+00,3.53596e+00
8.01699e-01,2.91036e+01,9.87787e-02,5.26630e+01,3.12801e-01,3.65017e+00,9.27273e+00,1.77640e+01,4.60232e+00,1.32232e+01,1.29029e+00,3.62916e+01,1.82613e+00,8.68120e-01,3.38394e+00,6.81370e+00,1.90920e+00,3.84574e-01,1.95732e+00,3.52510e+00
7.94856e-01,2.98282e+01,9.84899e-02,5.27568e+01,3.05775e-01,3.51355e+00,9.01457e+00,1.71366e+01,4.43136e+00,1.31857e+01,1.28522e+00,3.79469e+01,1.82995e+00,8.58979e-01,3.17458e+00,6.77983e+00,1.91151e+00,3.61261e-01,1.93744e+00,3.51339e+00
7.86609e-01,3.06388e+01,9.82452e-02,5.28052e+01,2.99617e-01,3.37973e+00,8.76062e+00,1.65237e+01,4.28575e+00,1.31399e+01,1.28427e+00,3.94418e+01,1.83173e+00,8.48959e-01,2.97843e+00,6.73192e+00,1.91372e+00,3.40366e-01,1.91940e+00,3.50110e+00
7.77282e-01,3.16147e+01,9.80288e-02,5.28160e+01,2.94233e-01,3.24924e+00,8.53240e+00,1.59395e+01,4.16253e+00,1.30878e+01,1.28536e+00,4.07116e+01,1.83161e+00,8.38251e-01,2.79545e+00,6.67458e+00,1.91588e+00,3.21667e-01,1.90279e+00,3.48820e+00
7.67187e-01,3.28317e+01,9.78538e-02,5.27818e+01,2.89522e-01,3.12226e+00,8.35295e+00,1.53925e+01,4.05824e+00,1.30309e+01,1.28658e+00,4.17110e+01,1.82976e+00,8.27017e-01,2.62535e+00,6.61136e+00,1.91810e+00,3.04913e-01,1.88737e+00,3.47496e+00
7.56619e-01,3.43580e+01,9.77023e-02,5.26783e+01,2.85377e-01,2.99876e+00,8.24273e+00,1.48893e+01,3.96945e+00,1.29719e+01,1.28643e+00,4.24170e+01,1.82638e+00,8.15388e-01,2.46750e+00,6.54545e+00,1.92043e+00,2.89877e-01,1.87275e+00,3.46157e+00
7.45874e-01,3.62499e+01,9.75587e-02,5.24713e+01,2.81756e-01,2.87875e+00,8.21570e+00,1.44332e+01,3.89239e+00,1.29141e+01,1.28395e+00,4.28322e+01,1.82173e+00,8.03513e-01,2.32133e+00,6.47951e+00,1.92291e+00,2.76386e-01,1.85889e+00,3.44817e+00
7.35152e-01,3.85323e+01,9.74254e-02,5.21339e+01,2.78575e-01,2.76223e+00,8.27350e+00,1.40261e+01,3.82349e+00,1.28675e+01,1.27858e+00,4.29805e+01,1.81609e+00,7.91514e-01,2.18607e+00,6.41537e+00,1.92562e+00,2.64313e-01,1.84542e+00,3.43489e+00
7.24607e-01,4.11749e+01,9.73193e-02,5.16417e+01,2.75792e-01,2.64929e+00,8.40177e+00,1.36698e+01,3.75945e+00,1.28746e+01,1.27008e+00,4.28972e+01,1.80976e+00,7.79483e-01,2.06102e+00,6.35425e+00,1.92869e+00,2.53501e-01,1.83222e+00,3.42184e+00
7.14410e-01,4.40708e+01,9.72237e-02,5.09932e+01,2.73365e-01,2.54000e+00,8.57137e+00,1.33653e+01,3.69744e+00,1.31092e+01,1.25858e+00,4.26287e+01,1.80299e+00,7.67509e-01,1.94550e+00,6.29671e+00,1.93218e+00,2.43769e-01,1.81903e+00,3.40909e+00
7.04638e-01,4.70416e+01,9.71504e-02,5.01936e+01,2.72057e-01,2.43449e+00,8.74658e+00,1.31146e+01,3.63532e+00,1.41105e+01,1.24434e+00,4.22187e+01,1.79604e+00,7.55665e-01,1.83883e+00,6.24364e+00,1.93612e+00,2.35053e-01,1.80576e+00,3.39668e+00
6.95318e-01,4.98699e+01,9.82923e-02,4.92695e+01,2.74057e-01,2.33295e+00,8.89605e+00,1.29197e+01,3.57160e+00,1.70846e+01,1.22768e+00,4.17117e+01,1.78917e+00,7.43999e-01,1.74028e+00,6.19486e+00,1.94060e+00,2.27265e-01,1.79248e+00,3.38468e+00
6.86558e-01,5.23561e+01,1.01026e-01,4.82496e+01,2.78927e-01,2.23539e+00,8.99964e+00,1.27821e+01,3.50510e+00,2.34948e+01,1.20905e+00,4.11453e+01,1.78259e+00,7.32558e-01,1.64931e+00,6.15079e+00,1.94564e+00,2.20293e-01,1.77882e+00,3.37313e+00
6.78338e-01,5.43553e+01,1.05010e-01,4.71711e+01,2.83137e-01,2.14191e+00,9.04979e+00,1.27030e+01,3.43554e+00,3.31707e+01,1.18885e+00,4.05551e+01,1.77654e+00,7.21392e-01,1.56528e+00,6.11109e+00,1.95128e+00,2.14084e-01,1.76500e+00,3.36199e+00
6.70690e-01,5.58006e+01,1.09400e-01,4.60689e+01,2.88726e-01,2.05255e+00,9.04839e+00,1.26819e+01,3.36289e+00,4.34498e+01,1.16735e+00,3.99700e+01,1.77116e+00,7.10581e-01,1.48775e+00,6.07562e+00,1.95760e+00,2.08573e-01,1.75089e+00,3.35133e+00
6.63567e-01,5.66924e+01,1.12951e-01,4.49802e+01,2.94984e-01,1.96732e+00,9.00234e+00,1.27157e+01,3.28731e+00,5.15906e+01,1.14489e+00,3.94150e+01,1.76654e+00,7.00132e-01,1.41614e+00,6.04422e+00,1.96458e+00,2.03656e-01,1.73655e+00,3.34111e+00
6.56953e-01,5.70817e+01,1.15771e-01,4.39334e+01,3.01269e-01,1.88622e+00,8.91985e+00,1.27982e+01,3.20938e+00,5.66895e+01,1.12170e+00,3.89132e+01,1.76265e+00,6.90096e-01,1.35004e+00,6.01622e+00,1.97224e+00,1.99361e-01,1.72198e+00,3.33130e+00
6.50813e-01,5.70438e+01,1.18347e-01,4.29535e+01,3.07979e-01,1.80918e+00,8.80851e+00,1.29198e+01,3.12991e+00,5.92132e+01,1.09790e+00,3.84836e+01,1.75957e+00,6.80470e-01,1.28899e+00,5.99154e+00,1.98059e+00,1.95600e-01,1.70719e+00,3.32191e+00
6.45080e-01,5.66631e+01,1.20901e-01,4.20550e+01,3.15006e-01,1.73610e+00,8.67407e+00,1.30683e+01,3.04934e+00,5.99891e+01,1.07374e+00,3.81457e+01,1.75731e+00,6.71315e-01,1.23258e+00,5.96959e+00,1.98962e+00,1.92391e-01,1.69228e+00,3.31289e+00
6.39714e-01,5.60205e+01,1.23376e-01,4.12428e+01,3.22294e-01,1.66687e+00,8.52139e+00,1.32294e+01,2.96857e+00,5.97116e+01,1.04932e+00,3.79156e+01,1.75574e+00,6.62592e-01,1.18048e+00,5.94979e+00,1.99936e+00,1.89631e-01,1.67727e+00,3.30420e+00
6.34660e-01,5.51865e+01,1.25578e-01,4.05142e+01,3.30073e-01,1.60139e+00,8.35351e+00,1.33906e+01,2.88815e+00,5.88446e+01,1.02474e+00,3.78088e+01,1.75476e+00,6.54354e-01,1.13237e+00,5.93178e+00,2.00984e+00,1.87278e-01,1.66229e+00,3.29589e+00
6.29906e-01,5.42197e+01,1.27247e-01,3.98549e+01,3.38526e-01,1.53960e+00,8.17352e+00,1.35393e+01,2.80867e+00,5.76709e+01,1.00011e+00,3.78405e+01,1.75423e+00,6.46624e-01,1.08791e+00,5.91537e+00,2.02095e+00,1.85293e-01,1.64731e+00,3.28795e+00
6.25424e-01,5.31685e+01,1.28190e-01,3.92499e+01,3.47621e-01,1.48132e+00,7.98360e+00,1.36664e+01,2.73061e+00,5.63522e+01,9.75491e-01,3.80253e+01,1.75404e+00,6.39407e-01,1.04688e+00,5.89991e+00,2.03264e+00,1.83604e-01,1.63257e+00,3.28037e+00
6.21186e-01,5.20707e+01,1.28257e-01,3.86805e+01,3.57027e-01,1.42636e+00,7.78625e+00,1.37646e+01,2.65437e+00,5.49762e+01,9.50985e-01,3.83892e+01,1.75410e+00,6.32734e-01,1.00898e+00,5.88509e+00,2.04486e+00,1.82194e-01,1.61795e+00,3.27315e+00
6.17174e-01,5.09563e+01,1.27502e-01,3.81350e+01,3.66100e-01,1.37459e+00,7.58359e+00,1.38299e+01,2.58027e+00,5.35895e+01,9.26684e-01,3.89741e+01,1.75427e+00,6.26625e-01,9.73948e-01,5.87093e+00,2.05753e+00,1.80971e-01,1.60367e+00,3.26630e+00
6.13367e-01,4.98491e+01,1.26083e-01,3.76072e+01,3.74153e-01,1.32590e+00,7.37795e+00,1.38597e+01,2.50853e+00,5.22130e+01,9.02624e-01,3.98655e+01,1.75443e+00,6.21026e-01,9.41642e-01,5.85711e+00,2.07055e+00,1.79970e-01,1.58969e+00,3.25991e+00
6.09770e-01,4.87684e+01,1.24171e-01,3.70950e+01,3.87065e-01,1.28015e+00,7.17138e+00,1.38527e+01,2.43940e+00,5.08541e+01,8.78907e-01,4.12050e+01,1.75450e+00,6.15926e-01,9.11856e-01,5.84346e+00,2.08378e+00,1.79088e-01,1.57616e+00,3.25400e+00
6.06312e-01,4.77309e+01,1.38265e-01,3.66010e+01,4.08757e-01,1.23717e+00,6.96580e+00,1.38092e+01,2.37299e+00,4.95142e+01,8.55567e-01,4.31979e+01,1.75441e+00,6.11287e-01,8.84402e-01,5.83004e+00,2.09709e+00,1.80740e-01,1.56302e+00,3.24866e+00
6.02991e-01,4.67525e+01,1.73437e-01,3.61292e+01,4.64664e-01,1.19684e+00,6.76260e+00,1.37309e+01,2.31964e+00,4.81919e+01,8.32692e-01,4.60940e+01,1.75413e+00,6.07136e-01,8.59098e-01,5.81696e+00,2.11037e+00,1.90493e-01,1.55044e+00,3.24396e+00
6.05341e-01,4.58496e+01,2.48016e-01,3.56835e+01,6.70329e-01,1.15898e+00,6.56287e+00,1.36215e+01,2.28087e+00,4.69029e+01,8.10312e-01,5.01220e+01,1.75878e+00,6.35594e-01,8.35784e-01,5.80410e+00,2.12465e+00,2.03077e-01,1.53831e+00,3.24141e+00
6.18403e-01,4.50406e+01,3.47643e-01,3.52677e+01,1.09279e+00,1.12380e+00,6.36753e+00,1.34833e+01,2.25375e+00,4.56263e+01,7.88501e-01,5.53804e+01,1.76338e+00,6.73937e-01,8.14335e-01,5.79171e+00,2.14601e+00,2.15803e-01,1.53203e+00,3.23924e+00
6.31645e-01,4.43452e+01,5.44359e-01,3.48820e+01,2.55639e+00,1.09034e+00,6.17716e+00,1.33209e+01,2.23881e+00,4.43851e+01,7.67318e-01,6.17599e+01,1.76970e+00,7.16309e-01,7.94644e-01,5.77979e+00,2.16990e+00,2.36329e-01,1.52976e+00,3.25262e+00
6.39897e-01,4.37873e+01,8.67448e-01,3.45266e+01,7.86499e+00,1.05907e+00,5.99226e+00,1.31399e+01,2.23206e+00,4.31680e+01,7.46760e-01,6.89139e+01,1.78009e+00,7.72554e-01,7.76502e-01,5.76835e+00,2.19442e+00,2.57668e-01,1.53318e+00,3.26853e+00
6.59958e-01,4.33921e+01,1.26613e+00,3.41971e+01,1.55692e+01,1.02984e+00,5.81288e+00,1.29444e+01,2.22909e+00,4.19692e+01,7.26893e-01,7.63386e+01,1.81013e+00,8.40319e-01,7.59914e-01,5.75759e+00,2.21835e+00,2.79237e-01,1.54016e+00,3.29258e+00
7.01854e-01,4.31878e+01,1.56269e+00,3.38882e+01,2.28257e+01,1.00253e+00,5.63920e+00,1.27407e+01,2.22823e+00,4.07947e+01,7.07655e-01,8.35086e+01,2.14324e+00,9.17214e-01,7.44724e-01,5.74764e+00,2.23962e+00,3.00711e-01,1.54682e+00,3.32166e+00
7.62289e-01,4.32026e+01,1.72663e+00,3.35939e+01,2.55095e+01,9.77040e-01,5.47122e+00,1.25337e+01,2.23463e+00,3.96497e+01,6.89159e-01,8.99960e+01,2.97958e+00,1.00447e+00,7.30780e-01,5.73837e+00,2.25785e+00,3.24619e-01,1.55288e+00,3.34775e+00
8.63730e-01,4.34621e+01,1.94209e+00,3.33086e+01,2.62361e+01,9.53242e-01,5.30890e+00,1.23281e+01,2.27452e+00,3.85359e+01,6.71328e-01,9.55314e+01,4.55801e+00,1.17966e+00,7.18075e-01,5.72992e+00,2.27327e+00,4.65732e-01,1.55959e+00,3.36717e+00
1.21006e+00,4.39830e+01,2.34419e+00,3.30281e+01,2.93789e+01,9.31017e-01,5.15216e+00,1.21294e+01,2.39667e+00,3.74714e+01,6.54248e-01,9.99981e+01,8.86603e+00,1.77480e+00,7.06496e-01,5.72243e+00,2.31268e+00,6.32752e-01,1.56811e+00,3.38910e+00
2.20684e+00,4.49614e+01,2.89026e+00,3.27626e+01,3.35067e+01,9.70619e-01,5.02139e+00,1.19852e+01,2.62062e+00,3.64730e+01,6.38393e-01,1.03406e+02,1.61553e+01,3.15820e+00,7.03452e-01,5.71568e+00,2.37218e+00,8.60699e-01,1.58538e+00,3.42317e+00
3.54179e+00,4.63003e+01,3.45162e+00,3.25189e+01,3.74444e+01,1.05824e+00,4.91371e+00,1.19267e+01,2.92674e+00,3.55770e+01,6.34072e-01,1.05819e+02,2.85850e+01,5.42666e+00,7.09334e-01,5.71014e+00,2.43246e+00,1.16879e+00,1.62874e+00,3.48954e+00
5.36653e+00,4.76785e+01,4.06788e+00,3.23006e+01,3.96568e+01,1.16732e+00,4.85163e+00,1.18635e+01,3.29847e+00,3.47732e+01,6.39007e-01,1.07359e+02,9.00416e+01,8.18387e+00,7.10452e-01,5.70704e+00,2.48834e+00,1.42463e+00,1.69573e+00,3.60820e+00
8.49740e+00,4.94341e+01,4.57221e+00,3.20837e+01,3.99145e+01,1.26172e+00,4.83120e+00,1.17657e+01,3.75947e+00,3.40004e+01,6.45857e-01,1.08155e+02,2.14581e+02,1.14918e+01,7.17613e-01,5.70818e+00,2.53561e+00,1.66243e+00,1.77827e+00,3.74281e+00
1.34150e+01,5.15388e+01,4.72067e+00,3.18758e+01,3.86758e+01,1.32485e+00,4.82303e+00,1.16740e+01,4.35435e+00,3.32438e+01,6.58024e-01,1.08345e+02,3.14774e+02,1.52857e+01,7.27008e-01,5.71595e+00,2.57625e+00,2.08838e+00,1.85193e+00,3.85321e+00
1.99247e+01,5.39351e+01,4.51117e+00,3.16814e+01,3.61244e+01,1.39276e+00,4.81815e+00,1.16065e+01,5.12621e+00,3.25171e+01,6.76454e-01,1.08054e+02,4.05259e+02,1.87769e+01,7.37088e-01,5.72775e+00,2.61440e+00,3.33418e+00,1.91135e+00,3.93245e+00
2.85265e+01,5.64525e+01,4.09598e+00,3.15024e+01,3.26315e+01,1.50211e+00,4.82154e+00,1.15803e+01,6.13471e+00,3.18398e+01,6.87835e-01,1.07397e+02,5.01075e+02,2.16402e+01,7.47545e-01,5.74299e+00,2.65262e+00,6.25663e+00,1.95677e+00,3.99515e+00
3.90193e+01,5.87771e+01,3.62774e+00,3.13494e+01,2.86038e+01,1.68971e+00,4.83064e+00,1.16098e+01,7.45874e+00,3.12318e+01,6.83477e-01,1.06463e+02,6.03276e+02,2.43620e+01,7.58859e-01,5.76145e+00,2.69488e+00,9.72120e+00,1.99300e+00,4.05875e+00
4.87100e+01,6.05945e+01,3.20607e+00,3.12324e+01,2.44067e+01,1.98131e+00,4.82992e+00,1.17120e+01,9.02855e+00,3.07029e+01,6.72469e-01,1.05327e+02,7.03188e+02,2.76428e+01,7.67829e-01,5.78355e+00,2.74719e+00,1.19991e+01,2.02489e+00,4.13288e+00
5.58810e+01,6.18478e+01,2.86185e+00,3.11501e+01,2.03790e+01,2.29063e+00,4.80632e+00,1.19064e+01,1.05058e+01,3.02440e+01,6.62265e-01,1.04052e+02,7.56964e+02,3.20452e+01,7.77589e-01,5.80793e+00,2.83018e+00,1.32545e+01,2.05405e+00,4.22010e+00
6.03591e+01,6.26478e+01,2.57721e+00,3.10950e+01,1.67680e+01,2.47373e+00,4.75222e+00,1.22234e+01,1.15644e+01,2.98309e+01,6.52710e-01,1.02696e+02,7.49081e+02,3.76405e+01,7.91677e-01,5.83353e+00,3.01182e+00,1.41004e+01,2.07897e+00,4.31990e+00
6.29726e+01,6.31011e+01,2.32280e+00,3.10549e+01,1.36895e+01,2.49489e+00,4.66929e+00,1.27133e+01,1.21978e+01,2.94336e+01,6.43215e-01,1.01312e+02,7.03844e+02,4.43312e+01,8.10198e-01,5.85831e+00,3.44468e+00,1.45953e+01,2.09707e+00,4.43026e+00
6.54106e+01,6.32793e+01,2.08052e+00,3.10203e+01,1.11514e+01,2.40760e+00,4.56328e+00,1.34367e+01,1.26809e+01,2.90310e+01,6.33977e-01,9.99451e+01,6.45370e+02,5.30081e+01,8.32111e-01,5.88083e+00,4.25757e+00,1.45051e+01,2.10659e+00,4.54995e+00
6.86548e+01,6.32426e+01,1.84611e+00,3.09793e+01,9.10046e+00,2.27178e+00,4.43927e+00,1.44481e+01,1.33586e+01,2.86156e+01,6.24826e-01,9.86256e+01,5.86782e+02,6.39811e+01,8.56114e-01,5.90020e+00,5.25910e+00,1.37843e+01,2.10809e+00,4.67900e+00
7.15296e+01,6.30440e+01,1.62379e+00,3.09269e+01,7.46067e+00,2.12315e+00,4.30224e+00,1.57728e+01,1.44330e+01,2.81940e+01,6.15507e-01,9.73605e+01,5.33833e+02,7.37377e+01,8.81264e-01,5.91607e+00,6.02381e+00,1.26286e+01,2.10332e+00,4.81791e+00
7.19973e+01,6.27240e+01,1.41926e+00,3.08575e+01,6.15537e+00,1.97826e+00,4.15933e+00,1.73745e+01,1.58574e+01,2.77812e+01,6.05813e-01,9.61395e+01,4.87932e+02,7.81575e+01,9.07399e-01,5.92848e+00,6.35476e+00,1.12832e+01,2.09465e+00,4.96651e+00
6.93561e+01,6.23097e+01,1.23679e+00,3.07686e+01,5.11678e+00,1.84392e+00,4.01815e+00,1.91463e+01,1.74432e+01,2.73941e+01,5.95744e-01,9.49502e+01,4.47423e+02,7.69473e+01,9.34766e-01,5.93729e+00,6.34034e+00,9.92602e+00,2.08434e+00,5.12286e+00
6.43813e+01,6.18207e+01,1.07788e+00,3.06615e+01,4.28864e+00,1.72255e+00,3.88429e+00,2.09335e+01,1.90655e+01,2.70478e+01,5.85588e-01,9.37917e+01,4.09601e+02,7.21461e+01,9.63809e-01,5.94260e+00,6.14421e+00,8.65463e+00,2.07340e+00,5.28237e+00
5.82453e+01,6.12711e+01,9.41962e-01,3.05428e+01,3.62569e+00,1.61428e+00,3.76091e+00,2.25885e+01,2.07268e+01,2.67527e+01,5.75557e-01,9.26752e+01,3.72829e+02,6.57157e+01,9.95544e-01,5.94419e+00,5.89308e+00,7.51126e+00,2.06272e+00,5.43966e+00
5.18628e+01,6.06733e+01,8.27150e-01,3.04237e+01,3.09252e+00,1.51844e+00,3.64919e+00,2.40068e+01,2.24664e+01,2.65136e+01,5.65911e-01,9.16254e+01,3.37057e+02,5.88853e+01,1.03131e+00,5.94242e+00,5.66376e+00,6.50745e+00,2.05244e+00,5.59053e+00
4.57650e+01,6.00374e+01,7.30801e-01,3.03189e+01,2.66108e+00,1.43419e+00,3.54887e+00,2.51412e+01,2.42916e+01,2.63288e+01,5.56820e-01,9.06679e+01,3.03048e+02,5.22924e+01,1.07273e+00,5.93732e+00,5.49738e+00,5.63879e+00,2.04278e+00,5.73442e+00
4.01995e+01,5.93733e+01,6.50196e-01,3.02444e+01,2.30982e+00,1.36069e+00,3.45904e+00,2.59919e+01,2.62019e+01,2.61912e+01,5.48375e-01,8.98278e+01,2.71572e+02,4.62197e+01,1.12113e+00,5.92956e+00,5.41388e+00,4.89330e+00,2.03390e+00,5.87763e+00
3.52492e+01,5.86874e+01,5.82871e-01,3.02219e+01,2.02207e+00,1.29724e+00,3.37939e+00,2.65838e+01,2.82580e+01,2.60903e+01,5.40654e-01,8.91285e+01,2.43064e+02,4.07700e+01,1.17701e+00,5.91921e+00,5.42082e+00,4.25669e+00,2.02583e+00,6.03829e+00
3.09121e+01,5.79869e+01,5.26546e-01,3.02823e+01,1.78487e+00,1.24299e+00,3.31022e+00,2.69548e+01,3.05564e+01,2.60135e+01,5.33639e-01,8.85933e+01,2.17636e+02,3.59525e+01,1.23957e+00,5.90700e+00,5.51765e+00,3.71423e+00,2.01854e+00,6.25464e+00
2.71446e+01,5.72793e+01,4.79320e-01,3.04630e+01,1.58808e+00,1.19716e+00,3.25290e+00,2.71418e+01,3.30955e+01,2.59470e+01,5.27356e-01,8.82418e+01,1.95161e+02,3.17283e+01,1.30715e+00,5.89343e+00,5.70148e+00,3.25248e+00,2.01156e+00,6.59506e+00
2.38880e+01,5.65700e+01,4.41613e-01,3.08174e+01,1.42425e+00,1.15891e+00,3.20922e+00,2.71802e+01,3.56526e+01,2.58782e+01,5.21646e-01,8.80942e+01,1.75426e+02,2.80415e+01,1.37744e+00,5.87886e+00,5.97146e+00,2.86148e+00,2.00430e+00,7.16822e+00
2.10802e+01,5.58626e+01,4.10734e-01,3.14027e+01,1.28679e+00,1.12747e+00,3.18183e+00,2.71003e+01,3.78437e+01,2.57986e+01,5.16505e-01,8.81669e+01,1.58197e+02,2.48318e+01,1.44850e+00,5.86415e+00,6.33340e+00,2.52790e+00,1.99626e+00,8.14048e+00
1.86625e+01,5.51581e+01,3.87913e-01,3.22701e+01,1.17043e+00,1.10220e+00,3.17243e+00,2.69248e+01,3.93224e+01,2.57024e+01,5.11842e-01,8.84645e+01,1.43192e+02,2.20386e+01,1.51880e+00,5.84981e+00,6.80388e+00,2.24396e+00,1.98716e+00,9.70299e+00
1.65812e+01,5.44554e+01,3.69655e-01,3.34370e+01,1.07223e+00,1.08254e+00,3.18233e+00,2.66765e+01,3.99433e+01,2.55885e+01,5.07717e-01,8.89826e+01,1.30143e+02,1.96072e+01,1.58755e+00,5.83641e+00,7.41819e+00,2.00334e+00,1.97668e+00,1.18848e+01
1.47876e+01,5.37525e+01,3.53999e-01,3.48631e+01,9.88943e-01,1.06807e+00,3.21081e+00,2.63715e+01,3.97659e+01,2.54577e+01,5.04014e-01,8.96875e+01,1.18833e+02,1.74909e+01,1.65403e+00,5.82452e+00,8.25088e+00,1.79783e+00,1.96496e+00,1.43476e+01
1.32405e+01,5.30507e+01,3.40969e-01,3.64454e+01,9.17965e-01,1.05843e+00,3.25549e+00,2.60239e+01,3.89667e+01,2.53148e+01,5.00796e-01,9.05350e+01,1.09037e+02,1.56467e+01,1.71727e+00,5.81461e+00,9.48354e+00,1.62032e+00,1.95211e+00,2.17143e+01
1.19035e+01,5.23530e+01,3.30281e-01,3.80416e+01,8.57138e-01,1.05335e+00,3.31169e+00,2.56477e+01,3.77539e+01,2.51655e+01,4.97982e-01,9.14594e+01,1.00569e+02,1.40374e+01,1.77591e+00,5.80687e+00,1.16300e+01,1.46581e+00,1.93864e+00,3.24932e+02
1.07463e+01,5.16649e+01,3.21233e-01,3.95141e+01,8.04968e-01,1.05259e+00,3.37391e+00,2.52502e+01,3.63128e+01,2.50146e+01,4.95636e-01,9.23906e+01,9.33109e+01,1.26314e+01,1.82808e+00,5.80196e+00,1.63524e+01,1.33140e+00,1.92491e+00,7.13408e+02
9.74191e+00,5.09941e+01,3.13050e-01,4.07625e+01,7.59809e-01,1.05583e+00,3.43605e+00,2.48416e+01,3.47851e+01,2.48683e+01,4.93711e-01,9.32586e+01,8.71634e+01,1.13997e+01,1.87227e+00,5.79951e+00,2.89414e+01,1.21450e+00,1.91139e+00,7.87538e+02
8.86679e+00,5.03484e+01,3.05153e-01,4.17398e+01,7.20465e-01,1.06289e+00,3.49245e+00,2.44276e+01,3.32654e+01,2.47292e+01,4.92268e-01,9.40069e+01,8.20112e+01,1.03187e+01,1.90748e+00,5.80003e+00,5.67221e+01,1.11254e+00,1.89858e+00,7.76419e+02
8.10050e+00,4.97350e+01,2.97243e-01,4.24420e+01,6.86010e-01,1.07357e+00,3.53899e+00,2.40153e+01,3.17992e+01,2.45990e+01,4.91233e-01,9.45930e+01,7.76934e+01,9.36775e+00,1.93398e+00,5.80343e+00,9.06183e+01,1.02322e+00,1.88691e+00,7.43549e+02
7.42624e+00,4.91587e+01,2.89374e-01,4.28928e+01,6.55796e-01,1.08774e+00,3.57281e+00,2.36099e+01,3.03988e+01,2.44769e+01,4.90624e-01,9.49927e+01,7.39976e+01,8.52950e+00,1.95311e+00,5.81098e+00,1.14438e+02,9.44585e-01,1.87676e+00,7.04148e+02
6.82974e+00,4.86221e+01,2.81741e-01,4.31300e+01,6.29270e-01,1.10536e+00,3.59278e+00,2.32150e+01,2.90534e+01,2.43605e+01,4.90338e-01,9.51976e+01,7.06854e+01,7.78922e+00,1.96692e+00,5.82549e+00,1.26186e+02,8.75080e-01,1.86839e+00,6.63476e+02
6.29955e+00,4.81245e+01,2.74700e-01,4.31947e+01,6.05940e-01,1.12642e+00,3.59876e+00,2.28354e+01,2.77422e+01,2.42458e+01,4.90304e-01,9.52145e+01,6.75326e+01,7.13443e+00,1.97779e+00,5.85420e+00,1.30092e+02,8.13535e-01,1.86226e+00,6.23762e+02
5.82616e+00,4.76626e+01,2.68520e-01,4.31246e+01,5.85511e-01,1.15103e+00,3.59180e+00,2.24728e+01,2.64464e+01,2.41276e+01,4.90430e-01,9.50592e+01,6.43750e+01,6.55444e+00,1.98762e+00,5.90832e+00,1.29645e+02,7.59070e-01,1.85856e+00,5.85960e+02
5.40185e+00,4.72327e+01,2.63660e-01,4.29542e+01,5.67708e-01,1.17921e+00,3.57346e+00,2.21295e+01,2.51554e+01,2.40017e+01,4.90564e-01,9.47510e+01,6.11324e+01,6.04038e+00,1.99732e+00,5.99995e+00,1.26784e+02,7.10977e-01,1.85763e+00,5.50414e+02
5.02017e+00,4.68303e+01,2.60208e-01,4.27151e+01,5.52169e-01,1.21073e+00,3.54585e+00,2.18042e+01,2.38685e+01,2.38648e+01,4.90613e-01,9.43143e+01,5.77952e+01,5.58395e+00,2.00669e+00,6.13256e+00,1.22502e+02,6.68592e-01,1.85949e+00,5.17124e+02
4.67577e+00,4.64527e+01,2.58252e-01,4.24321e+01,5.38741e-01,1.24517e+00,3.51083e+00,2.14983e+01,2.25929e+01,2.37140e+01,4.90454e-01,9.37687e+01,5.44012e+01,5.17839e+00,2.01447e+00,6.29414e+00,1.17338e+02,6.31359e-01,1.86445e+00,4.85969e+02
4.36422e+00,4.60986e+01,2.57272e-01,4.21292e+01,5.27072e-01,1.28173e+00,3.47037e+00,2.12087e+01,2.13390e+01,2.35475e+01,4.89997e-01,9.31353e+01,5.10115e+01,4.81777e+00,2.01880e+00,6.45826e+00,1.11632e+02,5.98735e-01,1.87254e+00,4.56721e+02
4.08181e+00,4.57674e+01,2.56868e-01,4.18279e+01,5.16927e-01,1.31902e+00,3.42639e+00,2.09344e+01,2.01183e+01,2.33661e+01,4.89201e-01,9.24294e+01,4.76838e+01,4.49654e+00,2.01763e+00,6.59730e+00,1.05641e+02,5.70203e-01,1.88370e+00,4.29215e+02
3.82515e+00,4.54599e+01,2.56293e-01,4.15431e+01,5.08147e-01,1.35536e+00,3.38003e+00,2.06731e+01,1.89418e+01,2.31712e+01,4.87986e-01,9.16702e+01,4.44687e+01,4.20991e+00,2.00936e+00,6.69311e+00,9.95648e+01,5.45263e-01,1.89762e+00,4.03289e+02
3.59163e+00,4.51756e+01,2.55196e-01,4.12847e+01,5.00524e-01,1.38918e+00,3.33261e+00,2.04242e+01,1.78177e+01,2.29649e+01,4.86408e-01,9.08672e+01,4.14024e+01,3.95333e+00,1.99294e+00,6.74183e+00,9.35570e+01,5.23470e-01,1.91411e+00,3.78841e+02
3.37886e+00,4.49130e+01,2.53326e-01,4.10578e+01,4.93850e-01,1.41896e+00,3.28509e+00,2.01861e+01,1.67517e+01,2.27507e+01,4.84506e-01,9.00343e+01,3.85093e+01,3.72255e+00,1.96809e+00,6.74950e+00,8.77234e+01,5.04395e-01,1.93236e+00,3.55793e+02
3.18473e+00,4.46693e+01,2.50609e-01,4.08601e+01,4.87970e-01,1.44357e+00,3.23828e+00,1.99575e+01,1.57471e+01,2.25340e+01,4.82350e-01,8.91780e+01,3.58018e+01,3.51407e+00,1.93528e+00,6.72683e+00,8.21339e+01,4.87646e-01,1.95188e+00,3.34101e+02
3.00740e+00,4.44405e+01,2.47255e-01,4.06834e+01,4.82719e-01,1.46231e+00,3.19277e+00,1.97381e+01,1.48051e+01,2.23196e+01,4.80065e-01,8.83084e+01,3.32842e+01,3.32462e+00,1.89546e+00,6.68491e+00,7.68330e+01,4.72858e-01,1.97164e+00,3.13716e+02
2.84530e+00,4.42223e+01,2.43390e-01,4.05166e+01,4.77999e-01,1.47497e+00,3.14911e+00,1.95277e+01,1.39250e+01,2.21151e+01,4.77734e-01,8.74301e+01,3.09541e+01,3.15152e+00,1.84986e+00,6.63288e+00,7.18442e+01,4.59799e-01,1.99071e+00,2.94596e+02
2.69694e+00,4.40105e+01,2.39285e-01,4.03471e+01,4.73641e-01,1.48176e+00,3.10779e+00,1.93238e+01,1.31045e+01,2.19277e+01,4.75490e-01,8.65487e+01,2.88048e+01,2.99237e+00,1.79998e+00,6.57823e+00,6.71721e+01,4.48185e-01,2.00829e+00,2.76697e+02
2.56112e+00,4.38022e+01,2.35133e-01,4.01652e+01,4.69595e-01,1.48317e+00,3.06934e+00,1.91255e+01,1.23417e+01,2.17677e+01,4.73466e-01,8.56679e+01,2.68271e+01,2.84578e+00,1.74713e+00,6.52655e+00,6.28143e+01,4.37835e-01,2.02346e+00,2.59981e+02
2.43666e+00,4.35964e+01,2.31112e-01,3.99632e+01,4.65815e-01,1.47980e+00,3.03443e+00,1.89333e+01,1.16333e+01,2.16486e+01,4.71744e-01,8.47905e+01,2.50108e+01,2.71008e+00,1.69241e+00,6.48151e+00,5.87608e+01,4.28626e-01,2.03567e+00,2.44390e+02
2.32272e+00,4.33924e+01,2.27295e-01,3.97351e+01,4.62229e-01,1.47238e+00,3.00355e+00,1.87439e+01,1.09761e+01,2.15904e+01,4.70441e-01,8.39184e+01,2.33447e+01,2.58448e+00,1.63702e+00,6.44674e+00,5.49962e+01,4.20383e-01,2.04429e+00,2.29864e+02
2.21825e+00,4.31914e+01,2.23743e-01,3.94811e+01,4.58854e-01,1.46161e+00,2.97725e+00,1.85563e+01,1.03665e+01,2.16304e+01,4.69630e-01,8.30537e+01,2.18169e+01,2.46804e+00,1.58180e+00,6.42460e+00,5.15043e+01,4.12982e-01,2.04907e+00,2.16352e+02
2.12258e+00,4.29942e+01,2.20524e-01,3.92029e+01,4.55686e-01,1.44814e+00,2.95605e+00,1.83710e+01,9.80116e+00,2.18479e+01,4.69411e-01,8.21981e+01,2.04168e+01,2.36030e+00,1.52747e+00,6.41696e+00,4.82679e+01,4.06353e-01,2.05012e+00,2.03783e+02
2.03496e+00,4.28014e+01,2.17660e-01,3.89040e+01,4.52734e-01,1.43257e+00,2.94058e+00,1.81855e+01,9.27704e+00,2.24174e+01,4.69805e-01,8.13525e+01,1.91340e+01,2.26065e+00,1.47445e+00,6.96701e+00,4.52691e+01,4.00381e-01,2.04732e+00,1.92110e+02
1.95468e+00,4.26130e+01,2.15142e-01,3.85877e+01,4.50037e-01,1.41543e+00,2.93131e+00,1.79998e+01,8.79107e+00,2.36812e+01,4.70885e-01,8.05192e+01,1.79582e+01,2.16871e+00,1.42318e+00,2.23142e+02,4.24911e+01,3.94930e-01,2.04096e+00,1.81264e+02
1.88123e+00,4.24285e+01,2.12926e-01,3.82580e+01,4.47606e-01,1.39710e+00,2.92856e+00,1.78121e+01,8.34026e+00,2.61666e+01,4.72614e-01,7.96997e+01,1.68802e+01,2.08410e+00,1.37395e+00,5.73192e+02,3.99171e+01,3.89994e-01,2.03150e+00,1.71203e+02
1.81401e+00,4.22454e+01,2.11018e-01,3.79193e+01,4.45424e-01,1.37784e+00,2.93258e+00,1.76208e+01,7.92219e+00,3.03716e+01,4.74975e-01,7.88954e+01,1.58913e+01,2.00639e+00,1.32691e+00,6.16748e+02,3.75317e+01,3.85468e-01,2.01908e+00,1.61862e+02
1.75251e+00,4.20613e+01,2.09366e-01,3.75759e+01,4.43408e-01,1.35796e+00,2.94332e+00,1.74249e+01,7.53408e+00,3.62736e+01,4.77869e-01,7.81074e+01,1.49839e+01,1.93516e+00,1.28216e+00,6.01318e+02,3.53200e+01,3.81289e-01,2.00456e+00,1.53193e+02
1.69634e+00,4.18735e+01,2.07980e-01,3.72315e+01,4.41538e-01,1.33760e+00,2.96064e+00,1.72222e+01,7.17392e+00,4.30197e+01,4.81299e-01,7.73378e+01,1.41506e+01,1.87005e+00,1.23980e+00,5.76712e+02,3.32693e+01,3.77385e-01,1.98801e+00,1.45152e+02
1.64503e+00,4.16795e+01,2.06854e-01,3.68877e+01,4.39805e-01,1.31695e+00,2.98397e+00,1.70118e+01,6.83937e+00,4.93376e+01,4.85063e-01,7.65905e+01,1.33849e+01,1.81062e+00,1.19985e+00,5.51221e+02,3.13660e+01,3.73778e-01,1.97031e+00,1.37700e+02
1.59821e+00,4.14771e+01,2.05914e-01,3.65468e+01,4.38251e-01,1.29603e+00,3.01258e+00,1.67939e+01,6.52862e+00,5.42972e+01,4.89105e-01,7.58650e+01,1.26808e+01,1.75653e+00,1.16224e+00,5.26423e+02,2.95988e+01,3.70402e-01,1.95158e+00,1.30792e+02
1.55551e+00,4.12651e+01,2.05185e-01,3.62110e+01,4.36840e-01,1.27498e+00,3.04532e+00,1.65683e+01,6.23997e+00,5.76237e+01,4.93297e-01,7.51662e+01,1.20328e+01,1.70742e+00,1.12693e+00,5.02642e+02,2.79568e+01,3.67285e-01,1.93229e+00,1.24391e+02
1.51665e+00,4.10437e+01,2.04580e-01,3.58806e+01,4.35572e-01,1.25389e+00,3.08078e+00,1.63362e+01,5.97184e+00,5.95160e+01,4.97537e-01,7.44955e+01,1.14361e+01,1.66282e+00,1.09387e+00,4.79942e+02,2.64308e+01,3.64374e-01,1.91274e+00,1.18465e+02
1.48131e+00,4.08143e+01,2.04126e-01,3.55562e+01,4.34450e-01,1.23275e+00,3.11764e+00,1.60998e+01,5.72265e+00,6.03497e+01,5.01701e-01,7.38586e+01,1.08859e+01,1.62241e+00,1.06300e+00,4.58295e+02,2.50116e+01,3.61646e-01,1.89337e+00,1.12981e+02
1.44920e+00,4.05803e+01,2.03796e-01,3.52379e+01,4.33460e-01,1.21172e+00,3.15427e+00,1.58599e+01,5.49106e+00,6.04958e+01,5.05701e-01,7.32674e+01,1.03779e+01,1.58589e+00,1.03419e+00,4.37661e+02,2.36907e+01,3.59179e-01,1.87425e+00,1.07910e+02
1.42004e+00,4.03468e+01,2.03553e-01,3.49254e+01,4.32595e-01,1.19081e+00,3.18932e+00,1.56188e+01,5.27586e+00,6.02474e+01,5.09464e-01,7.27326e+01,9.90887e+00,1.55294e+00,1.00737e+00,4.17988e+02,2.24607e+01,3.56878e-01,1.85544e+00,1.03222e+02
1.39364e+00,4.01213e+01,2.03388e-01,3.46185e+01,4.31813e-01,1.17008e+00,3.22162e+00,1.53777e+01,5.07600e+00,5.98227e+01,5.12950e-01,7.22847e+01,9.47521e+00,1.52324e+00,9.82469e-01,3.99231e+02,2.13146e+01,3.54849e-01,1.83723e+00,9.88872e+01
1.36971e+00,3.99119e+01,2.03282e-01,3.43157e+01,4.31094e-01,1.14956e+00,3.25032e+00,1.51381e+01,4.89019e+00,5.93824e+01,5.16111e-01,7.19645e+01,9.07386e+00,1.49642e+00,9.59324e-01,3.81334e+02,2.02451e+01,3.52997e-01,1.81952e+00,9.48729e+01
1.34813e+00,3.97279e+01,2.03214e-01,3.40161e+01,4.30461e-01,1.12937e+00,3.27484e+00,1.49018e+01,4.71765e+00,5.90484e+01,5.18890e-01,7.18431e+01,8.70198e+00,1.47237e+00,9.37903e-01,3.64284e+02,1.92479e+01,3.51377e-01,1.80234e+00,9.11521e+01
1.32870e+00,3.95819e+01,2.03189e-01,3.37194e+01,4.29904e-01,1.10954e+00,3.29484e+00,1.46695e+01,4.55730e+00,5.89187e+01,5.21303e-01,7.20108e+01,8.35718e+00,1.45073e+00,9.18142e-01,3.48026e+02,1.83169e+01,3.49934e-01,1.78583e+00,8.76897e+01
1.31120e+00,3.94867e+01,2.03204e-01,3.34241e+01,4.29364e-01,1.09014e+00,3.31023e+00,1.44428e+01,4.40842e+00,5.90720e+01,5.23269e-01,7.25820e+01,8.03720e+00,1.43128e+00,8.99853e-01,3.32528e+02,1.74470e+01,3.48689e-01,1.76984e+00,8.44561e+01
1.29550e+00,3.94561e+01,2.03226e-01,3.31293e+01,4.28834e-01,1.07129e+00,3.32117e+00,1.42220e+01,4.27014e+00,5.95603e+01,5.24876e-01,7.36719e+01,7.73990e+00,1.41390e+00,8.83074e-01,3.17778e+02,1.66334e+01,3.47608e-01,1.75434e+00,8.14178e+01
1.28145e+00,3.95037e+01,2.03262e-01,3.28347e+01,4.28351e-01,1.05296e+00,3.32789e+00,1.40090e+01,4.14184e+00,6.03981e+01,5.26025e-01,7.53663e+01,7.46348e+00,1.39836e+00,8.67617e-01,3.03731e+02,1.58723e+01,3.46664e-01,1.73940e+00,7.85458e+01
1.26892e+00,3.96415e+01,2.03321e-01,3.25392e+01,4.27889e-01,1.03518e+00,3.33064e+00,1.38043e+01,4.02285e+00,6.15468e+01,5.26781e-01,7.76887e+01,7.20630e+00,1.38449e+00,8.53424e-01,2.90365e+02,1.51599e+01,3.45873e-01,1.72491e+00,7.58107e+01
1.25781e+00,3.98789e+01,2.03401e-01,3.22421e+01,4.27411e-01,1.01803e+00,3.32962e+00,1.36093e+01,3.91245e+00,6.29114e+01,5.27082e-01,8.05735e+01,6.96667e+00,1.37213e+00,8.40461e-01,2.77660e+02,1.44922e+01,3.45146e-01,1.71084e+00,7.31915e+01
1.24796e+00,4.02202e+01,2.03499e-01,3.19438e+01,4.26957e-01,1.00152e+00,3.32500e+00,1.34252e+01,3.81006e+00,6.43544e+01,5.26969e-01,8.38591e+01,6.74342e+00,1.36121e+00,8.28587e-01,2.65576e+02,1.38662e+01,3.44547e-01,1.69714e+00,7.06668e+01
1.23927e+00,4.06644e+01,2.03614e-01,3.16444e+01,4.26535e-01,9.85642e-01,3.31685e+00,1.32541e+01,3.71522e+00,6.57193e+01,5.26405e-01,8.73160e+01,6.53533e+00,1.35160e+00,8.17786e-01,2.54102e+02,1.32787e+01,3.44009e-01,1.68391e+00,6.82224e+01
1.23161e+00,4.12017e+01,2.03715e-01,3.13440e+01,4.26133e-01,9.70417e-01,3.30520e+00,1.30964e+01,3.62737e+00,6.68687e+01,5.25429e-01,9.06989e+01,6.34131e+00,1.34317e+00,8.07935e-01,2.43196e+02,1.27268e+01,3.43551e-01,1.67099e+00,6.58455e+01
1.22490e+00,4.18161e+01,2.03832e-01,3.10432e+01,4.25751e-01,9.55874e-01,3.29001e+00,1.29551e+01,3.54611e+00,6.76990e+01,5.24016e-01,9.37915e+01,6.16042e+00,1.33579e+00,7.99014e-01,2.32842e+02,1.22083e+01,3.43153e-01,1.65835e+00,6.35315e+01
1.21905e+00,4.24843e+01,2.03946e-01,3.07424e+01,4.25382e-01,9.41988e-01,3.27132e+00,1.28308e+01,3.47118e+00,6.81582e+01,5.22182e-01,9.64460e+01,5.99175e+00,1.32940e+00,7.90918e-01,2.23017e+02,1.17202e+01,3.42840e-01,1.64615e+00,6.12757e+01
1.21401e+00,4.31790e+01,2.04058e-01,3.04421e+01,4.25011e-01,9.28759e-01,3.24910e+00,1.27267e+01,3.40189e+00,6.82406e+01,5.19929e-01,9.85961e+01,5.83462e+00,1.32388e+00,7.83626e-01,2.13685e+02,1.12608e+01,3.42552e-01,1.63427e+00,5.90743e+01
1.20967e+00,4.38697e+01,2.04142e-01,3.01435e+01,4.24626e-01,9.16225e-01,3.22343e+00,1.26430e+01,3.33789e+00,6.79714e+01,5.17284e-01,1.00244e+02,5.68817e+00,1.31914e+00,7.77037e-01,2.04833e+02,1.08277e+01,3.42353e-01,1.62278e+00,5.69317e+01
1.20597e+00,4.45295e+01,2.04221e-01,2.98473e+01,4.24226e-01,9.04354e-01,3.19449e+00,1.25813e+01,3.27891e+00,6.73986e+01,5.14296e-01,1.01451e+02,5.55187e+00,1.31515e+00,7.71120e-01,1.96432e+02,1.04193e+01,3.42160e-01,1.61153e+00,5.48456e+01
1.20283e+00,4.51355e+01,2.04299e-01,2.95544e+01,4.23831e-01,8.93093e-01,3.16261e+00,1.25427e+01,3.22464e+00,6.65793e+01,5.10949e-01,1.02309e+02,5.42505e+00,1.31184e+00,7.65826e-01,1.88458e+02,1.00336e+01,3.42003e-01,1.60071e+00,5.28202e+01
1.20026e+00,4.56697e+01,2.04372e-01,2.92657e+01,4.23404e-01,8.82463e-01,3.12816e+00,1.25261e+01,3.17478e+00,6.55744e+01,5.07350e-01,1.02921e+02,5.30713e+00,1.30913e+00,7.61072e-01,1.80895e+02,9.66916e+00,3.41856e-01,1.59021e+00,5.08572e+01
1.19813e+00,4.61208e+01,2.04441e-01,2.89822e+01,4.22952e-01,8.72488e-01,3.09143e+00,1.25309e+01,3.12889e+00,6.44451e+01,5.03465e-01,1.03389e+02,5.19766e+00,1.30698e+00,7.56832e-01,1.73720e+02,9.32440e+00,3.41727e-01,1.58006e+00,4.89567e+01
1.19642e+00,4.64841e+01,2.04515e-01,2.87052e+01,4.22509e-01,8.63066e-01,3.05287e+00,1.25548e+01,3.08680e+00,6.32694e+01,4.99380e-01,1.03803e+02,5.09602e+00,1.30537e+00,7.53050e-01,1.66913e+02,8.99819e+00,3.41623e-01,1.57022e+00,4.71224e+01
1.19503e+00,4.67605e+01,2.04583e-01,2.84355e+01,4.22080e-01,8.54217e-01,3.01300e+00,1.25940e+01,3.04823e+00,6.21691e+01,4.95106e-01,1.04228e+02,5.00186e+00,1.30418e+00,7.49653e-01,1.60452e+02,8.68914e+00,3.41517e-01,1.56065e+00,4.53522e+01
1.19394e+00,4.69559e+01,2.04629e-01,2.81741e+01,4.21650e-01,8.45914e-01,2.97216e+00,1.26450e+01,3.01297e+00,6.13875e+01,4.90658e-01,1.04709e+02,4.91468e+00,1.30339e+00,7.46688e-01,1.54325e+02,8.39631e+00,3.41411e-01,1.55143e+00,4.36489e+01
1.19313e+00,4.70770e+01,2.04664e-01,2.79233e+01,4.21207e-01,8.38114e-01,2.93077e+00,1.27031e+01,2.98069e+00,6.14233e+01,4.86103e-01,1.05260e+02,4.83408e+00,1.30294e+00,7.44004e-01,1.48511e+02,8.11859e+00,3.41299e-01,1.54249e+00,4.20127e+01
1.19254e+00,4.71331e+01,2.04697e-01,2.77046e+01,4.20767e-01,8.30901e-01,2.88921e+00,1.27623e+01,2.95132e+00,6.31983e+01,4.81473e-01,1.05874e+02,4.75954e+00,1.30276e+00,7.41670e-01,1.42996e+02,7.85500e+00,3.41190e-01,1.53395e+00,4.04399e+01
1.19216e+00,4.71348e+01,2.04705e-01,2.79053e+01,4.20312e-01,8.24106e-01,2.84774e+00,1.28175e+01,2.92456e+00,6.80237e+01,4.76815e-01,1.06524e+02,4.69079e+00,1.30283e+00,7.39560e-01,1.37764e+02,7.60493e+00,3.41088e-01,1.52557e+00,3.89331e+01
1.19196e+00,4.70910e+01,2.04693e-01,3.38810e+01,4.19817e-01,8.17784e-01,2.80668e+00,1.28649e+01,2.90015e+00,7.69337e+01,4.72151e-01,1.07168e+02,4.62733e+00,1.30315e+00,7.37710e-01,1.32802e+02,7.36738e+00,3.40989e-01,1.51753e+00,3.74891e+01
1.19192e+00,4.70107e+01,2.04695e-01,8.34875e+01,4.19328e-01,8.11963e-01,2.76627e+00,1.29005e+01,2.87792e+00,8.94214e+01,4.67492e-01,1.07763e+02,4.56876e+00,1.30368e+00,7.36058e-01,1.28096e+02,7.14173e+00,3.40891e-01,1.50964e+00,3.61063e+01
1.19203e+00,4.69010e+01,2.04709e-01,2.19913e+02,4.18818e-01,8.06516e-01,2.72666e+00,1.29217e+01,2.85777e+00,1.02999e+02,4.62858e-01,1.08269e+02,4.51472e+00,1.30434e+00,7.34591e-01,1.23634e+02,6.92738e+00,3.40783e-01,1.50210e+00,3.47843e+01
1.19224e+00,4.67677e+01,2.04706e-01,3.48987e+02,4.18306e-01,8.01456e-01,2.68797e+00,1.29267e+01,2.83942e+00,1.14677e+02,4.58278e-01,1.08651e+02,4.46490e+00,1.30514e+00,7.33277e-01,1.19402e+02,6.72367e+00,3.40658e-01,1.49478e+00,3.35211e+01
1.19252e+00,4.66153e+01,2.04664e-01,4.15171e+02,4.17787e-01,7.96816e-01,2.65034e+00,1.29155e+01,2.82273e+00,1.22750e+02,4.53775e-01,1.08890e+02,4.41887e+00,1.30606e+00,7.32110e-01,1.15390e+02,6.53012e+00,3.40517e-01,1.48767e+00,3.23134e+01
1.19285e+00,4.64475e+01,2.04621e-01,4.38391e+02,4.17270e-01,7.92468e-01,2.61375e+00,1.28892e+01,2.80753e+00,1.27110e+02,4.49353e-01,1.08984e+02,4.37636e+00,1.30708e+00,7.31064e-01,1.11584e+02,6.34611e+00,3.40371e-01,1.48067e+00,3.11594e+01
1.19320e+00,4.62665e+01,2.04575e-01,4.40593e+02,4.16765e-01,7.88494e-01,2.57829e+00,1.28496e+01,2.79378e+00,1.28505e+02,4.45042e-01,1.08948e+02,4.33708e+00,1.30819e+00,7.30122e-01,1.07974e+02,6.17138e+00,3.40224e-01,1.47398e+00,3.00581e+01
1.19362e+00,4.60731e+01,2.04531e-01,4.33572e+02,4.16242e-01,7.84806e-01,2.54406e+00,1.27999e+01,2.78126e+00,1.27858e+02,4.40843e-01,1.08820e+02,4.30077e+00,1.30933e+00,7.29268e-01,1.04548e+02,6.00526e+00,3.40075e-01,1.46743e+00,2.90066e+01
1.19409e+00,4.58688e+01,2.04503e-01,4.22802e+02,4.15731e-01,7.81388e-01,2.51104e+00,1.27457e+01,2.76979e+00,1.25928e+02,4.36773e-01,1.08673e+02,4.26707e+00,1.31046e+00,7.28493e-01,1.01296e+02,5.84755e+00,3.39917e-01,1.46106e+00,2.80028e+01
1.19457e+00,4.56533e+01,2.04442e-01,4.10704e+02,4.15193e-01,7.78283e-01,2.47918e+00,1.26936e+01,2.75931e+00,1.23245e+02,4.32839e-01,1.08624e+02,4.23580e+00,1.31159e+00,7.27787e-01,9.82081e+01,5.69761e+00,3.39746e-01,1.45491e+00,2.70450e+01
1.19504e+00,4.54280e+01,2.04347e-01,3.98322e+02,4.14616e-01,7.75356e-01,2.44846e+00,1.26526e+01,2.74959e+00,1.20154e+02,4.29049e-01,1.08860e+02,4.20678e+00,1.31274e+00,7.27139e-01,9.52720e+01,5.55530e+00,3.39558e-01,1.44893e+00,2.61315e+01
1.19554e+00,4.51922e+01,2.04242e-01,3.86093e+02,4.14054e-01,7.72663e-01,2.41890e+00,1.26344e+01,2.74069e+00,1.16866e+02,4.25401e-01,1.09643e+02,4.17976e+00,1.31389e+00,7.26544e-01,9.24750e+01,5.42021e+00,3.39358e-01,1.44319e+00,2.52597e+01
1.19602e+00,4.49463e+01,2.04149e-01,3.74175e+02,4.13470e-01,7.70216e-01,2.39045e+00,1.26545e+01,2.73242e+00,1.13507e+02,4.21892e-01,1.11307e+02,4.15458e+00,1.31502e+00,7.26009e-01,8.98070e+01,5.29202e+00,3.39136e-01,1.43757e+00,2.44277e+01
1.19649e+00,4.46912e+01,2.04053e-01,3.62629e+02,4.12878e-01,7.67920e-01,2.36304e+00,1.27313e+01,2.72467e+00,1.10153e+02,4.18538e-01,1.14198e+02,4.13106e+00,1.31612e+00,7.25494e-01,8.72601e+01,5.17042e+00,3.38884e-01,1.43214e+00,2.36333e+01
1.19694e+00,4.44267e+01,2.03935e-01,3.51475e+02,4.12296e-01,7.65841e-01,2.33669e+00,1.28866e+01,2.71750e+00,1.06850e+02,4.15345e-01,1.18580e+02,4.10905e+00,1.31720e+00,7.25019e-01,8.48227e+01,5.05515e+00,3.38623e-01,1.42695e+00,2.28753e+01
1.19736e+00,4.41543e+01,2.03810e-01,3.40700e+02,4.11731e-01,7.63887e-01,2.31134e+00,1.31425e+01,2.71070e+00,1.03618e+02,4.12299e-01,1.24486e+02,4.08842e+00,1.31827e+00,7.24568e-01,8.24817e+01,4.94588e+00,3.38357e-01,1.42187e+00,2.21512e+01
1.19774e+00,4.38742e+01,2.03683e-01,3.30307e+02,4.11165e-01,7.62101e-01,2.28698e+00,1.35171e+01,2.70434e+00,1.00474e+02,4.09409e-01,1.31638e+02,4.06910e+00,1.31932e+00,7.24139e-01,8.02334e+01,4.84234e+00,3.38090e-01,1.41703e+00,2.14605e+01
1.19812e+00,4.35870e+01,2.03563e-01,3.20280e+02,4.10579e-01,7.60449e-01,2.26355e+00,1.40196e+01,2.69831e+00,9.74260e+01,4.06668e-01,1.39455e+02,4.05102e+00,1.32032e+00,7.23720e-01,7.80654e+01,4.74433e+00,3.37819e-01,1.41229e+00,2.08012e+01
1.19847e+00,4.32946e+01,2.03460e-01,3.10605e+02,4.09989e-01,7.58912e-01,2.24101e+00,1.46402e+01,2.69268e+00,9.44786e+01,4.04073e-01,1.47186e+02,4.03403e+00,1.32125e+00,7.23310e-01,7.59718e+01,4.65154e+00,3.37537e-01,1.40772e+00,2.01716e+01
1.19882e+00,4.29977e+01,2.03329e-01,3.01270e+02,4.09394e-01,7.57489e-01,2.21933e+00,1.53502e+01,2.68733e+00,9.16314e+01,4.01613e-01,1.54124e+02,4.01812e+00,1.32213e+00,7.22910e-01,7.39456e+01,4.56385e+00,3.37248e-01,1.40335e+00,1.95703e+01
1.19909e+00,4.26971e+01,2.03159e-01,2.92269e+02,4.08763e-01,7.56122e-01,2.19848e+00,1.61017e+01,2.68230e+00,8.88846e+01,3.99302e-01,1.59762e+02,4.00328e+00,1.32295e+00,7.22508e-01,7.19798e+01,4.48099e+00,3.36941e-01,1.39907e+00,1.89960e+01
1.19932e+00,4.23941e+01,2.02980e-01,2.83597e+02,4.08144e-01,7.54875e-01,2.17838e+00,1.68372e+01,2.67752e+00,8.62370e+01,3.97128e-01,1.63858e+02,3.99185e+00,1.32374e+00,7.22097e-01,7.00711e+01,4.40273e+00,3.36614e-01,1.39503e+00,1.84477e+01
1.19957e+00,4.20894e+01,2.02821e-01,2.75247e+02,4.07480e-01,7.53662e-01,2.15904e+00,1.75049e+01,2.67306e+00,8.36868e+01,3.95086e-01,1.66404e+02,4.02549e+00,1.32445e+00,7.21676e-01,6.82147e+01,4.32892e+00,3.36267e-01,1.39113e+00,1.79237e+01
1.19978e+00,4.17837e+01,2.02669e-01,2.67212e+02,4.06813e-01,7.52558e-01,2.14040e+00,1.80644e+01,2.66892e+00,8.12306e+01,3.93164e-01,1.67552e+02,4.05081e+00,1.32508e+00,7.21243e-01,6.64067e+01,4.25932e+00,3.35904e-01,1.38736e+00,1.74235e+01
1.19995e+00,4.14777e+01,2.02509e-01,2.59491e+02,4.06161e-01,7.51479e-01,2.12249e+00,1.84948e+01,2.66503e+00,7.88662e+01,3.91356e-01,1.67534e+02,4.08494e+00,1.32566e+00,7.20812e-01,6.46463e+01,4.19379e+00,3.35539e-01,1.38380e+00,1.69474e+01
1.20007e+00,4.11723e+01,2.02341e-01,2.52086e+02,4.05534e-01,7.50466e-01,2.10523e+00,1.87917e+01,2.66139e+00,7.65902e+01,3.89646e-01,1.66604e+02,4.13389e+00,1.32618e+00,7.20380e-01,6.29285e+01,4.13204e+00,3.35160e-01,1.38029e+00,1.64926e+01
1.20016e+00,4.08676e+01,2.02151e-01,2.45009e+02,4.04913e-01,7.49510e-01,2.08862e+00,1.89630e+01,2.65803e+00,7.43999e+01,3.88057e-01,1.64991e+02,4.15111e+00,1.32668e+00,7.19951e-01,6.12535e+01,4.07413e+00,3.34770e-01,1.37701e+00,1.60578e+01
1.20021e+00,4.05639e+01,2.01955e-01,2.38256e+02,4.04266e-01,7.48607e-01,2.07267e+00,1.90232e+01,2.65492e+00,7.22918e+01,3.86605e-01,1.62888e+02,4.13664e+00,1.32711e+00,7.19509e-01,5.96216e+01,4.01967e+00,3.34376e-01,1.37383e+00,1.56410e+01
1.20020e+00,4.02616e+01,2.01766e-01,2.31840e+02,4.03621e-01,7.47743e-01,2.05736e+00,1.89913e+01,2.65211e+00,7.02642e+01,3.85221e-01,1.60454e+02,4.10725e+00,1.32747e+00,7.19054e-01,5.80288e+01,3.96862e+00,3.33984e-01,1.37076e+00,1.52419e+01
1.20019e+00,3.99608e+01,2.01556e-01,2.25765e+02,4.02998e-01,7.46907e-01,2.04263e+00,1.88843e+01,2.64952e+00,6.83131e+01,3.83948e-01,1.57805e+02,4.07373e+00,1.32774e+00,7.18608e-01,5.64774e+01,3.92085e+00,3.33591e-01,1.36786e+00,1.48596e+01
1.20014e+00,3.96613e+01,2.01323e-01,2.20032e+02,4.02321e-01,7.46080e-01,2.02851e+00,1.87191e+01,2.64718e+00,6.64360e+01,3.82757e-01,1.55028e+02,4.04317e+00,1.32795e+00,7.18148e-01,5.49660e+01,3.87619e+00,3.33188e-01,1.36500e+00,1.44938e+01
1.20002e+00,3.93635e+01,2.01094e-01,2.14624e+02,4.01644e-01,7.45281e-01,2.01494e+00,1.85100e+01,2.64500e+00,6.46298e+01,3.81643e-01,1.52188e+02,4.01959e+00,1.32811e+00,7.17675e-01,5.34929e+01,3.83450e+00,3.32780e-01,1.36225e+00,1.41436e+01
1.19988e+00,3.90673e+01,2.00882e-01,2.09507e+02,4.00980e-01,7.44504e-01,2.00197e+00,1.82684e+01,2.64301e+00,6.28924e+01,3.80615e-01,1.49329e+02,4.00508e+00,1.32820e+00,7.17193e-01,5.20602e+01,3.79563e+00,3.32360e-01,1.35971e+00,1.38085e+01
1.19970e+00,3.87747e+01,2.00663e-01,2.04644e+02,4.00309e-01,7.43741e-01,1.98950e+00,1.80039e+01,2.64120e+00,6.12211e+01,3.79648e-01,1.46481e+02,4.00105e+00,1.32821e+00,7.16689e-01,5.06665e+01,3.75947e+00,3.31924e-01,1.35723e+00,1.34878e+01
1.19945e+00,3.84955e+01,2.00426e-01,1.99989e+02,3.99662e-01,7.42994e-01,1.97757e+00,1.77232e+01,2.63958e+00,5.96132e+01,3.78754e-01,1.43666e+02,4.00879e+00,1.32815e+00,7.16185e-01,4.93111e+01,3.72590e+00,3.31483e-01,1.35485e+00,1.31811e+01
1.19917e+00,3.82861e+01,2.00191e-01,1.95483e+02,3.99012e-01,7.42253e-01,1.96617e+00,1.74329e+01,2.63803e+00,5.80648e+01,3.77913e-01,1.40897e+02,4.02916e+00,1.32805e+00,7.15687e-01,4.79934e+01,3.69481e+00,3.31037e-01,1.35251e+00,1.28871e+01
1.19889e+00,3.84725e+01,1.99946e-01,1.91087e+02,3.98362e-01,7.41518e-01,1.95527e+00,1.71367e+01,2.63662e+00,5.65746e+01,3.77123e-01,1.38183e+02,4.06255e+00,1.32790e+00,7.15188e-01,4.67135e+01,3.66606e+00,3.30583e-01,1.35029e+00,1.26056e+01
1.19862e+00,4.11191e+01,1.99699e-01,1.86777e+02,3.97682e-01,7.40788e-01,1.94488e+00,1.68379e+01,2.63529e+00,5.51409e+01,3.76386e-01,1.35528e+02,4.10844e+00,1.32769e+00,7.14679e-01,4.54720e+01,3.63946e+00,3.30115e-01,1.34814e+00,1.23358e+01
1.19830e+00,5.86820e+01,1.99458e-01,1.82525e+02,3.96993e-01,7.40064e-01,1.93499e+00,1.65395e+01,2.63404e+00,5.37614e+01,3.75694e-01,1.32938e+02,4.16467e+00,1.32745e+00,7.14150e-01,4.42672e+01,3.61497e+00,3.29645e-01,1.34599e+00,1.20775e+01
1.19801e+00,1.26726e+02,1.99198e-01,1.78337e+02,3.96328e-01,7.39349e-01,1.92557e+00,1.62428e+01,2.63286e+00,5.24340e+01,3.75061e-01,1.30410e+02,4.22828e+00,1.32715e+00,7.13618e-01,4.30979e+01,3.59256e+00,3.29169e-01,1.34392e+00,1.18298e+01
1.19765e+00,2.34326e+02,1.98917e-01,1.74204e+02,3.95623e-01,7.38624e-01,1.91659e+00,1.59493e+01,2.63172e+00,5.11560e+01,3.74454e-01,1.27951e+02,4.29629e+00,1.32675e+00,7.13087e-01,4.19650e+01,3.57209e+00,3.28681e-01,1.34193e+00,1.15918e+01
1.19724e+00,3.13927e+02,1.98648e-01,1.70139e+02,3.94936e-01,7.37901e-01,1.90804e+00,1.56605e+01,2.63059e+00,4.99257e+01,3.73875e-01,1.25555e+02,4.36615e+00,1.32630e+00,7.12538e-01,4.08671e+01,3.55339e+00,3.28196e-01,1.33991e+00,1.13634e+01
1.19681e+00,3.52816e+02,1.98382e-01,1.66150e+02,3.94238e-01,7.37191e-01,1.89990e+00,1.53766e+01,2.62945e+00,4.87409e+01,3.73334e-01,1.23227e+02,4.43635e+00,1.32581e+00,7.11971e-01,3.98031e+01,3.53643e+00,3.27707e-01,1.33796e+00,1.11443e+01
1.19632e+00,3.67355e+02,1.98110e-01,1.62242e+02,3.93524e-01,7.36480e-01,1.89215e+00,1.50987e+01,2.62833e+00,4.76005e+01,3.72812e-01,1.20961e+02,4.50565e+00,1.32526e+00,7.11385e-01,3.87721e+01,3.52105e+00,3.27211e-01,1.33611e+00,1.09343e+01
1.19574e+00,3.69854e+02,1.97828e-01,1.58428e+02,3.92837e-01,7.35759e-01,1.88482e+00,1.48267e+01,2.62720e+00,4.65021e+01,3.72301e-01,1.18758e+02,4.57293e+00,1.32466e+00,7.10798e-01,3.77747e+01,3.50717e+00,3.26708e-01,1.33426e+00,1.07326e+01
1.19513e+00,3.66586e+02,1.97550e-01,1.54707e+02,3.92170e-01,7.35036e-01,1.87784e+00,1.45608e+01,2.62601e+00,4.54442e+01,3.71806e-01,1.16616e+02,4.63676e+00,1.32401e+00,7.10212e-01,3.68083e+01,3.49464e+00,3.26192e-01,1.33242e+00,1.05390e+01
1.19449e+00,3.60564e+02,1.97270e-01,1.51085e+02,3.91513e-01,7.34309e-01,1.87122e+00,1.43014e+01,2.62478e+00,4.44252e+01,3.71332e-01,1.14534e+02,4.69566e+00,1.32332e+00,7.09620e-01,3.58733e+01,3.48344e+00,3.25672e-01,1.33066e+00,1.03535e+01
1.19382e+00,3.53275e+02,1.96981e-01,1.47572e+02,3.90818e-01,7.33569e-01,1.86494e+00,1.40488e+01,2.62352e+00,4.34446e+01,3.70875e-01,1.12511e+02,4.74877e+00,1.32259e+00,7.09020e-01,3.49685e+01,3.47340e+00,3.25146e-01,1.32889e+00,1.01757e+01
1.19310e+00,3.45449e+02,1.96686e-01,1.44157e+02,3.90100e-01,7.32838e-01,1.85900e+00,1.38029e+01,2.62223e+00,4.24998e+01,3.70437e-01,1.10546e+02,4.79617e+00,1.32183e+00,7.08402e-01,3.40934e+01,3.46449e+00,3.24622e-01,1.32710e+00,1.00050e+01
1.19242e+00,3.37463e+02,1.96386e-01,1.40853e+02,3.89422e-01,7.32103e-01,1.85339e+00,1.35635e+01,2.62087e+00,4.15897e+01,3.70015e-01,1.08636e+02,4.83872e+00,1.32102e+00,7.07784e-01,3.32464e+01,3.45667e+00,3.24096e-01,1.32535e+00,9.84153e+00
1.19173e+00,3.29507e+02,1.96080e-01,1.37646e+02,3.88729e-01,7.31362e-01,1.84803e+00,1.33309e+01,2.61945e+00,4.07124e+01,3.69604e-01,1.06781e+02,4.87784e+00,1.32016e+00,7.07158e-01,3.24268e+01,3.44984e+00,3.23573e-01,1.32363e+00,9.68494e+00
1.19107e+00,3.21670e+02,1.95770e-01,1.34547e+02,3.88029e-01,7.30621e-01,1.84294e+00,1.31048e+01,2.61799e+00,3.98668e+01,3.69198e-01,1.04979e+02,4.91494e+00,1.31925e+00,7.06521e-01,3.16340e+01,3.44388e+00,3.23050e-01,1.32188e+00,9.53456e+00
1.19046e+00,3.14004e+02,1.95464e-01,1.31543e+02,3.87299e-01,7.29878e-01,1.83809e+00,1.28852e+01,2.61643e+00,3.90521e+01,3.68804e-01,1.03235e+02,4.95079e+00,1.31830e+00,7.05874e-01,3.08669e+01,3.43874e+00,3.22518e-01,1.32016e+00,9.39068e+00
1.18991e+00,3.06528e+02,1.95159e-01,1.28642e+02,3.86557e-01,7.29129e-01,1.83348e+00,1.26721e+01,2.61483e+00,3.82673e+01,3.68422e-01,1.01570e+02,4.98509e+00,1.31732e+00,7.05214e-01,3.01251e+01,3.43430e+00,3.21983e-01,1.31852e+00,9.25290e+00
1.18946e+00,2.99255e+02,1.94864e-01,1.25833e+02,3.85868e-01,7.28365e-01,1.82911e+00,1.24652e+01,2.61315e+00,3.75111e+01,3.68037e-01,1.00091e+02,5.01657e+00,1.31631e+00,7.04555e-01,2.94079e+01,3.43051e+00,3.21446e-01,1.31688e+00,9.12101e+00
1.18909e+00,2.92190e+02,1.94559e-01,1.23115e+02,3.85202e-01,7.27601e-01,1.82495e+00,1.22643e+01,2.61141e+00,3.67812e+01,3.67650e-01,9.92486e+01,5.04333e+00,1.31527e+00,7.03902e-01,2.87139e+01,3.42731e+00,3.20904e-01,1.31518e+00,8.99460e+00
1.18881e+00,2.85334e+02,1.94243e-01,1.20486e+02,3.84556e-01,7.26840e-01,1.82100e+00,1.20694e+01,2.60959e+00,3.60776e+01,3.67260e-01,1.00557e+02,5.06339e+00,1.31423e+00,7.03250e-01,2.80427e+01,3.42464e+00,3.20357e-01,1.31354e+00,8.87413e+00
1.18865e+00,2.78693e+02,1.93923e-01,1.17943e+02,3.83882e-01,7.26076e-01,1.81725e+00,1.18805e+01,2.60771e+00,3.54001e+01,3.66874e-01,1.07985e+02,5.07462e+00,1.31317e+00,7.02596e-01,2.73933e+01,3.42241e+00,3.19805e-01,1.31190e+00,8.75851e+00
1.18858e+00,2.72260e+02,1.93602e-01,1.15481e+02,3.83170e-01,7.25314e-01,1.81368e+00,1.16976e+01,2.60578e+00,3.47460e+01,3.66495e-01,1.28681e+02,5.07584e+00,1.31209e+00,7.01928e-01,2.67650e+01,3.42060e+00,3.19252e-01,1.31024e+00,8.64837e+00
1.18862e+00,2.66034e+02,1.93284e-01,1.13096e+02,3.82478e-01,7.24547e-01,1.81030e+00,1.15204e+01,2.60377e+00,3.41151e+01,3.66126e-01,1.68841e+02,5.06668e+00,1.31101e+00,7.01253e-01,2.61575e+01,3.41913e+00,3.18703e-01,1.30859e+00,8.54305e+00
1.18872e+00,2.60018e+02,1.92957e-01,1.10788e+02,3.81779e-01,7.23765e-01,1.80708e+00,1.13484e+01,2.60169e+00,3.35068e+01,3.65761e-01,2.24861e+02,5.04735e+00,1.30993e+00,7.00568e-01,2.55699e+01,3.41801e+00,3.18158e-01,1.30696e+00,8.44268e+00
1.18886e+00,2.54209e+02,1.92628e-01,1.08547e+02,3.81088e-01,7.22996e-01,1.80399e+00,1.11823e+01,2.59952e+00,3.29197e+01,3.65399e-01,2.82667e+02,5.01870e+00,1.30885e+00,6.99872e-01,2.50013e+01,3.41720e+00,3.17613e-01,1.30531e+00,8.34729e+00
1.18902e+00,2.48605e+02,1.92290e-01,1.06379e+02,3.80375e-01,7.22223e-01,1.80104e+00,1.10218e+01,2.59728e+00,3.23534e+01,3.65040e-01,3.28971e+02,4.98206e+00,1.30776e+00,6.99164e-01,2.44512e+01,3.41660e+00,3.17060e-01,1.30365e+00,8.25625e+00
1.18919e+00,2.43202e+02,1.91953e-01,1.04270e+02,3.79663e-01,7.21446e-01,1.79819e+00,1.08659e+01,2.59500e+00,3.18066e+01,3.64675e-01,3.59009e+02,4.93885e+00,1.30667e+00,6.98446e-01,2.39188e+01,3.41617e+00,3.16502e-01,1.30205e+00,8.16999e+00
1.18930e+00,2.37997e+02,1.91637e-01,1.02226e+02,3.78975e-01,7.20671e-01,1.79548e+00,1.07156e+01,2.59263e+00,3.12791e+01,3.64291e-01,3.74780e+02,4.89045e+00,1.30557e+00,6.97730e-01,2.34041e+01,3.41590e+00,3.15948e-01,1.30044e+00,8.08798e+00
1.18931e+00,2.32981e+02,1.91335e-01,1.00237e+02,3.78311e-01,7.19888e-01,1.79287e+00,1.05701e+01,2.59020e+00,3.07696e+01,3.63902e-01,3.80542e+02,4.83846e+00,1.30445e+00,6.97014e-01,2.29058e+01,3.41574e+00,3.15391e-01,1.29881e+00,8.01019e+00
1.18924e+00,2.28149e+02,1.91023e-01,9.83053e+01,3.77655e-01,7.19103e-01,1.79038e+00,1.04297e+01,2.58773e+00,3.02777e+01,3.63516e-01,3.80119e+02,4.78398e+00,1.30331e+00,6.96308e-01,2.24236e+01,3.41567e+00,3.14832e-01,1.29724e+00,7.93688e+00
1.18898e+00,2.23492e+02,1.90691e-01,9.64230e+01,3.76973e-01,7.18304e-01,1.78795e+00,1.02938e+01,2.58518e+00,2.98028e+01,3.63135e-01,3.76192e+02,4.72815e+00,1.30214e+00,6.95588e-01,2.19571e+01,3.41566e+00,3.14265e-01,1.29565e+00,7.86742e+00
1.18852e+00,2.18998e+02,1.90352e-01,9.45930e+01,3.76282e-01,7.17511e-01,1.78564e+00,1.01632e+01,2.58259e+00,2.93436e+01,3.62761e-01,3.70406e+02,4.67185e+00,1.30090e+00,6.94854e-01,2.15054e+01,3.41568e+00,3.13695e-01,1.29403e+00,7.80239e+00
1.18786e+00,2.14656e+02,1.90017e-01,9.28096e+01,3.75596e-01,7.16721e-01,1.78342e+00,1.00371e+01,2.57998e+00,2.89003e+01,3.62381e-01,3.63709e+02,4.61586e+00,1.29962e+00,6.94127e-01,2.10684e+01,3.41574e+00,3.13130e-01,1.29240e+00,7.74111e+00
1.18695e+00,2.10452e+02,1.89680e-01,9.10693e+01,3.74912e-01,7.15931e-01,1.78125e+00,9.91576e+00,2.57728e+00,2.84725e+01,3.62000e-01,3.56622e+02,4.56082e+00,1.29828e+00,6.93393e-01,2.06454e+01,3.41585e+00,3.12569e-01,1.29080e+00,7.68384e+00
1.18581e+00,2.06374e+02,1.89347e-01,8.93738e+01,3.74234e-01,7.15146e-01,1.77916e+00,9.79864e+00,2.57453e+00,2.80584e+01,3.61625e-01,3.49425e+02,4.50722e+00,1.29684e+00,6.92647e-01,2.02360e+01,3.41598e+00,3.12016e-01,1.28920e+00,7.63018e+00
1.18438e+00,2.02409e+02,1.89007e-01,8.77190e+01,3.73536e-01,7.14369e-01,1.77710e+00,9.68568e+00,2.57172e+00,2.76581e+01,3.61256e-01,3.42261e+02,4.45537e+00,1.29534e+00,6.91894e-01,1.98396e+01,3.41609e+00,3.11457e-01,1.28756e+00,7.58040e+00
1.18272e+00,1.98549e+02,1.88664e-01,8.61014e+01,3.72810e-01,7.13580e-01,1.77510e+00,9.57734e+00,2.56888e+00,2.72712e+01,3.60887e-01,3.35209e+02,4.40571e+00,1.29379e+00,6.91128e-01,1.94557e+01,3.41612e+00,3.10893e-01,1.28596e+00,7.53404e+00
1.18086e+00,1.94781e+02,1.88334e-01,8.45239e+01,3.72124e-01,7.12782e-01,1.77316e+00,9.47343e+00,2.56595e+00,2.68976e+01,3.60511e-01,3.28306e+02,4.35833e+00,1.29219e+00,6.90366e-01,1.90844e+01,3.41613e+00,3.10331e-01,1.28440e+00,7.49142e+00
1.17880e+00,1.91097e+02,1.88013e-01,8.29806e+01,3.71462e-01,7.11984e-01,1.77127e+00,9.37325e+00,2.56298e+00,2.65356e+01,3.60126e-01,3.21566e+02,4.31353e+00,1.29052e+00,6.89615e-01,1.87246e+01,3.41607e+00,3.09761e-01,1.28280e+00,7.45184e+00
1.17662e+00,1.87491e+02,1.87686e-01,8.14740e+01,3.70831e-01,7.11177e-01,1.76939e+00,9.27694e+00,2.56001e+00,2.61857e+01,3.59736e-01,3.15007e+02,4.27126e+00,1.28878e+00,6.88873e-01,1.83760e+01,3.41595e+00,3.09193e-01,1.28121e+00,7.41582e+00
1.17433e+00,1.83959e+02,1.87352e-01,8.00002e+01,3.70179e-01,7.10361e-01,1.76755e+00,9.18477e+00,2.55698e+00,2.58470e+01,3.59350e-01,3.08629e+02,4.23175e+00,1.28701e+00,6.88122e-01,1.80386e+01,3.41572e+00,3.08622e-01,1.27964e+00,7.38281e+00
1.17197e+00,1.80496e+02,1.87013e-01,7.85582e+01,3.69475e-01,7.09549e-01,1.76574e+00,9.09659e+00,2.55392e+00,2.55195e+01,3.58965e-01,3.02437e+02,4.19488e+00,1.28520e+00,6.87365e-01,1.77119e+01,3.41543e+00,3.08051e-01,1.27806e+00,7.35324e+00
1.16957e+00,1.77100e+02,1.86670e-01,7.71501e+01,3.68785e-01,7.08735e-01,1.76397e+00,9.01170e+00,2.55083e+00,2.52027e+01,3.58585e-01,2.96425e+02,4.16058e+00,1.28336e+00,6.86604e-01,1.73956e+01,3.41505e+00,3.07486e-01,1.27646e+00,7.32671e+00
1.16713e+00,1.73768e+02,1.86330e-01,7.57738e+01,3.68132e-01,7.07908e-01,1.76221e+00,8.93021e+00,2.54769e+00,2.48959e+01,3.58206e-01,2.90595e+02,4.12886e+00,1.28149e+00,6.85855e-01,1.70890e+01,3.41462e+00,3.06931e-01,1.27488e+00,7.30339e+00
1.16469e+00,1.70501e+02,1.85994e-01,7.44260e+01,3.67471e-01,7.07082e-01,1.76046e+00,8.85245e+00,2.54448e+00,2.45987e+01,3.57824e-01,2.84951e+02,4.09965e+00,1.27958e+00,6.85088e-01,1.67917e+01,3.41413e+00,3.06373e-01,1.27331e+00,7.28332e+00
1.16227e+00,1.67298e+02,1.85643e-01,7.31083e+01,3.66796e-01,7.06269e-01,1.75869e+00,8.77792e+00,2.54125e+00,2.43115e+01,3.57446e-01,2.79475e+02,4.07269e+00,1.27766e+00,6.84305e-01,1.65036e+01,3.41356e+00,3.05806e-01,1.27172e+00,7.26649e+00
1.15989e+00,1.64160e+02,1.85288e-01,7.18211e+01,3.66117e-01,7.05451e-01,1.75694e+00,8.70639e+00,2.53803e+00,2.40330e+01,3.57070e-01,2.74175e+02,4.04784e+00,1.27573e+00,6.83524e-01,1.62244e+01,3.41287e+00,3.05231e-01,1.27013e+00,7.25303e+00
1.15756e+00,1.61089e+02,1.84945e-01,7.05628e+01,3.65453e-01,7.04625e-01,1.75524e+00,8.63815e+00,2.53474e+00,2.37633e+01,3.56692e-01,2.69040e+02,4.02492e+00,1.27379e+00,6.82740e-01,1.59542e+01,3.41210e+00,3.04654e-01,1.26858e+00,7.24279e+00
1.15527e+00,1.58081e+02,1.84621e-01,6.93306e+01,3.64794e-01,7.03805e-01,1.75353e+00,8.57260e+00,2.53140e+00,2.35019e+01,3.56314e-01,2.64064e+02,4.00377e+00,1.27186e+00,6.81961e-01,1.56917e+01,3.41121e+00,3.04082e-01,1.26702e+00,7.23559e+00
1.15307e+00,1.55141e+02,1.84294e-01,6.81277e+01,3.64150e-01,7.02987e-01,1.75183e+00,8.50982e+00,2.52805e+00,2.32485e+01,3.55924e-01,2.59246e+02,3.98418e+00,1.26990e+00,6.81192e-01,1.54376e+01,3.41023e+00,3.03513e-01,1.26547e+00,7.23140e+00
1.15095e+00,1.52268e+02,1.83971e-01,6.69524e+01,3.63503e-01,7.02149e-01,1.75014e+00,8.44995e+00,2.52467e+00,2.30028e+01,3.55532e-01,2.54571e+02,3.96604e+00,1.26797e+00,6.80414e-01,1.51914e+01,3.40914e+00,3.02946e-01,1.26394e+00,7.22967e+00
1.14885e+00,1.49462e+02,1.83636e-01,6.58022e+01,3.62820e-01,7.01307e-01,1.74846e+00,8.39226e+00,2.52125e+00,2.27653e+01,3.55144e-01,2.50046e+02,3.94921e+00,1.26603e+00,6.79627e-01,1.49529e+01,3.40794e+00,3.02376e-01,1.26241e+00,7.22994e+00
1.14681e+00,1.46721e+02,1.83299e-01,6.46788e+01,3.62154e-01,7.00468e-01,1.74680e+00,8.33714e+00,2.51780e+00,2.25343e+01,3.54753e-01,2.45644e+02,3.93347e+00,1.26410e+00,6.78843e-01,1.47212e+01,3.40665e+00,3.01811e-01,1.26085e+00,7.23181e+00
1.14485e+00,1.44047e+02,1.82963e-01,6.35826e+01,3.61508e-01,6.99621e-01,1.74512e+00,8.28421e+00,2.51433e+00,2.23107e+01,3.54360e-01,2.41371e+02,3.91877e+00,1.26217e+00,6.78070e-01,1.44967e+01,3.40531e+00,3.01260e-01,1.25927e+00,7.23427e+00
1.14293e+00,1.41438e+02,1.82637e-01,6.25119e+01,3.60863e-01,6.98772e-01,1.74344e+00,8.23316e+00,2.51084e+00,2.20940e+01,3.53974e-01,2.37212e+02,3.90493e+00,1.26024e+00,6.77278e-01,1.42794e+01,3.40386e+00,3.00716e-01,1.25773e+00,7.23692e+00
1.14104e+00,1.38893e+02,1.82298e-01,6.14655e+01,3.60207e-01,6.97921e-01,1.74173e+00,8.18417e+00,2.50731e+00,2.18833e+01,3.53597e-01,2.33167e+02,3.89188e+00,1.25828e+00,6.76478e-01,1.40685e+01,3.40236e+00,3.00163e-01,1.25620e+00,7.23911e+00
1.13916e+00,1.36413e+02,1.81954e-01,6.04430e+01,3.59536e-01,6.97065e-01,1.74002e+00,8.13717e+00,2.50378e+00,2.16791e+01,3.53225e-01,2.29218e+02,3.87955e+00,1.25633e+00,6.75676e-01,1.38637e+01,3.40075e+00,2.99608e-01,1.25465e+00,7.24020e+00
1.13733e+00,1.33994e+02,1.81624e-01,5.94463e+01,3.58898e-01,6.96225e-01,1.73833e+00,8.09207e+00,2.50020e+00,2.14810e+01,3.52851e-01,2.25365e+02,3.86788e+00,1.25438e+00,6.74870e-01,1.36655e+01,3.39907e+00,2.99052e-01,1.25313e+00,7.23992e+00
1.13550e+00,1.31637e+02,1.81305e-01,5.84719e+01,3.58284e-01,6.95391e-01,1.73665e+00,8.04819e+00,2.49658e+00,2.12886e+01,3.52471e-01,2.21598e+02,3.85682e+00,1.25245e+00,6.74074e-01,1.34728e+01,3.39729e+00,2.98489e-01,1.25161e+00,7.23815e+00
1.13371e+00,1.29340e+02,1.80980e-01,5.75216e+01,3.57681e-01,6.94569e-01,1.73496e+00,8.00617e+00,2.49297e+00,2.11016e+01,3.52082e-01,2.17915e+02,3.84623e+00,1.25052e+00,6.73288e-01,1.32864e+01,3.39539e+00,2.97926e-01,1.25008e+00,7.23479e+00
1.13194e+00,1.27103e+02,1.80654e-01,5.65950e+01,3.57048e-01,6.93744e-01,1.73325e+00,7.96535e+00,2.48931e+00,2.09204e+01,3.51697e-01,2.14308e+02,3.83615e+00,1.24858e+00,6.72491e-01,1.31055e+01,3.39345e+00,2.97362e-01,1.24861e+00,7.22992e+00
1.13019e+00,1.24921e+02,1.80319e-01,5.56896e+01,3.56370e-01,6.92914e-01,1.73154e+00,7.92612e+00,2.48564e+00,2.07442e+01,3.51317e-01,2.10778e+02,3.82649e+00,1.24664e+00,6.71694e-01,1.29299e+01,3.39140e+00,2.96797e-01,1.24711e+00,7.22436e+00
1.12845e+00,1.22795e+02,1.79985e-01,5.48060e+01,3.55727e-01,6.92079e-01,1.72985e+00,7.88828e+00,2.48195e+00,2.05730e+01,3.50936e-01,2.07316e+02,3.81717e+00,1.24471e+00,6.70899e-01,1.27597e+01,3.38927e+00,2.96238e-01,1.24559e+00,7.21831e+00
1.12673e+00,1.20722e+02,1.79649e-01,5.39440e+01,3.55088e-01,6.91235e-01,1.72814e+00,7.85153e+00,2.47824e+00,2.04069e+01,3.50548e-01,2.03925e+02,3.80817e+00,1.24278e+00,6.70107e-01,1.25950e+01,3.38708e+00,2.95695e-01,1.24406e+00,7.21264e+00
1.12503e+00,1.18700e+02,1.79317e-01,5.31035e+01,3.54455e-01,6.90400e-01,1.72641e+00,7.81601e+00,2.47449e+00,2.02452e+01,3.50164e-01,2.00599e+02,3.79947e+00,1.24083e+00,6.69315e-01,1.24349e+01,3.38485e+00,2.95160e-01,1.24257e+00,7.20804e+00
1.12335e+00,1.16730e+02,1.78982e-01,5.22839e+01,3.53810e-01,6.89577e-01,1.72464e+00,7.78159e+00,2.47073e+00,2.00883e+01,3.49788e-01,1.97342e+02,3.79099e+00,1.23888e+00,6.68510e-01,1.22799e+01,3.38258e+00,2.94615e-01,1.24107e+00,7.20525e+00
1.12165e+00,1.14807e+02,1.78647e-01,5.14842e+01,3.53144e-01,6.88736e-01,1.72287e+00,7.74803e+00,2.46698e+00,1.99358e+01,3.49410e-01,1.94147e+02,3.78272e+00,1.23692e+00,6.67704e-01,1.21298e+01,3.38025e+00,2.94066e-01,1.23958e+00,7.20508e+00
1.11994e+00,1.12931e+02,1.78316e-01,5.07038e+01,3.52508e-01,6.87894e-01,1.72111e+00,7.71559e+00,2.46319e+00,1.97875e+01,3.49024e-01,1.91015e+02,3.77455e+00,1.23497e+00,6.66887e-01,1.19841e+01,3.37787e+00,2.93516e-01,1.23810e+00,7.20817e+00
1.11824e+00,1.11101e+02,1.77994e-01,4.99416e+01,3.51900e-01,6.87057e-01,1.71935e+00,7.68395e+00,2.45938e+00,1.96432e+01,3.48634e-01,1.87945e+02,3.76659e+00,1.23302e+00,6.66074e-01,1.18429e+01,3.37541e+00,2.92962e-01,1.23662e+00,7.21480e+00
1.11652e+00,1.09313e+02,1.77673e-01,4.91985e+01,3.51307e-01,6.86223e-01,1.71760e+00,7.65353e+00,2.45557e+00,1.95028e+01,3.48244e-01,1.84938e+02,3.75873e+00,1.23104e+00,6.65270e-01,1.17064e+01,3.37287e+00,2.92410e-01,1.23513e+00,7.22590e+00
1.11483e+00,1.07568e+02,1.77354e-01,4.84744e+01,3.50690e-01,6.85388e-01,1.71583e+00,7.62386e+00,2.45174e+00,1.93668e+01,3.47860e-01,1.81992e+02,3.75103e+00,1.22907e+00,6.64465e-01,1.15740e+01,3.37032e+00,2.91857e-01,1.23367e+00,7.24109e+00
1.11313e+00,1.05863e+02,1.77038e-01,4.77678e+01,3.50027e-01,6.84556e-01,1.71405e+00,7.59527e+00,2.44791e+00,1.92340e+01,3.47478e-01,1.79109e+02,3.74341e+00,1.22709e+00,6.63662e-01,1.14457e+01,3.36770e+00,2.91305e-01,1.23222e+00,7.26105e+00
1.11142e+00,1.04196e+02,1.76712e-01,4.70785e+01,3.49386e-01,6.83717e-01,1.71228e+00,7.56740e+00,2.44408e+00,1.91055e+01,3.47096e-01,1.76287e+02,3.73587e+00,1.22510e+00,6.62856e-01,1.13218e+01,3.36506e+00,2.90763e-01,1.23074e+00,7.28506e+00
1.10973e+00,1.02568e+02,1.76373e-01,4.64055e+01,3.48756e-01,6.82870e-01,1.71050e+00,7.54029e+00,2.44024e+00,1.89803e+01,3.46709e-01,1.73525e+02,3.72840e+00,1.22312e+00,6.62066e-01,1.12015e+01,3.36243e+00,2.90224e-01,1.22925e+00,7.31318e+00
1.10803e+00,1.00975e+02,1.76046e-01,4.57487e+01,3.48125e-01,6.82028e-01,1.70871e+00,7.51415e+00,2.43637e+00,1.88584e+01,3.46321e-01,1.70825e+02,3.72099e+00,1.22112e+00,6.61269e-01,1.10854e+01,3.35979e+00,2.89688e-01,1.22778e+00,7.34454e+00
1.10632e+00,9.94189e+01,1.75715e-01,4.51076e+01,3.47501e-01,6.81196e-01,1.70689e+00,7.48871e+00,2.43248e+00,1.87401e+01,3.45948e-01,1.68183e+02,3.71360e+00,1.21911e+00,6.60454e-01,1.09731e+01,3.35715e+00,2.89149e-01,1.22632e+00,7.37876e+00
1.10461e+00,9.78951e+01,1.75392e-01,4.44826e+01,3.46864e-01,6.80364e-01,1.70508e+00,7.46411e+00,2.42862e+00,1.86249e+01,3.45576e-01,1.65602e+02,3.70629e+00,1.21709e+00,6.59639e-01,1.08643e+01,3.35448e+00,2.88610e-01,1.22486e+00,7.41472e+00
1.10290e+00,9.64064e+01,1.75090e-01,4.38732e+01,3.46251e-01,6.79529e-01,1.70326e+00,7.44058e+00,2.42472e+00,1.85131e+01,3.45937e-01,1.63078e+02,3.69900e+00,1.21509e+00,6.58827e-01,1.07596e+01,3.35185e+00,2.88070e-01,1.22342e+00,7.45205e+00
1.10118e+00,9.49495e+01,1.74784e-01,4.32775e+01,3.45659e-01,6.78695e-01,1.70146e+00,7.41737e+00,2.42082e+00,1.84043e+01,3.46508e-01,1.60611e+02,3.69183e+00,1.21310e+00,6.58030e-01,1.06580e+01,3.34917e+00,2.87527e-01,1.22197e+00,7.48952e+00
1.09944e+00,9.35200e+01,1.74472e-01,4.26969e+01,3.45094e-01,6.77866e-01,1.69966e+00,7.39516e+00,2.41692e+00,1.82994e+01,3.47127e-01,1.58200e+02,3.68470e+00,1.21111e+00,6.57252e-01,1.05604e+01,3.34648e+00,2.86982e-01,1.22217e+00,7.52641e+00
1.09775e+00,9.21195e+01,1.74151e-01,4.21297e+01,3.44515e-01,6.77034e-01,1.69784e+00,7.37375e+00,2.41529e+00,1.81968e+01,3.47400e-01,1.55844e+02,3.67756e+00,1.20912e+00,6.56464e-01,1.04672e+01,3.34623e+00,2.86438e-01,1.22353e+00,7.56194e+00
1.09604e+00,9.07461e+01,1.73833e-01,4.15761e+01,3.43899e-01,6.76198e-01,1.69604e+00,7.35486e+00,2.41409e+00,1.80978e+01,3.47447e-01,1.53543e+02,3.67052e+00,1.20710e+00,6.55670e-01,1.03784e+01,3.34614e+00,2.86412e-01,1.22586e+00,7.59541e+00
1.09433e+00,8.93998e+01,1.73521e-01,4.10358e+01,3.44343e-01,6.75364e-01,1.69432e+00,7.33739e+00,2.41301e+00,1.80016e+01,3.47465e-01,1.51296e+02,3.66354e+00,1.20511e+00,6.54869e-01,1.02938e+01,3.34567e+00,2.86939e-01,1.23292e+00,7.62621e+00
1.09262e+00,8.80796e+01,1.73203e-01,4.05093e+01,3.44823e-01,6.74535e-01,1.69263e+00,7.32023e+00,2.41239e+00,1.79079e+01,3.47406e-01,1.49100e+02,3.65656e+00,1.20312e+00,6.54072e-01,1.02139e+01,3.34476e+00,2.86925e-01,1.24022e+00,7.65356e+00
1.09091e+00,8.67846e+01,1.72954e-01,3.99973e+01,3.45124e-01,6.76789e-01,1.69203e+00,7.30355e+00,2.41214e+00,1.78169e+01,3.48627e-01,1.46953e+02,3.64966e+00,1.20113e+00,6.53835e-01,1.01376e+01,3.34855e+00,2.87156e-01,1.24953e+00,7.67705e+00
1.08919e+00,8.55137e+01,1.73022e-01,3.95072e+01,3.45724e-01,6.78816e-01,1.69137e+00,7.28810e+00,2.41213e+00,1.77285e+01,3.50565e-01,1.44856e+02,3.64314e+00,1.19917e+00,6.53467e-01,1.00659e+01,3.35142e+00,2.91196e-01,1.25806e+00,7.69748e+00
1.09000e+00,8.42969e+01,1.74533e-01,3.90285e+01,3.46195e-01,6.81387e-01,1.69049e+00,7.27315e+00,2.41449e+00,1.76428e+01,3.52884e-01,1.42811e+02,3.63669e+00,1.19813e+00,6.53104e-01,9.99764e+00,3.35210e+00,2.95263e-01,1.26638e+00,7.71310e+00
1.09143e+00,8.31276e+01,1.76910e-01,3.85568e+01,3.46546e-01,6.83099e-01,1.68920e+00,7.25980e+00,2.42117e+00,1.75593e+01,3.54596e-01,1.40816e+02,3.63023e+00,1.19774e+00,6.52778e-01,9.93388e+00,3.35102e+00,2.99218e-01,1.27507e+00,7.72559e+00
1.09293e+00,8.19496e+01,1.79797e-01,3.80937e+01,3.46776e-01,6.84241e-01,1.68769e+00,7.24717e+00,2.43398e+00,1.74779e+01,3.55904e-01,1.38867e+02,3.62374e+00,1.19829e+00,6.53843e-01,9.87409e+00,3.34857e+00,3.06344e-01,1.28481e+00,7.73343e+00
1.09497e+00,8.07594e+01,1.82589e-01,3.76423e+01,3.46914e-01,6.84981e-01,1.68584e+00,7.23511e+00,2.45186e+00,1.73992e+01,3.56926e-01,1.36961e+02,3.61716e+00,1.20051e+00,6.54481e-01,9.81819e+00,3.34590e+00,3.16132e-01,1.29622e+00,7.73573e+00
1.10006e+00,7.96028e+01,1.85353e-01,3.72027e+01,3.46984e-01,6.85485e-01,1.68424e+00,7.22287e+00,2.47429e+00,1.73222e+01,3.57660e-01,1.35102e+02,3.61064e+00,1.20447e+00,6.55186e-01,9.76473e+00,3.34317e+00,3.25847e-01,1.30952e+00,7.73199e+00
1.11155e+00,7.84710e+01,1.88231e-01,3.67743e+01,3.46972e-01,6.85838e-01,1.68294e+00,7.21118e+00,2.50198e+00,1.72482e+01,3.58068e-01,1.33284e+02,3.60430e+00,1.20989e+00,6.56297e-01,9.71401e+00,3.34048e+00,3.33053e-01,1.32490e+00,7.72285e+00
1.13186e+00,7.73623e+01,1.91017e-01,3.63564e+01,3.46776e-01,6.86014e-01,1.68199e+00,7.20021e+00,2.53552e+00,1.71763e+01,3.58271e-01,1.31510e+02,3.59814e+00,1.21671e+00,6.57732e-01,9.66489e+00,3.33816e+00,3.36959e-01,1.34209e+00,7.70838e+00
1.16069e+00,7.62747e+01,1.93329e-01,3.59491e+01,3.46427e-01,6.86079e-01,1.68156e+00,7.19004e+00,2.57440e+00,1.71068e+01,3.58315e-01,1.29777e+02,3.59218e+00,1.22594e+00,6.59725e-01,9.61766e+00,3.33623e+00,3.37860e-01,1.36048e+00,7.68935e+00
1.19510e+00,7.52079e+01,1.94658e-01,3.55532e+01,3.45936e-01,6.85896e-01,1.68173e+00,7.18051e+00,2.61688e+00,1.70394e+01,3.58251e-01,1.28080e+02,3.58656e+00,1.23879e+00,6.62011e-01,9.57168e+00,3.33445e+00,3.36559e-01,1.37885e+00,7.66642e+00
1.23081e+00,7.41601e+01,1.94751e-01,3.51692e+01,3.45362e-01,6.85569e-01,1.68262e+00,7.17159e+00,2.66049e+00,1.69740e+01,3.58133e-01,1.26423e+02,3.58125e+00,1.25557e+00,6.64637e-01,9.52766e+00,3.33258e+00,3.33768e-01,1.39614e+00,7.63978e+00
1.26406e+00,7.31302e+01,1.93683e-01,3.47983e+01,3.44773e-01,6.84955e-01,1.68405e+00,7.16305e+00,2.70259e+00,1.69107e+01,3.57959e-01,1.24798e+02,3.57623e+00,1.27500e+00,6.67670e-01,9.48524e+00,3.33056e+00,3.30011e-01,1.41135e+00,7.61014e+00
1.29304e+00,7.21187e+01,1.91660e-01,3.44412e+01,3.44275e-01,6.84184e-01,1.68565e+00,7.15512e+00,2.74116e+00,1.68495e+01,3.57788e-01,1.23209e+02,3.57151e+00,1.29458e+00,6.71083e-01,9.44594e+00,3.32818e+00,3.25569e-01,1.42397e+00,7.57754e+00
1.31793e+00,7.11251e+01,1.89080e-01,3.40991e+01,3.43881e-01,6.83299e-01,1.68691e+00,7.14789e+00,2.77434e+00,1.67903e+01,3.57651e-01,1.21650e+02,3.56706e+00,1.31182e+00,6.74799e-01,9.40990e+00,3.32540e+00,3.20726e-01,1.43396e+00,7.54256e+00
1.33988e+00,7.01496e+01,1.86158e-01,3.37730e+01,3.43600e-01,6.82345e-01,1.68751e+00,7.14197e+00,2.80133e+00,1.67332e+01,3.57578e-01,1.20122e+02,3.56278e+00,1.32524e+00,6.78857e-01,9.37859e+00,3.32215e+00,3.15777e-01,1.44147e+00,7.50545e+00
1.36001e+00,6.91923e+01,1.83183e-01,3.34649e+01,3.43505e-01,6.81309e-01,1.68724e+00,7.13694e+00,2.82247e+00,1.66781e+01,3.57582e-01,1.18627e+02,3.55866e+00,1.33445e+00,6.83208e-01,9.35168e+00,3.31836e+00,3.10945e-01,1.44706e+00,7.46639e+00
1.37809e+00,6.82517e+01,1.80417e-01,3.31777e+01,3.43532e-01,6.80251e-01,1.68602e+00,7.13306e+00,2.83882e+00,1.66253e+01,3.57614e-01,1.17162e+02,3.55485e+00,1.34002e+00,6.87899e-01,9.32979e+00,3.31399e+00,3.06357e-01,1.45108e+00,7.42641e+00
1.39268e+00,6.73290e+01,1.77928e-01,3.29131e+01,3.43685e-01,6.79175e-01,1.68398e+00,7.12978e+00,2.85194e+00,1.65742e+01,3.57728e-01,1.15730e+02,3.55130e+00,1.34293e+00,6.93011e-01,9.31171e+00,3.30910e+00,3.02169e-01,1.45426e+00,7.38562e+00
1.40180e+00,6.64242e+01,1.75736e-01,3.26729e+01,3.43982e-01,6.78158e-01,1.68133e+00,7.12714e+00,2.86335e+00,1.65252e+01,3.57917e-01,1.14329e+02,3.54796e+00,1.34407e+00,6.98667e-01,9.29689e+00,3.30367e+00,2.98407e-01,1.45689e+00,7.34447e+00
1.40406e+00,6.55370e+01,1.73877e-01,3.24581e+01,3.44284e-01,6.77214e-01,1.67834e+00,7.12503e+00,2.87423e+00,1.64779e+01,3.58143e-01,1.12963e+02,3.54495e+00,1.34419e+00,7.04962e-01,9.28436e+00,3.29773e+00,2.95120e-01,1.45932e+00,7.30356e+00
1.39926e+00,6.46676e+01,1.72287e-01,3.22676e+01,3.44537e-01,6.76374e-01,1.67525e+00,7.12340e+00,2.88510e+00,1.64324e+01,3.58407e-01,1.11628e+02,3.54232e+00,1.34366e+00,7.12014e-01,9.27309e+00,3.29145e+00,2.92309e-01,1.46185e+00,7.26307e+00
1.38819e+00,6.38156e+01,1.71003e-01,3.21005e+01,3.44729e-01,6.75699e-01,1.67226e+00,7.12202e+00,2.89620e+00,1.63888e+01,3.58669e-01,1.10325e+02,3.54004e+00,1.34251e+00,7.19762e-01,9.26234e+00,3.28487e+00,2.89932e-01,1.46436e+00,7.22334e+00
1.37226e+00,6.29814e+01,1.69965e-01,3.19552e+01,3.44727e-01,6.75197e-01,1.66944e+00,7.12077e+00,2.90722e+00,1.63472e+01,3.58878e-01,1.09053e+02,3.53811e+00,1.34062e+00,7.28162e-01,9.25198e+00,3.27815e+00,2.88017e-01,1.46691e+00,7.18476e+00
1.35311e+00,6.21645e+01,1.69088e-01,3.18274e+01,3.44537e-01,6.74848e-01,1.66687e+00,7.11977e+00,2.91753e+00,1.63075e+01,3.59021e-01,1.07803e+02,3.53659e+00,1.33793e+00,7.37094e-01,9.24154e+00,3.27139e+00,2.86425e-01,1.46941e+00,7.14734e+00
1.33213e+00,6.13656e+01,1.68346e-01,3.17140e+01,3.44114e-01,6.74687e-01,1.66460e+00,7.11914e+00,2.92635e+00,1.62703e+01,3.59051e-01,1.06573e+02,3.53537e+00,1.33420e+00,7.46466e-01,9.23113e+00,3.26457e+00,2.85086e-01,1.47162e+00,7.11148e+00
1.31044e+00,6.05839e+01,1.67739e-01,3.16117e+01,3.43416e-01,6.74703e-01,1.66264e+00,7.11891e+00,2.93278e+00,1.62357e+01,3.58940e-01,1.05361e+02,3.53441e+00,1.32931e+00,7.56218e-01,9.22158e+00,3.25780e+00,2.83951e-01,1.47361e+00,7.07750e+00
1.28882e+00,5.98184e+01,1.67229e-01,3.15163e+01,3.42404e-01,6.74942e-01,1.66102e+00,7.11882e+00,2.93611e+00,1.62041e+01,3.58717e-01,1.04160e+02,3.53373e+00,1.32325e+00,7.66283e-01,9.21278e+00,3.25109e+00,2.83001e-01,1.47508e+00,7.04506e+00
1.26784e+00,5.90692e+01,1.66770e-01,3.14249e+01,3.41137e-01,6.75467e-01,1.65964e+00,7.11913e+00,2.93580e+00,1.61761e+01,3.58354e-01,1.02973e+02,3.53322e+00,1.31603e+00,7.76572e-01,9.20545e+00,3.24451e+00,2.82155e-01,1.47625e+00,7.01446e+00
1.24789e+00,5.83358e+01,1.66377e-01,3.13335e+01,3.39675e-01,6.76257e-01,1.65849e+00,7.11957e+00,2.93140e+00,1.61519e+01,3.57883e-01,1.01798e+02,3.53284e+00,1.30778e+00,7.86979e-01,9.19946e+00,3.23807e+00,2.81405e-01,1.47685e+00,6.98545e+00
1.22902e+00,5.76173e+01,1.66010e-01,3.12378e+01,3.38071e-01,6.77424e-01,1.65757e+00,7.11999e+00,2.92303e+00,1.61322e+01,3.57345e-01,1.00632e+02,3.53252e+00,1.29866e+00,7.97264e-01,9.19489e+00,3.23168e+00,2.80717e-01,1.47696e+00,6.95779e+00
1.21135e+00,5.69136e+01,1.65665e-01,3.11357e+01,3.36360e-01,6.78891e-01,1.65683e+00,7.12052e+00,2.91099e+00,1.61169e+01,3.56790e-01,9.94812e+01,3.53226e+00,1.28889e+00,8.07161e-01,9.19160e+00,3.22542e+00,2.80054e-01,1.47655e+00,6.93151e+00
1.19484e+00,5.62244e+01,1.65357e-01,3.10245e+01,3.34609e-01,6.80641e-01,1.65627e+00,7.12089e+00,2.89572e+00,1.61070e+01,3.56254e-01,9.83460e+01,3.53196e+00,1.27870e+00,8.16377e-01,9.18894e+00,3.21930e+00,2.79384e-01,1.47566e+00,6.90598e+00
1.17951e+00,5.55486e+01,1.65085e-01,3.09018e+01,3.32872e-01,6.82676e-01,1.65589e+00,7.12142e+00,2.87771e+00,1.61024e+01,3.55756e-01,9.72266e+01,3.53147e+00,1.26834e+00,8.24551e-01,9.18703e+00,3.21330e+00,2.78708e-01,1.47424e+00,6.88117e+00
1.16530e+00,5.48865e+01,1.64790e-01,3.07677e+01,3.31222e-01,6.84826e-01,1.65569e+00,7.12135e+00,2.85785e+00,1.61029e+01,3.55327e-01,9.61248e+01,3.53074e+00,1.25809e+00,8.31433e-01,9.18531e+00,3.20741e+00,2.78004e-01,1.47246e+00,6.85675e+00
1.15215e+00,5.42378e+01,1.64493e-01,3.06221e+01,3.29712e-01,6.87056e-01,1.65571e+00,7.12112e+00,2.83648e+00,1.61085e+01,3.54987e-01,9.50410e+01,3.52955e+00,1.24817e+00,8.36790e-01,9.18374e+00,3.20157e+00,2.77287e-01,1.47040e+00,6.83249e+00
1.14004e+00,5.36027e+01,1.64192e-01,3.04662e+01,3.28297e-01,6.89237e-01,1.65593e+00,7.12031e+00,2.81430e+00,1.61184e+01,3.54774e-01,9.39782e+01,3.52781e+00,1.23866e+00,8.40503e-01,9.18247e+00,3.19578e+00,2.76548e-01,1.46811e+00,6.80825e+00
1.12891e+00,5.29812e+01,1.63902e-01,3.03031e+01,3.26917e-01,6.91214e-01,1.65640e+00,7.11903e+00,2.79172e+00,1.61324e+01,3.54661e-01,9.29337e+01,3.52534e+00,1.22972e+00,8.42585e-01,9.18167e+00,3.19003e+00,2.75781e-01,1.46579e+00,6.78394e+00
1.11872e+00,5.23724e+01,1.63630e-01,3.01356e+01,3.25621e-01,6.92965e-01,1.65717e+00,7.11735e+00,2.76893e+00,1.61490e+01,3.54625e-01,9.19102e+01,3.52206e+00,1.22147e+00,8.43170e-01,9.18152e+00,3.18440e+00,2.74983e-01,1.46346e+00,6.75974e+00
1.10943e+00,5.17760e+01,1.63363e-01,2.99663e+01,3.24461e-01,6.94404e-01,1.65822e+00,7.11524e+00,2.74634e+00,1.61674e+01,3.54662e-01,9.09058e+01,3.51778e+00,1.21393e+00,8.42436e-01,9.18226e+00,3.17886e+00,2.74182e-01,1.46137e+00,6.73571e+00
1.10099e+00,5.11921e+01,1.63085e-01,2.97977e+01,3.23387e-01,6.95473e-01,1.65960e+00,7.11256e+00,2.72407e+00,1.61861e+01,3.54714e-01,8.99207e+01,3.51252e+00,1.20715e+00,8.40585e-01,9.18423e+00,3.17337e+00,2.73373e-01,1.45958e+00,6.71206e+00
1.09332e+00,5.06205e+01,1.62799e-01,2.96305e+01,3.22402e-01,6.96204e-01,1.66128e+00,7.10947e+00,2.70219e+00,1.62041e+01,3.54771e-01,8.89575e+01,3.50625e+00,1.20109e+00,8.37945e-01,9.18772e+00,3.16799e+00,2.72576e-01,1.45809e+00,6.68894e+00
1.08635e+00,5.00605e+01,1.62519e-01,2.94636e+01,3.21487e-01,6.96570e-01,1.66328e+00,7.10598e+00,2.68072e+00,1.62202e+01,3.54791e-01,8.80120e+01,3.49896e+00,1.19570e+00,8.34709e-01,9.19295e+00,3.16268e+00,2.71789e-01,1.45691e+00,6.66665e+00
1.08005e+00,4.95119e+01,1.62252e-01,2.92953e+01,3.20662e-01,6.96644e-01,1.66563e+00,7.10203e+00,2.65963e+00,1.62337e+01,3.54737e-01,8.70863e+01,3.49068e+00,1.19093e+00,8.31090e-01,9.20010e+00,3.15748e+00,2.71009e-01,1.45603e+00,6.64558e+00
1.07431e+00,4.89740e+01,1.61984e-01,2.91235e+01,3.19873e-01,6.96528e-01,1.66825e+00,7.09770e+00,2.63893e+00,1.62441e+01,3.54609e-01,8.61794e+01,3.48163e+00,1.18669e+00,8.27263e-01,9.20911e+00,3.15243e+00,2.70243e-01,1.45528e+00,6.62569e+00
1.06913e+00,4.84464e+01,1.61694e-01,2.89451e+01,3.19156e-01,6.96259e-01,1.67112e+00,7.09302e+00,2.61860e+00,1.62510e+01,3.54387e-01,8.52912e+01,3.47186e+00,1.18294e+00,8.23302e-01,9.22037e+00,3.14754e+00,2.69499e-01,1.45457e+00,6.60728e+00
1.06445e+00,4.79300e+01,1.61394e-01,2.87585e+01,3.18476e-01,6.95951e-01,1.67425e+00,7.08795e+00,2.59879e+00,1.62539e+01,3.54060e-01,8.44223e+01,3.46156e+00,1.17951e+00,8.19296e-01,9.23340e+00,3.14286e+00,2.68787e-01,1.45376e+00,6.59069e+00
1.06019e+00,4.74226e+01,1.61099e-01,2.85670e+01,3.17790e-01,6.96926e-01,1.67865e+00,7.08260e+00,2.57942e+00,1.62547e+01,3.53643e-01,8.35736e+01,3.45086e+00,1.17634e+00,8.15239e-01,9.24854e+00,3.13850e+00,2.68105e-01,1.45293e+00,6.57602e+00
1.05630e+00,4.69251e+01,1.60814e-01,2.83653e+01,3.17138e-01,6.99859e-01,1.68248e+00,7.07943e+00,2.56063e+00,1.62516e+01,3.53497e-01,8.27425e+01,3.43991e+00,1.17337e+00,8.11183e-01,9.26530e+00,3.13457e+00,2.67455e-01,1.45216e+00,6.56297e+00
1.05277e+00,4.64369e+01,1.60526e-01,2.81577e+01,3.16523e-01,7.04646e-01,1.68697e+00,7.08105e+00,2.54242e+00,1.62461e+01,3.53327e-01,8.19314e+01,3.42885e+00,1.17047e+00,8.07239e-01,9.28361e+00,3.13224e+00,2.66814e-01,1.45125e+00,6.55196e+00
1.04952e+00,4.59583e+01,1.60237e-01,2.79438e+01,3.15925e-01,7.10050e-01,1.69114e+00,7.08537e+00,2.52497e+00,1.62386e+01,3.53246e-01,8.11387e+01,3.41782e+00,1.16761e+00,8.03276e-01,9.30306e+00,3.13021e+00,2.66212e-01,1.45013e+00,6.54260e+00
1.04652e+00,4.54883e+01,1.59957e-01,2.77256e+01,3.15346e-01,7.15311e-01,1.69513e+00,7.09287e+00,2.50821e+00,1.62286e+01,3.53172e-01,8.03642e+01,3.40699e+00,1.16473e+00,7.99166e-01,9.32311e+00,3.12905e+00,2.65613e-01,1.44884e+00,6.53462e+00
1.04372e+00,4.50271e+01,1.59689e-01,2.75086e+01,3.14766e-01,7.21407e-01,1.69928e+00,7.10234e+00,2.49232e+00,1.62170e+01,3.53072e-01,7.96103e+01,3.39639e+00,1.16179e+00,7.94832e-01,9.34374e+00,3.12876e+00,2.65033e-01,1.44747e+00,6.52809e+00
1.04111e+00,4.45743e+01,1.59422e-01,2.72986e+01,3.14214e-01,7.29365e-01,1.70410e+00,7.11189e+00,2.47730e+00,1.62034e+01,3.52887e-01,7.88734e+01,3.38602e+00,1.15877e+00,7.90165e-01,9.36411e+00,3.12950e+00,2.64460e-01,1.44604e+00,6.52247e+00
1.03865e+00,4.41298e+01,1.59147e-01,2.70969e+01,3.13690e-01,7.40747e-01,1.71036e+00,7.12149e+00,2.46312e+00,1.61885e+01,3.52678e-01,7.81540e+01,3.37597e+00,1.15570e+00,7.85104e-01,9.38396e+00,3.13143e+00,2.63910e-01,1.44429e+00,6.51738e+00
1.03631e+00,4.36939e+01,1.58868e-01,2.69085e+01,3.13207e-01,7.60017e-01,1.71882e+00,7.13132e+00,2.44993e+00,1.61727e+01,3.52530e-01,7.74509e+01,3.36622e+00,1.15249e+00,7.79623e-01,9.40289e+00,3.13469e+00,2.63379e-01,1.44198e+00,6.51265e+00
1.03412e+00,4.32667e+01,1.58587e-01,2.67371e+01,3.12750e-01,7.97086e-01,1.73023e+00,7.14054e+00,2.43762e+00,1.61560e+01,3.52526e-01,7.67657e+01,3.35674e+00,1.14933e+00,7.73818e-01,9.42051e+00,3.13901e+00,2.62867e-01,1.43870e+00,6.50808e+00
1.03202e+00,4.28482e+01,1.58320e-01,2.65812e+01,3.12299e-01,8.60628e-01,1.74468e+00,7.14888e+00,2.42618e+00,1.61388e+01,3.52716e-01,7.60954e+01,3.34751e+00,1.14613e+00,7.67705e-01,9.43642e+00,3.14448e+00,2.62351e-01,1.43424e+00,6.50327e+00
1.03000e+00,4.24385e+01,1.58059e-01,2.64336e+01,3.11862e-01,9.45339e-01,1.76115e+00,7.15719e+00,2.41565e+00,1.61213e+01,3.53087e-01,7.54391e+01,3.33855e+00,1.14293e+00,7.61496e-01,9.45041e+00,3.15107e+00,2.61841e-01,1.42873e+00,6.49811e+00
1.02808e+00,4.20381e+01,1.57792e-01,2.62849e+01,3.11446e-01,1.03835e+00,1.77773e+00,7.16635e+00,2.40587e+00,1.61036e+01,3.53604e-01,7.47985e+01,3.32982e+00,1.13976e+00,7.55175e-01,9.46190e+00,3.15872e+00,2.61330e-01,1.42196e+00,6.49235e+00
1.02625e+00,4.16467e+01,1.57514e-01,2.61302e+01,3.11041e-01,1.13630e+00,1.79214e+00,7.17814e+00,2.39695e+00,1.60860e+01,3.54204e-01,7.41687e+01,3.32125e+00,1.13661e+00,7.48893e-01,9.47084e+00,3.16729e+00,2.60826e-01,1.41433e+00,6.48593e+00
1.02443e+00,4.12650e+01,1.57225e-01,2.59714e+01,3.10651e-01,1.23153e+00,1.80237e+00,7.19316e+00,2.38868e+00,1.60684e+01,3.54850e-01,7.35508e+01,3.31286e+00,1.13352e+00,7.42763e-01,9.47678e+00,3.17669e+00,2.60343e-01,1.40609e+00,6.47870e+00
1.02266e+00,4.08927e+01,1.56942e-01,2.58157e+01,3.10250e-01,1.29882e+00,1.80746e+00,7.21234e+00,2.38111e+00,1.60507e+01,3.55507e-01,7.29451e+01,3.30453e+00,1.13050e+00,7.36884e-01,9.47975e+00,3.18675e+00,2.59858e-01,1.39737e+00,6.47059e+00
1.02094e+00,4.05305e+01,1.56683e-01,2.56706e+01,3.09851e-01,1.32227e+00,1.80772e+00,7.23567e+00,2.37413e+00,1.60331e+01,3.56161e-01,7.23496e+01,3.29628e+00,1.12756e+00,7.31358e-01,9.47923e+00,3.19723e+00,2.59372e-01,1.38850e+00,6.46159e+00
1.01926e+00,4.01783e+01,1.56431e-01,2.55412e+01,3.09438e-01,1.30920e+00,1.80449e+00,7.26230e+00,2.36769e+00,1.60157e+01,3.56825e-01,7.17640e+01,3.28813e+00,1.12469e+00,7.26306e-01,9.47565e+00,3.20807e+00,2.58897e-01,1.37964e+00,6.45183e+00
1.01760e+00,3.98367e+01,1.56168e-01,2.54320e+01,3.09005e-01,1.27741e+00,1.79956e+00,7.29136e+00,2.36175e+00,1.59981e+01,3.57513e-01,7.11873e+01,3.28001e+00,1.12186e+00,7.21918e-01,9.46853e+00,3.21931e+00,2.58435e-01,1.37084e+00,6.44102e+00
1.01596e+00,3.95062e+01,1.55893e-01,2.53441e+01,3.08536e-01,1.24294e+00,1.79464e+00,7.32116e+00,2.35623e+00,1.59805e+01,3.58237e-01,7.06201e+01,3.27191e+00,1.11917e+00,7.18444e-01,9.45819e+00,3.23101e+00,2.57982e-01,1.36213e+00,6.42923e+00
1.01436e+00,3.91870e+01,1.55619e-01,2.52761e+01,3.08019e-01,1.21612e+00,1.79102e+00,7.34952e+00,2.35115e+00,1.59628e+01,3.58989e-01,7.00625e+01,3.26379e+00,1.11657e+00,7.16085e-01,9.44461e+00,3.24315e+00,2.57519e-01,1.35367e+00,6.41674e+00
1.01277e+00,3.88798e+01,1.55351e-01,2.52233e+01,3.07471e-01,1.20205e+00,1.78953e+00,7.37462e+00,2.34632e+00,1.59448e+01,3.59769e-01,6.95122e+01,3.25569e+00,1.11408e+00,7.15128e-01,9.42786e+00,3.25579e+00,2.57052e-01,1.34534e+00,6.40355e+00
1.01120e+00,3.85847e+01,1.55080e-01,2.51807e+01,3.06925e-01,1.20191e+00,1.79038e+00,7.39534e+00,2.34175e+00,1.59267e+01,3.60573e-01,6.89715e+01,3.24765e+00,1.11167e+00,7.15702e-01,9.40827e+00,3.26894e+00,2.56592e-01,1.33723e+00,6.38961e+00
1.00965e+00,3.83024e+01,1.54814e-01,2.51431e+01,3.06362e-01,1.21374e+00,1.79353e+00,7.41070e+00,2.33734e+00,1.59082e+01,3.61396e-01,6.84385e+01,3.23958e+00,1.10935e+00,7.17917e-01,9.38581e+00,3.28250e+00,2.56140e-01,1.32943e+00,6.37507e+00
1.00812e+00,3.80330e+01,1.54572e-01,2.51060e+01,3.05777e-01,1.23331e+00,1.79857e+00,7.42036e+00,2.33308e+00,1.58894e+01,3.62220e-01,6.79122e+01,3.23157e+00,1.10709e+00,7.21784e-01,9.36093e+00,3.29636e+00,2.55689e-01,1.32196e+00,6.36027e+00
1.00658e+00,3.77769e+01,1.54363e-01,2.50664e+01,3.05168e-01,1.25534e+00,1.80506e+00,7.42475e+00,2.32893e+00,1.58703e+01,3.63008e-01,6.73949e+01,3.22362e+00,1.10492e+00,7.27111e-01,9.33361e+00,3.31019e+00,2.55233e-01,1.31476e+00,6.34514e+00
1.00506e+00,3.75343e+01,1.54170e-01,2.50228e+01,3.04584e-01,1.27455e+00,1.81256e+00,7.42443e+00,2.32481e+00,1.58509e+01,3.63736e-01,6.68851e+01,3.21574e+00,1.10280e+00,7.33584e-01,9.30430e+00,3.32366e+00,2.54776e-01,1.30787e+00,6.32978e+00
1.00355e+00,3.73046e+01,1.53982e-01,2.49757e+01,3.04026e-01,1.28700e+00,1.82066e+00,7.42059e+00,2.32068e+00,1.58315e+01,3.64399e-01,6.63824e+01,3.20795e+00,1.10072e+00,7.40820e-01,9.27333e+00,3.33629e+00,2.54330e-01,1.30123e+00,6.31448e+00
1.00202e+00,3.70873e+01,1.53798e-01,2.49252e+01,3.03504e-01,1.29040e+00,1.82926e+00,7.41358e+00,2.31650e+00,1.58119e+01,3.65002e-01,6.58869e+01,3.20024e+00,1.09867e+00,7.48450e-01,9.24102e+00,3.34768e+00,2.53892e-01,1.29488e+00,6.29935e+00
1.00049e+00,3.68826e+01,1.53616e-01,2.48723e+01,3.02969e-01,1.28414e+00,1.83838e+00,7.40478e+00,2.31230e+00,1.57924e+01,3.65524e-01,6.53990e+01,3.19264e+00,1.09667e+00,7.56092e-01,9.20732e+00,3.35743e+00,2.53463e-01,1.28876e+00,6.28448e+00
9.98958e-01,3.66895e+01,1.53445e-01,2.48183e+01,3.02385e-01,1.26916e+00,1.84832e+00,7.39431e+00,2.30798e+00,1.57732e+01,3.65969e-01,6.49195e+01,3.18515e+00,1.09471e+00,7.63401e-01,9.17288e+00,3.36505e+00,2.53017e-01,1.28292e+00,6.27003e+00
9.97430e-01,3.65066e+01,1.60018e-01,2.47647e+01,3.13058e-01,1.24705e+00,1.85952e+00,7.38280e+00,2.31154e+00,1.57598e+01,3.66327e-01,6.44483e+01,3.17776e+00,1.09283e+00,7.70089e-01,9.13769e+00,3.37150e+00,2.64412e-01,1.27737e+00,6.25608e+00
1.00319e+00,3.63405e+01,1.70607e-01,2.47276e+01,3.48118e-01,1.21982e+00,1.87847e+00,7.38093e+00,2.32190e+00,1.57485e+01,3.66642e-01,6.39850e+01,3.17821e+00,1.10299e+00,7.75949e-01,9.10735e+00,3.38945e+00,2.72725e-01,1.28669e+00,6.25117e+00
1.01301e+00,3.61771e+01,1.85825e-01,2.47109e+01,4.08353e-01,1.18950e+00,1.90107e+00,7.38395e+00,2.33312e+00,1.57421e+01,3.66938e-01,6.35304e+01,3.18045e+00,1.11426e+00,7.80816e-01,9.08262e+00,3.40749e+00,2.80427e-01,1.29896e+00,6.25522e+00
1.01996e+00,3.60258e+01,2.00864e-01,2.46997e+01,4.97515e-01,1.15779e+00,1.93031e+00,7.38081e+00,2.34477e+00,1.57413e+01,3.67218e-01,6.30857e+01,3.18462e+00,1.12421e+00,7.84618e-01,9.05928e+00,3.42303e+00,2.91527e-01,1.31647e+00,6.25845e+00
1.02463e+00,3.58840e+01,2.14208e-01,2.46698e+01,6.04339e-01,1.12668e+00,1.96538e+00,7.37370e+00,2.35638e+00,1.57413e+01,3.67488e-01,6.26468e+01,3.19257e+00,1.13554e+00,7.87342e-01,9.04303e+00,3.43163e+00,3.04809e-01,1.33571e+00,6.26649e+00
1.03181e+00,3.57466e+01,2.25924e-01,2.46362e+01,7.32249e-01,1.09643e+00,2.00567e+00,7.36413e+00,2.36711e+00,1.57435e+01,3.67748e-01,6.22169e+01,3.19700e+00,1.14804e+00,7.89007e-01,9.04056e+00,3.43428e+00,3.17446e-01,1.35656e+00,6.27495e+00
1.04360e+00,3.56146e+01,2.36818e-01,2.46049e+01,8.57119e-01,1.06799e+00,2.05068e+00,7.35047e+00,2.37756e+00,1.57478e+01,3.68004e-01,6.17958e+01,3.19590e+00,1.16037e+00,7.89770e-01,9.04505e+00,3.43247e+00,3.28325e-01,1.37925e+00,6.27956e+00
1.06010e+00,3.54880e+01,2.46528e-01,2.45717e+01,9.44937e-01,1.04165e+00,2.09699e+00,7.33316e+00,2.38909e+00,1.57544e+01,3.68251e-01,6.13834e+01,3.19285e+00,1.17168e+00,7.89783e-01,9.04730e+00,3.42654e+00,3.37680e-01,1.40251e+00,6.28034e+00
1.08056e+00,3.53649e+01,2.53703e-01,2.45407e+01,9.99885e-01,1.01779e+00,2.14076e+00,7.31371e+00,2.40258e+00,1.57628e+01,3.68475e-01,6.09795e+01,3.19169e+00,1.18257e+00,7.89236e-01,9.04131e+00,3.41752e+00,3.46040e-01,1.42496e+00,6.27954e+00
1.10401e+00,3.52439e+01,2.57053e-01,2.45146e+01,1.05076e+00,9.96695e-01,2.17870e+00,7.29253e+00,2.41852e+00,1.57727e+01,3.68630e-01,6.05858e+01,3.19414e+00,1.19462e+00,7.88303e-01,9.02501e+00,3.40616e+00,3.53680e-01,1.44674e+00,6.27865e+00
1.12938e+00,3.51251e+01,2.56115e-01,2.44941e+01,1.11357e+00,9.78340e-01,2.20698e+00,7.27002e+00,2.43720e+00,1.57842e+01,3.68690e-01,6.01990e+01,3.20080e+00,1.20865e+00,7.87257e-01,9.00036e+00,3.39372e+00,3.60242e-01,1.46801e+00,6.27866e+00
1.15578e+00,3.50077e+01,2.51364e-01,2.44770e+01,1.17446e+00,9.62581e-01,2.22245e+00,7.24691e+00,2.45863e+00,1.57976e+01,3.68646e-01,5.98210e+01,3.21156e+00,1.22400e+00,7.86207e-01,8.97398e+00,3.38175e+00,3.64968e-01,1.48803e+00,6.27947e+00
1.18269e+00,3.48923e+01,2.43898e-01,2.44585e+01,1.20666e+00,9.49277e-01,2.22413e+00,7.22378e+00,2.48278e+00,1.58130e+01,3.68473e-01,5.94529e+01,3.22598e+00,1.23895e+00,7.85294e-01,8.95360e+00,3.37136e+00,3.67157e-01,1.50670e+00,6.28079e+00
1.21015e+00,3.47786e+01,2.34987e-01,2.44337e+01,1.19761e+00,9.38207e-01,2.21307e+00,7.20172e+00,2.50931e+00,1.58308e+01,3.68162e-01,5.90922e+01,3.24336e+00,1.25220e+00,7.84603e-01,8.94366e+00,3.36254e+00,3.66455e-01,1.52370e+00,6.28281e+00
1.23831e+00,3.46664e+01,2.25623e-01,2.44002e+01,1.15406e+00,9.29141e-01,2.19180e+00,7.18114e+00,2.53731e+00,1.58511e+01,3.67690e-01,5.87416e+01,3.26264e+00,1.26322e+00,7.84086e-01,8.94314e+00,3.35444e+00,3.63116e-01,1.53915e+00,6.28563e+00
1.26654e+00,3.45552e+01,2.16638e-01,2.43585e+01,1.09064e+00,9.21849e-01,2.16338e+00,7.16242e+00,2.56576e+00,1.58737e+01,3.67059e-01,5.84021e+01,3.28250e+00,1.27219e+00,7.83648e-01,8.94625e+00,3.34640e+00,3.57752e-01,1.55357e+00,6.28972e+00
1.29351e+00,3.44437e+01,2.08467e-01,2.43132e+01,1.02051e+00,9.16050e-01,2.13052e+00,7.14614e+00,2.59360e+00,1.58982e+01,3.66271e-01,5.80731e+01,3.30165e+00,1.27984e+00,7.83174e-01,8.94607e+00,3.33874e+00,3.51301e-01,1.56705e+00,6.29507e+00
1.31734e+00,3.43310e+01,2.01410e-01,2.42677e+01,9.51592e-01,9.11522e-01,2.09548e+00,7.13254e+00,2.62014e+00,1.59243e+01,3.65312e-01,5.77568e+01,3.31905e+00,1.28678e+00,7.82540e-01,8.93841e+00,3.33250e+00,3.44858e-01,1.57992e+00,6.30217e+00
1.33643e+00,3.42150e+01,1.95508e-01,2.42281e+01,8.87298e-01,9.07950e-01,2.05996e+00,7.12161e+00,2.64485e+00,1.59516e+01,3.64190e-01,5.74528e+01,3.33386e+00,1.29340e+00,7.81620e-01,8.92334e+00,3.32858e+00,3.39658e-01,1.59178e+00,6.31084e+00
1.34963e+00,3.40948e+01,1.90753e-01,2.41963e+01,8.28359e-01,9.05041e-01,2.02538e+00,7.11349e+00,2.66763e+00,1.59795e+01,3.62900e-01,5.71640e+01,3.34568e+00,1.29981e+00,7.80259e-01,8.90304e+00,3.32755e+00,3.37159e-01,1.60265e+00,6.32035e+00
1.35677e+00,3.39695e+01,1.87003e-01,2.41741e+01,7.74183e-01,9.02589e-01,1.99242e+00,7.10775e+00,2.68881e+00,1.60075e+01,3.61468e-01,5.68894e+01,3.35458e+00,1.30586e+00,7.78352e-01,8.88102e+00,3.32907e+00,3.39289e-01,1.61218e+00,6.33011e+00
1.36534e+00,3.38378e+01,1.84030e-01,2.41604e+01,7.24012e-01,9.00368e-01,1.96157e+00,7.10414e+00,2.70860e+00,1.60351e+01,3.59929e-01,5.66298e+01,3.36077e+00,1.31128e+00,7.75838e-01,8.86015e+00,3.33191e+00,3.48562e-01,1.62063e+00,6.33954e+00
1.37384e+00,3.36998e+01,1.81688e-01,2.41535e+01,6.77365e-01,8.98272e-01,1.93308e+00,7.10273e+00,2.73021e+00,1.60618e+01,3.58287e-01,5.63860e+01,3.36543e+00,1.31577e+00,7.72636e-01,8.84155e+00,3.33450e+00,3.67952e-01,1.62816e+00,6.34955e+00
1.37749e+00,3.35554e+01,1.83384e-01,2.41505e+01,6.40537e-01,8.96034e-01,1.90702e+00,7.10327e+00,2.75918e+00,1.60889e+01,3.56594e-01,5.61596e+01,3.36767e+00,1.32021e+00,7.68762e-01,8.82555e+00,3.34110e+00,4.02001e-01,1.63492e+00,6.35838e+00
1.38128e+00,3.35036e+01,1.90155e-01,2.41484e+01,6.19461e-01,8.95048e-01,1.88347e+00,7.10725e+00,2.80204e+00,1.61184e+01,3.54851e-01,5.59642e+01,3.36867e+00,1.32457e+00,7.64211e-01,8.81174e+00,3.35132e+00,4.64175e-01,1.64343e+00,6.36646e+00
1.39464e+00,3.34883e+01,2.00934e-01,2.41914e+01,6.12346e-01,9.07587e-01,1.87481e+00,7.14574e+00,2.85384e+00,1.61491e+01,3.64706e-01,5.57784e+01,3.36949e+00,1.32862e+00,7.64746e-01,8.80048e+00,3.36506e+00,5.24076e-01,1.65182e+00,6.37640e+00
1.41627e+00,3.32797e+01,2.13040e-01,2.43418e+01,6.15959e-01,9.12638e-01,1.90157e+00,7.18877e+00,2.90936e+00,1.61852e+01,3.83871e-01,5.56145e+01,3.37140e+00,1.33118e+00,7.61825e-01,8.79341e+00,3.38163e+00,5.88875e-01,1.65871e+00,6.38891e+00
1.44192e+00,3.30907e+01,2.23425e-01,2.45507e+01,6.30508e-01,9.39794e-01,2.03683e+00,7.20141e+00,2.96297e+00,1.62284e+01,4.07099e-01,5.54699e+01,3.37350e+00,1.33309e+00,7.63883e-01,8.79087e+00,3.40207e+00,6.49544e-01,1.66450e+00,6.40717e+00
1.47095e+00,3.29324e+01,2.31527e-01,2.46214e+01,6.59541e-01,9.47262e-01,2.30497e+00,7.21136e+00,3.01335e+00,1.62796e+01,4.22978e-01,5.53466e+01,3.37693e+00,1.33494e+00,8.46178e-01,8.79288e+00,3.42785e+00,6.93365e-01,1.67516e+00,6.42615e+00
1.50119e+00,3.27843e+01,2.38516e-01,2.46457e+01,7.00188e-01,9.61065e-01,2.59702e+00,7.22103e+00,3.06489e+00,1.63385e+01,4.32394e-01,5.52529e+01,3.38237e+00,1.33682e+00,1.05052e+00,8.80017e+00,3.45880e+00,7.21360e-01,1.69218e+00,6.44738e+00
1.53000e+00,3.26397e+01,2.44929e-01,2.46698e+01,7.38988e-01,9.71664e-01,2.82278e+00,7.22917e+00,3.12375e+00,1.64035e+01,4.37357e-01,5.51981e+01,3.38997e+00,1.33861e+00,1.23828e+00,8.81225e+00,3.49521e+00,7.25203e-01,1.71090e+00,6.47213e+00
1.55658e+00,3.24971e+01,2.50005e-01,2.47134e+01,7.65359e-01,9.79630e-01,3.00503e+00,7.24241e+00,3.19384e+00,1.64705e+01,4.38612e-01,5.51843e+01,3.40072e+00,1.34069e+00,1.32972e+00,8.82999e+00,3.53997e+00,7.15971e-01,1.72853e+00,6.50109e+00
1.58218e+00,3.23533e+01,2.52617e-01,2.47866e+01,7.82468e-01,9.92793e-01,3.13170e+00,7.26222e+00,3.27358e+00,1.65387e+01,4.37095e-01,5.52185e+01,3.41431e+00,1.34377e+00,1.36742e+00,8.85278e+00,3.60218e+00,6.99171e-01,1.74560e+00,6.53389e+00
1.60854e+00,3.22071e+01,2.52000e-01,2.48838e+01,8.00338e-01,1.02837e+00,3.17932e+00,7.28734e+00,3.35818e+00,1.66085e+01,4.33452e-01,5.52966e+01,3.43055e+00,1.34859e+00,1.35898e+00,8.88049e+00,3.69283e+00,6.77374e-01,1.76231e+00,6.57090e+00
1.63584e+00,3.20592e+01,2.48193e-01,2.49925e+01,8.25965e-01,1.11300e+00,3.16485e+00,7.31657e+00,3.44334e+00,1.66794e+01,4.28861e-01,5.54171e+01,3.44925e+00,1.35558e+00,1.31911e+00,8.91162e+00,3.81971e+00,6.51642e-01,1.77864e+00,6.61143e+00
1.66484e+00,3.19110e+01,2.41973e-01,2.51017e+01,8.59007e-01,1.24927e+00,3.11838e+00,7.35008e+00,3.52602e+00,1.67501e+01,4.24084e-01,5.55721e+01,3.46989e+00,1.36477e+00,1.27195e+00,8.94500e+00,3.98999e+00,6.26377e-01,1.79520e+00,6.65494e+00
1.68901e+00,3.17647e+01,2.34309e-01,2.52086e+01,8.91566e-01,1.38917e+00,3.05300e+00,7.38694e+00,3.60524e+00,1.68175e+01,4.19381e-01,5.57610e+01,3.49167e+00,1.37580e+00,1.23389e+00,8.97961e+00,4.21330e+00,5.96027e-01,1.81144e+00,6.69929e+00
1.70503e+00,3.16219e+01,2.26054e-01,2.53159e+01,9.14576e-01,1.47867e+00,2.96865e+00,7.42691e+00,3.68083e+00,1.68789e+01,4.14597e-01,5.60004e+01,3.51349e+00,1.38837e+00,1.20861e+00,9.01487e+00,4.49867e+00,5.66542e-01,1.82750e+00,6.74263e+00
1.71260e+00,3.14837e+01,2.17925e-01,2.54289e+01,9.22870e-01,1.50264e+00,2.86925e+00,7.46869e+00,3.75132e+00,1.69312e+01,4.09449e-01,5.63224e+01,3.53428e+00,1.40194e+00,1.19265e+00,9.05066e+00,4.84373e+00,5.38573e-01,1.84318e+00,6.78335e+00
1.71257e+00,3.13513e+01,2.10341e-01,2.55486e+01,9.16148e-01,1.47644e+00,2.76906e+00,7.51214e+00,3.81436e+00,1.69735e+01,4.03861e-01,5.67596e+01,3.55304e+00,1.41663e+00,1.18173e+00,9.08604e+00,5.23900e+00,5.12418e-01,1.85852e+00,6.82227e+00
1.70625e+00,3.12256e+01,2.03583e-01,2.56725e+01,8.96600e-01,1.42212e+00,2.68831e+00,7.55752e+00,3.86845e+00,1.70045e+01,3.97943e-01,5.73035e+01,3.56896e+00,1.43102e+00,1.17348e+00,9.11907e+00,5.67809e+00,4.88755e-01,1.87387e+00,6.85957e+00
1.69544e+00,3.11076e+01,1.97784e-01,2.57945e+01,8.67085e-01,1.35638e+00,2.65189e+00,7.60884e+00,3.91463e+00,1.70248e+01,3.91897e-01,5.79013e+01,3.58145e+00,1.44542e+00,1.16719e+00,9.14937e+00,6.15465e+00,4.68215e-01,1.88999e+00,6.89425e+00
1.68198e+00,3.09984e+01,1.92916e-01,2.59096e+01,8.35163e-01,1.28928e+00,2.67851e+00,7.70484e+00,3.95589e+00,1.70363e+01,3.85928e-01,5.84638e+01,3.59022e+00,1.45929e+00,1.17949e+00,9.17391e+00,6.64182e+00,4.52063e-01,1.90726e+00,6.92704e+00
1.66737e+00,3.08992e+01,1.88880e-01,2.60154e+01,8.08999e-01,1.22635e+00,2.78563e+00,7.81355e+00,3.99580e+00,1.70400e+01,4.01348e-01,5.89130e+01,3.59527e+00,1.47145e+00,1.20392e+00,9.19328e+00,7.08795e+00,4.39428e-01,1.94715e+00,6.95821e+00
1.65221e+00,3.08104e+01,1.85647e-01,2.61042e+01,8.20787e-01,1.16908e+00,3.00801e+00,7.87338e+00,4.03656e+00,1.70373e+01,5.48388e-01,5.92072e+01,3.59684e+00,1.48108e+00,1.31034e+00,9.20734e+00,7.43846e+00,4.31361e-01,2.00459e+00,6.98790e+00
1.63653e+00,3.07330e+01,1.83005e-01,2.61744e+01,1.16705e+00,1.11885e+00,3.33129e+00,7.92130e+00,4.07827e+00,1.70299e+01,8.57014e-01,5.93383e+01,3.59560e+00,1.48728e+00,1.41877e+00,9.21533e+00,7.66541e+00,4.29183e-01,2.06687e+00,7.01526e+00
1.61985e+00,3.06667e+01,1.80757e-01,2.62283e+01,2.25331e+00,1.07508e+00,3.60439e+00,7.97106e+00,4.11929e+00,1.70180e+01,1.12316e+00,5.93276e+01,3.59220e+00,1.48973e+00,1.48415e+00,9.21919e+00,7.77680e+00,4.34141e-01,2.12413e+00,7.04018e+00
1.60197e+00,3.06110e+01,1.78828e-01,2.62709e+01,3.46074e+00,1.03718e+00,3.76111e+00,8.02273e+00,4.15725e+00,1.70015e+01,1.29827e+00,5.92051e+01,3.58764e+00,1.48852e+00,1.53675e+00,9.21982e+00,7.80392e+00,4.47121e-01,2.17752e+00,7.06318e+00
1.58291e+00,3.05659e+01,1.77144e-01,2.63135e+01,3.79352e+00,1.00505e+00,3.82694e+00,8.07562e+00,4.19014e+00,1.69805e+01,1.34100e+00,5.90003e+01,3.58292e+00,1.48419e+00,1.55040e+00,9.22010e+00,7.78431e+00,4.68425e-01,2.22708e+00,7.08455e+00
1.56319e+00,3.05307e+01,1.75579e-01,2.63688e+01,3.39960e+00,9.80155e-01,3.84529e+00,8.12944e+00,4.21713e+00,1.69540e+01,1.26299e+00,5.87419e+01,3.57949e+00,1.47761e+00,1.51979e+00,9.22337e+00,7.74931e+00,4.97206e-01,2.27211e+00,7.10518e+00
1.54355e+00,3.05042e+01,1.74123e-01,2.64526e+01,2.81279e+00,9.65965e-01,3.85722e+00,8.18421e+00,4.23861e+00,1.69212e+01,1.13587e+00,5.84480e+01,3.57870e+00,1.46967e+00,1.46133e+00,9.23470e+00,7.71874e+00,5.30647e-01,2.31307e+00,7.12514e+00
1.52463e+00,3.04852e+01,1.72712e-01,2.65851e+01,2.28197e+00,9.68269e-01,3.88928e+00,8.24112e+00,4.25605e+00,1.68826e+01,1.01255e+00,5.81336e+01,3.58207e+00,1.46133e+00,1.39293e+00,9.26156e+00,7.69822e+00,5.63910e-01,2.35103e+00,7.14311e+00
1.50671e+00,3.04728e+01,1.71388e-01,2.67832e+01,1.86153e+00,9.91403e-01,3.94949e+00,8.30180e+00,4.27128e+00,1.68378e+01,9.10310e-01,5.78068e+01,3.59113e+00,1.45347e+00,1.32549e+00,9.31462e+00,7.68220e+00,5.91599e-01,2.38545e+00,7.15791e+00
1.48946e+00,3.04654e+01,1.70111e-01,2.70529e+01,1.54062e+00,1.03003e+00,4.02852e+00,8.36808e+00,4.28566e+00,1.67880e+01,8.27754e-01,5.74749e+01,3.60734e+00,1.44695e+00,1.26333e+00,9.40875e+00,7.65822e+00,6.09728e-01,2.41597e+00,7.16746e+00
1.47241e+00,3.04609e+01,1.68944e-01,2.73816e+01,1.29574e+00,1.06868e+00,4.10458e+00,8.44189e+00,4.29949e+00,1.67348e+01,7.58823e-01,5.71405e+01,3.63176e+00,1.44237e+00,1.20749e+00,9.56477e+00,7.61263e+00,6.16952e-01,2.44120e+00,7.17082e+00
1.45504e+00,3.04576e+01,1.67905e-01,2.77388e+01,1.10653e+00,1.09361e+00,4.15471e+00,8.52498e+00,4.31196e+00,1.66794e+01,6.98947e-01,5.68073e+01,3.66506e+00,1.44021e+00,1.15798e+00,9.81226e+00,7.53518e+00,6.14492e-01,2.46084e+00,7.16674e+00
1.43700e+00,3.04532e+01,1.66924e-01,2.80902e+01,9.58014e-01,1.10102e+00,4.16451e+00,8.61826e+00,4.32148e+00,1.66243e+01,6.45885e-01,5.64768e+01,3.70706e+00,1.44066e+00,1.11479e+00,1.01873e+01,7.42194e+00,6.05244e-01,2.47513e+00,7.15558e+00
1.41834e+00,3.04465e+01,1.66030e-01,2.84102e+01,8.39933e-01,1.09488e+00,4.13125e+00,8.72212e+00,4.32566e+00,1.65710e+01,5.98933e-01,5.61506e+01,3.75694e+00,1.44372e+00,1.07799e+00,1.07249e+01,7.27414e+00,5.93095e-01,2.48499e+00,7.13730e+00
1.39938e+00,3.04361e+01,1.65243e-01,2.86834e+01,7.45135e-01,1.08121e+00,4.06183e+00,8.83576e+00,4.32242e+00,1.65210e+01,5.57938e-01,5.58294e+01,3.81312e+00,1.44906e+00,1.04724e+00,1.14424e+01,7.09829e+00,5.82819e-01,2.49111e+00,7.11284e+00
1.38042e+00,3.04218e+01,1.64550e-01,2.89055e+01,6.68558e-01,1.06501e+00,3.96870e+00,8.95795e+00,4.30998e+00,1.64758e+01,5.22712e-01,5.55151e+01,3.87342e+00,1.45614e+00,1.02199e+00,1.23295e+01,6.90250e+00,5.80532e-01,2.49465e+00,7.08326e+00
1.36180e+00,3.04039e+01,1.63945e-01,2.90735e+01,6.06464e-01,1.04948e+00,3.86568e+00,9.08599e+00,4.28769e+00,1.64366e+01,4.92881e-01,5.52071e+01,3.93533e+00,1.46406e+00,1.00132e+00,1.33602e+01,6.69460e+00,5.93414e-01,2.49651e+00,7.04923e+00
1.34384e+00,3.03839e+01,1.63395e-01,2.91896e+01,5.55895e-01,1.03654e+00,3.76605e+00,9.21695e+00,4.25558e+00,1.64038e+01,4.67980e-01,5.49058e+01,3.99638e+00,1.47188e+00,9.84333e-01,1.45124e+01,6.48205e+00,6.27372e-01,2.49732e+00,7.01215e+00
1.32672e+00,3.03638e+01,1.62895e-01,2.92604e+01,5.14707e-01,1.02747e+00,3.68071e+00,9.34726e+00,4.21445e+00,1.63781e+01,4.47544e-01,5.46118e+01,4.05434e+00,1.47876e+00,9.70235e-01,1.57496e+01,6.27107e+00,6.82171e-01,2.49843e+00,6.97227e+00
1.31056e+00,3.03466e+01,1.62468e-01,2.92948e+01,4.81046e-01,1.02336e+00,3.61798e+00,9.47421e+00,4.16547e+00,1.63598e+01,4.31105e-01,5.43236e+01,4.10728e+00,1.48400e+00,9.58608e-01,1.69797e+01,6.06613e+00,7.48094e-01,2.50055e+00,6.93056e+00
1.29537e+00,3.03356e+01,1.62124e-01,2.93035e+01,4.53530e-01,1.02517e+00,3.58268e+00,9.59457e+00,4.11022e+00,1.63488e+01,4.18219e-01,5.40419e+01,4.15372e+00,1.48713e+00,9.49105e-01,1.80628e+01,5.87063e+00,8.09453e-01,2.50464e+00,6.88745e+00
1.28115e+00,3.03346e+01,1.61861e-01,2.92965e+01,4.31008e-01,1.03381e+00,3.57556e+00,9.70557e+00,4.05029e+00,1.63454e+01,4.08576e-01,5.37669e+01,4.19248e+00,1.48782e+00,9.41306e-01,1.88749e+01,5.68694e+00,8.52847e-01,2.51149e+00,6.84305e+00
1.26775e+00,3.03471e+01,1.61626e-01,2.92808e+01,4.12523e-01,1.04971e+00,3.59246e+00,9.80509e+00,3.98724e+00,1.63487e+01,4.02068e-01,5.35000e+01,4.22276e+00,1.48596e+00,9.34924e-01,1.93594e+01,5.51656e+00,8.72421e-01,2.52093e+00,6.79824e+00
1.25509e+00,3.03766e+01,1.61409e-01,2.92584e+01,3.97372e-01,1.07266e+00,3.62556e+00,9.89164e+00,3.92239e+00,1.63589e+01,3.98767e-01,5.32391e+01,4.24405e+00,1.48155e+00,9.29599e-01,1.95262e+01,5.36030e+00,8.69419e-01,2.53358e+00,6.75315e+00
1.24311e+00,3.04251e+01,1.61216e-01,2.92292e+01,3.84897e-01,1.10133e+00,3.66466e+00,9.96333e+00,3.85703e+00,1.63756e+01,3.98873e-01,5.29851e+01,4.25615e+00,1.47477e+00,9.25050e-01,1.94265e+01,5.21832e+00,8.48729e-01,2.54853e+00,6.70838e+00
1.23177e+00,3.04933e+01,1.61049e-01,2.91930e+01,3.74661e-01,1.13334e+00,3.70074e+00,1.00204e+01,3.79207e+00,1.63989e+01,4.02800e-01,5.27385e+01,4.25908e+00,1.46575e+00,9.21002e-01,1.91304e+01,5.08986e+00,8.16050e-01,2.56536e+00,6.66434e+00
1.22095e+00,3.05802e+01,1.60897e-01,2.91498e+01,3.66232e-01,1.16556e+00,3.72852e+00,1.00620e+01,3.72861e+00,1.64282e+01,4.10977e-01,5.24989e+01,4.25314e+00,1.45480e+00,9.17452e-01,1.87130e+01,4.97402e+00,7.76342e-01,2.58282e+00,6.62162e+00
1.21059e+00,3.06828e+01,1.60752e-01,2.91020e+01,3.59268e-01,1.19484e+00,3.74721e+00,1.00891e+01,3.66727e+00,1.64640e+01,4.23728e-01,5.22675e+01,4.23893e+00,1.44221e+00,9.14525e-01,1.82452e+01,4.86970e+00,7.33364e-01,2.59978e+00,6.58069e+00
1.20058e+00,3.07962e+01,1.60609e-01,2.90541e+01,3.53521e-01,1.21868e+00,3.75954e+00,1.01018e+01,3.60876e+00,1.65066e+01,4.41167e-01,5.20455e+01,4.21727e+00,1.42825e+00,9.12567e-01,1.77874e+01,4.77557e+00,6.89774e-01,2.61470e+00,6.54209e+00
1.19094e+00,3.09143e+01,1.60466e-01,2.90112e+01,3.48774e-01,1.23548e+00,3.76994e+00,1.01011e+01,3.55365e+00,1.65559e+01,4.63029e-01,5.18322e+01,4.18904e+00,1.41324e+00,9.12194e-01,1.73753e+01,4.69050e+00,6.47298e-01,2.62649e+00,6.50625e+00
1.18158e+00,3.10301e+01,1.60318e-01,2.89784e+01,3.44817e-01,1.24513e+00,3.78212e+00,1.00884e+01,3.50235e+00,1.66132e+01,4.88466e-01,5.16294e+01,4.15531e+00,1.39748e+00,9.14126e-01,1.70154e+01,4.61354e+00,6.07016e-01,2.63388e+00,6.47346e+00
1.17247e+00,3.11378e+01,1.60156e-01,2.89606e+01,3.41586e-01,1.24875e+00,3.79781e+00,1.00650e+01,3.45540e+00,1.66784e+01,5.16107e-01,5.14380e+01,4.11719e+00,1.38122e+00,9.19277e-01,1.66922e+01,4.54381e+00,5.69555e-01,2.63593e+00,6.44411e+00
1.16361e+00,3.12321e+01,1.59998e-01,2.89605e+01,3.38906e-01,1.24873e+00,3.81646e+00,1.00331e+01,3.41295e+00,1.67521e+01,5.44296e-01,5.12567e+01,4.07582e+00,1.36472e+00,9.28376e-01,1.63822e+01,4.48063e+00,5.35181e-01,2.63227e+00,6.41807e+00
1.15501e+00,3.13091e+01,1.59843e-01,2.89798e+01,3.36656e-01,1.24843e+00,3.83614e+00,9.99507e+00,3.37534e+00,1.68345e+01,5.71347e-01,5.10875e+01,4.03220e+00,1.34820e+00,9.41994e-01,1.60714e+01,4.42402e+00,5.03981e-01,2.62248e+00,6.39588e+00
1.14664e+00,3.13672e+01,1.59698e-01,2.90180e+01,3.34739e-01,1.25183e+00,3.85436e+00,9.95340e+00,3.34250e+00,1.69258e+01,5.95830e-01,5.09310e+01,3.98730e+00,1.33181e+00,9.60258e-01,1.57617e+01,4.37337e+00,4.75913e-01,2.60675e+00,6.37725e+00
1.13862e+00,3.14057e+01,1.59557e-01,2.90723e+01,3.33096e-01,1.26283e+00,3.86923e+00,9.91082e+00,3.31440e+00,1.70247e+01,6.16793e-01,5.07857e+01,3.94201e+00,1.31571e+00,9.82701e-01,1.54691e+01,4.32872e+00,4.50808e-01,2.58536e+00,6.36228e+00
1.13094e+00,3.14264e+01,1.59409e-01,2.91383e+01,3.31692e-01,1.28430e+00,3.87895e+00,9.87003e+00,3.29073e+00,1.71309e+01,6.33823e-01,5.06544e+01,3.89709e+00,1.30002e+00,1.00848e+00,1.52166e+01,4.29005e+00,4.28521e-01,2.55903e+00,6.35076e+00
1.12360e+00,3.14317e+01,1.59241e-01,2.92103e+01,3.30467e-01,1.31679e+00,3.88208e+00,9.83231e+00,3.27105e+00,1.72430e+01,6.46950e-01,5.05356e+01,3.85311e+00,1.28486e+00,1.03633e+00,1.50307e+01,4.25733e+00,4.08853e-01,2.52836e+00,6.34237e+00
1.11664e+00,3.14252e+01,1.59059e-01,2.92818e+01,3.29411e-01,1.35780e+00,3.87712e+00,9.79933e+00,3.25467e+00,1.73583e+01,6.56646e-01,5.04280e+01,3.81055e+00,1.27027e+00,1.06487e+00,1.49370e+01,4.23059e+00,3.91603e-01,2.49405e+00,6.33709e+00
1.11004e+00,3.14110e+01,1.58872e-01,2.93470e+01,3.28472e-01,1.40193e+00,3.86228e+00,9.77128e+00,3.24101e+00,1.74756e+01,6.63567e-01,5.03336e+01,3.76974e+00,1.25632e+00,1.09277e+00,1.49538e+01,4.20977e+00,3.76519e-01,2.45690e+00,6.33437e+00
1.10383e+00,3.13929e+01,1.58667e-01,2.94033e+01,3.27635e-01,1.44252e+00,3.83582e+00,9.74752e+00,3.22962e+00,1.75919e+01,6.68449e-01,5.02498e+01,3.73085e+00,1.24309e+00,1.11882e+00,1.50872e+01,4.19460e+00,3.63407e-01,2.41755e+00,6.33426e+00
1.09802e+00,3.13748e+01,1.58466e-01,2.94474e+01,3.26902e-01,1.47363e+00,3.79646e+00,9.72695e+00,3.22008e+00,1.77053e+01,6.72100e-01,5.01770e+01,3.69403e+00,1.23061e+00,1.14209e+00,1.53238e+01,4.18478e+00,3.52086e-01,2.37668e+00,6.33608e+00
1.09254e+00,3.13604e+01,1.58277e-01,2.94803e+01,3.26233e-01,1.49149e+00,3.74390e+00,9.70784e+00,3.21212e+00,1.78143e+01,6.75307e-01,5.01145e+01,3.65946e+00,1.21890e+00,1.16191e+00,1.56280e+01,4.17976e+00,3.42359e-01,2.33481e+00,6.33957e+00
1.08743e+00,3.13518e+01,1.58084e-01,2.95022e+01,3.25655e-01,1.49483e+00,3.67845e+00,9.68907e+00,3.20581e+00,1.79169e+01,6.78676e-01,5.00620e+01,3.62713e+00,1.20796e+00,1.17767e+00,1.59490e+01,4.17896e+00,3.34061e-01,2.29223e+00,6.34453e+00
1.08264e+00,3.13505e+01,1.57894e-01,2.95133e+01,3.25089e-01,1.48471e+00,3.60182e+00,9.66893e+00,3.20140e+00,1.80122e+01,6.82797e-01,5.00206e+01,3.59714e+00,1.19775e+00,1.18899e+00,1.62320e+01,4.18154e+00,3.27047e-01,2.24948e+00,6.35074e+00
1.07819e+00,3.13579e+01,1.57710e-01,2.95158e+01,3.24503e-01,1.46350e+00,3.51613e+00,9.64705e+00,3.19906e+00,1.80999e+01,6.88100e-01,4.99885e+01,3.56947e+00,1.18829e+00,1.19572e+00,1.64336e+01,4.18663e+00,3.21109e-01,2.20692e+00,6.35774e+00
1.07405e+00,3.13735e+01,1.57521e-01,2.95101e+01,3.23950e-01,1.43405e+00,3.42371e+00,9.62358e+00,3.19914e+00,1.81791e+01,6.94835e-01,4.99688e+01,3.54423e+00,1.17961e+00,1.19790e+00,1.65291e+01,4.19327e+00,3.16125e-01,2.16480e+00,6.36498e+00
1.07022e+00,3.13972e+01,1.57322e-01,2.94966e+01,3.23418e-01,1.39915e+00,3.32716e+00,9.59952e+00,3.20166e+00,1.82505e+01,7.03114e-01,4.99620e+01,3.52142e+00,1.17166e+00,1.19572e+00,1.65132e+01,4.20049e+00,3.12009e-01,2.12328e+00,6.37244e+00
1.06667e+00,3.14277e+01,1.57110e-01,2.94755e+01,3.22909e-01,1.36125e+00,3.22883e+00,9.57685e+00,3.20633e+00,1.83147e+01,7.12981e-01,4.99671e+01,3.50111e+00,1.16437e+00,1.18950e+00,1.63958e+01,4.20738e+00,3.08567e-01,2.08263e+00,6.37973e+00
1.06337e+00,3.14634e+01,1.56889e-01,2.94464e+01,3.22447e-01,1.32226e+00,3.13086e+00,9.55767e+00,3.21258e+00,1.83719e+01,7.24171e-01,4.99878e+01,3.48313e+00,1.15771e+00,1.17968e+00,1.61950e+01,4.21325e+00,3.05734e-01,2.04311e+00,6.38649e+00
1.06032e+00,3.15030e+01,1.56652e-01,2.94090e+01,3.21992e-01,1.28369e+00,3.03492e+00,9.54431e+00,3.21946e+00,1.84239e+01,7.36476e-01,5.00252e+01,3.46737e+00,1.15171e+00,1.16673e+00,1.59319e+01,4.21752e+00,3.03460e-01,2.00477e+00,6.39246e+00
1.05749e+00,3.15450e+01,1.56419e-01,2.93626e+01,3.21525e-01,1.24661e+00,2.94239e+00,9.53818e+00,3.22572e+00,1.84717e+01,7.49459e-01,5.00791e+01,3.45363e+00,1.14629e+00,1.15125e+00,1.56262e+01,4.21979e+00,3.01606e-01,1.96784e+00,6.39735e+00
1.05486e+00,3.15882e+01,1.56184e-01,2.93077e+01,3.21062e-01,1.21173e+00,2.85425e+00,9.53926e+00,3.23023e+00,1.85167e+01,7.62654e-01,5.01509e+01,3.44162e+00,1.14140e+00,1.13369e+00,1.52959e+01,4.21991e+00,3.00129e-01,1.93234e+00,6.40114e+00
1.05238e+00,3.16319e+01,1.55944e-01,2.92429e+01,3.20628e-01,1.17956e+00,2.77131e+00,9.54683e+00,3.23178e+00,1.85602e+01,7.75598e-01,5.02405e+01,3.43106e+00,1.13707e+00,1.11453e+00,1.49545e+01,4.21774e+00,2.98942e-01,1.89853e+00,6.40345e+00
1.05010e+00,3.16762e+01,1.55713e-01,2.91676e+01,3.20180e-01,1.15043e+00,2.69414e+00,9.55975e+00,3.22944e+00,1.86038e+01,7.87837e-01,5.03477e+01,3.42153e+00,1.13312e+00,1.09414e+00,1.46121e+01,4.21341e+00,2.98003e-01,1.86623e+00,6.40411e+00
1.04797e+00,3.17218e+01,1.55481e-01,2.90816e+01,3.19709e-01,1.12451e+00,2.62321e+00,9.57644e+00,3.22271e+00,1.86487e+01,7.98979e-01,5.04707e+01,3.41272e+00,1.12959e+00,1.07292e+00,1.42770e+01,4.20707e+00,2.97243e-01,1.83583e+00,6.40350e+00
1.04597e+00,3.17696e+01,1.55242e-01,2.89849e+01,3.19243e-01,1.10177e+00,2.55878e+00,9.59533e+00,3.21124e+00,1.86958e+01,8.08709e-01,5.06091e+01,3.40418e+00,1.12644e+00,1.05122e+00,1.39535e+01,4.19898e+00,2.96622e-01,1.80720e+00,6.40145e+00
1.04414e+00,3.18210e+01,1.54992e-01,2.88780e+01,3.18779e-01,1.08213e+00,2.50099e+00,9.61566e+00,3.19511e+00,1.87465e+01,8.16795e-01,5.07584e+01,3.39568e+00,1.12363e+00,1.02931e+00,1.36446e+01,4.18929e+00,2.96079e-01,1.78053e+00,6.39790e+00
1.04239e+00,3.18777e+01,1.54748e-01,2.87613e+01,3.18305e-01,1.06535e+00,2.44997e+00,9.63764e+00,3.17471e+00,1.88014e+01,8.23095e-01,5.09152e+01,3.38701e+00,1.12109e+00,1.00742e+00,1.33523e+01,4.17830e+00,2.95650e-01,1.75562e+00,6.39335e+00
1.04072e+00,3.19414e+01,1.54499e-01,2.86363e+01,3.17808e-01,1.05106e+00,2.40588e+00,9.66166e+00,3.15070e+00,1.88610e+01,8.27551e-01,5.10769e+01,3.37794e+00,1.11877e+00,9.85749e-01,1.30773e+01,4.16624e+00,2.95244e-01,1.73268e+00,6.38778e+00
1.03915e+00,3.20135e+01,1.54241e-01,2.85046e+01,3.17336e-01,1.03888e+00,2.36862e+00,9.68826e+00,3.12367e+00,1.89261e+01,8.30205e-01,5.12384e+01,3.36836e+00,1.11666e+00,9.64499e-01,1.28196e+01,4.15324e+00,2.94896e-01,1.71153e+00,6.38124e+00
1.03764e+00,3.20955e+01,1.53985e-01,2.83678e+01,3.16891e-01,1.02833e+00,2.33812e+00,9.71851e+00,3.09432e+00,1.89963e+01,8.31031e-01,5.13969e+01,3.35822e+00,1.11476e+00,9.43804e-01,1.25787e+01,4.13935e+00,2.94578e-01,1.69231e+00,6.37417e+00
1.03619e+00,3.21897e+01,1.53733e-01,2.82286e+01,3.16436e-01,1.01891e+00,2.31413e+00,9.75223e+00,3.06354e+00,1.90713e+01,8.30136e-01,5.15492e+01,3.34758e+00,1.11298e+00,9.23752e-01,1.23535e+01,4.12465e+00,2.94281e-01,1.67466e+00,6.36683e+00
1.03479e+00,3.22947e+01,1.53486e-01,2.80890e+01,3.15998e-01,1.01018e+00,2.29627e+00,9.78930e+00,3.03194e+00,1.91507e+01,8.27575e-01,5.16951e+01,3.33649e+00,1.11135e+00,9.04462e-01,1.21431e+01,4.10906e+00,2.94000e-01,1.65865e+00,6.35946e+00
1.03342e+00,3.24083e+01,1.53239e-01,2.79517e+01,3.15552e-01,1.00177e+00,2.28410e+00,9.82868e+00,2.99990e+00,1.92338e+01,8.23441e-01,5.18293e+01,3.32495e+00,1.10979e+00,8.86029e-01,1.19464e+01,4.09258e+00,2.93734e-01,1.64418e+00,6.35223e+00
1.03211e+00,3.25304e+01,1.52999e-01,2.78194e+01,3.15065e-01,9.93293e-01,2.27698e+00,9.86905e+00,2.96815e+00,1.93188e+01,8.17909e-01,5.19536e+01,3.31313e+00,1.10831e+00,8.68443e-01,1.17620e+01,4.07510e+00,2.93487e-01,1.63113e+00,6.34518e+00
1.03080e+00,3.26585e+01,1.52751e-01,2.76935e+01,3.14579e-01,9.84507e-01,2.27418e+00,9.90799e+00,2.93702e+00,1.94049e+01,8.11002e-01,5.20658e+01,3.30107e+00,1.10689e+00,8.51818e-01,1.15888e+01,4.05654e+00,2.93224e-01,1.61923e+00,6.33859e+00
1.02954e+00,3.27902e+01,1.52496e-01,2.75757e+01,3.14108e-01,9.75317e-01,2.27491e+00,9.94373e+00,2.90674e+00,1.94900e+01,8.02893e-01,5.21671e+01,3.28899e+00,1.10554e+00,8.36122e-01,1.14252e+01,4.03683e+00,2.92940e-01,1.60843e+00,6.33262e+00
1.02830e+00,3.29218e+01,1.52245e-01,2.74671e+01,3.13641e-01,9.65625e-01,2.27836e+00,9.97492e+00,2.87759e+00,1.95723e+01,7.93688e-01,5.22597e+01,3.27699e+00,1.10420e+00,8.21408e-01,1.12703e+01,4.01592e+00,2.92651e-01,1.59862e+00,6.32734e+00
1.02706e+00,3.30505e+01,1.51994e-01,2.73687e+01,3.13178e-01,9.55445e-01,2.28398e+00,9.99942e+00,2.84981e+00,1.96504e+01,7.83490e-01,5.23445e+01,3.26513e+00,1.10289e+00,8.07640e-01,1.11234e+01,3.99380e+00,2.92355e-01,1.58956e+00,6.32282e+00
1.02579e+00,3.31736e+01,1.51745e-01,2.72816e+01,3.12716e-01,9.44876e-01,2.29127e+00,1.00168e+01,2.82350e+00,1.97227e+01,7.72502e-01,5.24225e+01,3.25349e+00,1.10157e+00,7.94771e-01,1.09837e+01,3.97049e+00,2.92049e-01,1.58127e+00,6.31928e+00
1.02454e+00,3.32879e+01,1.51494e-01,2.72071e+01,3.12554e-01,9.33924e-01,2.29983e+00,1.00267e+01,2.79891e+00,1.97878e+01,7.60755e-01,5.24975e+01,3.24223e+00,1.10028e+00,7.82842e-01,1.08500e+01,3.94605e+00,2.91734e-01,1.57351e+00,6.31692e+00
1.02329e+00,3.33925e+01,1.51237e-01,2.71460e+01,3.12869e-01,9.22776e-01,2.30955e+00,1.00296e+01,2.77599e+00,1.98457e+01,7.48445e-01,5.25706e+01,3.23129e+00,1.10111e+00,7.71799e-01,1.07219e+01,3.92067e+00,2.91423e-01,1.56616e+00,6.31575e+00
1.02317e+00,3.34854e+01,1.50980e-01,2.71017e+01,3.13514e-01,9.11521e-01,2.32049e+00,1.00262e+01,2.75479e+00,1.98957e+01,7.35676e-01,5.26436e+01,3.22080e+00,1.10062e+00,7.61618e-01,1.05991e+01,3.89479e+00,2.91109e-01,1.55919e+00,6.31605e+00
1.02268e+00,3.35646e+01,1.50732e-01,2.70768e+01,3.14391e-01,9.00217e-01,2.33280e+00,1.00178e+01,2.73530e+00,1.99371e+01,7.22582e-01,5.27177e+01,3.21071e+00,1.09972e+00,7.52274e-01,1.04809e+01,3.86832e+00,2.90776e-01,1.55261e+00,6.31840e+00
1.02179e+00,3.36299e+01,1.50503e-01,2.70756e+01,3.15491e-01,8.89027e-01,2.34692e+00,1.00059e+01,2.71735e+00,1.99710e+01,7.09241e-01,5.27944e+01,3.20110e+00,1.09911e+00,7.43736e-01,1.03669e+01,3.84139e+00,2.90423e-01,1.54668e+00,6.32290e+00
1.02073e+00,3.36820e+01,1.50297e-01,2.71058e+01,3.16946e-01,8.78009e-01,2.36259e+00,9.99237e+00,2.70074e+00,1.99976e+01,6.95835e-01,5.28753e+01,3.19193e+00,1.09841e+00,7.35918e-01,1.02573e+01,3.81425e+00,2.90077e-01,1.54156e+00,6.33503e+00
1.01984e+00,3.37220e+01,1.50145e-01,2.71722e+01,3.18917e-01,8.67235e-01,2.38027e+00,9.97932e+00,2.68551e+00,2.00179e+01,6.82421e-01,5.29619e+01,3.18318e+00,1.09734e+00,7.28822e-01,1.01524e+01,3.78696e+00,2.89713e-01,1.53718e+00,6.35178e+00
1.01916e+00,3.37507e+01,1.50039e-01,2.72834e+01,3.21642e-01,8.56765e-01,2.39998e+00,9.96894e+00,2.67143e+00,2.00342e+01,6.69103e-01,5.30550e+01,3.17495e+00,1.09603e+00,7.22397e-01,1.00509e+01,3.75943e+00,2.89333e-01,1.53355e+00,6.37171e+00
1.01861e+00,3.37699e+01,1.49979e-01,2.74494e+01,3.25434e-01,8.46648e-01,2.42159e+00,9.96429e+00,2.65845e+00,2.00481e+01,6.56022e-01,5.31556e+01,3.16715e+00,1.09468e+00,7.16572e-01,9.95238e+00,3.73169e+00,2.88939e-01,1.53039e+00,6.39521e+00
1.01821e+00,3.37812e+01,1.49932e-01,2.76784e+01,3.30539e-01,8.36926e-01,2.44480e+00,9.96784e+00,2.64656e+00,2.00618e+01,6.43236e-01,5.32648e+01,3.15977e+00,1.09351e+00,7.11327e-01,9.85757e+00,3.70401e+00,2.88530e-01,1.52778e+00,6.42159e+00
1.01792e+00,3.37867e+01,1.49853e-01,2.79790e+01,3.37037e-01,8.27613e-01,2.46911e+00,9.98292e+00,2.63551e+00,2.00782e+01,6.30813e-01,5.33830e+01,3.15283e+00,1.09261e+00,7.06605e-01,9.76675e+00,3.67683e+00,2.88129e-01,1.52568e+00,6.44927e+00
1.01789e+00,3.37887e+01,1.49724e-01,2.83558e+01,3.44518e-01,8.18733e-01,2.49384e+00,1.00120e+01,2.62533e+00,2.01000e+01,6.18767e-01,5.35101e+01,3.14628e+00,1.09196e+00,7.02378e-01,9.67899e+00,3.65041e+00,2.87729e-01,1.52389e+00,6.47779e+00
1.01821e+00,3.37888e+01,1.49535e-01,2.88104e+01,3.52293e-01,8.10310e-01,2.51820e+00,1.00583e+01,2.61592e+00,2.01298e+01,6.07131e-01,5.36462e+01,3.14016e+00,1.09148e+00,6.98636e-01,9.59530e+00,3.62501e+00,2.87322e-01,1.52237e+00,6.50791e+00
1.01910e+00,3.37887e+01,1.49291e-01,2.93358e+01,3.59299e-01,8.02307e-01,2.54145e+00,1.01246e+01,2.60720e+00,2.01711e+01,5.95891e-01,5.37908e+01,3.13447e+00,1.09103e+00,6.95346e-01,9.51520e+00,3.60068e+00,2.86903e-01,1.52082e+00,6.54016e+00
1.02072e+00,3.37901e+01,1.49012e-01,2.99188e+01,3.64792e-01,7.94834e-01,2.56293e+00,1.02124e+01,2.59912e+00,2.02271e+01,5.85079e-01,5.39424e+01,3.12921e+00,1.09058e+00,6.92551e-01,9.43918e+00,3.57739e+00,2.86481e-01,1.51925e+00,6.57349e+00
1.02317e+00,3.37940e+01,1.48682e-01,3.05407e+01,3.68300e-01,7.87730e-01,2.58200e+00,1.03229e+01,2.59171e+00,2.03005e+01,5.74620e-01,5.41008e+01,3.12445e+00,1.09004e+00,6.90182e-01,9.36751e+00,3.55522e+00,2.86057e-01,1.51742e+00,6.60730e+00
1.02638e+00,3.38017e+01,1.48318e-01,3.11757e+01,3.69705e-01,7.81066e-01,2.59822e+00,1.04552e+01,2.58482e+00,2.03938e+01,5.64547e-01,5.42631e+01,3.12021e+00,1.08939e+00,6.88354e-01,9.30024e+00,3.53441e+00,2.85621e-01,1.51539e+00,6.64098e+00
1.03027e+00,3.38136e+01,1.47960e-01,3.17972e+01,3.69222e-01,7.74863e-01,2.61114e+00,1.06078e+01,2.57845e+00,2.05091e+01,5.54794e-01,5.44273e+01,3.11658e+00,1.08864e+00,6.87065e-01,9.23844e+00,3.51552e+00,2.85181e-01,1.51329e+00,6.67371e+00
1.03463e+00,3.38299e+01,1.47595e-01,3.23818e+01,3.67220e-01,7.69002e-01,2.62051e+00,1.07771e+01,2.57252e+00,2.06477e+01,5.45422e-01,5.45924e+01,3.11372e+00,1.08780e+00,6.86337e-01,9.18217e+00,3.49944e+00,2.84734e-01,1.51121e+00,6.70495e+00
1.03918e+00,3.38509e+01,1.47242e-01,3.29074e+01,3.64058e-01,7.63551e-01,2.62624e+00,1.09588e+01,2.56702e+00,2.08089e+01,5.36355e-01,5.47566e+01,3.11176e+00,1.08685e+00,6.86144e-01,9.13181e+00,3.48705e+00,2.84272e-01,1.50935e+00,6.73418e+00
1.04363e+00,3.38757e+01,1.46901e-01,3.33606e+01,3.60116e-01,7.58482e-01,2.62828e+00,1.11476e+01,2.56186e+00,2.09916e+01,5.27631e-01,5.49180e+01,3.11099e+00,1.08575e+00,6.86410e-01,9.08764e+00,3.47910e+00,2.83802e-01,1.50777e+00,6.76073e+00
1.04767e+00,3.39038e+01,1.46580e-01,3.37341e+01,3.55713e-01,7.53737e-01,2.62680e+00,1.13384e+01,2.55703e+00,2.11932e+01,5.19241e-01,5.50765e+01,3.11163e+00,1.08445e+00,6.87047e-01,9.04880e+00,3.47561e+00,2.83337e-01,1.50651e+00,6.78439e+00
1.05102e+00,3.39341e+01,1.46267e-01,3.40250e+01,3.51039e-01,7.49364e-01,2.62183e+00,1.15280e+01,2.55249e+00,2.14091e+01,5.11214e-01,5.52307e+01,3.11385e+00,1.08299e+00,6.87957e-01,9.01596e+00,3.47607e+00,2.82869e-01,1.50563e+00,6.80426e+00
1.05346e+00,3.39654e+01,1.45972e-01,3.42404e+01,3.46268e-01,7.45312e-01,2.61357e+00,1.17141e+01,2.54817e+00,2.16349e+01,5.03580e-01,5.53791e+01,3.11797e+00,1.08133e+00,6.89031e-01,8.98822e+00,3.47923e+00,2.82399e-01,1.50512e+00,6.81991e+00
1.05493e+00,3.39959e+01,1.45696e-01,3.43875e+01,3.41483e-01,7.41530e-01,2.60228e+00,1.18975e+01,2.54399e+00,2.18636e+01,4.96374e-01,5.55227e+01,3.12402e+00,1.07950e+00,6.90136e-01,8.96752e+00,3.48373e+00,2.81939e-01,1.50517e+00,6.83112e+00
1.05535e+00,3.40243e+01,1.45425e-01,3.44786e+01,3.36860e-01,7.38067e-01,2.58821e+00,1.20817e+01,2.53999e+00,2.20886e+01,4.89547e-01,5.56621e+01,3.13196e+00,1.07752e+00,6.93795e-01,8.95471e+00,3.48862e+00,2.81488e-01,1.50554e+00,6.83757e+00
1.05481e+00,3.40491e+01,1.45170e-01,3.45271e+01,3.32462e-01,7.34832e-01,2.57166e+00,1.22730e+01,2.53617e+00,2.23032e+01,4.83138e-01,5.57950e+01,3.14173e+00,1.07543e+00,6.95803e-01,8.95695e+00,3.49331e+00,2.81037e-01,1.50631e+00,6.83924e+00
1.05339e+00,3.40689e+01,1.44910e-01,3.45460e+01,3.28322e-01,7.31861e-01,2.55292e+00,1.24786e+01,2.53246e+00,2.25012e+01,4.77047e-01,5.59225e+01,3.15308e+00,1.07328e+00,6.96736e-01,8.98957e+00,3.49781e+00,2.80595e-01,1.50727e+00,6.83638e+00
1.05125e+00,3.40824e+01,1.44647e-01,3.45468e+01,3.24462e-01,7.29134e-01,2.53237e+00,1.27093e+01,2.52880e+00,2.26766e+01,4.71253e-01,5.60464e+01,3.16554e+00,1.07111e+00,6.97516e-01,9.09875e+00,3.50224e+00,2.80163e-01,1.50842e+00,6.82913e+00
1.04853e+00,3.40884e+01,1.44384e-01,3.45424e+01,3.20896e-01,7.26565e-01,2.51035e+00,1.29747e+01,2.52518e+00,2.28245e+01,4.65687e-01,5.61656e+01,3.17859e+00,1.06893e+00,6.97795e-01,9.31383e+00,3.50671e+00,2.79735e-01,1.50947e+00,6.81800e+00
1.04546e+00,3.40861e+01,1.44113e-01,3.45423e+01,3.17683e-01,7.24269e-01,2.48709e+00,1.32837e+01,2.52160e+00,2.29407e+01,4.60307e-01,5.62812e+01,3.19169e+00,1.06677e+00,6.97432e-01,9.54191e+00,3.51108e+00,2.79321e-01,1.51007e+00,6.80318e+00
1.04223e+00,3.40749e+01,1.43852e-01,3.45534e+01,3.14794e-01,7.22123e-01,2.46296e+00,1.36414e+01,2.51801e+00,2.30233e+01,4.55049e-01,5.63953e+01,3.20417e+00,1.06463e+00,6.96606e-01,9.66237e+00,3.51506e+00,2.78920e-01,1.51012e+00,6.78543e+00
1.03893e+00,3.40541e+01,1.43598e-01,3.45803e+01,3.12207e-01,7.20179e-01,2.43816e+00,1.40491e+01,2.51443e+00,2.30711e+01,4.49888e-01,5.65089e+01,3.21555e+00,1.06254e+00,6.95449e-01,9.66308e+00,3.51814e+00,2.78534e-01,1.50931e+00,6.76505e+00
1.03573e+00,3.40231e+01,1.43359e-01,3.46267e+01,3.09901e-01,7.18482e-01,2.41288e+00,1.45014e+01,2.51082e+00,2.30835e+01,4.44814e-01,5.66228e+01,3.22536e+00,1.06045e+00,6.94119e-01,9.60416e+00,3.51996e+00,2.78160e-01,1.50755e+00,6.74217e+00
1.03273e+00,3.39822e+01,1.43136e-01,3.46930e+01,3.07829e-01,7.17052e-01,2.38733e+00,1.49864e+01,2.50724e+00,2.30615e+01,4.39827e-01,5.67391e+01,3.23313e+00,1.05839e+00,6.92886e-01,9.54282e+00,3.51999e+00,2.77795e-01,1.50463e+00,6.71709e+00
1.02996e+00,3.39316e+01,1.42921e-01,3.47786e+01,3.05980e-01,7.16162e-01,2.36172e+00,1.54886e+01,2.50363e+00,2.30076e+01,4.34933e-01,5.68602e+01,3.23862e+00,1.05632e+00,6.92023e-01,9.51173e+00,3.51788e+00,2.77435e-01,1.50074e+00,6.69046e+00
1.02749e+00,3.38712e+01,1.42699e-01,3.48815e+01,3.04333e-01,7.16499e-01,2.33625e+00,1.59877e+01,2.49996e+00,2.29236e+01,4.30143e-01,5.69877e+01,3.24170e+00,1.05426e+00,6.91766e-01,9.52110e+00,3.51339e+00,2.77069e-01,1.49592e+00,6.66191e+00
1.02533e+00,3.38017e+01,1.42471e-01,3.49993e+01,3.02863e-01,7.19831e-01,2.31112e+00,1.64661e+01,2.49625e+00,2.28134e+01,4.25463e-01,5.71230e+01,3.24240e+00,1.05220e+00,6.92387e-01,9.56200e+00,3.50649e+00,2.76679e-01,1.49025e+00,6.63206e+00
1.02347e+00,3.37233e+01,1.42234e-01,3.51304e+01,3.01562e-01,7.28930e-01,2.28649e+00,1.69073e+01,2.49251e+00,2.26798e+01,4.20911e-01,5.72664e+01,3.24076e+00,1.05013e+00,6.94098e-01,9.61528e+00,3.49723e+00,2.76260e-01,1.48407e+00,6.60096e+00
1.02189e+00,3.36369e+01,1.41991e-01,3.52735e+01,3.00402e-01,7.45564e-01,2.26266e+00,1.72991e+01,2.48873e+00,2.25257e+01,4.16498e-01,5.74192e+01,3.23700e+00,1.04806e+00,6.97122e-01,9.66265e+00,3.48566e+00,2.75806e-01,1.47747e+00,6.56853e+00
1.02051e+00,3.35426e+01,1.41752e-01,3.54289e+01,2.99387e-01,7.67517e-01,2.23992e+00,1.76334e+01,2.48493e+00,2.23543e+01,4.12235e-01,5.75813e+01,3.23133e+00,1.04599e+00,7.01666e-01,9.69446e+00,3.47202e+00,2.75318e-01,1.47062e+00,6.53525e+00
1.01927e+00,3.34417e+01,1.41514e-01,3.55976e+01,2.98465e-01,7.88897e-01,2.21850e+00,1.79074e+01,2.48109e+00,2.21696e+01,4.08134e-01,5.77503e+01,3.22406e+00,1.04391e+00,7.07748e-01,9.70992e+00,3.45666e+00,2.74815e-01,1.46386e+00,6.50133e+00
1.01809e+00,3.33350e+01,1.41283e-01,3.57829e+01,2.97665e-01,8.04168e-01,2.19869e+00,1.81202e+01,2.47723e+00,2.19741e+01,4.04231e-01,5.79259e+01,3.21555e+00,1.04185e+00,7.15339e-01,9.71296e+00,3.43977e+00,2.74292e-01,1.45715e+00,6.46683e+00
1.01688e+00,3.32231e+01,1.41049e-01,3.59888e+01,2.96921e-01,8.11046e-01,2.18077e+00,1.82739e+01,2.47335e+00,2.17698e+01,4.00524e-01,5.81069e+01,3.20603e+00,1.03982e+00,7.24297e-01,9.70879e+00,3.42178e+00,2.73739e-01,1.45070e+00,6.43184e+00
1.01558e+00,3.31070e+01,1.40832e-01,3.62195e+01,2.96206e-01,8.10295e-01,2.16498e+00,1.83725e+01,2.46943e+00,2.15601e+01,3.97062e-01,5.82882e+01,3.19568e+00,1.03780e+00,7.34238e-01,9.70102e+00,3.40292e+00,2.73188e-01,1.44465e+00,6.39670e+00
1.01411e+00,3.29880e+01,1.40613e-01,3.64770e+01,2.95551e-01,8.04142e-01,2.15158e+00,1.84204e+01,2.46548e+00,2.13470e+01,3.93844e-01,5.84671e+01,3.18477e+00,1.03582e+00,7.44752e-01,9.69242e+00,3.38353e+00,2.72638e-01,1.43897e+00,6.36165e+00
1.01242e+00,3.28670e+01,1.40383e-01,3.67604e+01,2.94933e-01,7.94845e-01,2.14077e+00,1.84228e+01,2.46149e+00,2.11317e+01,3.90921e-01,5.86401e+01,3.17346e+00,1.03387e+00,7.55270e-01,9.68370e+00,3.36396e+00,2.72086e-01,1.43379e+00,6.32686e+00
1.01046e+00,3.27452e+01,1.40154e-01,3.70655e+01,2.94344e-01,7.84180e-01,2.13278e+00,1.83847e+01,2.45748e+00,2.09165e+01,3.88311e-01,5.88039e+01,3.16194e+00,1.03194e+00,7.65204e-01,9.67623e+00,3.34455e+00,2.71544e-01,1.42909e+00,6.29253e+00
1.00824e+00,3.26238e+01,1.39924e-01,3.73852e+01,2.93788e-01,7.73301e-01,2.12789e+00,1.83115e+01,2.45349e+00,2.07024e+01,3.86041e-01,5.89545e+01,3.15027e+00,1.03004e+00,7.74006e-01,9.67175e+00,3.32555e+00,2.70994e-01,1.42485e+00,6.25885e+00
1.00570e+00,3.25040e+01,1.39689e-01,3.77069e+01,2.93223e-01,7.62864e-01,2.12662e+00,1.82084e+01,2.44950e+00,2.04908e+01,3.84098e-01,5.90877e+01,3.13847e+00,1.02816e+00,7.81318e-01,9.67368e+00,3.30714e+00,2.70434e-01,1.42111e+00,6.22601e+00
1.00292e+00,3.23912e+01,1.39453e-01,3.80173e+01,2.94311e-01,7.56921e-01,2.13074e+00,1.80815e+01,2.44546e+00,2.02954e+01,3.82837e-01,5.92104e+01,3.12665e+00,1.02629e+00,7.96738e-01,9.68773e+00,3.28949e+00,2.69885e-01,1.41782e+00,6.19406e+00
9.99897e-01,3.23054e+01,1.40976e-01,3.83048e+01,2.99105e-01,7.53717e-01,2.14448e+00,1.79400e+01,2.44326e+00,2.01192e+01,4.08203e-01,5.93400e+01,3.11475e+00,1.02513e+00,8.16880e-01,9.72168e+00,3.27393e+00,2.71494e-01,1.46643e+00,6.16304e+00
9.97342e-01,3.24835e+01,1.44872e-01,3.85612e+01,3.09091e-01,1.02616e+00,2.18628e+00,1.78011e+01,2.44170e+00,1.99907e+01,5.02657e-01,5.94561e+01,3.10287e+00,1.02383e+00,9.07428e-01,9.78321e+00,3.26051e+00,2.72501e-01,1.61250e+00,6.13313e+00
9.94473e-01,3.26573e+01,1.49407e-01,3.87801e+01,3.24022e-01,1.84352e+00,2.46622e+00,1.76771e+01,2.44031e+00,1.99281e+01,6.73085e-01,5.95743e+01,3.09169e+00,1.02247e+00,1.14557e+00,9.87584e+00,3.24773e+00,2.73212e-01,1.83163e+00,6.10461e+00
9.91335e-01,3.25386e+01,1.54249e-01,3.89485e+01,3.44240e-01,3.28343e+00,3.07188e+00,1.75491e+01,2.43935e+00,1.99482e+01,8.06979e-01,5.96826e+01,3.08013e+00,1.02136e+00,1.49882e+00,9.99501e+00,3.23568e+00,2.74587e-01,2.03067e+00,6.07718e+00
9.88036e-01,3.24371e+01,1.58130e-01,3.90503e+01,3.63782e-01,4.51947e+00,3.68684e+00,1.73920e+01,2.43855e+00,2.00456e+01,8.79796e-01,5.97771e+01,3.06863e+00,1.02044e+00,1.76023e+00,1.01286e+01,3.22444e+00,2.76588e-01,2.23067e+00,6.05070e+00
9.84766e-01,3.24478e+01,1.61005e-01,3.90881e+01,3.79055e-01,5.86133e+00,4.20781e+00,1.72112e+01,2.43754e+00,2.01868e+01,9.04895e-01,5.98663e+01,3.05822e+00,1.01975e+00,1.88316e+00,1.02593e+01,3.21401e+00,2.78798e-01,2.53774e+00,6.02558e+00
9.81654e-01,3.25530e+01,1.63291e-01,3.90756e+01,3.91924e-01,1.03329e+01,4.84703e+00,1.70134e+01,2.43643e+00,2.03336e+01,8.89588e-01,5.99629e+01,3.04720e+00,1.01929e+00,1.95278e+00,1.03737e+01,3.20431e+00,2.81019e-01,2.99306e+00,6.00158e+00
9.78781e-01,3.27454e+01,1.65855e-01,3.90182e+01,4.02758e-01,1.80605e+01,5.80159e+00,1.68039e+01,2.43550e+00,2.04766e+01,8.51080e-01,6.00742e+01,3.03627e+00,1.01898e+00,1.94813e+00,1.04634e+01,3.19498e+00,2.83106e-01,3.45585e+00,5.97850e+00
9.76140e-01,3.30219e+01,1.67770e-01,3.89255e+01,4.10649e-01,2.12648e+01,6.80321e+00,1.65872e+01,2.43488e+00,2.06419e+01,8.03684e-01,6.02003e+01,3.02552e+00,1.01882e+00,1.87203e+00,1.05251e+01,3.18603e+00,2.85100e-01,3.72667e+00,5.95660e+00
9.73745e-01,3.33846e+01,1.69035e-01,3.88077e+01,4.14730e-01,1.95655e+01,7.47008e+00,1.63650e+01,2.43467e+00,2.08746e+01,7.54749e-01,6.03306e+01,3.01473e+00,1.01888e+00,1.76598e+00,1.05603e+01,3.17749e+00,2.87048e-01,3.74999e+00,5.93581e+00
9.71564e-01,3.38317e+01,1.69479e-01,3.86742e+01,4.15458e-01,1.62209e+01,7.75483e+00,1.61410e+01,2.43478e+00,2.12189e+01,7.09133e-01,6.04530e+01,3.00413e+00,1.01918e+00,1.66591e+00,1.05740e+01,3.16951e+00,2.88825e-01,3.59916e+00,5.91571e+00
9.69569e-01,3.43601e+01,1.69127e-01,3.85362e+01,4.14248e-01,1.29758e+01,7.70290e+00,1.59173e+01,2.43522e+00,2.17063e+01,6.69983e-01,6.05579e+01,2.99392e+00,1.01965e+00,1.58641e+00,1.05708e+01,3.16230e+00,2.90255e-01,3.37119e+00,5.89619e+00
9.67771e-01,3.49786e+01,1.68225e-01,3.84175e+01,4.12385e-01,1.03410e+01,7.41432e+00,1.56974e+01,2.43596e+00,2.23431e+01,6.38081e-01,6.06392e+01,2.98409e+00,1.02014e+00,1.52792e+00,1.05549e+01,3.15586e+00,2.91253e-01,3.13355e+00,5.87717e+00
9.66156e-01,3.57071e+01,1.66979e-01,3.83530e+01,4.10432e-01,8.34784e+00,7.09359e+00,1.54872e+01,2.43698e+00,2.31044e+01,6.12459e-01,6.06965e+01,2.97472e+00,1.02063e+00,1.48678e+00,1.05295e+01,3.15017e+00,2.91703e-01,2.92090e+00,5.85858e+00
9.64755e-01,3.65452e+01,1.65590e-01,3.83868e+01,4.08590e-01,6.90254e+00,7.05908e+00,1.52904e+01,2.43818e+00,2.39405e+01,5.91601e-01,6.07355e+01,2.96574e+00,1.02107e+00,1.46154e+00,1.04965e+01,3.14501e+00,2.91555e-01,2.74550e+00,5.84045e+00
9.63631e-01,3.74482e+01,1.64326e-01,3.85528e+01,4.06561e-01,5.91606e+00,8.07290e+00,1.51102e+01,2.43940e+00,2.48001e+01,5.74496e-01,6.07634e+01,2.95715e+00,1.02146e+00,1.45443e+00,1.04580e+01,3.14022e+00,2.90897e-01,2.60745e+00,5.82262e+00
9.62730e-01,3.83304e+01,1.63360e-01,3.88580e+01,4.04050e-01,5.33782e+00,1.22942e+01,1.49491e+01,2.44048e+00,2.56612e+01,5.61086e-01,6.07844e+01,2.94898e+00,1.02185e+00,1.46995e+00,1.04154e+01,3.13565e+00,2.89816e-01,2.50198e+00,5.80511e+00
9.62005e-01,3.91070e+01,1.62748e-01,3.92814e+01,4.00754e-01,5.13929e+00,2.11865e+01,1.48059e+01,2.44125e+00,2.65335e+01,5.52505e-01,6.08056e+01,2.94125e+00,1.02230e+00,1.51244e+00,1.03690e+01,3.13129e+00,2.88469e-01,2.42365e+00,5.78790e+00
9.61447e-01,3.97276e+01,1.62482e-01,3.97741e+01,3.96633e-01,5.25717e+00,2.99213e+01,1.46779e+01,2.44157e+00,2.74178e+01,5.51272e-01,6.08311e+01,2.93388e+00,1.02283e+00,1.58295e+00,1.03207e+01,3.12713e+00,2.87039e-01,2.36822e+00,5.77103e+00
9.60936e-01,4.01888e+01,1.62425e-01,4.02602e+01,3.91751e-01,5.54992e+00,3.46117e+01,1.45611e+01,2.44136e+00,2.82669e+01,5.61582e-01,6.08666e+01,2.92683e+00,1.02342e+00,1.67684e+00,1.02705e+01,3.12321e+00,2.85663e-01,2.33166e+00,5.75449e+00
9.60430e-01,4.05212e+01,1.62362e-01,4.06483e+01,3.86219e-01,5.83838e+00,3.59068e+01,1.44498e+01,2.44062e+00,2.90011e+01,5.88627e-01,6.09198e+01,2.92012e+00,1.02399e+00,1.78341e+00,1.02198e+01,3.11956e+00,2.84514e-01,2.30838e+00,5.73814e+00
9.59908e-01,4.07686e+01,1.62173e-01,4.08589e+01,3.80220e-01,5.99421e+00,3.52540e+01,1.43402e+01,2.43930e+00,2.95606e+01,6.36384e-01,6.10001e+01,2.91364e+00,1.02453e+00,1.88900e+00,1.01690e+01,3.11615e+00,2.83710e-01,2.29148e+00,5.72215e+00
9.59324e-01,4.09674e+01,1.61717e-01,4.08702e+01,3.73969e-01,5.97712e+00,3.36026e+01,1.42303e+01,2.43759e+00,2.99447e+01,7.04178e-01,6.11178e+01,2.90740e+00,1.02503e+00,1.98207e+00,1.01187e+01,3.11287e+00,2.83343e-01,2.27337e+00,5.70643e+00
9.58599e-01,4.11434e+01,1.60964e-01,4.07628e+01,3.67522e-01,5.80939e+00,3.14869e+01,1.41205e+01,2.43546e+00,3.01975e+01,7.84420e-01,6.12792e+01,2.90144e+00,1.02544e+00,2.05800e+00,1.00692e+01,3.10974e+00,2.83460e-01,2.24828e+00,5.69103e+00
9.57754e-01,4.13107e+01,1.59869e-01,4.08651e+01,3.61060e-01,5.53649e+00,2.92134e+01,1.40114e+01,2.43309e+00,3.03632e+01,8.64766e-01,6.14889e+01,2.89569e+00,1.02574e+00,2.12218e+00,1.00211e+01,3.10672e+00,2.84136e-01,2.21345e+00,5.67598e+00
9.56752e-01,4.14717e+01,1.58477e-01,4.20543e+01,3.54756e-01,5.20314e+00,2.69607e+01,1.39055e+01,2.43048e+00,3.04510e+01,9.33550e-01,6.17480e+01,2.89011e+00,1.02592e+00,2.19071e+00,9.97441e+00,3.10374e+00,2.85267e-01,2.16908e+00,5.66132e+00
9.55597e-01,4.16245e+01,1.56884e-01,4.56243e+01,3.48619e-01,4.84435e+00,2.48293e+01,1.38059e+01,2.42777e+00,3.04314e+01,9.84478e-01,6.20532e+01,2.88468e+00,1.02591e+00,2.28936e+00,9.92952e+00,3.10073e+00,2.86816e-01,2.11745e+00,5.64704e+00
