2.96430e+05,3.15945e+05,2.78924e+05,3.20227e+05,2.73098e+05,3.13062e+05,3.22476e+05,3.22481e+05,3.02025e+05,2.96664e+05,3.12191e+05,2.90617e+05,3.03810e+05,3.05388e+05,3.26294e+05,3.18438e+05,3.02269e+05,3.06265e+05,3.02739e+05,3.08554e+05
1.00000e-02,1.00000e-02,1.00000e-02,1.00000e-02,1.00000e-02,1.00000e-02,1.00000e-02,1.00000e-02,1.00000e-02,1.00000e-02,1.00000e-02,1.00000e-02,1.00000e-02,1.00000e-02,1.00000e-02,1.00000e-02,1.00000e-02,1.00000e-02,1.00000e-02,1.00000e-02
1.67941e-02,1.23627e-02,2.69490e-02,1.64498e-02,2.57088e-02,1.64428e-02,1.72080e-02,2.63908e-02,1.47127e-02,1.22841e-02,1.69377e-02,1.09981e-02,1.72262e-02,1.71587e-02,1.33004e-02,1.57540e-02,1.76177e-02,1.25068e-02,3.24072e-02,1.47495e-02
2.68425e-02,1.35828e-02,4.71623e-02,2.88751e-02,4.23690e-02,2.47423e-02,3.07614e-02,4.02064e-02,2.22897e-02,1.53537e-02,2.85819e-02,1.20175e-02,2.38031e-02,2.43268e-02,1.49567e-02,2.43128e-02,2.57944e-02,1.44404e-02,7.08737e-02,2.02718e-02
3.33910e-02,1.43095e-02,6.86131e-02,4.09944e-02,6.33813e-02,3.45250e-02,4.57306e-02,4.78956e-02,3.27881e-02,2.11193e-02,3.99142e-02,1.30743e-02,2.84180e-02,3.43822e-02,1.59694e-02,3.73680e-02,3.26107e-02,1.87997e-02,9.89491e-02,2.65846e-02
3.68010e-02,1.51084e-02,8.87450e-02,4.84113e-02,8.78377e-02,4.47237e-02,5.75836e-02,5.02396e-02,4.37717e-02,3.24615e-02,4.81792e-02,1.42056e-02,3.31280e-02,4.69215e-02,1.71753e-02,5.20860e-02,3.84326e-02,2.57940e-02,1.19728e-01,3.31018e-02
3.98057e-02,1.65396e-02,1.08015e-01,5.23299e-02,1.12477e-01,5.50096e-02,6.53920e-02,5.09390e-02,5.41910e-02,5.63952e-02,5.36291e-02,1.54561e-02,4.00921e-02,5.95233e-02,1.89447e-02,6.76485e-02,4.44963e-02,3.36597e-02,1.39715e-01,4.03255e-02
4.45066e-02,1.92730e-02,1.27733e-01,5.49782e-02,1.36150e-01,6.64822e-02,7.07143e-02,5.22956e-02,6.37913e-02,1.06433e-01,5.73146e-02,1.68788e-02,4.87469e-02,7.07154e-02,2.14683e-02,8.43345e-02,5.02487e-02,4.09412e-02,1.61054e-01,4.93091e-02
5.23075e-02,2.40773e-02,1.47660e-01,5.79153e-02,1.58840e-01,8.09809e-02,7.54061e-02,5.50221e-02,7.26370e-02,1.88730e-01,5.99023e-02,1.85358e-02,5.63107e-02,8.07502e-02,2.46891e-02,1.01749e-01,5.44612e-02,4.71450e-02,1.83505e-01,6.05510e-02
6.42437e-02,3.16290e-02,1.65485e-01,6.19699e-02,1.80984e-01,9.98468e-02,8.08208e-02,5.86175e-02,8.09666e-02,2.87376e-01,6.15730e-02,2.04983e-02,6.07042e-02,9.10719e-02,2.82955e-02,1.19151e-01,5.67421e-02,5.25695e-02,2.07090e-01,7.40058e-02
8.09231e-02,4.25110e-02,1.78274e-01,6.74050e-02,2.03644e-01,1.23228e-01,8.76003e-02,6.23138e-02,8.92696e-02,3.75823e-01,6.25994e-02,2.28474e-02,6.17120e-02,1.03191e-01,3.19625e-02,1.35886e-01,5.76999e-02,5.78806e-02,2.32234e-01,8.89384e-02
1.02968e-01,5.67043e-02,1.84378e-01,7.39957e-02,2.27851e-01,1.50123e-01,9.54432e-02,6.54083e-02,9.80167e-02,4.37954e-01,6.34297e-02,2.56737e-02,6.03055e-02,1.17974e-01,3.54023e-02,1.50985e-01,5.82568e-02,6.40409e-02,2.59014e-01,1.04315e-01
1.30652e-01,7.33333e-02,1.84055e-01,8.12332e-02,2.53691e-01,1.78470e-01,1.03243e-01,6.77434e-02,1.07768e-01,4.72739e-01,6.45146e-02,2.91035e-02,5.78728e-02,1.35674e-01,3.85739e-02,1.63971e-01,5.91650e-02,7.21268e-02,2.86842e-01,1.18929e-01
1.63637e-01,9.10123e-02,1.78643e-01,8.88000e-02,2.80380e-01,2.05699e-01,1.10264e-01,6.93276e-02,1.19174e-01,4.87565e-01,6.61503e-02,3.33086e-02,5.54137e-02,1.55666e-01,4.15986e-02,1.74708e-01,6.08852e-02,8.26328e-02,3.15044e-01,1.32144e-01
2.01563e-01,1.08194e-01,1.70025e-01,9.65890e-02,3.06247e-01,2.29119e-01,1.16276e-01,7.04222e-02,1.32947e-01,4.91406e-01,6.83812e-02,3.84742e-02,5.36940e-02,1.76599e-01,4.46765e-02,1.83582e-01,6.37272e-02,9.49003e-02,3.42819e-01,1.43712e-01
2.44454e-01,1.23660e-01,1.59949e-01,1.04767e-01,3.29123e-01,2.46783e-01,1.21733e-01,7.12454e-02,1.49881e-01,4.91486e-01,7.10250e-02,4.48022e-02,5.34005e-02,1.97122e-01,4.79977e-02,1.91563e-01,6.79041e-02,1.07267e-01,3.69937e-01,1.53827e-01
2.92901e-01,1.36755e-01,1.49593e-01,1.13710e-01,3.47068e-01,2.57784e-01,1.27345e-01,7.19785e-02,1.70730e-01,4.92382e-01,7.37805e-02,5.24886e-02,5.51659e-02,2.16261e-01,5.17048e-02,1.99952e-01,7.35045e-02,1.17731e-01,3.96243e-01,1.62802e-01
3.47159e-01,1.47219e-01,1.39815e-01,1.23734e-01,3.59305e-01,2.62372e-01,1.33621e-01,7.27818e-02,1.95948e-01,4.96334e-01,7.63398e-02,6.17242e-02,6.00027e-02,2.33689e-01,5.58601e-02,2.09893e-01,8.03625e-02,1.25018e-01,4.21740e-01,1.71494e-01
4.05967e-01,1.55167e-01,1.30972e-01,1.35169e-01,3.66003e-01,2.61433e-01,1.40558e-01,7.37132e-02,2.25504e-01,5.03839e-01,7.84626e-02,7.26961e-02,6.92941e-02,2.49555e-01,6.04234e-02,2.22298e-01,8.80834e-02,1.28743e-01,4.46334e-01,1.80671e-01
4.65889e-01,1.60918e-01,1.23328e-01,1.48207e-01,3.68001e-01,2.56255e-01,1.47689e-01,7.48086e-02,2.58406e-01,5.14367e-01,8.00954e-02,8.55961e-02,8.45789e-02,2.64077e-01,6.52981e-02,2.37728e-01,9.61155e-02,1.29267e-01,4.69959e-01,1.90772e-01
5.21889e-01,1.64924e-01,1.16843e-01,1.62994e-01,3.66279e-01,2.48209e-01,1.54338e-01,7.61435e-02,2.93016e-01,5.26826e-01,8.12669e-02,1.00631e-01,1.06762e-01,2.77425e-01,7.03909e-02,2.56367e-01,1.03896e-01,1.27395e-01,4.92495e-01,2.01995e-01
5.69436e-01,1.67691e-01,1.11484e-01,1.79645e-01,3.61650e-01,2.38508e-01,1.59878e-01,7.77121e-02,3.27170e-01,5.39970e-01,8.20420e-02,1.18032e-01,1.35330e-01,2.89504e-01,7.55482e-02,2.78197e-01,1.11072e-01,1.23997e-01,5.13782e-01,2.14320e-01
6.05846e-01,1.69699e-01,1.07078e-01,1.98126e-01,3.54745e-01,2.28193e-01,1.64117e-01,7.95009e-02,3.58852e-01,5.52678e-01,8.25770e-02,1.38066e-01,1.67862e-01,3.00276e-01,8.06816e-02,3.02910e-01,1.17575e-01,1.19865e-01,5.33993e-01,2.27323e-01
6.30908e-01,1.71381e-01,1.03425e-01,2.18405e-01,3.46020e-01,2.17967e-01,1.67123e-01,8.16393e-02,3.86470e-01,5.64145e-01,8.29655e-02,1.61040e-01,2.01154e-01,3.09578e-01,8.57847e-02,3.29951e-01,1.23480e-01,1.15625e-01,5.53379e-01,2.40721e-01
6.46413e-01,1.73007e-01,1.00311e-01,2.40425e-01,3.35858e-01,2.08379e-01,1.69160e-01,8.42352e-02,4.09105e-01,5.73924e-01,8.32981e-02,1.87271e-01,2.32330e-01,3.17442e-01,9.09221e-02,3.58357e-01,1.29175e-01,1.11795e-01,5.72427e-01,2.54262e-01
6.55029e-01,1.74816e-01,9.76105e-02,2.63978e-01,3.24634e-01,1.99795e-01,1.70529e-01,8.74273e-02,4.26586e-01,5.81881e-01,8.36721e-02,2.17065e-01,2.59669e-01,3.24165e-01,9.62236e-02,3.86907e-01,1.35120e-01,1.08774e-01,5.91091e-01,2.67679e-01
6.59194e-01,1.76897e-01,9.51173e-02,2.88932e-01,3.12743e-01,1.92385e-01,1.71656e-01,9.13258e-02,4.39240e-01,5.88268e-01,8.41249e-02,2.50650e-01,2.82717e-01,3.30187e-01,1.01915e-01,4.14299e-01,1.41868e-01,1.06911e-01,6.09123e-01,2.80975e-01
6.60927e-01,1.79195e-01,9.27778e-02,3.15030e-01,3.00569e-01,1.86243e-01,1.72875e-01,9.61077e-02,4.47809e-01,5.93484e-01,8.47017e-02,2.88058e-01,3.02026e-01,3.36062e-01,1.08289e-01,4.39598e-01,1.49924e-01,1.06522e-01,6.26169e-01,2.94336e-01
6.61466e-01,1.81703e-01,9.05468e-02,3.42142e-01,2.88489e-01,1.81496e-01,1.74461e-01,1.01879e-01,4.53274e-01,5.98146e-01,8.54266e-02,3.29126e-01,3.18446e-01,3.42380e-01,1.15691e-01,4.62235e-01,1.59664e-01,1.07827e-01,6.41560e-01,3.08135e-01
6.61515e-01,1.84372e-01,8.83689e-02,3.70052e-01,2.76735e-01,1.78110e-01,1.76621e-01,1.08553e-01,4.56654e-01,6.02949e-01,8.62858e-02,3.73466e-01,3.33039e-01,3.49458e-01,1.24448e-01,4.82198e-01,1.71326e-01,1.11103e-01,6.55154e-01,3.22889e-01
6.61148e-01,1.87192e-01,8.63015e-02,3.98591e-01,2.65510e-01,1.76134e-01,1.79465e-01,1.16231e-01,4.58901e-01,6.08583e-01,8.73121e-02,4.20486e-01,3.46776e-01,3.57596e-01,1.34954e-01,4.99943e-01,1.84814e-01,1.16454e-01,6.67015e-01,3.39369e-01
6.60231e-01,1.90197e-01,8.43312e-02,4.27626e-01,2.54971e-01,1.75603e-01,1.83057e-01,1.24751e-01,4.60936e-01,6.15756e-01,8.84785e-02,4.69422e-01,3.60487e-01,3.66722e-01,1.47466e-01,5.16283e-01,1.99765e-01,1.23766e-01,6.77430e-01,3.58421e-01
6.58602e-01,1.93440e-01,8.24422e-02,4.56981e-01,2.45174e-01,1.76526e-01,1.87463e-01,1.33954e-01,4.63530e-01,6.25125e-01,8.97715e-02,5.19415e-01,3.74707e-01,3.76706e-01,1.62112e-01,5.32328e-01,2.15598e-01,1.32755e-01,6.87280e-01,3.81035e-01
6.56066e-01,1.97083e-01,8.06740e-02,4.86609e-01,2.36190e-01,1.79059e-01,1.92652e-01,1.43748e-01,4.67307e-01,6.37287e-01,9.12216e-02,5.69649e-01,3.89796e-01,3.87253e-01,1.78909e-01,5.49337e-01,2.31598e-01,1.42943e-01,6.97333e-01,4.08199e-01
6.52619e-01,2.01343e-01,7.90366e-02,5.16371e-01,2.28130e-01,1.83293e-01,1.98523e-01,1.53963e-01,4.72630e-01,6.52749e-01,9.28762e-02,6.19391e-01,4.05851e-01,3.98020e-01,1.97715e-01,5.68619e-01,2.47051e-01,1.53643e-01,7.08701e-01,4.40819e-01
6.48574e-01,2.06486e-01,7.75087e-02,5.46367e-01,2.20892e-01,1.89440e-01,2.04956e-01,1.64517e-01,4.79720e-01,6.71913e-01,9.46975e-02,6.68070e-01,4.22962e-01,4.08652e-01,2.18257e-01,5.91477e-01,2.61491e-01,1.64113e-01,7.22209e-01,4.79347e-01
6.44007e-01,2.12711e-01,7.61302e-02,5.76622e-01,2.14494e-01,1.97690e-01,2.11691e-01,1.75223e-01,4.88433e-01,6.95010e-01,9.67533e-02,7.15290e-01,4.41082e-01,4.18958e-01,2.40346e-01,6.18969e-01,2.74579e-01,1.73641e-01,7.38729e-01,5.23625e-01
6.39452e-01,2.20328e-01,7.49202e-02,6.07299e-01,2.08840e-01,2.08176e-01,2.18616e-01,1.86058e-01,4.98605e-01,7.22247e-01,9.91125e-02,7.60850e-01,4.60142e-01,4.29031e-01,2.63804e-01,6.51437e-01,2.86149e-01,1.81755e-01,7.58613e-01,5.73057e-01
6.35421e-01,2.29469e-01,7.38436e-02,6.38432e-01,2.03964e-01,2.21007e-01,2.25657e-01,1.96921e-01,5.09954e-01,7.53547e-01,1.01859e-01,8.04748e-01,4.80119e-01,4.39211e-01,2.88550e-01,6.88667e-01,2.96173e-01,1.88073e-01,7.82155e-01,6.26460e-01
6.32331e-01,2.40271e-01,7.28959e-02,6.70127e-01,1.99711e-01,2.36188e-01,2.32746e-01,2.07840e-01,5.22198e-01,7.88865e-01,1.05152e-01,8.47096e-01,5.00970e-01,4.50331e-01,3.14557e-01,7.29510e-01,3.04768e-01,1.92430e-01,8.09255e-01,6.82304e-01
6.30772e-01,2.52670e-01,7.21027e-02,7.02439e-01,1.96079e-01,2.53450e-01,2.40039e-01,2.18785e-01,5.35305e-01,8.27856e-01,1.09116e-01,8.88134e-01,5.23007e-01,4.63554e-01,3.41769e-01,7.72088e-01,3.12055e-01,1.94883e-01,8.39659e-01,7.38971e-01
6.31075e-01,2.66515e-01,7.14020e-02,7.35384e-01,1.93043e-01,2.72308e-01,2.47765e-01,2.29704e-01,5.49377e-01,8.70272e-01,1.13893e-01,9.28219e-01,5.46548e-01,4.80420e-01,3.70053e-01,8.14203e-01,3.18138e-01,1.95636e-01,8.72662e-01,7.94873e-01
6.33433e-01,2.81452e-01,7.08006e-02,7.68844e-01,1.90540e-01,2.92150e-01,2.56198e-01,2.40654e-01,5.64815e-01,9.15559e-01,1.19574e-01,9.67744e-01,5.72217e-01,5.02610e-01,3.99041e-01,8.53797e-01,3.23252e-01,1.94935e-01,9.07506e-01,8.48808e-01
6.38049e-01,2.97076e-01,7.03160e-02,8.02784e-01,1.88460e-01,3.12355e-01,2.65669e-01,2.51650e-01,5.82066e-01,9.63361e-01,1.26195e-01,1.00708e+00,6.00909e-01,5.31464e-01,4.28286e-01,8.89218e-01,3.27502e-01,1.93070e-01,9.43613e-01,8.99553e-01
6.44713e-01,3.12877e-01,6.99596e-02,8.36994e-01,1.86808e-01,3.32312e-01,2.76531e-01,2.62657e-01,6.01655e-01,1.01304e+00,1.33695e-01,1.04663e+00,6.33697e-01,5.67313e-01,4.57233e-01,9.19474e-01,3.31072e-01,1.90333e-01,9.80259e-01,9.46144e-01
6.53048e-01,3.28417e-01,6.96495e-02,8.71272e-01,1.85539e-01,3.51600e-01,2.89108e-01,2.73740e-01,6.23950e-01,1.06415e+00,1.41884e-01,1.08674e+00,6.71710e-01,6.09151e-01,4.85237e-01,9.44293e-01,3.34035e-01,1.86918e-01,1.01676e+00,9.87993e-01
6.62436e-01,3.43282e-01,6.94158e-02,9.05300e-01,1.84518e-01,3.69993e-01,3.03627e-01,2.84860e-01,6.49314e-01,1.11610e+00,1.50483e-01,1.12777e+00,7.15960e-01,6.54210e-01,5.11995e-01,9.63790e-01,3.36526e-01,1.83117e-01,1.05259e+00,1.02468e+00
6.72207e-01,3.57150e-01,6.92765e-02,9.38825e-01,1.83802e-01,3.87529e-01,3.20225e-01,2.96056e-01,6.77563e-01,1.16850e+00,1.59058e-01,1.17000e+00,7.67013e-01,6.98837e-01,5.37094e-01,9.78633e-01,3.38678e-01,1.79073e-01,1.08747e+00,1.05598e+00
6.81655e-01,3.69828e-01,6.91872e-02,9.71509e-01,1.83336e-01,4.04271e-01,3.38928e-01,3.07367e-01,7.08380e-01,1.22087e+00,1.67283e-01,1.21366e+00,8.24691e-01,7.39437e-01,5.60372e-01,9.89458e-01,3.40467e-01,1.74937e-01,1.12111e+00,1.08187e+00
6.89997e-01,3.81215e-01,6.91206e-02,1.00308e+00,1.83086e-01,4.20441e-01,3.59587e-01,3.18951e-01,7.41182e-01,1.27285e+00,1.74839e-01,1.25893e+00,8.87895e-01,7.73143e-01,5.81836e-01,9.96998e-01,3.42070e-01,1.70812e-01,1.15326e+00,1.10244e+00
6.96742e-01,3.91348e-01,6.90822e-02,1.03322e+00,1.83021e-01,4.36211e-01,3.81930e-01,3.30860e-01,7.75150e-01,1.32413e+00,1.81481e-01,1.30594e+00,9.54702e-01,7.98446e-01,6.01297e-01,1.00204e+00,3.43501e-01,1.66778e-01,1.18408e+00,1.11806e+00
7.01486e-01,4.00289e-01,6.90474e-02,1.06164e+00,1.83073e-01,4.51511e-01,4.05574e-01,3.43361e-01,8.09442e-01,1.37449e+00,1.87076e-01,1.35475e+00,1.02263e+00,8.15137e-01,6.18796e-01,1.00517e+00,3.44914e-01,1.62907e-01,1.21323e+00,1.12902e+00
7.04087e-01,4.08197e-01,6.90797e-02,1.08836e+00,1.83237e-01,4.66389e-01,4.29910e-01,3.56387e-01,8.43249e-01,1.42382e+00,1.91595e-01,1.40533e+00,1.08902e+00,8.23930e-01,6.34225e-01,1.00702e+00,3.46338e-01,1.59228e-01,1.24086e+00,1.13591e+00
7.04461e-01,4.15222e-01,6.91275e-02,1.11324e+00,1.83531e-01,4.80628e-01,4.54358e-01,3.70113e-01,8.75934e-01,1.47202e+00,1.95113e-01,1.45758e+00,1.15144e+00,8.25972e-01,6.47495e-01,1.00801e+00,3.47877e-01,1.55750e-01,1.26659e+00,1.13919e+00
7.02772e-01,4.21528e-01,6.91921e-02,1.13634e+00,1.83899e-01,4.93955e-01,4.78146e-01,3.84617e-01,9.07017e-01,1.51923e+00,1.97730e-01,1.51135e+00,1.20804e+00,8.22576e-01,6.58396e-01,1.00865e+00,3.49619e-01,1.52526e-01,1.29019e+00,1.13945e+00
6.99221e-01,4.27349e-01,6.92732e-02,1.15782e+00,1.84322e-01,5.06132e-01,5.00821e-01,3.99952e-01,9.36169e-01,1.56543e+00,1.99633e-01,1.56635e+00,1.25769e+00,8.15065e-01,6.66925e-01,1.00938e+00,3.51654e-01,1.49512e-01,1.31159e+00,1.13739e+00
6.94096e-01,4.32798e-01,6.93766e-02,1.17800e+00,1.84788e-01,5.16950e-01,5.21785e-01,4.16051e-01,9.63166e-01,1.61080e+00,2.00998e-01,1.62229e+00,1.29975e+00,8.04509e-01,6.72911e-01,1.01057e+00,3.54061e-01,1.46782e-01,1.33052e+00,1.13355e+00
6.87665e-01,4.38089e-01,6.94519e-02,1.19715e+00,1.85283e-01,5.26304e-01,5.40788e-01,4.32843e-01,9.88039e-01,1.65546e+00,2.02053e-01,1.67887e+00,1.33435e+00,7.91925e-01,6.76403e-01,1.01244e+00,3.56968e-01,1.44260e-01,1.34692e+00,1.12847e+00
6.80240e-01,4.43330e-01,6.95570e-02,1.21570e+00,1.85838e-01,5.34292e-01,5.57696e-01,4.50282e-01,1.01077e+00,1.69932e+00,2.02983e-01,1.73567e+00,1.36182e+00,7.77990e-01,6.77526e-01,1.01521e+00,3.60409e-01,1.42023e-01,1.36044e+00,1.12274e+00
6.72084e-01,4.48672e-01,6.97018e-02,1.23409e+00,1.86372e-01,5.41112e-01,5.72490e-01,4.68147e-01,1.03137e+00,1.74236e+00,2.04009e-01,1.79221e+00,1.38275e+00,7.63310e-01,6.76418e-01,1.01902e+00,3.64432e-01,1.39961e-01,1.37110e+00,1.11684e+00
6.63518e-01,4.54204e-01,6.98649e-02,1.25276e+00,1.86941e-01,5.47008e-01,5.85350e-01,4.86316e-01,1.05005e+00,1.78421e+00,2.05323e-01,1.84814e+00,1.39779e+00,7.48297e-01,6.73226e-01,1.02391e+00,3.69088e-01,1.38113e-01,1.37877e+00,1.11113e+00
6.54709e-01,4.60024e-01,7.00159e-02,1.27223e+00,1.87544e-01,5.52148e-01,5.96512e-01,5.04660e-01,1.06680e+00,1.82464e+00,2.07078e-01,1.90306e+00,1.40787e+00,7.33314e-01,6.68196e-01,1.02987e+00,3.74409e-01,1.36430e-01,1.38344e+00,1.10604e+00
6.45797e-01,4.66217e-01,7.01979e-02,1.29295e+00,1.88100e-01,5.56893e-01,6.06485e-01,5.23077e-01,1.08195e+00,1.86314e+00,2.09455e-01,1.95663e+00,1.41376e+00,7.18595e-01,6.61614e-01,1.03666e+00,3.80411e-01,1.34931e-01,1.38532e+00,1.10148e+00
6.36965e-01,4.72865e-01,7.03593e-02,1.31546e+00,1.88649e-01,5.61457e-01,6.15532e-01,5.41563e-01,1.09555e+00,1.89924e+00,2.12693e-01,2.00855e+00,1.41621e+00,7.04334e-01,6.53759e-01,1.04425e+00,3.87110e-01,1.33635e-01,1.38456e+00,1.09774e+00
6.28281e-01,4.80139e-01,7.05564e-02,1.34029e+00,1.89134e-01,5.65935e-01,6.24047e-01,5.60223e-01,1.10785e+00,1.93254e+00,2.16824e-01,2.05857e+00,1.41602e+00,6.90644e-01,6.44838e-01,1.05236e+00,3.94479e-01,1.32480e-01,1.38128e+00,1.09483e+00
6.19945e-01,4.88015e-01,7.06657e-02,1.36792e+00,1.89595e-01,5.70494e-01,6.32382e-01,5.79028e-01,1.11898e+00,1.96260e+00,2.22005e-01,2.10653e+00,1.41390e+00,6.77563e-01,6.35171e-01,1.06085e+00,4.02503e-01,1.31516e-01,1.37576e+00,1.09254e+00
6.11927e-01,4.96664e-01,7.07663e-02,1.39889e+00,1.90048e-01,5.75060e-01,6.40771e-01,5.98258e-01,1.12926e+00,1.98919e+00,2.28167e-01,2.15240e+00,1.41015e+00,6.65109e-01,6.24871e-01,1.06944e+00,4.11032e-01,1.30675e-01,1.36831e+00,1.09080e+00
6.04307e-01,5.06280e-01,7.09206e-02,1.43365e+00,1.90575e-01,5.79521e-01,6.49437e-01,6.18179e-01,1.13884e+00,2.01211e+00,2.35314e-01,2.19611e+00,1.40552e+00,6.53427e-01,6.14250e-01,1.07793e+00,4.20007e-01,1.29986e-01,1.35932e+00,1.08938e+00
5.97135e-01,5.17064e-01,7.10935e-02,1.47256e+00,1.91034e-01,5.83767e-01,6.58539e-01,6.39250e-01,1.14797e+00,2.03145e+00,2.43285e-01,2.23774e+00,1.40033e+00,6.42392e-01,6.03416e-01,1.08624e+00,4.29395e-01,1.29416e-01,1.34911e+00,1.08805e+00
5.90439e-01,5.29208e-01,7.12110e-02,1.51583e+00,1.91508e-01,5.87722e-01,6.68178e-01,6.61892e-01,1.15691e+00,2.04732e+00,2.51940e-01,2.27751e+00,1.39492e+00,6.32126e-01,5.92517e-01,1.09428e+00,4.39076e-01,1.28967e-01,1.33795e+00,1.08672e+00
5.84273e-01,5.42955e-01,7.13675e-02,1.56361e+00,1.91954e-01,5.91217e-01,6.78344e-01,6.86679e-01,1.16576e+00,2.05989e+00,2.61005e-01,2.31560e+00,1.38953e+00,6.22605e-01,5.81683e-01,1.10200e+00,4.49049e-01,1.28602e-01,1.32616e+00,1.08500e+00
5.78520e-01,5.58559e-01,7.15741e-02,1.61586e+00,1.92374e-01,5.94029e-01,6.89015e-01,7.14176e-01,1.17484e+00,2.06965e+00,2.70202e-01,2.35229e+00,1.38447e+00,6.13843e-01,5.71069e-01,1.10941e+00,4.59292e-01,1.28332e-01,1.31407e+00,1.08291e+00
5.73274e-01,5.76281e-01,7.17974e-02,1.67228e+00,1.92802e-01,5.96160e-01,7.00070e-01,7.44912e-01,1.18435e+00,2.07700e+00,2.79304e-01,2.38791e+00,1.37985e+00,6.05742e-01,5.60742e-01,1.11671e+00,4.69807e-01,1.28145e-01,1.30184e+00,1.08038e+00
5.68483e-01,5.96469e-01,7.20122e-02,1.73234e+00,1.93247e-01,5.97541e-01,7.11401e-01,7.79474e-01,1.19439e+00,2.08234e+00,2.88097e-01,2.42282e+00,1.37571e+00,5.98299e-01,5.50746e-01,1.12398e+00,4.80761e-01,1.28016e-01,1.28974e+00,1.07735e+00
5.64127e-01,6.19230e-01,7.22280e-02,1.79540e+00,1.93617e-01,5.98121e-01,7.22854e-01,8.18134e-01,1.20517e+00,2.08631e+00,2.96395e-01,2.45735e+00,1.37202e+00,5.91576e-01,5.41134e-01,1.13148e+00,4.92341e-01,1.27954e-01,1.27797e+00,1.07385e+00
5.60238e-01,6.44814e-01,7.23961e-02,1.86058e+00,1.94014e-01,5.97952e-01,7.34311e-01,8.61205e-01,1.21660e+00,2.08930e+00,3.04004e-01,2.49191e+00,1.36887e+00,5.85461e-01,5.31996e-01,1.13950e+00,5.04752e-01,1.27935e-01,1.26668e+00,1.06986e+00
5.56725e-01,6.73268e-01,7.25412e-02,1.92698e+00,1.94396e-01,5.97084e-01,7.45672e-01,9.08369e-01,1.22891e+00,2.09201e+00,3.10908e-01,2.52688e+00,1.36624e+00,5.79946e-01,5.23252e-01,1.14825e+00,5.18221e-01,1.27946e-01,1.25602e+00,1.06535e+00
5.53688e-01,7.04553e-01,7.26935e-02,1.99375e+00,1.94692e-01,5.95550e-01,7.56914e-01,9.59106e-01,1.24176e+00,2.09490e+00,3.17029e-01,2.56261e+00,1.36418e+00,5.74971e-01,5.15015e-01,1.15808e+00,5.33108e-01,1.28049e-01,1.24600e+00,1.06061e+00
5.51014e-01,7.38589e-01,7.28226e-02,2.06033e+00,1.94962e-01,5.93438e-01,7.68025e-01,1.01254e+00,1.25529e+00,2.09858e+00,3.22394e-01,2.59947e+00,1.36259e+00,5.70489e-01,5.07292e-01,1.16938e+00,5.49772e-01,1.28158e-01,1.23693e+00,1.05553e+00
5.48683e-01,7.75011e-01,7.28690e-02,2.12620e+00,1.95209e-01,5.90876e-01,7.79036e-01,1.06743e+00,1.26918e+00,2.10365e+00,3.26980e-01,2.63779e+00,1.36110e+00,5.66683e-01,5.00054e-01,1.18251e+00,5.68539e-01,1.28307e-01,1.22890e+00,1.05041e+00
5.46726e-01,8.13524e-01,7.29443e-02,2.19122e+00,1.95465e-01,5.87901e-01,7.90042e-01,1.12237e+00,1.28322e+00,2.11060e+00,3.30867e-01,2.67777e+00,1.35975e+00,5.63315e-01,4.93333e-01,1.19782e+00,5.89712e-01,1.28493e-01,1.22178e+00,1.04515e+00
5.44976e-01,8.53482e-01,7.30389e-02,2.25541e+00,1.95696e-01,5.84576e-01,8.01278e-01,1.17579e+00,1.29702e+00,2.12017e+00,3.34057e-01,2.71959e+00,1.35873e+00,5.60399e-01,4.87067e-01,1.21571e+00,6.13588e-01,1.28656e-01,1.21589e+00,1.03996e+00
5.43503e-01,8.94275e-01,7.31139e-02,2.31914e+00,1.95974e-01,5.81042e-01,8.13010e-01,1.22649e+00,1.31032e+00,2.13275e+00,3.36668e-01,2.76344e+00,1.35778e+00,5.57892e-01,4.81299e-01,1.23649e+00,6.40331e-01,1.28838e-01,1.21090e+00,1.03480e+00
5.42288e-01,9.35339e-01,7.32121e-02,2.38282e+00,1.96218e-01,5.77289e-01,8.25582e-01,1.27340e+00,1.32282e+00,2.14914e+00,3.38729e-01,2.80939e+00,1.35679e+00,5.55825e-01,4.75995e-01,1.26068e+00,6.70171e-01,1.29019e-01,1.20710e+00,1.02999e+00
5.41355e-01,9.75845e-01,7.32928e-02,2.44708e+00,1.96457e-01,5.73490e-01,8.39321e-01,1.31569e+00,1.33422e+00,2.16961e+00,3.40319e-01,2.85749e+00,1.35596e+00,5.54080e-01,4.71154e-01,1.28856e+00,7.03106e-01,1.29200e-01,1.20426e+00,1.02532e+00
5.40602e-01,1.01510e+00,7.33450e-02,2.51242e+00,1.96641e-01,5.69597e-01,8.54600e-01,1.35292e+00,1.34430e+00,2.19486e+00,3.41384e-01,2.90765e+00,1.35507e+00,5.52698e-01,4.66763e-01,1.32048e+00,7.39175e-01,1.29403e-01,1.20242e+00,1.02103e+00
5.40076e-01,1.05262e+00,7.34110e-02,2.57948e+00,1.96837e-01,5.65681e-01,8.71883e-01,1.38482e+00,1.35292e+00,2.22507e+00,3.42077e-01,2.95976e+00,1.35422e+00,5.51625e-01,4.62751e-01,1.35673e+00,7.78408e-01,1.29620e-01,1.20149e+00,1.01708e+00
5.39754e-01,1.08776e+00,7.34672e-02,2.64878e+00,1.97011e-01,5.61735e-01,8.91381e-01,1.41160e+00,1.35976e+00,2.26061e+00,3.42310e-01,3.01374e+00,1.35339e+00,5.50780e-01,4.59192e-01,1.39727e+00,8.20964e-01,1.29818e-01,1.20131e+00,1.01354e+00
5.39559e-01,1.12022e+00,7.35343e-02,2.72061e+00,1.97151e-01,5.57853e-01,9.13420e-01,1.43330e+00,1.36508e+00,2.30162e+00,3.42195e-01,3.06933e+00,1.35283e+00,5.50161e-01,4.55990e-01,1.44240e+00,8.67201e-01,1.30018e-01,1.20189e+00,1.01046e+00
5.39492e-01,1.14959e+00,7.35857e-02,2.79510e+00,1.97277e-01,5.53992e-01,9.38131e-01,1.45038e+00,1.36865e+00,2.34795e+00,3.41669e-01,3.12614e+00,1.35224e+00,5.49750e-01,4.53137e-01,1.49192e+00,9.17556e-01,1.30216e-01,1.20315e+00,1.00797e+00
5.39566e-01,1.17576e+00,7.36418e-02,2.87241e+00,1.97402e-01,5.50229e-01,9.65505e-01,1.46320e+00,1.37056e+00,2.39953e+00,3.40852e-01,3.18389e+00,1.35182e+00,5.49594e-01,4.50662e-01,1.54544e+00,9.72607e-01,1.30382e-01,1.20483e+00,1.00601e+00
5.39717e-01,1.19858e+00,7.37223e-02,2.95250e+00,1.97454e-01,5.46610e-01,9.95328e-01,1.47226e+00,1.37096e+00,2.45583e+00,3.39722e-01,3.24226e+00,1.35172e+00,5.49542e-01,4.48487e-01,1.60253e+00,1.03284e+00,1.30539e-01,1.20696e+00,1.00470e+00
5.39919e-01,1.21813e+00,7.37703e-02,3.03500e+00,1.97523e-01,5.43080e-01,1.02720e+00,1.47810e+00,1.36997e+00,2.51634e+00,3.38322e-01,3.30088e+00,1.35174e+00,5.49657e-01,4.46587e-01,1.66233e+00,1.09852e+00,1.30705e-01,1.20923e+00,1.00406e+00
5.40172e-01,1.23449e+00,7.38333e-02,3.11978e+00,1.97621e-01,5.39691e-01,1.06051e+00,1.48107e+00,1.36779e+00,2.58043e+00,3.36682e-01,3.35941e+00,1.35207e+00,5.49929e-01,4.44997e-01,1.72398e+00,1.16956e+00,1.30868e-01,1.21164e+00,1.00418e+00
5.40603e-01,1.24784e+00,7.38538e-02,3.20665e+00,1.97985e-01,5.36395e-01,1.09467e+00,1.48172e+00,1.36456e+00,2.64738e+00,3.34850e-01,3.41746e+00,1.35267e+00,5.50255e-01,4.43646e-01,1.78640e+00,1.24514e+00,1.31036e-01,1.21409e+00,1.00519e+00
5.41088e-01,1.25841e+00,7.38794e-02,3.29546e+00,1.98110e-01,5.33197e-01,1.12885e+00,1.48027e+00,1.36041e+00,2.71659e+00,3.32784e-01,3.47469e+00,1.35355e+00,5.50722e-01,4.42533e-01,1.84822e+00,1.32397e+00,1.31219e-01,1.21639e+00,1.00708e+00
5.41604e-01,1.26635e+00,7.39216e-02,3.38583e+00,1.98088e-01,5.30139e-01,1.16213e+00,1.47727e+00,1.35556e+00,2.78728e+00,3.30592e-01,3.53079e+00,1.35454e+00,5.51264e-01,4.41629e-01,1.90840e+00,1.40432e+00,1.31389e-01,1.21846e+00,1.01000e+00
5.42155e-01,1.27201e+00,7.39583e-02,3.47787e+00,1.98012e-01,5.27208e-01,1.19413e+00,1.47307e+00,1.35017e+00,2.85898e+00,3.28254e-01,3.58548e+00,1.35573e+00,5.51779e-01,4.40909e-01,1.96578e+00,1.48414e+00,1.31546e-01,1.22022e+00,1.01411e+00
5.42782e-01,1.27567e+00,7.39725e-02,3.57172e+00,1.97985e-01,5.24480e-01,1.22421e+00,1.46784e+00,1.34435e+00,2.93121e+00,3.25809e-01,3.63853e+00,1.35710e+00,5.52493e-01,4.40348e-01,2.01940e+00,1.56153e+00,1.31703e-01,1.22169e+00,1.01953e+00
5.43464e-01,1.27764e+00,7.39925e-02,3.66721e+00,1.97987e-01,5.21860e-01,1.25204e+00,1.46198e+00,1.33833e+00,3.00372e+00,3.23325e-01,3.68965e+00,1.35857e+00,5.53194e-01,4.39918e-01,2.06873e+00,1.63483e+00,1.31857e-01,1.22289e+00,1.02643e+00
5.44064e-01,1.27812e+00,7.40007e-02,3.76422e+00,1.97983e-01,5.19440e-01,1.27739e+00,1.45575e+00,1.33208e+00,3.07628e+00,3.20780e-01,3.73862e+00,1.36016e+00,5.53908e-01,4.39678e-01,2.11320e+00,1.70265e+00,1.32015e-01,1.22378e+00,1.03505e+00
5.44657e-01,1.27739e+00,7.40320e-02,3.86273e+00,1.97984e-01,5.17130e-01,1.30013e+00,1.44934e+00,1.32585e+00,3.14889e+00,3.18195e-01,3.78543e+00,1.36187e+00,5.54628e-01,4.39515e-01,2.15272e+00,1.76395e+00,1.32150e-01,1.22414e+00,1.04541e+00
5.45273e-01,1.27566e+00,7.40685e-02,3.96232e+00,1.98031e-01,5.14990e-01,1.32039e+00,1.44306e+00,1.31966e+00,3.22155e+00,3.15596e-01,3.83008e+00,1.36342e+00,5.55362e-01,4.39478e-01,2.18734e+00,1.81821e+00,1.32285e-01,1.22419e+00,1.05773e+00
5.45866e-01,1.27325e+00,7.40964e-02,4.06255e+00,1.98117e-01,5.13053e-01,1.33813e+00,1.43713e+00,1.31353e+00,3.29439e+00,3.13030e-01,3.87252e+00,1.36489e+00,5.56152e-01,4.39561e-01,2.21698e+00,1.86510e+00,1.32414e-01,1.22387e+00,1.07223e+00
5.46449e-01,1.27032e+00,7.41050e-02,4.16272e+00,1.98264e-01,5.11263e-01,1.35362e+00,1.43170e+00,1.30756e+00,3.36760e+00,3.10511e-01,3.91270e+00,1.36622e+00,5.56920e-01,4.39708e-01,2.24223e+00,1.90468e+00,1.32525e-01,1.22313e+00,1.08913e+00
5.47043e-01,1.26709e+00,7.41093e-02,4.26184e+00,1.98472e-01,5.09581e-01,1.36698e+00,1.42700e+00,1.30186e+00,3.44121e+00,3.08054e-01,3.95077e+00,1.36738e+00,5.57716e-01,4.39906e-01,2.26323e+00,1.93717e+00,1.32623e-01,1.22209e+00,1.10858e+00
5.47615e-01,1.26377e+00,7.41371e-02,4.35912e+00,1.98714e-01,5.08018e-01,1.37845e+00,1.42318e+00,1.29636e+00,3.51544e+00,3.05679e-01,3.98692e+00,1.36837e+00,5.58539e-01,4.40163e-01,2.28065e+00,1.96301e+00,1.32720e-01,1.22083e+00,1.13070e+00
5.48184e-01,1.26060e+00,7.41392e-02,4.45359e+00,1.98963e-01,5.06565e-01,1.38813e+00,1.42049e+00,1.29116e+00,3.59026e+00,3.03383e-01,4.02120e+00,1.36918e+00,5.59334e-01,4.40515e-01,2.29479e+00,1.98281e+00,1.32804e-01,1.21932e+00,1.15558e+00
5.48726e-01,1.25771e+00,7.41403e-02,4.54439e+00,1.99181e-01,5.05263e-01,1.39634e+00,1.41892e+00,1.28617e+00,3.66579e+00,3.01149e-01,4.05384e+00,1.36980e+00,5.60114e-01,4.40850e-01,2.30622e+00,1.99733e+00,1.32896e-01,1.21770e+00,1.18347e+00
5.49300e-01,1.25533e+00,7.41856e-02,4.63078e+00,1.99348e-01,5.04098e-01,1.40300e+00,1.41885e+00,1.28154e+00,3.74187e+00,2.98994e-01,4.08519e+00,1.37023e+00,5.60858e-01,4.41166e-01,2.31544e+00,2.00731e+00,1.32982e-01,1.21594e+00,1.21433e+00
5.49876e-01,1.25365e+00,7.42114e-02,4.71210e+00,1.99425e-01,5.03063e-01,1.40841e+00,1.42021e+00,1.27728e+00,3.81841e+00,2.96919e-01,4.11553e+00,1.37037e+00,5.61561e-01,4.41538e-01,2.32276e+00,2.01341e+00,1.33051e-01,1.21408e+00,1.24803e+00
5.50396e-01,1.25290e+00,7.41888e-02,4.78801e+00,1.99430e-01,5.02112e-01,1.41251e+00,1.42321e+00,1.27322e+00,3.89522e+00,2.94920e-01,4.14517e+00,1.37027e+00,5.62230e-01,4.41893e-01,2.32871e+00,2.01628e+00,1.33112e-01,1.21211e+00,1.28456e+00
5.50949e-01,1.25326e+00,7.41913e-02,4.85799e+00,1.99362e-01,5.01255e-01,1.41549e+00,1.42777e+00,1.26952e+00,3.97199e+00,2.92982e-01,4.17448e+00,1.36996e+00,5.62877e-01,4.42270e-01,2.33384e+00,2.01658e+00,1.33163e-01,1.21007e+00,1.32355e+00
5.51538e-01,1.25509e+00,7.41907e-02,4.92165e+00,1.99218e-01,5.00516e-01,1.41740e+00,1.43402e+00,1.26617e+00,4.04847e+00,2.91137e-01,4.20383e+00,1.36948e+00,5.63484e-01,4.42648e-01,2.33843e+00,2.01480e+00,1.33200e-01,1.20797e+00,1.36466e+00
5.52126e-01,1.25862e+00,7.41537e-02,4.97868e+00,1.98991e-01,4.99876e-01,1.41818e+00,1.44187e+00,1.26310e+00,4.12441e+00,2.89423e-01,4.23360e+00,1.36881e+00,5.64078e-01,4.43023e-01,2.34298e+00,2.01149e+00,1.33214e-01,1.20592e+00,1.40742e+00
5.52780e-01,1.26427e+00,7.41045e-02,5.02924e+00,1.98734e-01,4.99384e-01,1.41800e+00,1.45116e+00,1.26041e+00,4.19957e+00,2.87804e-01,4.26424e+00,1.36801e+00,5.64656e-01,4.43401e-01,2.34796e+00,2.00711e+00,1.33212e-01,1.20383e+00,1.45121e+00
5.53501e-01,1.27235e+00,7.40750e-02,5.07325e+00,1.98480e-01,4.98915e-01,1.41696e+00,1.46183e+00,1.25796e+00,4.27374e+00,2.86306e-01,4.29617e+00,1.36702e+00,5.65200e-01,4.43789e-01,2.35384e+00,2.00184e+00,1.33225e-01,1.20176e+00,1.49551e+00
5.54349e-01,1.28332e+00,7.40811e-02,5.11089e+00,1.98204e-01,4.98550e-01,1.41513e+00,1.47355e+00,1.25588e+00,4.34676e+00,2.84919e-01,4.32977e+00,1.36596e+00,5.65696e-01,4.44196e-01,2.36102e+00,1.99581e+00,1.33249e-01,1.19979e+00,1.53950e+00
5.55365e-01,1.29765e+00,7.40616e-02,5.14237e+00,1.97914e-01,4.98188e-01,1.41250e+00,1.48620e+00,1.25396e+00,4.41862e+00,2.83649e-01,4.36553e+00,1.36484e+00,5.66143e-01,4.44591e-01,2.36995e+00,1.98927e+00,1.33281e-01,1.19797e+00,1.58263e+00
5.56621e-01,1.31582e+00,7.40162e-02,5.16805e+00,1.97667e-01,4.97969e-01,1.40922e+00,1.49959e+00,1.25234e+00,4.48938e+00,2.82502e-01,4.40389e+00,1.36369e+00,5.66565e-01,4.45010e-01,2.38119e+00,1.98229e+00,1.33292e-01,1.19627e+00,1.62438e+00
5.58187e-01,1.33838e+00,7.39714e-02,5.18838e+00,1.97418e-01,4.97712e-01,1.40524e+00,1.51355e+00,1.25092e+00,4.55915e+00,2.81436e-01,4.44514e+00,1.36251e+00,5.66967e-01,4.45442e-01,2.39508e+00,1.97494e+00,1.33306e-01,1.19457e+00,1.66438e+00
5.60122e-01,1.36581e+00,7.39554e-02,5.20385e+00,1.97157e-01,4.97505e-01,1.40073e+00,1.52778e+00,1.24979e+00,4.62828e+00,2.80452e-01,4.48975e+00,1.36132e+00,5.67310e-01,4.45885e-01,2.41209e+00,1.96722e+00,1.33317e-01,1.19303e+00,1.70223e+00
5.62501e-01,1.39851e+00,7.39373e-02,5.21512e+00,1.96903e-01,4.97344e-01,1.39575e+00,1.54201e+00,1.24886e+00,4.69710e+00,2.79549e-01,4.53807e+00,1.36013e+00,5.67596e-01,4.46319e-01,2.43242e+00,1.95923e+00,1.33304e-01,1.19151e+00,1.73778e+00
5.65430e-01,1.43692e+00,7.39077e-02,5.22276e+00,1.96622e-01,4.97282e-01,1.39034e+00,1.55619e+00,1.24804e+00,4.76613e+00,2.78710e-01,4.59036e+00,1.35899e+00,5.67836e-01,4.46730e-01,2.45651e+00,1.95091e+00,1.33277e-01,1.19012e+00,1.77084e+00
5.69072e-01,1.48116e+00,7.38988e-02,5.22717e+00,1.96356e-01,4.97232e-01,1.38463e+00,1.57018e+00,1.24743e+00,4.83593e+00,2.77959e-01,4.64697e+00,1.35786e+00,5.68086e-01,4.47129e-01,2.48422e+00,1.94236e+00,1.33244e-01,1.18887e+00,1.80160e+00
5.73462e-01,1.53133e+00,7.38730e-02,5.22908e+00,1.96115e-01,4.97228e-01,1.37868e+00,1.58386e+00,1.24691e+00,4.90708e+00,2.77290e-01,4.70812e+00,1.35678e+00,5.68355e-01,4.47512e-01,2.51554e+00,1.93356e+00,1.33213e-01,1.18763e+00,1.83014e+00
5.78735e-01,1.58726e+00,7.37895e-02,5.22905e+00,1.95912e-01,4.97231e-01,1.37247e+00,1.59728e+00,1.24657e+00,4.98017e+00,2.76741e-01,4.77399e+00,1.35573e+00,5.68668e-01,4.47905e-01,2.55009e+00,1.92450e+00,1.33180e-01,1.18646e+00,1.85660e+00
5.84937e-01,1.64861e+00,7.37598e-02,5.22765e+00,1.95714e-01,4.97237e-01,1.36613e+00,1.61039e+00,1.24634e+00,5.05589e+00,2.76279e-01,4.84484e+00,1.35471e+00,5.68964e-01,4.48251e-01,2.58727e+00,1.91514e+00,1.33140e-01,1.18542e+00,1.88134e+00
5.92056e-01,1.71463e+00,7.37217e-02,5.22524e+00,1.95481e-01,4.97255e-01,1.35975e+00,1.62323e+00,1.24627e+00,5.13474e+00,2.75846e-01,4.92062e+00,1.35378e+00,5.69242e-01,4.48537e-01,2.62656e+00,1.90557e+00,1.33082e-01,1.18452e+00,1.90479e+00
5.99957e-01,1.78460e+00,7.37066e-02,5.22217e+00,1.95252e-01,4.97340e-01,1.35335e+00,1.63607e+00,1.24630e+00,5.21729e+00,2.75426e-01,5.00131e+00,1.35291e+00,5.69503e-01,4.48868e-01,2.66698e+00,1.89590e+00,1.33025e-01,1.18373e+00,1.92728e+00
6.08524e-01,1.85763e+00,7.36530e-02,5.21910e+00,1.95063e-01,4.97395e-01,1.34690e+00,1.64893e+00,1.24633e+00,5.30387e+00,2.75064e-01,5.08707e+00,1.35216e+00,5.69753e-01,4.49218e-01,2.70778e+00,1.88614e+00,1.32953e-01,1.18309e+00,1.94916e+00
6.17437e-01,1.93263e+00,7.35923e-02,5.21642e+00,1.94914e-01,4.97399e-01,1.34048e+00,1.66198e+00,1.24649e+00,5.39472e+00,2.74749e-01,5.17770e+00,1.35146e+00,5.69969e-01,4.49551e-01,2.74789e+00,1.87633e+00,1.32893e-01,1.18240e+00,1.97095e+00
6.26389e-01,2.00861e+00,7.35355e-02,5.21447e+00,1.94767e-01,4.97485e-01,1.33411e+00,1.67541e+00,1.24674e+00,5.48984e+00,2.74500e-01,5.27296e+00,1.35082e+00,5.70165e-01,4.49898e-01,2.78660e+00,1.86648e+00,1.32853e-01,1.18172e+00,1.99316e+00
6.35036e-01,2.08479e+00,7.34697e-02,5.21368e+00,1.94609e-01,4.97585e-01,1.32783e+00,1.68951e+00,1.24701e+00,5.58925e+00,2.74332e-01,5.37265e+00,1.35029e+00,5.70337e-01,4.50253e-01,2.82307e+00,1.85671e+00,1.32811e-01,1.18113e+00,2.01622e+00
6.43021e-01,2.16035e+00,7.34318e-02,5.21443e+00,1.94424e-01,4.97670e-01,1.32168e+00,1.70450e+00,1.24733e+00,5.69237e+00,2.74190e-01,5.47651e+00,1.34983e+00,5.70470e-01,4.50601e-01,2.85680e+00,1.84711e+00,1.32748e-01,1.18059e+00,2.04070e+00
6.50030e-01,2.23461e+00,7.33896e-02,5.21721e+00,1.94221e-01,4.97781e-01,1.31568e+00,1.72076e+00,1.24765e+00,5.79907e+00,2.74111e-01,5.58471e+00,1.34945e+00,5.70605e-01,4.50912e-01,2.88754e+00,1.83769e+00,1.32668e-01,1.18010e+00,2.06722e+00
6.55829e-01,2.30728e+00,7.40160e-02,5.22221e+00,1.95073e-01,4.97866e-01,1.30987e+00,1.73860e+00,1.24841e+00,5.90816e+00,2.74090e-01,5.69559e+00,1.34914e+00,5.70721e-01,4.51211e-01,2.91479e+00,1.82851e+00,1.33288e-01,1.17961e+00,2.09625e+00
6.60242e-01,2.37858e+00,7.52408e-02,5.22986e+00,1.96074e-01,4.97884e-01,1.30422e+00,1.75826e+00,1.24927e+00,6.02041e+00,2.74078e-01,5.81005e+00,1.34885e+00,5.70798e-01,4.51512e-01,2.93876e+00,1.81955e+00,1.33452e-01,1.17913e+00,2.12812e+00
6.63183e-01,2.44706e+00,7.68898e-02,5.24061e+00,1.96939e-01,4.97922e-01,1.29877e+00,1.78001e+00,1.25091e+00,6.13517e+00,2.74067e-01,5.92627e+00,1.34863e+00,5.70833e-01,4.51783e-01,2.95925e+00,1.81086e+00,1.33617e-01,1.17872e+00,2.16335e+00
6.64703e-01,2.51348e+00,7.87832e-02,5.25483e+00,1.98352e-01,4.98004e-01,1.29355e+00,1.80442e+00,1.25352e+00,6.25023e+00,2.74058e-01,6.04431e+00,1.34854e+00,5.71733e-01,4.52022e-01,2.97653e+00,1.80253e+00,1.33905e-01,1.17840e+00,2.20215e+00
6.64804e-01,2.57809e+00,8.03527e-02,5.27285e+00,1.99967e-01,4.98069e-01,1.28854e+00,1.83161e+00,1.25608e+00,6.36652e+00,2.74077e-01,6.16357e+00,1.34845e+00,5.72292e-01,4.52242e-01,2.99091e+00,1.79457e+00,1.34375e-01,1.17815e+00,2.24448e+00
6.63631e-01,2.64095e+00,8.15227e-02,5.29500e+00,2.01583e-01,4.98132e-01,1.28377e+00,1.86194e+00,1.25860e+00,6.48239e+00,2.74109e-01,6.28353e+00,1.34843e+00,5.72681e-01,4.52450e-01,3.00249e+00,1.78699e+00,1.34949e-01,1.17783e+00,2.29040e+00
6.61379e-01,2.70236e+00,8.24050e-02,5.32162e+00,2.03327e-01,4.98184e-01,1.27923e+00,1.89558e+00,1.26115e+00,6.59555e+00,2.74133e-01,6.40374e+00,1.34849e+00,5.73187e-01,4.52658e-01,3.01171e+00,1.77978e+00,1.35536e-01,1.17749e+00,2.33936e+00
6.58211e-01,2.76227e+00,8.30218e-02,5.35315e+00,2.05088e-01,4.98238e-01,1.27490e+00,1.93297e+00,1.26349e+00,6.70463e+00,2.74162e-01,6.52385e+00,1.34862e+00,5.73733e-01,4.52869e-01,3.01890e+00,1.77309e+00,1.36074e-01,1.17716e+00,2.39090e+00
6.54289e-01,2.82081e+00,8.33872e-02,5.38987e+00,2.06653e-01,4.98290e-01,1.27076e+00,1.97391e+00,1.26573e+00,6.80939e+00,2.74209e-01,6.64349e+00,1.34879e+00,5.74283e-01,4.53072e-01,3.02414e+00,1.76679e+00,1.36546e-01,1.17688e+00,2.44409e+00
6.49812e-01,2.87799e+00,8.36111e-02,5.43184e+00,2.07975e-01,4.98340e-01,1.26689e+00,2.01840e+00,1.26764e+00,6.90932e+00,2.74272e-01,6.76237e+00,1.34911e+00,5.74825e-01,4.53269e-01,3.02780e+00,1.76094e+00,1.36963e-01,1.17663e+00,2.49797e+00
6.44919e-01,2.93393e+00,8.36791e-02,5.47924e+00,2.09837e-01,4.98375e-01,1.26320e+00,2.06619e+00,1.27017e+00,7.00407e+00,2.74339e-01,6.88019e+00,1.34947e+00,5.75326e-01,4.53461e-01,3.03031e+00,1.75558e+00,1.37306e-01,1.17635e+00,2.55159e+00
6.39710e-01,2.98878e+00,8.35832e-02,5.53211e+00,2.11347e-01,4.98385e-01,1.25973e+00,2.11705e+00,1.27318e+00,7.09334e+00,2.74415e-01,6.99675e+00,1.34983e+00,5.75785e-01,4.53644e-01,3.03167e+00,1.75155e+00,1.38139e-01,1.17600e+00,2.60368e+00
6.34395e-01,3.04260e+00,8.33672e-02,5.59005e+00,2.12864e-01,4.98345e-01,1.25647e+00,2.17041e+00,1.27684e+00,7.17646e+00,2.74493e-01,7.11187e+00,1.35015e+00,5.76214e-01,4.53799e-01,3.03200e+00,1.74744e+00,1.38512e-01,1.17565e+00,2.65350e+00
6.29044e-01,3.09558e+00,8.30168e-02,5.65277e+00,2.14680e-01,4.98308e-01,1.25347e+00,2.22581e+00,1.28106e+00,7.25379e+00,2.74583e-01,7.22532e+00,1.35041e+00,5.76620e-01,4.53922e-01,3.03156e+00,1.74358e+00,1.38785e-01,1.17539e+00,2.70027e+00
6.23709e-01,3.14774e+00,8.25475e-02,5.71997e+00,2.16786e-01,4.98280e-01,1.25067e+00,2.28275e+00,1.28549e+00,7.32520e+00,2.74654e-01,7.33712e+00,1.35064e+00,5.77029e-01,4.54011e-01,3.03056e+00,1.73986e+00,1.39046e-01,1.17509e+00,2.74327e+00
6.18511e-01,3.19925e+00,8.19757e-02,5.79090e+00,2.19378e-01,4.98243e-01,1.24810e+00,2.34037e+00,1.29008e+00,7.39095e+00,2.74681e-01,7.44753e+00,1.35076e+00,5.77419e-01,4.54059e-01,3.02909e+00,1.73648e+00,1.39300e-01,1.17477e+00,2.78213e+00
6.13503e-01,3.25027e+00,8.13562e-02,5.86479e+00,2.22594e-01,4.98185e-01,1.24575e+00,2.39822e+00,1.29468e+00,7.45160e+00,2.74734e-01,7.55676e+00,1.35084e+00,5.77752e-01,4.54062e-01,3.02731e+00,1.73347e+00,1.39453e-01,1.17439e+00,2.81673e+00
6.08696e-01,3.30099e+00,8.06684e-02,5.94104e+00,2.26277e-01,4.98131e-01,1.24357e+00,2.45569e+00,1.29941e+00,7.50743e+00,2.74795e-01,7.66515e+00,1.35088e+00,5.78017e-01,4.54036e-01,3.02518e+00,1.73080e+00,1.39458e-01,1.17395e+00,2.84696e+00
6.04191e-01,3.35157e+00,7.99614e-02,6.01892e+00,2.30068e-01,4.98089e-01,1.24153e+00,2.51252e+00,1.30440e+00,7.55856e+00,2.74865e-01,7.77305e+00,1.35093e+00,5.78218e-01,4.53969e-01,3.02283e+00,1.72854e+00,1.39381e-01,1.17353e+00,2.87299e+00
5.99983e-01,3.40221e+00,7.92875e-02,6.09754e+00,2.33373e-01,4.98066e-01,1.23968e+00,2.56821e+00,1.30973e+00,7.60575e+00,2.74925e-01,7.88093e+00,1.35092e+00,5.78340e-01,4.53858e-01,3.02024e+00,1.72667e+00,1.39233e-01,1.17317e+00,2.89514e+00
5.96086e-01,3.45308e+00,7.86379e-02,6.17639e+00,2.35870e-01,4.98029e-01,1.23795e+00,2.62283e+00,1.31536e+00,7.64901e+00,2.74959e-01,7.98927e+00,1.35090e+00,5.78406e-01,4.53714e-01,3.01748e+00,1.72517e+00,1.39084e-01,1.17279e+00,2.91348e+00
5.92472e-01,3.50441e+00,7.80437e-02,6.25449e+00,2.37356e-01,4.97946e-01,1.23637e+00,2.67620e+00,1.32109e+00,7.68870e+00,2.75029e-01,8.09850e+00,1.35086e+00,5.78415e-01,4.53565e-01,3.01456e+00,1.72395e+00,1.38958e-01,1.17238e+00,2.92859e+00
5.89211e-01,3.55640e+00,7.75252e-02,6.33172e+00,2.37909e-01,4.97836e-01,1.23498e+00,2.72824e+00,1.32673e+00,7.72531e+00,2.75084e-01,8.20918e+00,1.35079e+00,5.78353e-01,4.53390e-01,3.01146e+00,1.72297e+00,1.38862e-01,1.17199e+00,2.94080e+00
5.86276e-01,3.60930e+00,7.70638e-02,6.40769e+00,2.37780e-01,4.97754e-01,1.23371e+00,2.77937e+00,1.33211e+00,7.75879e+00,2.75130e-01,8.32164e+00,1.35065e+00,5.78225e-01,4.53185e-01,3.00824e+00,1.72227e+00,1.38793e-01,1.17163e+00,2.95040e+00
5.83641e-01,3.66330e+00,7.66536e-02,6.48209e+00,2.37216e-01,4.97666e-01,1.23259e+00,2.82965e+00,1.33711e+00,7.78996e+00,2.75153e-01,8.43603e+00,1.35049e+00,5.78039e-01,4.52975e-01,3.00490e+00,1.72182e+00,1.38757e-01,1.17124e+00,2.95792e+00
5.81293e-01,3.71871e+00,7.63177e-02,6.55519e+00,2.36385e-01,4.97531e-01,1.23158e+00,2.87944e+00,1.34161e+00,7.81863e+00,2.75160e-01,8.55265e+00,1.35024e+00,5.77766e-01,4.52746e-01,3.00154e+00,1.72159e+00,1.38736e-01,1.17085e+00,2.96352e+00
5.79179e-01,3.77568e+00,7.60054e-02,6.62710e+00,2.35358e-01,4.97382e-01,1.23069e+00,2.92917e+00,1.34557e+00,7.84565e+00,2.75180e-01,8.67177e+00,1.34995e+00,5.77406e-01,4.52522e-01,2.99816e+00,1.72155e+00,1.38720e-01,1.17041e+00,2.96769e+00
5.77307e-01,3.83456e+00,7.57005e-02,6.69805e+00,2.34127e-01,4.97227e-01,1.22988e+00,2.97927e+00,1.34886e+00,7.87106e+00,2.75201e-01,8.79350e+00,1.34962e+00,5.76972e-01,4.52308e-01,2.99480e+00,1.72169e+00,1.38729e-01,1.16990e+00,2.97057e+00
5.75638e-01,3.89559e+00,7.54221e-02,6.76838e+00,2.32633e-01,4.97070e-01,1.22916e+00,3.02996e+00,1.35158e+00,7.89547e+00,2.75240e-01,8.91808e+00,1.34923e+00,5.76461e-01,4.52096e-01,2.99141e+00,1.72201e+00,1.38771e-01,1.16933e+00,2.97241e+00
5.74221e-01,3.95903e+00,7.51482e-02,6.83802e+00,2.30892e-01,4.96913e-01,1.22856e+00,3.08162e+00,1.35365e+00,7.91863e+00,2.75269e-01,9.04540e+00,1.34884e+00,5.75863e-01,4.51897e-01,2.98809e+00,1.72252e+00,1.38808e-01,1.16880e+00,2.97344e+00
5.72956e-01,4.02509e+00,7.48749e-02,6.90767e+00,2.28898e-01,4.96752e-01,1.22803e+00,3.13457e+00,1.35520e+00,7.94143e+00,2.75276e-01,9.17547e+00,1.34845e+00,5.75211e-01,4.51716e-01,2.98487e+00,1.72314e+00,1.38906e-01,1.16833e+00,2.97383e+00
5.71845e-01,4.09399e+00,7.45995e-02,6.97738e+00,2.26666e-01,4.96588e-01,1.22759e+00,3.18898e+00,1.35618e+00,7.96364e+00,2.75309e-01,9.30831e+00,1.34800e+00,5.74508e-01,4.51526e-01,2.98181e+00,1.72382e+00,1.39063e-01,1.16781e+00,2.97372e+00
5.70873e-01,4.16594e+00,7.43396e-02,7.04731e+00,2.24224e-01,4.96435e-01,1.22721e+00,3.24494e+00,1.35667e+00,7.98573e+00,2.75359e-01,9.44362e+00,1.34751e+00,5.73809e-01,4.51333e-01,2.97890e+00,1.72455e+00,1.39263e-01,1.16727e+00,2.97329e+00
5.69956e-01,4.24114e+00,7.40984e-02,7.11751e+00,2.21637e-01,4.96302e-01,1.22691e+00,3.30256e+00,1.35677e+00,8.00786e+00,2.75409e-01,9.58106e+00,1.34698e+00,5.73068e-01,4.51149e-01,2.97624e+00,1.72534e+00,1.39545e-01,1.16678e+00,2.97256e+00
5.69127e-01,4.31961e+00,7.38542e-02,7.18786e+00,2.18994e-01,4.96151e-01,1.22667e+00,3.36172e+00,1.35647e+00,8.03024e+00,2.75417e-01,9.72060e+00,1.34651e+00,5.72351e-01,4.50953e-01,2.97386e+00,1.72615e+00,1.39870e-01,1.16638e+00,2.97161e+00
5.68312e-01,4.40159e+00,7.36088e-02,7.25830e+00,2.16310e-01,4.95953e-01,1.22649e+00,3.42220e+00,1.35582e+00,8.05298e+00,2.75391e-01,9.86186e+00,1.34596e+00,5.71646e-01,4.50755e-01,2.97186e+00,1.72696e+00,1.40246e-01,1.16607e+00,2.97052e+00
5.67496e-01,4.48704e+00,7.33690e-02,7.32857e+00,2.13647e-01,4.95748e-01,1.22633e+00,3.48361e+00,1.35490e+00,8.07621e+00,2.75362e-01,1.00044e+01,1.34537e+00,5.70954e-01,4.50555e-01,2.97023e+00,1.72776e+00,1.40641e-01,1.16588e+00,2.96942e+00
5.66675e-01,4.57624e+00,7.31499e-02,7.39855e+00,2.11105e-01,4.95528e-01,1.22621e+00,3.54567e+00,1.35370e+00,8.09999e+00,2.75332e-01,1.01478e+01,1.34475e+00,5.70284e-01,4.50357e-01,2.96917e+00,1.72851e+00,1.41045e-01,1.16581e+00,2.96826e+00
5.65853e-01,4.66901e+00,7.29275e-02,7.46809e+00,2.08663e-01,4.95293e-01,1.22614e+00,3.60806e+00,1.35227e+00,8.12428e+00,2.75296e-01,1.02919e+01,1.34413e+00,5.69633e-01,4.50162e-01,2.96866e+00,1.72921e+00,1.41439e-01,1.16596e+00,2.96715e+00
5.64996e-01,4.76544e+00,7.27059e-02,7.53699e+00,2.06349e-01,4.95041e-01,1.22607e+00,3.66984e+00,1.35065e+00,8.14927e+00,2.75271e-01,1.04363e+01,1.34345e+00,5.69008e-01,4.49949e-01,2.96887e+00,1.72989e+00,1.41811e-01,1.16636e+00,2.96614e+00
5.64091e-01,4.86554e+00,7.24831e-02,7.60520e+00,2.04176e-01,4.94763e-01,1.22603e+00,3.73075e+00,1.34891e+00,8.17484e+00,2.75244e-01,1.05804e+01,1.34276e+00,5.68425e-01,4.49722e-01,2.96995e+00,1.73054e+00,1.42156e-01,1.16687e+00,2.96516e+00
5.63192e-01,4.96908e+00,7.22778e-02,7.67272e+00,2.02207e-01,4.94506e-01,1.22601e+00,3.79031e+00,1.34709e+00,8.20090e+00,2.75219e-01,1.07238e+01,1.34206e+00,5.67923e-01,4.49509e-01,2.97195e+00,1.73113e+00,1.42459e-01,1.16753e+00,2.96423e+00
5.62258e-01,5.07582e+00,7.20838e-02,7.73942e+00,2.00414e-01,4.94253e-01,1.22597e+00,3.84795e+00,1.34520e+00,8.22743e+00,2.75174e-01,1.08659e+01,1.34132e+00,5.67478e-01,4.49303e-01,2.97491e+00,1.73166e+00,1.42702e-01,1.16832e+00,2.96338e+00
5.61294e-01,5.18559e+00,7.18987e-02,7.80581e+00,1.98760e-01,4.94012e-01,1.22600e+00,3.90322e+00,1.34332e+00,8.25428e+00,2.75131e-01,1.10064e+01,1.34059e+00,5.67091e-01,4.49092e-01,2.97907e+00,1.73219e+00,1.42872e-01,1.16927e+00,2.96262e+00
5.60356e-01,5.29808e+00,7.17193e-02,7.87220e+00,1.97250e-01,4.93749e-01,1.22604e+00,3.95573e+00,1.34146e+00,8.28140e+00,2.75124e-01,1.11449e+01,1.33985e+00,5.66787e-01,4.48871e-01,2.98470e+00,1.73274e+00,1.42952e-01,1.17024e+00,2.96190e+00
5.59402e-01,5.41280e+00,7.15737e-02,7.93889e+00,1.95896e-01,4.93471e-01,1.22604e+00,4.00510e+00,1.33964e+00,8.30837e+00,2.75058e-01,1.12810e+01,1.33905e+00,5.66540e-01,4.48640e-01,2.99189e+00,1.73331e+00,1.42948e-01,1.17128e+00,2.96132e+00
5.58462e-01,5.52926e+00,7.14388e-02,8.00651e+00,1.94658e-01,4.93173e-01,1.22604e+00,4.05147e+00,1.33785e+00,8.33507e+00,2.74964e-01,1.14142e+01,1.33824e+00,5.66339e-01,4.48416e-01,3.00072e+00,1.73391e+00,1.42860e-01,1.17222e+00,2.96081e+00
5.57541e-01,5.64692e+00,7.13145e-02,8.07550e+00,1.93547e-01,4.92873e-01,1.22605e+00,4.09424e+00,1.33610e+00,8.36133e+00,2.74865e-01,1.15443e+01,1.33742e+00,5.66195e-01,4.48203e-01,3.01145e+00,1.73463e+00,1.42655e-01,1.17305e+00,2.96035e+00
5.56628e-01,5.76512e+00,7.12100e-02,8.14633e+00,1.92537e-01,4.92608e-01,1.22606e+00,4.13340e+00,1.33439e+00,8.38697e+00,2.74762e-01,1.16709e+01,1.33659e+00,5.66091e-01,4.47986e-01,3.02437e+00,1.73546e+00,1.42351e-01,1.17371e+00,2.95998e+00
5.55756e-01,5.88314e+00,7.12155e-02,8.21967e+00,1.93031e-01,4.92378e-01,1.22613e+00,4.16920e+00,1.33267e+00,8.41176e+00,2.74672e-01,1.17937e+01,1.33579e+00,5.66009e-01,4.47764e-01,3.03973e+00,1.73638e+00,1.41928e-01,1.17422e+00,2.95966e+00
5.54884e-01,6.00019e+00,8.29853e-02,8.29604e+00,2.23125e-01,4.92131e-01,1.22616e+00,4.20155e+00,1.33093e+00,8.43542e+00,2.74620e-01,1.19127e+01,1.33503e+00,5.65928e-01,4.47532e-01,3.05743e+00,1.73744e+00,1.41427e-01,1.17450e+00,2.95942e+00
5.54031e-01,6.11557e+00,1.62066e-01,8.37563e+00,7.22130e-01,4.91871e-01,1.22617e+00,4.23053e+00,1.32920e+00,8.46076e+00,2.74553e-01,1.20278e+01,1.33428e+00,5.65877e-01,4.47283e-01,3.07777e+00,1.73865e+00,1.40844e-01,1.17455e+00,2.95922e+00
5.53228e-01,6.23219e+00,3.65403e-01,8.46025e+00,4.34389e+00,4.95430e-01,1.23618e+00,4.26035e+00,1.32742e+00,8.48821e+00,2.75379e-01,1.21419e+01,1.33349e+00,5.65893e-01,4.54347e-01,3.10091e+00,1.73999e+00,1.40205e-01,1.17430e+00,2.95906e+00
5.52423e-01,6.35021e+00,6.37385e-01,8.55629e+00,1.35867e+01,5.07406e-01,1.47922e+00,4.32295e+00,1.32827e+00,8.52787e+00,2.83495e-01,1.22542e+01,1.33276e+00,5.66094e-01,4.66989e-01,3.12676e+00,1.74315e+00,1.39606e-01,1.20109e+00,2.95893e+00
5.55592e-01,6.46045e+00,9.53198e-01,8.66417e+00,2.29467e+01,5.24284e-01,3.29521e+00,4.41108e+00,1.33369e+00,8.58051e+00,2.99216e-01,1.23639e+01,1.33279e+00,5.70295e-01,4.74741e-01,3.15843e+00,1.75026e+00,1.42417e-01,1.24360e+00,2.96317e+00
5.60120e-01,6.56460e+00,1.42473e+00,8.78302e+00,3.31042e+01,5.51108e-01,4.57967e+00,4.46220e+00,1.33878e+00,8.65361e+00,3.20036e-01,1.24734e+01,1.33634e+00,5.77044e-01,4.82225e-01,3.19596e+00,1.75827e+00,1.43572e-01,1.30006e+00,2.97315e+00
5.64029e-01,6.66800e+00,2.04484e+00,8.90651e+00,5.14100e+01,5.82374e-01,5.19879e+00,4.49269e+00,1.34364e+00,8.74475e+00,3.34675e-01,1.25821e+01,1.34064e+00,5.83546e-01,4.93455e-01,3.23889e+00,1.76600e+00,1.45097e-01,1.34440e+00,2.98427e+00
5.66093e-01,6.76905e+00,2.50941e+00,9.03651e+00,7.92456e+01,6.10099e-01,5.77730e+00,4.51191e+00,1.34891e+00,8.84542e+00,3.42277e-01,1.26901e+01,1.34488e+00,5.90382e-01,5.07230e-01,3.28896e+00,1.77244e+00,1.48697e-01,1.37856e+00,3.00191e+00
5.67759e-01,6.86576e+00,2.66442e+00,9.18034e+00,9.10187e+01,6.32685e-01,6.33993e+00,4.52000e+00,1.35384e+00,8.94542e+00,3.46488e-01,1.27985e+01,1.35156e+00,5.97985e-01,5.20775e-01,3.34544e+00,1.77768e+00,1.55657e-01,1.40891e+00,3.02619e+00
5.70965e-01,6.95652e+00,2.54634e+00,9.34708e+00,8.44256e+01,6.56290e-01,6.72941e+00,4.52144e+00,1.35788e+00,9.03297e+00,3.49895e-01,1.29091e+01,1.35862e+00,6.05873e-01,5.32960e-01,3.40596e+00,1.78241e+00,1.67555e-01,1.43748e+00,3.05130e+00
5.76457e-01,7.04480e+00,2.26090e+00,9.54822e+00,6.98584e+01,6.91785e-01,6.76360e+00,4.52030e+00,1.36117e+00,9.10182e+00,3.53995e-01,1.30278e+01,1.36295e+00,6.13653e-01,5.44880e-01,3.47136e+00,1.78689e+00,1.87624e-01,1.46495e+00,3.07244e+00
5.83938e-01,7.12390e+00,1.91638e+00,9.79840e+00,5.45957e+01,7.79471e-01,6.56423e+00,4.51864e+00,1.36424e+00,9.15122e+00,3.64117e-01,1.31503e+01,1.36448e+00,6.20858e-01,5.65255e-01,3.54387e+00,1.79125e+00,4.18318e-01,1.49147e+00,3.08857e+00
5.92727e-01,7.19747e+00,1.58507e+00,1.01363e+01,4.16498e+01,9.71562e-01,6.30411e+00,4.52222e+00,1.36786e+00,9.18734e+00,4.04870e-01,1.32808e+01,1.36490e+00,6.27977e-01,5.85966e-01,3.62239e+00,1.79567e+00,8.42815e+00,1.51595e+00,3.10241e+00
6.02362e-01,7.41347e+00,1.30006e+00,1.06727e+01,3.16039e+01,1.27526e+00,6.28526e+00,4.55415e+00,1.37268e+00,9.23077e+00,5.34081e-01,1.34281e+01,1.36567e+00,6.35998e-01,6.08111e-01,3.70178e+00,1.80029e+00,2.33472e+01,1.59895e+00,3.11477e+00
6.12620e-01,7.68871e+00,1.07183e+00,1.16028e+01,2.41147e+01,1.81854e+00,7.30911e+00,4.63933e+00,1.37970e+00,9.29423e+00,1.03173e+00,1.35869e+01,1.36765e+00,6.46148e-01,6.79362e-01,3.78122e+00,1.80605e+00,2.72554e+01,1.83798e+00,3.12718e+00
6.26563e-01,8.34307e+00,8.92605e-01,1.31449e+01,1.86412e+01,2.74374e+00,9.46311e+00,4.87978e+00,1.39011e+00,9.44948e+00,3.54944e+00,1.37702e+01,1.37103e+00,6.58975e-01,9.40795e-01,3.86439e+00,1.81287e+00,2.55921e+01,2.43971e+00,3.14004e+00
6.41655e-01,9.05114e+00,7.54968e-01,1.52783e+01,1.46296e+01,3.92448e+00,1.37476e+01,5.87322e+00,1.40448e+00,9.74132e+00,1.05724e+01,1.39517e+01,1.37661e+00,6.74388e-01,1.31028e+00,3.96254e+00,1.82160e+00,2.25496e+01,5.80317e+00,3.15279e+00
6.58697e-01,9.73223e+00,6.78700e-01,1.74669e+01,1.18930e+01,5.24267e+00,2.16469e+01,7.43449e+00,1.42337e+00,1.02887e+01,1.83851e+01,1.41530e+01,1.38467e+00,6.92795e-01,1.57043e+00,4.08816e+00,1.83058e+00,1.93851e+01,2.66073e+01,3.16716e+00
6.74895e-01,1.06956e+01,6.37181e-01,1.96007e+01,1.02711e+01,6.86680e+00,3.11376e+01,8.18196e+00,1.44450e+00,1.10855e+01,2.28074e+01,1.43751e+01,1.39392e+00,7.10311e-01,1.91794e+00,4.25226e+00,1.83995e+00,1.64541e+01,6.25589e+01,3.18234e+00
6.90608e-01,1.17572e+01,6.13536e-01,2.26818e+01,9.05580e+00,9.32738e+00,3.83763e+01,8.44824e+00,1.46754e+00,1.19327e+01,2.58078e+01,1.46255e+01,1.40404e+00,7.28081e-01,2.26666e+00,4.46969e+00,1.84918e+00,1.38797e+01,9.25674e+01,3.19946e+00
7.08111e-01,1.27602e+01,5.79595e-01,2.86045e+01,8.28307e+00,1.21653e+01,4.12512e+01,8.44844e+00,1.49152e+00,1.26393e+01,2.89390e+01,1.49227e+01,1.41532e+00,7.46995e-01,2.58487e+00,4.78082e+00,1.85810e+00,1.16807e+01,1.01145e+02,3.21799e+00
7.29037e-01,1.36980e+01,5.39185e-01,3.81489e+01,7.75351e+00,1.38007e+01,4.10365e+01,8.44078e+00,1.51456e+00,1.31400e+01,3.12671e+01,1.52967e+01,1.42655e+00,7.66508e-01,3.07536e+00,5.18539e+00,1.86670e+00,9.83490e+00,9.26535e+01,3.23704e+00
7.53149e-01,1.44839e+01,5.01232e-01,4.94641e+01,7.25462e+00,1.35335e+01,3.80045e+01,8.68627e+00,1.53532e+00,1.34608e+01,3.31274e+01,1.57812e+01,1.43646e+00,7.86808e-01,4.06609e+00,5.58864e+00,1.87455e+00,8.30416e+00,8.14433e+01,3.25619e+00
7.79477e-01,1.50351e+01,4.68739e-01,5.99831e+01,6.68622e+00,1.19963e+01,3.34728e+01,1.03742e+01,1.55312e+00,1.36519e+01,3.52654e+01,1.63988e+01,1.44511e+00,8.08483e-01,6.44445e+00,5.87431e+00,1.88129e+00,7.04293e+00,7.37696e+01,3.27507e+00
8.06691e-01,1.54209e+01,4.41182e-01,6.97751e+01,6.04134e+00,1.00622e+01,2.93304e+01,1.86413e+01,1.56784e+00,1.37581e+01,3.72517e+01,1.71425e+01,1.45314e+00,8.33109e-01,1.43549e+01,5.99930e+00,1.88711e+00,6.00594e+00,6.95978e+01,3.29375e+00
8.33140e-01,1.58046e+01,4.16389e-01,8.01251e+01,5.37752e+00,8.23855e+00,2.66656e+01,3.67869e+01,1.57958e+00,1.38126e+01,3.80072e+01,1.79758e+01,1.46115e+00,8.61922e-01,3.33097e+01,6.01230e+00,1.89232e+00,5.15400e+00,6.62168e+01,3.31204e+00
8.57724e-01,1.63512e+01,3.92036e-01,8.95397e+01,4.74871e+00,6.70698e+00,2.57210e+01,5.77423e+01,1.58886e+00,1.38349e+01,3.73566e+01,1.88430e+01,1.46930e+00,8.95428e-01,5.57548e+01,5.99580e+00,1.89722e+00,4.45493e+00,6.14042e+01,3.32954e+00
8.79754e-01,1.72395e+01,3.66886e-01,9.48976e+01,4.18073e+00,5.48651e+00,2.63069e+01,7.56161e+01,1.59619e+00,1.38340e+01,3.61501e+01,1.96896e+01,1.47772e+00,9.32670e-01,7.25322e+01,6.01278e+00,1.90193e+00,3.88314e+00,5.49356e+01,3.34575e+00
8.99102e-01,1.86597e+01,3.40947e-01,9.51259e+01,3.68037e+00,4.53754e+00,2.87282e+01,9.11837e+01,1.60218e+00,1.38166e+01,3.52045e+01,2.04736e+01,1.48655e+00,9.71192e-01,8.33242e+01,6.09265e+00,1.90648e+00,3.41788e+00,4.77833e+01,3.36041e+00
9.15760e-01,2.06324e+01,3.15006e-01,9.13582e+01,3.24508e+00,3.80850e+00,3.49581e+01,1.09291e+02,1.60786e+00,1.37945e+01,3.45762e+01,2.11725e+01,1.49585e+00,1.00765e+00,9.06837e+01,6.23016e+00,1.91088e+00,3.04365e+00,4.09162e+01,3.37353e+00
9.29731e-01,2.27991e+01,2.90027e-01,8.53271e+01,2.86838e+00,3.25350e+00,4.81396e+01,1.33290e+02,1.61712e+00,1.37851e+01,3.37202e+01,2.17850e+01,1.50570e+00,1.03894e+00,9.66361e+01,6.39481e+00,1.91506e+00,2.74933e+00,3.48523e+01,3.38541e+00
9.40964e-01,2.45546e+01,2.66753e-01,7.84929e+01,2.54229e+00,2.83702e+00,6.81355e+01,1.57907e+02,1.65551e+00,1.38137e+01,3.21599e+01,2.23269e+01,1.51610e+00,1.06271e+00,1.00858e+02,6.54534e+00,1.91885e+00,2.52810e+00,2.97301e+01,3.39616e+00
9.49417e-01,2.54669e+01,2.45653e-01,7.19244e+01,2.25867e+00,2.53393e+00,8.87841e+01,1.74890e+02,1.87278e+00,1.39104e+01,2.98716e+01,2.28341e+01,1.52701e+00,1.07802e+00,1.01519e+02,6.64772e+00,1.92226e+00,2.37607e+00,2.54893e+01,3.40634e+00
9.54965e-01,2.54883e+01,2.26874e-01,6.64659e+01,2.01065e+00,2.32758e+00,1.04039e+02,1.83503e+02,2.90809e+00,1.41030e+01,2.71424e+01,2.33568e+01,1.53828e+00,1.08514e+00,9.79499e+01,6.68620e+00,1.92541e+00,2.28898e+00,2.19996e+01,3.41662e+00
9.57560e-01,2.48385e+01,2.10377e-01,6.32887e+01,1.79267e+00,2.20624e+00,1.12547e+02,1.89132e+02,5.95038e+00,1.44113e+01,2.43071e+01,2.39554e+01,1.55048e+00,1.08536e+00,9.12387e+01,6.66447e+00,1.92852e+00,2.25634e+00,1.91238e+01,3.42759e+00
9.58644e-01,2.38049e+01,1.96090e-01,6.53309e+01,1.60077e+00,2.15884e+00,1.15788e+02,1.97278e+02,1.05014e+01,1.48427e+01,2.16089e+01,2.46906e+01,1.56318e+00,1.08060e+00,8.29747e+01,6.59903e+00,1.93180e+00,2.25668e+00,1.67426e+01,3.43973e+00
9.58462e-01,2.26266e+01,1.83744e-01,7.90090e+01,1.43181e+00,2.17070e+00,1.15577e+02,2.08332e+02,1.42018e+01,1.53845e+01,1.91844e+01,2.56067e+01,1.57570e+00,1.07295e+00,7.43756e+01,6.51055e+00,1.93537e+00,2.25979e+00,1.47591e+01,3.45323e+00
9.56590e-01,2.14650e+01,1.73144e-01,1.11469e+02,1.28340e+00,2.22260e+00,1.13185e+02,2.17275e+02,1.60328e+01,1.59970e+01,1.70965e+01,2.67233e+01,1.58857e+00,1.06446e+00,6.61361e+01,6.41787e+00,1.93919e+00,2.23768e+00,1.30989e+01,3.46815e+00
9.53295e-01,2.04110e+01,1.64129e-01,1.62640e+02,1.15346e+00,2.29310e+00,1.09393e+02,2.19728e+02,1.64052e+01,1.66141e+01,1.53631e+01,2.80282e+01,1.60159e+00,1.05696e+00,5.85755e+01,6.33395e+00,1.94318e+00,2.17556e+00,1.17021e+01,3.48454e+00
9.50002e-01,1.95070e+01,1.56404e-01,2.21015e+02,1.04004e+00,2.36418e+00,1.04788e+02,2.15561e+02,1.59605e+01,1.71625e+01,1.39793e+01,2.94773e+01,1.61409e+00,1.05192e+00,5.18043e+01,6.26618e+00,1.94714e+00,2.07415e+00,1.05225e+01,3.50188e+00
9.47920e-01,1.87603e+01,1.49874e-01,2.70526e+02,9.41312e-01,2.42477e+00,1.00077e+02,2.06989e+02,1.51358e+01,1.75858e+01,1.29252e+01,3.10014e+01,1.62611e+00,1.05024e+00,4.58209e+01,6.21674e+00,1.95089e+00,1.94398e+00,9.52220e+00,3.51963e+00
9.47234e-01,1.81591e+01,1.44322e-01,3.04254e+02,8.55522e-01,2.47217e+00,9.65390e+01,1.96221e+02,1.41703e+01,1.78603e+01,1.21674e+01,3.25171e+01,1.63815e+00,1.05242e+00,4.05735e+01,6.18478e+00,1.95424e+00,1.79813e+00,8.67184e+00,3.53720e+00
9.47472e-01,1.76816e+01,1.39608e-01,3.25485e+02,7.81093e-01,2.51092e+00,9.66270e+01,1.84722e+02,1.31838e+01,1.79939e+01,1.16558e+01,3.39416e+01,1.65056e+00,1.05825e+00,3.59891e+01,6.16849e+00,1.95710e+00,1.64800e+00,7.94655e+00,3.55397e+00
9.47858e-01,1.73049e+01,1.35581e-01,3.39643e+02,7.16555e-01,2.55087e+00,1.03328e+02,1.73316e+02,1.22329e+01,1.80139e+01,1.13225e+01,3.52089e+01,1.66359e+00,1.06698e+00,3.19905e+01,6.16664e+00,1.95953e+00,1.50163e+00,7.32599e+00,3.56952e+00
9.47875e-01,1.70112e+01,1.32205e-01,3.49296e+02,6.60590e-01,2.60505e+00,1.16202e+02,1.62410e+02,1.13434e+01,1.79547e+01,1.10912e+01,3.62776e+01,1.67739e+00,1.07742e+00,2.85037e+01,6.17995e+00,1.96166e+00,1.36379e+00,6.79303e+00,3.58328e+00
9.47373e-01,1.67930e+01,1.29306e-01,3.54186e+02,6.12049e-01,2.68616e+00,1.29164e+02,1.52247e+02,1.05258e+01,1.78479e+01,1.08914e+01,3.71353e+01,1.69212e+00,1.08816e+00,2.54611e+01,6.21105e+00,1.96372e+00,1.23704e+00,6.33449e+00,3.59494e+00
9.46731e-01,1.66560e+01,1.26827e-01,3.53632e+02,5.69849e-01,2.80167e+00,1.36973e+02,1.43019e+02,9.78302e+00,1.77192e+01,1.06731e+01,3.77943e+01,1.70788e+00,1.09785e+00,2.28025e+01,6.26359e+00,1.96589e+00,1.12209e+00,5.93799e+00,3.60435e+00
9.46505e-01,1.66180e+01,1.24691e-01,3.48379e+02,5.33260e-01,2.94852e+00,1.39110e+02,1.34995e+02,9.11595e+00,1.75853e+01,1.04114e+01,3.82833e+01,1.72462e+00,1.10534e+00,2.04755e+01,6.34154e+00,1.96839e+00,1.01893e+00,5.59439e+00,3.61134e+00
9.47240e-01,1.67079e+01,1.22871e-01,3.40869e+02,5.01426e-01,3.11128e+00,1.37097e+02,1.28581e+02,8.52336e+00,1.74575e+01,1.01025e+01,3.86411e+01,1.74208e+00,1.10987e+00,1.84353e+01,6.44724e+00,1.97135e+00,9.26927e-01,5.29546e+00,3.61571e+00
9.49278e-01,1.69578e+01,1.21282e-01,3.34365e+02,4.73624e-01,3.26644e+00,1.32382e+02,1.24316e+02,8.00380e+00,1.73410e+01,9.75504e+00,3.89088e+01,1.75988e+00,1.11094e+00,1.66422e+01,6.57455e+00,1.97489e+00,8.45204e-01,5.03479e+00,3.61761e+00
9.52503e-01,1.73925e+01,1.19924e-01,3.31144e+02,4.49401e-01,3.39172e+00,1.25998e+02,1.22720e+02,7.55529e+00,1.72374e+01,9.38121e+00,3.91294e+01,1.77753e+00,1.10849e+00,1.50631e+01,6.71305e+00,1.97911e+00,7.72740e-01,4.80607e+00,3.61737e+00
9.56242e-01,1.80158e+01,1.18762e-01,3.30496e+02,4.28243e-01,3.47283e+00,1.18704e+02,1.23899e+02,7.17527e+00,1.71455e+01,8.99228e+00,3.93410e+01,1.79459e+00,1.10266e+00,1.36695e+01,6.84756e+00,1.98399e+00,7.08518e-01,4.60520e+00,3.61480e+00
9.59377e-01,1.88030e+01,1.17731e-01,3.29217e+02,4.09679e-01,3.50604e+00,1.11054e+02,1.27140e+02,6.85955e+00,1.70631e+01,8.59653e+00,3.95798e+01,1.81058e+00,1.09379e+00,1.24362e+01,6.96329e+00,1.98941e+00,6.51594e-01,4.42779e+00,3.61026e+00
9.60694e-01,1.97019e+01,1.16858e-01,3.24737e+02,3.93404e-01,3.49587e+00,1.03439e+02,1.30964e+02,6.60233e+00,1.69863e+01,8.19961e+00,3.98768e+01,1.82507e+00,1.08231e+00,1.13429e+01,7.04871e+00,1.99525e+00,6.01130e-01,4.27048e+00,3.60400e+00
9.59154e-01,2.06445e+01,1.16095e-01,3.16709e+02,3.79127e-01,3.45097e+00,9.60974e+01,1.33854e+02,6.39552e+00,1.69116e+01,7.80482e+00,4.02576e+01,1.83773e+00,1.06864e+00,1.03709e+01,7.09860e+00,2.00129e+00,5.56371e-01,4.13033e+00,3.59607e+00
9.54140e-01,2.15712e+01,1.15465e-01,3.06216e+02,3.66626e-01,3.38115e+00,8.91705e+01,1.34956e+02,6.23002e+00,1.68388e+01,7.41440e+00,4.07386e+01,1.84828e+00,1.05318e+00,9.50528e+00,7.11346e+00,2.00730e+00,5.16642e-01,4.00482e+00,3.58661e+00
9.45710e-01,2.24463e+01,1.14898e-01,2.94638e+02,3.55628e-01,3.29512e+00,8.27298e+01,1.34155e+02,6.09539e+00,1.67746e+01,7.03012e+00,4.13223e+01,1.85659e+00,1.03642e+00,8.73227e+00,7.09759e+00,2.01306e+00,4.81297e-01,3.89125e+00,3.57599e+00
9.34209e-01,2.32644e+01,1.14422e-01,2.83173e+02,3.45992e-01,3.19958e+00,7.68053e+01,1.31772e+02,5.98170e+00,1.67547e+01,6.65421e+00,4.19960e+01,1.86261e+00,1.01862e+00,8.04089e+00,7.05711e+00,2.01836e+00,4.49830e-01,3.78791e+00,3.56427e+00
9.20316e-01,2.40489e+01,1.14013e-01,2.72759e+02,3.37524e-01,3.09935e+00,7.13874e+01,1.28259e+02,5.87953e+00,1.69296e+01,6.28874e+00,4.27294e+01,1.86635e+00,1.00019e+00,7.42117e+00,6.99849e+00,2.02308e+00,4.21786e-01,3.69287e+00,3.55168e+00
9.04707e-01,2.48483e+01,1.13658e-01,2.64003e+02,3.30047e-01,2.99749e+00,6.64504e+01,1.24015e+02,5.78149e+00,1.79638e+01,5.93551e+00,4.34761e+01,1.86784e+00,9.81295e-01,6.86415e+00,6.92773e+00,2.02727e+00,3.96754e-01,3.60435e+00,3.53844e+00
8.88088e-01,2.57299e+01,1.13338e-01,2.57082e+02,3.23442e-01,2.89580e+00,6.19574e+01,1.19368e+02,5.68190e+00,2.26868e+01,5.59619e+00,4.41829e+01,1.86734e+00,9.62189e-01,6.36286e+00,6.84976e+00,2.03102e+00,3.74404e-01,3.52104e+00,3.52465e+00
8.70929e-01,2.67933e+01,1.13066e-01,2.51663e+02,3.17622e-01,2.79526e+00,5.78648e+01,1.14567e+02,5.57701e+00,3.92519e+01,5.27214e+00,4.47945e+01,1.86501e+00,9.43041e-01,5.91092e+00,6.76864e+00,2.03447e+00,3.54422e-01,3.44183e+00,3.51052e+00
8.53766e-01,2.81994e+01,1.12838e-01,2.47002e+02,3.12477e-01,2.69632e+00,5.41283e+01,1.09802e+02,5.46469e+00,7.40437e+01,4.96441e+00,4.52665e+01,1.86107e+00,9.23983e-01,5.50238e+00,6.68771e+00,2.03784e+00,3.36542e-01,3.36577e+00,3.49625e+00
8.36903e-01,3.02279e+01,1.12648e-01,2.42274e+02,3.07966e-01,2.59922e+00,5.07065e+01,1.05234e+02,5.34412e+00,1.14182e+02,4.67353e+00,4.55668e+01,1.85583e+00,9.05150e-01,5.13256e+00,6.60911e+00,2.04144e+00,3.20536e-01,3.29231e+00,3.48205e+00
8.20567e-01,3.33540e+01,1.12502e-01,2.36902e+02,3.03989e-01,2.50406e+00,4.75614e+01,1.00994e+02,5.21549e+00,1.42953e+02,4.39966e+00,4.56832e+01,1.84961e+00,8.86646e-01,4.79724e+00,6.53425e+00,2.04552e+00,3.06197e-01,3.22064e+00,3.46797e+00
8.04940e-01,3.82646e+01,1.12413e-01,2.30658e+02,3.00498e-01,2.41099e+00,4.46616e+01,9.72697e+01,5.07957e+00,1.57419e+02,4.14264e+00,4.56159e+01,1.84271e+00,8.68540e-01,4.49277e+00,6.46436e+00,2.05031e+00,2.93358e-01,3.15064e+00,3.45416e+00
7.90136e-01,4.56062e+01,1.12336e-01,2.23617e+02,2.97411e-01,2.32009e+00,4.19790e+01,9.43977e+01,4.93767e+00,1.61860e+02,3.90198e+00,4.53851e+01,1.83541e+00,8.50910e-01,4.21569e+00,6.39962e+00,2.05609e+00,2.81862e-01,3.08191e+00,3.44068e+00
7.76236e-01,5.53660e+01,1.12281e-01,2.15978e+02,2.95619e-01,2.23159e+00,3.94930e+01,9.33860e+01,4.79124e+00,1.60606e+02,3.67723e+00,4.50129e+01,1.82806e+00,8.33803e-01,3.96322e+00,6.34065e+00,2.06309e+00,2.71566e-01,3.01469e+00,3.42755e+00
7.63287e-01,6.64290e+01,1.14032e-01,2.08002e+02,2.98379e-01,2.14570e+00,3.71850e+01,9.75738e+01,4.64166e+00,1.56413e+02,3.46762e+00,4.45306e+01,1.82088e+00,8.17245e-01,3.73281e+00,6.28727e+00,2.07147e+00,2.62393e-01,2.94884e+00,3.41488e+00
7.51300e-01,7.71257e+01,1.18503e-01,1.99917e+02,3.05230e-01,2.06252e+00,3.50388e+01,1.16591e+02,4.49096e+00,1.50799e+02,3.27230e+00,4.39705e+01,1.81411e+00,8.01278e-01,3.52227e+00,6.23925e+00,2.08144e+00,2.54188e-01,2.88430e+00,3.40265e+00
7.40259e-01,8.63927e+01,1.25546e-01,1.91911e+02,3.10698e-01,1.98221e+00,3.30417e+01,1.64997e+02,4.34046e+00,1.44565e+02,3.09048e+00,4.33700e+01,1.80796e+00,7.85912e-01,3.32958e+00,6.19668e+00,2.09317e+00,2.46870e-01,2.82148e+00,3.39088e+00
7.30106e-01,9.44788e+01,1.33350e-01,1.84127e+02,3.18064e-01,1.90494e+00,3.11812e+01,2.35294e+02,4.19163e+00,1.38135e+02,2.92128e+00,4.27828e+01,1.80254e+00,7.71205e-01,3.15303e+00,6.15869e+00,2.10684e+00,2.40391e-01,2.76040e+00,3.37960e+00
7.20774e-01,1.03226e+02,1.39405e-01,1.76687e+02,3.26712e-01,1.83075e+00,2.94467e+01,2.94472e+02,4.04544e+00,1.31738e+02,2.76393e+00,4.23113e+01,1.79797e+00,7.57145e-01,2.99102e+00,6.12543e+00,2.12256e+00,2.34613e-01,2.70126e+00,3.36881e+00
7.12213e-01,1.16407e+02,1.44388e-01,1.69722e+02,3.36016e-01,1.75975e+00,2.78286e+01,3.27976e+02,3.90287e+00,1.25496e+02,2.61755e+00,4.21856e+01,1.79429e+00,7.43772e-01,2.84224e+00,6.09595e+00,2.14045e+00,2.29552e-01,2.64396e+00,3.35845e+00
7.04311e-01,1.39562e+02,1.49294e-01,1.63489e+02,3.46178e-01,1.69194e+00,2.63177e+01,3.41492e+02,3.76466e+00,1.19478e+02,2.48139e+00,4.29159e+01,1.79152e+00,7.31097e-01,2.70538e+00,6.07014e+00,2.16050e+00,2.25198e-01,2.58889e+00,3.34854e+00
6.96982e-01,1.76300e+02,1.54373e-01,1.58711e+02,3.56986e-01,1.62734e+00,2.49056e+01,3.43367e+02,3.63139e+00,1.13721e+02,2.35463e+00,4.55007e+01,1.78961e+00,7.19107e-01,2.57936e+00,6.04724e+00,2.18266e+00,2.21433e-01,2.53603e+00,3.33902e+00
6.90130e-01,2.21743e+02,1.59266e-01,1.57746e+02,3.68056e-01,1.56583e+00,2.35847e+01,3.38999e+02,3.50325e+00,1.08240e+02,2.23662e+00,5.15076e+01,1.78848e+00,7.07792e-01,2.46315e+00,6.02670e+00,2.20673e+00,2.18231e-01,2.48532e+00,3.32984e+00
6.83676e-01,2.64515e+02,1.63512e-01,1.67740e+02,3.79912e-01,1.50739e+00,2.23485e+01,3.31251e+02,3.38058e+00,1.03042e+02,2.12673e+00,6.25634e+01,1.78801e+00,6.97229e-01,2.35598e+00,6.00795e+00,2.23246e+00,2.15500e-01,2.43703e+00,3.32108e+00
6.77590e-01,2.96816e+02,1.66498e-01,2.02274e+02,3.92989e-01,1.45200e+00,2.11909e+01,3.21694e+02,3.26348e+00,9.81268e+01,2.02436e+00,7.90408e+01,1.78806e+00,6.87430e-01,2.25690e+00,5.99092e+00,2.25936e+00,2.13194e-01,2.39117e+00,3.31271e+00
6.71786e-01,3.17672e+02,1.67838e-01,2.63441e+02,4.07192e-01,1.39952e+00,2.01059e+01,3.11123e+02,3.15197e+00,9.34865e+01,1.92889e+00,9.90331e+01,1.78848e+00,6.78368e-01,2.16535e+00,5.97480e+00,2.28692e+00,2.11220e-01,2.34760e+00,3.30473e+00
6.66287e-01,3.29511e+02,1.67389e-01,3.23638e+02,4.21777e-01,1.34986e+00,1.90887e+01,3.00032e+02,3.04591e+00,8.91128e+01,1.83981e+00,1.19107e+02,1.78909e+00,6.70041e-01,2.08062e+00,5.95937e+00,2.31462e+00,2.09557e-01,2.30662e+00,3.29713e+00
6.61051e-01,3.35184e+02,1.65394e-01,3.60394e+02,4.35304e-01,1.30293e+00,1.81347e+01,2.88705e+02,2.94521e+00,8.49935e+01,1.75669e+00,1.36202e+02,1.78987e+00,6.62455e-01,2.00222e+00,5.94453e+00,2.34191e+00,2.08131e-01,2.26791e+00,3.28995e+00
6.56086e-01,3.36854e+02,1.62267e-01,3.75279e+02,4.46501e-01,1.25860e+00,1.72394e+01,2.77365e+02,2.84968e+00,8.11152e+01,1.67907e+00,1.48813e+02,1.79065e+00,6.55579e-01,1.92955e+00,5.92996e+00,2.36834e+00,2.06911e-01,2.23159e+00,3.28328e+00
6.51338e-01,3.35938e+02,1.58449e-01,3.77030e+02,4.64011e-01,1.21681e+00,1.63992e+01,2.66120e+02,2.75917e+00,7.74674e+01,1.60658e+00,1.56918e+02,1.79129e+00,6.49342e-01,1.86221e+00,5.91552e+00,2.39364e+00,2.05859e-01,2.19746e+00,3.27719e+00
6.46764e-01,3.33287e+02,1.81985e-01,3.71937e+02,4.95709e-01,1.17744e+00,1.56103e+01,2.55071e+02,2.67353e+00,7.40367e+01,1.53876e+00,1.61345e+02,1.79176e+00,6.43700e-01,1.79972e+00,5.90132e+00,2.41758e+00,2.08319e-01,2.16545e+00,3.27172e+00
6.42344e-01,3.29403e+02,2.56604e-01,3.63373e+02,5.94507e-01,1.14040e+00,1.48694e+01,2.44277e+02,2.60766e+00,7.08122e+01,1.47529e+00,1.63212e+02,1.79196e+00,6.38684e-01,1.74168e+00,5.88746e+00,2.44013e+00,2.23286e-01,2.13561e+00,3.26691e+00
6.46646e-01,3.24597e+02,4.34824e-01,3.53066e+02,1.01311e+00,1.10551e+00,1.41730e+01,2.33777e+02,2.56729e+00,6.78470e+01,1.41588e+00,1.63647e+02,1.79737e+00,6.88054e-01,1.68777e+00,5.87388e+00,2.46278e+00,2.45098e-01,2.10774e+00,3.26442e+00
6.70305e-01,3.19082e+02,7.06179e-01,3.41889e+02,1.89840e+00,1.07303e+00,1.35189e+01,2.23627e+02,2.55004e+00,6.51030e+01,1.36026e+00,1.63649e+02,1.80268e+00,7.70771e-01,1.63768e+00,5.86073e+00,2.49538e+00,2.68574e-01,2.10012e+00,3.26236e+00
6.97440e-01,3.13041e+02,1.32547e+00,3.30336e+02,4.88526e+00,1.04208e+00,1.29041e+01,2.13835e+02,2.55637e+00,6.26907e+01,1.30815e+00,1.64118e+02,1.80994e+00,8.77871e-01,1.59112e+00,5.84812e+00,2.53218e+00,3.07146e-01,2.10412e+00,3.27697e+00
7.15061e-01,3.06653e+02,2.46989e+00,3.18666e+02,1.51080e+01,1.01306e+00,1.23259e+01,2.04418e+02,2.57808e+00,6.04705e+01,1.25932e+00,1.65897e+02,1.82151e+00,1.02456e+00,1.54783e+00,5.83610e+00,2.57012e+00,3.46877e-01,2.13618e+00,3.29485e+00
7.63423e-01,3.00070e+02,3.70612e+00,3.07074e+02,2.88926e+01,9.85876e-01,1.17821e+01,1.95389e+02,2.60778e+00,5.83512e+01,1.21349e+00,1.69960e+02,1.85428e+00,1.20551e+00,1.50756e+00,5.82484e+00,2.60690e+00,3.88332e-01,2.19054e+00,3.32228e+00
8.86394e-01,2.93441e+02,4.40097e+00,2.95649e+02,3.79028e+01,9.60420e-01,1.12704e+01,1.86758e+02,2.64365e+00,5.63098e+01,1.17046e+00,1.77681e+02,2.23904e+00,1.42565e+00,1.47006e+00,5.81439e+00,2.63849e+00,4.31996e-01,2.25010e+00,3.35588e+00
1.08214e+00,2.86882e+02,4.59811e+00,2.84464e+02,3.92012e+01,9.36609e-01,1.07890e+01,1.78509e+02,2.69799e+00,5.43365e+01,1.13010e+00,1.90974e+02,3.26472e+00,1.70644e+00,1.43521e+00,5.80469e+00,2.66427e+00,4.85446e-01,2.31605e+00,3.38533e+00
1.41552e+00,2.80473e+02,5.03832e+00,2.73569e+02,3.93118e+01,9.14316e-01,1.03356e+01,1.70647e+02,2.83259e+00,5.24334e+01,1.09223e+00,2.11796e+02,5.24152e+00,2.29638e+00,1.40277e+00,5.79592e+00,2.68472e+00,8.39810e-01,2.39632e+00,3.40672e+00
2.59205e+00,2.74254e+02,6.55176e+00,2.63011e+02,4.32612e+01,8.93452e-01,9.90872e+00,1.63167e+02,3.21190e+00,5.07099e+01,1.05664e+00,2.40723e+02,1.03926e+01,4.50169e+00,1.37259e+00,5.78814e+00,2.75044e+00,1.51337e+00,2.49201e+00,3.43023e+00
6.12883e+00,2.68461e+02,8.92045e+00,2.52831e+02,4.82165e+01,9.21464e-01,9.60211e+00,1.56339e+02,4.02817e+00,4.95500e+01,1.02461e+00,2.75556e+02,1.88276e+01,1.09462e+01,1.37763e+00,5.78116e+00,2.87198e+00,2.52763e+00,2.62287e+00,3.46787e+00
1.09421e+01,2.62943e+02,1.15558e+01,2.43092e+02,5.27476e+01,9.82842e-01,9.55599e+00,1.50669e+02,5.26893e+00,4.98510e+01,1.03844e+00,3.11604e+02,3.53720e+01,2.18895e+01,1.45338e+00,5.77551e+00,3.00407e+00,3.65890e+00,2.87404e+00,3.54367e+00
2.03494e+01,2.57500e+02,1.38228e+01,2.33925e+02,5.55189e+01,1.05944e+00,1.01115e+01,1.45434e+02,6.89103e+00,5.15138e+01,1.13264e+00,3.43969e+02,1.19105e+02,3.70675e+01,1.52027e+00,5.77243e+00,3.12749e+00,4.92890e+00,3.27880e+00,3.67921e+00
4.18198e+01,2.52401e+02,1.46473e+01,2.25397e+02,5.56943e+01,1.12512e+00,1.08682e+01,1.39852e+02,9.12093e+00,5.33147e+01,1.22722e+00,3.69945e+02,2.56689e+02,5.62958e+01,1.64943e+00,5.77394e+00,3.22945e+00,8.32217e+00,3.78073e+00,3.83068e+00
7.95137e+01,2.47603e+02,1.39837e+01,2.17509e+02,5.33575e+01,1.16834e+00,1.12522e+01,1.34232e+02,1.24962e+01,5.56302e+01,1.33768e+00,3.89570e+02,3.65152e+02,7.45223e+01,1.82539e+00,5.78261e+00,3.31584e+00,1.56527e+01,4.25632e+00,3.95247e+00
1.31094e+02,2.43027e+02,1.25809e+01,2.10340e+02,4.89718e+01,1.21273e+00,1.14994e+01,1.28867e+02,1.80110e+01,6.00623e+01,1.54198e+00,4.04341e+02,4.68778e+02,9.04228e+01,1.97737e+00,5.79580e+00,3.40367e+00,2.22390e+01,4.66960e+00,4.03911e+00
1.77340e+02,2.38380e+02,1.10699e+01,2.04027e+02,4.33402e+01,1.28130e+00,1.19672e+01,1.23755e+02,2.58827e+01,6.65175e+01,1.63184e+00,4.16501e+02,5.79337e+02,1.04348e+02,2.12337e+00,5.81277e+00,3.51297e+00,2.51125e+01,5.05108e+00,4.10865e+00
2.05260e+02,2.33404e+02,9.68063e+00,1.98470e+02,3.71544e+01,1.39311e+00,1.25450e+01,1.18904e+02,3.32703e+01,7.22324e+01,1.59981e+00,4.28793e+02,6.99434e+02,1.19274e+02,2.29026e+00,5.83357e+00,3.67636e+00,2.59995e+01,5.41225e+00,4.18068e+00
2.19484e+02,2.28079e+02,8.39958e+00,1.93427e+02,3.10012e+01,1.56947e+00,1.29376e+01,1.14460e+02,3.75180e+01,7.47093e+01,1.56476e+00,4.42708e+02,8.06105e+02,1.40516e+02,2.47356e+00,5.85834e+00,3.97680e+00,2.67108e+01,5.73307e+00,4.26573e+00
2.29252e+02,2.22571e+02,7.20451e+00,1.88666e+02,2.53610e+01,1.78704e+00,1.30320e+01,1.10562e+02,3.93478e+01,7.36954e+01,1.54582e+00,4.56691e+02,8.47538e+02,1.71426e+02,2.72344e+00,5.88598e+00,4.68821e+00,2.75092e+01,5.97478e+00,4.36695e+00
2.35648e+02,2.17074e+02,6.10772e+00,1.83930e+02,2.05099e+01,1.95993e+00,1.28504e+01,1.07196e+02,4.12233e+01,7.03754e+01,1.52480e+00,4.68244e+02,8.23757e+02,2.06932e+02,3.07910e+00,5.91512e+00,6.32649e+00,2.75457e+01,6.11886e+00,4.48341e+00
2.32430e+02,2.11832e+02,5.12663e+00,1.79005e+02,1.65125e+01,2.03069e+00,1.24894e+01,1.04226e+02,4.50022e+01,6.60667e+01,1.49963e+00,4.76515e+02,7.67024e+02,2.29888e+02,3.49494e+00,5.94336e+00,8.80311e+00,2.62712e+01,6.18152e+00,4.61315e+00
2.17579e+02,2.07231e+02,4.27377e+00,1.73795e+02,1.33043e+01,2.00888e+00,1.20503e+01,1.01476e+02,5.07386e+01,6.16622e+01,1.47239e+00,4.81550e+02,7.01249e+02,2.30670e+02,3.91771e+00,5.96896e+00,1.09003e+01,2.39684e+01,6.19480e+00,4.75484e+00
1.95253e+02,2.03926e+02,3.55240e+00,1.68375e+02,1.07647e+01,1.93194e+00,1.16088e+01,9.87847e+01,5.76404e+01,5.76196e+01,1.44282e+00,4.83171e+02,6.38238e+02,2.15140e+02,4.32937e+00,5.99099e+00,1.19004e+01,2.12130e+01,6.18476e+00,4.90822e+00
1.70559e+02,2.02958e+02,2.95581e+00,1.62916e+02,8.76720e+00,1.83105e+00,1.12136e+01,9.60943e+01,6.55063e+01,5.41042e+01,1.41088e+00,4.81101e+02,5.82468e+02,1.92372e+02,4.74521e+00,6.00873e+00,1.20753e+01,1.84355e+01,6.16427e+00,5.07430e+00
1.46784e+02,2.05855e+02,2.47056e+00,1.57614e+02,7.19773e+00,1.72418e+00,1.08831e+01,9.34290e+01,7.43616e+01,5.11251e+01,1.37749e+00,4.75529e+02,5.33629e+02,1.68225e+02,5.20169e+00,6.02249e+00,1.19086e+01,1.58590e+01,6.13809e+00,5.25279e+00
1.25418e+02,2.14478e+02,2.07962e+00,1.52612e+02,5.96199e+00,1.62055e+00,1.06128e+01,9.08272e+01,8.37296e+01,4.86236e+01,1.34410e+00,4.67208e+02,4.88760e+02,1.45471e+02,5.73806e+00,6.03194e+00,1.17319e+01,1.35707e+01,6.10902e+00,5.44042e+00
1.06886e+02,2.30235e+02,1.76598e+00,1.47975e+02,4.98508e+00,1.52431e+00,1.03962e+01,8.83168e+01,9.29268e+01,4.65150e+01,1.31189e+00,4.57144e+02,4.45313e+02,1.25154e+02,6.37020e+00,6.03727e+00,1.17130e+01,1.15890e+01,6.07607e+00,5.63179e+00
9.11024e+01,2.52592e+02,1.51447e+00,1.43700e+02,4.20844e+00,1.43703e+00,1.02488e+01,8.58748e+01,1.01392e+02,4.47188e+01,1.28180e+00,4.46202e+02,4.02721e+02,1.07498e+02,7.08314e+00,6.03837e+00,1.19173e+01,9.89846e+00,6.03250e+00,5.81964e+00
7.77836e+01,2.78184e+02,1.31225e+00,1.39740e+02,3.58710e+00,1.35890e+00,1.02243e+01,8.34558e+01,1.08410e+02,4.31666e+01,1.25446e+00,4.34926e+02,3.61824e+02,9.23713e+01,7.85945e+00,6.03548e+00,1.23635e+01,8.46908e+00,5.96800e+00,5.99961e+00
6.65939e+01,3.02167e+02,1.14900e+00,1.36032e+02,3.08673e+00,1.28966e+00,1.04140e+01,8.10229e+01,1.13121e+02,4.18044e+01,1.23025e+00,4.23536e+02,3.23693e+02,7.95045e+01,8.70807e+00,6.02895e+00,1.30747e+01,7.26659e+00,5.87570e+00,6.17341e+00
5.72069e+01,3.20844e+02,1.01636e+00,1.32515e+02,2.68072e+00,1.22882e+00,1.09208e+01,7.85562e+01,1.15044e+02,4.05937e+01,1.20930e+00,4.12052e+02,2.89030e+02,6.85948e+01,9.64436e+00,6.01943e+00,1.41680e+01,6.25704e+00,5.75537e+00,6.35632e+00
4.93340e+01,3.32865e+02,9.07973e-01,1.29147e+02,2.34908e+00,1.17593e+00,1.17986e+01,7.60699e+01,1.14365e+02,3.95118e+01,1.19180e+00,4.00421e+02,2.58074e+02,5.93561e+01,1.06353e+01,6.00716e+00,1.61773e+01,5.40995e+00,5.61244e+00,6.58803e+00
4.27272e+01,3.38724e+02,8.18751e-01,1.25901e+02,2.07628e+00,1.13036e+00,1.29756e+01,7.35995e+01,1.11751e+02,3.85518e+01,1.17796e+00,3.88615e+02,2.30748e+02,5.15332e+01,1.15822e+01,5.99295e+00,2.15957e+01,4.69835e+00,5.45383e+00,6.95027e+00
3.71759e+01,3.39738e+02,7.44826e-01,1.22772e+02,1.85039e+00,1.09161e+00,1.42509e+01,7.11915e+01,1.07995e+02,3.77193e+01,1.16785e+00,3.76670e+02,2.06781e+02,4.49016e+01,1.23874e+01,5.97746e+00,4.25795e+01,4.09958e+00,5.28740e+00,7.58737e+00
3.25027e+01,3.37277e+02,6.87269e-01,1.19765e+02,1.66260e+00,1.05895e+00,1.53934e+01,6.89129e+01,1.03769e+02,3.70338e+01,1.16164e+00,3.64677e+02,1.85863e+02,3.92683e+01,1.30268e+01,5.96106e+00,1.15102e+02,3.59942e+00,5.11901e+00,8.72780e+00
2.85598e+01,3.32480e+02,6.41394e-01,1.16889e+02,1.50510e+00,1.03180e+00,1.62543e+01,6.68436e+01,9.94846e+01,3.65204e+01,1.15917e+00,3.52788e+02,1.67689e+02,3.44725e+01,1.35495e+01,5.94458e+00,2.52036e+02,3.17668e+00,4.95344e+00,1.06656e+01
2.52232e+01,3.26196e+02,6.10527e-01,1.14146e+02,1.37175e+00,1.00963e+00,1.67917e+01,6.50792e+01,9.52614e+01,3.62074e+01,1.16008e+00,3.41190e+02,1.51932e+02,3.03748e+01,1.40139e+01,5.92880e+00,3.69527e+02,2.82104e+00,4.79396e+00,1.34915e+01
2.23894e+01,3.19014e+02,5.87252e-01,1.11547e+02,1.25925e+00,9.92006e-01,1.70388e+01,6.37093e+01,9.10080e+01,3.61142e+01,1.16393e+00,3.30083e+02,1.38276e+02,2.68652e+01,1.44254e+01,5.91419e+00,4.22232e+02,2.52421e+00,4.64362e+00,1.67076e+01
1.99717e+01,3.11331e+02,5.67853e-01,1.09101e+02,1.16394e+00,9.78532e-01,1.70615e+01,6.27808e+01,8.65744e+01,3.62465e+01,1.17024e+00,3.19726e+02,1.26487e+02,2.38512e+01,1.47308e+01,5.90142e+00,4.32174e+02,2.27328e+00,4.50563e+00,2.30734e+01
1.79005e+01,3.03418e+02,5.52485e-01,1.06857e+02,1.08271e+00,9.68909e-01,1.69280e+01,6.22667e+01,8.18713e+01,3.65882e+01,1.17851e+00,3.10463e+02,1.16318e+02,2.12564e+01,1.48602e+01,5.89100e+00,4.21710e+02,2.05710e+00,4.38353e+00,3.22832e+02
1.61202e+01,2.95448e+02,5.40357e-01,1.04857e+02,1.01316e+00,9.62840e-01,1.66963e+01,6.20667e+01,7.69215e+01,3.70976e+01,1.18790e+00,3.02752e+02,1.07568e+02,1.90149e+01,1.47717e+01,5.88315e+00,4.01911e+02,1.86869e+00,4.28162e+00,7.90680e+02
1.45843e+01,2.87539e+02,5.29608e-01,1.03147e+02,9.53388e-01,9.60133e-01,1.64075e+01,6.20501e+01,7.18225e+01,3.77141e+01,1.19760e+00,2.97231e+02,1.00117e+02,1.70723e+01,1.44669e+01,5.87862e+00,3.77803e+02,1.70462e+00,4.20633e+00,8.84267e+02
1.32534e+01,2.79754e+02,5.18267e-01,1.01716e+02,9.01437e-01,9.60539e-01,1.60898e+01,6.21173e+01,6.67194e+01,3.83669e+01,1.20639e+00,2.94689e+02,9.38324e+01,1.53816e+01,1.39816e+01,5.87691e+00,3.51959e+02,1.56161e+00,4.16566e+00,8.74067e+02
1.20929e+01,2.72144e+02,5.05363e-01,1.00494e+02,8.56010e-01,9.63869e-01,1.57613e+01,6.22562e+01,6.17382e+01,3.89840e+01,1.21319e+00,2.95947e+02,8.85499e+01,1.39061e+01,1.33660e+01,5.87903e+00,3.25899e+02,1.43647e+00,4.16981e+00,8.37586e+02
1.10748e+01,2.64744e+02,4.91061e-01,9.93651e+01,8.16104e-01,9.69944e-01,1.54365e+01,6.25531e+01,5.69770e+01,3.95103e+01,1.21682e+00,3.01552e+02,8.40467e+01,1.26134e+01,1.26692e+01,5.88565e+00,3.00550e+02,1.32632e+00,4.23083e+00,7.93150e+02
1.01758e+01,2.57584e+02,4.76305e-01,9.82489e+01,7.81042e-01,9.78612e-01,1.51278e+01,6.31613e+01,5.24964e+01,3.99084e+01,1.21643e+00,3.11399e+02,8.00566e+01,1.14789e+01,1.19323e+01,5.90119e+00,2.76452e+02,1.22881e+00,4.35855e+00,7.47052e+02
9.37692e+00,2.50689e+02,4.62576e-01,9.71124e+01,7.50118e-01,9.89781e-01,1.48465e+01,6.42728e+01,4.83302e+01,4.01646e+01,1.21170e+00,3.24459e+02,7.63170e+01,1.04813e+01,1.11868e+01,5.93496e+00,2.53909e+02,1.14232e+00,4.55681e+00,7.01973e+02
8.66374e+00,2.44080e+02,4.51278e-01,9.59952e+01,7.23003e-01,1.00338e+00,1.46048e+01,6.60204e+01,4.44872e+01,4.02879e+01,1.20282e+00,3.38901e+02,7.26268e+01,9.60301e+00,1.04546e+01,6.00327e+00,2.33048e+02,1.06578e+00,4.81780e+00,6.59021e+02
8.02398e+00,2.37770e+02,4.43499e-01,9.49550e+01,6.99308e-01,1.01939e+00,1.44148e+01,6.83945e+01,4.09632e+01,4.03052e+01,1.19040e+00,3.52633e+02,6.88724e+01,8.82951e+00,9.74969e+00,6.12326e+00,2.13883e+02,9.98409e-01,5.11921e+00,6.18569e+02
7.44807e+00,2.31766e+02,4.39263e-01,9.40504e+01,6.78645e-01,1.03778e+00,1.42883e+01,7.11369e+01,3.77438e+01,4.02597e+01,1.17552e+00,3.63951e+02,6.50285e+01,8.14838e+00,9.08129e+00,6.29917e+00,1.96358e+02,9.39504e-01,5.42736e+00,5.80619e+02
6.92746e+00,2.26064e+02,4.37308e-01,9.33132e+01,6.60715e-01,1.05843e+00,1.42360e+01,7.37831e+01,3.48092e+01,4.02061e+01,1.15971e+00,3.71917e+02,6.11291e+01,7.54812e+00,8.45396e+00,6.51050e+00,1.80379e+02,8.88273e-01,5.70742e+00,5.45003e+02
6.45561e+00,2.20652e+02,4.35923e-01,9.27562e+01,6.45226e-01,1.08128e+00,1.42693e+01,7.58588e+01,3.21396e+01,4.02057e+01,1.14462e+00,3.76339e+02,5.72383e+01,7.01837e+00,7.86994e+00,6.71846e+00,1.65837e+02,8.44037e-01,5.93163e+00,5.11528e+02
6.02687e+00,2.15513e+02,4.33390e-01,9.23891e+01,6.31809e-01,1.10606e+00,1.43983e+01,7.70760e+01,2.97117e+01,4.03212e+01,1.13209e+00,3.77552e+02,5.34224e+01,6.55016e+00,7.32953e+00,6.88552e+00,1.52615e+02,8.05986e-01,6.08500e+00,4.79974e+02
5.63665e+00,2.10611e+02,4.28792e-01,9.22288e+01,6.20198e-01,1.13216e+00,1.46312e+01,7.73835e+01,2.75054e+01,4.06063e+01,1.12411e+00,3.76164e+02,4.97378e+01,6.13402e+00,6.83133e+00,6.99185e+00,1.40597e+02,7.73299e-01,6.16577e+00,4.50227e+02
5.28069e+00,2.05912e+02,4.21915e-01,9.23359e+01,6.10151e-01,1.15875e+00,1.49709e+01,7.69076e+01,2.54993e+01,4.10950e+01,1.12275e+00,3.72811e+02,4.62278e+01,5.76180e+00,6.37361e+00,7.03735e+00,1.29673e+02,7.45136e-01,6.18144e+00,4.22186e+02
4.95565e+00,2.01377e+02,4.13303e-01,9.27992e+01,6.01430e-01,1.18486e+00,1.54100e+01,7.58536e+01,2.36753e+01,4.17936e+01,1.12989e+00,3.68065e+02,4.29203e+01,5.42597e+00,5.95408e+00,7.03317e+00,1.19740e+02,7.20726e-01,6.14447e+00,3.95792e+02
4.65832e+00,1.96974e+02,4.03573e-01,9.37174e+01,5.93722e-01,1.20945e+00,1.59273e+01,7.44224e+01,2.20157e+01,4.26903e+01,1.14713e+00,3.62378e+02,3.98296e+01,5.12019e+00,5.57014e+00,6.99454e+00,1.10702e+02,6.99373e-01,6.06807e+00,3.70992e+02
4.38621e+00,1.92671e+02,3.93424e-01,9.51554e+01,5.86821e-01,1.23155e+00,1.64875e+01,7.27790e+01,2.05044e+01,4.37970e+01,1.17542e+00,3.56092e+02,3.69600e+01,4.83954e+00,5.21928e+00,6.93520e+00,1.02473e+02,6.80522e-01,5.96495e+00,3.47748e+02
4.13710e+00,1.88449e+02,3.83404e-01,9.70871e+01,5.80551e-01,1.25036e+00,1.70462e+01,7.10234e+01,1.91266e+01,4.52516e+01,1.21484e+00,3.49445e+02,3.43083e+01,4.58016e+00,4.89874e+00,6.86587e+00,9.49737e+01,6.63727e-01,5.84463e+00,3.26009e+02
3.90898e+00,1.84292e+02,3.73917e-01,9.93451e+01,5.74760e-01,1.26528e+00,1.75614e+01,6.92117e+01,1.78699e+01,4.75101e+01,1.26437e+00,3.42600e+02,3.18673e+01,4.33949e+00,4.60610e+00,6.79445e+00,8.81338e+01,6.48649e-01,5.71510e+00,3.05729e+02
3.70008e+00,1.80197e+02,3.65124e-01,1.01648e+02,5.69297e-01,1.27612e+00,1.79993e+01,6.73782e+01,1.67215e+01,5.15339e+01,1.32197e+00,3.35692e+02,2.96254e+01,4.11555e+00,4.33895e+00,6.72673e+00,8.18886e+01,6.35073e-01,5.58146e+00,2.86828e+02
3.50889e+00,1.76163e+02,3.57230e-01,1.03684e+02,5.64150e-01,1.28286e+00,1.83349e+01,6.55547e+01,1.56720e+01,5.85925e+01,1.38471e+00,3.28799e+02,2.75697e+01,3.90747e+00,4.09517e+00,6.66697e+00,7.61815e+01,6.22794e-01,5.44683e+00,2.69258e+02
3.33390e+00,1.72198e+02,3.50140e-01,1.05213e+02,5.59294e-01,1.28572e+00,1.85528e+01,6.37974e+01,1.47110e+01,6.92309e+01,1.44928e+00,3.21986e+02,2.56868e+01,3.71402e+00,3.87266e+00,6.61839e+00,7.09609e+01,6.11709e-01,5.31267e+00,2.52939e+02
3.17382e+00,1.68308e+02,3.43950e-01,1.06129e+02,5.54655e-01,1.28506e+00,1.86451e+01,6.21911e+01,1.38301e+01,8.21474e+01,1.51231e+00,3.15313e+02,2.39646e+01,3.53481e+00,3.66957e+00,6.58362e+00,6.61819e+01,6.01605e-01,5.17981e+00,2.37783e+02
3.02731e+00,1.64505e+02,3.38522e-01,1.06449e+02,5.50337e-01,1.28129e+00,1.86105e+01,6.08693e+01,1.30222e+01,9.47784e+01,1.57088e+00,3.08827e+02,2.23882e+01,3.36914e+00,3.48414e+00,6.58084e+00,6.18000e+01,5.92329e-01,5.04839e+00,2.23732e+02
2.89327e+00,1.60793e+02,3.33871e-01,1.06267e+02,5.46330e-01,1.27484e+00,1.84541e+01,6.00142e+01,1.22803e+01,1.05296e+02,1.62259e+00,3.02573e+02,2.09462e+01,3.21658e+00,3.31482e+00,6.00885e+01,5.77793e+01,5.83775e-01,4.91807e+00,2.10706e+02
2.77062e+00,1.57183e+02,3.29924e-01,1.05704e+02,5.42612e-01,1.26614e+00,1.81873e+01,5.98687e+01,1.15984e+01,1.13642e+02,1.66580e+00,2.96589e+02,1.96267e+01,3.07630e+00,3.16016e+00,5.78091e+02,5.40869e+01,5.75862e-01,4.78888e+00,1.98630e+02
2.65843e+00,1.53677e+02,3.26568e-01,1.04860e+02,5.39191e-01,1.25560e+00,1.78260e+01,6.07017e+01,1.09709e+01,1.21066e+02,1.69948e+00,2.90922e+02,1.84191e+01,2.94784e+00,3.01891e+00,6.95699e+02,5.06914e+01,5.68440e-01,4.66104e+00,1.87448e+02
2.55576e+00,1.50280e+02,3.23745e-01,1.03809e+02,5.36082e-01,1.24355e+00,1.73885e+01,6.27210e+01,1.03931e+01,1.29076e+02,1.72318e+00,2.85612e+02,1.73126e+01,2.83042e+00,2.88985e+00,6.87107e+02,4.75651e+01,5.61476e-01,4.53470e+00,1.77085e+02
2.46187e+00,1.46994e+02,3.21395e-01,1.02596e+02,5.33302e-01,1.23028e+00,1.68931e+01,6.59252e+01,9.86101e+00,1.38514e+02,1.73692e+00,2.80739e+02,1.62989e+01,2.72326e+00,2.77196e+00,6.60023e+02,4.46853e+01,5.54976e-01,4.41028e+00,1.67494e+02
2.37589e+00,1.43816e+02,3.19389e-01,1.01256e+02,5.30808e-01,1.21609e+00,1.63577e+01,6.99776e+01,9.37029e+00,1.49050e+02,1.74115e+00,2.76410e+02,1.53693e+01,2.62554e+00,2.66414e+00,6.30642e+02,4.20282e+01,5.48858e-01,4.28818e+00,1.58611e+02
2.29732e+00,1.40747e+02,3.17760e-01,9.98164e+01,5.28563e-01,1.20119e+00,1.57977e+01,7.42634e+01,8.91773e+00,1.59416e+02,1.73656e+00,2.72820e+02,1.45162e+01,2.53656e+00,2.56567e+00,6.01824e+02,3.95749e+01,5.43152e-01,4.16888e+00,1.50389e+02
2.22549e+00,1.37788e+02,3.16470e-01,9.83237e+01,5.26556e-01,1.18577e+00,1.52257e+01,7.81084e+01,8.50009e+00,1.68174e+02,1.72413e+00,2.70208e+02,1.37327e+01,2.45559e+00,2.47557e+00,5.74118e+02,3.73078e+01,5.37853e-01,4.05323e+00,1.42784e+02
2.15973e+00,1.34936e+02,3.15430e-01,9.68464e+01,5.24754e-01,1.16991e+00,1.46528e+01,8.10642e+01,8.11468e+00,1.74407e+02,1.70495e+00,2.68837e+02,1.30128e+01,2.38190e+00,2.39330e+00,5.47639e+02,3.52100e+01,5.33033e-01,3.94151e+00,1.35750e+02
2.09967e+00,1.32191e+02,3.14601e-01,9.54854e+01,5.23154e-01,1.15378e+00,1.40868e+01,8.30094e+01,7.75902e+00,1.77905e+02,1.68013e+00,2.68932e+02,1.23502e+01,2.31485e+00,2.31805e+00,5.22376e+02,3.32673e+01,5.28569e-01,3.83410e+00,1.29246e+02
2.04481e+00,1.29555e+02,3.13961e-01,9.43843e+01,5.21771e-01,1.13748e+00,1.35336e+01,8.41538e+01,7.43060e+00,1.78961e+02,1.65073e+00,2.70567e+02,1.17400e+01,2.25384e+00,2.24926e+00,4.98289e+02,3.14669e+01,5.24575e-01,3.73138e+00,1.23237e+02
1.99465e+00,1.27027e+02,3.13484e-01,9.37307e+01,5.20556e-01,1.12101e+00,1.29977e+01,8.50327e+01,7.12732e+00,1.78072e+02,1.61777e+00,2.73639e+02,1.11776e+01,2.19823e+00,2.18639e+00,4.75327e+02,2.97968e+01,5.21011e-01,3.63355e+00,1.17686e+02
1.94884e+00,1.24609e+02,3.13133e-01,9.37345e+01,5.19463e-01,1.10452e+00,1.24824e+01,8.65937e+01,6.84736e+00,1.75758e+02,1.58223e+00,2.77901e+02,1.06587e+01,2.14763e+00,2.12897e+00,4.53438e+02,2.82461e+01,5.17818e-01,3.54070e+00,1.12557e+02
1.90701e+00,1.22304e+02,3.12904e-01,9.45790e+01,5.18477e-01,1.08802e+00,1.19903e+01,9.03352e+01,6.58889e+00,1.72531e+02,1.54490e+00,2.83049e+02,1.01793e+01,2.10152e+00,2.07651e+00,4.32577e+02,2.68052e+01,5.15053e-01,3.45306e+00,1.07814e+02
1.86883e+00,1.20114e+02,3.12763e-01,9.63351e+01,5.17607e-01,1.07157e+00,1.15231e+01,9.81126e+01,6.35023e+00,1.69107e+02,1.50642e+00,2.88811e+02,9.73599e+00,2.05952e+00,2.02860e+00,4.12707e+02,2.54652e+01,5.12633e-01,3.37037e+00,1.03420e+02
1.83396e+00,1.18037e+02,3.12710e-01,9.88616e+01,5.16815e-01,1.05520e+00,1.10817e+01,1.10897e+02,6.12985e+00,1.67233e+02,1.46745e+00,2.94965e+02,9.32548e+00,2.02114e+00,1.98490e+00,3.93776e+02,2.42174e+01,5.10541e-01,3.29256e+00,9.93366e+01
1.80215e+00,1.16077e+02,3.12719e-01,1.01799e+02,5.16092e-01,1.03896e+00,1.06673e+01,1.26936e+02,5.92652e+00,1.71748e+02,1.42837e+00,3.01327e+02,8.94520e+00,1.98622e+00,1.94504e+00,3.75768e+02,2.30553e+01,5.08738e-01,3.21930e+00,9.55287e+01
1.77326e+00,1.14230e+02,3.12784e-01,1.04673e+02,5.15422e-01,1.02288e+00,1.02796e+01,1.42072e+02,5.73875e+00,1.92769e+02,1.38960e+00,3.07657e+02,8.59244e+00,1.95429e+00,1.90874e+00,3.58640e+02,2.19716e+01,5.07213e-01,3.15077e+00,9.19586e+01
1.74691e+00,1.12495e+02,3.12869e-01,1.07099e+02,5.14782e-01,1.00706e+00,9.91869e+00,1.52859e+02,5.56554e+00,2.39635e+02,1.35147e+00,3.13638e+02,8.26484e+00,1.92515e+00,1.87563e+00,3.42354e+02,2.09600e+01,5.05871e-01,3.08642e+00,8.85900e+01
1.72297e+00,1.10869e+02,3.12952e-01,1.08952e+02,5.14167e-01,9.91543e-01,9.58412e+00,1.58405e+02,5.40577e+00,3.02862e+02,1.31410e+00,3.18901e+02,7.96049e+00,1.89866e+00,1.84548e+00,3.26880e+02,2.00141e+01,5.04756e-01,3.02608e+00,8.53921e+01
1.70124e+00,1.09350e+02,3.13081e-01,1.10475e+02,5.13618e-01,9.76327e-01,9.27457e+00,1.59615e+02,5.25849e+00,3.56940e+02,1.27770e+00,3.23069e+02,7.67717e+00,1.87451e+00,1.81800e+00,3.12195e+02,1.91292e+01,5.03776e-01,2.96951e+00,8.23350e+01
1.68157e+00,1.07934e+02,3.13257e-01,1.12347e+02,5.13103e-01,9.61515e-01,8.98915e+00,1.57867e+02,5.12282e+00,3.87705e+02,1.24245e+00,3.25859e+02,7.41345e+00,1.85254e+00,1.79300e+00,2.98252e+02,1.83007e+01,5.02987e-01,2.91639e+00,7.93948e+01
1.66377e+00,1.06621e+02,3.13436e-01,1.15707e+02,5.12569e-01,9.47079e-01,8.72580e+00,1.54330e+02,4.99783e+00,3.97769e+02,1.20840e+00,3.27137e+02,7.16775e+00,1.83262e+00,1.77025e+00,2.85027e+02,1.75237e+01,5.02305e-01,2.86669e+00,7.65560e+01
1.64767e+00,1.05410e+02,3.13611e-01,1.21986e+02,5.12062e-01,9.33051e-01,8.48249e+00,1.49795e+02,4.88275e+00,3.94940e+02,1.17567e+00,3.26981e+02,6.93873e+00,1.81460e+00,1.74956e+00,2.72489e+02,1.67940e+01,5.01752e-01,2.81987e+00,7.38011e+01
1.63315e+00,1.04303e+02,3.13788e-01,1.32117e+02,5.11584e-01,9.19509e-01,8.25726e+00,1.44770e+02,4.77696e+00,3.85415e+02,1.14425e+00,3.25757e+02,6.72526e+00,1.79835e+00,1.73080e+00,2.60600e+02,1.61080e+01,5.01285e-01,2.77594e+00,7.11245e+01
1.62006e+00,1.03307e+02,3.13965e-01,1.45232e+02,5.11117e-01,9.06413e-01,8.04737e+00,1.39558e+02,4.67952e+00,3.72836e+02,1.11415e+00,3.24293e+02,6.52617e+00,1.78371e+00,1.71373e+00,2.49328e+02,1.54621e+01,5.00915e-01,2.73448e+00,6.85173e+01
1.60824e+00,1.02430e+02,3.14130e-01,1.58476e+02,5.10638e-01,8.93846e-01,7.85066e+00,1.34341e+02,4.59002e+00,3.59093e+02,1.08538e+00,3.24088e+02,6.34045e+00,1.77057e+00,1.69825e+00,2.38649e+02,1.48537e+01,5.00596e-01,2.69551e+00,6.59819e+01
1.59761e+00,1.01689e+02,3.14309e-01,1.68842e+02,5.10147e-01,8.81748e-01,7.66522e+00,1.29203e+02,4.50790e+00,3.45108e+02,1.05797e+00,3.27443e+02,6.16743e+00,1.75892e+00,1.68422e+00,2.28532e+02,1.42793e+01,5.00363e-01,2.65863e+00,6.35157e+01
1.58806e+00,1.01097e+02,3.14478e-01,1.74952e+02,5.09657e-01,8.70209e-01,7.48861e+00,1.24210e+02,4.43257e+00,3.31328e+02,1.03181e+00,3.37088e+02,6.00610e+00,1.74844e+00,1.67152e+00,2.18941e+02,1.37369e+01,5.00140e-01,2.62399e+00,6.11184e+01
1.57953e+00,1.00675e+02,3.14615e-01,1.77087e+02,5.09156e-01,8.59190e-01,7.31952e+00,1.19389e+02,4.36334e+00,3.17948e+02,1.00695e+00,3.55001e+02,5.85574e+00,1.73915e+00,1.65996e+00,2.09859e+02,1.32240e+01,4.99934e-01,2.59123e+00,5.87950e+01
1.57186e+00,1.00440e+02,3.14746e-01,1.76256e+02,5.08658e-01,8.48629e-01,7.15655e+00,1.14756e+02,4.29991e+00,3.05064e+02,9.83294e-01,3.80759e+02,5.71595e+00,1.73097e+00,1.64948e+00,2.01249e+02,1.27385e+01,4.99758e-01,2.56030e+00,5.65439e+01
1.56504e+00,1.00410e+02,3.14855e-01,1.73476e+02,5.08173e-01,8.38616e-01,6.99870e+00,1.10319e+02,4.24173e+00,2.92711e+02,9.60805e-01,4.10818e+02,5.58578e+00,1.72382e+00,1.63995e+00,1.93093e+02,1.22788e+01,4.99586e-01,2.53103e+00,5.43709e+01
1.55894e+00,1.00596e+02,3.14943e-01,1.69539e+02,5.07647e-01,8.29134e-01,6.84526e+00,1.06076e+02,4.18843e+00,2.80891e+02,9.39537e-01,4.39821e+02,5.46483e+00,1.71758e+00,1.63126e+00,1.85368e+02,1.18431e+01,4.99441e-01,2.50336e+00,5.22725e+01
1.55351e+00,1.00994e+02,3.15022e-01,1.64969e+02,5.07128e-01,8.20114e-01,6.69581e+00,1.02025e+02,4.13965e+00,2.69604e+02,9.19343e-01,4.63064e+02,5.35259e+00,1.71219e+00,1.62340e+00,1.78045e+02,1.14300e+01,4.99297e-01,2.47722e+00,5.02538e+01
1.54867e+00,1.01591e+02,3.15109e-01,1.60098e+02,5.06607e-01,8.11614e-01,6.55009e+00,9.81630e+01,4.09485e+00,2.58837e+02,9.00280e-01,4.78154e+02,5.24856e+00,1.70759e+00,1.61626e+00,1.71109e+02,1.10381e+01,4.99165e-01,2.45268e+00,4.83123e+01
1.54431e+00,1.02355e+02,3.15187e-01,1.55158e+02,5.06090e-01,8.03577e-01,6.40788e+00,9.44798e+01,4.05374e+00,2.48564e+02,8.82222e-01,4.85039e+02,5.15208e+00,1.70366e+00,1.60975e+00,1.64535e+02,1.06661e+01,4.99036e-01,2.42929e+00,4.64471e+01
1.54046e+00,1.03234e+02,3.15245e-01,1.50760e+02,5.05560e-01,7.96002e-01,6.26933e+00,9.09712e+01,4.01598e+00,2.38767e+02,8.65167e-01,4.85058e+02,5.06275e+00,1.70030e+00,1.60385e+00,1.58307e+02,1.03133e+01,4.98904e-01,2.40729e+00,4.46601e+01
1.53698e+00,1.04169e+02,3.15309e-01,1.54037e+02,5.04984e-01,7.88852e-01,6.13455e+00,8.76286e+01,3.98116e+00,2.29431e+02,8.49069e-01,4.80012e+02,4.98017e+00,1.69745e+00,1.59848e+00,1.52405e+02,9.97820e+00,4.98758e-01,2.38649e+00,4.29491e+01
1.53384e+00,1.05091e+02,3.15354e-01,2.03163e+02,5.04401e-01,7.82205e-01,6.00355e+00,8.44474e+01,3.94920e+00,2.20531e+02,8.33896e-01,4.71579e+02,4.90388e+00,1.69504e+00,1.59359e+00,1.46816e+02,9.66018e+00,4.98597e-01,2.36683e+00,4.13103e+01
1.53109e+00,1.05938e+02,3.15373e-01,3.37755e+02,5.03820e-01,7.75899e-01,5.87646e+00,8.14150e+01,3.91956e+00,2.12047e+02,8.19627e-01,4.61072e+02,4.83332e+00,1.69308e+00,1.58914e+00,1.41519e+02,9.35832e+00,4.98391e-01,2.34823e+00,3.97453e+01
1.52857e+00,1.06652e+02,3.15378e-01,4.80120e+02,5.03223e-01,7.70036e-01,5.75347e+00,7.85300e+01,3.89204e+00,2.03956e+02,8.06124e-01,4.49432e+02,4.76815e+00,1.69149e+00,1.58510e+00,1.36501e+02,9.07155e+00,4.98170e-01,2.33073e+00,3.82484e+01
1.52636e+00,1.07191e+02,3.15387e-01,5.59201e+02,5.02645e-01,7.64596e-01,5.63463e+00,7.57820e+01,3.86651e+00,1.96245e+02,7.93434e-01,4.37290e+02,4.70799e+00,1.69019e+00,1.58138e+00,1.31748e+02,8.79937e+00,4.97945e-01,2.31428e+00,3.68200e+01
1.52436e+00,1.07527e+02,3.15366e-01,5.86506e+02,5.02029e-01,7.59475e-01,5.52002e+00,7.31645e+01,3.84267e+00,1.88895e+02,7.81477e-01,4.25059e+02,4.65242e+00,1.68914e+00,1.57797e+00,1.27245e+02,8.54102e+00,4.97706e-01,2.29865e+00,3.54572e+01
1.52258e+00,1.07652e+02,3.15336e-01,5.87100e+02,5.01383e-01,7.54745e-01,5.40968e+00,7.06710e+01,3.82018e+00,1.81887e+02,7.70267e-01,4.12985e+02,4.60103e+00,1.68834e+00,1.57485e+00,1.22977e+02,8.29588e+00,4.97454e-01,2.28404e+00,3.41562e+01
1.52097e+00,1.07571e+02,3.15302e-01,5.75942e+02,5.00751e-01,7.50335e-01,5.30370e+00,6.82946e+01,3.79914e+00,1.75203e+02,7.59729e-01,4.01226e+02,4.55344e+00,1.68776e+00,1.57199e+00,1.18932e+02,8.06335e+00,4.97174e-01,2.27021e+00,3.29155e+01
1.51948e+00,1.07305e+02,3.15259e-01,5.60154e+02,5.00088e-01,7.46196e-01,5.20193e+00,6.60261e+01,3.77914e+00,1.68826e+02,7.49839e-01,3.89853e+02,4.50940e+00,1.68731e+00,1.56932e+00,1.15094e+02,7.84258e+00,4.96881e-01,2.25711e+00,3.17317e+01
1.51813e+00,1.06881e+02,3.15204e-01,5.42822e+02,4.99418e-01,7.42438e-01,5.10448e+00,6.38686e+01,3.76028e+00,1.62742e+02,7.40549e-01,3.78927e+02,4.46847e+00,1.68702e+00,1.56685e+00,1.11453e+02,7.63345e+00,4.96576e-01,2.24494e+00,3.06032e+01
1.51686e+00,1.06342e+02,3.15133e-01,5.25278e+02,4.98742e-01,7.38881e-01,5.01131e+00,6.18106e+01,3.74235e+00,1.56936e+02,7.31847e-01,3.68482e+02,4.43061e+00,1.68681e+00,1.56458e+00,1.07992e+02,7.43506e+00,4.96256e-01,2.23345e+00,2.95271e+01
1.51573e+00,1.05734e+02,3.15033e-01,5.08043e+02,4.98054e-01,7.35615e-01,4.92229e+00,5.98484e+01,3.72527e+00,1.51396e+02,7.23738e-01,3.58521e+02,4.39530e+00,1.68666e+00,1.56247e+00,1.04702e+02,7.24702e+00,4.95921e-01,2.22254e+00,2.85014e+01
1.51462e+00,1.05109e+02,3.14891e-01,4.91318e+02,4.97332e-01,7.32612e-01,4.83734e+00,5.79779e+01,3.70912e+00,1.46108e+02,7.16106e-01,3.49063e+02,4.36241e+00,1.68660e+00,1.56051e+00,1.01570e+02,7.06880e+00,4.95549e-01,2.21229e+00,2.75235e+01
1.51361e+00,1.04523e+02,3.14735e-01,4.75167e+02,4.96613e-01,7.29788e-01,4.75643e+00,5.61932e+01,3.69373e+00,1.41059e+02,7.08992e-01,3.40108e+02,4.33180e+00,1.68663e+00,1.55869e+00,9.85817e+01,6.89993e+00,4.95132e-01,2.20264e+00,2.65917e+01
1.51270e+00,1.04032e+02,3.14576e-01,4.59609e+02,4.95900e-01,7.27231e-01,4.67948e+00,5.44907e+01,3.67923e+00,1.36237e+02,7.02306e-01,3.31639e+02,4.30321e+00,1.68673e+00,1.55695e+00,9.57239e+01,6.74000e+00,4.94705e-01,2.19358e+00,2.57029e+01
1.51184e+00,1.03691e+02,3.14416e-01,4.44634e+02,4.95166e-01,7.24835e-01,4.60629e+00,5.28650e+01,3.66555e+00,1.31629e+02,6.96088e-01,3.23660e+02,4.27643e+00,1.68682e+00,1.55530e+00,9.29855e+01,6.58854e+00,4.94261e-01,2.18512e+00,2.48554e+01
1.51101e+00,1.03561e+02,3.14233e-01,4.30228e+02,4.94437e-01,7.22624e-01,4.53679e+00,5.13133e+01,3.65259e+00,1.27226e+02,6.90265e-01,3.16166e+02,4.25133e+00,1.68692e+00,1.55375e+00,9.03579e+01,6.44511e+00,4.93799e-01,2.17710e+00,2.40470e+01
1.51023e+00,1.03697e+02,3.14043e-01,4.16379e+02,4.93692e-01,7.20585e-01,4.47085e+00,4.98332e+01,3.64053e+00,1.23019e+02,6.84868e-01,3.09120e+02,4.22777e+00,1.68703e+00,1.55226e+00,8.78297e+01,6.30938e+00,4.93316e-01,2.16962e+00,2.32765e+01
1.50944e+00,1.04158e+02,3.13856e-01,4.03049e+02,4.92931e-01,7.18675e-01,4.40819e+00,4.84176e+01,3.62928e+00,1.18995e+02,6.79808e-01,3.02502e+02,4.20567e+00,1.68714e+00,1.55083e+00,8.53891e+01,6.18096e+00,4.92829e-01,2.16253e+00,2.25405e+01
1.50869e+00,1.05018e+02,3.13655e-01,3.90239e+02,4.92170e-01,7.16909e-01,4.34890e+00,4.70664e+01,3.61882e+00,1.15147e+02,6.75091e-01,2.96283e+02,4.18483e+00,1.68726e+00,1.54946e+00,8.30327e+01,6.05971e+00,4.92329e-01,2.15587e+00,2.18390e+01
1.50796e+00,1.06365e+02,3.13445e-01,3.77924e+02,4.91376e-01,7.15277e-01,4.29284e+00,4.57747e+01,3.60924e+00,1.11467e+02,6.70687e-01,2.90423e+02,4.16537e+00,1.68732e+00,1.54812e+00,8.07491e+01,5.94488e+00,4.91811e-01,2.14953e+00,2.11695e+01
1.50725e+00,1.08317e+02,3.13219e-01,3.66086e+02,4.90568e-01,7.13752e-01,4.23982e+00,4.45406e+01,3.60042e+00,1.07946e+02,6.66587e-01,2.84875e+02,4.14706e+00,1.68736e+00,1.54682e+00,7.85349e+01,5.83648e+00,4.91289e-01,2.14366e+00,2.05308e+01
1.50652e+00,1.11028e+02,3.12964e-01,3.54702e+02,4.89748e-01,7.12351e-01,4.18961e+00,4.33590e+01,3.59242e+00,1.04575e+02,6.62789e-01,2.79596e+02,4.12983e+00,1.68736e+00,1.54555e+00,7.63835e+01,5.73415e+00,4.90740e-01,2.13807e+00,1.99207e+01
1.50578e+00,1.14666e+02,3.12682e-01,3.43760e+02,4.88914e-01,7.11011e-01,4.14222e+00,4.22303e+01,3.58511e+00,1.01350e+02,6.59247e-01,2.74531e+02,4.11367e+00,1.68735e+00,1.54429e+00,7.42922e+01,5.63751e+00,4.90146e-01,2.13281e+00,1.93383e+01
1.50505e+00,1.19364e+02,3.12389e-01,3.33238e+02,4.88128e-01,7.09791e-01,4.09753e+00,4.11491e+01,3.57855e+00,9.82618e+01,6.55927e-01,2.69646e+02,4.10120e+00,1.68731e+00,1.54305e+00,7.22561e+01,5.54638e+00,4.89518e-01,2.12789e+00,1.87823e+01
1.50434e+00,1.25138e+02,3.12090e-01,3.23121e+02,4.87313e-01,7.08614e-01,4.05534e+00,4.01151e+01,3.57271e+00,9.53052e+01,6.52829e-01,2.64895e+02,4.13763e+00,1.68720e+00,1.54182e+00,7.02748e+01,5.46050e+00,4.88878e-01,2.12320e+00,1.82513e+01
1.50361e+00,1.31806e+02,3.11789e-01,3.13394e+02,4.86486e-01,7.07543e-01,4.01557e+00,3.91226e+01,3.56744e+00,9.24729e+01,6.49946e-01,2.60252e+02,4.16581e+00,1.68704e+00,1.54058e+00,6.83437e+01,5.37960e+00,4.88222e-01,2.11867e+00,1.77448e+01
1.50283e+00,1.38978e+02,3.11483e-01,3.04048e+02,4.85641e-01,7.06503e-01,3.97809e+00,3.81731e+01,3.56281e+00,8.97606e+01,6.47268e-01,2.55692e+02,4.20361e+00,1.68683e+00,1.53935e+00,6.64643e+01,5.30338e+00,4.87558e-01,2.11448e+00,1.72628e+01
1.50203e+00,1.46173e+02,3.11165e-01,2.95054e+02,4.84805e-01,7.05502e-01,3.94277e+00,3.72618e+01,3.55863e+00,8.71604e+01,6.44738e-01,2.51200e+02,4.25692e+00,1.68655e+00,1.53813e+00,6.46322e+01,5.23160e+00,4.86876e-01,2.11041e+00,1.68026e+01
1.50121e+00,1.53153e+02,3.10817e-01,2.86412e+02,4.83977e-01,7.04555e-01,3.90949e+00,3.63866e+01,3.55493e+00,8.46687e+01,6.42401e-01,2.46775e+02,4.27456e+00,1.68625e+00,1.53693e+00,6.28486e+01,5.16442e+00,4.86179e-01,2.10653e+00,1.63626e+01
1.50039e+00,1.60441e+02,3.10475e-01,2.78099e+02,4.83132e-01,7.03651e-01,3.87818e+00,3.55476e+01,3.55164e+00,8.22798e+01,6.40212e-01,2.42419e+02,4.25768e+00,1.68590e+00,1.53574e+00,6.11136e+01,5.10133e+00,4.85466e-01,2.10287e+00,1.59409e+01
1.49955e+00,1.70281e+02,3.10141e-01,2.70103e+02,4.82276e-01,7.02799e-01,3.84870e+00,3.47419e+01,3.54878e+00,7.99901e+01,6.38152e-01,2.38150e+02,4.22521e+00,1.68548e+00,1.53456e+00,5.94240e+01,5.04222e+00,4.84755e-01,2.09935e+00,1.55371e+01
1.49868e+00,1.88341e+02,3.09790e-01,2.62413e+02,4.81413e-01,7.01962e-01,3.82090e+00,3.39679e+01,3.54619e+00,7.77941e+01,6.36242e-01,2.33976e+02,4.18875e+00,1.68500e+00,1.53338e+00,5.77830e+01,4.98686e+00,4.84021e-01,2.09594e+00,1.51506e+01
1.49778e+00,2.24731e+02,3.09397e-01,2.55020e+02,4.80512e-01,7.01148e-01,3.79479e+00,3.32235e+01,3.54392e+00,7.56877e+01,6.34431e-01,2.29936e+02,4.15585e+00,1.68450e+00,1.53221e+00,5.61867e+01,4.93509e+00,4.83273e-01,2.09265e+00,1.47807e+01
1.49686e+00,2.87142e+02,3.08989e-01,2.47910e+02,4.79626e-01,7.00369e-01,3.77028e+00,3.25074e+01,3.54185e+00,7.36672e+01,6.32730e-01,2.26046e+02,4.13077e+00,1.68395e+00,1.53102e+00,5.46365e+01,4.88676e+00,4.82498e-01,2.08950e+00,1.44267e+01
1.49595e+00,3.64976e+02,3.08586e-01,2.41065e+02,4.78764e-01,6.99617e-01,3.74725e+00,3.18185e+01,3.53995e+00,7.17294e+01,6.31116e-01,2.22351e+02,4.11563e+00,1.68333e+00,1.52981e+00,5.31323e+01,4.84171e+00,4.81724e-01,2.08647e+00,1.40878e+01
1.49498e+00,4.33869e+02,3.08186e-01,2.34478e+02,4.77899e-01,6.98875e-01,3.72558e+00,3.11553e+01,3.53816e+00,6.98696e+01,6.29602e-01,2.18879e+02,4.11209e+00,1.68263e+00,1.52859e+00,5.16715e+01,4.79975e+00,4.80926e-01,2.08347e+00,1.37636e+01
1.49401e+00,4.79883e+02,3.07779e-01,2.28147e+02,4.77034e-01,6.98139e-01,3.70522e+00,3.05173e+01,3.53650e+00,6.80854e+01,6.28172e-01,2.15689e+02,4.12156e+00,1.68185e+00,1.52736e+00,5.02558e+01,4.76070e+00,4.80099e-01,2.08052e+00,1.34535e+01
1.49302e+00,5.04024e+02,3.07358e-01,2.22048e+02,4.76157e-01,6.97412e-01,3.68604e+00,2.99009e+01,3.53490e+00,6.63715e+01,6.26800e-01,2.12825e+02,4.14502e+00,1.68104e+00,1.52613e+00,4.88822e+01,4.72446e+00,4.79274e-01,2.07763e+00,1.31564e+01
1.49205e+00,5.12720e+02,3.06909e-01,2.16180e+02,4.75273e-01,6.96698e-01,3.66801e+00,2.93072e+01,3.53337e+00,6.47267e+01,6.25501e-01,2.10362e+02,4.18301e+00,1.68020e+00,1.52487e+00,4.75513e+01,4.69093e+00,4.78446e-01,2.07479e+00,1.28717e+01
1.49114e+00,5.11907e+02,3.06459e-01,2.10527e+02,4.74371e-01,6.95995e-01,3.65103e+00,2.87361e+01,3.53179e+00,6.31473e+01,6.24273e-01,2.08376e+02,4.23474e+00,1.67929e+00,1.52359e+00,4.62633e+01,4.65985e+00,4.77606e-01,2.07208e+00,1.25989e+01
1.49021e+00,5.05595e+02,3.06033e-01,2.05093e+02,4.73468e-01,6.95295e-01,3.63510e+00,2.81845e+01,3.53025e+00,6.16312e+01,6.23103e-01,2.06969e+02,4.29768e+00,1.67834e+00,1.52231e+00,4.50150e+01,4.63122e+00,4.76750e-01,2.06939e+00,1.23376e+01
1.48927e+00,4.96307e+02,3.05591e-01,1.99860e+02,4.72555e-01,6.94611e-01,3.62007e+00,2.76523e+01,3.52866e+00,6.01754e+01,6.21998e-01,2.06251e+02,4.36850e+00,1.67733e+00,1.52100e+00,4.38066e+01,4.60489e+00,4.75891e-01,2.06667e+00,1.20873e+01
1.48829e+00,4.85491e+02,3.05126e-01,1.94817e+02,4.71626e-01,6.93919e-01,3.60594e+00,2.71393e+01,3.52704e+00,5.87768e+01,6.20947e-01,2.06323e+02,4.44391e+00,1.67624e+00,1.51967e+00,4.26384e+01,4.58063e+00,4.75020e-01,2.06401e+00,1.18467e+01
1.48729e+00,4.73984e+02,3.04645e-01,1.89967e+02,4.70705e-01,6.93238e-01,3.59267e+00,2.66442e+01,3.52536e+00,5.74333e+01,6.19934e-01,2.07296e+02,4.52120e+00,1.67512e+00,1.51832e+00,4.15072e+01,4.55840e+00,4.74139e-01,2.06142e+00,1.16158e+01
1.48621e+00,4.62262e+02,3.04147e-01,1.85294e+02,4.69795e-01,6.92575e-01,3.58021e+00,2.61661e+01,3.52364e+00,5.61425e+01,6.18946e-01,2.09287e+02,4.59873e+00,1.67393e+00,1.51692e+00,4.04127e+01,4.53796e+00,4.73248e-01,2.05885e+00,1.13943e+01
1.48505e+00,4.50582e+02,3.03654e-01,1.80790e+02,4.68891e-01,6.91908e-01,3.56841e+00,2.57050e+01,3.52186e+00,5.49025e+01,6.18001e-01,2.12521e+02,4.67506e+00,1.67266e+00,1.51552e+00,3.93547e+01,4.51924e+00,4.72340e-01,2.05620e+00,1.11818e+01
1.48383e+00,4.39085e+02,3.03176e-01,1.76457e+02,4.67985e-01,6.91225e-01,3.55730e+00,2.52603e+01,3.52000e+00,5.37101e+01,6.17094e-01,2.17597e+02,4.74886e+00,1.67133e+00,1.51409e+00,3.83321e+01,4.50208e+00,4.71434e-01,2.05360e+00,1.09777e+01
1.48254e+00,4.27840e+02,3.02689e-01,1.72276e+02,4.67081e-01,6.90541e-01,3.54679e+00,2.48301e+01,3.51804e+00,5.25638e+01,6.16207e-01,2.26032e+02,4.81839e+00,1.66994e+00,1.51263e+00,3.73422e+01,4.48639e+00,4.70524e-01,2.05098e+00,1.07818e+01
1.48121e+00,4.16888e+02,3.02182e-01,1.68250e+02,4.66168e-01,6.89859e-01,3.53686e+00,2.44158e+01,3.51597e+00,5.14621e+01,6.15345e-01,2.40920e+02,4.88216e+00,1.66853e+00,1.51114e+00,3.63859e+01,4.47210e+00,4.69610e-01,2.04836e+00,1.05941e+01
1.47987e+00,4.06243e+02,3.01672e-01,1.64370e+02,4.65254e-01,6.89172e-01,3.52746e+00,2.40154e+01,3.51378e+00,5.04034e+01,6.14511e-01,2.66839e+02,4.93934e+00,1.66706e+00,1.50965e+00,3.54615e+01,4.45905e+00,4.68677e-01,2.04579e+00,1.04142e+01
1.47857e+00,3.95911e+02,3.01159e-01,1.60629e+02,4.64338e-01,6.88479e-01,3.51858e+00,2.36290e+01,3.51153e+00,4.93855e+01,6.13694e-01,3.07431e+02,4.99014e+00,1.66554e+00,1.50815e+00,3.45683e+01,4.44719e+00,4.67729e-01,2.04319e+00,1.02416e+01
1.47732e+00,3.85891e+02,3.00639e-01,1.57022e+02,4.63434e-01,6.87789e-01,3.51012e+00,2.32564e+01,3.50919e+00,4.84069e+01,6.12898e-01,3.61048e+02,5.03599e+00,1.66399e+00,1.50661e+00,3.37044e+01,4.43648e+00,4.66790e-01,2.04051e+00,1.00762e+01
1.47616e+00,3.76179e+02,3.00119e-01,1.53545e+02,4.62496e-01,6.87103e-01,3.50210e+00,2.28956e+01,3.50673e+00,4.74647e+01,6.12122e-01,4.19147e+02,5.07856e+00,1.66238e+00,1.50506e+00,3.28693e+01,4.42675e+00,4.65855e-01,2.03789e+00,9.91781e+00
1.47510e+00,3.66770e+02,2.99584e-01,1.50186e+02,4.61563e-01,6.86425e-01,3.49449e+00,2.25482e+01,3.50417e+00,4.65582e+01,6.11361e-01,4.70916e+02,5.11931e+00,1.66076e+00,1.50349e+00,3.20622e+01,4.41796e+00,4.64912e-01,2.03532e+00,9.76577e+00
1.47418e+00,3.57650e+02,2.99023e-01,1.46950e+02,4.60637e-01,6.85743e-01,3.48726e+00,2.22123e+01,3.50148e+00,4.56857e+01,6.10608e-01,5.09386e+02,5.15873e+00,1.65910e+00,1.50189e+00,3.12820e+01,4.40996e+00,4.63969e-01,2.03272e+00,9.62038e+00
1.47342e+00,3.48816e+02,2.98464e-01,1.43818e+02,4.59718e-01,6.85045e-01,3.48035e+00,2.18887e+01,3.49871e+00,4.48465e+01,6.09868e-01,5.33207e+02,5.19628e+00,1.65741e+00,1.50028e+00,3.05280e+01,4.40266e+00,4.63005e-01,2.03005e+00,9.48122e+00
1.47282e+00,3.40253e+02,2.97910e-01,1.40800e+02,4.58798e-01,6.84336e-01,3.47376e+00,2.15766e+01,3.49583e+00,4.40390e+01,6.09132e-01,5.44648e+02,5.23006e+00,1.65565e+00,1.49865e+00,2.97994e+01,4.39602e+00,4.62038e-01,2.02739e+00,9.34800e+00
1.47239e+00,3.31956e+02,2.97349e-01,1.37877e+02,4.57896e-01,6.83634e-01,3.46747e+00,2.12748e+01,3.49284e+00,4.32607e+01,6.08390e-01,5.47127e+02,5.25778e+00,1.65387e+00,1.49699e+00,2.90947e+01,4.38995e+00,4.61062e-01,2.02471e+00,9.22032e+00
1.47213e+00,3.23918e+02,2.96775e-01,1.35052e+02,4.56992e-01,6.82934e-01,3.46139e+00,2.09844e+01,3.48977e+00,4.25114e+01,6.07658e-01,5.43712e+02,5.27722e+00,1.65209e+00,1.49531e+00,2.84136e+01,4.38432e+00,4.60089e-01,2.02200e+00,9.09866e+00
1.47205e+00,3.16128e+02,2.96208e-01,1.32319e+02,4.56068e-01,6.82230e-01,3.45555e+00,2.07033e+01,3.48655e+00,4.17905e+01,6.06944e-01,5.36689e+02,5.28625e+00,1.65033e+00,1.49358e+00,2.77549e+01,4.37920e+00,4.59106e-01,2.01935e+00,8.98199e+00
1.47211e+00,3.08576e+02,2.95657e-01,1.29673e+02,4.55144e-01,6.81527e-01,3.44996e+00,2.04329e+01,3.48327e+00,4.10951e+01,6.06235e-01,5.27586e+02,5.28383e+00,1.64861e+00,1.49186e+00,2.71181e+01,4.37452e+00,4.58114e-01,2.01667e+00,8.87084e+00
1.47232e+00,3.01259e+02,2.95115e-01,1.27109e+02,4.54215e-01,6.80823e-01,3.44452e+00,2.01720e+01,3.47989e+00,4.04251e+01,6.05527e-01,5.17372e+02,5.26976e+00,1.64691e+00,1.49014e+00,2.65026e+01,4.37025e+00,4.57139e-01,2.01387e+00,8.76471e+00
1.47261e+00,2.94168e+02,2.94555e-01,1.24623e+02,4.53257e-01,6.80111e-01,3.43928e+00,1.99210e+01,3.47642e+00,3.97796e+01,6.04822e-01,5.06636e+02,5.24462e+00,1.64521e+00,1.48838e+00,2.59076e+01,4.36630e+00,4.56173e-01,2.01115e+00,8.66354e+00
1.47290e+00,2.87295e+02,2.93977e-01,1.22211e+02,4.52297e-01,6.79406e-01,3.43421e+00,1.96780e+01,3.47282e+00,3.91574e+01,6.04120e-01,4.95725e+02,5.20965e+00,1.64352e+00,1.48661e+00,2.53321e+01,4.36264e+00,4.55198e-01,2.00845e+00,8.56751e+00
1.47317e+00,2.80633e+02,2.93376e-01,1.19871e+02,4.51364e-01,6.78712e-01,3.42930e+00,1.94451e+01,3.46914e+00,3.85571e+01,6.03417e-01,4.84842e+02,5.16630e+00,1.64184e+00,1.48481e+00,2.47754e+01,4.35921e+00,4.54219e-01,2.00573e+00,8.47582e+00
1.47330e+00,2.74177e+02,2.92782e-01,1.17594e+02,4.50457e-01,6.78000e-01,3.42447e+00,1.92200e+01,3.46541e+00,3.79780e+01,6.02719e-01,4.74096e+02,5.11634e+00,1.64015e+00,1.48301e+00,2.42370e+01,4.35596e+00,4.53226e-01,2.00294e+00,8.38902e+00
1.47322e+00,2.67917e+02,2.92203e-01,1.15384e+02,4.49568e-01,6.77274e-01,3.41979e+00,1.90039e+01,3.46154e+00,3.74195e+01,6.02021e-01,4.63569e+02,5.06132e+00,1.63841e+00,1.48117e+00,2.37166e+01,4.35287e+00,4.52224e-01,2.00015e+00,8.30661e+00
1.47289e+00,2.61845e+02,2.91614e-01,1.13231e+02,4.48668e-01,6.76550e-01,3.41520e+00,1.87950e+01,3.45758e+00,3.68798e+01,6.01315e-01,4.53268e+02,5.00277e+00,1.63659e+00,1.47932e+00,2.32129e+01,4.34990e+00,4.51228e-01,1.99733e+00,8.22854e+00
1.47227e+00,2.55962e+02,2.91010e-01,1.11137e+02,4.47761e-01,6.75826e-01,3.41074e+00,1.85943e+01,3.45355e+00,3.63592e+01,6.00619e-01,4.43231e+02,4.94212e+00,1.63470e+00,1.47744e+00,2.27256e+01,4.34701e+00,4.50242e-01,1.99447e+00,8.15497e+00
1.47128e+00,2.50257e+02,2.90405e-01,1.09095e+02,4.46845e-01,6.75098e-01,3.40636e+00,1.84010e+01,3.44937e+00,3.58566e+01,5.99923e-01,4.33459e+02,4.88048e+00,1.63273e+00,1.47553e+00,2.22544e+01,4.34420e+00,4.49247e-01,1.99165e+00,8.08545e+00
1.46994e+00,2.44723e+02,2.89808e-01,1.07107e+02,4.45930e-01,6.74366e-01,3.40207e+00,1.82156e+01,3.44517e+00,3.53709e+01,5.99223e-01,4.23950e+02,4.81879e+00,1.63072e+00,1.47362e+00,2.17982e+01,4.34149e+00,4.48240e-01,1.98886e+00,8.02034e+00
1.46819e+00,2.39357e+02,2.89216e-01,1.05169e+02,4.45028e-01,6.73627e-01,3.39783e+00,1.80369e+01,3.44088e+00,3.49020e+01,5.98511e-01,4.14715e+02,4.75779e+00,1.62863e+00,1.47169e+00,2.13570e+01,4.33891e+00,4.47242e-01,1.98598e+00,7.95899e+00
1.46611e+00,2.34154e+02,2.88619e-01,1.03278e+02,4.44104e-01,6.72880e-01,3.39364e+00,1.78654e+01,3.43653e+00,3.44493e+01,5.97808e-01,4.05728e+02,4.69815e+00,1.62639e+00,1.46974e+00,2.09300e+01,4.33634e+00,4.46263e-01,1.98317e+00,7.90172e+00
1.46363e+00,2.29106e+02,2.88011e-01,1.01434e+02,4.43182e-01,6.72145e-01,3.38947e+00,1.77008e+01,3.43211e+00,3.40111e+01,5.97115e-01,3.97010e+02,4.64028e+00,1.62405e+00,1.46777e+00,2.05169e+01,4.33380e+00,4.45274e-01,1.98035e+00,7.84831e+00
1.46088e+00,2.24211e+02,2.87397e-01,9.96343e+01,4.42276e-01,6.71412e-01,3.38543e+00,1.75419e+01,3.42761e+00,3.35873e+01,5.96428e-01,3.88526e+02,4.58460e+00,1.62165e+00,1.46579e+00,2.01169e+01,4.33126e+00,4.44282e-01,1.97750e+00,7.79873e+00
1.45783e+00,2.19461e+02,2.86792e-01,9.78763e+01,4.41392e-01,6.70672e-01,3.38138e+00,1.73903e+01,3.42306e+00,3.31777e+01,5.95738e-01,3.80286e+02,4.53145e+00,1.61917e+00,1.46379e+00,1.97298e+01,4.32873e+00,4.43272e-01,1.97464e+00,7.75275e+00
1.45456e+00,2.14854e+02,2.86193e-01,9.61625e+01,4.40499e-01,6.69924e-01,3.37741e+00,1.72444e+01,3.41844e+00,3.27817e+01,5.95035e-01,3.72283e+02,4.48095e+00,1.61664e+00,1.46178e+00,1.93555e+01,4.32616e+00,4.42263e-01,1.97178e+00,7.71041e+00
1.45114e+00,2.10382e+02,2.85584e-01,9.44865e+01,4.39607e-01,6.69177e-01,3.37347e+00,1.71046e+01,3.41376e+00,3.23981e+01,5.94315e-01,3.64500e+02,4.43339e+00,1.61404e+00,1.45974e+00,1.89928e+01,4.32354e+00,4.41261e-01,1.96888e+00,7.67122e+00
1.44768e+00,2.06044e+02,2.84956e-01,9.28524e+01,4.38714e-01,6.68441e-01,3.36948e+00,1.69700e+01,3.40902e+00,3.20267e+01,5.93604e-01,3.56941e+02,4.38873e+00,1.61135e+00,1.45769e+00,1.86413e+01,4.32086e+00,4.40272e-01,1.96596e+00,7.63570e+00
1.44411e+00,2.01834e+02,2.84344e-01,9.12552e+01,4.37823e-01,6.67707e-01,3.36551e+00,1.68420e+01,3.40418e+00,3.16668e+01,5.92903e-01,3.49593e+02,4.34710e+00,1.60864e+00,1.45559e+00,1.83014e+01,4.31812e+00,4.39278e-01,1.96307e+00,7.60318e+00
1.44054e+00,1.97749e+02,2.83730e-01,8.96942e+01,4.36933e-01,6.66967e-01,3.36159e+00,1.67182e+01,3.39929e+00,3.13188e+01,5.92190e-01,3.42455e+02,4.30834e+00,1.60591e+00,1.45350e+00,1.79723e+01,4.31540e+00,4.38275e-01,1.96019e+00,7.57422e+00
1.43701e+00,1.93784e+02,2.83131e-01,8.81724e+01,4.36045e-01,6.66225e-01,3.35764e+00,1.66009e+01,3.39435e+00,3.09817e+01,5.91459e-01,3.35516e+02,4.27238e+00,1.60318e+00,1.45141e+00,1.76535e+01,4.31267e+00,4.37293e-01,1.95722e+00,7.54840e+00
1.43356e+00,1.89935e+02,2.82538e-01,8.66863e+01,4.35139e-01,6.65462e-01,3.35370e+00,1.64874e+01,3.38936e+00,3.06548e+01,5.90733e-01,3.28770e+02,4.23921e+00,1.60042e+00,1.44929e+00,1.73447e+01,4.30987e+00,4.36329e-01,1.95430e+00,7.52600e+00
1.43017e+00,1.86199e+02,2.81923e-01,8.52336e+01,4.34232e-01,6.64709e-01,3.34977e+00,1.63798e+01,3.38433e+00,3.03380e+01,5.90016e-01,3.22222e+02,4.20868e+00,1.59766e+00,1.44715e+00,1.70454e+01,4.30701e+00,4.35355e-01,1.95141e+00,7.50700e+00
1.42686e+00,1.82572e+02,2.81295e-01,8.38169e+01,4.33346e-01,6.63968e-01,3.34585e+00,1.62764e+01,3.37924e+00,3.00311e+01,5.89288e-01,3.15846e+02,4.18062e+00,1.59490e+00,1.44502e+00,1.67553e+01,4.30407e+00,4.34380e-01,1.94846e+00,7.49155e+00
1.42362e+00,1.79050e+02,2.80678e-01,8.24346e+01,4.32470e-01,6.63210e-01,3.34194e+00,1.61779e+01,3.37412e+00,2.97331e+01,5.88556e-01,3.09654e+02,4.15477e+00,1.59214e+00,1.44289e+00,1.64741e+01,4.30105e+00,4.33393e-01,1.94554e+00,7.47957e+00
1.42048e+00,1.75631e+02,2.80077e-01,8.10849e+01,4.31599e-01,6.62446e-01,3.33798e+00,1.60839e+01,3.36896e+00,2.94445e+01,5.87811e-01,3.03632e+02,4.13097e+00,1.58939e+00,1.44073e+00,1.62020e+01,4.29796e+00,4.32393e-01,1.94262e+00,7.47107e+00
1.41743e+00,1.72309e+02,2.79478e-01,7.97659e+01,4.30729e-01,6.61685e-01,3.33407e+00,1.59938e+01,3.36373e+00,2.91642e+01,5.87058e-01,2.97774e+02,4.10905e+00,1.58661e+00,1.43855e+00,1.59378e+01,4.29480e+00,4.31394e-01,1.93968e+00,7.46556e+00
1.41449e+00,1.69083e+02,2.78862e-01,7.84810e+01,4.29852e-01,6.60929e-01,3.33012e+00,1.59076e+01,3.35846e+00,2.88920e+01,5.86316e-01,2.92081e+02,4.08869e+00,1.58381e+00,1.43634e+00,1.56820e+01,4.29153e+00,4.30412e-01,1.93668e+00,7.46327e+00
1.41164e+00,1.65949e+02,2.78256e-01,7.72278e+01,4.28984e-01,6.60169e-01,3.32617e+00,1.58264e+01,3.35313e+00,2.86282e+01,5.85584e-01,2.86541e+02,4.06988e+00,1.58105e+00,1.43413e+00,1.54343e+01,4.28817e+00,4.29426e-01,1.93378e+00,7.46315e+00
1.40886e+00,1.62905e+02,2.77651e-01,7.60032e+01,4.28122e-01,6.59406e-01,3.32221e+00,1.57478e+01,3.34778e+00,2.83725e+01,5.84846e-01,2.81159e+02,4.05238e+00,1.57828e+00,1.43192e+00,1.51942e+01,4.28474e+00,4.28431e-01,1.93085e+00,7.46520e+00
1.40616e+00,1.59947e+02,2.77043e-01,7.48097e+01,4.27255e-01,6.58644e-01,3.31822e+00,1.56735e+01,3.34238e+00,2.81237e+01,5.84089e-01,2.75918e+02,4.03601e+00,1.57555e+00,1.42971e+00,1.49611e+01,4.28134e+00,4.27456e-01,1.92786e+00,7.46832e+00
1.40354e+00,1.57071e+02,2.76431e-01,7.36474e+01,4.26390e-01,6.57875e-01,3.31422e+00,1.56026e+01,3.33694e+00,2.78824e+01,5.83336e-01,2.70825e+02,4.02077e+00,1.57282e+00,1.42747e+00,1.47352e+01,4.27781e+00,4.26495e-01,1.92493e+00,7.47174e+00
1.40095e+00,1.54275e+02,2.75815e-01,7.25135e+01,4.25517e-01,6.57117e-01,3.31016e+00,1.55346e+01,3.33148e+00,2.76482e+01,5.82593e-01,2.65870e+02,4.00646e+00,1.57008e+00,1.42522e+00,1.45165e+01,4.27422e+00,4.25528e-01,1.92197e+00,7.47500e+00
1.39838e+00,1.51557e+02,2.75200e-01,7.14068e+01,4.24647e-01,6.56373e-01,3.30612e+00,1.54702e+01,3.32597e+00,2.74205e+01,5.81848e-01,2.61051e+02,3.99294e+00,1.56736e+00,1.42298e+00,1.43044e+01,4.27058e+00,4.24563e-01,1.91897e+00,7.47733e+00
1.39588e+00,1.48913e+02,2.74587e-01,7.03285e+01,4.23800e-01,6.55617e-01,3.30205e+00,1.54085e+01,3.32044e+00,2.71996e+01,5.81096e-01,2.56361e+02,3.98017e+00,1.56464e+00,1.42074e+00,1.40983e+01,4.26687e+00,4.23592e-01,1.91606e+00,7.47829e+00
1.39339e+00,1.46341e+02,2.73990e-01,6.92787e+01,4.22941e-01,6.54850e-01,3.29794e+00,1.53499e+01,3.31487e+00,2.69852e+01,5.80336e-01,2.51798e+02,3.96808e+00,1.56190e+00,1.41850e+00,1.38989e+01,4.26309e+00,4.22609e-01,1.91312e+00,7.47745e+00
1.39093e+00,1.43837e+02,2.73388e-01,6.82539e+01,4.22082e-01,6.54088e-01,3.29383e+00,1.52939e+01,3.30927e+00,2.67768e+01,5.79564e-01,2.47355e+02,3.95663e+00,1.55916e+00,1.41623e+00,1.37050e+01,4.25925e+00,4.21630e-01,1.91020e+00,7.47504e+00
1.38850e+00,1.41400e+02,2.72765e-01,6.72553e+01,4.21229e-01,6.53330e-01,3.28969e+00,1.52400e+01,3.30362e+00,2.65743e+01,5.78797e-01,2.43034e+02,3.94569e+00,1.55639e+00,1.41394e+00,1.35175e+01,4.25529e+00,4.20670e-01,1.90723e+00,7.47080e+00
1.38607e+00,1.39028e+02,2.72157e-01,6.62836e+01,4.20397e-01,6.52569e-01,3.28551e+00,1.51892e+01,3.29794e+00,2.63780e+01,5.78042e-01,2.38826e+02,3.93522e+00,1.55363e+00,1.41162e+00,1.33355e+01,4.25126e+00,4.19709e-01,1.90434e+00,7.46534e+00
1.38369e+00,1.36716e+02,2.71559e-01,6.53362e+01,4.19560e-01,6.51803e-01,3.28133e+00,1.51410e+01,3.29223e+00,2.61867e+01,5.77283e-01,2.34736e+02,3.92523e+00,1.55086e+00,1.40930e+00,1.31589e+01,4.24721e+00,4.18735e-01,1.90139e+00,7.45912e+00
1.38131e+00,1.34464e+02,2.70964e-01,6.44122e+01,4.18706e-01,6.51037e-01,3.27714e+00,1.50943e+01,3.28648e+00,2.60016e+01,5.76505e-01,2.30748e+02,3.91561e+00,1.54811e+00,1.40699e+00,1.29877e+01,4.24315e+00,4.17779e-01,1.89842e+00,7.45282e+00
1.37893e+00,1.32268e+02,2.70368e-01,6.35124e+01,4.17849e-01,6.50262e-01,3.27293e+00,1.50498e+01,3.28072e+00,2.58218e+01,5.75725e-01,2.26873e+02,3.90629e+00,1.54535e+00,1.40466e+00,1.28220e+01,4.23906e+00,4.16844e-01,1.89551e+00,7.44749e+00
1.37657e+00,1.30127e+02,2.69770e-01,6.26363e+01,4.17017e-01,6.49496e-01,3.26867e+00,1.50076e+01,3.27493e+00,2.56467e+01,5.74961e-01,2.23094e+02,3.89730e+00,1.54258e+00,1.40234e+00,1.26611e+01,4.23493e+00,4.15910e-01,1.89254e+00,7.44382e+00
1.37420e+00,1.28039e+02,2.69169e-01,6.17831e+01,4.16212e-01,6.48736e-01,3.26442e+00,1.49665e+01,3.26909e+00,2.54768e+01,5.74193e-01,2.19423e+02,3.88854e+00,1.53979e+00,1.40000e+00,1.25052e+01,4.23074e+00,4.14967e-01,1.88960e+00,7.44275e+00
1.37182e+00,1.26001e+02,2.68566e-01,6.09514e+01,4.15400e-01,6.47979e-01,3.26016e+00,1.49275e+01,3.26330e+00,2.53119e+01,5.73417e-01,2.15841e+02,3.87997e+00,1.53704e+00,1.39767e+00,1.23545e+01,4.22652e+00,4.14016e-01,1.88669e+00,7.44486e+00
1.36947e+00,1.24011e+02,2.67973e-01,6.01411e+01,4.14574e-01,6.47215e-01,3.25582e+00,1.48902e+01,3.25747e+00,2.51519e+01,5.72631e-01,2.12357e+02,3.87154e+00,1.53426e+00,1.39536e+00,1.22081e+01,4.22232e+00,4.13061e-01,1.88374e+00,7.45112e+00
1.36712e+00,1.22068e+02,2.67383e-01,5.93512e+01,4.13736e-01,6.46451e-01,3.25148e+00,1.48539e+01,3.25162e+00,2.49961e+01,5.71839e-01,2.08961e+02,3.86333e+00,1.53148e+00,1.39301e+00,1.20662e+01,4.21812e+00,4.12116e-01,1.88080e+00,7.46166e+00
1.36477e+00,1.20170e+02,2.66776e-01,5.85816e+01,4.12907e-01,6.45693e-01,3.24712e+00,1.48194e+01,3.24576e+00,2.48452e+01,5.71051e-01,2.05654e+02,3.85519e+00,1.52867e+00,1.39066e+00,1.19290e+01,4.21386e+00,4.11188e-01,1.87786e+00,7.47740e+00
1.36241e+00,1.18315e+02,2.66178e-01,5.78322e+01,4.12084e-01,6.44934e-01,3.24273e+00,1.47856e+01,3.23985e+00,2.46985e+01,5.70272e-01,2.02432e+02,3.84724e+00,1.52588e+00,1.38830e+00,1.17961e+01,4.20956e+00,4.10254e-01,1.87496e+00,7.49766e+00
1.36007e+00,1.16502e+02,2.65595e-01,5.71025e+01,4.11257e-01,6.44169e-01,3.23835e+00,1.47533e+01,3.23394e+00,2.45555e+01,5.69492e-01,1.99296e+02,3.83937e+00,1.52306e+00,1.38593e+00,1.16673e+01,4.20534e+00,4.09312e-01,1.87201e+00,7.52313e+00
1.35772e+00,1.14727e+02,2.65012e-01,5.63915e+01,4.10420e-01,6.43402e-01,3.23396e+00,1.47220e+01,3.22804e+00,2.44174e+01,5.68696e-01,1.96237e+02,3.83158e+00,1.52028e+00,1.38356e+00,1.15430e+01,4.20115e+00,4.08385e-01,1.86910e+00,7.55290e+00
1.35539e+00,1.12993e+02,2.64422e-01,5.56984e+01,4.09591e-01,6.42636e-01,3.22954e+00,1.46915e+01,3.22211e+00,2.42830e+01,5.67903e-01,1.93259e+02,3.82387e+00,1.51750e+00,1.38119e+00,1.14224e+01,4.19696e+00,4.07476e-01,1.86617e+00,7.58680e+00
1.35304e+00,1.11295e+02,2.63822e-01,5.50223e+01,4.08761e-01,6.41878e-01,3.22509e+00,1.46623e+01,3.21617e+00,2.41524e+01,5.67128e-01,1.90356e+02,3.81621e+00,1.51470e+00,1.37881e+00,1.13059e+01,4.19281e+00,4.06567e-01,1.86320e+00,7.62395e+00
1.35072e+00,1.09635e+02,2.63223e-01,5.43634e+01,4.07944e-01,6.41140e-01,3.22064e+00,1.46337e+01,3.21023e+00,2.40258e+01,5.66355e-01,1.87525e+02,3.80863e+00,1.51191e+00,1.37645e+00,1.11935e+01,4.18870e+00,4.05644e-01,1.86031e+00,7.66366e+00
1.34836e+00,1.08009e+02,2.62643e-01,5.37217e+01,4.07153e-01,6.40387e-01,3.21616e+00,1.46054e+01,3.20432e+00,2.39025e+01,5.65564e-01,1.84766e+02,3.80111e+00,1.50914e+00,1.37408e+00,1.10845e+01,4.18457e+00,4.04714e-01,1.85743e+00,7.70464e+00
1.34601e+00,1.06418e+02,2.62075e-01,5.30969e+01,4.06358e-01,6.39611e-01,3.21164e+00,1.45785e+01,3.19840e+00,2.37832e+01,5.66452e-01,1.82076e+02,3.79362e+00,1.50635e+00,1.37172e+00,1.09796e+01,4.18048e+00,4.03780e-01,1.85453e+00,7.74653e+00
1.34365e+00,1.04861e+02,2.61508e-01,5.24872e+01,4.05550e-01,6.38831e-01,3.20713e+00,1.45516e+01,3.19246e+00,2.36670e+01,5.68174e-01,1.79452e+02,3.78619e+00,1.50354e+00,1.36936e+00,1.08780e+01,4.17638e+00,4.02852e-01,1.85162e+00,7.78786e+00
1.34132e+00,1.03335e+02,2.60921e-01,5.18930e+01,4.04752e-01,6.38064e-01,3.20260e+00,1.45259e+01,3.18651e+00,2.35553e+01,5.69968e-01,1.76891e+02,3.77881e+00,1.50070e+00,1.36698e+00,1.07804e+01,4.17221e+00,4.01936e-01,1.85184e+00,7.82791e+00
1.33896e+00,1.01839e+02,2.60348e-01,5.13129e+01,4.03973e-01,6.37306e-01,3.19802e+00,1.45004e+01,3.18381e+00,2.34466e+01,5.70920e-01,1.74393e+02,3.77146e+00,1.49787e+00,1.36458e+00,1.06873e+01,4.17156e+00,4.01035e-01,1.85648e+00,7.86567e+00
1.33663e+00,1.00373e+02,2.59783e-01,5.07468e+01,4.03170e-01,6.36553e-01,3.19349e+00,1.44806e+01,3.18176e+00,2.33420e+01,5.71439e-01,1.71956e+02,3.76416e+00,1.49504e+00,1.36218e+00,1.05987e+01,4.17116e+00,4.00780e-01,1.86400e+00,7.90072e+00
1.33429e+00,9.89353e+01,2.59212e-01,5.01952e+01,4.03571e-01,6.35809e-01,3.18910e+00,1.44651e+01,3.18001e+00,2.32404e+01,5.71658e-01,1.69578e+02,3.75696e+00,1.49221e+00,1.35979e+00,1.05144e+01,4.17030e+00,4.01322e-01,1.88315e+00,7.93189e+00
1.33194e+00,9.75270e+01,2.58645e-01,4.96586e+01,4.04057e-01,6.35055e-01,3.18503e+00,1.44475e+01,3.17914e+00,2.31419e+01,5.71638e-01,1.67258e+02,3.74977e+00,1.48939e+00,1.35742e+00,1.04349e+01,4.16881e+00,4.01129e-01,1.90393e+00,7.95905e+00
1.32961e+00,9.61457e+01,2.58181e-01,4.91372e+01,4.04454e-01,6.37059e-01,3.18350e+00,1.44293e+01,3.17866e+00,2.30458e+01,5.74888e-01,1.64989e+02,3.74264e+00,1.48659e+00,1.35643e+00,1.03594e+01,4.17439e+00,4.01305e-01,1.93040e+00,7.98113e+00
1.32727e+00,9.47918e+01,2.58202e-01,4.86386e+01,4.05029e-01,6.38864e-01,3.18228e+00,1.44111e+01,3.17837e+00,2.29524e+01,5.81647e-01,1.62774e+02,3.73589e+00,1.48383e+00,1.35522e+00,1.02884e+01,4.17876e+00,4.07244e-01,1.95696e+00,7.99948e+00
1.32873e+00,9.34907e+01,2.60251e-01,4.81536e+01,4.05438e-01,6.41169e-01,3.18012e+00,1.43959e+01,3.18209e+00,2.28618e+01,5.89600e-01,1.60618e+02,3.72924e+00,1.48231e+00,1.35433e+00,1.02212e+01,4.17952e+00,4.13618e-01,1.98576e+00,8.01220e+00
1.33123e+00,9.22313e+01,2.63694e-01,4.76801e+01,4.05741e-01,6.42710e-01,3.17650e+00,1.43854e+01,3.19375e+00,2.27734e+01,5.95328e-01,1.58526e+02,3.72254e+00,1.48197e+00,1.35390e+00,1.01586e+01,4.17690e+00,4.20285e-01,2.01855e+00,8.02116e+00
1.33379e+00,9.09753e+01,2.67943e-01,4.72195e+01,4.05980e-01,6.43758e-01,3.17271e+00,1.43767e+01,3.21686e+00,2.26873e+01,5.99622e-01,1.56488e+02,3.71588e+00,1.48328e+00,1.35728e+00,1.01001e+01,4.17240e+00,4.33168e-01,2.05858e+00,8.02495e+00
1.33852e+00,8.97173e+01,2.72209e-01,4.67728e+01,4.06140e-01,6.44447e-01,3.16937e+00,1.43676e+01,3.25008e+00,2.26039e+01,6.02731e-01,1.54502e+02,3.70911e+00,1.48723e+00,1.36000e+00,1.00455e+01,4.16755e+00,4.50759e-01,2.10975e+00,8.02238e+00
1.35165e+00,8.84922e+01,2.76700e-01,4.63369e+01,4.06158e-01,6.44946e-01,3.16742e+00,1.43590e+01,3.29388e+00,2.25227e+01,6.04450e-01,1.52573e+02,3.70242e+00,1.49418e+00,1.36391e+00,9.99330e+00,4.16276e+00,4.67168e-01,2.17463e+00,8.01358e+00
1.38246e+00,8.72932e+01,2.81438e-01,4.59105e+01,4.06002e-01,6.45285e-01,3.16710e+00,1.43513e+01,3.35065e+00,2.24449e+01,6.05132e-01,1.50693e+02,3.69587e+00,1.50375e+00,1.37012e+00,9.94393e+00,4.15827e+00,4.77959e-01,2.25331e+00,7.99873e+00
1.43631e+00,8.61200e+01,2.85762e-01,4.54923e+01,4.05637e-01,6.45469e-01,3.16909e+00,1.43444e+01,3.42162e+00,2.23699e+01,6.05093e-01,1.48868e+02,3.68951e+00,1.51667e+00,1.37808e+00,9.89628e+00,4.15427e+00,4.82113e-01,2.34056e+00,7.97817e+00
1.50902e+00,8.49706e+01,2.88689e-01,4.50835e+01,4.05106e-01,6.45505e-01,3.17440e+00,1.43374e+01,3.50426e+00,2.22977e+01,6.04759e-01,1.47084e+02,3.68338e+00,1.53543e+00,1.38738e+00,9.85050e+00,4.15064e+00,4.80994e-01,2.42759e+00,7.95333e+00
1.58862e+00,8.38443e+01,2.89524e-01,4.46860e+01,4.04395e-01,6.45355e-01,3.18352e+00,1.43304e+01,3.59324e+00,2.22278e+01,6.04317e-01,1.45339e+02,3.67759e+00,1.56244e+00,1.39806e+00,9.80598e+00,4.14719e+00,4.76607e-01,2.50506e+00,7.92416e+00
1.66216e+00,8.27396e+01,2.88175e-01,4.43012e+01,4.03584e-01,6.45120e-01,3.19551e+00,1.43238e+01,3.68179e+00,2.21602e+01,6.03904e-01,1.43628e+02,3.67213e+00,1.59737e+00,1.41026e+00,9.76330e+00,4.14360e+00,4.70275e-01,2.56682e+00,7.89187e+00
1.72216e+00,8.16562e+01,2.85112e-01,4.39300e+01,4.02802e-01,6.44623e-01,3.20786e+00,1.43189e+01,3.76307e+00,2.20950e+01,6.03594e-01,1.41948e+02,3.66699e+00,1.63608e+00,1.42419e+00,9.72230e+00,4.13960e+00,4.62747e-01,2.61131e+00,7.85626e+00
1.76828e+00,8.05933e+01,2.80871e-01,4.35738e+01,4.02173e-01,6.43997e-01,3.21764e+00,1.43165e+01,3.83159e+00,2.20319e+01,6.03521e-01,1.40307e+02,3.66217e+00,1.67253e+00,1.43989e+00,9.68453e+00,4.13513e+00,4.54557e-01,2.64109e+00,7.81814e+00
1.80513e+00,7.95506e+01,2.76197e-01,4.32335e+01,4.01756e-01,6.43250e-01,3.22266e+00,1.43172e+01,3.88522e+00,2.19710e+01,6.03710e-01,1.38711e+02,3.65761e+00,1.70187e+00,1.45739e+00,9.65023e+00,4.13013e+00,4.46130e-01,2.66075e+00,7.77777e+00
1.83749e+00,7.85287e+01,2.71542e-01,4.29126e+01,4.01592e-01,6.42431e-01,3.22189e+00,1.43203e+01,3.92482e+00,2.19120e+01,6.04229e-01,1.37187e+02,3.65329e+00,1.72210e+00,1.47716e+00,9.62088e+00,4.12446e+00,4.37913e-01,2.67486e+00,7.73554e+00
1.86670e+00,7.75274e+01,2.67219e-01,4.26144e+01,4.01725e-01,6.41510e-01,3.21565e+00,1.43248e+01,3.95416e+00,2.18545e+01,6.05057e-01,1.35773e+02,3.64914e+00,1.73386e+00,1.49997e+00,9.59621e+00,4.11796e+00,4.30255e-01,2.68705e+00,7.69160e+00
1.88961e+00,7.65459e+01,2.63416e-01,4.23415e+01,4.02062e-01,6.40578e-01,3.20534e+00,1.43306e+01,3.97806e+00,2.17986e+01,6.06287e-01,1.34492e+02,3.64528e+00,1.73939e+00,1.52668e+00,9.57678e+00,4.11065e+00,4.23373e-01,2.69908e+00,7.64712e+00
1.90149e+00,7.55844e+01,2.60176e-01,4.20958e+01,4.02574e-01,6.39614e-01,3.19257e+00,1.43363e+01,4.00043e+00,2.17440e+01,6.07779e-01,1.33332e+02,3.64170e+00,1.74113e+00,1.55800e+00,9.56128e+00,4.10256e+00,4.17423e-01,2.71154e+00,7.60222e+00
1.89920e+00,7.46423e+01,2.57457e-01,4.18776e+01,4.03248e-01,6.38708e-01,3.17909e+00,1.43418e+01,4.02401e+00,2.16908e+01,6.09489e-01,1.32234e+02,3.63834e+00,1.74081e+00,1.59421e+00,9.54906e+00,4.09383e+00,4.12351e-01,2.72371e+00,7.55739e+00
1.88278e+00,7.37202e+01,2.55258e-01,4.16873e+01,4.03841e-01,6.37872e-01,3.16608e+00,1.43478e+01,4.04998e+00,2.16391e+01,6.11296e-01,1.31116e+02,3.63533e+00,1.73951e+00,1.63507e+00,9.53901e+00,4.08455e+00,4.08115e-01,2.73478e+00,7.51294e+00
1.85491e+00,7.28177e+01,2.53421e-01,4.15249e+01,4.04269e-01,6.37131e-01,3.15418e+00,1.43546e+01,4.07762e+00,2.15896e+01,6.13040e-01,1.29915e+02,3.63273e+00,1.73742e+00,1.68020e+00,9.52997e+00,4.07492e+00,4.04644e-01,2.74422e+00,7.46940e+00
1.81925e+00,7.19347e+01,2.51942e-01,4.13895e+01,4.04480e-01,6.36522e-01,3.14391e+00,1.43624e+01,4.10512e+00,2.15433e+01,6.14563e-01,1.28607e+02,3.63058e+00,1.73442e+00,1.72893e+00,9.52119e+00,4.06512e+00,4.01794e-01,2.75191e+00,7.42695e+00
1.77929e+00,7.10716e+01,2.50746e-01,4.12774e+01,4.04370e-01,6.36062e-01,3.13536e+00,1.43713e+01,4.12959e+00,2.15018e+01,6.15682e-01,1.27203e+02,3.62883e+00,1.73005e+00,1.78030e+00,9.51253e+00,4.05526e+00,3.99466e-01,2.75753e+00,7.38596e+00
1.73791e+00,7.02276e+01,2.49743e-01,4.11842e+01,4.03925e-01,6.35723e-01,3.12838e+00,1.43809e+01,4.14837e+00,2.14668e+01,6.16285e-01,1.25731e+02,3.62756e+00,1.72387e+00,1.83276e+00,9.50361e+00,4.04546e+00,3.97534e-01,2.76111e+00,7.34646e+00
1.69707e+00,6.94027e+01,2.48895e-01,4.11078e+01,4.03079e-01,6.35537e-01,3.12299e+00,1.43911e+01,4.15903e+00,2.14416e+01,6.16321e-01,1.24224e+02,3.62663e+00,1.71552e+00,1.88419e+00,9.49470e+00,4.03580e+00,3.95918e-01,2.76202e+00,7.30890e+00
1.65797e+00,6.85973e+01,2.48185e-01,4.10418e+01,4.01867e-01,6.35496e-01,3.11898e+00,1.44021e+01,4.15995e+00,2.14294e+01,6.15808e-01,1.22708e+02,3.62599e+00,1.70484e+00,1.93208e+00,9.48646e+00,4.02632e+00,3.94559e-01,2.76030e+00,7.27349e+00
1.62126e+00,6.78091e+01,2.47554e-01,4.09816e+01,4.00270e-01,6.35617e-01,3.11623e+00,1.44131e+01,4.15049e+00,2.14345e+01,6.14806e-01,1.21207e+02,3.62561e+00,1.69188e+00,1.97365e+00,9.47913e+00,4.01703e+00,3.93336e-01,2.75565e+00,7.23989e+00
1.58724e+00,6.70387e+01,2.46983e-01,4.09234e+01,3.98338e-01,6.35966e-01,3.11461e+00,1.44238e+01,4.13118e+00,2.14611e+01,6.13546e-01,1.19736e+02,3.62543e+00,1.67685e+00,2.00679e+00,9.47305e+00,4.00799e+00,3.92231e-01,2.74798e+00,7.20841e+00
1.55595e+00,6.62850e+01,2.46444e-01,4.08612e+01,3.96211e-01,6.36518e-01,3.11403e+00,1.44344e+01,4.10321e+00,2.15135e+01,6.12148e-01,1.18301e+02,3.62535e+00,1.66025e+00,2.03029e+00,9.46838e+00,3.99912e+00,3.91144e-01,2.73772e+00,7.17859e+00
1.52730e+00,6.55482e+01,2.45914e-01,4.07912e+01,3.93950e-01,6.37391e-01,3.11452e+00,1.44442e+01,4.06807e+00,2.15935e+01,6.10799e-01,1.16907e+02,3.62541e+00,1.64255e+00,2.04409e+00,9.46489e+00,3.99039e+00,3.90096e-01,2.72522e+00,7.15044e+00
1.50113e+00,6.48269e+01,2.45392e-01,4.07096e+01,3.91629e-01,6.38486e-01,3.11610e+00,1.44533e+01,4.02771e+00,2.17011e+01,6.09657e-01,1.15555e+02,3.62549e+00,1.62437e+00,2.04900e+00,9.46254e+00,3.98187e+00,3.89024e-01,2.71157e+00,7.12357e+00
1.47726e+00,6.41214e+01,2.44873e-01,4.06135e+01,3.89348e-01,6.39860e-01,3.11886e+00,1.44617e+01,3.98390e+00,2.18339e+01,6.08758e-01,1.14246e+02,3.62550e+00,1.60627e+00,2.04647e+00,9.46078e+00,3.97354e+00,3.87907e-01,2.69760e+00,7.09744e+00
1.45555e+00,6.34311e+01,2.44384e-01,4.05008e+01,3.87155e-01,6.41504e-01,3.12299e+00,1.44687e+01,3.93818e+00,2.19868e+01,6.08145e-01,1.12979e+02,3.62527e+00,1.58870e+00,2.03835e+00,9.45952e+00,3.96533e+00,3.86762e-01,2.68441e+00,7.07216e+00
1.43580e+00,6.27554e+01,2.43895e-01,4.03729e+01,3.85091e-01,6.43316e-01,3.12851e+00,1.44748e+01,3.89186e+00,2.21513e+01,6.07790e-01,1.11747e+02,3.62473e+00,1.57204e+00,2.02653e+00,9.45842e+00,3.95725e+00,3.85578e-01,2.67264e+00,7.04708e+00
1.41795e+00,6.20951e+01,2.43420e-01,4.02307e+01,3.83205e-01,6.45236e-01,3.13547e+00,1.44797e+01,3.84585e+00,2.23182e+01,6.07636e-01,1.10551e+02,3.62377e+00,1.55655e+00,2.01266e+00,9.45756e+00,3.94926e+00,3.84346e-01,2.66302e+00,7.02214e+00
1.40179e+00,6.14490e+01,2.42936e-01,4.00779e+01,3.81453e-01,6.47142e-01,3.14392e+00,1.44825e+01,3.80071e+00,2.24770e+01,6.07609e-01,1.09392e+02,3.62207e+00,1.54250e+00,1.99785e+00,9.45720e+00,3.94137e+00,3.83090e-01,2.65576e+00,6.99716e+00
1.38723e+00,6.08172e+01,2.42466e-01,3.99185e+01,3.79790e-01,6.48949e-01,3.15378e+00,1.44832e+01,3.75691e+00,2.26198e+01,6.07591e-01,1.08262e+02,3.61953e+00,1.52991e+00,1.98300e+00,9.45747e+00,3.93355e+00,3.81779e-01,2.65107e+00,6.97209e+00
1.37413e+00,6.01991e+01,2.41996e-01,3.97564e+01,3.78253e-01,6.50572e-01,3.16489e+00,1.44823e+01,3.71455e+00,2.27390e+01,6.07458e-01,1.07165e+02,3.61602e+00,1.51882e+00,1.96840e+00,9.45886e+00,3.92587e+00,3.80474e-01,2.64825e+00,6.94708e+00
1.36244e+00,5.95947e+01,2.41519e-01,3.95942e+01,3.76874e-01,6.51967e-01,3.17712e+00,1.44792e+01,3.67370e+00,2.28298e+01,6.07118e-01,1.06097e+02,3.61143e+00,1.50921e+00,1.95396e+00,9.46165e+00,3.91830e+00,3.79189e-01,2.64690e+00,6.92218e+00
1.35191e+00,5.90039e+01,2.41040e-01,3.94334e+01,3.75611e-01,6.53072e-01,3.19018e+00,1.44743e+01,3.63432e+00,2.28898e+01,6.06540e-01,1.05057e+02,3.60578e+00,1.50095e+00,1.93936e+00,9.46611e+00,3.91084e+00,3.77929e-01,2.64617e+00,6.89779e+00
1.34249e+00,5.84259e+01,2.40546e-01,3.92736e+01,3.74439e-01,6.53902e-01,3.20386e+00,1.44681e+01,3.59649e+00,2.29193e+01,6.05679e-01,1.04048e+02,3.59901e+00,1.49388e+00,1.92414e+00,9.47263e+00,3.90356e+00,3.76707e-01,2.64512e+00,6.87396e+00
1.33404e+00,5.78604e+01,2.40047e-01,3.91123e+01,3.73358e-01,6.54391e-01,3.21789e+00,1.44613e+01,3.56019e+00,2.29199e+01,6.04538e-01,1.03067e+02,3.59109e+00,1.48783e+00,1.90783e+00,9.48125e+00,3.89654e+00,3.75544e-01,2.64287e+00,6.85114e+00
1.32650e+00,5.73072e+01,2.39556e-01,3.89460e+01,3.72370e-01,6.54625e-01,3.23217e+00,1.44545e+01,3.52536e+00,2.28949e+01,6.03127e-01,1.02119e+02,3.58216e+00,1.48259e+00,1.89004e+00,9.49236e+00,3.88981e+00,3.74433e-01,2.63852e+00,6.82968e+00
1.31972e+00,5.67655e+01,2.39066e-01,3.87725e+01,3.71443e-01,6.54651e-01,3.24651e+00,1.44484e+01,3.49194e+00,2.28482e+01,6.01525e-01,1.01201e+02,3.57236e+00,1.47799e+00,1.87055e+00,9.50558e+00,3.88353e+00,3.73378e-01,2.63173e+00,6.80960e+00
1.31365e+00,5.62351e+01,2.38577e-01,3.85889e+01,3.70604e-01,6.54486e-01,3.26087e+00,1.44440e+01,3.46002e+00,2.27836e+01,5.99777e-01,1.00314e+02,3.56191e+00,1.47384e+00,1.84920e+00,9.52145e+00,3.87774e+00,3.72367e-01,2.62181e+00,6.79115e+00
1.30815e+00,5.57160e+01,2.38091e-01,3.83925e+01,3.69790e-01,6.54219e-01,3.27527e+00,1.44420e+01,3.42974e+00,2.27057e+01,5.97982e-01,9.94622e+01,3.55089e+00,1.46995e+00,1.82607e+00,9.53916e+00,3.87267e+00,3.71374e-01,2.60883e+00,6.77480e+00
1.30315e+00,5.52083e+01,2.37617e-01,3.81884e+01,3.68979e-01,6.55063e-01,3.29192e+00,1.44433e+01,3.40107e+00,2.26210e+01,5.96238e-01,9.86454e+01,3.53948e+00,1.46619e+00,1.80134e+00,9.55914e+00,3.86861e+00,3.70403e-01,2.59325e+00,6.76050e+00
1.29861e+00,5.47105e+01,2.37146e-01,3.79719e+01,3.68194e-01,6.57587e-01,3.30764e+00,1.44544e+01,3.37399e+00,2.25317e+01,5.95300e-01,9.78608e+01,3.52787e+00,1.46243e+00,1.77555e+00,9.58048e+00,3.86588e+00,3.69447e-01,2.57566e+00,6.74806e+00
1.29449e+00,5.42227e+01,2.36671e-01,3.77519e+01,3.67434e-01,6.61607e-01,3.32547e+00,1.44881e+01,3.34876e+00,2.24425e+01,5.94996e-01,9.71104e+01,3.51624e+00,1.45863e+00,1.74942e+00,9.60328e+00,3.86611e+00,3.68506e-01,2.55677e+00,6.73780e+00
1.29067e+00,5.37460e+01,2.36194e-01,3.75345e+01,3.66694e-01,6.66114e-01,3.34364e+00,1.45484e+01,3.32528e+00,2.23554e+01,5.95528e-01,9.63891e+01,3.50466e+00,1.45472e+00,1.72328e+00,9.62679e+00,3.86785e+00,3.67620e-01,2.53729e+00,6.72914e+00
1.28712e+00,5.32789e+01,2.35700e-01,3.73278e+01,3.65971e-01,6.70465e-01,3.36286e+00,1.46386e+01,3.30352e+00,2.22703e+01,5.96501e-01,9.56971e+01,3.49331e+00,1.45067e+00,1.69743e+00,9.65052e+00,3.87183e+00,3.66735e-01,2.51841e+00,6.72199e+00
1.28379e+00,5.28210e+01,2.35203e-01,3.71374e+01,3.65273e-01,6.75454e-01,3.38565e+00,1.47548e+01,3.28354e+00,2.21878e+01,5.97690e-01,9.50310e+01,3.48219e+00,1.44648e+00,1.67213e+00,9.67416e+00,3.87828e+00,3.65883e-01,2.50101e+00,6.71615e+00
1.28067e+00,5.23733e+01,2.34721e-01,3.69678e+01,3.64598e-01,6.81797e-01,3.41623e+00,1.48957e+01,3.26533e+00,2.21092e+01,5.99142e-01,9.43844e+01,3.47143e+00,1.44216e+00,1.64738e+00,9.69684e+00,3.88722e+00,3.65054e-01,2.48510e+00,6.71110e+00
1.27774e+00,5.19348e+01,2.34252e-01,3.68191e+01,3.63941e-01,6.90424e-01,3.46050e+00,1.50550e+01,3.24867e+00,2.20342e+01,6.01036e-01,9.37535e+01,3.46098e+00,1.43777e+00,1.62337e+00,9.71828e+00,3.89881e+00,3.64240e-01,2.46951e+00,6.70650e+00
1.27491e+00,5.15063e+01,2.33771e-01,3.66860e+01,3.63335e-01,7.03506e-01,3.52537e+00,1.52201e+01,3.23359e+00,2.19630e+01,6.03612e-01,9.31338e+01,3.45087e+00,1.43332e+00,1.60056e+00,9.73816e+00,3.91270e+00,3.63427e-01,2.45263e+00,6.70214e+00
1.27222e+00,5.10876e+01,2.33292e-01,3.65609e+01,3.62753e-01,7.26166e-01,3.61451e+00,1.53811e+01,3.22002e+00,2.18960e+01,6.06953e-01,9.25197e+01,3.44104e+00,1.42890e+00,1.57944e+00,9.75575e+00,3.92858e+00,3.62622e-01,2.43360e+00,6.69761e+00
1.26962e+00,5.06790e+01,2.32830e-01,3.64375e+01,3.62164e-01,7.64751e-01,3.72341e+00,1.55364e+01,3.20764e+00,2.18330e+01,6.10942e-01,9.19095e+01,3.43149e+00,1.42453e+00,1.56035e+00,9.77093e+00,3.94623e+00,3.61825e-01,2.41207e+00,6.69276e+00
1.26711e+00,5.02805e+01,2.32364e-01,3.63116e+01,3.61591e-01,8.19691e-01,3.83725e+00,1.56913e+01,3.19651e+00,2.17749e+01,6.15225e-01,9.12978e+01,3.42220e+00,1.42024e+00,1.54359e+00,9.78317e+00,3.96549e+00,3.61032e-01,2.38853e+00,6.68729e+00
1.26473e+00,4.98931e+01,2.31883e-01,3.61811e+01,3.61081e-01,8.83691e-01,3.93736e+00,1.58548e+01,3.18641e+00,2.17207e+01,6.19497e-01,9.06824e+01,3.41315e+00,1.41608e+00,1.52935e+00,9.79239e+00,3.98617e+00,3.60233e-01,2.36382e+00,6.68118e+00
1.26241e+00,4.95167e+01,2.31399e-01,3.60444e+01,3.60579e-01,9.51578e-01,4.00995e+00,1.60302e+01,3.17727e+00,2.16705e+01,6.23494e-01,9.00627e+01,3.40426e+00,1.41208e+00,1.51792e+00,9.79802e+00,4.00822e+00,3.59437e-01,2.33898e+00,6.67422e+00
1.26013e+00,4.91520e+01,2.30908e-01,3.59063e+01,3.60057e-01,1.02204e+00,4.05117e+00,1.62188e+01,3.16900e+00,2.16241e+01,6.27127e-01,8.94397e+01,3.39553e+00,1.40820e+00,1.50982e+00,9.80032e+00,4.03158e+00,3.58659e-01,2.31484e+00,6.66632e+00
1.25787e+00,4.87992e+01,2.30420e-01,3.57768e+01,3.59492e-01,1.08519e+00,4.06581e+00,1.64124e+01,3.16136e+00,2.15806e+01,6.30357e-01,8.88142e+01,3.38690e+00,1.40447e+00,1.50594e+00,9.79874e+00,4.05633e+00,3.57886e-01,2.29184e+00,6.65750e+00
1.25570e+00,4.84588e+01,2.29937e-01,3.56684e+01,3.58927e-01,1.12524e+00,4.06340e+00,1.65993e+01,3.15442e+00,2.15398e+01,6.33218e-01,8.81863e+01,3.37833e+00,1.40087e+00,1.50787e+00,9.79344e+00,4.08253e+00,3.57106e-01,2.27020e+00,6.64765e+00
1.25356e+00,4.81315e+01,2.29463e-01,3.55952e+01,3.58340e-01,1.13682e+00,4.05338e+00,1.67631e+01,3.14791e+00,2.15012e+01,6.35827e-01,8.75580e+01,3.36981e+00,1.39741e+00,1.51791e+00,9.78462e+00,4.11031e+00,3.56352e-01,2.24982e+00,6.63697e+00
1.25143e+00,4.78182e+01,2.28983e-01,3.55688e+01,3.57723e-01,1.12704e+00,4.04242e+00,1.68885e+01,3.14183e+00,2.14643e+01,6.38186e-01,8.69308e+01,3.36138e+00,1.39400e+00,1.53898e+00,9.77175e+00,4.13964e+00,3.55615e-01,2.23075e+00,6.62518e+00
1.24929e+00,4.75194e+01,2.28512e-01,3.55963e+01,3.57079e-01,1.10752e+00,4.03428e+00,1.69637e+01,3.13596e+00,2.14290e+01,6.40430e-01,8.63061e+01,3.35297e+00,1.39079e+00,1.57368e+00,9.75571e+00,4.17015e+00,3.54883e-01,2.21291e+00,6.61245e+00
1.24718e+00,4.72356e+01,2.28052e-01,3.56763e+01,3.56381e-01,1.08818e+00,4.02946e+00,1.69838e+01,3.13026e+00,2.13952e+01,6.42602e-01,8.56857e+01,3.34453e+00,1.38766e+00,1.62329e+00,9.73617e+00,4.20150e+00,3.54134e-01,2.19632e+00,6.59907e+00
1.24508e+00,4.69677e+01,2.27584e-01,3.58010e+01,3.55671e-01,1.07535e+00,4.02687e+00,1.69528e+01,3.12463e+00,2.13628e+01,6.44689e-01,8.50706e+01,3.33609e+00,1.38465e+00,1.68684e+00,9.71330e+00,4.23284e+00,3.53377e-01,2.18097e+00,6.58488e+00
1.24303e+00,4.67161e+01,2.27124e-01,3.59591e+01,3.54943e-01,1.07188e+00,4.02578e+00,1.68808e+01,3.11901e+00,2.13322e+01,6.46670e-01,8.44628e+01,3.32771e+00,1.38177e+00,1.76087e+00,9.68770e+00,4.26308e+00,3.52624e-01,2.16675e+00,6.56996e+00
1.24098e+00,4.64806e+01,2.26690e-01,3.61370e+01,3.54215e-01,1.07790e+00,4.02728e+00,1.67817e+01,3.11329e+00,2.13033e+01,6.48478e-01,8.38630e+01,3.31937e+00,1.37897e+00,1.84000e+00,9.65920e+00,4.29115e+00,3.51879e-01,2.15347e+00,6.55453e+00
1.23897e+00,4.62613e+01,2.26281e-01,3.63217e+01,3.53482e-01,1.09135e+00,4.03510e+00,1.66711e+01,3.10743e+00,2.12766e+01,6.50039e-01,8.32720e+01,3.31105e+00,1.37625e+00,1.91807e+00,9.62871e+00,4.31586e+00,3.51132e-01,2.14078e+00,6.53881e+00
1.23694e+00,4.60578e+01,2.25899e-01,3.65014e+01,3.52724e-01,1.10880e+00,4.05628e+00,1.65614e+01,3.10141e+00,2.12524e+01,6.51260e-01,8.26921e+01,3.30284e+00,1.37358e+00,1.98935e+00,9.59577e+00,4.33616e+00,3.50399e-01,2.12874e+00,6.52285e+00
1.23492e+00,4.58695e+01,2.25555e-01,3.66692e+01,3.51991e-01,1.12630e+00,4.10047e+00,1.64620e+01,3.09521e+00,2.12313e+01,6.52118e-01,8.21228e+01,3.29467e+00,1.37097e+00,2.04941e+00,9.56123e+00,4.35121e+00,3.49671e-01,2.11719e+00,6.50675e+00
1.23290e+00,4.56953e+01,2.25229e-01,3.68214e+01,3.51294e-01,1.14034e+00,4.17714e+00,1.63768e+01,3.08887e+00,2.12134e+01,6.52653e-01,8.15638e+01,3.28658e+00,1.36840e+00,2.09596e+00,9.52521e+00,4.36052e+00,3.48940e-01,2.10595e+00,6.49076e+00
1.23087e+00,4.55334e+01,2.24891e-01,3.69551e+01,3.50614e-01,1.14837e+00,4.29217e+00,1.63073e+01,3.08238e+00,2.11989e+01,6.52919e-01,8.10164e+01,3.27861e+00,1.36585e+00,2.12831e+00,9.48812e+00,4.36346e+00,3.48218e-01,2.09533e+00,6.47505e+00
1.22883e+00,4.53832e+01,2.24533e-01,3.70674e+01,3.49923e-01,1.14900e+00,4.44194e+00,1.62511e+01,3.07576e+00,2.11889e+01,6.52931e-01,8.04804e+01,3.27077e+00,1.36335e+00,2.14770e+00,9.44994e+00,4.36019e+00,3.47500e-01,2.08548e+00,6.45968e+00
1.22679e+00,4.52425e+01,2.24176e-01,3.71545e+01,3.49221e-01,1.14225e+00,4.61033e+00,1.62038e+01,3.06900e+00,2.11831e+01,6.52815e-01,7.99575e+01,3.26303e+00,1.36088e+00,2.15637e+00,9.41140e+00,4.35103e+00,3.46757e-01,2.07663e+00,6.44478e+00
1.22473e+00,4.51092e+01,2.34121e-01,3.72124e+01,3.64397e-01,1.12887e+00,4.77190e+00,1.61606e+01,3.07424e+00,2.11951e+01,6.52625e-01,7.94489e+01,3.25542e+00,1.35850e+00,2.15749e+00,9.37244e+00,4.33812e+00,3.64180e-01,2.06934e+00,6.43049e+00
1.23435e+00,4.49885e+01,2.51751e-01,3.72538e+01,4.26201e-01,1.11023e+00,4.91829e+00,1.61517e+01,3.09188e+00,2.12195e+01,6.52471e-01,7.89560e+01,3.25611e+00,1.37476e+00,2.15426e+00,9.33899e+00,4.34354e+00,3.78363e-01,2.10854e+00,6.42582e+00
1.25098e+00,4.48666e+01,2.76895e-01,3.72783e+01,5.48200e-01,1.08796e+00,5.05281e+00,1.61752e+01,3.11258e+00,2.12668e+01,6.52378e-01,7.84802e+01,3.25880e+00,1.39415e+00,2.14960e+00,9.31193e+00,4.35193e+00,3.93301e-01,2.17570e+00,6.43100e+00
1.26291e+00,4.47524e+01,3.01369e-01,3.72780e+01,7.35986e-01,1.06349e+00,5.19643e+00,1.61882e+01,3.13454e+00,2.13311e+01,6.52315e-01,7.80233e+01,3.26371e+00,1.41213e+00,2.14565e+00,9.28716e+00,4.35778e+00,4.15543e-01,2.26113e+00,6.43589e+00
1.27275e+00,4.46420e+01,3.23417e-01,3.72567e+01,9.89240e-01,1.03864e+00,5.26886e+00,1.61965e+01,3.15659e+00,2.13999e+01,6.52223e-01,7.75763e+01,3.27280e+00,1.43233e+00,2.14339e+00,9.27177e+00,4.35332e+00,4.41314e-01,2.36057e+00,6.44658e+00
1.28976e+00,4.45306e+01,3.43805e-01,3.72376e+01,1.28815e+00,1.01368e+00,5.31666e+00,1.62103e+01,3.17811e+00,2.14770e+01,6.52029e-01,7.71471e+01,3.27802e+00,1.45380e+00,2.14268e+00,9.27428e+00,4.34087e+00,4.64838e-01,2.48431e+00,6.45696e+00
1.31709e+00,4.44201e+01,3.63282e-01,3.72335e+01,1.52025e+00,9.89602e-01,5.36166e+00,1.62293e+01,3.20100e+00,2.15611e+01,6.51673e-01,7.67356e+01,3.27708e+00,1.47471e+00,2.14258e+00,9.28615e+00,4.32367e+00,4.84253e-01,2.61469e+00,6.46247e+00
1.35482e+00,4.43094e+01,3.79559e-01,3.72502e+01,1.65048e+00,9.66766e-01,5.37848e+00,1.62575e+01,3.22777e+00,2.16481e+01,6.51021e-01,7.63414e+01,3.27412e+00,1.49433e+00,2.14165e+00,9.29466e+00,4.30253e+00,5.00396e-01,2.74101e+00,6.46334e+00
1.40142e+00,4.41973e+01,3.89069e-01,3.72942e+01,1.74903e+00,9.45636e-01,5.34492e+00,1.63005e+01,3.25998e+00,2.17336e+01,6.49996e-01,7.59604e+01,3.27319e+00,1.51490e+00,2.13832e+00,9.29188e+00,4.27949e+00,5.14523e-01,2.86808e+00,6.46262e+00
1.45409e+00,4.40837e+01,3.89791e-01,3.73644e+01,1.87288e+00,9.26542e-01,5.25754e+00,1.63608e+01,3.29826e+00,2.18161e+01,6.48500e-01,7.55939e+01,3.27620e+00,1.53942e+00,2.13124e+00,9.27448e+00,4.25621e+00,5.26709e-01,2.99671e+00,6.46173e+00
1.50956e+00,4.39680e+01,3.82422e-01,3.74538e+01,1.99334e+00,9.09611e-01,5.13231e+00,1.64441e+01,3.34240e+00,2.18959e+01,6.46473e-01,7.52398e+01,3.28375e+00,1.56797e+00,2.11948e+00,9.24659e+00,4.23577e+00,5.35554e-01,3.12055e+00,6.46180e+00
1.56545e+00,4.38500e+01,3.69443e-01,3.75586e+01,2.04382e+00,8.94774e-01,4.98412e+00,1.65608e+01,3.39195e+00,2.19744e+01,6.43874e-01,7.48968e+01,3.29583e+00,1.59787e+00,2.10257e+00,9.21736e+00,4.22097e+00,5.39440e-01,3.23442e+00,6.46285e+00
1.62133e+00,4.37301e+01,3.53551e-01,3.76761e+01,2.00301e+00,8.81974e-01,4.82255e+00,1.67185e+01,3.44583e+00,2.20511e+01,6.40759e-01,7.45699e+01,3.31195e+00,1.62570e+00,2.08068e+00,9.19664e+00,4.21204e+00,5.37551e-01,3.33870e+00,6.46463e+00
1.67780e+00,4.36088e+01,3.37044e-01,3.77972e+01,1.89769e+00,8.71070e-01,4.65493e+00,1.69191e+01,3.50224e+00,2.21252e+01,6.37114e-01,7.42598e+01,3.33127e+00,1.64955e+00,2.05433e+00,9.18921e+00,4.20716e+00,5.30559e-01,3.43652e+00,6.46709e+00
1.73413e+00,4.34858e+01,3.21485e-01,3.79038e+01,1.76343e+00,8.61887e-01,4.48883e+00,1.71583e+01,3.55919e+00,2.21935e+01,6.33027e-01,7.39745e+01,3.35261e+00,1.66927e+00,2.02425e+00,9.19275e+00,4.20531e+00,5.20203e-01,3.52898e+00,6.47038e+00
1.78691e+00,4.33615e+01,3.07804e-01,3.79810e+01,1.62440e+00,8.54286e-01,4.33039e+00,1.74269e+01,3.61512e+00,2.22531e+01,6.28557e-01,7.37214e+01,3.37449e+00,1.68592e+00,1.99132e+00,9.19928e+00,4.20904e+00,5.08938e-01,3.61366e+00,6.47508e+00
1.83126e+00,4.32352e+01,2.96400e-01,3.80189e+01,1.49125e+00,8.48001e-01,4.18469e+00,1.77110e+01,3.66909e+00,2.23018e+01,6.23834e-01,7.35063e+01,3.39540e+00,1.70098e+00,1.95653e+00,9.20072e+00,4.22268e+00,4.99775e-01,3.68809e+00,6.48142e+00
1.86287e+00,4.31064e+01,2.87271e-01,3.80153e+01,1.36710e+00,8.42864e-01,4.05508e+00,1.79982e+01,3.72103e+00,2.23383e+01,6.18903e-01,7.33382e+01,3.41428e+00,1.71565e+00,1.92075e+00,9.19268e+00,4.24864e+00,4.96857e-01,3.75178e+00,6.48965e+00
1.87985e+00,4.29739e+01,2.80266e-01,3.79759e+01,1.25177e+00,8.38697e-01,3.94339e+00,1.82784e+01,3.77167e+00,2.23619e+01,6.13892e-01,7.32194e+01,3.43022e+00,1.73023e+00,1.88478e+00,9.17504e+00,4.28429e+00,5.07140e-01,3.80656e+00,6.49971e+00
1.88299e+00,4.28374e+01,2.74939e-01,3.79083e+01,1.14476e+00,8.35255e-01,3.84980e+00,1.85461e+01,3.82160e+00,2.23745e+01,6.08893e-01,7.31491e+01,3.44289e+00,1.74453e+00,1.84934e+00,9.15211e+00,4.32193e+00,5.42794e-01,3.85427e+00,6.51059e+00
1.87471e+00,4.26971e+01,2.70861e-01,3.78203e+01,1.04610e+00,8.32332e-01,3.77407e+00,1.88004e+01,3.87107e+00,2.23770e+01,6.03970e-01,7.31156e+01,3.45237e+00,1.75795e+00,1.81491e+00,9.12749e+00,4.35269e+00,6.20883e-01,3.89416e+00,6.52172e+00
1.87106e+00,4.25524e+01,2.67592e-01,3.77192e+01,9.55877e-01,8.29762e-01,3.71519e+00,1.90406e+01,3.91917e+00,2.23714e+01,5.99240e-01,7.31081e+01,3.45891e+00,1.76975e+00,1.78185e+00,9.10483e+00,4.37057e+00,7.51993e-01,3.92351e+00,6.53244e+00
1.87230e+00,4.24039e+01,2.64748e-01,3.76131e+01,8.74515e-01,8.27478e-01,3.67233e+00,1.92688e+01,3.96881e+00,2.23601e+01,5.94775e-01,7.31127e+01,3.46384e+00,1.77919e+00,1.75050e+00,9.08507e+00,4.37373e+00,9.19850e-01,3.93981e+00,6.54374e+00
1.86700e+00,4.22525e+01,2.67984e-01,3.75129e+01,8.12225e-01,8.25226e-01,3.64445e+00,1.94830e+01,4.02844e+00,2.23473e+01,5.90657e-01,7.31265e+01,3.46624e+00,1.78727e+00,1.72104e+00,9.06837e+00,4.37355e+00,1.08480e+00,3.94261e+00,6.55378e+00
1.87205e+00,4.21838e+01,2.80191e-01,3.74284e+01,7.82497e-01,8.24258e-01,3.63105e+00,1.96899e+01,4.11369e+00,2.23457e+01,5.86936e-01,7.32140e+01,3.46754e+00,1.79379e+00,1.69361e+00,9.05437e+00,4.37682e+00,1.23468e+00,3.94075e+00,6.56307e+00
1.90685e+00,4.21482e+01,2.99805e-01,3.74125e+01,7.86783e-01,8.34495e-01,3.68328e+00,2.00791e+01,4.22046e+00,2.23637e+01,6.22614e-01,7.33335e+01,3.46860e+00,1.79863e+00,1.68477e+00,9.04332e+00,4.38951e+00,1.30120e+00,3.93270e+00,6.57444e+00
1.96840e+00,4.19526e+01,3.21497e-01,3.75337e+01,8.18568e-01,8.38910e-01,4.29224e+00,2.05910e+01,4.33331e+00,2.24312e+01,7.43685e-01,7.35773e+01,3.47096e+00,1.79984e+00,1.67000e+00,9.03707e+00,4.41516e+00,1.32765e+00,3.92006e+00,6.58874e+00
2.04422e+00,4.17828e+01,3.40417e-01,3.78205e+01,8.82055e-01,8.59938e-01,6.15279e+00,2.07744e+01,4.43959e+00,2.25816e+01,8.86061e-01,7.40014e+01,3.47373e+00,1.79942e+00,1.68329e+00,9.03599e+00,4.45993e+00,1.32316e+00,3.90767e+00,6.60959e+00
2.13066e+00,4.16419e+01,3.56938e-01,3.83202e+01,9.88665e-01,8.66234e-01,8.42028e+00,2.08837e+01,4.54572e+00,2.28772e+01,9.84100e-01,7.48262e+01,3.47815e+00,1.79890e+00,2.39966e+00,9.04022e+00,4.52911e+00,1.28773e+00,3.92566e+00,6.63147e+00
2.21958e+00,4.15142e+01,3.73397e-01,3.90990e+01,1.11236e+00,8.77153e-01,9.82777e+00,2.10152e+01,4.67394e+00,2.34386e+01,1.05084e+00,7.64881e+01,3.48491e+00,1.79913e+00,5.09564e+00,9.05068e+00,4.62668e+00,1.24254e+00,4.00922e+00,6.65610e+00
2.30479e+00,4.13963e+01,3.88880e-01,4.00125e+01,1.20521e+00,8.85615e-01,1.11082e+01,2.11365e+01,4.84401e+00,2.44223e+01,1.07129e+00,7.96864e+01,3.49427e+00,1.80080e+00,7.94137e+00,9.06644e+00,4.75698e+00,1.17649e+00,4.12124e+00,6.68479e+00
2.38882e+00,4.12857e+01,3.99781e-01,4.09240e+01,1.25829e+00,8.92154e-01,1.24339e+01,2.13088e+01,5.05776e+00,2.57920e+01,1.05860e+00,8.53357e+01,3.50712e+00,1.80506e+00,9.92569e+00,9.08856e+00,4.93758e+00,1.11191e+00,4.24696e+00,6.71803e+00
2.47553e+00,4.11800e+01,4.02864e-01,4.18531e+01,1.29875e+00,9.01258e-01,1.32602e+01,2.15696e+01,5.29426e+00,2.71750e+01,1.02925e+00,9.48850e+01,3.52321e+00,1.81361e+00,1.06596e+01,9.11640e+00,5.20612e+00,1.05357e+00,4.38741e+00,6.75577e+00
2.56097e+00,4.10785e+01,3.97684e-01,4.29417e+01,1.35671e+00,9.21508e-01,1.33743e+01,2.19457e+01,5.52615e+00,2.81594e+01,9.91919e-01,1.10183e+02,3.54225e+00,1.82765e+00,1.05114e+01,9.14924e+00,5.61838e+00,9.99404e-01,4.54628e+00,6.79783e+00
2.63382e+00,4.09824e+01,3.86173e-01,4.43689e+01,1.44152e+00,9.67730e-01,1.28534e+01,2.24862e+01,5.73863e+00,2.85938e+01,9.53491e-01,1.29752e+02,3.56386e+00,1.84711e+00,1.01273e+01,9.18552e+00,6.24360e+00,9.45978e-01,4.72693e+00,6.84402e+00
2.68829e+00,4.08946e+01,3.71069e-01,4.62266e+01,1.53317e+00,1.04850e+00,1.19704e+01,2.32389e+01,5.92855e+00,2.85628e+01,9.16986e-01,1.47890e+02,3.58743e+00,1.87081e+00,9.71061e+00,9.22371e+00,7.14967e+00,8.98887e-01,4.93064e+00,6.89309e+00
2.71389e+00,4.08175e+01,3.54887e-01,4.83954e+01,1.60122e+00,1.14583e+00,1.10834e+01,2.42412e+01,6.09588e+00,2.82336e+01,8.82421e-01,1.60137e+02,3.61196e+00,1.89689e+00,9.30085e+00,9.26283e+00,8.39179e+00,8.45595e-01,5.15384e+00,6.94284e+00
2.71037e+00,4.07540e+01,3.39281e-01,5.05812e+01,1.62623e+00,1.22477e+00,1.05194e+01,2.55316e+01,6.23754e+00,2.77527e+01,8.49108e-01,1.65898e+02,3.63620e+00,1.92340e+00,8.95022e+00,9.30250e+00,1.00864e+01,7.98031e-01,5.39360e+00,6.99113e+00
2.68674e+00,4.07060e+01,3.25249e-01,5.24848e+01,1.60502e+00,1.26378e+00,1.05536e+01,2.71301e+01,6.35105e+00,2.72193e+01,8.16785e-01,1.66676e+02,3.65890e+00,1.94864e+00,8.67837e+00,9.34251e+00,1.23903e+01,7.56495e-01,5.64538e+00,7.03662e+00
2.65003e+00,4.06751e+01,3.13205e-01,5.39217e+01,1.54499e+00,1.26364e+00,1.13228e+01,2.90148e+01,6.44086e+00,2.66922e+01,7.85694e-01,1.64158e+02,3.67892e+00,1.97207e+00,8.45129e+00,9.38180e+00,1.51058e+01,7.21042e-01,5.90209e+00,7.08027e+00
2.60497e+00,4.06628e+01,3.03291e-01,5.48413e+01,1.45780e+00,1.23625e+00,1.26177e+01,3.10928e+01,6.51863e+00,2.62020e+01,7.56585e-01,1.59580e+02,3.69546e+00,1.99170e+00,8.21208e+00,9.41825e+00,1.75160e+01,6.92786e-01,6.15177e+00,7.12273e+00
2.55642e+00,4.06706e+01,2.95227e-01,5.52759e+01,1.35537e+00,1.19429e+00,1.39762e+01,3.32309e+01,6.59762e+00,2.57637e+01,7.30147e-01,1.53778e+02,3.70800e+00,2.00846e+00,7.91335e+00,9.45110e+00,1.90343e+01,6.73571e-01,6.37977e+00,7.16318e+00
2.50847e+00,4.06988e+01,2.88820e-01,5.52947e+01,1.25569e+00,1.14681e+00,1.51528e+01,3.56538e+01,6.68572e+00,2.53819e+01,7.06857e-01,1.47352e+02,3.71631e+00,2.02206e+00,7.66705e+00,9.47706e+00,1.96420e+01,6.67782e-01,6.57221e+00,7.20232e+00
2.46350e+00,4.07475e+01,2.83707e-01,5.49888e+01,1.18095e+00,1.09974e+00,1.64870e+01,3.80370e+01,6.78354e+00,2.50549e+01,8.31241e-01,1.40760e+02,3.72044e+00,2.03162e+00,7.56438e+00,9.49679e+00,1.96520e+01,6.78075e-01,6.85529e+00,7.24025e+00
2.42215e+00,4.08157e+01,2.79534e-01,5.44787e+01,1.24098e+00,1.05513e+00,1.85356e+01,3.92409e+01,6.88578e+00,2.47781e+01,2.24049e+00,1.34341e+02,3.72086e+00,2.03649e+00,8.18022e+00,9.51057e+00,1.93962e+01,7.12900e-01,7.40162e+00,7.27658e+00
2.38339e+00,4.09019e+01,2.75985e-01,5.39432e+01,2.27041e+00,1.01483e+00,2.02136e+01,3.97387e+01,6.98573e+00,2.45441e+01,6.16257e+00,1.28328e+02,3.71831e+00,2.03601e+00,9.14742e+00,9.51766e+00,1.90986e+01,7.80155e-01,7.91522e+00,7.31026e+00
2.34539e+00,4.10030e+01,2.72808e-01,5.36121e+01,4.49858e+00,9.78928e-01,2.09875e+01,3.99212e+01,7.07862e+00,2.43446e+01,1.03461e+01,1.22853e+02,3.71368e+00,2.03036e+00,9.53491e+00,9.52054e+00,1.88592e+01,8.78088e-01,8.36498e+00,7.34136e+00
2.30718e+00,4.11163e+01,2.69912e-01,5.37487e+01,5.91130e+00,9.47267e-01,2.12321e+01,3.99104e+01,7.16282e+00,2.41714e+01,1.11534e+01,1.17964e+02,3.70816e+00,2.02049e+00,9.49059e+00,9.52030e+00,1.86778e+01,9.89261e-01,8.71787e+00,7.37019e+00
2.26960e+00,4.12388e+01,2.67225e-01,5.46831e+01,5.60564e+00,9.19927e-01,2.12595e+01,3.97693e+01,7.23885e+00,2.40176e+01,9.93013e+00,1.13656e+02,3.70298e+00,2.00807e+00,8.98558e+00,9.52029e+00,1.84888e+01,1.08853e+00,8.95700e+00,7.39711e+00
2.23467e+00,4.13666e+01,2.64732e-01,5.68255e+01,4.62402e+00,8.97721e-01,2.12920e+01,3.95605e+01,7.30740e+00,2.38781e+01,8.53136e+00,1.09867e+02,3.69972e+00,1.99502e+00,8.22819e+00,9.52471e+00,1.82132e+01,1.15717e+00,9.17289e+00,7.42323e+00
2.20394e+00,4.14970e+01,2.62395e-01,6.04872e+01,3.66880e+00,8.82518e-01,2.16454e+01,3.93140e+01,7.36697e+00,2.37501e+01,7.32332e+00,1.06528e+02,3.70005e+00,1.98336e+00,7.42890e+00,9.53912e+00,1.77989e+01,1.18841e+00,9.42474e+00,7.44755e+00
2.17721e+00,4.16263e+01,2.60215e-01,6.54557e+01,2.91535e+00,8.77424e-01,2.27284e+01,3.90437e+01,7.41322e+00,2.36336e+01,6.22882e+00,1.03562e+02,3.70572e+00,1.97507e+00,6.68946e+00,9.57286e+00,1.72392e+01,1.18532e+00,9.72414e+00,7.46883e+00
2.15218e+00,4.17519e+01,2.58221e-01,7.08050e+01,2.35187e+00,8.85407e-01,2.48497e+01,3.87568e+01,7.44015e+00,2.35326e+01,5.22740e+00,1.00892e+02,3.71853e+00,1.97199e+00,6.04860e+00,9.63940e+00,1.65644e+01,1.15599e+00,1.00855e+01,7.48481e+00
2.12582e+00,4.18718e+01,2.56426e-01,7.54459e+01,1.93109e+00,9.05417e-01,2.75927e+01,3.84676e+01,7.44160e+00,2.34537e+01,4.35001e+00,9.84575e+01,3.74012e+00,1.97567e+00,5.52236e+00,9.75823e+00,1.58221e+01,1.11020e+00,1.05220e+01,7.49369e+00
2.09610e+00,4.19844e+01,2.54891e-01,7.87979e+01,1.61216e+00,9.30225e-01,2.98034e+01,3.81913e+01,7.41353e+00,2.34049e+01,3.61626e+00,9.62145e+01,3.77170e+00,1.98705e+00,5.11225e+00,9.95795e+00,1.50598e+01,1.05727e+00,1.10171e+01,7.49383e+00
2.06257e+00,4.20882e+01,2.53593e-01,8.08773e+01,1.36638e+00,9.50424e-01,3.06859e+01,3.79355e+01,7.35486e+00,2.33975e+01,3.02306e+00,9.41277e+01,3.81370e+00,2.00602e+00,4.80739e+00,1.02808e+01,1.43143e+01,1.00562e+00,1.15351e+01,7.48522e+00
2.02623e+00,4.21831e+01,2.52473e-01,8.19909e+01,1.17428e+00,9.60763e-01,3.02968e+01,3.76979e+01,7.26763e+00,2.34448e+01,2.55398e+00,9.21777e+01,3.86565e+00,2.03115e+00,4.58824e+00,1.07788e+01,1.36069e+01,9.63813e-01,1.20525e+01,7.46816e+00
1.98834e+00,4.22694e+01,2.51554e-01,8.24838e+01,1.02271e+00,9.61278e-01,2.90903e+01,3.74682e+01,7.15614e+00,2.35610e+01,2.19038e+00,9.03539e+01,3.92651e+00,2.05988e+00,4.43168e+00,1.15017e+01,1.29490e+01,9.43557e-01,1.25689e+01,7.44306e+00
1.95069e+00,4.23484e+01,2.50835e-01,8.26788e+01,9.02325e-01,9.54986e-01,2.74948e+01,3.72599e+01,7.02576e+00,2.37614e+01,1.91665e+00,8.86475e+01,3.99384e+00,2.08907e+00,4.31396e+00,1.24747e+01,1.23424e+01,9.61989e-01,1.30982e+01,7.41138e+00
1.91436e+00,4.24223e+01,2.50228e-01,8.29049e+01,8.06233e-01,9.45269e-01,2.57935e+01,3.71414e+01,6.88240e+00,2.40597e+01,1.72380e+00,8.70598e+01,4.06505e+00,2.11523e+00,4.21377e+00,1.36909e+01,1.17848e+01,1.03686e+00,1.36510e+01,7.37447e+00
1.88004e+00,4.24939e+01,2.49746e-01,8.34559e+01,7.29170e-01,9.34698e-01,2.41537e+01,3.72349e+01,6.73095e+00,2.44667e+01,1.60926e+00,8.55829e+01,4.13713e+00,2.13582e+00,4.11471e+00,1.51290e+01,1.12723e+01,1.16949e+00,1.42234e+01,7.33317e+00
1.84806e+00,4.25666e+01,2.49342e-01,8.44585e+01,6.67200e-01,9.25026e-01,2.26901e+01,3.76139e+01,6.57612e+00,2.49891e+01,1.57422e+00,8.42204e+01,4.20723e+00,2.14908e+00,4.00800e+00,1.67486e+01,1.08010e+01,1.32851e+00,1.47877e+01,7.28903e+00
1.81853e+00,4.26442e+01,2.49037e-01,8.57117e+01,6.17201e-01,9.17402e-01,2.15334e+01,3.81970e+01,6.42131e+00,2.56274e+01,1.61761e+00,8.29671e+01,4.27270e+00,2.15443e+00,3.89255e+00,1.84331e+01,1.03681e+01,1.46425e+00,1.52954e+01,7.24232e+00
1.79133e+00,4.27297e+01,2.48840e-01,8.67602e+01,5.76659e-01,9.12647e-01,2.08757e+01,3.87820e+01,6.26914e+00,2.63770e+01,1.72746e+00,8.18223e+01,4.33158e+00,2.15208e+00,3.77353e+00,1.99769e+01,9.97146e+00,1.54181e+00,1.56875e+01,7.19405e+00
1.76625e+00,4.28258e+01,2.48710e-01,8.71946e+01,5.43827e-01,9.11542e-01,2.09477e+01,3.91930e+01,6.12153e+00,2.72275e+01,1.87729e+00,8.07805e+01,4.38219e+00,2.14275e+00,3.66186e+00,2.11778e+01,9.60799e+00,1.55541e+00,1.59134e+01,7.14463e+00
1.74300e+00,4.29339e+01,2.48615e-01,8.68647e+01,5.17113e-01,9.14814e-01,2.18705e+01,3.93729e+01,5.98023e+00,2.81650e+01,2.03326e+00,7.98398e+01,4.42321e+00,2.12739e+00,3.57506e+00,2.19312e+01,9.27554e+00,1.51804e+00,1.59489e+01,7.09435e+00
1.72133e+00,4.30540e+01,2.48535e-01,8.58747e+01,4.95310e-01,9.22945e-01,2.34516e+01,3.93710e+01,5.84629e+00,2.91711e+01,2.16719e+00,7.90017e+01,4.45391e+00,2.10710e+00,3.54034e+00,2.22403e+01,8.97078e+00,1.44782e+00,1.57990e+01,7.04379e+00
1.70103e+00,4.31855e+01,2.48473e-01,8.44453e+01,4.77458e-01,9.36260e-01,2.51920e+01,3.92767e+01,5.72114e+00,3.02255e+01,2.26482e+00,7.82593e+01,4.47378e+00,2.08290e+00,3.59498e+00,2.21747e+01,8.69100e+00,1.36026e+00,1.54908e+01,6.99357e+00
1.68178e+00,4.33258e+01,2.48415e-01,8.28071e+01,4.62797e-01,9.54506e-01,2.65836e+01,3.91700e+01,5.60610e+00,3.13050e+01,2.32510e+00,7.76137e+01,4.48258e+00,2.05566e+00,3.77590e+00,2.18334e+01,8.43294e+00,1.26634e+00,1.50624e+01,6.94402e+00
1.66354e+00,4.34715e+01,2.48362e-01,8.11632e+01,4.50742e-01,9.76764e-01,2.73470e+01,3.90988e+01,5.50226e+00,3.23848e+01,2.35521e+00,7.70589e+01,4.48066e+00,2.02630e+00,4.10039e+00,2.13240e+01,8.19476e+00,1.17307e+00,1.45535e+01,6.89581e+00
1.64599e+00,4.36191e+01,2.48304e-01,7.96831e+01,4.40781e-01,1.00142e+00,2.74338e+01,3.90964e+01,5.41069e+00,3.34381e+01,2.36540e+00,7.65946e+01,4.46861e+00,1.99552e+00,4.54671e+00,2.07489e+01,7.97466e+00,1.08454e+00,1.39988e+01,6.84940e+00
1.62913e+00,4.37671e+01,2.48210e-01,7.85283e+01,4.32538e-01,1.02637e+00,2.69307e+01,3.92092e+01,5.33228e+00,3.44418e+01,2.36667e+00,7.62142e+01,4.44736e+00,1.96398e+00,5.05635e+00,2.01902e+01,7.77153e+00,1.00278e+00,1.34248e+01,6.80536e+00
1.61286e+00,4.39165e+01,2.48089e-01,7.78447e+01,4.25724e-01,1.04948e+00,2.59808e+01,3.95182e+01,5.26735e+00,3.53726e+01,2.37078e+00,7.59184e+01,4.41795e+00,1.93221e+00,5.55472e+00,1.96908e+01,7.58534e+00,9.28699e-01,1.28527e+01,6.76430e+00
1.59719e+00,4.40712e+01,2.47981e-01,7.77467e+01,4.20095e-01,1.06887e+00,2.47372e+01,4.01632e+01,5.21555e+00,3.62110e+01,2.39199e+00,7.57006e+01,4.38162e+00,1.90068e+00,5.97585e+00,1.92480e+01,7.41584e+00,8.62428e-01,1.22956e+01,6.72655e+00
1.58207e+00,4.42382e+01,2.47897e-01,7.82714e+01,4.15408e-01,1.08336e+00,2.33329e+01,4.13065e+01,5.17579e+00,3.69403e+01,2.45078e+00,7.55664e+01,4.33976e+00,1.86977e+00,6.27642e+00,1.88305e+01,7.26354e+00,8.03669e-01,1.17627e+01,6.69250e+00
1.56757e+00,4.44291e+01,2.47814e-01,7.93191e+01,4.11554e-01,1.09261e+00,2.18709e+01,4.29738e+01,5.14611e+00,3.75472e+01,2.57893e+00,7.55152e+01,4.29368e+00,1.83974e+00,6.44086e+00,1.84068e+01,7.12872e+00,7.51974e-01,1.12587e+01,6.66244e+00
1.55367e+00,4.46582e+01,2.47709e-01,8.06297e+01,4.08307e-01,1.09724e+00,2.04236e+01,4.48961e+01,5.12385e+00,3.80236e+01,2.82261e+00,7.55523e+01,4.24475e+00,1.81078e+00,6.47715e+00,1.79668e+01,7.01146e+00,7.06704e-01,1.07853e+01,6.63625e+00
1.54045e+00,4.49427e+01,2.47586e-01,8.18629e+01,4.05567e-01,1.09869e+00,1.90353e+01,4.66387e+01,5.10615e+00,3.83662e+01,3.23486e+00,7.56838e+01,4.19413e+00,1.78299e+00,6.40824e+00,1.75241e+01,6.91214e+00,6.67250e-01,1.03433e+01,6.61444e+00
1.52795e+00,4.53032e+01,2.47451e-01,8.27337e+01,4.03258e-01,1.09920e+00,1.77339e+01,4.78922e+01,5.09052e+00,3.85783e+01,3.84367e+00,7.59117e+01,4.14276e+00,1.75653e+00,6.26265e+00,1.71080e+01,6.83041e+00,6.33006e-01,9.93048e+00,6.59656e+00
1.51620e+00,4.57600e+01,2.47317e-01,8.30993e+01,4.01287e-01,1.10156e+00,1.65332e+01,4.86482e+01,5.07464e+00,3.86703e+01,4.60821e+00,7.62444e+01,4.09169e+00,1.73148e+00,6.06699e+00,1.67545e+01,6.76569e+00,6.03413e-01,9.54408e+00,6.58275e+00
1.50521e+00,4.63304e+01,2.47146e-01,8.29725e+01,3.99585e-01,1.10866e+00,1.54392e+01,4.91840e+01,5.05749e+00,3.86570e+01,5.41030e+00,7.66778e+01,4.04161e+00,1.70789e+00,5.84225e+00,1.65024e+01,6.71665e+00,5.77955e-01,9.18063e+00,6.57262e+00
1.49498e+00,4.70267e+01,2.46928e-01,8.24702e+01,3.98123e-01,1.12284e+00,1.44530e+01,4.98749e+01,5.03916e+00,3.85561e+01,6.11039e+00,7.72161e+01,3.99314e+00,1.68580e+00,5.60379e+00,1.63866e+01,6.68183e+00,5.56198e-01,8.83726e+00,6.56601e+00
1.48549e+00,4.78533e+01,2.46690e-01,8.17609e+01,3.96824e-01,1.14520e+00,1.35728e+01,5.09518e+01,5.02064e+00,3.83878e+01,6.61538e+00,7.78513e+01,3.94668e+00,1.66522e+00,5.36170e+00,1.64325e+01,6.65892e+00,5.37713e-01,8.51125e+00,6.56257e+00
1.47676e+00,4.88038e+01,2.46443e-01,8.10307e+01,3.95704e-01,1.17475e+00,1.27952e+01,5.23537e+01,5.00393e+00,3.81707e+01,6.89962e+00,7.85787e+01,3.90248e+00,1.64617e+00,5.12223e+00,1.66442e+01,6.64512e+00,5.22128e-01,8.20019e+00,6.56203e+00
1.46870e+00,4.98600e+01,2.46190e-01,8.04472e+01,3.94688e-01,1.20846e+00,1.21157e+01,5.38113e+01,4.99108e+00,3.79231e+01,6.98634e+00,7.93844e+01,3.86077e+00,1.62862e+00,4.88936e+00,1.69946e+01,6.63747e+00,5.09048e-01,7.90244e+00,6.56402e+00
1.46130e+00,5.09929e+01,2.45945e-01,8.01276e+01,3.93812e-01,1.24183e+00,1.15295e+01,5.50558e+01,4.98417e+00,3.76605e+01,6.91941e+00,8.02570e+01,3.82164e+00,1.61255e+00,4.66541e+00,1.74242e+01,6.63274e+00,4.98158e-01,7.61787e+00,6.56801e+00
1.45447e+00,5.21667e+01,2.45703e-01,8.00928e+01,3.93000e-01,1.27021e+00,1.10304e+01,5.59346e+01,4.98418e+00,3.73947e+01,6.74444e+00,8.11767e+01,3.78516e+00,1.59786e+00,4.45174e+00,1.78519e+01,6.62795e+00,4.89159e-01,7.34627e+00,6.57364e+00
1.44822e+00,5.33499e+01,2.45454e-01,8.02667e+01,3.92298e-01,1.28989e+00,1.06120e+01,5.63985e+01,4.99111e+00,3.71355e+01,6.49944e+00,8.21243e+01,3.75136e+00,1.58455e+00,4.24954e+00,1.82009e+01,6.62075e+00,4.81785e-01,7.08838e+00,6.58063e+00
1.44249e+00,5.45188e+01,2.45200e-01,8.05150e+01,3.91627e-01,1.29894e+00,1.02654e+01,5.64429e+01,5.00360e+00,3.68896e+01,6.21398e+00,8.30812e+01,3.72038e+00,1.57259e+00,4.05913e+00,1.84189e+01,6.60957e+00,4.75814e-01,6.84566e+00,6.58867e+00
1.43728e+00,5.56680e+01,2.44944e-01,8.07194e+01,3.90952e-01,1.29717e+00,9.98007e+00,5.61000e+01,5.01887e+00,3.66624e+01,5.90883e+00,8.40252e+01,3.69206e+00,1.56184e+00,3.88103e+00,1.84837e+01,6.59341e+00,4.70985e-01,6.61903e+00,6.59729e+00
1.43253e+00,5.68145e+01,2.44657e-01,8.08509e+01,3.90291e-01,1.28568e+00,9.74472e+00,5.54126e+01,5.03323e+00,3.64579e+01,5.59838e+00,8.49352e+01,3.66653e+00,1.55226e+00,3.71508e+00,1.84009e+01,6.57187e+00,4.67090e-01,6.40973e+00,6.60601e+00
1.42817e+00,5.79948e+01,2.44328e-01,8.09720e+01,3.89662e-01,1.26635e+00,9.54846e+00,5.44511e+01,5.04324e+00,3.62796e+01,5.29230e+00,8.57950e+01,3.64383e+00,1.54378e+00,3.56126e+00,1.81941e+01,6.54523e+00,4.64008e-01,6.21940e+00,6.61471e+00
1.42421e+00,5.92605e+01,2.43980e-01,8.11778e+01,3.89051e-01,1.24131e+00,9.38228e+00,5.32900e+01,5.04569e+00,3.61312e+01,4.99624e+00,8.65890e+01,3.62384e+00,1.53629e+00,3.41925e+00,1.78918e+01,6.51427e+00,4.61626e-01,6.04879e+00,6.62304e+00
1.42059e+00,6.06741e+01,2.43618e-01,8.15271e+01,3.88448e-01,1.21254e+00,9.24186e+00,5.20082e+01,5.03832e+00,3.60160e+01,4.71395e+00,8.73050e+01,3.60641e+00,1.52975e+00,3.28864e+00,1.75245e+01,6.48001e+00,4.59753e-01,5.89872e+00,6.63059e+00
1.41732e+00,6.22959e+01,2.43257e-01,8.20107e+01,3.87855e-01,1.18180e+00,9.12810e+00,5.06842e+01,5.02010e+00,3.59370e+01,4.44745e+00,8.79344e+01,3.59132e+00,1.52401e+00,3.16894e+00,1.71168e+01,6.44358e+00,4.58344e-01,5.76835e+00,6.63712e+00
1.41433e+00,6.41678e+01,2.42909e-01,8.25415e+01,3.87280e-01,1.15046e+00,9.04979e+00,4.93803e+01,4.99109e+00,3.58967e+01,4.19781e+00,8.84743e+01,3.57835e+00,1.51904e+00,3.05961e+00,1.66895e+01,6.40591e+00,4.57262e-01,5.65683e+00,6.64231e+00
1.41156e+00,6.62991e+01,2.42565e-01,8.29999e+01,3.86715e-01,1.11962e+00,9.02452e+00,4.81605e+01,4.95234e+00,3.58972e+01,3.96530e+00,8.89278e+01,3.56705e+00,1.51471e+00,2.95995e+00,1.62585e+01,6.36789e+00,4.56442e-01,5.56190e+00,6.64623e+00
1.40899e+00,6.86605e+01,2.42213e-01,8.32774e+01,3.86173e-01,1.09000e+00,9.08160e+00,4.70931e+01,4.90536e+00,3.59397e+01,3.74998e+00,8.92986e+01,3.55713e+00,1.51099e+00,2.86953e+00,1.58346e+01,6.33020e+00,4.55829e-01,5.48089e+00,6.64846e+00
1.40665e+00,7.11807e+01,2.41860e-01,8.32945e+01,3.85606e-01,1.06217e+00,9.26198e+00,4.62803e+01,4.85194e+00,3.60242e+01,3.55150e+00,8.95981e+01,3.54803e+00,1.50775e+00,2.78756e+00,1.54250e+01,6.29291e+00,4.55322e-01,5.41035e+00,6.64895e+00
1.40449e+00,7.37609e+01,2.41499e-01,8.30253e+01,3.85025e-01,1.03650e+00,9.61404e+00,4.58986e+01,4.79399e+00,3.61490e+01,3.36929e+00,8.98375e+01,3.53942e+00,1.50494e+00,2.71360e+00,1.50340e+01,6.25610e+00,4.54959e-01,5.34673e+00,6.64804e+00
1.40249e+00,7.62893e+01,2.41120e-01,8.24725e+01,3.84438e-01,1.01324e+00,1.01763e+01,4.62626e+01,4.73332e+00,3.63120e+01,3.20289e+00,9.00385e+01,3.53089e+00,1.50247e+00,2.64689e+00,1.46648e+01,6.21933e+00,4.54603e-01,5.28660e+00,6.64548e+00
1.40062e+00,7.86675e+01,2.40708e-01,8.16666e+01,3.83837e-01,9.92430e-01,1.09450e+01,4.79271e+01,4.67162e+00,3.65095e+01,3.05165e+00,9.02167e+01,3.52213e+00,1.50032e+00,2.58696e+00,1.43184e+01,6.18223e+00,4.54339e-01,5.22720e+00,6.64145e+00
1.39884e+00,8.08156e+01,2.40279e-01,8.06571e+01,3.83279e-01,9.74088e-01,1.18446e+01,5.18327e+01,4.61020e+00,3.67374e+01,2.91502e+00,9.03964e+01,3.51292e+00,1.49842e+00,2.53320e+00,1.39949e+01,6.14425e+00,4.54075e-01,5.16617e+00,6.63658e+00
1.39719e+00,8.26816e+01,2.39851e-01,7.95030e+01,3.82699e-01,9.58074e-01,1.27390e+01,5.95846e+01,4.55015e+00,3.69920e+01,2.79238e+00,9.05986e+01,3.50311e+00,1.49670e+00,2.48520e+00,1.36936e+01,6.10497e+00,4.53869e-01,5.10235e+00,6.63053e+00
1.39560e+00,8.42375e+01,2.39427e-01,7.82602e+01,3.82080e-01,9.44212e-01,1.34910e+01,7.37786e+01,4.49211e+00,3.72706e+01,2.68312e+00,9.08434e+01,3.49265e+00,1.49516e+00,2.44240e+00,1.34134e+01,6.06391e+00,4.53641e-01,5.03522e+00,6.62366e+00
1.39405e+00,8.54754e+01,2.39013e-01,7.69980e+01,3.81495e-01,9.32294e-01,1.40169e+01,9.72300e+01,4.43671e+00,3.75724e+01,2.58668e+00,9.11521e+01,3.48151e+00,1.49371e+00,2.40429e+00,1.31530e+01,6.02066e+00,4.53404e-01,4.96463e+00,6.61642e+00
1.39255e+00,8.64061e+01,2.38610e-01,7.57857e+01,3.80893e-01,9.21966e-01,1.42999e+01,1.29186e+02,4.38433e+00,3.78966e+01,2.50242e+00,9.15407e+01,3.46973e+00,1.49231e+00,2.37047e+00,1.29107e+01,5.97510e+00,4.53167e-01,4.89131e+00,6.60890e+00
1.39110e+00,8.70469e+01,2.38196e-01,7.47084e+01,3.80316e-01,9.12921e-01,1.43679e+01,1.62700e+02,4.33520e+00,3.82453e+01,2.42967e+00,9.20287e+01,3.45748e+00,1.49099e+00,2.34064e+00,1.26848e+01,5.92709e+00,4.52908e-01,4.81562e+00,6.60148e+00
1.38964e+00,8.74221e+01,2.37786e-01,7.38861e+01,3.79731e-01,9.04755e-01,1.42683e+01,1.89830e+02,4.28937e+00,3.86231e+01,2.36734e+00,9.26191e+01,3.44479e+00,1.48970e+00,2.31435e+00,1.24738e+01,5.87676e+00,4.52627e-01,4.73894e+00,6.59420e+00
1.38823e+00,8.75643e+01,2.37382e-01,7.35004e+01,3.79142e-01,8.97153e-01,1.40482e+01,2.07397e+02,4.24699e+00,3.90367e+01,2.31408e+00,9.33255e+01,3.43181e+00,1.48842e+00,2.29125e+00,1.22759e+01,5.82430e+00,4.52319e-01,4.66184e+00,6.58729e+00
1.38681e+00,8.75150e+01,2.36965e-01,7.38732e+01,3.78546e-01,8.89850e-01,1.37468e+01,2.16393e+02,4.20801e+00,3.94946e+01,2.26829e+00,9.41468e+01,3.41869e+00,1.48714e+00,2.27094e+00,1.20898e+01,5.77000e+00,4.51976e-01,4.58541e+00,6.58090e+00
1.38536e+00,8.73177e+01,2.36523e-01,7.56349e+01,3.77924e-01,8.82560e-01,1.33943e+01,2.19175e+02,4.17218e+00,4.00063e+01,2.22806e+00,9.50885e+01,3.40563e+00,1.48585e+00,2.25315e+00,1.19142e+01,5.71412e+00,4.51574e-01,4.51029e+00,6.57526e+00
1.38393e+00,8.70175e+01,2.36073e-01,8.02281e+01,3.77309e-01,8.75147e-01,1.30123e+01,2.17871e+02,4.13949e+00,4.05832e+01,2.19132e+00,9.61517e+01,3.39272e+00,1.48457e+00,2.23768e+00,1.17476e+01,5.65706e+00,4.51182e-01,4.43716e+00,6.57039e+00
1.38246e+00,8.66589e+01,2.35620e-01,9.09216e+01,3.76666e-01,8.67426e-01,1.26160e+01,2.14010e+02,4.10986e+00,4.12366e+01,2.15596e+00,9.73412e+01,3.38009e+00,1.48326e+00,2.22418e+00,1.15890e+01,5.59932e+00,4.50759e-01,4.36647e+00,6.56651e+00
1.38097e+00,8.62850e+01,2.35169e-01,1.12893e+02,3.76052e-01,8.59424e-01,1.22162e+01,2.08608e+02,4.08306e+00,4.19741e+01,2.12017e+00,9.86590e+01,3.36779e+00,1.48191e+00,2.21243e+00,1.14379e+01,5.54134e+00,4.50336e-01,4.29866e+00,6.56390e+00
1.37946e+00,8.59341e+01,2.34729e-01,1.47556e+02,3.75832e-01,8.51077e-01,1.18204e+01,2.02308e+02,4.05912e+00,4.27967e+01,2.08259e+00,1.00116e+02,3.35597e+00,1.48051e+00,2.20231e+00,1.12934e+01,5.48348e+00,4.49889e-01,4.23403e+00,6.56274e+00
1.37795e+00,8.56334e+01,2.34292e-01,1.85702e+02,3.76180e-01,8.42470e-01,1.14328e+01,1.95543e+02,4.03786e+00,4.36945e+01,2.04237e+00,1.01723e+02,3.34460e+00,1.48225e+00,2.19348e+00,1.11544e+01,5.42628e+00,4.49429e-01,4.17243e+00,6.56322e+00
1.37816e+00,8.53997e+01,2.33840e-01,2.15660e+02,3.77000e-01,8.33636e-01,1.10566e+01,1.88567e+02,4.01914e+00,4.46466e+01,1.99910e+00,1.03501e+02,3.33373e+00,1.48199e+00,2.18582e+00,1.10212e+01,5.37044e+00,4.48945e-01,4.11428e+00,6.56573e+00
1.37775e+00,8.52423e+01,2.33385e-01,2.33753e+02,3.78222e-01,8.24616e-01,1.06941e+01,1.81561e+02,4.00291e+00,4.56193e+01,1.95276e+00,1.05472e+02,3.32335e+00,1.48107e+00,2.17924e+00,1.08930e+01,5.31612e+00,4.48418e-01,4.06004e+00,6.57081e+00
1.37664e+00,8.51587e+01,2.32969e-01,2.42241e+02,3.79831e-01,8.15476e-01,1.03467e+01,1.74635e+02,3.98831e+00,4.65677e+01,1.90380e+00,1.07657e+02,3.31352e+00,1.48055e+00,2.17352e+00,1.07690e+01,5.26352e+00,4.47876e-01,4.01123e+00,6.57860e+00
1.37536e+00,8.51379e+01,2.32616e-01,2.44432e+02,3.82046e-01,8.06309e-01,1.00145e+01,1.67853e+02,3.97536e+00,4.74496e+01,1.85285e+00,1.10059e+02,3.30423e+00,1.47976e+00,2.16856e+00,1.06500e+01,5.21317e+00,4.47305e-01,3.96919e+00,6.59534e+00
1.37448e+00,8.51624e+01,2.32341e-01,2.42822e+02,3.85216e-01,7.97215e-01,9.69849e+00,1.61268e+02,3.96372e+00,4.82229e+01,1.80069e+00,1.12671e+02,3.29545e+00,1.47850e+00,2.16425e+00,1.05362e+01,5.16464e+00,4.46703e-01,3.93405e+00,6.61765e+00
1.37391e+00,8.52112e+01,2.32149e-01,2.39001e+02,3.89990e-01,7.88248e-01,9.39890e+00,1.54895e+02,3.95309e+00,4.88559e+01,1.74828e+00,1.15458e+02,3.28716e+00,1.47693e+00,2.16045e+00,1.04261e+01,5.11749e+00,4.46087e-01,3.90603e+00,6.64417e+00
1.37359e+00,8.52658e+01,2.31983e-01,2.33961e+02,3.97262e-01,7.79462e-01,9.11554e+00,1.48761e+02,3.94340e+00,4.93299e+01,1.69660e+00,1.18360e+02,3.27936e+00,1.47539e+00,2.15715e+00,1.03195e+01,5.07174e+00,4.45449e-01,3.88538e+00,6.67492e+00
1.37357e+00,8.53108e+01,2.31787e-01,2.28283e+02,4.07874e-01,7.70875e-01,8.84813e+00,1.42866e+02,3.93456e+00,4.96391e+01,1.64647e+00,1.21300e+02,3.27200e+00,1.47425e+00,2.15429e+00,1.02175e+01,5.02787e+00,4.44817e-01,3.87149e+00,6.70902e+00
1.37397e+00,8.53372e+01,2.31510e-01,2.22322e+02,4.21745e-01,7.62579e-01,8.59670e+00,1.37220e+02,3.92625e+00,4.97882e+01,1.59825e+00,1.24189e+02,3.26511e+00,1.47362e+00,2.15187e+00,1.01195e+01,4.98653e+00,4.44169e-01,3.86315e+00,6.74447e+00
1.37505e+00,8.53423e+01,2.31149e-01,2.16296e+02,4.37405e-01,7.54561e-01,8.36073e+00,1.31811e+02,3.91841e+00,4.97926e+01,1.55209e+00,1.26948e+02,3.25863e+00,1.47342e+00,2.15002e+00,1.00254e+01,4.94810e+00,4.43503e-01,3.85879e+00,6.78094e+00
1.37712e+00,8.53299e+01,2.30686e-01,2.10318e+02,4.52471e-01,7.46875e-01,8.14015e+00,1.26649e+02,3.91106e+00,4.96696e+01,1.50793e+00,1.29510e+02,3.25260e+00,1.47335e+00,2.14925e+00,9.93600e+00,4.91282e+00,4.42823e-01,3.85757e+00,6.81910e+00
1.38047e+00,8.53060e+01,2.30153e-01,2.04444e+02,4.64426e-01,7.39501e-01,7.93540e+00,1.21720e+02,3.90406e+00,4.94401e+01,1.46576e+00,1.31834e+02,3.24702e+00,1.47326e+00,2.15013e+00,9.85083e+00,4.88060e+00,4.42109e-01,3.85859e+00,6.85904e+00
1.38533e+00,8.52805e+01,2.29570e-01,1.98699e+02,4.71781e-01,7.32523e-01,7.74633e+00,1.17017e+02,3.89747e+00,4.91245e+01,1.42547e+00,1.33898e+02,3.24189e+00,1.47301e+00,2.15341e+00,9.77031e+00,4.85194e+00,4.41375e-01,3.86125e+00,6.89931e+00
1.39167e+00,8.52637e+01,2.28941e-01,1.93083e+02,4.74288e-01,7.25819e-01,7.57327e+00,1.12541e+02,3.89120e+00,4.87406e+01,1.38707e+00,1.35697e+02,3.23725e+00,1.47256e+00,2.15958e+00,9.69502e+00,4.82839e+00,4.40626e-01,3.86657e+00,6.93936e+00
1.39939e+00,8.52638e+01,2.28320e-01,1.87586e+02,4.72595e-01,7.19529e-01,7.41590e+00,1.08276e+02,3.88521e+00,4.83039e+01,1.35083e+00,1.37248e+02,3.23318e+00,1.47193e+00,2.16852e+00,9.62479e+00,4.81293e+00,4.39868e-01,3.87488e+00,6.97809e+00
1.40801e+00,8.52885e+01,2.27687e-01,1.82209e+02,4.67819e-01,7.13573e-01,7.27383e+00,1.04218e+02,3.87945e+00,4.78263e+01,1.31705e+00,1.38565e+02,3.22977e+00,1.47112e+00,2.17963e+00,9.56075e+00,4.80935e+00,4.39093e-01,3.88724e+00,7.01461e+00
1.41701e+00,8.53408e+01,2.27079e-01,1.76939e+02,4.61004e-01,7.07936e-01,7.14591e+00,1.00358e+02,3.87390e+00,4.73170e+01,1.28614e+00,1.39674e+02,3.22720e+00,1.47004e+00,2.19183e+00,9.50351e+00,4.82048e+00,4.38318e-01,3.90498e+00,7.04833e+00
1.42571e+00,8.54210e+01,2.26505e-01,1.71783e+02,4.52994e-01,7.02681e-01,7.03027e+00,9.66893e+01,3.86851e+00,4.67824e+01,1.25883e+00,1.40596e+02,3.22568e+00,1.46866e+00,2.20398e+00,9.45289e+00,4.84542e+00,4.37537e-01,3.92931e+00,7.07867e+00
1.43348e+00,8.55250e+01,2.25966e-01,1.66740e+02,4.44472e-01,6.97719e-01,6.92481e+00,9.32081e+01,3.86325e+00,4.62275e+01,1.23569e+00,1.41353e+02,3.22546e+00,1.46691e+00,2.21506e+00,9.40935e+00,4.87888e+00,4.36735e-01,3.96133e+00,7.10511e+00
1.43980e+00,8.56436e+01,2.25433e-01,1.61817e+02,4.35905e-01,6.93078e-01,6.82717e+00,8.98988e+01,3.85802e+00,4.56558e+01,1.21700e+00,1.41964e+02,3.22675e+00,1.46477e+00,2.22448e+00,9.37210e+00,4.91313e+00,4.35931e-01,4.00141e+00,7.12735e+00
1.44417e+00,8.57637e+01,2.24905e-01,1.57026e+02,4.27553e-01,6.88750e-01,6.73571e+00,8.67610e+01,3.85283e+00,4.50696e+01,1.20276e+00,1.42441e+02,3.22987e+00,1.46226e+00,2.23188e+00,9.34157e+00,4.94202e+00,4.35123e-01,4.04872e+00,7.14461e+00
1.44649e+00,8.58695e+01,2.24388e-01,1.52373e+02,4.19562e-01,6.84750e-01,6.64949e+00,8.37843e+01,3.84772e+00,4.44719e+01,1.19223e+00,1.42800e+02,3.23502e+00,1.45942e+00,2.23695e+00,9.31696e+00,4.96282e+00,4.34310e-01,4.10018e+00,7.15668e+00
1.44674e+00,8.59436e+01,2.23897e-01,1.47874e+02,4.12026e-01,6.80972e-01,6.56788e+00,8.09640e+01,3.84260e+00,4.38638e+01,1.18409e+00,1.43047e+02,3.24229e+00,1.45633e+00,2.23964e+00,9.30009e+00,4.97661e+00,4.33503e-01,4.15108e+00,7.16324e+00
1.44511e+00,8.59684e+01,2.23409e-01,1.43530e+02,4.05069e-01,6.77506e-01,6.49084e+00,7.82900e+01,3.83747e+00,4.32482e+01,1.17685e+00,1.43196e+02,3.25167e+00,1.45307e+00,2.24960e+00,9.29196e+00,4.98672e+00,4.32708e-01,4.19528e+00,7.16450e+00
1.44187e+00,8.59285e+01,2.22924e-01,1.39356e+02,3.98697e-01,6.74257e-01,6.41826e+00,7.57546e+01,3.83233e+00,4.26272e+01,1.16912e+00,1.43253e+02,3.26294e+00,1.44971e+00,2.25230e+00,9.30050e+00,4.99693e+00,4.31929e-01,4.22808e+00,7.16026e+00
1.43740e+00,8.58120e+01,2.22433e-01,1.35349e+02,3.92922e-01,6.71259e-01,6.35001e+00,7.33521e+01,3.82711e+00,4.20040e+01,1.15987e+00,1.43226e+02,3.27587e+00,1.44634e+00,2.25315e+00,9.34661e+00,5.00989e+00,4.31179e-01,4.24664e+00,7.15148e+00
1.43209e+00,8.56132e+01,2.21958e-01,1.31518e+02,3.87746e-01,6.68501e-01,6.28606e+00,7.10738e+01,3.82181e+00,4.13818e+01,1.14859e+00,1.43120e+02,3.28994e+00,1.44299e+00,2.25868e+00,9.48872e+00,5.02663e+00,4.30450e-01,4.25084e+00,7.13799e+00
1.42634e+00,8.53368e+01,2.21508e-01,1.27865e+02,3.83130e-01,6.65895e-01,6.22641e+00,6.89154e+01,3.81645e+00,4.07638e+01,1.13523e+00,1.42947e+02,3.30451e+00,1.43969e+00,2.27275e+00,9.75776e+00,5.04669e+00,4.29747e-01,4.24272e+00,7.12083e+00
1.42044e+00,8.50050e+01,2.21068e-01,1.24386e+02,3.79067e-01,6.63553e-01,6.17147e+00,6.68711e+01,3.81095e+00,4.01531e+01,1.12012e+00,1.42706e+02,3.31891e+00,1.43644e+00,2.30038e+00,1.00274e+01,5.06828e+00,4.29059e-01,4.22538e+00,7.10002e+00
1.41468e+00,8.46717e+01,2.20629e-01,1.21080e+02,3.75471e-01,6.61369e-01,6.12177e+00,6.49308e+01,3.80534e+00,3.95517e+01,1.10387e+00,1.42407e+02,3.33256e+00,1.43325e+00,2.34662e+00,1.01555e+01,5.08904e+00,4.28377e-01,4.20241e+00,7.07657e+00
1.40933e+00,8.44415e+01,2.20183e-01,1.17942e+02,3.72334e-01,6.59397e-01,6.07811e+00,6.30957e+01,3.79964e+00,3.89624e+01,1.08702e+00,1.42053e+02,3.34487e+00,1.43011e+00,2.41385e+00,1.01437e+01,5.10664e+00,4.27701e-01,4.17674e+00,7.05083e+00
1.40448e+00,8.45208e+01,2.19729e-01,1.14964e+02,3.69616e-01,6.57655e-01,6.04108e+00,6.13577e+01,3.79384e+00,3.83872e+01,1.07007e+00,1.41651e+02,3.35525e+00,1.42696e+00,2.49892e+00,1.00698e+01,5.11899e+00,4.27006e-01,4.15100e+00,7.02262e+00
1.40020e+00,8.53132e+01,2.19302e-01,1.12142e+02,3.67224e-01,6.56132e-01,6.01051e+00,5.97102e+01,3.78796e+00,3.78275e+01,1.05360e+00,1.41204e+02,3.36331e+00,1.42381e+00,2.59291e+00,9.99982e+00,5.12448e+00,4.26266e-01,4.12746e+00,6.99275e+00
1.39655e+00,8.75722e+01,2.18869e-01,1.09462e+02,3.65150e-01,6.55036e-01,5.98569e+00,5.81495e+01,3.78198e+00,3.72861e+01,1.03781e+00,1.40723e+02,3.36885e+00,1.42066e+00,2.68344e+00,9.96858e+00,5.12230e+00,4.25496e-01,4.10694e+00,6.96146e+00
1.39345e+00,9.25923e+01,2.18423e-01,1.06920e+02,3.63341e-01,6.54667e-01,5.96573e+00,5.66698e+01,3.77588e+00,3.67629e+01,1.02304e+00,1.40211e+02,3.37171e+00,1.41752e+00,2.75890e+00,9.98387e+00,5.11217e+00,4.24689e-01,4.09028e+00,6.92854e+00
1.39087e+00,1.02218e+02,2.17976e-01,1.04499e+02,3.61745e-01,6.55944e-01,5.94975e+00,5.52646e+01,3.76969e+00,3.62583e+01,1.00945e+00,1.39679e+02,3.37194e+00,1.41439e+00,2.81196e+00,1.00330e+01,5.09449e+00,4.23838e-01,4.07775e+00,6.89468e+00
1.38868e+00,1.18051e+02,2.17534e-01,1.02195e+02,3.60336e-01,6.60416e-01,5.93801e+00,5.39287e+01,3.76339e+00,3.57734e+01,9.97300e-01,1.39132e+02,3.36964e+00,1.41130e+00,2.84074e+00,1.00930e+01,5.07023e+00,4.22930e-01,4.06911e+00,6.85971e+00
1.38673e+00,1.39618e+02,2.17097e-01,9.99916e+01,3.59066e-01,6.69629e-01,5.93254e+00,5.26596e+01,3.75701e+00,3.53083e+01,9.86947e-01,1.38576e+02,3.36506e+00,1.40822e+00,2.84770e+00,1.01439e+01,5.04059e+00,4.21966e-01,4.06367e+00,6.82367e+00
1.38487e+00,1.63376e+02,2.16669e-01,9.78875e+01,3.57961e-01,6.83565e-01,5.93761e+00,5.14547e+01,3.75054e+00,3.48630e+01,9.78865e-01,1.38019e+02,3.35856e+00,1.40514e+00,2.83784e+00,1.01764e+01,5.00681e+00,4.20977e-01,4.06061e+00,6.78704e+00
1.38295e+00,1.84753e+02,2.16243e-01,9.58659e+01,3.56941e-01,6.99500e-01,5.96018e+00,5.03079e+01,3.74398e+00,3.44366e+01,9.73679e-01,1.37464e+02,3.35042e+00,1.40210e+00,2.81650e+00,1.01912e+01,4.97024e+00,4.19981e-01,4.05859e+00,6.74994e+00
1.38087e+00,2.00951e+02,2.15817e-01,9.39266e+01,3.56049e-01,7.13438e-01,6.01123e+00,4.92217e+01,3.73736e+00,3.40290e+01,9.72104e-01,1.36912e+02,3.34101e+00,1.39913e+00,2.78825e+00,1.01934e+01,4.93193e+00,4.18988e-01,4.05686e+00,6.71248e+00
1.37846e+00,2.11515e+02,2.15383e-01,9.20585e+01,3.55230e-01,7.22520e-01,6.10703e+00,4.81962e+01,3.73066e+00,3.36392e+01,9.74608e-01,1.36363e+02,3.33060e+00,1.39619e+00,2.75653e+00,1.01885e+01,4.89296e+00,4.17974e-01,4.05404e+00,6.67489e+00
1.37565e+00,2.17319e+02,2.14968e-01,9.02626e+01,3.54435e-01,7.25810e-01,6.26890e+00,4.72349e+01,3.72389e+00,3.32668e+01,9.81304e-01,1.35814e+02,3.31940e+00,1.39329e+00,2.72375e+00,1.01802e+01,4.85416e+00,4.16938e-01,4.04933e+00,6.63736e+00
1.37237e+00,2.19591e+02,2.14541e-01,8.85273e+01,3.53675e-01,7.24100e-01,6.51765e+00,4.63360e+01,3.71706e+00,3.29113e+01,9.91972e-01,1.35261e+02,3.30766e+00,1.39043e+00,2.69155e+00,1.01711e+01,4.81618e+00,4.15918e-01,4.04179e+00,6.60017e+00
1.36866e+00,2.19415e+02,2.14101e-01,8.68554e+01,3.52958e-01,7.18898e-01,6.86001e+00,4.55026e+01,3.71016e+00,3.25715e+01,1.00606e+00,1.34699e+02,3.29558e+00,1.38762e+00,2.66103e+00,1.01624e+01,4.77940e+00,4.14919e-01,4.03109e+00,6.56351e+00
1.36449e+00,2.17615e+02,2.13667e-01,8.52397e+01,3.52269e-01,7.11646e-01,7.27105e+00,4.47351e+01,3.70323e+00,3.22459e+01,1.02287e+00,1.34123e+02,3.28333e+00,1.38485e+00,2.63257e+00,1.01554e+01,4.74416e+00,4.13928e-01,4.01694e+00,6.52753e+00
1.35986e+00,2.14768e+02,2.13234e-01,8.36795e+01,3.51618e-01,7.03486e-01,7.68995e+00,4.40241e+01,3.69622e+00,3.19341e+01,1.04167e+00,1.33526e+02,3.27088e+00,1.38211e+00,2.60601e+00,1.01538e+01,4.71073e+00,4.12937e-01,3.99932e+00,6.49241e+00
1.35484e+00,2.11269e+02,2.12805e-01,8.21766e+01,3.50954e-01,6.95173e-01,8.04326e+00,4.33651e+01,3.68922e+00,3.16362e+01,1.06195e+00,1.32913e+02,3.25834e+00,1.37940e+00,2.58061e+00,1.01639e+01,4.67920e+00,4.11950e-01,3.97830e+00,6.45832e+00
1.34957e+00,2.07387e+02,2.12385e-01,8.07286e+01,3.52280e-01,6.90455e-01,8.27961e+00,4.27515e+01,3.68218e+00,3.13905e+01,1.08420e+00,1.32324e+02,3.24572e+00,1.37669e+00,2.59741e+00,1.01951e+01,4.64956e+00,4.10978e-01,3.95458e+00,6.42532e+00
1.34411e+00,2.03313e+02,2.14552e-01,7.93436e+01,3.58568e-01,6.87869e-01,8.39869e+00,4.21996e+01,3.67793e+00,3.12651e+01,1.28064e+00,1.32022e+02,3.23309e+00,1.37487e+00,2.66831e+00,1.02589e+01,4.62343e+00,4.13204e-01,4.26637e+00,6.39339e+00
1.33943e+00,1.99421e+02,2.20646e-01,7.80340e+01,3.72971e-01,9.09987e-01,8.69097e+00,4.17873e+01,3.67479e+00,3.16231e+01,2.33767e+00,1.32327e+02,3.22040e+00,1.37292e+00,3.45210e+00,1.03632e+01,4.60085e+00,4.14583e-01,6.57469e+00,6.36274e+00
1.33453e+00,1.95445e+02,2.28072e-01,7.68207e+01,3.98183e-01,1.56581e+00,1.04718e+01,4.16807e+01,3.67215e+00,3.33064e+01,3.72628e+00,1.33616e+02,3.20845e+00,1.37089e+00,5.81828e+00,1.05059e+01,4.57976e+00,4.15844e-01,1.13577e+01,6.33361e+00
1.32953e+00,1.91193e+02,2.35817e-01,7.57203e+01,4.35285e-01,2.69140e+00,1.30429e+01,4.18115e+01,3.67018e+00,3.69990e+01,4.50465e+00,1.36003e+02,3.19613e+00,1.36913e+00,8.83946e+00,1.06725e+01,4.56007e+00,4.18538e-01,1.93961e+01,6.30561e+00
1.32446e+00,1.87040e+02,2.41801e-01,7.47539e+01,4.71292e-01,3.68551e+00,1.60811e+01,4.18539e+01,3.66854e+00,4.21470e+01,4.98423e+00,1.40014e+02,3.18389e+00,1.36770e+00,1.22393e+01,1.08404e+01,4.54161e+00,4.22353e-01,3.39356e+01,6.27868e+00
1.31968e+00,1.83080e+02,2.46261e-01,7.39647e+01,5.00094e-01,4.59844e+00,2.09876e+01,4.17814e+01,3.66661e+00,4.85224e+01,5.19394e+00,1.46706e+02,3.17270e+00,1.36670e+00,1.47104e+01,1.09891e+01,4.52468e+00,4.26433e-01,4.29362e+01,6.25314e+00
1.31543e+00,1.79319e+02,2.49662e-01,7.33861e+01,5.25295e-01,7.38866e+00,2.67658e+01,4.16927e+01,3.66485e+00,5.66732e+01,4.98840e+00,1.57251e+02,3.16096e+00,1.36602e+00,1.53311e+01,1.11057e+01,4.50883e+00,4.30249e-01,4.08020e+01,6.22867e+00
1.31182e+00,1.75731e+02,2.53172e-01,7.30249e+01,5.44948e-01,1.36025e+01,3.03477e+01,4.15721e+01,3.66365e+00,6.63412e+01,4.55915e+00,1.72312e+02,3.14931e+00,1.36559e+00,1.49076e+01,1.11862e+01,4.49352e+00,4.33849e-01,3.43114e+01,6.20510e+00
1.30875e+00,1.72278e+02,2.55503e-01,7.29066e+01,5.55193e-01,1.75669e+01,3.17930e+01,4.14185e+01,3.66315e+00,7.64456e+01,4.11850e+00,1.91646e+02,3.13788e+00,1.36555e+00,1.42483e+01,1.12325e+01,4.47871e+00,4.37286e-01,2.80121e+01,6.18275e+00
1.30610e+00,1.68925e+02,2.56498e-01,7.31711e+01,5.55923e-01,1.70600e+01,3.18248e+01,4.12895e+01,3.66342e+00,8.68429e+01,3.76884e+00,2.14074e+02,3.12661e+00,1.36600e+00,1.35852e+01,1.12501e+01,4.46488e+00,4.40464e-01,2.33259e+01,6.16138e+00
1.30380e+00,1.65659e+02,2.56047e-01,7.41920e+01,5.50829e-01,1.45401e+01,3.47316e+01,4.13051e+01,3.66421e+00,9.94886e+01,3.53517e+00,2.37538e+02,3.11550e+00,1.36686e+00,1.31239e+01,1.12464e+01,4.45233e+00,4.43030e-01,2.03153e+01,6.14059e+00
1.30178e+00,1.62487e+02,2.54429e-01,7.64138e+01,5.43746e-01,1.17862e+01,6.59913e+01,4.16936e+01,3.66551e+00,1.15387e+02,3.40719e+00,2.59483e+02,3.10473e+00,1.36793e+00,1.33395e+01,1.12268e+01,4.44120e+00,4.44675e-01,1.85238e+01,6.12036e+00
1.30009e+00,1.59394e+02,2.52298e-01,7.99376e+01,5.37009e-01,9.43545e+00,1.48267e+02,4.27467e+01,3.66722e+00,1.29730e+02,3.38503e+00,2.77851e+02,3.09447e+00,1.36902e+00,1.47390e+01,1.11958e+01,4.43160e+00,4.45218e-01,1.74417e+01,6.10057e+00
1.29875e+00,1.56330e+02,2.50191e-01,8.43806e+01,5.31319e-01,7.59987e+00,2.03688e+02,4.46052e+01,3.66925e+00,1.36060e+02,3.51863e+00,2.92064e+02,3.08471e+00,1.37004e+00,1.72829e+01,1.11562e+01,4.42332e+00,4.44618e-01,1.67228e+01,6.08109e+00
1.29780e+00,1.53243e+02,2.48612e-01,8.90570e+01,5.26277e-01,6.22406e+00,2.24045e+02,4.70713e+01,3.67115e+00,1.33250e+02,3.90490e+00,3.03081e+02,3.07539e+00,1.37096e+00,2.03220e+01,1.11106e+01,4.41601e+00,4.43068e-01,1.61061e+01,6.06205e+00
1.29719e+00,1.50108e+02,2.47850e-01,9.31270e+01,5.21068e-01,5.22545e+00,2.27054e+02,4.97162e+01,3.67262e+00,1.24419e+02,4.59320e+00,3.12532e+02,3.06659e+00,1.37185e+00,2.39433e+01,1.10605e+01,4.40934e+00,4.40823e-01,1.53816e+01,6.04326e+00
1.29686e+00,1.46930e+02,2.47908e-01,9.63015e+01,5.15059e-01,4.54072e+00,2.20530e+02,5.21631e+01,3.67343e+00,1.13064e+02,5.44522e+00,3.21691e+02,3.05822e+00,1.37284e+00,3.08731e+01,1.10064e+01,4.40324e+00,4.38209e-01,1.44665e+01,6.02481e+00
1.29669e+00,1.43745e+02,2.48562e-01,1.03035e+02,5.07879e-01,4.13439e+00,2.08926e+02,5.42760e+01,3.67338e+00,1.01457e+02,6.19482e+00,3.30940e+02,3.05030e+00,1.37399e+00,4.37772e+01,1.09500e+01,4.39778e+00,4.35664e-01,1.34105e+01,6.00658e+00
1.29652e+00,1.40594e+02,2.49330e-01,1.33947e+02,4.99562e-01,3.98344e+00,1.95207e+02,5.61980e+01,3.67232e+00,9.07164e+01,6.68758e+00,3.39867e+02,3.04272e+00,1.37528e+00,5.68313e+01,1.08916e+01,4.39305e+00,4.33496e-01,1.23164e+01,5.98877e+00
1.29625e+00,1.37510e+02,2.49702e-01,1.99948e+02,4.90309e-01,4.04398e+00,1.80805e+02,5.82527e+01,3.67026e+00,8.12561e+01,6.96774e+00,3.47825e+02,3.03550e+00,1.37665e+00,6.24716e+01,1.08328e+01,4.38894e+00,4.32118e-01,1.12715e+01,5.97129e+00
1.29577e+00,1.34515e+02,2.49424e-01,2.55474e+02,4.80429e-01,4.22767e+00,1.66206e+02,6.06955e+01,3.66730e+00,7.31337e+01,7.18294e+00,3.54386e+02,3.02857e+00,1.37797e+00,6.10498e+01,1.07739e+01,4.38533e+00,4.31702e-01,1.03245e+01,5.95408e+00
1.29501e+00,1.31625e+02,2.48331e-01,2.77876e+02,4.70176e-01,4.42299e+00,1.51674e+02,6.34865e+01,3.66365e+00,6.62573e+01,7.54373e+00,3.59451e+02,3.02191e+00,1.37919e+00,5.61216e+01,1.07156e+01,4.38196e+00,4.32515e-01,9.49500e+00,5.93732e+00
1.29399e+00,1.28846e+02,2.46364e-01,2.80054e+02,4.59895e-01,4.54340e+00,1.37556e+02,6.62502e+01,3.65931e+00,6.04704e+01,8.66276e+00,3.63056e+02,3.01551e+00,1.38020e+00,5.02106e+01,1.06583e+01,4.37864e+00,4.34656e-01,8.78225e+00,5.92084e+00
1.29267e+00,1.26178e+02,2.43768e-01,2.73702e+02,4.49728e-01,4.55369e+00,1.24216e+02,6.85189e+01,3.65458e+00,5.56185e+01,1.28030e+01,3.65110e+02,3.00937e+00,1.38096e+00,4.45003e+01,1.06024e+01,4.37528e+00,4.38073e-01,8.17677e+00,5.90472e+00
1.29107e+00,1.23619e+02,2.40684e-01,2.64153e+02,4.39875e-01,4.46025e+00,1.11955e+02,7.00543e+01,3.64951e+00,5.15526e+01,2.37483e+01,3.65311e+02,3.00343e+00,1.38135e+00,3.94251e+01,1.05482e+01,4.37163e+00,4.42643e-01,7.66473e+00,5.88911e+00
1.28924e+00,1.21167e+02,2.37338e-01,2.53543e+02,4.30469e-01,4.28884e+00,1.00963e+02,7.10669e+01,3.64434e+00,4.81486e+01,3.88953e+01,3.63284e+02,2.99772e+00,1.38134e+00,3.50820e+01,1.04957e+01,4.36758e+00,4.48071e-01,7.23321e+00,5.87395e+00
1.28716e+00,1.18815e+02,2.33909e-01,2.42690e+02,4.21597e-01,4.06827e+00,9.13367e+01,7.24192e+01,3.63894e+00,4.52975e+01,5.05010e+01,3.58796e+02,2.99214e+00,1.38087e+00,3.14239e+01,1.04451e+01,4.36306e+00,4.53920e-01,6.86927e+00,5.85918e+00
